code,measured,wl_in_m,wl_out_m,wl_out2_m,gate1,gate2,gate3,status,max_in_today_m
WL.AJP.01,2026-10-10 00:00,-1.19,,,,,,backfill,
WL.ANX.01,2026-10-10 00:00,0.01,,,,,,backfill,
WL.BAM.01,2026-10-10 00:00,0.09,,,,,,backfill,
WL.BBN.01,2026-10-10 00:00,,,,,,,backfill,
WL.BBN.02,2026-10-10 00:00,0.39,,,,,,backfill,
WL.BBN.03,2026-10-10 00:00,0.56,,,,,,backfill,
WL.BBR.01,2026-10-10 00:00,0.04,,,,,,backfill,
WL.BBR.02,2026-10-10 00:00,0.02,,,,,,backfill,
WL.BBU.01,2026-10-10 00:00,0.45,,,,,,backfill,
WL.BCN.01,2026-10-10 00:00,0.46,,,,,,backfill,
WL.BCN.02,2026-10-10 00:00,0.46,,,,,,backfill,
WL.BCN.03,2026-10-10 00:00,0.53,,,,,,backfill,
WL.BJK.01,2026-10-10 00:00,-1.57,0.12,,,,,backfill,
WL.BJK.02,2026-10-10 00:00,0.50,,,,,,backfill,
WL.BJK.03,2026-10-10 00:00,0.45,,,,,,backfill,
WL.BJK.04,2026-10-10 00:00,0.52,,,,,,backfill,
WL.BKA.01,2026-10-10 00:00,-1.19,1.54,,,,,backfill,
WL.BKA.02,2026-10-10 00:00,-0.79,,,,,,backfill,
WL.BKA.03,2026-10-10 00:00,-0.37,,,,,,backfill,
WL.BKA.04,2026-10-10 00:00,0.08,,,,,,backfill,
WL.BKB.01,2026-10-10 00:00,-0.39,,,,,,backfill,
WL.BKG.01,2026-10-10 00:00,0.67,-2.00,,,,,backfill,
WL.BKT.01,2026-10-10 00:00,-0.80,,,,,,backfill,
WL.BKY.01,2026-10-10 00:00,0.33,1.04,,,,,backfill,
WL.BKY.02,2026-10-10 00:00,0.39,,,,,,backfill,
WL.BLP.02,2026-10-10 00:00,-0.73,,,,,,backfill,
WL.BLY.01,2026-10-10 00:00,-0.51,,,,,,backfill,
WL.BLY.02,2026-10-10 00:00,-0.59,,,,,,backfill,
WL.BMA.02,2026-10-10 00:00,-0.11,,,,,,backfill,
WL.BMK.01,2026-10-10 00:00,-1.37,,,,,,backfill,
WL.BNA.01,2026-10-10 00:00,-1.71,0.02,,,,,backfill,
WL.BNA.02,2026-10-10 00:00,,,,,,,backfill,
WL.BNA.03,2026-10-10 00:00,-0.65,,,,,,backfill,
WL.BNA.04,2026-10-10 00:00,-0.55,,,,,,backfill,
WL.BNJ.01,2026-10-10 00:00,,,,,,,backfill,
WL.BNJ.02,2026-10-10 00:00,-1.56,,,,,,backfill,
WL.BNJ.03,2026-10-10 00:00,,,,,,,backfill,
WL.BNJ.04,2026-10-10 00:00,-1.52,,,,,,backfill,
WL.BNS.01,2026-10-10 00:00,0.39,,,,,,backfill,
WL.BOA.01,2026-10-10 00:00,-1.50,0.16,,,,,backfill,
WL.BOA.02,2026-10-10 00:00,-1.55,,,,,,backfill,
WL.BOA.03,2026-10-10 00:00,-1.49,,,,,,backfill,
WL.BON.01,2026-10-10 00:00,-1.52,,,,,,backfill,
WL.BPA.01,2026-10-10 00:00,-0.62,,,,,,backfill,
WL.BPK.01,2026-10-10 00:00,0.12,,,,,,backfill,
WL.BPM.01,2026-10-10 00:00,0.29,,,,,,backfill,
WL.BPM.02,2026-10-10 00:00,0.41,,,,,,backfill,
WL.BPM.03,2026-10-10 00:00,0.56,,,,,,backfill,
WL.BPM.04,2026-10-10 00:00,0.47,,,,,,backfill,
WL.BPN.02,2026-10-10 00:00,0.41,,,,,,backfill,
WL.BPU.01,2026-10-10 00:00,-0.28,,,,,,backfill,
WL.BSK.01,2026-10-10 00:00,-0.23,0.63,,,,,backfill,
WL.BSU.01,2026-10-10 00:00,-1.13,1.46,,,,,backfill,
WL.BSU.02,2026-10-10 00:00,-0.88,,,,,,backfill,
WL.BSU.03,2026-10-10 00:00,-1.17,,,,,,backfill,
WL.BSU.04,2026-10-10 00:00,-1.10,,,,,,backfill,
WL.BSU.05,2026-10-10 00:00,-1.06,,,,,,backfill,
WL.BSU.06,2026-10-10 00:00,-0.75,,,,,,backfill,
WL.BSU.07,2026-10-10 00:00,-0.47,,,,,,backfill,
WL.BTL.01,2026-10-10 00:00,-0.64,,,,,,backfill,
WL.BTY.01,2026-10-10 00:00,0.26,,,,,,backfill,
WL.BWK.01,2026-10-10 00:00,0.36,,,,,,backfill,
WL.BWK.02,2026-10-10 00:00,0.58,,,,,,backfill,
WL.BWK.03,2026-10-10 00:00,0.55,,,,,,backfill,
WL.BYI.01,2026-10-10 00:00,1.00,,,,,,backfill,
WL.BYK.01,2026-10-10 00:00,,,,,,,backfill,
WL.BYK.02,2026-10-10 00:00,0.15,,,,,,backfill,
WL.CKS.01,2026-10-10 00:00,-1.22,,,,,,backfill,
WL.CKS.02,2026-10-10 00:00,-0.93,,,,,,backfill,
WL.CKS.03,2026-10-10 00:00,-1.04,,,,,,backfill,
WL.CNS.01,2026-10-10 00:00,-1.17,0.23,,,,,backfill,
WL.CPA.01,2026-10-10 00:00,0.28,1.21,,,,,backfill,
WL.CPA.02,2026-10-10 00:00,0.33,,,,,,backfill,
WL.CYI.01,2026-10-10 00:00,-0.56,,,,,,backfill,
WL.CYI.02,2026-10-10 00:00,-0.54,,,,,,backfill,
WL.CYI.03,2026-10-10 00:00,-0.48,,,,,,backfill,
WL.DKN.01,2026-10-10 00:00,0.30,0.55,,,,,backfill,
WL.FTM.01,2026-10-10 00:00,-1.03,,,,,,backfill,
WL.HKG.01,2026-10-10 00:00,-0.71,,,,,,backfill,
WL.HKG.02,2026-10-10 00:00,-0.65,,,,,,backfill,
WL.HMK.01,2026-10-10 00:00,-0.15,,,,,,backfill,
WL.HMK.02,2026-10-10 00:00,-0.34,,,,,,backfill,
WL.HMK.03,2026-10-10 00:00,-0.11,,,,,,backfill,
WL.JKK.01,2026-10-10 00:00,,,,,,,backfill,
WL.JRN.01,2026-10-10 00:00,0.26,0.43,,,,,backfill,
WL.KBU.01,2026-10-10 00:00,0.34,1.25,,,,,backfill,
WL.KBU.02,2026-10-10 00:00,0.40,,,,,,backfill,
WL.KCD.01,2026-10-10 00:00,-1.00,,,,,,backfill,
WL.KDN.01,2026-10-10 00:00,-0.65,0.25,,,,,backfill,
WL.KJA.01,2026-10-10 00:00,-0.79,,,,,,backfill,
WL.KJA.02,2026-10-10 00:00,-0.35,,,,,,backfill,
WL.KJG.01,2026-10-10 00:00,-0.50,,,,,,backfill,
WL.KJK.01,2026-10-10 00:00,-1.22,0.12,,,,,backfill,
WL.KJK.02,2026-10-10 00:00,-1.17,,,,,,backfill,
WL.KJN.01,2026-10-10 00:00,,,,,,,backfill,
WL.KJN.02,2026-10-10 00:00,-0.11,,,,,,backfill,
WL.KJT.01,2026-10-10 00:00,-1.11,,,,,,backfill,
WL.KJU.01,2026-10-10 00:00,-0.52,,,,,,backfill,
WL.KKD.01,2026-10-10 00:00,-0.52,,,,,,backfill,
WL.KKD.02,2026-10-10 00:00,-0.64,,,,,,backfill,
WL.KKD.03,2026-10-10 00:00,-0.82,,,,,,backfill,
WL.KKD.04,2026-10-10 00:00,-0.61,,,,,,backfill,
WL.KKO.01,2026-10-10 00:00,1.62,,,,,,backfill,
WL.KKS.01,2026-10-10 00:00,-0.72,1.21,,,,,backfill,
WL.KKS.02,2026-10-10 00:00,-0.69,,,,,,backfill,
WL.KKS.03,2026-10-10 00:00,-0.85,,,,,,backfill,
WL.KKS.04,2026-10-10 00:00,-0.91,0.80,,,,,backfill,
WL.KKY.01,2026-10-10 00:00,0.51,,,,,,backfill,
WL.KKY.02,2026-10-10 00:00,0.55,,,,,,backfill,
WL.KLA.01,2026-10-10 00:00,-0.31,,,,,,backfill,
WL.KLD.01,2026-10-10 00:00,-0.28,,,,,,backfill,
WL.KLD.02,2026-10-10 00:00,-0.21,,,,,,backfill,
WL.KLT.01,2026-10-10 00:00,-0.69,,,,,,backfill,
WL.KMN.01,2026-10-10 00:00,0.32,0.97,,,,,backfill,
WL.KNB.01,2026-10-10 00:00,,,,,,,backfill,
WL.KNB.02,2026-10-10 00:00,,,,,,,backfill,
WL.KPG.01,2026-10-10 00:00,-1.35,,,,,,backfill,
WL.KPM.01,2026-10-10 00:00,-0.32,,,,,,backfill,
WL.KPM.03,2026-10-10 00:00,-0.11,,,,,,backfill,
WL.KPM.04,2026-10-10 00:00,0.39,,,,,,backfill,
WL.KPM.05,2026-10-10 00:00,0.45,,,,,,backfill,
WL.KPM.06,2026-10-10 00:00,0.46,,,,,,backfill,
WL.KPM.08,2026-10-10 00:00,0.43,,,,,,backfill,
WL.KPM.09,2026-10-10 00:00,,,,,,,backfill,
WL.KSG.01,2026-10-10 00:00,0.70,,,,,,backfill,
WL.KSI.01,2026-10-10 00:00,0.78,,,,,,backfill,
WL.KSI.02,2026-10-10 00:00,0.80,,,,,,backfill,
WL.KSK.01,2026-10-10 00:00,-0.66,,,,,,backfill,
WL.KSM.01,2026-10-10 00:00,0.80,,,,,,backfill,
WL.KSM.02,2026-10-10 00:00,0.74,,,,,,backfill,
WL.KSO.01,2026-10-10 00:00,0.60,,,,,,backfill,
WL.KSO.02,2026-10-10 00:00,0.60,,,,,,backfill,
WL.KT4.01,2026-10-10 00:00,,,,,,,backfill,
WL.KTY.01,2026-10-10 00:00,-2.15,0.15,,,,,backfill,
WL.LBK.02,2026-10-10 00:00,0.52,,,,,,backfill,
WL.LBK.03,2026-10-10 00:00,0.43,,,,,,backfill,
WL.LCL.01,2026-10-10 00:00,0.64,,,,,,backfill,
WL.LCL.02,2026-10-10 00:00,,,,,,,backfill,
WL.LKB.01,2026-10-10 00:00,0.67,,,,,,backfill,
WL.LOA.01,2026-10-10 00:00,0.64,,,,,,backfill,
WL.LOA.02,2026-10-10 00:00,0.71,,,,,,backfill,
WL.LPC.01,2026-10-10 00:00,1.10,,,,,,backfill,
WL.LPG.02,2026-10-10 00:00,0.99,1.75,,,,,backfill,
WL.LPG.03,2026-10-10 00:00,0.94,,,,,,backfill,
WL.LPI.02,2026-10-10 00:00,,,,,,,backfill,
WL.LPN.01,2026-10-10 00:00,-0.87,0.71,,,,,backfill,
WL.LPP.01,2026-10-10 00:00,-1.39,,,,,,backfill,
WL.LPT.01,2026-10-10 00:00,,,,,,,backfill,
WL.LPT.03,2026-10-10 00:00,0.87,,,,,,backfill,
WL.LPW.01,2026-10-10 00:00,-0.25,-0.30,,,,,backfill,
WL.LPW.03,2026-10-10 00:00,0.23,,,,,,backfill,
WL.LPW.04,2026-10-10 00:00,-0.49,,,,,,backfill,
WL.LPW.05,2026-10-10 00:00,-0.59,,,,,,backfill,
WL.LSG.01,2026-10-10 00:00,-1.22,,,,,,backfill,
WL.LSM.01,2026-10-10 00:00,-0.64,,,,,,backfill,
WL.LYW.01,2026-10-10 00:00,,,,,,,backfill,
WL.LYW.02,2026-10-10 00:00,-1.44,,,,,,backfill,
WL.MCM.01,2026-10-10 00:00,0.44,,,,,,backfill,
WL.MFS.01,2026-10-10 00:00,-0.69,,,,,,backfill,
WL.MKT.01,2026-10-10 00:00,-0.31,,,,,,backfill,
WL.MSW.01,2026-10-10 00:00,1.20,,,,,,backfill,
WL.MSW.02,2026-10-10 00:00,1.23,,,,,,backfill,
WL.MSW.03,2026-10-10 00:00,1.27,,,,,,backfill,
WL.MTG.01,2026-10-10 00:00,-0.69,,,,,,backfill,
WL.NBN.01,2026-10-10 00:00,-3.94,-1.35,,,,,backfill,
WL.NCH.02,2026-10-10 00:00,-0.47,,,,,,backfill,
WL.NK1.01,2026-10-10 00:00,-0.32,,,,,,backfill,
WL.NK3.01,2026-10-10 00:00,-0.40,,,,,,backfill,
WL.NKW.02,2026-10-10 00:00,-0.23,,,,,,backfill,
WL.NSG.01,2026-10-10 00:00,-2.00,,,,,,backfill,
WL.OAG.01,2026-10-10 00:00,-0.78,,,,,,backfill,
WL.ORC.01,2026-10-10 00:00,-1.34,-0.64,,,,,backfill,
WL.PKG.01,2026-10-10 00:00,0.96,,,,,,backfill,
WL.PKN.01,2026-10-10 00:00,-0.83,0.35,,,,,backfill,
WL.PLK.01,2026-10-10 00:00,-0.39,,,,,,backfill,
WL.PLP.01,2026-10-10 00:00,-0.43,,,,,,backfill,
WL.PNM.01,2026-10-10 00:00,0.30,,,,,,backfill,
WL.PSC.01,2026-10-10 00:00,0.36,0.39,,,,,backfill,
WL.PSC.02,2026-10-10 00:00,0.37,,,,,,backfill,
WL.PSC.03,2026-10-10 00:00,0.39,,,,,,backfill,
WL.PSC.05,2026-10-10 00:00,0.45,,,,,,backfill,
WL.PSI.01,2026-10-10 00:00,-1.29,,,,,,backfill,
WL.PSR.01,2026-10-10 00:00,1.09,1.80,,,,,backfill,
WL.PSR.02,2026-10-10 00:00,1.13,,,,,,backfill,
WL.PSR.03,2026-10-10 00:00,1.10,,,,,,backfill,
WL.PSR.04,2026-10-10 00:00,0.75,,,,,,backfill,
WL.PSR.05,2026-10-10 00:00,0.78,,,,,,backfill,
WL.PSR.06,2026-10-10 00:00,,,,,,,backfill,
WL.PST.01,2026-10-10 00:00,-0.89,,,,,,backfill,
WL.PWT.01,2026-10-10 00:00,-0.56,,,,,,backfill,
WL.PWT.02,2026-10-10 00:00,-0.06,,,,,,backfill,
WL.PWT.03,2026-10-10 00:00,0.18,0.20,,,,,backfill,
WL.PWT.04,2026-10-10 00:00,0.51,0.55,,,,,backfill,
WL.PWT.05,2026-10-10 00:00,,,,,,,backfill,
WL.PWT.06,2026-10-10 00:00,0.92,,,,,,backfill,
WL.PWT.07,2026-10-10 00:00,0.91,,,,,,backfill,
WL.PYW.01,2026-10-10 00:00,-0.70,,,,,,backfill,
WL.RHN.01,2026-10-10 00:00,-0.07,-0.16,,,,,backfill,
WL.RJK.01,2026-10-10 00:00,0.21,0.21,,,,,backfill,
WL.RKC.01,2026-10-10 00:00,,,,,,,backfill,
WL.RMT.01,2026-10-10 00:00,-0.58,0.81,,,,,backfill,
WL.RMT.02,2026-10-10 00:00,0.09,,,,,,backfill,
WL.RSK.01,2026-10-10 00:00,0.46,,,,,,backfill,
WL.SBR.01,2026-10-10 00:00,0.57,1.23,,,,,backfill,
WL.SBR.02,2026-10-10 00:00,0.53,,,,,,backfill,
WL.SBT.01,2026-10-10 00:00,0.07,0.22,,,,,backfill,
WL.SCO.01,2026-10-10 00:00,0.12,,,,,,backfill,
WL.SDN.01,2026-10-10 00:00,0.23,,,,,,backfill,
WL.SKG.01,2026-10-10 00:00,,,,,,,backfill,
WL.SKT.01,2026-10-10 00:00,-0.75,,,,,,backfill,
WL.SKT.02,2026-10-10 00:00,-0.78,,,,,,backfill,
WL.SLL.01,2026-10-10 00:00,,,,,,,backfill,
WL.SMK.01,2026-10-10 00:00,-0.23,,,,,,backfill,
WL.SNC.01,2026-10-10 00:00,-0.20,0.95,,,,,backfill,
WL.SNC.02,2026-10-10 00:00,0.33,,,,,,backfill,
WL.SNC.03,2026-10-10 00:00,0.11,,,,,,backfill,
WL.SNO.01,2026-10-10 00:00,-1.18,,,,,,backfill,
WL.SOL.01,2026-10-10 00:00,-0.75,,,,,,backfill,
WL.SRE.01,2026-10-10 00:00,-0.31,0.68,,,,,backfill,
WL.SRG.01,2026-10-10 00:00,-0.67,0.57,,,,,backfill,
WL.SSB.01,2026-10-10 00:00,-0.75,,,,,,backfill,
WL.SSB.03,2026-10-10 00:00,-0.52,,,,,,backfill,
WL.SSB.04,2026-10-10 00:00,-0.60,-0.62,,,,,backfill,
WL.SSB.06,2026-10-10 00:00,-0.43,,,,,,backfill,
WL.SSB.07,2026-10-10 00:00,0.01,,,,,,backfill,
WL.SSB.08,2026-10-10 00:00,0.32,,,,,,backfill,
WL.SSB.10,2026-10-10 00:00,0.82,1.07,,,,,backfill,
WL.SSB.11,2026-10-10 00:00,1.22,,,,,,backfill,
WL.SSB.12,2026-10-10 00:00,1.22,1.50,,,,,backfill,
WL.SSG.01,2026-10-10 00:00,1.57,,,,,,backfill,
WL.SSM.01,2026-10-10 00:00,1.31,,,,,,backfill,
WL.SSN.01,2026-10-10 00:00,-1.01,1.30,,,,,backfill,
WL.SSN.02,2026-10-10 00:00,-1.61,,,,,,backfill,
WL.SSN.04,2026-10-10 00:00,-1.20,,,,,,backfill,
WL.SSN.06,2026-10-10 00:00,-1.77,,,,,,backfill,
WL.SSN.07,2026-10-10 00:00,-0.97,,,,,,backfill,
WL.SSN.08,2026-10-10 00:00,-0.63,-0.62,,,,,backfill,
WL.SSN.09,2026-10-10 00:00,-0.64,,,,,,backfill,
WL.SSN.10,2026-10-10 00:00,-0.61,,,,,,backfill,
WL.SST.01,2026-10-10 00:00,0.83,1.76,,,,,backfill,
WL.STN.01,2026-10-10 00:00,0.55,,,,,,backfill,
WL.STN.02,2026-10-10 00:00,0.62,,,,,,backfill,
WL.STN.03,2026-10-10 00:00,0.64,,,,,,backfill,
WL.STR.01,2026-10-10 00:00,-0.91,0.23,0.70,,,,backfill,
WL.SWA.01,2026-10-10 00:00,0.85,1.36,,,,,backfill,
WL.SWU.01,2026-10-10 00:00,-1.39,,,,,,backfill,
WL.TCG.01,2026-10-10 00:00,-0.97,,,,,,backfill,
WL.TPK.02,2026-10-10 00:00,,,,,,,backfill,
WL.TPK.03,2026-10-10 00:00,0.45,,,,,,backfill,
WL.TSK.01,2026-10-10 00:00,-1.73,,,,,,backfill,
WL.TTN.01,2026-10-10 00:00,-0.82,,,,,,backfill,
WL.TUT.02,2026-10-10 00:00,-0.76,,,,,,backfill,
WL.TWW.01,2026-10-10 00:00,0.56,1.18,,,,,backfill,
WL.TWW.02,2026-10-10 00:00,0.55,,,,,,backfill,
WL.TWW.03,2026-10-10 00:00,0.62,,,,,,backfill,
WL.TWW.04,2026-10-10 00:00,0.57,,,,,,backfill,
WL.TWW.05,2026-10-10 00:00,0.50,,,,,,backfill,
WL.VPD.01,2026-10-10 00:00,-0.95,,,,,,backfill,
WL.VPD.02,2026-10-10 00:00,-0.91,,,,,,backfill,
WL.VPD.03,2026-10-10 00:00,-1.29,,,,,,backfill,
WL.VPV.01,2026-10-10 00:00,-1.60,,,,,,backfill,
WL.WHK.01,2026-10-10 00:00,0.86,,,,,,backfill,
WL.WKT.01,2026-10-10 00:00,-0.14,,,,,,backfill,
WL.WLS.01,2026-10-10 00:00,0.51,,,,,,backfill,
WL.WSI.01,2026-10-10 00:00,-0.64,0.46,,,,,backfill,
WL.WSV.01,2026-10-10 00:00,,,,,,,backfill,
WL.WTK.01,2026-10-10 00:00,-0.51,,,,,,backfill,
WL.WTN.02,2026-10-10 00:00,-1.11,,,,,,backfill,
WL.YPE.01,2026-10-10 00:00,0.41,,,,,,backfill,
WL.YPN.01,2026-10-10 00:00,-0.95,,,,,,backfill,
WL.YPN.02,2026-10-10 00:00,-1.57,,,,,,backfill,
WL.YSN.02,2026-10-10 00:00,-0.91,,,,,,backfill,
WL.ANG.01,2026-10-10 00:10,0.95,,,,,,Normal,
WL.BBU.02,2026-10-10 00:10,0.48,,,,,,Normal,
WL.BKH.01,2026-10-10 00:10,0.14,,,,,,Normal,
WL.BMD.01,2026-10-10 00:10,0.5,,,,,,Normal,
WL.BNJ.05,2026-10-10 00:10,-1.38,,,,,,Normal,
WL.BTL.02,2026-10-10 00:10,0.1,,,,,,Normal,
WL.CYI.02,2026-10-10 00:10,-0.54,,,,,,Normal,-0.54
WL.K08.01,2026-10-10 00:10,1.57,,,,,,Alert,
WL.K10.01,2026-10-10 00:10,1.64,,,,,,Alert,
WL.K11.01,2026-10-10 00:10,1.58,,,,,,Alert,
WL.KBP.01,2026-10-10 00:10,-0.81,,,,,,Normal,
WL.KHW.01,2026-10-10 00:10,1.72,,,,,,Normal,
WL.KKO.02,2026-10-10 00:10,1.57,,,,,,Alert,
WL.KPM.07,2026-10-10 00:10,0.63,,,,,,Alert,
WL.KSG.01,2026-10-10 00:10,0.7,,,,,,Normal,0.7
WL.LPS.01,2026-10-10 00:10,0.81,,,,,,Normal,
WL.LPT.05,2026-10-10 00:10,1.75,,,,,,Normal,
WL.MKT.02,2026-10-10 00:10,-0.85,,,,,,Normal,
WL.NK3.02,2026-10-10 00:10,-0.56,,,,,,Normal,
WL.POC.01,2026-10-10 00:10,1.46,,,,,,Normal,
WL.PSC.06,2026-10-10 00:10,0.03,,,,,,Normal,
WL.RPS.01,2026-10-10 00:10,2.07,,,,,,Alert,
WL.SSG.02,2026-10-10 00:10,1.56,,,,,,Alert,
WL.STN.01,2026-10-10 00:10,0.55,,,,,,Alert,0.55
WL.SWA.02,2026-10-10 00:10,1.45,,,,,,Normal,
WL.AJP.01,2026-10-10 00:15,-1.19,,,,,,Normal,-1.19
WL.ANX.01,2026-10-10 00:15,0.0,,,,,,Normal,0.01
WL.BAM.01,2026-10-10 00:15,0.1,,,,,,Normal,0.1
WL.BBN.02,2026-10-10 00:15,0.38,,,,,,Normal,0.39
WL.BBN.03,2026-10-10 00:15,0.55,,,,,,Critical,0.55
WL.BBR.01,2026-10-10 00:15,0.03,,,,,,Normal,0.04
WL.BBR.02,2026-10-10 00:15,0.01,,,,,,Normal,0.01
WL.BBU.01,2026-10-10 00:15,0.45,,,,,,Normal,0.45
WL.BCN.01,2026-10-10 00:15,0.46,,,,,,Normal,0.46
WL.BCN.02,2026-10-10 00:15,0.46,,,,,,Normal,0.46
WL.BCN.03,2026-10-10 00:15,0.52,,,,,,Normal,0.52
WL.BJK.01,2026-10-10 00:15,-1.59,0.09,,0.0,0.0,,Normal,-1.58
WL.BJK.02,2026-10-10 00:15,0.49,,,,,,Normal,0.49
WL.BJK.03,2026-10-10 00:15,0.45,,,,,,Normal,0.45
WL.BJK.04,2026-10-10 00:15,0.52,,,,,,Normal,0.52
WL.BKA.01,2026-10-10 00:15,-1.18,1.52,,1.73,1.75,0.0,Normal,-1.18
WL.BKA.02,2026-10-10 00:15,-0.79,,,,,,Normal,-0.79
WL.BKA.03,2026-10-10 00:15,-0.37,,,,,,Normal,-0.37
WL.BKA.04,2026-10-10 00:15,0.08,,,,,,Normal,0.08
WL.BKB.01,2026-10-10 00:15,-0.4,,,,,,Normal,-0.4
WL.BKG.01,2026-10-10 00:15,0.67,-2.0,,0.0,,,Critical,0.67
WL.BKK.01,2026-10-10 00:15,0.49,,,,,,Normal,
WL.BKT.01,2026-10-10 00:15,-0.8,,,,,,Normal,-0.8
WL.BKY.01,2026-10-10 00:15,0.37,1.01,,0.0,6.98,0.0,Normal,0.38
WL.BKY.02,2026-10-10 00:15,0.4,,,,,,Normal,0.4
WL.BLP.02,2026-10-10 00:15,-0.74,,,,,,Normal,-0.74
WL.BLY.01,2026-10-10 00:15,-0.51,,,,,,Normal,-0.51
WL.BLY.02,2026-10-10 00:15,-0.59,,,,,,Normal,-0.59
WL.BMA.02,2026-10-10 00:15,-0.13,,,,,,Normal,-0.12
WL.BMK.01,2026-10-10 00:15,-1.34,,,,,,Normal,-1.34
WL.BNA.01,2026-10-10 00:15,-1.72,-0.02,,0.0,0.0,,Normal,-1.71
WL.BNA.03,2026-10-10 00:15,-0.65,,,,,,Normal,-0.65
WL.BNA.04,2026-10-10 00:15,-0.55,,,,,,Normal,-0.55
WL.BNJ.02,2026-10-10 00:15,-1.49,,,,,,Normal,-1.49
WL.BNJ.04,2026-10-10 00:15,-1.47,,,,,,Normal,-1.47
WL.BNS.01,2026-10-10 00:15,0.39,,,,,,Normal,0.4
WL.BOA.01,2026-10-10 00:15,-1.51,0.14,,0.0,0.0,,Normal,-1.5
WL.BOA.02,2026-10-10 00:15,-1.55,,,,,,Normal,-1.54
WL.BOA.03,2026-10-10 00:15,-1.5,,,,,,Normal,-1.5
WL.BON.01,2026-10-10 00:15,-1.53,,,,,,Normal,-1.52
WL.BPA.01,2026-10-10 00:15,-0.62,,,,,,Normal,-0.62
WL.BPK.01,2026-10-10 00:15,0.11,,,,,,Normal,0.12
WL.BPM.01,2026-10-10 00:15,0.29,,,,,,Normal,0.29
WL.BPM.02,2026-10-10 00:15,0.41,,,,,,Normal,0.41
WL.BPM.03,2026-10-10 00:15,0.55,,,,,,Normal,0.56
WL.BPM.04,2026-10-10 00:15,0.47,,,,,,Normal,0.47
WL.BPN.02,2026-10-10 00:15,0.41,,,,,,Normal,0.41
WL.BPU.01,2026-10-10 00:15,-0.29,,,,,,Normal,-0.28
WL.BSE.01,2026-10-10 00:15,-1.56,,,,,,Normal,
WL.BSK.01,2026-10-10 00:15,-0.19,0.63,,0.0,0.0,,Normal,-0.19
WL.BSU.01,2026-10-10 00:15,-1.15,1.44,,0.0,0.0,0.0,Normal,-1.14
WL.BSU.02,2026-10-10 00:15,-0.89,,,,,,Normal,-0.88
WL.BSU.03,2026-10-10 00:15,-1.18,,,,,,Normal,-1.17
WL.BSU.04,2026-10-10 00:15,-1.11,,,,,,Normal,-1.09
WL.BSU.05,2026-10-10 00:15,-1.08,,,,,,Normal,-1.06
WL.BSU.06,2026-10-10 00:15,-0.76,,,,,,Normal,-0.75
WL.BSU.07,2026-10-10 00:15,-0.48,,,,,,Normal,-0.47
WL.BTL.01,2026-10-10 00:15,-0.63,,,,,,Normal,-0.64
WL.BTY.01,2026-10-10 00:15,0.27,,,,,,Normal,0.27
WL.BWK.01,2026-10-10 00:15,0.35,,,,,,Normal,0.35
WL.BWK.02,2026-10-10 00:15,0.57,,,,,,Normal,0.57
WL.BWK.03,2026-10-10 00:15,0.54,,,,,,Normal,0.54
WL.BYI.01,2026-10-10 00:15,1.0,,,,,,Critical,1.0
WL.BYK.02,2026-10-10 00:15,0.14,,,,,,Normal,0.15
WL.CKS.01,2026-10-10 00:15,-1.23,,,0.0,0.0,,Normal,-1.23
WL.CKS.02,2026-10-10 00:15,-0.93,,,,,,Normal,-0.93
WL.CKS.03,2026-10-10 00:15,-1.04,,,,,,Normal,-1.04
WL.CLH.01,2026-10-10 00:15,-0.35,,,,,,Normal,
WL.CNS.01,2026-10-10 00:15,-1.11,0.26,,0.0,0.0,,Normal,-1.11
WL.CPA.01,2026-10-10 00:15,0.28,1.19,,5.37,3.52,,Normal,0.28
WL.CPA.02,2026-10-10 00:15,0.33,,,,,,Normal,0.33
WL.CYI.01,2026-10-10 00:15,-0.57,,,,,,Normal,-0.56
WL.CYI.03,2026-10-10 00:15,-0.48,,,,,,Normal,-0.48
WL.DKN.01,2026-10-10 00:15,0.29,0.57,,0.0,6.39,0.0,Normal,0.3
WL.FTM.01,2026-10-10 00:15,-1.05,,,,,,Normal,-1.04
WL.HKG.01,2026-10-10 00:15,-0.71,,,,,,Normal,-0.71
WL.HKG.02,2026-10-10 00:15,-0.66,,,,,,Normal,-0.66
WL.HMK.01,2026-10-10 00:15,-0.15,,,,,,Alert,-0.15
WL.HMK.02,2026-10-10 00:15,-0.34,,,,,,Normal,-0.34
WL.HMK.03,2026-10-10 00:15,-0.11,,,,,,Normal,-0.11
WL.JRN.01,2026-10-10 00:15,0.26,0.47,,0.0,,,Normal,0.26
WL.KBU.01,2026-10-10 00:15,0.4,1.2,,0.0,,,Normal,0.4
WL.KBU.02,2026-10-10 00:15,0.39,,,,,,Normal,0.4
WL.KCD.01,2026-10-10 00:15,-1.0,,,,,,Normal,-1.0
WL.KDN.01,2026-10-10 00:15,-0.67,0.29,,0.0,,,Normal,-0.67
WL.KJA.01,2026-10-10 00:15,-0.79,,,,,,Normal,-0.79
WL.KJA.02,2026-10-10 00:15,-0.35,,,,,,Normal,-0.35
WL.KJG.01,2026-10-10 00:15,-0.51,,,,,,Normal,-0.49
WL.KJK.01,2026-10-10 00:15,-1.22,0.11,,0.0,0.0,,Normal,-1.22
WL.KJK.02,2026-10-10 00:15,-1.16,,,,,,Normal,-1.16
WL.KJN.02,2026-10-10 00:15,-0.11,,,,,,Normal,-0.11
WL.KJT.01,2026-10-10 00:15,-1.13,,,,,,Normal,-1.12
WL.KJU.01,2026-10-10 00:15,-0.45,,,,,,Normal,-0.45
WL.KKD.01,2026-10-10 00:15,-0.52,,,,,,Normal,-0.52
WL.KKD.02,2026-10-10 00:15,-0.63,,,,,,Normal,-0.63
WL.KKD.03,2026-10-10 00:15,-0.82,,,,,,Normal,-0.82
WL.KKO.01,2026-10-10 00:15,1.62,,,,,,Alert,1.62
WL.KKS.01,2026-10-10 00:15,-0.73,1.18,,0.0,0.0,,Normal,-0.72
WL.KKS.02,2026-10-10 00:15,-0.69,,,,,,Normal,-0.69
WL.KKS.03,2026-10-10 00:15,-0.86,,,,,,Normal,-0.86
WL.KKS.04,2026-10-10 00:15,-0.92,0.79,,0.0,,,Normal,-0.91
WL.KKY.01,2026-10-10 00:15,0.51,,,,,,Normal,0.51
WL.KKY.02,2026-10-10 00:15,0.54,,,,,,Normal,0.54
WL.KLA.01,2026-10-10 00:15,-0.31,,,,,,Normal,-0.31
WL.KLD.01,2026-10-10 00:15,-0.27,,,,,,Normal,-0.27
WL.KLD.02,2026-10-10 00:15,-0.19,,,,,,Normal,-0.19
WL.KLT.01,2026-10-10 00:15,-0.7,,,,,,Normal,-0.7
WL.KMN.01,2026-10-10 00:15,0.35,1.04,,0.29,5.86,0.0,Normal,0.35
WL.KNB.02,2026-10-10 00:15,-0.41,,,,,,Normal,-0.41
WL.KPG.01,2026-10-10 00:15,-1.33,,,,,,Normal,-1.33
WL.KPM.01,2026-10-10 00:15,-0.33,,,,,,Normal,-0.32
WL.KPM.03,2026-10-10 00:15,-0.11,,,,,,Normal,-0.11
WL.KPM.05,2026-10-10 00:15,0.45,,,,,,Normal,0.45
WL.KPM.06,2026-10-10 00:15,0.47,,,,,,Normal,0.47
WL.KPM.08,2026-10-10 00:15,0.42,,,,,,Normal,0.43
WL.KSI.01,2026-10-10 00:15,0.78,,,,,,Normal,0.78
WL.KSI.02,2026-10-10 00:15,0.8,,,,,,Critical,0.8
WL.KSK.01,2026-10-10 00:15,-0.66,,,,,,Normal,-0.66
WL.KSM.01,2026-10-10 00:15,0.8,,,,,,Critical,0.8
WL.KSM.02,2026-10-10 00:15,0.74,,,,,,Critical,0.74
WL.KSO.01,2026-10-10 00:15,0.59,,,,,,Normal,0.6
WL.KSO.02,2026-10-10 00:15,0.6,,,,,,Normal,0.6
WL.KTY.01,2026-10-10 00:15,-2.13,0.14,,0.0,,,Normal,-2.13
WL.LBK.02,2026-10-10 00:15,0.53,,,,,,Critical,0.53
WL.LBK.03,2026-10-10 00:15,0.43,,,,,,Critical,0.43
WL.LCL.01,2026-10-10 00:15,0.63,,,,,,Normal,0.63
WL.LKB.01,2026-10-10 00:15,0.67,,,,,,Critical,0.67
WL.LOA.01,2026-10-10 00:15,0.65,,,,,,Normal,0.65
WL.LOA.02,2026-10-10 00:15,0.71,,,,,,Normal,0.71
WL.LPC.01,2026-10-10 00:15,1.09,,,,,,Critical,1.1
WL.LPG.02,2026-10-10 00:15,0.99,1.75,,0.0,,,Critical,0.99
WL.LPG.03,2026-10-10 00:15,0.94,,,,,,Critical,0.94
WL.LPN.01,2026-10-10 00:15,-0.89,0.7,,0.01,,,Normal,-0.88
WL.LPP.01,2026-10-10 00:15,-1.39,,,,,,Normal,-1.39
WL.LPP.02,2026-10-10 00:15,-0.76,,,,,,Normal,
WL.LPT.03,2026-10-10 00:15,0.87,,,,,,Critical,0.87
WL.LPW.01,2026-10-10 00:15,-0.25,-0.31,,0.0,,,Normal,-0.25
WL.LPW.03,2026-10-10 00:15,0.22,,,,,,Normal,0.23
WL.LPW.04,2026-10-10 00:15,-0.5,,,,,,Normal,-0.49
WL.LPW.05,2026-10-10 00:15,-0.59,,,,,,Normal,-0.59
WL.LSG.01,2026-10-10 00:15,-1.22,,,,,,Normal,-1.22
WL.LSM.01,2026-10-10 00:15,-0.64,,,,,,Normal,-0.64
WL.LYW.02,2026-10-10 00:15,-1.44,,,,,,Normal,-1.44
WL.MCM.01,2026-10-10 00:15,0.44,,,,,,Normal,0.44
WL.MFS.01,2026-10-10 00:15,-0.69,,,,,,Normal,-0.69
WL.MKT.01,2026-10-10 00:15,-0.31,,,,,,Normal,-0.31
WL.MSW.01,2026-10-10 00:15,1.21,,,,,,Normal,1.21
WL.MSW.02,2026-10-10 00:15,1.23,,,,,,Normal,1.24
WL.MSW.03,2026-10-10 00:15,1.25,,,,,,Normal,1.26
WL.MSW.04,2026-10-10 00:15,1.06,,,,,,Normal,
WL.MTG.01,2026-10-10 00:15,-0.69,,,,,,Normal,-0.69
WL.NBN.01,2026-10-10 00:15,-3.94,-1.34,,0.0,,,Normal,-3.94
WL.NCH.02,2026-10-10 00:15,-0.94,,,,,,Normal,-0.61
WL.NK1.01,2026-10-10 00:15,-0.31,,,,,,Normal,-0.31
WL.NK3.01,2026-10-10 00:15,-0.39,,,,,,Normal,-0.39
WL.NKW.02,2026-10-10 00:15,-0.23,,,,,,Normal,-0.23
WL.NSG.01,2026-10-10 00:15,-2.0,,,,,,Normal,-2.0
WL.OAG.01,2026-10-10 00:15,-0.79,,,,,,Normal,-0.78
WL.ORC.01,2026-10-10 00:15,-1.34,-0.66,,0.0,,,Normal,-1.34
WL.PKG.01,2026-10-10 00:15,0.92,,,,,,Normal,0.96
WL.PKN.01,2026-10-10 00:15,-0.84,0.33,,0.0,0.0,0.0,Normal,-0.83
WL.PLK.01,2026-10-10 00:15,-0.38,,,,,,Normal,-0.38
WL.PLP.01,2026-10-10 00:15,-0.43,,,,,,Normal,-0.43
WL.PNM.01,2026-10-10 00:15,0.3,,,,,,Critical,0.3
WL.PSC.01,2026-10-10 00:15,0.36,0.39,,0.0,0.0,0.0,Normal,0.36
WL.PSC.02,2026-10-10 00:15,0.37,,,,,,Normal,0.37
WL.PSC.03,2026-10-10 00:15,0.38,,,,,,Normal,0.38
WL.PSC.05,2026-10-10 00:15,0.45,,,,,,Normal,0.45
WL.PSI.01,2026-10-10 00:15,-1.27,,,,,,Normal,-1.27
WL.PSR.02,2026-10-10 00:15,1.12,,,,,,Alert,1.13
WL.PSR.03,2026-10-10 00:15,1.1,,,,,,Alert,1.1
WL.PSR.04,2026-10-10 00:15,0.75,,,,,,Normal,0.75
WL.PSR.05,2026-10-10 00:15,0.78,,,,,,Alert,0.78
WL.PST.01,2026-10-10 00:15,-0.89,,,,,,Normal,-0.89
WL.PWT.01,2026-10-10 00:15,-0.57,,,,,,Normal,-0.57
WL.PWT.02,2026-10-10 00:15,-0.06,,,,,,Normal,-0.06
WL.PWT.03,2026-10-10 00:15,0.18,0.19,,5.84,5.9,,Normal,0.18
WL.PWT.06,2026-10-10 00:15,0.92,,,,,,Critical,0.92
WL.PWT.07,2026-10-10 00:15,0.9,,,,,,Critical,0.9
WL.PYW.01,2026-10-10 00:15,-0.69,,,,,,Normal,-0.69
WL.RHN.01,2026-10-10 00:15,-0.06,-0.15,,0.0,,,Normal,-0.06
WL.RJK.01,2026-10-10 00:15,0.2,0.2,,7.5,,,Normal,0.21
WL.RMN.01,2026-10-10 00:15,0.53,,,,,,Normal,
WL.RMT.01,2026-10-10 00:15,-0.59,0.81,,0.0,0.0,,Normal,-0.58
WL.RMT.02,2026-10-10 00:15,0.1,,,,,,Normal,0.1
WL.RMT.03,2026-10-10 00:15,-2.0,,,,,,Normal,-2.0
WL.RSK.01,2026-10-10 00:15,0.46,,,,,,Normal,0.46
WL.SBR.01,2026-10-10 00:15,0.57,1.23,,0.0,,,Normal,0.57
WL.SBR.02,2026-10-10 00:15,0.52,,,,,,Normal,0.53
WL.SBT.01,2026-10-10 00:15,0.08,0.22,,0.0,,,Normal,0.08
WL.SCO.01,2026-10-10 00:15,0.13,,,,,,Normal,0.13
WL.SDN.01,2026-10-10 00:15,0.23,,,,,,Normal,0.23
WL.SKT.01,2026-10-10 00:15,-0.74,,,,,,Normal,-0.74
WL.SKT.02,2026-10-10 00:15,-0.77,,,,,,Normal,-0.77
WL.SMK.01,2026-10-10 00:15,-0.23,,,,,,Normal,-0.23
WL.SNC.01,2026-10-10 00:15,-0.2,0.94,,0.0,0.0,0.0,Normal,-0.2
WL.SNC.02,2026-10-10 00:15,0.33,,,,,,Normal,0.33
WL.SNC.03,2026-10-10 00:15,0.11,,,,,,Normal,0.11
WL.SNO.01,2026-10-10 00:15,-1.3,,,,,,Normal,-1.23
WL.SOL.01,2026-10-10 00:15,-0.74,,,,,,Normal,-0.74
WL.SRE.01,2026-10-10 00:15,-0.29,0.67,,0.0,0.0,,Normal,-0.29
WL.SRG.01,2026-10-10 00:15,-0.67,0.55,,0.0,0.0,0.0,Normal,-0.67
WL.SSB.01,2026-10-10 00:15,-0.76,,,,,,Normal,0.0
WL.SSB.03,2026-10-10 00:15,-0.53,,,,,,Normal,-0.53
WL.SSB.04,2026-10-10 00:15,-0.61,-0.62,,7.5,7.5,,Normal,-0.6
WL.SSB.06,2026-10-10 00:15,-0.44,,,,,,Normal,-0.43
WL.SSB.08,2026-10-10 00:15,0.32,,,,,,Normal,0.32
WL.SSB.09,2026-10-10 00:15,0.57,1.1,,0.0,,,Critical,0.57
WL.SSB.10,2026-10-10 00:15,0.82,1.06,,3.64,,,Critical,0.82
WL.SSB.11,2026-10-10 00:15,1.22,,,,,,Critical,1.22
WL.SSB.13,2026-10-10 00:15,1.89,,,,,,Critical,
WL.SSG.01,2026-10-10 00:15,1.57,,,,,,Alert,1.57
WL.SSM.02,2026-10-10 00:15,1.55,,,,,,Normal,
WL.SSN.01,2026-10-10 00:15,-1.01,1.27,,7.0,0.0,0.0,Normal,-1.01
WL.SSN.04,2026-10-10 00:15,-1.22,,,,,,Normal,-1.21
WL.SSN.06,2026-10-10 00:15,-1.77,,,,,,Normal,-1.77
WL.SSN.07,2026-10-10 00:15,-0.97,,,,,,Normal,-0.97
WL.SSN.08,2026-10-10 00:15,-0.63,-0.63,,0.0,,,Normal,-0.63
WL.SSN.09,2026-10-10 00:15,-0.65,,,,,,Normal,-0.65
WL.SSN.10,2026-10-10 00:15,-0.62,,,,,,Normal,-0.62
WL.SST.01,2026-10-10 00:15,0.83,1.76,,0.32,,,Alert,0.83
WL.STN.02,2026-10-10 00:15,0.62,,,,,,Critical,0.62
WL.STN.03,2026-10-10 00:15,0.64,,,,,,Critical,0.64
WL.STR.01,2026-10-10 00:15,-0.92,0.23,0.67,0.0,0.0,0.0,Normal,-0.91
WL.SWA.01,2026-10-10 00:15,0.85,1.36,,0.43,,,Critical,0.85
WL.SWU.01,2026-10-10 00:15,-1.37,,,,,,Normal,-1.37
WL.TCG.01,2026-10-10 00:15,-0.97,,,,,,Normal,-0.97
WL.TPK.03,2026-10-10 00:15,0.45,,,,,,Critical,0.45
WL.TSK.01,2026-10-10 00:15,-1.71,,,,,,Normal,-1.71
WL.TTN.01,2026-10-10 00:15,-0.82,,,,,,Normal,-0.82
WL.TUT.02,2026-10-10 00:15,-0.75,,,,,,Normal,-0.75
WL.TWW.01,2026-10-10 00:15,0.56,1.18,,0.0,,,Normal,0.56
WL.TWW.02,2026-10-10 00:15,0.54,,,,,,Normal,0.55
WL.TWW.03,2026-10-10 00:15,0.62,,,,,,Alert,0.62
WL.TWW.04,2026-10-10 00:15,0.57,,,,,,Normal,0.57
WL.TWW.05,2026-10-10 00:15,0.49,,,,,,Normal,0.49
WL.VPD.01,2026-10-10 00:15,-0.95,,,,,,Normal,-0.95
WL.VPD.02,2026-10-10 00:15,-0.91,,,,,,Normal,-0.91
WL.VPD.03,2026-10-10 00:15,-1.29,,,,,,Normal,-1.29
WL.VPV.01,2026-10-10 00:15,-1.49,,,0.0,,,Normal,-1.49
WL.WHK.01,2026-10-10 00:15,0.85,,,,,,Normal,0.86
WL.WKT.01,2026-10-10 00:15,-0.11,,,,,,Normal,-0.11
WL.WLS.01,2026-10-10 00:15,0.5,,,,,,Normal,0.51
WL.WSI.01,2026-10-10 00:15,-0.63,0.5,,0.0,0.0,0.0,Normal,-0.63
WL.WTK.01,2026-10-10 00:15,-0.51,,,,,,Normal,-0.51
WL.WTN.02,2026-10-10 00:15,-1.11,,,,,,Normal,-1.11
WL.YPE.01,2026-10-10 00:15,0.41,,,,,,Normal,0.41
WL.YPN.01,2026-10-10 00:15,-0.96,,,,,,Normal,-0.95
WL.YPN.02,2026-10-10 00:15,-1.57,,,,,,Normal,-1.57
WL.YSN.02,2026-10-10 00:15,-0.91,,,,,,Normal,-0.91
WL.BCN.03,2026-10-10 00:20,0.52,,,,,,out of order,0.52
WL.PSR.01,2026-10-10 00:20,1.09,1.8,,0.2,,,Critical,1.09
WL.SSB.07,2026-10-10 00:20,0.0,,,,,,Normal,0.01
WL.SSB.12,2026-10-10 00:20,1.22,1.5,,0.0,,,Critical,1.22
WL.SSM.01,2026-10-10 00:20,1.32,-99,,0.0,,,Critical,1.32
WL.KPM.04,2026-10-10 00:25,0.39,,,,,,Normal,0.39
WL.KKD.04,2026-10-10 00:35,-0.6,,,,,,Normal,-0.6
WL.AJP.01,2026-10-10 01:00,-1.18,,,,,,backfill,
WL.ANX.01,2026-10-10 01:00,0.00,,,,,,backfill,
WL.BAM.01,2026-10-10 01:00,0.12,,,,,,backfill,
WL.BBN.01,2026-10-10 01:00,,,,,,,backfill,
WL.BBN.02,2026-10-10 01:00,0.37,,,,,,backfill,
WL.BBN.03,2026-10-10 01:00,0.54,,,,,,backfill,
WL.BBR.01,2026-10-10 01:00,-0.01,,,,,,backfill,
WL.BBR.02,2026-10-10 01:00,-0.03,,,,,,backfill,
WL.BBU.01,2026-10-10 01:00,0.44,,,,,,backfill,
WL.BCN.01,2026-10-10 01:00,0.45,,,,,,backfill,
WL.BCN.02,2026-10-10 01:00,0.46,,,,,,backfill,
WL.BCN.03,2026-10-10 01:00,0.51,,,,,,backfill,
WL.BJK.01,2026-10-10 01:00,-1.56,0.11,,,,,backfill,
WL.BJK.02,2026-10-10 01:00,0.49,,,,,,backfill,
WL.BJK.03,2026-10-10 01:00,0.45,,,,,,backfill,
WL.BJK.04,2026-10-10 01:00,0.52,,,,,,backfill,
WL.BKA.01,2026-10-10 01:00,-1.15,1.48,,,,,backfill,
WL.BKA.02,2026-10-10 01:00,-0.78,,,,,,backfill,
WL.BKA.03,2026-10-10 01:00,-0.37,,,,,,backfill,
WL.BKA.04,2026-10-10 01:00,0.07,,,,,,backfill,
WL.BKB.01,2026-10-10 01:00,-0.41,,,,,,backfill,
WL.BKG.01,2026-10-10 01:00,0.67,-2.00,,,,,backfill,
WL.BKT.01,2026-10-10 01:00,-0.81,,,,,,backfill,
WL.BKY.01,2026-10-10 01:00,0.39,1.01,,,,,backfill,
WL.BKY.02,2026-10-10 01:00,0.42,,,,,,backfill,
WL.BLP.02,2026-10-10 01:00,-0.77,,,,,,backfill,
WL.BLY.01,2026-10-10 01:00,-0.50,,,,,,backfill,
WL.BLY.02,2026-10-10 01:00,-0.58,,,,,,backfill,
WL.BMA.02,2026-10-10 01:00,-0.13,,,,,,backfill,
WL.BMK.01,2026-10-10 01:00,-1.25,,,,,,backfill,
WL.BNA.01,2026-10-10 01:00,-1.72,0.02,,,,,backfill,
WL.BNA.02,2026-10-10 01:00,,,,,,,backfill,
WL.BNA.03,2026-10-10 01:00,-0.66,,,,,,backfill,
WL.BNA.04,2026-10-10 01:00,-0.56,,,,,,backfill,
WL.BNJ.01,2026-10-10 01:00,,,,,,,backfill,
WL.BNJ.02,2026-10-10 01:00,-1.39,,,,,,backfill,
WL.BNJ.03,2026-10-10 01:00,,,,,,,backfill,
WL.BNJ.04,2026-10-10 01:00,-1.35,,,,,,backfill,
WL.BNS.01,2026-10-10 01:00,0.39,,,,,,backfill,
WL.BOA.01,2026-10-10 01:00,-1.52,0.14,,,,,backfill,
WL.BOA.02,2026-10-10 01:00,-1.49,,,,,,backfill,
WL.BOA.03,2026-10-10 01:00,-1.52,,,,,,backfill,
WL.BON.01,2026-10-10 01:00,-1.55,,,,,,backfill,
WL.BPA.01,2026-10-10 01:00,-0.64,,,,,,backfill,
WL.BPK.01,2026-10-10 01:00,0.11,,,,,,backfill,
WL.BPM.01,2026-10-10 01:00,0.30,,,,,,backfill,
WL.BPM.02,2026-10-10 01:00,0.40,,,,,,backfill,
WL.BPM.03,2026-10-10 01:00,0.54,,,,,,backfill,
WL.BPM.04,2026-10-10 01:00,0.45,,,,,,backfill,
WL.BPN.02,2026-10-10 01:00,0.39,,,,,,backfill,
WL.BPU.01,2026-10-10 01:00,-0.10,,,,,,backfill,
WL.BSK.01,2026-10-10 01:00,-0.05,0.62,,,,,backfill,
WL.BSU.01,2026-10-10 01:00,-1.22,1.41,,,,,backfill,
WL.BSU.02,2026-10-10 01:00,-0.92,,,,,,backfill,
WL.BSU.03,2026-10-10 01:00,-1.22,,,,,,backfill,
WL.BSU.04,2026-10-10 01:00,-1.12,,,,,,backfill,
WL.BSU.05,2026-10-10 01:00,-1.13,,,,,,backfill,
WL.BSU.06,2026-10-10 01:00,-0.88,,,,,,backfill,
WL.BSU.07,2026-10-10 01:00,-0.50,,,,,,backfill,
WL.BTL.01,2026-10-10 01:00,-0.63,,,,,,backfill,
WL.BTY.01,2026-10-10 01:00,0.24,,,,,,backfill,
WL.BWK.01,2026-10-10 01:00,0.38,,,,,,backfill,
WL.BWK.02,2026-10-10 01:00,0.57,,,,,,backfill,
WL.BWK.03,2026-10-10 01:00,0.53,,,,,,backfill,
WL.BYI.01,2026-10-10 01:00,1.00,,,,,,backfill,
WL.BYK.01,2026-10-10 01:00,,,,,,,backfill,
WL.BYK.02,2026-10-10 01:00,0.10,,,,,,backfill,
WL.CKS.01,2026-10-10 01:00,-1.27,,,,,,backfill,
WL.CKS.02,2026-10-10 01:00,-0.94,,,,,,backfill,
WL.CKS.03,2026-10-10 01:00,-1.05,,,,,,backfill,
WL.CNS.01,2026-10-10 01:00,-1.00,0.20,,,,,backfill,
WL.CPA.01,2026-10-10 01:00,0.29,1.15,,,,,backfill,
WL.CPA.02,2026-10-10 01:00,0.37,,,,,,backfill,
WL.CYI.01,2026-10-10 01:00,-0.58,,,,,,backfill,
WL.CYI.02,2026-10-10 01:00,-0.56,,,,,,backfill,
WL.CYI.03,2026-10-10 01:00,-0.50,,,,,,backfill,
WL.DKN.01,2026-10-10 01:00,0.33,0.54,,,,,backfill,
WL.FTM.01,2026-10-10 01:00,-1.06,,,,,,backfill,
WL.HKG.01,2026-10-10 01:00,-0.73,,,,,,backfill,
WL.HKG.02,2026-10-10 01:00,-0.67,,,,,,backfill,
WL.HMK.01,2026-10-10 01:00,-0.16,,,,,,backfill,
WL.HMK.02,2026-10-10 01:00,-0.34,,,,,,backfill,
WL.HMK.03,2026-10-10 01:00,-0.12,,,,,,backfill,
WL.JKK.01,2026-10-10 01:00,,,,,,,backfill,
WL.JRN.01,2026-10-10 01:00,0.27,0.42,,,,,backfill,
WL.KBU.01,2026-10-10 01:00,0.44,1.14,,,,,backfill,
WL.KBU.02,2026-10-10 01:00,0.43,,,,,,backfill,
WL.KCD.01,2026-10-10 01:00,-1.01,,,,,,backfill,
WL.KDN.01,2026-10-10 01:00,-0.67,0.23,,,,,backfill,
WL.KJA.01,2026-10-10 01:00,-0.79,,,,,,backfill,
WL.KJA.02,2026-10-10 01:00,-0.34,,,,,,backfill,
WL.KJG.01,2026-10-10 01:00,-0.48,,,,,,backfill,
WL.KJK.01,2026-10-10 01:00,-1.38,0.11,,,,,backfill,
WL.KJK.02,2026-10-10 01:00,-1.15,,,,,,backfill,
WL.KJN.01,2026-10-10 01:00,,,,,,,backfill,
WL.KJN.02,2026-10-10 01:00,-0.11,,,,,,backfill,
WL.KJT.01,2026-10-10 01:00,-1.17,,,,,,backfill,
WL.KJU.01,2026-10-10 01:00,-0.73,,,,,,backfill,
WL.KKD.01,2026-10-10 01:00,-0.51,,,,,,backfill,
WL.KKD.02,2026-10-10 01:00,-0.63,,,,,,backfill,
WL.KKD.03,2026-10-10 01:00,-0.80,,,,,,backfill,
WL.KKD.04,2026-10-10 01:00,-0.60,,,,,,backfill,
WL.KKO.01,2026-10-10 01:00,1.62,,,,,,backfill,
WL.KKS.01,2026-10-10 01:00,-0.76,1.17,,,,,backfill,
WL.KKS.02,2026-10-10 01:00,-0.72,,,,,,backfill,
WL.KKS.03,2026-10-10 01:00,-0.87,,,,,,backfill,
WL.KKS.04,2026-10-10 01:00,-0.89,0.78,,,,,backfill,
WL.KKY.01,2026-10-10 01:00,0.49,,,,,,backfill,
WL.KKY.02,2026-10-10 01:00,0.53,,,,,,backfill,
WL.KLA.01,2026-10-10 01:00,-0.31,,,,,,backfill,
WL.KLD.01,2026-10-10 01:00,-0.24,,,,,,backfill,
WL.KLD.02,2026-10-10 01:00,-0.16,,,,,,backfill,
WL.KLT.01,2026-10-10 01:00,-0.73,,,,,,backfill,
WL.KMN.01,2026-10-10 01:00,0.35,0.99,,,,,backfill,
WL.KNB.01,2026-10-10 01:00,,,,,,,backfill,
WL.KNB.02,2026-10-10 01:00,-0.41,,,,,,backfill,
WL.KPG.01,2026-10-10 01:00,-1.27,,,,,,backfill,
WL.KPM.01,2026-10-10 01:00,-0.33,,,,,,backfill,
WL.KPM.03,2026-10-10 01:00,-0.12,,,,,,backfill,
WL.KPM.04,2026-10-10 01:00,0.39,,,,,,backfill,
WL.KPM.05,2026-10-10 01:00,0.45,,,,,,backfill,
WL.KPM.06,2026-10-10 01:00,0.46,,,,,,backfill,
WL.KPM.08,2026-10-10 01:00,0.42,,,,,,backfill,
WL.KPM.09,2026-10-10 01:00,,,,,,,backfill,
WL.KSG.01,2026-10-10 01:00,0.69,,,,,,backfill,
WL.KSI.01,2026-10-10 01:00,0.78,,,,,,backfill,
WL.KSI.02,2026-10-10 01:00,0.80,,,,,,backfill,
WL.KSK.01,2026-10-10 01:00,-0.65,,,,,,backfill,
WL.KSM.01,2026-10-10 01:00,0.79,,,,,,backfill,
WL.KSM.02,2026-10-10 01:00,0.74,,,,,,backfill,
WL.KSO.01,2026-10-10 01:00,0.58,,,,,,backfill,
WL.KSO.02,2026-10-10 01:00,0.58,,,,,,backfill,
WL.KT4.01,2026-10-10 01:00,,,,,,,backfill,
WL.KTY.01,2026-10-10 01:00,-2.06,0.13,,,,,backfill,
WL.LBK.02,2026-10-10 01:00,0.52,,,,,,backfill,
WL.LBK.03,2026-10-10 01:00,0.43,,,,,,backfill,
WL.LCL.01,2026-10-10 01:00,0.63,,,,,,backfill,
WL.LCL.02,2026-10-10 01:00,,,,,,,backfill,
WL.LKB.01,2026-10-10 01:00,0.66,,,,,,backfill,
WL.LOA.01,2026-10-10 01:00,0.65,,,,,,backfill,
WL.LOA.02,2026-10-10 01:00,,,,,,,backfill,
WL.LPC.01,2026-10-10 01:00,1.09,,,,,,backfill,
WL.LPG.02,2026-10-10 01:00,0.99,1.75,,,,,backfill,
WL.LPG.03,2026-10-10 01:00,0.94,,,,,,backfill,
WL.LPI.02,2026-10-10 01:00,,,,,,,backfill,
WL.LPN.01,2026-10-10 01:00,-0.91,0.66,,,,,backfill,
WL.LPP.01,2026-10-10 01:00,-1.38,,,,,,backfill,
WL.LPT.01,2026-10-10 01:00,,,,,,,backfill,
WL.LPT.03,2026-10-10 01:00,0.86,,,,,,backfill,
WL.LPW.01,2026-10-10 01:00,-0.27,-0.31,,,,,backfill,
WL.LPW.03,2026-10-10 01:00,0.22,,,,,,backfill,
WL.LPW.04,2026-10-10 01:00,-0.51,,,,,,backfill,
WL.LPW.05,2026-10-10 01:00,-0.61,,,,,,backfill,
WL.LSG.01,2026-10-10 01:00,-1.22,,,,,,backfill,
WL.LSM.01,2026-10-10 01:00,-0.65,,,,,,backfill,
WL.LYW.01,2026-10-10 01:00,,,,,,,backfill,
WL.LYW.02,2026-10-10 01:00,-1.45,,,,,,backfill,
WL.MCM.01,2026-10-10 01:00,0.42,,,,,,backfill,
WL.MFS.01,2026-10-10 01:00,-0.69,,,,,,backfill,
WL.MKT.01,2026-10-10 01:00,-0.32,,,,,,backfill,
WL.MSW.01,2026-10-10 01:00,1.16,,,,,,backfill,
WL.MSW.02,2026-10-10 01:00,1.24,,,,,,backfill,
WL.MSW.03,2026-10-10 01:00,1.16,,,,,,backfill,
WL.MTG.01,2026-10-10 01:00,-0.69,,,,,,backfill,
WL.NBN.01,2026-10-10 01:00,-3.96,-1.32,,,,,backfill,
WL.NCH.02,2026-10-10 01:00,-1.04,,,,,,backfill,
WL.NK1.01,2026-10-10 01:00,-0.26,,,,,,backfill,
WL.NK3.01,2026-10-10 01:00,-0.36,,,,,,backfill,
WL.NKW.02,2026-10-10 01:00,-0.24,,,,,,backfill,
WL.NSG.01,2026-10-10 01:00,-2.00,,,,,,backfill,
WL.OAG.01,2026-10-10 01:00,-0.81,,,,,,backfill,
WL.ORC.01,2026-10-10 01:00,-1.34,-0.68,,,,,backfill,
WL.PKG.01,2026-10-10 01:00,0.95,,,,,,backfill,
WL.PKN.01,2026-10-10 01:00,-0.86,0.31,,,,,backfill,
WL.PLK.01,2026-10-10 01:00,-0.15,,,,,,backfill,
WL.PLP.01,2026-10-10 01:00,-0.43,,,,,,backfill,
WL.PNM.01,2026-10-10 01:00,0.29,,,,,,backfill,
WL.PSC.01,2026-10-10 01:00,,,,,,,backfill,
WL.PSC.02,2026-10-10 01:00,0.37,,,,,,backfill,
WL.PSC.03,2026-10-10 01:00,0.38,,,,,,backfill,
WL.PSC.05,2026-10-10 01:00,0.43,,,,,,backfill,
WL.PSI.01,2026-10-10 01:00,-1.23,,,,,,backfill,
WL.PSR.01,2026-10-10 01:00,1.09,1.79,,,,,backfill,
WL.PSR.02,2026-10-10 01:00,1.12,,,,,,backfill,
WL.PSR.03,2026-10-10 01:00,1.10,,,,,,backfill,
WL.PSR.04,2026-10-10 01:00,0.75,,,,,,backfill,
WL.PSR.05,2026-10-10 01:00,0.78,,,,,,backfill,
WL.PSR.06,2026-10-10 01:00,0.71,,,,,,out of order,0.71
WL.PST.01,2026-10-10 01:00,-0.88,,,,,,backfill,
WL.PWT.01,2026-10-10 01:00,-0.59,,,,,,backfill,
WL.PWT.02,2026-10-10 01:00,-0.06,,,,,,backfill,
WL.PWT.03,2026-10-10 01:00,0.18,0.19,,,,,backfill,
WL.PWT.04,2026-10-10 01:00,0.50,0.55,,,,,backfill,
WL.PWT.05,2026-10-10 01:00,,,,,,,backfill,
WL.PWT.06,2026-10-10 01:00,0.92,,,,,,backfill,
WL.PWT.07,2026-10-10 01:00,0.90,,,,,,backfill,
WL.PYW.01,2026-10-10 01:00,-0.65,,,,,,backfill,
WL.RHN.01,2026-10-10 01:00,-0.07,-0.16,,,,,backfill,
WL.RJK.01,2026-10-10 01:00,0.18,0.18,,,,,backfill,
WL.RKC.01,2026-10-10 01:00,,,,,,,backfill,
WL.RMT.01,2026-10-10 01:00,-0.69,0.78,,,,,backfill,
WL.RMT.02,2026-10-10 01:00,0.09,,,,,,backfill,
WL.RSK.01,2026-10-10 01:00,0.45,,,,,,backfill,
WL.SBR.01,2026-10-10 01:00,0.55,1.24,,,,,backfill,
WL.SBR.02,2026-10-10 01:00,0.51,,,,,,backfill,
WL.SBT.01,2026-10-10 01:00,0.09,0.21,,,,,backfill,
WL.SCO.01,2026-10-10 01:00,0.14,,,,,,backfill,
WL.SDN.01,2026-10-10 01:00,0.23,,,,,,backfill,
WL.SKG.01,2026-10-10 01:00,,,,,,,backfill,
WL.SKT.01,2026-10-10 01:00,-0.73,,,,,,backfill,
WL.SKT.02,2026-10-10 01:00,-0.75,,,,,,backfill,
WL.SLL.01,2026-10-10 01:00,,,,,,,backfill,
WL.SMK.01,2026-10-10 01:00,-0.23,,,,,,backfill,
WL.SNC.01,2026-10-10 01:00,-0.20,0.92,,,,,backfill,
WL.SNC.02,2026-10-10 01:00,0.34,,,,,,backfill,
WL.SNC.03,2026-10-10 01:00,0.10,,,,,,backfill,
WL.SNO.01,2026-10-10 01:00,-1.47,,,,,,backfill,
WL.SOL.01,2026-10-10 01:00,-0.71,,,,,,backfill,
WL.SRE.01,2026-10-10 01:00,-0.25,0.66,,,,,backfill,
WL.SRG.01,2026-10-10 01:00,-0.69,0.49,,,,,backfill,
WL.SSB.01,2026-10-10 01:00,-0.79,,,,,,backfill,
WL.SSB.03,2026-10-10 01:00,-0.55,,,,,,backfill,
WL.SSB.04,2026-10-10 01:00,,,,,,,backfill,
WL.SSB.06,2026-10-10 01:00,-0.45,,,,,,backfill,
WL.SSB.07,2026-10-10 01:00,-0.01,,,,,,backfill,
WL.SSB.08,2026-10-10 01:00,0.31,,,,,,backfill,
WL.SSB.10,2026-10-10 01:00,0.82,1.06,,,,,backfill,
WL.SSB.11,2026-10-10 01:00,1.22,,,,,,backfill,
WL.SSB.12,2026-10-10 01:00,1.22,1.50,,,,,backfill,
WL.SSG.01,2026-10-10 01:00,1.57,,,,,,backfill,
WL.SSM.01,2026-10-10 01:00,1.31,,,,,,backfill,
WL.SSN.01,2026-10-10 01:00,-1.01,1.25,,,,,backfill,
WL.SSN.02,2026-10-10 01:00,-1.50,,,,,,backfill,
WL.SSN.04,2026-10-10 01:00,-1.28,,,,,,backfill,
WL.SSN.06,2026-10-10 01:00,-1.77,,,,,,backfill,
WL.SSN.07,2026-10-10 01:00,-1.00,,,,,,backfill,
WL.SSN.08,2026-10-10 01:00,-0.65,-0.64,,,,,backfill,
WL.SSN.09,2026-10-10 01:00,-0.67,,,,,,backfill,
WL.SSN.10,2026-10-10 01:00,-0.64,,,,,,backfill,
WL.SST.01,2026-10-10 01:00,0.82,1.76,,,,,backfill,
WL.STN.01,2026-10-10 01:00,0.55,,,,,,backfill,
WL.STN.02,2026-10-10 01:00,0.62,,,,,,backfill,
WL.STN.03,2026-10-10 01:00,0.64,,,,,,backfill,
WL.STR.01,2026-10-10 01:00,-0.95,0.24,0.68,,,,backfill,
WL.SWA.01,2026-10-10 01:00,0.85,1.35,,,,,backfill,
WL.SWU.01,2026-10-10 01:00,-1.33,,,,,,backfill,
WL.TCG.01,2026-10-10 01:00,-0.96,,,,,,backfill,
WL.TPK.02,2026-10-10 01:00,,,,,,,backfill,
WL.TPK.03,2026-10-10 01:00,0.45,,,,,,backfill,
WL.TSK.01,2026-10-10 01:00,-1.65,,,,,,backfill,
WL.TTN.01,2026-10-10 01:00,-0.83,,,,,,backfill,
WL.TUT.02,2026-10-10 01:00,-0.70,,,,,,backfill,
WL.TWW.01,2026-10-10 01:00,0.54,1.18,,,,,backfill,
WL.TWW.02,2026-10-10 01:00,0.53,,,,,,backfill,
WL.TWW.03,2026-10-10 01:00,0.60,,,,,,backfill,
WL.TWW.04,2026-10-10 01:00,0.56,,,,,,backfill,
WL.TWW.05,2026-10-10 01:00,0.48,,,,,,backfill,
WL.VPD.01,2026-10-10 01:00,-0.94,,,,,,backfill,
WL.VPD.02,2026-10-10 01:00,-0.91,,,,,,backfill,
WL.VPD.03,2026-10-10 01:00,-1.29,,,,,,backfill,
WL.VPV.01,2026-10-10 01:00,-2.49,,,,,,backfill,
WL.WHK.01,2026-10-10 01:00,0.83,,,,,,backfill,
WL.WKT.01,2026-10-10 01:00,0.00,,,,,,backfill,
WL.WLS.01,2026-10-10 01:00,0.50,,,,,,backfill,
WL.WSI.01,2026-10-10 01:00,-0.61,0.45,,,,,backfill,
WL.WSV.01,2026-10-10 01:00,0.11,,,,,,backfill,
WL.WTK.01,2026-10-10 01:00,-0.50,,,,,,backfill,
WL.WTN.02,2026-10-10 01:00,-1.12,,,,,,backfill,
WL.YPE.01,2026-10-10 01:00,0.40,,,,,,backfill,
WL.YPN.01,2026-10-10 01:00,-0.97,,,,,,backfill,
WL.YPN.02,2026-10-10 01:00,-1.59,,,,,,backfill,
WL.YSN.02,2026-10-10 01:00,-0.94,,,,,,backfill,
WL.ANG.01,2026-10-10 01:10,0.95,,,,,,Normal,
WL.BBU.02,2026-10-10 01:10,0.47,,,,,,Normal,
WL.BKH.01,2026-10-10 01:10,0.14,,,,,,Normal,
WL.BMD.01,2026-10-10 01:10,0.49,,,,,,Normal,
WL.BNJ.05,2026-10-10 01:10,-1.23,,,,,,Normal,
WL.BTL.02,2026-10-10 01:10,0.08,,,,,,Normal,
WL.CYI.02,2026-10-10 01:10,-0.56,,,,,,Normal,-0.54
WL.K08.01,2026-10-10 01:10,1.57,,,,,,Alert,
WL.K10.01,2026-10-10 01:10,1.63,,,,,,Alert,
WL.K11.01,2026-10-10 01:10,1.58,,,,,,Alert,
WL.KBP.01,2026-10-10 01:10,-0.75,,,,,,Normal,
WL.KHW.01,2026-10-10 01:10,1.72,,,,,,Normal,
WL.KKO.02,2026-10-10 01:10,1.57,,,,,,Alert,
WL.KPM.07,2026-10-10 01:10,0.63,,,,,,Alert,
WL.LPS.01,2026-10-10 01:10,0.8,,,,,,Normal,
WL.LPT.05,2026-10-10 01:10,1.77,,,,,,Normal,
WL.MKT.02,2026-10-10 01:10,-0.86,,,,,,Normal,
WL.NK3.02,2026-10-10 01:10,-0.52,,,,,,Normal,
WL.POC.01,2026-10-10 01:10,1.46,,,,,,Normal,
WL.PSC.06,2026-10-10 01:10,0.21,,,,,,Normal,
WL.RPS.01,2026-10-10 01:10,2.06,,,,,,Alert,
WL.SSB.04,2026-10-10 01:10,-0.63,-0.64,,7.5,7.5,,Normal,-0.6
WL.SSG.02,2026-10-10 01:10,1.56,,,,,,Alert,
WL.SSM.02,2026-10-10 01:10,1.56,,,,,,Normal,
WL.STN.01,2026-10-10 01:10,0.55,,,,,,Alert,0.55
WL.SWA.02,2026-10-10 01:10,1.44,,,,,,Normal,
WL.WSV.01,2026-10-10 01:10,0.11,,,,,,Normal,0.12
WL.AJP.01,2026-10-10 01:15,-1.19,,,,,,Normal,-1.17
WL.ANX.01,2026-10-10 01:15,0.01,,,,,,Normal,0.01
WL.BAM.01,2026-10-10 01:15,0.12,,,,,,Normal,0.12
WL.BBN.02,2026-10-10 01:15,0.36,,,,,,Normal,0.39
WL.BBN.03,2026-10-10 01:15,0.54,,,,,,Critical,0.55
WL.BBR.01,2026-10-10 01:15,-0.03,,,,,,Normal,0.04
WL.BBR.02,2026-10-10 01:15,-0.05,,,,,,Normal,0.01
WL.BBU.01,2026-10-10 01:15,0.44,,,,,,Normal,0.45
WL.BCN.01,2026-10-10 01:15,0.45,,,,,,Normal,0.46
WL.BCN.02,2026-10-10 01:15,0.46,,,,,,Normal,0.46
WL.BJK.01,2026-10-10 01:15,-1.57,0.15,,0.0,0.0,,Normal,-1.54
WL.BJK.02,2026-10-10 01:15,0.48,,,,,,Normal,0.49
WL.BJK.03,2026-10-10 01:15,0.45,,,,,,Normal,0.45
WL.BJK.04,2026-10-10 01:15,0.52,,,,,,Normal,0.52
WL.BKA.01,2026-10-10 01:15,-1.14,1.47,,1.73,1.74,0.0,Normal,-1.14
WL.BKA.02,2026-10-10 01:15,-0.77,,,,,,Normal,-0.77
WL.BKA.03,2026-10-10 01:15,-0.37,,,,,,Normal,-0.37
WL.BKA.04,2026-10-10 01:15,0.07,,,,,,Normal,0.1
WL.BKB.01,2026-10-10 01:15,-0.41,,,,,,Normal,-0.4
WL.BKG.01,2026-10-10 01:15,0.67,-2.0,,0.0,,,Critical,0.67
WL.BKK.01,2026-10-10 01:15,0.48,,,,,,Normal,
WL.BKT.01,2026-10-10 01:15,-0.81,,,,,,Normal,-0.79
WL.BKY.01,2026-10-10 01:15,0.4,0.98,,0.0,6.98,0.0,Normal,0.4
WL.BKY.02,2026-10-10 01:15,0.43,,,,,,Normal,0.43
WL.BLP.02,2026-10-10 01:15,-0.77,,,,,,Normal,-0.74
WL.BLY.01,2026-10-10 01:15,-0.5,,,,,,Normal,-0.5
WL.BLY.02,2026-10-10 01:15,-0.58,,,,,,Normal,-0.58
WL.BMA.02,2026-10-10 01:15,-0.12,,,,,,Normal,-0.11
WL.BMK.01,2026-10-10 01:15,-1.23,,,,,,Normal,-1.23
WL.BNA.01,2026-10-10 01:15,-1.72,0.07,,0.0,0.0,,Normal,-1.71
WL.BNA.03,2026-10-10 01:15,-0.66,,,,,,Normal,-0.65
WL.BNA.04,2026-10-10 01:15,-0.56,,,,,,Normal,-0.55
WL.BNJ.02,2026-10-10 01:15,-1.37,,,,,,Normal,-1.37
WL.BNJ.04,2026-10-10 01:15,-1.32,,,,,,Normal,-1.32
WL.BNS.01,2026-10-10 01:15,0.38,,,,,,Normal,0.4
WL.BOA.01,2026-10-10 01:15,-1.53,0.2,,0.0,0.0,,Normal,-1.5
WL.BOA.02,2026-10-10 01:15,-1.51,,,,,,Normal,-1.49
WL.BOA.03,2026-10-10 01:15,-1.54,,,,,,Normal,-1.5
WL.BON.01,2026-10-10 01:15,-1.55,,,,,,Normal,-1.52
WL.BPA.01,2026-10-10 01:15,-0.64,,,,,,Normal,-0.62
WL.BPK.01,2026-10-10 01:15,0.1,,,,,,Normal,0.12
WL.BPM.01,2026-10-10 01:15,0.3,,,,,,Normal,0.3
WL.BPM.02,2026-10-10 01:15,0.4,,,,,,Normal,0.41
WL.BPM.03,2026-10-10 01:15,0.54,,,,,,Normal,0.56
WL.BPM.04,2026-10-10 01:15,0.45,,,,,,Normal,0.47
WL.BPN.02,2026-10-10 01:15,0.38,,,,,,Normal,0.41
WL.BPU.01,2026-10-10 01:15,0.03,,,,,,Normal,0.03
WL.BSE.01,2026-10-10 01:15,-1.56,,,,,,Normal,
WL.BSK.01,2026-10-10 01:15,-0.01,0.6,,0.0,0.0,,Normal,-0.01
WL.BSU.01,2026-10-10 01:15,-1.24,1.39,,0.0,0.0,0.0,Normal,-1.14
WL.BSU.02,2026-10-10 01:15,-0.93,,,,,,Normal,-0.88
WL.BSU.03,2026-10-10 01:15,-1.21,,,,,,Normal,-1.17
WL.BSU.04,2026-10-10 01:15,-1.12,,,,,,Normal,-1.09
WL.BSU.05,2026-10-10 01:15,-1.1,,,,,,Normal,-1.06
WL.BSU.06,2026-10-10 01:15,-0.95,,,,,,Normal,-0.75
WL.BSU.07,2026-10-10 01:15,-0.53,,,,,,Normal,-0.47
WL.BTL.01,2026-10-10 01:15,-0.63,,,,,,Normal,-0.63
WL.BTY.01,2026-10-10 01:15,0.25,,,,,,Normal,0.27
WL.BWK.01,2026-10-10 01:15,0.38,,,,,,Normal,0.39
WL.BWK.02,2026-10-10 01:15,0.57,,,,,,Normal,0.57
WL.BWK.03,2026-10-10 01:15,0.52,,,,,,Normal,0.54
WL.BYI.01,2026-10-10 01:15,1.0,,,,,,Critical,1.0
WL.BYK.02,2026-10-10 01:15,0.08,,,,,,Normal,0.15
WL.CKS.01,2026-10-10 01:15,-1.29,,,0.0,0.0,,Normal,-1.23
WL.CKS.02,2026-10-10 01:15,-0.94,,,,,,Normal,-0.93
WL.CKS.03,2026-10-10 01:15,-1.05,,,,,,Normal,-1.04
WL.CLH.01,2026-10-10 01:15,-0.34,,,,,,Normal,
WL.CNS.01,2026-10-10 01:15,-1.02,0.24,,0.0,0.0,,Normal,-0.97
WL.CPA.01,2026-10-10 01:15,0.29,1.13,,5.37,3.52,,Normal,0.29
WL.CPA.02,2026-10-10 01:15,0.37,,,,,,Normal,0.37
WL.CYI.01,2026-10-10 01:15,-0.59,,,,,,Normal,-0.56
WL.CYI.03,2026-10-10 01:15,-0.5,,,,,,Normal,-0.48
WL.DKN.01,2026-10-10 01:15,0.32,0.53,,0.0,6.39,0.0,Normal,0.33
WL.FTM.01,2026-10-10 01:15,-1.05,,,,,,Normal,-1.04
WL.HKG.01,2026-10-10 01:15,-0.73,,,,,,Normal,-0.71
WL.HKG.02,2026-10-10 01:15,-0.68,,,,,,Normal,-0.66
WL.HMK.01,2026-10-10 01:15,-0.16,,,,,,Alert,-0.15
WL.HMK.02,2026-10-10 01:15,-0.35,,,,,,Normal,-0.34
WL.HMK.03,2026-10-10 01:15,-0.12,,,,,,Normal,-0.11
WL.JRN.01,2026-10-10 01:15,0.27,0.42,,0.0,,,Normal,0.27
WL.KBU.01,2026-10-10 01:15,0.45,1.12,,0.0,,,Normal,0.45
WL.KBU.02,2026-10-10 01:15,0.44,,,,,,Normal,0.44
WL.KCD.01,2026-10-10 01:15,-1.01,,,,,,Normal,-1.0
WL.KDN.01,2026-10-10 01:15,-0.67,0.23,,0.0,,,Normal,-0.65
WL.KJA.01,2026-10-10 01:15,-0.79,,,,,,Normal,-0.79
WL.KJA.02,2026-10-10 01:15,-0.34,,,,,,Normal,-0.34
WL.KJG.01,2026-10-10 01:15,-0.47,,,,,,Normal,-0.43
WL.KJK.01,2026-10-10 01:15,-1.33,0.17,,0.0,0.0,,Normal,-1.21
WL.KJK.02,2026-10-10 01:15,-1.32,,,,,,Normal,-1.15
WL.KJN.02,2026-10-10 01:15,-0.12,,,,,,Normal,-0.11
WL.KJT.01,2026-10-10 01:15,-1.18,,,,,,Normal,-1.12
WL.KJU.01,2026-10-10 01:15,-0.73,,,,,,Normal,-0.39
WL.KKD.01,2026-10-10 01:15,-0.51,,,,,,Normal,-0.51
WL.KKD.02,2026-10-10 01:15,-0.63,,,,,,Normal,-0.63
WL.KKD.03,2026-10-10 01:15,-0.79,,,,,,Normal,-0.79
WL.KKO.01,2026-10-10 01:15,1.62,,,,,,Alert,1.62
WL.KKS.01,2026-10-10 01:15,-0.76,1.14,,0.0,0.0,,Normal,-0.72
WL.KKS.02,2026-10-10 01:15,-0.73,,,,,,Normal,-0.69
WL.KKS.03,2026-10-10 01:15,-0.87,,,,,,Normal,-0.86
WL.KKS.04,2026-10-10 01:15,-0.89,0.75,,0.0,,,Normal,-0.88
WL.KKY.01,2026-10-10 01:15,0.49,,,,,,Normal,0.51
WL.KKY.02,2026-10-10 01:15,0.53,,,,,,Normal,0.54
WL.KLA.01,2026-10-10 01:15,-0.31,,,,,,Normal,-0.31
WL.KLD.01,2026-10-10 01:15,-0.23,,,,,,Normal,-0.23
WL.KLD.02,2026-10-10 01:15,-0.15,,,,,,Normal,-0.15
WL.KLT.01,2026-10-10 01:15,-0.73,,,,,,Normal,-0.7
WL.KMN.01,2026-10-10 01:15,0.36,0.97,,0.29,5.86,0.0,Normal,0.36
WL.KNB.02,2026-10-10 01:15,-0.41,,,,,,Normal,-0.41
WL.KPG.01,2026-10-10 01:15,-1.25,,,,,,Normal,-1.25
WL.KPM.01,2026-10-10 01:15,-0.33,,,,,,Normal,-0.32
WL.KPM.03,2026-10-10 01:15,-0.11,,,,,,Normal,-0.11
WL.KPM.05,2026-10-10 01:15,0.45,,,,,,Normal,0.46
WL.KPM.06,2026-10-10 01:15,0.45,,,,,,Normal,0.47
WL.KPM.08,2026-10-10 01:15,0.42,,,,,,Normal,0.43
WL.KSG.01,2026-10-10 01:15,0.69,,,,,,Normal,0.7
WL.KSI.01,2026-10-10 01:15,0.78,,,,,,Normal,0.78
WL.KSI.02,2026-10-10 01:15,0.8,,,,,,Critical,0.8
WL.KSK.01,2026-10-10 01:15,-0.65,,,,,,Normal,-0.65
WL.KSM.01,2026-10-10 01:15,0.79,,,,,,Critical,0.8
WL.KSM.02,2026-10-10 01:15,0.74,,,,,,Critical,0.74
WL.KSO.01,2026-10-10 01:15,0.57,,,,,,Normal,0.6
WL.KSO.02,2026-10-10 01:15,0.58,,,,,,Normal,0.6
WL.KTY.01,2026-10-10 01:15,-2.05,0.17,,0.0,,,Normal,-2.05
WL.LBK.02,2026-10-10 01:15,0.52,,,,,,Critical,0.53
WL.LBK.03,2026-10-10 01:15,0.43,,,,,,Critical,0.43
WL.LCL.01,2026-10-10 01:15,0.63,,,,,,Normal,0.63
WL.LKB.01,2026-10-10 01:15,0.66,,,,,,Critical,0.67
WL.LOA.01,2026-10-10 01:15,0.65,,,,,,Normal,0.65
WL.LOA.02,2026-10-10 01:15,0.71,,,,,,Normal,0.71
WL.LPC.01,2026-10-10 01:15,1.09,,,,,,Critical,1.1
WL.LPG.02,2026-10-10 01:15,0.99,1.75,,0.0,,,Critical,0.99
WL.LPG.03,2026-10-10 01:15,0.94,,,,,,Critical,0.94
WL.LPN.01,2026-10-10 01:15,-0.91,0.65,,0.01,,,Normal,-0.88
WL.LPP.01,2026-10-10 01:15,-1.38,,,,,,Normal,-1.38
WL.LPP.02,2026-10-10 01:15,-0.77,,,,,,Normal,
WL.LPT.03,2026-10-10 01:15,0.87,,,,,,Critical,0.87
WL.LPW.01,2026-10-10 01:15,-0.27,-0.33,,0.0,,,Normal,-0.25
WL.LPW.03,2026-10-10 01:15,0.21,,,,,,Normal,0.23
WL.LPW.04,2026-10-10 01:15,-0.51,,,,,,Normal,-0.49
WL.LPW.05,2026-10-10 01:15,-0.62,,,,,,Normal,-0.59
WL.LSG.01,2026-10-10 01:15,-1.22,,,,,,Normal,-1.22
WL.LSM.01,2026-10-10 01:15,-0.65,,,,,,Normal,-0.64
WL.LYW.02,2026-10-10 01:15,-1.45,,,,,,Normal,-1.44
WL.MCM.01,2026-10-10 01:15,0.42,,,,,,Normal,0.44
WL.MFS.01,2026-10-10 01:15,-0.69,,,,,,Normal,-0.69
WL.MKT.01,2026-10-10 01:15,-0.32,,,,,,Normal,-0.31
WL.MSW.01,2026-10-10 01:15,1.15,,,,,,Normal,1.21
WL.MSW.02,2026-10-10 01:15,1.24,,,,,,Normal,1.24
WL.MSW.03,2026-10-10 01:15,1.14,,,,,,Normal,1.26
WL.MSW.04,2026-10-10 01:15,1.06,,,,,,Normal,
WL.MTG.01,2026-10-10 01:15,-0.69,,,,,,Normal,-0.69
WL.NBN.01,2026-10-10 01:15,-3.97,-1.32,,0.0,,,Normal,-3.94
WL.NCH.02,2026-10-10 01:15,-0.47,,,,,,Normal,-0.41
WL.NK1.01,2026-10-10 01:15,-0.24,,,,,,Normal,-0.24
WL.NK3.01,2026-10-10 01:15,-0.35,,,,,,Normal,-0.35
WL.NKW.02,2026-10-10 01:15,-0.24,,,,,,Normal,-0.23
WL.NSG.01,2026-10-10 01:15,-2.0,,,,,,Normal,-2.0
WL.OAG.01,2026-10-10 01:15,-0.82,,,,,,Normal,-0.78
WL.ORC.01,2026-10-10 01:15,-1.34,-0.69,,0.0,,,Normal,-1.34
WL.PKG.01,2026-10-10 01:15,0.88,,,,,,Normal,0.96
WL.PKN.01,2026-10-10 01:15,-0.85,0.34,,0.0,0.0,0.0,Normal,-0.83
WL.PLK.01,2026-10-10 01:15,-0.01,,,,,,Normal,-0.01
WL.PLP.01,2026-10-10 01:15,-0.44,,,,,,Normal,-0.43
WL.PNM.01,2026-10-10 01:15,0.29,,,,,,Alert,0.3
WL.PSC.01,2026-10-10 01:15,0.39,0.43,,0.0,0.0,0.0,Normal,0.39
WL.PSC.02,2026-10-10 01:15,0.37,,,,,,Normal,0.37
WL.PSC.03,2026-10-10 01:15,0.38,,,,,,Normal,0.38
WL.PSC.05,2026-10-10 01:15,0.43,,,,,,Normal,0.45
WL.PSI.01,2026-10-10 01:15,-1.21,,,,,,Normal,-1.21
WL.PSR.01,2026-10-10 01:15,1.09,1.8,,0.2,,,Critical,1.09
WL.PSR.02,2026-10-10 01:15,1.12,,,,,,Alert,1.13
WL.PSR.03,2026-10-10 01:15,1.1,,,,,,Alert,1.1
WL.PSR.04,2026-10-10 01:15,0.75,,,,,,Normal,0.75
WL.PSR.05,2026-10-10 01:15,0.78,,,,,,Alert,0.78
WL.PST.01,2026-10-10 01:15,-0.88,,,,,,Normal,-0.88
WL.PWT.01,2026-10-10 01:15,-0.59,,,,,,Normal,-0.57
WL.PWT.02,2026-10-10 01:15,-0.07,,,,,,Normal,-0.06
WL.PWT.03,2026-10-10 01:15,0.18,0.19,,5.84,5.9,,Normal,0.18
WL.PWT.04,2026-10-10 01:15,0.5,0.55,,4.94,,,Alert,0.51
WL.PWT.06,2026-10-10 01:15,0.92,,,,,,Critical,0.92
WL.PWT.07,2026-10-10 01:15,0.9,,,,,,Critical,0.9
WL.PYW.01,2026-10-10 01:15,-0.64,,,,,,Normal,-0.64
WL.RHN.01,2026-10-10 01:15,-0.07,-0.17,,0.0,,,Normal,-0.06
WL.RJK.01,2026-10-10 01:15,0.17,0.17,,7.5,,,Normal,0.21
WL.RMN.01,2026-10-10 01:15,0.53,,,,,,Normal,
WL.RMT.01,2026-10-10 01:15,-0.7,0.77,,0.0,0.0,,Normal,-0.58
WL.RMT.02,2026-10-10 01:15,0.08,,,,,,Normal,0.1
WL.RMT.03,2026-10-10 01:15,-2.0,,,,,,Normal,-2.0
WL.RSK.01,2026-10-10 01:15,0.44,,,,,,Normal,0.46
WL.SBR.01,2026-10-10 01:15,0.55,1.24,,0.0,,,Normal,0.57
WL.SBR.02,2026-10-10 01:15,0.51,,,,,,Normal,0.53
WL.SBT.01,2026-10-10 01:15,0.09,0.2,,0.0,,,Normal,0.09
WL.SCO.01,2026-10-10 01:15,0.14,,,,,,Normal,0.14
WL.SDN.01,2026-10-10 01:15,0.23,,,,,,Normal,0.23
WL.SKT.01,2026-10-10 01:15,-0.72,,,,,,Normal,-0.72
WL.SKT.02,2026-10-10 01:15,-0.75,,,,,,Normal,-0.75
WL.SMK.01,2026-10-10 01:15,-0.23,,,,,,Normal,-0.23
WL.SNC.01,2026-10-10 01:15,-0.19,0.91,,0.0,0.0,0.0,Normal,-0.19
WL.SNC.02,2026-10-10 01:15,0.35,,,,,,Normal,0.35
WL.SNC.03,2026-10-10 01:15,0.1,,,,,,Normal,0.11
WL.SNO.01,2026-10-10 01:15,-1.4,,,,,,Normal,-1.23
WL.SOL.01,2026-10-10 01:15,-0.71,,,,,,Normal,-0.71
WL.SRE.01,2026-10-10 01:15,-0.24,0.65,,0.0,0.0,,Normal,-0.24
WL.SRG.01,2026-10-10 01:15,-0.69,0.5,,0.0,0.0,0.0,Normal,-0.67
WL.SSB.01,2026-10-10 01:15,-0.8,,,,,,Normal,-0.75
WL.SSB.03,2026-10-10 01:15,-0.56,,,,,,Normal,-0.53
WL.SSB.06,2026-10-10 01:15,-0.45,,,,,,Normal,-0.43
WL.SSB.07,2026-10-10 01:15,-0.02,,,,,,Normal,0.01
WL.SSB.08,2026-10-10 01:15,0.3,,,,,,Normal,0.32
WL.SSB.09,2026-10-10 01:15,0.57,1.1,,0.0,,,Critical,0.57
WL.SSB.10,2026-10-10 01:15,0.82,1.06,,3.64,,,Critical,0.83
WL.SSB.11,2026-10-10 01:15,1.22,,,,,,Critical,1.22
WL.SSB.12,2026-10-10 01:15,1.22,1.5,,0.0,,,Critical,1.22
WL.SSB.13,2026-10-10 01:15,1.89,,,,,,Critical,
WL.SSG.01,2026-10-10 01:15,1.57,,,,,,Alert,1.57
WL.SSM.01,2026-10-10 01:15,1.31,-99,,0.0,,,Critical,1.32
WL.SSN.01,2026-10-10 01:15,-1.01,1.24,,7.0,0.0,0.0,Normal,-1.01
WL.SSN.04,2026-10-10 01:15,-1.3,,,,,,Normal,-1.21
WL.SSN.06,2026-10-10 01:15,-1.77,,,,,,Normal,-1.77
WL.SSN.07,2026-10-10 01:15,-1.01,,,,,,Normal,-0.97
WL.SSN.08,2026-10-10 01:15,-0.66,-0.66,,0.0,,,Normal,-0.63
WL.SSN.09,2026-10-10 01:15,-0.67,,,,,,Normal,-0.65
WL.SSN.10,2026-10-10 01:15,-0.65,,,,,,Normal,-0.62
WL.SST.01,2026-10-10 01:15,0.82,1.76,,0.32,,,Alert,0.83
WL.STN.02,2026-10-10 01:15,0.62,,,,,,Critical,0.62
WL.STN.03,2026-10-10 01:15,0.64,,,,,,Critical,0.64
WL.STR.01,2026-10-10 01:15,-0.95,0.24,0.65,0.0,0.0,0.0,Normal,-0.91
WL.SWA.01,2026-10-10 01:15,0.85,1.35,,0.43,,,Critical,0.85
WL.SWU.01,2026-10-10 01:15,-1.31,,,,,,Normal,-1.31
WL.TCG.01,2026-10-10 01:15,-0.96,,,,,,Normal,-0.96
WL.TPK.03,2026-10-10 01:15,0.45,,,,,,Critical,0.45
WL.TSK.01,2026-10-10 01:15,-1.64,,,,,,Normal,-1.64
WL.TTN.01,2026-10-10 01:15,-0.83,,,,,,Normal,-0.82
WL.TUT.02,2026-10-10 01:15,-0.69,,,,,,Normal,-0.69
WL.TWW.01,2026-10-10 01:15,0.54,1.18,,0.02,,,Normal,0.56
WL.TWW.02,2026-10-10 01:15,0.53,,,,,,Normal,0.55
WL.TWW.03,2026-10-10 01:15,0.6,,,,,,Alert,0.62
WL.TWW.04,2026-10-10 01:15,0.55,,,,,,Normal,0.57
WL.TWW.05,2026-10-10 01:15,0.48,,,,,,Normal,0.49
WL.VPD.01,2026-10-10 01:15,-0.95,,,,,,Normal,-0.94
WL.VPD.02,2026-10-10 01:15,-0.91,,,,,,Normal,-0.91
WL.VPD.03,2026-10-10 01:15,-1.29,,,,,,Normal,-1.29
WL.VPV.01,2026-10-10 01:15,-2.66,,,0.0,,,Normal,-1.43
WL.WHK.01,2026-10-10 01:15,0.82,,,,,,Normal,0.86
WL.WKT.01,2026-10-10 01:15,0.03,,,,,,Normal,0.03
WL.WLS.01,2026-10-10 01:15,0.5,,,,,,Normal,0.51
WL.WSI.01,2026-10-10 01:15,-0.6,0.44,,0.0,0.0,0.0,Normal,-0.6
WL.WTK.01,2026-10-10 01:15,-0.5,,,,,,Normal,-0.5
WL.WTN.02,2026-10-10 01:15,-1.13,,,,,,Normal,-1.11
WL.YPE.01,2026-10-10 01:15,0.41,,,,,,Normal,0.41
WL.YPN.01,2026-10-10 01:15,-0.97,,,,,,Normal,-0.95
WL.YPN.02,2026-10-10 01:15,-1.19,,,,,,Normal,-1.19
WL.YSN.02,2026-10-10 01:15,-0.94,,,,,,Normal,-0.91
WL.KPM.04,2026-10-10 01:25,0.38,,,,,,Normal,0.4
WL.KKD.04,2026-10-10 01:35,-0.59,,,,,,Normal,-0.59
WL.BMK.01,2026-10-10 01:50,-1.17,,,,,,temporarily out of order,-1.17
WL.AJP.01,2026-10-10 02:00,-1.19,,,,,,backfill,
WL.ANX.01,2026-10-10 02:00,0.02,,,,,,backfill,
WL.BAM.01,2026-10-10 02:00,0.14,,,,,,backfill,
WL.BBN.01,2026-10-10 02:00,,,,,,,backfill,
WL.BBN.02,2026-10-10 02:00,0.35,,,,,,backfill,
WL.BBN.03,2026-10-10 02:00,,,,,,,backfill,
WL.BBR.01,2026-10-10 02:00,-0.07,,,,,,backfill,
WL.BBR.02,2026-10-10 02:00,-0.09,,,,,,backfill,
WL.BBU.01,2026-10-10 02:00,0.43,,,,,,backfill,
WL.BCN.01,2026-10-10 02:00,0.44,,,,,,backfill,
WL.BCN.02,2026-10-10 02:00,0.46,,,,,,backfill,
WL.BCN.03,2026-10-10 02:00,0.50,,,,,,backfill,
WL.BJK.01,2026-10-10 02:00,-1.59,0.37,,,,,backfill,
WL.BJK.02,2026-10-10 02:00,0.48,,,,,,backfill,
WL.BJK.03,2026-10-10 02:00,0.46,,,,,,backfill,
WL.BJK.04,2026-10-10 02:00,0.51,,,,,,backfill,
WL.BKA.01,2026-10-10 02:00,-1.11,1.43,,,,,backfill,
WL.BKA.02,2026-10-10 02:00,-0.77,,,,,,backfill,
WL.BKA.03,2026-10-10 02:00,-0.38,,,,,,backfill,
WL.BKA.04,2026-10-10 02:00,0.06,,,,,,backfill,
WL.BKB.01,2026-10-10 02:00,-0.42,,,,,,backfill,
WL.BKG.01,2026-10-10 02:00,0.66,-2.00,,,,,backfill,
WL.BKT.01,2026-10-10 02:00,-0.80,,,,,,backfill,
WL.BKY.01,2026-10-10 02:00,0.40,0.99,,,,,backfill,
WL.BKY.02,2026-10-10 02:00,0.43,,,,,,backfill,
WL.BLP.02,2026-10-10 02:00,-0.79,,,,,,backfill,
WL.BLY.01,2026-10-10 02:00,-0.50,,,,,,backfill,
WL.BLY.02,2026-10-10 02:00,-0.58,,,,,,backfill,
WL.BMA.02,2026-10-10 02:00,-0.13,,,,,,backfill,
WL.BMK.01,2026-10-10 02:00,-1.16,,,,,,backfill,
WL.BNA.01,2026-10-10 02:00,-1.70,0.31,,,,,backfill,
WL.BNA.02,2026-10-10 02:00,,,,,,,backfill,
WL.BNA.03,2026-10-10 02:00,-0.66,,,,,,backfill,
WL.BNA.04,2026-10-10 02:00,-0.56,,,,,,backfill,
WL.BNJ.01,2026-10-10 02:00,,,,,,,backfill,
WL.BNJ.02,2026-10-10 02:00,-1.31,,,,,,backfill,
WL.BNJ.03,2026-10-10 02:00,,,,,,,backfill,
WL.BNJ.04,2026-10-10 02:00,-1.23,,,,,,backfill,
WL.BNS.01,2026-10-10 02:00,0.37,,,,,,backfill,
WL.BOA.01,2026-10-10 02:00,-1.54,0.45,,,,,backfill,
WL.BOA.02,2026-10-10 02:00,-1.58,,,,,,backfill,
WL.BOA.03,2026-10-10 02:00,-1.54,,,,,,backfill,
WL.BON.01,2026-10-10 02:00,-1.57,,,,,,backfill,
WL.BPA.01,2026-10-10 02:00,-0.65,,,,,,backfill,
WL.BPK.01,2026-10-10 02:00,0.17,,,,,,backfill,
WL.BPM.01,2026-10-10 02:00,0.30,,,,,,backfill,
WL.BPM.02,2026-10-10 02:00,0.40,,,,,,backfill,
WL.BPM.03,2026-10-10 02:00,0.54,,,,,,backfill,
WL.BPM.04,2026-10-10 02:00,0.44,,,,,,backfill,
WL.BPN.02,2026-10-10 02:00,0.37,,,,,,backfill,
WL.BPU.01,2026-10-10 02:00,0.40,,,,,,backfill,
WL.BSK.01,2026-10-10 02:00,0.10,0.66,,,,,backfill,
WL.BSU.01,2026-10-10 02:00,-1.00,1.36,,,,,backfill,
WL.BSU.02,2026-10-10 02:00,-0.94,,,,,,backfill,
WL.BSU.03,2026-10-10 02:00,-1.21,,,,,,backfill,
WL.BSU.04,2026-10-10 02:00,-1.12,,,,,,backfill,
WL.BSU.05,2026-10-10 02:00,-1.14,,,,,,backfill,
WL.BSU.06,2026-10-10 02:00,,,,,,,backfill,
WL.BSU.07,2026-10-10 02:00,-0.57,,,,,,backfill,
WL.BTL.01,2026-10-10 02:00,-0.62,,,,,,backfill,
WL.BTY.01,2026-10-10 02:00,0.24,,,,,,backfill,
WL.BWK.01,2026-10-10 02:00,0.40,,,,,,backfill,
WL.BWK.02,2026-10-10 02:00,0.57,,,,,,backfill,
WL.BWK.03,2026-10-10 02:00,0.51,,,,,,backfill,
WL.BYI.01,2026-10-10 02:00,1.00,,,,,,backfill,
WL.BYK.01,2026-10-10 02:00,,,,,,,backfill,
WL.BYK.02,2026-10-10 02:00,0.05,,,,,,backfill,
WL.CKS.01,2026-10-10 02:00,-1.32,,,,,,backfill,
WL.CKS.02,2026-10-10 02:00,-0.95,,,,,,backfill,
WL.CKS.03,2026-10-10 02:00,-1.06,,,,,,backfill,
WL.CNS.01,2026-10-10 02:00,-1.33,0.39,,,,,backfill,
WL.CPA.01,2026-10-10 02:00,0.29,1.10,,,,,backfill,
WL.CPA.02,2026-10-10 02:00,0.38,,,,,,backfill,
WL.CYI.01,2026-10-10 02:00,-0.60,,,,,,backfill,
WL.CYI.02,2026-10-10 02:00,-0.58,,,,,,backfill,
WL.CYI.03,2026-10-10 02:00,-0.52,,,,,,backfill,
WL.DKN.01,2026-10-10 02:00,0.33,0.60,,,,,backfill,
WL.FTM.01,2026-10-10 02:00,-1.07,,,,,,backfill,
WL.HKG.01,2026-10-10 02:00,-0.74,,,,,,backfill,
WL.HKG.02,2026-10-10 02:00,-0.69,,,,,,backfill,
WL.HMK.01,2026-10-10 02:00,-0.16,,,,,,backfill,
WL.HMK.02,2026-10-10 02:00,-0.35,,,,,,backfill,
WL.HMK.03,2026-10-10 02:00,-0.13,,,,,,backfill,
WL.JKK.01,2026-10-10 02:00,,,,,,,backfill,
WL.JRN.01,2026-10-10 02:00,0.27,0.52,,,,,backfill,
WL.KBU.01,2026-10-10 02:00,0.46,1.08,,,,,backfill,
WL.KBU.02,2026-10-10 02:00,0.45,,,,,,backfill,
WL.KCD.01,2026-10-10 02:00,-1.02,,,,,,backfill,
WL.KDN.01,2026-10-10 02:00,-0.68,0.40,,,,,backfill,
WL.KJA.01,2026-10-10 02:00,-0.80,,,,,,backfill,
WL.KJA.02,2026-10-10 02:00,-0.34,,,,,,backfill,
WL.KJG.01,2026-10-10 02:00,-0.45,,,,,,backfill,
WL.KJK.01,2026-10-10 02:00,-1.32,0.38,,,,,backfill,
WL.KJK.02,2026-10-10 02:00,-1.27,,,,,,backfill,
WL.KJN.01,2026-10-10 02:00,,,,,,,backfill,
WL.KJN.02,2026-10-10 02:00,-0.14,,,,,,backfill,
WL.KJT.01,2026-10-10 02:00,-1.20,,,,,,backfill,
WL.KJU.01,2026-10-10 02:00,-0.53,,,,,,backfill,
WL.KKD.01,2026-10-10 02:00,-0.51,,,,,,backfill,
WL.KKD.02,2026-10-10 02:00,-0.62,,,,,,backfill,
WL.KKD.03,2026-10-10 02:00,-0.77,,,,,,backfill,
WL.KKD.04,2026-10-10 02:00,-0.59,,,,,,backfill,
WL.KKO.01,2026-10-10 02:00,1.62,,,,,,backfill,
WL.KKS.01,2026-10-10 02:00,-0.78,1.12,,,,,backfill,
WL.KKS.02,2026-10-10 02:00,-0.74,,,,,,backfill,
WL.KKS.03,2026-10-10 02:00,-0.89,,,,,,backfill,
WL.KKS.04,2026-10-10 02:00,-0.91,0.79,,,,,backfill,
WL.KKY.01,2026-10-10 02:00,0.48,,,,,,backfill,
WL.KKY.02,2026-10-10 02:00,0.52,,,,,,backfill,
WL.KLA.01,2026-10-10 02:00,-0.32,,,,,,backfill,
WL.KLD.01,2026-10-10 02:00,-0.20,,,,,,backfill,
WL.KLD.02,2026-10-10 02:00,-0.12,,,,,,backfill,
WL.KLT.01,2026-10-10 02:00,-0.74,,,,,,backfill,
WL.KMN.01,2026-10-10 02:00,0.37,0.99,,,,,backfill,
WL.KNB.01,2026-10-10 02:00,,,,,,,backfill,
WL.KNB.02,2026-10-10 02:00,-0.42,,,,,,backfill,
WL.KPG.01,2026-10-10 02:00,-1.19,,,,,,backfill,
WL.KPM.01,2026-10-10 02:00,-0.35,,,,,,backfill,
WL.KPM.03,2026-10-10 02:00,-0.14,,,,,,backfill,
WL.KPM.04,2026-10-10 02:00,0.33,,,,,,backfill,
WL.KPM.05,2026-10-10 02:00,0.44,,,,,,backfill,
WL.KPM.06,2026-10-10 02:00,0.44,,,,,,backfill,
WL.KPM.08,2026-10-10 02:00,0.40,,,,,,backfill,
WL.KPM.09,2026-10-10 02:00,,,,,,,backfill,
WL.KSG.01,2026-10-10 02:00,0.69,,,,,,backfill,
WL.KSI.01,2026-10-10 02:00,0.78,,,,,,backfill,
WL.KSI.02,2026-10-10 02:00,0.80,,,,,,backfill,
WL.KSK.01,2026-10-10 02:00,-0.65,,,,,,backfill,
WL.KSM.01,2026-10-10 02:00,0.79,,,,,,backfill,
WL.KSM.02,2026-10-10 02:00,0.74,,,,,,backfill,
WL.KSO.01,2026-10-10 02:00,0.56,,,,,,backfill,
WL.KSO.02,2026-10-10 02:00,0.57,,,,,,backfill,
WL.KT4.01,2026-10-10 02:00,,,,,,,backfill,
WL.KTY.01,2026-10-10 02:00,-1.99,0.37,,,,,backfill,
WL.LBK.02,2026-10-10 02:00,0.52,,,,,,backfill,
WL.LBK.03,2026-10-10 02:00,0.43,,,,,,backfill,
WL.LCL.01,2026-10-10 02:00,0.62,,,,,,backfill,
WL.LCL.02,2026-10-10 02:00,,,,,,,backfill,
WL.LKB.01,2026-10-10 02:00,0.66,,,,,,backfill,
WL.LOA.01,2026-10-10 02:00,0.65,,,,,,backfill,
WL.LOA.02,2026-10-10 02:00,0.71,,,,,,backfill,
WL.LPC.01,2026-10-10 02:00,1.09,,,,,,backfill,
WL.LPG.02,2026-10-10 02:00,0.99,1.75,,,,,backfill,
WL.LPG.03,2026-10-10 02:00,0.94,,,,,,backfill,
WL.LPI.02,2026-10-10 02:00,,,,,,,backfill,
WL.LPN.01,2026-10-10 02:00,-0.89,0.62,,,,,backfill,
WL.LPP.01,2026-10-10 02:00,-1.37,,,,,,backfill,
WL.LPT.01,2026-10-10 02:00,,,,,,,backfill,
WL.LPT.03,2026-10-10 02:00,0.86,,,,,,backfill,
WL.LPW.01,2026-10-10 02:00,-0.28,-0.34,,,,,backfill,
WL.LPW.03,2026-10-10 02:00,0.20,,,,,,backfill,
WL.LPW.04,2026-10-10 02:00,-0.53,,,,,,backfill,
WL.LPW.05,2026-10-10 02:00,-0.63,,,,,,backfill,
WL.LSG.01,2026-10-10 02:00,-1.23,,,,,,backfill,
WL.LSM.01,2026-10-10 02:00,-0.65,,,,,,backfill,
WL.LYW.01,2026-10-10 02:00,,,,,,,backfill,
WL.LYW.02,2026-10-10 02:00,-1.45,,,,,,backfill,
WL.MCM.01,2026-10-10 02:00,0.41,,,,,,backfill,
WL.MFS.01,2026-10-10 02:00,-0.69,,,,,,backfill,
WL.MKT.01,2026-10-10 02:00,-0.33,,,,,,backfill,
WL.MSW.01,2026-10-10 02:00,1.10,,,,,,backfill,
WL.MSW.02,2026-10-10 02:00,1.24,,,,,,backfill,
WL.MSW.03,2026-10-10 02:00,1.10,,,,,,backfill,
WL.MTG.01,2026-10-10 02:00,-0.68,,,,,,backfill,
WL.NBN.01,2026-10-10 02:00,-3.98,-1.31,,,,,backfill,
WL.NCH.02,2026-10-10 02:00,-0.38,,,,,,backfill,
WL.NK1.01,2026-10-10 02:00,-0.20,,,,,,backfill,
WL.NK3.01,2026-10-10 02:00,-0.32,,,,,,backfill,
WL.NKW.02,2026-10-10 02:00,-0.25,,,,,,backfill,
WL.NSG.01,2026-10-10 02:00,-2.00,,,,,,backfill,
WL.OAG.01,2026-10-10 02:00,-0.83,,,,,,backfill,
WL.ORC.01,2026-10-10 02:00,-1.34,-0.71,,,,,backfill,
WL.PKG.01,2026-10-10 02:00,0.90,,,,,,backfill,
WL.PKN.01,2026-10-10 02:00,-0.85,0.53,,,,,backfill,
WL.PLK.01,2026-10-10 02:00,0.32,,,,,,backfill,
WL.PLP.01,2026-10-10 02:00,-0.44,,,,,,backfill,
WL.PNM.01,2026-10-10 02:00,0.29,,,,,,backfill,
WL.PSC.01,2026-10-10 02:00,0.40,0.44,,,,,backfill,
WL.PSC.02,2026-10-10 02:00,0.38,,,,,,backfill,
WL.PSC.03,2026-10-10 02:00,0.38,,,,,,backfill,
WL.PSC.05,2026-10-10 02:00,0.41,,,,,,backfill,
WL.PSI.01,2026-10-10 02:00,-1.17,,,,,,backfill,
WL.PSR.01,2026-10-10 02:00,1.09,1.81,,,,,backfill,
WL.PSR.02,2026-10-10 02:00,1.12,,,,,,backfill,
WL.PSR.03,2026-10-10 02:00,1.10,,,,,,backfill,
WL.PSR.04,2026-10-10 02:00,0.75,,,,,,backfill,
WL.PSR.05,2026-10-10 02:00,0.78,,,,,,backfill,
WL.PSR.06,2026-10-10 02:00,0.71,,,,,,out of order,0.71
WL.PST.01,2026-10-10 02:00,-0.88,,,,,,backfill,
WL.PWT.01,2026-10-10 02:00,-0.60,,,,,,backfill,
WL.PWT.02,2026-10-10 02:00,-0.07,,,,,,backfill,
WL.PWT.03,2026-10-10 02:00,0.17,0.18,,,,,backfill,
WL.PWT.04,2026-10-10 02:00,0.50,0.55,,,,,backfill,
WL.PWT.05,2026-10-10 02:00,,,,,,,backfill,
WL.PWT.06,2026-10-10 02:00,0.92,,,,,,backfill,
WL.PWT.07,2026-10-10 02:00,0.89,,,,,,backfill,
WL.PYW.01,2026-10-10 02:00,-0.61,,,,,,backfill,
WL.RHN.01,2026-10-10 02:00,-0.08,-0.17,,,,,backfill,
WL.RJK.01,2026-10-10 02:00,0.17,0.17,,,,,backfill,
WL.RKC.01,2026-10-10 02:00,,,,,,,backfill,
WL.RMT.01,2026-10-10 02:00,-0.76,0.75,,,,,backfill,
WL.RMT.02,2026-10-10 02:00,0.06,,,,,,backfill,
WL.RSK.01,2026-10-10 02:00,0.44,,,,,,backfill,
WL.SBR.01,2026-10-10 02:00,0.53,1.24,,,,,backfill,
WL.SBR.02,2026-10-10 02:00,0.50,,,,,,backfill,
WL.SBT.01,2026-10-10 02:00,0.08,0.20,,,,,backfill,
WL.SCO.01,2026-10-10 02:00,0.14,,,,,,backfill,
WL.SDN.01,2026-10-10 02:00,0.23,,,,,,backfill,
WL.SKG.01,2026-10-10 02:00,,,,,,,backfill,
WL.SKT.01,2026-10-10 02:00,-0.73,,,,,,backfill,
WL.SKT.02,2026-10-10 02:00,-0.75,,,,,,backfill,
WL.SLL.01,2026-10-10 02:00,,,,,,,backfill,
WL.SMK.01,2026-10-10 02:00,-0.23,,,,,,backfill,
WL.SNC.01,2026-10-10 02:00,-0.20,0.89,,,,,backfill,
WL.SNC.02,2026-10-10 02:00,0.36,,,,,,backfill,
WL.SNC.03,2026-10-10 02:00,0.09,,,,,,backfill,
WL.SNO.01,2026-10-10 02:00,-1.28,,,,,,backfill,
WL.SOL.01,2026-10-10 02:00,-0.70,,,,,,backfill,
WL.SRE.01,2026-10-10 02:00,-0.19,0.71,,,,,backfill,
WL.SRG.01,2026-10-10 02:00,-0.70,0.57,,,,,backfill,
WL.SSB.01,2026-10-10 02:00,-0.81,,,,,,backfill,
WL.SSB.03,2026-10-10 02:00,-0.57,,,,,,backfill,
WL.SSB.04,2026-10-10 02:00,-0.64,-0.66,,,,,backfill,
WL.SSB.06,2026-10-10 02:00,-0.46,,,,,,backfill,
WL.SSB.07,2026-10-10 02:00,-0.04,,,,,,backfill,
WL.SSB.08,2026-10-10 02:00,0.30,,,,,,backfill,
WL.SSB.10,2026-10-10 02:00,0.82,1.06,,,,,backfill,
WL.SSB.11,2026-10-10 02:00,1.22,,,,,,backfill,
WL.SSB.12,2026-10-10 02:00,1.22,1.50,,,,,backfill,
WL.SSG.01,2026-10-10 02:00,1.56,,,,,,backfill,
WL.SSM.01,2026-10-10 02:00,1.31,,,,,,backfill,
WL.SSN.01,2026-10-10 02:00,-1.01,1.21,,,,,backfill,
WL.SSN.02,2026-10-10 02:00,-1.42,,,,,,backfill,
WL.SSN.04,2026-10-10 02:00,-1.34,,,,,,backfill,
WL.SSN.06,2026-10-10 02:00,-1.77,,,,,,backfill,
WL.SSN.07,2026-10-10 02:00,-1.04,,,,,,backfill,
WL.SSN.08,2026-10-10 02:00,-0.67,-0.67,,,,,backfill,
WL.SSN.09,2026-10-10 02:00,-0.69,,,,,,backfill,
WL.SSN.10,2026-10-10 02:00,-0.66,,,,,,backfill,
WL.SST.01,2026-10-10 02:00,0.82,1.75,,,,,backfill,
WL.STN.01,2026-10-10 02:00,0.55,,,,,,backfill,
WL.STN.02,2026-10-10 02:00,0.61,,,,,,backfill,
WL.STN.03,2026-10-10 02:00,0.64,,,,,,backfill,
WL.STR.01,2026-10-10 02:00,-0.95,0.24,0.69,,,,backfill,
WL.SWA.01,2026-10-10 02:00,0.85,1.34,,,,,backfill,
WL.SWU.01,2026-10-10 02:00,-1.28,,,,,,backfill,
WL.TCG.01,2026-10-10 02:00,-0.95,,,,,,backfill,
WL.TPK.02,2026-10-10 02:00,,,,,,,backfill,
WL.TPK.03,2026-10-10 02:00,0.45,,,,,,backfill,
WL.TSK.01,2026-10-10 02:00,-1.58,,,,,,backfill,
WL.TTN.01,2026-10-10 02:00,-0.83,,,,,,backfill,
WL.TUT.02,2026-10-10 02:00,-0.64,,,,,,backfill,
WL.TWW.01,2026-10-10 02:00,0.53,1.19,,,,,backfill,
WL.TWW.02,2026-10-10 02:00,0.51,,,,,,backfill,
WL.TWW.03,2026-10-10 02:00,0.59,,,,,,backfill,
WL.TWW.04,2026-10-10 02:00,0.54,,,,,,backfill,
WL.TWW.05,2026-10-10 02:00,0.46,,,,,,backfill,
WL.VPD.01,2026-10-10 02:00,-0.95,,,,,,backfill,
WL.VPD.02,2026-10-10 02:00,-0.91,,,,,,backfill,
WL.VPD.03,2026-10-10 02:00,-1.29,,,,,,backfill,
WL.VPV.01,2026-10-10 02:00,-1.51,,,,,,backfill,
WL.WHK.01,2026-10-10 02:00,0.80,,,,,,backfill,
WL.WKT.01,2026-10-10 02:00,0.12,,,,,,backfill,
WL.WLS.01,2026-10-10 02:00,0.49,,,,,,backfill,
WL.WSI.01,2026-10-10 02:00,-0.58,0.55,,,,,backfill,
WL.WSV.01,2026-10-10 02:00,0.09,,,,,,backfill,
WL.WTK.01,2026-10-10 02:00,-0.50,,,,,,backfill,
WL.WTN.02,2026-10-10 02:00,-1.13,,,,,,backfill,
WL.YPE.01,2026-10-10 02:00,0.41,,,,,,backfill,
WL.YPN.01,2026-10-10 02:00,-0.89,,,,,,backfill,
WL.YPN.02,2026-10-10 02:00,-0.94,,,,,,backfill,
WL.YSN.02,2026-10-10 02:00,-0.96,,,,,,backfill,
WL.ANG.01,2026-10-10 02:10,0.94,,,,,,Normal,
WL.BBU.02,2026-10-10 02:10,0.46,,,,,,Normal,
WL.BKH.01,2026-10-10 02:10,0.14,,,,,,Normal,
WL.BMD.01,2026-10-10 02:10,0.5,,,,,,Normal,
WL.BNJ.05,2026-10-10 02:10,-1.12,,,,,,Normal,
WL.BTL.02,2026-10-10 02:10,0.07,,,,,,Normal,
WL.CYI.02,2026-10-10 02:10,-0.58,,,,,,Normal,-0.54
WL.K08.01,2026-10-10 02:10,1.57,,,,,,Alert,
WL.K10.01,2026-10-10 02:10,1.63,,,,,,Alert,
WL.K11.01,2026-10-10 02:10,1.58,,,,,,Alert,
WL.KBP.01,2026-10-10 02:10,-0.69,,,,,,Normal,
WL.KHW.01,2026-10-10 02:10,1.71,,,,,,Normal,
WL.KKO.02,2026-10-10 02:10,1.57,,,,,,Alert,
WL.KPM.07,2026-10-10 02:10,0.64,,,,,,Alert,
WL.LPS.01,2026-10-10 02:10,0.8,,,,,,Normal,
WL.LPT.05,2026-10-10 02:10,1.93,,,,,,Normal,
WL.MKT.02,2026-10-10 02:10,-0.86,,,,,,Normal,
WL.NK3.02,2026-10-10 02:10,-0.47,,,,,,Normal,
WL.POC.01,2026-10-10 02:10,1.46,,,,,,Normal,
WL.PSC.06,2026-10-10 02:10,0.44,,,,,,Normal,
WL.RPS.01,2026-10-10 02:10,2.05,,,,,,Alert,
WL.SDN.01,2026-10-10 02:10,0.23,,,,,,Normal,0.23
WL.SSB.01,2026-10-10 02:10,-0.81,,,,,,Normal,-0.75
WL.SSG.02,2026-10-10 02:10,1.56,,,,,,Alert,
WL.STN.01,2026-10-10 02:10,0.55,,,,,,Alert,0.55
WL.SWA.02,2026-10-10 02:10,1.44,,,,,,Normal,
WL.AJP.01,2026-10-10 02:15,-1.19,,,,,,Normal,-1.17
WL.ANX.01,2026-10-10 02:15,0.0,,,,,,Normal,0.02
WL.BAM.01,2026-10-10 02:15,0.15,,,,,,Normal,0.15
WL.BBN.02,2026-10-10 02:15,0.34,,,,,,Normal,0.39
WL.BBN.03,2026-10-10 02:15,0.52,,,,,,Critical,0.55
WL.BBR.01,2026-10-10 02:15,-0.09,,,,,,Normal,0.04
WL.BBR.02,2026-10-10 02:15,-0.1,,,,,,Normal,0.01
WL.BBU.01,2026-10-10 02:15,0.43,,,,,,Normal,0.45
WL.BCN.01,2026-10-10 02:15,0.44,,,,,,Normal,0.46
WL.BCN.02,2026-10-10 02:15,0.46,,,,,,Normal,0.46
WL.BCN.03,2026-10-10 02:15,0.49,,,,,,Normal,0.52
WL.BJK.01,2026-10-10 02:15,-1.59,0.48,,0.0,0.0,,Normal,-1.54
WL.BJK.02,2026-10-10 02:15,0.48,,,,,,Normal,0.49
WL.BJK.03,2026-10-10 02:15,0.46,,,,,,Normal,0.46
WL.BJK.04,2026-10-10 02:15,0.51,,,,,,Normal,0.52
WL.BKA.01,2026-10-10 02:15,-1.11,1.43,,1.73,1.75,0.0,Normal,-1.11
WL.BKA.02,2026-10-10 02:15,-0.77,,,,,,Normal,-0.77
WL.BKA.03,2026-10-10 02:15,-0.38,,,,,,Normal,-0.37
WL.BKA.04,2026-10-10 02:15,0.05,,,,,,Normal,0.1
WL.BKB.01,2026-10-10 02:15,-0.43,,,,,,Normal,-0.4
WL.BKG.01,2026-10-10 02:15,0.66,-2.0,,0.0,,,Critical,0.67
WL.BKK.01,2026-10-10 02:15,0.47,,,,,,Normal,
WL.BKT.01,2026-10-10 02:15,-0.8,,,,,,Normal,-0.79
WL.BKY.01,2026-10-10 02:15,0.41,1.01,,0.0,6.98,0.0,Normal,0.41
WL.BKY.02,2026-10-10 02:15,0.44,,,,,,Normal,0.44
WL.BLP.02,2026-10-10 02:15,-0.79,,,,,,Normal,-0.74
WL.BLY.01,2026-10-10 02:15,-0.5,,,,,,Normal,-0.5
WL.BLY.02,2026-10-10 02:15,-0.58,,,,,,Normal,-0.58
WL.BMA.02,2026-10-10 02:15,-0.15,,,,,,Normal,-0.11
WL.BNA.01,2026-10-10 02:15,-1.67,0.42,,0.0,0.0,,Normal,-1.67
WL.BNA.03,2026-10-10 02:15,-0.66,,,,,,Normal,-0.65
WL.BNA.04,2026-10-10 02:15,-0.56,,,,,,Normal,-0.55
WL.BNJ.02,2026-10-10 02:15,-1.28,,,,,,Normal,-1.28
WL.BNJ.04,2026-10-10 02:15,-1.21,,,,,,Normal,-1.21
WL.BNS.01,2026-10-10 02:15,0.38,,,,,,Normal,0.4
WL.BOA.01,2026-10-10 02:15,-1.55,0.56,,0.0,0.0,,Normal,-1.5
WL.BOA.02,2026-10-10 02:15,-1.62,,,,,,Normal,-1.49
WL.BOA.03,2026-10-10 02:15,-1.53,,,,,,Normal,-1.5
WL.BON.01,2026-10-10 02:15,-1.57,,,,,,Normal,-1.52
WL.BPA.01,2026-10-10 02:15,-0.66,,,,,,Normal,-0.62
WL.BPK.01,2026-10-10 02:15,0.18,,,,,,Normal,0.18
WL.BPM.01,2026-10-10 02:15,0.3,,,,,,Normal,0.3
WL.BPM.02,2026-10-10 02:15,0.41,,,,,,Normal,0.41
WL.BPM.03,2026-10-10 02:15,0.53,,,,,,Normal,0.56
WL.BPM.04,2026-10-10 02:15,0.44,,,,,,Normal,0.47
WL.BPN.02,2026-10-10 02:15,0.37,,,,,,Normal,0.41
WL.BPU.01,2026-10-10 02:15,0.51,,,,,,Normal,0.51
WL.BSE.01,2026-10-10 02:15,-1.56,,,,,,Normal,
WL.BSK.01,2026-10-10 02:15,0.13,0.71,,0.0,0.0,,Normal,0.13
WL.BSU.01,2026-10-10 02:15,-0.92,1.37,,0.0,0.0,0.0,Normal,-0.92
WL.BSU.02,2026-10-10 02:15,-0.9,,,,,,Normal,-0.88
WL.BSU.03,2026-10-10 02:15,-1.21,,,,,,Normal,-1.17
WL.BSU.04,2026-10-10 02:15,-1.13,,,,,,Normal,-1.09
WL.BSU.05,2026-10-10 02:15,-1.12,,,,,,Normal,-1.06
WL.BSU.07,2026-10-10 02:15,-0.58,,,,,,Normal,-0.47
WL.BTL.01,2026-10-10 02:15,-0.62,,,,,,Normal,-0.62
WL.BTY.01,2026-10-10 02:15,0.23,,,,,,Normal,0.27
WL.BWK.01,2026-10-10 02:15,0.4,,,,,,Normal,0.4
WL.BWK.02,2026-10-10 02:15,0.57,,,,,,Normal,0.57
WL.BWK.03,2026-10-10 02:15,0.51,,,,,,Normal,0.54
WL.BYI.01,2026-10-10 02:15,1.0,,,,,,Critical,1.0
WL.BYK.02,2026-10-10 02:15,0.04,,,,,,Normal,0.15
WL.CKS.01,2026-10-10 02:15,-1.33,,,0.0,0.0,,Normal,-1.23
WL.CKS.02,2026-10-10 02:15,-0.95,,,,,,Normal,-0.93
WL.CKS.03,2026-10-10 02:15,-1.07,,,,,,Normal,-1.04
WL.CLH.01,2026-10-10 02:15,-0.38,,,,,,Normal,
WL.CNS.01,2026-10-10 02:15,-1.44,0.48,,0.0,0.0,,Normal,-0.97
WL.CPA.01,2026-10-10 02:15,0.3,1.11,,5.37,3.52,,Normal,0.3
WL.CPA.02,2026-10-10 02:15,0.38,,,,,,Normal,0.38
WL.CYI.01,2026-10-10 02:15,-0.61,,,,,,Normal,-0.56
WL.CYI.03,2026-10-10 02:15,-0.52,,,,,,Normal,-0.48
WL.DKN.01,2026-10-10 02:15,0.33,0.65,,0.0,6.39,0.0,Normal,0.33
WL.FTM.01,2026-10-10 02:15,-1.08,,,,,,Normal,-1.04
WL.HKG.01,2026-10-10 02:15,-0.75,,,,,,Normal,-0.71
WL.HKG.02,2026-10-10 02:15,-0.7,,,,,,Normal,-0.66
WL.HMK.01,2026-10-10 02:15,-0.16,,,,,,Alert,-0.15
WL.HMK.02,2026-10-10 02:15,-0.35,,,,,,Normal,-0.34
WL.HMK.03,2026-10-10 02:15,-0.13,,,,,,Normal,-0.11
WL.JRN.01,2026-10-10 02:15,0.28,0.59,,0.0,,,Normal,0.28
WL.KBU.01,2026-10-10 02:15,0.46,1.07,,0.0,,,Normal,0.46
WL.KBU.02,2026-10-10 02:15,0.45,,,,,,Normal,0.45
WL.KCD.01,2026-10-10 02:15,-1.02,,,,,,Normal,-1.0
WL.KDN.01,2026-10-10 02:15,-0.69,0.49,,0.0,,,Normal,-0.65
WL.KJA.01,2026-10-10 02:15,-0.8,,,,,,Normal,-0.79
WL.KJA.02,2026-10-10 02:15,-0.34,,,,,,Normal,-0.34
WL.KJG.01,2026-10-10 02:15,-0.52,,,,,,Normal,-0.43
WL.KJK.01,2026-10-10 02:15,-1.31,0.49,,0.0,0.0,,Normal,-1.21
WL.KJK.02,2026-10-10 02:15,-1.27,,,,,,Normal,-1.15
WL.KJN.02,2026-10-10 02:15,-0.15,,,,,,Normal,-0.11
WL.KJT.01,2026-10-10 02:15,-1.2,,,,,,Normal,-1.12
WL.KJU.01,2026-10-10 02:15,-0.45,,,,,,Normal,-0.39
WL.KKD.01,2026-10-10 02:15,-0.51,,,,,,Normal,-0.51
WL.KKD.02,2026-10-10 02:15,-0.62,,,,,,Normal,-0.62
WL.KKD.03,2026-10-10 02:15,-0.76,,,,,,Normal,-0.76
WL.KKO.01,2026-10-10 02:15,1.62,,,,,,Alert,1.62
WL.KKS.01,2026-10-10 02:15,-0.79,1.14,,0.0,0.0,,Normal,-0.72
WL.KKS.02,2026-10-10 02:15,-0.75,,,,,,Normal,-0.69
WL.KKS.03,2026-10-10 02:15,-0.89,,,,,,Normal,-0.86
WL.KKS.04,2026-10-10 02:15,-0.91,0.82,,0.0,,,Normal,-0.88
WL.KKY.01,2026-10-10 02:15,0.48,,,,,,Normal,0.51
WL.KKY.02,2026-10-10 02:15,0.52,,,,,,Normal,0.54
WL.KLA.01,2026-10-10 02:15,-0.32,,,,,,Normal,-0.31
WL.KLD.01,2026-10-10 02:15,-0.19,,,,,,Normal,-0.19
WL.KLD.02,2026-10-10 02:15,-0.11,,,,,,Normal,-0.11
WL.KLT.01,2026-10-10 02:15,-0.75,,,,,,Normal,-0.7
WL.KMN.01,2026-10-10 02:15,0.37,1.0,,0.29,5.85,0.0,Normal,0.37
WL.KNB.02,2026-10-10 02:15,-0.42,,,,,,Normal,-0.41
WL.KPG.01,2026-10-10 02:15,-1.17,,,,,,Normal,-1.17
WL.KPM.01,2026-10-10 02:15,-0.35,,,,,,Normal,-0.32
WL.KPM.03,2026-10-10 02:15,-0.15,,,,,,Normal,-0.11
WL.KPM.05,2026-10-10 02:15,0.44,,,,,,Normal,0.46
WL.KPM.06,2026-10-10 02:15,0.46,,,,,,Normal,0.47
WL.KPM.08,2026-10-10 02:15,0.4,,,,,,Normal,0.43
WL.KSG.01,2026-10-10 02:15,0.69,,,,,,Normal,0.7
WL.KSI.01,2026-10-10 02:15,0.78,,,,,,Normal,0.78
WL.KSI.02,2026-10-10 02:15,0.8,,,,,,Critical,0.8
WL.KSK.01,2026-10-10 02:15,-0.65,,,,,,Normal,-0.65
WL.KSM.01,2026-10-10 02:15,0.79,,,,,,Critical,0.8
WL.KSM.02,2026-10-10 02:15,0.74,,,,,,Critical,0.74
WL.KSO.01,2026-10-10 02:15,0.56,,,,,,Normal,0.6
WL.KSO.02,2026-10-10 02:15,0.56,,,,,,Normal,0.6
WL.KTY.01,2026-10-10 02:15,-1.97,0.47,,0.0,,,Normal,-1.97
WL.LBK.02,2026-10-10 02:15,0.51,,,,,,Critical,0.53
WL.LBK.03,2026-10-10 02:15,0.43,,,,,,Critical,0.43
WL.LCL.01,2026-10-10 02:15,0.62,,,,,,Normal,0.63
WL.LKB.01,2026-10-10 02:15,0.66,,,,,,Critical,0.67
WL.LOA.01,2026-10-10 02:15,0.65,,,,,,Normal,0.65
WL.LOA.02,2026-10-10 02:15,0.71,,,,,,Normal,0.71
WL.LPC.01,2026-10-10 02:15,1.09,,,,,,Critical,1.1
WL.LPG.02,2026-10-10 02:15,0.99,1.75,,0.0,,,Critical,0.99
WL.LPG.03,2026-10-10 02:15,0.94,,,,,,Critical,0.94
WL.LPN.01,2026-10-10 02:15,-0.89,0.62,,0.01,,,Normal,-0.88
WL.LPP.01,2026-10-10 02:15,-1.36,,,,,,Normal,-1.36
WL.LPP.02,2026-10-10 02:15,-0.77,,,,,,Normal,
WL.LPT.03,2026-10-10 02:15,0.86,,,,,,Critical,0.87
WL.LPW.01,2026-10-10 02:15,-0.29,-0.35,,0.0,,,Normal,-0.25
WL.LPW.03,2026-10-10 02:15,0.2,,,,,,Normal,0.23
WL.LPW.04,2026-10-10 02:15,-0.54,,,,,,Normal,-0.49
WL.LPW.05,2026-10-10 02:15,-0.64,,,,,,Normal,-0.59
WL.LSG.01,2026-10-10 02:15,-1.23,,,,,,Normal,-1.22
WL.LSM.01,2026-10-10 02:15,-0.65,,,,,,Normal,-0.64
WL.LYW.02,2026-10-10 02:15,-1.45,,,,,,Normal,-1.44
WL.MCM.01,2026-10-10 02:15,0.4,,,,,,Normal,0.44
WL.MFS.01,2026-10-10 02:15,-0.69,,,,,,Normal,-0.69
WL.MKT.01,2026-10-10 02:15,-0.33,,,,,,Normal,-0.31
WL.MSW.01,2026-10-10 02:15,1.1,,,,,,Normal,1.21
WL.MSW.02,2026-10-10 02:15,1.24,,,,,,Normal,1.24
WL.MSW.03,2026-10-10 02:15,1.08,,,,,,Normal,1.26
WL.MSW.04,2026-10-10 02:15,1.07,,,,,,Normal,
WL.MTG.01,2026-10-10 02:15,-0.68,,,,,,Normal,-0.68
WL.NBN.01,2026-10-10 02:15,-3.98,-1.31,,0.0,,,Normal,-3.94
WL.NCH.02,2026-10-10 02:15,-0.76,,,,,,Normal,-0.33
WL.NK1.01,2026-10-10 02:15,-0.18,,,,,,Normal,-0.18
WL.NK3.01,2026-10-10 02:15,-0.31,,,,,,Normal,-0.31
WL.NKW.02,2026-10-10 02:15,-0.25,,,,,,Normal,-0.23
WL.NSG.01,2026-10-10 02:15,-2.0,,,,,,Normal,-2.0
WL.OAG.01,2026-10-10 02:15,-0.84,,,,,,Normal,-0.78
WL.ORC.01,2026-10-10 02:15,-1.34,-0.71,,0.0,,,Normal,-1.34
WL.PKG.01,2026-10-10 02:15,0.92,,,,,,Normal,0.96
WL.PKN.01,2026-10-10 02:15,-0.85,0.61,,0.0,0.0,0.0,Normal,-0.83
WL.PLK.01,2026-10-10 02:15,0.44,,,,,,Normal,0.44
WL.PLP.01,2026-10-10 02:15,-0.44,,,,,,Normal,-0.43
WL.PNM.01,2026-10-10 02:15,0.29,,,,,,Alert,0.3
WL.PSC.01,2026-10-10 02:15,0.4,0.44,,0.0,0.0,0.0,Normal,0.4
WL.PSC.02,2026-10-10 02:15,0.38,,,,,,Normal,0.38
WL.PSC.03,2026-10-10 02:15,0.38,,,,,,Normal,0.38
WL.PSC.05,2026-10-10 02:15,0.42,,,,,,Normal,0.45
WL.PSI.01,2026-10-10 02:15,-1.25,,,,,,Normal,-1.16
WL.PSR.01,2026-10-10 02:15,1.09,1.78,,0.2,,,Alert,1.09
WL.PSR.02,2026-10-10 02:15,1.12,,,,,,Alert,1.13
WL.PSR.03,2026-10-10 02:15,1.1,,,,,,Alert,1.1
WL.PSR.04,2026-10-10 02:15,0.75,,,,,,Normal,0.75
WL.PSR.05,2026-10-10 02:15,0.78,,,,,,Alert,0.78
WL.PST.01,2026-10-10 02:15,-0.88,,,,,,Normal,-0.88
WL.PWT.01,2026-10-10 02:15,-0.6,,,,,,Normal,-0.57
WL.PWT.02,2026-10-10 02:15,-0.07,,,,,,Normal,-0.06
WL.PWT.03,2026-10-10 02:15,0.17,0.19,,5.84,5.9,,Normal,0.18
WL.PWT.04,2026-10-10 02:15,0.49,0.54,,4.94,,,Alert,0.51
WL.PWT.06,2026-10-10 02:15,0.92,,,,,,Critical,0.92
WL.PWT.07,2026-10-10 02:15,0.89,,,,,,Critical,0.9
WL.PYW.01,2026-10-10 02:15,-0.6,,,,,,Normal,-0.6
WL.RHN.01,2026-10-10 02:15,-0.08,-0.16,,0.0,,,Normal,-0.06
WL.RJK.01,2026-10-10 02:15,0.17,0.17,,7.5,,,Normal,0.21
WL.RMN.01,2026-10-10 02:15,0.53,,,,,,Normal,
WL.RMT.01,2026-10-10 02:15,-0.78,0.74,,0.0,0.0,,Normal,-0.58
WL.RMT.02,2026-10-10 02:15,0.05,,,,,,Normal,0.1
WL.RMT.03,2026-10-10 02:15,-2.0,,,,,,Normal,-2.0
WL.RSK.01,2026-10-10 02:15,0.43,,,,,,Normal,0.46
WL.SBR.01,2026-10-10 02:15,0.53,1.24,,0.0,,,Normal,0.57
WL.SBR.02,2026-10-10 02:15,0.49,,,,,,Normal,0.53
WL.SBT.01,2026-10-10 02:15,0.07,0.2,,0.0,,,Normal,0.09
WL.SCO.01,2026-10-10 02:15,0.15,,,,,,Normal,0.15
WL.SKT.01,2026-10-10 02:15,-0.73,,,,,,Normal,-0.72
WL.SKT.02,2026-10-10 02:15,-0.76,,,,,,Normal,-0.75
WL.SMK.01,2026-10-10 02:15,-0.23,,,,,,Normal,-0.23
WL.SNC.01,2026-10-10 02:15,-0.2,0.88,,0.0,0.0,0.0,Normal,-0.19
WL.SNC.02,2026-10-10 02:15,0.35,,,,,,Normal,0.36
WL.SNC.03,2026-10-10 02:15,0.09,,,,,,Normal,0.11
WL.SNO.01,2026-10-10 02:15,-1.23,,,,,,Normal,-1.23
WL.SOL.01,2026-10-10 02:15,-0.69,,,,,,Normal,-0.69
WL.SRE.01,2026-10-10 02:15,-0.18,0.75,,0.0,0.0,,Normal,-0.18
WL.SRG.01,2026-10-10 02:15,-0.7,0.63,,0.0,0.0,0.0,Normal,-0.67
WL.SSB.03,2026-10-10 02:15,-0.57,,,,,,Normal,-0.53
WL.SSB.04,2026-10-10 02:15,-0.65,-0.66,,7.5,7.5,,Normal,-0.6
WL.SSB.06,2026-10-10 02:15,-0.47,,,,,,Normal,-0.43
WL.SSB.07,2026-10-10 02:15,-0.04,,,,,,Normal,0.01
WL.SSB.08,2026-10-10 02:15,0.3,,,,,,Normal,0.32
WL.SSB.09,2026-10-10 02:15,0.56,1.1,,0.0,,,Critical,0.57
WL.SSB.10,2026-10-10 02:15,0.82,1.06,,3.64,,,Critical,0.83
WL.SSB.11,2026-10-10 02:15,1.22,,,,,,Critical,1.22
WL.SSB.12,2026-10-10 02:15,1.22,1.5,,0.0,,,Critical,1.22
WL.SSB.13,2026-10-10 02:15,1.89,,,,,,Critical,
WL.SSG.01,2026-10-10 02:15,1.57,,,,,,Alert,1.57
WL.SSM.01,2026-10-10 02:15,1.31,-99,,0.0,,,Critical,1.32
WL.SSM.02,2026-10-10 02:15,1.56,,,,,,Normal,
WL.SSN.01,2026-10-10 02:15,-1.01,1.22,,7.0,0.0,0.0,Normal,-1.01
WL.SSN.04,2026-10-10 02:15,-1.34,,,,,,Normal,-1.21
WL.SSN.06,2026-10-10 02:15,-1.77,,,,,,Normal,-1.77
WL.SSN.07,2026-10-10 02:15,-1.05,,,,,,Normal,-0.97
WL.SSN.08,2026-10-10 02:15,-0.68,-0.67,,0.0,,,Normal,-0.63
WL.SSN.09,2026-10-10 02:15,-0.7,,,,,,Normal,-0.65
WL.SSN.10,2026-10-10 02:15,-0.67,,,,,,Normal,-0.62
WL.SST.01,2026-10-10 02:15,0.82,1.76,,0.32,,,Alert,0.83
WL.STN.02,2026-10-10 02:15,0.61,,,,,,Critical,0.62
WL.STN.03,2026-10-10 02:15,0.64,,,,,,Critical,0.64
WL.STR.01,2026-10-10 02:15,-0.95,0.24,0.75,0.0,0.0,0.0,Normal,-0.91
WL.SWA.01,2026-10-10 02:15,0.85,1.34,,0.44,,,Critical,0.85
WL.SWU.01,2026-10-10 02:15,-1.27,,,,,,Normal,-1.27
WL.TCG.01,2026-10-10 02:15,-0.95,,,,,,Normal,-0.95
WL.TPK.03,2026-10-10 02:15,0.45,,,,,,Critical,0.45
WL.TSK.01,2026-10-10 02:15,-1.57,,,,,,Normal,-1.57
WL.TTN.01,2026-10-10 02:15,-0.83,,,,,,Normal,-0.82
WL.TUT.02,2026-10-10 02:15,-0.63,,,,,,Normal,-0.63
WL.TWW.01,2026-10-10 02:15,0.52,1.18,,0.0,,,Normal,0.56
WL.TWW.02,2026-10-10 02:15,0.51,,,,,,Normal,0.55
WL.TWW.03,2026-10-10 02:15,0.58,,,,,,Normal,0.62
WL.TWW.04,2026-10-10 02:15,0.54,,,,,,Normal,0.57
WL.TWW.05,2026-10-10 02:15,0.46,,,,,,Normal,0.49
WL.VPD.01,2026-10-10 02:15,-0.95,,,,,,Normal,-0.94
WL.VPD.02,2026-10-10 02:15,-0.91,,,,,,Normal,-0.91
WL.VPD.03,2026-10-10 02:15,-1.3,,,,,,Normal,-1.29
WL.VPV.01,2026-10-10 02:15,-1.43,,,0.0,,,Normal,-1.43
WL.WHK.01,2026-10-10 02:15,0.79,,,,,,Normal,0.86
WL.WKT.01,2026-10-10 02:15,0.15,,,,,,Normal,0.15
WL.WLS.01,2026-10-10 02:15,0.5,,,,,,Normal,0.55
WL.WSI.01,2026-10-10 02:15,-0.58,0.61,,0.0,0.0,0.0,Normal,-0.58
WL.WSV.01,2026-10-10 02:15,0.08,,,,,,Normal,0.12
WL.WTK.01,2026-10-10 02:15,-0.49,,,,,,Normal,-0.49
WL.WTN.02,2026-10-10 02:15,-1.13,,,,,,Normal,-1.11
WL.YPE.01,2026-10-10 02:15,0.41,,,,,,Normal,0.41
WL.YPN.01,2026-10-10 02:15,-0.88,,,,,,Normal,-0.88
WL.YPN.02,2026-10-10 02:15,-0.93,,,,,,Normal,-0.93
WL.YSN.02,2026-10-10 02:15,-0.97,,,,,,Normal,-0.91
WL.KPM.04,2026-10-10 02:25,0.32,,,,,,Normal,0.4
WL.KKD.04,2026-10-10 02:35,-0.59,,,,,,Normal,-0.59
WL.TTN.01,2026-10-10 02:50,-0.83,,,,,,temporarily out of order,-0.82
WL.AJP.01,2026-10-10 03:00,-1.19,,,,,,backfill,
WL.ANX.01,2026-10-10 03:00,0.01,,,,,,backfill,
WL.BAM.01,2026-10-10 03:00,0.16,,,,,,backfill,
WL.BBN.01,2026-10-10 03:00,,,,,,,backfill,
WL.BBN.02,2026-10-10 03:00,0.33,,,,,,backfill,
WL.BBN.03,2026-10-10 03:00,0.51,,,,,,backfill,
WL.BBR.01,2026-10-10 03:00,-0.06,,,,,,backfill,
WL.BBR.02,2026-10-10 03:00,-0.12,,,,,,backfill,
WL.BBU.01,2026-10-10 03:00,0.42,,,,,,backfill,
WL.BCN.01,2026-10-10 03:00,0.44,,,,,,backfill,
WL.BCN.02,2026-10-10 03:00,0.46,,,,,,backfill,
WL.BCN.03,2026-10-10 03:00,0.49,,,,,,backfill,
WL.BJK.01,2026-10-10 03:00,-1.60,0.86,,,,,backfill,
WL.BJK.02,2026-10-10 03:00,0.48,,,,,,backfill,
WL.BJK.03,2026-10-10 03:00,0.46,,,,,,backfill,
WL.BJK.04,2026-10-10 03:00,0.51,,,,,,backfill,
WL.BKA.01,2026-10-10 03:00,-1.23,1.49,,,,,backfill,
WL.BKA.02,2026-10-10 03:00,-0.77,,,,,,backfill,
WL.BKA.03,2026-10-10 03:00,-0.39,,,,,,backfill,
WL.BKA.04,2026-10-10 03:00,0.04,,,,,,backfill,
WL.BKB.01,2026-10-10 03:00,-0.43,,,,,,backfill,
WL.BKG.01,2026-10-10 03:00,0.66,-2.00,,,,,backfill,
WL.BKT.01,2026-10-10 03:00,-0.79,,,,,,backfill,
WL.BKY.01,2026-10-10 03:00,0.41,1.17,,,,,backfill,
WL.BKY.02,2026-10-10 03:00,0.44,,,,,,backfill,
WL.BLP.02,2026-10-10 03:00,-0.80,,,,,,backfill,
WL.BLY.01,2026-10-10 03:00,-0.51,,,,,,backfill,
WL.BLY.02,2026-10-10 03:00,-0.58,,,,,,backfill,
WL.BMA.02,2026-10-10 03:00,-0.14,,,,,,backfill,
WL.BMK.01,2026-10-10 03:00,-1.09,,,,,,backfill,
WL.BNA.01,2026-10-10 03:00,-1.54,0.80,,,,,backfill,
WL.BNA.02,2026-10-10 03:00,,,,,,,backfill,
WL.BNA.03,2026-10-10 03:00,-0.67,,,,,,backfill,
WL.BNA.04,2026-10-10 03:00,-0.57,,,,,,backfill,
WL.BNJ.01,2026-10-10 03:00,,,,,,,backfill,
WL.BNJ.02,2026-10-10 03:00,-1.94,,,,,,backfill,
WL.BNJ.03,2026-10-10 03:00,,,,,,,backfill,
WL.BNJ.04,2026-10-10 03:00,-1.15,,,,,,backfill,
WL.BNS.01,2026-10-10 03:00,0.36,,,,,,backfill,
WL.BOA.01,2026-10-10 03:00,-1.56,0.99,,,,,backfill,
WL.BOA.02,2026-10-10 03:00,-1.61,,,,,,backfill,
WL.BOA.03,2026-10-10 03:00,-1.54,,,,,,backfill,
WL.BON.01,2026-10-10 03:00,-1.59,,,,,,backfill,
WL.BPA.01,2026-10-10 03:00,-0.67,,,,,,backfill,
WL.BPK.01,2026-10-10 03:00,0.21,,,,,,backfill,
WL.BPM.01,2026-10-10 03:00,0.31,,,,,,backfill,
WL.BPM.02,2026-10-10 03:00,0.41,,,,,,backfill,
WL.BPM.03,2026-10-10 03:00,0.53,,,,,,backfill,
WL.BPM.04,2026-10-10 03:00,0.43,,,,,,backfill,
WL.BPN.02,2026-10-10 03:00,0.35,,,,,,backfill,
WL.BPU.01,2026-10-10 03:00,0.85,,,,,,backfill,
WL.BSK.01,2026-10-10 03:00,0.22,0.93,,,,,backfill,
WL.BSU.01,2026-10-10 03:00,-0.83,1.44,,,,,backfill,
WL.BSU.02,2026-10-10 03:00,-0.81,,,,,,backfill,
WL.BSU.03,2026-10-10 03:00,-1.21,,,,,,backfill,
WL.BSU.04,2026-10-10 03:00,-1.12,,,,,,backfill,
WL.BSU.05,2026-10-10 03:00,-1.16,,,,,,backfill,
WL.BSU.06,2026-10-10 03:00,,,,,,,backfill,
WL.BSU.07,2026-10-10 03:00,-0.58,,,,,,backfill,
WL.BTL.01,2026-10-10 03:00,-0.62,,,,,,backfill,
WL.BTY.01,2026-10-10 03:00,0.23,,,,,,backfill,
WL.BWK.01,2026-10-10 03:00,0.40,,,,,,backfill,
WL.BWK.02,2026-10-10 03:00,0.57,,,,,,backfill,
WL.BWK.03,2026-10-10 03:00,0.50,,,,,,backfill,
WL.BYI.01,2026-10-10 03:00,1.00,,,,,,backfill,
WL.BYK.01,2026-10-10 03:00,,,,,,,backfill,
WL.BYK.02,2026-10-10 03:00,0.03,,,,,,backfill,
WL.CKS.01,2026-10-10 03:00,-1.40,,,,,,backfill,
WL.CKS.02,2026-10-10 03:00,-0.97,,,,,,backfill,
WL.CKS.03,2026-10-10 03:00,-1.08,,,,,,backfill,
WL.CNS.01,2026-10-10 03:00,-1.77,0.82,,,,,backfill,
WL.CPA.01,2026-10-10 03:00,0.30,1.19,,,,,backfill,
WL.CPA.02,2026-10-10 03:00,0.38,,,,,,backfill,
WL.CYI.01,2026-10-10 03:00,-0.62,,,,,,backfill,
WL.CYI.02,2026-10-10 03:00,-0.59,,,,,,backfill,
WL.CYI.03,2026-10-10 03:00,-0.53,,,,,,backfill,
WL.DKN.01,2026-10-10 03:00,0.34,0.91,,,,,backfill,
WL.FTM.01,2026-10-10 03:00,-1.07,,,,,,backfill,
WL.HKG.01,2026-10-10 03:00,-0.76,,,,,,backfill,
WL.HKG.02,2026-10-10 03:00,-0.71,,,,,,backfill,
WL.HMK.01,2026-10-10 03:00,-0.17,,,,,,backfill,
WL.HMK.02,2026-10-10 03:00,-0.35,,,,,,backfill,
WL.HMK.03,2026-10-10 03:00,-0.14,,,,,,backfill,
WL.JKK.01,2026-10-10 03:00,,,,,,,backfill,
WL.JRN.01,2026-10-10 03:00,0.28,0.88,,,,,backfill,
WL.KBU.01,2026-10-10 03:00,0.46,1.07,,,,,backfill,
WL.KBU.02,2026-10-10 03:00,0.45,,,,,,backfill,
WL.KCD.01,2026-10-10 03:00,-1.03,,,,,,backfill,
WL.KDN.01,2026-10-10 03:00,-0.67,0.83,,,,,backfill,
WL.KJA.01,2026-10-10 03:00,-0.80,,,,,,backfill,
WL.KJA.02,2026-10-10 03:00,-0.35,,,,,,backfill,
WL.KJG.01,2026-10-10 03:00,-0.51,,,,,,backfill,
WL.KJK.01,2026-10-10 03:00,-1.30,0.87,,,,,backfill,
WL.KJK.02,2026-10-10 03:00,-1.25,,,,,,backfill,
WL.KJN.01,2026-10-10 03:00,,,,,,,backfill,
WL.KJN.02,2026-10-10 03:00,-0.17,,,,,,backfill,
WL.KJT.01,2026-10-10 03:00,-1.17,,,,,,backfill,
WL.KJU.01,2026-10-10 03:00,-0.73,,,,,,backfill,
WL.KKD.01,2026-10-10 03:00,-0.51,,,,,,backfill,
WL.KKD.02,2026-10-10 03:00,-0.62,,,,,,backfill,
WL.KKD.03,2026-10-10 03:00,-0.75,,,,,,backfill,
WL.KKD.04,2026-10-10 03:00,-0.59,,,,,,backfill,
WL.KKO.01,2026-10-10 03:00,1.62,,,,,,backfill,
WL.KKS.01,2026-10-10 03:00,-0.79,1.24,,,,,backfill,
WL.KKS.02,2026-10-10 03:00,-0.76,,,,,,backfill,
WL.KKS.03,2026-10-10 03:00,-0.90,,,,,,backfill,
WL.KKS.04,2026-10-10 03:00,-0.91,1.02,,,,,backfill,
WL.KKY.01,2026-10-10 03:00,0.47,,,,,,backfill,
WL.KKY.02,2026-10-10 03:00,0.51,,,,,,backfill,
WL.KLA.01,2026-10-10 03:00,-0.32,,,,,,backfill,
WL.KLD.01,2026-10-10 03:00,-0.23,,,,,,backfill,
WL.KLD.02,2026-10-10 03:00,-0.12,,,,,,backfill,
WL.KLT.01,2026-10-10 03:00,-0.75,,,,,,backfill,
WL.KMN.01,2026-10-10 03:00,0.37,1.14,,,,,backfill,
WL.KNB.01,2026-10-10 03:00,,,,,,,backfill,
WL.KNB.02,2026-10-10 03:00,-0.42,,,,,,backfill,
WL.KPG.01,2026-10-10 03:00,-1.13,,,,,,backfill,
WL.KPM.01,2026-10-10 03:00,-0.34,,,,,,backfill,
WL.KPM.03,2026-10-10 03:00,-0.15,,,,,,backfill,
WL.KPM.04,2026-10-10 03:00,0.31,,,,,,backfill,
WL.KPM.05,2026-10-10 03:00,0.46,,,,,,backfill,
WL.KPM.06,2026-10-10 03:00,0.47,,,,,,backfill,
WL.KPM.08,2026-10-10 03:00,0.39,,,,,,backfill,
WL.KPM.09,2026-10-10 03:00,,,,,,,backfill,
WL.KSG.01,2026-10-10 03:00,0.68,,,,,,backfill,
WL.KSI.01,2026-10-10 03:00,0.78,,,,,,backfill,
WL.KSI.02,2026-10-10 03:00,0.80,,,,,,backfill,
WL.KSK.01,2026-10-10 03:00,-0.65,,,,,,backfill,
WL.KSM.01,2026-10-10 03:00,0.79,,,,,,backfill,
WL.KSM.02,2026-10-10 03:00,0.73,,,,,,backfill,
WL.KSO.01,2026-10-10 03:00,0.55,,,,,,backfill,
WL.KSO.02,2026-10-10 03:00,0.55,,,,,,backfill,
WL.KT4.01,2026-10-10 03:00,,,,,,,backfill,
WL.KTY.01,2026-10-10 03:00,-1.93,0.83,,,,,backfill,
WL.LBK.02,2026-10-10 03:00,0.52,,,,,,backfill,
WL.LBK.03,2026-10-10 03:00,0.43,,,,,,backfill,
WL.LCL.01,2026-10-10 03:00,0.62,,,,,,backfill,
WL.LCL.02,2026-10-10 03:00,,,,,,,backfill,
WL.LKB.01,2026-10-10 03:00,0.66,,,,,,backfill,
WL.LOA.01,2026-10-10 03:00,0.65,,,,,,backfill,
WL.LOA.02,2026-10-10 03:00,0.70,,,,,,backfill,
WL.LPC.01,2026-10-10 03:00,1.09,,,,,,backfill,
WL.LPG.02,2026-10-10 03:00,0.99,1.75,,,,,backfill,
WL.LPG.03,2026-10-10 03:00,0.93,,,,,,backfill,
WL.LPI.02,2026-10-10 03:00,,,,,,,backfill,
WL.LPN.01,2026-10-10 03:00,-0.86,0.62,,,,,backfill,
WL.LPP.01,2026-10-10 03:00,-1.35,,,,,,backfill,
WL.LPT.01,2026-10-10 03:00,,,,,,,backfill,
WL.LPT.03,2026-10-10 03:00,0.86,,,,,,backfill,
WL.LPW.01,2026-10-10 03:00,-0.30,-0.35,,,,,backfill,
WL.LPW.03,2026-10-10 03:00,0.19,,,,,,backfill,
WL.LPW.04,2026-10-10 03:00,-0.55,,,,,,backfill,
WL.LPW.05,2026-10-10 03:00,-0.65,,,,,,backfill,
WL.LSG.01,2026-10-10 03:00,-1.23,,,,,,backfill,
WL.LSM.01,2026-10-10 03:00,-0.65,,,,,,backfill,
WL.LYW.01,2026-10-10 03:00,,,,,,,backfill,
WL.LYW.02,2026-10-10 03:00,-1.45,,,,,,backfill,
WL.MCM.01,2026-10-10 03:00,0.39,,,,,,backfill,
WL.MFS.01,2026-10-10 03:00,-0.69,,,,,,backfill,
WL.MKT.01,2026-10-10 03:00,-0.33,,,,,,backfill,
WL.MSW.01,2026-10-10 03:00,1.13,,,,,,backfill,
WL.MSW.02,2026-10-10 03:00,1.24,,,,,,backfill,
WL.MSW.03,2026-10-10 03:00,1.08,,,,,,backfill,
WL.MTG.01,2026-10-10 03:00,-0.68,,,,,,backfill,
WL.NBN.01,2026-10-10 03:00,-4.00,-1.29,,,,,backfill,
WL.NCH.02,2026-10-10 03:00,-0.86,,,,,,backfill,
WL.NK1.01,2026-10-10 03:00,-0.14,,,,,,backfill,
WL.NK3.01,2026-10-10 03:00,-0.28,,,,,,backfill,
WL.NKW.02,2026-10-10 03:00,-0.26,,,,,,backfill,
WL.NSG.01,2026-10-10 03:00,-2.00,,,,,,backfill,
WL.OAG.01,2026-10-10 03:00,-0.85,,,,,,backfill,
WL.ORC.01,2026-10-10 03:00,-1.34,-0.71,,,,,backfill,
WL.PKG.01,2026-10-10 03:00,1.09,,,,,,backfill,
WL.PKN.01,2026-10-10 03:00,-0.85,0.97,,,,,backfill,
WL.PLK.01,2026-10-10 03:00,0.76,,,,,,backfill,
WL.PLP.01,2026-10-10 03:00,-0.44,,,,,,backfill,
WL.PNM.01,2026-10-10 03:00,0.28,,,,,,backfill,
WL.PSC.01,2026-10-10 03:00,0.40,0.45,,,,,backfill,
WL.PSC.02,2026-10-10 03:00,0.38,,,,,,backfill,
WL.PSC.03,2026-10-10 03:00,0.38,,,,,,backfill,
WL.PSC.05,2026-10-10 03:00,0.43,,,,,,backfill,
WL.PSI.01,2026-10-10 03:00,-1.62,,,,,,backfill,
WL.PSR.01,2026-10-10 03:00,1.08,1.79,,,,,backfill,
WL.PSR.02,2026-10-10 03:00,1.12,,,,,,backfill,
WL.PSR.03,2026-10-10 03:00,1.09,,,,,,backfill,
WL.PSR.04,2026-10-10 03:00,0.75,,,,,,backfill,
WL.PSR.05,2026-10-10 03:00,0.78,,,,,,backfill,
WL.PSR.06,2026-10-10 03:00,0.71,,,,,,out of order,0.71
WL.PST.01,2026-10-10 03:00,-0.88,,,,,,backfill,
WL.PWT.01,2026-10-10 03:00,-0.61,,,,,,backfill,
WL.PWT.02,2026-10-10 03:00,-0.08,,,,,,backfill,
WL.PWT.03,2026-10-10 03:00,0.17,0.18,,,,,backfill,
WL.PWT.04,2026-10-10 03:00,0.50,0.54,,,,,backfill,
WL.PWT.05,2026-10-10 03:00,,,,,,,backfill,
WL.PWT.06,2026-10-10 03:00,0.91,,,,,,backfill,
WL.PWT.07,2026-10-10 03:00,0.89,,,,,,backfill,
WL.PYW.01,2026-10-10 03:00,-0.58,,,,,,backfill,
WL.RHN.01,2026-10-10 03:00,-0.10,-0.16,,,,,backfill,
WL.RJK.01,2026-10-10 03:00,0.19,0.19,,,,,backfill,
WL.RKC.01,2026-10-10 03:00,,,,,,,backfill,
WL.RMT.01,2026-10-10 03:00,-0.84,0.72,,,,,backfill,
WL.RMT.02,2026-10-10 03:00,0.04,,,,,,backfill,
WL.RSK.01,2026-10-10 03:00,0.43,,,,,,backfill,
WL.SBR.01,2026-10-10 03:00,0.52,1.23,,,,,backfill,
WL.SBR.02,2026-10-10 03:00,0.48,,,,,,backfill,
WL.SBT.01,2026-10-10 03:00,0.06,0.20,,,,,backfill,
WL.SCO.01,2026-10-10 03:00,0.16,,,,,,backfill,
WL.SDN.01,2026-10-10 03:00,0.23,,,,,,backfill,
WL.SKG.01,2026-10-10 03:00,,,,,,,backfill,
WL.SKT.01,2026-10-10 03:00,-0.74,,,,,,backfill,
WL.SKT.02,2026-10-10 03:00,-0.77,,,,,,backfill,
WL.SLL.01,2026-10-10 03:00,,,,,,,backfill,
WL.SMK.01,2026-10-10 03:00,-0.23,,,,,,backfill,
WL.SNC.01,2026-10-10 03:00,-0.20,0.86,,,,,backfill,
WL.SNC.02,2026-10-10 03:00,0.36,,,,,,backfill,
WL.SNC.03,2026-10-10 03:00,0.09,,,,,,backfill,
WL.SNO.01,2026-10-10 03:00,-1.14,,,,,,backfill,
WL.SOL.01,2026-10-10 03:00,-0.69,,,,,,backfill,
WL.SRE.01,2026-10-10 03:00,-0.13,0.98,,,,,backfill,
WL.SRG.01,2026-10-10 03:00,-0.70,0.86,,,,,backfill,
WL.SSB.01,2026-10-10 03:00,-0.82,,,,,,backfill,
WL.SSB.03,2026-10-10 03:00,-0.58,,,,,,backfill,
WL.SSB.04,2026-10-10 03:00,-0.65,-0.67,,,,,backfill,
WL.SSB.06,2026-10-10 03:00,-0.50,,,,,,backfill,
WL.SSB.07,2026-10-10 03:00,-0.05,,,,,,backfill,
WL.SSB.08,2026-10-10 03:00,0.29,,,,,,backfill,
WL.SSB.10,2026-10-10 03:00,0.81,1.06,,,,,backfill,
WL.SSB.11,2026-10-10 03:00,1.22,,,,,,backfill,
WL.SSB.12,2026-10-10 03:00,1.22,1.50,,,,,backfill,
WL.SSG.01,2026-10-10 03:00,1.57,,,,,,backfill,
WL.SSM.01,2026-10-10 03:00,1.31,,,,,,backfill,
WL.SSN.01,2026-10-10 03:00,-1.01,1.31,,,,,backfill,
WL.SSN.02,2026-10-10 03:00,-1.35,,,,,,backfill,
WL.SSN.04,2026-10-10 03:00,-1.36,,,,,,backfill,
WL.SSN.06,2026-10-10 03:00,-1.77,,,,,,backfill,
WL.SSN.07,2026-10-10 03:00,-1.06,,,,,,backfill,
WL.SSN.08,2026-10-10 03:00,-0.68,-0.68,,,,,backfill,
WL.SSN.09,2026-10-10 03:00,-0.70,,,,,,backfill,
WL.SSN.10,2026-10-10 03:00,-0.68,,,,,,backfill,
WL.SST.01,2026-10-10 03:00,0.82,1.75,,,,,backfill,
WL.STN.01,2026-10-10 03:00,0.55,,,,,,backfill,
WL.STN.02,2026-10-10 03:00,0.61,,,,,,backfill,
WL.STN.03,2026-10-10 03:00,0.64,,,,,,backfill,
WL.STR.01,2026-10-10 03:00,-0.97,0.25,0.92,,,,backfill,
WL.SWA.01,2026-10-10 03:00,0.85,1.34,,,,,backfill,
WL.SWU.01,2026-10-10 03:00,-1.24,,,,,,backfill,
WL.TCG.01,2026-10-10 03:00,-0.95,,,,,,backfill,
WL.TPK.02,2026-10-10 03:00,,,,,,,backfill,
WL.TPK.03,2026-10-10 03:00,0.44,,,,,,backfill,
WL.TSK.01,2026-10-10 03:00,-1.52,,,,,,backfill,
WL.TTN.01,2026-10-10 03:00,-0.83,,,,,,backfill,
WL.TUT.02,2026-10-10 03:00,-0.59,,,,,,backfill,
WL.TWW.01,2026-10-10 03:00,0.51,1.18,,,,,backfill,
WL.TWW.02,2026-10-10 03:00,0.50,,,,,,backfill,
WL.TWW.03,2026-10-10 03:00,0.57,,,,,,backfill,
WL.TWW.04,2026-10-10 03:00,0.53,,,,,,backfill,
WL.TWW.05,2026-10-10 03:00,0.46,,,,,,backfill,
WL.VPD.01,2026-10-10 03:00,-0.95,,,,,,backfill,
WL.VPD.02,2026-10-10 03:00,-0.91,,,,,,backfill,
WL.VPD.03,2026-10-10 03:00,-1.30,,,,,,backfill,
WL.VPV.01,2026-10-10 03:00,-2.54,,,,,,backfill,
WL.WHK.01,2026-10-10 03:00,0.78,,,,,,backfill,
WL.WKT.01,2026-10-10 03:00,0.23,,,,,,backfill,
WL.WLS.01,2026-10-10 03:00,0.49,,,,,,backfill,
WL.WSI.01,2026-10-10 03:00,-0.56,0.88,,,,,backfill,
WL.WSV.01,2026-10-10 03:00,0.06,,,,,,backfill,
WL.WTK.01,2026-10-10 03:00,-0.49,,,,,,backfill,
WL.WTN.02,2026-10-10 03:00,-1.14,,,,,,backfill,
WL.YPE.01,2026-10-10 03:00,0.41,,,,,,backfill,
WL.YPN.01,2026-10-10 03:00,-0.84,,,,,,backfill,
WL.YPN.02,2026-10-10 03:00,-0.89,,,,,,backfill,
WL.YSN.02,2026-10-10 03:00,-0.98,,,,,,backfill,
WL.ANG.01,2026-10-10 03:10,0.94,,,,,,Normal,
WL.BBU.02,2026-10-10 03:10,0.46,,,,,,Normal,
WL.BKH.01,2026-10-10 03:10,0.13,,,,,,Normal,
WL.BMD.01,2026-10-10 03:10,0.51,,,,,,Normal,
WL.BNJ.05,2026-10-10 03:10,-1.04,,,,,,Normal,
WL.BSE.01,2026-10-10 03:10,-1.56,,,,,,Normal,
WL.BTL.02,2026-10-10 03:10,0.06,,,,,,Normal,
WL.CLH.01,2026-10-10 03:10,-0.39,,,,,,Normal,
WL.CYI.02,2026-10-10 03:10,-0.59,,,,,,Normal,-0.54
WL.K08.01,2026-10-10 03:10,1.57,,,,,,Alert,
WL.K10.01,2026-10-10 03:10,1.64,,,,,,Alert,
WL.K11.01,2026-10-10 03:10,1.58,,,,,,Alert,
WL.KBP.01,2026-10-10 03:10,-0.64,,,,,,Normal,
WL.KHW.01,2026-10-10 03:10,1.71,,,,,,Normal,
WL.KKO.02,2026-10-10 03:10,1.57,,,,,,Alert,
WL.KPM.07,2026-10-10 03:10,0.64,,,,,,Alert,
WL.LPS.01,2026-10-10 03:10,0.8,,,,,,Normal,
WL.LPT.05,2026-10-10 03:10,1.95,,,,,,Normal,
WL.MKT.02,2026-10-10 03:10,-0.85,,,,,,Normal,
WL.NK3.02,2026-10-10 03:10,-0.43,,,,,,Normal,
WL.POC.01,2026-10-10 03:10,1.46,,,,,,Normal,
WL.PSC.06,2026-10-10 03:10,0.5,,,,,,Normal,
WL.RPS.01,2026-10-10 03:10,2.04,,,,,,Alert,
WL.SSB.13,2026-10-10 03:10,1.89,,,,,,Critical,
WL.SSG.02,2026-10-10 03:10,1.55,,,,,,Alert,
WL.SSM.02,2026-10-10 03:10,1.56,,,,,,Normal,
WL.STN.01,2026-10-10 03:10,0.55,,,,,,Alert,0.55
WL.SWA.02,2026-10-10 03:10,1.44,,,,,,Normal,
WL.AJP.01,2026-10-10 03:15,-1.19,,,,,,Normal,-1.17
WL.ANX.01,2026-10-10 03:15,-0.09,,,,,,Normal,0.02
WL.BAM.01,2026-10-10 03:15,0.17,,,,,,Normal,0.17
WL.BBN.02,2026-10-10 03:15,0.32,,,,,,Normal,0.39
WL.BBN.03,2026-10-10 03:15,0.5,,,,,,Critical,0.55
WL.BBR.01,2026-10-10 03:15,-0.03,,,,,,Normal,0.04
WL.BBR.02,2026-10-10 03:15,-0.08,,,,,,Normal,0.01
WL.BBU.01,2026-10-10 03:15,0.42,,,,,,Normal,0.45
WL.BCN.01,2026-10-10 03:15,0.44,,,,,,Normal,0.46
WL.BCN.02,2026-10-10 03:15,0.46,,,,,,Normal,0.46
WL.BCN.03,2026-10-10 03:15,0.49,,,,,,Normal,0.52
WL.BJK.01,2026-10-10 03:15,-1.6,0.97,,0.0,0.0,,Normal,-1.54
WL.BJK.02,2026-10-10 03:15,0.47,,,,,,Normal,0.49
WL.BJK.03,2026-10-10 03:15,0.46,,,,,,Normal,0.46
WL.BJK.04,2026-10-10 03:15,0.51,,,,,,Normal,0.52
WL.BKA.01,2026-10-10 03:15,-1.36,1.53,,1.73,1.75,0.0,Normal,-1.1
WL.BKA.02,2026-10-10 03:15,-0.77,,,,,,Normal,-0.77
WL.BKA.03,2026-10-10 03:15,-0.39,,,,,,Normal,-0.37
WL.BKA.04,2026-10-10 03:15,0.04,,,,,,Normal,0.1
WL.BKB.01,2026-10-10 03:15,-0.43,,,,,,Normal,-0.4
WL.BKG.01,2026-10-10 03:15,0.67,-2.0,,0.0,,,Critical,0.67
WL.BKK.01,2026-10-10 03:15,0.46,,,,,,Normal,
WL.BKT.01,2026-10-10 03:15,-0.79,,,,,,Normal,-0.79
WL.BKY.01,2026-10-10 03:15,0.41,1.23,,0.0,6.98,0.0,Normal,0.41
WL.BKY.02,2026-10-10 03:15,0.44,,,,,,Normal,0.44
WL.BLP.02,2026-10-10 03:15,-0.8,,,,,,Normal,-0.74
WL.BLY.01,2026-10-10 03:15,-0.51,,,,,,Normal,-0.5
WL.BLY.02,2026-10-10 03:15,-0.58,,,,,,Normal,-0.58
WL.BMA.02,2026-10-10 03:15,-0.15,,,,,,Normal,-0.11
WL.BMK.01,2026-10-10 03:15,-1.08,,,,,,Normal,-1.08
WL.BNA.01,2026-10-10 03:15,-1.51,0.93,,0.0,0.0,,Normal,-1.51
WL.BNA.03,2026-10-10 03:15,-0.67,,,,,,Normal,-0.65
WL.BNA.04,2026-10-10 03:15,-0.57,,,,,,Normal,-0.55
WL.BNJ.02,2026-10-10 03:15,-1.21,,,,,,Normal,-1.21
WL.BNJ.04,2026-10-10 03:15,-1.13,,,,,,Normal,-1.13
WL.BNS.01,2026-10-10 03:15,0.36,,,,,,Normal,0.4
WL.BOA.01,2026-10-10 03:15,-1.57,1.02,,0.0,0.0,,Normal,-1.5
WL.BOA.02,2026-10-10 03:15,-1.62,,,,,,Normal,-1.49
WL.BOA.03,2026-10-10 03:15,-1.54,,,,,,Normal,-1.5
WL.BON.01,2026-10-10 03:15,-1.59,,,,,,Normal,-1.52
WL.BPA.01,2026-10-10 03:15,-0.67,,,,,,Normal,-0.62
WL.BPK.01,2026-10-10 03:15,0.21,,,,,,Normal,0.21
WL.BPM.01,2026-10-10 03:15,0.31,,,,,,Normal,0.31
WL.BPM.02,2026-10-10 03:15,0.41,,,,,,Normal,0.41
WL.BPM.03,2026-10-10 03:15,0.53,,,,,,Normal,0.56
WL.BPM.04,2026-10-10 03:15,0.42,,,,,,Normal,0.47
WL.BPN.02,2026-10-10 03:15,0.35,,,,,,Normal,0.41
WL.BPU.01,2026-10-10 03:15,0.93,,,,,,Normal,0.93
WL.BSK.01,2026-10-10 03:15,0.25,1.03,,0.0,0.0,,Normal,0.25
WL.BSU.01,2026-10-10 03:15,-0.81,1.48,,0.0,0.0,0.0,Normal,-0.81
WL.BSU.02,2026-10-10 03:15,-0.79,,,,,,Normal,-0.79
WL.BSU.03,2026-10-10 03:15,-1.22,,,,,,Normal,-1.17
WL.BSU.04,2026-10-10 03:15,-1.13,,,,,,Normal,-1.09
WL.BSU.05,2026-10-10 03:15,-1.15,,,,,,Normal,-1.06
WL.BSU.07,2026-10-10 03:15,-0.58,,,,,,Normal,-0.47
WL.BTL.01,2026-10-10 03:15,-0.62,,,,,,Normal,-0.62
WL.BTY.01,2026-10-10 03:15,0.22,,,,,,Normal,0.27
WL.BWK.01,2026-10-10 03:15,0.4,,,,,,Normal,0.4
WL.BWK.02,2026-10-10 03:15,0.57,,,,,,Normal,0.58
WL.BWK.03,2026-10-10 03:15,0.49,,,,,,Normal,0.54
WL.BYI.01,2026-10-10 03:15,1.0,,,,,,Critical,1.0
WL.BYK.02,2026-10-10 03:15,0.04,,,,,,Normal,0.15
WL.CKS.01,2026-10-10 03:15,-1.41,,,0.0,0.0,,Normal,-1.23
WL.CKS.02,2026-10-10 03:15,-0.98,,,,,,Normal,-0.93
WL.CKS.03,2026-10-10 03:15,-1.09,,,,,,Normal,-1.04
WL.CNS.01,2026-10-10 03:15,-1.88,0.94,,0.0,0.0,,Normal,-0.97
WL.CPA.01,2026-10-10 03:15,0.31,1.24,,5.37,3.52,,Normal,0.31
WL.CPA.02,2026-10-10 03:15,0.39,,,,,,Normal,0.39
WL.CYI.01,2026-10-10 03:15,-0.62,,,,,,Normal,-0.56
WL.CYI.03,2026-10-10 03:15,-0.54,,,,,,Normal,-0.48
WL.DKN.01,2026-10-10 03:15,0.34,1.0,,0.0,6.39,0.0,Normal,0.34
WL.FTM.01,2026-10-10 03:15,-1.08,,,,,,Normal,-1.04
WL.HKG.01,2026-10-10 03:15,-0.76,,,,,,Normal,-0.71
WL.HKG.02,2026-10-10 03:15,-0.71,,,,,,Normal,-0.66
WL.HMK.01,2026-10-10 03:15,-0.17,,,,,,Alert,-0.15
WL.HMK.02,2026-10-10 03:15,-0.35,,,,,,Normal,-0.34
WL.HMK.03,2026-10-10 03:15,-0.14,,,,,,Normal,-0.11
WL.JRN.01,2026-10-10 03:15,0.28,0.99,,0.0,,,Normal,0.28
WL.KBU.01,2026-10-10 03:15,0.46,1.09,,0.0,,,Normal,0.46
WL.KBU.02,2026-10-10 03:15,0.45,,,,,,Normal,0.45
WL.KCD.01,2026-10-10 03:15,-1.03,,,,,,Normal,-1.0
WL.KDN.01,2026-10-10 03:15,-0.66,0.94,,0.0,,,Normal,-0.65
WL.KJA.01,2026-10-10 03:15,-0.8,,,,,,Normal,-0.79
WL.KJA.02,2026-10-10 03:15,-0.35,,,,,,Normal,-0.34
WL.KJG.01,2026-10-10 03:15,-0.47,,,,,,Normal,-0.43
WL.KJK.01,2026-10-10 03:15,-1.29,0.99,,0.0,0.0,,Normal,-1.21
WL.KJK.02,2026-10-10 03:15,-1.25,,,,,,Normal,-1.15
WL.KJN.02,2026-10-10 03:15,-0.17,,,,,,Normal,-0.11
WL.KJT.01,2026-10-10 03:15,-1.16,,,,,,Normal,-1.12
WL.KJU.01,2026-10-10 03:15,-0.72,,,,,,Normal,-0.39
WL.KKD.01,2026-10-10 03:15,-0.51,,,,,,Normal,-0.51
WL.KKD.02,2026-10-10 03:15,-0.62,,,,,,Normal,-0.62
WL.KKD.03,2026-10-10 03:15,-0.75,,,,,,Normal,-0.74
WL.KKO.01,2026-10-10 03:15,1.62,,,,,,Alert,1.62
WL.KKS.01,2026-10-10 03:15,-0.79,1.29,,0.0,0.0,,Normal,-0.72
WL.KKS.02,2026-10-10 03:15,-0.76,,,,,,Normal,-0.69
WL.KKS.03,2026-10-10 03:15,-0.9,,,,,,Normal,-0.86
WL.KKS.04,2026-10-10 03:15,-0.9,1.1,,0.0,,,Normal,-0.88
WL.KKY.01,2026-10-10 03:15,0.47,,,,,,Normal,0.51
WL.KKY.02,2026-10-10 03:15,0.51,,,,,,Normal,0.54
WL.KLA.01,2026-10-10 03:15,-0.32,,,,,,Normal,-0.31
WL.KLD.01,2026-10-10 03:15,-0.24,,,,,,Normal,-0.18
WL.KLD.02,2026-10-10 03:15,-0.14,,,,,,Normal,-0.1
WL.KLT.01,2026-10-10 03:15,-0.76,,,,,,Normal,-0.7
WL.KMN.01,2026-10-10 03:15,0.37,1.21,,0.11,5.86,0.0,Normal,0.37
WL.KNB.02,2026-10-10 03:15,-0.42,,,,,,Normal,-0.41
WL.KPG.01,2026-10-10 03:15,-1.13,,,,,,Normal,-1.13
WL.KPM.01,2026-10-10 03:15,-0.34,,,,,,Normal,-0.32
WL.KPM.03,2026-10-10 03:15,-0.15,,,,,,Normal,-0.11
WL.KPM.05,2026-10-10 03:15,0.45,,,,,,Normal,0.46
WL.KPM.06,2026-10-10 03:15,0.46,,,,,,Normal,0.47
WL.KPM.08,2026-10-10 03:15,0.39,,,,,,Normal,0.43
WL.KSG.01,2026-10-10 03:15,0.68,,,,,,Normal,0.7
WL.KSI.01,2026-10-10 03:15,0.78,,,,,,Normal,0.78
WL.KSI.02,2026-10-10 03:15,0.8,,,,,,Critical,0.8
WL.KSK.01,2026-10-10 03:15,-0.65,,,,,,Normal,-0.65
WL.KSM.01,2026-10-10 03:15,0.79,,,,,,Critical,0.8
WL.KSM.02,2026-10-10 03:15,0.73,,,,,,Critical,0.74
WL.KSO.01,2026-10-10 03:15,0.54,,,,,,Normal,0.6
WL.KSO.02,2026-10-10 03:15,0.55,,,,,,Normal,0.6
WL.KTY.01,2026-10-10 03:15,-1.91,0.95,,0.0,,,Normal,-1.91
WL.LBK.02,2026-10-10 03:15,0.52,,,,,,Critical,0.53
WL.LBK.03,2026-10-10 03:15,0.43,,,,,,Critical,0.43
WL.LCL.01,2026-10-10 03:15,0.62,,,,,,Normal,0.63
WL.LKB.01,2026-10-10 03:15,0.66,,,,,,Critical,0.67
WL.LOA.01,2026-10-10 03:15,0.65,,,,,,Normal,0.65
WL.LOA.02,2026-10-10 03:15,0.7,,,,,,Normal,0.71
WL.LPC.01,2026-10-10 03:15,1.09,,,,,,Critical,1.1
WL.LPG.02,2026-10-10 03:15,0.99,1.75,,0.0,,,Critical,0.99
WL.LPG.03,2026-10-10 03:15,0.93,,,,,,Critical,0.94
WL.LPN.01,2026-10-10 03:15,-0.85,0.64,,0.01,,,Normal,-0.85
WL.LPP.01,2026-10-10 03:15,-1.35,,,,,,Normal,-1.35
WL.LPP.02,2026-10-10 03:15,-0.74,,,,,,Normal,
WL.LPT.03,2026-10-10 03:15,0.86,,,,,,Critical,0.87
WL.LPW.01,2026-10-10 03:15,-0.31,-0.35,,0.0,,,Normal,-0.25
WL.LPW.03,2026-10-10 03:15,0.19,,,,,,Normal,0.23
WL.LPW.04,2026-10-10 03:15,-0.55,,,,,,Normal,-0.49
WL.LPW.05,2026-10-10 03:15,-0.65,,,,,,Normal,-0.59
WL.LSG.01,2026-10-10 03:15,-1.23,,,,,,Normal,-1.22
WL.LSM.01,2026-10-10 03:15,-0.65,,,,,,Normal,-0.64
WL.LYW.02,2026-10-10 03:15,-1.45,,,,,,Normal,-1.44
WL.MCM.01,2026-10-10 03:15,0.38,,,,,,Normal,0.44
WL.MFS.01,2026-10-10 03:15,-0.69,,,,,,Normal,-0.69
WL.MKT.01,2026-10-10 03:15,-0.33,,,,,,Normal,-0.31
WL.MSW.01,2026-10-10 03:15,1.17,,,,,,Normal,1.21
WL.MSW.02,2026-10-10 03:15,1.24,,,,,,Normal,1.24
WL.MSW.03,2026-10-10 03:15,1.1,,,,,,Normal,1.26
WL.MSW.04,2026-10-10 03:15,1.07,,,,,,Normal,
WL.MTG.01,2026-10-10 03:15,-0.68,,,,,,Normal,-0.68
WL.NBN.01,2026-10-10 03:15,-4.0,-1.26,,0.0,,,Normal,-3.94
WL.NCH.02,2026-10-10 03:15,-0.7,,,,,,Normal,-0.33
WL.NK1.01,2026-10-10 03:15,-0.13,,,,,,Normal,-0.13
WL.NK3.01,2026-10-10 03:15,-0.28,,,,,,Normal,-0.28
WL.NKW.02,2026-10-10 03:15,-0.26,,,,,,Normal,-0.23
WL.NSG.01,2026-10-10 03:15,-2.0,,,,,,Normal,-2.0
WL.OAG.01,2026-10-10 03:15,-0.85,,,,,,Normal,-0.78
WL.ORC.01,2026-10-10 03:15,-1.34,-0.72,,0.0,,,Normal,-1.34
WL.PKG.01,2026-10-10 03:15,1.24,,,,,,Normal,1.24
WL.PKN.01,2026-10-10 03:15,-0.84,1.06,,0.0,0.0,0.0,Normal,-0.83
WL.PLK.01,2026-10-10 03:15,0.82,,,,,,Normal,0.82
WL.PLP.01,2026-10-10 03:15,-0.44,,,,,,Normal,-0.43
WL.PNM.01,2026-10-10 03:15,0.28,,,,,,Alert,0.3
WL.PSC.01,2026-10-10 03:15,0.4,0.45,,0.0,0.0,0.0,Normal,0.4
WL.PSC.02,2026-10-10 03:15,0.38,,,,,,Normal,0.38
WL.PSC.03,2026-10-10 03:15,0.38,,,,,,Normal,0.38
WL.PSC.05,2026-10-10 03:15,0.44,,,,,,Normal,0.45
WL.PSI.01,2026-10-10 03:15,-1.71,,,,,,Normal,-1.16
WL.PSR.01,2026-10-10 03:15,1.08,1.79,,0.2,,,Alert,1.09
WL.PSR.02,2026-10-10 03:15,1.11,,,,,,Alert,1.13
WL.PSR.03,2026-10-10 03:15,1.09,,,,,,Alert,1.1
WL.PSR.04,2026-10-10 03:15,0.75,,,,,,Normal,0.75
WL.PSR.05,2026-10-10 03:15,0.78,,,,,,Alert,0.78
WL.PST.01,2026-10-10 03:15,-0.88,,,,,,Normal,-0.88
WL.PWT.01,2026-10-10 03:15,-0.61,,,,,,Normal,-0.57
WL.PWT.02,2026-10-10 03:15,-0.08,,,,,,Normal,-0.06
WL.PWT.03,2026-10-10 03:15,0.17,0.18,,5.84,5.9,,Normal,0.18
WL.PWT.04,2026-10-10 03:15,0.5,0.54,,4.94,,,Alert,0.51
WL.PWT.06,2026-10-10 03:15,0.91,,,,,,Critical,0.92
WL.PWT.07,2026-10-10 03:15,0.89,,,,,,Critical,0.9
WL.PYW.01,2026-10-10 03:15,-0.57,,,,,,Normal,-0.57
WL.RHN.01,2026-10-10 03:15,-0.1,-0.17,,0.0,,,Normal,-0.06
WL.RJK.01,2026-10-10 03:15,0.19,0.19,,7.5,,,Normal,0.21
WL.RMN.01,2026-10-10 03:15,0.53,,,,,,Normal,
WL.RMT.01,2026-10-10 03:15,-0.85,0.72,,0.0,0.0,,Normal,-0.58
WL.RMT.02,2026-10-10 03:15,0.04,,,,,,Normal,0.1
WL.RMT.03,2026-10-10 03:15,-2.0,,,,,,Normal,-2.0
WL.RSK.01,2026-10-10 03:15,0.43,,,,,,Normal,0.46
WL.SBR.01,2026-10-10 03:15,0.51,1.23,,0.0,,,Normal,0.57
WL.SBR.02,2026-10-10 03:15,0.48,,,,,,Normal,0.53
WL.SBT.01,2026-10-10 03:15,0.05,0.2,,0.0,,,Normal,0.09
WL.SCO.01,2026-10-10 03:15,0.16,,,,,,Normal,0.16
WL.SDN.01,2026-10-10 03:15,0.23,,,,,,Normal,0.23
WL.SKT.01,2026-10-10 03:15,-0.74,,,,,,Normal,-0.72
WL.SKT.02,2026-10-10 03:15,-0.77,,,,,,Normal,-0.75
WL.SMK.01,2026-10-10 03:15,-0.23,,,,,,Normal,-0.23
WL.SNC.01,2026-10-10 03:15,-0.2,0.86,,0.0,0.0,0.0,Normal,-0.19
WL.SNC.02,2026-10-10 03:15,0.37,,,,,,Normal,0.37
WL.SNC.03,2026-10-10 03:15,0.09,,,,,,Normal,0.11
WL.SNO.01,2026-10-10 03:15,-1.11,,,,,,Normal,-1.11
WL.SOL.01,2026-10-10 03:15,-0.68,,,,,,Normal,-0.68
WL.SRE.01,2026-10-10 03:15,-0.11,1.07,,0.0,0.0,,Normal,-0.11
WL.SRG.01,2026-10-10 03:15,-0.69,0.93,,0.0,0.0,0.0,Normal,-0.67
WL.SSB.01,2026-10-10 03:15,-0.82,,,,,,Normal,-0.75
WL.SSB.03,2026-10-10 03:15,-0.58,,,,,,Normal,-0.53
WL.SSB.04,2026-10-10 03:15,-0.66,-0.67,,7.5,7.5,,Normal,-0.6
WL.SSB.06,2026-10-10 03:15,-0.5,,,,,,Normal,-0.43
WL.SSB.07,2026-10-10 03:15,-0.06,,,,,,Normal,0.01
WL.SSB.08,2026-10-10 03:15,0.28,,,,,,Normal,0.32
WL.SSB.09,2026-10-10 03:15,0.56,1.1,,0.0,,,Critical,0.57
WL.SSB.10,2026-10-10 03:15,0.82,1.06,,3.64,,,Critical,0.83
WL.SSB.11,2026-10-10 03:15,1.22,,,,,,Critical,1.22
WL.SSB.12,2026-10-10 03:15,1.22,1.5,,0.0,,,Critical,1.22
WL.SSG.01,2026-10-10 03:15,1.56,,,,,,Alert,1.57
WL.SSM.01,2026-10-10 03:15,1.31,-99,,0.0,,,Critical,1.32
WL.SSN.01,2026-10-10 03:15,-1.01,1.36,,7.0,0.0,0.0,Normal,-1.01
WL.SSN.04,2026-10-10 03:15,-1.36,,,,,,Normal,-1.21
WL.SSN.06,2026-10-10 03:15,-1.77,,,,,,Normal,-1.77
WL.SSN.07,2026-10-10 03:15,-1.06,,,,,,Normal,-0.97
WL.SSN.08,2026-10-10 03:15,-0.69,-0.68,,0.0,,,Normal,-0.63
WL.SSN.09,2026-10-10 03:15,-0.71,,,,,,Normal,-0.65
WL.SSN.10,2026-10-10 03:15,-0.68,,,,,,Normal,-0.62
WL.SST.01,2026-10-10 03:15,0.81,1.75,,0.32,,,Alert,0.83
WL.STN.02,2026-10-10 03:15,0.61,,,,,,Critical,0.62
WL.STN.03,2026-10-10 03:15,0.64,,,,,,Critical,0.64
WL.STR.01,2026-10-10 03:15,-0.97,0.24,1.02,0.0,0.0,0.0,Normal,-0.91
WL.SWA.01,2026-10-10 03:15,0.85,1.34,,0.43,,,Critical,0.85
WL.SWU.01,2026-10-10 03:15,-1.23,,,,,,Normal,-1.23
WL.TCG.01,2026-10-10 03:15,-0.95,,,,,,Normal,-0.95
WL.TPK.03,2026-10-10 03:15,0.44,,,,,,Critical,0.45
WL.TSK.01,2026-10-10 03:15,-1.5,,,,,,Normal,-1.5
WL.TUT.02,2026-10-10 03:15,-0.58,,,,,,Normal,-0.58
WL.TWW.01,2026-10-10 03:15,0.51,1.18,,0.0,,,Normal,0.56
WL.TWW.02,2026-10-10 03:15,0.5,,,,,,Normal,0.55
WL.TWW.03,2026-10-10 03:15,0.57,,,,,,Normal,0.62
WL.TWW.04,2026-10-10 03:15,0.52,,,,,,Normal,0.57
WL.TWW.05,2026-10-10 03:15,0.46,,,,,,Normal,0.49
WL.VPD.01,2026-10-10 03:15,-0.95,,,,,,Normal,-0.94
WL.VPD.02,2026-10-10 03:15,-0.91,,,,,,Normal,-0.91
WL.VPD.03,2026-10-10 03:15,-1.3,,,,,,Normal,-1.29
WL.VPV.01,2026-10-10 03:15,-2.76,,,0.0,,,Normal,-1.41
WL.WHK.01,2026-10-10 03:15,0.77,,,,,,Normal,0.86
WL.WKT.01,2026-10-10 03:15,0.25,,,,,,Normal,0.25
WL.WLS.01,2026-10-10 03:15,0.49,,,,,,Normal,0.55
WL.WSI.01,2026-10-10 03:15,-0.55,1.0,,0.0,0.0,0.0,Normal,-0.55
WL.WSV.01,2026-10-10 03:15,0.05,,,,,,Normal,0.12
WL.WTK.01,2026-10-10 03:15,-0.49,,,,,,Normal,-0.49
WL.WTN.02,2026-10-10 03:15,-1.14,,,,,,Normal,-1.11
WL.YPE.01,2026-10-10 03:15,0.41,,,,,,Normal,0.41
WL.YPN.01,2026-10-10 03:15,-0.83,,,,,,Normal,-0.83
WL.YPN.02,2026-10-10 03:15,-0.88,,,,,,Normal,-0.88
WL.YSN.02,2026-10-10 03:15,-0.99,,,,,,Normal,-0.91
WL.BON.01,2026-10-10 03:20,-1.59,,,,,,out of order,-1.52
WL.KPM.04,2026-10-10 03:25,0.3,,,,,,Normal,0.4
WL.PSR.06,2026-10-10 03:30,0.7,,,,,,out of order,0.71
WL.KKD.04,2026-10-10 03:35,-0.59,,,,,,Normal,-0.58
WL.BBN.01,2026-10-10 03:50,0.09,,,,,,out of order,0.09
WL.LPW.04,2026-10-10 03:50,-0.56,,,,,,temporarily out of order,-0.49
WL.AJP.01,2026-10-10 04:00,-1.19,,,,,,backfill,
WL.ANX.01,2026-10-10 04:00,0.00,,,,,,backfill,
WL.BAM.01,2026-10-10 04:00,0.18,,,,,,backfill,
WL.BBN.01,2026-10-10 04:00,0.09,,,,,,backfill,
WL.BBN.02,2026-10-10 04:00,0.31,,,,,,backfill,
WL.BBN.03,2026-10-10 04:00,0.49,,,,,,backfill,
WL.BBR.01,2026-10-10 04:00,0.06,,,,,,backfill,
WL.BBR.02,2026-10-10 04:00,0.01,,,,,,backfill,
WL.BBU.01,2026-10-10 04:00,0.41,,,,,,backfill,
WL.BCN.01,2026-10-10 04:00,0.43,,,,,,backfill,
WL.BCN.02,2026-10-10 04:00,0.46,,,,,,backfill,
WL.BCN.03,2026-10-10 04:00,0.49,,,,,,backfill,
WL.BJK.01,2026-10-10 04:00,-1.60,1.31,,,,,backfill,
WL.BJK.02,2026-10-10 04:00,0.47,,,,,,backfill,
WL.BJK.03,2026-10-10 04:00,0.46,,,,,,backfill,
WL.BJK.04,2026-10-10 04:00,0.50,,,,,,backfill,
WL.BKA.01,2026-10-10 04:00,-1.82,1.68,,,,,backfill,
WL.BKA.02,2026-10-10 04:00,-0.81,,,,,,backfill,
WL.BKA.03,2026-10-10 04:00,-0.40,,,,,,backfill,
WL.BKA.04,2026-10-10 04:00,0.03,,,,,,backfill,
WL.BKB.01,2026-10-10 04:00,-0.41,,,,,,backfill,
WL.BKG.01,2026-10-10 04:00,0.66,-2.00,,,,,backfill,
WL.BKT.01,2026-10-10 04:00,-0.79,,,,,,backfill,
WL.BKY.01,2026-10-10 04:00,0.41,1.46,,,,,backfill,
WL.BKY.02,2026-10-10 04:00,0.44,,,,,,backfill,
WL.BLP.02,2026-10-10 04:00,-0.80,,,,,,backfill,
WL.BLY.01,2026-10-10 04:00,-0.51,,,,,,backfill,
WL.BLY.02,2026-10-10 04:00,-0.58,,,,,,backfill,
WL.BMA.02,2026-10-10 04:00,-0.14,,,,,,backfill,
WL.BMK.01,2026-10-10 04:00,-1.04,,,,,,backfill,
WL.BNA.01,2026-10-10 04:00,-1.42,1.24,,,,,backfill,
WL.BNA.02,2026-10-10 04:00,,,,,,,backfill,
WL.BNA.03,2026-10-10 04:00,-0.67,,,,,,backfill,
WL.BNA.04,2026-10-10 04:00,-0.57,,,,,,backfill,
WL.BNJ.01,2026-10-10 04:00,,,,,,,backfill,
WL.BNJ.02,2026-10-10 04:00,-1.17,,,,,,backfill,
WL.BNJ.03,2026-10-10 04:00,,,,,,,backfill,
WL.BNJ.04,2026-10-10 04:00,-1.08,,,,,,backfill,
WL.BNS.01,2026-10-10 04:00,0.36,,,,,,backfill,
WL.BOA.01,2026-10-10 04:00,-1.58,1.36,,,,,backfill,
WL.BOA.02,2026-10-10 04:00,-1.62,,,,,,backfill,
WL.BOA.03,2026-10-10 04:00,-1.49,,,,,,backfill,
WL.BON.01,2026-10-10 04:00,,,,,,,backfill,
WL.BPA.01,2026-10-10 04:00,-0.67,,,,,,backfill,
WL.BPK.01,2026-10-10 04:00,0.20,,,,,,backfill,
WL.BPM.01,2026-10-10 04:00,0.31,,,,,,backfill,
WL.BPM.02,2026-10-10 04:00,0.41,,,,,,backfill,
WL.BPM.03,2026-10-10 04:00,0.52,,,,,,backfill,
WL.BPM.04,2026-10-10 04:00,0.41,,,,,,backfill,
WL.BPN.02,2026-10-10 04:00,0.34,,,,,,backfill,
WL.BPU.01,2026-10-10 04:00,1.10,,,,,,backfill,
WL.BSK.01,2026-10-10 04:00,0.33,1.32,,,,,backfill,
WL.BSU.01,2026-10-10 04:00,-0.79,1.65,,,,,backfill,
WL.BSU.02,2026-10-10 04:00,-0.76,,,,,,backfill,
WL.BSU.03,2026-10-10 04:00,-1.22,,,,,,backfill,
WL.BSU.04,2026-10-10 04:00,-1.12,,,,,,backfill,
WL.BSU.05,2026-10-10 04:00,-1.18,,,,,,backfill,
WL.BSU.06,2026-10-10 04:00,,,,,,,backfill,
WL.BSU.07,2026-10-10 04:00,-0.60,,,,,,backfill,
WL.BTL.01,2026-10-10 04:00,-0.62,,,,,,backfill,
WL.BTY.01,2026-10-10 04:00,0.22,,,,,,backfill,
WL.BWK.01,2026-10-10 04:00,0.40,,,,,,backfill,
WL.BWK.02,2026-10-10 04:00,0.57,,,,,,backfill,
WL.BWK.03,2026-10-10 04:00,0.48,,,,,,backfill,
WL.BYI.01,2026-10-10 04:00,1.00,,,,,,backfill,
WL.BYK.01,2026-10-10 04:00,,,,,,,backfill,
WL.BYK.02,2026-10-10 04:00,0.09,,,,,,backfill,
WL.CKS.01,2026-10-10 04:00,-1.42,,,,,,backfill,
WL.CKS.02,2026-10-10 04:00,-0.99,,,,,,backfill,
WL.CKS.03,2026-10-10 04:00,-1.10,,,,,,backfill,
WL.CNS.01,2026-10-10 04:00,-2.07,1.30,,,,,backfill,
WL.CPA.01,2026-10-10 04:00,0.31,1.42,,,,,backfill,
WL.CPA.02,2026-10-10 04:00,0.39,,,,,,backfill,
WL.CYI.01,2026-10-10 04:00,-0.63,,,,,,backfill,
WL.CYI.02,2026-10-10 04:00,-0.60,,,,,,backfill,
WL.CYI.03,2026-10-10 04:00,-0.55,,,,,,backfill,
WL.DKN.01,2026-10-10 04:00,0.33,1.30,,,,,backfill,
WL.FTM.01,2026-10-10 04:00,-1.08,,,,,,backfill,
WL.HKG.01,2026-10-10 04:00,-0.77,,,,,,backfill,
WL.HKG.02,2026-10-10 04:00,-0.72,,,,,,backfill,
WL.HMK.01,2026-10-10 04:00,-0.17,,,,,,backfill,
WL.HMK.02,2026-10-10 04:00,-0.35,,,,,,backfill,
WL.HMK.03,2026-10-10 04:00,-0.14,,,,,,backfill,
WL.JKK.01,2026-10-10 04:00,,,,,,,backfill,
WL.JRN.01,2026-10-10 04:00,0.29,1.32,,,,,backfill,
WL.KBU.01,2026-10-10 04:00,0.45,1.22,,,,,backfill,
WL.KBU.02,2026-10-10 04:00,0.45,,,,,,backfill,
WL.KCD.01,2026-10-10 04:00,-1.04,,,,,,backfill,
WL.KDN.01,2026-10-10 04:00,-0.65,1.28,,,,,backfill,
WL.KJA.01,2026-10-10 04:00,-0.81,,,,,,backfill,
WL.KJA.02,2026-10-10 04:00,-0.35,,,,,,backfill,
WL.KJG.01,2026-10-10 04:00,-0.50,,,,,,backfill,
WL.KJK.01,2026-10-10 04:00,-1.28,1.32,,,,,backfill,
WL.KJK.02,2026-10-10 04:00,-1.23,,,,,,backfill,
WL.KJN.01,2026-10-10 04:00,,,,,,,backfill,
WL.KJN.02,2026-10-10 04:00,-0.18,,,,,,backfill,
WL.KJT.01,2026-10-10 04:00,-1.18,,,,,,backfill,
WL.KJU.01,2026-10-10 04:00,-0.49,,,,,,backfill,
WL.KKD.01,2026-10-10 04:00,-0.51,,,,,,backfill,
WL.KKD.02,2026-10-10 04:00,-0.62,,,,,,backfill,
WL.KKD.03,2026-10-10 04:00,,,,,,,backfill,
WL.KKD.04,2026-10-10 04:00,-0.58,,,,,,backfill,
WL.KKO.01,2026-10-10 04:00,1.62,,,,,,backfill,
WL.KKS.01,2026-10-10 04:00,-0.80,1.48,,,,,backfill,
WL.KKS.02,2026-10-10 04:00,-0.76,,,,,,backfill,
WL.KKS.03,2026-10-10 04:00,-0.88,,,,,,backfill,
WL.KKS.04,2026-10-10 04:00,-0.87,1.36,,,,,backfill,
WL.KKY.01,2026-10-10 04:00,0.47,,,,,,backfill,
WL.KKY.02,2026-10-10 04:00,0.50,,,,,,backfill,
WL.KLA.01,2026-10-10 04:00,-0.33,,,,,,backfill,
WL.KLD.01,2026-10-10 04:00,-0.28,,,,,,backfill,
WL.KLD.02,2026-10-10 04:00,-0.19,,,,,,backfill,
WL.KLT.01,2026-10-10 04:00,-0.76,,,,,,backfill,
WL.KMN.01,2026-10-10 04:00,0.38,1.43,,,,,backfill,
WL.KNB.01,2026-10-10 04:00,,,,,,,backfill,
WL.KNB.02,2026-10-10 04:00,-0.43,,,,,,backfill,
WL.KPG.01,2026-10-10 04:00,-1.10,,,,,,backfill,
WL.KPM.01,2026-10-10 04:00,-0.35,,,,,,backfill,
WL.KPM.03,2026-10-10 04:00,-0.17,,,,,,backfill,
WL.KPM.04,2026-10-10 04:00,0.29,,,,,,backfill,
WL.KPM.05,2026-10-10 04:00,0.43,,,,,,backfill,
WL.KPM.06,2026-10-10 04:00,0.44,,,,,,backfill,
WL.KPM.08,2026-10-10 04:00,0.38,,,,,,backfill,
WL.KPM.09,2026-10-10 04:00,,,,,,,backfill,
WL.KSG.01,2026-10-10 04:00,0.68,,,,,,backfill,
WL.KSI.01,2026-10-10 04:00,0.77,,,,,,backfill,
WL.KSI.02,2026-10-10 04:00,0.80,,,,,,backfill,
WL.KSK.01,2026-10-10 04:00,-0.65,,,,,,backfill,
WL.KSM.01,2026-10-10 04:00,0.79,,,,,,backfill,
WL.KSM.02,2026-10-10 04:00,0.73,,,,,,backfill,
WL.KSO.01,2026-10-10 04:00,0.54,,,,,,backfill,
WL.KSO.02,2026-10-10 04:00,0.54,,,,,,backfill,
WL.KT4.01,2026-10-10 04:00,,,,,,,backfill,
WL.KTY.01,2026-10-10 04:00,-1.87,1.28,,,,,backfill,
WL.LBK.02,2026-10-10 04:00,0.52,,,,,,backfill,
WL.LBK.03,2026-10-10 04:00,0.42,,,,,,backfill,
WL.LCL.01,2026-10-10 04:00,0.61,,,,,,backfill,
WL.LCL.02,2026-10-10 04:00,,,,,,,backfill,
WL.LKB.01,2026-10-10 04:00,0.65,,,,,,backfill,
WL.LOA.01,2026-10-10 04:00,0.65,,,,,,backfill,
WL.LOA.02,2026-10-10 04:00,0.70,,,,,,backfill,
WL.LPC.01,2026-10-10 04:00,1.09,,,,,,backfill,
WL.LPG.02,2026-10-10 04:00,0.99,1.75,,,,,backfill,
WL.LPG.03,2026-10-10 04:00,0.93,,,,,,backfill,
WL.LPI.02,2026-10-10 04:00,,,,,,,backfill,
WL.LPN.01,2026-10-10 04:00,-0.82,0.75,,,,,backfill,
WL.LPP.01,2026-10-10 04:00,-1.36,,,,,,backfill,
WL.LPT.01,2026-10-10 04:00,,,,,,,backfill,
WL.LPT.03,2026-10-10 04:00,0.86,,,,,,backfill,
WL.LPW.01,2026-10-10 04:00,-0.33,-0.37,,,,,backfill,
WL.LPW.03,2026-10-10 04:00,0.18,,,,,,backfill,
WL.LPW.04,2026-10-10 04:00,,,,,,,backfill,
WL.LPW.05,2026-10-10 04:00,-0.65,,,,,,backfill,
WL.LSG.01,2026-10-10 04:00,-1.24,,,,,,backfill,
WL.LSM.01,2026-10-10 04:00,-0.65,,,,,,backfill,
WL.LYW.01,2026-10-10 04:00,,,,,,,backfill,
WL.LYW.02,2026-10-10 04:00,-1.46,,,,,,backfill,
WL.MCM.01,2026-10-10 04:00,0.38,,,,,,backfill,
WL.MFS.01,2026-10-10 04:00,-0.68,,,,,,backfill,
WL.MKT.01,2026-10-10 04:00,-0.34,,,,,,backfill,
WL.MSW.01,2026-10-10 04:00,1.37,,,,,,backfill,
WL.MSW.02,2026-10-10 04:00,1.24,,,,,,backfill,
WL.MSW.03,2026-10-10 04:00,1.24,,,,,,backfill,
WL.MTG.01,2026-10-10 04:00,-0.68,,,,,,backfill,
WL.NBN.01,2026-10-10 04:00,-4.02,-1.19,,,,,backfill,
WL.NCH.02,2026-10-10 04:00,-0.59,,,,,,backfill,
WL.NK1.01,2026-10-10 04:00,-0.10,,,,,,backfill,
WL.NK3.01,2026-10-10 04:00,-0.25,,,,,,backfill,
WL.NKW.02,2026-10-10 04:00,-0.27,,,,,,backfill,
WL.NSG.01,2026-10-10 04:00,-2.00,,,,,,backfill,
WL.OAG.01,2026-10-10 04:00,-0.85,,,,,,backfill,
WL.ORC.01,2026-10-10 04:00,-1.34,-0.67,,,,,backfill,
WL.PKG.01,2026-10-10 04:00,1.41,,,,,,backfill,
WL.PKN.01,2026-10-10 04:00,-0.83,1.39,,,,,backfill,
WL.PLK.01,2026-10-10 04:00,1.01,,,,,,backfill,
WL.PLP.01,2026-10-10 04:00,-0.45,,,,,,backfill,
WL.PNM.01,2026-10-10 04:00,0.28,,,,,,backfill,
WL.PSC.01,2026-10-10 04:00,0.41,0.45,,,,,backfill,
WL.PSC.02,2026-10-10 04:00,0.38,,,,,,backfill,
WL.PSC.03,2026-10-10 04:00,0.38,,,,,,backfill,
WL.PSC.05,2026-10-10 04:00,0.45,,,,,,backfill,
WL.PSI.01,2026-10-10 04:00,-1.81,,,,,,backfill,
WL.PSR.01,2026-10-10 04:00,1.08,1.79,,,,,backfill,
WL.PSR.02,2026-10-10 04:00,1.11,,,,,,backfill,
WL.PSR.03,2026-10-10 04:00,1.09,,,,,,backfill,
WL.PSR.04,2026-10-10 04:00,0.74,,,,,,backfill,
WL.PSR.05,2026-10-10 04:00,0.78,,,,,,backfill,
WL.PSR.06,2026-10-10 04:00,0.71,,,,,,out of order,0.71
WL.PST.01,2026-10-10 04:00,-0.88,,,,,,backfill,
WL.PWT.01,2026-10-10 04:00,-0.61,,,,,,backfill,
WL.PWT.02,2026-10-10 04:00,-0.08,,,,,,backfill,
WL.PWT.03,2026-10-10 04:00,0.16,0.18,,,,,backfill,
WL.PWT.04,2026-10-10 04:00,0.49,0.54,,,,,backfill,
WL.PWT.05,2026-10-10 04:00,,,,,,,backfill,
WL.PWT.06,2026-10-10 04:00,0.91,,,,,,backfill,
WL.PWT.07,2026-10-10 04:00,0.89,,,,,,backfill,
WL.PYW.01,2026-10-10 04:00,-0.56,,,,,,backfill,
WL.RHN.01,2026-10-10 04:00,-0.12,-0.17,,,,,backfill,
WL.RJK.01,2026-10-10 04:00,0.21,0.21,,,,,backfill,
WL.RKC.01,2026-10-10 04:00,,,,,,,backfill,
WL.RMT.01,2026-10-10 04:00,-0.88,0.74,,,,,backfill,
WL.RMT.02,2026-10-10 04:00,0.04,,,,,,backfill,
WL.RSK.01,2026-10-10 04:00,0.43,,,,,,backfill,
WL.SBR.01,2026-10-10 04:00,0.51,1.23,,,,,backfill,
WL.SBR.02,2026-10-10 04:00,0.47,,,,,,backfill,
WL.SBT.01,2026-10-10 04:00,0.04,0.21,,,,,backfill,
WL.SCO.01,2026-10-10 04:00,0.18,,,,,,backfill,
WL.SDN.01,2026-10-10 04:00,0.23,,,,,,backfill,
WL.SKG.01,2026-10-10 04:00,,,,,,,backfill,
WL.SKT.01,2026-10-10 04:00,-0.76,,,,,,backfill,
WL.SKT.02,2026-10-10 04:00,-0.79,,,,,,backfill,
WL.SLL.01,2026-10-10 04:00,,,,,,,backfill,
WL.SMK.01,2026-10-10 04:00,-0.23,,,,,,backfill,
WL.SNC.01,2026-10-10 04:00,-0.20,0.86,,,,,backfill,
WL.SNC.02,2026-10-10 04:00,0.37,,,,,,backfill,
WL.SNC.03,2026-10-10 04:00,0.10,,,,,,backfill,
WL.SNO.01,2026-10-10 04:00,-1.05,,,,,,backfill,
WL.SOL.01,2026-10-10 04:00,-0.68,,,,,,backfill,
WL.SRE.01,2026-10-10 04:00,-0.05,1.36,,,,,backfill,
WL.SRG.01,2026-10-10 04:00,-0.67,1.19,,,,,backfill,
WL.SSB.01,2026-10-10 04:00,-0.82,,,,,,backfill,
WL.SSB.03,2026-10-10 04:00,-0.56,,,,,,backfill,
WL.SSB.04,2026-10-10 04:00,-0.66,-0.67,,,,,backfill,
WL.SSB.06,2026-10-10 04:00,-0.49,,,,,,backfill,
WL.SSB.07,2026-10-10 04:00,-0.05,,,,,,backfill,
WL.SSB.08,2026-10-10 04:00,0.28,,,,,,backfill,
WL.SSB.10,2026-10-10 04:00,0.81,1.05,,,,,backfill,
WL.SSB.11,2026-10-10 04:00,1.22,,,,,,backfill,
WL.SSB.12,2026-10-10 04:00,1.22,1.50,,,,,backfill,
WL.SSG.01,2026-10-10 04:00,1.56,,,,,,backfill,
WL.SSM.01,2026-10-10 04:00,1.31,,,,,,backfill,
WL.SSN.01,2026-10-10 04:00,-1.01,1.54,,,,,backfill,
WL.SSN.02,2026-10-10 04:00,-1.28,,,,,,backfill,
WL.SSN.04,2026-10-10 04:00,-1.35,,,,,,backfill,
WL.SSN.06,2026-10-10 04:00,-1.77,,,,,,backfill,
WL.SSN.07,2026-10-10 04:00,-1.07,,,,,,backfill,
WL.SSN.08,2026-10-10 04:00,-0.69,-0.68,,,,,backfill,
WL.SSN.09,2026-10-10 04:00,-0.71,,,,,,backfill,
WL.SSN.10,2026-10-10 04:00,-0.69,,,,,,backfill,
WL.SST.01,2026-10-10 04:00,0.81,1.75,,,,,backfill,
WL.STN.01,2026-10-10 04:00,0.55,,,,,,backfill,
WL.STN.02,2026-10-10 04:00,0.61,,,,,,backfill,
WL.STN.03,2026-10-10 04:00,0.63,,,,,,backfill,
WL.STR.01,2026-10-10 04:00,-0.98,0.24,1.29,,,,backfill,
WL.SWA.01,2026-10-10 04:00,0.85,1.33,,,,,backfill,
WL.SWU.01,2026-10-10 04:00,-1.21,,,,,,backfill,
WL.TCG.01,2026-10-10 04:00,-0.95,,,,,,backfill,
WL.TPK.02,2026-10-10 04:00,,,,,,,backfill,
WL.TPK.03,2026-10-10 04:00,0.44,,,,,,backfill,
WL.TSK.01,2026-10-10 04:00,-1.46,,,,,,backfill,
WL.TTN.01,2026-10-10 04:00,-0.84,,,,,,backfill,
WL.TUT.02,2026-10-10 04:00,-0.54,,,,,,backfill,
WL.TWW.01,2026-10-10 04:00,0.50,1.18,,,,,backfill,
WL.TWW.02,2026-10-10 04:00,0.49,,,,,,backfill,
WL.TWW.03,2026-10-10 04:00,0.56,,,,,,backfill,
WL.TWW.04,2026-10-10 04:00,0.51,,,,,,backfill,
WL.TWW.05,2026-10-10 04:00,0.46,,,,,,backfill,
WL.VPD.01,2026-10-10 04:00,-0.96,,,,,,backfill,
WL.VPD.02,2026-10-10 04:00,-0.92,,,,,,backfill,
WL.VPD.03,2026-10-10 04:00,-1.30,,,,,,backfill,
WL.VPV.01,2026-10-10 04:00,-1.65,,,,,,backfill,
WL.WHK.01,2026-10-10 04:00,0.77,,,,,,backfill,
WL.WKT.01,2026-10-10 04:00,0.32,,,,,,backfill,
WL.WLS.01,2026-10-10 04:00,0.48,,,,,,backfill,
WL.WSI.01,2026-10-10 04:00,-0.53,1.31,,,,,backfill,
WL.WSV.01,2026-10-10 04:00,0.04,,,,,,backfill,
WL.WTK.01,2026-10-10 04:00,-0.48,,,,,,backfill,
WL.WTN.02,2026-10-10 04:00,-1.14,,,,,,backfill,
WL.YPE.01,2026-10-10 04:00,0.41,,,,,,backfill,
WL.YPN.01,2026-10-10 04:00,-0.81,,,,,,backfill,
WL.YPN.02,2026-10-10 04:00,-0.86,,,,,,backfill,
WL.YSN.02,2026-10-10 04:00,-0.98,,,,,,backfill,
WL.KPM.03,2026-10-10 04:05,-0.17,,,,,,temporarily out of order,-0.11
WL.ANG.01,2026-10-10 04:10,0.94,,,,,,Normal,
WL.BBU.02,2026-10-10 04:10,0.45,,,,,,Normal,
WL.BKH.01,2026-10-10 04:10,0.12,,,,,,Normal,
WL.BMD.01,2026-10-10 04:10,0.51,,,,,,Normal,
WL.BNJ.05,2026-10-10 04:10,-0.97,,,,,,Normal,
WL.BSE.01,2026-10-10 04:10,-1.56,,,,,,Normal,
WL.BTL.02,2026-10-10 04:10,0.04,,,,,,Normal,
WL.CLH.01,2026-10-10 04:10,-0.34,,,,,,Normal,
WL.CYI.02,2026-10-10 04:10,-0.6,,,,,,Normal,-0.54
WL.K08.01,2026-10-10 04:10,1.57,,,,,,Alert,
WL.K10.01,2026-10-10 04:10,1.63,,,,,,Alert,
WL.K11.01,2026-10-10 04:10,1.58,,,,,,Alert,
WL.KBP.01,2026-10-10 04:10,-0.59,,,,,,Normal,
WL.KHW.01,2026-10-10 04:10,1.71,,,,,,Normal,
WL.KKO.02,2026-10-10 04:10,1.57,,,,,,Alert,
WL.KPM.07,2026-10-10 04:10,0.64,,,,,,Alert,
WL.LPS.01,2026-10-10 04:10,0.79,,,,,,Normal,
WL.LPT.05,2026-10-10 04:10,1.95,,,,,,Normal,
WL.MKT.02,2026-10-10 04:10,-0.85,,,,,,Normal,
WL.NK3.02,2026-10-10 04:10,-0.58,,,,,,Normal,
WL.POC.01,2026-10-10 04:10,1.46,,,,,,Normal,
WL.PSC.06,2026-10-10 04:10,0.53,,,,,,Normal,
WL.RPS.01,2026-10-10 04:10,2.04,,,,,,Alert,
WL.SSB.01,2026-10-10 04:10,-0.81,,,,,,Normal,-0.75
WL.SSB.13,2026-10-10 04:10,1.89,,,,,,Critical,
WL.SSG.02,2026-10-10 04:10,1.56,,,,,,Alert,
WL.STN.01,2026-10-10 04:10,0.55,,,,,,Alert,0.55
WL.SWA.02,2026-10-10 04:10,1.43,,,,,,Normal,
WL.AJP.01,2026-10-10 04:15,-1.19,,,,,,Normal,-1.17
WL.ANX.01,2026-10-10 04:15,0.01,,,,,,Normal,0.02
WL.BAM.01,2026-10-10 04:15,0.19,,,,,,Normal,0.19
WL.BBN.02,2026-10-10 04:15,0.31,,,,,,Normal,0.39
WL.BBN.03,2026-10-10 04:15,0.49,,,,,,Alert,0.55
WL.BBR.01,2026-10-10 04:15,0.09,,,,,,Normal,0.09
WL.BBR.02,2026-10-10 04:15,0.04,,,,,,Normal,0.04
WL.BBU.01,2026-10-10 04:15,0.41,,,,,,Normal,0.45
WL.BCN.01,2026-10-10 04:15,0.43,,,,,,Normal,0.46
WL.BCN.02,2026-10-10 04:15,0.46,,,,,,Normal,0.46
WL.BCN.03,2026-10-10 04:15,0.49,,,,,,Normal,0.52
WL.BJK.01,2026-10-10 04:15,-1.6,1.37,,0.0,0.0,,Normal,-1.54
WL.BJK.02,2026-10-10 04:15,0.47,,,,,,Normal,0.49
WL.BJK.03,2026-10-10 04:15,0.46,,,,,,Normal,0.46
WL.BJK.04,2026-10-10 04:15,0.5,,,,,,Normal,0.52
WL.BKA.01,2026-10-10 04:15,-1.67,1.73,,1.73,1.74,0.0,Normal,-1.1
WL.BKA.02,2026-10-10 04:15,-0.82,,,,,,Normal,-0.77
WL.BKA.03,2026-10-10 04:15,-0.41,,,,,,Normal,-0.37
WL.BKA.04,2026-10-10 04:15,0.03,,,,,,Normal,0.1
WL.BKB.01,2026-10-10 04:15,-0.4,,,,,,Normal,-0.4
WL.BKG.01,2026-10-10 04:15,0.66,-2.0,,0.0,,,Critical,0.67
WL.BKK.01,2026-10-10 04:15,0.46,,,,,,Normal,
WL.BKT.01,2026-10-10 04:15,-0.79,,,,,,Normal,-0.78
WL.BKY.01,2026-10-10 04:15,0.41,1.55,,0.0,6.98,0.0,Normal,0.41
WL.BKY.02,2026-10-10 04:15,0.44,,,,,,Normal,0.44
WL.BLP.02,2026-10-10 04:15,-0.79,,,,,,Normal,-0.74
WL.BLY.01,2026-10-10 04:15,-0.51,,,,,,Normal,-0.5
WL.BLY.02,2026-10-10 04:15,-0.58,,,,,,Normal,-0.58
WL.BMA.02,2026-10-10 04:15,-0.12,,,,,,Normal,-0.11
WL.BMK.01,2026-10-10 04:15,-1.02,,,,,,Normal,-1.02
WL.BNA.01,2026-10-10 04:15,-1.4,1.32,,0.0,0.0,,Normal,-1.4
WL.BNA.03,2026-10-10 04:15,-0.67,,,,,,Normal,-0.65
WL.BNA.04,2026-10-10 04:15,-0.57,,,,,,Normal,-0.55
WL.BNJ.02,2026-10-10 04:15,-1.16,,,,,,Normal,-1.16
WL.BNJ.04,2026-10-10 04:15,-1.06,,,,,,Normal,-1.06
WL.BNS.01,2026-10-10 04:15,0.35,,,,,,Normal,0.4
WL.BOA.01,2026-10-10 04:15,-1.58,1.45,,0.0,0.0,,Normal,-1.5
WL.BOA.02,2026-10-10 04:15,-1.62,,,,,,Normal,-1.49
WL.BOA.03,2026-10-10 04:15,-1.53,,,,,,Normal,-1.49
WL.BPA.01,2026-10-10 04:15,-0.67,,,,,,Normal,-0.62
WL.BPK.01,2026-10-10 04:15,0.19,,,,,,Normal,0.21
WL.BPM.01,2026-10-10 04:15,0.31,,,,,,Normal,0.31
WL.BPM.02,2026-10-10 04:15,0.41,,,,,,Normal,0.41
WL.BPM.03,2026-10-10 04:15,0.52,,,,,,Normal,0.56
WL.BPM.04,2026-10-10 04:15,0.41,,,,,,Normal,0.47
WL.BPN.02,2026-10-10 04:15,0.33,,,,,,Normal,0.41
WL.BPU.01,2026-10-10 04:15,1.15,,,,,,Normal,1.15
WL.BSK.01,2026-10-10 04:15,0.35,1.43,,0.0,0.0,,Normal,0.35
WL.BSU.01,2026-10-10 04:15,-0.81,1.71,,0.0,0.0,0.0,Normal,-0.78
WL.BSU.02,2026-10-10 04:15,-0.76,,,,,,Normal,-0.76
WL.BSU.03,2026-10-10 04:15,-1.22,,,,,,Normal,-1.17
WL.BSU.04,2026-10-10 04:15,-1.12,,,,,,Normal,-1.09
WL.BSU.05,2026-10-10 04:15,-1.19,,,,,,Normal,-1.06
WL.BSU.07,2026-10-10 04:15,-0.6,,,,,,Normal,-0.47
WL.BTL.01,2026-10-10 04:15,-0.62,,,,,,Normal,-0.62
WL.BTY.01,2026-10-10 04:15,0.22,,,,,,Normal,0.27
WL.BWK.01,2026-10-10 04:15,0.4,,,,,,Normal,0.4
WL.BWK.02,2026-10-10 04:15,0.57,,,,,,Normal,0.58
WL.BWK.03,2026-10-10 04:15,0.48,,,,,,Normal,0.54
WL.BYI.01,2026-10-10 04:15,1.0,,,,,,Critical,1.0
WL.BYK.02,2026-10-10 04:15,0.12,,,,,,Normal,0.15
WL.CKS.01,2026-10-10 04:15,-1.42,,,0.0,0.0,,Normal,-1.23
WL.CKS.02,2026-10-10 04:15,-1.0,,,,,,Normal,-0.93
WL.CKS.03,2026-10-10 04:15,-1.11,,,,,,Normal,-1.04
WL.CNS.01,2026-10-10 04:15,-2.08,1.36,,0.0,0.0,,Normal,-0.97
WL.CPA.01,2026-10-10 04:15,0.31,1.48,,5.37,3.52,,Normal,0.31
WL.CPA.02,2026-10-10 04:15,0.39,,,,,,Normal,0.39
WL.CYI.01,2026-10-10 04:15,-0.63,,,,,,Normal,-0.56
WL.CYI.03,2026-10-10 04:15,-0.55,,,,,,Normal,-0.48
WL.DKN.01,2026-10-10 04:15,0.33,1.42,,0.0,6.39,0.0,Normal,0.34
WL.FTM.01,2026-10-10 04:15,-1.08,,,,,,Normal,-1.04
WL.HKG.01,2026-10-10 04:15,-0.77,,,,,,Normal,-0.71
WL.HKG.02,2026-10-10 04:15,-0.72,,,,,,Normal,-0.66
WL.HMK.01,2026-10-10 04:15,-0.17,,,,,,Alert,-0.15
WL.HMK.02,2026-10-10 04:15,-0.35,,,,,,Normal,-0.34
WL.HMK.03,2026-10-10 04:15,-0.14,,,,,,Normal,-0.11
WL.JRN.01,2026-10-10 04:15,0.29,1.41,,0.0,,,Normal,0.29
WL.KBU.01,2026-10-10 04:15,0.45,1.26,,0.0,,,Normal,0.46
WL.KBU.02,2026-10-10 04:15,0.44,,,,,,Normal,0.45
WL.KCD.01,2026-10-10 04:15,-1.04,,,,,,Normal,-1.0
WL.KDN.01,2026-10-10 04:15,-0.65,1.36,,0.0,,,Normal,-0.64
WL.KJA.01,2026-10-10 04:15,-0.81,,,,,,Normal,-0.79
WL.KJA.02,2026-10-10 04:15,-0.35,,,,,,Normal,-0.34
WL.KJG.01,2026-10-10 04:15,-0.5,,,,,,Normal,-0.43
WL.KJK.01,2026-10-10 04:15,-1.27,1.38,,0.0,0.0,,Normal,-1.21
WL.KJK.02,2026-10-10 04:15,-1.22,,,,,,Normal,-1.15
WL.KJN.02,2026-10-10 04:15,-0.18,,,,,,Normal,-0.11
WL.KJT.01,2026-10-10 04:15,-1.19,,,,,,Normal,-1.12
WL.KJU.01,2026-10-10 04:15,-0.42,,,,,,Normal,-0.39
WL.KKD.01,2026-10-10 04:15,-0.51,,,,,,Normal,-0.51
WL.KKD.02,2026-10-10 04:15,-0.62,,,,,,Normal,-0.62
WL.KKO.01,2026-10-10 04:15,1.62,,,,,,Alert,1.62
WL.KKS.01,2026-10-10 04:15,-0.79,1.55,,0.0,0.0,,Normal,-0.72
WL.KKS.02,2026-10-10 04:15,-0.74,,,,,,Normal,-0.69
WL.KKS.03,2026-10-10 04:15,-0.87,,,,,,Normal,-0.86
WL.KKS.04,2026-10-10 04:15,-0.86,1.47,,0.0,,,Normal,-0.86
WL.KKY.01,2026-10-10 04:15,0.46,,,,,,Normal,0.51
WL.KKY.02,2026-10-10 04:15,0.5,,,,,,Normal,0.54
WL.KLA.01,2026-10-10 04:15,-0.33,,,,,,Normal,-0.31
WL.KLD.01,2026-10-10 04:15,-0.28,,,,,,Normal,-0.18
WL.KLD.02,2026-10-10 04:15,-0.2,,,,,,Normal,-0.1
WL.KLT.01,2026-10-10 04:15,-0.75,,,,,,Normal,-0.7
WL.KMN.01,2026-10-10 04:15,0.33,1.47,,7.49,0.0,0.0,Normal,0.38
WL.KNB.02,2026-10-10 04:15,-0.43,,,,,,Normal,-0.41
WL.KPG.01,2026-10-10 04:15,-1.09,,,,,,Normal,-1.09
WL.KPM.01,2026-10-10 04:15,-0.35,,,,,,Normal,-0.32
WL.KPM.05,2026-10-10 04:15,0.42,,,,,,Normal,0.46
WL.KPM.06,2026-10-10 04:15,0.44,,,,,,Normal,0.47
WL.KPM.08,2026-10-10 04:15,0.37,,,,,,Normal,0.43
WL.KSG.01,2026-10-10 04:15,0.68,,,,,,Normal,0.7
WL.KSI.01,2026-10-10 04:15,0.77,,,,,,Normal,0.78
WL.KSI.02,2026-10-10 04:15,0.8,,,,,,Critical,0.8
WL.KSK.01,2026-10-10 04:15,-0.65,,,,,,Normal,-0.65
WL.KSM.01,2026-10-10 04:15,0.79,,,,,,Critical,0.8
WL.KSM.02,2026-10-10 04:15,0.73,,,,,,Critical,0.74
WL.KSO.01,2026-10-10 04:15,0.53,,,,,,Normal,0.6
WL.KSO.02,2026-10-10 04:15,0.54,,,,,,Normal,0.6
WL.KTY.01,2026-10-10 04:15,-1.85,1.35,,0.0,,,Normal,-1.85
WL.LBK.02,2026-10-10 04:15,0.52,,,,,,Critical,0.53
WL.LBK.03,2026-10-10 04:15,0.42,,,,,,Critical,0.43
WL.LCL.01,2026-10-10 04:15,0.61,,,,,,Normal,0.63
WL.LKB.01,2026-10-10 04:15,0.65,,,,,,Critical,0.67
WL.LOA.01,2026-10-10 04:15,0.65,,,,,,Normal,0.65
WL.LOA.02,2026-10-10 04:15,0.7,,,,,,Normal,0.71
WL.LPC.01,2026-10-10 04:15,1.09,,,,,,Critical,1.1
WL.LPG.02,2026-10-10 04:15,0.99,1.75,,0.0,,,Critical,0.99
WL.LPG.03,2026-10-10 04:15,0.93,,,,,,Critical,0.94
WL.LPN.01,2026-10-10 04:15,-0.81,0.79,,0.01,,,Normal,-0.81
WL.LPP.01,2026-10-10 04:15,-1.37,,,,,,Normal,-1.35
WL.LPP.02,2026-10-10 04:15,-0.71,,,,,,Normal,
WL.LPT.03,2026-10-10 04:15,0.86,,,,,,Critical,0.87
WL.LPW.01,2026-10-10 04:15,-0.33,-0.38,,0.0,,,Normal,-0.25
WL.LPW.03,2026-10-10 04:15,0.18,,,,,,Normal,0.23
WL.LPW.05,2026-10-10 04:15,-0.65,,,,,,Normal,-0.59
WL.LSG.01,2026-10-10 04:15,-1.24,,,,,,Normal,-1.22
WL.LSM.01,2026-10-10 04:15,-0.66,,,,,,Normal,-0.64
WL.LYW.02,2026-10-10 04:15,-1.46,,,,,,Normal,-1.44
WL.MCM.01,2026-10-10 04:15,0.38,,,,,,Normal,0.44
WL.MFS.01,2026-10-10 04:15,-0.68,,,,,,Normal,-0.68
WL.MKT.01,2026-10-10 04:15,-0.34,,,,,,Normal,-0.31
WL.MSW.01,2026-10-10 04:15,1.39,,,,,,Normal,1.39
WL.MSW.02,2026-10-10 04:15,1.24,,,,,,Normal,1.24
WL.MSW.03,2026-10-10 04:15,1.29,,,,,,Normal,1.29
WL.MSW.04,2026-10-10 04:15,1.08,,,,,,Normal,
WL.MTG.01,2026-10-10 04:15,-0.68,,,,,,Normal,-0.68
WL.NBN.01,2026-10-10 04:15,-4.03,-1.18,,0.0,,,Normal,-3.94
WL.NCH.02,2026-10-10 04:15,-0.55,,,,,,Normal,-0.33
WL.NK1.01,2026-10-10 04:15,-0.09,,,,,,Normal,-0.09
WL.NK3.01,2026-10-10 04:15,-0.2,,,,,,Normal,-0.2
WL.NKW.02,2026-10-10 04:15,-0.27,,,,,,Normal,-0.23
WL.NSG.01,2026-10-10 04:15,-2.0,,,,,,Normal,-2.0
WL.OAG.01,2026-10-10 04:15,-0.83,,,,,,Normal,-0.78
WL.ORC.01,2026-10-10 04:15,-1.34,-0.64,,0.0,,,Normal,-1.34
WL.PKG.01,2026-10-10 04:15,1.53,,,,,,Normal,1.53
WL.PKN.01,2026-10-10 04:15,-0.83,1.45,,0.0,0.0,0.0,Normal,-0.83
WL.PLK.01,2026-10-10 04:15,1.06,,,,,,Normal,1.06
WL.PLP.01,2026-10-10 04:15,-0.45,,,,,,Normal,-0.43
WL.PNM.01,2026-10-10 04:15,0.28,,,,,,Alert,0.3
WL.PSC.01,2026-10-10 04:15,0.41,0.45,,0.0,0.0,0.0,Normal,0.41
WL.PSC.02,2026-10-10 04:15,0.38,,,,,,Normal,0.38
WL.PSC.03,2026-10-10 04:15,0.38,,,,,,Normal,0.38
WL.PSC.05,2026-10-10 04:15,0.45,,,,,,Normal,0.45
WL.PSI.01,2026-10-10 04:15,-1.8,,,,,,Normal,-1.16
WL.PSR.01,2026-10-10 04:15,1.08,1.79,,0.2,,,Alert,1.09
WL.PSR.02,2026-10-10 04:15,1.11,,,,,,Alert,1.13
WL.PSR.03,2026-10-10 04:15,1.09,,,,,,Alert,1.1
WL.PSR.04,2026-10-10 04:15,0.75,,,,,,Normal,0.75
WL.PSR.05,2026-10-10 04:15,0.78,,,,,,Alert,0.78
WL.PST.01,2026-10-10 04:15,-0.88,,,,,,Normal,-0.88
WL.PWT.01,2026-10-10 04:15,-0.61,,,,,,Normal,-0.57
WL.PWT.02,2026-10-10 04:15,-0.08,,,,,,Normal,-0.06
WL.PWT.03,2026-10-10 04:15,0.16,0.18,,5.84,5.9,,Normal,0.18
WL.PWT.04,2026-10-10 04:15,0.49,0.54,,4.94,,,Alert,0.51
WL.PWT.06,2026-10-10 04:15,0.91,,,,,,Critical,0.92
WL.PWT.07,2026-10-10 04:15,0.89,,,,,,Critical,0.9
WL.PYW.01,2026-10-10 04:15,-0.55,,,,,,Normal,-0.55
WL.RHN.01,2026-10-10 04:15,-0.13,-0.17,,0.0,,,Normal,-0.06
WL.RJK.01,2026-10-10 04:15,0.22,0.22,,7.5,,,Normal,0.22
WL.RMN.01,2026-10-10 04:15,0.53,,,,,,Normal,
WL.RMT.01,2026-10-10 04:15,-0.89,0.76,,0.0,0.0,,Normal,-0.58
WL.RMT.02,2026-10-10 04:15,0.03,,,,,,Normal,0.1
WL.RMT.03,2026-10-10 04:15,-2.0,,,,,,Normal,-2.0
WL.RSK.01,2026-10-10 04:15,0.43,,,,,,Normal,0.46
WL.SBR.01,2026-10-10 04:15,0.5,1.23,,0.0,,,Normal,0.57
WL.SBR.02,2026-10-10 04:15,0.47,,,,,,Normal,0.53
WL.SBT.01,2026-10-10 04:15,0.03,0.21,,0.0,,,Normal,0.09
WL.SCO.01,2026-10-10 04:15,0.18,,,,,,Normal,0.18
WL.SDN.01,2026-10-10 04:15,0.23,,,,,,Normal,0.23
WL.SKT.01,2026-10-10 04:15,-0.76,,,,,,Normal,-0.72
WL.SKT.02,2026-10-10 04:15,-0.8,,,,,,Normal,-0.75
WL.SMK.01,2026-10-10 04:15,-0.23,,,,,,Normal,-0.23
WL.SNC.01,2026-10-10 04:15,-0.19,0.88,,0.0,0.0,0.0,Normal,-0.19
WL.SNC.02,2026-10-10 04:15,0.35,,,,,,Normal,0.38
WL.SNC.03,2026-10-10 04:15,0.1,,,,,,Normal,0.11
WL.SNO.01,2026-10-10 04:15,-1.04,,,,,,Normal,-1.04
WL.SOL.01,2026-10-10 04:15,-0.68,,,,,,Normal,-0.68
WL.SRE.01,2026-10-10 04:15,-0.03,1.48,,0.0,0.0,,Normal,-0.03
WL.SRG.01,2026-10-10 04:15,-0.66,1.24,,0.0,0.0,0.0,Normal,-0.66
WL.SSB.03,2026-10-10 04:15,-0.53,,,,,,Normal,-0.53
WL.SSB.04,2026-10-10 04:15,-0.64,-0.66,,7.5,7.5,,Normal,-0.6
WL.SSB.06,2026-10-10 04:15,-0.49,,,,,,Normal,-0.43
WL.SSB.07,2026-10-10 04:15,-0.05,,,,,,Normal,0.01
WL.SSB.08,2026-10-10 04:15,0.28,,,,,,Normal,0.32
WL.SSB.09,2026-10-10 04:15,0.55,1.1,,0.0,,,Critical,0.57
WL.SSB.10,2026-10-10 04:15,0.81,1.05,,3.64,,,Critical,0.83
WL.SSB.11,2026-10-10 04:15,1.22,,,,,,Critical,1.22
WL.SSB.12,2026-10-10 04:15,1.22,1.5,,0.0,,,Critical,1.22
WL.SSG.01,2026-10-10 04:15,1.56,,,,,,Alert,1.57
WL.SSM.01,2026-10-10 04:15,1.31,-99,,0.0,,,Critical,1.32
WL.SSM.02,2026-10-10 04:15,1.56,,,,,,Normal,
WL.SSN.01,2026-10-10 04:15,-1.01,1.6,,7.0,0.0,0.0,Normal,-1.01
WL.SSN.04,2026-10-10 04:15,-1.34,,,,,,Normal,-1.21
WL.SSN.06,2026-10-10 04:15,-1.77,,,,,,Normal,-1.77
WL.SSN.07,2026-10-10 04:15,-1.07,,,,,,Normal,-0.97
WL.SSN.08,2026-10-10 04:15,-0.69,-0.69,,0.0,,,Normal,-0.63
WL.SSN.09,2026-10-10 04:15,-0.71,,,,,,Normal,-0.65
WL.SSN.10,2026-10-10 04:15,-0.69,,,,,,Normal,-0.62
WL.SST.01,2026-10-10 04:15,0.81,1.75,,0.32,,,Alert,0.83
WL.STN.02,2026-10-10 04:15,0.61,,,,,,Critical,0.62
WL.STN.03,2026-10-10 04:15,0.63,,,,,,Critical,0.64
WL.STR.01,2026-10-10 04:15,-0.98,0.25,1.41,0.0,0.0,0.0,Normal,-0.91
WL.SWA.01,2026-10-10 04:15,0.85,1.33,,0.44,,,Critical,0.85
WL.SWU.01,2026-10-10 04:15,-1.2,,,,,,Normal,-1.2
WL.TCG.01,2026-10-10 04:15,-0.95,,,,,,Normal,-0.95
WL.TPK.03,2026-10-10 04:15,0.44,,,,,,Critical,0.45
WL.TSK.01,2026-10-10 04:15,-1.44,,,,,,Normal,-1.44
WL.TUT.02,2026-10-10 04:15,-0.53,,,,,,Normal,-0.53
WL.TWW.01,2026-10-10 04:15,0.5,1.18,,0.0,,,Normal,0.56
WL.TWW.02,2026-10-10 04:15,0.48,,,,,,Normal,0.55
WL.TWW.03,2026-10-10 04:15,0.56,,,,,,Normal,0.62
WL.TWW.04,2026-10-10 04:15,0.51,,,,,,Normal,0.57
WL.TWW.05,2026-10-10 04:15,0.46,,,,,,Normal,0.49
WL.VPD.01,2026-10-10 04:15,-0.96,,,,,,Normal,-0.94
WL.VPD.02,2026-10-10 04:15,-0.92,,,,,,Normal,-0.91
WL.VPD.03,2026-10-10 04:15,-1.3,,,,,,Normal,-1.29
WL.VPV.01,2026-10-10 04:15,-1.54,,,0.0,,,Normal,-1.41
WL.WHK.01,2026-10-10 04:15,0.78,,,,,,Normal,0.86
WL.WKT.01,2026-10-10 04:15,0.33,,,,,,Normal,0.33
WL.WLS.01,2026-10-10 04:15,0.48,,,,,,Normal,0.55
WL.WSI.01,2026-10-10 04:15,-0.53,1.41,,0.0,0.0,0.0,Normal,-0.53
WL.WSV.01,2026-10-10 04:15,0.05,,,,,,Normal,0.12
WL.WTK.01,2026-10-10 04:15,-0.48,,,,,,Normal,-0.47
WL.WTN.02,2026-10-10 04:15,-1.15,,,,,,Normal,-1.11
WL.YPE.01,2026-10-10 04:15,0.41,,,,,,Normal,0.41
WL.YPN.01,2026-10-10 04:15,-0.8,,,,,,Normal,-0.8
WL.YPN.02,2026-10-10 04:15,-0.86,,,,,,Normal,-0.86
WL.YSN.02,2026-10-10 04:15,-0.99,,,,,,Normal,-0.91
WL.WSV.01,2026-10-10 04:20,0.06,,,,,,out of order,0.12
WL.KPM.04,2026-10-10 04:25,0.29,,,,,,Normal,0.4
WL.WTN.02,2026-10-10 04:25,-1.15,,,,,,out of order,-1.11
WL.KKD.04,2026-10-10 04:35,-0.58,,,,,,Normal,-0.58
WL.BBN.01,2026-10-10 04:50,0.07,,,,,,out of order,0.09
WL.LOA.01,2026-10-10 04:50,0.65,,,,,,temporarily out of order,0.65
WL.SSB.13,2026-10-10 04:50,1.89,,,,,,temporarily out of order,
WL.AJP.01,2026-10-10 05:00,-1.19,,,,,,backfill,
WL.ANX.01,2026-10-10 05:00,-0.11,,,,,,backfill,
WL.BAM.01,2026-10-10 05:00,0.20,,,,,,backfill,
WL.BBN.01,2026-10-10 05:00,0.07,,,,,,backfill,
WL.BBN.02,2026-10-10 05:00,0.30,,,,,,backfill,
WL.BBN.03,2026-10-10 05:00,0.49,,,,,,backfill,
WL.BBR.01,2026-10-10 05:00,0.05,,,,,,backfill,
WL.BBR.02,2026-10-10 05:00,0.03,,,,,,backfill,
WL.BBU.01,2026-10-10 05:00,0.41,,,,,,backfill,
WL.BCN.01,2026-10-10 05:00,0.43,,,,,,backfill,
WL.BCN.02,2026-10-10 05:00,0.45,,,,,,backfill,
WL.BCN.03,2026-10-10 05:00,0.48,,,,,,backfill,
WL.BJK.01,2026-10-10 05:00,-1.60,1.51,,,,,backfill,
WL.BJK.02,2026-10-10 05:00,0.48,,,,,,backfill,
WL.BJK.03,2026-10-10 05:00,0.46,,,,,,backfill,
WL.BJK.04,2026-10-10 05:00,0.51,,,,,,backfill,
WL.BKA.01,2026-10-10 05:00,-1.51,1.90,,,,,backfill,
WL.BKA.02,2026-10-10 05:00,-0.84,,,,,,backfill,
WL.BKA.03,2026-10-10 05:00,-0.42,,,,,,backfill,
WL.BKA.04,2026-10-10 05:00,0.05,,,,,,backfill,
WL.BKB.01,2026-10-10 05:00,-0.37,,,,,,backfill,
WL.BKG.01,2026-10-10 05:00,0.66,-2.00,,,,,backfill,
WL.BKT.01,2026-10-10 05:00,-0.78,,,,,,backfill,
WL.BKY.01,2026-10-10 05:00,0.41,1.73,,,,,backfill,
WL.BKY.02,2026-10-10 05:00,0.42,,,,,,backfill,
WL.BLP.02,2026-10-10 05:00,-0.73,,,,,,backfill,
WL.BLY.01,2026-10-10 05:00,-0.51,,,,,,backfill,
WL.BLY.02,2026-10-10 05:00,-0.58,,,,,,backfill,
WL.BMA.02,2026-10-10 05:00,-0.13,,,,,,backfill,
WL.BMK.01,2026-10-10 05:00,-1.08,,,,,,backfill,
WL.BNA.01,2026-10-10 05:00,-1.37,1.44,,,,,backfill,
WL.BNA.02,2026-10-10 05:00,,,,,,,backfill,
WL.BNA.03,2026-10-10 05:00,-0.67,,,,,,backfill,
WL.BNA.04,2026-10-10 05:00,-0.57,,,,,,backfill,
WL.BNJ.01,2026-10-10 05:00,,,,,,,backfill,
WL.BNJ.02,2026-10-10 05:00,-1.12,,,,,,backfill,
WL.BNJ.03,2026-10-10 05:00,,,,,,,backfill,
WL.BNJ.04,2026-10-10 05:00,-1.02,,,,,,backfill,
WL.BNS.01,2026-10-10 05:00,0.34,,,,,,backfill,
WL.BOA.01,2026-10-10 05:00,-1.49,1.59,,,,,backfill,
WL.BOA.02,2026-10-10 05:00,-1.61,,,,,,backfill,
WL.BOA.03,2026-10-10 05:00,-1.56,,,,,,backfill,
WL.BON.01,2026-10-10 05:00,,,,,,,backfill,
WL.BPA.01,2026-10-10 05:00,-0.66,,,,,,backfill,
WL.BPK.01,2026-10-10 05:00,0.19,,,,,,backfill,
WL.BPM.01,2026-10-10 05:00,0.31,,,,,,backfill,
WL.BPM.02,2026-10-10 05:00,0.41,,,,,,backfill,
WL.BPM.03,2026-10-10 05:00,0.52,,,,,,backfill,
WL.BPM.04,2026-10-10 05:00,0.40,,,,,,backfill,
WL.BPN.02,2026-10-10 05:00,0.33,,,,,,backfill,
WL.BPU.01,2026-10-10 05:00,1.15,,,,,,backfill,
WL.BSK.01,2026-10-10 05:00,0.39,1.58,,,,,backfill,
WL.BSU.01,2026-10-10 05:00,-0.76,1.89,,,,,backfill,
WL.BSU.02,2026-10-10 05:00,-0.75,,,,,,backfill,
WL.BSU.03,2026-10-10 05:00,-1.25,,,,,,backfill,
WL.BSU.04,2026-10-10 05:00,-1.12,,,,,,backfill,
WL.BSU.05,2026-10-10 05:00,-1.22,,,,,,backfill,
WL.BSU.06,2026-10-10 05:00,,,,,,,backfill,
WL.BSU.07,2026-10-10 05:00,-0.61,,,,,,backfill,
WL.BTL.01,2026-10-10 05:00,-0.62,,,,,,backfill,
WL.BTY.01,2026-10-10 05:00,0.21,,,,,,backfill,
WL.BWK.01,2026-10-10 05:00,0.39,,,,,,backfill,
WL.BWK.02,2026-10-10 05:00,0.57,,,,,,backfill,
WL.BWK.03,2026-10-10 05:00,0.48,,,,,,backfill,
WL.BYI.01,2026-10-10 05:00,1.00,,,,,,backfill,
WL.BYK.01,2026-10-10 05:00,,,,,,,backfill,
WL.BYK.02,2026-10-10 05:00,0.20,,,,,,backfill,
WL.CKS.01,2026-10-10 05:00,-1.43,,,,,,backfill,
WL.CKS.02,2026-10-10 05:00,-1.01,,,,,,backfill,
WL.CKS.03,2026-10-10 05:00,-1.12,,,,,,temporarily out of order,-1.04
WL.CNS.01,2026-10-10 05:00,-2.23,1.49,,,,,backfill,
WL.CPA.01,2026-10-10 05:00,0.31,1.66,,,,,backfill,
WL.CPA.02,2026-10-10 05:00,0.38,,,,,,backfill,
WL.CYI.01,2026-10-10 05:00,-0.63,,,,,,backfill,
WL.CYI.02,2026-10-10 05:00,-0.60,,,,,,backfill,
WL.CYI.03,2026-10-10 05:00,-0.55,,,,,,backfill,
WL.DKN.01,2026-10-10 05:00,0.33,1.57,,,,,backfill,
WL.FTM.01,2026-10-10 05:00,-1.09,,,,,,backfill,
WL.HKG.01,2026-10-10 05:00,-0.78,,,,,,backfill,
WL.HKG.02,2026-10-10 05:00,-0.73,,,,,,backfill,
WL.HMK.01,2026-10-10 05:00,-0.18,,,,,,backfill,
WL.HMK.02,2026-10-10 05:00,-0.34,,,,,,backfill,
WL.HMK.03,2026-10-10 05:00,-0.15,,,,,,backfill,
WL.JKK.01,2026-10-10 05:00,,,,,,,backfill,
WL.JRN.01,2026-10-10 05:00,0.30,1.55,,,,,backfill,
WL.KBU.01,2026-10-10 05:00,0.45,1.40,,,,,backfill,
WL.KBU.02,2026-10-10 05:00,0.44,,,,,,backfill,
WL.KCD.01,2026-10-10 05:00,-1.04,,,,,,backfill,
WL.KDN.01,2026-10-10 05:00,-0.67,1.49,,,,,backfill,
WL.KJA.01,2026-10-10 05:00,-0.81,,,,,,backfill,
WL.KJA.02,2026-10-10 05:00,-0.35,,,,,,backfill,
WL.KJG.01,2026-10-10 05:00,-0.57,,,,,,backfill,
WL.KJK.01,2026-10-10 05:00,-1.25,1.51,,,,,backfill,
WL.KJK.02,2026-10-10 05:00,-1.20,,,,,,backfill,
WL.KJN.01,2026-10-10 05:00,,,,,,,backfill,
WL.KJN.02,2026-10-10 05:00,-0.19,,,,,,backfill,
WL.KJT.01,2026-10-10 05:00,-1.21,,,,,,backfill,
WL.KJU.01,2026-10-10 05:00,-0.73,,,,,,backfill,
WL.KKD.01,2026-10-10 05:00,-0.51,,,,,,backfill,
WL.KKD.02,2026-10-10 05:00,-0.62,,,,,,backfill,
WL.KKD.03,2026-10-10 05:00,,,,,,,backfill,
WL.KKD.04,2026-10-10 05:00,-0.58,,,,,,backfill,
WL.KKO.01,2026-10-10 05:00,1.62,,,,,,backfill,
WL.KKS.01,2026-10-10 05:00,-0.71,1.75,,,,,backfill,
WL.KKS.02,2026-10-10 05:00,-0.68,,,,,,backfill,
WL.KKS.03,2026-10-10 05:00,-0.81,,,,,,backfill,
WL.KKS.04,2026-10-10 05:00,-0.78,1.50,,,,,backfill,
WL.KKY.01,2026-10-10 05:00,0.46,,,,,,backfill,
WL.KKY.02,2026-10-10 05:00,0.49,,,,,,backfill,
WL.KLA.01,2026-10-10 05:00,-0.33,,,,,,backfill,
WL.KLD.01,2026-10-10 05:00,-0.29,,,,,,backfill,
WL.KLD.02,2026-10-10 05:00,-0.21,,,,,,backfill,
WL.KLT.01,2026-10-10 05:00,-0.74,,,,,,backfill,
WL.KMN.01,2026-10-10 05:00,0.25,1.72,,,,,backfill,
WL.KNB.01,2026-10-10 05:00,,,,,,,backfill,
WL.KNB.02,2026-10-10 05:00,-0.43,,,,,,backfill,
WL.KPG.01,2026-10-10 05:00,-1.11,,,,,,backfill,
WL.KPM.01,2026-10-10 05:00,-0.36,,,,,,backfill,
WL.KPM.03,2026-10-10 05:00,-0.18,,,,,,backfill,
WL.KPM.04,2026-10-10 05:00,0.29,,,,,,backfill,
WL.KPM.05,2026-10-10 05:00,0.41,,,,,,backfill,
WL.KPM.06,2026-10-10 05:00,0.44,,,,,,backfill,
WL.KPM.08,2026-10-10 05:00,0.37,,,,,,backfill,
WL.KPM.09,2026-10-10 05:00,,,,,,,backfill,
WL.KSG.01,2026-10-10 05:00,0.68,,,,,,backfill,
WL.KSI.01,2026-10-10 05:00,0.77,,,,,,backfill,
WL.KSI.02,2026-10-10 05:00,0.79,,,,,,backfill,
WL.KSK.01,2026-10-10 05:00,-0.65,,,,,,backfill,
WL.KSM.01,2026-10-10 05:00,0.79,,,,,,backfill,
WL.KSM.02,2026-10-10 05:00,0.73,,,,,,backfill,
WL.KSO.01,2026-10-10 05:00,0.52,,,,,,backfill,
WL.KSO.02,2026-10-10 05:00,0.53,,,,,,backfill,
WL.KT4.01,2026-10-10 05:00,,,,,,,backfill,
WL.KTY.01,2026-10-10 05:00,-1.77,1.49,,,,,backfill,
WL.LBK.02,2026-10-10 05:00,0.52,,,,,,backfill,
WL.LBK.03,2026-10-10 05:00,0.42,,,,,,backfill,
WL.LCL.01,2026-10-10 05:00,0.61,,,,,,backfill,
WL.LCL.02,2026-10-10 05:00,,,,,,,backfill,
WL.LKB.01,2026-10-10 05:00,0.65,,,,,,backfill,
WL.LOA.01,2026-10-10 05:00,0.65,,,,,,backfill,
WL.LOA.02,2026-10-10 05:00,0.69,,,,,,backfill,
WL.LPC.01,2026-10-10 05:00,1.09,,,,,,backfill,
WL.LPG.02,2026-10-10 05:00,0.99,1.75,,,,,backfill,
WL.LPG.03,2026-10-10 05:00,0.93,,,,,,backfill,
WL.LPI.02,2026-10-10 05:00,,,,,,,backfill,
WL.LPN.01,2026-10-10 05:00,-0.80,0.87,,,,,backfill,
WL.LPP.01,2026-10-10 05:00,-1.38,,,,,,backfill,
WL.LPT.01,2026-10-10 05:00,,,,,,,backfill,
WL.LPT.03,2026-10-10 05:00,0.86,,,,,,backfill,
WL.LPW.01,2026-10-10 05:00,-0.33,-0.39,,,,,backfill,
WL.LPW.03,2026-10-10 05:00,0.18,,,,,,backfill,
WL.LPW.04,2026-10-10 05:00,,,,,,,backfill,
WL.LPW.05,2026-10-10 05:00,-0.65,,,,,,backfill,
WL.LSG.01,2026-10-10 05:00,-1.24,,,,,,backfill,
WL.LSM.01,2026-10-10 05:00,-0.66,,,,,,backfill,
WL.LYW.01,2026-10-10 05:00,,,,,,,backfill,
WL.LYW.02,2026-10-10 05:00,-1.46,,,,,,backfill,
WL.MCM.01,2026-10-10 05:00,0.37,,,,,,backfill,
WL.MFS.01,2026-10-10 05:00,-0.68,,,,,,backfill,
WL.MKT.01,2026-10-10 05:00,-0.34,,,,,,backfill,
WL.MSW.01,2026-10-10 05:00,1.52,,,,,,backfill,
WL.MSW.02,2026-10-10 05:00,1.24,,,,,,backfill,
WL.MSW.03,2026-10-10 05:00,1.43,,,,,,backfill,
WL.MTG.01,2026-10-10 05:00,-0.67,,,,,,backfill,
WL.NBN.01,2026-10-10 05:00,-4.04,-1.16,,,,,backfill,
WL.NCH.02,2026-10-10 05:00,-0.66,,,,,,backfill,
WL.NK1.01,2026-10-10 05:00,-0.05,,,,,,backfill,
WL.NK3.01,2026-10-10 05:00,-0.14,,,,,,backfill,
WL.NKW.02,2026-10-10 05:00,-0.28,,,,,,backfill,
WL.NSG.01,2026-10-10 05:00,-2.00,,,,,,backfill,
WL.OAG.01,2026-10-10 05:00,-0.77,,,,,,backfill,
WL.ORC.01,2026-10-10 05:00,-1.34,-0.60,,,,,backfill,
WL.PKG.01,2026-10-10 05:00,1.68,,,,,,backfill,
WL.PKN.01,2026-10-10 05:00,-0.84,1.58,,,,,backfill,
WL.PLK.01,2026-10-10 05:00,1.16,,,,,,backfill,
WL.PLP.01,2026-10-10 05:00,-0.45,,,,,,backfill,
WL.PNM.01,2026-10-10 05:00,0.28,,,,,,backfill,
WL.PSC.01,2026-10-10 05:00,0.40,0.44,,,,,backfill,
WL.PSC.02,2026-10-10 05:00,0.38,,,,,,backfill,
WL.PSC.03,2026-10-10 05:00,0.38,,,,,,backfill,
WL.PSC.05,2026-10-10 05:00,0.46,,,,,,backfill,
WL.PSI.01,2026-10-10 05:00,-1.75,,,,,,backfill,
WL.PSR.01,2026-10-10 05:00,1.08,1.79,,,,,backfill,
WL.PSR.02,2026-10-10 05:00,1.11,,,,,,backfill,
WL.PSR.03,2026-10-10 05:00,1.09,,,,,,backfill,
WL.PSR.04,2026-10-10 05:00,0.74,,,,,,backfill,
WL.PSR.05,2026-10-10 05:00,0.77,,,,,,backfill,
WL.PSR.06,2026-10-10 05:00,0.71,,,,,,out of order,0.71
WL.PST.01,2026-10-10 05:00,-0.88,,,,,,backfill,
WL.PWT.01,2026-10-10 05:00,-0.59,,,,,,backfill,
WL.PWT.02,2026-10-10 05:00,-0.08,,,,,,backfill,
WL.PWT.03,2026-10-10 05:00,0.16,0.17,,,,,backfill,
WL.PWT.04,2026-10-10 05:00,0.49,0.53,,,,,backfill,
WL.PWT.05,2026-10-10 05:00,,,,,,,backfill,
WL.PWT.06,2026-10-10 05:00,0.91,,,,,,backfill,
WL.PWT.07,2026-10-10 05:00,0.89,,,,,,backfill,
WL.PYW.01,2026-10-10 05:00,-0.62,,,,,,backfill,
WL.RHN.01,2026-10-10 05:00,-0.15,-0.17,,,,,backfill,
WL.RJK.01,2026-10-10 05:00,0.24,0.24,,,,,backfill,
WL.RKC.01,2026-10-10 05:00,,,,,,,backfill,
WL.RMT.01,2026-10-10 05:00,-0.92,0.81,,,,,backfill,
WL.RMT.02,2026-10-10 05:00,0.02,,,,,,backfill,
WL.RSK.01,2026-10-10 05:00,0.43,,,,,,backfill,
WL.SBR.01,2026-10-10 05:00,0.50,1.24,,,,,backfill,
WL.SBR.02,2026-10-10 05:00,0.47,,,,,,backfill,
WL.SBT.01,2026-10-10 05:00,0.02,0.20,,,,,backfill,
WL.SCO.01,2026-10-10 05:00,0.18,,,,,,backfill,
WL.SDN.01,2026-10-10 05:00,0.23,,,,,,backfill,
WL.SKG.01,2026-10-10 05:00,,,,,,,backfill,
WL.SKT.01,2026-10-10 05:00,-0.70,,,,,,backfill,
WL.SKT.02,2026-10-10 05:00,-0.75,,,,,,backfill,
WL.SLL.01,2026-10-10 05:00,,,,,,,backfill,
WL.SMK.01,2026-10-10 05:00,-0.23,,,,,,backfill,
WL.SNC.01,2026-10-10 05:00,-0.17,0.93,,,,,backfill,
WL.SNC.02,2026-10-10 05:00,0.36,,,,,,backfill,
WL.SNC.03,2026-10-10 05:00,0.10,,,,,,backfill,
WL.SNO.01,2026-10-10 05:00,-1.05,,,,,,backfill,
WL.SOL.01,2026-10-10 05:00,-0.68,,,,,,backfill,
WL.SRE.01,2026-10-10 05:00,0.03,1.63,,0.0,0.0,,temporarily out of order,0.03
WL.SRG.01,2026-10-10 05:00,-0.64,1.36,,,,,backfill,
WL.SSB.01,2026-10-10 05:00,,,,,,,backfill,
WL.SSB.03,2026-10-10 05:00,-0.50,,,,,,backfill,
WL.SSB.04,2026-10-10 05:00,-0.63,-0.65,,,,,backfill,
WL.SSB.06,2026-10-10 05:00,-0.49,,,,,,backfill,
WL.SSB.07,2026-10-10 05:00,-0.05,,,,,,backfill,
WL.SSB.08,2026-10-10 05:00,0.28,,,,,,backfill,
WL.SSB.10,2026-10-10 05:00,0.82,1.05,,,,,backfill,
WL.SSB.11,2026-10-10 05:00,1.21,,,,,,backfill,
WL.SSB.12,2026-10-10 05:00,1.22,1.50,,,,,backfill,
WL.SSG.01,2026-10-10 05:00,1.56,,,,,,backfill,
WL.SSM.01,2026-10-10 05:00,1.31,,,,,,backfill,
WL.SSN.01,2026-10-10 05:00,-1.01,1.80,,,,,backfill,
WL.SSN.02,2026-10-10 05:00,-1.21,,,,,,backfill,
WL.SSN.04,2026-10-10 05:00,-1.31,,,,,,backfill,
WL.SSN.06,2026-10-10 05:00,-1.77,,,,,,backfill,
WL.SSN.07,2026-10-10 05:00,-1.08,,,,,,backfill,
WL.SSN.08,2026-10-10 05:00,-0.68,-0.67,,,,,backfill,
WL.SSN.09,2026-10-10 05:00,-0.70,,,,,,backfill,
WL.SSN.10,2026-10-10 05:00,-0.69,,,,,,backfill,
WL.SST.01,2026-10-10 05:00,0.81,1.76,,,,,backfill,
WL.STN.01,2026-10-10 05:00,0.54,,,,,,backfill,
WL.STN.02,2026-10-10 05:00,0.61,,,,,,backfill,
WL.STN.03,2026-10-10 05:00,0.63,,,,,,backfill,
WL.STR.01,2026-10-10 05:00,-0.98,0.24,1.56,,,,backfill,
WL.SWA.01,2026-10-10 05:00,0.85,1.33,,,,,backfill,
WL.SWU.01,2026-10-10 05:00,-1.17,,,,,,backfill,
WL.TCG.01,2026-10-10 05:00,-0.95,,,,,,backfill,
WL.TPK.02,2026-10-10 05:00,,,,,,,backfill,
WL.TPK.03,2026-10-10 05:00,0.44,,,,,,backfill,
WL.TSK.01,2026-10-10 05:00,-1.40,,,,,,backfill,
WL.TTN.01,2026-10-10 05:00,-0.84,,,,,,backfill,
WL.TUT.02,2026-10-10 05:00,-0.49,,,,,,backfill,
WL.TWW.01,2026-10-10 05:00,0.49,1.18,,,,,backfill,
WL.TWW.02,2026-10-10 05:00,0.48,,,,,,backfill,
WL.TWW.03,2026-10-10 05:00,0.55,,,,,,backfill,
WL.TWW.04,2026-10-10 05:00,0.50,,,,,,backfill,
WL.TWW.05,2026-10-10 05:00,0.45,,,,,,backfill,
WL.VPD.01,2026-10-10 05:00,-0.96,,,,,,backfill,
WL.VPD.02,2026-10-10 05:00,-0.92,,,,,,backfill,
WL.VPD.03,2026-10-10 05:00,-1.31,,,,,,backfill,
WL.VPV.01,2026-10-10 05:00,-1.41,,,,,,backfill,
WL.WHK.01,2026-10-10 05:00,0.83,,,,,,backfill,
WL.WKT.01,2026-10-10 05:00,0.37,,,,,,backfill,
WL.WLS.01,2026-10-10 05:00,,,,,,,backfill,
WL.WSI.01,2026-10-10 05:00,-0.51,1.55,,,,,backfill,
WL.WSV.01,2026-10-10 05:00,0.10,,,,,,backfill,
WL.WTK.01,2026-10-10 05:00,-0.47,,,,,,backfill,
WL.WTN.02,2026-10-10 05:00,-1.17,,,,,,backfill,
WL.YPE.01,2026-10-10 05:00,0.41,,,,,,backfill,
WL.YPN.01,2026-10-10 05:00,-0.79,,,,,,backfill,
WL.YPN.02,2026-10-10 05:00,-1.02,,,,,,backfill,
WL.YSN.02,2026-10-10 05:00,-1.00,,,,,,backfill,
WL.HKG.02,2026-10-10 05:05,-0.73,,,,,,temporarily out of order,-0.66
WL.KKY.01,2026-10-10 05:05,0.46,,,,,,temporarily out of order,0.51
WL.ANG.01,2026-10-10 05:10,0.93,,,,,,Normal,
WL.BBU.02,2026-10-10 05:10,0.45,,,,,,Normal,
WL.BKH.01,2026-10-10 05:10,0.11,,,,,,Normal,
WL.BMD.01,2026-10-10 05:10,0.51,,,,,,Normal,
WL.BNJ.05,2026-10-10 05:10,-0.91,,,,,,Normal,
WL.BSE.01,2026-10-10 05:10,-1.56,,,,,,Normal,
WL.BTL.02,2026-10-10 05:10,0.03,,,,,,Normal,
WL.CLH.01,2026-10-10 05:10,-0.33,,,,,,Normal,
WL.CYI.02,2026-10-10 05:10,-0.6,,,,,,Normal,-0.54
WL.K08.01,2026-10-10 05:10,1.78,,,,,,Alert,
WL.K10.01,2026-10-10 05:10,1.63,,,,,,Alert,
WL.K11.01,2026-10-10 05:10,1.58,,,,,,Alert,
WL.KBP.01,2026-10-10 05:10,-0.54,,,,,,Normal,
WL.KHW.01,2026-10-10 05:10,1.71,,,,,,Normal,
WL.KKO.02,2026-10-10 05:10,1.57,,,,,,Alert,
WL.KPM.07,2026-10-10 05:10,0.64,,,,,,Alert,
WL.LPG.03,2026-10-10 05:10,0.93,,,,,,Critical,0.94
WL.LPS.01,2026-10-10 05:10,0.79,,,,,,Normal,
WL.LPT.05,2026-10-10 05:10,1.69,,,,,,Normal,
WL.MKT.02,2026-10-10 05:10,-0.84,,,,,,Normal,
WL.NK3.02,2026-10-10 05:10,-0.69,,,,,,Normal,
WL.POC.01,2026-10-10 05:10,1.46,,,,,,Normal,
WL.PSC.06,2026-10-10 05:10,0.55,,,,,,Normal,
WL.RPS.01,2026-10-10 05:10,2.02,,,,,,Alert,
WL.SSG.02,2026-10-10 05:10,1.55,,,,,,Alert,
WL.STN.01,2026-10-10 05:10,0.54,,,,,,Alert,0.55
WL.SWA.02,2026-10-10 05:10,1.43,,,,,,Normal,
WL.AJP.01,2026-10-10 05:15,-1.19,,,,,,Normal,-1.17
WL.ANX.01,2026-10-10 05:15,0.0,,,,,,Normal,0.02
WL.BAM.01,2026-10-10 05:15,0.2,,,,,,Normal,0.2
WL.BBN.02,2026-10-10 05:15,0.29,,,,,,Normal,0.39
WL.BBN.03,2026-10-10 05:15,0.48,,,,,,Alert,0.55
WL.BBR.01,2026-10-10 05:15,0.04,,,,,,Normal,0.1
WL.BBR.02,2026-10-10 05:15,0.02,,,,,,Normal,0.06
WL.BBU.01,2026-10-10 05:15,0.41,,,,,,Normal,0.45
WL.BCN.01,2026-10-10 05:15,0.43,,,,,,Normal,0.46
WL.BCN.02,2026-10-10 05:15,0.45,,,,,,Normal,0.46
WL.BCN.03,2026-10-10 05:15,0.48,,,,,,Normal,0.52
WL.BJK.01,2026-10-10 05:15,-1.6,1.52,,0.0,0.0,,Normal,-1.54
WL.BJK.02,2026-10-10 05:15,0.48,,,,,,Normal,0.49
WL.BJK.03,2026-10-10 05:15,0.46,,,,,,Normal,0.46
WL.BJK.04,2026-10-10 05:15,0.51,,,,,,Normal,0.52
WL.BKA.01,2026-10-10 05:15,-1.49,1.94,,1.73,1.75,0.0,Normal,-1.1
WL.BKA.02,2026-10-10 05:15,-0.85,,,,,,Normal,-0.77
WL.BKA.03,2026-10-10 05:15,-0.42,,,,,,Normal,-0.37
WL.BKA.04,2026-10-10 05:15,0.03,,,,,,Normal,0.1
WL.BKB.01,2026-10-10 05:15,-0.36,,,,,,Normal,-0.36
WL.BKG.01,2026-10-10 05:15,0.66,-2.0,,0.0,,,Critical,0.67
WL.BKK.01,2026-10-10 05:15,0.45,,,,,,Normal,
WL.BKT.01,2026-10-10 05:15,-0.78,,,,,,Normal,-0.78
WL.BKY.01,2026-10-10 05:15,0.4,1.76,,0.0,6.98,0.0,Normal,0.41
WL.BKY.02,2026-10-10 05:15,0.41,,,,,,Normal,0.44
WL.BLP.02,2026-10-10 05:15,-0.71,,,,,,Normal,-0.71
WL.BLY.01,2026-10-10 05:15,-0.51,,,,,,Normal,-0.5
WL.BLY.02,2026-10-10 05:15,-0.58,,,,,,Normal,-0.58
WL.BMA.02,2026-10-10 05:15,-0.13,,,,,,Normal,-0.11
WL.BMK.01,2026-10-10 05:15,-1.14,,,,,,Normal,-1.0
WL.BNA.01,2026-10-10 05:15,-1.35,1.45,,0.0,0.0,,Normal,-1.35
WL.BNA.03,2026-10-10 05:15,-0.67,,,,,,Normal,-0.65
WL.BNA.04,2026-10-10 05:15,-0.57,,,,,,Normal,-0.55
WL.BNJ.02,2026-10-10 05:15,-1.11,,,,,,Normal,-1.11
WL.BNJ.04,2026-10-10 05:15,-1.0,,,,,,Normal,-1.0
WL.BNS.01,2026-10-10 05:15,0.35,,,,,,Normal,0.4
WL.BOA.01,2026-10-10 05:15,-1.51,1.6,,0.0,0.0,,Normal,-1.49
WL.BOA.02,2026-10-10 05:15,-1.58,,,,,,Normal,-1.49
WL.BOA.03,2026-10-10 05:15,-1.52,,,,,,Normal,-1.49
WL.BPA.01,2026-10-10 05:15,-0.66,,,,,,Normal,-0.62
WL.BPK.01,2026-10-10 05:15,0.19,,,,,,Normal,0.21
WL.BPM.01,2026-10-10 05:15,0.32,,,,,,Normal,0.32
WL.BPM.02,2026-10-10 05:15,0.4,,,,,,Normal,0.41
WL.BPM.03,2026-10-10 05:15,0.52,,,,,,Normal,0.56
WL.BPM.04,2026-10-10 05:15,0.4,,,,,,Normal,0.47
WL.BPN.02,2026-10-10 05:15,0.32,,,,,,Normal,0.41
WL.BPU.01,2026-10-10 05:15,1.12,,,,,,Normal,1.18
WL.BSK.01,2026-10-10 05:15,0.41,1.61,,0.0,0.0,,Normal,0.41
WL.BSU.01,2026-10-10 05:15,-0.79,1.93,,0.0,0.0,0.0,Normal,-0.76
WL.BSU.02,2026-10-10 05:15,-0.74,,,,,,Normal,-0.74
WL.BSU.03,2026-10-10 05:15,-1.26,,,,,,Normal,-1.17
WL.BSU.04,2026-10-10 05:15,-1.12,,,,,,Normal,-1.09
WL.BSU.05,2026-10-10 05:15,-1.16,,,,,,Normal,-1.06
WL.BSU.07,2026-10-10 05:15,-0.6,,,,,,Normal,-0.47
WL.BTL.01,2026-10-10 05:15,-0.62,,,,,,Normal,-0.62
WL.BTY.01,2026-10-10 05:15,0.26,,,,,,Normal,0.27
WL.BWK.01,2026-10-10 05:15,0.39,,,,,,Normal,0.4
WL.BWK.02,2026-10-10 05:15,0.57,,,,,,Normal,0.58
WL.BWK.03,2026-10-10 05:15,0.47,,,,,,Normal,0.54
WL.BYI.01,2026-10-10 05:15,1.0,,,,,,Critical,1.0
WL.BYK.02,2026-10-10 05:15,0.22,,,,,,Normal,0.22
WL.CKS.01,2026-10-10 05:15,-1.44,,,0.0,0.0,,Normal,-1.23
WL.CKS.02,2026-10-10 05:15,-1.01,,,,,,Normal,-0.93
WL.CNS.01,2026-10-10 05:15,-2.15,1.53,,0.0,0.0,,Normal,-0.97
WL.CPA.01,2026-10-10 05:15,0.32,1.66,,0.0,4.92,,Normal,0.32
WL.CPA.02,2026-10-10 05:15,0.38,,,,,,Normal,0.39
WL.CYI.01,2026-10-10 05:15,-0.63,,,,,,Normal,-0.56
WL.CYI.03,2026-10-10 05:15,-0.54,,,,,,Normal,-0.48
WL.DKN.01,2026-10-10 05:15,0.33,1.59,,0.0,6.39,0.0,Normal,0.34
WL.FTM.01,2026-10-10 05:15,-1.09,,,,,,Normal,-1.04
WL.HKG.01,2026-10-10 05:15,-0.78,,,,,,Normal,-0.71
WL.HMK.01,2026-10-10 05:15,-0.17,,,,,,Alert,-0.15
WL.HMK.02,2026-10-10 05:15,-0.35,,,,,,Normal,-0.33
WL.HMK.03,2026-10-10 05:15,-0.15,,,,,,Normal,-0.11
WL.JRN.01,2026-10-10 05:15,0.3,1.58,,0.0,,,Normal,0.3
WL.KBU.01,2026-10-10 05:15,0.45,1.44,,0.0,,,Normal,0.46
WL.KBU.02,2026-10-10 05:15,0.44,,,,,,Normal,0.45
WL.KCD.01,2026-10-10 05:15,-1.05,,,,,,Normal,-1.0
WL.KDN.01,2026-10-10 05:15,-0.68,1.53,,0.0,,,Normal,-0.64
WL.KJA.01,2026-10-10 05:15,-0.81,,,,,,Normal,-0.79
WL.KJA.02,2026-10-10 05:15,-0.35,,,,,,Normal,-0.34
WL.KJG.01,2026-10-10 05:15,-0.58,,,,,,Normal,-0.43
WL.KJK.01,2026-10-10 05:15,-1.25,1.52,,0.0,0.0,,Normal,-1.21
WL.KJK.02,2026-10-10 05:15,-1.19,,,,,,Normal,-1.15
WL.KJN.02,2026-10-10 05:15,-0.19,,,,,,Normal,-0.11
WL.KJT.01,2026-10-10 05:15,-1.22,,,,,,Normal,-1.12
WL.KJU.01,2026-10-10 05:15,-0.72,,,,,,Normal,-0.39
WL.KKD.01,2026-10-10 05:15,-0.51,,,,,,Normal,-0.51
WL.KKD.02,2026-10-10 05:15,-0.62,,,,,,Normal,-0.62
WL.KKO.01,2026-10-10 05:15,1.62,,,,,,Alert,1.62
WL.KKS.01,2026-10-10 05:15,-0.7,1.77,,0.0,0.0,,Normal,-0.7
WL.KKS.02,2026-10-10 05:15,-0.66,,,,,,Normal,-0.66
WL.KKS.03,2026-10-10 05:15,-0.78,,,,,,Normal,-0.78
WL.KKS.04,2026-10-10 05:15,-0.75,1.5,,0.0,,,Normal,-0.75
WL.KKY.02,2026-10-10 05:15,0.49,,,,,,Normal,0.54
WL.KLA.01,2026-10-10 05:15,-0.33,,,,,,Normal,-0.31
WL.KLD.01,2026-10-10 05:15,-0.29,,,,,,Normal,-0.18
WL.KLD.02,2026-10-10 05:15,-0.26,,,,,,Normal,-0.1
WL.KLT.01,2026-10-10 05:15,-0.73,,,,,,Normal,-0.7
WL.KMN.01,2026-10-10 05:15,0.23,1.72,,7.49,0.0,0.0,Normal,0.38
WL.KNB.02,2026-10-10 05:15,-0.43,,,,,,Normal,-0.41
WL.KPG.01,2026-10-10 05:15,-1.12,,,,,,Normal,-1.09
WL.KPM.01,2026-10-10 05:15,-0.36,,,,,,Normal,-0.32
WL.KPM.03,2026-10-10 05:15,-0.18,,,,,,Normal,-0.11
WL.KPM.05,2026-10-10 05:15,0.42,,,,,,Normal,0.46
WL.KPM.06,2026-10-10 05:15,0.44,,,,,,Normal,0.47
WL.KPM.08,2026-10-10 05:15,0.36,,,,,,Normal,0.43
WL.KSG.01,2026-10-10 05:15,0.67,,,,,,Normal,0.7
WL.KSI.01,2026-10-10 05:15,0.78,,,,,,Normal,0.78
WL.KSI.02,2026-10-10 05:15,0.79,,,,,,Critical,0.8
WL.KSK.01,2026-10-10 05:15,-0.65,,,,,,Normal,-0.65
WL.KSM.01,2026-10-10 05:15,0.78,,,,,,Critical,0.8
WL.KSM.02,2026-10-10 05:15,0.73,,,,,,Critical,0.74
WL.KSO.01,2026-10-10 05:15,0.52,,,,,,Normal,0.6
WL.KSO.02,2026-10-10 05:15,0.53,,,,,,Normal,0.6
WL.KTY.01,2026-10-10 05:15,-1.73,1.5,,0.0,,,Normal,-1.73
WL.LBK.02,2026-10-10 05:15,0.52,,,,,,Critical,0.53
WL.LBK.03,2026-10-10 05:15,0.42,,,,,,Critical,0.43
WL.LCL.01,2026-10-10 05:15,0.61,,,,,,Normal,0.63
WL.LKB.01,2026-10-10 05:15,0.65,,,,,,Critical,0.67
WL.LOA.02,2026-10-10 05:15,0.69,,,,,,Normal,0.71
WL.LPC.01,2026-10-10 05:15,1.09,,,,,,Critical,1.1
WL.LPG.02,2026-10-10 05:15,0.99,1.75,,0.0,,,Critical,0.99
WL.LPN.01,2026-10-10 05:15,-0.76,0.88,,0.01,,,Normal,-0.63
WL.LPP.01,2026-10-10 05:15,-1.39,,,,,,Normal,-1.35
WL.LPP.02,2026-10-10 05:15,-0.7,,,,,,Normal,
WL.LPT.03,2026-10-10 05:15,0.86,,,,,,Critical,0.87
WL.LPW.01,2026-10-10 05:15,-0.32,-0.38,,0.0,,,Normal,-0.25
WL.LPW.03,2026-10-10 05:15,0.18,,,,,,Normal,0.23
WL.LPW.05,2026-10-10 05:15,-0.64,,,,,,Normal,-0.59
WL.LSG.01,2026-10-10 05:15,-1.23,,,,,,Normal,-1.22
WL.LSM.01,2026-10-10 05:15,-0.66,,,,,,Normal,-0.64
WL.LYW.02,2026-10-10 05:15,-1.45,,,,,,Normal,-1.44
WL.MCM.01,2026-10-10 05:15,0.37,,,,,,Normal,0.44
WL.MFS.01,2026-10-10 05:15,-0.68,,,,,,Normal,-0.68
WL.MKT.01,2026-10-10 05:15,-0.34,,,,,,Normal,-0.31
WL.MSW.01,2026-10-10 05:15,1.56,,,,,,Normal,1.56
WL.MSW.02,2026-10-10 05:15,1.24,,,,,,Normal,1.25
WL.MSW.03,2026-10-10 05:15,1.48,,,,,,Normal,1.48
WL.MSW.04,2026-10-10 05:15,1.07,,,,,,Normal,
WL.MTG.01,2026-10-10 05:15,-0.67,,,,,,Normal,-0.67
WL.NBN.01,2026-10-10 05:15,-4.05,-1.16,,0.0,,,Normal,-3.94
WL.NCH.02,2026-10-10 05:15,-0.88,,,,,,Normal,-0.33
WL.NK1.01,2026-10-10 05:15,-0.04,,,,,,Normal,-0.04
WL.NK3.01,2026-10-10 05:15,-0.13,,,,,,Normal,-0.13
WL.NKW.02,2026-10-10 05:15,-0.28,,,,,,Normal,-0.23
WL.NSG.01,2026-10-10 05:15,-2.0,,,,,,Normal,-2.0
WL.OAG.01,2026-10-10 05:15,-0.75,,,,,,Normal,-0.75
WL.ORC.01,2026-10-10 05:15,-1.34,-0.59,,0.0,,,Normal,-1.34
WL.PKG.01,2026-10-10 05:15,1.71,,,,,,Normal,1.71
WL.PKN.01,2026-10-10 05:15,-0.83,1.59,,0.0,0.0,0.0,Normal,-0.82
WL.PLK.01,2026-10-10 05:15,1.18,,,,,,Normal,1.18
WL.PLP.01,2026-10-10 05:15,-0.45,,,,,,Normal,-0.43
WL.PNM.01,2026-10-10 05:15,0.27,,,,,,Alert,0.3
WL.PSC.01,2026-10-10 05:15,0.4,0.44,,0.0,0.0,0.0,Normal,0.41
WL.PSC.02,2026-10-10 05:15,0.38,,,,,,Normal,0.38
WL.PSC.03,2026-10-10 05:15,0.38,,,,,,Normal,0.38
WL.PSC.05,2026-10-10 05:15,0.46,,,,,,Normal,0.46
WL.PSI.01,2026-10-10 05:15,-1.74,,,,,,Normal,-1.16
WL.PSR.01,2026-10-10 05:15,1.07,1.8,,0.2,,,Critical,1.09
WL.PSR.02,2026-10-10 05:15,1.11,,,,,,Alert,1.13
WL.PSR.03,2026-10-10 05:15,1.09,,,,,,Alert,1.1
WL.PSR.04,2026-10-10 05:15,0.74,,,,,,Normal,0.75
WL.PSR.05,2026-10-10 05:15,0.77,,,,,,Alert,0.78
WL.PST.01,2026-10-10 05:15,-0.88,,,,,,Normal,-0.88
WL.PWT.01,2026-10-10 05:15,-0.6,,,,,,Normal,-0.57
WL.PWT.02,2026-10-10 05:15,-0.08,,,,,,Normal,-0.06
WL.PWT.03,2026-10-10 05:15,0.16,0.17,,5.84,5.9,,Normal,0.18
WL.PWT.04,2026-10-10 05:15,0.49,0.53,,4.94,,,Alert,0.51
WL.PWT.06,2026-10-10 05:15,0.91,,,,,,Critical,0.92
WL.PWT.07,2026-10-10 05:15,0.89,,,,,,Critical,0.9
WL.PYW.01,2026-10-10 05:15,-0.66,,,,,,Normal,-0.54
WL.RHN.01,2026-10-10 05:15,-0.16,-0.17,,0.0,,,Normal,-0.06
WL.RJK.01,2026-10-10 05:15,0.25,0.25,,7.5,,,Normal,0.26
WL.RMN.01,2026-10-10 05:15,0.53,,,,,,Normal,
WL.RMT.01,2026-10-10 05:15,-0.91,0.84,,0.0,0.0,,Normal,-0.58
WL.RMT.02,2026-10-10 05:15,0.02,,,,,,Normal,0.1
WL.RMT.03,2026-10-10 05:15,-2.0,,,,,,Normal,-2.0
WL.RSK.01,2026-10-10 05:15,0.43,,,,,,Normal,0.46
WL.SBR.01,2026-10-10 05:15,0.49,1.24,,0.0,,,Normal,0.57
WL.SBR.02,2026-10-10 05:15,0.46,,,,,,Normal,0.53
WL.SBT.01,2026-10-10 05:15,0.01,0.2,,0.0,,,Normal,0.09
WL.SCO.01,2026-10-10 05:15,0.19,,,,,,Normal,0.19
WL.SDN.01,2026-10-10 05:15,0.23,,,,,,Normal,0.23
WL.SKT.01,2026-10-10 05:15,-0.68,,,,,,Normal,-0.68
WL.SKT.02,2026-10-10 05:15,-0.73,,,,,,Normal,-0.73
WL.SMK.01,2026-10-10 05:15,-0.22,,,,,,Normal,-0.22
WL.SNC.01,2026-10-10 05:15,-0.17,0.94,,0.0,0.0,0.0,Normal,-0.17
WL.SNC.02,2026-10-10 05:15,0.36,,,,,,Normal,0.38
WL.SNC.03,2026-10-10 05:15,0.1,,,,,,Normal,0.11
WL.SNO.01,2026-10-10 05:15,-1.05,,,,,,Normal,-1.03
WL.SOL.01,2026-10-10 05:15,-0.68,,,,,,Normal,-0.68
WL.SRG.01,2026-10-10 05:15,-0.63,1.4,,0.0,0.0,0.0,Normal,-0.63
WL.SSB.01,2026-10-10 05:15,-0.72,,,,,,Normal,-0.72
WL.SSB.03,2026-10-10 05:15,-0.5,,,,,,Normal,-0.5
WL.SSB.04,2026-10-10 05:15,-0.62,-0.64,,7.5,7.5,,Normal,-0.6
WL.SSB.06,2026-10-10 05:15,-0.48,,,,,,Normal,-0.43
WL.SSB.07,2026-10-10 05:15,-0.04,,,,,,Normal,0.01
WL.SSB.08,2026-10-10 05:15,0.28,,,,,,Normal,0.32
WL.SSB.09,2026-10-10 05:15,0.55,1.1,,0.0,,,Critical,0.57
WL.SSB.10,2026-10-10 05:15,0.81,1.05,,3.64,,,Critical,0.83
WL.SSB.11,2026-10-10 05:15,1.21,,,,,,Critical,1.22
WL.SSB.12,2026-10-10 05:15,1.22,1.5,,0.0,,,Critical,1.22
WL.SSG.01,2026-10-10 05:15,1.56,,,,,,Alert,1.57
WL.SSM.01,2026-10-10 05:15,1.31,-99,,0.0,,,Critical,1.32
WL.SSM.02,2026-10-10 05:15,1.56,,,,,,Normal,
WL.SSN.01,2026-10-10 05:15,-1.01,1.83,,7.0,0.0,0.0,Normal,-1.01
WL.SSN.04,2026-10-10 05:15,-1.29,,,,,,Normal,-1.21
WL.SSN.06,2026-10-10 05:15,-1.77,,,,,,Normal,-1.77
WL.SSN.07,2026-10-10 05:15,-1.08,,,,,,Normal,-0.97
WL.SSN.08,2026-10-10 05:15,-0.68,-0.67,,0.0,,,Normal,-0.63
WL.SSN.09,2026-10-10 05:15,-0.7,,,,,,Normal,-0.65
WL.SSN.10,2026-10-10 05:15,-0.68,,,,,,Normal,-0.62
WL.SST.01,2026-10-10 05:15,0.81,1.76,,0.32,,,Alert,0.83
WL.STN.02,2026-10-10 05:15,0.61,,,,,,Critical,0.62
WL.STN.03,2026-10-10 05:15,0.63,,,,,,Critical,0.64
WL.STR.01,2026-10-10 05:15,-0.98,0.24,1.59,0.0,0.0,0.0,Normal,-0.91
WL.SWA.01,2026-10-10 05:15,0.85,1.33,,0.43,,,Critical,0.85
WL.SWU.01,2026-10-10 05:15,-1.16,,,,,,Normal,-1.16
WL.TCG.01,2026-10-10 05:15,-0.95,,,,,,Normal,-0.95
WL.TPK.03,2026-10-10 05:15,0.44,,,,,,Critical,0.45
WL.TSK.01,2026-10-10 05:15,-1.48,,,,,,Normal,-1.39
WL.TTN.01,2026-10-10 05:15,-0.84,,,,,,Normal,-0.82
WL.TUT.02,2026-10-10 05:15,-0.48,,,,,,Normal,-0.48
WL.TWW.01,2026-10-10 05:15,0.49,1.19,,0.0,,,Normal,0.56
WL.TWW.02,2026-10-10 05:15,0.47,,,,,,Normal,0.55
WL.TWW.03,2026-10-10 05:15,0.55,,,,,,Normal,0.62
WL.TWW.04,2026-10-10 05:15,0.5,,,,,,Normal,0.57
WL.TWW.05,2026-10-10 05:15,0.45,,,,,,Normal,0.49
WL.VPD.01,2026-10-10 05:15,-0.96,,,,,,Normal,-0.94
WL.VPD.02,2026-10-10 05:15,-0.92,,,,,,Normal,-0.91
WL.VPD.03,2026-10-10 05:15,-1.31,,,,,,Normal,-1.29
WL.VPV.01,2026-10-10 05:15,-1.39,,,0.0,,,Normal,-1.39
WL.WHK.01,2026-10-10 05:15,0.85,,,,,,Normal,0.86
WL.WKT.01,2026-10-10 05:15,0.38,,,,,,Normal,0.38
WL.WLS.01,2026-10-10 05:15,0.47,,,,,,Normal,0.55
WL.WSI.01,2026-10-10 05:15,-0.52,1.61,,0.0,0.0,0.0,Normal,-0.5
WL.WTK.01,2026-10-10 05:15,-0.47,,,,,,Normal,-0.47
WL.YPE.01,2026-10-10 05:15,0.41,,,,,,Normal,0.41
WL.YPN.01,2026-10-10 05:15,-0.84,,,,,,Normal,-0.79
WL.YPN.02,2026-10-10 05:15,-1.25,,,,,,Normal,-0.84
WL.YSN.02,2026-10-10 05:15,-1.01,,,,,,Normal,-0.91
WL.KPM.04,2026-10-10 05:25,0.28,,,,,,Normal,0.4
WL.LSG.01,2026-10-10 05:25,-1.23,,,,,,out of order,-1.22
WL.KKD.04,2026-10-10 05:35,-0.59,,,,,,Normal,-0.58
WL.BBN.01,2026-10-10 05:50,0.06,,,,,,out of order,0.09
WL.BMD.01,2026-10-10 05:55,0.51,,,,,,temporarily out of order,
WL.AJP.01,2026-10-10 06:00,-1.18,,,,,,backfill,
WL.ANX.01,2026-10-10 06:00,-0.01,,,,,,backfill,
WL.BAM.01,2026-10-10 06:00,0.21,,,,,,backfill,
WL.BBN.01,2026-10-10 06:00,0.06,,,,,,backfill,
WL.BBN.02,2026-10-10 06:00,0.28,,,,,,backfill,
WL.BBN.03,2026-10-10 06:00,0.48,,,,,,backfill,
WL.BBR.01,2026-10-10 06:00,0.03,,,,,,backfill,
WL.BBR.02,2026-10-10 06:00,0.00,,,,,,backfill,
WL.BBU.01,2026-10-10 06:00,0.41,,,,,,backfill,
WL.BCN.01,2026-10-10 06:00,0.43,,,,,,backfill,
WL.BCN.02,2026-10-10 06:00,0.45,,,,,,backfill,
WL.BCN.03,2026-10-10 06:00,0.47,,,,,,backfill,
WL.BJK.01,2026-10-10 06:00,-1.60,1.50,,,,,backfill,
WL.BJK.02,2026-10-10 06:00,0.48,,,,,,backfill,
WL.BJK.03,2026-10-10 06:00,0.45,,,,,,backfill,
WL.BJK.04,2026-10-10 06:00,0.52,,,,,,backfill,
WL.BKA.01,2026-10-10 06:00,-1.50,2.02,,,,,backfill,
WL.BKA.02,2026-10-10 06:00,-0.86,,,,,,backfill,
WL.BKA.03,2026-10-10 06:00,-0.44,,,,,,backfill,
WL.BKA.04,2026-10-10 06:00,0.02,,,,,,backfill,
WL.BKB.01,2026-10-10 06:00,-0.34,,,,,,backfill,
WL.BKG.01,2026-10-10 06:00,0.66,-2.00,,,,,backfill,
WL.BKT.01,2026-10-10 06:00,-0.78,,,,,,backfill,
WL.BKY.01,2026-10-10 06:00,0.36,1.82,,,,,backfill,
WL.BKY.02,2026-10-10 06:00,0.41,,,,,,backfill,
WL.BLP.02,2026-10-10 06:00,-0.66,,,,,,backfill,
WL.BLY.01,2026-10-10 06:00,-0.50,,,,,,backfill,
WL.BLY.02,2026-10-10 06:00,-0.58,,,,,,backfill,
WL.BMA.02,2026-10-10 06:00,-0.13,,,,,,backfill,
WL.BMK.01,2026-10-10 06:00,-1.28,,,,,,backfill,
WL.BNA.01,2026-10-10 06:00,-1.53,1.43,,,,,backfill,
WL.BNA.02,2026-10-10 06:00,,,,,,,backfill,
WL.BNA.03,2026-10-10 06:00,-0.67,,,,,,backfill,
WL.BNA.04,2026-10-10 06:00,-0.58,,,,,,backfill,
WL.BNJ.01,2026-10-10 06:00,,,,,,,backfill,
WL.BNJ.02,2026-10-10 06:00,-0.99,,,,,,temporarily out of order,-0.98
WL.BNJ.03,2026-10-10 06:00,,,,,,,backfill,
WL.BNJ.04,2026-10-10 06:00,-0.96,,,,,,backfill,
WL.BNS.01,2026-10-10 06:00,0.35,,,,,,backfill,
WL.BOA.01,2026-10-10 06:00,-1.49,1.57,,,,,backfill,
WL.BOA.02,2026-10-10 06:00,-1.54,,,,,,backfill,
WL.BOA.03,2026-10-10 06:00,-1.51,,,,,,backfill,
WL.BON.01,2026-10-10 06:00,,,,,,,backfill,
WL.BPA.01,2026-10-10 06:00,-0.64,,,,,,backfill,
WL.BPK.01,2026-10-10 06:00,0.19,,,,,,backfill,
WL.BPM.01,2026-10-10 06:00,0.32,,,,,,backfill,
WL.BPM.02,2026-10-10 06:00,0.40,,,,,,backfill,
WL.BPM.03,2026-10-10 06:00,0.51,,,,,,backfill,
WL.BPM.04,2026-10-10 06:00,0.40,,,,,,backfill,
WL.BPN.02,2026-10-10 06:00,0.32,,,,,,backfill,
WL.BPU.01,2026-10-10 06:00,0.98,,,,,,backfill,
WL.BSK.01,2026-10-10 06:00,0.47,1.63,,,,,backfill,
WL.BSU.01,2026-10-10 06:00,-0.90,2.00,,,,,backfill,
WL.BSU.02,2026-10-10 06:00,-0.80,,,,,,backfill,
WL.BSU.03,2026-10-10 06:00,-1.23,,,,,,backfill,
WL.BSU.04,2026-10-10 06:00,-1.12,,,,,,backfill,
WL.BSU.05,2026-10-10 06:00,-1.10,,,,,,backfill,
WL.BSU.06,2026-10-10 06:00,,,,,,,backfill,
WL.BSU.07,2026-10-10 06:00,-0.56,,,,,,backfill,
WL.BTL.01,2026-10-10 06:00,-0.63,,,,,,backfill,
WL.BTY.01,2026-10-10 06:00,0.25,,,,,,backfill,
WL.BWK.01,2026-10-10 06:00,0.38,,,,,,backfill,
WL.BWK.02,2026-10-10 06:00,0.56,,,,,,backfill,
WL.BWK.03,2026-10-10 06:00,0.47,,,,,,backfill,
WL.BYI.01,2026-10-10 06:00,1.00,,,,,,backfill,
WL.BYK.01,2026-10-10 06:00,,,,,,,backfill,
WL.BYK.02,2026-10-10 06:00,0.25,,,,,,backfill,
WL.CKS.01,2026-10-10 06:00,-1.45,,,,,,backfill,
WL.CKS.02,2026-10-10 06:00,-1.00,,,,,,backfill,
WL.CKS.03,2026-10-10 06:00,,,,,,,backfill,
WL.CNS.01,2026-10-10 06:00,-1.84,1.50,,,,,backfill,
WL.CPA.01,2026-10-10 06:00,0.32,1.77,,,,,backfill,
WL.CPA.02,2026-10-10 06:00,0.35,,,,,,backfill,
WL.CYI.01,2026-10-10 06:00,-0.62,,,,,,backfill,
WL.CYI.02,2026-10-10 06:00,-0.61,,,,,,backfill,
WL.CYI.03,2026-10-10 06:00,-0.53,,,,,,backfill,
WL.DKN.01,2026-10-10 06:00,0.32,1.61,,,,,backfill,
WL.FTM.01,2026-10-10 06:00,-1.08,,,,,,backfill,
WL.HKG.01,2026-10-10 06:00,-0.78,,,,,,backfill,
WL.HKG.02,2026-10-10 06:00,,,,,,,backfill,
WL.HMK.01,2026-10-10 06:00,-0.18,,,,,,backfill,
WL.HMK.02,2026-10-10 06:00,-0.36,,,,,,backfill,
WL.HMK.03,2026-10-10 06:00,-0.15,,,,,,backfill,
WL.JKK.01,2026-10-10 06:00,,,,,,,backfill,
WL.JRN.01,2026-10-10 06:00,0.31,1.57,,,,,backfill,
WL.KBU.01,2026-10-10 06:00,0.45,1.56,,,,,backfill,
WL.KBU.02,2026-10-10 06:00,0.44,,,,,,backfill,
WL.KCD.01,2026-10-10 06:00,-1.05,,,,,,backfill,
WL.KDN.01,2026-10-10 06:00,-0.67,1.50,,,,,backfill,
WL.KJA.01,2026-10-10 06:00,-0.81,,,,,,backfill,
WL.KJA.02,2026-10-10 06:00,-0.36,,,,,,backfill,
WL.KJG.01,2026-10-10 06:00,-0.53,,,,,,backfill,
WL.KJK.01,2026-10-10 06:00,-1.22,1.50,,,,,backfill,
WL.KJK.02,2026-10-10 06:00,-1.17,,,,,,backfill,
WL.KJN.01,2026-10-10 06:00,,,,,,,backfill,
WL.KJN.02,2026-10-10 06:00,-0.14,,,,,,backfill,
WL.KJT.01,2026-10-10 06:00,-1.22,,,,,,backfill,
WL.KJU.01,2026-10-10 06:00,-0.48,,,,,,backfill,
WL.KKD.01,2026-10-10 06:00,-0.51,,,,,,backfill,
WL.KKD.02,2026-10-10 06:00,-0.63,,,,,,backfill,
WL.KKD.03,2026-10-10 06:00,,,,,,,backfill,
WL.KKD.04,2026-10-10 06:00,-0.59,,,,,,backfill,
WL.KKO.01,2026-10-10 06:00,1.62,,,,,,backfill,
WL.KKS.01,2026-10-10 06:00,-0.65,1.85,,,,,backfill,
WL.KKS.02,2026-10-10 06:00,-0.61,,,,,,backfill,
WL.KKS.03,2026-10-10 06:00,-0.73,,,,,,backfill,
WL.KKS.04,2026-10-10 06:00,-0.69,1.50,,,,,backfill,
WL.KKY.01,2026-10-10 06:00,0.45,,,,,,backfill,
WL.KKY.02,2026-10-10 06:00,0.49,,,,,,backfill,
WL.KLA.01,2026-10-10 06:00,-0.33,,,,,,backfill,
WL.KLD.01,2026-10-10 06:00,-0.39,,,,,,backfill,
WL.KLD.02,2026-10-10 06:00,-0.34,,,,,,backfill,
WL.KLT.01,2026-10-10 06:00,-0.71,,,,,,backfill,
WL.KMN.01,2026-10-10 06:00,0.27,1.78,,,,,backfill,
WL.KNB.01,2026-10-10 06:00,,,,,,,backfill,
WL.KNB.02,2026-10-10 06:00,-0.43,,,,,,backfill,
WL.KPG.01,2026-10-10 06:00,-1.18,,,,,,backfill,
WL.KPM.01,2026-10-10 06:00,-0.36,,,,,,backfill,
WL.KPM.03,2026-10-10 06:00,-0.18,,,,,,backfill,
WL.KPM.04,2026-10-10 06:00,0.27,,,,,,backfill,
WL.KPM.05,2026-10-10 06:00,0.48,,,,,,backfill,
WL.KPM.06,2026-10-10 06:00,0.47,,,,,,backfill,
WL.KPM.08,2026-10-10 06:00,0.38,,,,,,backfill,
WL.KPM.09,2026-10-10 06:00,,,,,,,backfill,
WL.KSG.01,2026-10-10 06:00,0.67,,,,,,backfill,
WL.KSI.01,2026-10-10 06:00,0.77,,,,,,backfill,
WL.KSI.02,2026-10-10 06:00,0.79,,,,,,backfill,
WL.KSK.01,2026-10-10 06:00,-0.65,,,,,,backfill,
WL.KSM.01,2026-10-10 06:00,0.78,,,,,,backfill,
WL.KSM.02,2026-10-10 06:00,0.72,,,,,,backfill,
WL.KSO.01,2026-10-10 06:00,0.52,,,,,,backfill,
WL.KSO.02,2026-10-10 06:00,0.52,,,,,,backfill,
WL.KT4.01,2026-10-10 06:00,,,,,,,backfill,
WL.KTY.01,2026-10-10 06:00,,,,,,,backfill,
WL.LBK.02,2026-10-10 06:00,0.51,,,,,,backfill,
WL.LBK.03,2026-10-10 06:00,0.42,,,,,,backfill,
WL.LCL.01,2026-10-10 06:00,0.61,,,,,,backfill,
WL.LCL.02,2026-10-10 06:00,,,,,,,backfill,
WL.LKB.01,2026-10-10 06:00,0.65,,,,,,backfill,
WL.LOA.01,2026-10-10 06:00,,,,,,,backfill,
WL.LOA.02,2026-10-10 06:00,0.69,,,,,,backfill,
WL.LPC.01,2026-10-10 06:00,1.09,,,,,,backfill,
WL.LPG.02,2026-10-10 06:00,0.99,1.75,,,,,backfill,
WL.LPG.03,2026-10-10 06:00,0.93,,,,,,backfill,
WL.LPI.02,2026-10-10 06:00,,,,,,,backfill,
WL.LPN.01,2026-10-10 06:00,-0.97,0.95,,,,,backfill,
WL.LPP.01,2026-10-10 06:00,-1.40,,,,,,backfill,
WL.LPT.01,2026-10-10 06:00,,,,,,,backfill,
WL.LPT.03,2026-10-10 06:00,0.86,,,,,,backfill,
WL.LPW.01,2026-10-10 06:00,-0.31,-0.35,,,,,backfill,
WL.LPW.03,2026-10-10 06:00,0.18,,,,,,backfill,
WL.LPW.04,2026-10-10 06:00,,,,,,,backfill,
WL.LPW.05,2026-10-10 06:00,-0.63,,,,,,backfill,
WL.LSG.01,2026-10-10 06:00,,,,,,,backfill,
WL.LSM.01,2026-10-10 06:00,-0.66,,,,,,backfill,
WL.LYW.01,2026-10-10 06:00,,,,,,,backfill,
WL.LYW.02,2026-10-10 06:00,-1.44,,,,,,backfill,
WL.MCM.01,2026-10-10 06:00,0.37,,,,,,backfill,
WL.MFS.01,2026-10-10 06:00,-0.75,,,,,,backfill,
WL.MKT.01,2026-10-10 06:00,-0.34,,,,,,backfill,
WL.MSW.01,2026-10-10 06:00,1.66,,,,,,backfill,
WL.MSW.02,2026-10-10 06:00,1.24,,,,,,backfill,
WL.MSW.03,2026-10-10 06:00,1.58,,,,,,backfill,
WL.MTG.01,2026-10-10 06:00,-0.67,,,,,,backfill,
WL.NBN.01,2026-10-10 06:00,-4.06,-1.16,,,,,backfill,
WL.NCH.02,2026-10-10 06:00,-0.77,,,,,,backfill,
WL.NK1.01,2026-10-10 06:00,-0.01,,,,,,backfill,
WL.NK3.01,2026-10-10 06:00,-0.20,,,,,,backfill,
WL.NKW.02,2026-10-10 06:00,-0.28,,,,,,backfill,
WL.NSG.01,2026-10-10 06:00,-2.00,,,,,,backfill,
WL.OAG.01,2026-10-10 06:00,-0.70,,,,,,backfill,
WL.ORC.01,2026-10-10 06:00,-1.34,-0.55,,,,,backfill,
WL.PKG.01,2026-10-10 06:00,1.77,,,,,,backfill,
WL.PKN.01,2026-10-10 06:00,-0.81,1.57,,,,,backfill,
WL.PLK.01,2026-10-10 06:00,1.12,,,,,,backfill,
WL.PLP.01,2026-10-10 06:00,-0.45,,,,,,backfill,
WL.PNM.01,2026-10-10 06:00,0.27,,,,,,backfill,
WL.PSC.01,2026-10-10 06:00,0.37,0.40,,,,,backfill,
WL.PSC.02,2026-10-10 06:00,0.37,,,,,,backfill,
WL.PSC.03,2026-10-10 06:00,0.37,,,,,,backfill,
WL.PSC.05,2026-10-10 06:00,0.46,,,,,,backfill,
WL.PSI.01,2026-10-10 06:00,-1.70,,,,,,backfill,
WL.PSR.01,2026-10-10 06:00,1.08,1.79,,,,,backfill,
WL.PSR.02,2026-10-10 06:00,1.11,,,,,,backfill,
WL.PSR.03,2026-10-10 06:00,1.08,,,,,,backfill,
WL.PSR.04,2026-10-10 06:00,0.74,,,,,,backfill,
WL.PSR.05,2026-10-10 06:00,0.77,,,,,,backfill,
WL.PSR.06,2026-10-10 06:00,0.7,,,,,,out of order,0.71
WL.PST.01,2026-10-10 06:00,-0.88,,,,,,backfill,
WL.PWT.01,2026-10-10 06:00,-0.57,,,,,,backfill,
WL.PWT.02,2026-10-10 06:00,-0.09,,,,,,backfill,
WL.PWT.03,2026-10-10 06:00,0.16,0.18,,,,,backfill,
WL.PWT.04,2026-10-10 06:00,0.48,0.53,,,,,backfill,
WL.PWT.05,2026-10-10 06:00,,,,,,,backfill,
WL.PWT.06,2026-10-10 06:00,0.91,,,,,,backfill,
WL.PWT.07,2026-10-10 06:00,0.89,,,,,,backfill,
WL.PYW.01,2026-10-10 06:00,-0.87,,,,,,backfill,
WL.RHN.01,2026-10-10 06:00,-0.19,-0.17,,,,,backfill,
WL.RJK.01,2026-10-10 06:00,0.27,0.27,,,,,backfill,
WL.RKC.01,2026-10-10 06:00,,,,,,,backfill,
WL.RMT.01,2026-10-10 06:00,-1.01,0.90,,,,,backfill,
WL.RMT.02,2026-10-10 06:00,-0.01,,,,,,backfill,
WL.RSK.01,2026-10-10 06:00,0.44,,,,,,backfill,
WL.SBR.01,2026-10-10 06:00,0.49,1.24,,,,,backfill,
WL.SBR.02,2026-10-10 06:00,0.46,,,,,,backfill,
WL.SBT.01,2026-10-10 06:00,-0.66,0.29,,,,,backfill,
WL.SCO.01,2026-10-10 06:00,0.19,,,,,,backfill,
WL.SDN.01,2026-10-10 06:00,0.23,,,,,,backfill,
WL.SKG.01,2026-10-10 06:00,,,,,,,backfill,
WL.SKT.01,2026-10-10 06:00,-0.79,,,,,,backfill,
WL.SKT.02,2026-10-10 06:00,-1.26,,,,,,backfill,
WL.SLL.01,2026-10-10 06:00,,,,,,,backfill,
WL.SMK.01,2026-10-10 06:00,-0.22,,,,,,backfill,
WL.SNC.01,2026-10-10 06:00,-0.15,1.00,,,,,backfill,
WL.SNC.02,2026-10-10 06:00,0.34,,,,,,backfill,
WL.SNC.03,2026-10-10 06:00,0.15,,,,,,backfill,
WL.SNO.01,2026-10-10 06:00,-1.06,,,,,,backfill,
WL.SOL.01,2026-10-10 06:00,-0.68,,,,,,backfill,
WL.SRE.01,2026-10-10 06:00,0.12,1.68,,,,,backfill,
WL.SRG.01,2026-10-10 06:00,-0.62,1.43,,,,,backfill,
WL.SSB.01,2026-10-10 06:00,-0.68,,,,,,backfill,
WL.SSB.03,2026-10-10 06:00,-0.47,,,,,,backfill,
WL.SSB.04,2026-10-10 06:00,-0.60,-0.62,,,,,backfill,
WL.SSB.06,2026-10-10 06:00,-0.46,,,,,,backfill,
WL.SSB.07,2026-10-10 06:00,-0.01,,,,,,backfill,
WL.SSB.08,2026-10-10 06:00,0.30,,,,,,backfill,
WL.SSB.10,2026-10-10 06:00,0.81,1.05,,,,,backfill,
WL.SSB.11,2026-10-10 06:00,1.21,,,,,,backfill,
WL.SSB.12,2026-10-10 06:00,1.22,1.50,,,,,backfill,
WL.SSG.01,2026-10-10 06:00,1.56,,,,,,backfill,
WL.SSM.01,2026-10-10 06:00,1.31,,,,,,backfill,
WL.SSN.01,2026-10-10 06:00,-1.01,1.89,,,,,backfill,
WL.SSN.02,2026-10-10 06:00,-1.15,,,,,,backfill,
WL.SSN.04,2026-10-10 06:00,-1.23,,,,,,backfill,
WL.SSN.06,2026-10-10 06:00,-1.77,,,,,,backfill,
WL.SSN.07,2026-10-10 06:00,-1.07,,,,,,backfill,
WL.SSN.08,2026-10-10 06:00,-0.66,-0.65,,,,,backfill,
WL.SSN.09,2026-10-10 06:00,-0.68,,,,,,backfill,
WL.SSN.10,2026-10-10 06:00,-0.65,,,,,,backfill,
WL.SST.01,2026-10-10 06:00,0.80,1.76,,,,,backfill,
WL.STN.01,2026-10-10 06:00,0.54,,,,,,backfill,
WL.STN.02,2026-10-10 06:00,0.61,,,,,,backfill,
WL.STN.03,2026-10-10 06:00,0.63,,,,,,backfill,
WL.STR.01,2026-10-10 06:00,-0.99,0.24,1.63,,,,backfill,
WL.SWA.01,2026-10-10 06:00,0.85,1.33,,,,,backfill,
WL.SWU.01,2026-10-10 06:00,-1.13,,,,,,backfill,
WL.TCG.01,2026-10-10 06:00,-0.95,,,,,,backfill,
WL.TPK.02,2026-10-10 06:00,,,,,,,backfill,
WL.TPK.03,2026-10-10 06:00,0.44,,,,,,backfill,
WL.TSK.01,2026-10-10 06:00,-1.80,,,,,,backfill,
WL.TTN.01,2026-10-10 06:00,-0.84,,,,,,backfill,
WL.TUT.02,2026-10-10 06:00,-0.45,,,,,,backfill,
WL.TWW.01,2026-10-10 06:00,0.48,1.19,,,,,backfill,
WL.TWW.02,2026-10-10 06:00,0.47,,,,,,backfill,
WL.TWW.03,2026-10-10 06:00,0.54,,,,,,backfill,
WL.TWW.04,2026-10-10 06:00,0.49,,,,,,backfill,
WL.TWW.05,2026-10-10 06:00,0.45,,,,,,backfill,
WL.VPD.01,2026-10-10 06:00,-0.97,,,,,,backfill,
WL.VPD.02,2026-10-10 06:00,-1.01,,,,,,backfill,
WL.VPD.03,2026-10-10 06:00,-1.31,,,,,,backfill,
WL.VPV.01,2026-10-10 06:00,-2.70,,,,,,backfill,
WL.WHK.01,2026-10-10 06:00,0.90,,,,,,backfill,
WL.WKT.01,2026-10-10 06:00,0.39,,,,,,backfill,
WL.WLS.01,2026-10-10 06:00,0.48,,,,,,backfill,
WL.WSI.01,2026-10-10 06:00,-0.91,1.57,,,,,backfill,
WL.WSV.01,2026-10-10 06:00,0.14,,,,,,backfill,
WL.WTK.01,2026-10-10 06:00,-0.47,,,,,,backfill,
WL.WTN.02,2026-10-10 06:00,-1.17,,,,,,backfill,
WL.YPE.01,2026-10-10 06:00,0.40,,,,,,backfill,
WL.YPN.01,2026-10-10 06:00,-0.89,,,,,,backfill,
WL.YPN.02,2026-10-10 06:00,-1.64,,,,,,backfill,
WL.YSN.02,2026-10-10 06:00,-1.01,,,,,,backfill,
WL.HKG.02,2026-10-10 06:05,-0.73,,,,,,temporarily out of order,-0.66
WL.WTN.02,2026-10-10 06:05,-1.17,,,,,,temporarily out of order,-1.11
WL.ANG.01,2026-10-10 06:10,0.93,,,,,,Normal,
WL.BBU.02,2026-10-10 06:10,0.44,,,,,,Normal,
WL.BKH.01,2026-10-10 06:10,0.11,,,,,,Normal,
WL.BNJ.05,2026-10-10 06:10,-0.86,,,,,,Normal,
WL.BSE.01,2026-10-10 06:10,-1.56,,,,,,Normal,
WL.BTL.02,2026-10-10 06:10,0.02,,,,,,Normal,
WL.CLH.01,2026-10-10 06:10,-0.38,,,,,,Normal,
WL.CYI.02,2026-10-10 06:10,-0.61,,,,,,Normal,-0.54
WL.K08.01,2026-10-10 06:10,1.56,,,,,,Alert,
WL.K10.01,2026-10-10 06:10,1.63,,,,,,Alert,
WL.K11.01,2026-10-10 06:10,1.58,,,,,,Alert,
WL.KBP.01,2026-10-10 06:10,-0.49,,,,,,Normal,
WL.KHW.01,2026-10-10 06:10,1.7,,,,,,Normal,
WL.KKO.02,2026-10-10 06:10,1.56,,,,,,Alert,
WL.KPM.07,2026-10-10 06:10,0.63,,,,,,Alert,
WL.LPS.01,2026-10-10 06:10,0.78,,,,,,Normal,
WL.LPT.05,2026-10-10 06:10,1.52,,,,,,Normal,
WL.MKT.02,2026-10-10 06:10,-0.84,,,,,,Normal,
WL.NK3.02,2026-10-10 06:10,-0.64,,,,,,Normal,
WL.POC.01,2026-10-10 06:10,1.46,,,,,,Normal,
WL.PSC.06,2026-10-10 06:10,0.55,,,,,,Normal,
WL.RPS.01,2026-10-10 06:10,2.02,,,,,,Alert,
WL.SSB.13,2026-10-10 06:10,1.89,,,,,,Critical,
WL.SSG.02,2026-10-10 06:10,1.56,,,,,,Alert,
WL.SSM.02,2026-10-10 06:10,1.56,,,,,,Normal,
WL.STN.01,2026-10-10 06:10,0.54,,,,,,Alert,0.55
WL.SWA.02,2026-10-10 06:10,1.43,,,,,,Normal,
WL.AJP.01,2026-10-10 06:15,-1.17,,,,,,Normal,-1.17
WL.ANX.01,2026-10-10 06:15,-0.01,,,,,,Normal,0.02
WL.BAM.01,2026-10-10 06:15,0.21,,,,,,Normal,0.21
WL.BBN.02,2026-10-10 06:15,0.28,,,,,,Normal,0.39
WL.BBN.03,2026-10-10 06:15,0.48,,,,,,Alert,0.55
WL.BBR.01,2026-10-10 06:15,0.03,,,,,,Normal,0.1
WL.BBR.02,2026-10-10 06:15,0.0,,,,,,Normal,0.06
WL.BBU.01,2026-10-10 06:15,0.4,,,,,,Normal,0.45
WL.BCN.01,2026-10-10 06:15,0.43,,,,,,Normal,0.46
WL.BCN.02,2026-10-10 06:15,0.44,,,,,,Normal,0.46
WL.BCN.03,2026-10-10 06:15,0.47,,,,,,Normal,0.52
WL.BJK.01,2026-10-10 06:15,-1.6,1.46,,0.0,0.0,,Normal,-1.54
WL.BJK.02,2026-10-10 06:15,0.48,,,,,,Normal,0.49
WL.BJK.03,2026-10-10 06:15,0.45,,,,,,Normal,0.46
WL.BJK.04,2026-10-10 06:15,0.51,,,,,,Normal,0.52
WL.BKA.01,2026-10-10 06:15,-1.51,2.03,,1.73,1.74,0.0,Normal,-1.1
WL.BKA.02,2026-10-10 06:15,-0.87,,,,,,Normal,-0.77
WL.BKA.03,2026-10-10 06:15,-0.44,,,,,,Normal,-0.37
WL.BKA.04,2026-10-10 06:15,0.05,,,,,,Normal,0.1
WL.BKB.01,2026-10-10 06:15,-0.33,,,,,,Normal,-0.33
WL.BKG.01,2026-10-10 06:15,0.66,-2.0,,0.0,,,Critical,0.67
WL.BKK.01,2026-10-10 06:15,0.45,,,,,,Normal,
WL.BKT.01,2026-10-10 06:15,-0.78,,,,,,Normal,-0.77
WL.BKY.01,2026-10-10 06:15,0.33,1.79,,0.0,2.46,0.0,Normal,0.41
WL.BKY.02,2026-10-10 06:15,0.4,,,,,,Normal,0.44
WL.BLP.02,2026-10-10 06:15,-0.64,,,,,,Normal,-0.64
WL.BLY.01,2026-10-10 06:15,-0.5,,,,,,Normal,-0.5
WL.BLY.02,2026-10-10 06:15,-0.58,,,,,,Normal,-0.58
WL.BMA.02,2026-10-10 06:15,-0.1,,,,,,Normal,-0.1
WL.BMK.01,2026-10-10 06:15,-1.32,,,,,,Normal,-1.0
WL.BNA.01,2026-10-10 06:15,-1.69,1.39,,0.0,0.0,,Normal,-1.34
WL.BNA.03,2026-10-10 06:15,-0.67,,,,,,Normal,-0.65
WL.BNA.04,2026-10-10 06:15,-0.58,,,,,,Normal,-0.55
WL.BNJ.04,2026-10-10 06:15,-0.95,,,,,,Normal,-0.95
WL.BNS.01,2026-10-10 06:15,0.34,,,,,,Normal,0.4
WL.BOA.01,2026-10-10 06:15,-1.48,1.53,,0.0,0.0,,Normal,-1.48
WL.BOA.02,2026-10-10 06:15,-1.54,,,,,,Normal,-1.49
WL.BOA.03,2026-10-10 06:15,-1.5,,,,,,Normal,-1.49
WL.BPA.01,2026-10-10 06:15,-0.65,,,,,,Normal,-0.62
WL.BPK.01,2026-10-10 06:15,0.19,,,,,,Normal,0.21
WL.BPM.01,2026-10-10 06:15,0.32,,,,,,Normal,0.32
WL.BPM.02,2026-10-10 06:15,0.4,,,,,,Normal,0.41
WL.BPM.03,2026-10-10 06:15,0.51,,,,,,Normal,0.56
WL.BPM.04,2026-10-10 06:15,0.4,,,,,,Normal,0.47
WL.BPN.02,2026-10-10 06:15,0.32,,,,,,Normal,0.41
WL.BPU.01,2026-10-10 06:15,0.91,,,,,,Normal,1.18
WL.BSK.01,2026-10-10 06:15,0.05,1.6,,0.0,0.0,,Normal,0.47
WL.BSU.01,2026-10-10 06:15,-0.9,2.01,,0.0,0.0,0.0,Normal,-0.76
WL.BSU.02,2026-10-10 06:15,-0.8,,,,,,Normal,-0.74
WL.BSU.03,2026-10-10 06:15,-1.23,,,,,,Normal,-1.17
WL.BSU.04,2026-10-10 06:15,-1.12,,,,,,Normal,-1.09
WL.BSU.05,2026-10-10 06:15,-1.06,,,,,,Normal,-1.06
WL.BSU.07,2026-10-10 06:15,-0.56,,,,,,Normal,-0.47
WL.BTL.01,2026-10-10 06:15,-0.94,,,,,,Normal,-0.62
WL.BTY.01,2026-10-10 06:15,0.27,,,,,,Normal,0.31
WL.BWK.01,2026-10-10 06:15,0.36,,,,,,Normal,0.4
WL.BWK.02,2026-10-10 06:15,0.56,,,,,,Normal,0.58
WL.BWK.03,2026-10-10 06:15,0.47,,,,,,Normal,0.54
WL.BYI.01,2026-10-10 06:15,1.0,,,,,,Critical,1.0
WL.BYK.02,2026-10-10 06:15,0.26,,,,,,Normal,0.26
WL.CKS.01,2026-10-10 06:15,-1.45,,,0.0,0.0,,Normal,-1.23
WL.CKS.02,2026-10-10 06:15,-1.01,,,,,,Normal,-0.93
WL.CNS.01,2026-10-10 06:15,-1.76,1.48,,0.0,0.0,,Normal,-0.97
WL.CPA.01,2026-10-10 06:15,0.32,1.79,,5.6,3.52,,Normal,0.32
WL.CPA.02,2026-10-10 06:15,0.34,,,,,,Normal,0.39
WL.CYI.01,2026-10-10 06:15,-0.63,,,,,,Normal,-0.56
WL.CYI.03,2026-10-10 06:15,-0.53,,,,,,Normal,-0.48
WL.DKN.01,2026-10-10 06:15,0.33,1.58,,0.0,6.39,0.0,Normal,0.34
WL.FTM.01,2026-10-10 06:15,-1.19,,,,,,Normal,-1.04
WL.HKG.01,2026-10-10 06:15,-0.78,,,,,,Normal,-0.71
WL.HMK.01,2026-10-10 06:15,-0.18,,,,,,Alert,-0.15
WL.HMK.02,2026-10-10 06:15,-0.36,,,,,,Normal,-0.33
WL.HMK.03,2026-10-10 06:15,-0.14,,,,,,Normal,-0.11
WL.JRN.01,2026-10-10 06:15,0.31,1.54,,0.0,,,Normal,0.31
WL.KBU.01,2026-10-10 06:15,0.45,1.58,,0.0,,,Normal,0.46
WL.KBU.02,2026-10-10 06:15,0.44,,,,,,Normal,0.45
WL.KCD.01,2026-10-10 06:15,-1.05,,,,,,Normal,-1.0
WL.KDN.01,2026-10-10 06:15,-0.66,1.47,,0.0,,,Normal,-0.64
WL.KJA.01,2026-10-10 06:15,-0.78,,,,,,Normal,-0.78
WL.KJA.02,2026-10-10 06:15,-0.36,,,,,,Normal,-0.34
WL.KJG.01,2026-10-10 06:15,-0.48,,,,,,Normal,-0.43
WL.KJK.01,2026-10-10 06:15,-1.21,1.46,,0.0,0.0,,Normal,-1.21
WL.KJK.02,2026-10-10 06:15,-1.16,,,,,,Normal,-1.15
WL.KJN.02,2026-10-10 06:15,-0.16,,,,,,Normal,-0.11
WL.KJT.01,2026-10-10 06:15,-1.22,,,,,,Normal,-1.12
WL.KJU.01,2026-10-10 06:15,-0.41,,,,,,Normal,-0.39
WL.KKD.01,2026-10-10 06:15,-0.51,,,,,,Normal,-0.51
WL.KKD.02,2026-10-10 06:15,-0.63,,,,,,Normal,-0.62
WL.KKO.01,2026-10-10 06:15,1.62,,,,,,Alert,1.62
WL.KKS.01,2026-10-10 06:15,-0.63,1.84,,0.0,0.0,,Normal,-0.63
WL.KKS.02,2026-10-10 06:15,-0.6,,,,,,Normal,-0.6
WL.KKS.03,2026-10-10 06:15,-0.71,,,,,,Normal,-0.71
WL.KKS.04,2026-10-10 06:15,-0.67,1.5,,0.0,,,Normal,-0.67
WL.KKY.01,2026-10-10 06:15,0.45,,,,,,Normal,0.51
WL.KKY.02,2026-10-10 06:15,0.48,,,,,,Normal,0.54
WL.KLA.01,2026-10-10 06:15,-0.33,,,,,,Normal,-0.31
WL.KLD.01,2026-10-10 06:15,-0.41,,,,,,Normal,-0.18
WL.KLD.02,2026-10-10 06:15,-0.32,,,,,,Normal,-0.1
WL.KLT.01,2026-10-10 06:15,-0.7,,,,,,Normal,-0.7
WL.KMN.01,2026-10-10 06:15,0.34,1.78,,0.29,0.16,0.0,Normal,0.38
WL.KNB.02,2026-10-10 06:15,-0.43,,,,,,Normal,-0.41
WL.KPG.01,2026-10-10 06:15,-1.21,,,,,,Normal,-1.09
WL.KPM.01,2026-10-10 06:15,-0.36,,,,,,Normal,-0.32
WL.KPM.03,2026-10-10 06:15,-0.17,,,,,,Normal,-0.11
WL.KPM.05,2026-10-10 06:15,0.48,,,,,,Normal,0.48
WL.KPM.06,2026-10-10 06:15,0.47,,,,,,Normal,0.47
WL.KPM.08,2026-10-10 06:15,0.38,,,,,,Normal,0.43
WL.KSG.01,2026-10-10 06:15,0.67,,,,,,Normal,0.7
WL.KSI.01,2026-10-10 06:15,0.77,,,,,,Normal,0.78
WL.KSI.02,2026-10-10 06:15,0.79,,,,,,Critical,0.8
WL.KSK.01,2026-10-10 06:15,-0.65,,,,,,Normal,-0.65
WL.KSM.01,2026-10-10 06:15,0.78,,,,,,Critical,0.8
WL.KSM.02,2026-10-10 06:15,0.73,,,,,,Critical,0.74
WL.KSO.01,2026-10-10 06:15,0.51,,,,,,Normal,0.6
WL.KSO.02,2026-10-10 06:15,0.52,,,,,,Normal,0.6
WL.KTY.01,2026-10-10 06:15,-1.63,1.45,,0.0,,,Normal,-1.63
WL.LBK.02,2026-10-10 06:15,0.51,,,,,,Critical,0.53
WL.LBK.03,2026-10-10 06:15,0.42,,,,,,Critical,0.43
WL.LCL.01,2026-10-10 06:15,0.61,,,,,,Normal,0.63
WL.LKB.01,2026-10-10 06:15,0.65,,,,,,Critical,0.67
WL.LOA.02,2026-10-10 06:15,0.69,,,,,,Normal,0.71
WL.LPC.01,2026-10-10 06:15,1.09,,,,,,Critical,1.1
WL.LPG.02,2026-10-10 06:15,0.99,1.75,,0.0,,,Critical,0.99
WL.LPG.03,2026-10-10 06:15,0.93,,,,,,Critical,0.94
WL.LPN.01,2026-10-10 06:15,-0.84,0.96,,0.01,,,Normal,-0.63
WL.LPP.01,2026-10-10 06:15,-1.4,,,,,,Normal,-1.35
WL.LPP.02,2026-10-10 06:15,-0.72,,,,,,Normal,
WL.LPT.03,2026-10-10 06:15,0.86,,,,,,Critical,0.87
WL.LPW.01,2026-10-10 06:15,-0.3,-0.35,,0.0,,,Normal,-0.25
WL.LPW.03,2026-10-10 06:15,0.17,,,,,,Normal,0.23
WL.LPW.05,2026-10-10 06:15,-0.62,,,,,,Normal,-0.59
WL.LSM.01,2026-10-10 06:15,-0.66,,,,,,Normal,-0.64
WL.LYW.02,2026-10-10 06:15,-1.44,,,,,,Normal,-1.44
WL.MCM.01,2026-10-10 06:15,0.37,,,,,,Normal,0.44
WL.MFS.01,2026-10-10 06:15,-0.72,,,,,,Normal,-0.68
WL.MKT.01,2026-10-10 06:15,-0.34,,,,,,Normal,-0.31
WL.MSW.01,2026-10-10 06:15,1.69,,,,,,Normal,1.69
WL.MSW.02,2026-10-10 06:15,1.24,,,,,,Normal,1.25
WL.MSW.03,2026-10-10 06:15,1.61,,,,,,Normal,1.61
WL.MSW.04,2026-10-10 06:15,1.07,,,,,,Normal,
WL.MTG.01,2026-10-10 06:15,-0.67,,,,,,Normal,-0.67
WL.NBN.01,2026-10-10 06:15,-4.07,-1.16,,0.0,,,Normal,-3.94
WL.NCH.02,2026-10-10 06:15,-0.38,,,,,,Normal,-0.33
WL.NK1.01,2026-10-10 06:15,0.0,,,,,,Normal,0.0
WL.NK3.01,2026-10-10 06:15,-0.23,,,,,,Normal,-0.12
WL.NKW.02,2026-10-10 06:15,-0.28,,,,,,Normal,-0.23
WL.NSG.01,2026-10-10 06:15,-2.0,,,,,,Normal,-2.0
WL.OAG.01,2026-10-10 06:15,-0.68,,,,,,Normal,-0.68
WL.ORC.01,2026-10-10 06:15,-1.34,-0.54,,0.0,,,Normal,-1.34
WL.PKG.01,2026-10-10 06:15,1.74,,,,,,Normal,1.77
WL.PKN.01,2026-10-10 06:15,-0.81,1.54,,0.0,0.0,0.0,Normal,-0.81
WL.PLK.01,2026-10-10 06:15,1.05,,,,,,Normal,1.18
WL.PLP.01,2026-10-10 06:15,-0.46,,,,,,Normal,-0.43
WL.PNM.01,2026-10-10 06:15,0.27,,,,,,Alert,0.3
WL.PSC.01,2026-10-10 06:15,0.37,0.4,,0.0,0.0,0.0,Normal,0.41
WL.PSC.02,2026-10-10 06:15,0.36,,,,,,Normal,0.38
WL.PSC.03,2026-10-10 06:15,0.37,,,,,,Normal,0.38
WL.PSC.05,2026-10-10 06:15,0.47,,,,,,Normal,0.47
WL.PSI.01,2026-10-10 06:15,-1.69,,,,,,Normal,-1.16
WL.PSR.01,2026-10-10 06:15,1.07,1.78,,0.2,,,Alert,1.09
WL.PSR.02,2026-10-10 06:15,1.1,,,,,,Alert,1.13
WL.PSR.03,2026-10-10 06:15,1.08,,,,,,Alert,1.1
WL.PSR.04,2026-10-10 06:15,0.74,,,,,,Normal,0.75
WL.PSR.05,2026-10-10 06:15,0.77,,,,,,Alert,0.78
WL.PST.01,2026-10-10 06:15,-0.88,,,,,,Normal,-0.88
WL.PWT.01,2026-10-10 06:15,-0.57,,,,,,Normal,-0.57
WL.PWT.02,2026-10-10 06:15,-0.09,,,,,,Normal,-0.06
WL.PWT.03,2026-10-10 06:15,0.16,0.16,,5.84,5.9,,Normal,0.18
WL.PWT.04,2026-10-10 06:15,0.48,0.53,,4.94,,,Alert,0.51
WL.PWT.06,2026-10-10 06:15,0.91,,,,,,Critical,0.92
WL.PWT.07,2026-10-10 06:15,0.89,,,,,,Critical,0.9
WL.PYW.01,2026-10-10 06:15,-0.95,,,,,,Normal,-0.54
WL.RHN.01,2026-10-10 06:15,-0.2,-0.18,,0.0,,,Normal,-0.06
WL.RJK.01,2026-10-10 06:15,0.28,0.28,,7.5,,,Normal,0.28
WL.RMN.01,2026-10-10 06:15,0.53,,,,,,Normal,
WL.RMT.01,2026-10-10 06:15,-1.02,0.9,,0.0,0.0,,Normal,-0.58
WL.RMT.02,2026-10-10 06:15,-0.02,,,,,,Normal,0.1
WL.RMT.03,2026-10-10 06:15,-2.0,,,,,,Normal,-2.0
WL.RSK.01,2026-10-10 06:15,0.44,,,,,,Normal,0.46
WL.SBR.01,2026-10-10 06:15,0.48,1.24,,0.0,,,Normal,0.57
WL.SBR.02,2026-10-10 06:15,0.46,,,,,,Normal,0.53
WL.SBT.01,2026-10-10 06:15,-0.44,0.25,,0.0,,,Normal,0.09
WL.SCO.01,2026-10-10 06:15,0.2,,,,,,Normal,0.2
WL.SDN.01,2026-10-10 06:15,0.23,,,,,,Normal,0.23
WL.SKT.01,2026-10-10 06:15,-0.81,,,,,,Normal,-0.68
WL.SKT.02,2026-10-10 06:15,-1.04,,,,,,Normal,-0.72
WL.SMK.01,2026-10-10 06:15,-0.22,,,,,,Normal,-0.22
WL.SNC.01,2026-10-10 06:15,-0.16,1.03,,0.0,0.0,0.0,Alert,-0.14
WL.SNC.02,2026-10-10 06:15,0.34,,,,,,Normal,0.38
WL.SNC.03,2026-10-10 06:15,0.14,,,,,,Normal,0.15
WL.SNO.01,2026-10-10 06:15,-1.07,,,,,,Normal,-1.03
WL.SOL.01,2026-10-10 06:15,-0.68,,,,,,Normal,-0.68
WL.SRE.01,2026-10-10 06:15,0.14,1.65,,0.0,0.0,,Normal,0.14
WL.SRG.01,2026-10-10 06:15,-0.62,1.43,,0.0,0.0,0.0,Normal,-0.62
WL.SSB.01,2026-10-10 06:15,-0.66,,,,,,Normal,-0.66
WL.SSB.03,2026-10-10 06:15,-0.46,,,,,,Normal,-0.46
WL.SSB.04,2026-10-10 06:15,-0.6,-0.62,,7.5,7.5,,Normal,-0.6
WL.SSB.06,2026-10-10 06:15,-0.45,,,,,,Normal,-0.43
WL.SSB.07,2026-10-10 06:15,0.0,,,,,,Normal,0.01
WL.SSB.08,2026-10-10 06:15,0.31,,,,,,Normal,0.32
WL.SSB.09,2026-10-10 06:15,0.55,1.1,,0.0,,,Critical,0.57
WL.SSB.10,2026-10-10 06:15,0.81,1.05,,3.64,,,Critical,0.83
WL.SSB.11,2026-10-10 06:15,1.21,,,,,,Critical,1.22
WL.SSB.12,2026-10-10 06:15,1.22,1.5,,0.0,,,Critical,1.22
WL.SSG.01,2026-10-10 06:15,1.56,,,,,,Alert,1.57
WL.SSM.01,2026-10-10 06:15,1.31,-99,,0.0,,,Critical,1.32
WL.SSN.01,2026-10-10 06:15,-1.01,1.89,,7.0,0.0,0.0,Normal,-1.01
WL.SSN.02,2026-10-10 06:15,-1.14,,,,,,Normal,-1.14
WL.SSN.04,2026-10-10 06:15,-1.22,,,,,,Normal,-1.21
WL.SSN.06,2026-10-10 06:15,-1.77,,,,,,Normal,-1.77
WL.SSN.07,2026-10-10 06:15,-1.06,,,,,,Normal,-0.97
WL.SSN.08,2026-10-10 06:15,-0.65,-0.64,,0.0,,,Normal,-0.63
WL.SSN.09,2026-10-10 06:15,-0.67,,,,,,Normal,-0.65
WL.SSN.10,2026-10-10 06:15,-0.64,,,,,,Normal,-0.62
WL.SST.01,2026-10-10 06:15,0.8,1.76,,0.32,,,Alert,0.83
WL.STN.02,2026-10-10 06:15,0.61,,,,,,Critical,0.62
WL.STN.03,2026-10-10 06:15,0.63,,,,,,Critical,0.64
WL.STR.01,2026-10-10 06:15,-0.99,0.23,1.6,0.0,0.0,0.0,Normal,-0.91
WL.SWA.01,2026-10-10 06:15,0.85,1.32,,0.43,,,Critical,0.85
WL.SWU.01,2026-10-10 06:15,-1.18,,,,,,Normal,-1.12
WL.TCG.01,2026-10-10 06:15,-0.95,,,,,,Normal,-0.95
WL.TPK.03,2026-10-10 06:15,0.44,,,,,,Critical,0.45
WL.TSK.01,2026-10-10 06:15,-1.8,,,,,,Normal,-1.39
WL.TTN.01,2026-10-10 06:15,-0.84,,,,,,Normal,-0.82
WL.TUT.02,2026-10-10 06:15,-0.43,,,,,,Normal,-0.43
WL.TWW.01,2026-10-10 06:15,0.48,1.19,,0.0,,,Normal,0.56
WL.TWW.02,2026-10-10 06:15,0.47,,,,,,Normal,0.55
WL.TWW.03,2026-10-10 06:15,0.54,,,,,,Normal,0.62
WL.TWW.04,2026-10-10 06:15,0.49,,,,,,Normal,0.57
WL.TWW.05,2026-10-10 06:15,0.45,,,,,,Normal,0.49
WL.VPD.01,2026-10-10 06:15,-0.99,,,,,,Normal,-0.94
WL.VPD.02,2026-10-10 06:15,-1.01,,,,,,Normal,-0.91
WL.VPD.03,2026-10-10 06:15,-1.31,,,,,,Normal,-1.29
WL.VPV.01,2026-10-10 06:15,-2.56,,,0.0,,,Normal,-1.39
WL.WHK.01,2026-10-10 06:15,0.92,,,,,,Alert,0.92
WL.WKT.01,2026-10-10 06:15,0.39,,,,,,Normal,0.39
WL.WLS.01,2026-10-10 06:15,0.47,,,,,,Normal,0.55
WL.WSI.01,2026-10-10 06:15,-1.03,1.54,,0.0,0.0,0.0,Normal,-0.5
WL.WSV.01,2026-10-10 06:15,0.12,,,,,,Normal,0.14
WL.WTK.01,2026-10-10 06:15,-0.47,,,,,,Normal,-0.46
WL.YPE.01,2026-10-10 06:15,0.39,,,,,,Normal,0.41
WL.YPN.01,2026-10-10 06:15,-0.9,,,,,,Normal,-0.79
WL.YPN.02,2026-10-10 06:15,-1.69,,,,,,Normal,-0.84
WL.YSN.02,2026-10-10 06:15,-1.01,,,,,,Normal,-0.91
WL.KPM.04,2026-10-10 06:25,0.27,,,,,,Normal,0.4
WL.KKD.04,2026-10-10 06:35,-0.59,,,,,,Normal,-0.58
WL.WTN.02,2026-10-10 06:50,-1.15,,,,,,temporarily out of order,-1.11
WL.BBN.01,2026-10-10 06:55,0.05,,,,,,out of order,0.09
WL.AJP.01,2026-10-10 07:00,-1.16,,,,,,backfill,
WL.ANX.01,2026-10-10 07:00,-0.02,,,,,,backfill,
WL.BAM.01,2026-10-10 07:00,0.22,,,,,,backfill,
WL.BBN.01,2026-10-10 07:00,0.04,,,,,,backfill,
WL.BBN.02,2026-10-10 07:00,0.27,,,,,,backfill,
WL.BBN.03,2026-10-10 07:00,0.48,,,,,,backfill,
WL.BBR.01,2026-10-10 07:00,0.04,,,,,,backfill,
WL.BBR.02,2026-10-10 07:00,0.00,,,,,,backfill,
WL.BBU.01,2026-10-10 07:00,0.37,,,,,,backfill,
WL.BCN.01,2026-10-10 07:00,0.42,,,,,,backfill,
WL.BCN.02,2026-10-10 07:00,0.44,,,,,,backfill,
WL.BCN.03,2026-10-10 07:00,0.46,,,,,,backfill,
WL.BJK.01,2026-10-10 07:00,-1.58,1.31,,,,,backfill,
WL.BJK.02,2026-10-10 07:00,0.47,,,,,,backfill,
WL.BJK.03,2026-10-10 07:00,0.43,,,,,,backfill,
WL.BJK.04,2026-10-10 07:00,0.50,,,,,,backfill,
WL.BKA.01,2026-10-10 07:00,-1.54,2.01,,,,,backfill,
WL.BKA.02,2026-10-10 07:00,-0.88,,,,,,backfill,
WL.BKA.03,2026-10-10 07:00,-0.44,,,,,,backfill,
WL.BKA.04,2026-10-10 07:00,0.04,,,,,,backfill,
WL.BKB.01,2026-10-10 07:00,-0.32,,,,,,backfill,
WL.BKG.01,2026-10-10 07:00,0.67,-2.00,,,,,backfill,
WL.BKT.01,2026-10-10 07:00,-0.77,,,,,,backfill,
WL.BKY.01,2026-10-10 07:00,0.32,1.73,,,,,backfill,
WL.BKY.02,2026-10-10 07:00,0.40,,,,,,backfill,
WL.BLP.02,2026-10-10 07:00,-0.60,,,,,,backfill,
WL.BLY.01,2026-10-10 07:00,-0.50,,,,,,backfill,
WL.BLY.02,2026-10-10 07:00,-0.58,,,,,,backfill,
WL.BMA.02,2026-10-10 07:00,-0.04,,,,,,backfill,
WL.BMK.01,2026-10-10 07:00,-1.44,,,,,,backfill,
WL.BNA.01,2026-10-10 07:00,-1.71,1.22,,,,,backfill,
WL.BNA.02,2026-10-10 07:00,,,,,,,backfill,
WL.BNA.03,2026-10-10 07:00,-0.68,,,,,,backfill,
WL.BNA.04,2026-10-10 07:00,-0.58,,,,,,backfill,
WL.BNJ.01,2026-10-10 07:00,,,,,,,backfill,
WL.BNJ.02,2026-10-10 07:00,,,,,,,backfill,
WL.BNJ.03,2026-10-10 07:00,,,,,,,backfill,
WL.BNJ.04,2026-10-10 07:00,-0.90,,,,,,backfill,
WL.BNS.01,2026-10-10 07:00,0.34,,,,,,backfill,
WL.BOA.01,2026-10-10 07:00,-1.47,1.37,,,,,backfill,
WL.BOA.02,2026-10-10 07:00,-1.53,,,,,,backfill,
WL.BOA.03,2026-10-10 07:00,-1.48,,,,,,backfill,
WL.BON.01,2026-10-10 07:00,,,,,,,backfill,
WL.BPA.01,2026-10-10 07:00,-0.64,,,,,,backfill,
WL.BPK.01,2026-10-10 07:00,0.19,,,,,,backfill,
WL.BPM.01,2026-10-10 07:00,0.32,,,,,,backfill,
WL.BPM.02,2026-10-10 07:00,0.40,,,,,,backfill,
WL.BPM.03,2026-10-10 07:00,0.51,,,,,,backfill,
WL.BPM.04,2026-10-10 07:00,0.39,,,,,,backfill,
WL.BPN.02,2026-10-10 07:00,0.31,,,,,,backfill,
WL.BPU.01,2026-10-10 07:00,0.62,,,,,,backfill,
WL.BSK.01,2026-10-10 07:00,0.05,1.52,,,,,backfill,
WL.BSU.01,2026-10-10 07:00,-0.90,1.98,,,,,backfill,
WL.BSU.02,2026-10-10 07:00,-0.81,,,,,,backfill,
WL.BSU.03,2026-10-10 07:00,-1.18,,,,,,backfill,
WL.BSU.04,2026-10-10 07:00,-1.12,,,,,,backfill,
WL.BSU.05,2026-10-10 07:00,-1.05,,,,,,backfill,
WL.BSU.06,2026-10-10 07:00,,,,,,,backfill,
WL.BSU.07,2026-10-10 07:00,-0.54,,,,,,backfill,
WL.BTL.01,2026-10-10 07:00,-1.05,,,,,,backfill,
WL.BTY.01,2026-10-10 07:00,0.31,,,,,,backfill,
WL.BWK.01,2026-10-10 07:00,0.35,,,,,,backfill,
WL.BWK.02,2026-10-10 07:00,0.55,,,,,,backfill,
WL.BWK.03,2026-10-10 07:00,0.46,,,,,,backfill,
WL.BYI.01,2026-10-10 07:00,1.00,,,,,,backfill,
WL.BYK.01,2026-10-10 07:00,,,,,,,backfill,
WL.BYK.02,2026-10-10 07:00,0.28,,,,,,backfill,
WL.CKS.01,2026-10-10 07:00,-1.41,,,,,,backfill,
WL.CKS.02,2026-10-10 07:00,-1.05,,,,,,backfill,
WL.CKS.03,2026-10-10 07:00,,,,,,,backfill,
WL.CNS.01,2026-10-10 07:00,-1.71,1.35,,,,,backfill,
WL.CPA.01,2026-10-10 07:00,0.32,1.77,,,,,backfill,
WL.CPA.02,2026-10-10 07:00,0.34,,,,,,backfill,
WL.CYI.01,2026-10-10 07:00,-0.61,,,,,,backfill,
WL.CYI.02,2026-10-10 07:00,-0.59,,,,,,backfill,
WL.CYI.03,2026-10-10 07:00,-0.51,,,,,,backfill,
WL.DKN.01,2026-10-10 07:00,0.33,1.50,,,,,backfill,
WL.FTM.01,2026-10-10 07:00,-1.36,,,,,,backfill,
WL.HKG.01,2026-10-10 07:00,-0.78,,,,,,backfill,
WL.HKG.02,2026-10-10 07:00,-0.72,,,,,,backfill,
WL.HMK.01,2026-10-10 07:00,-0.18,,,,,,backfill,
WL.HMK.02,2026-10-10 07:00,-0.38,,,,,,backfill,
WL.HMK.03,2026-10-10 07:00,-0.14,,,,,,backfill,
WL.JKK.01,2026-10-10 07:00,,,,,,,backfill,
WL.JRN.01,2026-10-10 07:00,0.32,1.44,,,,,backfill,
WL.KBU.01,2026-10-10 07:00,0.44,1.63,,,,,backfill,
WL.KBU.02,2026-10-10 07:00,0.43,,,,,,backfill,
WL.KCD.01,2026-10-10 07:00,-1.05,,,,,,backfill,
WL.KDN.01,2026-10-10 07:00,-0.56,1.37,,,,,backfill,
WL.KJA.01,2026-10-10 07:00,-0.76,,,,,,backfill,
WL.KJA.02,2026-10-10 07:00,-0.35,,,,,,backfill,
WL.KJG.01,2026-10-10 07:00,-0.47,,,,,,backfill,
WL.KJK.01,2026-10-10 07:00,-1.40,1.32,,,,,backfill,
WL.KJK.02,2026-10-10 07:00,-1.33,,,,,,backfill,
WL.KJN.01,2026-10-10 07:00,,,,,,,backfill,
WL.KJN.02,2026-10-10 07:00,-0.14,,,,,,backfill,
WL.KJT.01,2026-10-10 07:00,-1.22,,,,,,backfill,
WL.KJU.01,2026-10-10 07:00,-0.71,,,,,,backfill,
WL.KKD.01,2026-10-10 07:00,-0.51,,,,,,backfill,
WL.KKD.02,2026-10-10 07:00,-0.63,,,,,,backfill,
WL.KKD.03,2026-10-10 07:00,,,,,,,backfill,
WL.KKD.04,2026-10-10 07:00,-0.59,,,,,,backfill,
WL.KKO.01,2026-10-10 07:00,1.62,,,,,,backfill,
WL.KKS.01,2026-10-10 07:00,-0.60,1.81,,,,,backfill,
WL.KKS.02,2026-10-10 07:00,-0.56,,,,,,backfill,
WL.KKS.03,2026-10-10 07:00,-0.67,,,,,,backfill,
WL.KKS.04,2026-10-10 07:00,-0.64,1.50,,,,,backfill,
WL.KKY.01,2026-10-10 07:00,0.44,,,,,,backfill,
WL.KKY.02,2026-10-10 07:00,0.48,,,,,,backfill,
WL.KLA.01,2026-10-10 07:00,-0.31,,,,,,backfill,
WL.KLD.01,2026-10-10 07:00,-0.41,,,,,,backfill,
WL.KLD.02,2026-10-10 07:00,-0.36,,,,,,backfill,
WL.KLT.01,2026-10-10 07:00,-0.67,,,,,,backfill,
WL.KMN.01,2026-10-10 07:00,0.29,1.71,,,,,backfill,
WL.KNB.01,2026-10-10 07:00,,,,,,,backfill,
WL.KNB.02,2026-10-10 07:00,-0.44,,,,,,backfill,
WL.KPG.01,2026-10-10 07:00,-1.23,,,,,,backfill,
WL.KPM.01,2026-10-10 07:00,-0.37,,,,,,backfill,
WL.KPM.03,2026-10-10 07:00,-0.17,,,,,,backfill,
WL.KPM.04,2026-10-10 07:00,0.34,,,,,,backfill,
WL.KPM.05,2026-10-10 07:00,0.46,,,,,,backfill,
WL.KPM.06,2026-10-10 07:00,0.51,,,,,,backfill,
WL.KPM.08,2026-10-10 07:00,0.40,,,,,,backfill,
WL.KPM.09,2026-10-10 07:00,,,,,,,backfill,
WL.KSG.01,2026-10-10 07:00,0.67,,,,,,backfill,
WL.KSI.01,2026-10-10 07:00,0.77,,,,,,backfill,
WL.KSI.02,2026-10-10 07:00,0.79,,,,,,backfill,
WL.KSK.01,2026-10-10 07:00,-0.65,,,,,,backfill,
WL.KSM.01,2026-10-10 07:00,0.78,,,,,,backfill,
WL.KSM.02,2026-10-10 07:00,0.72,,,,,,backfill,
WL.KSO.01,2026-10-10 07:00,0.51,,,,,,backfill,
WL.KSO.02,2026-10-10 07:00,0.51,,,,,,backfill,
WL.KT4.01,2026-10-10 07:00,,,,,,,backfill,
WL.KTY.01,2026-10-10 07:00,-1.60,1.31,,,,,backfill,
WL.LBK.02,2026-10-10 07:00,0.51,,,,,,backfill,
WL.LBK.03,2026-10-10 07:00,0.41,,,,,,backfill,
WL.LCL.01,2026-10-10 07:00,0.61,,,,,,backfill,
WL.LCL.02,2026-10-10 07:00,,,,,,,backfill,
WL.LKB.01,2026-10-10 07:00,0.65,,,,,,backfill,
WL.LOA.01,2026-10-10 07:00,,,,,,,backfill,
WL.LOA.02,2026-10-10 07:00,0.69,,,,,,backfill,
WL.LPC.01,2026-10-10 07:00,1.09,,,,,,backfill,
WL.LPG.02,2026-10-10 07:00,0.99,1.75,,,,,backfill,
WL.LPG.03,2026-10-10 07:00,0.93,,,,,,backfill,
WL.LPI.02,2026-10-10 07:00,,,,,,,backfill,
WL.LPN.01,2026-10-10 07:00,-0.67,0.99,,,,,backfill,
WL.LPP.01,2026-10-10 07:00,-1.42,,,,,,backfill,
WL.LPT.01,2026-10-10 07:00,,,,,,,backfill,
WL.LPT.03,2026-10-10 07:00,0.86,,,,,,backfill,
WL.LPW.01,2026-10-10 07:00,-0.29,-0.34,,,,,backfill,
WL.LPW.03,2026-10-10 07:00,0.15,,,,,,backfill,
WL.LPW.04,2026-10-10 07:00,,,,,,,backfill,
WL.LPW.05,2026-10-10 07:00,-0.59,,,,,,backfill,
WL.LSG.01,2026-10-10 07:00,,,,,,,backfill,
WL.LSM.01,2026-10-10 07:00,-0.66,,,,,,backfill,
WL.LYW.01,2026-10-10 07:00,,,,,,,backfill,
WL.LYW.02,2026-10-10 07:00,-1.45,,,,,,backfill,
WL.MCM.01,2026-10-10 07:00,0.37,,,,,,backfill,
WL.MFS.01,2026-10-10 07:00,-0.72,,,,,,backfill,
WL.MKT.01,2026-10-10 07:00,-0.34,,,,,,backfill,
WL.MSW.01,2026-10-10 07:00,1.72,,,,,,backfill,
WL.MSW.02,2026-10-10 07:00,1.25,,,,,,backfill,
WL.MSW.03,2026-10-10 07:00,1.66,,,,,,backfill,
WL.MTG.01,2026-10-10 07:00,-0.67,,,,,,backfill,
WL.NBN.01,2026-10-10 07:00,-4.08,-1.16,,,,,backfill,
WL.NCH.02,2026-10-10 07:00,-0.45,,,,,,backfill,
WL.NK1.01,2026-10-10 07:00,-0.43,,,,,,backfill,
WL.NK3.01,2026-10-10 07:00,-0.31,,,,,,backfill,
WL.NKW.02,2026-10-10 07:00,-0.28,,,,,,backfill,
WL.NSG.01,2026-10-10 07:00,-2.00,,,,,,backfill,
WL.OAG.01,2026-10-10 07:00,-0.65,,,,,,backfill,
WL.ORC.01,2026-10-10 07:00,-1.34,-0.52,,,,,backfill,
WL.PKG.01,2026-10-10 07:00,1.70,,,,,,backfill,
WL.PKN.01,2026-10-10 07:00,-0.85,1.45,,,,,backfill,
WL.PLK.01,2026-10-10 07:00,0.85,,,,,,backfill,
WL.PLP.01,2026-10-10 07:00,-0.46,,,,,,backfill,
WL.PNM.01,2026-10-10 07:00,0.27,,,,,,backfill,
WL.PSC.01,2026-10-10 07:00,0.36,0.39,,,,,backfill,
WL.PSC.02,2026-10-10 07:00,0.35,,,,,,backfill,
WL.PSC.03,2026-10-10 07:00,0.36,,,,,,backfill,
WL.PSC.05,2026-10-10 07:00,0.47,,,,,,backfill,
WL.PSI.01,2026-10-10 07:00,-1.65,,,,,,backfill,
WL.PSR.01,2026-10-10 07:00,1.07,1.79,,,,,backfill,
WL.PSR.02,2026-10-10 07:00,1.10,,,,,,backfill,
WL.PSR.03,2026-10-10 07:00,1.08,,,,,,backfill,
WL.PSR.04,2026-10-10 07:00,0.74,,,,,,backfill,
WL.PSR.05,2026-10-10 07:00,0.77,,,,,,backfill,
WL.PSR.06,2026-10-10 07:00,,,,,,,backfill,
WL.PST.01,2026-10-10 07:00,-0.88,,,,,,backfill,
WL.PWT.01,2026-10-10 07:00,-0.55,,,,,,backfill,
WL.PWT.02,2026-10-10 07:00,-0.08,,,,,,backfill,
WL.PWT.03,2026-10-10 07:00,0.14,0.16,,,,,backfill,
WL.PWT.04,2026-10-10 07:00,0.48,0.52,,,,,backfill,
WL.PWT.05,2026-10-10 07:00,,,,,,,backfill,
WL.PWT.06,2026-10-10 07:00,0.91,,,,,,backfill,
WL.PWT.07,2026-10-10 07:00,0.89,,,,,,backfill,
WL.PYW.01,2026-10-10 07:00,-1.23,,,,,,backfill,
WL.RHN.01,2026-10-10 07:00,-0.23,-0.18,,,,,backfill,
WL.RJK.01,2026-10-10 07:00,0.29,0.30,,,,,backfill,
WL.RKC.01,2026-10-10 07:00,-1.16,,,,,,backfill,
WL.RMT.01,2026-10-10 07:00,-1.16,0.94,,,,,backfill,
WL.RMT.02,2026-10-10 07:00,-0.04,,,,,,backfill,
WL.RSK.01,2026-10-10 07:00,0.44,,,,,,backfill,
WL.SBR.01,2026-10-10 07:00,0.48,1.24,,,,,backfill,
WL.SBR.02,2026-10-10 07:00,0.45,,,,,,backfill,
WL.SBT.01,2026-10-10 07:00,-0.54,0.24,,,,,backfill,
WL.SCO.01,2026-10-10 07:00,0.20,,,,,,backfill,
WL.SDN.01,2026-10-10 07:00,0.23,,,,,,backfill,
WL.SKG.01,2026-10-10 07:00,,,,,,,backfill,
WL.SKT.01,2026-10-10 07:00,-0.84,,,,,,backfill,
WL.SKT.02,2026-10-10 07:00,-0.97,,,,,,backfill,
WL.SLL.01,2026-10-10 07:00,,,,,,,backfill,
WL.SMK.01,2026-10-10 07:00,-0.22,,,,,,backfill,
WL.SNC.01,2026-10-10 07:00,-0.26,1.07,,,,,backfill,
WL.SNC.02,2026-10-10 07:00,,,,,,,backfill,
WL.SNC.03,2026-10-10 07:00,0.13,,,,,,backfill,
WL.SNO.01,2026-10-10 07:00,-1.07,,,,,,backfill,
WL.SOL.01,2026-10-10 07:00,-0.67,,,,,,backfill,
WL.SRE.01,2026-10-10 07:00,0.18,1.59,,,,,backfill,
WL.SRG.01,2026-10-10 07:00,-0.62,1.35,,,,,backfill,
WL.SSB.01,2026-10-10 07:00,-0.62,,,,,,backfill,
WL.SSB.03,2026-10-10 07:00,-0.44,,,,,,backfill,
WL.SSB.04,2026-10-10 07:00,-0.56,-0.58,,,,,backfill,
WL.SSB.06,2026-10-10 07:00,-0.37,,,,,,backfill,
WL.SSB.07,2026-10-10 07:00,0.03,,,,,,backfill,
WL.SSB.08,2026-10-10 07:00,0.32,,,,,,backfill,
WL.SSB.10,2026-10-10 07:00,0.81,1.05,,,,,backfill,
WL.SSB.11,2026-10-10 07:00,1.21,,,,,,backfill,
WL.SSB.12,2026-10-10 07:00,1.22,1.50,,,,,backfill,
WL.SSG.01,2026-10-10 07:00,1.56,,,,,,backfill,
WL.SSM.01,2026-10-10 07:00,1.31,,,,,,backfill,
WL.SSN.01,2026-10-10 07:00,-1.01,1.86,,,,,backfill,
WL.SSN.02,2026-10-10 07:00,-1.11,,,,,,backfill,
WL.SSN.04,2026-10-10 07:00,-1.20,,,,,,backfill,
WL.SSN.06,2026-10-10 07:00,-1.77,,,,,,backfill,
WL.SSN.07,2026-10-10 07:00,-1.03,,,,,,backfill,
WL.SSN.08,2026-10-10 07:00,-0.62,-0.59,,,,,backfill,
WL.SSN.09,2026-10-10 07:00,-0.64,,,,,,backfill,
WL.SSN.10,2026-10-10 07:00,-0.62,,,,,,backfill,
WL.SST.01,2026-10-10 07:00,0.80,1.76,,,,,backfill,
WL.STN.01,2026-10-10 07:00,0.55,,,,,,backfill,
WL.STN.02,2026-10-10 07:00,0.61,,,,,,backfill,
WL.STN.03,2026-10-10 07:00,0.62,,,,,,backfill,
WL.STR.01,2026-10-10 07:00,-1.00,0.22,1.53,,,,backfill,
WL.SWA.01,2026-10-10 07:00,0.85,1.32,,,,,backfill,
WL.SWU.01,2026-10-10 07:00,-1.44,,,,,,backfill,
WL.TCG.01,2026-10-10 07:00,-0.95,,,,,,backfill,
WL.TPK.02,2026-10-10 07:00,,,,,,,backfill,
WL.TPK.03,2026-10-10 07:00,0.43,,,,,,backfill,
WL.TSK.01,2026-10-10 07:00,-1.81,,,,,,backfill,
WL.TTN.01,2026-10-10 07:00,-0.85,,,,,,backfill,
WL.TUT.02,2026-10-10 07:00,-0.40,,,,,,backfill,
WL.TWW.01,2026-10-10 07:00,0.47,1.19,,,,,backfill,
WL.TWW.02,2026-10-10 07:00,0.46,,,,,,backfill,
WL.TWW.03,2026-10-10 07:00,0.54,,,,,,backfill,
WL.TWW.04,2026-10-10 07:00,0.49,,,,,,backfill,
WL.TWW.05,2026-10-10 07:00,0.45,,,,,,backfill,
WL.VPD.01,2026-10-10 07:00,-1.01,,,,,,backfill,
WL.VPD.02,2026-10-10 07:00,-0.98,,,,,,backfill,
WL.VPD.03,2026-10-10 07:00,-1.31,,,,,,backfill,
WL.VPV.01,2026-10-10 07:00,-1.60,,,,,,backfill,
WL.WHK.01,2026-10-10 07:00,0.96,,,,,,backfill,
WL.WKT.01,2026-10-10 07:00,0.40,,,,,,backfill,
WL.WLS.01,2026-10-10 07:00,0.48,,,,,,backfill,
WL.WSI.01,2026-10-10 07:00,-1.75,1.45,,,,,backfill,
WL.WSV.01,2026-10-10 07:00,0.09,,,,,,backfill,
WL.WTK.01,2026-10-10 07:00,-0.63,,,,,,backfill,
WL.WTN.02,2026-10-10 07:00,-1.15,,,,,,backfill,
WL.YPE.01,2026-10-10 07:00,0.39,,,,,,backfill,
WL.YPN.01,2026-10-10 07:00,-0.93,,,,,,backfill,
WL.YPN.02,2026-10-10 07:00,-1.63,,,,,,backfill,
WL.YSN.02,2026-10-10 07:00,-1.01,,,,,,backfill,
WL.ANG.01,2026-10-10 07:10,0.93,,,,,,Normal,
WL.BBU.02,2026-10-10 07:10,0.43,,,,,,Normal,
WL.BKH.01,2026-10-10 07:10,0.11,,,,,,Normal,
WL.BMD.01,2026-10-10 07:10,0.51,,,,,,Normal,
WL.BNJ.05,2026-10-10 07:10,-0.8,,,,,,Normal,
WL.BPM.04,2026-10-10 07:10,0.39,,,,,,Normal,0.47
WL.BTL.02,2026-10-10 07:10,0.04,,,,,,Normal,
WL.CYI.02,2026-10-10 07:10,-0.59,,,,,,Normal,-0.54
WL.K08.01,2026-10-10 07:10,1.56,,,,,,Alert,
WL.K10.01,2026-10-10 07:10,1.63,,,,,,Alert,
WL.K11.01,2026-10-10 07:10,1.58,,,,,,Alert,
WL.KBP.01,2026-10-10 07:10,-0.45,,,,,,Normal,
WL.KHW.01,2026-10-10 07:10,1.71,,,,,,Normal,
WL.KKO.02,2026-10-10 07:10,1.56,,,,,,Alert,
WL.KPM.07,2026-10-10 07:10,0.64,,,,,,Alert,
WL.LPS.01,2026-10-10 07:10,0.78,,,,,,Normal,
WL.LPT.01,2026-10-10 07:10,1.21,,,,,,Critical,1.21
WL.LPT.05,2026-10-10 07:10,1.77,,,,,,Normal,
WL.LYW.02,2026-10-10 07:10,-1.45,,,,,,Normal,-1.44
WL.MKT.02,2026-10-10 07:10,-0.84,,,,,,Normal,
WL.NK3.02,2026-10-10 07:10,-0.66,,,,,,Normal,
WL.POC.01,2026-10-10 07:10,1.46,,,,,,Normal,
WL.PSC.06,2026-10-10 07:10,0.26,,,,,,Normal,
WL.RKC.01,2026-10-10 07:10,-1.19,,,,,,Normal,-1.13
WL.RPS.01,2026-10-10 07:10,2.0,,,,,,Alert,
WL.SSB.01,2026-10-10 07:10,-0.62,,,,,,Normal,-0.62
WL.SSB.04,2026-10-10 07:10,-0.57,-0.57,,7.5,7.5,,Normal,-0.55
WL.SSG.02,2026-10-10 07:10,1.55,,,,,,Alert,
WL.STN.01,2026-10-10 07:10,0.54,,,,,,Alert,0.55
WL.SWA.02,2026-10-10 07:10,1.43,,,,,,Normal,
WL.CKS.03,2026-10-10 07:14,-1.19,,,,,,Normal,-1.04
WL.AJP.01,2026-10-10 07:15,-1.16,,,,,,Normal,-1.16
WL.ANX.01,2026-10-10 07:15,-0.02,,,,,,Normal,0.02
WL.BAM.01,2026-10-10 07:15,0.23,,,,,,Normal,0.23
WL.BBN.02,2026-10-10 07:15,0.27,,,,,,Normal,0.39
WL.BBN.03,2026-10-10 07:15,0.48,,,,,,Alert,0.55
WL.BBR.01,2026-10-10 07:15,0.04,,,,,,Normal,0.1
WL.BBR.02,2026-10-10 07:15,0.01,,,,,,Normal,0.06
WL.BBU.01,2026-10-10 07:15,0.37,,,,,,Normal,0.45
WL.BCN.01,2026-10-10 07:15,0.42,,,,,,Normal,0.46
WL.BCN.02,2026-10-10 07:15,0.44,,,,,,Normal,0.46
WL.BCN.03,2026-10-10 07:15,0.45,,,,,,Normal,0.52
WL.BJK.01,2026-10-10 07:15,-1.57,1.25,,0.0,0.0,,Normal,-1.54
WL.BJK.02,2026-10-10 07:15,0.46,,,,,,Normal,0.49
WL.BJK.03,2026-10-10 07:15,0.43,,,,,,Normal,0.46
WL.BJK.04,2026-10-10 07:15,0.5,,,,,,Normal,0.52
WL.BKA.01,2026-10-10 07:15,-1.57,2.01,,1.73,1.75,0.0,Normal,-1.1
WL.BKA.02,2026-10-10 07:15,-0.88,,,,,,Normal,-0.77
WL.BKA.03,2026-10-10 07:15,-0.44,,,,,,Normal,-0.37
WL.BKA.04,2026-10-10 07:15,0.03,,,,,,Normal,0.1
WL.BKB.01,2026-10-10 07:15,-0.32,,,,,,Normal,-0.32
WL.BKG.01,2026-10-10 07:15,0.65,-2.0,,0.0,,,Critical,0.67
WL.BKK.01,2026-10-10 07:15,0.44,,,,,,Normal,
WL.BKT.01,2026-10-10 07:15,-0.77,,,,,,Normal,-0.77
WL.BKY.01,2026-10-10 07:15,0.33,1.75,,6.34,0.0,0.0,Normal,0.41
WL.BKY.02,2026-10-10 07:15,0.39,,,,,,Normal,0.44
WL.BLP.02,2026-10-10 07:15,-0.6,,,,,,Normal,-0.6
WL.BLY.01,2026-10-10 07:15,-0.5,,,,,,Normal,-0.49
WL.BLY.02,2026-10-10 07:15,-0.57,,,,,,Normal,-0.57
WL.BMA.02,2026-10-10 07:15,-0.04,,,,,,Normal,-0.03
WL.BMK.01,2026-10-10 07:15,-1.47,,,,,,Normal,-1.0
WL.BNA.01,2026-10-10 07:15,-1.71,1.16,,0.0,0.0,,Normal,-1.34
WL.BNA.03,2026-10-10 07:15,-0.68,,,,,,Normal,-0.65
WL.BNA.04,2026-10-10 07:15,-0.58,,,,,,Normal,-0.55
WL.BNJ.04,2026-10-10 07:15,-0.89,,,,,,Normal,-0.89
WL.BNS.01,2026-10-10 07:15,0.34,,,,,,Normal,0.4
WL.BOA.01,2026-10-10 07:15,-1.46,1.3,,0.0,0.0,,Normal,-1.46
WL.BOA.02,2026-10-10 07:15,-1.51,,,,,,Normal,-1.49
WL.BOA.03,2026-10-10 07:15,-1.47,,,,,,Normal,-1.47
WL.BPA.01,2026-10-10 07:15,-0.63,,,,,,Normal,-0.62
WL.BPK.01,2026-10-10 07:15,0.19,,,,,,Normal,0.21
WL.BPM.01,2026-10-10 07:15,0.32,,,,,,Normal,0.32
WL.BPM.02,2026-10-10 07:15,0.4,,,,,,Normal,0.41
WL.BPM.03,2026-10-10 07:15,0.51,,,,,,Normal,0.56
WL.BPN.02,2026-10-10 07:15,0.31,,,,,,Normal,0.41
WL.BPU.01,2026-10-10 07:15,0.5,,,,,,Normal,1.18
WL.BSE.01,2026-10-10 07:15,-1.56,,,,,,Normal,
WL.BSK.01,2026-10-10 07:15,0.11,1.49,,0.0,0.0,,Normal,0.47
WL.BSU.01,2026-10-10 07:15,-0.91,1.97,,0.0,0.0,0.0,Normal,-0.76
WL.BSU.02,2026-10-10 07:15,-0.82,,,,,,Normal,-0.74
WL.BSU.03,2026-10-10 07:15,-1.23,,,,,,Normal,-1.17
WL.BSU.04,2026-10-10 07:15,-1.13,,,,,,Normal,-1.09
WL.BSU.05,2026-10-10 07:15,-1.05,,,,,,Normal,-1.03
WL.BSU.07,2026-10-10 07:15,-0.55,,,,,,Normal,-0.47
WL.BTL.01,2026-10-10 07:15,-0.63,,,,,,Normal,-0.62
WL.BTY.01,2026-10-10 07:15,0.24,,,,,,Normal,0.31
WL.BWK.01,2026-10-10 07:15,0.36,,,,,,Normal,0.4
WL.BWK.02,2026-10-10 07:15,0.55,,,,,,Normal,0.58
WL.BWK.03,2026-10-10 07:15,0.46,,,,,,Normal,0.54
WL.BYI.01,2026-10-10 07:15,1.0,,,,,,Critical,1.0
WL.BYK.02,2026-10-10 07:15,0.29,,,,,,Normal,0.29
WL.CKS.01,2026-10-10 07:15,-1.41,,,0.0,0.0,,Normal,-1.23
WL.CKS.02,2026-10-10 07:15,-1.06,,,,,,Normal,-0.93
WL.CLH.01,2026-10-10 07:15,-0.42,,,,,,Normal,
WL.CNS.01,2026-10-10 07:15,-1.78,1.29,,0.0,0.0,,Normal,-0.97
WL.CPA.01,2026-10-10 07:15,0.32,1.76,,1.07,3.52,,Normal,0.33
WL.CPA.02,2026-10-10 07:15,0.33,,,,,,Normal,0.39
WL.CYI.01,2026-10-10 07:15,-0.6,,,,,,Normal,-0.56
WL.CYI.03,2026-10-10 07:15,-0.51,,,,,,Normal,-0.48
WL.DKN.01,2026-10-10 07:15,0.32,1.47,,0.0,3.85,0.0,Normal,0.34
WL.FTM.01,2026-10-10 07:15,-1.55,,,,,,Normal,-1.04
WL.HKG.01,2026-10-10 07:15,-0.77,,,,,,Normal,-0.71
WL.HKG.02,2026-10-10 07:15,-0.72,,,,,,Normal,0.0
WL.HMK.01,2026-10-10 07:15,-0.18,,,,,,Alert,-0.15
WL.HMK.02,2026-10-10 07:15,-0.39,,,,,,Normal,-0.33
WL.HMK.03,2026-10-10 07:15,-0.14,,,,,,Normal,-0.11
WL.JRN.01,2026-10-10 07:15,0.32,1.4,,0.0,,,Normal,0.32
WL.KBU.01,2026-10-10 07:15,0.44,1.64,,0.0,,,Normal,0.46
WL.KBU.02,2026-10-10 07:15,0.44,,,,,,Normal,0.45
WL.KCD.01,2026-10-10 07:15,-1.05,,,,,,Normal,-1.0
WL.KDN.01,2026-10-10 07:15,-0.66,1.32,,0.0,,,Normal,-0.56
WL.KJA.01,2026-10-10 07:15,-0.75,,,,,,Normal,-0.75
WL.KJA.02,2026-10-10 07:15,-0.35,,,,,,Normal,-0.34
WL.KJG.01,2026-10-10 07:15,-0.44,,,,,,Normal,-0.43
WL.KJK.01,2026-10-10 07:15,-1.37,1.26,,0.0,0.0,,Normal,-1.21
WL.KJK.02,2026-10-10 07:15,-1.32,,,,,,Normal,-1.15
WL.KJN.02,2026-10-10 07:15,-0.13,,,,,,Normal,-0.11
WL.KJT.01,2026-10-10 07:15,-1.22,,,,,,Normal,-1.12
WL.KJU.01,2026-10-10 07:15,-0.62,,,,,,Normal,-0.39
WL.KKD.01,2026-10-10 07:15,-0.51,,,,,,Normal,-0.51
WL.KKD.02,2026-10-10 07:15,-0.63,,,,,,Normal,-0.62
WL.KKO.01,2026-10-10 07:15,1.61,,,,,,Alert,1.62
WL.KKS.01,2026-10-10 07:15,-0.61,1.79,,0.0,0.0,,Normal,-0.59
WL.KKS.02,2026-10-10 07:15,-0.56,,,,,,Normal,-0.56
WL.KKS.03,2026-10-10 07:15,-0.68,,,,,,Normal,-0.67
WL.KKS.04,2026-10-10 07:15,-0.65,1.5,,0.0,,,Normal,-0.63
WL.KKY.01,2026-10-10 07:15,0.44,,,,,,Normal,0.51
WL.KKY.02,2026-10-10 07:15,0.48,,,,,,Normal,0.54
WL.KLA.01,2026-10-10 07:15,-0.31,,,,,,Normal,-0.31
WL.KLD.01,2026-10-10 07:15,-0.42,,,,,,Normal,-0.18
WL.KLD.02,2026-10-10 07:15,-0.36,,,,,,Normal,-0.1
WL.KLT.01,2026-10-10 07:15,-0.67,,,,,,Normal,-0.66
WL.KMN.01,2026-10-10 07:15,0.27,1.69,,0.31,5.83,0.0,Normal,0.38
WL.KNB.02,2026-10-10 07:15,-0.44,,,,,,Normal,-0.41
WL.KPG.01,2026-10-10 07:15,-1.24,,,,,,Normal,-1.09
WL.KPM.01,2026-10-10 07:15,-0.37,,,,,,Normal,-0.32
WL.KPM.03,2026-10-10 07:15,-0.17,,,,,,Normal,-0.11
WL.KPM.05,2026-10-10 07:15,0.48,,,,,,Normal,0.48
WL.KPM.06,2026-10-10 07:15,0.54,,,,,,Normal,0.54
WL.KPM.08,2026-10-10 07:15,0.41,,,,,,Normal,0.43
WL.KSG.01,2026-10-10 07:15,0.67,,,,,,Normal,0.7
WL.KSI.01,2026-10-10 07:15,0.77,,,,,,Normal,0.78
WL.KSI.02,2026-10-10 07:15,0.79,,,,,,Critical,0.8
WL.KSK.01,2026-10-10 07:15,-0.65,,,,,,Normal,-0.65
WL.KSM.01,2026-10-10 07:15,0.78,,,,,,Critical,0.8
WL.KSM.02,2026-10-10 07:15,0.72,,,,,,Critical,0.74
WL.KSO.01,2026-10-10 07:15,0.51,,,,,,Normal,0.6
WL.KSO.02,2026-10-10 07:15,0.51,,,,,,Normal,0.6
WL.KTY.01,2026-10-10 07:15,-1.58,1.25,,0.0,,,Normal,-1.58
WL.LBK.02,2026-10-10 07:15,0.52,,,,,,Critical,0.53
WL.LBK.03,2026-10-10 07:15,0.41,,,,,,Critical,0.43
WL.LCL.01,2026-10-10 07:15,0.61,,,,,,Normal,0.63
WL.LKB.01,2026-10-10 07:15,0.64,,,,,,Critical,0.67
WL.LOA.02,2026-10-10 07:15,0.69,,,,,,Normal,0.71
WL.LPC.01,2026-10-10 07:15,1.09,,,,,,Critical,1.1
WL.LPG.02,2026-10-10 07:15,0.99,1.75,,0.0,,,Critical,0.99
WL.LPG.03,2026-10-10 07:15,0.93,,,,,,Critical,0.94
WL.LPN.01,2026-10-10 07:15,-0.73,1.0,,0.01,,,Alert,-0.63
WL.LPP.01,2026-10-10 07:15,-1.42,,,,,,Normal,-1.35
WL.LPP.02,2026-10-10 07:15,-0.75,,,,,,Normal,
WL.LPT.03,2026-10-10 07:15,0.86,,,,,,Critical,0.87
WL.LPW.01,2026-10-10 07:15,-0.3,-0.34,,0.0,,,Normal,-0.25
WL.LPW.03,2026-10-10 07:15,0.14,,,,,,Normal,0.23
WL.LPW.05,2026-10-10 07:15,-0.58,,,,,,Normal,-0.58
WL.LSM.01,2026-10-10 07:15,-0.66,,,,,,Normal,-0.64
WL.MCM.01,2026-10-10 07:15,0.37,,,,,,Normal,0.44
WL.MFS.01,2026-10-10 07:15,-0.71,,,,,,Normal,-0.68
WL.MKT.01,2026-10-10 07:15,-0.35,,,,,,Normal,-0.31
WL.MSW.01,2026-10-10 07:15,1.71,,,,,,Normal,1.72
WL.MSW.02,2026-10-10 07:15,1.21,,,,,,Normal,1.25
WL.MSW.03,2026-10-10 07:15,1.67,,,,,,Normal,1.67
WL.MSW.04,2026-10-10 07:15,1.07,,,,,,Normal,
WL.MTG.01,2026-10-10 07:15,-0.66,,,,,,Normal,-0.66
WL.NBN.01,2026-10-10 07:15,-4.09,-1.16,,0.0,,,Normal,-3.94
WL.NCH.02,2026-10-10 07:15,-0.97,,,,,,Normal,-0.33
WL.NK1.01,2026-10-10 07:15,-0.93,,,,,,Normal,0.02
WL.NK3.01,2026-10-10 07:15,-0.32,,,,,,Normal,-0.12
WL.NKW.02,2026-10-10 07:15,-0.28,,,,,,Normal,-0.23
WL.NSG.01,2026-10-10 07:15,-2.0,,,,,,Normal,-2.0
WL.OAG.01,2026-10-10 07:15,-0.65,,,,,,Normal,-0.64
WL.ORC.01,2026-10-10 07:15,-1.34,-0.51,,0.0,,,Normal,-1.34
WL.PKG.01,2026-10-10 07:15,1.65,,,,,,Normal,1.77
WL.PKN.01,2026-10-10 07:15,-0.84,1.37,,0.0,0.0,0.0,Normal,-0.79
WL.PLK.01,2026-10-10 07:15,0.78,,,,,,Normal,1.18
WL.PLP.01,2026-10-10 07:15,-0.46,,,,,,Normal,-0.43
WL.PNM.01,2026-10-10 07:15,0.27,,,,,,Alert,0.3
WL.PSC.01,2026-10-10 07:15,0.35,0.39,,0.0,0.0,0.0,Normal,0.41
WL.PSC.02,2026-10-10 07:15,0.35,,,,,,Normal,0.38
WL.PSC.03,2026-10-10 07:15,0.36,,,,,,Normal,0.38
WL.PSC.05,2026-10-10 07:15,0.45,,,,,,Normal,0.47
WL.PSI.01,2026-10-10 07:15,-1.63,,,,,,Normal,-1.16
WL.PSR.01,2026-10-10 07:15,1.07,1.79,,0.2,,,Alert,1.09
WL.PSR.02,2026-10-10 07:15,1.1,,,,,,Alert,1.13
WL.PSR.03,2026-10-10 07:15,1.08,,,,,,Alert,1.1
WL.PSR.04,2026-10-10 07:15,0.74,,,,,,Normal,0.75
WL.PSR.05,2026-10-10 07:15,0.77,,,,,,Alert,0.78
WL.PST.01,2026-10-10 07:15,-0.88,,,,,,Normal,-0.88
WL.PWT.01,2026-10-10 07:15,-0.56,,,,,,Normal,-0.55
WL.PWT.02,2026-10-10 07:15,-0.08,,,,,,Normal,-0.06
WL.PWT.03,2026-10-10 07:15,0.14,0.16,,5.84,5.9,,Normal,0.18
WL.PWT.04,2026-10-10 07:15,0.48,0.52,,4.94,,,Alert,0.51
WL.PWT.06,2026-10-10 07:15,0.91,,,,,,Critical,0.92
WL.PWT.07,2026-10-10 07:15,0.89,,,,,,Critical,0.9
WL.PYW.01,2026-10-10 07:15,-1.33,,,,,,Normal,-0.54
WL.RHN.01,2026-10-10 07:15,-0.24,-0.18,,0.0,,,Normal,-0.06
WL.RJK.01,2026-10-10 07:15,0.3,0.3,,7.5,,,Normal,0.31
WL.RMN.01,2026-10-10 07:15,0.52,,,,,,Normal,
WL.RMT.01,2026-10-10 07:15,-1.15,0.95,,0.0,0.0,,Normal,-0.58
WL.RMT.02,2026-10-10 07:15,-0.05,,,,,,Normal,0.1
WL.RMT.03,2026-10-10 07:15,-2.0,,,,,,Normal,-2.0
WL.RSK.01,2026-10-10 07:15,0.45,,,,,,Normal,0.46
WL.SBR.01,2026-10-10 07:15,0.48,1.24,,0.0,,,Normal,0.57
WL.SBR.02,2026-10-10 07:15,0.45,,,,,,Normal,0.53
WL.SBT.01,2026-10-10 07:15,-0.38,0.21,,0.0,,,Normal,0.09
WL.SCO.01,2026-10-10 07:15,0.21,,,,,,Normal,0.21
WL.SDN.01,2026-10-10 07:15,0.23,,,,,,Normal,0.23
WL.SKT.01,2026-10-10 07:15,-0.84,,,,,,Normal,-0.68
WL.SKT.02,2026-10-10 07:15,-1.08,,,,,,Normal,-0.72
WL.SMK.01,2026-10-10 07:15,-0.22,,,,,,Normal,-0.22
WL.SNC.01,2026-10-10 07:15,-0.19,1.04,,0.0,0.0,0.0,Alert,-0.14
WL.SNC.02,2026-10-10 07:15,0.34,,,,,,Normal,0.38
WL.SNC.03,2026-10-10 07:15,0.12,,,,,,Normal,0.15
WL.SNO.01,2026-10-10 07:15,-1.07,,,,,,Normal,-1.03
WL.SOL.01,2026-10-10 07:15,-0.67,,,,,,Normal,-0.67
WL.SRE.01,2026-10-10 07:15,-0.04,1.54,,0.0,0.0,,Normal,0.18
WL.SRG.01,2026-10-10 07:15,-0.63,1.32,,0.0,0.0,0.0,Normal,-0.62
WL.SSB.03,2026-10-10 07:15,-0.41,,,,,,Normal,-0.41
WL.SSB.06,2026-10-10 07:15,-0.4,,,,,,Normal,-0.37
WL.SSB.07,2026-10-10 07:15,0.03,,,,,,Normal,0.05
WL.SSB.08,2026-10-10 07:15,0.33,,,,,,Normal,0.33
WL.SSB.09,2026-10-10 07:15,0.55,1.1,,0.0,,,Critical,0.57
WL.SSB.10,2026-10-10 07:15,0.81,1.05,,3.64,,,Critical,0.83
WL.SSB.11,2026-10-10 07:15,1.21,,,,,,Critical,1.22
WL.SSB.12,2026-10-10 07:15,1.22,1.5,,0.0,,,Critical,1.22
WL.SSB.13,2026-10-10 07:15,1.89,,,,,,Critical,
WL.SSG.01,2026-10-10 07:15,1.56,,,,,,Alert,1.57
WL.SSM.01,2026-10-10 07:15,1.31,-99,,0.0,,,Critical,1.32
WL.SSM.02,2026-10-10 07:15,1.56,,,,,,Normal,
WL.SSN.01,2026-10-10 07:15,-1.02,1.85,,7.0,0.0,0.0,Normal,-1.01
WL.SSN.02,2026-10-10 07:15,-1.1,,,,,,Normal,-1.1
WL.SSN.04,2026-10-10 07:15,-1.21,,,,,,Normal,-1.2
WL.SSN.06,2026-10-10 07:15,-1.77,,,,,,Normal,-1.77
WL.SSN.07,2026-10-10 07:15,-1.01,,,,,,Normal,-0.97
WL.SSN.08,2026-10-10 07:15,-0.61,-0.59,,0.0,,,Normal,-0.61
WL.SSN.09,2026-10-10 07:15,-0.63,,,,,,Normal,-0.63
WL.SSN.10,2026-10-10 07:15,-0.61,,,,,,Normal,-0.61
WL.SST.01,2026-10-10 07:15,0.8,1.76,,0.32,,,Alert,0.83
WL.STN.02,2026-10-10 07:15,0.61,,,,,,Critical,0.62
WL.STN.03,2026-10-10 07:15,0.62,,,,,,Critical,0.64
WL.STR.01,2026-10-10 07:15,-1.0,0.22,1.47,0.0,0.0,0.0,Normal,-0.91
WL.SWA.01,2026-10-10 07:15,0.85,1.32,,0.43,,,Critical,0.85
WL.SWU.01,2026-10-10 07:15,-1.55,,,,,,Normal,-1.12
WL.TCG.01,2026-10-10 07:15,-0.95,,,,,,Normal,-0.95
WL.TPK.03,2026-10-10 07:15,0.43,,,,,,Critical,0.45
WL.TSK.01,2026-10-10 07:15,-1.81,,,,,,Normal,-1.39
WL.TTN.01,2026-10-10 07:15,-0.85,,,,,,Normal,-0.82
WL.TUT.02,2026-10-10 07:15,-0.39,,,,,,Normal,-0.39
WL.TWW.01,2026-10-10 07:15,0.63,1.1,,1.0,,,Normal,0.63
WL.TWW.02,2026-10-10 07:15,0.58,,,,,,Normal,0.58
WL.TWW.03,2026-10-10 07:15,0.54,,,,,,Normal,0.62
WL.TWW.04,2026-10-10 07:15,0.48,,,,,,Normal,0.57
WL.TWW.05,2026-10-10 07:15,0.45,,,,,,Normal,0.49
WL.VPD.01,2026-10-10 07:15,-1.02,,,,,,Normal,-0.94
WL.VPD.02,2026-10-10 07:15,-0.98,,,,,,Normal,-0.91
WL.VPD.03,2026-10-10 07:15,-1.31,,,,,,Normal,-1.29
WL.VPV.01,2026-10-10 07:15,-1.86,,,0.0,,,Normal,-1.39
WL.WHK.01,2026-10-10 07:15,0.97,,,,,,Alert,0.97
WL.WKT.01,2026-10-10 07:15,0.4,,,,,,Normal,0.4
WL.WLS.01,2026-10-10 07:15,0.48,,,,,,Normal,0.55
WL.WSI.01,2026-10-10 07:15,-1.49,1.42,,0.0,0.0,0.0,Normal,-0.5
WL.WSV.01,2026-10-10 07:15,0.09,,,,,,Normal,0.14
WL.WTK.01,2026-10-10 07:15,-0.71,,,,,,Normal,-0.46
WL.YPE.01,2026-10-10 07:15,0.38,,,,,,Normal,0.41
WL.YPN.01,2026-10-10 07:15,-0.94,,,,,,Normal,-0.79
WL.YPN.02,2026-10-10 07:15,-1.64,,,,,,Normal,-0.84
WL.YSN.02,2026-10-10 07:15,-1.0,,,,,,Normal,-0.91
WL.BBN.01,2026-10-10 07:25,0.04,,,,,,out of order,0.09
WL.KPM.04,2026-10-10 07:25,0.36,,,,,,Normal,0.4
WL.KKD.04,2026-10-10 07:35,-0.59,,,,,,Normal,-0.58
WL.BBN.01,2026-10-10 07:50,0.04,,,,,,out of order,0.09
WL.AJP.01,2026-10-10 08:00,-0.55,,,,,,backfill,
WL.ANX.01,2026-10-10 08:00,-0.02,,,,,,backfill,
WL.BAM.01,2026-10-10 08:00,0.23,,,,,,backfill,
WL.BBN.01,2026-10-10 08:00,,,,,,,backfill,
WL.BBN.02,2026-10-10 08:00,0.26,,,,,,backfill,
WL.BBN.03,2026-10-10 08:00,0.48,,,,,,backfill,
WL.BBR.01,2026-10-10 08:00,0.17,,,,,,backfill,
WL.BBR.02,2026-10-10 08:00,0.11,,,,,,backfill,
WL.BBU.01,2026-10-10 08:00,0.38,,,,,,backfill,
WL.BCN.01,2026-10-10 08:00,0.42,,,,,,backfill,
WL.BCN.02,2026-10-10 08:00,0.44,,,,,,backfill,
WL.BCN.03,2026-10-10 08:00,0.43,,,,,,backfill,
WL.BJK.01,2026-10-10 08:00,-1.47,0.99,,,,,backfill,
WL.BJK.02,2026-10-10 08:00,0.46,,,,,,backfill,
WL.BJK.03,2026-10-10 08:00,0.42,,,,,,backfill,
WL.BJK.04,2026-10-10 08:00,0.49,,,,,,backfill,
WL.BKA.01,2026-10-10 08:00,-1.67,1.95,,,,,backfill,
WL.BKA.02,2026-10-10 08:00,-0.88,,,,,,backfill,
WL.BKA.03,2026-10-10 08:00,-0.44,,,,,,backfill,
WL.BKA.04,2026-10-10 08:00,0.02,,,,,,backfill,
WL.BKB.01,2026-10-10 08:00,-0.32,,,,,,backfill,
WL.BKG.01,2026-10-10 08:00,0.65,-2.00,,,,,backfill,
WL.BKT.01,2026-10-10 08:00,-0.81,,,,,,backfill,
WL.BKY.01,2026-10-10 08:00,0.35,1.62,,,,,backfill,
WL.BKY.02,2026-10-10 08:00,0.39,,,,,,backfill,
WL.BLP.02,2026-10-10 08:00,-0.59,,,,,,backfill,
WL.BLY.01,2026-10-10 08:00,-0.50,,,,,,backfill,
WL.BLY.02,2026-10-10 08:00,-0.57,,,,,,backfill,
WL.BMA.02,2026-10-10 08:00,-0.02,,,,,,backfill,
WL.BMK.01,2026-10-10 08:00,-1.57,,,,,,backfill,
WL.BNA.01,2026-10-10 08:00,-1.72,0.91,,,,,backfill,
WL.BNA.02,2026-10-10 08:00,,,,,,,backfill,
WL.BNA.03,2026-10-10 08:00,-0.68,,,,,,backfill,
WL.BNA.04,2026-10-10 08:00,-0.59,,,,,,backfill,
WL.BNJ.01,2026-10-10 08:00,-0.88,,,,,,backfill,
WL.BNJ.02,2026-10-10 08:00,,,,,,,backfill,
WL.BNJ.03,2026-10-10 08:00,,,,,,,backfill,
WL.BNJ.04,2026-10-10 08:00,-1.07,,,,,,backfill,
WL.BNS.01,2026-10-10 08:00,0.33,,,,,,backfill,
WL.BOA.01,2026-10-10 08:00,-1.20,1.04,,,,,backfill,
WL.BOA.02,2026-10-10 08:00,-1.14,,,,,,backfill,
WL.BOA.03,2026-10-10 08:00,-1.26,,,,,,backfill,
WL.BON.01,2026-10-10 08:00,,,,,,,backfill,
WL.BPA.01,2026-10-10 08:00,-0.62,,,,,,backfill,
WL.BPK.01,2026-10-10 08:00,0.21,,,,,,backfill,
WL.BPM.01,2026-10-10 08:00,0.30,,,,,,backfill,
WL.BPM.02,2026-10-10 08:00,0.39,,,,,,backfill,
WL.BPM.03,2026-10-10 08:00,0.51,,,,,,backfill,
WL.BPM.04,2026-10-10 08:00,0.42,,,,,,backfill,
WL.BPN.02,2026-10-10 08:00,0.31,,,,,,backfill,
WL.BPU.01,2026-10-10 08:00,0.17,,,,,,backfill,
WL.BSK.01,2026-10-10 08:00,0.23,1.34,,,,,backfill,
WL.BSU.01,2026-10-10 08:00,-0.91,1.91,,,,,backfill,
WL.BSU.02,2026-10-10 08:00,-0.82,,,,,,backfill,
WL.BSU.03,2026-10-10 08:00,-1.19,,,,,,backfill,
WL.BSU.04,2026-10-10 08:00,-1.13,,,,,,backfill,
WL.BSU.05,2026-10-10 08:00,-1.10,,,,,,backfill,
WL.BSU.06,2026-10-10 08:00,,,,,,,backfill,
WL.BSU.07,2026-10-10 08:00,-0.57,,,,,,backfill,
WL.BTL.01,2026-10-10 08:00,-0.62,,,,,,backfill,
WL.BTY.01,2026-10-10 08:00,0.26,,,,,,backfill,
WL.BWK.01,2026-10-10 08:00,0.35,,,,,,backfill,
WL.BWK.02,2026-10-10 08:00,0.55,,,,,,backfill,
WL.BWK.03,2026-10-10 08:00,0.49,,,,,,backfill,
WL.BYI.01,2026-10-10 08:00,1.00,,,,,,backfill,
WL.BYK.01,2026-10-10 08:00,,,,,,,backfill,
WL.BYK.02,2026-10-10 08:00,0.19,,,,,,backfill,
WL.CKS.01,2026-10-10 08:00,-1.39,,,,,,backfill,
WL.CKS.02,2026-10-10 08:00,-1.09,,,,,,backfill,
WL.CKS.03,2026-10-10 08:00,-1.21,,,,,,backfill,
WL.CNS.01,2026-10-10 08:00,-2.12,1.08,,,,,backfill,
WL.CPA.01,2026-10-10 08:00,0.30,1.70,,,,,backfill,
WL.CPA.02,2026-10-10 08:00,0.33,,,,,,backfill,
WL.CYI.01,2026-10-10 08:00,-0.59,,,,,,backfill,
WL.CYI.02,2026-10-10 08:00,-0.57,,,,,,backfill,
WL.CYI.03,2026-10-10 08:00,-0.49,,,,,,backfill,
WL.DKN.01,2026-10-10 08:00,0.25,1.37,,,,,backfill,
WL.FTM.01,2026-10-10 08:00,-1.42,,,,,,backfill,
WL.HKG.01,2026-10-10 08:00,-0.76,,,,,,temporarily out of order,-0.71
WL.HKG.02,2026-10-10 08:00,-0.70,,,,,,backfill,
WL.HMK.01,2026-10-10 08:00,-0.19,,,,,,backfill,
WL.HMK.02,2026-10-10 08:00,-0.38,,,,,,backfill,
WL.HMK.03,2026-10-10 08:00,-0.13,,,,,,backfill,
WL.JKK.01,2026-10-10 08:00,,,,,,,backfill,
WL.JRN.01,2026-10-10 08:00,0.32,1.22,,,,,backfill,
WL.KBU.01,2026-10-10 08:00,0.44,1.63,,,,,backfill,
WL.KBU.02,2026-10-10 08:00,0.43,,,,,,backfill,
WL.KCD.01,2026-10-10 08:00,-1.05,,,,,,backfill,
WL.KDN.01,2026-10-10 08:00,-0.64,1.12,,,,,backfill,
WL.KJA.01,2026-10-10 08:00,-0.74,,,,,,backfill,
WL.KJA.02,2026-10-10 08:00,-0.35,,,,,,backfill,
WL.KJG.01,2026-10-10 08:00,-0.64,,,,,,backfill,
WL.KJK.01,2026-10-10 08:00,-1.31,1.01,,,,,backfill,
WL.KJK.02,2026-10-10 08:00,-1.26,,,,,,backfill,
WL.KJN.01,2026-10-10 08:00,-2.00,,,,,,backfill,
WL.KJN.02,2026-10-10 08:00,-0.12,,,,,,backfill,
WL.KJT.01,2026-10-10 08:00,-1.19,,,,,,backfill,
WL.KJU.01,2026-10-10 08:00,-0.48,,,,,,backfill,
WL.KKD.01,2026-10-10 08:00,-0.51,,,,,,backfill,
WL.KKD.02,2026-10-10 08:00,-0.62,,,,,,backfill,
WL.KKD.03,2026-10-10 08:00,,,,,,,backfill,
WL.KKD.04,2026-10-10 08:00,-0.59,,,,,,backfill,
WL.KKO.01,2026-10-10 08:00,1.61,,,,,,backfill,
WL.KKS.01,2026-10-10 08:00,-0.57,1.71,,,,,backfill,
WL.KKS.02,2026-10-10 08:00,-0.54,,,,,,backfill,
WL.KKS.03,2026-10-10 08:00,-0.68,,,,,,backfill,
WL.KKS.04,2026-10-10 08:00,-0.68,1.47,,,,,backfill,
WL.KKY.01,2026-10-10 08:00,0.44,,,,,,backfill,
WL.KKY.02,2026-10-10 08:00,0.48,,,,,,backfill,
WL.KLA.01,2026-10-10 08:00,-0.30,,,,,,backfill,
WL.KLD.01,2026-10-10 08:00,-0.46,,,,,,backfill,
WL.KLD.02,2026-10-10 08:00,,,,,,,backfill,
WL.KLT.01,2026-10-10 08:00,-0.66,,,,,,backfill,
WL.KMN.01,2026-10-10 08:00,0.29,1.54,,,,,backfill,
WL.KNB.01,2026-10-10 08:00,-0.84,,,,,,backfill,
WL.KNB.02,2026-10-10 08:00,-0.44,,,,,,backfill,
WL.KPG.01,2026-10-10 08:00,-1.38,,,,,,backfill,
WL.KPM.01,2026-10-10 08:00,-0.35,,,,,,backfill,
WL.KPM.03,2026-10-10 08:00,-0.16,,,,,,backfill,
WL.KPM.04,2026-10-10 08:00,0.37,,,,,,backfill,
WL.KPM.05,2026-10-10 08:00,0.49,,,,,,backfill,
WL.KPM.06,2026-10-10 08:00,0.50,,,,,,backfill,
WL.KPM.08,2026-10-10 08:00,0.45,,,,,,backfill,
WL.KPM.09,2026-10-10 08:00,,,,,,,backfill,
WL.KSG.01,2026-10-10 08:00,0.67,,,,,,backfill,
WL.KSI.01,2026-10-10 08:00,0.77,,,,,,backfill,
WL.KSI.02,2026-10-10 08:00,0.79,,,,,,backfill,
WL.KSK.01,2026-10-10 08:00,-0.65,,,,,,backfill,
WL.KSM.01,2026-10-10 08:00,0.78,,,,,,backfill,
WL.KSM.02,2026-10-10 08:00,0.72,,,,,,backfill,
WL.KSO.01,2026-10-10 08:00,0.59,,,,,,backfill,
WL.KSO.02,2026-10-10 08:00,0.61,,,,,,backfill,
WL.KT4.01,2026-10-10 08:00,0.48,,,,,,backfill,
WL.KTY.01,2026-10-10 08:00,-1.56,1.02,,,,,backfill,
WL.LBK.02,2026-10-10 08:00,0.52,,,,,,backfill,
WL.LBK.03,2026-10-10 08:00,0.41,,,,,,backfill,
WL.LCL.01,2026-10-10 08:00,0.61,,,,,,backfill,
WL.LCL.02,2026-10-10 08:00,0.37,,,,,,backfill,
WL.LKB.01,2026-10-10 08:00,0.64,,,,,,backfill,
WL.LOA.01,2026-10-10 08:00,0.66,,,,,,backfill,
WL.LOA.02,2026-10-10 08:00,0.69,,,,,,backfill,
WL.LPC.01,2026-10-10 08:00,1.09,,,,,,backfill,
WL.LPG.02,2026-10-10 08:00,0.99,1.75,,,,,backfill,
WL.LPG.03,2026-10-10 08:00,0.93,,,,,,backfill,
WL.LPI.02,2026-10-10 08:00,-1.00,,,,,,backfill,
WL.LPN.01,2026-10-10 08:00,-0.71,0.95,,,,,backfill,
WL.LPP.01,2026-10-10 08:00,-1.44,,,,,,backfill,
WL.LPT.01,2026-10-10 08:00,1.21,,,,,,backfill,
WL.LPT.03,2026-10-10 08:00,0.85,,,,,,backfill,
WL.LPW.01,2026-10-10 08:00,-0.32,-0.36,,,,,backfill,
WL.LPW.03,2026-10-10 08:00,0.14,,,,,,backfill,
WL.LPW.04,2026-10-10 08:00,-0.49,,,,,,backfill,
WL.LPW.05,2026-10-10 08:00,-0.56,,,,,,backfill,
WL.LSG.01,2026-10-10 08:00,,,,,,,backfill,
WL.LSM.01,2026-10-10 08:00,-0.66,,,,,,backfill,
WL.LYW.01,2026-10-10 08:00,,,,,,,backfill,
WL.LYW.02,2026-10-10 08:00,-1.45,,,,,,backfill,
WL.MCM.01,2026-10-10 08:00,0.37,,,,,,backfill,
WL.MFS.01,2026-10-10 08:00,-0.71,,,,,,backfill,
WL.MKT.01,2026-10-10 08:00,-0.35,,,,,,backfill,
WL.MSW.01,2026-10-10 08:00,1.69,,,,,,backfill,
WL.MSW.02,2026-10-10 08:00,1.19,,,,,,backfill,
WL.MSW.03,2026-10-10 08:00,1.66,,,,,,backfill,
WL.MTG.01,2026-10-10 08:00,-0.66,,,,,,backfill,
WL.NBN.01,2026-10-10 08:00,-4.10,-1.16,,,,,backfill,
WL.NCH.02,2026-10-10 08:00,-1.05,,,,,,backfill,
WL.NK1.01,2026-10-10 08:00,-0.75,,,,,,backfill,
WL.NK3.01,2026-10-10 08:00,-0.35,,,,,,backfill,
WL.NKW.02,2026-10-10 08:00,-0.29,,,,,,backfill,
WL.NSG.01,2026-10-10 08:00,-2.00,,,,,,backfill,
WL.OAG.01,2026-10-10 08:00,-0.63,,,,,,backfill,
WL.ORC.01,2026-10-10 08:00,-1.34,-0.44,,,,,backfill,
WL.PKG.01,2026-10-10 08:00,1.58,,,,,,backfill,
WL.PKN.01,2026-10-10 08:00,-0.84,1.15,,,,,backfill,
WL.PLK.01,2026-10-10 08:00,0.53,,,,,,backfill,
WL.PLP.01,2026-10-10 08:00,-0.46,,,,,,backfill,
WL.PNM.01,2026-10-10 08:00,0.27,,,,,,backfill,
WL.PSC.01,2026-10-10 08:00,0.35,0.39,,,,,backfill,
WL.PSC.02,2026-10-10 08:00,0.35,,,,,,backfill,
WL.PSC.03,2026-10-10 08:00,0.36,,,,,,backfill,
WL.PSC.05,2026-10-10 08:00,0.43,,,,,,backfill,
WL.PSI.01,2026-10-10 08:00,-1.58,,,,,,backfill,
WL.PSR.01,2026-10-10 08:00,1.07,1.79,,,,,backfill,
WL.PSR.02,2026-10-10 08:00,1.10,,,,,,backfill,
WL.PSR.03,2026-10-10 08:00,1.08,,,,,,backfill,
WL.PSR.04,2026-10-10 08:00,0.74,,,,,,backfill,
WL.PSR.05,2026-10-10 08:00,0.77,,,,,,backfill,
WL.PSR.06,2026-10-10 08:00,,,,,,,backfill,
WL.PST.01,2026-10-10 08:00,-0.89,,,,,,backfill,
WL.PWT.01,2026-10-10 08:00,-0.55,,,,,,backfill,
WL.PWT.02,2026-10-10 08:00,-0.08,,,,,,backfill,
WL.PWT.03,2026-10-10 08:00,0.14,0.15,,,,,backfill,
WL.PWT.04,2026-10-10 08:00,0.48,0.52,,,,,backfill,
WL.PWT.05,2026-10-10 08:00,,,,,,,backfill,
WL.PWT.06,2026-10-10 08:00,0.90,,,,,,backfill,
WL.PWT.07,2026-10-10 08:00,0.89,,,,,,backfill,
WL.PYW.01,2026-10-10 08:00,-1.24,,,,,,backfill,
WL.RHN.01,2026-10-10 08:00,-0.27,-0.18,,,,,backfill,
WL.RJK.01,2026-10-10 08:00,0.31,0.31,,,,,backfill,
WL.RKC.01,2026-10-10 08:00,,,,,,,backfill,
WL.RMT.01,2026-10-10 08:00,-1.19,0.95,,,,,backfill,
WL.RMT.02,2026-10-10 08:00,-0.07,,,,,,backfill,
WL.RSK.01,2026-10-10 08:00,0.44,,,,,,backfill,
WL.SBR.01,2026-10-10 08:00,0.51,1.19,,,,,backfill,
WL.SBR.02,2026-10-10 08:00,0.46,,,,,,backfill,
WL.SBT.01,2026-10-10 08:00,-0.55,0.23,,,,,backfill,
WL.SCO.01,2026-10-10 08:00,0.22,,,,,,backfill,
WL.SDN.01,2026-10-10 08:00,0.23,,,,,,backfill,
WL.SKG.01,2026-10-10 08:00,-0.76,,,,,,backfill,
WL.SKT.01,2026-10-10 08:00,-0.84,,,,,,backfill,
WL.SKT.02,2026-10-10 08:00,-1.04,,,,,,backfill,
WL.SLL.01,2026-10-10 08:00,0.04,,,,,,backfill,
WL.SMK.01,2026-10-10 08:00,-0.22,,,,,,backfill,
WL.SNC.01,2026-10-10 08:00,-0.35,1.08,,,,,backfill,
WL.SNC.02,2026-10-10 08:00,0.35,,,,,,backfill,
WL.SNC.03,2026-10-10 08:00,0.11,,,,,,backfill,
WL.SNO.01,2026-10-10 08:00,-1.05,,,,,,backfill,
WL.SOL.01,2026-10-10 08:00,-0.66,,,,,,backfill,
WL.SRE.01,2026-10-10 08:00,-0.30,1.39,,,,,backfill,
WL.SRG.01,2026-10-10 08:00,-0.64,1.17,,,,,backfill,
WL.SSB.01,2026-10-10 08:00,-0.61,,,,,,backfill,
WL.SSB.03,2026-10-10 08:00,-0.43,,,,,,backfill,
WL.SSB.04,2026-10-10 08:00,-0.53,-0.56,,,,,backfill,
WL.SSB.06,2026-10-10 08:00,-0.38,,,,,,backfill,
WL.SSB.07,2026-10-10 08:00,0.04,,,,,,backfill,
WL.SSB.08,2026-10-10 08:00,0.32,,,,,,backfill,
WL.SSB.10,2026-10-10 08:00,0.81,1.05,,,,,backfill,
WL.SSB.11,2026-10-10 08:00,1.21,,,,,,backfill,
WL.SSB.12,2026-10-10 08:00,1.22,1.50,,,,,backfill,
WL.SSG.01,2026-10-10 08:00,1.56,,,,,,backfill,
WL.SSM.01,2026-10-10 08:00,1.31,,,,,,backfill,
WL.SSN.01,2026-10-10 08:00,-1.02,1.78,,,,,backfill,
WL.SSN.02,2026-10-10 08:00,-1.08,,,,,,backfill,
WL.SSN.04,2026-10-10 08:00,-1.20,,,,,,backfill,
WL.SSN.06,2026-10-10 08:00,-1.77,,,,,,backfill,
WL.SSN.07,2026-10-10 08:00,-1.00,,,,,,backfill,
WL.SSN.08,2026-10-10 08:00,-0.59,-0.56,,,,,backfill,
WL.SSN.09,2026-10-10 08:00,-0.60,,,,,,backfill,
WL.SSN.10,2026-10-10 08:00,-0.59,,,,,,backfill,
WL.SST.01,2026-10-10 08:00,0.80,1.75,,,,,backfill,
WL.STN.01,2026-10-10 08:00,0.54,,,,,,backfill,
WL.STN.02,2026-10-10 08:00,,,,,,,backfill,
WL.STN.03,2026-10-10 08:00,0.62,,,,,,backfill,
WL.STR.01,2026-10-10 08:00,-1.00,0.20,1.36,,,,backfill,
WL.SWA.01,2026-10-10 08:00,0.85,1.27,,,,,backfill,
WL.SWU.01,2026-10-10 08:00,-1.69,,,,,,backfill,
WL.TCG.01,2026-10-10 08:00,-0.95,,,,,,backfill,
WL.TPK.02,2026-10-10 08:00,,,,,,,backfill,
WL.TPK.03,2026-10-10 08:00,0.43,,,,,,backfill,
WL.TSK.01,2026-10-10 08:00,-1.80,,,,,,backfill,
WL.TTN.01,2026-10-10 08:00,-0.85,,,,,,backfill,
WL.TUT.02,2026-10-10 08:00,-0.35,,,,,,backfill,
WL.TWW.01,2026-10-10 08:00,0.68,1.10,,,,,backfill,
WL.TWW.02,2026-10-10 08:00,0.62,,,,,,backfill,
WL.TWW.03,2026-10-10 08:00,0.56,,,,,,backfill,
WL.TWW.04,2026-10-10 08:00,0.53,,,,,,backfill,
WL.TWW.05,2026-10-10 08:00,0.45,,,,,,backfill,
WL.VPD.01,2026-10-10 08:00,-1.02,,,,,,backfill,
WL.VPD.02,2026-10-10 08:00,-0.98,,,,,,backfill,
WL.VPD.03,2026-10-10 08:00,-1.31,,,,,,backfill,
WL.VPV.01,2026-10-10 08:00,-2.32,,,,,,backfill,
WL.WHK.01,2026-10-10 08:00,0.98,,,,,,backfill,
WL.WKT.01,2026-10-10 08:00,0.40,,,,,,backfill,
WL.WLS.01,2026-10-10 08:00,0.48,,,,,,backfill,
WL.WSI.01,2026-10-10 08:00,-1.51,1.24,,,,,backfill,
WL.WSV.01,2026-10-10 08:00,0.06,,,,,,backfill,
WL.WTK.01,2026-10-10 08:00,-0.81,,,,,,backfill,
WL.WTN.02,2026-10-10 08:00,-1.35,,,,,,backfill,
WL.YPE.01,2026-10-10 08:00,0.38,,,,,,backfill,
WL.YPN.01,2026-10-10 08:00,-0.95,,,,,,backfill,
WL.YPN.02,2026-10-10 08:00,-1.65,,,,,,backfill,
WL.YSN.02,2026-10-10 08:00,-0.99,,,,,,backfill,
WL.LCL.02,2026-10-10 08:05,0.37,,,,,,temporarily out of order,0.37
WL.ANG.01,2026-10-10 08:10,0.93,,,,,,Normal,
WL.BBU.02,2026-10-10 08:10,0.42,,,,,,Normal,
WL.BKH.01,2026-10-10 08:10,0.11,,,,,,Normal,
WL.BMD.01,2026-10-10 08:10,0.51,,,,,,Normal,
WL.BNJ.05,2026-10-10 08:10,-2.23,,,,,,Normal,
WL.BSE.01,2026-10-10 08:10,-1.56,,,,,,Normal,
WL.BTL.02,2026-10-10 08:10,0.04,,,,,,Normal,
WL.CLH.01,2026-10-10 08:10,-0.39,,,,,,Normal,
WL.CYI.02,2026-10-10 08:10,-0.57,,,,,,Normal,-0.54
WL.K08.01,2026-10-10 08:10,1.56,,,,,,Alert,
WL.K10.01,2026-10-10 08:10,1.63,,,,,,Alert,
WL.K11.01,2026-10-10 08:10,1.58,,,,,,Alert,
WL.KBP.01,2026-10-10 08:10,-0.4,,,,,,Normal,
WL.KHW.01,2026-10-10 08:10,1.7,,,,,,Normal,
WL.KJT.01,2026-10-10 08:10,-1.18,,,,,,Normal,-1.12
WL.KKO.02,2026-10-10 08:10,1.56,,,,,,Alert,
WL.KPM.07,2026-10-10 08:10,0.65,,,,,,Alert,
WL.LPS.01,2026-10-10 08:10,0.78,,,,,,Normal,
WL.LPT.01,2026-10-10 08:10,1.21,,,,,,Critical,1.21
WL.LPT.05,2026-10-10 08:10,1.65,,,,,,Normal,
WL.MKT.02,2026-10-10 08:10,-0.84,,,,,,Normal,
WL.NK3.02,2026-10-10 08:10,-0.62,,,,,,Normal,
WL.POC.01,2026-10-10 08:10,1.46,,,,,,Normal,
WL.PSC.06,2026-10-10 08:10,0.17,,,,,,Normal,
WL.RPS.01,2026-10-10 08:10,1.97,,,,,,Alert,
WL.SSB.13,2026-10-10 08:10,1.89,,,,,,Critical,
WL.SSG.02,2026-10-10 08:10,1.55,,,,,,Alert,
WL.STN.01,2026-10-10 08:10,0.55,,,,,,Alert,0.55
WL.SWA.02,2026-10-10 08:10,1.42,,,,,,Normal,
WL.WTN.02,2026-10-10 08:10,-1.38,,,,,,Normal,-1.11
WL.AJP.01,2026-10-10 08:15,-0.57,,,,,,Normal,-0.5
WL.ANX.01,2026-10-10 08:15,-0.02,,,,,,Normal,0.02
WL.BAM.01,2026-10-10 08:15,0.23,,,,,,Normal,0.24
WL.BBN.02,2026-10-10 08:15,0.26,,,,,,Normal,0.39
WL.BBN.03,2026-10-10 08:15,0.49,,,,,,Alert,0.55
WL.BBR.01,2026-10-10 08:15,0.2,,,,,,Normal,0.2
WL.BBR.02,2026-10-10 08:15,0.15,,,,,,Normal,0.15
WL.BBU.01,2026-10-10 08:15,0.38,,,,,,Normal,0.45
WL.BCN.01,2026-10-10 08:15,0.41,,,,,,Normal,0.46
WL.BCN.02,2026-10-10 08:15,0.43,,,,,,Normal,0.46
WL.BCN.03,2026-10-10 08:15,0.44,,,,,,Normal,0.52
WL.BJK.01,2026-10-10 08:15,-1.37,0.94,,0.0,0.0,,Normal,-1.37
WL.BJK.02,2026-10-10 08:15,0.45,,,,,,Normal,0.49
WL.BJK.03,2026-10-10 08:15,0.42,,,,,,Normal,0.46
WL.BJK.04,2026-10-10 08:15,0.49,,,,,,Normal,0.52
WL.BKA.01,2026-10-10 08:15,-1.58,1.92,,1.73,1.75,0.0,Normal,-1.1
WL.BKA.02,2026-10-10 08:15,-0.88,,,,,,Normal,-0.77
WL.BKA.03,2026-10-10 08:15,-0.44,,,,,,Normal,-0.37
WL.BKA.04,2026-10-10 08:15,0.01,,,,,,Normal,0.1
WL.BKB.01,2026-10-10 08:15,-0.33,,,,,,Normal,-0.32
WL.BKG.01,2026-10-10 08:15,0.65,-2.0,,0.0,,,Critical,0.67
WL.BKK.01,2026-10-10 08:15,0.44,,,,,,Normal,
WL.BKT.01,2026-10-10 08:15,-0.83,,,,,,Normal,-0.77
WL.BKY.01,2026-10-10 08:15,0.32,1.58,,7.0,0.0,0.0,Normal,0.41
WL.BKY.02,2026-10-10 08:15,0.39,,,,,,Normal,0.44
WL.BLP.02,2026-10-10 08:15,-0.59,,,,,,Normal,-0.58
WL.BLY.01,2026-10-10 08:15,-0.5,,,,,,Normal,-0.49
WL.BLY.02,2026-10-10 08:15,-0.57,,,,,,Normal,-0.57
WL.BMA.02,2026-10-10 08:15,-0.02,,,,,,Normal,0.01
WL.BMK.01,2026-10-10 08:15,-1.58,,,,,,Normal,-1.0
WL.BNA.01,2026-10-10 08:15,-1.72,0.84,,0.0,0.0,,Normal,-1.34
WL.BNA.03,2026-10-10 08:15,-0.68,,,,,,Normal,-0.65
WL.BNA.04,2026-10-10 08:15,-0.59,,,,,,Normal,-0.55
WL.BNJ.01,2026-10-10 08:15,-0.88,,,,,,Normal,-0.87
WL.BNJ.04,2026-10-10 08:15,-1.1,,,,,,Normal,-0.88
WL.BNS.01,2026-10-10 08:15,0.34,,,,,,Normal,0.4
WL.BOA.01,2026-10-10 08:15,-1.18,0.99,,0.0,0.0,,Normal,-1.18
WL.BOA.02,2026-10-10 08:15,-1.26,,,,,,Normal,-1.14
WL.BOA.03,2026-10-10 08:15,-1.17,,,,,,Normal,-1.17
WL.BPA.01,2026-10-10 08:15,-0.62,,,,,,Normal,-0.62
WL.BPK.01,2026-10-10 08:15,0.21,,,,,,Normal,0.22
WL.BPM.01,2026-10-10 08:15,0.3,,,,,,Normal,0.32
WL.BPM.02,2026-10-10 08:15,0.39,,,,,,Normal,0.41
WL.BPM.03,2026-10-10 08:15,0.51,,,,,,Normal,0.56
WL.BPM.04,2026-10-10 08:15,0.44,,,,,,Normal,0.47
WL.BPN.02,2026-10-10 08:15,0.31,,,,,,Normal,0.41
WL.BPU.01,2026-10-10 08:15,0.06,,,,,,Normal,1.18
WL.BSK.01,2026-10-10 08:15,0.27,1.29,,0.0,0.0,,Normal,0.47
WL.BSU.01,2026-10-10 08:15,-0.9,1.88,,0.0,0.0,0.0,Normal,-0.76
WL.BSU.02,2026-10-10 08:15,-0.82,,,,,,Normal,-0.74
WL.BSU.03,2026-10-10 08:15,-1.21,,,,,,Normal,-1.16
WL.BSU.04,2026-10-10 08:15,-1.12,,,,,,Normal,-1.09
WL.BSU.05,2026-10-10 08:15,-1.13,,,,,,Normal,-1.01
WL.BSU.07,2026-10-10 08:15,-0.57,,,,,,Normal,-0.47
WL.BTL.01,2026-10-10 08:15,-0.62,,,,,,Normal,-0.62
WL.BTY.01,2026-10-10 08:15,0.26,,,,,,Normal,0.31
WL.BWK.01,2026-10-10 08:15,0.35,,,,,,Normal,0.4
WL.BWK.02,2026-10-10 08:15,0.55,,,,,,Normal,0.58
WL.BWK.03,2026-10-10 08:15,0.5,,,,,,Normal,0.54
WL.BYI.01,2026-10-10 08:15,1.0,,,,,,Critical,1.0
WL.BYK.02,2026-10-10 08:15,0.17,,,,,,Normal,0.29
WL.CKS.01,2026-10-10 08:15,-1.39,,,0.0,0.0,,Normal,-1.23
WL.CKS.02,2026-10-10 08:15,-1.09,,,,,,Normal,-0.93
WL.CKS.03,2026-10-10 08:15,-1.21,,,,,,Normal,-1.04
WL.CNS.01,2026-10-10 08:15,-2.24,1.0,,0.0,0.0,,Normal,-0.97
WL.CPA.01,2026-10-10 08:15,0.3,1.67,,0.0,3.52,,Normal,0.33
WL.CPA.02,2026-10-10 08:15,0.33,,,,,,Normal,0.39
WL.CYI.01,2026-10-10 08:15,-0.59,,,,,,Normal,-0.56
WL.CYI.03,2026-10-10 08:15,-0.49,,,,,,Normal,-0.48
WL.DKN.01,2026-10-10 08:15,0.27,1.27,,0.0,3.22,0.0,Normal,0.34
WL.FTM.01,2026-10-10 08:15,-1.34,,,,,,Normal,-1.04
WL.HKG.02,2026-10-10 08:15,-0.7,,,,,,Normal,-0.66
WL.HMK.01,2026-10-10 08:15,-0.19,,,,,,Alert,-0.15
WL.HMK.02,2026-10-10 08:15,-0.35,,,,,,Normal,-0.33
WL.HMK.03,2026-10-10 08:15,-0.13,,,,,,Normal,-0.11
WL.JRN.01,2026-10-10 08:15,0.32,1.14,,0.0,,,Normal,0.32
WL.KBU.01,2026-10-10 08:15,0.44,1.62,,0.0,,,Normal,0.46
WL.KBU.02,2026-10-10 08:15,0.43,,,,,,Normal,0.45
WL.KCD.01,2026-10-10 08:15,-1.05,,,,,,Normal,-1.0
WL.KDN.01,2026-10-10 08:15,-0.65,1.05,,0.0,,,Normal,-0.56
WL.KJA.01,2026-10-10 08:15,-0.74,,,,,,Normal,-0.74
WL.KJA.02,2026-10-10 08:15,-0.35,,,,,,Normal,-0.34
WL.KJG.01,2026-10-10 08:15,-0.53,,,,,,Normal,-0.43
WL.KJK.01,2026-10-10 08:15,-1.29,0.94,,0.0,0.0,,Normal,-1.21
WL.KJK.02,2026-10-10 08:15,-1.24,,,,,,Normal,-1.15
WL.KJN.01,2026-10-10 08:15,-0.18,,,,,,Alert,-0.16
WL.KJN.02,2026-10-10 08:15,-0.14,,,,,,Normal,-0.11
WL.KJU.01,2026-10-10 08:15,-0.73,,,,,,Normal,-0.39
WL.KKD.01,2026-10-10 08:15,-0.51,,,,,,Normal,-0.51
WL.KKD.02,2026-10-10 08:15,-0.62,,,,,,Normal,-0.62
WL.KKO.01,2026-10-10 08:15,1.61,,,,,,Alert,1.62
WL.KKS.01,2026-10-10 08:15,-0.59,1.68,,0.0,0.0,,Normal,-0.57
WL.KKS.02,2026-10-10 08:15,-0.55,,,,,,Normal,-0.54
WL.KKS.03,2026-10-10 08:15,-0.68,,,,,,Normal,-0.66
WL.KKS.04,2026-10-10 08:15,-0.68,1.41,,0.0,,,Normal,-0.63
WL.KKY.01,2026-10-10 08:15,0.44,,,,,,Normal,0.51
WL.KKY.02,2026-10-10 08:15,0.48,,,,,,Normal,0.54
WL.KLA.01,2026-10-10 08:15,-0.3,,,,,,Normal,-0.3
WL.KLD.01,2026-10-10 08:15,-0.46,,,,,,Normal,-0.18
WL.KLD.02,2026-10-10 08:15,-0.42,,,,,,Normal,-0.1
WL.KLT.01,2026-10-10 08:15,-0.65,,,,,,Normal,-0.65
WL.KMN.01,2026-10-10 08:15,0.29,1.57,,0.11,5.58,0.0,Normal,0.38
WL.KNB.01,2026-10-10 08:15,-0.84,,,,,,Normal,-0.83
WL.KNB.02,2026-10-10 08:15,-0.44,,,,,,Normal,-0.41
WL.KPG.01,2026-10-10 08:15,-1.43,,,,,,Normal,-1.09
WL.KPM.01,2026-10-10 08:15,-0.36,,,,,,Normal,-0.32
WL.KPM.03,2026-10-10 08:15,-0.16,,,,,,Normal,-0.11
WL.KPM.05,2026-10-10 08:15,0.49,,,,,,Normal,0.51
WL.KPM.06,2026-10-10 08:15,0.48,,,,,,Normal,0.54
WL.KPM.08,2026-10-10 08:15,0.45,,,,,,Normal,0.45
WL.KSG.01,2026-10-10 08:15,0.66,,,,,,Normal,0.7
WL.KSI.01,2026-10-10 08:15,0.76,,,,,,Normal,0.78
WL.KSI.02,2026-10-10 08:15,0.78,,,,,,Critical,0.8
WL.KSK.01,2026-10-10 08:15,-0.64,,,,,,Normal,-0.64
WL.KSM.01,2026-10-10 08:15,0.78,,,,,,Critical,0.8
WL.KSM.02,2026-10-10 08:15,0.72,,,,,,Critical,0.74
WL.KSO.01,2026-10-10 08:15,0.62,,,,,,Normal,0.62
WL.KSO.02,2026-10-10 08:15,0.63,,,,,,Normal,0.63
WL.KT4.01,2026-10-10 08:15,0.48,,,,,,Alert,0.48
WL.KTY.01,2026-10-10 08:15,-1.55,0.9,,0.0,,,Normal,-1.55
WL.LBK.02,2026-10-10 08:15,0.52,,,,,,Critical,0.53
WL.LBK.03,2026-10-10 08:15,0.41,,,,,,Critical,0.43
WL.LCL.01,2026-10-10 08:15,0.61,,,,,,Normal,0.63
WL.LKB.01,2026-10-10 08:15,0.64,,,,,,Critical,0.67
WL.LOA.01,2026-10-10 08:15,0.66,,,,,,Normal,0.66
WL.LOA.02,2026-10-10 08:15,0.69,,,,,,Normal,0.71
WL.LPC.01,2026-10-10 08:15,1.09,,,,,,Critical,1.1
WL.LPG.02,2026-10-10 08:15,0.99,1.75,,0.0,,,Critical,0.99
WL.LPG.03,2026-10-10 08:15,0.93,,,,,,Critical,0.94
WL.LPN.01,2026-10-10 08:15,-0.68,0.93,,0.01,,,Normal,-0.63
WL.LPP.01,2026-10-10 08:15,-1.44,,,,,,Normal,-1.35
WL.LPP.02,2026-10-10 08:15,-0.74,,,,,,Normal,
WL.LPT.03,2026-10-10 08:15,0.85,,,,,,Critical,0.87
WL.LPW.01,2026-10-10 08:15,-0.33,-0.36,,0.0,,,Normal,-0.25
WL.LPW.03,2026-10-10 08:15,0.14,,,,,,Normal,0.23
WL.LPW.04,2026-10-10 08:15,-0.5,,,,,,Normal,-0.49
WL.LPW.05,2026-10-10 08:15,-0.57,,,,,,Normal,-0.56
WL.LSG.01,2026-10-10 08:15,-1.19,,,,,,Normal,-1.19
WL.LSM.01,2026-10-10 08:15,-0.66,,,,,,Normal,-0.64
WL.LYW.01,2026-10-10 08:15,-1.5,,,,,,Normal,-1.48
WL.LYW.02,2026-10-10 08:15,-1.45,,,,,,Normal,-1.44
WL.MCM.01,2026-10-10 08:15,0.37,,,,,,Normal,0.44
WL.MFS.01,2026-10-10 08:15,-0.71,,,,,,Normal,-0.68
WL.MKT.01,2026-10-10 08:15,-0.35,,,,,,Normal,-0.31
WL.MSW.01,2026-10-10 08:15,1.67,,,,,,Normal,1.72
WL.MSW.02,2026-10-10 08:15,1.19,,,,,,Normal,1.25
WL.MSW.03,2026-10-10 08:15,1.64,,,,,,Normal,1.67
WL.MSW.04,2026-10-10 08:15,1.06,,,,,,Normal,
WL.MTG.01,2026-10-10 08:15,-0.66,,,,,,Normal,-0.66
WL.NBN.01,2026-10-10 08:15,-4.11,-1.16,,0.0,,,Normal,-3.94
WL.NCH.02,2026-10-10 08:15,-0.51,,,,,,Normal,-0.33
WL.NK1.01,2026-10-10 08:15,-0.68,,,,,,Normal,0.02
WL.NK3.01,2026-10-10 08:15,-0.37,,,,,,Normal,-0.12
WL.NKW.02,2026-10-10 08:15,-0.29,,,,,,Normal,-0.23
WL.NSG.01,2026-10-10 08:15,-2.0,,,,,,Normal,-2.0
WL.OAG.01,2026-10-10 08:15,-0.64,,,,,,Normal,-0.62
WL.ORC.01,2026-10-10 08:15,-1.34,-0.48,,0.0,,,Normal,-1.34
WL.PKG.01,2026-10-10 08:15,1.5,,,,,,Normal,1.77
WL.PKN.01,2026-10-10 08:15,-0.66,1.0,,0.0,0.0,0.0,Normal,-0.66
WL.PLK.01,2026-10-10 08:15,0.43,,,,,,Normal,1.18
WL.PLP.01,2026-10-10 08:15,-0.46,,,,,,Normal,-0.43
WL.PNM.01,2026-10-10 08:15,0.27,,,,,,Alert,0.3
WL.PSC.01,2026-10-10 08:15,0.36,0.4,,0.0,0.0,0.0,Normal,0.41
WL.PSC.02,2026-10-10 08:15,0.34,,,,,,Normal,0.38
WL.PSC.03,2026-10-10 08:15,0.35,,,,,,Normal,0.38
WL.PSC.05,2026-10-10 08:15,0.41,,,,,,Normal,0.47
WL.PSI.01,2026-10-10 08:15,-1.56,,,,,,Normal,-1.16
WL.PSR.01,2026-10-10 08:15,1.07,1.79,,0.2,,,Alert,1.09
WL.PSR.02,2026-10-10 08:15,1.1,,,,,,Alert,1.13
WL.PSR.03,2026-10-10 08:15,1.08,,,,,,Alert,1.1
WL.PSR.04,2026-10-10 08:15,0.73,,,,,,Normal,0.75
WL.PSR.05,2026-10-10 08:15,0.77,,,,,,Alert,0.78
WL.PST.01,2026-10-10 08:15,-0.9,,,,,,Normal,-0.88
WL.PWT.01,2026-10-10 08:15,-0.55,,,,,,Normal,-0.55
WL.PWT.02,2026-10-10 08:15,-0.08,,,,,,Normal,-0.06
WL.PWT.03,2026-10-10 08:15,0.14,0.17,,5.84,5.9,,Normal,0.18
WL.PWT.04,2026-10-10 08:15,0.47,0.52,,4.94,,,Alert,0.51
WL.PWT.06,2026-10-10 08:15,0.9,,,,,,Critical,0.92
WL.PWT.07,2026-10-10 08:15,0.89,,,,,,Critical,0.9
WL.PYW.01,2026-10-10 08:15,-1.21,,,,,,Normal,-0.54
WL.RHN.01,2026-10-10 08:15,-0.29,-0.18,,0.0,,,Normal,-0.06
WL.RJK.01,2026-10-10 08:15,0.31,0.31,,7.5,,,Normal,0.32
WL.RKC.01,2026-10-10 08:15,-1.05,,,,,,Normal,-1.05
WL.RMN.01,2026-10-10 08:15,0.53,,,,,,Normal,
WL.RMT.01,2026-10-10 08:15,-1.2,0.94,,0.0,0.0,,Normal,-0.58
WL.RMT.02,2026-10-10 08:15,-0.07,,,,,,Normal,0.1
WL.RMT.03,2026-10-10 08:15,-2.0,,,,,,Normal,-2.0
WL.RSK.01,2026-10-10 08:15,0.45,,,,,,Normal,0.46
WL.SBR.01,2026-10-10 08:15,0.53,1.19,,0.0,,,Normal,0.57
WL.SBR.02,2026-10-10 08:15,0.47,,,,,,Normal,0.53
WL.SBT.01,2026-10-10 08:15,-0.41,0.2,,0.0,,,Normal,0.09
WL.SCO.01,2026-10-10 08:15,0.2,,,,,,Normal,0.22
WL.SDN.01,2026-10-10 08:15,0.23,,,,,,Normal,0.23
WL.SKG.01,2026-10-10 08:15,-0.71,,,,,,Normal,-0.71
WL.SKT.01,2026-10-10 08:15,-0.84,,,,,,Normal,-0.68
WL.SKT.02,2026-10-10 08:15,-0.93,,,,,,Normal,-0.72
WL.SLL.01,2026-10-10 08:15,0.04,,,,,,Normal,0.05
WL.SMK.01,2026-10-10 08:15,-0.22,,,,,,Normal,-0.22
WL.SNC.01,2026-10-10 08:15,-0.27,1.04,,0.0,0.0,0.0,Alert,-0.14
WL.SNC.02,2026-10-10 08:15,0.32,,,,,,Normal,0.38
WL.SNC.03,2026-10-10 08:15,0.09,,,,,,Normal,0.15
WL.SNO.01,2026-10-10 08:15,-1.05,,,,,,Normal,-1.03
WL.SOL.01,2026-10-10 08:15,-0.66,,,,,,Normal,-0.66
WL.SRE.01,2026-10-10 08:15,-0.28,1.34,,0.0,0.0,,Normal,0.18
WL.SRG.01,2026-10-10 08:15,-0.65,1.11,,0.0,0.0,0.0,Normal,-0.62
WL.SSB.01,2026-10-10 08:15,-0.6,,,,,,Normal,-0.58
WL.SSB.03,2026-10-10 08:15,-0.39,,,,,,Normal,-0.38
WL.SSB.04,2026-10-10 08:15,-0.53,-0.53,,7.5,7.5,,Normal,-0.51
WL.SSB.06,2026-10-10 08:15,-0.4,,,,,,Normal,-0.32
WL.SSB.07,2026-10-10 08:15,0.04,,,,,,Normal,0.05
WL.SSB.08,2026-10-10 08:15,0.31,,,,,,Normal,0.33
WL.SSB.09,2026-10-10 08:15,0.55,1.1,,0.0,,,Critical,0.57
WL.SSB.10,2026-10-10 08:15,0.81,1.05,,3.65,,,Critical,0.83
WL.SSB.11,2026-10-10 08:15,1.21,,,,,,Critical,1.22
WL.SSB.12,2026-10-10 08:15,1.22,1.5,,0.0,,,Critical,1.22
WL.SSG.01,2026-10-10 08:15,1.56,,,,,,Alert,1.57
WL.SSM.01,2026-10-10 08:15,1.31,-99,,0.0,,,Critical,1.32
WL.SSM.02,2026-10-10 08:15,1.55,,,,,,Normal,
WL.SSN.01,2026-10-10 08:15,-1.02,1.74,,7.0,0.0,0.0,Normal,-1.01
WL.SSN.02,2026-10-10 08:15,-1.07,,,,,,Normal,-1.07
WL.SSN.04,2026-10-10 08:15,-1.2,,,,,,Normal,-1.2
WL.SSN.06,2026-10-10 08:15,-1.77,,,,,,Normal,-1.77
WL.SSN.07,2026-10-10 08:15,-0.99,,,,,,Normal,-0.97
WL.SSN.08,2026-10-10 08:15,-0.59,-0.58,,0.0,,,Normal,-0.59
WL.SSN.09,2026-10-10 08:15,-0.61,,,,,,Normal,-0.6
WL.SSN.10,2026-10-10 08:15,-0.59,,,,,,Normal,-0.58
WL.SST.01,2026-10-10 08:15,0.79,1.75,,0.32,,,Alert,0.83
WL.STN.02,2026-10-10 08:15,0.61,,,,,,Critical,0.62
WL.STN.03,2026-10-10 08:15,0.62,,,,,,Critical,0.64
WL.STR.01,2026-10-10 08:15,-1.0,0.19,1.32,0.0,0.0,0.0,Normal,-0.91
WL.SWA.01,2026-10-10 08:15,0.85,1.27,,0.43,,,Critical,0.85
WL.SWU.01,2026-10-10 08:15,-1.68,,,,,,Normal,-1.12
WL.TCG.01,2026-10-10 08:15,-0.95,,,,,,Normal,-0.95
WL.TPK.03,2026-10-10 08:15,0.43,,,,,,Critical,0.45
WL.TSK.01,2026-10-10 08:15,-1.8,,,,,,Normal,-1.39
WL.TTN.01,2026-10-10 08:15,-0.85,,,,,,Normal,-0.82
WL.TUT.02,2026-10-10 08:15,-0.34,,,,,,Normal,-0.34
WL.TWW.01,2026-10-10 08:15,0.66,1.09,,0.99,,,Normal,0.76
WL.TWW.02,2026-10-10 08:15,0.62,,,,,,Normal,0.69
WL.TWW.03,2026-10-10 08:15,0.57,,,,,,Normal,0.62
WL.TWW.04,2026-10-10 08:15,0.55,,,,,,Normal,0.57
WL.TWW.05,2026-10-10 08:15,0.45,,,,,,Normal,0.49
WL.VPD.01,2026-10-10 08:15,-1.02,,,,,,Normal,-0.94
WL.VPD.02,2026-10-10 08:15,-0.98,,,,,,Normal,-0.91
WL.VPD.03,2026-10-10 08:15,-1.31,,,,,,Normal,-1.29
WL.VPV.01,2026-10-10 08:15,-1.95,,,0.0,,,Normal,-1.39
WL.WHK.01,2026-10-10 08:15,0.97,,,,,,Alert,0.98
WL.WKT.01,2026-10-10 08:15,0.4,,,,,,Normal,0.4
WL.WLS.01,2026-10-10 08:15,0.48,,,,,,Normal,0.55
WL.WSI.01,2026-10-10 08:15,-1.78,1.21,,0.0,0.0,0.0,Normal,-0.5
WL.WSV.01,2026-10-10 08:15,0.05,,,,,,Normal,0.14
WL.WTK.01,2026-10-10 08:15,-0.86,,,,,,Normal,-0.46
WL.YPE.01,2026-10-10 08:15,0.38,,,,,,Normal,0.41
WL.YPN.01,2026-10-10 08:15,-0.95,,,,,,Normal,-0.79
WL.YPN.02,2026-10-10 08:15,-1.66,,,,,,Normal,-0.84
WL.YSN.02,2026-10-10 08:15,-0.99,,,,,,Normal,-0.91
WL.LPI.02,2026-10-10 08:19,-0.06,,,,,,Normal,-0.06
WL.KPM.04,2026-10-10 08:25,0.36,,,,,,Normal,0.4
WL.KKD.04,2026-10-10 08:35,-0.59,,,,,,Normal,-0.58
WL.BBN.01,2026-10-10 08:50,0.03,,,,,,out of order,0.09
WL.AJP.01,2026-10-10 09:00,-0.85,,,,,,backfill,
WL.ANX.01,2026-10-10 09:00,-0.03,,,,,,backfill,
WL.BAM.01,2026-10-10 09:00,0.15,,,,,,backfill,
WL.BBN.01,2026-10-10 09:00,,,,,,,backfill,
WL.BBN.02,2026-10-10 09:00,0.26,,,,,,backfill,
WL.BBN.03,2026-10-10 09:00,0.48,,,,,,backfill,
WL.BBR.01,2026-10-10 09:00,0.18,,,,,,backfill,
WL.BBR.02,2026-10-10 09:00,0.18,,,,,,backfill,
WL.BBU.01,2026-10-10 09:00,0.39,,,,,,backfill,
WL.BCN.01,2026-10-10 09:00,0.42,,,,,,backfill,
WL.BCN.02,2026-10-10 09:00,0.43,,,,,,backfill,
WL.BCN.03,2026-10-10 09:00,0.46,,,,,,backfill,
WL.BJK.01,2026-10-10 09:00,-1.29,0.67,,,,,backfill,
WL.BJK.02,2026-10-10 09:00,0.45,,,,,,backfill,
WL.BJK.03,2026-10-10 09:00,0.42,,,,,,backfill,
WL.BJK.04,2026-10-10 09:00,0.49,,,,,,backfill,
WL.BKA.01,2026-10-10 09:00,-1.50,1.83,,,,,backfill,
WL.BKA.02,2026-10-10 09:00,-0.88,,,,,,backfill,
WL.BKA.03,2026-10-10 09:00,-0.44,,,,,,backfill,
WL.BKA.04,2026-10-10 09:00,0.03,,,,,,backfill,
WL.BKB.01,2026-10-10 09:00,-0.34,,,,,,backfill,
WL.BKG.01,2026-10-10 09:00,0.66,-2.00,,,,,backfill,
WL.BKT.01,2026-10-10 09:00,-0.84,,,,,,backfill,
WL.BKY.01,2026-10-10 09:00,0.32,1.43,,,,,backfill,
WL.BKY.02,2026-10-10 09:00,0.38,,,,,,backfill,
WL.BLP.02,2026-10-10 09:00,-0.59,,,,,,backfill,
WL.BLY.01,2026-10-10 09:00,-0.49,,,,,,backfill,
WL.BLY.02,2026-10-10 09:00,-0.57,,,,,,backfill,
WL.BMA.02,2026-10-10 09:00,-0.02,,,,,,backfill,
WL.BMK.01,2026-10-10 09:00,-1.72,,,,,,backfill,
WL.BNA.01,2026-10-10 09:00,-1.42,0.57,,,,,backfill,
WL.BNA.02,2026-10-10 09:00,,,,,,,backfill,
WL.BNA.03,2026-10-10 09:00,-0.68,,,,,,backfill,
WL.BNA.04,2026-10-10 09:00,-0.59,,,,,,backfill,
WL.BNJ.01,2026-10-10 09:00,-0.91,,,,,,backfill,
WL.BNJ.02,2026-10-10 09:00,,,,,,,backfill,
WL.BNJ.03,2026-10-10 09:00,,,,,,,backfill,
WL.BNJ.04,2026-10-10 09:00,-1.11,,,,,,backfill,
WL.BNS.01,2026-10-10 09:00,0.34,,,,,,backfill,
WL.BOA.01,2026-10-10 09:00,-1.20,0.73,,,,,backfill,
WL.BOA.02,2026-10-10 09:00,-1.25,,,,,,backfill,
WL.BOA.03,2026-10-10 09:00,-1.22,,,,,,backfill,
WL.BON.01,2026-10-10 09:00,-1.23,,,,,,backfill,
WL.BPA.01,2026-10-10 09:00,-0.63,,,,,,backfill,
WL.BPK.01,2026-10-10 09:00,0.21,,,,,,backfill,
WL.BPM.01,2026-10-10 09:00,0.29,,,,,,backfill,
WL.BPM.02,2026-10-10 09:00,0.39,,,,,,backfill,
WL.BPM.03,2026-10-10 09:00,0.51,,,,,,backfill,
WL.BPM.04,2026-10-10 09:00,0.44,,,,,,backfill,
WL.BPN.02,2026-10-10 09:00,0.31,,,,,,backfill,
WL.BPU.01,2026-10-10 09:00,-0.24,,,,,,backfill,
WL.BSK.01,2026-10-10 09:00,0.11,1.11,,,,,backfill,
WL.BSU.01,2026-10-10 09:00,-0.90,1.78,,,,,backfill,
WL.BSU.02,2026-10-10 09:00,-0.82,,,,,,backfill,
WL.BSU.03,2026-10-10 09:00,-1.25,,,,,,backfill,
WL.BSU.04,2026-10-10 09:00,-1.12,,,,,,backfill,
WL.BSU.05,2026-10-10 09:00,-1.20,,,,,,backfill,
WL.BSU.06,2026-10-10 09:00,,,,,,,backfill,
WL.BSU.07,2026-10-10 09:00,-0.55,,,,,,backfill,
WL.BTL.01,2026-10-10 09:00,-0.62,,,,,,backfill,
WL.BTY.01,2026-10-10 09:00,0.25,,,,,,backfill,
WL.BWK.01,2026-10-10 09:00,0.34,,,,,,backfill,
WL.BWK.02,2026-10-10 09:00,0.54,,,,,,backfill,
WL.BWK.03,2026-10-10 09:00,0.52,,,,,,backfill,
WL.BYI.01,2026-10-10 09:00,1.00,,,,,,backfill,
WL.BYK.01,2026-10-10 09:00,,,,,,,backfill,
WL.BYK.02,2026-10-10 09:00,0.20,,,,,,backfill,
WL.CKS.01,2026-10-10 09:00,-1.45,,,,,,backfill,
WL.CKS.02,2026-10-10 09:00,-1.10,,,,,,backfill,
WL.CKS.03,2026-10-10 09:00,-1.23,,,,,,backfill,
WL.CNS.01,2026-10-10 09:00,-2.11,0.78,,,,,backfill,
WL.CPA.01,2026-10-10 09:00,0.29,1.56,,,,,backfill,
WL.CPA.02,2026-10-10 09:00,0.33,,,,,,backfill,
WL.CYI.01,2026-10-10 09:00,-0.58,,,,,,backfill,
WL.CYI.02,2026-10-10 09:00,-0.56,,,,,,backfill,
WL.CYI.03,2026-10-10 09:00,-0.49,,,,,,backfill,
WL.DKN.01,2026-10-10 09:00,0.26,1.07,,,,,backfill,
WL.FTM.01,2026-10-10 09:00,-1.20,,,,,,backfill,
WL.HKG.01,2026-10-10 09:00,,,,,,,backfill,
WL.HKG.02,2026-10-10 09:00,-0.69,,,,,,backfill,
WL.HMK.01,2026-10-10 09:00,-0.18,,,,,,backfill,
WL.HMK.02,2026-10-10 09:00,-0.38,,,,,,backfill,
WL.HMK.03,2026-10-10 09:00,-0.13,,,,,,backfill,
WL.JKK.01,2026-10-10 09:00,,,,,,,backfill,
WL.JRN.01,2026-10-10 09:00,0.31,0.95,,,,,backfill,
WL.KBU.01,2026-10-10 09:00,0.44,1.53,,,,,backfill,
WL.KBU.02,2026-10-10 09:00,0.43,,,,,,backfill,
WL.KCD.01,2026-10-10 09:00,-1.06,,,,,,backfill,
WL.KDN.01,2026-10-10 09:00,-0.64,0.84,,,,,backfill,
WL.KJA.01,2026-10-10 09:00,-0.73,,,,,,backfill,
WL.KJA.02,2026-10-10 09:00,-0.35,,,,,,backfill,
WL.KJG.01,2026-10-10 09:00,-0.52,,,,,,backfill,
WL.KJK.01,2026-10-10 09:00,-1.24,0.68,,,,,backfill,
WL.KJK.02,2026-10-10 09:00,-1.19,,,,,,backfill,
WL.KJN.01,2026-10-10 09:00,-0.16,,,,,,backfill,
WL.KJN.02,2026-10-10 09:00,-0.13,,,,,,backfill,
WL.KJT.01,2026-10-10 09:00,-1.12,,,,,,backfill,
WL.KJU.01,2026-10-10 09:00,-0.58,,,,,,backfill,
WL.KKD.01,2026-10-10 09:00,-0.51,,,,,,backfill,
WL.KKD.02,2026-10-10 09:00,-0.62,,,,,,backfill,
WL.KKD.03,2026-10-10 09:00,,,,,,,backfill,
WL.KKD.04,2026-10-10 09:00,-0.59,,,,,,backfill,
WL.KKO.01,2026-10-10 09:00,1.61,,,,,,backfill,
WL.KKS.01,2026-10-10 09:00,-0.60,1.56,,,,,backfill,
WL.KKS.02,2026-10-10 09:00,-0.55,,,,,,backfill,
WL.KKS.03,2026-10-10 09:00,-0.69,,,,,,backfill,
WL.KKS.04,2026-10-10 09:00,-0.70,1.25,,,,,backfill,
WL.KKY.01,2026-10-10 09:00,0.45,,,,,,backfill,
WL.KKY.02,2026-10-10 09:00,0.49,,,,,,backfill,
WL.KLA.01,2026-10-10 09:00,-0.30,,,,,,backfill,
WL.KLD.01,2026-10-10 09:00,-0.48,,,,,,backfill,
WL.KLD.02,2026-10-10 09:00,-0.40,,,,,,backfill,
WL.KLT.01,2026-10-10 09:00,-0.66,,,,,,backfill,
WL.KMN.01,2026-10-10 09:00,0.26,1.44,,,,,backfill,
WL.KNB.01,2026-10-10 09:00,-0.80,,,,,,backfill,
WL.KNB.02,2026-10-10 09:00,-0.44,,,,,,backfill,
WL.KPG.01,2026-10-10 09:00,-1.50,,,,,,backfill,
WL.KPM.01,2026-10-10 09:00,-0.36,,,,,,backfill,
WL.KPM.03,2026-10-10 09:00,-0.17,,,,,,backfill,
WL.KPM.04,2026-10-10 09:00,0.32,,,,,,backfill,
WL.KPM.05,2026-10-10 09:00,0.48,,,,,,backfill,
WL.KPM.06,2026-10-10 09:00,0.48,,,,,,backfill,
WL.KPM.08,2026-10-10 09:00,0.44,,,,,,backfill,
WL.KPM.09,2026-10-10 09:00,,,,,,,backfill,
WL.KSG.01,2026-10-10 09:00,0.66,,,,,,backfill,
WL.KSI.01,2026-10-10 09:00,0.76,,,,,,backfill,
WL.KSI.02,2026-10-10 09:00,0.78,,,,,,backfill,
WL.KSK.01,2026-10-10 09:00,-0.64,,,,,,backfill,
WL.KSM.01,2026-10-10 09:00,0.77,,,,,,backfill,
WL.KSM.02,2026-10-10 09:00,0.71,,,,,,backfill,
WL.KSO.01,2026-10-10 09:00,0.60,,,,,,backfill,
WL.KSO.02,2026-10-10 09:00,0.59,,,,,,backfill,
WL.KT4.01,2026-10-10 09:00,0.47,,,,,,backfill,
WL.KTY.01,2026-10-10 09:00,-1.52,0.70,,,,,backfill,
WL.LBK.02,2026-10-10 09:00,0.52,,,,,,backfill,
WL.LBK.03,2026-10-10 09:00,0.41,,,,,,backfill,
WL.LCL.01,2026-10-10 09:00,0.61,,,,,,backfill,
WL.LCL.02,2026-10-10 09:00,0.36,,,,,,backfill,
WL.LKB.01,2026-10-10 09:00,0.64,,,,,,backfill,
WL.LOA.01,2026-10-10 09:00,0.73,,,,,,backfill,
WL.LOA.02,2026-10-10 09:00,0.69,,,,,,backfill,
WL.LPC.01,2026-10-10 09:00,1.09,,,,,,backfill,
WL.LPG.02,2026-10-10 09:00,0.98,1.75,,,,,backfill,
WL.LPG.03,2026-10-10 09:00,0.93,,,,,,backfill,
WL.LPI.02,2026-10-10 09:00,-1.00,,,,,,backfill,
WL.LPN.01,2026-10-10 09:00,-0.60,0.86,,,,,backfill,
WL.LPP.01,2026-10-10 09:00,-1.45,,,,,,backfill,
WL.LPT.01,2026-10-10 09:00,1.21,,,,,,backfill,
WL.LPT.03,2026-10-10 09:00,0.85,,,,,,backfill,
WL.LPW.01,2026-10-10 09:00,-0.33,-0.35,,,,,backfill,
WL.LPW.03,2026-10-10 09:00,0.16,,,,,,backfill,
WL.LPW.04,2026-10-10 09:00,-0.49,,,,,,backfill,
WL.LPW.05,2026-10-10 09:00,-0.58,,,,,,backfill,
WL.LSG.01,2026-10-10 09:00,-1.19,,,,,,backfill,
WL.LSM.01,2026-10-10 09:00,-0.67,,,,,,backfill,
WL.LYW.01,2026-10-10 09:00,-1.51,,,,,,backfill,
WL.LYW.02,2026-10-10 09:00,-1.45,,,,,,backfill,
WL.MCM.01,2026-10-10 09:00,0.38,,,,,,backfill,
WL.MFS.01,2026-10-10 09:00,-0.71,,,,,,backfill,
WL.MKT.01,2026-10-10 09:00,-0.35,,,,,,backfill,
WL.MSW.01,2026-10-10 09:00,1.57,,,,,,backfill,
WL.MSW.02,2026-10-10 09:00,1.22,,,,,,backfill,
WL.MSW.03,2026-10-10 09:00,1.56,,,,,,backfill,
WL.MTG.01,2026-10-10 09:00,-0.66,,,,,,backfill,
WL.NBN.01,2026-10-10 09:00,-4.13,-1.09,,,,,backfill,
WL.NCH.02,2026-10-10 09:00,-0.43,,,,,,backfill,
WL.NK1.01,2026-10-10 09:00,-0.55,,,,,,backfill,
WL.NK3.01,2026-10-10 09:00,-0.41,,,,,,backfill,
WL.NKW.02,2026-10-10 09:00,-0.30,,,,,,backfill,
WL.NSG.01,2026-10-10 09:00,-2.00,,,,,,backfill,
WL.OAG.01,2026-10-10 09:00,-0.63,,,,,,backfill,
WL.ORC.01,2026-10-10 09:00,-1.34,-0.51,,,,,backfill,
WL.PKG.01,2026-10-10 09:00,1.38,,,,,,backfill,
WL.PKN.01,2026-10-10 09:00,-0.89,0.86,,,,,backfill,
WL.PLK.01,2026-10-10 09:00,0.16,,,,,,backfill,
WL.PLP.01,2026-10-10 09:00,-0.46,,,,,,backfill,
WL.PNM.01,2026-10-10 09:00,0.26,,,,,,backfill,
WL.PSC.01,2026-10-10 09:00,0.34,0.38,,,,,backfill,
WL.PSC.02,2026-10-10 09:00,0.34,,,,,,backfill,
WL.PSC.03,2026-10-10 09:00,0.35,,,,,,backfill,
WL.PSC.05,2026-10-10 09:00,0.42,,,,,,backfill,
WL.PSI.01,2026-10-10 09:00,-1.50,,,,,,backfill,
WL.PSR.01,2026-10-10 09:00,1.07,1.79,,,,,backfill,
WL.PSR.02,2026-10-10 09:00,1.10,,,,,,backfill,
WL.PSR.03,2026-10-10 09:00,1.07,,,,,,backfill,
WL.PSR.04,2026-10-10 09:00,0.74,,,,,,backfill,
WL.PSR.05,2026-10-10 09:00,0.77,,,,,,backfill,
WL.PSR.06,2026-10-10 09:00,,,,,,,backfill,
WL.PST.01,2026-10-10 09:00,-0.91,,,,,,backfill,
WL.PWT.01,2026-10-10 09:00,-0.57,,,,,,backfill,
WL.PWT.02,2026-10-10 09:00,-0.08,,,,,,backfill,
WL.PWT.03,2026-10-10 09:00,0.14,0.15,,,,,backfill,
WL.PWT.04,2026-10-10 09:00,0.47,0.52,,,,,backfill,
WL.PWT.05,2026-10-10 09:00,,,,,,,backfill,
WL.PWT.06,2026-10-10 09:00,0.90,,,,,,backfill,
WL.PWT.07,2026-10-10 09:00,0.89,,,,,,backfill,
WL.PYW.01,2026-10-10 09:00,-1.09,,,,,,backfill,
WL.RHN.01,2026-10-10 09:00,-0.30,-0.21,,,,,backfill,
WL.RJK.01,2026-10-10 09:00,0.33,0.33,,,,,backfill,
WL.RKC.01,2026-10-10 09:00,-0.95,,,,,,backfill,
WL.RMT.01,2026-10-10 09:00,-1.08,0.90,,,,,backfill,
WL.RMT.02,2026-10-10 09:00,-0.08,,,,,,backfill,
WL.RSK.01,2026-10-10 09:00,0.43,,,,,,backfill,
WL.SBR.01,2026-10-10 09:00,0.55,1.23,,,,,backfill,
WL.SBR.02,2026-10-10 09:00,0.48,,,,,,backfill,
WL.SBT.01,2026-10-10 09:00,-0.21,0.17,,,,,backfill,
WL.SCO.01,2026-10-10 09:00,0.23,,,,,,backfill,
WL.SDN.01,2026-10-10 09:00,0.23,,,,,,backfill,
WL.SKG.01,2026-10-10 09:00,-0.66,,,,,,backfill,
WL.SKT.01,2026-10-10 09:00,-0.83,,,,,,backfill,
WL.SKT.02,2026-10-10 09:00,-1.21,,,,,,backfill,
WL.SLL.01,2026-10-10 09:00,0.04,,,,,,backfill,
WL.SMK.01,2026-10-10 09:00,-0.22,,,,,,backfill,
WL.SNC.01,2026-10-10 09:00,-0.27,1.03,,,,,backfill,
WL.SNC.02,2026-10-10 09:00,0.31,,,,,,backfill,
WL.SNC.03,2026-10-10 09:00,0.06,,,,,,backfill,
WL.SNO.01,2026-10-10 09:00,-1.04,,,,,,backfill,
WL.SOL.01,2026-10-10 09:00,-0.66,,,,,,backfill,
WL.SRE.01,2026-10-10 09:00,-0.21,1.16,,,,,backfill,
WL.SRG.01,2026-10-10 09:00,-0.67,0.93,,,,,backfill,
WL.SSB.01,2026-10-10 09:00,-0.65,,,,,,backfill,
WL.SSB.03,2026-10-10 09:00,-0.40,,,,,,backfill,
WL.SSB.04,2026-10-10 09:00,-0.55,-0.57,,,,,backfill,
WL.SSB.06,2026-10-10 09:00,-0.43,,,,,,backfill,
WL.SSB.07,2026-10-10 09:00,0.02,,,,,,backfill,
WL.SSB.08,2026-10-10 09:00,0.31,,,,,,backfill,
WL.SSB.10,2026-10-10 09:00,0.81,1.04,,,,,backfill,
WL.SSB.11,2026-10-10 09:00,1.21,,,,,,backfill,
WL.SSB.12,2026-10-10 09:00,1.22,1.50,,,,,backfill,
WL.SSG.01,2026-10-10 09:00,1.56,,,,,,backfill,
WL.SSM.01,2026-10-10 09:00,1.31,,,,,,backfill,
WL.SSN.01,2026-10-10 09:00,-1.02,1.64,,,,,backfill,
WL.SSN.02,2026-10-10 09:00,-1.06,,,,,,backfill,
WL.SSN.04,2026-10-10 09:00,-1.20,,,,,,backfill,
WL.SSN.06,2026-10-10 09:00,-1.77,,,,,,backfill,
WL.SSN.07,2026-10-10 09:00,-0.98,,,,,,backfill,
WL.SSN.08,2026-10-10 09:00,-0.60,-0.57,,,,,backfill,
WL.SSN.09,2026-10-10 09:00,-0.61,,,,,,backfill,
WL.SSN.10,2026-10-10 09:00,-0.58,,,,,,backfill,
WL.SST.01,2026-10-10 09:00,0.79,1.75,,,,,backfill,
WL.STN.01,2026-10-10 09:00,0.54,,,,,,backfill,
WL.STN.02,2026-10-10 09:00,0.60,,,,,,backfill,
WL.STN.03,2026-10-10 09:00,0.62,,,,,,backfill,
WL.STR.01,2026-10-10 09:00,-1.00,0.21,1.14,,,,backfill,
WL.SWA.01,2026-10-10 09:00,0.85,1.35,,,,,backfill,
WL.SWU.01,2026-10-10 09:00,-1.60,,,,,,backfill,
WL.TCG.01,2026-10-10 09:00,-0.95,,,,,,backfill,
WL.TPK.02,2026-10-10 09:00,,,,,,,backfill,
WL.TPK.03,2026-10-10 09:00,0.43,,,,,,backfill,
WL.TSK.01,2026-10-10 09:00,-1.80,,,,,,backfill,
WL.TTN.01,2026-10-10 09:00,-0.85,,,,,,backfill,
WL.TUT.02,2026-10-10 09:00,-0.30,,,,,,backfill,
WL.TWW.01,2026-10-10 09:00,0.57,1.16,,,,,backfill,
WL.TWW.02,2026-10-10 09:00,0.52,,,,,,backfill,
WL.TWW.03,2026-10-10 09:00,0.59,,,,,,backfill,
WL.TWW.04,2026-10-10 09:00,0.54,,,,,,backfill,
WL.TWW.05,2026-10-10 09:00,0.44,,,,,,backfill,
WL.VPD.01,2026-10-10 09:00,-1.02,,,,,,backfill,
WL.VPD.02,2026-10-10 09:00,-0.98,,,,,,backfill,
WL.VPD.03,2026-10-10 09:00,-1.31,,,,,,backfill,
WL.VPV.01,2026-10-10 09:00,-2.14,,,,,,backfill,
WL.WHK.01,2026-10-10 09:00,0.94,,,,,,backfill,
WL.WKT.01,2026-10-10 09:00,0.39,,,,,,backfill,
WL.WLS.01,2026-10-10 09:00,0.47,,,,,,backfill,
WL.WSI.01,2026-10-10 09:00,-1.14,0.98,,,,,backfill,
WL.WSV.01,2026-10-10 09:00,0.01,,,,,,backfill,
WL.WTK.01,2026-10-10 09:00,-0.85,,,,,,backfill,
WL.WTN.02,2026-10-10 09:00,-1.37,,,,,,backfill,
WL.YPE.01,2026-10-10 09:00,0.37,,,,,,backfill,
WL.YPN.01,2026-10-10 09:00,-0.95,,,,,,backfill,
WL.YPN.02,2026-10-10 09:00,-1.34,,,,,,backfill,
WL.YSN.02,2026-10-10 09:00,-0.97,,,,,,backfill,
WL.ANG.01,2026-10-10 09:10,0.93,,,,,,Normal,
WL.BBU.02,2026-10-10 09:10,0.43,,,,,,Normal,
WL.BKH.01,2026-10-10 09:10,0.11,,,,,,Normal,
WL.BMD.01,2026-10-10 09:10,0.5,,,,,,Normal,
WL.BNJ.05,2026-10-10 09:10,-2.23,,,,,,Normal,
WL.BTL.02,2026-10-10 09:10,0.04,,,,,,Normal,
WL.CYI.02,2026-10-10 09:10,-0.57,,,,,,Normal,-0.54
WL.K08.01,2026-10-10 09:10,1.56,,,,,,Alert,
WL.K10.01,2026-10-10 09:10,1.63,,,,,,Alert,
WL.K11.01,2026-10-10 09:10,1.58,,,,,,Alert,
WL.KBP.01,2026-10-10 09:10,-0.35,,,,,,Normal,
WL.KHW.01,2026-10-10 09:10,1.7,,,,,,Normal,
WL.KKO.02,2026-10-10 09:10,1.56,,,,,,Alert,
WL.KPM.07,2026-10-10 09:10,0.58,,,,,,Normal,
WL.LPS.01,2026-10-10 09:10,0.78,,,,,,Normal,
WL.LPT.05,2026-10-10 09:10,1.54,,,,,,Normal,
WL.MKT.02,2026-10-10 09:10,-0.83,,,,,,Normal,
WL.NK3.02,2026-10-10 09:10,-0.51,,,,,,Normal,
WL.POC.01,2026-10-10 09:10,1.46,,,,,,Normal,
WL.PSC.06,2026-10-10 09:10,0.1,,,,,,Normal,
WL.RPS.01,2026-10-10 09:10,2.02,,,,,,Alert,
WL.SSG.02,2026-10-10 09:10,1.55,,,,,,Alert,
WL.SSN.02,2026-10-10 09:10,-1.06,,,,,,Normal,-1.06
WL.SSN.08,2026-10-10 09:10,-0.59,-0.58,,0.0,,,Normal,-0.59
WL.STN.01,2026-10-10 09:10,0.54,,,,,,Alert,0.55
WL.SWA.02,2026-10-10 09:10,1.42,,,,,,Normal,
WL.AJP.01,2026-10-10 09:15,-0.99,,,,,,Normal,-0.5
WL.ANX.01,2026-10-10 09:15,-0.03,,,,,,Normal,0.02
WL.BAM.01,2026-10-10 09:15,0.12,,,,,,Normal,0.24
WL.BBN.02,2026-10-10 09:15,0.26,,,,,,Normal,0.39
WL.BBN.03,2026-10-10 09:15,0.53,,,,,,Critical,0.55
WL.BBR.01,2026-10-10 09:15,0.17,,,,,,Normal,0.23
WL.BBR.02,2026-10-10 09:15,0.15,,,,,,Normal,0.2
WL.BBU.01,2026-10-10 09:15,0.39,,,,,,Normal,0.45
WL.BCN.01,2026-10-10 09:15,0.41,,,,,,Normal,0.46
WL.BCN.02,2026-10-10 09:15,0.43,,,,,,Normal,0.46
WL.BCN.03,2026-10-10 09:15,0.46,,,,,,Normal,0.52
WL.BJK.01,2026-10-10 09:15,-1.31,0.61,,0.0,0.0,,Normal,-1.29
WL.BJK.02,2026-10-10 09:15,0.45,,,,,,Normal,0.49
WL.BJK.03,2026-10-10 09:15,0.41,,,,,,Normal,0.46
WL.BJK.04,2026-10-10 09:15,0.49,,,,,,Normal,0.52
WL.BKA.01,2026-10-10 09:15,-1.49,1.8,,1.73,1.75,0.0,Normal,-1.1
WL.BKA.02,2026-10-10 09:15,-0.88,,,,,,Normal,-0.77
WL.BKA.03,2026-10-10 09:15,-0.44,,,,,,Normal,-0.37
WL.BKA.04,2026-10-10 09:15,0.02,,,,,,Normal,0.1
WL.BKB.01,2026-10-10 09:15,-0.34,,,,,,Normal,-0.32
WL.BKG.01,2026-10-10 09:15,0.66,-2.0,,0.0,,,Critical,0.67
WL.BKK.01,2026-10-10 09:15,0.43,,,,,,Normal,
WL.BKT.01,2026-10-10 09:15,-0.84,,,,,,Normal,-0.77
WL.BKY.01,2026-10-10 09:15,0.32,1.39,,7.8,0.0,0.0,Normal,0.41
WL.BKY.02,2026-10-10 09:15,0.38,,,,,,Normal,0.44
WL.BLP.02,2026-10-10 09:15,-0.6,,,,,,Normal,-0.57
WL.BLY.01,2026-10-10 09:15,-0.49,,,,,,Normal,-0.49
WL.BLY.02,2026-10-10 09:15,-0.57,,,,,,Normal,-0.57
WL.BMA.02,2026-10-10 09:15,-0.02,,,,,,Normal,0.01
WL.BMK.01,2026-10-10 09:15,-1.74,,,,,,Normal,-1.0
WL.BNA.01,2026-10-10 09:15,-1.4,0.52,,0.0,0.0,,Normal,-1.34
WL.BNA.03,2026-10-10 09:15,-0.68,,,,,,Normal,-0.65
WL.BNA.04,2026-10-10 09:15,-0.59,,,,,,Normal,-0.55
WL.BNJ.01,2026-10-10 09:15,-0.91,,,,,,Normal,-0.87
WL.BNJ.04,2026-10-10 09:15,-1.11,,,,,,Normal,-0.88
WL.BNS.01,2026-10-10 09:15,0.34,,,,,,Normal,0.4
WL.BOA.01,2026-10-10 09:15,-1.22,0.66,,0.0,0.0,,Normal,-1.17
WL.BOA.02,2026-10-10 09:15,-1.3,,,,,,Normal,-1.14
WL.BOA.03,2026-10-10 09:15,-1.24,,,,,,Normal,-1.17
WL.BON.01,2026-10-10 09:15,-1.25,,,,,,Normal,-1.2
WL.BPA.01,2026-10-10 09:15,-0.62,,,,,,Normal,-0.61
WL.BPK.01,2026-10-10 09:15,0.21,,,,,,Normal,0.22
WL.BPM.01,2026-10-10 09:15,0.29,,,,,,Normal,0.32
WL.BPM.02,2026-10-10 09:15,0.38,,,,,,Normal,0.41
WL.BPM.03,2026-10-10 09:15,0.51,,,,,,Normal,0.56
WL.BPM.04,2026-10-10 09:15,0.42,,,,,,Normal,0.47
WL.BPN.02,2026-10-10 09:15,0.31,,,,,,Normal,0.41
WL.BPU.01,2026-10-10 09:15,-0.28,,,,,,Normal,1.18
WL.BSE.01,2026-10-10 09:15,-1.56,,,,,,Normal,
WL.BSK.01,2026-10-10 09:15,-0.01,1.05,,0.0,0.0,,Normal,0.47
WL.BSU.01,2026-10-10 09:15,-0.89,1.75,,0.0,0.0,0.0,Normal,-0.76
WL.BSU.02,2026-10-10 09:15,-0.81,,,,,,Normal,-0.74
WL.BSU.03,2026-10-10 09:15,-1.26,,,,,,Normal,-1.16
WL.BSU.04,2026-10-10 09:15,-1.12,,,,,,Normal,-1.09
WL.BSU.05,2026-10-10 09:15,-1.21,,,,,,Normal,-1.01
WL.BSU.07,2026-10-10 09:15,-0.56,,,,,,Normal,-0.47
WL.BTL.01,2026-10-10 09:15,-0.62,,,,,,Normal,-0.62
WL.BTY.01,2026-10-10 09:15,0.25,,,,,,Normal,0.31
WL.BWK.01,2026-10-10 09:15,0.34,,,,,,Normal,0.4
WL.BWK.02,2026-10-10 09:15,0.54,,,,,,Normal,0.58
WL.BWK.03,2026-10-10 09:15,0.52,,,,,,Normal,0.54
WL.BYI.01,2026-10-10 09:15,1.0,,,,,,Critical,1.0
WL.BYK.02,2026-10-10 09:15,0.18,,,,,,Normal,0.29
WL.CKS.01,2026-10-10 09:15,-1.45,,,0.0,0.0,,Normal,-1.23
WL.CKS.02,2026-10-10 09:15,-1.1,,,,,,Normal,-0.93
WL.CKS.03,2026-10-10 09:15,-1.23,,,,,,Normal,-1.04
WL.CLH.01,2026-10-10 09:15,-0.47,,,,,,Normal,
WL.CNS.01,2026-10-10 09:15,-2.01,0.71,,0.0,0.0,,Normal,-0.97
WL.CPA.01,2026-10-10 09:15,0.29,1.52,,2.89,3.52,,Normal,0.33
WL.CPA.02,2026-10-10 09:15,0.32,,,,,,Normal,0.39
WL.CYI.01,2026-10-10 09:15,-0.59,,,,,,Normal,-0.56
WL.CYI.03,2026-10-10 09:15,-0.49,,,,,,Normal,-0.48
WL.DKN.01,2026-10-10 09:15,0.25,1.0,,0.0,0.0,0.0,Normal,0.34
WL.FTM.01,2026-10-10 09:15,-1.16,,,,,,Normal,-1.04
WL.HKG.01,2026-10-10 09:15,-0.76,,,,,,Normal,-0.71
WL.HKG.02,2026-10-10 09:15,-0.69,,,,,,Normal,-0.66
WL.HMK.01,2026-10-10 09:15,-0.18,,,,,,Alert,-0.15
WL.HMK.02,2026-10-10 09:15,-0.39,,,,,,Normal,-0.33
WL.HMK.03,2026-10-10 09:15,-0.11,,,,,,Normal,-0.11
WL.JRN.01,2026-10-10 09:15,0.31,0.88,,0.0,,,Normal,0.32
WL.KBU.01,2026-10-10 09:15,0.44,1.49,,0.0,,,Normal,0.46
WL.KBU.02,2026-10-10 09:15,0.43,,,,,,Normal,0.45
WL.KCD.01,2026-10-10 09:15,-1.06,,,,,,Normal,-1.0
WL.KDN.01,2026-10-10 09:15,-0.66,0.76,,0.0,,,Normal,-0.56
WL.KJA.01,2026-10-10 09:15,-0.73,,,,,,Normal,-0.73
WL.KJA.02,2026-10-10 09:15,-0.35,,,,,,Normal,-0.34
WL.KJG.01,2026-10-10 09:15,-0.53,,,,,,Normal,-0.43
WL.KJK.01,2026-10-10 09:15,-1.23,0.62,,0.0,0.0,,Normal,-1.21
WL.KJK.02,2026-10-10 09:15,-1.17,,,,,,Normal,-1.15
WL.KJN.01,2026-10-10 09:15,-0.17,,,,,,Alert,-0.15
WL.KJN.02,2026-10-10 09:15,-0.13,,,,,,Normal,-0.11
WL.KJT.01,2026-10-10 09:15,-1.1,,,,,,Normal,-1.1
WL.KJU.01,2026-10-10 09:15,-0.49,,,,,,Normal,-0.39
WL.KKD.01,2026-10-10 09:15,-0.51,,,,,,Normal,-0.5
WL.KKD.02,2026-10-10 09:15,-0.62,,,,,,Normal,-0.62
WL.KKO.01,2026-10-10 09:15,1.61,,,,,,Alert,1.62
WL.KKS.01,2026-10-10 09:15,-0.6,1.53,,0.0,0.0,,Normal,-0.57
WL.KKS.02,2026-10-10 09:15,-0.56,,,,,,Normal,-0.54
WL.KKS.03,2026-10-10 09:15,-0.7,,,,,,Normal,-0.66
WL.KKS.04,2026-10-10 09:15,-0.71,1.2,,0.0,,,Normal,-0.63
WL.KKY.01,2026-10-10 09:15,0.48,,,,,,Normal,0.51
WL.KKY.02,2026-10-10 09:15,0.49,,,,,,Normal,0.54
WL.KLA.01,2026-10-10 09:15,-0.3,,,,,,Normal,-0.29
WL.KLD.01,2026-10-10 09:15,-0.46,,,,,,Normal,-0.18
WL.KLD.02,2026-10-10 09:15,-0.4,,,,,,Normal,-0.1
WL.KLT.01,2026-10-10 09:15,-0.67,,,,,,Normal,-0.62
WL.KMN.01,2026-10-10 09:15,0.27,1.4,,0.1,4.21,0.0,Normal,0.4
WL.KNB.01,2026-10-10 09:15,-0.83,,,,,,Normal,-0.8
WL.KNB.02,2026-10-10 09:15,-0.44,,,,,,Normal,-0.41
WL.KPG.01,2026-10-10 09:15,-1.41,,,,,,Normal,-1.09
WL.KPM.01,2026-10-10 09:15,-0.35,,,,,,Normal,-0.32
WL.KPM.03,2026-10-10 09:15,-0.17,,,,,,Normal,-0.11
WL.KPM.05,2026-10-10 09:15,0.48,,,,,,Normal,0.51
WL.KPM.06,2026-10-10 09:15,0.49,,,,,,Normal,0.54
WL.KPM.08,2026-10-10 09:15,0.43,,,,,,Normal,0.45
WL.KSG.01,2026-10-10 09:15,0.67,,,,,,Normal,0.7
WL.KSI.01,2026-10-10 09:15,0.76,,,,,,Normal,0.78
WL.KSI.02,2026-10-10 09:15,0.78,,,,,,Critical,0.8
WL.KSK.01,2026-10-10 09:15,-0.64,,,,,,Normal,-0.64
WL.KSM.01,2026-10-10 09:15,0.77,,,,,,Critical,0.8
WL.KSM.02,2026-10-10 09:15,0.71,,,,,,Critical,0.74
WL.KSO.01,2026-10-10 09:15,0.56,,,,,,Normal,0.62
WL.KSO.02,2026-10-10 09:15,0.58,,,,,,Normal,0.64
WL.KT4.01,2026-10-10 09:15,0.47,,,,,,Alert,0.48
WL.KTY.01,2026-10-10 09:15,-1.51,0.63,,0.0,,,Normal,-1.51
WL.LBK.02,2026-10-10 09:15,0.52,,,,,,Critical,0.53
WL.LBK.03,2026-10-10 09:15,0.41,,,,,,Critical,0.43
WL.LCL.01,2026-10-10 09:15,0.61,,,,,,Normal,0.63
WL.LCL.02,2026-10-10 09:15,0.36,,,,,,Normal,0.37
WL.LKB.01,2026-10-10 09:15,0.64,,,,,,Critical,0.67
WL.LOA.01,2026-10-10 09:15,0.73,,,,,,Normal,0.73
WL.LOA.02,2026-10-10 09:15,0.69,,,,,,Normal,0.71
WL.LPC.01,2026-10-10 09:15,1.09,,,,,,Critical,1.1
WL.LPG.02,2026-10-10 09:15,0.98,1.75,,0.0,,,Critical,0.99
WL.LPG.03,2026-10-10 09:15,0.93,,,,,,Critical,0.94
WL.LPN.01,2026-10-10 09:15,-0.73,0.85,,0.0,,,Normal,-0.59
WL.LPP.01,2026-10-10 09:15,-1.45,,,,,,Normal,-1.35
WL.LPP.02,2026-10-10 09:15,-0.75,,,,,,Normal,
WL.LPT.01,2026-10-10 09:15,1.21,,,,,,Critical,1.21
WL.LPT.03,2026-10-10 09:15,0.85,,,,,,Critical,0.87
WL.LPW.01,2026-10-10 09:15,-0.32,-0.35,,0.0,,,Normal,-0.25
WL.LPW.03,2026-10-10 09:15,0.17,,,,,,Normal,0.23
WL.LPW.04,2026-10-10 09:15,-0.5,,,,,,Normal,-0.49
WL.LPW.05,2026-10-10 09:15,-0.58,,,,,,Normal,-0.56
WL.LSG.01,2026-10-10 09:15,-1.19,,,,,,Normal,-1.19
WL.LSM.01,2026-10-10 09:15,-0.66,,,,,,Normal,-0.64
WL.LYW.01,2026-10-10 09:15,-1.51,,,,,,Normal,-1.48
WL.LYW.02,2026-10-10 09:15,-1.45,,,,,,Normal,-1.44
WL.MCM.01,2026-10-10 09:15,0.26,,,,,,Normal,0.44
WL.MFS.01,2026-10-10 09:15,-0.7,,,,,,Normal,-0.68
WL.MKT.01,2026-10-10 09:15,-0.35,,,,,,Normal,-0.31
WL.MSW.01,2026-10-10 09:15,1.53,,,,,,Normal,1.72
WL.MSW.02,2026-10-10 09:15,1.22,,,,,,Normal,1.25
WL.MSW.03,2026-10-10 09:15,1.53,,,,,,Normal,1.67
WL.MSW.04,2026-10-10 09:15,1.06,,,,,,Normal,
WL.MTG.01,2026-10-10 09:15,-0.66,,,,,,Normal,-0.66
WL.NBN.01,2026-10-10 09:15,-4.14,-1.24,,0.0,,,Normal,-3.94
WL.NCH.02,2026-10-10 09:15,-0.74,,,,,,Normal,-0.33
WL.NK1.01,2026-10-10 09:15,-0.51,,,,,,Normal,0.02
WL.NK3.01,2026-10-10 09:15,-0.42,,,,,,Normal,-0.12
WL.NKW.02,2026-10-10 09:15,-0.3,,,,,,Normal,-0.23
WL.NSG.01,2026-10-10 09:15,-2.0,,,,,,Normal,-2.0
WL.OAG.01,2026-10-10 09:15,-0.64,,,,,,Normal,-0.61
WL.ORC.01,2026-10-10 09:15,-1.35,-0.54,,0.0,,,Normal,-1.34
WL.PKG.01,2026-10-10 09:15,1.36,,,,,,Normal,1.77
WL.PKN.01,2026-10-10 09:15,-0.89,0.81,,0.0,0.0,0.0,Normal,-0.66
WL.PLK.01,2026-10-10 09:15,0.08,,,,,,Normal,1.18
WL.PLP.01,2026-10-10 09:15,-0.46,,,,,,Normal,-0.43
WL.PNM.01,2026-10-10 09:15,0.26,,,,,,Alert,0.3
WL.PSC.01,2026-10-10 09:15,0.35,0.38,,0.0,0.0,0.0,Normal,0.41
WL.PSC.02,2026-10-10 09:15,0.34,,,,,,Normal,0.38
WL.PSC.03,2026-10-10 09:15,0.35,,,,,,Normal,0.38
WL.PSC.05,2026-10-10 09:15,0.41,,,,,,Normal,0.47
WL.PSI.01,2026-10-10 09:15,-1.6,,,,,,Normal,-1.16
WL.PSR.01,2026-10-10 09:15,1.07,1.79,,0.2,,,Alert,1.09
WL.PSR.02,2026-10-10 09:15,1.1,,,,,,Alert,1.13
WL.PSR.03,2026-10-10 09:15,1.07,,,,,,Alert,1.1
WL.PSR.04,2026-10-10 09:15,0.73,,,,,,Normal,0.75
WL.PSR.05,2026-10-10 09:15,0.77,,,,,,Alert,0.78
WL.PST.01,2026-10-10 09:15,-0.91,,,,,,Normal,-0.88
WL.PWT.01,2026-10-10 09:15,-0.57,,,,,,Normal,-0.5
WL.PWT.02,2026-10-10 09:15,-0.08,,,,,,Normal,-0.06
WL.PWT.03,2026-10-10 09:15,0.14,0.17,,5.84,5.9,,Normal,0.18
WL.PWT.04,2026-10-10 09:15,0.47,0.52,,4.94,,,Alert,0.51
WL.PWT.06,2026-10-10 09:15,0.9,,,,,,Critical,0.92
WL.PWT.07,2026-10-10 09:15,0.89,,,,,,Critical,0.9
WL.PYW.01,2026-10-10 09:15,-1.06,,,,,,Normal,-0.54
WL.RHN.01,2026-10-10 09:15,-0.31,-0.19,,0.0,,,Normal,-0.06
WL.RJK.01,2026-10-10 09:15,0.31,0.31,,7.5,,,Normal,0.33
WL.RKC.01,2026-10-10 09:15,-0.91,,,,,,Normal,-0.91
WL.RMN.01,2026-10-10 09:15,0.53,,,,,,Normal,
WL.RMT.01,2026-10-10 09:15,-1.14,0.89,,0.0,0.0,,Normal,-0.58
WL.RMT.02,2026-10-10 09:15,-0.08,,,,,,Normal,0.1
WL.RMT.03,2026-10-10 09:15,-2.0,,,,,,Normal,-2.0
WL.RSK.01,2026-10-10 09:15,0.43,,,,,,Normal,0.46
WL.SBR.01,2026-10-10 09:15,0.53,1.21,,0.0,,,Normal,0.57
WL.SBR.02,2026-10-10 09:15,0.48,,,,,,Normal,0.53
WL.SBT.01,2026-10-10 09:15,-0.18,0.19,,0.0,,,Normal,0.09
WL.SCO.01,2026-10-10 09:15,0.24,,,,,,Normal,0.24
WL.SDN.01,2026-10-10 09:15,0.23,,,,,,Normal,0.23
WL.SKG.01,2026-10-10 09:15,-0.75,,,,,,Normal,-0.47
WL.SKT.01,2026-10-10 09:15,-0.83,,,,,,Normal,-0.68
WL.SKT.02,2026-10-10 09:15,-1.01,,,,,,Normal,-0.72
WL.SLL.01,2026-10-10 09:15,0.04,,,,,,Normal,0.05
WL.SMK.01,2026-10-10 09:15,-0.22,,,,,,Normal,-0.22
WL.SNC.01,2026-10-10 09:15,-0.29,1.02,,0.0,0.0,0.0,Alert,-0.14
WL.SNC.02,2026-10-10 09:15,0.31,,,,,,Normal,0.38
WL.SNC.03,2026-10-10 09:15,0.07,,,,,,Normal,0.15
WL.SNO.01,2026-10-10 09:15,-1.04,,,,,,Normal,-1.03
WL.SOL.01,2026-10-10 09:15,-0.66,,,,,,Normal,-0.66
WL.SRE.01,2026-10-10 09:15,-0.19,1.09,,0.0,0.0,,Normal,0.18
WL.SRG.01,2026-10-10 09:15,-0.67,0.87,,0.0,0.0,0.0,Normal,-0.62
WL.SSB.01,2026-10-10 09:15,-0.62,,,,,,Normal,-0.58
WL.SSB.03,2026-10-10 09:15,-0.4,,,,,,Normal,-0.38
WL.SSB.04,2026-10-10 09:15,-0.55,-0.58,,7.5,7.5,,Normal,-0.5
WL.SSB.06,2026-10-10 09:15,-0.37,,,,,,Normal,-0.32
WL.SSB.07,2026-10-10 09:15,0.03,,,,,,Normal,0.05
WL.SSB.08,2026-10-10 09:15,0.31,,,,,,Normal,0.33
WL.SSB.09,2026-10-10 09:15,0.55,1.1,,0.0,,,Critical,0.57
WL.SSB.10,2026-10-10 09:15,0.81,1.04,,3.65,,,Critical,0.83
WL.SSB.11,2026-10-10 09:15,1.21,,,,,,Critical,1.22
WL.SSB.12,2026-10-10 09:15,1.22,1.5,,0.0,,,Critical,1.22
WL.SSB.13,2026-10-10 09:15,1.89,,,,,,Critical,
WL.SSG.01,2026-10-10 09:15,1.56,,,,,,Alert,1.57
WL.SSM.01,2026-10-10 09:15,1.31,-99,,0.0,,,Critical,1.32
WL.SSM.02,2026-10-10 09:15,1.56,,,,,,Normal,
WL.SSN.01,2026-10-10 09:15,-1.02,1.6,,7.0,0.0,0.0,Normal,-1.01
WL.SSN.04,2026-10-10 09:15,-1.2,,,,,,Normal,-1.2
WL.SSN.06,2026-10-10 09:15,-1.77,,,,,,Normal,-1.77
WL.SSN.07,2026-10-10 09:15,-0.97,,,,,,Normal,-0.97
WL.SSN.09,2026-10-10 09:15,-0.61,,,,,,Normal,-0.6
WL.SSN.10,2026-10-10 09:15,-0.58,,,,,,Normal,-0.58
WL.SST.01,2026-10-10 09:15,0.8,1.75,,0.32,,,Alert,0.83
WL.STN.02,2026-10-10 09:15,0.6,,,,,,Critical,0.62
WL.STN.03,2026-10-10 09:15,0.62,,,,,,Critical,0.64
WL.STR.01,2026-10-10 09:15,-1.0,0.24,1.09,0.0,0.0,0.0,Normal,-0.91
WL.SWA.01,2026-10-10 09:15,0.85,1.35,,0.44,,,Critical,0.85
WL.SWU.01,2026-10-10 09:15,-1.57,,,,,,Normal,-1.12
WL.TCG.01,2026-10-10 09:15,-0.95,,,,,,Normal,-0.95
WL.TPK.03,2026-10-10 09:15,0.43,,,,,,Critical,0.45
WL.TSK.01,2026-10-10 09:15,-1.8,,,,,,Normal,-1.39
WL.TTN.01,2026-10-10 09:15,-0.85,,,,,,Normal,-0.82
WL.TUT.02,2026-10-10 09:15,-0.29,,,,,,Normal,-0.29
WL.TWW.01,2026-10-10 09:15,0.57,1.16,,0.04,,,Normal,0.76
WL.TWW.02,2026-10-10 09:15,0.54,,,,,,Normal,0.69
WL.TWW.03,2026-10-10 09:15,0.59,,,,,,Normal,0.62
WL.TWW.04,2026-10-10 09:15,0.54,,,,,,Normal,0.57
WL.TWW.05,2026-10-10 09:15,0.44,,,,,,Normal,0.49
WL.VPD.01,2026-10-10 09:15,-1.02,,,,,,Normal,-0.94
WL.VPD.02,2026-10-10 09:15,-0.98,,,,,,Normal,-0.91
WL.VPD.03,2026-10-10 09:15,-1.31,,,,,,Normal,-1.29
WL.VPV.01,2026-10-10 09:15,-2.86,,,0.0,,,Normal,-1.39
WL.WHK.01,2026-10-10 09:15,0.93,,,,,,Alert,0.98
WL.WKT.01,2026-10-10 09:15,0.39,,,,,,Normal,0.4
WL.WLS.01,2026-10-10 09:15,0.47,,,,,,Normal,0.55
WL.WSI.01,2026-10-10 09:15,-1.08,0.9,,0.0,0.0,0.0,Normal,-0.5
WL.WTK.01,2026-10-10 09:15,-0.85,,,,,,Normal,-0.46
WL.WTN.02,2026-10-10 09:15,-1.34,,,,,,Normal,-1.11
WL.YPE.01,2026-10-10 09:15,0.37,,,,,,Normal,0.41
WL.YPN.01,2026-10-10 09:15,-0.94,,,,,,Normal,-0.79
WL.YPN.02,2026-10-10 09:15,-1.18,,,,,,Normal,-0.84
WL.YSN.02,2026-10-10 09:15,-0.96,,,,,,Normal,-0.91
WL.LPI.02,2026-10-10 09:19,-0.07,,,,,,Normal,-0.06
WL.KPM.04,2026-10-10 09:25,0.36,,,,,,Normal,0.4
WL.KKD.04,2026-10-10 09:35,-0.59,,,,,,Normal,-0.58
WL.BBN.01,2026-10-10 09:50,0.02,,,,,,out of order,0.09
WL.PSR.06,2026-10-10 09:50,0.7,,,,,,out of order,0.71
WL.AJP.01,2026-10-10 10:00,-0.78,,,,,,backfill,
WL.ANX.01,2026-10-10 10:00,-0.03,,,,,,backfill,
WL.BAM.01,2026-10-10 10:00,0.14,,,,,,backfill,
WL.BBN.01,2026-10-10 10:00,,,,,,,backfill,
WL.BBN.02,2026-10-10 10:00,0.26,,,,,,backfill,
WL.BBN.03,2026-10-10 10:00,0.55,,,,,,backfill,
WL.BBR.01,2026-10-10 10:00,0.11,,,,,,backfill,
WL.BBR.02,2026-10-10 10:00,0.10,,,,,,backfill,
WL.BBU.01,2026-10-10 10:00,0.40,,,,,,backfill,
WL.BCN.01,2026-10-10 10:00,0.41,,,,,,backfill,
WL.BCN.02,2026-10-10 10:00,0.43,,,,,,backfill,
WL.BCN.03,2026-10-10 10:00,0.46,,,,,,backfill,
WL.BJK.01,2026-10-10 10:00,-1.32,0.41,,,,,backfill,
WL.BJK.02,2026-10-10 10:00,0.45,,,,,,backfill,
WL.BJK.03,2026-10-10 10:00,0.41,,,,,,backfill,
WL.BJK.04,2026-10-10 10:00,0.48,,,,,,backfill,
WL.BKA.01,2026-10-10 10:00,-1.45,1.71,,,,,backfill,
WL.BKA.02,2026-10-10 10:00,-0.88,,,,,,backfill,
WL.BKA.03,2026-10-10 10:00,-0.44,,,,,,backfill,
WL.BKA.04,2026-10-10 10:00,0.06,,,,,,backfill,
WL.BKB.01,2026-10-10 10:00,-0.35,,,,,,backfill,
WL.BKG.01,2026-10-10 10:00,0.66,-2.00,,,,,backfill,
WL.BKT.01,2026-10-10 10:00,-0.83,,,,,,backfill,
WL.BKY.01,2026-10-10 10:00,0.31,1.28,,,,,backfill,
WL.BKY.02,2026-10-10 10:00,0.38,,,,,,backfill,
WL.BLP.02,2026-10-10 10:00,-0.59,,,,,,backfill,
WL.BLY.01,2026-10-10 10:00,-0.49,,,,,,backfill,
WL.BLY.02,2026-10-10 10:00,-0.57,,,,,,backfill,
WL.BMA.02,2026-10-10 10:00,-0.07,,,,,,backfill,
WL.BMK.01,2026-10-10 10:00,-1.73,,,,,,backfill,
WL.BNA.01,2026-10-10 10:00,-1.40,0.32,,,,,backfill,
WL.BNA.02,2026-10-10 10:00,,,,,,,backfill,
WL.BNA.03,2026-10-10 10:00,-0.68,,,,,,backfill,
WL.BNA.04,2026-10-10 10:00,-0.59,,,,,,backfill,
WL.BNJ.01,2026-10-10 10:00,-0.92,,,,,,backfill,
WL.BNJ.02,2026-10-10 10:00,,,,,,,backfill,
WL.BNJ.03,2026-10-10 10:00,,,,,,,backfill,
WL.BNJ.04,2026-10-10 10:00,-1.12,,,,,,backfill,
WL.BNS.01,2026-10-10 10:00,0.36,,,,,,backfill,
WL.BOA.01,2026-10-10 10:00,-1.24,0.48,,,,,backfill,
WL.BOA.02,2026-10-10 10:00,-1.25,,,,,,backfill,
WL.BOA.03,2026-10-10 10:00,-1.28,,,,,,backfill,
WL.BON.01,2026-10-10 10:00,-1.25,,,,,,backfill,
WL.BPA.01,2026-10-10 10:00,-0.63,,,,,,backfill,
WL.BPK.01,2026-10-10 10:00,0.20,,,,,,backfill,
WL.BPM.01,2026-10-10 10:00,0.29,,,,,,backfill,
WL.BPM.02,2026-10-10 10:00,0.38,,,,,,backfill,
WL.BPM.03,2026-10-10 10:00,0.51,,,,,,backfill,
WL.BPM.04,2026-10-10 10:00,0.43,,,,,,backfill,
WL.BPN.02,2026-10-10 10:00,0.30,,,,,,backfill,
WL.BPU.01,2026-10-10 10:00,-0.28,,,,,,backfill,
WL.BSK.01,2026-10-10 10:00,-0.36,0.90,,,,,backfill,
WL.BSU.01,2026-10-10 10:00,-0.74,1.63,,,,,backfill,
WL.BSU.02,2026-10-10 10:00,-0.78,,,,,,backfill,
WL.BSU.03,2026-10-10 10:00,-1.26,,,,,,backfill,
WL.BSU.04,2026-10-10 10:00,-1.12,,,,,,backfill,
WL.BSU.05,2026-10-10 10:00,-1.20,,,,,,backfill,
WL.BSU.06,2026-10-10 10:00,,,,,,,backfill,
WL.BSU.07,2026-10-10 10:00,-0.55,,,,,,backfill,
WL.BTL.01,2026-10-10 10:00,-0.62,,,,,,backfill,
WL.BTY.01,2026-10-10 10:00,0.24,,,,,,backfill,
WL.BWK.01,2026-10-10 10:00,0.34,,,,,,backfill,
WL.BWK.02,2026-10-10 10:00,0.54,,,,,,backfill,
WL.BWK.03,2026-10-10 10:00,0.52,,,,,,backfill,
WL.BYI.01,2026-10-10 10:00,1.00,,,,,,backfill,
WL.BYK.01,2026-10-10 10:00,,,,,,,backfill,
WL.BYK.02,2026-10-10 10:00,0.11,,,,,,backfill,
WL.CKS.01,2026-10-10 10:00,-1.45,,,,,,backfill,
WL.CKS.02,2026-10-10 10:00,-1.10,,,,,,backfill,
WL.CKS.03,2026-10-10 10:00,-1.23,,,,,,backfill,
WL.CNS.01,2026-10-10 10:00,-1.69,0.52,,,,,backfill,
WL.CPA.01,2026-10-10 10:00,0.29,1.41,,,,,backfill,
WL.CPA.02,2026-10-10 10:00,0.32,,,,,,backfill,
WL.CYI.01,2026-10-10 10:00,-0.59,,,,,,backfill,
WL.CYI.02,2026-10-10 10:00,-0.57,,,,,,backfill,
WL.CYI.03,2026-10-10 10:00,-0.49,,,,,,backfill,
WL.DKN.01,2026-10-10 10:00,0.27,0.86,,,,,backfill,
WL.FTM.01,2026-10-10 10:00,-1.08,,,,,,backfill,
WL.HKG.01,2026-10-10 10:00,-0.75,,,,,,backfill,
WL.HKG.02,2026-10-10 10:00,-0.68,,,,,,backfill,
WL.HMK.01,2026-10-10 10:00,-0.19,,,,,,backfill,
WL.HMK.02,2026-10-10 10:00,-0.35,,,,,,backfill,
WL.HMK.03,2026-10-10 10:00,-0.13,,,,,,backfill,
WL.JKK.01,2026-10-10 10:00,,,,,,,backfill,
WL.JRN.01,2026-10-10 10:00,0.30,0.71,,,,,backfill,
WL.KBU.01,2026-10-10 10:00,0.44,1.38,,,,,backfill,
WL.KBU.02,2026-10-10 10:00,0.43,,,,,,backfill,
WL.KCD.01,2026-10-10 10:00,-1.05,,,,,,backfill,
WL.KDN.01,2026-10-10 10:00,-0.66,0.59,,,,,backfill,
WL.KJA.01,2026-10-10 10:00,-0.73,,,,,,backfill,
WL.KJA.02,2026-10-10 10:00,-0.34,,,,,,backfill,
WL.KJG.01,2026-10-10 10:00,-0.46,,,,,,backfill,
WL.KJK.01,2026-10-10 10:00,-1.19,0.43,,,,,backfill,
WL.KJK.02,2026-10-10 10:00,-1.13,,,,,,backfill,
WL.KJN.01,2026-10-10 10:00,-0.15,,,,,,backfill,
WL.KJN.02,2026-10-10 10:00,-0.09,,,,,,backfill,
WL.KJT.01,2026-10-10 10:00,-1.09,,,,,,backfill,
WL.KJU.01,2026-10-10 10:00,-0.73,,,,,,backfill,
WL.KKD.01,2026-10-10 10:00,-0.51,,,,,,backfill,
WL.KKD.02,2026-10-10 10:00,-0.62,,,,,,backfill,
WL.KKD.03,2026-10-10 10:00,,,,,,,backfill,
WL.KKD.04,2026-10-10 10:00,-0.59,,,,,,backfill,
WL.KKO.01,2026-10-10 10:00,1.61,,,,,,backfill,
WL.KKS.01,2026-10-10 10:00,-0.60,1.41,,,,,backfill,
WL.KKS.02,2026-10-10 10:00,-0.55,,,,,,backfill,
WL.KKS.03,2026-10-10 10:00,-0.70,,,,,,backfill,
WL.KKS.04,2026-10-10 10:00,-0.73,1.06,,,,,backfill,
WL.KKY.01,2026-10-10 10:00,0.51,,,,,,backfill,
WL.KKY.02,2026-10-10 10:00,0.51,,,,,,backfill,
WL.KLA.01,2026-10-10 10:00,-0.31,,,,,,backfill,
WL.KLD.01,2026-10-10 10:00,-0.46,,,,,,backfill,
WL.KLD.02,2026-10-10 10:00,-0.40,,,,,,backfill,
WL.KLT.01,2026-10-10 10:00,-0.68,,,,,,backfill,
WL.KMN.01,2026-10-10 10:00,0.25,1.25,,,,,backfill,
WL.KNB.01,2026-10-10 10:00,-0.87,,,,,,backfill,
WL.KNB.02,2026-10-10 10:00,-0.44,,,,,,backfill,
WL.KPG.01,2026-10-10 10:00,-1.27,,,,,,backfill,
WL.KPM.01,2026-10-10 10:00,-0.36,,,,,,backfill,
WL.KPM.03,2026-10-10 10:00,-0.16,,,,,,backfill,
WL.KPM.04,2026-10-10 10:00,0.41,,,,,,backfill,
WL.KPM.05,2026-10-10 10:00,0.47,,,,,,backfill,
WL.KPM.06,2026-10-10 10:00,0.47,,,,,,backfill,
WL.KPM.08,2026-10-10 10:00,0.45,,,,,,backfill,
WL.KPM.09,2026-10-10 10:00,,,,,,,backfill,
WL.KSG.01,2026-10-10 10:00,0.67,,,,,,backfill,
WL.KSI.01,2026-10-10 10:00,0.76,,,,,,backfill,
WL.KSI.02,2026-10-10 10:00,0.78,,,,,,backfill,
WL.KSK.01,2026-10-10 10:00,-0.64,,,,,,backfill,
WL.KSM.01,2026-10-10 10:00,0.77,,,,,,backfill,
WL.KSM.02,2026-10-10 10:00,0.71,,,,,,backfill,
WL.KSO.01,2026-10-10 10:00,0.59,,,,,,backfill,
WL.KSO.02,2026-10-10 10:00,0.59,,,,,,backfill,
WL.KT4.01,2026-10-10 10:00,0.47,,,,,,backfill,
WL.KTY.01,2026-10-10 10:00,-1.49,0.43,,,,,backfill,
WL.LBK.02,2026-10-10 10:00,0.52,,,,,,backfill,
WL.LBK.03,2026-10-10 10:00,0.41,,,,,,backfill,
WL.LCL.01,2026-10-10 10:00,0.61,,,,,,backfill,
WL.LCL.02,2026-10-10 10:00,0.41,,,,,,backfill,
WL.LKB.01,2026-10-10 10:00,0.63,,,,,,backfill,
WL.LOA.01,2026-10-10 10:00,0.74,,,,,,backfill,
WL.LOA.02,2026-10-10 10:00,0.69,,,,,,backfill,
WL.LPC.01,2026-10-10 10:00,1.09,,,,,,backfill,
WL.LPG.02,2026-10-10 10:00,0.98,1.75,,,,,backfill,
WL.LPG.03,2026-10-10 10:00,0.92,,,,,,backfill,
WL.LPI.02,2026-10-10 10:00,-0.03,,,,,,backfill,
WL.LPN.01,2026-10-10 10:00,-0.91,0.80,,,,,backfill,
WL.LPP.01,2026-10-10 10:00,-1.46,,,,,,backfill,
WL.LPT.01,2026-10-10 10:00,1.21,,,,,,backfill,
WL.LPT.03,2026-10-10 10:00,0.85,,,,,,backfill,
WL.LPW.01,2026-10-10 10:00,-0.31,-0.34,,,,,backfill,
WL.LPW.03,2026-10-10 10:00,0.17,,,,,,backfill,
WL.LPW.04,2026-10-10 10:00,-0.50,,,,,,backfill,
WL.LPW.05,2026-10-10 10:00,-0.58,,,,,,backfill,
WL.LSG.01,2026-10-10 10:00,-1.20,,,,,,backfill,
WL.LSM.01,2026-10-10 10:00,-0.66,,,,,,backfill,
WL.LYW.01,2026-10-10 10:00,-1.49,,,,,,backfill,
WL.LYW.02,2026-10-10 10:00,-1.46,,,,,,backfill,
WL.MCM.01,2026-10-10 10:00,0.26,,,,,,backfill,
WL.MFS.01,2026-10-10 10:00,-0.70,,,,,,backfill,
WL.MKT.01,2026-10-10 10:00,-0.35,,,,,,backfill,
WL.MSW.01,2026-10-10 10:00,1.43,,,,,,backfill,
WL.MSW.02,2026-10-10 10:00,1.21,,,,,,backfill,
WL.MSW.03,2026-10-10 10:00,1.42,,,,,,backfill,
WL.MTG.01,2026-10-10 10:00,-0.65,,,,,,backfill,
WL.NBN.01,2026-10-10 10:00,-4.12,-1.38,,,,,backfill,
WL.NCH.02,2026-10-10 10:00,-0.86,,,,,,backfill,
WL.NK1.01,2026-10-10 10:00,-0.45,,,,,,backfill,
WL.NK3.01,2026-10-10 10:00,-0.44,,,,,,backfill,
WL.NKW.02,2026-10-10 10:00,-0.30,,,,,,backfill,
WL.NSG.01,2026-10-10 10:00,-2.00,,,,,,backfill,
WL.OAG.01,2026-10-10 10:00,-0.64,,,,,,backfill,
WL.ORC.01,2026-10-10 10:00,-1.34,-0.50,,,,,backfill,
WL.PKG.01,2026-10-10 10:00,1.22,,,,,,backfill,
WL.PKN.01,2026-10-10 10:00,-0.87,0.59,,,,,backfill,
WL.PLK.01,2026-10-10 10:00,-0.12,,,,,,backfill,
WL.PLP.01,2026-10-10 10:00,-0.46,,,,,,backfill,
WL.PNM.01,2026-10-10 10:00,0.26,,,,,,backfill,
WL.PSC.01,2026-10-10 10:00,0.34,0.37,,,,,backfill,
WL.PSC.02,2026-10-10 10:00,0.33,,,,,,backfill,
WL.PSC.03,2026-10-10 10:00,0.34,,,,,,backfill,
WL.PSC.05,2026-10-10 10:00,0.42,,,,,,backfill,
WL.PSI.01,2026-10-10 10:00,-1.73,,,,,,backfill,
WL.PSR.01,2026-10-10 10:00,1.07,1.78,,,,,backfill,
WL.PSR.02,2026-10-10 10:00,1.10,,,,,,backfill,
WL.PSR.03,2026-10-10 10:00,1.07,,,,,,backfill,
WL.PSR.04,2026-10-10 10:00,0.73,,,,,,backfill,
WL.PSR.05,2026-10-10 10:00,0.77,,,,,,backfill,
WL.PSR.06,2026-10-10 10:00,,,,,,,backfill,
WL.PST.01,2026-10-10 10:00,-0.91,,,,,,backfill,
WL.PWT.01,2026-10-10 10:00,-0.58,,,,,,backfill,
WL.PWT.02,2026-10-10 10:00,-0.08,,,,,,backfill,
WL.PWT.03,2026-10-10 10:00,0.14,0.15,,,,,backfill,
WL.PWT.04,2026-10-10 10:00,0.47,0.51,,,,,backfill,
WL.PWT.05,2026-10-10 10:00,,,,,,,backfill,
WL.PWT.06,2026-10-10 10:00,0.90,,,,,,backfill,
WL.PWT.07,2026-10-10 10:00,0.88,,,,,,backfill,
WL.PYW.01,2026-10-10 10:00,-1.12,,,,,,backfill,
WL.RHN.01,2026-10-10 10:00,-0.38,-0.19,,,,,backfill,
WL.RJK.01,2026-10-10 10:00,0.31,0.31,,,,,backfill,
WL.RKC.01,2026-10-10 10:00,-0.82,,,,,,backfill,
WL.RMT.01,2026-10-10 10:00,-1.08,0.86,,,,,backfill,
WL.RMT.02,2026-10-10 10:00,-0.09,,,,,,backfill,
WL.RSK.01,2026-10-10 10:00,0.42,,,,,,backfill,
WL.SBR.01,2026-10-10 10:00,0.54,1.20,,,,,backfill,
WL.SBR.02,2026-10-10 10:00,0.49,,,,,,backfill,
WL.SBT.01,2026-10-10 10:00,-0.61,0.21,,,,,backfill,
WL.SCO.01,2026-10-10 10:00,0.25,,,,,,backfill,
WL.SDN.01,2026-10-10 10:00,0.23,,,,,,backfill,
WL.SKG.01,2026-10-10 10:00,-0.89,,,,,,backfill,
WL.SKT.01,2026-10-10 10:00,-0.82,,,,,,backfill,
WL.SKT.02,2026-10-10 10:00,-1.17,,,,,,backfill,
WL.SLL.01,2026-10-10 10:00,0.03,,,,,,backfill,
WL.SMK.01,2026-10-10 10:00,-0.22,,,,,,backfill,
WL.SNC.01,2026-10-10 10:00,-0.32,1.00,,,,,backfill,
WL.SNC.02,2026-10-10 10:00,0.31,,,,,,backfill,
WL.SNC.03,2026-10-10 10:00,0.26,,,,,,backfill,
WL.SNO.01,2026-10-10 10:00,-1.60,,,,,,backfill,
WL.SOL.01,2026-10-10 10:00,-0.66,,,,,,backfill,
WL.SRE.01,2026-10-10 10:00,-0.83,0.93,,,,,backfill,
WL.SRG.01,2026-10-10 10:00,-0.69,0.74,,,,,backfill,
WL.SSB.01,2026-10-10 10:00,-0.64,,,,,,backfill,
WL.SSB.03,2026-10-10 10:00,-0.41,,,,,,backfill,
WL.SSB.04,2026-10-10 10:00,-0.55,-0.58,,,,,backfill,
WL.SSB.06,2026-10-10 10:00,-0.43,,,,,,backfill,
WL.SSB.07,2026-10-10 10:00,0.01,,,,,,backfill,
WL.SSB.08,2026-10-10 10:00,0.31,,,,,,backfill,
WL.SSB.10,2026-10-10 10:00,0.80,1.04,,,,,backfill,
WL.SSB.11,2026-10-10 10:00,1.21,,,,,,backfill,
WL.SSB.12,2026-10-10 10:00,1.22,1.50,,,,,backfill,
WL.SSG.01,2026-10-10 10:00,1.56,,,,,,backfill,
WL.SSM.01,2026-10-10 10:00,1.31,,,,,,backfill,
WL.SSN.01,2026-10-10 10:00,-1.02,1.50,,,,,backfill,
WL.SSN.02,2026-10-10 10:00,-1.04,,,,,,backfill,
WL.SSN.04,2026-10-10 10:00,-1.17,,,,,,backfill,
WL.SSN.06,2026-10-10 10:00,-1.77,,,,,,backfill,
WL.SSN.07,2026-10-10 10:00,-0.97,,,,,,backfill,
WL.SSN.08,2026-10-10 10:00,-0.60,-0.57,,,,,backfill,
WL.SSN.09,2026-10-10 10:00,-0.61,,,,,,backfill,
WL.SSN.10,2026-10-10 10:00,-0.59,,,,,,backfill,
WL.SST.01,2026-10-10 10:00,0.80,1.75,,,,,backfill,
WL.STN.01,2026-10-10 10:00,0.54,,,,,,backfill,
WL.STN.02,2026-10-10 10:00,0.60,,,,,,backfill,
WL.STN.03,2026-10-10 10:00,0.62,,,,,,backfill,
WL.STR.01,2026-10-10 10:00,-1.01,0.23,0.95,,,,backfill,
WL.SWA.01,2026-10-10 10:00,0.85,1.34,,,,,backfill,
WL.SWU.01,2026-10-10 10:00,-1.49,,,,,,backfill,
WL.TCG.01,2026-10-10 10:00,-0.95,,,,,,backfill,
WL.TPK.02,2026-10-10 10:00,,,,,,,backfill,
WL.TPK.03,2026-10-10 10:00,0.43,,,,,,backfill,
WL.TSK.01,2026-10-10 10:00,-1.80,,,,,,backfill,
WL.TTN.01,2026-10-10 10:00,-0.85,,,,,,backfill,
WL.TUT.02,2026-10-10 10:00,-0.25,,,,,,backfill,
WL.TWW.01,2026-10-10 10:00,0.59,1.14,,,,,backfill,
WL.TWW.02,2026-10-10 10:00,0.56,,,,,,backfill,
WL.TWW.03,2026-10-10 10:00,0.59,,,,,,backfill,
WL.TWW.04,2026-10-10 10:00,0.55,,,,,,backfill,
WL.TWW.05,2026-10-10 10:00,0.43,,,,,,backfill,
WL.VPD.01,2026-10-10 10:00,-1.02,,,,,,backfill,
WL.VPD.02,2026-10-10 10:00,-0.98,,,,,,backfill,
WL.VPD.03,2026-10-10 10:00,-1.31,,,,,,backfill,
WL.VPV.01,2026-10-10 10:00,-1.83,,,,,,backfill,
WL.WHK.01,2026-10-10 10:00,0.91,,,,,,backfill,
WL.WKT.01,2026-10-10 10:00,0.39,,,,,,backfill,
WL.WLS.01,2026-10-10 10:00,0.48,,,,,,backfill,
WL.WSI.01,2026-10-10 10:00,-1.46,0.73,,,,,backfill,
WL.WSV.01,2026-10-10 10:00,-0.07,,,,,,backfill,
WL.WTK.01,2026-10-10 10:00,-0.89,,,,,,backfill,
WL.WTN.02,2026-10-10 10:00,-1.25,,,,,,backfill,
WL.YPE.01,2026-10-10 10:00,0.36,,,,,,backfill,
WL.YPN.01,2026-10-10 10:00,-0.95,,,,,,backfill,
WL.YPN.02,2026-10-10 10:00,-1.03,,,,,,backfill,
WL.YSN.02,2026-10-10 10:00,-0.95,,,,,,backfill,
WL.ANG.01,2026-10-10 10:10,0.92,,,,,,Normal,
WL.BBU.02,2026-10-10 10:10,0.43,,,,,,Normal,
WL.BKH.01,2026-10-10 10:10,0.1,,,,,,Normal,
WL.BKK.01,2026-10-10 10:10,0.43,,,,,,Normal,
WL.BMD.01,2026-10-10 10:10,0.5,,,,,,Normal,
WL.BNJ.05,2026-10-10 10:10,-2.2,,,,,,Normal,
WL.BPK.01,2026-10-10 10:10,0.2,,,,,,Normal,0.22
WL.BSE.01,2026-10-10 10:10,-1.55,,,,,,Normal,
WL.BTL.02,2026-10-10 10:10,0.03,,,,,,Normal,
WL.CLH.01,2026-10-10 10:10,-0.46,,,,,,Normal,
WL.CYI.02,2026-10-10 10:10,-0.57,,,,,,Normal,-0.54
WL.HKG.01,2026-10-10 10:10,-0.75,,,,,,Normal,-0.71
WL.K08.01,2026-10-10 10:10,1.56,,,,,,Alert,
WL.K10.01,2026-10-10 10:10,1.63,,,,,,Alert,
WL.K11.01,2026-10-10 10:10,1.58,,,,,,Alert,
WL.KBP.01,2026-10-10 10:10,-0.3,,,,,,Normal,
WL.KHW.01,2026-10-10 10:10,1.7,,,,,,Normal,
WL.KJA.01,2026-10-10 10:10,-0.73,,,,,,Normal,-0.72
WL.KKO.02,2026-10-10 10:10,1.56,,,,,,Alert,
WL.KPM.07,2026-10-10 10:10,0.51,,,,,,Normal,
WL.LPP.02,2026-10-10 10:10,-0.77,,,,,,Normal,
WL.LPS.01,2026-10-10 10:10,0.78,,,,,,Normal,
WL.LPT.05,2026-10-10 10:10,1.28,,,,,,Normal,
WL.MKT.02,2026-10-10 10:10,-0.88,,,,,,Normal,
WL.MSW.04,2026-10-10 10:10,1.07,,,,,,Normal,
WL.NK3.02,2026-10-10 10:10,-0.53,,,,,,Normal,
WL.POC.01,2026-10-10 10:10,1.46,,,,,,Normal,
WL.PSC.06,2026-10-10 10:10,0.04,,,,,,Normal,
WL.RMN.01,2026-10-10 10:10,0.53,,,,,,Normal,
WL.RPS.01,2026-10-10 10:10,2.11,,,,,,Alert,
WL.SDN.01,2026-10-10 10:10,0.23,,,,,,Normal,0.23
WL.SNC.02,2026-10-10 10:10,0.31,,,,,,Normal,0.38
WL.SSB.13,2026-10-10 10:10,1.89,,,,,,Critical,
WL.SSG.02,2026-10-10 10:10,1.55,,,,,,Alert,
WL.SSM.02,2026-10-10 10:10,1.56,,,,,,Normal,
WL.SWA.02,2026-10-10 10:10,1.42,,,,,,Normal,
WL.AJP.01,2026-10-10 10:15,-0.62,,,,,,Normal,-0.5
WL.ANX.01,2026-10-10 10:15,-0.03,,,,,,Normal,0.02
WL.BAM.01,2026-10-10 10:15,0.16,,,,,,Normal,0.24
WL.BBN.02,2026-10-10 10:15,0.26,,,,,,Normal,0.39
WL.BBN.03,2026-10-10 10:15,0.55,,,,,,Critical,0.55
WL.BBR.01,2026-10-10 10:15,0.11,,,,,,Normal,0.23
WL.BBR.02,2026-10-10 10:15,0.08,,,,,,Normal,0.2
WL.BBU.01,2026-10-10 10:15,0.4,,,,,,Normal,0.45
WL.BCN.01,2026-10-10 10:15,0.41,,,,,,Normal,0.46
WL.BCN.02,2026-10-10 10:15,0.43,,,,,,Normal,0.46
WL.BCN.03,2026-10-10 10:15,0.46,,,,,,Normal,0.52
WL.BJK.01,2026-10-10 10:15,-1.32,0.35,,0.0,0.0,,Normal,-1.29
WL.BJK.02,2026-10-10 10:15,0.44,,,,,,Normal,0.49
WL.BJK.03,2026-10-10 10:15,0.41,,,,,,Normal,0.46
WL.BJK.04,2026-10-10 10:15,0.48,,,,,,Normal,0.52
WL.BKA.01,2026-10-10 10:15,-1.44,1.68,,1.73,1.75,0.0,Normal,-1.1
WL.BKA.02,2026-10-10 10:15,-0.87,,,,,,Normal,-0.77
WL.BKA.03,2026-10-10 10:15,-0.43,,,,,,Normal,-0.37
WL.BKA.04,2026-10-10 10:15,0.05,,,,,,Normal,0.1
WL.BKB.01,2026-10-10 10:15,-0.36,,,,,,Normal,-0.32
WL.BKG.01,2026-10-10 10:15,0.66,-2.0,,0.0,,,Critical,0.67
WL.BKT.01,2026-10-10 10:15,-0.82,,,,,,Normal,-0.77
WL.BKY.01,2026-10-10 10:15,0.31,1.22,,0.0,0.0,0.0,Normal,0.41
WL.BKY.02,2026-10-10 10:15,0.38,,,,,,Normal,0.44
WL.BLP.02,2026-10-10 10:15,-0.61,,,,,,Normal,-0.57
WL.BLY.01,2026-10-10 10:15,-0.5,,,,,,Normal,-0.49
WL.BLY.02,2026-10-10 10:15,-0.57,,,,,,Normal,-0.57
WL.BMA.02,2026-10-10 10:15,-0.01,,,,,,Normal,0.01
WL.BMK.01,2026-10-10 10:15,-1.7,,,,,,Normal,-1.0
WL.BNA.01,2026-10-10 10:15,-1.42,0.25,,0.0,0.0,,Normal,-1.34
WL.BNA.03,2026-10-10 10:15,-0.68,,,,,,Normal,-0.65
WL.BNA.04,2026-10-10 10:15,-0.59,,,,,,Normal,-0.55
WL.BNJ.01,2026-10-10 10:15,-0.93,,,,,,Normal,-0.87
WL.BNJ.04,2026-10-10 10:15,-1.17,,,,,,Normal,-0.88
WL.BNS.01,2026-10-10 10:15,0.37,,,,,,Normal,0.4
WL.BOA.01,2026-10-10 10:15,-1.23,0.41,,0.0,0.0,,Normal,-1.17
WL.BOA.02,2026-10-10 10:15,-1.32,,,,,,Normal,-1.14
WL.BOA.03,2026-10-10 10:15,-1.25,,,,,,Normal,-1.17
WL.BON.01,2026-10-10 10:15,-1.27,,,,,,Normal,-1.2
WL.BPA.01,2026-10-10 10:15,-0.63,,,,,,Normal,-0.61
WL.BPM.01,2026-10-10 10:15,0.28,,,,,,Normal,0.32
WL.BPM.02,2026-10-10 10:15,0.38,,,,,,Normal,0.41
WL.BPM.03,2026-10-10 10:15,0.51,,,,,,Normal,0.56
WL.BPM.04,2026-10-10 10:15,0.44,,,,,,Normal,0.47
WL.BPN.02,2026-10-10 10:15,0.3,,,,,,Normal,0.41
WL.BPU.01,2026-10-10 10:15,-0.28,,,,,,Normal,1.18
WL.BSK.01,2026-10-10 10:15,-0.35,0.85,,0.0,0.0,,Normal,0.47
WL.BSU.01,2026-10-10 10:15,-0.73,1.62,,0.0,0.0,4.4,Normal,-0.72
WL.BSU.02,2026-10-10 10:15,-0.69,,,,,,Normal,-0.69
WL.BSU.03,2026-10-10 10:15,-1.24,,,,,,Normal,-1.16
WL.BSU.04,2026-10-10 10:15,-1.12,,,,,,Normal,-1.09
WL.BSU.05,2026-10-10 10:15,-1.18,,,,,,Normal,-1.01
WL.BSU.07,2026-10-10 10:15,-0.55,,,,,,Normal,-0.47
WL.BTL.01,2026-10-10 10:15,-0.62,,,,,,Normal,-0.62
WL.BTY.01,2026-10-10 10:15,0.24,,,,,,Normal,0.31
WL.BWK.01,2026-10-10 10:15,0.34,,,,,,Normal,0.4
WL.BWK.02,2026-10-10 10:15,0.54,,,,,,Normal,0.58
WL.BWK.03,2026-10-10 10:15,0.52,,,,,,Normal,0.54
WL.BYI.01,2026-10-10 10:15,1.0,,,,,,Critical,1.0
WL.BYK.02,2026-10-10 10:15,0.09,,,,,,Normal,0.29
WL.CKS.01,2026-10-10 10:15,-1.45,,,0.0,0.0,,Normal,-1.23
WL.CKS.02,2026-10-10 10:15,-1.1,,,,,,Normal,-0.93
WL.CKS.03,2026-10-10 10:15,-1.22,,,,,,Normal,-1.04
WL.CNS.01,2026-10-10 10:15,-1.65,0.47,,0.0,0.0,,Normal,-0.97
WL.CPA.01,2026-10-10 10:15,0.29,1.37,,0.0,3.52,,Normal,0.33
WL.CPA.02,2026-10-10 10:15,0.31,,,,,,Normal,0.39
WL.CYI.01,2026-10-10 10:15,-0.59,,,,,,Normal,-0.56
WL.CYI.03,2026-10-10 10:15,-0.49,,,,,,Normal,-0.48
WL.DKN.01,2026-10-10 10:15,0.27,0.79,,1.2,0.0,6.02,Normal,0.34
WL.FTM.01,2026-10-10 10:15,-1.08,,,,,,Normal,-1.04
WL.HKG.02,2026-10-10 10:15,-0.69,,,,,,Normal,-0.66
WL.HMK.01,2026-10-10 10:15,-0.19,,,,,,Alert,-0.15
WL.HMK.02,2026-10-10 10:15,-0.35,,,,,,Normal,-0.33
WL.HMK.03,2026-10-10 10:15,-0.13,,,,,,Normal,-0.11
WL.JKK.01,2026-10-10 10:15,0.27,,,,,,Alert,0.27
WL.JRN.01,2026-10-10 10:15,0.3,0.66,,0.0,,,Normal,0.32
WL.KBU.01,2026-10-10 10:15,0.44,1.35,,0.0,,,Normal,0.46
WL.KBU.02,2026-10-10 10:15,0.43,,,,,,Normal,0.45
WL.KCD.01,2026-10-10 10:15,-1.05,,,,,,Normal,-1.0
WL.KDN.01,2026-10-10 10:15,-0.65,0.52,,0.0,,,Normal,-0.56
WL.KJA.02,2026-10-10 10:15,-0.32,,,,,,Normal,-0.32
WL.KJG.01,2026-10-10 10:15,-0.47,,,,,,Normal,-0.43
WL.KJK.01,2026-10-10 10:15,-1.17,0.37,,0.0,0.0,,Normal,-1.17
WL.KJK.02,2026-10-10 10:15,-1.12,,,,,,Normal,-1.12
WL.KJN.01,2026-10-10 10:15,-0.15,,,,,,Alert,-0.15
WL.KJN.02,2026-10-10 10:15,-0.12,,,,,,Normal,-0.09
WL.KJT.01,2026-10-10 10:15,-1.11,,,,,,Normal,-1.07
WL.KJU.01,2026-10-10 10:15,-0.7,,,,,,Normal,-0.39
WL.KKD.01,2026-10-10 10:15,-0.51,,,,,,Normal,-0.5
WL.KKD.02,2026-10-10 10:15,-0.62,,,,,,Normal,-0.62
WL.KKO.01,2026-10-10 10:15,1.61,,,,,,Alert,1.62
WL.KKS.01,2026-10-10 10:15,-0.61,1.37,,0.0,0.0,,Normal,-0.57
WL.KKS.02,2026-10-10 10:15,-0.56,,,,,,Normal,-0.54
WL.KKS.03,2026-10-10 10:15,-0.71,,,,,,Normal,-0.66
WL.KKS.04,2026-10-10 10:15,-0.74,1.01,,0.0,,,Normal,-0.63
WL.KKY.01,2026-10-10 10:15,0.52,,,,,,Normal,0.52
WL.KKY.02,2026-10-10 10:15,0.52,,,,,,Normal,0.54
WL.KLA.01,2026-10-10 10:15,-0.31,,,,,,Normal,-0.29
WL.KLD.01,2026-10-10 10:15,-0.46,,,,,,Normal,-0.18
WL.KLD.02,2026-10-10 10:15,-0.39,,,,,,Normal,-0.1
WL.KLT.01,2026-10-10 10:15,-0.67,,,,,,Normal,-0.62
WL.KMN.01,2026-10-10 10:15,0.25,1.2,,6.64,0.0,0.0,Normal,0.4
WL.KNB.01,2026-10-10 10:15,-0.88,,,,,,Normal,-0.8
WL.KNB.02,2026-10-10 10:15,-0.44,,,,,,Normal,-0.41
WL.KPG.01,2026-10-10 10:15,-1.24,,,,,,Normal,-1.09
WL.KPM.01,2026-10-10 10:15,-0.35,,,,,,Normal,-0.32
WL.KPM.03,2026-10-10 10:15,-0.15,,,,,,Normal,-0.11
WL.KPM.05,2026-10-10 10:15,0.47,,,,,,Normal,0.51
WL.KPM.06,2026-10-10 10:15,0.45,,,,,,Normal,0.54
WL.KPM.08,2026-10-10 10:15,0.45,,,,,,Normal,0.46
WL.KSG.01,2026-10-10 10:15,0.67,,,,,,Normal,0.7
WL.KSI.01,2026-10-10 10:15,0.76,,,,,,Normal,0.78
WL.KSI.02,2026-10-10 10:15,0.78,,,,,,Critical,0.8
WL.KSK.01,2026-10-10 10:15,-0.64,,,,,,Normal,-0.64
WL.KSM.01,2026-10-10 10:15,0.77,,,,,,Critical,0.8
WL.KSM.02,2026-10-10 10:15,0.71,,,,,,Critical,0.74
WL.KSO.01,2026-10-10 10:15,0.59,,,,,,Normal,0.62
WL.KSO.02,2026-10-10 10:15,0.6,,,,,,Normal,0.64
WL.KT4.01,2026-10-10 10:15,0.47,,,,,,Alert,0.48
WL.KTY.01,2026-10-10 10:15,-1.48,0.39,,0.0,,,Normal,-1.48
WL.LBK.02,2026-10-10 10:15,0.52,,,,,,Critical,0.53
WL.LBK.03,2026-10-10 10:15,0.41,,,,,,Critical,0.43
WL.LCL.01,2026-10-10 10:15,0.62,,,,,,Normal,0.63
WL.LCL.02,2026-10-10 10:15,0.44,,,,,,Normal,0.44
WL.LKB.01,2026-10-10 10:15,0.63,,,,,,Critical,0.67
WL.LOA.01,2026-10-10 10:15,0.77,,,,,,Normal,0.77
WL.LOA.02,2026-10-10 10:15,0.69,,,,,,Normal,0.71
WL.LPC.01,2026-10-10 10:15,1.09,,,,,,Critical,1.1
WL.LPG.02,2026-10-10 10:15,0.98,1.75,,0.0,,,Critical,0.99
WL.LPG.03,2026-10-10 10:15,0.92,,,,,,Critical,0.94
WL.LPN.01,2026-10-10 10:15,-0.81,0.79,,0.0,,,Normal,-0.59
WL.LPP.01,2026-10-10 10:15,-1.47,,,,,,Normal,-1.35
WL.LPT.01,2026-10-10 10:15,1.21,,,,,,Critical,1.21
WL.LPT.03,2026-10-10 10:15,0.85,,,,,,Critical,0.87
WL.LPW.01,2026-10-10 10:15,-0.32,-0.34,,0.0,,,Normal,-0.25
WL.LPW.03,2026-10-10 10:15,0.17,,,,,,Normal,0.23
WL.LPW.04,2026-10-10 10:15,-0.5,,,,,,Normal,-0.49
WL.LPW.05,2026-10-10 10:15,-0.58,,,,,,Normal,-0.56
WL.LSG.01,2026-10-10 10:15,-1.2,,,,,,Normal,-1.19
WL.LSM.01,2026-10-10 10:15,-0.66,,,,,,Normal,-0.64
WL.LYW.01,2026-10-10 10:15,-1.48,,,,,,Normal,-1.48
WL.LYW.02,2026-10-10 10:15,-1.46,,,,,,Normal,-1.44
WL.MCM.01,2026-10-10 10:15,0.25,,,,,,Normal,0.44
WL.MFS.01,2026-10-10 10:15,-0.7,,,,,,Normal,-0.68
WL.MKT.01,2026-10-10 10:15,-0.35,,,,,,Normal,-0.31
WL.MSW.01,2026-10-10 10:15,1.4,,,,,,Normal,1.72
WL.MSW.02,2026-10-10 10:15,1.21,,,,,,Normal,1.25
WL.MSW.03,2026-10-10 10:15,1.39,,,,,,Normal,1.67
WL.MTG.01,2026-10-10 10:15,-0.65,,,,,,Normal,-0.65
WL.NBN.01,2026-10-10 10:15,-4.15,-1.34,,0.0,,,Normal,-3.94
WL.NCH.02,2026-10-10 10:15,-0.71,,,,,,Normal,-0.33
WL.NK1.01,2026-10-10 10:15,-0.44,,,,,,Normal,0.02
WL.NK3.01,2026-10-10 10:15,-0.45,,,,,,Normal,-0.12
WL.NKW.02,2026-10-10 10:15,-0.29,,,,,,Normal,-0.23
WL.NSG.01,2026-10-10 10:15,-2.0,,,,,,Normal,-2.0
WL.OAG.01,2026-10-10 10:15,-0.65,,,,,,Normal,-0.61
WL.ORC.01,2026-10-10 10:15,-1.34,-0.51,,0.0,,,Normal,-1.34
WL.PKG.01,2026-10-10 10:15,1.13,,,,,,Normal,1.77
WL.PKN.01,2026-10-10 10:15,-0.86,0.57,,0.0,0.0,0.0,Normal,-0.66
WL.PLK.01,2026-10-10 10:15,-0.18,,,,,,Normal,1.18
WL.PLP.01,2026-10-10 10:15,-0.46,,,,,,Normal,-0.43
WL.PNM.01,2026-10-10 10:15,0.26,,,,,,Alert,0.3
WL.PSC.01,2026-10-10 10:15,0.33,0.37,,0.0,0.0,0.0,Normal,0.41
WL.PSC.02,2026-10-10 10:15,0.33,,,,,,Normal,0.38
WL.PSC.03,2026-10-10 10:15,0.34,,,,,,Normal,0.38
WL.PSC.05,2026-10-10 10:15,0.41,,,,,,Normal,0.47
WL.PSI.01,2026-10-10 10:15,-1.71,,,,,,Normal,-1.16
WL.PSR.01,2026-10-10 10:15,1.06,1.78,,0.2,,,Alert,1.09
WL.PSR.02,2026-10-10 10:15,1.09,,,,,,Alert,1.13
WL.PSR.03,2026-10-10 10:15,1.07,,,,,,Alert,1.1
WL.PSR.04,2026-10-10 10:15,0.73,,,,,,Normal,0.75
WL.PSR.05,2026-10-10 10:15,0.77,,,,,,Alert,0.78
WL.PST.01,2026-10-10 10:15,-0.91,,,,,,Normal,-0.88
WL.PWT.01,2026-10-10 10:15,-0.57,,,,,,Normal,-0.5
WL.PWT.02,2026-10-10 10:15,-0.09,,,,,,Normal,-0.06
WL.PWT.03,2026-10-10 10:15,0.14,0.15,,5.84,5.9,,Normal,0.18
WL.PWT.04,2026-10-10 10:15,0.47,0.51,,4.94,,,Alert,0.51
WL.PWT.06,2026-10-10 10:15,0.9,,,,,,Critical,0.92
WL.PWT.07,2026-10-10 10:15,0.89,,,,,,Critical,0.9
WL.PYW.01,2026-10-10 10:15,-1.22,,,,,,Normal,-0.54
WL.RHN.01,2026-10-10 10:15,-0.4,-0.18,,0.0,,,Normal,-0.06
WL.RJK.01,2026-10-10 10:15,0.31,0.31,,7.5,,,Normal,0.33
WL.RKC.01,2026-10-10 10:15,-1.0,,,,,,Normal,-0.8
WL.RMT.01,2026-10-10 10:15,-1.09,0.85,,0.0,0.0,,Normal,-0.58
WL.RMT.02,2026-10-10 10:15,-0.09,,,,,,Normal,0.1
WL.RMT.03,2026-10-10 10:15,-2.0,,,,,,Normal,-2.0
WL.RSK.01,2026-10-10 10:15,0.42,,,,,,Normal,0.46
WL.SBR.01,2026-10-10 10:15,0.55,1.2,,0.0,,,Normal,0.57
WL.SBR.02,2026-10-10 10:15,0.49,,,,,,Normal,0.53
WL.SBT.01,2026-10-10 10:15,-0.42,0.18,,0.0,,,Normal,0.09
WL.SCO.01,2026-10-10 10:15,0.21,,,,,,Normal,0.25
WL.SKG.01,2026-10-10 10:15,-0.83,,,,,,Normal,-0.47
WL.SKT.01,2026-10-10 10:15,-0.83,,,,,,Normal,-0.68
WL.SKT.02,2026-10-10 10:15,-1.11,,,,,,Normal,-0.72
WL.SLL.01,2026-10-10 10:15,0.03,,,,,,Normal,0.05
WL.SMK.01,2026-10-10 10:15,-0.22,,,,,,Normal,-0.22
WL.SNC.01,2026-10-10 10:15,-0.32,0.99,,0.0,0.0,0.0,Normal,-0.14
WL.SNC.03,2026-10-10 10:15,0.06,,,,,,Normal,0.26
WL.SNO.01,2026-10-10 10:15,-1.49,,,,,,Normal,-1.03
WL.SOL.01,2026-10-10 10:15,-0.66,,,,,,Normal,-0.66
WL.SRE.01,2026-10-10 10:15,-0.79,0.89,,0.0,0.0,,Normal,0.18
WL.SRG.01,2026-10-10 10:15,-0.69,0.69,,0.0,0.0,0.0,Normal,-0.62
WL.SSB.01,2026-10-10 10:15,-0.62,,,,,,Normal,-0.58
WL.SSB.03,2026-10-10 10:15,-0.42,,,,,,Normal,-0.38
WL.SSB.04,2026-10-10 10:15,-0.54,-0.62,,7.5,7.5,,Normal,-0.5
WL.SSB.06,2026-10-10 10:15,-0.35,,,,,,Normal,-0.32
WL.SSB.07,2026-10-10 10:15,0.0,,,,,,Normal,0.05
WL.SSB.08,2026-10-10 10:15,0.3,,,,,,Normal,0.33
WL.SSB.09,2026-10-10 10:15,0.55,1.1,,0.0,,,Critical,0.57
WL.SSB.10,2026-10-10 10:15,0.81,1.05,,3.65,,,Critical,0.83
WL.SSB.11,2026-10-10 10:15,1.21,,,,,,Critical,1.22
WL.SSB.12,2026-10-10 10:15,1.22,1.5,,0.0,,,Critical,1.22
WL.SSG.01,2026-10-10 10:15,1.56,,,,,,Alert,1.57
WL.SSM.01,2026-10-10 10:15,1.31,-99,,0.0,,,Critical,1.32
WL.SSN.01,2026-10-10 10:15,-1.02,1.47,,7.0,0.0,0.0,Normal,-1.01
WL.SSN.02,2026-10-10 10:15,-1.03,,,,,,Normal,-1.03
WL.SSN.04,2026-10-10 10:15,-1.15,,,,,,Normal,-1.15
WL.SSN.06,2026-10-10 10:15,-1.77,,,,,,Normal,-1.77
WL.SSN.07,2026-10-10 10:15,-0.99,,,,,,Normal,-0.96
WL.SSN.08,2026-10-10 10:15,-0.61,-0.6,,0.0,,,Normal,-0.59
WL.SSN.09,2026-10-10 10:15,-0.62,,,,,,Normal,-0.6
WL.SSN.10,2026-10-10 10:15,-0.58,,,,,,Normal,-0.58
WL.SST.01,2026-10-10 10:15,0.8,1.75,,0.32,,,Alert,0.83
WL.STN.01,2026-10-10 10:15,0.54,,,,,,Alert,0.55
WL.STN.02,2026-10-10 10:15,0.6,,,,,,Critical,0.62
WL.STN.03,2026-10-10 10:15,0.62,,,,,,Critical,0.64
WL.STR.01,2026-10-10 10:15,-1.01,0.22,0.89,0.0,0.0,0.0,Normal,-0.91
WL.SWA.01,2026-10-10 10:15,0.85,1.33,,0.43,,,Critical,0.85
WL.SWU.01,2026-10-10 10:15,-1.47,,,,,,Normal,-1.12
WL.TCG.01,2026-10-10 10:15,-0.95,,,,,,Normal,-0.95
WL.TPK.03,2026-10-10 10:15,0.43,,,,,,Critical,0.45
WL.TSK.01,2026-10-10 10:15,-1.8,,,,,,Normal,-1.39
WL.TTN.01,2026-10-10 10:15,-0.86,,,,,,Normal,-0.82
WL.TUT.02,2026-10-10 10:15,-0.24,,,,,,Normal,-0.24
WL.TWW.01,2026-10-10 10:15,0.59,1.14,,0.53,,,Normal,0.76
WL.TWW.02,2026-10-10 10:15,0.56,,,,,,Normal,0.69
WL.TWW.03,2026-10-10 10:15,0.59,,,,,,Normal,0.62
WL.TWW.04,2026-10-10 10:15,0.55,,,,,,Normal,0.57
WL.TWW.05,2026-10-10 10:15,0.43,,,,,,Normal,0.49
WL.VPD.01,2026-10-10 10:15,-1.02,,,,,,Normal,-0.94
WL.VPD.02,2026-10-10 10:15,-0.98,,,,,,Normal,-0.91
WL.VPD.03,2026-10-10 10:15,-1.31,,,,,,Normal,-1.29
WL.VPV.01,2026-10-10 10:15,-1.66,,,0.0,,,Normal,-1.39
WL.WHK.01,2026-10-10 10:15,0.91,,,,,,Alert,0.98
WL.WKT.01,2026-10-10 10:15,0.38,,,,,,Normal,0.4
WL.WLS.01,2026-10-10 10:15,0.48,,,,,,Normal,0.55
WL.WSI.01,2026-10-10 10:15,-2.0,0.69,,0.0,0.0,0.0,Normal,-0.5
WL.WSV.01,2026-10-10 10:15,-0.08,,,,,,Normal,0.14
WL.WTK.01,2026-10-10 10:15,-0.92,,,,,,Normal,-0.46
WL.WTN.02,2026-10-10 10:15,-1.22,,,,,,Normal,-1.11
WL.YPE.01,2026-10-10 10:15,0.36,,,,,,Normal,0.41
WL.YPN.01,2026-10-10 10:15,-0.91,,,,,,Normal,-0.79
WL.YPN.02,2026-10-10 10:15,-0.97,,,,,,Normal,-0.84
WL.YSN.02,2026-10-10 10:15,-0.95,,,,,,Normal,-0.91
WL.LPI.02,2026-10-10 10:19,-0.02,,,,,,Normal,-0.02
WL.KLD.01,2026-10-10 10:25,-0.45,,,,,,out of order,-0.18
WL.KPM.04,2026-10-10 10:25,0.39,,,,,,Normal,0.42
WL.ANX.01,2026-10-10 10:35,-0.03,,,,,,temporarily out of order,0.02
WL.KKD.04,2026-10-10 10:35,-0.59,,,,,,Normal,-0.58
WL.SCO.01,2026-10-10 10:35,0.18,,,,,,out of order,0.25
WL.HKG.01,2026-10-10 10:40,-0.75,,,,,,Normal,-0.71
WL.KPM.06,2026-10-10 10:40,0.46,,,,,,out of order,0.54
WL.LPS.01,2026-10-10 10:40,0.78,,,,,,Normal,
WL.NK3.02,2026-10-10 10:40,-0.82,,,,,,Normal,
WL.POC.01,2026-10-10 10:40,1.46,,,,,,Normal,
WL.RPS.01,2026-10-10 10:40,2.18,,,,,,Alert,
WL.ANG.01,2026-10-10 10:45,0.92,,,,,,Normal,
WL.BBN.03,2026-10-10 10:45,0.55,,,,,,Critical,0.55
WL.BBR.01,2026-10-10 10:45,0.15,,,,,,Normal,0.23
WL.BBU.02,2026-10-10 10:45,0.43,,,,,,Normal,
WL.BKA.04,2026-10-10 10:45,0.04,,,,,,Normal,0.1
WL.BKH.01,2026-10-10 10:45,0.08,,,,,,Normal,
WL.BKK.01,2026-10-10 10:45,0.43,,,,,,Normal,
WL.BKY.01,2026-10-10 10:45,0.3,1.13,,7.74,0.0,0.0,Normal,0.41
WL.BMD.01,2026-10-10 10:45,0.49,,,,,,Normal,
WL.BMK.01,2026-10-10 10:45,-1.64,,,,,,Normal,-1.0
WL.BNJ.05,2026-10-10 10:45,-1.83,,,,,,Normal,
WL.BSE.01,2026-10-10 10:45,-1.55,,,,,,Normal,
WL.BTL.02,2026-10-10 10:45,0.03,,,,,,Normal,
WL.CLH.01,2026-10-10 10:45,-0.46,,,,,,Normal,
WL.CYI.02,2026-10-10 10:45,-0.57,,,,,,Normal,-0.54
WL.K08.01,2026-10-10 10:45,1.56,,,,,,Alert,
WL.K10.01,2026-10-10 10:45,1.63,,,,,,Alert,
WL.K11.01,2026-10-10 10:45,1.58,,,,,,Alert,
WL.KBP.01,2026-10-10 10:45,-0.27,,,,,,Normal,
WL.KHW.01,2026-10-10 10:45,1.7,,,,,,Normal,
WL.KKO.02,2026-10-10 10:45,1.56,,,,,,Alert,
WL.KKS.01,2026-10-10 10:45,-0.61,1.31,,0.0,0.0,,Normal,-0.57
WL.KPM.07,2026-10-10 10:45,0.48,,,,,,Normal,
WL.LPP.02,2026-10-10 10:45,-0.78,,,,,,Normal,
WL.LPT.05,2026-10-10 10:45,1.27,,,,,,Normal,
WL.MKT.02,2026-10-10 10:45,-0.88,,,,,,Normal,
WL.MSW.04,2026-10-10 10:45,1.06,,,,,,Normal,
WL.NKW.02,2026-10-10 10:45,-0.94,,,,,,Normal,-0.23
WL.PSC.06,2026-10-10 10:45,0.01,,,,,,Normal,
WL.PWT.02,2026-10-10 10:45,-0.09,,,,,,Normal,-0.06
WL.RMN.01,2026-10-10 10:45,0.53,,,,,,Normal,
WL.SSB.01,2026-10-10 10:45,-0.63,,,,,,Normal,-0.58
WL.SSB.13,2026-10-10 10:45,1.89,,,,,,Critical,
WL.SSG.02,2026-10-10 10:45,1.55,,,,,,Alert,
WL.SSM.02,2026-10-10 10:45,1.56,,,,,,Normal,
WL.SSN.07,2026-10-10 10:45,-0.95,,,,,,Normal,-0.95
WL.STN.01,2026-10-10 10:45,0.54,,,,,,Alert,0.55
WL.SWA.02,2026-10-10 10:45,1.42,,,,,,Normal,
WL.TWW.04,2026-10-10 10:45,0.56,,,,,,Normal,0.57
WL.YPN.02,2026-10-10 10:45,-1.42,,,,,,Normal,-0.84
WL.AJP.01,2026-10-10 10:50,-0.96,,,,,,Normal,-0.5
WL.BAM.01,2026-10-10 10:50,0.2,,,,,,Normal,0.24
WL.BBN.01,2026-10-10 10:50,0.01,,,,,,out of order,0.09
WL.BBN.02,2026-10-10 10:50,0.26,,,,,,Normal,0.39
WL.BBR.02,2026-10-10 10:50,0.12,,,,,,Normal,0.2
WL.BBU.01,2026-10-10 10:50,0.39,,,,,,Normal,0.45
WL.BCN.01,2026-10-10 10:50,0.42,,,,,,Normal,0.46
WL.BCN.02,2026-10-10 10:50,0.42,,,,,,Normal,0.46
WL.BCN.03,2026-10-10 10:50,0.46,,,,,,Normal,0.52
WL.BJK.01,2026-10-10 10:50,-1.37,0.25,,0.0,0.0,,Normal,-1.29
WL.BJK.02,2026-10-10 10:50,0.44,,,,,,Normal,0.49
WL.BJK.03,2026-10-10 10:50,0.4,,,,,,Normal,0.46
WL.BJK.04,2026-10-10 10:50,0.48,,,,,,Normal,0.52
WL.BKA.01,2026-10-10 10:50,-1.05,1.61,,1.73,1.75,0.35,Normal,-1.05
WL.BKA.02,2026-10-10 10:50,-0.87,,,,,,Normal,-0.77
WL.BKA.03,2026-10-10 10:50,-0.43,,,,,,Normal,-0.37
WL.BKB.01,2026-10-10 10:50,-0.37,,,,,,Normal,-0.32
WL.BKG.01,2026-10-10 10:50,0.66,-2.0,,0.0,,,Critical,0.67
WL.BKT.01,2026-10-10 10:50,-0.82,,,,,,Normal,-0.77
WL.BKY.02,2026-10-10 10:50,0.37,,,,,,Normal,0.44
WL.BLP.02,2026-10-10 10:50,-0.62,,,,,,Normal,-0.57
WL.BLY.01,2026-10-10 10:50,-0.49,,,,,,Normal,-0.49
WL.BLY.02,2026-10-10 10:50,-0.57,,,,,,Normal,-0.57
WL.BMA.02,2026-10-10 10:50,-0.02,,,,,,Normal,0.01
WL.BNA.01,2026-10-10 10:50,-1.44,0.16,,0.0,0.0,,Normal,-1.34
WL.BNA.03,2026-10-10 10:50,-0.68,,,,,,Normal,-0.65
WL.BNA.04,2026-10-10 10:50,-0.59,,,,,,Normal,-0.55
WL.BNJ.01,2026-10-10 10:50,-0.94,,,,,,Normal,-0.87
WL.BNJ.04,2026-10-10 10:50,-1.23,,,,,,Normal,-0.88
WL.BNS.01,2026-10-10 10:50,0.37,,,,,,Normal,0.4
WL.BOA.01,2026-10-10 10:50,-1.27,0.29,,0.0,0.0,,Normal,-1.17
WL.BOA.02,2026-10-10 10:50,-1.3,,,,,,Normal,-1.14
WL.BOA.03,2026-10-10 10:50,-1.25,,,,,,Normal,-1.17
WL.BON.01,2026-10-10 10:50,-1.28,,,,,,Normal,-1.2
WL.BPA.01,2026-10-10 10:50,-0.64,,,,,,Normal,-0.61
WL.BPK.01,2026-10-10 10:50,0.2,,,,,,Normal,0.22
WL.BPM.01,2026-10-10 10:50,0.29,,,,,,Normal,0.32
WL.BPM.02,2026-10-10 10:50,0.38,,,,,,Normal,0.41
WL.BPM.03,2026-10-10 10:50,0.51,,,,,,Normal,0.56
WL.BPM.04,2026-10-10 10:50,0.45,,,,,,Normal,0.47
WL.BPN.02,2026-10-10 10:50,0.29,,,,,,Normal,0.41
WL.BPU.01,2026-10-10 10:50,-0.28,,,,,,Normal,1.18
WL.BSK.01,2026-10-10 10:50,-0.32,0.76,,0.0,0.0,,Normal,0.47
WL.BSU.01,2026-10-10 10:50,-0.9,1.54,,0.0,0.0,0.0,Normal,-0.71
WL.BSU.02,2026-10-10 10:50,-0.75,,,,,,Normal,-0.68
WL.BSU.03,2026-10-10 10:50,-1.21,,,,,,Normal,-1.16
WL.BSU.04,2026-10-10 10:50,-1.12,,,,,,Normal,-1.09
WL.BSU.05,2026-10-10 10:50,-1.1,,,,,,Normal,-1.01
WL.BSU.07,2026-10-10 10:50,-0.55,,,,,,Normal,-0.47
WL.BTL.01,2026-10-10 10:50,-0.96,,,,,,Normal,-0.62
WL.BTY.01,2026-10-10 10:50,0.25,,,,,,Normal,0.31
WL.BWK.01,2026-10-10 10:50,0.33,,,,,,Normal,0.4
WL.BWK.02,2026-10-10 10:50,0.53,,,,,,Normal,0.58
WL.BWK.03,2026-10-10 10:50,0.53,,,,,,Normal,0.54
WL.BYI.01,2026-10-10 10:50,1.0,,,,,,Critical,1.0
WL.BYK.02,2026-10-10 10:50,0.07,,,,,,Normal,0.29
WL.CKS.01,2026-10-10 10:50,-1.45,,,0.0,0.0,,Normal,-1.23
WL.CKS.02,2026-10-10 10:50,-1.1,,,,,,Normal,-0.93
WL.CKS.03,2026-10-10 10:50,-1.22,,,,,,Normal,-1.04
WL.CNS.01,2026-10-10 10:50,-2.02,0.36,,0.0,0.0,,Normal,-0.97
WL.CPA.01,2026-10-10 10:50,0.28,1.28,,5.07,3.52,,Normal,0.33
WL.CPA.02,2026-10-10 10:50,0.31,,,,,,Normal,0.39
WL.CYI.01,2026-10-10 10:50,-0.59,,,,,,Normal,-0.56
WL.CYI.03,2026-10-10 10:50,-0.5,,,,,,Normal,-0.48
WL.DKN.01,2026-10-10 10:50,0.27,0.69,,0.0,1.88,3.29,Normal,0.34
WL.FTM.01,2026-10-10 10:50,-1.06,,,,,,Normal,-1.04
WL.HKG.02,2026-10-10 10:50,-0.69,,,,,,Normal,-0.66
WL.HMK.01,2026-10-10 10:50,-0.19,,,,,,Alert,-0.15
WL.HMK.02,2026-10-10 10:50,-0.35,,,,,,Normal,-0.33
WL.HMK.03,2026-10-10 10:50,-0.13,,,,,,Normal,-0.11
WL.JKK.01,2026-10-10 10:50,0.27,,,,,,Alert,0.27
WL.JRN.01,2026-10-10 10:50,0.29,0.54,,0.0,,,Normal,0.32
WL.KBU.01,2026-10-10 10:50,0.45,1.29,,0.0,,,Normal,0.46
WL.KBU.02,2026-10-10 10:50,0.43,,,,,,Normal,0.45
WL.KCD.01,2026-10-10 10:50,-1.05,,,,,,Normal,-1.0
WL.KDN.01,2026-10-10 10:50,-0.65,0.41,,0.0,,,Normal,-0.56
WL.KJA.01,2026-10-10 10:50,-0.73,,,,,,Normal,-0.72
WL.KJA.02,2026-10-10 10:50,-0.27,,,,,,Normal,-0.27
WL.KJG.01,2026-10-10 10:50,-0.36,,,,,,Normal,-0.36
WL.KJK.01,2026-10-10 10:50,-1.14,0.26,,0.0,0.0,,Normal,-1.14
WL.KJK.02,2026-10-10 10:50,-1.09,,,,,,Normal,-1.09
WL.KJN.01,2026-10-10 10:50,-0.15,,,,,,Alert,-0.15
WL.KJN.02,2026-10-10 10:50,-0.08,,,,,,Normal,-0.08
WL.KJT.01,2026-10-10 10:50,-1.14,,,,,,Normal,-1.07
WL.KJU.01,2026-10-10 10:50,-0.49,,,,,,Normal,-0.39
WL.KKD.01,2026-10-10 10:50,-0.51,,,,,,Normal,-0.5
WL.KKD.02,2026-10-10 10:50,-0.62,,,,,,Normal,-0.62
WL.KKO.01,2026-10-10 10:50,1.61,,,,,,Alert,1.62
WL.KKS.02,2026-10-10 10:50,-0.57,,,,,,Normal,-0.54
WL.KKS.03,2026-10-10 10:50,-0.72,,,,,,Normal,-0.66
WL.KKS.04,2026-10-10 10:50,-0.76,0.92,,0.0,,,Normal,-0.63
WL.KKY.01,2026-10-10 10:50,0.53,,,,,,Normal,0.53
WL.KKY.02,2026-10-10 10:50,0.53,,,,,,Normal,0.54
WL.KLA.01,2026-10-10 10:50,-0.31,,,,,,Normal,-0.29
WL.KLD.02,2026-10-10 10:50,-0.38,,,,,,Normal,-0.1
WL.KLT.01,2026-10-10 10:50,-0.68,,,,,,Normal,-0.62
WL.KMN.01,2026-10-10 10:50,0.26,1.13,,0.1,6.16,0.0,Normal,0.4
WL.KNB.01,2026-10-10 10:50,-0.86,,,,,,Normal,-0.8
WL.KNB.02,2026-10-10 10:50,-0.44,,,,,,Normal,-0.41
WL.KPG.01,2026-10-10 10:50,-1.18,,,,,,Normal,-1.09
WL.KPM.01,2026-10-10 10:50,-0.33,,,,,,Normal,-0.32
WL.KPM.03,2026-10-10 10:50,-0.15,,,,,,Normal,-0.11
WL.KPM.05,2026-10-10 10:50,0.46,,,,,,Normal,0.51
WL.KPM.08,2026-10-10 10:50,0.44,,,,,,Normal,0.46
WL.KSG.01,2026-10-10 10:50,0.66,,,,,,Normal,0.7
WL.KSI.01,2026-10-10 10:50,0.76,,,,,,Normal,0.78
WL.KSI.02,2026-10-10 10:50,0.78,,,,,,Critical,0.8
WL.KSK.01,2026-10-10 10:50,-0.65,,,,,,Normal,-0.64
WL.KSM.01,2026-10-10 10:50,0.77,,,,,,Critical,0.8
WL.KSM.02,2026-10-10 10:50,0.71,,,,,,Critical,0.74
WL.KSO.01,2026-10-10 10:50,0.6,,,,,,Normal,0.62
WL.KSO.02,2026-10-10 10:50,0.61,,,,,,Normal,0.64
WL.KT4.01,2026-10-10 10:50,0.47,,,,,,Alert,0.48
WL.KTY.01,2026-10-10 10:50,-1.46,0.27,,0.0,,,Normal,-1.46
WL.LBK.02,2026-10-10 10:50,0.52,,,,,,Critical,0.53
WL.LBK.03,2026-10-10 10:50,0.41,,,,,,Critical,0.43
WL.LCL.01,2026-10-10 10:50,0.63,,,,,,Normal,0.63
WL.LCL.02,2026-10-10 10:50,0.48,,,,,,Normal,0.48
WL.LKB.01,2026-10-10 10:50,0.63,,,,,,Critical,0.67
WL.LOA.01,2026-10-10 10:50,0.77,,,,,,Normal,0.78
WL.LOA.02,2026-10-10 10:50,0.7,,,,,,Normal,0.71
WL.LPC.01,2026-10-10 10:50,1.09,,,,,,Critical,1.1
WL.LPG.02,2026-10-10 10:50,0.98,1.75,,0.0,,,Critical,0.99
WL.LPG.03,2026-10-10 10:50,0.92,,,,,,Critical,0.94
WL.LPI.02,2026-10-10 10:50,0.0,,,,,,Normal,0.0
WL.LPN.01,2026-10-10 10:50,-0.7,0.75,,0.0,,,Normal,-0.59
WL.LPP.01,2026-10-10 10:50,-1.48,,,,,,Normal,-1.35
WL.LPT.01,2026-10-10 10:50,1.2,,,,,,Critical,1.21
WL.LPT.03,2026-10-10 10:50,0.85,,,,,,Critical,0.87
WL.LPW.01,2026-10-10 10:50,-0.32,-0.35,,0.0,,,Normal,-0.25
WL.LPW.03,2026-10-10 10:50,0.16,,,,,,Normal,0.23
WL.LPW.04,2026-10-10 10:50,-0.5,,,,,,Normal,-0.49
WL.LPW.05,2026-10-10 10:50,-0.58,,,,,,Normal,-0.56
WL.LSG.01,2026-10-10 10:50,-1.2,,,,,,Normal,-1.19
WL.LSM.01,2026-10-10 10:50,-0.66,,,,,,Normal,-0.64
WL.LYW.01,2026-10-10 10:50,-1.47,,,,,,Normal,-1.47
WL.LYW.02,2026-10-10 10:50,-1.46,,,,,,Normal,-1.44
WL.MCM.01,2026-10-10 10:50,0.25,,,,,,Normal,0.44
WL.MFS.01,2026-10-10 10:50,-0.7,,,,,,Normal,-0.68
WL.MKT.01,2026-10-10 10:50,-0.35,,,,,,Normal,-0.31
WL.MSW.01,2026-10-10 10:50,1.36,,,,,,Normal,1.72
WL.MSW.02,2026-10-10 10:50,1.2,,,,,,Normal,1.25
WL.MSW.03,2026-10-10 10:50,1.32,,,,,,Normal,1.67
WL.MTG.01,2026-10-10 10:50,-0.65,,,,,,Normal,-0.65
WL.NBN.01,2026-10-10 10:50,-4.15,-1.39,,0.0,,,Normal,-3.94
WL.NCH.02,2026-10-10 10:50,-0.97,,,,,,Normal,-0.33
WL.NK1.01,2026-10-10 10:50,-0.41,,,,,,Normal,0.02
WL.NK3.01,2026-10-10 10:50,-0.34,,,,,,Normal,-0.12
WL.NSG.01,2026-10-10 10:50,-2.0,,,,,,Normal,-2.0
WL.OAG.01,2026-10-10 10:50,-0.66,,,,,,Normal,-0.61
WL.ORC.01,2026-10-10 10:50,-1.34,-0.54,,0.0,,,Normal,-1.34
WL.PKG.01,2026-10-10 10:50,1.05,,,,,,Normal,1.77
WL.PKN.01,2026-10-10 10:50,-0.87,0.46,,0.0,0.0,0.0,Normal,-0.66
WL.PLK.01,2026-10-10 10:50,-0.29,,,,,,Normal,1.18
WL.PLP.01,2026-10-10 10:50,-0.46,,,,,,Normal,-0.43
WL.PNM.01,2026-10-10 10:50,0.26,,,,,,Alert,0.3
WL.PSC.01,2026-10-10 10:50,0.33,0.37,,0.0,0.0,0.0,Normal,0.41
WL.PSC.02,2026-10-10 10:50,0.32,,,,,,Normal,0.38
WL.PSC.03,2026-10-10 10:50,0.33,,,,,,Normal,0.38
WL.PSC.05,2026-10-10 10:50,0.4,,,,,,Normal,0.47
WL.PSI.01,2026-10-10 10:50,-1.66,,,,,,Normal,-1.16
WL.PSR.01,2026-10-10 10:50,1.06,1.79,,0.2,,,Alert,1.09
WL.PSR.02,2026-10-10 10:50,1.09,,,,,,Alert,1.13
WL.PSR.03,2026-10-10 10:50,1.07,,,,,,Alert,1.1
WL.PSR.04,2026-10-10 10:50,0.73,,,,,,Normal,0.75
WL.PSR.05,2026-10-10 10:50,0.77,,,,,,Alert,0.78
WL.PST.01,2026-10-10 10:50,-0.91,,,,,,Normal,-0.88
WL.PWT.01,2026-10-10 10:50,-0.57,,,,,,Normal,-0.5
WL.PWT.03,2026-10-10 10:50,0.14,0.15,,5.84,5.9,,Normal,0.18
WL.PWT.04,2026-10-10 10:50,0.47,0.51,,4.94,,,Alert,0.51
WL.PWT.06,2026-10-10 10:50,0.9,,,,,,Critical,0.92
WL.PWT.07,2026-10-10 10:50,0.88,,,,,,Critical,0.9
WL.PYW.01,2026-10-10 10:50,-1.39,,,,,,Normal,-0.54
WL.RHN.01,2026-10-10 10:50,-0.44,-0.18,,0.0,,,Normal,-0.06
WL.RJK.01,2026-10-10 10:50,0.31,0.31,,7.5,,,Normal,0.33
WL.RKC.01,2026-10-10 10:50,-1.03,,,,,,Normal,-0.8
WL.RMT.01,2026-10-10 10:50,-1.06,0.82,,0.0,0.0,,Normal,-0.58
WL.RMT.02,2026-10-10 10:50,-0.1,,,,,,Normal,0.1
WL.RMT.03,2026-10-10 10:50,-2.0,,,,,,Normal,-2.0
WL.RSK.01,2026-10-10 10:50,0.42,,,,,,Normal,0.46
WL.SBR.01,2026-10-10 10:50,0.57,1.2,,0.0,,,Normal,0.57
WL.SBR.02,2026-10-10 10:50,0.51,,,,,,Normal,0.53
WL.SBT.01,2026-10-10 10:50,-0.26,0.15,,0.0,,,Normal,0.09
WL.SDN.01,2026-10-10 10:50,0.23,,,,,,Normal,0.23
WL.SKG.01,2026-10-10 10:50,-0.77,,,,,,Normal,-0.47
WL.SKT.01,2026-10-10 10:50,-0.83,,,,,,Normal,-0.68
WL.SKT.02,2026-10-10 10:50,-1.28,,,,,,Normal,-0.72
WL.SLL.01,2026-10-10 10:50,0.03,,,,,,Normal,0.05
WL.SMK.01,2026-10-10 10:50,-0.22,,,,,,Normal,-0.22
WL.SNC.01,2026-10-10 10:50,-0.29,0.96,,0.0,0.0,0.0,Normal,-0.14
WL.SNC.02,2026-10-10 10:50,0.3,,,,,,Normal,0.38
WL.SNC.03,2026-10-10 10:50,0.03,,,,,,Normal,0.26
WL.SNO.01,2026-10-10 10:50,-1.41,,,,,,Normal,-1.03
WL.SOL.01,2026-10-10 10:50,-0.66,,,,,,Normal,-0.66
WL.SRE.01,2026-10-10 10:50,-0.73,0.79,,0.0,0.0,,Normal,0.18
WL.SRG.01,2026-10-10 10:50,-0.67,0.61,,0.0,0.0,0.0,Normal,-0.62
WL.SSB.03,2026-10-10 10:50,-0.46,,,,,,Normal,-0.38
WL.SSB.04,2026-10-10 10:50,-0.57,-0.58,,7.5,7.5,,Normal,-0.5
WL.SSB.06,2026-10-10 10:50,-0.37,,,,,,Normal,-0.32
WL.SSB.07,2026-10-10 10:50,0.01,,,,,,Normal,0.05
WL.SSB.08,2026-10-10 10:50,0.32,,,,,,Normal,0.33
WL.SSB.09,2026-10-10 10:50,0.55,1.1,,0.0,,,Critical,0.57
WL.SSB.10,2026-10-10 10:50,0.8,1.05,,3.65,,,Critical,0.83
WL.SSB.11,2026-10-10 10:50,1.21,,,,,,Critical,1.22
WL.SSB.12,2026-10-10 10:50,1.21,1.5,,0.0,,,Critical,1.22
WL.SSG.01,2026-10-10 10:50,1.56,,,,,,Alert,1.57
WL.SSM.01,2026-10-10 10:50,1.31,-99,,0.0,,,Critical,1.32
WL.SSN.01,2026-10-10 10:50,-1.02,1.39,,7.0,0.0,0.0,Normal,-1.01
WL.SSN.02,2026-10-10 10:50,-1.03,,,,,,Normal,-1.03
WL.SSN.04,2026-10-10 10:50,-1.14,,,,,,Normal,-1.13
WL.SSN.06,2026-10-10 10:50,-1.77,,,,,,Normal,-1.77
WL.SSN.08,2026-10-10 10:50,-0.61,-0.59,,0.0,,,Normal,-0.59
WL.SSN.09,2026-10-10 10:50,-0.62,,,,,,Normal,-0.6
WL.SSN.10,2026-10-10 10:50,-0.59,,,,,,Normal,-0.58
WL.SST.01,2026-10-10 10:50,0.8,1.75,,0.32,,,Alert,0.83
WL.STN.02,2026-10-10 10:50,0.6,,,,,,Critical,0.62
WL.STN.03,2026-10-10 10:50,0.61,,,,,,Critical,0.64
WL.STR.01,2026-10-10 10:50,-1.01,0.22,0.78,0.0,0.0,0.0,Normal,-0.91
WL.SWA.01,2026-10-10 10:50,0.85,1.33,,0.43,,,Critical,0.85
WL.SWU.01,2026-10-10 10:50,-1.42,,,,,,Normal,-1.12
WL.TCG.01,2026-10-10 10:50,-0.95,,,,,,Normal,-0.94
WL.TPK.03,2026-10-10 10:50,0.42,,,,,,Critical,0.45
WL.TSK.01,2026-10-10 10:50,-1.8,,,,,,Normal,-1.39
WL.TTN.01,2026-10-10 10:50,-0.86,,,,,,Normal,-0.82
WL.TUT.02,2026-10-10 10:50,-0.22,,,,,,Normal,-0.22
WL.TWW.01,2026-10-10 10:50,0.6,1.14,,0.54,,,Normal,0.76
WL.TWW.02,2026-10-10 10:50,0.57,,,,,,Normal,0.69
WL.TWW.03,2026-10-10 10:50,0.6,,,,,,Alert,0.62
WL.TWW.05,2026-10-10 10:50,0.43,,,,,,Normal,0.49
WL.VPD.01,2026-10-10 10:50,-1.03,,,,,,Normal,-0.94
WL.VPD.02,2026-10-10 10:50,-1.06,,,,,,Normal,-0.91
WL.VPD.03,2026-10-10 10:50,-1.3,,,,,,Normal,-1.29
WL.VPV.01,2026-10-10 10:50,-2.73,,,0.0,,,Normal,-1.39
WL.WHK.01,2026-10-10 10:50,0.88,,,,,,Normal,0.98
WL.WKT.01,2026-10-10 10:50,0.38,,,,,,Normal,0.4
WL.WLS.01,2026-10-10 10:50,0.48,,,,,,Normal,0.55
WL.WSI.01,2026-10-10 10:50,-1.3,0.57,,0.0,0.0,0.0,Normal,-0.5
WL.WSV.01,2026-10-10 10:50,-0.11,,,,,,Normal,0.14
WL.WTK.01,2026-10-10 10:50,-0.97,,,,,,Normal,-0.46
WL.WTN.02,2026-10-10 10:50,-1.12,,,,,,Normal,-1.11
WL.YPE.01,2026-10-10 10:50,0.36,,,,,,Normal,0.41
WL.YPN.01,2026-10-10 10:50,-0.94,,,,,,Normal,-0.79
WL.YSN.02,2026-10-10 10:50,-0.94,,,,,,Normal,-0.91
WL.KPM.04,2026-10-10 10:55,0.34,,,,,,Normal,0.42
WL.LSG.01,2026-10-10 10:55,-1.2,,,,,,temporarily out of order,-1.19
WL.YSN.02,2026-10-10 10:55,-0.94,,,,,,temporarily out of order,-0.91
WL.ANX.01,2026-10-10 11:05,-0.03,,,,,,temporarily out of order,0.02
WL.KKD.04,2026-10-10 11:05,-0.59,,,,,,Normal,-0.58
WL.ANG.01,2026-10-10 11:10,0.91,,,,,,Normal,
WL.BBU.02,2026-10-10 11:10,0.43,,,,,,Normal,
WL.BKH.01,2026-10-10 11:10,0.07,,,,,,Normal,
WL.BMD.01,2026-10-10 11:10,0.49,,,,,,Normal,
WL.BNJ.05,2026-10-10 11:10,-2.06,,,,,,Normal,
WL.BSE.01,2026-10-10 11:10,-1.55,,,,,,Normal,
WL.BTL.02,2026-10-10 11:10,0.04,,,,,,Normal,
WL.CLH.01,2026-10-10 11:10,-0.49,,,,,,Normal,
WL.CYI.02,2026-10-10 11:10,-0.57,,,,,,Normal,-0.54
WL.K08.01,2026-10-10 11:10,1.56,,,,,,Alert,
WL.K10.01,2026-10-10 11:10,1.63,,,,,,Alert,
WL.K11.01,2026-10-10 11:10,1.57,,,,,,Alert,
WL.KBP.01,2026-10-10 11:10,-0.28,,,,,,Normal,
WL.KHW.01,2026-10-10 11:10,1.7,,,,,,Normal,
WL.KKO.02,2026-10-10 11:10,1.56,,,,,,Alert,
WL.KPM.07,2026-10-10 11:10,0.47,,,,,,Normal,
WL.KSI.01,2026-10-10 11:10,0.76,,,,,,Normal,0.78
WL.LPS.01,2026-10-10 11:10,0.77,,,,,,Normal,
WL.LPT.05,2026-10-10 11:10,1.28,,,,,,Normal,
WL.MKT.02,2026-10-10 11:10,-0.91,,,,,,Normal,
WL.NK3.02,2026-10-10 11:10,-0.77,,,,,,Normal,
WL.POC.01,2026-10-10 11:10,1.46,,,,,,Normal,
WL.PSC.06,2026-10-10 11:10,0.27,,,,,,Normal,
WL.RPS.01,2026-10-10 11:10,2.21,,,,,,Critical,
WL.SSB.10,2026-10-10 11:10,0.81,1.04,,3.64,,,Critical,0.83
WL.SSB.13,2026-10-10 11:10,1.89,,,,,,Critical,
WL.SSG.02,2026-10-10 11:10,1.55,,,,,,Alert,
WL.SSM.02,2026-10-10 11:10,1.56,,,,,,Normal,
WL.STN.01,2026-10-10 11:10,0.54,,,,,,Alert,0.55
WL.SWA.02,2026-10-10 11:10,1.42,,,,,,Normal,
WL.AJP.01,2026-10-10 11:15,-0.79,,,,,,Normal,-0.5
WL.BAM.01,2026-10-10 11:15,0.22,,,,,,Normal,0.24
WL.BBN.02,2026-10-10 11:15,0.26,,,,,,Normal,0.39
WL.BBN.03,2026-10-10 11:15,0.56,,,,,,Critical,0.56
WL.BBR.01,2026-10-10 11:15,0.18,,,,,,Normal,0.23
WL.BBR.02,2026-10-10 11:15,0.14,,,,,,Normal,0.2
WL.BBU.01,2026-10-10 11:15,0.38,,,,,,Normal,0.45
WL.BCN.01,2026-10-10 11:15,0.42,,,,,,Normal,0.46
WL.BCN.02,2026-10-10 11:15,0.42,,,,,,Normal,0.46
WL.BCN.03,2026-10-10 11:15,0.46,,,,,,Normal,0.52
WL.BJK.01,2026-10-10 11:15,-1.34,0.2,,0.0,0.0,,Normal,-1.29
WL.BJK.02,2026-10-10 11:15,0.44,,,,,,Normal,0.49
WL.BJK.03,2026-10-10 11:15,0.4,,,,,,Normal,0.46
WL.BJK.04,2026-10-10 11:15,0.47,,,,,,Normal,0.52
WL.BKA.01,2026-10-10 11:15,-1.76,1.57,,1.73,1.75,0.0,Normal,-1.05
WL.BKA.02,2026-10-10 11:15,-0.82,,,,,,Normal,-0.77
WL.BKA.03,2026-10-10 11:15,-0.43,,,,,,Normal,-0.37
WL.BKA.04,2026-10-10 11:15,0.03,,,,,,Normal,0.1
WL.BKB.01,2026-10-10 11:15,-0.38,,,,,,Normal,-0.32
WL.BKG.01,2026-10-10 11:15,0.65,-2.0,,0.0,,,Critical,0.67
WL.BKK.01,2026-10-10 11:15,0.43,,,,,,Normal,
WL.BKT.01,2026-10-10 11:15,-0.81,,,,,,Normal,-0.77
WL.BKY.01,2026-10-10 11:15,0.32,1.09,,0.0,1.54,0.0,Normal,0.41
WL.BKY.02,2026-10-10 11:15,0.37,,,,,,Normal,0.44
WL.BLP.02,2026-10-10 11:15,-0.63,,,,,,Normal,-0.57
WL.BLY.01,2026-10-10 11:15,-0.49,,,,,,Normal,-0.49
WL.BLY.02,2026-10-10 11:15,-0.57,,,,,,Normal,-0.57
WL.BMA.02,2026-10-10 11:15,-0.02,,,,,,Normal,0.01
WL.BMK.01,2026-10-10 11:15,-1.72,,,,,,Normal,-1.0
WL.BNA.01,2026-10-10 11:15,-1.46,0.11,,0.0,0.0,,Normal,-1.34
WL.BNA.03,2026-10-10 11:15,-0.68,,,,,,Normal,-0.65
WL.BNA.04,2026-10-10 11:15,-0.59,,,,,,Normal,-0.55
WL.BNJ.01,2026-10-10 11:15,-0.95,,,,,,Normal,-0.87
WL.BNJ.04,2026-10-10 11:15,-1.25,,,,,,Normal,-0.88
WL.BNS.01,2026-10-10 11:15,0.38,,,,,,Normal,0.4
WL.BOA.01,2026-10-10 11:15,-1.21,0.24,,0.0,0.0,,Normal,-1.17
WL.BOA.02,2026-10-10 11:15,-1.27,,,,,,Normal,-1.14
WL.BOA.03,2026-10-10 11:15,-1.21,,,,,,Normal,-1.17
WL.BON.01,2026-10-10 11:15,-1.24,,,,,,Normal,-1.2
WL.BPA.01,2026-10-10 11:15,-0.63,,,,,,Normal,-0.61
WL.BPK.01,2026-10-10 11:15,0.2,,,,,,Normal,0.22
WL.BPM.01,2026-10-10 11:15,0.29,,,,,,Normal,0.32
WL.BPM.02,2026-10-10 11:15,0.38,,,,,,Normal,0.41
WL.BPM.03,2026-10-10 11:15,0.51,,,,,,Normal,0.56
WL.BPM.04,2026-10-10 11:15,0.45,,,,,,Normal,0.47
WL.BPN.02,2026-10-10 11:15,0.29,,,,,,Normal,0.41
WL.BPU.01,2026-10-10 11:15,-0.28,,,,,,Normal,1.18
WL.BSK.01,2026-10-10 11:15,-0.24,0.69,,0.0,0.0,,Normal,0.47
WL.BSU.01,2026-10-10 11:15,-0.98,1.5,,0.0,0.0,0.0,Normal,-0.71
WL.BSU.02,2026-10-10 11:15,-0.81,,,,,,Normal,-0.68
WL.BSU.03,2026-10-10 11:15,-1.22,,,,,,Normal,-1.16
WL.BSU.04,2026-10-10 11:15,-1.12,,,,,,Normal,-1.09
WL.BSU.05,2026-10-10 11:15,-1.11,,,,,,Normal,-1.01
WL.BSU.07,2026-10-10 11:15,-0.54,,,,,,Normal,-0.47
WL.BTL.01,2026-10-10 11:15,-0.86,,,,,,Normal,-0.62
WL.BTY.01,2026-10-10 11:15,0.24,,,,,,Normal,0.31
WL.BWK.01,2026-10-10 11:15,0.33,,,,,,Normal,0.4
WL.BWK.02,2026-10-10 11:15,0.53,,,,,,Normal,0.58
WL.BWK.03,2026-10-10 11:15,0.53,,,,,,Normal,0.54
WL.BYI.01,2026-10-10 11:15,1.0,,,,,,Critical,1.0
WL.BYK.02,2026-10-10 11:15,0.07,,,,,,Normal,0.29
WL.CKS.01,2026-10-10 11:15,-1.45,,,0.0,0.0,,Normal,-1.23
WL.CKS.02,2026-10-10 11:15,-1.1,,,,,,Normal,-0.93
WL.CKS.03,2026-10-10 11:15,-1.22,,,,,,Normal,-1.04
WL.CNS.01,2026-10-10 11:15,-2.3,0.29,,0.0,0.0,,Normal,-0.97
WL.CPA.01,2026-10-10 11:15,0.29,1.25,,2.81,3.52,,Normal,0.33
WL.CPA.02,2026-10-10 11:15,0.31,,,,,,Normal,0.39
WL.CYI.01,2026-10-10 11:15,-0.59,,,,,,Normal,-0.56
WL.CYI.03,2026-10-10 11:15,-0.5,,,,,,Normal,-0.48
WL.DKN.01,2026-10-10 11:15,0.25,0.62,,6.19,0.0,6.62,Normal,0.34
WL.FTM.01,2026-10-10 11:15,-1.07,,,,,,Normal,-1.04
WL.HKG.01,2026-10-10 11:15,-0.75,,,,,,Normal,-0.71
WL.HKG.02,2026-10-10 11:15,-0.69,,,,,,Normal,-0.66
WL.HMK.01,2026-10-10 11:15,-0.19,,,,,,Alert,-0.15
WL.HMK.02,2026-10-10 11:15,-0.38,,,,,,Normal,-0.33
WL.HMK.03,2026-10-10 11:15,-0.14,,,,,,Normal,-0.11
WL.JKK.01,2026-10-10 11:15,0.27,,,,,,Alert,0.27
WL.JRN.01,2026-10-10 11:15,0.3,0.49,,0.0,,,Normal,0.32
WL.KBU.01,2026-10-10 11:15,0.46,1.25,,0.0,,,Normal,0.46
WL.KBU.02,2026-10-10 11:15,0.43,,,,,,Normal,0.45
WL.KCD.01,2026-10-10 11:15,-1.05,,,,,,Normal,-1.0
WL.KDN.01,2026-10-10 11:15,-0.67,0.33,,0.0,,,Normal,-0.56
WL.KJA.01,2026-10-10 11:15,-0.72,,,,,,Normal,-0.72
WL.KJA.02,2026-10-10 11:15,-0.25,,,,,,Normal,-0.25
WL.KJG.01,2026-10-10 11:15,-0.38,,,,,,Normal,-0.36
WL.KJK.01,2026-10-10 11:15,-1.13,0.21,,0.0,0.0,,Normal,-1.13
WL.KJK.02,2026-10-10 11:15,-1.07,,,,,,Normal,-1.07
WL.KJN.01,2026-10-10 11:15,-0.15,,,,,,Alert,-0.14
WL.KJN.02,2026-10-10 11:15,-0.1,,,,,,Normal,-0.08
WL.KJT.01,2026-10-10 11:15,-1.16,,,,,,Normal,-1.07
WL.KJU.01,2026-10-10 11:15,-0.45,,,,,,Normal,-0.39
WL.KKD.01,2026-10-10 11:15,-0.51,,,,,,Normal,-0.5
WL.KKD.02,2026-10-10 11:15,-0.62,,,,,,Normal,-0.62
WL.KKO.01,2026-10-10 11:15,1.62,,,,,,Alert,1.62
WL.KKS.01,2026-10-10 11:15,-0.62,1.25,,0.0,0.0,,Normal,-0.57
WL.KKS.02,2026-10-10 11:15,-0.59,,,,,,Normal,-0.54
WL.KKS.03,2026-10-10 11:15,-0.73,,,,,,Normal,-0.66
WL.KKS.04,2026-10-10 11:15,-0.76,0.84,,0.0,,,Normal,-0.63
WL.KKY.01,2026-10-10 11:15,0.54,,,,,,Normal,0.54
WL.KKY.02,2026-10-10 11:15,0.54,,,,,,Normal,0.54
WL.KLA.01,2026-10-10 11:15,-0.3,,,,,,Normal,-0.29
WL.KLD.02,2026-10-10 11:15,-0.38,,,,,,Normal,-0.1
WL.KLT.01,2026-10-10 11:15,-0.68,,,,,,Normal,-0.62
WL.KMN.01,2026-10-10 11:15,0.25,1.09,,0.1,5.63,0.0,Normal,0.4
WL.KNB.01,2026-10-10 11:15,-0.89,,,,,,Normal,-0.8
WL.KNB.02,2026-10-10 11:15,-0.44,,,,,,Normal,-0.41
WL.KPG.01,2026-10-10 11:15,-1.15,,,,,,Normal,-1.09
WL.KPM.01,2026-10-10 11:15,-0.34,,,,,,Normal,-0.32
WL.KPM.03,2026-10-10 11:15,-0.16,,,,,,Normal,-0.11
WL.KPM.05,2026-10-10 11:15,0.43,,,,,,Normal,0.51
WL.KPM.08,2026-10-10 11:15,0.42,,,,,,Normal,0.46
WL.KSG.01,2026-10-10 11:15,0.67,,,,,,Normal,0.7
WL.KSI.02,2026-10-10 11:15,0.78,,,,,,Critical,0.8
WL.KSK.01,2026-10-10 11:15,-0.65,,,,,,Normal,-0.64
WL.KSM.01,2026-10-10 11:15,0.77,,,,,,Critical,0.8
WL.KSM.02,2026-10-10 11:15,0.71,,,,,,Critical,0.74
WL.KSO.01,2026-10-10 11:15,0.6,,,,,,Normal,0.62
WL.KSO.02,2026-10-10 11:15,0.61,,,,,,Normal,0.64
WL.KT4.01,2026-10-10 11:15,0.47,,,,,,Alert,0.48
WL.KTY.01,2026-10-10 11:15,-1.45,0.22,,0.0,,,Normal,-1.45
WL.LBK.02,2026-10-10 11:15,0.51,,,,,,Critical,0.53
WL.LBK.03,2026-10-10 11:15,0.41,,,,,,Critical,0.43
WL.LCL.01,2026-10-10 11:15,0.64,,,,,,Normal,0.64
WL.LCL.02,2026-10-10 11:15,0.49,,,,,,Normal,0.49
WL.LKB.01,2026-10-10 11:15,0.63,,,,,,Critical,0.67
WL.LOA.01,2026-10-10 11:15,0.71,,,,,,Normal,0.78
WL.LOA.02,2026-10-10 11:15,0.7,,,,,,Normal,0.71
WL.LPC.01,2026-10-10 11:15,1.09,,,,,,Critical,1.1
WL.LPG.02,2026-10-10 11:15,0.98,1.75,,0.0,,,Critical,0.99
WL.LPG.03,2026-10-10 11:15,0.92,,,,,,Critical,0.94
WL.LPN.01,2026-10-10 11:15,-0.63,0.72,,0.0,,,Normal,-0.59
WL.LPP.01,2026-10-10 11:15,-1.49,,,,,,Normal,-1.35
WL.LPP.02,2026-10-10 11:15,-0.8,,,,,,Normal,
WL.LPT.01,2026-10-10 11:15,1.2,,,,,,Critical,1.21
WL.LPT.03,2026-10-10 11:15,0.85,,,,,,Critical,0.87
WL.LPW.01,2026-10-10 11:15,-0.33,-0.36,,0.0,,,Normal,-0.25
WL.LPW.03,2026-10-10 11:15,0.15,,,,,,Normal,0.23
WL.LPW.04,2026-10-10 11:15,-0.5,,,,,,Normal,-0.49
WL.LPW.05,2026-10-10 11:15,-0.59,,,,,,Normal,-0.56
WL.LSM.01,2026-10-10 11:15,-0.66,,,,,,Normal,-0.64
WL.LYW.01,2026-10-10 11:15,-1.51,,,,,,Normal,-1.47
WL.LYW.02,2026-10-10 11:15,-1.46,,,,,,Normal,-1.44
WL.MCM.01,2026-10-10 11:15,0.25,,,,,,Normal,0.44
WL.MFS.01,2026-10-10 11:15,-0.7,,,,,,Normal,-0.68
WL.MKT.01,2026-10-10 11:15,-0.36,,,,,,Normal,-0.31
WL.MSW.01,2026-10-10 11:15,1.33,,,,,,Normal,1.72
WL.MSW.02,2026-10-10 11:15,1.2,,,,,,Normal,1.25
WL.MSW.03,2026-10-10 11:15,1.28,,,,,,Normal,1.67
WL.MSW.04,2026-10-10 11:15,1.07,,,,,,Normal,
WL.MTG.01,2026-10-10 11:15,-0.65,,,,,,Normal,-0.65
WL.NBN.01,2026-10-10 11:15,-4.15,-1.54,,0.0,,,Normal,-3.94
WL.NCH.02,2026-10-10 11:15,-0.48,,,,,,Normal,-0.33
WL.NK1.01,2026-10-10 11:15,-0.39,,,,,,Normal,0.02
WL.NK3.01,2026-10-10 11:15,-0.37,,,,,,Normal,-0.12
WL.NKW.02,2026-10-10 11:15,-0.81,,,,,,Normal,-0.23
WL.NSG.01,2026-10-10 11:15,-2.0,,,,,,Normal,-2.0
WL.OAG.01,2026-10-10 11:15,-0.67,,,,,,Normal,-0.61
WL.ORC.01,2026-10-10 11:15,-1.34,-0.52,,0.0,,,Normal,-1.34
WL.PKG.01,2026-10-10 11:15,1.01,,,,,,Normal,1.77
WL.PKN.01,2026-10-10 11:15,-0.88,0.42,,0.0,0.0,0.0,Normal,-0.66
WL.PLK.01,2026-10-10 11:15,-0.33,,,,,,Normal,1.18
WL.PLP.01,2026-10-10 11:15,-0.47,,,,,,Normal,-0.43
WL.PNM.01,2026-10-10 11:15,0.26,,,,,,Alert,0.3
WL.PSC.01,2026-10-10 11:15,0.32,0.35,,0.0,0.0,0.0,Normal,0.41
WL.PSC.02,2026-10-10 11:15,0.32,,,,,,Normal,0.38
WL.PSC.03,2026-10-10 11:15,0.33,,,,,,Normal,0.38
WL.PSC.05,2026-10-10 11:15,0.39,,,,,,Normal,0.47
WL.PSI.01,2026-10-10 11:15,-1.63,,,,,,Normal,-1.16
WL.PSR.01,2026-10-10 11:15,1.06,1.79,,0.2,,,Alert,1.09
WL.PSR.02,2026-10-10 11:15,1.09,,,,,,Alert,1.13
WL.PSR.03,2026-10-10 11:15,1.07,,,,,,Alert,1.1
WL.PSR.04,2026-10-10 11:15,0.73,,,,,,Normal,0.75
WL.PSR.05,2026-10-10 11:15,0.76,,,,,,Alert,0.78
WL.PST.01,2026-10-10 11:15,-0.91,,,,,,Normal,-0.88
WL.PWT.01,2026-10-10 11:15,-0.58,,,,,,Normal,-0.5
WL.PWT.02,2026-10-10 11:15,-0.09,,,,,,Normal,-0.06
WL.PWT.03,2026-10-10 11:15,0.14,0.17,,5.84,5.9,,Normal,0.18
WL.PWT.04,2026-10-10 11:15,0.47,0.51,,4.94,,,Alert,0.51
WL.PWT.06,2026-10-10 11:15,0.9,,,,,,Critical,0.92
WL.PWT.07,2026-10-10 11:15,0.88,,,,,,Critical,0.9
WL.PYW.01,2026-10-10 11:15,-1.4,,,,,,Normal,-0.54
WL.RHN.01,2026-10-10 11:15,-0.47,-0.19,,0.0,,,Normal,-0.06
WL.RJK.01,2026-10-10 11:15,0.31,0.31,,7.5,,,Normal,0.33
WL.RKC.01,2026-10-10 11:15,-0.97,,,,,,Normal,-0.8
WL.RMN.01,2026-10-10 11:15,0.53,,,,,,Normal,
WL.RMT.01,2026-10-10 11:15,-1.05,0.81,,0.0,0.0,,Normal,-0.58
WL.RMT.02,2026-10-10 11:15,-0.1,,,,,,Normal,0.1
WL.RMT.03,2026-10-10 11:15,-2.0,,,,,,Normal,-2.0
WL.RSK.01,2026-10-10 11:15,0.42,,,,,,Normal,0.46
WL.SBR.01,2026-10-10 11:15,0.57,1.19,,0.0,,,Normal,0.57
WL.SBR.02,2026-10-10 11:15,0.51,,,,,,Normal,0.53
WL.SBT.01,2026-10-10 11:15,-0.21,0.16,,0.0,,,Normal,0.09
WL.SDN.01,2026-10-10 11:15,0.23,,,,,,Normal,0.23
WL.SKG.01,2026-10-10 11:15,-0.79,,,,,,Normal,-0.47
WL.SKT.01,2026-10-10 11:15,-0.83,,,,,,Normal,-0.68
WL.SKT.02,2026-10-10 11:15,-0.93,,,,,,Normal,-0.72
WL.SLL.01,2026-10-10 11:15,0.03,,,,,,Normal,0.05
WL.SMK.01,2026-10-10 11:15,-0.22,,,,,,Normal,-0.22
WL.SNC.01,2026-10-10 11:15,-0.26,0.95,,0.0,0.0,0.0,Normal,-0.14
WL.SNC.02,2026-10-10 11:15,0.3,,,,,,Normal,0.38
WL.SNC.03,2026-10-10 11:15,0.03,,,,,,Normal,0.26
WL.SNO.01,2026-10-10 11:15,-1.36,,,,,,Normal,-1.03
WL.SOL.01,2026-10-10 11:15,-0.66,,,,,,Normal,-0.66
WL.SRE.01,2026-10-10 11:15,-0.71,0.74,,0.0,0.0,,Normal,0.18
WL.SRG.01,2026-10-10 11:15,-0.67,0.56,,0.0,0.0,0.0,Normal,-0.62
WL.SSB.01,2026-10-10 11:15,-0.65,,,,,,Normal,-0.58
WL.SSB.03,2026-10-10 11:15,-0.42,,,,,,Normal,-0.38
WL.SSB.04,2026-10-10 11:15,-0.54,-0.58,,7.5,7.5,,Normal,-0.5
WL.SSB.06,2026-10-10 11:15,-0.46,,,,,,Normal,-0.32
WL.SSB.07,2026-10-10 11:15,0.01,,,,,,Normal,0.05
WL.SSB.08,2026-10-10 11:15,0.31,,,,,,Normal,0.33
WL.SSB.09,2026-10-10 11:15,0.55,1.1,,0.0,,,Critical,0.57
WL.SSB.11,2026-10-10 11:15,1.22,,,,,,Critical,1.22
WL.SSB.12,2026-10-10 11:15,1.22,1.5,,0.0,,,Critical,1.22
WL.SSG.01,2026-10-10 11:15,1.56,,,,,,Alert,1.57
WL.SSM.01,2026-10-10 11:15,1.31,-99,,0.0,,,Critical,1.32
WL.SSN.01,2026-10-10 11:15,-1.02,1.33,,7.0,0.0,0.0,Normal,-1.01
WL.SSN.02,2026-10-10 11:15,-1.04,,,,,,Normal,-1.03
WL.SSN.04,2026-10-10 11:15,-1.16,,,,,,Normal,-1.13
WL.SSN.06,2026-10-10 11:15,-1.77,,,,,,Normal,-1.77
WL.SSN.07,2026-10-10 11:15,-0.95,,,,,,Normal,-0.94
WL.SSN.08,2026-10-10 11:15,-0.62,-0.6,,0.0,,,Normal,-0.59
WL.SSN.09,2026-10-10 11:15,-0.63,,,,,,Normal,-0.6
WL.SSN.10,2026-10-10 11:15,-0.59,,,,,,Normal,-0.58
WL.SST.01,2026-10-10 11:15,0.8,1.75,,0.32,,,Alert,0.83
WL.STN.02,2026-10-10 11:15,0.6,,,,,,Critical,0.62
WL.STN.03,2026-10-10 11:15,0.61,,,,,,Critical,0.64
WL.STR.01,2026-10-10 11:15,-1.01,0.22,0.71,0.0,0.0,0.0,Normal,-0.91
WL.SWA.01,2026-10-10 11:15,0.85,1.33,,0.43,,,Critical,0.85
WL.SWU.01,2026-10-10 11:15,-1.38,,,,,,Normal,-1.12
WL.TCG.01,2026-10-10 11:15,-0.96,,,,,,Normal,-0.94
WL.TPK.03,2026-10-10 11:15,0.42,,,,,,Critical,0.45
WL.TSK.01,2026-10-10 11:15,-1.8,,,,,,Normal,-1.39
WL.TTN.01,2026-10-10 11:15,-0.86,,,,,,Normal,-0.82
WL.TUT.02,2026-10-10 11:15,-0.33,,,,,,Normal,-0.2
WL.TWW.01,2026-10-10 11:15,0.6,1.14,,0.54,,,Normal,0.76
WL.TWW.02,2026-10-10 11:15,0.57,,,,,,Normal,0.69
WL.TWW.03,2026-10-10 11:15,0.6,,,,,,Alert,0.62
WL.TWW.04,2026-10-10 11:15,0.56,,,,,,Normal,0.57
WL.TWW.05,2026-10-10 11:15,0.42,,,,,,Normal,0.49
WL.VPD.01,2026-10-10 11:15,-1.04,,,,,,Normal,-0.94
WL.VPD.02,2026-10-10 11:15,-1.04,,,,,,Normal,-0.91
WL.VPD.03,2026-10-10 11:15,-1.3,,,,,,Normal,-1.29
WL.VPV.01,2026-10-10 11:15,-2.8,,,0.0,,,Normal,-1.39
WL.WHK.01,2026-10-10 11:15,0.87,,,,,,Normal,0.98
WL.WKT.01,2026-10-10 11:15,0.38,,,,,,Normal,0.4
WL.WLS.01,2026-10-10 11:15,0.48,,,,,,Normal,0.55
WL.WSI.01,2026-10-10 11:15,-1.18,0.53,,0.0,0.0,0.0,Normal,-0.5
WL.WSV.01,2026-10-10 11:15,-0.14,,,,,,Normal,0.14
WL.WTK.01,2026-10-10 11:15,-1.0,,,,,,Normal,-0.46
WL.WTN.02,2026-10-10 11:15,-1.11,,,,,,Normal,-1.11
WL.YPE.01,2026-10-10 11:15,0.35,,,,,,Normal,0.41
WL.YPN.01,2026-10-10 11:15,-0.96,,,,,,Normal,-0.79
WL.YPN.02,2026-10-10 11:15,-1.28,,,,,,Normal,-0.84
WL.LPI.02,2026-10-10 11:18,0.01,,,,,,Normal,0.01
WL.KPM.04,2026-10-10 11:25,0.32,,,,,,Normal,0.42
WL.LSG.01,2026-10-10 11:25,-1.21,,,,,,out of order,-1.19
WL.KKD.04,2026-10-10 11:35,-0.59,,,,,,Normal,-0.58
WL.BBN.01,2026-10-10 11:50,0.0,,,,,,out of order,0.09
WL.LPW.04,2026-10-10 11:55,-0.51,,,,,,temporarily out of order,-0.49
WL.ANG.01,2026-10-10 12:10,0.9,,,,,,Normal,
WL.BBU.02,2026-10-10 12:10,0.44,,,,,,Normal,
WL.BKH.01,2026-10-10 12:10,0.05,,,,,,Normal,
WL.BMD.01,2026-10-10 12:10,0.48,,,,,,Normal,
WL.BNJ.05,2026-10-10 12:10,-2.21,,,,,,Normal,
WL.BSE.01,2026-10-10 12:10,-1.55,,,,,,Normal,
WL.BTL.02,2026-10-10 12:10,0.05,,,,,,Normal,
WL.CLH.01,2026-10-10 12:10,-0.45,,,,,,Normal,
WL.CYI.02,2026-10-10 12:10,-0.57,,,,,,Normal,-0.54
WL.K08.01,2026-10-10 12:10,1.56,,,,,,Alert,
WL.K10.01,2026-10-10 12:10,1.63,,,,,,Alert,
WL.K11.01,2026-10-10 12:10,1.58,,,,,,Alert,
WL.KBP.01,2026-10-10 12:10,-1.12,,,,,,Normal,
WL.KHW.01,2026-10-10 12:10,1.7,,,,,,Normal,
WL.KKO.02,2026-10-10 12:10,1.56,,,,,,Alert,
WL.KPM.07,2026-10-10 12:10,0.42,,,,,,Normal,
WL.LCL.01,2026-10-10 12:10,0.63,,,,,,Normal,0.64
WL.LPS.01,2026-10-10 12:10,0.77,,,,,,Normal,
WL.LPT.05,2026-10-10 12:10,1.92,,,,,,Normal,
WL.MKT.02,2026-10-10 12:10,-1.63,,,,,,Normal,
WL.NK3.02,2026-10-10 12:10,-0.7,,,,,,Normal,
WL.POC.01,2026-10-10 12:10,1.46,,,,,,Normal,
WL.PSC.03,2026-10-10 12:10,0.32,,,,,,Normal,0.38
WL.PSC.06,2026-10-10 12:10,0.3,,,,,,Normal,
WL.RPS.01,2026-10-10 12:10,2.19,,,,,,Alert,
WL.SSB.13,2026-10-10 12:10,1.9,,,,,,Critical,
WL.SSG.02,2026-10-10 12:10,1.55,,,,,,Alert,
WL.SSM.02,2026-10-10 12:10,1.56,,,,,,Normal,
WL.SSN.08,2026-10-10 12:10,-0.62,-0.61,,0.0,,,Normal,-0.59
WL.STN.01,2026-10-10 12:10,0.54,,,,,,Alert,0.55
WL.SWA.02,2026-10-10 12:10,1.41,,,,,,Normal,
WL.AJP.01,2026-10-10 12:15,-0.99,,,,,,Normal,-0.5
WL.ANX.01,2026-10-10 12:15,-0.01,,,,,,Normal,0.02
WL.BAM.01,2026-10-10 12:15,0.26,,,,,,Normal,0.26
WL.BBN.02,2026-10-10 12:15,0.25,,,,,,Normal,0.39
WL.BBN.03,2026-10-10 12:15,0.56,,,,,,Critical,0.56
WL.BBR.01,2026-10-10 12:15,0.0,,,,,,Normal,0.23
WL.BBR.02,2026-10-10 12:15,0.05,,,,,,Normal,0.2
WL.BBU.01,2026-10-10 12:15,0.4,,,,,,Normal,0.45
WL.BCN.01,2026-10-10 12:15,0.42,,,,,,Normal,0.46
WL.BCN.02,2026-10-10 12:15,0.43,,,,,,Normal,0.46
WL.BCN.03,2026-10-10 12:15,0.47,,,,,,Normal,0.52
WL.BJK.01,2026-10-10 12:15,-1.28,0.13,,0.0,0.0,,Normal,-1.28
WL.BJK.02,2026-10-10 12:15,0.43,,,,,,Normal,0.49
WL.BJK.03,2026-10-10 12:15,0.39,,,,,,Normal,0.46
WL.BJK.04,2026-10-10 12:15,0.47,,,,,,Normal,0.52
WL.BKA.01,2026-10-10 12:15,-1.68,1.48,,1.73,1.75,0.0,Normal,-1.05
WL.BKA.02,2026-10-10 12:15,-0.85,,,,,,Normal,-0.77
WL.BKA.03,2026-10-10 12:15,-0.42,,,,,,Normal,-0.37
WL.BKA.04,2026-10-10 12:15,0.05,,,,,,Normal,0.1
WL.BKB.01,2026-10-10 12:15,-0.41,,,,,,Normal,-0.32
WL.BKG.01,2026-10-10 12:15,0.65,-2.0,,0.0,,,Critical,0.67
WL.BKK.01,2026-10-10 12:15,0.43,,,,,,Normal,
WL.BKT.01,2026-10-10 12:15,-0.81,,,,,,Normal,-0.77
WL.BKY.01,2026-10-10 12:15,0.28,0.98,,3.84,0.0,0.0,Normal,0.41
WL.BKY.02,2026-10-10 12:15,0.37,,,,,,Normal,0.44
WL.BLP.02,2026-10-10 12:15,-0.64,,,,,,Normal,-0.57
WL.BLY.01,2026-10-10 12:15,-0.5,,,,,,Normal,-0.49
WL.BLY.02,2026-10-10 12:15,-0.57,,,,,,Normal,-0.57
WL.BMA.02,2026-10-10 12:15,-0.03,,,,,,Normal,0.01
WL.BMK.01,2026-10-10 12:15,-1.55,,,,,,Normal,-1.0
WL.BNA.01,2026-10-10 12:15,-1.51,0.04,,0.0,0.0,,Normal,-1.34
WL.BNA.03,2026-10-10 12:15,-0.68,,,,,,Normal,-0.65
WL.BNA.04,2026-10-10 12:15,-0.59,,,,,,Normal,-0.55
WL.BNJ.01,2026-10-10 12:15,-0.97,,,,,,Normal,-0.87
WL.BNJ.04,2026-10-10 12:15,-1.27,,,,,,Normal,-0.88
WL.BNS.01,2026-10-10 12:15,0.4,,,,,,Normal,0.4
WL.BOA.01,2026-10-10 12:15,-1.32,0.17,,0.0,0.0,,Normal,-1.17
WL.BOA.02,2026-10-10 12:15,-1.3,,,,,,Normal,-1.14
WL.BOA.03,2026-10-10 12:15,-1.26,,,,,,Normal,-1.17
WL.BON.01,2026-10-10 12:15,-1.29,,,,,,Normal,-1.2
WL.BPA.01,2026-10-10 12:15,-0.63,,,,,,Normal,-0.61
WL.BPK.01,2026-10-10 12:15,0.19,,,,,,Normal,0.22
WL.BPM.01,2026-10-10 12:15,0.29,,,,,,Normal,0.32
WL.BPM.02,2026-10-10 12:15,0.38,,,,,,Normal,0.41
WL.BPM.03,2026-10-10 12:15,0.52,,,,,,Normal,0.56
WL.BPM.04,2026-10-10 12:15,0.47,,,,,,Normal,0.47
WL.BPN.02,2026-10-10 12:15,0.28,,,,,,Normal,0.41
WL.BPU.01,2026-10-10 12:15,-0.19,,,,,,Normal,1.18
WL.BSE.01,2026-10-10 12:15,-1.56,,,,,,Normal,
WL.BSK.01,2026-10-10 12:15,-0.24,0.59,,0.0,0.0,,Normal,0.47
WL.BSU.01,2026-10-10 12:15,-1.12,1.4,,0.0,0.0,0.0,Normal,-0.71
WL.BSU.02,2026-10-10 12:15,-0.89,,,,,,Normal,-0.68
WL.BSU.03,2026-10-10 12:15,-1.26,,,,,,Normal,-1.16
WL.BSU.04,2026-10-10 12:15,-1.12,,,,,,Normal,-1.09
WL.BSU.05,2026-10-10 12:15,-1.18,,,,,,Normal,-1.01
WL.BSU.07,2026-10-10 12:15,-0.51,,,,,,Normal,-0.47
WL.BTL.01,2026-10-10 12:15,-0.63,,,,,,Normal,-0.62
WL.BTY.01,2026-10-10 12:15,0.24,,,,,,Normal,0.31
WL.BWK.01,2026-10-10 12:15,0.32,,,,,,Normal,0.4
WL.BWK.02,2026-10-10 12:15,0.53,,,,,,Normal,0.58
WL.BWK.03,2026-10-10 12:15,0.54,,,,,,Normal,0.54
WL.BYI.01,2026-10-10 12:15,1.0,,,,,,Critical,1.0
WL.BYK.02,2026-10-10 12:15,0.03,,,,,,Normal,0.29
WL.CKS.01,2026-10-10 12:15,-1.46,,,0.0,0.0,,Normal,-1.23
WL.CKS.02,2026-10-10 12:15,-1.1,,,,,,Normal,-0.93
WL.CKS.03,2026-10-10 12:15,-1.22,,,,,,Normal,-1.04
WL.CLH.01,2026-10-10 12:15,-0.44,,,,,,Normal,
WL.CNS.01,2026-10-10 12:15,-2.07,0.22,,0.0,0.0,,Normal,-0.97
WL.CPA.01,2026-10-10 12:15,0.3,1.18,,2.81,3.53,,Normal,0.33
WL.CPA.02,2026-10-10 12:15,0.3,,,,,,Normal,0.39
WL.CYI.01,2026-10-10 12:15,-0.6,,,,,,Normal,-0.56
WL.CYI.03,2026-10-10 12:15,-0.51,,,,,,Normal,-0.48
WL.DKN.01,2026-10-10 12:15,0.23,0.53,,6.51,0.0,5.84,Normal,0.34
WL.FTM.01,2026-10-10 12:15,-1.04,,,,,,Normal,-1.04
WL.HKG.01,2026-10-10 12:15,-0.75,,,,,,Normal,-0.71
WL.HKG.02,2026-10-10 12:15,-0.7,,,,,,Normal,-0.66
WL.HMK.01,2026-10-10 12:15,-0.19,,,,,,Alert,-0.15
WL.HMK.02,2026-10-10 12:15,-0.42,,,,,,Normal,-0.33
WL.HMK.03,2026-10-10 12:15,-0.13,,,,,,Normal,-0.11
WL.JKK.01,2026-10-10 12:15,0.27,,,,,,Alert,0.27
WL.JRN.01,2026-10-10 12:15,0.31,0.39,,0.0,,,Normal,0.32
WL.KBU.01,2026-10-10 12:15,0.37,1.17,,0.0,,,Normal,0.48
WL.KBU.02,2026-10-10 12:15,0.41,,,,,,Normal,0.45
WL.KCD.01,2026-10-10 12:15,-1.05,,,,,,Normal,-1.0
WL.KDN.01,2026-10-10 12:15,-0.64,0.23,,0.0,,,Normal,-0.56
WL.KJA.01,2026-10-10 12:15,-0.72,,,,,,Normal,-0.72
WL.KJA.02,2026-10-10 12:15,-0.28,,,,,,Normal,-0.25
WL.KJG.01,2026-10-10 12:15,-0.46,,,,,,Normal,-0.36
WL.KJK.01,2026-10-10 12:15,-1.32,0.14,,0.0,0.0,,Normal,-1.11
WL.KJK.02,2026-10-10 12:15,-1.28,,,,,,Normal,-1.06
WL.KJN.01,2026-10-10 12:15,-0.17,,,,,,Alert,-0.14
WL.KJN.02,2026-10-10 12:15,-0.11,,,,,,Normal,-0.08
WL.KJT.01,2026-10-10 12:15,-1.17,,,,,,Normal,-1.07
WL.KJU.01,2026-10-10 12:15,-0.61,,,,,,Normal,-0.39
WL.KKD.01,2026-10-10 12:15,-0.51,,,,,,Normal,-0.5
WL.KKD.02,2026-10-10 12:15,-0.63,,,,,,Normal,-0.62
WL.KKO.01,2026-10-10 12:15,1.63,,,,,,Alert,1.63
WL.KKS.01,2026-10-10 12:15,-0.63,1.15,,0.0,0.0,,Normal,-0.57
WL.KKS.02,2026-10-10 12:15,-0.6,,,,,,Normal,-0.54
WL.KKS.03,2026-10-10 12:15,-0.73,,,,,,Normal,-0.66
WL.KKS.04,2026-10-10 12:15,-0.77,0.76,,0.0,,,Normal,-0.63
WL.KKY.01,2026-10-10 12:15,0.55,,,,,,Normal,0.55
WL.KKY.02,2026-10-10 12:15,0.55,,,,,,Normal,0.55
WL.KLA.01,2026-10-10 12:15,-0.3,,,,,,Normal,-0.29
WL.KLD.02,2026-10-10 12:15,-0.37,,,,,,Normal,-0.1
WL.KLT.01,2026-10-10 12:15,-0.69,,,,,,Normal,-0.62
WL.KMN.01,2026-10-10 12:15,0.3,1.02,,0.29,0.83,0.0,Normal,0.4
WL.KNB.01,2026-10-10 12:15,-0.91,,,,,,Normal,-0.8
WL.KNB.02,2026-10-10 12:15,-0.45,,,,,,Normal,-0.41
WL.KPG.01,2026-10-10 12:15,-1.11,,,,,,Normal,-1.09
WL.KPM.01,2026-10-10 12:15,-0.36,,,,,,Normal,-0.32
WL.KPM.03,2026-10-10 12:15,-0.17,,,,,,Normal,-0.11
WL.KPM.05,2026-10-10 12:15,0.42,,,,,,Normal,0.51
WL.KPM.06,2026-10-10 12:15,0.41,,,,,,Normal,0.54
WL.KPM.08,2026-10-10 12:15,0.4,,,,,,Normal,0.46
WL.KSG.01,2026-10-10 12:15,0.67,,,,,,Normal,0.7
WL.KSI.01,2026-10-10 12:15,0.76,,,,,,Normal,0.78
WL.KSI.02,2026-10-10 12:15,0.78,,,,,,Critical,0.8
WL.KSK.01,2026-10-10 12:15,-0.65,,,,,,Normal,-0.64
WL.KSM.01,2026-10-10 12:15,0.77,,,,,,Critical,0.8
WL.KSM.02,2026-10-10 12:15,0.71,,,,,,Critical,0.74
WL.KSO.01,2026-10-10 12:15,0.61,,,,,,Normal,0.62
WL.KSO.02,2026-10-10 12:15,0.62,,,,,,Normal,0.64
WL.KT4.01,2026-10-10 12:15,0.46,,,,,,Alert,0.48
WL.KTY.01,2026-10-10 12:15,-1.78,0.11,,0.0,,,Normal,-1.44
WL.LBK.02,2026-10-10 12:15,0.51,,,,,,Critical,0.53
WL.LBK.03,2026-10-10 12:15,0.41,,,,,,Critical,0.43
WL.LCL.02,2026-10-10 12:15,0.43,,,,,,Normal,0.49
WL.LKB.01,2026-10-10 12:15,0.63,,,,,,Critical,0.67
WL.LOA.01,2026-10-10 12:15,0.68,,,,,,Normal,0.78
WL.LOA.02,2026-10-10 12:15,0.69,,,,,,Normal,0.71
WL.LPC.01,2026-10-10 12:15,1.08,,,,,,Critical,1.1
WL.LPG.02,2026-10-10 12:15,0.98,1.75,,0.0,,,Critical,0.99
WL.LPG.03,2026-10-10 12:15,0.92,,,,,,Critical,0.94
WL.LPN.01,2026-10-10 12:15,-0.9,0.67,,0.0,,,Normal,-0.59
WL.LPP.01,2026-10-10 12:15,-1.5,,,,,,Normal,-1.35
WL.LPP.02,2026-10-10 12:15,-0.8,,,,,,Normal,
WL.LPT.01,2026-10-10 12:15,1.2,,,,,,Critical,1.21
WL.LPT.03,2026-10-10 12:15,0.85,,,,,,Critical,0.87
WL.LPW.01,2026-10-10 12:15,-0.32,-0.37,,0.0,,,Normal,-0.25
WL.LPW.03,2026-10-10 12:15,0.17,,,,,,Normal,0.23
WL.LPW.05,2026-10-10 12:15,-0.6,,,,,,Normal,-0.56
WL.LSM.01,2026-10-10 12:15,-0.66,,,,,,Normal,-0.64
WL.LYW.01,2026-10-10 12:15,-1.52,,,,,,Normal,-1.47
WL.LYW.02,2026-10-10 12:15,-1.45,,,,,,Normal,-1.44
WL.MCM.01,2026-10-10 12:15,0.24,,,,,,Normal,0.44
WL.MFS.01,2026-10-10 12:15,-0.7,,,,,,Normal,-0.68
WL.MKT.01,2026-10-10 12:15,-0.37,,,,,,Normal,-0.31
WL.MSW.01,2026-10-10 12:15,1.18,,,,,,Normal,1.72
WL.MSW.02,2026-10-10 12:15,1.2,,,,,,Normal,1.25
WL.MSW.03,2026-10-10 12:15,1.2,,,,,,Normal,1.67
WL.MSW.04,2026-10-10 12:15,1.07,,,,,,Normal,
WL.MTG.01,2026-10-10 12:15,-0.65,,,,,,Normal,-0.65
WL.NBN.01,2026-10-10 12:15,-4.16,-1.74,,0.0,,,Normal,-3.94
WL.NCH.02,2026-10-10 12:15,-1.0,,,,,,Normal,-0.33
WL.NK1.01,2026-10-10 12:15,-0.34,,,,,,Normal,0.02
WL.NK3.01,2026-10-10 12:15,-0.42,,,,,,Normal,-0.12
WL.NKW.02,2026-10-10 12:15,-0.49,,,,,,Normal,-0.23
WL.NSG.01,2026-10-10 12:15,-2.0,,,,,,Normal,-2.0
WL.OAG.01,2026-10-10 12:15,-0.69,,,,,,Normal,-0.61
WL.ORC.01,2026-10-10 12:15,-1.34,-0.53,,0.0,,,Normal,-1.34
WL.PKG.01,2026-10-10 12:15,0.91,,,,,,Normal,1.77
WL.PKN.01,2026-10-10 12:15,-0.84,0.34,,0.0,0.0,0.0,Normal,-0.66
WL.PLK.01,2026-10-10 12:15,-0.19,,,,,,Normal,1.18
WL.PLP.01,2026-10-10 12:15,-0.47,,,,,,Normal,-0.43
WL.PNM.01,2026-10-10 12:15,0.26,,,,,,Alert,0.3
WL.PSC.01,2026-10-10 12:15,0.31,0.35,,0.0,0.0,0.0,Normal,0.41
WL.PSC.02,2026-10-10 12:15,0.31,,,,,,Normal,0.38
WL.PSC.05,2026-10-10 12:15,0.4,,,,,,Normal,0.47
WL.PSI.01,2026-10-10 12:15,-1.54,,,,,,Normal,-1.16
WL.PSR.01,2026-10-10 12:15,1.06,1.77,,0.2,,,Alert,1.09
WL.PSR.02,2026-10-10 12:15,1.09,,,,,,Alert,1.13
WL.PSR.03,2026-10-10 12:15,1.07,,,,,,Alert,1.1
WL.PSR.04,2026-10-10 12:15,0.73,,,,,,Normal,0.75
WL.PSR.05,2026-10-10 12:15,0.76,,,,,,Alert,0.78
WL.PST.01,2026-10-10 12:15,-0.91,,,,,,Normal,-0.88
WL.PWT.01,2026-10-10 12:15,-0.58,,,,,,Normal,-0.5
WL.PWT.02,2026-10-10 12:15,-0.09,,,,,,Normal,-0.06
WL.PWT.03,2026-10-10 12:15,0.14,0.16,,5.84,5.9,,Normal,0.18
WL.PWT.04,2026-10-10 12:15,0.47,0.51,,4.94,,,Alert,0.51
WL.PWT.06,2026-10-10 12:15,0.89,,,,,,Critical,0.92
WL.PWT.07,2026-10-10 12:15,0.88,,,,,,Critical,0.9
WL.PYW.01,2026-10-10 12:15,-1.31,,,,,,Normal,-0.54
WL.RHN.01,2026-10-10 12:15,-0.56,-0.19,,0.0,,,Normal,-0.06
WL.RJK.01,2026-10-10 12:15,0.31,0.31,,7.5,,,Normal,0.33
WL.RKC.01,2026-10-10 12:15,-0.81,,,,,,Normal,-0.8
WL.RMN.01,2026-10-10 12:15,0.53,,,,,,Normal,
WL.RMT.01,2026-10-10 12:15,-1.03,0.79,,0.0,0.0,,Normal,-0.58
WL.RMT.02,2026-10-10 12:15,-0.11,,,,,,Normal,0.1
WL.RMT.03,2026-10-10 12:15,-2.0,,,,,,Normal,-2.0
WL.RSK.01,2026-10-10 12:15,0.41,,,,,,Normal,0.46
WL.SBR.01,2026-10-10 12:15,0.59,1.19,,0.0,,,Normal,0.59
WL.SBR.02,2026-10-10 12:15,0.53,,,,,,Normal,0.53
WL.SBT.01,2026-10-10 12:15,-0.41,0.15,,0.0,,,Normal,0.09
WL.SCO.01,2026-10-10 12:15,0.13,,,,,,Normal,0.25
WL.SDN.01,2026-10-10 12:15,0.23,,,,,,Normal,0.23
WL.SKG.01,2026-10-10 12:15,-0.78,,,,,,Normal,-0.47
WL.SKT.01,2026-10-10 12:15,-0.76,,,,,,Normal,-0.68
WL.SKT.02,2026-10-10 12:15,-0.85,,,,,,Normal,-0.72
WL.SLL.01,2026-10-10 12:15,0.03,,,,,,Normal,0.05
WL.SMK.01,2026-10-10 12:15,-0.22,,,,,,Normal,-0.22
WL.SNC.01,2026-10-10 12:15,-0.31,0.94,,0.0,0.0,0.0,Normal,-0.14
WL.SNC.02,2026-10-10 12:15,0.28,,,,,,Normal,0.38
WL.SNC.03,2026-10-10 12:15,0.04,,,,,,Normal,0.26
WL.SNO.01,2026-10-10 12:15,-1.26,,,,,,Normal,-1.03
WL.SOL.01,2026-10-10 12:15,-0.66,,,,,,Normal,-0.66
WL.SRE.01,2026-10-10 12:15,-0.65,0.64,,0.0,0.0,,Normal,0.18
WL.SRG.01,2026-10-10 12:15,-0.68,0.49,,0.0,0.0,0.0,Normal,-0.62
WL.SSB.01,2026-10-10 12:15,-0.65,,,,,,Normal,-0.58
WL.SSB.03,2026-10-10 12:15,-0.47,,,,,,Normal,-0.38
WL.SSB.04,2026-10-10 12:15,-0.59,-0.6,,7.5,7.5,,Normal,-0.5
WL.SSB.06,2026-10-10 12:15,-0.43,,,,,,Normal,-0.29
WL.SSB.07,2026-10-10 12:15,0.01,,,,,,Normal,0.05
WL.SSB.08,2026-10-10 12:15,0.31,,,,,,Normal,0.33
WL.SSB.09,2026-10-10 12:15,0.56,1.1,,0.0,,,Critical,0.57
WL.SSB.10,2026-10-10 12:15,0.8,1.04,,3.64,,,Critical,0.83
WL.SSB.11,2026-10-10 12:15,1.21,,,,,,Critical,1.22
WL.SSB.12,2026-10-10 12:15,1.21,1.5,,0.0,,,Critical,1.22
WL.SSB.13,2026-10-10 12:15,1.9,,,,,,Critical,
WL.SSG.01,2026-10-10 12:15,1.56,,,,,,Alert,1.57
WL.SSM.01,2026-10-10 12:15,1.31,-99,,0.0,,,Critical,1.32
WL.SSM.02,2026-10-10 12:15,1.56,,,,,,Normal,
WL.SSN.01,2026-10-10 12:15,-1.02,1.25,,7.0,0.0,0.0,Normal,-1.01
WL.SSN.02,2026-10-10 12:15,-1.06,,,,,,Normal,-1.03
WL.SSN.04,2026-10-10 12:15,-1.19,,,,,,Normal,-1.13
WL.SSN.06,2026-10-10 12:15,-1.76,,,,,,Normal,-1.76
WL.SSN.07,2026-10-10 12:15,-0.98,,,,,,Normal,-0.94
WL.SSN.09,2026-10-10 12:15,-0.63,,,,,,Normal,-0.6
WL.SSN.10,2026-10-10 12:15,-0.6,,,,,,Normal,-0.58
WL.SST.01,2026-10-10 12:15,0.8,1.75,,0.32,,,Alert,0.83
WL.STN.02,2026-10-10 12:15,0.6,,,,,,Critical,0.62
WL.STN.03,2026-10-10 12:15,0.61,,,,,,Critical,0.64
WL.STR.01,2026-10-10 12:15,-1.02,0.22,0.64,0.0,0.0,0.0,Normal,-0.91
WL.SWA.01,2026-10-10 12:15,0.85,1.33,,0.43,,,Critical,0.85
WL.SWU.01,2026-10-10 12:15,-1.3,,,,,,Normal,-1.12
WL.TCG.01,2026-10-10 12:15,-0.96,,,,,,Normal,-0.94
WL.TPK.03,2026-10-10 12:15,0.43,,,,,,Critical,0.45
WL.TSK.01,2026-10-10 12:15,-1.8,,,,,,Normal,-1.39
WL.TTN.01,2026-10-10 12:15,-0.86,,,,,,Normal,-0.82
WL.TUT.02,2026-10-10 12:15,-1.15,,,,,,Normal,-0.2
WL.TWW.01,2026-10-10 12:15,0.61,1.13,,0.54,,,Normal,0.76
WL.TWW.02,2026-10-10 12:15,0.58,,,,,,Normal,0.69
WL.TWW.03,2026-10-10 12:15,0.61,,,,,,Alert,0.62
WL.TWW.04,2026-10-10 12:15,0.57,,,,,,Normal,0.57
WL.TWW.05,2026-10-10 12:15,0.41,,,,,,Normal,0.49
WL.VPD.01,2026-10-10 12:15,-1.06,,,,,,Normal,-0.94
WL.VPD.02,2026-10-10 12:15,-1.07,,,,,,Normal,-0.91
WL.VPD.03,2026-10-10 12:15,-1.29,,,,,,Normal,-1.29
WL.VPV.01,2026-10-10 12:15,-1.97,,,0.0,,,Normal,-1.39
WL.WHK.01,2026-10-10 12:15,0.84,,,,,,Normal,0.98
WL.WKT.01,2026-10-10 12:15,0.38,,,,,,Normal,0.4
WL.WLS.01,2026-10-10 12:15,0.49,,,,,,Normal,0.55
WL.WSI.01,2026-10-10 12:15,-0.99,0.42,,0.0,0.0,0.0,Normal,-0.5
WL.WSV.01,2026-10-10 12:15,-0.2,,,,,,Normal,0.14
WL.WTK.01,2026-10-10 12:15,-1.05,,,,,,Normal,-0.46
WL.WTN.02,2026-10-10 12:15,-1.09,,,,,,Normal,-1.09
WL.YPE.01,2026-10-10 12:15,0.34,,,,,,Normal,0.41
WL.YPN.01,2026-10-10 12:15,-0.89,,,,,,Normal,-0.79
WL.YPN.02,2026-10-10 12:15,-1.12,,,,,,Normal,-0.84
WL.YSN.02,2026-10-10 12:15,-1.04,,,,,,Normal,-0.91
WL.LPI.02,2026-10-10 12:18,-0.01,,,,,,Normal,0.01
WL.KPM.04,2026-10-10 12:25,0.39,,,,,,Normal,0.42
WL.KKD.04,2026-10-10 12:35,-0.59,,,,,,Normal,-0.58
WL.BBN.01,2026-10-10 12:50,-0.01,,,,,,out of order,0.09
WL.ANG.01,2026-10-10 13:10,0.9,,,,,,Normal,
WL.BBU.02,2026-10-10 13:10,0.44,,,,,,Normal,
WL.BKH.01,2026-10-10 13:10,0.03,,,,,,Normal,
WL.BMD.01,2026-10-10 13:10,0.47,,,,,,Normal,
WL.BNJ.05,2026-10-10 13:10,-1.79,,,,,,Normal,
WL.BSE.01,2026-10-10 13:10,-1.55,,,,,,Normal,
WL.BTL.02,2026-10-10 13:10,0.06,,,,,,Normal,
WL.CLH.01,2026-10-10 13:10,-0.49,,,,,,Normal,
WL.CYI.02,2026-10-10 13:10,-0.59,,,,,,Normal,-0.54
WL.K08.01,2026-10-10 13:10,1.56,,,,,,Alert,
WL.K10.01,2026-10-10 13:10,1.63,,,,,,Alert,
WL.K11.01,2026-10-10 13:10,1.58,,,,,,Alert,
WL.KBP.01,2026-10-10 13:10,-1.11,,,,,,Normal,
WL.KHW.01,2026-10-10 13:10,1.7,,,,,,Normal,
WL.KKO.02,2026-10-10 13:10,1.56,,,,,,Alert,
WL.KPM.07,2026-10-10 13:10,0.38,,,,,,Normal,
WL.LPS.01,2026-10-10 13:10,0.77,,,,,,Normal,
WL.LPT.05,2026-10-10 13:10,1.64,,,,,,Normal,
WL.MKT.02,2026-10-10 13:10,-1.62,,,,,,Normal,
WL.NK3.02,2026-10-10 13:10,-0.64,,,,,,Normal,
WL.POC.01,2026-10-10 13:10,1.46,,,,,,Normal,
WL.PSC.06,2026-10-10 13:10,0.32,,,,,,Normal,
WL.RPS.01,2026-10-10 13:10,2.2,,,,,,Critical,
WL.SSB.13,2026-10-10 13:10,1.9,,,,,,Critical,
WL.SSG.02,2026-10-10 13:10,1.55,,,,,,Alert,
WL.STN.01,2026-10-10 13:10,0.54,,,,,,Alert,0.55
WL.SWA.02,2026-10-10 13:10,1.41,,,,,,Normal,
WL.AJP.01,2026-10-10 13:15,-0.67,,,,,,Normal,-0.5
WL.ANX.01,2026-10-10 13:15,-0.01,,,,,,Normal,0.02
WL.BAM.01,2026-10-10 13:15,0.15,,,,,,Normal,0.26
WL.BBN.02,2026-10-10 13:15,0.25,,,,,,Normal,0.39
WL.BBN.03,2026-10-10 13:15,0.55,,,,,,Critical,0.56
WL.BBR.01,2026-10-10 13:15,-0.04,,,,,,Normal,0.23
WL.BBR.02,2026-10-10 13:15,-0.07,,,,,,Normal,0.2
WL.BBU.01,2026-10-10 13:15,0.4,,,,,,Normal,0.45
WL.BCN.01,2026-10-10 13:15,0.42,,,,,,Normal,0.46
WL.BCN.02,2026-10-10 13:15,0.41,,,,,,Normal,0.46
WL.BCN.03,2026-10-10 13:15,0.47,,,,,,Normal,0.52
WL.BJK.01,2026-10-10 13:15,-1.35,0.28,,0.0,0.0,,Normal,-1.28
WL.BJK.02,2026-10-10 13:15,0.42,,,,,,Normal,0.49
WL.BJK.03,2026-10-10 13:15,0.39,,,,,,Normal,0.46
WL.BJK.04,2026-10-10 13:15,0.46,,,,,,Normal,0.52
WL.BKA.01,2026-10-10 13:15,-1.49,1.43,,1.73,1.75,0.0,Normal,-1.05
WL.BKA.02,2026-10-10 13:15,-0.86,,,,,,Normal,-0.77
WL.BKA.03,2026-10-10 13:15,-0.42,,,,,,Normal,-0.37
WL.BKA.04,2026-10-10 13:15,0.05,,,,,,Normal,0.1
WL.BKB.01,2026-10-10 13:15,-0.42,,,,,,Normal,-0.32
WL.BKG.01,2026-10-10 13:15,0.66,-2.0,,0.0,,,Critical,0.67
WL.BKK.01,2026-10-10 13:15,0.43,,,,,,Normal,
WL.BKT.01,2026-10-10 13:15,-0.81,,,,,,Normal,-0.77
WL.BKY.01,2026-10-10 13:15,0.26,0.97,,0.0,5.82,0.0,Normal,0.41
WL.BKY.02,2026-10-10 13:15,0.36,,,,,,Normal,0.44
WL.BLP.02,2026-10-10 13:15,-0.69,,,,,,Normal,-0.57
WL.BLY.01,2026-10-10 13:15,-0.5,,,,,,Normal,-0.49
WL.BLY.02,2026-10-10 13:15,-0.57,,,,,,Normal,-0.57
WL.BMA.02,2026-10-10 13:15,-0.03,,,,,,Normal,0.53
WL.BMK.01,2026-10-10 13:15,-1.37,,,,,,Normal,-1.0
WL.BNA.01,2026-10-10 13:15,-1.5,0.21,,0.0,0.0,,Normal,-1.34
WL.BNA.03,2026-10-10 13:15,-0.68,,,,,,Normal,-0.65
WL.BNA.04,2026-10-10 13:15,-0.59,,,,,,Normal,-0.55
WL.BNJ.01,2026-10-10 13:15,-0.99,,,,,,Normal,-0.87
WL.BNJ.04,2026-10-10 13:15,-1.25,,,,,,Normal,-0.88
WL.BNS.01,2026-10-10 13:15,0.4,,,,,,Normal,0.4
WL.BOA.01,2026-10-10 13:15,-1.3,0.41,,0.0,0.0,,Normal,-1.17
WL.BOA.02,2026-10-10 13:15,-1.29,,,,,,Normal,-1.14
WL.BOA.03,2026-10-10 13:15,-1.36,,,,,,Normal,-1.17
WL.BON.01,2026-10-10 13:15,-1.32,,,,,,Normal,-1.2
WL.BPA.01,2026-10-10 13:15,-0.65,,,,,,Normal,-0.61
WL.BPK.01,2026-10-10 13:15,0.18,,,,,,Normal,0.22
WL.BPM.01,2026-10-10 13:15,0.29,,,,,,Normal,0.32
WL.BPM.02,2026-10-10 13:15,0.37,,,,,,Normal,0.41
WL.BPM.03,2026-10-10 13:15,0.52,,,,,,Normal,0.56
WL.BPM.04,2026-10-10 13:15,0.47,,,,,,Normal,0.47
WL.BPN.02,2026-10-10 13:15,0.27,,,,,,Normal,0.41
WL.BPU.01,2026-10-10 13:15,0.31,,,,,,Normal,1.18
WL.BSK.01,2026-10-10 13:15,-0.43,0.61,,0.0,0.0,,Normal,0.47
WL.BSU.01,2026-10-10 13:15,-1.07,1.36,,0.0,0.0,0.0,Normal,-0.71
WL.BSU.02,2026-10-10 13:15,-0.94,,,,,,Normal,-0.68
WL.BSU.03,2026-10-10 13:15,-1.25,,,,,,Normal,-1.16
WL.BSU.04,2026-10-10 13:15,-1.12,,,,,,Normal,-1.09
WL.BSU.05,2026-10-10 13:15,-1.13,,,,,,Normal,-1.01
WL.BSU.07,2026-10-10 13:15,-0.53,,,,,,Normal,-0.47
WL.BTL.01,2026-10-10 13:15,-0.63,,,,,,Normal,-0.62
WL.BTY.01,2026-10-10 13:15,0.32,,,,,,Normal,0.32
WL.BWK.01,2026-10-10 13:15,0.32,,,,,,Normal,0.4
WL.BWK.02,2026-10-10 13:15,0.52,,,,,,Normal,0.58
WL.BWK.03,2026-10-10 13:15,0.54,,,,,,Normal,0.54
WL.BYI.01,2026-10-10 13:15,1.0,,,,,,Critical,1.0
WL.BYK.02,2026-10-10 13:15,-0.1,,,,,,Normal,0.29
WL.CKS.01,2026-10-10 13:15,-1.46,,,0.0,0.0,,Normal,-1.23
WL.CKS.02,2026-10-10 13:15,-1.08,,,,,,Normal,-0.93
WL.CKS.03,2026-10-10 13:15,-1.21,,,,,,Normal,-1.04
WL.CNS.01,2026-10-10 13:15,-1.61,0.33,,0.0,0.0,,Normal,-0.97
WL.CPA.01,2026-10-10 13:15,0.3,1.1,,0.0,3.53,,Normal,0.33
WL.CPA.02,2026-10-10 13:15,0.29,,,,,,Normal,0.39
WL.CYI.01,2026-10-10 13:15,-0.61,,,,,,Normal,-0.56
WL.CYI.03,2026-10-10 13:15,-0.52,,,,,,Normal,-0.48
WL.DKN.01,2026-10-10 13:15,0.21,0.56,,5.22,0.0,7.02,Normal,0.34
WL.FTM.01,2026-10-10 13:15,-1.49,,,,,,Normal,-1.04
WL.HKG.01,2026-10-10 13:15,-0.76,,,,,,Normal,-0.71
WL.HKG.02,2026-10-10 13:15,-0.7,,,,,,Normal,-0.66
WL.HMK.01,2026-10-10 13:15,-0.2,,,,,,Alert,-0.15
WL.HMK.02,2026-10-10 13:15,-0.44,,,,,,Normal,-0.33
WL.HMK.03,2026-10-10 13:15,-0.14,,,,,,Normal,-0.11
WL.JKK.01,2026-10-10 13:15,0.26,,,,,,Alert,0.27
WL.JRN.01,2026-10-10 13:15,0.31,0.48,,0.0,,,Normal,0.32
WL.KBU.01,2026-10-10 13:15,0.32,1.11,,0.0,,,Normal,0.48
WL.KBU.02,2026-10-10 13:15,0.38,,,,,,Normal,0.45
WL.KCD.01,2026-10-10 13:15,-1.05,,,,,,Normal,-1.0
WL.KDN.01,2026-10-10 13:15,-0.67,0.4,,0.0,,,Normal,-0.56
WL.KJA.01,2026-10-10 13:15,-0.73,,,,,,Normal,-0.72
WL.KJA.02,2026-10-10 13:15,-0.31,,,,,,Normal,-0.25
WL.KJG.01,2026-10-10 13:15,-0.47,,,,,,Normal,-0.36
WL.KJK.01,2026-10-10 13:15,-1.29,0.27,,0.0,0.0,,Normal,-1.11
WL.KJK.02,2026-10-10 13:15,-1.24,,,,,,Normal,-1.06
WL.KJN.01,2026-10-10 13:15,-0.17,,,,,,Alert,-0.14
WL.KJN.02,2026-10-10 13:15,-0.1,,,,,,Normal,-0.08
WL.KJT.01,2026-10-10 13:15,-1.11,,,,,,Normal,-1.07
WL.KJU.01,2026-10-10 13:15,-0.73,,,,,,Normal,-0.39
WL.KKD.01,2026-10-10 13:15,-0.52,,,,,,Normal,-0.5
WL.KKD.02,2026-10-10 13:15,-0.63,,,,,,Normal,-0.62
WL.KKO.01,2026-10-10 13:15,1.62,,,,,,Alert,1.63
WL.KKS.01,2026-10-10 13:15,-0.68,1.11,,0.0,0.0,,Normal,-0.57
WL.KKS.02,2026-10-10 13:15,-0.65,,,,,,Normal,-0.54
WL.KKS.03,2026-10-10 13:15,-0.74,,,,,,Normal,-0.66
WL.KKS.04,2026-10-10 13:15,-0.71,0.75,,0.0,,,Normal,-0.63
WL.KKY.01,2026-10-10 13:15,0.56,,,,,,Normal,0.56
WL.KKY.02,2026-10-10 13:15,0.56,,,,,,Normal,0.56
WL.KLA.01,2026-10-10 13:15,-0.31,,,,,,Normal,-0.29
WL.KLD.02,2026-10-10 13:15,-0.35,,,,,,Normal,-0.1
WL.KLT.01,2026-10-10 13:15,-0.71,,,,,,Normal,-0.62
WL.KMN.01,2026-10-10 13:15,0.25,0.96,,3.24,0.0,0.0,Normal,0.4
WL.KNB.01,2026-10-10 13:15,-0.92,,,,,,Normal,-0.8
WL.KNB.02,2026-10-10 13:15,-0.45,,,,,,Normal,-0.41
WL.KPG.01,2026-10-10 13:15,-1.09,,,,,,Normal,-1.09
WL.KPM.01,2026-10-10 13:15,-0.37,,,,,,Normal,-0.32
WL.KPM.03,2026-10-10 13:15,-0.15,,,,,,Normal,-0.11
WL.KPM.05,2026-10-10 13:15,0.42,,,,,,Normal,0.51
WL.KPM.06,2026-10-10 13:15,0.38,,,,,,Normal,0.54
WL.KPM.08,2026-10-10 13:15,0.44,,,,,,Normal,0.46
WL.KSG.01,2026-10-10 13:15,0.67,,,,,,Normal,0.7
WL.KSI.01,2026-10-10 13:15,0.75,,,,,,Normal,0.78
WL.KSI.02,2026-10-10 13:15,0.77,,,,,,Critical,0.8
WL.KSK.01,2026-10-10 13:15,-0.65,,,,,,Normal,-0.64
WL.KSM.01,2026-10-10 13:15,0.77,,,,,,Critical,0.8
WL.KSM.02,2026-10-10 13:15,0.7,,,,,,Critical,0.74
WL.KSO.01,2026-10-10 13:15,0.62,,,,,,Normal,0.62
WL.KSO.02,2026-10-10 13:15,0.63,,,,,,Normal,0.64
WL.KT4.01,2026-10-10 13:15,0.46,,,,,,Alert,0.48
WL.KTY.01,2026-10-10 13:15,-2.1,0.28,,0.0,,,Normal,-1.44
WL.LBK.02,2026-10-10 13:15,0.51,,,,,,Critical,0.53
WL.LBK.03,2026-10-10 13:15,0.4,,,,,,Critical,0.43
WL.LCL.01,2026-10-10 13:15,0.62,,,,,,Normal,0.64
WL.LCL.02,2026-10-10 13:15,0.43,,,,,,Normal,0.49
WL.LKB.01,2026-10-10 13:15,0.63,,,,,,Critical,0.67
WL.LOA.01,2026-10-10 13:15,0.75,,,,,,Normal,0.78
WL.LOA.02,2026-10-10 13:15,0.69,,,,,,Normal,0.71
WL.LPC.01,2026-10-10 13:15,1.08,,,,,,Critical,1.1
WL.LPG.02,2026-10-10 13:15,0.98,1.75,,0.0,,,Critical,0.99
WL.LPG.03,2026-10-10 13:15,0.92,,,,,,Critical,0.94
WL.LPN.01,2026-10-10 13:15,-0.7,0.62,,0.0,,,Normal,-0.59
WL.LPP.01,2026-10-10 13:15,-1.53,,,,,,Normal,-1.35
WL.LPP.02,2026-10-10 13:15,-0.81,,,,,,Normal,
WL.LPT.01,2026-10-10 13:15,1.2,,,,,,Critical,1.21
WL.LPT.03,2026-10-10 13:15,0.85,,,,,,Critical,0.87
WL.LPW.01,2026-10-10 13:15,-0.31,-0.35,,0.0,,,Normal,-0.25
WL.LPW.03,2026-10-10 13:15,0.17,,,,,,Normal,0.23
WL.LPW.04,2026-10-10 13:15,-0.52,,,,,,Normal,-0.49
WL.LPW.05,2026-10-10 13:15,-0.61,,,,,,Normal,-0.56
WL.LSM.01,2026-10-10 13:15,-0.67,,,,,,Normal,-0.64
WL.LYW.01,2026-10-10 13:15,-1.52,,,,,,Normal,-1.47
WL.LYW.02,2026-10-10 13:15,-1.45,,,,,,Normal,-1.44
WL.MCM.01,2026-10-10 13:15,0.23,,,,,,Normal,0.44
WL.MFS.01,2026-10-10 13:15,-0.7,,,,,,Normal,-0.68
WL.MKT.01,2026-10-10 13:15,-0.37,,,,,,Normal,-0.31
WL.MSW.01,2026-10-10 13:15,1.12,,,,,,Normal,1.72
WL.MSW.02,2026-10-10 13:15,1.19,,,,,,Normal,1.25
WL.MSW.03,2026-10-10 13:15,1.13,,,,,,Normal,1.67
WL.MSW.04,2026-10-10 13:15,1.06,,,,,,Normal,
WL.MTG.01,2026-10-10 13:15,-0.64,,,,,,Normal,-0.64
WL.NBN.01,2026-10-10 13:15,-4.18,-1.76,,0.0,,,Normal,-3.94
WL.NCH.02,2026-10-10 13:15,-0.43,,,,,,Normal,-0.33
WL.NK1.01,2026-10-10 13:15,-0.28,,,,,,Normal,0.02
WL.NK3.01,2026-10-10 13:15,-0.45,,,,,,Normal,-0.12
WL.NKW.02,2026-10-10 13:15,-0.37,,,,,,Normal,-0.23
WL.NSG.01,2026-10-10 13:15,-2.0,,,,,,Normal,-2.0
WL.OAG.01,2026-10-10 13:15,-0.74,,,,,,Normal,-0.61
WL.ORC.01,2026-10-10 13:15,-1.34,-0.59,,0.0,,,Normal,-1.34
WL.PKG.01,2026-10-10 13:15,0.89,,,,,,Normal,1.77
WL.PKN.01,2026-10-10 13:15,-0.84,0.46,,0.0,0.0,0.0,Normal,-0.66
WL.PLK.01,2026-10-10 13:15,0.25,,,,,,Normal,1.18
WL.PLP.01,2026-10-10 13:15,-0.48,,,,,,Normal,-0.42
WL.PNM.01,2026-10-10 13:15,0.25,,,,,,Alert,0.3
WL.PSC.01,2026-10-10 13:15,0.3,0.34,,0.0,0.0,0.0,Normal,0.41
WL.PSC.02,2026-10-10 13:15,0.3,,,,,,Normal,0.38
WL.PSC.03,2026-10-10 13:15,0.31,,,,,,Normal,0.38
WL.PSC.05,2026-10-10 13:15,0.39,,,,,,Normal,0.47
WL.PSI.01,2026-10-10 13:15,-1.47,,,,,,Normal,-1.16
WL.PSR.01,2026-10-10 13:15,1.05,1.78,,0.2,,,Alert,1.09
WL.PSR.02,2026-10-10 13:15,1.09,,,,,,Alert,1.13
WL.PSR.03,2026-10-10 13:15,1.06,,,,,,Alert,1.1
WL.PSR.04,2026-10-10 13:15,0.73,,,,,,Normal,0.75
WL.PSR.05,2026-10-10 13:15,0.76,,,,,,Alert,0.78
WL.PST.01,2026-10-10 13:15,-0.92,,,,,,Normal,-0.88
WL.PWT.01,2026-10-10 13:15,-0.58,,,,,,Normal,-0.5
WL.PWT.02,2026-10-10 13:15,-0.09,,,,,,Normal,-0.06
WL.PWT.03,2026-10-10 13:15,0.14,0.16,,5.84,5.9,,Normal,0.18
WL.PWT.04,2026-10-10 13:15,0.47,0.51,,4.94,,,Alert,0.51
WL.PWT.06,2026-10-10 13:15,0.89,,,,,,Critical,0.92
WL.PWT.07,2026-10-10 13:15,0.88,,,,,,Critical,0.9
WL.PYW.01,2026-10-10 13:15,-1.2,,,,,,Normal,-0.54
WL.RHN.01,2026-10-10 13:15,-0.66,-0.19,,0.0,,,Normal,-0.06
WL.RJK.01,2026-10-10 13:15,0.31,0.31,,7.5,,,Normal,0.33
WL.RKC.01,2026-10-10 13:15,-1.07,,,,,,Normal,-0.72
WL.RMN.01,2026-10-10 13:15,0.53,,,,,,Normal,
WL.RMT.01,2026-10-10 13:15,-1.06,0.75,,0.0,0.0,,Normal,-0.58
WL.RMT.02,2026-10-10 13:15,-0.12,,,,,,Normal,0.1
WL.RMT.03,2026-10-10 13:15,-2.0,,,,,,Normal,-2.0
WL.RSK.01,2026-10-10 13:15,0.4,,,,,,Normal,0.46
WL.SBR.01,2026-10-10 13:15,0.59,1.19,,0.0,,,Normal,0.59
WL.SBR.02,2026-10-10 13:15,0.53,,,,,,Normal,0.53
WL.SBT.01,2026-10-10 13:15,-0.22,0.13,,0.0,,,Normal,0.09
WL.SCO.01,2026-10-10 13:15,0.01,,,,,,Normal,0.25
WL.SDN.01,2026-10-10 13:15,0.23,,,,,,Normal,0.23
WL.SKG.01,2026-10-10 13:15,-0.75,,,,,,Normal,-0.47
WL.SKT.01,2026-10-10 13:15,-0.8,,,,,,Normal,-0.68
WL.SKT.02,2026-10-10 13:15,-1.24,,,,,,Normal,-0.72
WL.SLL.01,2026-10-10 13:15,0.02,,,,,,Normal,0.05
WL.SMK.01,2026-10-10 13:15,-0.22,,,,,,Normal,-0.22
WL.SNC.01,2026-10-10 13:15,-0.28,0.9,,0.0,0.0,0.0,Normal,-0.14
WL.SNC.02,2026-10-10 13:15,0.26,,,,,,Normal,0.38
WL.SNC.03,2026-10-10 13:15,0.01,,,,,,Normal,0.26
WL.SNO.01,2026-10-10 13:15,-1.19,,,,,,Normal,-1.03
WL.SOL.01,2026-10-10 13:15,-0.66,,,,,,Normal,-0.66
WL.SRE.01,2026-10-10 13:15,-0.6,0.66,,0.0,0.0,,Normal,0.18
WL.SRG.01,2026-10-10 13:15,-0.55,0.32,,0.0,0.0,0.0,Normal,-0.55
WL.SSB.01,2026-10-10 13:15,-0.71,,,,,,Normal,-0.58
WL.SSB.03,2026-10-10 13:15,-0.53,,,,,,Normal,-0.38
WL.SSB.04,2026-10-10 13:15,-0.62,-0.62,,7.5,7.5,,Normal,-0.5
WL.SSB.06,2026-10-10 13:15,-0.5,,,,,,Normal,-0.29
WL.SSB.07,2026-10-10 13:15,0.01,,,,,,Normal,0.1
WL.SSB.08,2026-10-10 13:15,0.3,,,,,,Normal,0.33
WL.SSB.09,2026-10-10 13:15,0.55,1.1,,0.0,,,Critical,0.57
WL.SSB.10,2026-10-10 13:15,0.81,1.04,,3.65,,,Critical,0.83
WL.SSB.11,2026-10-10 13:15,1.21,,,,,,Critical,1.22
WL.SSB.12,2026-10-10 13:15,1.21,1.5,,0.0,,,Critical,1.22
WL.SSG.01,2026-10-10 13:15,1.56,,,,,,Alert,1.57
WL.SSM.01,2026-10-10 13:15,1.3,-99,,0.0,,,Critical,1.32
WL.SSM.02,2026-10-10 13:15,1.56,,,,,,Normal,
WL.SSN.01,2026-10-10 13:15,-1.02,1.2,,7.0,0.0,0.0,Normal,-1.01
WL.SSN.02,2026-10-10 13:15,-1.1,,,,,,Normal,-1.03
WL.SSN.04,2026-10-10 13:15,-1.21,,,,,,Normal,-1.13
WL.SSN.06,2026-10-10 13:15,-1.71,,,,,,Normal,-1.71
WL.SSN.07,2026-10-10 13:15,-0.96,,,,,,Normal,-0.94
WL.SSN.08,2026-10-10 13:15,-0.64,-0.63,,0.0,,,Normal,-0.59
WL.SSN.09,2026-10-10 13:15,-0.65,,,,,,Normal,-0.6
WL.SSN.10,2026-10-10 13:15,-0.62,,,,,,Normal,-0.58
WL.SST.01,2026-10-10 13:15,0.8,1.75,,0.32,,,Alert,0.83
WL.STN.02,2026-10-10 13:15,0.6,,,,,,Critical,0.62
WL.STN.03,2026-10-10 13:15,0.61,,,,,,Critical,0.64
WL.STR.01,2026-10-10 13:15,-1.03,0.22,0.64,0.0,0.0,0.0,Normal,-0.91
WL.SWA.01,2026-10-10 13:15,0.85,1.33,,0.43,,,Critical,0.85
WL.SWU.01,2026-10-10 13:15,-1.24,,,,,,Normal,-1.12
WL.TCG.01,2026-10-10 13:15,-0.96,,,,,,Normal,-0.94
WL.TPK.03,2026-10-10 13:15,0.42,,,,,,Critical,0.45
WL.TSK.01,2026-10-10 13:15,-1.79,,,,,,Normal,-1.39
WL.TTN.01,2026-10-10 13:15,-0.86,,,,,,Normal,-0.82
WL.TUT.02,2026-10-10 13:15,-1.05,,,,,,Normal,-0.2
WL.TWW.01,2026-10-10 13:15,0.62,1.13,,0.54,,,Normal,0.76
WL.TWW.02,2026-10-10 13:15,0.58,,,,,,Normal,0.69
WL.TWW.03,2026-10-10 13:15,0.61,,,,,,Alert,0.62
WL.TWW.04,2026-10-10 13:15,0.58,,,,,,Normal,0.58
WL.TWW.05,2026-10-10 13:15,0.41,,,,,,Normal,0.49
WL.VPD.01,2026-10-10 13:15,-1.07,,,,,,Normal,-0.94
WL.VPD.02,2026-10-10 13:15,-1.02,,,,,,Normal,-0.91
WL.VPD.03,2026-10-10 13:15,-1.28,,,,,,Normal,-1.28
WL.VPV.01,2026-10-10 13:15,-2.13,,,0.0,,,Normal,-1.39
WL.WHK.01,2026-10-10 13:15,0.81,,,,,,Normal,0.98
WL.WKT.01,2026-10-10 13:15,0.37,,,,,,Normal,0.4
WL.WLS.01,2026-10-10 13:15,0.48,,,,,,Normal,0.55
WL.WSI.01,2026-10-10 13:15,-0.87,0.51,,0.0,0.0,0.0,Normal,-0.5
WL.WSV.01,2026-10-10 13:15,-0.24,,,,,,Normal,0.14
WL.WTK.01,2026-10-10 13:15,-1.05,,,,,,Normal,-0.46
WL.WTN.02,2026-10-10 13:15,-1.08,,,,,,Normal,-1.08
WL.YPE.01,2026-10-10 13:15,0.33,,,,,,Normal,0.41
WL.YPN.01,2026-10-10 13:15,-0.97,,,,,,Normal,-0.79
WL.YPN.02,2026-10-10 13:15,-1.02,,,,,,Normal,-0.84
WL.YSN.02,2026-10-10 13:15,-0.96,,,,,,Normal,-0.91
WL.LPI.02,2026-10-10 13:19,-0.07,,,,,,Normal,0.01
WL.KPM.04,2026-10-10 13:25,0.4,,,,,,Normal,0.43
WL.KKD.04,2026-10-10 13:35,-0.59,,,,,,Normal,-0.58
WL.BBN.01,2026-10-10 13:50,-0.02,,,,,,out of order,0.09
WL.WSV.01,2026-10-10 14:00,-0.22,,,,,,temporarily out of order,0.14
WL.BBN.01,2026-10-10 14:05,-0.02,,,,,,out of order,0.09
WL.ANG.01,2026-10-10 14:10,0.9,,,,,,Normal,
WL.BBN.03,2026-10-10 14:10,0.55,,,,,,Critical,0.56
WL.BBU.02,2026-10-10 14:10,0.45,,,,,,Normal,
WL.BKH.01,2026-10-10 14:10,0.02,,,,,,Normal,
WL.BMD.01,2026-10-10 14:10,0.45,,,,,,Normal,
WL.BNJ.05,2026-10-10 14:10,-2.28,,,,,,Normal,
WL.BSE.01,2026-10-10 14:10,-1.55,,,,,,Normal,
WL.BTL.02,2026-10-10 14:10,0.06,,,,,,Normal,
WL.CLH.01,2026-10-10 14:10,-0.46,,,,,,Normal,
WL.CYI.02,2026-10-10 14:10,-0.6,,,,,,Normal,-0.54
WL.JKK.01,2026-10-10 14:10,0.26,,,,,,Alert,0.27
WL.K08.01,2026-10-10 14:10,1.55,,,,,,Alert,
WL.K10.01,2026-10-10 14:10,1.63,,,,,,Alert,
WL.K11.01,2026-10-10 14:10,1.57,,,,,,Alert,
WL.KBP.01,2026-10-10 14:10,-1.05,,,,,,Normal,
WL.KDN.01,2026-10-10 14:10,-0.67,0.68,,0.0,,,Normal,-0.56
WL.KHW.01,2026-10-10 14:10,1.69,,,,,,Normal,
WL.KKO.02,2026-10-10 14:10,1.55,,,,,,Alert,
WL.KKY.01,2026-10-10 14:10,0.5,,,,,,Normal,0.56
WL.KPM.07,2026-10-10 14:10,0.34,,,,,,Normal,
WL.LPS.01,2026-10-10 14:10,0.77,,,,,,Normal,
WL.LPT.05,2026-10-10 14:10,1.87,,,,,,Normal,
WL.MKT.02,2026-10-10 14:10,-1.5,,,,,,Normal,
WL.NK3.02,2026-10-10 14:10,-0.58,,,,,,Normal,
WL.POC.01,2026-10-10 14:10,1.46,,,,,,Normal,
WL.PSC.06,2026-10-10 14:10,0.2,,,,,,Normal,
WL.PSR.05,2026-10-10 14:10,0.76,,,,,,Alert,0.78
WL.RPS.01,2026-10-10 14:10,2.21,,,,,,Critical,
WL.RSK.01,2026-10-10 14:10,0.4,,,,,,Normal,0.46
WL.SSB.13,2026-10-10 14:10,1.89,,,,,,Critical,
WL.SSG.02,2026-10-10 14:10,1.55,,,,,,Alert,
WL.STN.01,2026-10-10 14:10,0.53,,,,,,Alert,0.55
WL.SWA.02,2026-10-10 14:10,1.41,,,,,,Normal,
WL.AJP.01,2026-10-10 14:15,-0.8,,,,,,Normal,-0.5
WL.ANX.01,2026-10-10 14:15,-0.02,,,,,,Normal,0.02
WL.BAM.01,2026-10-10 14:15,0.04,,,,,,Normal,0.26
WL.BBN.02,2026-10-10 14:15,0.24,,,,,,Normal,0.39
WL.BBR.01,2026-10-10 14:15,0.02,,,,,,Normal,0.23
WL.BBR.02,2026-10-10 14:15,-0.02,,,,,,Normal,0.2
WL.BBU.01,2026-10-10 14:15,0.4,,,,,,Normal,0.45
WL.BCN.01,2026-10-10 14:15,0.42,,,,,,Normal,0.46
WL.BCN.02,2026-10-10 14:15,0.41,,,,,,Normal,0.46
WL.BCN.03,2026-10-10 14:15,0.47,,,,,,Normal,0.52
WL.BJK.01,2026-10-10 14:15,-1.33,0.76,,0.0,0.0,,Normal,-1.28
WL.BJK.02,2026-10-10 14:15,0.42,,,,,,Normal,0.49
WL.BJK.03,2026-10-10 14:15,0.38,,,,,,Normal,0.46
WL.BJK.04,2026-10-10 14:15,0.46,,,,,,Normal,0.52
WL.BKA.01,2026-10-10 14:15,-1.45,1.48,,1.73,1.75,0.0,Normal,-1.05
WL.BKA.02,2026-10-10 14:15,-0.86,,,,,,Normal,-0.77
WL.BKA.03,2026-10-10 14:15,-0.42,,,,,,Normal,-0.37
WL.BKA.04,2026-10-10 14:15,0.04,,,,,,Normal,0.1
WL.BKB.01,2026-10-10 14:15,-0.43,,,,,,Normal,-0.32
WL.BKG.01,2026-10-10 14:15,0.66,-2.0,,0.0,,,Critical,0.67
WL.BKK.01,2026-10-10 14:15,0.43,,,,,,Normal,
WL.BKT.01,2026-10-10 14:15,-0.8,,,,,,Normal,-0.77
WL.BKY.01,2026-10-10 14:15,0.26,1.11,,0.0,3.53,0.0,Normal,0.41
WL.BKY.02,2026-10-10 14:15,0.36,,,,,,Normal,0.44
WL.BLP.02,2026-10-10 14:15,-0.71,,,,,,Normal,-0.57
WL.BLY.01,2026-10-10 14:15,-0.5,,,,,,Normal,-0.49
WL.BLY.02,2026-10-10 14:15,-0.58,,,,,,Normal,-0.57
WL.BMA.02,2026-10-10 14:15,-0.01,,,,,,Normal,0.58
WL.BMK.01,2026-10-10 14:15,-1.59,,,,,,Normal,-1.0
WL.BNA.01,2026-10-10 14:15,-1.41,0.72,,0.0,0.0,,Normal,-1.34
WL.BNA.03,2026-10-10 14:15,-0.69,,,,,,Normal,-0.65
WL.BNA.04,2026-10-10 14:15,-0.6,,,,,,Normal,-0.55
WL.BNJ.01,2026-10-10 14:15,-1.0,,,,,,Normal,-0.87
WL.BNJ.04,2026-10-10 14:15,-1.28,,,,,,Normal,-0.88
WL.BNS.01,2026-10-10 14:15,0.38,,,,,,Normal,0.4
WL.BOA.01,2026-10-10 14:15,-1.33,0.84,,0.0,0.0,,Normal,-1.17
WL.BOA.02,2026-10-10 14:15,-1.34,,,,,,Normal,-1.14
WL.BOA.03,2026-10-10 14:15,-1.27,,,,,,Normal,-1.17
WL.BON.01,2026-10-10 14:15,-1.31,,,,,,Normal,-1.2
WL.BPA.01,2026-10-10 14:15,-0.65,,,,,,Normal,-0.61
WL.BPK.01,2026-10-10 14:15,0.1,,,,,,Normal,0.22
WL.BPM.01,2026-10-10 14:15,0.28,,,,,,Normal,0.32
WL.BPM.02,2026-10-10 14:15,0.37,,,,,,Normal,0.41
WL.BPM.03,2026-10-10 14:15,0.52,,,,,,Normal,0.56
WL.BPM.04,2026-10-10 14:15,0.45,,,,,,Normal,0.47
WL.BPN.02,2026-10-10 14:15,0.26,,,,,,Normal,0.41
WL.BPU.01,2026-10-10 14:15,0.88,,,,,,Normal,1.18
WL.BSK.01,2026-10-10 14:15,-0.69,0.84,,0.0,0.0,,Normal,0.47
WL.BSU.01,2026-10-10 14:15,-1.03,1.43,,0.0,0.0,0.0,Normal,-0.71
WL.BSU.02,2026-10-10 14:15,-0.9,,,,,,Normal,-0.68
WL.BSU.03,2026-10-10 14:15,-1.29,,,,,,Normal,-1.16
WL.BSU.04,2026-10-10 14:15,-1.12,,,,,,Normal,-1.09
WL.BSU.05,2026-10-10 14:15,-1.2,,,,,,Normal,-1.01
WL.BSU.07,2026-10-10 14:15,-0.56,,,,,,Normal,-0.47
WL.BTL.01,2026-10-10 14:15,-0.63,,,,,,Normal,-0.62
WL.BTY.01,2026-10-10 14:15,0.3,,,,,,Normal,0.32
WL.BWK.01,2026-10-10 14:15,0.31,,,,,,Normal,0.4
WL.BWK.02,2026-10-10 14:15,0.52,,,,,,Normal,0.58
WL.BWK.03,2026-10-10 14:15,0.53,,,,,,Normal,0.55
WL.BYI.01,2026-10-10 14:15,1.0,,,,,,Critical,1.0
WL.BYK.02,2026-10-10 14:15,0.01,,,,,,Normal,0.29
WL.CKS.01,2026-10-10 14:15,-1.45,,,0.0,0.0,,Normal,-1.23
WL.CKS.02,2026-10-10 14:15,-1.1,,,,,,Normal,-0.93
WL.CKS.03,2026-10-10 14:15,-1.22,,,,,,Normal,-1.04
WL.CNS.01,2026-10-10 14:15,-2.11,0.71,,0.0,0.0,,Normal,-0.97
WL.CPA.01,2026-10-10 14:15,0.29,1.17,,0.0,3.53,,Normal,0.33
WL.CPA.02,2026-10-10 14:15,0.28,,,,,,Normal,0.39
WL.CYI.01,2026-10-10 14:15,-0.62,,,,,,Normal,-0.56
WL.CYI.03,2026-10-10 14:15,-0.53,,,,,,Normal,-0.48
WL.DKN.01,2026-10-10 14:15,0.21,0.84,,3.84,0.0,4.96,Normal,0.34
WL.FTM.01,2026-10-10 14:15,-1.17,,,,,,Normal,-1.04
WL.HKG.01,2026-10-10 14:15,-0.76,,,,,,Normal,-0.71
WL.HKG.02,2026-10-10 14:15,-0.71,,,,,,Normal,-0.66
WL.HMK.01,2026-10-10 14:15,-0.2,,,,,,Alert,-0.15
WL.HMK.02,2026-10-10 14:15,-0.4,,,,,,Normal,-0.33
WL.HMK.03,2026-10-10 14:15,-0.14,,,,,,Normal,-0.11
WL.JRN.01,2026-10-10 14:15,0.09,0.77,,0.0,,,Normal,0.32
WL.KBU.01,2026-10-10 14:15,0.3,1.09,,0.0,,,Normal,0.48
WL.KBU.02,2026-10-10 14:15,0.37,,,,,,Normal,0.45
WL.KCD.01,2026-10-10 14:15,-1.06,,,,,,Normal,-1.0
WL.KJA.01,2026-10-10 14:15,-0.73,,,,,,Normal,-0.72
WL.KJA.02,2026-10-10 14:15,-0.32,,,,,,Normal,-0.25
WL.KJG.01,2026-10-10 14:15,-0.51,,,,,,Normal,-0.36
WL.KJK.01,2026-10-10 14:15,-1.26,0.79,,0.0,0.0,,Normal,-1.11
WL.KJK.02,2026-10-10 14:15,-1.2,,,,,,Normal,-1.06
WL.KJN.01,2026-10-10 14:15,-0.17,,,,,,Alert,-0.14
WL.KJN.02,2026-10-10 14:15,-0.11,,,,,,Normal,-0.08
WL.KJT.01,2026-10-10 14:15,-1.16,,,,,,Normal,-1.07
WL.KJU.01,2026-10-10 14:15,-0.52,,,,,,Normal,-0.39
WL.KKD.01,2026-10-10 14:15,-0.52,,,,,,Normal,-0.5
WL.KKD.02,2026-10-10 14:15,-0.63,,,,,,Normal,-0.62
WL.KKO.01,2026-10-10 14:15,1.62,,,,,,Alert,1.63
WL.KKS.01,2026-10-10 14:15,-0.7,1.21,,0.0,0.0,,Normal,-0.57
WL.KKS.02,2026-10-10 14:15,-0.67,,,,,,Normal,-0.54
WL.KKS.03,2026-10-10 14:15,-0.72,,,,,,Normal,-0.66
WL.KKS.04,2026-10-10 14:15,-0.71,0.95,,0.0,,,Normal,-0.63
WL.KKY.02,2026-10-10 14:15,0.53,,,,,,Normal,0.56
WL.KLA.01,2026-10-10 14:15,-0.32,,,,,,Normal,-0.29
WL.KLD.02,2026-10-10 14:15,-0.33,,,,,,Normal,-0.1
WL.KLT.01,2026-10-10 14:15,-0.72,,,,,,Normal,-0.62
WL.KMN.01,2026-10-10 14:15,0.25,1.02,,6.05,0.0,0.0,Normal,0.4
WL.KNB.01,2026-10-10 14:15,-0.92,,,,,,Normal,-0.8
WL.KNB.02,2026-10-10 14:15,-0.46,,,,,,Normal,-0.41
WL.KPG.01,2026-10-10 14:15,-1.18,,,,,,Normal,-1.08
WL.KPM.01,2026-10-10 14:15,-0.36,,,,,,Normal,-0.32
WL.KPM.03,2026-10-10 14:15,-0.15,,,,,,Normal,-0.11
WL.KPM.05,2026-10-10 14:15,0.41,,,,,,Normal,0.51
WL.KPM.06,2026-10-10 14:15,0.38,,,,,,Normal,0.54
WL.KPM.08,2026-10-10 14:15,0.43,,,,,,Normal,0.46
WL.KSG.01,2026-10-10 14:15,0.67,,,,,,Normal,0.7
WL.KSI.01,2026-10-10 14:15,0.75,,,,,,Normal,0.78
WL.KSI.02,2026-10-10 14:15,0.77,,,,,,Critical,0.8
WL.KSK.01,2026-10-10 14:15,-0.65,,,,,,Normal,-0.64
WL.KSM.01,2026-10-10 14:15,0.76,,,,,,Critical,0.8
WL.KSM.02,2026-10-10 14:15,0.7,,,,,,Critical,0.74
WL.KSO.01,2026-10-10 14:15,0.58,,,,,,Normal,0.62
WL.KSO.02,2026-10-10 14:15,0.6,,,,,,Normal,0.64
WL.KT4.01,2026-10-10 14:15,0.46,,,,,,Alert,0.48
WL.KTY.01,2026-10-10 14:15,-2.02,0.7,,0.0,,,Normal,-1.44
WL.LBK.02,2026-10-10 14:15,0.5,,,,,,Critical,0.53
WL.LBK.03,2026-10-10 14:15,0.4,,,,,,Critical,0.43
WL.LCL.01,2026-10-10 14:15,0.61,,,,,,Normal,0.64
WL.LCL.02,2026-10-10 14:15,0.42,,,,,,Normal,0.49
WL.LKB.01,2026-10-10 14:15,0.62,,,,,,Critical,0.67
WL.LOA.01,2026-10-10 14:15,0.45,,,,,,Normal,0.78
WL.LOA.02,2026-10-10 14:15,0.68,,,,,,Normal,0.71
WL.LPC.01,2026-10-10 14:15,1.08,,,,,,Critical,1.1
WL.LPG.02,2026-10-10 14:15,0.97,1.75,,0.0,,,Critical,0.99
WL.LPG.03,2026-10-10 14:15,0.92,,,,,,Critical,0.94
WL.LPN.01,2026-10-10 14:15,-0.85,0.61,,0.0,,,Normal,-0.59
WL.LPP.01,2026-10-10 14:15,-1.55,,,,,,Normal,-1.35
WL.LPP.02,2026-10-10 14:15,-0.81,,,,,,Normal,
WL.LPT.01,2026-10-10 14:15,1.2,,,,,,Critical,1.21
WL.LPT.03,2026-10-10 14:15,0.85,,,,,,Critical,0.87
WL.LPW.01,2026-10-10 14:15,-0.33,-0.37,,0.0,,,Normal,-0.25
WL.LPW.03,2026-10-10 14:15,0.16,,,,,,Normal,0.23
WL.LPW.04,2026-10-10 14:15,-0.54,,,,,,Normal,-0.49
WL.LPW.05,2026-10-10 14:15,-0.63,,,,,,Normal,-0.56
WL.LSG.01,2026-10-10 14:15,-1.21,,,,,,Normal,-1.19
WL.LSM.01,2026-10-10 14:15,-0.67,,,,,,Normal,-0.64
WL.LYW.01,2026-10-10 14:15,-1.52,,,,,,Normal,-1.47
WL.LYW.02,2026-10-10 14:15,-1.45,,,,,,Normal,-1.44
WL.MCM.01,2026-10-10 14:15,0.23,,,,,,Normal,0.44
WL.MFS.01,2026-10-10 14:15,-0.7,,,,,,Normal,-0.68
WL.MKT.01,2026-10-10 14:15,-0.38,,,,,,Normal,-0.31
WL.MSW.01,2026-10-10 14:15,1.13,,,,,,Normal,1.72
WL.MSW.02,2026-10-10 14:15,1.23,,,,,,Normal,1.25
WL.MSW.03,2026-10-10 14:15,1.12,,,,,,Normal,1.67
WL.MSW.04,2026-10-10 14:15,1.06,,,,,,Normal,
WL.MTG.01,2026-10-10 14:15,-0.64,,,,,,Normal,-0.64
WL.NBN.01,2026-10-10 14:15,-4.19,-1.75,,0.0,,,Normal,-3.94
WL.NCH.02,2026-10-10 14:15,-0.86,,,,,,Normal,-0.33
WL.NK1.01,2026-10-10 14:15,-0.23,,,,,,Normal,0.02
WL.NK3.01,2026-10-10 14:15,-0.47,,,,,,Normal,-0.12
WL.NKW.02,2026-10-10 14:15,-1.16,,,,,,Normal,-0.23
WL.NSG.01,2026-10-10 14:15,-2.0,,,,,,Normal,-2.0
WL.OAG.01,2026-10-10 14:15,-0.75,,,,,,Normal,-0.61
WL.ORC.01,2026-10-10 14:15,-1.34,-0.63,,0.0,,,Normal,-1.34
WL.PKG.01,2026-10-10 14:15,1.02,,,,,,Normal,1.77
WL.PKN.01,2026-10-10 14:15,-0.87,0.83,,0.0,0.0,0.0,Normal,-0.66
WL.PLK.01,2026-10-10 14:15,0.73,,,,,,Normal,1.18
WL.PLP.01,2026-10-10 14:15,-0.48,,,,,,Normal,-0.42
WL.PNM.01,2026-10-10 14:15,0.25,,,,,,Alert,0.3
WL.PSC.01,2026-10-10 14:15,0.29,0.33,,0.0,0.0,0.0,Normal,0.41
WL.PSC.02,2026-10-10 14:15,0.29,,,,,,Normal,0.38
WL.PSC.03,2026-10-10 14:15,0.31,,,,,,Normal,0.38
WL.PSC.05,2026-10-10 14:15,0.39,,,,,,Normal,0.47
WL.PSI.01,2026-10-10 14:15,-1.39,,,,,,Normal,-1.16
WL.PSR.01,2026-10-10 14:15,1.05,1.74,,0.2,,,Alert,1.09
WL.PSR.02,2026-10-10 14:15,1.09,,,,,,Alert,1.13
WL.PSR.03,2026-10-10 14:15,1.06,,,,,,Alert,1.1
WL.PSR.04,2026-10-10 14:15,0.73,,,,,,Normal,0.75
WL.PST.01,2026-10-10 14:15,-0.94,,,,,,Normal,-0.88
WL.PWT.01,2026-10-10 14:15,-0.59,,,,,,Normal,-0.5
WL.PWT.02,2026-10-10 14:15,-0.09,,,,,,Normal,-0.06
WL.PWT.03,2026-10-10 14:15,0.13,0.15,,5.84,5.9,,Normal,0.18
WL.PWT.04,2026-10-10 14:15,0.46,0.51,,4.94,,,Alert,0.51
WL.PWT.06,2026-10-10 14:15,0.89,,,,,,Critical,0.92
WL.PWT.07,2026-10-10 14:15,0.88,,,,,,Critical,0.9
WL.PYW.01,2026-10-10 14:15,-1.12,,,,,,Normal,-0.54
WL.RHN.01,2026-10-10 14:15,-0.81,-0.17,,0.0,,,Normal,-0.06
WL.RJK.01,2026-10-10 14:15,0.31,0.31,,7.5,,,Normal,0.33
WL.RKC.01,2026-10-10 14:15,-1.09,,,,,,Normal,-0.72
WL.RMN.01,2026-10-10 14:15,0.53,,,,,,Normal,
WL.RMT.01,2026-10-10 14:15,-1.12,0.71,,0.0,0.0,,Normal,-0.58
WL.RMT.02,2026-10-10 14:15,-0.13,,,,,,Normal,0.1
WL.RMT.03,2026-10-10 14:15,-2.0,,,,,,Normal,-2.0
WL.SBR.01,2026-10-10 14:15,0.56,1.21,,0.0,,,Normal,0.59
WL.SBR.02,2026-10-10 14:15,0.52,,,,,,Normal,0.53
WL.SBT.01,2026-10-10 14:15,-0.46,0.12,,0.0,,,Normal,0.09
WL.SCO.01,2026-10-10 14:15,-0.12,,,,,,Normal,0.25
WL.SDN.01,2026-10-10 14:15,0.23,,,,,,Normal,0.23
WL.SKG.01,2026-10-10 14:15,-0.85,,,,,,Normal,-0.47
WL.SKT.01,2026-10-10 14:15,-0.82,,,,,,Normal,-0.68
WL.SKT.02,2026-10-10 14:15,-1.02,,,,,,Normal,-0.72
WL.SLL.01,2026-10-10 14:15,0.02,,,,,,Normal,0.05
WL.SMK.01,2026-10-10 14:15,-0.22,,,,,,Normal,-0.22
WL.SNC.01,2026-10-10 14:15,-0.22,0.86,,0.0,0.0,0.0,Normal,-0.14
WL.SNC.02,2026-10-10 14:15,0.25,,,,,,Normal,0.38
WL.SNC.03,2026-10-10 14:15,0.03,,,,,,Normal,0.26
WL.SNO.01,2026-10-10 14:15,-1.14,,,,,,Normal,-1.03
WL.SOL.01,2026-10-10 14:15,-0.66,,,,,,Normal,-0.66
WL.SRE.01,2026-10-10 14:15,-0.56,0.89,,0.0,0.0,,Normal,0.18
WL.SRG.01,2026-10-10 14:15,-0.5,0.59,,0.0,0.0,0.0,Normal,-0.5
WL.SSB.01,2026-10-10 14:15,-0.72,,,,,,Normal,-0.58
WL.SSB.03,2026-10-10 14:15,-0.54,,,,,,Normal,-0.38
WL.SSB.04,2026-10-10 14:15,-0.61,-0.64,,7.5,7.5,,Normal,-0.5
WL.SSB.06,2026-10-10 14:15,-0.39,,,,,,Normal,-0.29
WL.SSB.07,2026-10-10 14:15,0.0,,,,,,Normal,0.1
WL.SSB.08,2026-10-10 14:15,0.32,,,,,,Normal,0.33
WL.SSB.09,2026-10-10 14:15,0.56,1.1,,0.0,,,Critical,0.57
WL.SSB.10,2026-10-10 14:15,0.8,1.04,,3.65,,,Critical,0.83
WL.SSB.11,2026-10-10 14:15,1.21,,,,,,Critical,1.22
WL.SSB.12,2026-10-10 14:15,1.21,1.5,,0.0,,,Critical,1.22
WL.SSG.01,2026-10-10 14:15,1.56,,,,,,Alert,1.57
WL.SSM.01,2026-10-10 14:15,1.3,-99,,0.0,,,Critical,1.32
WL.SSM.02,2026-10-10 14:15,1.55,,,,,,Normal,
WL.SSN.01,2026-10-10 14:15,-1.02,1.27,,7.0,0.0,0.0,Normal,-1.01
WL.SSN.02,2026-10-10 14:15,-1.13,,,,,,Normal,-1.03
WL.SSN.04,2026-10-10 14:15,-1.23,,,,,,Normal,-1.13
WL.SSN.06,2026-10-10 14:15,-1.74,,,,,,Normal,-1.71
WL.SSN.07,2026-10-10 14:15,-0.98,,,,,,Normal,-0.94
WL.SSN.08,2026-10-10 14:15,-0.64,-0.64,,0.0,,,Normal,-0.59
WL.SSN.09,2026-10-10 14:15,-0.66,,,,,,Normal,-0.6
WL.SSN.10,2026-10-10 14:15,-0.63,,,,,,Normal,-0.58
WL.SST.01,2026-10-10 14:15,0.8,1.74,,0.32,,,Alert,0.83
WL.STN.02,2026-10-10 14:15,0.59,,,,,,Alert,0.62
WL.STN.03,2026-10-10 14:15,0.61,,,,,,Critical,0.64
WL.STR.01,2026-10-10 14:15,-1.03,0.22,0.86,0.0,0.0,0.0,Normal,-0.91
WL.SWA.01,2026-10-10 14:15,0.85,1.33,,0.43,,,Critical,0.85
WL.SWU.01,2026-10-10 14:15,-1.18,,,,,,Normal,-1.12
WL.TCG.01,2026-10-10 14:15,-0.96,,,,,,Normal,-0.94
WL.TPK.03,2026-10-10 14:15,0.42,,,,,,Critical,0.45
WL.TSK.01,2026-10-10 14:15,-1.81,,,,,,Normal,-1.39
WL.TTN.01,2026-10-10 14:15,-0.87,,,,,,Normal,-0.82
WL.TUT.02,2026-10-10 14:15,-0.99,,,,,,Normal,-0.2
WL.TWW.01,2026-10-10 14:15,0.55,1.18,,0.0,,,Normal,0.76
WL.TWW.02,2026-10-10 14:15,0.53,,,,,,Normal,0.69
WL.TWW.03,2026-10-10 14:15,0.6,,,,,,Alert,0.62
WL.TWW.04,2026-10-10 14:15,0.56,,,,,,Normal,0.58
WL.TWW.05,2026-10-10 14:15,0.4,,,,,,Normal,0.49
WL.VPD.01,2026-10-10 14:15,-1.06,,,,,,Normal,-0.94
WL.VPD.02,2026-10-10 14:15,-1.02,,,,,,Normal,-0.91
WL.VPD.03,2026-10-10 14:15,-1.27,,,,,,Normal,-1.27
WL.VPV.01,2026-10-10 14:15,-2.15,,,0.0,,,Normal,-1.39
WL.WHK.01,2026-10-10 14:15,0.78,,,,,,Normal,0.98
WL.WKT.01,2026-10-10 14:15,0.37,,,,,,Normal,0.4
WL.WLS.01,2026-10-10 14:15,0.51,,,,,,Normal,0.57
WL.WSI.01,2026-10-10 14:15,-2.0,0.74,,0.0,0.0,0.0,Normal,-0.5
WL.WTK.01,2026-10-10 14:15,-1.04,,,,,,Normal,-0.46
WL.WTN.02,2026-10-10 14:15,-1.08,,,,,,Normal,-1.08
WL.YPE.01,2026-10-10 14:15,0.33,,,,,,Normal,0.41
WL.YPN.01,2026-10-10 14:15,-0.97,,,,,,Normal,-0.79
WL.YPN.02,2026-10-10 14:15,-1.01,,,,,,Normal,-0.84
WL.YSN.02,2026-10-10 14:15,-0.96,,,,,,Normal,-0.91
WL.LPI.02,2026-10-10 14:19,-0.09,,,,,,Normal,0.01
WL.KPM.04,2026-10-10 14:25,0.39,,,,,,Normal,0.43
WL.KKD.04,2026-10-10 14:35,-0.6,,,,,,Normal,-0.58
WL.LSG.01,2026-10-10 14:35,-1.22,,,,,,out of order,-1.19
WL.SSB.13,2026-10-10 14:50,1.9,,,,,,temporarily out of order,
WL.PWT.04,2026-10-10 14:55,0.46,0.5,,4.94,,,temporarily out of order,0.51
WL.ANG.01,2026-10-10 15:10,0.89,,,,,,Normal,
WL.BBN.03,2026-10-10 15:10,0.54,,,,,,Critical,0.56
WL.BBU.02,2026-10-10 15:10,0.44,,,,,,Normal,
WL.BKH.01,2026-10-10 15:10,0.01,,,,,,Normal,
WL.BLP.02,2026-10-10 15:10,-0.71,,,,,,Normal,-0.57
WL.BMD.01,2026-10-10 15:10,0.43,,,,,,Normal,
WL.BNJ.01,2026-10-10 15:10,-1.01,,,,,,Normal,-0.87
WL.BNJ.05,2026-10-10 15:10,-1.81,,,,,,Normal,
WL.BSE.01,2026-10-10 15:10,-1.55,,,,,,Normal,
WL.BTL.02,2026-10-10 15:10,0.06,,,,,,Normal,
WL.CLH.01,2026-10-10 15:10,-0.42,,,,,,Normal,
WL.CYI.02,2026-10-10 15:10,-0.6,,,,,,Normal,-0.54
WL.JKK.01,2026-10-10 15:10,0.26,,,,,,Alert,0.27
WL.K08.01,2026-10-10 15:10,1.55,,,,,,Alert,
WL.K10.01,2026-10-10 15:10,1.63,,,,,,Alert,
WL.K11.01,2026-10-10 15:10,1.58,,,,,,Alert,
WL.KBP.01,2026-10-10 15:10,-0.99,,,,,,Normal,
WL.KCD.01,2026-10-10 15:10,-1.07,,,,,,Normal,-1.0
WL.KHW.01,2026-10-10 15:10,1.69,,,,,,Normal,
WL.KKO.02,2026-10-10 15:10,1.56,,,,,,Alert,
WL.KPM.07,2026-10-10 15:10,0.43,,,,,,Normal,
WL.LPS.01,2026-10-10 15:10,0.77,,,,,,Normal,
WL.LPT.05,2026-10-10 15:10,1.26,,,,,,Normal,
WL.MKT.02,2026-10-10 15:10,-1.38,,,,,,Normal,
WL.NK3.02,2026-10-10 15:10,-0.53,,,,,,Normal,
WL.POC.01,2026-10-10 15:10,1.46,,,,,,Normal,
WL.PSC.06,2026-10-10 15:10,0.09,,,,,,Normal,
WL.RPS.01,2026-10-10 15:10,2.21,,,,,,Critical,
WL.SSB.01,2026-10-10 15:10,-0.73,,,,,,Normal,-0.58
WL.SSG.02,2026-10-10 15:10,1.55,,,,,,Alert,
WL.SSM.02,2026-10-10 15:10,1.55,,,,,,Normal,
WL.STN.01,2026-10-10 15:10,0.53,,,,,,Alert,0.55
WL.SWA.02,2026-10-10 15:10,1.41,,,,,,Normal,
WL.AJP.01,2026-10-10 15:15,-0.95,,,,,,Normal,-0.5
WL.ANX.01,2026-10-10 15:15,0.01,,,,,,Normal,0.02
WL.BAM.01,2026-10-10 15:15,0.08,,,,,,Normal,0.26
WL.BBN.02,2026-10-10 15:15,0.23,,,,,,Normal,0.39
WL.BBR.01,2026-10-10 15:15,0.1,,,,,,Normal,0.23
WL.BBR.02,2026-10-10 15:15,0.05,,,,,,Normal,0.2
WL.BBU.01,2026-10-10 15:15,0.39,,,,,,Normal,0.45
WL.BCN.01,2026-10-10 15:15,0.41,,,,,,Normal,0.46
WL.BCN.02,2026-10-10 15:15,0.41,,,,,,Normal,0.46
WL.BCN.03,2026-10-10 15:15,0.46,,,,,,Normal,0.52
WL.BJK.01,2026-10-10 15:15,-1.42,1.38,,0.0,0.0,,Normal,-1.28
WL.BJK.02,2026-10-10 15:15,0.41,,,,,,Normal,0.49
WL.BJK.03,2026-10-10 15:15,0.37,,,,,,Normal,0.46
WL.BJK.04,2026-10-10 15:15,0.45,,,,,,Normal,0.52
WL.BKA.01,2026-10-10 15:15,-1.43,1.64,,1.73,1.75,0.0,Normal,-1.05
WL.BKA.02,2026-10-10 15:15,-0.86,,,,,,Normal,-0.77
WL.BKA.03,2026-10-10 15:15,-0.42,,,,,,Normal,-0.37
WL.BKA.04,2026-10-10 15:15,0.03,,,,,,Normal,0.1
WL.BKB.01,2026-10-10 15:15,-0.4,,,,,,Normal,-0.32
WL.BKG.01,2026-10-10 15:15,0.65,-2.0,,0.0,,,Critical,0.67
WL.BKK.01,2026-10-10 15:15,0.43,,,,,,Normal,
WL.BKT.01,2026-10-10 15:15,-0.8,,,,,,Normal,-0.77
WL.BKY.01,2026-10-10 15:15,0.25,1.44,,7.54,0.0,0.0,Normal,0.41
WL.BKY.02,2026-10-10 15:15,0.35,,,,,,Normal,0.44
WL.BLY.01,2026-10-10 15:15,-0.51,,,,,,Normal,-0.49
WL.BLY.02,2026-10-10 15:15,-0.58,,,,,,Normal,-0.57
WL.BMA.02,2026-10-10 15:15,0.1,,,,,,Normal,0.58
WL.BMK.01,2026-10-10 15:15,-1.62,,,,,,Normal,-1.0
WL.BNA.01,2026-10-10 15:15,-1.47,1.35,,0.0,0.0,,Normal,-1.34
WL.BNA.03,2026-10-10 15:15,-0.69,,,,,,Normal,-0.65
WL.BNA.04,2026-10-10 15:15,-0.6,,,,,,Normal,-0.55
WL.BNJ.04,2026-10-10 15:15,-1.26,,,,,,Normal,-0.88
WL.BNS.01,2026-10-10 15:15,0.36,,,,,,Normal,0.4
WL.BOA.01,2026-10-10 15:15,-1.31,1.47,,0.0,0.0,,Normal,-1.17
WL.BOA.02,2026-10-10 15:15,-1.35,,,,,,Normal,-1.14
WL.BOA.03,2026-10-10 15:15,-1.29,,,,,,Normal,-1.17
WL.BON.01,2026-10-10 15:15,-1.33,,,,,,Normal,-1.2
WL.BPA.01,2026-10-10 15:15,-0.66,,,,,,Normal,-0.61
WL.BPK.01,2026-10-10 15:15,0.06,,,,,,Normal,0.22
WL.BPM.01,2026-10-10 15:15,0.27,,,,,,Normal,0.32
WL.BPM.02,2026-10-10 15:15,0.37,,,,,,Normal,0.41
WL.BPM.03,2026-10-10 15:15,0.51,,,,,,Normal,0.56
WL.BPM.04,2026-10-10 15:15,0.43,,,,,,Normal,0.47
WL.BPN.02,2026-10-10 15:15,0.25,,,,,,Normal,0.41
WL.BPU.01,2026-10-10 15:15,1.3,,,,,,Normal,1.31
WL.BSK.01,2026-10-10 15:15,-0.2,1.31,,0.0,0.0,,Normal,0.47
WL.BSU.01,2026-10-10 15:15,-0.96,1.62,,0.0,0.0,0.0,Normal,-0.71
WL.BSU.02,2026-10-10 15:15,-0.88,,,,,,Normal,-0.68
WL.BSU.03,2026-10-10 15:15,-1.32,,,,,,Normal,-1.16
WL.BSU.04,2026-10-10 15:15,-1.13,,,,,,Normal,-1.09
WL.BSU.05,2026-10-10 15:15,-1.22,,,,,,Normal,-1.01
WL.BSU.07,2026-10-10 15:15,-0.56,,,,,,Normal,-0.47
WL.BTL.01,2026-10-10 15:15,-0.63,,,,,,Normal,-0.62
WL.BTY.01,2026-10-10 15:15,0.25,,,,,,Normal,0.32
WL.BWK.01,2026-10-10 15:15,0.3,,,,,,Normal,0.4
WL.BWK.02,2026-10-10 15:15,0.52,,,,,,Normal,0.58
WL.BWK.03,2026-10-10 15:15,0.51,,,,,,Normal,0.55
WL.BYI.01,2026-10-10 15:15,1.0,,,,,,Critical,1.0
WL.BYK.02,2026-10-10 15:15,0.1,,,,,,Normal,0.29
WL.CKS.01,2026-10-10 15:15,-1.46,,,0.0,0.0,,Normal,-1.23
WL.CKS.02,2026-10-10 15:15,-1.1,,,,,,Normal,-0.93
WL.CKS.03,2026-10-10 15:15,-1.23,,,,,,Normal,-1.04
WL.CNS.01,2026-10-10 15:15,-2.24,1.33,,0.0,0.0,,Normal,-0.97
WL.CPA.01,2026-10-10 15:15,0.28,1.39,,0.0,4.79,,Normal,0.33
WL.CPA.02,2026-10-10 15:15,0.28,,,,,,Normal,0.39
WL.CYI.01,2026-10-10 15:15,-0.62,,,,,,Normal,-0.56
WL.CYI.03,2026-10-10 15:15,-0.53,,,,,,Normal,-0.48
WL.DKN.01,2026-10-10 15:15,0.18,1.33,,0.0,2.06,1.03,Normal,0.34
WL.FTM.01,2026-10-10 15:15,-1.08,,,,,,Normal,-1.04
WL.HKG.01,2026-10-10 15:15,-0.76,,,,,,Normal,-0.71
WL.HKG.02,2026-10-10 15:15,-0.72,,,,,,Normal,-0.66
WL.HMK.01,2026-10-10 15:15,-0.19,,,,,,Alert,-0.15
WL.HMK.02,2026-10-10 15:15,-0.4,,,,,,Normal,-0.33
WL.HMK.03,2026-10-10 15:15,-0.15,,,,,,Normal,-0.11
WL.JRN.01,2026-10-10 15:15,0.21,1.32,,0.0,,,Normal,0.32
WL.KBU.01,2026-10-10 15:15,0.35,1.18,,0.0,,,Normal,0.48
WL.KBU.02,2026-10-10 15:15,0.37,,,,,,Normal,0.45
WL.KDN.01,2026-10-10 15:15,-0.56,1.29,,0.0,,,Normal,-0.56
WL.KJA.01,2026-10-10 15:15,-0.73,,,,,,Normal,-0.72
WL.KJA.02,2026-10-10 15:15,-0.39,,,,,,Normal,-0.25
WL.KJG.01,2026-10-10 15:15,-0.55,,,,,,Normal,-0.36
WL.KJK.01,2026-10-10 15:15,-1.22,1.4,,0.0,0.0,,Normal,-1.11
WL.KJK.02,2026-10-10 15:15,-1.17,,,,,,Normal,-1.06
WL.KJN.01,2026-10-10 15:15,-0.17,,,,,,Alert,-0.14
WL.KJN.02,2026-10-10 15:15,-0.1,,,,,,Normal,-0.08
WL.KJT.01,2026-10-10 15:15,-1.11,,,,,,Normal,-1.07
WL.KJU.01,2026-10-10 15:15,-0.73,,,,,,Normal,-0.39
WL.KKD.01,2026-10-10 15:15,-0.52,,,,,,Normal,-0.5
WL.KKD.02,2026-10-10 15:15,-0.63,,,,,,Normal,-0.62
WL.KKO.01,2026-10-10 15:15,1.62,,,,,,Alert,1.63
WL.KKS.01,2026-10-10 15:15,-0.7,1.45,,0.0,0.0,,Normal,-0.57
WL.KKS.02,2026-10-10 15:15,-0.68,,,,,,Normal,-0.54
WL.KKS.03,2026-10-10 15:15,-0.75,,,,,,Normal,-0.66
WL.KKS.04,2026-10-10 15:15,-0.75,1.34,,0.0,,,Normal,-0.63
WL.KKY.01,2026-10-10 15:15,0.47,,,,,,Normal,0.56
WL.KKY.02,2026-10-10 15:15,0.5,,,,,,Normal,0.56
WL.KLA.01,2026-10-10 15:15,-0.34,,,,,,Normal,-0.29
WL.KLD.02,2026-10-10 15:15,-0.33,,,,,,Normal,-0.1
WL.KLT.01,2026-10-10 15:15,-0.72,,,,,,Normal,-0.62
WL.KMN.01,2026-10-10 15:15,0.22,1.38,,0.11,5.18,0.0,Normal,0.4
WL.KNB.01,2026-10-10 15:15,-0.93,,,,,,Normal,-0.8
WL.KNB.02,2026-10-10 15:15,-0.46,,,,,,Normal,-0.41
WL.KPG.01,2026-10-10 15:15,-1.2,,,,,,Normal,-1.08
WL.KPM.01,2026-10-10 15:15,-0.36,,,,,,Normal,-0.32
WL.KPM.03,2026-10-10 15:15,-0.16,,,,,,Normal,-0.11
WL.KPM.05,2026-10-10 15:15,0.4,,,,,,Normal,0.51
WL.KPM.06,2026-10-10 15:15,0.35,,,,,,Normal,0.54
WL.KPM.08,2026-10-10 15:15,0.4,,,,,,Normal,0.46
WL.KSG.01,2026-10-10 15:15,0.67,,,,,,Normal,0.7
WL.KSI.01,2026-10-10 15:15,0.75,,,,,,Normal,0.78
WL.KSI.02,2026-10-10 15:15,0.77,,,,,,Critical,0.8
WL.KSK.01,2026-10-10 15:15,-0.66,,,,,,Normal,-0.64
WL.KSM.01,2026-10-10 15:15,0.76,,,,,,Critical,0.8
WL.KSM.02,2026-10-10 15:15,0.7,,,,,,Critical,0.74
WL.KSO.01,2026-10-10 15:15,0.56,,,,,,Normal,0.62
WL.KSO.02,2026-10-10 15:15,0.56,,,,,,Normal,0.64
WL.KT4.01,2026-10-10 15:15,0.46,,,,,,Alert,0.48
WL.KTY.01,2026-10-10 15:15,-2.16,1.32,,0.0,,,Normal,-1.44
WL.LBK.02,2026-10-10 15:15,0.51,,,,,,Critical,0.53
WL.LBK.03,2026-10-10 15:15,0.4,,,,,,Critical,0.43
WL.LCL.01,2026-10-10 15:15,0.61,,,,,,Normal,0.64
WL.LCL.02,2026-10-10 15:15,0.39,,,,,,Normal,0.49
WL.LKB.01,2026-10-10 15:15,0.62,,,,,,Critical,0.67
WL.LOA.01,2026-10-10 15:15,0.64,,,,,,Normal,0.78
WL.LOA.02,2026-10-10 15:15,0.68,,,,,,Normal,0.71
WL.LPC.01,2026-10-10 15:15,1.08,,,,,,Critical,1.1
WL.LPG.02,2026-10-10 15:15,0.97,1.75,,0.0,,,Critical,0.99
WL.LPG.03,2026-10-10 15:15,0.92,,,,,,Critical,0.94
WL.LPN.01,2026-10-10 15:15,-0.71,0.73,,0.0,,,Normal,-0.59
WL.LPP.01,2026-10-10 15:15,-1.56,,,,,,Normal,-1.35
WL.LPP.02,2026-10-10 15:15,-0.82,,,,,,Normal,
WL.LPT.01,2026-10-10 15:15,1.2,,,,,,Critical,1.21
WL.LPT.03,2026-10-10 15:15,0.84,,,,,,Critical,0.87
WL.LPW.01,2026-10-10 15:15,-0.34,-0.38,,0.0,,,Normal,-0.25
WL.LPW.03,2026-10-10 15:15,0.15,,,,,,Normal,0.23
WL.LPW.04,2026-10-10 15:15,-0.54,,,,,,Normal,-0.49
WL.LPW.05,2026-10-10 15:15,-0.63,,,,,,Normal,-0.56
WL.LSM.01,2026-10-10 15:15,-0.67,,,,,,Normal,-0.64
WL.LYW.01,2026-10-10 15:15,-1.52,,,,,,Normal,-1.47
WL.LYW.02,2026-10-10 15:15,-1.45,,,,,,Normal,-1.44
WL.MCM.01,2026-10-10 15:15,0.22,,,,,,Normal,0.44
WL.MFS.01,2026-10-10 15:15,-0.7,,,,,,Normal,-0.68
WL.MKT.01,2026-10-10 15:15,-0.38,,,,,,Normal,-0.31
WL.MSW.01,2026-10-10 15:15,1.33,,,,,,Normal,1.72
WL.MSW.02,2026-10-10 15:15,1.23,,,,,,Normal,1.25
WL.MSW.03,2026-10-10 15:15,1.19,,,,,,Normal,1.67
WL.MSW.04,2026-10-10 15:15,1.07,,,,,,Normal,
WL.MTG.01,2026-10-10 15:15,-0.64,,,,,,Normal,-0.64
WL.NBN.01,2026-10-10 15:15,-4.21,-1.71,,0.0,,,Normal,-3.94
WL.NCH.02,2026-10-10 15:15,-0.6,,,,,,Normal,-0.33
WL.NK1.01,2026-10-10 15:15,-0.18,,,,,,Normal,0.02
WL.NK3.01,2026-10-10 15:15,-0.49,,,,,,Normal,-0.12
WL.NKW.02,2026-10-10 15:15,-0.77,,,,,,Normal,-0.23
WL.NSG.01,2026-10-10 15:15,-2.0,,,,,,Normal,-2.0
WL.OAG.01,2026-10-10 15:15,-0.77,,,,,,Normal,-0.61
WL.ORC.01,2026-10-10 15:15,-1.34,-0.63,,0.0,,,Normal,-1.34
WL.PKG.01,2026-10-10 15:15,1.36,,,,,,Normal,1.77
WL.PKN.01,2026-10-10 15:15,-0.87,1.41,,0.0,0.0,0.0,Normal,-0.66
WL.PLK.01,2026-10-10 15:15,1.08,,,,,,Normal,1.18
WL.PLP.01,2026-10-10 15:15,-0.48,,,,,,Normal,-0.42
WL.PNM.01,2026-10-10 15:15,0.24,,,,,,Alert,0.3
WL.PSC.01,2026-10-10 15:15,0.28,0.31,,0.0,0.0,0.0,Normal,0.41
WL.PSC.02,2026-10-10 15:15,0.28,,,,,,Normal,0.38
WL.PSC.03,2026-10-10 15:15,0.3,,,,,,Normal,0.38
WL.PSC.05,2026-10-10 15:15,0.37,,,,,,Normal,0.47
WL.PSI.01,2026-10-10 15:15,-1.31,,,,,,Normal,-1.16
WL.PSR.01,2026-10-10 15:15,1.05,1.77,,0.2,,,Alert,1.09
WL.PSR.02,2026-10-10 15:15,1.08,,,,,,Alert,1.13
WL.PSR.03,2026-10-10 15:15,1.06,,,,,,Alert,1.1
WL.PSR.04,2026-10-10 15:15,0.72,,,,,,Normal,0.75
WL.PSR.05,2026-10-10 15:15,0.76,,,,,,Alert,0.78
WL.PST.01,2026-10-10 15:15,-0.96,,,,,,Normal,-0.88
WL.PWT.01,2026-10-10 15:15,-0.59,,,,,,Normal,-0.5
WL.PWT.02,2026-10-10 15:15,-0.1,,,,,,Normal,-0.06
WL.PWT.03,2026-10-10 15:15,0.13,0.11,,5.84,5.9,,Normal,0.18
WL.PWT.06,2026-10-10 15:15,0.89,,,,,,Critical,0.92
WL.PWT.07,2026-10-10 15:15,0.87,,,,,,Critical,0.9
WL.PYW.01,2026-10-10 15:15,-1.06,,,,,,Normal,-0.54
WL.RHN.01,2026-10-10 15:15,-0.76,-0.4,,0.0,,,Normal,-0.06
WL.RJK.01,2026-10-10 15:15,0.31,0.31,,7.5,,,Normal,0.33
WL.RKC.01,2026-10-10 15:15,-0.97,,,,,,Normal,-0.72
WL.RMN.01,2026-10-10 15:15,0.53,,,,,,Normal,
WL.RMT.01,2026-10-10 15:15,-1.15,0.74,,0.0,0.0,,Normal,-0.58
WL.RMT.02,2026-10-10 15:15,-0.14,,,,,,Normal,0.1
WL.RMT.03,2026-10-10 15:15,-2.0,,,,,,Normal,-2.0
WL.RSK.01,2026-10-10 15:15,0.39,,,,,,Normal,0.46
WL.SBR.01,2026-10-10 15:15,0.52,1.24,,0.0,,,Normal,0.59
WL.SBR.02,2026-10-10 15:15,0.49,,,,,,Normal,0.53
WL.SBT.01,2026-10-10 15:15,-0.26,0.12,,0.0,,,Normal,0.09
WL.SCO.01,2026-10-10 15:15,-0.08,,,,,,Normal,0.25
WL.SDN.01,2026-10-10 15:15,0.23,,,,,,Normal,0.23
WL.SKG.01,2026-10-10 15:15,-0.85,,,,,,Normal,-0.47
WL.SKT.01,2026-10-10 15:15,-0.76,,,,,,Normal,-0.68
WL.SKT.02,2026-10-10 15:15,-1.21,,,,,,Normal,-0.72
WL.SLL.01,2026-10-10 15:15,0.02,,,,,,Normal,0.05
WL.SMK.01,2026-10-10 15:15,-0.22,,,,,,Normal,-0.22
WL.SNC.01,2026-10-10 15:15,-0.34,0.88,,0.0,0.0,0.0,Normal,-0.14
WL.SNC.02,2026-10-10 15:15,0.23,,,,,,Normal,0.38
WL.SNC.03,2026-10-10 15:15,0.01,,,,,,Normal,0.26
WL.SNO.01,2026-10-10 15:15,-1.49,,,,,,Normal,-1.03
WL.SOL.01,2026-10-10 15:15,-0.66,,,,,,Normal,-0.66
WL.SRE.01,2026-10-10 15:15,-0.52,1.36,,0.0,0.0,,Normal,0.18
WL.SRG.01,2026-10-10 15:15,-0.48,1.17,,0.0,0.0,0.0,Normal,-0.48
WL.SSB.03,2026-10-10 15:15,-0.53,,,,,,Normal,-0.38
WL.SSB.04,2026-10-10 15:15,-0.62,-0.64,,7.5,7.5,,Normal,-0.5
WL.SSB.06,2026-10-10 15:15,-0.41,,,,,,Normal,-0.29
WL.SSB.07,2026-10-10 15:15,0.04,,,,,,Normal,0.1
WL.SSB.08,2026-10-10 15:15,0.31,,,,,,Normal,0.33
WL.SSB.09,2026-10-10 15:15,0.56,1.1,,0.0,,,Critical,0.57
WL.SSB.10,2026-10-10 15:15,0.8,1.04,,3.64,,,Critical,0.83
WL.SSB.11,2026-10-10 15:15,1.21,,,,,,Critical,1.22
WL.SSB.12,2026-10-10 15:15,1.21,1.5,,0.0,,,Critical,1.22
WL.SSG.01,2026-10-10 15:15,1.56,,,,,,Alert,1.57
WL.SSM.01,2026-10-10 15:15,1.3,-99,,0.0,,,Critical,1.32
WL.SSN.01,2026-10-10 15:15,-1.02,1.51,,7.0,0.0,0.0,Normal,-1.01
WL.SSN.02,2026-10-10 15:15,-1.16,,,,,,Normal,-1.03
WL.SSN.04,2026-10-10 15:15,-1.24,,,,,,Normal,-1.13
WL.SSN.06,2026-10-10 15:15,-1.74,,,,,,Normal,-1.71
WL.SSN.07,2026-10-10 15:15,-0.98,,,,,,Normal,-0.94
WL.SSN.08,2026-10-10 15:15,-0.64,-0.63,,0.0,,,Normal,-0.59
WL.SSN.09,2026-10-10 15:15,-0.67,,,,,,Normal,-0.6
WL.SSN.10,2026-10-10 15:15,-0.63,,,,,,Normal,-0.58
WL.SST.01,2026-10-10 15:15,0.8,1.74,,0.32,,,Alert,0.83
WL.STN.02,2026-10-10 15:15,0.59,,,,,,Alert,0.62
WL.STN.03,2026-10-10 15:15,0.6,,,,,,Critical,0.64
WL.STR.01,2026-10-10 15:15,-1.02,0.22,1.29,0.0,0.0,0.0,Normal,-0.91
WL.SWA.01,2026-10-10 15:15,0.85,1.33,,0.43,,,Critical,0.85
WL.SWU.01,2026-10-10 15:15,-1.13,,,,,,Normal,-1.12
WL.TCG.01,2026-10-10 15:15,-0.96,,,,,,Normal,-0.94
WL.TPK.03,2026-10-10 15:15,0.42,,,,,,Critical,0.45
WL.TSK.01,2026-10-10 15:15,-1.81,,,,,,Normal,-1.39
WL.TTN.01,2026-10-10 15:15,-0.87,,,,,,Normal,-0.82
WL.TUT.02,2026-10-10 15:15,-0.93,,,,,,Normal,-0.2
WL.TWW.01,2026-10-10 15:15,0.52,1.18,,0.0,,,Normal,0.76
WL.TWW.02,2026-10-10 15:15,0.51,,,,,,Normal,0.69
WL.TWW.03,2026-10-10 15:15,0.58,,,,,,Normal,0.62
WL.TWW.04,2026-10-10 15:15,0.53,,,,,,Normal,0.58
WL.TWW.05,2026-10-10 15:15,0.39,,,,,,Normal,0.49
WL.VPD.01,2026-10-10 15:15,-1.05,,,,,,Normal,-0.94
WL.VPD.02,2026-10-10 15:15,-1.01,,,,,,Normal,-0.91
WL.VPD.03,2026-10-10 15:15,-1.27,,,,,,Normal,-1.27
WL.VPV.01,2026-10-10 15:15,-1.59,,,0.0,,,Normal,-1.39
WL.WHK.01,2026-10-10 15:15,0.78,,,,,,Normal,0.98
WL.WKT.01,2026-10-10 15:15,0.36,,,,,,Normal,0.4
WL.WLS.01,2026-10-10 15:15,0.47,,,,,,Normal,0.57
WL.WSI.01,2026-10-10 15:15,-1.18,1.31,,0.0,0.0,0.0,Normal,-0.5
WL.WTK.01,2026-10-10 15:15,-1.04,,,,,,Normal,-0.46
WL.WTN.02,2026-10-10 15:15,-1.09,,,,,,Normal,-1.08
WL.YPE.01,2026-10-10 15:15,0.32,,,,,,Normal,0.41
WL.YPN.01,2026-10-10 15:15,-0.9,,,,,,Normal,-0.79
WL.YPN.02,2026-10-10 15:15,-0.95,,,,,,Normal,-0.84
WL.YSN.02,2026-10-10 15:15,-0.95,,,,,,Normal,-0.91
WL.LPI.02,2026-10-10 15:19,-0.03,,,,,,Normal,0.01
WL.KPM.04,2026-10-10 15:25,0.37,,,,,,Normal,0.43
WL.KKD.04,2026-10-10 15:35,-0.6,,,,,,Normal,-0.58
WL.SWA.01,2026-10-10 15:45,0.84,1.32,,0.43,,,out of order,0.85
WL.SSN.02,2026-10-10 15:50,-1.17,,,,,,temporarily out of order,-1.03
WL.BMD.01,2026-10-10 15:55,0.42,,,,,,temporarily out of order,
WL.JKK.01,2026-10-10 16:05,0.25,,,,,,temporarily out of order,0.27
WL.ANG.01,2026-10-10 16:10,0.89,,,,,,Normal,
WL.BBU.02,2026-10-10 16:10,0.43,,,,,,Normal,
WL.BKH.01,2026-10-10 16:10,0.01,,,,,,Normal,
WL.BNJ.05,2026-10-10 16:10,-2.26,,,,,,Normal,
WL.BTL.02,2026-10-10 16:10,0.07,,,,,,Normal,
WL.CYI.02,2026-10-10 16:10,-0.59,,,,,,Normal,-0.54
WL.K08.01,2026-10-10 16:10,1.55,,,,,,Alert,
WL.K10.01,2026-10-10 16:10,1.63,,,,,,Alert,
WL.K11.01,2026-10-10 16:10,1.58,,,,,,Alert,
WL.KBP.01,2026-10-10 16:10,-0.94,,,,,,Normal,
WL.KCD.01,2026-10-10 16:10,-1.06,,,,,,Normal,-1.0
WL.KHW.01,2026-10-10 16:10,1.69,,,,,,Normal,
WL.KKO.02,2026-10-10 16:10,1.56,,,,,,Alert,
WL.KPM.07,2026-10-10 16:10,0.48,,,,,,Normal,
WL.LPS.01,2026-10-10 16:10,0.76,,,,,,Normal,
WL.LPT.05,2026-10-10 16:10,1.65,,,,,,Normal,
WL.MKT.02,2026-10-10 16:10,-1.33,,,,,,Normal,
WL.NK3.02,2026-10-10 16:10,-0.48,,,,,,Normal,
WL.POC.01,2026-10-10 16:10,1.46,,,,,,Normal,
WL.PSC.06,2026-10-10 16:10,0.04,,,,,,Normal,
WL.RPS.01,2026-10-10 16:10,2.19,,,,,,Alert,
WL.SSG.02,2026-10-10 16:10,1.55,,,,,,Alert,
WL.STN.01,2026-10-10 16:10,0.53,,,,,,Alert,0.55
WL.SWA.02,2026-10-10 16:10,1.41,,,,,,Normal,
WL.TWW.03,2026-10-10 16:10,0.56,,,,,,Normal,0.62
WL.AJP.01,2026-10-10 16:15,-0.62,,,,,,Normal,-0.5
WL.ANX.01,2026-10-10 16:15,-0.07,,,,,,Normal,0.02
WL.BAM.01,2026-10-10 16:15,0.14,,,,,,Normal,0.26
WL.BBN.02,2026-10-10 16:15,0.23,,,,,,Normal,0.39
WL.BBN.03,2026-10-10 16:15,0.54,,,,,,Critical,0.56
WL.BBR.01,2026-10-10 16:15,0.06,,,,,,Normal,0.23
WL.BBR.02,2026-10-10 16:15,0.04,,,,,,Normal,0.2
WL.BBU.01,2026-10-10 16:15,0.37,,,,,,Normal,0.45
WL.BCN.01,2026-10-10 16:15,0.4,,,,,,Normal,0.46
WL.BCN.02,2026-10-10 16:15,0.4,,,,,,Normal,0.46
WL.BCN.03,2026-10-10 16:15,0.45,,,,,,Normal,0.52
WL.BJK.01,2026-10-10 16:15,-1.32,1.76,,0.0,0.0,,Normal,-1.28
WL.BJK.02,2026-10-10 16:15,0.41,,,,,,Normal,0.49
WL.BJK.03,2026-10-10 16:15,0.36,,,,,,Normal,0.46
WL.BJK.04,2026-10-10 16:15,0.44,,,,,,Normal,0.52
WL.BKA.01,2026-10-10 16:15,-1.86,1.96,,1.73,1.75,0.0,Normal,-1.05
WL.BKA.02,2026-10-10 16:15,-0.86,,,,,,Normal,-0.77
WL.BKA.03,2026-10-10 16:15,-0.42,,,,,,Normal,-0.37
WL.BKA.04,2026-10-10 16:15,0.02,,,,,,Normal,0.1
WL.BKB.01,2026-10-10 16:15,-0.36,,,,,,Normal,-0.32
WL.BKG.01,2026-10-10 16:15,0.65,-2.0,,0.0,,,Critical,0.67
WL.BKK.01,2026-10-10 16:15,0.42,,,,,,Normal,
WL.BKT.01,2026-10-10 16:15,-0.79,,,,,,Normal,-0.77
WL.BKY.01,2026-10-10 16:15,0.24,1.83,,0.0,0.88,0.0,Normal,0.41
WL.BKY.02,2026-10-10 16:15,0.35,,,,,,Normal,0.44
WL.BLP.02,2026-10-10 16:15,-0.71,,,,,,Normal,-0.57
WL.BLY.01,2026-10-10 16:15,-0.51,,,,,,Normal,-0.49
WL.BLY.02,2026-10-10 16:15,-0.58,,,,,,Normal,-0.57
WL.BMA.02,2026-10-10 16:15,-0.03,,,,,,Normal,0.58
WL.BMK.01,2026-10-10 16:15,-1.67,,,,,,Normal,-1.0
WL.BNA.01,2026-10-10 16:15,-1.42,1.73,,0.0,0.0,,Normal,-1.34
WL.BNA.03,2026-10-10 16:15,-0.69,,,,,,Normal,-0.65
WL.BNA.04,2026-10-10 16:15,-0.6,,,,,,Normal,-0.55
WL.BNJ.01,2026-10-10 16:15,-1.02,,,,,,Normal,-0.87
WL.BNJ.04,2026-10-10 16:15,-1.27,,,,,,Normal,-0.88
WL.BNS.01,2026-10-10 16:15,0.34,,,,,,Normal,0.4
WL.BOA.01,2026-10-10 16:15,-1.2,1.86,,0.0,0.0,,Normal,-1.17
WL.BOA.02,2026-10-10 16:15,-1.31,,,,,,Normal,-1.14
WL.BOA.03,2026-10-10 16:15,-1.25,,,,,,Normal,-1.17
WL.BON.01,2026-10-10 16:15,-1.26,,,,,,Normal,-1.2
WL.BPA.01,2026-10-10 16:15,-0.66,,,,,,Normal,-0.61
WL.BPK.01,2026-10-10 16:15,0.03,,,,,,Normal,0.22
WL.BPM.01,2026-10-10 16:15,0.27,,,,,,Normal,0.32
WL.BPM.02,2026-10-10 16:15,0.36,,,,,,Normal,0.41
WL.BPM.03,2026-10-10 16:15,0.5,,,,,,Normal,0.56
WL.BPM.04,2026-10-10 16:15,0.41,,,,,,Normal,0.47
WL.BPN.02,2026-10-10 16:15,0.24,,,,,,Normal,0.41
WL.BPU.01,2026-10-10 16:15,1.56,,,,,,Normal,1.56
WL.BSE.01,2026-10-10 16:15,-1.55,,,,,,Normal,
WL.BSK.01,2026-10-10 16:15,-0.26,1.76,,0.0,0.0,,Normal,0.47
WL.BSU.01,2026-10-10 16:15,-0.98,1.97,,0.0,0.0,0.0,Normal,-0.71
WL.BSU.02,2026-10-10 16:15,-0.86,,,,,,Normal,-0.68
WL.BSU.03,2026-10-10 16:15,-1.33,,,,,,Normal,-1.16
WL.BSU.04,2026-10-10 16:15,-1.12,,,,,,Normal,-1.09
WL.BSU.05,2026-10-10 16:15,-1.12,,,,,,Normal,-1.01
WL.BSU.06,2026-10-10 16:15,-0.93,,,,,,Normal,-0.75
WL.BSU.07,2026-10-10 16:15,-0.56,,,,,,Normal,-0.47
WL.BTL.01,2026-10-10 16:15,-0.63,,,,,,Normal,-0.62
WL.BTY.01,2026-10-10 16:15,0.25,,,,,,Normal,0.32
WL.BWK.01,2026-10-10 16:15,0.29,,,,,,Normal,0.4
WL.BWK.02,2026-10-10 16:15,0.51,,,,,,Normal,0.58
WL.BWK.03,2026-10-10 16:15,0.49,,,,,,Normal,0.55
WL.BYI.01,2026-10-10 16:15,1.0,,,,,,Critical,1.0
WL.BYK.02,2026-10-10 16:15,0.01,,,,,,Normal,0.29
WL.CKS.01,2026-10-10 16:15,-1.46,,,0.0,0.0,,Normal,-1.23
WL.CKS.02,2026-10-10 16:15,-1.1,,,,,,Normal,-0.93
WL.CKS.03,2026-10-10 16:15,-1.23,,,,,,Normal,-1.04
WL.CLH.01,2026-10-10 16:15,-0.41,,,,,,Normal,
WL.CNS.01,2026-10-10 16:15,-1.74,1.76,,0.0,0.0,,Normal,-0.97
WL.CPA.01,2026-10-10 16:15,0.27,1.72,,5.52,3.52,,Normal,0.33
WL.CPA.02,2026-10-10 16:15,0.27,,,,,,Normal,0.39
WL.CYI.01,2026-10-10 16:15,-0.62,,,,,,Normal,-0.56
WL.CYI.03,2026-10-10 16:15,-0.52,,,,,,Normal,-0.48
WL.DKN.01,2026-10-10 16:15,0.16,1.78,,7.08,0.0,6.53,Normal,0.34
WL.FTM.01,2026-10-10 16:15,-1.05,,,,,,Normal,-1.04
WL.HKG.01,2026-10-10 16:15,-0.77,,,,,,Normal,-0.71
WL.HKG.02,2026-10-10 16:15,-0.72,,,,,,Normal,-0.66
WL.HMK.01,2026-10-10 16:15,-0.19,,,,,,Alert,-0.15
WL.HMK.02,2026-10-10 16:15,-0.4,,,,,,Normal,-0.33
WL.HMK.03,2026-10-10 16:15,-0.16,,,,,,Normal,-0.11
WL.JRN.01,2026-10-10 16:15,0.29,1.76,,0.0,,,Normal,0.32
WL.KBU.01,2026-10-10 16:15,0.27,1.41,,0.0,,,Normal,0.48
WL.KBU.02,2026-10-10 16:15,0.35,,,,,,Normal,0.45
WL.KDN.01,2026-10-10 16:15,-0.61,1.73,,0.0,,,Normal,-0.56
WL.KJA.01,2026-10-10 16:15,-0.75,,,,,,Normal,-0.72
WL.KJA.02,2026-10-10 16:15,-0.43,,,,,,Normal,-0.25
WL.KJG.01,2026-10-10 16:15,-0.58,,,,,,Normal,-0.36
WL.KJK.01,2026-10-10 16:15,-1.17,1.78,,0.0,0.0,,Normal,-1.11
WL.KJK.02,2026-10-10 16:15,-1.12,,,,,,Normal,-1.06
WL.KJN.01,2026-10-10 16:15,-0.2,,,,,,Alert,-0.14
WL.KJN.02,2026-10-10 16:15,-0.11,,,,,,Normal,-0.07
WL.KJT.01,2026-10-10 16:15,-1.17,,,,,,Normal,-1.07
WL.KJU.01,2026-10-10 16:15,-0.54,,,,,,Normal,-0.39
WL.KKD.01,2026-10-10 16:15,-0.52,,,,,,Normal,-0.5
WL.KKD.02,2026-10-10 16:15,-0.63,,,,,,Normal,-0.62
WL.KKO.01,2026-10-10 16:15,1.62,,,,,,Alert,1.63
WL.KKS.01,2026-10-10 16:15,-0.69,1.84,,0.0,0.0,,Normal,-0.57
WL.KKS.02,2026-10-10 16:15,-0.66,,,,,,Normal,-0.54
WL.KKS.03,2026-10-10 16:15,-0.75,,,,,,Normal,-0.66
WL.KKS.04,2026-10-10 16:15,-0.73,1.5,,0.0,,,Normal,-0.63
WL.KKY.01,2026-10-10 16:15,0.45,,,,,,Normal,0.56
WL.KKY.02,2026-10-10 16:15,0.49,,,,,,Normal,0.56
WL.KLA.01,2026-10-10 16:15,-0.37,,,,,,Normal,-0.29
WL.KLD.02,2026-10-10 16:15,-0.32,,,,,,Normal,-0.1
WL.KLT.01,2026-10-10 16:15,-0.72,,,,,,Normal,-0.62
WL.KMN.01,2026-10-10 16:15,0.22,1.93,,0.11,0.0,0.0,Normal,0.4
WL.KNB.01,2026-10-10 16:15,-0.93,,,,,,Normal,-0.8
WL.KNB.02,2026-10-10 16:15,-0.46,,,,,,Normal,-0.41
WL.KPG.01,2026-10-10 16:15,-1.14,,,,,,Normal,-1.08
WL.KPM.01,2026-10-10 16:15,-0.35,,,,,,Normal,-0.32
WL.KPM.03,2026-10-10 16:15,-0.17,,,,,,Normal,-0.11
WL.KPM.05,2026-10-10 16:15,0.37,,,,,,Normal,0.51
WL.KPM.06,2026-10-10 16:15,0.36,,,,,,Normal,0.54
WL.KPM.08,2026-10-10 16:15,0.38,,,,,,Normal,0.46
WL.KSG.01,2026-10-10 16:15,0.68,,,,,,Normal,0.7
WL.KSI.01,2026-10-10 16:15,0.75,,,,,,Normal,0.78
WL.KSI.02,2026-10-10 16:15,0.77,,,,,,Critical,0.8
WL.KSK.01,2026-10-10 16:15,-0.66,,,,,,Normal,-0.64
WL.KSM.01,2026-10-10 16:15,0.76,,,,,,Critical,0.8
WL.KSM.02,2026-10-10 16:15,0.7,,,,,,Critical,0.74
WL.KSO.01,2026-10-10 16:15,0.54,,,,,,Normal,0.62
WL.KSO.02,2026-10-10 16:15,0.54,,,,,,Normal,0.64
WL.KT4.01,2026-10-10 16:15,0.45,,,,,,Alert,0.48
WL.KTY.01,2026-10-10 16:15,-2.0,1.73,,0.0,,,Normal,-1.44
WL.LBK.02,2026-10-10 16:15,0.5,,,,,,Critical,0.53
WL.LBK.03,2026-10-10 16:15,0.4,,,,,,Critical,0.43
WL.LCL.01,2026-10-10 16:15,0.6,,,,,,Normal,0.64
WL.LCL.02,2026-10-10 16:15,0.38,,,,,,Normal,0.49
WL.LKB.01,2026-10-10 16:15,0.62,,,,,,Critical,0.67
WL.LOA.01,2026-10-10 16:15,0.76,,,,,,Normal,0.78
WL.LOA.02,2026-10-10 16:15,0.68,,,,,,Normal,0.71
WL.LPC.01,2026-10-10 16:15,1.08,,,,,,Critical,1.1
WL.LPG.02,2026-10-10 16:15,0.97,1.75,,0.0,,,Critical,0.99
WL.LPG.03,2026-10-10 16:15,0.92,,,,,,Critical,0.94
WL.LPN.01,2026-10-10 16:15,-0.76,0.84,,0.0,,,Normal,-0.59
WL.LPP.01,2026-10-10 16:15,-1.57,,,,,,Normal,-1.35
WL.LPP.02,2026-10-10 16:15,-0.82,,,,,,Normal,
WL.LPT.01,2026-10-10 16:15,1.2,,,,,,Critical,1.21
WL.LPT.03,2026-10-10 16:15,0.84,,,,,,Critical,0.87
WL.LPW.01,2026-10-10 16:15,-0.33,-0.37,,0.0,,,Normal,-0.25
WL.LPW.03,2026-10-10 16:15,0.13,,,,,,Normal,0.23
WL.LPW.04,2026-10-10 16:15,-0.53,,,,,,Normal,-0.49
WL.LPW.05,2026-10-10 16:15,-0.61,,,,,,Normal,-0.56
WL.LSM.01,2026-10-10 16:15,-0.67,,,,,,Normal,-0.64
WL.LYW.01,2026-10-10 16:15,-1.51,,,,,,Normal,-1.47
WL.LYW.02,2026-10-10 16:15,-1.45,,,,,,Normal,-1.44
WL.MCM.01,2026-10-10 16:15,0.21,,,,,,Normal,0.44
WL.MFS.01,2026-10-10 16:15,-0.69,,,,,,Normal,-0.68
WL.MKT.01,2026-10-10 16:15,-0.38,,,,,,Normal,-0.31
WL.MSW.01,2026-10-10 16:15,1.53,,,,,,Normal,1.72
WL.MSW.02,2026-10-10 16:15,1.24,,,,,,Normal,1.25
WL.MSW.03,2026-10-10 16:15,1.44,,,,,,Normal,1.67
WL.MSW.04,2026-10-10 16:15,1.07,,,,,,Normal,
WL.MTG.01,2026-10-10 16:15,-0.63,,,,,,Normal,-0.63
WL.NBN.01,2026-10-10 16:15,-4.22,-1.67,,0.0,,,Normal,-3.94
WL.NCH.02,2026-10-10 16:15,-0.6,,,,,,Normal,-0.33
WL.NK1.01,2026-10-10 16:15,-0.14,,,,,,Normal,0.02
WL.NK3.01,2026-10-10 16:15,-0.5,,,,,,Normal,-0.12
WL.NKW.02,2026-10-10 16:15,-0.5,,,,,,Normal,-0.23
WL.NSG.01,2026-10-10 16:15,-2.0,,,,,,Normal,-2.0
WL.OAG.01,2026-10-10 16:15,-0.75,,,,,,Normal,-0.61
WL.ORC.01,2026-10-10 16:15,-1.34,-0.64,,0.0,,,Normal,-1.34
WL.PKG.01,2026-10-10 16:15,1.76,,,,,,Normal,1.78
WL.PKN.01,2026-10-10 16:15,-0.89,1.85,,0.0,0.0,0.0,Normal,-0.66
WL.PLK.01,2026-10-10 16:15,1.32,,,,,,Alert,1.32
WL.PLP.01,2026-10-10 16:15,-0.49,,,,,,Normal,-0.42
WL.PNM.01,2026-10-10 16:15,0.24,,,,,,Alert,0.3
WL.PSC.01,2026-10-10 16:15,0.28,0.31,,0.0,0.0,0.0,Normal,0.41
WL.PSC.02,2026-10-10 16:15,0.27,,,,,,Normal,0.38
WL.PSC.03,2026-10-10 16:15,0.29,,,,,,Normal,0.38
WL.PSC.05,2026-10-10 16:15,0.36,,,,,,Normal,0.47
WL.PSI.01,2026-10-10 16:15,-1.25,,,,,,Normal,-1.16
WL.PSR.01,2026-10-10 16:15,1.05,1.77,,0.2,,,Alert,1.09
WL.PSR.02,2026-10-10 16:15,1.08,,,,,,Alert,1.13
WL.PSR.03,2026-10-10 16:15,1.06,,,,,,Alert,1.1
WL.PSR.04,2026-10-10 16:15,0.72,,,,,,Normal,0.75
WL.PSR.05,2026-10-10 16:15,0.76,,,,,,Alert,0.78
WL.PST.01,2026-10-10 16:15,-0.98,,,,,,Normal,-0.88
WL.PWT.01,2026-10-10 16:15,-0.61,,,,,,Normal,-0.5
WL.PWT.02,2026-10-10 16:15,-0.1,,,,,,Normal,-0.06
WL.PWT.03,2026-10-10 16:15,0.13,0.12,,5.84,5.9,,Normal,0.18
WL.PWT.04,2026-10-10 16:15,0.46,0.5,,4.94,,,Alert,0.51
WL.PWT.06,2026-10-10 16:15,0.89,,,,,,Critical,0.92
WL.PWT.07,2026-10-10 16:15,0.87,,,,,,Critical,0.9
WL.PYW.01,2026-10-10 16:15,-1.41,,,,,,Normal,-0.54
WL.RHN.01,2026-10-10 16:15,-1.02,-0.19,,0.0,,,Normal,-0.06
WL.RJK.01,2026-10-10 16:15,0.31,0.31,,7.5,,,Normal,0.33
WL.RKC.01,2026-10-10 16:15,-1.0,,,,,,Normal,-0.72
WL.RMN.01,2026-10-10 16:15,0.53,,,,,,Normal,
WL.RMT.01,2026-10-10 16:15,-0.99,0.79,,0.0,0.0,,Normal,-0.58
WL.RMT.02,2026-10-10 16:15,-0.15,,,,,,Normal,0.1
WL.RMT.03,2026-10-10 16:15,-2.0,,,,,,Normal,-2.0
WL.RSK.01,2026-10-10 16:15,0.38,,,,,,Normal,0.46
WL.SBR.01,2026-10-10 16:15,0.5,1.24,,0.0,,,Normal,0.59
WL.SBR.02,2026-10-10 16:15,0.47,,,,,,Normal,0.53
WL.SBT.01,2026-10-10 16:15,-0.42,0.08,,0.0,,,Normal,0.09
WL.SCO.01,2026-10-10 16:15,-0.02,,,,,,Normal,0.25
WL.SDN.01,2026-10-10 16:15,0.23,,,,,,Normal,0.23
WL.SKG.01,2026-10-10 16:15,-0.71,,,,,,Normal,-0.47
WL.SKT.01,2026-10-10 16:15,-0.81,,,,,,Normal,-0.68
WL.SKT.02,2026-10-10 16:15,-0.86,,,,,,Normal,-0.72
WL.SLL.01,2026-10-10 16:15,0.02,,,,,,Normal,0.05
WL.SMK.01,2026-10-10 16:15,-0.22,,,,,,Normal,-0.22
WL.SNC.01,2026-10-10 16:15,-0.3,0.9,,0.0,0.0,0.0,Normal,-0.14
WL.SNC.02,2026-10-10 16:15,0.22,,,,,,Normal,0.38
WL.SNC.03,2026-10-10 16:15,-0.03,,,,,,Normal,0.26
WL.SNO.01,2026-10-10 16:15,-1.44,,,,,,Normal,-1.03
WL.SOL.01,2026-10-10 16:15,-0.67,,,,,,Normal,-0.66
WL.SRE.01,2026-10-10 16:15,-0.45,1.81,,0.0,0.0,,Normal,0.18
WL.SRG.01,2026-10-10 16:15,-0.47,1.56,,0.0,0.0,0.0,Normal,-0.47
WL.SSB.01,2026-10-10 16:15,-0.73,,,,,,Normal,-0.58
WL.SSB.03,2026-10-10 16:15,-0.53,,,,,,Normal,-0.38
WL.SSB.04,2026-10-10 16:15,-0.62,-0.64,,7.5,7.5,,Normal,-0.5
WL.SSB.06,2026-10-10 16:15,-0.43,,,,,,Normal,-0.29
WL.SSB.07,2026-10-10 16:15,0.0,,,,,,Normal,0.1
WL.SSB.08,2026-10-10 16:15,0.31,,,,,,Normal,0.33
WL.SSB.09,2026-10-10 16:15,0.55,1.1,,0.0,,,Critical,0.57
WL.SSB.10,2026-10-10 16:15,0.8,1.03,,3.64,,,Critical,0.83
WL.SSB.11,2026-10-10 16:15,1.21,,,,,,Critical,1.22
WL.SSB.12,2026-10-10 16:15,1.21,1.5,,0.0,,,Critical,1.22
WL.SSB.13,2026-10-10 16:15,1.9,,,,,,Critical,
WL.SSG.01,2026-10-10 16:15,1.55,,,,,,Alert,1.57
WL.SSM.01,2026-10-10 16:15,1.3,-99,,0.0,,,Critical,1.32
WL.SSM.02,2026-10-10 16:15,1.56,,,,,,Normal,
WL.SSN.01,2026-10-10 16:15,-1.02,1.87,,7.0,0.0,0.0,Normal,-1.01
WL.SSN.04,2026-10-10 16:15,-1.23,,,,,,Normal,-1.13
WL.SSN.06,2026-10-10 16:15,-1.75,,,,,,Normal,-1.71
WL.SSN.07,2026-10-10 16:15,-0.98,,,,,,Normal,-0.94
WL.SSN.08,2026-10-10 16:15,-0.64,-0.64,,0.0,,,Normal,-0.59
WL.SSN.09,2026-10-10 16:15,-0.66,,,,,,Normal,-0.6
WL.SSN.10,2026-10-10 16:15,-0.63,,,,,,Normal,-0.58
WL.SST.01,2026-10-10 16:15,0.8,1.74,,0.32,,,Alert,0.83
WL.STN.02,2026-10-10 16:15,0.59,,,,,,Alert,0.62
WL.STN.03,2026-10-10 16:15,0.6,,,,,,Critical,0.64
WL.STR.01,2026-10-10 16:15,-1.0,0.22,1.72,0.0,0.0,0.0,Normal,-0.91
WL.SWU.01,2026-10-10 16:15,-1.08,,,,,,Normal,-1.08
WL.TCG.01,2026-10-10 16:15,-0.97,,,,,,Normal,-0.94
WL.TPK.03,2026-10-10 16:15,0.41,,,,,,Critical,0.45
WL.TSK.01,2026-10-10 16:15,-1.81,,,,,,Normal,-1.39
WL.TTN.01,2026-10-10 16:15,-0.88,,,,,,Normal,-0.82
WL.TUT.02,2026-10-10 16:15,-0.88,,,,,,Normal,-0.2
WL.TWW.01,2026-10-10 16:15,0.51,1.18,,0.07,,,Normal,0.76
WL.TWW.02,2026-10-10 16:15,0.49,,,,,,Normal,0.69
WL.TWW.04,2026-10-10 16:15,0.51,,,,,,Normal,0.58
WL.TWW.05,2026-10-10 16:15,0.38,,,,,,Normal,0.49
WL.VPD.01,2026-10-10 16:15,-1.05,,,,,,Normal,-0.94
WL.VPD.02,2026-10-10 16:15,-1.0,,,,,,Normal,-0.91
WL.VPD.03,2026-10-10 16:15,-1.28,,,,,,Normal,-1.27
WL.VPV.01,2026-10-10 16:15,-2.23,,,0.0,,,Normal,-1.39
WL.WHK.01,2026-10-10 16:15,0.82,,,,,,Normal,0.98
WL.WKT.01,2026-10-10 16:15,0.06,,,,,,Normal,0.4
WL.WLS.01,2026-10-10 16:15,0.47,,,,,,Normal,0.57
WL.WSI.01,2026-10-10 16:15,-0.99,1.76,,0.0,0.0,0.0,Normal,-0.5
WL.WTK.01,2026-10-10 16:15,-1.07,,,,,,Normal,-0.46
WL.WTN.02,2026-10-10 16:15,-1.09,,,,,,Normal,-1.08
WL.YPE.01,2026-10-10 16:15,0.31,,,,,,Normal,0.41
WL.YPN.01,2026-10-10 16:15,-0.96,,,,,,Normal,-0.79
WL.YPN.02,2026-10-10 16:15,-1.08,,,,,,Normal,-0.84
WL.YSN.02,2026-10-10 16:15,-0.96,,,,,,Normal,-0.91
WL.LPI.02,2026-10-10 16:19,-0.04,,,,,,Normal,0.01
WL.KPM.04,2026-10-10 16:25,0.31,,,,,,Normal,0.43
WL.KKD.04,2026-10-10 16:35,-0.6,,,,,,Normal,-0.58
WL.BNJ.01,2026-10-10 16:40,-1.02,,,,,,out of order,-0.87
WL.JKK.01,2026-10-10 16:40,0.25,,,,,,out of order,0.27
WL.KJN.01,2026-10-10 16:40,-0.21,,,,,,out of order,-0.14
WL.SKG.01,2026-10-10 16:50,-0.82,,,,,,temporarily out of order,-0.47
WL.TTN.01,2026-10-10 17:00,-0.88,,,,,,temporarily out of order,-0.82
WL.SDN.01,2026-10-10 17:05,0.23,,,,,,temporarily out of order,0.23
WL.ANG.01,2026-10-10 17:10,0.89,,,,,,Normal,
WL.BBU.02,2026-10-10 17:10,0.43,,,,,,Normal,
WL.BKH.01,2026-10-10 17:10,0.0,,,,,,Normal,
WL.BKK.01,2026-10-10 17:10,0.41,,,,,,Normal,
WL.BMD.01,2026-10-10 17:10,0.4,,,,,,Normal,
WL.BNJ.05,2026-10-10 17:10,-1.95,,,,,,Normal,
WL.BSE.01,2026-10-10 17:10,-1.55,,,,,,Normal,
WL.BTL.02,2026-10-10 17:10,0.08,,,,,,Normal,
WL.CLH.01,2026-10-10 17:10,-0.38,,,,,,Normal,
WL.CYI.02,2026-10-10 17:10,-0.6,,,,,,Normal,-0.54
WL.K08.01,2026-10-10 17:10,1.74,,,,,,Alert,
WL.K10.01,2026-10-10 17:10,1.63,,,,,,Alert,
WL.K11.01,2026-10-10 17:10,1.57,,,,,,Alert,
WL.KBP.01,2026-10-10 17:10,-1.08,,,,,,Normal,
WL.KHW.01,2026-10-10 17:10,1.69,,,,,,Normal,
WL.KKO.02,2026-10-10 17:10,1.55,,,,,,Alert,
WL.KPM.07,2026-10-10 17:10,0.5,,,,,,Normal,
WL.LPP.02,2026-10-10 17:10,-0.81,,,,,,Normal,
WL.LPS.01,2026-10-10 17:10,0.76,,,,,,Normal,
WL.LPT.05,2026-10-10 17:10,1.89,,,,,,Normal,
WL.MKT.02,2026-10-10 17:10,-1.3,,,,,,Normal,
WL.NK3.02,2026-10-10 17:10,-0.43,,,,,,Normal,
WL.POC.01,2026-10-10 17:10,1.46,,,,,,Normal,
WL.PSC.06,2026-10-10 17:10,0.0,,,,,,Normal,
WL.RMN.01,2026-10-10 17:10,0.52,,,,,,Normal,
WL.RPS.01,2026-10-10 17:10,2.14,,,,,,Alert,
WL.SOL.01,2026-10-10 17:10,-0.67,,,,,,Normal,-0.66
WL.SSB.13,2026-10-10 17:10,1.9,,,,,,Critical,
WL.SSG.02,2026-10-10 17:10,1.55,,,,,,Alert,
WL.SSM.02,2026-10-10 17:10,1.56,,,,,,Normal,
WL.STN.01,2026-10-10 17:10,0.53,,,,,,Alert,0.55
WL.SWA.02,2026-10-10 17:10,1.4,,,,,,Normal,
WL.TWW.03,2026-10-10 17:10,0.54,,,,,,Normal,0.62
WL.AJP.01,2026-10-10 17:15,-1.01,,,,,,Normal,-0.5
WL.ANX.01,2026-10-10 17:15,0.0,,,,,,Normal,0.02
WL.BAM.01,2026-10-10 17:15,0.19,,,,,,Normal,0.26
WL.BBN.02,2026-10-10 17:15,0.22,,,,,,Normal,0.39
WL.BBN.03,2026-10-10 17:15,0.45,,,,,,Alert,0.56
WL.BBR.01,2026-10-10 17:15,-0.08,,,,,,Normal,0.23
WL.BBR.02,2026-10-10 17:15,-0.06,,,,,,Normal,0.2
WL.BBU.01,2026-10-10 17:15,0.36,,,,,,Normal,0.45
WL.BCN.01,2026-10-10 17:15,0.39,,,,,,Normal,0.46
WL.BCN.02,2026-10-10 17:15,0.39,,,,,,Normal,0.46
WL.BCN.03,2026-10-10 17:15,0.44,,,,,,Normal,0.52
WL.BJK.01,2026-10-10 17:15,-1.38,1.91,,0.0,0.0,,Normal,-1.28
WL.BJK.02,2026-10-10 17:15,0.4,,,,,,Normal,0.49
WL.BJK.03,2026-10-10 17:15,0.36,,,,,,Normal,0.46
WL.BJK.04,2026-10-10 17:15,0.42,,,,,,Normal,0.52
WL.BKA.01,2026-10-10 17:15,-1.67,2.17,,1.73,1.75,0.0,Normal,-1.05
WL.BKA.02,2026-10-10 17:15,-0.87,,,,,,Normal,-0.77
WL.BKA.03,2026-10-10 17:15,-0.43,,,,,,Normal,-0.37
WL.BKA.04,2026-10-10 17:15,0.0,,,,,,Normal,0.1
WL.BKB.01,2026-10-10 17:15,-0.32,,,,,,Normal,-0.32
WL.BKG.01,2026-10-10 17:15,0.65,-2.0,,0.0,,,Critical,0.67
WL.BKT.01,2026-10-10 17:15,-0.79,,,,,,Normal,-0.77
WL.BKY.01,2026-10-10 17:15,0.24,2.01,,0.0,0.0,0.0,Normal,0.41
WL.BKY.02,2026-10-10 17:15,0.34,,,,,,Normal,0.44
WL.BLP.02,2026-10-10 17:15,-0.69,,,,,,Normal,-0.57
WL.BLY.01,2026-10-10 17:15,-0.51,,,,,,Normal,-0.49
WL.BLY.02,2026-10-10 17:15,-0.58,,,,,,Normal,-0.57
WL.BMA.02,2026-10-10 17:15,-0.03,,,,,,Normal,0.58
WL.BMK.01,2026-10-10 17:15,-1.67,,,,,,Normal,-1.0
WL.BNA.01,2026-10-10 17:15,-1.37,1.86,,0.0,0.0,,Normal,-1.34
WL.BNA.03,2026-10-10 17:15,-0.69,,,,,,Normal,-0.65
WL.BNA.04,2026-10-10 17:15,-0.6,,,,,,Normal,-0.55
WL.BNJ.04,2026-10-10 17:15,-1.25,,,,,,Normal,-0.88
WL.BNS.01,2026-10-10 17:15,0.33,,,,,,Normal,0.4
WL.BOA.01,2026-10-10 17:15,-1.36,1.97,,0.0,0.0,,Normal,-1.17
WL.BOA.02,2026-10-10 17:15,-1.34,,,,,,Normal,-1.14
WL.BOA.03,2026-10-10 17:15,-1.29,,,,,,Normal,-1.17
WL.BON.01,2026-10-10 17:15,-1.35,,,,,,Normal,-1.2
WL.BPA.01,2026-10-10 17:15,-0.66,,,,,,Normal,-0.61
WL.BPK.01,2026-10-10 17:15,0.0,,,,,,Normal,0.22
WL.BPM.01,2026-10-10 17:15,0.26,,,,,,Normal,0.32
WL.BPM.02,2026-10-10 17:15,0.35,,,,,,Normal,0.41
WL.BPM.03,2026-10-10 17:15,0.48,,,,,,Normal,0.56
WL.BPM.04,2026-10-10 17:15,0.39,,,,,,Normal,0.47
WL.BPN.02,2026-10-10 17:15,0.24,,,,,,Normal,0.41
WL.BPU.01,2026-10-10 17:15,1.55,,,,,,Normal,1.61
WL.BSK.01,2026-10-10 17:15,-0.19,1.96,,0.0,0.0,,Normal,0.47
WL.BSU.01,2026-10-10 17:15,-0.91,2.16,,0.0,0.0,0.0,Normal,-0.71
WL.BSU.02,2026-10-10 17:15,-0.84,,,,,,Normal,-0.68
WL.BSU.03,2026-10-10 17:15,-1.28,,,,,,Normal,-1.16
WL.BSU.04,2026-10-10 17:15,-1.12,,,,,,Normal,-1.09
WL.BSU.05,2026-10-10 17:15,-1.2,,,,,,Normal,-1.01
WL.BSU.06,2026-10-10 17:15,-1.0,,,,,,Normal,-0.75
WL.BSU.07,2026-10-10 17:15,-0.59,,,,,,Normal,-0.47
WL.BTL.01,2026-10-10 17:15,-1.08,,,,,,Normal,-0.62
WL.BTY.01,2026-10-10 17:15,0.24,,,,,,Normal,0.32
WL.BWK.01,2026-10-10 17:15,0.29,,,,,,Normal,0.4
WL.BWK.02,2026-10-10 17:15,0.5,,,,,,Normal,0.58
WL.BWK.03,2026-10-10 17:15,0.47,,,,,,Normal,0.55
WL.BYI.01,2026-10-10 17:15,1.0,,,,,,Critical,1.0
WL.BYK.02,2026-10-10 17:15,-0.1,,,,,,Normal,0.29
WL.CKS.01,2026-10-10 17:15,-1.46,,,0.0,0.0,,Normal,-1.23
WL.CKS.02,2026-10-10 17:15,-1.1,,,,,,Normal,-0.93
WL.CKS.03,2026-10-10 17:15,-1.23,,,,,,Normal,-1.04
WL.CNS.01,2026-10-10 17:15,-1.93,1.9,,0.0,0.0,,Normal,-0.97
WL.CPA.01,2026-10-10 17:15,0.28,1.92,,0.0,4.79,,Normal,0.33
WL.CPA.02,2026-10-10 17:15,0.26,,,,,,Normal,0.39
WL.CYI.01,2026-10-10 17:15,-0.62,,,,,,Normal,-0.56
WL.CYI.03,2026-10-10 17:15,-0.53,,,,,,Normal,-0.48
WL.DKN.01,2026-10-10 17:15,0.17,1.96,,0.0,6.14,0.0,Normal,0.34
WL.FTM.01,2026-10-10 17:15,-1.23,,,,,,Normal,-1.04
WL.HKG.01,2026-10-10 17:15,-0.77,,,,,,Normal,-0.71
WL.HKG.02,2026-10-10 17:15,-0.71,,,,,,Normal,-0.66
WL.HMK.01,2026-10-10 17:15,-0.19,,,,,,Alert,-0.15
WL.HMK.02,2026-10-10 17:15,-0.4,,,,,,Normal,-0.33
WL.HMK.03,2026-10-10 17:15,-0.17,,,,,,Normal,-0.11
WL.JRN.01,2026-10-10 17:15,0.31,1.95,,0.0,,,Normal,0.32
WL.KBU.01,2026-10-10 17:15,0.25,1.63,,0.0,,,Normal,0.48
WL.KBU.02,2026-10-10 17:15,0.34,,,,,,Normal,0.45
WL.KCD.01,2026-10-10 17:15,-1.07,,,,,,Normal,-1.0
WL.KDN.01,2026-10-10 17:15,-0.56,1.87,,0.0,,,Normal,-0.56
WL.KJA.01,2026-10-10 17:15,-0.77,,,,,,Normal,-0.72
WL.KJA.02,2026-10-10 17:15,-0.49,,,,,,Normal,-0.25
WL.KJG.01,2026-10-10 17:15,-0.66,,,,,,Normal,-0.36
WL.KJK.01,2026-10-10 17:15,-1.13,1.94,,0.0,0.0,,Normal,-1.11
WL.KJK.02,2026-10-10 17:15,-1.09,,,,,,Normal,-1.06
WL.KJN.02,2026-10-10 17:15,-0.14,,,,,,Normal,-0.07
WL.KJT.01,2026-10-10 17:15,-1.2,,,,,,Normal,-1.07
WL.KJU.01,2026-10-10 17:15,-0.73,,,,,,Normal,-0.39
WL.KKD.01,2026-10-10 17:15,-0.53,,,,,,Normal,-0.5
WL.KKD.02,2026-10-10 17:15,-0.64,,,,,,Normal,-0.62
WL.KKO.01,2026-10-10 17:15,1.61,,,,,,Alert,1.63
WL.KKS.01,2026-10-10 17:15,-0.69,2.05,,0.0,0.0,,Normal,-0.57
WL.KKS.02,2026-10-10 17:15,-0.65,,,,,,Normal,-0.54
WL.KKS.03,2026-10-10 17:15,-0.74,,,,,,Normal,-0.66
WL.KKS.04,2026-10-10 17:15,-0.7,1.5,,0.0,,,Normal,-0.63
WL.KKY.01,2026-10-10 17:15,0.48,,,,,,Normal,0.56
WL.KKY.02,2026-10-10 17:15,0.47,,,,,,Normal,0.56
WL.KLA.01,2026-10-10 17:15,-0.39,,,,,,Normal,-0.29
WL.KLD.02,2026-10-10 17:15,-0.31,,,,,,Normal,-0.1
WL.KLT.01,2026-10-10 17:15,-0.7,,,,,,Normal,-0.62
WL.KMN.01,2026-10-10 17:15,0.22,1.99,,0.1,0.0,0.0,Normal,0.4
WL.KNB.01,2026-10-10 17:15,-0.93,,,,,,Normal,-0.8
WL.KNB.02,2026-10-10 17:15,-0.47,,,,,,Normal,-0.41
WL.KPG.01,2026-10-10 17:15,-1.08,,,,,,Normal,-1.08
WL.KPM.01,2026-10-10 17:15,-0.36,,,,,,Normal,-0.32
WL.KPM.03,2026-10-10 17:15,-0.18,,,,,,Normal,-0.11
WL.KPM.05,2026-10-10 17:15,0.39,,,,,,Normal,0.51
WL.KPM.06,2026-10-10 17:15,0.36,,,,,,Normal,0.54
WL.KPM.08,2026-10-10 17:15,0.36,,,,,,Normal,0.46
WL.KSG.01,2026-10-10 17:15,0.67,,,,,,Normal,0.7
WL.KSI.01,2026-10-10 17:15,0.74,,,,,,Normal,0.78
WL.KSI.02,2026-10-10 17:15,0.77,,,,,,Critical,0.8
WL.KSK.01,2026-10-10 17:15,-0.66,,,,,,Normal,-0.64
WL.KSM.01,2026-10-10 17:15,0.75,,,,,,Critical,0.8
WL.KSM.02,2026-10-10 17:15,0.7,,,,,,Critical,0.74
WL.KSO.01,2026-10-10 17:15,0.52,,,,,,Normal,0.62
WL.KSO.02,2026-10-10 17:15,0.53,,,,,,Normal,0.64
WL.KT4.01,2026-10-10 17:15,0.45,,,,,,Alert,0.48
WL.KTY.01,2026-10-10 17:15,-2.0,1.89,,0.0,,,Normal,-1.44
WL.LBK.02,2026-10-10 17:15,0.5,,,,,,Critical,0.53
WL.LBK.03,2026-10-10 17:15,0.4,,,,,,Critical,0.43
WL.LCL.01,2026-10-10 17:15,0.6,,,,,,Normal,0.64
WL.LCL.02,2026-10-10 17:15,0.4,,,,,,Normal,0.49
WL.LKB.01,2026-10-10 17:15,0.62,,,,,,Critical,0.67
WL.LOA.01,2026-10-10 17:15,0.71,,,,,,Normal,0.78
WL.LOA.02,2026-10-10 17:15,0.69,,,,,,Normal,0.71
WL.LPC.01,2026-10-10 17:15,1.08,,,,,,Critical,1.1
WL.LPG.02,2026-10-10 17:15,0.97,1.75,,0.0,,,Critical,0.99
WL.LPG.03,2026-10-10 17:15,0.91,,,,,,Critical,0.94
WL.LPN.01,2026-10-10 17:15,-0.74,0.93,,0.0,,,Normal,-0.59
WL.LPP.01,2026-10-10 17:15,-1.59,,,,,,Normal,-1.35
WL.LPT.01,2026-10-10 17:15,1.2,,,,,,Critical,1.21
WL.LPT.03,2026-10-10 17:15,0.84,,,,,,Critical,0.87
WL.LPW.01,2026-10-10 17:15,-0.34,-0.38,,0.0,,,Normal,-0.25
WL.LPW.03,2026-10-10 17:15,0.13,,,,,,Normal,0.23
WL.LPW.04,2026-10-10 17:15,-0.55,,,,,,Normal,-0.49
WL.LPW.05,2026-10-10 17:15,-0.62,,,,,,Normal,-0.56
WL.LSG.01,2026-10-10 17:15,-1.22,,,,,,Normal,-1.19
WL.LSM.01,2026-10-10 17:15,-0.67,,,,,,Normal,-0.64
WL.LYW.01,2026-10-10 17:15,-1.52,,,,,,Normal,-1.47
WL.LYW.02,2026-10-10 17:15,-1.46,,,,,,Normal,-1.44
WL.MCM.01,2026-10-10 17:15,0.32,,,,,,Normal,0.44
WL.MFS.01,2026-10-10 17:15,-0.7,,,,,,Normal,-0.68
WL.MKT.01,2026-10-10 17:15,-0.39,,,,,,Normal,-0.31
WL.MSW.01,2026-10-10 17:15,1.76,,,,,,Normal,1.76
WL.MSW.02,2026-10-10 17:15,1.25,,,,,,Normal,1.25
WL.MSW.03,2026-10-10 17:15,1.66,,,,,,Normal,1.67
WL.MSW.04,2026-10-10 17:15,1.07,,,,,,Normal,
WL.MTG.01,2026-10-10 17:15,-0.63,,,,,,Normal,-0.63
WL.NBN.01,2026-10-10 17:15,-4.24,-1.63,,0.0,,,Normal,-3.94
WL.NCH.02,2026-10-10 17:15,-0.78,,,,,,Normal,-0.33
WL.NK1.01,2026-10-10 17:15,-0.01,,,,,,Normal,0.02
WL.NK3.01,2026-10-10 17:15,-0.5,,,,,,Normal,-0.12
WL.NKW.02,2026-10-10 17:15,-0.4,,,,,,Normal,-0.23
WL.NSG.01,2026-10-10 17:15,-2.0,,,,,,Normal,-2.0
WL.OAG.01,2026-10-10 17:15,-0.73,,,,,,Normal,-0.61
WL.ORC.01,2026-10-10 17:15,-1.34,-0.6,,0.0,,,Normal,-1.34
WL.PKG.01,2026-10-10 17:15,1.98,,,,,,Normal,2.01
WL.PKN.01,2026-10-10 17:15,-0.73,1.97,,0.0,0.0,0.0,Normal,-0.66
WL.PLK.01,2026-10-10 17:15,1.45,,,,,,Critical,1.45
WL.PLP.01,2026-10-10 17:15,-0.49,,,,,,Normal,-0.42
WL.PNM.01,2026-10-10 17:15,0.24,,,,,,Alert,0.3
WL.PSC.01,2026-10-10 17:15,0.27,0.3,,0.0,0.0,0.0,Normal,0.41
WL.PSC.02,2026-10-10 17:15,0.26,,,,,,Normal,0.38
WL.PSC.03,2026-10-10 17:15,0.28,,,,,,Normal,0.38
WL.PSC.05,2026-10-10 17:15,0.34,,,,,,Normal,0.47
WL.PSI.01,2026-10-10 17:15,-1.3,,,,,,Normal,-1.16
WL.PSR.01,2026-10-10 17:15,1.04,1.77,,0.2,,,Alert,1.09
WL.PSR.02,2026-10-10 17:15,1.08,,,,,,Alert,1.13
WL.PSR.03,2026-10-10 17:15,1.05,,,,,,Alert,1.1
WL.PSR.04,2026-10-10 17:15,0.72,,,,,,Normal,0.75
WL.PSR.05,2026-10-10 17:15,0.76,,,,,,Alert,0.78
WL.PST.01,2026-10-10 17:15,-1.0,,,,,,Normal,-0.88
WL.PWT.01,2026-10-10 17:15,-0.55,,,,,,Normal,-0.5
WL.PWT.02,2026-10-10 17:15,-0.1,,,,,,Normal,-0.06
WL.PWT.03,2026-10-10 17:15,0.13,0.14,,5.84,5.9,,Normal,0.18
WL.PWT.04,2026-10-10 17:15,0.46,0.5,,4.94,,,Alert,0.51
WL.PWT.06,2026-10-10 17:15,0.88,,,,,,Critical,0.92
WL.PWT.07,2026-10-10 17:15,0.87,,,,,,Critical,0.9
WL.PYW.01,2026-10-10 17:15,-1.32,,,,,,Normal,-0.54
WL.RHN.01,2026-10-10 17:15,-1.01,-0.37,,0.0,,,Normal,-0.06
WL.RJK.01,2026-10-10 17:15,0.32,0.32,,7.5,,,Normal,0.33
WL.RKC.01,2026-10-10 17:15,-0.92,,,,,,Normal,-0.72
WL.RMT.01,2026-10-10 17:15,-1.09,0.86,,0.0,0.0,,Normal,-0.58
WL.RMT.02,2026-10-10 17:15,-0.16,,,,,,Normal,0.1
WL.RMT.03,2026-10-10 17:15,-2.0,,,,,,Normal,-2.0
WL.RSK.01,2026-10-10 17:15,0.37,,,,,,Normal,0.46
WL.SBR.01,2026-10-10 17:15,0.48,1.23,,0.0,,,Normal,0.59
WL.SBR.02,2026-10-10 17:15,0.45,,,,,,Normal,0.53
WL.SBT.01,2026-10-10 17:15,-0.47,0.07,,0.0,,,Normal,0.09
WL.SCO.01,2026-10-10 17:15,0.02,,,,,,Normal,0.25
WL.SKT.01,2026-10-10 17:15,-0.82,,,,,,Normal,-0.68
WL.SKT.02,2026-10-10 17:15,-1.11,,,,,,Normal,-0.72
WL.SLL.01,2026-10-10 17:15,-0.01,,,,,,Normal,0.05
WL.SMK.01,2026-10-10 17:15,-0.22,,,,,,Normal,-0.22
WL.SNC.01,2026-10-10 17:15,-0.27,0.98,,0.0,0.0,0.0,Normal,-0.14
WL.SNC.02,2026-10-10 17:15,0.21,,,,,,Normal,0.38
WL.SNC.03,2026-10-10 17:15,-0.03,,,,,,Normal,0.26
WL.SNO.01,2026-10-10 17:15,-1.34,,,,,,Normal,-1.03
WL.SRE.01,2026-10-10 17:15,-0.39,2.0,,0.0,0.0,,Normal,0.18
WL.SRG.01,2026-10-10 17:15,-0.42,1.74,,0.0,0.0,0.0,Normal,-0.41
WL.SSB.01,2026-10-10 17:15,-0.73,,,,,,Normal,-0.58
WL.SSB.03,2026-10-10 17:15,-0.52,,,,,,Normal,-0.38
WL.SSB.04,2026-10-10 17:15,-0.6,-0.62,,7.5,7.5,,Normal,-0.5
WL.SSB.06,2026-10-10 17:15,-0.41,,,,,,Normal,0.14
WL.SSB.07,2026-10-10 17:15,-0.02,,,,,,Normal,0.1
WL.SSB.08,2026-10-10 17:15,0.29,,,,,,Normal,0.33
WL.SSB.09,2026-10-10 17:15,0.55,1.1,,0.0,,,Critical,0.57
WL.SSB.10,2026-10-10 17:15,0.8,1.03,,3.64,,,Critical,0.83
WL.SSB.11,2026-10-10 17:15,1.2,,,,,,Critical,1.22
WL.SSB.12,2026-10-10 17:15,1.21,1.5,,0.0,,,Critical,1.22
WL.SSG.01,2026-10-10 17:15,1.55,,,,,,Alert,1.57
WL.SSM.01,2026-10-10 17:15,1.3,-99,,0.0,,,Critical,1.32
WL.SSN.01,2026-10-10 17:15,-1.02,2.01,,7.0,0.0,0.0,Normal,-1.01
WL.SSN.04,2026-10-10 17:15,-1.17,,,,,,Normal,-1.13
WL.SSN.06,2026-10-10 17:15,-1.75,,,,,,Normal,-1.71
WL.SSN.07,2026-10-10 17:15,-0.96,,,,,,Normal,-0.94
WL.SSN.08,2026-10-10 17:15,-0.66,-0.64,,0.0,,,Normal,-0.59
WL.SSN.09,2026-10-10 17:15,-0.67,,,,,,Normal,-0.6
WL.SSN.10,2026-10-10 17:15,-0.63,,,,,,Normal,-0.58
WL.SST.01,2026-10-10 17:15,0.8,1.73,,0.32,,,Alert,0.83
WL.STN.02,2026-10-10 17:15,0.59,,,,,,Alert,0.62
WL.STN.03,2026-10-10 17:15,0.6,,,,,,Critical,0.64
WL.STR.01,2026-10-10 17:15,-1.0,0.22,1.93,0.0,0.0,0.0,Normal,-0.91
WL.SWU.01,2026-10-10 17:15,-1.04,,,,,,Normal,-1.04
WL.TCG.01,2026-10-10 17:15,-0.97,,,,,,Normal,-0.94
WL.TPK.03,2026-10-10 17:15,0.41,,,,,,Critical,0.45
WL.TSK.01,2026-10-10 17:15,-1.81,,,,,,Normal,-1.39
WL.TUT.02,2026-10-10 17:15,-1.37,,,,,,Normal,-0.2
WL.TWW.01,2026-10-10 17:15,0.49,1.19,,0.03,,,Normal,0.76
WL.TWW.02,2026-10-10 17:15,0.47,,,,,,Normal,0.69
WL.TWW.04,2026-10-10 17:15,0.5,,,,,,Normal,0.58
WL.TWW.05,2026-10-10 17:15,0.37,,,,,,Normal,0.49
WL.VPD.01,2026-10-10 17:15,-1.04,,,,,,Normal,-0.94
WL.VPD.02,2026-10-10 17:15,-1.0,,,,,,Normal,-0.91
WL.VPD.03,2026-10-10 17:15,-1.29,,,,,,Normal,-1.27
WL.VPV.01,2026-10-10 17:15,-1.84,,,0.0,,,Normal,-1.39
WL.WHK.01,2026-10-10 17:15,0.89,,,,,,Alert,0.98
WL.WKT.01,2026-10-10 17:15,-0.24,,,,,,Normal,0.4
WL.WLS.01,2026-10-10 17:15,0.47,,,,,,Normal,0.57
WL.WSI.01,2026-10-10 17:15,-0.81,1.94,,0.0,0.0,0.0,Normal,-0.5
WL.WTK.01,2026-10-10 17:15,-1.07,,,,,,Normal,-0.46
WL.WTN.02,2026-10-10 17:15,-1.09,,,,,,Normal,-1.08
WL.YPE.01,2026-10-10 17:15,0.3,,,,,,Normal,0.41
WL.YPN.01,2026-10-10 17:15,-0.9,,,,,,Normal,-0.79
WL.YPN.02,2026-10-10 17:15,-0.95,,,,,,Normal,-0.84
WL.YSN.02,2026-10-10 17:15,-1.09,,,,,,Normal,-0.91
WL.LPI.02,2026-10-10 17:19,-0.09,,,,,,Normal,0.01
WL.KPM.04,2026-10-10 17:25,0.27,,,,,,Normal,0.43
WL.SLL.01,2026-10-10 17:30,0.0,,,,,,out of order,0.05
WL.KKD.04,2026-10-10 17:35,-0.6,,,,,,Normal,-0.58
WL.LPT.01,2026-10-10 18:00,1.2,,,,,,temporarily out of order,1.21
WL.PYW.01,2026-10-10 18:00,-1.27,,,,,,temporarily out of order,-0.54
WL.KNB.01,2026-10-10 18:05,-0.93,,,,,,temporarily out of order,-0.8
WL.LYW.01,2026-10-10 18:05,-1.49,,,,,,temporarily out of order,-1.47
WL.SDN.01,2026-10-10 18:05,0.23,,,,,,temporarily out of order,0.23
WL.SSB.01,2026-10-10 18:05,-0.7,,,,,,temporarily out of order,-0.58
WL.ANG.01,2026-10-10 18:10,0.88,,,,,,Normal,
WL.BBU.02,2026-10-10 18:10,0.43,,,,,,Normal,
WL.BKH.01,2026-10-10 18:10,-0.01,,,,,,Normal,
WL.BKK.01,2026-10-10 18:10,0.4,,,,,,Normal,
WL.BMD.01,2026-10-10 18:10,0.39,,,,,,Normal,
WL.BNJ.05,2026-10-10 18:10,-2.2,,,,,,Normal,
WL.BSE.01,2026-10-10 18:10,-1.55,,,,,,Normal,
WL.BTL.02,2026-10-10 18:10,0.11,,,,,,Normal,
WL.CLH.01,2026-10-10 18:10,-0.38,,,,,,Normal,
WL.CYI.02,2026-10-10 18:10,-0.59,,,,,,Normal,-0.54
WL.K08.01,2026-10-10 18:10,1.55,,,,,,Alert,
WL.K10.01,2026-10-10 18:10,1.63,,,,,,Alert,
WL.K11.01,2026-10-10 18:10,1.57,,,,,,Alert,
WL.KBP.01,2026-10-10 18:10,-1.22,,,,,,Normal,
WL.KHW.01,2026-10-10 18:10,1.69,,,,,,Normal,
WL.KKO.02,2026-10-10 18:10,1.55,,,,,,Alert,
WL.KPM.07,2026-10-10 18:10,0.53,,,,,,Normal,
WL.LCL.02,2026-10-10 18:10,0.4,,,,,,Normal,0.49
WL.LPS.01,2026-10-10 18:10,0.76,,,,,,Normal,
WL.LPT.05,2026-10-10 18:10,1.9,,,,,,Normal,
WL.MKT.02,2026-10-10 18:10,-1.27,,,,,,Normal,
WL.NK3.02,2026-10-10 18:10,-0.39,,,,,,Normal,
WL.POC.01,2026-10-10 18:10,1.46,,,,,,Normal,
WL.PSC.06,2026-10-10 18:10,-0.03,,,,,,Normal,
WL.RMN.01,2026-10-10 18:10,0.52,,,,,,Normal,
WL.RPS.01,2026-10-10 18:10,2.12,,,,,,Alert,
WL.SSB.13,2026-10-10 18:10,1.9,,,,,,Critical,
WL.SSG.02,2026-10-10 18:10,1.55,,,,,,Alert,
WL.SSM.02,2026-10-10 18:10,1.55,,,,,,Normal,
WL.STN.01,2026-10-10 18:10,0.52,,,,,,Alert,0.55
WL.SWA.02,2026-10-10 18:10,1.4,,,,,,Normal,
WL.AJP.01,2026-10-10 18:15,-0.57,,,,,,Normal,-0.5
WL.ANX.01,2026-10-10 18:15,-0.01,,,,,,Normal,0.02
WL.BAM.01,2026-10-10 18:15,0.21,,,,,,Normal,0.26
WL.BBN.02,2026-10-10 18:15,0.2,,,,,,Normal,0.39
WL.BBN.03,2026-10-10 18:15,0.42,,,,,,Alert,0.56
WL.BBR.01,2026-10-10 18:15,0.0,,,,,,Normal,0.23
WL.BBR.02,2026-10-10 18:15,-0.05,,,,,,Normal,0.2
WL.BBU.01,2026-10-10 18:15,0.37,,,,,,Normal,0.45
WL.BCN.01,2026-10-10 18:15,0.38,,,,,,Normal,0.46
WL.BCN.02,2026-10-10 18:15,0.38,,,,,,Normal,0.46
WL.BCN.03,2026-10-10 18:15,0.43,,,,,,Normal,0.52
WL.BJK.01,2026-10-10 18:15,-1.36,1.84,,0.0,0.0,,Normal,-1.28
WL.BJK.02,2026-10-10 18:15,0.39,,,,,,Normal,0.49
WL.BJK.03,2026-10-10 18:15,0.35,,,,,,Normal,0.46
WL.BJK.04,2026-10-10 18:15,0.41,,,,,,Normal,0.52
WL.BKA.01,2026-10-10 18:15,-1.84,2.28,,1.73,1.74,0.0,Normal,-1.05
WL.BKA.02,2026-10-10 18:15,-0.88,,,,,,Normal,-0.77
WL.BKA.03,2026-10-10 18:15,-0.45,,,,,,Normal,-0.37
WL.BKA.04,2026-10-10 18:15,-0.01,,,,,,Normal,0.1
WL.BKB.01,2026-10-10 18:15,-0.29,,,,,,Normal,-0.29
WL.BKG.01,2026-10-10 18:15,0.65,-2.0,,0.0,,,Critical,0.67
WL.BKT.01,2026-10-10 18:15,-0.78,,,,,,Normal,-0.77
WL.BKY.01,2026-10-10 18:15,0.27,2.01,,0.0,1.81,0.0,Normal,0.41
WL.BKY.02,2026-10-10 18:15,0.34,,,,,,Normal,0.44
WL.BLP.02,2026-10-10 18:15,-0.67,,,,,,Normal,-0.57
WL.BLY.01,2026-10-10 18:15,-0.5,,,,,,Normal,-0.49
WL.BLY.02,2026-10-10 18:15,-0.58,,,,,,Normal,-0.57
WL.BMA.02,2026-10-10 18:15,-0.07,,,,,,Normal,0.58
WL.BMK.01,2026-10-10 18:15,-1.72,,,,,,Normal,-1.0
WL.BNA.01,2026-10-10 18:15,-1.29,1.79,,0.0,0.0,,Normal,-1.29
WL.BNA.03,2026-10-10 18:15,-0.69,,,,,,Normal,-0.65
WL.BNA.04,2026-10-10 18:15,-0.6,,,,,,Normal,-0.55
WL.BNJ.04,2026-10-10 18:15,-1.26,,,,,,Normal,-0.88
WL.BNS.01,2026-10-10 18:15,0.33,,,,,,Normal,0.4
WL.BOA.01,2026-10-10 18:15,-1.37,1.92,,0.0,0.0,,Normal,-1.17
WL.BOA.02,2026-10-10 18:15,-1.38,,,,,,Normal,-1.14
WL.BOA.03,2026-10-10 18:15,-1.35,,,,,,Normal,-1.17
WL.BON.01,2026-10-10 18:15,-1.37,,,,,,Normal,-1.2
WL.BPA.01,2026-10-10 18:15,-0.65,,,,,,Normal,-0.61
WL.BPK.01,2026-10-10 18:15,0.0,,,,,,Normal,0.22
WL.BPM.01,2026-10-10 18:15,0.29,,,,,,Normal,0.32
WL.BPM.02,2026-10-10 18:15,0.35,,,,,,Normal,0.41
WL.BPM.03,2026-10-10 18:15,0.48,,,,,,Normal,0.56
WL.BPM.04,2026-10-10 18:15,0.41,,,,,,Normal,0.47
WL.BPN.02,2026-10-10 18:15,0.23,,,,,,Normal,0.41
WL.BPU.01,2026-10-10 18:15,1.29,,,,,,Normal,1.61
WL.BSK.01,2026-10-10 18:15,-0.27,1.99,,0.0,0.0,,Normal,0.47
WL.BSU.01,2026-10-10 18:15,-0.89,2.27,,0.0,0.0,0.0,Normal,-0.71
WL.BSU.02,2026-10-10 18:15,-0.83,,,,,,Normal,-0.68
WL.BSU.03,2026-10-10 18:15,-1.3,,,,,,Normal,-1.16
WL.BSU.04,2026-10-10 18:15,-1.13,,,,,,Normal,-1.09
WL.BSU.05,2026-10-10 18:15,-1.24,,,,,,Normal,-1.01
WL.BSU.06,2026-10-10 18:15,-0.98,,,,,,Normal,-0.75
WL.BSU.07,2026-10-10 18:15,-0.59,,,,,,Normal,-0.47
WL.BTL.01,2026-10-10 18:15,-0.64,,,,,,Normal,-0.62
WL.BTY.01,2026-10-10 18:15,0.23,,,,,,Normal,0.32
WL.BWK.01,2026-10-10 18:15,0.29,,,,,,Normal,0.4
WL.BWK.02,2026-10-10 18:15,0.49,,,,,,Normal,0.58
WL.BWK.03,2026-10-10 18:15,0.47,,,,,,Normal,0.55
WL.BYI.01,2026-10-10 18:15,1.0,,,,,,Critical,1.0
WL.BYK.02,2026-10-10 18:15,0.16,,,,,,Normal,0.29
WL.CKS.01,2026-10-10 18:15,-1.46,,,0.0,0.0,,Normal,-1.23
WL.CKS.02,2026-10-10 18:15,-1.11,,,,,,Normal,-0.93
WL.CKS.03,2026-10-10 18:15,-1.24,,,,,,Normal,-1.04
WL.CNS.01,2026-10-10 18:15,-2.37,1.86,,0.0,0.0,,Normal,-0.97
WL.CPA.01,2026-10-10 18:15,0.31,2.0,,3.83,3.52,,Normal,0.33
WL.CPA.02,2026-10-10 18:15,0.26,,,,,,Normal,0.39
WL.CYI.01,2026-10-10 18:15,-0.61,,,,,,Normal,-0.56
WL.CYI.03,2026-10-10 18:15,-0.52,,,,,,Normal,-0.48
WL.DKN.01,2026-10-10 18:15,0.17,1.98,,7.12,0.0,5.33,Normal,0.34
WL.FTM.01,2026-10-10 18:15,-1.06,,,,,,Normal,-1.04
WL.HKG.01,2026-10-10 18:15,-0.77,,,,,,Normal,-0.71
WL.HKG.02,2026-10-10 18:15,-0.71,,,,,,Normal,-0.66
WL.HMK.01,2026-10-10 18:15,-0.18,,,,,,Alert,-0.15
WL.HMK.02,2026-10-10 18:15,-0.4,,,,,,Normal,-0.33
WL.HMK.03,2026-10-10 18:15,-0.16,,,,,,Normal,-0.11
WL.JRN.01,2026-10-10 18:15,0.3,1.95,,0.0,,,Normal,0.32
WL.KBU.01,2026-10-10 18:15,0.24,1.78,,0.0,,,Normal,0.48
WL.KBU.02,2026-10-10 18:15,0.34,,,,,,Normal,0.45
WL.KCD.01,2026-10-10 18:15,-1.07,,,,,,Normal,-1.0
WL.KDN.01,2026-10-10 18:15,-0.66,1.87,,0.0,,,Normal,-0.55
WL.KJA.01,2026-10-10 18:15,-0.77,,,,,,Normal,-0.72
WL.KJA.02,2026-10-10 18:15,-0.53,,,,,,Normal,-0.25
WL.KJG.01,2026-10-10 18:15,-0.7,,,,,,Normal,-0.36
WL.KJK.01,2026-10-10 18:15,-1.38,1.86,,0.0,0.0,,Normal,-1.11
WL.KJK.02,2026-10-10 18:15,-1.33,,,,,,Normal,-1.06
WL.KJN.02,2026-10-10 18:15,-0.17,,,,,,Normal,-0.07
WL.KJT.01,2026-10-10 18:15,-1.14,,,,,,Normal,-1.07
WL.KJU.01,2026-10-10 18:15,-0.55,,,,,,Normal,-0.39
WL.KKD.01,2026-10-10 18:15,-0.53,,,,,,Normal,-0.5
WL.KKD.02,2026-10-10 18:15,-0.64,,,,,,Normal,-0.62
WL.KKO.01,2026-10-10 18:15,1.6,,,,,,Alert,1.63
WL.KKS.01,2026-10-10 18:15,-0.65,2.14,,0.0,0.0,,Normal,-0.57
WL.KKS.02,2026-10-10 18:15,-0.63,,,,,,Normal,-0.54
WL.KKS.03,2026-10-10 18:15,-0.73,,,,,,Normal,-0.66
WL.KKS.04,2026-10-10 18:15,-0.7,1.5,,0.0,,,Normal,-0.63
WL.KKY.01,2026-10-10 18:15,0.45,,,,,,Normal,0.58
WL.KKY.02,2026-10-10 18:15,0.48,,,,,,Normal,0.56
WL.KLA.01,2026-10-10 18:15,-0.4,,,,,,Normal,-0.29
WL.KLD.02,2026-10-10 18:15,-0.37,,,,,,Normal,-0.1
WL.KLT.01,2026-10-10 18:15,-0.7,,,,,,Normal,-0.62
WL.KMN.01,2026-10-10 18:15,0.23,2.06,,0.1,0.0,0.0,Normal,0.4
WL.KNB.02,2026-10-10 18:15,-0.47,,,,,,Normal,-0.41
WL.KPG.01,2026-10-10 18:15,-1.05,,,,,,Normal,-1.05
WL.KPM.01,2026-10-10 18:15,-0.38,,,,,,Normal,-0.32
WL.KPM.03,2026-10-10 18:15,-0.2,,,,,,Normal,-0.11
WL.KPM.05,2026-10-10 18:15,0.37,,,,,,Normal,0.51
WL.KPM.06,2026-10-10 18:15,0.37,,,,,,Normal,0.54
WL.KPM.08,2026-10-10 18:15,0.34,,,,,,Normal,0.46
WL.KSG.01,2026-10-10 18:15,0.66,,,,,,Normal,0.7
WL.KSI.01,2026-10-10 18:15,0.74,,,,,,Normal,0.78
WL.KSI.02,2026-10-10 18:15,0.76,,,,,,Critical,0.8
WL.KSK.01,2026-10-10 18:15,-0.66,,,,,,Normal,-0.64
WL.KSM.01,2026-10-10 18:15,0.75,,,,,,Critical,0.8
WL.KSM.02,2026-10-10 18:15,0.69,,,,,,Critical,0.74
WL.KSO.01,2026-10-10 18:15,0.55,,,,,,Normal,0.62
WL.KSO.02,2026-10-10 18:15,0.56,,,,,,Normal,0.64
WL.KT4.01,2026-10-10 18:15,0.45,,,,,,Alert,0.48
WL.KTY.01,2026-10-10 18:15,-2.23,1.82,,0.0,,,Normal,-1.44
WL.LBK.02,2026-10-10 18:15,0.5,,,,,,Critical,0.53
WL.LBK.03,2026-10-10 18:15,0.39,,,,,,Alert,0.43
WL.LCL.01,2026-10-10 18:15,0.6,,,,,,Normal,0.64
WL.LKB.01,2026-10-10 18:15,0.62,,,,,,Critical,0.67
WL.LOA.01,2026-10-10 18:15,0.66,,,,,,Normal,0.78
WL.LOA.02,2026-10-10 18:15,0.68,,,,,,Normal,0.71
WL.LPC.01,2026-10-10 18:15,1.08,,,,,,Critical,1.1
WL.LPG.02,2026-10-10 18:15,0.97,1.75,,0.0,,,Critical,0.99
WL.LPG.03,2026-10-10 18:15,0.91,,,,,,Critical,0.94
WL.LPN.01,2026-10-10 18:15,-0.64,0.98,,0.0,,,Normal,-0.59
WL.LPP.01,2026-10-10 18:15,-1.61,,,,,,Normal,-1.35
WL.LPP.02,2026-10-10 18:15,-0.78,,,,,,Normal,
WL.LPT.03,2026-10-10 18:15,0.84,,,,,,Critical,0.87
WL.LPW.01,2026-10-10 18:15,-0.35,-0.38,,0.0,,,Normal,-0.25
WL.LPW.03,2026-10-10 18:15,0.13,,,,,,Normal,0.23
WL.LPW.04,2026-10-10 18:15,-0.53,,,,,,Normal,-0.49
WL.LPW.05,2026-10-10 18:15,-0.6,,,,,,Normal,-0.56
WL.LSG.01,2026-10-10 18:15,-1.23,,,,,,Normal,-1.19
WL.LSM.01,2026-10-10 18:15,-0.67,,,,,,Normal,-0.64
WL.LYW.02,2026-10-10 18:15,-1.46,,,,,,Normal,-1.44
WL.MCM.01,2026-10-10 18:15,0.3,,,,,,Normal,0.44
WL.MFS.01,2026-10-10 18:15,-0.69,,,,,,Normal,-0.68
WL.MKT.01,2026-10-10 18:15,-0.39,,,,,,Normal,-0.31
WL.MSW.01,2026-10-10 18:15,1.9,,,,,,Alert,1.9
WL.MSW.02,2026-10-10 18:15,1.23,,,,,,Normal,1.25
WL.MSW.03,2026-10-10 18:15,1.81,,,,,,Alert,1.81
WL.MSW.04,2026-10-10 18:15,1.07,,,,,,Normal,
WL.MTG.01,2026-10-10 18:15,-0.63,,,,,,Normal,-0.63
WL.NBN.01,2026-10-10 18:15,-4.26,-1.61,,0.0,,,Normal,-3.94
WL.NCH.02,2026-10-10 18:15,-0.38,,,,,,Normal,-0.33
WL.NK1.01,2026-10-10 18:15,0.03,,,,,,Normal,0.03
WL.NK3.01,2026-10-10 18:15,-0.51,,,,,,Normal,-0.12
WL.NKW.02,2026-10-10 18:15,-0.78,,,,,,Normal,-0.23
WL.NSG.01,2026-10-10 18:15,-2.0,,,,,,Normal,-2.0
WL.OAG.01,2026-10-10 18:15,-0.71,,,,,,Normal,-0.61
WL.ORC.01,2026-10-10 18:15,-1.34,-0.56,,0.0,,,Normal,-1.34
WL.PKG.01,2026-10-10 18:15,2.04,,,,,,Normal,2.13
WL.PKN.01,2026-10-10 18:15,-0.77,1.89,,0.0,0.0,0.0,Normal,-0.66
WL.PLK.01,2026-10-10 18:15,1.42,,,,,,Critical,1.48
WL.PLP.01,2026-10-10 18:15,-0.49,,,,,,Normal,-0.42
WL.PNM.01,2026-10-10 18:15,0.23,,,,,,Alert,0.3
WL.PSC.01,2026-10-10 18:15,0.26,0.3,,0.0,0.0,0.0,Normal,0.41
WL.PSC.02,2026-10-10 18:15,0.26,,,,,,Normal,0.38
WL.PSC.03,2026-10-10 18:15,0.27,,,,,,Normal,0.38
WL.PSC.05,2026-10-10 18:15,0.32,,,,,,Normal,0.47
WL.PSI.01,2026-10-10 18:15,-1.75,,,,,,Normal,-1.16
WL.PSR.01,2026-10-10 18:15,1.04,1.77,,0.2,,,Alert,1.09
WL.PSR.02,2026-10-10 18:15,1.07,,,,,,Alert,1.13
WL.PSR.03,2026-10-10 18:15,1.05,,,,,,Alert,1.1
WL.PSR.04,2026-10-10 18:15,0.72,,,,,,Normal,0.75
WL.PSR.05,2026-10-10 18:15,0.75,,,,,,Alert,0.78
WL.PST.01,2026-10-10 18:15,-1.02,,,,,,Normal,-0.88
WL.PWT.01,2026-10-10 18:15,-0.54,,,,,,Normal,-0.5
WL.PWT.02,2026-10-10 18:15,-0.1,,,,,,Normal,-0.06
WL.PWT.03,2026-10-10 18:15,0.12,0.13,,5.84,5.9,,Normal,0.18
WL.PWT.04,2026-10-10 18:15,0.46,0.5,,4.94,,,Alert,0.51
WL.PWT.06,2026-10-10 18:15,0.88,,,,,,Critical,0.92
WL.PWT.07,2026-10-10 18:15,0.87,,,,,,Critical,0.9
WL.RHN.01,2026-10-10 18:15,-0.98,-0.19,,0.0,,,Normal,-0.06
WL.RJK.01,2026-10-10 18:15,0.32,0.32,,7.5,,,Normal,0.33
WL.RKC.01,2026-10-10 18:15,-0.79,,,,,,Normal,-0.72
WL.RMT.01,2026-10-10 18:15,-1.15,0.92,,0.0,0.0,,Normal,-0.58
WL.RMT.02,2026-10-10 18:15,-0.17,,,,,,Normal,0.1
WL.RMT.03,2026-10-10 18:15,-2.0,,,,,,Normal,-2.0
WL.RSK.01,2026-10-10 18:15,0.36,,,,,,Normal,0.46
WL.SBR.01,2026-10-10 18:15,0.5,1.24,,0.0,,,Normal,0.59
WL.SBR.02,2026-10-10 18:15,0.46,,,,,,Normal,0.53
WL.SBT.01,2026-10-10 18:15,-0.64,0.16,,0.0,,,Normal,0.09
WL.SCO.01,2026-10-10 18:15,0.05,,,,,,Normal,0.25
WL.SKT.01,2026-10-10 18:15,-0.83,,,,,,Normal,-0.68
WL.SKT.02,2026-10-10 18:15,-0.89,,,,,,Normal,-0.72
WL.SMK.01,2026-10-10 18:15,-0.22,,,,,,Normal,-0.22
WL.SNC.01,2026-10-10 18:15,-0.23,1.03,,0.0,0.0,0.0,Alert,-0.14
WL.SNC.02,2026-10-10 18:15,0.2,,,,,,Normal,0.38
WL.SNC.03,2026-10-10 18:15,-0.02,,,,,,Normal,0.26
WL.SNO.01,2026-10-10 18:15,-1.26,,,,,,Normal,-1.03
WL.SOL.01,2026-10-10 18:15,-0.67,,,,,,Normal,-0.66
WL.SRE.01,2026-10-10 18:15,-0.33,2.0,,0.0,0.0,,Normal,0.18
WL.SRG.01,2026-10-10 18:15,-0.49,1.74,,0.0,0.0,0.0,Normal,-0.41
WL.SSB.03,2026-10-10 18:15,-0.5,,,,,,Normal,-0.38
WL.SSB.04,2026-10-10 18:15,-0.6,-0.63,,7.5,7.5,,Normal,-0.5
WL.SSB.06,2026-10-10 18:15,-0.44,,,,,,Normal,0.14
WL.SSB.07,2026-10-10 18:15,0.0,,,,,,Normal,0.1
WL.SSB.08,2026-10-10 18:15,0.29,,,,,,Normal,0.33
WL.SSB.09,2026-10-10 18:15,0.54,1.1,,0.0,,,Critical,0.57
WL.SSB.10,2026-10-10 18:15,0.8,1.03,,3.64,,,Critical,0.83
WL.SSB.11,2026-10-10 18:15,1.2,,,,,,Critical,1.22
WL.SSB.12,2026-10-10 18:15,1.21,1.5,,0.0,,,Critical,1.22
WL.SSG.01,2026-10-10 18:15,1.55,,,,,,Alert,1.57
WL.SSM.01,2026-10-10 18:15,1.3,-99,,0.0,,,Critical,1.32
WL.SSN.01,2026-10-10 18:15,-1.02,2.01,,7.0,0.0,0.0,Normal,-1.01
WL.SSN.04,2026-10-10 18:15,-1.17,,,,,,Normal,-1.13
WL.SSN.06,2026-10-10 18:15,-1.75,,,,,,Normal,-1.71
WL.SSN.07,2026-10-10 18:15,-1.0,,,,,,Normal,-0.94
WL.SSN.08,2026-10-10 18:15,-0.63,-0.62,,0.0,,,Normal,-0.59
WL.SSN.09,2026-10-10 18:15,-0.65,,,,,,Normal,-0.6
WL.SSN.10,2026-10-10 18:15,-0.62,,,,,,Normal,-0.58
WL.SST.01,2026-10-10 18:15,0.8,1.73,,0.32,,,Alert,0.83
WL.STN.02,2026-10-10 18:15,0.59,,,,,,Alert,0.62
WL.STN.03,2026-10-10 18:15,0.6,,,,,,Critical,0.64
WL.STR.01,2026-10-10 18:15,-0.86,0.22,1.98,0.0,0.0,0.0,Normal,-0.86
WL.SWU.01,2026-10-10 18:15,-1.0,,,,,,Normal,-1.0
WL.TCG.01,2026-10-10 18:15,-0.97,,,,,,Normal,-0.94
WL.TPK.03,2026-10-10 18:15,0.41,,,,,,Critical,0.45
WL.TSK.01,2026-10-10 18:15,-1.81,,,,,,Normal,-1.39
WL.TUT.02,2026-10-10 18:15,-1.15,,,,,,Normal,-0.2
WL.TWW.01,2026-10-10 18:15,0.54,1.16,,0.5,,,Normal,0.76
WL.TWW.02,2026-10-10 18:15,0.52,,,,,,Normal,0.69
WL.TWW.03,2026-10-10 18:15,0.53,,,,,,Normal,0.62
WL.TWW.04,2026-10-10 18:15,0.5,,,,,,Normal,0.58
WL.TWW.05,2026-10-10 18:15,0.36,,,,,,Normal,0.49
WL.VPD.01,2026-10-10 18:15,-1.04,,,,,,Normal,-0.94
WL.VPD.02,2026-10-10 18:15,-1.0,,,,,,Normal,-0.91
WL.VPD.03,2026-10-10 18:15,-1.3,,,,,,Normal,-1.27
WL.VPV.01,2026-10-10 18:15,-1.46,,,0.0,,,Normal,-1.39
WL.WHK.01,2026-10-10 18:15,0.95,,,,,,Alert,0.98
WL.WKT.01,2026-10-10 18:15,-0.07,,,,,,Normal,0.4
WL.WLS.01,2026-10-10 18:15,0.46,,,,,,Normal,0.57
WL.WSI.01,2026-10-10 18:15,-0.64,1.96,,0.0,0.0,0.0,Normal,-0.5
WL.WSV.01,2026-10-10 18:15,-0.09,,,,,,Normal,0.14
WL.WTK.01,2026-10-10 18:15,-1.07,,,,,,Normal,-0.46
WL.WTN.02,2026-10-10 18:15,-1.1,,,,,,Normal,-1.08
WL.YPE.01,2026-10-10 18:15,0.29,,,,,,Normal,0.41
WL.YPN.01,2026-10-10 18:15,-0.96,,,,,,Normal,-0.79
WL.YPN.02,2026-10-10 18:15,-1.74,,,,,,Normal,-0.84
WL.YSN.02,2026-10-10 18:15,-1.02,,,,,,Normal,-0.91
WL.LPI.02,2026-10-10 18:19,-0.12,,,,,,Normal,0.01
WL.LPT.01,2026-10-10 18:20,1.2,,,,,,out of order,1.21
WL.KPM.04,2026-10-10 18:25,0.3,,,,,,Normal,0.43
WL.KKD.04,2026-10-10 18:35,-0.6,,,,,,Normal,-0.58
WL.WSV.01,2026-10-10 18:40,-0.07,,,,,,out of order,0.14
WL.ANG.01,2026-10-10 19:10,0.88,,,,,,Normal,
WL.BBU.02,2026-10-10 19:10,0.42,,,,,,Normal,
WL.BCN.02,2026-10-10 19:10,0.38,,,,,,Normal,0.46
WL.BKH.01,2026-10-10 19:10,-0.02,,,,,,Normal,
WL.BMD.01,2026-10-10 19:10,0.38,,,,,,Normal,
WL.BNJ.05,2026-10-10 19:10,-2.14,,,,,,Normal,
WL.BSE.01,2026-10-10 19:10,-1.55,,,,,,Normal,
WL.BTL.02,2026-10-10 19:10,0.11,,,,,,Normal,
WL.CLH.01,2026-10-10 19:10,-0.39,,,,,,Normal,
WL.CYI.02,2026-10-10 19:10,-0.58,,,,,,Normal,-0.54
WL.K08.01,2026-10-10 19:10,1.55,,,,,,Alert,
WL.K10.01,2026-10-10 19:10,1.63,,,,,,Alert,
WL.K11.01,2026-10-10 19:10,1.57,,,,,,Alert,
WL.KBP.01,2026-10-10 19:10,-1.16,,,,,,Normal,
WL.KHW.01,2026-10-10 19:10,1.69,,,,,,Normal,
WL.KKO.02,2026-10-10 19:10,1.56,,,,,,Alert,
WL.KPM.07,2026-10-10 19:10,0.58,,,,,,Normal,
WL.LPS.01,2026-10-10 19:10,0.75,,,,,,Normal,
WL.LPT.05,2026-10-10 19:10,1.26,,,,,,Normal,
WL.MKT.02,2026-10-10 19:10,-1.25,,,,,,Normal,
WL.NK3.02,2026-10-10 19:10,-0.65,,,,,,Normal,
WL.POC.01,2026-10-10 19:10,1.46,,,,,,Normal,
WL.PSC.06,2026-10-10 19:10,-0.07,,,,,,Normal,
WL.PWT.02,2026-10-10 19:10,-0.1,,,,,,Normal,-0.06
WL.RKC.01,2026-10-10 19:10,-0.77,,,,,,Normal,-0.72
WL.RPS.01,2026-10-10 19:10,2.07,,,,,,Alert,
WL.SSB.13,2026-10-10 19:10,1.9,,,,,,Critical,
WL.SSG.02,2026-10-10 19:10,1.55,,,,,,Alert,
WL.SSN.01,2026-10-10 19:10,-1.02,2.01,,7.0,0.0,0.0,Normal,-1.01
WL.STN.01,2026-10-10 19:10,0.52,,,,,,Alert,0.55
WL.SWA.02,2026-10-10 19:10,1.4,,,,,,Normal,
WL.TWW.03,2026-10-10 19:10,0.55,,,,,,Normal,0.62
WL.AJP.01,2026-10-10 19:15,-1.13,,,,,,Normal,-0.5
WL.ANX.01,2026-10-10 19:15,0.01,,,,,,Normal,0.02
WL.BAM.01,2026-10-10 19:15,0.21,,,,,,Normal,0.26
WL.BBN.02,2026-10-10 19:15,0.19,,,,,,Normal,0.39
WL.BBN.03,2026-10-10 19:15,0.48,,,,,,Alert,0.56
WL.BBR.01,2026-10-10 19:15,0.08,,,,,,Normal,0.23
WL.BBR.02,2026-10-10 19:15,0.06,,,,,,Normal,0.2
WL.BBU.01,2026-10-10 19:15,0.36,,,,,,Normal,0.45
WL.BCN.01,2026-10-10 19:15,0.38,,,,,,Normal,0.46
WL.BCN.03,2026-10-10 19:15,0.42,,,,,,Normal,0.52
WL.BJK.01,2026-10-10 19:15,-1.45,1.59,,0.0,0.0,,Normal,-1.28
WL.BJK.02,2026-10-10 19:15,0.38,,,,,,Normal,0.49
WL.BJK.03,2026-10-10 19:15,0.34,,,,,,Normal,0.46
WL.BJK.04,2026-10-10 19:15,0.4,,,,,,Normal,0.52
WL.BKA.01,2026-10-10 19:15,-1.62,2.26,,1.73,1.74,0.0,Normal,-1.05
WL.BKA.02,2026-10-10 19:15,-0.89,,,,,,Normal,-0.77
WL.BKA.03,2026-10-10 19:15,-0.46,,,,,,Normal,-0.37
WL.BKA.04,2026-10-10 19:15,0.0,,,,,,Normal,0.1
WL.BKB.01,2026-10-10 19:15,-0.28,,,,,,Normal,-0.28
WL.BKG.01,2026-10-10 19:15,0.65,-2.0,,0.0,,,Critical,0.67
WL.BKK.01,2026-10-10 19:15,0.39,,,,,,Normal,
WL.BKT.01,2026-10-10 19:15,-0.77,,,,,,Normal,-0.77
WL.BKY.01,2026-10-10 19:15,0.24,2.01,,8.24,0.0,0.0,Normal,0.41
WL.BKY.02,2026-10-10 19:15,0.34,,,,,,Normal,0.44
WL.BLP.02,2026-10-10 19:15,-0.65,,,,,,Normal,-0.57
WL.BLY.01,2026-10-10 19:15,-0.5,,,,,,Normal,-0.49
WL.BLY.02,2026-10-10 19:15,-0.58,,,,,,Normal,-0.57
WL.BMA.02,2026-10-10 19:15,-0.08,,,,,,Normal,0.58
WL.BMK.01,2026-10-10 19:15,-1.63,,,,,,Normal,-1.0
WL.BNA.01,2026-10-10 19:15,-1.27,1.51,,0.0,0.0,,Normal,-1.27
WL.BNA.03,2026-10-10 19:15,-0.69,,,,,,Normal,-0.65
WL.BNA.04,2026-10-10 19:15,-0.6,,,,,,Normal,-0.55
WL.BNJ.04,2026-10-10 19:15,-1.25,,,,,,Normal,-0.88
WL.BNS.01,2026-10-10 19:15,0.32,,,,,,Normal,0.4
WL.BOA.01,2026-10-10 19:15,-1.3,1.66,,0.0,0.0,,Normal,-1.17
WL.BOA.02,2026-10-10 19:15,-1.37,,,,,,Normal,-1.14
WL.BOA.03,2026-10-10 19:15,-1.3,,,,,,Normal,-1.17
WL.BON.01,2026-10-10 19:15,-1.34,,,,,,Normal,-1.2
WL.BPA.01,2026-10-10 19:15,-0.64,,,,,,Normal,-0.61
WL.BPK.01,2026-10-10 19:15,0.01,,,,,,Normal,0.22
WL.BPM.01,2026-10-10 19:15,0.27,,,,,,Normal,0.32
WL.BPM.02,2026-10-10 19:15,0.34,,,,,,Normal,0.41
WL.BPM.03,2026-10-10 19:15,0.47,,,,,,Normal,0.56
WL.BPM.04,2026-10-10 19:15,0.4,,,,,,Normal,0.47
WL.BPN.02,2026-10-10 19:15,0.22,,,,,,Normal,0.41
WL.BPU.01,2026-10-10 19:15,0.83,,,,,,Normal,1.61
WL.BSK.01,2026-10-10 19:15,-0.23,1.85,,0.0,0.0,,Normal,0.47
WL.BSU.01,2026-10-10 19:15,-0.89,2.25,,0.0,0.0,0.0,Normal,-0.71
WL.BSU.02,2026-10-10 19:15,-0.82,,,,,,Normal,-0.68
WL.BSU.03,2026-10-10 19:15,-1.32,,,,,,Normal,-1.16
WL.BSU.04,2026-10-10 19:15,-1.12,,,,,,Normal,-1.09
WL.BSU.05,2026-10-10 19:15,-1.25,,,,,,Normal,-1.01
WL.BSU.06,2026-10-10 19:15,-0.97,,,,,,Normal,-0.75
WL.BSU.07,2026-10-10 19:15,-0.61,,,,,,Normal,-0.47
WL.BTL.01,2026-10-10 19:15,-0.63,,,,,,Normal,-0.62
WL.BTY.01,2026-10-10 19:15,0.22,,,,,,Normal,0.32
WL.BWK.01,2026-10-10 19:15,0.28,,,,,,Normal,0.4
WL.BWK.02,2026-10-10 19:15,0.49,,,,,,Normal,0.58
WL.BWK.03,2026-10-10 19:15,0.49,,,,,,Normal,0.55
WL.BYI.01,2026-10-10 19:15,1.0,,,,,,Critical,1.0
WL.BYK.02,2026-10-10 19:15,0.31,,,,,,Normal,0.31
WL.CKS.01,2026-10-10 19:15,-1.46,,,0.0,0.0,,Normal,-1.23
WL.CKS.02,2026-10-10 19:15,-1.12,,,,,,Normal,-0.93
WL.CKS.03,2026-10-10 19:15,-1.24,,,,,,Normal,-1.04
WL.CNS.01,2026-10-10 19:15,-1.9,1.67,,0.0,0.0,,Normal,-0.97
WL.CPA.01,2026-10-10 19:15,0.28,2.0,,0.0,3.52,,Normal,0.33
WL.CPA.02,2026-10-10 19:15,0.26,,,,,,Normal,0.39
WL.CYI.01,2026-10-10 19:15,-0.6,,,,,,Normal,-0.56
WL.CYI.03,2026-10-10 19:15,-0.51,,,,,,Normal,-0.48
WL.DKN.01,2026-10-10 19:15,0.17,1.84,,0.0,6.11,0.0,Normal,0.34
WL.FTM.01,2026-10-10 19:15,-1.05,,,,,,Normal,-1.04
WL.HKG.01,2026-10-10 19:15,-0.77,,,,,,Normal,-0.71
WL.HKG.02,2026-10-10 19:15,-0.71,,,,,,Normal,-0.66
WL.HMK.01,2026-10-10 19:15,-0.19,,,,,,Alert,-0.15
WL.HMK.02,2026-10-10 19:15,-0.41,,,,,,Normal,-0.33
WL.HMK.03,2026-10-10 19:15,-0.16,,,,,,Normal,-0.11
WL.JRN.01,2026-10-10 19:15,0.3,1.78,,0.0,,,Normal,0.32
WL.KBU.01,2026-10-10 19:15,0.24,1.84,,0.0,,,Alert,0.48
WL.KBU.02,2026-10-10 19:15,0.33,,,,,,Normal,0.45
WL.KCD.01,2026-10-10 19:15,-1.08,,,,,,Normal,-1.0
WL.KDN.01,2026-10-10 19:15,-0.57,1.7,,0.0,,,Normal,-0.55
WL.KJA.01,2026-10-10 19:15,-0.77,,,,,,Normal,-0.72
WL.KJA.02,2026-10-10 19:15,-0.54,,,,,,Normal,-0.25
WL.KJG.01,2026-10-10 19:15,-0.71,,,,,,Normal,-0.36
WL.KJK.01,2026-10-10 19:15,-1.33,1.62,,0.0,0.0,,Normal,-1.11
WL.KJK.02,2026-10-10 19:15,-1.28,,,,,,Normal,-1.06
WL.KJN.02,2026-10-10 19:15,-0.17,,,,,,Normal,-0.07
WL.KJT.01,2026-10-10 19:15,-1.08,,,,,,Normal,-1.07
WL.KJU.01,2026-10-10 19:15,-0.72,,,,,,Normal,-0.39
WL.KKD.01,2026-10-10 19:15,-0.52,,,,,,Normal,-0.5
WL.KKD.02,2026-10-10 19:15,-0.63,,,,,,Normal,-0.62
WL.KKO.01,2026-10-10 19:15,1.6,,,,,,Alert,1.63
WL.KKS.01,2026-10-10 19:15,-0.65,2.09,,0.0,0.0,,Normal,-0.57
WL.KKS.02,2026-10-10 19:15,-0.63,,,,,,Normal,-0.54
WL.KKS.03,2026-10-10 19:15,-0.73,,,,,,Normal,-0.66
WL.KKS.04,2026-10-10 19:15,-0.7,1.5,,0.0,,,Normal,-0.63
WL.KKY.01,2026-10-10 19:15,0.43,,,,,,Normal,0.58
WL.KKY.02,2026-10-10 19:15,0.46,,,,,,Normal,0.56
WL.KLA.01,2026-10-10 19:15,-0.4,,,,,,Normal,-0.29
WL.KLD.02,2026-10-10 19:15,-0.37,,,,,,Normal,-0.1
WL.KLT.01,2026-10-10 19:15,-0.67,,,,,,Normal,-0.62
WL.KMN.01,2026-10-10 19:15,0.23,2.02,,0.11,5.97,0.0,Normal,0.4
WL.KNB.02,2026-10-10 19:15,-0.48,,,,,,Normal,-0.41
WL.KPG.01,2026-10-10 19:15,-1.06,,,,,,Normal,-1.03
WL.KPM.01,2026-10-10 19:15,-0.37,,,,,,Normal,-0.32
WL.KPM.03,2026-10-10 19:15,-0.19,,,,,,Normal,-0.11
WL.KPM.05,2026-10-10 19:15,0.38,,,,,,Normal,0.51
WL.KPM.06,2026-10-10 19:15,0.39,,,,,,Normal,0.54
WL.KPM.08,2026-10-10 19:15,0.35,,,,,,Normal,0.46
WL.KSG.01,2026-10-10 19:15,0.66,,,,,,Normal,0.7
WL.KSI.01,2026-10-10 19:15,0.74,,,,,,Normal,0.78
WL.KSI.02,2026-10-10 19:15,0.76,,,,,,Critical,0.8
WL.KSK.01,2026-10-10 19:15,-0.66,,,,,,Normal,-0.64
WL.KSM.01,2026-10-10 19:15,0.75,,,,,,Critical,0.8
WL.KSM.02,2026-10-10 19:15,0.69,,,,,,Critical,0.74
WL.KSO.01,2026-10-10 19:15,0.56,,,,,,Normal,0.62
WL.KSO.02,2026-10-10 19:15,0.57,,,,,,Normal,0.64
WL.KTY.01,2026-10-10 19:15,-2.11,1.62,,0.0,,,Normal,-1.44
WL.LBK.02,2026-10-10 19:15,0.5,,,,,,Critical,0.53
WL.LBK.03,2026-10-10 19:15,0.39,,,,,,Alert,0.43
WL.LCL.01,2026-10-10 19:15,0.6,,,,,,Normal,0.64
WL.LKB.01,2026-10-10 19:15,0.62,,,,,,Critical,0.67
WL.LOA.01,2026-10-10 19:15,0.64,,,,,,Normal,0.78
WL.LOA.02,2026-10-10 19:15,0.68,,,,,,Normal,0.71
WL.LPC.01,2026-10-10 19:15,1.08,,,,,,Critical,1.1
WL.LPG.02,2026-10-10 19:15,0.97,1.75,,0.0,,,Critical,0.99
WL.LPG.03,2026-10-10 19:15,0.91,,,,,,Critical,0.94
WL.LPN.01,2026-10-10 19:15,-0.97,1.04,,0.0,,,Alert,-0.59
WL.LPP.01,2026-10-10 19:15,-1.62,,,,,,Normal,-1.35
WL.LPP.02,2026-10-10 19:15,-0.8,,,,,,Normal,
WL.LPT.03,2026-10-10 19:15,0.84,,,,,,Critical,0.87
WL.LPW.01,2026-10-10 19:15,-0.36,-0.39,,0.0,,,Normal,-0.25
WL.LPW.03,2026-10-10 19:15,0.11,,,,,,Normal,0.23
WL.LPW.04,2026-10-10 19:15,-0.53,,,,,,Normal,-0.49
WL.LPW.05,2026-10-10 19:15,-0.6,,,,,,Normal,-0.56
WL.LSG.01,2026-10-10 19:15,-1.23,,,,,,Normal,-1.19
WL.LSM.01,2026-10-10 19:15,-0.67,,,,,,Normal,-0.64
WL.LYW.02,2026-10-10 19:15,-1.46,,,,,,Normal,-1.44
WL.MCM.01,2026-10-10 19:15,0.15,,,,,,Normal,0.44
WL.MFS.01,2026-10-10 19:15,-0.69,,,,,,Normal,-0.68
WL.MKT.01,2026-10-10 19:15,-0.39,,,,,,Normal,-0.31
WL.MSW.01,2026-10-10 19:15,1.96,,,,,,Alert,1.96
WL.MSW.02,2026-10-10 19:15,1.22,,,,,,Normal,1.25
WL.MSW.03,2026-10-10 19:15,1.87,,,,,,Alert,1.87
WL.MSW.04,2026-10-10 19:15,1.06,,,,,,Normal,
WL.MTG.01,2026-10-10 19:15,-0.63,,,,,,Normal,-0.63
WL.NBN.01,2026-10-10 19:15,-4.27,-1.58,,0.0,,,Normal,-3.94
WL.NCH.02,2026-10-10 19:15,-0.98,,,,,,Normal,-0.33
WL.NK1.01,2026-10-10 19:15,0.06,,,,,,Normal,0.06
WL.NK3.01,2026-10-10 19:15,-0.44,,,,,,Normal,-0.12
WL.NKW.02,2026-10-10 19:15,-0.52,,,,,,Normal,-0.23
WL.NSG.01,2026-10-10 19:15,-2.0,,,,,,Normal,-2.0
WL.OAG.01,2026-10-10 19:15,-0.69,,,,,,Normal,-0.61
WL.ORC.01,2026-10-10 19:15,-1.34,-0.6,,0.0,,,Normal,-1.34
WL.PKG.01,2026-10-10 19:15,2.0,,,,,,Normal,2.13
WL.PKN.01,2026-10-10 19:15,-0.68,1.71,,0.0,0.0,0.0,Normal,-0.62
WL.PLK.01,2026-10-10 19:15,1.12,,,,,,Normal,1.48
WL.PLP.01,2026-10-10 19:15,-0.51,,,,,,Normal,-0.35
WL.PNM.01,2026-10-10 19:15,0.23,,,,,,Alert,0.3
WL.PSC.01,2026-10-10 19:15,0.27,0.3,,0.0,0.0,0.0,Normal,0.41
WL.PSC.02,2026-10-10 19:15,0.25,,,,,,Normal,0.38
WL.PSC.03,2026-10-10 19:15,0.27,,,,,,Normal,0.38
WL.PSC.05,2026-10-10 19:15,0.3,,,,,,Normal,0.47
WL.PSI.01,2026-10-10 19:15,-1.7,,,,,,Normal,-1.16
WL.PSR.01,2026-10-10 19:15,1.04,1.77,,0.2,,,Alert,1.09
WL.PSR.02,2026-10-10 19:15,1.07,,,,,,Alert,1.13
WL.PSR.03,2026-10-10 19:15,1.05,,,,,,Alert,1.1
WL.PSR.04,2026-10-10 19:15,0.72,,,,,,Normal,0.75
WL.PSR.05,2026-10-10 19:15,0.75,,,,,,Alert,0.78
WL.PST.01,2026-10-10 19:15,-1.03,,,,,,Normal,-0.88
WL.PWT.01,2026-10-10 19:15,-0.51,,,,,,Normal,-0.5
WL.PWT.03,2026-10-10 19:15,0.13,0.13,,5.84,5.9,,Normal,0.18
WL.PWT.04,2026-10-10 19:15,0.45,0.5,,4.94,,,Alert,0.51
WL.PWT.06,2026-10-10 19:15,0.88,,,,,,Critical,0.92
WL.PWT.07,2026-10-10 19:15,0.87,,,,,,Critical,0.9
WL.PYW.01,2026-10-10 19:15,-1.19,,,,,,Normal,-0.54
WL.RHN.01,2026-10-10 19:15,-1.2,-0.25,,0.0,,,Normal,-0.06
WL.RJK.01,2026-10-10 19:15,0.33,0.33,,7.5,,,Normal,0.33
WL.RMN.01,2026-10-10 19:15,0.52,,,,,,Normal,
WL.RMT.01,2026-10-10 19:15,-1.22,0.97,,0.0,0.0,,Normal,-0.58
WL.RMT.02,2026-10-10 19:15,-0.17,,,,,,Normal,0.1
WL.RMT.03,2026-10-10 19:15,-2.0,,,,,,Normal,-2.0
WL.RSK.01,2026-10-10 19:15,0.35,,,,,,Normal,0.46
WL.SBR.01,2026-10-10 19:15,0.51,1.22,,0.0,,,Normal,0.59
WL.SBR.02,2026-10-10 19:15,0.45,,,,,,Normal,0.53
WL.SBT.01,2026-10-10 19:15,-0.56,0.09,,0.0,,,Normal,0.09
WL.SCO.01,2026-10-10 19:15,0.08,,,,,,Normal,0.25
WL.SDN.01,2026-10-10 19:15,0.23,,,,,,Normal,0.23
WL.SKT.01,2026-10-10 19:15,-0.82,,,,,,Normal,-0.68
WL.SKT.02,2026-10-10 19:15,-0.92,,,,,,Normal,-0.72
WL.SMK.01,2026-10-10 19:15,-0.22,,,,,,Normal,-0.22
WL.SNC.01,2026-10-10 19:15,-0.2,1.07,,0.0,0.0,0.0,Alert,-0.14
WL.SNC.02,2026-10-10 19:15,0.21,,,,,,Normal,0.38
WL.SNC.03,2026-10-10 19:15,0.0,,,,,,Normal,0.26
WL.SNO.01,2026-10-10 19:15,-1.21,,,,,,Normal,-1.03
WL.SOL.01,2026-10-10 19:15,-0.67,,,,,,Normal,-0.66
WL.SRE.01,2026-10-10 19:15,-0.27,1.9,,0.0,0.0,,Normal,0.18
WL.SRG.01,2026-10-10 19:15,-0.58,1.62,,0.0,0.0,0.0,Normal,-0.41
WL.SSB.01,2026-10-10 19:15,-0.68,,,,,,Normal,-0.58
WL.SSB.03,2026-10-10 19:15,-0.43,,,,,,Normal,-0.38
WL.SSB.04,2026-10-10 19:15,-0.6,-0.61,,7.5,7.5,,Normal,-0.5
WL.SSB.06,2026-10-10 19:15,-0.43,,,,,,Normal,0.14
WL.SSB.07,2026-10-10 19:15,-0.03,,,,,,Normal,0.1
WL.SSB.08,2026-10-10 19:15,0.29,,,,,,Normal,0.33
WL.SSB.09,2026-10-10 19:15,0.54,1.1,,0.0,,,Critical,0.57
WL.SSB.10,2026-10-10 19:15,0.8,1.03,,3.64,,,Critical,0.83
WL.SSB.11,2026-10-10 19:15,1.2,,,,,,Critical,1.22
WL.SSB.12,2026-10-10 19:15,1.21,1.5,,0.0,,,Critical,1.22
WL.SSG.01,2026-10-10 19:15,1.55,,,,,,Alert,1.57
WL.SSM.01,2026-10-10 19:15,1.3,-99,,0.0,,,Critical,1.32
WL.SSM.02,2026-10-10 19:15,1.56,,,,,,Normal,
WL.SSN.02,2026-10-10 19:15,-1.11,,,,,,Normal,-1.03
WL.SSN.04,2026-10-10 19:15,-1.16,,,,,,Normal,-1.13
WL.SSN.06,2026-10-10 19:15,-1.73,,,,,,Normal,-1.71
WL.SSN.07,2026-10-10 19:15,-0.99,,,,,,Normal,-0.94
WL.SSN.08,2026-10-10 19:15,-0.62,-0.61,,0.0,,,Normal,-0.59
WL.SSN.09,2026-10-10 19:15,-0.64,,,,,,Normal,-0.6
WL.SSN.10,2026-10-10 19:15,-0.62,,,,,,Normal,-0.58
WL.SST.01,2026-10-10 19:15,0.79,1.73,,0.32,,,Alert,0.83
WL.STN.02,2026-10-10 19:15,0.59,,,,,,Alert,0.62
WL.STN.03,2026-10-10 19:15,0.6,,,,,,Critical,0.64
WL.STR.01,2026-10-10 19:15,-0.87,0.23,1.86,0.0,0.0,0.0,Normal,-0.86
WL.SWU.01,2026-10-10 19:15,-1.14,,,,,,Normal,-0.97
WL.TCG.01,2026-10-10 19:15,-0.97,,,,,,Normal,-0.94
WL.TPK.03,2026-10-10 19:15,0.41,,,,,,Critical,0.45
WL.TSK.01,2026-10-10 19:15,-1.8,,,,,,Normal,-1.39
WL.TTN.01,2026-10-10 19:15,-0.88,,,,,,Normal,-0.82
WL.TUT.02,2026-10-10 19:15,-1.1,,,,,,Normal,-0.2
WL.TWW.01,2026-10-10 19:15,0.56,1.15,,0.5,,,Normal,0.76
WL.TWW.02,2026-10-10 19:15,0.53,,,,,,Normal,0.69
WL.TWW.04,2026-10-10 19:15,0.51,,,,,,Normal,0.58
WL.TWW.05,2026-10-10 19:15,0.35,,,,,,Normal,0.49
WL.VPD.01,2026-10-10 19:15,-1.03,,,,,,Normal,-0.94
WL.VPD.02,2026-10-10 19:15,-0.99,,,,,,Normal,-0.91
WL.VPD.03,2026-10-10 19:15,-1.3,,,,,,Normal,-1.27
WL.VPV.01,2026-10-10 19:15,-2.96,,,0.0,,,Normal,-1.39
WL.WHK.01,2026-10-10 19:15,0.99,,,,,,Alert,0.99
WL.WKT.01,2026-10-10 19:15,0.09,,,,,,Normal,0.4
WL.WLS.01,2026-10-10 19:15,0.46,,,,,,Normal,0.57
WL.WSI.01,2026-10-10 19:15,-0.76,1.79,,0.0,0.0,0.0,Normal,-0.5
WL.WTK.01,2026-10-10 19:15,-1.06,,,,,,Normal,-0.46
WL.WTN.02,2026-10-10 19:15,-1.14,,,,,,Normal,-1.08
WL.YPE.01,2026-10-10 19:15,0.28,,,,,,Normal,0.41
WL.YPN.01,2026-10-10 19:15,-0.9,,,,,,Normal,-0.79
WL.YPN.02,2026-10-10 19:15,-0.95,,,,,,Normal,-0.84
WL.YSN.02,2026-10-10 19:15,-1.02,,,,,,Normal,-0.91
WL.LPI.02,2026-10-10 19:18,-0.14,,,,,,Normal,0.01
WL.KPM.04,2026-10-10 19:25,0.32,,,,,,Normal,0.43
WL.KKD.04,2026-10-10 19:35,-0.6,,,,,,Normal,-0.58
WL.ANG.01,2026-10-10 20:10,0.88,,,,,,Normal,
WL.BBU.02,2026-10-10 20:10,0.41,,,,,,Normal,
WL.BKH.01,2026-10-10 20:10,-0.01,,,,,,Normal,
WL.BKK.01,2026-10-10 20:10,0.39,,,,,,Normal,
WL.BMD.01,2026-10-10 20:10,0.39,,,,,,Normal,
WL.BNJ.05,2026-10-10 20:10,-2.13,,,,,,Normal,
WL.BSE.01,2026-10-10 20:10,-1.54,,,,,,Normal,
WL.BTL.02,2026-10-10 20:10,0.1,,,,,,Normal,
WL.CLH.01,2026-10-10 20:10,-0.39,,,,,,Normal,
WL.CYI.02,2026-10-10 20:10,-0.59,,,,,,Normal,-0.54
WL.K08.01,2026-10-10 20:10,1.54,,,,,,Alert,
WL.K10.01,2026-10-10 20:10,1.63,,,,,,Alert,
WL.K11.01,2026-10-10 20:10,1.57,,,,,,Alert,
WL.KBP.01,2026-10-10 20:10,-1.1,,,,,,Normal,
WL.KHW.01,2026-10-10 20:10,1.69,,,,,,Normal,
WL.KKO.02,2026-10-10 20:10,1.55,,,,,,Alert,
WL.KPM.07,2026-10-10 20:10,0.55,,,,,,Normal,
WL.LPC.01,2026-10-10 20:10,1.08,,,,,,Critical,1.1
WL.LPS.01,2026-10-10 20:10,0.75,,,,,,Normal,
WL.LPT.05,2026-10-10 20:10,1.66,,,,,,Normal,
WL.MKT.02,2026-10-10 20:10,-1.24,,,,,,Normal,
WL.NK3.02,2026-10-10 20:10,-0.68,,,,,,Normal,
WL.POC.01,2026-10-10 20:10,1.46,,,,,,Normal,
WL.PSC.06,2026-10-10 20:10,0.05,,,,,,Normal,
WL.RMN.01,2026-10-10 20:10,0.52,,,,,,Normal,
WL.RPS.01,2026-10-10 20:10,2.05,,,,,,Alert,
WL.SDN.01,2026-10-10 20:10,0.23,,,,,,Normal,0.23
WL.SSB.13,2026-10-10 20:10,1.9,,,,,,Critical,
WL.SSG.02,2026-10-10 20:10,1.55,,,,,,Alert,
WL.SSM.02,2026-10-10 20:10,1.56,,,,,,Normal,
WL.STN.01,2026-10-10 20:10,0.52,,,,,,Alert,0.55
WL.SWA.02,2026-10-10 20:10,1.4,,,,,,Normal,
WL.TWW.03,2026-10-10 20:10,0.55,,,,,,Normal,0.62
WL.AJP.01,2026-10-10 20:15,-0.6,,,,,,Normal,-0.5
WL.ANX.01,2026-10-10 20:15,0.0,,,,,,Normal,0.02
WL.BAM.01,2026-10-10 20:15,0.14,,,,,,Normal,0.26
WL.BBN.02,2026-10-10 20:15,0.17,,,,,,Normal,0.39
WL.BBN.03,2026-10-10 20:15,0.4,,,,,,Alert,0.56
WL.BBR.01,2026-10-10 20:15,0.11,,,,,,Normal,0.23
WL.BBR.02,2026-10-10 20:15,0.07,,,,,,Normal,0.2
WL.BBU.01,2026-10-10 20:15,0.34,,,,,,Normal,0.45
WL.BCN.01,2026-10-10 20:15,0.37,,,,,,Normal,0.46
WL.BCN.02,2026-10-10 20:15,0.37,,,,,,Normal,0.46
WL.BCN.03,2026-10-10 20:15,0.42,,,,,,Normal,0.52
WL.BJK.01,2026-10-10 20:15,-1.37,1.22,,0.0,0.0,,Normal,-1.28
WL.BJK.02,2026-10-10 20:15,0.37,,,,,,Normal,0.49
WL.BJK.03,2026-10-10 20:15,0.34,,,,,,Normal,0.46
WL.BJK.04,2026-10-10 20:15,0.39,,,,,,Normal,0.52
WL.BKA.01,2026-10-10 20:15,-1.57,2.16,,1.73,1.75,0.0,Normal,-1.05
WL.BKA.02,2026-10-10 20:15,-0.89,,,,,,Normal,-0.77
WL.BKA.03,2026-10-10 20:15,-0.46,,,,,,Normal,-0.37
WL.BKA.04,2026-10-10 20:15,0.0,,,,,,Normal,0.1
WL.BKB.01,2026-10-10 20:15,-0.28,,,,,,Normal,-0.28
WL.BKG.01,2026-10-10 20:15,0.64,-2.0,,0.0,,,Critical,0.67
WL.BKT.01,2026-10-10 20:15,-0.77,,,,,,Normal,-0.77
WL.BKY.01,2026-10-10 20:15,0.23,1.82,,0.0,5.7,0.0,Normal,0.41
WL.BKY.02,2026-10-10 20:15,0.33,,,,,,Normal,0.44
WL.BLP.02,2026-10-10 20:15,-0.65,,,,,,Normal,-0.57
WL.BLY.01,2026-10-10 20:15,-0.5,,,,,,Normal,-0.49
WL.BLY.02,2026-10-10 20:15,-0.58,,,,,,Normal,-0.57
WL.BMA.02,2026-10-10 20:15,-0.09,,,,,,Normal,0.58
WL.BMK.01,2026-10-10 20:15,-1.63,,,,,,Normal,-1.0
WL.BNA.01,2026-10-10 20:15,-1.28,1.13,,0.0,0.0,,Normal,-1.27
WL.BNA.03,2026-10-10 20:15,-0.69,,,,,,Normal,-0.65
WL.BNA.04,2026-10-10 20:15,-0.6,,,,,,Normal,-0.55
WL.BNJ.04,2026-10-10 20:15,-1.25,,,,,,Normal,-0.88
WL.BNS.01,2026-10-10 20:15,0.31,,,,,,Normal,0.4
WL.BOA.01,2026-10-10 20:15,-1.23,1.28,,0.0,0.0,,Normal,-1.17
WL.BOA.02,2026-10-10 20:15,-1.28,,,,,,Normal,-1.14
WL.BOA.03,2026-10-10 20:15,-1.24,,,,,,Normal,-1.17
WL.BON.01,2026-10-10 20:15,-1.26,,,,,,Normal,-1.2
WL.BPA.01,2026-10-10 20:15,-0.66,,,,,,Normal,-0.61
WL.BPK.01,2026-10-10 20:15,0.0,,,,,,Normal,0.22
WL.BPM.01,2026-10-10 20:15,0.25,,,,,,Normal,0.32
WL.BPM.02,2026-10-10 20:15,0.33,,,,,,Normal,0.41
WL.BPM.03,2026-10-10 20:15,0.47,,,,,,Normal,0.56
WL.BPM.04,2026-10-10 20:15,0.41,,,,,,Normal,0.47
WL.BPN.02,2026-10-10 20:15,0.2,,,,,,Normal,0.41
WL.BPU.01,2026-10-10 20:15,0.29,,,,,,Normal,1.61
WL.BSK.01,2026-10-10 20:15,-0.27,1.53,,0.0,0.0,,Normal,0.47
WL.BSU.01,2026-10-10 20:15,-0.88,2.12,,0.0,0.0,0.0,Normal,-0.71
WL.BSU.02,2026-10-10 20:15,-0.82,,,,,,Normal,-0.68
WL.BSU.03,2026-10-10 20:15,-1.34,,,,,,Normal,-1.16
WL.BSU.04,2026-10-10 20:15,-1.12,,,,,,Normal,-1.09
WL.BSU.05,2026-10-10 20:15,-1.27,,,,,,Normal,-1.01
WL.BSU.06,2026-10-10 20:15,-0.97,,,,,,Normal,-0.75
WL.BSU.07,2026-10-10 20:15,-0.62,,,,,,Normal,-0.47
WL.BTL.01,2026-10-10 20:15,-0.63,,,,,,Normal,-0.62
WL.BTY.01,2026-10-10 20:15,0.28,,,,,,Normal,0.32
WL.BWK.01,2026-10-10 20:15,0.27,,,,,,Normal,0.4
WL.BWK.02,2026-10-10 20:15,0.48,,,,,,Normal,0.58
WL.BWK.03,2026-10-10 20:15,0.48,,,,,,Normal,0.55
WL.BYI.01,2026-10-10 20:15,1.0,,,,,,Critical,1.0
WL.BYK.02,2026-10-10 20:15,0.1,,,,,,Normal,0.35
WL.CKS.01,2026-10-10 20:15,-1.46,,,0.0,0.0,,Normal,-1.23
WL.CKS.02,2026-10-10 20:15,-1.11,,,,,,Normal,-0.93
WL.CKS.03,2026-10-10 20:15,-1.25,,,,,,Normal,-1.04
WL.CNS.01,2026-10-10 20:15,-1.76,1.29,,0.0,0.0,,Normal,-0.97
WL.CPA.01,2026-10-10 20:15,0.26,1.92,,0.0,4.57,,Normal,0.33
WL.CPA.02,2026-10-10 20:15,0.25,,,,,,Normal,0.39
WL.CYI.01,2026-10-10 20:15,-0.61,,,,,,Normal,-0.56
WL.CYI.03,2026-10-10 20:15,-0.53,,,,,,Normal,-0.48
WL.DKN.01,2026-10-10 20:15,0.16,1.5,,4.88,0.0,2.99,Normal,0.34
WL.FTM.01,2026-10-10 20:15,-1.05,,,,,,Normal,-1.03
WL.HKG.01,2026-10-10 20:15,-0.77,,,,,,Normal,-0.71
WL.HKG.02,2026-10-10 20:15,-0.71,,,,,,Normal,-0.66
WL.HMK.01,2026-10-10 20:15,-0.19,,,,,,Alert,-0.15
WL.HMK.02,2026-10-10 20:15,-0.42,,,,,,Normal,-0.33
WL.HMK.03,2026-10-10 20:15,-0.16,,,,,,Normal,-0.11
WL.JRN.01,2026-10-10 20:15,0.29,1.41,,0.0,,,Normal,0.32
WL.KBU.01,2026-10-10 20:15,0.22,1.87,,0.0,,,Alert,0.48
WL.KBU.02,2026-10-10 20:15,0.32,,,,,,Normal,0.45
WL.KCD.01,2026-10-10 20:15,-1.08,,,,,,Normal,-1.0
WL.KDN.01,2026-10-10 20:15,-0.59,1.33,,0.0,,,Normal,-0.55
WL.KJA.01,2026-10-10 20:15,-0.78,,,,,,Normal,-0.72
WL.KJA.02,2026-10-10 20:15,-0.49,,,,,,Normal,-0.25
WL.KJG.01,2026-10-10 20:15,-0.62,,,,,,Normal,-0.36
WL.KJK.01,2026-10-10 20:15,-1.29,1.25,,0.0,0.0,,Normal,-1.11
WL.KJK.02,2026-10-10 20:15,-1.25,,,,,,Normal,-1.06
WL.KJN.02,2026-10-10 20:15,-0.21,,,,,,Normal,-0.07
WL.KJT.01,2026-10-10 20:15,-1.12,,,,,,Normal,-1.06
WL.KJU.01,2026-10-10 20:15,-0.57,,,,,,Normal,-0.39
WL.KKD.01,2026-10-10 20:15,-0.52,,,,,,Normal,-0.5
WL.KKD.02,2026-10-10 20:15,-0.63,,,,,,Normal,-0.62
WL.KKO.01,2026-10-10 20:15,1.6,,,,,,Alert,1.63
WL.KKS.01,2026-10-10 20:15,-0.64,1.92,,0.0,0.0,,Normal,-0.57
WL.KKS.02,2026-10-10 20:15,-0.61,,,,,,Normal,-0.54
WL.KKS.03,2026-10-10 20:15,-0.72,,,,,,Normal,-0.66
WL.KKS.04,2026-10-10 20:15,-0.71,1.5,,0.0,,,Normal,-0.63
WL.KKY.01,2026-10-10 20:15,0.42,,,,,,Normal,0.58
WL.KKY.02,2026-10-10 20:15,0.45,,,,,,Normal,0.56
WL.KLA.01,2026-10-10 20:15,-0.4,,,,,,Normal,-0.29
WL.KLD.02,2026-10-10 20:15,-0.33,,,,,,Normal,-0.1
WL.KLT.01,2026-10-10 20:15,-0.72,,,,,,Normal,-0.62
WL.KMN.01,2026-10-10 20:15,0.21,1.82,,0.11,5.97,0.0,Normal,0.4
WL.KNB.02,2026-10-10 20:15,-0.48,,,,,,Normal,-0.41
WL.KPG.01,2026-10-10 20:15,-1.09,,,,,,Normal,-1.03
WL.KPM.01,2026-10-10 20:15,-0.38,,,,,,Normal,-0.32
WL.KPM.03,2026-10-10 20:15,-0.19,,,,,,Normal,-0.11
WL.KPM.05,2026-10-10 20:15,0.39,,,,,,Normal,0.51
WL.KPM.06,2026-10-10 20:15,0.37,,,,,,Normal,0.54
WL.KPM.08,2026-10-10 20:15,0.35,,,,,,Normal,0.46
WL.KSG.01,2026-10-10 20:15,0.66,,,,,,Normal,0.7
WL.KSI.01,2026-10-10 20:15,0.74,,,,,,Normal,0.78
WL.KSI.02,2026-10-10 20:15,0.76,,,,,,Critical,0.8
WL.KSK.01,2026-10-10 20:15,-0.66,,,,,,Normal,-0.64
WL.KSM.01,2026-10-10 20:15,0.75,,,,,,Critical,0.8
WL.KSM.02,2026-10-10 20:15,0.69,,,,,,Critical,0.74
WL.KSO.01,2026-10-10 20:15,0.56,,,,,,Normal,0.62
WL.KSO.02,2026-10-10 20:15,0.57,,,,,,Normal,0.64
WL.KTY.01,2026-10-10 20:15,-2.12,1.22,,0.0,,,Normal,-1.44
WL.LBK.02,2026-10-10 20:15,0.5,,,,,,Critical,0.53
WL.LBK.03,2026-10-10 20:15,0.39,,,,,,Alert,0.43
WL.LCL.01,2026-10-10 20:15,0.6,,,,,,Normal,0.64
WL.LKB.01,2026-10-10 20:15,0.62,,,,,,Critical,0.67
WL.LOA.01,2026-10-10 20:15,0.62,,,,,,Normal,0.78
WL.LOA.02,2026-10-10 20:15,0.68,,,,,,Normal,0.71
WL.LPG.02,2026-10-10 20:15,0.97,1.75,,0.0,,,Critical,0.99
WL.LPG.03,2026-10-10 20:15,0.91,,,,,,Critical,0.94
WL.LPN.01,2026-10-10 20:15,-0.86,1.04,,0.0,,,Alert,-0.59
WL.LPP.01,2026-10-10 20:15,-1.63,,,,,,Normal,-1.35
WL.LPP.02,2026-10-10 20:15,-0.76,,,,,,Normal,
WL.LPT.03,2026-10-10 20:15,0.83,,,,,,Critical,0.87
WL.LPW.01,2026-10-10 20:15,-0.38,-0.4,,0.0,,,Normal,-0.25
WL.LPW.03,2026-10-10 20:15,0.1,,,,,,Normal,0.23
WL.LPW.04,2026-10-10 20:15,-0.54,,,,,,Normal,-0.49
WL.LPW.05,2026-10-10 20:15,-0.63,,,,,,Normal,-0.56
WL.LSG.01,2026-10-10 20:15,-1.22,,,,,,Normal,-1.19
WL.LSM.01,2026-10-10 20:15,-0.67,,,,,,Normal,-0.64
WL.LYW.02,2026-10-10 20:15,-1.46,,,,,,Normal,-1.44
WL.MCM.01,2026-10-10 20:15,0.27,,,,,,Normal,0.44
WL.MFS.01,2026-10-10 20:15,-0.69,,,,,,Normal,-0.68
WL.MKT.01,2026-10-10 20:15,-0.4,,,,,,Normal,-0.31
WL.MSW.01,2026-10-10 20:15,1.93,,,,,,Alert,1.96
WL.MSW.02,2026-10-10 20:15,1.22,,,,,,Normal,1.25
WL.MSW.03,2026-10-10 20:15,1.88,,,,,,Alert,1.88
WL.MSW.04,2026-10-10 20:15,1.06,,,,,,Normal,
WL.MTG.01,2026-10-10 20:15,-0.62,,,,,,Normal,-0.62
WL.NBN.01,2026-10-10 20:15,-4.29,-1.55,,0.0,,,Normal,-3.94
WL.NCH.02,2026-10-10 20:15,-0.53,,,,,,Normal,-0.33
WL.NK1.01,2026-10-10 20:15,0.08,,,,,,Normal,0.08
WL.NK3.01,2026-10-10 20:15,-0.43,,,,,,Normal,-0.12
WL.NKW.02,2026-10-10 20:15,-0.42,,,,,,Normal,-0.23
WL.NSG.01,2026-10-10 20:15,-2.0,,,,,,Normal,-2.0
WL.OAG.01,2026-10-10 20:15,-0.69,,,,,,Normal,-0.61
WL.ORC.01,2026-10-10 20:15,-1.35,-0.57,,0.0,,,Normal,-1.34
WL.PKG.01,2026-10-10 20:15,1.74,,,,,,Normal,2.13
WL.PKN.01,2026-10-10 20:15,-0.82,1.34,,0.0,0.0,0.0,Normal,-0.62
WL.PLK.01,2026-10-10 20:15,0.76,,,,,,Normal,1.48
WL.PLP.01,2026-10-10 20:15,-0.51,,,,,,Normal,-0.35
WL.PNM.01,2026-10-10 20:15,0.23,,,,,,Alert,0.3
WL.PSC.01,2026-10-10 20:15,0.25,0.28,,0.0,0.0,0.0,Normal,0.41
WL.PSC.02,2026-10-10 20:15,0.24,,,,,,Normal,0.38
WL.PSC.03,2026-10-10 20:15,0.25,,,,,,Normal,0.38
WL.PSC.05,2026-10-10 20:15,0.27,,,,,,Normal,0.47
WL.PSI.01,2026-10-10 20:15,-1.62,,,,,,Normal,-1.16
WL.PSR.01,2026-10-10 20:15,1.04,1.77,,0.2,,,Alert,1.09
WL.PSR.02,2026-10-10 20:15,1.07,,,,,,Alert,1.13
WL.PSR.03,2026-10-10 20:15,1.04,,,,,,Alert,1.1
WL.PSR.04,2026-10-10 20:15,0.72,,,,,,Normal,0.75
WL.PSR.05,2026-10-10 20:15,0.75,,,,,,Alert,0.78
WL.PST.01,2026-10-10 20:15,-1.02,,,,,,Normal,-0.88
WL.PWT.01,2026-10-10 20:15,-0.58,,,,,,Normal,-0.5
WL.PWT.02,2026-10-10 20:15,-0.1,,,,,,Normal,-0.06
WL.PWT.03,2026-10-10 20:15,0.12,0.09,,5.84,5.9,,Normal,0.18
WL.PWT.04,2026-10-10 20:15,0.45,0.49,,4.94,,,Alert,0.51
WL.PWT.06,2026-10-10 20:15,0.88,,,,,,Critical,0.92
WL.PWT.07,2026-10-10 20:15,0.86,,,,,,Critical,0.9
WL.PYW.01,2026-10-10 20:15,-1.13,,,,,,Normal,-0.54
WL.RHN.01,2026-10-10 20:15,-1.02,-0.48,,0.0,,,Normal,-0.06
WL.RJK.01,2026-10-10 20:15,0.33,0.33,,7.5,,,Normal,0.33
WL.RMT.01,2026-10-10 20:15,-1.01,0.99,,0.0,0.0,,Normal,-0.58
WL.RMT.02,2026-10-10 20:15,-0.19,,,,,,Normal,0.1
WL.RMT.03,2026-10-10 20:15,-2.0,,,,,,Normal,-2.0
WL.RSK.01,2026-10-10 20:15,0.34,,,,,,Normal,0.46
WL.SBR.01,2026-10-10 20:15,0.51,1.22,,0.0,,,Normal,0.59
WL.SBR.02,2026-10-10 20:15,0.45,,,,,,Normal,0.53
WL.SBT.01,2026-10-10 20:15,-0.45,0.07,,0.0,,,Normal,0.09
WL.SCO.01,2026-10-10 20:15,0.1,,,,,,Normal,0.25
WL.SKT.01,2026-10-10 20:15,-0.76,,,,,,Normal,-0.68
WL.SKT.02,2026-10-10 20:15,-0.83,,,,,,Normal,-0.72
WL.SMK.01,2026-10-10 20:15,-0.22,,,,,,Normal,-0.21
WL.SNC.01,2026-10-10 20:15,-0.33,1.11,,0.0,0.0,0.0,Alert,-0.14
WL.SNC.02,2026-10-10 20:15,0.21,,,,,,Normal,0.38
WL.SNC.03,2026-10-10 20:15,-0.03,,,,,,Normal,0.26
WL.SNO.01,2026-10-10 20:15,-1.18,,,,,,Normal,-1.03
WL.SOL.01,2026-10-10 20:15,-0.67,,,,,,Normal,-0.66
WL.SRE.01,2026-10-10 20:15,-0.44,1.59,,0.0,0.0,,Normal,0.18
WL.SRG.01,2026-10-10 20:15,-0.63,1.38,,0.0,0.0,0.0,Normal,-0.41
WL.SSB.01,2026-10-10 20:15,-0.67,,,,,,Normal,-0.58
WL.SSB.03,2026-10-10 20:15,-0.49,,,,,,Normal,-0.38
WL.SSB.04,2026-10-10 20:15,-0.61,-0.63,,7.5,7.5,,Normal,-0.5
WL.SSB.06,2026-10-10 20:15,-0.47,,,,,,Normal,0.14
WL.SSB.07,2026-10-10 20:15,0.02,,,,,,Normal,0.1
WL.SSB.08,2026-10-10 20:15,0.3,,,,,,Normal,0.33
WL.SSB.09,2026-10-10 20:15,0.54,1.1,,0.0,,,Critical,0.57
WL.SSB.10,2026-10-10 20:15,0.79,1.03,,3.64,,,Critical,0.83
WL.SSB.11,2026-10-10 20:15,1.2,,,,,,Critical,1.22
WL.SSB.12,2026-10-10 20:15,1.2,1.5,,0.0,,,Critical,1.22
WL.SSG.01,2026-10-10 20:15,1.55,,,,,,Alert,1.57
WL.SSM.01,2026-10-10 20:15,1.3,-99,,0.0,,,Critical,1.32
WL.SSN.01,2026-10-10 20:15,-1.02,1.97,,7.0,0.0,0.0,Normal,-1.01
WL.SSN.02,2026-10-10 20:15,-1.78,,,,,,Normal,-1.03
WL.SSN.04,2026-10-10 20:15,-1.14,,,,,,Normal,-1.13
WL.SSN.06,2026-10-10 20:15,-1.73,,,,,,Normal,-1.71
WL.SSN.07,2026-10-10 20:15,-0.98,,,,,,Normal,-0.94
WL.SSN.08,2026-10-10 20:15,-0.64,-0.64,,0.0,,,Normal,-0.59
WL.SSN.09,2026-10-10 20:15,-0.66,,,,,,Normal,-0.6
WL.SSN.10,2026-10-10 20:15,-0.62,,,,,,Normal,-0.58
WL.SST.01,2026-10-10 20:15,0.79,1.72,,0.32,,,Alert,0.83
WL.STN.02,2026-10-10 20:15,0.59,,,,,,Alert,0.62
WL.STN.03,2026-10-10 20:15,0.59,,,,,,Critical,0.64
WL.STR.01,2026-10-10 20:15,-0.88,0.23,1.57,0.0,0.0,0.0,Normal,-0.86
WL.SWU.01,2026-10-10 20:15,-1.58,,,,,,Normal,-0.97
WL.TCG.01,2026-10-10 20:15,-0.97,,,,,,Normal,-0.94
WL.TPK.03,2026-10-10 20:15,0.41,,,,,,Critical,0.45
WL.TSK.01,2026-10-10 20:15,-1.8,,,,,,Normal,-1.39
WL.TTN.01,2026-10-10 20:15,-0.88,,,,,,Normal,-0.82
WL.TUT.02,2026-10-10 20:15,-1.04,,,,,,Normal,-0.2
WL.TWW.01,2026-10-10 20:15,0.56,1.15,,0.5,,,Normal,0.76
WL.TWW.02,2026-10-10 20:15,0.54,,,,,,Normal,0.69
WL.TWW.04,2026-10-10 20:15,0.52,,,,,,Normal,0.58
WL.TWW.05,2026-10-10 20:15,0.33,,,,,,Normal,0.49
WL.VPD.01,2026-10-10 20:15,-1.03,,,,,,Normal,-0.94
WL.VPD.02,2026-10-10 20:15,-0.99,,,,,,Normal,-0.91
WL.VPD.03,2026-10-10 20:15,-1.3,,,,,,Normal,-1.27
WL.VPV.01,2026-10-10 20:15,-1.64,,,0.0,,,Normal,-1.39
WL.WHK.01,2026-10-10 20:15,1.02,,,,,,Alert,1.02
WL.WKT.01,2026-10-10 20:15,0.22,,,,,,Normal,0.4
WL.WLS.01,2026-10-10 20:15,0.45,,,,,,Normal,0.57
WL.WSI.01,2026-10-10 20:15,-1.27,1.43,,0.0,0.0,0.0,Normal,-0.5
WL.WSV.01,2026-10-10 20:15,-0.01,,,,,,Normal,0.14
WL.WTK.01,2026-10-10 20:15,-1.07,,,,,,Normal,-0.46
WL.WTN.02,2026-10-10 20:15,-1.14,,,,,,Normal,-1.08
WL.YPE.01,2026-10-10 20:15,0.27,,,,,,Normal,0.41
WL.YPN.01,2026-10-10 20:15,-0.86,,,,,,Normal,-0.79
WL.YPN.02,2026-10-10 20:15,-1.1,,,,,,Normal,-0.84
WL.YSN.02,2026-10-10 20:15,-0.97,,,,,,Normal,-0.91
WL.LPI.02,2026-10-10 20:18,-0.13,,,,,,Normal,0.01
WL.WSV.01,2026-10-10 20:20,0.0,,,,,,out of order,0.14
WL.KPM.04,2026-10-10 20:25,0.32,,,,,,Normal,0.43
WL.KPM.04,2026-10-10 20:30,0.32,,,,,,out of order,0.43
WL.KKD.04,2026-10-10 20:35,-0.6,,,,,,Normal,-0.58
WL.KKD.04,2026-10-10 20:40,-0.6,,,,,,out of order,-0.58
WL.ANG.01,2026-10-10 21:10,0.88,,,,,,Normal,
WL.BBU.02,2026-10-10 21:10,0.4,,,,,,Normal,
WL.BKH.01,2026-10-10 21:10,-0.01,,,,,,Normal,
WL.BMD.01,2026-10-10 21:10,0.37,,,,,,Normal,
WL.BNJ.05,2026-10-10 21:10,-1.86,,,,,,Normal,
WL.BTL.02,2026-10-10 21:10,0.1,,,,,,Normal,
WL.CYI.02,2026-10-10 21:10,-0.61,,,,,,Normal,-0.54
WL.K08.01,2026-10-10 21:10,1.55,,,,,,Alert,
WL.K10.01,2026-10-10 21:10,1.63,,,,,,Alert,
WL.K11.01,2026-10-10 21:10,1.57,,,,,,Alert,
WL.KBP.01,2026-10-10 21:10,-1.04,,,,,,Normal,
WL.KHW.01,2026-10-10 21:10,1.68,,,,,,Normal,
WL.KKO.02,2026-10-10 21:10,1.55,,,,,,Alert,
WL.KPM.07,2026-10-10 21:10,0.56,,,,,,Normal,
WL.LPS.01,2026-10-10 21:10,0.75,,,,,,Normal,
WL.LPT.05,2026-10-10 21:10,1.52,,,,,,Normal,
WL.MKT.02,2026-10-10 21:10,-1.23,,,,,,Normal,
WL.NK3.02,2026-10-10 21:10,-0.65,,,,,,Normal,
WL.POC.01,2026-10-10 21:10,1.46,,,,,,Normal,
WL.PSC.06,2026-10-10 21:10,0.31,,,,,,Normal,
WL.RPS.01,2026-10-10 21:10,2.06,,,,,,Alert,
WL.SSG.02,2026-10-10 21:10,1.55,,,,,,Alert,
WL.SWA.02,2026-10-10 21:10,1.39,,,,,,Normal,
WL.YPE.01,2026-10-10 21:10,0.26,,,,,,Normal,0.41
WL.AJP.01,2026-10-10 21:15,-0.86,,,,,,Normal,-0.5
WL.ANX.01,2026-10-10 21:15,0.02,,,,,,Normal,0.02
WL.BAM.01,2026-10-10 21:15,0.11,,,,,,Normal,0.26
WL.BBN.02,2026-10-10 21:15,0.15,,,,,,Normal,0.39
WL.BBN.03,2026-10-10 21:15,0.36,,,,,,Normal,0.56
WL.BBR.01,2026-10-10 21:15,0.04,,,,,,Normal,0.23
WL.BBR.02,2026-10-10 21:15,0.03,,,,,,Normal,0.2
WL.BBU.01,2026-10-10 21:15,0.33,,,,,,Normal,0.45
WL.BCN.01,2026-10-10 21:15,0.36,,,,,,Normal,0.46
WL.BCN.02,2026-10-10 21:15,0.37,,,,,,Normal,0.46
WL.BCN.03,2026-10-10 21:15,0.41,,,,,,Normal,0.52
WL.BJK.01,2026-10-10 21:15,-1.34,0.82,,0.0,0.0,,Normal,-1.28
WL.BJK.02,2026-10-10 21:15,0.36,,,,,,Normal,0.49
WL.BJK.03,2026-10-10 21:15,0.33,,,,,,Normal,0.46
WL.BJK.04,2026-10-10 21:15,0.38,,,,,,Normal,0.52
WL.BKA.01,2026-10-10 21:15,-1.56,2.0,,1.73,1.75,0.0,Normal,-1.05
WL.BKA.02,2026-10-10 21:15,-0.89,,,,,,Normal,-0.77
WL.BKA.03,2026-10-10 21:15,-0.46,,,,,,Normal,-0.37
WL.BKA.04,2026-10-10 21:15,0.01,,,,,,Normal,0.1
WL.BKB.01,2026-10-10 21:15,-0.31,,,,,,Normal,-0.28
WL.BKG.01,2026-10-10 21:15,0.64,-2.0,,0.0,,,Critical,0.67
WL.BKK.01,2026-10-10 21:15,0.38,,,,,,Normal,
WL.BKT.01,2026-10-10 21:15,-0.76,,,,,,Normal,-0.76
WL.BKY.01,2026-10-10 21:15,0.21,1.61,,0.0,5.7,0.0,Normal,0.41
WL.BKY.02,2026-10-10 21:15,0.31,,,,,,Normal,0.44
WL.BLP.02,2026-10-10 21:15,-0.7,,,,,,Normal,-0.57
WL.BLY.01,2026-10-10 21:15,-0.51,,,,,,Normal,-0.49
WL.BLY.02,2026-10-10 21:15,-0.58,,,,,,Normal,-0.57
WL.BMA.02,2026-10-10 21:15,-0.1,,,,,,Normal,0.58
WL.BMK.01,2026-10-10 21:15,-1.65,,,,,,Normal,-1.0
WL.BNA.01,2026-10-10 21:15,-1.32,0.73,,0.0,0.0,,Normal,-1.27
WL.BNA.03,2026-10-10 21:15,-0.69,,,,,,Normal,-0.65
WL.BNA.04,2026-10-10 21:15,-0.6,,,,,,Normal,-0.55
WL.BNJ.04,2026-10-10 21:15,-1.26,,,,,,Normal,-0.88
WL.BNS.01,2026-10-10 21:15,0.3,,,,,,Normal,0.4
WL.BOA.01,2026-10-10 21:15,-1.37,0.87,,0.0,0.0,,Normal,-1.17
WL.BOA.02,2026-10-10 21:15,-1.38,,,,,,Normal,-1.14
WL.BOA.03,2026-10-10 21:15,-1.34,,,,,,Normal,-1.17
WL.BON.01,2026-10-10 21:15,-1.37,,,,,,Normal,-1.2
WL.BPA.01,2026-10-10 21:15,-0.67,,,,,,Normal,-0.61
WL.BPK.01,2026-10-10 21:15,-0.02,,,,,,Normal,0.22
WL.BPM.01,2026-10-10 21:15,0.23,,,,,,Normal,0.32
WL.BPM.02,2026-10-10 21:15,0.32,,,,,,Normal,0.41
WL.BPM.03,2026-10-10 21:15,0.46,,,,,,Normal,0.56
WL.BPM.04,2026-10-10 21:15,0.4,,,,,,Normal,0.47
WL.BPN.02,2026-10-10 21:15,0.19,,,,,,Normal,0.41
WL.BPU.01,2026-10-10 21:15,-0.25,,,,,,Normal,1.61
WL.BSE.01,2026-10-10 21:15,-1.54,,,,,,Normal,
WL.BSK.01,2026-10-10 21:15,-0.33,1.28,,0.0,0.0,,Normal,0.47
WL.BSU.01,2026-10-10 21:15,-0.89,1.94,,0.0,0.0,0.0,Normal,-0.71
WL.BSU.02,2026-10-10 21:15,-0.82,,,,,,Normal,-0.68
WL.BSU.03,2026-10-10 21:15,-1.38,,,,,,Normal,-1.16
WL.BSU.04,2026-10-10 21:15,-1.12,,,,,,Normal,-1.09
WL.BSU.05,2026-10-10 21:15,-1.33,,,,,,Normal,-1.01
WL.BSU.06,2026-10-10 21:15,-0.98,,,,,,Normal,-0.75
WL.BSU.07,2026-10-10 21:15,-0.63,,,,,,Normal,-0.47
WL.BTL.01,2026-10-10 21:15,-0.63,,,,,,Normal,-0.62
WL.BTY.01,2026-10-10 21:15,0.21,,,,,,Normal,0.32
WL.BWK.01,2026-10-10 21:15,0.25,,,,,,Normal,0.4
WL.BWK.02,2026-10-10 21:15,0.48,,,,,,Normal,0.58
WL.BWK.03,2026-10-10 21:15,0.48,,,,,,Normal,0.55
WL.BYI.01,2026-10-10 21:15,1.0,,,,,,Critical,1.0
WL.BYK.02,2026-10-10 21:15,-0.13,,,,,,Normal,0.35
WL.CKS.01,2026-10-10 21:15,-1.46,,,0.0,0.0,,Normal,-1.23
WL.CKS.02,2026-10-10 21:15,-1.09,,,,,,Normal,-0.93
WL.CKS.03,2026-10-10 21:15,-1.23,,,,,,Normal,-1.04
WL.CLH.01,2026-10-10 21:15,-0.45,,,,,,Normal,
WL.CNS.01,2026-10-10 21:15,-2.36,0.93,,0.0,0.0,,Normal,-0.97
WL.CPA.01,2026-10-10 21:15,0.25,1.74,,0.0,4.57,,Normal,0.33
WL.CPA.02,2026-10-10 21:15,0.23,,,,,,Normal,0.39
WL.CYI.01,2026-10-10 21:15,-0.63,,,,,,Normal,-0.56
WL.CYI.03,2026-10-10 21:15,-0.55,,,,,,Normal,-0.48
WL.DKN.01,2026-10-10 21:15,0.15,1.16,,6.78,0.0,5.76,Normal,0.34
WL.FTM.01,2026-10-10 21:15,-1.04,,,,,,Normal,-1.03
WL.HKG.01,2026-10-10 21:15,-0.78,,,,,,Normal,-0.71
WL.HKG.02,2026-10-10 21:15,-0.73,,,,,,Normal,-0.66
WL.HMK.01,2026-10-10 21:15,-0.19,,,,,,Alert,-0.15
WL.HMK.02,2026-10-10 21:15,-0.42,,,,,,Normal,-0.33
WL.HMK.03,2026-10-10 21:15,-0.17,,,,,,Normal,-0.11
WL.JRN.01,2026-10-10 21:15,0.29,1.1,,0.0,,,Normal,0.32
WL.KBU.01,2026-10-10 21:15,0.2,1.71,,0.0,,,Normal,0.48
WL.KBU.02,2026-10-10 21:15,0.3,,,,,,Normal,0.45
WL.KCD.01,2026-10-10 21:15,-1.09,,,,,,Normal,-1.0
WL.KDN.01,2026-10-10 21:15,-0.55,0.99,,0.0,,,Normal,-0.55
WL.KJA.01,2026-10-10 21:15,-0.78,,,,,,Normal,-0.72
WL.KJA.02,2026-10-10 21:15,-0.45,,,,,,Normal,-0.25
WL.KJG.01,2026-10-10 21:15,-0.58,,,,,,Normal,-0.36
WL.KJK.01,2026-10-10 21:15,-1.26,0.85,,0.0,0.0,,Normal,-1.11
WL.KJK.02,2026-10-10 21:15,-1.21,,,,,,Normal,-1.06
WL.KJN.02,2026-10-10 21:15,-0.23,,,,,,Normal,-0.07
WL.KJT.01,2026-10-10 21:15,-1.17,,,,,,Normal,-1.06
WL.KJU.01,2026-10-10 21:15,-0.62,,,,,,Normal,-0.39
WL.KKD.01,2026-10-10 21:15,-0.53,,,,,,Normal,-0.5
WL.KKD.02,2026-10-10 21:15,-0.63,,,,,,Normal,-0.62
WL.KKO.01,2026-10-10 21:15,1.6,,,,,,Alert,1.63
WL.KKS.01,2026-10-10 21:15,-0.69,1.73,,0.0,0.0,,Normal,-0.57
WL.KKS.02,2026-10-10 21:15,-0.65,,,,,,Normal,-0.54
WL.KKS.03,2026-10-10 21:15,-0.78,,,,,,Normal,-0.66
WL.KKS.04,2026-10-10 21:15,-0.77,1.42,,0.0,,,Normal,-0.63
WL.KKY.01,2026-10-10 21:15,0.42,,,,,,Normal,0.58
WL.KKY.02,2026-10-10 21:15,0.45,,,,,,Normal,0.56
WL.KLA.01,2026-10-10 21:15,-0.39,,,,,,Normal,-0.29
WL.KLD.02,2026-10-10 21:15,-0.32,,,,,,Normal,-0.1
WL.KLT.01,2026-10-10 21:15,-0.73,,,,,,Normal,-0.62
WL.KMN.01,2026-10-10 21:15,0.2,1.6,,0.3,5.97,0.0,Normal,0.4
WL.KNB.02,2026-10-10 21:15,-0.47,,,,,,Normal,-0.41
WL.KPG.01,2026-10-10 21:15,-1.11,,,,,,Normal,-1.03
WL.KPM.01,2026-10-10 21:15,-0.38,,,,,,Normal,-0.32
WL.KPM.03,2026-10-10 21:15,-0.19,,,,,,Normal,-0.11
WL.KPM.05,2026-10-10 21:15,0.38,,,,,,Normal,0.51
WL.KPM.06,2026-10-10 21:15,0.39,,,,,,Normal,0.54
WL.KPM.08,2026-10-10 21:15,0.36,,,,,,Normal,0.46
WL.KSG.01,2026-10-10 21:15,0.65,,,,,,Normal,0.7
WL.KSI.01,2026-10-10 21:15,0.74,,,,,,Normal,0.78
WL.KSI.02,2026-10-10 21:15,0.76,,,,,,Critical,0.8
WL.KSK.01,2026-10-10 21:15,-0.66,,,,,,Normal,-0.64
WL.KSM.01,2026-10-10 21:15,0.75,,,,,,Critical,0.8
WL.KSM.02,2026-10-10 21:15,0.69,,,,,,Critical,0.74
WL.KSO.01,2026-10-10 21:15,0.56,,,,,,Normal,0.62
WL.KSO.02,2026-10-10 21:15,0.57,,,,,,Normal,0.64
WL.KTY.01,2026-10-10 21:15,-2.2,0.85,,0.0,,,Normal,-1.44
WL.LBK.02,2026-10-10 21:15,0.49,,,,,,Critical,0.53
WL.LBK.03,2026-10-10 21:15,0.39,,,,,,Alert,0.43
WL.LCL.01,2026-10-10 21:15,0.59,,,,,,Normal,0.64
WL.LKB.01,2026-10-10 21:15,0.61,,,,,,Critical,0.67
WL.LOA.01,2026-10-10 21:15,0.61,,,,,,Normal,0.78
WL.LOA.02,2026-10-10 21:15,0.67,,,,,,Normal,0.71
WL.LPC.01,2026-10-10 21:15,1.07,,,,,,Critical,1.1
WL.LPG.02,2026-10-10 21:15,0.96,1.75,,0.0,,,Critical,0.99
WL.LPG.03,2026-10-10 21:15,0.91,,,,,,Critical,0.94
WL.LPN.01,2026-10-10 21:15,-0.78,0.95,,0.0,,,Normal,-0.59
WL.LPP.01,2026-10-10 21:15,-1.61,,,,,,Normal,-1.35
WL.LPP.02,2026-10-10 21:15,-0.73,,,,,,Normal,
WL.LPT.03,2026-10-10 21:15,0.83,,,,,,Critical,0.87
WL.LPW.01,2026-10-10 21:15,-0.38,-0.42,,0.0,,,Normal,-0.25
WL.LPW.03,2026-10-10 21:15,0.08,,,,,,Normal,0.23
WL.LPW.04,2026-10-10 21:15,-0.56,,,,,,Normal,-0.49
WL.LPW.05,2026-10-10 21:15,-0.64,,,,,,Normal,-0.56
WL.LSG.01,2026-10-10 21:15,-1.22,,,,,,Normal,-1.19
WL.LSM.01,2026-10-10 21:15,-0.67,,,,,,Normal,-0.64
WL.LYW.02,2026-10-10 21:15,-1.46,,,,,,Normal,-1.44
WL.MCM.01,2026-10-10 21:15,0.25,,,,,,Normal,0.44
WL.MFS.01,2026-10-10 21:15,-0.69,,,,,,Normal,-0.68
WL.MKT.01,2026-10-10 21:15,-0.4,,,,,,Normal,-0.31
WL.MSW.01,2026-10-10 21:15,1.75,,,,,,Normal,1.96
WL.MSW.02,2026-10-10 21:15,1.22,,,,,,Normal,1.25
WL.MSW.03,2026-10-10 21:15,1.74,,,,,,Normal,1.88
WL.MSW.04,2026-10-10 21:15,1.06,,,,,,Normal,
WL.MTG.01,2026-10-10 21:15,-0.62,,,,,,Normal,-0.62
WL.NBN.01,2026-10-10 21:15,-4.3,-1.53,,0.0,,,Normal,-3.94
WL.NCH.02,2026-10-10 21:15,-0.74,,,,,,Normal,-0.33
WL.NK1.01,2026-10-10 21:15,0.11,,,,,,Normal,0.11
WL.NK3.01,2026-10-10 21:15,-0.44,,,,,,Normal,-0.12
WL.NKW.02,2026-10-10 21:15,-0.4,,,,,,Normal,-0.23
WL.NSG.01,2026-10-10 21:15,-2.0,,,,,,Normal,-2.0
WL.OAG.01,2026-10-10 21:15,-0.74,,,,,,Normal,-0.61
WL.ORC.01,2026-10-10 21:15,-1.35,-0.66,,0.0,,,Normal,-1.34
WL.PKG.01,2026-10-10 21:15,1.52,,,,,,Normal,2.13
WL.PKN.01,2026-10-10 21:15,-0.86,0.99,,0.0,0.0,0.0,Normal,-0.62
WL.PLK.01,2026-10-10 21:15,0.4,,,,,,Normal,1.48
WL.PLP.01,2026-10-10 21:15,-0.51,,,,,,Normal,-0.35
WL.PNM.01,2026-10-10 21:15,0.22,,,,,,Alert,0.3
WL.PSC.01,2026-10-10 21:15,0.23,0.27,,0.0,0.0,0.0,Normal,0.41
WL.PSC.02,2026-10-10 21:15,0.23,,,,,,Normal,0.38
WL.PSC.03,2026-10-10 21:15,0.24,,,,,,Normal,0.38
WL.PSC.05,2026-10-10 21:15,0.27,,,,,,Normal,0.47
WL.PSI.01,2026-10-10 21:15,-1.55,,,,,,Normal,-1.16
WL.PSR.01,2026-10-10 21:15,1.03,1.76,,0.2,,,Alert,1.09
WL.PSR.02,2026-10-10 21:15,1.07,,,,,,Alert,1.13
WL.PSR.03,2026-10-10 21:15,1.04,,,,,,Alert,1.1
WL.PSR.04,2026-10-10 21:15,0.72,,,,,,Normal,0.75
WL.PSR.05,2026-10-10 21:15,0.75,,,,,,Alert,0.78
WL.PST.01,2026-10-10 21:15,-1.02,,,,,,Normal,-0.88
WL.PWT.01,2026-10-10 21:15,-0.59,,,,,,Normal,-0.5
WL.PWT.02,2026-10-10 21:15,-0.1,,,,,,Normal,-0.06
WL.PWT.03,2026-10-10 21:15,0.12,0.13,,5.84,5.9,,Normal,0.18
WL.PWT.04,2026-10-10 21:15,0.45,0.49,,4.94,,,Alert,0.51
WL.PWT.06,2026-10-10 21:15,0.87,,,,,,Critical,0.92
WL.PWT.07,2026-10-10 21:15,0.86,,,,,,Critical,0.9
WL.PYW.01,2026-10-10 21:15,-1.08,,,,,,Normal,-0.54
WL.RHN.01,2026-10-10 21:15,-0.9,-0.33,,0.0,,,Normal,-0.06
WL.RJK.01,2026-10-10 21:15,0.33,0.33,,7.5,,,Normal,0.33
WL.RMN.01,2026-10-10 21:15,0.52,,,,,,Normal,
WL.RMT.01,2026-10-10 21:15,-0.95,0.94,,0.0,0.0,,Normal,-0.58
WL.RMT.02,2026-10-10 21:15,-0.2,,,,,,Normal,0.1
WL.RMT.03,2026-10-10 21:15,-2.0,,,,,,Normal,-2.0
WL.RSK.01,2026-10-10 21:15,0.33,,,,,,Normal,0.46
WL.SBR.01,2026-10-10 21:15,0.51,1.23,,0.0,,,Normal,0.59
WL.SBR.02,2026-10-10 21:15,0.45,,,,,,Normal,0.53
WL.SBT.01,2026-10-10 21:15,-0.3,0.03,,0.0,,,Normal,0.09
WL.SCO.01,2026-10-10 21:15,0.12,,,,,,Normal,0.25
WL.SDN.01,2026-10-10 21:15,0.23,,,,,,Normal,0.23
WL.SKT.01,2026-10-10 21:15,-0.7,,,,,,Normal,-0.68
WL.SKT.02,2026-10-10 21:15,-0.75,,,,,,Normal,-0.72
WL.SMK.01,2026-10-10 21:15,-0.21,,,,,,Normal,-0.21
WL.SNC.01,2026-10-10 21:15,-0.31,1.03,,0.0,0.0,0.0,Alert,-0.14
WL.SNC.02,2026-10-10 21:15,0.18,,,,,,Normal,0.38
WL.SNC.03,2026-10-10 21:15,-0.07,,,,,,Normal,0.26
WL.SNO.01,2026-10-10 21:15,-1.13,,,,,,Normal,-1.03
WL.SOL.01,2026-10-10 21:15,-0.67,,,,,,Normal,-0.66
WL.SRE.01,2026-10-10 21:15,-0.68,1.32,,0.0,0.0,,Normal,0.18
WL.SRG.01,2026-10-10 21:15,-0.68,1.09,,0.0,0.0,0.0,Normal,-0.41
WL.SSB.01,2026-10-10 21:15,-0.72,,,,,,Normal,-0.58
WL.SSB.03,2026-10-10 21:15,-0.55,,,,,,Normal,-0.38
WL.SSB.04,2026-10-10 21:15,-0.63,-0.65,,7.5,7.5,,Normal,-0.5
WL.SSB.06,2026-10-10 21:15,-0.48,,,,,,Normal,0.14
WL.SSB.07,2026-10-10 21:15,-0.04,,,,,,Normal,0.1
WL.SSB.08,2026-10-10 21:15,0.27,,,,,,Normal,0.33
WL.SSB.09,2026-10-10 21:15,0.54,1.1,,0.0,,,Critical,0.57
WL.SSB.10,2026-10-10 21:15,0.79,1.02,,3.64,,,Critical,0.83
WL.SSB.11,2026-10-10 21:15,1.2,,,,,,Critical,1.22
WL.SSB.12,2026-10-10 21:15,1.2,1.5,,0.0,,,Critical,1.22
WL.SSB.13,2026-10-10 21:15,1.9,,,,,,Critical,
WL.SSG.01,2026-10-10 21:15,1.55,,,,,,Alert,1.57
WL.SSM.01,2026-10-10 21:15,1.3,-99,,0.0,,,Critical,1.32
WL.SSM.02,2026-10-10 21:15,1.56,,,,,,Normal,
WL.SSN.01,2026-10-10 21:15,-1.02,1.81,,7.0,0.0,0.0,Normal,-1.01
WL.SSN.02,2026-10-10 21:15,-1.79,,,,,,Normal,-1.03
WL.SSN.04,2026-10-10 21:15,-1.12,,,,,,Normal,-1.12
WL.SSN.06,2026-10-10 21:15,-1.73,,,,,,Normal,-1.71
WL.SSN.07,2026-10-10 21:15,-0.98,,,,,,Normal,-0.94
WL.SSN.08,2026-10-10 21:15,-0.66,-0.66,,0.0,,,Normal,-0.59
WL.SSN.09,2026-10-10 21:15,-0.67,,,,,,Normal,-0.6
WL.SSN.10,2026-10-10 21:15,-0.64,,,,,,Normal,-0.58
WL.SST.01,2026-10-10 21:15,0.78,1.72,,0.32,,,Alert,0.83
WL.STN.01,2026-10-10 21:15,0.52,,,,,,Alert,0.55
WL.STN.02,2026-10-10 21:15,0.58,,,,,,Alert,0.62
WL.STN.03,2026-10-10 21:15,0.59,,,,,,Critical,0.64
WL.STR.01,2026-10-10 21:15,-0.91,0.24,1.31,0.0,0.0,0.0,Normal,-0.86
WL.SWU.01,2026-10-10 21:15,-1.71,,,,,,Normal,-0.97
WL.TCG.01,2026-10-10 21:15,-0.97,,,,,,Normal,-0.94
WL.TPK.03,2026-10-10 21:15,0.41,,,,,,Critical,0.45
WL.TSK.01,2026-10-10 21:15,-1.79,,,,,,Normal,-1.39
WL.TTN.01,2026-10-10 21:15,-0.89,,,,,,Normal,-0.82
WL.TUT.02,2026-10-10 21:15,-0.98,,,,,,Normal,-0.2
WL.TWW.01,2026-10-10 21:15,0.56,1.15,,0.5,,,Normal,0.76
WL.TWW.02,2026-10-10 21:15,0.54,,,,,,Normal,0.69
WL.TWW.03,2026-10-10 21:15,0.55,,,,,,Normal,0.62
WL.TWW.04,2026-10-10 21:15,0.52,,,,,,Normal,0.58
WL.TWW.05,2026-10-10 21:15,0.32,,,,,,Normal,0.49
WL.VPD.01,2026-10-10 21:15,-1.02,,,,,,Normal,-0.94
WL.VPD.02,2026-10-10 21:15,-0.98,,,,,,Normal,-0.91
WL.VPD.03,2026-10-10 21:15,-1.3,,,,,,Normal,-1.27
WL.VPV.01,2026-10-10 21:15,-2.05,,,0.0,,,Normal,-1.39
WL.WHK.01,2026-10-10 21:15,0.99,,,,,,Alert,1.02
WL.WKT.01,2026-10-10 21:15,0.31,,,,,,Normal,0.4
WL.WLS.01,2026-10-10 21:15,0.45,,,,,,Normal,0.57
WL.WSI.01,2026-10-10 21:15,-1.31,1.14,,0.0,0.0,0.0,Normal,-0.5
WL.WTK.01,2026-10-10 21:15,-1.06,,,,,,Normal,-0.46
WL.WTN.02,2026-10-10 21:15,-1.13,,,,,,Normal,-1.08
WL.YPN.01,2026-10-10 21:15,-0.93,,,,,,Normal,-0.79
WL.YPN.02,2026-10-10 21:15,-1.58,,,,,,Normal,-0.84
WL.YSN.02,2026-10-10 21:15,-0.95,,,,,,Normal,-0.91
WL.LPI.02,2026-10-10 21:19,-0.13,,,,,,Normal,0.01
WL.RMT.03,2026-10-10 21:30,-2.0,,,,,,out of order,-2.0
WL.WSV.01,2026-10-10 21:55,0.05,,,,,,temporarily out of order,0.14
WL.ANG.01,2026-10-10 22:10,0.88,,,,,,Normal,
WL.BBU.02,2026-10-10 22:10,0.4,,,,,,Normal,
WL.BKH.01,2026-10-10 22:10,-0.01,,,,,,Normal,
WL.BMD.01,2026-10-10 22:10,0.36,,,,,,Normal,
WL.BNJ.05,2026-10-10 22:10,-2.18,,,,,,Normal,
WL.BOA.01,2026-10-10 22:10,-1.38,0.57,,0.0,0.0,,Normal,-1.17
WL.BTL.02,2026-10-10 22:10,0.09,,,,,,Normal,
WL.CYI.02,2026-10-10 22:10,-0.64,,,,,,Normal,-0.54
WL.K08.01,2026-10-10 22:10,1.54,,,,,,Alert,
WL.K10.01,2026-10-10 22:10,1.62,,,,,,Alert,
WL.K11.01,2026-10-10 22:10,1.57,,,,,,Alert,
WL.KBP.01,2026-10-10 22:10,-0.98,,,,,,Normal,
WL.KDN.01,2026-10-10 22:10,-0.62,0.73,,0.0,,,Normal,-0.55
WL.KHW.01,2026-10-10 22:10,1.68,,,,,,Normal,
WL.KKO.02,2026-10-10 22:10,1.55,,,,,,Alert,
WL.KPM.07,2026-10-10 22:10,0.56,,,,,,Normal,
WL.LPS.01,2026-10-10 22:10,0.75,,,,,,Normal,
WL.LPT.05,2026-10-10 22:10,1.64,,,,,,Normal,
WL.MKT.02,2026-10-10 22:10,-1.21,,,,,,Normal,
WL.NK3.02,2026-10-10 22:10,-0.67,,,,,,Normal,
WL.POC.01,2026-10-10 22:10,1.46,,,,,,Normal,
WL.PSC.06,2026-10-10 22:10,0.38,,,,,,Normal,
WL.RPS.01,2026-10-10 22:10,2.06,,,,,,Alert,
WL.SDN.01,2026-10-10 22:10,0.23,,,,,,Normal,0.23
WL.SSB.09,2026-10-10 22:10,0.53,1.1,,0.0,,,Critical,0.57
WL.SSG.02,2026-10-10 22:10,1.54,,,,,,Alert,
WL.STN.01,2026-10-10 22:10,0.52,,,,,,Alert,0.55
WL.SWA.02,2026-10-10 22:10,1.39,,,,,,Normal,
WL.AJP.01,2026-10-10 22:15,-0.87,,,,,,Normal,-0.5
WL.ANX.01,2026-10-10 22:15,0.0,,,,,,Normal,0.02
WL.BAM.01,2026-10-10 22:15,0.14,,,,,,Normal,0.26
WL.BBN.02,2026-10-10 22:15,0.14,,,,,,Normal,0.39
WL.BBN.03,2026-10-10 22:15,0.34,,,,,,Normal,0.56
WL.BBR.01,2026-10-10 22:15,-0.14,,,,,,Normal,0.23
WL.BBR.02,2026-10-10 22:15,-0.1,,,,,,Normal,0.2
WL.BBU.01,2026-10-10 22:15,0.31,,,,,,Normal,0.45
WL.BCN.01,2026-10-10 22:15,0.36,,,,,,Normal,0.46
WL.BCN.02,2026-10-10 22:15,0.36,,,,,,Normal,0.46
WL.BCN.03,2026-10-10 22:15,0.41,,,,,,Normal,0.52
WL.BJK.01,2026-10-10 22:15,-1.41,0.51,,0.0,0.0,,Normal,-1.28
WL.BJK.02,2026-10-10 22:15,0.35,,,,,,Normal,0.49
WL.BJK.03,2026-10-10 22:15,0.31,,,,,,Normal,0.46
WL.BJK.04,2026-10-10 22:15,0.37,,,,,,Normal,0.52
WL.BKA.01,2026-10-10 22:15,-1.53,1.83,,1.73,1.75,0.0,Normal,-1.05
WL.BKA.02,2026-10-10 22:15,-0.88,,,,,,Normal,-0.77
WL.BKA.03,2026-10-10 22:15,-0.45,,,,,,Normal,-0.37
WL.BKA.04,2026-10-10 22:15,0.0,,,,,,Normal,0.1
WL.BKB.01,2026-10-10 22:15,-0.33,,,,,,Normal,-0.28
WL.BKG.01,2026-10-10 22:15,0.63,-2.0,,0.0,,,Critical,0.67
WL.BKK.01,2026-10-10 22:15,0.38,,,,,,Normal,
WL.BKT.01,2026-10-10 22:15,-0.76,,,,,,Normal,-0.76
WL.BKY.01,2026-10-10 22:15,0.19,1.38,,0.0,5.7,0.0,Normal,0.41
WL.BKY.02,2026-10-10 22:15,0.3,,,,,,Normal,0.44
WL.BLP.02,2026-10-10 22:15,-0.79,,,,,,Normal,-0.57
WL.BLY.01,2026-10-10 22:15,-0.51,,,,,,Normal,-0.49
WL.BLY.02,2026-10-10 22:15,-0.58,,,,,,Normal,-0.57
WL.BMA.02,2026-10-10 22:15,-0.08,,,,,,Normal,0.58
WL.BMK.01,2026-10-10 22:15,-1.62,,,,,,Normal,-1.0
WL.BNA.01,2026-10-10 22:15,-1.34,0.41,,0.0,0.0,,Normal,-1.27
WL.BNA.03,2026-10-10 22:15,-0.69,,,,,,Normal,-0.65
WL.BNA.04,2026-10-10 22:15,-0.6,,,,,,Normal,-0.55
WL.BNJ.04,2026-10-10 22:15,-1.26,,,,,,Normal,-0.88
WL.BNS.01,2026-10-10 22:15,0.3,,,,,,Normal,0.4
WL.BOA.02,2026-10-10 22:15,-1.41,,,,,,Normal,-1.14
WL.BOA.03,2026-10-10 22:15,-1.37,,,,,,Normal,-1.17
WL.BON.01,2026-10-10 22:15,-1.39,,,,,,Normal,-1.2
WL.BPA.01,2026-10-10 22:15,-0.7,,,,,,Normal,-0.61
WL.BPK.01,2026-10-10 22:15,0.01,,,,,,Normal,0.22
WL.BPM.01,2026-10-10 22:15,0.22,,,,,,Normal,0.32
WL.BPM.02,2026-10-10 22:15,0.31,,,,,,Normal,0.41
WL.BPM.03,2026-10-10 22:15,0.45,,,,,,Normal,0.56
WL.BPM.04,2026-10-10 22:15,0.4,,,,,,Normal,0.47
WL.BPN.02,2026-10-10 22:15,0.18,,,,,,Normal,0.41
WL.BPU.01,2026-10-10 22:15,-0.28,,,,,,Normal,1.61
WL.BSE.01,2026-10-10 22:15,-1.54,,,,,,Normal,
WL.BSK.01,2026-10-10 22:15,-0.13,1.01,,0.0,0.0,,Normal,0.47
WL.BSU.01,2026-10-10 22:15,-0.94,1.77,,0.0,0.0,0.0,Normal,-0.71
WL.BSU.02,2026-10-10 22:15,-0.83,,,,,,Normal,-0.68
WL.BSU.03,2026-10-10 22:15,-1.4,,,,,,Normal,-1.16
WL.BSU.04,2026-10-10 22:15,-1.11,,,,,,Normal,-1.09
WL.BSU.05,2026-10-10 22:15,-1.39,,,,,,Normal,-1.01
WL.BSU.06,2026-10-10 22:15,-0.99,,,,,,Normal,-0.75
WL.BSU.07,2026-10-10 22:15,-0.64,,,,,,Normal,-0.47
WL.BTL.01,2026-10-10 22:15,-0.64,,,,,,Normal,-0.62
WL.BTY.01,2026-10-10 22:15,0.19,,,,,,Normal,0.32
WL.BWK.01,2026-10-10 22:15,0.24,,,,,,Normal,0.4
WL.BWK.02,2026-10-10 22:15,0.46,,,,,,Normal,0.58
WL.BWK.03,2026-10-10 22:15,0.48,,,,,,Normal,0.55
WL.BYI.01,2026-10-10 22:15,1.0,,,,,,Critical,1.0
WL.BYK.02,2026-10-10 22:15,-0.12,,,,,,Normal,0.35
WL.CKS.01,2026-10-10 22:15,-1.46,,,0.0,0.0,,Normal,-1.23
WL.CKS.02,2026-10-10 22:15,-1.06,,,,,,Normal,-0.93
WL.CKS.03,2026-10-10 22:15,-1.22,,,,,,Normal,-1.04
WL.CLH.01,2026-10-10 22:15,-0.44,,,,,,Normal,
WL.CNS.01,2026-10-10 22:15,-1.95,0.63,,0.0,0.0,,Normal,-0.97
WL.CPA.01,2026-10-10 22:15,0.23,1.54,,0.0,4.57,,Normal,0.33
WL.CPA.02,2026-10-10 22:15,0.22,,,,,,Normal,0.39
WL.CYI.01,2026-10-10 22:15,-0.66,,,,,,Normal,-0.56
WL.CYI.03,2026-10-10 22:15,-0.57,,,,,,Normal,-0.48
WL.DKN.01,2026-10-10 22:15,0.14,0.95,,0.0,6.23,0.0,Normal,0.34
WL.FTM.01,2026-10-10 22:15,-1.04,,,,,,Normal,-1.03
WL.HKG.01,2026-10-10 22:15,-0.79,,,,,,Normal,-0.71
WL.HKG.02,2026-10-10 22:15,-0.75,,,,,,Normal,-0.66
WL.HMK.01,2026-10-10 22:15,-0.21,,,,,,Normal,-0.15
WL.HMK.02,2026-10-10 22:15,-0.42,,,,,,Normal,-0.33
WL.HMK.03,2026-10-10 22:15,-0.17,,,,,,Normal,-0.11
WL.JRN.01,2026-10-10 22:15,0.28,0.82,,0.0,,,Normal,0.32
WL.KBU.01,2026-10-10 22:15,0.19,1.55,,0.0,,,Normal,0.48
WL.KBU.02,2026-10-10 22:15,0.29,,,,,,Normal,0.45
WL.KCD.01,2026-10-10 22:15,-1.09,,,,,,Normal,-1.0
WL.KJA.01,2026-10-10 22:15,-0.79,,,,,,Normal,-0.72
WL.KJA.02,2026-10-10 22:15,-0.32,,,,,,Normal,-0.25
WL.KJG.01,2026-10-10 22:15,-0.46,,,,,,Normal,-0.36
WL.KJK.01,2026-10-10 22:15,-1.32,0.53,,0.0,0.0,,Normal,-1.11
WL.KJK.02,2026-10-10 22:15,-1.35,,,,,,Normal,-1.06
WL.KJN.02,2026-10-10 22:15,-0.28,,,,,,Normal,-0.07
WL.KJT.01,2026-10-10 22:15,-1.19,,,,,,Normal,-1.06
WL.KJU.01,2026-10-10 22:15,-0.6,,,,,,Normal,-0.39
WL.KKD.01,2026-10-10 22:15,-0.53,,,,,,Normal,-0.5
WL.KKD.02,2026-10-10 22:15,-0.64,,,,,,Normal,-0.62
WL.KKO.01,2026-10-10 22:15,1.6,,,,,,Alert,1.63
WL.KKS.01,2026-10-10 22:15,-0.78,1.54,,0.0,0.0,,Normal,-0.57
WL.KKS.02,2026-10-10 22:15,-0.74,,,,,,Normal,-0.54
WL.KKS.03,2026-10-10 22:15,-0.87,,,,,,Normal,-0.66
WL.KKS.04,2026-10-10 22:15,-0.89,1.17,,0.0,,,Normal,-0.63
WL.KKY.01,2026-10-10 22:15,0.41,,,,,,Normal,0.58
WL.KKY.02,2026-10-10 22:15,0.44,,,,,,Normal,0.56
WL.KLA.01,2026-10-10 22:15,-0.37,,,,,,Normal,-0.29
WL.KLD.02,2026-10-10 22:15,-0.31,,,,,,Normal,-0.1
WL.KLT.01,2026-10-10 22:15,-0.78,,,,,,Normal,-0.62
WL.KMN.01,2026-10-10 22:15,0.18,1.4,,0.31,5.97,0.0,Normal,0.4
WL.KNB.02,2026-10-10 22:15,-0.48,,,,,,Normal,-0.41
WL.KPG.01,2026-10-10 22:15,-1.09,,,,,,Normal,-1.03
WL.KPM.01,2026-10-10 22:15,-0.4,,,,,,Normal,-0.32
WL.KPM.03,2026-10-10 22:15,-0.2,,,,,,Normal,-0.11
WL.KPM.05,2026-10-10 22:15,0.38,,,,,,Normal,0.51
WL.KPM.06,2026-10-10 22:15,0.37,,,,,,Normal,0.54
WL.KPM.08,2026-10-10 22:15,0.35,,,,,,Normal,0.46
WL.KSG.01,2026-10-10 22:15,0.64,,,,,,Normal,0.7
WL.KSI.01,2026-10-10 22:15,0.73,,,,,,Normal,0.78
WL.KSI.02,2026-10-10 22:15,0.75,,,,,,Critical,0.8
WL.KSK.01,2026-10-10 22:15,-0.66,,,,,,Normal,-0.64
WL.KSM.01,2026-10-10 22:15,0.74,,,,,,Critical,0.8
WL.KSM.02,2026-10-10 22:15,0.68,,,,,,Critical,0.74
WL.KSO.01,2026-10-10 22:15,0.56,,,,,,Normal,0.62
WL.KSO.02,2026-10-10 22:15,0.57,,,,,,Normal,0.64
WL.KTY.01,2026-10-10 22:15,-2.06,0.54,,0.0,,,Normal,-1.44
WL.LBK.02,2026-10-10 22:15,0.49,,,,,,Critical,0.53
WL.LBK.03,2026-10-10 22:15,0.38,,,,,,Alert,0.43
WL.LCL.01,2026-10-10 22:15,0.58,,,,,,Normal,0.64
WL.LKB.01,2026-10-10 22:15,0.61,,,,,,Critical,0.67
WL.LOA.01,2026-10-10 22:15,0.6,,,,,,Normal,0.78
WL.LOA.02,2026-10-10 22:15,0.67,,,,,,Normal,0.71
WL.LPC.01,2026-10-10 22:15,1.07,,,,,,Critical,1.1
WL.LPG.02,2026-10-10 22:15,0.96,1.76,,0.0,,,Critical,0.99
WL.LPG.03,2026-10-10 22:15,0.91,,,,,,Critical,0.94
WL.LPN.01,2026-10-10 22:15,-0.73,0.87,,0.0,,,Normal,-0.59
WL.LPP.01,2026-10-10 22:15,-1.59,,,,,,Normal,-1.35
WL.LPP.02,2026-10-10 22:15,-0.71,,,,,,Normal,
WL.LPT.03,2026-10-10 22:15,0.83,,,,,,Critical,0.87
WL.LPW.01,2026-10-10 22:15,-0.39,-0.43,,0.0,,,Normal,-0.25
WL.LPW.03,2026-10-10 22:15,0.07,,,,,,Normal,0.23
WL.LPW.04,2026-10-10 22:15,-0.59,,,,,,Normal,-0.49
WL.LPW.05,2026-10-10 22:15,-0.68,,,,,,Normal,-0.56
WL.LSG.01,2026-10-10 22:15,-1.22,,,,,,Normal,-1.19
WL.LSM.01,2026-10-10 22:15,-0.67,,,,,,Normal,-0.64
WL.LYW.02,2026-10-10 22:15,-1.46,,,,,,Normal,-1.44
WL.MCM.01,2026-10-10 22:15,0.23,,,,,,Normal,0.44
WL.MFS.01,2026-10-10 22:15,-0.69,,,,,,Normal,-0.68
WL.MKT.01,2026-10-10 22:15,-0.4,,,,,,Normal,-0.31
WL.MSW.01,2026-10-10 22:15,1.57,,,,,,Normal,1.96
WL.MSW.02,2026-10-10 22:15,1.22,,,,,,Normal,1.25
WL.MSW.03,2026-10-10 22:15,1.58,,,,,,Normal,1.88
WL.MSW.04,2026-10-10 22:15,1.06,,,,,,Normal,
WL.MTG.01,2026-10-10 22:15,-0.62,,,,,,Normal,-0.62
WL.NBN.01,2026-10-10 22:15,-4.32,-1.51,,0.0,,,Normal,-3.94
WL.NCH.02,2026-10-10 22:15,-0.68,,,,,,Normal,-0.33
WL.NK1.01,2026-10-10 22:15,0.13,,,,,,Normal,0.13
WL.NK3.01,2026-10-10 22:15,-0.38,,,,,,Normal,-0.12
WL.NKW.02,2026-10-10 22:15,-0.39,,,,,,Normal,-0.23
WL.NSG.01,2026-10-10 22:15,-2.0,,,,,,Normal,-2.0
WL.OAG.01,2026-10-10 22:15,-0.83,,,,,,Normal,-0.61
WL.ORC.01,2026-10-10 22:15,-1.35,-0.72,,0.0,,,Normal,-1.34
WL.PKG.01,2026-10-10 22:15,1.33,,,,,,Normal,2.13
WL.PKN.01,2026-10-10 22:15,-0.85,0.7,,0.0,0.0,0.0,Normal,-0.62
WL.PLK.01,2026-10-10 22:15,0.08,,,,,,Normal,1.48
WL.PLP.01,2026-10-10 22:15,-0.51,,,,,,Normal,-0.35
WL.PNM.01,2026-10-10 22:15,0.22,,,,,,Alert,0.3
WL.PSC.01,2026-10-10 22:15,0.22,0.25,,0.0,0.0,0.0,Normal,0.41
WL.PSC.02,2026-10-10 22:15,0.21,,,,,,Normal,0.38
WL.PSC.03,2026-10-10 22:15,0.23,,,,,,Normal,0.38
WL.PSC.05,2026-10-10 22:15,0.3,,,,,,Normal,0.47
WL.PSI.01,2026-10-10 22:15,-1.48,,,,,,Normal,-1.16
WL.PSR.01,2026-10-10 22:15,1.03,1.77,,0.2,,,Alert,1.09
WL.PSR.02,2026-10-10 22:15,1.06,,,,,,Alert,1.13
WL.PSR.03,2026-10-10 22:15,1.04,,,,,,Alert,1.1
WL.PSR.04,2026-10-10 22:15,0.71,,,,,,Normal,0.75
WL.PSR.05,2026-10-10 22:15,0.74,,,,,,Alert,0.78
WL.PST.01,2026-10-10 22:15,-1.02,,,,,,Normal,-0.88
WL.PWT.01,2026-10-10 22:15,-0.61,,,,,,Normal,-0.5
WL.PWT.02,2026-10-10 22:15,-0.11,,,,,,Normal,-0.06
WL.PWT.03,2026-10-10 22:15,0.11,0.08,,5.84,5.9,,Normal,0.18
WL.PWT.04,2026-10-10 22:15,0.45,0.49,,4.94,,,Alert,0.51
WL.PWT.06,2026-10-10 22:15,0.87,,,,,,Critical,0.92
WL.PWT.07,2026-10-10 22:15,0.84,,,,,,Critical,0.9
WL.PYW.01,2026-10-10 22:15,-1.03,,,,,,Normal,-0.54
WL.RHN.01,2026-10-10 22:15,-0.8,-0.42,,0.0,,,Normal,-0.06
WL.RJK.01,2026-10-10 22:15,0.32,0.32,,7.5,,,Normal,0.33
WL.RMN.01,2026-10-10 22:15,0.52,,,,,,Normal,
WL.RMT.01,2026-10-10 22:15,-0.92,0.89,,0.0,0.0,,Normal,-0.58
WL.RMT.02,2026-10-10 22:15,-0.19,,,,,,Normal,0.1
WL.RSK.01,2026-10-10 22:15,0.32,,,,,,Normal,0.46
WL.SBR.01,2026-10-10 22:15,0.51,1.23,,0.0,,,Normal,0.59
WL.SBR.02,2026-10-10 22:15,0.44,,,,,,Normal,0.53
WL.SBT.01,2026-10-10 22:15,-0.24,0.02,,0.0,,,Normal,0.09
WL.SCO.01,2026-10-10 22:15,0.13,,,,,,Normal,0.25
WL.SKT.01,2026-10-10 22:15,-0.67,,,,,,Normal,-0.67
WL.SKT.02,2026-10-10 22:15,-0.72,,,,,,Normal,-0.72
WL.SMK.01,2026-10-10 22:15,-0.21,,,,,,Normal,-0.21
WL.SNC.01,2026-10-10 22:15,-0.34,1.02,,0.0,0.0,0.0,Alert,-0.14
WL.SNC.02,2026-10-10 22:15,0.18,,,,,,Normal,0.38
WL.SNC.03,2026-10-10 22:15,-0.09,,,,,,Normal,0.26
WL.SNO.01,2026-10-10 22:15,-1.09,,,,,,Normal,-1.03
WL.SOL.01,2026-10-10 22:15,-0.67,,,,,,Normal,-0.66
WL.SRE.01,2026-10-10 22:15,-0.62,1.05,,0.0,0.0,,Normal,0.18
WL.SRG.01,2026-10-10 22:15,-0.75,0.83,,0.0,0.0,0.0,Normal,-0.41
WL.SSB.01,2026-10-10 22:15,-0.82,,,,,,Normal,-0.58
WL.SSB.03,2026-10-10 22:15,-0.6,,,,,,Normal,-0.38
WL.SSB.04,2026-10-10 22:15,-0.67,-0.69,,7.5,7.5,,Normal,-0.5
WL.SSB.06,2026-10-10 22:15,-0.53,,,,,,Normal,0.14
WL.SSB.07,2026-10-10 22:15,-0.08,,,,,,Normal,0.1
WL.SSB.08,2026-10-10 22:15,0.25,,,,,,Normal,0.33
WL.SSB.10,2026-10-10 22:15,0.79,1.03,,3.64,,,Critical,0.83
WL.SSB.11,2026-10-10 22:15,1.2,,,,,,Critical,1.22
WL.SSB.12,2026-10-10 22:15,1.2,1.5,,0.0,,,Critical,1.22
WL.SSB.13,2026-10-10 22:15,1.9,,,,,,Critical,
WL.SSG.01,2026-10-10 22:15,1.55,,,,,,Alert,1.57
WL.SSM.01,2026-10-10 22:15,1.29,-99,,0.0,,,Critical,1.32
WL.SSM.02,2026-10-10 22:15,1.56,,,,,,Normal,
WL.SSN.01,2026-10-10 22:15,-1.02,1.62,,7.0,0.0,0.0,Normal,-1.01
WL.SSN.02,2026-10-10 22:15,-1.79,,,,,,Normal,-1.03
WL.SSN.04,2026-10-10 22:15,-1.12,,,,,,Normal,-1.11
WL.SSN.06,2026-10-10 22:15,-1.74,,,,,,Normal,-1.71
WL.SSN.07,2026-10-10 22:15,-1.0,,,,,,Normal,-0.94
WL.SSN.08,2026-10-10 22:15,-0.69,-0.7,,0.0,,,Normal,-0.59
WL.SSN.09,2026-10-10 22:15,-0.71,,,,,,Normal,-0.6
WL.SSN.10,2026-10-10 22:15,-0.67,,,,,,Normal,-0.58
WL.SST.01,2026-10-10 22:15,0.78,1.71,,0.32,,,Alert,0.83
WL.STN.02,2026-10-10 22:15,0.58,,,,,,Alert,0.62
WL.STN.03,2026-10-10 22:15,0.59,,,,,,Critical,0.64
WL.STR.01,2026-10-10 22:15,-0.95,0.22,1.06,0.0,0.0,0.0,Normal,-0.86
WL.SWU.01,2026-10-10 22:15,-1.63,,,,,,Normal,-0.97
WL.TCG.01,2026-10-10 22:15,-0.97,,,,,,Normal,-0.94
WL.TPK.03,2026-10-10 22:15,0.4,,,,,,Critical,0.45
WL.TSK.01,2026-10-10 22:15,-1.8,,,,,,Normal,-1.39
WL.TTN.01,2026-10-10 22:15,-0.89,,,,,,Normal,-0.82
WL.TUT.02,2026-10-10 22:15,-0.92,,,,,,Normal,-0.2
WL.TWW.01,2026-10-10 22:15,0.56,1.15,,0.5,,,Normal,0.76
WL.TWW.02,2026-10-10 22:15,0.53,,,,,,Normal,0.69
WL.TWW.03,2026-10-10 22:15,0.54,,,,,,Normal,0.62
WL.TWW.04,2026-10-10 22:15,0.52,,,,,,Normal,0.58
WL.TWW.05,2026-10-10 22:15,0.32,,,,,,Normal,0.49
WL.VPD.01,2026-10-10 22:15,-1.01,,,,,,Normal,-0.94
WL.VPD.02,2026-10-10 22:15,-0.97,,,,,,Normal,-0.91
WL.VPD.03,2026-10-10 22:15,-1.3,,,,,,Normal,-1.27
WL.VPV.01,2026-10-10 22:15,-1.57,,,0.0,,,Normal,-1.39
WL.WHK.01,2026-10-10 22:15,0.94,,,,,,Alert,1.02
WL.WKT.01,2026-10-10 22:15,0.33,,,,,,Normal,0.4
WL.WLS.01,2026-10-10 22:15,0.44,,,,,,Normal,0.57
WL.WSI.01,2026-10-10 22:15,-0.88,0.85,,0.0,0.0,0.0,Normal,-0.5
WL.WTK.01,2026-10-10 22:15,-1.06,,,,,,Normal,-0.46
WL.WTN.02,2026-10-10 22:15,-1.12,,,,,,Normal,-1.08
WL.YPE.01,2026-10-10 22:15,0.25,,,,,,Normal,0.41
WL.YPN.01,2026-10-10 22:15,-0.83,,,,,,Normal,-0.79
WL.YPN.02,2026-10-10 22:15,-0.88,,,,,,Normal,-0.84
WL.YSN.02,2026-10-10 22:15,-0.96,,,,,,Normal,-0.91
WL.LPI.02,2026-10-10 22:18,-0.13,,,,,,Normal,0.01
WL.RMT.03,2026-10-10 22:55,-2.0,,,,,,temporarily out of order,-2.0
WL.ANG.01,2026-10-10 23:10,0.86,,,,,,Normal,
WL.BBU.02,2026-10-10 23:10,0.39,,,,,,Normal,
WL.BKH.01,2026-10-10 23:10,0.0,,,,,,Normal,
WL.BMD.01,2026-10-10 23:10,0.36,,,,,,Normal,
WL.BNJ.05,2026-10-10 23:10,-1.31,,,,,,Normal,
WL.BSE.01,2026-10-10 23:10,-1.54,,,,,,Normal,
WL.BTL.02,2026-10-10 23:10,0.05,,,,,,Normal,
WL.CLH.01,2026-10-10 23:10,-0.42,,,,,,Normal,
WL.CYI.02,2026-10-10 23:10,-0.66,,,,,,Normal,-0.54
WL.K08.01,2026-10-10 23:10,1.54,,,,,,Alert,
WL.K10.01,2026-10-10 23:10,1.62,,,,,,Alert,
WL.K11.01,2026-10-10 23:10,1.57,,,,,,Alert,
WL.KBP.01,2026-10-10 23:10,-0.93,,,,,,Normal,
WL.KHW.01,2026-10-10 23:10,1.68,,,,,,Normal,
WL.KKO.02,2026-10-10 23:10,1.55,,,,,,Alert,
WL.KPM.07,2026-10-10 23:10,0.57,,,,,,Normal,
WL.LPS.01,2026-10-10 23:10,0.74,,,,,,Normal,
WL.LPT.03,2026-10-10 23:10,0.83,,,,,,Critical,0.87
WL.LPT.05,2026-10-10 23:10,1.91,,,,,,Normal,
WL.MKT.02,2026-10-10 23:10,-1.2,,,,,,Normal,
WL.NK3.02,2026-10-10 23:10,-0.67,,,,,,Normal,
WL.PNM.01,2026-10-10 23:10,0.22,,,,,,Alert,0.3
WL.POC.01,2026-10-10 23:10,1.46,,,,,,Normal,
WL.PSC.06,2026-10-10 23:10,0.4,,,,,,Normal,
WL.PYW.01,2026-10-10 23:10,-0.98,,,,,,Normal,-0.54
WL.RPS.01,2026-10-10 23:10,2.07,,,,,,Alert,
WL.SSB.01,2026-10-10 23:10,-0.86,,,,,,Normal,-0.58
WL.SSB.13,2026-10-10 23:10,1.9,,,,,,Critical,
WL.SSG.02,2026-10-10 23:10,1.54,,,,,,Alert,
WL.SSM.02,2026-10-10 23:10,1.56,,,,,,Normal,
WL.STN.01,2026-10-10 23:10,0.51,,,,,,Alert,0.55
WL.SWA.02,2026-10-10 23:10,1.39,,,,,,Normal,
WL.AJP.01,2026-10-10 23:15,-0.78,,,,,,Normal,-0.5
WL.ANX.01,2026-10-10 23:15,-0.01,,,,,,Normal,0.02
WL.BAM.01,2026-10-10 23:15,0.08,,,,,,Normal,0.26
WL.BBN.02,2026-10-10 23:15,0.12,,,,,,Normal,0.39
WL.BBN.03,2026-10-10 23:15,0.33,,,,,,Normal,0.56
WL.BBR.01,2026-10-10 23:15,-0.05,,,,,,Normal,0.23
WL.BBR.02,2026-10-10 23:15,-0.11,,,,,,Normal,0.2
WL.BBU.01,2026-10-10 23:15,0.31,,,,,,Normal,0.45
WL.BCN.01,2026-10-10 23:15,0.35,,,,,,Normal,0.46
WL.BCN.02,2026-10-10 23:15,0.35,,,,,,Normal,0.46
WL.BCN.03,2026-10-10 23:15,0.4,,,,,,Normal,0.52
WL.BJK.01,2026-10-10 23:15,-1.51,0.24,,0.0,0.0,,Normal,-1.28
WL.BJK.02,2026-10-10 23:15,0.34,,,,,,Normal,0.49
WL.BJK.03,2026-10-10 23:15,0.3,,,,,,Normal,0.46
WL.BJK.04,2026-10-10 23:15,0.36,,,,,,Normal,0.52
WL.BKA.01,2026-10-10 23:15,-1.5,1.69,,1.73,1.74,0.0,Normal,-1.05
WL.BKA.02,2026-10-10 23:15,-0.88,,,,,,Normal,-0.77
WL.BKA.03,2026-10-10 23:15,-0.46,,,,,,Normal,-0.37
WL.BKA.04,2026-10-10 23:15,-0.02,,,,,,Normal,0.1
WL.BKB.01,2026-10-10 23:15,-0.35,,,,,,Normal,-0.28
WL.BKG.01,2026-10-10 23:15,0.64,-2.0,,0.0,,,Critical,0.67
WL.BKK.01,2026-10-10 23:15,0.37,,,,,,Normal,
WL.BKT.01,2026-10-10 23:15,-0.76,,,,,,Normal,-0.76
WL.BKY.01,2026-10-10 23:15,0.18,1.2,,0.0,5.7,0.0,Normal,0.41
WL.BKY.02,2026-10-10 23:15,0.29,,,,,,Normal,0.44
WL.BLP.02,2026-10-10 23:15,-0.85,,,,,,Normal,-0.57
WL.BLY.01,2026-10-10 23:15,-0.52,,,,,,Normal,-0.49
WL.BLY.02,2026-10-10 23:15,-0.59,,,,,,Normal,-0.57
WL.BMA.02,2026-10-10 23:15,-0.09,,,,,,Normal,0.58
WL.BMK.01,2026-10-10 23:15,-1.59,,,,,,Normal,-1.0
WL.BNA.01,2026-10-10 23:15,-1.38,0.14,,0.0,0.0,,Normal,-1.27
WL.BNA.03,2026-10-10 23:15,-0.69,,,,,,Normal,-0.65
WL.BNA.04,2026-10-10 23:15,-0.61,,,,,,Normal,-0.55
WL.BNJ.04,2026-10-10 23:15,-1.19,,,,,,Normal,-0.88
WL.BNS.01,2026-10-10 23:15,0.29,,,,,,Normal,0.4
WL.BOA.01,2026-10-10 23:15,-1.45,0.29,,0.0,0.0,,Normal,-1.17
WL.BOA.02,2026-10-10 23:15,-1.5,,,,,,Normal,-1.14
WL.BOA.03,2026-10-10 23:15,-1.45,,,,,,Normal,-1.17
WL.BON.01,2026-10-10 23:15,-1.48,,,,,,Normal,-1.2
WL.BPA.01,2026-10-10 23:15,-0.71,,,,,,Normal,-0.61
WL.BPK.01,2026-10-10 23:15,0.05,,,,,,Normal,0.22
WL.BPM.01,2026-10-10 23:15,0.21,,,,,,Normal,0.32
WL.BPM.02,2026-10-10 23:15,0.3,,,,,,Normal,0.41
WL.BPM.03,2026-10-10 23:15,0.45,,,,,,Normal,0.56
WL.BPM.04,2026-10-10 23:15,0.4,,,,,,Normal,0.47
WL.BPN.02,2026-10-10 23:15,0.16,,,,,,Normal,0.41
WL.BPU.01,2026-10-10 23:15,-0.28,,,,,,Normal,1.61
WL.BSK.01,2026-10-10 23:15,0.05,0.8,,0.0,0.0,,Normal,0.47
WL.BSU.01,2026-10-10 23:15,-0.97,1.62,,0.0,0.0,0.0,Normal,-0.71
WL.BSU.02,2026-10-10 23:15,-0.86,,,,,,Normal,-0.68
WL.BSU.03,2026-10-10 23:15,-1.43,,,,,,Normal,-1.16
WL.BSU.04,2026-10-10 23:15,-1.11,,,,,,Normal,-1.09
WL.BSU.05,2026-10-10 23:15,-1.37,,,,,,Normal,-1.01
WL.BSU.06,2026-10-10 23:15,-1.15,,,,,,Normal,-0.75
WL.BSU.07,2026-10-10 23:15,-0.68,,,,,,Normal,-0.47
WL.BTL.01,2026-10-10 23:15,-0.64,,,,,,Normal,-0.62
WL.BTY.01,2026-10-10 23:15,0.17,,,,,,Normal,0.32
WL.BWK.01,2026-10-10 23:15,0.22,,,,,,Normal,0.4
WL.BWK.02,2026-10-10 23:15,0.45,,,,,,Normal,0.58
WL.BWK.03,2026-10-10 23:15,0.48,,,,,,Normal,0.55
WL.BYI.01,2026-10-10 23:15,1.0,,,,,,Critical,1.0
WL.BYK.02,2026-10-10 23:15,0.0,,,,,,Normal,0.35
WL.CKS.01,2026-10-10 23:15,-1.43,,,0.0,0.0,,Normal,-1.23
WL.CKS.02,2026-10-10 23:15,-1.04,,,,,,Normal,-0.93
WL.CKS.03,2026-10-10 23:15,-1.2,,,,,,Normal,-1.04
WL.CNS.01,2026-10-10 23:15,-1.58,0.38,,0.0,0.0,,Normal,-0.97
WL.CPA.01,2026-10-10 23:15,0.22,1.38,,0.0,4.57,,Normal,0.33
WL.CPA.02,2026-10-10 23:15,0.21,,,,,,Normal,0.39
WL.CYI.01,2026-10-10 23:15,-0.68,,,,,,Normal,-0.56
WL.CYI.03,2026-10-10 23:15,-0.6,,,,,,Normal,-0.48
WL.DKN.01,2026-10-10 23:15,0.13,0.73,,0.0,6.23,0.0,Normal,0.34
WL.FTM.01,2026-10-10 23:15,-1.06,,,,,,Normal,-1.03
WL.HKG.01,2026-10-10 23:15,-0.81,,,,,,Normal,-0.71
WL.HKG.02,2026-10-10 23:15,-0.77,,,,,,Normal,-0.66
WL.HMK.01,2026-10-10 23:15,-0.21,,,,,,Normal,-0.15
WL.HMK.02,2026-10-10 23:15,-0.39,,,,,,Normal,-0.33
WL.HMK.03,2026-10-10 23:15,-0.17,,,,,,Normal,-0.11
WL.JRN.01,2026-10-10 23:15,0.26,0.58,,0.0,,,Normal,0.32
WL.KBU.01,2026-10-10 23:15,0.17,1.4,,0.0,,,Normal,0.48
WL.KBU.02,2026-10-10 23:15,0.28,,,,,,Normal,0.45
WL.KCD.01,2026-10-10 23:15,-1.09,,,,,,Normal,-1.0
WL.KDN.01,2026-10-10 23:15,-0.56,0.43,,0.0,,,Normal,-0.55
WL.KJA.01,2026-10-10 23:15,-0.78,,,,,,Normal,-0.72
WL.KJA.02,2026-10-10 23:15,-0.28,,,,,,Normal,-0.25
WL.KJG.01,2026-10-10 23:15,-0.41,,,,,,Normal,-0.36
WL.KJK.01,2026-10-10 23:15,-1.3,0.26,,0.0,0.0,,Normal,-1.11
WL.KJK.02,2026-10-10 23:15,-1.26,,,,,,Normal,-1.06
WL.KJN.02,2026-10-10 23:15,-0.3,,,,,,Normal,-0.07
WL.KJT.01,2026-10-10 23:15,-1.16,,,,,,Normal,-1.06
WL.KJU.01,2026-10-10 23:15,-0.39,,,,,,Normal,-0.39
WL.KKD.01,2026-10-10 23:15,-0.53,,,,,,Normal,-0.5
WL.KKD.02,2026-10-10 23:15,-0.64,,,,,,Normal,-0.62
WL.KKO.01,2026-10-10 23:15,1.6,,,,,,Alert,1.63
WL.KKS.01,2026-10-10 23:15,-0.84,1.37,,0.0,0.0,,Normal,-0.57
WL.KKS.02,2026-10-10 23:15,-0.81,,,,,,Normal,-0.54
WL.KKS.03,2026-10-10 23:15,-0.95,,,,,,Normal,-0.66
WL.KKS.04,2026-10-10 23:15,-1.0,0.97,,0.0,,,Normal,-0.63
WL.KKY.01,2026-10-10 23:15,0.41,,,,,,Normal,0.58
WL.KKY.02,2026-10-10 23:15,0.44,,,,,,Normal,0.56
WL.KLA.01,2026-10-10 23:15,-0.34,,,,,,Normal,-0.29
WL.KLD.02,2026-10-10 23:15,-0.26,,,,,,Normal,-0.1
WL.KLT.01,2026-10-10 23:15,-0.79,,,,,,Normal,-0.62
WL.KMN.01,2026-10-10 23:15,0.16,1.2,,0.1,5.97,0.0,Normal,0.4
WL.KNB.02,2026-10-10 23:15,-0.48,,,,,,Normal,-0.41
WL.KPG.01,2026-10-10 23:15,-1.07,,,,,,Normal,-1.03
WL.KPM.01,2026-10-10 23:15,-0.39,,,,,,Normal,-0.32
WL.KPM.03,2026-10-10 23:15,-0.21,,,,,,Normal,-0.11
WL.KPM.05,2026-10-10 23:15,0.4,,,,,,Normal,0.51
WL.KPM.06,2026-10-10 23:15,0.4,,,,,,Normal,0.54
WL.KPM.08,2026-10-10 23:15,0.35,,,,,,Normal,0.46
WL.KSG.01,2026-10-10 23:15,0.64,,,,,,Normal,0.7
WL.KSI.01,2026-10-10 23:15,0.73,,,,,,Normal,0.78
WL.KSI.02,2026-10-10 23:15,0.75,,,,,,Critical,0.8
WL.KSK.01,2026-10-10 23:15,-0.66,,,,,,Normal,-0.64
WL.KSM.01,2026-10-10 23:15,0.74,,,,,,Critical,0.8
WL.KSM.02,2026-10-10 23:15,0.68,,,,,,Critical,0.74
WL.KSO.01,2026-10-10 23:15,0.56,,,,,,Normal,0.62
WL.KSO.02,2026-10-10 23:15,0.57,,,,,,Normal,0.64
WL.KTY.01,2026-10-10 23:15,-1.96,0.27,,0.0,,,Normal,-1.44
WL.LBK.02,2026-10-10 23:15,0.48,,,,,,Critical,0.53
WL.LBK.03,2026-10-10 23:15,0.38,,,,,,Alert,0.43
WL.LCL.01,2026-10-10 23:15,0.58,,,,,,Normal,0.64
WL.LKB.01,2026-10-10 23:15,0.61,,,,,,Critical,0.67
WL.LOA.01,2026-10-10 23:15,0.59,,,,,,Normal,0.78
WL.LOA.02,2026-10-10 23:15,0.67,,,,,,Normal,0.71
WL.LPC.01,2026-10-10 23:15,1.07,,,,,,Critical,1.1
WL.LPG.02,2026-10-10 23:15,0.96,1.76,,0.0,,,Critical,0.99
WL.LPG.03,2026-10-10 23:15,0.91,,,,,,Critical,0.94
WL.LPN.01,2026-10-10 23:15,-0.7,0.8,,0.0,,,Normal,-0.59
WL.LPP.01,2026-10-10 23:15,-1.58,,,,,,Normal,-1.35
WL.LPP.02,2026-10-10 23:15,-0.66,,,,,,Normal,
WL.LPW.01,2026-10-10 23:15,-0.41,-0.44,,0.0,,,Normal,-0.25
WL.LPW.03,2026-10-10 23:15,0.06,,,,,,Normal,0.23
WL.LPW.04,2026-10-10 23:15,-0.61,,,,,,Normal,-0.49
WL.LPW.05,2026-10-10 23:15,-0.7,,,,,,Normal,-0.56
WL.LSG.01,2026-10-10 23:15,-1.22,,,,,,Normal,-1.19
WL.LSM.01,2026-10-10 23:15,-0.67,,,,,,Normal,-0.64
WL.LYW.02,2026-10-10 23:15,-1.46,,,,,,Normal,-1.44
WL.MCM.01,2026-10-10 23:15,0.23,,,,,,Normal,0.44
WL.MFS.01,2026-10-10 23:15,-0.69,,,,,,Normal,-0.68
WL.MKT.01,2026-10-10 23:15,-0.4,,,,,,Normal,-0.31
WL.MSW.01,2026-10-10 23:15,1.43,,,,,,Normal,1.96
WL.MSW.02,2026-10-10 23:15,1.23,,,,,,Normal,1.25
WL.MSW.03,2026-10-10 23:15,1.44,,,,,,Normal,1.88
WL.MSW.04,2026-10-10 23:15,1.06,,,,,,Normal,
WL.MTG.01,2026-10-10 23:15,-0.62,,,,,,Normal,-0.62
WL.NBN.01,2026-10-10 23:15,-4.33,-1.5,,0.0,,,Normal,-3.94
WL.NCH.02,2026-10-10 23:15,-0.51,,,,,,Normal,-0.33
WL.NK1.01,2026-10-10 23:15,0.15,,,,,,Normal,0.15
WL.NK3.01,2026-10-10 23:15,-0.39,,,,,,Normal,-0.12
WL.NKW.02,2026-10-10 23:15,-0.39,,,,,,Normal,-0.23
WL.NSG.01,2026-10-10 23:15,-2.0,,,,,,Normal,-2.0
WL.OAG.01,2026-10-10 23:15,-0.9,,,,,,Normal,-0.61
WL.ORC.01,2026-10-10 23:15,-1.35,-0.77,,0.0,,,Normal,-1.34
WL.PKG.01,2026-10-10 23:15,1.12,,,,,,Normal,2.13
WL.PKN.01,2026-10-10 23:15,-0.89,0.43,,0.0,0.0,0.0,Normal,-0.62
WL.PLK.01,2026-10-10 23:15,-0.19,,,,,,Normal,1.48
WL.PLP.01,2026-10-10 23:15,-0.51,,,,,,Normal,-0.35
WL.PSC.01,2026-10-10 23:15,0.21,0.24,,0.0,0.0,0.0,Normal,0.41
WL.PSC.02,2026-10-10 23:15,0.2,,,,,,Normal,0.38
WL.PSC.03,2026-10-10 23:15,0.23,,,,,,Normal,0.38
WL.PSC.05,2026-10-10 23:15,0.31,,,,,,Normal,0.47
WL.PSI.01,2026-10-10 23:15,-1.41,,,,,,Normal,-1.16
WL.PSR.01,2026-10-10 23:15,1.03,1.75,,0.2,,,Alert,1.09
WL.PSR.02,2026-10-10 23:15,1.06,,,,,,Alert,1.13
WL.PSR.03,2026-10-10 23:15,1.04,,,,,,Alert,1.1
WL.PSR.04,2026-10-10 23:15,0.71,,,,,,Normal,0.75
WL.PSR.05,2026-10-10 23:15,0.74,,,,,,Alert,0.78
WL.PST.01,2026-10-10 23:15,-1.02,,,,,,Normal,-0.88
WL.PWT.01,2026-10-10 23:15,-0.63,,,,,,Normal,-0.5
WL.PWT.02,2026-10-10 23:15,-0.12,,,,,,Normal,-0.06
WL.PWT.03,2026-10-10 23:15,0.11,0.1,,5.84,5.9,,Normal,0.18
WL.PWT.04,2026-10-10 23:15,0.44,0.48,,4.94,,,Alert,0.51
WL.PWT.06,2026-10-10 23:15,0.86,,,,,,Critical,0.92
WL.PWT.07,2026-10-10 23:15,0.84,,,,,,Critical,0.9
WL.RHN.01,2026-10-10 23:15,-0.74,-0.41,,0.0,,,Normal,-0.06
WL.RJK.01,2026-10-10 23:15,0.26,0.26,,7.5,,,Normal,0.33
WL.RMN.01,2026-10-10 23:15,0.52,,,,,,Normal,
WL.RMT.01,2026-10-10 23:15,-0.91,0.85,,0.0,0.0,,Normal,-0.58
WL.RMT.02,2026-10-10 23:15,-0.19,,,,,,Normal,0.1
WL.RSK.01,2026-10-10 23:15,0.32,,,,,,Normal,0.46
WL.SBR.01,2026-10-10 23:15,0.5,1.23,,0.0,,,Normal,0.59
WL.SBR.02,2026-10-10 23:15,0.44,,,,,,Normal,0.53
WL.SBT.01,2026-10-10 23:15,-0.23,0.01,,0.0,,,Normal,0.09
WL.SCO.01,2026-10-10 23:15,0.15,,,,,,Normal,0.25
WL.SDN.01,2026-10-10 23:15,0.23,,,,,,Normal,0.23
WL.SKT.01,2026-10-10 23:15,-0.66,,,,,,Normal,-0.66
WL.SKT.02,2026-10-10 23:15,-0.71,,,,,,Normal,-0.71
WL.SMK.01,2026-10-10 23:15,-0.21,,,,,,Normal,-0.21
WL.SNC.01,2026-10-10 23:15,-0.32,0.97,,0.0,0.0,0.0,Normal,-0.14
WL.SNC.02,2026-10-10 23:15,0.16,,,,,,Normal,0.38
WL.SNC.03,2026-10-10 23:15,-0.09,,,,,,Normal,0.26
WL.SNO.01,2026-10-10 23:15,-1.05,,,,,,Normal,-1.03
WL.SOL.01,2026-10-10 23:15,-0.67,,,,,,Normal,-0.66
WL.SRE.01,2026-10-10 23:15,-0.57,0.84,,0.0,0.0,,Normal,0.18
WL.SRG.01,2026-10-10 23:15,-0.8,0.63,,0.0,0.0,0.0,Normal,-0.41
WL.SSB.03,2026-10-10 23:15,-0.63,,,,,,Normal,-0.38
WL.SSB.04,2026-10-10 23:15,-0.7,-0.71,,7.5,7.5,,Normal,-0.5
WL.SSB.06,2026-10-10 23:15,-0.55,,,,,,Normal,0.14
WL.SSB.07,2026-10-10 23:15,-0.12,,,,,,Normal,0.1
WL.SSB.08,2026-10-10 23:15,0.23,,,,,,Normal,0.33
WL.SSB.09,2026-10-10 23:15,0.53,1.1,,0.0,,,Critical,0.57
WL.SSB.10,2026-10-10 23:15,0.79,1.02,,3.64,,,Critical,0.83
WL.SSB.11,2026-10-10 23:15,1.2,,,,,,Critical,1.22
WL.SSB.12,2026-10-10 23:15,1.2,1.5,,0.0,,,Critical,1.22
WL.SSG.01,2026-10-10 23:15,1.55,,,,,,Alert,1.57
WL.SSM.01,2026-10-10 23:15,1.29,-99,,0.0,,,Critical,1.32
WL.SSN.01,2026-10-10 23:15,-1.02,1.46,,7.0,0.0,0.0,Normal,-1.01
WL.SSN.02,2026-10-10 23:15,-1.8,,,,,,Normal,-1.03
WL.SSN.04,2026-10-10 23:15,-1.16,,,,,,Normal,-1.11
WL.SSN.06,2026-10-10 23:15,-1.77,,,,,,Normal,-1.71
WL.SSN.07,2026-10-10 23:15,-1.03,,,,,,Normal,-0.94
WL.SSN.08,2026-10-10 23:15,-0.72,-0.72,,0.0,,,Normal,-0.59
WL.SSN.09,2026-10-10 23:15,-0.74,,,,,,Normal,-0.6
WL.SSN.10,2026-10-10 23:15,-0.69,,,,,,Normal,-0.58
WL.SST.01,2026-10-10 23:15,0.77,1.71,,0.32,,,Alert,0.83
WL.STN.02,2026-10-10 23:15,0.58,,,,,,Alert,0.62
WL.STN.03,2026-10-10 23:15,0.59,,,,,,Critical,0.64
WL.STR.01,2026-10-10 23:15,-0.97,0.23,0.86,0.0,0.0,0.0,Normal,-0.86
WL.SWU.01,2026-10-10 23:15,-1.53,,,,,,Normal,-0.97
WL.TCG.01,2026-10-10 23:15,-0.97,,,,,,Normal,-0.94
WL.TPK.03,2026-10-10 23:15,0.4,,,,,,Critical,0.45
WL.TSK.01,2026-10-10 23:15,-1.8,,,,,,Normal,-1.39
WL.TTN.01,2026-10-10 23:15,-0.89,,,,,,Normal,-0.82
WL.TUT.02,2026-10-10 23:15,-0.87,,,,,,Normal,-0.2
WL.TWW.01,2026-10-10 23:15,0.56,1.15,,0.5,,,Normal,0.76
WL.TWW.02,2026-10-10 23:15,0.53,,,,,,Normal,0.69
WL.TWW.03,2026-10-10 23:15,0.54,,,,,,Normal,0.62
WL.TWW.04,2026-10-10 23:15,0.51,,,,,,Normal,0.58
WL.TWW.05,2026-10-10 23:15,0.32,,,,,,Normal,0.49
WL.VPD.01,2026-10-10 23:15,-1.02,,,,,,Normal,-0.94
WL.VPD.02,2026-10-10 23:15,-0.97,,,,,,Normal,-0.91
WL.VPD.03,2026-10-10 23:15,-1.3,,,,,,Normal,-1.27
WL.VPV.01,2026-10-10 23:15,-1.86,,,0.0,,,Normal,-1.39
WL.WHK.01,2026-10-10 23:15,0.9,,,,,,Alert,1.02
WL.WKT.01,2026-10-10 23:15,0.33,,,,,,Normal,0.4
WL.WLS.01,2026-10-10 23:15,0.44,,,,,,Normal,0.57
WL.WSI.01,2026-10-10 23:15,-0.72,0.62,,0.0,0.0,0.0,Normal,-0.5
WL.WSV.01,2026-10-10 23:15,0.09,,,,,,Normal,0.14
WL.WTK.01,2026-10-10 23:15,-1.05,,,,,,Normal,-0.46
WL.WTN.02,2026-10-10 23:15,-1.12,,,,,,Normal,-1.08
WL.YPE.01,2026-10-10 23:15,0.24,,,,,,Normal,0.41
WL.YPN.01,2026-10-10 23:15,-0.76,,,,,,Normal,-0.76
WL.YPN.02,2026-10-10 23:15,-0.82,,,,,,Normal,-0.82
WL.YSN.02,2026-10-10 23:15,-0.97,,,,,,Normal,-0.91
WL.LPI.02,2026-10-10 23:18,-0.14,,,,,,Normal,0.01
WL.WSV.01,2026-10-10 23:25,0.09,,,,,,out of order,0.14
WL.LPI.02,2026-10-10 23:48,-0.14,,,,,,out of order,0.01
WL.PNM.01,2026-10-10 23:55,0.21,,,,,,temporarily out of order,0.3
