code,measured,wl_in_m,wl_out_m,wl_out2_m,gate1,gate2,gate3,status,max_in_today_m
WL.AJP.01,2026-10-09 00:00,-0.90,,,,,,backfill,
WL.ANX.01,2026-10-09 00:00,-0.04,,,,,,backfill,
WL.BAM.01,2026-10-09 00:00,0.38,,,,,,backfill,
WL.BBN.01,2026-10-09 00:00,,,,,,,backfill,
WL.BBN.02,2026-10-09 00:00,0.10,,,,,,backfill,
WL.BBN.03,2026-10-09 00:00,0.35,,,,,,backfill,
WL.BBR.01,2026-10-09 00:00,-0.06,,,,,,backfill,
WL.BBR.02,2026-10-09 00:00,-0.06,,,,,,backfill,
WL.BBU.01,2026-10-09 00:00,0.51,,,,,,backfill,
WL.BCN.01,2026-10-09 00:00,0.50,,,,,,backfill,
WL.BCN.02,2026-10-09 00:00,0.49,,,,,,backfill,
WL.BCN.03,2026-10-09 00:00,0.54,,,,,,backfill,
WL.BJK.01,2026-10-09 00:00,-1.34,0.27,,,,,backfill,
WL.BJK.02,2026-10-09 00:00,0.45,,,,,,backfill,
WL.BJK.03,2026-10-09 00:00,0.43,,,,,,backfill,
WL.BJK.04,2026-10-09 00:00,0.49,,,,,,backfill,
WL.BKA.01,2026-10-09 00:00,-1.23,1.57,,,,,backfill,
WL.BKA.02,2026-10-09 00:00,-0.69,,,,,,backfill,
WL.BKA.03,2026-10-09 00:00,-0.27,,,,,,backfill,
WL.BKA.04,2026-10-09 00:00,0.16,,,,,,backfill,
WL.BKB.01,2026-10-09 00:00,-0.37,,,,,,backfill,
WL.BKG.01,2026-10-09 00:00,0.68,-2.00,,,,,backfill,
WL.BKT.01,2026-10-09 00:00,-0.32,,,,,,backfill,
WL.BKY.01,2026-10-09 00:00,0.37,1.12,,,,,backfill,
WL.BKY.02,2026-10-09 00:00,0.44,,,,,,backfill,
WL.BLP.02,2026-10-09 00:00,-0.77,,,,,,backfill,
WL.BLY.01,2026-10-09 00:00,-0.44,,,,,,backfill,
WL.BLY.02,2026-10-09 00:00,-0.52,,,,,,backfill,
WL.BMA.02,2026-10-09 00:00,0.06,,,,,,backfill,
WL.BMK.01,2026-10-09 00:00,-1.37,,,,,,backfill,
WL.BNA.01,2026-10-09 00:00,-1.35,0.16,,,,,backfill,
WL.BNA.02,2026-10-09 00:00,,,,,,,backfill,
WL.BNA.03,2026-10-09 00:00,-0.55,,,,,,backfill,
WL.BNA.04,2026-10-09 00:00,-0.42,,,,,,backfill,
WL.BNJ.01,2026-10-09 00:00,,,,,,,backfill,
WL.BNJ.02,2026-10-09 00:00,-1.38,,,,,,backfill,
WL.BNJ.03,2026-10-09 00:00,,,,,,,backfill,
WL.BNJ.04,2026-10-09 00:00,-1.14,,,,,,backfill,
WL.BNS.01,2026-10-09 00:00,0.50,,,,,,backfill,
WL.BOA.01,2026-10-09 00:00,-1.26,0.29,,,,,backfill,
WL.BOA.02,2026-10-09 00:00,-1.32,,,,,,backfill,
WL.BOA.03,2026-10-09 00:00,-1.27,,,,,,backfill,
WL.BON.01,2026-10-09 00:00,-1.28,,,,,,backfill,
WL.BPA.01,2026-10-09 00:00,-0.54,,,,,,backfill,
WL.BPK.01,2026-10-09 00:00,0.14,,,,,,backfill,
WL.BPM.01,2026-10-09 00:00,0.44,,,,,,backfill,
WL.BPM.02,2026-10-09 00:00,0.50,,,,,,backfill,
WL.BPM.03,2026-10-09 00:00,0.62,,,,,,backfill,
WL.BPM.04,2026-10-09 00:00,0.58,,,,,,backfill,
WL.BPN.02,2026-10-09 00:00,0.15,,,,,,backfill,
WL.BPU.01,2026-10-09 00:00,-0.16,,,,,,backfill,
WL.BSK.01,2026-10-09 00:00,0.08,0.77,,,,,backfill,
WL.BSU.01,2026-10-09 00:00,-1.08,1.50,,,,,backfill,
WL.BSU.02,2026-10-09 00:00,-0.84,,,,,,backfill,
WL.BSU.03,2026-10-09 00:00,-1.29,,,,,,backfill,
WL.BSU.04,2026-10-09 00:00,-1.11,,,,,,backfill,
WL.BSU.05,2026-10-09 00:00,-1.24,,,,,,backfill,
WL.BSU.06,2026-10-09 00:00,-0.84,,,,,,backfill,
WL.BSU.07,2026-10-09 00:00,-0.59,,,,,,backfill,
WL.BTL.01,2026-10-09 00:00,-0.51,,,,,,backfill,
WL.BTY.01,2026-10-09 00:00,0.26,,,,,,backfill,
WL.BWK.01,2026-10-09 00:00,0.39,,,,,,backfill,
WL.BWK.02,2026-10-09 00:00,0.59,,,,,,backfill,
WL.BWK.03,2026-10-09 00:00,0.63,,,,,,backfill,
WL.BYI.01,2026-10-09 00:00,1.00,,,,,,backfill,
WL.BYK.01,2026-10-09 00:00,,,,,,,backfill,
WL.BYK.02,2026-10-09 00:00,-0.03,,,,,,backfill,
WL.CKS.01,2026-10-09 00:00,-1.28,,,,,,backfill,
WL.CKS.02,2026-10-09 00:00,-1.05,,,,,,backfill,
WL.CKS.03,2026-10-09 00:00,-1.32,,,,,,backfill,
WL.CNS.01,2026-10-09 00:00,-2.00,0.43,,,,,backfill,
WL.CPA.01,2026-10-09 00:00,0.46,1.23,,,,,backfill,
WL.CPA.02,2026-10-09 00:00,0.36,,,,,,backfill,
WL.CYI.01,2026-10-09 00:00,-0.63,,,,,,backfill,
WL.CYI.02,2026-10-09 00:00,-0.61,,,,,,backfill,
WL.CYI.03,2026-10-09 00:00,-0.55,,,,,,backfill,
WL.DKN.01,2026-10-09 00:00,0.20,0.73,,,,,backfill,
WL.FTM.01,2026-10-09 00:00,-1.08,,,,,,backfill,
WL.HKG.01,2026-10-09 00:00,-0.77,,,,,,backfill,
WL.HKG.02,2026-10-09 00:00,-0.72,,,,,,backfill,
WL.HMK.01,2026-10-09 00:00,-0.01,,,,,,backfill,
WL.HMK.02,2026-10-09 00:00,-0.05,,,,,,backfill,
WL.HMK.03,2026-10-09 00:00,0.00,,,,,,backfill,
WL.JKK.01,2026-10-09 00:00,,,,,,,backfill,
WL.JRN.01,2026-10-09 00:00,0.26,0.62,,,,,backfill,
WL.KBU.01,2026-10-09 00:00,0.58,1.23,,,,,backfill,
WL.KBU.02,2026-10-09 00:00,0.56,,,,,,backfill,
WL.KCD.01,2026-10-09 00:00,-1.00,,,,,,backfill,
WL.KDN.01,2026-10-09 00:00,-0.67,0.48,,,,,backfill,
WL.KJA.01,2026-10-09 00:00,-1.06,,,,,,backfill,
WL.KJA.02,2026-10-09 00:00,-0.54,,,,,,backfill,
WL.KJG.01,2026-10-09 00:00,-0.60,,,,,,backfill,
WL.KJK.01,2026-10-09 00:00,-1.29,0.30,,,,,backfill,
WL.KJK.02,2026-10-09 00:00,-1.24,,,,,,backfill,
WL.KJN.01,2026-10-09 00:00,,,,,,,backfill,
WL.KJN.02,2026-10-09 00:00,-0.18,,,,,,backfill,
WL.KJT.01,2026-10-09 00:00,-0.52,,,,,,backfill,
WL.KJU.01,2026-10-09 00:00,-0.44,,,,,,backfill,
WL.KKD.01,2026-10-09 00:00,-0.41,,,,,,backfill,
WL.KKD.02,2026-10-09 00:00,-0.51,,,,,,backfill,
WL.KKD.03,2026-10-09 00:00,-0.50,,,,,,backfill,
WL.KKD.04,2026-10-09 00:00,-0.45,,,,,,backfill,
WL.KKO.01,2026-10-09 00:00,1.62,,,,,,backfill,
WL.KKS.01,2026-10-09 00:00,-0.76,1.26,,,,,backfill,
WL.KKS.02,2026-10-09 00:00,-0.72,,,,,,backfill,
WL.KKS.03,2026-10-09 00:00,-0.82,,,,,,backfill,
WL.KKS.04,2026-10-09 00:00,-0.77,0.91,,,,,backfill,
WL.KKY.01,2026-10-09 00:00,0.66,,,,,,backfill,
WL.KKY.02,2026-10-09 00:00,0.66,,,,,,backfill,
WL.KLA.01,2026-10-09 00:00,-0.12,,,,,,backfill,
WL.KLD.01,2026-10-09 00:00,-0.38,,,,,,backfill,
WL.KLD.02,2026-10-09 00:00,-0.31,,,,,,backfill,
WL.KLT.01,2026-10-09 00:00,-0.73,,,,,,backfill,
WL.KMN.01,2026-10-09 00:00,0.34,1.12,,,,,backfill,
WL.KNB.01,2026-10-09 00:00,,,,,,,backfill,
WL.KNB.02,2026-10-09 00:00,-0.36,,,,,,backfill,
WL.KPG.01,2026-10-09 00:00,-0.99,,,,,,backfill,
WL.KPM.01,2026-10-09 00:00,-0.25,,,,,,backfill,
WL.KPM.03,2026-10-09 00:00,-0.02,,,,,,backfill,
WL.KPM.04,2026-10-09 00:00,0.49,,,,,,backfill,
WL.KPM.05,2026-10-09 00:00,0.53,,,,,,backfill,
WL.KPM.06,2026-10-09 00:00,0.52,,,,,,backfill,
WL.KPM.08,2026-10-09 00:00,0.53,,,,,,backfill,
WL.KPM.09,2026-10-09 00:00,,,,,,,backfill,
WL.KSG.01,2026-10-09 00:00,0.79,,,,,,backfill,
WL.KSI.01,2026-10-09 00:00,0.83,,,,,,backfill,
WL.KSI.02,2026-10-09 00:00,0.85,,,,,,backfill,
WL.KSK.01,2026-10-09 00:00,-0.56,,,,,,backfill,
WL.KSM.01,2026-10-09 00:00,0.85,,,,,,backfill,
WL.KSM.02,2026-10-09 00:00,0.81,,,,,,backfill,
WL.KSO.01,2026-10-09 00:00,0.74,,,,,,backfill,
WL.KSO.02,2026-10-09 00:00,0.75,,,,,,backfill,
WL.KT4.01,2026-10-09 00:00,,,,,,,backfill,
WL.KTY.01,2026-10-09 00:00,-2.16,0.31,,,,,backfill,
WL.LBK.02,2026-10-09 00:00,0.58,,,,,,backfill,
WL.LBK.03,2026-10-09 00:00,0.50,,,,,,backfill,
WL.LCL.01,2026-10-09 00:00,0.67,,,,,,backfill,
WL.LCL.02,2026-10-09 00:00,,,,,,,backfill,
WL.LKB.01,2026-10-09 00:00,0.74,,,,,,backfill,
WL.LOA.01,2026-10-09 00:00,0.84,,,,,,backfill,
WL.LOA.02,2026-10-09 00:00,,,,,,,backfill,
WL.LPC.01,2026-10-09 00:00,1.12,,,,,,backfill,
WL.LPG.02,2026-10-09 00:00,1.02,1.75,,,,,backfill,
WL.LPG.03,2026-10-09 00:00,0.97,,,,,,backfill,
WL.LPI.02,2026-10-09 00:00,,,,,,,backfill,
WL.LPN.01,2026-10-09 00:00,-0.70,0.63,,,,,backfill,
WL.LPP.01,2026-10-09 00:00,-0.95,,,,,,backfill,
WL.LPT.01,2026-10-09 00:00,,,,,,,backfill,
WL.LPT.03,2026-10-09 00:00,0.91,,,,,,backfill,
WL.LPW.01,2026-10-09 00:00,-0.36,-0.41,,,,,backfill,
WL.LPW.03,2026-10-09 00:00,0.21,,,,,,backfill,
WL.LPW.04,2026-10-09 00:00,-0.57,,,,,,backfill,
WL.LPW.05,2026-10-09 00:00,-0.65,,,,,,backfill,
WL.LSG.01,2026-10-09 00:00,-1.18,,,,,,backfill,
WL.LSM.01,2026-10-09 00:00,-0.57,,,,,,backfill,
WL.LYW.01,2026-10-09 00:00,,,,,,,backfill,
WL.LYW.02,2026-10-09 00:00,-1.45,,,,,,backfill,
WL.MCM.01,2026-10-09 00:00,0.24,,,,,,backfill,
WL.MFS.01,2026-10-09 00:00,-0.74,,,,,,backfill,
WL.MKT.01,2026-10-09 00:00,-0.27,,,,,,backfill,
WL.MSW.01,2026-10-09 00:00,1.21,,,,,,backfill,
WL.MSW.02,2026-10-09 00:00,1.16,,,,,,backfill,
WL.MSW.03,2026-10-09 00:00,1.28,,,,,,backfill,
WL.MTG.01,2026-10-09 00:00,-0.73,,,,,,backfill,
WL.NBN.01,2026-10-09 00:00,-3.58,-1.36,,,,,backfill,
WL.NCH.02,2026-10-09 00:00,-0.70,,,,,,backfill,
WL.NK1.01,2026-10-09 00:00,-0.69,,,,,,backfill,
WL.NK3.01,2026-10-09 00:00,-0.43,,,,,,backfill,
WL.NKW.02,2026-10-09 00:00,-0.39,,,,,,backfill,
WL.NSG.01,2026-10-09 00:00,-2.00,,,,,,backfill,
WL.OAG.01,2026-10-09 00:00,-0.81,,,,,,backfill,
WL.ORC.01,2026-10-09 00:00,-1.34,-0.70,,,,,backfill,
WL.PKG.01,2026-10-09 00:00,1.04,,,,,,backfill,
WL.PKN.01,2026-10-09 00:00,-0.91,0.48,,,,,backfill,
WL.PLK.01,2026-10-09 00:00,-0.13,,,,,,backfill,
WL.PLP.01,2026-10-09 00:00,-0.38,,,,,,backfill,
WL.PNM.01,2026-10-09 00:00,0.38,,,,,,backfill,
WL.PSC.01,2026-10-09 00:00,0.36,0.40,,,,,backfill,
WL.PSC.02,2026-10-09 00:00,0.33,,,,,,backfill,
WL.PSC.03,2026-10-09 00:00,0.33,,,,,,backfill,
WL.PSC.05,2026-10-09 00:00,0.39,,,,,,backfill,
WL.PSI.01,2026-10-09 00:00,-1.50,,,,,,backfill,
WL.PSR.01,2026-10-09 00:00,1.12,1.82,,,,,backfill,
WL.PSR.02,2026-10-09 00:00,1.15,,,,,,backfill,
WL.PSR.03,2026-10-09 00:00,1.13,,,,,,backfill,
WL.PSR.04,2026-10-09 00:00,0.78,,,,,,backfill,
WL.PSR.05,2026-10-09 00:00,0.81,,,,,,backfill,
WL.PSR.06,2026-10-09 00:00,,,,,,,backfill,
WL.PST.01,2026-10-09 00:00,-0.93,,,,,,backfill,
WL.PWT.01,2026-10-09 00:00,-0.58,,,,,,backfill,
WL.PWT.02,2026-10-09 00:00,0.02,,,,,,backfill,
WL.PWT.03,2026-10-09 00:00,0.27,0.28,,,,,backfill,
WL.PWT.04,2026-10-09 00:00,0.58,0.63,,,,,backfill,
WL.PWT.05,2026-10-09 00:00,,,,,,,backfill,
WL.PWT.06,2026-10-09 00:00,0.98,,,,,,backfill,
WL.PWT.07,2026-10-09 00:00,0.97,,,,,,backfill,
WL.PYW.01,2026-10-09 00:00,-0.93,,,,,,backfill,
WL.RHN.01,2026-10-09 00:00,-0.86,0.43,,,,,backfill,
WL.RJK.01,2026-10-09 00:00,0.35,0.35,,,,,backfill,
WL.RKC.01,2026-10-09 00:00,,,,,,,backfill,
WL.RMT.01,2026-10-09 00:00,-1.08,0.71,,,,,backfill,
WL.RMT.02,2026-10-09 00:00,-0.22,,,,,,backfill,
WL.RSK.01,2026-10-09 00:00,0.42,,,,,,backfill,
WL.SBR.01,2026-10-09 00:00,0.70,1.15,,,,,backfill,
WL.SBR.02,2026-10-09 00:00,0.63,,,,,,backfill,
WL.SBT.01,2026-10-09 00:00,-0.33,0.08,,,,,backfill,
WL.SCO.01,2026-10-09 00:00,0.23,,,,,,backfill,
WL.SDN.01,2026-10-09 00:00,0.23,,,,,,backfill,
WL.SKG.01,2026-10-09 00:00,,,,,,,backfill,
WL.SKT.01,2026-10-09 00:00,-0.59,,,,,,backfill,
WL.SKT.02,2026-10-09 00:00,-0.64,,,,,,backfill,
WL.SLL.01,2026-10-09 00:00,,,,,,,backfill,
WL.SMK.01,2026-10-09 00:00,-0.25,,,,,,backfill,
WL.SNC.01,2026-10-09 00:00,-0.25,0.85,,,,,backfill,
WL.SNC.02,2026-10-09 00:00,0.26,,,,,,backfill,
WL.SNC.03,2026-10-09 00:00,-0.02,,,,,,backfill,
WL.SNO.01,2026-10-09 00:00,-0.80,,,,,,backfill,
WL.SOL.01,2026-10-09 00:00,-0.62,,,,,,backfill,
WL.SRE.01,2026-10-09 00:00,-0.55,0.81,,,,,backfill,
WL.SRG.01,2026-10-09 00:00,-0.37,0.70,,,,,backfill,
WL.SSB.01,2026-10-09 00:00,-0.80,,,,,,backfill,
WL.SSB.03,2026-10-09 00:00,-0.57,,,,,,backfill,
WL.SSB.04,2026-10-09 00:00,-0.64,-0.65,,,,,backfill,
WL.SSB.06,2026-10-09 00:00,-0.47,,,,,,backfill,
WL.SSB.07,2026-10-09 00:00,-0.07,,,,,,backfill,
WL.SSB.08,2026-10-09 00:00,0.33,,,,,,backfill,
WL.SSB.10,2026-10-09 00:00,0.72,1.19,,,,,backfill,
WL.SSB.11,2026-10-09 00:00,1.25,,,,,,backfill,
WL.SSB.12,2026-10-09 00:00,1.19,1.50,,,,,backfill,
WL.SSG.01,2026-10-09 00:00,1.58,,,,,,backfill,
WL.SSM.01,2026-10-09 00:00,1.29,,,,,,backfill,
WL.SSN.01,2026-10-09 00:00,-1.05,1.34,,,,,backfill,
WL.SSN.02,2026-10-09 00:00,-1.82,,,,,,backfill,
WL.SSN.04,2026-10-09 00:00,-1.25,,,,,,backfill,
WL.SSN.06,2026-10-09 00:00,-1.77,,,,,,backfill,
WL.SSN.07,2026-10-09 00:00,-1.02,,,,,,backfill,
WL.SSN.08,2026-10-09 00:00,-0.66,-0.67,,,,,backfill,
WL.SSN.09,2026-10-09 00:00,-0.69,,,,,,backfill,
WL.SSN.10,2026-10-09 00:00,-0.65,,,,,,backfill,
WL.SST.01,2026-10-09 00:00,0.92,1.79,,,,,backfill,
WL.STN.01,2026-10-09 00:00,0.53,,,,,,backfill,
WL.STN.02,2026-10-09 00:00,0.66,,,,,,backfill,
WL.STN.03,2026-10-09 00:00,0.72,,,,,,backfill,
WL.STR.01,2026-10-09 00:00,-1.00,0.24,0.78,,,,backfill,
WL.SWA.01,2026-10-09 00:00,0.86,1.35,,,,,backfill,
WL.SWU.01,2026-10-09 00:00,-1.28,,,,,,backfill,
WL.TCG.01,2026-10-09 00:00,-0.84,,,,,,backfill,
WL.TPK.02,2026-10-09 00:00,0.44,,,,,,backfill,
WL.TPK.03,2026-10-09 00:00,0.52,,,,,,backfill,
WL.TSK.01,2026-10-09 00:00,-1.80,,,,,,backfill,
WL.TTN.01,2026-10-09 00:00,-0.65,,,,,,backfill,
WL.TUT.02,2026-10-09 00:00,-0.63,,,,,,backfill,
WL.TWW.01,2026-10-09 00:00,0.76,1.07,,,,,backfill,
WL.TWW.02,2026-10-09 00:00,0.72,,,,,,backfill,
WL.TWW.03,2026-10-09 00:00,0.69,,,,,,backfill,
WL.TWW.04,2026-10-09 00:00,0.67,,,,,,backfill,
WL.TWW.05,2026-10-09 00:00,0.42,,,,,,backfill,
WL.VPD.01,2026-10-09 00:00,-1.00,,,,,,backfill,
WL.VPD.02,2026-10-09 00:00,-0.96,,,,,,backfill,
WL.VPD.03,2026-10-09 00:00,-1.30,,,,,,backfill,
WL.VPV.01,2026-10-09 00:00,-1.42,,,,,,backfill,
WL.WHK.01,2026-10-09 00:00,0.77,,,,,,backfill,
WL.WKT.01,2026-10-09 00:00,0.53,,,,,,backfill,
WL.WLS.01,2026-10-09 00:00,0.60,,,,,,backfill,
WL.WSI.01,2026-10-09 00:00,-0.70,0.65,,,,,backfill,
WL.WSV.01,2026-10-09 00:00,0.12,,,,,,backfill,
WL.WTK.01,2026-10-09 00:00,-0.63,,,,,,backfill,
WL.WTN.02,2026-10-09 00:00,-1.10,,,,,,backfill,
WL.YPE.01,2026-10-09 00:00,0.36,,,,,,backfill,
WL.YPN.01,2026-10-09 00:00,-0.53,,,,,,backfill,
WL.YPN.02,2026-10-09 00:00,-0.58,,,,,,backfill,
WL.YSN.02,2026-10-09 00:00,-0.95,,,,,,backfill,
WL.ANG.01,2026-10-09 00:10,1.0,,,,,,Normal,
WL.BBU.02,2026-10-09 00:10,0.55,,,,,,Normal,
WL.BKH.01,2026-10-09 00:10,0.07,,,,,,Normal,
WL.BMD.01,2026-10-09 00:10,0.43,,,,,,Normal,
WL.BNJ.05,2026-10-09 00:10,-1.08,,,,,,Normal,
WL.BSE.01,2026-10-09 00:10,-1.6,,,,,,Normal,
WL.BTL.02,2026-10-09 00:10,-0.02,,,,,,Normal,
WL.CLH.01,2026-10-09 00:10,-0.33,,,,,,Normal,
WL.CYI.02,2026-10-09 00:10,-0.62,,,,,,Normal,-0.62
WL.K08.01,2026-10-09 00:10,1.56,,,,,,Alert,
WL.K10.01,2026-10-09 00:10,1.63,,,,,,Alert,
WL.K11.01,2026-10-09 00:10,1.58,,,,,,Alert,
WL.KBP.01,2026-10-09 00:10,-0.68,,,,,,Normal,
WL.KHW.01,2026-10-09 00:10,1.73,,,,,,Normal,
WL.KKO.02,2026-10-09 00:10,1.57,,,,,,Alert,
WL.KPM.07,2026-10-09 00:10,0.56,,,,,,Normal,
WL.LPS.01,2026-10-09 00:10,0.85,,,,,,Normal,
WL.LPT.05,2026-10-09 00:10,1.27,,,,,,Normal,
WL.MKT.02,2026-10-09 00:10,-0.82,,,,,,Normal,
WL.NK3.02,2026-10-09 00:10,-0.14,,,,,,Normal,
WL.POC.01,2026-10-09 00:10,1.46,,,,,,Normal,
WL.PSC.06,2026-10-09 00:10,0.48,,,,,,Normal,
WL.PWT.02,2026-10-09 00:10,0.02,,,,,,Normal,0.02
WL.RPS.01,2026-10-09 00:10,2.11,,,,,,Alert,
WL.SSB.13,2026-10-09 00:10,1.89,,,,,,Critical,
WL.SSG.02,2026-10-09 00:10,1.57,,,,,,Alert,
WL.STN.01,2026-10-09 00:10,0.53,,,,,,Alert,0.53
WL.SWA.02,2026-10-09 00:10,1.5,,,,,,Alert,
WL.AJP.01,2026-10-09 00:15,-0.91,,,,,,Normal,-0.9
WL.ANX.01,2026-10-09 00:15,0.01,,,,,,Normal,0.01
WL.BAM.01,2026-10-09 00:15,0.38,,,,,,Normal,0.38
WL.BBN.02,2026-10-09 00:15,0.1,,,,,,Normal,0.1
WL.BBN.03,2026-10-09 00:15,0.35,,,,,,Normal,0.35
WL.BBR.01,2026-10-09 00:15,-0.09,,,,,,Normal,-0.07
WL.BBR.02,2026-10-09 00:15,-0.08,,,,,,Normal,-0.06
WL.BBU.01,2026-10-09 00:15,0.5,,,,,,Normal,0.5
WL.BCN.01,2026-10-09 00:15,0.5,,,,,,Normal,0.5
WL.BCN.02,2026-10-09 00:15,0.49,,,,,,Normal,0.49
WL.BCN.03,2026-10-09 00:15,0.55,,,,,,Normal,0.55
WL.BJK.01,2026-10-09 00:15,-1.36,0.25,,0.0,0.0,,Normal,-1.34
WL.BJK.02,2026-10-09 00:15,0.45,,,,,,Normal,0.45
WL.BJK.03,2026-10-09 00:15,0.43,,,,,,Normal,0.43
WL.BJK.04,2026-10-09 00:15,0.49,,,,,,Normal,0.49
WL.BKA.01,2026-10-09 00:15,-1.27,1.56,,1.73,1.75,0.0,Normal,-1.24
WL.BKA.02,2026-10-09 00:15,-0.69,,,,,,Normal,-0.69
WL.BKA.03,2026-10-09 00:15,-0.27,,,,,,Normal,-0.27
WL.BKA.04,2026-10-09 00:15,0.16,,,,,,Normal,0.16
WL.BKB.01,2026-10-09 00:15,-0.38,,,,,,Normal,-0.37
WL.BKG.01,2026-10-09 00:15,0.68,-2.0,,0.0,,,Critical,0.68
WL.BKK.01,2026-10-09 00:15,0.49,,,,,,Normal,
WL.BKT.01,2026-10-09 00:15,-0.32,,,,,,Normal,-0.32
WL.BKY.01,2026-10-09 00:15,0.37,1.13,,0.0,6.0,0.0,Normal,0.37
WL.BKY.02,2026-10-09 00:15,0.45,,,,,,Normal,0.45
WL.BLP.02,2026-10-09 00:15,-0.78,,,,,,Normal,-0.77
WL.BLY.01,2026-10-09 00:15,-0.44,,,,,,Normal,-0.43
WL.BLY.02,2026-10-09 00:15,-0.52,,,,,,Normal,-0.52
WL.BMA.02,2026-10-09 00:15,0.07,,,,,,Normal,0.07
WL.BMK.01,2026-10-09 00:15,-1.36,,,,,,Normal,-1.36
WL.BNA.01,2026-10-09 00:15,-1.35,0.15,,0.0,0.0,,Normal,-1.35
WL.BNA.03,2026-10-09 00:15,-0.55,,,,,,Normal,-0.55
WL.BNA.04,2026-10-09 00:15,-0.42,,,,,,Normal,-0.42
WL.BNJ.02,2026-10-09 00:15,-1.34,,,,,,Normal,-1.34
WL.BNJ.04,2026-10-09 00:15,-1.11,,,,,,Normal,-1.11
WL.BNS.01,2026-10-09 00:15,0.5,,,,,,Normal,0.5
WL.BOA.01,2026-10-09 00:15,-1.27,0.32,,0.0,0.0,,Normal,-1.26
WL.BOA.02,2026-10-09 00:15,-1.34,,,,,,Normal,-1.33
WL.BOA.03,2026-10-09 00:15,-1.29,,,,,,Normal,-1.28
WL.BON.01,2026-10-09 00:15,-1.3,,,,,,Normal,-1.29
WL.BPA.01,2026-10-09 00:15,-0.55,,,,,,Normal,-0.55
WL.BPK.01,2026-10-09 00:15,0.14,,,,,,Normal,0.14
WL.BPM.01,2026-10-09 00:15,0.44,,,,,,Normal,0.44
WL.BPM.02,2026-10-09 00:15,0.5,,,,,,Normal,0.5
WL.BPM.03,2026-10-09 00:15,0.62,,,,,,Alert,0.62
WL.BPM.04,2026-10-09 00:15,0.58,,,,,,Normal,0.58
WL.BPN.02,2026-10-09 00:15,0.15,,,,,,Normal,0.15
WL.BPU.01,2026-10-09 00:15,-0.1,,,,,,Normal,-0.1
WL.BSK.01,2026-10-09 00:15,0.11,0.79,,0.0,0.0,,Normal,0.11
WL.BSU.01,2026-10-09 00:15,-1.09,1.49,,0.0,0.0,0.0,Normal,-1.08
WL.BSU.02,2026-10-09 00:15,-0.85,,,,,,Normal,-0.84
WL.BSU.03,2026-10-09 00:15,-1.31,,,,,,Normal,-1.3
WL.BSU.04,2026-10-09 00:15,-1.11,,,,,,Normal,-1.11
WL.BSU.05,2026-10-09 00:15,-1.26,,,,,,Normal,-1.25
WL.BSU.06,2026-10-09 00:15,-0.83,,,,,,Normal,-0.83
WL.BSU.07,2026-10-09 00:15,-0.56,,,,,,Normal,-0.56
WL.BTL.01,2026-10-09 00:15,-0.87,,,,,,Normal,-0.51
WL.BTY.01,2026-10-09 00:15,0.25,,,,,,Normal,0.27
WL.BWK.01,2026-10-09 00:15,0.39,,,,,,Normal,0.39
WL.BWK.02,2026-10-09 00:15,0.59,,,,,,Normal,0.59
WL.BWK.03,2026-10-09 00:15,0.63,,,,,,Normal,0.63
WL.BYI.01,2026-10-09 00:15,1.0,,,,,,Critical,1.0
WL.BYK.02,2026-10-09 00:15,-0.05,,,,,,Normal,-0.04
WL.CKS.01,2026-10-09 00:15,-1.28,,,0.0,0.0,,Normal,-1.28
WL.CKS.02,2026-10-09 00:15,-1.05,,,,,,Normal,-1.05
WL.CKS.03,2026-10-09 00:15,-1.24,,,,,,Normal,-1.24
WL.CNS.01,2026-10-09 00:15,-1.91,0.4,,0.0,0.0,,Normal,-1.91
WL.CPA.01,2026-10-09 00:15,0.47,1.23,,4.27,3.52,,Normal,0.47
WL.CPA.02,2026-10-09 00:15,0.36,,,,,,Normal,0.36
WL.CYI.01,2026-10-09 00:15,-0.64,,,,,,Normal,-0.64
WL.CYI.03,2026-10-09 00:15,-0.55,,,,,,Normal,-0.55
WL.DKN.01,2026-10-09 00:15,0.2,0.74,,6.3,0.0,6.3,Normal,0.2
WL.FTM.01,2026-10-09 00:15,-1.09,,,,,,Normal,-1.08
WL.HKG.01,2026-10-09 00:15,-0.77,,,,,,Normal,-0.77
WL.HKG.02,2026-10-09 00:15,-0.73,,,,,,Normal,-0.73
WL.HMK.01,2026-10-09 00:15,-0.02,,,,,,Alert,-0.01
WL.HMK.02,2026-10-09 00:15,-0.05,,,,,,Normal,-0.05
WL.HMK.03,2026-10-09 00:15,0.0,,,,,,Normal,0.0
WL.JRN.01,2026-10-09 00:15,0.28,0.61,,0.0,,,Normal,0.28
WL.KBU.01,2026-10-09 00:15,0.58,1.21,,0.0,,,Normal,0.58
WL.KBU.02,2026-10-09 00:15,0.56,,,,,,Normal,0.56
WL.KCD.01,2026-10-09 00:15,-1.0,,,,,,Normal,-1.0
WL.KDN.01,2026-10-09 00:15,-0.67,0.47,,0.0,,,Normal,-0.64
WL.KJA.01,2026-10-09 00:15,-1.05,,,,,,Normal,-1.05
WL.KJA.02,2026-10-09 00:15,-0.54,,,,,,Normal,-0.54
WL.KJG.01,2026-10-09 00:15,-0.6,,,,,,Normal,-0.6
WL.KJK.01,2026-10-09 00:15,-1.28,0.27,,0.0,0.0,,Normal,-1.28
WL.KJK.02,2026-10-09 00:15,-1.23,,,,,,Normal,-1.23
WL.KJN.02,2026-10-09 00:15,-0.19,,,,,,Normal,-0.18
WL.KJT.01,2026-10-09 00:15,-0.54,,,,,,Normal,-0.51
WL.KJU.01,2026-10-09 00:15,-0.61,,,,,,Normal,-0.39
WL.KKD.01,2026-10-09 00:15,-0.42,,,,,,Normal,-0.41
WL.KKD.02,2026-10-09 00:15,-0.51,,,,,,Normal,-0.51
WL.KKD.03,2026-10-09 00:15,-0.5,,,,,,Normal,-0.5
WL.KKO.01,2026-10-09 00:15,1.62,,,,,,Alert,1.62
WL.KKS.01,2026-10-09 00:15,-0.77,1.25,,0.0,0.0,,Normal,-0.76
WL.KKS.02,2026-10-09 00:15,-0.73,,,,,,Normal,-0.73
WL.KKS.03,2026-10-09 00:15,-0.82,,,,,,Normal,-0.82
WL.KKS.04,2026-10-09 00:15,-0.78,0.93,,0.0,,,Normal,-0.78
WL.KKY.01,2026-10-09 00:15,0.65,,,,,,Normal,0.66
WL.KKY.02,2026-10-09 00:15,0.66,,,,,,Normal,0.66
WL.KLA.01,2026-10-09 00:15,-0.13,,,,,,Alert,0.39
WL.KLD.01,2026-10-09 00:15,-0.38,,,,,,Normal,-0.37
WL.KLD.02,2026-10-09 00:15,-0.29,,,,,,Normal,-0.29
WL.KLT.01,2026-10-09 00:15,-0.74,,,,,,Normal,-0.73
WL.KMN.01,2026-10-09 00:15,0.34,1.11,,0.1,6.7,0.0,Normal,0.34
WL.KNB.02,2026-10-09 00:15,-0.36,,,,,,Normal,-0.36
WL.KPG.01,2026-10-09 00:15,-0.99,,,,,,Normal,-0.99
WL.KPM.01,2026-10-09 00:15,-0.26,,,,,,Normal,-0.25
WL.KPM.03,2026-10-09 00:15,-0.03,,,,,,Normal,-0.02
WL.KPM.05,2026-10-09 00:15,0.53,,,,,,Normal,0.53
WL.KPM.06,2026-10-09 00:15,0.51,,,,,,Normal,0.52
WL.KPM.08,2026-10-09 00:15,0.53,,,,,,Normal,0.53
WL.KSG.01,2026-10-09 00:15,0.78,,,,,,Normal,0.79
WL.KSI.01,2026-10-09 00:15,0.83,,,,,,Alert,0.83
WL.KSI.02,2026-10-09 00:15,0.85,,,,,,Critical,0.85
WL.KSK.01,2026-10-09 00:15,-0.56,,,,,,Normal,-0.56
WL.KSM.01,2026-10-09 00:15,0.85,,,,,,Critical,0.85
WL.KSM.02,2026-10-09 00:15,0.81,,,,,,Critical,0.81
WL.KSO.01,2026-10-09 00:15,0.74,,,,,,Normal,0.74
WL.KSO.02,2026-10-09 00:15,0.75,,,,,,Normal,0.75
WL.KTY.01,2026-10-09 00:15,-2.12,0.28,,0.0,,,Normal,-2.12
WL.LBK.02,2026-10-09 00:15,0.57,,,,,,Critical,0.58
WL.LBK.03,2026-10-09 00:15,0.5,,,,,,Critical,0.5
WL.LCL.01,2026-10-09 00:15,0.67,,,,,,Normal,0.67
WL.LKB.01,2026-10-09 00:15,0.74,,,,,,Critical,0.74
WL.LOA.01,2026-10-09 00:15,0.84,,,,,,Alert,0.85
WL.LOA.02,2026-10-09 00:15,0.81,,,,,,Normal,0.81
WL.LPC.01,2026-10-09 00:15,1.12,,,,,,Critical,1.12
WL.LPG.02,2026-10-09 00:15,1.02,1.75,,0.0,,,Critical,1.02
WL.LPG.03,2026-10-09 00:15,0.97,,,,,,Critical,0.97
WL.LPN.01,2026-10-09 00:15,-0.7,0.62,,0.01,,,Normal,-0.7
WL.LPP.01,2026-10-09 00:15,-0.95,,,,,,Normal,-0.95
WL.LPP.02,2026-10-09 00:15,-0.43,,,,,,Normal,
WL.LPT.03,2026-10-09 00:15,0.91,,,,,,Critical,0.91
WL.LPW.01,2026-10-09 00:15,-0.36,-0.39,,0.0,,,Normal,-0.36
WL.LPW.03,2026-10-09 00:15,0.21,,,,,,Normal,0.21
WL.LPW.04,2026-10-09 00:15,-0.57,,,,,,Normal,-0.57
WL.LPW.05,2026-10-09 00:15,-0.66,,,,,,Normal,-0.65
WL.LSG.01,2026-10-09 00:15,-1.18,,,,,,Normal,-1.18
WL.LSM.01,2026-10-09 00:15,-0.57,,,,,,Normal,-0.57
WL.LYW.02,2026-10-09 00:15,-1.45,,,,,,Normal,-1.45
WL.MCM.01,2026-10-09 00:15,0.24,,,,,,Normal,0.24
WL.MFS.01,2026-10-09 00:15,-0.74,,,,,,Normal,-0.74
WL.MKT.01,2026-10-09 00:15,-0.27,,,,,,Normal,-0.27
WL.MSW.01,2026-10-09 00:15,1.22,,,,,,Normal,1.22
WL.MSW.02,2026-10-09 00:15,1.16,,,,,,Normal,1.16
WL.MSW.03,2026-10-09 00:15,1.26,,,,,,Normal,1.27
WL.MSW.04,2026-10-09 00:15,0.97,,,,,,Normal,
WL.MTG.01,2026-10-09 00:15,-0.73,,,,,,Normal,-0.73
WL.NBN.01,2026-10-09 00:15,-3.59,-1.36,,0.0,,,Normal,-3.58
WL.NCH.02,2026-10-09 00:15,-0.89,,,,,,Normal,-0.83
WL.NK1.01,2026-10-09 00:15,-0.64,,,,,,Normal,-0.64
WL.NK3.01,2026-10-09 00:15,-0.42,,,,,,Normal,-0.42
WL.NKW.02,2026-10-09 00:15,-0.38,,,,,,Normal,-0.38
WL.NSG.01,2026-10-09 00:15,-2.0,,,,,,Normal,-2.0
WL.OAG.01,2026-10-09 00:15,-0.82,,,,,,Normal,-0.82
WL.ORC.01,2026-10-09 00:15,-1.34,-0.71,,0.0,,,Normal,-1.34
WL.PKG.01,2026-10-09 00:15,1.09,,,,,,Normal,1.09
WL.PKN.01,2026-10-09 00:15,-0.91,0.46,,0.0,0.0,0.0,Normal,-0.91
WL.PLK.01,2026-10-09 00:15,-0.09,,,,,,Normal,-0.09
WL.PLP.01,2026-10-09 00:15,-0.38,,,,,,Normal,-0.38
WL.PNM.01,2026-10-09 00:15,0.38,,,,,,Critical,0.38
WL.PSC.01,2026-10-09 00:15,0.36,0.4,,0.0,0.0,0.0,Normal,0.36
WL.PSC.02,2026-10-09 00:15,0.33,,,,,,Normal,0.33
WL.PSC.03,2026-10-09 00:15,0.33,,,,,,Normal,0.33
WL.PSC.05,2026-10-09 00:15,0.39,,,,,,Normal,0.39
WL.PSI.01,2026-10-09 00:15,-1.48,,,,,,Normal,-1.48
WL.PSR.01,2026-10-09 00:15,1.12,1.82,,0.2,,,Critical,1.12
WL.PSR.02,2026-10-09 00:15,1.15,,,,,,Alert,1.15
WL.PSR.03,2026-10-09 00:15,1.13,,,,,,Alert,1.13
WL.PSR.04,2026-10-09 00:15,0.78,,,,,,Normal,0.78
WL.PSR.05,2026-10-09 00:15,0.81,,,,,,Critical,0.81
WL.PST.01,2026-10-09 00:15,-0.93,,,,,,Normal,-0.93
WL.PWT.01,2026-10-09 00:15,-0.58,,,,,,Normal,-0.58
WL.PWT.03,2026-10-09 00:15,0.27,0.28,,5.81,5.9,,Critical,0.27
WL.PWT.04,2026-10-09 00:15,0.58,0.63,,4.06,,,Critical,0.59
WL.PWT.06,2026-10-09 00:15,0.98,,,,,,Critical,0.98
WL.PWT.07,2026-10-09 00:15,0.96,,,,,,Critical,0.97
WL.PYW.01,2026-10-09 00:15,-0.92,,,,,,Normal,-0.92
WL.RHN.01,2026-10-09 00:15,-0.86,0.4,,0.0,,,Normal,-0.86
WL.RJK.01,2026-10-09 00:15,0.35,0.35,,7.5,,,Normal,0.35
WL.RMN.01,2026-10-09 00:15,0.56,,,,,,Normal,
WL.RMT.01,2026-10-09 00:15,-1.09,0.7,,0.0,0.0,,Normal,-1.08
WL.RMT.02,2026-10-09 00:15,-0.22,,,,,,Normal,-0.22
WL.RMT.03,2026-10-09 00:15,-2.0,,,,,,Normal,-2.0
WL.RSK.01,2026-10-09 00:15,0.42,,,,,,Normal,0.42
WL.SBR.01,2026-10-09 00:15,0.7,1.15,,0.0,,,Normal,0.7
WL.SBR.02,2026-10-09 00:15,0.64,,,,,,Normal,0.64
WL.SBT.01,2026-10-09 00:15,-0.31,0.09,,0.0,,,Normal,-0.31
WL.SCO.01,2026-10-09 00:15,0.24,,,,,,Normal,0.24
WL.SDN.01,2026-10-09 00:15,0.23,,,,,,Normal,0.23
WL.SKT.01,2026-10-09 00:15,-0.59,,,,,,Normal,-0.59
WL.SKT.02,2026-10-09 00:15,-0.63,,,,,,Normal,-0.63
WL.SMK.01,2026-10-09 00:15,-0.25,,,,,,Normal,-0.25
WL.SNC.01,2026-10-09 00:15,-0.22,0.84,,0.0,0.0,0.0,Normal,-0.22
WL.SNC.02,2026-10-09 00:15,0.26,,,,,,Normal,0.26
WL.SNC.03,2026-10-09 00:15,-0.01,,,,,,Normal,-0.01
WL.SNO.01,2026-10-09 00:15,-0.8,,,,,,Normal,-0.8
WL.SOL.01,2026-10-09 00:15,-0.63,,,,,,Normal,-0.62
WL.SRE.01,2026-10-09 00:15,-0.53,0.83,,0.0,0.0,,Normal,-0.53
WL.SRG.01,2026-10-09 00:15,-0.38,0.68,,0.0,0.0,0.0,Normal,-0.37
WL.SSB.01,2026-10-09 00:15,-0.81,,,,,,Normal,-0.81
WL.SSB.03,2026-10-09 00:15,-0.58,,,,,,Normal,-0.57
WL.SSB.04,2026-10-09 00:15,-0.64,-0.66,,7.5,7.5,,Normal,-0.64
WL.SSB.06,2026-10-09 00:15,-0.49,,,,,,Normal,-0.48
WL.SSB.07,2026-10-09 00:15,-0.07,,,,,,Normal,-0.07
WL.SSB.08,2026-10-09 00:15,0.32,,,,,,Normal,0.32
WL.SSB.09,2026-10-09 00:15,0.58,1.1,,0.0,,,Critical,0.58
WL.SSB.10,2026-10-09 00:15,0.72,1.19,,2.0,,,Critical,0.72
WL.SSB.11,2026-10-09 00:15,1.25,,,,,,Critical,1.25
WL.SSB.12,2026-10-09 00:15,1.19,1.5,,0.0,,,Critical,1.19
WL.SSG.01,2026-10-09 00:15,1.58,,,,,,Alert,1.58
WL.SSM.01,2026-10-09 00:15,1.3,-99,,0.0,,,Critical,1.3
WL.SSM.02,2026-10-09 00:15,1.56,,,,,,Normal,
WL.SSN.01,2026-10-09 00:15,-1.05,1.33,,7.0,0.0,0.0,Normal,-1.05
WL.SSN.02,2026-10-09 00:15,-1.82,,,,,,Normal,-1.82
WL.SSN.04,2026-10-09 00:15,-1.27,,,,,,Normal,-1.26
WL.SSN.06,2026-10-09 00:15,-1.77,,,,,,Normal,-1.77
WL.SSN.07,2026-10-09 00:15,-1.03,,,,,,Normal,-1.02
WL.SSN.08,2026-10-09 00:15,-0.67,-0.67,,0.0,,,Normal,-0.67
WL.SSN.09,2026-10-09 00:15,-0.69,,,,,,Normal,-0.69
WL.SSN.10,2026-10-09 00:15,-0.66,,,,,,Normal,-0.66
WL.SST.01,2026-10-09 00:15,0.91,1.79,,0.32,,,Alert,0.91
WL.STN.02,2026-10-09 00:15,0.65,,,,,,Critical,0.66
WL.STN.03,2026-10-09 00:15,0.71,,,,,,Critical,0.72
WL.STR.01,2026-10-09 00:15,-1.0,0.24,0.81,0.0,0.0,0.0,Normal,-1.0
WL.SWA.01,2026-10-09 00:15,0.86,1.35,,0.43,,,Critical,0.86
WL.SWU.01,2026-10-09 00:15,-1.26,,,,,,Normal,-1.26
WL.TCG.01,2026-10-09 00:15,-0.84,,,,,,Normal,-0.84
WL.TPK.02,2026-10-09 00:15,0.44,,,,,,Critical,0.44
WL.TPK.03,2026-10-09 00:15,0.52,,,,,,Critical,0.52
WL.TSK.01,2026-10-09 00:15,-1.8,,,,,,Normal,-1.8
WL.TUT.02,2026-10-09 00:15,-0.62,,,,,,Normal,-0.62
WL.TWW.01,2026-10-09 00:15,0.76,1.07,,0.99,,,Normal,0.76
WL.TWW.02,2026-10-09 00:15,0.72,,,,,,Normal,0.72
WL.TWW.03,2026-10-09 00:15,0.69,,,,,,Alert,0.69
WL.TWW.04,2026-10-09 00:15,0.67,,,,,,Normal,0.67
WL.TWW.05,2026-10-09 00:15,0.42,,,,,,Normal,0.42
WL.VPD.01,2026-10-09 00:15,-1.0,,,,,,Normal,-1.0
WL.VPD.02,2026-10-09 00:15,-0.96,,,,,,Normal,-0.96
WL.VPD.03,2026-10-09 00:15,-1.3,,,,,,Normal,-1.3
WL.VPV.01,2026-10-09 00:15,-1.81,,,0.0,,,Normal,-1.48
WL.WHK.01,2026-10-09 00:15,0.76,,,,,,Normal,0.77
WL.WKT.01,2026-10-09 00:15,0.53,,,,,,Normal,0.53
WL.WLS.01,2026-10-09 00:15,0.59,,,,,,Normal,0.59
WL.WSI.01,2026-10-09 00:15,-0.69,0.64,,0.0,0.0,0.0,Normal,-0.69
WL.WSV.01,2026-10-09 00:15,0.12,,,,,,Normal,0.12
WL.WTK.01,2026-10-09 00:15,-0.63,,,,,,Normal,-0.63
WL.WTN.02,2026-10-09 00:15,-1.11,,,,,,Normal,-1.1
WL.YPE.01,2026-10-09 00:15,0.36,,,,,,Normal,0.36
WL.YPN.01,2026-10-09 00:15,-0.53,,,,,,Normal,-0.52
WL.YPN.02,2026-10-09 00:15,-0.58,,,,,,Normal,-0.58
WL.YSN.02,2026-10-09 00:15,-0.96,,,,,,Normal,-0.95
WL.KPM.04,2026-10-09 00:25,0.49,,,,,,Normal,0.49
WL.KKD.04,2026-10-09 00:35,-0.45,,,,,,Normal,-0.45
WL.BMD.01,2026-10-09 00:55,0.43,,,,,,temporarily out of order,
WL.AJP.01,2026-10-09 01:00,-0.91,,,,,,backfill,
WL.ANX.01,2026-10-09 01:00,-0.12,,,,,,backfill,
WL.BAM.01,2026-10-09 01:00,0.39,,,,,,backfill,
WL.BBN.01,2026-10-09 01:00,,,,,,,backfill,
WL.BBN.02,2026-10-09 01:00,0.09,,,,,,backfill,
WL.BBN.03,2026-10-09 01:00,0.35,,,,,,backfill,
WL.BBR.01,2026-10-09 01:00,-0.17,,,,,,backfill,
WL.BBR.02,2026-10-09 01:00,-0.16,,,,,,backfill,
WL.BBU.01,2026-10-09 01:00,0.49,,,,,,backfill,
WL.BCN.01,2026-10-09 01:00,0.50,,,,,,backfill,
WL.BCN.02,2026-10-09 01:00,0.49,,,,,,backfill,
WL.BCN.03,2026-10-09 01:00,0.55,,,,,,backfill,
WL.BJK.01,2026-10-09 01:00,-1.24,0.33,,,,,backfill,
WL.BJK.02,2026-10-09 01:00,0.45,,,,,,backfill,
WL.BJK.03,2026-10-09 01:00,0.43,,,,,,backfill,
WL.BJK.04,2026-10-09 01:00,0.49,,,,,,backfill,
WL.BKA.01,2026-10-09 01:00,-1.35,1.54,,,,,backfill,
WL.BKA.02,2026-10-09 01:00,-0.71,,,,,,backfill,
WL.BKA.03,2026-10-09 01:00,-0.28,,,,,,backfill,
WL.BKA.04,2026-10-09 01:00,0.16,,,,,,backfill,
WL.BKB.01,2026-10-09 01:00,-0.38,,,,,,backfill,
WL.BKG.01,2026-10-09 01:00,0.68,-2.00,,,,,backfill,
WL.BKT.01,2026-10-09 01:00,-0.31,,,,,,backfill,
WL.BKY.01,2026-10-09 01:00,0.37,1.09,,,,,backfill,
WL.BKY.02,2026-10-09 01:00,0.45,,,,,,backfill,
WL.BLP.02,2026-10-09 01:00,-0.81,,,,,,backfill,
WL.BLY.01,2026-10-09 01:00,-0.44,,,,,,backfill,
WL.BLY.02,2026-10-09 01:00,-0.52,,,,,,backfill,
WL.BMA.02,2026-10-09 01:00,0.03,,,,,,backfill,
WL.BMK.01,2026-10-09 01:00,-1.32,,,,,,backfill,
WL.BNA.01,2026-10-09 01:00,-1.32,0.26,,,,,backfill,
WL.BNA.02,2026-10-09 01:00,,,,,,,backfill,
WL.BNA.03,2026-10-09 01:00,-0.55,,,,,,backfill,
WL.BNA.04,2026-10-09 01:00,-0.43,,,,,,backfill,
WL.BNJ.01,2026-10-09 01:00,,,,,,,backfill,
WL.BNJ.02,2026-10-09 01:00,-1.69,,,,,,backfill,
WL.BNJ.03,2026-10-09 01:00,,,,,,,backfill,
WL.BNJ.04,2026-10-09 01:00,-1.11,,,,,,backfill,
WL.BNS.01,2026-10-09 01:00,0.51,,,,,,backfill,
WL.BOA.01,2026-10-09 01:00,-1.17,0.42,,,,,backfill,
WL.BOA.02,2026-10-09 01:00,-1.12,,,,,,backfill,
WL.BOA.03,2026-10-09 01:00,-1.30,,,,,,backfill,
WL.BON.01,2026-10-09 01:00,-1.16,,,,,,backfill,
WL.BPA.01,2026-10-09 01:00,-0.56,,,,,,backfill,
WL.BPK.01,2026-10-09 01:00,0.14,,,,,,backfill,
WL.BPM.01,2026-10-09 01:00,0.45,,,,,,backfill,
WL.BPM.02,2026-10-09 01:00,0.50,,,,,,backfill,
WL.BPM.03,2026-10-09 01:00,0.63,,,,,,backfill,
WL.BPM.04,2026-10-09 01:00,0.58,,,,,,backfill,
WL.BPN.02,2026-10-09 01:00,0.15,,,,,,backfill,
WL.BPU.01,2026-10-09 01:00,0.12,,,,,,backfill,
WL.BSK.01,2026-10-09 01:00,0.19,0.74,,,,,backfill,
WL.BSU.01,2026-10-09 01:00,-1.09,1.47,,,,,backfill,
WL.BSU.02,2026-10-09 01:00,-0.87,,,,,,backfill,
WL.BSU.03,2026-10-09 01:00,-1.36,,,,,,backfill,
WL.BSU.04,2026-10-09 01:00,-1.11,,,,,,backfill,
WL.BSU.05,2026-10-09 01:00,-1.31,,,,,,backfill,
WL.BSU.06,2026-10-09 01:00,-0.91,,,,,,backfill,
WL.BSU.07,2026-10-09 01:00,-0.54,,,,,,backfill,
WL.BTL.01,2026-10-09 01:00,-0.51,,,,,,backfill,
WL.BTY.01,2026-10-09 01:00,0.26,,,,,,backfill,
WL.BWK.01,2026-10-09 01:00,0.39,,,,,,backfill,
WL.BWK.02,2026-10-09 01:00,0.59,,,,,,backfill,
WL.BWK.03,2026-10-09 01:00,0.63,,,,,,backfill,
WL.BYI.01,2026-10-09 01:00,1.00,,,,,,backfill,
WL.BYK.01,2026-10-09 01:00,,,,,,,backfill,
WL.BYK.02,2026-10-09 01:00,-0.11,,,,,,backfill,
WL.CKS.01,2026-10-09 01:00,-1.45,,,,,,backfill,
WL.CKS.02,2026-10-09 01:00,-1.00,,,,,,backfill,
WL.CKS.03,2026-10-09 01:00,-1.17,,,,,,backfill,
WL.CNS.01,2026-10-09 01:00,-1.57,0.42,,,,,backfill,
WL.CPA.01,2026-10-09 01:00,0.46,1.21,,,,,backfill,
WL.CPA.02,2026-10-09 01:00,0.36,,,,,,backfill,
WL.CYI.01,2026-10-09 01:00,-0.65,,,,,,backfill,
WL.CYI.02,2026-10-09 01:00,-0.63,,,,,,backfill,
WL.CYI.03,2026-10-09 01:00,-0.56,,,,,,backfill,
WL.DKN.01,2026-10-09 01:00,0.20,0.69,,,,,backfill,
WL.FTM.01,2026-10-09 01:00,-1.09,,,,,,backfill,
WL.HKG.01,2026-10-09 01:00,-0.79,,,,,,backfill,
WL.HKG.02,2026-10-09 01:00,-0.74,,,,,,backfill,
WL.HMK.01,2026-10-09 01:00,-0.02,,,,,,backfill,
WL.HMK.02,2026-10-09 01:00,-0.03,,,,,,backfill,
WL.HMK.03,2026-10-09 01:00,-0.01,,,,,,backfill,
WL.JKK.01,2026-10-09 01:00,,,,,,,backfill,
WL.JRN.01,2026-10-09 01:00,0.29,0.59,,,,,backfill,
WL.KBU.01,2026-10-09 01:00,0.58,1.17,,,,,backfill,
WL.KBU.02,2026-10-09 01:00,0.56,,,,,,backfill,
WL.KCD.01,2026-10-09 01:00,-1.00,,,,,,backfill,
WL.KDN.01,2026-10-09 01:00,-0.66,0.45,,,,,backfill,
WL.KJA.01,2026-10-09 01:00,-0.99,,,,,,backfill,
WL.KJA.02,2026-10-09 01:00,-0.53,,,,,,backfill,
WL.KJG.01,2026-10-09 01:00,-0.61,,,,,,backfill,
WL.KJK.01,2026-10-09 01:00,-1.26,0.36,,,,,backfill,
WL.KJK.02,2026-10-09 01:00,-1.21,,,,,,backfill,
WL.KJN.01,2026-10-09 01:00,,,,,,,backfill,
WL.KJN.02,2026-10-09 01:00,-0.20,,,,,,backfill,
WL.KJT.01,2026-10-09 01:00,-0.70,,,,,,backfill,
WL.KJU.01,2026-10-09 01:00,-0.45,,,,,,backfill,
WL.KKD.01,2026-10-09 01:00,-0.42,,,,,,backfill,
WL.KKD.02,2026-10-09 01:00,-0.51,,,,,,backfill,
WL.KKD.03,2026-10-09 01:00,-0.50,,,,,,backfill,
WL.KKD.04,2026-10-09 01:00,-0.45,,,,,,backfill,
WL.KKO.01,2026-10-09 01:00,1.62,,,,,,backfill,
WL.KKS.01,2026-10-09 01:00,-0.80,1.23,,,,,backfill,
WL.KKS.02,2026-10-09 01:00,-0.76,,,,,,backfill,
WL.KKS.03,2026-10-09 01:00,-0.86,,,,,,backfill,
WL.KKS.04,2026-10-09 01:00,-0.82,0.88,,,,,backfill,
WL.KKY.01,2026-10-09 01:00,0.66,,,,,,backfill,
WL.KKY.02,2026-10-09 01:00,0.66,,,,,,backfill,
WL.KLA.01,2026-10-09 01:00,-0.13,,,,,,backfill,
WL.KLD.01,2026-10-09 01:00,-0.35,,,,,,backfill,
WL.KLD.02,2026-10-09 01:00,-0.27,,,,,,backfill,
WL.KLT.01,2026-10-09 01:00,-0.75,,,,,,backfill,
WL.KMN.01,2026-10-09 01:00,0.34,1.08,,,,,backfill,
WL.KNB.01,2026-10-09 01:00,,,,,,,backfill,
WL.KNB.02,2026-10-09 01:00,-0.36,,,,,,backfill,
WL.KPG.01,2026-10-09 01:00,-0.99,,,,,,backfill,
WL.KPM.01,2026-10-09 01:00,-0.26,,,,,,backfill,
WL.KPM.03,2026-10-09 01:00,-0.03,,,,,,backfill,
WL.KPM.04,2026-10-09 01:00,0.48,,,,,,backfill,
WL.KPM.05,2026-10-09 01:00,0.53,,,,,,backfill,
WL.KPM.06,2026-10-09 01:00,0.50,,,,,,backfill,
WL.KPM.08,2026-10-09 01:00,0.52,,,,,,backfill,
WL.KPM.09,2026-10-09 01:00,,,,,,,backfill,
WL.KSG.01,2026-10-09 01:00,0.77,,,,,,backfill,
WL.KSI.01,2026-10-09 01:00,0.83,,,,,,backfill,
WL.KSI.02,2026-10-09 01:00,0.85,,,,,,backfill,
WL.KSK.01,2026-10-09 01:00,-0.56,,,,,,backfill,
WL.KSM.01,2026-10-09 01:00,0.85,,,,,,backfill,
WL.KSM.02,2026-10-09 01:00,0.81,,,,,,backfill,
WL.KSO.01,2026-10-09 01:00,0.74,,,,,,backfill,
WL.KSO.02,2026-10-09 01:00,0.75,,,,,,backfill,
WL.KT4.01,2026-10-09 01:00,,,,,,,backfill,
WL.KTY.01,2026-10-09 01:00,-2.03,0.36,,,,,backfill,
WL.LBK.02,2026-10-09 01:00,0.57,,,,,,backfill,
WL.LBK.03,2026-10-09 01:00,0.49,,,,,,backfill,
WL.LCL.01,2026-10-09 01:00,0.66,,,,,,backfill,
WL.LCL.02,2026-10-09 01:00,,,,,,,backfill,
WL.LKB.01,2026-10-09 01:00,0.73,,,,,,backfill,
WL.LOA.01,2026-10-09 01:00,0.85,,,,,,backfill,
WL.LOA.02,2026-10-09 01:00,0.81,,,,,,backfill,
WL.LPC.01,2026-10-09 01:00,1.12,,,,,,backfill,
WL.LPG.02,2026-10-09 01:00,1.02,1.75,,,,,backfill,
WL.LPG.03,2026-10-09 01:00,0.96,,,,,,backfill,
WL.LPI.02,2026-10-09 01:00,,,,,,,backfill,
WL.LPN.01,2026-10-09 01:00,-0.72,0.57,,,,,backfill,
WL.LPP.01,2026-10-09 01:00,-0.96,,,,,,backfill,
WL.LPT.01,2026-10-09 01:00,,,,,,,backfill,
WL.LPT.03,2026-10-09 01:00,0.90,,,,,,backfill,
WL.LPW.01,2026-10-09 01:00,-0.34,-0.37,,,,,backfill,
WL.LPW.03,2026-10-09 01:00,0.22,,,,,,backfill,
WL.LPW.04,2026-10-09 01:00,-0.57,,,,,,backfill,
WL.LPW.05,2026-10-09 01:00,-0.67,,,,,,backfill,
WL.LSG.01,2026-10-09 01:00,-1.19,,,,,,backfill,
WL.LSM.01,2026-10-09 01:00,-0.57,,,,,,backfill,
WL.LYW.01,2026-10-09 01:00,,,,,,,backfill,
WL.LYW.02,2026-10-09 01:00,-1.45,,,,,,backfill,
WL.MCM.01,2026-10-09 01:00,0.24,,,,,,backfill,
WL.MFS.01,2026-10-09 01:00,-0.74,,,,,,backfill,
WL.MKT.01,2026-10-09 01:00,-0.27,,,,,,backfill,
WL.MSW.01,2026-10-09 01:00,1.20,,,,,,backfill,
WL.MSW.02,2026-10-09 01:00,1.15,,,,,,backfill,
WL.MSW.03,2026-10-09 01:00,1.23,,,,,,backfill,
WL.MTG.01,2026-10-09 01:00,-0.73,,,,,,backfill,
WL.NBN.01,2026-10-09 01:00,-3.60,-1.36,,,,,backfill,
WL.NCH.02,2026-10-09 01:00,-0.71,,,,,,backfill,
WL.NK1.01,2026-10-09 01:00,-0.49,,,,,,backfill,
WL.NK3.01,2026-10-09 01:00,-0.38,,,,,,backfill,
WL.NKW.02,2026-10-09 01:00,-0.36,,,,,,backfill,
WL.NSG.01,2026-10-09 01:00,-2.00,,,,,,backfill,
WL.OAG.01,2026-10-09 01:00,-0.85,,,,,,backfill,
WL.ORC.01,2026-10-09 01:00,-1.34,-0.73,,,,,backfill,
WL.PKG.01,2026-10-09 01:00,1.02,,,,,,backfill,
WL.PKN.01,2026-10-09 01:00,-0.92,0.51,,,,,backfill,
WL.PLK.01,2026-10-09 01:00,0.14,,,,,,backfill,
WL.PLP.01,2026-10-09 01:00,-0.38,,,,,,backfill,
WL.PNM.01,2026-10-09 01:00,0.38,,,,,,backfill,
WL.PSC.01,2026-10-09 01:00,0.36,0.40,,,,,backfill,
WL.PSC.02,2026-10-09 01:00,0.33,,,,,,backfill,
WL.PSC.03,2026-10-09 01:00,0.33,,,,,,backfill,
WL.PSC.05,2026-10-09 01:00,0.39,,,,,,backfill,
WL.PSI.01,2026-10-09 01:00,-1.43,,,,,,backfill,
WL.PSR.01,2026-10-09 01:00,1.11,1.79,,,,,backfill,
WL.PSR.02,2026-10-09 01:00,1.15,,,,,,backfill,
WL.PSR.03,2026-10-09 01:00,1.12,,,,,,backfill,
WL.PSR.04,2026-10-09 01:00,0.78,,,,,,backfill,
WL.PSR.05,2026-10-09 01:00,0.81,,,,,,backfill,
WL.PSR.06,2026-10-09 01:00,,,,,,,backfill,
WL.PST.01,2026-10-09 01:00,-0.93,,,,,,backfill,
WL.PWT.01,2026-10-09 01:00,-0.60,,,,,,backfill,
WL.PWT.02,2026-10-09 01:00,0.01,,,,,,backfill,
WL.PWT.03,2026-10-09 01:00,0.27,0.28,,,,,backfill,
WL.PWT.04,2026-10-09 01:00,0.58,0.62,,,,,backfill,
WL.PWT.05,2026-10-09 01:00,,,,,,,backfill,
WL.PWT.06,2026-10-09 01:00,0.98,,,,,,backfill,
WL.PWT.07,2026-10-09 01:00,0.96,,,,,,backfill,
WL.PYW.01,2026-10-09 01:00,-0.89,,,,,,backfill,
WL.RHN.01,2026-10-09 01:00,-0.87,0.36,,,,,backfill,
WL.RJK.01,2026-10-09 01:00,0.34,0.35,,,,,backfill,
WL.RKC.01,2026-10-09 01:00,,,,,,,backfill,
WL.RMT.01,2026-10-09 01:00,-1.10,0.67,,,,,backfill,
WL.RMT.02,2026-10-09 01:00,-0.22,,,,,,backfill,
WL.RSK.01,2026-10-09 01:00,0.42,,,,,,backfill,
WL.SBR.01,2026-10-09 01:00,0.71,1.15,,,,,backfill,
WL.SBR.02,2026-10-09 01:00,0.64,,,,,,backfill,
WL.SBT.01,2026-10-09 01:00,-0.28,0.09,,,,,backfill,
WL.SCO.01,2026-10-09 01:00,0.25,,,,,,backfill,
WL.SDN.01,2026-10-09 01:00,0.23,,,,,,backfill,
WL.SKG.01,2026-10-09 01:00,,,,,,,backfill,
WL.SKT.01,2026-10-09 01:00,-0.57,,,,,,backfill,
WL.SKT.02,2026-10-09 01:00,-0.61,,,,,,backfill,
WL.SLL.01,2026-10-09 01:00,,,,,,,backfill,
WL.SMK.01,2026-10-09 01:00,-0.25,,,,,,backfill,
WL.SNC.01,2026-10-09 01:00,-0.22,0.81,,,,,backfill,
WL.SNC.02,2026-10-09 01:00,0.26,,,,,,backfill,
WL.SNC.03,2026-10-09 01:00,0.00,,,,,,backfill,
WL.SNO.01,2026-10-09 01:00,-0.79,,,,,,backfill,
WL.SOL.01,2026-10-09 01:00,-0.63,,,,,,backfill,
WL.SRE.01,2026-10-09 01:00,-0.48,0.78,,,,,backfill,
WL.SRG.01,2026-10-09 01:00,-0.40,0.67,,,,,backfill,
WL.SSB.01,2026-10-09 01:00,-0.83,,,,,,backfill,
WL.SSB.03,2026-10-09 01:00,-0.59,,,,,,backfill,
WL.SSB.04,2026-10-09 01:00,-0.66,-0.67,,,,,backfill,
WL.SSB.06,2026-10-09 01:00,-0.50,,,,,,backfill,
WL.SSB.07,2026-10-09 01:00,-0.10,,,,,,backfill,
WL.SSB.08,2026-10-09 01:00,0.31,,,,,,backfill,
WL.SSB.10,2026-10-09 01:00,0.72,1.19,,,,,backfill,
WL.SSB.11,2026-10-09 01:00,1.25,,,,,,backfill,
WL.SSB.12,2026-10-09 01:00,1.19,1.50,,,,,backfill,
WL.SSG.01,2026-10-09 01:00,1.58,,,,,,backfill,
WL.SSM.01,2026-10-09 01:00,1.30,,,,,,backfill,
WL.SSN.01,2026-10-09 01:00,-1.05,1.31,,,,,backfill,
WL.SSN.02,2026-10-09 01:00,-1.83,,,,,,backfill,
WL.SSN.04,2026-10-09 01:00,-1.31,,,,,,backfill,
WL.SSN.06,2026-10-09 01:00,-1.77,,,,,,backfill,
WL.SSN.07,2026-10-09 01:00,-1.05,,,,,,backfill,
WL.SSN.08,2026-10-09 01:00,-0.68,-0.69,,,,,backfill,
WL.SSN.09,2026-10-09 01:00,-0.71,,,,,,backfill,
WL.SSN.10,2026-10-09 01:00,-0.67,,,,,,backfill,
WL.SST.01,2026-10-09 01:00,0.90,1.78,,,,,backfill,
WL.STN.01,2026-10-09 01:00,0.53,,,,,,backfill,
WL.STN.02,2026-10-09 01:00,0.65,,,,,,backfill,
WL.STN.03,2026-10-09 01:00,0.71,,,,,,backfill,
WL.STR.01,2026-10-09 01:00,-1.01,0.24,0.76,,,,backfill,
WL.SWA.01,2026-10-09 01:00,0.85,1.34,,,,,backfill,
WL.SWU.01,2026-10-09 01:00,-1.22,,,,,,backfill,
WL.TCG.01,2026-10-09 01:00,-0.84,,,,,,backfill,
WL.TPK.02,2026-10-09 01:00,0.44,,,,,,backfill,
WL.TPK.03,2026-10-09 01:00,0.52,,,,,,backfill,
WL.TSK.01,2026-10-09 01:00,-1.81,,,,,,backfill,
WL.TTN.01,2026-10-09 01:00,-0.65,,,,,,backfill,
WL.TUT.02,2026-10-09 01:00,-0.57,,,,,,backfill,
WL.TWW.01,2026-10-09 01:00,0.76,1.07,,,,,backfill,
WL.TWW.02,2026-10-09 01:00,0.72,,,,,,backfill,
WL.TWW.03,2026-10-09 01:00,0.70,,,,,,backfill,
WL.TWW.04,2026-10-09 01:00,0.67,,,,,,backfill,
WL.TWW.05,2026-10-09 01:00,0.42,,,,,,backfill,
WL.VPD.01,2026-10-09 01:00,-1.01,,,,,,backfill,
WL.VPD.02,2026-10-09 01:00,-0.97,,,,,,backfill,
WL.VPD.03,2026-10-09 01:00,-1.30,,,,,,backfill,
WL.VPV.01,2026-10-09 01:00,-2.04,,,,,,backfill,
WL.WHK.01,2026-10-09 01:00,0.73,,,,,,backfill,
WL.WKT.01,2026-10-09 01:00,0.53,,,,,,backfill,
WL.WLS.01,2026-10-09 01:00,0.59,,,,,,backfill,
WL.WSI.01,2026-10-09 01:00,-0.66,0.61,,,,,backfill,
WL.WSV.01,2026-10-09 01:00,0.14,,,,,,backfill,
WL.WTK.01,2026-10-09 01:00,-0.61,,,,,,backfill,
WL.WTN.02,2026-10-09 01:00,-1.11,,,,,,backfill,
WL.YPE.01,2026-10-09 01:00,0.36,,,,,,backfill,
WL.YPN.01,2026-10-09 01:00,-0.52,,,,,,backfill,
WL.YPN.02,2026-10-09 01:00,-0.58,,,,,,backfill,
WL.YSN.02,2026-10-09 01:00,-0.97,,,,,,backfill,
WL.LOA.02,2026-10-09 01:05,0.81,,,,,,temporarily out of order,0.81
WL.ANG.01,2026-10-09 01:10,0.99,,,,,,Normal,
WL.BBU.02,2026-10-09 01:10,0.53,,,,,,Normal,
WL.BKH.01,2026-10-09 01:10,0.07,,,,,,Normal,
WL.BKY.01,2026-10-09 01:10,0.37,1.09,,0.0,6.0,0.0,Normal,0.37
WL.BNJ.05,2026-10-09 01:10,-1.73,,,,,,Normal,
WL.BSE.01,2026-10-09 01:10,-1.59,,,,,,Normal,
WL.BTL.02,2026-10-09 01:10,-0.03,,,,,,Normal,
WL.CLH.01,2026-10-09 01:10,-0.33,,,,,,Normal,
WL.CYI.02,2026-10-09 01:10,-0.63,,,,,,Normal,-0.62
WL.K08.01,2026-10-09 01:10,1.56,,,,,,Alert,
WL.K10.01,2026-10-09 01:10,1.63,,,,,,Alert,
WL.K11.01,2026-10-09 01:10,1.58,,,,,,Alert,
WL.KBP.01,2026-10-09 01:10,-0.61,,,,,,Normal,
WL.KHW.01,2026-10-09 01:10,1.73,,,,,,Normal,
WL.KKO.02,2026-10-09 01:10,1.57,,,,,,Alert,
WL.KPM.07,2026-10-09 01:10,0.56,,,,,,Normal,
WL.LPS.01,2026-10-09 01:10,0.84,,,,,,Normal,
WL.LPT.05,2026-10-09 01:10,1.27,,,,,,Normal,
WL.MKT.02,2026-10-09 01:10,-0.82,,,,,,Normal,
WL.NK3.02,2026-10-09 01:10,-0.09,,,,,,Normal,
WL.POC.01,2026-10-09 01:10,1.46,,,,,,Normal,
WL.PSC.06,2026-10-09 01:10,0.48,,,,,,Normal,
WL.RPS.01,2026-10-09 01:10,2.09,,,,,,Alert,
WL.SSB.13,2026-10-09 01:10,1.89,,,,,,Critical,
WL.SSG.02,2026-10-09 01:10,1.57,,,,,,Alert,
WL.STN.01,2026-10-09 01:10,0.53,,,,,,Alert,0.53
WL.SWA.02,2026-10-09 01:10,1.5,,,,,,Alert,
WL.AJP.01,2026-10-09 01:15,-0.92,,,,,,Normal,-0.9
WL.ANX.01,2026-10-09 01:15,0.0,,,,,,Normal,0.02
WL.BAM.01,2026-10-09 01:15,0.39,,,,,,Normal,0.39
WL.BBN.02,2026-10-09 01:15,0.09,,,,,,Normal,0.1
WL.BBN.03,2026-10-09 01:15,0.35,,,,,,Normal,0.35
WL.BBR.01,2026-10-09 01:15,-0.18,,,,,,Normal,-0.07
WL.BBR.02,2026-10-09 01:15,-0.18,,,,,,Normal,-0.06
WL.BBU.01,2026-10-09 01:15,0.48,,,,,,Normal,0.5
WL.BCN.01,2026-10-09 01:15,0.5,,,,,,Normal,0.51
WL.BCN.02,2026-10-09 01:15,0.49,,,,,,Normal,0.49
WL.BCN.03,2026-10-09 01:15,0.55,,,,,,Normal,0.55
WL.BJK.01,2026-10-09 01:15,-1.19,0.38,,0.0,0.0,,Normal,-1.19
WL.BJK.02,2026-10-09 01:15,0.45,,,,,,Normal,0.45
WL.BJK.03,2026-10-09 01:15,0.43,,,,,,Normal,0.43
WL.BJK.04,2026-10-09 01:15,0.49,,,,,,Normal,0.49
WL.BKA.01,2026-10-09 01:15,-1.4,1.53,,1.73,1.74,0.0,Normal,-1.24
WL.BKA.02,2026-10-09 01:15,-0.72,,,,,,Normal,-0.69
WL.BKA.03,2026-10-09 01:15,-0.29,,,,,,Normal,-0.27
WL.BKA.04,2026-10-09 01:15,0.15,,,,,,Normal,0.16
WL.BKB.01,2026-10-09 01:15,-0.38,,,,,,Normal,-0.37
WL.BKG.01,2026-10-09 01:15,0.68,-2.0,,0.0,,,Critical,0.68
WL.BKK.01,2026-10-09 01:15,0.49,,,,,,Normal,
WL.BKT.01,2026-10-09 01:15,-0.31,,,,,,Normal,-0.31
WL.BKY.02,2026-10-09 01:15,0.45,,,,,,Normal,0.45
WL.BLP.02,2026-10-09 01:15,-0.81,,,,,,Normal,-0.77
WL.BLY.01,2026-10-09 01:15,-0.45,,,,,,Normal,-0.43
WL.BLY.02,2026-10-09 01:15,-0.52,,,,,,Normal,-0.52
WL.BMA.02,2026-10-09 01:15,-0.01,,,,,,Normal,0.08
WL.BMK.01,2026-10-09 01:15,-1.31,,,,,,Normal,-1.31
WL.BNA.01,2026-10-09 01:15,-1.31,0.31,,0.0,0.0,,Normal,-1.31
WL.BNA.03,2026-10-09 01:15,-0.56,,,,,,Normal,-0.55
WL.BNA.04,2026-10-09 01:15,-0.43,,,,,,Normal,-0.42
WL.BNJ.02,2026-10-09 01:15,-1.85,,,,,,Normal,-1.29
WL.BNJ.04,2026-10-09 01:15,-1.13,,,,,,Normal,-1.09
WL.BNS.01,2026-10-09 01:15,0.51,,,,,,Normal,0.51
WL.BOA.01,2026-10-09 01:15,-1.14,0.46,,0.0,0.0,,Normal,-1.14
WL.BOA.02,2026-10-09 01:15,-1.1,,,,,,Normal,-1.1
WL.BOA.03,2026-10-09 01:15,-1.27,,,,,,Normal,-1.27
WL.BON.01,2026-10-09 01:15,-1.13,,,,,,Normal,-1.13
WL.BPA.01,2026-10-09 01:15,-0.57,,,,,,Normal,-0.55
WL.BPK.01,2026-10-09 01:15,0.14,,,,,,Normal,0.14
WL.BPM.01,2026-10-09 01:15,0.45,,,,,,Normal,0.45
WL.BPM.02,2026-10-09 01:15,0.5,,,,,,Normal,0.5
WL.BPM.03,2026-10-09 01:15,0.62,,,,,,Alert,0.63
WL.BPM.04,2026-10-09 01:15,0.58,,,,,,Normal,0.58
WL.BPN.02,2026-10-09 01:15,0.15,,,,,,Normal,0.15
WL.BPU.01,2026-10-09 01:15,0.2,,,,,,Normal,0.2
WL.BSK.01,2026-10-09 01:15,0.21,0.76,,0.0,0.0,,Normal,0.21
WL.BSU.01,2026-10-09 01:15,-0.99,1.46,,0.0,0.0,0.0,Normal,-0.99
WL.BSU.02,2026-10-09 01:15,-0.87,,,,,,Normal,-0.84
WL.BSU.03,2026-10-09 01:15,-1.35,,,,,,Normal,-1.3
WL.BSU.04,2026-10-09 01:15,-1.1,,,,,,Normal,-1.1
WL.BSU.05,2026-10-09 01:15,-1.28,,,,,,Normal,-1.25
WL.BSU.06,2026-10-09 01:15,-0.92,,,,,,Normal,-0.8
WL.BSU.07,2026-10-09 01:15,-0.56,,,,,,Normal,-0.53
WL.BTL.01,2026-10-09 01:15,-0.51,,,,,,Normal,-0.51
WL.BTY.01,2026-10-09 01:15,0.25,,,,,,Normal,0.27
WL.BWK.01,2026-10-09 01:15,0.39,,,,,,Normal,0.39
WL.BWK.02,2026-10-09 01:15,0.59,,,,,,Normal,0.59
WL.BWK.03,2026-10-09 01:15,0.63,,,,,,Normal,0.63
WL.BYI.01,2026-10-09 01:15,1.0,,,,,,Critical,1.0
WL.BYK.02,2026-10-09 01:15,-0.13,,,,,,Normal,-0.04
WL.CKS.01,2026-10-09 01:15,-1.43,,,0.0,0.0,,Normal,-1.28
WL.CKS.02,2026-10-09 01:15,-0.99,,,,,,Normal,-0.99
WL.CKS.03,2026-10-09 01:15,-1.16,,,,,,Normal,-1.16
WL.CNS.01,2026-10-09 01:15,-1.45,0.45,,0.0,0.0,,Normal,-1.45
WL.CPA.01,2026-10-09 01:15,0.47,1.19,,4.27,3.52,,Normal,0.47
WL.CPA.02,2026-10-09 01:15,0.36,,,,,,Normal,0.36
WL.CYI.01,2026-10-09 01:15,-0.65,,,,,,Normal,-0.64
WL.CYI.03,2026-10-09 01:15,-0.56,,,,,,Normal,-0.55
WL.DKN.01,2026-10-09 01:15,0.21,0.71,,6.3,0.0,6.3,Normal,0.21
WL.FTM.01,2026-10-09 01:15,-1.1,,,,,,Normal,-1.07
WL.HKG.01,2026-10-09 01:15,-0.79,,,,,,Normal,-0.77
WL.HKG.02,2026-10-09 01:15,-0.75,,,,,,Normal,-0.73
WL.HMK.01,2026-10-09 01:15,-0.02,,,,,,Alert,-0.01
WL.HMK.02,2026-10-09 01:15,-0.03,,,,,,Normal,-0.03
WL.HMK.03,2026-10-09 01:15,-0.01,,,,,,Normal,0.0
WL.JRN.01,2026-10-09 01:15,0.29,0.6,,0.0,,,Normal,0.3
WL.KBU.01,2026-10-09 01:15,0.58,1.17,,0.0,,,Normal,0.58
WL.KBU.02,2026-10-09 01:15,0.56,,,,,,Normal,0.56
WL.KCD.01,2026-10-09 01:15,-1.01,,,,,,Normal,-1.0
WL.KDN.01,2026-10-09 01:15,-0.65,0.48,,0.0,,,Normal,-0.64
WL.KJA.01,2026-10-09 01:15,-0.97,,,,,,Normal,-0.97
WL.KJA.02,2026-10-09 01:15,-0.53,,,,,,Normal,-0.53
WL.KJG.01,2026-10-09 01:15,-0.6,,,,,,Normal,-0.59
WL.KJK.01,2026-10-09 01:15,-1.26,0.4,,0.0,0.0,,Normal,-1.26
WL.KJK.02,2026-10-09 01:15,-1.21,,,,,,Normal,-1.21
WL.KJN.02,2026-10-09 01:15,-0.2,,,,,,Normal,-0.18
WL.KJT.01,2026-10-09 01:15,-0.75,,,,,,Normal,-0.51
WL.KJU.01,2026-10-09 01:15,-0.54,,,,,,Normal,-0.39
WL.KKD.01,2026-10-09 01:15,-0.42,,,,,,Normal,-0.41
WL.KKD.02,2026-10-09 01:15,-0.51,,,,,,Normal,-0.51
WL.KKD.03,2026-10-09 01:15,-0.5,,,,,,Normal,-0.5
WL.KKO.01,2026-10-09 01:15,1.62,,,,,,Alert,1.62
WL.KKS.01,2026-10-09 01:15,-0.8,1.22,,0.0,0.0,,Normal,-0.76
WL.KKS.02,2026-10-09 01:15,-0.77,,,,,,Normal,-0.73
WL.KKS.03,2026-10-09 01:15,-0.86,,,,,,Normal,-0.82
WL.KKS.04,2026-10-09 01:15,-0.82,0.89,,0.0,,,Normal,-0.78
WL.KKY.01,2026-10-09 01:15,0.66,,,,,,Normal,0.66
WL.KKY.02,2026-10-09 01:15,0.66,,,,,,Normal,0.66
WL.KLA.01,2026-10-09 01:15,-0.13,,,,,,Alert,0.39
WL.KLD.01,2026-10-09 01:15,-0.35,,,,,,Normal,-0.35
WL.KLD.02,2026-10-09 01:15,-0.27,,,,,,Normal,-0.27
WL.KLT.01,2026-10-09 01:15,-0.76,,,,,,Normal,-0.73
WL.KMN.01,2026-10-09 01:15,0.34,1.05,,0.1,6.7,0.0,Normal,0.34
WL.KNB.02,2026-10-09 01:15,-0.36,,,,,,Normal,-0.36
WL.KPG.01,2026-10-09 01:15,-0.99,,,,,,Normal,-0.99
WL.KPM.01,2026-10-09 01:15,-0.27,,,,,,Normal,-0.25
WL.KPM.03,2026-10-09 01:15,-0.04,,,,,,Normal,-0.02
WL.KPM.05,2026-10-09 01:15,0.52,,,,,,Normal,0.53
WL.KPM.06,2026-10-09 01:15,0.51,,,,,,Normal,0.52
WL.KPM.08,2026-10-09 01:15,0.52,,,,,,Normal,0.53
WL.KSG.01,2026-10-09 01:15,0.76,,,,,,Normal,0.79
WL.KSI.01,2026-10-09 01:15,0.83,,,,,,Alert,0.84
WL.KSI.02,2026-10-09 01:15,0.85,,,,,,Critical,0.85
WL.KSK.01,2026-10-09 01:15,-0.56,,,,,,Normal,-0.56
WL.KSM.01,2026-10-09 01:15,0.85,,,,,,Critical,0.85
WL.KSM.02,2026-10-09 01:15,0.81,,,,,,Critical,0.81
WL.KSO.01,2026-10-09 01:15,0.74,,,,,,Normal,0.74
WL.KSO.02,2026-10-09 01:15,0.75,,,,,,Normal,0.75
WL.KTY.01,2026-10-09 01:15,-2.01,0.39,,0.0,,,Normal,-2.01
WL.LBK.02,2026-10-09 01:15,0.57,,,,,,Critical,0.58
WL.LBK.03,2026-10-09 01:15,0.49,,,,,,Critical,0.5
WL.LCL.01,2026-10-09 01:15,0.66,,,,,,Normal,0.67
WL.LKB.01,2026-10-09 01:15,0.73,,,,,,Critical,0.74
WL.LOA.01,2026-10-09 01:15,0.86,,,,,,Alert,0.86
WL.LPC.01,2026-10-09 01:15,1.12,,,,,,Critical,1.12
WL.LPG.02,2026-10-09 01:15,1.02,1.75,,0.0,,,Critical,1.02
WL.LPG.03,2026-10-09 01:15,0.96,,,,,,Critical,0.97
WL.LPN.01,2026-10-09 01:15,-0.72,0.56,,0.01,,,Normal,-0.7
WL.LPP.01,2026-10-09 01:15,-0.96,,,,,,Normal,-0.95
WL.LPP.02,2026-10-09 01:15,-0.43,,,,,,Normal,
WL.LPT.03,2026-10-09 01:15,0.9,,,,,,Critical,0.91
WL.LPW.01,2026-10-09 01:15,-0.33,-0.38,,0.0,,,Normal,-0.33
WL.LPW.03,2026-10-09 01:15,0.22,,,,,,Normal,0.22
WL.LPW.04,2026-10-09 01:15,-0.57,,,,,,Normal,-0.57
WL.LPW.05,2026-10-09 01:15,-0.67,,,,,,Normal,-0.65
WL.LSG.01,2026-10-09 01:15,-1.19,,,,,,Normal,-1.18
WL.LSM.01,2026-10-09 01:15,-0.57,,,,,,Normal,-0.57
WL.LYW.02,2026-10-09 01:15,-1.45,,,,,,Normal,-1.45
WL.MCM.01,2026-10-09 01:15,0.24,,,,,,Normal,0.24
WL.MFS.01,2026-10-09 01:15,-0.74,,,,,,Normal,-0.74
WL.MKT.01,2026-10-09 01:15,-0.27,,,,,,Normal,-0.27
WL.MSW.01,2026-10-09 01:15,1.19,,,,,,Normal,1.22
WL.MSW.02,2026-10-09 01:15,1.16,,,,,,Normal,1.16
WL.MSW.03,2026-10-09 01:15,1.23,,,,,,Normal,1.27
WL.MSW.04,2026-10-09 01:15,0.97,,,,,,Normal,
WL.MTG.01,2026-10-09 01:15,-0.72,,,,,,Normal,-0.72
WL.NBN.01,2026-10-09 01:15,-3.65,-1.36,,0.0,,,Normal,-3.58
WL.NCH.02,2026-10-09 01:15,-0.47,,,,,,Normal,-0.33
WL.NK1.01,2026-10-09 01:15,-0.45,,,,,,Normal,-0.45
WL.NK3.01,2026-10-09 01:15,-0.37,,,,,,Normal,-0.37
WL.NKW.02,2026-10-09 01:15,-0.35,,,,,,Normal,-0.35
WL.NSG.01,2026-10-09 01:15,-2.0,,,,,,Normal,-2.0
WL.OAG.01,2026-10-09 01:15,-0.86,,,,,,Normal,-0.82
WL.ORC.01,2026-10-09 01:15,-1.34,-0.74,,0.0,,,Normal,-1.34
WL.PKG.01,2026-10-09 01:15,1.01,,,,,,Normal,1.09
WL.PKN.01,2026-10-09 01:15,-0.92,0.54,,0.0,0.0,0.0,Normal,-0.91
WL.PLK.01,2026-10-09 01:15,0.21,,,,,,Normal,0.21
WL.PLP.01,2026-10-09 01:15,-0.38,,,,,,Normal,-0.38
WL.PNM.01,2026-10-09 01:15,0.38,,,,,,Critical,0.38
WL.PSC.01,2026-10-09 01:15,0.36,0.4,,0.0,0.0,0.0,Normal,0.36
WL.PSC.02,2026-10-09 01:15,0.33,,,,,,Normal,0.33
WL.PSC.03,2026-10-09 01:15,0.33,,,,,,Normal,0.33
WL.PSC.05,2026-10-09 01:15,0.39,,,,,,Normal,0.39
WL.PSI.01,2026-10-09 01:15,-1.41,,,,,,Normal,-1.41
WL.PSR.01,2026-10-09 01:15,1.11,1.82,,0.2,,,Critical,1.12
WL.PSR.02,2026-10-09 01:15,1.15,,,,,,Alert,1.15
WL.PSR.03,2026-10-09 01:15,1.12,,,,,,Alert,1.13
WL.PSR.04,2026-10-09 01:15,0.78,,,,,,Normal,0.78
WL.PSR.05,2026-10-09 01:15,0.81,,,,,,Critical,0.81
WL.PST.01,2026-10-09 01:15,-0.93,,,,,,Normal,-0.93
WL.PWT.01,2026-10-09 01:15,-0.6,,,,,,Normal,-0.58
WL.PWT.02,2026-10-09 01:15,0.01,,,,,,Normal,0.02
WL.PWT.03,2026-10-09 01:15,0.27,0.27,,5.8,5.9,,Critical,0.27
WL.PWT.04,2026-10-09 01:15,0.58,0.62,,4.06,,,Critical,0.59
WL.PWT.06,2026-10-09 01:15,0.98,,,,,,Critical,0.98
WL.PWT.07,2026-10-09 01:15,0.96,,,,,,Critical,0.97
WL.PYW.01,2026-10-09 01:15,-0.88,,,,,,Normal,-0.88
WL.RHN.01,2026-10-09 01:15,-0.88,0.35,,0.0,,,Normal,-0.86
WL.RJK.01,2026-10-09 01:15,0.34,0.35,,7.5,,,Normal,0.35
WL.RMN.01,2026-10-09 01:15,0.56,,,,,,Normal,
WL.RMT.01,2026-10-09 01:15,-0.93,0.64,,0.0,0.0,,Normal,-0.93
WL.RMT.02,2026-10-09 01:15,-0.22,,,,,,Normal,-0.21
WL.RMT.03,2026-10-09 01:15,-2.0,,,,,,Normal,-2.0
WL.RSK.01,2026-10-09 01:15,0.42,,,,,,Normal,0.42
WL.SBR.01,2026-10-09 01:15,0.71,1.15,,0.0,,,Normal,0.71
WL.SBR.02,2026-10-09 01:15,0.64,,,,,,Normal,0.64
WL.SBT.01,2026-10-09 01:15,-0.28,0.1,,0.0,,,Normal,-0.28
WL.SCO.01,2026-10-09 01:15,0.25,,,,,,Normal,0.25
WL.SDN.01,2026-10-09 01:15,0.23,,,,,,Normal,0.23
WL.SKT.01,2026-10-09 01:15,-0.57,,,,,,Normal,-0.57
WL.SKT.02,2026-10-09 01:15,-0.61,,,,,,Normal,-0.61
WL.SMK.01,2026-10-09 01:15,-0.25,,,,,,Normal,-0.25
WL.SNC.01,2026-10-09 01:15,-0.21,0.8,,0.0,0.0,0.0,Normal,-0.21
WL.SNC.02,2026-10-09 01:15,0.26,,,,,,Normal,0.26
WL.SNC.03,2026-10-09 01:15,0.0,,,,,,Normal,0.0
WL.SNO.01,2026-10-09 01:15,-0.78,,,,,,Normal,-0.78
WL.SOL.01,2026-10-09 01:15,-0.63,,,,,,Normal,-0.62
WL.SRE.01,2026-10-09 01:15,-0.46,0.8,,0.0,0.0,,Normal,-0.46
WL.SRG.01,2026-10-09 01:15,-0.41,0.68,,0.0,0.0,0.0,Normal,-0.37
WL.SSB.01,2026-10-09 01:15,-0.84,,,,,,Normal,-0.81
WL.SSB.03,2026-10-09 01:15,-0.6,,,,,,Normal,-0.57
WL.SSB.04,2026-10-09 01:15,-0.66,-0.68,,7.5,7.5,,Normal,-0.64
WL.SSB.06,2026-10-09 01:15,-0.51,,,,,,Normal,-0.48
WL.SSB.07,2026-10-09 01:15,-0.1,,,,,,Normal,-0.07
WL.SSB.08,2026-10-09 01:15,0.31,,,,,,Normal,0.32
WL.SSB.09,2026-10-09 01:15,0.57,1.1,,0.0,,,Critical,0.58
WL.SSB.10,2026-10-09 01:15,0.72,1.19,,2.0,,,Critical,0.73
WL.SSB.11,2026-10-09 01:15,1.25,,,,,,Critical,1.25
WL.SSB.12,2026-10-09 01:15,1.19,1.5,,0.0,,,Critical,1.19
WL.SSG.01,2026-10-09 01:15,1.58,,,,,,Alert,1.58
WL.SSM.01,2026-10-09 01:15,1.29,-99,,0.0,,,Critical,1.3
WL.SSM.02,2026-10-09 01:15,1.55,,,,,,Normal,
WL.SSN.01,2026-10-09 01:15,-1.05,1.31,,7.0,0.0,0.0,Normal,-1.05
WL.SSN.02,2026-10-09 01:15,-1.83,,,,,,Normal,-1.82
WL.SSN.04,2026-10-09 01:15,-1.31,,,,,,Normal,-1.26
WL.SSN.06,2026-10-09 01:15,-1.77,,,,,,Normal,-1.77
WL.SSN.07,2026-10-09 01:15,-1.05,,,,,,Normal,-1.02
WL.SSN.08,2026-10-09 01:15,-0.69,-0.69,,0.0,,,Normal,-0.67
WL.SSN.09,2026-10-09 01:15,-0.71,,,,,,Normal,-0.69
WL.SSN.10,2026-10-09 01:15,-0.68,,,,,,Normal,-0.66
WL.SST.01,2026-10-09 01:15,0.9,1.78,,0.32,,,Alert,0.91
WL.STN.02,2026-10-09 01:15,0.65,,,,,,Critical,0.66
WL.STN.03,2026-10-09 01:15,0.71,,,,,,Critical,0.72
WL.STR.01,2026-10-09 01:15,-1.02,0.24,0.78,0.0,0.0,0.0,Normal,-1.0
WL.SWA.01,2026-10-09 01:15,0.85,1.34,,0.43,,,Critical,0.86
WL.SWU.01,2026-10-09 01:15,-1.21,,,,,,Normal,-1.21
WL.TCG.01,2026-10-09 01:15,-0.84,,,,,,Normal,-0.84
WL.TPK.02,2026-10-09 01:15,0.44,,,,,,Critical,0.44
WL.TPK.03,2026-10-09 01:15,0.52,,,,,,Critical,0.52
WL.TSK.01,2026-10-09 01:15,-1.81,,,,,,Normal,-1.8
WL.TTN.01,2026-10-09 01:15,-0.65,,,,,,Normal,-0.65
WL.TUT.02,2026-10-09 01:15,-0.55,,,,,,Normal,-0.55
WL.TWW.01,2026-10-09 01:15,0.76,1.07,,0.99,,,Normal,0.76
WL.TWW.02,2026-10-09 01:15,0.72,,,,,,Normal,0.72
WL.TWW.03,2026-10-09 01:15,0.69,,,,,,Alert,0.7
WL.TWW.04,2026-10-09 01:15,0.67,,,,,,Normal,0.67
WL.TWW.05,2026-10-09 01:15,0.42,,,,,,Normal,0.42
WL.VPD.01,2026-10-09 01:15,-1.01,,,,,,Normal,-1.0
WL.VPD.02,2026-10-09 01:15,-0.97,,,,,,Normal,-0.96
WL.VPD.03,2026-10-09 01:15,-1.3,,,,,,Normal,-1.3
WL.VPV.01,2026-10-09 01:15,-1.7,,,0.0,,,Normal,-1.48
WL.WHK.01,2026-10-09 01:15,0.72,,,,,,Normal,0.77
WL.WKT.01,2026-10-09 01:15,0.53,,,,,,Normal,0.53
WL.WLS.01,2026-10-09 01:15,0.59,,,,,,Normal,0.6
WL.WSI.01,2026-10-09 01:15,-0.65,0.63,,0.0,0.0,0.0,Normal,-0.65
WL.WSV.01,2026-10-09 01:15,0.14,,,,,,Normal,0.14
WL.WTK.01,2026-10-09 01:15,-0.61,,,,,,Normal,-0.61
WL.WTN.02,2026-10-09 01:15,-1.11,,,,,,Normal,-1.1
WL.YPE.01,2026-10-09 01:15,0.36,,,,,,Normal,0.36
WL.YPN.01,2026-10-09 01:15,-0.52,,,,,,Normal,-0.52
WL.YPN.02,2026-10-09 01:15,-0.58,,,,,,Normal,-0.58
WL.YSN.02,2026-10-09 01:15,-0.97,,,,,,Normal,-0.95
WL.KPM.04,2026-10-09 01:25,0.48,,,,,,Normal,0.49
WL.KKD.04,2026-10-09 01:35,-0.46,,,,,,Normal,-0.45
WL.AJP.01,2026-10-09 02:00,-0.95,,,,,,backfill,
WL.ANX.01,2026-10-09 02:00,-0.01,,,,,,backfill,
WL.BAM.01,2026-10-09 02:00,0.37,,,,,,backfill,
WL.BBN.01,2026-10-09 02:00,,,,,,,backfill,
WL.BBN.02,2026-10-09 02:00,0.09,,,,,,backfill,
WL.BBN.03,2026-10-09 02:00,0.35,,,,,,backfill,
WL.BBR.01,2026-10-09 02:00,-0.10,,,,,,backfill,
WL.BBR.02,2026-10-09 02:00,-0.14,,,,,,backfill,
WL.BBU.01,2026-10-09 02:00,0.48,,,,,,backfill,
WL.BCN.01,2026-10-09 02:00,0.50,,,,,,backfill,
WL.BCN.02,2026-10-09 02:00,0.49,,,,,,backfill,
WL.BCN.03,2026-10-09 02:00,0.56,,,,,,backfill,
WL.BJK.01,2026-10-09 02:00,-1.09,0.55,,,,,backfill,
WL.BJK.02,2026-10-09 02:00,0.45,,,,,,backfill,
WL.BJK.03,2026-10-09 02:00,0.43,,,,,,backfill,
WL.BJK.04,2026-10-09 02:00,0.49,,,,,,backfill,
WL.BKA.01,2026-10-09 02:00,-1.53,1.53,,,,,backfill,
WL.BKA.02,2026-10-09 02:00,-0.74,,,,,,backfill,
WL.BKA.03,2026-10-09 02:00,-0.30,,,,,,backfill,
WL.BKA.04,2026-10-09 02:00,0.15,,,,,,backfill,
WL.BKB.01,2026-10-09 02:00,-0.39,,,,,,backfill,
WL.BKG.01,2026-10-09 02:00,0.67,-2.00,,,,,backfill,
WL.BKT.01,2026-10-09 02:00,-0.31,,,,,,backfill,
WL.BKY.01,2026-10-09 02:00,0.37,1.12,,,,,backfill,
WL.BKY.02,2026-10-09 02:00,0.45,,,,,,backfill,
WL.BLP.02,2026-10-09 02:00,-0.83,,,,,,backfill,
WL.BLY.01,2026-10-09 02:00,-0.45,,,,,,backfill,
WL.BLY.02,2026-10-09 02:00,-0.53,,,,,,backfill,
WL.BMA.02,2026-10-09 02:00,-0.04,,,,,,backfill,
WL.BMK.01,2026-10-09 02:00,-1.29,,,,,,backfill,
WL.BNA.01,2026-10-09 02:00,-1.27,0.49,,,,,backfill,
WL.BNA.02,2026-10-09 02:00,,,,,,,backfill,
WL.BNA.03,2026-10-09 02:00,-0.56,,,,,,backfill,
WL.BNA.04,2026-10-09 02:00,-0.43,,,,,,backfill,
WL.BNJ.01,2026-10-09 02:00,,,,,,,backfill,
WL.BNJ.02,2026-10-09 02:00,-2.26,,,,,,backfill,
WL.BNJ.03,2026-10-09 02:00,,,,,,,backfill,
WL.BNJ.04,2026-10-09 02:00,-1.17,,,,,,backfill,
WL.BNS.01,2026-10-09 02:00,0.51,,,,,,backfill,
WL.BOA.01,2026-10-09 02:00,-1.07,0.61,,,,,backfill,
WL.BOA.02,2026-10-09 02:00,-1.03,,,,,,backfill,
WL.BOA.03,2026-10-09 02:00,-1.20,,,,,,backfill,
WL.BON.01,2026-10-09 02:00,-1.06,,,,,,backfill,
WL.BPA.01,2026-10-09 02:00,-0.57,,,,,,backfill,
WL.BPK.01,2026-10-09 02:00,0.14,,,,,,backfill,
WL.BPM.01,2026-10-09 02:00,0.45,,,,,,backfill,
WL.BPM.02,2026-10-09 02:00,0.50,,,,,,backfill,
WL.BPM.03,2026-10-09 02:00,0.63,,,,,,backfill,
WL.BPM.04,2026-10-09 02:00,0.58,,,,,,backfill,
WL.BPN.02,2026-10-09 02:00,0.15,,,,,,backfill,
WL.BPU.01,2026-10-09 02:00,0.44,,,,,,backfill,
WL.BSK.01,2026-10-09 02:00,0.27,0.84,,,,,backfill,
WL.BSU.01,2026-10-09 02:00,-0.92,1.47,,,,,backfill,
WL.BSU.02,2026-10-09 02:00,-0.83,,,,,,backfill,
WL.BSU.03,2026-10-09 02:00,-1.33,,,,,,backfill,
WL.BSU.04,2026-10-09 02:00,-1.10,,,,,,backfill,
WL.BSU.05,2026-10-09 02:00,-1.33,,,,,,backfill,
WL.BSU.06,2026-10-09 02:00,-0.90,,,,,,backfill,
WL.BSU.07,2026-10-09 02:00,-0.57,,,,,,backfill,
WL.BTL.01,2026-10-09 02:00,-0.52,,,,,,backfill,
WL.BTY.01,2026-10-09 02:00,0.24,,,,,,backfill,
WL.BWK.01,2026-10-09 02:00,0.39,,,,,,backfill,
WL.BWK.02,2026-10-09 02:00,0.59,,,,,,backfill,
WL.BWK.03,2026-10-09 02:00,0.63,,,,,,backfill,
WL.BYI.01,2026-10-09 02:00,1.00,,,,,,backfill,
WL.BYK.01,2026-10-09 02:00,,,,,,,backfill,
WL.BYK.02,2026-10-09 02:00,-0.14,,,,,,backfill,
WL.CKS.01,2026-10-09 02:00,-1.32,,,,,,backfill,
WL.CKS.02,2026-10-09 02:00,-0.97,,,,,,backfill,
WL.CKS.03,2026-10-09 02:00,-1.14,,,,,,backfill,
WL.CNS.01,2026-10-09 02:00,-1.23,0.59,,,,,backfill,
WL.CPA.01,2026-10-09 02:00,0.47,1.21,,,,,backfill,
WL.CPA.02,2026-10-09 02:00,0.36,,,,,,backfill,
WL.CYI.01,2026-10-09 02:00,-0.66,,,,,,backfill,
WL.CYI.02,2026-10-09 02:00,-0.64,,,,,,backfill,
WL.CYI.03,2026-10-09 02:00,-0.57,,,,,,backfill,
WL.DKN.01,2026-10-09 02:00,0.21,0.79,,,,,backfill,
WL.FTM.01,2026-10-09 02:00,-1.09,,,,,,backfill,
WL.HKG.01,2026-10-09 02:00,-0.80,,,,,,backfill,
WL.HKG.02,2026-10-09 02:00,-0.75,,,,,,backfill,
WL.HMK.01,2026-10-09 02:00,-0.02,,,,,,backfill,
WL.HMK.02,2026-10-09 02:00,-0.03,,,,,,backfill,
WL.HMK.03,2026-10-09 02:00,-0.01,,,,,,backfill,
WL.JKK.01,2026-10-09 02:00,,,,,,,backfill,
WL.JRN.01,2026-10-09 02:00,0.29,0.72,,,,,backfill,
WL.KBU.01,2026-10-09 02:00,0.58,1.14,,,,,backfill,
WL.KBU.02,2026-10-09 02:00,0.56,,,,,,backfill,
WL.KCD.01,2026-10-09 02:00,-1.01,,,,,,backfill,
WL.KDN.01,2026-10-09 02:00,-0.64,0.62,,,,,backfill,
WL.KJA.01,2026-10-09 02:00,-0.91,,,,,,backfill,
WL.KJA.02,2026-10-09 02:00,-0.52,,,,,,backfill,
WL.KJG.01,2026-10-09 02:00,-0.58,,,,,,backfill,
WL.KJK.01,2026-10-09 02:00,-1.24,0.57,,,,,backfill,
WL.KJK.02,2026-10-09 02:00,-1.19,,,,,,backfill,
WL.KJN.01,2026-10-09 02:00,,,,,,,backfill,
WL.KJN.02,2026-10-09 02:00,-0.21,,,,,,backfill,
WL.KJT.01,2026-10-09 02:00,-0.91,,,,,,backfill,
WL.KJU.01,2026-10-09 02:00,-0.55,,,,,,backfill,
WL.KKD.01,2026-10-09 02:00,-0.43,,,,,,backfill,
WL.KKD.02,2026-10-09 02:00,-0.52,,,,,,backfill,
WL.KKD.03,2026-10-09 02:00,-0.51,,,,,,backfill,
WL.KKD.04,2026-10-09 02:00,-0.46,,,,,,backfill,
WL.KKO.01,2026-10-09 02:00,1.62,,,,,,backfill,
WL.KKS.01,2026-10-09 02:00,-0.82,1.24,,,,,backfill,
WL.KKS.02,2026-10-09 02:00,-0.78,,,,,,backfill,
WL.KKS.03,2026-10-09 02:00,-0.88,,,,,,backfill,
WL.KKS.04,2026-10-09 02:00,-0.84,0.95,,,,,backfill,
WL.KKY.01,2026-10-09 02:00,0.66,,,,,,backfill,
WL.KKY.02,2026-10-09 02:00,0.66,,,,,,backfill,
WL.KLA.01,2026-10-09 02:00,-0.13,,,,,,backfill,
WL.KLD.01,2026-10-09 02:00,-0.33,,,,,,backfill,
WL.KLD.02,2026-10-09 02:00,-0.25,,,,,,backfill,
WL.KLT.01,2026-10-09 02:00,-0.77,,,,,,backfill,
WL.KMN.01,2026-10-09 02:00,0.34,1.14,,,,,backfill,
WL.KNB.01,2026-10-09 02:00,,,,,,,backfill,
WL.KNB.02,2026-10-09 02:00,-0.36,,,,,,backfill,
WL.KPG.01,2026-10-09 02:00,-0.99,,,,,,backfill,
WL.KPM.01,2026-10-09 02:00,-0.28,,,,,,backfill,
WL.KPM.03,2026-10-09 02:00,-0.05,,,,,,backfill,
WL.KPM.04,2026-10-09 02:00,0.47,,,,,,backfill,
WL.KPM.05,2026-10-09 02:00,0.51,,,,,,backfill,
WL.KPM.06,2026-10-09 02:00,0.50,,,,,,backfill,
WL.KPM.08,2026-10-09 02:00,0.50,,,,,,backfill,
WL.KPM.09,2026-10-09 02:00,,,,,,,backfill,
WL.KSG.01,2026-10-09 02:00,0.76,,,,,,backfill,
WL.KSI.01,2026-10-09 02:00,0.83,,,,,,backfill,
WL.KSI.02,2026-10-09 02:00,0.85,,,,,,backfill,
WL.KSK.01,2026-10-09 02:00,-0.57,,,,,,backfill,
WL.KSM.01,2026-10-09 02:00,0.85,,,,,,backfill,
WL.KSM.02,2026-10-09 02:00,0.80,,,,,,backfill,
WL.KSO.01,2026-10-09 02:00,0.74,,,,,,backfill,
WL.KSO.02,2026-10-09 02:00,0.75,,,,,,backfill,
WL.KT4.01,2026-10-09 02:00,,,,,,,backfill,
WL.KTY.01,2026-10-09 02:00,-1.95,0.55,,,,,backfill,
WL.LBK.02,2026-10-09 02:00,0.57,,,,,,backfill,
WL.LBK.03,2026-10-09 02:00,0.49,,,,,,backfill,
WL.LCL.01,2026-10-09 02:00,0.66,,,,,,backfill,
WL.LCL.02,2026-10-09 02:00,,,,,,,backfill,
WL.LKB.01,2026-10-09 02:00,0.73,,,,,,backfill,
WL.LOA.01,2026-10-09 02:00,0.86,,,,,,backfill,
WL.LOA.02,2026-10-09 02:00,,,,,,,backfill,
WL.LPC.01,2026-10-09 02:00,1.12,,,,,,backfill,
WL.LPG.02,2026-10-09 02:00,1.02,1.75,,,,,backfill,
WL.LPG.03,2026-10-09 02:00,0.96,,,,,,backfill,
WL.LPI.02,2026-10-09 02:00,,,,,,,backfill,
WL.LPN.01,2026-10-09 02:00,-0.74,0.53,,,,,backfill,
WL.LPP.01,2026-10-09 02:00,-0.97,,,,,,backfill,
WL.LPT.01,2026-10-09 02:00,,,,,,,backfill,
WL.LPT.03,2026-10-09 02:00,0.90,,,,,,backfill,
WL.LPW.01,2026-10-09 02:00,-0.34,-0.38,,,,,backfill,
WL.LPW.03,2026-10-09 02:00,0.22,,,,,,backfill,
WL.LPW.04,2026-10-09 02:00,-0.58,,,,,,backfill,
WL.LPW.05,2026-10-09 02:00,-0.67,,,,,,backfill,
WL.LSG.01,2026-10-09 02:00,-1.19,,,,,,backfill,
WL.LSM.01,2026-10-09 02:00,-0.57,,,,,,backfill,
WL.LYW.01,2026-10-09 02:00,,,,,,,backfill,
WL.LYW.02,2026-10-09 02:00,-1.46,,,,,,backfill,
WL.MCM.01,2026-10-09 02:00,0.24,,,,,,backfill,
WL.MFS.01,2026-10-09 02:00,-0.74,,,,,,backfill,
WL.MKT.01,2026-10-09 02:00,-0.27,,,,,,backfill,
WL.MSW.01,2026-10-09 02:00,1.18,,,,,,backfill,
WL.MSW.02,2026-10-09 02:00,1.15,,,,,,backfill,
WL.MSW.03,2026-10-09 02:00,1.20,,,,,,backfill,
WL.MTG.01,2026-10-09 02:00,-0.72,,,,,,backfill,
WL.NBN.01,2026-10-09 02:00,-3.64,-1.36,,,,,backfill,
WL.NCH.02,2026-10-09 02:00,-0.51,,,,,,backfill,
WL.NK1.01,2026-10-09 02:00,-0.36,,,,,,backfill,
WL.NK3.01,2026-10-09 02:00,-0.33,,,,,,backfill,
WL.NKW.02,2026-10-09 02:00,-0.32,,,,,,backfill,
WL.NSG.01,2026-10-09 02:00,-2.00,,,,,,backfill,
WL.OAG.01,2026-10-09 02:00,-0.87,,,,,,backfill,
WL.ORC.01,2026-10-09 02:00,-1.34,-0.75,,,,,backfill,
WL.PKG.01,2026-10-09 02:00,1.08,,,,,,backfill,
WL.PKN.01,2026-10-09 02:00,-0.92,0.70,,,,,backfill,
WL.PLK.01,2026-10-09 02:00,0.43,,,,,,backfill,
WL.PLP.01,2026-10-09 02:00,-0.38,,,,,,backfill,
WL.PNM.01,2026-10-09 02:00,0.37,,,,,,backfill,
WL.PSC.01,2026-10-09 02:00,0.36,0.40,,,,,backfill,
WL.PSC.02,2026-10-09 02:00,0.33,,,,,,backfill,
WL.PSC.03,2026-10-09 02:00,0.33,,,,,,backfill,
WL.PSC.05,2026-10-09 02:00,0.39,,,,,,backfill,
WL.PSI.01,2026-10-09 02:00,-1.37,,,,,,backfill,
WL.PSR.01,2026-10-09 02:00,1.11,1.82,,,,,backfill,
WL.PSR.02,2026-10-09 02:00,1.14,,,,,,backfill,
WL.PSR.03,2026-10-09 02:00,1.12,,,,,,backfill,
WL.PSR.04,2026-10-09 02:00,0.77,,,,,,backfill,
WL.PSR.05,2026-10-09 02:00,0.81,,,,,,backfill,
WL.PSR.06,2026-10-09 02:00,,,,,,,backfill,
WL.PST.01,2026-10-09 02:00,-0.92,,,,,,backfill,
WL.PWT.01,2026-10-09 02:00,-0.61,,,,,,backfill,
WL.PWT.02,2026-10-09 02:00,,,,,,,backfill,
WL.PWT.03,2026-10-09 02:00,0.26,0.27,,,,,backfill,
WL.PWT.04,2026-10-09 02:00,0.58,0.62,,,,,backfill,
WL.PWT.05,2026-10-09 02:00,,,,,,,backfill,
WL.PWT.06,2026-10-09 02:00,0.98,,,,,,backfill,
WL.PWT.07,2026-10-09 02:00,0.96,,,,,,backfill,
WL.PYW.01,2026-10-09 02:00,-0.85,,,,,,backfill,
WL.RHN.01,2026-10-09 02:00,-0.89,0.35,,,,,backfill,
WL.RJK.01,2026-10-09 02:00,0.34,0.34,,,,,backfill,
WL.RKC.01,2026-10-09 02:00,,,,,,,backfill,
WL.RMT.01,2026-10-09 02:00,-0.69,0.60,,,,,backfill,
WL.RMT.02,2026-10-09 02:00,-0.21,,,,,,backfill,
WL.RSK.01,2026-10-09 02:00,0.42,,,,,,backfill,
WL.SBR.01,2026-10-09 02:00,0.71,1.14,,,,,backfill,
WL.SBR.02,2026-10-09 02:00,0.64,,,,,,backfill,
WL.SBT.01,2026-10-09 02:00,-0.27,0.10,,,,,backfill,
WL.SCO.01,2026-10-09 02:00,0.26,,,,,,backfill,
WL.SDN.01,2026-10-09 02:00,0.23,,,,,,backfill,
WL.SKG.01,2026-10-09 02:00,,,,,,,backfill,
WL.SKT.01,2026-10-09 02:00,-0.56,,,,,,backfill,
WL.SKT.02,2026-10-09 02:00,-0.60,,,,,,backfill,
WL.SLL.01,2026-10-09 02:00,,,,,,,backfill,
WL.SMK.01,2026-10-09 02:00,-0.25,,,,,,backfill,
WL.SNC.01,2026-10-09 02:00,-0.20,0.76,,,,,backfill,
WL.SNC.02,2026-10-09 02:00,0.27,,,,,,backfill,
WL.SNC.03,2026-10-09 02:00,0.01,,,,,,backfill,
WL.SNO.01,2026-10-09 02:00,-0.77,,,,,,backfill,
WL.SOL.01,2026-10-09 02:00,-0.63,,,,,,backfill,
WL.SRE.01,2026-10-09 02:00,-0.40,0.88,,,,,backfill,
WL.SRG.01,2026-10-09 02:00,-0.42,0.75,,,,,backfill,
WL.SSB.01,2026-10-09 02:00,-0.85,,,,,,backfill,
WL.SSB.03,2026-10-09 02:00,-0.61,,,,,,backfill,
WL.SSB.04,2026-10-09 02:00,-0.67,-0.69,,,,,backfill,
WL.SSB.06,2026-10-09 02:00,-0.51,,,,,,backfill,
WL.SSB.07,2026-10-09 02:00,-0.11,,,,,,backfill,
WL.SSB.08,2026-10-09 02:00,0.30,,,,,,backfill,
WL.SSB.10,2026-10-09 02:00,0.71,1.19,,,,,backfill,
WL.SSB.11,2026-10-09 02:00,1.25,,,,,,backfill,
WL.SSB.12,2026-10-09 02:00,1.19,1.50,,,,,backfill,
WL.SSG.01,2026-10-09 02:00,1.58,,,,,,backfill,
WL.SSM.01,2026-10-09 02:00,1.29,,,,,,backfill,
WL.SSN.01,2026-10-09 02:00,-1.05,1.32,,,,,backfill,
WL.SSN.02,2026-10-09 02:00,-1.83,,,,,,backfill,
WL.SSN.04,2026-10-09 02:00,-1.36,,,,,,backfill,
WL.SSN.06,2026-10-09 02:00,-1.77,,,,,,backfill,
WL.SSN.07,2026-10-09 02:00,-1.06,,,,,,backfill,
WL.SSN.08,2026-10-09 02:00,-0.70,-0.70,,,,,backfill,
WL.SSN.09,2026-10-09 02:00,-0.72,,,,,,backfill,
WL.SSN.10,2026-10-09 02:00,-0.69,,,,,,backfill,
WL.SST.01,2026-10-09 02:00,0.89,1.78,,,,,backfill,
WL.STN.01,2026-10-09 02:00,0.53,,,,,,backfill,
WL.STN.02,2026-10-09 02:00,0.65,,,,,,backfill,
WL.STN.03,2026-10-09 02:00,0.71,,,,,,backfill,
WL.STR.01,2026-10-09 02:00,-1.02,0.24,0.85,,,,backfill,
WL.SWA.01,2026-10-09 02:00,0.85,1.34,,,,,backfill,
WL.SWU.01,2026-10-09 02:00,-1.18,,,,,,backfill,
WL.TCG.01,2026-10-09 02:00,-0.84,,,,,,backfill,
WL.TPK.02,2026-10-09 02:00,0.44,,,,,,backfill,
WL.TPK.03,2026-10-09 02:00,0.51,,,,,,backfill,
WL.TSK.01,2026-10-09 02:00,-1.81,,,,,,backfill,
WL.TTN.01,2026-10-09 02:00,-0.66,,,,,,backfill,
WL.TUT.02,2026-10-09 02:00,-0.50,,,,,,backfill,
WL.TWW.01,2026-10-09 02:00,0.76,1.07,,,,,backfill,
WL.TWW.02,2026-10-09 02:00,0.72,,,,,,backfill,
WL.TWW.03,2026-10-09 02:00,0.7,,,,,,temporarily out of order,0.7
WL.TWW.04,2026-10-09 02:00,0.67,,,,,,backfill,
WL.TWW.05,2026-10-09 02:00,0.42,,,,,,backfill,
WL.VPD.01,2026-10-09 02:00,-1.02,,,,,,backfill,
WL.VPD.02,2026-10-09 02:00,-0.98,,,,,,backfill,
WL.VPD.03,2026-10-09 02:00,-1.30,,,,,,backfill,
WL.VPV.01,2026-10-09 02:00,-1.42,,,,,,backfill,
WL.WHK.01,2026-10-09 02:00,0.68,,,,,,backfill,
WL.WKT.01,2026-10-09 02:00,0.53,,,,,,backfill,
WL.WLS.01,2026-10-09 02:00,0.56,,,,,,backfill,
WL.WSI.01,2026-10-09 02:00,-0.62,0.74,,,,,backfill,
WL.WSV.01,2026-10-09 02:00,0.15,,,,,,backfill,
WL.WTK.01,2026-10-09 02:00,-0.60,,,,,,backfill,
WL.WTN.02,2026-10-09 02:00,-1.12,,,,,,backfill,
WL.YPE.01,2026-10-09 02:00,0.36,,,,,,backfill,
WL.YPN.01,2026-10-09 02:00,-0.52,,,,,,backfill,
WL.YPN.02,2026-10-09 02:00,-0.57,,,,,,backfill,
WL.YSN.02,2026-10-09 02:00,-0.99,,,,,,backfill,
WL.ANG.01,2026-10-09 02:10,1.0,,,,,,Normal,
WL.BBU.02,2026-10-09 02:10,0.52,,,,,,Normal,
WL.BKH.01,2026-10-09 02:10,0.06,,,,,,Normal,
WL.BMD.01,2026-10-09 02:10,0.44,,,,,,Normal,
WL.BNJ.05,2026-10-09 02:10,-2.19,,,,,,Normal,
WL.BTL.02,2026-10-09 02:10,-0.05,,,,,,Normal,
WL.CYI.02,2026-10-09 02:10,-0.64,,,,,,Normal,-0.62
WL.K08.01,2026-10-09 02:10,1.56,,,,,,Alert,
WL.K10.01,2026-10-09 02:10,1.63,,,,,,Alert,
WL.K11.01,2026-10-09 02:10,1.58,,,,,,Alert,
WL.KBP.01,2026-10-09 02:10,-0.54,,,,,,Normal,
WL.KHW.01,2026-10-09 02:10,1.73,,,,,,Normal,
WL.KKO.02,2026-10-09 02:10,1.57,,,,,,Alert,
WL.KPM.07,2026-10-09 02:10,0.55,,,,,,Normal,
WL.LPS.01,2026-10-09 02:10,0.84,,,,,,Normal,
WL.LPT.05,2026-10-09 02:10,1.27,,,,,,Normal,
WL.MKT.02,2026-10-09 02:10,-0.82,,,,,,Normal,
WL.NK3.02,2026-10-09 02:10,-0.05,,,,,,Normal,
WL.POC.01,2026-10-09 02:10,1.46,,,,,,Normal,
WL.PSC.06,2026-10-09 02:10,0.48,,,,,,Normal,
WL.RPS.01,2026-10-09 02:10,2.06,,,,,,Alert,
WL.SSB.13,2026-10-09 02:10,1.89,,,,,,Critical,
WL.SSG.02,2026-10-09 02:10,1.57,,,,,,Alert,
WL.STN.01,2026-10-09 02:10,0.53,,,,,,Alert,0.53
WL.SWA.02,2026-10-09 02:10,1.5,,,,,,Alert,
WL.TWW.05,2026-10-09 02:10,0.42,,,,,,Normal,0.42
WL.AJP.01,2026-10-09 02:15,-0.97,,,,,,Normal,-0.9
WL.ANX.01,2026-10-09 02:15,0.0,,,,,,Normal,0.02
WL.BAM.01,2026-10-09 02:15,0.32,,,,,,Normal,0.4
WL.BBN.02,2026-10-09 02:15,0.09,,,,,,Normal,0.1
WL.BBN.03,2026-10-09 02:15,0.35,,,,,,Normal,0.35
WL.BBR.01,2026-10-09 02:15,-0.09,,,,,,Normal,-0.07
WL.BBR.02,2026-10-09 02:15,-0.13,,,,,,Normal,-0.06
WL.BBU.01,2026-10-09 02:15,0.48,,,,,,Normal,0.5
WL.BCN.01,2026-10-09 02:15,0.5,,,,,,Normal,0.51
WL.BCN.02,2026-10-09 02:15,0.49,,,,,,Normal,0.49
WL.BCN.03,2026-10-09 02:15,0.55,,,,,,Normal,0.56
WL.BJK.01,2026-10-09 02:15,-1.07,0.62,,0.0,0.0,,Normal,-1.07
WL.BJK.02,2026-10-09 02:15,0.46,,,,,,Normal,0.46
WL.BJK.03,2026-10-09 02:15,0.43,,,,,,Normal,0.43
WL.BJK.04,2026-10-09 02:15,0.49,,,,,,Normal,0.49
WL.BKA.01,2026-10-09 02:15,-1.58,1.54,,1.73,1.75,0.0,Normal,-1.24
WL.BKA.02,2026-10-09 02:15,-0.74,,,,,,Normal,-0.69
WL.BKA.03,2026-10-09 02:15,-0.3,,,,,,Normal,-0.27
WL.BKA.04,2026-10-09 02:15,0.14,,,,,,Normal,0.16
WL.BKB.01,2026-10-09 02:15,-0.39,,,,,,Normal,-0.37
WL.BKG.01,2026-10-09 02:15,0.67,-2.0,,0.0,,,Critical,0.68
WL.BKK.01,2026-10-09 02:15,0.49,,,,,,Normal,
WL.BKT.01,2026-10-09 02:15,-0.3,,,,,,Normal,-0.3
WL.BKY.01,2026-10-09 02:15,0.37,1.16,,0.0,6.0,0.0,Normal,0.37
WL.BKY.02,2026-10-09 02:15,0.45,,,,,,Normal,0.45
WL.BLP.02,2026-10-09 02:15,-0.83,,,,,,Normal,-0.77
WL.BLY.01,2026-10-09 02:15,-0.45,,,,,,Normal,-0.43
WL.BLY.02,2026-10-09 02:15,-0.53,,,,,,Normal,-0.52
WL.BMA.02,2026-10-09 02:15,0.04,,,,,,Normal,0.08
WL.BMK.01,2026-10-09 02:15,-1.35,,,,,,Normal,-1.29
WL.BNA.01,2026-10-09 02:15,-1.26,0.56,,0.0,0.0,,Normal,-1.26
WL.BNA.03,2026-10-09 02:15,-0.56,,,,,,Normal,-0.55
WL.BNA.04,2026-10-09 02:15,-0.43,,,,,,Normal,-0.42
WL.BNJ.02,2026-10-09 02:15,-2.39,,,,,,Normal,-1.29
WL.BNJ.04,2026-10-09 02:15,-1.18,,,,,,Normal,-1.09
WL.BNS.01,2026-10-09 02:15,0.51,,,,,,Normal,0.51
WL.BOA.01,2026-10-09 02:15,-1.05,0.69,,0.0,0.0,,Normal,-1.05
WL.BOA.02,2026-10-09 02:15,-1.02,,,,,,Normal,-1.02
WL.BOA.03,2026-10-09 02:15,-1.18,,,,,,Normal,-1.18
WL.BON.01,2026-10-09 02:15,-1.04,,,,,,Normal,-1.04
WL.BPA.01,2026-10-09 02:15,-0.58,,,,,,Normal,-0.55
WL.BPK.01,2026-10-09 02:15,0.14,,,,,,Normal,0.14
WL.BPM.01,2026-10-09 02:15,0.45,,,,,,Normal,0.45
WL.BPM.02,2026-10-09 02:15,0.5,,,,,,Normal,0.5
WL.BPM.03,2026-10-09 02:15,0.63,,,,,,Alert,0.63
WL.BPM.04,2026-10-09 02:15,0.58,,,,,,Normal,0.58
WL.BPN.02,2026-10-09 02:15,0.15,,,,,,Normal,0.15
WL.BPU.01,2026-10-09 02:15,0.52,,,,,,Normal,0.52
WL.BSE.01,2026-10-09 02:15,-1.59,,,,,,Normal,
WL.BSK.01,2026-10-09 02:15,0.29,0.88,,0.0,0.0,,Normal,0.29
WL.BSU.01,2026-10-09 02:15,-0.91,1.48,,0.0,0.0,0.0,Normal,-0.91
WL.BSU.02,2026-10-09 02:15,-0.82,,,,,,Normal,-0.82
WL.BSU.03,2026-10-09 02:15,-1.33,,,,,,Normal,-1.3
WL.BSU.04,2026-10-09 02:15,-1.1,,,,,,Normal,-1.1
WL.BSU.05,2026-10-09 02:15,-1.35,,,,,,Normal,-1.25
WL.BSU.06,2026-10-09 02:15,-0.89,,,,,,Normal,-0.8
WL.BSU.07,2026-10-09 02:15,-0.56,,,,,,Normal,-0.53
WL.BTL.01,2026-10-09 02:15,-0.52,,,,,,Normal,-0.51
WL.BTY.01,2026-10-09 02:15,0.24,,,,,,Normal,0.27
WL.BWK.01,2026-10-09 02:15,0.39,,,,,,Normal,0.39
WL.BWK.02,2026-10-09 02:15,0.59,,,,,,Normal,0.59
WL.BWK.03,2026-10-09 02:15,0.63,,,,,,Normal,0.63
WL.BYI.01,2026-10-09 02:15,1.0,,,,,,Critical,1.0
WL.BYK.02,2026-10-09 02:15,-0.13,,,,,,Normal,-0.04
WL.CKS.01,2026-10-09 02:15,-1.32,,,0.0,0.0,,Normal,-1.28
WL.CKS.02,2026-10-09 02:15,-0.97,,,,,,Normal,-0.97
WL.CKS.03,2026-10-09 02:15,-1.14,,,,,,Normal,-1.14
WL.CLH.01,2026-10-09 02:15,-0.31,,,,,,Normal,
WL.CNS.01,2026-10-09 02:15,-1.42,0.64,,0.0,0.0,,Normal,-1.23
WL.CPA.01,2026-10-09 02:15,0.47,1.22,,0.0,3.52,,Normal,0.47
WL.CPA.02,2026-10-09 02:15,0.36,,,,,,Normal,0.36
WL.CYI.01,2026-10-09 02:15,-0.66,,,,,,Normal,-0.64
WL.CYI.03,2026-10-09 02:15,-0.57,,,,,,Normal,-0.55
WL.DKN.01,2026-10-09 02:15,0.21,0.84,,6.3,0.0,6.3,Normal,0.21
WL.FTM.01,2026-10-09 02:15,-1.1,,,,,,Normal,-1.07
WL.HKG.01,2026-10-09 02:15,-0.81,,,,,,Normal,-0.77
WL.HKG.02,2026-10-09 02:15,-0.76,,,,,,Normal,-0.73
WL.HMK.01,2026-10-09 02:15,-0.02,,,,,,Alert,-0.01
WL.HMK.02,2026-10-09 02:15,-0.02,,,,,,Normal,-0.02
WL.HMK.03,2026-10-09 02:15,-0.01,,,,,,Normal,0.0
WL.JRN.01,2026-10-09 02:15,0.29,0.76,,0.0,,,Normal,0.3
WL.KBU.01,2026-10-09 02:15,0.58,1.14,,0.0,,,Normal,0.58
WL.KBU.02,2026-10-09 02:15,0.56,,,,,,Normal,0.56
WL.KCD.01,2026-10-09 02:15,-1.01,,,,,,Normal,-1.0
WL.KDN.01,2026-10-09 02:15,-0.66,0.68,,0.0,,,Normal,-0.6
WL.KJA.01,2026-10-09 02:15,-0.89,,,,,,Normal,-0.89
WL.KJA.02,2026-10-09 02:15,-0.52,,,,,,Normal,-0.52
WL.KJG.01,2026-10-09 02:15,-0.57,,,,,,Normal,-0.57
WL.KJK.01,2026-10-09 02:15,-1.23,0.64,,0.0,0.0,,Normal,-1.23
WL.KJK.02,2026-10-09 02:15,-1.18,,,,,,Normal,-1.18
WL.KJN.02,2026-10-09 02:15,-0.22,,,,,,Normal,-0.18
WL.KJT.01,2026-10-09 02:15,-0.96,,,,,,Normal,-0.51
WL.KJU.01,2026-10-09 02:15,-0.4,,,,,,Normal,-0.39
WL.KKD.01,2026-10-09 02:15,-0.43,,,,,,Normal,-0.41
WL.KKD.02,2026-10-09 02:15,-0.52,,,,,,Normal,-0.51
WL.KKD.03,2026-10-09 02:15,-0.51,,,,,,Normal,-0.5
WL.KKO.01,2026-10-09 02:15,1.62,,,,,,Alert,1.62
WL.KKS.01,2026-10-09 02:15,-0.82,1.26,,0.0,0.0,,Normal,-0.76
WL.KKS.02,2026-10-09 02:15,-0.79,,,,,,Normal,-0.73
WL.KKS.03,2026-10-09 02:15,-0.88,,,,,,Normal,-0.82
WL.KKS.04,2026-10-09 02:15,-0.84,0.99,,0.0,,,Normal,-0.78
WL.KKY.01,2026-10-09 02:15,0.66,,,,,,Normal,0.66
WL.KKY.02,2026-10-09 02:15,0.66,,,,,,Normal,0.66
WL.KLA.01,2026-10-09 02:15,-0.13,,,,,,Alert,0.39
WL.KLD.01,2026-10-09 02:15,-0.32,,,,,,Normal,-0.32
WL.KLD.02,2026-10-09 02:15,-0.24,,,,,,Normal,-0.24
WL.KLT.01,2026-10-09 02:15,-0.77,,,,,,Normal,-0.73
WL.KMN.01,2026-10-09 02:15,0.34,1.13,,0.1,6.7,0.0,Normal,0.34
WL.KNB.02,2026-10-09 02:15,-0.36,,,,,,Normal,-0.36
WL.KPG.01,2026-10-09 02:15,-0.99,,,,,,Normal,-0.99
WL.KPM.01,2026-10-09 02:15,-0.29,,,,,,Normal,-0.25
WL.KPM.03,2026-10-09 02:15,-0.05,,,,,,Normal,-0.02
WL.KPM.05,2026-10-09 02:15,0.5,,,,,,Normal,0.53
WL.KPM.06,2026-10-09 02:15,0.5,,,,,,Normal,0.52
WL.KPM.08,2026-10-09 02:15,0.5,,,,,,Normal,0.53
WL.KSG.01,2026-10-09 02:15,0.76,,,,,,Normal,0.79
WL.KSI.01,2026-10-09 02:15,0.83,,,,,,Alert,0.84
WL.KSI.02,2026-10-09 02:15,0.85,,,,,,Critical,0.85
WL.KSK.01,2026-10-09 02:15,-0.57,,,,,,Normal,-0.56
WL.KSM.01,2026-10-09 02:15,0.85,,,,,,Critical,0.85
WL.KSM.02,2026-10-09 02:15,0.8,,,,,,Critical,0.81
WL.KSO.01,2026-10-09 02:15,0.74,,,,,,Normal,0.74
WL.KSO.02,2026-10-09 02:15,0.75,,,,,,Normal,0.75
WL.KTY.01,2026-10-09 02:15,-1.93,0.63,,0.0,,,Normal,-1.93
WL.LBK.02,2026-10-09 02:15,0.57,,,,,,Critical,0.58
WL.LBK.03,2026-10-09 02:15,0.49,,,,,,Critical,0.5
WL.LCL.01,2026-10-09 02:15,0.66,,,,,,Normal,0.67
WL.LKB.01,2026-10-09 02:15,0.73,,,,,,Critical,0.74
WL.LOA.01,2026-10-09 02:15,0.86,,,,,,Alert,0.87
WL.LOA.02,2026-10-09 02:15,0.82,,,,,,Normal,0.82
WL.LPC.01,2026-10-09 02:15,1.12,,,,,,Critical,1.12
WL.LPG.02,2026-10-09 02:15,1.02,1.75,,0.0,,,Critical,1.02
WL.LPG.03,2026-10-09 02:15,0.96,,,,,,Critical,0.97
WL.LPN.01,2026-10-09 02:15,-0.75,0.52,,0.01,,,Normal,-0.7
WL.LPP.01,2026-10-09 02:15,-0.97,,,,,,Normal,-0.95
WL.LPP.02,2026-10-09 02:15,-0.43,,,,,,Normal,
WL.LPT.03,2026-10-09 02:15,0.9,,,,,,Critical,0.91
WL.LPW.01,2026-10-09 02:15,-0.33,-0.39,,0.0,,,Normal,-0.33
WL.LPW.03,2026-10-09 02:15,0.22,,,,,,Normal,0.22
WL.LPW.04,2026-10-09 02:15,-0.58,,,,,,Normal,-0.57
WL.LPW.05,2026-10-09 02:15,-0.68,,,,,,Normal,-0.65
WL.LSG.01,2026-10-09 02:15,-1.19,,,,,,Normal,-1.18
WL.LSM.01,2026-10-09 02:15,-0.57,,,,,,Normal,-0.57
WL.LYW.02,2026-10-09 02:15,-1.46,,,,,,Normal,-1.45
WL.MCM.01,2026-10-09 02:15,0.24,,,,,,Normal,0.24
WL.MFS.01,2026-10-09 02:15,-0.74,,,,,,Normal,-0.74
WL.MKT.01,2026-10-09 02:15,-0.27,,,,,,Normal,-0.27
WL.MSW.01,2026-10-09 02:15,1.18,,,,,,Normal,1.22
WL.MSW.02,2026-10-09 02:15,1.15,,,,,,Normal,1.16
WL.MSW.03,2026-10-09 02:15,1.2,,,,,,Normal,1.27
WL.MSW.04,2026-10-09 02:15,0.97,,,,,,Normal,
WL.MTG.01,2026-10-09 02:15,-0.71,,,,,,Normal,-0.71
WL.NBN.01,2026-10-09 02:15,-3.65,-1.35,,0.0,,,Normal,-3.58
WL.NCH.02,2026-10-09 02:15,-0.86,,,,,,Normal,-0.33
WL.NK1.01,2026-10-09 02:15,-0.33,,,,,,Normal,-0.33
WL.NK3.01,2026-10-09 02:15,-0.32,,,,,,Normal,-0.32
WL.NKW.02,2026-10-09 02:15,-0.32,,,,,,Normal,-0.32
WL.NSG.01,2026-10-09 02:15,-2.0,,,,,,Normal,-2.0
WL.OAG.01,2026-10-09 02:15,-0.88,,,,,,Normal,-0.82
WL.ORC.01,2026-10-09 02:15,-1.34,-0.76,,0.0,,,Normal,-1.34
WL.PKG.01,2026-10-09 02:15,1.14,,,,,,Normal,1.14
WL.PKN.01,2026-10-09 02:15,-0.92,0.76,,0.0,0.0,0.0,Normal,-0.91
WL.PLK.01,2026-10-09 02:15,0.52,,,,,,Normal,0.52
WL.PLP.01,2026-10-09 02:15,-0.38,,,,,,Normal,-0.38
WL.PNM.01,2026-10-09 02:15,0.37,,,,,,Critical,0.38
WL.PSC.01,2026-10-09 02:15,0.36,0.4,,0.0,0.0,0.0,Normal,0.36
WL.PSC.02,2026-10-09 02:15,0.33,,,,,,Normal,0.33
WL.PSC.03,2026-10-09 02:15,0.33,,,,,,Normal,0.33
WL.PSC.05,2026-10-09 02:15,0.4,,,,,,Normal,0.4
WL.PSI.01,2026-10-09 02:15,-1.36,,,,,,Normal,-1.36
WL.PSR.01,2026-10-09 02:15,1.11,1.82,,0.2,,,Critical,1.12
WL.PSR.02,2026-10-09 02:15,1.14,,,,,,Alert,1.15
WL.PSR.03,2026-10-09 02:15,1.12,,,,,,Alert,1.13
WL.PSR.04,2026-10-09 02:15,0.77,,,,,,Normal,0.78
WL.PSR.05,2026-10-09 02:15,0.81,,,,,,Critical,0.81
WL.PST.01,2026-10-09 02:15,-0.92,,,,,,Normal,-0.92
WL.PWT.01,2026-10-09 02:15,-0.61,,,,,,Normal,-0.58
WL.PWT.02,2026-10-09 02:15,0.01,,,,,,Normal,0.02
WL.PWT.03,2026-10-09 02:15,0.26,0.28,,5.8,5.9,,Critical,0.27
WL.PWT.04,2026-10-09 02:15,0.58,0.62,,4.06,,,Critical,0.59
WL.PWT.06,2026-10-09 02:15,0.98,,,,,,Critical,0.98
WL.PWT.07,2026-10-09 02:15,0.96,,,,,,Critical,0.97
WL.PYW.01,2026-10-09 02:15,-0.84,,,,,,Normal,-0.84
WL.RHN.01,2026-10-09 02:15,-0.9,0.37,,0.0,,,Normal,-0.86
WL.RJK.01,2026-10-09 02:15,0.34,0.34,,7.5,,,Normal,0.35
WL.RMN.01,2026-10-09 02:15,0.56,,,,,,Normal,
WL.RMT.01,2026-10-09 02:15,-0.63,0.59,,0.0,0.0,,Normal,-0.63
WL.RMT.02,2026-10-09 02:15,-0.2,,,,,,Normal,-0.2
WL.RMT.03,2026-10-09 02:15,-2.0,,,,,,Normal,-2.0
WL.RSK.01,2026-10-09 02:15,0.42,,,,,,Normal,0.42
WL.SBR.01,2026-10-09 02:15,0.71,1.14,,0.0,,,Normal,0.71
WL.SBR.02,2026-10-09 02:15,0.64,,,,,,Normal,0.64
WL.SBT.01,2026-10-09 02:15,-0.26,0.1,,0.0,,,Normal,-0.26
WL.SCO.01,2026-10-09 02:15,0.26,,,,,,Normal,0.26
WL.SDN.01,2026-10-09 02:15,0.23,,,,,,Normal,0.23
WL.SKT.01,2026-10-09 02:15,-0.56,,,,,,Normal,-0.56
WL.SKT.02,2026-10-09 02:15,-0.6,,,,,,Normal,-0.6
WL.SMK.01,2026-10-09 02:15,-0.25,,,,,,Normal,-0.25
WL.SNC.01,2026-10-09 02:15,-0.2,0.75,,0.0,0.0,0.0,Normal,-0.19
WL.SNC.02,2026-10-09 02:15,0.27,,,,,,Normal,0.27
WL.SNC.03,2026-10-09 02:15,0.01,,,,,,Normal,0.01
WL.SNO.01,2026-10-09 02:15,-0.77,,,,,,Normal,-0.77
WL.SOL.01,2026-10-09 02:15,-0.63,,,,,,Normal,-0.62
WL.SRE.01,2026-10-09 02:15,-0.38,0.92,,0.0,0.0,,Normal,-0.38
WL.SRG.01,2026-10-09 02:15,-0.42,0.79,,0.0,0.0,0.0,Normal,-0.37
WL.SSB.01,2026-10-09 02:15,-0.85,,,,,,Normal,-0.81
WL.SSB.03,2026-10-09 02:15,-0.62,,,,,,Normal,-0.57
WL.SSB.04,2026-10-09 02:15,-0.68,-0.69,,7.5,7.5,,Normal,-0.64
WL.SSB.06,2026-10-09 02:15,-0.51,,,,,,Normal,-0.48
WL.SSB.07,2026-10-09 02:15,-0.11,,,,,,Normal,-0.07
WL.SSB.08,2026-10-09 02:15,0.3,,,,,,Normal,0.32
WL.SSB.09,2026-10-09 02:15,0.57,1.1,,0.0,,,Critical,0.58
WL.SSB.10,2026-10-09 02:15,0.71,1.18,,2.0,,,Critical,0.73
WL.SSB.11,2026-10-09 02:15,1.25,,,,,,Critical,1.25
WL.SSB.12,2026-10-09 02:15,1.19,1.5,,0.0,,,Critical,1.19
WL.SSG.01,2026-10-09 02:15,1.58,,,,,,Alert,1.58
WL.SSM.01,2026-10-09 02:15,1.29,-99,,0.0,,,Critical,1.3
WL.SSM.02,2026-10-09 02:15,1.56,,,,,,Normal,
WL.SSN.01,2026-10-09 02:15,-1.05,1.34,,7.0,0.0,0.0,Normal,-1.05
WL.SSN.02,2026-10-09 02:15,-1.83,,,,,,Normal,-1.82
WL.SSN.04,2026-10-09 02:15,-1.37,,,,,,Normal,-1.26
WL.SSN.06,2026-10-09 02:15,-1.77,,,,,,Normal,-1.77
WL.SSN.07,2026-10-09 02:15,-1.07,,,,,,Normal,-1.02
WL.SSN.08,2026-10-09 02:15,-0.7,-0.7,,0.0,,,Normal,-0.67
WL.SSN.09,2026-10-09 02:15,-0.72,,,,,,Normal,-0.69
WL.SSN.10,2026-10-09 02:15,-0.69,,,,,,Normal,-0.66
WL.SST.01,2026-10-09 02:15,0.89,1.78,,0.32,,,Alert,0.91
WL.STN.02,2026-10-09 02:15,0.65,,,,,,Critical,0.66
WL.STN.03,2026-10-09 02:15,0.71,,,,,,Critical,0.72
WL.STR.01,2026-10-09 02:15,-1.02,0.24,0.89,0.0,0.0,0.0,Normal,-1.0
WL.SWA.01,2026-10-09 02:15,0.85,1.34,,0.43,,,Critical,0.86
WL.SWU.01,2026-10-09 02:15,-1.17,,,,,,Normal,-1.17
WL.TCG.01,2026-10-09 02:15,-0.85,,,,,,Normal,-0.84
WL.TPK.02,2026-10-09 02:15,0.43,,,,,,Critical,0.44
WL.TPK.03,2026-10-09 02:15,0.51,,,,,,Critical,0.52
WL.TSK.01,2026-10-09 02:15,-1.81,,,,,,Normal,-1.8
WL.TTN.01,2026-10-09 02:15,-0.66,,,,,,Normal,-0.65
WL.TUT.02,2026-10-09 02:15,-0.48,,,,,,Normal,-0.48
WL.TWW.01,2026-10-09 02:15,0.76,1.07,,0.99,,,Normal,0.76
WL.TWW.02,2026-10-09 02:15,0.72,,,,,,Normal,0.72
WL.TWW.04,2026-10-09 02:15,0.68,,,,,,Normal,0.68
WL.VPD.01,2026-10-09 02:15,-1.02,,,,,,Normal,-1.0
WL.VPD.02,2026-10-09 02:15,-0.98,,,,,,Normal,-0.96
WL.VPD.03,2026-10-09 02:15,-1.3,,,,,,Normal,-1.3
WL.VPV.01,2026-10-09 02:15,-1.71,,,0.0,,,Normal,-1.41
WL.WHK.01,2026-10-09 02:15,0.67,,,,,,Normal,0.77
WL.WKT.01,2026-10-09 02:15,0.53,,,,,,Normal,0.53
WL.WLS.01,2026-10-09 02:15,0.56,,,,,,Normal,0.6
WL.WSI.01,2026-10-09 02:15,-0.61,0.78,,0.0,0.0,0.0,Normal,-0.61
WL.WSV.01,2026-10-09 02:15,0.16,,,,,,Normal,0.16
WL.WTK.01,2026-10-09 02:15,-0.6,,,,,,Normal,-0.6
WL.WTN.02,2026-10-09 02:15,-1.13,,,,,,Normal,-1.1
WL.YPE.01,2026-10-09 02:15,0.36,,,,,,Normal,0.36
WL.YPN.01,2026-10-09 02:15,-0.52,,,,,,Normal,-0.52
WL.YPN.02,2026-10-09 02:15,-0.58,,,,,,Normal,-0.57
WL.YSN.02,2026-10-09 02:15,-0.99,,,,,,Normal,-0.95
WL.KPM.04,2026-10-09 02:25,0.46,,,,,,Normal,0.49
WL.KKD.04,2026-10-09 02:35,-0.46,,,,,,Normal,-0.45
WL.AJP.01,2026-10-09 03:00,-0.99,,,,,,backfill,
WL.ANX.01,2026-10-09 03:00,0.00,,,,,,backfill,
WL.BAM.01,2026-10-09 03:00,0.23,,,,,,backfill,
WL.BBN.01,2026-10-09 03:00,,,,,,,backfill,
WL.BBN.02,2026-10-09 03:00,0.09,,,,,,backfill,
WL.BBN.03,2026-10-09 03:00,0.35,,,,,,backfill,
WL.BBR.01,2026-10-09 03:00,-0.05,,,,,,backfill,
WL.BBR.02,2026-10-09 03:00,-0.09,,,,,,backfill,
WL.BBU.01,2026-10-09 03:00,0.47,,,,,,backfill,
WL.BCN.01,2026-10-09 03:00,0.51,,,,,,backfill,
WL.BCN.02,2026-10-09 03:00,0.49,,,,,,backfill,
WL.BCN.03,2026-10-09 03:00,0.56,,,,,,backfill,
WL.BJK.01,2026-10-09 03:00,-1.23,0.88,,,,,backfill,
WL.BJK.02,2026-10-09 03:00,0.46,,,,,,backfill,
WL.BJK.03,2026-10-09 03:00,0.43,,,,,,backfill,
WL.BJK.04,2026-10-09 03:00,0.49,,,,,,backfill,
WL.BKA.01,2026-10-09 03:00,-1.71,1.58,,,,,backfill,
WL.BKA.02,2026-10-09 03:00,-0.76,,,,,,backfill,
WL.BKA.03,2026-10-09 03:00,-0.31,,,,,,backfill,
WL.BKA.04,2026-10-09 03:00,0.13,,,,,,backfill,
WL.BKB.01,2026-10-09 03:00,-0.39,,,,,,backfill,
WL.BKG.01,2026-10-09 03:00,0.67,-2.00,,,,,backfill,
WL.BKT.01,2026-10-09 03:00,-0.30,,,,,,backfill,
WL.BKY.01,2026-10-09 03:00,0.37,1.25,,,,,backfill,
WL.BKY.02,2026-10-09 03:00,0.45,,,,,,backfill,
WL.BLP.02,2026-10-09 03:00,-0.85,,,,,,backfill,
WL.BLY.01,2026-10-09 03:00,-0.45,,,,,,backfill,
WL.BLY.02,2026-10-09 03:00,-0.53,,,,,,backfill,
WL.BMA.02,2026-10-09 03:00,0.07,,,,,,backfill,
WL.BMK.01,2026-10-09 03:00,-1.49,,,,,,backfill,
WL.BNA.01,2026-10-09 03:00,-1.22,0.81,,,,,backfill,
WL.BNA.02,2026-10-09 03:00,,,,,,,backfill,
WL.BNA.03,2026-10-09 03:00,-0.56,,,,,,backfill,
WL.BNA.04,2026-10-09 03:00,-0.44,,,,,,backfill,
WL.BNJ.01,2026-10-09 03:00,,,,,,,backfill,
WL.BNJ.02,2026-10-09 03:00,-1.60,,,,,,backfill,
WL.BNJ.03,2026-10-09 03:00,,,,,,,backfill,
WL.BNJ.04,2026-10-09 03:00,-1.17,,,,,,backfill,
WL.BNS.01,2026-10-09 03:00,0.51,,,,,,backfill,
WL.BOA.01,2026-10-09 03:00,-1.17,0.96,,,,,backfill,
WL.BOA.02,2026-10-09 03:00,-1.24,,,,,,backfill,
WL.BOA.03,2026-10-09 03:00,-1.19,,,,,,backfill,
WL.BON.01,2026-10-09 03:00,-1.20,,,,,,backfill,
WL.BPA.01,2026-10-09 03:00,-0.58,,,,,,backfill,
WL.BPK.01,2026-10-09 03:00,0.15,,,,,,backfill,
WL.BPM.01,2026-10-09 03:00,0.45,,,,,,backfill,
WL.BPM.02,2026-10-09 03:00,0.50,,,,,,backfill,
WL.BPM.03,2026-10-09 03:00,0.63,,,,,,backfill,
WL.BPM.04,2026-10-09 03:00,0.58,,,,,,backfill,
WL.BPN.02,2026-10-09 03:00,0.15,,,,,,backfill,
WL.BPU.01,2026-10-09 03:00,0.67,,,,,,backfill,
WL.BSK.01,2026-10-09 03:00,0.33,1.03,,,,,backfill,
WL.BSU.01,2026-10-09 03:00,-0.89,1.54,,,,,backfill,
WL.BSU.02,2026-10-09 03:00,-0.80,,,,,,backfill,
WL.BSU.03,2026-10-09 03:00,-1.34,,,,,,backfill,
WL.BSU.04,2026-10-09 03:00,-1.10,,,,,,backfill,
WL.BSU.05,2026-10-09 03:00,-1.37,,,,,,backfill,
WL.BSU.06,2026-10-09 03:00,-0.84,,,,,,backfill,
WL.BSU.07,2026-10-09 03:00,-0.55,,,,,,backfill,
WL.BTL.01,2026-10-09 03:00,-0.52,,,,,,backfill,
WL.BTY.01,2026-10-09 03:00,0.23,,,,,,backfill,
WL.BWK.01,2026-10-09 03:00,0.39,,,,,,backfill,
WL.BWK.02,2026-10-09 03:00,0.59,,,,,,backfill,
WL.BWK.03,2026-10-09 03:00,0.63,,,,,,backfill,
WL.BYI.01,2026-10-09 03:00,1.00,,,,,,backfill,
WL.BYK.01,2026-10-09 03:00,,,,,,,backfill,
WL.BYK.02,2026-10-09 03:00,-0.09,,,,,,backfill,
WL.CKS.01,2026-10-09 03:00,-1.33,,,,,,backfill,
WL.CKS.02,2026-10-09 03:00,-0.96,,,,,,backfill,
WL.CKS.03,2026-10-09 03:00,-1.13,,,,,,backfill,
WL.CNS.01,2026-10-09 03:00,-1.91,0.87,,,,,backfill,
WL.CPA.01,2026-10-09 03:00,0.47,1.30,,,,,backfill,
WL.CPA.02,2026-10-09 03:00,0.36,,,,,,backfill,
WL.CYI.01,2026-10-09 03:00,-0.67,,,,,,backfill,
WL.CYI.02,2026-10-09 03:00,-0.65,,,,,,backfill,
WL.CYI.03,2026-10-09 03:00,-0.58,,,,,,backfill,
WL.DKN.01,2026-10-09 03:00,0.22,1.00,,,,,backfill,
WL.FTM.01,2026-10-09 03:00,-1.11,,,,,,backfill,
WL.HKG.01,2026-10-09 03:00,-0.81,,,,,,backfill,
WL.HKG.02,2026-10-09 03:00,-0.76,,,,,,backfill,
WL.HMK.01,2026-10-09 03:00,-0.02,,,,,,backfill,
WL.HMK.02,2026-10-09 03:00,-0.03,,,,,,backfill,
WL.HMK.03,2026-10-09 03:00,-0.02,,,,,,backfill,
WL.JKK.01,2026-10-09 03:00,,,,,,,backfill,
WL.JRN.01,2026-10-09 03:00,0.29,0.96,,,,,backfill,
WL.KBU.01,2026-10-09 03:00,0.58,1.18,,,,,backfill,
WL.KBU.02,2026-10-09 03:00,0.56,,,,,,backfill,
WL.KCD.01,2026-10-09 03:00,-1.02,,,,,,backfill,
WL.KDN.01,2026-10-09 03:00,-0.67,0.90,,,,,backfill,
WL.KJA.01,2026-10-09 03:00,-0.94,,,,,,backfill,
WL.KJA.02,2026-10-09 03:00,-0.51,,,,,,backfill,
WL.KJG.01,2026-10-09 03:00,-0.20,,,,,,backfill,
WL.KJK.01,2026-10-09 03:00,-1.22,0.89,,,,,backfill,
WL.KJK.02,2026-10-09 03:00,-1.16,,,,,,backfill,
WL.KJN.01,2026-10-09 03:00,,,,,,,backfill,
WL.KJN.02,2026-10-09 03:00,-0.22,,,,,,backfill,
WL.KJT.01,2026-10-09 03:00,-1.00,,,,,,backfill,
WL.KJU.01,2026-10-09 03:00,-0.57,,,,,,backfill,
WL.KKD.01,2026-10-09 03:00,-0.43,,,,,,backfill,
WL.KKD.02,2026-10-09 03:00,-0.52,,,,,,backfill,
WL.KKD.03,2026-10-09 03:00,-0.51,,,,,,backfill,
WL.KKD.04,2026-10-09 03:00,-0.46,,,,,,backfill,
WL.KKO.01,2026-10-09 03:00,1.62,,,,,,backfill,
WL.KKS.01,2026-10-09 03:00,-0.85,1.34,,,,,backfill,
WL.KKS.02,2026-10-09 03:00,-0.81,,,,,,backfill,
WL.KKS.03,2026-10-09 03:00,-0.90,,,,,,backfill,
WL.KKS.04,2026-10-09 03:00,-0.86,1.11,,,,,backfill,
WL.KKY.01,2026-10-09 03:00,0.66,,,,,,backfill,
WL.KKY.02,2026-10-09 03:00,0.66,,,,,,backfill,
WL.KLA.01,2026-10-09 03:00,-0.13,,,,,,backfill,
WL.KLD.01,2026-10-09 03:00,-0.30,,,,,,backfill,
WL.KLD.02,2026-10-09 03:00,-0.22,,,,,,backfill,
WL.KLT.01,2026-10-09 03:00,-0.77,,,,,,backfill,
WL.KMN.01,2026-10-09 03:00,0.34,1.23,,,,,backfill,
WL.KNB.01,2026-10-09 03:00,,,,,,,backfill,
WL.KNB.02,2026-10-09 03:00,-0.36,,,,,,backfill,
WL.KPG.01,2026-10-09 03:00,-0.99,,,,,,backfill,
WL.KPM.01,2026-10-09 03:00,-0.27,,,,,,backfill,
WL.KPM.03,2026-10-09 03:00,-0.05,,,,,,backfill,
WL.KPM.04,2026-10-09 03:00,0.45,,,,,,backfill,
WL.KPM.05,2026-10-09 03:00,0.52,,,,,,backfill,
WL.KPM.06,2026-10-09 03:00,0.50,,,,,,backfill,
WL.KPM.08,2026-10-09 03:00,0.49,,,,,,backfill,
WL.KPM.09,2026-10-09 03:00,,,,,,,backfill,
WL.KSG.01,2026-10-09 03:00,0.75,,,,,,backfill,
WL.KSI.01,2026-10-09 03:00,0.83,,,,,,backfill,
WL.KSI.02,2026-10-09 03:00,0.85,,,,,,backfill,
WL.KSK.01,2026-10-09 03:00,-0.57,,,,,,backfill,
WL.KSM.01,2026-10-09 03:00,0.85,,,,,,backfill,
WL.KSM.02,2026-10-09 03:00,0.80,,,,,,backfill,
WL.KSO.01,2026-10-09 03:00,0.74,,,,,,backfill,
WL.KSO.02,2026-10-09 03:00,0.75,,,,,,backfill,
WL.KT4.01,2026-10-09 03:00,,,,,,,backfill,
WL.KTY.01,2026-10-09 03:00,-1.87,0.86,,,,,backfill,
WL.LBK.02,2026-10-09 03:00,0.56,,,,,,backfill,
WL.LBK.03,2026-10-09 03:00,0.48,,,,,,backfill,
WL.LCL.01,2026-10-09 03:00,0.65,,,,,,backfill,
WL.LCL.02,2026-10-09 03:00,,,,,,,backfill,
WL.LKB.01,2026-10-09 03:00,0.73,,,,,,backfill,
WL.LOA.01,2026-10-09 03:00,0.87,,,,,,backfill,
WL.LOA.02,2026-10-09 03:00,0.82,,,,,,backfill,
WL.LPC.01,2026-10-09 03:00,1.12,,,,,,backfill,
WL.LPG.02,2026-10-09 03:00,1.02,1.75,,,,,backfill,
WL.LPG.03,2026-10-09 03:00,0.96,,,,,,backfill,
WL.LPI.02,2026-10-09 03:00,,,,,,,backfill,
WL.LPN.01,2026-10-09 03:00,-0.75,0.54,,,,,backfill,
WL.LPP.01,2026-10-09 03:00,-0.98,,,,,,backfill,
WL.LPT.01,2026-10-09 03:00,,,,,,,backfill,
WL.LPT.03,2026-10-09 03:00,0.90,,,,,,backfill,
WL.LPW.01,2026-10-09 03:00,-0.34,-0.38,,,,,backfill,
WL.LPW.03,2026-10-09 03:00,0.22,,,,,,backfill,
WL.LPW.04,2026-10-09 03:00,-0.58,,,,,,backfill,
WL.LPW.05,2026-10-09 03:00,-0.68,,,,,,backfill,
WL.LSG.01,2026-10-09 03:00,-1.20,,,,,,backfill,
WL.LSM.01,2026-10-09 03:00,-0.58,,,,,,backfill,
WL.LYW.01,2026-10-09 03:00,,,,,,,backfill,
WL.LYW.02,2026-10-09 03:00,-1.46,,,,,,backfill,
WL.MCM.01,2026-10-09 03:00,0.24,,,,,,backfill,
WL.MFS.01,2026-10-09 03:00,-0.73,,,,,,backfill,
WL.MKT.01,2026-10-09 03:00,-0.27,,,,,,backfill,
WL.MSW.01,2026-10-09 03:00,1.22,,,,,,backfill,
WL.MSW.02,2026-10-09 03:00,1.15,,,,,,backfill,
WL.MSW.03,2026-10-09 03:00,1.23,,,,,,backfill,
WL.MTG.01,2026-10-09 03:00,-0.71,,,,,,backfill,
WL.NBN.01,2026-10-09 03:00,-3.65,-1.35,,,,,backfill,
WL.NCH.02,2026-10-09 03:00,-0.85,,,,,,backfill,
WL.NK1.01,2026-10-09 03:00,-0.25,,,,,,backfill,
WL.NK3.01,2026-10-09 03:00,-0.28,,,,,,backfill,
WL.NKW.02,2026-10-09 03:00,-0.30,,,,,,backfill,
WL.NSG.01,2026-10-09 03:00,-2.00,,,,,,backfill,
WL.OAG.01,2026-10-09 03:00,-0.90,,,,,,backfill,
WL.ORC.01,2026-10-09 03:00,-1.34,-0.76,,,,,backfill,
WL.PKG.01,2026-10-09 03:00,1.23,,,,,,backfill,
WL.PKN.01,2026-10-09 03:00,-0.91,0.99,,,,,backfill,
WL.PLK.01,2026-10-09 03:00,0.69,,,,,,backfill,
WL.PLP.01,2026-10-09 03:00,-0.38,,,,,,backfill,
WL.PNM.01,2026-10-09 03:00,0.37,,,,,,backfill,
WL.PSC.01,2026-10-09 03:00,0.36,0.40,,,,,backfill,
WL.PSC.02,2026-10-09 03:00,0.33,,,,,,backfill,
WL.PSC.03,2026-10-09 03:00,0.33,,,,,,backfill,
WL.PSC.05,2026-10-09 03:00,0.40,,,,,,backfill,
WL.PSI.01,2026-10-09 03:00,-1.32,,,,,,backfill,
WL.PSR.01,2026-10-09 03:00,1.11,1.80,,,,,backfill,
WL.PSR.02,2026-10-09 03:00,1.14,,,,,,backfill,
WL.PSR.03,2026-10-09 03:00,1.12,,,,,,backfill,
WL.PSR.04,2026-10-09 03:00,0.77,,,,,,backfill,
WL.PSR.05,2026-10-09 03:00,0.80,,,,,,backfill,
WL.PSR.06,2026-10-09 03:00,,,,,,,backfill,
WL.PST.01,2026-10-09 03:00,-0.92,,,,,,backfill,
WL.PWT.01,2026-10-09 03:00,-0.61,,,,,,backfill,
WL.PWT.02,2026-10-09 03:00,0.01,,,,,,backfill,
WL.PWT.03,2026-10-09 03:00,0.26,0.27,,,,,backfill,
WL.PWT.04,2026-10-09 03:00,0.57,0.62,,,,,backfill,
WL.PWT.05,2026-10-09 03:00,,,,,,,backfill,
WL.PWT.06,2026-10-09 03:00,0.98,,,,,,backfill,
WL.PWT.07,2026-10-09 03:00,0.96,,,,,,backfill,
WL.PYW.01,2026-10-09 03:00,-0.81,,,,,,backfill,
WL.RHN.01,2026-10-09 03:00,-0.91,0.47,,,,,backfill,
WL.RJK.01,2026-10-09 03:00,0.34,0.34,,,,,backfill,
WL.RKC.01,2026-10-09 03:00,,,,,,,backfill,
WL.RMT.01,2026-10-09 03:00,-0.48,0.57,,,,,backfill,
WL.RMT.02,2026-10-09 03:00,-0.18,,,,,,backfill,
WL.RSK.01,2026-10-09 03:00,0.42,,,,,,backfill,
WL.SBR.01,2026-10-09 03:00,0.71,1.14,,,,,backfill,
WL.SBR.02,2026-10-09 03:00,0.64,,,,,,backfill,
WL.SBT.01,2026-10-09 03:00,-0.23,0.11,,,,,backfill,
WL.SCO.01,2026-10-09 03:00,0.27,,,,,,backfill,
WL.SDN.01,2026-10-09 03:00,0.23,,,,,,backfill,
WL.SKG.01,2026-10-09 03:00,,,,,,,backfill,
WL.SKT.01,2026-10-09 03:00,-0.55,,,,,,backfill,
WL.SKT.02,2026-10-09 03:00,-0.59,,,,,,backfill,
WL.SLL.01,2026-10-09 03:00,,,,,,,backfill,
WL.SMK.01,2026-10-09 03:00,-0.25,,,,,,backfill,
WL.SNC.01,2026-10-09 03:00,-0.18,0.73,,,,,backfill,
WL.SNC.02,2026-10-09 03:00,0.27,,,,,,backfill,
WL.SNC.03,2026-10-09 03:00,0.02,,,,,,backfill,
WL.SNO.01,2026-10-09 03:00,-0.76,,,,,,backfill,
WL.SOL.01,2026-10-09 03:00,-0.63,,,,,,backfill,
WL.SRE.01,2026-10-09 03:00,-0.32,1.07,,,,,backfill,
WL.SRG.01,2026-10-09 03:00,-0.43,0.93,,,,,backfill,
WL.SSB.01,2026-10-09 03:00,-0.88,,,,,,backfill,
WL.SSB.03,2026-10-09 03:00,-0.62,,,,,,backfill,
WL.SSB.04,2026-10-09 03:00,-0.68,-0.69,,,,,backfill,
WL.SSB.06,2026-10-09 03:00,-0.52,,,,,,backfill,
WL.SSB.07,2026-10-09 03:00,-0.12,,,,,,backfill,
WL.SSB.08,2026-10-09 03:00,0.30,,,,,,backfill,
WL.SSB.10,2026-10-09 03:00,0.71,1.18,,,,,backfill,
WL.SSB.11,2026-10-09 03:00,1.24,,,,,,backfill,
WL.SSB.12,2026-10-09 03:00,1.18,1.50,,,,,backfill,
WL.SSG.01,2026-10-09 03:00,1.58,,,,,,backfill,
WL.SSM.01,2026-10-09 03:00,1.29,,,,,,backfill,
WL.SSN.01,2026-10-09 03:00,-1.05,1.41,,,,,backfill,
WL.SSN.02,2026-10-09 03:00,-1.83,,,,,,backfill,
WL.SSN.04,2026-10-09 03:00,-1.38,,,,,,backfill,
WL.SSN.06,2026-10-09 03:00,-1.77,,,,,,backfill,
WL.SSN.07,2026-10-09 03:00,-1.08,,,,,,backfill,
WL.SSN.08,2026-10-09 03:00,-0.71,-0.71,,,,,backfill,
WL.SSN.09,2026-10-09 03:00,-0.72,,,,,,backfill,
WL.SSN.10,2026-10-09 03:00,-0.70,,,,,,backfill,
WL.SST.01,2026-10-09 03:00,0.89,1.78,,,,,backfill,
WL.STN.01,2026-10-09 03:00,0.52,,,,,,backfill,
WL.STN.02,2026-10-09 03:00,0.64,,,,,,backfill,
WL.STN.03,2026-10-09 03:00,0.71,,,,,,backfill,
WL.STR.01,2026-10-09 03:00,-1.02,0.25,1.03,,,,backfill,
WL.SWA.01,2026-10-09 03:00,0.85,1.34,,,,,backfill,
WL.SWU.01,2026-10-09 03:00,-1.13,,,,,,backfill,
WL.TCG.01,2026-10-09 03:00,-0.85,,,,,,backfill,
WL.TPK.02,2026-10-09 03:00,0.43,,,,,,backfill,
WL.TPK.03,2026-10-09 03:00,0.51,,,,,,backfill,
WL.TSK.01,2026-10-09 03:00,-1.81,,,,,,backfill,
WL.TTN.01,2026-10-09 03:00,-0.66,,,,,,backfill,
WL.TUT.02,2026-10-09 03:00,-0.44,,,,,,backfill,
WL.TWW.01,2026-10-09 03:00,0.76,1.07,,,,,backfill,
WL.TWW.02,2026-10-09 03:00,0.72,,,,,,backfill,
WL.TWW.03,2026-10-09 03:00,0.70,,,,,,backfill,
WL.TWW.04,2026-10-09 03:00,0.67,,,,,,backfill,
WL.TWW.05,2026-10-09 03:00,0.42,,,,,,backfill,
WL.VPD.01,2026-10-09 03:00,-1.02,,,,,,backfill,
WL.VPD.02,2026-10-09 03:00,-0.99,,,,,,backfill,
WL.VPD.03,2026-10-09 03:00,-1.30,,,,,,backfill,
WL.VPV.01,2026-10-09 03:00,-2.15,,,,,,backfill,
WL.WHK.01,2026-10-09 03:00,0.65,,,,,,backfill,
WL.WKT.01,2026-10-09 03:00,0.53,,,,,,backfill,
WL.WLS.01,2026-10-09 03:00,0.55,,,,,,backfill,
WL.WSI.01,2026-10-09 03:00,-0.59,0.97,,,,,backfill,
WL.WSV.01,2026-10-09 03:00,0.17,,,,,,backfill,
WL.WTK.01,2026-10-09 03:00,-0.59,,,,,,backfill,
WL.WTN.02,2026-10-09 03:00,-1.13,,,,,,backfill,
WL.YPE.01,2026-10-09 03:00,0.36,,,,,,backfill,
WL.YPN.01,2026-10-09 03:00,-0.52,,,,,,backfill,
WL.YPN.02,2026-10-09 03:00,-0.57,,,,,,backfill,
WL.YSN.02,2026-10-09 03:00,-1.01,,,,,,backfill,
WL.LPW.04,2026-10-09 03:05,-0.58,,,,,,temporarily out of order,-0.57
WL.TWW.03,2026-10-09 03:05,0.7,,,,,,temporarily out of order,0.7
WL.ANG.01,2026-10-09 03:10,1.0,,,,,,Normal,
WL.BBU.02,2026-10-09 03:10,0.52,,,,,,Normal,
WL.BKH.01,2026-10-09 03:10,0.05,,,,,,Normal,
WL.BKK.01,2026-10-09 03:10,0.49,,,,,,Normal,
WL.BKY.01,2026-10-09 03:10,0.37,1.29,,0.0,6.0,0.0,Normal,0.37
WL.BMD.01,2026-10-09 03:10,0.44,,,,,,Normal,
WL.BNJ.05,2026-10-09 03:10,-1.31,,,,,,Normal,
WL.BSE.01,2026-10-09 03:10,-1.59,,,,,,Normal,
WL.BTL.02,2026-10-09 03:10,-0.07,,,,,,Normal,
WL.CLH.01,2026-10-09 03:10,-0.3,,,,,,Normal,
WL.CYI.02,2026-10-09 03:10,-0.65,,,,,,Normal,-0.62
WL.K08.01,2026-10-09 03:10,1.56,,,,,,Alert,
WL.K10.01,2026-10-09 03:10,1.63,,,,,,Alert,
WL.K11.01,2026-10-09 03:10,1.59,,,,,,Alert,
WL.KBP.01,2026-10-09 03:10,-0.48,,,,,,Normal,
WL.KHW.01,2026-10-09 03:10,1.72,,,,,,Normal,
WL.KKO.02,2026-10-09 03:10,1.57,,,,,,Alert,
WL.KPM.07,2026-10-09 03:10,0.53,,,,,,Normal,
WL.LPP.02,2026-10-09 03:10,-0.43,,,,,,Normal,
WL.LPS.01,2026-10-09 03:10,0.83,,,,,,Normal,
WL.LPT.05,2026-10-09 03:10,1.27,,,,,,Normal,
WL.MKT.02,2026-10-09 03:10,-0.81,,,,,,Normal,
WL.NK3.02,2026-10-09 03:10,0.0,,,,,,Normal,
WL.POC.01,2026-10-09 03:10,1.46,,,,,,Normal,
WL.PSC.06,2026-10-09 03:10,0.48,,,,,,Normal,
WL.RMN.01,2026-10-09 03:10,0.56,,,,,,Normal,
WL.RPS.01,2026-10-09 03:10,2.06,,,,,,Alert,
WL.SSB.13,2026-10-09 03:10,1.89,,,,,,Critical,
WL.SSG.02,2026-10-09 03:10,1.57,,,,,,Alert,
WL.SSM.02,2026-10-09 03:10,1.56,,,,,,Normal,
WL.STN.01,2026-10-09 03:10,0.52,,,,,,Alert,0.53
WL.SWA.02,2026-10-09 03:10,1.5,,,,,,Alert,
WL.AJP.01,2026-10-09 03:15,-0.99,,,,,,Normal,-0.9
WL.ANX.01,2026-10-09 03:15,0.01,,,,,,Normal,0.02
WL.BAM.01,2026-10-09 03:15,0.2,,,,,,Normal,0.4
WL.BBN.02,2026-10-09 03:15,0.09,,,,,,Normal,0.1
WL.BBN.03,2026-10-09 03:15,0.35,,,,,,Normal,0.35
WL.BBR.01,2026-10-09 03:15,-0.04,,,,,,Normal,-0.04
WL.BBR.02,2026-10-09 03:15,-0.08,,,,,,Normal,-0.06
WL.BBU.01,2026-10-09 03:15,0.47,,,,,,Normal,0.5
WL.BCN.01,2026-10-09 03:15,0.5,,,,,,Normal,0.51
WL.BCN.02,2026-10-09 03:15,0.49,,,,,,Normal,0.49
WL.BCN.03,2026-10-09 03:15,0.56,,,,,,Normal,0.56
WL.BJK.01,2026-10-09 03:15,-1.27,0.94,,0.0,0.0,,Normal,-1.06
WL.BJK.02,2026-10-09 03:15,0.46,,,,,,Normal,0.46
WL.BJK.03,2026-10-09 03:15,0.44,,,,,,Normal,0.44
WL.BJK.04,2026-10-09 03:15,0.49,,,,,,Normal,0.49
WL.BKA.01,2026-10-09 03:15,-1.75,1.61,,1.73,1.74,0.0,Normal,-1.24
WL.BKA.02,2026-10-09 03:15,-0.77,,,,,,Normal,-0.69
WL.BKA.03,2026-10-09 03:15,-0.32,,,,,,Normal,-0.27
WL.BKA.04,2026-10-09 03:15,0.12,,,,,,Normal,0.16
WL.BKB.01,2026-10-09 03:15,-0.39,,,,,,Normal,-0.37
WL.BKG.01,2026-10-09 03:15,0.67,-2.0,,0.0,,,Critical,0.68
WL.BKT.01,2026-10-09 03:15,-0.3,,,,,,Normal,-0.3
WL.BKY.02,2026-10-09 03:15,0.45,,,,,,Normal,0.45
WL.BLP.02,2026-10-09 03:15,-0.86,,,,,,Normal,-0.77
WL.BLY.01,2026-10-09 03:15,-0.45,,,,,,Normal,-0.43
WL.BLY.02,2026-10-09 03:15,-0.53,,,,,,Normal,-0.52
WL.BMA.02,2026-10-09 03:15,0.06,,,,,,Normal,0.08
WL.BMK.01,2026-10-09 03:15,-1.53,,,,,,Normal,-1.29
WL.BNA.01,2026-10-09 03:15,-1.21,0.87,,0.0,0.0,,Normal,-1.21
WL.BNA.03,2026-10-09 03:15,-0.57,,,,,,Normal,-0.55
WL.BNA.04,2026-10-09 03:15,-0.44,,,,,,Normal,-0.42
WL.BNJ.02,2026-10-09 03:15,-1.49,,,,,,Normal,-1.29
WL.BNJ.04,2026-10-09 03:15,-1.14,,,,,,Normal,-1.09
WL.BNS.01,2026-10-09 03:15,0.51,,,,,,Normal,0.51
WL.BOA.01,2026-10-09 03:15,-1.2,1.0,,0.0,0.0,,Normal,-1.05
WL.BOA.02,2026-10-09 03:15,-1.27,,,,,,Normal,-1.02
WL.BOA.03,2026-10-09 03:15,-1.22,,,,,,Normal,-1.12
WL.BON.01,2026-10-09 03:15,-1.22,,,,,,Normal,-1.04
WL.BPA.01,2026-10-09 03:15,-0.58,,,,,,Normal,-0.55
WL.BPK.01,2026-10-09 03:15,0.15,,,,,,Normal,0.15
WL.BPM.01,2026-10-09 03:15,0.45,,,,,,Normal,0.45
WL.BPM.02,2026-10-09 03:15,0.5,,,,,,Normal,0.5
WL.BPM.03,2026-10-09 03:15,0.63,,,,,,Alert,0.63
WL.BPM.04,2026-10-09 03:15,0.58,,,,,,Normal,0.58
WL.BPN.02,2026-10-09 03:15,0.15,,,,,,Normal,0.15
WL.BPU.01,2026-10-09 03:15,0.7,,,,,,Normal,0.7
WL.BSK.01,2026-10-09 03:15,0.35,1.1,,0.0,0.0,,Normal,0.35
WL.BSU.01,2026-10-09 03:15,-0.89,1.57,,0.0,0.0,0.0,Normal,-0.89
WL.BSU.02,2026-10-09 03:15,-0.8,,,,,,Normal,-0.8
WL.BSU.03,2026-10-09 03:15,-1.35,,,,,,Normal,-1.3
WL.BSU.04,2026-10-09 03:15,-1.1,,,,,,Normal,-1.1
WL.BSU.05,2026-10-09 03:15,-1.39,,,,,,Normal,-1.25
WL.BSU.06,2026-10-09 03:15,-0.83,,,,,,Normal,-0.8
WL.BSU.07,2026-10-09 03:15,-0.54,,,,,,Normal,-0.53
WL.BTL.01,2026-10-09 03:15,-0.52,,,,,,Normal,-0.51
WL.BTY.01,2026-10-09 03:15,0.22,,,,,,Normal,0.27
WL.BWK.01,2026-10-09 03:15,0.39,,,,,,Normal,0.39
WL.BWK.02,2026-10-09 03:15,0.59,,,,,,Normal,0.59
WL.BWK.03,2026-10-09 03:15,0.63,,,,,,Normal,0.63
WL.BYI.01,2026-10-09 03:15,1.0,,,,,,Critical,1.0
WL.BYK.02,2026-10-09 03:15,-0.08,,,,,,Normal,-0.04
WL.CKS.01,2026-10-09 03:15,-1.33,,,0.0,0.0,,Normal,-1.28
WL.CKS.02,2026-10-09 03:15,-0.96,,,,,,Normal,-0.96
WL.CKS.03,2026-10-09 03:15,-1.13,,,,,,Normal,-1.13
WL.CNS.01,2026-10-09 03:15,-2.07,0.94,,0.0,0.0,,Normal,-1.23
WL.CPA.01,2026-10-09 03:15,0.47,1.33,,0.0,2.77,,Normal,0.47
WL.CPA.02,2026-10-09 03:15,0.36,,,,,,Normal,0.36
WL.CYI.01,2026-10-09 03:15,-0.67,,,,,,Normal,-0.64
WL.CYI.03,2026-10-09 03:15,-0.58,,,,,,Normal,-0.55
WL.DKN.01,2026-10-09 03:15,0.22,1.08,,6.3,0.0,6.3,Normal,0.22
WL.FTM.01,2026-10-09 03:15,-1.11,,,,,,Normal,-1.07
WL.HKG.01,2026-10-09 03:15,-0.82,,,,,,Normal,-0.77
WL.HKG.02,2026-10-09 03:15,-0.76,,,,,,Normal,-0.73
WL.HMK.01,2026-10-09 03:15,-0.02,,,,,,Alert,-0.01
WL.HMK.02,2026-10-09 03:15,-0.03,,,,,,Normal,-0.02
WL.HMK.03,2026-10-09 03:15,-0.02,,,,,,Normal,0.0
WL.JRN.01,2026-10-09 03:15,0.29,1.03,,0.0,,,Normal,0.3
WL.KBU.01,2026-10-09 03:15,0.58,1.2,,0.0,,,Normal,0.58
WL.KBU.02,2026-10-09 03:15,0.56,,,,,,Normal,0.56
WL.KCD.01,2026-10-09 03:15,-1.02,,,,,,Normal,-1.0
WL.KDN.01,2026-10-09 03:15,-0.67,0.97,,0.0,,,Normal,-0.6
WL.KJA.01,2026-10-09 03:15,-0.95,,,,,,Normal,-0.88
WL.KJA.02,2026-10-09 03:15,-0.51,,,,,,Normal,-0.51
WL.KJG.01,2026-10-09 03:15,-0.56,,,,,,Normal,-0.18
WL.KJK.01,2026-10-09 03:15,-1.21,0.95,,0.0,0.0,,Normal,-1.21
WL.KJK.02,2026-10-09 03:15,-1.16,,,,,,Normal,-1.16
WL.KJN.02,2026-10-09 03:15,-0.23,,,,,,Normal,-0.18
WL.KJT.01,2026-10-09 03:15,-0.98,,,,,,Normal,-0.51
WL.KJU.01,2026-10-09 03:15,-0.42,,,,,,Normal,-0.39
WL.KKD.01,2026-10-09 03:15,-0.43,,,,,,Normal,-0.41
WL.KKD.02,2026-10-09 03:15,-0.52,,,,,,Normal,-0.51
WL.KKD.03,2026-10-09 03:15,-0.51,,,,,,Normal,-0.5
WL.KKO.01,2026-10-09 03:15,1.62,,,,,,Alert,1.62
WL.KKS.01,2026-10-09 03:15,-0.85,1.37,,0.0,0.0,,Normal,-0.76
WL.KKS.02,2026-10-09 03:15,-0.81,,,,,,Normal,-0.73
WL.KKS.03,2026-10-09 03:15,-0.9,,,,,,Normal,-0.82
WL.KKS.04,2026-10-09 03:15,-0.86,1.17,,0.0,,,Normal,-0.78
WL.KKY.01,2026-10-09 03:15,0.66,,,,,,Normal,0.66
WL.KKY.02,2026-10-09 03:15,0.66,,,,,,Normal,0.67
WL.KLA.01,2026-10-09 03:15,-0.14,,,,,,Alert,0.39
WL.KLD.01,2026-10-09 03:15,-0.3,,,,,,Normal,-0.3
WL.KLD.02,2026-10-09 03:15,-0.22,,,,,,Normal,-0.22
WL.KLT.01,2026-10-09 03:15,-0.77,,,,,,Normal,-0.73
WL.KMN.01,2026-10-09 03:15,0.34,1.29,,0.1,6.7,0.0,Normal,0.34
WL.KNB.02,2026-10-09 03:15,-0.36,,,,,,Normal,-0.36
WL.KPG.01,2026-10-09 03:15,-0.99,,,,,,Normal,-0.99
WL.KPM.01,2026-10-09 03:15,-0.28,,,,,,Normal,-0.25
WL.KPM.03,2026-10-09 03:15,-0.06,,,,,,Normal,-0.02
WL.KPM.05,2026-10-09 03:15,0.51,,,,,,Normal,0.53
WL.KPM.06,2026-10-09 03:15,0.49,,,,,,Normal,0.52
WL.KPM.08,2026-10-09 03:15,0.49,,,,,,Normal,0.53
WL.KSG.01,2026-10-09 03:15,0.75,,,,,,Normal,0.79
WL.KSI.01,2026-10-09 03:15,0.83,,,,,,Alert,0.84
WL.KSI.02,2026-10-09 03:15,0.84,,,,,,Critical,0.85
WL.KSK.01,2026-10-09 03:15,-0.57,,,,,,Normal,-0.56
WL.KSM.01,2026-10-09 03:15,0.85,,,,,,Critical,0.85
WL.KSM.02,2026-10-09 03:15,0.8,,,,,,Critical,0.81
WL.KSO.01,2026-10-09 03:15,0.74,,,,,,Normal,0.74
WL.KSO.02,2026-10-09 03:15,0.75,,,,,,Normal,0.75
WL.KTY.01,2026-10-09 03:15,-1.86,0.93,,0.0,,,Normal,-1.86
WL.LBK.02,2026-10-09 03:15,0.56,,,,,,Critical,0.58
WL.LBK.03,2026-10-09 03:15,0.48,,,,,,Critical,0.5
WL.LCL.01,2026-10-09 03:15,0.65,,,,,,Normal,0.67
WL.LKB.01,2026-10-09 03:15,0.73,,,,,,Critical,0.74
WL.LOA.01,2026-10-09 03:15,0.87,,,,,,Alert,0.87
WL.LOA.02,2026-10-09 03:15,0.82,,,,,,Normal,0.82
WL.LPC.01,2026-10-09 03:15,1.12,,,,,,Critical,1.12
WL.LPG.02,2026-10-09 03:15,1.02,1.75,,0.0,,,Critical,1.02
WL.LPG.03,2026-10-09 03:15,0.96,,,,,,Critical,0.97
WL.LPN.01,2026-10-09 03:15,-0.75,0.57,,0.01,,,Normal,-0.7
WL.LPP.01,2026-10-09 03:15,-0.98,,,,,,Normal,-0.95
WL.LPT.03,2026-10-09 03:15,0.9,,,,,,Critical,0.91
WL.LPW.01,2026-10-09 03:15,-0.34,-0.38,,0.0,,,Normal,-0.33
WL.LPW.03,2026-10-09 03:15,0.21,,,,,,Normal,0.22
WL.LPW.05,2026-10-09 03:15,-0.68,,,,,,Normal,-0.65
WL.LSG.01,2026-10-09 03:15,-1.2,,,,,,Normal,-1.18
WL.LSM.01,2026-10-09 03:15,-0.58,,,,,,Normal,-0.57
WL.LYW.02,2026-10-09 03:15,-1.46,,,,,,Normal,-1.45
WL.MCM.01,2026-10-09 03:15,0.24,,,,,,Normal,0.24
WL.MFS.01,2026-10-09 03:15,-0.74,,,,,,Normal,-0.73
WL.MKT.01,2026-10-09 03:15,-0.27,,,,,,Normal,-0.27
WL.MSW.01,2026-10-09 03:15,1.33,,,,,,Normal,1.33
WL.MSW.02,2026-10-09 03:15,1.15,,,,,,Normal,1.16
WL.MSW.03,2026-10-09 03:15,1.25,,,,,,Normal,1.27
WL.MSW.04,2026-10-09 03:15,0.97,,,,,,Normal,
WL.MTG.01,2026-10-09 03:15,-0.71,,,,,,Normal,-0.71
WL.NBN.01,2026-10-09 03:15,-3.66,-1.35,,0.0,,,Normal,-3.58
WL.NCH.02,2026-10-09 03:15,-0.64,,,,,,Normal,-0.33
WL.NK1.01,2026-10-09 03:15,-0.23,,,,,,Normal,-0.23
WL.NK3.01,2026-10-09 03:15,-0.27,,,,,,Normal,-0.27
WL.NKW.02,2026-10-09 03:15,-0.3,,,,,,Normal,-0.3
WL.NSG.01,2026-10-09 03:15,-2.0,,,,,,Normal,-2.0
WL.OAG.01,2026-10-09 03:15,-0.9,,,,,,Normal,-0.82
WL.ORC.01,2026-10-09 03:15,-1.34,-0.77,,0.0,,,Normal,-1.34
WL.PKG.01,2026-10-09 03:15,1.31,,,,,,Normal,1.31
WL.PKN.01,2026-10-09 03:15,-0.89,1.04,,0.0,0.0,0.0,Normal,-0.89
WL.PLK.01,2026-10-09 03:15,0.74,,,,,,Normal,0.74
WL.PLP.01,2026-10-09 03:15,-0.38,,,,,,Normal,-0.38
WL.PNM.01,2026-10-09 03:15,0.37,,,,,,Critical,0.38
WL.PSC.01,2026-10-09 03:15,0.36,0.4,,0.0,0.0,0.0,Normal,0.36
WL.PSC.02,2026-10-09 03:15,0.33,,,,,,Normal,0.34
WL.PSC.03,2026-10-09 03:15,0.33,,,,,,Normal,0.33
WL.PSC.05,2026-10-09 03:15,0.4,,,,,,Normal,0.4
WL.PSI.01,2026-10-09 03:15,-1.31,,,,,,Normal,-1.31
WL.PSR.01,2026-10-09 03:15,1.11,1.81,,0.2,,,Critical,1.12
WL.PSR.02,2026-10-09 03:15,1.14,,,,,,Alert,1.15
WL.PSR.03,2026-10-09 03:15,1.12,,,,,,Alert,1.13
WL.PSR.04,2026-10-09 03:15,0.77,,,,,,Normal,0.78
WL.PSR.05,2026-10-09 03:15,0.8,,,,,,Critical,0.81
WL.PST.01,2026-10-09 03:15,-0.92,,,,,,Normal,-0.92
WL.PWT.01,2026-10-09 03:15,-0.6,,,,,,Normal,-0.58
WL.PWT.02,2026-10-09 03:15,0.0,,,,,,Normal,0.02
WL.PWT.03,2026-10-09 03:15,0.26,0.27,,5.81,5.9,,Critical,0.27
WL.PWT.04,2026-10-09 03:15,0.57,0.62,,4.06,,,Critical,0.59
WL.PWT.06,2026-10-09 03:15,0.97,,,,,,Critical,0.98
WL.PWT.07,2026-10-09 03:15,0.95,,,,,,Critical,0.97
WL.PYW.01,2026-10-09 03:15,-0.8,,,,,,Normal,-0.8
WL.RHN.01,2026-10-09 03:15,-0.91,0.51,,0.0,,,Normal,-0.86
WL.RJK.01,2026-10-09 03:15,0.34,0.34,,7.5,,,Normal,0.35
WL.RMT.01,2026-10-09 03:15,-0.43,0.57,,0.0,0.0,,Normal,-0.43
WL.RMT.02,2026-10-09 03:15,-0.17,,,,,,Normal,-0.17
WL.RMT.03,2026-10-09 03:15,-2.0,,,,,,Normal,-2.0
WL.RSK.01,2026-10-09 03:15,0.42,,,,,,Normal,0.42
WL.SBR.01,2026-10-09 03:15,0.71,1.14,,0.0,,,Normal,0.71
WL.SBR.02,2026-10-09 03:15,0.64,,,,,,Normal,0.64
WL.SBT.01,2026-10-09 03:15,-0.22,0.11,,0.0,,,Normal,-0.22
WL.SCO.01,2026-10-09 03:15,0.28,,,,,,Normal,0.28
WL.SDN.01,2026-10-09 03:15,0.23,,,,,,Normal,0.23
WL.SKT.01,2026-10-09 03:15,-0.55,,,,,,Normal,-0.55
WL.SKT.02,2026-10-09 03:15,-0.59,,,,,,Normal,-0.59
WL.SMK.01,2026-10-09 03:15,-0.25,,,,,,Normal,-0.25
WL.SNC.01,2026-10-09 03:15,-0.18,0.72,,0.0,0.0,0.0,Normal,-0.18
WL.SNC.02,2026-10-09 03:15,0.27,,,,,,Normal,0.27
WL.SNC.03,2026-10-09 03:15,0.02,,,,,,Normal,0.02
WL.SNO.01,2026-10-09 03:15,-0.75,,,,,,Normal,-0.75
WL.SOL.01,2026-10-09 03:15,-0.63,,,,,,Normal,-0.62
WL.SRE.01,2026-10-09 03:15,-0.3,1.14,,0.0,0.0,,Normal,-0.3
WL.SRG.01,2026-10-09 03:15,-0.43,0.97,,0.0,0.0,0.0,Normal,-0.37
WL.SSB.01,2026-10-09 03:15,-0.89,,,,,,Normal,-0.81
WL.SSB.03,2026-10-09 03:15,-0.63,,,,,,Normal,-0.57
WL.SSB.04,2026-10-09 03:15,-0.68,-0.69,,7.5,7.5,,Normal,-0.64
WL.SSB.06,2026-10-09 03:15,-0.52,,,,,,Normal,-0.48
WL.SSB.07,2026-10-09 03:15,-0.12,,,,,,Normal,-0.07
WL.SSB.08,2026-10-09 03:15,0.29,,,,,,Normal,0.32
WL.SSB.09,2026-10-09 03:15,0.56,1.1,,0.0,,,Critical,0.58
WL.SSB.10,2026-10-09 03:15,0.71,1.18,,2.0,,,Critical,0.73
WL.SSB.11,2026-10-09 03:15,1.24,,,,,,Critical,1.25
WL.SSB.12,2026-10-09 03:15,1.19,1.5,,0.0,,,Critical,1.19
WL.SSG.01,2026-10-09 03:15,1.58,,,,,,Alert,1.58
WL.SSM.01,2026-10-09 03:15,1.29,-99,,0.0,,,Critical,1.3
WL.SSN.01,2026-10-09 03:15,-1.05,1.44,,7.0,0.0,0.0,Normal,-1.05
WL.SSN.02,2026-10-09 03:15,-1.83,,,,,,Normal,-1.82
WL.SSN.04,2026-10-09 03:15,-1.36,,,,,,Normal,-1.26
WL.SSN.06,2026-10-09 03:15,-1.77,,,,,,Normal,-1.77
WL.SSN.07,2026-10-09 03:15,-1.09,,,,,,Normal,-1.02
WL.SSN.08,2026-10-09 03:15,-0.71,-0.71,,0.0,,,Normal,-0.67
WL.SSN.09,2026-10-09 03:15,-0.73,,,,,,Normal,-0.69
WL.SSN.10,2026-10-09 03:15,-0.7,,,,,,Normal,-0.66
WL.SST.01,2026-10-09 03:15,0.89,1.77,,0.32,,,Alert,0.91
WL.STN.02,2026-10-09 03:15,0.64,,,,,,Critical,0.66
WL.STN.03,2026-10-09 03:15,0.71,,,,,,Critical,0.72
WL.STR.01,2026-10-09 03:15,-1.02,0.25,1.1,0.0,0.0,0.0,Normal,-1.0
WL.SWA.01,2026-10-09 03:15,0.85,1.34,,0.43,,,Critical,0.86
WL.SWU.01,2026-10-09 03:15,-1.12,,,,,,Normal,-1.12
WL.TCG.01,2026-10-09 03:15,-0.85,,,,,,Normal,-0.84
WL.TPK.02,2026-10-09 03:15,0.43,,,,,,Critical,0.44
WL.TPK.03,2026-10-09 03:15,0.51,,,,,,Critical,0.52
WL.TSK.01,2026-10-09 03:15,-1.81,,,,,,Normal,-1.8
WL.TTN.01,2026-10-09 03:15,-0.66,,,,,,Normal,-0.65
WL.TUT.02,2026-10-09 03:15,-0.42,,,,,,Normal,-0.42
WL.TWW.01,2026-10-09 03:15,0.76,1.07,,0.99,,,Normal,0.76
WL.TWW.02,2026-10-09 03:15,0.72,,,,,,Normal,0.72
WL.TWW.04,2026-10-09 03:15,0.67,,,,,,Normal,0.68
WL.TWW.05,2026-10-09 03:15,0.42,,,,,,Normal,0.42
WL.VPD.01,2026-10-09 03:15,-1.03,,,,,,Normal,-1.0
WL.VPD.02,2026-10-09 03:15,-0.99,,,,,,Normal,-0.96
WL.VPD.03,2026-10-09 03:15,-1.3,,,,,,Normal,-1.3
WL.VPV.01,2026-10-09 03:15,-2.0,,,0.0,,,Normal,-1.41
WL.WHK.01,2026-10-09 03:15,0.64,,,,,,Normal,0.77
WL.WKT.01,2026-10-09 03:15,0.53,,,,,,Normal,0.54
WL.WLS.01,2026-10-09 03:15,0.55,,,,,,Normal,0.6
WL.WSI.01,2026-10-09 03:15,-0.58,1.04,,0.0,0.0,0.0,Normal,-0.58
WL.WSV.01,2026-10-09 03:15,0.17,,,,,,Normal,0.17
WL.WTK.01,2026-10-09 03:15,-0.59,,,,,,Normal,-0.59
WL.WTN.02,2026-10-09 03:15,-1.14,,,,,,Normal,-1.1
WL.YPE.01,2026-10-09 03:15,0.36,,,,,,Normal,0.36
WL.YPN.01,2026-10-09 03:15,-0.52,,,,,,Normal,-0.51
WL.YPN.02,2026-10-09 03:15,-0.58,,,,,,Normal,-0.57
WL.YSN.02,2026-10-09 03:15,-1.01,,,,,,Normal,-0.95
WL.KPM.04,2026-10-09 03:25,0.45,,,,,,Normal,0.49
WL.KKD.04,2026-10-09 03:35,-0.47,,,,,,Normal,-0.45
WL.AJP.01,2026-10-09 04:00,-1.03,,,,,,backfill,
WL.ANX.01,2026-10-09 04:00,-0.07,,,,,,backfill,
WL.BAM.01,2026-10-09 04:00,0.20,,,,,,backfill,
WL.BBN.01,2026-10-09 04:00,,,,,,,backfill,
WL.BBN.02,2026-10-09 04:00,0.09,,,,,,backfill,
WL.BBN.03,2026-10-09 04:00,0.35,,,,,,backfill,
WL.BBR.01,2026-10-09 04:00,0.00,,,,,,backfill,
WL.BBR.02,2026-10-09 04:00,-0.04,,,,,,backfill,
WL.BBU.01,2026-10-09 04:00,0.46,,,,,,backfill,
WL.BCN.01,2026-10-09 04:00,0.50,,,,,,backfill,
WL.BCN.02,2026-10-09 04:00,0.50,,,,,,backfill,
WL.BCN.03,2026-10-09 04:00,0.57,,,,,,backfill,
WL.BJK.01,2026-10-09 04:00,-1.34,1.08,,,,,backfill,
WL.BJK.02,2026-10-09 04:00,0.46,,,,,,backfill,
WL.BJK.03,2026-10-09 04:00,0.44,,,,,,backfill,
WL.BJK.04,2026-10-09 04:00,0.49,,,,,,backfill,
WL.BKA.01,2026-10-09 04:00,-1.74,1.71,,,,,backfill,
WL.BKA.02,2026-10-09 04:00,-0.78,,,,,,backfill,
WL.BKA.03,2026-10-09 04:00,-0.33,,,,,,backfill,
WL.BKA.04,2026-10-09 04:00,0.11,,,,,,backfill,
WL.BKB.01,2026-10-09 04:00,-0.37,,,,,,backfill,
WL.BKG.01,2026-10-09 04:00,0.67,-2.00,,,,,backfill,
WL.BKT.01,2026-10-09 04:00,-0.29,,,,,,backfill,
WL.BKY.01,2026-10-09 04:00,0.37,1.44,,,,,backfill,
WL.BKY.02,2026-10-09 04:00,0.45,,,,,,backfill,
WL.BLP.02,2026-10-09 04:00,-0.86,,,,,,backfill,
WL.BLY.01,2026-10-09 04:00,-0.46,,,,,,backfill,
WL.BLY.02,2026-10-09 04:00,-0.53,,,,,,backfill,
WL.BMA.02,2026-10-09 04:00,0.04,,,,,,backfill,
WL.BMK.01,2026-10-09 04:00,-1.61,,,,,,temporarily out of order,-1.29
WL.BNA.01,2026-10-09 04:00,-1.17,1.03,,,,,backfill,
WL.BNA.02,2026-10-09 04:00,,,,,,,backfill,
WL.BNA.03,2026-10-09 04:00,-0.57,,,,,,backfill,
WL.BNA.04,2026-10-09 04:00,-0.44,,,,,,backfill,
WL.BNJ.01,2026-10-09 04:00,,,,,,,backfill,
WL.BNJ.02,2026-10-09 04:00,-1.19,,,,,,backfill,
WL.BNJ.03,2026-10-09 04:00,,,,,,,backfill,
WL.BNJ.04,2026-10-09 04:00,-1.06,,,,,,backfill,
WL.BNS.01,2026-10-09 04:00,0.51,,,,,,backfill,
WL.BOA.01,2026-10-09 04:00,-1.23,1.15,,,,,backfill,
WL.BOA.02,2026-10-09 04:00,-1.31,,,,,,backfill,
WL.BOA.03,2026-10-09 04:00,-1.26,,,,,,backfill,
WL.BON.01,2026-10-09 04:00,-1.26,,,,,,backfill,
WL.BPA.01,2026-10-09 04:00,-0.58,,,,,,backfill,
WL.BPK.01,2026-10-09 04:00,0.15,,,,,,backfill,
WL.BPM.01,2026-10-09 04:00,0.45,,,,,,backfill,
WL.BPM.02,2026-10-09 04:00,0.50,,,,,,backfill,
WL.BPM.03,2026-10-09 04:00,0.63,,,,,,backfill,
WL.BPM.04,2026-10-09 04:00,0.58,,,,,,backfill,
WL.BPN.02,2026-10-09 04:00,0.15,,,,,,backfill,
WL.BPU.01,2026-10-09 04:00,0.71,,,,,,backfill,
WL.BSK.01,2026-10-09 04:00,0.38,1.25,,,,,backfill,
WL.BSU.01,2026-10-09 04:00,-0.87,1.68,,,,,backfill,
WL.BSU.02,2026-10-09 04:00,-0.79,,,,,,backfill,
WL.BSU.03,2026-10-09 04:00,-1.36,,,,,,backfill,
WL.BSU.04,2026-10-09 04:00,-1.10,,,,,,backfill,
WL.BSU.05,2026-10-09 04:00,-1.40,,,,,,backfill,
WL.BSU.06,2026-10-09 04:00,-0.80,,,,,,backfill,
WL.BSU.07,2026-10-09 04:00,-0.53,,,,,,backfill,
WL.BTL.01,2026-10-09 04:00,-0.53,,,,,,backfill,
WL.BTY.01,2026-10-09 04:00,0.23,,,,,,backfill,
WL.BWK.01,2026-10-09 04:00,0.39,,,,,,backfill,
WL.BWK.02,2026-10-09 04:00,0.59,,,,,,backfill,
WL.BWK.03,2026-10-09 04:00,0.63,,,,,,backfill,
WL.BYI.01,2026-10-09 04:00,1.00,,,,,,backfill,
WL.BYK.01,2026-10-09 04:00,,,,,,,backfill,
WL.BYK.02,2026-10-09 04:00,-0.03,,,,,,backfill,
WL.CKS.01,2026-10-09 04:00,-1.32,,,,,,backfill,
WL.CKS.02,2026-10-09 04:00,-0.96,,,,,,backfill,
WL.CKS.03,2026-10-09 04:00,-1.12,,,,,,backfill,
WL.CNS.01,2026-10-09 04:00,-2.28,1.11,,,,,backfill,
WL.CPA.01,2026-10-09 04:00,0.47,1.44,,,,,backfill,
WL.CPA.02,2026-10-09 04:00,0.36,,,,,,backfill,
WL.CYI.01,2026-10-09 04:00,-0.67,,,,,,backfill,
WL.CYI.02,2026-10-09 04:00,-0.65,,,,,,backfill,
WL.CYI.03,2026-10-09 04:00,-0.58,,,,,,backfill,
WL.DKN.01,2026-10-09 04:00,0.22,0.48,,,,,backfill,
WL.FTM.01,2026-10-09 04:00,-1.11,,,,,,backfill,
WL.HKG.01,2026-10-09 04:00,-0.82,,,,,,backfill,
WL.HKG.02,2026-10-09 04:00,-0.77,,,,,,backfill,
WL.HMK.01,2026-10-09 04:00,-0.02,,,,,,backfill,
WL.HMK.02,2026-10-09 04:00,-0.03,,,,,,backfill,
WL.HMK.03,2026-10-09 04:00,-0.02,,,,,,backfill,
WL.JKK.01,2026-10-09 04:00,,,,,,,backfill,
WL.JRN.01,2026-10-09 04:00,0.31,1.18,,,,,backfill,
WL.KBU.01,2026-10-09 04:00,0.58,1.28,,,,,backfill,
WL.KBU.02,2026-10-09 04:00,0.56,,,,,,backfill,
WL.KCD.01,2026-10-09 04:00,-1.02,,,,,,backfill,
WL.KDN.01,2026-10-09 04:00,-0.67,1.11,,,,,backfill,
WL.KJA.01,2026-10-09 04:00,-0.91,,,,,,backfill,
WL.KJA.02,2026-10-09 04:00,-0.50,,,,,,backfill,
WL.KJG.01,2026-10-09 04:00,-0.55,,,,,,backfill,
WL.KJK.01,2026-10-09 04:00,-1.19,1.10,,,,,backfill,
WL.KJK.02,2026-10-09 04:00,-1.14,,,,,,backfill,
WL.KJN.01,2026-10-09 04:00,,,,,,,backfill,
WL.KJN.02,2026-10-09 04:00,-0.23,,,,,,backfill,
WL.KJT.01,2026-10-09 04:00,-1.01,,,,,,backfill,
WL.KJU.01,2026-10-09 04:00,-0.67,,,,,,backfill,
WL.KKD.01,2026-10-09 04:00,-0.44,,,,,,backfill,
WL.KKD.02,2026-10-09 04:00,-0.53,,,,,,backfill,
WL.KKD.03,2026-10-09 04:00,-0.52,,,,,,backfill,
WL.KKD.04,2026-10-09 04:00,-0.47,,,,,,backfill,
WL.KKO.01,2026-10-09 04:00,1.62,,,,,,backfill,
WL.KKS.01,2026-10-09 04:00,-0.85,1.49,,,,,backfill,
WL.KKS.02,2026-10-09 04:00,-0.82,,,,,,backfill,
WL.KKS.03,2026-10-09 04:00,-0.91,,,,,,backfill,
WL.KKS.04,2026-10-09 04:00,-0.86,1.32,,,,,backfill,
WL.KKY.01,2026-10-09 04:00,0.66,,,,,,backfill,
WL.KKY.02,2026-10-09 04:00,0.66,,,,,,backfill,
WL.KLA.01,2026-10-09 04:00,-0.14,,,,,,backfill,
WL.KLD.01,2026-10-09 04:00,-0.28,,,,,,backfill,
WL.KLD.02,2026-10-09 04:00,-0.20,,,,,,backfill,
WL.KLT.01,2026-10-09 04:00,-0.77,,,,,,backfill,
WL.KMN.01,2026-10-09 04:00,0.34,1.41,,,,,backfill,
WL.KNB.01,2026-10-09 04:00,,,,,,,backfill,
WL.KNB.02,2026-10-09 04:00,-0.36,,,,,,backfill,
WL.KPG.01,2026-10-09 04:00,-0.99,,,,,,backfill,
WL.KPM.01,2026-10-09 04:00,-0.29,,,,,,backfill,
WL.KPM.03,2026-10-09 04:00,-0.07,,,,,,backfill,
WL.KPM.04,2026-10-09 04:00,0.39,,,,,,backfill,
WL.KPM.05,2026-10-09 04:00,0.49,,,,,,backfill,
WL.KPM.06,2026-10-09 04:00,0.47,,,,,,backfill,
WL.KPM.08,2026-10-09 04:00,0.47,,,,,,backfill,
WL.KPM.09,2026-10-09 04:00,,,,,,,backfill,
WL.KSG.01,2026-10-09 04:00,0.74,,,,,,backfill,
WL.KSI.01,2026-10-09 04:00,0.82,,,,,,backfill,
WL.KSI.02,2026-10-09 04:00,0.85,,,,,,backfill,
WL.KSK.01,2026-10-09 04:00,-0.58,,,,,,backfill,
WL.KSM.01,2026-10-09 04:00,0.84,,,,,,backfill,
WL.KSM.02,2026-10-09 04:00,0.80,,,,,,backfill,
WL.KSO.01,2026-10-09 04:00,0.74,,,,,,backfill,
WL.KSO.02,2026-10-09 04:00,0.75,,,,,,backfill,
WL.KT4.01,2026-10-09 04:00,,,,,,,backfill,
WL.KTY.01,2026-10-09 04:00,-1.81,1.08,,,,,backfill,
WL.LBK.02,2026-10-09 04:00,0.56,,,,,,backfill,
WL.LBK.03,2026-10-09 04:00,0.48,,,,,,backfill,
WL.LCL.01,2026-10-09 04:00,0.65,,,,,,backfill,
WL.LCL.02,2026-10-09 04:00,,,,,,,backfill,
WL.LKB.01,2026-10-09 04:00,0.72,,,,,,backfill,
WL.LOA.01,2026-10-09 04:00,0.88,,,,,,backfill,
WL.LOA.02,2026-10-09 04:00,0.83,,,,,,backfill,
WL.LPC.01,2026-10-09 04:00,1.11,,,,,,backfill,
WL.LPG.02,2026-10-09 04:00,1.02,1.75,,,,,backfill,
WL.LPG.03,2026-10-09 04:00,0.96,,,,,,backfill,
WL.LPI.02,2026-10-09 04:00,,,,,,,backfill,
WL.LPN.01,2026-10-09 04:00,-0.74,0.65,,,,,backfill,
WL.LPP.01,2026-10-09 04:00,-0.99,,,,,,backfill,
WL.LPT.01,2026-10-09 04:00,,,,,,,backfill,
WL.LPT.03,2026-10-09 04:00,0.90,,,,,,backfill,
WL.LPW.01,2026-10-09 04:00,-0.33,-0.39,,,,,backfill,
WL.LPW.03,2026-10-09 04:00,0.22,,,,,,backfill,
WL.LPW.04,2026-10-09 04:00,,,,,,,backfill,
WL.LPW.05,2026-10-09 04:00,-0.68,,,,,,backfill,
WL.LSG.01,2026-10-09 04:00,-1.20,,,,,,backfill,
WL.LSM.01,2026-10-09 04:00,-0.58,,,,,,backfill,
WL.LYW.01,2026-10-09 04:00,,,,,,,backfill,
WL.LYW.02,2026-10-09 04:00,-1.46,,,,,,backfill,
WL.MCM.01,2026-10-09 04:00,0.24,,,,,,backfill,
WL.MFS.01,2026-10-09 04:00,-0.74,,,,,,backfill,
WL.MKT.01,2026-10-09 04:00,-0.27,,,,,,backfill,
WL.MSW.01,2026-10-09 04:00,1.39,,,,,,backfill,
WL.MSW.02,2026-10-09 04:00,1.15,,,,,,backfill,
WL.MSW.03,2026-10-09 04:00,1.33,,,,,,backfill,
WL.MTG.01,2026-10-09 04:00,-0.70,,,,,,backfill,
WL.NBN.01,2026-10-09 04:00,-3.67,-1.35,,,,,backfill,
WL.NCH.02,2026-10-09 04:00,-0.57,,,,,,backfill,
WL.NK1.01,2026-10-09 04:00,-0.16,,,,,,backfill,
WL.NK3.01,2026-10-09 04:00,-0.24,,,,,,backfill,
WL.NKW.02,2026-10-09 04:00,-0.30,,,,,,backfill,
WL.NSG.01,2026-10-09 04:00,-2.00,,,,,,backfill,
WL.OAG.01,2026-10-09 04:00,-0.91,,,,,,backfill,
WL.ORC.01,2026-10-09 04:00,-1.34,-0.78,,,,,backfill,
WL.PKG.01,2026-10-09 04:00,1.38,,,,,,backfill,
WL.PKN.01,2026-10-09 04:00,-0.88,1.19,,,,,backfill,
WL.PLK.01,2026-10-09 04:00,0.79,,,,,,backfill,
WL.PLP.01,2026-10-09 04:00,-0.38,,,,,,backfill,
WL.PNM.01,2026-10-09 04:00,0.37,,,,,,backfill,
WL.PSC.01,2026-10-09 04:00,0.36,0.40,,,,,backfill,
WL.PSC.02,2026-10-09 04:00,0.33,,,,,,backfill,
WL.PSC.03,2026-10-09 04:00,0.33,,,,,,backfill,
WL.PSC.05,2026-10-09 04:00,0.40,,,,,,backfill,
WL.PSI.01,2026-10-09 04:00,-1.27,,,,,,backfill,
WL.PSR.01,2026-10-09 04:00,1.11,1.81,,,,,backfill,
WL.PSR.02,2026-10-09 04:00,1.14,,,,,,backfill,
WL.PSR.03,2026-10-09 04:00,1.12,,,,,,backfill,
WL.PSR.04,2026-10-09 04:00,0.76,,,,,,backfill,
WL.PSR.05,2026-10-09 04:00,0.80,,,,,,backfill,
WL.PSR.06,2026-10-09 04:00,,,,,,,backfill,
WL.PST.01,2026-10-09 04:00,-0.92,,,,,,backfill,
WL.PWT.01,2026-10-09 04:00,-0.60,,,,,,backfill,
WL.PWT.02,2026-10-09 04:00,0.00,,,,,,backfill,
WL.PWT.03,2026-10-09 04:00,0.25,0.27,,,,,backfill,
WL.PWT.04,2026-10-09 04:00,0.57,0.61,,,,,backfill,
WL.PWT.05,2026-10-09 04:00,,,,,,,backfill,
WL.PWT.06,2026-10-09 04:00,0.97,,,,,,backfill,
WL.PWT.07,2026-10-09 04:00,0.95,,,,,,backfill,
WL.PYW.01,2026-10-09 04:00,-0.78,,,,,,backfill,
WL.RHN.01,2026-10-09 04:00,-0.91,0.61,,,,,backfill,
WL.RJK.01,2026-10-09 04:00,0.35,0.35,,,,,backfill,
WL.RKC.01,2026-10-09 04:00,,,,,,,backfill,
WL.RMT.01,2026-10-09 04:00,-0.34,0.61,,,,,backfill,
WL.RMT.02,2026-10-09 04:00,-0.13,,,,,,backfill,
WL.RSK.01,2026-10-09 04:00,0.42,,,,,,backfill,
WL.SBR.01,2026-10-09 04:00,0.71,1.14,,,,,backfill,
WL.SBR.02,2026-10-09 04:00,0.64,,,,,,backfill,
WL.SBT.01,2026-10-09 04:00,-0.17,0.12,,,,,backfill,
WL.SCO.01,2026-10-09 04:00,0.28,,,,,,backfill,
WL.SDN.01,2026-10-09 04:00,0.23,,,,,,backfill,
WL.SKG.01,2026-10-09 04:00,,,,,,,backfill,
WL.SKT.01,2026-10-09 04:00,-0.55,,,,,,backfill,
WL.SKT.02,2026-10-09 04:00,-0.59,,,,,,backfill,
WL.SLL.01,2026-10-09 04:00,,,,,,,backfill,
WL.SMK.01,2026-10-09 04:00,-0.25,,,,,,backfill,
WL.SNC.01,2026-10-09 04:00,-0.17,0.73,,,,,backfill,
WL.SNC.02,2026-10-09 04:00,0.28,,,,,,backfill,
WL.SNC.03,2026-10-09 04:00,0.03,,,,,,backfill,
WL.SNO.01,2026-10-09 04:00,-0.75,,,,,,backfill,
WL.SOL.01,2026-10-09 04:00,-0.64,,,,,,backfill,
WL.SRE.01,2026-10-09 04:00,-0.23,1.29,,,,,backfill,
WL.SRG.01,2026-10-09 04:00,-0.43,1.08,,,,,backfill,
WL.SSB.01,2026-10-09 04:00,-0.90,,,,,,backfill,
WL.SSB.03,2026-10-09 04:00,-0.64,,,,,,backfill,
WL.SSB.04,2026-10-09 04:00,-0.68,-0.69,,,,,backfill,
WL.SSB.06,2026-10-09 04:00,-0.52,,,,,,backfill,
WL.SSB.07,2026-10-09 04:00,-0.12,,,,,,backfill,
WL.SSB.08,2026-10-09 04:00,0.29,,,,,,backfill,
WL.SSB.10,2026-10-09 04:00,0.71,1.18,,,,,backfill,
WL.SSB.11,2026-10-09 04:00,1.24,,,,,,backfill,
WL.SSB.12,2026-10-09 04:00,1.19,1.50,,,,,backfill,
WL.SSG.01,2026-10-09 04:00,1.58,,,,,,backfill,
WL.SSM.01,2026-10-09 04:00,1.29,,,,,,backfill,
WL.SSN.01,2026-10-09 04:00,-1.05,1.54,,,,,backfill,
WL.SSN.02,2026-10-09 04:00,-1.83,,,,,,backfill,
WL.SSN.04,2026-10-09 04:00,-1.29,,,,,,backfill,
WL.SSN.06,2026-10-09 04:00,-1.77,,,,,,backfill,
WL.SSN.07,2026-10-09 04:00,-1.10,,,,,,backfill,
WL.SSN.08,2026-10-09 04:00,-0.71,-0.71,,,,,backfill,
WL.SSN.09,2026-10-09 04:00,-0.73,,,,,,backfill,
WL.SSN.10,2026-10-09 04:00,-0.71,,,,,,backfill,
WL.SST.01,2026-10-09 04:00,0.88,1.78,,,,,backfill,
WL.STN.01,2026-10-09 04:00,0.52,,,,,,backfill,
WL.STN.02,2026-10-09 04:00,0.64,,,,,,backfill,
WL.STN.03,2026-10-09 04:00,0.70,,,,,,backfill,
WL.STR.01,2026-10-09 04:00,-1.03,0.24,1.24,,,,backfill,
WL.SWA.01,2026-10-09 04:00,0.85,1.34,,,,,backfill,
WL.SWU.01,2026-10-09 04:00,-1.09,,,,,,backfill,
WL.TCG.01,2026-10-09 04:00,-0.86,,,,,,backfill,
WL.TPK.02,2026-10-09 04:00,0.43,,,,,,backfill,
WL.TPK.03,2026-10-09 04:00,0.50,,,,,,backfill,
WL.TSK.01,2026-10-09 04:00,-1.81,,,,,,backfill,
WL.TTN.01,2026-10-09 04:00,-0.67,,,,,,backfill,
WL.TUT.02,2026-10-09 04:00,-0.38,,,,,,backfill,
WL.TWW.01,2026-10-09 04:00,0.76,1.06,,,,,backfill,
WL.TWW.02,2026-10-09 04:00,0.72,,,,,,backfill,
WL.TWW.03,2026-10-09 04:00,0.70,,,,,,backfill,
WL.TWW.04,2026-10-09 04:00,0.68,,,,,,backfill,
WL.TWW.05,2026-10-09 04:00,0.43,,,,,,backfill,
WL.VPD.01,2026-10-09 04:00,-1.03,,,,,,backfill,
WL.VPD.02,2026-10-09 04:00,-0.99,,,,,,backfill,
WL.VPD.03,2026-10-09 04:00,-1.31,,,,,,backfill,
WL.VPV.01,2026-10-09 04:00,-2.04,,,,,,backfill,
WL.WHK.01,2026-10-09 04:00,0.66,,,,,,backfill,
WL.WKT.01,2026-10-09 04:00,0.54,,,,,,backfill,
WL.WLS.01,2026-10-09 04:00,0.54,,,,,,backfill,
WL.WSI.01,2026-10-09 04:00,-0.56,1.18,,,,,backfill,
WL.WSV.01,2026-10-09 04:00,0.19,,,,,,backfill,
WL.WTK.01,2026-10-09 04:00,-0.58,,,,,,backfill,
WL.WTN.02,2026-10-09 04:00,-1.15,,,,,,backfill,
WL.YPE.01,2026-10-09 04:00,0.36,,,,,,backfill,
WL.YPN.01,2026-10-09 04:00,-0.52,,,,,,backfill,
WL.YPN.02,2026-10-09 04:00,-0.57,,,,,,backfill,
WL.YSN.02,2026-10-09 04:00,-1.03,,,,,,backfill,
WL.CKS.03,2026-10-09 04:05,-1.12,,,,,,temporarily out of order,-1.12
WL.ANG.01,2026-10-09 04:10,0.99,,,,,,Normal,
WL.BBU.02,2026-10-09 04:10,0.51,,,,,,Normal,
WL.BKH.01,2026-10-09 04:10,0.05,,,,,,Normal,
WL.BKK.01,2026-10-09 04:10,0.49,,,,,,Normal,
WL.BMD.01,2026-10-09 04:10,0.45,,,,,,Normal,
WL.BNJ.05,2026-10-09 04:10,-1.4,,,,,,Normal,
WL.BSE.01,2026-10-09 04:10,-1.59,,,,,,Normal,
WL.BTL.02,2026-10-09 04:10,-0.08,,,,,,Normal,
WL.CLH.01,2026-10-09 04:10,-0.32,,,,,,Normal,
WL.CYI.02,2026-10-09 04:10,-0.65,,,,,,Normal,-0.62
WL.K08.01,2026-10-09 04:10,1.55,,,,,,Alert,
WL.K10.01,2026-10-09 04:10,1.63,,,,,,Alert,
WL.K11.01,2026-10-09 04:10,1.59,,,,,,Alert,
WL.KBP.01,2026-10-09 04:10,-0.43,,,,,,Normal,
WL.KCD.01,2026-10-09 04:10,-1.02,,,,,,Normal,-1.0
WL.KHW.01,2026-10-09 04:10,1.72,,,,,,Normal,
WL.KKO.02,2026-10-09 04:10,1.57,,,,,,Alert,
WL.KPM.07,2026-10-09 04:10,0.53,,,,,,Normal,
WL.LPS.01,2026-10-09 04:10,0.83,,,,,,Normal,
WL.LPT.05,2026-10-09 04:10,1.73,,,,,,Normal,
WL.MKT.02,2026-10-09 04:10,-0.81,,,,,,Normal,
WL.NK3.02,2026-10-09 04:10,0.04,,,,,,Normal,
WL.POC.01,2026-10-09 04:10,1.46,,,,,,Normal,
WL.PSC.06,2026-10-09 04:10,0.49,,,,,,Normal,
WL.PWT.02,2026-10-09 04:10,0.0,,,,,,Normal,0.02
WL.RMN.01,2026-10-09 04:10,0.56,,,,,,Normal,
WL.RPS.01,2026-10-09 04:10,2.05,,,,,,Alert,
WL.SSB.13,2026-10-09 04:10,1.89,,,,,,Critical,
WL.SSG.02,2026-10-09 04:10,1.57,,,,,,Alert,
WL.SSM.02,2026-10-09 04:10,1.56,,,,,,Normal,
WL.STN.01,2026-10-09 04:10,0.52,,,,,,Alert,0.53
WL.SWA.02,2026-10-09 04:10,1.5,,,,,,Alert,
WL.TWW.05,2026-10-09 04:10,0.43,,,,,,Normal,0.43
WL.AJP.01,2026-10-09 04:15,-1.04,,,,,,Normal,-0.9
WL.ANX.01,2026-10-09 04:15,0.0,,,,,,Normal,0.02
WL.BAM.01,2026-10-09 04:15,0.21,,,,,,Normal,0.4
WL.BBN.02,2026-10-09 04:15,0.09,,,,,,Normal,0.1
WL.BBN.03,2026-10-09 04:15,0.35,,,,,,Normal,0.35
WL.BBR.01,2026-10-09 04:15,0.01,,,,,,Normal,0.01
WL.BBR.02,2026-10-09 04:15,-0.03,,,,,,Normal,-0.03
WL.BBU.01,2026-10-09 04:15,0.46,,,,,,Normal,0.5
WL.BCN.01,2026-10-09 04:15,0.5,,,,,,Normal,0.51
WL.BCN.02,2026-10-09 04:15,0.5,,,,,,Normal,0.5
WL.BCN.03,2026-10-09 04:15,0.57,,,,,,Normal,0.57
WL.BJK.01,2026-10-09 04:15,-1.35,1.11,,0.0,0.0,,Normal,-1.06
WL.BJK.02,2026-10-09 04:15,0.46,,,,,,Normal,0.46
WL.BJK.03,2026-10-09 04:15,0.44,,,,,,Normal,0.44
WL.BJK.04,2026-10-09 04:15,0.49,,,,,,Normal,0.49
WL.BKA.01,2026-10-09 04:15,-1.6,1.74,,1.73,1.75,0.0,Normal,-1.24
WL.BKA.02,2026-10-09 04:15,-0.79,,,,,,Normal,-0.69
WL.BKA.03,2026-10-09 04:15,-0.33,,,,,,Normal,-0.27
WL.BKA.04,2026-10-09 04:15,0.1,,,,,,Normal,0.16
WL.BKB.01,2026-10-09 04:15,-0.37,,,,,,Normal,-0.37
WL.BKG.01,2026-10-09 04:15,0.66,-2.0,,0.0,,,Critical,0.68
WL.BKT.01,2026-10-09 04:15,-0.29,,,,,,Normal,-0.29
WL.BKY.01,2026-10-09 04:15,0.37,1.47,,0.0,6.0,0.0,Normal,0.37
WL.BKY.02,2026-10-09 04:15,0.45,,,,,,Normal,0.45
WL.BLP.02,2026-10-09 04:15,-0.87,,,,,,Normal,-0.77
WL.BLY.01,2026-10-09 04:15,-0.46,,,,,,Normal,-0.43
WL.BLY.02,2026-10-09 04:15,-0.54,,,,,,Normal,-0.52
WL.BMA.02,2026-10-09 04:15,0.05,,,,,,Normal,0.08
WL.BNA.01,2026-10-09 04:15,-1.16,1.04,,0.0,0.0,,Normal,-1.16
WL.BNA.03,2026-10-09 04:15,-0.57,,,,,,Normal,-0.55
WL.BNA.04,2026-10-09 04:15,-0.45,,,,,,Normal,-0.42
WL.BNJ.02,2026-10-09 04:15,-1.2,,,,,,Normal,-1.19
WL.BNJ.04,2026-10-09 04:15,-1.06,,,,,,Normal,-1.05
WL.BNS.01,2026-10-09 04:15,0.51,,,,,,Normal,0.51
WL.BOA.01,2026-10-09 04:15,-1.24,1.18,,0.0,0.0,,Normal,-1.05
WL.BOA.02,2026-10-09 04:15,-1.13,,,,,,Normal,-1.02
WL.BOA.03,2026-10-09 04:15,-1.23,,,,,,Normal,-1.12
WL.BON.01,2026-10-09 04:15,-1.18,,,,,,Normal,-1.04
WL.BPA.01,2026-10-09 04:15,-0.58,,,,,,Normal,-0.55
WL.BPK.01,2026-10-09 04:15,0.15,,,,,,Normal,0.15
WL.BPM.01,2026-10-09 04:15,0.45,,,,,,Normal,0.45
WL.BPM.02,2026-10-09 04:15,0.5,,,,,,Normal,0.5
WL.BPM.03,2026-10-09 04:15,0.63,,,,,,Alert,0.63
WL.BPM.04,2026-10-09 04:15,0.58,,,,,,Normal,0.58
WL.BPN.02,2026-10-09 04:15,0.15,,,,,,Normal,0.15
WL.BPU.01,2026-10-09 04:15,0.72,,,,,,Normal,0.73
WL.BSK.01,2026-10-09 04:15,0.39,1.29,,0.0,0.0,,Normal,0.39
WL.BSU.01,2026-10-09 04:15,-0.87,1.71,,0.0,0.0,0.0,Normal,-0.87
WL.BSU.02,2026-10-09 04:15,-0.79,,,,,,Normal,-0.79
WL.BSU.03,2026-10-09 04:15,-1.37,,,,,,Normal,-1.3
WL.BSU.04,2026-10-09 04:15,-1.1,,,,,,Normal,-1.1
WL.BSU.05,2026-10-09 04:15,-1.42,,,,,,Normal,-1.25
WL.BSU.06,2026-10-09 04:15,-0.79,,,,,,Normal,-0.79
WL.BSU.07,2026-10-09 04:15,-0.53,,,,,,Normal,-0.53
WL.BTL.01,2026-10-09 04:15,-0.53,,,,,,Normal,-0.51
WL.BTY.01,2026-10-09 04:15,0.22,,,,,,Normal,0.27
WL.BWK.01,2026-10-09 04:15,0.39,,,,,,Normal,0.39
WL.BWK.02,2026-10-09 04:15,0.59,,,,,,Normal,0.59
WL.BWK.03,2026-10-09 04:15,0.63,,,,,,Normal,0.63
WL.BYI.01,2026-10-09 04:15,1.0,,,,,,Critical,1.0
WL.BYK.02,2026-10-09 04:15,-0.01,,,,,,Normal,-0.01
WL.CKS.01,2026-10-09 04:15,-1.32,,,0.0,0.0,,Normal,-1.28
WL.CKS.02,2026-10-09 04:15,-0.95,,,,,,Normal,-0.95
WL.CNS.01,2026-10-09 04:15,-2.14,1.14,,0.0,0.0,,Normal,-1.23
WL.CPA.01,2026-10-09 04:15,0.47,1.47,,0.0,2.77,,Normal,0.47
WL.CPA.02,2026-10-09 04:15,0.36,,,,,,Normal,0.36
WL.CYI.01,2026-10-09 04:15,-0.67,,,,,,Normal,-0.64
WL.CYI.03,2026-10-09 04:15,-0.58,,,,,,Normal,-0.55
WL.DKN.01,2026-10-09 04:15,0.23,1.26,,6.3,0.0,6.3,Normal,0.23
WL.FTM.01,2026-10-09 04:15,-1.11,,,,,,Normal,-1.07
WL.HKG.01,2026-10-09 04:15,-0.82,,,,,,Normal,-0.77
WL.HKG.02,2026-10-09 04:15,-0.77,,,,,,Normal,-0.73
WL.HMK.01,2026-10-09 04:15,-0.02,,,,,,Alert,-0.01
WL.HMK.02,2026-10-09 04:15,-0.03,,,,,,Normal,-0.02
WL.HMK.03,2026-10-09 04:15,-0.02,,,,,,Normal,0.0
WL.JRN.01,2026-10-09 04:15,0.31,1.22,,0.0,,,Normal,0.31
WL.KBU.01,2026-10-09 04:15,0.58,1.32,,0.0,,,Normal,0.58
WL.KBU.02,2026-10-09 04:15,0.56,,,,,,Normal,0.56
WL.KDN.01,2026-10-09 04:15,-0.68,1.15,,0.0,,,Normal,-0.6
WL.KJA.01,2026-10-09 04:15,-0.89,,,,,,Normal,-0.88
WL.KJA.02,2026-10-09 04:15,-0.5,,,,,,Normal,-0.5
WL.KJG.01,2026-10-09 04:15,-0.56,,,,,,Normal,-0.18
WL.KJK.01,2026-10-09 04:15,-1.19,1.13,,0.0,0.0,,Normal,-1.19
WL.KJK.02,2026-10-09 04:15,-1.13,,,,,,Normal,-1.13
WL.KJN.02,2026-10-09 04:15,-0.24,,,,,,Normal,-0.18
WL.KJT.01,2026-10-09 04:15,-1.03,,,,,,Normal,-0.51
WL.KJU.01,2026-10-09 04:15,-0.51,,,,,,Normal,-0.38
WL.KKD.01,2026-10-09 04:15,-0.44,,,,,,Normal,-0.41
WL.KKD.02,2026-10-09 04:15,-0.53,,,,,,Normal,-0.51
WL.KKD.03,2026-10-09 04:15,-0.52,,,,,,Normal,-0.5
WL.KKO.01,2026-10-09 04:15,1.62,,,,,,Alert,1.62
WL.KKS.01,2026-10-09 04:15,-0.86,1.53,,0.0,0.0,,Normal,-0.76
WL.KKS.02,2026-10-09 04:15,-0.82,,,,,,Normal,-0.73
WL.KKS.03,2026-10-09 04:15,-0.91,,,,,,Normal,-0.82
WL.KKS.04,2026-10-09 04:15,-0.86,1.35,,0.0,,,Normal,-0.78
WL.KKY.01,2026-10-09 04:15,0.66,,,,,,Normal,0.66
WL.KKY.02,2026-10-09 04:15,0.67,,,,,,Normal,0.67
WL.KLA.01,2026-10-09 04:15,-0.14,,,,,,Alert,0.39
WL.KLD.01,2026-10-09 04:15,-0.27,,,,,,Normal,-0.27
WL.KLD.02,2026-10-09 04:15,-0.19,,,,,,Normal,-0.19
WL.KLT.01,2026-10-09 04:15,-0.77,,,,,,Normal,-0.73
WL.KMN.01,2026-10-09 04:15,0.34,1.44,,0.3,6.7,0.0,Normal,0.34
WL.KNB.02,2026-10-09 04:15,-0.36,,,,,,Normal,-0.36
WL.KPG.01,2026-10-09 04:15,-1.0,,,,,,Normal,-0.99
WL.KPM.01,2026-10-09 04:15,-0.29,,,,,,Normal,-0.25
WL.KPM.03,2026-10-09 04:15,-0.08,,,,,,Normal,-0.02
WL.KPM.05,2026-10-09 04:15,0.48,,,,,,Normal,0.53
WL.KPM.06,2026-10-09 04:15,0.47,,,,,,Normal,0.52
WL.KPM.08,2026-10-09 04:15,0.46,,,,,,Normal,0.53
WL.KSG.01,2026-10-09 04:15,0.74,,,,,,Normal,0.79
WL.KSI.01,2026-10-09 04:15,0.83,,,,,,Alert,0.84
WL.KSI.02,2026-10-09 04:15,0.84,,,,,,Critical,0.85
WL.KSK.01,2026-10-09 04:15,-0.58,,,,,,Normal,-0.56
WL.KSM.01,2026-10-09 04:15,0.84,,,,,,Critical,0.85
WL.KSM.02,2026-10-09 04:15,0.8,,,,,,Critical,0.81
WL.KSO.01,2026-10-09 04:15,0.74,,,,,,Normal,0.74
WL.KSO.02,2026-10-09 04:15,0.75,,,,,,Normal,0.75
WL.KTY.01,2026-10-09 04:15,-1.81,1.11,,0.0,,,Normal,-1.8
WL.LBK.02,2026-10-09 04:15,0.56,,,,,,Critical,0.58
WL.LBK.03,2026-10-09 04:15,0.48,,,,,,Critical,0.5
WL.LCL.01,2026-10-09 04:15,0.65,,,,,,Normal,0.67
WL.LKB.01,2026-10-09 04:15,0.72,,,,,,Critical,0.74
WL.LOA.01,2026-10-09 04:15,0.88,,,,,,Alert,0.89
WL.LOA.02,2026-10-09 04:15,0.83,,,,,,Normal,0.83
WL.LPC.01,2026-10-09 04:15,1.11,,,,,,Critical,1.12
WL.LPG.02,2026-10-09 04:15,1.02,1.75,,0.0,,,Critical,1.02
WL.LPG.03,2026-10-09 04:15,0.96,,,,,,Critical,0.97
WL.LPN.01,2026-10-09 04:15,-0.74,0.68,,0.01,,,Normal,-0.7
WL.LPP.01,2026-10-09 04:15,-0.99,,,,,,Normal,-0.95
WL.LPP.02,2026-10-09 04:15,-0.43,,,,,,Normal,
WL.LPT.03,2026-10-09 04:15,0.9,,,,,,Critical,0.91
WL.LPW.01,2026-10-09 04:15,-0.33,-0.39,,0.0,,,Normal,-0.33
WL.LPW.03,2026-10-09 04:15,0.22,,,,,,Normal,0.22
WL.LPW.05,2026-10-09 04:15,-0.68,,,,,,Normal,-0.65
WL.LSG.01,2026-10-09 04:15,-1.2,,,,,,Normal,-1.18
WL.LSM.01,2026-10-09 04:15,-0.58,,,,,,Normal,-0.57
WL.LYW.02,2026-10-09 04:15,-1.46,,,,,,Normal,-1.45
WL.MCM.01,2026-10-09 04:15,0.24,,,,,,Normal,0.24
WL.MFS.01,2026-10-09 04:15,-0.74,,,,,,Normal,-0.73
WL.MKT.01,2026-10-09 04:15,-0.27,,,,,,Normal,-0.27
WL.MSW.01,2026-10-09 04:15,1.41,,,,,,Normal,1.41
WL.MSW.02,2026-10-09 04:15,1.15,,,,,,Normal,1.16
WL.MSW.03,2026-10-09 04:15,1.36,,,,,,Normal,1.36
WL.MSW.04,2026-10-09 04:15,0.96,,,,,,Normal,
WL.MTG.01,2026-10-09 04:15,-0.7,,,,,,Normal,-0.7
WL.NBN.01,2026-10-09 04:15,-3.67,-1.35,,0.0,,,Normal,-3.58
WL.NCH.02,2026-10-09 04:15,-0.55,,,,,,Normal,-0.33
WL.NK1.01,2026-10-09 04:15,-0.14,,,,,,Normal,-0.14
WL.NK3.01,2026-10-09 04:15,-0.23,,,,,,Normal,-0.23
WL.NKW.02,2026-10-09 04:15,-0.3,,,,,,Normal,-0.3
WL.NSG.01,2026-10-09 04:15,-2.0,,,,,,Normal,-2.0
WL.OAG.01,2026-10-09 04:15,-0.91,,,,,,Normal,-0.82
WL.ORC.01,2026-10-09 04:15,-1.34,-0.78,,0.0,,,Normal,-1.34
WL.PKG.01,2026-10-09 04:15,1.41,,,,,,Normal,1.41
WL.PKN.01,2026-10-09 04:15,-0.88,1.22,,0.0,0.0,0.0,Normal,-0.88
WL.PLK.01,2026-10-09 04:15,0.81,,,,,,Normal,0.81
WL.PLP.01,2026-10-09 04:15,-0.38,,,,,,Normal,-0.38
WL.PNM.01,2026-10-09 04:15,0.37,,,,,,Critical,0.38
WL.PSC.01,2026-10-09 04:15,0.36,0.4,,0.0,0.0,0.0,Normal,0.36
WL.PSC.02,2026-10-09 04:15,0.33,,,,,,Normal,0.34
WL.PSC.03,2026-10-09 04:15,0.33,,,,,,Normal,0.33
WL.PSC.05,2026-10-09 04:15,0.41,,,,,,Normal,0.41
WL.PSI.01,2026-10-09 04:15,-1.36,,,,,,Normal,-1.27
WL.PSR.01,2026-10-09 04:15,1.11,1.8,,0.2,,,Critical,1.12
WL.PSR.02,2026-10-09 04:15,1.14,,,,,,Alert,1.15
WL.PSR.03,2026-10-09 04:15,1.12,,,,,,Alert,1.13
WL.PSR.04,2026-10-09 04:15,0.77,,,,,,Normal,0.78
WL.PSR.05,2026-10-09 04:15,0.8,,,,,,Critical,0.81
WL.PST.01,2026-10-09 04:15,-0.92,,,,,,Normal,-0.92
WL.PWT.01,2026-10-09 04:15,-0.6,,,,,,Normal,-0.58
WL.PWT.03,2026-10-09 04:15,0.25,0.26,,5.81,5.9,,Critical,0.27
WL.PWT.04,2026-10-09 04:15,0.58,0.61,,4.06,,,Critical,0.59
WL.PWT.06,2026-10-09 04:15,0.97,,,,,,Critical,0.98
WL.PWT.07,2026-10-09 04:15,0.95,,,,,,Critical,0.97
WL.PYW.01,2026-10-09 04:15,-0.77,,,,,,Normal,-0.77
WL.RHN.01,2026-10-09 04:15,-0.91,0.63,,0.0,,,Normal,-0.86
WL.RJK.01,2026-10-09 04:15,0.34,0.34,,7.5,,,Normal,0.35
WL.RMT.01,2026-10-09 04:15,-0.32,0.63,,0.0,0.0,,Normal,-0.32
WL.RMT.02,2026-10-09 04:15,-0.12,,,,,,Normal,-0.12
WL.RMT.03,2026-10-09 04:15,-2.0,,,,,,Normal,-2.0
WL.RSK.01,2026-10-09 04:15,0.42,,,,,,Normal,0.42
WL.SBR.01,2026-10-09 04:15,0.71,1.14,,0.0,,,Normal,0.71
WL.SBR.02,2026-10-09 04:15,0.64,,,,,,Normal,0.64
WL.SBT.01,2026-10-09 04:15,-0.16,0.12,,0.0,,,Normal,-0.16
WL.SCO.01,2026-10-09 04:15,0.28,,,,,,Normal,0.28
WL.SDN.01,2026-10-09 04:15,0.23,,,,,,Normal,0.23
WL.SKT.01,2026-10-09 04:15,-0.55,,,,,,Normal,-0.55
WL.SKT.02,2026-10-09 04:15,-0.59,,,,,,Normal,-0.59
WL.SMK.01,2026-10-09 04:15,-0.25,,,,,,Normal,-0.25
WL.SNC.01,2026-10-09 04:15,-0.16,0.74,,0.0,0.0,0.0,Normal,-0.16
WL.SNC.02,2026-10-09 04:15,0.28,,,,,,Normal,0.28
WL.SNC.03,2026-10-09 04:15,0.03,,,,,,Normal,0.03
WL.SNO.01,2026-10-09 04:15,-0.75,,,,,,Normal,-0.74
WL.SOL.01,2026-10-09 04:15,-0.64,,,,,,Normal,-0.62
WL.SRE.01,2026-10-09 04:15,-0.21,1.32,,0.0,0.0,,Normal,-0.21
WL.SRG.01,2026-10-09 04:15,-0.42,1.11,,0.0,0.0,0.0,Normal,-0.37
WL.SSB.01,2026-10-09 04:15,-0.9,,,,,,Normal,-0.81
WL.SSB.03,2026-10-09 04:15,-0.63,,,,,,Normal,-0.57
WL.SSB.04,2026-10-09 04:15,-0.68,-0.69,,7.5,7.5,,Normal,-0.64
WL.SSB.06,2026-10-09 04:15,-0.52,,,,,,Normal,-0.48
WL.SSB.07,2026-10-09 04:15,-0.12,,,,,,Normal,-0.07
WL.SSB.08,2026-10-09 04:15,0.29,,,,,,Normal,0.32
WL.SSB.09,2026-10-09 04:15,0.55,1.1,,0.0,,,Critical,0.58
WL.SSB.10,2026-10-09 04:15,0.71,1.18,,2.0,,,Critical,0.73
WL.SSB.11,2026-10-09 04:15,1.24,,,,,,Critical,1.25
WL.SSB.12,2026-10-09 04:15,1.18,1.5,,0.0,,,Critical,1.19
WL.SSG.01,2026-10-09 04:15,1.58,,,,,,Alert,1.58
WL.SSM.01,2026-10-09 04:15,1.29,-99,,0.0,,,Critical,1.3
WL.SSN.01,2026-10-09 04:15,-1.05,1.58,,7.0,0.0,0.0,Normal,-1.05
WL.SSN.02,2026-10-09 04:15,-1.83,,,,,,Normal,-1.82
WL.SSN.04,2026-10-09 04:15,-1.27,,,,,,Normal,-1.26
WL.SSN.06,2026-10-09 04:15,-1.77,,,,,,Normal,-1.77
WL.SSN.07,2026-10-09 04:15,-1.1,,,,,,Normal,-1.02
WL.SSN.08,2026-10-09 04:15,-0.71,-0.71,,0.0,,,Normal,-0.67
WL.SSN.09,2026-10-09 04:15,-0.73,,,,,,Normal,-0.69
WL.SSN.10,2026-10-09 04:15,-0.71,,,,,,Normal,-0.66
WL.SST.01,2026-10-09 04:15,0.88,1.77,,0.32,,,Alert,0.91
WL.STN.02,2026-10-09 04:15,0.64,,,,,,Critical,0.66
WL.STN.03,2026-10-09 04:15,0.7,,,,,,Critical,0.72
WL.STR.01,2026-10-09 04:15,-1.03,0.24,1.27,0.0,0.0,0.0,Normal,-1.0
WL.SWA.01,2026-10-09 04:15,0.84,1.34,,0.43,,,Critical,0.86
WL.SWU.01,2026-10-09 04:15,-1.08,,,,,,Normal,-1.08
WL.TCG.01,2026-10-09 04:15,-0.86,,,,,,Normal,-0.84
WL.TPK.02,2026-10-09 04:15,0.42,,,,,,Critical,0.44
WL.TPK.03,2026-10-09 04:15,0.5,,,,,,Critical,0.52
WL.TSK.01,2026-10-09 04:15,-1.81,,,,,,Normal,-1.8
WL.TTN.01,2026-10-09 04:15,-0.67,,,,,,Normal,-0.65
WL.TUT.02,2026-10-09 04:15,-0.37,,,,,,Normal,-0.37
WL.TWW.01,2026-10-09 04:15,0.76,1.06,,0.99,,,Normal,0.76
WL.TWW.02,2026-10-09 04:15,0.72,,,,,,Normal,0.72
WL.TWW.03,2026-10-09 04:15,0.7,,,,,,Critical,0.7
WL.TWW.04,2026-10-09 04:15,0.67,,,,,,Normal,0.68
WL.VPD.01,2026-10-09 04:15,-1.03,,,,,,Normal,-1.0
WL.VPD.02,2026-10-09 04:15,-1.0,,,,,,Normal,-0.96
WL.VPD.03,2026-10-09 04:15,-1.31,,,,,,Normal,-1.3
WL.VPV.01,2026-10-09 04:15,-1.78,,,0.0,,,Normal,-1.41
WL.WHK.01,2026-10-09 04:15,0.67,,,,,,Normal,0.77
WL.WKT.01,2026-10-09 04:15,0.54,,,,,,Normal,0.54
WL.WLS.01,2026-10-09 04:15,0.54,,,,,,Normal,0.6
WL.WSI.01,2026-10-09 04:15,-0.56,1.23,,0.0,0.0,0.0,Normal,-0.56
WL.WSV.01,2026-10-09 04:15,0.19,,,,,,Normal,0.19
WL.WTK.01,2026-10-09 04:15,-0.58,,,,,,Normal,-0.58
WL.WTN.02,2026-10-09 04:15,-1.15,,,,,,Normal,-1.1
WL.YPE.01,2026-10-09 04:15,0.36,,,,,,Normal,0.36
WL.YPN.01,2026-10-09 04:15,-0.52,,,,,,Normal,-0.51
WL.YPN.02,2026-10-09 04:15,-0.58,,,,,,Normal,-0.57
WL.YSN.02,2026-10-09 04:15,-1.03,,,,,,Normal,-0.95
WL.KPM.04,2026-10-09 04:25,0.35,,,,,,Normal,0.49
WL.KKD.04,2026-10-09 04:35,-0.47,,,,,,Normal,-0.45
WL.BMK.01,2026-10-09 04:55,-1.62,,,,,,temporarily out of order,-1.29
WL.AJP.01,2026-10-09 05:00,-1.07,,,,,,backfill,
WL.ANX.01,2026-10-09 05:00,-0.18,,,,,,backfill,
WL.BAM.01,2026-10-09 05:00,0.23,,,,,,backfill,
WL.BBN.01,2026-10-09 05:00,,,,,,,backfill,
WL.BBN.02,2026-10-09 05:00,0.10,,,,,,backfill,
WL.BBN.03,2026-10-09 05:00,0.35,,,,,,backfill,
WL.BBR.01,2026-10-09 05:00,0.06,,,,,,backfill,
WL.BBR.02,2026-10-09 05:00,0.01,,,,,,backfill,
WL.BBU.01,2026-10-09 05:00,0.46,,,,,,backfill,
WL.BCN.01,2026-10-09 05:00,0.51,,,,,,backfill,
WL.BCN.02,2026-10-09 05:00,0.50,,,,,,backfill,
WL.BCN.03,2026-10-09 05:00,0.57,,,,,,backfill,
WL.BJK.01,2026-10-09 05:00,-1.14,1.11,,,,,backfill,
WL.BJK.02,2026-10-09 05:00,0.46,,,,,,backfill,
WL.BJK.03,2026-10-09 05:00,0.44,,,,,,backfill,
WL.BJK.04,2026-10-09 05:00,0.49,,,,,,backfill,
WL.BKA.01,2026-10-09 05:00,-1.43,1.81,,,,,backfill,
WL.BKA.02,2026-10-09 05:00,-0.80,,,,,,backfill,
WL.BKA.03,2026-10-09 05:00,-0.35,,,,,,backfill,
WL.BKA.04,2026-10-09 05:00,0.08,,,,,,backfill,
WL.BKB.01,2026-10-09 05:00,-0.35,,,,,,backfill,
WL.BKG.01,2026-10-09 05:00,0.66,-2.00,,,,,backfill,
WL.BKT.01,2026-10-09 05:00,-0.29,,,,,,backfill,
WL.BKY.01,2026-10-09 05:00,0.37,1.55,,,,,backfill,
WL.BKY.02,2026-10-09 05:00,0.45,,,,,,backfill,
WL.BLP.02,2026-10-09 05:00,-0.86,,,,,,backfill,
WL.BLY.01,2026-10-09 05:00,-0.46,,,,,,backfill,
WL.BLY.02,2026-10-09 05:00,-0.54,,,,,,backfill,
WL.BMA.02,2026-10-09 05:00,0.04,,,,,,backfill,
WL.BMK.01,2026-10-09 05:00,-1.62,,,,,,backfill,
WL.BNA.01,2026-10-09 05:00,-1.33,1.05,,,,,backfill,
WL.BNA.02,2026-10-09 05:00,,,,,,,backfill,
WL.BNA.03,2026-10-09 05:00,-0.58,,,,,,backfill,
WL.BNA.04,2026-10-09 05:00,-0.45,,,,,,backfill,
WL.BNJ.01,2026-10-09 05:00,,,,,,,backfill,
WL.BNJ.02,2026-10-09 05:00,-2.50,,,,,,backfill,
WL.BNJ.03,2026-10-09 05:00,,,,,,,backfill,
WL.BNJ.04,2026-10-09 05:00,-1.14,,,,,,backfill,
WL.BNS.01,2026-10-09 05:00,0.51,,,,,,backfill,
WL.BOA.01,2026-10-09 05:00,-1.22,1.17,,,,,backfill,
WL.BOA.02,2026-10-09 05:00,-1.08,,,,,,backfill,
WL.BOA.03,2026-10-09 05:00,-1.22,,,,,,backfill,
WL.BON.01,2026-10-09 05:00,-1.13,,,,,,backfill,
WL.BPA.01,2026-10-09 05:00,-0.58,,,,,,backfill,
WL.BPK.01,2026-10-09 05:00,0.15,,,,,,backfill,
WL.BPM.01,2026-10-09 05:00,0.45,,,,,,backfill,
WL.BPM.02,2026-10-09 05:00,0.50,,,,,,backfill,
WL.BPM.03,2026-10-09 05:00,0.63,,,,,,backfill,
WL.BPM.04,2026-10-09 05:00,0.58,,,,,,backfill,
WL.BPN.02,2026-10-09 05:00,0.15,,,,,,backfill,
WL.BPU.01,2026-10-09 05:00,0.57,,,,,,backfill,
WL.BSK.01,2026-10-09 05:00,0.42,1.32,,,,,backfill,
WL.BSU.01,2026-10-09 05:00,-0.86,1.78,,,,,backfill,
WL.BSU.02,2026-10-09 05:00,-0.78,,,,,,backfill,
WL.BSU.03,2026-10-09 05:00,-1.39,,,,,,backfill,
WL.BSU.04,2026-10-09 05:00,-1.10,,,,,,backfill,
WL.BSU.05,2026-10-09 05:00,-1.45,,,,,,backfill,
WL.BSU.06,2026-10-09 05:00,-0.77,,,,,,backfill,
WL.BSU.07,2026-10-09 05:00,-0.52,,,,,,backfill,
WL.BTL.01,2026-10-09 05:00,-0.99,,,,,,backfill,
WL.BTY.01,2026-10-09 05:00,0.30,,,,,,backfill,
WL.BWK.01,2026-10-09 05:00,0.39,,,,,,backfill,
WL.BWK.02,2026-10-09 05:00,0.59,,,,,,backfill,
WL.BWK.03,2026-10-09 05:00,0.64,,,,,,backfill,
WL.BYI.01,2026-10-09 05:00,1.00,,,,,,backfill,
WL.BYK.01,2026-10-09 05:00,,,,,,,backfill,
WL.BYK.02,2026-10-09 05:00,0.04,,,,,,backfill,
WL.CKS.01,2026-10-09 05:00,-1.32,,,,,,backfill,
WL.CKS.02,2026-10-09 05:00,-0.96,,,,,,backfill,
WL.CKS.03,2026-10-09 05:00,,,,,,,backfill,
WL.CNS.01,2026-10-09 05:00,-1.86,1.13,,,,,backfill,
WL.CPA.01,2026-10-09 05:00,0.47,1.55,,,,,backfill,
WL.CPA.02,2026-10-09 05:00,0.36,,,,,,backfill,
WL.CYI.01,2026-10-09 05:00,-0.67,,,,,,backfill,
WL.CYI.02,2026-10-09 05:00,-0.65,,,,,,backfill,
WL.CYI.03,2026-10-09 05:00,-0.58,,,,,,backfill,
WL.DKN.01,2026-10-09 05:00,0.23,1.28,,,,,backfill,
WL.FTM.01,2026-10-09 05:00,-1.12,,,,,,backfill,
WL.HKG.01,2026-10-09 05:00,-0.83,,,,,,backfill,
WL.HKG.02,2026-10-09 05:00,-0.77,,,,,,backfill,
WL.HMK.01,2026-10-09 05:00,-0.03,,,,,,backfill,
WL.HMK.02,2026-10-09 05:00,-0.03,,,,,,backfill,
WL.HMK.03,2026-10-09 05:00,-0.02,,,,,,backfill,
WL.JKK.01,2026-10-09 05:00,,,,,,,backfill,
WL.JRN.01,2026-10-09 05:00,0.32,1.21,,,,,backfill,
WL.KBU.01,2026-10-09 05:00,0.58,1.40,,,,,backfill,
WL.KBU.02,2026-10-09 05:00,0.56,,,,,,backfill,
WL.KCD.01,2026-10-09 05:00,-1.03,,,,,,backfill,
WL.KDN.01,2026-10-09 05:00,-0.67,1.13,,,,,backfill,
WL.KJA.01,2026-10-09 05:00,-0.87,,,,,,backfill,
WL.KJA.02,2026-10-09 05:00,-0.49,,,,,,backfill,
WL.KJG.01,2026-10-09 05:00,-0.55,,,,,,backfill,
WL.KJK.01,2026-10-09 05:00,-1.34,1.12,,,,,backfill,
WL.KJK.02,2026-10-09 05:00,-1.11,,,,,,backfill,
WL.KJN.01,2026-10-09 05:00,,,,,,,backfill,
WL.KJN.02,2026-10-09 05:00,-0.24,,,,,,backfill,
WL.KJT.01,2026-10-09 05:00,-1.09,,,,,,backfill,
WL.KJU.01,2026-10-09 05:00,-0.69,,,,,,backfill,
WL.KKD.01,2026-10-09 05:00,-0.44,,,,,,backfill,
WL.KKD.02,2026-10-09 05:00,-0.53,,,,,,backfill,
WL.KKD.03,2026-10-09 05:00,-0.52,,,,,,backfill,
WL.KKD.04,2026-10-09 05:00,-0.47,,,,,,backfill,
WL.KKO.01,2026-10-09 05:00,1.62,,,,,,backfill,
WL.KKS.01,2026-10-09 05:00,-0.85,1.60,,,,,backfill,
WL.KKS.02,2026-10-09 05:00,-0.82,,,,,,backfill,
WL.KKS.03,2026-10-09 05:00,-0.91,,,,,,backfill,
WL.KKS.04,2026-10-09 05:00,-0.86,1.42,,,,,backfill,
WL.KKY.01,2026-10-09 05:00,0.66,,,,,,backfill,
WL.KKY.02,2026-10-09 05:00,0.67,,,,,,backfill,
WL.KLA.01,2026-10-09 05:00,-0.14,,,,,,backfill,
WL.KLD.01,2026-10-09 05:00,-0.41,,,,,,backfill,
WL.KLD.02,2026-10-09 05:00,-0.32,,,,,,backfill,
WL.KLT.01,2026-10-09 05:00,-0.76,,,,,,backfill,
WL.KMN.01,2026-10-09 05:00,0.34,1.52,,,,,backfill,
WL.KNB.01,2026-10-09 05:00,,,,,,,backfill,
WL.KNB.02,2026-10-09 05:00,-0.36,,,,,,backfill,
WL.KPG.01,2026-10-09 05:00,-1.00,,,,,,backfill,
WL.KPM.01,2026-10-09 05:00,-0.30,,,,,,backfill,
WL.KPM.03,2026-10-09 05:00,-0.11,,,,,,backfill,
WL.KPM.04,2026-10-09 05:00,0.32,,,,,,backfill,
WL.KPM.05,2026-10-09 05:00,0.45,,,,,,backfill,
WL.KPM.06,2026-10-09 05:00,0.45,,,,,,backfill,
WL.KPM.08,2026-10-09 05:00,0.43,,,,,,backfill,
WL.KPM.09,2026-10-09 05:00,,,,,,,backfill,
WL.KSG.01,2026-10-09 05:00,0.74,,,,,,backfill,
WL.KSI.01,2026-10-09 05:00,0.83,,,,,,backfill,
WL.KSI.02,2026-10-09 05:00,0.84,,,,,,backfill,
WL.KSK.01,2026-10-09 05:00,-0.58,,,,,,backfill,
WL.KSM.01,2026-10-09 05:00,0.84,,,,,,backfill,
WL.KSM.02,2026-10-09 05:00,0.79,,,,,,backfill,
WL.KSO.01,2026-10-09 05:00,0.74,,,,,,backfill,
WL.KSO.02,2026-10-09 05:00,0.75,,,,,,backfill,
WL.KT4.01,2026-10-09 05:00,,,,,,,backfill,
WL.KTY.01,2026-10-09 05:00,-1.77,1.09,,,,,backfill,
WL.LBK.02,2026-10-09 05:00,0.56,,,,,,backfill,
WL.LBK.03,2026-10-09 05:00,0.48,,,,,,backfill,
WL.LCL.01,2026-10-09 05:00,0.64,,,,,,backfill,
WL.LCL.02,2026-10-09 05:00,,,,,,,backfill,
WL.LKB.01,2026-10-09 05:00,0.72,,,,,,backfill,
WL.LOA.01,2026-10-09 05:00,0.89,,,,,,backfill,
WL.LOA.02,2026-10-09 05:00,0.83,,,,,,backfill,
WL.LPC.01,2026-10-09 05:00,1.11,,,,,,backfill,
WL.LPG.02,2026-10-09 05:00,1.02,1.75,,,,,backfill,
WL.LPG.03,2026-10-09 05:00,0.96,,,,,,backfill,
WL.LPI.02,2026-10-09 05:00,,,,,,,backfill,
WL.LPN.01,2026-10-09 05:00,-0.72,0.73,,,,,backfill,
WL.LPP.01,2026-10-09 05:00,-1.00,,,,,,backfill,
WL.LPT.01,2026-10-09 05:00,,,,,,,backfill,
WL.LPT.03,2026-10-09 05:00,0.90,,,,,,backfill,
WL.LPW.01,2026-10-09 05:00,-0.29,-0.36,,,,,backfill,
WL.LPW.03,2026-10-09 05:00,0.23,,,,,,backfill,
WL.LPW.04,2026-10-09 05:00,,,,,,,backfill,
WL.LPW.05,2026-10-09 05:00,-0.67,,,,,,backfill,
WL.LSG.01,2026-10-09 05:00,-1.21,,,,,,backfill,
WL.LSM.01,2026-10-09 05:00,-0.59,,,,,,backfill,
WL.LYW.01,2026-10-09 05:00,,,,,,,backfill,
WL.LYW.02,2026-10-09 05:00,-1.46,,,,,,backfill,
WL.MCM.01,2026-10-09 05:00,0.24,,,,,,backfill,
WL.MFS.01,2026-10-09 05:00,-0.74,,,,,,backfill,
WL.MKT.01,2026-10-09 05:00,-0.27,,,,,,backfill,
WL.MSW.01,2026-10-09 05:00,1.48,,,,,,backfill,
WL.MSW.02,2026-10-09 05:00,1.15,,,,,,backfill,
WL.MSW.03,2026-10-09 05:00,-1.60,,,,,,backfill,
WL.MTG.01,2026-10-09 05:00,-0.69,,,,,,backfill,
WL.NBN.01,2026-10-09 05:00,-3.68,-1.35,,,,,backfill,
WL.NCH.02,2026-10-09 05:00,-0.58,,,,,,backfill,
WL.NK1.01,2026-10-09 05:00,-0.09,,,,,,backfill,
WL.NK3.01,2026-10-09 05:00,-0.20,,,,,,backfill,
WL.NKW.02,2026-10-09 05:00,-0.28,,,,,,backfill,
WL.NSG.01,2026-10-09 05:00,-2.00,,,,,,backfill,
WL.OAG.01,2026-10-09 05:00,-0.91,,,,,,backfill,
WL.ORC.01,2026-10-09 05:00,-1.34,-0.78,,,,,backfill,
WL.PKG.01,2026-10-09 05:00,1.48,,,,,,backfill,
WL.PKN.01,2026-10-09 05:00,-0.87,1.20,,,,,backfill,
WL.PLK.01,2026-10-09 05:00,0.73,,,,,,backfill,
WL.PLP.01,2026-10-09 05:00,-0.38,,,,,,backfill,
WL.PNM.01,2026-10-09 05:00,0.37,,,,,,backfill,
WL.PSC.01,2026-10-09 05:00,0.37,0.41,,,,,backfill,
WL.PSC.02,2026-10-09 05:00,0.34,,,,,,backfill,
WL.PSC.03,2026-10-09 05:00,0.34,,,,,,backfill,
WL.PSC.05,2026-10-09 05:00,0.41,,,,,,backfill,
WL.PSI.01,2026-10-09 05:00,-1.69,,,,,,backfill,
WL.PSR.01,2026-10-09 05:00,1.10,1.80,,,,,backfill,
WL.PSR.02,2026-10-09 05:00,1.14,,,,,,backfill,
WL.PSR.03,2026-10-09 05:00,1.11,,,,,,backfill,
WL.PSR.04,2026-10-09 05:00,0.76,,,,,,backfill,
WL.PSR.05,2026-10-09 05:00,0.79,,,,,,backfill,
WL.PSR.06,2026-10-09 05:00,0.71,,,,,,backfill,
WL.PST.01,2026-10-09 05:00,-0.92,,,,,,backfill,
WL.PWT.01,2026-10-09 05:00,-0.60,,,,,,backfill,
WL.PWT.02,2026-10-09 05:00,0.00,,,,,,backfill,
WL.PWT.03,2026-10-09 05:00,0.25,0.26,,,,,backfill,
WL.PWT.04,2026-10-09 05:00,0.57,0.61,,,,,backfill,
WL.PWT.05,2026-10-09 05:00,,,,,,,backfill,
WL.PWT.06,2026-10-09 05:00,0.97,,,,,,backfill,
WL.PWT.07,2026-10-09 05:00,0.95,,,,,,backfill,
WL.PYW.01,2026-10-09 05:00,-0.74,,,,,,backfill,
WL.RHN.01,2026-10-09 05:00,-0.92,0.67,,,,,backfill,
WL.RJK.01,2026-10-09 05:00,0.34,0.34,,,,,backfill,
WL.RKC.01,2026-10-09 05:00,,,,,,,backfill,
WL.RMT.01,2026-10-09 05:00,-0.42,0.71,,,,,backfill,
WL.RMT.02,2026-10-09 05:00,-0.09,,,,,,backfill,
WL.RSK.01,2026-10-09 05:00,0.42,,,,,,backfill,
WL.SBR.01,2026-10-09 05:00,0.71,1.14,,,,,backfill,
WL.SBR.02,2026-10-09 05:00,0.64,,,,,,backfill,
WL.SBT.01,2026-10-09 05:00,-0.11,0.12,,,,,backfill,
WL.SCO.01,2026-10-09 05:00,0.29,,,,,,backfill,
WL.SDN.01,2026-10-09 05:00,0.23,,,,,,backfill,
WL.SKG.01,2026-10-09 05:00,,,,,,,backfill,
WL.SKT.01,2026-10-09 05:00,-0.67,,,,,,backfill,
WL.SKT.02,2026-10-09 05:00,-0.69,,,,,,backfill,
WL.SLL.01,2026-10-09 05:00,,,,,,,backfill,
WL.SMK.01,2026-10-09 05:00,-0.25,,,,,,backfill,
WL.SNC.01,2026-10-09 05:00,-0.26,0.81,,,,,backfill,
WL.SNC.02,2026-10-09 05:00,0.27,,,,,,backfill,
WL.SNC.03,2026-10-09 05:00,0.03,,,,,,backfill,
WL.SNO.01,2026-10-09 05:00,-0.79,,,,,,backfill,
WL.SOL.01,2026-10-09 05:00,-0.64,,,,,,backfill,
WL.SRE.01,2026-10-09 05:00,-0.14,1.36,,,,,backfill,
WL.SRG.01,2026-10-09 05:00,-0.43,1.14,,,,,backfill,
WL.SSB.01,2026-10-09 05:00,-0.89,,,,,,backfill,
WL.SSB.03,2026-10-09 05:00,-0.63,,,,,,backfill,
WL.SSB.04,2026-10-09 05:00,-0.67,-0.68,,,,,backfill,
WL.SSB.06,2026-10-09 05:00,-0.53,,,,,,backfill,
WL.SSB.07,2026-10-09 05:00,-0.11,,,,,,backfill,
WL.SSB.08,2026-10-09 05:00,0.30,,,,,,backfill,
WL.SSB.10,2026-10-09 05:00,0.71,1.18,,,,,backfill,
WL.SSB.11,2026-10-09 05:00,1.24,,,,,,backfill,
WL.SSB.12,2026-10-09 05:00,1.19,1.50,,,,,backfill,
WL.SSG.01,2026-10-09 05:00,1.58,,,,,,backfill,
WL.SSM.01,2026-10-09 05:00,1.29,,,,,,backfill,
WL.SSN.01,2026-10-09 05:00,-1.06,1.66,,,,,backfill,
WL.SSN.02,2026-10-09 05:00,-1.79,,,,,,backfill,
WL.SSN.04,2026-10-09 05:00,-1.23,,,,,,backfill,
WL.SSN.06,2026-10-09 05:00,-1.77,,,,,,backfill,
WL.SSN.07,2026-10-09 05:00,-1.10,,,,,,backfill,
WL.SSN.08,2026-10-09 05:00,-0.70,-0.70,,,,,backfill,
WL.SSN.09,2026-10-09 05:00,-0.73,,,,,,backfill,
WL.SSN.10,2026-10-09 05:00,-0.70,,,,,,backfill,
WL.SST.01,2026-10-09 05:00,0.87,1.77,,,,,backfill,
WL.STN.01,2026-10-09 05:00,0.52,,,,,,backfill,
WL.STN.02,2026-10-09 05:00,0.64,,,,,,backfill,
WL.STN.03,2026-10-09 05:00,0.70,,,,,,backfill,
WL.STR.01,2026-10-09 05:00,-1.03,0.24,1.33,,,,backfill,
WL.SWA.01,2026-10-09 05:00,0.84,1.34,,,,,backfill,
WL.SWU.01,2026-10-09 05:00,-1.05,,,,,,backfill,
WL.TCG.01,2026-10-09 05:00,-0.86,,,,,,backfill,
WL.TPK.02,2026-10-09 05:00,0.42,,,,,,backfill,
WL.TPK.03,2026-10-09 05:00,0.50,,,,,,backfill,
WL.TSK.01,2026-10-09 05:00,-1.81,,,,,,backfill,
WL.TTN.01,2026-10-09 05:00,-0.67,,,,,,backfill,
WL.TUT.02,2026-10-09 05:00,-0.33,,,,,,backfill,
WL.TWW.01,2026-10-09 05:00,0.76,1.06,,,,,backfill,
WL.TWW.02,2026-10-09 05:00,0.72,,,,,,backfill,
WL.TWW.03,2026-10-09 05:00,0.70,,,,,,backfill,
WL.TWW.04,2026-10-09 05:00,0.68,,,,,,backfill,
WL.TWW.05,2026-10-09 05:00,0.43,,,,,,backfill,
WL.VPD.01,2026-10-09 05:00,-1.04,,,,,,backfill,
WL.VPD.02,2026-10-09 05:00,-1.00,,,,,,backfill,
WL.VPD.03,2026-10-09 05:00,-1.31,,,,,,backfill,
WL.VPV.01,2026-10-09 05:00,-2.34,,,,,,backfill,
WL.WHK.01,2026-10-09 05:00,0.72,,,,,,backfill,
WL.WKT.01,2026-10-09 05:00,0.54,,,,,,backfill,
WL.WLS.01,2026-10-09 05:00,0.53,,,,,,backfill,
WL.WSI.01,2026-10-09 05:00,-0.68,1.25,,,,,backfill,
WL.WSV.01,2026-10-09 05:00,0.20,,,,,,backfill,
WL.WTK.01,2026-10-09 05:00,-0.57,,,,,,backfill,
WL.WTN.02,2026-10-09 05:00,-1.15,,,,,,backfill,
WL.YPE.01,2026-10-09 05:00,0.37,,,,,,backfill,
WL.YPN.01,2026-10-09 05:00,-0.53,,,,,,backfill,
WL.YPN.02,2026-10-09 05:00,-0.85,,,,,,backfill,
WL.YSN.02,2026-10-09 05:00,-1.04,,,,,,backfill,
WL.ANG.01,2026-10-09 05:10,0.99,,,,,,Normal,
WL.BBU.02,2026-10-09 05:10,0.5,,,,,,Normal,
WL.BKH.01,2026-10-09 05:10,0.04,,,,,,Normal,
WL.BKT.01,2026-10-09 05:10,-0.29,,,,,,Normal,-0.29
WL.BMD.01,2026-10-09 05:10,0.45,,,,,,Normal,
WL.BNJ.05,2026-10-09 05:10,-2.25,,,,,,Normal,
WL.BSE.01,2026-10-09 05:10,-1.59,,,,,,Normal,
WL.BTL.02,2026-10-09 05:10,-0.09,,,,,,Normal,
WL.CLH.01,2026-10-09 05:10,-0.35,,,,,,Normal,
WL.CYI.02,2026-10-09 05:10,-0.65,,,,,,Normal,-0.62
WL.K08.01,2026-10-09 05:10,1.56,,,,,,Alert,
WL.K10.01,2026-10-09 05:10,1.63,,,,,,Alert,
WL.K11.01,2026-10-09 05:10,1.58,,,,,,Alert,
WL.KBP.01,2026-10-09 05:10,-0.37,,,,,,Normal,
WL.KHW.01,2026-10-09 05:10,1.72,,,,,,Normal,
WL.KKO.02,2026-10-09 05:10,1.57,,,,,,Alert,
WL.KPM.07,2026-10-09 05:10,0.5,,,,,,Normal,
WL.LBK.03,2026-10-09 05:10,0.48,,,,,,Critical,0.5
WL.LPS.01,2026-10-09 05:10,0.83,,,,,,Normal,
WL.LPT.05,2026-10-09 05:10,1.26,,,,,,Normal,
WL.MKT.02,2026-10-09 05:10,-0.81,,,,,,Normal,
WL.NK3.02,2026-10-09 05:10,-0.15,,,,,,Normal,
WL.POC.01,2026-10-09 05:10,1.46,,,,,,Normal,
WL.PSC.06,2026-10-09 05:10,0.49,,,,,,Normal,
WL.PSR.06,2026-10-09 05:10,0.71,,,,,,out of order,0.71
WL.RPS.01,2026-10-09 05:10,2.03,,,,,,Alert,
WL.SSB.13,2026-10-09 05:10,1.89,,,,,,Critical,
WL.SSG.02,2026-10-09 05:10,1.57,,,,,,Alert,
WL.STN.01,2026-10-09 05:10,0.52,,,,,,Alert,0.53
WL.SWA.02,2026-10-09 05:10,1.49,,,,,,Normal,
WL.AJP.01,2026-10-09 05:15,-1.07,,,,,,Normal,-0.9
WL.ANX.01,2026-10-09 05:15,-0.01,,,,,,Normal,0.02
WL.BAM.01,2026-10-09 05:15,0.24,,,,,,Normal,0.4
WL.BBN.02,2026-10-09 05:15,0.1,,,,,,Normal,0.1
WL.BBN.03,2026-10-09 05:15,0.35,,,,,,Normal,0.35
WL.BBR.01,2026-10-09 05:15,0.07,,,,,,Normal,0.07
WL.BBR.02,2026-10-09 05:15,0.03,,,,,,Normal,0.03
WL.BBU.01,2026-10-09 05:15,0.46,,,,,,Normal,0.5
WL.BCN.01,2026-10-09 05:15,0.51,,,,,,Normal,0.51
WL.BCN.02,2026-10-09 05:15,0.5,,,,,,Normal,0.5
WL.BCN.03,2026-10-09 05:15,0.57,,,,,,Normal,0.57
WL.BJK.01,2026-10-09 05:15,-1.13,1.1,,0.0,0.0,,Normal,-1.06
WL.BJK.02,2026-10-09 05:15,0.46,,,,,,Normal,0.46
WL.BJK.03,2026-10-09 05:15,0.44,,,,,,Normal,0.44
WL.BJK.04,2026-10-09 05:15,0.49,,,,,,Normal,0.49
WL.BKA.01,2026-10-09 05:15,-1.41,1.82,,1.73,1.75,0.0,Normal,-1.24
WL.BKA.02,2026-10-09 05:15,-0.8,,,,,,Normal,-0.69
WL.BKA.03,2026-10-09 05:15,-0.36,,,,,,Normal,-0.27
WL.BKA.04,2026-10-09 05:15,0.08,,,,,,Normal,0.16
WL.BKB.01,2026-10-09 05:15,-0.35,,,,,,Normal,-0.35
WL.BKG.01,2026-10-09 05:15,0.66,-2.0,,0.0,,,Critical,0.68
WL.BKK.01,2026-10-09 05:15,0.49,,,,,,Normal,
WL.BKY.01,2026-10-09 05:15,0.38,1.49,,8.22,0.0,0.0,Normal,0.38
WL.BKY.02,2026-10-09 05:15,0.45,,,,,,Normal,0.45
WL.BLP.02,2026-10-09 05:15,-0.86,,,,,,Normal,-0.77
WL.BLY.01,2026-10-09 05:15,-0.46,,,,,,Normal,-0.43
WL.BLY.02,2026-10-09 05:15,-0.54,,,,,,Normal,-0.52
WL.BMA.02,2026-10-09 05:15,0.06,,,,,,Normal,0.08
WL.BNA.01,2026-10-09 05:15,-1.36,1.04,,0.0,0.0,,Normal,-1.15
WL.BNA.03,2026-10-09 05:15,-0.58,,,,,,Normal,-0.55
WL.BNA.04,2026-10-09 05:15,-0.45,,,,,,Normal,-0.42
WL.BNJ.02,2026-10-09 05:15,-2.59,,,,,,Normal,-1.16
WL.BNJ.04,2026-10-09 05:15,-1.15,,,,,,Normal,-1.05
WL.BNS.01,2026-10-09 05:15,0.51,,,,,,Normal,0.51
WL.BOA.01,2026-10-09 05:15,-1.3,1.17,,0.0,0.0,,Normal,-1.05
WL.BOA.02,2026-10-09 05:15,-1.09,,,,,,Normal,-1.02
WL.BOA.03,2026-10-09 05:15,-1.3,,,,,,Normal,-1.12
WL.BON.01,2026-10-09 05:15,-1.17,,,,,,Normal,-1.04
WL.BPA.01,2026-10-09 05:15,-0.58,,,,,,Normal,-0.55
WL.BPK.01,2026-10-09 05:15,0.15,,,,,,Normal,0.16
WL.BPM.01,2026-10-09 05:15,0.45,,,,,,Normal,0.45
WL.BPM.02,2026-10-09 05:15,0.5,,,,,,Normal,0.5
WL.BPM.03,2026-10-09 05:15,0.63,,,,,,Alert,0.63
WL.BPM.04,2026-10-09 05:15,0.58,,,,,,Normal,0.58
WL.BPN.02,2026-10-09 05:15,0.15,,,,,,Normal,0.15
WL.BPU.01,2026-10-09 05:15,0.51,,,,,,Normal,0.73
WL.BSK.01,2026-10-09 05:15,0.2,1.29,,0.0,0.0,,Normal,0.42
WL.BSU.01,2026-10-09 05:15,-0.86,1.79,,0.0,0.0,0.0,Normal,-0.86
WL.BSU.02,2026-10-09 05:15,-0.78,,,,,,Normal,-0.78
WL.BSU.03,2026-10-09 05:15,-1.4,,,,,,Normal,-1.3
WL.BSU.04,2026-10-09 05:15,-1.1,,,,,,Normal,-1.1
WL.BSU.05,2026-10-09 05:15,-1.45,,,,,,Normal,-1.25
WL.BSU.06,2026-10-09 05:15,-0.77,,,,,,Normal,-0.77
WL.BSU.07,2026-10-09 05:15,-0.53,,,,,,Normal,-0.52
WL.BTL.01,2026-10-09 05:15,-0.95,,,,,,Normal,-0.51
WL.BTY.01,2026-10-09 05:15,0.29,,,,,,Normal,0.31
WL.BWK.01,2026-10-09 05:15,0.39,,,,,,Normal,0.39
WL.BWK.02,2026-10-09 05:15,0.59,,,,,,Normal,0.59
WL.BWK.03,2026-10-09 05:15,0.64,,,,,,Normal,0.64
WL.BYI.01,2026-10-09 05:15,1.0,,,,,,Critical,1.0
WL.BYK.02,2026-10-09 05:15,0.05,,,,,,Normal,0.05
WL.CKS.01,2026-10-09 05:15,-1.32,,,0.0,0.0,,Normal,-1.28
WL.CKS.02,2026-10-09 05:15,-0.97,,,,,,Normal,-0.95
WL.CNS.01,2026-10-09 05:15,-1.79,1.12,,0.0,0.0,,Normal,-1.23
WL.CPA.01,2026-10-09 05:15,0.47,1.56,,0.0,2.77,,Normal,0.47
WL.CPA.02,2026-10-09 05:15,0.36,,,,,,Normal,0.36
WL.CYI.01,2026-10-09 05:15,-0.67,,,,,,Normal,-0.64
WL.CYI.03,2026-10-09 05:15,-0.57,,,,,,Normal,-0.55
WL.DKN.01,2026-10-09 05:15,0.23,1.25,,6.3,0.0,6.3,Normal,0.23
WL.FTM.01,2026-10-09 05:15,-1.12,,,,,,Normal,-1.07
WL.HKG.01,2026-10-09 05:15,-0.83,,,,,,Normal,-0.77
WL.HKG.02,2026-10-09 05:15,-0.77,,,,,,Normal,-0.73
WL.HMK.01,2026-10-09 05:15,-0.03,,,,,,Alert,-0.01
WL.HMK.02,2026-10-09 05:15,-0.04,,,,,,Normal,-0.02
WL.HMK.03,2026-10-09 05:15,-0.02,,,,,,Normal,0.0
WL.JRN.01,2026-10-09 05:15,0.33,1.19,,0.0,,,Normal,0.33
WL.KBU.01,2026-10-09 05:15,0.58,1.42,,0.0,,,Normal,0.58
WL.KBU.02,2026-10-09 05:15,0.56,,,,,,Normal,0.56
WL.KCD.01,2026-10-09 05:15,-1.03,,,,,,Normal,-1.0
WL.KDN.01,2026-10-09 05:15,-0.67,1.12,,0.0,,,Normal,-0.6
WL.KJA.01,2026-10-09 05:15,-0.9,,,,,,Normal,-0.85
WL.KJA.02,2026-10-09 05:15,-0.53,,,,,,Normal,-0.49
WL.KJG.01,2026-10-09 05:15,-0.61,,,,,,Normal,-0.18
WL.KJK.01,2026-10-09 05:15,-1.34,1.12,,0.0,0.0,,Normal,-1.17
WL.KJK.02,2026-10-09 05:15,-1.34,,,,,,Normal,-1.11
WL.KJN.02,2026-10-09 05:15,-0.24,,,,,,Normal,-0.18
WL.KJT.01,2026-10-09 05:15,-1.11,,,,,,Normal,-0.51
WL.KJU.01,2026-10-09 05:15,-0.53,,,,,,Normal,-0.38
WL.KKD.01,2026-10-09 05:15,-0.44,,,,,,Normal,-0.41
WL.KKD.02,2026-10-09 05:15,-0.53,,,,,,Normal,-0.51
WL.KKD.03,2026-10-09 05:15,-0.53,,,,,,Normal,-0.5
WL.KKO.01,2026-10-09 05:15,1.62,,,,,,Alert,1.62
WL.KKS.01,2026-10-09 05:15,-0.85,1.6,,0.0,0.0,,Normal,-0.76
WL.KKS.02,2026-10-09 05:15,-0.82,,,,,,Normal,-0.73
WL.KKS.03,2026-10-09 05:15,-0.91,,,,,,Normal,-0.82
WL.KKS.04,2026-10-09 05:15,-0.86,1.38,,0.0,,,Normal,-0.78
WL.KKY.01,2026-10-09 05:15,0.66,,,,,,Normal,0.66
WL.KKY.02,2026-10-09 05:15,0.67,,,,,,Normal,0.67
WL.KLA.01,2026-10-09 05:15,-0.14,,,,,,Alert,0.39
WL.KLD.01,2026-10-09 05:15,-0.45,,,,,,Normal,-0.27
WL.KLD.02,2026-10-09 05:15,-0.32,,,,,,Normal,-0.19
WL.KLT.01,2026-10-09 05:15,-0.75,,,,,,Normal,-0.73
WL.KMN.01,2026-10-09 05:15,0.34,1.51,,0.3,6.7,0.0,Normal,0.34
WL.KNB.02,2026-10-09 05:15,-0.36,,,,,,Normal,-0.36
WL.KPG.01,2026-10-09 05:15,-1.0,,,,,,Normal,-0.99
WL.KPM.01,2026-10-09 05:15,-0.31,,,,,,Normal,-0.25
WL.KPM.03,2026-10-09 05:15,-0.12,,,,,,Normal,-0.02
WL.KPM.05,2026-10-09 05:15,0.45,,,,,,Normal,0.53
WL.KPM.06,2026-10-09 05:15,0.45,,,,,,Normal,0.52
WL.KPM.08,2026-10-09 05:15,0.42,,,,,,Normal,0.53
WL.KSG.01,2026-10-09 05:15,0.73,,,,,,Normal,0.79
WL.KSI.01,2026-10-09 05:15,0.82,,,,,,Alert,0.84
WL.KSI.02,2026-10-09 05:15,0.84,,,,,,Critical,0.85
WL.KSK.01,2026-10-09 05:15,-0.58,,,,,,Normal,-0.56
WL.KSM.01,2026-10-09 05:15,0.84,,,,,,Critical,0.85
WL.KSM.02,2026-10-09 05:15,0.79,,,,,,Critical,0.81
WL.KSO.01,2026-10-09 05:15,0.74,,,,,,Normal,0.74
WL.KSO.02,2026-10-09 05:15,0.76,,,,,,Normal,0.76
WL.KTY.01,2026-10-09 05:15,-1.75,1.09,,0.0,,,Normal,-1.75
WL.LBK.02,2026-10-09 05:15,0.55,,,,,,Critical,0.58
WL.LCL.01,2026-10-09 05:15,0.64,,,,,,Normal,0.67
WL.LKB.01,2026-10-09 05:15,0.72,,,,,,Critical,0.74
WL.LOA.01,2026-10-09 05:15,0.89,,,,,,Alert,0.9
WL.LOA.02,2026-10-09 05:15,0.84,,,,,,Normal,0.84
WL.LPC.01,2026-10-09 05:15,1.11,,,,,,Critical,1.12
WL.LPG.02,2026-10-09 05:15,1.02,1.75,,0.0,,,Critical,1.02
WL.LPG.03,2026-10-09 05:15,0.96,,,,,,Critical,0.97
WL.LPN.01,2026-10-09 05:15,-0.72,0.75,,0.01,,,Normal,-0.7
WL.LPP.01,2026-10-09 05:15,-1.0,,,,,,Normal,-0.95
WL.LPP.02,2026-10-09 05:15,-0.44,,,,,,Normal,
WL.LPT.03,2026-10-09 05:15,0.9,,,,,,Critical,0.91
WL.LPW.01,2026-10-09 05:15,-0.3,-0.35,,0.0,,,Normal,-0.27
WL.LPW.03,2026-10-09 05:15,0.23,,,,,,Normal,0.23
WL.LPW.05,2026-10-09 05:15,-0.66,,,,,,Normal,-0.65
WL.LSG.01,2026-10-09 05:15,-1.21,,,,,,Normal,-1.18
WL.LSM.01,2026-10-09 05:15,-0.59,,,,,,Normal,-0.57
WL.LYW.02,2026-10-09 05:15,-1.46,,,,,,Normal,-1.45
WL.MCM.01,2026-10-09 05:15,0.24,,,,,,Normal,0.24
WL.MFS.01,2026-10-09 05:15,-0.74,,,,,,Normal,-0.73
WL.MKT.01,2026-10-09 05:15,-0.27,,,,,,Normal,-0.27
WL.MSW.01,2026-10-09 05:15,1.5,,,,,,Normal,1.5
WL.MSW.02,2026-10-09 05:15,1.15,,,,,,Normal,1.16
WL.MSW.03,2026-10-09 05:15,-1.55,,,,,,Normal,1.37
WL.MSW.04,2026-10-09 05:15,0.96,,,,,,Normal,
WL.MTG.01,2026-10-09 05:15,-0.69,,,,,,Normal,-0.69
WL.NBN.01,2026-10-09 05:15,-3.69,-1.35,,0.0,,,Normal,-3.58
WL.NCH.02,2026-10-09 05:15,-0.98,,,,,,Normal,-0.33
WL.NK1.01,2026-10-09 05:15,-0.07,,,,,,Normal,-0.07
WL.NK3.01,2026-10-09 05:15,-0.16,,,,,,Normal,-0.16
WL.NKW.02,2026-10-09 05:15,-0.28,,,,,,Normal,-0.28
WL.NSG.01,2026-10-09 05:15,-2.0,,,,,,Normal,-2.0
WL.OAG.01,2026-10-09 05:15,-0.9,,,,,,Normal,-0.82
WL.ORC.01,2026-10-09 05:15,-1.34,-0.78,,0.0,,,Normal,-1.34
WL.PKG.01,2026-10-09 05:15,1.5,,,,,,Normal,1.5
WL.PKN.01,2026-10-09 05:15,-0.86,1.2,,0.0,0.0,0.0,Normal,-0.86
WL.PLK.01,2026-10-09 05:15,0.68,,,,,,Normal,0.82
WL.PLP.01,2026-10-09 05:15,-0.38,,,,,,Normal,-0.38
WL.PNM.01,2026-10-09 05:15,0.37,,,,,,Critical,0.38
WL.PSC.01,2026-10-09 05:15,0.37,0.41,,0.0,0.0,0.0,Normal,0.37
WL.PSC.02,2026-10-09 05:15,0.34,,,,,,Normal,0.34
WL.PSC.03,2026-10-09 05:15,0.34,,,,,,Normal,0.34
WL.PSC.05,2026-10-09 05:15,0.41,,,,,,Normal,0.41
WL.PSI.01,2026-10-09 05:15,-1.76,,,,,,Normal,-1.27
WL.PSR.01,2026-10-09 05:15,1.1,1.81,,0.2,,,Critical,1.12
WL.PSR.02,2026-10-09 05:15,1.13,,,,,,Alert,1.15
WL.PSR.03,2026-10-09 05:15,1.11,,,,,,Alert,1.13
WL.PSR.04,2026-10-09 05:15,0.76,,,,,,Normal,0.78
WL.PSR.05,2026-10-09 05:15,0.79,,,,,,Alert,0.81
WL.PST.01,2026-10-09 05:15,-0.92,,,,,,Normal,-0.92
WL.PWT.01,2026-10-09 05:15,-0.59,,,,,,Normal,-0.58
WL.PWT.02,2026-10-09 05:15,0.0,,,,,,Normal,0.02
WL.PWT.03,2026-10-09 05:15,0.25,0.26,,5.8,5.9,,Critical,0.27
WL.PWT.04,2026-10-09 05:15,0.56,0.61,,4.06,,,Critical,0.59
WL.PWT.06,2026-10-09 05:15,0.97,,,,,,Critical,0.98
WL.PWT.07,2026-10-09 05:15,0.95,,,,,,Critical,0.97
WL.PYW.01,2026-10-09 05:15,-0.73,,,,,,Normal,-0.73
WL.RHN.01,2026-10-09 05:15,-0.92,0.69,,0.0,,,Normal,-0.86
WL.RJK.01,2026-10-09 05:15,0.34,0.34,,7.5,,,Normal,0.35
WL.RMN.01,2026-10-09 05:15,0.56,,,,,,Normal,
WL.RMT.01,2026-10-09 05:15,-0.56,0.72,,0.0,0.0,,Normal,-0.25
WL.RMT.02,2026-10-09 05:15,-0.08,,,,,,Normal,-0.08
WL.RMT.03,2026-10-09 05:15,-2.0,,,,,,Normal,-2.0
WL.RSK.01,2026-10-09 05:15,0.42,,,,,,Normal,0.42
WL.SBR.01,2026-10-09 05:15,0.71,1.14,,0.0,,,Normal,0.71
WL.SBR.02,2026-10-09 05:15,0.64,,,,,,Normal,0.64
WL.SBT.01,2026-10-09 05:15,-0.09,0.14,,0.0,,,Normal,-0.09
WL.SCO.01,2026-10-09 05:15,0.3,,,,,,Normal,0.3
WL.SDN.01,2026-10-09 05:15,0.23,,,,,,Normal,0.23
WL.SKT.01,2026-10-09 05:15,-0.69,,,,,,Normal,-0.55
WL.SKT.02,2026-10-09 05:15,-0.72,,,,,,Normal,-0.59
WL.SMK.01,2026-10-09 05:15,-0.25,,,,,,Normal,-0.25
WL.SNC.01,2026-10-09 05:15,-0.27,0.85,,0.0,0.0,0.0,Normal,-0.16
WL.SNC.02,2026-10-09 05:15,0.28,,,,,,Normal,0.28
WL.SNC.03,2026-10-09 05:15,0.03,,,,,,Normal,0.04
WL.SNO.01,2026-10-09 05:15,-0.8,,,,,,Normal,-0.74
WL.SOL.01,2026-10-09 05:15,-0.64,,,,,,Normal,-0.62
WL.SRE.01,2026-10-09 05:15,-0.11,1.33,,0.0,0.0,,Normal,-0.11
WL.SRG.01,2026-10-09 05:15,-0.43,1.14,,0.0,0.0,0.0,Normal,-0.37
WL.SSB.01,2026-10-09 05:15,-0.89,,,,,,Normal,-0.81
WL.SSB.03,2026-10-09 05:15,-0.63,,,,,,Normal,-0.57
WL.SSB.04,2026-10-09 05:15,-0.67,-0.68,,7.5,7.5,,Normal,-0.64
WL.SSB.06,2026-10-09 05:15,-0.5,,,,,,Normal,-0.48
WL.SSB.07,2026-10-09 05:15,-0.08,,,,,,Normal,-0.07
WL.SSB.08,2026-10-09 05:15,0.31,,,,,,Normal,0.32
WL.SSB.09,2026-10-09 05:15,0.55,1.1,,0.0,,,Critical,0.58
WL.SSB.10,2026-10-09 05:15,0.71,1.18,,2.0,,,Critical,0.73
WL.SSB.11,2026-10-09 05:15,1.24,,,,,,Critical,1.25
WL.SSB.12,2026-10-09 05:15,1.2,1.5,,0.0,,,Critical,1.21
WL.SSG.01,2026-10-09 05:15,1.58,,,,,,Alert,1.58
WL.SSM.01,2026-10-09 05:15,1.3,-99,,0.0,,,Critical,1.3
WL.SSM.02,2026-10-09 05:15,1.56,,,,,,Normal,
WL.SSN.01,2026-10-09 05:15,-1.06,1.67,,7.0,0.0,0.0,Normal,-1.05
WL.SSN.02,2026-10-09 05:15,-1.74,,,,,,Normal,-1.74
WL.SSN.04,2026-10-09 05:15,-1.23,,,,,,Normal,-1.23
WL.SSN.06,2026-10-09 05:15,-1.77,,,,,,Normal,-1.77
WL.SSN.07,2026-10-09 05:15,-1.1,,,,,,Normal,-1.02
WL.SSN.08,2026-10-09 05:15,-0.7,-0.7,,0.0,,,Normal,-0.67
WL.SSN.09,2026-10-09 05:15,-0.72,,,,,,Normal,-0.69
WL.SSN.10,2026-10-09 05:15,-0.7,,,,,,Normal,-0.66
WL.SST.01,2026-10-09 05:15,0.87,1.77,,0.32,,,Alert,0.91
WL.STN.02,2026-10-09 05:15,0.64,,,,,,Critical,0.66
WL.STN.03,2026-10-09 05:15,0.7,,,,,,Critical,0.72
WL.STR.01,2026-10-09 05:15,-1.03,0.24,1.29,0.0,0.0,0.0,Normal,-1.0
WL.SWA.01,2026-10-09 05:15,0.84,1.33,,0.43,,,Critical,0.86
WL.SWU.01,2026-10-09 05:15,-1.03,,,,,,Normal,-1.03
WL.TCG.01,2026-10-09 05:15,-0.86,,,,,,Normal,-0.84
WL.TPK.02,2026-10-09 05:15,0.42,,,,,,Critical,0.44
WL.TPK.03,2026-10-09 05:15,0.5,,,,,,Critical,0.52
WL.TSK.01,2026-10-09 05:15,-1.81,,,,,,Normal,-1.8
WL.TTN.01,2026-10-09 05:15,-0.68,,,,,,Normal,-0.65
WL.TUT.02,2026-10-09 05:15,-0.31,,,,,,Normal,-0.31
WL.TWW.01,2026-10-09 05:15,0.76,1.06,,0.99,,,Normal,0.76
WL.TWW.02,2026-10-09 05:15,0.72,,,,,,Normal,0.72
WL.TWW.03,2026-10-09 05:15,0.7,,,,,,Critical,0.7
WL.TWW.04,2026-10-09 05:15,0.68,,,,,,Normal,0.68
WL.TWW.05,2026-10-09 05:15,0.43,,,,,,Normal,0.43
WL.VPD.01,2026-10-09 05:15,-1.04,,,,,,Normal,-1.0
WL.VPD.02,2026-10-09 05:15,-1.0,,,,,,Normal,-0.96
WL.VPD.03,2026-10-09 05:15,-1.31,,,,,,Normal,-1.3
WL.VPV.01,2026-10-09 05:15,-2.76,,,0.0,,,Normal,-1.41
WL.WHK.01,2026-10-09 05:15,0.74,,,,,,Normal,0.77
WL.WKT.01,2026-10-09 05:15,0.54,,,,,,Normal,0.54
WL.WLS.01,2026-10-09 05:15,0.53,,,,,,Normal,0.6
WL.WSI.01,2026-10-09 05:15,-0.8,1.22,,0.0,0.0,0.0,Normal,-0.54
WL.WSV.01,2026-10-09 05:15,0.2,,,,,,Normal,0.2
WL.WTK.01,2026-10-09 05:15,-0.57,,,,,,Normal,-0.57
WL.WTN.02,2026-10-09 05:15,-1.15,,,,,,Normal,-1.1
WL.YPE.01,2026-10-09 05:15,0.37,,,,,,Normal,0.37
WL.YPN.01,2026-10-09 05:15,-0.59,,,,,,Normal,-0.51
WL.YPN.02,2026-10-09 05:15,-1.32,,,,,,Normal,-0.57
WL.YSN.02,2026-10-09 05:15,-1.04,,,,,,Normal,-0.95
WL.KPM.04,2026-10-09 05:25,0.33,,,,,,Normal,0.49
WL.KKD.04,2026-10-09 05:35,-0.47,,,,,,Normal,-0.45
WL.LSG.01,2026-10-09 05:40,-1.21,,,,,,out of order,-1.18
WL.AJP.01,2026-10-09 06:00,-1.10,,,,,,backfill,
WL.ANX.01,2026-10-09 06:00,0.00,,,,,,backfill,
WL.BAM.01,2026-10-09 06:00,0.26,,,,,,backfill,
WL.BBN.01,2026-10-09 06:00,,,,,,,backfill,
WL.BBN.02,2026-10-09 06:00,0.10,,,,,,backfill,
WL.BBN.03,2026-10-09 06:00,0.35,,,,,,backfill,
WL.BBR.01,2026-10-09 06:00,0.11,,,,,,backfill,
WL.BBR.02,2026-10-09 06:00,0.07,,,,,,backfill,
WL.BBU.01,2026-10-09 06:00,0.45,,,,,,backfill,
WL.BCN.01,2026-10-09 06:00,0.51,,,,,,backfill,
WL.BCN.02,2026-10-09 06:00,0.50,,,,,,backfill,
WL.BCN.03,2026-10-09 06:00,0.58,,,,,,backfill,
WL.BJK.01,2026-10-09 06:00,-1.21,0.97,,,,,backfill,
WL.BJK.02,2026-10-09 06:00,0.46,,,,,,backfill,
WL.BJK.03,2026-10-09 06:00,0.44,,,,,,backfill,
WL.BJK.04,2026-10-09 06:00,0.49,,,,,,backfill,
WL.BKA.01,2026-10-09 06:00,-1.37,1.81,,,,,backfill,
WL.BKA.02,2026-10-09 06:00,-0.81,,,,,,backfill,
WL.BKA.03,2026-10-09 06:00,-0.37,,,,,,backfill,
WL.BKA.04,2026-10-09 06:00,0.09,,,,,,backfill,
WL.BKB.01,2026-10-09 06:00,-0.34,,,,,,backfill,
WL.BKG.01,2026-10-09 06:00,0.67,-2.00,,,,,backfill,
WL.BKT.01,2026-10-09 06:00,-0.28,,,,,,backfill,
WL.BKY.01,2026-10-09 06:00,0.38,1.51,,,,,backfill,
WL.BKY.02,2026-10-09 06:00,0.45,,,,,,backfill,
WL.BLP.02,2026-10-09 06:00,-0.85,,,,,,backfill,
WL.BLY.01,2026-10-09 06:00,-0.45,,,,,,backfill,
WL.BLY.02,2026-10-09 06:00,-0.54,,,,,,backfill,
WL.BMA.02,2026-10-09 06:00,0.04,,,,,,backfill,
WL.BMK.01,2026-10-09 06:00,-1.62,,,,,,backfill,
WL.BNA.01,2026-10-09 06:00,-1.45,0.93,,,,,backfill,
WL.BNA.02,2026-10-09 06:00,,,,,,,backfill,
WL.BNA.03,2026-10-09 06:00,-0.58,,,,,,backfill,
WL.BNA.04,2026-10-09 06:00,-0.46,,,,,,backfill,
WL.BNJ.01,2026-10-09 06:00,,,,,,,backfill,
WL.BNJ.02,2026-10-09 06:00,-2.70,,,,,,backfill,
WL.BNJ.03,2026-10-09 06:00,,,,,,,backfill,
WL.BNJ.04,2026-10-09 06:00,-1.16,,,,,,backfill,
WL.BNS.01,2026-10-09 06:00,0.51,,,,,,backfill,
WL.BOA.01,2026-10-09 06:00,-1.35,1.06,,,,,backfill,
WL.BOA.02,2026-10-09 06:00,-1.17,,,,,,backfill,
WL.BOA.03,2026-10-09 06:00,-1.35,,,,,,backfill,
WL.BON.01,2026-10-09 06:00,-1.24,,,,,,backfill,
WL.BPA.01,2026-10-09 06:00,-0.57,,,,,,backfill,
WL.BPK.01,2026-10-09 06:00,0.15,,,,,,backfill,
WL.BPM.01,2026-10-09 06:00,0.45,,,,,,backfill,
WL.BPM.02,2026-10-09 06:00,0.50,,,,,,backfill,
WL.BPM.03,2026-10-09 06:00,0.63,,,,,,backfill,
WL.BPM.04,2026-10-09 06:00,0.58,,,,,,backfill,
WL.BPN.02,2026-10-09 06:00,0.16,,,,,,backfill,
WL.BPU.01,2026-10-09 06:00,0.26,,,,,,backfill,
WL.BSK.01,2026-10-09 06:00,-0.80,1.26,,,,,backfill,
WL.BSU.01,2026-10-09 06:00,-0.97,1.77,,,,,backfill,
WL.BSU.02,2026-10-09 06:00,-0.80,,,,,,backfill,
WL.BSU.03,2026-10-09 06:00,-1.42,,,,,,backfill,
WL.BSU.04,2026-10-09 06:00,-1.10,,,,,,backfill,
WL.BSU.05,2026-10-09 06:00,-1.45,,,,,,backfill,
WL.BSU.06,2026-10-09 06:00,-0.75,,,,,,backfill,
WL.BSU.07,2026-10-09 06:00,-0.53,,,,,,backfill,
WL.BTL.01,2026-10-09 06:00,-0.53,,,,,,backfill,
WL.BTY.01,2026-10-09 06:00,0.31,,,,,,backfill,
WL.BWK.01,2026-10-09 06:00,0.40,,,,,,backfill,
WL.BWK.02,2026-10-09 06:00,0.60,,,,,,backfill,
WL.BWK.03,2026-10-09 06:00,0.64,,,,,,backfill,
WL.BYI.01,2026-10-09 06:00,1.00,,,,,,backfill,
WL.BYK.01,2026-10-09 06:00,,,,,,,backfill,
WL.BYK.02,2026-10-09 06:00,0.09,,,,,,backfill,
WL.CKS.01,2026-10-09 06:00,-1.31,,,,,,backfill,
WL.CKS.02,2026-10-09 06:00,-0.99,,,,,,backfill,
WL.CKS.03,2026-10-09 06:00,,,,,,,backfill,
WL.CNS.01,2026-10-09 06:00,-2.15,1.03,,,,,backfill,
WL.CPA.01,2026-10-09 06:00,0.47,1.56,,,,,backfill,
WL.CPA.02,2026-10-09 06:00,0.36,,,,,,backfill,
WL.CYI.01,2026-10-09 06:00,-0.65,,,,,,backfill,
WL.CYI.02,2026-10-09 06:00,-0.63,,,,,,backfill,
WL.CYI.03,2026-10-09 06:00,-0.56,,,,,,backfill,
WL.DKN.01,2026-10-09 06:00,0.24,1.25,,,,,backfill,
WL.FTM.01,2026-10-09 06:00,-1.12,,,,,,backfill,
WL.HKG.01,2026-10-09 06:00,-0.83,,,,,,backfill,
WL.HKG.02,2026-10-09 06:00,-0.76,,,,,,backfill,
WL.HMK.01,2026-10-09 06:00,0.00,,,,,,backfill,
WL.HMK.02,2026-10-09 06:00,-0.05,,,,,,backfill,
WL.HMK.03,2026-10-09 06:00,-0.02,,,,,,backfill,
WL.JKK.01,2026-10-09 06:00,,,,,,,backfill,
WL.JRN.01,2026-10-09 06:00,0.33,1.16,,,,,backfill,
WL.KBU.01,2026-10-09 06:00,0.59,1.46,,,,,backfill,
WL.KBU.02,2026-10-09 06:00,0.57,,,,,,backfill,
WL.KCD.01,2026-10-09 06:00,-1.03,,,,,,backfill,
WL.KDN.01,2026-10-09 06:00,-0.66,1.07,,,,,backfill,
WL.KJA.01,2026-10-09 06:00,-1.00,,,,,,backfill,
WL.KJA.02,2026-10-09 06:00,-0.55,,,,,,backfill,
WL.KJG.01,2026-10-09 06:00,-0.59,,,,,,backfill,
WL.KJK.01,2026-10-09 06:00,-1.33,1.00,,,,,backfill,
WL.KJK.02,2026-10-09 06:00,-1.29,,,,,,backfill,
WL.KJN.01,2026-10-09 06:00,,,,,,,backfill,
WL.KJN.02,2026-10-09 06:00,-0.20,,,,,,backfill,
WL.KJT.01,2026-10-09 06:00,-1.10,,,,,,backfill,
WL.KJU.01,2026-10-09 06:00,-0.72,,,,,,backfill,
WL.KKD.01,2026-10-09 06:00,-0.44,,,,,,backfill,
WL.KKD.02,2026-10-09 06:00,-0.53,,,,,,backfill,
WL.KKD.03,2026-10-09 06:00,-0.53,,,,,,backfill,
WL.KKD.04,2026-10-09 06:00,-0.47,,,,,,backfill,
WL.KKO.01,2026-10-09 06:00,1.62,,,,,,backfill,
WL.KKS.01,2026-10-09 06:00,-0.85,1.58,,,,,backfill,
WL.KKS.02,2026-10-09 06:00,-0.81,,,,,,backfill,
WL.KKS.03,2026-10-09 06:00,-0.90,,,,,,backfill,
WL.KKS.04,2026-10-09 06:00,-0.86,1.36,,,,,backfill,
WL.KKY.01,2026-10-09 06:00,0.66,,,,,,backfill,
WL.KKY.02,2026-10-09 06:00,0.67,,,,,,backfill,
WL.KLA.01,2026-10-09 06:00,-0.14,,,,,,backfill,
WL.KLD.01,2026-10-09 06:00,-0.39,,,,,,backfill,
WL.KLD.02,2026-10-09 06:00,-0.33,,,,,,backfill,
WL.KLT.01,2026-10-09 06:00,-0.73,,,,,,backfill,
WL.KMN.01,2026-10-09 06:00,0.35,1.49,,,,,backfill,
WL.KNB.01,2026-10-09 06:00,,,,,,,backfill,
WL.KNB.02,2026-10-09 06:00,-0.37,,,,,,backfill,
WL.KPG.01,2026-10-09 06:00,-1.05,,,,,,backfill,
WL.KPM.01,2026-10-09 06:00,-0.33,,,,,,backfill,
WL.KPM.03,2026-10-09 06:00,-0.12,,,,,,backfill,
WL.KPM.04,2026-10-09 06:00,0.34,,,,,,backfill,
WL.KPM.05,2026-10-09 06:00,0.47,,,,,,backfill,
WL.KPM.06,2026-10-09 06:00,0.45,,,,,,backfill,
WL.KPM.08,2026-10-09 06:00,0.42,,,,,,backfill,
WL.KPM.09,2026-10-09 06:00,,,,,,,backfill,
WL.KSG.01,2026-10-09 06:00,0.72,,,,,,backfill,
WL.KSI.01,2026-10-09 06:00,0.82,,,,,,backfill,
WL.KSI.02,2026-10-09 06:00,0.84,,,,,,backfill,
WL.KSK.01,2026-10-09 06:00,-0.58,,,,,,backfill,
WL.KSM.01,2026-10-09 06:00,0.84,,,,,,backfill,
WL.KSM.02,2026-10-09 06:00,0.79,,,,,,backfill,
WL.KSO.01,2026-10-09 06:00,0.74,,,,,,backfill,
WL.KSO.02,2026-10-09 06:00,0.76,,,,,,backfill,
WL.KT4.01,2026-10-09 06:00,,,,,,,backfill,
WL.KTY.01,2026-10-09 06:00,-1.71,0.98,,,,,backfill,
WL.LBK.02,2026-10-09 06:00,0.55,,,,,,backfill,
WL.LBK.03,2026-10-09 06:00,0.47,,,,,,backfill,
WL.LCL.01,2026-10-09 06:00,0.63,,,,,,backfill,
WL.LCL.02,2026-10-09 06:00,,,,,,,backfill,
WL.LKB.01,2026-10-09 06:00,0.72,,,,,,backfill,
WL.LOA.01,2026-10-09 06:00,0.90,,,,,,backfill,
WL.LOA.02,2026-10-09 06:00,0.84,,,,,,backfill,
WL.LPC.01,2026-10-09 06:00,1.11,,,,,,backfill,
WL.LPG.02,2026-10-09 06:00,1.02,1.75,,,,,backfill,
WL.LPG.03,2026-10-09 06:00,0.96,,,,,,backfill,
WL.LPI.02,2026-10-09 06:00,,,,,,,backfill,
WL.LPN.01,2026-10-09 06:00,-0.70,0.78,,,,,backfill,
WL.LPP.01,2026-10-09 06:00,-1.01,,,,,,backfill,
WL.LPT.01,2026-10-09 06:00,,,,,,,backfill,
WL.LPT.03,2026-10-09 06:00,0.90,,,,,,backfill,
WL.LPW.01,2026-10-09 06:00,-0.30,-0.35,,,,,backfill,
WL.LPW.03,2026-10-09 06:00,0.21,,,,,,backfill,
WL.LPW.04,2026-10-09 06:00,,,,,,,backfill,
WL.LPW.05,2026-10-09 06:00,-0.64,,,,,,backfill,
WL.LSG.01,2026-10-09 06:00,,,,,,,backfill,
WL.LSM.01,2026-10-09 06:00,-0.59,,,,,,backfill,
WL.LYW.01,2026-10-09 06:00,,,,,,,backfill,
WL.LYW.02,2026-10-09 06:00,-1.46,,,,,,backfill,
WL.MCM.01,2026-10-09 06:00,0.24,,,,,,backfill,
WL.MFS.01,2026-10-09 06:00,-0.74,,,,,,backfill,
WL.MKT.01,2026-10-09 06:00,-0.27,,,,,,backfill,
WL.MSW.01,2026-10-09 06:00,1.52,,,,,,backfill,
WL.MSW.02,2026-10-09 06:00,1.14,,,,,,backfill,
WL.MSW.03,2026-10-09 06:00,-1.47,,,,,,backfill,
WL.MTG.01,2026-10-09 06:00,-0.68,,,,,,backfill,
WL.NBN.01,2026-10-09 06:00,-3.70,-1.35,,,,,backfill,
WL.NCH.02,2026-10-09 06:00,-1.02,,,,,,backfill,
WL.NK1.01,2026-10-09 06:00,-0.02,,,,,,backfill,
WL.NK3.01,2026-10-09 06:00,-0.18,,,,,,backfill,
WL.NKW.02,2026-10-09 06:00,-0.27,,,,,,backfill,
WL.NSG.01,2026-10-09 06:00,-2.00,,,,,,backfill,
WL.OAG.01,2026-10-09 06:00,-0.90,,,,,,backfill,
WL.ORC.01,2026-10-09 06:00,-1.34,-0.76,,,,,backfill,
WL.PKG.01,2026-10-09 06:00,1.44,,,,,,backfill,
WL.PKN.01,2026-10-09 06:00,-0.85,1.09,,,,,backfill,
WL.PLK.01,2026-10-09 06:00,0.52,,,,,,backfill,
WL.PLP.01,2026-10-09 06:00,-0.39,,,,,,backfill,
WL.PNM.01,2026-10-09 06:00,0.37,,,,,,backfill,
WL.PSC.01,2026-10-09 06:00,0.37,0.41,,,,,backfill,
WL.PSC.02,2026-10-09 06:00,0.34,,,,,,backfill,
WL.PSC.03,2026-10-09 06:00,0.34,,,,,,backfill,
WL.PSC.05,2026-10-09 06:00,0.41,,,,,,backfill,
WL.PSI.01,2026-10-09 06:00,-1.72,,,,,,backfill,
WL.PSR.01,2026-10-09 06:00,1.10,1.80,,,,,backfill,
WL.PSR.02,2026-10-09 06:00,1.13,,,,,,backfill,
WL.PSR.03,2026-10-09 06:00,1.11,,,,,,backfill,
WL.PSR.04,2026-10-09 06:00,0.76,,,,,,backfill,
WL.PSR.05,2026-10-09 06:00,0.79,,,,,,backfill,
WL.PSR.06,2026-10-09 06:00,,,,,,,backfill,
WL.PST.01,2026-10-09 06:00,-0.92,,,,,,backfill,
WL.PWT.01,2026-10-09 06:00,-0.57,,,,,,backfill,
WL.PWT.02,2026-10-09 06:00,0.00,,,,,,backfill,
WL.PWT.03,2026-10-09 06:00,0.25,0.26,,,,,backfill,
WL.PWT.04,2026-10-09 06:00,0.56,0.61,,,,,backfill,
WL.PWT.05,2026-10-09 06:00,,,,,,,backfill,
WL.PWT.06,2026-10-09 06:00,0.97,,,,,,backfill,
WL.PWT.07,2026-10-09 06:00,0.97,,,,,,backfill,
WL.PYW.01,2026-10-09 06:00,-0.70,,,,,,backfill,
WL.RHN.01,2026-10-09 06:00,-0.92,0.68,,,,,backfill,
WL.RJK.01,2026-10-09 06:00,0.36,0.36,,,,,backfill,
WL.RKC.01,2026-10-09 06:00,,,,,,,backfill,
WL.RMT.01,2026-10-09 06:00,-0.79,0.76,,,,,backfill,
WL.RMT.02,2026-10-09 06:00,-0.13,,,,,,backfill,
WL.RSK.01,2026-10-09 06:00,0.42,,,,,,backfill,
WL.SBR.01,2026-10-09 06:00,0.71,1.14,,,,,backfill,
WL.SBR.02,2026-10-09 06:00,0.64,,,,,,backfill,
WL.SBT.01,2026-10-09 06:00,-0.13,0.13,,,,,backfill,
WL.SCO.01,2026-10-09 06:00,0.30,,,,,,backfill,
WL.SDN.01,2026-10-09 06:00,0.23,,,,,,backfill,
WL.SKG.01,2026-10-09 06:00,,,,,,,backfill,
WL.SKT.01,2026-10-09 06:00,-0.70,,,,,,backfill,
WL.SKT.02,2026-10-09 06:00,-1.01,,,,,,backfill,
WL.SLL.01,2026-10-09 06:00,,,,,,,backfill,
WL.SMK.01,2026-10-09 06:00,-0.25,,,,,,backfill,
WL.SNC.01,2026-10-09 06:00,-0.31,0.89,,,,,backfill,
WL.SNC.02,2026-10-09 06:00,0.30,,,,,,backfill,
WL.SNC.03,2026-10-09 06:00,0.02,,,,,,backfill,
WL.SNO.01,2026-10-09 06:00,-0.83,,,,,,backfill,
WL.SOL.01,2026-10-09 06:00,-0.64,,,,,,backfill,
WL.SRE.01,2026-10-09 06:00,-0.06,1.31,,,,,backfill,
WL.SRG.01,2026-10-09 06:00,-0.43,1.11,,,,,backfill,
WL.SSB.01,2026-10-09 06:00,-0.88,,,,,,backfill,
WL.SSB.03,2026-10-09 06:00,-0.61,,,,,,backfill,
WL.SSB.04,2026-10-09 06:00,-0.66,-0.80,,,,,backfill,
WL.SSB.06,2026-10-09 06:00,-0.48,,,,,,backfill,
WL.SSB.07,2026-10-09 06:00,-0.04,,,,,,backfill,
WL.SSB.08,2026-10-09 06:00,0.33,,,,,,backfill,
WL.SSB.10,2026-10-09 06:00,0.70,1.18,,,,,backfill,
WL.SSB.11,2026-10-09 06:00,1.24,,,,,,backfill,
WL.SSB.12,2026-10-09 06:00,1.20,1.50,,,,,backfill,
WL.SSG.01,2026-10-09 06:00,1.58,,,,,,backfill,
WL.SSM.01,2026-10-09 06:00,1.30,,,,,,backfill,
WL.SSN.01,2026-10-09 06:00,-1.06,1.65,,,,,backfill,
WL.SSN.02,2026-10-09 06:00,-1.64,,,,,,backfill,
WL.SSN.04,2026-10-09 06:00,-1.22,,,,,,backfill,
WL.SSN.06,2026-10-09 06:00,-1.77,,,,,,backfill,
WL.SSN.07,2026-10-09 06:00,-1.09,,,,,,backfill,
WL.SSN.08,2026-10-09 06:00,-0.67,-0.66,,,,,backfill,
WL.SSN.09,2026-10-09 06:00,-0.71,,,,,,backfill,
WL.SSN.10,2026-10-09 06:00,-0.68,,,,,,backfill,
WL.SST.01,2026-10-09 06:00,0.86,1.77,,,,,backfill,
WL.STN.01,2026-10-09 06:00,0.52,,,,,,backfill,
WL.STN.02,2026-10-09 06:00,0.64,,,,,,backfill,
WL.STN.03,2026-10-09 06:00,0.70,,,,,,backfill,
WL.STR.01,2026-10-09 06:00,-1.02,0.22,1.27,,,,backfill,
WL.SWA.01,2026-10-09 06:00,0.84,1.33,,,,,backfill,
WL.SWU.01,2026-10-09 06:00,-1.00,,,,,,backfill,
WL.TCG.01,2026-10-09 06:00,-0.86,,,,,,backfill,
WL.TPK.02,2026-10-09 06:00,0.42,,,,,,backfill,
WL.TPK.03,2026-10-09 06:00,0.50,,,,,,backfill,
WL.TSK.01,2026-10-09 06:00,-1.80,,,,,,backfill,
WL.TTN.01,2026-10-09 06:00,-0.68,,,,,,backfill,
WL.TUT.02,2026-10-09 06:00,-0.27,,,,,,backfill,
WL.TWW.01,2026-10-09 06:00,0.76,1.06,,,,,backfill,
WL.TWW.02,2026-10-09 06:00,0.72,,,,,,backfill,
WL.TWW.03,2026-10-09 06:00,0.70,,,,,,backfill,
WL.TWW.04,2026-10-09 06:00,0.68,,,,,,backfill,
WL.TWW.05,2026-10-09 06:00,0.43,,,,,,backfill,
WL.VPD.01,2026-10-09 06:00,-1.05,,,,,,backfill,
WL.VPD.02,2026-10-09 06:00,-1.01,,,,,,backfill,
WL.VPD.03,2026-10-09 06:00,-1.31,,,,,,backfill,
WL.VPV.01,2026-10-09 06:00,-2.39,,,,,,backfill,
WL.WHK.01,2026-10-09 06:00,0.79,,,,,,backfill,
WL.WKT.01,2026-10-09 06:00,0.54,,,,,,backfill,
WL.WLS.01,2026-10-09 06:00,0.52,,,,,,backfill,
WL.WSI.01,2026-10-09 06:00,-1.76,1.17,,,,,backfill,
WL.WSV.01,2026-10-09 06:00,0.16,,,,,,backfill,
WL.WTK.01,2026-10-09 06:00,-0.56,,,,,,backfill,
WL.WTN.02,2026-10-09 06:00,-1.19,,,,,,backfill,
WL.YPE.01,2026-10-09 06:00,0.37,,,,,,backfill,
WL.YPN.01,2026-10-09 06:00,-0.65,,,,,,backfill,
WL.YPN.02,2026-10-09 06:00,-0.89,,,,,,backfill,
WL.YSN.02,2026-10-09 06:00,-1.04,,,,,,backfill,
WL.ANG.01,2026-10-09 06:10,0.97,,,,,,Normal,
WL.BBU.02,2026-10-09 06:10,0.5,,,,,,Normal,
WL.BKH.01,2026-10-09 06:10,0.05,,,,,,Normal,
WL.BMD.01,2026-10-09 06:10,0.46,,,,,,Normal,
WL.BNJ.05,2026-10-09 06:10,-2.14,,,,,,Normal,
WL.BTL.02,2026-10-09 06:10,-0.1,,,,,,Normal,
WL.CLH.01,2026-10-09 06:10,-0.32,,,,,,Normal,
WL.CYI.02,2026-10-09 06:10,-0.63,,,,,,Normal,-0.62
WL.K08.01,2026-10-09 06:10,1.56,,,,,,Alert,
WL.K10.01,2026-10-09 06:10,1.63,,,,,,Alert,
WL.K11.01,2026-10-09 06:10,1.58,,,,,,Alert,
WL.KBP.01,2026-10-09 06:10,-0.32,,,,,,Normal,
WL.KHW.01,2026-10-09 06:10,1.72,,,,,,Normal,
WL.KKO.02,2026-10-09 06:10,1.57,,,,,,Alert,
WL.KPM.07,2026-10-09 06:10,0.48,,,,,,Normal,
WL.LPS.01,2026-10-09 06:10,0.82,,,,,,Normal,
WL.LPT.05,2026-10-09 06:10,1.75,,,,,,Normal,
WL.MKT.02,2026-10-09 06:10,-0.81,,,,,,Normal,
WL.NK3.02,2026-10-09 06:10,-0.11,,,,,,Normal,
WL.POC.01,2026-10-09 06:10,1.46,,,,,,Normal,
WL.PSC.06,2026-10-09 06:10,0.5,,,,,,Normal,
WL.RPS.01,2026-10-09 06:10,2.03,,,,,,Alert,
WL.SSB.13,2026-10-09 06:10,1.89,,,,,,Critical,
WL.SSG.02,2026-10-09 06:10,1.57,,,,,,Alert,
WL.STN.01,2026-10-09 06:10,0.52,,,,,,Alert,0.53
WL.SWA.02,2026-10-09 06:10,1.49,,,,,,Normal,
WL.WKT.01,2026-10-09 06:10,0.54,,,,,,Normal,0.54
WL.AJP.01,2026-10-09 06:15,-1.05,,,,,,Normal,-0.9
WL.ANX.01,2026-10-09 06:15,0.02,,,,,,Normal,0.02
WL.BAM.01,2026-10-09 06:15,0.27,,,,,,Normal,0.4
WL.BBN.02,2026-10-09 06:15,0.1,,,,,,Normal,0.1
WL.BBN.03,2026-10-09 06:15,0.35,,,,,,Normal,0.35
WL.BBR.01,2026-10-09 06:15,0.13,,,,,,Normal,0.13
WL.BBR.02,2026-10-09 06:15,0.09,,,,,,Normal,0.09
WL.BBU.01,2026-10-09 06:15,0.45,,,,,,Normal,0.5
WL.BCN.01,2026-10-09 06:15,0.51,,,,,,Normal,0.51
WL.BCN.02,2026-10-09 06:15,0.5,,,,,,Normal,0.5
WL.BCN.03,2026-10-09 06:15,0.58,,,,,,Normal,0.58
WL.BJK.01,2026-10-09 06:15,-1.24,0.94,,0.0,0.0,,Normal,-1.06
WL.BJK.02,2026-10-09 06:15,0.46,,,,,,Normal,0.46
WL.BJK.03,2026-10-09 06:15,0.44,,,,,,Normal,0.44
WL.BJK.04,2026-10-09 06:15,0.49,,,,,,Normal,0.49
WL.BKA.01,2026-10-09 06:15,-1.37,1.82,,1.73,1.75,0.0,Normal,-1.24
WL.BKA.02,2026-10-09 06:15,-0.81,,,,,,Normal,-0.69
WL.BKA.03,2026-10-09 06:15,-0.38,,,,,,Normal,-0.27
WL.BKA.04,2026-10-09 06:15,0.08,,,,,,Normal,0.16
WL.BKB.01,2026-10-09 06:15,-0.33,,,,,,Normal,-0.33
WL.BKG.01,2026-10-09 06:15,0.66,-2.0,,0.0,,,Critical,0.68
WL.BKK.01,2026-10-09 06:15,0.49,,,,,,Normal,
WL.BKT.01,2026-10-09 06:15,-0.28,,,,,,Normal,-0.28
WL.BKY.01,2026-10-09 06:15,0.38,1.49,,7.14,0.0,0.0,Normal,0.38
WL.BKY.02,2026-10-09 06:15,0.45,,,,,,Normal,0.45
WL.BLP.02,2026-10-09 06:15,-0.85,,,,,,Normal,-0.77
WL.BLY.01,2026-10-09 06:15,-0.45,,,,,,Normal,-0.43
WL.BLY.02,2026-10-09 06:15,-0.54,,,,,,Normal,-0.52
WL.BMA.02,2026-10-09 06:15,0.09,,,,,,Normal,0.09
WL.BMK.01,2026-10-09 06:15,-1.61,,,,,,Normal,-1.29
WL.BNA.01,2026-10-09 06:15,-1.51,0.82,,0.0,0.0,,Normal,-1.15
WL.BNA.03,2026-10-09 06:15,-0.58,,,,,,Normal,-0.55
WL.BNA.04,2026-10-09 06:15,-0.46,,,,,,Normal,-0.42
WL.BNJ.02,2026-10-09 06:15,-2.27,,,,,,Normal,-1.16
WL.BNJ.04,2026-10-09 06:15,-1.17,,,,,,Normal,-1.05
WL.BNS.01,2026-10-09 06:15,0.51,,,,,,Normal,0.51
WL.BOA.01,2026-10-09 06:15,-1.37,0.97,,0.0,0.0,,Normal,-1.05
WL.BOA.02,2026-10-09 06:15,-1.36,,,,,,Normal,-1.02
WL.BOA.03,2026-10-09 06:15,-1.32,,,,,,Normal,-1.12
WL.BON.01,2026-10-09 06:15,-1.35,,,,,,Normal,-1.04
WL.BPA.01,2026-10-09 06:15,-0.57,,,,,,Normal,-0.55
WL.BPK.01,2026-10-09 06:15,0.11,,,,,,Normal,0.16
WL.BPM.01,2026-10-09 06:15,0.45,,,,,,Normal,0.45
WL.BPM.02,2026-10-09 06:15,0.51,,,,,,Normal,0.51
WL.BPM.03,2026-10-09 06:15,0.63,,,,,,Alert,0.63
WL.BPM.04,2026-10-09 06:15,0.59,,,,,,Normal,0.59
WL.BPN.02,2026-10-09 06:15,0.16,,,,,,Normal,0.16
WL.BPU.01,2026-10-09 06:15,0.15,,,,,,Normal,0.73
WL.BSE.01,2026-10-09 06:15,-1.58,,,,,,Normal,
WL.BSK.01,2026-10-09 06:15,-1.06,1.23,,0.0,0.0,,Normal,0.42
WL.BSU.01,2026-10-09 06:15,-1.0,1.77,,0.0,0.0,0.0,Normal,-0.86
WL.BSU.02,2026-10-09 06:15,-0.82,,,,,,Normal,-0.78
WL.BSU.03,2026-10-09 06:15,-1.44,,,,,,Normal,-1.3
WL.BSU.04,2026-10-09 06:15,-1.11,,,,,,Normal,-1.1
WL.BSU.05,2026-10-09 06:15,-1.45,,,,,,Normal,-1.25
WL.BSU.06,2026-10-09 06:15,-0.75,,,,,,Normal,-0.75
WL.BSU.07,2026-10-09 06:15,-0.52,,,,,,Normal,-0.52
WL.BTL.01,2026-10-09 06:15,-0.53,,,,,,Normal,-0.51
WL.BTY.01,2026-10-09 06:15,0.3,,,,,,Normal,0.36
WL.BWK.01,2026-10-09 06:15,0.4,,,,,,Normal,0.4
WL.BWK.02,2026-10-09 06:15,0.59,,,,,,Normal,0.6
WL.BWK.03,2026-10-09 06:15,0.64,,,,,,Normal,0.64
WL.BYI.01,2026-10-09 06:15,1.0,,,,,,Critical,1.0
WL.BYK.02,2026-10-09 06:15,0.1,,,,,,Normal,0.1
WL.CKS.01,2026-10-09 06:15,-1.3,,,0.0,0.0,,Normal,-1.28
WL.CKS.02,2026-10-09 06:15,-1.0,,,,,,Normal,-0.95
WL.CNS.01,2026-10-09 06:15,-2.32,0.99,,0.0,0.0,,Normal,-1.23
WL.CPA.01,2026-10-09 06:15,0.46,1.56,,0.0,3.52,,Normal,0.47
WL.CPA.02,2026-10-09 06:15,0.37,,,,,,Normal,0.37
WL.CYI.01,2026-10-09 06:15,-0.65,,,,,,Normal,-0.64
WL.CYI.03,2026-10-09 06:15,-0.55,,,,,,Normal,-0.55
WL.DKN.01,2026-10-09 06:15,0.24,1.2,,6.3,0.0,6.3,Normal,0.25
WL.FTM.01,2026-10-09 06:15,-1.53,,,,,,Normal,-1.07
WL.HKG.01,2026-10-09 06:15,-0.82,,,,,,Normal,-0.77
WL.HKG.02,2026-10-09 06:15,-0.76,,,,,,Normal,-0.73
WL.HMK.01,2026-10-09 06:15,-0.02,,,,,,Alert,0.0
WL.HMK.02,2026-10-09 06:15,-0.07,,,,,,Normal,-0.02
WL.HMK.03,2026-10-09 06:15,-0.02,,,,,,Normal,0.0
WL.JRN.01,2026-10-09 06:15,0.34,1.12,,0.0,,,Normal,0.34
WL.KBU.01,2026-10-09 06:15,0.59,1.45,,0.0,,,Normal,0.59
WL.KBU.02,2026-10-09 06:15,0.56,,,,,,Normal,0.57
WL.KCD.01,2026-10-09 06:15,-1.03,,,,,,Normal,-1.0
WL.KDN.01,2026-10-09 06:15,-0.67,1.03,,0.0,,,Normal,-0.6
WL.KJA.01,2026-10-09 06:15,-1.03,,,,,,Normal,-0.85
WL.KJA.02,2026-10-09 06:15,-0.51,,,,,,Normal,-0.49
WL.KJG.01,2026-10-09 06:15,-0.65,,,,,,Normal,-0.18
WL.KJK.01,2026-10-09 06:15,-1.32,0.93,,0.0,0.0,,Normal,-1.17
WL.KJK.02,2026-10-09 06:15,-1.28,,,,,,Normal,-1.11
WL.KJN.02,2026-10-09 06:15,-0.17,,,,,,Normal,-0.17
WL.KJT.01,2026-10-09 06:15,-1.08,,,,,,Normal,-0.51
WL.KJU.01,2026-10-09 06:15,-0.63,,,,,,Normal,-0.38
WL.KKD.01,2026-10-09 06:15,-0.44,,,,,,Normal,-0.41
WL.KKD.02,2026-10-09 06:15,-0.53,,,,,,Normal,-0.51
WL.KKD.03,2026-10-09 06:15,-0.53,,,,,,Normal,-0.5
WL.KKO.01,2026-10-09 06:15,1.62,,,,,,Alert,1.62
WL.KKS.01,2026-10-09 06:15,-0.84,1.58,,0.0,0.0,,Normal,-0.76
WL.KKS.02,2026-10-09 06:15,-0.8,,,,,,Normal,-0.73
WL.KKS.03,2026-10-09 06:15,-0.89,,,,,,Normal,-0.82
WL.KKS.04,2026-10-09 06:15,-0.85,1.35,,0.0,,,Normal,-0.78
WL.KKY.01,2026-10-09 06:15,0.66,,,,,,Normal,0.66
WL.KKY.02,2026-10-09 06:15,0.67,,,,,,Normal,0.67
WL.KLA.01,2026-10-09 06:15,-0.14,,,,,,Alert,0.39
WL.KLD.01,2026-10-09 06:15,-0.39,,,,,,Normal,-0.27
WL.KLD.02,2026-10-09 06:15,-0.33,,,,,,Normal,-0.19
WL.KLT.01,2026-10-09 06:15,-0.72,,,,,,Normal,-0.72
WL.KMN.01,2026-10-09 06:15,0.35,1.5,,0.1,0.0,0.0,Normal,0.35
WL.KNB.02,2026-10-09 06:15,-0.37,,,,,,Normal,-0.36
WL.KPG.01,2026-10-09 06:15,-1.05,,,,,,Normal,-0.99
WL.KPM.01,2026-10-09 06:15,-0.33,,,,,,Normal,-0.25
WL.KPM.03,2026-10-09 06:15,-0.13,,,,,,Normal,-0.02
WL.KPM.05,2026-10-09 06:15,0.46,,,,,,Normal,0.53
WL.KPM.06,2026-10-09 06:15,0.44,,,,,,Normal,0.52
WL.KPM.08,2026-10-09 06:15,0.42,,,,,,Normal,0.53
WL.KSG.01,2026-10-09 06:15,0.73,,,,,,Normal,0.79
WL.KSI.01,2026-10-09 06:15,0.82,,,,,,Alert,0.84
WL.KSI.02,2026-10-09 06:15,0.84,,,,,,Critical,0.85
WL.KSK.01,2026-10-09 06:15,-0.58,,,,,,Normal,-0.56
WL.KSM.01,2026-10-09 06:15,0.84,,,,,,Critical,0.85
WL.KSM.02,2026-10-09 06:15,0.79,,,,,,Critical,0.81
WL.KSO.01,2026-10-09 06:15,0.74,,,,,,Normal,0.74
WL.KSO.02,2026-10-09 06:15,0.76,,,,,,Normal,0.76
WL.KTY.01,2026-10-09 06:15,-1.7,0.93,,0.0,,,Normal,-1.7
WL.LBK.02,2026-10-09 06:15,0.55,,,,,,Critical,0.58
WL.LBK.03,2026-10-09 06:15,0.47,,,,,,Critical,0.5
WL.LCL.01,2026-10-09 06:15,0.63,,,,,,Normal,0.67
WL.LKB.01,2026-10-09 06:15,0.72,,,,,,Critical,0.74
WL.LOA.01,2026-10-09 06:15,0.8,,,,,,Alert,0.9
WL.LOA.02,2026-10-09 06:15,0.84,,,,,,Normal,0.84
WL.LPC.01,2026-10-09 06:15,1.11,,,,,,Critical,1.12
WL.LPG.02,2026-10-09 06:15,1.02,1.75,,0.0,,,Critical,1.02
WL.LPG.03,2026-10-09 06:15,0.96,,,,,,Critical,0.97
WL.LPN.01,2026-10-09 06:15,-0.7,0.76,,0.01,,,Normal,-0.69
WL.LPP.01,2026-10-09 06:15,-1.01,,,,,,Normal,-0.95
WL.LPP.02,2026-10-09 06:15,-0.5,,,,,,Normal,
WL.LPT.03,2026-10-09 06:15,0.9,,,,,,Critical,0.91
WL.LPW.01,2026-10-09 06:15,-0.28,-0.34,,0.0,,,Normal,-0.27
WL.LPW.03,2026-10-09 06:15,0.21,,,,,,Normal,0.23
WL.LPW.05,2026-10-09 06:15,-0.63,,,,,,Normal,-0.63
WL.LSM.01,2026-10-09 06:15,-0.59,,,,,,Normal,-0.57
WL.LYW.02,2026-10-09 06:15,-1.46,,,,,,Normal,-1.45
WL.MCM.01,2026-10-09 06:15,0.24,,,,,,Normal,0.24
WL.MFS.01,2026-10-09 06:15,-0.74,,,,,,Normal,-0.73
WL.MKT.01,2026-10-09 06:15,-0.27,,,,,,Normal,-0.27
WL.MSW.01,2026-10-09 06:15,1.52,,,,,,Normal,1.52
WL.MSW.02,2026-10-09 06:15,1.14,,,,,,Normal,1.16
WL.MSW.03,2026-10-09 06:15,-1.48,,,,,,Normal,1.37
WL.MSW.04,2026-10-09 06:15,0.96,,,,,,Normal,
WL.MTG.01,2026-10-09 06:15,-0.68,,,,,,Normal,-0.68
WL.NBN.01,2026-10-09 06:15,-3.71,-1.35,,0.0,,,Normal,-3.58
WL.NCH.02,2026-10-09 06:15,-0.42,,,,,,Normal,-0.33
WL.NK1.01,2026-10-09 06:15,0.0,,,,,,Normal,0.0
WL.NK3.01,2026-10-09 06:15,-0.19,,,,,,Normal,-0.1
WL.NKW.02,2026-10-09 06:15,-0.27,,,,,,Normal,-0.27
WL.NSG.01,2026-10-09 06:15,-2.0,,,,,,Normal,-2.0
WL.OAG.01,2026-10-09 06:15,-0.89,,,,,,Normal,-0.82
WL.ORC.01,2026-10-09 06:15,-1.34,-0.77,,0.0,,,Normal,-1.34
WL.PKG.01,2026-10-09 06:15,1.41,,,,,,Normal,1.5
WL.PKN.01,2026-10-09 06:15,-0.85,1.05,,0.0,0.0,0.0,Normal,-0.84
WL.PLK.01,2026-10-09 06:15,0.43,,,,,,Normal,0.82
WL.PLP.01,2026-10-09 06:15,-0.39,,,,,,Normal,-0.38
WL.PNM.01,2026-10-09 06:15,0.37,,,,,,Critical,0.38
WL.PSC.01,2026-10-09 06:15,0.37,0.41,,0.0,0.0,0.0,Normal,0.37
WL.PSC.02,2026-10-09 06:15,0.34,,,,,,Normal,0.34
WL.PSC.03,2026-10-09 06:15,0.34,,,,,,Normal,0.34
WL.PSC.05,2026-10-09 06:15,0.41,,,,,,Normal,0.41
WL.PSI.01,2026-10-09 06:15,-1.7,,,,,,Normal,-1.27
WL.PSR.01,2026-10-09 06:15,1.1,1.8,,0.2,,,Critical,1.12
WL.PSR.02,2026-10-09 06:15,1.13,,,,,,Alert,1.15
WL.PSR.03,2026-10-09 06:15,1.11,,,,,,Alert,1.13
WL.PSR.04,2026-10-09 06:15,0.76,,,,,,Normal,0.78
WL.PSR.05,2026-10-09 06:15,0.79,,,,,,Alert,0.81
WL.PST.01,2026-10-09 06:15,-0.92,,,,,,Normal,-0.92
WL.PWT.01,2026-10-09 06:15,-0.57,,,,,,Normal,-0.57
WL.PWT.02,2026-10-09 06:15,0.0,,,,,,Normal,0.02
WL.PWT.03,2026-10-09 06:15,0.25,0.26,,5.8,5.9,,Critical,0.27
WL.PWT.04,2026-10-09 06:15,0.56,0.61,,4.06,,,Critical,0.59
WL.PWT.06,2026-10-09 06:15,0.97,,,,,,Critical,0.98
WL.PWT.07,2026-10-09 06:15,0.97,,,,,,Critical,0.97
WL.PYW.01,2026-10-09 06:15,-0.82,,,,,,Normal,-0.7
WL.RHN.01,2026-10-09 06:15,-0.99,0.67,,0.0,,,Normal,-0.86
WL.RJK.01,2026-10-09 06:15,0.34,0.34,,7.5,,,Normal,0.36
WL.RMN.01,2026-10-09 06:15,0.56,,,,,,Normal,
WL.RMT.01,2026-10-09 06:15,-0.83,0.74,,0.0,0.0,,Normal,-0.25
WL.RMT.02,2026-10-09 06:15,-0.14,,,,,,Normal,-0.08
WL.RMT.03,2026-10-09 06:15,-2.0,,,,,,Normal,-2.0
WL.RSK.01,2026-10-09 06:15,0.42,,,,,,Normal,0.42
WL.SBR.01,2026-10-09 06:15,0.71,1.14,,0.0,,,Normal,0.71
WL.SBR.02,2026-10-09 06:15,0.64,,,,,,Normal,0.64
WL.SBT.01,2026-10-09 06:15,-0.14,0.12,,0.0,,,Normal,-0.09
WL.SCO.01,2026-10-09 06:15,0.3,,,,,,Normal,0.3
WL.SDN.01,2026-10-09 06:15,0.23,,,,,,Normal,0.23
WL.SKT.01,2026-10-09 06:15,-0.71,,,,,,Normal,-0.55
WL.SKT.02,2026-10-09 06:15,-1.01,,,,,,Normal,-0.59
WL.SMK.01,2026-10-09 06:15,-0.25,,,,,,Normal,-0.25
WL.SNC.01,2026-10-09 06:15,-0.32,0.88,,0.0,0.0,0.0,Normal,-0.16
WL.SNC.02,2026-10-09 06:15,0.29,,,,,,Normal,0.3
WL.SNC.03,2026-10-09 06:15,0.01,,,,,,Normal,0.05
WL.SNO.01,2026-10-09 06:15,-0.83,,,,,,Normal,-0.74
WL.SOL.01,2026-10-09 06:15,-0.63,,,,,,Normal,-0.62
WL.SRE.01,2026-10-09 06:15,-0.04,1.28,,0.0,0.0,,Normal,-0.04
WL.SRG.01,2026-10-09 06:15,-0.44,1.08,,0.0,0.0,0.0,Normal,-0.37
WL.SSB.01,2026-10-09 06:15,-0.87,,,,,,Normal,-0.81
WL.SSB.03,2026-10-09 06:15,-0.6,,,,,,Normal,-0.57
WL.SSB.04,2026-10-09 06:15,-0.64,-0.66,,7.5,7.5,,Normal,-0.64
WL.SSB.06,2026-10-09 06:15,-0.46,,,,,,Normal,-0.22
WL.SSB.07,2026-10-09 06:15,-0.02,,,,,,Normal,-0.02
WL.SSB.08,2026-10-09 06:15,0.33,,,,,,Normal,0.33
WL.SSB.09,2026-10-09 06:15,0.55,1.1,,0.0,,,Critical,0.58
WL.SSB.10,2026-10-09 06:15,0.71,1.18,,2.0,,,Critical,0.73
WL.SSB.11,2026-10-09 06:15,1.24,,,,,,Critical,1.25
WL.SSB.12,2026-10-09 06:15,1.19,1.5,,0.0,,,Critical,1.21
WL.SSG.01,2026-10-09 06:15,1.58,,,,,,Alert,1.58
WL.SSM.01,2026-10-09 06:15,1.3,-99,,0.0,,,Critical,1.3
WL.SSM.02,2026-10-09 06:15,1.55,,,,,,Normal,
WL.SSN.01,2026-10-09 06:15,-1.06,1.64,,7.0,0.0,0.0,Normal,-1.05
WL.SSN.02,2026-10-09 06:15,-1.61,,,,,,Normal,-1.61
WL.SSN.04,2026-10-09 06:15,-1.21,,,,,,Normal,-1.2
WL.SSN.06,2026-10-09 06:15,-1.77,,,,,,Normal,-1.77
WL.SSN.07,2026-10-09 06:15,-1.08,,,,,,Normal,-1.02
WL.SSN.08,2026-10-09 06:15,-0.67,-0.67,,0.0,,,Normal,-0.67
WL.SSN.09,2026-10-09 06:15,-0.7,,,,,,Normal,-0.69
WL.SSN.10,2026-10-09 06:15,-0.68,,,,,,Normal,-0.66
WL.SST.01,2026-10-09 06:15,0.86,1.77,,0.32,,,Alert,0.91
WL.STN.02,2026-10-09 06:15,0.64,,,,,,Critical,0.66
WL.STN.03,2026-10-09 06:15,0.7,,,,,,Critical,0.72
WL.STR.01,2026-10-09 06:15,-1.02,0.21,1.25,0.0,0.0,0.0,Normal,-1.0
WL.SWA.01,2026-10-09 06:15,0.84,1.33,,0.43,,,Critical,0.86
WL.SWU.01,2026-10-09 06:15,-0.99,,,,,,Normal,-0.99
WL.TCG.01,2026-10-09 06:15,-0.86,,,,,,Normal,-0.84
WL.TPK.02,2026-10-09 06:15,0.42,,,,,,Critical,0.44
WL.TPK.03,2026-10-09 06:15,0.5,,,,,,Critical,0.52
WL.TSK.01,2026-10-09 06:15,-1.8,,,,,,Normal,-1.8
WL.TTN.01,2026-10-09 06:15,-0.68,,,,,,Normal,-0.65
WL.TUT.02,2026-10-09 06:15,-0.26,,,,,,Normal,-0.26
WL.TWW.01,2026-10-09 06:15,0.76,1.06,,0.99,,,Normal,0.76
WL.TWW.02,2026-10-09 06:15,0.72,,,,,,Normal,0.72
WL.TWW.03,2026-10-09 06:15,0.7,,,,,,Critical,0.7
WL.TWW.04,2026-10-09 06:15,0.68,,,,,,Normal,0.68
WL.TWW.05,2026-10-09 06:15,0.43,,,,,,Normal,0.43
WL.VPD.01,2026-10-09 06:15,-1.05,,,,,,Normal,-1.0
WL.VPD.02,2026-10-09 06:15,-1.01,,,,,,Normal,-0.96
WL.VPD.03,2026-10-09 06:15,-1.31,,,,,,Normal,-1.3
WL.VPV.01,2026-10-09 06:15,-2.64,,,0.0,,,Normal,-1.41
WL.WHK.01,2026-10-09 06:15,0.79,,,,,,Normal,0.79
WL.WLS.01,2026-10-09 06:15,0.53,,,,,,Normal,0.6
WL.WSI.01,2026-10-09 06:15,-1.24,1.11,,0.0,0.0,0.0,Normal,-0.54
WL.WSV.01,2026-10-09 06:15,0.15,,,,,,Normal,0.21
WL.WTK.01,2026-10-09 06:15,-0.55,,,,,,Normal,-0.55
WL.WTN.02,2026-10-09 06:15,-1.3,,,,,,Normal,-1.1
WL.YPE.01,2026-10-09 06:15,0.37,,,,,,Normal,0.37
WL.YPN.01,2026-10-09 06:15,-0.62,,,,,,Normal,-0.51
WL.YPN.02,2026-10-09 06:15,-0.66,,,,,,Normal,-0.57
WL.YSN.02,2026-10-09 06:15,-1.04,,,,,,Normal,-0.95
WL.BON.01,2026-10-09 06:25,-1.38,,,,,,out of order,-1.04
WL.KPM.04,2026-10-09 06:25,0.36,,,,,,Normal,0.49
WL.KKD.04,2026-10-09 06:35,-0.47,,,,,,Normal,-0.45
WL.TWW.03,2026-10-09 06:55,0.7,,,,,,temporarily out of order,0.7
WL.AJP.01,2026-10-09 07:00,-1.14,,,,,,backfill,
WL.ANX.01,2026-10-09 07:00,-0.09,,,,,,backfill,
WL.BAM.01,2026-10-09 07:00,0.29,,,,,,backfill,
WL.BBN.01,2026-10-09 07:00,,,,,,,backfill,
WL.BBN.02,2026-10-09 07:00,0.10,,,,,,backfill,
WL.BBN.03,2026-10-09 07:00,0.35,,,,,,backfill,
WL.BBR.01,2026-10-09 07:00,0.03,,,,,,backfill,
WL.BBR.02,2026-10-09 07:00,0.03,,,,,,backfill,
WL.BBU.01,2026-10-09 07:00,0.44,,,,,,backfill,
WL.BCN.01,2026-10-09 07:00,0.51,,,,,,backfill,
WL.BCN.02,2026-10-09 07:00,0.50,,,,,,backfill,
WL.BCN.03,2026-10-09 07:00,0.56,,,,,,backfill,
WL.BJK.01,2026-10-09 07:00,-1.40,0.72,,,,,backfill,
WL.BJK.02,2026-10-09 07:00,0.46,,,,,,backfill,
WL.BJK.03,2026-10-09 07:00,0.44,,,,,,backfill,
WL.BJK.04,2026-10-09 07:00,0.50,,,,,,backfill,
WL.BKA.01,2026-10-09 07:00,-1.55,1.77,,,,,backfill,
WL.BKA.02,2026-10-09 07:00,-0.82,,,,,,backfill,
WL.BKA.03,2026-10-09 07:00,-0.38,,,,,,backfill,
WL.BKA.04,2026-10-09 07:00,0.08,,,,,,backfill,
WL.BKB.01,2026-10-09 07:00,-0.33,,,,,,backfill,
WL.BKG.01,2026-10-09 07:00,0.67,-2.00,,,,,backfill,
WL.BKT.01,2026-10-09 07:00,-0.28,,,,,,backfill,
WL.BKY.01,2026-10-09 07:00,0.38,1.39,,,,,backfill,
WL.BKY.02,2026-10-09 07:00,0.46,,,,,,backfill,
WL.BLP.02,2026-10-09 07:00,-0.83,,,,,,backfill,
WL.BLY.01,2026-10-09 07:00,-0.45,,,,,,backfill,
WL.BLY.02,2026-10-09 07:00,-0.53,,,,,,backfill,
WL.BMA.02,2026-10-09 07:00,0.08,,,,,,backfill,
WL.BMK.01,2026-10-09 07:00,-1.43,,,,,,backfill,
WL.BNA.01,2026-10-09 07:00,-1.63,0.62,,,,,backfill,
WL.BNA.02,2026-10-09 07:00,,,,,,,backfill,
WL.BNA.03,2026-10-09 07:00,-0.58,,,,,,backfill,
WL.BNA.04,2026-10-09 07:00,-0.46,,,,,,backfill,
WL.BNJ.01,2026-10-09 07:00,,,,,,,backfill,
WL.BNJ.02,2026-10-09 07:00,-1.53,,,,,,backfill,
WL.BNJ.03,2026-10-09 07:00,,,,,,,backfill,
WL.BNJ.04,2026-10-09 07:00,-1.14,,,,,,backfill,
WL.BNS.01,2026-10-09 07:00,0.51,,,,,,backfill,
WL.BOA.01,2026-10-09 07:00,-1.42,0.77,,,,,backfill,
WL.BOA.02,2026-10-09 07:00,-1.45,,,,,,backfill,
WL.BOA.03,2026-10-09 07:00,-1.41,,,,,,backfill,
WL.BON.01,2026-10-09 07:00,,,,,,,backfill,
WL.BPA.01,2026-10-09 07:00,-0.55,,,,,,backfill,
WL.BPK.01,2026-10-09 07:00,0.06,,,,,,backfill,
WL.BPM.01,2026-10-09 07:00,0.46,,,,,,backfill,
WL.BPM.02,2026-10-09 07:00,0.51,,,,,,backfill,
WL.BPM.03,2026-10-09 07:00,0.63,,,,,,backfill,
WL.BPM.04,2026-10-09 07:00,0.58,,,,,,backfill,
WL.BPN.02,2026-10-09 07:00,0.16,,,,,,backfill,
WL.BPU.01,2026-10-09 07:00,-0.10,,,,,,backfill,
WL.BSK.01,2026-10-09 07:00,-0.27,1.11,,,,,backfill,
WL.BSU.01,2026-10-09 07:00,-1.00,1.72,,,,,backfill,
WL.BSU.02,2026-10-09 07:00,-0.87,,,,,,backfill,
WL.BSU.03,2026-10-09 07:00,-1.47,,,,,,backfill,
WL.BSU.04,2026-10-09 07:00,-1.11,,,,,,backfill,
WL.BSU.05,2026-10-09 07:00,-1.33,,,,,,backfill,
WL.BSU.06,2026-10-09 07:00,-0.71,,,,,,backfill,
WL.BSU.07,2026-10-09 07:00,-0.49,,,,,,backfill,
WL.BTL.01,2026-10-09 07:00,-1.13,,,,,,backfill,
WL.BTY.01,2026-10-09 07:00,0.31,,,,,,backfill,
WL.BWK.01,2026-10-09 07:00,0.39,,,,,,backfill,
WL.BWK.02,2026-10-09 07:00,0.60,,,,,,backfill,
WL.BWK.03,2026-10-09 07:00,0.64,,,,,,backfill,
WL.BYI.01,2026-10-09 07:00,1.00,,,,,,backfill,
WL.BYK.01,2026-10-09 07:00,,,,,,,backfill,
WL.BYK.02,2026-10-09 07:00,0.08,,,,,,backfill,
WL.CKS.01,2026-10-09 07:00,-1.29,,,,,,backfill,
WL.CKS.02,2026-10-09 07:00,-1.03,,,,,,backfill,
WL.CKS.03,2026-10-09 07:00,,,,,,,backfill,
WL.CNS.01,2026-10-09 07:00,-2.24,0.81,,,,,backfill,
WL.CPA.01,2026-10-09 07:00,0.48,1.51,,,,,backfill,
WL.CPA.02,2026-10-09 07:00,0.37,,,,,,backfill,
WL.CYI.01,2026-10-09 07:00,-0.64,,,,,,backfill,
WL.CYI.02,2026-10-09 07:00,-0.62,,,,,,backfill,
WL.CYI.03,2026-10-09 07:00,-0.54,,,,,,backfill,
WL.DKN.01,2026-10-09 07:00,0.24,1.06,,,,,backfill,
WL.FTM.01,2026-10-09 07:00,-1.39,,,,,,backfill,
WL.HKG.01,2026-10-09 07:00,-0.82,,,,,,backfill,
WL.HKG.02,2026-10-09 07:00,-0.75,,,,,,backfill,
WL.HMK.01,2026-10-09 07:00,-0.03,,,,,,backfill,
WL.HMK.02,2026-10-09 07:00,-0.11,,,,,,backfill,
WL.HMK.03,2026-10-09 07:00,-0.02,,,,,,backfill,
WL.JKK.01,2026-10-09 07:00,,,,,,,backfill,
WL.JRN.01,2026-10-09 07:00,0.34,0.96,,,,,backfill,
WL.KBU.01,2026-10-09 07:00,0.59,1.45,,,,,backfill,
WL.KBU.02,2026-10-09 07:00,0.56,,,,,,backfill,
WL.KCD.01,2026-10-09 07:00,-1.03,,,,,,backfill,
WL.KDN.01,2026-10-09 07:00,-0.67,0.87,,,,,backfill,
WL.KJA.01,2026-10-09 07:00,-1.07,,,,,,backfill,
WL.KJA.02,2026-10-09 07:00,-0.47,,,,,,backfill,
WL.KJG.01,2026-10-09 07:00,-0.63,,,,,,backfill,
WL.KJK.01,2026-10-09 07:00,-1.29,0.74,,,,,backfill,
WL.KJK.02,2026-10-09 07:00,-1.25,,,,,,backfill,
WL.KJN.01,2026-10-09 07:00,,,,,,,backfill,
WL.KJN.02,2026-10-09 07:00,-0.13,,,,,,backfill,
WL.KJT.01,2026-10-09 07:00,-1.04,,,,,,backfill,
WL.KJU.01,2026-10-09 07:00,-0.73,,,,,,backfill,
WL.KKD.01,2026-10-09 07:00,-0.44,,,,,,backfill,
WL.KKD.02,2026-10-09 07:00,-0.53,,,,,,backfill,
WL.KKD.03,2026-10-09 07:00,-0.53,,,,,,backfill,
WL.KKD.04,2026-10-09 07:00,-0.47,,,,,,backfill,
WL.KKO.01,2026-10-09 07:00,1.62,,,,,,backfill,
WL.KKS.01,2026-10-09 07:00,-0.84,1.51,,,,,backfill,
WL.KKS.02,2026-10-09 07:00,-0.81,,,,,,backfill,
WL.KKS.03,2026-10-09 07:00,-0.89,,,,,,backfill,
WL.KKS.04,2026-10-09 07:00,-0.85,1.23,,,,,backfill,
WL.KKY.01,2026-10-09 07:00,0.66,,,,,,backfill,
WL.KKY.02,2026-10-09 07:00,0.67,,,,,,backfill,
WL.KLA.01,2026-10-09 07:00,-0.14,,,,,,backfill,
WL.KLD.01,2026-10-09 07:00,-0.38,,,,,,backfill,
WL.KLD.02,2026-10-09 07:00,-0.33,,,,,,backfill,
WL.KLT.01,2026-10-09 07:00,-0.70,,,,,,backfill,
WL.KMN.01,2026-10-09 07:00,0.35,1.42,,,,,backfill,
WL.KNB.01,2026-10-09 07:00,,,,,,,backfill,
WL.KNB.02,2026-10-09 07:00,-0.37,,,,,,backfill,
WL.KPG.01,2026-10-09 07:00,-1.02,,,,,,backfill,
WL.KPM.01,2026-10-09 07:00,-0.35,,,,,,backfill,
WL.KPM.03,2026-10-09 07:00,-0.13,,,,,,backfill,
WL.KPM.04,2026-10-09 07:00,0.38,,,,,,backfill,
WL.KPM.05,2026-10-09 07:00,0.48,,,,,,backfill,
WL.KPM.06,2026-10-09 07:00,0.48,,,,,,backfill,
WL.KPM.08,2026-10-09 07:00,0.43,,,,,,backfill,
WL.KPM.09,2026-10-09 07:00,,,,,,,backfill,
WL.KSG.01,2026-10-09 07:00,0.73,,,,,,backfill,
WL.KSI.01,2026-10-09 07:00,0.82,,,,,,backfill,
WL.KSI.02,2026-10-09 07:00,0.84,,,,,,backfill,
WL.KSK.01,2026-10-09 07:00,-0.58,,,,,,backfill,
WL.KSM.01,2026-10-09 07:00,0.84,,,,,,backfill,
WL.KSM.02,2026-10-09 07:00,0.79,,,,,,backfill,
WL.KSO.01,2026-10-09 07:00,0.74,,,,,,backfill,
WL.KSO.02,2026-10-09 07:00,0.76,,,,,,backfill,
WL.KT4.01,2026-10-09 07:00,0.54,,,,,,backfill,
WL.KTY.01,2026-10-09 07:00,-1.67,0.73,,,,,backfill,
WL.LBK.02,2026-10-09 07:00,0.55,,,,,,backfill,
WL.LBK.03,2026-10-09 07:00,0.47,,,,,,backfill,
WL.LCL.01,2026-10-09 07:00,0.63,,,,,,backfill,
WL.LCL.02,2026-10-09 07:00,,,,,,,backfill,
WL.LKB.01,2026-10-09 07:00,0.72,,,,,,backfill,
WL.LOA.01,2026-10-09 07:00,0.68,,,,,,backfill,
WL.LOA.02,2026-10-09 07:00,0.83,,,,,,backfill,
WL.LPC.01,2026-10-09 07:00,1.11,,,,,,backfill,
WL.LPG.02,2026-10-09 07:00,1.02,1.75,,,,,backfill,
WL.LPG.03,2026-10-09 07:00,0.96,,,,,,backfill,
WL.LPI.02,2026-10-09 07:00,,,,,,,backfill,
WL.LPN.01,2026-10-09 07:00,-0.71,0.72,,,,,backfill,
WL.LPP.01,2026-10-09 07:00,-1.02,,,,,,backfill,
WL.LPT.01,2026-10-09 07:00,1.21,,,,,,backfill,
WL.LPT.03,2026-10-09 07:00,0.89,,,,,,backfill,
WL.LPW.01,2026-10-09 07:00,-0.26,-0.32,,,,,backfill,
WL.LPW.03,2026-10-09 07:00,0.22,,,,,,backfill,
WL.LPW.04,2026-10-09 07:00,,,,,,,backfill,
WL.LPW.05,2026-10-09 07:00,-0.62,,,,,,backfill,
WL.LSG.01,2026-10-09 07:00,,,,,,,backfill,
WL.LSM.01,2026-10-09 07:00,-0.60,,,,,,backfill,
WL.LYW.01,2026-10-09 07:00,,,,,,,backfill,
WL.LYW.02,2026-10-09 07:00,-1.46,,,,,,backfill,
WL.MCM.01,2026-10-09 07:00,0.25,,,,,,backfill,
WL.MFS.01,2026-10-09 07:00,-0.74,,,,,,backfill,
WL.MKT.01,2026-10-09 07:00,-0.27,,,,,,backfill,
WL.MSW.01,2026-10-09 07:00,1.50,,,,,,backfill,
WL.MSW.02,2026-10-09 07:00,1.14,,,,,,backfill,
WL.MSW.03,2026-10-09 07:00,-1.48,,,,,,backfill,
WL.MTG.01,2026-10-09 07:00,-0.68,,,,,,backfill,
WL.NBN.01,2026-10-09 07:00,-3.72,-1.35,,,,,backfill,
WL.NCH.02,2026-10-09 07:00,-0.38,,,,,,backfill,
WL.NK1.01,2026-10-09 07:00,-0.88,,,,,,backfill,
WL.NK3.01,2026-10-09 07:00,-0.27,,,,,,backfill,
WL.NKW.02,2026-10-09 07:00,-0.61,,,,,,backfill,
WL.NSG.01,2026-10-09 07:00,-2.00,,,,,,backfill,
WL.OAG.01,2026-10-09 07:00,-0.89,,,,,,backfill,
WL.ORC.01,2026-10-09 07:00,-1.34,-0.75,,,,,backfill,
WL.PKG.01,2026-10-09 07:00,1.33,,,,,,backfill,
WL.PKN.01,2026-10-09 07:00,-0.82,0.88,,,,,backfill,
WL.PLK.01,2026-10-09 07:00,0.20,,,,,,backfill,
WL.PLP.01,2026-10-09 07:00,-0.38,,,,,,backfill,
WL.PNM.01,2026-10-09 07:00,0.37,,,,,,backfill,
WL.PSC.01,2026-10-09 07:00,0.38,0.42,,,,,backfill,
WL.PSC.02,2026-10-09 07:00,0.34,,,,,,backfill,
WL.PSC.03,2026-10-09 07:00,0.34,,,,,,backfill,
WL.PSC.05,2026-10-09 07:00,0.41,,,,,,backfill,
WL.PSI.01,2026-10-09 07:00,-1.79,,,,,,backfill,
WL.PSR.01,2026-10-09 07:00,1.10,1.80,,,,,backfill,
WL.PSR.02,2026-10-09 07:00,1.13,,,,,,backfill,
WL.PSR.03,2026-10-09 07:00,1.11,,,,,,backfill,
WL.PSR.04,2026-10-09 07:00,0.75,,,,,,backfill,
WL.PSR.05,2026-10-09 07:00,0.79,,,,,,backfill,
WL.PSR.06,2026-10-09 07:00,,,,,,,backfill,
WL.PST.01,2026-10-09 07:00,-0.92,,,,,,backfill,
WL.PWT.01,2026-10-09 07:00,-0.56,,,,,,backfill,
WL.PWT.02,2026-10-09 07:00,0.01,,,,,,backfill,
WL.PWT.03,2026-10-09 07:00,0.24,0.25,,,,,backfill,
WL.PWT.04,2026-10-09 07:00,0.55,0.60,,,,,backfill,
WL.PWT.05,2026-10-09 07:00,,,,,,,backfill,
WL.PWT.06,2026-10-09 07:00,0.97,,,,,,backfill,
WL.PWT.07,2026-10-09 07:00,0.97,,,,,,backfill,
WL.PYW.01,2026-10-09 07:00,-1.26,,,,,,backfill,
WL.RHN.01,2026-10-09 07:00,-1.49,0.59,,,,,backfill,
WL.RJK.01,2026-10-09 07:00,0.34,0.34,,,,,backfill,
WL.RKC.01,2026-10-09 07:00,-0.93,,,,,,backfill,
WL.RMT.01,2026-10-09 07:00,-1.06,0.74,,,,,backfill,
WL.RMT.02,2026-10-09 07:00,-0.16,,,,,,backfill,
WL.RSK.01,2026-10-09 07:00,0.43,,,,,,backfill,
WL.SBR.01,2026-10-09 07:00,0.71,1.14,,,,,backfill,
WL.SBR.02,2026-10-09 07:00,0.64,,,,,,backfill,
WL.SBT.01,2026-10-09 07:00,-0.15,0.11,,,,,backfill,
WL.SCO.01,2026-10-09 07:00,0.31,,,,,,backfill,
WL.SDN.01,2026-10-09 07:00,0.23,,,,,,backfill,
WL.SKG.01,2026-10-09 07:00,,,,,,,backfill,
WL.SKT.01,2026-10-09 07:00,-0.82,,,,,,backfill,
WL.SKT.02,2026-10-09 07:00,-1.28,,,,,,backfill,
WL.SLL.01,2026-10-09 07:00,,,,,,,backfill,
WL.SMK.01,2026-10-09 07:00,-0.25,,,,,,backfill,
WL.SNC.01,2026-10-09 07:00,-0.29,0.85,,,,,backfill,
WL.SNC.02,2026-10-09 07:00,0.30,,,,,,backfill,
WL.SNC.03,2026-10-09 07:00,0.00,,,,,,backfill,
WL.SNO.01,2026-10-09 07:00,-0.84,,,,,,backfill,
WL.SOL.01,2026-10-09 07:00,-0.63,,,,,,backfill,
WL.SRE.01,2026-10-09 07:00,0.00,1.15,,,,,backfill,
WL.SRG.01,2026-10-09 07:00,-0.46,0.98,,,,,backfill,
WL.SSB.01,2026-10-09 07:00,-0.85,,,,,,backfill,
WL.SSB.03,2026-10-09 07:00,-0.54,,,,,,backfill,
WL.SSB.04,2026-10-09 07:00,-0.61,-0.60,,,,,backfill,
WL.SSB.06,2026-10-09 07:00,-0.64,,,,,,backfill,
WL.SSB.07,2026-10-09 07:00,0.01,,,,,,backfill,
WL.SSB.08,2026-10-09 07:00,0.34,,,,,,backfill,
WL.SSB.10,2026-10-09 07:00,0.70,1.18,,,,,backfill,
WL.SSB.11,2026-10-09 07:00,1.24,,,,,,backfill,
WL.SSB.12,2026-10-09 07:00,1.20,1.50,,,,,backfill,
WL.SSG.01,2026-10-09 07:00,1.57,,,,,,backfill,
WL.SSM.01,2026-10-09 07:00,1.30,,,,,,backfill,
WL.SSN.01,2026-10-09 07:00,-1.06,1.58,,,,,backfill,
WL.SSN.02,2026-10-09 07:00,-1.52,,,,,,backfill,
WL.SSN.04,2026-10-09 07:00,-1.21,,,,,,backfill,
WL.SSN.06,2026-10-09 07:00,-1.77,,,,,,backfill,
WL.SSN.07,2026-10-09 07:00,-1.08,,,,,,backfill,
WL.SSN.08,2026-10-09 07:00,-0.65,-0.64,,,,,backfill,
WL.SSN.09,2026-10-09 07:00,-0.67,,,,,,backfill,
WL.SSN.10,2026-10-09 07:00,-0.65,,,,,,backfill,
WL.SST.01,2026-10-09 07:00,0.86,1.76,,,,,backfill,
WL.STN.01,2026-10-09 07:00,0.52,,,,,,backfill,
WL.STN.02,2026-10-09 07:00,0.63,,,,,,backfill,
WL.STN.03,2026-10-09 07:00,0.69,,,,,,backfill,
WL.STR.01,2026-10-09 07:00,-1.03,0.19,1.13,,,,backfill,
WL.SWA.01,2026-10-09 07:00,0.84,1.33,,,,,backfill,
WL.SWU.01,2026-10-09 07:00,-0.97,,,,,,backfill,
WL.TCG.01,2026-10-09 07:00,-0.86,,,,,,backfill,
WL.TPK.02,2026-10-09 07:00,0.42,,,,,,backfill,
WL.TPK.03,2026-10-09 07:00,0.49,,,,,,backfill,
WL.TSK.01,2026-10-09 07:00,-1.80,,,,,,backfill,
WL.TTN.01,2026-10-09 07:00,-0.68,,,,,,backfill,
WL.TUT.02,2026-10-09 07:00,-0.27,,,,,,backfill,
WL.TWW.01,2026-10-09 07:00,0.76,1.06,,,,,backfill,
WL.TWW.02,2026-10-09 07:00,0.72,,,,,,backfill,
WL.TWW.03,2026-10-09 07:00,0.70,,,,,,backfill,
WL.TWW.04,2026-10-09 07:00,0.68,,,,,,backfill,
WL.TWW.05,2026-10-09 07:00,0.44,,,,,,backfill,
WL.VPD.01,2026-10-09 07:00,-1.06,,,,,,backfill,
WL.VPD.02,2026-10-09 07:00,-1.04,,,,,,backfill,
WL.VPD.03,2026-10-09 07:00,-1.31,,,,,,backfill,
WL.VPV.01,2026-10-09 07:00,-2.32,,,,,,backfill,
WL.WHK.01,2026-10-09 07:00,0.79,,,,,,backfill,
WL.WKT.01,2026-10-09 07:00,0.54,,,,,,backfill,
WL.WLS.01,2026-10-09 07:00,0.53,,,,,,backfill,
WL.WSI.01,2026-10-09 07:00,-0.91,0.98,,,,,backfill,
WL.WSV.01,2026-10-09 07:00,0.10,,,,,,backfill,
WL.WTK.01,2026-10-09 07:00,-0.55,,,,,,backfill,
WL.WTN.02,2026-10-09 07:00,-1.55,,,,,,backfill,
WL.YPE.01,2026-10-09 07:00,0.37,,,,,,backfill,
WL.YPN.01,2026-10-09 07:00,-0.59,,,,,,backfill,
WL.YPN.02,2026-10-09 07:00,-0.66,,,,,,backfill,
WL.YSN.02,2026-10-09 07:00,-1.04,,,,,,backfill,
WL.ANG.01,2026-10-09 07:10,0.97,,,,,,Normal,
WL.BBU.02,2026-10-09 07:10,0.5,,,,,,Normal,
WL.BKB.01,2026-10-09 07:10,-0.33,,,,,,Normal,-0.33
WL.BKH.01,2026-10-09 07:10,0.06,,,,,,Normal,
WL.BKK.01,2026-10-09 07:10,0.49,,,,,,Normal,
WL.BMD.01,2026-10-09 07:10,0.46,,,,,,Normal,
WL.BNJ.05,2026-10-09 07:10,-1.25,,,,,,Normal,
WL.BPA.01,2026-10-09 07:10,-0.55,,,,,,Normal,-0.55
WL.BSE.01,2026-10-09 07:10,-1.58,,,,,,Normal,
WL.BTL.02,2026-10-09 07:10,-0.04,,,,,,Normal,
WL.CLH.01,2026-10-09 07:10,-0.35,,,,,,Normal,
WL.CYI.02,2026-10-09 07:10,-0.62,,,,,,Normal,-0.62
WL.K08.01,2026-10-09 07:10,1.56,,,,,,Alert,
WL.K10.01,2026-10-09 07:10,1.63,,,,,,Alert,
WL.K11.01,2026-10-09 07:10,1.58,,,,,,Alert,
WL.KBP.01,2026-10-09 07:10,-0.51,,,,,,Normal,
WL.KHW.01,2026-10-09 07:10,1.72,,,,,,Normal,
WL.KKO.02,2026-10-09 07:10,1.57,,,,,,Alert,
WL.KPM.07,2026-10-09 07:10,0.57,,,,,,Normal,
WL.LPP.02,2026-10-09 07:10,-0.51,,,,,,Normal,
WL.LPS.01,2026-10-09 07:10,0.82,,,,,,Normal,
WL.LPT.05,2026-10-09 07:10,1.27,,,,,,Normal,
WL.MKT.02,2026-10-09 07:10,-0.81,,,,,,Normal,
WL.MSW.04,2026-10-09 07:10,0.96,,,,,,Normal,
WL.NK3.02,2026-10-09 07:10,-0.05,,,,,,Normal,
WL.POC.01,2026-10-09 07:10,1.46,,,,,,Normal,
WL.PSC.06,2026-10-09 07:10,0.5,,,,,,Normal,
WL.RMN.01,2026-10-09 07:10,0.55,,,,,,Normal,
WL.RPS.01,2026-10-09 07:10,2.03,,,,,,Alert,
WL.SSB.13,2026-10-09 07:10,1.89,,,,,,Critical,
WL.SSG.02,2026-10-09 07:10,1.57,,,,,,Alert,
WL.SSM.02,2026-10-09 07:10,1.55,,,,,,Normal,
WL.STN.01,2026-10-09 07:10,0.52,,,,,,Alert,0.53
WL.SWA.02,2026-10-09 07:10,1.49,,,,,,Normal,
WL.AJP.01,2026-10-09 07:15,-1.13,,,,,,Normal,-0.54
WL.ANX.01,2026-10-09 07:15,-0.01,,,,,,Normal,0.02
WL.BAM.01,2026-10-09 07:15,0.29,,,,,,Normal,0.4
WL.BBN.01,2026-10-09 07:15,-0.06,,,,,,Normal,-0.05
WL.BBN.02,2026-10-09 07:15,0.1,,,,,,Normal,0.11
WL.BBN.03,2026-10-09 07:15,0.36,,,,,,Normal,0.36
WL.BBR.01,2026-10-09 07:15,0.03,,,,,,Normal,0.13
WL.BBR.02,2026-10-09 07:15,0.0,,,,,,Normal,0.09
WL.BBU.01,2026-10-09 07:15,0.44,,,,,,Normal,0.5
WL.BCN.01,2026-10-09 07:15,0.51,,,,,,Normal,0.51
WL.BCN.02,2026-10-09 07:15,0.5,,,,,,Normal,0.5
WL.BCN.03,2026-10-09 07:15,0.54,,,,,,Normal,0.58
WL.BJK.01,2026-10-09 07:15,-1.44,0.65,,0.0,0.0,,Normal,-1.06
WL.BJK.02,2026-10-09 07:15,0.46,,,,,,Normal,0.46
WL.BJK.03,2026-10-09 07:15,0.44,,,,,,Normal,0.44
WL.BJK.04,2026-10-09 07:15,0.5,,,,,,Normal,0.5
WL.BKA.01,2026-10-09 07:15,-1.41,1.75,,1.73,1.75,0.0,Normal,-1.24
WL.BKA.02,2026-10-09 07:15,-0.82,,,,,,Normal,-0.69
WL.BKA.03,2026-10-09 07:15,-0.38,,,,,,Normal,-0.27
WL.BKA.04,2026-10-09 07:15,0.07,,,,,,Normal,0.16
WL.BKG.01,2026-10-09 07:15,0.66,-2.0,,0.0,,,Critical,0.68
WL.BKT.01,2026-10-09 07:15,-0.28,,,,,,Normal,-0.28
WL.BKY.01,2026-10-09 07:15,0.38,1.36,,3.75,0.0,0.0,Normal,0.39
WL.BKY.02,2026-10-09 07:15,0.46,,,,,,Normal,0.46
WL.BLP.02,2026-10-09 07:15,-0.83,,,,,,Normal,-0.77
WL.BLY.01,2026-10-09 07:15,-0.44,,,,,,Normal,-0.43
WL.BLY.02,2026-10-09 07:15,-0.53,,,,,,Normal,-0.52
WL.BMA.02,2026-10-09 07:15,0.08,,,,,,Normal,0.09
WL.BMK.01,2026-10-09 07:15,-1.37,,,,,,Normal,-1.29
WL.BNA.01,2026-10-09 07:15,-1.64,0.57,,0.0,0.0,,Normal,-1.15
WL.BNA.03,2026-10-09 07:15,-0.59,,,,,,Normal,-0.55
WL.BNA.04,2026-10-09 07:15,-0.46,,,,,,Normal,-0.42
WL.BNJ.02,2026-10-09 07:15,-1.35,,,,,,Normal,-1.16
WL.BNJ.04,2026-10-09 07:15,-1.11,,,,,,Normal,-1.05
WL.BNS.01,2026-10-09 07:15,0.51,,,,,,Normal,0.51
WL.BOA.01,2026-10-09 07:15,-1.39,0.72,,0.0,0.0,,Normal,-1.05
WL.BOA.02,2026-10-09 07:15,-1.45,,,,,,Normal,-1.02
WL.BOA.03,2026-10-09 07:15,-1.41,,,,,,Normal,-1.12
WL.BPK.01,2026-10-09 07:15,0.04,,,,,,Normal,0.16
WL.BPM.01,2026-10-09 07:15,0.46,,,,,,Normal,0.46
WL.BPM.02,2026-10-09 07:15,0.51,,,,,,Normal,0.51
WL.BPM.03,2026-10-09 07:15,0.63,,,,,,Alert,0.63
WL.BPM.04,2026-10-09 07:15,0.59,,,,,,Normal,0.59
WL.BPN.02,2026-10-09 07:15,0.16,,,,,,Normal,0.16
WL.BPU.01,2026-10-09 07:15,-0.22,,,,,,Normal,0.73
WL.BSK.01,2026-10-09 07:15,-0.21,1.06,,0.0,0.0,,Normal,0.42
WL.BSU.01,2026-10-09 07:15,-0.96,1.7,,0.0,0.0,0.0,Normal,-0.86
WL.BSU.02,2026-10-09 07:15,-0.87,,,,,,Normal,-0.78
WL.BSU.03,2026-10-09 07:15,-1.46,,,,,,Normal,-1.3
WL.BSU.04,2026-10-09 07:15,-1.11,,,,,,Normal,-1.1
WL.BSU.05,2026-10-09 07:15,-1.28,,,,,,Normal,-1.25
WL.BSU.06,2026-10-09 07:15,-0.69,,,,,,Normal,-0.69
WL.BSU.07,2026-10-09 07:15,-0.49,,,,,,Normal,-0.49
WL.BTL.01,2026-10-09 07:15,-0.53,,,,,,Normal,-0.51
WL.BTY.01,2026-10-09 07:15,0.31,,,,,,Normal,0.36
WL.BWK.01,2026-10-09 07:15,0.4,,,,,,Normal,0.4
WL.BWK.02,2026-10-09 07:15,0.6,,,,,,Alert,0.6
WL.BWK.03,2026-10-09 07:15,0.64,,,,,,Normal,0.64
WL.BYI.01,2026-10-09 07:15,1.0,,,,,,Critical,1.0
WL.BYK.02,2026-10-09 07:15,0.06,,,,,,Normal,0.11
WL.CKS.01,2026-10-09 07:15,-1.29,,,0.0,0.0,,Normal,-1.28
WL.CKS.02,2026-10-09 07:15,-1.04,,,,,,Normal,-0.95
WL.CNS.01,2026-10-09 07:15,-2.1,0.75,,0.0,0.0,,Normal,-1.23
WL.CPA.01,2026-10-09 07:15,0.48,1.47,,5.32,3.52,,Normal,0.48
WL.CPA.02,2026-10-09 07:15,0.37,,,,,,Normal,0.37
WL.CYI.01,2026-10-09 07:15,-0.64,,,,,,Normal,-0.64
WL.CYI.03,2026-10-09 07:15,-0.53,,,,,,Normal,-0.53
WL.DKN.01,2026-10-09 07:15,0.25,0.99,,7.02,0.0,6.97,Normal,0.26
WL.FTM.01,2026-10-09 07:15,-1.64,,,,,,Normal,-1.07
WL.HKG.01,2026-10-09 07:15,-0.81,,,,,,Normal,-0.77
WL.HKG.02,2026-10-09 07:15,-0.75,,,,,,Normal,-0.73
WL.HMK.01,2026-10-09 07:15,-0.03,,,,,,Alert,0.0
WL.HMK.02,2026-10-09 07:15,-0.12,,,,,,Normal,-0.02
WL.HMK.03,2026-10-09 07:15,-0.02,,,,,,Normal,0.0
WL.JRN.01,2026-10-09 07:15,0.35,0.9,,0.0,,,Normal,0.35
WL.KBU.01,2026-10-09 07:15,0.59,1.44,,0.0,,,Normal,0.59
WL.KBU.02,2026-10-09 07:15,0.57,,,,,,Normal,0.57
WL.KCD.01,2026-10-09 07:15,-1.03,,,,,,Normal,-1.0
WL.KDN.01,2026-10-09 07:15,-0.67,0.8,,0.0,,,Normal,-0.6
WL.KJA.01,2026-10-09 07:15,-1.08,,,,,,Normal,-0.85
WL.KJA.02,2026-10-09 07:15,-0.47,,,,,,Normal,-0.47
WL.KJG.01,2026-10-09 07:15,-0.62,,,,,,Normal,-0.18
WL.KJK.01,2026-10-09 07:15,-1.29,0.67,,0.0,0.0,,Normal,-1.17
WL.KJK.02,2026-10-09 07:15,-1.23,,,,,,Normal,-1.11
WL.KJN.02,2026-10-09 07:15,-0.14,,,,,,Normal,-0.13
WL.KJT.01,2026-10-09 07:15,-1.02,,,,,,Normal,-0.51
WL.KJU.01,2026-10-09 07:15,-0.63,,,,,,Normal,-0.38
WL.KKD.01,2026-10-09 07:15,-0.44,,,,,,Normal,-0.41
WL.KKD.02,2026-10-09 07:15,-0.53,,,,,,Normal,-0.51
WL.KKD.03,2026-10-09 07:15,-0.53,,,,,,Normal,-0.5
WL.KKO.01,2026-10-09 07:15,1.62,,,,,,Alert,1.62
WL.KKS.01,2026-10-09 07:15,-0.82,1.48,,0.0,0.0,,Normal,-0.76
WL.KKS.02,2026-10-09 07:15,-0.79,,,,,,Normal,-0.73
WL.KKS.03,2026-10-09 07:15,-0.88,,,,,,Normal,-0.82
WL.KKS.04,2026-10-09 07:15,-0.84,1.18,,0.0,,,Normal,-0.78
WL.KKY.01,2026-10-09 07:15,0.66,,,,,,Normal,0.66
WL.KKY.02,2026-10-09 07:15,0.67,,,,,,Normal,0.67
WL.KLA.01,2026-10-09 07:15,-0.14,,,,,,Alert,0.39
WL.KLD.01,2026-10-09 07:15,-0.4,,,,,,Normal,-0.27
WL.KLD.02,2026-10-09 07:15,-0.32,,,,,,Normal,-0.19
WL.KLT.01,2026-10-09 07:15,-0.7,,,,,,Normal,-0.7
WL.KMN.01,2026-10-09 07:15,0.35,1.34,,0.11,5.46,0.0,Normal,0.38
WL.KNB.02,2026-10-09 07:15,-0.37,,,,,,Normal,-0.36
WL.KPG.01,2026-10-09 07:15,-1.02,,,,,,Normal,-0.99
WL.KPM.01,2026-10-09 07:15,-0.35,,,,,,Normal,-0.25
WL.KPM.03,2026-10-09 07:15,-0.13,,,,,,Normal,-0.02
WL.KPM.05,2026-10-09 07:15,0.49,,,,,,Normal,0.53
WL.KPM.06,2026-10-09 07:15,0.5,,,,,,Normal,0.52
WL.KPM.08,2026-10-09 07:15,0.43,,,,,,Normal,0.53
WL.KSG.01,2026-10-09 07:15,0.73,,,,,,Normal,0.79
WL.KSI.01,2026-10-09 07:15,0.82,,,,,,Alert,0.84
WL.KSI.02,2026-10-09 07:15,0.83,,,,,,Critical,0.85
WL.KSK.01,2026-10-09 07:15,-0.58,,,,,,Normal,-0.56
WL.KSM.01,2026-10-09 07:15,0.84,,,,,,Critical,0.85
WL.KSM.02,2026-10-09 07:15,0.79,,,,,,Critical,0.81
WL.KSO.01,2026-10-09 07:15,0.75,,,,,,Normal,0.75
WL.KSO.02,2026-10-09 07:15,0.76,,,,,,Normal,0.76
WL.KT4.01,2026-10-09 07:15,0.54,,,,,,Critical,0.54
WL.KTY.01,2026-10-09 07:15,-1.66,0.67,,0.0,,,Normal,-1.66
WL.LBK.02,2026-10-09 07:15,0.55,,,,,,Critical,0.58
WL.LBK.03,2026-10-09 07:15,0.47,,,,,,Critical,0.5
WL.LCL.01,2026-10-09 07:15,0.63,,,,,,Normal,0.67
WL.LKB.01,2026-10-09 07:15,0.72,,,,,,Critical,0.74
WL.LOA.01,2026-10-09 07:15,0.6,,,,,,Normal,0.9
WL.LOA.02,2026-10-09 07:15,0.83,,,,,,Normal,0.84
WL.LPC.01,2026-10-09 07:15,1.11,,,,,,Critical,1.12
WL.LPG.02,2026-10-09 07:15,1.02,1.75,,0.0,,,Critical,1.02
WL.LPG.03,2026-10-09 07:15,0.96,,,,,,Critical,0.97
WL.LPN.01,2026-10-09 07:15,-0.72,0.7,,0.01,,,Normal,-0.69
WL.LPP.01,2026-10-09 07:15,-1.02,,,,,,Normal,-0.95
WL.LPT.01,2026-10-09 07:15,1.21,,,,,,Critical,1.21
WL.LPT.03,2026-10-09 07:15,0.9,,,,,,Critical,0.91
WL.LPW.01,2026-10-09 07:15,-0.26,-0.33,,0.0,,,Normal,-0.26
WL.LPW.03,2026-10-09 07:15,0.22,,,,,,Normal,0.23
WL.LPW.05,2026-10-09 07:15,-0.62,,,,,,Normal,-0.61
WL.LSM.01,2026-10-09 07:15,-0.6,,,,,,Normal,-0.57
WL.LYW.01,2026-10-09 07:15,-1.52,,,,,,Normal,0.0
WL.LYW.02,2026-10-09 07:15,-1.46,,,,,,Normal,-1.45
WL.MCM.01,2026-10-09 07:15,0.25,,,,,,Normal,0.25
WL.MFS.01,2026-10-09 07:15,-0.73,,,,,,Normal,-0.72
WL.MKT.01,2026-10-09 07:15,-0.27,,,,,,Normal,-0.27
WL.MSW.01,2026-10-09 07:15,1.48,,,,,,Normal,1.52
WL.MSW.02,2026-10-09 07:15,1.15,,,,,,Normal,1.16
WL.MSW.03,2026-10-09 07:15,-1.51,,,,,,Normal,1.37
WL.MTG.01,2026-10-09 07:15,-0.68,,,,,,Normal,-0.68
WL.NBN.01,2026-10-09 07:15,-3.74,-1.34,,0.0,,,Normal,-3.58
WL.NCH.02,2026-10-09 07:15,-0.72,,,,,,Normal,-0.33
WL.NK1.01,2026-10-09 07:15,-1.16,,,,,,Normal,0.02
WL.NK3.01,2026-10-09 07:15,-0.29,,,,,,Normal,-0.1
WL.NKW.02,2026-10-09 07:15,-0.5,,,,,,Normal,-0.26
WL.NSG.01,2026-10-09 07:15,-2.0,,,,,,Normal,-2.0
WL.OAG.01,2026-10-09 07:15,-0.87,,,,,,Normal,-0.82
WL.ORC.01,2026-10-09 07:15,-1.34,-0.71,,0.0,,,Normal,-1.34
WL.PKG.01,2026-10-09 07:15,1.28,,,,,,Normal,1.5
WL.PKN.01,2026-10-09 07:15,-0.82,0.83,,0.0,0.0,0.0,Normal,-0.68
WL.PLK.01,2026-10-09 07:15,0.11,,,,,,Normal,0.82
WL.PLP.01,2026-10-09 07:15,-0.38,,,,,,Normal,-0.38
WL.PNM.01,2026-10-09 07:15,0.37,,,,,,Critical,0.38
WL.PSC.01,2026-10-09 07:15,0.38,0.42,,0.0,0.0,0.0,Normal,0.38
WL.PSC.02,2026-10-09 07:15,0.35,,,,,,Normal,0.35
WL.PSC.03,2026-10-09 07:15,0.35,,,,,,Normal,0.35
WL.PSC.05,2026-10-09 07:15,0.42,,,,,,Normal,0.42
WL.PSI.01,2026-10-09 07:15,-1.76,,,,,,Normal,-1.27
WL.PSR.01,2026-10-09 07:15,1.09,1.79,,0.2,,,Alert,1.12
WL.PSR.02,2026-10-09 07:15,1.13,,,,,,Alert,1.15
WL.PSR.03,2026-10-09 07:15,1.11,,,,,,Alert,1.13
WL.PSR.04,2026-10-09 07:15,0.75,,,,,,Normal,0.78
WL.PSR.05,2026-10-09 07:15,0.79,,,,,,Alert,0.81
WL.PST.01,2026-10-09 07:15,-0.91,,,,,,Normal,-0.91
WL.PWT.01,2026-10-09 07:15,-0.56,,,,,,Normal,-0.56
WL.PWT.02,2026-10-09 07:15,0.0,,,,,,Normal,0.02
WL.PWT.03,2026-10-09 07:15,0.24,0.25,,5.8,5.9,,Critical,0.27
WL.PWT.04,2026-10-09 07:15,0.56,0.6,,4.06,,,Critical,0.59
WL.PWT.06,2026-10-09 07:15,0.97,,,,,,Critical,0.98
WL.PWT.07,2026-10-09 07:15,0.97,,,,,,Critical,0.97
WL.PYW.01,2026-10-09 07:15,-1.3,,,,,,Normal,-0.7
WL.RHN.01,2026-10-09 07:15,-1.2,0.55,,0.0,,,Normal,-0.86
WL.RJK.01,2026-10-09 07:15,0.35,0.36,,7.5,,,Normal,0.36
WL.RKC.01,2026-10-09 07:15,-0.95,,,,,,Normal,-0.93
WL.RMT.01,2026-10-09 07:15,-1.06,0.73,,0.0,0.0,,Normal,-0.25
WL.RMT.02,2026-10-09 07:15,-0.17,,,,,,Normal,-0.08
WL.RMT.03,2026-10-09 07:15,-2.0,,,,,,Normal,-2.0
WL.RSK.01,2026-10-09 07:15,0.43,,,,,,Normal,0.43
WL.SBR.01,2026-10-09 07:15,0.71,1.14,,0.0,,,Normal,0.71
WL.SBR.02,2026-10-09 07:15,0.64,,,,,,Normal,0.65
WL.SBT.01,2026-10-09 07:15,-0.16,0.14,,0.0,,,Normal,-0.09
WL.SCO.01,2026-10-09 07:15,0.31,,,,,,Normal,0.31
WL.SDN.01,2026-10-09 07:15,0.23,,,,,,Normal,0.23
WL.SKT.01,2026-10-09 07:15,-0.83,,,,,,Normal,-0.55
WL.SKT.02,2026-10-09 07:15,-1.01,,,,,,Normal,-0.59
WL.SLL.01,2026-10-09 07:15,0.12,,,,,,Alert,0.12
WL.SMK.01,2026-10-09 07:15,-0.25,,,,,,Normal,-0.25
WL.SNC.01,2026-10-09 07:15,-0.23,0.84,,0.0,0.0,0.0,Normal,-0.16
WL.SNC.02,2026-10-09 07:15,0.32,,,,,,Normal,0.32
WL.SNC.03,2026-10-09 07:15,0.01,,,,,,Normal,0.05
WL.SNO.01,2026-10-09 07:15,-0.84,,,,,,Normal,-0.74
WL.SOL.01,2026-10-09 07:15,-0.63,,,,,,Normal,-0.62
WL.SRE.01,2026-10-09 07:15,0.02,1.1,,0.0,0.0,,Normal,0.02
WL.SRG.01,2026-10-09 07:15,-0.47,0.94,,0.0,0.0,0.0,Normal,-0.37
WL.SSB.01,2026-10-09 07:15,-0.85,,,,,,Normal,-0.79
WL.SSB.03,2026-10-09 07:15,-0.62,,,,,,Normal,-0.54
WL.SSB.04,2026-10-09 07:15,-0.63,-0.65,,7.5,7.5,,Normal,-0.55
WL.SSB.06,2026-10-09 07:15,-0.4,,,,,,Normal,-0.22
WL.SSB.07,2026-10-09 07:15,0.5,,,,,,Critical,0.5
WL.SSB.08,2026-10-09 07:15,0.33,,,,,,Normal,0.34
WL.SSB.09,2026-10-09 07:15,0.55,1.1,,0.0,,,Critical,0.58
WL.SSB.10,2026-10-09 07:15,0.7,1.18,,2.0,,,Critical,0.73
WL.SSB.11,2026-10-09 07:15,1.24,,,,,,Critical,1.25
WL.SSB.12,2026-10-09 07:15,1.2,1.5,,0.0,,,Critical,1.21
WL.SSG.01,2026-10-09 07:15,1.58,,,,,,Alert,1.58
WL.SSM.01,2026-10-09 07:15,1.3,-99,,0.0,,,Critical,1.3
WL.SSN.01,2026-10-09 07:15,-1.06,1.55,,7.0,0.0,0.0,Normal,-1.05
WL.SSN.02,2026-10-09 07:15,-1.5,,,,,,Normal,-1.5
WL.SSN.04,2026-10-09 07:15,-1.21,,,,,,Normal,-1.2
WL.SSN.06,2026-10-09 07:15,-1.77,,,,,,Normal,-1.77
WL.SSN.07,2026-10-09 07:15,-1.05,,,,,,Normal,-1.02
WL.SSN.08,2026-10-09 07:15,-0.66,-0.66,,0.0,,,Normal,-0.65
WL.SSN.09,2026-10-09 07:15,-0.68,,,,,,Normal,-0.66
WL.SSN.10,2026-10-09 07:15,-0.64,,,,,,Normal,-0.64
WL.SST.01,2026-10-09 07:15,0.86,1.76,,0.32,,,Alert,0.91
WL.STN.02,2026-10-09 07:15,0.63,,,,,,Critical,0.66
WL.STN.03,2026-10-09 07:15,0.69,,,,,,Critical,0.72
WL.STR.01,2026-10-09 07:15,-1.03,0.22,1.09,0.0,0.0,0.0,Normal,-1.0
WL.SWA.01,2026-10-09 07:15,0.84,1.33,,0.43,,,Critical,0.86
WL.SWU.01,2026-10-09 07:15,-0.96,,,,,,Normal,-0.96
WL.TCG.01,2026-10-09 07:15,-0.86,,,,,,Normal,-0.84
WL.TPK.02,2026-10-09 07:15,0.42,,,,,,Critical,0.44
WL.TPK.03,2026-10-09 07:15,0.49,,,,,,Critical,0.52
WL.TSK.01,2026-10-09 07:15,-1.8,,,,,,Normal,-1.8
WL.TTN.01,2026-10-09 07:15,-0.68,,,,,,Normal,-0.65
WL.TUT.02,2026-10-09 07:15,-0.52,,,,,,Normal,-0.22
WL.TWW.01,2026-10-09 07:15,0.76,1.06,,0.99,,,Normal,0.76
WL.TWW.02,2026-10-09 07:15,0.72,,,,,,Normal,0.73
WL.TWW.04,2026-10-09 07:15,0.68,,,,,,Normal,0.68
WL.TWW.05,2026-10-09 07:15,0.44,,,,,,Normal,0.44
WL.VPD.01,2026-10-09 07:15,-1.07,,,,,,Normal,-1.0
WL.VPD.02,2026-10-09 07:15,-1.03,,,,,,Normal,-0.96
WL.VPD.03,2026-10-09 07:15,-1.31,,,,,,Normal,-1.3
WL.VPV.01,2026-10-09 07:15,-2.09,,,0.0,,,Normal,-1.41
WL.WHK.01,2026-10-09 07:15,0.78,,,,,,Normal,0.8
WL.WKT.01,2026-10-09 07:15,0.54,,,,,,Normal,0.54
WL.WLS.01,2026-10-09 07:15,0.54,,,,,,Normal,0.6
WL.WSI.01,2026-10-09 07:15,-0.85,0.93,,0.0,0.0,0.0,Normal,-0.54
WL.WSV.01,2026-10-09 07:15,0.09,,,,,,Normal,0.21
WL.WTK.01,2026-10-09 07:15,-0.54,,,,,,Normal,-0.54
WL.WTN.02,2026-10-09 07:15,-1.61,,,,,,Normal,-1.1
WL.YPE.01,2026-10-09 07:15,0.38,,,,,,Normal,0.38
WL.YPN.01,2026-10-09 07:15,-0.6,,,,,,Normal,-0.51
WL.YPN.02,2026-10-09 07:15,-0.65,,,,,,Normal,-0.57
WL.YSN.02,2026-10-09 07:15,-1.03,,,,,,Normal,-0.95
WL.KPM.04,2026-10-09 07:25,0.39,,,,,,Normal,0.49
WL.KKD.04,2026-10-09 07:35,-0.47,,,,,,Normal,-0.45
WL.WSV.01,2026-10-09 07:40,0.07,,,,,,out of order,0.21
WL.LOA.02,2026-10-09 07:55,0.82,,,,,,temporarily out of order,0.84
WL.AJP.01,2026-10-09 08:00,-1.08,,,,,,backfill,
WL.ANX.01,2026-10-09 08:00,-0.03,,,,,,backfill,
WL.BAM.01,2026-10-09 08:00,0.29,,,,,,backfill,
WL.BBN.01,2026-10-09 08:00,-0.07,,,,,,backfill,
WL.BBN.02,2026-10-09 08:00,0.11,,,,,,backfill,
WL.BBN.03,2026-10-09 08:00,0.36,,,,,,backfill,
WL.BBR.01,2026-10-09 08:00,0.10,,,,,,backfill,
WL.BBR.02,2026-10-09 08:00,0.06,,,,,,backfill,
WL.BBU.01,2026-10-09 08:00,0.45,,,,,,backfill,
WL.BCN.01,2026-10-09 08:00,0.51,,,,,,backfill,
WL.BCN.02,2026-10-09 08:00,0.50,,,,,,backfill,
WL.BCN.03,2026-10-09 08:00,0.56,,,,,,backfill,
WL.BJK.01,2026-10-09 08:00,-1.46,0.45,,,,,backfill,
WL.BJK.02,2026-10-09 08:00,0.47,,,,,,backfill,
WL.BJK.03,2026-10-09 08:00,0.44,,,,,,backfill,
WL.BJK.04,2026-10-09 08:00,0.50,,,,,,backfill,
WL.BKA.01,2026-10-09 08:00,-1.71,1.68,,,,,backfill,
WL.BKA.02,2026-10-09 08:00,-0.82,,,,,,backfill,
WL.BKA.03,2026-10-09 08:00,-0.39,,,,,,backfill,
WL.BKA.04,2026-10-09 08:00,0.06,,,,,,backfill,
WL.BKB.01,2026-10-09 08:00,-0.35,,,,,,backfill,
WL.BKG.01,2026-10-09 08:00,0.66,-2.00,,,,,backfill,
WL.BKT.01,2026-10-09 08:00,-0.27,,,,,,backfill,
WL.BKY.01,2026-10-09 08:00,0.39,1.26,,,,,backfill,
WL.BKY.02,2026-10-09 08:00,0.46,,,,,,backfill,
WL.BLP.02,2026-10-09 08:00,-0.84,,,,,,backfill,
WL.BLY.01,2026-10-09 08:00,-0.45,,,,,,backfill,
WL.BLY.02,2026-10-09 08:00,-0.53,,,,,,backfill,
WL.BMA.02,2026-10-09 08:00,0.07,,,,,,backfill,
WL.BMK.01,2026-10-09 08:00,-1.50,,,,,,backfill,
WL.BNA.01,2026-10-09 08:00,-1.65,0.36,,,,,backfill,
WL.BNA.02,2026-10-09 08:00,,,,,,,backfill,
WL.BNA.03,2026-10-09 08:00,-0.59,,,,,,backfill,
WL.BNA.04,2026-10-09 08:00,-0.47,,,,,,backfill,
WL.BNJ.01,2026-10-09 08:00,,,,,,,backfill,
WL.BNJ.02,2026-10-09 08:00,-2.29,,,,,,backfill,
WL.BNJ.03,2026-10-09 08:00,,,,,,,backfill,
WL.BNJ.04,2026-10-09 08:00,-1.08,,,,,,backfill,
WL.BNS.01,2026-10-09 08:00,0.52,,,,,,backfill,
WL.BOA.01,2026-10-09 08:00,-1.29,0.50,,,,,backfill,
WL.BOA.02,2026-10-09 08:00,-1.34,,,,,,backfill,
WL.BOA.03,2026-10-09 08:00,-1.25,,,,,,backfill,
WL.BON.01,2026-10-09 08:00,,,,,,,backfill,
WL.BPA.01,2026-10-09 08:00,-0.55,,,,,,backfill,
WL.BPK.01,2026-10-09 08:00,0.09,,,,,,backfill,
WL.BPM.01,2026-10-09 08:00,0.46,,,,,,backfill,
WL.BPM.02,2026-10-09 08:00,0.51,,,,,,backfill,
WL.BPM.03,2026-10-09 08:00,0.64,,,,,,backfill,
WL.BPM.04,2026-10-09 08:00,0.59,,,,,,backfill,
WL.BPN.02,2026-10-09 08:00,0.16,,,,,,backfill,
WL.BPU.01,2026-10-09 08:00,-0.28,,,,,,backfill,
WL.BSK.01,2026-10-09 08:00,-0.05,0.91,,,,,backfill,
WL.BSU.01,2026-10-09 08:00,-0.92,1.65,,,,,backfill,
WL.BSU.02,2026-10-09 08:00,-0.85,,,,,,backfill,
WL.BSU.03,2026-10-09 08:00,-1.44,,,,,,backfill,
WL.BSU.04,2026-10-09 08:00,-1.11,,,,,,backfill,
WL.BSU.05,2026-10-09 08:00,-1.39,,,,,,backfill,
WL.BSU.06,2026-10-09 08:00,-0.68,,,,,,backfill,
WL.BSU.07,2026-10-09 08:00,-0.50,,,,,,backfill,
WL.BTL.01,2026-10-09 08:00,-0.53,,,,,,backfill,
WL.BTY.01,2026-10-09 08:00,0.28,,,,,,backfill,
WL.BWK.01,2026-10-09 08:00,0.40,,,,,,backfill,
WL.BWK.02,2026-10-09 08:00,0.60,,,,,,backfill,
WL.BWK.03,2026-10-09 08:00,0.64,,,,,,backfill,
WL.BYI.01,2026-10-09 08:00,1.00,,,,,,backfill,
WL.BYK.01,2026-10-09 08:00,,,,,,,backfill,
WL.BYK.02,2026-10-09 08:00,0.11,,,,,,backfill,
WL.CKS.01,2026-10-09 08:00,-1.31,,,,,,backfill,
WL.CKS.02,2026-10-09 08:00,-1.06,,,,,,backfill,
WL.CKS.03,2026-10-09 08:00,-1.18,,,,,,backfill,
WL.CNS.01,2026-10-09 08:00,-1.86,0.56,,,,,backfill,
WL.CPA.01,2026-10-09 08:00,0.48,1.38,,,,,backfill,
WL.CPA.02,2026-10-09 08:00,0.37,,,,,,backfill,
WL.CYI.01,2026-10-09 08:00,-0.63,,,,,,backfill,
WL.CYI.02,2026-10-09 08:00,-0.61,,,,,,backfill,
WL.CYI.03,2026-10-09 08:00,-0.52,,,,,,backfill,
WL.DKN.01,2026-10-09 08:00,0.25,0.85,,,,,backfill,
WL.FTM.01,2026-10-09 08:00,-1.49,,,,,,backfill,
WL.HKG.01,2026-10-09 08:00,-0.80,,,,,,backfill,
WL.HKG.02,2026-10-09 08:00,-0.74,,,,,,backfill,
WL.HMK.01,2026-10-09 08:00,-0.04,,,,,,backfill,
WL.HMK.02,2026-10-09 08:00,-0.14,,,,,,backfill,
WL.HMK.03,2026-10-09 08:00,-0.02,,,,,,backfill,
WL.JKK.01,2026-10-09 08:00,,,,,,,backfill,
WL.JRN.01,2026-10-09 08:00,0.35,0.74,,,,,backfill,
WL.KBU.01,2026-10-09 08:00,0.59,1.35,,,,,backfill,
WL.KBU.02,2026-10-09 08:00,0.57,,,,,,backfill,
WL.KCD.01,2026-10-09 08:00,-1.03,,,,,,backfill,
WL.KDN.01,2026-10-09 08:00,-0.67,0.62,,,,,backfill,
WL.KJA.01,2026-10-09 08:00,-1.09,,,,,,backfill,
WL.KJA.02,2026-10-09 08:00,-0.47,,,,,,backfill,
WL.KJG.01,2026-10-09 08:00,-0.60,,,,,,backfill,
WL.KJK.01,2026-10-09 08:00,-1.33,0.48,,,,,backfill,
WL.KJK.02,2026-10-09 08:00,-1.25,,,,,,backfill,
WL.KJN.01,2026-10-09 08:00,-0.18,,,,,,backfill,
WL.KJN.02,2026-10-09 08:00,-0.13,,,,,,backfill,
WL.KJT.01,2026-10-09 08:00,-0.97,,,,,,backfill,
WL.KJU.01,2026-10-09 08:00,-0.72,,,,,,backfill,
WL.KKD.01,2026-10-09 08:00,-0.43,,,,,,backfill,
WL.KKD.02,2026-10-09 08:00,-0.53,,,,,,backfill,
WL.KKD.03,2026-10-09 08:00,-0.53,,,,,,backfill,
WL.KKD.04,2026-10-09 08:00,-0.47,,,,,,backfill,
WL.KKO.01,2026-10-09 08:00,1.62,,,,,,backfill,
WL.KKS.01,2026-10-09 08:00,-0.85,1.40,,,,,backfill,
WL.KKS.02,2026-10-09 08:00,-0.80,,,,,,backfill,
WL.KKS.03,2026-10-09 08:00,-0.88,,,,,,backfill,
WL.KKS.04,2026-10-09 08:00,-0.86,1.07,,,,,backfill,
WL.KKY.01,2026-10-09 08:00,0.67,,,,,,backfill,
WL.KKY.02,2026-10-09 08:00,0.67,,,,,,backfill,
WL.KLA.01,2026-10-09 08:00,0.35,,,,,,backfill,
WL.KLD.01,2026-10-09 08:00,-0.38,,,,,,backfill,
WL.KLD.02,2026-10-09 08:00,-0.31,,,,,,backfill,
WL.KLT.01,2026-10-09 08:00,-0.69,,,,,,backfill,
WL.KMN.01,2026-10-09 08:00,0.35,1.26,,,,,backfill,
WL.KNB.01,2026-10-09 08:00,-0.80,,,,,,backfill,
WL.KNB.02,2026-10-09 08:00,-0.37,,,,,,backfill,
WL.KPG.01,2026-10-09 08:00,-1.02,,,,,,backfill,
WL.KPM.01,2026-10-09 08:00,-0.34,,,,,,backfill,
WL.KPM.03,2026-10-09 08:00,-0.14,,,,,,backfill,
WL.KPM.04,2026-10-09 08:00,0.39,,,,,,backfill,
WL.KPM.05,2026-10-09 08:00,0.50,,,,,,backfill,
WL.KPM.06,2026-10-09 08:00,0.51,,,,,,backfill,
WL.KPM.08,2026-10-09 08:00,0.49,,,,,,backfill,
WL.KPM.09,2026-10-09 08:00,,,,,,,backfill,
WL.KSG.01,2026-10-09 08:00,0.73,,,,,,backfill,
WL.KSI.01,2026-10-09 08:00,0.81,,,,,,backfill,
WL.KSI.02,2026-10-09 08:00,0.83,,,,,,backfill,
WL.KSK.01,2026-10-09 08:00,-0.58,,,,,,backfill,
WL.KSM.01,2026-10-09 08:00,0.84,,,,,,backfill,
WL.KSM.02,2026-10-09 08:00,0.79,,,,,,backfill,
WL.KSO.01,2026-10-09 08:00,0.75,,,,,,backfill,
WL.KSO.02,2026-10-09 08:00,0.76,,,,,,backfill,
WL.KT4.01,2026-10-09 08:00,0.54,,,,,,backfill,
WL.KTY.01,2026-10-09 08:00,-1.62,0.48,,,,,backfill,
WL.LBK.02,2026-10-09 08:00,0.55,,,,,,backfill,
WL.LBK.03,2026-10-09 08:00,0.46,,,,,,backfill,
WL.LCL.01,2026-10-09 08:00,0.65,,,,,,backfill,
WL.LCL.02,2026-10-09 08:00,,,,,,,backfill,
WL.LKB.01,2026-10-09 08:00,0.71,,,,,,backfill,
WL.LOA.01,2026-10-09 08:00,0.45,,,,,,backfill,
WL.LOA.02,2026-10-09 08:00,,,,,,,backfill,
WL.LPC.01,2026-10-09 08:00,1.11,,,,,,backfill,
WL.LPG.02,2026-10-09 08:00,1.02,1.75,,,,,backfill,
WL.LPG.03,2026-10-09 08:00,0.95,,,,,,backfill,
WL.LPI.02,2026-10-09 08:00,,,,,,,backfill,
WL.LPN.01,2026-10-09 08:00,-0.72,0.66,,,,,backfill,
WL.LPP.01,2026-10-09 08:00,-1.03,,,,,,backfill,
WL.LPT.01,2026-10-09 08:00,,,,,,,backfill,
WL.LPT.03,2026-10-09 08:00,0.89,,,,,,backfill,
WL.LPW.01,2026-10-09 08:00,-0.28,-0.33,,,,,backfill,
WL.LPW.03,2026-10-09 08:00,0.21,,,,,,backfill,
WL.LPW.04,2026-10-09 08:00,-0.52,,,,,,backfill,
WL.LPW.05,2026-10-09 08:00,-0.61,,,,,,backfill,
WL.LSG.01,2026-10-09 08:00,,,,,,,backfill,
WL.LSM.01,2026-10-09 08:00,-0.60,,,,,,backfill,
WL.LYW.01,2026-10-09 08:00,-1.51,,,,,,backfill,
WL.LYW.02,2026-10-09 08:00,-1.46,,,,,,backfill,
WL.MCM.01,2026-10-09 08:00,0.25,,,,,,backfill,
WL.MFS.01,2026-10-09 08:00,-0.74,,,,,,backfill,
WL.MKT.01,2026-10-09 08:00,-0.27,,,,,,backfill,
WL.MSW.01,2026-10-09 08:00,1.40,,,,,,backfill,
WL.MSW.02,2026-10-09 08:00,1.15,,,,,,backfill,
WL.MSW.03,2026-10-09 08:00,-1.68,,,,,,backfill,
WL.MTG.01,2026-10-09 08:00,-0.67,,,,,,backfill,
WL.NBN.01,2026-10-09 08:00,-3.77,-1.34,,,,,backfill,
WL.NCH.02,2026-10-09 08:00,-0.79,,,,,,backfill,
WL.NK1.01,2026-10-09 08:00,-1.13,,,,,,backfill,
WL.NK3.01,2026-10-09 08:00,-0.35,,,,,,backfill,
WL.NKW.02,2026-10-09 08:00,-0.35,,,,,,backfill,
WL.NSG.01,2026-10-09 08:00,-2.00,,,,,,backfill,
WL.OAG.01,2026-10-09 08:00,-0.88,,,,,,backfill,
WL.ORC.01,2026-10-09 08:00,-1.34,-0.74,,,,,backfill,
WL.PKG.01,2026-10-09 08:00,1.17,,,,,,backfill,
WL.PKN.01,2026-10-09 08:00,-0.81,0.64,,,,,backfill,
WL.PLK.01,2026-10-09 08:00,-0.10,,,,,,backfill,
WL.PLP.01,2026-10-09 08:00,-0.39,,,,,,backfill,
WL.PNM.01,2026-10-09 08:00,0.36,,,,,,backfill,
WL.PSC.01,2026-10-09 08:00,0.38,0.43,,,,,backfill,
WL.PSC.02,2026-10-09 08:00,0.35,,,,,,backfill,
WL.PSC.03,2026-10-09 08:00,0.35,,,,,,backfill,
WL.PSC.05,2026-10-09 08:00,0.42,,,,,,backfill,
WL.PSI.01,2026-10-09 08:00,-1.71,,,,,,backfill,
WL.PSR.01,2026-10-09 08:00,1.10,1.80,,,,,backfill,
WL.PSR.02,2026-10-09 08:00,1.13,,,,,,backfill,
WL.PSR.03,2026-10-09 08:00,1.10,,,,,,backfill,
WL.PSR.04,2026-10-09 08:00,0.75,,,,,,backfill,
WL.PSR.05,2026-10-09 08:00,0.78,,,,,,backfill,
WL.PSR.06,2026-10-09 08:00,0.70,,,,,,backfill,
WL.PST.01,2026-10-09 08:00,-0.91,,,,,,backfill,
WL.PWT.01,2026-10-09 08:00,-0.56,,,,,,backfill,
WL.PWT.02,2026-10-09 08:00,0.00,,,,,,backfill,
WL.PWT.03,2026-10-09 08:00,0.23,0.24,,,,,backfill,
WL.PWT.04,2026-10-09 08:00,0.56,0.60,,,,,backfill,
WL.PWT.05,2026-10-09 08:00,,,,,,,backfill,
WL.PWT.06,2026-10-09 08:00,0.97,,,,,,backfill,
WL.PWT.07,2026-10-09 08:00,0.96,,,,,,backfill,
WL.PYW.01,2026-10-09 08:00,-1.15,,,,,,backfill,
WL.RHN.01,2026-10-09 08:00,-0.91,0.48,,,,,backfill,
WL.RJK.01,2026-10-09 08:00,0.36,0.36,,,,,backfill,
WL.RKC.01,2026-10-09 08:00,,,,,,,backfill,
WL.RMT.01,2026-10-09 08:00,-1.12,0.71,,,,,backfill,
WL.RMT.02,2026-10-09 08:00,-0.19,,,,,,backfill,
WL.RSK.01,2026-10-09 08:00,0.43,,,,,,backfill,
WL.SBR.01,2026-10-09 08:00,0.71,1.14,,,,,backfill,
WL.SBR.02,2026-10-09 08:00,0.65,,,,,,backfill,
WL.SBT.01,2026-10-09 08:00,-0.28,0.15,,,,,backfill,
WL.SCO.01,2026-10-09 08:00,0.31,,,,,,backfill,
WL.SDN.01,2026-10-09 08:00,0.23,,,,,,backfill,
WL.SKG.01,2026-10-09 08:00,-0.84,,,,,,backfill,
WL.SKT.01,2026-10-09 08:00,-0.82,,,,,,backfill,
WL.SKT.02,2026-10-09 08:00,-0.87,,,,,,backfill,
WL.SLL.01,2026-10-09 08:00,0.12,,,,,,backfill,
WL.SMK.01,2026-10-09 08:00,-0.25,,,,,,backfill,
WL.SNC.01,2026-10-09 08:00,-0.23,0.85,,,,,backfill,
WL.SNC.02,2026-10-09 08:00,0.31,,,,,,backfill,
WL.SNC.03,2026-10-09 08:00,0.04,,,,,,backfill,
WL.SNO.01,2026-10-09 08:00,-1.06,,,,,,backfill,
WL.SOL.01,2026-10-09 08:00,-0.63,,,,,,backfill,
WL.SRE.01,2026-10-09 08:00,0.05,0.96,,,,,backfill,
WL.SRG.01,2026-10-09 08:00,-0.48,0.81,,,,,backfill,
WL.SSB.01,2026-10-09 08:00,-0.87,,,,,,backfill,
WL.SSB.03,2026-10-09 08:00,-0.62,,,,,,backfill,
WL.SSB.04,2026-10-09 08:00,-0.64,-0.63,,,,,backfill,
WL.SSB.06,2026-10-09 08:00,-0.51,,,,,,backfill,
WL.SSB.07,2026-10-09 08:00,0.50,,,,,,backfill,
WL.SSB.08,2026-10-09 08:00,0.33,,,,,,backfill,
WL.SSB.10,2026-10-09 08:00,0.69,1.18,,,,,backfill,
WL.SSB.11,2026-10-09 08:00,1.24,,,,,,backfill,
WL.SSB.12,2026-10-09 08:00,1.19,1.50,,,,,backfill,
WL.SSG.01,2026-10-09 08:00,1.57,,,,,,backfill,
WL.SSM.01,2026-10-09 08:00,1.30,,,,,,backfill,
WL.SSN.01,2026-10-09 08:00,-1.06,1.47,,,,,backfill,
WL.SSN.02,2026-10-09 08:00,-1.41,,,,,,backfill,
WL.SSN.04,2026-10-09 08:00,-1.21,,,,,,backfill,
WL.SSN.06,2026-10-09 08:00,-1.77,,,,,,backfill,
WL.SSN.07,2026-10-09 08:00,-1.05,,,,,,backfill,
WL.SSN.08,2026-10-09 08:00,-0.65,-0.67,,,,,backfill,
WL.SSN.09,2026-10-09 08:00,-0.66,,,,,,backfill,
WL.SSN.10,2026-10-09 08:00,-0.64,,,,,,backfill,
WL.SST.01,2026-10-09 08:00,0.86,1.76,,,,,backfill,
WL.STN.01,2026-10-09 08:00,0.51,,,,,,backfill,
WL.STN.02,2026-10-09 08:00,0.63,,,,,,backfill,
WL.STN.03,2026-10-09 08:00,0.69,,,,,,backfill,
WL.STR.01,2026-10-09 08:00,-1.03,0.23,0.95,,,,backfill,
WL.SWA.01,2026-10-09 08:00,0.83,1.32,,,,,backfill,
WL.SWU.01,2026-10-09 08:00,-0.93,,,,,,backfill,
WL.TCG.01,2026-10-09 08:00,-0.86,,,,,,backfill,
WL.TPK.02,2026-10-09 08:00,0.41,,,,,,backfill,
WL.TPK.03,2026-10-09 08:00,0.49,,,,,,backfill,
WL.TSK.01,2026-10-09 08:00,-1.80,,,,,,backfill,
WL.TTN.01,2026-10-09 08:00,-0.69,,,,,,backfill,
WL.TUT.02,2026-10-09 08:00,-1.39,,,,,,backfill,
WL.TWW.01,2026-10-09 08:00,0.76,1.06,,,,,backfill,
WL.TWW.02,2026-10-09 08:00,0.72,,,,,,backfill,
WL.TWW.03,2026-10-09 08:00,0.70,,,,,,backfill,
WL.TWW.04,2026-10-09 08:00,0.68,,,,,,backfill,
WL.TWW.05,2026-10-09 08:00,0.44,,,,,,backfill,
WL.VPD.01,2026-10-09 08:00,-1.07,,,,,,backfill,
WL.VPD.02,2026-10-09 08:00,-1.03,,,,,,backfill,
WL.VPD.03,2026-10-09 08:00,-1.31,,,,,,backfill,
WL.VPV.01,2026-10-09 08:00,-2.48,,,,,,backfill,
WL.WHK.01,2026-10-09 08:00,0.76,,,,,,backfill,
WL.WKT.01,2026-10-09 08:00,0.54,,,,,,backfill,
WL.WLS.01,2026-10-09 08:00,0.54,,,,,,backfill,
WL.WSI.01,2026-10-09 08:00,-1.33,0.75,,,,,backfill,
WL.WSV.01,2026-10-09 08:00,0.04,,,,,,backfill,
WL.WTK.01,2026-10-09 08:00,-0.53,,,,,,backfill,
WL.WTN.02,2026-10-09 08:00,-1.51,,,,,,backfill,
WL.YPE.01,2026-10-09 08:00,0.38,,,,,,backfill,
WL.YPN.01,2026-10-09 08:00,-0.61,,,,,,backfill,
WL.YPN.02,2026-10-09 08:00,-0.66,,,,,,backfill,
WL.YSN.02,2026-10-09 08:00,-1.03,,,,,,backfill,
WL.BNJ.02,2026-10-09 08:10,-2.94,,,,,,Normal,-1.16
WL.BNJ.05,2026-10-09 08:10,-2.23,,,,,,Normal,
WL.CYI.02,2026-10-09 08:10,-0.6,,,,,,Normal,-0.6
WL.K08.01,2026-10-09 08:10,1.55,,,,,,Alert,
WL.K10.01,2026-10-09 08:10,1.63,,,,,,Alert,
WL.K11.01,2026-10-09 08:10,1.58,,,,,,Alert,
WL.KBP.01,2026-10-09 08:10,-1.14,,,,,,Normal,
WL.KHW.01,2026-10-09 08:10,1.71,,,,,,Normal,
WL.KKO.02,2026-10-09 08:10,1.56,,,,,,Alert,
WL.KPM.07,2026-10-09 08:10,0.64,,,,,,Alert,
WL.LPS.01,2026-10-09 08:10,0.82,,,,,,Normal,
WL.NK3.02,2026-10-09 08:10,-0.42,,,,,,Normal,
WL.POC.01,2026-10-09 08:10,1.47,,,,,,Normal,
WL.PSI.01,2026-10-09 08:10,-1.69,,,,,,Normal,-1.27
WL.RPS.01,2026-10-09 08:10,2.04,,,,,,Alert,
WL.STN.01,2026-10-09 08:10,0.51,,,,,,Alert,0.53
WL.AJP.01,2026-10-09 08:15,-1.08,,,,,,Normal,-0.54
WL.ANG.01,2026-10-09 08:15,0.99,,,,,,Normal,
WL.ANX.01,2026-10-09 08:15,-0.03,,,,,,Normal,0.02
WL.BAM.01,2026-10-09 08:15,0.26,,,,,,Normal,0.4
WL.BBN.01,2026-10-09 08:15,-0.08,,,,,,Normal,-0.05
WL.BBN.02,2026-10-09 08:15,0.11,,,,,,Normal,0.11
WL.BBN.03,2026-10-09 08:15,0.36,,,,,,Normal,0.36
WL.BBR.01,2026-10-09 08:15,0.12,,,,,,Normal,0.13
WL.BBR.02,2026-10-09 08:15,0.08,,,,,,Normal,0.09
WL.BBU.01,2026-10-09 08:15,0.45,,,,,,Normal,0.5
WL.BBU.02,2026-10-09 08:15,0.5,,,,,,Normal,
WL.BCN.01,2026-10-09 08:15,0.51,,,,,,Normal,0.52
WL.BCN.02,2026-10-09 08:15,0.5,,,,,,Normal,0.5
WL.BCN.03,2026-10-09 08:15,0.56,,,,,,Normal,0.58
WL.BJK.01,2026-10-09 08:15,-1.42,0.38,,0.0,0.0,,Normal,-1.06
WL.BJK.02,2026-10-09 08:15,0.47,,,,,,Normal,0.47
WL.BJK.03,2026-10-09 08:15,0.44,,,,,,Normal,0.44
WL.BJK.04,2026-10-09 08:15,0.5,,,,,,Normal,0.5
WL.BKA.01,2026-10-09 08:15,-1.97,1.66,,1.73,1.75,0.0,Normal,-1.24
WL.BKA.02,2026-10-09 08:15,-0.83,,,,,,Normal,-0.69
WL.BKA.03,2026-10-09 08:15,-0.39,,,,,,Normal,-0.27
WL.BKA.04,2026-10-09 08:15,0.06,,,,,,Normal,0.16
WL.BKB.01,2026-10-09 08:15,-0.35,,,,,,Normal,-0.33
WL.BKG.01,2026-10-09 08:15,0.66,-2.0,,0.0,,,Critical,0.68
WL.BKH.01,2026-10-09 08:15,0.06,,,,,,Normal,
WL.BKK.01,2026-10-09 08:15,0.5,,,,,,Normal,
WL.BKT.01,2026-10-09 08:15,-0.27,,,,,,Normal,-0.27
WL.BKY.01,2026-10-09 08:15,0.39,1.22,,0.0,5.26,0.0,Normal,0.43
WL.BKY.02,2026-10-09 08:15,0.46,,,,,,Normal,0.46
WL.BLP.02,2026-10-09 08:15,-0.85,,,,,,Normal,-0.77
WL.BLY.01,2026-10-09 08:15,-0.44,,,,,,Normal,-0.43
WL.BLY.02,2026-10-09 08:15,-0.53,,,,,,Normal,-0.52
WL.BMA.02,2026-10-09 08:15,0.07,,,,,,Normal,0.09
WL.BMD.01,2026-10-09 08:15,0.46,,,,,,Normal,
WL.BMK.01,2026-10-09 08:15,-1.54,,,,,,Normal,-1.29
WL.BNA.01,2026-10-09 08:15,-1.63,0.29,,0.0,0.0,,Normal,-1.15
WL.BNA.03,2026-10-09 08:15,-0.59,,,,,,Normal,-0.55
WL.BNA.04,2026-10-09 08:15,-0.46,,,,,,Normal,-0.42
WL.BNJ.01,2026-10-09 08:15,-0.95,,,,,,Normal,-0.95
WL.BNJ.04,2026-10-09 08:15,-1.1,,,,,,Normal,-1.05
WL.BNS.01,2026-10-09 08:15,0.52,,,,,,Normal,0.52
WL.BOA.01,2026-10-09 08:15,-1.23,0.44,,0.0,0.0,,Normal,-1.05
WL.BOA.02,2026-10-09 08:15,-1.3,,,,,,Normal,-1.02
WL.BOA.03,2026-10-09 08:15,-1.24,,,,,,Normal,-1.12
WL.BPA.01,2026-10-09 08:15,-0.54,,,,,,Normal,-0.54
WL.BPK.01,2026-10-09 08:15,0.11,,,,,,Normal,0.16
WL.BPM.01,2026-10-09 08:15,0.46,,,,,,Normal,0.46
WL.BPM.02,2026-10-09 08:15,0.51,,,,,,Normal,0.51
WL.BPM.03,2026-10-09 08:15,0.64,,,,,,Alert,0.64
WL.BPM.04,2026-10-09 08:15,0.59,,,,,,Normal,0.59
WL.BPN.02,2026-10-09 08:15,0.16,,,,,,Normal,0.16
WL.BPU.01,2026-10-09 08:15,-0.28,,,,,,Normal,0.73
WL.BSE.01,2026-10-09 08:15,-1.58,,,,,,Normal,
WL.BSK.01,2026-10-09 08:15,0.0,0.87,,0.0,0.0,,Normal,0.42
WL.BSU.01,2026-10-09 08:15,-0.92,1.61,,0.0,0.0,0.0,Normal,-0.86
WL.BSU.02,2026-10-09 08:15,-0.84,,,,,,Normal,-0.78
WL.BSU.03,2026-10-09 08:15,-1.45,,,,,,Normal,-1.3
WL.BSU.04,2026-10-09 08:15,-1.11,,,,,,Normal,-1.1
WL.BSU.05,2026-10-09 08:15,-1.41,,,,,,Normal,-1.25
WL.BSU.06,2026-10-09 08:15,-0.69,,,,,,Normal,-0.68
WL.BSU.07,2026-10-09 08:15,-0.5,,,,,,Normal,-0.49
WL.BTL.01,2026-10-09 08:15,-0.53,,,,,,Normal,-0.51
WL.BTL.02,2026-10-09 08:15,-0.05,,,,,,Normal,
WL.BTY.01,2026-10-09 08:15,0.25,,,,,,Normal,0.36
WL.BWK.01,2026-10-09 08:15,0.41,,,,,,Normal,0.41
WL.BWK.02,2026-10-09 08:15,0.6,,,,,,Alert,0.6
WL.BWK.03,2026-10-09 08:15,0.64,,,,,,Normal,0.64
WL.BYI.01,2026-10-09 08:15,1.0,,,,,,Critical,1.0
WL.BYK.02,2026-10-09 08:15,0.09,,,,,,Normal,0.12
WL.CKS.01,2026-10-09 08:15,-1.33,,,0.0,0.0,,Normal,-1.28
WL.CKS.02,2026-10-09 08:15,-1.06,,,,,,Normal,-0.95
WL.CKS.03,2026-10-09 08:15,-1.18,,,,,,Normal,-1.12
WL.CLH.01,2026-10-09 08:15,-0.36,,,,,,Normal,
WL.CNS.01,2026-10-09 08:15,-1.79,0.51,,0.0,0.0,,Normal,-1.23
WL.CPA.01,2026-10-09 08:15,0.48,1.35,,5.47,3.52,,Normal,0.48
WL.CPA.02,2026-10-09 08:15,0.38,,,,,,Normal,0.38
WL.CYI.01,2026-10-09 08:15,-0.62,,,,,,Normal,-0.62
WL.CYI.03,2026-10-09 08:15,-0.52,,,,,,Normal,-0.52
WL.DKN.01,2026-10-09 08:15,0.26,0.79,,1.13,0.0,5.59,Normal,0.26
WL.FTM.01,2026-10-09 08:15,-1.44,,,,,,Normal,-1.07
WL.HKG.01,2026-10-09 08:15,-0.8,,,,,,Normal,-0.77
WL.HKG.02,2026-10-09 08:15,-0.73,,,,,,Normal,-0.73
WL.HMK.01,2026-10-09 08:15,-0.06,,,,,,Alert,0.0
WL.HMK.02,2026-10-09 08:15,-0.14,,,,,,Normal,-0.02
WL.HMK.03,2026-10-09 08:15,-0.02,,,,,,Normal,0.0
WL.JRN.01,2026-10-09 08:15,0.35,0.68,,0.0,,,Normal,0.35
WL.KBU.01,2026-10-09 08:15,0.59,1.32,,0.0,,,Normal,0.59
WL.KBU.02,2026-10-09 08:15,0.57,,,,,,Normal,0.57
WL.KCD.01,2026-10-09 08:15,-1.03,,,,,,Normal,-1.0
WL.KDN.01,2026-10-09 08:15,-0.67,0.55,,0.0,,,Normal,-0.6
WL.KJA.01,2026-10-09 08:15,-1.13,,,,,,Normal,-0.85
WL.KJA.02,2026-10-09 08:15,-0.48,,,,,,Normal,-0.47
WL.KJG.01,2026-10-09 08:15,-0.61,,,,,,Normal,-0.18
WL.KJK.01,2026-10-09 08:15,-1.3,0.41,,0.0,0.0,,Normal,-1.17
WL.KJK.02,2026-10-09 08:15,-1.25,,,,,,Normal,-1.11
WL.KJN.01,2026-10-09 08:15,-0.16,,,,,,Alert,-0.16
WL.KJN.02,2026-10-09 08:15,-0.12,,,,,,Normal,-0.12
WL.KJT.01,2026-10-09 08:15,-0.96,,,,,,Normal,-0.51
WL.KJU.01,2026-10-09 08:15,-0.71,,,,,,Normal,-0.38
WL.KKD.01,2026-10-09 08:15,-0.43,,,,,,Normal,-0.41
WL.KKD.02,2026-10-09 08:15,-0.53,,,,,,Normal,-0.51
WL.KKD.03,2026-10-09 08:15,-0.53,,,,,,Normal,-0.5
WL.KKO.01,2026-10-09 08:15,1.63,,,,,,Alert,1.63
WL.KKS.01,2026-10-09 08:15,-0.84,1.36,,0.0,0.0,,Normal,-0.76
WL.KKS.02,2026-10-09 08:15,-0.8,,,,,,Normal,-0.73
WL.KKS.03,2026-10-09 08:15,-0.89,,,,,,Normal,-0.82
WL.KKS.04,2026-10-09 08:15,-0.86,1.03,,0.0,,,Normal,-0.78
WL.KKY.01,2026-10-09 08:15,0.67,,,,,,Normal,0.67
WL.KKY.02,2026-10-09 08:15,0.67,,,,,,Normal,0.67
WL.KLA.01,2026-10-09 08:15,-0.2,,,,,,Alert,0.39
WL.KLD.01,2026-10-09 08:15,-0.38,,,,,,Normal,-0.27
WL.KLD.02,2026-10-09 08:15,-0.33,,,,,,Normal,-0.19
WL.KLT.01,2026-10-09 08:15,-0.69,,,,,,Normal,-0.67
WL.KMN.01,2026-10-09 08:15,0.37,1.18,,0.29,0.51,0.0,Normal,0.38
WL.KNB.01,2026-10-09 08:15,-0.79,,,,,,Normal,-0.79
WL.KNB.02,2026-10-09 08:15,-0.37,,,,,,Normal,-0.36
WL.KPG.01,2026-10-09 08:15,-1.03,,,,,,Normal,-0.99
WL.KPM.01,2026-10-09 08:15,-0.35,,,,,,Normal,-0.25
WL.KPM.03,2026-10-09 08:15,-0.14,,,,,,Normal,-0.02
WL.KPM.05,2026-10-09 08:15,0.51,,,,,,Normal,0.53
WL.KPM.06,2026-10-09 08:15,0.49,,,,,,Normal,0.52
WL.KPM.08,2026-10-09 08:15,0.5,,,,,,Normal,0.53
WL.KSG.01,2026-10-09 08:15,0.73,,,,,,Normal,0.79
WL.KSI.01,2026-10-09 08:15,0.82,,,,,,Alert,0.84
WL.KSI.02,2026-10-09 08:15,0.83,,,,,,Critical,0.85
WL.KSK.01,2026-10-09 08:15,-0.56,,,,,,Normal,-0.56
WL.KSM.01,2026-10-09 08:15,0.83,,,,,,Critical,0.85
WL.KSM.02,2026-10-09 08:15,0.79,,,,,,Critical,0.81
WL.KSO.01,2026-10-09 08:15,0.75,,,,,,Normal,0.75
WL.KSO.02,2026-10-09 08:15,0.76,,,,,,Normal,0.76
WL.KT4.01,2026-10-09 08:15,0.54,,,,,,Critical,0.54
WL.KTY.01,2026-10-09 08:15,-1.61,0.43,,0.0,,,Normal,-1.61
WL.LBK.02,2026-10-09 08:15,0.55,,,,,,Critical,0.58
WL.LBK.03,2026-10-09 08:15,0.46,,,,,,Critical,0.5
WL.LCL.01,2026-10-09 08:15,0.65,,,,,,Normal,0.67
WL.LKB.01,2026-10-09 08:15,0.71,,,,,,Critical,0.74
WL.LOA.01,2026-10-09 08:15,0.33,,,,,,Normal,0.9
WL.LPC.01,2026-10-09 08:15,1.11,,,,,,Critical,1.12
WL.LPG.02,2026-10-09 08:15,1.02,1.75,,0.0,,,Critical,1.02
WL.LPG.03,2026-10-09 08:15,0.95,,,,,,Critical,0.97
WL.LPN.01,2026-10-09 08:15,-0.73,0.64,,0.01,,,Normal,-0.63
WL.LPP.01,2026-10-09 08:15,-1.03,,,,,,Normal,-0.95
WL.LPP.02,2026-10-09 08:15,-0.52,,,,,,Normal,
WL.LPT.01,2026-10-09 08:15,1.21,,,,,,Critical,1.21
WL.LPT.03,2026-10-09 08:15,0.89,,,,,,Critical,0.91
WL.LPT.05,2026-10-09 08:15,1.27,,,,,,Normal,
WL.LPW.01,2026-10-09 08:15,-0.29,-0.33,,0.0,,,Normal,-0.26
WL.LPW.03,2026-10-09 08:15,0.21,,,,,,Normal,0.23
WL.LPW.04,2026-10-09 08:15,-0.52,,,,,,Normal,-0.52
WL.LPW.05,2026-10-09 08:15,-0.61,,,,,,Normal,-0.6
WL.LSM.01,2026-10-09 08:15,-0.6,,,,,,Normal,-0.57
WL.LYW.01,2026-10-09 08:15,-1.51,,,,,,Normal,-1.51
WL.LYW.02,2026-10-09 08:15,-1.46,,,,,,Normal,-1.45
WL.MCM.01,2026-10-09 08:15,0.25,,,,,,Normal,0.25
WL.MFS.01,2026-10-09 08:15,-0.74,,,,,,Normal,-0.72
WL.MKT.01,2026-10-09 08:15,-0.27,,,,,,Normal,-0.27
WL.MKT.02,2026-10-09 08:15,-0.81,,,,,,Normal,
WL.MSW.01,2026-10-09 08:15,1.38,,,,,,Normal,1.52
WL.MSW.02,2026-10-09 08:15,1.15,,,,,,Normal,1.16
WL.MSW.03,2026-10-09 08:15,-1.74,,,,,,Normal,1.37
WL.MSW.04,2026-10-09 08:15,0.96,,,,,,Normal,
WL.MTG.01,2026-10-09 08:15,-0.67,,,,,,Normal,-0.67
WL.NBN.01,2026-10-09 08:15,-3.77,-1.33,,0.0,,,Normal,-3.58
WL.NCH.02,2026-10-09 08:15,-0.77,,,,,,Normal,-0.33
WL.NK1.01,2026-10-09 08:15,-1.06,,,,,,Normal,0.02
WL.NK3.01,2026-10-09 08:15,-0.27,,,,,,Normal,-0.1
WL.NKW.02,2026-10-09 08:15,-0.33,,,,,,Normal,-0.26
WL.NSG.01,2026-10-09 08:15,-2.0,,,,,,Normal,-2.0
WL.OAG.01,2026-10-09 08:15,-0.89,,,,,,Normal,-0.82
WL.ORC.01,2026-10-09 08:15,-1.34,-0.77,,0.0,,,Normal,-1.34
WL.PKG.01,2026-10-09 08:15,1.15,,,,,,Normal,1.5
WL.PKN.01,2026-10-09 08:15,-0.86,0.59,,0.0,0.0,0.0,Normal,-0.68
WL.PLK.01,2026-10-09 08:15,-0.17,,,,,,Normal,0.82
WL.PLP.01,2026-10-09 08:15,-0.38,,,,,,Normal,-0.38
WL.PNM.01,2026-10-09 08:15,0.36,,,,,,Critical,0.38
WL.PSC.01,2026-10-09 08:15,0.38,0.43,,0.0,0.0,0.0,Normal,0.38
WL.PSC.02,2026-10-09 08:15,0.35,,,,,,Normal,0.35
WL.PSC.03,2026-10-09 08:15,0.35,,,,,,Normal,0.35
WL.PSC.05,2026-10-09 08:15,0.42,,,,,,Normal,0.42
WL.PSC.06,2026-10-09 08:15,0.5,,,,,,Normal,
WL.PSR.01,2026-10-09 08:15,1.09,1.8,,0.2,,,Critical,1.12
WL.PSR.02,2026-10-09 08:15,1.13,,,,,,Alert,1.15
WL.PSR.03,2026-10-09 08:15,1.1,,,,,,Alert,1.13
WL.PSR.04,2026-10-09 08:15,0.75,,,,,,Normal,0.78
WL.PSR.05,2026-10-09 08:15,0.78,,,,,,Alert,0.81
WL.PSR.06,2026-10-09 08:15,0.7,,,,,,Normal,0.71
WL.PST.01,2026-10-09 08:15,-0.91,,,,,,Normal,-0.91
WL.PWT.01,2026-10-09 08:15,-0.56,,,,,,Normal,-0.55
WL.PWT.02,2026-10-09 08:15,0.0,,,,,,Normal,0.02
WL.PWT.03,2026-10-09 08:15,0.23,0.24,,5.81,5.9,,Critical,0.27
WL.PWT.04,2026-10-09 08:15,0.57,0.6,,4.06,,,Critical,0.59
WL.PWT.06,2026-10-09 08:15,0.97,,,,,,Critical,0.98
WL.PWT.07,2026-10-09 08:15,0.96,,,,,,Critical,0.97
WL.PYW.01,2026-10-09 08:15,-1.11,,,,,,Normal,-0.7
WL.RHN.01,2026-10-09 08:15,-0.84,0.47,,0.0,,,Normal,-0.84
WL.RJK.01,2026-10-09 08:15,0.34,0.34,,7.5,,,Normal,0.36
WL.RKC.01,2026-10-09 08:15,-1.0,,,,,,Normal,-0.93
WL.RMN.01,2026-10-09 08:15,0.56,,,,,,Normal,
WL.RMT.01,2026-10-09 08:15,-0.98,0.68,,0.0,0.0,,Normal,-0.25
WL.RMT.02,2026-10-09 08:15,-0.2,,,,,,Normal,-0.08
WL.RMT.03,2026-10-09 08:15,-2.0,,,,,,Normal,-2.0
WL.RSK.01,2026-10-09 08:15,0.43,,,,,,Normal,0.44
WL.SBR.01,2026-10-09 08:15,0.71,1.14,,0.0,,,Normal,0.71
WL.SBR.02,2026-10-09 08:15,0.65,,,,,,Normal,0.65
WL.SBT.01,2026-10-09 08:15,-0.26,0.14,,0.0,,,Normal,-0.09
WL.SCO.01,2026-10-09 08:15,0.31,,,,,,Normal,0.31
WL.SDN.01,2026-10-09 08:15,0.23,,,,,,Normal,0.23
WL.SKG.01,2026-10-09 08:15,-0.72,,,,,,Normal,-0.72
WL.SKT.01,2026-10-09 08:15,-0.81,,,,,,Normal,-0.55
WL.SKT.02,2026-10-09 08:15,-0.85,,,,,,Normal,-0.59
WL.SLL.01,2026-10-09 08:15,-2.47,,,,,,Normal,0.13
WL.SMK.01,2026-10-09 08:15,-0.24,,,,,,Normal,-0.24
WL.SNC.01,2026-10-09 08:15,-0.22,0.85,,0.0,0.0,0.0,Normal,-0.16
WL.SNC.02,2026-10-09 08:15,0.31,,,,,,Normal,0.32
WL.SNC.03,2026-10-09 08:15,0.04,,,,,,Normal,0.06
WL.SNO.01,2026-10-09 08:15,-1.23,,,,,,Normal,-0.74
WL.SOL.01,2026-10-09 08:15,-0.63,,,,,,Normal,-0.62
WL.SRE.01,2026-10-09 08:15,0.06,0.92,,0.0,0.0,,Normal,0.06
WL.SRG.01,2026-10-09 08:15,-0.49,0.76,,0.0,0.0,0.0,Normal,-0.37
WL.SSB.01,2026-10-09 08:15,-0.87,,,,,,Normal,-0.79
WL.SSB.03,2026-10-09 08:15,-0.67,,,,,,Normal,-0.54
WL.SSB.04,2026-10-09 08:15,-0.61,-0.65,,7.5,7.5,,Normal,-0.55
WL.SSB.06,2026-10-09 08:15,-0.42,,,,,,Normal,-0.22
WL.SSB.07,2026-10-09 08:15,0.5,,,,,,Critical,0.51
WL.SSB.08,2026-10-09 08:15,0.33,,,,,,Normal,0.34
WL.SSB.09,2026-10-09 08:15,0.55,1.1,,0.0,,,Critical,0.58
WL.SSB.10,2026-10-09 08:15,0.72,1.16,,2.5,,,Critical,0.73
WL.SSB.11,2026-10-09 08:15,1.24,,,,,,Critical,1.25
WL.SSB.12,2026-10-09 08:15,1.19,1.5,,0.0,,,Critical,1.21
WL.SSB.13,2026-10-09 08:15,1.89,,,,,,Critical,
WL.SSG.01,2026-10-09 08:15,1.57,,,,,,Alert,1.58
WL.SSG.02,2026-10-09 08:15,1.57,,,,,,Alert,
WL.SSM.01,2026-10-09 08:15,1.29,-99,,0.0,,,Critical,1.3
WL.SSM.02,2026-10-09 08:15,1.55,,,,,,Normal,
WL.SSN.01,2026-10-09 08:15,-1.06,1.44,,7.0,0.0,0.0,Normal,-1.05
WL.SSN.02,2026-10-09 08:15,-1.39,,,,,,Normal,-1.39
WL.SSN.04,2026-10-09 08:15,-1.2,,,,,,Normal,-1.2
WL.SSN.06,2026-10-09 08:15,-1.77,,,,,,Normal,-1.77
WL.SSN.07,2026-10-09 08:15,-1.05,,,,,,Normal,-1.02
WL.SSN.08,2026-10-09 08:15,-0.63,-0.62,,0.0,,,Normal,-0.62
WL.SSN.09,2026-10-09 08:15,-0.65,,,,,,Normal,-0.65
WL.SSN.10,2026-10-09 08:15,-0.63,,,,,,Normal,-0.63
WL.SST.01,2026-10-09 08:15,0.86,1.76,,0.32,,,Alert,0.91
WL.STN.02,2026-10-09 08:15,0.63,,,,,,Critical,0.66
WL.STN.03,2026-10-09 08:15,0.69,,,,,,Critical,0.72
WL.STR.01,2026-10-09 08:15,-1.03,0.22,0.9,0.0,0.0,0.0,Normal,-1.0
WL.SWA.01,2026-10-09 08:15,0.83,1.32,,0.43,,,Critical,0.86
WL.SWA.02,2026-10-09 08:15,1.49,,,,,,Normal,
WL.SWU.01,2026-10-09 08:15,-0.92,,,,,,Normal,-0.92
WL.TCG.01,2026-10-09 08:15,-0.92,,,,,,Normal,-0.84
WL.TPK.02,2026-10-09 08:15,0.41,,,,,,Critical,0.44
WL.TPK.03,2026-10-09 08:15,0.49,,,,,,Critical,0.52
WL.TSK.01,2026-10-09 08:15,-1.8,,,,,,Normal,-1.8
WL.TTN.01,2026-10-09 08:15,-0.69,,,,,,Normal,-0.65
WL.TUT.02,2026-10-09 08:15,-1.21,,,,,,Normal,-0.22
WL.TWW.01,2026-10-09 08:15,0.76,1.06,,0.99,,,Normal,0.76
WL.TWW.02,2026-10-09 08:15,0.73,,,,,,Normal,0.73
WL.TWW.03,2026-10-09 08:15,0.7,,,,,,Critical,0.71
WL.TWW.04,2026-10-09 08:15,0.68,,,,,,Normal,0.68
WL.TWW.05,2026-10-09 08:15,0.44,,,,,,Normal,0.44
WL.VPD.01,2026-10-09 08:15,-1.07,,,,,,Normal,-1.0
WL.VPD.02,2026-10-09 08:15,-1.03,,,,,,Normal,-0.96
WL.VPD.03,2026-10-09 08:15,-1.31,,,,,,Normal,-1.3
WL.VPV.01,2026-10-09 08:15,-2.2,,,0.0,,,Normal,-1.41
WL.WHK.01,2026-10-09 08:15,0.76,,,,,,Normal,0.8
WL.WKT.01,2026-10-09 08:15,0.38,,,,,,Normal,0.55
WL.WLS.01,2026-10-09 08:15,0.55,,,,,,Normal,0.61
WL.WSI.01,2026-10-09 08:15,-1.83,0.7,,0.0,0.0,0.0,Normal,-0.54
WL.WTK.01,2026-10-09 08:15,-0.52,,,,,,Normal,-0.52
WL.WTN.02,2026-10-09 08:15,-1.49,,,,,,Normal,-1.1
WL.YPE.01,2026-10-09 08:15,0.38,,,,,,Normal,0.38
WL.YPN.01,2026-10-09 08:15,-0.6,,,,,,Normal,-0.51
WL.YPN.02,2026-10-09 08:15,-0.66,,,,,,Normal,-0.57
WL.YSN.02,2026-10-09 08:15,-1.02,,,,,,Normal,-0.95
WL.KPM.04,2026-10-09 08:25,0.4,,,,,,Normal,0.49
WL.BNJ.01,2026-10-09 08:30,-0.95,,,,,,Normal,-0.95
WL.KPM.07,2026-10-09 08:30,0.65,,,,,,Alert,
WL.LPS.01,2026-10-09 08:30,0.82,,,,,,Normal,
WL.NK3.02,2026-10-09 08:30,-0.66,,,,,,Normal,
WL.POC.01,2026-10-09 08:30,1.47,,,,,,Normal,
WL.RPS.01,2026-10-09 08:30,2.05,,,,,,Alert,
WL.ANG.01,2026-10-09 08:35,0.99,,,,,,Normal,
WL.BBU.02,2026-10-09 08:35,0.5,,,,,,Normal,
WL.BKH.01,2026-10-09 08:35,0.06,,,,,,Normal,
WL.BKK.01,2026-10-09 08:35,0.5,,,,,,Normal,
WL.BMD.01,2026-10-09 08:35,0.46,,,,,,Normal,
WL.BNJ.05,2026-10-09 08:35,-2.11,,,,,,Normal,
WL.BSE.01,2026-10-09 08:35,-1.58,,,,,,Normal,
WL.BTL.02,2026-10-09 08:35,-0.06,,,,,,Normal,
WL.CLH.01,2026-10-09 08:35,-0.35,,,,,,Normal,
WL.CYI.02,2026-10-09 08:35,-0.6,,,,,,Normal,-0.6
WL.HKG.01,2026-10-09 08:35,-0.8,,,,,,Normal,-0.77
WL.K08.01,2026-10-09 08:35,1.56,,,,,,Alert,
WL.K10.01,2026-10-09 08:35,1.62,,,,,,Alert,
WL.K11.01,2026-10-09 08:35,1.58,,,,,,Alert,
WL.KBP.01,2026-10-09 08:35,-1.19,,,,,,Normal,
WL.KHW.01,2026-10-09 08:35,1.72,,,,,,Normal,
WL.KKD.04,2026-10-09 08:35,-0.47,,,,,,Normal,-0.45
WL.KKO.02,2026-10-09 08:35,1.57,,,,,,Alert,
WL.KSM.02,2026-10-09 08:35,0.79,,,,,,Critical,0.81
WL.LPP.02,2026-10-09 08:35,-0.52,,,,,,Normal,
WL.LPT.05,2026-10-09 08:35,1.27,,,,,,Normal,
WL.MKT.02,2026-10-09 08:35,-0.8,,,,,,Normal,
WL.MSW.04,2026-10-09 08:35,0.96,,,,,,Normal,
WL.NKW.02,2026-10-09 08:35,-0.31,,,,,,Normal,-0.26
WL.PSC.06,2026-10-09 08:35,0.45,,,,,,Normal,
WL.RMN.01,2026-10-09 08:35,0.56,,,,,,Normal,
WL.SSB.13,2026-10-09 08:35,1.89,,,,,,Critical,
WL.SSG.02,2026-10-09 08:35,1.56,,,,,,Alert,
WL.SSM.02,2026-10-09 08:35,1.55,,,,,,Normal,
WL.STN.01,2026-10-09 08:35,0.52,,,,,,Alert,0.53
WL.SWA.02,2026-10-09 08:35,1.49,,,,,,Normal,
WL.TWW.04,2026-10-09 08:35,0.68,,,,,,Normal,0.68
WL.TWW.05,2026-10-09 08:35,0.44,,,,,,Normal,0.44
WL.YPN.02,2026-10-09 08:35,-0.78,,,,,,Normal,-0.57
WL.AJP.01,2026-10-09 08:40,-1.09,,,,,,Normal,-0.54
WL.ANX.01,2026-10-09 08:40,-0.03,,,,,,Normal,0.02
WL.BAM.01,2026-10-09 08:40,0.21,,,,,,Normal,0.4
WL.BBN.01,2026-10-09 08:40,-0.09,,,,,,Normal,-0.05
WL.BBN.02,2026-10-09 08:40,0.1,,,,,,Normal,0.11
WL.BBN.03,2026-10-09 08:40,0.36,,,,,,Normal,0.36
WL.BBR.01,2026-10-09 08:40,0.14,,,,,,Normal,0.14
WL.BBR.02,2026-10-09 08:40,0.1,,,,,,Normal,0.1
WL.BBU.01,2026-10-09 08:40,0.44,,,,,,Normal,0.5
WL.BCN.01,2026-10-09 08:40,0.51,,,,,,Normal,0.52
WL.BCN.02,2026-10-09 08:40,0.51,,,,,,Normal,0.51
WL.BCN.03,2026-10-09 08:40,0.56,,,,,,Normal,0.58
WL.BJK.01,2026-10-09 08:40,-1.37,0.3,,0.0,0.0,,Normal,-1.06
WL.BJK.02,2026-10-09 08:40,0.47,,,,,,Normal,0.47
WL.BJK.03,2026-10-09 08:40,0.45,,,,,,Normal,0.45
WL.BJK.04,2026-10-09 08:40,0.5,,,,,,Normal,0.5
WL.BKA.01,2026-10-09 08:40,-1.54,1.62,,1.73,1.75,0.0,Normal,-1.24
WL.BKA.02,2026-10-09 08:40,-0.83,,,,,,Normal,-0.69
WL.BKA.03,2026-10-09 08:40,-0.39,,,,,,Normal,-0.27
WL.BKA.04,2026-10-09 08:40,0.07,,,,,,Normal,0.16
WL.BKB.01,2026-10-09 08:40,-0.36,,,,,,Normal,-0.33
WL.BKG.01,2026-10-09 08:40,0.67,-2.0,,0.0,,,Critical,0.68
WL.BKT.01,2026-10-09 08:40,-0.27,,,,,,Normal,-0.27
WL.BKY.01,2026-10-09 08:40,0.39,1.19,,5.53,0.0,0.0,Normal,0.43
WL.BKY.02,2026-10-09 08:40,0.46,,,,,,Normal,0.47
WL.BLP.02,2026-10-09 08:40,-0.83,,,,,,Normal,-0.77
WL.BLY.01,2026-10-09 08:40,-0.45,,,,,,Normal,-0.43
WL.BLY.02,2026-10-09 08:40,-0.53,,,,,,Normal,-0.52
WL.BMA.02,2026-10-09 08:40,0.06,,,,,,Normal,0.09
WL.BMK.01,2026-10-09 08:40,-1.65,,,,,,Normal,-1.29
WL.BNA.01,2026-10-09 08:40,-1.63,0.2,,0.0,0.0,,Normal,-1.15
WL.BNA.03,2026-10-09 08:40,-0.59,,,,,,Normal,-0.55
WL.BNA.04,2026-10-09 08:40,-0.47,,,,,,Normal,-0.42
WL.BNJ.02,2026-10-09 08:40,-2.23,,,,,,Normal,-1.16
WL.BNJ.04,2026-10-09 08:40,-1.11,,,,,,Normal,-1.05
WL.BNS.01,2026-10-09 08:40,0.52,,,,,,Normal,0.52
WL.BOA.01,2026-10-09 08:40,-1.28,0.34,,0.0,0.0,,Normal,-1.05
WL.BOA.02,2026-10-09 08:40,-1.35,,,,,,Normal,-1.02
WL.BOA.03,2026-10-09 08:40,-1.29,,,,,,Normal,-1.12
WL.BPA.01,2026-10-09 08:40,-0.54,,,,,,Normal,-0.54
WL.BPK.01,2026-10-09 08:40,0.14,,,,,,Normal,0.16
WL.BPM.01,2026-10-09 08:40,0.46,,,,,,Normal,0.46
WL.BPM.02,2026-10-09 08:40,0.52,,,,,,Normal,0.52
WL.BPM.03,2026-10-09 08:40,0.64,,,,,,Alert,0.64
WL.BPM.04,2026-10-09 08:40,0.59,,,,,,Normal,0.59
WL.BPN.02,2026-10-09 08:40,0.16,,,,,,Normal,0.16
WL.BPU.01,2026-10-09 08:40,-0.28,,,,,,Normal,0.73
WL.BSK.01,2026-10-09 08:40,0.07,0.79,,0.0,0.0,,Normal,0.42
WL.BSU.01,2026-10-09 08:40,-0.91,1.55,,0.0,0.0,0.0,Normal,-0.86
WL.BSU.02,2026-10-09 08:40,-0.83,,,,,,Normal,-0.78
WL.BSU.03,2026-10-09 08:40,-1.45,,,,,,Normal,-1.3
WL.BSU.04,2026-10-09 08:40,-1.11,,,,,,Normal,-1.1
WL.BSU.05,2026-10-09 08:40,-1.41,,,,,,Normal,-1.25
WL.BSU.06,2026-10-09 08:40,-0.69,,,,,,Normal,-0.68
WL.BSU.07,2026-10-09 08:40,-0.5,,,,,,Normal,-0.49
WL.BTL.01,2026-10-09 08:40,-0.52,,,,,,Normal,-0.51
WL.BTY.01,2026-10-09 08:40,0.26,,,,,,Normal,0.36
WL.BWK.01,2026-10-09 08:40,0.41,,,,,,Normal,0.41
WL.BWK.02,2026-10-09 08:40,0.6,,,,,,Alert,0.6
WL.BWK.03,2026-10-09 08:40,0.64,,,,,,Normal,0.64
WL.BYI.01,2026-10-09 08:40,1.0,,,,,,Critical,1.0
WL.BYK.02,2026-10-09 08:40,0.06,,,,,,Normal,0.12
WL.CKS.01,2026-10-09 08:40,-1.36,,,0.0,0.0,,Normal,-1.28
WL.CKS.02,2026-10-09 08:40,-1.06,,,,,,Normal,-0.95
WL.CKS.03,2026-10-09 08:40,-1.19,,,,,,Normal,-1.12
WL.CNS.01,2026-10-09 08:40,-1.63,0.41,,0.0,0.0,,Normal,-1.23
WL.CPA.01,2026-10-09 08:40,0.48,1.29,,5.47,3.52,,Normal,0.48
WL.CPA.02,2026-10-09 08:40,0.38,,,,,,Normal,0.38
WL.CYI.01,2026-10-09 08:40,-0.62,,,,,,Normal,-0.62
WL.CYI.03,2026-10-09 08:40,-0.52,,,,,,Normal,-0.52
WL.DKN.01,2026-10-09 08:40,0.27,0.72,,6.49,0.0,6.69,Normal,0.27
WL.FTM.01,2026-10-09 08:40,-1.32,,,,,,Normal,-1.07
WL.HKG.02,2026-10-09 08:40,-0.73,,,,,,Normal,-0.73
WL.HMK.01,2026-10-09 08:40,-0.07,,,,,,Alert,0.0
WL.HMK.02,2026-10-09 08:40,-0.15,,,,,,Normal,-0.02
WL.HMK.03,2026-10-09 08:40,-0.03,,,,,,Normal,0.0
WL.JKK.01,2026-10-09 08:40,0.3,,,,,,Alert,0.39
WL.JRN.01,2026-10-09 08:40,0.35,0.59,,0.0,,,Normal,0.35
WL.KBU.01,2026-10-09 08:40,0.59,1.28,,0.0,,,Normal,0.59
WL.KBU.02,2026-10-09 08:40,0.57,,,,,,Normal,0.57
WL.KCD.01,2026-10-09 08:40,-1.03,,,,,,Normal,-1.0
WL.KDN.01,2026-10-09 08:40,-0.67,0.46,,0.0,,,Normal,-0.6
WL.KJA.01,2026-10-09 08:40,-1.1,,,,,,Normal,-0.85
WL.KJA.02,2026-10-09 08:40,-0.45,,,,,,Normal,-0.45
WL.KJG.01,2026-10-09 08:40,-0.65,,,,,,Normal,-0.18
WL.KJK.01,2026-10-09 08:40,-1.28,0.32,,0.0,0.0,,Normal,-1.17
WL.KJK.02,2026-10-09 08:40,-1.22,,,,,,Normal,-1.11
WL.KJN.01,2026-10-09 08:40,-0.15,,,,,,Alert,-0.14
WL.KJN.02,2026-10-09 08:40,-0.09,,,,,,Normal,-0.09
WL.KJT.01,2026-10-09 08:40,-0.94,,,,,,Normal,-0.51
WL.KJU.01,2026-10-09 08:40,-0.44,,,,,,Normal,-0.38
WL.KKD.01,2026-10-09 08:40,-0.43,,,,,,Normal,-0.41
WL.KKD.02,2026-10-09 08:40,-0.52,,,,,,Normal,-0.51
WL.KKD.03,2026-10-09 08:40,-0.53,,,,,,Normal,-0.5
WL.KKO.01,2026-10-09 08:40,1.63,,,,,,Alert,1.63
WL.KKS.01,2026-10-09 08:40,-0.84,1.31,,0.0,0.0,,Normal,-0.76
WL.KKS.02,2026-10-09 08:40,-0.8,,,,,,Normal,-0.73
WL.KKS.03,2026-10-09 08:40,-0.9,,,,,,Normal,-0.82
WL.KKS.04,2026-10-09 08:40,-0.87,0.94,,0.0,,,Normal,-0.78
WL.KKY.01,2026-10-09 08:40,0.67,,,,,,Normal,0.67
WL.KKY.02,2026-10-09 08:40,0.67,,,,,,Normal,0.67
WL.KLA.01,2026-10-09 08:40,-0.21,,,,,,Normal,0.39
WL.KLD.01,2026-10-09 08:40,-0.39,,,,,,Normal,-0.27
WL.KLD.02,2026-10-09 08:40,-0.31,,,,,,Normal,-0.19
WL.KLT.01,2026-10-09 08:40,-0.7,,,,,,Normal,-0.67
WL.KMN.01,2026-10-09 08:40,0.35,1.16,,0.1,5.23,0.0,Normal,0.38
WL.KNB.01,2026-10-09 08:40,-0.79,,,,,,Normal,-0.79
WL.KNB.02,2026-10-09 08:40,-0.37,,,,,,Normal,-0.36
WL.KPG.01,2026-10-09 08:40,-1.03,,,,,,Normal,-0.99
WL.KPM.01,2026-10-09 08:40,-0.35,,,,,,Normal,-0.25
WL.KPM.03,2026-10-09 08:40,-0.13,,,,,,Normal,-0.02
WL.KPM.05,2026-10-09 08:40,0.51,,,,,,Normal,0.53
WL.KPM.06,2026-10-09 08:40,0.51,,,,,,Normal,0.52
WL.KPM.08,2026-10-09 08:40,0.51,,,,,,Normal,0.53
WL.KSG.01,2026-10-09 08:40,0.73,,,,,,Normal,0.79
WL.KSI.01,2026-10-09 08:40,0.82,,,,,,Alert,0.84
WL.KSI.02,2026-10-09 08:40,0.83,,,,,,Critical,0.85
WL.KSK.01,2026-10-09 08:40,-0.57,,,,,,Normal,-0.56
WL.KSM.01,2026-10-09 08:40,0.83,,,,,,Critical,0.85
WL.KSO.01,2026-10-09 08:40,0.75,,,,,,Normal,0.75
WL.KSO.02,2026-10-09 08:40,0.76,,,,,,Normal,0.76
WL.KT4.01,2026-10-09 08:40,0.53,,,,,,Critical,0.54
WL.KTY.01,2026-10-09 08:40,-1.59,0.34,,0.0,,,Normal,-1.59
WL.LBK.02,2026-10-09 08:40,0.55,,,,,,Critical,0.58
WL.LBK.03,2026-10-09 08:40,0.46,,,,,,Critical,0.5
WL.LCL.01,2026-10-09 08:40,0.66,,,,,,Normal,0.67
WL.LKB.01,2026-10-09 08:40,0.71,,,,,,Critical,0.74
WL.LOA.01,2026-10-09 08:40,0.48,,,,,,Normal,0.9
WL.LPC.01,2026-10-09 08:40,1.11,,,,,,Critical,1.12
WL.LPG.02,2026-10-09 08:40,1.01,1.75,,0.0,,,Critical,1.02
WL.LPG.03,2026-10-09 08:40,0.95,,,,,,Critical,0.97
WL.LPI.02,2026-10-09 08:40,-1.0,,,,,,Normal,0.0
WL.LPN.01,2026-10-09 08:40,-0.74,0.61,,0.0,,,Normal,-0.63
WL.LPP.01,2026-10-09 08:40,-1.03,,,,,,Normal,-0.95
WL.LPT.01,2026-10-09 08:40,1.21,,,,,,Critical,1.21
WL.LPT.03,2026-10-09 08:40,0.89,,,,,,Critical,0.91
WL.LPW.01,2026-10-09 08:40,-0.29,-0.33,,0.0,,,Normal,-0.26
WL.LPW.03,2026-10-09 08:40,0.21,,,,,,Normal,0.23
WL.LPW.04,2026-10-09 08:40,-0.52,,,,,,Normal,-0.52
WL.LPW.05,2026-10-09 08:40,-0.62,,,,,,Normal,-0.6
WL.LSM.01,2026-10-09 08:40,-0.6,,,,,,Normal,-0.57
WL.LYW.01,2026-10-09 08:40,-1.51,,,,,,Normal,-1.51
WL.LYW.02,2026-10-09 08:40,-1.46,,,,,,Normal,-1.45
WL.MCM.01,2026-10-09 08:40,0.25,,,,,,Normal,0.25
WL.MFS.01,2026-10-09 08:40,-0.74,,,,,,Normal,-0.72
WL.MKT.01,2026-10-09 08:40,-0.28,,,,,,Normal,-0.27
WL.MSW.01,2026-10-09 08:40,1.36,,,,,,Normal,1.52
WL.MSW.02,2026-10-09 08:40,1.15,,,,,,Normal,1.16
WL.MSW.03,2026-10-09 08:40,-1.84,,,,,,Normal,1.37
WL.MTG.01,2026-10-09 08:40,-0.67,,,,,,Normal,-0.67
WL.NBN.01,2026-10-09 08:40,-3.77,-1.33,,0.0,,,Normal,-3.58
WL.NCH.02,2026-10-09 08:40,-0.69,,,,,,Normal,-0.33
WL.NK1.01,2026-10-09 08:40,-0.95,,,,,,Normal,0.02
WL.NK3.01,2026-10-09 08:40,-0.2,,,,,,Normal,-0.1
WL.NSG.01,2026-10-09 08:40,-2.0,,,,,,Normal,-2.0
WL.OAG.01,2026-10-09 08:40,-0.88,,,,,,Normal,-0.82
WL.ORC.01,2026-10-09 08:40,-1.34,-0.77,,0.0,,,Normal,-1.34
WL.PKG.01,2026-10-09 08:40,1.08,,,,,,Normal,1.5
WL.PKN.01,2026-10-09 08:40,-0.89,0.51,,0.0,0.0,0.0,Normal,-0.68
WL.PLK.01,2026-10-09 08:40,-0.29,,,,,,Normal,0.82
WL.PLP.01,2026-10-09 08:40,-0.39,,,,,,Normal,-0.38
WL.PNM.01,2026-10-09 08:40,0.36,,,,,,Critical,0.38
WL.PSC.01,2026-10-09 08:40,0.39,0.43,,0.0,0.0,0.0,Normal,0.39
WL.PSC.02,2026-10-09 08:40,0.36,,,,,,Normal,0.36
WL.PSC.03,2026-10-09 08:40,0.35,,,,,,Normal,0.35
WL.PSC.05,2026-10-09 08:40,0.43,,,,,,Normal,0.43
WL.PSI.01,2026-10-09 08:40,-1.65,,,,,,Normal,-1.27
WL.PSR.01,2026-10-09 08:40,1.09,1.81,,0.2,,,Critical,1.12
WL.PSR.02,2026-10-09 08:40,1.12,,,,,,Alert,1.15
WL.PSR.03,2026-10-09 08:40,1.1,,,,,,Alert,1.13
WL.PSR.04,2026-10-09 08:40,0.75,,,,,,Normal,0.78
WL.PSR.05,2026-10-09 08:40,0.78,,,,,,Alert,0.81
WL.PSR.06,2026-10-09 08:40,0.7,,,,,,Normal,0.71
WL.PST.01,2026-10-09 08:40,-0.91,,,,,,Normal,-0.91
WL.PWT.01,2026-10-09 08:40,-0.58,,,,,,Normal,-0.55
WL.PWT.02,2026-10-09 08:40,0.0,,,,,,Normal,0.02
WL.PWT.03,2026-10-09 08:40,0.24,0.25,,5.8,5.9,,Critical,0.27
WL.PWT.04,2026-10-09 08:40,0.55,0.6,,4.06,,,Critical,0.59
WL.PWT.06,2026-10-09 08:40,0.97,,,,,,Critical,0.98
WL.PWT.07,2026-10-09 08:40,0.96,,,,,,Critical,0.97
WL.PYW.01,2026-10-09 08:40,-1.06,,,,,,Normal,-0.7
WL.RHN.01,2026-10-09 08:40,-1.0,0.47,,0.0,,,Normal,-0.81
WL.RJK.01,2026-10-09 08:40,0.32,0.32,,7.5,,,Normal,0.36
WL.RKC.01,2026-10-09 08:40,-1.01,,,,,,Normal,-0.93
WL.RMT.01,2026-10-09 08:40,-0.8,0.66,,0.0,0.0,,Normal,-0.25
WL.RMT.02,2026-10-09 08:40,-0.2,,,,,,Normal,-0.08
WL.RMT.03,2026-10-09 08:40,-2.0,,,,,,Normal,-2.0
WL.RSK.01,2026-10-09 08:40,0.44,,,,,,Normal,0.44
WL.SBR.01,2026-10-09 08:40,0.71,1.14,,0.0,,,Normal,0.72
WL.SBR.02,2026-10-09 08:40,0.65,,,,,,Normal,0.65
WL.SBT.01,2026-10-09 08:40,-0.25,0.14,,0.0,,,Normal,-0.09
WL.SCO.01,2026-10-09 08:40,0.31,,,,,,Normal,0.31
WL.SDN.01,2026-10-09 08:40,0.23,,,,,,Normal,0.23
WL.SKG.01,2026-10-09 08:40,-0.59,,,,,,Normal,-0.59
WL.SKT.01,2026-10-09 08:40,-0.79,,,,,,Normal,-0.55
WL.SKT.02,2026-10-09 08:40,-1.01,,,,,,Normal,-0.59
WL.SLL.01,2026-10-09 08:40,-2.91,,,,,,Normal,0.13
WL.SMK.01,2026-10-09 08:40,-0.24,,,,,,Normal,-0.24
WL.SNC.01,2026-10-09 08:40,-0.22,0.82,,0.0,0.0,0.0,Normal,-0.16
WL.SNC.02,2026-10-09 08:40,0.31,,,,,,Normal,0.32
WL.SNC.03,2026-10-09 08:40,0.04,,,,,,Normal,0.06
WL.SNO.01,2026-10-09 08:40,-1.46,,,,,,Normal,-0.74
WL.SOL.01,2026-10-09 08:40,-0.63,,,,,,Normal,-0.62
WL.SRE.01,2026-10-09 08:40,-0.36,0.83,,0.0,0.0,,Normal,0.06
WL.SRG.01,2026-10-09 08:40,-0.53,0.7,,0.0,0.0,0.0,Normal,-0.37
WL.SSB.01,2026-10-09 08:40,-0.85,,,,,,Normal,-0.79
WL.SSB.03,2026-10-09 08:40,-0.61,,,,,,Normal,-0.54
WL.SSB.04,2026-10-09 08:40,-0.6,-0.61,,7.5,7.5,,Normal,-0.55
WL.SSB.06,2026-10-09 08:40,-0.46,,,,,,Normal,-0.22
WL.SSB.07,2026-10-09 08:40,0.03,,,,,,Normal,0.51
WL.SSB.08,2026-10-09 08:40,0.33,,,,,,Normal,0.34
WL.SSB.09,2026-10-09 08:40,0.55,1.1,,0.0,,,Critical,0.58
WL.SSB.10,2026-10-09 08:40,0.73,1.16,,2.51,,,Critical,0.73
WL.SSB.11,2026-10-09 08:40,1.24,,,,,,Critical,1.25
WL.SSB.12,2026-10-09 08:40,1.19,1.5,,0.0,,,Critical,1.21
WL.SSG.01,2026-10-09 08:40,1.57,,,,,,Alert,1.58
WL.SSM.01,2026-10-09 08:40,1.29,-99,,0.0,,,Critical,1.3
WL.SSN.01,2026-10-09 08:40,-1.06,1.4,,7.0,0.0,0.0,Normal,-1.05
WL.SSN.02,2026-10-09 08:40,-1.35,,,,,,Normal,-1.35
WL.SSN.04,2026-10-09 08:40,-1.2,,,,,,Normal,-1.2
WL.SSN.06,2026-10-09 08:40,-1.77,,,,,,Normal,-1.76
WL.SSN.07,2026-10-09 08:40,-1.04,,,,,,Normal,-1.02
WL.SSN.08,2026-10-09 08:40,-0.66,-0.64,,0.0,,,Normal,-0.62
WL.SSN.09,2026-10-09 08:40,-0.66,,,,,,Normal,-0.65
WL.SSN.10,2026-10-09 08:40,-0.63,,,,,,Normal,-0.63
WL.SST.01,2026-10-09 08:40,0.85,1.76,,0.32,,,Alert,0.91
WL.STN.02,2026-10-09 08:40,0.63,,,,,,Critical,0.66
WL.STN.03,2026-10-09 08:40,0.69,,,,,,Critical,0.72
WL.STR.01,2026-10-09 08:40,-1.03,0.22,0.82,0.0,0.0,0.0,Normal,-1.0
WL.SWA.01,2026-10-09 08:40,0.83,1.31,,0.43,,,Critical,0.86
WL.SWU.01,2026-10-09 08:40,-0.9,,,,,,Normal,-0.9
WL.TCG.01,2026-10-09 08:40,-0.9,,,,,,Normal,-0.84
WL.TPK.02,2026-10-09 08:40,0.41,,,,,,out of order,0.44
WL.TPK.03,2026-10-09 08:40,0.49,,,,,,Critical,0.52
WL.TSK.01,2026-10-09 08:40,-1.8,,,,,,Normal,-1.8
WL.TTN.01,2026-10-09 08:40,-0.69,,,,,,Normal,-0.65
WL.TUT.02,2026-10-09 08:40,-1.12,,,,,,Normal,-0.22
WL.TWW.01,2026-10-09 08:40,0.77,1.06,,0.99,,,Normal,0.77
WL.TWW.02,2026-10-09 08:40,0.73,,,,,,Normal,0.73
WL.TWW.03,2026-10-09 08:40,0.7,,,,,,Critical,0.71
WL.VPD.01,2026-10-09 08:40,-1.07,,,,,,Normal,-1.0
WL.VPD.02,2026-10-09 08:40,-1.03,,,,,,Normal,-0.96
WL.VPD.03,2026-10-09 08:40,-1.31,,,,,,Normal,-1.3
WL.VPV.01,2026-10-09 08:40,-1.85,,,0.0,,,Normal,-1.41
WL.WHK.01,2026-10-09 08:40,0.74,,,,,,Normal,0.8
WL.WKT.01,2026-10-09 08:40,0.47,,,,,,Normal,0.55
WL.WLS.01,2026-10-09 08:40,0.54,,,,,,Normal,0.61
WL.WSI.01,2026-10-09 08:40,-1.3,0.64,,0.0,0.0,0.0,Normal,-0.54
WL.WSV.01,2026-10-09 08:40,0.0,,,,,,Normal,0.21
WL.WTK.01,2026-10-09 08:40,-0.51,,,,,,Normal,-0.51
WL.WTN.02,2026-10-09 08:40,-1.44,,,,,,Normal,-1.1
WL.YPE.01,2026-10-09 08:40,0.38,,,,,,Normal,0.38
WL.YPN.01,2026-10-09 08:40,-0.62,,,,,,Normal,-0.51
WL.YSN.02,2026-10-09 08:40,-1.02,,,,,,Normal,-0.95
WL.KPM.04,2026-10-09 08:45,0.4,,,,,,Normal,0.49
WL.BNJ.01,2026-10-09 08:51,-0.95,,,,,,temporarily out of order,-0.95
WL.KKD.04,2026-10-09 08:55,-0.47,,,,,,Normal,-0.45
WL.BSU.04,2026-10-09 09:05,-1.11,,,,,,temporarily out of order,-1.1
WL.ANG.01,2026-10-09 09:10,0.99,,,,,,Normal,
WL.BBU.01,2026-10-09 09:10,0.43,,,,,,Normal,0.5
WL.BBU.02,2026-10-09 09:10,0.48,,,,,,Normal,
WL.BKH.01,2026-10-09 09:10,0.06,,,,,,Normal,
WL.BMD.01,2026-10-09 09:10,0.47,,,,,,Normal,
WL.BNJ.05,2026-10-09 09:10,-1.49,,,,,,Normal,
WL.BOA.03,2026-10-09 09:10,-1.33,,,,,,Normal,-1.12
WL.BSE.01,2026-10-09 09:10,-1.58,,,,,,Normal,
WL.BTL.02,2026-10-09 09:10,-0.06,,,,,,Normal,
WL.CLH.01,2026-10-09 09:10,-0.4,,,,,,Normal,
WL.CYI.02,2026-10-09 09:10,-0.6,,,,,,Normal,-0.6
WL.K08.01,2026-10-09 09:10,1.55,,,,,,Alert,
WL.K10.01,2026-10-09 09:10,1.63,,,,,,Alert,
WL.K11.01,2026-10-09 09:10,1.58,,,,,,Alert,
WL.KBP.01,2026-10-09 09:10,-1.14,,,,,,Normal,
WL.KHW.01,2026-10-09 09:10,1.71,,,,,,Normal,
WL.KKO.02,2026-10-09 09:10,1.56,,,,,,Alert,
WL.KPM.07,2026-10-09 09:10,0.66,,,,,,Alert,
WL.LPS.01,2026-10-09 09:10,0.82,,,,,,Normal,
WL.LPT.05,2026-10-09 09:10,1.27,,,,,,Normal,
WL.MKT.02,2026-10-09 09:10,-0.8,,,,,,Normal,
WL.NK3.02,2026-10-09 09:10,-0.73,,,,,,Normal,
WL.POC.01,2026-10-09 09:10,1.46,,,,,,Normal,
WL.PSC.06,2026-10-09 09:10,0.36,,,,,,Normal,
WL.RPS.01,2026-10-09 09:10,2.07,,,,,,Alert,
WL.SSB.01,2026-10-09 09:10,-0.84,,,,,,Normal,-0.79
WL.SSB.13,2026-10-09 09:10,1.89,,,,,,Critical,
WL.SSG.02,2026-10-09 09:10,1.56,,,,,,Alert,
WL.SSM.02,2026-10-09 09:10,1.55,,,,,,Normal,
WL.STN.01,2026-10-09 09:10,0.52,,,,,,Alert,0.53
WL.SWA.02,2026-10-09 09:10,1.48,,,,,,Normal,
WL.TWW.03,2026-10-09 09:10,0.71,,,,,,Critical,0.71
WL.AJP.01,2026-10-09 09:15,-1.11,,,,,,Normal,-0.54
WL.ANX.01,2026-10-09 09:15,-0.02,,,,,,Normal,0.02
WL.BAM.01,2026-10-09 09:15,0.14,,,,,,Normal,0.4
WL.BBN.01,2026-10-09 09:15,-0.08,,,,,,Normal,-0.05
WL.BBN.02,2026-10-09 09:15,0.1,,,,,,Normal,0.11
WL.BBN.03,2026-10-09 09:15,0.36,,,,,,Normal,0.36
WL.BBR.01,2026-10-09 09:15,0.15,,,,,,Normal,0.15
WL.BBR.02,2026-10-09 09:15,0.12,,,,,,Normal,0.12
WL.BCN.01,2026-10-09 09:15,0.52,,,,,,Normal,0.52
WL.BCN.02,2026-10-09 09:15,0.51,,,,,,Normal,0.51
WL.BCN.03,2026-10-09 09:15,0.57,,,,,,Normal,0.58
WL.BJK.01,2026-10-09 09:15,-1.4,0.18,,0.0,0.0,,Normal,-1.06
WL.BJK.02,2026-10-09 09:15,0.47,,,,,,Normal,0.47
WL.BJK.03,2026-10-09 09:15,0.45,,,,,,Normal,0.45
WL.BJK.04,2026-10-09 09:15,0.51,,,,,,Normal,0.53
WL.BKA.01,2026-10-09 09:15,-1.4,1.55,,1.73,1.75,0.0,Normal,-1.24
WL.BKA.02,2026-10-09 09:15,-0.83,,,,,,Normal,-0.69
WL.BKA.03,2026-10-09 09:15,-0.39,,,,,,Normal,-0.27
WL.BKA.04,2026-10-09 09:15,0.08,,,,,,Normal,0.16
WL.BKB.01,2026-10-09 09:15,-0.38,,,,,,Normal,-0.33
WL.BKG.01,2026-10-09 09:15,0.67,-2.0,,0.0,,,Critical,0.68
WL.BKK.01,2026-10-09 09:15,0.5,,,,,,Normal,
WL.BKT.01,2026-10-09 09:15,-0.26,,,,,,Normal,-0.26
WL.BKY.01,2026-10-09 09:15,0.4,1.12,,2.31,0.0,0.0,Normal,0.43
WL.BKY.02,2026-10-09 09:15,0.47,,,,,,Normal,0.47
WL.BLP.02,2026-10-09 09:15,-0.84,,,,,,Normal,-0.77
WL.BLY.01,2026-10-09 09:15,-0.45,,,,,,Normal,-0.43
WL.BLY.02,2026-10-09 09:15,-0.53,,,,,,Normal,-0.52
WL.BMA.02,2026-10-09 09:15,0.06,,,,,,Normal,0.09
WL.BMK.01,2026-10-09 09:15,-1.68,,,,,,Normal,-1.29
WL.BNA.01,2026-10-09 09:15,-1.64,0.08,,0.0,0.0,,Normal,-1.15
WL.BNA.03,2026-10-09 09:15,-0.59,,,,,,Normal,-0.55
WL.BNA.04,2026-10-09 09:15,-0.47,,,,,,Normal,-0.42
WL.BNJ.02,2026-10-09 09:15,-1.6,,,,,,Normal,-1.16
WL.BNJ.04,2026-10-09 09:15,-1.1,,,,,,Normal,-1.05
WL.BNS.01,2026-10-09 09:15,0.52,,,,,,Normal,0.52
WL.BOA.01,2026-10-09 09:15,-1.32,0.21,,0.0,0.0,,Normal,-1.05
WL.BOA.02,2026-10-09 09:15,-1.38,,,,,,Normal,-1.02
WL.BPA.01,2026-10-09 09:15,-0.64,,,,,,Normal,-0.54
WL.BPK.01,2026-10-09 09:15,0.16,,,,,,Normal,0.16
WL.BPM.01,2026-10-09 09:15,0.46,,,,,,Normal,0.46
WL.BPM.02,2026-10-09 09:15,0.51,,,,,,Normal,0.52
WL.BPM.03,2026-10-09 09:15,0.64,,,,,,Alert,0.64
WL.BPM.04,2026-10-09 09:15,0.59,,,,,,Normal,0.59
WL.BPN.02,2026-10-09 09:15,0.16,,,,,,Normal,0.16
WL.BPU.01,2026-10-09 09:15,-0.29,,,,,,Normal,0.73
WL.BSK.01,2026-10-09 09:15,0.15,0.69,,0.0,0.0,,Normal,0.42
WL.BSU.01,2026-10-09 09:15,-0.91,1.48,,0.0,0.0,0.0,Normal,-0.86
WL.BSU.02,2026-10-09 09:15,-0.83,,,,,,Normal,-0.78
WL.BSU.03,2026-10-09 09:15,-1.45,,,,,,Normal,-1.3
WL.BSU.05,2026-10-09 09:15,-1.4,,,,,,Normal,-1.25
WL.BSU.06,2026-10-09 09:15,-0.84,,,,,,Normal,-0.68
WL.BSU.07,2026-10-09 09:15,-0.54,,,,,,Normal,-0.49
WL.BTL.01,2026-10-09 09:15,-0.53,,,,,,Normal,-0.51
WL.BTY.01,2026-10-09 09:15,0.26,,,,,,Normal,0.36
WL.BWK.01,2026-10-09 09:15,0.41,,,,,,Normal,0.41
WL.BWK.02,2026-10-09 09:15,0.6,,,,,,Alert,0.6
WL.BWK.03,2026-10-09 09:15,0.64,,,,,,Normal,0.64
WL.BYI.01,2026-10-09 09:15,1.0,,,,,,Critical,1.0
WL.BYK.02,2026-10-09 09:15,0.06,,,,,,Normal,0.12
WL.CKS.01,2026-10-09 09:15,-1.4,,,0.0,0.0,,Normal,-1.28
WL.CKS.02,2026-10-09 09:15,-1.06,,,,,,Normal,-0.95
WL.CKS.03,2026-10-09 09:15,-1.19,,,,,,Normal,-1.12
WL.CNS.01,2026-10-09 09:15,-1.79,0.29,,0.0,0.0,,Normal,-1.23
WL.CPA.01,2026-10-09 09:15,0.48,1.23,,3.31,3.52,,Normal,0.48
WL.CPA.02,2026-10-09 09:15,0.38,,,,,,Normal,0.38
WL.CYI.01,2026-10-09 09:15,-0.62,,,,,,Normal,-0.62
WL.CYI.03,2026-10-09 09:15,-0.53,,,,,,Normal,-0.52
WL.DKN.01,2026-10-09 09:15,0.26,0.63,,0.0,0.0,6.23,Normal,0.27
WL.FTM.01,2026-10-09 09:15,-1.22,,,,,,Normal,-1.07
WL.HKG.01,2026-10-09 09:15,-0.77,,,,,,Normal,-0.77
WL.HKG.02,2026-10-09 09:15,-0.73,,,,,,Normal,-0.73
WL.HMK.01,2026-10-09 09:15,-0.06,,,,,,Alert,0.0
WL.HMK.02,2026-10-09 09:15,-0.16,,,,,,Normal,-0.02
WL.HMK.03,2026-10-09 09:15,-0.04,,,,,,Normal,0.0
WL.JKK.01,2026-10-09 09:15,0.33,,,,,,Alert,0.39
WL.JRN.01,2026-10-09 09:15,0.35,0.49,,0.0,,,Normal,0.35
WL.KBU.01,2026-10-09 09:15,0.59,1.22,,0.0,,,Normal,0.59
WL.KBU.02,2026-10-09 09:15,0.57,,,,,,Normal,0.57
WL.KCD.01,2026-10-09 09:15,-1.03,,,,,,Normal,-1.0
WL.KDN.01,2026-10-09 09:15,-0.67,0.34,,0.0,,,Normal,-0.6
WL.KJA.01,2026-10-09 09:15,-0.94,,,,,,Normal,-0.85
WL.KJA.02,2026-10-09 09:15,-0.42,,,,,,Normal,-0.42
WL.KJG.01,2026-10-09 09:15,-0.65,,,,,,Normal,-0.18
WL.KJK.01,2026-10-09 09:15,-1.25,0.19,,0.0,0.0,,Normal,-1.17
WL.KJK.02,2026-10-09 09:15,-1.2,,,,,,Normal,-1.11
WL.KJN.01,2026-10-09 09:15,-0.13,,,,,,Alert,-0.13
WL.KJN.02,2026-10-09 09:15,-0.08,,,,,,Normal,-0.08
WL.KJT.01,2026-10-09 09:15,-0.9,,,,,,Normal,-0.51
WL.KJU.01,2026-10-09 09:15,-0.71,,,,,,Normal,-0.38
WL.KKD.01,2026-10-09 09:15,-0.43,,,,,,Normal,-0.41
WL.KKD.02,2026-10-09 09:15,-0.53,,,,,,Normal,-0.51
WL.KKD.03,2026-10-09 09:15,-0.52,,,,,,Normal,-0.5
WL.KKO.01,2026-10-09 09:15,1.63,,,,,,Alert,1.63
WL.KKS.01,2026-10-09 09:15,-0.85,1.24,,0.0,0.0,,Normal,-0.76
WL.KKS.02,2026-10-09 09:15,-0.79,,,,,,Normal,-0.73
WL.KKS.03,2026-10-09 09:15,-0.9,,,,,,Normal,-0.82
WL.KKS.04,2026-10-09 09:15,-0.87,0.86,,0.0,,,Normal,-0.78
WL.KKY.01,2026-10-09 09:15,0.67,,,,,,Normal,0.67
WL.KKY.02,2026-10-09 09:15,0.67,,,,,,Normal,0.67
WL.KLA.01,2026-10-09 09:15,-0.32,,,,,,Normal,0.39
WL.KLD.01,2026-10-09 09:15,-0.39,,,,,,Normal,-0.27
WL.KLD.02,2026-10-09 09:15,-0.33,,,,,,Normal,-0.19
WL.KLT.01,2026-10-09 09:15,-0.7,,,,,,Normal,-0.67
WL.KMN.01,2026-10-09 09:15,0.35,1.09,,5.14,0.0,0.0,Normal,0.38
WL.KNB.01,2026-10-09 09:15,-0.8,,,,,,Normal,-0.79
WL.KNB.02,2026-10-09 09:15,-0.37,,,,,,Normal,-0.36
WL.KPG.01,2026-10-09 09:15,-1.03,,,,,,Normal,-0.99
WL.KPM.01,2026-10-09 09:15,-0.35,,,,,,Normal,-0.25
WL.KPM.03,2026-10-09 09:15,-0.12,,,,,,Normal,-0.02
WL.KPM.05,2026-10-09 09:15,0.52,,,,,,Normal,0.53
WL.KPM.06,2026-10-09 09:15,0.52,,,,,,Normal,0.52
WL.KPM.08,2026-10-09 09:15,0.51,,,,,,Normal,0.53
WL.KSG.01,2026-10-09 09:15,0.72,,,,,,Normal,0.79
WL.KSI.01,2026-10-09 09:15,0.82,,,,,,Alert,0.84
WL.KSI.02,2026-10-09 09:15,0.83,,,,,,Critical,0.85
WL.KSK.01,2026-10-09 09:15,-0.58,,,,,,Normal,-0.56
WL.KSM.01,2026-10-09 09:15,0.83,,,,,,Critical,0.85
WL.KSM.02,2026-10-09 09:15,0.78,,,,,,Critical,0.81
WL.KSO.01,2026-10-09 09:15,0.76,,,,,,Normal,0.76
WL.KSO.02,2026-10-09 09:15,0.82,,,,,,Normal,0.83
WL.KT4.01,2026-10-09 09:15,0.53,,,,,,Critical,0.54
WL.KTY.01,2026-10-09 09:15,-1.56,0.21,,0.0,,,Normal,-1.56
WL.LBK.02,2026-10-09 09:15,0.54,,,,,,Critical,0.58
WL.LBK.03,2026-10-09 09:15,0.46,,,,,,Critical,0.5
WL.LCL.01,2026-10-09 09:15,0.66,,,,,,Normal,0.67
WL.LCL.02,2026-10-09 09:15,0.48,,,,,,Normal,0.49
WL.LKB.01,2026-10-09 09:15,0.7,,,,,,Critical,0.74
WL.LOA.01,2026-10-09 09:15,0.63,,,,,,Normal,0.9
WL.LOA.02,2026-10-09 09:15,0.8,,,,,,Normal,0.84
WL.LPC.01,2026-10-09 09:15,1.11,,,,,,Critical,1.12
WL.LPG.02,2026-10-09 09:15,1.01,1.75,,0.0,,,Critical,1.02
WL.LPG.03,2026-10-09 09:15,0.95,,,,,,Critical,0.97
WL.LPN.01,2026-10-09 09:15,-0.76,0.58,,0.0,,,Normal,-0.63
WL.LPP.01,2026-10-09 09:15,-1.04,,,,,,Normal,-0.95
WL.LPP.02,2026-10-09 09:15,-0.52,,,,,,Normal,
WL.LPT.01,2026-10-09 09:15,1.21,,,,,,Critical,1.21
WL.LPT.03,2026-10-09 09:15,0.89,,,,,,Critical,0.91
WL.LPW.01,2026-10-09 09:15,-0.3,-0.34,,0.0,,,Normal,-0.26
WL.LPW.03,2026-10-09 09:15,0.2,,,,,,Normal,0.23
WL.LPW.04,2026-10-09 09:15,-0.53,,,,,,Normal,-0.52
WL.LPW.05,2026-10-09 09:15,-0.62,,,,,,Normal,-0.6
WL.LSM.01,2026-10-09 09:15,-0.6,,,,,,Normal,-0.57
WL.LYW.01,2026-10-09 09:15,-1.51,,,,,,Normal,-1.51
WL.LYW.02,2026-10-09 09:15,-1.46,,,,,,Normal,-1.45
WL.MCM.01,2026-10-09 09:15,0.26,,,,,,Normal,0.26
WL.MFS.01,2026-10-09 09:15,-0.74,,,,,,Normal,-0.72
WL.MKT.01,2026-10-09 09:15,-0.27,,,,,,Normal,-0.27
WL.MSW.01,2026-10-09 09:15,1.21,,,,,,Normal,1.52
WL.MSW.02,2026-10-09 09:15,1.14,,,,,,Normal,1.16
WL.MSW.03,2026-10-09 09:15,-1.95,,,,,,Normal,1.37
WL.MSW.04,2026-10-09 09:15,0.96,,,,,,Normal,
WL.MTG.01,2026-10-09 09:15,-0.66,,,,,,Normal,-0.66
WL.NBN.01,2026-10-09 09:15,-3.79,-1.32,,0.0,,,Normal,-3.58
WL.NCH.02,2026-10-09 09:15,-0.46,,,,,,Normal,-0.33
WL.NK1.01,2026-10-09 09:15,-0.83,,,,,,Normal,0.02
WL.NK3.01,2026-10-09 09:15,-0.23,,,,,,Normal,-0.1
WL.NKW.02,2026-10-09 09:15,-0.29,,,,,,Normal,-0.26
WL.NSG.01,2026-10-09 09:15,-2.0,,,,,,Normal,-2.0
WL.OAG.01,2026-10-09 09:15,-0.89,,,,,,Normal,-0.82
WL.ORC.01,2026-10-09 09:15,-1.34,-0.77,,0.0,,,Normal,-1.34
WL.PKG.01,2026-10-09 09:15,1.01,,,,,,Normal,1.5
WL.PKN.01,2026-10-09 09:15,-0.88,0.4,,0.0,0.0,0.0,Normal,-0.68
WL.PLK.01,2026-10-09 09:15,-0.44,,,,,,Normal,0.82
WL.PLP.01,2026-10-09 09:15,-0.39,,,,,,Normal,-0.38
WL.PNM.01,2026-10-09 09:15,0.36,,,,,,Critical,0.38
WL.PSC.01,2026-10-09 09:15,0.39,0.43,,0.0,0.0,0.0,Normal,0.39
WL.PSC.02,2026-10-09 09:15,0.36,,,,,,Normal,0.36
WL.PSC.03,2026-10-09 09:15,0.36,,,,,,Normal,0.36
WL.PSC.05,2026-10-09 09:15,0.43,,,,,,Normal,0.43
WL.PSI.01,2026-10-09 09:15,-1.6,,,,,,Normal,-1.27
WL.PSR.01,2026-10-09 09:15,1.09,1.8,,0.2,,,Critical,1.12
WL.PSR.02,2026-10-09 09:15,1.12,,,,,,Alert,1.15
WL.PSR.03,2026-10-09 09:15,1.1,,,,,,Alert,1.13
WL.PSR.04,2026-10-09 09:15,0.74,,,,,,Normal,0.78
WL.PSR.05,2026-10-09 09:15,0.78,,,,,,Alert,0.81
WL.PSR.06,2026-10-09 09:15,0.71,,,,,,Normal,0.71
WL.PST.01,2026-10-09 09:15,-0.91,,,,,,Normal,-0.91
WL.PWT.01,2026-10-09 09:15,-0.59,,,,,,Normal,-0.55
WL.PWT.02,2026-10-09 09:15,0.0,,,,,,Normal,0.02
WL.PWT.03,2026-10-09 09:15,0.23,0.24,,5.81,5.9,,Critical,0.27
WL.PWT.04,2026-10-09 09:15,0.56,0.6,,4.06,,,Critical,0.59
WL.PWT.06,2026-10-09 09:15,0.97,,,,,,Critical,0.98
WL.PWT.07,2026-10-09 09:15,0.96,,,,,,Critical,0.97
WL.PYW.01,2026-10-09 09:15,-0.99,,,,,,Normal,-0.7
WL.RHN.01,2026-10-09 09:15,-1.19,0.38,,0.0,,,Normal,-0.81
WL.RJK.01,2026-10-09 09:15,0.29,0.29,,7.5,,,Normal,0.36
WL.RKC.01,2026-10-09 09:15,-1.01,,,,,,Normal,-0.93
WL.RMN.01,2026-10-09 09:15,0.56,,,,,,Normal,
WL.RMT.01,2026-10-09 09:15,-0.96,0.67,,0.0,0.0,,Normal,-0.25
WL.RMT.02,2026-10-09 09:15,-0.19,,,,,,Normal,-0.08
WL.RMT.03,2026-10-09 09:15,-2.0,,,,,,Normal,-2.0
WL.RSK.01,2026-10-09 09:15,0.44,,,,,,Normal,0.44
WL.SBR.01,2026-10-09 09:15,0.72,1.13,,0.0,,,Normal,0.72
WL.SBR.02,2026-10-09 09:15,0.65,,,,,,Normal,0.65
WL.SBT.01,2026-10-09 09:15,-0.24,0.14,,0.0,,,Normal,-0.09
WL.SCO.01,2026-10-09 09:15,0.32,,,,,,Normal,0.32
WL.SDN.01,2026-10-09 09:15,0.23,,,,,,Normal,0.23
WL.SKG.01,2026-10-09 09:15,-0.78,,,,,,Normal,-0.54
WL.SKT.01,2026-10-09 09:15,-0.77,,,,,,Normal,-0.55
WL.SKT.02,2026-10-09 09:15,-1.22,,,,,,Normal,-0.59
WL.SLL.01,2026-10-09 09:15,-2.98,,,,,,Normal,0.13
WL.SMK.01,2026-10-09 09:15,-0.24,,,,,,Normal,-0.24
WL.SNC.01,2026-10-09 09:15,-0.28,0.85,,0.0,0.0,0.0,Normal,-0.16
WL.SNC.02,2026-10-09 09:15,0.31,,,,,,Normal,0.32
WL.SNC.03,2026-10-09 09:15,0.04,,,,,,Normal,0.06
WL.SNO.01,2026-10-09 09:15,-1.44,,,,,,Normal,-0.74
WL.SOL.01,2026-10-09 09:15,-0.63,,,,,,Normal,-0.62
WL.SRE.01,2026-10-09 09:15,-1.13,0.74,,0.0,0.0,,Normal,0.06
WL.SRG.01,2026-10-09 09:15,-0.55,0.65,,0.0,0.0,0.0,Normal,-0.37
WL.SSB.03,2026-10-09 09:15,-0.59,,,,,,Normal,-0.54
WL.SSB.04,2026-10-09 09:15,-0.63,-0.7,,7.5,7.5,,Normal,-0.55
WL.SSB.06,2026-10-09 09:15,-0.45,,,,,,Normal,-0.22
WL.SSB.07,2026-10-09 09:15,0.01,,,,,,Normal,0.51
WL.SSB.08,2026-10-09 09:15,0.33,,,,,,Normal,0.34
WL.SSB.09,2026-10-09 09:15,0.56,1.1,,0.0,,,Critical,0.58
WL.SSB.10,2026-10-09 09:15,0.73,1.16,,2.51,,,Critical,0.73
WL.SSB.11,2026-10-09 09:15,1.24,,,,,,Critical,1.25
WL.SSB.12,2026-10-09 09:15,1.19,1.5,,0.0,,,Critical,1.21
WL.SSG.01,2026-10-09 09:15,1.57,,,,,,Alert,1.58
WL.SSM.01,2026-10-09 09:15,1.29,-99,,0.0,,,Critical,1.3
WL.SSN.01,2026-10-09 09:15,-1.06,1.33,,7.0,0.0,0.0,Normal,-1.05
WL.SSN.02,2026-10-09 09:15,-1.29,,,,,,Normal,-1.29
WL.SSN.04,2026-10-09 09:15,-1.19,,,,,,Normal,-1.19
WL.SSN.06,2026-10-09 09:15,-1.77,,,,,,Normal,-1.76
WL.SSN.07,2026-10-09 09:15,-1.04,,,,,,Normal,-1.02
WL.SSN.08,2026-10-09 09:15,-0.66,-0.67,,0.0,,,Normal,-0.62
WL.SSN.09,2026-10-09 09:15,-0.67,,,,,,Normal,-0.65
WL.SSN.10,2026-10-09 09:15,-0.64,,,,,,Normal,-0.63
WL.SST.01,2026-10-09 09:15,0.85,1.76,,0.32,,,Alert,0.91
WL.STN.02,2026-10-09 09:15,0.62,,,,,,Critical,0.66
WL.STN.03,2026-10-09 09:15,0.69,,,,,,Critical,0.72
WL.STR.01,2026-10-09 09:15,-1.03,0.2,0.71,0.0,0.0,0.0,Normal,-1.0
WL.SWA.01,2026-10-09 09:15,0.83,1.31,,0.44,,,Critical,0.86
WL.SWU.01,2026-10-09 09:15,-1.05,,,,,,Normal,-0.89
WL.TCG.01,2026-10-09 09:15,-0.87,,,,,,Normal,-0.84
WL.TPK.03,2026-10-09 09:15,0.48,,,,,,Critical,0.52
WL.TSK.01,2026-10-09 09:15,-1.8,,,,,,Normal,-1.8
WL.TTN.01,2026-10-09 09:15,-0.69,,,,,,Normal,-0.65
WL.TUT.02,2026-10-09 09:15,-1.07,,,,,,Normal,-0.22
WL.TWW.01,2026-10-09 09:15,0.77,1.06,,0.99,,,Normal,0.77
WL.TWW.02,2026-10-09 09:15,0.73,,,,,,Normal,0.73
WL.TWW.04,2026-10-09 09:15,0.68,,,,,,Normal,0.68
WL.TWW.05,2026-10-09 09:15,0.44,,,,,,Normal,0.44
WL.VPD.01,2026-10-09 09:15,-1.07,,,,,,Normal,-1.0
WL.VPD.02,2026-10-09 09:15,-1.03,,,,,,Normal,-0.96
WL.VPD.03,2026-10-09 09:15,-1.31,,,,,,Normal,-1.3
WL.VPV.01,2026-10-09 09:15,-1.57,,,0.0,,,Normal,-1.41
WL.WHK.01,2026-10-09 09:15,0.73,,,,,,Normal,0.8
WL.WKT.01,2026-10-09 09:15,0.52,,,,,,Normal,0.55
WL.WLS.01,2026-10-09 09:15,0.53,,,,,,Normal,0.61
WL.WSI.01,2026-10-09 09:15,-1.13,0.54,,0.0,0.0,0.0,Normal,-0.54
WL.WSV.01,2026-10-09 09:15,-0.03,,,,,,Normal,0.21
WL.WTK.01,2026-10-09 09:15,-0.48,,,,,,Normal,-0.48
WL.WTN.02,2026-10-09 09:15,-1.38,,,,,,Normal,-1.1
WL.YPE.01,2026-10-09 09:15,0.39,,,,,,Normal,0.39
WL.YPN.01,2026-10-09 09:15,-0.63,,,,,,Normal,-0.51
WL.YPN.02,2026-10-09 09:15,-0.88,,,,,,Normal,-0.57
WL.YSN.02,2026-10-09 09:15,-1.04,,,,,,Normal,-0.95
WL.LPI.02,2026-10-09 09:19,-0.04,,,,,,Normal,-0.04
WL.KPM.04,2026-10-09 09:25,0.41,,,,,,Normal,0.49
WL.KKD.04,2026-10-09 09:35,-0.47,,,,,,Normal,-0.45
WL.LSG.01,2026-10-09 09:45,-1.19,,,,,,out of order,-1.18
WL.PSC.03,2026-10-09 10:05,0.36,,,,,,temporarily out of order,0.36
WL.ANG.01,2026-10-09 10:10,0.98,,,,,,Normal,
WL.BBU.02,2026-10-09 10:10,0.48,,,,,,Normal,
WL.BKH.01,2026-10-09 10:10,0.06,,,,,,Normal,
WL.BMD.01,2026-10-09 10:10,0.48,,,,,,Normal,
WL.BNJ.05,2026-10-09 10:10,-2.18,,,,,,Normal,
WL.BSE.01,2026-10-09 10:10,-1.58,,,,,,Normal,
WL.BTL.02,2026-10-09 10:10,-0.01,,,,,,Normal,
WL.CLH.01,2026-10-09 10:10,-0.41,,,,,,Normal,
WL.CYI.02,2026-10-09 10:10,-0.6,,,,,,Normal,-0.6
WL.K08.01,2026-10-09 10:10,1.55,,,,,,Alert,
WL.K10.01,2026-10-09 10:10,1.63,,,,,,Alert,
WL.K11.01,2026-10-09 10:10,1.58,,,,,,Alert,
WL.KBP.01,2026-10-09 10:10,-1.06,,,,,,Normal,
WL.KHW.01,2026-10-09 10:10,1.71,,,,,,Normal,
WL.KKO.02,2026-10-09 10:10,1.57,,,,,,Alert,
WL.KPM.07,2026-10-09 10:10,0.58,,,,,,Normal,
WL.KSO.02,2026-10-09 10:10,0.82,,,,,,Normal,0.83
WL.LPS.01,2026-10-09 10:10,0.81,,,,,,Normal,
WL.LPT.05,2026-10-09 10:10,1.28,,,,,,Normal,
WL.MKT.02,2026-10-09 10:10,-0.8,,,,,,Normal,
WL.NK3.02,2026-10-09 10:10,-0.64,,,,,,Normal,
WL.POC.01,2026-10-09 10:10,1.46,,,,,,Normal,
WL.PSC.06,2026-10-09 10:10,0.24,,,,,,Normal,
WL.PSR.05,2026-10-09 10:10,0.77,,,,,,Alert,0.81
WL.RMN.01,2026-10-09 10:10,0.55,,,,,,Normal,
WL.RPS.01,2026-10-09 10:10,2.07,,,,,,Alert,
WL.SSB.13,2026-10-09 10:10,1.89,,,,,,Critical,
WL.SSG.02,2026-10-09 10:10,1.57,,,,,,Alert,
WL.SSM.02,2026-10-09 10:10,1.55,,,,,,Normal,
WL.STN.01,2026-10-09 10:10,0.52,,,,,,Alert,0.53
WL.SWA.02,2026-10-09 10:10,1.46,,,,,,Normal,
WL.AJP.01,2026-10-09 10:15,-1.12,,,,,,Normal,-0.54
WL.ANX.01,2026-10-09 10:15,-0.02,,,,,,Normal,0.02
WL.BAM.01,2026-10-09 10:15,0.19,,,,,,Normal,0.4
WL.BBN.01,2026-10-09 10:15,-0.09,,,,,,Normal,-0.05
WL.BBN.02,2026-10-09 10:15,0.1,,,,,,Normal,0.11
WL.BBN.03,2026-10-09 10:15,0.36,,,,,,Normal,0.37
WL.BBR.01,2026-10-09 10:15,0.13,,,,,,Normal,0.17
WL.BBR.02,2026-10-09 10:15,0.14,,,,,,Normal,0.14
WL.BBU.01,2026-10-09 10:15,0.42,,,,,,Normal,0.5
WL.BCN.01,2026-10-09 10:15,0.52,,,,,,Normal,0.52
WL.BCN.02,2026-10-09 10:15,0.51,,,,,,Normal,0.51
WL.BCN.03,2026-10-09 10:15,0.57,,,,,,Normal,0.58
WL.BJK.01,2026-10-09 10:15,-1.4,-0.01,,0.0,0.0,,Normal,-1.06
WL.BJK.02,2026-10-09 10:15,0.48,,,,,,Normal,0.48
WL.BJK.03,2026-10-09 10:15,0.45,,,,,,Normal,0.45
WL.BJK.04,2026-10-09 10:15,0.5,,,,,,Normal,0.53
WL.BKA.01,2026-10-09 10:15,-1.52,1.45,,1.73,1.75,0.0,Normal,-1.24
WL.BKA.02,2026-10-09 10:15,-0.83,,,,,,Normal,-0.69
WL.BKA.03,2026-10-09 10:15,-0.39,,,,,,Normal,-0.27
WL.BKA.04,2026-10-09 10:15,0.07,,,,,,Normal,0.16
WL.BKB.01,2026-10-09 10:15,-0.4,,,,,,Normal,-0.33
WL.BKG.01,2026-10-09 10:15,0.66,-2.0,,0.0,,,Critical,0.68
WL.BKK.01,2026-10-09 10:15,0.5,,,,,,Normal,
WL.BKT.01,2026-10-09 10:15,-0.31,,,,,,Normal,-0.26
WL.BKY.01,2026-10-09 10:15,0.34,0.98,,7.16,0.0,0.0,Normal,0.43
WL.BKY.02,2026-10-09 10:15,0.47,,,,,,Normal,0.47
WL.BLP.02,2026-10-09 10:15,-0.83,,,,,,Normal,-0.77
WL.BLY.01,2026-10-09 10:15,-0.45,,,,,,Normal,-0.43
WL.BLY.02,2026-10-09 10:15,-0.53,,,,,,Normal,-0.52
WL.BMA.02,2026-10-09 10:15,0.06,,,,,,Normal,0.09
WL.BMK.01,2026-10-09 10:15,-1.73,,,,,,Normal,-1.29
WL.BNA.01,2026-10-09 10:15,-1.66,-0.1,,0.0,0.0,,Normal,-1.15
WL.BNA.03,2026-10-09 10:15,-0.59,,,,,,Normal,-0.55
WL.BNA.04,2026-10-09 10:15,-0.47,,,,,,Normal,-0.42
WL.BNJ.01,2026-10-09 10:15,-0.94,,,,,,Normal,-0.94
WL.BNJ.02,2026-10-09 10:15,-2.75,,,,,,Normal,-1.16
WL.BNJ.04,2026-10-09 10:15,-1.16,,,,,,Normal,-1.05
WL.BNS.01,2026-10-09 10:15,0.52,,,,,,Normal,0.52
WL.BOA.01,2026-10-09 10:15,-1.21,0.04,,0.0,0.0,,Normal,-1.05
WL.BOA.02,2026-10-09 10:15,-1.25,,,,,,Normal,-1.02
WL.BOA.03,2026-10-09 10:15,-1.19,,,,,,Normal,-1.12
WL.BON.01,2026-10-09 10:15,-1.24,,,,,,Normal,-1.04
WL.BPA.01,2026-10-09 10:15,-0.67,,,,,,Normal,-0.54
WL.BPK.01,2026-10-09 10:15,0.18,,,,,,Normal,0.18
WL.BPM.01,2026-10-09 10:15,0.47,,,,,,Normal,0.47
WL.BPM.02,2026-10-09 10:15,0.52,,,,,,Normal,0.52
WL.BPM.03,2026-10-09 10:15,0.64,,,,,,Alert,0.64
WL.BPM.04,2026-10-09 10:15,0.59,,,,,,Normal,0.59
WL.BPN.02,2026-10-09 10:15,0.17,,,,,,Normal,0.17
WL.BPU.01,2026-10-09 10:15,-0.28,,,,,,Normal,0.73
WL.BSK.01,2026-10-09 10:15,0.26,0.54,,0.0,0.0,,Normal,0.42
WL.BSU.01,2026-10-09 10:15,-0.92,1.38,,0.0,0.0,0.0,Normal,-0.86
WL.BSU.02,2026-10-09 10:15,-0.83,,,,,,Normal,-0.78
WL.BSU.03,2026-10-09 10:15,-1.43,,,,,,Normal,-1.3
WL.BSU.04,2026-10-09 10:15,-1.11,,,,,,Normal,-1.1
WL.BSU.05,2026-10-09 10:15,-1.41,,,,,,Normal,-1.25
WL.BSU.06,2026-10-09 10:15,-0.77,,,,,,Normal,-0.56
WL.BSU.07,2026-10-09 10:15,-0.47,,,,,,Normal,-0.45
WL.BTL.01,2026-10-09 10:15,-0.53,,,,,,Normal,-0.51
WL.BTY.01,2026-10-09 10:15,0.27,,,,,,Normal,0.36
WL.BWK.01,2026-10-09 10:15,0.41,,,,,,Normal,0.41
WL.BWK.02,2026-10-09 10:15,0.61,,,,,,Alert,0.61
WL.BWK.03,2026-10-09 10:15,0.65,,,,,,Normal,0.65
WL.BYI.01,2026-10-09 10:15,1.0,,,,,,Critical,1.0
WL.BYK.02,2026-10-09 10:15,0.07,,,,,,Normal,0.12
WL.CKS.01,2026-10-09 10:15,-1.44,,,0.0,0.0,,Normal,-1.28
WL.CKS.02,2026-10-09 10:15,-1.05,,,,,,Normal,-0.95
WL.CKS.03,2026-10-09 10:15,-1.18,,,,,,Normal,-1.12
WL.CNS.01,2026-10-09 10:15,-2.3,0.08,,0.0,0.0,,Normal,-1.23
WL.CPA.01,2026-10-09 10:15,0.48,1.14,,0.0,3.52,,Normal,0.49
WL.CPA.02,2026-10-09 10:15,0.38,,,,,,Normal,0.39
WL.CYI.01,2026-10-09 10:15,-0.62,,,,,,Normal,-0.62
WL.CYI.03,2026-10-09 10:15,-0.53,,,,,,Normal,-0.52
WL.DKN.01,2026-10-09 10:15,0.27,0.46,,0.0,6.14,0.0,Normal,0.28
WL.FTM.01,2026-10-09 10:15,-1.11,,,,,,Normal,-1.07
WL.HKG.01,2026-10-09 10:15,-0.78,,,,,,Normal,-0.77
WL.HKG.02,2026-10-09 10:15,-0.72,,,,,,Normal,-0.72
WL.HMK.01,2026-10-09 10:15,-0.09,,,,,,Alert,0.0
WL.HMK.02,2026-10-09 10:15,-0.16,,,,,,Normal,-0.02
WL.HMK.03,2026-10-09 10:15,-0.06,,,,,,Normal,0.0
WL.JKK.01,2026-10-09 10:15,0.33,,,,,,Alert,0.39
WL.JRN.01,2026-10-09 10:15,0.35,0.32,,0.0,,,Normal,0.35
WL.KBU.01,2026-10-09 10:15,0.59,1.13,,0.0,,,Normal,0.6
WL.KBU.02,2026-10-09 10:15,0.57,,,,,,Normal,0.57
WL.KCD.01,2026-10-09 10:15,-1.01,,,,,,Normal,-1.0
WL.KDN.01,2026-10-09 10:15,-0.68,0.16,,0.0,,,Normal,-0.6
WL.KJA.01,2026-10-09 10:15,-0.8,,,,,,Normal,-0.8
WL.KJA.02,2026-10-09 10:15,-0.32,,,,,,Normal,-0.32
WL.KJG.01,2026-10-09 10:15,-0.49,,,,,,Normal,-0.18
WL.KJK.01,2026-10-09 10:15,-1.2,0.0,,0.0,0.0,,Normal,-1.17
WL.KJK.02,2026-10-09 10:15,-1.14,,,,,,Normal,-1.11
WL.KJN.01,2026-10-09 10:15,-0.13,,,,,,Alert,-0.11
WL.KJN.02,2026-10-09 10:15,-0.07,,,,,,Normal,-0.05
WL.KJT.01,2026-10-09 10:15,-0.98,,,,,,Normal,-0.51
WL.KJU.01,2026-10-09 10:15,-0.72,,,,,,Normal,-0.38
WL.KKD.01,2026-10-09 10:15,-0.44,,,,,,Normal,-0.41
WL.KKD.02,2026-10-09 10:15,-0.53,,,,,,Normal,-0.51
WL.KKD.03,2026-10-09 10:15,-0.52,,,,,,Normal,-0.5
WL.KKO.01,2026-10-09 10:15,1.63,,,,,,Alert,1.63
WL.KKS.01,2026-10-09 10:15,-0.84,1.12,,0.0,0.0,,Normal,-0.76
WL.KKS.02,2026-10-09 10:15,-0.79,,,,,,Normal,-0.73
WL.KKS.03,2026-10-09 10:15,-0.91,,,,,,Normal,-0.82
WL.KKS.04,2026-10-09 10:15,-0.91,0.72,,0.0,,,Normal,-0.78
WL.KKY.01,2026-10-09 10:15,0.67,,,,,,Normal,0.67
WL.KKY.02,2026-10-09 10:15,0.67,,,,,,Normal,0.67
WL.KLA.01,2026-10-09 10:15,-0.33,,,,,,Normal,0.39
WL.KLD.01,2026-10-09 10:15,-0.43,,,,,,Normal,-0.27
WL.KLD.02,2026-10-09 10:15,-0.38,,,,,,Normal,-0.19
WL.KLT.01,2026-10-09 10:15,-0.7,,,,,,Normal,-0.67
WL.KMN.01,2026-10-09 10:15,0.35,0.92,,3.68,0.0,0.0,Normal,0.42
WL.KNB.01,2026-10-09 10:15,-0.8,,,,,,Normal,-0.79
WL.KNB.02,2026-10-09 10:15,-0.37,,,,,,Normal,-0.36
WL.KPG.01,2026-10-09 10:15,-1.09,,,,,,Normal,-0.99
WL.KPM.01,2026-10-09 10:15,-0.34,,,,,,Normal,-0.25
WL.KPM.03,2026-10-09 10:15,-0.13,,,,,,Normal,-0.02
WL.KPM.05,2026-10-09 10:15,0.53,,,,,,Normal,0.54
WL.KPM.06,2026-10-09 10:15,0.52,,,,,,Normal,0.53
WL.KPM.08,2026-10-09 10:15,0.51,,,,,,Normal,0.53
WL.KSG.01,2026-10-09 10:15,0.71,,,,,,Normal,0.79
WL.KSI.01,2026-10-09 10:15,0.81,,,,,,Alert,0.84
WL.KSI.02,2026-10-09 10:15,0.83,,,,,,Critical,0.85
WL.KSK.01,2026-10-09 10:15,-0.58,,,,,,Normal,-0.56
WL.KSM.01,2026-10-09 10:15,0.83,,,,,,Critical,0.85
WL.KSM.02,2026-10-09 10:15,0.78,,,,,,Critical,0.81
WL.KSO.01,2026-10-09 10:15,0.77,,,,,,Normal,0.77
WL.KT4.01,2026-10-09 10:15,0.53,,,,,,Critical,0.54
WL.KTY.01,2026-10-09 10:15,-1.49,0.02,,0.0,,,Normal,-1.49
WL.LBK.02,2026-10-09 10:15,0.54,,,,,,Critical,0.58
WL.LBK.03,2026-10-09 10:15,0.46,,,,,,Critical,0.5
WL.LCL.01,2026-10-09 10:15,0.64,,,,,,Normal,0.67
WL.LCL.02,2026-10-09 10:15,0.39,,,,,,Normal,0.49
WL.LKB.01,2026-10-09 10:15,0.7,,,,,,Critical,0.74
WL.LOA.01,2026-10-09 10:15,0.8,,,,,,Alert,0.9
WL.LOA.02,2026-10-09 10:15,0.79,,,,,,Normal,0.84
WL.LPC.01,2026-10-09 10:15,1.11,,,,,,Critical,1.12
WL.LPG.02,2026-10-09 10:15,1.01,1.75,,0.0,,,Critical,1.02
WL.LPG.03,2026-10-09 10:15,0.95,,,,,,Critical,0.97
WL.LPN.01,2026-10-09 10:15,-0.79,0.53,,0.0,,,Normal,-0.63
WL.LPP.01,2026-10-09 10:15,-1.05,,,,,,Normal,-0.95
WL.LPP.02,2026-10-09 10:15,-0.6,,,,,,Normal,
WL.LPT.01,2026-10-09 10:15,1.21,,,,,,Critical,1.21
WL.LPT.03,2026-10-09 10:15,0.89,,,,,,Critical,0.91
WL.LPW.01,2026-10-09 10:15,-0.3,-0.34,,0.0,,,Normal,-0.26
WL.LPW.03,2026-10-09 10:15,0.19,,,,,,Normal,0.23
WL.LPW.04,2026-10-09 10:15,-0.53,,,,,,Normal,-0.52
WL.LPW.05,2026-10-09 10:15,-0.62,,,,,,Normal,-0.6
WL.LSM.01,2026-10-09 10:15,-0.6,,,,,,Normal,-0.57
WL.LYW.01,2026-10-09 10:15,-1.43,,,,,,Normal,-1.43
WL.LYW.02,2026-10-09 10:15,-1.46,,,,,,Normal,-1.45
WL.MCM.01,2026-10-09 10:15,0.26,,,,,,Normal,0.26
WL.MFS.01,2026-10-09 10:15,-0.73,,,,,,Normal,-0.72
WL.MKT.01,2026-10-09 10:15,-0.28,,,,,,Normal,-0.27
WL.MSW.01,2026-10-09 10:15,1.14,,,,,,Normal,1.52
WL.MSW.02,2026-10-09 10:15,1.14,,,,,,Normal,1.16
WL.MSW.03,2026-10-09 10:15,1.2,,,,,,Normal,1.37
WL.MSW.04,2026-10-09 10:15,0.96,,,,,,Normal,
WL.MTG.01,2026-10-09 10:15,-0.65,,,,,,Normal,-0.65
WL.NBN.01,2026-10-09 10:15,-3.82,-1.31,,0.0,,,Normal,-3.58
WL.NCH.02,2026-10-09 10:15,-0.99,,,,,,Normal,-0.33
WL.NK1.01,2026-10-09 10:15,-0.66,,,,,,Normal,0.02
WL.NK3.01,2026-10-09 10:15,-0.33,,,,,,Normal,-0.1
WL.NKW.02,2026-10-09 10:15,-0.29,,,,,,Normal,-0.26
WL.NSG.01,2026-10-09 10:15,-2.0,,,,,,Normal,-2.0
WL.OAG.01,2026-10-09 10:15,-0.88,,,,,,Normal,-0.82
WL.ORC.01,2026-10-09 10:15,-1.34,-0.72,,0.0,,,Normal,-1.33
WL.PKG.01,2026-10-09 10:15,0.87,,,,,,Normal,1.5
WL.PKN.01,2026-10-09 10:15,-0.78,0.19,,0.0,0.0,0.0,Normal,-0.68
WL.PLK.01,2026-10-09 10:15,-0.61,,,,,,Normal,0.82
WL.PLP.01,2026-10-09 10:15,-0.4,,,,,,Normal,-0.38
WL.PNM.01,2026-10-09 10:15,0.36,,,,,,Critical,0.38
WL.PSC.01,2026-10-09 10:15,0.37,0.41,,0.0,0.0,0.0,Normal,0.39
WL.PSC.02,2026-10-09 10:15,0.36,,,,,,Normal,0.36
WL.PSC.05,2026-10-09 10:15,0.38,,,,,,Normal,0.43
WL.PSI.01,2026-10-09 10:15,-1.71,,,,,,Normal,-1.27
WL.PSR.01,2026-10-09 10:15,1.09,1.8,,0.2,,,Critical,1.12
WL.PSR.02,2026-10-09 10:15,1.12,,,,,,Alert,1.15
WL.PSR.03,2026-10-09 10:15,1.1,,,,,,Alert,1.13
WL.PSR.04,2026-10-09 10:15,0.74,,,,,,Normal,0.78
WL.PSR.06,2026-10-09 10:15,0.71,,,,,,Normal,0.71
WL.PST.01,2026-10-09 10:15,-0.91,,,,,,Normal,-0.91
WL.PWT.01,2026-10-09 10:15,-0.55,,,,,,Normal,-0.53
WL.PWT.02,2026-10-09 10:15,-0.01,,,,,,Normal,0.02
WL.PWT.03,2026-10-09 10:15,0.23,0.24,,5.81,5.9,,Critical,0.27
WL.PWT.04,2026-10-09 10:15,0.55,0.59,,4.06,,,Alert,0.59
WL.PWT.06,2026-10-09 10:15,0.97,,,,,,Critical,0.98
WL.PWT.07,2026-10-09 10:15,0.96,,,,,,Critical,0.97
WL.PYW.01,2026-10-09 10:15,-0.9,,,,,,Normal,-0.7
WL.RHN.01,2026-10-09 10:15,-0.95,0.28,,0.0,,,Normal,-0.81
WL.RJK.01,2026-10-09 10:15,0.24,0.24,,7.5,,,Normal,0.36
WL.RKC.01,2026-10-09 10:15,-1.0,,,,,,Normal,-0.93
WL.RMT.01,2026-10-09 10:15,-1.24,0.66,,0.0,0.0,,Normal,-0.25
WL.RMT.02,2026-10-09 10:15,-0.21,,,,,,Normal,-0.08
WL.RMT.03,2026-10-09 10:15,-2.0,,,,,,Normal,-2.0
WL.RSK.01,2026-10-09 10:15,0.44,,,,,,Normal,0.44
WL.SBR.01,2026-10-09 10:15,0.73,1.12,,0.0,,,Normal,0.73
WL.SBR.02,2026-10-09 10:15,0.65,,,,,,Normal,0.65
WL.SBT.01,2026-10-09 10:15,-0.36,0.15,,0.0,,,Normal,-0.09
WL.SCO.01,2026-10-09 10:15,0.27,,,,,,Normal,0.32
WL.SDN.01,2026-10-09 10:15,0.23,,,,,,Normal,0.23
WL.SKG.01,2026-10-09 10:15,-0.9,,,,,,Normal,-0.54
WL.SKT.01,2026-10-09 10:15,-0.74,,,,,,Normal,-0.55
WL.SKT.02,2026-10-09 10:15,-1.02,,,,,,Normal,-0.59
WL.SLL.01,2026-10-09 10:15,-2.98,,,,,,Normal,0.13
WL.SMK.01,2026-10-09 10:15,-0.24,,,,,,Normal,-0.24
WL.SNC.01,2026-10-09 10:15,-0.26,0.79,,0.0,0.0,0.0,Normal,-0.16
WL.SNC.02,2026-10-09 10:15,0.33,,,,,,Normal,0.33
WL.SNC.03,2026-10-09 10:15,0.03,,,,,,Normal,0.06
WL.SNO.01,2026-10-09 10:15,-1.17,,,,,,Normal,-0.74
WL.SOL.01,2026-10-09 10:15,-0.63,,,,,,Normal,-0.62
WL.SRE.01,2026-10-09 10:15,-1.43,0.58,,0.0,0.0,,Normal,0.06
WL.SRG.01,2026-10-09 10:15,-0.54,0.55,,0.0,0.0,0.0,Normal,-0.37
WL.SSB.01,2026-10-09 10:15,-0.83,,,,,,Normal,-0.79
WL.SSB.03,2026-10-09 10:15,-0.59,,,,,,Normal,-0.47
WL.SSB.04,2026-10-09 10:15,-0.63,-0.64,,7.5,7.5,,Normal,-0.55
WL.SSB.06,2026-10-09 10:15,-0.44,,,,,,Normal,-0.22
WL.SSB.07,2026-10-09 10:15,0.02,,,,,,Normal,0.6
WL.SSB.08,2026-10-09 10:15,0.33,,,,,,Normal,0.34
WL.SSB.09,2026-10-09 10:15,0.56,1.1,,0.0,,,Critical,0.58
WL.SSB.10,2026-10-09 10:15,0.74,1.15,,2.51,,,Critical,0.74
WL.SSB.11,2026-10-09 10:15,1.24,,,,,,Critical,1.25
WL.SSB.12,2026-10-09 10:15,1.21,1.5,,0.0,,,Critical,1.21
WL.SSG.01,2026-10-09 10:15,1.57,,,,,,Alert,1.58
WL.SSM.01,2026-10-09 10:15,1.3,-99,,0.0,,,Critical,1.3
WL.SSN.01,2026-10-09 10:15,-1.06,1.21,,7.0,0.0,0.0,Normal,-1.05
WL.SSN.02,2026-10-09 10:15,-1.21,,,,,,Normal,-1.21
WL.SSN.04,2026-10-09 10:15,-1.19,,,,,,Normal,-1.19
WL.SSN.06,2026-10-09 10:15,-1.77,,,,,,Normal,-1.76
WL.SSN.07,2026-10-09 10:15,-1.05,,,,,,Normal,-1.02
WL.SSN.08,2026-10-09 10:15,-0.66,-0.66,,0.0,,,Normal,-0.62
WL.SSN.09,2026-10-09 10:15,-0.67,,,,,,Normal,-0.65
WL.SSN.10,2026-10-09 10:15,-0.65,,,,,,Normal,-0.63
WL.SST.01,2026-10-09 10:15,0.84,1.76,,0.32,,,Alert,0.91
WL.STN.02,2026-10-09 10:15,0.62,,,,,,Critical,0.66
WL.STN.03,2026-10-09 10:15,0.68,,,,,,Critical,0.72
WL.STR.01,2026-10-09 10:15,-1.03,0.21,0.6,0.0,0.0,0.0,Normal,-1.0
WL.SWA.01,2026-10-09 10:15,0.83,1.33,,0.44,,,Critical,0.86
WL.SWU.01,2026-10-09 10:15,-1.46,,,,,,Normal,-0.89
WL.TCG.01,2026-10-09 10:15,-0.86,,,,,,Normal,-0.84
WL.TPK.03,2026-10-09 10:15,0.48,,,,,,Critical,0.52
WL.TSK.01,2026-10-09 10:15,-1.8,,,,,,Normal,-1.8
WL.TTN.01,2026-10-09 10:15,-0.7,,,,,,Normal,-0.65
WL.TUT.02,2026-10-09 10:15,-1.0,,,,,,Normal,-0.22
WL.TWW.01,2026-10-09 10:15,0.78,1.06,,0.99,,,Normal,0.78
WL.TWW.02,2026-10-09 10:15,0.74,,,,,,Normal,0.74
WL.TWW.03,2026-10-09 10:15,0.71,,,,,,Critical,0.71
WL.TWW.04,2026-10-09 10:15,0.69,,,,,,Normal,0.69
WL.TWW.05,2026-10-09 10:15,0.44,,,,,,Normal,0.45
WL.VPD.01,2026-10-09 10:15,-1.07,,,,,,Normal,-1.0
WL.VPD.02,2026-10-09 10:15,-1.03,,,,,,Normal,-0.96
WL.VPD.03,2026-10-09 10:15,-1.31,,,,,,Normal,-1.3
WL.VPV.01,2026-10-09 10:15,-1.42,,,0.0,,,Normal,-1.41
WL.WHK.01,2026-10-09 10:15,0.71,,,,,,Normal,0.8
WL.WKT.01,2026-10-09 10:15,0.55,,,,,,Normal,0.55
WL.WLS.01,2026-10-09 10:15,0.52,,,,,,Normal,0.61
WL.WSI.01,2026-10-09 10:15,-1.32,0.36,,0.0,0.0,0.0,Normal,-0.54
WL.WSV.01,2026-10-09 10:15,-0.11,,,,,,Normal,0.21
WL.WTK.01,2026-10-09 10:15,-0.47,,,,,,Normal,-0.47
WL.WTN.02,2026-10-09 10:15,-1.28,,,,,,Normal,-1.1
WL.YPE.01,2026-10-09 10:15,0.39,,,,,,Normal,0.39
WL.YPN.01,2026-10-09 10:15,-0.74,,,,,,Normal,-0.51
WL.YPN.02,2026-10-09 10:15,-1.4,,,,,,Normal,-0.57
WL.YSN.02,2026-10-09 10:15,-1.02,,,,,,Normal,-0.95
WL.LPI.02,2026-10-09 10:19,-0.05,,,,,,Normal,-0.04
WL.KPM.04,2026-10-09 10:25,0.4,,,,,,Normal,0.49
WL.KKD.04,2026-10-09 10:35,-0.47,,,,,,Normal,-0.45
WL.SNO.01,2026-10-09 10:35,-1.31,,,,,,out of order,-0.74
WL.ANG.01,2026-10-09 11:10,0.98,,,,,,Normal,
WL.BBU.02,2026-10-09 11:10,0.47,,,,,,Normal,
WL.BKH.01,2026-10-09 11:10,0.07,,,,,,Normal,
WL.BMD.01,2026-10-09 11:10,0.49,,,,,,Normal,
WL.BNJ.05,2026-10-09 11:10,-2.22,,,,,,Normal,
WL.BSE.01,2026-10-09 11:10,-1.58,,,,,,Normal,
WL.BTL.02,2026-10-09 11:10,0.05,,,,,,Normal,
WL.CLH.01,2026-10-09 11:10,-0.39,,,,,,Normal,
WL.CYI.02,2026-10-09 11:10,-0.59,,,,,,Normal,-0.59
WL.K08.01,2026-10-09 11:10,1.55,,,,,,Alert,
WL.K10.01,2026-10-09 11:10,1.63,,,,,,Alert,
WL.K11.01,2026-10-09 11:10,1.58,,,,,,Alert,
WL.KBP.01,2026-10-09 11:10,-0.98,,,,,,Normal,
WL.KHW.01,2026-10-09 11:10,1.72,,,,,,Normal,
WL.KKO.02,2026-10-09 11:10,1.56,,,,,,Alert,
WL.KPM.07,2026-10-09 11:10,0.55,,,,,,Normal,
WL.LPS.01,2026-10-09 11:10,0.81,,,,,,Normal,
WL.LPT.05,2026-10-09 11:10,1.27,,,,,,Normal,
WL.MKT.02,2026-10-09 11:10,-0.8,,,,,,Normal,
WL.NK3.02,2026-10-09 11:10,-0.57,,,,,,Normal,
WL.POC.01,2026-10-09 11:10,1.46,,,,,,Normal,
WL.PSC.06,2026-10-09 11:10,0.15,,,,,,Normal,
WL.RPS.01,2026-10-09 11:10,2.08,,,,,,Alert,
WL.SSB.13,2026-10-09 11:10,1.89,,,,,,Critical,
WL.SSG.02,2026-10-09 11:10,1.56,,,,,,Alert,
WL.SSM.02,2026-10-09 11:10,1.55,,,,,,Normal,
WL.STN.01,2026-10-09 11:10,0.52,,,,,,Alert,0.53
WL.SWA.02,2026-10-09 11:10,1.45,,,,,,Normal,
WL.AJP.01,2026-10-09 11:15,-0.53,,,,,,Normal,-0.48
WL.ANX.01,2026-10-09 11:15,-0.02,,,,,,Normal,0.02
WL.BAM.01,2026-10-09 11:15,0.25,,,,,,Normal,0.4
WL.BBN.01,2026-10-09 11:15,-0.09,,,,,,Normal,-0.05
WL.BBN.02,2026-10-09 11:15,0.11,,,,,,Normal,0.11
WL.BBN.03,2026-10-09 11:15,0.37,,,,,,Normal,0.37
WL.BBR.01,2026-10-09 11:15,-0.01,,,,,,Normal,0.17
WL.BBR.02,2026-10-09 11:15,0.01,,,,,,Normal,0.14
WL.BBU.01,2026-10-09 11:15,0.43,,,,,,Normal,0.5
WL.BCN.01,2026-10-09 11:15,0.53,,,,,,Normal,0.53
WL.BCN.02,2026-10-09 11:15,0.51,,,,,,Normal,0.51
WL.BCN.03,2026-10-09 11:15,0.57,,,,,,Normal,0.58
WL.BJK.01,2026-10-09 11:15,-1.27,-0.13,,0.0,0.0,,Normal,-1.06
WL.BJK.02,2026-10-09 11:15,0.47,,,,,,Normal,0.48
WL.BJK.03,2026-10-09 11:15,0.44,,,,,,Normal,0.45
WL.BJK.04,2026-10-09 11:15,0.5,,,,,,Normal,0.53
WL.BKA.01,2026-10-09 11:15,-1.51,1.36,,1.73,1.75,0.0,Normal,-1.24
WL.BKA.02,2026-10-09 11:15,-0.83,,,,,,Normal,-0.69
WL.BKA.03,2026-10-09 11:15,-0.39,,,,,,Normal,-0.27
WL.BKA.04,2026-10-09 11:15,0.06,,,,,,Normal,0.16
WL.BKB.01,2026-10-09 11:15,-0.41,,,,,,Normal,-0.33
WL.BKG.01,2026-10-09 11:15,0.66,-2.0,,0.0,,,Critical,0.69
WL.BKK.01,2026-10-09 11:15,0.51,,,,,,Normal,
WL.BKT.01,2026-10-09 11:15,-0.37,,,,,,Normal,-0.26
WL.BKY.01,2026-10-09 11:15,0.33,0.84,,0.0,1.15,0.0,Normal,0.43
WL.BKY.02,2026-10-09 11:15,0.46,,,,,,Normal,0.47
WL.BLP.02,2026-10-09 11:15,-0.85,,,,,,Normal,-0.77
WL.BLY.01,2026-10-09 11:15,-0.45,,,,,,Normal,-0.43
WL.BLY.02,2026-10-09 11:15,-0.53,,,,,,Normal,-0.52
WL.BMA.02,2026-10-09 11:15,0.05,,,,,,Normal,0.14
WL.BMK.01,2026-10-09 11:15,-1.72,,,,,,Normal,-1.29
WL.BNA.01,2026-10-09 11:15,-1.67,-0.21,,0.0,0.0,,Normal,-1.15
WL.BNA.03,2026-10-09 11:15,-0.59,,,,,,Normal,-0.55
WL.BNA.04,2026-10-09 11:15,-0.47,,,,,,Normal,-0.42
WL.BNJ.01,2026-10-09 11:15,-0.94,,,,,,Normal,-0.93
WL.BNJ.02,2026-10-09 11:15,-2.49,,,,,,Normal,-1.16
WL.BNJ.04,2026-10-09 11:15,-1.26,,,,,,Normal,-1.05
WL.BNS.01,2026-10-09 11:15,0.52,,,,,,Normal,0.52
WL.BOA.01,2026-10-09 11:15,-1.19,-0.08,,0.0,0.0,,Normal,-1.05
WL.BOA.02,2026-10-09 11:15,-1.15,,,,,,Normal,-1.02
WL.BOA.03,2026-10-09 11:15,-1.29,,,,,,Normal,-1.12
WL.BON.01,2026-10-09 11:15,-1.18,,,,,,Normal,-1.04
WL.BPA.01,2026-10-09 11:15,-0.62,,,,,,Normal,-0.54
WL.BPK.01,2026-10-09 11:15,0.19,,,,,,Normal,0.19
WL.BPM.01,2026-10-09 11:15,0.43,,,,,,Normal,0.47
WL.BPM.02,2026-10-09 11:15,0.51,,,,,,Normal,0.52
WL.BPM.03,2026-10-09 11:15,0.64,,,,,,Alert,0.64
WL.BPM.04,2026-10-09 11:15,0.6,,,,,,Alert,0.6
WL.BPN.02,2026-10-09 11:15,0.17,,,,,,Normal,0.17
WL.BPU.01,2026-10-09 11:15,-0.29,,,,,,Normal,0.73
WL.BSK.01,2026-10-09 11:15,0.21,0.42,,0.0,0.0,,Normal,0.42
WL.BSU.01,2026-10-09 11:15,-1.05,1.28,,0.0,0.0,0.0,Normal,-0.86
WL.BSU.02,2026-10-09 11:15,-0.85,,,,,,Normal,-0.78
WL.BSU.03,2026-10-09 11:15,-1.28,,,,,,Normal,-1.25
WL.BSU.04,2026-10-09 11:15,-1.11,,,,,,Normal,-1.1
WL.BSU.05,2026-10-09 11:15,-1.47,,,,,,Normal,-1.25
WL.BSU.06,2026-10-09 11:15,-0.83,,,,,,Normal,-0.56
WL.BSU.07,2026-10-09 11:15,-0.54,,,,,,Normal,-0.45
WL.BTL.01,2026-10-09 11:15,-0.53,,,,,,Normal,-0.51
WL.BTY.01,2026-10-09 11:15,0.28,,,,,,Normal,0.36
WL.BWK.01,2026-10-09 11:15,0.41,,,,,,Normal,0.41
WL.BWK.02,2026-10-09 11:15,0.61,,,,,,Alert,0.61
WL.BWK.03,2026-10-09 11:15,0.65,,,,,,Normal,0.65
WL.BYI.01,2026-10-09 11:15,1.0,,,,,,Critical,1.0
WL.BYK.02,2026-10-09 11:15,0.16,,,,,,Normal,0.16
WL.CKS.01,2026-10-09 11:15,-1.45,,,0.0,0.0,,Normal,-1.28
WL.CKS.02,2026-10-09 11:15,-1.04,,,,,,Normal,-0.95
WL.CKS.03,2026-10-09 11:15,-1.17,,,,,,Normal,-1.12
WL.CNS.01,2026-10-09 11:15,-1.91,-0.01,,0.0,0.0,,Normal,-1.23
WL.CPA.01,2026-10-09 11:15,0.44,1.02,,4.93,3.52,,Normal,0.49
WL.CPA.02,2026-10-09 11:15,0.36,,,,,,Normal,0.39
WL.CYI.01,2026-10-09 11:15,-0.61,,,,,,Normal,-0.61
WL.CYI.03,2026-10-09 11:15,-0.51,,,,,,Normal,-0.51
WL.DKN.01,2026-10-09 11:15,0.28,0.33,,0.0,5.8,0.0,Normal,0.3
WL.FTM.01,2026-10-09 11:15,-1.07,,,,,,Normal,-1.07
WL.HKG.01,2026-10-09 11:15,-0.78,,,,,,Normal,-0.77
WL.HKG.02,2026-10-09 11:15,-0.72,,,,,,Normal,-0.72
WL.HMK.01,2026-10-09 11:15,-0.1,,,,,,Alert,0.0
WL.HMK.02,2026-10-09 11:15,-0.14,,,,,,Normal,-0.02
WL.HMK.03,2026-10-09 11:15,-0.07,,,,,,Normal,0.0
WL.JKK.01,2026-10-09 11:15,0.35,,,,,,Alert,0.39
WL.JRN.01,2026-10-09 11:15,0.18,0.2,,0.0,,,Normal,0.35
WL.KBU.01,2026-10-09 11:15,0.6,1.05,,0.0,,,Normal,0.6
WL.KBU.02,2026-10-09 11:15,0.57,,,,,,Normal,0.57
WL.KCD.01,2026-10-09 11:15,-1.02,,,,,,Normal,-1.0
WL.KDN.01,2026-10-09 11:15,-0.68,0.04,,0.0,,,Normal,-0.6
WL.KJA.01,2026-10-09 11:15,-0.73,,,,,,Normal,-0.73
WL.KJA.02,2026-10-09 11:15,-0.28,,,,,,Normal,-0.28
WL.KJG.01,2026-10-09 11:15,-0.42,,,,,,Normal,-0.18
WL.KJK.01,2026-10-09 11:15,-1.15,-0.11,,0.0,0.0,,Normal,-1.15
WL.KJK.02,2026-10-09 11:15,-1.1,,,,,,Normal,-1.1
WL.KJN.01,2026-10-09 11:15,-0.15,,,,,,Alert,-0.11
WL.KJN.02,2026-10-09 11:15,-0.04,,,,,,Normal,-0.04
WL.KJT.01,2026-10-09 11:15,-0.99,,,,,,Normal,-0.51
WL.KJU.01,2026-10-09 11:15,-0.73,,,,,,Normal,-0.38
WL.KKD.01,2026-10-09 11:15,-0.44,,,,,,Normal,-0.41
WL.KKD.02,2026-10-09 11:15,-0.53,,,,,,Normal,-0.51
WL.KKD.03,2026-10-09 11:15,-0.52,,,,,,Normal,-0.5
WL.KKO.01,2026-10-09 11:15,1.63,,,,,,Alert,1.63
WL.KKS.01,2026-10-09 11:15,-0.86,1.02,,0.0,0.0,,Normal,-0.76
WL.KKS.02,2026-10-09 11:15,-0.8,,,,,,Normal,-0.73
WL.KKS.03,2026-10-09 11:15,-0.93,,,,,,Normal,-0.82
WL.KKS.04,2026-10-09 11:15,-0.94,0.61,,0.0,,,Normal,-0.78
WL.KKY.01,2026-10-09 11:15,0.67,,,,,,Normal,0.67
WL.KKY.02,2026-10-09 11:15,0.68,,,,,,Normal,0.68
WL.KLA.01,2026-10-09 11:15,-0.32,,,,,,Normal,0.39
WL.KLD.01,2026-10-09 11:15,-0.42,,,,,,Normal,-0.27
WL.KLD.02,2026-10-09 11:15,-0.36,,,,,,Normal,-0.19
WL.KLT.01,2026-10-09 11:15,-0.68,,,,,,Normal,-0.66
WL.KMN.01,2026-10-09 11:15,0.34,0.87,,0.29,5.84,0.0,Normal,0.42
WL.KNB.01,2026-10-09 11:15,-0.8,,,,,,Normal,-0.79
WL.KNB.02,2026-10-09 11:15,-0.37,,,,,,Normal,-0.36
WL.KPG.01,2026-10-09 11:15,-1.13,,,,,,Normal,-0.99
WL.KPM.01,2026-10-09 11:15,-0.34,,,,,,Normal,-0.25
WL.KPM.03,2026-10-09 11:15,-0.13,,,,,,Normal,-0.02
WL.KPM.05,2026-10-09 11:15,0.5,,,,,,Normal,0.54
WL.KPM.06,2026-10-09 11:15,0.49,,,,,,Normal,0.53
WL.KPM.08,2026-10-09 11:15,0.49,,,,,,Normal,0.53
WL.KSG.01,2026-10-09 11:15,0.71,,,,,,Normal,0.79
WL.KSI.01,2026-10-09 11:15,0.81,,,,,,Alert,0.84
WL.KSI.02,2026-10-09 11:15,0.83,,,,,,Critical,0.85
WL.KSK.01,2026-10-09 11:15,-0.58,,,,,,Normal,-0.56
WL.KSM.01,2026-10-09 11:15,0.83,,,,,,Critical,0.85
WL.KSM.02,2026-10-09 11:15,0.78,,,,,,Critical,0.81
WL.KSO.01,2026-10-09 11:15,0.77,,,,,,Normal,0.77
WL.KSO.02,2026-10-09 11:15,0.83,,,,,,Normal,0.83
WL.KT4.01,2026-10-09 11:15,0.53,,,,,,Critical,0.54
WL.KTY.01,2026-10-09 11:15,-1.42,-0.09,,0.0,,,Normal,-1.42
WL.LBK.02,2026-10-09 11:15,0.54,,,,,,Critical,0.58
WL.LBK.03,2026-10-09 11:15,0.46,,,,,,Critical,0.5
WL.LCL.01,2026-10-09 11:15,0.63,,,,,,Normal,0.67
WL.LCL.02,2026-10-09 11:15,0.37,,,,,,Normal,0.49
WL.LKB.01,2026-10-09 11:15,0.7,,,,,,Critical,0.74
WL.LOA.01,2026-10-09 11:15,0.83,,,,,,Alert,0.9
WL.LOA.02,2026-10-09 11:15,0.79,,,,,,Normal,0.84
WL.LPC.01,2026-10-09 11:15,1.11,,,,,,Critical,1.12
WL.LPG.02,2026-10-09 11:15,1.01,1.75,,0.0,,,Critical,1.02
WL.LPG.03,2026-10-09 11:15,0.95,,,,,,Critical,0.97
WL.LPN.01,2026-10-09 11:15,-0.8,0.47,,0.0,,,Normal,-0.63
WL.LPP.01,2026-10-09 11:15,-1.1,,,,,,Normal,-0.95
WL.LPP.02,2026-10-09 11:15,-0.67,,,,,,Normal,
WL.LPT.01,2026-10-09 11:15,1.21,,,,,,Critical,1.21
WL.LPT.03,2026-10-09 11:15,0.89,,,,,,Critical,0.91
WL.LPW.01,2026-10-09 11:15,-0.3,-0.33,,0.0,,,Normal,-0.26
WL.LPW.03,2026-10-09 11:15,0.2,,,,,,Normal,0.23
WL.LPW.04,2026-10-09 11:15,-0.51,,,,,,Normal,-0.51
WL.LPW.05,2026-10-09 11:15,-0.6,,,,,,Normal,-0.59
WL.LSM.01,2026-10-09 11:15,-0.6,,,,,,Normal,-0.57
WL.LYW.01,2026-10-09 11:15,-1.43,,,,,,Normal,-1.38
WL.LYW.02,2026-10-09 11:15,-1.43,,,,,,Normal,-1.43
WL.MCM.01,2026-10-09 11:15,0.26,,,,,,Normal,0.26
WL.MFS.01,2026-10-09 11:15,-0.73,,,,,,Normal,-0.72
WL.MKT.01,2026-10-09 11:15,-0.28,,,,,,Normal,-0.27
WL.MSW.01,2026-10-09 11:15,1.06,,,,,,Normal,1.52
WL.MSW.02,2026-10-09 11:15,1.13,,,,,,Normal,1.16
WL.MSW.03,2026-10-09 11:15,1.11,,,,,,Normal,1.37
WL.MSW.04,2026-10-09 11:15,0.96,,,,,,Normal,
WL.MTG.01,2026-10-09 11:15,-0.65,,,,,,Normal,-0.65
WL.NBN.01,2026-10-09 11:15,-3.82,-1.3,,0.0,,,Normal,-3.58
WL.NCH.02,2026-10-09 11:15,-0.36,,,,,,Normal,-0.33
WL.NK1.01,2026-10-09 11:15,-0.49,,,,,,Normal,0.02
WL.NK3.01,2026-10-09 11:15,-0.38,,,,,,Normal,-0.1
WL.NKW.02,2026-10-09 11:15,-0.28,,,,,,Normal,-0.26
WL.NSG.01,2026-10-09 11:15,-2.0,,,,,,Normal,-2.0
WL.OAG.01,2026-10-09 11:15,-0.9,,,,,,Normal,-0.82
WL.ORC.01,2026-10-09 11:15,-1.34,-0.74,,0.0,,,Normal,-1.33
WL.PKG.01,2026-10-09 11:15,0.76,,,,,,Normal,1.5
WL.PKN.01,2026-10-09 11:15,-0.85,0.11,,0.0,0.0,0.0,Normal,-0.68
WL.PLK.01,2026-10-09 11:15,-0.62,,,,,,Normal,0.82
WL.PLP.01,2026-10-09 11:15,-0.39,,,,,,Normal,-0.38
WL.PNM.01,2026-10-09 11:15,0.36,,,,,,Critical,0.38
WL.PSC.01,2026-10-09 11:15,0.35,0.39,,0.0,0.0,0.0,Normal,0.39
WL.PSC.02,2026-10-09 11:15,0.33,,,,,,Normal,0.36
WL.PSC.03,2026-10-09 11:15,0.34,,,,,,Normal,0.36
WL.PSC.05,2026-10-09 11:15,0.37,,,,,,Normal,0.43
WL.PSI.01,2026-10-09 11:15,-1.64,,,,,,Normal,-1.27
WL.PSR.01,2026-10-09 11:15,1.09,1.8,,0.2,,,Critical,1.12
WL.PSR.02,2026-10-09 11:15,1.12,,,,,,Alert,1.15
WL.PSR.03,2026-10-09 11:15,1.09,,,,,,Alert,1.13
WL.PSR.04,2026-10-09 11:15,0.74,,,,,,Normal,0.78
WL.PSR.05,2026-10-09 11:15,0.77,,,,,,Alert,0.81
WL.PSR.06,2026-10-09 11:15,0.7,,,,,,Normal,0.71
WL.PST.01,2026-10-09 11:15,-0.91,,,,,,Normal,-0.91
WL.PWT.01,2026-10-09 11:15,-0.55,,,,,,Normal,-0.52
WL.PWT.02,2026-10-09 11:15,-0.02,,,,,,Normal,0.02
WL.PWT.03,2026-10-09 11:15,0.22,0.23,,5.81,5.9,,Critical,0.27
WL.PWT.04,2026-10-09 11:15,0.55,0.59,,4.94,,,Alert,0.59
WL.PWT.06,2026-10-09 11:15,0.96,,,,,,Critical,0.98
WL.PWT.07,2026-10-09 11:15,0.96,,,,,,Critical,0.97
WL.PYW.01,2026-10-09 11:15,-0.92,,,,,,Normal,-0.7
WL.RHN.01,2026-10-09 11:15,-0.79,0.23,,0.0,,,Normal,-0.77
WL.RJK.01,2026-10-09 11:15,0.23,0.23,,7.5,,,Normal,0.36
WL.RKC.01,2026-10-09 11:15,-0.91,,,,,,Normal,-0.91
WL.RMN.01,2026-10-09 11:15,0.55,,,,,,Normal,
WL.RMT.01,2026-10-09 11:15,-1.29,0.62,,0.0,0.0,,Normal,-0.25
WL.RMT.02,2026-10-09 11:15,-0.21,,,,,,Normal,-0.08
WL.RMT.03,2026-10-09 11:15,-2.0,,,,,,Normal,-2.0
WL.RSK.01,2026-10-09 11:15,0.43,,,,,,Normal,0.44
WL.SBR.01,2026-10-09 11:15,0.74,1.12,,0.0,,,Normal,0.74
WL.SBR.02,2026-10-09 11:15,0.66,,,,,,Normal,0.66
WL.SBT.01,2026-10-09 11:15,-0.28,0.15,,0.0,,,Normal,-0.09
WL.SCO.01,2026-10-09 11:15,0.16,,,,,,Normal,0.32
WL.SDN.01,2026-10-09 11:15,0.23,,,,,,Normal,0.23
WL.SKG.01,2026-10-09 11:15,-1.02,,,,,,Normal,-0.54
WL.SKT.01,2026-10-09 11:15,-0.81,,,,,,Normal,-0.55
WL.SKT.02,2026-10-09 11:15,-1.08,,,,,,Normal,-0.59
WL.SLL.01,2026-10-09 11:15,-2.98,,,,,,Normal,0.13
WL.SMK.01,2026-10-09 11:15,-0.24,,,,,,Normal,-0.24
WL.SNC.01,2026-10-09 11:15,-0.23,0.78,,0.0,0.0,0.0,Normal,-0.16
WL.SNC.02,2026-10-09 11:15,0.31,,,,,,Normal,0.35
WL.SNC.03,2026-10-09 11:15,0.04,,,,,,Normal,0.06
WL.SOL.01,2026-10-09 11:15,-0.63,,,,,,Normal,-0.62
WL.SRE.01,2026-10-09 11:15,-1.29,0.47,,0.0,0.0,,Normal,0.06
WL.SRG.01,2026-10-09 11:15,-0.55,0.49,,0.0,0.0,0.0,Normal,-0.37
WL.SSB.01,2026-10-09 11:15,-0.88,,,,,,Normal,-0.79
WL.SSB.03,2026-10-09 11:15,-0.58,,,,,,Normal,-0.47
WL.SSB.04,2026-10-09 11:15,-0.6,-0.61,,7.5,7.5,,Normal,-0.55
WL.SSB.06,2026-10-09 11:15,-0.4,,,,,,Normal,-0.22
WL.SSB.07,2026-10-09 11:15,0.04,,,,,,Normal,0.6
WL.SSB.08,2026-10-09 11:15,0.33,,,,,,Normal,0.34
WL.SSB.09,2026-10-09 11:15,0.56,1.1,,0.0,,,Critical,0.58
WL.SSB.10,2026-10-09 11:15,0.74,1.15,,2.51,,,Critical,0.75
WL.SSB.11,2026-10-09 11:15,1.24,,,,,,Critical,1.25
WL.SSB.12,2026-10-09 11:15,1.2,1.5,,0.0,,,Critical,1.21
WL.SSG.01,2026-10-09 11:15,1.57,,,,,,Alert,1.58
WL.SSM.01,2026-10-09 11:15,1.3,-99,,0.0,,,Critical,1.3
WL.SSN.01,2026-10-09 11:15,-1.06,1.11,,7.0,0.0,0.0,Normal,-1.05
WL.SSN.02,2026-10-09 11:15,-1.14,,,,,,Normal,-1.14
WL.SSN.04,2026-10-09 11:15,-1.18,,,,,,Normal,-1.18
WL.SSN.06,2026-10-09 11:15,-1.77,,,,,,Normal,-1.76
WL.SSN.07,2026-10-09 11:15,-1.0,,,,,,Normal,-1.0
WL.SSN.08,2026-10-09 11:15,-0.65,-0.63,,0.0,,,Normal,-0.62
WL.SSN.09,2026-10-09 11:15,-0.64,,,,,,Normal,-0.64
WL.SSN.10,2026-10-09 11:15,-0.63,,,,,,Normal,-0.63
WL.SST.01,2026-10-09 11:15,0.84,1.76,,0.32,,,Alert,0.91
WL.STN.02,2026-10-09 11:15,0.62,,,,,,Critical,0.66
WL.STN.03,2026-10-09 11:15,0.68,,,,,,Critical,0.72
WL.STR.01,2026-10-09 11:15,-1.04,0.21,0.48,0.0,0.0,0.0,Normal,-1.0
WL.SWA.01,2026-10-09 11:15,0.83,1.38,,0.44,,,Critical,0.86
WL.SWU.01,2026-10-09 11:15,-1.68,,,,,,Normal,-0.89
WL.TCG.01,2026-10-09 11:15,-0.86,,,,,,Normal,-0.84
WL.TPK.03,2026-10-09 11:15,0.48,,,,,,Critical,0.52
WL.TSK.01,2026-10-09 11:15,-1.8,,,,,,Normal,-1.8
WL.TTN.01,2026-10-09 11:15,-0.7,,,,,,Normal,-0.65
WL.TUT.02,2026-10-09 11:15,-0.92,,,,,,Normal,-0.22
WL.TWW.01,2026-10-09 11:15,0.78,1.05,,0.99,,,Normal,0.78
WL.TWW.02,2026-10-09 11:15,0.74,,,,,,Normal,0.74
WL.TWW.03,2026-10-09 11:15,0.72,,,,,,Critical,0.72
WL.TWW.04,2026-10-09 11:15,0.69,,,,,,Normal,0.69
WL.TWW.05,2026-10-09 11:15,0.43,,,,,,Normal,0.45
WL.VPD.01,2026-10-09 11:15,-1.08,,,,,,Normal,-1.0
WL.VPD.02,2026-10-09 11:15,-1.03,,,,,,Normal,-0.96
WL.VPD.03,2026-10-09 11:15,-1.3,,,,,,Normal,-1.3
WL.VPV.01,2026-10-09 11:15,-1.6,,,0.0,,,Normal,-1.37
WL.WHK.01,2026-10-09 11:15,0.69,,,,,,Normal,0.8
WL.WKT.01,2026-10-09 11:15,0.26,,,,,,Normal,0.55
WL.WLS.01,2026-10-09 11:15,0.52,,,,,,Normal,0.61
WL.WSI.01,2026-10-09 11:15,-1.26,0.24,,0.0,0.0,0.0,Normal,-0.54
WL.WSV.01,2026-10-09 11:15,-0.17,,,,,,Normal,0.21
WL.WTK.01,2026-10-09 11:15,-0.45,,,,,,Normal,-0.45
WL.WTN.02,2026-10-09 11:15,-1.22,,,,,,Normal,-1.1
WL.YPE.01,2026-10-09 11:15,0.37,,,,,,Normal,0.39
WL.YPN.01,2026-10-09 11:15,-0.82,,,,,,Normal,-0.51
WL.YPN.02,2026-10-09 11:15,-1.72,,,,,,Normal,-0.57
WL.YSN.02,2026-10-09 11:15,-1.0,,,,,,Normal,-0.95
WL.LPI.02,2026-10-09 11:18,-0.03,,,,,,Normal,0.0
WL.KPM.04,2026-10-09 11:20,0.4,,,,,,Normal,0.49
WL.KKD.04,2026-10-09 11:30,-0.47,,,,,,Normal,-0.45
WL.ANG.01,2026-10-09 12:10,0.99,,,,,,Normal,
WL.BBU.02,2026-10-09 12:10,0.49,,,,,,Normal,
WL.BKH.01,2026-10-09 12:10,0.08,,,,,,Normal,
WL.BMD.01,2026-10-09 12:10,0.49,,,,,,Normal,
WL.BNJ.05,2026-10-09 12:10,-2.23,,,,,,Normal,
WL.BSE.01,2026-10-09 12:10,-1.58,,,,,,Normal,
WL.BTL.02,2026-10-09 12:10,0.1,,,,,,Normal,
WL.CLH.01,2026-10-09 12:10,-0.39,,,,,,Normal,
WL.CYI.02,2026-10-09 12:10,-0.57,,,,,,Normal,-0.57
WL.K08.01,2026-10-09 12:10,1.55,,,,,,Alert,
WL.K10.01,2026-10-09 12:10,1.63,,,,,,Alert,
WL.K11.01,2026-10-09 12:10,1.58,,,,,,Alert,
WL.KBP.01,2026-10-09 12:10,-0.91,,,,,,Normal,
WL.KHW.01,2026-10-09 12:10,1.71,,,,,,Normal,
WL.KKO.02,2026-10-09 12:10,1.57,,,,,,Alert,
WL.KPM.07,2026-10-09 12:10,0.51,,,,,,Normal,
WL.KSO.01,2026-10-09 12:10,0.77,,,,,,Normal,0.78
WL.LPS.01,2026-10-09 12:10,0.8,,,,,,Normal,
WL.LPT.05,2026-10-09 12:10,1.89,,,,,,Normal,
WL.MKT.02,2026-10-09 12:10,-0.79,,,,,,Normal,
WL.NK3.02,2026-10-09 12:10,-0.52,,,,,,Normal,
WL.POC.01,2026-10-09 12:10,1.46,,,,,,Normal,
WL.PSC.03,2026-10-09 12:10,0.33,,,,,,Normal,0.36
WL.PSC.06,2026-10-09 12:10,0.11,,,,,,Normal,
WL.PWT.04,2026-10-09 12:10,0.55,0.59,,4.94,,,Alert,0.59
WL.RPS.01,2026-10-09 12:10,2.1,,,,,,Alert,
WL.SSB.13,2026-10-09 12:10,1.89,,,,,,Critical,
WL.SSG.02,2026-10-09 12:10,1.56,,,,,,Alert,
WL.SSM.02,2026-10-09 12:10,1.55,,,,,,Normal,
WL.STN.01,2026-10-09 12:10,0.52,,,,,,Alert,0.53
WL.SWA.02,2026-10-09 12:10,1.44,,,,,,Normal,
WL.AJP.01,2026-10-09 12:15,-0.71,,,,,,Normal,-0.48
WL.ANG.01,2026-10-09 12:15,0.94,,,,,,Normal,
WL.ANX.01,2026-10-09 12:15,0.0,,,,,,Normal,0.02
WL.BAM.01,2026-10-09 12:15,0.3,,,,,,Normal,0.4
WL.BBN.01,2026-10-09 12:15,-0.1,,,,,,Normal,-0.05
WL.BBN.02,2026-10-09 12:15,0.1,,,,,,Normal,0.11
WL.BBN.03,2026-10-09 12:15,0.36,,,,,,Normal,0.37
WL.BBR.01,2026-10-09 12:15,0.05,,,,,,Normal,0.17
WL.BBR.02,2026-10-09 12:15,-0.01,,,,,,Normal,0.14
WL.BBU.01,2026-10-09 12:15,0.45,,,,,,Normal,0.5
WL.BBU.02,2026-10-09 12:15,0.49,,,,,,Normal,
WL.BCN.01,2026-10-09 12:15,0.52,,,,,,Normal,0.53
WL.BCN.02,2026-10-09 12:15,0.51,,,,,,Normal,0.52
WL.BCN.03,2026-10-09 12:15,0.57,,,,,,Normal,0.58
WL.BJK.01,2026-10-09 12:15,-1.12,-0.12,,0.0,0.0,,Normal,-1.06
WL.BJK.02,2026-10-09 12:15,0.46,,,,,,Normal,0.48
WL.BJK.03,2026-10-09 12:15,0.43,,,,,,Normal,0.45
WL.BJK.04,2026-10-09 12:15,0.5,,,,,,Normal,0.53
WL.BKA.01,2026-10-09 12:15,-1.75,1.3,,1.73,1.75,0.0,Normal,-1.24
WL.BKA.02,2026-10-09 12:15,-0.84,,,,,,Normal,-0.69
WL.BKA.03,2026-10-09 12:15,-0.39,,,,,,Normal,-0.27
WL.BKA.04,2026-10-09 12:15,0.08,,,,,,Normal,0.16
WL.BKB.01,2026-10-09 12:15,-0.41,,,,,,Normal,-0.33
WL.BKG.01,2026-10-09 12:15,0.66,-2.0,,0.0,,,Critical,0.69
WL.BKH.01,2026-10-09 12:15,0.08,,,,,,Normal,
WL.BKK.01,2026-10-09 12:15,0.51,,,,,,Normal,
WL.BKT.01,2026-10-09 12:15,-0.41,,,,,,Normal,-0.26
WL.BKY.01,2026-10-09 12:15,0.31,0.8,,4.17,0.0,0.0,Normal,0.43
WL.BKY.02,2026-10-09 12:15,0.45,,,,,,Normal,0.47
WL.BLP.02,2026-10-09 12:15,-0.85,,,,,,Normal,-0.77
WL.BLY.01,2026-10-09 12:15,-0.45,,,,,,Normal,-0.43
WL.BLY.02,2026-10-09 12:15,-0.53,,,,,,Normal,-0.52
WL.BMA.02,2026-10-09 12:15,0.29,,,,,,Normal,0.31
WL.BMD.01,2026-10-09 12:15,0.49,,,,,,Normal,
WL.BMK.01,2026-10-09 12:15,-1.6,,,,,,Normal,-1.29
WL.BNA.01,2026-10-09 12:15,-1.65,-0.21,,0.0,0.0,,Normal,-1.15
WL.BNA.03,2026-10-09 12:15,-0.59,,,,,,Normal,-0.55
WL.BNA.04,2026-10-09 12:15,-0.47,,,,,,Normal,-0.42
WL.BNJ.01,2026-10-09 12:15,-0.96,,,,,,Normal,-0.93
WL.BNJ.02,2026-10-09 12:15,-2.65,,,,,,Normal,-1.16
WL.BNJ.04,2026-10-09 12:15,-1.28,,,,,,Normal,-1.05
WL.BNJ.05,2026-10-09 12:15,-2.24,,,,,,Normal,
WL.BNS.01,2026-10-09 12:15,0.52,,,,,,Normal,0.53
WL.BOA.01,2026-10-09 12:15,-1.2,-0.09,,0.0,0.0,,Normal,-1.05
WL.BOA.02,2026-10-09 12:15,-1.08,,,,,,Normal,-1.02
WL.BOA.03,2026-10-09 12:15,-1.2,,,,,,Normal,-1.12
WL.BON.01,2026-10-09 12:15,-1.11,,,,,,Normal,-1.04
WL.BPA.01,2026-10-09 12:15,-0.63,,,,,,Normal,-0.54
WL.BPK.01,2026-10-09 12:15,0.19,,,,,,Normal,0.2
WL.BPM.01,2026-10-09 12:15,0.41,,,,,,Normal,0.47
WL.BPM.02,2026-10-09 12:15,0.5,,,,,,Normal,0.52
WL.BPM.03,2026-10-09 12:15,0.64,,,,,,Alert,0.64
WL.BPM.04,2026-10-09 12:15,0.6,,,,,,Alert,0.6
WL.BPN.02,2026-10-09 12:15,0.17,,,,,,Normal,0.17
WL.BPU.01,2026-10-09 12:15,-0.28,,,,,,Normal,0.73
WL.BSE.01,2026-10-09 12:15,-1.58,,,,,,Normal,
WL.BSK.01,2026-10-09 12:15,-0.06,0.44,,0.0,0.0,,Normal,0.42
WL.BSU.01,2026-10-09 12:15,-0.97,1.22,,0.0,0.0,0.0,Normal,-0.86
WL.BSU.02,2026-10-09 12:15,-0.85,,,,,,Normal,-0.78
WL.BSU.03,2026-10-09 12:15,-1.46,,,,,,Normal,-1.25
WL.BSU.04,2026-10-09 12:15,-1.12,,,,,,Normal,-1.1
WL.BSU.05,2026-10-09 12:15,-1.26,,,,,,Normal,-1.25
WL.BSU.06,2026-10-09 12:15,-0.75,,,,,,Normal,-0.56
WL.BSU.07,2026-10-09 12:15,-0.5,,,,,,Normal,-0.45
WL.BTL.01,2026-10-09 12:15,-0.53,,,,,,Normal,-0.51
WL.BTL.02,2026-10-09 12:15,0.1,,,,,,Normal,
WL.BTY.01,2026-10-09 12:15,0.26,,,,,,Normal,0.36
WL.BWK.01,2026-10-09 12:15,0.39,,,,,,Normal,0.41
WL.BWK.02,2026-10-09 12:15,0.6,,,,,,Alert,0.61
WL.BWK.03,2026-10-09 12:15,0.66,,,,,,Normal,0.66
WL.BYI.01,2026-10-09 12:15,1.0,,,,,,Critical,1.0
WL.BYK.02,2026-10-09 12:15,0.33,,,,,,Normal,0.33
WL.CKS.01,2026-10-09 12:15,-1.45,,,0.0,0.0,,Normal,-1.28
WL.CKS.02,2026-10-09 12:15,-1.06,,,,,,Normal,-0.95
WL.CKS.03,2026-10-09 12:15,-1.18,,,,,,Normal,-1.12
WL.CLH.01,2026-10-09 12:15,-0.39,,,,,,Normal,
WL.CNS.01,2026-10-09 12:15,-1.62,0.03,,0.0,0.0,,Normal,-1.23
WL.CPA.01,2026-10-09 12:15,0.42,0.95,,5.03,3.52,,Normal,0.49
WL.CPA.02,2026-10-09 12:15,0.34,,,,,,Normal,0.39
WL.CYI.01,2026-10-09 12:15,-0.59,,,,,,Normal,-0.59
WL.CYI.02,2026-10-09 12:15,-0.57,,,,,,Normal,-0.57
WL.CYI.03,2026-10-09 12:15,-0.5,,,,,,Normal,-0.5
WL.DKN.01,2026-10-09 12:15,0.29,0.39,,2.48,0.0,6.02,Normal,0.3
WL.FTM.01,2026-10-09 12:15,-1.07,,,,,,Normal,-1.07
WL.HKG.01,2026-10-09 12:15,-0.77,,,,,,Normal,-0.76
WL.HKG.02,2026-10-09 12:15,-0.7,,,,,,Normal,-0.69
WL.HMK.01,2026-10-09 12:15,-0.1,,,,,,Alert,0.0
WL.HMK.02,2026-10-09 12:15,-0.13,,,,,,Normal,-0.02
WL.HMK.03,2026-10-09 12:15,-0.07,,,,,,Normal,0.0
WL.JKK.01,2026-10-09 12:15,0.34,,,,,,Alert,0.39
WL.JRN.01,2026-10-09 12:15,0.22,0.25,,0.0,,,Normal,0.35
WL.K08.01,2026-10-09 12:15,1.55,,,,,,Alert,
WL.K10.01,2026-10-09 12:15,1.63,,,,,,Alert,
WL.K11.01,2026-10-09 12:15,1.58,,,,,,Alert,
WL.KBP.01,2026-10-09 12:15,-0.9,,,,,,Normal,
WL.KBU.01,2026-10-09 12:15,0.6,0.96,,0.0,,,Normal,0.6
WL.KBU.02,2026-10-09 12:15,0.57,,,,,,Normal,0.57
WL.KCD.01,2026-10-09 12:15,-1.03,,,,,,Normal,-1.0
WL.KDN.01,2026-10-09 12:15,-0.68,0.1,,0.0,,,Normal,-0.6
WL.KHW.01,2026-10-09 12:15,1.72,,,,,,Normal,
WL.KJA.01,2026-10-09 12:15,-0.71,,,,,,Normal,-0.71
WL.KJA.02,2026-10-09 12:15,-0.26,,,,,,Normal,-0.26
WL.KJG.01,2026-10-09 12:15,-0.4,,,,,,Normal,-0.18
WL.KJK.01,2026-10-09 12:15,-1.37,-0.1,,0.0,0.0,,Normal,-1.15
WL.KJK.02,2026-10-09 12:15,-1.33,,,,,,Normal,-1.09
WL.KJN.01,2026-10-09 12:15,-0.14,,,,,,Alert,-0.11
WL.KJN.02,2026-10-09 12:15,-0.09,,,,,,Normal,-0.04
WL.KJT.01,2026-10-09 12:15,-0.99,,,,,,Normal,-0.51
WL.KJU.01,2026-10-09 12:15,-0.72,,,,,,Normal,-0.38
WL.KKD.01,2026-10-09 12:15,-0.44,,,,,,Normal,-0.41
WL.KKD.02,2026-10-09 12:15,-0.53,,,,,,Normal,-0.51
WL.KKD.03,2026-10-09 12:15,-0.52,,,,,,Normal,-0.5
WL.KKO.01,2026-10-09 12:15,1.62,,,,,,Alert,1.63
WL.KKO.02,2026-10-09 12:15,1.56,,,,,,Alert,
WL.KKS.01,2026-10-09 12:15,-0.85,0.96,,0.0,0.0,,Normal,-0.76
WL.KKS.02,2026-10-09 12:15,-0.82,,,,,,Normal,-0.73
WL.KKS.03,2026-10-09 12:15,-0.92,,,,,,Normal,-0.82
WL.KKS.04,2026-10-09 12:15,-0.99,0.59,,0.0,,,Normal,-0.78
WL.KKY.01,2026-10-09 12:15,0.68,,,,,,Normal,0.68
WL.KKY.02,2026-10-09 12:15,0.68,,,,,,Normal,0.68
WL.KLA.01,2026-10-09 12:15,-0.32,,,,,,Normal,0.39
WL.KLD.01,2026-10-09 12:15,-0.4,,,,,,Normal,-0.27
WL.KLD.02,2026-10-09 12:15,-0.35,,,,,,Normal,-0.19
WL.KLT.01,2026-10-09 12:15,-0.68,,,,,,Normal,-0.66
WL.KMN.01,2026-10-09 12:15,0.34,0.81,,2.09,0.0,0.0,Normal,0.42
WL.KNB.01,2026-10-09 12:15,-0.8,,,,,,Normal,-0.79
WL.KNB.02,2026-10-09 12:15,-0.37,,,,,,Normal,-0.36
WL.KPG.01,2026-10-09 12:15,-1.17,,,,,,Normal,-0.99
WL.KPM.01,2026-10-09 12:15,-0.33,,,,,,Normal,-0.25
WL.KPM.03,2026-10-09 12:15,-0.11,,,,,,Normal,-0.02
WL.KPM.05,2026-10-09 12:15,0.49,,,,,,Normal,0.54
WL.KPM.06,2026-10-09 12:15,0.48,,,,,,Normal,0.53
WL.KPM.07,2026-10-09 12:15,0.51,,,,,,Normal,
WL.KPM.08,2026-10-09 12:15,0.47,,,,,,Normal,0.53
WL.KSG.01,2026-10-09 12:15,0.71,,,,,,Normal,0.79
WL.KSI.01,2026-10-09 12:15,0.81,,,,,,Alert,0.84
WL.KSI.02,2026-10-09 12:15,0.83,,,,,,Critical,0.85
WL.KSK.01,2026-10-09 12:15,-0.58,,,,,,Normal,-0.56
WL.KSM.01,2026-10-09 12:15,0.82,,,,,,Critical,0.85
WL.KSM.02,2026-10-09 12:15,0.78,,,,,,Critical,0.81
WL.KSO.02,2026-10-09 12:15,0.83,,,,,,Normal,0.83
WL.KT4.01,2026-10-09 12:15,0.52,,,,,,Critical,0.54
WL.KTY.01,2026-10-09 12:15,-1.36,0.09,,0.0,,,Normal,-1.36
WL.LBK.02,2026-10-09 12:15,0.54,,,,,,Critical,0.58
WL.LBK.03,2026-10-09 12:15,0.45,,,,,,Critical,0.5
WL.LCL.01,2026-10-09 12:15,0.62,,,,,,Normal,0.67
WL.LCL.02,2026-10-09 12:15,0.37,,,,,,Normal,0.49
WL.LKB.01,2026-10-09 12:15,0.7,,,,,,Critical,0.74
WL.LOA.01,2026-10-09 12:15,0.69,,,,,,Normal,0.9
WL.LOA.02,2026-10-09 12:15,0.79,,,,,,Normal,0.84
WL.LPC.01,2026-10-09 12:15,1.11,,,,,,Critical,1.12
WL.LPG.02,2026-10-09 12:15,1.01,1.75,,0.0,,,Critical,1.02
WL.LPG.03,2026-10-09 12:15,0.95,,,,,,Critical,0.97
WL.LPN.01,2026-10-09 12:15,-0.81,0.42,,0.0,,,Normal,-0.63
WL.LPP.01,2026-10-09 12:15,-1.16,,,,,,Normal,-0.95
WL.LPP.02,2026-10-09 12:15,-0.69,,,,,,Normal,
WL.LPS.01,2026-10-09 12:15,0.8,,,,,,Normal,
WL.LPT.01,2026-10-09 12:15,1.21,,,,,,Critical,1.21
WL.LPT.03,2026-10-09 12:15,0.89,,,,,,Critical,0.91
WL.LPT.05,2026-10-09 12:15,1.28,,,,,,Normal,
WL.LPW.01,2026-10-09 12:15,-0.29,-0.32,,0.0,,,Normal,-0.26
WL.LPW.03,2026-10-09 12:15,0.21,,,,,,Normal,0.23
WL.LPW.04,2026-10-09 12:15,-0.51,,,,,,Normal,-0.51
WL.LPW.05,2026-10-09 12:15,-0.6,,,,,,Normal,-0.59
WL.LSM.01,2026-10-09 12:15,-0.6,,,,,,Normal,-0.57
WL.LYW.01,2026-10-09 12:15,-1.5,,,,,,Normal,-1.38
WL.LYW.02,2026-10-09 12:15,-1.45,,,,,,Normal,-1.43
WL.MCM.01,2026-10-09 12:15,0.26,,,,,,Normal,0.26
WL.MFS.01,2026-10-09 12:15,-0.74,,,,,,Normal,-0.72
WL.MKT.01,2026-10-09 12:15,-0.28,,,,,,Normal,-0.27
WL.MKT.02,2026-10-09 12:15,-0.79,,,,,,Normal,
WL.MSW.01,2026-10-09 12:15,0.98,,,,,,Normal,1.52
WL.MSW.02,2026-10-09 12:15,1.14,,,,,,Normal,1.16
WL.MSW.03,2026-10-09 12:15,1.02,,,,,,Normal,1.37
WL.MSW.04,2026-10-09 12:15,0.96,,,,,,Normal,
WL.MTG.01,2026-10-09 12:15,-0.64,,,,,,Normal,-0.64
WL.NBN.01,2026-10-09 12:15,-3.84,-1.29,,0.0,,,Normal,-3.58
WL.NCH.02,2026-10-09 12:15,-0.83,,,,,,Normal,-0.33
WL.NK1.01,2026-10-09 12:15,-0.39,,,,,,Normal,0.02
WL.NK3.01,2026-10-09 12:15,-0.42,,,,,,Normal,-0.1
WL.NK3.02,2026-10-09 12:15,-0.56,,,,,,Normal,
WL.NKW.02,2026-10-09 12:15,-0.28,,,,,,Normal,-0.26
WL.NSG.01,2026-10-09 12:15,-2.0,,,,,,Normal,-2.0
WL.OAG.01,2026-10-09 12:15,-0.9,,,,,,Normal,-0.82
WL.ORC.01,2026-10-09 12:15,-1.33,-0.78,,0.0,,,Normal,-1.33
WL.PKG.01,2026-10-09 12:15,0.73,,,,,,Normal,1.5
WL.PKN.01,2026-10-09 12:15,-0.86,0.14,,0.0,0.0,0.0,Normal,-0.68
WL.PLK.01,2026-10-09 12:15,-0.32,,,,,,Normal,0.82
WL.PLP.01,2026-10-09 12:15,-0.39,,,,,,Normal,-0.38
WL.PNM.01,2026-10-09 12:15,0.35,,,,,,Critical,0.38
WL.POC.01,2026-10-09 12:15,1.46,,,,,,Normal,
WL.PSC.01,2026-10-09 12:15,0.34,0.38,,0.0,0.0,0.0,Normal,0.39
WL.PSC.02,2026-10-09 12:15,0.32,,,,,,Normal,0.36
WL.PSC.05,2026-10-09 12:15,0.34,,,,,,Normal,0.43
WL.PSC.06,2026-10-09 12:15,0.12,,,,,,Normal,
WL.PSI.01,2026-10-09 12:15,-1.56,,,,,,Normal,-1.27
WL.PSR.01,2026-10-09 12:15,1.08,1.8,,0.2,,,Critical,1.12
WL.PSR.02,2026-10-09 12:15,1.12,,,,,,Alert,1.15
WL.PSR.03,2026-10-09 12:15,1.09,,,,,,Alert,1.13
WL.PSR.04,2026-10-09 12:15,0.73,,,,,,Normal,0.78
WL.PSR.05,2026-10-09 12:15,0.77,,,,,,Alert,0.81
WL.PSR.06,2026-10-09 12:15,0.7,,,,,,Normal,0.71
WL.PST.01,2026-10-09 12:15,-0.91,,,,,,Normal,-0.9
WL.PWT.01,2026-10-09 12:15,-0.54,,,,,,Normal,-0.52
WL.PWT.02,2026-10-09 12:15,-0.02,,,,,,Normal,0.02
WL.PWT.03,2026-10-09 12:15,0.21,0.23,,5.81,5.9,,Critical,0.27
WL.PWT.06,2026-10-09 12:15,0.96,,,,,,Critical,0.98
WL.PWT.07,2026-10-09 12:15,0.95,,,,,,Critical,0.97
WL.PYW.01,2026-10-09 12:15,-1.27,,,,,,Normal,-0.7
WL.RHN.01,2026-10-09 12:15,-0.83,0.17,,0.0,,,Normal,-0.77
WL.RJK.01,2026-10-09 12:15,0.18,0.17,,7.5,,,Normal,0.36
WL.RKC.01,2026-10-09 12:15,-0.79,,,,,,Normal,-0.79
WL.RMN.01,2026-10-09 12:15,0.54,,,,,,Normal,
WL.RMT.01,2026-10-09 12:15,-1.07,0.58,,0.0,0.0,,Normal,-0.25
WL.RMT.02,2026-10-09 12:15,-0.22,,,,,,Normal,-0.08
WL.RMT.03,2026-10-09 12:15,-2.0,,,,,,Normal,-2.0
WL.RPS.01,2026-10-09 12:15,2.1,,,,,,Alert,
WL.RSK.01,2026-10-09 12:15,0.43,,,,,,Normal,0.44
WL.SBR.01,2026-10-09 12:15,0.74,1.11,,0.0,,,Normal,0.74
WL.SBR.02,2026-10-09 12:15,0.66,,,,,,Normal,0.66
WL.SBT.01,2026-10-09 12:15,-0.39,0.16,,0.0,,,Normal,-0.09
WL.SCO.01,2026-10-09 12:15,0.06,,,,,,Normal,0.32
WL.SDN.01,2026-10-09 12:15,0.23,,,,,,Normal,0.23
WL.SKG.01,2026-10-09 12:15,-0.9,,,,,,Normal,-0.54
WL.SKT.01,2026-10-09 12:15,-0.81,,,,,,Normal,-0.55
WL.SKT.02,2026-10-09 12:15,-0.86,,,,,,Normal,-0.59
WL.SLL.01,2026-10-09 12:15,-2.07,,,,,,Normal,0.13
WL.SMK.01,2026-10-09 12:15,-0.24,,,,,,Normal,-0.24
WL.SNC.01,2026-10-09 12:15,-0.32,0.77,,0.0,0.0,0.0,Normal,-0.16
WL.SNC.02,2026-10-09 12:15,0.31,,,,,,Normal,0.35
WL.SNC.03,2026-10-09 12:15,0.05,,,,,,Normal,0.08
WL.SOL.01,2026-10-09 12:15,-0.63,,,,,,Normal,-0.62
WL.SRE.01,2026-10-09 12:15,-1.12,0.48,,0.0,0.0,,Normal,0.06
WL.SRG.01,2026-10-09 12:15,-0.57,0.45,,0.0,0.0,0.0,Normal,-0.37
WL.SSB.01,2026-10-09 12:15,-0.89,,,,,,Normal,-0.79
WL.SSB.03,2026-10-09 12:15,-0.53,,,,,,Normal,-0.47
WL.SSB.04,2026-10-09 12:15,-0.62,-0.62,,7.5,7.5,,Normal,-0.55
WL.SSB.06,2026-10-09 12:15,-0.46,,,,,,Normal,-0.22
WL.SSB.07,2026-10-09 12:15,0.04,,,,,,Normal,0.6
WL.SSB.08,2026-10-09 12:15,0.32,,,,,,Normal,0.34
WL.SSB.09,2026-10-09 12:15,0.56,1.1,,0.0,,,Critical,0.58
WL.SSB.10,2026-10-09 12:15,0.74,1.14,,2.51,,,Critical,0.75
WL.SSB.11,2026-10-09 12:15,1.24,,,,,,Critical,1.25
WL.SSB.12,2026-10-09 12:15,1.21,1.5,,0.0,,,Critical,1.24
WL.SSB.13,2026-10-09 12:15,1.89,,,,,,Critical,
WL.SSG.01,2026-10-09 12:15,1.57,,,,,,Alert,1.58
WL.SSG.02,2026-10-09 12:15,1.56,,,,,,Alert,
WL.SSM.01,2026-10-09 12:15,1.31,-99,,0.0,,,Critical,1.31
WL.SSM.02,2026-10-09 12:15,1.55,,,,,,Normal,
WL.SSN.01,2026-10-09 12:15,-1.06,1.03,,7.0,0.0,0.0,Normal,-1.05
WL.SSN.02,2026-10-09 12:15,-1.1,,,,,,Normal,-1.1
WL.SSN.04,2026-10-09 12:15,-1.18,,,,,,Normal,-1.18
WL.SSN.06,2026-10-09 12:15,-1.77,,,,,,Normal,-1.76
WL.SSN.07,2026-10-09 12:15,-1.01,,,,,,Normal,-1.0
WL.SSN.08,2026-10-09 12:15,-0.64,-0.63,,0.0,,,Normal,-0.62
WL.SSN.09,2026-10-09 12:15,-0.65,,,,,,Normal,-0.64
WL.SSN.10,2026-10-09 12:15,-0.63,,,,,,Normal,-0.62
WL.SST.01,2026-10-09 12:15,0.84,1.76,,0.32,,,Alert,0.91
WL.STN.01,2026-10-09 12:15,0.52,,,,,,Alert,0.53
WL.STN.02,2026-10-09 12:15,0.62,,,,,,Critical,0.66
WL.STN.03,2026-10-09 12:15,0.67,,,,,,Critical,0.72
WL.STR.01,2026-10-09 12:15,-1.04,0.22,0.47,0.0,0.0,0.0,Normal,-1.0
WL.SWA.01,2026-10-09 12:15,0.83,1.38,,0.44,,,Critical,0.86
WL.SWA.02,2026-10-09 12:15,1.44,,,,,,Normal,
WL.SWU.01,2026-10-09 12:15,-1.6,,,,,,Normal,-0.89
WL.TCG.01,2026-10-09 12:15,-0.86,,,,,,Normal,-0.84
WL.TPK.03,2026-10-09 12:15,0.48,,,,,,Critical,0.52
WL.TSK.01,2026-10-09 12:15,-1.8,,,,,,Normal,-1.8
WL.TTN.01,2026-10-09 12:15,-0.7,,,,,,Normal,-0.65
WL.TUT.02,2026-10-09 12:15,-0.84,,,,,,Normal,-0.22
WL.TWW.01,2026-10-09 12:15,0.78,1.05,,0.99,,,Normal,0.78
WL.TWW.02,2026-10-09 12:15,0.75,,,,,,Normal,0.75
WL.TWW.03,2026-10-09 12:15,0.72,,,,,,Critical,0.72
WL.TWW.04,2026-10-09 12:15,0.7,,,,,,Normal,0.7
WL.TWW.05,2026-10-09 12:15,0.42,,,,,,Normal,0.45
WL.VPD.01,2026-10-09 12:15,-1.08,,,,,,Normal,-1.0
WL.VPD.02,2026-10-09 12:15,-1.04,,,,,,Normal,-0.96
WL.VPD.03,2026-10-09 12:15,-1.3,,,,,,Normal,-1.3
WL.VPV.01,2026-10-09 12:15,-2.04,,,0.0,,,Normal,-1.37
WL.WHK.01,2026-10-09 12:15,0.67,,,,,,Normal,0.8
WL.WKT.01,2026-10-09 12:15,-0.19,,,,,,Normal,0.55
WL.WLS.01,2026-10-09 12:15,0.52,,,,,,Normal,0.61
WL.WSI.01,2026-10-09 12:15,-1.59,0.3,,0.0,0.0,0.0,Normal,-0.54
WL.WSV.01,2026-10-09 12:15,-0.23,,,,,,Normal,0.21
WL.WTK.01,2026-10-09 12:15,-0.44,,,,,,Normal,-0.44
WL.WTN.02,2026-10-09 12:15,-1.17,,,,,,Normal,-1.1
WL.YPE.01,2026-10-09 12:15,0.35,,,,,,Normal,0.39
WL.YPN.01,2026-10-09 12:15,-0.88,,,,,,Normal,-0.51
WL.YPN.02,2026-10-09 12:15,-1.25,,,,,,Normal,-0.57
WL.YSN.02,2026-10-09 12:15,-0.99,,,,,,Normal,-0.95
WL.LPI.02,2026-10-09 12:18,-0.04,,,,,,Normal,0.0
WL.AJP.01,2026-10-09 12:20,-0.73,,,,,,Normal,-0.48
WL.ANX.01,2026-10-09 12:20,0.0,,,,,,Normal,0.02
WL.BAM.01,2026-10-09 12:20,0.3,,,,,,Normal,0.4
WL.BBN.01,2026-10-09 12:20,-0.1,,,,,,Normal,-0.05
WL.BBN.02,2026-10-09 12:20,0.1,,,,,,Normal,0.11
WL.BBN.03,2026-10-09 12:20,0.36,,,,,,Normal,0.37
WL.BBR.01,2026-10-09 12:20,0.06,,,,,,Normal,0.17
WL.BBR.02,2026-10-09 12:20,0.0,,,,,,Normal,0.14
WL.BBU.01,2026-10-09 12:20,0.45,,,,,,Normal,0.5
WL.BCN.01,2026-10-09 12:20,0.53,,,,,,Normal,0.53
WL.BCN.02,2026-10-09 12:20,0.51,,,,,,Normal,0.52
WL.BCN.03,2026-10-09 12:20,0.57,,,,,,Normal,0.58
WL.BJK.01,2026-10-09 12:20,-1.12,-0.12,,0.0,0.0,,Normal,-1.06
WL.BJK.02,2026-10-09 12:20,0.46,,,,,,Normal,0.48
WL.BJK.03,2026-10-09 12:20,0.43,,,,,,Normal,0.45
WL.BJK.04,2026-10-09 12:20,0.5,,,,,,Normal,0.53
WL.BKA.01,2026-10-09 12:20,-1.75,1.29,,1.73,1.75,0.0,Normal,-1.24
WL.BKA.02,2026-10-09 12:20,-0.84,,,,,,Normal,-0.69
WL.BKA.03,2026-10-09 12:20,-0.39,,,,,,Normal,-0.27
WL.BKA.04,2026-10-09 12:20,0.08,,,,,,Normal,0.16
WL.BKB.01,2026-10-09 12:20,-0.41,,,,,,Normal,-0.33
WL.BKG.01,2026-10-09 12:20,0.66,-2.0,,0.0,,,Critical,0.69
WL.BKT.01,2026-10-09 12:20,-0.42,,,,,,Normal,-0.26
WL.BKY.01,2026-10-09 12:20,0.32,0.81,,0.0,1.8,0.0,Normal,0.43
WL.BKY.02,2026-10-09 12:20,0.45,,,,,,Normal,0.47
WL.BLP.02,2026-10-09 12:20,-0.87,,,,,,Normal,-0.77
WL.BLY.01,2026-10-09 12:20,-0.44,,,,,,Normal,-0.43
WL.BLY.02,2026-10-09 12:20,-0.53,,,,,,Normal,-0.52
WL.BMA.02,2026-10-09 12:20,0.42,,,,,,Normal,0.42
WL.BMK.01,2026-10-09 12:20,-1.6,,,,,,Normal,-1.29
WL.BNA.01,2026-10-09 12:20,-1.65,-0.2,,0.0,0.0,,Normal,-1.15
WL.BNA.03,2026-10-09 12:20,-0.59,,,,,,Normal,-0.55
WL.BNA.04,2026-10-09 12:20,-0.48,,,,,,Normal,-0.42
WL.BNJ.01,2026-10-09 12:20,-0.96,,,,,,Normal,-0.93
WL.BNJ.02,2026-10-09 12:20,-2.65,,,,,,Normal,-1.16
WL.BNJ.04,2026-10-09 12:20,-1.27,,,,,,Normal,-1.05
WL.BNS.01,2026-10-09 12:20,0.53,,,,,,Normal,0.53
WL.BOA.01,2026-10-09 12:20,-1.23,-0.08,,0.0,0.0,,Normal,-1.05
WL.BOA.02,2026-10-09 12:20,-1.09,,,,,,Normal,-1.02
WL.BOA.03,2026-10-09 12:20,-1.23,,,,,,Normal,-1.12
WL.BON.01,2026-10-09 12:20,-1.14,,,,,,Normal,-1.04
WL.BPA.01,2026-10-09 12:20,-0.63,,,,,,Normal,-0.54
WL.BPK.01,2026-10-09 12:20,0.19,,,,,,Normal,0.2
WL.BPM.01,2026-10-09 12:20,0.41,,,,,,Normal,0.47
WL.BPM.02,2026-10-09 12:20,0.5,,,,,,Normal,0.52
WL.BPM.03,2026-10-09 12:20,0.64,,,,,,Alert,0.64
WL.BPM.04,2026-10-09 12:20,0.6,,,,,,Alert,0.6
WL.BPN.02,2026-10-09 12:20,0.17,,,,,,Normal,0.17
WL.BPU.01,2026-10-09 12:20,-0.28,,,,,,Normal,0.73
WL.BSK.01,2026-10-09 12:20,-0.09,0.45,,0.0,0.0,,Normal,0.42
WL.BSU.01,2026-10-09 12:20,-0.96,1.22,,0.0,0.0,0.0,Normal,-0.86
WL.BSU.02,2026-10-09 12:20,-0.85,,,,,,Normal,-0.78
WL.BSU.03,2026-10-09 12:20,-1.46,,,,,,Normal,-1.25
WL.BSU.04,2026-10-09 12:20,-1.12,,,,,,Normal,-1.1
WL.BSU.05,2026-10-09 12:20,-1.24,,,,,,Normal,-1.24
WL.BSU.06,2026-10-09 12:20,-0.74,,,,,,Normal,-0.56
WL.BSU.07,2026-10-09 12:20,-0.49,,,,,,Normal,-0.45
WL.BTL.01,2026-10-09 12:20,-0.94,,,,,,Normal,-0.51
WL.BTY.01,2026-10-09 12:20,0.26,,,,,,Normal,0.36
WL.BWK.01,2026-10-09 12:20,0.39,,,,,,Normal,0.41
WL.BWK.02,2026-10-09 12:20,0.6,,,,,,Alert,0.61
WL.BWK.03,2026-10-09 12:20,0.66,,,,,,Normal,0.66
WL.BYI.01,2026-10-09 12:20,1.0,,,,,,Critical,1.0
WL.BYK.02,2026-10-09 12:20,0.34,,,,,,Normal,0.34
WL.CKS.01,2026-10-09 12:20,-1.45,,,0.0,0.0,,Normal,-1.28
WL.CKS.02,2026-10-09 12:20,-1.06,,,,,,Normal,-0.95
WL.CKS.03,2026-10-09 12:20,-1.19,,,,,,Normal,-1.12
WL.CNS.01,2026-10-09 12:20,-1.69,0.03,,0.0,0.0,,Normal,-1.23
WL.CPA.01,2026-10-09 12:20,0.42,0.95,,5.03,3.52,,Normal,0.49
WL.CPA.02,2026-10-09 12:20,0.34,,,,,,Normal,0.39
WL.CYI.01,2026-10-09 12:20,-0.6,,,,,,Normal,-0.59
WL.CYI.03,2026-10-09 12:20,-0.51,,,,,,Normal,-0.5
WL.DKN.01,2026-10-09 12:20,0.29,0.39,,6.46,0.0,6.02,Normal,0.3
WL.FTM.01,2026-10-09 12:20,-1.06,,,,,,Normal,-1.06
WL.HKG.01,2026-10-09 12:20,-0.77,,,,,,Normal,-0.76
WL.HKG.02,2026-10-09 12:20,-0.7,,,,,,Normal,-0.69
WL.HMK.01,2026-10-09 12:20,-0.1,,,,,,Alert,0.0
WL.HMK.02,2026-10-09 12:20,-0.15,,,,,,Normal,-0.02
WL.HMK.03,2026-10-09 12:20,-0.07,,,,,,Normal,0.0
WL.JKK.01,2026-10-09 12:20,0.34,,,,,,Alert,0.39
WL.JRN.01,2026-10-09 12:20,0.23,0.26,,0.0,,,Normal,0.35
WL.KBU.01,2026-10-09 12:20,0.6,0.96,,0.0,,,Normal,0.6
WL.KBU.02,2026-10-09 12:20,0.57,,,,,,Normal,0.57
WL.KCD.01,2026-10-09 12:20,-1.03,,,,,,Normal,-1.0
WL.KDN.01,2026-10-09 12:20,-0.68,0.1,,0.0,,,Normal,-0.6
WL.KJA.01,2026-10-09 12:20,-0.71,,,,,,Normal,-0.71
WL.KJA.02,2026-10-09 12:20,-0.26,,,,,,Normal,-0.26
WL.KJG.01,2026-10-09 12:20,-0.41,,,,,,Normal,-0.18
WL.KJK.01,2026-10-09 12:20,-1.4,-0.09,,0.0,0.0,,Normal,-1.15
WL.KJK.02,2026-10-09 12:20,-1.3,,,,,,Normal,-1.09
WL.KJN.01,2026-10-09 12:20,-0.15,,,,,,Alert,-0.11
WL.KJN.02,2026-10-09 12:20,-0.1,,,,,,Normal,-0.04
WL.KJT.01,2026-10-09 12:20,-1.01,,,,,,Normal,-0.51
WL.KJU.01,2026-10-09 12:20,-0.73,,,,,,Normal,-0.38
WL.KKD.01,2026-10-09 12:20,-0.44,,,,,,Normal,-0.41
WL.KKD.02,2026-10-09 12:20,-0.53,,,,,,Normal,-0.51
WL.KKD.03,2026-10-09 12:20,-0.52,,,,,,Normal,-0.5
WL.KKO.01,2026-10-09 12:20,1.61,,,,,,Alert,1.63
WL.KKS.01,2026-10-09 12:20,-0.84,0.96,,0.0,0.0,,Normal,-0.76
WL.KKS.02,2026-10-09 12:20,-0.83,,,,,,Normal,-0.73
WL.KKS.03,2026-10-09 12:20,-0.93,,,,,,Normal,-0.82
WL.KKS.04,2026-10-09 12:20,-0.99,0.61,,0.0,,,Normal,-0.78
WL.KKY.01,2026-10-09 12:20,0.67,,,,,,Normal,0.68
WL.KKY.02,2026-10-09 12:20,0.68,,,,,,Normal,0.68
WL.KLA.01,2026-10-09 12:20,-0.32,,,,,,Normal,0.39
WL.KLD.01,2026-10-09 12:20,-0.41,,,,,,Normal,-0.27
WL.KLD.02,2026-10-09 12:20,-0.34,,,,,,Normal,-0.19
WL.KLT.01,2026-10-09 12:20,-0.69,,,,,,Normal,-0.66
WL.KMN.01,2026-10-09 12:20,0.35,0.8,,0.29,5.88,0.0,Normal,0.42
WL.KNB.01,2026-10-09 12:20,-0.8,,,,,,Normal,-0.79
WL.KNB.02,2026-10-09 12:20,-0.37,,,,,,Normal,-0.36
WL.KPG.01,2026-10-09 12:20,-1.17,,,,,,Normal,-0.99
WL.KPM.01,2026-10-09 12:20,-0.33,,,,,,Normal,-0.25
WL.KPM.03,2026-10-09 12:20,-0.11,,,,,,Normal,-0.02
WL.KPM.04,2026-10-09 12:20,0.39,,,,,,Normal,0.49
WL.KPM.05,2026-10-09 12:20,0.49,,,,,,Normal,0.54
WL.KPM.06,2026-10-09 12:20,0.48,,,,,,Normal,0.53
WL.KPM.08,2026-10-09 12:20,0.46,,,,,,Normal,0.53
WL.KSG.01,2026-10-09 12:20,0.71,,,,,,Normal,0.79
WL.KSI.01,2026-10-09 12:20,0.81,,,,,,Alert,0.84
WL.KSI.02,2026-10-09 12:20,0.83,,,,,,Critical,0.85
WL.KSK.01,2026-10-09 12:20,-0.58,,,,,,Normal,-0.56
WL.KSM.01,2026-10-09 12:20,0.82,,,,,,Critical,0.85
WL.KSM.02,2026-10-09 12:20,0.78,,,,,,Critical,0.81
WL.KSO.01,2026-10-09 12:20,0.78,,,,,,Normal,0.78
WL.KSO.02,2026-10-09 12:20,0.83,,,,,,Normal,0.83
WL.KT4.01,2026-10-09 12:20,0.52,,,,,,Critical,0.54
WL.KTY.01,2026-10-09 12:20,-1.35,-0.08,,0.0,,,Normal,-1.35
WL.LBK.02,2026-10-09 12:20,0.54,,,,,,Critical,0.58
WL.LBK.03,2026-10-09 12:20,0.45,,,,,,Critical,0.5
WL.LCL.01,2026-10-09 12:20,0.62,,,,,,Normal,0.67
WL.LCL.02,2026-10-09 12:20,0.36,,,,,,Normal,0.49
WL.LKB.01,2026-10-09 12:20,0.7,,,,,,Critical,0.74
WL.LOA.01,2026-10-09 12:20,0.68,,,,,,Normal,0.9
WL.LOA.02,2026-10-09 12:20,0.78,,,,,,Normal,0.84
WL.LPC.01,2026-10-09 12:20,1.11,,,,,,Critical,1.12
WL.LPG.02,2026-10-09 12:20,1.01,1.75,,0.0,,,Critical,1.02
WL.LPG.03,2026-10-09 12:20,0.95,,,,,,Critical,0.97
WL.LPN.01,2026-10-09 12:20,-0.81,0.41,,0.0,,,Normal,-0.63
WL.LPP.01,2026-10-09 12:20,-1.16,,,,,,Normal,-0.95
WL.LPT.01,2026-10-09 12:20,1.21,,,,,,Critical,1.21
WL.LPT.03,2026-10-09 12:20,0.89,,,,,,Critical,0.91
WL.LPW.01,2026-10-09 12:20,-0.28,-0.33,,0.0,,,Normal,-0.26
WL.LPW.03,2026-10-09 12:20,0.22,,,,,,Normal,0.23
WL.LPW.04,2026-10-09 12:20,-0.51,,,,,,Normal,-0.51
WL.LPW.05,2026-10-09 12:20,-0.6,,,,,,Normal,-0.59
WL.LSM.01,2026-10-09 12:20,-0.6,,,,,,Normal,-0.57
WL.LYW.01,2026-10-09 12:20,-1.51,,,,,,Normal,-1.38
WL.LYW.02,2026-10-09 12:20,-1.45,,,,,,Normal,-1.43
WL.MCM.01,2026-10-09 12:20,0.26,,,,,,Normal,0.26
WL.MFS.01,2026-10-09 12:20,-0.73,,,,,,Normal,-0.72
WL.MKT.01,2026-10-09 12:20,-0.28,,,,,,Normal,-0.27
WL.MSW.01,2026-10-09 12:20,0.97,,,,,,Normal,1.52
WL.MSW.02,2026-10-09 12:20,1.13,,,,,,Normal,1.16
WL.MSW.03,2026-10-09 12:20,1.01,,,,,,Normal,1.37
WL.MTG.01,2026-10-09 12:20,-0.64,,,,,,Normal,-0.64
WL.NBN.01,2026-10-09 12:20,-3.84,-1.29,,0.0,,,Normal,-3.58
WL.NCH.02,2026-10-09 12:20,-0.97,,,,,,Normal,-0.33
WL.NK1.01,2026-10-09 12:20,-0.38,,,,,,Normal,0.02
WL.NK3.01,2026-10-09 12:20,-0.43,,,,,,Normal,-0.1
WL.NSG.01,2026-10-09 12:20,-2.0,,,,,,Normal,-2.0
WL.OAG.01,2026-10-09 12:20,-0.92,,,,,,Normal,-0.82
WL.ORC.01,2026-10-09 12:20,-1.33,-0.77,,0.0,,,Normal,-1.33
WL.PKG.01,2026-10-09 12:20,0.74,,,,,,Normal,1.5
WL.PKN.01,2026-10-09 12:20,-0.86,0.12,,0.0,0.0,0.0,Normal,-0.68
WL.PLK.01,2026-10-09 12:20,-0.28,,,,,,Normal,0.82
WL.PLP.01,2026-10-09 12:20,-0.4,,,,,,Normal,-0.38
WL.PNM.01,2026-10-09 12:20,0.36,,,,,,Critical,0.38
WL.PSC.01,2026-10-09 12:20,0.34,0.38,,0.0,0.0,0.0,Normal,0.39
WL.PSC.02,2026-10-09 12:20,0.32,,,,,,Normal,0.36
WL.PSC.03,2026-10-09 12:20,0.33,,,,,,Normal,0.36
WL.PSC.05,2026-10-09 12:20,0.33,,,,,,Normal,0.43
WL.PSI.01,2026-10-09 12:20,-1.55,,,,,,Normal,-1.27
WL.PSR.01,2026-10-09 12:20,1.08,1.8,,0.2,,,Critical,1.12
WL.PSR.02,2026-10-09 12:20,1.12,,,,,,Alert,1.15
WL.PSR.03,2026-10-09 12:20,1.09,,,,,,Alert,1.13
WL.PSR.04,2026-10-09 12:20,0.73,,,,,,Normal,0.78
WL.PSR.05,2026-10-09 12:20,0.77,,,,,,Alert,0.81
WL.PSR.06,2026-10-09 12:20,0.7,,,,,,Normal,0.71
WL.PST.01,2026-10-09 12:20,-0.9,,,,,,Normal,-0.9
WL.PWT.01,2026-10-09 12:20,-0.55,,,,,,Normal,-0.52
WL.PWT.02,2026-10-09 12:20,-0.02,,,,,,Normal,0.02
WL.PWT.03,2026-10-09 12:20,0.22,0.23,,5.81,5.9,,Critical,0.27
WL.PWT.04,2026-10-09 12:20,0.55,0.59,,4.94,,,Alert,0.59
WL.PWT.06,2026-10-09 12:20,0.96,,,,,,Critical,0.98
WL.PWT.07,2026-10-09 12:20,0.95,,,,,,Critical,0.97
WL.PYW.01,2026-10-09 12:20,-1.18,,,,,,Normal,-0.7
WL.RHN.01,2026-10-09 12:20,-0.84,0.17,,0.0,,,Normal,-0.77
WL.RJK.01,2026-10-09 12:20,0.17,0.17,,7.5,,,Normal,0.36
WL.RKC.01,2026-10-09 12:20,-0.79,,,,,,Normal,-0.79
WL.RMT.01,2026-10-09 12:20,-1.07,0.58,,0.0,0.0,,Normal,-0.25
WL.RMT.02,2026-10-09 12:20,-0.22,,,,,,Normal,-0.08
WL.RMT.03,2026-10-09 12:20,-2.0,,,,,,Normal,-2.0
WL.RSK.01,2026-10-09 12:20,0.43,,,,,,Normal,0.44
WL.SBR.01,2026-10-09 12:20,0.74,1.11,,0.0,,,Normal,0.74
WL.SBR.02,2026-10-09 12:20,0.66,,,,,,Normal,0.66
WL.SBT.01,2026-10-09 12:20,-0.37,0.16,,0.0,,,Normal,-0.09
WL.SCO.01,2026-10-09 12:20,0.05,,,,,,Normal,0.32
WL.SDN.01,2026-10-09 12:20,0.23,,,,,,Normal,0.23
WL.SKG.01,2026-10-09 12:20,-0.84,,,,,,Normal,-0.54
WL.SKT.01,2026-10-09 12:20,-0.81,,,,,,Normal,-0.55
WL.SKT.02,2026-10-09 12:20,-0.85,,,,,,Normal,-0.59
WL.SLL.01,2026-10-09 12:20,-2.07,,,,,,Normal,0.13
WL.SMK.01,2026-10-09 12:20,-0.24,,,,,,Normal,-0.24
WL.SNC.01,2026-10-09 12:20,-0.33,0.77,,0.0,0.0,0.0,Normal,-0.16
WL.SNC.02,2026-10-09 12:20,0.3,,,,,,Normal,0.35
WL.SNC.03,2026-10-09 12:20,0.05,,,,,,Normal,0.08
WL.SOL.01,2026-10-09 12:20,-0.63,,,,,,Normal,-0.62
WL.SRE.01,2026-10-09 12:20,-1.12,0.49,,0.0,0.0,,Normal,0.06
WL.SRG.01,2026-10-09 12:20,-0.57,0.44,,0.0,0.0,0.0,Normal,-0.37
WL.SSB.01,2026-10-09 12:20,-0.87,,,,,,Normal,-0.79
WL.SSB.03,2026-10-09 12:20,-0.57,,,,,,Normal,-0.47
WL.SSB.04,2026-10-09 12:20,-0.59,-0.61,,7.5,7.5,,Normal,-0.55
WL.SSB.06,2026-10-09 12:20,-0.42,,,,,,Normal,-0.22
WL.SSB.07,2026-10-09 12:20,0.03,,,,,,Normal,0.6
WL.SSB.08,2026-10-09 12:20,0.32,,,,,,Normal,0.34
WL.SSB.09,2026-10-09 12:20,0.56,1.1,,0.0,,,Critical,0.58
WL.SSB.10,2026-10-09 12:20,0.73,1.15,,2.51,,,Critical,0.75
WL.SSB.11,2026-10-09 12:20,1.24,,,,,,Critical,1.25
WL.SSB.12,2026-10-09 12:20,1.21,1.5,,0.0,,,Critical,1.24
WL.SSG.01,2026-10-09 12:20,1.57,,,,,,Alert,1.58
WL.SSM.01,2026-10-09 12:20,1.3,-99,,0.0,,,Critical,1.31
WL.SSN.01,2026-10-09 12:20,-1.06,1.05,,7.0,0.0,0.0,Normal,-1.05
WL.SSN.02,2026-10-09 12:20,-1.1,,,,,,Normal,-1.1
WL.SSN.04,2026-10-09 12:20,-1.18,,,,,,Normal,-1.18
WL.SSN.06,2026-10-09 12:20,-1.77,,,,,,Normal,-1.76
WL.SSN.07,2026-10-09 12:20,-1.01,,,,,,Normal,-1.0
WL.SSN.08,2026-10-09 12:20,-0.64,-0.62,,0.0,,,Normal,-0.62
WL.SSN.09,2026-10-09 12:20,-0.65,,,,,,Normal,-0.64
WL.SSN.10,2026-10-09 12:20,-0.63,,,,,,Normal,-0.62
WL.SST.01,2026-10-09 12:20,0.84,1.76,,0.32,,,Alert,0.91
WL.STN.02,2026-10-09 12:20,0.62,,,,,,Critical,0.66
WL.STN.03,2026-10-09 12:20,0.67,,,,,,Critical,0.72
WL.STR.01,2026-10-09 12:20,-1.04,0.23,0.49,0.0,0.0,0.0,Normal,-1.0
WL.SWA.01,2026-10-09 12:20,0.83,1.38,,0.44,,,Critical,0.86
WL.SWU.01,2026-10-09 12:20,-1.59,,,,,,Normal,-0.89
WL.TCG.01,2026-10-09 12:20,-0.86,,,,,,Normal,-0.84
WL.TPK.03,2026-10-09 12:20,0.48,,,,,,Critical,0.52
WL.TSK.01,2026-10-09 12:20,-1.8,,,,,,Normal,-1.8
WL.TTN.01,2026-10-09 12:20,-0.7,,,,,,Normal,-0.65
WL.TUT.02,2026-10-09 12:20,-0.84,,,,,,Normal,-0.22
WL.TWW.01,2026-10-09 12:20,0.78,1.05,,0.99,,,Normal,0.78
WL.TWW.02,2026-10-09 12:20,0.74,,,,,,Normal,0.75
WL.TWW.03,2026-10-09 12:20,0.72,,,,,,Critical,0.72
WL.TWW.04,2026-10-09 12:20,0.7,,,,,,Normal,0.7
WL.TWW.05,2026-10-09 12:20,0.42,,,,,,Normal,0.45
WL.VPD.01,2026-10-09 12:20,-1.08,,,,,,Normal,-1.0
WL.VPD.02,2026-10-09 12:20,-1.04,,,,,,Normal,-0.96
WL.VPD.03,2026-10-09 12:20,-1.29,,,,,,Normal,-1.29
WL.VPV.01,2026-10-09 12:20,-1.95,,,0.0,,,Normal,-1.37
WL.WHK.01,2026-10-09 12:20,0.67,,,,,,Normal,0.8
WL.WKT.01,2026-10-09 12:20,-0.16,,,,,,Normal,0.55
WL.WLS.01,2026-10-09 12:20,0.52,,,,,,Normal,0.61
WL.WSI.01,2026-10-09 12:20,-1.49,0.29,,0.0,0.0,0.0,Normal,-0.54
WL.WSV.01,2026-10-09 12:20,-0.23,,,,,,Normal,0.21
WL.WTK.01,2026-10-09 12:20,-0.44,,,,,,Normal,-0.44
WL.WTN.02,2026-10-09 12:20,-1.17,,,,,,Normal,-1.1
WL.YPE.01,2026-10-09 12:20,0.35,,,,,,Normal,0.39
WL.YPN.01,2026-10-09 12:20,-0.88,,,,,,Normal,-0.51
WL.YSN.02,2026-10-09 12:20,-0.99,,,,,,Normal,-0.95
WL.LPI.02,2026-10-09 12:22,-0.04,,,,,,Normal,0.0
WL.KPM.04,2026-10-09 12:25,0.39,,,,,,Normal,0.49
WL.KKD.04,2026-10-09 12:30,-0.47,,,,,,Normal,-0.45
WL.KKD.04,2026-10-09 12:35,-0.47,,,,,,Normal,-0.45
WL.TTN.01,2026-10-09 12:40,-0.7,,,,,,out of order,-0.65
WL.ANG.01,2026-10-09 13:10,0.94,,,,,,Normal,
WL.BBU.02,2026-10-09 13:10,0.49,,,,,,Normal,
WL.BKH.01,2026-10-09 13:10,0.09,,,,,,Normal,
WL.BMD.01,2026-10-09 13:10,0.49,,,,,,Normal,
WL.BNJ.05,2026-10-09 13:10,-2.24,,,,,,Normal,
WL.BSE.01,2026-10-09 13:10,-1.57,,,,,,Normal,
WL.BTL.02,2026-10-09 13:10,0.14,,,,,,Normal,
WL.CLH.01,2026-10-09 13:10,-0.37,,,,,,Normal,
WL.CYI.02,2026-10-09 13:10,-0.58,,,,,,Normal,-0.57
WL.K08.01,2026-10-09 13:10,1.71,,,,,,Alert,
WL.K10.01,2026-10-09 13:10,1.63,,,,,,Alert,
WL.K11.01,2026-10-09 13:10,1.58,,,,,,Alert,
WL.KBP.01,2026-10-09 13:10,-0.84,,,,,,Normal,
WL.KHW.01,2026-10-09 13:10,1.71,,,,,,Normal,
WL.KKO.02,2026-10-09 13:10,1.56,,,,,,Alert,
WL.KPM.07,2026-10-09 13:10,0.48,,,,,,Normal,
WL.LPS.01,2026-10-09 13:10,0.8,,,,,,Normal,
WL.LPT.05,2026-10-09 13:10,1.28,,,,,,Normal,
WL.MKT.02,2026-10-09 13:10,-0.79,,,,,,Normal,
WL.NK3.02,2026-10-09 13:10,-0.9,,,,,,Normal,
WL.POC.01,2026-10-09 13:10,1.46,,,,,,Normal,
WL.PSC.06,2026-10-09 13:10,0.18,,,,,,Normal,
WL.RPS.01,2026-10-09 13:10,2.16,,,,,,Alert,
WL.SSB.13,2026-10-09 13:10,1.89,,,,,,Critical,
WL.SSG.02,2026-10-09 13:10,1.56,,,,,,Alert,
WL.STN.01,2026-10-09 13:10,0.52,,,,,,Alert,0.53
WL.SWA.02,2026-10-09 13:10,1.44,,,,,,Normal,
WL.AJP.01,2026-10-09 13:15,-0.93,,,,,,Normal,-0.48
WL.ANX.01,2026-10-09 13:15,-0.01,,,,,,Normal,0.02
WL.BAM.01,2026-10-09 13:15,0.33,,,,,,Normal,0.4
WL.BBN.01,2026-10-09 13:15,-0.11,,,,,,Normal,-0.05
WL.BBN.02,2026-10-09 13:15,0.1,,,,,,Normal,0.11
WL.BBN.03,2026-10-09 13:15,0.36,,,,,,Normal,0.37
WL.BBR.01,2026-10-09 13:15,0.18,,,,,,Normal,0.18
WL.BBR.02,2026-10-09 13:15,0.13,,,,,,Normal,0.14
WL.BBU.01,2026-10-09 13:15,0.45,,,,,,Normal,0.5
WL.BCN.01,2026-10-09 13:15,0.52,,,,,,Normal,0.53
WL.BCN.02,2026-10-09 13:15,0.5,,,,,,Normal,0.52
WL.BCN.03,2026-10-09 13:15,0.57,,,,,,Normal,0.58
WL.BJK.01,2026-10-09 13:15,-1.2,0.18,,0.0,0.0,,Normal,-1.06
WL.BJK.02,2026-10-09 13:15,0.46,,,,,,Normal,0.48
WL.BJK.03,2026-10-09 13:15,0.42,,,,,,Normal,0.45
WL.BJK.04,2026-10-09 13:15,0.5,,,,,,Normal,0.53
WL.BKA.01,2026-10-09 13:15,-1.82,1.3,,1.73,1.75,0.0,Normal,-1.24
WL.BKA.02,2026-10-09 13:15,-0.84,,,,,,Normal,-0.69
WL.BKA.03,2026-10-09 13:15,-0.39,,,,,,Normal,-0.27
WL.BKA.04,2026-10-09 13:15,0.12,,,,,,Normal,0.16
WL.BKB.01,2026-10-09 13:15,-0.43,,,,,,Normal,-0.33
WL.BKG.01,2026-10-09 13:15,0.66,-2.0,,0.0,,,Critical,0.69
WL.BKK.01,2026-10-09 13:15,0.51,,,,,,Normal,
WL.BKT.01,2026-10-09 13:15,-0.5,,,,,,Normal,-0.26
WL.BKY.01,2026-10-09 13:15,0.31,0.82,,0.0,0.0,0.0,Normal,0.43
WL.BKY.02,2026-10-09 13:15,0.44,,,,,,Normal,0.47
WL.BLP.02,2026-10-09 13:15,-0.87,,,,,,Normal,-0.77
WL.BLY.01,2026-10-09 13:15,-0.45,,,,,,Normal,-0.43
WL.BLY.02,2026-10-09 13:15,-0.53,,,,,,Normal,-0.52
WL.BMA.02,2026-10-09 13:15,0.06,,,,,,Normal,1.08
WL.BMK.01,2026-10-09 13:15,-1.62,,,,,,Normal,-1.29
WL.BNA.01,2026-10-09 13:15,-1.62,0.12,,0.0,0.0,,Normal,-1.15
WL.BNA.03,2026-10-09 13:15,-0.6,,,,,,Normal,-0.55
WL.BNA.04,2026-10-09 13:15,-0.48,,,,,,Normal,-0.42
WL.BNJ.01,2026-10-09 13:15,-0.99,,,,,,Normal,-0.93
WL.BNJ.02,2026-10-09 13:15,-2.66,,,,,,Normal,-1.16
WL.BNJ.04,2026-10-09 13:15,-1.27,,,,,,Normal,-1.05
WL.BNS.01,2026-10-09 13:15,0.52,,,,,,Normal,0.53
WL.BOA.01,2026-10-09 13:15,-1.33,0.26,,0.0,0.0,,Normal,-1.05
WL.BOA.02,2026-10-09 13:15,-1.16,,,,,,Normal,-1.02
WL.BOA.03,2026-10-09 13:15,-1.34,,,,,,Normal,-1.12
WL.BON.01,2026-10-09 13:15,-1.23,,,,,,Normal,-1.04
WL.BPA.01,2026-10-09 13:15,-0.63,,,,,,Normal,-0.54
WL.BPK.01,2026-10-09 13:15,0.19,,,,,,Normal,0.2
WL.BPM.01,2026-10-09 13:15,0.4,,,,,,Normal,0.47
WL.BPM.02,2026-10-09 13:15,0.49,,,,,,Normal,0.52
WL.BPM.03,2026-10-09 13:15,0.64,,,,,,Alert,0.64
WL.BPM.04,2026-10-09 13:15,0.6,,,,,,Alert,0.6
WL.BPN.02,2026-10-09 13:15,0.16,,,,,,Normal,0.17
WL.BPU.01,2026-10-09 13:15,0.21,,,,,,Normal,0.73
WL.BSK.01,2026-10-09 13:15,-0.33,0.47,,0.0,0.0,,Normal,0.42
WL.BSU.01,2026-10-09 13:15,-0.96,1.22,,0.0,0.0,0.0,Normal,-0.86
WL.BSU.02,2026-10-09 13:15,-0.85,,,,,,Normal,-0.78
WL.BSU.03,2026-10-09 13:15,-1.27,,,,,,Normal,-1.25
WL.BSU.04,2026-10-09 13:15,-1.12,,,,,,Normal,-1.1
WL.BSU.05,2026-10-09 13:15,-1.35,,,,,,Normal,-1.24
WL.BSU.06,2026-10-09 13:15,-0.68,,,,,,Normal,-0.56
WL.BSU.07,2026-10-09 13:15,-0.46,,,,,,Normal,-0.45
WL.BTL.01,2026-10-09 13:15,-0.9,,,,,,Normal,-0.51
WL.BTY.01,2026-10-09 13:15,0.25,,,,,,Normal,0.36
WL.BWK.01,2026-10-09 13:15,0.39,,,,,,Normal,0.41
WL.BWK.02,2026-10-09 13:15,0.6,,,,,,Alert,0.61
WL.BWK.03,2026-10-09 13:15,0.66,,,,,,Normal,0.66
WL.BYI.01,2026-10-09 13:15,1.0,,,,,,Critical,1.0
WL.BYK.02,2026-10-09 13:15,0.23,,,,,,Normal,0.37
WL.CKS.01,2026-10-09 13:15,-1.28,,,0.0,0.0,,Normal,-1.28
WL.CKS.02,2026-10-09 13:15,-1.07,,,,,,Normal,-0.95
WL.CKS.03,2026-10-09 13:15,-1.19,,,,,,Normal,-1.12
WL.CNS.01,2026-10-09 13:15,-2.23,0.18,,0.0,0.0,,Normal,-1.23
WL.CPA.01,2026-10-09 13:15,0.39,0.95,,0.0,4.8,,Normal,0.49
WL.CPA.02,2026-10-09 13:15,0.34,,,,,,Normal,0.39
WL.CYI.01,2026-10-09 13:15,-0.6,,,,,,Normal,-0.59
WL.CYI.03,2026-10-09 13:15,-0.51,,,,,,Normal,-0.5
WL.DKN.01,2026-10-09 13:15,0.28,0.44,,1.68,0.0,6.01,Normal,0.3
WL.FTM.01,2026-10-09 13:15,-1.23,,,,,,Normal,-1.06
WL.HKG.01,2026-10-09 13:15,-0.76,,,,,,Normal,-0.75
WL.HKG.02,2026-10-09 13:15,-0.7,,,,,,Normal,-0.69
WL.HMK.01,2026-10-09 13:15,-0.1,,,,,,Alert,0.0
WL.HMK.02,2026-10-09 13:15,-0.18,,,,,,Normal,-0.02
WL.HMK.03,2026-10-09 13:15,-0.07,,,,,,Normal,0.0
WL.JKK.01,2026-10-09 13:15,0.34,,,,,,Alert,0.39
WL.JRN.01,2026-10-09 13:15,0.27,0.34,,0.0,,,Normal,0.35
WL.KBU.01,2026-10-09 13:15,0.6,0.95,,0.0,,,Normal,0.6
WL.KBU.02,2026-10-09 13:15,0.56,,,,,,Normal,0.57
WL.KCD.01,2026-10-09 13:15,-1.04,,,,,,Normal,-1.0
WL.KDN.01,2026-10-09 13:15,-0.68,0.2,,0.0,,,Normal,-0.6
WL.KJA.01,2026-10-09 13:15,-0.7,,,,,,Normal,-0.7
WL.KJA.02,2026-10-09 13:15,-0.25,,,,,,Normal,-0.25
WL.KJG.01,2026-10-09 13:15,-0.42,,,,,,Normal,-0.18
WL.KJK.01,2026-10-09 13:15,-1.32,0.21,,0.0,0.0,,Normal,-1.15
WL.KJK.02,2026-10-09 13:15,-1.28,,,,,,Normal,-1.09
WL.KJN.01,2026-10-09 13:15,-0.16,,,,,,Alert,-0.11
WL.KJN.02,2026-10-09 13:15,-0.11,,,,,,Normal,-0.04
WL.KJT.01,2026-10-09 13:15,-1.11,,,,,,Normal,-0.51
WL.KJU.01,2026-10-09 13:15,-0.51,,,,,,Normal,-0.38
WL.KKD.01,2026-10-09 13:15,-0.44,,,,,,Normal,-0.41
WL.KKD.02,2026-10-09 13:15,-0.53,,,,,,Normal,-0.51
WL.KKD.03,2026-10-09 13:15,-0.52,,,,,,Normal,-0.5
WL.KKO.01,2026-10-09 13:15,1.62,,,,,,Alert,1.63
WL.KKS.01,2026-10-09 13:15,-0.88,0.97,,0.0,0.0,,Normal,-0.76
WL.KKS.02,2026-10-09 13:15,-0.84,,,,,,Normal,-0.73
WL.KKS.03,2026-10-09 13:15,-0.96,,,,,,Normal,-0.82
WL.KKS.04,2026-10-09 13:15,-0.97,0.61,,0.0,,,Normal,-0.78
WL.KKY.01,2026-10-09 13:15,0.68,,,,,,Normal,0.68
WL.KKY.02,2026-10-09 13:15,0.68,,,,,,Normal,0.68
WL.KLA.01,2026-10-09 13:15,-0.32,,,,,,Normal,0.39
WL.KLD.01,2026-10-09 13:15,-0.41,,,,,,Normal,-0.27
WL.KLD.02,2026-10-09 13:15,-0.38,,,,,,Normal,-0.19
WL.KLT.01,2026-10-09 13:15,-0.67,,,,,,Normal,-0.66
WL.KMN.01,2026-10-09 13:15,0.33,0.86,,3.66,0.0,0.0,Normal,0.42
WL.KNB.01,2026-10-09 13:15,-0.81,,,,,,Normal,-0.79
WL.KNB.02,2026-10-09 13:15,-0.38,,,,,,Normal,-0.36
WL.KPG.01,2026-10-09 13:15,-1.19,,,,,,Normal,-0.99
WL.KPM.01,2026-10-09 13:15,-0.34,,,,,,Normal,-0.25
WL.KPM.03,2026-10-09 13:15,-0.12,,,,,,Normal,-0.02
WL.KPM.05,2026-10-09 13:15,0.47,,,,,,Normal,0.54
WL.KPM.06,2026-10-09 13:15,0.44,,,,,,Normal,0.53
WL.KPM.08,2026-10-09 13:15,0.45,,,,,,Normal,0.53
WL.KSG.01,2026-10-09 13:15,0.71,,,,,,Normal,0.79
WL.KSI.01,2026-10-09 13:15,0.8,,,,,,Alert,0.84
WL.KSI.02,2026-10-09 13:15,0.83,,,,,,Critical,0.85
WL.KSK.01,2026-10-09 13:15,-0.58,,,,,,Normal,-0.56
WL.KSM.01,2026-10-09 13:15,0.82,,,,,,Critical,0.85
WL.KSM.02,2026-10-09 13:15,0.77,,,,,,Critical,0.81
WL.KSO.01,2026-10-09 13:15,0.78,,,,,,Normal,0.78
WL.KSO.02,2026-10-09 13:15,0.84,,,,,,Normal,0.84
WL.KT4.01,2026-10-09 13:15,0.52,,,,,,Critical,0.54
WL.KTY.01,2026-10-09 13:15,-1.8,0.18,,0.0,,,Normal,-1.35
WL.LBK.02,2026-10-09 13:15,0.54,,,,,,Critical,0.58
WL.LBK.03,2026-10-09 13:15,0.45,,,,,,Critical,0.5
WL.LCL.01,2026-10-09 13:15,0.62,,,,,,Normal,0.67
WL.LCL.02,2026-10-09 13:15,0.36,,,,,,Normal,0.49
WL.LKB.01,2026-10-09 13:15,0.69,,,,,,Critical,0.74
WL.LOA.01,2026-10-09 13:15,0.6,,,,,,Normal,0.9
WL.LOA.02,2026-10-09 13:15,0.78,,,,,,Normal,0.84
WL.LPC.01,2026-10-09 13:15,1.11,,,,,,Critical,1.12
WL.LPG.02,2026-10-09 13:15,1.01,1.75,,0.0,,,Critical,1.02
WL.LPG.03,2026-10-09 13:15,0.95,,,,,,Critical,0.97
WL.LPN.01,2026-10-09 13:15,-0.84,0.38,,0.0,,,Normal,-0.63
WL.LPP.01,2026-10-09 13:15,-1.2,,,,,,Normal,-0.95
WL.LPP.02,2026-10-09 13:15,-0.72,,,,,,Normal,
WL.LPT.01,2026-10-09 13:15,1.21,,,,,,Critical,1.21
WL.LPT.03,2026-10-09 13:15,0.89,,,,,,Critical,0.91
WL.LPW.01,2026-10-09 13:15,-0.28,-0.33,,0.0,,,Normal,-0.26
WL.LPW.03,2026-10-09 13:15,0.22,,,,,,Normal,0.23
WL.LPW.04,2026-10-09 13:15,-0.51,,,,,,Normal,-0.51
WL.LPW.05,2026-10-09 13:15,-0.61,,,,,,Normal,-0.59
WL.LSM.01,2026-10-09 13:15,-0.6,,,,,,Normal,-0.57
WL.LYW.01,2026-10-09 13:15,-1.49,,,,,,Normal,-1.38
WL.LYW.02,2026-10-09 13:15,-1.45,,,,,,Normal,-1.43
WL.MCM.01,2026-10-09 13:15,0.25,,,,,,Normal,0.26
WL.MFS.01,2026-10-09 13:15,-0.73,,,,,,Normal,-0.72
WL.MKT.01,2026-10-09 13:15,-0.28,,,,,,Normal,-0.27
WL.MSW.01,2026-10-09 13:15,0.97,,,,,,Normal,1.52
WL.MSW.02,2026-10-09 13:15,1.08,,,,,,Normal,1.16
WL.MSW.03,2026-10-09 13:15,0.99,,,,,,Normal,1.37
WL.MSW.04,2026-10-09 13:15,0.96,,,,,,Normal,
WL.MTG.01,2026-10-09 13:15,-0.63,,,,,,Normal,-0.63
WL.NBN.01,2026-10-09 13:15,-3.85,-1.29,,0.0,,,Normal,-3.58
WL.NCH.02,2026-10-09 13:15,-0.58,,,,,,Normal,-0.33
WL.NK1.01,2026-10-09 13:15,-0.3,,,,,,Normal,0.02
WL.NK3.01,2026-10-09 13:15,-0.35,,,,,,Normal,-0.1
WL.NKW.02,2026-10-09 13:15,-0.27,,,,,,Normal,-0.26
WL.NSG.01,2026-10-09 13:15,-2.0,,,,,,Normal,-2.0
WL.OAG.01,2026-10-09 13:15,-0.92,,,,,,Normal,-0.82
WL.ORC.01,2026-10-09 13:15,-1.33,-0.81,,0.0,,,Normal,-1.33
WL.PKG.01,2026-10-09 13:15,0.75,,,,,,Normal,1.5
WL.PKN.01,2026-10-09 13:15,-0.75,0.34,,0.0,0.0,0.0,Normal,-0.68
WL.PLK.01,2026-10-09 13:15,0.15,,,,,,Normal,0.82
WL.PLP.01,2026-10-09 13:15,-0.4,,,,,,Normal,-0.38
WL.PNM.01,2026-10-09 13:15,0.35,,,,,,Critical,0.38
WL.PSC.01,2026-10-09 13:15,0.33,0.37,,0.0,0.0,0.0,Normal,0.39
WL.PSC.02,2026-10-09 13:15,0.31,,,,,,Normal,0.36
WL.PSC.03,2026-10-09 13:15,0.31,,,,,,Normal,0.36
WL.PSC.05,2026-10-09 13:15,0.31,,,,,,Normal,0.43
WL.PSI.01,2026-10-09 13:15,-1.48,,,,,,Normal,-1.27
WL.PSR.01,2026-10-09 13:15,1.08,1.8,,0.2,,,Critical,1.12
WL.PSR.02,2026-10-09 13:15,1.11,,,,,,Alert,1.15
WL.PSR.03,2026-10-09 13:15,1.09,,,,,,Alert,1.13
WL.PSR.04,2026-10-09 13:15,0.73,,,,,,Normal,0.78
WL.PSR.05,2026-10-09 13:15,0.77,,,,,,Alert,0.81
WL.PSR.06,2026-10-09 13:15,0.7,,,,,,Normal,0.71
WL.PST.01,2026-10-09 13:15,-0.9,,,,,,Normal,-0.9
WL.PWT.01,2026-10-09 13:15,-0.53,,,,,,Normal,-0.51
WL.PWT.02,2026-10-09 13:15,-0.02,,,,,,Normal,0.02
WL.PWT.03,2026-10-09 13:15,0.21,0.22,,5.81,5.9,,Critical,0.27
WL.PWT.04,2026-10-09 13:15,0.54,0.58,,4.94,,,Alert,0.59
WL.PWT.06,2026-10-09 13:15,0.96,,,,,,Critical,0.98
WL.PWT.07,2026-10-09 13:15,0.95,,,,,,Critical,0.97
WL.PYW.01,2026-10-09 13:15,-1.12,,,,,,Normal,-0.7
WL.RHN.01,2026-10-09 13:15,-0.89,0.15,,0.0,,,Normal,-0.77
WL.RJK.01,2026-10-09 13:15,0.17,0.16,,7.5,,,Normal,0.36
WL.RKC.01,2026-10-09 13:15,-0.74,,,,,,Normal,-0.74
WL.RMN.01,2026-10-09 13:15,0.54,,,,,,Normal,
WL.RMT.01,2026-10-09 13:15,-1.11,0.54,,0.0,0.0,,Normal,-0.25
WL.RMT.02,2026-10-09 13:15,-0.23,,,,,,Normal,-0.08
WL.RMT.03,2026-10-09 13:15,-2.0,,,,,,Normal,-2.0
WL.RSK.01,2026-10-09 13:15,0.42,,,,,,Normal,0.44
WL.SBR.01,2026-10-09 13:15,0.82,1.07,,0.0,,,Normal,0.91
WL.SBR.02,2026-10-09 13:15,0.68,,,,,,Normal,0.68
WL.SBT.01,2026-10-09 13:15,-0.3,0.13,,0.0,,,Normal,-0.09
WL.SCO.01,2026-10-09 13:15,-0.07,,,,,,Normal,0.32
WL.SDN.01,2026-10-09 13:15,0.23,,,,,,Normal,0.23
WL.SKG.01,2026-10-09 13:15,-0.87,,,,,,Normal,-0.54
WL.SKT.01,2026-10-09 13:15,-0.83,,,,,,Normal,-0.55
WL.SKT.02,2026-10-09 13:15,-1.01,,,,,,Normal,-0.59
WL.SLL.01,2026-10-09 13:15,-2.96,,,,,,Normal,0.13
WL.SMK.01,2026-10-09 13:15,-0.24,,,,,,Normal,-0.24
WL.SNC.01,2026-10-09 13:15,-0.27,0.72,,0.0,0.0,0.0,Normal,-0.16
WL.SNC.02,2026-10-09 13:15,0.32,,,,,,Normal,0.36
WL.SNC.03,2026-10-09 13:15,0.02,,,,,,Normal,0.08
WL.SNO.01,2026-10-09 13:15,-1.22,,,,,,Normal,-0.74
WL.SOL.01,2026-10-09 13:15,-0.64,,,,,,Normal,-0.62
WL.SRE.01,2026-10-09 13:15,-1.04,0.52,,0.0,0.0,,Normal,0.06
WL.SRG.01,2026-10-09 13:15,-0.56,0.5,,0.0,0.0,0.0,Normal,-0.37
WL.SSB.01,2026-10-09 13:15,-0.91,,,,,,Normal,-0.79
WL.SSB.03,2026-10-09 13:15,-0.62,,,,,,Normal,-0.47
WL.SSB.04,2026-10-09 13:15,-0.61,-0.61,,7.5,7.5,,Normal,-0.55
WL.SSB.06,2026-10-09 13:15,-0.43,,,,,,Normal,-0.22
WL.SSB.07,2026-10-09 13:15,0.03,,,,,,Normal,0.6
WL.SSB.08,2026-10-09 13:15,0.31,,,,,,Normal,0.34
WL.SSB.09,2026-10-09 13:15,0.55,1.1,,0.0,,,Critical,0.58
WL.SSB.10,2026-10-09 13:15,0.74,1.15,,2.51,,,Critical,0.75
WL.SSB.11,2026-10-09 13:15,1.24,,,,,,Critical,1.25
WL.SSB.12,2026-10-09 13:15,1.21,1.5,,0.0,,,Critical,1.24
WL.SSG.01,2026-10-09 13:15,1.57,,,,,,Alert,1.58
WL.SSM.01,2026-10-09 13:15,1.3,-99,,0.0,,,Critical,1.31
WL.SSM.02,2026-10-09 13:15,1.55,,,,,,Normal,
WL.SSN.01,2026-10-09 13:15,-1.06,1.04,,7.0,0.0,0.0,Normal,-1.05
WL.SSN.02,2026-10-09 13:15,-1.09,,,,,,Normal,-1.09
WL.SSN.04,2026-10-09 13:15,-1.19,,,,,,Normal,-1.18
WL.SSN.06,2026-10-09 13:15,-1.77,,,,,,Normal,-1.76
WL.SSN.07,2026-10-09 13:15,-1.01,,,,,,Normal,-1.0
WL.SSN.08,2026-10-09 13:15,-0.65,-0.64,,0.0,,,Normal,-0.62
WL.SSN.09,2026-10-09 13:15,-0.65,,,,,,Normal,-0.64
WL.SSN.10,2026-10-09 13:15,-0.61,,,,,,Normal,-0.61
WL.SST.01,2026-10-09 13:15,0.84,1.76,,0.32,,,Alert,0.91
WL.STN.01,2026-10-09 13:15,0.52,,,,,,Alert,0.53
WL.STN.02,2026-10-09 13:15,0.62,,,,,,Critical,0.66
WL.STN.03,2026-10-09 13:15,0.67,,,,,,Critical,0.72
WL.STR.01,2026-10-09 13:15,-1.04,0.22,0.5,0.0,0.0,0.0,Normal,-1.0
WL.SWA.01,2026-10-09 13:15,0.83,1.38,,0.44,,,Critical,0.86
WL.SWU.01,2026-10-09 13:15,-1.5,,,,,,Normal,-0.89
WL.TCG.01,2026-10-09 13:15,-0.86,,,,,,Normal,-0.84
WL.TPK.03,2026-10-09 13:15,0.48,,,,,,Critical,0.52
WL.TSK.01,2026-10-09 13:15,-1.8,,,,,,Normal,-1.8
WL.TUT.02,2026-10-09 13:15,-0.78,,,,,,Normal,-0.22
WL.TWW.01,2026-10-09 13:15,0.78,1.03,,0.99,,,Normal,0.78
WL.TWW.02,2026-10-09 13:15,0.75,,,,,,Normal,0.75
WL.TWW.03,2026-10-09 13:15,0.72,,,,,,Critical,0.72
WL.TWW.04,2026-10-09 13:15,0.7,,,,,,Normal,0.7
WL.TWW.05,2026-10-09 13:15,0.41,,,,,,Normal,0.45
WL.VPD.01,2026-10-09 13:15,-1.08,,,,,,Normal,-1.0
WL.VPD.02,2026-10-09 13:15,-1.04,,,,,,Normal,-0.96
WL.VPD.03,2026-10-09 13:15,-1.29,,,,,,Normal,-1.29
WL.VPV.01,2026-10-09 13:15,-1.48,,,0.0,,,Normal,-1.37
WL.WHK.01,2026-10-09 13:15,0.63,,,,,,Normal,0.8
WL.WKT.01,2026-10-09 13:15,0.07,,,,,,Normal,0.55
WL.WLS.01,2026-10-09 13:15,0.53,,,,,,Normal,0.61
WL.WSI.01,2026-10-09 13:15,-1.21,0.36,,0.0,0.0,0.0,Normal,-0.54
WL.WSV.01,2026-10-09 13:15,-0.19,,,,,,Normal,0.21
WL.WTK.01,2026-10-09 13:15,-0.44,,,,,,Normal,-0.44
WL.WTN.02,2026-10-09 13:15,-1.16,,,,,,Normal,-1.1
WL.YPE.01,2026-10-09 13:15,0.34,,,,,,Normal,0.39
WL.YPN.01,2026-10-09 13:15,-0.91,,,,,,Normal,-0.51
WL.YPN.02,2026-10-09 13:15,-1.58,,,,,,Normal,-0.57
WL.YSN.02,2026-10-09 13:15,-0.99,,,,,,Normal,-0.95
WL.LPI.02,2026-10-09 13:18,-0.05,,,,,,Normal,0.0
WL.LPI.02,2026-10-09 13:19,-0.05,,,,,,Normal,0.0
WL.KPM.04,2026-10-09 13:20,0.38,,,,,,Normal,0.49
WL.KPM.04,2026-10-09 13:25,0.38,,,,,,Normal,0.49
WL.KKD.04,2026-10-09 13:30,-0.47,,,,,,Normal,-0.45
WL.KKD.04,2026-10-09 13:35,-0.47,,,,,,Normal,-0.45
WL.JKK.01,2026-10-09 14:05,0.34,,,,,,temporarily out of order,0.39
WL.ANG.01,2026-10-09 14:10,0.95,,,,,,Normal,
WL.BBU.02,2026-10-09 14:10,0.5,,,,,,Normal,
WL.BKH.01,2026-10-09 14:10,0.1,,,,,,Normal,
WL.BMD.01,2026-10-09 14:10,0.49,,,,,,Normal,
WL.BNJ.05,2026-10-09 14:10,-2.12,,,,,,Normal,
WL.BTL.02,2026-10-09 14:10,0.19,,,,,,Normal,
WL.CYI.02,2026-10-09 14:10,-0.58,,,,,,Normal,-0.57
WL.K08.01,2026-10-09 14:10,1.55,,,,,,Alert,
WL.K10.01,2026-10-09 14:10,1.62,,,,,,Alert,
WL.K11.01,2026-10-09 14:10,1.58,,,,,,Alert,
WL.KBP.01,2026-10-09 14:10,-0.77,,,,,,Normal,
WL.KHW.01,2026-10-09 14:10,1.71,,,,,,Normal,
WL.KKO.02,2026-10-09 14:10,1.56,,,,,,Alert,
WL.KPM.07,2026-10-09 14:10,0.45,,,,,,Normal,
WL.LPS.01,2026-10-09 14:10,0.8,,,,,,Normal,
WL.LPT.05,2026-10-09 14:10,1.58,,,,,,Normal,
WL.MKT.02,2026-10-09 14:10,-0.79,,,,,,Normal,
WL.NK3.02,2026-10-09 14:10,-0.84,,,,,,Normal,
WL.POC.01,2026-10-09 14:10,1.46,,,,,,Normal,
WL.PSC.06,2026-10-09 14:10,0.38,,,,,,Normal,
WL.RMN.01,2026-10-09 14:10,0.53,,,,,,Normal,
WL.RPS.01,2026-10-09 14:10,2.21,,,,,,Critical,
WL.SSB.01,2026-10-09 14:10,-0.9,,,,,,Normal,-0.79
WL.SSB.13,2026-10-09 14:10,1.89,,,,,,Critical,
WL.SSG.02,2026-10-09 14:10,1.56,,,,,,Alert,
WL.SSM.02,2026-10-09 14:10,1.55,,,,,,Normal,
WL.STN.01,2026-10-09 14:10,0.53,,,,,,Alert,0.53
WL.SWA.02,2026-10-09 14:10,1.43,,,,,,Normal,
WL.AJP.01,2026-10-09 14:15,-0.99,,,,,,Normal,-0.48
WL.ANX.01,2026-10-09 14:15,0.01,,,,,,Normal,0.02
WL.BAM.01,2026-10-09 14:15,0.19,,,,,,Normal,0.4
WL.BBN.01,2026-10-09 14:15,-0.1,,,,,,Normal,-0.05
WL.BBN.02,2026-10-09 14:15,0.1,,,,,,Normal,0.11
WL.BBN.03,2026-10-09 14:15,0.35,,,,,,Normal,0.37
WL.BBR.01,2026-10-09 14:15,0.04,,,,,,Normal,0.19
WL.BBR.02,2026-10-09 14:15,0.05,,,,,,Normal,0.15
WL.BBU.01,2026-10-09 14:15,0.46,,,,,,Normal,0.5
WL.BCN.01,2026-10-09 14:15,0.52,,,,,,Normal,0.53
WL.BCN.02,2026-10-09 14:15,0.5,,,,,,Normal,0.52
WL.BCN.03,2026-10-09 14:15,0.57,,,,,,Normal,0.58
WL.BJK.01,2026-10-09 14:15,-1.31,0.69,,0.0,0.0,,Normal,-1.06
WL.BJK.02,2026-10-09 14:15,0.45,,,,,,Normal,0.48
WL.BJK.03,2026-10-09 14:15,0.42,,,,,,Normal,0.45
WL.BJK.04,2026-10-09 14:15,0.49,,,,,,Normal,0.53
WL.BKA.01,2026-10-09 14:15,-1.82,1.37,,1.73,1.75,0.0,Normal,-1.24
WL.BKA.02,2026-10-09 14:15,-0.84,,,,,,Normal,-0.69
WL.BKA.03,2026-10-09 14:15,-0.39,,,,,,Normal,-0.27
WL.BKA.04,2026-10-09 14:15,0.12,,,,,,Normal,0.16
WL.BKB.01,2026-10-09 14:15,-0.43,,,,,,Normal,-0.33
WL.BKG.01,2026-10-09 14:15,0.66,-2.0,,0.0,,,Critical,0.69
WL.BKK.01,2026-10-09 14:15,0.5,,,,,,Normal,
WL.BKT.01,2026-10-09 14:15,-0.5,,,,,,Normal,-0.26
WL.BKY.01,2026-10-09 14:15,0.29,1.01,,0.0,5.36,0.0,Normal,0.43
WL.BKY.02,2026-10-09 14:15,0.43,,,,,,Normal,0.47
WL.BLP.02,2026-10-09 14:15,-0.88,,,,,,Normal,-0.77
WL.BLY.01,2026-10-09 14:15,-0.45,,,,,,Normal,-0.43
WL.BLY.02,2026-10-09 14:15,-0.53,,,,,,Normal,-0.52
WL.BMA.02,2026-10-09 14:15,0.06,,,,,,Normal,1.1
WL.BMK.01,2026-10-09 14:15,-1.62,,,,,,Normal,-1.29
WL.BNA.01,2026-10-09 14:15,-1.56,0.64,,0.0,0.0,,Normal,-1.15
WL.BNA.03,2026-10-09 14:15,-0.6,,,,,,Normal,-0.55
WL.BNA.04,2026-10-09 14:15,-0.48,,,,,,Normal,-0.42
WL.BNJ.01,2026-10-09 14:15,-1.0,,,,,,Normal,-0.93
WL.BNJ.02,2026-10-09 14:15,-2.24,,,,,,Normal,-1.16
WL.BNJ.04,2026-10-09 14:15,-1.29,,,,,,Normal,-1.05
WL.BNS.01,2026-10-09 14:15,0.53,,,,,,Normal,0.53
WL.BOA.01,2026-10-09 14:15,-1.22,0.77,,0.0,0.0,,Normal,-1.05
WL.BOA.02,2026-10-09 14:15,-1.29,,,,,,Normal,-1.02
WL.BOA.03,2026-10-09 14:15,-1.24,,,,,,Normal,-1.12
WL.BON.01,2026-10-09 14:15,-1.25,,,,,,Normal,-1.04
WL.BPA.01,2026-10-09 14:15,-0.64,,,,,,Normal,-0.54
WL.BPK.01,2026-10-09 14:15,0.19,,,,,,Normal,0.2
WL.BPM.01,2026-10-09 14:15,0.37,,,,,,Normal,0.47
WL.BPM.02,2026-10-09 14:15,0.48,,,,,,Normal,0.52
WL.BPM.03,2026-10-09 14:15,0.64,,,,,,Alert,0.64
WL.BPM.04,2026-10-09 14:15,0.61,,,,,,Alert,0.61
WL.BPN.02,2026-10-09 14:15,0.16,,,,,,Normal,0.17
WL.BPU.01,2026-10-09 14:15,0.75,,,,,,Normal,0.75
WL.BSE.01,2026-10-09 14:15,-1.58,,,,,,Normal,
WL.BSK.01,2026-10-09 14:15,-0.2,0.78,,0.0,0.0,,Normal,0.42
WL.BSU.01,2026-10-09 14:15,-0.96,1.31,,0.0,0.0,0.0,Normal,-0.86
WL.BSU.02,2026-10-09 14:15,-0.84,,,,,,Normal,-0.78
WL.BSU.03,2026-10-09 14:15,-1.28,,,,,,Normal,-1.25
WL.BSU.04,2026-10-09 14:15,-1.12,,,,,,Normal,-1.1
WL.BSU.05,2026-10-09 14:15,-1.32,,,,,,Normal,-1.24
WL.BSU.06,2026-10-09 14:15,-0.63,,,,,,Normal,-0.56
WL.BSU.07,2026-10-09 14:15,-0.43,,,,,,Normal,-0.43
WL.BTL.01,2026-10-09 14:15,-0.53,,,,,,Normal,-0.51
WL.BTY.01,2026-10-09 14:15,0.24,,,,,,Normal,0.36
WL.BWK.01,2026-10-09 14:15,0.38,,,,,,Normal,0.41
WL.BWK.02,2026-10-09 14:15,0.59,,,,,,Normal,0.61
WL.BWK.03,2026-10-09 14:15,0.66,,,,,,Normal,0.66
WL.BYI.01,2026-10-09 14:15,1.0,,,,,,Critical,1.0
WL.BYK.02,2026-10-09 14:15,0.14,,,,,,Normal,0.37
WL.CKS.01,2026-10-09 14:15,-1.26,,,0.0,0.0,,Normal,-1.16
WL.CKS.02,2026-10-09 14:15,-1.05,,,,,,Normal,-0.95
WL.CKS.03,2026-10-09 14:15,-1.15,,,,,,Normal,-1.12
WL.CLH.01,2026-10-09 14:15,-0.4,,,,,,Normal,
WL.CNS.01,2026-10-09 14:15,-2.14,0.69,,0.0,0.0,,Normal,-1.23
WL.CPA.01,2026-10-09 14:15,0.36,1.06,,4.21,3.52,,Normal,0.49
WL.CPA.02,2026-10-09 14:15,0.33,,,,,,Normal,0.39
WL.CYI.01,2026-10-09 14:15,-0.6,,,,,,Normal,-0.59
WL.CYI.03,2026-10-09 14:15,-0.51,,,,,,Normal,-0.5
WL.DKN.01,2026-10-09 14:15,0.28,0.75,,0.0,1.93,5.16,Normal,0.3
WL.FTM.01,2026-10-09 14:15,-1.11,,,,,,Normal,-1.06
WL.HKG.01,2026-10-09 14:15,-0.76,,,,,,Normal,-0.75
WL.HKG.02,2026-10-09 14:15,-0.71,,,,,,Normal,-0.69
WL.HMK.01,2026-10-09 14:15,-0.11,,,,,,Alert,0.0
WL.HMK.02,2026-10-09 14:15,-0.17,,,,,,Normal,-0.02
WL.HMK.03,2026-10-09 14:15,-0.08,,,,,,Normal,0.0
WL.JRN.01,2026-10-09 14:15,0.28,0.72,,0.0,,,Normal,0.35
WL.KBU.01,2026-10-09 14:15,0.59,0.96,,0.0,,,Normal,0.6
WL.KBU.02,2026-10-09 14:15,0.56,,,,,,Normal,0.57
WL.KCD.01,2026-10-09 14:15,-1.04,,,,,,Normal,-1.0
WL.KDN.01,2026-10-09 14:15,-0.68,0.65,,0.0,,,Normal,-0.6
WL.KJA.01,2026-10-09 14:15,-0.7,,,,,,Normal,-0.69
WL.KJA.02,2026-10-09 14:15,-0.25,,,,,,Normal,-0.25
WL.KJG.01,2026-10-09 14:15,-0.43,,,,,,Normal,-0.18
WL.KJK.01,2026-10-09 14:15,-1.3,0.73,,0.0,0.0,,Normal,-1.15
WL.KJK.02,2026-10-09 14:15,-1.25,,,,,,Normal,-1.09
WL.KJN.01,2026-10-09 14:15,-0.17,,,,,,Alert,-0.11
WL.KJN.02,2026-10-09 14:15,-0.09,,,,,,Normal,-0.04
WL.KJT.01,2026-10-09 14:15,-1.17,,,,,,Normal,-0.51
WL.KJU.01,2026-10-09 14:15,-0.44,,,,,,Normal,-0.38
WL.KKD.01,2026-10-09 14:15,-0.44,,,,,,Normal,-0.41
WL.KKD.02,2026-10-09 14:15,-0.53,,,,,,Normal,-0.51
WL.KKD.03,2026-10-09 14:15,-0.52,,,,,,Normal,-0.5
WL.KKO.01,2026-10-09 14:15,1.61,,,,,,Alert,1.63
WL.KKS.01,2026-10-09 14:15,-0.87,1.09,,0.0,0.0,,Normal,-0.76
WL.KKS.02,2026-10-09 14:15,-0.83,,,,,,Normal,-0.73
WL.KKS.03,2026-10-09 14:15,-0.91,,,,,,Normal,-0.82
WL.KKS.04,2026-10-09 14:15,-0.89,0.86,,0.0,,,Normal,-0.78
WL.KKY.01,2026-10-09 14:15,0.68,,,,,,Normal,0.69
WL.KKY.02,2026-10-09 14:15,0.68,,,,,,Normal,0.69
WL.KLA.01,2026-10-09 14:15,-0.32,,,,,,Normal,0.39
WL.KLD.01,2026-10-09 14:15,-0.48,,,,,,Normal,-0.27
WL.KLD.02,2026-10-09 14:15,-0.38,,,,,,Normal,-0.19
WL.KLT.01,2026-10-09 14:15,-0.73,,,,,,Normal,-0.66
WL.KMN.01,2026-10-09 14:15,0.31,0.98,,3.97,0.0,0.0,Normal,0.42
WL.KNB.01,2026-10-09 14:15,-0.81,,,,,,Normal,-0.79
WL.KNB.02,2026-10-09 14:15,-0.38,,,,,,Normal,-0.36
WL.KPG.01,2026-10-09 14:15,-1.16,,,,,,Normal,-0.99
WL.KPM.01,2026-10-09 14:15,-0.33,,,,,,Normal,-0.25
WL.KPM.03,2026-10-09 14:15,-0.1,,,,,,Normal,-0.02
WL.KPM.05,2026-10-09 14:15,0.43,,,,,,Normal,0.54
WL.KPM.06,2026-10-09 14:15,0.43,,,,,,Normal,0.53
WL.KPM.08,2026-10-09 14:15,0.44,,,,,,Normal,0.53
WL.KSG.01,2026-10-09 14:15,0.71,,,,,,Normal,0.79
WL.KSI.01,2026-10-09 14:15,0.81,,,,,,Alert,0.84
WL.KSI.02,2026-10-09 14:15,0.82,,,,,,Critical,0.85
WL.KSK.01,2026-10-09 14:15,-0.58,,,,,,Normal,-0.56
WL.KSM.01,2026-10-09 14:15,0.82,,,,,,Critical,0.85
WL.KSM.02,2026-10-09 14:15,0.77,,,,,,Critical,0.81
WL.KSO.01,2026-10-09 14:15,0.78,,,,,,Normal,0.8
WL.KSO.02,2026-10-09 14:15,0.83,,,,,,Normal,0.85
WL.KT4.01,2026-10-09 14:15,0.52,,,,,,Critical,0.54
WL.KTY.01,2026-10-09 14:15,-2.13,0.69,,0.0,,,Normal,-1.35
WL.LBK.02,2026-10-09 14:15,0.53,,,,,,Critical,0.58
WL.LBK.03,2026-10-09 14:15,0.45,,,,,,Critical,0.5
WL.LCL.01,2026-10-09 14:15,0.61,,,,,,Normal,0.67
WL.LCL.02,2026-10-09 14:15,0.35,,,,,,Normal,0.49
WL.LKB.01,2026-10-09 14:15,0.68,,,,,,Critical,0.74
WL.LOA.01,2026-10-09 14:15,0.57,,,,,,Normal,0.9
WL.LOA.02,2026-10-09 14:15,0.76,,,,,,Normal,0.84
WL.LPC.01,2026-10-09 14:15,1.1,,,,,,Critical,1.12
WL.LPG.02,2026-10-09 14:15,1.0,1.75,,0.0,,,Critical,1.02
WL.LPG.03,2026-10-09 14:15,0.95,,,,,,Critical,0.97
WL.LPN.01,2026-10-09 14:15,-0.85,0.4,,0.0,,,Normal,-0.63
WL.LPP.01,2026-10-09 14:15,-1.24,,,,,,Normal,-0.95
WL.LPP.02,2026-10-09 14:15,-0.74,,,,,,Normal,
WL.LPT.01,2026-10-09 14:15,1.21,,,,,,Critical,1.21
WL.LPT.03,2026-10-09 14:15,0.89,,,,,,Critical,0.91
WL.LPW.01,2026-10-09 14:15,-0.26,-0.31,,0.0,,,Normal,-0.26
WL.LPW.03,2026-10-09 14:15,0.23,,,,,,Normal,0.23
WL.LPW.04,2026-10-09 14:15,-0.51,,,,,,Normal,-0.51
WL.LPW.05,2026-10-09 14:15,-0.61,,,,,,Normal,-0.59
WL.LSM.01,2026-10-09 14:15,-0.61,,,,,,Normal,-0.57
WL.LYW.01,2026-10-09 14:15,-1.52,,,,,,Normal,-1.38
WL.LYW.02,2026-10-09 14:15,-1.46,,,,,,Normal,-1.43
WL.MCM.01,2026-10-09 14:15,0.24,,,,,,Normal,0.26
WL.MFS.01,2026-10-09 14:15,-0.73,,,,,,Normal,-0.72
WL.MKT.01,2026-10-09 14:15,-0.29,,,,,,Normal,-0.27
WL.MSW.01,2026-10-09 14:15,1.0,,,,,,Normal,1.52
WL.MSW.02,2026-10-09 14:15,1.09,,,,,,Normal,1.16
WL.MSW.03,2026-10-09 14:15,1.01,,,,,,Normal,1.37
WL.MSW.04,2026-10-09 14:15,0.95,,,,,,Normal,
WL.MTG.01,2026-10-09 14:15,-0.63,,,,,,Normal,-0.63
WL.NBN.01,2026-10-09 14:15,-3.88,-1.29,,0.0,,,Normal,-3.58
WL.NCH.02,2026-10-09 14:15,-0.62,,,,,,Normal,-0.33
WL.NK1.01,2026-10-09 14:15,-0.22,,,,,,Normal,0.02
WL.NK3.01,2026-10-09 14:15,-0.4,,,,,,Normal,-0.1
WL.NKW.02,2026-10-09 14:15,-0.27,,,,,,Normal,-0.26
WL.NSG.01,2026-10-09 14:15,-2.0,,,,,,Normal,-2.0
WL.OAG.01,2026-10-09 14:15,-0.91,,,,,,Normal,-0.82
WL.ORC.01,2026-10-09 14:15,-1.34,-0.75,,0.0,,,Normal,-1.33
WL.PKG.01,2026-10-09 14:15,0.93,,,,,,Normal,1.5
WL.PKN.01,2026-10-09 14:15,-0.83,0.81,,0.0,0.0,0.0,Normal,-0.68
WL.PLK.01,2026-10-09 14:15,0.63,,,,,,Normal,0.82
WL.PLP.01,2026-10-09 14:15,-0.4,,,,,,Normal,-0.38
WL.PNM.01,2026-10-09 14:15,0.34,,,,,,Critical,0.38
WL.PSC.01,2026-10-09 14:15,0.33,0.36,,0.0,0.0,0.0,Normal,0.39
WL.PSC.02,2026-10-09 14:15,0.3,,,,,,Normal,0.36
WL.PSC.03,2026-10-09 14:15,0.31,,,,,,Normal,0.36
WL.PSC.05,2026-10-09 14:15,0.31,,,,,,Normal,0.43
WL.PSI.01,2026-10-09 14:15,-1.41,,,,,,Normal,-1.27
WL.PSR.01,2026-10-09 14:15,1.08,1.79,,0.2,,,Alert,1.12
WL.PSR.02,2026-10-09 14:15,1.11,,,,,,Alert,1.15
WL.PSR.03,2026-10-09 14:15,1.08,,,,,,Alert,1.13
WL.PSR.04,2026-10-09 14:15,0.73,,,,,,Normal,0.78
WL.PSR.05,2026-10-09 14:15,0.76,,,,,,Alert,0.81
WL.PSR.06,2026-10-09 14:15,0.71,,,,,,Normal,0.71
WL.PST.01,2026-10-09 14:15,-0.9,,,,,,Normal,-0.9
WL.PWT.01,2026-10-09 14:15,-0.58,,,,,,Normal,-0.51
WL.PWT.02,2026-10-09 14:15,-0.03,,,,,,Normal,0.02
WL.PWT.03,2026-10-09 14:15,0.21,0.22,,5.84,5.9,,Critical,0.27
WL.PWT.04,2026-10-09 14:15,0.54,0.58,,4.94,,,Alert,0.59
WL.PWT.06,2026-10-09 14:15,0.95,,,,,,Critical,0.98
WL.PWT.07,2026-10-09 14:15,0.94,,,,,,Critical,0.97
WL.PYW.01,2026-10-09 14:15,-1.02,,,,,,Normal,-0.7
WL.RHN.01,2026-10-09 14:15,-0.97,-0.24,,0.0,,,Normal,-0.77
WL.RJK.01,2026-10-09 14:15,0.16,0.16,,7.5,,,Normal,0.36
WL.RKC.01,2026-10-09 14:15,-0.87,,,,,,Normal,-0.74
WL.RMT.01,2026-10-09 14:15,-1.11,0.52,,0.0,0.0,,Normal,-0.25
WL.RMT.02,2026-10-09 14:15,-0.22,,,,,,Normal,-0.08
WL.RMT.03,2026-10-09 14:15,-2.0,,,,,,Normal,-2.0
WL.RSK.01,2026-10-09 14:15,0.41,,,,,,Normal,0.44
WL.SBR.01,2026-10-09 14:15,0.75,1.07,,0.0,,,Normal,0.91
WL.SBR.02,2026-10-09 14:15,0.66,,,,,,Normal,0.68
WL.SBT.01,2026-10-09 14:15,-0.28,0.14,,0.0,,,Normal,-0.09
WL.SCO.01,2026-10-09 14:15,-0.06,,,,,,Normal,0.32
WL.SDN.01,2026-10-09 14:15,0.23,,,,,,Normal,0.23
WL.SKG.01,2026-10-09 14:15,-0.94,,,,,,Normal,-0.54
WL.SKT.01,2026-10-09 14:15,-0.83,,,,,,Normal,-0.55
WL.SKT.02,2026-10-09 14:15,-1.16,,,,,,Normal,-0.59
WL.SLL.01,2026-10-09 14:15,0.1,,,,,,Alert,0.13
WL.SMK.01,2026-10-09 14:15,-0.24,,,,,,Normal,-0.24
WL.SNC.01,2026-10-09 14:15,-0.24,0.69,,0.0,0.0,0.0,Normal,-0.16
WL.SNC.02,2026-10-09 14:15,0.3,,,,,,Normal,0.36
WL.SNC.03,2026-10-09 14:15,0.03,,,,,,Normal,0.08
WL.SNO.01,2026-10-09 14:15,-1.51,,,,,,Normal,-0.74
WL.SOL.01,2026-10-09 14:15,-0.64,,,,,,Normal,-0.62
WL.SRE.01,2026-10-09 14:15,-0.97,0.82,,0.0,0.0,,Normal,0.06
WL.SRG.01,2026-10-09 14:15,-0.56,0.76,,0.0,0.0,0.0,Normal,-0.37
WL.SSB.03,2026-10-09 14:15,-0.67,,,,,,Normal,-0.47
WL.SSB.04,2026-10-09 14:15,-0.62,-0.61,,7.5,7.5,,Normal,-0.55
WL.SSB.06,2026-10-09 14:15,-0.39,,,,,,Normal,-0.22
WL.SSB.07,2026-10-09 14:15,0.01,,,,,,Normal,0.6
WL.SSB.08,2026-10-09 14:15,0.3,,,,,,Normal,0.34
WL.SSB.09,2026-10-09 14:15,0.56,1.1,,0.0,,,Critical,0.58
WL.SSB.10,2026-10-09 14:15,0.81,1.1,,3.65,,,Critical,0.81
WL.SSB.11,2026-10-09 14:15,1.23,,,,,,Critical,1.25
WL.SSB.12,2026-10-09 14:15,1.21,1.5,,0.0,,,Critical,1.24
WL.SSG.01,2026-10-09 14:15,1.57,,,,,,Alert,1.58
WL.SSM.01,2026-10-09 14:15,1.3,-99,,0.0,,,Critical,1.31
WL.SSN.01,2026-10-09 14:15,-1.06,1.18,,7.0,0.0,0.0,Normal,-1.05
WL.SSN.02,2026-10-09 14:15,-1.08,,,,,,Normal,-1.08
WL.SSN.04,2026-10-09 14:15,-1.21,,,,,,Normal,-1.18
WL.SSN.06,2026-10-09 14:15,-1.77,,,,,,Normal,-1.76
WL.SSN.07,2026-10-09 14:15,-1.01,,,,,,Normal,-1.0
WL.SSN.08,2026-10-09 14:15,-0.64,-0.63,,0.0,,,Normal,-0.62
WL.SSN.09,2026-10-09 14:15,-0.65,,,,,,Normal,-0.64
WL.SSN.10,2026-10-09 14:15,-0.62,,,,,,Normal,-0.61
WL.SST.01,2026-10-09 14:15,0.84,1.76,,0.32,,,Alert,0.91
WL.STN.01,2026-10-09 14:15,0.53,,,,,,Alert,0.53
WL.STN.02,2026-10-09 14:15,0.62,,,,,,Critical,0.66
WL.STN.03,2026-10-09 14:15,0.67,,,,,,Critical,0.72
WL.STR.01,2026-10-09 14:15,-1.03,0.21,0.77,0.0,0.0,0.0,Normal,-1.0
WL.SWA.01,2026-10-09 14:15,0.83,1.38,,0.43,,,Critical,0.86
WL.SWU.01,2026-10-09 14:15,-1.42,,,,,,Normal,-0.89
WL.TCG.01,2026-10-09 14:15,-0.86,,,,,,Normal,-0.84
WL.TPK.03,2026-10-09 14:15,0.47,,,,,,Critical,0.52
WL.TSK.01,2026-10-09 14:15,-1.8,,,,,,Normal,-1.8
WL.TUT.02,2026-10-09 14:15,-0.71,,,,,,Normal,-0.22
WL.TWW.01,2026-10-09 14:15,0.78,1.02,,0.99,,,Normal,0.79
WL.TWW.02,2026-10-09 14:15,0.74,,,,,,Normal,0.75
WL.TWW.03,2026-10-09 14:15,0.72,,,,,,Critical,0.73
WL.TWW.04,2026-10-09 14:15,0.7,,,,,,Normal,0.7
WL.TWW.05,2026-10-09 14:15,0.4,,,,,,Normal,0.45
WL.VPD.01,2026-10-09 14:15,-1.08,,,,,,Normal,-1.0
WL.VPD.02,2026-10-09 14:15,-1.04,,,,,,Normal,-0.96
WL.VPD.03,2026-10-09 14:15,-1.29,,,,,,Normal,-1.29
WL.VPV.01,2026-10-09 14:15,-2.18,,,0.0,,,Normal,-1.37
WL.WHK.01,2026-10-09 14:15,0.6,,,,,,Normal,0.8
WL.WKT.01,2026-10-09 14:15,0.23,,,,,,Normal,0.55
WL.WLS.01,2026-10-09 14:15,0.54,,,,,,Normal,0.61
WL.WSI.01,2026-10-09 14:15,-1.65,0.71,,0.0,0.0,0.0,Normal,-0.54
WL.WSV.01,2026-10-09 14:15,-0.12,,,,,,Normal,0.21
WL.WTK.01,2026-10-09 14:15,-0.51,,,,,,Normal,-0.43
WL.WTN.02,2026-10-09 14:15,-1.15,,,,,,Normal,-1.1
WL.YPE.01,2026-10-09 14:15,0.33,,,,,,Normal,0.39
WL.YPN.01,2026-10-09 14:15,-0.93,,,,,,Normal,-0.51
WL.YPN.02,2026-10-09 14:15,-1.63,,,,,,Normal,-0.57
WL.YSN.02,2026-10-09 14:15,-0.98,,,,,,Normal,-0.95
WL.LPI.02,2026-10-09 14:18,-0.04,,,,,,Normal,0.0
WL.LPI.02,2026-10-09 14:19,-0.04,,,,,,Normal,0.0
WL.KPM.04,2026-10-09 14:20,0.44,,,,,,Normal,0.49
WL.KPM.04,2026-10-09 14:25,0.44,,,,,,Normal,0.49
WL.KKD.04,2026-10-09 14:30,-0.47,,,,,,Normal,-0.45
WL.KKD.04,2026-10-09 14:35,-0.47,,,,,,Normal,-0.45
WL.ANG.01,2026-10-09 15:10,0.95,,,,,,Normal,
WL.BBU.02,2026-10-09 15:10,0.49,,,,,,Normal,
WL.BKH.01,2026-10-09 15:10,0.11,,,,,,Normal,
WL.BMD.01,2026-10-09 15:10,0.49,,,,,,Normal,
WL.BNJ.05,2026-10-09 15:10,-1.23,,,,,,Normal,
WL.BTL.02,2026-10-09 15:10,0.25,,,,,,Normal,
WL.CYI.02,2026-10-09 15:10,-0.59,,,,,,Normal,-0.57
WL.K08.01,2026-10-09 15:10,1.55,,,,,,Alert,
WL.K10.01,2026-10-09 15:10,1.63,,,,,,Alert,
WL.K11.01,2026-10-09 15:10,1.58,,,,,,Alert,
WL.KBP.01,2026-10-09 15:10,-0.71,,,,,,Normal,
WL.KHW.01,2026-10-09 15:10,1.71,,,,,,Normal,
WL.KKO.02,2026-10-09 15:10,1.56,,,,,,Alert,
WL.KPM.07,2026-10-09 15:10,0.42,,,,,,Normal,
WL.LPS.01,2026-10-09 15:10,0.79,,,,,,Normal,
WL.LPT.05,2026-10-09 15:10,1.29,,,,,,Normal,
WL.MKT.02,2026-10-09 15:10,-0.79,,,,,,Normal,
WL.NK3.02,2026-10-09 15:10,-0.8,,,,,,Normal,
WL.POC.01,2026-10-09 15:10,1.46,,,,,,Normal,
WL.PSC.06,2026-10-09 15:10,0.43,,,,,,Normal,
WL.PWT.04,2026-10-09 15:10,0.53,0.57,,4.94,,,Alert,0.59
WL.RHN.01,2026-10-09 15:10,-1.04,-0.42,,0.0,,,Normal,-0.77
WL.RPS.01,2026-10-09 15:10,2.2,,,,,,Critical,
WL.SSG.02,2026-10-09 15:10,1.56,,,,,,Alert,
WL.STN.01,2026-10-09 15:10,0.54,,,,,,Alert,0.54
WL.SWA.02,2026-10-09 15:10,1.43,,,,,,Normal,
WL.AJP.01,2026-10-09 15:15,-1.09,,,,,,Normal,-0.48
WL.ANX.01,2026-10-09 15:15,-0.01,,,,,,Normal,0.02
WL.BAM.01,2026-10-09 15:15,0.23,,,,,,Normal,0.4
WL.BBN.01,2026-10-09 15:15,-0.11,,,,,,Normal,-0.05
WL.BBN.02,2026-10-09 15:15,0.1,,,,,,Normal,0.11
WL.BBN.03,2026-10-09 15:15,0.34,,,,,,Normal,0.37
WL.BBR.01,2026-10-09 15:15,0.1,,,,,,Normal,0.19
WL.BBR.02,2026-10-09 15:15,0.05,,,,,,Normal,0.15
WL.BBU.01,2026-10-09 15:15,0.44,,,,,,Normal,0.5
WL.BCN.01,2026-10-09 15:15,0.52,,,,,,Normal,0.53
WL.BCN.02,2026-10-09 15:15,0.49,,,,,,Normal,0.52
WL.BCN.03,2026-10-09 15:15,0.57,,,,,,Normal,0.58
WL.BJK.01,2026-10-09 15:15,-1.38,1.25,,0.0,0.0,,Normal,-1.06
WL.BJK.02,2026-10-09 15:15,0.45,,,,,,Normal,0.48
WL.BJK.03,2026-10-09 15:15,0.41,,,,,,Normal,0.45
WL.BJK.04,2026-10-09 15:15,0.49,,,,,,Normal,0.53
WL.BKA.01,2026-10-09 15:15,-1.74,1.57,,1.73,1.75,0.0,Normal,-1.24
WL.BKA.02,2026-10-09 15:15,-0.84,,,,,,Normal,-0.69
WL.BKA.03,2026-10-09 15:15,-0.38,,,,,,Normal,-0.27
WL.BKA.04,2026-10-09 15:15,0.1,,,,,,Normal,0.16
WL.BKB.01,2026-10-09 15:15,-0.42,,,,,,Normal,-0.33
WL.BKG.01,2026-10-09 15:15,0.66,-2.0,,0.0,,,Critical,0.69
WL.BKK.01,2026-10-09 15:15,0.5,,,,,,Normal,
WL.BKT.01,2026-10-09 15:15,-0.51,,,,,,Normal,-0.26
WL.BKY.01,2026-10-09 15:15,0.3,1.37,,5.0,0.0,0.0,Normal,0.43
WL.BKY.02,2026-10-09 15:15,0.42,,,,,,Normal,0.47
WL.BLP.02,2026-10-09 15:15,-0.85,,,,,,Normal,-0.77
WL.BLY.01,2026-10-09 15:15,-0.46,,,,,,Normal,-0.43
WL.BLY.02,2026-10-09 15:15,-0.54,,,,,,Normal,-0.52
WL.BMA.02,2026-10-09 15:15,0.05,,,,,,Normal,1.1
WL.BMK.01,2026-10-09 15:15,-1.61,,,,,,Normal,-1.29
WL.BNA.01,2026-10-09 15:15,-1.46,1.2,,0.0,0.0,,Normal,-1.15
WL.BNA.03,2026-10-09 15:15,-0.6,,,,,,Normal,-0.55
WL.BNA.04,2026-10-09 15:15,-0.49,,,,,,Normal,-0.42
WL.BNJ.01,2026-10-09 15:15,-1.02,,,,,,Normal,-0.93
WL.BNJ.02,2026-10-09 15:15,-1.34,,,,,,Normal,-1.16
WL.BNJ.04,2026-10-09 15:15,-1.2,,,,,,Normal,-1.05
WL.BNS.01,2026-10-09 15:15,0.52,,,,,,Normal,0.53
WL.BOA.01,2026-10-09 15:15,-1.3,1.34,,0.0,0.0,,Normal,-1.05
WL.BOA.02,2026-10-09 15:15,-1.37,,,,,,Normal,-1.02
WL.BOA.03,2026-10-09 15:15,-1.32,,,,,,Normal,-1.12
WL.BON.01,2026-10-09 15:15,-1.33,,,,,,Normal,-1.04
WL.BPA.01,2026-10-09 15:15,-0.64,,,,,,Normal,-0.54
WL.BPK.01,2026-10-09 15:15,0.19,,,,,,Normal,0.2
WL.BPM.01,2026-10-09 15:15,0.35,,,,,,Normal,0.47
WL.BPM.02,2026-10-09 15:15,0.47,,,,,,Normal,0.52
WL.BPM.03,2026-10-09 15:15,0.64,,,,,,Alert,0.64
WL.BPM.04,2026-10-09 15:15,0.6,,,,,,Alert,0.61
WL.BPN.02,2026-10-09 15:15,0.15,,,,,,Normal,0.17
WL.BPU.01,2026-10-09 15:15,1.13,,,,,,Normal,1.13
WL.BSE.01,2026-10-09 15:15,-1.58,,,,,,Normal,
WL.BSK.01,2026-10-09 15:15,-0.04,1.23,,0.0,0.0,,Normal,0.42
WL.BSU.01,2026-10-09 15:15,-0.87,1.56,,0.0,0.0,0.0,Normal,-0.85
WL.BSU.02,2026-10-09 15:15,-0.81,,,,,,Normal,-0.78
WL.BSU.03,2026-10-09 15:15,-1.28,,,,,,Normal,-1.25
WL.BSU.04,2026-10-09 15:15,-1.15,,,,,,Normal,-1.1
WL.BSU.05,2026-10-09 15:15,-1.28,,,,,,Normal,-1.24
WL.BSU.06,2026-10-09 15:15,-0.62,,,,,,Normal,-0.56
WL.BSU.07,2026-10-09 15:15,-0.43,,,,,,Normal,-0.43
WL.BTL.01,2026-10-09 15:15,-0.54,,,,,,Normal,-0.51
WL.BTY.01,2026-10-09 15:15,0.25,,,,,,Normal,0.36
WL.BWK.01,2026-10-09 15:15,0.36,,,,,,Normal,0.41
WL.BWK.02,2026-10-09 15:15,0.59,,,,,,Normal,0.61
WL.BWK.03,2026-10-09 15:15,0.66,,,,,,Normal,0.66
WL.BYI.01,2026-10-09 15:15,1.0,,,,,,Critical,1.0
WL.BYK.02,2026-10-09 15:15,0.12,,,,,,Normal,0.37
WL.CKS.01,2026-10-09 15:15,-1.46,,,0.0,0.0,,Normal,-1.16
WL.CKS.02,2026-10-09 15:15,-1.07,,,,,,Normal,-0.95
WL.CKS.03,2026-10-09 15:15,-1.19,,,,,,Normal,-1.12
WL.CLH.01,2026-10-09 15:15,-0.38,,,,,,Normal,
WL.CNS.01,2026-10-09 15:15,-1.78,1.22,,0.0,0.0,,Normal,-1.23
WL.CPA.01,2026-10-09 15:15,0.35,1.31,,0.0,3.52,,Normal,0.49
WL.CPA.02,2026-10-09 15:15,0.33,,,,,,Normal,0.39
WL.CYI.01,2026-10-09 15:15,-0.61,,,,,,Normal,-0.59
WL.CYI.03,2026-10-09 15:15,-0.51,,,,,,Normal,-0.5
WL.DKN.01,2026-10-09 15:15,0.28,1.28,,6.46,0.0,4.86,Normal,0.3
WL.FTM.01,2026-10-09 15:15,-1.08,,,,,,Normal,-1.06
WL.HKG.01,2026-10-09 15:15,-0.77,,,,,,Normal,-0.75
WL.HKG.02,2026-10-09 15:15,-0.71,,,,,,Normal,-0.69
WL.HMK.01,2026-10-09 15:15,-0.11,,,,,,Alert,0.0
WL.HMK.02,2026-10-09 15:15,-0.2,,,,,,Normal,-0.02
WL.HMK.03,2026-10-09 15:15,-0.08,,,,,,Normal,0.0
WL.JKK.01,2026-10-09 15:15,0.33,,,,,,Alert,0.39
WL.JRN.01,2026-10-09 15:15,0.09,1.21,,0.0,,,Normal,0.35
WL.KBU.01,2026-10-09 15:15,0.5,1.1,,0.0,,,Normal,0.6
WL.KBU.02,2026-10-09 15:15,0.53,,,,,,Normal,0.57
WL.KCD.01,2026-10-09 15:15,-1.04,,,,,,Normal,-1.0
WL.KDN.01,2026-10-09 15:15,-0.67,1.2,,0.0,,,Normal,-0.6
WL.KJA.01,2026-10-09 15:15,-0.7,,,,,,Normal,-0.69
WL.KJA.02,2026-10-09 15:15,-0.25,,,,,,Normal,-0.24
WL.KJG.01,2026-10-09 15:15,-0.43,,,,,,Normal,-0.18
WL.KJK.01,2026-10-09 15:15,-1.27,1.27,,0.0,0.0,,Normal,-1.15
WL.KJK.02,2026-10-09 15:15,-1.22,,,,,,Normal,-1.09
WL.KJN.01,2026-10-09 15:15,-0.19,,,,,,Alert,-0.11
WL.KJN.02,2026-10-09 15:15,-0.11,,,,,,Normal,-0.04
WL.KJT.01,2026-10-09 15:15,-1.19,,,,,,Normal,-0.51
WL.KJU.01,2026-10-09 15:15,-0.61,,,,,,Normal,-0.38
WL.KKD.01,2026-10-09 15:15,-0.45,,,,,,Normal,-0.41
WL.KKD.02,2026-10-09 15:15,-0.54,,,,,,Normal,-0.51
WL.KKD.03,2026-10-09 15:15,-0.53,,,,,,Normal,-0.5
WL.KKO.01,2026-10-09 15:15,1.61,,,,,,Alert,1.63
WL.KKS.01,2026-10-09 15:15,-0.84,1.39,,0.0,0.0,,Normal,-0.76
WL.KKS.02,2026-10-09 15:15,-0.8,,,,,,Normal,-0.73
WL.KKS.03,2026-10-09 15:15,-0.89,,,,,,Normal,-0.82
WL.KKS.04,2026-10-09 15:15,-0.85,1.28,,0.0,,,Normal,-0.78
WL.KKY.01,2026-10-09 15:15,0.68,,,,,,Normal,0.69
WL.KKY.02,2026-10-09 15:15,0.68,,,,,,Normal,0.69
WL.KLA.01,2026-10-09 15:15,-0.26,,,,,,Normal,0.39
WL.KLD.01,2026-10-09 15:15,-0.45,,,,,,Normal,-0.27
WL.KLD.02,2026-10-09 15:15,-0.4,,,,,,Normal,-0.19
WL.KLT.01,2026-10-09 15:15,-0.72,,,,,,Normal,-0.66
WL.KMN.01,2026-10-09 15:15,0.31,1.33,,0.1,6.2,0.0,Normal,0.42
WL.KNB.01,2026-10-09 15:15,-0.8,,,,,,Normal,-0.79
WL.KNB.02,2026-10-09 15:15,-0.38,,,,,,Normal,-0.36
WL.KPG.01,2026-10-09 15:15,-1.1,,,,,,Normal,-0.99
WL.KPM.01,2026-10-09 15:15,-0.33,,,,,,Normal,-0.25
WL.KPM.03,2026-10-09 15:15,-0.11,,,,,,Normal,-0.02
WL.KPM.05,2026-10-09 15:15,0.44,,,,,,Normal,0.54
WL.KPM.06,2026-10-09 15:15,0.4,,,,,,Normal,0.53
WL.KPM.08,2026-10-09 15:15,0.44,,,,,,Normal,0.53
WL.KSG.01,2026-10-09 15:15,0.71,,,,,,Normal,0.79
WL.KSI.01,2026-10-09 15:15,0.8,,,,,,Alert,0.84
WL.KSI.02,2026-10-09 15:15,0.82,,,,,,Critical,0.85
WL.KSK.01,2026-10-09 15:15,-0.59,,,,,,Normal,-0.56
WL.KSM.01,2026-10-09 15:15,0.82,,,,,,Critical,0.85
WL.KSM.02,2026-10-09 15:15,0.77,,,,,,Critical,0.81
WL.KSO.01,2026-10-09 15:15,0.78,,,,,,Normal,0.8
WL.KSO.02,2026-10-09 15:15,0.82,,,,,,Normal,0.85
WL.KT4.01,2026-10-09 15:15,0.51,,,,,,Critical,0.54
WL.KTY.01,2026-10-09 15:15,-2.18,1.25,,0.0,,,Normal,-1.35
WL.LBK.02,2026-10-09 15:15,0.54,,,,,,Critical,0.58
WL.LBK.03,2026-10-09 15:15,0.44,,,,,,Critical,0.5
WL.LCL.01,2026-10-09 15:15,0.61,,,,,,Normal,0.67
WL.LCL.02,2026-10-09 15:15,0.35,,,,,,Normal,0.49
WL.LKB.01,2026-10-09 15:15,0.68,,,,,,Critical,0.74
WL.LOA.01,2026-10-09 15:15,0.51,,,,,,Normal,0.9
WL.LOA.02,2026-10-09 15:15,0.75,,,,,,Normal,0.84
WL.LPC.01,2026-10-09 15:15,1.1,,,,,,Critical,1.12
WL.LPG.02,2026-10-09 15:15,1.0,1.75,,0.0,,,Critical,1.02
WL.LPG.03,2026-10-09 15:15,0.95,,,,,,Critical,0.97
WL.LPN.01,2026-10-09 15:15,-0.81,0.54,,0.0,,,Normal,-0.63
WL.LPP.01,2026-10-09 15:15,-1.27,,,,,,Normal,-0.95
WL.LPP.02,2026-10-09 15:15,-0.76,,,,,,Normal,
WL.LPT.01,2026-10-09 15:15,1.22,,,,,,Critical,1.22
WL.LPT.03,2026-10-09 15:15,0.88,,,,,,Critical,0.91
WL.LPW.01,2026-10-09 15:15,-0.26,-0.32,,0.0,,,Normal,-0.26
WL.LPW.03,2026-10-09 15:15,0.22,,,,,,Normal,0.23
WL.LPW.04,2026-10-09 15:15,-0.52,,,,,,Normal,-0.51
WL.LPW.05,2026-10-09 15:15,-0.61,,,,,,Normal,-0.59
WL.LSM.01,2026-10-09 15:15,-0.61,,,,,,Normal,-0.57
WL.LYW.01,2026-10-09 15:15,-1.5,,,,,,Normal,-1.38
WL.LYW.02,2026-10-09 15:15,-1.46,,,,,,Normal,-1.43
WL.MCM.01,2026-10-09 15:15,0.24,,,,,,Normal,0.26
WL.MFS.01,2026-10-09 15:15,-0.73,,,,,,Normal,-0.72
WL.MKT.01,2026-10-09 15:15,-0.3,,,,,,Normal,-0.27
WL.MSW.01,2026-10-09 15:15,1.19,,,,,,Normal,1.52
WL.MSW.02,2026-10-09 15:15,1.1,,,,,,Normal,1.16
WL.MSW.03,2026-10-09 15:15,1.08,,,,,,Normal,1.37
WL.MSW.04,2026-10-09 15:15,0.94,,,,,,Normal,
WL.MTG.01,2026-10-09 15:15,-0.62,,,,,,Normal,-0.62
WL.NBN.01,2026-10-09 15:15,-3.89,-1.28,,0.0,,,Normal,-3.58
WL.NCH.02,2026-10-09 15:15,-0.8,,,,,,Normal,-0.33
WL.NK1.01,2026-10-09 15:15,-0.16,,,,,,Normal,0.02
WL.NK3.01,2026-10-09 15:15,-0.44,,,,,,Normal,-0.1
WL.NKW.02,2026-10-09 15:15,-0.26,,,,,,Normal,-0.26
WL.NSG.01,2026-10-09 15:15,-2.0,,,,,,Normal,-2.0
WL.OAG.01,2026-10-09 15:15,-0.89,,,,,,Normal,-0.82
WL.ORC.01,2026-10-09 15:15,-1.33,-0.76,,0.0,,,Normal,-1.33
WL.PKG.01,2026-10-09 15:15,1.29,,,,,,Normal,1.5
WL.PKN.01,2026-10-09 15:15,-0.81,1.35,,0.0,0.0,0.0,Normal,-0.68
WL.PLK.01,2026-10-09 15:15,0.97,,,,,,Normal,0.97
WL.PLP.01,2026-10-09 15:15,-0.4,,,,,,Normal,-0.38
WL.PNM.01,2026-10-09 15:15,0.34,,,,,,Critical,0.38
WL.PSC.01,2026-10-09 15:15,0.32,0.36,,0.0,0.0,0.0,Normal,0.39
WL.PSC.02,2026-10-09 15:15,0.3,,,,,,Normal,0.36
WL.PSC.03,2026-10-09 15:15,0.3,,,,,,Normal,0.36
WL.PSC.05,2026-10-09 15:15,0.35,,,,,,Normal,0.43
WL.PSI.01,2026-10-09 15:15,-1.34,,,,,,Normal,-1.27
WL.PSR.01,2026-10-09 15:15,1.07,1.8,,0.2,,,Critical,1.12
WL.PSR.02,2026-10-09 15:15,1.11,,,,,,Alert,1.15
WL.PSR.03,2026-10-09 15:15,1.08,,,,,,Alert,1.13
WL.PSR.04,2026-10-09 15:15,0.73,,,,,,Normal,0.78
WL.PSR.05,2026-10-09 15:15,0.76,,,,,,Alert,0.81
WL.PSR.06,2026-10-09 15:15,0.71,,,,,,Normal,0.71
WL.PST.01,2026-10-09 15:15,-0.9,,,,,,Normal,-0.9
WL.PWT.01,2026-10-09 15:15,-0.57,,,,,,Normal,-0.51
WL.PWT.02,2026-10-09 15:15,-0.03,,,,,,Normal,0.02
WL.PWT.03,2026-10-09 15:15,0.2,0.21,,5.84,5.9,,Critical,0.27
WL.PWT.06,2026-10-09 15:15,0.95,,,,,,Critical,0.98
WL.PWT.07,2026-10-09 15:15,0.94,,,,,,Critical,0.97
WL.PYW.01,2026-10-09 15:15,-0.95,,,,,,Normal,-0.7
WL.RJK.01,2026-10-09 15:15,0.19,0.19,,7.5,,,Normal,0.36
WL.RKC.01,2026-10-09 15:15,-0.99,,,,,,Normal,-0.74
WL.RMN.01,2026-10-09 15:15,0.53,,,,,,Normal,
WL.RMT.01,2026-10-09 15:15,-1.08,0.55,,0.0,0.0,,Normal,-0.25
WL.RMT.02,2026-10-09 15:15,-0.23,,,,,,Normal,-0.08
WL.RMT.03,2026-10-09 15:15,-2.0,,,,,,Normal,-2.0
WL.RSK.01,2026-10-09 15:15,0.4,,,,,,Normal,0.44
WL.SBR.01,2026-10-09 15:15,0.74,1.11,,0.0,,,Normal,0.91
WL.SBR.02,2026-10-09 15:15,0.66,,,,,,Normal,0.68
WL.SBT.01,2026-10-09 15:15,-0.27,0.16,,0.0,,,Normal,-0.09
WL.SCO.01,2026-10-09 15:15,0.01,,,,,,Normal,0.32
WL.SDN.01,2026-10-09 15:15,0.23,,,,,,Normal,0.23
WL.SKG.01,2026-10-09 15:15,-0.92,,,,,,Normal,-0.54
WL.SKT.01,2026-10-09 15:15,-0.83,,,,,,Normal,-0.55
WL.SKT.02,2026-10-09 15:15,-0.9,,,,,,Normal,-0.59
WL.SLL.01,2026-10-09 15:15,0.1,,,,,,Alert,0.13
WL.SMK.01,2026-10-09 15:15,-0.24,,,,,,Normal,-0.24
WL.SNC.01,2026-10-09 15:15,-0.26,0.72,,0.0,0.0,0.0,Normal,-0.16
WL.SNC.02,2026-10-09 15:15,0.29,,,,,,Normal,0.36
WL.SNC.03,2026-10-09 15:15,0.05,,,,,,Normal,0.08
WL.SNO.01,2026-10-09 15:15,-1.35,,,,,,Normal,-0.74
WL.SOL.01,2026-10-09 15:15,-0.64,,,,,,Normal,-0.62
WL.SRE.01,2026-10-09 15:15,-1.66,1.27,,0.0,0.0,,Normal,0.06
WL.SRG.01,2026-10-09 15:15,-0.2,1.0,,0.0,0.0,0.0,Normal,-0.2
WL.SSB.01,2026-10-09 15:15,-0.9,,,,,,Normal,-0.79
WL.SSB.03,2026-10-09 15:15,-0.59,,,,,,Normal,-0.45
WL.SSB.04,2026-10-09 15:15,-0.61,-0.62,,7.5,7.5,,Normal,-0.55
WL.SSB.06,2026-10-09 15:15,-0.43,,,,,,Normal,-0.22
WL.SSB.07,2026-10-09 15:15,0.03,,,,,,Normal,0.6
WL.SSB.08,2026-10-09 15:15,0.31,,,,,,Normal,0.34
WL.SSB.09,2026-10-09 15:15,0.56,1.1,,0.0,,,Critical,0.58
WL.SSB.10,2026-10-09 15:15,0.81,1.1,,3.65,,,Critical,0.82
WL.SSB.11,2026-10-09 15:15,1.23,,,,,,Critical,1.25
WL.SSB.12,2026-10-09 15:15,1.22,1.5,,0.0,,,Critical,1.24
WL.SSB.13,2026-10-09 15:15,1.89,,,,,,Critical,
WL.SSG.01,2026-10-09 15:15,1.57,,,,,,Alert,1.58
WL.SSM.01,2026-10-09 15:15,1.31,-99,,0.0,,,Critical,1.32
WL.SSM.02,2026-10-09 15:15,1.55,,,,,,Normal,
WL.SSN.01,2026-10-09 15:15,-1.06,1.42,,7.0,0.0,0.0,Normal,-1.05
WL.SSN.02,2026-10-09 15:15,-1.09,,,,,,Normal,-1.08
WL.SSN.04,2026-10-09 15:15,-1.22,,,,,,Normal,-1.18
WL.SSN.06,2026-10-09 15:15,-1.77,,,,,,Normal,-1.76
WL.SSN.07,2026-10-09 15:15,-1.02,,,,,,Normal,-1.0
WL.SSN.08,2026-10-09 15:15,-0.64,-0.62,,0.0,,,Normal,-0.62
WL.SSN.09,2026-10-09 15:15,-0.65,,,,,,Normal,-0.64
WL.SSN.10,2026-10-09 15:15,-0.62,,,,,,Normal,-0.61
WL.SST.01,2026-10-09 15:15,0.84,1.75,,0.32,,,Alert,0.91
WL.STN.01,2026-10-09 15:15,0.54,,,,,,Alert,0.54
WL.STN.02,2026-10-09 15:15,0.62,,,,,,Critical,0.66
WL.STN.03,2026-10-09 15:15,0.66,,,,,,Critical,0.72
WL.STR.01,2026-10-09 15:15,-1.02,0.22,1.22,0.0,0.0,0.0,Normal,-1.0
WL.SWA.01,2026-10-09 15:15,0.83,1.37,,0.43,,,Critical,0.86
WL.SWU.01,2026-10-09 15:15,-1.34,,,,,,Normal,-0.89
WL.TCG.01,2026-10-09 15:15,-0.86,,,,,,Normal,-0.84
WL.TPK.03,2026-10-09 15:15,0.47,,,,,,Critical,0.52
WL.TSK.01,2026-10-09 15:15,-1.81,,,,,,Normal,-1.8
WL.TTN.01,2026-10-09 15:15,-0.72,,,,,,Normal,-0.65
WL.TUT.02,2026-10-09 15:15,-0.64,,,,,,Normal,-0.22
WL.TWW.01,2026-10-09 15:15,0.78,1.02,,0.99,,,Normal,0.79
WL.TWW.02,2026-10-09 15:15,0.74,,,,,,Normal,0.75
WL.TWW.03,2026-10-09 15:15,0.72,,,,,,Critical,0.73
WL.TWW.04,2026-10-09 15:15,0.7,,,,,,Normal,0.7
WL.TWW.05,2026-10-09 15:15,0.4,,,,,,Normal,0.45
WL.VPD.01,2026-10-09 15:15,-1.08,,,,,,Normal,-1.0
WL.VPD.02,2026-10-09 15:15,-1.04,,,,,,Normal,-0.96
WL.VPD.03,2026-10-09 15:15,-1.29,,,,,,Normal,-1.29
WL.VPV.01,2026-10-09 15:15,-1.49,,,0.0,,,Normal,-1.37
WL.WHK.01,2026-10-09 15:15,0.6,,,,,,Normal,0.8
WL.WKT.01,2026-10-09 15:15,0.35,,,,,,Normal,0.55
WL.WLS.01,2026-10-09 15:15,0.53,,,,,,Normal,0.61
WL.WSI.01,2026-10-09 15:15,-1.19,1.2,,0.0,0.0,0.0,Normal,-0.54
WL.WSV.01,2026-10-09 15:15,-0.07,,,,,,Normal,0.21
WL.WTK.01,2026-10-09 15:15,-0.77,,,,,,Normal,-0.43
WL.WTN.02,2026-10-09 15:15,-1.15,,,,,,Normal,-1.1
WL.YPE.01,2026-10-09 15:15,0.33,,,,,,Normal,0.39
WL.YPN.01,2026-10-09 15:15,-0.96,,,,,,Normal,-0.51
WL.YPN.02,2026-10-09 15:15,-1.65,,,,,,Normal,-0.57
WL.YSN.02,2026-10-09 15:15,-0.98,,,,,,Normal,-0.95
WL.LPI.02,2026-10-09 15:18,-0.05,,,,,,Normal,0.0
WL.LPI.02,2026-10-09 15:19,-0.05,,,,,,Normal,0.0
WL.KPM.04,2026-10-09 15:20,0.42,,,,,,Normal,0.49
WL.KPM.04,2026-10-09 15:25,0.42,,,,,,Normal,0.49
WL.KKD.04,2026-10-09 15:30,-0.48,,,,,,Normal,-0.45
WL.KKD.04,2026-10-09 15:35,-0.48,,,,,,Normal,-0.45
WL.KBU.02,2026-10-09 16:00,0.5,,,,,,temporarily out of order,0.57
WL.KJN.01,2026-10-09 16:05,-0.22,,,,,,temporarily out of order,-0.11
WL.ANG.01,2026-10-09 16:10,0.95,,,,,,Normal,
WL.BBU.02,2026-10-09 16:10,0.48,,,,,,Normal,
WL.BKH.01,2026-10-09 16:10,0.11,,,,,,Normal,
WL.BMD.01,2026-10-09 16:10,0.48,,,,,,Normal,
WL.BNJ.05,2026-10-09 16:10,-2.29,,,,,,Normal,
WL.BTL.02,2026-10-09 16:10,0.29,,,,,,Normal,
WL.CYI.02,2026-10-09 16:10,-0.59,,,,,,Normal,-0.57
WL.K08.01,2026-10-09 16:10,1.54,,,,,,Alert,
WL.K10.01,2026-10-09 16:10,1.62,,,,,,Alert,
WL.K11.01,2026-10-09 16:10,1.58,,,,,,Alert,
WL.KBP.01,2026-10-09 16:10,-0.64,,,,,,Normal,
WL.KHW.01,2026-10-09 16:10,1.71,,,,,,Normal,
WL.KKO.02,2026-10-09 16:10,1.56,,,,,,Alert,
WL.KPM.07,2026-10-09 16:10,0.39,,,,,,Normal,
WL.LPS.01,2026-10-09 16:10,0.79,,,,,,Normal,
WL.LPT.05,2026-10-09 16:10,1.28,,,,,,Normal,
WL.MKT.02,2026-10-09 16:10,-0.9,,,,,,Normal,
WL.NK3.02,2026-10-09 16:10,-0.75,,,,,,Normal,
WL.POC.01,2026-10-09 16:10,1.46,,,,,,Normal,
WL.PSC.06,2026-10-09 16:10,0.45,,,,,,Normal,
WL.RPS.01,2026-10-09 16:10,2.19,,,,,,Alert,
WL.SSB.13,2026-10-09 16:10,1.89,,,,,,Critical,
WL.SSG.02,2026-10-09 16:10,1.56,,,,,,Alert,
WL.SSM.02,2026-10-09 16:10,1.56,,,,,,Normal,
WL.STN.01,2026-10-09 16:10,0.54,,,,,,Alert,0.54
WL.SWA.02,2026-10-09 16:10,1.43,,,,,,Normal,
WL.AJP.01,2026-10-09 16:15,-1.09,,,,,,Normal,-0.48
WL.ANX.01,2026-10-09 16:15,-0.03,,,,,,Normal,0.02
WL.BAM.01,2026-10-09 16:15,0.26,,,,,,Normal,0.4
WL.BBN.01,2026-10-09 16:15,-0.11,,,,,,Normal,-0.05
WL.BBN.02,2026-10-09 16:15,0.09,,,,,,Normal,0.11
WL.BBN.03,2026-10-09 16:15,0.34,,,,,,Normal,0.37
WL.BBR.01,2026-10-09 16:15,0.17,,,,,,Normal,0.19
WL.BBR.02,2026-10-09 16:15,0.14,,,,,,Normal,0.15
WL.BBU.01,2026-10-09 16:15,0.43,,,,,,Normal,0.5
WL.BCN.01,2026-10-09 16:15,0.51,,,,,,Normal,0.53
WL.BCN.02,2026-10-09 16:15,0.49,,,,,,Normal,0.52
WL.BCN.03,2026-10-09 16:15,0.57,,,,,,Normal,0.58
WL.BJK.01,2026-10-09 16:15,-1.3,1.58,,0.0,0.0,,Normal,-1.06
WL.BJK.02,2026-10-09 16:15,0.45,,,,,,Normal,0.48
WL.BJK.03,2026-10-09 16:15,0.41,,,,,,Normal,0.45
WL.BJK.04,2026-10-09 16:15,0.48,,,,,,Normal,0.53
WL.BKA.01,2026-10-09 16:15,-1.43,1.85,,1.73,1.75,0.0,Normal,-1.24
WL.BKA.02,2026-10-09 16:15,-0.84,,,,,,Normal,-0.69
WL.BKA.03,2026-10-09 16:15,-0.39,,,,,,Normal,-0.27
WL.BKA.04,2026-10-09 16:15,0.07,,,,,,Normal,0.16
WL.BKB.01,2026-10-09 16:15,-0.38,,,,,,Normal,-0.33
WL.BKG.01,2026-10-09 16:15,0.65,-2.0,,0.0,,,Critical,0.69
WL.BKK.01,2026-10-09 16:15,0.5,,,,,,Normal,
WL.BKT.01,2026-10-09 16:15,-0.6,,,,,,Normal,-0.26
WL.BKY.01,2026-10-09 16:15,0.28,1.72,,0.0,2.27,0.0,Normal,0.43
WL.BKY.02,2026-10-09 16:15,0.42,,,,,,Normal,0.47
WL.BLP.02,2026-10-09 16:15,-0.82,,,,,,Normal,-0.77
WL.BLY.01,2026-10-09 16:15,-0.46,,,,,,Normal,-0.43
WL.BLY.02,2026-10-09 16:15,-0.54,,,,,,Normal,-0.52
WL.BMA.02,2026-10-09 16:15,0.23,,,,,,Normal,1.1
WL.BMK.01,2026-10-09 16:15,-1.64,,,,,,Normal,-1.29
WL.BNA.01,2026-10-09 16:15,-1.65,1.53,,0.0,0.0,,Normal,-1.15
WL.BNA.03,2026-10-09 16:15,-0.61,,,,,,Normal,-0.55
WL.BNA.04,2026-10-09 16:15,-0.49,,,,,,Normal,-0.42
WL.BNJ.01,2026-10-09 16:15,-1.02,,,,,,Normal,-0.93
WL.BNJ.02,2026-10-09 16:15,-2.93,,,,,,Normal,-1.16
WL.BNJ.04,2026-10-09 16:15,-1.26,,,,,,Normal,-1.05
WL.BNS.01,2026-10-09 16:15,0.52,,,,,,Normal,0.53
WL.BOA.01,2026-10-09 16:15,-1.33,1.73,,0.0,0.0,,Normal,-1.05
WL.BOA.02,2026-10-09 16:15,-1.34,,,,,,Normal,-1.02
WL.BOA.03,2026-10-09 16:15,-1.28,,,,,,Normal,-1.12
WL.BON.01,2026-10-09 16:15,-1.31,,,,,,Normal,-1.04
WL.BPA.01,2026-10-09 16:15,-0.62,,,,,,Normal,-0.54
WL.BPK.01,2026-10-09 16:15,0.19,,,,,,Normal,0.2
WL.BPM.01,2026-10-09 16:15,0.35,,,,,,Normal,0.47
WL.BPM.02,2026-10-09 16:15,0.46,,,,,,Normal,0.52
WL.BPM.03,2026-10-09 16:15,0.63,,,,,,Alert,0.64
WL.BPM.04,2026-10-09 16:15,0.6,,,,,,Alert,0.61
WL.BPN.02,2026-10-09 16:15,0.15,,,,,,Normal,0.17
WL.BPU.01,2026-10-09 16:15,1.39,,,,,,Normal,1.39
WL.BSE.01,2026-10-09 16:15,-1.57,,,,,,Normal,
WL.BSK.01,2026-10-09 16:15,0.1,1.63,,0.0,0.0,,Normal,0.42
WL.BSU.01,2026-10-09 16:15,-0.9,1.85,,0.0,0.0,0.0,Normal,-0.85
WL.BSU.02,2026-10-09 16:15,-0.8,,,,,,Normal,-0.78
WL.BSU.03,2026-10-09 16:15,-1.39,,,,,,Normal,-1.24
WL.BSU.04,2026-10-09 16:15,-0.33,,,,,,Normal,-0.33
WL.BSU.05,2026-10-09 16:15,-1.29,,,,,,Normal,-1.24
WL.BSU.06,2026-10-09 16:15,-0.62,,,,,,Normal,-0.56
WL.BSU.07,2026-10-09 16:15,-0.43,,,,,,Normal,-0.41
WL.BTL.01,2026-10-09 16:15,-0.54,,,,,,Normal,-0.51
WL.BTY.01,2026-10-09 16:15,0.28,,,,,,Normal,0.36
WL.BWK.01,2026-10-09 16:15,0.36,,,,,,Normal,0.41
WL.BWK.02,2026-10-09 16:15,0.58,,,,,,Normal,0.61
WL.BWK.03,2026-10-09 16:15,0.66,,,,,,Normal,0.66
WL.BYI.01,2026-10-09 16:15,1.0,,,,,,Critical,1.0
WL.BYK.02,2026-10-09 16:15,0.21,,,,,,Normal,0.37
WL.CKS.01,2026-10-09 16:15,-1.46,,,0.0,0.0,,Normal,-1.16
WL.CKS.02,2026-10-09 16:15,-1.08,,,,,,Normal,-0.95
WL.CKS.03,2026-10-09 16:15,-1.2,,,,,,Normal,-1.12
WL.CLH.01,2026-10-09 16:15,-0.38,,,,,,Normal,
WL.CNS.01,2026-10-09 16:15,-1.74,1.56,,0.0,0.0,,Normal,-1.23
WL.CPA.01,2026-10-09 16:15,0.35,1.61,,0.0,4.76,,Normal,0.49
WL.CPA.02,2026-10-09 16:15,0.32,,,,,,Normal,0.39
WL.CYI.01,2026-10-09 16:15,-0.61,,,,,,Normal,-0.59
WL.CYI.03,2026-10-09 16:15,-0.5,,,,,,Normal,-0.5
WL.DKN.01,2026-10-09 16:15,0.28,1.56,,0.0,3.68,0.0,Normal,0.3
WL.FTM.01,2026-10-09 16:15,-1.08,,,,,,Normal,-1.06
WL.HKG.01,2026-10-09 16:15,-0.77,,,,,,Normal,-0.75
WL.HKG.02,2026-10-09 16:15,-0.71,,,,,,Normal,-0.69
WL.HMK.01,2026-10-09 16:15,-0.12,,,,,,Alert,0.0
WL.HMK.02,2026-10-09 16:15,-0.26,,,,,,Normal,-0.02
WL.HMK.03,2026-10-09 16:15,-0.09,,,,,,Normal,0.0
WL.JKK.01,2026-10-09 16:15,0.33,,,,,,Alert,0.39
WL.JRN.01,2026-10-09 16:15,0.24,1.62,,0.0,,,Normal,0.35
WL.KBU.01,2026-10-09 16:15,0.45,1.32,,0.0,,,Normal,0.6
WL.KCD.01,2026-10-09 16:15,-1.04,,,,,,Normal,-1.0
WL.KDN.01,2026-10-09 16:15,-0.66,1.57,,0.0,,,Normal,-0.6
WL.KJA.01,2026-10-09 16:15,-0.68,,,,,,Normal,-0.49
WL.KJA.02,2026-10-09 16:15,-0.26,,,,,,Normal,-0.24
WL.KJG.01,2026-10-09 16:15,-0.46,,,,,,Normal,-0.18
WL.KJK.01,2026-10-09 16:15,-1.25,1.61,,0.0,0.0,,Normal,-1.15
WL.KJK.02,2026-10-09 16:15,-1.19,,,,,,Normal,-1.09
WL.KJN.02,2026-10-09 16:15,-0.13,,,,,,Normal,-0.04
WL.KJT.01,2026-10-09 16:15,-1.21,,,,,,Normal,-0.51
WL.KJU.01,2026-10-09 16:15,-0.73,,,,,,Normal,-0.38
WL.KKD.01,2026-10-09 16:15,-0.45,,,,,,Normal,-0.41
WL.KKD.02,2026-10-09 16:15,-0.54,,,,,,Normal,-0.51
WL.KKD.03,2026-10-09 16:15,-0.53,,,,,,Normal,-0.5
WL.KKO.01,2026-10-09 16:15,1.62,,,,,,Alert,1.63
WL.KKS.01,2026-10-09 16:15,-0.83,1.71,,0.0,0.0,,Normal,-0.76
WL.KKS.02,2026-10-09 16:15,-0.78,,,,,,Normal,-0.73
WL.KKS.03,2026-10-09 16:15,-0.85,,,,,,Normal,-0.82
WL.KKS.04,2026-10-09 16:15,-0.82,1.5,,0.0,,,Normal,-0.78
WL.KKY.01,2026-10-09 16:15,0.67,,,,,,Normal,0.69
WL.KKY.02,2026-10-09 16:15,0.67,,,,,,Normal,0.69
WL.KLA.01,2026-10-09 16:15,-0.27,,,,,,Normal,0.39
WL.KLD.01,2026-10-09 16:15,-0.45,,,,,,Normal,-0.27
WL.KLD.02,2026-10-09 16:15,-0.41,,,,,,Normal,-0.19
WL.KLT.01,2026-10-09 16:15,-0.69,,,,,,Normal,-0.66
WL.KMN.01,2026-10-09 16:15,0.31,1.68,,0.11,5.18,0.0,Normal,0.42
WL.KNB.01,2026-10-09 16:15,-0.81,,,,,,Normal,-0.79
WL.KNB.02,2026-10-09 16:15,-0.39,,,,,,Normal,-0.36
WL.KPG.01,2026-10-09 16:15,-1.05,,,,,,Normal,-0.99
WL.KPM.01,2026-10-09 16:15,-0.33,,,,,,Normal,-0.25
WL.KPM.03,2026-10-09 16:15,-0.12,,,,,,Normal,-0.02
WL.KPM.04,2026-10-09 16:15,0.32,,,,,,Normal,0.49
WL.KPM.05,2026-10-09 16:15,0.44,,,,,,Normal,0.54
WL.KPM.06,2026-10-09 16:15,0.41,,,,,,Normal,0.53
WL.KPM.08,2026-10-09 16:15,0.42,,,,,,Normal,0.53
WL.KSG.01,2026-10-09 16:15,0.7,,,,,,Normal,0.79
WL.KSI.01,2026-10-09 16:15,0.8,,,,,,Alert,0.84
WL.KSI.02,2026-10-09 16:15,0.82,,,,,,Critical,0.85
WL.KSK.01,2026-10-09 16:15,-0.59,,,,,,Normal,-0.56
WL.KSM.01,2026-10-09 16:15,0.81,,,,,,Critical,0.85
WL.KSM.02,2026-10-09 16:15,0.77,,,,,,Critical,0.81
WL.KSO.01,2026-10-09 16:15,0.78,,,,,,Normal,0.8
WL.KSO.02,2026-10-09 16:15,0.83,,,,,,Normal,0.85
WL.KT4.01,2026-10-09 16:15,0.51,,,,,,Critical,0.54
WL.KTY.01,2026-10-09 16:15,-2.16,1.54,,0.0,,,Normal,-1.35
WL.LBK.02,2026-10-09 16:15,0.53,,,,,,Critical,0.58
WL.LBK.03,2026-10-09 16:15,0.44,,,,,,Critical,0.5
WL.LCL.01,2026-10-09 16:15,0.61,,,,,,Normal,0.67
WL.LCL.02,2026-10-09 16:15,0.35,,,,,,Normal,0.49
WL.LKB.01,2026-10-09 16:15,0.68,,,,,,Critical,0.74
WL.LOA.01,2026-10-09 16:15,0.66,,,,,,Normal,0.9
WL.LOA.02,2026-10-09 16:15,0.74,,,,,,Normal,0.84
WL.LPC.01,2026-10-09 16:15,1.1,,,,,,Critical,1.12
WL.LPG.02,2026-10-09 16:15,1.0,1.75,,0.0,,,Critical,1.02
WL.LPG.03,2026-10-09 16:15,0.94,,,,,,Critical,0.97
WL.LPN.01,2026-10-09 16:15,-0.87,0.69,,0.0,,,Normal,-0.63
WL.LPP.01,2026-10-09 16:15,-1.3,,,,,,Normal,-0.95
WL.LPP.02,2026-10-09 16:15,-0.73,,,,,,Normal,
WL.LPT.01,2026-10-09 16:15,1.22,,,,,,Critical,1.22
WL.LPT.03,2026-10-09 16:15,0.88,,,,,,Critical,0.91
WL.LPW.01,2026-10-09 16:15,-0.28,-0.33,,0.0,,,Normal,-0.26
WL.LPW.03,2026-10-09 16:15,0.22,,,,,,Normal,0.23
WL.LPW.04,2026-10-09 16:15,-0.51,,,,,,Normal,-0.51
WL.LPW.05,2026-10-09 16:15,-0.59,,,,,,Normal,-0.59
WL.LSM.01,2026-10-09 16:15,-0.61,,,,,,Normal,-0.57
WL.LYW.01,2026-10-09 16:15,-1.49,,,,,,Normal,-1.38
WL.LYW.02,2026-10-09 16:15,-1.46,,,,,,Normal,-1.43
WL.MCM.01,2026-10-09 16:15,0.23,,,,,,Normal,0.26
WL.MFS.01,2026-10-09 16:15,-0.73,,,,,,Normal,-0.72
WL.MKT.01,2026-10-09 16:15,-0.3,,,,,,Normal,-0.27
WL.MSW.01,2026-10-09 16:15,1.44,,,,,,Normal,1.52
WL.MSW.02,2026-10-09 16:15,1.11,,,,,,Normal,1.16
WL.MSW.03,2026-10-09 16:15,1.33,,,,,,Normal,1.37
WL.MSW.04,2026-10-09 16:15,0.94,,,,,,Normal,
WL.MTG.01,2026-10-09 16:15,-0.62,,,,,,Normal,-0.62
WL.NBN.01,2026-10-09 16:15,-3.9,-1.31,,0.0,,,Normal,-3.58
WL.NCH.02,2026-10-09 16:15,-0.47,,,,,,Normal,-0.33
WL.NK1.01,2026-10-09 16:15,-0.1,,,,,,Normal,0.02
WL.NK3.01,2026-10-09 16:15,-0.46,,,,,,Normal,-0.1
WL.NKW.02,2026-10-09 16:15,-0.27,,,,,,Normal,-0.26
WL.NSG.01,2026-10-09 16:15,-2.0,,,,,,Normal,-2.0
WL.OAG.01,2026-10-09 16:15,-0.86,,,,,,Normal,-0.82
WL.ORC.01,2026-10-09 16:15,-1.34,-0.74,,0.0,,,Normal,-1.33
WL.PKG.01,2026-10-09 16:15,1.67,,,,,,Normal,1.67
WL.PKN.01,2026-10-09 16:15,-0.81,1.68,,0.0,0.0,0.0,Normal,-0.68
WL.PLK.01,2026-10-09 16:15,1.18,,,,,,Normal,1.18
WL.PLP.01,2026-10-09 16:15,-0.41,,,,,,Normal,-0.38
WL.PNM.01,2026-10-09 16:15,0.33,,,,,,Critical,0.38
WL.PSC.01,2026-10-09 16:15,0.32,0.36,,0.0,0.0,0.0,Normal,0.39
WL.PSC.02,2026-10-09 16:15,0.3,,,,,,Normal,0.36
WL.PSC.03,2026-10-09 16:15,0.31,,,,,,Normal,0.36
WL.PSC.05,2026-10-09 16:15,0.37,,,,,,Normal,0.43
WL.PSI.01,2026-10-09 16:15,-1.27,,,,,,Normal,-1.27
WL.PSR.01,2026-10-09 16:15,1.07,1.8,,0.2,,,Critical,1.12
WL.PSR.02,2026-10-09 16:15,1.1,,,,,,Alert,1.15
WL.PSR.03,2026-10-09 16:15,1.08,,,,,,Alert,1.13
WL.PSR.04,2026-10-09 16:15,0.73,,,,,,Normal,0.78
WL.PSR.05,2026-10-09 16:15,0.76,,,,,,Alert,0.81
WL.PSR.06,2026-10-09 16:15,0.71,,,,,,Normal,0.71
WL.PST.01,2026-10-09 16:15,-0.9,,,,,,Normal,-0.9
WL.PWT.01,2026-10-09 16:15,-0.57,,,,,,Normal,-0.51
WL.PWT.02,2026-10-09 16:15,-0.03,,,,,,Normal,0.02
WL.PWT.03,2026-10-09 16:15,0.2,0.22,,5.84,5.9,,Critical,0.27
WL.PWT.04,2026-10-09 16:15,0.53,0.57,,4.94,,,Alert,0.59
WL.PWT.06,2026-10-09 16:15,0.95,,,,,,Critical,0.98
WL.PWT.07,2026-10-09 16:15,0.93,,,,,,Critical,0.97
WL.PYW.01,2026-10-09 16:15,-0.89,,,,,,Normal,-0.7
WL.RHN.01,2026-10-09 16:15,-1.11,-0.16,,0.0,,,Normal,-0.77
WL.RJK.01,2026-10-09 16:15,0.21,0.21,,7.5,,,Normal,0.36
WL.RKC.01,2026-10-09 16:15,-1.01,,,,,,Normal,-0.74
WL.RMN.01,2026-10-09 16:15,0.53,,,,,,Normal,
WL.RMT.01,2026-10-09 16:15,-1.06,0.66,,0.0,0.0,,Normal,-0.25
WL.RMT.02,2026-10-09 16:15,-0.23,,,,,,Normal,-0.08
WL.RMT.03,2026-10-09 16:15,-2.0,,,,,,Normal,-2.0
WL.RSK.01,2026-10-09 16:15,0.4,,,,,,Normal,0.44
WL.SBR.01,2026-10-09 16:15,0.74,1.09,,0.0,,,Normal,0.91
WL.SBR.02,2026-10-09 16:15,0.66,,,,,,Normal,0.68
WL.SBT.01,2026-10-09 16:15,-0.26,0.13,,0.0,,,Normal,-0.09
WL.SCO.01,2026-10-09 16:15,0.05,,,,,,Normal,0.32
WL.SDN.01,2026-10-09 16:15,0.23,,,,,,Normal,0.23
WL.SKG.01,2026-10-09 16:15,-0.9,,,,,,Normal,-0.54
WL.SKT.01,2026-10-09 16:15,-0.84,,,,,,Normal,-0.55
WL.SKT.02,2026-10-09 16:15,-1.08,,,,,,Normal,-0.59
WL.SLL.01,2026-10-09 16:15,0.09,,,,,,Normal,0.13
WL.SMK.01,2026-10-09 16:15,-0.24,,,,,,Normal,-0.24
WL.SNC.01,2026-10-09 16:15,-0.37,0.78,,0.0,0.0,0.0,Normal,-0.16
WL.SNC.02,2026-10-09 16:15,0.29,,,,,,Normal,0.36
WL.SNC.03,2026-10-09 16:15,0.01,,,,,,Normal,0.08
WL.SNO.01,2026-10-09 16:15,-1.44,,,,,,Normal,-0.74
WL.SOL.01,2026-10-09 16:15,-0.64,,,,,,Normal,-0.62
WL.SRE.01,2026-10-09 16:15,-1.23,1.67,,0.0,0.0,,Normal,0.06
WL.SRG.01,2026-10-09 16:15,-0.44,1.44,,0.0,0.0,0.0,Normal,-0.17
WL.SSB.01,2026-10-09 16:15,-0.84,,,,,,Normal,-0.79
WL.SSB.03,2026-10-09 16:15,-0.59,,,,,,Normal,-0.44
WL.SSB.04,2026-10-09 16:15,-0.61,-0.6,,7.5,7.5,,Normal,-0.54
WL.SSB.06,2026-10-09 16:15,-0.37,,,,,,Normal,-0.22
WL.SSB.07,2026-10-09 16:15,0.04,,,,,,Normal,0.6
WL.SSB.08,2026-10-09 16:15,0.32,,,,,,Normal,0.34
WL.SSB.09,2026-10-09 16:15,0.56,1.1,,0.0,,,Critical,0.58
WL.SSB.10,2026-10-09 16:15,0.82,1.08,,3.65,,,Critical,0.82
WL.SSB.11,2026-10-09 16:15,1.23,,,,,,Critical,1.25
WL.SSB.12,2026-10-09 16:15,1.22,1.5,,0.0,,,Critical,1.24
WL.SSG.01,2026-10-09 16:15,1.57,,,,,,Alert,1.58
WL.SSM.01,2026-10-09 16:15,1.31,-99,,0.0,,,Critical,1.32
WL.SSN.01,2026-10-09 16:15,-1.06,1.76,,7.0,0.0,0.0,Normal,-1.05
WL.SSN.02,2026-10-09 16:15,-1.09,,,,,,Normal,-1.08
WL.SSN.04,2026-10-09 16:15,-1.22,,,,,,Normal,-1.18
WL.SSN.06,2026-10-09 16:15,-1.77,,,,,,Normal,-1.76
WL.SSN.07,2026-10-09 16:15,-1.03,,,,,,Normal,-1.0
WL.SSN.08,2026-10-09 16:15,-0.63,-0.6,,0.0,,,Normal,-0.62
WL.SSN.09,2026-10-09 16:15,-0.64,,,,,,Normal,-0.64
WL.SSN.10,2026-10-09 16:15,-0.62,,,,,,Normal,-0.61
WL.SST.01,2026-10-09 16:15,0.83,1.75,,0.32,,,Alert,0.91
WL.STN.02,2026-10-09 16:15,0.62,,,,,,Critical,0.66
WL.STN.03,2026-10-09 16:15,0.66,,,,,,Critical,0.72
WL.STR.01,2026-10-09 16:15,-1.01,0.24,1.6,0.0,0.0,0.0,Normal,-1.0
WL.SWA.01,2026-10-09 16:15,0.83,1.37,,0.44,,,Critical,0.86
WL.SWU.01,2026-10-09 16:15,-1.54,,,,,,Normal,-0.89
WL.TCG.01,2026-10-09 16:15,-0.87,,,,,,Normal,-0.84
WL.TPK.03,2026-10-09 16:15,0.46,,,,,,Critical,0.52
WL.TSK.01,2026-10-09 16:15,-1.8,,,,,,Normal,-1.8
WL.TTN.01,2026-10-09 16:15,-0.72,,,,,,Normal,-0.65
WL.TUT.02,2026-10-09 16:15,-0.58,,,,,,Normal,-0.22
WL.TWW.01,2026-10-09 16:15,0.79,1.05,,0.99,,,Normal,0.79
WL.TWW.02,2026-10-09 16:15,0.75,,,,,,Normal,0.75
WL.TWW.03,2026-10-09 16:15,0.72,,,,,,Critical,0.73
WL.TWW.04,2026-10-09 16:15,0.7,,,,,,Normal,0.7
WL.TWW.05,2026-10-09 16:15,0.41,,,,,,Normal,0.45
WL.VPD.01,2026-10-09 16:15,-1.09,,,,,,Normal,-1.0
WL.VPD.02,2026-10-09 16:15,-1.08,,,,,,Normal,-0.96
WL.VPD.03,2026-10-09 16:15,-1.29,,,,,,Normal,-1.29
WL.VPV.01,2026-10-09 16:15,-2.19,,,0.0,,,Normal,-1.37
WL.WHK.01,2026-10-09 16:15,0.68,,,,,,Normal,0.8
WL.WKT.01,2026-10-09 16:15,0.21,,,,,,Normal,0.55
WL.WLS.01,2026-10-09 16:15,0.51,,,,,,Normal,0.61
WL.WSI.01,2026-10-09 16:15,-1.73,1.59,,0.0,0.0,0.0,Normal,-0.54
WL.WSV.01,2026-10-09 16:15,-0.07,,,,,,Normal,0.21
WL.WTK.01,2026-10-09 16:15,-0.74,,,,,,Normal,-0.43
WL.WTN.02,2026-10-09 16:15,-1.14,,,,,,Normal,-1.1
WL.YPE.01,2026-10-09 16:15,0.33,,,,,,Normal,0.39
WL.YPN.01,2026-10-09 16:15,-0.97,,,,,,Normal,-0.51
WL.YPN.02,2026-10-09 16:15,-1.67,,,,,,Normal,-0.57
WL.YSN.02,2026-10-09 16:15,-0.98,,,,,,Normal,-0.95
WL.LPI.02,2026-10-09 16:19,-0.04,,,,,,Normal,0.0
WL.KKD.04,2026-10-09 16:25,-0.48,,,,,,Normal,-0.45
WL.BNJ.01,2026-10-09 16:30,-1.02,,,,,,out of order,-0.93
WL.JKK.01,2026-10-09 16:35,0.33,,,,,,out of order,0.39
WL.SKG.01,2026-10-09 16:50,-0.9,,,,,,temporarily out of order,-0.54
WL.AJP.01,2026-10-09 17:00,-0.73,,,,,,backfill,
WL.ANX.01,2026-10-09 17:00,-0.02,,,,,,backfill,
WL.BAM.01,2026-10-09 17:00,0.28,,,,,,backfill,
WL.BBN.01,2026-10-09 17:00,-0.12,,,,,,backfill,
WL.BBN.02,2026-10-09 17:00,0.09,,,,,,backfill,
WL.BBN.03,2026-10-09 17:00,0.34,,,,,,backfill,
WL.BBR.01,2026-10-09 17:00,0.10,,,,,,backfill,
WL.BBR.02,2026-10-09 17:00,0.08,,,,,,backfill,
WL.BBU.01,2026-10-09 17:00,0.45,,,,,,backfill,
WL.BCN.01,2026-10-09 17:00,0.50,,,,,,backfill,
WL.BCN.02,2026-10-09 17:00,0.48,,,,,,backfill,
WL.BCN.03,2026-10-09 17:00,0.57,,,,,,backfill,
WL.BJK.01,2026-10-09 17:00,-1.39,1.72,,,,,backfill,
WL.BJK.02,2026-10-09 17:00,0.44,,,,,,backfill,
WL.BJK.03,2026-10-09 17:00,0.41,,,,,,backfill,
WL.BJK.04,2026-10-09 17:00,0.48,,,,,,backfill,
WL.BKA.01,2026-10-09 17:00,-1.88,2.02,,,,,backfill,
WL.BKA.02,2026-10-09 17:00,-0.84,,,,,,backfill,
WL.BKA.03,2026-10-09 17:00,-0.40,,,,,,backfill,
WL.BKA.04,2026-10-09 17:00,0.06,,,,,,backfill,
WL.BKB.01,2026-10-09 17:00,-0.35,,,,,,backfill,
WL.BKG.01,2026-10-09 17:00,0.66,-2.00,,,,,backfill,
WL.BKT.01,2026-10-09 17:00,-0.64,,,,,,backfill,
WL.BKY.01,2026-10-09 17:00,0.28,1.87,,,,,backfill,
WL.BKY.02,2026-10-09 17:00,0.41,,,,,,backfill,
WL.BLP.02,2026-10-09 17:00,-0.80,,,,,,backfill,
WL.BLY.01,2026-10-09 17:00,-0.46,,,,,,backfill,
WL.BLY.02,2026-10-09 17:00,-0.54,,,,,,backfill,
WL.BMA.02,2026-10-09 17:00,0.06,,,,,,backfill,
WL.BMK.01,2026-10-09 17:00,-1.71,,,,,,backfill,
WL.BNA.01,2026-10-09 17:00,-1.68,1.67,,,,,backfill,
WL.BNA.02,2026-10-09 17:00,,,,,,,backfill,
WL.BNA.03,2026-10-09 17:00,-0.61,,,,,,backfill,
WL.BNA.04,2026-10-09 17:00,-0.49,,,,,,backfill,
WL.BNJ.01,2026-10-09 17:00,,,,,,,backfill,
WL.BNJ.02,2026-10-09 17:00,-1.80,,,,,,backfill,
WL.BNJ.03,2026-10-09 17:00,,,,,,,backfill,
WL.BNJ.04,2026-10-09 17:00,-1.28,,,,,,backfill,
WL.BNS.01,2026-10-09 17:00,0.51,,,,,,backfill,
WL.BOA.01,2026-10-09 17:00,-1.29,1.81,,,,,backfill,
WL.BOA.02,2026-10-09 17:00,-1.36,,,,,,backfill,
WL.BOA.03,2026-10-09 17:00,-1.30,,,,,,backfill,
WL.BON.01,2026-10-09 17:00,-1.32,,,,,,backfill,
WL.BPA.01,2026-10-09 17:00,-0.63,,,,,,backfill,
WL.BPK.01,2026-10-09 17:00,0.18,,,,,,backfill,
WL.BPM.01,2026-10-09 17:00,0.34,,,,,,backfill,
WL.BPM.02,2026-10-09 17:00,0.45,,,,,,backfill,
WL.BPM.03,2026-10-09 17:00,0.62,,,,,,backfill,
WL.BPM.04,2026-10-09 17:00,0.60,,,,,,backfill,
WL.BPN.02,2026-10-09 17:00,0.15,,,,,,backfill,
WL.BPU.01,2026-10-09 17:00,1.35,,,,,,backfill,
WL.BSK.01,2026-10-09 17:00,0.19,1.75,,,,,backfill,
WL.BSU.01,2026-10-09 17:00,-0.93,2.02,,,,,backfill,
WL.BSU.02,2026-10-09 17:00,-0.84,,,,,,backfill,
WL.BSU.03,2026-10-09 17:00,-1.38,,,,,,backfill,
WL.BSU.04,2026-10-09 17:00,-0.33,,,,,,backfill,
WL.BSU.05,2026-10-09 17:00,-1.30,,,,,,backfill,
WL.BSU.06,2026-10-09 17:00,-0.98,,,,,,backfill,
WL.BSU.07,2026-10-09 17:00,-0.57,,,,,,backfill,
WL.BTL.01,2026-10-09 17:00,-0.55,,,,,,backfill,
WL.BTY.01,2026-10-09 17:00,0.25,,,,,,backfill,
WL.BWK.01,2026-10-09 17:00,0.36,,,,,,backfill,
WL.BWK.02,2026-10-09 17:00,0.58,,,,,,backfill,
WL.BWK.03,2026-10-09 17:00,0.66,,,,,,backfill,
WL.BYI.01,2026-10-09 17:00,1.00,,,,,,backfill,
WL.BYK.01,2026-10-09 17:00,,,,,,,backfill,
WL.BYK.02,2026-10-09 17:00,0.26,,,,,,backfill,
WL.CKS.01,2026-10-09 17:00,-1.46,,,,,,backfill,
WL.CKS.02,2026-10-09 17:00,-1.09,,,,,,backfill,
WL.CKS.03,2026-10-09 17:00,-1.21,,,,,,backfill,
WL.CNS.01,2026-10-09 17:00,-2.02,1.71,,,,,backfill,
WL.CPA.01,2026-10-09 17:00,0.34,1.75,,,,,backfill,
WL.CPA.02,2026-10-09 17:00,0.32,,,,,,backfill,
WL.CYI.01,2026-10-09 17:00,-0.60,,,,,,backfill,
WL.CYI.02,2026-10-09 17:00,-0.58,,,,,,backfill,
WL.CYI.03,2026-10-09 17:00,-0.50,,,,,,backfill,
WL.DKN.01,2026-10-09 17:00,0.27,1.79,,,,,backfill,
WL.FTM.01,2026-10-09 17:00,-1.38,,,,,,backfill,
WL.HKG.01,2026-10-09 17:00,-0.77,,,,,,backfill,
WL.HKG.02,2026-10-09 17:00,-0.71,,,,,,backfill,
WL.HMK.01,2026-10-09 17:00,-0.13,,,,,,backfill,
WL.HMK.02,2026-10-09 17:00,-0.31,,,,,,backfill,
WL.HMK.03,2026-10-09 17:00,-0.09,,,,,,backfill,
WL.JKK.01,2026-10-09 17:00,,,,,,,backfill,
WL.JRN.01,2026-10-09 17:00,0.24,1.74,,,,,backfill,
WL.KBU.01,2026-10-09 17:00,0.44,1.49,,,,,backfill,
WL.KBU.02,2026-10-09 17:00,0.48,,,,,,backfill,
WL.KCD.01,2026-10-09 17:00,-1.04,,,,,,backfill,
WL.KDN.01,2026-10-09 17:00,-0.67,1.70,,,,,backfill,
WL.KJA.01,2026-10-09 17:00,-0.69,,,,,,backfill,
WL.KJA.02,2026-10-09 17:00,-0.26,,,,,,backfill,
WL.KJG.01,2026-10-09 17:00,-0.37,,,,,,backfill,
WL.KJK.01,2026-10-09 17:00,-1.22,1.73,,,,,backfill,
WL.KJK.02,2026-10-09 17:00,-1.17,,,,,,backfill,
WL.KJN.01,2026-10-09 17:00,,,,,,,backfill,
WL.KJN.02,2026-10-09 17:00,-0.16,,,,,,backfill,
WL.KJT.01,2026-10-09 17:00,-1.20,,,,,,backfill,
WL.KJU.01,2026-10-09 17:00,-0.41,,,,,,backfill,
WL.KKD.01,2026-10-09 17:00,-0.45,,,,,,backfill,
WL.KKD.02,2026-10-09 17:00,-0.55,,,,,,backfill,
WL.KKD.03,2026-10-09 17:00,-0.57,,,,,,backfill,
WL.KKD.04,2026-10-09 17:00,-0.48,,,,,,backfill,
WL.KKO.01,2026-10-09 17:00,1.62,,,,,,backfill,
WL.KKS.01,2026-10-09 17:00,-0.77,1.87,,,,,backfill,
WL.KKS.02,2026-10-09 17:00,-0.74,,,,,,backfill,
WL.KKS.03,2026-10-09 17:00,-0.83,,,,,,backfill,
WL.KKS.04,2026-10-09 17:00,-0.77,1.50,,,,,backfill,
WL.KKY.01,2026-10-09 17:00,0.67,,,,,,backfill,
WL.KKY.02,2026-10-09 17:00,0.67,,,,,,backfill,
WL.KLA.01,2026-10-09 17:00,-0.27,,,,,,backfill,
WL.KLD.01,2026-10-09 17:00,-0.42,,,,,,backfill,
WL.KLD.02,2026-10-09 17:00,-0.35,,,,,,backfill,
WL.KLT.01,2026-10-09 17:00,-0.69,,,,,,backfill,
WL.KMN.01,2026-10-09 17:00,0.31,1.85,,,,,backfill,
WL.KNB.01,2026-10-09 17:00,-0.82,,,,,,backfill,
WL.KNB.02,2026-10-09 17:00,-0.39,,,,,,backfill,
WL.KPG.01,2026-10-09 17:00,-1.03,,,,,,backfill,
WL.KPM.01,2026-10-09 17:00,-0.33,,,,,,backfill,
WL.KPM.03,2026-10-09 17:00,-0.13,,,,,,backfill,
WL.KPM.04,2026-10-09 17:00,,,,,,,backfill,
WL.KPM.05,2026-10-09 17:00,0.40,,,,,,backfill,
WL.KPM.06,2026-10-09 17:00,0.39,,,,,,backfill,
WL.KPM.08,2026-10-09 17:00,0.42,,,,,,backfill,
WL.KPM.09,2026-10-09 17:00,,,,,,,backfill,
WL.KSG.01,2026-10-09 17:00,0.70,,,,,,backfill,
WL.KSI.01,2026-10-09 17:00,0.80,,,,,,backfill,
WL.KSI.02,2026-10-09 17:00,0.82,,,,,,backfill,
WL.KSK.01,2026-10-09 17:00,-0.59,,,,,,backfill,
WL.KSM.01,2026-10-09 17:00,0.81,,,,,,backfill,
WL.KSM.02,2026-10-09 17:00,0.76,,,,,,backfill,
WL.KSO.01,2026-10-09 17:00,0.78,,,,,,backfill,
WL.KSO.02,2026-10-09 17:00,0.83,,,,,,backfill,
WL.KT4.01,2026-10-09 17:00,0.51,,,,,,backfill,
WL.KTY.01,2026-10-09 17:00,-2.17,1.69,,,,,backfill,
WL.LBK.02,2026-10-09 17:00,0.53,,,,,,backfill,
WL.LBK.03,2026-10-09 17:00,0.44,,,,,,backfill,
WL.LCL.01,2026-10-09 17:00,0.61,,,,,,backfill,
WL.LCL.02,2026-10-09 17:00,0.37,,,,,,backfill,
WL.LKB.01,2026-10-09 17:00,0.68,,,,,,backfill,
WL.LOA.01,2026-10-09 17:00,0.73,,,,,,backfill,
WL.LOA.02,2026-10-09 17:00,0.74,,,,,,backfill,
WL.LPC.01,2026-10-09 17:00,1.10,,,,,,backfill,
WL.LPG.02,2026-10-09 17:00,1.00,1.75,,,,,backfill,
WL.LPG.03,2026-10-09 17:00,0.95,,,,,,backfill,
WL.LPI.02,2026-10-09 17:00,-0.05,,,,,,backfill,
WL.LPN.01,2026-10-09 17:00,-0.84,0.78,,,,,backfill,
WL.LPP.01,2026-10-09 17:00,-1.33,,,,,,backfill,
WL.LPT.01,2026-10-09 17:00,1.21,,,,,,backfill,
WL.LPT.03,2026-10-09 17:00,0.88,,,,,,backfill,
WL.LPW.01,2026-10-09 17:00,-0.29,-0.34,,,,,backfill,
WL.LPW.03,2026-10-09 17:00,0.21,,,,,,backfill,
WL.LPW.04,2026-10-09 17:00,-0.51,,,,,,backfill,
WL.LPW.05,2026-10-09 17:00,-0.57,,,,,,backfill,
WL.LSG.01,2026-10-09 17:00,-1.19,,,,,,backfill,
WL.LSM.01,2026-10-09 17:00,-0.61,,,,,,backfill,
WL.LYW.01,2026-10-09 17:00,-1.52,,,,,,backfill,
WL.LYW.02,2026-10-09 17:00,-1.46,,,,,,backfill,
WL.MCM.01,2026-10-09 17:00,0.23,,,,,,backfill,
WL.MFS.01,2026-10-09 17:00,-0.73,,,,,,backfill,
WL.MKT.01,2026-10-09 17:00,-0.30,,,,,,backfill,
WL.MSW.01,2026-10-09 17:00,1.61,,,,,,backfill,
WL.MSW.02,2026-10-09 17:00,1.11,,,,,,backfill,
WL.MSW.03,2026-10-09 17:00,1.52,,,,,,backfill,
WL.MTG.01,2026-10-09 17:00,-0.62,,,,,,backfill,
WL.NBN.01,2026-10-09 17:00,-3.92,-1.33,,,,,backfill,
WL.NCH.02,2026-10-09 17:00,-0.56,,,,,,backfill,
WL.NK1.01,2026-10-09 17:00,-0.06,,,,,,backfill,
WL.NK3.01,2026-10-09 17:00,-0.48,,,,,,backfill,
WL.NKW.02,2026-10-09 17:00,-0.27,,,,,,backfill,
WL.NSG.01,2026-10-09 17:00,-2.00,,,,,,backfill,
WL.OAG.01,2026-10-09 17:00,-0.83,,,,,,backfill,
WL.ORC.01,2026-10-09 17:00,-1.33,-0.74,,,,,backfill,
WL.PKG.01,2026-10-09 17:00,1.80,,,,,,backfill,
WL.PKN.01,2026-10-09 17:00,-0.83,1.78,,,,,backfill,
WL.PLK.01,2026-10-09 17:00,1.27,,,,,,backfill,
WL.PLP.01,2026-10-09 17:00,-0.41,,,,,,backfill,
WL.PNM.01,2026-10-09 17:00,0.32,,,,,,backfill,
WL.PSC.01,2026-10-09 17:00,0.31,0.34,,,,,backfill,
WL.PSC.02,2026-10-09 17:00,0.30,,,,,,backfill,
WL.PSC.03,2026-10-09 17:00,0.31,,,,,,backfill,
WL.PSC.05,2026-10-09 17:00,0.37,,,,,,backfill,
WL.PSI.01,2026-10-09 17:00,-1.22,,,,,,backfill,
WL.PSR.01,2026-10-09 17:00,1.07,1.79,,,,,backfill,
WL.PSR.02,2026-10-09 17:00,1.10,,,,,,backfill,
WL.PSR.03,2026-10-09 17:00,1.08,,,,,,backfill,
WL.PSR.04,2026-10-09 17:00,0.73,,,,,,backfill,
WL.PSR.05,2026-10-09 17:00,0.76,,,,,,backfill,
WL.PSR.06,2026-10-09 17:00,0.7,,,,,,temporarily out of order,0.71
WL.PST.01,2026-10-09 17:00,-0.90,,,,,,backfill,
WL.PWT.01,2026-10-09 17:00,-0.57,,,,,,backfill,
WL.PWT.02,2026-10-09 17:00,-0.04,,,,,,backfill,
WL.PWT.03,2026-10-09 17:00,0.20,0.21,,,,,backfill,
WL.PWT.04,2026-10-09 17:00,0.52,0.57,,,,,backfill,
WL.PWT.05,2026-10-09 17:00,,,,,,,backfill,
WL.PWT.06,2026-10-09 17:00,0.95,,,,,,backfill,
WL.PWT.07,2026-10-09 17:00,0.93,,,,,,backfill,
WL.PYW.01,2026-10-09 17:00,-0.85,,,,,,backfill,
WL.RHN.01,2026-10-09 17:00,-0.94,-0.46,,,,,backfill,
WL.RJK.01,2026-10-09 17:00,0.24,0.24,,,,,backfill,
WL.RKC.01,2026-10-09 17:00,-0.97,,,,,,backfill,
WL.RMT.01,2026-10-09 17:00,-1.06,0.72,,,,,backfill,
WL.RMT.02,2026-10-09 17:00,-0.24,,,,,,backfill,
WL.RSK.01,2026-10-09 17:00,0.41,,,,,,backfill,
WL.SBR.01,2026-10-09 17:00,0.74,1.10,,,,,backfill,
WL.SBR.02,2026-10-09 17:00,0.66,,,,,,backfill,
WL.SBT.01,2026-10-09 17:00,-0.48,0.14,,,,,backfill,
WL.SCO.01,2026-10-09 17:00,0.07,,,,,,backfill,
WL.SDN.01,2026-10-09 17:00,0.23,,,,,,backfill,
WL.SKG.01,2026-10-09 17:00,,,,,,,backfill,
WL.SKT.01,2026-10-09 17:00,-0.85,,,,,,backfill,
WL.SKT.02,2026-10-09 17:00,-1.06,,,,,,backfill,
WL.SLL.01,2026-10-09 17:00,,,,,,,backfill,
WL.SMK.01,2026-10-09 17:00,-0.24,,,,,,backfill,
WL.SNC.01,2026-10-09 17:00,-0.26,0.84,,,,,backfill,
WL.SNC.02,2026-10-09 17:00,0.28,,,,,,backfill,
WL.SNC.03,2026-10-09 17:00,0.03,,,,,,backfill,
WL.SNO.01,2026-10-09 17:00,-1.36,,,,,,backfill,
WL.SOL.01,2026-10-09 17:00,-0.64,,,,,,backfill,
WL.SRE.01,2026-10-09 17:00,-1.08,1.80,,,,,backfill,
WL.SRG.01,2026-10-09 17:00,-0.49,1.59,,,,,backfill,
WL.SSB.01,2026-10-09 17:00,-0.82,,,,,,backfill,
WL.SSB.03,2026-10-09 17:00,-0.54,,,,,,backfill,
WL.SSB.04,2026-10-09 17:00,-0.58,-0.60,,,,,backfill,
WL.SSB.06,2026-10-09 17:00,-0.38,,,,,,backfill,
WL.SSB.07,2026-10-09 17:00,0.04,,,,,,backfill,
WL.SSB.08,2026-10-09 17:00,0.32,,,,,,backfill,
WL.SSB.10,2026-10-09 17:00,,,,,,,backfill,
WL.SSB.11,2026-10-09 17:00,1.23,,,,,,backfill,
WL.SSB.12,2026-10-09 17:00,1.22,1.50,,,,,backfill,
WL.SSG.01,2026-10-09 17:00,1.57,,,,,,backfill,
WL.SSM.01,2026-10-09 17:00,1.32,,,,,,backfill,
WL.SSN.01,2026-10-09 17:00,-1.06,1.90,,,,,backfill,
WL.SSN.02,2026-10-09 17:00,-1.08,,,,,,backfill,
WL.SSN.04,2026-10-09 17:00,-1.21,,,,,,backfill,
WL.SSN.06,2026-10-09 17:00,-1.77,,,,,,backfill,
WL.SSN.07,2026-10-09 17:00,-1.02,,,,,,backfill,
WL.SSN.08,2026-10-09 17:00,-0.61,-0.60,,,,,backfill,
WL.SSN.09,2026-10-09 17:00,-0.63,,,,,,backfill,
WL.SSN.10,2026-10-09 17:00,-0.61,,,,,,backfill,
WL.SST.01,2026-10-09 17:00,0.83,1.75,,,,,backfill,
WL.STN.01,2026-10-09 17:00,0.54,,,,,,backfill,
WL.STN.02,2026-10-09 17:00,0.62,,,,,,backfill,
WL.STN.03,2026-10-09 17:00,0.66,,,,,,backfill,
WL.STR.01,2026-10-09 17:00,-1.00,0.22,1.73,,,,backfill,
WL.SWA.01,2026-10-09 17:00,0.83,1.37,,,,,backfill,
WL.SWU.01,2026-10-09 17:00,-1.69,,,,,,backfill,
WL.TCG.01,2026-10-09 17:00,-0.87,,,,,,backfill,
WL.TPK.02,2026-10-09 17:00,,,,,,,backfill,
WL.TPK.03,2026-10-09 17:00,0.46,,,,,,backfill,
WL.TSK.01,2026-10-09 17:00,-1.80,,,,,,backfill,
WL.TTN.01,2026-10-09 17:00,-0.73,,,,,,backfill,
WL.TUT.02,2026-10-09 17:00,-0.84,,,,,,backfill,
WL.TWW.01,2026-10-09 17:00,0.78,1.03,,,,,backfill,
WL.TWW.02,2026-10-09 17:00,0.75,,,,,,backfill,
WL.TWW.03,2026-10-09 17:00,0.72,,,,,,backfill,
WL.TWW.04,2026-10-09 17:00,0.70,,,,,,backfill,
WL.TWW.05,2026-10-09 17:00,0.41,,,,,,backfill,
WL.VPD.01,2026-10-09 17:00,-1.09,,,,,,backfill,
WL.VPD.02,2026-10-09 17:00,-1.10,,,,,,backfill,
WL.VPD.03,2026-10-09 17:00,-1.29,,,,,,backfill,
WL.VPV.01,2026-10-09 17:00,-2.03,,,,,,backfill,
WL.WHK.01,2026-10-09 17:00,0.75,,,,,,backfill,
WL.WKT.01,2026-10-09 17:00,-0.29,,,,,,backfill,
WL.WLS.01,2026-10-09 17:00,0.50,,,,,,backfill,
WL.WSI.01,2026-10-09 17:00,-1.20,1.73,,,,,backfill,
WL.WSV.01,2026-10-09 17:00,-0.05,,,,,,backfill,
WL.WTK.01,2026-10-09 17:00,-0.71,,,,,,backfill,
WL.WTN.02,2026-10-09 17:00,-1.13,,,,,,backfill,
WL.YPE.01,2026-10-09 17:00,0.33,,,,,,backfill,
WL.YPN.01,2026-10-09 17:00,-0.94,,,,,,backfill,
WL.YPN.02,2026-10-09 17:00,-1.36,,,,,,backfill,
WL.YSN.02,2026-10-09 17:00,-0.98,,,,,,backfill,
WL.ANG.01,2026-10-09 17:10,0.95,,,,,,Normal,
WL.BBU.02,2026-10-09 17:10,0.47,,,,,,Normal,
WL.BKH.01,2026-10-09 17:10,0.11,,,,,,Normal,
WL.BMD.01,2026-10-09 17:10,0.47,,,,,,Normal,
WL.BNJ.05,2026-10-09 17:10,-1.49,,,,,,Normal,
WL.BTL.02,2026-10-09 17:10,0.15,,,,,,Normal,
WL.CLH.01,2026-10-09 17:10,-0.34,,,,,,Normal,
WL.CYI.02,2026-10-09 17:10,-0.58,,,,,,Normal,-0.57
WL.K08.01,2026-10-09 17:10,1.54,,,,,,Alert,
WL.K10.01,2026-10-09 17:10,1.63,,,,,,Alert,
WL.K11.01,2026-10-09 17:10,1.58,,,,,,Alert,
WL.KBP.01,2026-10-09 17:10,-0.97,,,,,,Normal,
WL.KHW.01,2026-10-09 17:10,1.71,,,,,,Normal,
WL.KKO.02,2026-10-09 17:10,1.56,,,,,,Alert,
WL.KPM.07,2026-10-09 17:10,0.37,,,,,,Normal,
WL.LPS.01,2026-10-09 17:10,0.79,,,,,,Normal,
WL.LPT.05,2026-10-09 17:10,1.29,,,,,,Normal,
WL.LPW.04,2026-10-09 17:10,-0.5,,,,,,Normal,-0.5
WL.MKT.02,2026-10-09 17:10,-0.9,,,,,,Normal,
WL.NK3.02,2026-10-09 17:10,-0.69,,,,,,Normal,
WL.POC.01,2026-10-09 17:10,1.46,,,,,,Normal,
WL.PSC.06,2026-10-09 17:10,0.46,,,,,,Normal,
WL.RPS.01,2026-10-09 17:10,2.16,,,,,,Alert,
WL.SSB.13,2026-10-09 17:10,1.89,,,,,,Critical,
WL.SSG.02,2026-10-09 17:10,1.56,,,,,,Alert,
WL.SSM.02,2026-10-09 17:10,1.55,,,,,,Normal,
WL.STN.01,2026-10-09 17:10,0.54,,,,,,Alert,0.54
WL.SWA.02,2026-10-09 17:10,1.43,,,,,,Normal,
WL.AJP.01,2026-10-09 17:15,-0.56,,,,,,Normal,-0.48
WL.ANX.01,2026-10-09 17:15,-0.02,,,,,,Normal,0.02
WL.BAM.01,2026-10-09 17:15,0.26,,,,,,Normal,0.4
WL.BBN.01,2026-10-09 17:15,-0.12,,,,,,Normal,-0.05
WL.BBN.02,2026-10-09 17:15,0.09,,,,,,Normal,0.11
WL.BBN.03,2026-10-09 17:15,0.34,,,,,,Normal,0.37
WL.BBR.01,2026-10-09 17:15,0.09,,,,,,Normal,0.19
WL.BBR.02,2026-10-09 17:15,0.07,,,,,,Normal,0.15
WL.BBU.01,2026-10-09 17:15,0.44,,,,,,Normal,0.5
WL.BCN.01,2026-10-09 17:15,0.5,,,,,,Normal,0.53
WL.BCN.02,2026-10-09 17:15,0.48,,,,,,Normal,0.52
WL.BCN.03,2026-10-09 17:15,0.57,,,,,,Normal,0.58
WL.BJK.01,2026-10-09 17:15,-1.39,1.74,,0.0,0.0,,Normal,-1.06
WL.BJK.02,2026-10-09 17:15,0.44,,,,,,Normal,0.48
WL.BJK.03,2026-10-09 17:15,0.4,,,,,,Normal,0.45
WL.BJK.04,2026-10-09 17:15,0.48,,,,,,Normal,0.53
WL.BKA.01,2026-10-09 17:15,-1.6,2.04,,1.73,1.75,0.0,Normal,-1.24
WL.BKA.02,2026-10-09 17:15,-0.84,,,,,,Normal,-0.69
WL.BKA.03,2026-10-09 17:15,-0.41,,,,,,Normal,-0.27
WL.BKA.04,2026-10-09 17:15,0.07,,,,,,Normal,0.16
WL.BKB.01,2026-10-09 17:15,-0.34,,,,,,Normal,-0.33
WL.BKG.01,2026-10-09 17:15,0.65,-2.0,,0.0,,,Critical,0.69
WL.BKK.01,2026-10-09 17:15,0.5,,,,,,Normal,
WL.BKT.01,2026-10-09 17:15,-0.64,,,,,,Normal,-0.26
WL.BKY.01,2026-10-09 17:15,0.29,1.91,,0.0,3.57,0.0,Normal,0.43
WL.BKY.02,2026-10-09 17:15,0.41,,,,,,Normal,0.47
WL.BLP.02,2026-10-09 17:15,-0.78,,,,,,Normal,-0.77
WL.BLY.01,2026-10-09 17:15,-0.46,,,,,,Normal,-0.43
WL.BLY.02,2026-10-09 17:15,-0.54,,,,,,Normal,-0.52
WL.BMA.02,2026-10-09 17:15,0.05,,,,,,Normal,1.1
WL.BMK.01,2026-10-09 17:15,-1.73,,,,,,Normal,-1.29
WL.BNA.01,2026-10-09 17:15,-1.68,1.67,,0.0,0.0,,Normal,-1.15
WL.BNA.03,2026-10-09 17:15,-0.61,,,,,,Normal,-0.55
WL.BNA.04,2026-10-09 17:15,-0.49,,,,,,Normal,-0.42
WL.BNJ.02,2026-10-09 17:15,-1.67,,,,,,Normal,-1.16
WL.BNJ.04,2026-10-09 17:15,-1.26,,,,,,Normal,-1.05
WL.BNS.01,2026-10-09 17:15,0.51,,,,,,Normal,0.53
WL.BOA.01,2026-10-09 17:15,-1.31,1.82,,0.0,0.0,,Normal,-1.05
WL.BOA.02,2026-10-09 17:15,-1.37,,,,,,Normal,-1.02
WL.BOA.03,2026-10-09 17:15,-1.32,,,,,,Normal,-1.12
WL.BON.01,2026-10-09 17:15,-1.33,,,,,,Normal,-1.04
WL.BPA.01,2026-10-09 17:15,-0.62,,,,,,Normal,-0.54
WL.BPK.01,2026-10-09 17:15,0.14,,,,,,Normal,0.2
WL.BPM.01,2026-10-09 17:15,0.34,,,,,,Normal,0.47
WL.BPM.02,2026-10-09 17:15,0.45,,,,,,Normal,0.52
WL.BPM.03,2026-10-09 17:15,0.62,,,,,,Alert,0.64
WL.BPM.04,2026-10-09 17:15,0.6,,,,,,Alert,0.61
WL.BPN.02,2026-10-09 17:15,0.15,,,,,,Normal,0.17
WL.BPU.01,2026-10-09 17:15,1.33,,,,,,Normal,1.39
WL.BSE.01,2026-10-09 17:15,-1.57,,,,,,Normal,
WL.BSK.01,2026-10-09 17:15,0.23,1.8,,0.0,0.0,,Normal,0.42
WL.BSU.01,2026-10-09 17:15,-0.91,2.04,,0.0,0.0,0.0,Normal,-0.85
WL.BSU.02,2026-10-09 17:15,-0.84,,,,,,Normal,-0.78
WL.BSU.03,2026-10-09 17:15,-1.37,,,,,,Normal,-1.24
WL.BSU.04,2026-10-09 17:15,-0.33,,,,,,Normal,-0.33
WL.BSU.05,2026-10-09 17:15,-1.28,,,,,,Normal,-1.24
WL.BSU.06,2026-10-09 17:15,-0.98,,,,,,Normal,-0.56
WL.BSU.07,2026-10-09 17:15,-0.58,,,,,,Normal,-0.41
WL.BTL.01,2026-10-09 17:15,-0.56,,,,,,Normal,-0.51
WL.BTY.01,2026-10-09 17:15,0.27,,,,,,Normal,0.36
WL.BWK.01,2026-10-09 17:15,0.36,,,,,,Normal,0.41
WL.BWK.02,2026-10-09 17:15,0.58,,,,,,Normal,0.61
WL.BWK.03,2026-10-09 17:15,0.66,,,,,,Normal,0.66
WL.BYI.01,2026-10-09 17:15,1.0,,,,,,Critical,1.0
WL.BYK.02,2026-10-09 17:15,0.28,,,,,,Normal,0.37
WL.CKS.01,2026-10-09 17:15,-1.47,,,0.0,0.0,,Normal,-1.16
WL.CKS.02,2026-10-09 17:15,-1.1,,,,,,Normal,-0.95
WL.CKS.03,2026-10-09 17:15,-1.21,,,,,,Normal,-1.12
WL.CNS.01,2026-10-09 17:15,-2.09,1.74,,0.0,0.0,,Normal,-1.23
WL.CPA.01,2026-10-09 17:15,0.33,1.8,,0.0,4.76,,Normal,0.49
WL.CPA.02,2026-10-09 17:15,0.32,,,,,,Normal,0.39
WL.CYI.01,2026-10-09 17:15,-0.59,,,,,,Normal,-0.59
WL.CYI.03,2026-10-09 17:15,-0.5,,,,,,Normal,-0.49
WL.DKN.01,2026-10-09 17:15,0.27,1.8,,0.0,1.49,0.0,Normal,0.3
WL.FTM.01,2026-10-09 17:15,-1.46,,,,,,Normal,-1.06
WL.HKG.01,2026-10-09 17:15,-0.77,,,,,,Normal,-0.75
WL.HKG.02,2026-10-09 17:15,-0.71,,,,,,Normal,-0.69
WL.HMK.01,2026-10-09 17:15,-0.13,,,,,,Alert,0.0
WL.HMK.02,2026-10-09 17:15,-0.32,,,,,,Normal,-0.02
WL.HMK.03,2026-10-09 17:15,-0.09,,,,,,Normal,0.0
WL.JRN.01,2026-10-09 17:15,0.25,1.77,,0.0,,,Normal,0.35
WL.KBU.01,2026-10-09 17:15,0.43,1.54,,0.0,,,Normal,0.6
WL.KBU.02,2026-10-09 17:15,0.47,,,,,,Normal,0.57
WL.KCD.01,2026-10-09 17:15,-1.04,,,,,,Normal,-1.0
WL.KDN.01,2026-10-09 17:15,-0.67,1.73,,0.0,,,Normal,-0.6
WL.KJA.01,2026-10-09 17:15,-0.7,,,,,,Normal,-0.49
WL.KJA.02,2026-10-09 17:15,-0.26,,,,,,Normal,-0.24
WL.KJG.01,2026-10-09 17:15,-0.36,,,,,,Normal,-0.18
WL.KJK.01,2026-10-09 17:15,-1.21,1.76,,0.0,0.0,,Normal,-1.15
WL.KJK.02,2026-10-09 17:15,-1.16,,,,,,Normal,-1.09
WL.KJN.02,2026-10-09 17:15,-0.16,,,,,,Normal,-0.04
WL.KJT.01,2026-10-09 17:15,-1.2,,,,,,Normal,-0.51
WL.KJU.01,2026-10-09 17:15,-0.63,,,,,,Normal,-0.38
WL.KKD.01,2026-10-09 17:15,-0.46,,,,,,Normal,-0.41
WL.KKD.02,2026-10-09 17:15,-0.56,,,,,,Normal,-0.51
WL.KKD.03,2026-10-09 17:15,-0.63,,,,,,Normal,-0.5
WL.KKO.01,2026-10-09 17:15,1.63,,,,,,Alert,1.63
WL.KKS.01,2026-10-09 17:15,-0.77,1.9,,0.0,0.0,,Normal,-0.76
WL.KKS.02,2026-10-09 17:15,-0.74,,,,,,Normal,-0.73
WL.KKS.03,2026-10-09 17:15,-0.82,,,,,,Normal,-0.82
WL.KKS.04,2026-10-09 17:15,-0.77,1.5,,0.0,,,Normal,-0.77
WL.KKY.01,2026-10-09 17:15,0.67,,,,,,Normal,0.69
WL.KKY.02,2026-10-09 17:15,0.67,,,,,,Normal,0.69
WL.KLA.01,2026-10-09 17:15,-0.27,,,,,,Normal,0.39
WL.KLD.01,2026-10-09 17:15,-0.4,,,,,,Normal,-0.27
WL.KLD.02,2026-10-09 17:15,-0.33,,,,,,Normal,-0.19
WL.KLT.01,2026-10-09 17:15,-0.71,,,,,,Normal,-0.66
WL.KMN.01,2026-10-09 17:15,0.3,1.91,,7.49,0.0,0.0,Normal,0.42
WL.KNB.01,2026-10-09 17:15,-0.82,,,,,,Normal,-0.79
WL.KNB.02,2026-10-09 17:15,-0.39,,,,,,Normal,-0.36
WL.KPG.01,2026-10-09 17:15,-1.03,,,,,,Normal,-0.99
WL.KPM.01,2026-10-09 17:15,-0.34,,,,,,Normal,-0.25
WL.KPM.03,2026-10-09 17:15,-0.13,,,,,,Normal,-0.02
WL.KPM.05,2026-10-09 17:15,0.42,,,,,,Normal,0.54
WL.KPM.06,2026-10-09 17:15,0.39,,,,,,Normal,0.53
WL.KPM.08,2026-10-09 17:15,0.42,,,,,,Normal,0.53
WL.KSG.01,2026-10-09 17:15,0.7,,,,,,Normal,0.79
WL.KSI.01,2026-10-09 17:15,0.8,,,,,,Alert,0.84
WL.KSI.02,2026-10-09 17:15,0.82,,,,,,Critical,0.85
WL.KSK.01,2026-10-09 17:15,-0.59,,,,,,Normal,-0.56
WL.KSM.01,2026-10-09 17:15,0.81,,,,,,Critical,0.85
WL.KSM.02,2026-10-09 17:15,0.76,,,,,,Critical,0.81
WL.KSO.01,2026-10-09 17:15,0.78,,,,,,Normal,0.8
WL.KSO.02,2026-10-09 17:15,0.83,,,,,,Normal,0.85
WL.KT4.01,2026-10-09 17:15,0.51,,,,,,Critical,0.54
WL.KTY.01,2026-10-09 17:15,-2.17,1.73,,0.0,,,Normal,-1.35
WL.LBK.02,2026-10-09 17:15,0.53,,,,,,Critical,0.58
WL.LBK.03,2026-10-09 17:15,0.44,,,,,,Critical,0.5
WL.LCL.01,2026-10-09 17:15,0.61,,,,,,Normal,0.67
WL.LCL.02,2026-10-09 17:15,0.37,,,,,,Normal,0.49
WL.LKB.01,2026-10-09 17:15,0.68,,,,,,Critical,0.74
WL.LOA.01,2026-10-09 17:15,0.71,,,,,,Normal,0.9
WL.LOA.02,2026-10-09 17:15,0.74,,,,,,Normal,0.84
WL.LPC.01,2026-10-09 17:15,1.1,,,,,,Critical,1.12
WL.LPG.02,2026-10-09 17:15,1.0,1.75,,0.0,,,Critical,1.02
WL.LPG.03,2026-10-09 17:15,0.94,,,,,,Critical,0.97
WL.LPN.01,2026-10-09 17:15,-0.84,0.8,,0.0,,,Normal,-0.63
WL.LPP.01,2026-10-09 17:15,-1.34,,,,,,Normal,-0.95
WL.LPP.02,2026-10-09 17:15,-0.69,,,,,,Normal,
WL.LPT.01,2026-10-09 17:15,1.21,,,,,,Critical,1.22
WL.LPT.03,2026-10-09 17:15,0.88,,,,,,Critical,0.91
WL.LPW.01,2026-10-09 17:15,-0.3,-0.34,,0.0,,,Normal,-0.26
WL.LPW.03,2026-10-09 17:15,0.21,,,,,,Normal,0.23
WL.LPW.05,2026-10-09 17:15,-0.59,,,,,,Normal,-0.57
WL.LSG.01,2026-10-09 17:15,-1.19,,,,,,Normal,-1.18
WL.LSM.01,2026-10-09 17:15,-0.61,,,,,,Normal,-0.57
WL.LYW.01,2026-10-09 17:15,-1.52,,,,,,Normal,-1.38
WL.LYW.02,2026-10-09 17:15,-1.46,,,,,,Normal,-1.43
WL.MCM.01,2026-10-09 17:15,0.23,,,,,,Normal,0.26
WL.MFS.01,2026-10-09 17:15,-0.72,,,,,,Normal,-0.72
WL.MKT.01,2026-10-09 17:15,-0.3,,,,,,Normal,-0.27
WL.MSW.01,2026-10-09 17:15,1.66,,,,,,Normal,1.66
WL.MSW.02,2026-10-09 17:15,1.11,,,,,,Normal,1.16
WL.MSW.03,2026-10-09 17:15,1.57,,,,,,Normal,1.57
WL.MSW.04,2026-10-09 17:15,0.94,,,,,,Normal,
WL.MTG.01,2026-10-09 17:15,-0.64,,,,,,Normal,-0.62
WL.NBN.01,2026-10-09 17:15,-3.94,-1.34,,0.0,,,Normal,-3.58
WL.NCH.02,2026-10-09 17:15,-1.03,,,,,,Normal,-0.33
WL.NK1.01,2026-10-09 17:15,-0.05,,,,,,Normal,0.02
WL.NK3.01,2026-10-09 17:15,-0.48,,,,,,Normal,-0.1
WL.NKW.02,2026-10-09 17:15,-0.27,,,,,,Normal,-0.26
WL.NSG.01,2026-10-09 17:15,-2.0,,,,,,Normal,-2.0
WL.OAG.01,2026-10-09 17:15,-0.82,,,,,,Normal,-0.81
WL.ORC.01,2026-10-09 17:15,-1.34,-0.7,,0.0,,,Normal,-1.33
WL.PKG.01,2026-10-09 17:15,1.83,,,,,,Normal,1.84
WL.PKN.01,2026-10-09 17:15,-0.83,1.83,,0.0,0.0,0.0,Normal,-0.68
WL.PLK.01,2026-10-09 17:15,1.29,,,,,,Alert,1.29
WL.PLP.01,2026-10-09 17:15,-0.41,,,,,,Normal,-0.38
WL.PNM.01,2026-10-09 17:15,0.32,,,,,,Critical,0.38
WL.PSC.01,2026-10-09 17:15,0.31,0.35,,0.0,0.0,0.0,Normal,0.39
WL.PSC.02,2026-10-09 17:15,0.3,,,,,,Normal,0.36
WL.PSC.03,2026-10-09 17:15,0.31,,,,,,Normal,0.36
WL.PSC.05,2026-10-09 17:15,0.38,,,,,,Normal,0.43
WL.PSI.01,2026-10-09 17:15,-1.21,,,,,,Normal,-1.21
WL.PSR.01,2026-10-09 17:15,1.07,1.79,,0.2,,,Alert,1.12
WL.PSR.02,2026-10-09 17:15,1.1,,,,,,Alert,1.15
WL.PSR.03,2026-10-09 17:15,1.07,,,,,,Alert,1.13
WL.PSR.04,2026-10-09 17:15,0.73,,,,,,Normal,0.78
WL.PSR.05,2026-10-09 17:15,0.76,,,,,,Alert,0.81
WL.PST.01,2026-10-09 17:15,-0.9,,,,,,Normal,-0.9
WL.PWT.01,2026-10-09 17:15,-0.57,,,,,,Normal,-0.51
WL.PWT.02,2026-10-09 17:15,-0.04,,,,,,Normal,0.02
WL.PWT.03,2026-10-09 17:15,0.2,0.21,,5.84,5.9,,Critical,0.27
WL.PWT.04,2026-10-09 17:15,0.52,0.57,,4.94,,,Alert,0.59
WL.PWT.06,2026-10-09 17:15,0.94,,,,,,Critical,0.98
WL.PWT.07,2026-10-09 17:15,0.93,,,,,,Critical,0.97
WL.PYW.01,2026-10-09 17:15,-0.84,,,,,,Normal,-0.7
WL.RHN.01,2026-10-09 17:15,-0.86,-0.46,,0.0,,,Normal,-0.77
WL.RJK.01,2026-10-09 17:15,0.26,0.26,,7.5,,,Normal,0.36
WL.RKC.01,2026-10-09 17:15,-0.98,,,,,,Normal,-0.74
WL.RMN.01,2026-10-09 17:15,0.53,,,,,,Normal,
WL.RMT.01,2026-10-09 17:15,-1.05,0.75,,0.0,0.0,,Normal,-0.25
WL.RMT.02,2026-10-09 17:15,-0.24,,,,,,Normal,-0.08
WL.RMT.03,2026-10-09 17:15,-2.0,,,,,,Normal,-2.0
WL.RSK.01,2026-10-09 17:15,0.41,,,,,,Normal,0.44
WL.SBR.01,2026-10-09 17:15,0.74,1.1,,0.0,,,Normal,0.91
WL.SBR.02,2026-10-09 17:15,0.65,,,,,,Normal,0.68
WL.SBT.01,2026-10-09 17:15,-0.43,0.13,,0.0,,,Normal,-0.09
WL.SCO.01,2026-10-09 17:15,0.08,,,,,,Normal,0.32
WL.SDN.01,2026-10-09 17:15,0.23,,,,,,Normal,0.23
WL.SKT.01,2026-10-09 17:15,-0.85,,,,,,Normal,-0.55
WL.SKT.02,2026-10-09 17:15,-0.95,,,,,,Normal,-0.59
WL.SMK.01,2026-10-09 17:15,-0.24,,,,,,Normal,-0.24
WL.SNC.01,2026-10-09 17:15,-0.25,0.86,,0.0,0.0,0.0,Normal,-0.16
WL.SNC.02,2026-10-09 17:15,0.28,,,,,,Normal,0.36
WL.SNC.03,2026-10-09 17:15,0.02,,,,,,Normal,0.08
WL.SNO.01,2026-10-09 17:15,-1.33,,,,,,Normal,-0.74
WL.SOL.01,2026-10-09 17:15,-0.64,,,,,,Normal,-0.62
WL.SRE.01,2026-10-09 17:15,-1.04,1.84,,0.0,0.0,,Normal,0.06
WL.SRG.01,2026-10-09 17:15,-0.5,1.63,,0.0,0.0,0.0,Normal,-0.17
WL.SSB.01,2026-10-09 17:15,-0.85,,,,,,Normal,-0.79
WL.SSB.03,2026-10-09 17:15,-0.55,,,,,,Normal,-0.41
WL.SSB.04,2026-10-09 17:15,-0.59,-0.63,,7.5,7.5,,Normal,-0.49
WL.SSB.06,2026-10-09 17:15,-0.35,,,,,,Normal,-0.22
WL.SSB.07,2026-10-09 17:15,0.05,,,,,,Normal,0.6
WL.SSB.08,2026-10-09 17:15,0.32,,,,,,Normal,0.34
WL.SSB.09,2026-10-09 17:15,0.56,1.1,,0.0,,,Critical,0.58
WL.SSB.10,2026-10-09 17:15,0.82,1.08,,3.65,,,Critical,0.82
WL.SSB.11,2026-10-09 17:15,1.23,,,,,,Critical,1.25
WL.SSB.12,2026-10-09 17:15,1.22,1.5,,0.0,,,Critical,1.24
WL.SSG.01,2026-10-09 17:15,1.57,,,,,,Alert,1.58
WL.SSM.01,2026-10-09 17:15,1.31,-99,,0.0,,,Critical,1.32
WL.SSN.01,2026-10-09 17:15,-1.06,1.94,,7.0,0.0,0.0,Normal,-1.05
WL.SSN.02,2026-10-09 17:15,-1.08,,,,,,Normal,-1.08
WL.SSN.04,2026-10-09 17:15,-1.21,,,,,,Normal,-1.18
WL.SSN.06,2026-10-09 17:15,-1.77,,,,,,Normal,-1.76
WL.SSN.07,2026-10-09 17:15,-1.02,,,,,,Normal,-1.0
WL.SSN.08,2026-10-09 17:15,-0.63,-0.61,,0.0,,,Normal,-0.61
WL.SSN.09,2026-10-09 17:15,-0.64,,,,,,Normal,-0.62
WL.SSN.10,2026-10-09 17:15,-0.61,,,,,,Normal,-0.6
WL.SST.01,2026-10-09 17:15,0.83,1.75,,0.32,,,Alert,0.91
WL.STN.02,2026-10-09 17:15,0.61,,,,,,Critical,0.66
WL.STN.03,2026-10-09 17:15,0.66,,,,,,Critical,0.72
WL.STR.01,2026-10-09 17:15,-1.0,0.23,1.77,0.0,0.0,0.0,Normal,-1.0
WL.SWA.01,2026-10-09 17:15,0.83,1.37,,0.44,,,Critical,0.86
WL.SWU.01,2026-10-09 17:15,-1.7,,,,,,Normal,-0.89
WL.TCG.01,2026-10-09 17:15,-0.88,,,,,,Normal,-0.84
WL.TPK.03,2026-10-09 17:15,0.46,,,,,,Critical,0.52
WL.TSK.01,2026-10-09 17:15,-1.8,,,,,,Normal,-1.8
WL.TTN.01,2026-10-09 17:15,-0.73,,,,,,Normal,-0.65
WL.TUT.02,2026-10-09 17:15,-1.13,,,,,,Normal,-0.22
WL.TWW.01,2026-10-09 17:15,0.78,1.03,,0.99,,,Normal,0.79
WL.TWW.02,2026-10-09 17:15,0.74,,,,,,Normal,0.75
WL.TWW.03,2026-10-09 17:15,0.72,,,,,,Critical,0.73
WL.TWW.04,2026-10-09 17:15,0.7,,,,,,Normal,0.7
WL.TWW.05,2026-10-09 17:15,0.41,,,,,,Normal,0.45
WL.VPD.01,2026-10-09 17:15,-1.1,,,,,,Normal,-1.0
WL.VPD.02,2026-10-09 17:15,-1.09,,,,,,Normal,-0.96
WL.VPD.03,2026-10-09 17:15,-1.29,,,,,,Normal,-1.29
WL.VPV.01,2026-10-09 17:15,-1.78,,,0.0,,,Normal,-1.37
WL.WHK.01,2026-10-09 17:15,0.77,,,,,,Normal,0.8
WL.WKT.01,2026-10-09 17:15,-0.38,,,,,,Normal,0.55
WL.WLS.01,2026-10-09 17:15,0.5,,,,,,Normal,0.61
WL.WSI.01,2026-10-09 17:15,-1.13,1.78,,0.0,0.0,0.0,Normal,-0.54
WL.WSV.01,2026-10-09 17:15,-0.04,,,,,,Normal,0.21
WL.WTK.01,2026-10-09 17:15,-0.7,,,,,,Normal,-0.43
WL.WTN.02,2026-10-09 17:15,-1.13,,,,,,Normal,-1.1
WL.YPE.01,2026-10-09 17:15,0.33,,,,,,Normal,0.39
WL.YPN.01,2026-10-09 17:15,-0.94,,,,,,Normal,-0.51
WL.YPN.02,2026-10-09 17:15,-1.59,,,,,,Normal,-0.57
WL.YSN.02,2026-10-09 17:15,-0.98,,,,,,Normal,-0.95
WL.LPI.02,2026-10-09 17:19,-0.04,,,,,,Normal,0.0
WL.KPM.04,2026-10-09 17:25,0.38,,,,,,Normal,0.49
WL.KKD.04,2026-10-09 17:35,-0.52,,,,,,Normal,-0.45
WL.BBN.01,2026-10-09 17:55,-0.12,,,,,,temporarily out of order,-0.05
WL.KNB.01,2026-10-09 17:55,-0.83,,,,,,temporarily out of order,-0.79
WL.AJP.01,2026-10-09 18:00,-0.77,,,,,,backfill,
WL.ANX.01,2026-10-09 18:00,-0.01,,,,,,backfill,
WL.BAM.01,2026-10-09 18:00,0.21,,,,,,backfill,
WL.BBN.01,2026-10-09 18:00,,,,,,,backfill,
WL.BBN.02,2026-10-09 18:00,0.09,,,,,,backfill,
WL.BBN.03,2026-10-09 18:00,0.34,,,,,,backfill,
WL.BBR.01,2026-10-09 18:00,0.02,,,,,,backfill,
WL.BBR.02,2026-10-09 18:00,0.02,,,,,,backfill,
WL.BBU.01,2026-10-09 18:00,0.44,,,,,,backfill,
WL.BCN.01,2026-10-09 18:00,0.50,,,,,,backfill,
WL.BCN.02,2026-10-09 18:00,0.48,,,,,,backfill,
WL.BCN.03,2026-10-09 18:00,0.56,,,,,,backfill,
WL.BJK.01,2026-10-09 18:00,-1.31,1.68,,,,,backfill,
WL.BJK.02,2026-10-09 18:00,0.44,,,,,,backfill,
WL.BJK.03,2026-10-09 18:00,0.40,,,,,,backfill,
WL.BJK.04,2026-10-09 18:00,0.48,,,,,,backfill,
WL.BKA.01,2026-10-09 18:00,-1.86,2.15,,,,,backfill,
WL.BKA.02,2026-10-09 18:00,-0.85,,,,,,backfill,
WL.BKA.03,2026-10-09 18:00,-0.41,,,,,,backfill,
WL.BKA.04,2026-10-09 18:00,0.07,,,,,,backfill,
WL.BKB.01,2026-10-09 18:00,-0.31,,,,,,backfill,
WL.BKG.01,2026-10-09 18:00,0.66,-2.00,,,,,backfill,
WL.BKT.01,2026-10-09 18:00,-0.66,,,,,,backfill,
WL.BKY.01,2026-10-09 18:00,0.28,1.98,,,,,backfill,
WL.BKY.02,2026-10-09 18:00,0.40,,,,,,backfill,
WL.BLP.02,2026-10-09 18:00,-0.77,,,,,,backfill,
WL.BLY.01,2026-10-09 18:00,-0.51,,,,,,backfill,
WL.BLY.02,2026-10-09 18:00,-0.54,,,,,,backfill,
WL.BMA.02,2026-10-09 18:00,0.04,,,,,,backfill,
WL.BMK.01,2026-10-09 18:00,-1.74,,,,,,backfill,
WL.BNA.01,2026-10-09 18:00,-1.69,1.61,,,,,backfill,
WL.BNA.02,2026-10-09 18:00,,,,,,,backfill,
WL.BNA.03,2026-10-09 18:00,-0.61,,,,,,backfill,
WL.BNA.04,2026-10-09 18:00,-0.50,,,,,,backfill,
WL.BNJ.01,2026-10-09 18:00,,,,,,,backfill,
WL.BNJ.02,2026-10-09 18:00,-2.83,,,,,,backfill,
WL.BNJ.03,2026-10-09 18:00,,,,,,,backfill,
WL.BNJ.04,2026-10-09 18:00,-1.30,,,,,,backfill,
WL.BNS.01,2026-10-09 18:00,0.51,,,,,,backfill,
WL.BOA.01,2026-10-09 18:00,-1.29,1.71,,,,,backfill,
WL.BOA.02,2026-10-09 18:00,-1.30,,,,,,backfill,
WL.BOA.03,2026-10-09 18:00,-1.22,,,,,,backfill,
WL.BON.01,2026-10-09 18:00,-1.25,,,,,,backfill,
WL.BPA.01,2026-10-09 18:00,-0.64,,,,,,backfill,
WL.BPK.01,2026-10-09 18:00,0.11,,,,,,backfill,
WL.BPM.01,2026-10-09 18:00,0.33,,,,,,backfill,
WL.BPM.02,2026-10-09 18:00,0.44,,,,,,backfill,
WL.BPM.03,2026-10-09 18:00,0.62,,,,,,backfill,
WL.BPM.04,2026-10-09 18:00,0.60,,,,,,backfill,
WL.BPN.02,2026-10-09 18:00,0.15,,,,,,backfill,
WL.BPU.01,2026-10-09 18:00,1.17,,,,,,backfill,
WL.BSK.01,2026-10-09 18:00,0.33,1.83,,,,,backfill,
WL.BSU.01,2026-10-09 18:00,-0.99,2.14,,,,,backfill,
WL.BSU.02,2026-10-09 18:00,-0.84,,,,,,backfill,
WL.BSU.03,2026-10-09 18:00,-1.32,,,,,,backfill,
WL.BSU.04,2026-10-09 18:00,-0.33,,,,,,backfill,
WL.BSU.05,2026-10-09 18:00,-1.14,,,,,,backfill,
WL.BSU.06,2026-10-09 18:00,-0.87,,,,,,backfill,
WL.BSU.07,2026-10-09 18:00,-0.53,,,,,,backfill,
WL.BTL.01,2026-10-09 18:00,-0.57,,,,,,backfill,
WL.BTY.01,2026-10-09 18:00,0.26,,,,,,backfill,
WL.BWK.01,2026-10-09 18:00,0.36,,,,,,backfill,
WL.BWK.02,2026-10-09 18:00,0.57,,,,,,backfill,
WL.BWK.03,2026-10-09 18:00,0.66,,,,,,backfill,
WL.BYI.01,2026-10-09 18:00,1.00,,,,,,backfill,
WL.BYK.01,2026-10-09 18:00,,,,,,,backfill,
WL.BYK.02,2026-10-09 18:00,0.29,,,,,,backfill,
WL.CKS.01,2026-10-09 18:00,-1.46,,,,,,backfill,
WL.CKS.02,2026-10-09 18:00,-1.06,,,,,,backfill,
WL.CKS.03,2026-10-09 18:00,-1.22,,,,,,backfill,
WL.CNS.01,2026-10-09 18:00,-2.29,1.71,,,,,backfill,
WL.CPA.01,2026-10-09 18:00,0.33,1.92,,,,,backfill,
WL.CPA.02,2026-10-09 18:00,0.31,,,,,,backfill,
WL.CYI.01,2026-10-09 18:00,-0.59,,,,,,backfill,
WL.CYI.02,2026-10-09 18:00,-0.55,,,,,,backfill,
WL.CYI.03,2026-10-09 18:00,-0.43,,,,,,backfill,
WL.DKN.01,2026-10-09 18:00,0.26,1.83,,,,,backfill,
WL.FTM.01,2026-10-09 18:00,-1.43,,,,,,backfill,
WL.HKG.01,2026-10-09 18:00,-0.72,,,,,,backfill,
WL.HKG.02,2026-10-09 18:00,-0.68,,,,,,backfill,
WL.HMK.01,2026-10-09 18:00,-0.14,,,,,,backfill,
WL.HMK.02,2026-10-09 18:00,-0.35,,,,,,backfill,
WL.HMK.03,2026-10-09 18:00,-0.09,,,,,,backfill,
WL.JKK.01,2026-10-09 18:00,,,,,,,backfill,
WL.JRN.01,2026-10-09 18:00,0.27,1.79,,,,,backfill,
WL.KBU.01,2026-10-09 18:00,0.44,1.66,,,,,backfill,
WL.KBU.02,2026-10-09 18:00,0.48,,,,,,backfill,
WL.KCD.01,2026-10-09 18:00,-1.02,,,,,,backfill,
WL.KDN.01,2026-10-09 18:00,-0.67,1.73,,,,,backfill,
WL.KJA.01,2026-10-09 18:00,-0.70,,,,,,backfill,
WL.KJA.02,2026-10-09 18:00,-0.27,,,,,,backfill,
WL.KJG.01,2026-10-09 18:00,-0.38,,,,,,backfill,
WL.KJK.01,2026-10-09 18:00,-1.17,1.71,,,,,backfill,
WL.KJK.02,2026-10-09 18:00,-1.13,,,,,,backfill,
WL.KJN.01,2026-10-09 18:00,,,,,,,backfill,
WL.KJN.02,2026-10-09 18:00,-0.11,,,,,,backfill,
WL.KJT.01,2026-10-09 18:00,-1.20,,,,,,backfill,
WL.KJU.01,2026-10-09 18:00,-0.61,,,,,,backfill,
WL.KKD.01,2026-10-09 18:00,-0.47,,,,,,backfill,
WL.KKD.02,2026-10-09 18:00,-0.57,,,,,,backfill,
WL.KKD.03,2026-10-09 18:00,-0.72,,,,,,backfill,
WL.KKD.04,2026-10-09 18:00,-0.51,,,,,,backfill,
WL.KKO.01,2026-10-09 18:00,1.62,,,,,,backfill,
WL.KKS.01,2026-10-09 18:00,-0.76,2.01,,,,,backfill,
WL.KKS.02,2026-10-09 18:00,-0.74,,,,,,backfill,
WL.KKS.03,2026-10-09 18:00,-0.81,,,,,,backfill,
WL.KKS.04,2026-10-09 18:00,-0.76,1.50,,,,,backfill,
WL.KKY.01,2026-10-09 18:00,0.67,,,,,,backfill,
WL.KKY.02,2026-10-09 18:00,0.67,,,,,,backfill,
WL.KLA.01,2026-10-09 18:00,-0.28,,,,,,backfill,
WL.KLD.01,2026-10-09 18:00,-0.42,,,,,,backfill,
WL.KLD.02,2026-10-09 18:00,-0.37,,,,,,backfill,
WL.KLT.01,2026-10-09 18:00,-0.71,,,,,,backfill,
WL.KMN.01,2026-10-09 18:00,0.30,1.93,,,,,backfill,
WL.KNB.01,2026-10-09 18:00,,,,,,,backfill,
WL.KNB.02,2026-10-09 18:00,-0.39,,,,,,backfill,
WL.KPG.01,2026-10-09 18:00,-1.10,,,,,,backfill,
WL.KPM.01,2026-10-09 18:00,-0.33,,,,,,backfill,
WL.KPM.03,2026-10-09 18:00,-0.12,,,,,,backfill,
WL.KPM.04,2026-10-09 18:00,0.40,,,,,,backfill,
WL.KPM.05,2026-10-09 18:00,0.41,,,,,,backfill,
WL.KPM.06,2026-10-09 18:00,0.37,,,,,,backfill,
WL.KPM.08,2026-10-09 18:00,0.42,,,,,,backfill,
WL.KPM.09,2026-10-09 18:00,,,,,,,backfill,
WL.KSG.01,2026-10-09 18:00,0.70,,,,,,backfill,
WL.KSI.01,2026-10-09 18:00,0.79,,,,,,backfill,
WL.KSI.02,2026-10-09 18:00,0.82,,,,,,backfill,
WL.KSK.01,2026-10-09 18:00,-0.61,,,,,,backfill,
WL.KSM.01,2026-10-09 18:00,0.81,,,,,,backfill,
WL.KSM.02,2026-10-09 18:00,0.76,,,,,,backfill,
WL.KSO.01,2026-10-09 18:00,0.78,,,,,,backfill,
WL.KSO.02,2026-10-09 18:00,0.83,,,,,,backfill,
WL.KT4.01,2026-10-09 18:00,0.51,,,,,,backfill,
WL.KTY.01,2026-10-09 18:00,-2.19,1.68,,,,,backfill,
WL.LBK.02,2026-10-09 18:00,0.53,,,,,,backfill,
WL.LBK.03,2026-10-09 18:00,0.44,,,,,,backfill,
WL.LCL.01,2026-10-09 18:00,0.63,,,,,,backfill,
WL.LCL.02,2026-10-09 18:00,0.49,,,,,,temporarily out of order,0.49
WL.LKB.01,2026-10-09 18:00,0.69,,,,,,backfill,
WL.LOA.01,2026-10-09 18:00,0.39,,,,,,backfill,
WL.LOA.02,2026-10-09 18:00,0.74,,,,,,backfill,
WL.LPC.01,2026-10-09 18:00,1.10,,,,,,backfill,
WL.LPG.02,2026-10-09 18:00,1.00,1.75,,,,,backfill,
WL.LPG.03,2026-10-09 18:00,0.94,,,,,,backfill,
WL.LPI.02,2026-10-09 18:00,0.07,,,,,,backfill,
WL.LPN.01,2026-10-09 18:00,-0.85,0.85,,,,,backfill,
WL.LPP.01,2026-10-09 18:00,-1.35,,,,,,backfill,
WL.LPT.01,2026-10-09 18:00,1.21,,,,,,backfill,
WL.LPT.03,2026-10-09 18:00,0.88,,,,,,backfill,
WL.LPW.01,2026-10-09 18:00,-0.24,-0.30,,,,,backfill,
WL.LPW.03,2026-10-09 18:00,0.23,,,,,,backfill,
WL.LPW.04,2026-10-09 18:00,-0.29,,,,,,backfill,
WL.LPW.05,2026-10-09 18:00,-0.60,,,,,,backfill,
WL.LSG.01,2026-10-09 18:00,-1.19,,,,,,backfill,
WL.LSM.01,2026-10-09 18:00,-0.61,,,,,,backfill,
WL.LYW.01,2026-10-09 18:00,-1.50,,,,,,backfill,
WL.LYW.02,2026-10-09 18:00,-1.46,,,,,,backfill,
WL.MCM.01,2026-10-09 18:00,0.23,,,,,,backfill,
WL.MFS.01,2026-10-09 18:00,-0.72,,,,,,backfill,
WL.MKT.01,2026-10-09 18:00,-0.31,,,,,,backfill,
WL.MSW.01,2026-10-09 18:00,1.77,,,,,,backfill,
WL.MSW.02,2026-10-09 18:00,1.11,,,,,,backfill,
WL.MSW.03,2026-10-09 18:00,1.68,,,,,,backfill,
WL.MTG.01,2026-10-09 18:00,-0.66,,,,,,backfill,
WL.NBN.01,2026-10-09 18:00,-3.93,-1.34,,,,,backfill,
WL.NCH.02,2026-10-09 18:00,-0.87,,,,,,backfill,
WL.NK1.01,2026-10-09 18:00,-0.01,,,,,,backfill,
WL.NK3.01,2026-10-09 18:00,-0.49,,,,,,backfill,
WL.NKW.02,2026-10-09 18:00,-0.16,,,,,,backfill,
WL.NSG.01,2026-10-09 18:00,-2.00,,,,,,backfill,
WL.OAG.01,2026-10-09 18:00,-0.80,,,,,,backfill,
WL.ORC.01,2026-10-09 18:00,-1.34,-0.69,,,,,backfill,
WL.PKG.01,2026-10-09 18:00,1.91,,,,,,backfill,
WL.PKN.01,2026-10-09 18:00,-0.84,1.77,,,,,backfill,
WL.PLK.01,2026-10-09 18:00,1.27,,,,,,backfill,
WL.PLP.01,2026-10-09 18:00,-0.42,,,,,,backfill,
WL.PNM.01,2026-10-09 18:00,0.32,,,,,,backfill,
WL.PSC.01,2026-10-09 18:00,0.31,0.35,,,,,backfill,
WL.PSC.02,2026-10-09 18:00,0.30,,,,,,backfill,
WL.PSC.03,2026-10-09 18:00,0.31,,,,,,backfill,
WL.PSC.05,2026-10-09 18:00,0.39,,,,,,backfill,
WL.PSI.01,2026-10-09 18:00,-1.28,,,,,,backfill,
WL.PSR.01,2026-10-09 18:00,1.07,1.79,,,,,backfill,
WL.PSR.02,2026-10-09 18:00,1.10,,,,,,backfill,
WL.PSR.03,2026-10-09 18:00,1.07,,,,,,backfill,
WL.PSR.04,2026-10-09 18:00,0.73,,,,,,backfill,
WL.PSR.05,2026-10-09 18:00,0.76,,,,,,backfill,
WL.PSR.06,2026-10-09 18:00,,,,,,,backfill,
WL.PST.01,2026-10-09 18:00,-0.90,,,,,,backfill,
WL.PWT.01,2026-10-09 18:00,-0.58,,,,,,backfill,
WL.PWT.02,2026-10-09 18:00,-0.04,,,,,,backfill,
WL.PWT.03,2026-10-09 18:00,0.20,0.21,,,,,backfill,
WL.PWT.04,2026-10-09 18:00,0.52,0.57,,,,,backfill,
WL.PWT.05,2026-10-09 18:00,,,,,,,backfill,
WL.PWT.06,2026-10-09 18:00,0.94,,,,,,backfill,
WL.PWT.07,2026-10-09 18:00,0.93,,,,,,backfill,
WL.PYW.01,2026-10-09 18:00,-1.32,,,,,,backfill,
WL.RHN.01,2026-10-09 18:00,-0.68,-0.46,,,,,backfill,
WL.RJK.01,2026-10-09 18:00,0.28,0.28,,,,,backfill,
WL.RKC.01,2026-10-09 18:00,-1.00,,,,,,backfill,
WL.RMT.01,2026-10-09 18:00,-1.05,0.79,,,,,backfill,
WL.RMT.02,2026-10-09 18:00,-0.24,,,,,,backfill,
WL.RSK.01,2026-10-09 18:00,0.41,,,,,,backfill,
WL.SBR.01,2026-10-09 18:00,0.74,1.10,,,,,backfill,
WL.SBR.02,2026-10-09 18:00,0.65,,,,,,backfill,
WL.SBT.01,2026-10-09 18:00,-0.34,0.13,,,,,backfill,
WL.SCO.01,2026-10-09 18:00,0.07,,,,,,backfill,
WL.SDN.01,2026-10-09 18:00,0.23,,,,,,backfill,
WL.SKG.01,2026-10-09 18:00,,,,,,,backfill,
WL.SKT.01,2026-10-09 18:00,-0.82,,,,,,backfill,
WL.SKT.02,2026-10-09 18:00,-1.14,,,,,,backfill,
WL.SLL.01,2026-10-09 18:00,,,,,,,backfill,
WL.SMK.01,2026-10-09 18:00,-0.24,,,,,,backfill,
WL.SNC.01,2026-10-09 18:00,-0.27,0.93,,,,,backfill,
WL.SNC.02,2026-10-09 18:00,0.29,,,,,,backfill,
WL.SNC.03,2026-10-09 18:00,0.02,,,,,,backfill,
WL.SNO.01,2026-10-09 18:00,-1.59,,,,,,backfill,
WL.SOL.01,2026-10-09 18:00,-0.64,,,,,,backfill,
WL.SRE.01,2026-10-09 18:00,-0.92,1.88,,,,,backfill,
WL.SRG.01,2026-10-09 18:00,-0.50,1.63,,,,,backfill,
WL.SSB.01,2026-10-09 18:00,-0.80,,,,,,backfill,
WL.SSB.03,2026-10-09 18:00,-0.59,,,,,,backfill,
WL.SSB.04,2026-10-09 18:00,-0.60,-0.60,,,,,backfill,
WL.SSB.06,2026-10-09 18:00,-0.42,,,,,,backfill,
WL.SSB.07,2026-10-09 18:00,0.03,,,,,,backfill,
WL.SSB.08,2026-10-09 18:00,0.33,,,,,,backfill,
WL.SSB.10,2026-10-09 18:00,0.82,1.08,,,,,backfill,
WL.SSB.11,2026-10-09 18:00,1.23,,,,,,backfill,
WL.SSB.12,2026-10-09 18:00,1.23,1.50,,,,,backfill,
WL.SSG.01,2026-10-09 18:00,1.57,,,,,,backfill,
WL.SSM.01,2026-10-09 18:00,1.32,,,,,,backfill,
WL.SSN.01,2026-10-09 18:00,-1.06,2.01,,,,,backfill,
WL.SSN.02,2026-10-09 18:00,-1.07,,,,,,backfill,
WL.SSN.04,2026-10-09 18:00,-1.14,,,,,,backfill,
WL.SSN.06,2026-10-09 18:00,-1.77,,,,,,backfill,
WL.SSN.07,2026-10-09 18:00,-1.01,,,,,,backfill,
WL.SSN.08,2026-10-09 18:00,-0.64,-0.61,,,,,backfill,
WL.SSN.09,2026-10-09 18:00,-0.65,,,,,,backfill,
WL.SSN.10,2026-10-09 18:00,-0.59,,,,,,backfill,
WL.SST.01,2026-10-09 18:00,0.83,1.75,,,,,backfill,
WL.STN.01,2026-10-09 18:00,0.54,,,,,,backfill,
WL.STN.02,2026-10-09 18:00,0.62,,,,,,backfill,
WL.STN.03,2026-10-09 18:00,0.66,,,,,,backfill,
WL.STR.01,2026-10-09 18:00,-0.99,0.24,1.80,,,,backfill,
WL.SWA.01,2026-10-09 18:00,0.83,1.37,,,,,backfill,
WL.SWU.01,2026-10-09 18:00,-1.68,,,,,,backfill,
WL.TCG.01,2026-10-09 18:00,-0.97,,,,,,backfill,
WL.TPK.02,2026-10-09 18:00,,,,,,,backfill,
WL.TPK.03,2026-10-09 18:00,0.46,,,,,,backfill,
WL.TSK.01,2026-10-09 18:00,-1.80,,,,,,backfill,
WL.TTN.01,2026-10-09 18:00,-0.73,,,,,,backfill,
WL.TUT.02,2026-10-09 18:00,-1.18,,,,,,backfill,
WL.TWW.01,2026-10-09 18:00,0.78,1.03,,,,,backfill,
WL.TWW.02,2026-10-09 18:00,0.75,,,,,,backfill,
WL.TWW.03,2026-10-09 18:00,0.72,,,,,,backfill,
WL.TWW.04,2026-10-09 18:00,0.70,,,,,,backfill,
WL.TWW.05,2026-10-09 18:00,0.42,,,,,,backfill,
WL.VPD.01,2026-10-09 18:00,-1.10,,,,,,backfill,
WL.VPD.02,2026-10-09 18:00,-1.09,,,,,,backfill,
WL.VPD.03,2026-10-09 18:00,-1.29,,,,,,backfill,
WL.VPV.01,2026-10-09 18:00,-2.83,,,,,,backfill,
WL.WHK.01,2026-10-09 18:00,0.82,,,,,,backfill,
WL.WKT.01,2026-10-09 18:00,-0.30,,,,,,backfill,
WL.WLS.01,2026-10-09 18:00,0.54,,,,,,backfill,
WL.WSI.01,2026-10-09 18:00,-0.94,1.79,,,,,backfill,
WL.WSV.01,2026-10-09 18:00,-0.01,,,,,,backfill,
WL.WTK.01,2026-10-09 18:00,-0.64,,,,,,backfill,
WL.WTN.02,2026-10-09 18:00,-1.18,,,,,,backfill,
WL.YPE.01,2026-10-09 18:00,0.33,,,,,,backfill,
WL.YPN.01,2026-10-09 18:00,-0.91,,,,,,backfill,
WL.YPN.02,2026-10-09 18:00,-1.81,,,,,,backfill,
WL.YSN.02,2026-10-09 18:00,-0.97,,,,,,backfill,
WL.PWT.04,2026-10-09 18:05,0.52,0.57,,4.94,,,temporarily out of order,0.59
WL.PYW.01,2026-10-09 18:05,-1.34,,,,,,temporarily out of order,-0.7
WL.ANG.01,2026-10-09 18:10,0.95,,,,,,Normal,
WL.BBU.02,2026-10-09 18:10,0.49,,,,,,Normal,
WL.BKH.01,2026-10-09 18:10,0.09,,,,,,Normal,
WL.BKY.01,2026-10-09 18:10,0.21,1.98,,0.0,0.64,0.0,Normal,0.43
WL.BMD.01,2026-10-09 18:10,0.46,,,,,,Normal,
WL.BNJ.05,2026-10-09 18:10,-2.3,,,,,,Normal,
WL.BTL.02,2026-10-09 18:10,0.12,,,,,,Normal,
WL.CYI.02,2026-10-09 18:10,-0.59,,,,,,Normal,-0.55
WL.K08.01,2026-10-09 18:10,1.57,,,,,,Alert,
WL.K10.01,2026-10-09 18:10,1.63,,,,,,Alert,
WL.K11.01,2026-10-09 18:10,1.58,,,,,,Alert,
WL.KBP.01,2026-10-09 18:10,-1.21,,,,,,Normal,
WL.KHW.01,2026-10-09 18:10,1.71,,,,,,Normal,
WL.KKO.02,2026-10-09 18:10,1.57,,,,,,Alert,
WL.KPM.07,2026-10-09 18:10,0.43,,,,,,Normal,
WL.KT4.01,2026-10-09 18:10,0.51,,,,,,Critical,0.54
WL.LPS.01,2026-10-09 18:10,0.79,,,,,,Normal,
WL.LPT.05,2026-10-09 18:10,1.29,,,,,,Normal,
WL.LPW.04,2026-10-09 18:10,-0.41,,,,,,Normal,-0.29
WL.MKT.02,2026-10-09 18:10,-0.89,,,,,,Normal,
WL.NK3.02,2026-10-09 18:10,-0.61,,,,,,Normal,
WL.POC.01,2026-10-09 18:10,1.46,,,,,,Normal,
WL.PSC.06,2026-10-09 18:10,0.46,,,,,,Normal,
WL.PWT.02,2026-10-09 18:10,-0.04,,,,,,Normal,0.02
WL.RPS.01,2026-10-09 18:10,2.18,,,,,,Alert,
WL.SSG.02,2026-10-09 18:10,1.56,,,,,,Alert,
WL.STN.01,2026-10-09 18:10,0.54,,,,,,Alert,0.54
WL.SWA.02,2026-10-09 18:10,1.43,,,,,,Normal,
WL.TWW.03,2026-10-09 18:10,0.72,,,,,,Critical,0.73
WL.AJP.01,2026-10-09 18:15,-0.84,,,,,,Normal,-0.48
WL.ANX.01,2026-10-09 18:15,0.01,,,,,,Normal,0.02
WL.BAM.01,2026-10-09 18:15,0.23,,,,,,Normal,0.4
WL.BBN.02,2026-10-09 18:15,0.09,,,,,,Normal,0.11
WL.BBN.03,2026-10-09 18:15,0.34,,,,,,Normal,0.37
WL.BBR.01,2026-10-09 18:15,0.04,,,,,,Normal,0.19
WL.BBR.02,2026-10-09 18:15,0.01,,,,,,Normal,0.15
WL.BBU.01,2026-10-09 18:15,0.46,,,,,,Normal,0.5
WL.BCN.01,2026-10-09 18:15,0.5,,,,,,Normal,0.53
WL.BCN.02,2026-10-09 18:15,0.48,,,,,,Normal,0.52
WL.BCN.03,2026-10-09 18:15,0.56,,,,,,Normal,0.58
WL.BJK.01,2026-10-09 18:15,-1.33,1.65,,0.0,0.0,,Normal,-1.06
WL.BJK.02,2026-10-09 18:15,0.44,,,,,,Normal,0.48
WL.BJK.03,2026-10-09 18:15,0.4,,,,,,Normal,0.45
WL.BJK.04,2026-10-09 18:15,0.48,,,,,,Normal,0.53
WL.BKA.01,2026-10-09 18:15,-1.72,2.16,,1.73,1.75,0.0,Normal,-1.24
WL.BKA.02,2026-10-09 18:15,-0.85,,,,,,Normal,-0.69
WL.BKA.03,2026-10-09 18:15,-0.41,,,,,,Normal,-0.27
WL.BKA.04,2026-10-09 18:15,0.08,,,,,,Normal,0.16
WL.BKB.01,2026-10-09 18:15,-0.3,,,,,,Normal,-0.3
WL.BKG.01,2026-10-09 18:15,0.65,-2.0,,0.0,,,Critical,0.69
WL.BKK.01,2026-10-09 18:15,0.5,,,,,,Normal,
WL.BKT.01,2026-10-09 18:15,-0.68,,,,,,Normal,-0.26
WL.BKY.02,2026-10-09 18:15,0.41,,,,,,Normal,0.47
WL.BLP.02,2026-10-09 18:15,-0.69,,,,,,Normal,-0.69
WL.BLY.01,2026-10-09 18:15,-0.55,,,,,,Normal,-0.43
WL.BLY.02,2026-10-09 18:15,-0.58,,,,,,Normal,-0.52
WL.BMA.02,2026-10-09 18:15,-0.02,,,,,,Normal,1.1
WL.BMK.01,2026-10-09 18:15,-1.74,,,,,,Normal,-1.29
WL.BNA.01,2026-10-09 18:15,-1.66,1.57,,0.0,0.0,,Normal,-1.15
WL.BNA.03,2026-10-09 18:15,-0.61,,,,,,Normal,-0.55
WL.BNA.04,2026-10-09 18:15,-0.5,,,,,,Normal,-0.42
WL.BNJ.02,2026-10-09 18:15,-2.77,,,,,,Normal,-1.16
WL.BNJ.04,2026-10-09 18:15,-1.31,,,,,,Normal,-1.05
WL.BNS.01,2026-10-09 18:15,0.51,,,,,,Normal,0.53
WL.BOA.01,2026-10-09 18:15,-1.36,1.69,,0.0,0.0,,Normal,-1.05
WL.BOA.02,2026-10-09 18:15,-1.25,,,,,,Normal,-1.02
WL.BOA.03,2026-10-09 18:15,-1.35,,,,,,Normal,-1.12
WL.BON.01,2026-10-09 18:15,-1.3,,,,,,Normal,-1.04
WL.BPA.01,2026-10-09 18:15,-0.64,,,,,,Normal,-0.54
WL.BPK.01,2026-10-09 18:15,0.13,,,,,,Normal,0.2
WL.BPM.01,2026-10-09 18:15,0.33,,,,,,Normal,0.47
WL.BPM.02,2026-10-09 18:15,0.45,,,,,,Normal,0.52
WL.BPM.03,2026-10-09 18:15,0.62,,,,,,Alert,0.64
WL.BPM.04,2026-10-09 18:15,0.6,,,,,,Alert,0.61
WL.BPN.02,2026-10-09 18:15,0.15,,,,,,Normal,0.17
WL.BPU.01,2026-10-09 18:15,1.08,,,,,,Normal,1.39
WL.BSE.01,2026-10-09 18:15,-1.57,,,,,,Normal,
WL.BSK.01,2026-10-09 18:15,0.19,1.83,,0.0,0.0,,Normal,0.42
WL.BSU.01,2026-10-09 18:15,-0.97,2.17,,0.0,0.0,0.0,Normal,-0.85
WL.BSU.02,2026-10-09 18:15,-0.83,,,,,,Normal,-0.78
WL.BSU.03,2026-10-09 18:15,-1.27,,,,,,Normal,-1.24
WL.BSU.04,2026-10-09 18:15,-0.33,,,,,,Normal,-0.33
WL.BSU.05,2026-10-09 18:15,-1.06,,,,,,Normal,-1.06
WL.BSU.06,2026-10-09 18:15,-0.81,,,,,,Normal,-0.56
WL.BSU.07,2026-10-09 18:15,-0.49,,,,,,Normal,-0.41
WL.BTL.01,2026-10-09 18:15,-0.62,,,,,,Normal,-0.51
WL.BTY.01,2026-10-09 18:15,0.32,,,,,,Normal,0.36
WL.BWK.01,2026-10-09 18:15,0.35,,,,,,Normal,0.41
WL.BWK.02,2026-10-09 18:15,0.57,,,,,,Normal,0.61
WL.BWK.03,2026-10-09 18:15,0.65,,,,,,Normal,0.66
WL.BYI.01,2026-10-09 18:15,1.0,,,,,,Critical,1.0
WL.BYK.02,2026-10-09 18:15,-0.05,,,,,,Normal,0.37
WL.CKS.01,2026-10-09 18:15,-1.27,,,0.0,0.0,,Normal,-1.16
WL.CKS.02,2026-10-09 18:15,-1.03,,,,,,Normal,-0.95
WL.CKS.03,2026-10-09 18:15,-1.21,,,,,,Normal,-1.12
WL.CLH.01,2026-10-09 18:15,-0.32,,,,,,Normal,
WL.CNS.01,2026-10-09 18:15,-2.36,1.68,,0.0,0.0,,Normal,-1.23
WL.CPA.01,2026-10-09 18:15,0.27,1.95,,0.0,3.66,,Normal,0.49
WL.CPA.02,2026-10-09 18:15,0.32,,,,,,Normal,0.39
WL.CYI.01,2026-10-09 18:15,-0.61,,,,,,Normal,-0.59
WL.CYI.03,2026-10-09 18:15,-0.43,,,,,,Normal,-0.43
WL.DKN.01,2026-10-09 18:15,0.25,1.85,,4.21,0.0,0.0,Normal,0.32
WL.FTM.01,2026-10-09 18:15,-1.06,,,,,,Normal,-1.06
WL.HKG.01,2026-10-09 18:15,-0.63,,,,,,Normal,-0.63
WL.HKG.02,2026-10-09 18:15,-0.65,,,,,,Normal,-0.65
WL.HMK.01,2026-10-09 18:15,-0.14,,,,,,Alert,0.0
WL.HMK.02,2026-10-09 18:15,-0.37,,,,,,Normal,-0.02
WL.HMK.03,2026-10-09 18:15,-0.09,,,,,,Normal,0.0
WL.JRN.01,2026-10-09 18:15,0.18,1.77,,0.0,,,Normal,0.35
WL.KBU.01,2026-10-09 18:15,0.42,1.68,,0.0,,,Normal,0.6
WL.KBU.02,2026-10-09 18:15,0.47,,,,,,Normal,0.57
WL.KCD.01,2026-10-09 18:15,-1.02,,,,,,Normal,-1.0
WL.KDN.01,2026-10-09 18:15,-0.64,1.7,,0.0,,,Normal,-0.6
WL.KJA.01,2026-10-09 18:15,-0.7,,,,,,Normal,-0.49
WL.KJA.02,2026-10-09 18:15,-0.27,,,,,,Normal,-0.24
WL.KJG.01,2026-10-09 18:15,-0.48,,,,,,Normal,-0.18
WL.KJK.01,2026-10-09 18:15,-1.08,1.67,,0.0,0.0,,Normal,-1.08
WL.KJK.02,2026-10-09 18:15,-1.09,,,,,,Normal,-0.91
WL.KJN.02,2026-10-09 18:15,-0.12,,,,,,Normal,-0.04
WL.KJT.01,2026-10-09 18:15,-1.2,,,,,,Normal,-0.51
WL.KJU.01,2026-10-09 18:15,-0.46,,,,,,Normal,-0.38
WL.KKD.01,2026-10-09 18:15,-0.56,,,,,,Normal,-0.41
WL.KKD.02,2026-10-09 18:15,-0.62,,,,,,Normal,-0.51
WL.KKD.03,2026-10-09 18:15,-0.75,,,,,,Normal,-0.5
WL.KKO.01,2026-10-09 18:15,1.62,,,,,,Alert,1.63
WL.KKS.01,2026-10-09 18:15,-0.7,2.0,,0.0,0.0,,Normal,-0.7
WL.KKS.02,2026-10-09 18:15,-0.66,,,,,,Normal,-0.66
WL.KKS.03,2026-10-09 18:15,-0.75,,,,,,Normal,-0.75
WL.KKS.04,2026-10-09 18:15,-0.72,1.5,,0.0,,,Normal,-0.72
WL.KKY.01,2026-10-09 18:15,0.67,,,,,,Normal,0.69
WL.KKY.02,2026-10-09 18:15,0.66,,,,,,Normal,0.69
WL.KLA.01,2026-10-09 18:15,-0.26,,,,,,Normal,0.39
WL.KLD.01,2026-10-09 18:15,-0.38,,,,,,Normal,-0.27
WL.KLD.02,2026-10-09 18:15,-0.34,,,,,,Normal,-0.19
WL.KLT.01,2026-10-09 18:15,-0.69,,,,,,Normal,-0.66
WL.KMN.01,2026-10-09 18:15,0.28,1.94,,0.11,6.22,0.0,Normal,0.42
WL.KNB.02,2026-10-09 18:15,-0.4,,,,,,Normal,-0.36
WL.KPG.01,2026-10-09 18:15,-1.17,,,,,,Normal,-0.99
WL.KPM.01,2026-10-09 18:15,-0.32,,,,,,Normal,-0.25
WL.KPM.03,2026-10-09 18:15,-0.12,,,,,,Normal,-0.02
WL.KPM.04,2026-10-09 18:15,0.36,,,,,,Normal,0.49
WL.KPM.05,2026-10-09 18:15,0.42,,,,,,Normal,0.54
WL.KPM.06,2026-10-09 18:15,0.36,,,,,,Normal,0.53
WL.KPM.08,2026-10-09 18:15,0.42,,,,,,Normal,0.53
WL.KSG.01,2026-10-09 18:15,0.7,,,,,,Normal,0.79
WL.KSI.01,2026-10-09 18:15,0.79,,,,,,Normal,0.84
WL.KSI.02,2026-10-09 18:15,0.82,,,,,,Critical,0.85
WL.KSK.01,2026-10-09 18:15,-0.62,,,,,,Normal,-0.56
WL.KSM.01,2026-10-09 18:15,0.81,,,,,,Critical,0.85
WL.KSM.02,2026-10-09 18:15,0.76,,,,,,Critical,0.81
WL.KSO.01,2026-10-09 18:15,0.78,,,,,,Normal,0.8
WL.KSO.02,2026-10-09 18:15,0.83,,,,,,Normal,0.85
WL.KTY.01,2026-10-09 18:15,-2.19,1.64,,0.0,,,Normal,-1.35
WL.LBK.02,2026-10-09 18:15,0.53,,,,,,Critical,0.58
WL.LBK.03,2026-10-09 18:15,0.44,,,,,,Critical,0.5
WL.LCL.01,2026-10-09 18:15,0.64,,,,,,Normal,0.67
WL.LKB.01,2026-10-09 18:15,0.69,,,,,,Critical,0.74
WL.LOA.01,2026-10-09 18:15,0.19,,,,,,Normal,0.9
WL.LOA.02,2026-10-09 18:15,0.74,,,,,,Normal,0.84
WL.LPC.01,2026-10-09 18:15,1.1,,,,,,Critical,1.12
WL.LPG.02,2026-10-09 18:15,1.0,1.75,,0.0,,,Critical,1.02
WL.LPG.03,2026-10-09 18:15,0.94,,,,,,Critical,0.97
WL.LPN.01,2026-10-09 18:15,-0.86,0.86,,0.0,,,Normal,-0.63
WL.LPP.01,2026-10-09 18:15,-1.36,,,,,,Normal,-0.95
WL.LPP.02,2026-10-09 18:15,-0.69,,,,,,Normal,
WL.LPT.01,2026-10-09 18:15,1.21,,,,,,Critical,1.22
WL.LPT.03,2026-10-09 18:15,0.88,,,,,,Critical,0.91
WL.LPW.01,2026-10-09 18:15,-0.22,-0.28,,0.0,,,Normal,-0.22
WL.LPW.03,2026-10-09 18:15,0.25,,,,,,Normal,0.25
WL.LPW.05,2026-10-09 18:15,-0.56,,,,,,Normal,-0.56
WL.LSG.01,2026-10-09 18:15,-1.19,,,,,,Normal,-1.18
WL.LSM.01,2026-10-09 18:15,-0.61,,,,,,Normal,-0.57
WL.LYW.01,2026-10-09 18:15,-1.44,,,,,,Normal,-1.38
WL.LYW.02,2026-10-09 18:15,-1.45,,,,,,Normal,-1.43
WL.MCM.01,2026-10-09 18:15,0.23,,,,,,Normal,0.26
WL.MFS.01,2026-10-09 18:15,-0.72,,,,,,Normal,-0.72
WL.MKT.01,2026-10-09 18:15,-0.31,,,,,,Normal,-0.27
WL.MSW.01,2026-10-09 18:15,1.81,,,,,,Alert,1.81
WL.MSW.02,2026-10-09 18:15,1.11,,,,,,Normal,1.16
WL.MSW.03,2026-10-09 18:15,1.71,,,,,,Normal,1.71
WL.MSW.04,2026-10-09 18:15,0.98,,,,,,Normal,
WL.MTG.01,2026-10-09 18:15,-0.67,,,,,,Normal,-0.62
WL.NBN.01,2026-10-09 18:15,-3.93,-1.34,,0.0,,,Normal,-3.58
WL.NCH.02,2026-10-09 18:15,-0.35,,,,,,Normal,-0.33
WL.NK1.01,2026-10-09 18:15,0.01,,,,,,Normal,0.02
WL.NK3.01,2026-10-09 18:15,-0.49,,,,,,Normal,-0.1
WL.NKW.02,2026-10-09 18:15,-0.14,,,,,,Normal,-0.14
WL.NSG.01,2026-10-09 18:15,-2.0,,,,,,Normal,-2.0
WL.OAG.01,2026-10-09 18:15,-0.71,,,,,,Normal,-0.71
WL.ORC.01,2026-10-09 18:15,-1.31,-0.62,,0.0,,,Normal,-1.31
WL.PKG.01,2026-10-09 18:15,1.9,,,,,,Normal,1.92
WL.PKN.01,2026-10-09 18:15,-0.84,1.75,,0.0,0.0,0.0,Normal,-0.68
WL.PLK.01,2026-10-09 18:15,1.25,,,,,,Alert,1.3
WL.PLP.01,2026-10-09 18:15,-0.42,,,,,,Normal,-0.38
WL.PNM.01,2026-10-09 18:15,0.32,,,,,,Critical,0.38
WL.PSC.01,2026-10-09 18:15,0.32,0.36,,0.0,0.0,0.0,Normal,0.39
WL.PSC.02,2026-10-09 18:15,0.3,,,,,,Normal,0.36
WL.PSC.03,2026-10-09 18:15,0.31,,,,,,Normal,0.36
WL.PSC.05,2026-10-09 18:15,0.38,,,,,,Normal,0.43
WL.PSI.01,2026-10-09 18:15,-1.41,,,,,,Normal,-1.18
WL.PSR.01,2026-10-09 18:15,1.07,1.79,,0.2,,,Alert,1.12
WL.PSR.02,2026-10-09 18:15,1.1,,,,,,Alert,1.15
WL.PSR.03,2026-10-09 18:15,1.07,,,,,,Alert,1.13
WL.PSR.04,2026-10-09 18:15,0.73,,,,,,Normal,0.78
WL.PSR.05,2026-10-09 18:15,0.76,,,,,,Alert,0.81
WL.PST.01,2026-10-09 18:15,-0.9,,,,,,Normal,-0.89
WL.PWT.01,2026-10-09 18:15,-0.57,,,,,,Normal,-0.51
WL.PWT.03,2026-10-09 18:15,0.19,0.21,,5.84,5.9,,Alert,0.27
WL.PWT.06,2026-10-09 18:15,0.94,,,,,,Critical,0.98
WL.PWT.07,2026-10-09 18:15,0.93,,,,,,Critical,0.97
WL.RHN.01,2026-10-09 18:15,-0.63,-0.45,,0.0,,,Normal,-0.63
WL.RJK.01,2026-10-09 18:15,0.28,0.28,,7.5,,,Normal,0.36
WL.RKC.01,2026-10-09 18:15,-0.99,,,,,,Normal,-0.74
WL.RMN.01,2026-10-09 18:15,0.53,,,,,,Normal,
WL.RMT.01,2026-10-09 18:15,-1.04,0.82,,0.0,0.0,,Normal,-0.25
WL.RMT.02,2026-10-09 18:15,-0.24,,,,,,Normal,-0.08
WL.RMT.03,2026-10-09 18:15,-2.0,,,,,,Normal,-2.0
WL.RSK.01,2026-10-09 18:15,0.41,,,,,,Normal,0.44
WL.SBR.01,2026-10-09 18:15,0.73,1.1,,0.0,,,Normal,0.91
WL.SBR.02,2026-10-09 18:15,0.65,,,,,,Normal,0.68
WL.SBT.01,2026-10-09 18:15,-0.48,0.21,,0.0,,,Normal,-0.09
WL.SCO.01,2026-10-09 18:15,0.02,,,,,,Normal,0.32
WL.SDN.01,2026-10-09 18:15,0.23,,,,,,Normal,0.23
WL.SKT.01,2026-10-09 18:15,-0.8,,,,,,Normal,-0.55
WL.SKT.02,2026-10-09 18:15,-1.22,,,,,,Normal,-0.59
WL.SMK.01,2026-10-09 18:15,-0.24,,,,,,Normal,-0.24
WL.SNC.01,2026-10-09 18:15,-0.29,0.95,,0.0,0.0,0.0,Normal,-0.16
WL.SNC.02,2026-10-09 18:15,0.29,,,,,,Normal,0.36
WL.SNC.03,2026-10-09 18:15,0.03,,,,,,Normal,0.08
WL.SNO.01,2026-10-09 18:15,-1.47,,,,,,Normal,-0.74
WL.SOL.01,2026-10-09 18:15,-0.65,,,,,,Normal,-0.62
WL.SRE.01,2026-10-09 18:15,-0.89,1.87,,0.0,0.0,,Normal,0.06
WL.SRG.01,2026-10-09 18:15,-0.5,1.61,,0.0,0.0,0.0,Normal,-0.17
WL.SSB.01,2026-10-09 18:15,-0.71,,,,,,Normal,-0.71
WL.SSB.03,2026-10-09 18:15,-0.64,,,,,,Normal,-0.41
WL.SSB.04,2026-10-09 18:15,-0.55,-0.55,,7.5,7.5,,Normal,-0.49
WL.SSB.06,2026-10-09 18:15,-0.4,,,,,,Normal,-0.22
WL.SSB.07,2026-10-09 18:15,0.06,,,,,,Normal,0.6
WL.SSB.08,2026-10-09 18:15,0.33,,,,,,Normal,0.34
WL.SSB.09,2026-10-09 18:15,0.57,1.1,,0.0,,,Critical,0.58
WL.SSB.10,2026-10-09 18:15,0.82,1.08,,3.64,,,Critical,0.82
WL.SSB.11,2026-10-09 18:15,1.23,,,,,,Critical,1.25
WL.SSB.12,2026-10-09 18:15,1.22,1.5,,0.0,,,Critical,1.24
WL.SSB.13,2026-10-09 18:15,1.89,,,,,,Critical,
WL.SSG.01,2026-10-09 18:15,1.57,,,,,,Alert,1.58
WL.SSM.01,2026-10-09 18:15,1.32,-99,,0.0,,,Critical,1.32
WL.SSM.02,2026-10-09 18:15,1.55,,,,,,Normal,
WL.SSN.01,2026-10-09 18:15,-1.06,2.01,,7.0,0.0,0.0,Normal,-1.05
WL.SSN.02,2026-10-09 18:15,-1.06,,,,,,Normal,-1.06
WL.SSN.04,2026-10-09 18:15,-0.96,,,,,,Normal,-0.96
WL.SSN.06,2026-10-09 18:15,-1.77,,,,,,Normal,-1.76
WL.SSN.07,2026-10-09 18:15,-0.9,,,,,,Normal,-0.9
WL.SSN.08,2026-10-09 18:15,-0.61,-0.59,,0.0,,,Normal,-0.61
WL.SSN.09,2026-10-09 18:15,-0.62,,,,,,Normal,-0.62
WL.SSN.10,2026-10-09 18:15,-0.58,,,,,,Normal,-0.58
WL.SST.01,2026-10-09 18:15,0.83,1.75,,0.32,,,Alert,0.91
WL.STN.02,2026-10-09 18:15,0.62,,,,,,Critical,0.66
WL.STN.03,2026-10-09 18:15,0.66,,,,,,Critical,0.72
WL.STR.01,2026-10-09 18:15,-0.97,0.21,1.8,0.0,0.0,0.0,Normal,-0.97
WL.SWA.01,2026-10-09 18:15,0.83,1.37,,0.44,,,Critical,0.86
WL.SWU.01,2026-10-09 18:15,-1.62,,,,,,Normal,-0.89
WL.TCG.01,2026-10-09 18:15,-0.99,,,,,,Normal,-0.84
WL.TPK.03,2026-10-09 18:15,0.46,,,,,,Critical,0.52
WL.TSK.01,2026-10-09 18:15,-1.8,,,,,,Normal,-1.8
WL.TTN.01,2026-10-09 18:15,-0.73,,,,,,Normal,-0.65
WL.TUT.02,2026-10-09 18:15,-1.14,,,,,,Normal,-0.22
WL.TWW.01,2026-10-09 18:15,0.78,1.03,,0.99,,,Normal,0.79
WL.TWW.02,2026-10-09 18:15,0.75,,,,,,Normal,0.75
WL.TWW.04,2026-10-09 18:15,0.7,,,,,,Normal,0.7
WL.TWW.05,2026-10-09 18:15,0.42,,,,,,Normal,0.45
WL.VPD.01,2026-10-09 18:15,-1.04,,,,,,Normal,-1.0
WL.VPD.02,2026-10-09 18:15,-1.03,,,,,,Normal,-0.96
WL.VPD.03,2026-10-09 18:15,-1.27,,,,,,Normal,-1.27
WL.VPV.01,2026-10-09 18:15,-2.33,,,0.0,,,Normal,-1.37
WL.WHK.01,2026-10-09 18:15,0.85,,,,,,Normal,0.85
WL.WKT.01,2026-10-09 18:15,-0.28,,,,,,Normal,0.55
WL.WLS.01,2026-10-09 18:15,0.52,,,,,,Normal,0.61
WL.WSI.01,2026-10-09 18:15,-1.02,1.77,,0.0,0.0,0.0,Normal,-0.54
WL.WSV.01,2026-10-09 18:15,0.01,,,,,,Normal,0.21
WL.WTK.01,2026-10-09 18:15,-0.65,,,,,,Normal,-0.43
WL.WTN.02,2026-10-09 18:15,-1.19,,,,,,Normal,-1.1
WL.YPE.01,2026-10-09 18:15,0.33,,,,,,Normal,0.39
WL.YPN.01,2026-10-09 18:15,-0.92,,,,,,Normal,-0.51
WL.YPN.02,2026-10-09 18:15,-1.6,,,,,,Normal,-0.57
WL.YSN.02,2026-10-09 18:15,-0.84,,,,,,Normal,-0.84
WL.LPI.02,2026-10-09 18:19,0.12,,,,,,Normal,0.12
WL.KKD.04,2026-10-09 18:35,-0.53,,,,,,Normal,-0.45
WL.SSB.13,2026-10-09 18:50,1.89,,,,,,temporarily out of order,
WL.AJP.01,2026-10-09 19:00,-1.05,,,,,,backfill,
WL.ANX.01,2026-10-09 19:00,0.02,,,,,,backfill,
WL.BAM.01,2026-10-09 19:00,0.24,,,,,,backfill,
WL.BBN.01,2026-10-09 19:00,,,,,,,backfill,
WL.BBN.02,2026-10-09 19:00,0.11,,,,,,backfill,
WL.BBN.03,2026-10-09 19:00,0.36,,,,,,backfill,
WL.BBR.01,2026-10-09 19:00,-0.14,,,,,,backfill,
WL.BBR.02,2026-10-09 19:00,-0.05,,,,,,backfill,
WL.BBU.01,2026-10-09 19:00,0.49,,,,,,backfill,
WL.BCN.01,2026-10-09 19:00,0.51,,,,,,backfill,
WL.BCN.02,2026-10-09 19:00,0.51,,,,,,backfill,
WL.BCN.03,2026-10-09 19:00,0.56,,,,,,backfill,
WL.BJK.01,2026-10-09 19:00,-1.31,1.50,,,,,backfill,
WL.BJK.02,2026-10-09 19:00,0.50,,,,,,backfill,
WL.BJK.03,2026-10-09 19:00,0.47,,,,,,backfill,
WL.BJK.04,2026-10-09 19:00,0.52,,,,,,backfill,
WL.BKA.01,2026-10-09 19:00,-1.72,2.17,,,,,backfill,
WL.BKA.02,2026-10-09 19:00,-0.85,,,,,,backfill,
WL.BKA.03,2026-10-09 19:00,-0.40,,,,,,backfill,
WL.BKA.04,2026-10-09 19:00,0.12,,,,,,backfill,
WL.BKB.01,2026-10-09 19:00,-0.28,,,,,,backfill,
WL.BKG.01,2026-10-09 19:00,0.67,-2.00,,,,,backfill,
WL.BKT.01,2026-10-09 19:00,-0.67,,,,,,backfill,
WL.BKY.01,2026-10-09 19:00,0.20,1.92,,,,,backfill,
WL.BKY.02,2026-10-09 19:00,0.43,,,,,,backfill,
WL.BLP.02,2026-10-09 19:00,-0.47,,,,,,backfill,
WL.BLY.01,2026-10-09 19:00,-0.63,,,,,,backfill,
WL.BLY.02,2026-10-09 19:00,-0.67,,,,,,backfill,
WL.BMA.02,2026-10-09 19:00,-0.08,,,,,,backfill,
WL.BMK.01,2026-10-09 19:00,-1.66,,,,,,backfill,
WL.BNA.01,2026-10-09 19:00,-1.65,1.42,,,,,backfill,
WL.BNA.02,2026-10-09 19:00,,,,,,,backfill,
WL.BNA.03,2026-10-09 19:00,-0.62,,,,,,backfill,
WL.BNA.04,2026-10-09 19:00,-0.51,,,,,,backfill,
WL.BNJ.01,2026-10-09 19:00,,,,,,,backfill,
WL.BNJ.02,2026-10-09 19:00,-2.93,,,,,,backfill,
WL.BNJ.03,2026-10-09 19:00,,,,,,,backfill,
WL.BNJ.04,2026-10-09 19:00,-1.37,,,,,,backfill,
WL.BNS.01,2026-10-09 19:00,0.49,,,,,,backfill,
WL.BOA.01,2026-10-09 19:00,-1.39,1.59,,,,,backfill,
WL.BOA.02,2026-10-09 19:00,-1.25,,,,,,backfill,
WL.BOA.03,2026-10-09 19:00,-1.40,,,,,,backfill,
WL.BON.01,2026-10-09 19:00,-1.31,,,,,,backfill,
WL.BPA.01,2026-10-09 19:00,-0.55,,,,,,backfill,
WL.BPK.01,2026-10-09 19:00,0.16,,,,,,backfill,
WL.BPM.01,2026-10-09 19:00,0.31,,,,,,backfill,
WL.BPM.02,2026-10-09 19:00,0.46,,,,,,backfill,
WL.BPM.03,2026-10-09 19:00,0.62,,,,,,backfill,
WL.BPM.04,2026-10-09 19:00,0.59,,,,,,backfill,
WL.BPN.02,2026-10-09 19:00,0.21,,,,,,backfill,
WL.BPU.01,2026-10-09 19:00,0.78,,,,,,backfill,
WL.BSK.01,2026-10-09 19:00,0.02,1.72,,,,,backfill,
WL.BSU.01,2026-10-09 19:00,-1.00,2.14,,,,,backfill,
WL.BSU.02,2026-10-09 19:00,-0.78,,,,,,backfill,
WL.BSU.03,2026-10-09 19:00,-1.32,,,,,,backfill,
WL.BSU.04,2026-10-09 19:00,-1.08,,,,,,backfill,
WL.BSU.05,2026-10-09 19:00,-1.08,,,,,,backfill,
WL.BSU.06,2026-10-09 19:00,-1.04,,,,,,backfill,
WL.BSU.07,2026-10-09 19:00,-0.48,,,,,,backfill,
WL.BTL.01,2026-10-09 19:00,-0.70,,,,,,backfill,
WL.BTY.01,2026-10-09 19:00,0.36,,,,,,backfill,
WL.BWK.01,2026-10-09 19:00,0.39,,,,,,backfill,
WL.BWK.02,2026-10-09 19:00,0.62,,,,,,backfill,
WL.BWK.03,2026-10-09 19:00,0.67,,,,,,backfill,
WL.BYI.01,2026-10-09 19:00,1.00,,,,,,backfill,
WL.BYK.01,2026-10-09 19:00,,,,,,,backfill,
WL.BYK.02,2026-10-09 19:00,-0.51,,,,,,backfill,
WL.CKS.01,2026-10-09 19:00,-1.11,,,,,,backfill,
WL.CKS.02,2026-10-09 19:00,-0.96,,,,,,backfill,
WL.CKS.03,2026-10-09 19:00,-1.21,,,,,,backfill,
WL.CNS.01,2026-10-09 19:00,-2.37,1.53,,,,,backfill,
WL.CPA.01,2026-10-09 19:00,0.24,1.94,,,,,backfill,
WL.CPA.02,2026-10-09 19:00,0.35,,,,,,backfill,
WL.CYI.01,2026-10-09 19:00,-0.64,,,,,,backfill,
WL.CYI.02,2026-10-09 19:00,-0.61,,,,,,backfill,
WL.CYI.03,2026-10-09 19:00,-0.40,,,,,,backfill,
WL.DKN.01,2026-10-09 19:00,0.33,1.68,,,,,backfill,
WL.FTM.01,2026-10-09 19:00,-0.84,,,,,,backfill,
WL.HKG.01,2026-10-09 19:00,-0.61,,,,,,backfill,
WL.HKG.02,2026-10-09 19:00,-0.65,,,,,,backfill,
WL.HMK.01,2026-10-09 19:00,-0.11,,,,,,backfill,
WL.HMK.02,2026-10-09 19:00,-0.35,,,,,,backfill,
WL.HMK.03,2026-10-09 19:00,-0.07,,,,,,backfill,
WL.JKK.01,2026-10-09 19:00,,,,,,,backfill,
WL.JRN.01,2026-10-09 19:00,-0.16,1.63,,,,,backfill,
WL.KBU.01,2026-10-09 19:00,0.36,1.78,,,,,backfill,
WL.KBU.02,2026-10-09 19:00,0.44,,,,,,backfill,
WL.KCD.01,2026-10-09 19:00,-1.00,,,,,,backfill,
WL.KDN.01,2026-10-09 19:00,-0.67,1.55,,,,,backfill,
WL.KJA.01,2026-10-09 19:00,-0.79,,,,,,backfill,
WL.KJA.02,2026-10-09 19:00,-0.40,,,,,,backfill,
WL.KJG.01,2026-10-09 19:00,-0.46,,,,,,backfill,
WL.KJK.01,2026-10-09 19:00,-1.38,1.52,,,,,backfill,
WL.KJK.02,2026-10-09 19:00,-1.31,,,,,,backfill,
WL.KJN.01,2026-10-09 19:00,,,,,,,backfill,
WL.KJN.02,2026-10-09 19:00,-0.02,,,,,,backfill,
WL.KJT.01,2026-10-09 19:00,-1.20,,,,,,backfill,
WL.KJU.01,2026-10-09 19:00,-0.64,,,,,,backfill,
WL.KKD.01,2026-10-09 19:00,-0.65,,,,,,backfill,
WL.KKD.02,2026-10-09 19:00,-0.70,,,,,,backfill,
WL.KKD.03,2026-10-09 19:00,-0.79,,,,,,backfill,
WL.KKD.04,2026-10-09 19:00,-0.60,,,,,,backfill,
WL.KKO.01,2026-10-09 19:00,1.63,,,,,,backfill,
WL.KKS.01,2026-10-09 19:00,-0.46,1.98,,,,,backfill,
WL.KKS.02,2026-10-09 19:00,-0.42,,,,,,backfill,
WL.KKS.03,2026-10-09 19:00,-0.52,,,,,,backfill,
WL.KKS.04,2026-10-09 19:00,-0.48,1.50,,,,,backfill,
WL.KKY.01,2026-10-09 19:00,0.62,,,,,,backfill,
WL.KKY.02,2026-10-09 19:00,0.64,,,,,,backfill,
WL.KLA.01,2026-10-09 19:00,-0.18,,,,,,backfill,
WL.KLD.01,2026-10-09 19:00,-0.30,,,,,,backfill,
WL.KLD.02,2026-10-09 19:00,-0.22,,,,,,backfill,
WL.KLT.01,2026-10-09 19:00,-0.63,,,,,,backfill,
WL.KMN.01,2026-10-09 19:00,0.26,1.90,,,,,backfill,
WL.KNB.01,2026-10-09 19:00,,,,,,,backfill,
WL.KNB.02,2026-10-09 19:00,-0.40,,,,,,backfill,
WL.KPG.01,2026-10-09 19:00,-1.41,,,,,,backfill,
WL.KPM.01,2026-10-09 19:00,-0.30,,,,,,backfill,
WL.KPM.03,2026-10-09 19:00,-0.10,,,,,,backfill,
WL.KPM.04,2026-10-09 19:00,0.39,,,,,,backfill,
WL.KPM.05,2026-10-09 19:00,0.40,,,,,,backfill,
WL.KPM.06,2026-10-09 19:00,0.37,,,,,,backfill,
WL.KPM.08,2026-10-09 19:00,0.41,,,,,,backfill,
WL.KPM.09,2026-10-09 19:00,,,,,,,backfill,
WL.KSG.01,2026-10-09 19:00,0.72,,,,,,backfill,
WL.KSI.01,2026-10-09 19:00,0.79,,,,,,backfill,
WL.KSI.02,2026-10-09 19:00,0.82,,,,,,backfill,
WL.KSK.01,2026-10-09 19:00,-0.71,,,,,,backfill,
WL.KSM.01,2026-10-09 19:00,0.81,,,,,,backfill,
WL.KSM.02,2026-10-09 19:00,0.76,,,,,,backfill,
WL.KSO.01,2026-10-09 19:00,0.78,,,,,,backfill,
WL.KSO.02,2026-10-09 19:00,0.83,,,,,,backfill,
WL.KT4.01,2026-10-09 19:00,,,,,,,backfill,
WL.KTY.01,2026-10-09 19:00,-2.06,1.49,,,,,backfill,
WL.LBK.02,2026-10-09 19:00,0.53,,,,,,backfill,
WL.LBK.03,2026-10-09 19:00,0.44,,,,,,backfill,
WL.LCL.01,2026-10-09 19:00,0.70,,,,,,backfill,
WL.LCL.02,2026-10-09 19:00,,,,,,,backfill,
WL.LKB.01,2026-10-09 19:00,0.68,,,,,,backfill,
WL.LOA.01,2026-10-09 19:00,0.23,,,,,,backfill,
WL.LOA.02,2026-10-09 19:00,0.74,,,,,,backfill,
WL.LPC.01,2026-10-09 19:00,1.10,,,,,,backfill,
WL.LPG.02,2026-10-09 19:00,1.00,1.75,,,,,backfill,
WL.LPG.03,2026-10-09 19:00,0.94,,,,,,backfill,
WL.LPI.02,2026-10-09 19:00,0.10,,,,,,backfill,
WL.LPN.01,2026-10-09 19:00,-0.76,0.94,,,,,backfill,
WL.LPP.01,2026-10-09 19:00,-1.38,,,,,,backfill,
WL.LPT.01,2026-10-09 19:00,,,,,,,backfill,
WL.LPT.03,2026-10-09 19:00,0.88,,,,,,backfill,
WL.LPW.01,2026-10-09 19:00,-0.20,-0.25,,,,,backfill,
WL.LPW.03,2026-10-09 19:00,0.28,,,,,,backfill,
WL.LPW.04,2026-10-09 19:00,-0.41,,,,,,backfill,
WL.LPW.05,2026-10-09 19:00,-0.52,,,,,,backfill,
WL.LSG.01,2026-10-09 19:00,-1.20,,,,,,backfill,
WL.LSM.01,2026-10-09 19:00,-0.62,,,,,,backfill,
WL.LYW.01,2026-10-09 19:00,-1.36,,,,,,temporarily out of order,-1.36
WL.LYW.02,2026-10-09 19:00,-1.40,,,,,,backfill,
WL.MCM.01,2026-10-09 19:00,0.26,,,,,,backfill,
WL.MFS.01,2026-10-09 19:00,-0.71,,,,,,backfill,
WL.MKT.01,2026-10-09 19:00,-0.31,,,,,,backfill,
WL.MSW.01,2026-10-09 19:00,1.86,,,,,,backfill,
WL.MSW.02,2026-10-09 19:00,1.12,,,,,,backfill,
WL.MSW.03,2026-10-09 19:00,1.80,,,,,,backfill,
WL.MTG.01,2026-10-09 19:00,-0.70,,,,,,backfill,
WL.NBN.01,2026-10-09 19:00,-3.89,-1.36,,,,,backfill,
WL.NCH.02,2026-10-09 19:00,-0.41,,,,,,backfill,
WL.NK1.01,2026-10-09 19:00,0.04,,,,,,backfill,
WL.NK3.01,2026-10-09 19:00,-0.46,,,,,,backfill,
WL.NKW.02,2026-10-09 19:00,-0.16,,,,,,backfill,
WL.NSG.01,2026-10-09 19:00,-2.00,,,,,,backfill,
WL.OAG.01,2026-10-09 19:00,-0.51,,,,,,backfill,
WL.ORC.01,2026-10-09 19:00,-1.11,-0.47,,,,,backfill,
WL.PKG.01,2026-10-09 19:00,1.86,,,,,,backfill,
WL.PKN.01,2026-10-09 19:00,-0.80,1.60,,,,,backfill,
WL.PLK.01,2026-10-09 19:00,1.02,,,,,,backfill,
WL.PLP.01,2026-10-09 19:00,-0.42,,,,,,backfill,
WL.PNM.01,2026-10-09 19:00,0.32,,,,,,backfill,
WL.PSC.01,2026-10-09 19:00,0.36,0.40,,,,,backfill,
WL.PSC.02,2026-10-09 19:00,0.36,,,,,,backfill,
WL.PSC.03,2026-10-09 19:00,0.37,,,,,,backfill,
WL.PSC.05,2026-10-09 19:00,0.39,,,,,,backfill,
WL.PSI.01,2026-10-09 19:00,-1.71,,,,,,backfill,
WL.PSR.01,2026-10-09 19:00,1.11,1.80,,,,,backfill,
WL.PSR.02,2026-10-09 19:00,1.14,,,,,,backfill,
WL.PSR.03,2026-10-09 19:00,1.10,,,,,,backfill,
WL.PSR.04,2026-10-09 19:00,0.75,,,,,,backfill,
WL.PSR.05,2026-10-09 19:00,0.77,,,,,,backfill,
WL.PSR.06,2026-10-09 19:00,,,,,,,backfill,
WL.PST.01,2026-10-09 19:00,-0.89,,,,,,backfill,
WL.PWT.01,2026-10-09 19:00,-0.53,,,,,,backfill,
WL.PWT.02,2026-10-09 19:00,-0.03,,,,,,backfill,
WL.PWT.03,2026-10-09 19:00,0.19,0.20,,,,,backfill,
WL.PWT.04,2026-10-09 19:00,0.52,0.57,,,,,backfill,
WL.PWT.05,2026-10-09 19:00,,,,,,,backfill,
WL.PWT.06,2026-10-09 19:00,0.94,,,,,,backfill,
WL.PWT.07,2026-10-09 19:00,0.93,,,,,,backfill,
WL.PYW.01,2026-10-09 19:00,-1.40,,,,,,backfill,
WL.RHN.01,2026-10-09 19:00,-0.58,-0.11,,,,,backfill,
WL.RJK.01,2026-10-09 19:00,0.30,0.30,,,,,backfill,
WL.RKC.01,2026-10-09 19:00,-1.13,,,,,,backfill,
WL.RMT.01,2026-10-09 19:00,-0.96,0.90,,,,,backfill,
WL.RMT.02,2026-10-09 19:00,-0.16,,,,,,backfill,
WL.RSK.01,2026-10-09 19:00,0.46,,,,,,backfill,
WL.SBR.01,2026-10-09 19:00,0.73,1.11,,,,,backfill,
WL.SBR.02,2026-10-09 19:00,0.64,,,,,,backfill,
WL.SBT.01,2026-10-09 19:00,-0.56,0.21,,,,,backfill,
WL.SCO.01,2026-10-09 19:00,-0.10,,,,,,backfill,
WL.SDN.01,2026-10-09 19:00,0.23,,,,,,backfill,
WL.SKG.01,2026-10-09 19:00,,,,,,,backfill,
WL.SKT.01,2026-10-09 19:00,-0.75,,,,,,backfill,
WL.SKT.02,2026-10-09 19:00,-1.21,,,,,,backfill,
WL.SLL.01,2026-10-09 19:00,,,,,,,backfill,
WL.SMK.01,2026-10-09 19:00,-0.24,,,,,,backfill,
WL.SNC.01,2026-10-09 19:00,-0.36,1.02,,,,,backfill,
WL.SNC.02,2026-10-09 19:00,0.37,,,,,,backfill,
WL.SNC.03,2026-10-09 19:00,0.09,,,,,,backfill,
WL.SNO.01,2026-10-09 19:00,-1.35,,,,,,backfill,
WL.SOL.01,2026-10-09 19:00,-0.68,,,,,,backfill,
WL.SRE.01,2026-10-09 19:00,-0.33,1.79,,,,,backfill,
WL.SRG.01,2026-10-09 19:00,-0.51,1.53,,,,,backfill,
WL.SSB.01,2026-10-09 19:00,-0.50,,,,,,backfill,
WL.SSB.03,2026-10-09 19:00,-0.43,,,,,,backfill,
WL.SSB.04,2026-10-09 19:00,-0.53,-0.56,,,,,backfill,
WL.SSB.06,2026-10-09 19:00,-0.37,,,,,,backfill,
WL.SSB.07,2026-10-09 19:00,0.17,,,,,,backfill,
WL.SSB.08,2026-10-09 19:00,0.36,,,,,,backfill,
WL.SSB.10,2026-10-09 19:00,0.83,1.08,,,,,backfill,
WL.SSB.11,2026-10-09 19:00,1.23,,,,,,backfill,
WL.SSB.12,2026-10-09 19:00,1.23,1.50,,,,,backfill,
WL.SSG.01,2026-10-09 19:00,,,,,,,backfill,
WL.SSM.01,2026-10-09 19:00,1.32,,,,,,backfill,
WL.SSN.01,2026-10-09 19:00,-1.01,2.01,,,,,backfill,
WL.SSN.02,2026-10-09 19:00,-0.98,,,,,,backfill,
WL.SSN.04,2026-10-09 19:00,-0.71,,,,,,backfill,
WL.SSN.06,2026-10-09 19:00,-1.77,,,,,,backfill,
WL.SSN.07,2026-10-09 19:00,-0.84,,,,,,backfill,
WL.SSN.08,2026-10-09 19:00,-0.55,-0.55,,,,,backfill,
WL.SSN.09,2026-10-09 19:00,-0.57,,,,,,backfill,
WL.SSN.10,2026-10-09 19:00,-0.54,,,,,,backfill,
WL.SST.01,2026-10-09 19:00,0.85,1.76,,,,,backfill,
WL.STN.01,2026-10-09 19:00,0.55,,,,,,backfill,
WL.STN.02,2026-10-09 19:00,0.62,,,,,,backfill,
WL.STN.03,2026-10-09 19:00,0.66,,,,,,backfill,
WL.STR.01,2026-10-09 19:00,-0.72,0.22,1.74,,,,backfill,
WL.SWA.01,2026-10-09 19:00,0.83,1.30,,,,,backfill,
WL.SWU.01,2026-10-09 19:00,-1.61,,,,,,backfill,
WL.TCG.01,2026-10-09 19:00,-1.04,,,,,,backfill,
WL.TPK.02,2026-10-09 19:00,,,,,,,backfill,
WL.TPK.03,2026-10-09 19:00,0.46,,,,,,backfill,
WL.TSK.01,2026-10-09 19:00,-1.80,,,,,,backfill,
WL.TTN.01,2026-10-09 19:00,-0.75,,,,,,backfill,
WL.TUT.02,2026-10-09 19:00,-1.09,,,,,,backfill,
WL.TWW.01,2026-10-09 19:00,0.76,1.08,,,,,backfill,
WL.TWW.02,2026-10-09 19:00,0.75,,,,,,backfill,
WL.TWW.03,2026-10-09 19:00,0.74,,,,,,backfill,
WL.TWW.04,2026-10-09 19:00,0.70,,,,,,backfill,
WL.TWW.05,2026-10-09 19:00,0.49,,,,,,backfill,
WL.VPD.01,2026-10-09 19:00,-1.01,,,,,,backfill,
WL.VPD.02,2026-10-09 19:00,-1.02,,,,,,backfill,
WL.VPD.03,2026-10-09 19:00,-1.23,,,,,,backfill,
WL.VPV.01,2026-10-09 19:00,-2.14,,,,,,backfill,
WL.WHK.01,2026-10-09 19:00,0.92,,,,,,backfill,
WL.WKT.01,2026-10-09 19:00,-0.32,,,,,,backfill,
WL.WLS.01,2026-10-09 19:00,0.53,,,,,,backfill,
WL.WSI.01,2026-10-09 19:00,-1.52,1.68,,,,,backfill,
WL.WSV.01,2026-10-09 19:00,0.39,,,,,,backfill,
WL.WTK.01,2026-10-09 19:00,-0.73,,,,,,backfill,
WL.WTN.02,2026-10-09 19:00,-1.28,,,,,,backfill,
WL.YPE.01,2026-10-09 19:00,0.40,,,,,,backfill,
WL.YPN.01,2026-10-09 19:00,-0.93,,,,,,backfill,
WL.YPN.02,2026-10-09 19:00,-1.57,,,,,,backfill,
WL.YSN.02,2026-10-09 19:00,-0.78,,,,,,backfill,
WL.ANG.01,2026-10-09 19:10,0.95,,,,,,Normal,
WL.BBU.02,2026-10-09 19:10,0.52,,,,,,Normal,
WL.BKH.01,2026-10-09 19:10,0.17,,,,,,Normal,
WL.BMD.01,2026-10-09 19:10,0.52,,,,,,Normal,
WL.BNJ.05,2026-10-09 19:10,-2.28,,,,,,Normal,
WL.BTL.02,2026-10-09 19:10,0.13,,,,,,Normal,
WL.CYI.02,2026-10-09 19:10,-0.61,,,,,,Normal,-0.55
WL.CYI.03,2026-10-09 19:10,-0.38,,,,,,Normal,-0.38
WL.K08.01,2026-10-09 19:10,1.58,,,,,,Alert,
WL.K10.01,2026-10-09 19:10,1.64,,,,,,Alert,
WL.K11.01,2026-10-09 19:10,1.58,,,,,,Alert,
WL.KBP.01,2026-10-09 19:10,-1.14,,,,,,Normal,
WL.KHW.01,2026-10-09 19:10,1.74,,,,,,Normal,
WL.KJU.01,2026-10-09 19:10,-0.57,,,,,,Normal,-0.38
WL.KKO.02,2026-10-09 19:10,1.59,,,,,,Alert,
WL.KPM.07,2026-10-09 19:10,0.5,,,,,,Normal,
WL.KSI.02,2026-10-09 19:10,0.82,,,,,,Critical,0.85
WL.KSO.02,2026-10-09 19:10,0.77,,,,,,Normal,0.85
WL.LPS.01,2026-10-09 19:10,0.82,,,,,,Normal,
WL.LPT.05,2026-10-09 19:10,1.78,,,,,,Normal,
WL.MKT.02,2026-10-09 19:10,-0.89,,,,,,Normal,
WL.NK3.02,2026-10-09 19:10,-0.77,,,,,,Normal,
WL.POC.01,2026-10-09 19:10,1.46,,,,,,Normal,
WL.PSC.06,2026-10-09 19:10,0.35,,,,,,Normal,
WL.RPS.01,2026-10-09 19:10,2.16,,,,,,Alert,
WL.SSG.02,2026-10-09 19:10,1.56,,,,,,Alert,
WL.STN.01,2026-10-09 19:10,0.55,,,,,,Alert,0.55
WL.SWA.02,2026-10-09 19:10,1.46,,,,,,Normal,
WL.AJP.01,2026-10-09 19:15,-1.11,,,,,,Normal,-0.48
WL.ANX.01,2026-10-09 19:15,-0.01,,,,,,Normal,0.02
WL.BAM.01,2026-10-09 19:15,0.23,,,,,,Normal,0.4
WL.BBN.02,2026-10-09 19:15,0.17,,,,,,Normal,0.17
WL.BBN.03,2026-10-09 19:15,0.44,,,,,,Alert,0.44
WL.BBR.01,2026-10-09 19:15,-0.15,,,,,,Normal,0.19
WL.BBR.02,2026-10-09 19:15,-0.09,,,,,,Normal,0.15
WL.BBU.01,2026-10-09 19:15,0.5,,,,,,Normal,0.5
WL.BCN.01,2026-10-09 19:15,0.51,,,,,,Normal,0.53
WL.BCN.02,2026-10-09 19:15,0.51,,,,,,Normal,0.52
WL.BCN.03,2026-10-09 19:15,0.55,,,,,,Normal,0.58
WL.BJK.01,2026-10-09 19:15,-1.31,1.43,,0.0,0.0,,Normal,-1.06
WL.BJK.02,2026-10-09 19:15,0.51,,,,,,Normal,0.51
WL.BJK.03,2026-10-09 19:15,0.47,,,,,,Normal,0.47
WL.BJK.04,2026-10-09 19:15,0.53,,,,,,Normal,0.53
WL.BKA.01,2026-10-09 19:15,-1.53,2.15,,1.73,1.74,0.0,Normal,-1.24
WL.BKA.02,2026-10-09 19:15,-0.85,,,,,,Normal,-0.69
WL.BKA.03,2026-10-09 19:15,-0.4,,,,,,Normal,-0.27
WL.BKA.04,2026-10-09 19:15,0.14,,,,,,Normal,0.16
WL.BKB.01,2026-10-09 19:15,-0.28,,,,,,Normal,-0.28
WL.BKG.01,2026-10-09 19:15,0.67,-2.0,,0.0,,,Critical,0.69
WL.BKK.01,2026-10-09 19:15,0.53,,,,,,Normal,
WL.BKT.01,2026-10-09 19:15,-0.66,,,,,,Normal,-0.26
WL.BKY.01,2026-10-09 19:15,0.19,1.88,,1.1,0.0,0.0,Normal,0.43
WL.BKY.02,2026-10-09 19:15,0.42,,,,,,Normal,0.47
WL.BLP.02,2026-10-09 19:15,-0.45,,,,,,Normal,-0.45
WL.BLY.01,2026-10-09 19:15,-0.66,,,,,,Normal,-0.43
WL.BLY.02,2026-10-09 19:15,-0.7,,,,,,Normal,-0.52
WL.BMA.02,2026-10-09 19:15,-0.03,,,,,,Normal,1.1
WL.BMK.01,2026-10-09 19:15,-1.68,,,,,,Normal,-1.29
WL.BNA.01,2026-10-09 19:15,-1.66,1.36,,0.0,0.0,,Normal,-1.15
WL.BNA.03,2026-10-09 19:15,-0.62,,,,,,Normal,-0.55
WL.BNA.04,2026-10-09 19:15,-0.51,,,,,,Normal,-0.42
WL.BNJ.02,2026-10-09 19:15,-2.95,,,,,,Normal,-1.16
WL.BNJ.04,2026-10-09 19:15,-1.4,,,,,,Normal,-1.05
WL.BNS.01,2026-10-09 19:15,0.49,,,,,,Normal,0.53
WL.BOA.01,2026-10-09 19:15,-1.39,1.46,,0.0,0.0,,Normal,-1.05
WL.BOA.02,2026-10-09 19:15,-1.26,,,,,,Normal,-1.02
WL.BOA.03,2026-10-09 19:15,-1.4,,,,,,Normal,-1.12
WL.BON.01,2026-10-09 19:15,-1.31,,,,,,Normal,-1.04
WL.BPA.01,2026-10-09 19:15,-0.54,,,,,,Normal,-0.54
WL.BPK.01,2026-10-09 19:15,0.16,,,,,,Normal,0.2
WL.BPM.01,2026-10-09 19:15,0.3,,,,,,Normal,0.47
WL.BPM.02,2026-10-09 19:15,0.46,,,,,,Normal,0.52
WL.BPM.03,2026-10-09 19:15,0.62,,,,,,Alert,0.64
WL.BPM.04,2026-10-09 19:15,0.59,,,,,,Normal,0.61
WL.BPN.02,2026-10-09 19:15,0.31,,,,,,Normal,0.31
WL.BPU.01,2026-10-09 19:15,0.64,,,,,,Normal,1.39
WL.BSE.01,2026-10-09 19:15,-1.57,,,,,,Normal,
WL.BSK.01,2026-10-09 19:15,-0.46,1.65,,0.0,0.0,,Normal,0.42
WL.BSU.01,2026-10-09 19:15,-1.02,2.13,,0.0,0.0,0.0,Normal,-0.85
WL.BSU.02,2026-10-09 19:15,-0.78,,,,,,Normal,-0.78
WL.BSU.03,2026-10-09 19:15,-1.33,,,,,,Normal,-1.24
WL.BSU.04,2026-10-09 19:15,-1.08,,,,,,Normal,-0.33
WL.BSU.05,2026-10-09 19:15,-1.02,,,,,,Normal,-1.02
WL.BSU.06,2026-10-09 19:15,-1.05,,,,,,Normal,-0.56
WL.BSU.07,2026-10-09 19:15,-0.5,,,,,,Normal,-0.41
WL.BTL.01,2026-10-09 19:15,-0.73,,,,,,Normal,-0.51
WL.BTY.01,2026-10-09 19:15,0.35,,,,,,Normal,0.41
WL.BWK.01,2026-10-09 19:15,0.39,,,,,,Normal,0.41
WL.BWK.02,2026-10-09 19:15,0.61,,,,,,Alert,0.62
WL.BWK.03,2026-10-09 19:15,0.68,,,,,,Normal,0.68
WL.BYI.01,2026-10-09 19:15,1.0,,,,,,Critical,1.0
WL.BYK.02,2026-10-09 19:15,-0.6,,,,,,Normal,0.37
WL.CKS.01,2026-10-09 19:15,-1.23,,,0.0,0.0,,Normal,-1.07
WL.CKS.02,2026-10-09 19:15,-0.91,,,,,,Normal,-0.91
WL.CKS.03,2026-10-09 19:15,-1.11,,,,,,Normal,-1.11
WL.CLH.01,2026-10-09 19:15,-0.37,,,,,,Normal,
WL.CNS.01,2026-10-09 19:15,-2.17,1.46,,0.0,0.0,,Normal,-1.23
WL.CPA.01,2026-10-09 19:15,0.24,1.92,,0.0,4.82,,Normal,0.49
WL.CPA.02,2026-10-09 19:15,0.36,,,,,,Normal,0.39
WL.CYI.01,2026-10-09 19:15,-0.63,,,,,,Normal,-0.59
WL.DKN.01,2026-10-09 19:15,0.36,1.65,,0.0,4.5,0.0,Normal,0.36
WL.FTM.01,2026-10-09 19:15,-0.82,,,,,,Normal,-0.81
WL.HKG.01,2026-10-09 19:15,-0.61,,,,,,Normal,-0.58
WL.HKG.02,2026-10-09 19:15,-0.65,,,,,,Normal,-0.63
WL.HMK.01,2026-10-09 19:15,-0.09,,,,,,Alert,0.0
WL.HMK.02,2026-10-09 19:15,-0.34,,,,,,Normal,-0.02
WL.HMK.03,2026-10-09 19:15,-0.06,,,,,,Normal,0.0
WL.JRN.01,2026-10-09 19:15,-0.28,1.55,,0.0,,,Normal,0.35
WL.KBU.01,2026-10-09 19:15,0.35,1.79,,0.0,,,Normal,0.6
WL.KBU.02,2026-10-09 19:15,0.44,,,,,,Normal,0.57
WL.KCD.01,2026-10-09 19:15,-0.99,,,,,,Normal,-0.99
WL.KDN.01,2026-10-09 19:15,-0.67,1.47,,0.0,,,Normal,-0.6
WL.KJA.01,2026-10-09 19:15,-0.82,,,,,,Normal,-0.49
WL.KJA.02,2026-10-09 19:15,-0.44,,,,,,Normal,-0.24
WL.KJG.01,2026-10-09 19:15,-0.55,,,,,,Normal,-0.18
WL.KJK.01,2026-10-09 19:15,-1.37,1.44,,0.0,0.0,,Normal,-1.08
WL.KJK.02,2026-10-09 19:15,-1.33,,,,,,Normal,-0.91
WL.KJN.02,2026-10-09 19:15,0.02,,,,,,Normal,0.02
WL.KJT.01,2026-10-09 19:15,-1.2,,,,,,Normal,-0.51
WL.KKD.01,2026-10-09 19:15,-0.67,,,,,,Normal,-0.41
WL.KKD.02,2026-10-09 19:15,-0.73,,,,,,Normal,-0.51
WL.KKD.03,2026-10-09 19:15,-0.8,,,,,,Normal,-0.5
WL.KKO.01,2026-10-09 19:15,1.63,,,,,,Alert,1.63
WL.KKS.01,2026-10-09 19:15,-0.44,1.95,,0.0,0.0,,Normal,-0.44
WL.KKS.02,2026-10-09 19:15,-0.4,,,,,,Normal,-0.4
WL.KKS.03,2026-10-09 19:15,-0.47,,,,,,Normal,-0.47
WL.KKS.04,2026-10-09 19:15,-0.49,1.5,,0.0,,,Normal,-0.45
WL.KKY.01,2026-10-09 19:15,0.61,,,,,,Normal,0.69
WL.KKY.02,2026-10-09 19:15,0.64,,,,,,Normal,0.69
WL.KLA.01,2026-10-09 19:15,-0.17,,,,,,Alert,0.39
WL.KLD.01,2026-10-09 19:15,-0.34,,,,,,Normal,-0.26
WL.KLD.02,2026-10-09 19:15,-0.26,,,,,,Normal,-0.19
WL.KLT.01,2026-10-09 19:15,-0.63,,,,,,Normal,-0.62
WL.KMN.01,2026-10-09 19:15,0.26,1.98,,3.66,0.0,0.0,Normal,0.42
WL.KNB.02,2026-10-09 19:15,-0.39,,,,,,Normal,-0.36
WL.KPG.01,2026-10-09 19:15,-1.48,,,,,,Normal,-0.99
WL.KPM.01,2026-10-09 19:15,-0.31,,,,,,Normal,-0.25
WL.KPM.03,2026-10-09 19:15,-0.09,,,,,,Normal,-0.02
WL.KPM.05,2026-10-09 19:15,0.4,,,,,,Normal,0.54
WL.KPM.06,2026-10-09 19:15,0.39,,,,,,Normal,0.53
WL.KPM.08,2026-10-09 19:15,0.41,,,,,,Normal,0.53
WL.KSG.01,2026-10-09 19:15,0.73,,,,,,Normal,0.79
WL.KSI.01,2026-10-09 19:15,0.79,,,,,,Normal,0.84
WL.KSK.01,2026-10-09 19:15,-0.73,,,,,,Normal,-0.56
WL.KSM.01,2026-10-09 19:15,0.81,,,,,,Critical,0.85
WL.KSM.02,2026-10-09 19:15,0.76,,,,,,Critical,0.81
WL.KSO.01,2026-10-09 19:15,0.78,,,,,,Normal,0.8
WL.KTY.01,2026-10-09 19:15,-2.04,1.43,,0.0,,,Normal,-1.35
WL.LBK.02,2026-10-09 19:15,0.53,,,,,,Critical,0.58
WL.LBK.03,2026-10-09 19:15,0.44,,,,,,Critical,0.5
WL.LCL.01,2026-10-09 19:15,0.7,,,,,,Normal,0.7
WL.LKB.01,2026-10-09 19:15,0.68,,,,,,Critical,0.74
WL.LOA.01,2026-10-09 19:15,0.25,,,,,,Normal,0.9
WL.LOA.02,2026-10-09 19:15,0.74,,,,,,Normal,0.84
WL.LPC.01,2026-10-09 19:15,1.1,,,,,,Critical,1.12
WL.LPG.02,2026-10-09 19:15,1.0,1.75,,0.0,,,Critical,1.02
WL.LPG.03,2026-10-09 19:15,0.94,,,,,,Critical,0.97
WL.LPN.01,2026-10-09 19:15,-0.6,0.97,,0.0,,,Normal,-0.6
WL.LPP.01,2026-10-09 19:15,-1.38,,,,,,Normal,-0.95
WL.LPP.02,2026-10-09 19:15,-0.74,,,,,,Normal,
WL.LPT.03,2026-10-09 19:15,0.88,,,,,,Critical,0.91
WL.LPW.01,2026-10-09 19:15,-0.18,-0.22,,0.0,,,Normal,-0.18
WL.LPW.03,2026-10-09 19:15,0.3,,,,,,Normal,0.3
WL.LPW.04,2026-10-09 19:15,-0.34,,,,,,Normal,-0.29
WL.LPW.05,2026-10-09 19:15,-0.51,,,,,,Normal,-0.51
WL.LSG.01,2026-10-09 19:15,-1.2,,,,,,Normal,-1.18
WL.LSM.01,2026-10-09 19:15,-0.62,,,,,,Normal,-0.57
WL.LYW.02,2026-10-09 19:15,-1.4,,,,,,Normal,-1.4
WL.MCM.01,2026-10-09 19:15,0.33,,,,,,Normal,0.33
WL.MFS.01,2026-10-09 19:15,-0.71,,,,,,Normal,-0.7
WL.MKT.01,2026-10-09 19:15,-0.31,,,,,,Normal,-0.27
WL.MSW.01,2026-10-09 19:15,1.86,,,,,,Alert,1.87
WL.MSW.02,2026-10-09 19:15,1.16,,,,,,Normal,1.16
WL.MSW.03,2026-10-09 19:15,1.82,,,,,,Alert,1.82
WL.MSW.04,2026-10-09 19:15,0.98,,,,,,Normal,
WL.MTG.01,2026-10-09 19:15,-0.7,,,,,,Normal,-0.62
WL.NBN.01,2026-10-09 19:15,-3.87,-1.38,,0.0,,,Normal,-3.58
WL.NCH.02,2026-10-09 19:15,-0.87,,,,,,Normal,-0.33
WL.NK1.01,2026-10-09 19:15,0.05,,,,,,Normal,0.05
WL.NK3.01,2026-10-09 19:15,-0.43,,,,,,Normal,-0.1
WL.NKW.02,2026-10-09 19:15,-0.14,,,,,,Normal,-0.14
WL.NSG.01,2026-10-09 19:15,-2.0,,,,,,Normal,-2.0
WL.OAG.01,2026-10-09 19:15,-0.5,,,,,,Normal,-0.5
WL.ORC.01,2026-10-09 19:15,-0.88,-0.39,,0.0,,,Normal,-0.88
WL.PKG.01,2026-10-09 19:15,1.84,,,,,,Normal,1.92
WL.PKN.01,2026-10-09 19:15,-0.78,1.55,,0.0,0.0,0.0,Normal,-0.68
WL.PLK.01,2026-10-09 19:15,0.93,,,,,,Normal,1.3
WL.PLP.01,2026-10-09 19:15,-0.42,,,,,,Normal,-0.38
WL.PNM.01,2026-10-09 19:15,0.32,,,,,,Critical,0.38
WL.PSC.01,2026-10-09 19:15,0.37,0.4,,0.0,0.0,0.0,Normal,0.39
WL.PSC.02,2026-10-09 19:15,0.37,,,,,,Normal,0.37
WL.PSC.03,2026-10-09 19:15,0.38,,,,,,Normal,0.38
WL.PSC.05,2026-10-09 19:15,0.42,,,,,,Normal,0.43
WL.PSI.01,2026-10-09 19:15,-1.7,,,,,,Normal,-1.18
WL.PSR.01,2026-10-09 19:15,1.11,1.79,,0.2,,,Alert,1.12
WL.PSR.02,2026-10-09 19:15,1.14,,,,,,Alert,1.15
WL.PSR.03,2026-10-09 19:15,1.11,,,,,,Alert,1.13
WL.PSR.04,2026-10-09 19:15,0.75,,,,,,Normal,0.78
WL.PSR.05,2026-10-09 19:15,0.78,,,,,,Alert,0.81
WL.PST.01,2026-10-09 19:15,-0.89,,,,,,Normal,-0.89
WL.PWT.01,2026-10-09 19:15,-0.51,,,,,,Normal,-0.51
WL.PWT.02,2026-10-09 19:15,-0.02,,,,,,Normal,0.02
WL.PWT.03,2026-10-09 19:15,0.19,0.2,,5.84,5.9,,Alert,0.27
WL.PWT.04,2026-10-09 19:15,0.52,0.57,,4.94,,,Alert,0.59
WL.PWT.06,2026-10-09 19:15,0.94,,,,,,Critical,0.98
WL.PWT.07,2026-10-09 19:15,0.93,,,,,,Critical,0.97
WL.PYW.01,2026-10-09 19:15,-1.44,,,,,,Normal,-0.7
WL.RHN.01,2026-10-09 19:15,-0.47,-0.11,,0.0,,,Normal,-0.47
WL.RJK.01,2026-10-09 19:15,0.3,0.3,,7.5,,,Normal,0.36
WL.RKC.01,2026-10-09 19:15,-1.18,,,,,,Normal,-0.74
WL.RMN.01,2026-10-09 19:15,0.53,,,,,,Normal,
WL.RMT.01,2026-10-09 19:15,-1.1,0.93,,0.0,0.0,,Normal,-0.25
WL.RMT.02,2026-10-09 19:15,-0.07,,,,,,Normal,-0.07
WL.RMT.03,2026-10-09 19:15,-2.0,,,,,,Normal,-2.0
WL.RSK.01,2026-10-09 19:15,0.46,,,,,,Normal,0.47
WL.SBR.01,2026-10-09 19:15,0.72,1.11,,0.0,,,Normal,0.91
WL.SBR.02,2026-10-09 19:15,0.64,,,,,,Normal,0.68
WL.SBT.01,2026-10-09 19:15,-0.51,0.32,,0.0,,,Normal,-0.09
WL.SCO.01,2026-10-09 19:15,-0.12,,,,,,Normal,0.32
WL.SDN.01,2026-10-09 19:15,0.23,,,,,,Normal,0.23
WL.SKT.01,2026-10-09 19:15,-0.69,,,,,,Normal,-0.55
WL.SKT.02,2026-10-09 19:15,-1.1,,,,,,Normal,-0.59
WL.SMK.01,2026-10-09 19:15,-0.23,,,,,,Normal,-0.23
WL.SNC.01,2026-10-09 19:15,-0.35,1.05,,0.0,0.0,0.0,Alert,-0.16
WL.SNC.02,2026-10-09 19:15,0.37,,,,,,Normal,0.37
WL.SNC.03,2026-10-09 19:15,0.13,,,,,,Normal,0.13
WL.SNO.01,2026-10-09 19:15,-1.53,,,,,,Normal,-0.74
WL.SOL.01,2026-10-09 19:15,-0.83,,,,,,Normal,-0.62
WL.SRE.01,2026-10-09 19:15,-0.17,1.7,,0.0,0.0,,Normal,0.06
WL.SRG.01,2026-10-09 19:15,-0.52,1.48,,0.0,0.0,0.0,Normal,-0.17
WL.SSB.01,2026-10-09 19:15,-0.46,,,,,,Normal,-0.45
WL.SSB.03,2026-10-09 19:15,-0.37,,,,,,Normal,-0.37
WL.SSB.04,2026-10-09 19:15,-0.59,-0.53,,7.5,7.5,,Normal,-0.42
WL.SSB.06,2026-10-09 19:15,-0.35,,,,,,Normal,0.15
WL.SSB.07,2026-10-09 19:15,0.09,,,,,,Normal,0.6
WL.SSB.08,2026-10-09 19:15,0.37,,,,,,Alert,0.37
WL.SSB.09,2026-10-09 19:15,0.58,1.1,,0.0,,,Critical,0.58
WL.SSB.10,2026-10-09 19:15,0.82,1.08,,3.64,,,Critical,0.83
WL.SSB.11,2026-10-09 19:15,1.23,,,,,,Critical,1.25
WL.SSB.12,2026-10-09 19:15,1.23,1.5,,0.0,,,Critical,1.24
WL.SSG.01,2026-10-09 19:15,1.57,,,,,,Alert,1.58
WL.SSM.01,2026-10-09 19:15,1.32,-99,,0.0,,,Critical,1.32
WL.SSM.02,2026-10-09 19:15,1.55,,,,,,Normal,
WL.SSN.01,2026-10-09 19:15,-1.01,2.01,,7.0,0.0,0.0,Normal,-1.01
WL.SSN.02,2026-10-09 19:15,-0.95,,,,,,Normal,-0.95
WL.SSN.04,2026-10-09 19:15,-0.71,,,,,,Normal,-0.69
WL.SSN.06,2026-10-09 19:15,-1.74,,,,,,Normal,-1.74
WL.SSN.07,2026-10-09 19:15,-0.82,,,,,,Normal,-0.82
WL.SSN.08,2026-10-09 19:15,-0.57,-0.55,,0.0,,,Normal,-0.55
WL.SSN.09,2026-10-09 19:15,-0.57,,,,,,Normal,-0.57
WL.SSN.10,2026-10-09 19:15,-0.53,,,,,,Normal,-0.53
WL.SST.01,2026-10-09 19:15,0.85,1.76,,0.32,,,Alert,0.91
WL.STN.02,2026-10-09 19:15,0.62,,,,,,Critical,0.66
WL.STN.03,2026-10-09 19:15,0.66,,,,,,Critical,0.72
WL.STR.01,2026-10-09 19:15,-0.69,0.22,1.67,0.0,0.0,0.0,Normal,-0.69
WL.SWA.01,2026-10-09 19:15,0.83,1.38,,0.44,,,Critical,0.86
WL.SWU.01,2026-10-09 19:15,-1.62,,,,,,Normal,-0.89
WL.TCG.01,2026-10-09 19:15,-1.06,,,,,,Normal,-0.84
WL.TPK.03,2026-10-09 19:15,0.46,,,,,,Critical,0.52
WL.TSK.01,2026-10-09 19:15,-1.8,,,,,,Normal,-1.8
WL.TTN.01,2026-10-09 19:15,-0.8,,,,,,Normal,-0.65
WL.TUT.02,2026-10-09 19:15,-1.08,,,,,,Normal,-0.22
WL.TWW.01,2026-10-09 19:15,0.68,1.1,,0.0,,,Normal,0.79
WL.TWW.02,2026-10-09 19:15,0.67,,,,,,Normal,0.75
WL.TWW.03,2026-10-09 19:15,0.74,,,,,,Critical,0.75
WL.TWW.04,2026-10-09 19:15,0.71,,,,,,Normal,0.71
WL.TWW.05,2026-10-09 19:15,0.52,,,,,,Normal,0.52
WL.VPD.01,2026-10-09 19:15,-1.01,,,,,,Normal,-1.0
WL.VPD.02,2026-10-09 19:15,-1.01,,,,,,Normal,-0.96
WL.VPD.03,2026-10-09 19:15,-1.23,,,,,,Normal,-1.23
WL.VPV.01,2026-10-09 19:15,-2.48,,,0.0,,,Normal,-1.37
WL.WHK.01,2026-10-09 19:15,0.94,,,,,,Alert,0.94
WL.WKT.01,2026-10-09 19:15,-0.39,,,,,,Normal,0.55
WL.WLS.01,2026-10-09 19:15,0.53,,,,,,Normal,0.61
WL.WSI.01,2026-10-09 19:15,-1.19,1.56,,0.0,0.0,0.0,Normal,-0.54
WL.WSV.01,2026-10-09 19:15,0.44,,,,,,Normal,0.44
WL.WTK.01,2026-10-09 19:15,-0.68,,,,,,Normal,-0.43
WL.WTN.02,2026-10-09 19:15,-1.31,,,,,,Normal,-1.1
WL.YPE.01,2026-10-09 19:15,0.41,,,,,,Normal,0.41
WL.YPN.01,2026-10-09 19:15,-0.94,,,,,,Normal,-0.51
WL.YPN.02,2026-10-09 19:15,-1.69,,,,,,Normal,-0.57
WL.YSN.02,2026-10-09 19:15,-0.75,,,,,,Normal,-0.75
WL.LPI.02,2026-10-09 19:19,0.16,,,,,,Normal,0.16
WL.KPM.04,2026-10-09 19:25,0.4,,,,,,Normal,0.49
WL.KKD.04,2026-10-09 19:35,-0.66,,,,,,Normal,-0.45
WL.RKC.01,2026-10-09 19:40,-1.21,,,,,,out of order,-0.74
WL.BMD.01,2026-10-09 19:55,0.53,,,,,,temporarily out of order,
WL.PWT.04,2026-10-09 19:55,0.52,0.56,,4.94,,,temporarily out of order,0.59
WL.AJP.01,2026-10-09 20:00,-1.15,,,,,,backfill,
WL.ANX.01,2026-10-09 20:00,-0.18,,,,,,backfill,
WL.BAM.01,2026-10-09 20:00,0.25,,,,,,backfill,
WL.BBN.01,2026-10-09 20:00,,,,,,,backfill,
WL.BBN.02,2026-10-09 20:00,0.42,,,,,,backfill,
WL.BBN.03,2026-10-09 20:00,0.66,,,,,,backfill,
WL.BBR.01,2026-10-09 20:00,-0.19,,,,,,backfill,
WL.BBR.02,2026-10-09 20:00,-0.16,,,,,,backfill,
WL.BBU.01,2026-10-09 20:00,0.51,,,,,,backfill,
WL.BCN.01,2026-10-09 20:00,0.51,,,,,,backfill,
WL.BCN.02,2026-10-09 20:00,0.50,,,,,,backfill,
WL.BCN.03,2026-10-09 20:00,0.56,,,,,,backfill,
WL.BJK.01,2026-10-09 20:00,-1.34,1.16,,,,,backfill,
WL.BJK.02,2026-10-09 20:00,0.52,,,,,,backfill,
WL.BJK.03,2026-10-09 20:00,0.48,,,,,,backfill,
WL.BJK.04,2026-10-09 20:00,0.54,,,,,,backfill,
WL.BKA.01,2026-10-09 20:00,-1.87,2.06,,,,,backfill,
WL.BKA.02,2026-10-09 20:00,-0.84,,,,,,backfill,
WL.BKA.03,2026-10-09 20:00,-0.38,,,,,,backfill,
WL.BKA.04,2026-10-09 20:00,0.16,,,,,,backfill,
WL.BKB.01,2026-10-09 20:00,-0.29,,,,,,backfill,
WL.BKG.01,2026-10-09 20:00,0.67,-2.00,,,,,backfill,
WL.BKT.01,2026-10-09 20:00,-0.65,,,,,,backfill,
WL.BKY.01,2026-10-09 20:00,0.20,1.75,,,,,backfill,
WL.BKY.02,2026-10-09 20:00,0.42,,,,,,backfill,
WL.BLP.02,2026-10-09 20:00,-0.45,,,,,,backfill,
WL.BLY.01,2026-10-09 20:00,-0.72,,,,,,backfill,
WL.BLY.02,2026-10-09 20:00,-0.77,,,,,,backfill,
WL.BMA.02,2026-10-09 20:00,-0.07,,,,,,backfill,
WL.BMK.01,2026-10-09 20:00,-1.73,,,,,,backfill,
WL.BNA.01,2026-10-09 20:00,-1.68,1.07,,,,,backfill,
WL.BNA.02,2026-10-09 20:00,,,,,,,backfill,
WL.BNA.03,2026-10-09 20:00,-0.63,,,,,,backfill,
WL.BNA.04,2026-10-09 20:00,-0.52,,,,,,backfill,
WL.BNJ.01,2026-10-09 20:00,,,,,,,backfill,
WL.BNJ.02,2026-10-09 20:00,-2.45,,,,,,backfill,
WL.BNJ.03,2026-10-09 20:00,,,,,,,backfill,
WL.BNJ.04,2026-10-09 20:00,-1.48,,,,,,backfill,
WL.BNS.01,2026-10-09 20:00,0.48,,,,,,backfill,
WL.BOA.01,2026-10-09 20:00,-1.38,1.22,,,,,backfill,
WL.BOA.02,2026-10-09 20:00,-1.40,,,,,,backfill,
WL.BOA.03,2026-10-09 20:00,-1.37,,,,,,backfill,
WL.BON.01,2026-10-09 20:00,-1.38,,,,,,backfill,
WL.BPA.01,2026-10-09 20:00,-0.50,,,,,,backfill,
WL.BPK.01,2026-10-09 20:00,0.11,,,,,,backfill,
WL.BPM.01,2026-10-09 20:00,0.28,,,,,,backfill,
WL.BPM.02,2026-10-09 20:00,0.45,,,,,,backfill,
WL.BPM.03,2026-10-09 20:00,0.62,,,,,,backfill,
WL.BPM.04,2026-10-09 20:00,0.56,,,,,,backfill,
WL.BPN.02,2026-10-09 20:00,0.50,,,,,,backfill,
WL.BPU.01,2026-10-09 20:00,0.29,,,,,,backfill,
WL.BSK.01,2026-10-09 20:00,-0.30,1.50,,,,,backfill,
WL.BSU.01,2026-10-09 20:00,-0.93,2.02,,,,,backfill,
WL.BSU.02,2026-10-09 20:00,-0.78,,,,,,backfill,
WL.BSU.03,2026-10-09 20:00,-1.27,,,,,,backfill,
WL.BSU.04,2026-10-09 20:00,-1.09,,,,,,backfill,
WL.BSU.05,2026-10-09 20:00,-1.08,,,,,,backfill,
WL.BSU.06,2026-10-09 20:00,-0.91,,,,,,backfill,
WL.BSU.07,2026-10-09 20:00,-0.48,,,,,,backfill,
WL.BTL.01,2026-10-09 20:00,-0.78,,,,,,backfill,
WL.BTY.01,2026-10-09 20:00,0.32,,,,,,backfill,
WL.BWK.01,2026-10-09 20:00,0.38,,,,,,backfill,
WL.BWK.02,2026-10-09 20:00,0.61,,,,,,backfill,
WL.BWK.03,2026-10-09 20:00,0.65,,,,,,backfill,
WL.BYI.01,2026-10-09 20:00,1.00,,,,,,backfill,
WL.BYK.01,2026-10-09 20:00,,,,,,,backfill,
WL.BYK.02,2026-10-09 20:00,-0.16,,,,,,backfill,
WL.CKS.01,2026-10-09 20:00,-1.29,,,,,,backfill,
WL.CKS.02,2026-10-09 20:00,-0.88,,,,,,backfill,
WL.CKS.03,2026-10-09 20:00,-1.05,,,,,,backfill,
WL.CNS.01,2026-10-09 20:00,-1.77,1.25,,,,,backfill,
WL.CPA.01,2026-10-09 20:00,0.23,1.83,,,,,backfill,
WL.CPA.02,2026-10-09 20:00,0.36,,,,,,backfill,
WL.CYI.01,2026-10-09 20:00,-0.64,,,,,,backfill,
WL.CYI.02,2026-10-09 20:00,-0.62,,,,,,backfill,
WL.CYI.03,2026-10-09 20:00,-0.34,,,,,,backfill,
WL.DKN.01,2026-10-09 20:00,0.36,1.48,,,,,backfill,
WL.FTM.01,2026-10-09 20:00,-0.89,,,,,,backfill,
WL.HKG.01,2026-10-09 20:00,-0.64,,,,,,backfill,
WL.HKG.02,2026-10-09 20:00,-0.68,,,,,,backfill,
WL.HMK.01,2026-10-09 20:00,-0.08,,,,,,backfill,
WL.HMK.02,2026-10-09 20:00,-0.26,,,,,,backfill,
WL.HMK.03,2026-10-09 20:00,-0.03,,,,,,backfill,
WL.JKK.01,2026-10-09 20:00,,,,,,,backfill,
WL.JRN.01,2026-10-09 20:00,-0.14,1.37,,,,,backfill,
WL.KBU.01,2026-10-09 20:00,0.32,1.78,,,,,backfill,
WL.KBU.02,2026-10-09 20:00,0.42,,,,,,backfill,
WL.KCD.01,2026-10-09 20:00,-1.00,,,,,,backfill,
WL.KDN.01,2026-10-09 20:00,-0.66,1.28,,,,,backfill,
WL.KJA.01,2026-10-09 20:00,-0.88,,,,,,backfill,
WL.KJA.02,2026-10-09 20:00,-0.52,,,,,,backfill,
WL.KJG.01,2026-10-09 20:00,-0.67,,,,,,backfill,
WL.KJK.01,2026-10-09 20:00,-1.33,1.18,,,,,backfill,
WL.KJK.02,2026-10-09 20:00,-1.29,,,,,,backfill,
WL.KJN.01,2026-10-09 20:00,,,,,,,backfill,
WL.KJN.02,2026-10-09 20:00,-0.01,,,,,,backfill,
WL.KJT.01,2026-10-09 20:00,-1.18,,,,,,backfill,
WL.KJU.01,2026-10-09 20:00,-0.73,,,,,,backfill,
WL.KKD.01,2026-10-09 20:00,-0.73,,,,,,backfill,
WL.KKD.02,2026-10-09 20:00,-0.78,,,,,,backfill,
WL.KKD.03,2026-10-09 20:00,-0.83,,,,,,backfill,
WL.KKD.04,2026-10-09 20:00,-0.69,,,,,,backfill,
WL.KKO.01,2026-10-09 20:00,1.63,,,,,,backfill,
WL.KKS.01,2026-10-09 20:00,-0.44,1.83,,,,,backfill,
WL.KKS.02,2026-10-09 20:00,-0.41,,,,,,backfill,
WL.KKS.03,2026-10-09 20:00,-0.50,,,,,,backfill,
WL.KKS.04,2026-10-09 20:00,-0.48,1.50,,,,,backfill,
WL.KKY.01,2026-10-09 20:00,0.59,,,,,,backfill,
WL.KKY.02,2026-10-09 20:00,0.62,,,,,,backfill,
WL.KLA.01,2026-10-09 20:00,-0.16,,,,,,backfill,
WL.KLD.01,2026-10-09 20:00,-0.40,,,,,,backfill,
WL.KLD.02,2026-10-09 20:00,-0.36,,,,,,backfill,
WL.KLT.01,2026-10-09 20:00,-0.57,,,,,,backfill,
WL.KMN.01,2026-10-09 20:00,0.23,1.74,,,,,backfill,
WL.KNB.01,2026-10-09 20:00,,,,,,,backfill,
WL.KNB.02,2026-10-09 20:00,-0.40,,,,,,backfill,
WL.KPG.01,2026-10-09 20:00,-1.57,,,,,,backfill,
WL.KPM.01,2026-10-09 20:00,-0.28,,,,,,backfill,
WL.KPM.03,2026-10-09 20:00,-0.07,,,,,,backfill,
WL.KPM.04,2026-10-09 20:00,,,,,,,backfill,
WL.KPM.05,2026-10-09 20:00,0.40,,,,,,backfill,
WL.KPM.06,2026-10-09 20:00,0.40,,,,,,backfill,
WL.KPM.08,2026-10-09 20:00,0.40,,,,,,backfill,
WL.KPM.09,2026-10-09 20:00,,,,,,,backfill,
WL.KSG.01,2026-10-09 20:00,0.72,,,,,,backfill,
WL.KSI.01,2026-10-09 20:00,0.79,,,,,,backfill,
WL.KSI.02,2026-10-09 20:00,0.81,,,,,,backfill,
WL.KSK.01,2026-10-09 20:00,-0.79,,,,,,backfill,
WL.KSM.01,2026-10-09 20:00,0.81,,,,,,backfill,
WL.KSM.02,2026-10-09 20:00,0.75,,,,,,backfill,
WL.KSO.01,2026-10-09 20:00,0.70,,,,,,backfill,
WL.KSO.02,2026-10-09 20:00,0.71,,,,,,backfill,
WL.KT4.01,2026-10-09 20:00,,,,,,,backfill,
WL.KTY.01,2026-10-09 20:00,-1.99,1.17,,,,,backfill,
WL.LBK.02,2026-10-09 20:00,0.54,,,,,,backfill,
WL.LBK.03,2026-10-09 20:00,0.44,,,,,,backfill,
WL.LCL.01,2026-10-09 20:00,0.69,,,,,,backfill,
WL.LCL.02,2026-10-09 20:00,,,,,,,backfill,
WL.LKB.01,2026-10-09 20:00,0.68,,,,,,backfill,
WL.LOA.01,2026-10-09 20:00,0.28,,,,,,backfill,
WL.LOA.02,2026-10-09 20:00,0.73,,,,,,backfill,
WL.LPC.01,2026-10-09 20:00,1.10,,,,,,backfill,
WL.LPG.02,2026-10-09 20:00,1.00,1.75,,,,,backfill,
WL.LPG.03,2026-10-09 20:00,0.94,,,,,,backfill,
WL.LPI.02,2026-10-09 20:00,0.04,,,,,,backfill,
WL.LPN.01,2026-10-09 20:00,-0.86,1.00,,,,,backfill,
WL.LPP.01,2026-10-09 20:00,-1.40,,,,,,backfill,
WL.LPT.01,2026-10-09 20:00,,,,,,,backfill,
WL.LPT.03,2026-10-09 20:00,0.88,,,,,,backfill,
WL.LPW.01,2026-10-09 20:00,-0.17,-0.21,,,,,backfill,
WL.LPW.03,2026-10-09 20:00,0.31,,,,,,backfill,
WL.LPW.04,2026-10-09 20:00,-0.37,,,,,,backfill,
WL.LPW.05,2026-10-09 20:00,-0.47,,,,,,backfill,
WL.LSG.01,2026-10-09 20:00,-1.20,,,,,,backfill,
WL.LSM.01,2026-10-09 20:00,-0.62,,,,,,backfill,
WL.LYW.01,2026-10-09 20:00,,,,,,,backfill,
WL.LYW.02,2026-10-09 20:00,-1.40,,,,,,backfill,
WL.MCM.01,2026-10-09 20:00,0.52,,,,,,backfill,
WL.MFS.01,2026-10-09 20:00,-0.70,,,,,,backfill,
WL.MKT.01,2026-10-09 20:00,-0.31,,,,,,backfill,
WL.MSW.01,2026-10-09 20:00,1.82,,,,,,backfill,
WL.MSW.02,2026-10-09 20:00,1.18,,,,,,backfill,
WL.MSW.03,2026-10-09 20:00,1.80,,,,,,backfill,
WL.MTG.01,2026-10-09 20:00,-0.72,,,,,,backfill,
WL.NBN.01,2026-10-09 20:00,-3.89,-1.43,,,,,backfill,
WL.NCH.02,2026-10-09 20:00,-0.94,,,,,,backfill,
WL.NK1.01,2026-10-09 20:00,0.09,,,,,,backfill,
WL.NK3.01,2026-10-09 20:00,-0.44,,,,,,backfill,
WL.NKW.02,2026-10-09 20:00,-0.14,,,,,,backfill,
WL.NSG.01,2026-10-09 20:00,-2.00,,,,,,backfill,
WL.OAG.01,2026-10-09 20:00,-0.50,,,,,,backfill,
WL.ORC.01,2026-10-09 20:00,-1.07,-0.41,,,,,backfill,
WL.PKG.01,2026-10-09 20:00,1.68,,,,,,backfill,
WL.PKN.01,2026-10-09 20:00,-0.86,1.32,,,,,backfill,
WL.PLK.01,2026-10-09 20:00,0.66,,,,,,backfill,
WL.PLP.01,2026-10-09 20:00,-0.42,,,,,,backfill,
WL.PNM.01,2026-10-09 20:00,0.32,,,,,,backfill,
WL.PSC.01,2026-10-09 20:00,0.39,0.42,,,,,backfill,
WL.PSC.02,2026-10-09 20:00,0.41,,,,,,backfill,
WL.PSC.03,2026-10-09 20:00,0.41,,,,,,backfill,
WL.PSC.05,2026-10-09 20:00,0.47,,,,,,backfill,
WL.PSI.01,2026-10-09 20:00,-1.62,,,,,,backfill,
WL.PSR.01,2026-10-09 20:00,1.10,1.82,,,,,backfill,
WL.PSR.02,2026-10-09 20:00,1.14,,,,,,backfill,
WL.PSR.03,2026-10-09 20:00,1.11,,,,,,backfill,
WL.PSR.04,2026-10-09 20:00,0.75,,,,,,backfill,
WL.PSR.05,2026-10-09 20:00,0.78,,,,,,backfill,
WL.PSR.06,2026-10-09 20:00,,,,,,,backfill,
WL.PST.01,2026-10-09 20:00,-0.89,,,,,,backfill,
WL.PWT.01,2026-10-09 20:00,-0.48,,,,,,backfill,
WL.PWT.02,2026-10-09 20:00,-0.01,,,,,,backfill,
WL.PWT.03,2026-10-09 20:00,0.19,0.20,,,,,backfill,
WL.PWT.04,2026-10-09 20:00,0.52,0.56,,,,,backfill,
WL.PWT.05,2026-10-09 20:00,,,,,,,backfill,
WL.PWT.06,2026-10-09 20:00,0.94,,,,,,backfill,
WL.PWT.07,2026-10-09 20:00,0.92,,,,,,backfill,
WL.PYW.01,2026-10-09 20:00,-1.3,,,,,,temporarily out of order,-0.7
WL.RHN.01,2026-10-09 20:00,-0.25,-0.13,,,,,backfill,
WL.RJK.01,2026-10-09 20:00,0.31,0.31,,,,,backfill,
WL.RKC.01,2026-10-09 20:00,,,,,,,backfill,
WL.RMT.01,2026-10-09 20:00,-1.19,0.97,,,,,backfill,
WL.RMT.02,2026-10-09 20:00,0.15,,,,,,backfill,
WL.RSK.01,2026-10-09 20:00,0.47,,,,,,backfill,
WL.SBR.01,2026-10-09 20:00,0.68,1.18,,,,,backfill,
WL.SBR.02,2026-10-09 20:00,0.62,,,,,,backfill,
WL.SBT.01,2026-10-09 20:00,-0.21,0.39,,,,,backfill,
WL.SCO.01,2026-10-09 20:00,-0.04,,,,,,backfill,
WL.SDN.01,2026-10-09 20:00,0.23,,,,,,backfill,
WL.SKG.01,2026-10-09 20:00,,,,,,,backfill,
WL.SKT.01,2026-10-09 20:00,-0.67,,,,,,backfill,
WL.SKT.02,2026-10-09 20:00,-0.88,,,,,,backfill,
WL.SLL.01,2026-10-09 20:00,,,,,,,backfill,
WL.SMK.01,2026-10-09 20:00,-0.23,,,,,,backfill,
WL.SNC.01,2026-10-09 20:00,-0.30,1.09,,,,,backfill,
WL.SNC.02,2026-10-09 20:00,0.44,,,,,,backfill,
WL.SNC.03,2026-10-09 20:00,0.21,,,,,,backfill,
WL.SNO.01,2026-10-09 20:00,-1.38,,,,,,backfill,
WL.SOL.01,2026-10-09 20:00,-1.12,,,,,,backfill,
WL.SRE.01,2026-10-09 20:00,0.16,1.55,,,,,backfill,
WL.SRG.01,2026-10-09 20:00,-0.52,1.34,,,,,backfill,
WL.SSB.01,2026-10-09 20:00,-0.48,,,,,,backfill,
WL.SSB.03,2026-10-09 20:00,-0.36,,,,,,backfill,
WL.SSB.04,2026-10-09 20:00,-0.48,-0.50,,,,,backfill,
WL.SSB.06,2026-10-09 20:00,-0.39,,,,,,backfill,
WL.SSB.07,2026-10-09 20:00,0.08,,,,,,backfill,
WL.SSB.08,2026-10-09 20:00,0.37,,,,,,backfill,
WL.SSB.10,2026-10-09 20:00,0.82,1.08,,,,,backfill,
WL.SSB.11,2026-10-09 20:00,1.23,,,,,,backfill,
WL.SSB.12,2026-10-09 20:00,1.22,1.50,,,,,backfill,
WL.SSG.01,2026-10-09 20:00,1.57,,,,,,backfill,
WL.SSM.01,2026-10-09 20:00,1.32,,,,,,backfill,
WL.SSN.01,2026-10-09 20:00,-1.01,1.90,,,,,backfill,
WL.SSN.02,2026-10-09 20:00,-1.71,,,,,,backfill,
WL.SSN.04,2026-10-09 20:00,-0.81,,,,,,backfill,
WL.SSN.06,2026-10-09 20:00,-1.71,,,,,,backfill,
WL.SSN.07,2026-10-09 20:00,-0.81,,,,,,backfill,
WL.SSN.08,2026-10-09 20:00,-0.53,-0.51,,,,,backfill,
WL.SSN.09,2026-10-09 20:00,-0.53,,,,,,backfill,
WL.SSN.10,2026-10-09 20:00,-0.51,,,,,,backfill,
WL.SST.01,2026-10-09 20:00,0.85,1.76,,,,,backfill,
WL.STN.01,2026-10-09 20:00,0.55,,,,,,backfill,
WL.STN.02,2026-10-09 20:00,0.62,,,,,,backfill,
WL.STN.03,2026-10-09 20:00,0.65,,,,,,backfill,
WL.STR.01,2026-10-09 20:00,-0.67,0.24,1.47,,,,backfill,
WL.SWA.01,2026-10-09 20:00,0.84,1.38,,,,,backfill,
WL.SWU.01,2026-10-09 20:00,-1.65,,,,,,backfill,
WL.TCG.01,2026-10-09 20:00,-1.10,,,,,,backfill,
WL.TPK.02,2026-10-09 20:00,,,,,,,backfill,
WL.TPK.03,2026-10-09 20:00,0.46,,,,,,backfill,
WL.TSK.01,2026-10-09 20:00,-1.79,,,,,,backfill,
WL.TTN.01,2026-10-09 20:00,-0.83,,,,,,backfill,
WL.TUT.02,2026-10-09 20:00,-1.02,,,,,,backfill,
WL.TWW.01,2026-10-09 20:00,0.67,1.13,,,,,backfill,
WL.TWW.02,2026-10-09 20:00,0.66,,,,,,backfill,
WL.TWW.03,2026-10-09 20:00,0.72,,,,,,backfill,
WL.TWW.04,2026-10-09 20:00,0.68,,,,,,backfill,
WL.TWW.05,2026-10-09 20:00,0.54,,,,,,backfill,
WL.VPD.01,2026-10-09 20:00,-1.02,,,,,,backfill,
WL.VPD.02,2026-10-09 20:00,-0.99,,,,,,backfill,
WL.VPD.03,2026-10-09 20:00,-1.25,,,,,,backfill,
WL.VPV.01,2026-10-09 20:00,-2.08,,,,,,backfill,
WL.WHK.01,2026-10-09 20:00,0.98,,,,,,backfill,
WL.WKT.01,2026-10-09 20:00,-0.27,,,,,,backfill,
WL.WLS.01,2026-10-09 20:00,0.54,,,,,,backfill,
WL.WSI.01,2026-10-09 20:00,-1.66,1.38,,,,,backfill,
WL.WSV.01,2026-10-09 20:00,0.47,,,,,,backfill,
WL.WTK.01,2026-10-09 20:00,-0.66,,,,,,backfill,
WL.WTN.02,2026-10-09 20:00,-1.42,,,,,,backfill,
WL.YPE.01,2026-10-09 20:00,0.44,,,,,,backfill,
WL.YPN.01,2026-10-09 20:00,-0.93,,,,,,backfill,
WL.YPN.02,2026-10-09 20:00,-1.55,,,,,,backfill,
WL.YSN.02,2026-10-09 20:00,-0.74,,,,,,backfill,
WL.ANG.01,2026-10-09 20:10,0.96,,,,,,Normal,
WL.BBU.02,2026-10-09 20:10,0.53,,,,,,Normal,
WL.BKH.01,2026-10-09 20:10,0.17,,,,,,Normal,
WL.BKK.01,2026-10-09 20:10,0.53,,,,,,Normal,
WL.BNJ.05,2026-10-09 20:10,-2.14,,,,,,Normal,
WL.BSE.01,2026-10-09 20:10,-1.57,,,,,,Normal,
WL.BTL.02,2026-10-09 20:10,0.13,,,,,,Normal,
WL.CLH.01,2026-10-09 20:10,-0.36,,,,,,Normal,
WL.CYI.02,2026-10-09 20:10,-0.62,,,,,,Normal,-0.55
WL.K08.01,2026-10-09 20:10,1.58,,,,,,Alert,
WL.K10.01,2026-10-09 20:10,1.63,,,,,,Alert,
WL.K11.01,2026-10-09 20:10,1.58,,,,,,Alert,
WL.KBP.01,2026-10-09 20:10,-1.07,,,,,,Normal,
WL.KHW.01,2026-10-09 20:10,1.73,,,,,,Normal,
WL.KKO.02,2026-10-09 20:10,1.58,,,,,,Alert,
WL.KPM.07,2026-10-09 20:10,0.54,,,,,,Normal,
WL.LPS.01,2026-10-09 20:10,0.82,,,,,,Normal,
WL.LPT.05,2026-10-09 20:10,1.29,,,,,,Normal,
WL.MKT.02,2026-10-09 20:10,-0.88,,,,,,Normal,
WL.NK3.02,2026-10-09 20:10,-0.67,,,,,,Normal,
WL.POC.01,2026-10-09 20:10,1.46,,,,,,Normal,
WL.PSC.06,2026-10-09 20:10,0.17,,,,,,Normal,
WL.RMN.01,2026-10-09 20:10,0.53,,,,,,Normal,
WL.RPS.01,2026-10-09 20:10,2.08,,,,,,Alert,
WL.SSB.01,2026-10-09 20:10,-0.49,,,,,,Normal,-0.44
WL.SSB.13,2026-10-09 20:10,1.89,,,,,,Critical,
WL.SSG.02,2026-10-09 20:10,1.56,,,,,,Alert,
WL.SSM.02,2026-10-09 20:10,1.56,,,,,,Normal,
WL.SSN.02,2026-10-09 20:10,-1.78,,,,,,Normal,-0.91
WL.STN.01,2026-10-09 20:10,0.55,,,,,,Alert,0.55
WL.SWA.02,2026-10-09 20:10,1.46,,,,,,Normal,
WL.AJP.01,2026-10-09 20:15,-1.16,,,,,,Normal,-0.48
WL.ANX.01,2026-10-09 20:15,0.01,,,,,,Normal,0.02
WL.BAM.01,2026-10-09 20:15,0.24,,,,,,Normal,0.4
WL.BBN.02,2026-10-09 20:15,0.43,,,,,,Normal,0.43
WL.BBN.03,2026-10-09 20:15,0.65,,,,,,Critical,0.66
WL.BBR.01,2026-10-09 20:15,-0.19,,,,,,Normal,0.19
WL.BBR.02,2026-10-09 20:15,-0.18,,,,,,Normal,0.15
WL.BBU.01,2026-10-09 20:15,0.51,,,,,,Normal,0.52
WL.BCN.01,2026-10-09 20:15,0.51,,,,,,Normal,0.53
WL.BCN.02,2026-10-09 20:15,0.5,,,,,,Normal,0.52
WL.BCN.03,2026-10-09 20:15,0.57,,,,,,Normal,0.58
WL.BJK.01,2026-10-09 20:15,-1.37,1.07,,0.0,0.0,,Normal,-1.06
WL.BJK.02,2026-10-09 20:15,0.52,,,,,,Normal,0.52
WL.BJK.03,2026-10-09 20:15,0.48,,,,,,Normal,0.48
WL.BJK.04,2026-10-09 20:15,0.54,,,,,,Normal,0.54
WL.BKA.01,2026-10-09 20:15,-1.59,2.04,,1.73,1.75,0.0,Normal,-1.24
WL.BKA.02,2026-10-09 20:15,-0.84,,,,,,Normal,-0.69
WL.BKA.03,2026-10-09 20:15,-0.37,,,,,,Normal,-0.27
WL.BKA.04,2026-10-09 20:15,0.15,,,,,,Normal,0.16
WL.BKB.01,2026-10-09 20:15,-0.29,,,,,,Normal,-0.28
WL.BKG.01,2026-10-09 20:15,0.67,-2.0,,0.0,,,Critical,0.69
WL.BKT.01,2026-10-09 20:15,-0.65,,,,,,Normal,-0.26
WL.BKY.01,2026-10-09 20:15,0.2,1.71,,0.0,6.98,0.0,Normal,0.43
WL.BKY.02,2026-10-09 20:15,0.41,,,,,,Normal,0.47
WL.BLP.02,2026-10-09 20:15,-0.48,,,,,,Normal,-0.42
WL.BLY.01,2026-10-09 20:15,-0.74,,,,,,Normal,-0.43
WL.BLY.02,2026-10-09 20:15,-0.79,,,,,,Normal,-0.52
WL.BMA.02,2026-10-09 20:15,-0.08,,,,,,Normal,1.1
WL.BMK.01,2026-10-09 20:15,-1.74,,,,,,Normal,-1.29
WL.BNA.01,2026-10-09 20:15,-1.68,0.99,,0.0,0.0,,Normal,-1.15
WL.BNA.03,2026-10-09 20:15,-0.63,,,,,,Normal,-0.55
WL.BNA.04,2026-10-09 20:15,-0.52,,,,,,Normal,-0.42
WL.BNJ.02,2026-10-09 20:15,-2.25,,,,,,Normal,-1.16
WL.BNJ.04,2026-10-09 20:15,-1.51,,,,,,Normal,-1.05
WL.BNS.01,2026-10-09 20:15,0.47,,,,,,Normal,0.53
WL.BOA.01,2026-10-09 20:15,-1.41,1.13,,0.0,0.0,,Normal,-1.05
WL.BOA.02,2026-10-09 20:15,-1.43,,,,,,Normal,-1.02
WL.BOA.03,2026-10-09 20:15,-1.39,,,,,,Normal,-1.12
WL.BON.01,2026-10-09 20:15,-1.41,,,,,,Normal,-1.04
WL.BPA.01,2026-10-09 20:15,-0.49,,,,,,Normal,-0.49
WL.BPK.01,2026-10-09 20:15,0.1,,,,,,Normal,0.2
WL.BPM.01,2026-10-09 20:15,0.27,,,,,,Normal,0.47
WL.BPM.02,2026-10-09 20:15,0.45,,,,,,Normal,0.52
WL.BPM.03,2026-10-09 20:15,0.62,,,,,,Alert,0.64
WL.BPM.04,2026-10-09 20:15,0.56,,,,,,Normal,0.61
WL.BPN.02,2026-10-09 20:15,0.5,,,,,,Normal,0.5
WL.BPU.01,2026-10-09 20:15,0.12,,,,,,Normal,1.39
WL.BSK.01,2026-10-09 20:15,-0.37,1.43,,0.0,0.0,,Normal,0.42
WL.BSU.01,2026-10-09 20:15,-0.91,2.0,,0.0,0.0,0.0,Normal,-0.85
WL.BSU.02,2026-10-09 20:15,-0.78,,,,,,Normal,-0.78
WL.BSU.03,2026-10-09 20:15,-1.22,,,,,,Normal,-1.22
WL.BSU.04,2026-10-09 20:15,-1.08,,,,,,Normal,-0.33
WL.BSU.05,2026-10-09 20:15,-1.12,,,,,,Normal,-1.01
WL.BSU.06,2026-10-09 20:15,-0.88,,,,,,Normal,-0.56
WL.BSU.07,2026-10-09 20:15,-0.47,,,,,,Normal,-0.41
WL.BTL.01,2026-10-09 20:15,-0.8,,,,,,Normal,-0.51
WL.BTY.01,2026-10-09 20:15,0.32,,,,,,Normal,0.41
WL.BWK.01,2026-10-09 20:15,0.38,,,,,,Normal,0.41
WL.BWK.02,2026-10-09 20:15,0.61,,,,,,Alert,0.62
WL.BWK.03,2026-10-09 20:15,0.64,,,,,,Normal,0.68
WL.BYI.01,2026-10-09 20:15,1.0,,,,,,Critical,1.0
WL.BYK.02,2026-10-09 20:15,-0.05,,,,,,Normal,0.37
WL.CKS.01,2026-10-09 20:15,-1.37,,,0.0,0.0,,Normal,-1.07
WL.CKS.02,2026-10-09 20:15,-0.89,,,,,,Normal,-0.87
WL.CKS.03,2026-10-09 20:15,-1.05,,,,,,Normal,-1.04
WL.CNS.01,2026-10-09 20:15,-1.83,1.15,,0.0,0.0,,Normal,-1.23
WL.CPA.01,2026-10-09 20:15,0.22,1.8,,0.0,4.77,,Normal,0.49
WL.CPA.02,2026-10-09 20:15,0.36,,,,,,Normal,0.39
WL.CYI.01,2026-10-09 20:15,-0.66,,,,,,Normal,-0.59
WL.CYI.03,2026-10-09 20:15,-0.34,,,,,,Normal,-0.34
WL.DKN.01,2026-10-09 20:15,0.37,1.4,,0.0,6.38,0.0,Normal,0.43
WL.FTM.01,2026-10-09 20:15,-0.92,,,,,,Normal,-0.81
WL.HKG.01,2026-10-09 20:15,-0.65,,,,,,Normal,-0.58
WL.HKG.02,2026-10-09 20:15,-0.69,,,,,,Normal,-0.63
WL.HMK.01,2026-10-09 20:15,-0.07,,,,,,Alert,0.0
WL.HMK.02,2026-10-09 20:15,-0.26,,,,,,Normal,-0.02
WL.HMK.03,2026-10-09 20:15,-0.03,,,,,,Normal,0.0
WL.JRN.01,2026-10-09 20:15,-0.07,1.3,,0.0,,,Normal,0.35
WL.KBU.01,2026-10-09 20:15,0.31,1.75,,0.0,,,Normal,0.6
WL.KBU.02,2026-10-09 20:15,0.42,,,,,,Normal,0.57
WL.KCD.01,2026-10-09 20:15,-0.98,,,,,,Normal,-0.98
WL.KDN.01,2026-10-09 20:15,-0.67,1.2,,0.0,,,Normal,-0.6
WL.KJA.01,2026-10-09 20:15,-0.89,,,,,,Normal,-0.49
WL.KJA.02,2026-10-09 20:15,-0.54,,,,,,Normal,-0.24
WL.KJG.01,2026-10-09 20:15,-0.69,,,,,,Normal,-0.18
WL.KJK.01,2026-10-09 20:15,-1.32,1.1,,0.0,0.0,,Normal,-1.08
WL.KJK.02,2026-10-09 20:15,-1.28,,,,,,Normal,-0.91
WL.KJN.02,2026-10-09 20:15,0.02,,,,,,Normal,0.03
WL.KJT.01,2026-10-09 20:15,-1.18,,,,,,Normal,-0.51
WL.KJU.01,2026-10-09 20:15,-0.74,,,,,,Normal,-0.38
WL.KKD.01,2026-10-09 20:15,-0.75,,,,,,Normal,-0.41
WL.KKD.02,2026-10-09 20:15,-0.8,,,,,,Normal,-0.51
WL.KKD.03,2026-10-09 20:15,-0.83,,,,,,Normal,-0.5
WL.KKO.01,2026-10-09 20:15,1.63,,,,,,Alert,1.63
WL.KKS.01,2026-10-09 20:15,-0.47,1.81,,0.0,0.0,,Normal,-0.42
WL.KKS.02,2026-10-09 20:15,-0.43,,,,,,Normal,-0.38
WL.KKS.03,2026-10-09 20:15,-0.53,,,,,,Normal,-0.47
WL.KKS.04,2026-10-09 20:15,-0.51,1.5,,0.0,,,Normal,-0.45
WL.KKY.01,2026-10-09 20:15,0.59,,,,,,Normal,0.69
WL.KKY.02,2026-10-09 20:15,0.62,,,,,,Normal,0.69
WL.KLA.01,2026-10-09 20:15,-0.15,,,,,,Alert,0.39
WL.KLD.01,2026-10-09 20:15,-0.41,,,,,,Normal,-0.26
WL.KLD.02,2026-10-09 20:15,-0.37,,,,,,Normal,-0.19
WL.KLT.01,2026-10-09 20:15,-0.58,,,,,,Normal,-0.57
WL.KMN.01,2026-10-09 20:15,0.23,1.7,,0.11,5.86,0.0,Normal,0.42
WL.KNB.02,2026-10-09 20:15,-0.4,,,,,,Normal,-0.36
WL.KPG.01,2026-10-09 20:15,-1.53,,,,,,Normal,-0.99
WL.KPM.01,2026-10-09 20:15,-0.29,,,,,,Normal,-0.25
WL.KPM.03,2026-10-09 20:15,-0.07,,,,,,Normal,-0.02
WL.KPM.05,2026-10-09 20:15,0.42,,,,,,Normal,0.54
WL.KPM.06,2026-10-09 20:15,0.39,,,,,,Normal,0.53
WL.KPM.08,2026-10-09 20:15,0.4,,,,,,Normal,0.53
WL.KSG.01,2026-10-09 20:15,0.72,,,,,,Normal,0.79
WL.KSI.01,2026-10-09 20:15,0.8,,,,,,Alert,0.84
WL.KSI.02,2026-10-09 20:15,0.81,,,,,,Critical,0.85
WL.KSK.01,2026-10-09 20:15,-0.8,,,,,,Normal,-0.56
WL.KSM.01,2026-10-09 20:15,0.81,,,,,,Critical,0.85
WL.KSM.02,2026-10-09 20:15,0.75,,,,,,Critical,0.81
WL.KSO.01,2026-10-09 20:15,0.7,,,,,,Normal,0.8
WL.KSO.02,2026-10-09 20:15,0.7,,,,,,Normal,0.85
WL.KTY.01,2026-10-09 20:15,-1.98,1.09,,0.0,,,Normal,-1.35
WL.LBK.02,2026-10-09 20:15,0.54,,,,,,Critical,0.58
WL.LBK.03,2026-10-09 20:15,0.44,,,,,,Critical,0.5
WL.LCL.01,2026-10-09 20:15,0.69,,,,,,Normal,0.7
WL.LKB.01,2026-10-09 20:15,0.68,,,,,,Critical,0.74
WL.LOA.01,2026-10-09 20:15,0.28,,,,,,Normal,0.9
WL.LOA.02,2026-10-09 20:15,0.73,,,,,,Normal,0.84
WL.LPC.01,2026-10-09 20:15,1.1,,,,,,Critical,1.12
WL.LPG.02,2026-10-09 20:15,1.0,1.75,,0.0,,,Critical,1.02
WL.LPG.03,2026-10-09 20:15,0.94,,,,,,Critical,0.97
WL.LPN.01,2026-10-09 20:15,-0.85,0.99,,0.01,,,Normal,-0.6
WL.LPP.01,2026-10-09 20:15,-1.4,,,,,,Normal,-0.95
WL.LPP.02,2026-10-09 20:15,-0.72,,,,,,Normal,
WL.LPT.03,2026-10-09 20:15,0.88,,,,,,Critical,0.91
WL.LPW.01,2026-10-09 20:15,-0.16,-0.2,,0.0,,,Normal,-0.16
WL.LPW.03,2026-10-09 20:15,0.31,,,,,,Normal,0.31
WL.LPW.04,2026-10-09 20:15,-0.36,,,,,,Normal,-0.29
WL.LPW.05,2026-10-09 20:15,-0.47,,,,,,Normal,-0.46
WL.LSG.01,2026-10-09 20:15,-1.2,,,,,,Normal,-1.18
WL.LSM.01,2026-10-09 20:15,-0.63,,,,,,Normal,-0.57
WL.LYW.02,2026-10-09 20:15,-1.4,,,,,,Normal,-1.4
WL.MCM.01,2026-10-09 20:15,0.52,,,,,,Normal,0.52
WL.MFS.01,2026-10-09 20:15,-0.7,,,,,,Normal,-0.7
WL.MKT.01,2026-10-09 20:15,-0.31,,,,,,Normal,-0.27
WL.MSW.01,2026-10-09 20:15,1.8,,,,,,Alert,1.87
WL.MSW.02,2026-10-09 20:15,1.19,,,,,,Normal,1.19
WL.MSW.03,2026-10-09 20:15,1.78,,,,,,Normal,1.82
WL.MSW.04,2026-10-09 20:15,1.0,,,,,,Normal,
WL.MTG.01,2026-10-09 20:15,-0.72,,,,,,Normal,-0.62
WL.NBN.01,2026-10-09 20:15,-3.9,-1.45,,0.0,,,Normal,-3.58
WL.NCH.02,2026-10-09 20:15,-0.54,,,,,,Normal,-0.33
WL.NK1.01,2026-10-09 20:15,0.09,,,,,,Normal,0.09
WL.NK3.01,2026-10-09 20:15,-0.45,,,,,,Normal,-0.1
WL.NKW.02,2026-10-09 20:15,-0.15,,,,,,Normal,-0.13
WL.NSG.01,2026-10-09 20:15,-2.0,,,,,,Normal,-2.0
WL.OAG.01,2026-10-09 20:15,-0.52,,,,,,Normal,-0.47
WL.ORC.01,2026-10-09 20:15,-1.15,-0.43,,0.0,,,Normal,-0.88
WL.PKG.01,2026-10-09 20:15,1.63,,,,,,Normal,1.92
WL.PKN.01,2026-10-09 20:15,-0.89,1.25,,0.0,0.0,0.0,Normal,-0.68
WL.PLK.01,2026-10-09 20:15,0.57,,,,,,Normal,1.3
WL.PLP.01,2026-10-09 20:15,-0.42,,,,,,Normal,-0.38
WL.PNM.01,2026-10-09 20:15,0.32,,,,,,Critical,0.38
WL.PSC.01,2026-10-09 20:15,0.39,0.42,,0.0,0.0,0.0,Normal,0.39
WL.PSC.02,2026-10-09 20:15,0.41,,,,,,Normal,0.41
WL.PSC.03,2026-10-09 20:15,0.42,,,,,,Normal,0.42
WL.PSC.05,2026-10-09 20:15,0.47,,,,,,Normal,0.48
WL.PSI.01,2026-10-09 20:15,-1.59,,,,,,Normal,-1.18
WL.PSR.01,2026-10-09 20:15,1.11,1.81,,0.2,,,Critical,1.12
WL.PSR.02,2026-10-09 20:15,1.13,,,,,,Alert,1.15
WL.PSR.03,2026-10-09 20:15,1.11,,,,,,Alert,1.13
WL.PSR.04,2026-10-09 20:15,0.75,,,,,,Normal,0.78
WL.PSR.05,2026-10-09 20:15,0.78,,,,,,Alert,0.81
WL.PST.01,2026-10-09 20:15,-0.89,,,,,,Normal,-0.89
WL.PWT.01,2026-10-09 20:15,-0.49,,,,,,Normal,-0.47
WL.PWT.02,2026-10-09 20:15,0.0,,,,,,Normal,0.02
WL.PWT.03,2026-10-09 20:15,0.19,0.21,,5.84,5.9,,Alert,0.27
WL.PWT.06,2026-10-09 20:15,0.94,,,,,,Critical,0.98
WL.PWT.07,2026-10-09 20:15,0.93,,,,,,Critical,0.97
WL.RHN.01,2026-10-09 20:15,-0.21,-0.13,,0.0,,,Normal,-0.21
WL.RJK.01,2026-10-09 20:15,0.31,0.31,,7.5,,,Normal,0.36
WL.RMT.01,2026-10-09 20:15,-1.17,0.97,,0.0,0.0,,Normal,-0.25
WL.RMT.02,2026-10-09 20:15,0.16,,,,,,Normal,0.16
WL.RMT.03,2026-10-09 20:15,-2.0,,,,,,Normal,-2.0
WL.RSK.01,2026-10-09 20:15,0.47,,,,,,Normal,0.47
WL.SBR.01,2026-10-09 20:15,0.67,1.18,,0.0,,,Normal,0.91
WL.SBR.02,2026-10-09 20:15,0.61,,,,,,Normal,0.68
WL.SBT.01,2026-10-09 20:15,-0.24,0.39,,0.0,,,Normal,-0.09
WL.SCO.01,2026-10-09 20:15,-0.02,,,,,,Normal,0.32
WL.SDN.01,2026-10-09 20:15,0.23,,,,,,Normal,0.23
WL.SKT.01,2026-10-09 20:15,-0.68,,,,,,Normal,-0.55
WL.SKT.02,2026-10-09 20:15,-0.91,,,,,,Normal,-0.59
WL.SMK.01,2026-10-09 20:15,-0.23,,,,,,Normal,-0.23
WL.SNC.01,2026-10-09 20:15,-0.28,1.09,,0.0,0.0,0.0,Alert,-0.16
WL.SNC.02,2026-10-09 20:15,0.4,,,,,,Normal,0.44
WL.SNC.03,2026-10-09 20:15,0.21,,,,,,Normal,0.21
WL.SNO.01,2026-10-09 20:15,-1.3,,,,,,Normal,-0.74
WL.SOL.01,2026-10-09 20:15,-1.21,,,,,,Normal,-0.62
WL.SRE.01,2026-10-09 20:15,0.18,1.48,,0.0,0.0,,Normal,0.18
WL.SRG.01,2026-10-09 20:15,-0.55,1.28,,0.0,0.0,0.0,Normal,-0.17
WL.SSB.03,2026-10-09 20:15,-0.31,,,,,,Normal,-0.31
WL.SSB.04,2026-10-09 20:15,-0.46,-0.47,,7.5,7.5,,Normal,-0.42
WL.SSB.06,2026-10-09 20:15,-0.33,,,,,,Normal,0.15
WL.SSB.07,2026-10-09 20:15,0.08,,,,,,Normal,0.6
WL.SSB.08,2026-10-09 20:15,0.36,,,,,,Alert,0.37
WL.SSB.09,2026-10-09 20:15,0.58,1.1,,0.0,,,Critical,0.58
WL.SSB.10,2026-10-09 20:15,0.82,1.07,,3.64,,,Critical,0.83
WL.SSB.11,2026-10-09 20:15,1.23,,,,,,Critical,1.25
WL.SSB.12,2026-10-09 20:15,1.23,1.5,,0.0,,,Critical,1.24
WL.SSG.01,2026-10-09 20:15,1.57,,,,,,Alert,1.58
WL.SSM.01,2026-10-09 20:15,1.32,-99,,0.0,,,Critical,1.32
WL.SSN.01,2026-10-09 20:15,-1.01,1.87,,7.0,0.0,0.0,Normal,-1.01
WL.SSN.04,2026-10-09 20:15,-0.86,,,,,,Normal,-0.69
WL.SSN.06,2026-10-09 20:15,-1.72,,,,,,Normal,-1.71
WL.SSN.07,2026-10-09 20:15,-0.82,,,,,,Normal,-0.8
WL.SSN.08,2026-10-09 20:15,-0.53,-0.53,,0.0,,,Normal,-0.52
WL.SSN.09,2026-10-09 20:15,-0.54,,,,,,Normal,-0.53
WL.SSN.10,2026-10-09 20:15,-0.51,,,,,,Normal,-0.51
WL.SST.01,2026-10-09 20:15,0.85,1.76,,0.32,,,Alert,0.91
WL.STN.02,2026-10-09 20:15,0.62,,,,,,Critical,0.66
WL.STN.03,2026-10-09 20:15,0.65,,,,,,Critical,0.72
WL.STR.01,2026-10-09 20:15,-0.68,0.24,1.45,0.0,0.0,0.0,Normal,-0.67
WL.SWA.01,2026-10-09 20:15,0.84,1.38,,0.43,,,Critical,0.86
WL.SWU.01,2026-10-09 20:15,-1.66,,,,,,Normal,-0.89
WL.TCG.01,2026-10-09 20:15,-1.11,,,,,,Normal,-0.84
WL.TPK.03,2026-10-09 20:15,0.45,,,,,,Critical,0.52
WL.TSK.01,2026-10-09 20:15,-1.79,,,,,,Normal,-1.79
WL.TTN.01,2026-10-09 20:15,-0.83,,,,,,Normal,-0.65
WL.TUT.02,2026-10-09 20:15,-1.01,,,,,,Normal,-0.22
WL.TWW.01,2026-10-09 20:15,0.66,1.13,,0.0,,,Normal,0.79
WL.TWW.02,2026-10-09 20:15,0.65,,,,,,Normal,0.75
WL.TWW.03,2026-10-09 20:15,0.71,,,,,,Critical,0.75
WL.TWW.04,2026-10-09 20:15,0.67,,,,,,Normal,0.71
WL.TWW.05,2026-10-09 20:15,0.55,,,,,,Normal,0.55
WL.VPD.01,2026-10-09 20:15,-1.03,,,,,,Normal,-1.0
WL.VPD.02,2026-10-09 20:15,-0.97,,,,,,Normal,-0.94
WL.VPD.03,2026-10-09 20:15,-1.25,,,,,,Normal,-1.23
WL.VPV.01,2026-10-09 20:15,-1.51,,,0.0,,,Normal,-1.37
WL.WHK.01,2026-10-09 20:15,0.98,,,,,,Alert,0.98
WL.WKT.01,2026-10-09 20:15,-0.22,,,,,,Normal,0.55
WL.WLS.01,2026-10-09 20:15,0.54,,,,,,Normal,0.61
WL.WSI.01,2026-10-09 20:15,-1.26,1.33,,0.0,0.0,0.0,Normal,-0.54
WL.WSV.01,2026-10-09 20:15,0.45,,,,,,Normal,0.5
WL.WTK.01,2026-10-09 20:15,-0.62,,,,,,Normal,-0.43
WL.WTN.02,2026-10-09 20:15,-1.46,,,,,,Normal,-1.1
WL.YPE.01,2026-10-09 20:15,0.44,,,,,,Normal,0.44
WL.YPN.01,2026-10-09 20:15,-0.93,,,,,,Normal,-0.51
WL.YPN.02,2026-10-09 20:15,-1.53,,,,,,Normal,-0.57
WL.YSN.02,2026-10-09 20:15,-0.76,,,,,,Normal,-0.73
WL.LPI.02,2026-10-09 20:19,-0.01,,,,,,Normal,0.17
WL.KPM.04,2026-10-09 20:25,0.38,,,,,,Normal,0.49
WL.KKD.04,2026-10-09 20:35,-0.73,,,,,,Normal,-0.45
WL.AJP.01,2026-10-09 21:00,-1.17,,,,,,backfill,
WL.ANX.01,2026-10-09 21:00,0.00,,,,,,backfill,
WL.BAM.01,2026-10-09 21:00,0.23,,,,,,backfill,
WL.BBN.01,2026-10-09 21:00,,,,,,,backfill,
WL.BBN.02,2026-10-09 21:00,0.44,,,,,,backfill,
WL.BBN.03,2026-10-09 21:00,0.63,,,,,,backfill,
WL.BBR.01,2026-10-09 21:00,-0.10,,,,,,backfill,
WL.BBR.02,2026-10-09 21:00,-0.17,,,,,,backfill,
WL.BBU.01,2026-10-09 21:00,0.48,,,,,,backfill,
WL.BCN.01,2026-10-09 21:00,0.50,,,,,,backfill,
WL.BCN.02,2026-10-09 21:00,0.49,,,,,,backfill,
WL.BCN.03,2026-10-09 21:00,0.57,,,,,,backfill,
WL.BJK.01,2026-10-09 21:00,-1.47,0.79,,,,,backfill,
WL.BJK.02,2026-10-09 21:00,0.52,,,,,,backfill,
WL.BJK.03,2026-10-09 21:00,0.48,,,,,,backfill,
WL.BJK.04,2026-10-09 21:00,0.54,,,,,,backfill,
WL.BKA.01,2026-10-09 21:00,-1.33,1.93,,,,,backfill,
WL.BKA.02,2026-10-09 21:00,-0.82,,,,,,backfill,
WL.BKA.03,2026-10-09 21:00,-0.37,,,,,,backfill,
WL.BKA.04,2026-10-09 21:00,0.13,,,,,,backfill,
WL.BKB.01,2026-10-09 21:00,-0.31,,,,,,backfill,
WL.BKG.01,2026-10-09 21:00,0.67,-2.00,,,,,backfill,
WL.BKT.01,2026-10-09 21:00,-0.66,,,,,,backfill,
WL.BKY.01,2026-10-09 21:00,0.21,1.55,,,,,backfill,
WL.BKY.02,2026-10-09 21:00,0.40,,,,,,backfill,
WL.BLP.02,2026-10-09 21:00,-0.55,,,,,,backfill,
WL.BLY.01,2026-10-09 21:00,-0.80,,,,,,backfill,
WL.BLY.02,2026-10-09 21:00,-0.83,,,,,,backfill,
WL.BMA.02,2026-10-09 21:00,-0.09,,,,,,backfill,
WL.BMK.01,2026-10-09 21:00,-1.76,,,,,,backfill,
WL.BNA.01,2026-10-09 21:00,-1.69,0.69,,,,,backfill,
WL.BNA.02,2026-10-09 21:00,,,,,,,backfill,
WL.BNA.03,2026-10-09 21:00,-0.63,,,,,,backfill,
WL.BNA.04,2026-10-09 21:00,-0.53,,,,,,backfill,
WL.BNJ.01,2026-10-09 21:00,,,,,,,backfill,
WL.BNJ.02,2026-10-09 21:00,-1.79,,,,,,backfill,
WL.BNJ.03,2026-10-09 21:00,,,,,,,backfill,
WL.BNJ.04,2026-10-09 21:00,-1.56,,,,,,backfill,
WL.BNS.01,2026-10-09 21:00,0.45,,,,,,backfill,
WL.BOA.01,2026-10-09 21:00,-1.46,0.83,,,,,backfill,
WL.BOA.02,2026-10-09 21:00,-1.49,,,,,,backfill,
WL.BOA.03,2026-10-09 21:00,-1.44,,,,,,backfill,
WL.BON.01,2026-10-09 21:00,-1.47,,,,,,backfill,
WL.BPA.01,2026-10-09 21:00,-0.55,,,,,,backfill,
WL.BPK.01,2026-10-09 21:00,0.13,,,,,,backfill,
WL.BPM.01,2026-10-09 21:00,0.26,,,,,,backfill,
WL.BPM.02,2026-10-09 21:00,0.43,,,,,,backfill,
WL.BPM.03,2026-10-09 21:00,0.61,,,,,,backfill,
WL.BPM.04,2026-10-09 21:00,0.54,,,,,,backfill,
WL.BPN.02,2026-10-09 21:00,0.49,,,,,,backfill,
WL.BPU.01,2026-10-09 21:00,-0.22,,,,,,backfill,
WL.BSK.01,2026-10-09 21:00,-0.38,1.24,,,,,backfill,
WL.BSU.01,2026-10-09 21:00,-0.92,1.89,,,,,backfill,
WL.BSU.02,2026-10-09 21:00,-0.78,,,,,,backfill,
WL.BSU.03,2026-10-09 21:00,-1.18,,,,,,backfill,
WL.BSU.04,2026-10-09 21:00,-1.10,,,,,,backfill,
WL.BSU.05,2026-10-09 21:00,-1.15,,,,,,backfill,
WL.BSU.06,2026-10-09 21:00,-0.83,,,,,,backfill,
WL.BSU.07,2026-10-09 21:00,-0.47,,,,,,backfill,
WL.BTL.01,2026-10-09 21:00,-0.84,,,,,,backfill,
WL.BTY.01,2026-10-09 21:00,0.30,,,,,,backfill,
WL.BWK.01,2026-10-09 21:00,0.37,,,,,,backfill,
WL.BWK.02,2026-10-09 21:00,0.60,,,,,,backfill,
WL.BWK.03,2026-10-09 21:00,0.62,,,,,,backfill,
WL.BYI.01,2026-10-09 21:00,1.00,,,,,,backfill,
WL.BYK.01,2026-10-09 21:00,,,,,,,backfill,
WL.BYK.02,2026-10-09 21:00,0.09,,,,,,backfill,
WL.CKS.01,2026-10-09 21:00,-1.44,,,,,,backfill,
WL.CKS.02,2026-10-09 21:00,-0.90,,,,,,backfill,
WL.CKS.03,2026-10-09 21:00,-1.08,,,,,,backfill,
WL.CNS.01,2026-10-09 21:00,-2.10,0.88,,,,,backfill,
WL.CPA.01,2026-10-09 21:00,0.20,1.67,,,,,backfill,
WL.CPA.02,2026-10-09 21:00,0.34,,,,,,backfill,
WL.CYI.01,2026-10-09 21:00,-0.67,,,,,,backfill,
WL.CYI.02,2026-10-09 21:00,-0.59,,,,,,backfill,
WL.CYI.03,2026-10-09 21:00,-0.35,,,,,,backfill,
WL.DKN.01,2026-10-09 21:00,0.35,1.19,,,,,backfill,
WL.FTM.01,2026-10-09 21:00,-0.98,,,,,,backfill,
WL.HKG.01,2026-10-09 21:00,-0.69,,,,,,backfill,
WL.HKG.02,2026-10-09 21:00,-0.72,,,,,,backfill,
WL.HMK.01,2026-10-09 21:00,-0.09,,,,,,backfill,
WL.HMK.02,2026-10-09 21:00,-0.29,,,,,,backfill,
WL.HMK.03,2026-10-09 21:00,-0.03,,,,,,backfill,
WL.JKK.01,2026-10-09 21:00,,,,,,,backfill,
WL.JRN.01,2026-10-09 21:00,0.06,1.07,,,,,backfill,
WL.KBU.01,2026-10-09 21:00,0.35,1.65,,,,,backfill,
WL.KBU.02,2026-10-09 21:00,0.41,,,,,,backfill,
WL.KCD.01,2026-10-09 21:00,-0.93,,,,,,backfill,
WL.KDN.01,2026-10-09 21:00,-0.68,0.96,,,,,backfill,
WL.KJA.01,2026-10-09 21:00,-0.86,,,,,,backfill,
WL.KJA.02,2026-10-09 21:00,-0.48,,,,,,backfill,
WL.KJG.01,2026-10-09 21:00,-0.65,,,,,,backfill,
WL.KJK.01,2026-10-09 21:00,-1.30,0.81,,,,,backfill,
WL.KJK.02,2026-10-09 21:00,-1.25,,,,,,backfill,
WL.KJN.01,2026-10-09 21:00,,,,,,,backfill,
WL.KJN.02,2026-10-09 21:00,-0.01,,,,,,backfill,
WL.KJT.01,2026-10-09 21:00,-1.18,,,,,,backfill,
WL.KJU.01,2026-10-09 21:00,-0.61,,,,,,backfill,
WL.KKD.01,2026-10-09 21:00,-0.79,,,,,,backfill,
WL.KKD.02,2026-10-09 21:00,-0.84,,,,,,backfill,
WL.KKD.03,2026-10-09 21:00,-0.84,,,,,,backfill,
WL.KKD.04,2026-10-09 21:00,-0.75,,,,,,backfill,
WL.KKO.01,2026-10-09 21:00,1.63,,,,,,backfill,
WL.KKS.01,2026-10-09 21:00,-0.54,1.68,,,,,backfill,
WL.KKS.02,2026-10-09 21:00,-0.50,,,,,,backfill,
WL.KKS.03,2026-10-09 21:00,-0.62,,,,,,backfill,
WL.KKS.04,2026-10-09 21:00,-0.61,1.38,,,,,backfill,
WL.KKY.01,2026-10-09 21:00,0.57,,,,,,backfill,
WL.KKY.02,2026-10-09 21:00,0.60,,,,,,backfill,
WL.KLA.01,2026-10-09 21:00,-0.28,,,,,,backfill,
WL.KLD.01,2026-10-09 21:00,-0.36,,,,,,backfill,
WL.KLD.02,2026-10-09 21:00,-0.31,,,,,,backfill,
WL.KLT.01,2026-10-09 21:00,-0.61,,,,,,backfill,
WL.KMN.01,2026-10-09 21:00,0.16,1.56,,,,,backfill,
WL.KNB.01,2026-10-09 21:00,,,,,,,backfill,
WL.KNB.02,2026-10-09 21:00,-0.40,,,,,,backfill,
WL.KPG.01,2026-10-09 21:00,-1.46,,,,,,backfill,
WL.KPM.01,2026-10-09 21:00,-0.28,,,,,,backfill,
WL.KPM.03,2026-10-09 21:00,-0.07,,,,,,backfill,
WL.KPM.04,2026-10-09 21:00,0.38,,,,,,backfill,
WL.KPM.05,2026-10-09 21:00,0.42,,,,,,backfill,
WL.KPM.06,2026-10-09 21:00,0.41,,,,,,backfill,
WL.KPM.08,2026-10-09 21:00,0.41,,,,,,backfill,
WL.KPM.09,2026-10-09 21:00,,,,,,,backfill,
WL.KSG.01,2026-10-09 21:00,0.72,,,,,,backfill,
WL.KSI.01,2026-10-09 21:00,0.79,,,,,,backfill,
WL.KSI.02,2026-10-09 21:00,0.81,,,,,,backfill,
WL.KSK.01,2026-10-09 21:00,-0.84,,,,,,backfill,
WL.KSM.01,2026-10-09 21:00,0.80,,,,,,backfill,
WL.KSM.02,2026-10-09 21:00,0.75,,,,,,backfill,
WL.KSO.01,2026-10-09 21:00,0.67,,,,,,backfill,
WL.KSO.02,2026-10-09 21:00,0.68,,,,,,backfill,
WL.KT4.01,2026-10-09 21:00,,,,,,,backfill,
WL.KTY.01,2026-10-09 21:00,-2.11,0.82,,,,,backfill,
WL.LBK.02,2026-10-09 21:00,0.54,,,,,,backfill,
WL.LBK.03,2026-10-09 21:00,0.44,,,,,,backfill,
WL.LCL.01,2026-10-09 21:00,0.68,,,,,,backfill,
WL.LCL.02,2026-10-09 21:00,,,,,,,backfill,
WL.LKB.01,2026-10-09 21:00,0.68,,,,,,backfill,
WL.LOA.01,2026-10-09 21:00,0.38,,,,,,backfill,
WL.LOA.02,2026-10-09 21:00,0.73,,,,,,backfill,
WL.LPC.01,2026-10-09 21:00,1.10,,,,,,backfill,
WL.LPG.02,2026-10-09 21:00,1.00,1.75,,,,,backfill,
WL.LPG.03,2026-10-09 21:00,0.94,,,,,,backfill,
WL.LPI.02,2026-10-09 21:00,-0.10,,,,,,backfill,
WL.LPN.01,2026-10-09 21:00,-0.64,0.91,,,,,backfill,
WL.LPP.01,2026-10-09 21:00,-1.41,,,,,,backfill,
WL.LPT.01,2026-10-09 21:00,,,,,,,backfill,
WL.LPT.03,2026-10-09 21:00,0.87,,,,,,backfill,
WL.LPW.01,2026-10-09 21:00,-0.19,-0.22,,,,,backfill,
WL.LPW.03,2026-10-09 21:00,0.28,,,,,,backfill,
WL.LPW.04,2026-10-09 21:00,-0.37,,,,,,backfill,
WL.LPW.05,2026-10-09 21:00,-0.48,,,,,,backfill,
WL.LSG.01,2026-10-09 21:00,-1.21,,,,,,backfill,
WL.LSM.01,2026-10-09 21:00,-0.63,,,,,,backfill,
WL.LYW.01,2026-10-09 21:00,,,,,,,backfill,
WL.LYW.02,2026-10-09 21:00,-1.41,,,,,,backfill,
WL.MCM.01,2026-10-09 21:00,0.51,,,,,,backfill,
WL.MFS.01,2026-10-09 21:00,-0.70,,,,,,backfill,
WL.MKT.01,2026-10-09 21:00,-0.31,,,,,,backfill,
WL.MSW.01,2026-10-09 21:00,1.68,,,,,,backfill,
WL.MSW.02,2026-10-09 21:00,1.20,,,,,,backfill,
WL.MSW.03,2026-10-09 21:00,1.68,,,,,,backfill,
WL.MTG.01,2026-10-09 21:00,-0.71,,,,,,backfill,
WL.NBN.01,2026-10-09 21:00,-3.90,-1.48,,,,,backfill,
WL.NCH.02,2026-10-09 21:00,-0.55,,,,,,backfill,
WL.NK1.01,2026-10-09 21:00,0.12,,,,,,backfill,
WL.NK3.01,2026-10-09 21:00,-0.46,,,,,,backfill,
WL.NKW.02,2026-10-09 21:00,-0.17,,,,,,backfill,
WL.NSG.01,2026-10-09 21:00,-2.00,,,,,,backfill,
WL.OAG.01,2026-10-09 21:00,-0.59,,,,,,backfill,
WL.ORC.01,2026-10-09 21:00,-1.32,-0.49,,,,,backfill,
WL.PKG.01,2026-10-09 21:00,1.49,,,,,,backfill,
WL.PKN.01,2026-10-09 21:00,-0.87,0.98,,,,,backfill,
WL.PLK.01,2026-10-09 21:00,0.31,,,,,,backfill,
WL.PLP.01,2026-10-09 21:00,-0.42,,,,,,backfill,
WL.PNM.01,2026-10-09 21:00,0.31,,,,,,backfill,
WL.PSC.01,2026-10-09 21:00,0.38,0.40,,,,,backfill,
WL.PSC.02,2026-10-09 21:00,0.40,,,,,,backfill,
WL.PSC.03,2026-10-09 21:00,0.42,,,,,,backfill,
WL.PSC.05,2026-10-09 21:00,0.48,,,,,,backfill,
WL.PSI.01,2026-10-09 21:00,-1.52,,,,,,backfill,
WL.PSR.01,2026-10-09 21:00,1.10,1.80,,,,,backfill,
WL.PSR.02,2026-10-09 21:00,1.13,,,,,,backfill,
WL.PSR.03,2026-10-09 21:00,1.11,,,,,,backfill,
WL.PSR.04,2026-10-09 21:00,0.75,,,,,,backfill,
WL.PSR.05,2026-10-09 21:00,0.78,,,,,,backfill,
WL.PSR.06,2026-10-09 21:00,,,,,,,backfill,
WL.PST.01,2026-10-09 21:00,-0.89,,,,,,backfill,
WL.PWT.01,2026-10-09 21:00,-0.50,,,,,,backfill,
WL.PWT.02,2026-10-09 21:00,0.00,,,,,,backfill,
WL.PWT.03,2026-10-09 21:00,0.20,0.21,,,,,backfill,
WL.PWT.04,2026-10-09 21:00,0.51,0.56,,,,,backfill,
WL.PWT.05,2026-10-09 21:00,,,,,,,backfill,
WL.PWT.06,2026-10-09 21:00,0.94,,,,,,backfill,
WL.PWT.07,2026-10-09 21:00,0.92,,,,,,backfill,
WL.PYW.01,2026-10-09 21:00,-1.03,,,,,,backfill,
WL.RHN.01,2026-10-09 21:00,-0.13,-0.13,,,,,backfill,
WL.RJK.01,2026-10-09 21:00,0.32,0.32,,,,,backfill,
WL.RKC.01,2026-10-09 21:00,,,,,,,backfill,
WL.RMT.01,2026-10-09 21:00,-0.88,0.94,,,,,backfill,
WL.RMT.02,2026-10-09 21:00,0.15,,,,,,backfill,
WL.RSK.01,2026-10-09 21:00,0.49,,,,,,backfill,
WL.SBR.01,2026-10-09 21:00,0.64,1.20,,,,,backfill,
WL.SBR.02,2026-10-09 21:00,0.59,,,,,,backfill,
WL.SBT.01,2026-10-09 21:00,-0.43,0.35,,,,,backfill,
WL.SCO.01,2026-10-09 21:00,0.02,,,,,,backfill,
WL.SDN.01,2026-10-09 21:00,0.23,,,,,,backfill,
WL.SKG.01,2026-10-09 21:00,,,,,,,backfill,
WL.SKT.01,2026-10-09 21:00,-0.72,,,,,,backfill,
WL.SKT.02,2026-10-09 21:00,-1.00,,,,,,backfill,
WL.SLL.01,2026-10-09 21:00,,,,,,,backfill,
WL.SMK.01,2026-10-09 21:00,-0.23,,,,,,backfill,
WL.SNC.01,2026-10-09 21:00,-0.25,1.07,,,,,backfill,
WL.SNC.02,2026-10-09 21:00,0.37,,,,,,backfill,
WL.SNC.03,2026-10-09 21:00,0.19,,,,,,backfill,
WL.SNO.01,2026-10-09 21:00,-1.17,,,,,,backfill,
WL.SOL.01,2026-10-09 21:00,-1.15,,,,,,backfill,
WL.SRE.01,2026-10-09 21:00,0.24,1.28,,,,,backfill,
WL.SRG.01,2026-10-09 21:00,-0.60,1.09,,,,,backfill,
WL.SSB.01,2026-10-09 21:00,-0.58,,,,,,backfill,
WL.SSB.03,2026-10-09 21:00,-0.40,,,,,,backfill,
WL.SSB.04,2026-10-09 21:00,-0.50,-0.52,,,,,backfill,
WL.SSB.06,2026-10-09 21:00,-0.44,,,,,,backfill,
WL.SSB.07,2026-10-09 21:00,0.06,,,,,,backfill,
WL.SSB.08,2026-10-09 21:00,0.36,,,,,,backfill,
WL.SSB.10,2026-10-09 21:00,0.83,1.07,,,,,backfill,
WL.SSB.11,2026-10-09 21:00,1.23,,,,,,backfill,
WL.SSB.12,2026-10-09 21:00,1.22,1.50,,,,,backfill,
WL.SSG.01,2026-10-09 21:00,1.57,,,,,,backfill,
WL.SSM.01,2026-10-09 21:00,1.32,,,,,,backfill,
WL.SSN.01,2026-10-09 21:00,-1.01,1.76,,,,,backfill,
WL.SSN.02,2026-10-09 21:00,-1.80,,,,,,backfill,
WL.SSN.04,2026-10-09 21:00,-0.98,,,,,,backfill,
WL.SSN.06,2026-10-09 21:00,-1.74,,,,,,backfill,
WL.SSN.07,2026-10-09 21:00,-0.86,,,,,,backfill,
WL.SSN.08,2026-10-09 21:00,-0.54,-0.53,,,,,backfill,
WL.SSN.09,2026-10-09 21:00,-0.55,,,,,,backfill,
WL.SSN.10,2026-10-09 21:00,-0.53,,,,,,backfill,
WL.SST.01,2026-10-09 21:00,0.85,1.76,,,,,backfill,
WL.STN.01,2026-10-09 21:00,0.55,,,,,,backfill,
WL.STN.02,2026-10-09 21:00,0.62,,,,,,backfill,
WL.STN.03,2026-10-09 21:00,0.65,,,,,,backfill,
WL.STR.01,2026-10-09 21:00,-0.73,0.25,1.27,,,,backfill,
WL.SWA.01,2026-10-09 21:00,0.84,1.38,,,,,backfill,
WL.SWU.01,2026-10-09 21:00,-1.68,,,,,,backfill,
WL.TCG.01,2026-10-09 21:00,-1.12,,,,,,backfill,
WL.TPK.02,2026-10-09 21:00,,,,,,,backfill,
WL.TPK.03,2026-10-09 21:00,0.46,,,,,,backfill,
WL.TSK.01,2026-10-09 21:00,-1.80,,,,,,backfill,
WL.TTN.01,2026-10-09 21:00,-0.83,,,,,,backfill,
WL.TUT.02,2026-10-09 21:00,-0.96,,,,,,backfill,
WL.TWW.01,2026-10-09 21:00,0.64,1.15,,,,,backfill,
WL.TWW.02,2026-10-09 21:00,0.62,,,,,,backfill,
WL.TWW.03,2026-10-09 21:00,,,,,,,backfill,
WL.TWW.04,2026-10-09 21:00,0.64,,,,,,backfill,
WL.TWW.05,2026-10-09 21:00,0.54,,,,,,backfill,
WL.VPD.01,2026-10-09 21:00,-1.00,,,,,,backfill,
WL.VPD.02,2026-10-09 21:00,-0.96,,,,,,backfill,
WL.VPD.03,2026-10-09 21:00,-1.26,,,,,,backfill,
WL.VPV.01,2026-10-09 21:00,-2.39,,,,,,backfill,
WL.WHK.01,2026-10-09 21:00,0.97,,,,,,backfill,
WL.WKT.01,2026-10-09 21:00,-0.10,,,,,,backfill,
WL.WLS.01,2026-10-09 21:00,0.53,,,,,,backfill,
WL.WSI.01,2026-10-09 21:00,-0.99,1.10,,,,,backfill,
WL.WSV.01,2026-10-09 21:00,0.37,,,,,,backfill,
WL.WTK.01,2026-10-09 21:00,-0.58,,,,,,backfill,
WL.WTN.02,2026-10-09 21:00,-1.32,,,,,,backfill,
WL.YPE.01,2026-10-09 21:00,0.44,,,,,,backfill,
WL.YPN.01,2026-10-09 21:00,-0.87,,,,,,backfill,
WL.YPN.02,2026-10-09 21:00,-1.04,,,,,,backfill,
WL.YSN.02,2026-10-09 21:00,-0.80,,,,,,backfill,
WL.KBU.02,2026-10-09 21:05,0.41,,,,,,temporarily out of order,0.57
WL.ANG.01,2026-10-09 21:10,0.95,,,,,,Normal,
WL.BBU.02,2026-10-09 21:10,0.51,,,,,,Normal,
WL.BKH.01,2026-10-09 21:10,0.15,,,,,,Normal,
WL.BMD.01,2026-10-09 21:10,0.53,,,,,,Normal,
WL.BMK.01,2026-10-09 21:10,-1.76,,,,,,Normal,-1.29
WL.BNJ.05,2026-10-09 21:10,-1.76,,,,,,Normal,
WL.BSE.01,2026-10-09 21:10,-1.57,,,,,,Normal,
WL.BSU.01,2026-10-09 21:10,-0.92,1.86,,0.0,0.0,0.0,Normal,-0.85
WL.BTL.02,2026-10-09 21:10,0.13,,,,,,Normal,
WL.CLH.01,2026-10-09 21:10,-0.38,,,,,,Normal,
WL.CYI.02,2026-10-09 21:10,-0.57,,,,,,Normal,-0.55
WL.K08.01,2026-10-09 21:10,1.57,,,,,,Alert,
WL.K10.01,2026-10-09 21:10,1.64,,,,,,Alert,
WL.K11.01,2026-10-09 21:10,1.58,,,,,,Alert,
WL.KBP.01,2026-10-09 21:10,-1.0,,,,,,Normal,
WL.KHW.01,2026-10-09 21:10,1.73,,,,,,Normal,
WL.KKO.02,2026-10-09 21:10,1.58,,,,,,Alert,
WL.KPM.07,2026-10-09 21:10,0.56,,,,,,Normal,
WL.LPS.01,2026-10-09 21:10,0.81,,,,,,Normal,
WL.LPT.05,2026-10-09 21:10,1.29,,,,,,Normal,
WL.MKT.02,2026-10-09 21:10,-0.87,,,,,,Normal,
WL.NK3.02,2026-10-09 21:10,-0.6,,,,,,Normal,
WL.POC.01,2026-10-09 21:10,1.46,,,,,,Normal,
WL.PSC.06,2026-10-09 21:10,0.15,,,,,,Normal,
WL.PYW.01,2026-10-09 21:10,-1.0,,,,,,Normal,-0.7
WL.RPS.01,2026-10-09 21:10,2.04,,,,,,Alert,
WL.SSB.13,2026-10-09 21:10,1.89,,,,,,Critical,
WL.SSG.02,2026-10-09 21:10,1.56,,,,,,Alert,
WL.SWA.02,2026-10-09 21:10,1.46,,,,,,Normal,
WL.AJP.01,2026-10-09 21:15,-1.17,,,,,,Normal,-0.48
WL.ANX.01,2026-10-09 21:15,-0.08,,,,,,Normal,0.02
WL.BAM.01,2026-10-09 21:15,0.23,,,,,,Normal,0.4
WL.BBN.02,2026-10-09 21:15,0.43,,,,,,Normal,0.44
WL.BBN.03,2026-10-09 21:15,0.63,,,,,,Critical,0.66
WL.BBR.01,2026-10-09 21:15,-0.04,,,,,,Normal,0.19
WL.BBR.02,2026-10-09 21:15,-0.12,,,,,,Normal,0.15
WL.BBU.01,2026-10-09 21:15,0.47,,,,,,Normal,0.52
WL.BCN.01,2026-10-09 21:15,0.5,,,,,,Normal,0.53
WL.BCN.02,2026-10-09 21:15,0.49,,,,,,Normal,0.52
WL.BCN.03,2026-10-09 21:15,0.57,,,,,,Normal,0.58
WL.BJK.01,2026-10-09 21:15,-1.5,0.71,,0.0,0.0,,Normal,-1.06
WL.BJK.02,2026-10-09 21:15,0.52,,,,,,Normal,0.52
WL.BJK.03,2026-10-09 21:15,0.48,,,,,,Normal,0.49
WL.BJK.04,2026-10-09 21:15,0.54,,,,,,Normal,0.54
WL.BKA.01,2026-10-09 21:15,-1.37,1.9,,1.73,1.75,0.0,Normal,-1.24
WL.BKA.02,2026-10-09 21:15,-0.82,,,,,,Normal,-0.69
WL.BKA.03,2026-10-09 21:15,-0.36,,,,,,Normal,-0.27
WL.BKA.04,2026-10-09 21:15,0.12,,,,,,Normal,0.16
WL.BKB.01,2026-10-09 21:15,-0.31,,,,,,Normal,-0.28
WL.BKG.01,2026-10-09 21:15,0.67,-2.0,,0.0,,,Critical,0.69
WL.BKK.01,2026-10-09 21:15,0.53,,,,,,Normal,
WL.BKT.01,2026-10-09 21:15,-0.66,,,,,,Normal,-0.26
WL.BKY.01,2026-10-09 21:15,0.21,1.5,,0.0,6.98,0.0,Normal,0.43
WL.BKY.02,2026-10-09 21:15,0.39,,,,,,Normal,0.47
WL.BLP.02,2026-10-09 21:15,-0.56,,,,,,Normal,-0.42
WL.BLY.01,2026-10-09 21:15,-0.66,,,,,,Normal,-0.43
WL.BLY.02,2026-10-09 21:15,-0.8,,,,,,Normal,-0.52
WL.BMA.02,2026-10-09 21:15,-0.1,,,,,,Normal,1.1
WL.BNA.01,2026-10-09 21:15,-1.62,0.6,,0.0,0.0,,Normal,-1.15
WL.BNA.03,2026-10-09 21:15,-0.64,,,,,,Normal,-0.55
WL.BNA.04,2026-10-09 21:15,-0.53,,,,,,Normal,-0.42
WL.BNJ.02,2026-10-09 21:15,-1.89,,,,,,Normal,-1.16
WL.BNJ.04,2026-10-09 21:15,-1.55,,,,,,Normal,-1.05
WL.BNS.01,2026-10-09 21:15,0.45,,,,,,Normal,0.53
WL.BOA.01,2026-10-09 21:15,-1.47,0.78,,0.0,0.0,,Normal,-1.05
WL.BOA.02,2026-10-09 21:15,-1.44,,,,,,Normal,-1.02
WL.BOA.03,2026-10-09 21:15,-1.42,,,,,,Normal,-1.12
WL.BON.01,2026-10-09 21:15,-1.46,,,,,,Normal,-1.04
WL.BPA.01,2026-10-09 21:15,-0.55,,,,,,Normal,-0.49
WL.BPK.01,2026-10-09 21:15,0.14,,,,,,Normal,0.2
WL.BPM.01,2026-10-09 21:15,0.25,,,,,,Normal,0.47
WL.BPM.02,2026-10-09 21:15,0.43,,,,,,Normal,0.52
WL.BPM.03,2026-10-09 21:15,0.6,,,,,,Alert,0.64
WL.BPM.04,2026-10-09 21:15,0.53,,,,,,Normal,0.61
WL.BPN.02,2026-10-09 21:15,0.48,,,,,,Normal,0.5
WL.BPU.01,2026-10-09 21:15,-0.28,,,,,,Normal,1.39
WL.BSK.01,2026-10-09 21:15,-0.54,1.16,,0.0,0.0,,Normal,0.42
WL.BSU.02,2026-10-09 21:15,-0.78,,,,,,Normal,-0.78
WL.BSU.03,2026-10-09 21:15,-1.19,,,,,,Normal,-1.18
WL.BSU.04,2026-10-09 21:15,-1.1,,,,,,Normal,-0.33
WL.BSU.05,2026-10-09 21:15,-1.14,,,,,,Normal,-1.01
WL.BSU.06,2026-10-09 21:15,-0.83,,,,,,Normal,-0.56
WL.BSU.07,2026-10-09 21:15,-0.47,,,,,,Normal,-0.41
WL.BTL.01,2026-10-09 21:15,-0.86,,,,,,Normal,-0.51
WL.BTY.01,2026-10-09 21:15,0.3,,,,,,Normal,0.41
WL.BWK.01,2026-10-09 21:15,0.36,,,,,,Normal,0.41
WL.BWK.02,2026-10-09 21:15,0.6,,,,,,Alert,0.62
WL.BWK.03,2026-10-09 21:15,0.61,,,,,,Normal,0.68
WL.BYI.01,2026-10-09 21:15,1.0,,,,,,Critical,1.0
WL.BYK.02,2026-10-09 21:15,0.11,,,,,,Normal,0.37
WL.CKS.01,2026-10-09 21:15,-1.42,,,0.0,0.0,,Normal,-1.07
WL.CKS.02,2026-10-09 21:15,-0.91,,,,,,Normal,-0.87
WL.CKS.03,2026-10-09 21:15,-1.05,,,,,,Normal,-1.04
WL.CNS.01,2026-10-09 21:15,-2.19,0.79,,0.0,0.0,,Normal,-1.23
WL.CPA.01,2026-10-09 21:15,0.24,1.62,,0.0,4.78,,Normal,0.49
WL.CPA.02,2026-10-09 21:15,0.34,,,,,,Normal,0.39
WL.CYI.01,2026-10-09 21:15,-0.57,,,,,,Normal,-0.56
WL.CYI.03,2026-10-09 21:15,-0.43,,,,,,Normal,-0.33
WL.DKN.01,2026-10-09 21:15,0.36,1.11,,0.0,6.38,0.0,Normal,0.43
WL.FTM.01,2026-10-09 21:15,-0.99,,,,,,Normal,-0.81
WL.HKG.01,2026-10-09 21:15,-0.71,,,,,,Normal,-0.58
WL.HKG.02,2026-10-09 21:15,-0.71,,,,,,Normal,-0.63
WL.HMK.01,2026-10-09 21:15,-0.1,,,,,,Alert,0.0
WL.HMK.02,2026-10-09 21:15,-0.31,,,,,,Normal,-0.02
WL.HMK.03,2026-10-09 21:15,-0.04,,,,,,Normal,0.0
WL.JRN.01,2026-10-09 21:15,0.1,0.99,,0.0,,,Normal,0.35
WL.KBU.01,2026-10-09 21:15,0.36,1.61,,0.0,,,Normal,0.6
WL.KCD.01,2026-10-09 21:15,-0.91,,,,,,Normal,-0.91
WL.KDN.01,2026-10-09 21:15,-0.66,0.88,,0.0,,,Normal,-0.6
WL.KJA.01,2026-10-09 21:15,-0.85,,,,,,Normal,-0.49
WL.KJA.02,2026-10-09 21:15,-0.44,,,,,,Normal,-0.24
WL.KJG.01,2026-10-09 21:15,-0.63,,,,,,Normal,-0.18
WL.KJK.01,2026-10-09 21:15,-1.29,0.73,,0.0,0.0,,Normal,-1.08
WL.KJK.02,2026-10-09 21:15,-1.24,,,,,,Normal,-0.91
WL.KJN.02,2026-10-09 21:15,-0.03,,,,,,Normal,0.03
WL.KJT.01,2026-10-09 21:15,-1.17,,,,,,Normal,-0.51
WL.KJU.01,2026-10-09 21:15,-0.57,,,,,,Normal,-0.38
WL.KKD.01,2026-10-09 21:15,-0.65,,,,,,Normal,-0.41
WL.KKD.02,2026-10-09 21:15,-0.86,,,,,,Normal,-0.51
WL.KKD.03,2026-10-09 21:15,-0.85,,,,,,Normal,-0.5
WL.KKO.01,2026-10-09 21:15,1.63,,,,,,Alert,1.63
WL.KKS.01,2026-10-09 21:15,-0.57,1.63,,0.0,0.0,,Normal,-0.42
WL.KKS.02,2026-10-09 21:15,-0.52,,,,,,Normal,-0.38
WL.KKS.03,2026-10-09 21:15,-0.64,,,,,,Normal,-0.47
WL.KKS.04,2026-10-09 21:15,-0.65,1.31,,0.0,,,Normal,-0.45
WL.KKY.01,2026-10-09 21:15,0.57,,,,,,Normal,0.69
WL.KKY.02,2026-10-09 21:15,0.6,,,,,,Normal,0.69
WL.KLA.01,2026-10-09 21:15,-0.29,,,,,,Normal,0.39
WL.KLD.01,2026-10-09 21:15,-0.35,,,,,,Normal,-0.26
WL.KLD.02,2026-10-09 21:15,-0.32,,,,,,Normal,-0.19
WL.KLT.01,2026-10-09 21:15,-0.61,,,,,,Normal,-0.57
WL.KMN.01,2026-10-09 21:15,0.14,1.52,,0.3,5.86,0.0,Normal,0.42
WL.KNB.02,2026-10-09 21:15,-0.41,,,,,,Normal,-0.36
WL.KPG.01,2026-10-09 21:15,-1.44,,,,,,Normal,-0.99
WL.KPM.01,2026-10-09 21:15,-0.27,,,,,,Normal,-0.25
WL.KPM.03,2026-10-09 21:15,-0.07,,,,,,Normal,-0.02
WL.KPM.05,2026-10-09 21:15,0.43,,,,,,Normal,0.54
WL.KPM.06,2026-10-09 21:15,0.42,,,,,,Normal,0.53
WL.KPM.08,2026-10-09 21:15,0.41,,,,,,Normal,0.53
WL.KSG.01,2026-10-09 21:15,0.71,,,,,,Normal,0.79
WL.KSI.01,2026-10-09 21:15,0.79,,,,,,Normal,0.84
WL.KSI.02,2026-10-09 21:15,0.81,,,,,,Critical,0.85
WL.KSK.01,2026-10-09 21:15,-0.85,,,,,,Normal,-0.56
WL.KSM.01,2026-10-09 21:15,0.8,,,,,,Critical,0.85
WL.KSM.02,2026-10-09 21:15,0.75,,,,,,Critical,0.81
WL.KSO.01,2026-10-09 21:15,0.66,,,,,,Normal,0.8
WL.KSO.02,2026-10-09 21:15,0.67,,,,,,Normal,0.85
WL.KTY.01,2026-10-09 21:15,-2.16,0.74,,0.0,,,Normal,-1.35
WL.LBK.02,2026-10-09 21:15,0.53,,,,,,Critical,0.58
WL.LBK.03,2026-10-09 21:15,0.44,,,,,,Critical,0.5
WL.LCL.01,2026-10-09 21:15,0.67,,,,,,Normal,0.7
WL.LKB.01,2026-10-09 21:15,0.68,,,,,,Critical,0.74
WL.LOA.01,2026-10-09 21:15,0.42,,,,,,Normal,0.9
WL.LOA.02,2026-10-09 21:15,0.73,,,,,,Normal,0.84
WL.LPC.01,2026-10-09 21:15,1.1,,,,,,Critical,1.12
WL.LPG.02,2026-10-09 21:15,1.0,1.75,,0.0,,,Critical,1.02
WL.LPG.03,2026-10-09 21:15,0.94,,,,,,Critical,0.97
WL.LPN.01,2026-10-09 21:15,-0.64,0.89,,0.01,,,Normal,-0.6
WL.LPP.01,2026-10-09 21:15,-1.41,,,,,,Normal,-0.95
WL.LPP.02,2026-10-09 21:15,-0.73,,,,,,Normal,
WL.LPT.03,2026-10-09 21:15,0.87,,,,,,Critical,0.91
WL.LPW.01,2026-10-09 21:15,-0.18,-0.23,,0.0,,,Normal,-0.16
WL.LPW.03,2026-10-09 21:15,0.27,,,,,,Normal,0.31
WL.LPW.04,2026-10-09 21:15,-0.42,,,,,,Normal,-0.29
WL.LPW.05,2026-10-09 21:15,-0.51,,,,,,Normal,-0.46
WL.LSG.01,2026-10-09 21:15,-1.2,,,,,,Normal,-1.18
WL.LSM.01,2026-10-09 21:15,-0.63,,,,,,Normal,-0.57
WL.LYW.02,2026-10-09 21:15,-1.42,,,,,,Normal,-1.4
WL.MCM.01,2026-10-09 21:15,0.5,,,,,,Normal,0.52
WL.MFS.01,2026-10-09 21:15,-0.7,,,,,,Normal,-0.7
WL.MKT.01,2026-10-09 21:15,-0.31,,,,,,Normal,-0.27
WL.MSW.01,2026-10-09 21:15,1.64,,,,,,Normal,1.87
WL.MSW.02,2026-10-09 21:15,1.21,,,,,,Normal,1.21
WL.MSW.03,2026-10-09 21:15,1.63,,,,,,Normal,1.82
WL.MSW.04,2026-10-09 21:15,1.02,,,,,,Normal,
WL.MTG.01,2026-10-09 21:15,-0.71,,,,,,Normal,-0.62
WL.NBN.01,2026-10-09 21:15,-3.91,-1.49,,0.0,,,Normal,-3.58
WL.NCH.02,2026-10-09 21:15,-0.58,,,,,,Normal,-0.33
WL.NK1.01,2026-10-09 21:15,0.13,,,,,,Normal,0.13
WL.NK3.01,2026-10-09 21:15,-0.47,,,,,,Normal,-0.1
WL.NKW.02,2026-10-09 21:15,-0.18,,,,,,Normal,-0.13
WL.NSG.01,2026-10-09 21:15,-2.0,,,,,,Normal,-2.0
WL.OAG.01,2026-10-09 21:15,-0.61,,,,,,Normal,-0.47
WL.ORC.01,2026-10-09 21:15,-1.33,-0.5,,0.0,,,Normal,-0.88
WL.PKG.01,2026-10-09 21:15,1.44,,,,,,Normal,1.92
WL.PKN.01,2026-10-09 21:15,-0.88,0.92,,0.0,0.0,0.0,Normal,-0.68
WL.PLK.01,2026-10-09 21:15,0.23,,,,,,Normal,1.3
WL.PLP.01,2026-10-09 21:15,-0.42,,,,,,Normal,-0.38
WL.PNM.01,2026-10-09 21:15,0.31,,,,,,Critical,0.38
WL.PSC.01,2026-10-09 21:15,0.37,0.4,,0.0,0.0,0.0,Normal,0.39
WL.PSC.02,2026-10-09 21:15,0.4,,,,,,Normal,0.41
WL.PSC.03,2026-10-09 21:15,0.42,,,,,,Normal,0.42
WL.PSC.05,2026-10-09 21:15,0.49,,,,,,Normal,0.49
WL.PSI.01,2026-10-09 21:15,-1.5,,,,,,Normal,-1.18
WL.PSR.01,2026-10-09 21:15,1.1,1.81,,0.2,,,Critical,1.12
WL.PSR.02,2026-10-09 21:15,1.13,,,,,,Alert,1.15
WL.PSR.03,2026-10-09 21:15,1.11,,,,,,Alert,1.13
WL.PSR.04,2026-10-09 21:15,0.75,,,,,,Normal,0.78
WL.PSR.05,2026-10-09 21:15,0.78,,,,,,Alert,0.81
WL.PST.01,2026-10-09 21:15,-0.89,,,,,,Normal,-0.89
WL.PWT.01,2026-10-09 21:15,-0.51,,,,,,Normal,-0.47
WL.PWT.02,2026-10-09 21:15,-0.01,,,,,,Normal,0.02
WL.PWT.03,2026-10-09 21:15,0.2,0.21,,5.84,5.9,,Critical,0.27
WL.PWT.04,2026-10-09 21:15,0.51,0.56,,4.94,,,Alert,0.59
WL.PWT.06,2026-10-09 21:15,0.93,,,,,,Critical,0.98
WL.PWT.07,2026-10-09 21:15,0.92,,,,,,Critical,0.97
WL.RHN.01,2026-10-09 21:15,-0.11,-0.13,,0.0,,,Normal,-0.11
WL.RJK.01,2026-10-09 21:15,0.32,0.32,,7.5,,,Normal,0.36
WL.RMN.01,2026-10-09 21:15,0.53,,,,,,Normal,
WL.RMT.01,2026-10-09 21:15,-0.83,0.93,,0.0,0.0,,Normal,-0.25
WL.RMT.02,2026-10-09 21:15,0.14,,,,,,Normal,0.16
WL.RMT.03,2026-10-09 21:15,-2.0,,,,,,Normal,-2.0
WL.RSK.01,2026-10-09 21:15,0.49,,,,,,Normal,0.49
WL.SBR.01,2026-10-09 21:15,0.64,1.2,,0.0,,,Normal,0.91
WL.SBR.02,2026-10-09 21:15,0.59,,,,,,Normal,0.68
WL.SBT.01,2026-10-09 21:15,-0.5,0.34,,0.0,,,Normal,-0.09
WL.SCO.01,2026-10-09 21:15,0.03,,,,,,Normal,0.32
WL.SDN.01,2026-10-09 21:15,0.23,,,,,,Normal,0.23
WL.SKT.01,2026-10-09 21:15,-0.73,,,,,,Normal,-0.55
WL.SKT.02,2026-10-09 21:15,-0.96,,,,,,Normal,-0.59
WL.SMK.01,2026-10-09 21:15,-0.23,,,,,,Normal,-0.23
WL.SNC.01,2026-10-09 21:15,-0.25,1.06,,0.0,0.0,0.0,Alert,-0.16
WL.SNC.02,2026-10-09 21:15,0.36,,,,,,Normal,0.44
WL.SNC.03,2026-10-09 21:15,0.18,,,,,,Normal,0.21
WL.SNO.01,2026-10-09 21:15,-1.14,,,,,,Normal,-0.74
WL.SOL.01,2026-10-09 21:15,-1.09,,,,,,Normal,-0.62
WL.SRE.01,2026-10-09 21:15,0.25,1.22,,0.0,0.0,,Normal,0.25
WL.SRG.01,2026-10-09 21:15,-0.61,1.03,,0.0,0.0,0.0,Normal,-0.17
WL.SSB.01,2026-10-09 21:15,-0.59,,,,,,Normal,-0.44
WL.SSB.03,2026-10-09 21:15,-0.41,,,,,,Normal,-0.31
WL.SSB.04,2026-10-09 21:15,-0.51,-0.53,,7.5,7.5,,Normal,-0.37
WL.SSB.06,2026-10-09 21:15,-0.36,,,,,,Normal,0.15
WL.SSB.07,2026-10-09 21:15,0.07,,,,,,Normal,0.6
WL.SSB.08,2026-10-09 21:15,0.35,,,,,,Alert,0.37
WL.SSB.09,2026-10-09 21:15,0.58,1.1,,0.0,,,Critical,0.58
WL.SSB.10,2026-10-09 21:15,0.83,1.07,,3.64,,,Critical,0.83
WL.SSB.11,2026-10-09 21:15,1.23,,,,,,Critical,1.25
WL.SSB.12,2026-10-09 21:15,1.23,1.5,,0.0,,,Critical,1.24
WL.SSG.01,2026-10-09 21:15,1.57,,,,,,Alert,1.58
WL.SSM.01,2026-10-09 21:15,1.32,-99,,0.0,,,Critical,1.32
WL.SSM.02,2026-10-09 21:15,1.55,,,,,,Normal,
WL.SSN.01,2026-10-09 21:15,-1.01,1.71,,7.0,0.0,0.0,Normal,-1.01
WL.SSN.02,2026-10-09 21:15,-1.8,,,,,,Normal,-0.91
WL.SSN.04,2026-10-09 21:15,-0.99,,,,,,Normal,-0.69
WL.SSN.06,2026-10-09 21:15,-1.75,,,,,,Normal,-1.71
WL.SSN.07,2026-10-09 21:15,-0.88,,,,,,Normal,-0.8
WL.SSN.08,2026-10-09 21:15,-0.57,-0.55,,0.0,,,Normal,-0.52
WL.SSN.09,2026-10-09 21:15,-0.59,,,,,,Normal,-0.53
WL.SSN.10,2026-10-09 21:15,-0.58,,,,,,Normal,-0.51
WL.SST.01,2026-10-09 21:15,0.84,1.76,,0.32,,,Alert,0.91
WL.STN.01,2026-10-09 21:15,0.55,,,,,,Alert,0.55
WL.STN.02,2026-10-09 21:15,0.62,,,,,,Critical,0.66
WL.STN.03,2026-10-09 21:15,0.65,,,,,,Critical,0.72
WL.STR.01,2026-10-09 21:15,-0.75,0.22,1.18,0.0,0.0,0.0,Normal,-0.67
WL.SWA.01,2026-10-09 21:15,0.84,1.37,,0.44,,,Critical,0.86
WL.SWU.01,2026-10-09 21:15,-1.67,,,,,,Normal,-0.89
WL.TCG.01,2026-10-09 21:15,-1.11,,,,,,Normal,-0.84
WL.TPK.03,2026-10-09 21:15,0.46,,,,,,Critical,0.52
WL.TSK.01,2026-10-09 21:15,-1.8,,,,,,Normal,-1.79
WL.TTN.01,2026-10-09 21:15,-0.83,,,,,,Normal,-0.65
WL.TUT.02,2026-10-09 21:15,-0.94,,,,,,Normal,-0.22
WL.TWW.01,2026-10-09 21:15,0.63,1.15,,0.0,,,Normal,0.79
WL.TWW.02,2026-10-09 21:15,0.62,,,,,,Normal,0.75
WL.TWW.03,2026-10-09 21:15,0.68,,,,,,Alert,0.75
WL.TWW.04,2026-10-09 21:15,0.64,,,,,,Normal,0.71
WL.TWW.05,2026-10-09 21:15,0.54,,,,,,Normal,0.55
WL.VPD.01,2026-10-09 21:15,-1.0,,,,,,Normal,-1.0
WL.VPD.02,2026-10-09 21:15,-0.95,,,,,,Normal,-0.94
WL.VPD.03,2026-10-09 21:15,-1.26,,,,,,Normal,-1.23
WL.VPV.01,2026-10-09 21:15,-2.85,,,0.0,,,Normal,-1.37
WL.WHK.01,2026-10-09 21:15,0.96,,,,,,Alert,0.98
WL.WKT.01,2026-10-09 21:15,-0.06,,,,,,Normal,0.55
WL.WLS.01,2026-10-09 21:15,0.53,,,,,,Normal,0.61
WL.WSI.01,2026-10-09 21:15,-0.93,1.01,,0.0,0.0,0.0,Normal,-0.54
WL.WSV.01,2026-10-09 21:15,0.34,,,,,,Normal,0.5
WL.WTK.01,2026-10-09 21:15,-0.56,,,,,,Normal,-0.43
WL.WTN.02,2026-10-09 21:15,-1.28,,,,,,Normal,-1.1
WL.YPE.01,2026-10-09 21:15,0.44,,,,,,Normal,0.45
WL.YPN.01,2026-10-09 21:15,-0.89,,,,,,Normal,-0.51
WL.YPN.02,2026-10-09 21:15,-1.26,,,,,,Normal,-0.57
WL.YSN.02,2026-10-09 21:15,-0.81,,,,,,Normal,-0.73
WL.LPI.02,2026-10-09 21:19,-0.12,,,,,,Normal,0.17
WL.KPM.04,2026-10-09 21:25,0.38,,,,,,Normal,0.49
WL.KKD.04,2026-10-09 21:35,-0.79,,,,,,Normal,-0.45
WL.AJP.01,2026-10-09 22:00,-1.18,,,,,,backfill,
WL.ANX.01,2026-10-09 22:00,-0.01,,,,,,backfill,
WL.BAM.01,2026-10-09 22:00,0.20,,,,,,backfill,
WL.BBN.01,2026-10-09 22:00,,,,,,,backfill,
WL.BBN.02,2026-10-09 22:00,0.43,,,,,,backfill,
WL.BBN.03,2026-10-09 22:00,,,,,,,backfill,
WL.BBR.01,2026-10-09 22:00,0.09,,,,,,backfill,
WL.BBR.02,2026-10-09 22:00,0.03,,,,,,backfill,
WL.BBU.01,2026-10-09 22:00,0.46,,,,,,backfill,
WL.BCN.01,2026-10-09 22:00,0.49,,,,,,backfill,
WL.BCN.02,2026-10-09 22:00,0.48,,,,,,backfill,
WL.BCN.03,2026-10-09 22:00,0.56,,,,,,backfill,
WL.BJK.01,2026-10-09 22:00,-1.47,0.47,,,,,backfill,
WL.BJK.02,2026-10-09 22:00,0.52,,,,,,backfill,
WL.BJK.03,2026-10-09 22:00,0.47,,,,,,backfill,
WL.BJK.04,2026-10-09 22:00,0.54,,,,,,backfill,
WL.BKA.01,2026-10-09 22:00,-1.83,1.78,,,,,backfill,
WL.BKA.02,2026-10-09 22:00,-0.81,,,,,,backfill,
WL.BKA.03,2026-10-09 22:00,-0.36,,,,,,backfill,
WL.BKA.04,2026-10-09 22:00,0.10,,,,,,backfill,
WL.BKB.01,2026-10-09 22:00,-0.34,,,,,,backfill,
WL.BKG.01,2026-10-09 22:00,0.66,-2.00,,,,,backfill,
WL.BKT.01,2026-10-09 22:00,-0.70,,,,,,backfill,
WL.BKY.01,2026-10-09 22:00,0.27,1.29,,,,,backfill,
WL.BKY.02,2026-10-09 22:00,0.37,,,,,,backfill,
WL.BLP.02,2026-10-09 22:00,-0.61,,,,,,backfill,
WL.BLY.01,2026-10-09 22:00,-0.58,,,,,,backfill,
WL.BLY.02,2026-10-09 22:00,-0.69,,,,,,backfill,
WL.BMA.02,2026-10-09 22:00,-0.07,,,,,,backfill,
WL.BMK.01,2026-10-09 22:00,-1.66,,,,,,backfill,
WL.BNA.01,2026-10-09 22:00,-1.59,0.38,,,,,backfill,
WL.BNA.02,2026-10-09 22:00,,,,,,,backfill,
WL.BNA.03,2026-10-09 22:00,-0.64,,,,,,backfill,
WL.BNA.04,2026-10-09 22:00,-0.54,,,,,,backfill,
WL.BNJ.01,2026-10-09 22:00,,,,,,,backfill,
WL.BNJ.02,2026-10-09 22:00,-2.89,,,,,,backfill,
WL.BNJ.03,2026-10-09 22:00,,,,,,,backfill,
WL.BNJ.04,2026-10-09 22:00,-1.61,,,,,,backfill,
WL.BNS.01,2026-10-09 22:00,0.44,,,,,,backfill,
WL.BOA.01,2026-10-09 22:00,-1.40,0.53,,,,,backfill,
WL.BOA.02,2026-10-09 22:00,-1.44,,,,,,backfill,
WL.BOA.03,2026-10-09 22:00,-1.37,,,,,,backfill,
WL.BON.01,2026-10-09 22:00,-1.41,,,,,,backfill,
WL.BPA.01,2026-10-09 22:00,-0.58,,,,,,backfill,
WL.BPK.01,2026-10-09 22:00,0.14,,,,,,backfill,
WL.BPM.01,2026-10-09 22:00,0.27,,,,,,backfill,
WL.BPM.02,2026-10-09 22:00,0.42,,,,,,backfill,
WL.BPM.03,2026-10-09 22:00,0.59,,,,,,backfill,
WL.BPM.04,2026-10-09 22:00,0.51,,,,,,backfill,
WL.BPN.02,2026-10-09 22:00,0.46,,,,,,backfill,
WL.BPU.01,2026-10-09 22:00,-0.28,,,,,,backfill,
WL.BSK.01,2026-10-09 22:00,-0.44,0.98,,,,,backfill,
WL.BSU.01,2026-10-09 22:00,-0.99,1.72,,,,,backfill,
WL.BSU.02,2026-10-09 22:00,-0.79,,,,,,backfill,
WL.BSU.03,2026-10-09 22:00,-1.20,,,,,,backfill,
WL.BSU.04,2026-10-09 22:00,-1.10,,,,,,backfill,
WL.BSU.05,2026-10-09 22:00,-1.12,,,,,,backfill,
WL.BSU.06,2026-10-09 22:00,-0.79,,,,,,backfill,
WL.BSU.07,2026-10-09 22:00,-0.47,,,,,,backfill,
WL.BTL.01,2026-10-09 22:00,-0.73,,,,,,backfill,
WL.BTY.01,2026-10-09 22:00,0.29,,,,,,backfill,
WL.BWK.01,2026-10-09 22:00,0.34,,,,,,backfill,
WL.BWK.02,2026-10-09 22:00,0.59,,,,,,backfill,
WL.BWK.03,2026-10-09 22:00,0.59,,,,,,backfill,
WL.BYI.01,2026-10-09 22:00,1.00,,,,,,backfill,
WL.BYK.01,2026-10-09 22:00,,,,,,,backfill,
WL.BYK.02,2026-10-09 22:00,0.16,,,,,,backfill,
WL.CKS.01,2026-10-09 22:00,-1.33,,,,,,backfill,
WL.CKS.02,2026-10-09 22:00,-0.91,,,,,,backfill,
WL.CKS.03,2026-10-09 22:00,-1.04,,,,,,backfill,
WL.CNS.01,2026-10-09 22:00,-2.29,0.57,,,,,backfill,
WL.CPA.01,2026-10-09 22:00,0.27,1.49,,,,,backfill,
WL.CPA.02,2026-10-09 22:00,0.32,,,,,,backfill,
WL.CYI.01,2026-10-09 22:00,-0.54,,,,,,backfill,
WL.CYI.02,2026-10-09 22:00,-0.51,,,,,,backfill,
WL.CYI.03,2026-10-09 22:00,-0.45,,,,,,backfill,
WL.DKN.01,2026-10-09 22:00,0.33,0.90,,,,,backfill,
WL.FTM.01,2026-10-09 22:00,-1.00,,,,,,backfill,
WL.HKG.01,2026-10-09 22:00,-0.68,,,,,,backfill,
WL.HKG.02,2026-10-09 22:00,-0.65,,,,,,backfill,
WL.HMK.01,2026-10-09 22:00,-0.13,,,,,,backfill,
WL.HMK.02,2026-10-09 22:00,-0.34,,,,,,backfill,
WL.HMK.03,2026-10-09 22:00,-0.08,,,,,,backfill,
WL.JKK.01,2026-10-09 22:00,,,,,,,backfill,
WL.JRN.01,2026-10-09 22:00,0.18,0.78,,,,,backfill,
WL.KBU.01,2026-10-09 22:00,0.36,1.48,,,,,backfill,
WL.KBU.02,2026-10-09 22:00,0.41,,,,,,backfill,
WL.KCD.01,2026-10-09 22:00,-0.94,,,,,,backfill,
WL.KDN.01,2026-10-09 22:00,-0.67,0.66,,,,,backfill,
WL.KJA.01,2026-10-09 22:00,-0.81,,,,,,backfill,
WL.KJA.02,2026-10-09 22:00,-0.38,,,,,,backfill,
WL.KJG.01,2026-10-09 22:00,-0.55,,,,,,backfill,
WL.KJK.01,2026-10-09 22:00,-1.27,0.49,,,,,backfill,
WL.KJK.02,2026-10-09 22:00,-1.22,,,,,,backfill,
WL.KJN.01,2026-10-09 22:00,,,,,,,backfill,
WL.KJN.02,2026-10-09 22:00,-0.05,,,,,,backfill,
WL.KJT.01,2026-10-09 22:00,-1.11,,,,,,backfill,
WL.KJU.01,2026-10-09 22:00,-0.46,,,,,,backfill,
WL.KKD.01,2026-10-09 22:00,-0.59,,,,,,backfill,
WL.KKD.02,2026-10-09 22:00,-0.73,,,,,,backfill,
WL.KKD.03,2026-10-09 22:00,-0.85,,,,,,backfill,
WL.KKD.04,2026-10-09 22:00,-0.75,,,,,,backfill,
WL.KKO.01,2026-10-09 22:00,1.62,,,,,,backfill,
WL.KKS.01,2026-10-09 22:00,-0.61,1.49,,,,,backfill,
WL.KKS.02,2026-10-09 22:00,-0.57,,,,,,backfill,
WL.KKS.03,2026-10-09 22:00,-0.70,,,,,,backfill,
WL.KKS.04,2026-10-09 22:00,-0.72,1.14,,,,,backfill,
WL.KKY.01,2026-10-09 22:00,0.55,,,,,,backfill,
WL.KKY.02,2026-10-09 22:00,0.58,,,,,,backfill,
WL.KLA.01,2026-10-09 22:00,-0.30,,,,,,backfill,
WL.KLD.01,2026-10-09 22:00,-0.38,,,,,,backfill,
WL.KLD.02,2026-10-09 22:00,-0.33,,,,,,backfill,
WL.KLT.01,2026-10-09 22:00,-0.65,,,,,,backfill,
WL.KMN.01,2026-10-09 22:00,0.09,1.38,,,,,backfill,
WL.KNB.01,2026-10-09 22:00,,,,,,,backfill,
WL.KNB.02,2026-10-09 22:00,-0.41,,,,,,backfill,
WL.KPG.01,2026-10-09 22:00,-1.41,,,,,,backfill,
WL.KPM.01,2026-10-09 22:00,-0.29,,,,,,backfill,
WL.KPM.03,2026-10-09 22:00,-0.09,,,,,,backfill,
WL.KPM.04,2026-10-09 22:00,0.38,,,,,,backfill,
WL.KPM.05,2026-10-09 22:00,0.43,,,,,,backfill,
WL.KPM.06,2026-10-09 22:00,0.43,,,,,,backfill,
WL.KPM.08,2026-10-09 22:00,0.41,,,,,,backfill,
WL.KPM.09,2026-10-09 22:00,,,,,,,backfill,
WL.KSG.01,2026-10-09 22:00,0.71,,,,,,backfill,
WL.KSI.01,2026-10-09 22:00,0.79,,,,,,backfill,
WL.KSI.02,2026-10-09 22:00,0.81,,,,,,backfill,
WL.KSK.01,2026-10-09 22:00,-0.75,,,,,,backfill,
WL.KSM.01,2026-10-09 22:00,0.80,,,,,,backfill,
WL.KSM.02,2026-10-09 22:00,0.75,,,,,,backfill,
WL.KSO.01,2026-10-09 22:00,0.64,,,,,,backfill,
WL.KSO.02,2026-10-09 22:00,0.65,,,,,,backfill,
WL.KT4.01,2026-10-09 22:00,,,,,,,backfill,
WL.KTY.01,2026-10-09 22:00,-2.20,0.51,,,,,backfill,
WL.LBK.02,2026-10-09 22:00,0.53,,,,,,backfill,
WL.LBK.03,2026-10-09 22:00,0.44,,,,,,backfill,
WL.LCL.01,2026-10-09 22:00,0.65,,,,,,backfill,
WL.LCL.02,2026-10-09 22:00,,,,,,,backfill,
WL.LKB.01,2026-10-09 22:00,0.68,,,,,,backfill,
WL.LOA.01,2026-10-09 22:00,0.51,,,,,,backfill,
WL.LOA.02,2026-10-09 22:00,0.72,,,,,,backfill,
WL.LPC.01,2026-10-09 22:00,1.10,,,,,,backfill,
WL.LPG.02,2026-10-09 22:00,1.00,1.75,,,,,backfill,
WL.LPG.03,2026-10-09 22:00,0.94,,,,,,backfill,
WL.LPI.02,2026-10-09 22:00,0.03,,,,,,backfill,
WL.LPN.01,2026-10-09 22:00,-0.68,0.84,,,,,backfill,
WL.LPP.01,2026-10-09 22:00,-1.43,,,,,,backfill,
WL.LPT.01,2026-10-09 22:00,,,,,,,backfill,
WL.LPT.03,2026-10-09 22:00,0.87,,,,,,backfill,
WL.LPW.01,2026-10-09 22:00,-0.22,-0.26,,,,,backfill,
WL.LPW.03,2026-10-09 22:00,0.25,,,,,,backfill,
WL.LPW.04,2026-10-09 22:00,-0.45,,,,,,backfill,
WL.LPW.05,2026-10-09 22:00,-0.54,,,,,,backfill,
WL.LSG.01,2026-10-09 22:00,-1.20,,,,,,backfill,
WL.LSM.01,2026-10-09 22:00,-0.63,,,,,,backfill,
WL.LYW.01,2026-10-09 22:00,,,,,,,backfill,
WL.LYW.02,2026-10-09 22:00,-1.43,,,,,,backfill,
WL.MCM.01,2026-10-09 22:00,0.48,,,,,,backfill,
WL.MFS.01,2026-10-09 22:00,-0.70,,,,,,backfill,
WL.MKT.01,2026-10-09 22:00,-0.31,,,,,,backfill,
WL.MSW.01,2026-10-09 22:00,1.51,,,,,,backfill,
WL.MSW.02,2026-10-09 22:00,1.21,,,,,,backfill,
WL.MSW.03,2026-10-09 22:00,1.52,,,,,,backfill,
WL.MTG.01,2026-10-09 22:00,-0.70,,,,,,backfill,
WL.NBN.01,2026-10-09 22:00,-3.90,-1.49,,,,,backfill,
WL.NCH.02,2026-10-09 22:00,-0.68,,,,,,backfill,
WL.NK1.01,2026-10-09 22:00,0.15,,,,,,backfill,
WL.NK3.01,2026-10-09 22:00,-0.45,,,,,,backfill,
WL.NKW.02,2026-10-09 22:00,-0.20,,,,,,backfill,
WL.NSG.01,2026-10-09 22:00,-2.00,,,,,,backfill,
WL.OAG.01,2026-10-09 22:00,-0.66,,,,,,backfill,
WL.ORC.01,2026-10-09 22:00,-1.34,-0.55,,,,,backfill,
WL.PKG.01,2026-10-09 22:00,1.26,,,,,,backfill,
WL.PKN.01,2026-10-09 22:00,-0.79,0.68,,,,,backfill,
WL.PLK.01,2026-10-09 22:00,-0.01,,,,,,backfill,
WL.PLP.01,2026-10-09 22:00,-0.43,,,,,,backfill,
WL.PNM.01,2026-10-09 22:00,0.31,,,,,,backfill,
WL.PSC.01,2026-10-09 22:00,0.35,0.38,,,,,backfill,
WL.PSC.02,2026-10-09 22:00,0.39,,,,,,backfill,
WL.PSC.03,2026-10-09 22:00,0.41,,,,,,backfill,
WL.PSC.05,2026-10-09 22:00,0.48,,,,,,backfill,
WL.PSI.01,2026-10-09 22:00,-1.43,,,,,,backfill,
WL.PSR.01,2026-10-09 22:00,1.10,1.80,,,,,backfill,
WL.PSR.02,2026-10-09 22:00,1.13,,,,,,backfill,
WL.PSR.03,2026-10-09 22:00,1.11,,,,,,backfill,
WL.PSR.04,2026-10-09 22:00,0.75,,,,,,backfill,
WL.PSR.05,2026-10-09 22:00,0.78,,,,,,backfill,
WL.PSR.06,2026-10-09 22:00,,,,,,,backfill,
WL.PST.01,2026-10-09 22:00,-0.89,,,,,,backfill,
WL.PWT.01,2026-10-09 22:00,-0.53,,,,,,backfill,
WL.PWT.02,2026-10-09 22:00,-0.03,,,,,,backfill,
WL.PWT.03,2026-10-09 22:00,0.19,0.20,,,,,backfill,
WL.PWT.04,2026-10-09 22:00,0.51,0.56,,,,,backfill,
WL.PWT.05,2026-10-09 22:00,,,,,,,backfill,
WL.PWT.06,2026-10-09 22:00,0.93,,,,,,backfill,
WL.PWT.07,2026-10-09 22:00,0.92,,,,,,backfill,
WL.PYW.01,2026-10-09 22:00,-0.86,,,,,,backfill,
WL.RHN.01,2026-10-09 22:00,-0.09,-0.15,,,,,backfill,
WL.RJK.01,2026-10-09 22:00,0.32,0.32,,,,,backfill,
WL.RKC.01,2026-10-09 22:00,,,,,,,backfill,
WL.RMT.01,2026-10-09 22:00,-0.67,0.89,,,,,backfill,
WL.RMT.02,2026-10-09 22:00,0.13,,,,,,backfill,
WL.RSK.01,2026-10-09 22:00,0.48,,,,,,backfill,
WL.SBR.01,2026-10-09 22:00,0.62,1.22,,,,,backfill,
WL.SBR.02,2026-10-09 22:00,0.57,,,,,,backfill,
WL.SBT.01,2026-10-09 22:00,-0.45,0.27,,,,,backfill,
WL.SCO.01,2026-10-09 22:00,0.07,,,,,,backfill,
WL.SDN.01,2026-10-09 22:00,0.23,,,,,,backfill,
WL.SKG.01,2026-10-09 22:00,,,,,,,backfill,
WL.SKT.01,2026-10-09 22:00,-0.75,,,,,,backfill,
WL.SKT.02,2026-10-09 22:00,-1.09,,,,,,backfill,
WL.SLL.01,2026-10-09 22:00,,,,,,,backfill,
WL.SMK.01,2026-10-09 22:00,-0.23,,,,,,backfill,
WL.SNC.01,2026-10-09 22:00,-0.28,1.04,,,,,backfill,
WL.SNC.02,2026-10-09 22:00,0.36,,,,,,backfill,
WL.SNC.03,2026-10-09 22:00,0.16,,,,,,backfill,
WL.SNO.01,2026-10-09 22:00,-1.07,,,,,,backfill,
WL.SOL.01,2026-10-09 22:00,-0.95,,,,,,backfill,
WL.SRE.01,2026-10-09 22:00,-0.43,1.02,,,,,backfill,
WL.SRG.01,2026-10-09 22:00,-0.63,0.85,,,,,backfill,
WL.SSB.01,2026-10-09 22:00,-0.64,,,,,,backfill,
WL.SSB.03,2026-10-09 22:00,-0.45,,,,,,backfill,
WL.SSB.04,2026-10-09 22:00,-0.55,-0.57,,,,,backfill,
WL.SSB.06,2026-10-09 22:00,-0.37,,,,,,backfill,
WL.SSB.07,2026-10-09 22:00,0.06,,,,,,backfill,
WL.SSB.08,2026-10-09 22:00,0.35,,,,,,backfill,
WL.SSB.10,2026-10-09 22:00,0.82,1.07,,,,,backfill,
WL.SSB.11,2026-10-09 22:00,1.22,,,,,,backfill,
WL.SSB.12,2026-10-09 22:00,1.22,1.50,,,,,backfill,
WL.SSG.01,2026-10-09 22:00,1.57,,,,,,backfill,
WL.SSM.01,2026-10-09 22:00,1.32,,,,,,backfill,
WL.SSN.01,2026-10-09 22:00,-1.01,1.57,,,,,backfill,
WL.SSN.02,2026-10-09 22:00,-1.82,,,,,,backfill,
WL.SSN.04,2026-10-09 22:00,-1.04,,,,,,backfill,
WL.SSN.06,2026-10-09 22:00,-1.76,,,,,,backfill,
WL.SSN.07,2026-10-09 22:00,-0.91,,,,,,backfill,
WL.SSN.08,2026-10-09 22:00,-0.58,-0.56,,,,,backfill,
WL.SSN.09,2026-10-09 22:00,-0.59,,,,,,backfill,
WL.SSN.10,2026-10-09 22:00,-0.57,,,,,,backfill,
WL.SST.01,2026-10-09 22:00,0.84,1.76,,,,,backfill,
WL.STN.01,2026-10-09 22:00,0.55,,,,,,backfill,
WL.STN.02,2026-10-09 22:00,0.62,,,,,,backfill,
WL.STN.03,2026-10-09 22:00,0.65,,,,,,backfill,
WL.STR.01,2026-10-09 22:00,-0.80,0.22,1.03,,,,backfill,
WL.SWA.01,2026-10-09 22:00,0.84,1.37,,,,,backfill,
WL.SWU.01,2026-10-09 22:00,-1.58,,,,,,backfill,
WL.TCG.01,2026-10-09 22:00,-1.06,,,,,,backfill,
WL.TPK.02,2026-10-09 22:00,,,,,,,backfill,
WL.TPK.03,2026-10-09 22:00,0.45,,,,,,backfill,
WL.TSK.01,2026-10-09 22:00,-1.80,,,,,,backfill,
WL.TTN.01,2026-10-09 22:00,-0.83,,,,,,backfill,
WL.TUT.02,2026-10-09 22:00,-0.89,,,,,,backfill,
WL.TWW.01,2026-10-09 22:00,0.61,1.16,,,,,backfill,
WL.TWW.02,2026-10-09 22:00,0.59,,,,,,backfill,
WL.TWW.03,2026-10-09 22:00,0.66,,,,,,backfill,
WL.TWW.04,2026-10-09 22:00,0.62,,,,,,backfill,
WL.TWW.05,2026-10-09 22:00,0.53,,,,,,backfill,
WL.VPD.01,2026-10-09 22:00,-0.97,,,,,,backfill,
WL.VPD.02,2026-10-09 22:00,-0.93,,,,,,backfill,
WL.VPD.03,2026-10-09 22:00,-1.27,,,,,,backfill,
WL.VPV.01,2026-10-09 22:00,-1.47,,,,,,backfill,
WL.WHK.01,2026-10-09 22:00,0.94,,,,,,backfill,
WL.WKT.01,2026-10-09 22:00,-0.17,,,,,,backfill,
WL.WLS.01,2026-10-09 22:00,0.52,,,,,,backfill,
WL.WSI.01,2026-10-09 22:00,-0.79,0.81,,,,,backfill,
WL.WSV.01,2026-10-09 22:00,0.23,,,,,,temporarily out of order,0.5
WL.WTK.01,2026-10-09 22:00,-0.54,,,,,,backfill,
WL.WTN.02,2026-10-09 22:00,-1.19,,,,,,backfill,
WL.YPE.01,2026-10-09 22:00,0.43,,,,,,backfill,
WL.YPN.01,2026-10-09 22:00,-0.92,,,,,,backfill,
WL.YPN.02,2026-10-09 22:00,-1.51,,,,,,backfill,
WL.YSN.02,2026-10-09 22:00,-0.86,,,,,,backfill,
WL.YSN.02,2026-10-09 22:05,-0.86,,,,,,temporarily out of order,-0.73
WL.ANG.01,2026-10-09 22:10,0.95,,,,,,Normal,
WL.BBU.02,2026-10-09 22:10,0.49,,,,,,Normal,
WL.BKH.01,2026-10-09 22:10,0.14,,,,,,Normal,
WL.BMD.01,2026-10-09 22:10,0.52,,,,,,Normal,
WL.BNJ.05,2026-10-09 22:10,-2.33,,,,,,Normal,
WL.BSE.01,2026-10-09 22:10,-1.57,,,,,,Normal,
WL.BTL.02,2026-10-09 22:10,0.13,,,,,,Normal,
WL.CLH.01,2026-10-09 22:10,-0.31,,,,,,Normal,
WL.CYI.02,2026-10-09 22:10,-0.51,,,,,,Normal,-0.51
WL.K08.01,2026-10-09 22:10,1.57,,,,,,Alert,
WL.K10.01,2026-10-09 22:10,1.64,,,,,,Alert,
WL.K11.01,2026-10-09 22:10,1.58,,,,,,Alert,
WL.KBP.01,2026-10-09 22:10,-0.93,,,,,,Normal,
WL.KHW.01,2026-10-09 22:10,1.72,,,,,,Normal,
WL.KKO.02,2026-10-09 22:10,1.58,,,,,,Alert,
WL.KPM.07,2026-10-09 22:10,0.59,,,,,,Normal,
WL.LPS.01,2026-10-09 22:10,0.82,,,,,,Normal,
WL.LPT.05,2026-10-09 22:10,1.29,,,,,,Normal,
WL.MKT.02,2026-10-09 22:10,-0.87,,,,,,Normal,
WL.NK3.02,2026-10-09 22:10,-0.66,,,,,,Normal,
WL.POC.01,2026-10-09 22:10,1.46,,,,,,Normal,
WL.PSC.06,2026-10-09 22:10,0.11,,,,,,Normal,
WL.RPS.01,2026-10-09 22:10,2.05,,,,,,Alert,
WL.SSB.13,2026-10-09 22:10,1.89,,,,,,Critical,
WL.SSG.02,2026-10-09 22:10,1.56,,,,,,Alert,
WL.SSM.02,2026-10-09 22:10,1.55,,,,,,Normal,
WL.STN.01,2026-10-09 22:10,0.55,,,,,,Alert,0.55
WL.SWA.02,2026-10-09 22:10,1.45,,,,,,Normal,
WL.AJP.01,2026-10-09 22:15,-1.18,,,,,,Normal,-0.48
WL.ANX.01,2026-10-09 22:15,0.0,,,,,,Normal,0.02
WL.BAM.01,2026-10-09 22:15,0.18,,,,,,Normal,0.4
WL.BBN.02,2026-10-09 22:15,0.42,,,,,,Normal,0.44
WL.BBN.03,2026-10-09 22:15,0.6,,,,,,Critical,0.66
WL.BBR.01,2026-10-09 22:15,0.12,,,,,,Normal,0.19
WL.BBR.02,2026-10-09 22:15,0.07,,,,,,Normal,0.15
WL.BBU.01,2026-10-09 22:15,0.46,,,,,,Normal,0.52
WL.BCN.01,2026-10-09 22:15,0.49,,,,,,Normal,0.53
WL.BCN.02,2026-10-09 22:15,0.48,,,,,,Normal,0.52
WL.BCN.03,2026-10-09 22:15,0.56,,,,,,Normal,0.58
WL.BJK.01,2026-10-09 22:15,-1.48,0.42,,0.0,0.0,,Normal,-1.06
WL.BJK.02,2026-10-09 22:15,0.51,,,,,,Normal,0.52
WL.BJK.03,2026-10-09 22:15,0.47,,,,,,Normal,0.49
WL.BJK.04,2026-10-09 22:15,0.54,,,,,,Normal,0.54
WL.BKA.01,2026-10-09 22:15,-1.54,1.75,,1.73,1.75,0.0,Normal,-1.24
WL.BKA.02,2026-10-09 22:15,-0.81,,,,,,Normal,-0.69
WL.BKA.03,2026-10-09 22:15,-0.36,,,,,,Normal,-0.27
WL.BKA.04,2026-10-09 22:15,0.1,,,,,,Normal,0.16
WL.BKB.01,2026-10-09 22:15,-0.34,,,,,,Normal,-0.28
WL.BKG.01,2026-10-09 22:15,0.67,-2.0,,0.0,,,Critical,0.69
WL.BKK.01,2026-10-09 22:15,0.52,,,,,,Normal,
WL.BKT.01,2026-10-09 22:15,-0.72,,,,,,Normal,-0.26
WL.BKY.01,2026-10-09 22:15,0.3,1.3,,0.0,6.98,0.0,Normal,0.43
WL.BKY.02,2026-10-09 22:15,0.37,,,,,,Normal,0.47
WL.BLP.02,2026-10-09 22:15,-0.63,,,,,,Normal,-0.42
WL.BLY.01,2026-10-09 22:15,-0.56,,,,,,Normal,-0.43
WL.BLY.02,2026-10-09 22:15,-0.66,,,,,,Normal,-0.52
WL.BMA.02,2026-10-09 22:15,-0.09,,,,,,Normal,1.1
WL.BMK.01,2026-10-09 22:15,-1.63,,,,,,Normal,-1.29
WL.BNA.01,2026-10-09 22:15,-1.6,0.32,,0.0,0.0,,Normal,-1.15
WL.BNA.03,2026-10-09 22:15,-0.64,,,,,,Normal,-0.55
WL.BNA.04,2026-10-09 22:15,-0.54,,,,,,Normal,-0.42
WL.BNJ.02,2026-10-09 22:15,-2.53,,,,,,Normal,-1.16
WL.BNJ.04,2026-10-09 22:15,-1.62,,,,,,Normal,-1.05
WL.BNS.01,2026-10-09 22:15,0.43,,,,,,Normal,0.53
WL.BOA.01,2026-10-09 22:15,-1.41,0.46,,0.0,0.0,,Normal,-1.05
WL.BOA.02,2026-10-09 22:15,-1.45,,,,,,Normal,-1.02
WL.BOA.03,2026-10-09 22:15,-1.41,,,,,,Normal,-1.12
WL.BON.01,2026-10-09 22:15,-1.43,,,,,,Normal,-1.04
WL.BPA.01,2026-10-09 22:15,-0.59,,,,,,Normal,-0.49
WL.BPK.01,2026-10-09 22:15,0.13,,,,,,Normal,0.2
WL.BPM.01,2026-10-09 22:15,0.27,,,,,,Normal,0.47
WL.BPM.02,2026-10-09 22:15,0.42,,,,,,Normal,0.52
WL.BPM.03,2026-10-09 22:15,0.59,,,,,,Normal,0.64
WL.BPM.04,2026-10-09 22:15,0.51,,,,,,Normal,0.61
WL.BPN.02,2026-10-09 22:15,0.45,,,,,,Normal,0.5
WL.BPU.01,2026-10-09 22:15,-0.28,,,,,,Normal,1.39
WL.BSK.01,2026-10-09 22:15,-0.49,0.9,,0.0,0.0,,Normal,0.42
WL.BSU.01,2026-10-09 22:15,-1.01,1.69,,0.0,0.0,0.0,Normal,-0.85
WL.BSU.02,2026-10-09 22:15,-0.81,,,,,,Normal,-0.78
WL.BSU.03,2026-10-09 22:15,-1.02,,,,,,Normal,-1.02
WL.BSU.04,2026-10-09 22:15,-1.1,,,,,,Normal,-0.33
WL.BSU.05,2026-10-09 22:15,-1.05,,,,,,Normal,-1.01
WL.BSU.06,2026-10-09 22:15,-0.77,,,,,,Normal,-0.56
WL.BSU.07,2026-10-09 22:15,-0.47,,,,,,Normal,-0.41
WL.BTL.01,2026-10-09 22:15,-0.71,,,,,,Normal,-0.51
WL.BTY.01,2026-10-09 22:15,0.29,,,,,,Normal,0.41
WL.BWK.01,2026-10-09 22:15,0.33,,,,,,Normal,0.41
WL.BWK.02,2026-10-09 22:15,0.59,,,,,,Normal,0.62
WL.BWK.03,2026-10-09 22:15,0.58,,,,,,Normal,0.68
WL.BYI.01,2026-10-09 22:15,1.0,,,,,,Critical,1.0
WL.BYK.02,2026-10-09 22:15,0.17,,,,,,Normal,0.37
WL.CKS.01,2026-10-09 22:15,-1.28,,,0.0,0.0,,Normal,-1.07
WL.CKS.02,2026-10-09 22:15,-0.91,,,,,,Normal,-0.87
WL.CKS.03,2026-10-09 22:15,-1.03,,,,,,Normal,-1.03
WL.CNS.01,2026-10-09 22:15,-2.03,0.53,,0.0,0.0,,Normal,-1.23
WL.CPA.01,2026-10-09 22:15,0.27,1.44,,0.0,4.78,,Normal,0.49
WL.CPA.02,2026-10-09 22:15,0.31,,,,,,Normal,0.39
WL.CYI.01,2026-10-09 22:15,-0.54,,,,,,Normal,-0.54
WL.CYI.03,2026-10-09 22:15,-0.45,,,,,,Normal,-0.33
WL.DKN.01,2026-10-09 22:15,0.32,0.86,,0.0,6.38,0.0,Normal,0.43
WL.FTM.01,2026-10-09 22:15,-1.01,,,,,,Normal,-0.81
WL.HKG.01,2026-10-09 22:15,-0.67,,,,,,Normal,-0.58
WL.HKG.02,2026-10-09 22:15,-0.64,,,,,,Normal,-0.63
WL.HMK.01,2026-10-09 22:15,-0.13,,,,,,Alert,0.0
WL.HMK.02,2026-10-09 22:15,-0.32,,,,,,Normal,-0.02
WL.HMK.03,2026-10-09 22:15,-0.09,,,,,,Normal,0.0
WL.JRN.01,2026-10-09 22:15,0.2,0.72,,0.0,,,Normal,0.35
WL.KBU.01,2026-10-09 22:15,0.36,1.44,,0.0,,,Normal,0.6
WL.KBU.02,2026-10-09 22:15,0.41,,,,,,Normal,0.57
WL.KCD.01,2026-10-09 22:15,-0.95,,,,,,Normal,-0.89
WL.KDN.01,2026-10-09 22:15,-0.67,0.59,,0.0,,,Normal,-0.6
WL.KJA.01,2026-10-09 22:15,-0.8,,,,,,Normal,-0.49
WL.KJA.02,2026-10-09 22:15,-0.37,,,,,,Normal,-0.24
WL.KJG.01,2026-10-09 22:15,-0.54,,,,,,Normal,-0.18
WL.KJK.01,2026-10-09 22:15,-1.26,0.44,,0.0,0.0,,Normal,-1.08
WL.KJK.02,2026-10-09 22:15,-1.21,,,,,,Normal,-0.91
WL.KJN.02,2026-10-09 22:15,-0.05,,,,,,Normal,0.03
WL.KJT.01,2026-10-09 22:15,-1.09,,,,,,Normal,-0.51
WL.KJU.01,2026-10-09 22:15,-0.43,,,,,,Normal,-0.38
WL.KKD.01,2026-10-09 22:15,-0.58,,,,,,Normal,-0.41
WL.KKD.02,2026-10-09 22:15,-0.71,,,,,,Normal,-0.51
WL.KKD.03,2026-10-09 22:15,-0.84,,,,,,Normal,-0.5
WL.KKO.01,2026-10-09 22:15,1.62,,,,,,Alert,1.63
WL.KKS.01,2026-10-09 22:15,-0.63,1.45,,0.0,0.0,,Normal,-0.42
WL.KKS.02,2026-10-09 22:15,-0.59,,,,,,Normal,-0.38
WL.KKS.03,2026-10-09 22:15,-0.73,,,,,,Normal,-0.47
WL.KKS.04,2026-10-09 22:15,-0.75,1.07,,0.0,,,Normal,-0.45
WL.KKY.01,2026-10-09 22:15,0.55,,,,,,Normal,0.69
WL.KKY.02,2026-10-09 22:15,0.58,,,,,,Normal,0.69
WL.KLA.01,2026-10-09 22:15,-0.3,,,,,,Normal,0.39
WL.KLD.01,2026-10-09 22:15,-0.39,,,,,,Normal,-0.26
WL.KLD.02,2026-10-09 22:15,-0.3,,,,,,Normal,-0.19
WL.KLT.01,2026-10-09 22:15,-0.65,,,,,,Normal,-0.57
WL.KMN.01,2026-10-09 22:15,0.19,1.29,,0.11,5.86,0.0,Normal,0.42
WL.KNB.02,2026-10-09 22:15,-0.41,,,,,,Normal,-0.36
WL.KPG.01,2026-10-09 22:15,-1.41,,,,,,Normal,-0.99
WL.KPM.01,2026-10-09 22:15,-0.29,,,,,,Normal,-0.25
WL.KPM.03,2026-10-09 22:15,-0.09,,,,,,Normal,-0.02
WL.KPM.05,2026-10-09 22:15,0.43,,,,,,Normal,0.54
WL.KPM.06,2026-10-09 22:15,0.43,,,,,,Normal,0.53
WL.KPM.08,2026-10-09 22:15,0.41,,,,,,Normal,0.53
WL.KSG.01,2026-10-09 22:15,0.71,,,,,,Normal,0.79
WL.KSI.01,2026-10-09 22:15,0.79,,,,,,Normal,0.84
WL.KSI.02,2026-10-09 22:15,0.81,,,,,,Critical,0.85
WL.KSK.01,2026-10-09 22:15,-0.73,,,,,,Normal,-0.56
WL.KSM.01,2026-10-09 22:15,0.8,,,,,,Critical,0.85
WL.KSM.02,2026-10-09 22:15,0.75,,,,,,Critical,0.81
WL.KSO.01,2026-10-09 22:15,0.64,,,,,,Normal,0.8
WL.KSO.02,2026-10-09 22:15,0.64,,,,,,Normal,0.85
WL.KTY.01,2026-10-09 22:15,-2.22,0.46,,0.0,,,Normal,-1.35
WL.LBK.02,2026-10-09 22:15,0.53,,,,,,Critical,0.58
WL.LBK.03,2026-10-09 22:15,0.44,,,,,,Critical,0.5
WL.LCL.01,2026-10-09 22:15,0.65,,,,,,Normal,0.7
WL.LKB.01,2026-10-09 22:15,0.67,,,,,,Critical,0.74
WL.LOA.01,2026-10-09 22:15,0.54,,,,,,Normal,0.9
WL.LOA.02,2026-10-09 22:15,0.72,,,,,,Normal,0.84
WL.LPC.01,2026-10-09 22:15,1.1,,,,,,Critical,1.12
WL.LPG.02,2026-10-09 22:15,1.0,1.75,,0.0,,,Critical,1.02
WL.LPG.03,2026-10-09 22:15,0.94,,,,,,Critical,0.97
WL.LPN.01,2026-10-09 22:15,-0.7,0.83,,0.01,,,Normal,-0.6
WL.LPP.01,2026-10-09 22:15,-1.42,,,,,,Normal,-0.95
WL.LPP.02,2026-10-09 22:15,-0.73,,,,,,Normal,
WL.LPT.03,2026-10-09 22:15,0.87,,,,,,Critical,0.91
WL.LPW.01,2026-10-09 22:15,-0.21,-0.28,,0.0,,,Normal,-0.16
WL.LPW.03,2026-10-09 22:15,0.25,,,,,,Normal,0.31
WL.LPW.04,2026-10-09 22:15,-0.46,,,,,,Normal,-0.29
WL.LPW.05,2026-10-09 22:15,-0.55,,,,,,Normal,-0.46
WL.LSG.01,2026-10-09 22:15,-1.2,,,,,,Normal,-1.18
WL.LSM.01,2026-10-09 22:15,-0.64,,,,,,Normal,-0.57
WL.LYW.02,2026-10-09 22:15,-1.43,,,,,,Normal,-1.4
WL.MCM.01,2026-10-09 22:15,0.48,,,,,,Normal,0.52
WL.MFS.01,2026-10-09 22:15,-0.7,,,,,,Normal,-0.7
WL.MKT.01,2026-10-09 22:15,-0.31,,,,,,Normal,-0.27
WL.MSW.01,2026-10-09 22:15,1.48,,,,,,Normal,1.87
WL.MSW.02,2026-10-09 22:15,1.22,,,,,,Normal,1.22
WL.MSW.03,2026-10-09 22:15,1.48,,,,,,Normal,1.82
WL.MSW.04,2026-10-09 22:15,1.03,,,,,,Normal,
WL.MTG.01,2026-10-09 22:15,-0.7,,,,,,Normal,-0.62
WL.NBN.01,2026-10-09 22:15,-3.9,-1.47,,0.0,,,Normal,-3.58
WL.NCH.02,2026-10-09 22:15,-0.93,,,,,,Normal,-0.33
WL.NK1.01,2026-10-09 22:15,0.11,,,,,,Normal,0.15
WL.NK3.01,2026-10-09 22:15,-0.44,,,,,,Normal,-0.1
WL.NKW.02,2026-10-09 22:15,-0.2,,,,,,Normal,-0.13
WL.NSG.01,2026-10-09 22:15,-2.0,,,,,,Normal,-2.0
WL.OAG.01,2026-10-09 22:15,-0.68,,,,,,Normal,-0.47
WL.ORC.01,2026-10-09 22:15,-1.34,-0.56,,0.0,,,Normal,-0.88
WL.PKG.01,2026-10-09 22:15,1.23,,,,,,Normal,1.92
WL.PKN.01,2026-10-09 22:15,-0.79,0.62,,0.0,0.0,0.0,Normal,-0.68
WL.PLK.01,2026-10-09 22:15,-0.08,,,,,,Normal,1.3
WL.PLP.01,2026-10-09 22:15,-0.43,,,,,,Normal,-0.38
WL.PNM.01,2026-10-09 22:15,0.31,,,,,,Critical,0.38
WL.PSC.01,2026-10-09 22:15,0.36,0.38,,0.0,0.0,0.0,Normal,0.39
WL.PSC.02,2026-10-09 22:15,0.38,,,,,,Normal,0.41
WL.PSC.03,2026-10-09 22:15,0.4,,,,,,Normal,0.42
WL.PSC.05,2026-10-09 22:15,0.48,,,,,,Normal,0.49
WL.PSI.01,2026-10-09 22:15,-1.41,,,,,,Normal,-1.18
WL.PSR.01,2026-10-09 22:15,1.1,1.8,,0.2,,,Critical,1.12
WL.PSR.02,2026-10-09 22:15,1.13,,,,,,Alert,1.15
WL.PSR.03,2026-10-09 22:15,1.1,,,,,,Alert,1.13
WL.PSR.04,2026-10-09 22:15,0.75,,,,,,Normal,0.78
WL.PSR.05,2026-10-09 22:15,0.78,,,,,,Alert,0.81
WL.PST.01,2026-10-09 22:15,-0.89,,,,,,Normal,-0.89
WL.PWT.01,2026-10-09 22:15,-0.53,,,,,,Normal,-0.47
WL.PWT.02,2026-10-09 22:15,-0.04,,,,,,Normal,0.02
WL.PWT.03,2026-10-09 22:15,0.19,0.21,,5.84,5.9,,Alert,0.27
WL.PWT.04,2026-10-09 22:15,0.51,0.56,,4.94,,,Alert,0.59
WL.PWT.06,2026-10-09 22:15,0.93,,,,,,Critical,0.98
WL.PWT.07,2026-10-09 22:15,0.91,,,,,,Critical,0.97
WL.PYW.01,2026-10-09 22:15,-0.84,,,,,,Normal,-0.7
WL.RHN.01,2026-10-09 22:15,-0.08,-0.15,,0.0,,,Normal,-0.08
WL.RJK.01,2026-10-09 22:15,0.3,0.3,,7.5,,,Normal,0.36
WL.RMN.01,2026-10-09 22:15,0.54,,,,,,Normal,
WL.RMT.01,2026-10-09 22:15,-0.64,0.89,,0.0,0.0,,Normal,-0.25
WL.RMT.02,2026-10-09 22:15,0.12,,,,,,Normal,0.16
WL.RMT.03,2026-10-09 22:15,-2.0,,,,,,Normal,-2.0
WL.RSK.01,2026-10-09 22:15,0.48,,,,,,Normal,0.49
WL.SBR.01,2026-10-09 22:15,0.61,1.21,,0.0,,,Normal,0.91
WL.SBR.02,2026-10-09 22:15,0.56,,,,,,Normal,0.68
WL.SBT.01,2026-10-09 22:15,-0.2,0.26,,0.0,,,Normal,-0.09
WL.SCO.01,2026-10-09 22:15,0.08,,,,,,Normal,0.32
WL.SDN.01,2026-10-09 22:15,0.23,,,,,,Normal,0.23
WL.SKT.01,2026-10-09 22:15,-0.76,,,,,,Normal,-0.55
WL.SKT.02,2026-10-09 22:15,-1.11,,,,,,Normal,-0.59
WL.SMK.01,2026-10-09 22:15,-0.23,,,,,,Normal,-0.23
WL.SNC.01,2026-10-09 22:15,-0.29,1.03,,0.0,0.0,0.0,Alert,-0.16
WL.SNC.02,2026-10-09 22:15,0.34,,,,,,Normal,0.44
WL.SNC.03,2026-10-09 22:15,0.14,,,,,,Normal,0.21
WL.SNO.01,2026-10-09 22:15,-1.07,,,,,,Normal,-0.74
WL.SOL.01,2026-10-09 22:15,-0.91,,,,,,Normal,-0.62
WL.SRE.01,2026-10-09 22:15,-0.44,0.96,,0.0,0.0,,Normal,0.25
WL.SRG.01,2026-10-09 22:15,-0.64,0.81,,0.0,0.0,0.0,Normal,-0.17
WL.SSB.01,2026-10-09 22:15,-0.66,,,,,,Normal,-0.44
WL.SSB.03,2026-10-09 22:15,-0.46,,,,,,Normal,-0.31
WL.SSB.04,2026-10-09 22:15,-0.56,-0.57,,7.5,7.5,,Normal,-0.37
WL.SSB.06,2026-10-09 22:15,-0.38,,,,,,Normal,0.15
WL.SSB.07,2026-10-09 22:15,0.06,,,,,,Normal,0.6
WL.SSB.08,2026-10-09 22:15,0.34,,,,,,Normal,0.37
WL.SSB.09,2026-10-09 22:15,0.58,1.1,,0.0,,,Critical,0.58
WL.SSB.10,2026-10-09 22:15,0.82,1.06,,3.64,,,Critical,0.83
WL.SSB.11,2026-10-09 22:15,1.22,,,,,,Critical,1.25
WL.SSB.12,2026-10-09 22:15,1.23,1.5,,0.0,,,Critical,1.24
WL.SSG.01,2026-10-09 22:15,1.57,,,,,,Alert,1.58
WL.SSM.01,2026-10-09 22:15,1.31,-99,,0.0,,,Critical,1.32
WL.SSN.01,2026-10-09 22:15,-1.01,1.54,,7.0,0.0,0.0,Normal,-1.01
WL.SSN.02,2026-10-09 22:15,-1.82,,,,,,Normal,-0.91
WL.SSN.04,2026-10-09 22:15,-1.05,,,,,,Normal,-0.69
WL.SSN.06,2026-10-09 22:15,-1.77,,,,,,Normal,-1.71
WL.SSN.07,2026-10-09 22:15,-0.92,,,,,,Normal,-0.8
WL.SSN.08,2026-10-09 22:15,-0.59,-0.57,,0.0,,,Normal,-0.52
WL.SSN.09,2026-10-09 22:15,-0.6,,,,,,Normal,-0.53
WL.SSN.10,2026-10-09 22:15,-0.57,,,,,,Normal,-0.51
WL.SST.01,2026-10-09 22:15,0.84,1.76,,0.32,,,Alert,0.91
WL.STN.02,2026-10-09 22:15,0.62,,,,,,Critical,0.66
WL.STN.03,2026-10-09 22:15,0.65,,,,,,Critical,0.72
WL.STR.01,2026-10-09 22:15,-0.81,0.22,0.95,0.0,0.0,0.0,Normal,-0.67
WL.SWA.01,2026-10-09 22:15,0.84,1.37,,0.44,,,Critical,0.86
WL.SWU.01,2026-10-09 22:15,-1.55,,,,,,Normal,-0.89
WL.TCG.01,2026-10-09 22:15,-1.04,,,,,,Normal,-0.84
WL.TPK.03,2026-10-09 22:15,0.45,,,,,,Critical,0.52
WL.TSK.01,2026-10-09 22:15,-1.8,,,,,,Normal,-1.79
WL.TTN.01,2026-10-09 22:15,-0.82,,,,,,Normal,-0.65
WL.TUT.02,2026-10-09 22:15,-0.87,,,,,,Normal,-0.22
WL.TWW.01,2026-10-09 22:15,0.6,1.16,,0.0,,,Normal,0.79
WL.TWW.02,2026-10-09 22:15,0.59,,,,,,Normal,0.75
WL.TWW.03,2026-10-09 22:15,0.66,,,,,,Alert,0.75
WL.TWW.04,2026-10-09 22:15,0.61,,,,,,Normal,0.71
WL.TWW.05,2026-10-09 22:15,0.52,,,,,,Normal,0.55
WL.VPD.01,2026-10-09 22:15,-0.97,,,,,,Normal,-0.97
WL.VPD.02,2026-10-09 22:15,-0.93,,,,,,Normal,-0.93
WL.VPD.03,2026-10-09 22:15,-1.27,,,,,,Normal,-1.23
WL.VPV.01,2026-10-09 22:15,-1.4,,,0.0,,,Normal,-1.37
WL.WHK.01,2026-10-09 22:15,0.93,,,,,,Alert,0.98
WL.WKT.01,2026-10-09 22:15,-0.38,,,,,,Normal,0.55
WL.WLS.01,2026-10-09 22:15,0.51,,,,,,Normal,0.61
WL.WSI.01,2026-10-09 22:15,-0.76,0.74,,0.0,0.0,0.0,Normal,-0.54
WL.WTK.01,2026-10-09 22:15,-0.54,,,,,,Normal,-0.43
WL.WTN.02,2026-10-09 22:15,-1.17,,,,,,Normal,-1.1
WL.YPE.01,2026-10-09 22:15,0.42,,,,,,Normal,0.45
WL.YPN.01,2026-10-09 22:15,-0.92,,,,,,Normal,-0.51
WL.YPN.02,2026-10-09 22:15,-1.54,,,,,,Normal,-0.57
WL.LPI.02,2026-10-09 22:18,0.03,,,,,,Normal,0.17
WL.KPM.04,2026-10-09 22:25,0.39,,,,,,Normal,0.49
WL.KKD.04,2026-10-09 22:35,-0.68,,,,,,Normal,-0.45
WL.AJP.01,2026-10-09 23:00,-1.19,,,,,,backfill,
WL.ANX.01,2026-10-09 23:00,,,,,,,backfill,
WL.BAM.01,2026-10-09 23:00,0.10,,,,,,backfill,
WL.BBN.01,2026-10-09 23:00,,,,,,,backfill,
WL.BBN.02,2026-10-09 23:00,0.41,,,,,,backfill,
WL.BBN.03,2026-10-09 23:00,0.58,,,,,,backfill,
WL.BBR.01,2026-10-09 23:00,0.09,,,,,,backfill,
WL.BBR.02,2026-10-09 23:00,0.07,,,,,,backfill,
WL.BBU.01,2026-10-09 23:00,0.46,,,,,,backfill,
WL.BCN.01,2026-10-09 23:00,0.47,,,,,,backfill,
WL.BCN.02,2026-10-09 23:00,0.47,,,,,,backfill,
WL.BCN.03,2026-10-09 23:00,0.54,,,,,,backfill,
WL.BJK.01,2026-10-09 23:00,-1.52,0.25,,,,,backfill,
WL.BJK.02,2026-10-09 23:00,0.51,,,,,,backfill,
WL.BJK.03,2026-10-09 23:00,0.46,,,,,,backfill,
WL.BJK.04,2026-10-09 23:00,0.53,,,,,,backfill,
WL.BKA.01,2026-10-09 23:00,-1.29,1.65,,,,,backfill,
WL.BKA.02,2026-10-09 23:00,-0.81,,,,,,backfill,
WL.BKA.03,2026-10-09 23:00,-0.36,,,,,,backfill,
WL.BKA.04,2026-10-09 23:00,0.09,,,,,,backfill,
WL.BKB.01,2026-10-09 23:00,-0.36,,,,,,backfill,
WL.BKG.01,2026-10-09 23:00,0.67,-2.00,,,,,backfill,
WL.BKT.01,2026-10-09 23:00,-0.78,,,,,,backfill,
WL.BKY.01,2026-10-09 23:00,0.34,1.17,,,,,backfill,
WL.BKY.02,2026-10-09 23:00,0.38,,,,,,backfill,
WL.BLP.02,2026-10-09 23:00,-0.69,,,,,,backfill,
WL.BLY.01,2026-10-09 23:00,-0.53,,,,,,backfill,
WL.BLY.02,2026-10-09 23:00,-0.62,,,,,,backfill,
WL.BMA.02,2026-10-09 23:00,-0.12,,,,,,backfill,
WL.BMK.01,2026-10-09 23:00,-1.52,,,,,,backfill,
WL.BNA.01,2026-10-09 23:00,-1.66,0.16,,,,,backfill,
WL.BNA.02,2026-10-09 23:00,,,,,,,backfill,
WL.BNA.03,2026-10-09 23:00,-0.65,,,,,,backfill,
WL.BNA.04,2026-10-09 23:00,-0.54,,,,,,backfill,
WL.BNJ.01,2026-10-09 23:00,,,,,,,backfill,
WL.BNJ.02,2026-10-09 23:00,-1.97,,,,,,backfill,
WL.BNJ.03,2026-10-09 23:00,,,,,,,backfill,
WL.BNJ.04,2026-10-09 23:00,-1.63,,,,,,backfill,
WL.BNS.01,2026-10-09 23:00,0.42,,,,,,backfill,
WL.BOA.01,2026-10-09 23:00,-1.45,0.30,,,,,backfill,
WL.BOA.02,2026-10-09 23:00,-1.49,,,,,,backfill,
WL.BOA.03,2026-10-09 23:00,-1.44,,,,,,backfill,
WL.BON.01,2026-10-09 23:00,-1.47,,,,,,backfill,
WL.BPA.01,2026-10-09 23:00,-0.60,,,,,,backfill,
WL.BPK.01,2026-10-09 23:00,0.13,,,,,,backfill,
WL.BPM.01,2026-10-09 23:00,0.28,,,,,,backfill,
WL.BPM.02,2026-10-09 23:00,0.41,,,,,,backfill,
WL.BPM.03,2026-10-09 23:00,0.57,,,,,,backfill,
WL.BPM.04,2026-10-09 23:00,0.49,,,,,,backfill,
WL.BPN.02,2026-10-09 23:00,0.44,,,,,,backfill,
WL.BPU.01,2026-10-09 23:00,-0.28,,,,,,backfill,
WL.BSK.01,2026-10-09 23:00,-0.70,0.79,,,,,backfill,
WL.BSU.01,2026-10-09 23:00,-1.07,1.58,,,,,backfill,
WL.BSU.02,2026-10-09 23:00,-0.84,,,,,,backfill,
WL.BSU.03,2026-10-09 23:00,-1.15,,,,,,backfill,
WL.BSU.04,2026-10-09 23:00,-1.14,,,,,,backfill,
WL.BSU.05,2026-10-09 23:00,-1.04,,,,,,backfill,
WL.BSU.06,2026-10-09 23:00,-0.75,,,,,,backfill,
WL.BSU.07,2026-10-09 23:00,-0.47,,,,,,backfill,
WL.BTL.01,2026-10-09 23:00,-0.67,,,,,,backfill,
WL.BTY.01,2026-10-09 23:00,0.29,,,,,,backfill,
WL.BWK.01,2026-10-09 23:00,0.35,,,,,,backfill,
WL.BWK.02,2026-10-09 23:00,0.58,,,,,,backfill,
WL.BWK.03,2026-10-09 23:00,0.57,,,,,,backfill,
WL.BYI.01,2026-10-09 23:00,1.00,,,,,,backfill,
WL.BYK.01,2026-10-09 23:00,,,,,,,backfill,
WL.BYK.02,2026-10-09 23:00,0.19,,,,,,backfill,
WL.CKS.01,2026-10-09 23:00,-1.23,,,,,,backfill,
WL.CKS.02,2026-10-09 23:00,-0.92,,,,,,backfill,
WL.CKS.03,2026-10-09 23:00,-1.03,,,,,,backfill,
WL.CNS.01,2026-10-09 23:00,-1.59,0.37,,,,,backfill,
WL.CPA.01,2026-10-09 23:00,0.28,1.34,,,,,backfill,
WL.CPA.02,2026-10-09 23:00,0.33,,,,,,backfill,
WL.CYI.01,2026-10-09 23:00,-0.55,,,,,,backfill,
WL.CYI.02,2026-10-09 23:00,-0.52,,,,,,backfill,
WL.CYI.03,2026-10-09 23:00,-0.46,,,,,,backfill,
WL.DKN.01,2026-10-09 23:00,0.30,0.72,,,,,backfill,
WL.FTM.01,2026-10-09 23:00,-1.01,,,,,,backfill,
WL.HKG.01,2026-10-09 23:00,-0.69,,,,,,backfill,
WL.HKG.02,2026-10-09 23:00,-0.64,,,,,,backfill,
WL.HMK.01,2026-10-09 23:00,-0.14,,,,,,backfill,
WL.HMK.02,2026-10-09 23:00,-0.35,,,,,,backfill,
WL.HMK.03,2026-10-09 23:00,-0.10,,,,,,backfill,
WL.JKK.01,2026-10-09 23:00,,,,,,,backfill,
WL.JRN.01,2026-10-09 23:00,0.24,0.57,,,,,backfill,
WL.KBU.01,2026-10-09 23:00,0.35,1.35,,,,,backfill,
WL.KBU.02,2026-10-09 23:00,0.40,,,,,,backfill,
WL.KCD.01,2026-10-09 23:00,-0.98,,,,,,backfill,
WL.KDN.01,2026-10-09 23:00,-0.67,0.42,,,,,backfill,
WL.KJA.01,2026-10-09 23:00,-0.79,,,,,,backfill,
WL.KJA.02,2026-10-09 23:00,-0.36,,,,,,backfill,
WL.KJG.01,2026-10-09 23:00,-0.52,,,,,,backfill,
WL.KJK.01,2026-10-09 23:00,-1.25,0.27,,,,,backfill,
WL.KJK.02,2026-10-09 23:00,-1.19,,,,,,backfill,
WL.KJN.01,2026-10-09 23:00,,,,,,,backfill,
WL.KJN.02,2026-10-09 23:00,-0.07,,,,,,backfill,
WL.KJT.01,2026-10-09 23:00,-1.04,,,,,,backfill,
WL.KJU.01,2026-10-09 23:00,-0.73,,,,,,backfill,
WL.KKD.01,2026-10-09 23:00,-0.54,,,,,,backfill,
WL.KKD.02,2026-10-09 23:00,-0.67,,,,,,backfill,
WL.KKD.03,2026-10-09 23:00,-0.83,,,,,,backfill,
WL.KKD.04,2026-10-09 23:00,-0.65,,,,,,backfill,
WL.KKO.01,2026-10-09 23:00,1.62,,,,,,backfill,
WL.KKS.01,2026-10-09 23:00,-0.68,1.34,,,,,backfill,
WL.KKS.02,2026-10-09 23:00,-0.64,,,,,,backfill,
WL.KKS.03,2026-10-09 23:00,-0.79,,,,,,backfill,
WL.KKS.04,2026-10-09 23:00,-0.82,0.96,,,,,backfill,
WL.KKY.01,2026-10-09 23:00,0.53,,,,,,backfill,
WL.KKY.02,2026-10-09 23:00,0.56,,,,,,backfill,
WL.KLA.01,2026-10-09 23:00,-0.31,,,,,,backfill,
WL.KLD.01,2026-10-09 23:00,-0.34,,,,,,backfill,
WL.KLD.02,2026-10-09 23:00,-0.26,,,,,,backfill,
WL.KLT.01,2026-10-09 23:00,-0.66,,,,,,backfill,
WL.KMN.01,2026-10-09 23:00,0.22,1.18,,,,,backfill,
WL.KNB.01,2026-10-09 23:00,,,,,,,backfill,
WL.KNB.02,2026-10-09 23:00,-0.41,,,,,,backfill,
WL.KPG.01,2026-10-09 23:00,-1.39,,,,,,backfill,
WL.KPM.01,2026-10-09 23:00,-0.30,,,,,,backfill,
WL.KPM.03,2026-10-09 23:00,-0.10,,,,,,backfill,
WL.KPM.04,2026-10-09 23:00,0.39,,,,,,backfill,
WL.KPM.05,2026-10-09 23:00,0.46,,,,,,backfill,
WL.KPM.06,2026-10-09 23:00,0.49,,,,,,backfill,
WL.KPM.08,2026-10-09 23:00,0.42,,,,,,backfill,
WL.KPM.09,2026-10-09 23:00,,,,,,,backfill,
WL.KSG.01,2026-10-09 23:00,0.70,,,,,,backfill,
WL.KSI.01,2026-10-09 23:00,0.79,,,,,,backfill,
WL.KSI.02,2026-10-09 23:00,0.81,,,,,,backfill,
WL.KSK.01,2026-10-09 23:00,-0.69,,,,,,backfill,
WL.KSM.01,2026-10-09 23:00,0.80,,,,,,backfill,
WL.KSM.02,2026-10-09 23:00,0.75,,,,,,backfill,
WL.KSO.01,2026-10-09 23:00,0.62,,,,,,backfill,
WL.KSO.02,2026-10-09 23:00,0.62,,,,,,backfill,
WL.KT4.01,2026-10-09 23:00,,,,,,,backfill,
WL.KTY.01,2026-10-09 23:00,-2.27,0.29,,,,,backfill,
WL.LBK.02,2026-10-09 23:00,0.53,,,,,,backfill,
WL.LBK.03,2026-10-09 23:00,0.43,,,,,,backfill,
WL.LCL.01,2026-10-09 23:00,0.64,,,,,,backfill,
WL.LCL.02,2026-10-09 23:00,,,,,,,backfill,
WL.LKB.01,2026-10-09 23:00,0.67,,,,,,backfill,
WL.LOA.01,2026-10-09 23:00,0.59,,,,,,backfill,
WL.LOA.02,2026-10-09 23:00,0.72,,,,,,backfill,
WL.LPC.01,2026-10-09 23:00,1.10,,,,,,backfill,
WL.LPG.02,2026-10-09 23:00,0.99,1.75,,,,,backfill,
WL.LPG.03,2026-10-09 23:00,0.94,,,,,,backfill,
WL.LPI.02,2026-10-09 23:00,0.03,,,,,,backfill,
WL.LPN.01,2026-10-09 23:00,-0.78,0.78,,,,,backfill,
WL.LPP.01,2026-10-09 23:00,-1.41,,,,,,backfill,
WL.LPT.01,2026-10-09 23:00,,,,,,,backfill,
WL.LPT.03,2026-10-09 23:00,0.87,,,,,,backfill,
WL.LPW.01,2026-10-09 23:00,-0.24,-0.29,,,,,backfill,
WL.LPW.03,2026-10-09 23:00,0.24,,,,,,backfill,
WL.LPW.04,2026-10-09 23:00,-0.47,,,,,,backfill,
WL.LPW.05,2026-10-09 23:00,-0.57,,,,,,backfill,
WL.LSG.01,2026-10-09 23:00,-1.21,,,,,,backfill,
WL.LSM.01,2026-10-09 23:00,-0.64,,,,,,backfill,
WL.LYW.01,2026-10-09 23:00,,,,,,,backfill,
WL.LYW.02,2026-10-09 23:00,-1.43,,,,,,backfill,
WL.MCM.01,2026-10-09 23:00,0.46,,,,,,backfill,
WL.MFS.01,2026-10-09 23:00,-0.70,,,,,,backfill,
WL.MKT.01,2026-10-09 23:00,-0.32,,,,,,backfill,
WL.MSW.01,2026-10-09 23:00,1.39,,,,,,backfill,
WL.MSW.02,2026-10-09 23:00,1.23,,,,,,backfill,
WL.MSW.03,2026-10-09 23:00,1.38,,,,,,backfill,
WL.MTG.01,2026-10-09 23:00,-0.70,,,,,,backfill,
WL.NBN.01,2026-10-09 23:00,-3.92,-1.41,,,,,backfill,
WL.NCH.02,2026-10-09 23:00,-0.78,,,,,,backfill,
WL.NK1.01,2026-10-09 23:00,-0.31,,,,,,backfill,
WL.NK3.01,2026-10-09 23:00,-0.45,,,,,,backfill,
WL.NKW.02,2026-10-09 23:00,-0.22,,,,,,backfill,
WL.NSG.01,2026-10-09 23:00,-2.00,,,,,,backfill,
WL.OAG.01,2026-10-09 23:00,-0.73,,,,,,backfill,
WL.ORC.01,2026-10-09 23:00,-1.34,-0.60,,,,,backfill,
WL.PKG.01,2026-10-09 23:00,1.08,,,,,,backfill,
WL.PKN.01,2026-10-09 23:00,-0.80,0.49,,,,,backfill,
WL.PLK.01,2026-10-09 23:00,-0.25,,,,,,backfill,
WL.PLP.01,2026-10-09 23:00,-0.43,,,,,,backfill,
WL.PNM.01,2026-10-09 23:00,0.30,,,,,,backfill,
WL.PSC.01,2026-10-09 23:00,0.37,0.40,,,,,backfill,
WL.PSC.02,2026-10-09 23:00,0.38,,,,,,backfill,
WL.PSC.03,2026-10-09 23:00,0.40,,,,,,backfill,
WL.PSC.05,2026-10-09 23:00,0.47,,,,,,backfill,
WL.PSI.01,2026-10-09 23:00,-1.35,,,,,,backfill,
WL.PSR.01,2026-10-09 23:00,1.10,1.80,,,,,backfill,
WL.PSR.02,2026-10-09 23:00,1.13,,,,,,backfill,
WL.PSR.03,2026-10-09 23:00,1.10,,,,,,backfill,
WL.PSR.04,2026-10-09 23:00,0.75,,,,,,backfill,
WL.PSR.05,2026-10-09 23:00,0.78,,,,,,backfill,
WL.PSR.06,2026-10-09 23:00,,,,,,,backfill,
WL.PST.01,2026-10-09 23:00,-0.89,,,,,,backfill,
WL.PWT.01,2026-10-09 23:00,-0.54,,,,,,backfill,
WL.PWT.02,2026-10-09 23:00,-0.05,,,,,,backfill,
WL.PWT.03,2026-10-09 23:00,0.19,0.20,,,,,backfill,
WL.PWT.04,2026-10-09 23:00,,,,,,,backfill,
WL.PWT.05,2026-10-09 23:00,,,,,,,backfill,
WL.PWT.06,2026-10-09 23:00,0.93,,,,,,backfill,
WL.PWT.07,2026-10-09 23:00,0.91,,,,,,backfill,
WL.PYW.01,2026-10-09 23:00,-0.77,,,,,,backfill,
WL.RHN.01,2026-10-09 23:00,-0.07,-0.15,,,,,backfill,
WL.RJK.01,2026-10-09 23:00,0.26,0.26,,,,,backfill,
WL.RKC.01,2026-10-09 23:00,,,,,,,backfill,
WL.RMT.01,2026-10-09 23:00,-0.57,0.85,,,,,backfill,
WL.RMT.02,2026-10-09 23:00,0.11,,,,,,backfill,
WL.RSK.01,2026-10-09 23:00,0.47,,,,,,backfill,
WL.SBR.01,2026-10-09 23:00,0.59,1.22,,,,,backfill,
WL.SBR.02,2026-10-09 23:00,0.55,,,,,,backfill,
WL.SBT.01,2026-10-09 23:00,-0.24,0.25,,,,,backfill,
WL.SCO.01,2026-10-09 23:00,0.10,,,,,,backfill,
WL.SDN.01,2026-10-09 23:00,0.23,,,,,,backfill,
WL.SKG.01,2026-10-09 23:00,,,,,,,backfill,
WL.SKT.01,2026-10-09 23:00,-0.78,,,,,,backfill,
WL.SKT.02,2026-10-09 23:00,-1.26,,,,,,backfill,
WL.SLL.01,2026-10-09 23:00,,,,,,,backfill,
WL.SMK.01,2026-10-09 23:00,-0.23,,,,,,backfill,
WL.SNC.01,2026-10-09 23:00,-0.26,0.98,,,,,backfill,
WL.SNC.02,2026-10-09 23:00,0.34,,,,,,backfill,
WL.SNC.03,2026-10-09 23:00,0.12,,,,,,backfill,
WL.SNO.01,2026-10-09 23:00,-1.06,,,,,,backfill,
WL.SOL.01,2026-10-09 23:00,-0.82,,,,,,backfill,
WL.SRE.01,2026-10-09 23:00,-0.38,0.82,,,,,backfill,
WL.SRG.01,2026-10-09 23:00,-0.65,0.68,,,,,backfill,
WL.SSB.01,2026-10-09 23:00,-0.71,,,,,,backfill,
WL.SSB.03,2026-10-09 23:00,-0.49,,,,,,backfill,
WL.SSB.04,2026-10-09 23:00,-0.57,-0.59,,,,,backfill,
WL.SSB.06,2026-10-09 23:00,-0.40,,,,,,backfill,
WL.SSB.07,2026-10-09 23:00,0.03,,,,,,backfill,
WL.SSB.08,2026-10-09 23:00,0.34,,,,,,backfill,
WL.SSB.10,2026-10-09 23:00,0.82,1.07,,,,,backfill,
WL.SSB.11,2026-10-09 23:00,1.22,,,,,,backfill,
WL.SSB.12,2026-10-09 23:00,1.22,1.50,,,,,backfill,
WL.SSG.01,2026-10-09 23:00,1.57,,,,,,backfill,
WL.SSM.01,2026-10-09 23:00,1.32,,,,,,backfill,
WL.SSN.01,2026-10-09 23:00,-1.01,1.42,,,,,backfill,
WL.SSN.02,2026-10-09 23:00,-1.75,,,,,,backfill,
WL.SSN.04,2026-10-09 23:00,-1.12,,,,,,backfill,
WL.SSN.06,2026-10-09 23:00,-1.77,,,,,,backfill,
WL.SSN.07,2026-10-09 23:00,-0.94,,,,,,backfill,
WL.SSN.08,2026-10-09 23:00,-0.60,-0.59,,,,,backfill,
WL.SSN.09,2026-10-09 23:00,-0.62,,,,,,backfill,
WL.SSN.10,2026-10-09 23:00,-0.59,,,,,,backfill,
WL.SST.01,2026-10-09 23:00,0.83,1.76,,,,,backfill,
WL.STN.01,2026-10-09 23:00,0.55,,,,,,backfill,
WL.STN.02,2026-10-09 23:00,0.62,,,,,,backfill,
WL.STN.03,2026-10-09 23:00,0.65,,,,,,backfill,
WL.STR.01,2026-10-09 23:00,-0.86,0.23,0.82,,,,backfill,
WL.SWA.01,2026-10-09 23:00,0.84,1.37,,,,,backfill,
WL.SWU.01,2026-10-09 23:00,-1.47,,,,,,backfill,
WL.TCG.01,2026-10-09 23:00,-1.00,,,,,,backfill,
WL.TPK.02,2026-10-09 23:00,,,,,,,backfill,
WL.TPK.03,2026-10-09 23:00,0.45,,,,,,backfill,
WL.TSK.01,2026-10-09 23:00,-1.80,,,,,,backfill,
WL.TTN.01,2026-10-09 23:00,-0.82,,,,,,backfill,
WL.TUT.02,2026-10-09 23:00,-0.82,,,,,,backfill,
WL.TWW.01,2026-10-09 23:00,0.58,1.17,,,,,backfill,
WL.TWW.02,2026-10-09 23:00,0.57,,,,,,backfill,
WL.TWW.03,2026-10-09 23:00,0.64,,,,,,backfill,
WL.TWW.04,2026-10-09 23:00,0.59,,,,,,backfill,
WL.TWW.05,2026-10-09 23:00,0.51,,,,,,backfill,
WL.VPD.01,2026-10-09 23:00,-0.96,,,,,,backfill,
WL.VPD.02,2026-10-09 23:00,-0.92,,,,,,backfill,
WL.VPD.03,2026-10-09 23:00,-1.28,,,,,,backfill,
WL.VPV.01,2026-10-09 23:00,-2.48,,,,,,backfill,
WL.WHK.01,2026-10-09 23:00,0.90,,,,,,backfill,
WL.WKT.01,2026-10-09 23:00,-0.33,,,,,,backfill,
WL.WLS.01,2026-10-09 23:00,0.51,,,,,,backfill,
WL.WSI.01,2026-10-09 23:00,-0.69,0.61,,,,,backfill,
WL.WSV.01,2026-10-09 23:00,0.16,,,,,,backfill,
WL.WTK.01,2026-10-09 23:00,-0.53,,,,,,backfill,
WL.WTN.02,2026-10-09 23:00,-1.13,,,,,,backfill,
WL.YPE.01,2026-10-09 23:00,0.42,,,,,,backfill,
WL.YPN.01,2026-10-09 23:00,-0.94,,,,,,backfill,
WL.YPN.02,2026-10-09 23:00,-1.59,,,,,,backfill,
WL.YSN.02,2026-10-09 23:00,-0.89,,,,,,backfill,
WL.LPI.02,2026-10-09 23:07,0.03,,,,,,Normal,0.17
WL.ANG.01,2026-10-09 23:10,0.93,,,,,,Normal,
WL.BBU.02,2026-10-09 23:10,0.48,,,,,,Normal,
WL.BKH.01,2026-10-09 23:10,0.14,,,,,,Normal,
WL.BMD.01,2026-10-09 23:10,0.51,,,,,,Normal,
WL.BNJ.05,2026-10-09 23:10,-1.73,,,,,,Normal,
WL.BSE.01,2026-10-09 23:10,-1.57,,,,,,Normal,
WL.BTL.02,2026-10-09 23:10,0.12,,,,,,Normal,
WL.CLH.01,2026-10-09 23:10,-0.36,,,,,,Normal,
WL.CYI.02,2026-10-09 23:10,-0.52,,,,,,Normal,-0.51
WL.K08.01,2026-10-09 23:10,1.57,,,,,,Alert,
WL.K10.01,2026-10-09 23:10,1.63,,,,,,Alert,
WL.K11.01,2026-10-09 23:10,1.58,,,,,,Alert,
WL.KBP.01,2026-10-09 23:10,-0.87,,,,,,Normal,
WL.KBU.02,2026-10-09 23:10,0.4,,,,,,Normal,0.57
WL.KHW.01,2026-10-09 23:10,1.72,,,,,,Normal,
WL.KKO.02,2026-10-09 23:10,1.57,,,,,,Alert,
WL.KPM.07,2026-10-09 23:10,0.61,,,,,,Alert,
WL.LPS.01,2026-10-09 23:10,0.81,,,,,,Normal,
WL.LPT.05,2026-10-09 23:10,1.65,,,,,,Normal,
WL.MKT.02,2026-10-09 23:10,-0.86,,,,,,Normal,
WL.NK3.02,2026-10-09 23:10,-0.61,,,,,,Normal,
WL.POC.01,2026-10-09 23:10,1.46,,,,,,Normal,
WL.PSC.06,2026-10-09 23:10,0.07,,,,,,Normal,
WL.PWT.04,2026-10-09 23:10,0.51,0.55,,4.94,,,Alert,0.59
WL.RPS.01,2026-10-09 23:10,2.06,,,,,,Alert,
WL.SSB.13,2026-10-09 23:10,1.89,,,,,,Critical,
WL.SSG.02,2026-10-09 23:10,1.56,,,,,,Alert,
WL.SWA.02,2026-10-09 23:10,1.45,,,,,,Normal,
WL.AJP.01,2026-10-09 23:15,-1.19,,,,,,Normal,-0.48
WL.ANX.01,2026-10-09 23:15,0.0,,,,,,Normal,0.02
WL.BAM.01,2026-10-09 23:15,0.08,,,,,,Normal,0.4
WL.BBN.02,2026-10-09 23:15,0.4,,,,,,Normal,0.44
WL.BBN.03,2026-10-09 23:15,0.57,,,,,,Critical,0.66
WL.BBR.01,2026-10-09 23:15,0.07,,,,,,Normal,0.19
WL.BBR.02,2026-10-09 23:15,0.05,,,,,,Normal,0.15
WL.BBU.01,2026-10-09 23:15,0.46,,,,,,Normal,0.52
WL.BCN.01,2026-10-09 23:15,0.47,,,,,,Normal,0.53
WL.BCN.02,2026-10-09 23:15,0.47,,,,,,Normal,0.52
WL.BCN.03,2026-10-09 23:15,0.54,,,,,,Normal,0.58
WL.BJK.01,2026-10-09 23:15,-1.53,0.21,,0.0,0.0,,Normal,-1.06
WL.BJK.02,2026-10-09 23:15,0.5,,,,,,Normal,0.52
WL.BJK.03,2026-10-09 23:15,0.46,,,,,,Normal,0.49
WL.BJK.04,2026-10-09 23:15,0.53,,,,,,Normal,0.54
WL.BKA.01,2026-10-09 23:15,-1.25,1.63,,1.73,1.75,0.0,Normal,-1.24
WL.BKA.02,2026-10-09 23:15,-0.8,,,,,,Normal,-0.69
WL.BKA.03,2026-10-09 23:15,-0.36,,,,,,Normal,-0.27
WL.BKA.04,2026-10-09 23:15,0.09,,,,,,Normal,0.16
WL.BKB.01,2026-10-09 23:15,-0.37,,,,,,Normal,-0.28
WL.BKG.01,2026-10-09 23:15,0.66,-2.0,,0.0,,,Critical,0.69
WL.BKK.01,2026-10-09 23:15,0.51,,,,,,Normal,
WL.BKT.01,2026-10-09 23:15,-0.79,,,,,,Normal,-0.26
WL.BKY.01,2026-10-09 23:15,0.33,1.1,,0.0,6.98,0.0,Normal,0.43
WL.BKY.02,2026-10-09 23:15,0.38,,,,,,Normal,0.47
WL.BLP.02,2026-10-09 23:15,-0.7,,,,,,Normal,-0.42
WL.BLY.01,2026-10-09 23:15,-0.52,,,,,,Normal,-0.43
WL.BLY.02,2026-10-09 23:15,-0.61,,,,,,Normal,-0.52
WL.BMA.02,2026-10-09 23:15,-0.1,,,,,,Normal,1.1
WL.BMK.01,2026-10-09 23:15,-1.48,,,,,,Normal,-1.29
WL.BNA.01,2026-10-09 23:15,-1.71,0.1,,0.0,0.0,,Normal,-1.15
WL.BNA.03,2026-10-09 23:15,-0.65,,,,,,Normal,-0.55
WL.BNA.04,2026-10-09 23:15,-0.55,,,,,,Normal,-0.42
WL.BNJ.02,2026-10-09 23:15,-1.85,,,,,,Normal,-1.16
WL.BNJ.04,2026-10-09 23:15,-1.62,,,,,,Normal,-1.05
WL.BNS.01,2026-10-09 23:15,0.41,,,,,,Normal,0.53
WL.BOA.01,2026-10-09 23:15,-1.47,0.25,,0.0,0.0,,Normal,-1.05
WL.BOA.02,2026-10-09 23:15,-1.51,,,,,,Normal,-1.02
WL.BOA.03,2026-10-09 23:15,-1.46,,,,,,Normal,-1.12
WL.BON.01,2026-10-09 23:15,-1.49,,,,,,Normal,-1.04
WL.BPA.01,2026-10-09 23:15,-0.6,,,,,,Normal,-0.49
WL.BPK.01,2026-10-09 23:15,0.12,,,,,,Normal,0.2
WL.BPM.01,2026-10-09 23:15,0.28,,,,,,Normal,0.47
WL.BPM.02,2026-10-09 23:15,0.41,,,,,,Normal,0.52
WL.BPM.03,2026-10-09 23:15,0.57,,,,,,Normal,0.64
WL.BPM.04,2026-10-09 23:15,0.49,,,,,,Normal,0.61
WL.BPN.02,2026-10-09 23:15,0.43,,,,,,Normal,0.5
WL.BPU.01,2026-10-09 23:15,-0.28,,,,,,Normal,1.39
WL.BSK.01,2026-10-09 23:15,-0.44,0.74,,0.0,0.0,,Normal,0.42
WL.BSU.01,2026-10-09 23:15,-1.08,1.55,,0.0,0.0,0.0,Normal,-0.85
WL.BSU.02,2026-10-09 23:15,-0.85,,,,,,Normal,-0.78
WL.BSU.03,2026-10-09 23:15,-1.17,,,,,,Normal,-1.02
WL.BSU.04,2026-10-09 23:15,-1.13,,,,,,Normal,-0.33
WL.BSU.05,2026-10-09 23:15,-1.01,,,,,,Normal,-1.01
WL.BSU.06,2026-10-09 23:15,-0.75,,,,,,Normal,-0.56
WL.BSU.07,2026-10-09 23:15,-0.47,,,,,,Normal,-0.41
WL.BTL.01,2026-10-09 23:15,-0.66,,,,,,Normal,-0.51
WL.BTY.01,2026-10-09 23:15,0.27,,,,,,Normal,0.41
WL.BWK.01,2026-10-09 23:15,0.35,,,,,,Normal,0.41
WL.BWK.02,2026-10-09 23:15,0.58,,,,,,Normal,0.62
WL.BWK.03,2026-10-09 23:15,0.56,,,,,,Normal,0.68
WL.BYI.01,2026-10-09 23:15,1.0,,,,,,Critical,1.0
WL.BYK.02,2026-10-09 23:15,0.18,,,,,,Normal,0.37
WL.CKS.01,2026-10-09 23:15,-1.23,,,0.0,0.0,,Normal,-1.07
WL.CKS.02,2026-10-09 23:15,-0.92,,,,,,Normal,-0.87
WL.CKS.03,2026-10-09 23:15,-1.03,,,,,,Normal,-1.03
WL.CNS.01,2026-10-09 23:15,-1.49,0.33,,0.0,0.0,,Normal,-1.23
WL.CPA.01,2026-10-09 23:15,0.28,1.3,,0.0,4.78,,Normal,0.49
WL.CPA.02,2026-10-09 23:15,0.33,,,,,,Normal,0.39
WL.CYI.01,2026-10-09 23:15,-0.55,,,,,,Normal,-0.54
WL.CYI.03,2026-10-09 23:15,-0.47,,,,,,Normal,-0.33
WL.DKN.01,2026-10-09 23:15,0.3,0.67,,0.0,6.39,0.0,Normal,0.43
WL.FTM.01,2026-10-09 23:15,-1.03,,,,,,Normal,-0.81
WL.HKG.01,2026-10-09 23:15,-0.7,,,,,,Normal,-0.58
WL.HKG.02,2026-10-09 23:15,-0.64,,,,,,Normal,-0.63
WL.HMK.01,2026-10-09 23:15,-0.15,,,,,,Alert,0.0
WL.HMK.02,2026-10-09 23:15,-0.35,,,,,,Normal,-0.02
WL.HMK.03,2026-10-09 23:15,-0.11,,,,,,Normal,0.0
WL.JRN.01,2026-10-09 23:15,0.25,0.53,,0.0,,,Normal,0.35
WL.KBU.01,2026-10-09 23:15,0.35,1.32,,0.0,,,Normal,0.6
WL.KCD.01,2026-10-09 23:15,-0.98,,,,,,Normal,-0.89
WL.KDN.01,2026-10-09 23:15,-0.68,0.36,,0.0,,,Normal,-0.6
WL.KJA.01,2026-10-09 23:15,-0.79,,,,,,Normal,-0.49
WL.KJA.02,2026-10-09 23:15,-0.35,,,,,,Normal,-0.24
WL.KJG.01,2026-10-09 23:15,-0.52,,,,,,Normal,-0.18
WL.KJK.01,2026-10-09 23:15,-1.24,0.24,,0.0,0.0,,Normal,-1.08
WL.KJK.02,2026-10-09 23:15,-1.18,,,,,,Normal,-0.91
WL.KJN.02,2026-10-09 23:15,-0.07,,,,,,Normal,0.03
WL.KJT.01,2026-10-09 23:15,-1.06,,,,,,Normal,-0.51
WL.KJU.01,2026-10-09 23:15,-0.73,,,,,,Normal,-0.38
WL.KKD.01,2026-10-09 23:15,-0.53,,,,,,Normal,-0.41
WL.KKD.02,2026-10-09 23:15,-0.66,,,,,,Normal,-0.51
WL.KKD.03,2026-10-09 23:15,-0.83,,,,,,Normal,-0.5
WL.KKO.01,2026-10-09 23:15,1.62,,,,,,Alert,1.63
WL.KKS.01,2026-10-09 23:15,-0.69,1.3,,0.0,0.0,,Normal,-0.42
WL.KKS.02,2026-10-09 23:15,-0.66,,,,,,Normal,-0.38
WL.KKS.03,2026-10-09 23:15,-0.81,,,,,,Normal,-0.47
WL.KKS.04,2026-10-09 23:15,-0.85,0.93,,0.0,,,Normal,-0.45
WL.KKY.01,2026-10-09 23:15,0.53,,,,,,Normal,0.69
WL.KKY.02,2026-10-09 23:15,0.56,,,,,,Normal,0.69
WL.KLA.01,2026-10-09 23:15,-0.31,,,,,,Normal,0.39
WL.KLD.01,2026-10-09 23:15,-0.32,,,,,,Normal,-0.26
WL.KLD.02,2026-10-09 23:15,-0.24,,,,,,Normal,-0.19
WL.KLT.01,2026-10-09 23:15,-0.67,,,,,,Normal,-0.57
WL.KMN.01,2026-10-09 23:15,0.26,1.13,,0.1,5.86,0.0,Normal,0.42
WL.KNB.02,2026-10-09 23:15,-0.41,,,,,,Normal,-0.36
WL.KPG.01,2026-10-09 23:15,-1.39,,,,,,Normal,-0.99
WL.KPM.01,2026-10-09 23:15,-0.3,,,,,,Normal,-0.25
WL.KPM.03,2026-10-09 23:15,-0.1,,,,,,Normal,-0.02
WL.KPM.05,2026-10-09 23:15,0.46,,,,,,Normal,0.54
WL.KPM.06,2026-10-09 23:15,0.48,,,,,,Normal,0.53
WL.KPM.08,2026-10-09 23:15,0.42,,,,,,Normal,0.53
WL.KSG.01,2026-10-09 23:15,0.7,,,,,,Normal,0.79
WL.KSI.01,2026-10-09 23:15,0.79,,,,,,Normal,0.84
WL.KSI.02,2026-10-09 23:15,0.81,,,,,,Critical,0.85
WL.KSK.01,2026-10-09 23:15,-0.68,,,,,,Normal,-0.56
WL.KSM.01,2026-10-09 23:15,0.8,,,,,,Critical,0.85
WL.KSM.02,2026-10-09 23:15,0.75,,,,,,Critical,0.81
WL.KSO.01,2026-10-09 23:15,0.61,,,,,,Normal,0.8
WL.KSO.02,2026-10-09 23:15,0.62,,,,,,Normal,0.85
WL.KTY.01,2026-10-09 23:15,-2.24,0.24,,0.0,,,Normal,-1.35
WL.LBK.02,2026-10-09 23:15,0.54,,,,,,Critical,0.58
WL.LBK.03,2026-10-09 23:15,0.43,,,,,,Critical,0.5
WL.LCL.01,2026-10-09 23:15,0.64,,,,,,Normal,0.7
WL.LKB.01,2026-10-09 23:15,0.67,,,,,,Critical,0.74
WL.LOA.01,2026-10-09 23:15,0.61,,,,,,Normal,0.9
WL.LOA.02,2026-10-09 23:15,0.72,,,,,,Normal,0.84
WL.LPC.01,2026-10-09 23:15,1.1,,,,,,Critical,1.12
WL.LPG.02,2026-10-09 23:15,0.99,1.75,,0.0,,,Critical,1.02
WL.LPG.03,2026-10-09 23:15,0.94,,,,,,Critical,0.97
WL.LPN.01,2026-10-09 23:15,-0.8,0.76,,0.01,,,Normal,-0.6
WL.LPP.01,2026-10-09 23:15,-1.41,,,,,,Normal,-0.95
WL.LPP.02,2026-10-09 23:15,-0.75,,,,,,Normal,
WL.LPT.03,2026-10-09 23:15,0.87,,,,,,Critical,0.91
WL.LPW.01,2026-10-09 23:15,-0.23,-0.3,,0.0,,,Normal,-0.16
WL.LPW.03,2026-10-09 23:15,0.24,,,,,,Normal,0.31
WL.LPW.04,2026-10-09 23:15,-0.48,,,,,,Normal,-0.29
WL.LPW.05,2026-10-09 23:15,-0.57,,,,,,Normal,-0.46
WL.LSG.01,2026-10-09 23:15,-1.21,,,,,,Normal,-1.18
WL.LSM.01,2026-10-09 23:15,-0.64,,,,,,Normal,-0.57
WL.LYW.02,2026-10-09 23:15,-1.43,,,,,,Normal,-1.4
WL.MCM.01,2026-10-09 23:15,0.46,,,,,,Normal,0.52
WL.MFS.01,2026-10-09 23:15,-0.69,,,,,,Normal,-0.69
WL.MKT.01,2026-10-09 23:15,-0.32,,,,,,Normal,-0.27
WL.MSW.01,2026-10-09 23:15,1.38,,,,,,Normal,1.87
WL.MSW.02,2026-10-09 23:15,1.23,,,,,,Normal,1.23
WL.MSW.03,2026-10-09 23:15,1.35,,,,,,Normal,1.82
WL.MSW.04,2026-10-09 23:15,1.04,,,,,,Normal,
WL.MTG.01,2026-10-09 23:15,-0.7,,,,,,Normal,-0.62
WL.NBN.01,2026-10-09 23:15,-3.92,-1.39,,0.0,,,Normal,-3.58
WL.NCH.02,2026-10-09 23:15,-0.4,,,,,,Normal,-0.33
WL.NK1.01,2026-10-09 23:15,-0.49,,,,,,Normal,0.15
WL.NK3.01,2026-10-09 23:15,-0.44,,,,,,Normal,-0.1
WL.NKW.02,2026-10-09 23:15,-0.22,,,,,,Normal,-0.13
WL.NSG.01,2026-10-09 23:15,-2.0,,,,,,Normal,-2.0
WL.OAG.01,2026-10-09 23:15,-0.75,,,,,,Normal,-0.47
WL.ORC.01,2026-10-09 23:15,-1.34,-0.62,,0.0,,,Normal,-0.88
WL.PKG.01,2026-10-09 23:15,1.06,,,,,,Normal,1.92
WL.PKN.01,2026-10-09 23:15,-0.81,0.43,,0.0,0.0,0.0,Normal,-0.68
WL.PLK.01,2026-10-09 23:15,-0.3,,,,,,Normal,1.3
WL.PLP.01,2026-10-09 23:15,-0.43,,,,,,Normal,-0.38
WL.PNM.01,2026-10-09 23:15,0.3,,,,,,Critical,0.38
WL.PSC.01,2026-10-09 23:15,0.37,0.4,,0.0,0.0,0.0,Normal,0.39
WL.PSC.02,2026-10-09 23:15,0.38,,,,,,Normal,0.41
WL.PSC.03,2026-10-09 23:15,0.39,,,,,,Normal,0.42
WL.PSC.05,2026-10-09 23:15,0.46,,,,,,Normal,0.49
WL.PSI.01,2026-10-09 23:15,-1.33,,,,,,Normal,-1.18
WL.PSR.01,2026-10-09 23:15,1.1,1.81,,0.2,,,Critical,1.12
WL.PSR.02,2026-10-09 23:15,1.13,,,,,,Alert,1.15
WL.PSR.03,2026-10-09 23:15,1.1,,,,,,Alert,1.13
WL.PSR.04,2026-10-09 23:15,0.75,,,,,,Normal,0.78
WL.PSR.05,2026-10-09 23:15,0.78,,,,,,Alert,0.81
WL.PST.01,2026-10-09 23:15,-0.89,,,,,,Normal,-0.89
WL.PWT.01,2026-10-09 23:15,-0.55,,,,,,Normal,-0.47
WL.PWT.02,2026-10-09 23:15,-0.05,,,,,,Normal,0.02
WL.PWT.03,2026-10-09 23:15,0.19,0.2,,5.84,5.9,,Alert,0.27
WL.PWT.06,2026-10-09 23:15,0.93,,,,,,Critical,0.98
WL.PWT.07,2026-10-09 23:15,0.9,,,,,,Critical,0.97
WL.PYW.01,2026-10-09 23:15,-0.75,,,,,,Normal,-0.7
WL.RHN.01,2026-10-09 23:15,-0.07,-0.16,,0.0,,,Normal,-0.07
WL.RJK.01,2026-10-09 23:15,0.25,0.25,,7.5,,,Normal,0.36
WL.RMN.01,2026-10-09 23:15,0.54,,,,,,Normal,
WL.RMT.01,2026-10-09 23:15,-0.56,0.84,,0.0,0.0,,Normal,-0.25
WL.RMT.02,2026-10-09 23:15,0.1,,,,,,Normal,0.16
WL.RMT.03,2026-10-09 23:15,-2.0,,,,,,Normal,-2.0
WL.RSK.01,2026-10-09 23:15,0.47,,,,,,Normal,0.49
WL.SBR.01,2026-10-09 23:15,0.59,1.23,,0.0,,,Normal,0.91
WL.SBR.02,2026-10-09 23:15,0.54,,,,,,Normal,0.68
WL.SBT.01,2026-10-09 23:15,-0.09,0.23,,0.0,,,Normal,-0.09
WL.SCO.01,2026-10-09 23:15,0.11,,,,,,Normal,0.32
WL.SDN.01,2026-10-09 23:15,0.23,,,,,,Normal,0.23
WL.SKT.01,2026-10-09 23:15,-0.78,,,,,,Normal,-0.55
WL.SKT.02,2026-10-09 23:15,-0.93,,,,,,Normal,-0.59
WL.SMK.01,2026-10-09 23:15,-0.23,,,,,,Normal,-0.23
WL.SNC.01,2026-10-09 23:15,-0.23,0.97,,0.0,0.0,0.0,Normal,-0.16
WL.SNC.02,2026-10-09 23:15,0.34,,,,,,Normal,0.44
WL.SNC.03,2026-10-09 23:15,0.11,,,,,,Normal,0.21
WL.SNO.01,2026-10-09 23:15,-1.06,,,,,,Normal,-0.74
WL.SOL.01,2026-10-09 23:15,-0.8,,,,,,Normal,-0.62
WL.SRE.01,2026-10-09 23:15,-0.36,0.79,,0.0,0.0,,Normal,0.25
WL.SRG.01,2026-10-09 23:15,-0.66,0.65,,0.0,0.0,0.0,Normal,-0.17
WL.SSB.01,2026-10-09 23:15,-0.72,,,,,,Normal,-0.44
WL.SSB.03,2026-10-09 23:15,-0.5,,,,,,Normal,-0.31
WL.SSB.04,2026-10-09 23:15,-0.58,-0.6,,7.5,7.5,,Normal,-0.37
WL.SSB.06,2026-10-09 23:15,-0.42,,,,,,Normal,0.15
WL.SSB.07,2026-10-09 23:15,0.03,,,,,,Normal,0.6
WL.SSB.08,2026-10-09 23:15,0.33,,,,,,Normal,0.37
WL.SSB.09,2026-10-09 23:15,0.58,1.1,,0.0,,,Critical,0.58
WL.SSB.10,2026-10-09 23:15,0.82,1.06,,3.64,,,Critical,0.83
WL.SSB.11,2026-10-09 23:15,1.22,,,,,,Critical,1.25
WL.SSB.12,2026-10-09 23:15,1.22,1.5,,0.0,,,Critical,1.24
WL.SSG.01,2026-10-09 23:15,1.57,,,,,,Alert,1.58
WL.SSM.01,2026-10-09 23:15,1.31,-99,,0.0,,,Critical,1.32
WL.SSM.02,2026-10-09 23:15,1.55,,,,,,Normal,
WL.SSN.01,2026-10-09 23:15,-1.01,1.4,,7.0,0.0,0.0,Normal,-1.01
WL.SSN.02,2026-10-09 23:15,-1.71,,,,,,Normal,-0.91
WL.SSN.04,2026-10-09 23:15,-1.14,,,,,,Normal,-0.69
WL.SSN.06,2026-10-09 23:15,-1.77,,,,,,Normal,-1.71
WL.SSN.07,2026-10-09 23:15,-0.94,,,,,,Normal,-0.8
WL.SSN.08,2026-10-09 23:15,-0.61,-0.6,,0.0,,,Normal,-0.52
WL.SSN.09,2026-10-09 23:15,-0.62,,,,,,Normal,-0.53
WL.SSN.10,2026-10-09 23:15,-0.6,,,,,,Normal,-0.51
WL.SST.01,2026-10-09 23:15,0.83,1.76,,0.32,,,Alert,0.91
WL.STN.01,2026-10-09 23:15,0.55,,,,,,Alert,0.55
WL.STN.02,2026-10-09 23:15,0.62,,,,,,Critical,0.66
WL.STN.03,2026-10-09 23:15,0.65,,,,,,Critical,0.72
WL.STR.01,2026-10-09 23:15,-0.87,0.23,0.78,0.0,0.0,0.0,Normal,-0.67
WL.SWA.01,2026-10-09 23:15,0.85,1.36,,0.44,,,Critical,0.86
WL.SWU.01,2026-10-09 23:15,-1.45,,,,,,Normal,-0.89
WL.TCG.01,2026-10-09 23:15,-1.0,,,,,,Normal,-0.84
WL.TPK.03,2026-10-09 23:15,0.45,,,,,,Critical,0.52
WL.TSK.01,2026-10-09 23:15,-1.79,,,,,,Normal,-1.79
WL.TTN.01,2026-10-09 23:15,-0.82,,,,,,Normal,-0.65
WL.TUT.02,2026-10-09 23:15,-0.81,,,,,,Normal,-0.22
WL.TWW.01,2026-10-09 23:15,0.58,1.17,,0.0,,,Normal,0.79
WL.TWW.02,2026-10-09 23:15,0.56,,,,,,Normal,0.75
WL.TWW.03,2026-10-09 23:15,0.64,,,,,,Alert,0.75
WL.TWW.04,2026-10-09 23:15,0.59,,,,,,Normal,0.71
WL.TWW.05,2026-10-09 23:15,0.51,,,,,,Normal,0.55
WL.VPD.01,2026-10-09 23:15,-0.95,,,,,,Normal,-0.95
WL.VPD.02,2026-10-09 23:15,-0.91,,,,,,Normal,-0.91
WL.VPD.03,2026-10-09 23:15,-1.28,,,,,,Normal,-1.23
WL.VPV.01,2026-10-09 23:15,-2.81,,,0.0,,,Normal,-1.37
WL.WHK.01,2026-10-09 23:15,0.89,,,,,,Alert,0.98
WL.WKT.01,2026-10-09 23:15,-0.28,,,,,,Normal,0.55
WL.WLS.01,2026-10-09 23:15,0.51,,,,,,Normal,0.61
WL.WSI.01,2026-10-09 23:15,-0.68,0.57,,0.0,0.0,0.0,Normal,-0.54
WL.WTK.01,2026-10-09 23:15,-0.52,,,,,,Normal,-0.43
WL.WTN.02,2026-10-09 23:15,-1.12,,,,,,Normal,-1.1
WL.YPE.01,2026-10-09 23:15,0.41,,,,,,Normal,0.45
WL.YPN.01,2026-10-09 23:15,-0.94,,,,,,Normal,-0.51
WL.YPN.02,2026-10-09 23:15,-1.58,,,,,,Normal,-0.57
WL.YSN.02,2026-10-09 23:15,-0.89,,,,,,Normal,-0.73
WL.KPM.04,2026-10-09 23:25,0.39,,,,,,Normal,0.49
WL.KKD.04,2026-10-09 23:35,-0.62,,,,,,Normal,-0.45
WL.SSN.02,2026-10-09 23:35,-1.67,,,,,,out of order,-0.91
WL.WSV.01,2026-10-09 23:35,0.14,,,,,,out of order,0.5
WL.PWT.04,2026-10-09 23:55,0.51,0.55,,4.94,,,temporarily out of order,0.59
