code,measured,rf15m_mm,rf1h_mm,rf3h_mm,rf6h_mm,rf12h_mm,rf24h_mm
RF.TKU.02,2026-10-06 08:50,0.0,0.0,0.0,4.5,32.5,32.5
RF.PWT.01,2026-10-06 09:00,0.0,0.0,0.0,6.5,14.0,14.0
RF.KSN.02,2026-10-06 09:05,0.0,0.0,0.0,1.5,43.5,43.5
RF.LKB.02,2026-10-06 09:05,0.0,0.0,0.0,9.5,12.0,12.0
RF.PNK.01,2026-10-06 09:05,0.0,0.0,0.5,10.0,24.0,25.0
RF.SPS.01,2026-10-06 09:05,0.0,0.0,0.0,9.0,32.0,32.0
RF.TLC.02,2026-10-06 09:05,0.0,0.0,0.0,8.0,8.0,8.0
RF.BBN.01,2026-10-06 09:10,0.0,0.0,1.0,9.0,14.5,14.5
RF.BBN.02,2026-10-06 09:10,0.0,0.0,0.5,4.0,14.0,14.0
RF.BKA.01,2026-10-06 09:10,0.0,0.0,0.0,1.0,1.0,15.5
RF.BKA.02,2026-10-06 09:10,0.0,0.0,0.0,1.5,1.5,45.5
RF.BKE.01,2026-10-06 09:10,0.0,0.0,0.0,0.0,7.5,8.0
RF.BKE.02,2026-10-06 09:10,0.0,0.0,0.0,0.5,5.0,5.0
RF.BKE.03,2026-10-06 09:10,0.0,0.5,0.5,0.5,0.5,0.5
RF.BKE.04,2026-10-06 09:10,0.0,0.0,0.0,0.0,0.0,0.0
RF.BKL.02,2026-10-06 09:10,0.0,0.0,0.0,1.5,52.0,60.5
RF.BKM.01,2026-10-06 09:10,0.0,0.0,0.0,7.0,22.0,22.0
RF.BKN.01,2026-10-06 09:10,0.0,0.0,0.5,2.5,12.5,12.5
RF.BKN.02,2026-10-06 09:10,0.0,0.0,0.0,9.5,16.0,16.0
RF.BKP.02,2026-10-06 09:10,0.0,0.0,0.0,9.0,40.5,40.5
RF.BKT.01,2026-10-06 09:10,0.0,0.0,0.5,1.0,47.0,47.0
RF.BKT.02,2026-10-06 09:10,0.0,0.0,0.5,1.5,3.5,3.5
RF.BKT.03,2026-10-06 09:10,0.0,0.0,0.5,4.5,7.0,7.0
RF.BKT.04,2026-10-06 09:10,0.0,0.0,0.0,1.0,41.0,41.0
RF.BKT.05,2026-10-06 09:10,0.0,0.0,0.0,1.0,61.0,61.0
RF.BKY.01,2026-10-06 09:10,0.0,0.0,0.0,3.0,13.0,13.0
RF.BKY.02,2026-10-06 09:10,0.0,0.0,0.0,16.0,25.5,25.5
RF.BNA.01,2026-10-06 09:10,0.0,0.0,0.0,2.5,4.0,6.0
RF.BNA.02,2026-10-06 09:10,0.0,0.0,0.0,3.0,5.0,5.5
RF.BNA.03,2026-10-06 09:10,0.0,0.0,0.0,4.0,5.5,5.5
RF.BPD.01,2026-10-06 09:10,0.0,0.0,0.0,3.5,9.5,9.5
RF.BRK.01,2026-10-06 09:10,0.0,0.0,0.5,3.0,47.0,51.5
RF.BRK.02,2026-10-06 09:10,0.5,0.5,0.5,5.5,55.0,55.0
RF.BSU.01,2026-10-06 09:10,0.0,0.0,0.0,2.5,12.0,12.0
RF.BSU.02,2026-10-06 09:10,0.0,0.0,0.0,7.0,21.0,21.0
RF.BSU.03,2026-10-06 09:10,0.0,0.0,0.0,8.0,12.5,12.5
RF.CTC.01,2026-10-06 09:10,0.0,0.0,0.0,2.5,39.0,40.0
RF.CTC.02,2026-10-06 09:10,0.0,0.0,0.0,5.5,13.5,14.0
RF.CTC.03,2026-10-06 09:10,0.0,0.0,0.0,5.0,8.5,9.0
RF.DDG.02,2026-10-06 09:10,0.0,0.0,0.0,4.0,34.5,37.5
RF.DST.01,2026-10-06 09:10,0.0,0.0,0.0,2.5,9.0,12.5
RF.DST.02,2026-10-06 09:10,0.0,0.0,0.0,3.0,7.5,11.0
RF.HKG.01,2026-10-06 09:10,0.0,0.0,0.0,4.5,57.5,57.5
RF.HKG.02,2026-10-06 09:10,0.0,0.0,0.0,5.0,47.5,47.5
RF.JTG.01,2026-10-06 09:10,0.0,0.0,0.0,0.5,67.5,67.5
RF.JTG.02,2026-10-06 09:10,0.0,0.0,0.0,0.5,51.0,51.0
RF.JTG.03,2026-10-06 09:10,0.0,0.0,0.0,1.0,48.5,48.5
RF.KNY.02,2026-10-06 09:10,0.0,0.0,0.0,1.5,11.5,13.5
RF.KSN.01,2026-10-06 09:10,0.0,0.0,0.5,4.5,51.0,51.0
RF.KSW.01,2026-10-06 09:10,0.0,0.0,0.0,0.0,37.0,37.0
RF.KSW.02,2026-10-06 09:10,0.0,0.0,0.0,1.5,48.5,48.5
RF.KTY.01,2026-10-06 09:10,0.0,0.0,0.0,3.0,20.0,37.0
RF.KTY.02,2026-10-06 09:10,0.0,0.0,0.0,1.5,33.5,43.5
RF.KTY.03,2026-10-06 09:10,0.0,0.0,0.0,4.0,16.5,26.0
RF.KTY.04,2026-10-06 09:10,0.0,0.0,0.0,4.0,15.5,25.5
RF.KTY.05,2026-10-06 09:10,0.0,0.0,0.0,2.5,46.5,64.5
RF.LKB.04,2026-10-06 09:10,0.0,0.0,0.0,1.0,1.0,22.0
RF.LPW.01,2026-10-06 09:10,0.0,0.0,0.0,0.0,0.0,0.0
RF.LSI.01,2026-10-06 09:10,0.0,0.0,0.0,1.0,15.0,28.0
RF.LSI.03,2026-10-06 09:10,0.0,0.0,0.0,1.5,3.0,18.0
RF.MBR.01,2026-10-06 09:10,0.0,0.0,0.0,3.0,23.5,23.5
RF.MBR.02,2026-10-06 09:10,0.0,0.0,0.0,2.5,26.0,26.0
RF.MBR.03,2026-10-06 09:10,0.0,0.0,0.0,4.0,19.0,19.0
RF.MBR.05,2026-10-06 09:10,0.0,0.0,0.0,0.0,0.0,0.0
RF.NJK.01,2026-10-06 09:10,0.0,0.0,0.0,2.0,2.0,2.0
RF.NJK.02,2026-10-06 09:10,0.0,0.0,0.0,2.0,3.0,3.0
RF.NJK.03,2026-10-06 09:10,0.0,0.0,0.0,0.5,0.5,0.5
RF.NJK.04,2026-10-06 09:10,0.0,0.0,0.0,1.5,1.5,1.5
RF.NJK.05,2026-10-06 09:10,0.0,0.0,0.0,0.0,0.0,0.0
RF.NJK.06,2026-10-06 09:10,0.0,0.0,0.0,3.5,9.0,9.0
RF.NJK.07,2026-10-06 09:10,0.0,0.0,0.0,2.0,3.5,6.0
RF.NKM.01,2026-10-06 09:10,0.0,0.0,0.0,0.0,0.0,0.0
RF.NKM.02,2026-10-06 09:10,0.0,0.0,0.5,0.5,0.5,0.5
RF.PKN.01,2026-10-06 09:10,0.0,0.0,0.0,7.5,19.5,37.5
RF.PKN.02,2026-10-06 09:10,0.0,0.0,0.0,3.0,10.5,18.0
RF.PKN.03,2026-10-06 09:10,0.0,0.0,0.0,3.0,4.0,7.0
RF.PKN.04,2026-10-06 09:10,0.0,0.0,0.0,2.5,6.0,11.0
RF.PNK.02,2026-10-06 09:10,0.0,0.0,0.0,5.0,18.5,26.5
RF.PNK.03,2026-10-06 09:10,0.0,0.0,0.0,21.5,31.0,31.0
RF.PPS.01,2026-10-06 09:10,0.0,0.0,0.0,18.0,40.5,50.0
RF.PSC.01,2026-10-06 09:10,0.0,0.0,0.5,1.5,2.5,2.5
RF.PSC.03,2026-10-06 09:10,0.0,0.0,0.0,1.0,1.0,1.0
RF.PSC.04,2026-10-06 09:10,0.0,0.0,0.0,4.0,6.0,6.0
RF.PSC.05,2026-10-06 09:10,0.0,0.0,0.0,4.5,8.5,8.5
RF.PTW.01,2026-10-06 09:10,0.0,0.0,0.0,0.0,0.0,0.0
RF.PTW.02,2026-10-06 09:10,0.0,0.0,0.5,5.5,48.0,59.5
RF.PWT.02,2026-10-06 09:10,0.0,0.0,0.0,4.5,11.0,11.0
RF.PWT.03,2026-10-06 09:10,0.0,0.0,0.0,5.5,10.5,10.5
RF.PYT.01,2026-10-06 09:10,0.0,0.0,0.5,3.0,30.0,33.5
RF.RBN.01,2026-10-06 09:10,0.0,0.0,0.0,1.5,58.5,58.5
RF.RBN.02,2026-10-06 09:10,0.0,0.0,0.0,2.0,51.5,52.5
RF.RTW.01,2026-10-06 09:10,0.0,0.0,0.0,7.5,50.0,61.5
RF.RTW.03,2026-10-06 09:10,0.0,0.0,0.5,4.0,43.5,54.5
RF.SLG.01,2026-10-06 09:10,0.0,0.0,0.0,4.0,18.0,21.0
RF.SLG.02,2026-10-06 09:10,0.0,0.0,0.0,4.0,17.0,19.5
RF.SMI.01,2026-10-06 09:10,0.0,0.0,0.0,1.5,2.0,2.0
RF.SMI.02,2026-10-06 09:10,0.0,0.0,0.0,2.0,46.5,75.0
RF.SMI.03,2026-10-06 09:10,0.0,0.0,0.0,9.0,16.0,16.0
RF.SMI.04,2026-10-06 09:10,0.0,0.0,0.0,2.0,56.5,99.0
RF.SPK.01,2026-10-06 09:10,0.0,0.0,0.0,4.0,5.0,5.0
RF.SPS.02,2026-10-06 09:10,0.0,0.0,0.0,4.0,16.0,16.5
RF.SPW.01,2026-10-06 09:10,0.0,0.0,0.0,5.0,53.5,54.0
RF.STN.01,2026-10-06 09:10,0.0,0.0,0.0,1.5,39.5,48.0
RF.STN.02,2026-10-06 09:10,0.0,0.0,0.0,2.5,41.0,41.5
RF.TBR.01,2026-10-06 09:10,0.0,0.0,0.0,3.0,20.5,20.5
RF.TBR.02,2026-10-06 09:10,0.0,0.0,0.0,1.5,45.5,46.0
RF.TBR.03,2026-10-06 09:10,0.0,0.0,0.5,1.5,70.0,70.0
RF.TKU.01,2026-10-06 09:10,0.0,0.5,0.5,1.5,18.0,18.0
RF.TLC.01,2026-10-06 09:10,0.0,0.0,0.0,2.5,7.5,7.5
RF.TLC.03,2026-10-06 09:10,0.0,0.0,0.0,1.5,10.5,11.0
RF.TWW.01,2026-10-06 09:10,0.0,0.0,0.0,2.5,2.5,2.5
RF.TWW.02,2026-10-06 09:10,0.0,0.0,0.0,0.0,0.0,0.0
RF.TWW.03,2026-10-06 09:10,0.0,0.0,0.0,2.5,2.5,2.5
RF.TWW.04,2026-10-06 09:10,0.0,0.0,0.0,0.0,0.0,0.0
RF.WTL.01,2026-10-06 09:10,0.0,0.0,0.5,6.5,40.5,40.5
RF.WTL.02,2026-10-06 09:10,0.0,0.0,0.0,4.5,54.5,56.0
RF.WTL.03,2026-10-06 09:10,0.0,0.0,0.0,7.0,28.0,28.0
RF.WTN.02,2026-10-06 09:10,0.0,0.0,0.0,6.5,57.5,58.0
RF.YNW.01,2026-10-06 09:10,0.0,0.0,0.0,2.0,24.5,43.5
RF.YNW.02,2026-10-06 09:10,0.0,0.0,0.0,2.0,20.5,31.5
RF.YNW.03,2026-10-06 09:10,0.0,0.0,0.0,3.0,24.5,29.0
RF.NJK.04,2026-10-06 10:05,5.5,19.5,19.5,20.0,21.0,21.0
RF.BKL.02,2026-10-06 10:10,0.0,0.0,0.0,1.0,52.0,60.5
RF.KNY.02,2026-10-06 10:10,0.0,0.0,0.0,1.0,11.5,13.5
RF.KSW.01,2026-10-06 10:10,0.0,0.0,0.0,0.0,37.0,37.0
RF.KSW.02,2026-10-06 10:10,0.5,0.5,0.5,1.0,49.0,49.0
RF.MBR.02,2026-10-06 10:10,1.5,1.5,1.5,3.0,27.5,27.5
RF.MBR.03,2026-10-06 10:10,0.0,0.5,0.5,2.0,19.5,19.5
RF.MBR.05,2026-10-06 10:10,1.0,1.0,1.0,1.0,1.0,1.0
RF.NJK.01,2026-10-06 10:10,5.5,16.0,16.0,17.0,18.0,18.0
RF.NJK.05,2026-10-06 10:10,0.0,0.0,0.0,0.0,0.0,0.0
RF.NJK.06,2026-10-06 10:10,0.0,0.0,0.0,2.0,9.0,9.0
RF.PNK.01,2026-10-06 10:10,0.0,0.0,0.5,1.0,24.0,25.0
RF.SPS.01,2026-10-06 10:10,1.5,9.0,9.0,11.5,41.0,41.0
RF.SPS.02,2026-10-06 10:10,0.0,0.5,0.5,2.0,16.5,16.5
RF.BBN.01,2026-10-06 10:15,0.0,0.0,0.0,1.5,14.5,14.5
RF.BBN.02,2026-10-06 10:15,0.0,0.0,0.0,0.5,14.0,14.0
RF.BKA.01,2026-10-06 10:15,0.0,0.0,0.0,0.5,1.0,15.5
RF.BKA.02,2026-10-06 10:15,0.0,0.5,0.5,1.5,2.0,46.0
RF.BKE.01,2026-10-06 10:15,0.0,0.0,0.0,0.0,7.5,7.5
RF.BKE.02,2026-10-06 10:15,0.0,0.0,0.0,0.0,5.0,5.0
RF.BKE.03,2026-10-06 10:15,0.0,0.0,0.5,0.5,0.5,0.5
RF.BKE.04,2026-10-06 10:15,0.0,0.0,0.0,0.0,0.0,0.0
RF.BKM.01,2026-10-06 10:15,0.0,6.5,6.5,8.0,28.5,28.5
RF.BKN.01,2026-10-06 10:15,0.0,0.0,0.5,0.5,12.5,12.5
RF.BKN.02,2026-10-06 10:15,0.0,0.0,0.0,0.0,16.0,16.0
RF.BKP.02,2026-10-06 10:15,0.5,1.0,1.0,3.0,41.5,41.5
RF.BKT.01,2026-10-06 10:15,0.0,0.0,0.0,0.5,47.0,47.0
RF.BKT.02,2026-10-06 10:15,0.0,0.0,0.0,1.0,3.5,3.5
RF.BKT.03,2026-10-06 10:15,0.0,0.0,0.0,1.5,7.0,7.0
RF.BKT.04,2026-10-06 10:15,0.0,0.0,0.0,0.0,41.0,41.0
RF.BKT.05,2026-10-06 10:15,0.0,0.0,0.0,0.5,61.0,61.0
RF.BKY.01,2026-10-06 10:15,0.0,0.0,0.0,0.5,13.0,13.0
RF.BKY.02,2026-10-06 10:15,0.0,0.0,0.0,0.5,25.5,25.5
RF.BNA.01,2026-10-06 10:15,0.0,0.0,0.0,1.0,4.0,6.0
RF.BNA.02,2026-10-06 10:15,0.0,0.0,0.0,1.0,5.0,5.5
RF.BNA.03,2026-10-06 10:15,0.0,0.0,0.0,2.0,5.5,5.5
RF.BPD.01,2026-10-06 10:15,0.5,0.5,0.5,0.5,10.0,10.0
RF.BRK.01,2026-10-06 10:15,0.0,0.0,0.5,1.0,47.0,51.5
RF.BRK.02,2026-10-06 10:15,0.0,0.0,0.5,1.5,55.0,55.0
RF.BSU.01,2026-10-06 10:15,0.0,0.0,0.0,0.5,12.0,12.0
RF.BSU.02,2026-10-06 10:15,0.0,0.0,0.0,0.0,21.0,21.0
RF.BSU.03,2026-10-06 10:15,0.0,0.0,0.0,0.5,12.5,12.5
RF.CTC.01,2026-10-06 10:15,0.0,0.0,0.0,0.5,39.0,40.0
RF.CTC.02,2026-10-06 10:15,0.0,0.0,0.0,0.0,13.5,14.0
RF.CTC.03,2026-10-06 10:15,0.0,0.0,0.0,0.5,8.5,9.0
RF.DDG.02,2026-10-06 10:15,0.0,0.0,0.0,1.0,34.5,37.5
RF.DST.01,2026-10-06 10:15,0.0,0.0,0.0,0.5,9.0,12.5
RF.DST.02,2026-10-06 10:15,0.0,0.0,0.0,0.5,7.5,11.0
RF.HKG.01,2026-10-06 10:15,0.0,0.0,0.0,1.0,57.5,57.5
RF.HKG.02,2026-10-06 10:15,0.0,0.0,0.0,1.0,47.5,47.5
RF.JTG.01,2026-10-06 10:15,0.0,0.0,0.0,0.0,67.5,67.5
RF.JTG.02,2026-10-06 10:15,0.0,0.0,0.0,0.0,51.0,51.0
RF.JTG.03,2026-10-06 10:15,0.0,0.0,0.0,0.5,48.5,48.5
RF.KSN.01,2026-10-06 10:15,0.0,0.0,0.0,1.0,51.0,51.0
RF.KSN.02,2026-10-06 10:15,0.0,0.0,0.0,0.5,43.5,43.5
RF.KTY.01,2026-10-06 10:15,0.0,0.0,0.0,1.5,20.0,37.0
RF.KTY.02,2026-10-06 10:15,0.0,0.0,0.0,1.0,33.5,43.5
RF.KTY.03,2026-10-06 10:15,0.0,0.0,0.0,2.5,16.5,26.0
RF.KTY.04,2026-10-06 10:15,0.0,0.0,0.0,2.0,15.5,25.5
RF.KTY.05,2026-10-06 10:15,0.0,0.0,0.0,1.0,46.5,64.5
RF.LKB.02,2026-10-06 10:15,3.5,3.5,3.5,7.0,15.5,15.5
RF.LKB.04,2026-10-06 10:15,2.0,12.5,12.5,13.5,13.5,34.5
RF.LPW.01,2026-10-06 10:15,0.0,0.0,0.0,0.0,0.0,0.0
RF.LSI.01,2026-10-06 10:15,0.0,0.0,0.0,0.5,15.0,28.0
RF.LSI.03,2026-10-06 10:15,0.0,0.0,0.0,1.0,3.0,18.0
RF.MBR.01,2026-10-06 10:15,0.5,0.5,0.5,2.0,24.0,24.0
RF.NJK.02,2026-10-06 10:15,1.5,9.5,9.5,10.0,12.5,12.5
RF.NJK.03,2026-10-06 10:15,7.0,29.5,29.5,30.0,30.0,30.0
RF.NJK.07,2026-10-06 10:15,24.0,43.0,43.0,43.5,46.5,49.0
RF.NKM.01,2026-10-06 10:15,0.0,0.0,0.0,0.0,0.0,0.0
RF.NKM.02,2026-10-06 10:15,0.0,0.0,0.0,0.5,0.5,0.5
RF.PKN.01,2026-10-06 10:15,0.0,0.0,0.0,5.5,19.5,37.5
RF.PKN.02,2026-10-06 10:15,0.0,0.0,0.0,1.5,10.5,18.0
RF.PKN.03,2026-10-06 10:15,0.0,0.0,0.0,1.5,4.0,7.0
RF.PKN.04,2026-10-06 10:15,0.0,0.0,0.0,0.5,6.0,11.0
RF.PNK.02,2026-10-06 10:15,0.0,0.0,0.0,0.5,18.5,26.5
RF.PNK.03,2026-10-06 10:15,0.0,0.0,0.0,0.0,31.0,31.0
RF.PPS.01,2026-10-06 10:15,0.0,0.0,0.0,1.0,40.5,50.0
RF.PSC.01,2026-10-06 10:15,0.0,0.0,0.0,0.5,2.5,2.5
RF.PSC.03,2026-10-06 10:15,0.0,0.0,0.0,0.0,1.0,1.0
RF.PSC.04,2026-10-06 10:15,0.0,0.0,0.0,0.5,6.0,6.0
RF.PSC.05,2026-10-06 10:15,0.0,0.0,0.0,0.5,8.5,8.5
RF.PTW.01,2026-10-06 10:15,0.0,0.0,0.0,0.0,0.0,0.0
RF.PTW.02,2026-10-06 10:15,0.0,0.0,0.5,1.5,48.0,59.5
RF.PWT.01,2026-10-06 10:15,0.0,0.5,0.5,3.0,14.5,14.5
RF.PWT.02,2026-10-06 10:15,0.0,1.0,1.0,2.5,12.0,12.0
RF.PWT.03,2026-10-06 10:15,0.0,0.0,0.0,2.5,10.5,10.5
RF.PYT.01,2026-10-06 10:15,0.0,0.0,0.5,1.0,30.0,33.5
RF.RBN.01,2026-10-06 10:15,0.0,0.0,0.0,1.0,58.5,58.5
RF.RBN.02,2026-10-06 10:15,0.0,0.0,0.0,1.0,51.5,52.5
RF.RTW.01,2026-10-06 10:15,0.0,0.0,0.0,1.0,50.0,61.5
RF.RTW.03,2026-10-06 10:15,0.0,0.0,0.5,1.5,43.5,54.5
RF.SLG.01,2026-10-06 10:15,0.0,0.0,0.0,2.0,18.0,21.0
RF.SLG.02,2026-10-06 10:15,0.0,0.0,0.0,1.5,17.0,19.5
RF.SMI.01,2026-10-06 10:15,0.0,0.0,0.0,1.0,2.0,2.0
RF.SMI.02,2026-10-06 10:15,0.0,0.0,0.0,0.5,46.5,75.0
RF.SMI.03,2026-10-06 10:15,0.0,2.0,2.0,2.5,18.0,18.0
RF.SMI.04,2026-10-06 10:15,0.0,0.0,0.0,0.5,56.5,99.0
RF.SPK.01,2026-10-06 10:15,0.0,0.0,0.0,1.5,5.0,5.0
RF.SPW.01,2026-10-06 10:15,0.0,0.0,0.0,0.5,53.5,54.0
RF.STN.01,2026-10-06 10:15,0.0,0.0,0.0,1.0,39.5,48.0
RF.STN.02,2026-10-06 10:15,0.0,0.0,0.0,1.0,41.0,41.5
RF.TBR.01,2026-10-06 10:15,0.0,0.0,0.0,0.5,20.5,20.5
RF.TBR.02,2026-10-06 10:15,0.0,0.0,0.0,0.5,45.5,46.0
RF.TBR.03,2026-10-06 10:15,0.0,0.0,0.5,0.5,70.0,70.0
RF.TKU.01,2026-10-06 10:15,0.0,0.0,0.5,1.0,18.0,18.0
RF.TKU.02,2026-10-06 10:15,0.0,0.0,0.0,0.5,32.5,32.5
RF.TLC.01,2026-10-06 10:15,0.0,0.0,0.0,0.5,7.5,7.5
RF.TLC.02,2026-10-06 10:15,0.0,0.0,0.0,0.0,8.0,8.0
RF.TLC.03,2026-10-06 10:15,0.0,0.0,0.0,0.5,10.5,11.0
RF.TWW.01,2026-10-06 10:15,0.0,0.0,0.0,0.0,2.5,2.5
RF.TWW.02,2026-10-06 10:15,0.0,0.0,0.0,0.0,0.0,0.0
RF.TWW.03,2026-10-06 10:15,0.0,0.0,0.0,0.5,2.5,2.5
RF.TWW.04,2026-10-06 10:15,0.0,0.0,0.0,0.0,0.0,0.0
RF.WTL.01,2026-10-06 10:15,0.0,0.0,0.0,2.0,40.5,40.5
RF.WTL.02,2026-10-06 10:15,0.0,0.0,0.0,1.0,54.5,56.0
RF.WTL.03,2026-10-06 10:15,0.0,0.0,0.0,1.5,28.0,28.0
RF.WTN.02,2026-10-06 10:15,0.0,0.0,0.0,1.0,57.5,58.0
RF.YNW.01,2026-10-06 10:15,0.0,0.0,0.0,1.0,24.5,43.5
RF.YNW.02,2026-10-06 10:15,0.0,0.0,0.0,1.0,20.5,31.5
RF.YNW.03,2026-10-06 10:15,0.0,0.0,0.0,1.0,24.5,29.0
RF.PNK.01,2026-10-06 11:10,0.0,0.0,0.0,0.5,24.0,25.0
RF.SPS.01,2026-10-06 11:10,1.0,4.5,13.5,13.5,45.5,45.5
RF.BBN.01,2026-10-06 11:15,1.5,1.5,1.5,3.0,16.0,16.0
RF.BBN.02,2026-10-06 11:15,0.5,0.5,0.5,1.0,14.5,14.5
RF.BKA.01,2026-10-06 11:15,0.5,1.5,1.5,1.5,2.5,17.0
RF.BKA.02,2026-10-06 11:15,5.5,10.5,11.0,11.0,12.5,56.5
RF.BKE.01,2026-10-06 11:15,0.0,0.0,0.0,0.0,7.5,7.5
RF.BKE.02,2026-10-06 11:15,0.0,0.0,0.0,0.0,5.0,5.0
RF.BKE.03,2026-10-06 11:15,0.0,0.0,0.5,0.5,0.5,0.5
RF.BKE.04,2026-10-06 11:15,0.0,0.0,0.0,0.0,0.0,0.0
RF.BKL.02,2026-10-06 11:15,0.0,0.0,0.0,0.0,52.0,60.5
RF.BKM.01,2026-10-06 11:15,3.5,5.0,11.5,11.5,33.5,33.5
RF.BKN.01,2026-10-06 11:15,0.0,0.0,0.0,0.5,12.5,12.5
RF.BKN.02,2026-10-06 11:15,0.0,0.0,0.0,0.0,16.0,16.0
RF.BKP.02,2026-10-06 11:15,0.0,0.0,1.0,1.0,41.5,41.5
RF.BKT.01,2026-10-06 11:15,0.0,0.0,0.0,0.5,47.0,47.0
RF.BKT.02,2026-10-06 11:15,0.0,0.0,0.0,1.0,3.5,3.5
RF.BKT.03,2026-10-06 11:15,0.5,0.5,0.5,1.5,7.5,7.5
RF.BKT.04,2026-10-06 11:15,0.0,0.0,0.0,0.0,41.0,41.0
RF.BKT.05,2026-10-06 11:15,0.0,0.0,0.0,0.0,61.0,61.0
RF.BKY.01,2026-10-06 11:15,0.0,0.0,0.0,0.0,13.0,13.0
RF.BKY.02,2026-10-06 11:15,0.0,0.0,0.0,0.0,25.5,25.5
RF.BNA.01,2026-10-06 11:15,10.0,12.0,12.0,12.0,16.0,18.0
RF.BNA.02,2026-10-06 11:15,5.5,6.5,6.5,6.5,11.5,12.0
RF.BNA.03,2026-10-06 11:15,1.5,6.5,6.5,6.5,12.0,12.0
RF.BPD.01,2026-10-06 11:15,0.5,0.5,1.0,1.0,10.5,10.5
RF.BRK.01,2026-10-06 11:15,0.0,0.0,0.0,0.5,47.0,51.5
RF.BRK.02,2026-10-06 11:15,0.0,0.0,0.5,0.5,55.0,55.0
RF.BSU.01,2026-10-06 11:15,0.0,0.0,0.0,0.0,12.0,12.0
RF.BSU.02,2026-10-06 11:15,6.0,6.0,6.0,6.0,27.0,27.0
RF.BSU.03,2026-10-06 11:15,0.0,0.0,0.0,0.0,12.5,12.5
RF.CTC.01,2026-10-06 11:15,0.5,0.5,0.5,0.5,39.5,40.5
RF.CTC.02,2026-10-06 11:15,0.0,0.0,0.0,0.0,13.5,14.0
RF.CTC.03,2026-10-06 11:15,10.5,11.0,11.0,11.0,19.5,20.0
RF.DDG.02,2026-10-06 11:15,0.0,0.0,0.0,0.5,34.5,37.5
RF.DST.01,2026-10-06 11:15,0.0,0.0,0.0,0.0,9.0,12.5
RF.DST.02,2026-10-06 11:15,0.0,0.0,0.0,0.0,7.5,11.0
RF.HKG.01,2026-10-06 11:15,1.5,1.5,1.5,1.5,59.0,59.0
RF.HKG.02,2026-10-06 11:15,0.5,0.5,0.5,0.5,48.0,48.0
RF.JTG.01,2026-10-06 11:15,0.0,0.0,0.0,0.0,67.5,67.5
RF.JTG.02,2026-10-06 11:15,0.0,0.0,0.0,0.0,51.0,51.0
RF.JTG.03,2026-10-06 11:15,0.0,0.0,0.0,0.5,48.5,48.5
RF.KNY.02,2026-10-06 11:15,2.0,15.0,15.0,15.0,26.5,28.5
RF.KSN.01,2026-10-06 11:15,0.0,0.0,0.0,0.5,51.0,51.0
RF.KSN.02,2026-10-06 11:15,0.0,0.0,0.0,0.0,43.5,43.5
RF.KSW.01,2026-10-06 11:15,2.0,17.0,17.0,17.0,54.0,54.0
RF.KSW.02,2026-10-06 11:15,3.0,21.5,23.5,23.5,72.0,72.0
RF.KTY.01,2026-10-06 11:15,4.0,4.5,4.5,5.0,24.5,41.5
RF.KTY.02,2026-10-06 11:15,5.0,5.0,5.0,5.0,38.5,48.5
RF.KTY.03,2026-10-06 11:15,2.5,3.5,3.5,5.0,20.0,29.5
RF.KTY.04,2026-10-06 11:15,3.0,3.5,3.5,4.5,19.0,29.0
RF.KTY.05,2026-10-06 11:15,0.5,0.5,0.5,0.5,47.0,65.0
RF.LKB.02,2026-10-06 11:15,0.5,6.0,9.5,11.5,21.5,21.5
RF.LKB.04,2026-10-06 11:15,0.0,0.5,13.0,13.5,14.0,35.0
RF.LPW.01,2026-10-06 11:15,0.0,0.0,0.0,0.0,0.0,0.0
RF.LSI.01,2026-10-06 11:15,0.0,2.0,2.0,2.0,17.0,30.0
RF.LSI.03,2026-10-06 11:15,3.5,7.5,7.5,7.5,10.5,25.5
RF.MBR.01,2026-10-06 11:15,1.0,26.5,27.0,27.0,50.5,50.5
RF.MBR.02,2026-10-06 11:15,1.5,39.5,42.5,42.5,68.5,68.5
RF.MBR.03,2026-10-06 11:15,0.0,56.5,57.5,57.5,76.5,76.5
RF.MBR.05,2026-10-06 11:15,0.0,0.0,1.5,1.5,1.5,1.5
RF.NJK.01,2026-10-06 11:15,0.0,0.0,17.0,17.0,19.0,19.0
RF.NJK.02,2026-10-06 11:15,0.0,0.0,9.5,9.5,12.5,12.5
RF.NJK.03,2026-10-06 11:15,0.0,8.5,38.0,38.0,38.5,38.5
RF.NJK.05,2026-10-06 11:15,0.0,0.0,0.0,0.0,0.0,0.0
RF.NJK.06,2026-10-06 11:15,0.0,0.0,0.0,0.5,9.0,9.0
RF.NJK.07,2026-10-06 11:15,1.5,16.0,59.0,59.0,62.5,65.0
RF.NKM.01,2026-10-06 11:15,0.0,0.0,0.0,0.0,0.0,0.0
RF.NKM.02,2026-10-06 11:15,0.0,0.0,0.0,0.5,0.5,0.5
RF.PKN.01,2026-10-06 11:15,3.5,6.5,6.5,10.5,26.0,44.0
RF.PKN.02,2026-10-06 11:15,8.5,13.5,13.5,13.5,24.0,31.5
RF.PKN.03,2026-10-06 11:15,9.0,11.5,11.5,11.5,15.5,18.5
RF.PKN.04,2026-10-06 11:15,11.0,14.5,14.5,14.5,20.5,25.5
RF.PNK.02,2026-10-06 11:15,0.0,0.0,0.0,0.0,18.5,26.5
RF.PNK.03,2026-10-06 11:15,0.0,0.0,0.0,0.0,31.0,31.0
RF.PPS.01,2026-10-06 11:15,0.0,0.0,0.0,0.0,40.5,50.0
RF.PSC.01,2026-10-06 11:15,0.0,0.0,0.0,0.5,2.5,2.5
RF.PSC.03,2026-10-06 11:15,0.0,0.0,0.0,0.0,1.0,1.0
RF.PSC.04,2026-10-06 11:15,0.0,0.0,0.0,0.0,6.0,6.0
RF.PSC.05,2026-10-06 11:15,0.0,0.0,0.0,0.0,8.5,8.5
RF.PTW.01,2026-10-06 11:15,0.0,0.0,0.0,0.0,0.0,0.0
RF.PWT.01,2026-10-06 11:15,2.5,18.5,19.0,19.0,33.0,33.0
RF.PWT.02,2026-10-06 11:15,0.0,18.0,19.0,19.0,30.0,30.0
RF.PWT.03,2026-10-06 11:15,10.0,28.0,28.0,28.5,38.5,38.5
RF.PYT.01,2026-10-06 11:15,0.5,0.5,0.5,1.0,30.5,34.0
RF.RBN.01,2026-10-06 11:15,0.0,0.0,0.0,0.0,58.5,58.5
RF.RBN.02,2026-10-06 11:15,1.0,1.0,1.0,1.0,52.5,53.5
RF.RTW.01,2026-10-06 11:15,0.0,0.0,0.0,0.0,50.0,61.5
RF.RTW.03,2026-10-06 11:15,0.0,0.0,0.0,0.5,43.5,54.5
RF.SLG.01,2026-10-06 11:15,2.0,18.5,18.5,18.5,36.5,39.5
RF.SLG.02,2026-10-06 11:15,7.0,22.0,22.0,22.5,39.0,41.5
RF.SMI.01,2026-10-06 11:15,3.0,17.5,17.5,17.5,19.5,19.5
RF.SMI.02,2026-10-06 11:15,0.5,2.0,2.0,2.0,48.5,77.0
RF.SMI.03,2026-10-06 11:15,0.5,5.5,7.5,7.5,23.5,23.5
RF.SMI.04,2026-10-06 11:15,0.0,1.5,1.5,1.5,58.0,100.5
RF.SPK.01,2026-10-06 11:15,0.0,0.5,0.5,0.5,5.5,5.5
RF.SPS.02,2026-10-06 11:15,1.0,13.5,14.0,14.0,30.0,30.0
RF.SPW.01,2026-10-06 11:15,0.0,0.5,0.5,0.5,54.0,54.5
RF.STN.01,2026-10-06 11:15,1.0,1.0,1.0,1.0,40.5,49.0
RF.STN.02,2026-10-06 11:15,1.0,1.0,1.0,1.0,42.0,42.5
RF.TBR.01,2026-10-06 11:15,0.0,0.0,0.0,0.0,20.5,20.5
RF.TBR.02,2026-10-06 11:15,0.0,0.5,0.5,0.5,46.0,46.5
RF.TBR.03,2026-10-06 11:15,0.0,0.0,0.0,0.5,70.0,70.0
RF.TKU.01,2026-10-06 11:15,1.0,1.0,1.0,1.5,19.0,19.0
RF.TKU.02,2026-10-06 11:15,0.0,0.0,0.0,0.5,32.5,32.5
RF.TLC.01,2026-10-06 11:15,0.0,0.0,0.0,0.0,7.5,7.5
RF.TLC.02,2026-10-06 11:15,0.0,0.0,0.0,0.0,8.0,8.0
RF.TLC.03,2026-10-06 11:15,0.0,0.0,0.0,0.0,10.5,10.5
RF.TWW.01,2026-10-06 11:15,0.0,0.0,0.0,0.0,2.5,2.5
RF.TWW.02,2026-10-06 11:15,0.0,0.5,0.5,0.5,0.5,0.5
RF.TWW.03,2026-10-06 11:15,0.0,0.0,0.0,0.5,2.5,2.5
RF.TWW.04,2026-10-06 11:15,0.0,0.0,0.0,0.0,0.0,0.0
RF.WTL.01,2026-10-06 11:15,0.0,0.0,0.0,0.5,40.5,40.5
RF.WTL.02,2026-10-06 11:15,0.5,0.5,0.5,0.5,55.0,56.5
RF.WTL.03,2026-10-06 11:15,0.0,0.0,0.0,0.0,28.0,28.0
RF.WTN.02,2026-10-06 11:15,1.0,1.0,1.0,1.0,58.5,59.0
RF.YNW.01,2026-10-06 11:15,3.5,3.5,3.5,4.0,28.0,47.0
RF.YNW.02,2026-10-06 11:15,4.5,4.5,4.5,5.0,25.0,36.0
RF.YNW.03,2026-10-06 11:15,1.0,1.0,1.0,1.5,25.5,30.0
RF.BKT.04,2026-10-06 12:10,1.0,4.0,4.0,4.0,45.0,45.0
RF.BBN.01,2026-10-06 12:15,2.5,35.0,36.5,37.5,51.0,51.0
RF.BBN.02,2026-10-06 12:15,3.0,22.0,22.5,22.5,36.5,36.5
RF.BKA.01,2026-10-06 12:15,0.0,0.5,2.0,2.0,3.0,17.5
RF.BKA.02,2026-10-06 12:15,0.0,1.0,12.0,12.0,13.5,57.5
RF.BKE.01,2026-10-06 12:15,7.0,8.5,8.5,8.5,16.0,16.0
RF.BKE.02,2026-10-06 12:15,0.5,0.5,0.5,0.5,5.5,5.5
RF.BKE.03,2026-10-06 12:15,8.0,15.5,15.5,16.0,16.0,16.0
RF.BKE.04,2026-10-06 12:15,5.5,16.0,16.0,16.0,16.0,16.0
RF.BKL.02,2026-10-06 12:15,0.0,1.0,1.0,1.0,53.0,60.0
RF.BKM.01,2026-10-06 12:15,0.0,2.0,13.5,13.5,35.5,35.5
RF.BKN.01,2026-10-06 12:15,0.5,1.5,1.5,2.0,14.0,14.0
RF.BKN.02,2026-10-06 12:15,0.0,1.0,1.0,1.0,17.0,17.0
RF.BKP.02,2026-10-06 12:15,0.0,0.5,1.5,1.5,42.0,42.0
RF.BKT.01,2026-10-06 12:15,0.0,10.0,10.0,10.5,57.0,57.0
RF.BKT.02,2026-10-06 12:15,0.5,19.5,19.5,20.0,23.0,23.0
RF.BKT.03,2026-10-06 12:15,2.0,40.5,41.0,41.5,48.0,48.0
RF.BKT.05,2026-10-06 12:15,0.0,3.0,3.0,3.0,64.0,64.0
RF.BKY.01,2026-10-06 12:15,0.5,0.5,0.5,0.5,13.5,13.5
RF.BKY.02,2026-10-06 12:15,0.0,3.0,3.0,3.0,28.5,28.5
RF.BNA.01,2026-10-06 12:15,0.0,2.0,14.0,14.0,18.0,19.0
RF.BNA.02,2026-10-06 12:15,0.0,2.0,8.5,8.5,13.5,14.0
RF.BNA.03,2026-10-06 12:15,0.0,3.0,9.5,9.5,15.0,15.0
RF.BPD.01,2026-10-06 12:15,0.5,2.5,3.5,3.5,13.0,13.0
RF.BRK.01,2026-10-06 12:15,0.0,0.0,0.0,0.5,47.0,51.0
RF.BRK.02,2026-10-06 12:15,0.0,0.0,0.0,0.5,55.0,55.0
RF.BSU.01,2026-10-06 12:15,0.5,3.0,3.0,3.0,15.0,15.0
RF.BSU.02,2026-10-06 12:15,0.5,7.0,13.0,13.0,34.0,34.0
RF.BSU.03,2026-10-06 12:15,0.5,5.0,5.0,5.0,17.5,17.5
RF.CTC.01,2026-10-06 12:15,0.0,2.0,2.5,2.5,41.5,42.5
RF.CTC.02,2026-10-06 12:15,0.0,0.0,0.0,0.0,13.5,14.0
RF.CTC.03,2026-10-06 12:15,0.0,9.5,20.5,20.5,29.0,29.5
RF.DDG.02,2026-10-06 12:15,0.0,0.0,0.0,0.0,34.5,37.5
RF.DST.01,2026-10-06 12:15,0.0,0.0,0.0,0.0,9.0,12.5
RF.DST.02,2026-10-06 12:15,0.0,2.0,2.0,2.0,9.5,13.0
RF.HKG.01,2026-10-06 12:15,0.0,0.5,2.0,2.0,59.5,59.5
RF.HKG.02,2026-10-06 12:15,0.0,0.0,0.5,0.5,48.0,48.0
RF.JTG.01,2026-10-06 12:15,0.0,4.0,4.0,4.0,71.5,71.5
RF.JTG.02,2026-10-06 12:15,1.0,1.0,1.0,1.0,52.0,52.0
RF.JTG.03,2026-10-06 12:15,0.0,6.0,6.0,6.0,54.5,54.5
RF.KNY.02,2026-10-06 12:15,0.0,1.0,16.0,16.0,27.5,29.5
RF.KSN.01,2026-10-06 12:15,0.0,0.0,0.0,0.0,51.0,51.0
RF.KSN.02,2026-10-06 12:15,0.0,1.0,1.0,1.0,44.5,44.5
RF.KSW.01,2026-10-06 12:15,0.0,0.5,17.5,17.5,54.5,54.5
RF.KSW.02,2026-10-06 12:15,0.0,0.5,24.0,24.0,72.5,72.5
RF.KTY.01,2026-10-06 12:15,0.0,1.0,5.5,5.5,25.5,28.0
RF.KTY.02,2026-10-06 12:15,0.0,3.0,8.0,8.0,41.5,43.0
RF.KTY.03,2026-10-06 12:15,0.0,1.0,4.5,4.5,21.0,23.5
RF.KTY.04,2026-10-06 12:15,0.0,0.5,4.0,4.0,19.5,21.5
RF.KTY.05,2026-10-06 12:15,0.0,0.5,1.0,1.0,47.5,48.0
RF.LKB.02,2026-10-06 12:15,0.0,0.0,9.5,9.5,21.5,21.5
RF.LKB.04,2026-10-06 12:15,0.0,0.0,13.0,13.0,14.0,35.0
RF.LPW.01,2026-10-06 12:15,0.0,0.0,0.0,0.0,0.0,0.0
RF.LSI.01,2026-10-06 12:15,0.0,0.0,2.0,2.0,17.0,30.0
RF.LSI.03,2026-10-06 12:15,0.0,1.5,9.0,9.0,12.0,27.0
RF.MBR.01,2026-10-06 12:15,0.5,1.0,28.0,28.0,51.5,51.5
RF.MBR.02,2026-10-06 12:15,0.5,1.5,44.0,44.0,70.0,70.0
RF.MBR.03,2026-10-06 12:15,0.0,0.5,58.0,58.0,77.0,77.0
RF.MBR.05,2026-10-06 12:15,0.0,0.0,1.5,1.5,1.5,1.5
RF.NJK.01,2026-10-06 12:15,0.5,0.5,17.5,17.5,19.5,19.5
RF.NJK.02,2026-10-06 12:15,0.5,0.5,10.0,10.0,13.0,13.0
RF.NJK.03,2026-10-06 12:15,0.5,1.0,39.0,39.0,39.5,39.5
RF.NJK.05,2026-10-06 12:15,0.0,0.0,0.0,0.0,0.0,0.0
RF.NJK.06,2026-10-06 12:15,0.0,0.0,0.0,0.0,9.0,9.0
RF.NJK.07,2026-10-06 12:15,0.5,0.5,59.5,59.5,63.0,65.5
RF.NKM.01,2026-10-06 12:15,4.5,12.0,12.0,12.0,12.0,12.0
RF.NKM.02,2026-10-06 12:15,3.5,7.0,7.0,7.5,7.5,7.5
RF.PKN.01,2026-10-06 12:15,0.0,2.0,8.5,8.5,28.0,39.5
RF.PKN.02,2026-10-06 12:15,0.0,1.5,15.0,15.0,25.5,28.5
RF.PKN.03,2026-10-06 12:15,0.0,1.5,13.0,13.0,17.0,18.0
RF.PKN.04,2026-10-06 12:15,0.0,1.5,16.0,16.0,22.0,24.0
RF.PNK.01,2026-10-06 12:15,0.0,0.0,0.0,0.5,24.0,25.0
RF.PNK.02,2026-10-06 12:15,0.5,0.5,0.5,0.5,19.0,27.0
RF.PNK.03,2026-10-06 12:15,0.0,2.0,2.0,2.0,33.0,33.0
RF.PPS.01,2026-10-06 12:15,0.0,0.0,0.0,0.0,40.5,50.0
RF.PSC.01,2026-10-06 12:15,0.5,0.5,0.5,1.0,3.0,3.0
RF.PSC.03,2026-10-06 12:15,0.5,3.0,3.0,3.0,4.0,4.0
RF.PSC.04,2026-10-06 12:15,1.0,1.0,1.0,1.0,7.0,7.0
RF.PSC.05,2026-10-06 12:15,1.0,4.5,4.5,4.5,13.0,13.0
RF.PTW.01,2026-10-06 12:15,0.0,0.0,0.0,0.0,0.0,0.0
RF.PTW.02,2026-10-06 12:15,0.0,0.0,0.0,0.5,48.0,55.0
RF.PWT.01,2026-10-06 12:15,0.5,1.0,20.0,20.0,34.0,34.0
RF.PWT.02,2026-10-06 12:15,0.0,1.0,20.0,20.0,31.0,31.0
RF.PWT.03,2026-10-06 12:15,0.0,1.5,29.5,29.5,40.0,40.0
RF.PYT.01,2026-10-06 12:15,0.0,1.0,1.5,2.0,31.5,35.0
RF.RBN.01,2026-10-06 12:15,0.0,1.5,1.5,1.5,60.0,60.0
RF.RBN.02,2026-10-06 12:15,0.0,1.0,2.0,2.0,53.5,54.5
RF.RTW.01,2026-10-06 12:15,0.0,0.0,0.0,0.0,50.0,59.5
RF.RTW.03,2026-10-06 12:15,0.0,0.0,0.0,0.5,43.5,47.5
RF.SLG.01,2026-10-06 12:15,0.0,0.0,18.5,18.5,36.5,39.5
RF.SLG.02,2026-10-06 12:15,0.0,0.5,22.5,22.5,39.5,42.0
RF.SMI.01,2026-10-06 12:15,0.5,1.0,18.5,18.5,20.5,20.5
RF.SMI.02,2026-10-06 12:15,0.0,0.5,2.5,2.5,49.0,77.5
RF.SMI.03,2026-10-06 12:15,0.5,1.0,8.5,8.5,24.5,24.5
RF.SMI.04,2026-10-06 12:15,0.0,2.0,3.5,3.5,60.0,102.5
RF.SPK.01,2026-10-06 12:15,0.0,1.0,1.5,1.5,6.5,6.5
RF.SPS.01,2026-10-06 12:15,0.0,1.5,16.0,16.0,48.0,48.0
RF.SPS.02,2026-10-06 12:15,0.0,1.0,15.0,15.0,31.0,31.0
RF.SPW.01,2026-10-06 12:15,0.0,0.0,0.5,0.5,54.0,54.5
RF.STN.01,2026-10-06 12:15,0.0,1.0,2.0,2.0,41.5,44.5
RF.STN.02,2026-10-06 12:15,0.0,1.0,2.0,2.0,43.0,43.5
RF.TBR.01,2026-10-06 12:15,0.5,0.5,0.5,0.5,21.0,21.0
RF.TBR.02,2026-10-06 12:15,0.0,1.0,1.5,1.5,47.0,47.5
RF.TBR.03,2026-10-06 12:15,0.0,2.5,2.5,3.0,72.5,72.5
RF.TKU.01,2026-10-06 12:15,0.0,0.5,1.5,2.0,19.5,19.5
RF.TKU.02,2026-10-06 12:15,0.0,0.0,0.0,0.0,32.5,32.5
RF.TLC.01,2026-10-06 12:15,0.5,3.0,3.0,3.0,10.5,10.5
RF.TLC.02,2026-10-06 12:15,1.0,11.0,11.0,11.0,19.0,19.0
RF.TLC.03,2026-10-06 12:15,0.0,4.0,4.0,4.0,14.5,14.5
RF.TWW.01,2026-10-06 12:15,15.5,38.5,38.5,38.5,41.0,41.0
RF.TWW.02,2026-10-06 12:15,4.5,10.0,10.5,10.5,10.5,10.5
RF.TWW.03,2026-10-06 12:15,2.0,17.0,17.0,17.0,19.5,19.5
RF.TWW.04,2026-10-06 12:15,8.5,29.5,29.5,29.5,29.5,29.5
RF.WTL.01,2026-10-06 12:15,0.0,0.0,0.0,0.5,40.5,40.5
RF.WTL.02,2026-10-06 12:15,0.0,0.5,1.0,1.0,55.5,57.0
RF.WTL.03,2026-10-06 12:15,0.0,0.5,0.5,0.5,28.5,28.5
RF.WTN.02,2026-10-06 12:15,0.0,0.0,1.0,1.0,58.5,58.5
RF.YNW.01,2026-10-06 12:15,0.0,6.0,9.5,9.5,34.0,37.0
RF.YNW.02,2026-10-06 12:15,0.0,6.5,11.0,11.0,31.5,33.5
RF.YNW.03,2026-10-06 12:15,0.0,1.5,2.5,2.5,27.0,30.0
RF.PNK.01,2026-10-06 13:10,0.0,0.0,0.0,0.5,24.0,24.0
RF.SPS.01,2026-10-06 13:10,0.5,1.5,8.5,17.5,49.5,49.5
RF.BBN.01,2026-10-06 13:15,0.5,4.0,40.5,40.5,55.0,55.0
RF.BBN.02,2026-10-06 13:15,0.5,3.5,26.0,26.0,40.0,40.0
RF.BKA.01,2026-10-06 13:15,0.5,1.0,3.0,3.0,4.0,9.0
RF.BKA.02,2026-10-06 13:15,0.0,0.5,12.0,12.5,14.0,18.5
RF.BKE.01,2026-10-06 13:15,0.0,9.5,18.0,18.0,25.5,25.5
RF.BKE.02,2026-10-06 13:15,0.0,3.0,3.5,3.5,8.5,8.5
RF.BKE.03,2026-10-06 13:15,0.5,14.0,29.5,30.0,30.0,30.0
RF.BKE.04,2026-10-06 13:15,0.0,11.0,27.0,27.0,27.0,27.0
RF.BKL.02,2026-10-06 13:15,0.0,0.5,1.5,1.5,53.5,53.5
RF.BKM.01,2026-10-06 13:15,0.0,1.0,8.0,14.5,36.5,36.5
RF.BKN.01,2026-10-06 13:15,0.0,0.5,2.0,2.5,14.5,14.5
RF.BKN.02,2026-10-06 13:15,0.0,0.0,1.0,1.0,17.0,17.0
RF.BKP.02,2026-10-06 13:15,0.5,1.5,2.0,3.0,43.5,43.5
RF.BKT.01,2026-10-06 13:15,0.5,3.0,13.0,13.0,60.0,60.0
RF.BKT.02,2026-10-06 13:15,0.5,0.5,20.0,20.0,23.5,23.5
RF.BKT.03,2026-10-06 13:15,0.0,0.5,41.5,41.5,48.5,48.5
RF.BKT.04,2026-10-06 13:15,0.5,2.0,6.0,6.0,47.0,47.0
RF.BKT.05,2026-10-06 13:15,0.0,1.5,4.5,4.5,65.5,65.5
RF.BKY.01,2026-10-06 13:15,0.0,0.5,1.0,1.0,14.0,14.0
RF.BKY.02,2026-10-06 13:15,0.5,0.5,3.5,3.5,29.0,29.0
RF.BNA.01,2026-10-06 13:15,0.5,0.5,14.5,14.5,18.5,19.0
RF.BNA.02,2026-10-06 13:15,0.0,0.0,8.5,8.5,13.5,13.5
RF.BNA.03,2026-10-06 13:15,0.0,0.5,10.0,10.0,15.5,15.5
RF.BPD.01,2026-10-06 13:15,0.0,0.0,3.0,3.5,13.0,13.0
RF.BRK.01,2026-10-06 13:15,0.5,0.5,0.5,1.0,47.5,47.5
RF.BRK.02,2026-10-06 13:15,0.0,0.0,0.0,0.5,55.0,55.0
RF.BSU.01,2026-10-06 13:15,0.0,0.0,3.0,3.0,15.0,15.0
RF.BSU.02,2026-10-06 13:15,0.5,0.5,13.5,13.5,34.5,34.5
RF.BSU.03,2026-10-06 13:15,0.0,0.5,5.5,5.5,18.0,18.0
RF.CTC.01,2026-10-06 13:15,1.0,1.0,3.5,3.5,42.5,43.5
RF.CTC.02,2026-10-06 13:15,0.0,0.0,0.0,0.0,13.5,14.0
RF.CTC.03,2026-10-06 13:15,0.5,0.5,21.0,21.0,29.5,30.0
RF.DDG.02,2026-10-06 13:15,0.0,0.0,0.0,0.0,34.5,34.5
RF.DST.01,2026-10-06 13:15,0.5,0.5,0.5,0.5,9.5,9.5
RF.DST.02,2026-10-06 13:15,0.5,0.5,2.5,2.5,10.0,10.0
RF.HKG.01,2026-10-06 13:15,0.0,0.0,2.0,2.0,35.5,59.5
RF.HKG.02,2026-10-06 13:15,0.5,0.5,1.0,1.0,48.5,48.5
RF.JTG.01,2026-10-06 13:15,0.0,0.0,4.0,4.0,71.5,71.5
RF.JTG.02,2026-10-06 13:15,0.0,0.5,1.5,1.5,52.5,52.5
RF.JTG.03,2026-10-06 13:15,0.0,1.5,7.5,7.5,56.0,56.0
RF.KNY.02,2026-10-06 13:15,0.5,2.0,18.0,18.0,29.5,30.0
RF.KSN.01,2026-10-06 13:15,0.5,0.5,0.5,0.5,51.5,51.5
RF.KSN.02,2026-10-06 13:15,0.0,0.5,1.5,1.5,45.0,45.0
RF.KSW.01,2026-10-06 13:15,0.0,0.0,17.5,17.5,54.5,54.5
RF.KSW.02,2026-10-06 13:15,0.0,2.0,24.0,26.0,74.5,74.5
RF.KTY.01,2026-10-06 13:15,0.0,0.0,5.5,5.5,25.5,27.5
RF.KTY.02,2026-10-06 13:15,0.0,0.5,8.5,8.5,42.0,42.0
RF.KTY.04,2026-10-06 13:15,0.0,0.0,4.0,4.0,19.5,21.5
RF.KTY.05,2026-10-06 13:15,0.5,0.5,1.5,1.5,48.0,48.0
RF.LKB.02,2026-10-06 13:15,0.0,1.5,7.5,11.0,23.0,23.0
RF.LKB.04,2026-10-06 13:15,0.0,0.5,1.0,13.5,14.5,35.5
RF.LPW.01,2026-10-06 13:15,0.0,0.0,0.0,0.0,0.0,0.0
RF.LSI.01,2026-10-06 13:15,0.0,1.0,3.0,3.0,18.0,22.5
RF.LSI.03,2026-10-06 13:15,0.5,1.0,10.0,10.0,13.0,23.0
RF.MBR.01,2026-10-06 13:15,0.5,1.5,29.0,29.5,53.0,53.0
RF.MBR.02,2026-10-06 13:15,0.5,2.0,43.0,46.0,72.0,72.0
RF.MBR.03,2026-10-06 13:15,0.5,2.0,59.0,60.0,79.0,79.0
RF.MBR.05,2026-10-06 13:15,0.0,2.5,2.5,4.0,4.0,4.0
RF.NJK.01,2026-10-06 13:15,0.5,1.5,2.0,19.0,21.0,21.0
RF.NJK.02,2026-10-06 13:15,0.0,1.5,2.0,11.5,14.5,14.5
RF.NJK.03,2026-10-06 13:15,0.0,2.0,11.5,41.0,41.5,41.5
RF.NJK.05,2026-10-06 13:15,0.0,0.0,0.0,0.0,0.0,0.0
RF.NJK.06,2026-10-06 13:15,0.0,1.5,1.5,1.5,10.5,10.5
RF.NJK.07,2026-10-06 13:15,0.5,3.5,20.0,63.0,66.5,69.0
RF.NKM.01,2026-10-06 13:15,0.5,9.5,21.5,21.5,21.5,21.5
RF.NKM.02,2026-10-06 13:15,0.0,8.5,15.5,15.5,16.0,16.0
RF.PKN.01,2026-10-06 13:15,0.0,0.0,8.5,8.5,28.0,28.5
RF.PKN.02,2026-10-06 13:15,0.0,0.0,15.0,15.0,25.5,27.5
RF.PKN.03,2026-10-06 13:15,0.0,0.5,13.5,13.5,17.5,18.0
RF.PKN.04,2026-10-06 13:15,0.0,0.0,16.0,16.0,22.0,23.5
RF.PNK.02,2026-10-06 13:15,0.0,0.0,0.5,0.5,19.0,19.0
RF.PNK.03,2026-10-06 13:15,0.0,0.0,2.0,2.0,33.0,33.0
RF.PPS.01,2026-10-06 13:15,0.5,0.5,0.5,0.5,41.0,41.0
RF.PSC.01,2026-10-06 13:15,0.0,1.0,1.5,1.5,4.0,4.0
RF.PSC.03,2026-10-06 13:15,0.0,0.5,3.5,3.5,4.5,4.5
RF.PSC.04,2026-10-06 13:15,0.0,0.5,1.5,1.5,7.5,7.5
RF.PSC.05,2026-10-06 13:15,0.0,0.5,5.0,5.0,13.5,13.5
RF.PTW.01,2026-10-06 13:15,0.0,0.0,0.0,0.0,0.0,0.0
RF.PTW.02,2026-10-06 13:15,0.0,0.0,0.0,0.5,48.0,48.0
RF.PWT.01,2026-10-06 13:15,0.5,1.5,21.0,21.5,35.5,35.5
RF.PWT.02,2026-10-06 13:15,0.0,0.5,19.5,20.5,31.5,31.5
RF.PWT.03,2026-10-06 13:15,0.0,0.5,30.0,30.0,40.5,40.5
RF.PYT.01,2026-10-06 13:15,0.0,0.5,2.0,2.5,32.0,32.5
RF.RBN.01,2026-10-06 13:15,0.5,0.5,2.0,2.0,60.5,60.5
RF.RBN.02,2026-10-06 13:15,0.0,0.0,2.0,2.0,53.5,53.5
RF.RTW.01,2026-10-06 13:15,0.0,0.0,0.0,0.0,50.0,50.0
RF.RTW.03,2026-10-06 13:15,0.0,0.0,0.0,0.5,43.5,43.5
RF.SLG.01,2026-10-06 13:15,0.0,0.5,19.0,19.0,35.0,37.0
RF.SLG.02,2026-10-06 13:15,0.5,0.5,23.0,23.0,40.0,40.5
RF.SMI.01,2026-10-06 13:15,0.0,1.0,19.5,19.5,21.5,21.5
RF.SMI.02,2026-10-06 13:15,0.0,0.5,3.0,3.0,49.5,64.0
RF.SMI.03,2026-10-06 13:15,0.0,2.0,8.5,10.5,24.0,26.5
RF.SMI.04,2026-10-06 13:15,0.0,1.0,4.5,4.5,61.0,83.0
RF.SPK.01,2026-10-06 13:15,0.0,0.0,1.5,1.5,6.5,6.5
RF.SPS.02,2026-10-06 13:15,0.5,1.5,16.0,16.5,32.5,32.5
RF.SPW.01,2026-10-06 13:15,0.5,0.5,1.0,1.0,54.5,54.5
RF.STN.01,2026-10-06 13:15,0.5,0.5,2.5,2.5,42.0,42.0
RF.STN.02,2026-10-06 13:15,0.0,0.0,2.0,2.0,43.0,43.5
RF.TBR.01,2026-10-06 13:15,0.0,0.0,0.5,0.5,21.0,21.0
RF.TBR.02,2026-10-06 13:15,0.5,0.5,2.0,2.0,47.5,47.5
RF.TBR.03,2026-10-06 13:15,0.0,0.0,2.5,3.0,72.5,72.5
RF.TKU.01,2026-10-06 13:15,0.0,0.0,1.5,2.0,19.5,19.5
RF.TKU.02,2026-10-06 13:15,0.0,0.0,0.0,0.0,32.5,32.5
RF.TLC.01,2026-10-06 13:15,0.0,0.5,3.5,3.5,11.0,11.0
RF.TLC.02,2026-10-06 13:15,0.0,0.0,11.0,11.0,19.0,19.0
RF.TLC.03,2026-10-06 13:15,0.5,1.0,5.0,5.0,15.5,15.5
RF.TWW.01,2026-10-06 13:15,0.0,4.5,43.0,43.0,45.5,45.5
RF.TWW.02,2026-10-06 13:15,0.0,1.5,12.0,12.0,12.0,12.0
RF.TWW.03,2026-10-06 13:15,0.0,2.5,19.5,19.5,22.0,22.0
RF.TWW.04,2026-10-06 13:15,0.0,6.5,36.0,36.0,36.0,36.0
RF.WTL.01,2026-10-06 13:15,0.5,1.0,1.0,1.0,32.0,41.5
RF.WTL.02,2026-10-06 13:15,0.5,1.0,2.0,2.0,43.5,58.0
RF.WTL.03,2026-10-06 13:15,1.0,1.0,1.5,1.5,28.5,29.5
RF.WTN.02,2026-10-06 13:15,0.0,0.0,1.0,1.0,58.0,58.5
RF.YNW.01,2026-10-06 13:15,0.0,0.0,9.5,9.5,34.0,34.0
RF.YNW.02,2026-10-06 13:15,0.5,0.5,11.5,11.5,32.0,32.0
RF.YNW.03,2026-10-06 13:15,0.0,0.0,2.5,2.5,27.0,27.0
RF.BSU.01,2026-10-06 14:05,0.5,1.5,4.5,4.5,16.5,16.5
RF.RTW.01,2026-10-06 14:05,0.5,2.0,2.0,2.0,22.0,52.0
RF.PNK.01,2026-10-06 14:10,0.0,1.0,1.0,1.0,25.0,25.0
RF.SPS.01,2026-10-06 14:10,0.5,0.5,4.5,18.0,49.0,50.0
RF.BBN.01,2026-10-06 14:15,0.0,0.0,39.0,40.5,55.0,55.0
RF.BBN.02,2026-10-06 14:15,0.0,0.0,25.5,26.0,40.0,40.0
RF.BKA.01,2026-10-06 14:15,0.0,1.0,2.5,4.0,5.0,5.0
RF.BKA.02,2026-10-06 14:15,0.0,1.0,2.5,13.5,15.0,15.0
RF.BKE.01,2026-10-06 14:15,0.0,0.0,18.0,18.0,25.5,25.5
RF.BKE.02,2026-10-06 14:15,0.0,0.0,3.5,3.5,8.5,8.5
RF.BKE.03,2026-10-06 14:15,0.0,0.0,29.5,30.0,30.0,30.0
RF.BKE.04,2026-10-06 14:15,0.0,0.0,27.0,27.0,27.0,27.0
RF.BKL.02,2026-10-06 14:15,0.0,0.5,2.0,2.0,13.5,54.0
RF.BKM.01,2026-10-06 14:15,0.0,0.5,3.5,15.0,37.0,37.0
RF.BKN.01,2026-10-06 14:15,0.0,0.5,2.5,2.5,15.0,15.0
RF.BKN.02,2026-10-06 14:15,0.0,1.5,2.5,2.5,17.5,18.5
RF.BKP.02,2026-10-06 14:15,0.0,1.0,3.0,4.0,39.0,44.5
RF.BKT.01,2026-10-06 14:15,0.0,0.0,13.0,13.0,44.0,60.0
RF.BKT.02,2026-10-06 14:15,0.0,0.0,20.0,20.0,23.5,23.5
RF.BKT.03,2026-10-06 14:15,0.0,0.5,41.5,42.0,49.0,49.0
RF.BKT.04,2026-10-06 14:15,0.0,0.0,6.0,6.0,27.5,47.0
RF.BKT.05,2026-10-06 14:15,0.0,0.5,5.0,5.0,31.5,66.0
RF.BKY.01,2026-10-06 14:15,0.0,0.5,1.5,1.5,6.0,14.5
RF.BKY.02,2026-10-06 14:15,0.0,1.0,4.5,4.5,25.5,30.0
RF.BNA.01,2026-10-06 14:15,0.5,1.5,4.0,16.0,20.0,20.5
RF.BNA.02,2026-10-06 14:15,1.0,2.0,4.0,10.5,15.0,15.5
RF.BNA.03,2026-10-06 14:15,0.5,1.0,4.5,11.0,16.0,16.5
RF.BPD.01,2026-10-06 14:15,0.0,1.5,4.0,5.0,14.5,14.5
RF.BRK.01,2026-10-06 14:15,0.0,2.5,3.0,3.0,13.0,50.0
RF.BRK.02,2026-10-06 14:15,0.0,2.0,2.0,2.5,15.0,57.0
RF.BSU.02,2026-10-06 14:15,0.0,1.0,8.5,14.5,35.5,35.5
RF.BSU.03,2026-10-06 14:15,0.0,1.0,6.5,6.5,19.0,19.0
RF.CTC.01,2026-10-06 14:15,0.0,1.5,4.5,5.0,35.0,44.0
RF.CTC.02,2026-10-06 14:15,0.0,0.0,0.0,0.0,13.5,13.5
RF.CTC.03,2026-10-06 14:15,0.0,0.5,10.5,21.5,30.0,30.0
RF.DDG.02,2026-10-06 14:15,0.0,2.0,2.0,2.0,17.5,36.5
RF.DST.01,2026-10-06 14:15,0.0,1.0,1.5,1.5,8.0,10.5
RF.DST.02,2026-10-06 14:15,0.5,1.5,4.0,4.0,11.5,11.5
RF.HKG.01,2026-10-06 14:15,0.0,1.5,2.0,3.5,17.0,61.0
RF.HKG.02,2026-10-06 14:15,0.0,1.5,2.0,2.5,11.0,50.0
RF.JTG.01,2026-10-06 14:15,0.0,0.0,4.0,4.0,30.0,71.5
RF.JTG.02,2026-10-06 14:15,0.0,0.5,2.0,2.0,27.0,53.0
RF.JTG.03,2026-10-06 14:15,0.0,0.0,7.5,7.5,37.5,56.0
RF.KNY.02,2026-10-06 14:15,0.0,0.0,3.0,18.0,28.5,29.5
RF.KSN.01,2026-10-06 14:15,0.0,1.5,2.0,2.0,14.0,53.0
RF.KSN.02,2026-10-06 14:15,0.0,0.5,2.0,2.0,13.0,45.5
RF.KSW.01,2026-10-06 14:15,0.0,0.0,0.5,17.5,35.5,54.5
RF.KSW.02,2026-10-06 14:15,0.0,0.5,3.0,26.5,49.5,75.0
RF.KTY.01,2026-10-06 14:15,0.5,2.0,3.0,7.5,13.5,29.5
RF.KTY.02,2026-10-06 14:15,0.5,2.0,5.5,10.5,17.0,44.0
RF.KTY.04,2026-10-06 14:15,0.5,2.5,3.0,6.5,13.0,24.0
RF.KTY.05,2026-10-06 14:15,0.5,2.0,3.0,3.5,14.0,50.0
RF.LKB.02,2026-10-06 14:15,0.0,0.5,2.0,11.5,23.5,23.5
RF.LKB.04,2026-10-06 14:15,0.0,0.0,0.5,13.5,14.5,35.5
RF.LPW.01,2026-10-06 14:15,0.0,0.0,0.0,0.0,0.0,0.0
RF.LSI.01,2026-10-06 14:15,0.0,1.0,2.0,4.0,19.0,19.0
RF.LSI.03,2026-10-06 14:15,0.0,0.5,3.0,10.5,13.5,14.0
RF.MBR.01,2026-10-06 14:15,0.0,1.0,3.5,30.5,39.5,54.0
RF.MBR.02,2026-10-06 14:15,0.0,0.5,4.0,46.5,55.5,72.5
RF.MBR.03,2026-10-06 14:15,0.0,0.5,3.0,60.5,65.5,79.5
RF.MBR.05,2026-10-06 14:15,0.0,0.5,3.0,4.5,4.5,4.5
RF.NJK.01,2026-10-06 14:15,0.0,0.0,2.0,19.0,21.0,21.0
RF.NJK.02,2026-10-06 14:15,0.0,0.5,2.5,12.0,14.0,15.0
RF.NJK.03,2026-10-06 14:15,0.0,0.0,3.0,41.0,41.5,41.5
RF.NJK.05,2026-10-06 14:15,0.0,0.0,0.0,0.0,0.0,0.0
RF.NJK.06,2026-10-06 14:15,0.0,0.5,2.0,2.0,11.0,11.0
RF.NJK.07,2026-10-06 14:15,0.0,0.5,4.5,63.5,66.0,69.5
RF.NKM.01,2026-10-06 14:15,0.0,0.0,21.5,21.5,21.5,21.5
RF.NKM.02,2026-10-06 14:15,0.0,0.5,16.0,16.0,16.5,16.5
RF.PKN.01,2026-10-06 14:15,0.0,3.0,5.0,11.5,20.0,31.5
RF.PKN.02,2026-10-06 14:15,1.0,2.0,3.5,17.0,21.5,29.5
RF.PKN.03,2026-10-06 14:15,1.0,2.0,4.0,15.5,19.5,20.0
RF.PKN.04,2026-10-06 14:15,0.5,2.0,3.5,18.0,22.0,25.5
RF.PNK.02,2026-10-06 14:15,0.0,2.5,3.0,3.0,21.5,21.5
RF.PNK.03,2026-10-06 14:15,0.0,2.0,4.0,4.0,30.5,35.0
RF.PPS.01,2026-10-06 14:15,0.0,1.5,2.0,2.0,32.0,42.5
RF.PSC.01,2026-10-06 14:15,0.0,0.0,1.5,1.5,4.0,4.0
RF.PSC.03,2026-10-06 14:15,0.0,0.0,3.5,3.5,4.5,4.5
RF.PSC.04,2026-10-06 14:15,0.0,0.5,2.0,2.0,7.0,8.0
RF.PSC.05,2026-10-06 14:15,0.0,0.5,5.5,5.5,14.0,14.0
RF.PTW.01,2026-10-06 14:15,0.0,0.0,0.0,0.0,0.0,0.0
RF.PTW.02,2026-10-06 14:15,0.5,2.0,2.0,2.0,12.0,50.0
RF.PWT.01,2026-10-06 14:15,0.0,0.5,3.0,22.0,30.0,36.0
RF.PWT.02,2026-10-06 14:15,0.0,0.5,2.0,21.0,26.5,32.0
RF.PWT.03,2026-10-06 14:15,0.5,1.0,3.0,31.0,37.5,41.5
RF.PYT.01,2026-10-06 14:15,0.0,2.0,3.5,4.0,26.0,34.5
RF.RBN.01,2026-10-06 14:15,0.0,0.0,2.0,2.0,17.5,60.5
RF.RBN.02,2026-10-06 14:15,0.0,0.5,1.5,2.5,25.0,54.0
RF.RTW.03,2026-10-06 14:15,0.0,2.0,2.0,2.0,26.0,45.5
RF.SLG.01,2026-10-06 14:15,0.0,1.0,1.5,20.0,24.5,38.0
RF.SLG.02,2026-10-06 14:15,0.5,1.0,2.0,24.0,28.5,41.5
RF.SMI.01,2026-10-06 14:15,0.0,0.0,2.0,19.5,21.5,21.5
RF.SMI.02,2026-10-06 14:15,0.0,0.0,1.0,3.0,49.5,49.5
RF.SMI.03,2026-10-06 14:15,0.0,0.0,3.0,10.5,22.5,26.5
RF.SMI.04,2026-10-06 14:15,0.0,0.0,3.0,4.5,55.0,61.0
RF.SPK.01,2026-10-06 14:15,0.0,1.0,2.0,2.5,7.5,7.5
RF.SPS.02,2026-10-06 14:15,0.0,0.5,3.0,17.0,33.0,33.0
RF.SPW.01,2026-10-06 14:15,0.0,2.0,2.5,3.0,17.5,56.5
RF.STN.01,2026-10-06 14:15,0.5,1.5,3.0,4.0,11.5,43.5
RF.STN.02,2026-10-06 14:15,0.0,2.0,3.0,4.0,11.5,45.0
RF.TBR.01,2026-10-06 14:15,0.0,1.0,1.5,1.5,6.5,22.0
RF.TBR.02,2026-10-06 14:15,0.0,0.5,2.0,2.5,14.0,48.0
RF.TBR.03,2026-10-06 14:15,0.0,0.5,3.0,3.0,21.5,73.0
RF.TKU.01,2026-10-06 14:15,0.0,0.5,1.0,2.0,20.0,20.0
RF.TKU.02,2026-10-06 14:15,0.5,0.5,0.5,0.5,30.0,33.0
RF.TLC.01,2026-10-06 14:15,0.0,0.5,4.0,4.0,11.5,11.5
RF.TLC.02,2026-10-06 14:15,0.0,0.5,11.5,11.5,19.5,19.5
RF.TLC.03,2026-10-06 14:15,0.0,0.5,5.5,5.5,16.0,16.0
RF.TWW.01,2026-10-06 14:15,0.0,0.0,43.0,43.0,45.5,45.5
RF.TWW.02,2026-10-06 14:15,0.0,0.0,11.5,12.0,12.0,12.0
RF.TWW.03,2026-10-06 14:15,0.0,0.0,19.5,19.5,22.0,22.0
RF.TWW.04,2026-10-06 14:15,0.0,0.0,36.0,36.0,36.0,36.0
RF.WTL.01,2026-10-06 14:15,0.0,1.0,2.0,2.0,15.5,42.5
RF.WTL.02,2026-10-06 14:15,0.0,1.0,2.5,3.0,28.0,57.5
RF.WTL.03,2026-10-06 14:15,0.0,1.0,2.5,2.5,13.5,30.5
RF.WTN.02,2026-10-06 14:15,0.5,2.0,2.0,3.0,13.5,60.5
RF.YNW.01,2026-10-06 14:15,0.5,1.5,7.5,11.0,20.0,35.5
RF.YNW.02,2026-10-06 14:15,0.5,1.0,8.0,12.5,21.0,33.0
RF.YNW.03,2026-10-06 14:15,0.0,0.5,2.0,3.0,19.5,27.5
RF.PNK.01,2026-10-06 15:10,0.0,0.5,1.5,1.5,11.0,25.5
RF.SLG.02,2026-10-06 15:10,0.0,0.0,1.5,24.0,28.0,41.5
RF.SPS.01,2026-10-06 15:10,0.0,0.0,2.0,18.0,25.5,50.0
RF.BBN.01,2026-10-06 15:15,0.0,0.0,4.0,40.5,47.0,55.0
RF.BBN.02,2026-10-06 15:15,0.0,0.0,3.5,26.0,29.5,40.0
RF.BKA.01,2026-10-06 15:15,0.0,0.0,2.0,4.0,5.0,5.0
RF.BKA.02,2026-10-06 15:15,0.0,0.0,1.5,13.5,15.0,15.0
RF.BKE.01,2026-10-06 15:15,0.0,0.0,9.5,18.0,18.0,25.5
RF.BKE.02,2026-10-06 15:15,0.0,0.0,3.0,3.5,4.0,8.5
RF.BKE.03,2026-10-06 15:15,0.0,0.0,14.0,29.5,30.0,30.0
RF.BKE.04,2026-10-06 15:15,0.0,0.0,11.0,27.0,27.0,27.0
RF.BKL.02,2026-10-06 15:15,0.0,0.0,1.0,2.0,3.5,54.0
RF.BKM.01,2026-10-06 15:15,0.0,0.0,1.5,15.0,19.5,37.0
RF.BKN.01,2026-10-06 15:15,0.0,0.0,1.0,2.5,5.0,15.0
RF.BKN.02,2026-10-06 15:15,0.0,0.0,1.5,2.5,11.5,18.5
RF.BKP.02,2026-10-06 15:15,0.0,0.0,2.5,4.0,12.0,44.5
RF.BKT.01,2026-10-06 15:15,0.0,0.0,3.0,13.0,14.0,60.0
RF.BKT.02,2026-10-06 15:15,0.0,0.0,0.5,20.0,21.5,23.5
RF.BKT.03,2026-10-06 15:15,0.0,0.0,1.0,42.0,45.5,49.0
RF.BKT.04,2026-10-06 15:15,0.0,0.0,2.0,6.0,6.5,47.0
RF.BKT.05,2026-10-06 15:15,0.0,0.0,2.0,5.0,6.0,66.0
RF.BKY.01,2026-10-06 15:15,0.0,0.0,1.0,1.5,4.5,14.5
RF.BKY.02,2026-10-06 15:15,0.0,0.0,1.5,4.5,20.5,30.0
RF.BNA.01,2026-10-06 15:15,0.0,1.0,3.0,17.0,19.5,21.5
RF.BNA.02,2026-10-06 15:15,0.0,0.5,2.5,11.0,14.0,16.0
RF.BNA.03,2026-10-06 15:15,0.0,0.5,2.0,11.5,15.5,17.0
RF.BPD.01,2026-10-06 15:15,0.0,0.0,1.5,5.0,8.0,14.5
RF.BRK.01,2026-10-06 15:15,0.0,0.0,3.0,3.0,6.0,50.0
RF.BRK.02,2026-10-06 15:15,0.0,0.5,2.5,2.5,8.0,57.5
RF.BSU.02,2026-10-06 15:15,0.0,0.0,1.5,14.5,19.0,35.5
RF.BSU.03,2026-10-06 15:15,0.0,0.0,1.5,6.5,12.0,19.0
RF.CTC.01,2026-10-06 15:15,0.0,0.0,2.5,5.0,7.0,44.0
RF.CTC.02,2026-10-06 15:15,0.0,0.0,0.0,0.0,4.5,13.5
RF.CTC.03,2026-10-06 15:15,0.0,0.0,1.0,21.5,26.0,30.0
RF.DDG.02,2026-10-06 15:15,0.0,0.0,2.0,2.0,6.0,36.5
RF.DST.01,2026-10-06 15:15,0.0,0.0,1.5,1.5,3.5,10.5
RF.DST.02,2026-10-06 15:15,0.0,0.0,2.0,4.0,6.5,11.5
RF.HKG.01,2026-10-06 15:15,0.0,0.0,1.5,3.5,7.5,61.0
RF.HKG.02,2026-10-06 15:15,0.0,0.0,2.0,2.5,7.5,50.0
RF.JTG.01,2026-10-06 15:15,0.0,0.0,0.0,4.0,4.5,71.5
RF.JTG.02,2026-10-06 15:15,0.0,0.0,1.0,2.0,2.5,53.0
RF.JTG.03,2026-10-06 15:15,0.0,0.0,1.5,7.5,8.0,56.0
RF.KNY.02,2026-10-06 15:15,0.0,0.0,2.0,18.0,19.5,29.5
RF.KSN.01,2026-10-06 15:15,0.0,0.0,2.0,2.0,6.5,53.0
RF.KSN.02,2026-10-06 15:15,0.0,0.0,1.0,2.0,3.0,45.5
RF.KSW.01,2026-10-06 15:15,0.0,0.0,0.0,17.5,17.5,54.5
RF.KSW.02,2026-10-06 15:15,0.0,0.0,2.5,26.5,28.0,75.0
RF.KTY.01,2026-10-06 15:15,0.0,0.5,2.5,8.0,11.0,30.0
RF.KTY.02,2026-10-06 15:15,0.0,0.0,2.5,10.5,12.0,44.0
RF.KTY.03,2026-10-06 15:15,0.0,0.5,2.5,7.0,11.0,23.5
RF.KTY.04,2026-10-06 15:15,0.0,0.5,3.0,7.0,11.0,24.5
RF.KTY.05,2026-10-06 15:15,0.0,0.0,2.5,3.5,6.0,50.0
RF.LKB.02,2026-10-06 15:15,0.0,0.0,2.0,11.5,16.5,23.5
RF.LKB.04,2026-10-06 15:15,0.0,0.0,0.5,13.5,14.5,35.5
RF.LPW.01,2026-10-06 15:15,0.0,0.0,0.0,0.0,0.0,0.0
RF.LSI.01,2026-10-06 15:15,0.0,0.0,2.0,4.0,5.0,19.0
RF.LSI.03,2026-10-06 15:15,0.0,0.0,1.5,10.5,12.0,13.5
RF.MBR.01,2026-10-06 15:15,0.0,0.0,2.5,30.5,33.5,54.0
RF.MBR.02,2026-10-06 15:15,0.0,0.0,2.5,46.5,49.0,72.5
RF.MBR.03,2026-10-06 15:15,0.5,0.5,3.0,61.0,64.5,80.0
RF.MBR.05,2026-10-06 15:15,0.0,0.0,3.0,4.5,4.5,4.5
RF.NJK.01,2026-10-06 15:15,0.0,0.0,1.5,19.0,21.0,21.0
RF.NJK.02,2026-10-06 15:15,0.0,0.0,2.0,12.0,14.0,15.0
RF.NJK.03,2026-10-06 15:15,0.0,0.0,2.0,41.0,41.5,41.5
RF.NJK.05,2026-10-06 15:15,0.0,0.0,0.0,0.0,0.0,0.0
RF.NJK.06,2026-10-06 15:15,0.0,0.0,2.0,2.0,5.5,11.0
RF.NJK.07,2026-10-06 15:15,0.0,0.0,4.0,63.5,65.5,69.5
RF.NKM.01,2026-10-06 15:15,0.0,0.0,9.5,21.5,21.5,21.5
RF.NKM.02,2026-10-06 15:15,0.0,0.0,9.0,16.0,16.5,16.5
RF.PKN.01,2026-10-06 15:15,0.0,0.5,3.5,12.0,19.0,32.0
RF.PKN.02,2026-10-06 15:15,0.0,0.0,2.0,17.0,20.0,29.5
RF.PKN.03,2026-10-06 15:15,0.0,0.5,3.0,16.0,19.0,20.5
RF.PKN.04,2026-10-06 15:15,0.0,0.5,2.5,18.5,21.0,26.0
RF.PNK.02,2026-10-06 15:15,0.0,0.5,3.0,3.5,8.5,22.0
RF.PNK.03,2026-10-06 15:15,0.0,0.0,2.0,4.0,25.5,35.0
RF.PPS.01,2026-10-06 15:15,0.0,0.5,2.5,2.5,20.0,43.0
RF.PSC.01,2026-10-06 15:15,0.0,0.0,1.0,1.5,3.0,4.0
RF.PSC.03,2026-10-06 15:15,0.0,0.0,0.5,3.5,4.5,4.5
RF.PSC.04,2026-10-06 15:15,0.0,0.5,1.5,2.5,6.5,8.5
RF.PSC.05,2026-10-06 15:15,0.0,0.0,1.0,5.5,10.0,14.0
RF.PTW.01,2026-10-06 15:15,0.0,0.0,0.0,0.0,0.0,0.0
RF.PTW.02,2026-10-06 15:15,0.0,0.0,2.0,2.0,7.5,50.0
RF.PWT.01,2026-10-06 15:15,0.0,0.0,2.0,22.0,27.5,36.0
RF.PWT.02,2026-10-06 15:15,0.0,0.0,1.0,21.0,25.0,32.0
RF.PWT.03,2026-10-06 15:15,0.0,0.0,1.5,31.0,36.5,41.5
RF.PYT.01,2026-10-06 15:15,0.0,0.0,2.5,4.0,7.0,34.5
RF.RBN.01,2026-10-06 15:15,0.0,0.0,0.5,2.0,3.5,60.5
RF.RBN.02,2026-10-06 15:15,0.0,0.0,0.5,2.5,4.5,54.0
RF.RTW.01,2026-10-06 15:15,0.0,0.0,2.0,2.0,8.5,52.0
RF.RTW.03,2026-10-06 15:15,0.0,0.5,2.5,2.5,6.0,46.0
RF.SLG.01,2026-10-06 15:15,0.0,0.0,1.5,20.0,24.0,38.0
RF.SMI.01,2026-10-06 15:15,0.0,0.0,1.0,19.5,21.0,21.5
RF.SMI.02,2026-10-06 15:15,0.0,0.0,0.5,3.0,4.5,49.5
RF.SMI.03,2026-10-06 15:15,0.0,0.0,2.0,10.5,19.5,26.5
RF.SMI.04,2026-10-06 15:15,0.0,0.0,1.0,4.5,6.0,61.0
RF.SPK.01,2026-10-06 15:15,0.0,0.5,1.5,3.0,6.5,8.0
RF.SPS.02,2026-10-06 15:15,0.0,0.0,2.0,17.0,20.5,33.0
RF.SPW.01,2026-10-06 15:15,0.0,0.0,2.5,3.0,8.0,56.5
RF.STN.01,2026-10-06 15:15,0.0,0.0,2.0,4.0,5.5,43.5
RF.STN.02,2026-10-06 15:15,0.0,0.0,2.0,4.0,6.5,45.0
RF.TBR.01,2026-10-06 15:15,0.0,0.0,1.0,1.5,4.5,22.0
RF.TBR.02,2026-10-06 15:15,0.0,0.0,1.0,2.5,4.0,48.0
RF.TBR.03,2026-10-06 15:15,0.0,0.0,0.5,3.0,4.5,73.0
RF.TKU.01,2026-10-06 15:15,0.0,0.0,0.5,2.0,3.5,20.0
RF.TKU.02,2026-10-06 15:15,0.0,0.0,0.5,0.5,1.5,33.0
RF.TLC.01,2026-10-06 15:15,0.0,0.5,1.5,4.5,6.5,12.0
RF.TLC.02,2026-10-06 15:15,0.0,0.0,0.5,11.5,16.5,19.5
RF.TLC.03,2026-10-06 15:15,0.0,0.0,1.5,5.5,7.0,16.0
RF.TWW.01,2026-10-06 15:15,0.0,0.0,4.5,43.0,45.5,45.5
RF.TWW.02,2026-10-06 15:15,0.0,0.0,1.5,12.0,12.0,12.0
RF.TWW.03,2026-10-06 15:15,0.0,0.0,2.5,19.5,22.0,22.0
RF.TWW.04,2026-10-06 15:15,0.0,0.0,6.5,36.0,36.0,36.0
RF.WTL.01,2026-10-06 15:15,0.0,0.0,2.0,2.0,8.5,42.5
RF.WTL.02,2026-10-06 15:15,0.0,0.0,2.0,3.0,6.0,57.5
RF.WTL.03,2026-10-06 15:15,0.0,0.0,2.0,2.5,9.0,30.5
RF.WTN.02,2026-10-06 15:15,0.0,0.0,2.0,3.0,9.5,60.5
RF.YNW.01,2026-10-06 15:15,0.0,0.0,1.5,11.0,13.0,35.5
RF.YNW.02,2026-10-06 15:15,0.0,0.5,2.0,13.0,15.0,33.5
RF.YNW.03,2026-10-06 15:15,0.0,0.0,0.5,3.0,5.5,27.5
RF.KSN.02,2026-10-06 15:25,0.0,0.0,1.0,2.0,3.0,45.5
RF.PNK.01,2026-10-06 15:35,0.0,0.0,1.5,1.5,8.0,25.5
RF.SLG.02,2026-10-06 15:35,0.0,0.0,1.5,24.0,27.5,41.5
RF.TWW.03,2026-10-06 15:35,0.0,0.0,0.0,19.5,22.0,22.0
RF.BBN.01,2026-10-06 15:40,0.0,0.0,1.5,40.5,42.5,55.0
RF.BBN.02,2026-10-06 15:40,0.0,0.0,2.0,26.0,27.0,40.0
RF.BKA.01,2026-10-06 15:40,0.0,0.0,2.0,4.0,5.0,5.0
RF.BKA.02,2026-10-06 15:40,0.0,0.0,1.5,13.5,15.0,15.0
RF.BKE.01,2026-10-06 15:40,0.0,0.0,1.5,18.0,18.0,25.5
RF.BKE.02,2026-10-06 15:40,0.0,0.0,1.0,3.5,4.0,8.5
RF.BKE.03,2026-10-06 15:40,0.0,0.0,1.0,29.5,30.0,30.0
RF.BKE.04,2026-10-06 15:40,0.0,0.0,1.0,27.0,27.0,27.0
RF.BKL.02,2026-10-06 15:40,0.0,0.0,1.0,2.0,3.5,54.0
RF.BKM.01,2026-10-06 15:40,0.0,0.0,1.5,10.5,17.5,37.0
RF.BKN.01,2026-10-06 15:40,0.0,0.0,1.0,2.5,4.0,15.0
RF.BKN.02,2026-10-06 15:40,0.0,0.0,1.5,2.5,7.5,18.5
RF.BKP.02,2026-10-06 15:40,0.0,0.0,2.0,4.0,7.5,44.5
RF.BKT.01,2026-10-06 15:40,0.0,0.0,1.5,13.0,13.5,60.0
RF.BKT.02,2026-10-06 15:40,0.0,0.0,0.5,20.0,21.5,23.5
RF.BKT.03,2026-10-06 15:40,0.0,0.0,0.5,42.0,43.5,49.0
RF.BKT.04,2026-10-06 15:40,0.0,0.0,1.0,6.0,6.0,47.0
RF.BKT.05,2026-10-06 15:40,0.0,0.0,1.5,5.0,5.5,66.0
RF.BKY.01,2026-10-06 15:40,0.0,0.0,1.0,1.5,3.5,14.5
RF.BKY.02,2026-10-06 15:40,0.0,0.0,1.5,4.5,10.5,30.0
RF.BNA.01,2026-10-06 15:40,0.0,0.0,3.0,17.0,19.5,21.5
RF.BNA.02,2026-10-06 15:40,0.0,0.0,2.5,11.0,13.5,16.0
RF.BNA.03,2026-10-06 15:40,0.0,0.0,1.5,11.5,15.0,17.0
RF.BPD.01,2026-10-06 15:40,0.0,0.0,1.5,5.0,7.0,14.5
RF.BRK.01,2026-10-06 15:40,0.0,0.0,3.0,3.0,5.5,50.0
RF.BRK.02,2026-10-06 15:40,0.0,0.5,2.5,2.5,6.5,57.5
RF.BSU.01,2026-10-06 15:40,0.0,0.0,1.5,4.5,5.5,16.5
RF.BSU.02,2026-10-06 15:40,0.0,0.0,1.5,14.5,15.5,35.5
RF.BSU.03,2026-10-06 15:40,0.0,0.0,1.5,6.5,8.0,19.0
RF.CTC.01,2026-10-06 15:40,0.0,0.0,2.5,5.0,6.0,44.0
RF.CTC.02,2026-10-06 15:40,0.0,0.0,0.0,0.0,2.0,13.5
RF.CTC.03,2026-10-06 15:40,0.0,0.0,1.0,21.5,23.0,30.0
RF.DDG.02,2026-10-06 15:40,0.0,0.0,2.0,2.0,4.0,36.5
RF.DST.01,2026-10-06 15:40,0.0,0.0,1.5,1.5,2.5,10.5
RF.DST.02,2026-10-06 15:40,0.0,0.0,2.0,4.0,6.0,11.5
RF.HKG.01,2026-10-06 15:40,0.0,0.0,1.5,3.5,5.5,61.0
RF.HKG.02,2026-10-06 15:40,0.0,0.0,2.0,2.5,5.0,50.0
RF.JTG.01,2026-10-06 15:40,0.0,0.0,0.0,4.0,4.0,71.5
RF.JTG.02,2026-10-06 15:40,0.0,0.0,0.5,2.0,2.5,53.0
RF.JTG.03,2026-10-06 15:40,0.0,0.0,0.5,7.5,8.0,56.0
RF.KNY.02,2026-10-06 15:40,0.0,0.0,1.5,18.0,19.5,29.5
RF.KSN.01,2026-10-06 15:40,0.0,0.0,2.0,2.0,5.5,53.0
RF.KSW.01,2026-10-06 15:40,0.0,0.0,0.0,17.5,17.5,54.5
RF.KSW.02,2026-10-06 15:40,0.0,0.0,1.5,26.5,27.5,75.0
RF.KTY.01,2026-10-06 15:40,0.0,0.0,2.5,8.0,11.0,30.0
RF.KTY.02,2026-10-06 15:40,0.0,0.0,2.5,10.5,12.0,44.0
RF.KTY.03,2026-10-06 15:40,0.0,0.0,2.5,7.0,11.0,23.5
RF.KTY.04,2026-10-06 15:40,0.0,0.0,3.0,7.0,10.5,24.5
RF.KTY.05,2026-10-06 15:40,0.0,0.0,2.5,3.5,6.0,50.0
RF.LKB.02,2026-10-06 15:40,0.0,0.0,1.0,11.5,16.0,23.5
RF.LKB.04,2026-10-06 15:40,0.0,0.0,0.5,13.5,14.5,35.5
RF.LPW.01,2026-10-06 15:40,0.0,0.0,0.0,0.0,0.0,0.0
RF.LSI.01,2026-10-06 15:40,0.0,0.0,1.5,4.0,5.0,19.0
RF.LSI.03,2026-10-06 15:40,0.0,0.0,1.0,10.5,12.0,13.5
RF.MBR.01,2026-10-06 15:40,0.0,0.0,2.0,30.5,32.5,54.0
RF.MBR.02,2026-10-06 15:40,0.0,0.0,2.0,46.5,48.5,72.5
RF.MBR.03,2026-10-06 15:40,0.0,0.5,2.5,60.5,63.0,80.0
RF.MBR.05,2026-10-06 15:40,0.0,0.0,1.5,4.5,4.5,4.5
RF.NJK.01,2026-10-06 15:40,0.0,0.0,0.5,19.0,20.5,21.0
RF.NJK.02,2026-10-06 15:40,0.0,0.0,1.0,10.5,13.5,15.0
RF.NJK.03,2026-10-06 15:40,0.0,0.0,0.5,41.0,41.5,41.5
RF.NJK.05,2026-10-06 15:40,0.0,0.0,0.0,0.0,0.0,0.0
RF.NJK.06,2026-10-06 15:40,0.0,0.0,1.0,2.0,5.5,11.0
RF.NJK.07,2026-10-06 15:40,0.0,0.0,2.0,61.5,65.0,69.5
RF.NKM.01,2026-10-06 15:40,0.0,0.0,2.5,21.5,21.5,21.5
RF.NKM.02,2026-10-06 15:40,0.0,0.0,2.5,16.0,16.5,16.5
RF.PKN.01,2026-10-06 15:40,0.0,0.0,3.5,12.0,19.0,32.0
RF.PKN.02,2026-10-06 15:40,0.0,0.0,2.0,17.0,19.5,29.5
RF.PKN.03,2026-10-06 15:40,0.0,0.5,2.5,16.0,18.5,20.5
RF.PKN.04,2026-10-06 15:40,0.0,0.0,2.5,18.5,20.5,26.0
RF.PNK.02,2026-10-06 15:40,0.0,0.0,3.0,3.5,7.0,22.0
RF.PNK.03,2026-10-06 15:40,0.0,0.0,2.0,4.0,12.0,35.0
RF.PPS.01,2026-10-06 15:40,0.0,0.0,2.5,2.5,7.0,43.0
RF.PSC.01,2026-10-06 15:40,0.0,0.0,0.5,1.5,3.0,4.0
RF.PSC.03,2026-10-06 15:40,0.0,0.0,0.5,3.5,4.0,4.5
RF.PSC.04,2026-10-06 15:40,0.0,0.0,1.0,2.5,5.0,8.5
RF.PSC.05,2026-10-06 15:40,0.0,0.0,0.5,5.5,8.5,14.0
RF.PTW.01,2026-10-06 15:40,0.0,0.0,0.0,0.0,0.0,0.0
RF.PTW.02,2026-10-06 15:40,0.0,0.0,2.0,2.0,4.5,50.0
RF.PWT.01,2026-10-06 15:40,0.0,0.0,1.5,21.5,26.0,36.0
RF.PWT.02,2026-10-06 15:40,0.0,0.0,0.5,20.5,24.0,32.0
RF.PWT.03,2026-10-06 15:40,0.5,0.5,2.0,31.5,35.5,42.0
RF.PYT.01,2026-10-06 15:40,0.0,0.0,2.5,4.0,5.5,34.5
RF.RBN.01,2026-10-06 15:40,0.0,0.0,0.5,2.0,3.5,60.5
RF.RBN.02,2026-10-06 15:40,0.0,0.0,0.5,2.5,4.0,54.0
RF.RTW.01,2026-10-06 15:40,0.0,0.0,2.0,2.0,5.0,52.0
RF.RTW.03,2026-10-06 15:40,0.0,0.0,2.5,2.5,5.0,46.0
RF.SLG.01,2026-10-06 15:40,0.0,0.0,1.5,20.0,23.0,38.0
RF.SMI.01,2026-10-06 15:40,0.0,0.0,0.5,19.5,20.5,21.5
RF.SMI.02,2026-10-06 15:40,0.0,0.0,0.0,3.0,4.0,49.5
RF.SMI.03,2026-10-06 15:40,0.0,0.0,0.5,9.0,14.5,26.5
RF.SMI.04,2026-10-06 15:40,0.0,0.0,0.5,4.5,5.5,61.0
RF.SPK.01,2026-10-06 15:40,0.0,0.0,1.5,3.0,6.5,8.0
RF.SPS.01,2026-10-06 15:40,0.0,0.0,1.5,11.0,22.0,50.0
RF.SPS.02,2026-10-06 15:40,0.0,0.0,1.5,17.0,18.5,33.0
RF.SPW.01,2026-10-06 15:40,0.0,0.0,2.5,3.0,6.0,56.5
RF.STN.01,2026-10-06 15:40,0.0,0.0,2.0,4.0,5.0,43.5
RF.STN.02,2026-10-06 15:40,0.0,0.0,2.0,4.0,6.0,45.0
RF.TBR.01,2026-10-06 15:40,0.0,0.0,1.0,1.5,3.0,22.0
RF.TBR.02,2026-10-06 15:40,0.0,0.0,1.0,2.5,3.5,48.0
RF.TBR.03,2026-10-06 15:40,0.0,0.0,0.5,3.0,4.0,73.0
RF.TKU.01,2026-10-06 15:40,0.0,0.0,0.5,2.0,3.0,20.0
RF.TKU.02,2026-10-06 15:40,0.0,0.0,0.5,0.5,1.5,33.0
RF.TLC.01,2026-10-06 15:40,0.0,0.5,1.5,4.5,5.5,12.0
RF.TLC.02,2026-10-06 15:40,0.0,0.0,0.5,11.5,12.0,19.5
RF.TLC.03,2026-10-06 15:40,0.0,0.0,1.0,5.5,7.0,16.0
RF.TWW.01,2026-10-06 15:40,0.0,0.0,0.5,43.0,43.0,45.5
RF.TWW.02,2026-10-06 15:40,0.0,0.0,0.0,12.0,12.0,12.0
RF.TWW.04,2026-10-06 15:40,0.0,0.0,0.5,36.0,36.0,36.0
RF.WTL.01,2026-10-06 15:40,0.0,0.0,2.0,2.0,5.5,42.5
RF.WTL.02,2026-10-06 15:40,0.0,0.0,2.0,3.0,4.5,57.5
RF.WTL.03,2026-10-06 15:40,0.0,0.0,2.0,2.5,5.5,30.5
RF.WTN.02,2026-10-06 15:40,0.0,0.0,2.0,3.0,6.0,60.5
RF.YNW.01,2026-10-06 15:40,0.0,0.0,1.5,11.0,13.0,35.5
RF.YNW.02,2026-10-06 15:40,0.0,0.0,2.0,13.0,14.5,33.5
RF.YNW.03,2026-10-06 15:40,0.0,0.0,0.5,3.0,5.5,27.5
RF.BNA.03,2026-10-06 16:10,0.0,0.0,1.5,11.5,14.0,17.0
RF.NJK.07,2026-10-06 16:10,0.0,0.0,1.0,26.5,64.0,69.5
RF.PNK.01,2026-10-06 16:10,0.0,0.0,1.5,1.5,2.5,25.5
RF.SPS.01,2026-10-06 16:10,0.0,0.0,0.5,9.0,20.5,50.0
RF.BBN.01,2026-10-06 16:15,0.0,0.0,0.0,40.5,42.0,55.0
RF.BBN.02,2026-10-06 16:15,0.0,0.0,0.0,26.0,26.5,40.0
RF.BKA.01,2026-10-06 16:15,0.0,0.0,1.0,4.0,4.5,5.0
RF.BKA.02,2026-10-06 16:15,0.0,0.0,1.0,13.0,14.5,15.0
RF.BKE.01,2026-10-06 16:15,0.0,0.0,0.0,18.0,18.0,25.5
RF.BKE.02,2026-10-06 16:15,0.0,0.0,0.0,3.5,3.5,8.5
RF.BKE.03,2026-10-06 16:15,0.0,0.0,0.0,29.5,30.0,30.0
RF.BKE.04,2026-10-06 16:15,0.0,0.0,0.0,27.0,27.0,27.0
RF.BKL.02,2026-10-06 16:15,0.0,0.0,0.5,2.0,2.5,54.0
RF.BKM.01,2026-10-06 16:15,0.0,0.0,0.5,8.5,16.5,37.0
RF.BKN.01,2026-10-06 16:15,0.0,0.0,0.5,2.5,3.0,15.0
RF.BKN.02,2026-10-06 16:15,0.0,0.0,1.5,2.5,2.5,18.5
RF.BKP.02,2026-10-06 16:15,0.0,0.0,1.0,3.0,6.0,44.5
RF.BKT.01,2026-10-06 16:15,0.0,0.0,0.0,13.0,13.5,60.0
RF.BKT.02,2026-10-06 16:15,0.0,0.0,0.0,20.0,21.0,23.5
RF.BKT.03,2026-10-06 16:15,0.0,0.0,0.5,42.0,43.5,49.0
RF.BKT.04,2026-10-06 16:15,0.0,0.0,0.0,6.0,6.0,47.0
RF.BKT.05,2026-10-06 16:15,0.0,0.0,0.5,5.0,5.5,66.0
RF.BKY.01,2026-10-06 16:15,0.0,0.0,0.5,1.5,2.0,14.5
RF.BKY.02,2026-10-06 16:15,0.0,0.0,1.0,4.5,5.0,30.0
RF.BNA.01,2026-10-06 16:15,0.0,0.0,2.5,17.0,18.0,21.5
RF.BNA.02,2026-10-06 16:15,0.0,0.0,2.5,11.0,12.0,16.0
RF.BPD.01,2026-10-06 16:15,0.0,0.0,1.5,4.5,5.0,14.5
RF.BRK.01,2026-10-06 16:15,0.0,0.0,2.5,3.0,4.0,50.0
RF.BRK.02,2026-10-06 16:15,0.0,0.0,2.5,2.5,4.0,57.5
RF.BSU.01,2026-10-06 16:15,0.0,0.0,1.5,4.5,5.0,16.5
RF.BSU.02,2026-10-06 16:15,0.0,0.0,1.0,14.5,14.5,35.5
RF.BSU.03,2026-10-06 16:15,0.0,0.0,1.0,6.5,7.0,19.0
RF.CTC.01,2026-10-06 16:15,0.0,0.0,1.5,5.0,5.5,44.0
RF.CTC.02,2026-10-06 16:15,0.0,0.0,0.0,0.0,0.0,13.5
RF.CTC.03,2026-10-06 16:15,0.0,0.0,0.5,21.5,22.0,30.0
RF.DDG.02,2026-10-06 16:15,0.0,0.0,2.0,2.0,3.0,36.5
RF.DST.01,2026-10-06 16:15,0.0,0.0,1.0,1.5,2.0,10.5
RF.DST.02,2026-10-06 16:15,0.0,0.0,1.5,4.0,4.5,11.5
RF.HKG.01,2026-10-06 16:15,0.0,0.0,1.5,3.5,4.5,61.0
RF.HKG.02,2026-10-06 16:15,0.0,0.0,1.5,2.5,3.5,50.0
RF.JTG.01,2026-10-06 16:15,0.0,0.0,0.0,4.0,4.0,71.5
RF.JTG.02,2026-10-06 16:15,0.0,0.0,0.5,2.0,2.0,53.0
RF.JTG.03,2026-10-06 16:15,0.0,0.0,0.0,7.5,8.0,56.0
RF.KNY.02,2026-10-06 16:15,0.0,0.0,0.0,18.0,19.0,29.5
RF.KSN.01,2026-10-06 16:15,0.0,0.0,1.5,2.0,3.0,53.0
RF.KSN.02,2026-10-06 16:15,0.0,0.0,0.5,2.0,2.5,45.5
RF.KSW.01,2026-10-06 16:15,0.0,0.0,0.0,17.5,17.5,54.5
RF.KSW.02,2026-10-06 16:15,0.0,0.0,0.5,24.5,27.0,75.0
RF.KTY.01,2026-10-06 16:15,0.0,0.0,2.5,8.0,9.5,30.0
RF.KTY.02,2026-10-06 16:15,0.0,0.0,2.0,10.5,11.5,44.0
RF.KTY.03,2026-10-06 16:15,0.0,0.0,2.5,7.0,9.5,23.5
RF.KTY.04,2026-10-06 16:15,0.0,0.0,3.0,7.0,9.0,24.5
RF.KTY.05,2026-10-06 16:15,0.0,0.0,2.0,3.5,4.5,50.0
RF.LKB.02,2026-10-06 16:15,0.0,0.0,0.5,8.0,15.0,23.5
RF.LKB.04,2026-10-06 16:15,0.0,0.0,0.0,1.0,14.5,35.5
RF.LPW.01,2026-10-06 16:15,0.0,0.0,0.0,0.0,0.0,0.0
RF.LSI.01,2026-10-06 16:15,0.0,0.0,1.0,4.0,4.5,19.0
RF.LSI.03,2026-10-06 16:15,0.0,0.0,0.5,10.5,11.5,13.5
RF.MBR.01,2026-10-06 16:15,0.0,0.0,1.0,30.0,32.0,54.0
RF.MBR.02,2026-10-06 16:15,0.0,0.0,0.5,43.5,48.0,72.5
RF.MBR.03,2026-10-06 16:15,0.0,0.0,1.0,60.0,62.0,80.0
RF.MBR.05,2026-10-06 16:15,0.0,0.0,0.5,3.0,4.5,4.5
RF.NJK.01,2026-10-06 16:15,0.0,0.0,0.0,2.0,20.0,21.0
RF.NJK.02,2026-10-06 16:15,0.0,0.0,0.5,2.5,12.5,15.0
RF.NJK.03,2026-10-06 16:15,0.0,0.0,0.0,11.5,41.5,41.5
RF.NJK.05,2026-10-06 16:15,0.0,0.0,0.0,0.0,0.0,0.0
RF.NJK.06,2026-10-06 16:15,0.0,0.0,0.5,2.0,3.5,11.0
RF.NKM.01,2026-10-06 16:15,0.0,0.0,0.0,21.5,21.5,21.5
RF.NKM.02,2026-10-06 16:15,0.0,0.0,0.5,16.0,16.5,16.5
RF.PKN.01,2026-10-06 16:15,0.0,0.5,4.0,12.5,18.0,32.5
RF.PKN.02,2026-10-06 16:15,0.0,0.0,2.0,17.0,18.5,29.5
RF.PKN.03,2026-10-06 16:15,0.0,0.0,2.5,16.0,17.5,20.5
RF.PKN.04,2026-10-06 16:15,0.0,0.0,2.5,18.5,19.0,26.0
RF.PNK.02,2026-10-06 16:15,0.0,0.0,3.0,3.5,4.0,22.0
RF.PNK.03,2026-10-06 16:15,0.0,0.0,2.0,4.0,4.0,35.0
RF.PPS.01,2026-10-06 16:15,0.0,0.0,2.0,2.5,3.5,43.0
RF.PSC.01,2026-10-06 16:15,0.0,0.0,0.0,1.5,2.0,4.0
RF.PSC.03,2026-10-06 16:15,0.0,0.0,0.0,3.5,3.5,4.5
RF.PSC.04,2026-10-06 16:15,0.0,0.0,1.0,2.5,3.0,8.5
RF.PSC.05,2026-10-06 16:15,0.0,0.0,0.5,5.5,6.0,14.0
RF.PTW.01,2026-10-06 16:15,0.0,0.0,0.0,0.0,0.0,0.0
RF.PTW.02,2026-10-06 16:15,0.0,0.0,2.0,2.0,3.5,50.0
RF.PWT.01,2026-10-06 16:15,0.0,0.0,0.5,21.5,24.5,36.0
RF.PWT.02,2026-10-06 16:15,0.0,0.0,0.5,20.0,22.5,32.0
RF.PWT.03,2026-10-06 16:15,0.0,0.5,1.5,31.5,34.0,42.0
RF.PYT.01,2026-10-06 16:15,0.0,0.0,2.0,4.0,5.0,34.0
RF.RBN.01,2026-10-06 16:15,0.0,0.0,0.0,2.0,3.0,60.5
RF.RBN.02,2026-10-06 16:15,0.0,0.0,0.5,2.5,3.5,54.0
RF.RTW.01,2026-10-06 16:15,0.0,0.0,2.0,2.0,3.0,52.0
RF.RTW.03,2026-10-06 16:15,0.0,0.0,2.5,2.5,4.0,46.0
RF.SLG.01,2026-10-06 16:15,0.0,0.0,1.0,20.0,22.0,38.0
RF.SLG.02,2026-10-06 16:15,0.0,0.0,1.0,24.0,25.5,41.5
RF.SMI.01,2026-10-06 16:15,0.0,0.0,0.0,19.5,20.5,21.5
RF.SMI.02,2026-10-06 16:15,0.0,0.0,0.0,3.0,3.5,49.5
RF.SMI.03,2026-10-06 16:15,0.0,0.0,0.0,8.5,11.0,26.5
RF.SMI.04,2026-10-06 16:15,0.0,0.0,0.0,4.5,5.0,61.0
RF.SPK.01,2026-10-06 16:15,0.0,0.0,1.5,3.0,4.5,8.0
RF.SPS.02,2026-10-06 16:15,0.0,0.0,0.5,16.5,18.5,33.0
RF.SPW.01,2026-10-06 16:15,0.0,0.0,2.0,3.0,3.5,56.5
RF.STN.01,2026-10-06 16:15,0.0,0.0,1.5,4.0,5.0,43.5
RF.STN.02,2026-10-06 16:15,0.0,0.0,2.0,4.0,5.0,45.0
RF.TBR.01,2026-10-06 16:15,0.0,0.0,1.0,1.5,2.0,22.0
RF.TBR.02,2026-10-06 16:15,0.0,0.0,0.5,2.5,3.0,48.0
RF.TBR.03,2026-10-06 16:15,0.0,0.0,0.5,3.0,3.5,73.0
RF.TKU.01,2026-10-06 16:15,0.0,0.0,0.5,2.0,3.0,20.0
RF.TKU.02,2026-10-06 16:15,0.0,0.0,0.5,0.5,1.0,33.0
RF.TLC.01,2026-10-06 16:15,0.0,0.0,1.0,4.5,5.0,12.0
RF.TLC.02,2026-10-06 16:15,0.0,0.0,0.5,11.5,11.5,19.5
RF.TLC.03,2026-10-06 16:15,0.0,0.0,0.5,5.5,6.0,16.0
RF.TWW.01,2026-10-06 16:15,0.0,0.0,0.0,43.0,43.0,45.5
RF.TWW.02,2026-10-06 16:15,0.0,0.0,0.0,12.0,12.0,12.0
RF.TWW.03,2026-10-06 16:15,0.0,0.0,0.0,19.5,20.0,22.0
RF.TWW.04,2026-10-06 16:15,0.0,0.0,0.0,36.0,36.0,36.0
RF.WTL.01,2026-10-06 16:15,0.0,0.0,1.0,2.0,4.0,42.5
RF.WTL.02,2026-10-06 16:15,0.0,0.0,1.0,3.0,4.0,57.5
RF.WTL.03,2026-10-06 16:15,0.0,0.0,1.0,2.5,4.0,30.5
RF.WTN.02,2026-10-06 16:15,0.0,0.0,2.0,3.0,4.0,60.5
RF.YNW.01,2026-10-06 16:15,0.0,0.0,1.5,11.0,12.0,35.5
RF.YNW.02,2026-10-06 16:15,0.0,0.0,1.5,13.0,14.0,33.5
RF.YNW.03,2026-10-06 16:15,0.0,0.0,0.5,3.0,4.0,27.5
RF.KSN.02,2026-10-06 17:10,0.0,0.0,0.0,2.0,2.0,45.5
RF.NJK.03,2026-10-06 17:10,0.0,0.0,0.0,3.0,41.0,41.5
RF.PNK.01,2026-10-06 17:10,0.0,0.0,0.5,1.5,2.0,25.5
RF.PWT.02,2026-10-06 17:10,0.0,0.0,0.0,2.0,21.0,32.0
RF.PYT.01,2026-10-06 17:10,0.0,0.0,0.0,3.5,4.5,34.0
RF.SPS.01,2026-10-06 17:10,0.0,0.0,0.0,4.5,18.0,50.0
RF.BBN.01,2026-10-06 17:15,0.0,0.0,0.0,39.0,42.0,55.0
RF.BBN.02,2026-10-06 17:15,0.0,0.0,0.0,25.5,26.5,40.0
RF.BKA.01,2026-10-06 17:15,0.0,0.0,0.0,2.5,4.0,5.0
RF.BKA.02,2026-10-06 17:15,0.0,0.0,0.0,2.5,13.5,15.0
RF.BKE.01,2026-10-06 17:15,0.0,0.0,0.0,18.0,18.0,25.5
RF.BKE.02,2026-10-06 17:15,0.0,0.0,0.0,3.5,3.5,8.5
RF.BKE.03,2026-10-06 17:15,0.0,0.0,0.0,29.5,30.0,30.0
RF.BKE.04,2026-10-06 17:15,0.0,0.0,0.0,27.0,27.0,27.0
RF.BKL.02,2026-10-06 17:15,0.0,0.0,0.0,2.0,2.0,54.0
RF.BKM.01,2026-10-06 17:15,0.0,0.0,0.0,3.5,15.0,37.0
RF.BKN.01,2026-10-06 17:15,0.0,0.0,0.0,2.5,3.0,15.0
RF.BKN.02,2026-10-06 17:15,0.0,0.0,0.0,2.5,2.5,18.5
RF.BKP.02,2026-10-06 17:15,0.0,0.0,0.0,3.0,4.0,44.5
RF.BKT.01,2026-10-06 17:15,0.0,0.0,0.0,13.0,13.5,60.0
RF.BKT.02,2026-10-06 17:15,0.0,0.0,0.0,20.0,21.0,23.5
RF.BKT.03,2026-10-06 17:15,0.0,0.0,0.0,41.5,43.0,49.0
RF.BKT.04,2026-10-06 17:15,0.0,0.0,0.0,6.0,6.0,47.0
RF.BKT.05,2026-10-06 17:15,0.0,0.0,0.0,5.0,5.0,66.0
RF.BKY.01,2026-10-06 17:15,0.0,0.0,0.0,1.5,1.5,14.5
RF.BKY.02,2026-10-06 17:15,0.0,0.0,0.0,4.5,4.5,30.0
RF.BNA.01,2026-10-06 17:15,0.0,0.0,1.0,5.0,17.0,21.5
RF.BNA.02,2026-10-06 17:15,0.0,0.0,0.5,4.5,11.0,16.0
RF.BNA.03,2026-10-06 17:15,0.0,0.0,0.5,5.0,11.5,17.0
RF.BPD.01,2026-10-06 17:15,0.0,0.0,0.0,4.0,5.0,14.5
RF.BRK.01,2026-10-06 17:15,0.0,0.0,0.0,3.0,3.5,50.0
RF.BRK.02,2026-10-06 17:15,0.0,0.0,0.5,2.5,3.0,57.5
RF.BSU.01,2026-10-06 17:15,0.0,0.0,0.0,4.5,4.5,16.5
RF.BSU.02,2026-10-06 17:15,0.0,0.0,0.0,8.5,14.5,35.5
RF.BSU.03,2026-10-06 17:15,0.0,0.0,0.0,6.5,6.5,19.0
RF.CTC.01,2026-10-06 17:15,0.0,0.0,0.0,4.5,5.0,44.0
RF.CTC.02,2026-10-06 17:15,0.0,0.0,0.0,0.0,0.0,13.5
RF.CTC.03,2026-10-06 17:15,0.0,0.0,0.0,10.5,21.5,30.0
RF.DDG.02,2026-10-06 17:15,0.0,0.0,0.0,2.0,2.5,36.5
RF.DST.01,2026-10-06 17:15,0.0,0.0,0.0,1.5,1.5,10.5
RF.DST.02,2026-10-06 17:15,0.0,0.0,0.0,4.0,4.0,11.5
RF.HKG.01,2026-10-06 17:15,0.0,0.0,0.0,2.0,3.5,61.0
RF.HKG.02,2026-10-06 17:15,0.0,0.0,0.0,2.0,2.5,50.0
RF.JTG.01,2026-10-06 17:15,0.0,0.0,0.0,4.0,4.0,71.5
RF.JTG.02,2026-10-06 17:15,0.0,0.0,0.0,2.0,2.0,53.0
RF.JTG.03,2026-10-06 17:15,0.0,0.0,0.0,7.5,8.0,56.0
RF.KNY.02,2026-10-06 17:15,0.0,0.0,0.0,3.0,18.0,29.5
RF.KSN.01,2026-10-06 17:15,0.0,0.0,0.0,2.0,2.5,53.0
RF.KSW.01,2026-10-06 17:15,0.0,0.0,0.0,0.5,17.5,54.5
RF.KSW.02,2026-10-06 17:15,0.0,0.0,0.0,3.0,26.5,75.0
RF.KTY.01,2026-10-06 17:15,0.0,0.0,0.5,3.5,8.5,30.0
RF.KTY.02,2026-10-06 17:15,0.0,0.0,0.0,5.5,10.5,44.0
RF.KTY.03,2026-10-06 17:15,0.0,0.0,0.5,3.5,8.5,23.5
RF.KTY.04,2026-10-06 17:15,0.0,0.0,0.5,3.5,8.0,24.5
RF.KTY.05,2026-10-06 17:15,0.0,0.0,0.0,3.0,3.5,50.0
RF.LKB.02,2026-10-06 17:15,0.0,0.0,0.0,2.0,13.5,23.5
RF.LKB.04,2026-10-06 17:15,0.0,0.0,0.0,0.5,14.0,35.5
RF.LPW.01,2026-10-06 17:15,0.0,0.0,0.0,0.0,0.0,0.0
RF.LSI.01,2026-10-06 17:15,0.0,0.0,0.0,2.0,4.0,19.0
RF.LSI.03,2026-10-06 17:15,0.0,0.0,0.0,3.0,10.5,13.5
RF.MBR.01,2026-10-06 17:15,0.0,0.0,0.0,3.5,30.5,54.0
RF.MBR.02,2026-10-06 17:15,0.0,0.0,0.0,4.0,46.5,72.5
RF.MBR.03,2026-10-06 17:15,0.0,0.0,0.5,3.5,61.0,80.0
RF.MBR.05,2026-10-06 17:15,0.0,0.0,0.0,3.0,4.5,4.5
RF.NJK.01,2026-10-06 17:15,0.0,0.0,0.0,2.0,19.0,21.0
RF.NJK.02,2026-10-06 17:15,0.0,0.0,0.0,2.5,12.0,15.0
RF.NJK.05,2026-10-06 17:15,0.0,0.5,0.5,0.5,0.5,0.5
RF.NJK.06,2026-10-06 17:15,0.0,0.0,0.0,2.0,2.5,11.0
RF.NJK.07,2026-10-06 17:15,0.0,0.0,0.0,4.5,63.5,69.5
RF.NKM.01,2026-10-06 17:15,0.0,0.0,0.0,21.5,21.5,21.5
RF.NKM.02,2026-10-06 17:15,0.0,0.0,0.0,16.0,16.5,16.5
RF.PKN.01,2026-10-06 17:15,0.0,0.0,1.0,6.0,16.5,32.5
RF.PKN.02,2026-10-06 17:15,0.0,0.0,0.0,3.5,17.0,29.5
RF.PKN.03,2026-10-06 17:15,0.0,0.0,0.5,4.5,16.0,20.5
RF.PKN.04,2026-10-06 17:15,0.0,0.0,0.5,4.0,18.5,26.0
RF.PNK.02,2026-10-06 17:15,0.0,0.0,0.5,3.5,3.5,22.0
RF.PNK.03,2026-10-06 17:15,0.0,0.0,0.0,4.0,4.0,35.0
RF.PPS.01,2026-10-06 17:15,0.0,0.0,0.5,2.5,2.5,43.0
RF.PSC.01,2026-10-06 17:15,0.0,0.0,0.0,1.5,2.0,4.0
RF.PSC.03,2026-10-06 17:15,0.0,0.0,0.0,3.5,3.5,4.5
RF.PSC.04,2026-10-06 17:15,0.0,0.0,0.5,2.5,2.5,8.5
RF.PSC.05,2026-10-06 17:15,0.0,0.0,0.0,5.5,5.5,14.0
RF.PTW.01,2026-10-06 17:15,0.0,0.0,0.0,0.0,0.0,0.0
RF.PTW.02,2026-10-06 17:15,0.0,0.0,0.0,2.0,2.5,50.0
RF.PWT.01,2026-10-06 17:15,0.0,0.0,0.0,3.0,22.0,36.0
RF.PWT.03,2026-10-06 17:15,0.0,0.0,0.5,3.5,32.0,42.0
RF.RBN.01,2026-10-06 17:15,0.0,0.0,0.0,2.0,2.0,60.5
RF.RBN.02,2026-10-06 17:15,0.0,0.0,0.0,1.5,2.5,54.0
RF.RTW.01,2026-10-06 17:15,0.0,0.0,0.0,2.0,2.0,52.0
RF.RTW.03,2026-10-06 17:15,0.0,0.0,0.5,2.5,3.0,46.0
RF.SLG.01,2026-10-06 17:15,0.0,0.0,0.0,1.5,20.0,38.0
RF.SLG.02,2026-10-06 17:15,0.0,0.0,0.0,2.0,24.5,41.0
RF.SMI.01,2026-10-06 17:15,0.0,0.0,0.0,2.0,19.5,21.5
RF.SMI.02,2026-10-06 17:15,0.0,0.0,0.0,1.0,3.0,49.5
RF.SMI.03,2026-10-06 17:15,0.0,0.0,0.0,3.0,10.5,26.5
RF.SMI.04,2026-10-06 17:15,0.0,0.0,0.0,3.0,4.5,61.0
RF.SPK.01,2026-10-06 17:15,0.5,0.5,1.0,3.0,3.5,8.5
RF.SPS.02,2026-10-06 17:15,0.0,0.0,0.0,3.0,17.0,33.0
RF.SPW.01,2026-10-06 17:15,0.0,0.0,0.0,2.5,3.0,56.5
RF.STN.01,2026-10-06 17:15,0.0,0.0,0.0,3.0,4.0,43.5
RF.STN.02,2026-10-06 17:15,0.0,0.0,0.0,3.0,4.0,45.0
RF.TBR.01,2026-10-06 17:15,0.0,0.0,0.0,1.5,1.5,22.0
RF.TBR.02,2026-10-06 17:15,0.0,0.0,0.0,2.0,2.5,48.0
RF.TBR.03,2026-10-06 17:15,0.0,0.0,0.0,3.0,3.5,73.0
RF.TKU.01,2026-10-06 17:15,0.0,0.0,0.0,1.0,2.5,20.0
RF.TKU.02,2026-10-06 17:15,0.0,0.0,0.0,0.5,1.0,33.0
RF.TLC.01,2026-10-06 17:15,0.0,0.0,0.5,4.5,4.5,12.0
RF.TLC.02,2026-10-06 17:15,0.0,0.0,0.0,11.5,11.5,19.5
RF.TLC.03,2026-10-06 17:15,0.0,0.0,0.0,5.5,5.5,16.0
RF.TWW.01,2026-10-06 17:15,0.0,0.0,0.0,43.0,43.0,45.5
RF.TWW.02,2026-10-06 17:15,0.0,0.0,0.0,11.5,12.0,12.0
RF.TWW.03,2026-10-06 17:15,0.0,0.0,0.0,19.5,20.0,22.0
RF.TWW.04,2026-10-06 17:15,0.0,0.0,0.0,36.0,36.0,36.0
RF.WTL.01,2026-10-06 17:15,0.0,0.0,0.0,2.0,2.5,42.5
RF.WTL.02,2026-10-06 17:15,0.0,0.0,0.0,2.5,3.0,57.5
RF.WTL.03,2026-10-06 17:15,0.0,0.0,0.0,2.5,2.5,30.5
RF.WTN.02,2026-10-06 17:15,0.0,0.0,0.0,2.0,3.0,60.5
RF.YNW.01,2026-10-06 17:15,0.0,0.0,0.0,7.5,11.5,35.5
RF.YNW.02,2026-10-06 17:15,0.0,0.0,0.5,8.5,13.5,33.5
RF.YNW.03,2026-10-06 17:15,0.0,0.0,0.0,2.0,3.5,27.5
RF.BKE.02,2026-10-06 18:10,0.0,0.0,0.0,3.5,3.5,8.5
RF.PNK.01,2026-10-06 18:10,0.0,0.0,0.0,1.5,2.0,25.5
RF.PSC.03,2026-10-06 18:10,0.0,0.0,0.0,1.0,3.5,4.5
RF.SPS.01,2026-10-06 18:10,0.0,0.0,0.0,2.0,18.0,50.0
RF.TBR.02,2026-10-06 18:10,0.0,0.0,0.0,1.0,2.5,48.0
RF.BBN.01,2026-10-06 18:15,0.0,0.0,0.0,4.0,41.5,55.0
RF.BBN.02,2026-10-06 18:15,0.0,0.0,0.0,3.5,26.0,40.0
RF.BKA.01,2026-10-06 18:15,0.0,0.0,0.0,2.0,4.0,5.0
RF.BKA.02,2026-10-06 18:15,0.0,0.0,0.0,1.5,13.5,15.0
RF.BKE.01,2026-10-06 18:15,0.0,0.0,0.0,9.5,18.0,25.5
RF.BKE.03,2026-10-06 18:15,0.0,0.0,0.0,14.0,30.0,30.0
RF.BKE.04,2026-10-06 18:15,0.0,0.0,0.0,11.0,27.0,27.0
RF.BKL.02,2026-10-06 18:15,0.0,0.0,0.0,1.0,2.0,54.0
RF.BKM.01,2026-10-06 18:15,0.0,0.0,0.0,1.5,15.0,37.0
RF.BKN.01,2026-10-06 18:15,0.0,0.0,0.0,1.0,3.0,15.0
RF.BKN.02,2026-10-06 18:15,0.0,0.0,0.0,1.5,2.5,18.5
RF.BKP.02,2026-10-06 18:15,0.0,0.0,0.0,2.5,4.0,44.5
RF.BKT.01,2026-10-06 18:15,0.0,0.0,0.0,3.0,13.5,60.0
RF.BKT.02,2026-10-06 18:15,0.0,0.0,0.0,0.5,20.5,23.5
RF.BKT.03,2026-10-06 18:15,0.0,0.0,0.0,1.0,42.5,49.0
RF.BKT.04,2026-10-06 18:15,0.0,0.0,0.0,2.0,6.0,47.0
RF.BKT.05,2026-10-06 18:15,0.0,0.0,0.0,2.0,5.0,66.0
RF.BKY.01,2026-10-06 18:15,0.0,0.0,0.0,1.0,1.5,14.5
RF.BKY.02,2026-10-06 18:15,0.0,0.0,0.0,1.5,4.5,30.0
RF.BNA.01,2026-10-06 18:15,0.0,0.0,0.0,3.0,17.0,21.0
RF.BNA.02,2026-10-06 18:15,0.0,0.0,0.0,2.5,11.0,16.0
RF.BNA.03,2026-10-06 18:15,0.0,0.0,0.0,2.0,11.5,17.0
RF.BPD.01,2026-10-06 18:15,0.0,0.0,0.0,1.5,5.0,14.5
RF.BRK.01,2026-10-06 18:15,0.0,0.0,0.0,3.0,3.5,50.0
RF.BRK.02,2026-10-06 18:15,0.0,0.0,0.0,2.5,3.0,57.5
RF.BSU.01,2026-10-06 18:15,0.0,0.0,0.0,1.5,4.5,16.5
RF.BSU.02,2026-10-06 18:15,0.0,0.0,0.0,1.5,14.5,35.5
RF.BSU.03,2026-10-06 18:15,0.0,0.0,0.0,1.5,6.5,19.0
RF.CTC.01,2026-10-06 18:15,0.0,0.0,0.0,2.5,5.0,44.0
RF.CTC.02,2026-10-06 18:15,0.0,0.0,0.0,0.0,0.0,13.5
RF.CTC.03,2026-10-06 18:15,0.0,0.0,0.0,1.0,21.5,30.0
RF.DDG.02,2026-10-06 18:15,0.0,0.0,0.0,2.0,2.0,36.5
RF.DST.01,2026-10-06 18:15,0.0,0.0,0.0,1.5,1.5,10.5
RF.DST.02,2026-10-06 18:15,0.0,0.0,0.0,2.0,4.0,11.5
RF.HKG.01,2026-10-06 18:15,0.0,0.0,0.0,1.5,3.5,61.0
RF.HKG.02,2026-10-06 18:15,0.0,0.0,0.0,2.0,2.5,50.0
RF.JTG.01,2026-10-06 18:15,0.0,0.0,0.0,0.0,4.0,71.5
RF.JTG.02,2026-10-06 18:15,0.0,0.0,0.0,1.0,2.0,53.0
RF.JTG.03,2026-10-06 18:15,0.0,0.0,0.0,1.5,7.5,56.0
RF.KNY.02,2026-10-06 18:15,0.0,0.0,0.0,2.0,18.0,29.5
RF.KSN.01,2026-10-06 18:15,0.0,0.0,0.0,2.0,2.0,53.0
RF.KSN.02,2026-10-06 18:15,0.0,0.0,0.0,1.0,2.0,45.5
RF.KSW.01,2026-10-06 18:15,0.0,0.0,0.0,0.0,17.5,54.5
RF.KSW.02,2026-10-06 18:15,0.0,0.0,0.0,2.5,26.5,75.0
RF.KTY.01,2026-10-06 18:15,0.0,0.0,0.0,2.5,8.0,28.0
RF.KTY.02,2026-10-06 18:15,0.0,0.0,0.0,2.5,10.5,44.0
RF.KTY.03,2026-10-06 18:15,0.0,0.0,0.0,2.5,7.0,23.5
RF.KTY.04,2026-10-06 18:15,0.0,0.0,0.0,3.0,7.0,23.0
RF.KTY.05,2026-10-06 18:15,0.0,0.0,0.0,2.5,3.5,50.0
RF.LKB.02,2026-10-06 18:15,0.0,0.0,0.0,2.0,11.5,23.5
RF.LKB.04,2026-10-06 18:15,0.0,0.0,0.0,0.5,13.5,17.0
RF.LPW.01,2026-10-06 18:15,0.0,0.0,0.0,0.0,0.0,0.0
RF.LSI.01,2026-10-06 18:15,0.0,0.0,0.0,2.0,4.0,19.0
RF.LSI.03,2026-10-06 18:15,0.0,0.0,0.0,1.5,10.5,13.5
RF.MBR.01,2026-10-06 18:15,0.0,0.0,0.0,2.5,30.5,54.0
RF.MBR.02,2026-10-06 18:15,0.0,0.0,0.0,2.5,46.5,72.5
RF.MBR.03,2026-10-06 18:15,0.0,0.0,0.0,3.0,61.0,80.0
RF.MBR.05,2026-10-06 18:15,0.0,0.0,0.0,3.0,4.5,4.5
RF.NJK.01,2026-10-06 18:15,0.0,0.0,0.0,1.5,19.0,21.0
RF.NJK.02,2026-10-06 18:15,0.0,0.0,0.0,2.0,12.0,15.0
RF.NJK.03,2026-10-06 18:15,0.0,0.0,0.0,2.0,41.0,41.5
RF.NJK.05,2026-10-06 18:15,0.0,0.0,0.5,0.5,0.5,0.5
RF.NJK.06,2026-10-06 18:15,0.0,0.0,0.0,2.0,2.0,11.0
RF.NJK.07,2026-10-06 18:15,0.0,0.0,0.0,4.0,63.5,69.5
RF.NKM.01,2026-10-06 18:15,0.0,0.0,0.0,9.5,21.5,21.5
RF.NKM.02,2026-10-06 18:15,0.0,0.0,0.0,9.0,16.5,16.5
RF.PKN.01,2026-10-06 18:15,0.0,0.0,0.5,4.0,12.5,32.5
RF.PKN.02,2026-10-06 18:15,0.0,0.0,0.0,2.0,17.0,27.5
RF.PKN.03,2026-10-06 18:15,0.0,0.0,0.0,3.0,16.0,20.0
RF.PKN.04,2026-10-06 18:15,0.0,0.0,0.0,2.5,18.5,25.0
RF.PNK.02,2026-10-06 18:15,0.0,0.0,0.0,3.0,3.5,22.0
RF.PNK.03,2026-10-06 18:15,0.0,0.0,0.0,2.0,4.0,35.0
RF.PPS.01,2026-10-06 18:15,0.0,0.0,0.0,2.5,2.5,43.0
RF.PSC.01,2026-10-06 18:15,0.0,0.0,0.0,1.0,2.0,4.0
RF.PSC.04,2026-10-06 18:15,0.0,0.0,0.0,1.5,2.5,8.5
RF.PSC.05,2026-10-06 18:15,0.0,0.0,0.0,1.0,5.5,14.0
RF.PTW.01,2026-10-06 18:15,0.0,0.0,0.0,0.0,0.0,0.0
RF.PTW.02,2026-10-06 18:15,0.0,0.0,0.0,2.0,2.5,50.0
RF.PWT.01,2026-10-06 18:15,0.0,0.0,0.0,2.0,22.0,36.0
RF.PWT.02,2026-10-06 18:15,0.0,0.0,0.0,1.0,21.0,32.0
RF.PWT.03,2026-10-06 18:15,0.0,0.0,0.5,2.0,31.5,42.0
RF.PYT.01,2026-10-06 18:15,0.0,0.0,0.0,2.5,4.5,34.0
RF.RBN.01,2026-10-06 18:15,0.0,0.0,0.0,0.5,2.0,60.5
RF.RBN.02,2026-10-06 18:15,0.0,0.0,0.0,0.5,2.5,54.0
RF.RTW.01,2026-10-06 18:15,0.0,0.0,0.0,2.0,2.0,52.0
RF.RTW.03,2026-10-06 18:15,0.0,0.0,0.0,2.5,3.0,46.0
RF.SLG.01,2026-10-06 18:15,0.0,0.0,0.0,1.5,20.0,38.0
RF.SLG.02,2026-10-06 18:15,0.0,0.0,0.0,1.5,24.0,41.0
RF.SMI.01,2026-10-06 18:15,0.0,0.0,0.0,1.0,19.5,21.5
RF.SMI.02,2026-10-06 18:15,0.0,0.0,0.0,0.5,3.0,49.5
RF.SMI.03,2026-10-06 18:15,0.0,0.0,0.0,2.0,10.5,26.5
RF.SMI.04,2026-10-06 18:15,0.0,0.0,0.0,1.0,4.5,61.0
RF.SPK.01,2026-10-06 18:15,0.0,0.0,0.5,2.0,3.5,8.5
RF.SPS.02,2026-10-06 18:15,0.0,0.0,0.0,2.0,17.0,33.0
RF.SPW.01,2026-10-06 18:15,0.0,0.0,0.0,2.5,3.0,56.5
RF.STN.01,2026-10-06 18:15,0.0,0.0,0.0,2.0,4.0,43.5
RF.STN.02,2026-10-06 18:15,0.0,0.0,0.0,2.0,4.0,45.0
RF.TBR.01,2026-10-06 18:15,0.0,0.0,0.0,1.0,1.5,22.0
RF.TBR.03,2026-10-06 18:15,0.0,0.0,0.0,0.5,3.5,73.0
RF.TKU.01,2026-10-06 18:15,0.0,0.0,0.0,0.5,2.5,20.0
RF.TKU.02,2026-10-06 18:15,0.0,0.0,0.0,0.5,0.5,33.0
RF.TLC.01,2026-10-06 18:15,0.0,0.0,0.0,1.5,4.5,12.0
RF.TLC.02,2026-10-06 18:15,0.0,0.0,0.0,0.5,11.5,19.5
RF.TLC.03,2026-10-06 18:15,0.0,0.0,0.0,1.5,5.5,16.0
RF.TWW.01,2026-10-06 18:15,0.0,0.0,0.0,4.5,43.0,45.5
RF.TWW.02,2026-10-06 18:15,0.0,0.0,0.0,1.5,12.0,12.0
RF.TWW.03,2026-10-06 18:15,0.0,0.0,0.0,2.5,19.5,22.0
RF.TWW.04,2026-10-06 18:15,0.0,0.0,0.0,6.5,36.0,36.0
RF.WTL.01,2026-10-06 18:15,0.0,0.0,0.0,2.0,2.5,42.5
RF.WTL.02,2026-10-06 18:15,0.0,0.0,0.0,2.0,3.0,57.5
RF.WTL.03,2026-10-06 18:15,0.0,0.0,0.0,2.0,2.5,30.5
RF.WTN.02,2026-10-06 18:15,0.0,0.0,0.0,2.0,3.0,60.5
RF.YNW.01,2026-10-06 18:15,0.0,0.0,0.0,1.5,11.0,35.5
RF.YNW.02,2026-10-06 18:15,0.0,0.0,0.0,2.0,13.0,33.5
RF.YNW.03,2026-10-06 18:15,0.0,0.0,0.0,0.5,3.0,27.5
RF.PNK.01,2026-10-06 19:10,0.0,0.0,0.0,1.5,2.0,25.5
RF.SPS.01,2026-10-06 19:10,0.0,0.0,0.0,0.5,18.0,50.0
RF.BBN.01,2026-10-06 19:15,0.0,0.0,0.0,0.0,40.5,55.0
RF.BBN.02,2026-10-06 19:15,0.0,0.0,0.0,0.0,26.0,40.0
RF.BKA.01,2026-10-06 19:15,0.0,0.0,0.0,1.0,4.0,5.0
RF.BKA.02,2026-10-06 19:15,0.0,0.0,0.0,1.0,13.5,15.0
RF.BKE.01,2026-10-06 19:15,0.0,0.0,0.0,0.0,18.0,25.5
RF.BKE.02,2026-10-06 19:15,0.0,0.0,0.0,0.0,3.5,8.5
RF.BKE.03,2026-10-06 19:15,0.0,0.0,0.0,0.0,30.0,30.0
RF.BKE.04,2026-10-06 19:15,0.0,0.0,0.0,0.0,27.0,27.0
RF.BKL.02,2026-10-06 19:15,0.0,0.0,0.0,0.5,2.0,54.0
RF.BKM.01,2026-10-06 19:15,0.0,0.0,0.0,0.5,15.0,37.0
RF.BKN.01,2026-10-06 19:15,0.0,0.0,0.0,0.5,3.0,15.0
RF.BKN.02,2026-10-06 19:15,0.0,0.0,0.0,1.5,2.5,18.5
RF.BKP.02,2026-10-06 19:15,0.0,0.0,0.0,1.0,4.0,44.5
RF.BKT.01,2026-10-06 19:15,0.0,0.0,0.0,0.0,13.0,60.0
RF.BKT.02,2026-10-06 19:15,0.0,0.0,0.0,0.0,20.0,23.5
RF.BKT.03,2026-10-06 19:15,0.0,0.0,0.0,0.5,42.0,49.0
RF.BKT.04,2026-10-06 19:15,0.0,0.0,0.0,0.0,6.0,47.0
RF.BKT.05,2026-10-06 19:15,0.0,0.0,0.0,0.5,5.0,66.0
RF.BKY.01,2026-10-06 19:15,0.0,0.0,0.0,0.5,1.5,14.5
RF.BKY.02,2026-10-06 19:15,0.0,0.0,0.0,1.0,4.5,30.0
RF.BNA.01,2026-10-06 19:15,0.0,0.0,0.0,2.5,17.0,21.0
RF.BNA.02,2026-10-06 19:15,0.0,0.0,0.0,2.5,11.0,16.0
RF.BNA.03,2026-10-06 19:15,0.0,0.0,0.0,1.5,11.5,17.0
RF.BPD.01,2026-10-06 19:15,0.0,0.0,0.0,1.5,5.0,14.5
RF.BRK.01,2026-10-06 19:15,0.0,0.0,0.0,2.5,3.5,50.0
RF.BRK.02,2026-10-06 19:15,0.0,0.0,0.0,2.5,3.0,57.5
RF.BSU.01,2026-10-06 19:15,0.0,0.0,0.0,1.5,4.5,16.5
RF.BSU.02,2026-10-06 19:15,0.0,0.0,0.0,1.0,14.5,35.5
RF.BSU.03,2026-10-06 19:15,0.0,0.0,0.0,1.0,6.5,19.0
RF.CTC.01,2026-10-06 19:15,0.0,0.0,0.0,1.5,5.0,44.0
RF.CTC.02,2026-10-06 19:15,0.0,0.0,0.0,0.0,0.0,13.5
RF.CTC.03,2026-10-06 19:15,0.0,0.0,0.0,0.5,21.5,30.0
RF.DDG.02,2026-10-06 19:15,0.0,0.0,0.0,2.0,2.0,36.5
RF.DST.01,2026-10-06 19:15,0.0,0.0,0.0,1.0,1.5,10.5
RF.DST.02,2026-10-06 19:15,0.0,0.0,0.0,1.5,4.0,11.5
RF.HKG.01,2026-10-06 19:15,0.0,0.0,0.0,1.5,3.5,61.0
RF.HKG.02,2026-10-06 19:15,0.0,0.0,0.0,1.5,2.5,50.0
RF.JTG.01,2026-10-06 19:15,0.0,0.0,0.0,0.0,4.0,71.5
RF.JTG.02,2026-10-06 19:15,0.0,0.0,0.0,0.5,2.0,53.0
RF.JTG.03,2026-10-06 19:15,0.0,0.0,0.0,0.0,7.5,56.0
RF.KNY.02,2026-10-06 19:15,0.0,0.0,0.0,0.0,18.0,29.5
RF.KSN.01,2026-10-06 19:15,0.0,0.0,0.0,1.5,2.0,53.0
RF.KSN.02,2026-10-06 19:15,0.0,0.0,0.0,0.5,2.0,45.5
RF.KSW.01,2026-10-06 19:15,0.0,0.0,0.0,0.0,17.5,54.5
RF.KSW.02,2026-10-06 19:15,0.0,0.0,0.0,0.5,26.5,75.0
RF.KTY.01,2026-10-06 19:15,0.0,0.0,0.0,2.5,8.0,28.0
RF.KTY.02,2026-10-06 19:15,0.0,0.0,0.0,2.0,10.5,44.0
RF.KTY.03,2026-10-06 19:15,0.0,0.0,0.0,2.5,7.0,23.5
RF.KTY.04,2026-10-06 19:15,0.0,0.0,0.0,3.0,7.0,22.5
RF.KTY.05,2026-10-06 19:15,0.0,0.0,0.0,2.0,3.5,50.0
RF.LKB.02,2026-10-06 19:15,0.0,0.0,0.0,0.5,11.5,23.5
RF.LKB.04,2026-10-06 19:15,0.0,0.0,0.0,0.0,13.5,14.5
RF.LPW.01,2026-10-06 19:15,0.0,0.0,0.0,0.0,0.0,0.0
RF.LSI.01,2026-10-06 19:15,0.0,0.0,0.0,1.0,4.0,19.0
RF.LSI.03,2026-10-06 19:15,0.0,0.0,0.0,0.5,10.5,13.5
RF.MBR.01,2026-10-06 19:15,0.0,0.0,0.0,1.0,30.5,54.0
RF.MBR.02,2026-10-06 19:15,0.0,0.0,0.0,0.5,46.5,72.5
RF.MBR.03,2026-10-06 19:15,0.0,0.0,0.0,1.0,61.0,80.0
RF.MBR.05,2026-10-06 19:15,0.0,0.0,0.0,0.5,4.5,4.5
RF.NJK.01,2026-10-06 19:15,0.0,0.0,0.0,0.0,19.0,21.0
RF.NJK.02,2026-10-06 19:15,0.0,0.0,0.0,0.5,12.0,15.0
RF.NJK.03,2026-10-06 19:15,0.0,0.0,0.0,0.0,41.0,41.5
RF.NJK.05,2026-10-06 19:15,0.0,0.0,0.5,0.5,0.5,0.5
RF.NJK.06,2026-10-06 19:15,0.0,0.0,0.0,0.5,2.0,11.0
RF.NJK.07,2026-10-06 19:15,0.0,0.0,0.0,0.5,63.5,67.5
RF.NKM.01,2026-10-06 19:15,0.0,0.0,0.0,0.0,21.5,21.5
RF.NKM.02,2026-10-06 19:15,0.0,0.0,0.0,0.5,16.0,16.5
RF.PKN.01,2026-10-06 19:15,0.0,0.0,0.0,4.0,12.5,32.0
RF.PKN.02,2026-10-06 19:15,0.0,0.0,0.0,2.0,17.0,27.5
RF.PKN.03,2026-10-06 19:15,0.0,0.0,0.0,2.5,16.0,20.0
RF.PKN.04,2026-10-06 19:15,0.0,0.0,0.0,2.5,18.5,24.5
RF.PNK.02,2026-10-06 19:15,0.0,0.0,0.0,3.0,3.5,22.0
RF.PNK.03,2026-10-06 19:15,0.0,0.0,0.0,2.0,4.0,35.0
RF.PPS.01,2026-10-06 19:15,0.0,0.0,0.0,2.0,2.5,43.0
RF.PSC.01,2026-10-06 19:15,0.0,0.0,0.0,0.0,1.5,4.0
RF.PSC.03,2026-10-06 19:15,0.0,0.0,0.0,0.0,3.5,4.5
RF.PSC.04,2026-10-06 19:15,0.0,0.0,0.0,1.0,2.5,8.5
RF.PSC.05,2026-10-06 19:15,0.0,0.0,0.0,0.5,5.5,14.0
RF.PTW.01,2026-10-06 19:15,0.0,0.0,0.0,0.0,0.0,0.0
RF.PTW.02,2026-10-06 19:15,0.0,0.0,0.0,2.0,2.5,50.0
RF.PWT.01,2026-10-06 19:15,0.0,0.0,0.0,0.5,22.0,36.0
RF.PWT.02,2026-10-06 19:15,0.0,0.0,0.0,0.5,21.0,32.0
RF.PWT.03,2026-10-06 19:15,0.0,0.0,0.0,1.5,31.5,42.0
RF.PYT.01,2026-10-06 19:15,0.0,0.0,0.0,2.0,4.5,34.0
RF.RBN.01,2026-10-06 19:15,0.0,0.0,0.0,0.0,2.0,60.5
RF.RBN.02,2026-10-06 19:15,0.0,0.0,0.0,0.5,2.5,54.0
RF.RTW.01,2026-10-06 19:15,0.0,0.0,0.0,2.0,2.0,52.0
RF.RTW.03,2026-10-06 19:15,0.0,0.0,0.0,2.5,3.0,46.0
RF.SLG.01,2026-10-06 19:15,0.0,0.0,0.0,1.0,20.0,38.0
RF.SLG.02,2026-10-06 19:15,0.0,0.0,0.0,1.0,24.0,41.0
RF.SMI.01,2026-10-06 19:15,0.0,0.0,0.0,0.0,19.5,21.5
RF.SMI.02,2026-10-06 19:15,0.0,0.0,0.0,0.0,3.0,49.5
RF.SMI.03,2026-10-06 19:15,0.0,0.0,0.0,0.0,10.5,26.5
RF.SMI.04,2026-10-06 19:15,0.0,0.0,0.0,0.0,4.5,61.0
RF.SPK.01,2026-10-06 19:15,0.0,0.0,0.5,2.0,3.5,8.5
RF.SPS.02,2026-10-06 19:15,0.0,0.0,0.0,0.5,17.0,33.0
RF.SPW.01,2026-10-06 19:15,0.0,0.0,0.0,2.0,3.0,56.5
RF.STN.01,2026-10-06 19:15,0.0,0.0,0.0,1.5,4.0,43.5
RF.STN.02,2026-10-06 19:15,0.0,0.0,0.0,2.0,4.0,45.0
RF.TBR.01,2026-10-06 19:15,0.0,0.0,0.0,1.0,1.5,22.0
RF.TBR.02,2026-10-06 19:15,0.0,0.0,0.0,0.5,2.5,48.0
RF.TBR.03,2026-10-06 19:15,0.0,0.0,0.0,0.5,3.5,73.0
RF.TKU.01,2026-10-06 19:15,0.0,0.0,0.0,0.5,2.5,20.0
RF.TKU.02,2026-10-06 19:15,0.0,0.0,0.0,0.5,0.5,33.0
RF.TLC.01,2026-10-06 19:15,0.0,0.0,0.0,1.0,4.5,12.0
RF.TLC.02,2026-10-06 19:15,0.0,0.0,0.0,0.5,11.5,19.5
RF.TLC.03,2026-10-06 19:15,0.0,0.0,0.0,0.5,5.5,16.0
RF.TWW.01,2026-10-06 19:15,0.0,0.0,0.0,0.0,43.0,45.5
RF.TWW.02,2026-10-06 19:15,0.0,0.0,0.0,0.0,12.0,12.0
RF.TWW.03,2026-10-06 19:15,0.0,0.0,0.0,0.0,19.5,22.0
RF.TWW.04,2026-10-06 19:15,0.0,0.0,0.0,0.0,36.0,36.0
RF.WTL.01,2026-10-06 19:15,0.0,0.0,0.0,1.0,2.0,42.5
RF.WTL.02,2026-10-06 19:15,0.0,0.0,0.0,1.0,3.0,57.5
RF.WTL.03,2026-10-06 19:15,0.0,0.0,0.0,1.0,2.5,30.5
RF.WTN.02,2026-10-06 19:15,0.0,0.0,0.0,2.0,3.0,60.5
RF.YNW.01,2026-10-06 19:15,0.0,0.0,0.0,1.5,11.0,35.5
RF.YNW.02,2026-10-06 19:15,0.0,0.0,0.0,1.5,13.0,33.5
RF.YNW.03,2026-10-06 19:15,0.0,0.0,0.0,0.5,3.0,27.5
RF.BKE.02,2026-10-06 20:10,0.0,0.0,0.0,0.0,3.5,8.5
RF.BKY.01,2026-10-06 20:10,0.0,0.0,0.0,0.0,1.5,14.5
RF.PNK.01,2026-10-06 20:10,0.0,0.0,0.0,0.5,1.5,25.5
RF.SLG.02,2026-10-06 20:10,0.0,0.0,0.0,0.0,24.0,41.0
RF.SPS.01,2026-10-06 20:10,0.0,0.0,0.0,0.0,18.0,50.0
RF.BBN.01,2026-10-06 20:15,0.0,0.0,0.0,0.0,40.5,55.0
RF.BBN.02,2026-10-06 20:15,0.0,0.0,0.0,0.0,26.0,40.0
RF.BKA.01,2026-10-06 20:15,0.0,0.0,0.0,0.0,4.0,5.0
RF.BKA.02,2026-10-06 20:15,0.0,0.0,0.0,0.0,13.5,15.0
RF.BKE.01,2026-10-06 20:15,0.0,0.0,0.0,0.0,18.0,25.5
RF.BKE.03,2026-10-06 20:15,0.0,0.0,0.0,0.0,30.0,30.0
RF.BKE.04,2026-10-06 20:15,0.0,0.0,0.0,0.0,27.0,27.0
RF.BKL.02,2026-10-06 20:15,0.0,0.0,0.0,0.0,2.0,54.0
RF.BKM.01,2026-10-06 20:15,0.0,0.0,0.0,0.0,15.0,37.0
RF.BKN.01,2026-10-06 20:15,0.0,0.0,0.0,0.0,2.5,15.0
RF.BKN.02,2026-10-06 20:15,0.0,0.0,0.0,0.0,2.5,18.5
RF.BKP.02,2026-10-06 20:15,0.0,0.0,0.0,0.0,4.0,44.5
RF.BKT.01,2026-10-06 20:15,0.0,0.0,0.0,0.0,13.0,60.0
RF.BKT.02,2026-10-06 20:15,0.0,0.0,0.0,0.0,20.0,23.5
RF.BKT.03,2026-10-06 20:15,0.0,0.0,0.0,0.0,42.0,49.0
RF.BKT.04,2026-10-06 20:15,0.0,0.0,0.0,0.0,6.0,47.0
RF.BKT.05,2026-10-06 20:15,0.0,0.0,0.0,0.0,5.0,66.0
RF.BKY.02,2026-10-06 20:15,0.0,0.0,0.0,0.0,4.5,30.0
RF.BNA.01,2026-10-06 20:15,0.0,0.0,0.0,1.0,17.0,21.0
RF.BNA.02,2026-10-06 20:15,0.0,0.0,0.0,0.5,11.0,16.0
RF.BNA.03,2026-10-06 20:15,0.0,0.0,0.0,0.5,11.5,17.0
RF.BPD.01,2026-10-06 20:15,0.0,0.0,0.0,0.0,5.0,14.5
RF.BRK.01,2026-10-06 20:15,0.0,0.0,0.0,0.0,3.0,50.0
RF.BRK.02,2026-10-06 20:15,0.0,0.0,0.0,0.5,3.0,57.5
RF.BSU.01,2026-10-06 20:15,0.0,0.0,0.0,0.0,4.5,16.5
RF.BSU.02,2026-10-06 20:15,0.0,0.0,0.0,0.0,14.5,35.5
RF.BSU.03,2026-10-06 20:15,0.0,0.0,0.0,0.0,6.5,19.0
RF.CTC.01,2026-10-06 20:15,0.0,0.0,0.0,0.0,5.0,44.0
RF.CTC.02,2026-10-06 20:15,0.0,0.0,0.0,0.0,0.0,13.5
RF.CTC.03,2026-10-06 20:15,0.0,0.0,0.0,0.0,21.5,30.0
RF.DDG.02,2026-10-06 20:15,0.0,0.0,0.0,0.0,2.0,36.5
RF.DST.01,2026-10-06 20:15,0.0,0.0,0.0,0.0,1.5,10.5
RF.DST.02,2026-10-06 20:15,0.0,0.0,0.0,0.0,4.0,11.5
RF.HKG.01,2026-10-06 20:15,0.0,0.0,0.0,0.0,3.5,61.0
RF.HKG.02,2026-10-06 20:15,0.0,0.0,0.0,0.0,2.5,50.0
RF.JTG.01,2026-10-06 20:15,0.0,0.0,0.0,0.0,4.0,71.5
RF.JTG.02,2026-10-06 20:15,0.0,0.0,0.0,0.0,2.0,53.0
RF.JTG.03,2026-10-06 20:15,0.0,0.0,0.0,0.0,7.5,56.0
RF.KNY.02,2026-10-06 20:15,0.0,0.0,0.0,0.0,18.0,29.5
RF.KSN.01,2026-10-06 20:15,0.0,0.0,0.0,0.0,2.0,53.0
RF.KSN.02,2026-10-06 20:15,0.0,0.0,0.0,0.0,2.0,45.5
RF.KSW.01,2026-10-06 20:15,0.0,0.0,0.0,0.0,17.5,54.5
RF.KSW.02,2026-10-06 20:15,0.0,0.0,0.0,0.0,26.5,75.0
RF.KTY.01,2026-10-06 20:15,0.0,0.0,0.0,0.5,8.0,28.0
RF.KTY.02,2026-10-06 20:15,0.0,0.0,0.0,0.0,10.5,44.0
RF.KTY.03,2026-10-06 20:15,0.0,0.0,0.0,0.5,7.0,23.5
RF.KTY.04,2026-10-06 20:15,0.0,0.0,0.0,0.5,7.0,22.5
RF.KTY.05,2026-10-06 20:15,0.0,0.0,0.0,0.0,3.5,50.0
RF.LKB.02,2026-10-06 20:15,0.0,0.0,0.0,0.0,11.5,23.5
RF.LKB.04,2026-10-06 20:15,0.0,0.0,0.0,0.0,13.5,14.5
RF.LPW.01,2026-10-06 20:15,0.0,0.0,0.0,0.0,0.0,0.0
RF.LSI.01,2026-10-06 20:15,0.0,0.0,0.0,0.0,4.0,19.0
RF.LSI.03,2026-10-06 20:15,0.0,0.0,0.0,0.0,10.5,13.5
RF.MBR.01,2026-10-06 20:15,0.0,0.0,0.0,0.0,30.5,54.0
RF.MBR.02,2026-10-06 20:15,0.0,0.0,0.0,0.0,46.5,72.5
RF.MBR.03,2026-10-06 20:15,0.0,0.0,0.0,0.5,61.0,80.0
RF.MBR.05,2026-10-06 20:15,0.0,0.0,0.0,0.0,4.5,4.5
RF.NJK.01,2026-10-06 20:15,0.0,0.0,0.0,0.0,19.0,21.0
RF.NJK.02,2026-10-06 20:15,0.0,0.0,0.0,0.0,12.0,15.0
RF.NJK.03,2026-10-06 20:15,0.0,0.0,0.0,0.0,41.0,41.5
RF.NJK.05,2026-10-06 20:15,0.0,0.0,0.0,0.5,0.5,0.5
RF.NJK.06,2026-10-06 20:15,0.0,0.0,0.0,0.0,2.0,11.0
RF.NJK.07,2026-10-06 20:15,0.0,0.0,0.0,0.0,63.5,67.5
RF.NKM.01,2026-10-06 20:15,0.0,0.0,0.0,0.0,21.5,21.5
RF.NKM.02,2026-10-06 20:15,0.0,0.0,0.0,0.0,16.0,16.5
RF.PKN.01,2026-10-06 20:15,0.0,0.0,0.0,1.0,12.5,32.0
RF.PKN.02,2026-10-06 20:15,0.0,0.0,0.0,0.0,17.0,27.5
RF.PKN.03,2026-10-06 20:15,0.0,0.0,0.0,0.5,16.0,20.0
RF.PKN.04,2026-10-06 20:15,0.0,0.0,0.0,0.5,18.5,24.5
RF.PNK.02,2026-10-06 20:15,0.0,0.0,0.0,0.5,3.5,22.0
RF.PNK.03,2026-10-06 20:15,0.0,0.0,0.0,0.0,4.0,35.0
RF.PPS.01,2026-10-06 20:15,0.0,0.0,0.0,0.5,2.5,43.0
RF.PSC.01,2026-10-06 20:15,0.0,0.0,0.0,0.0,1.5,4.0
RF.PSC.03,2026-10-06 20:15,0.0,0.0,0.0,0.0,3.5,4.5
RF.PSC.04,2026-10-06 20:15,0.0,0.0,0.0,0.5,2.5,8.5
RF.PSC.05,2026-10-06 20:15,0.0,0.0,0.0,0.0,5.5,14.0
RF.PTW.01,2026-10-06 20:15,0.0,0.0,0.0,0.0,0.0,0.0
RF.PTW.02,2026-10-06 20:15,0.0,0.0,0.0,0.0,2.0,50.0
RF.PWT.01,2026-10-06 20:15,0.0,0.0,0.0,0.0,22.0,36.0
RF.PWT.02,2026-10-06 20:15,0.0,0.0,0.0,0.0,21.0,32.0
RF.PWT.03,2026-10-06 20:15,0.0,0.0,0.0,0.5,31.5,42.0
RF.PYT.01,2026-10-06 20:15,0.0,0.0,0.0,0.0,4.0,34.0
RF.RBN.01,2026-10-06 20:15,0.0,0.0,0.0,0.0,2.0,60.5
RF.RBN.02,2026-10-06 20:15,0.0,0.0,0.0,0.0,2.5,54.0
RF.RTW.01,2026-10-06 20:15,0.0,0.0,0.0,0.0,2.0,52.0
RF.RTW.03,2026-10-06 20:15,0.0,0.0,0.0,0.5,2.5,46.0
RF.SLG.01,2026-10-06 20:15,0.0,0.0,0.0,0.0,20.0,38.0
RF.SMI.01,2026-10-06 20:15,0.0,0.0,0.0,0.0,19.5,21.5
RF.SMI.02,2026-10-06 20:15,0.0,0.0,0.0,0.0,3.0,49.5
RF.SMI.03,2026-10-06 20:15,0.0,0.0,0.0,0.0,10.5,26.5
RF.SMI.04,2026-10-06 20:15,0.0,0.0,0.0,0.0,4.5,61.0
RF.SPK.01,2026-10-06 20:15,0.0,0.0,0.0,1.0,3.5,8.5
RF.SPS.02,2026-10-06 20:15,0.0,0.0,0.0,0.0,17.0,33.0
RF.SPW.01,2026-10-06 20:15,0.0,0.0,0.0,0.0,3.0,56.5
RF.STN.01,2026-10-06 20:15,0.0,0.0,0.0,0.0,4.0,43.5
RF.STN.02,2026-10-06 20:15,0.0,0.0,0.0,0.0,4.0,45.0
RF.TBR.01,2026-10-06 20:15,0.0,0.0,0.0,0.0,1.5,22.0
RF.TBR.02,2026-10-06 20:15,0.0,0.0,0.0,0.0,2.5,48.0
RF.TBR.03,2026-10-06 20:15,0.0,0.0,0.0,0.0,3.0,73.0
RF.TKU.01,2026-10-06 20:15,0.0,0.0,0.0,0.0,2.0,20.0
RF.TKU.02,2026-10-06 20:15,0.0,0.0,0.0,0.0,0.5,33.0
RF.TLC.01,2026-10-06 20:15,0.0,0.0,0.0,0.5,4.5,12.0
RF.TLC.02,2026-10-06 20:15,0.0,0.0,0.0,0.0,11.5,19.5
RF.TLC.03,2026-10-06 20:15,0.0,0.0,0.0,0.0,5.5,16.0
RF.TWW.01,2026-10-06 20:15,0.0,0.0,0.0,0.0,43.0,45.5
RF.TWW.02,2026-10-06 20:15,0.0,0.0,0.0,0.0,12.0,12.0
RF.TWW.03,2026-10-06 20:15,0.0,0.0,0.0,0.0,19.5,22.0
RF.TWW.04,2026-10-06 20:15,0.0,0.0,0.0,0.0,36.0,36.0
RF.WTL.01,2026-10-06 20:15,0.0,0.0,0.0,0.0,2.0,42.5
RF.WTL.02,2026-10-06 20:15,0.0,0.0,0.0,0.0,3.0,57.5
RF.WTL.03,2026-10-06 20:15,0.0,0.0,0.0,0.0,2.5,30.5
RF.WTN.02,2026-10-06 20:15,0.0,0.0,0.0,0.0,3.0,60.5
RF.YNW.01,2026-10-06 20:15,0.0,0.0,0.0,0.0,11.0,35.5
RF.YNW.02,2026-10-06 20:15,0.0,0.0,0.0,0.5,13.0,33.5
RF.YNW.03,2026-10-06 20:15,0.0,0.0,0.0,0.0,3.0,27.5
RF.PNK.01,2026-10-06 21:10,0.0,0.0,0.0,0.0,1.5,25.5
RF.SPS.01,2026-10-06 21:10,0.0,0.0,0.0,0.0,18.0,50.0
RF.BBN.01,2026-10-06 21:15,0.0,0.0,0.0,0.0,40.5,55.0
RF.BBN.02,2026-10-06 21:15,0.0,0.0,0.0,0.0,26.0,40.0
RF.BKA.01,2026-10-06 21:15,0.0,0.0,0.0,0.0,4.0,5.0
RF.BKA.02,2026-10-06 21:15,0.0,0.0,0.0,0.0,13.5,15.0
RF.BKE.01,2026-10-06 21:15,0.0,0.0,0.0,0.0,18.0,25.5
RF.BKE.02,2026-10-06 21:15,0.0,0.0,0.0,0.0,3.5,8.5
RF.BKE.03,2026-10-06 21:15,0.0,0.0,0.0,0.0,29.5,30.0
RF.BKE.04,2026-10-06 21:15,0.0,0.0,0.0,0.0,27.0,27.0
RF.BKL.02,2026-10-06 21:15,0.0,0.0,0.0,0.0,2.0,54.0
RF.BKM.01,2026-10-06 21:15,0.0,0.0,0.0,0.0,15.0,37.0
RF.BKN.01,2026-10-06 21:15,0.0,0.0,0.0,0.0,2.5,15.0
RF.BKN.02,2026-10-06 21:15,0.0,0.0,0.0,0.0,2.5,18.5
RF.BKP.02,2026-10-06 21:15,0.0,0.0,0.0,0.0,4.0,44.5
RF.BKT.01,2026-10-06 21:15,0.0,0.0,0.0,0.0,13.0,60.0
RF.BKT.02,2026-10-06 21:15,0.0,0.0,0.0,0.0,20.0,23.5
RF.BKT.03,2026-10-06 21:15,0.0,0.0,0.0,0.0,42.0,49.0
RF.BKT.04,2026-10-06 21:15,0.0,0.0,0.0,0.0,6.0,47.0
RF.BKT.05,2026-10-06 21:15,0.0,0.0,0.0,0.0,5.0,66.0
RF.BKY.01,2026-10-06 21:15,0.0,0.0,0.0,0.0,1.5,14.5
RF.BKY.02,2026-10-06 21:15,0.0,0.0,0.0,0.0,4.5,30.0
RF.BNA.01,2026-10-06 21:15,0.0,0.0,0.0,0.0,17.0,21.0
RF.BNA.02,2026-10-06 21:15,0.0,0.0,0.0,0.0,11.0,16.0
RF.BNA.03,2026-10-06 21:15,0.0,0.0,0.0,0.0,11.5,17.0
RF.BPD.01,2026-10-06 21:15,0.0,0.0,0.0,0.0,5.0,14.5
RF.BRK.01,2026-10-06 21:15,0.0,0.0,0.0,0.0,3.0,50.0
RF.BRK.02,2026-10-06 21:15,0.0,0.0,0.0,0.0,2.5,57.5
RF.BSU.01,2026-10-06 21:15,0.0,0.0,0.0,0.0,4.5,16.5
RF.BSU.02,2026-10-06 21:15,0.0,0.0,0.0,0.0,14.5,35.5
RF.BSU.03,2026-10-06 21:15,0.0,0.0,0.0,0.0,6.5,19.0
RF.CTC.01,2026-10-06 21:15,0.0,0.0,0.0,0.0,5.0,44.0
RF.CTC.02,2026-10-06 21:15,0.0,0.0,0.0,0.0,0.0,13.5
RF.CTC.03,2026-10-06 21:15,0.0,0.0,0.0,0.0,21.5,30.0
RF.DDG.02,2026-10-06 21:15,0.0,0.0,0.0,0.0,2.0,36.5
RF.DST.01,2026-10-06 21:15,0.0,0.0,0.0,0.0,1.5,10.5
RF.DST.02,2026-10-06 21:15,0.0,0.0,0.0,0.0,4.0,11.5
RF.HKG.01,2026-10-06 21:15,0.0,0.0,0.0,0.0,3.5,61.0
RF.HKG.02,2026-10-06 21:15,0.0,0.0,0.0,0.0,2.5,50.0
RF.JTG.01,2026-10-06 21:15,0.0,0.0,0.0,0.0,4.0,71.5
RF.JTG.02,2026-10-06 21:15,0.0,0.0,0.0,0.0,2.0,53.0
RF.JTG.03,2026-10-06 21:15,0.0,0.0,0.0,0.0,7.5,56.0
RF.KNY.02,2026-10-06 21:15,0.0,0.0,0.0,0.0,18.0,29.5
RF.KSN.01,2026-10-06 21:15,0.0,0.0,0.0,0.0,2.0,53.0
RF.KSN.02,2026-10-06 21:15,0.0,0.0,0.0,0.0,2.0,45.5
RF.KSW.01,2026-10-06 21:15,0.0,0.0,0.0,0.0,17.5,54.5
RF.KSW.02,2026-10-06 21:15,0.0,0.0,0.0,0.0,26.5,75.0
RF.KTY.01,2026-10-06 21:15,0.0,0.0,0.0,0.0,8.0,28.0
RF.KTY.02,2026-10-06 21:15,0.0,0.0,0.0,0.0,10.5,44.0
RF.KTY.03,2026-10-06 21:15,0.0,0.0,0.0,0.0,7.0,23.5
RF.KTY.04,2026-10-06 21:15,0.0,0.0,0.0,0.0,7.0,22.5
RF.KTY.05,2026-10-06 21:15,0.0,0.0,0.0,0.0,3.5,50.0
RF.LKB.02,2026-10-06 21:15,0.0,0.0,0.0,0.0,11.5,23.5
RF.LKB.04,2026-10-06 21:15,0.0,0.0,0.0,0.0,13.5,14.5
RF.LPW.01,2026-10-06 21:15,0.0,0.0,0.0,0.0,0.0,0.0
RF.LSI.01,2026-10-06 21:15,0.0,0.0,0.0,0.0,4.0,19.0
RF.LSI.03,2026-10-06 21:15,0.0,0.0,0.0,0.0,10.5,13.5
RF.MBR.01,2026-10-06 21:15,0.0,0.0,0.0,0.0,30.5,54.0
RF.MBR.02,2026-10-06 21:15,0.0,0.0,0.0,0.0,46.5,72.5
RF.MBR.03,2026-10-06 21:15,0.0,0.0,0.0,0.0,61.0,80.0
RF.MBR.05,2026-10-06 21:15,0.0,0.0,0.0,0.0,4.5,4.5
RF.NJK.01,2026-10-06 21:15,0.0,0.0,0.0,0.0,19.0,21.0
RF.NJK.02,2026-10-06 21:15,0.0,0.0,0.0,0.0,12.0,15.0
RF.NJK.03,2026-10-06 21:15,0.0,0.0,0.0,0.0,41.0,41.5
RF.NJK.05,2026-10-06 21:15,0.0,0.0,0.0,0.5,0.5,0.5
RF.NJK.06,2026-10-06 21:15,0.0,0.0,0.0,0.0,2.0,11.0
RF.NJK.07,2026-10-06 21:15,0.0,0.0,0.0,0.0,63.5,67.0
RF.NKM.01,2026-10-06 21:15,0.0,0.0,0.0,0.0,21.5,21.5
RF.NKM.02,2026-10-06 21:15,0.0,0.0,0.0,0.0,16.0,16.5
RF.PKN.01,2026-10-06 21:15,0.0,0.0,0.0,0.5,12.5,32.0
RF.PKN.02,2026-10-06 21:15,0.0,0.0,0.0,0.0,17.0,27.5
RF.PKN.03,2026-10-06 21:15,0.0,0.0,0.0,0.0,16.0,20.0
RF.PKN.04,2026-10-06 21:15,0.0,0.0,0.0,0.0,18.5,24.5
RF.PNK.02,2026-10-06 21:15,0.0,0.0,0.0,0.0,3.5,22.0
RF.PNK.03,2026-10-06 21:15,0.0,0.0,0.0,0.0,4.0,35.0
RF.PPS.01,2026-10-06 21:15,0.0,0.0,0.0,0.0,2.5,43.0
RF.PSC.01,2026-10-06 21:15,0.0,0.0,0.0,0.0,1.5,4.0
RF.PSC.03,2026-10-06 21:15,0.0,0.0,0.0,0.0,3.5,4.5
RF.PSC.04,2026-10-06 21:15,0.0,0.0,0.0,0.0,2.5,8.5
RF.PSC.05,2026-10-06 21:15,0.0,0.0,0.0,0.0,5.5,14.0
RF.PTW.01,2026-10-06 21:15,0.0,0.0,0.0,0.0,0.0,0.0
RF.PTW.02,2026-10-06 21:15,0.0,0.0,0.0,0.0,2.0,50.0
RF.PWT.01,2026-10-06 21:15,0.0,0.0,0.0,0.0,22.0,36.0
RF.PWT.02,2026-10-06 21:15,0.0,0.0,0.0,0.0,21.0,32.0
RF.PWT.03,2026-10-06 21:15,0.0,0.0,0.0,0.5,31.5,42.0
RF.PYT.01,2026-10-06 21:15,0.0,0.0,0.0,0.0,4.0,34.0
RF.RBN.01,2026-10-06 21:15,0.0,0.0,0.0,0.0,2.0,60.5
RF.RBN.02,2026-10-06 21:15,0.0,0.0,0.0,0.0,2.5,54.0
RF.RTW.01,2026-10-06 21:15,0.0,0.0,0.0,0.0,2.0,52.0
RF.RTW.03,2026-10-06 21:15,0.0,0.0,0.0,0.0,2.5,46.0
RF.SLG.01,2026-10-06 21:15,0.0,0.0,0.0,0.0,20.0,38.0
RF.SLG.02,2026-10-06 21:15,0.0,0.0,0.0,0.0,24.0,41.0
RF.SMI.01,2026-10-06 21:15,0.0,0.0,0.0,0.0,19.5,21.5
RF.SMI.02,2026-10-06 21:15,0.0,0.0,0.0,0.0,3.0,49.5
RF.SMI.03,2026-10-06 21:15,0.0,0.0,0.0,0.0,10.5,26.5
RF.SMI.04,2026-10-06 21:15,0.0,0.0,0.0,0.0,4.5,61.0
RF.SPK.01,2026-10-06 21:15,0.0,0.0,0.0,0.5,3.5,8.5
RF.SPS.02,2026-10-06 21:15,0.0,0.0,0.0,0.0,17.0,33.0
RF.SPW.01,2026-10-06 21:15,0.0,0.0,0.0,0.0,3.0,56.5
RF.STN.01,2026-10-06 21:15,0.0,0.0,0.0,0.0,4.0,43.5
RF.STN.02,2026-10-06 21:15,0.0,0.0,0.0,0.0,4.0,45.0
RF.TBR.01,2026-10-06 21:15,0.0,0.0,0.0,0.0,1.5,22.0
RF.TBR.02,2026-10-06 21:15,0.0,0.0,0.0,0.0,2.5,48.0
RF.TBR.03,2026-10-06 21:15,0.0,0.0,0.0,0.0,3.0,73.0
RF.TKU.01,2026-10-06 21:15,0.0,0.0,0.0,0.0,2.0,20.0
RF.TKU.02,2026-10-06 21:15,0.0,0.0,0.0,0.0,0.5,33.0
RF.TLC.01,2026-10-06 21:15,0.0,0.0,0.0,0.0,4.5,12.0
RF.TLC.02,2026-10-06 21:15,0.0,0.0,0.0,0.0,11.5,19.5
RF.TLC.03,2026-10-06 21:15,0.0,0.0,0.0,0.0,5.5,16.0
RF.TWW.01,2026-10-06 21:15,0.0,0.0,0.0,0.0,43.0,45.5
RF.TWW.02,2026-10-06 21:15,0.0,0.5,0.5,0.5,12.5,12.5
RF.TWW.03,2026-10-06 21:15,0.0,0.0,0.0,0.0,19.5,22.0
RF.TWW.04,2026-10-06 21:15,0.0,0.0,0.0,0.0,36.0,36.0
RF.WTL.01,2026-10-06 21:15,0.0,0.0,0.0,0.0,2.0,42.5
RF.WTL.02,2026-10-06 21:15,0.0,0.0,0.0,0.0,3.0,57.5
RF.WTL.03,2026-10-06 21:15,0.0,0.0,0.0,0.0,2.5,30.5
RF.WTN.02,2026-10-06 21:15,0.0,0.0,0.0,0.0,3.0,60.5
RF.YNW.01,2026-10-06 21:15,0.0,0.0,0.0,0.0,11.0,35.5
RF.YNW.02,2026-10-06 21:15,0.0,0.0,0.0,0.0,13.0,33.5
RF.YNW.03,2026-10-06 21:15,0.0,0.0,0.0,0.0,3.0,27.5
RF.BKL.02,2026-10-06 22:10,0.0,0.0,0.0,0.0,2.0,54.0
RF.PNK.01,2026-10-06 22:10,0.0,0.0,0.0,0.0,1.5,25.5
RF.SPS.01,2026-10-06 22:10,0.0,0.0,0.0,0.0,9.0,50.0
RF.BBN.01,2026-10-06 22:15,0.0,0.0,0.0,0.0,40.5,55.0
RF.BBN.02,2026-10-06 22:15,0.0,0.0,0.0,0.0,26.0,40.0
RF.BKA.01,2026-10-06 22:15,0.0,0.0,0.0,0.0,4.0,5.0
RF.BKA.02,2026-10-06 22:15,0.0,0.0,0.0,0.0,13.0,15.0
RF.BKE.01,2026-10-06 22:15,0.0,0.0,0.0,0.0,18.0,25.5
RF.BKE.02,2026-10-06 22:15,0.0,0.0,0.0,0.0,3.5,8.5
RF.BKE.03,2026-10-06 22:15,0.0,0.0,0.0,0.0,29.5,30.0
RF.BKE.04,2026-10-06 22:15,0.0,0.0,0.0,0.0,27.0,27.0
RF.BKM.01,2026-10-06 22:15,0.0,0.0,0.0,0.0,8.5,37.0
RF.BKN.01,2026-10-06 22:15,0.0,0.0,0.0,0.0,2.5,15.0
RF.BKN.02,2026-10-06 22:15,0.0,0.0,0.0,0.0,2.5,18.5
RF.BKP.02,2026-10-06 22:15,0.0,0.0,0.0,0.0,3.0,44.5
RF.BKT.01,2026-10-06 22:15,0.0,0.0,0.0,0.0,13.0,60.0
RF.BKT.02,2026-10-06 22:15,0.0,0.0,0.0,0.0,20.0,23.5
RF.BKT.03,2026-10-06 22:15,0.0,0.0,0.0,0.0,42.0,49.0
RF.BKT.04,2026-10-06 22:15,0.0,0.0,0.0,0.0,6.0,47.0
RF.BKT.05,2026-10-06 22:15,0.0,0.0,0.0,0.0,5.0,66.0
RF.BKY.01,2026-10-06 22:15,0.0,0.0,0.0,0.0,1.5,14.5
RF.BKY.02,2026-10-06 22:15,0.0,0.0,0.0,0.0,4.5,30.0
RF.BNA.01,2026-10-06 22:15,0.0,0.0,0.0,0.0,17.0,21.0
RF.BNA.02,2026-10-06 22:15,0.0,0.0,0.0,0.0,11.0,16.0
RF.BNA.03,2026-10-06 22:15,0.0,0.0,0.0,0.0,11.5,17.0
RF.BPD.01,2026-10-06 22:15,0.0,0.0,0.0,0.0,4.5,14.5
RF.BRK.01,2026-10-06 22:15,0.0,0.0,0.0,0.0,3.0,50.0
RF.BRK.02,2026-10-06 22:15,0.0,0.0,0.0,0.0,2.5,57.5
RF.BSU.01,2026-10-06 22:15,0.0,0.0,0.0,0.0,4.5,16.5
RF.BSU.02,2026-10-06 22:15,0.0,0.0,0.0,0.0,14.5,35.5
RF.BSU.03,2026-10-06 22:15,0.0,0.0,0.0,0.0,6.5,19.0
RF.CTC.01,2026-10-06 22:15,0.0,0.0,0.0,0.0,5.0,44.0
RF.CTC.02,2026-10-06 22:15,0.0,0.0,0.0,0.0,0.0,13.5
RF.CTC.03,2026-10-06 22:15,0.0,0.0,0.0,0.0,21.5,30.0
RF.DDG.02,2026-10-06 22:15,0.0,0.0,0.0,0.0,2.0,36.5
RF.DST.01,2026-10-06 22:15,0.0,0.0,0.0,0.0,1.5,10.5
RF.DST.02,2026-10-06 22:15,0.0,0.0,0.0,0.0,4.0,11.5
RF.HKG.01,2026-10-06 22:15,0.0,0.0,0.0,0.0,3.5,61.0
RF.HKG.02,2026-10-06 22:15,0.0,0.0,0.0,0.0,2.5,50.0
RF.JTG.01,2026-10-06 22:15,0.0,0.0,0.0,0.0,4.0,71.5
RF.JTG.02,2026-10-06 22:15,0.0,0.0,0.0,0.0,2.0,53.0
RF.JTG.03,2026-10-06 22:15,0.0,0.0,0.0,0.0,7.5,56.0
RF.KNY.02,2026-10-06 22:15,0.0,0.0,0.0,0.0,18.0,29.5
RF.KSN.01,2026-10-06 22:15,0.0,0.0,0.0,0.0,2.0,53.0
RF.KSN.02,2026-10-06 22:15,0.0,0.0,0.0,0.0,2.0,45.5
RF.KSW.01,2026-10-06 22:15,0.0,0.0,0.0,0.0,17.5,54.5
RF.KSW.02,2026-10-06 22:15,0.0,0.0,0.0,0.0,24.5,75.0
RF.KTY.01,2026-10-06 22:15,0.0,0.0,0.0,0.0,8.0,28.0
RF.KTY.02,2026-10-06 22:15,0.0,0.0,0.0,0.0,10.5,44.0
RF.KTY.03,2026-10-06 22:15,0.0,0.0,0.0,0.0,7.0,23.5
RF.KTY.04,2026-10-06 22:15,0.0,0.0,0.0,0.0,7.0,22.5
RF.KTY.05,2026-10-06 22:15,0.0,0.0,0.0,0.0,3.5,50.0
RF.LKB.02,2026-10-06 22:15,0.0,0.0,0.0,0.0,8.0,23.5
RF.LKB.04,2026-10-06 22:15,3.0,3.0,3.0,3.0,4.0,17.5
RF.LPW.01,2026-10-06 22:15,0.0,0.0,0.0,0.0,0.0,0.0
RF.LSI.01,2026-10-06 22:15,0.0,0.0,0.0,0.0,4.0,19.0
RF.LSI.03,2026-10-06 22:15,0.0,0.0,0.0,0.0,10.5,13.5
RF.MBR.01,2026-10-06 22:15,0.0,0.0,0.0,0.0,30.0,54.0
RF.MBR.02,2026-10-06 22:15,0.0,0.0,0.0,0.0,43.5,72.5
RF.MBR.03,2026-10-06 22:15,0.0,0.0,0.0,0.0,60.0,80.0
RF.MBR.05,2026-10-06 22:15,0.0,0.0,0.0,0.0,3.0,4.5
RF.NJK.01,2026-10-06 22:15,0.0,0.0,0.0,0.0,2.0,21.0
RF.NJK.02,2026-10-06 22:15,0.0,0.0,0.0,0.0,2.5,15.0
RF.NJK.03,2026-10-06 22:15,0.0,0.0,0.0,0.0,11.5,41.5
RF.NJK.05,2026-10-06 22:15,0.0,0.0,0.0,0.5,0.5,0.5
RF.NJK.06,2026-10-06 22:15,0.0,0.0,0.0,0.0,2.0,11.0
RF.NJK.07,2026-10-06 22:15,0.0,0.0,0.0,0.0,20.5,67.0
RF.NKM.01,2026-10-06 22:15,0.0,0.0,0.0,0.0,21.5,21.5
RF.NKM.02,2026-10-06 22:15,0.0,0.0,0.0,0.0,16.0,16.5
RF.PKN.01,2026-10-06 22:15,0.0,0.0,0.0,0.0,12.5,32.0
RF.PKN.02,2026-10-06 22:15,0.0,0.0,0.0,0.0,17.0,27.5
RF.PKN.03,2026-10-06 22:15,0.0,0.0,0.0,0.0,16.0,20.0
RF.PKN.04,2026-10-06 22:15,0.0,0.0,0.0,0.0,18.5,24.5
RF.PNK.02,2026-10-06 22:15,0.0,0.0,0.0,0.0,3.5,22.0
RF.PNK.03,2026-10-06 22:15,0.0,0.0,0.0,0.0,4.0,35.0
RF.PPS.01,2026-10-06 22:15,0.0,0.0,0.0,0.0,2.5,43.0
RF.PSC.01,2026-10-06 22:15,0.0,0.0,0.0,0.0,1.5,4.0
RF.PSC.03,2026-10-06 22:15,0.0,0.0,0.0,0.0,3.5,4.5
RF.PSC.04,2026-10-06 22:15,0.0,0.0,0.0,0.0,2.5,8.5
RF.PSC.05,2026-10-06 22:15,0.0,0.0,0.0,0.0,5.5,14.0
RF.PTW.01,2026-10-06 22:15,0.0,0.0,0.0,0.0,0.0,0.0
RF.PTW.02,2026-10-06 22:15,0.0,0.0,0.0,0.0,2.0,50.0
RF.PWT.01,2026-10-06 22:15,0.0,0.0,0.0,0.0,21.5,36.0
RF.PWT.02,2026-10-06 22:15,0.0,0.0,0.0,0.0,20.0,32.0
RF.PWT.03,2026-10-06 22:15,0.0,0.0,0.0,0.0,31.5,42.0
RF.PYT.01,2026-10-06 22:15,0.0,0.0,0.0,0.0,4.0,34.0
RF.RBN.01,2026-10-06 22:15,0.0,0.0,0.0,0.0,2.0,60.5
RF.RBN.02,2026-10-06 22:15,0.0,0.0,0.0,0.0,2.5,54.0
RF.RTW.01,2026-10-06 22:15,0.0,0.0,0.0,0.0,2.0,52.0
RF.RTW.03,2026-10-06 22:15,0.0,0.0,0.0,0.0,2.5,46.0
RF.SLG.01,2026-10-06 22:15,0.0,0.0,0.0,0.0,20.0,38.0
RF.SLG.02,2026-10-06 22:15,0.0,0.0,0.0,0.0,24.0,41.0
RF.SMI.01,2026-10-06 22:15,0.0,0.0,0.0,0.0,19.5,21.5
RF.SMI.02,2026-10-06 22:15,0.0,0.0,0.0,0.0,3.0,49.5
RF.SMI.03,2026-10-06 22:15,0.0,0.0,0.0,0.0,8.5,26.5
RF.SMI.04,2026-10-06 22:15,0.0,0.0,0.0,0.0,4.5,61.0
RF.SPK.01,2026-10-06 22:15,0.0,0.0,0.0,0.5,3.5,8.5
RF.SPS.02,2026-10-06 22:15,0.0,0.0,0.0,0.0,16.5,33.0
RF.SPW.01,2026-10-06 22:15,0.0,0.0,0.0,0.0,3.0,56.5
RF.STN.01,2026-10-06 22:15,0.0,0.0,0.0,0.0,4.0,43.5
RF.STN.02,2026-10-06 22:15,0.0,0.0,0.0,0.0,4.0,45.0
RF.TBR.01,2026-10-06 22:15,0.0,0.0,0.0,0.0,1.5,22.0
RF.TBR.02,2026-10-06 22:15,0.0,0.0,0.0,0.0,2.5,48.0
RF.TBR.03,2026-10-06 22:15,0.0,0.0,0.0,0.0,3.0,73.0
RF.TKU.01,2026-10-06 22:15,0.0,0.0,0.0,0.0,2.0,20.0
RF.TKU.02,2026-10-06 22:15,0.0,0.0,0.0,0.0,0.5,33.0
RF.TLC.01,2026-10-06 22:15,0.0,0.0,0.0,0.0,4.5,12.0
RF.TLC.02,2026-10-06 22:15,0.0,0.0,0.0,0.0,11.5,19.5
RF.TLC.03,2026-10-06 22:15,0.0,0.0,0.0,0.0,5.5,16.0
RF.TWW.01,2026-10-06 22:15,0.0,0.0,0.0,0.0,43.0,45.5
RF.TWW.02,2026-10-06 22:15,0.0,0.0,0.5,0.5,12.5,12.5
RF.TWW.03,2026-10-06 22:15,0.0,0.0,0.0,0.0,19.5,22.0
RF.TWW.04,2026-10-06 22:15,0.0,0.0,0.0,0.0,36.0,36.0
RF.WTL.01,2026-10-06 22:15,0.0,0.0,0.0,0.0,2.0,42.5
RF.WTL.02,2026-10-06 22:15,0.0,0.0,0.0,0.0,3.0,57.5
RF.WTL.03,2026-10-06 22:15,0.0,0.0,0.0,0.0,2.5,30.5
RF.WTN.02,2026-10-06 22:15,0.0,0.0,0.0,0.0,3.0,60.5
RF.YNW.01,2026-10-06 22:15,0.0,0.0,0.0,0.0,11.0,35.5
RF.YNW.02,2026-10-06 22:15,0.0,0.0,0.0,0.0,13.0,33.5
RF.YNW.03,2026-10-06 22:15,0.0,0.0,0.0,0.0,3.0,27.5
RF.NJK.03,2026-10-06 23:00,0.0,0.0,0.0,0.0,3.0,41.5
RF.KTY.02,2026-10-06 23:10,0.5,3.5,3.5,3.5,12.0,47.5
RF.MBR.05,2026-10-06 23:10,0.5,13.5,13.5,13.5,16.5,18.0
RF.PYT.01,2026-10-06 23:10,0.0,0.0,0.0,0.0,3.5,34.0
RF.BBN.01,2026-10-06 23:15,0.0,0.0,0.0,0.0,39.0,55.0
RF.BBN.02,2026-10-06 23:15,0.0,0.0,0.0,0.0,25.5,40.0
RF.BKA.01,2026-10-06 23:15,0.0,0.0,0.0,0.0,2.5,5.0
RF.BKA.02,2026-10-06 23:15,0.0,0.0,0.0,0.0,2.5,15.0
RF.BKE.01,2026-10-06 23:15,0.0,0.0,0.0,0.0,18.0,25.5
RF.BKE.02,2026-10-06 23:15,0.0,0.0,0.0,0.0,3.5,8.5
RF.BKE.03,2026-10-06 23:15,0.0,0.0,0.0,0.0,29.5,30.0
RF.BKE.04,2026-10-06 23:15,0.5,0.5,0.5,0.5,27.5,27.5
RF.BKL.02,2026-10-06 23:15,6.0,6.0,6.0,6.0,8.0,60.0
RF.BKM.01,2026-10-06 23:15,0.0,0.0,0.0,0.0,3.5,37.0
RF.BKN.01,2026-10-06 23:15,1.0,1.5,1.5,1.5,4.0,16.5
RF.BKN.02,2026-10-06 23:15,1.0,2.0,2.0,2.0,4.5,20.5
RF.BKP.02,2026-10-06 23:15,0.0,0.5,0.5,0.5,3.5,45.0
RF.BKT.01,2026-10-06 23:15,0.0,0.0,0.0,0.0,13.0,60.0
RF.BKT.02,2026-10-06 23:15,0.0,0.0,0.0,0.0,20.0,23.5
RF.BKT.03,2026-10-06 23:15,0.0,0.0,0.0,0.0,41.5,49.0
RF.BKT.04,2026-10-06 23:15,0.0,0.0,0.0,0.0,6.0,47.0
RF.BKT.05,2026-10-06 23:15,0.0,0.0,0.0,0.0,5.0,66.0
RF.BKY.01,2026-10-06 23:15,11.0,12.5,12.5,12.5,14.0,27.0
RF.BKY.02,2026-10-06 23:15,3.5,5.0,5.0,5.0,9.5,35.0
RF.BNA.01,2026-10-06 23:15,0.0,0.0,0.0,0.0,5.0,21.0
RF.BNA.02,2026-10-06 23:15,0.0,10.0,10.0,10.0,14.5,26.0
RF.BNA.03,2026-10-06 23:15,0.0,1.0,1.0,1.0,6.0,18.0
RF.BPD.01,2026-10-06 23:15,0.0,0.5,0.5,0.5,4.5,15.0
RF.BRK.01,2026-10-06 23:15,0.5,6.0,6.0,6.0,9.0,56.0
RF.BRK.02,2026-10-06 23:15,1.0,6.5,6.5,6.5,9.0,64.0
RF.BSU.01,2026-10-06 23:15,0.0,0.0,0.0,0.0,4.5,16.5
RF.BSU.02,2026-10-06 23:15,0.0,0.0,0.0,0.0,8.5,35.5
RF.BSU.03,2026-10-06 23:15,0.0,0.0,0.0,0.0,6.5,19.0
RF.CTC.01,2026-10-06 23:15,0.0,0.0,0.0,0.0,4.5,44.0
RF.CTC.02,2026-10-06 23:15,0.0,0.0,0.0,0.0,0.0,13.5
RF.CTC.03,2026-10-06 23:15,0.0,0.0,0.0,0.0,10.5,30.0
RF.DDG.02,2026-10-06 23:15,0.0,0.0,0.0,0.0,2.0,36.5
RF.DST.01,2026-10-06 23:15,0.0,0.5,0.5,0.5,2.0,11.0
RF.DST.02,2026-10-06 23:15,0.0,1.0,1.0,1.0,5.0,12.5
RF.HKG.01,2026-10-06 23:15,0.0,0.0,0.0,0.0,2.0,61.0
RF.HKG.02,2026-10-06 23:15,0.0,0.0,0.0,0.0,2.0,50.0
RF.JTG.01,2026-10-06 23:15,0.0,0.0,0.0,0.0,4.0,71.5
RF.JTG.02,2026-10-06 23:15,3.5,3.5,3.5,3.5,5.5,56.5
RF.JTG.03,2026-10-06 23:15,0.0,0.0,0.0,0.0,7.5,56.0
RF.KNY.02,2026-10-06 23:15,0.0,0.0,0.0,0.0,3.0,29.5
RF.KSN.01,2026-10-06 23:15,0.0,6.0,6.0,6.0,8.0,59.0
RF.KSN.02,2026-10-06 23:15,5.5,6.0,6.0,6.0,8.0,51.5
RF.KSW.01,2026-10-06 23:15,0.5,0.5,0.5,0.5,1.0,55.0
RF.KSW.02,2026-10-06 23:15,0.5,0.5,0.5,0.5,3.5,75.5
RF.KTY.01,2026-10-06 23:15,0.0,0.5,0.5,0.5,4.0,28.5
RF.KTY.03,2026-10-06 23:15,0.0,1.5,1.5,1.5,5.0,25.0
RF.KTY.04,2026-10-06 23:15,0.0,0.5,0.5,0.5,4.0,23.0
RF.KTY.05,2026-10-06 23:15,0.0,1.5,1.5,1.5,4.5,51.5
RF.LKB.02,2026-10-06 23:15,1.5,3.5,3.5,3.5,5.5,27.0
RF.LKB.04,2026-10-06 23:15,0.5,0.5,3.5,3.5,4.0,18.0
RF.LPW.01,2026-10-06 23:15,0.0,0.0,0.0,0.0,0.0,0.0
RF.LSI.01,2026-10-06 23:15,0.0,0.0,0.0,0.0,2.0,19.0
RF.LSI.03,2026-10-06 23:15,0.0,0.0,0.0,0.0,3.0,13.5
RF.MBR.01,2026-10-06 23:15,5.0,5.5,5.5,5.5,9.0,59.5
RF.MBR.02,2026-10-06 23:15,4.5,9.0,9.0,9.0,13.0,81.5
RF.MBR.03,2026-10-06 23:15,11.0,18.0,18.0,18.0,21.5,98.0
RF.NJK.01,2026-10-06 23:15,0.0,0.0,0.0,0.0,2.0,21.0
RF.NJK.02,2026-10-06 23:15,0.0,0.0,0.0,0.0,2.5,15.0
RF.NJK.05,2026-10-06 23:15,0.0,0.0,0.0,0.0,0.5,0.5
RF.NJK.06,2026-10-06 23:15,0.0,1.5,1.5,1.5,3.5,12.5
RF.NJK.07,2026-10-06 23:15,0.5,0.5,0.5,0.5,5.0,67.5
RF.NKM.01,2026-10-06 23:15,0.0,0.0,0.0,0.0,21.5,21.5
RF.NKM.02,2026-10-06 23:15,0.0,0.0,0.0,0.0,16.0,16.5
RF.PKN.01,2026-10-06 23:15,0.0,0.0,0.0,0.0,6.0,32.0
RF.PKN.02,2026-10-06 23:15,0.0,0.5,0.5,0.5,4.0,28.0
RF.PKN.03,2026-10-06 23:15,0.0,0.0,0.0,0.0,4.5,20.0
RF.PKN.04,2026-10-06 23:15,0.0,0.0,0.0,0.0,4.0,24.5
RF.PNK.01,2026-10-06 23:15,0.5,0.5,0.5,0.5,2.0,26.0
RF.PNK.02,2026-10-06 23:15,0.0,1.0,1.0,1.0,4.5,23.0
RF.PNK.03,2026-10-06 23:15,1.0,1.5,1.5,1.5,5.5,36.5
RF.PPS.01,2026-10-06 23:15,0.0,0.0,0.0,0.0,2.5,43.0
RF.PSC.01,2026-10-06 23:15,0.5,0.5,0.5,0.5,2.0,4.5
RF.PSC.03,2026-10-06 23:15,0.0,0.5,0.5,0.5,4.0,5.0
RF.PSC.04,2026-10-06 23:15,10.0,10.5,10.5,10.5,13.0,19.0
RF.PSC.05,2026-10-06 23:15,2.0,2.0,2.0,2.0,7.5,16.0
RF.PTW.01,2026-10-06 23:15,0.0,0.0,0.0,0.0,0.0,0.0
RF.PTW.02,2026-10-06 23:15,0.0,0.5,0.5,0.5,2.5,50.5
RF.PWT.01,2026-10-06 23:15,0.5,0.5,0.5,0.5,3.5,36.5
RF.PWT.02,2026-10-06 23:15,1.0,1.5,1.5,1.5,3.5,33.5
RF.PWT.03,2026-10-06 23:15,0.0,0.0,0.0,0.0,3.5,42.0
RF.RBN.01,2026-10-06 23:15,4.5,5.5,5.5,5.5,7.5,66.0
RF.RBN.02,2026-10-06 23:15,4.0,4.0,4.0,4.0,5.5,58.0
RF.RTW.01,2026-10-06 23:15,0.0,0.0,0.0,0.0,2.0,52.0
RF.RTW.03,2026-10-06 23:15,0.0,0.0,0.0,0.0,2.5,46.0
RF.SLG.01,2026-10-06 23:15,0.0,0.0,0.0,0.0,1.5,38.0
RF.SLG.02,2026-10-06 23:15,0.0,0.0,0.0,0.0,2.0,41.0
RF.SMI.01,2026-10-06 23:15,0.0,0.0,0.0,0.0,2.0,21.5
RF.SMI.02,2026-10-06 23:15,0.0,0.0,0.0,0.0,1.0,49.5
RF.SMI.03,2026-10-06 23:15,0.0,0.0,0.0,0.0,3.0,26.5
RF.SMI.04,2026-10-06 23:15,0.0,0.0,0.0,0.0,3.0,61.0
RF.SPK.01,2026-10-06 23:15,0.0,9.0,9.0,9.0,12.0,17.5
RF.SPS.01,2026-10-06 23:15,0.5,0.5,0.5,0.5,4.0,50.5
RF.SPS.02,2026-10-06 23:15,1.0,1.5,1.5,1.5,4.5,34.5
RF.SPW.01,2026-10-06 23:15,0.0,6.0,6.0,6.0,8.5,62.5
RF.STN.01,2026-10-06 23:15,0.5,3.0,3.0,3.0,6.0,46.5
RF.STN.02,2026-10-06 23:15,1.0,7.5,7.5,7.5,10.5,52.5
RF.TBR.01,2026-10-06 23:15,10.5,14.0,14.0,14.0,15.5,36.0
RF.TBR.02,2026-10-06 23:15,6.0,6.0,6.0,6.0,8.0,54.0
RF.TBR.03,2026-10-06 23:15,9.0,9.0,9.0,9.0,12.0,82.0
RF.TKU.01,2026-10-06 23:15,0.5,0.5,0.5,0.5,1.5,20.5
RF.TKU.02,2026-10-06 23:15,0.5,0.5,0.5,0.5,1.0,33.5
RF.TLC.01,2026-10-06 23:15,0.5,0.5,0.5,0.5,5.0,12.5
RF.TLC.02,2026-10-06 23:15,1.5,1.5,1.5,1.5,13.0,21.0
RF.TLC.03,2026-10-06 23:15,1.0,3.0,3.0,3.0,8.5,19.0
RF.TWW.01,2026-10-06 23:15,0.0,0.0,0.0,0.0,43.0,45.5
RF.TWW.02,2026-10-06 23:15,0.0,0.0,0.5,0.5,12.0,12.5
RF.TWW.03,2026-10-06 23:15,0.5,0.5,0.5,0.5,20.0,22.5
RF.TWW.04,2026-10-06 23:15,0.0,0.0,0.0,0.0,36.0,36.0
RF.WTL.01,2026-10-06 23:15,0.0,0.0,0.0,0.0,2.0,42.5
RF.WTL.02,2026-10-06 23:15,0.0,0.0,0.0,0.0,2.5,57.5
RF.WTL.03,2026-10-06 23:15,0.0,0.0,0.0,0.0,2.5,30.5
RF.WTN.02,2026-10-06 23:15,0.0,0.0,0.0,0.0,2.0,60.5
RF.YNW.01,2026-10-06 23:15,0.5,8.5,8.5,8.5,16.0,44.0
RF.YNW.02,2026-10-06 23:15,0.5,9.0,9.0,9.0,17.5,42.5
RF.YNW.03,2026-10-06 23:15,4.0,4.5,4.5,4.5,6.5,32.0
