ticket,state,reported,last_activity,lon,lat,district,subdistrict,description,photo_url
2026-KVJXDD,finish,2026-09-30 00:06,2026-09-30 09:14,100.57994,13.89689,หลักสี่,ทุ่งสองห้อง,น้ำยังคงท่วมมิดฟุตบาท เริ่มส่งกลิ่นเหม็น อยากให้สูบน้ำให้ลดลงค่ะ ความสูงระดับหน้าแข้ง น้ำท่วมมาแล้วน้อยกว่า 1 สัปดาห์,https://storage.googleapis.com/traffy_public_bucket/attachment/2026-09/0dd053aaeb59608b644be33a96bbe7ca.jpeg
2026-T7T49B,inprogress,2026-09-30 00:13,2026-09-30 10:19,100.7218,13.78438,มีนบุรี,มีนบุรี,น้ำท่วมขัง ในซอยรามคำแหง 174 ถนนหมู่บ้านบัวขาวฝั่งใน มีนบุรี น้ำเริ่มส่งกลิ่นเน่า น้ำสูงประมาณ40ซม.++ ประมาณเข่า ตอนนี้มีนโยบายหรือแนวทางแก้ไขอะไรบ้างรึยังคะ ก่อนที่จะมีนำ้เหนือมาอีกคะ แล้วน้ำเนหนือจะมีผลกับเขตมีนบุรีมั้ยคะ ขอบคุณคะ ความสูงระดับหน้าแข้ง น,https://storage.googleapis.com/traffy_public_bucket/attachment/2026-09/6c4307c1f115efde50a869017b4b087c.jpeg
2026-T7T49B,follow,2026-09-30 00:13,2026-10-10 01:19,100.7218,13.78438,มีนบุรี,มีนบุรี,น้ำท่วมขัง ในซอยรามคำแหง 174 ถนนหมู่บ้านบัวขาวฝั่งใน มีนบุรี น้ำเริ่มส่งกลิ่นเน่า น้ำสูงประมาณ40ซม.++ ประมาณเข่า ตอนนี้มีนโยบายหรือแนวทางแก้ไขอะไรบ้างรึยังคะ ก่อนที่จะมีนำ้เหนือมาอีกคะ แล้วน้ำเนหนือจะมีผลกับเขตมีนบุรีมั้ยคะ ขอบคุณคะ ความสูงระดับหน้าแข้ง น,https://storage.googleapis.com/traffy_public_bucket/attachment/2026-09/6c4307c1f115efde50a869017b4b087c.jpeg
2026-EYHX87,inprogress,2026-09-30 00:16,2026-09-30 07:11,100.68017,13.76392,สะพานสูง,สะพานสูง,น้ำที่ถ่วมขังใน มบ สัมมากร ทำไมยังลดระดับช้ามาก ความสูงระดับหน้าแข้ง น้ำท่วมมาแล้วน้อยกว่า 1 สัปดาห์,https://storage.googleapis.com/traffy_public_bucket/attachment/2026-09/e5d9c96cb255b91fc46dedc2be9d3409.jpeg
2026-ZXEGKE,forward,2026-09-30 00:19,2026-09-30 12:15,100.7709,13.75318,ลาดกระบัง,ลำปลาทิว,น้ำถ่วมขังถนนเจ้าคุณทหารสูงมากเร่งแก้ไขให้หน่อยค่ะ ความสูงระดับหัวเข่า น้ำท่วมมาแล้วน้อยกว่า 1 สัปดาห์,https://storage.googleapis.com/traffy_public_bucket/attachment/2026-09/ffbff48afec84780b2ff1f1895919e03.jpeg
2026-7PANER,forward,2026-09-30 00:20,2026-09-30 08:47,100.65601,13.91679,สายไหม,สายไหม,น้ำท่วมสูง 45cm ความสูงระดับหัวเข่า น้ำท่วมมาแล้วน้อยกว่า 1 สัปดาห์,https://storage.googleapis.com/traffy_public_bucket/attachment/2026-09/56a87cd83ed65ac7d0688a4a72a1b587.jpeg
2026-LXXT72,finish,2026-09-30 00:36,2026-10-03 11:14,100.72066,13.87139,คลองสามวา,สามวาตะวันตก,พอดีว่าเห็นข่าวคลองหกวาปล่อยน้ำ กลัวว่าคืนนี้เส้นหทัยราษฎร์จะไม่รอด ตอนนี้มีคนแก่อยู่บ้านคนเดียวในหมู่บ้านเมืองประชา ซอยหทัยราษฎร์35 บ้านเลขที่49/344 คนในบ้านติดน้ำท่วมอยู่ที่บางกะปิเลยกลับไปไม่ได้ เป็นกังวลมากค่ะ🥹 #ขอกระสอบทราย/อื่นๆ,https://storage.googleapis.com/traffy_public_bucket/attachment/2026-09/67ddc3a308bb1d89e3e8411d3937fd68.jpeg
2026-ZJ3APT,start,2026-09-30 00:37,2026-09-30 00:37,100.7338,13.76093,ลาดกระบัง,คลองสองต้นนุ่น,อยากให้มีเจ้าหน้าที่จัดเรือมาเก็บขยะที่ลอยอยู่บริเวณน้ำท่วมขัง บริเวณชุมชนเคหะร่มเกล้าโซน 6 โดยเฉพาะซอยเคหะร่มเกล้า 31 แยก 11-1 เพราะน้ำเริ่มเน่าและส่งกลิ่นเหม็น เวลาลงไปรับอาหารที่นำมาแจก จะต้องเดินลุยน้ำออกไปรับ และต้องแช่ตัวอยู่ในน้ำที่มีความลึกถึง 1.2,https://storage.googleapis.com/traffy_public_bucket/attachment/2026-09/c27f11b4d9680a9f634b6bcba6053058.jpeg
2026-8KC44J,forward,2026-09-30 00:40,2026-10-05 16:44,100.75244,13.89441,คลองสามวา,สามวาตะวันออก,สวัสดีค่ะ หน้าหมู่บ้านฟอเรสต้านิมิตใหม่40 มีพื้นที่ว่างเปล่าที่รับน้ำฝนมาหลายวัน ทำให้ตอนนี้น้ำถึงระดับเดียวกับถนน อยากให้เข้ามาช่วยสูบน้ำออกลงท่อให้หน่อยได้ไหมคะ เพราะตรงหน้าหมู่บ้านเคซี หรือตรงถนน น้ำไม่ท่วมเลยค่ะ อยากให้ระบายน้ำตรงนี้ออกให้ทีค่ะ เพราะถ,https://storage.googleapis.com/traffy_public_bucket/attachment/2026-09/5f6f59f2b36dde78591faac040bae592.jpeg
2026-6ABHVZ,finish,2026-09-30 00:47,2026-10-02 13:10,100.81258,13.8012,หนองจอก,ลำผักชี,ในหมู่บ้านระดับยังไม่ลดและบางครั้งสูงขึ้น 2-3 cm น้ำเข้าในบ้านทางห้องน้ำและห้องเก็บของ ต้องการถุงยังชีพเนื่องจากออกจากบ้านไม่ได้ ในบ้านมีผู้อาศัย 3 คน ยังไม่มีหน่วยงานไหนเข้ามาดู ความสูงระดับหน้าแข้ง น้ำท่วมมาแล้วน้อยกว่า 1 สัปดาห์,https://storage.googleapis.com/traffy_public_bucket/attachment/2026-09/94488c59a601a62f0e9a48238c537534.jpeg
2026-76ZMLF,inprogress,2026-09-30 00:50,2026-09-30 14:19,100.71331,13.78814,มีนบุรี,มีนบุรี,น้ำในหมู่บ้านเพอร์เฟคเพลส ซอยรามคำแหง 164 ยังไม่มีวี่แววว่าจะลด และไม่มีเครื่องสูบน้ำเข้ามาช่วยเหลือเลย ความสูงระดับหัวเข่า น้ำท่วมมาแล้วน้อยกว่า 1 สัปดาห์,https://storage.googleapis.com/traffy_public_bucket/attachment/2026-09/7fb37e895a46ea700821e3ddf0a632e2.jpeg
2026-EH67UK,forward,2026-09-30 00:51,2026-09-30 09:20,100.6573,13.7658,บางกะปิ,หัวหมาก,ซอยรามคำแหง 68 หมู่บ้าน 5 กะรัต น้ำท่วมเข้าบ้านทุกหลัง แต่เห็นสำนักงานเขตบางกะปิ รายงานสถานการณ์น้ำท่วมไม่มีพื้นที่นี้เลยค่ะ ความสูงระดับหัวเข่า 5 วันตั้งแต่คืนวันที่ 25 ค่ะ,https://storage.googleapis.com/traffy_public_bucket/attachment/2026-09/a3308985b793875a20e150b3a5e48f4e.jpeg
2026-KP6PMY,forward,2026-09-30 00:59,2026-10-05 16:43,100.72032,13.89098,คลองสามวา,สามวาตะวันตก,38/1313 เคซี7 (ป้อม 3 ฝั่งขวาหลังที่ 6) เป็นผู้แจ้ง =แต่จริงๆหมู่บ้านนี้น้ำท่วมขังทุกซอยค่ะ น้ำท่วมประมาณเข่า ลำบากมาก ออกไปทำงานไม่ได้ รถแช่น้ำ 2-3 วันแล้ว 1.ประชาชนช่วยเหลือตัวเอง ทนขับรถฝ่าน้ำท่วมไปซื้อของกิน 2.รบกวนช่วยระบายน้ำออกจากซอยน้ำขังเริ,https://storage.googleapis.com/traffy_public_bucket/attachment/2026-09/thumb_6456ce67d219f762b6f8be8f28e22efb.jpg
2026-A4BN87,inprogress,2026-09-30 01:07,2026-09-30 09:55,100.65149,13.73186,สวนหลวง,สวนหลวง,น้ำท่วมยังไม่ลง น้ำเริ่มส่งกลิ่นเหม็น ความสูงระดับเข่า น้ำท่วมมาแล้วตั้งแต่เช้ามืดวันที่ 26 กันยายน,https://storage.googleapis.com/traffy_public_bucket/attachment/2026-09/dbd726e34edceeea613afec4a9f20d20.jpeg
2026-A4BN87,finish,2026-09-30 01:07,2026-10-10 12:36,100.65149,13.73186,สวนหลวง,สวนหลวง,น้ำท่วมยังไม่ลง น้ำเริ่มส่งกลิ่นเหม็น ความสูงระดับเข่า น้ำท่วมมาแล้วตั้งแต่เช้ามืดวันที่ 26 กันยายน,https://storage.googleapis.com/traffy_public_bucket/attachment/2026-09/dbd726e34edceeea613afec4a9f20d20.jpeg
2026-GJZUP2,finish,2026-09-30 01:11,2026-10-05 16:30,100.66377,13.7592,บางกะปิ,หัวหมาก,รามคำแหง 68 หมู่บ้านกิตตินิเวศน์ ซ.1/1 น้ำไม่ค่อยลดเลยค่ะ ยังเอารถเก๋งออกไปทำงานไม่ได้ค่ะ ประมาณเข่าค่ะ 6 วันค่ะ,https://storage.googleapis.com/traffy_public_bucket/attachment/2026-09/7b10b75e1153a1acf6bf3908bd30391f.jpeg
2026-KEYLXL,forward,2026-09-30 01:13,2026-09-30 08:31,100.63947,13.76948,บางกะปิ,คลองจั่น,คลองยายเผื่อน เขตบางกะปิ ตรงซ.ลาพร้าว 113-115 อยากให้เปิดทางระบายน้ำมากกว่านี้ และเพิ่มเครื่องสูบน้ำ สูบจากในซอย 115 ลงคลองค่ะ ความสูงระดับเอว น้ำท่วมมาแล้วน้อยกว่า 1 สัปดาห์,https://storage.googleapis.com/traffy_public_bucket/attachment/2026-09/0483d76bbaf88f0c9ef3ceb96c8d5341.jpeg
2026-NVJRMZ,inprogress,2026-09-30 01:15,2026-09-30 10:16,100.72001,13.79085,มีนบุรี,มีนบุรี,เส้นถนนรามคำแหง 174 น้ำไม่ลด ต้องการเครื่องสูบน้ำด่วน ความสูงระดับหน้าแข้ง น้ำท่วมมาแล้ว5 วันแล้วค่ะ,https://storage.googleapis.com/traffy_public_bucket/attachment/2026-09/4678c6c23a84f2a1e76e3eb978a5afca.jpeg
2026-98K2HY,inprogress,2026-09-30 01:19,2026-09-30 14:19,100.71559,13.79393,มีนบุรี,มีนบุรี,ขอความอนุเคราะห์สนับสนุนเครื่องสูบน้ำเร่งด่วนค่ะ พิกัด ซอยรามคำแหง 174 (โซนหมู่บ้านบัวขาว perfect plsce) แขวงมีนบุรี เขตมีนบุรี ปัจจุบันถนนหลักแห้งแต่น้ำภายในซอยขังนิ่งเนื่องจากเป็นพื้นที่แอ่งต่ำ โซนด้านในซอยน้ำลึกถึงระดับเอว รถเล็กเข้า-ออกไม่ได้ ในตัวบ้า,https://storage.googleapis.com/traffy_public_bucket/attachment/2026-09/a271cf9db18c67bbecc3e98064bf7b64.jpeg
2026-DNP984,forward,2026-09-30 01:30,2026-09-30 15:44,100.65747,13.74235,บางกะปิ,หัวหมาก,หน้าปากซอยซึ่งเป็นทางเข้า-ออกที่ใช้ร่วมกันระหว่างสนามกอล์ฟและหมู่บ้านพาทิโอ มีน้ำท่วมสูงเกือบมิดศีรษะมาตั้งแต่คืนวันศุกร์ และจนถึงขณะนี้ระดับน้ำยังไม่ลดลง ส่งผลให้คนในหมู่บ้านไม่สามารถใช้เส้นทางสัญจรได้ และต้องช่วยเหลือกันเอง เนื่องจากรถที่จะเข้ามาช่วยเหล,https://storage.googleapis.com/traffy_public_bucket/attachment/2026-09/b63404fbb2ad9a908bad05b3f566fced.jpeg
2026-KNTLFM,inprogress,2026-09-30 01:41,2026-09-30 07:10,100.69422,13.77866,สะพานสูง,สะพานสูง,น้ำท่วมออกจากบ้านไม่ได้พี่ไม่สูบน้ำซอยหน้าบ้านไหมครับ ความสูงระดับ เกินครึ่งล้อ เปิดประตู น้ำจะเข้าห้องโดยสาร ครับ วันอาทิตย์ที่4 ตค มีแพลนเดินทางไปต่างประเทศเกรงว่ารถที่รับไปสนามบินจะเข้ามาได้ น้ำท่วมมาแล้ววันศุกร์ที่ 25 ต.ครับ,https://storage.googleapis.com/traffy_public_bucket/attachment/2026-09/c076d9fb00eb84ee9d9c69bfea608f7d.jpeg
2026-VNXREX,forward,2026-09-30 02:09,2026-09-30 08:09,100.65514,13.78204,บึงกุ่ม,คลองกุ่ม,น้ำท่วมสูงมากครับตอนนี้ ความสูงระดับ60-70 ซม. น้ำท่วมมาแล้ว6 วัน,https://storage.googleapis.com/traffy_public_bucket/attachment/2026-09/8db083804ea176d54194a3db02b4aab1.jpeg
2026-XHKMUV,finish,2026-09-30 02:39,2026-10-05 16:30,100.63343,13.77681,บางกะปิ,คลองจั่น,ผู้ประสบภัยได้ดำเนินการติดต่อขอความช่วยเหลือจากหน่วยงานรัฐมาเป็นระยะเวลา 1 สัปดาห์/แต่ท้ายที่สุดเกิดความเดือดร้อนมากกว่าเดิม/มีมูลค่าความเสียหายต่อคุณภาพชีวิต/สุขอนามัยและขาดรายได้เพิ่มรายจ่ายมากเกินปกติวิสัย..1 ขาดรายได้ .2.เสียเวลา...3 .หมดไปกับค่าใช้จ่,https://storage.googleapis.com/traffy_public_bucket/attachment/2026-09/0e2cedd48f585aa5f103d338865efe2c.jpeg
2026-HJBD79,finish,2026-09-30 03:12,2026-10-05 16:29,100.63341,13.77678,บางกะปิ,คลองจั่น,ผู้ได้รับผลกระทบในความเสียหายจากน้ำท่วมปี 2569 ความสูงระดับเอว น้ำท่วมมาแล้วน้อยกว่า 1 สัปดาห์,https://storage.googleapis.com/traffy_public_bucket/attachment/2026-09/cada63067a6f92fca62ec9f4a82d0dc4.jpeg
2026-XAYJZG,start,2026-09-30 03:31,2026-09-30 03:31,100.72542,13.73914,ลาดกระบัง,คลองสองต้นนุ่น,แจ้งปัญหาน้ำท่วมขังและน้ำเน่าเสีย มีกลิ่นเหม็นรุนแรง บริเวณถนนพัฒนาชนบท 2 เขตลาดกระบัง (ขอย้ำว่าพิกัดนี้อยู่บนถนนพัฒนาชนบท 2 ฝั่งตรงข้าม/คนละฝั่งกับเคหะร่มเกล้า 1 ครับ) ขณะนี้ระดับน้ำยังไม่ลดลงเลย รบกวนเจ้าหน้าที่ช่วยส่งเครื่องสูบน้ำเข้ามาเร่งระบายน้ำออกจ,https://storage.googleapis.com/traffy_public_bucket/attachment/2026-09/thumb_62be3821b55d79976b9e9423754de7a8.jpg
2026-W2AVLG,inprogress,2026-09-30 04:14,2026-09-30 14:20,100.71523,13.83101,มีนบุรี,มีนบุรี,อยากทราบว่าเมื่อไหร่ระดับน้ำตามซอยถนนหทัยราษฎร์จะลดลงค่ะเพื่อที่จะได้อาศัยอยู่ในบ้านได้ค่ะเพราะตอนนี้ต้องตัดไฟไม่สามารถใช้ไฟได้เลยและจำเป็นที่จะต้อง ใช้พักอาศัย จะเช่าบ้านอยู่ก็ต้องมีต้นทุน ข้าวของในบ้านเสียหายหมดค่ะ ความสูงระดับหัวเข่า น้ำท่วมมาแล้วมากกว,https://storage.googleapis.com/traffy_public_bucket/attachment/2026-09/93929480fec3ffa75a69b393399b4cd3.jpeg
2026-NUPBTU,inprogress,2026-09-30 04:53,2026-09-30 08:07,100.81085,13.80339,หนองจอก,ลำผักชี,"น้ำท่วมภายใน ทั้งหมู่บ้านโรยัลปาร์วิวล์, ฟอร่าวิวล์ และหมู่บ้านข้างเคียง บางจุดน้ำสูงระดับน่องถึงเอวแล้วครับ ความสูงระดับเอว น้ำท่วมมาแล้วน้อยกว่า 1 สัปดาห์",https://storage.googleapis.com/traffy_public_bucket/attachment/2026-09/75cee73db2fe961540b43f04250a1924.jpeg
2026-39JFHC,inprogress,2026-09-30 05:13,2026-09-30 07:09,100.68272,13.77343,สะพานสูง,สะพานสูง,น้ำท่วมขังในซอยรามคำแหง 118 ตลอดทั้งเส้น สัญจรลำบากมาก ความสูงระดับหัวเข่า น้ำท่วมมาแล้วน้อยกว่า 1 สัปดาห์,https://storage.googleapis.com/traffy_public_bucket/attachment/2026-09/0d2416fa67947474781c66169b1c745f.jpeg
2026-9P39VR,finish,2026-09-30 05:26,2026-10-05 16:28,100.6441,13.78355,บางกะปิ,คลองจั่น,น้าท่วมขังมานาน5วันส่งกลิ่นเหม็น ไม่มีอาหาร อยากให้รีบระบายน้ำไปเร็วเร็ว ความสูงระดับเลยเข่า น้ำท่วมมาแล้ว5วัน,https://storage.googleapis.com/traffy_public_bucket/attachment/2026-09/thumb_5623310aa737de4ac949b34de744dd9d.jpg
2026-FGYR4L,start,2026-09-30 05:26,2026-09-30 05:26,100.8062,13.7142,ลาดกระบัง,ทับยาว,ขอสอบถามและแจ้งปัญหาเรื่องน้ำท่วมขังในซอยหลวงแพ่ง 10 เนื่องจากตั้งแต่วันที่ 24-27 มกราคมที่ผ่านมาซอยไม่มีน้ำท่วม แต่หลังจากฝนหยุดตกและพื้นที่อื่นน้ำเริ่มลดลง กลับพบว่าตั้งแต่วันที่ 28 มกราคมเป็นต้นมา ซอยหลวงแพ่ง 10 มีน้ำท่วมขังและระดับน้ำไม่ลดลงเลยเป็นเวล,https://storage.googleapis.com/traffy_public_bucket/attachment/2026-09/1b8d34f781f78d325b6efeba30c07a6e.jpeg
2026-PB4F7Z,inprogress,2026-09-30 05:59,2026-09-30 09:45,100.68731,13.72216,ประเวศ,ประเวศ,ขอสอบถามว่าต้องการต้องการความช่วยเหลือ ตอนนี้น้ำยังไม่ลงหรือลงแค่นิดเดียวจะมีความช่วยเหลืออย่างไรคะ ในหมู่บ้านก็ทำการสูบน้ำออกแต่ไม่เห็นความคืบหน้าคะ ความสูงระดับท่วมสูงถึงระดับก้นสำหรับผู้หญิงคะ น้ำท่วมมาแล้วน้อยกว่า 1 สัปดาห์,https://storage.googleapis.com/traffy_public_bucket/attachment/2026-09/d878b90ea1172ad2270540d83ffd6f22.jpeg
2026-LDKWRM,inprogress,2026-09-30 06:08,2026-09-30 14:20,100.74129,13.80355,มีนบุรี,มีนบุรี,ขอแจ้งปัญหาน้ำท่วมขังตั้งแต่วันที่ 25 กันยายน 69 จนถึงวันนี้ 30 กันยายน 69 เป็นวันที่ 6 แล้ว.. แจ้งผ่าน App เป็นครั้งที่ 4 แล้วระดับน้ำในหมู่บ้านท่วมขังเป็นเวลานานน้ำเริ่มเน่าส่งกลิ่นเหม็นลูกบ้านระดมคนที่อยู่ในหมู่บ้านช่วยกันกรอกทรายใส่ถุงไปอุดรูรั่วท้ายห,https://storage.googleapis.com/traffy_public_bucket/attachment/2026-09/5295c69672a303f3e23c1084c7eccfd6.jpeg
2026-PRNDBB,inprogress,2026-09-30 06:13,2026-09-30 09:42,100.35926,13.71415,หนองแขม,หนองค้างพลู,หลังจากน้ำท่วม ซอยอื่นลดหมดแล้ว หมู่บ้านเพชรทวีสุข ซอยสาม ยังมีน้ำท่วมขังทั้งซอย ส่งกลิ่นแล้วค่ะ รบกวนไม่ตอบว่าเป็นพื้นที่เอกชนนะคะ เพราะว่า สามารถนำเจ้าหน้าที่มาขุดลอกท่อได้ ไม่ได้ทำพื้นที่เอกชนเสียหาย เขตอื่นมีการประสานงานอย่างดี เขตนี้เงียบกริบ หน้าเพจ,https://storage.googleapis.com/traffy_public_bucket/attachment/2026-09/252e6745e8e116ebe218880d1fba85f8.jpeg
2026-TYB8B2,inprogress,2026-09-30 06:13,2026-09-30 08:06,100.80094,13.80036,หนองจอก,ลำผักชี,หมู่บ้านฟลอร่า วิลล์ สุวินทวงศ์ 38 น้ำท่วมสูงไม่สามารถเดินทางได้ครับ น้ำไม่ลดเลย ความสูงระดับเอว น้ำท่วมมาแล้วน้อยกว่า 1 สัปดาห์,https://storage.googleapis.com/traffy_public_bucket/attachment/2026-09/58c7f32fce435061ce5b6c6d7cbd7e92.jpeg
2026-XZ7LHF,inprogress,2026-09-30 06:17,2026-09-30 09:43,100.65952,13.72604,ประเวศ,ประเวศ,แจ้งเขตประเวศค่ะ 6.00 ในซอยพัฒนาการ 74 หมู่บ้านเมืองทอง2/1 น้ำยังสูงเหนือฟุตบาท ส่วนที่ตื้นที่สุดประมาณ 25 ซม หน้าหมู่บ้านคงจะประมาณ 40 ซมค่ะ (Seriously?) ดำและเหม็นแล้วค่ะ รบกวนเขตประเวศ ช่วยมาดูแลการสูบน้ำออกจากจุดพักท้ายน้ำหมู่บ้านออกคลองประเวศ เครื่,https://storage.googleapis.com/traffy_public_bucket/attachment/2026-09/04a19fcaff1a697b75e89e3763d4b79f.jpeg
2026-EEPB4B,inprogress,2026-09-30 06:18,2026-09-30 09:55,100.6274,13.73317,สวนหลวง,สวนหลวง,มีระดับน้ำท่วมขังในซอยพัฒนาการ40 เริ่มมีกลิ่นเหม็นเน่า ไม่มีการระบายออกในส่่วนท้ายซอย ความสูงระดับหน้าแข้ง น้ำท่วมมาแล้วมากกว่า5วัน,https://storage.googleapis.com/traffy_public_bucket/attachment/2026-09/40b45cd9fb319a37e80936adc79ad853.jpg
2026-EEPB4B,finish,2026-09-30 06:18,2026-10-09 11:27,100.6274,13.73317,สวนหลวง,สวนหลวง,มีระดับน้ำท่วมขังในซอยพัฒนาการ40 เริ่มมีกลิ่นเหม็นเน่า ไม่มีการระบายออกในส่่วนท้ายซอย ความสูงระดับหน้าแข้ง น้ำท่วมมาแล้วมากกว่า5วัน,https://storage.googleapis.com/traffy_public_bucket/attachment/2026-09/40b45cd9fb319a37e80936adc79ad853.jpg
2026-2CXRPM,inprogress,2026-09-30 06:25,2026-09-30 14:21,100.72386,13.78748,มีนบุรี,มีนบุรี,น้ำท่วมขังในพื้นที่ซอยรามคำแหง 174 ตั้งแต่วันที่เข้าเป็นวันที่ 25 กย 68 ไม่สามารถ สัญจรโดยรถปกติได้ และน้ำเริ่มมีกลิ่นเหม็นเน่าแล้ว ความสูงระดับ50-80 ซม ครับ น้ำท่วมมาแล้ว5 วัน,https://storage.googleapis.com/traffy_public_bucket/attachment/2026-09/11a0b1963c31e64d98c96977c10e95d6.jpeg
2026-3ZMZGG,finish,2026-09-30 06:32,2026-09-30 16:18,100.62643,13.84142,ลาดพร้าว,จรเข้บัว,หมู่บ้านทองสถิตย์น้ำท่วมขังไม่สามารถออกจากบ้านได้ ความสูงระดับหน้าแข้ง น้ำท่วมมาแล้วน้อยกว่า 1 สัปดาห์,https://storage.googleapis.com/traffy_public_bucket/attachment/2026-09/3c1cd246c21f77946643380313a67317.jpeg
2026-WBMETJ,inprogress,2026-09-30 06:35,2026-09-30 09:59,100.63989,13.72862,สวนหลวง,สวนหลวง,น้ำท่วมหมู่บ้านพลเทพ 5วัน น้ำเน่าแล้วครับ ความสูงระดับสูงถึงเอวครับ น้ำท่วมมาแล้วน้อยกว่า 1 สัปดาห์,https://storage.googleapis.com/traffy_public_bucket/attachment/2026-09/fa3c543a1d51ba8cfe20c6132a1e2a2f.jpeg
2026-WBMETJ,finish,2026-09-30 06:35,2026-10-10 12:35,100.63989,13.72862,สวนหลวง,สวนหลวง,น้ำท่วมหมู่บ้านพลเทพ 5วัน น้ำเน่าแล้วครับ ความสูงระดับสูงถึงเอวครับ น้ำท่วมมาแล้วน้อยกว่า 1 สัปดาห์,https://storage.googleapis.com/traffy_public_bucket/attachment/2026-09/fa3c543a1d51ba8cfe20c6132a1e2a2f.jpeg
2026-TDC6X9,forward,2026-09-30 06:39,2026-09-30 09:57,100.57049,13.76662,ดินแดง,ดินแดง,ขอทราบความคืบหน้าและแนวทางการแก้ไขปัญหาน้ำท่วมในหมู่บ้านนักกีฬา เขตสะพานสูง ซึ่งขณะนี้อยู่ในสภาพน้ำเน่าเสีย ทำให้เกิดความเสี่ยงต่อสุขภาพของประชาชน #1555 #bkkrongtook,https://storage.googleapis.com/traffy_public_bucket/attachment/2026-09/e9d11c3dc413583ef903be2b0fc80af1.jpg
2026-9DU2V6,finish,2026-09-30 06:41,2026-10-05 13:02,100.75023,13.81546,มีนบุรี,แสนแสบ,น้ำท่วมสูงยังไม่ลดเลย 30-50 ซม. 5 แล้วค่ะ,https://storage.googleapis.com/traffy_public_bucket/attachment/2026-09/891a37a3e180a188c655de990f593a42.jpeg
2026-8P7FEX,inprogress,2026-09-30 06:43,2026-09-30 09:32,100.67625,13.72096,ประเวศ,ประเวศ,น้ำท่วมมา 5 วัน ยังไม่ลดเลยครับ ความสูงระดับระดับเอวครับ น้ำท่วมมาแล้ว 5 วัน,https://storage.googleapis.com/traffy_public_bucket/attachment/2026-09/9d4ac69de13013d6893209d90858a8de.jpeg
2026-UAX8F3,inprogress,2026-09-30 06:43,2026-09-30 09:45,100.65332,13.72603,ประเวศ,ประเวศ,ปัญหาน้ำท่วมขังในหมู่บ้านเมืองทอง 2/1 พัฒนาการ 74 เขตประเวศ ท่วมสูง ออกไปทำงานลำบากมาก มีเด็กและสว อยู่ในบ้าน ขณะนี้น้ำเริ่มเน่า ส่งกลิ่นเหม็น ทั้งหมู่บ้าน ค่ะ เขตเอาเรือเหล็กท้องแบนมาทิ้งไว้ให้ 1 ลำที่ รปภ แต่หนักมาก ต้องใช้คนเข็ญกันเอง สุดท้ายจอดอยู่เฉย,https://storage.googleapis.com/traffy_public_bucket/attachment/2026-09/thumb_515c8a1358a9803bd8180a29fe060b3d.jpg
2026-XZT2GE,finish,2026-09-30 06:44,2026-09-30 12:25,100.61521,13.87413,บางเขน,อนุสาวรีย์,น้ำท่วมขังหลายวัน ตอนนี้น้ำเริ่มเน่าเสียและส่งกลิ่นเหม็น และน้ำยังคงมีระดับที่สูงจนรถเก๋งไม่สามารถผ่านได้ ความสูงระดับหน้าแข้ง น้ำท่วมมาแล้วน้อยกว่า 1 สัปดาห์,https://storage.googleapis.com/traffy_public_bucket/attachment/2026-09/4fe79c64906f071c8af9f8f8bdfd0dbc.jpeg
2026-UD9B74,start,2026-09-30 06:49,2026-09-30 06:49,100.7353,13.75965,ลาดกระบัง,คลองสองต้นนุ่น,น้ำท่วมบ้านเท่าอก ขอให้หน่วยงานของรัฐ แก้ไขและช่วยเหลือ ความสูงระดับ5 วัน น้ำท่วมมาแล้วน้อยกว่า 1 สัปดาห์,https://storage.googleapis.com/traffy_public_bucket/attachment/2026-09/3bb722cf7acd3045fb79e1f661066c17.jpeg
2026-EZL6PZ,inprogress,2026-09-30 06:58,2026-09-30 12:26,100.60429,13.88842,บางเขน,อนุสาวรีย์,รถตรงหน้า โรงพยาบาลcgh ตรงbts สายหยุด น้ำยังไม่ลดเลย รถสัญจรไม่ได้ สร้างความเดือดร้อนในการเดินทางไปทำงาน+คอนโดthe base สะพานใหม่ไม่มีน้ำไฟใช้ รบกวนมาสูบน้ำออกได้ทั้ยคะ ความสูงระดับหน้าแข้ง น้ำท่วมมาแล้วน้อยกว่า 1 สัปดาห์,https://storage.googleapis.com/traffy_public_bucket/attachment/2026-09/58950d63e70fba8707100f1219060464.jpeg
2026-EZL6PZ,finish,2026-09-30 06:58,2026-10-07 10:06,100.60429,13.88842,บางเขน,อนุสาวรีย์,รถตรงหน้า โรงพยาบาลcgh ตรงbts สายหยุด น้ำยังไม่ลดเลย รถสัญจรไม่ได้ สร้างความเดือดร้อนในการเดินทางไปทำงาน+คอนโดthe base สะพานใหม่ไม่มีน้ำไฟใช้ รบกวนมาสูบน้ำออกได้ทั้ยคะ ความสูงระดับหน้าแข้ง น้ำท่วมมาแล้วน้อยกว่า 1 สัปดาห์,https://storage.googleapis.com/traffy_public_bucket/attachment/2026-09/58950d63e70fba8707100f1219060464.jpeg
2026-MMP9G7,inprogress,2026-09-30 07:01,2026-09-30 09:42,100.67867,13.83179,คันนายาว,คันนายาว,เรียน สำนักระบายน้ำ และสำนักงานเขตคันนายาว เรื่อง ขอความอนุเคราะห์ส่งเครื่องสูบน้ำเคลื่อนที่เร่งระบายน้ำท่วมขัง ซอยรามอินทรา 93 (เขตคันนายาว) ขอแจ้งอัปเดตสถานการณ์น้ำท่วมขังสะสมภายใน ซอยรามอินทรา 93 (ช่วงท้ายซอย ใกล้คลองลำเกร็ด) • สถานการณ์ล่าสุด (เช้า,https://storage.googleapis.com/traffy_public_bucket/attachment/2026-09/ab49d30b3b7f9ed37180aab701f78a0f.jpeg
2026-G8MG4X,inprogress,2026-09-30 07:03,2026-09-30 07:08,100.69306,13.78576,สะพานสูง,สะพานสูง,ตอนนี้น้ำท่วมขังและมีกลิ่นราดน้ำในห้องน่ำไม่ค่อยลงด้วยคะ ความสูงระดับข้อเท้า น้ำท่วมมาแล้วน้อยกว่า 1 สัปดาห์,https://storage.googleapis.com/traffy_public_bucket/attachment/2026-09/b4b70fe64e16faeb7fc0e19d394c4437.jpeg
2026-WKUVAV,inprogress,2026-09-30 07:04,2026-09-30 08:05,100.79722,13.78925,หนองจอก,ลำผักชี,สวัสดีค่ะ อยากให้ช่วยเข่ามาระบายน้ำที่หมู่บ้านฟลอร่าวิลล์ สุวินทวงศ์ 38 ค่ะ น้ำท่วมไม่มีทีท่าว่าจะลดตั้งแต่วันเสาร์ แล้วค่ะ ความสูงระดับหัวเข่า น้ำท่วมมาแล้วน้อยกว่า 1 สัปดาห์,https://storage.googleapis.com/traffy_public_bucket/attachment/2026-09/c1c7ef5995be882ddce1e07bc916f790.jpeg
2026-LGW7RE,inprogress,2026-09-30 07:07,2026-09-30 09:43,100.69236,13.69258,ประเวศ,ดอกไม้,น้ำท่วมหมู่บ้านพนาสนธิ์วิลล่า10 ซอยเฉลิมพระเกียรติ48 แยก19 น้ำท่วม ระดับหัวเข่ามา6วัน แล้วระดับน้ำยังลดลง 2นิ้วออกไปข้างนอกลำบาก ความสูงระดับ20-25 ซ.ม. น้ำท่วมมาแล้ว6 วันแล้ว,https://storage.googleapis.com/traffy_public_bucket/attachment/2026-09/718369fa2d8c9150bf00ab7b15db7ccc.jpeg
2026-K878MG,inprogress,2026-09-30 07:14,2026-09-30 16:14,100.72219,13.78471,มีนบุรี,มีนบุรี,ต้องการให้ยกรถออกจากสะพานที่จอดกีดขวางพื้นที่สาธารณะเพื่อให้การช่วยเหลือหรือรถขนาดใหญ่ผ่านได้ หมู่บ้านบัวขาว `ฝั่งใน` ซอยรามคำแหง174 ย้ำว่า`หมู่บ้านบัวขาวฝั่งใน` รามคำแหง174 เหมือนถูกลืม หน่วยงานมาๆ( ตอนนี้เห้นแค่ สำนักงานเขตกับ พรรคเพื่อไทย) ทางคนโพสได้ข,https://storage.googleapis.com/traffy_public_bucket/attachment/2026-09/fb214b215a9a19c9754e29674ebcb093.jpeg
2026-YMJ3U7,start,2026-09-30 07:16,2026-09-30 07:16,100.74154,13.74251,ลาดกระบัง,คลองสามประเวศ,น้ำยังท่วมสูง รบกวนช่วยรีบระบายน้ำ หรือหาเครื่องสูบมาสูบออกให้หน่อย ความสูงระดับหัวเข่า น้ำท่วมมาแล้วน้อยกว่า 1 สัปดาห์,https://storage.googleapis.com/traffy_public_bucket/attachment/2026-09/846928ad795541eb02974ba7818327b5.jpeg
2026-9VHCHJ,inprogress,2026-09-30 07:17,2026-09-30 10:13,100.75937,13.79978,มีนบุรี,แสนแสบ,น้ำท่วมสูงในหมู่บ้านประภาวรรณโฮมร่มเกล้า2 ซอยบึงขวาง 4 ถนนบึงขวาง มา 5วัน น้ำเริ่มเน่าเสีย ต้องการให้ช่วยระบายน้ำออก ความสูงระดับหัวเข่า น้ำท่วมมาแล้วน้อยกว่า 1 สัปดาห์,https://storage.googleapis.com/traffy_public_bucket/attachment/2026-09/541dae082b96e104b4da64e8b32fdf17.jpeg
2026-GYKET8,forward,2026-09-30 07:22,2026-09-30 08:08,100.65912,13.78349,บึงกุ่ม,คลองกุ่ม,เข้าสู่วันที่หกตั้งแต่วันศุกร์ที่ผ่านมาจนถึงวันนี้วันพุธ ยังออกจากบ้านไม่ได้ วันนี้ระดับน้ำลดลงจาก 70ซม เหลือประมาณ30-40ซม แต่ยังนำรถยนต์ออกไม่นอกบ้านไม่ได้ จึงขออาหารเพิ่มเติม ความสูงระดับถนนหน้าบ้านน้ำท่วมสูงประมาณ30-40ซม ครับ น้ำท่วมมาแล้วน้ำท่วมตั้งแต,https://storage.googleapis.com/traffy_public_bucket/attachment/2026-09/thumb_fa1b355a09390ba265b4f27b40ce7e8c.jpg
2026-72D77Y,inprogress,2026-09-30 07:23,2026-09-30 09:58,100.67658,13.77515,สะพานสูง,สะพานสูง,ซอยรามคำแหง 112 (หมู่บ้านสัมมากร) มีน้ำท่วมขังอยู่ และน้ำสูงมาก ประชาชนสัญจรไม่สะดวก ได้รับความยากลำบากในการเดินทางยิ่ง ทั้งเป็นน้ำขังแล้วครับ ความสูงระดับหน้าแข้ง น้ำท่วมมาแล้วน้อยกว่า 1 สัปดาห์,https://storage.googleapis.com/traffy_public_bucket/attachment/2026-09/1da773ca8351ae8c882f89f6650bcf68.jpeg
2026-P2CWM4,inprogress,2026-09-30 07:25,2026-09-30 08:05,100.81018,13.79003,หนองจอก,ลำผักชี,มีน้ำท่วมขังในหมู่บ้านฟอลล่าววิลล์ ไม่ลดลงเลย ทำให้เดินทางไปทำงานไม่ได้ค่ะ ความสูงระดับหน้าแข้ง น้ำท่วมมาแล้วน้อยกว่า 1 สัปดาห์,https://storage.googleapis.com/traffy_public_bucket/attachment/2026-09/7b626e1bd6e39beb00c3e4140c811b72.jpeg
2026-RUUCEH,finish,2026-09-30 07:25,2026-10-03 14:08,100.6256,13.78701,วังทองหลาง,คลองเจ้าคุณสิงห์,น้ำท่วมขังสูงประมาณ 50-60 cm ตั้งแต่ประมาณวันที่ 25-29 /9/2569 ควรมีเครื่องสูบน้ำของกทมที่ท้ายซอยลาดพร้าว 91 หลังคาเฟ่ เมื่อหลายปีที่แล้วกทม.เคยมาตั้งเครื่องปั๊มน้ำเวลามีน้ำท่วม ปัจจุบันเจ้าของพื้นที่ปิดกั้นรั้ว กทมควรประสานงานนะคะ สามารถช่วยลดปัญหาเหล่,https://storage.googleapis.com/traffy_public_bucket/attachment/2026-09/40c5540080ae6e2c15a914d8e8d5ccab.jpeg
2026-TGVNUM,forward,2026-09-30 07:25,2026-09-30 19:53,100.72226,13.78468,มีนบุรี,มีนบุรี,หมู่บ้านบัวขาว `ฝั่งใน` ซอยรามคำแหง174 ย้ำว่า`หมู่บ้านบัวขาวฝั่งใน` รามคำแหง174 เหมือนถูกลืม หน่วยงานมาๆ( ตอนนี้เห้นแค่ สำนักงานเขตกับ พรรคเพื่อไทย) ทางคนโพสได้ข้าวแค่จะพรรเพื่อไทยวันนี้คือกล่องแรก กล่องหน้านี้ ได้ม่อีกกล่องของคณะกรรมการในหมู่บ้าน คนมาก็ ,https://storage.googleapis.com/traffy_public_bucket/attachment/2026-09/b5ee7c77c05469c6ca10161215530029.jpeg
2026-2M6URD,inprogress,2026-09-30 07:29,2026-09-30 14:22,100.74455,13.81647,มีนบุรี,แสนแสบ,บริเวณนี้ถ้ามีฝนตกจะท่วมเป็นประจำ ถึงจะมีเครื่องสูบน้ำติดตั้งอยูก็ช่วยไมได้ ความสูงระดับรถยนต์เล็กวิ่งไม่ได้ รถยนต์ต้องวิ่งเลนส์ขาวริมต่อม้อสะพาน น้ำท่วมมาแล้วน้อยกว่า 1 สัปดาห์,https://storage.googleapis.com/traffy_public_bucket/attachment/2026-09/caaae9566935ceb4198f5396035221af.jpeg
2026-X8TNVE,forward,2026-09-30 07:30,2026-09-30 14:21,100.72219,13.78471,มีนบุรี,มีนบุรี,หมู่บ้านบัวขาว `ฝั่งใน` ซอยรามคำแหง174 ย้ำว่า`หมู่บ้านบัวขาวฝั่งใน` รามคำแหง174 เหมือนถูกลืม หน่วยงานมาๆ( ตอนนี้เห้นแค่ สำนักงานเขตกับ พรรคเพื่อไทย) ทางคนโพสได้ข้าวแค่จะพรรเพื่อไทยวันนี้คือกล่องแรก กล่องหน้านี้ ได้ม่อีกกล่องของคณะกรรมการในหมู่บ้าน คนมาก็ ,https://storage.googleapis.com/traffy_public_bucket/attachment/2026-09/b56902b7eda4e8e6d134799bf59a3c73.jpeg
2026-X9RCXE,forward,2026-09-30 07:31,2026-09-30 08:28,100.63255,13.76815,บางกะปิ,คลองจั่น,"ช่วยเร่งระบายน้ำท่วม ซอยลาดพร้าว 130, ลาดพร้าว 132 และหน้า Makro ลาดพร้าวหน่อยค่ะ เข้าวันที่ 5 แล้ว ลำบากจริงๆ สามารถสูบน้ำจากถนนลงคลอง ลงท่อระบายน้ำได้มั้ยคะ ความสูงระดับหัวเข่า น้ำท่วมมาแล้วน้อยกว่า 1 สัปดาห์",https://storage.googleapis.com/traffy_public_bucket/attachment/2026-09/ea68f14755535fe6e3bfcb8302541b6d.jpeg
2026-7E2XEB,start,2026-09-30 07:36,2026-09-30 07:36,100.74837,13.77473,ลาดกระบัง,คลองสามประเวศ,ที่หมู่บ้านธารา วิสต้า ถนนร่มเกล้า ซ.17/1 ยังมีน้ำท่วมขังประมาณเข่า น้ำไม่ลดบงตั้งแต่เริ่มฝนตก เกือบ 1อาทิตย์ วันนี้ 30 ก.ย. ปริมาณเพิ่มขึ้นอีก คนในหมู่บ้านใช้รถออกไม่ได้ ช่วยมาสูบน้ำออกให้ได้มั้ยคะ ขอบคุณค่ะ ความสูงระดับหัวเข่า น้ำท่วมมาแล้วน้อยกว่า 1 สั,https://storage.googleapis.com/traffy_public_bucket/attachment/2026-09/7dffcbcfbf75fa34d289318cb28d99b5.jpeg
2026-FUEHLX,inprogress,2026-09-30 07:37,2026-09-30 10:11,100.72934,13.8167,มีนบุรี,มีนบุรี,น้ำตรงทางเข้าจตุจักรมีนบุรียังไม่ลด ทั้งด้านสีหบุราณุกิจและด้านหลังถนนสุวินทวงศ์ วันเสาร์อาทิตย์นี้จะเปิดขายของได้อย่างไร น้ำในแผงค้าบางจุดก็ยังท่วมขังอยู่ เร่งดำเนินการสูบให้หน่อยเพราะต้องเข้าไปทำความสะอาดร้านก่อนเปิดขายวันที่2-3ตุลานี้ ความสูงระดับตั้งแ,https://storage.googleapis.com/traffy_public_bucket/attachment/2026-09/a6424784f03bdaee358a5d8ec08cd338.jpeg
2026-XDEZJ9,inprogress,2026-09-30 07:38,2026-09-30 09:33,100.69449,13.66854,ประเวศ,ดอกไม้,หมู่บ้านทุ่งเศรษฐีมี น้ำท่วมขัง6วันแล้ว ต้องการให้เร่งสูบน้ำออกโดยด่วน ความสูงระดับหัวเข่า น้ำท่วมมาแล้วมากกว่า 1 สัปดาห์,https://storage.googleapis.com/traffy_public_bucket/attachment/2026-09/aba31277eb14daefc7d1b289f4869fb3.jpeg
2026-XDEZJ9,follow,2026-09-30 07:38,2026-10-08 17:27,100.69449,13.66854,ประเวศ,ดอกไม้,หมู่บ้านทุ่งเศรษฐีมี น้ำท่วมขัง6วันแล้ว ต้องการให้เร่งสูบน้ำออกโดยด่วน ความสูงระดับหัวเข่า น้ำท่วมมาแล้วมากกว่า 1 สัปดาห์,https://storage.googleapis.com/traffy_public_bucket/attachment/2026-09/aba31277eb14daefc7d1b289f4869fb3.jpeg
2026-VKAVD4,inprogress,2026-09-30 07:39,2026-09-30 09:21,100.65348,13.78415,บึงกุ่ม,คลองกุ่ม,สวัสดีค่ะ อยากให้มีหน่วยงานเข้าช่วยเหลือชุมชนในซอยนวมินทร์ 24 ด้วยค่ะ น้ำท่วมลึก ไม่มีน้ำไฟใช้ มีเพื่อนติดอยู่ข้างในกับคุณตาสูงอายุค่ะ ความสูงระดับสูงกว่าเอว น้ำท่วมมาแล้วน้อยกว่า 1 สัปดาห์,https://storage.googleapis.com/traffy_public_bucket/attachment/2026-09/832f14cd2241143ffbbc3278bb804c21.jpeg
2026-VKAVD4,finish,2026-09-30 07:39,2026-10-08 10:25,100.65348,13.78415,บึงกุ่ม,คลองกุ่ม,สวัสดีค่ะ อยากให้มีหน่วยงานเข้าช่วยเหลือชุมชนในซอยนวมินทร์ 24 ด้วยค่ะ น้ำท่วมลึก ไม่มีน้ำไฟใช้ มีเพื่อนติดอยู่ข้างในกับคุณตาสูงอายุค่ะ ความสูงระดับสูงกว่าเอว น้ำท่วมมาแล้วน้อยกว่า 1 สัปดาห์,https://storage.googleapis.com/traffy_public_bucket/attachment/2026-09/832f14cd2241143ffbbc3278bb804c21.jpeg
2026-R6E4MC,inprogress,2026-09-30 07:40,2026-09-30 09:58,100.69476,13.73982,สะพานสูง,สะพานสูง,ขอกระสอบทรายได้ที่ไหนค่ะ น้ำท่วมในบ้านเริ่มเน่าจะกั้นและสูบนำ้ค่ะ #ขอกระสอบทราย/อื่นๆ,https://storage.googleapis.com/traffy_public_bucket/attachment/2026-09/6d75e126cd41286f766f678d1ef6e1e9.jpeg
2026-RFAPBC,inprogress,2026-09-30 07:40,2026-09-30 09:13,100.45698,13.60932,บางขุนเทียน,ท่าข้าม,ปัญหาน้ำท่วมขังค่ะ เสนอแนวทางให้ทางเขต มาดู ปัญหาในซอยด้วย ความสูงระดับหน้าแข้ง น้ำท่วมมาแล้วมากกว่า 1 สัปดาห์,https://storage.googleapis.com/traffy_public_bucket/attachment/2026-09/b54aec7ea82c1b5367fa94164d069a65.jpeg
2026-TYDGKT,finish,2026-09-30 07:41,2026-10-05 13:27,100.62054,13.76062,บางกะปิ,หัวหมาก,รามคำแหง53/1 น้ำท่วมขัง ช่วยมาสูบน้ำขังหน่อยค่ะ ความสูงระดับหัวเข่า น้ำท่วมมาแล้วน้อยกว่า 1 สัปดาห์,https://storage.googleapis.com/traffy_public_bucket/attachment/2026-09/2000d557f9dac542c659fb032a099df9.jpeg
2026-E6ATTR,inprogress,2026-09-30 07:42,2026-10-03 14:21,100.7023,13.82953,คลองสามวา,บางชัน,ตอนนี้น้ำยังไม่ลดค่ะ ต้องการยาป้งกันเท้าเปื่อยกับโรคฉี่หนู และทีมแพทย์ค่ะ กระสอบทราย ความสูงระดับเอวค่ะ น้ำไม่ลดเลยค่ะมีแต่เพิ่มขึ้น น้ำท่วมมาแล้ว5 วันค่ะ,https://storage.googleapis.com/traffy_public_bucket/attachment/2026-09/7efac53e1e80690e361439dec8d54a66.jpeg
2026-E6ATTR,finish,2026-09-30 07:42,2026-10-09 17:48,100.7023,13.82953,คลองสามวา,บางชัน,ตอนนี้น้ำยังไม่ลดค่ะ ต้องการยาป้งกันเท้าเปื่อยกับโรคฉี่หนู และทีมแพทย์ค่ะ กระสอบทราย ความสูงระดับเอวค่ะ น้ำไม่ลดเลยค่ะมีแต่เพิ่มขึ้น น้ำท่วมมาแล้ว5 วันค่ะ,https://storage.googleapis.com/traffy_public_bucket/attachment/2026-09/7efac53e1e80690e361439dec8d54a66.jpeg
2026-KKTFAB,inprogress,2026-09-30 07:42,2026-09-30 09:59,100.66573,13.74604,สะพานสูง,สะพานสูง,น้ำในคลองเริ่มลดระดับแล้ว น้ำหาทางไหลลงคลองอยู่ แต่มีขยะอุดตัน และมีเครื่องสูบน้ำ ต้องรบกวนมาเปิดเครื่องค่ะ ความสูงระดับหน้าแข้ง น้ำท่วมมาแล้วน้อยกว่า 3 ชั่วโมง,https://storage.googleapis.com/traffy_public_bucket/attachment/2026-09/495fd7f96f10ea37d5de65e0db171f38.jpeg
2026-DJ3TP3,inprogress,2026-09-30 07:43,2026-09-30 10:05,100.76735,13.80256,มีนบุรี,แสนแสบ,ตอนนี้ซอยสุวินทวงศ์ 28 เริ่มมีน้ำท่วมขังและสูงขึ้นเรื่อยๆ น้ำท่วมบ้านตั้งแต่วันศุกร์ที่25 กันยายน 2569 ระดับน้ำสูงขึ้นทุกวัน ความสูงระดับหัวเข่า น้ำท่วมมาแล้วน้อยกว่า 1 สัปดาห์,https://storage.googleapis.com/traffy_public_bucket/attachment/2026-09/c824a6c5fd23a8368c8fcdcfb7099343.jpeg
2026-JALH96,finish,2026-09-30 07:44,2026-10-02 13:51,100.62911,13.78919,บางกะปิ,คลองจั่น,น้ำท่วมซอยลาดพร้าว 101 แยก 40 น้ำยังไม่ลดเลย ยังท่วมเกือบมิดคันรถ ฝากประสานงานเจ้าหน้าที่ช่วยเข้าไปดำเนินการอย่างเร่งด่วนค่ะ แก้ไขโดยการเร่งสูบน้ำออก ความสูงระดับสูงจะมิดหลังคารถยนต์แล้วค่ะ น่าจะเท่าเอวคนได้ น้ำท่วมมาแล้วตั้งแต่วันเสาร์แล้วค่ะ,https://storage.googleapis.com/traffy_public_bucket/attachment/2026-09/478201582fef150cdc6c5435b7816e0c.jpeg
2026-UNDZTC,start,2026-09-30 07:44,2026-09-30 07:44,100.79108,13.73618,ลาดกระบัง,ลำปลาทิว,ซอยฉลองกรุง 4 น้ำท่วมระดับหัวเข่า ยังไม่มีหน่วยงานเข้ามาช่วยเหลือ ความสูงระดับหัวเข่า 5วัน,https://storage.googleapis.com/traffy_public_bucket/attachment/2026-09/4d0d53e9385cefd49ac0202e41535ca3.jpeg
2026-UNDZTC,follow,2026-09-30 07:44,2026-10-08 07:23,100.79108,13.73618,ลาดกระบัง,ลำปลาทิว,ซอยฉลองกรุง 4 น้ำท่วมระดับหัวเข่า ยังไม่มีหน่วยงานเข้ามาช่วยเหลือ ความสูงระดับหัวเข่า 5วัน,https://storage.googleapis.com/traffy_public_bucket/attachment/2026-09/4d0d53e9385cefd49ac0202e41535ca3.jpeg
2026-T9TXGF,inprogress,2026-09-30 07:50,2026-09-30 12:27,100.68061,13.86808,บางเขน,ท่าแร้ง,บริเวณ ซ. กาญจนาภิเษก 5/3 มีแคมป์ก่อสร้าง น้ำขังไม่ระบายมาหลายวันแล้วค่ะ โครงการที่เกี่ยวข้องไม่พยายามระบายน้ำเลยค่ะ ทำให้รถติดต่อเนื่อง และต้องวิ่งสวนเลน ความสูงระดับหัวเข่า น้ำท่วมมาแล้วน้อยกว่า 1 สัปดาห์,https://storage.googleapis.com/traffy_public_bucket/attachment/2026-09/702290c87293954b15d8f5e69d46b473.jpeg
2026-ZAL3JU,finish,2026-09-30 07:50,2026-10-03 11:32,100.71558,13.90635,คลองสามวา,สามวาตะวันตก,น้ำท่วมขังสูง40-50เซ็น นานมา5-6วันแล้วน้ำเน่าเหม็น น้ำกัด้ท้าแล้ว ชุมชนนี้มีเด็ก คนชรา คนไปทำงานเดินทางลำบากมากๆๆต้องการไม้หรือวัสดุเพื่อทำสะพานทางเดินยาวประมาณ30-40เมตร ขอเร่งด่วน ขอยาน้ำกัดเท้าด้วย ความสูงระดับ30-40เซ็น น้ำท่วมมาแล้ว5วัน,https://storage.googleapis.com/traffy_public_bucket/attachment/2026-09/4bb4e3fd59055e27e274a71c810a1c5c.jpeg
2026-MM2A74,finish,2026-09-30 07:52,2026-10-05 14:32,100.65747,13.76844,บางกะปิ,หัวหมาก,น้ำท่วมซอยรามคำแหง117 หนักมากน้ำไม่ลดเลย ต้องการเครื่องสูบน้ำด่วนครับ เดือดร้อนมาก ความสูงระดับหัวเข่า น้ำท่วมมาแล้วน้อยกว่า 1 สัปดาห์,https://storage.googleapis.com/traffy_public_bucket/attachment/2026-09/f1c3f4148b8a84aefc728d30d4747f67.jpeg
2026-URFKP4,inprogress,2026-09-30 07:53,2026-09-30 10:02,100.7608,13.80097,มีนบุรี,แสนแสบ,ซอยบึงขวาง 1/1 หมู่บ้านประภาวรรณโฮม ร่มเกล้า 1 หน้าหมู่บ้านน้ำท่วมสูง มา 3-4 วันแล้ว รถเล็กไม่สามารถผ่านได้ คนในหมู่บ้านออกไปไหมไม่ได้เลย ถ้าไม่มีรถสูงอยากให้ช่วยประสานงานเจ้าหน้าที่ของรัฐมาช่วยแก้ไขปัญหาหน่อยค่ะ ความสูงระดับหัวเข่า น้ำท่วมมาแล้วน้อยกว่า ,https://storage.googleapis.com/traffy_public_bucket/attachment/2026-09/f28fae3fbdc336fc82a859df71267f74.jpeg
2026-PMCRHR,start,2026-09-30 07:55,2026-09-30 07:55,100.73839,13.76198,ลาดกระบัง,คลองสองต้นนุ่น,ช่วยเร่งดำเนินการระบายน้ำออก น้ำเหม็นมากค่ะ อยากให้เห็นใจคนในเคหะร่มเกล้าด้วยค่ะ วันนี้วันที่5 แล้วไม่มีอะไรดีขึ้นเลย ความสูงระดับหัวเข่า น้ำท่วมมาแล้ว5วัน,https://storage.googleapis.com/traffy_public_bucket/attachment/2026-09/1b4ff3c25b7c05d84792517ff6d2bbaa.jpeg
2026-8JLB6F,inprogress,2026-09-30 07:57,2026-09-30 08:05,100.79749,13.79338,หนองจอก,ลำผักชี,น้ำท่วมขังเน่า และเพิ่มระดับสูงขึ้น เป็น 70 cm ขอรถทำคันกั้นน้ำ และเครื่องสูบน้ำขนาดใหญ่ หมู่บ้านนี้เป็นหมู่บ้านขนาดใหญ่ยังไม่ได่รับการช่วยเหลือ ความสูงระดับเอว น้ำท่วมมาแล้วน้อยกว่า 1 สัปดาห์,https://storage.googleapis.com/traffy_public_bucket/attachment/2026-09/b2e3bcad54583e29ca64456ca035f4a0.jpeg
2026-YVEKN6,inprogress,2026-09-30 07:57,2026-09-30 12:27,100.60625,13.87524,บางเขน,อนุสาวรีย์,น้ำยังขังอยู่ในบ้านครับ ความสูงระดับข้อเท้า น้ำท่วมมาแล้วน้อยกว่า 1 สัปดาห์,https://storage.googleapis.com/traffy_public_bucket/attachment/2026-09/a1d30ab664f703b84a110157cba62a0d.jpeg
2026-YVEKN6,finish,2026-09-30 07:57,2026-10-09 12:50,100.60625,13.87524,บางเขน,อนุสาวรีย์,น้ำยังขังอยู่ในบ้านครับ ความสูงระดับข้อเท้า น้ำท่วมมาแล้วน้อยกว่า 1 สัปดาห์,https://storage.googleapis.com/traffy_public_bucket/attachment/2026-09/a1d30ab664f703b84a110157cba62a0d.jpeg
2026-JCAHY8,inprogress,2026-09-30 07:58,2026-09-30 09:21,100.58394,13.95174,ดอนเมือง,สีกัน,น้ำท่วมขังบริเวณบ้านไม่มีหน่วยงานเข้ามาช่วยเหลือ ตอนนี้ย้ำลดบนนถนน แต่ยังขังบริเวณบ้านอยากให้เข้ามาช่วยเหลือ ความสูงระดับ1 เมตรค่ะบริเวณหน้าบ้าน น้ำท่วมมาแล้ว5 วัน,https://storage.googleapis.com/traffy_public_bucket/attachment/2026-09/a5605a3fd879e97ff5be0a40565ec6ea.jpeg
2026-KBWGZF,inprogress,2026-09-30 07:58,2026-09-30 08:04,100.7997,13.79423,หนองจอก,ลำผักชี,น้ำท่วมขังเน่า และเพิ่มระดับสูงขึ้น เป็น 70 cm ขอรถทำคันกั้นน้ำ และเครื่องสูบน้ำขนาดใหญ่ หมู่บ้านนี้เป็นหมู่บ้านขนาดใหญ่ยังไม่ได่รับการช่วยเหลือ ความสูงระดับเอว น้ำท่วมมาแล้วน้อยกว่า 1 สัปดาห์,https://storage.googleapis.com/traffy_public_bucket/attachment/2026-09/ccc01df4323de5948d61ad0eaad17807.jpeg
2026-KTEBUR,finish,2026-09-30 07:59,2026-09-30 12:29,100.66442,13.87072,บางเขน,ท่าแร้ง,หมู่บ้านบ้านพฤกษาไพร์ม รามอินทรา-คู้บอน คู้บอน27 น้ำนองและซึมผ่านเข้าหมู่บ้านตามรั้วกำแพงที่ติดบ่อปลาฝากนำกระสอบทรายเข้าอุดรู ท้ายซอยหมู่บ้าน เพื่ออุดรูแก้ปัญหาไปก่อนน้ำใหม่จะมาได้ไหมคะ #ขอกระสอบทราย/อื่นๆ,https://storage.googleapis.com/traffy_public_bucket/attachment/2026-09/858cbae4a0124a425f236bdc53918bd6.jpeg
2026-3CPERL,inprogress,2026-09-30 08:00,2026-09-30 08:04,100.8002,13.7952,หนองจอก,ลำผักชี,น้ำท่วมขังเน่า และเพิ่มระดับสูงขึ้น เป็น 70 cm ขอรถทำคันกั้นน้ำ และเครื่องสูบน้ำขนาดใหญ่ หมู่บ้านนี้เป็นหมู่บ้านขนาดใหญ่ยังไม่ได่รับการช่วยเหลือ ความสูงระดับเอว น้ำท่วมมาแล้วน้อยกว่า 1 สัปดาห์,https://storage.googleapis.com/traffy_public_bucket/attachment/2026-09/fe554985406ff3b2305aabc93e076242.jpeg
2026-7K4NGK,finish,2026-09-30 08:01,2026-09-30 15:39,100.63104,13.65418,บางนา,บางนาใต้,เมื่อวันที่25 กันยายนที่ผ่านมา มีน้ำท่วมสูง มีน้ำจากหลังกำแพงของหมู่บ้านศรีพงษ์โครงการ4 หลากหรือผุดขึ้นมาจากท่อน้ำทิ้ง ไหลมาสู่ถนนหลักหน้าโครงการ ดังภาพ อยากสอบถามว่า น้ำสีแดงนี้ มีพิษหรือไม่ ความสูงระดับหน้าแข้ง น้ำท่วมมาแล้วน้อยกว่า 1 สัปดาห์,https://storage.googleapis.com/traffy_public_bucket/attachment/2026-09/98b01218f237eb348610628e2d4fac76.jpeg
2026-8HNJ28,inprogress,2026-09-30 08:02,2026-09-30 08:11,100.66876,13.79367,บึงกุ่ม,คลองกุ่ม,น้ำท่วมออกไม่ได้ หมู่บ้านสหกรณ์เสรีไทย57 มีขยะในบ้านเยอะเลยค่ะ เหม็นและกลัวหนูมา รบกวนช่วยหน่อยได้มั้ยคะ รบกวนมาช่วยเก็บในซอยเล็กด้วย ออกไปไม่ได้ระดับน้ำยังไม่ลด ยังเอวหรือสะโพกอยู่เลย ขอบคุณค่ะ ความสูงระดับเอว น้ำท่วมมาแล้วน้อยกว่า 1 สัปดาห์,https://storage.googleapis.com/traffy_public_bucket/attachment/2026-09/655599b0d695bd35654dcebf4963b49f.jpeg
2026-NTHKH3,inprogress,2026-09-30 08:03,2026-09-30 09:32,100.67242,13.73249,ประเวศ,ประเวศ,น้ำท่วมมา 5 วันแล้ว ระดับตอนนี้เลยหัวเข่าขึ้นมา แจ้งไปครั้งหนึ่งแล้ว แต่ไม่มีใครดำเนินการเข้ามาดูเลย อยู่พัฒนาการ 65 โซน 1 แยก 4 น้ำเริ่มเหม็นเน่า ความสูงระดับเอว น้ำท่วมมาแล้วน้อยกว่า 1 สัปดาห์,https://storage.googleapis.com/traffy_public_bucket/attachment/2026-09/7f0b50133e5a36ff6eddc0c8d93c4861.jpeg
2026-BXGAGH,forward,2026-09-30 08:05,2026-09-30 08:29,100.67919,13.91182,สายไหม,ออเงิน,ขอทราบระดับน้ำบนนถนนสุขาภิบาล5และถนนเทพรักษ์ ความสูงระดับระดับน้ำบนนถนนสุขาภิบาล5เมื่อวันที่29ก.ย.69เวลาประมาณ19.00น. น้ำท่วมมาแล้วสูงประมาณขอบฟุตบาทมานานตั้งแต่วันที่25ก.ย.69,https://storage.googleapis.com/traffy_public_bucket/attachment/2026-09/thumb_f27b6c76ba1959f8346b2c20e790ca6a.jpg
2026-VDG932,finish,2026-09-30 08:05,2026-10-05 13:23,100.65162,13.75828,บางกะปิ,หัวหมาก,น้ำท่วมขัง ในซอยรามคำแหง 60 แยก 3 มา 5 วันแล้ว น้ำเริ่มมีกลิ่นเหม็น ช่วยระบายน้ำให้ด่วนค่ะ ความสูงระดับหน้าแข้ง น้ำท่วมมาแล้วน้อยกว่า 1 สัปดาห์,https://storage.googleapis.com/traffy_public_bucket/attachment/2026-09/59bca02cb6cb6328af4bf991285d50c7.jpeg
2026-J3Z7KB,inprogress,2026-09-30 08:07,2026-09-30 10:02,100.71631,13.78099,มีนบุรี,มีนบุรี,ซอยรามคำแหง164 ข้างในมีหมู่บ้านเพอร์เฟคเพลส น้ำท่วมในหมู่บ้านรถเก๋งขับไม่ได้ตั้งแต่วันเสาร์แล้วน้ำไม่ลงเลยค่ะ รถเล็กขับไม่ได้ ตั้งแต่ศุกร์,https://storage.googleapis.com/traffy_public_bucket/attachment/2026-09/b1db7ed8a1cdbb627a9044b1d65cc973.jpeg
2026-UDJYNL,inprogress,2026-09-30 08:11,2026-09-30 09:42,100.69664,13.7272,ประเวศ,ประเวศ,"วันที่ 30/9/2569 หมู่บ้านในซอย ถนนเฉลืมพระเกียรติ ร.9 ซอย 87 น้ำท่วมขัง ปริมาณน้ำไม่ลดลง ผ่านมาแล้ว 144 ชั่วโมง # 6 วัน ,น้ำท่วมใช้เวลา 2-3 ชั่วโมง สูง 70-100 เซ้นติเมตร แต่ะลดลงใช้เวลา 2 วัน ลดแค่ 3 เซ็นติเมตร ,ทรัพย์สินเสียหายย่อยยับหมด ออกไปทำงานไม่ได้",https://storage.googleapis.com/traffy_public_bucket/attachment/2026-09/7859aeca8a6e876beac9356959d29cd6.jpeg
2026-ZLM286,inprogress,2026-09-30 08:12,2026-09-30 09:51,100.80271,13.80818,มีนบุรี,แสนแสบ,ขอความช่วยเหลือด่วน ผู้พักอาศัย ณ ซอยสุวินทวงศ์ 38/3 พบปัญหาติดอยู่ในพื้นที่ มีผู้สูงอายุ 2 ท่าน และผู้ป่วยติดเตียง 1 ท่าน ขณะนี้ข้าวสารและน้ำดื่มหมด จึงขอรับการสนับสนุนเป็นการด่วน ความสูงระดับเอว น้ำท่วมมาแล้วน้อยกว่า 1 สัปดาห์,https://storage.googleapis.com/traffy_public_bucket/attachment/2026-09/84ddcf21514d7f4a4b2587cd3b9c6125.jpeg
2026-XLWPJT,inprogress,2026-09-30 08:13,2026-09-30 14:01,100.64961,13.85316,บางเขน,ท่าแร้ง,`ซอยรามอินทรา65 แยก4 ช่วงประมาณซอยสุขใจ7-9 พื้นถนนเป็นแอ่งกระทะทำให้ทำท่วมขังทุกครั้งที่ฝนตก น้ำระบายช้ามาก แอ่งลึกสุดอยู่บริเวณหน้าบ้านเลขที่33/163 โดยเฉพาะครั้งนี้ที่ตกหนักมาก จนถึงวันนี้น้ำยังท่วมอยู่ ในขณะที่พื้นที่รอบนอกแห้งหมดแล้ว ทำให้การเดินทางเข้,https://storage.googleapis.com/traffy_public_bucket/attachment/2026-09/a7cf1be560f9f60f4f6377aa5b861dc9.jpeg
2026-38RBVD,forward,2026-09-30 08:17,2026-09-30 08:27,100.64869,13.9255,สายไหม,สายไหม,- มีน้ำท่วมขัง ตั้งแต่วันที่ 25 ก.ย. ช่วงเย็นค่ะ จนตอนนี้ 30 ก.ย.68 น้ำยังคงท่วมขัง เท่าเดิม บ้านเลขที่ 1/99 ซอยสายไหม25(นภากาศ) ขอให้ช่วยสูบน้ำหรือระบายน้ำหน่อยค่ะเนื่งจาก มีความจำเป็นต้องต้องเดินทาง เข้าไปทำงานในเมืองค่ะ ลางานไม่ได้ ความสูงระดับโอ้ยย น,https://storage.googleapis.com/traffy_public_bucket/attachment/2026-09/0712a2e5024eaa2b5d8d45675271163f.jpeg
2026-EWU8ZY,start,2026-09-30 08:17,2026-09-30 08:17,100.73182,13.76139,ลาดกระบัง,คลองสองต้นนุ่น,ต้องการลงทะเบียนเป็นผู้ประสบภัยน้ำท่วมค่ะ เพราะอาศัยอยู่ในเคหะร่มเกล้า ที่ตอนนี้น้ำท่วมชั้น 1 อยู่ระดับเหนือเอวค่ะ เหนือเอวค่ะ ท่วมตั้งแต่ตี 3 ของวันเสาร์ที่ 26 ก.ย. 69 จนตอนนี้น้ำยังไม่ลดค่ะ,https://storage.googleapis.com/traffy_public_bucket/attachment/2026-09/7cd53778944c2d58088ac7849c37ef32.jpeg
2026-E3NTTC,start,2026-09-30 08:20,2026-09-30 08:20,100.72015,13.77514,ลาดกระบัง,คลองสองต้นนุ่น,ในหมู่บ้านเพอร์เฟคเพลส ยังท่วมสูง รถมอเตอร์ไซด์และรถเก๋งยังไม่สามารถออกไปทำงานได้ หมู่บ้านอยู่ใกล้คลองลำนายโส น้ำระบายช้ามาก ผ่านมา4-5วันแล้ว ใช้วิธีเดินลุยน้ำจนเป็นผื่นคัน แสบ ระยะทางไปปากซอยค่อนข้างไกล ความสูงระดับสูง155ซม. ลงไปลุยน้ำสูงระดับเข่าค่ะ แต่,https://storage.googleapis.com/traffy_public_bucket/attachment/2026-09/9438319ad00b68c707f53a8f1cc10b15.jpeg
2026-8E6MW4,forward,2026-09-30 08:22,2026-09-30 09:07,100.66871,13.80393,บึงกุ่ม,คลองกุ่ม,หมู่บ้านนวธานีซอย3 เสรีไทย59 น้ำยังไม่ลดและเริ่มเน่า ความสูงระดับหัวเข่า น้ำท่วมมาแล้วน้อยกว่า 1 สัปดาห์,https://storage.googleapis.com/traffy_public_bucket/attachment/2026-09/e4921ed80a6956bfea52580a60ceeacb.jpeg
2026-8XUZGG,finish,2026-09-30 08:26,2026-10-01 10:46,100.56949,13.75582,ห้วยขวาง,ห้วยขวาง,อัพเดตได้ไหมคะว่าหลุมยุบจะกระทบกับตึกบริเวณข้างเคียงไหมเพราะตอนนี้ 08.20 หลุมค่อนข้างใหญ่กว่าเมื่อคืนที่แจ้งไปค่ะ #ขอกระสอบทราย/อื่นๆ,https://storage.googleapis.com/traffy_public_bucket/attachment/2026-09/59f5f14e85cd660d9325b9f2765af0fb.jpeg
2026-74RY9Z,inprogress,2026-09-30 08:27,2026-09-30 09:30,100.6906,13.69285,ประเวศ,ดอกไม้,น้ำท่วมขังระดับค่อนข้างสูงในซอยมาหลายวันแล้วยังไม่ได้รับการแก้ไข ท่วมทุกครั้งที่มีฝนตกหนัก ความสูงระดับ50 cm น้ำท่วมมาแล้ว5 วัน,https://storage.googleapis.com/traffy_public_bucket/attachment/2026-09/a959b971a488e8161facaa365a54fbeb.jpeg
2026-APBUTP,inprogress,2026-09-30 08:27,2026-09-30 08:31,100.80673,13.79086,หนองจอก,ลำผักชี,น้ำท่วมสูงมากออกไปทำงานไม่ได้เดือดร้อนหนักช่วยระบายน้ำออกเร็วเร็วหน่อย ความสูงระดับ50-60 เซน น้ำท่วมมาแล้ว4-5แล้วคับ,https://storage.googleapis.com/traffy_public_bucket/attachment/2026-09/d1145859a8cb63ee53bfeda851512f2e.jpeg
2026-6XH3LV,inprogress,2026-09-30 08:28,2026-09-30 09:55,100.62632,13.71058,สวนหลวง,สวนหลวง,น้ำท่วมขังในซอยอ่อนนุช 29 ค่ะ ความสูงระดับข้อเท้า น้ำท่วมมาแล้ว3-4 วันละค่า น้ำในซอยยังไม่ลดค่ะ,https://storage.googleapis.com/traffy_public_bucket/attachment/2026-09/78be8d179898fdcd4ef47ebec8dd4b2f.jpeg
2026-427PT3,inprogress,2026-09-30 08:32,2026-09-30 09:55,100.62714,13.73298,สวนหลวง,สวนหลวง,ในซอยพัฒนาการ 40 เขตสวนหลวง กทม ยังมีน้ำท่วมขัง ตรงคลองระดับน้ำลดแล้วแต่ในซอยยังไม่ลดเลย ครึ่งล้อรถค่ะ ตั้งแต่วันศุกร์ที่ 25,https://storage.googleapis.com/traffy_public_bucket/attachment/2026-09/47cbe29f869e22577b35fb260e6e6c61.jpeg
2026-427PT3,finish,2026-09-30 08:32,2026-10-10 12:34,100.62714,13.73298,สวนหลวง,สวนหลวง,ในซอยพัฒนาการ 40 เขตสวนหลวง กทม ยังมีน้ำท่วมขัง ตรงคลองระดับน้ำลดแล้วแต่ในซอยยังไม่ลดเลย ครึ่งล้อรถค่ะ ตั้งแต่วันศุกร์ที่ 25,https://storage.googleapis.com/traffy_public_bucket/attachment/2026-09/47cbe29f869e22577b35fb260e6e6c61.jpeg
2026-3DGCTD,inprogress,2026-09-30 08:34,2026-09-30 09:40,100.65056,13.71838,ประเวศ,ประเวศ,ซอยอ่อนนุช 53 ที่ลงสะพานมาเส้นหลักยังท่วมสูงข้างในนี้ทุกแยกและหมู่บ้านปานทิพย์ออกไปไหนไม่ได้เลยใช้รถเอสยูวีสูงสูงเท่านั้นหรือรถกระบะถึงจะออกไปได้ รถที่บ้านก็ยังไม่ได้เอาออกไปจอดเพราะว่าไม่มีการเตือนออกไปไม่ได้ตั้งแต่วันศุกร์แล้ววันนี้ครบเจ็ดวันแล้ว ไม่มีก,https://storage.googleapis.com/traffy_public_bucket/attachment/2026-09/b9266a38438ae720ef65d422f0dc221f.jpeg
2026-BL9HA3,inprogress,2026-09-30 08:35,2026-09-30 09:29,100.66202,13.72539,ประเวศ,ประเวศ,ต้องการเครื่องสูบน้ำอิกจากหมู่บ้าน น้ำท่วมสูง ชั้น 1 ของบ้าน น้ำเริ่มมีกลิ่นเน่าเหม็น รถไม่สามารถเข้า ออกได้ 414 ซอยพัฒนาการ 63 หมู่บ้านผาสุก ถนนพัฒนาการ แขวงประเวศ เขตประเวศ กทม.10250 ความสูงระดับสูงกว่าเอว น้ำท่วมมาแล้วน้อยกว่า 1 สัปดาห์,https://storage.googleapis.com/traffy_public_bucket/attachment/2026-09/1c76a7684bdd2071c8aacfef275925e1.jpeg
2026-HFM2ED,inprogress,2026-09-30 08:36,2026-09-30 10:02,100.71698,13.77894,มีนบุรี,มีนบุรี,น้ำท่วมยังสูง จากการประเมินยังราวๆ 40-45 ซม. ไม่สามารถนำรถ SUV ลุยน้ำออกจากซอยได้ ความสูงระดับคิดว่ายัง 40 - 50 ซมครับ น้ำท่วมมาแล้ว5 วัน,https://storage.googleapis.com/traffy_public_bucket/attachment/2026-09/d97d0c947c676420f0868323fddc3d58.jpeg
2026-LPT9FM,inprogress,2026-09-30 08:37,2026-10-03 15:33,100.73955,13.84417,คลองสามวา,ทรายกองดิน,เขตคลองสามวาแจ้งว่ามีความเสี่ยงน้ำเพิ่มขึ้นยังไม่มีกระสอบทรายเลยค่ะออกไปก็ไม่ได้ทำอะไรก็ไม่ได้น้ำก็ประชิดตัวบ้านเรียบร้อยแล้วจะทำอย่างไรดีคะแจ้งไปก็ยังไม่มีอะไรตอบกลับมานะคะตอนแรกนี่รอบ 2 แล้วค่ะ ความสูงระดับข้อเท้า น้ำท่วมมาแล้วน้อยกว่า 1 สัปดาห์,https://storage.googleapis.com/traffy_public_bucket/attachment/2026-09/f6d17e4898dce4c63e9af68ab5f5fac6.jpeg
2026-ZLKDE2,forward,2026-09-30 08:41,2026-09-30 09:35,100.63368,13.71595,สวนหลวง,สวนหลวง,น้ำท่วมขังชุมชนคลองจวนลดระดับช้ามาก วันละไม่กี่เซนติเมตร ปัจจุบันมีปัญหากลิ่นเหม็นน้ำแล้ว น้ำนิ่งมาเกือบสัปดาห์ ในชุมชนมีปัญหา ความเดือดร้อน การใช้ชีวิต การสัญจร สุขอนามัย ช่วยเร่งระบายโดยเร่งด่วน ด้วยครับ พื้นที่ริมคลอง พระโขนง ชุมชนคลองจวน อ่อนนุ,https://storage.googleapis.com/traffy_public_bucket/attachment/2026-09/c1d648ccee6599a45833fbe18444882a.jpeg
2026-9MAKK8,start,2026-09-30 08:43,2026-09-30 08:43,100.73334,13.76145,ลาดกระบัง,คลองสองต้นนุ่น,ช่วยระบายน้ำท่วมออก จาก เคหะชุมชนร่มเกล้าโซน6 โซน8 น้ำเริ่มเน่ามีกลิ่น ความสูงระดับวันนี้ระดับเอวครับ น้ำท่วมมาแล้วน้อยกว่า 1 สัปดาห์,https://storage.googleapis.com/traffy_public_bucket/attachment/2026-09/d658c78cdc3ef927a7ac1326e944aeac.jpeg
2026-H22NDB,inprogress,2026-09-30 08:43,2026-09-30 09:54,100.70311,13.79308,สะพานสูง,สะพานสูง,น้ำท่วมขังในซอย และท่วมบ้าน ความสูงระดับข้อเท้า น้ำท่วมมาแล้ว4วัน,https://storage.googleapis.com/traffy_public_bucket/attachment/2026-09/ead28f2ed36f08b3dd77526b3009613f.jpeg
2026-22DCCJ,forward,2026-09-30 08:44,2026-10-05 10:02,100.59935,13.87223,บางเขน,อนุสาวรีย์,ถนนหน้าเซนทรัลฝั่งสนามกอล์ฟ น้ำท่วมขัง ไม่มีหน่วยงานมาดูแล ทำรถติดมาก ความสูงระดับหน้าแข้ง น้ำท่วมมาแล้วน้อยกว่า 1 สัปดาห์,https://storage.googleapis.com/traffy_public_bucket/attachment/2026-09/1d8f0e8610b4db1cd6fa6a042f95e11d.jpeg
2026-22DCCJ,finish,2026-09-30 08:44,2026-10-07 10:05,100.59935,13.87223,บางเขน,อนุสาวรีย์,ถนนหน้าเซนทรัลฝั่งสนามกอล์ฟ น้ำท่วมขัง ไม่มีหน่วยงานมาดูแล ทำรถติดมาก ความสูงระดับหน้าแข้ง น้ำท่วมมาแล้วน้อยกว่า 1 สัปดาห์,https://storage.googleapis.com/traffy_public_bucket/attachment/2026-09/1d8f0e8610b4db1cd6fa6a042f95e11d.jpeg
2026-EDXH2X,finish,2026-09-30 08:45,2026-10-05 13:23,100.63192,13.75575,บางกะปิ,หัวหมาก,น้ำยังท่วมขังอยู่เลยครับ ความสูงระดับหัวเข่า น้ำท่วมมาแล้วน้อยกว่า 1 สัปดาห์,https://storage.googleapis.com/traffy_public_bucket/attachment/2026-09/3206d605b99e5d4bd6b4016f670d4cd3.jpg
2026-RPFGAT,start,2026-09-30 08:45,2026-09-30 08:45,100.75893,13.75469,ลาดกระบัง,คลองสามประเวศ,ถนนเส้นเจ้าคุณทำการ ทั้งเส้นน้ำท่ซมสูง ทำไมไม่มีเจ้าหน้าที่ทาดูแลเลย ความสูงระดับหัวเข่า น้ำท่วมมาแล้วน้อยกว่า 1 สัปดาห์,https://storage.googleapis.com/traffy_public_bucket/attachment/2026-09/8daf5425540ea745236343fe2a2b4cf5.jpeg
2026-JKN4BP,finish,2026-09-30 08:46,2026-10-03 11:28,100.73955,13.84417,คลองสามวา,ทรายกองดิน,ไม่สามารถออกไปเอากระสอบทรายได้ทำอย่างไรดีคะ #ขอกระสอบทราย/อื่นๆ,https://storage.googleapis.com/traffy_public_bucket/attachment/2026-09/e3be46250e13038512ca6cacae176578.jpeg
2026-9U2NYD,start,2026-09-30 08:48,2026-09-30 08:48,100.71681,13.7662,ลาดกระบัง,คลองสองต้นนุ่น,น้ำท่วมบ้าน ความสูงระดับในบ้านครึ่งแข้ง ถนน เอว น้ำท่วมมาแล้วมากกว่า 1 สัปดาห์,https://storage.googleapis.com/traffy_public_bucket/attachment/2026-09/d4d8a7d6faf688c526103889ffd1811d.jpeg
2026-HH4UMZ,inprogress,2026-09-30 08:48,2026-09-30 09:39,100.68477,13.69661,ประเวศ,ดอกไม้,ช่วยตรวจสอบของตาเปียหน่อยครับว่ามีขยะอุดตันทางเดินน้ำหรือเปล่า หรือว่าเครื่องสูบน้ำเดินอยู่หรือเปล่าครับหรือว่าไม่มีเครื่องสูบน้ำเพราะตอนนี้ที่บ้านก็ยังน้ำสูงอยู่นะครับประมาณ 70 cm ความสูงระดับหัวเข่า น้ำท่วมมาแล้วมากกว่า 1 สัปดาห์,https://storage.googleapis.com/traffy_public_bucket/attachment/2026-09/0e1f8f10ffc0dc829b0b89fbf6c5c38a.jpeg
2026-KTK2VM,inprogress,2026-09-30 08:48,2026-09-30 10:01,100.7066,13.80841,มีนบุรี,มีนบุรี,น้ำท่วมเส้น ถ.หม่อมเจ้าสง่างาม สุประดิษฐ์(น้ำจากบึงกระเทียมก็ยังล้น ไม่มีทีท่าลดลง) สัญจรลำบาก ความสูงระดับหน้าแข้ง น้ำท่วมมาแล้วน้อยกว่า 1 สัปดาห์,https://storage.googleapis.com/traffy_public_bucket/attachment/2026-09/7ff45953922328e7e16aa16c7d671b02.jpeg
2026-LNR7TP,start,2026-09-30 08:51,2026-09-30 08:51,100.75975,13.72236,ลาดกระบัง,ลาดกระบัง,ปัญหา: ขอให้เจ้าหน้าที่ลงพื้นที่ตรวจสอบวัดต่าง ๆ ภายในเขตลาดกระบังที่ได้รับผลกระทบจากน้ำท่วม เนื่องจากเกรงว่าพระภายในวัดจะขาดแคลนอาหารและน้ำดื่ม และไม่สามารถออกบิณฑบาตได้ จึงขอให้เจ้าหน้าที่ที่เกี่ยวข้องเร่งเข้าช่วยเหลือโดยด่วน ทั้งนี้ ผู้ร้องคือคุณชนันท์,https://storage.googleapis.com/traffy_public_bucket/attachment/2022-12/da2125e781282589d482070c3dba1726aa16a4a7.jpg
2026-NBCNJC,inprogress,2026-09-30 08:52,2026-09-30 10:01,100.73594,13.8073,มีนบุรี,มีนบุรี,ซอยรามคำแหง194 ชุมชนรุ่งนภา2 ตั้งแต่กลางซอยจนถึงในซิยน้ำท่วมขัง ตั้งแต่เย็นวันศุกร์ที่25/09/2569 ค่ะ ณ ตอนนี้น้ำยังไม่ลดเลย รวมระยะเวลา4 วันแล้ว น้ำเริ่มเหม็นเน่า ท่วมเข้าตัวบ้านเกือบครึ่งตัว ถนนหน้าบ้านในซอย ระดับก้น รบกวนให้หน่ิยงานเข้ามาดูและหน่อยค่ะ ค,https://storage.googleapis.com/traffy_public_bucket/attachment/2026-09/48f155fc2a36c506cab325004e70a136.jpeg
2026-JBJRA8,inprogress,2026-09-30 08:56,2026-09-30 09:47,100.69619,13.77794,สะพานสูง,สะพานสูง,ต้องการขอรับกระสอบทรายเนื่องจากน้ำท่วมขังบ้านอยู่ตรงมุม ท่อระบายน้ำรอบ 79/134 ซ.3 ม.ธารารมณ์ รามคำแหง150 เขต สะพานสูง โทร 0839934264 (บ้าน2 หลัง) ความสูงระดับ20-30ซม น้ำท่วมมาแล้ว4-5วัน,https://storage.googleapis.com/traffy_public_bucket/attachment/2026-09/15300d55593d0cb49c3c3350093049a1.jpeg
2026-RXKYXR,start,2026-09-30 08:56,2026-09-30 08:56,100.79495,13.74109,ลาดกระบัง,ลำปลาทิว,ในฉลองกรุง 54 ทั้งหมด บ้านอาจารย์อยู่อยู่ซอยฉลองกรุง 54 แต่อยู่ริมคลองในซอยท่วมทั้งหมดเลยไปไหนไม่ได้เลย รอรับเงินประสบภัยกว่าจะได้แสนจะลำบากเอกสารยุ่งยากไปหมด เขาด่ากันทั้งนั้นน่ะหรือว่าต้องเตรียมเอกสารเนี่ย บอกวันนี้จะมีเครื่องผลักดันน้ำมาติดตั้งตาม,https://storage.googleapis.com/traffy_public_bucket/attachment/2026-09/4fa303ca276d787852d1bcafc3b02052.jpeg
2026-TAULVD,finish,2026-09-30 08:57,2026-09-30 23:40,100.60458,13.78301,วังทองหลาง,วังทองหลาง,ลาดพร้าว80แยก16 เช้าวันที่ 26 กันยายนน้ำสูงสุด 80 เซนติเมตร ความสูงระดับผ่านไป2วันน้ำถึงจะลงเหลืออีก 30 ซม น้ำท่วมมาแล้วน้อยกว่า 1 สัปดาห์,https://storage.googleapis.com/traffy_public_bucket/attachment/2026-09/e5a238c792526adc92bd0461bb03bbce.jpeg
2026-H8G6FE,forward,2026-09-30 08:59,2026-09-30 09:19,100.50098,13.78214,บางพลัด,บางพลัด,คันกั้นน้ำปริมีรอยรั่วมากขึ้น 2 จุด บริเวณใต้สะพานซังฮี้ #ขอกระสอบทราย/อื่นๆ,https://storage.googleapis.com/traffy_public_bucket/attachment/2026-09/fc764047a96cf778bcf83870534dcd7c.jpeg
2026-HUXPKB,finish,2026-09-30 08:59,2026-09-30 14:52,100.3897,13.72768,บางแค,บางแคเหนือ,น้ำท่วมครับ ความสูงระดับ60 เซนติเมตร น้ำท่วมมาแล้ว5 วันครับ,https://storage.googleapis.com/traffy_public_bucket/attachment/2026-09/49c6fd865297af89728f42abd367f43d.jpeg
2026-UJEKLJ,start,2026-09-30 09:02,2026-09-30 09:02,100.74202,13.76844,ลาดกระบัง,คลองสามประเวศ,ซอยร่มเกล้า28 น้ำเริ่มเน่า ตอนนี้ถึงน้ำจะลดลงบ้างแต่ช้ามากๆ ขอสนุบสนุนเครื่องสูบน้ำที่มีขนาดใหญ่เพื่อระบายน้ำให้เร็วกว่านี้ได้ไหมคะ ความสูงระดับหัวเข่า เลยเข่าด้วยค่ะ ส่วนซอยย่อยเท่าเอวของบางคน,https://storage.googleapis.com/traffy_public_bucket/attachment/2026-09/570adcb2bcc3087724962ad7d991453a.jpeg
2026-DAU92K,inprogress,2026-09-30 09:04,2026-09-30 09:30,100.69069,13.69185,ประเวศ,ดอกไม้,น้ำท่วมขังในซอย เป็นเวลา 5-6 วัน มีกลิ่นเน่าเหม็น ขอความช่วยเหลืออย่างเร่งด่วนครับ ผู้สูงอายุอาศัยอยู่เยอะครับ ความสูงระดับเอว น้ำท่วมมาแล้วน้อยกว่า 1 สัปดาห์,https://storage.googleapis.com/traffy_public_bucket/attachment/2026-09/6404b409a1e500c8ebb03327ea2ad0e8.jpeg
2026-PPXJPJ,forward,2026-09-30 09:04,2026-09-30 12:14,100.75647,13.71903,ลาดกระบัง,ลาดกระบัง,น้ำท่วมขัง ติดต่อกันเกิน 7 วัน ปัญหาคือ หอพักอยู่สูงแต่น้ำประปา เริ่มมีกลิ่นเหม็นเน่า มา 4 วันแล้ว ความสูงระดับเอว น้ำท่วมมาแล้วมากกว่า 1 สัปดาห์,https://storage.googleapis.com/traffy_public_bucket/attachment/2026-09/25ad6b4057d964103f04edf97a1f0572.jpeg
2026-LBAY7M,finish,2026-09-30 09:05,2026-10-02 16:08,100.65694,13.73585,ประเวศ,ประเวศ,ซอยพัฒนาการ 61 (เมืองทอง2/2) แยก13 ไม่มีใครเข้าไปเลยครับตอนนี้ลำบากมากครับ ตรงนั้นเป็นชุมชนมุสลิมครับ... คนที่เข้าไปเข้าไปแต่ถนนเมนหลักไม่ได้เข้าไปตามซอยครับ... อาหารและน้ำเลยไปไม่ถึงครับเขาต้องเดินฝ่าน้ำออกมาซื้อของเพื่อเอาไปปะทังชีวิตเพื่ออยู่รอดครับ คว,https://storage.googleapis.com/traffy_public_bucket/attachment/2026-09/e63a1c5fa75fc0e2aacc47ae97c8d408.jpeg
2026-8F68BK,finish,2026-09-30 09:06,2026-09-30 10:50,100.67541,13.7714,สะพานสูง,สะพานสูง,ปัญหาน้ำท่วม เข้าภายในตัวบ้าน สร้างความเสียหายกับพื้น และเฟอร์นิเจอร์ ไม่ทราบว่ามีวิธีช่วยเหลืออย่างไรบ้างครับ ความสูงระดับหน้าบ้านประมาณหัวเข่า ในตัวบ้าน ประมาณข้อเท้า ครับ น้ำท่วมมาแล้วน้อยกว่า 1 สัปดาห์,https://storage.googleapis.com/traffy_public_bucket/attachment/2026-09/thumb_d7a258259d542b53950af8a41eca5777.jpg
2026-H6MBY2,inprogress,2026-09-30 09:08,2026-09-30 09:46,100.69266,13.74561,สะพานสูง,สะพานสูง,ผลกระทบจากน้ำท่วมในหมู่บ้านนักกีฬา ตั้งแต่กลางคืนวันที่ 25 กย จนถึงเวลานี้ยังคงท่วมและรอการระบาย น้ำท่วมภายในรอบบ้านจากปริมาณน้ำที่ถนนซอย เข้ามาในบ้านน่าจะ 30 ซม ส่วนอุปกรณ์ เครื่องใช้ภายในบ้านไม่ได้รับผลกระทบเพราะบ้านสูง ก็ดูว่า กทม. จะพิจารณาช่วยเหล,https://storage.googleapis.com/traffy_public_bucket/attachment/2026-09/8eeb798f475a3d405d4e361d63ef27ae.jpeg
2026-HN3ZJC,finish,2026-09-30 09:09,2026-10-05 15:12,100.63596,13.77771,บางกะปิ,คลองจั่น,น้ำเข้าห้องใต้ดินขอความกรุณามาสูบออกด้วยค่ะ ความสูงระดับถึงขอบหน้าต่างค่ะ น้ำท่วมมาแล้ว2วันค่ะ,https://storage.googleapis.com/traffy_public_bucket/attachment/2026-09/8bc0e019f1217a715381b26302ab0ffa.jpeg
2026-FC6RAA,inprogress,2026-09-30 09:11,2026-09-30 09:46,100.87977,13.90775,หนองจอก,คลองสิบสอง,น้ำท่วมถนนหน้าบ้านเลขที่1/9ม.7จนถึงปากซอย 26-30กันยายน ท่วมขังมา5วันน้ำเริ่มกลิ่น รถเล็กออกไม่ได้ เดินไม่ได้มีทั้งตะขาบและงูเห่าค่ะลอยน้ำมาด้วย ขอความช่วยเหลือประสานดูดน้ำออกจากถนนและซ่อมแซมถนนค่ะ ชาวบ้านยกให้เป็นถนนสาธารณะได้6ปีแล้วค่ะ เพื่อทำการติดตั้งเ,https://storage.googleapis.com/traffy_public_bucket/attachment/2026-09/thumb_f8c5b88779590146c7bb5b455333f583.jpg
2026-JCEYUM,inprogress,2026-09-30 09:11,2026-09-30 13:33,100.6182,13.86524,บางเขน,อนุสาวรีย์,น้ำท่วมในบ้านอยู่เลยค่ะ ความสูงระดับข้อเท้า น้ำท่วมมาแล้วน้อยกว่า 1 สัปดาห์,https://storage.googleapis.com/traffy_public_bucket/attachment/2026-09/a2b86827bf2eb209fcb91f5b6d8ad334.jpeg
2026-JCEYUM,finish,2026-09-30 09:11,2026-10-09 13:54,100.6182,13.86524,บางเขน,อนุสาวรีย์,น้ำท่วมในบ้านอยู่เลยค่ะ ความสูงระดับข้อเท้า น้ำท่วมมาแล้วน้อยกว่า 1 สัปดาห์,https://storage.googleapis.com/traffy_public_bucket/attachment/2026-09/a2b86827bf2eb209fcb91f5b6d8ad334.jpeg
2026-3GCWF7,inprogress,2026-09-30 09:13,2026-09-30 09:29,100.65049,13.71872,ประเวศ,ประเวศ,น้ำท่วมขังสูงในซอยอ่อนนุช53 ค่ะ ความสูงระดับวิ่งได้แต่รถกพบะค่ะ น้ำท่วมมาแล้วตั้งแต่26กย ค่ะ,https://storage.googleapis.com/traffy_public_bucket/attachment/2026-09/thumb_f6a83294575f2877ec5032e7cd25bb00.jpg
2026-AVK4AF,inprogress,2026-09-30 09:15,2026-09-30 09:50,100.68417,13.80527,คันนายาว,คันนายาว,น้ำท่วมครึ่งแข้งค่ะ ไม่มีหน่วยงานใดมาเลย ความสูงระดับครึ่งแข้งค่ะ บางจุดเกือบถึงเข่า น้ำท่วมมาแล้ว5วันค่ะ,https://storage.googleapis.com/traffy_public_bucket/attachment/2026-09/5b30787939111be44cb7bf153398a720.jpeg
2026-DKRN88,inprogress,2026-09-30 09:19,2026-09-30 13:33,100.62223,13.87545,บางเขน,ท่าแร้ง,รบกวนขอเครื่องสูบน้ำเข้าหมู่บ้านบัวหลวง เนื่องจากมีน้ำขังในพื้นที่นี้มาตั้งแต่วันที่ 25 แล้วค่ะ ถนนรอบนอกแห้งหมดแล้ว แต่ในหมู่บ้านยังเป็นแอ่งอยู่ น้ำสูงประมาณหัวเข่า และเริ่มส่งกลิ่นเน่าเหม็นแล้วค่ะ ความสูงระดับหัวเข่า น้ำท่วมมาแล้วน้อยกว่า 1 สัปดาห์,https://storage.googleapis.com/traffy_public_bucket/attachment/2026-09/c9f5304ec3b3fb9c01c14762d05774a1.jpeg
2026-DKRN88,finish,2026-09-30 09:19,2026-10-09 18:16,100.62223,13.87545,บางเขน,ท่าแร้ง,รบกวนขอเครื่องสูบน้ำเข้าหมู่บ้านบัวหลวง เนื่องจากมีน้ำขังในพื้นที่นี้มาตั้งแต่วันที่ 25 แล้วค่ะ ถนนรอบนอกแห้งหมดแล้ว แต่ในหมู่บ้านยังเป็นแอ่งอยู่ น้ำสูงประมาณหัวเข่า และเริ่มส่งกลิ่นเน่าเหม็นแล้วค่ะ ความสูงระดับหัวเข่า น้ำท่วมมาแล้วน้อยกว่า 1 สัปดาห์,https://storage.googleapis.com/traffy_public_bucket/attachment/2026-09/c9f5304ec3b3fb9c01c14762d05774a1.jpeg
2026-BJUL7L,forward,2026-09-30 09:20,2026-09-30 12:13,100.76787,13.75417,ลาดกระบัง,คลองสามประเวศ,บริเวณเส้นถนนเจ้าคุณทหารฝั่งสุกี้ตี๋น้อย เจ้าคุณปาร์คและฝั่งตรงข้าม น้ำท่วมขังสูงมากเกินขอบฟุตบาธ รถเก๋งไม่สามารถขับผ่านได้ ท่วมขังตั้งแต่วันที่ 25กย จนถึงวันนี้ 30กย ยังไม่มีการสูบน้ำออก ทุกครั้งจะมีการติดตั้งเครื่องสูบน้ำ เพื่อสูบน้ำ คราวนี้ยังไม่มี ช่ว,https://storage.googleapis.com/traffy_public_bucket/attachment/2026-09/thumb_a4edf0b66d174660291cba830158c3ff.jpg
2026-PG26HN,inprogress,2026-09-30 09:22,2026-09-30 11:49,100.61942,13.936,ดอนเมือง,สนามบิน,อยากให้ช่วยมาดูน้ำท่วมพหลโยธิน73ค่ะ น้ำท่วมเริามเน่าเหม็น รถเล็กผ่านไม่ได้ ทั้งๆที่อื่นแห้งหมดแล้วค่ะ ด้านนอกคือบริเวณอนุสรณ์สถานและปากทางลำลูกกาค่ะ ความสูงระดับหัวเข่า น้ำท่วมมาแล้วตั้งแต่วันที่น้ำเริ่มท่วม ประมาณ5วัน,https://storage.googleapis.com/traffy_public_bucket/attachment/2026-09/ce3b3a0eb29de824595d0243deb32012.jpeg
2026-XMW3WY,finish,2026-09-30 09:22,2026-10-02 09:48,100.65258,13.76368,บางกะปิ,หัวหมาก,น้ำท่วมซ.รามคำแหง 62 และ ซ.รามคำแหง 64 มา 5 วันแล้ว ต้องการกระสอบทรายมาเพื่อบล็อกทรายคลองด้านข้างหมู่บ้านเพื่อสูบน้ำออก หมู่บ้านมีปั๊มที่สำนักงานเขตให้ไว้อยู่แล้วครับ ความสูงระดับหัวเข่า น้ำท่วมมาแล้วน้อยกว่า 1 สัปดาห์,https://storage.googleapis.com/traffy_public_bucket/attachment/2026-09/e4ab1c8740fb921ac6a946d5e7eff68e.jpeg
2026-JDKKRB,forward,2026-09-30 09:23,2026-10-05 09:59,100.72195,13.81679,มีนบุรี,มีนบุรี,ถนนสุวินทวงศ์จะแห้งกี่โมง ความสูงระดับเลย footpath น้ำท่วมมาแล้วตั้งแต่วันที่ 25,https://storage.googleapis.com/traffy_public_bucket/attachment/2026-09/thumb_05d2707769e9bc5fe508e6e795fe0722.jpg
2026-LEPD2D,inprogress,2026-09-30 09:23,2026-09-30 10:00,100.72222,13.779,มีนบุรี,มีนบุรี,นำ้ท่วมในหมู่บ้านตั้งแต่คืนวันศุกร์ที่ 25 จนถึงวันนี้นำ้ไม่ลดเลย ความสูงระดับหัวเข่า น้ำท่วมมาแล้วน้อยกว่า 1 สัปดาห์,https://storage.googleapis.com/traffy_public_bucket/attachment/2026-09/ccc2f89a4563c03dfc072aaa420e6557.jpeg
2026-2C6NGN,forward,2026-09-30 09:27,2026-09-30 09:35,100.68976,13.70262,ประเวศ,ดอกไม้,ทางโค้งปากซอยเฉลิมพระเกียรติ 62 ยังมีน้ำท่วมสูง ควนสูบน้ำออกที่อื่นน้ำลดหมดแล้ว ความสูงระดับหัวเข่า น้ำท่วมมาแล้วน้อยกว่า 1 สัปดาห์,https://storage.googleapis.com/traffy_public_bucket/attachment/2026-09/7d3d7bdd9cf74f5c4c641b3becc6f588.jpeg
2026-YDMPXD,inprogress,2026-09-30 09:27,2026-09-30 09:37,100.6563,13.72322,ประเวศ,ประเวศ,ที่จริงต้องการตอบกลับเรื่อง 2026-TY83V2 ที่เคยขอความช่วยเหลือเรื่องน้ำท่วมสูงมากๆ แต่เขตกลับตอบว่าทำอะไรไม่ได้เพราะน้ำข้างนอกสูง เลยนำอาหารมาแจกแทน และขอจบงาน อันที่จริงไม่ตอบโจทย์ที่ให้ช่วยเลย แต่ที่ให้ 5 ดาวไปเพราะท่านผู้ว่า ให้สัมภาษณ์ว่า เจรจากับฉะเชิ,https://storage.googleapis.com/traffy_public_bucket/attachment/2026-09/771127c88367dfa47c3ae7c7861554ba.jpeg
2026-4N2883,inprogress,2026-09-30 09:28,2026-09-30 14:21,100.70971,13.79594,มีนบุรี,มีนบุรี,ปัญหาน้ำท่วม ซอยรามคำแหง 164 และหมู่บ้านเพอร์เฟคเพลส ท่วมสูง ขอความกรุณาเจ้าหน้าที่เร่งระบายน้ำโดยเร็ว ความสูงระดับต้นขา (เลยหัวเข่า) น้ำท่วมมาแล้ว1 สัปดาห์,https://storage.googleapis.com/traffy_public_bucket/attachment/2026-09/dd31f2f9187fe436c73b9fcbad098ada.jpeg
2026-3G7TCP,finish,2026-09-30 09:30,2026-10-05 13:22,100.66343,13.74701,บางกะปิ,หัวหมาก,น้ำท่วมขังบริเวณหน้าสนามกอล์ฟกรุงเทพกรีฑา และซอยกรุงเทพกรีฑา 11 (ซอยโรงเรียนหทัยนิรมล) ต่อเนื่องเข้าวันที่ 6 แล้ว ระดับน้ำสูงประมาณต้นขา น้ำเริ่มเน่าและมีกลิ่นเหม็น รถมอเตอร์ไซค์ไม่สามารถสัญจรได้ รบกวนตรวจสอบและช่วยเร่งระบายน้ำในพื้นที่ด้วยค่ะ ต้นขาค่ะ 6 ,https://storage.googleapis.com/traffy_public_bucket/attachment/2026-09/259b339e043407b016c0e325bf0b64be.jpeg
2026-PWHZDR,finish,2026-09-30 09:30,2026-10-05 16:27,100.66435,13.76206,บางกะปิ,หัวหมาก,ในซอยรามคำแหง 68 น้ำท่วมตั้งแต่วันที่ 25 กันยายน 2569 จนถึงปัจจุบัน 30 กันยายน 2569 ก็ยังท่วมอยู่ โดยลึกสุดอยู่ที่เข่า รอการจัดการจากรัฐค่ะ ได้โปรดช่วยเหลือและจัดการน้ำท่วมด้วยค่ะ ความสูงระดับหัวเข่า น้ำท่วมมาแล้วน้อยกว่า 1 สัปดาห์,https://storage.googleapis.com/traffy_public_bucket/attachment/2026-09/f50440fce733c35332325d0e9bc863d9.jpeg
2026-9RGXMV,inprogress,2026-09-30 09:35,2026-10-04 17:13,100.62253,13.7843,วังทองหลาง,คลองเจ้าคุณสิงห์,น้ำลดแล้วครับ ปัญหาจะเห็นว่าท่อหน้าบ้านตัน น้ำไม่ไหลลงเลยครับ มันไหลไปลงที่อื่นครับผม ต้องขุดลอกท่อส่วนนี้ครับ ความสูงระดับหัวเข่า น้ำท่วมมาแล้วน้อยกว่า 1 ชั่วโมง,https://storage.googleapis.com/traffy_public_bucket/attachment/2026-09/622980ca9f9ebe9137ff9f7a3ef6ba3c.jpeg
2026-LRLBYL,forward,2026-09-30 09:35,2026-09-30 13:34,100.6439,13.87965,บางเขน,ท่าแร้ง,น้ำท่วม สูง 30 cm รถสัจจรไม่ได้ น้ำบริเวณนี้ตกท้องช้างอยู่ที่เดียว ทำให้สัจจรไม่ได้ น้ำบริเวณอื่นลดแล้วตรงนี้การระบายน้ำผิดปกติ ความสูงระดับหน้าแข้ง น้ำท่วมมาแล้วน้อยกว่า 1 สัปดาห์,https://storage.googleapis.com/traffy_public_bucket/attachment/2026-09/4fc8b0833f74eb396080b4f96b62304c.jpeg
2026-TL2EA2,start,2026-09-30 09:38,2026-09-30 09:38,100.72656,13.73752,ลาดกระบัง,คลองสองต้นนุ่น,เหมือนเดิม ตรอกซอกซอยเรียบคลองหนึ่ง น้ำลดไปนิดหน่อยเอง ตอนนี้น้ำเริ่มเน่าแล้ว ถ.พัฒนาชนบท2เมนหลัก รถเล็กยังผ่านไม่ได้ แขวงคลอง สองต้นนุ่น ความสูงระดับหัวเข่า น้ำท่วมมาแล้วน้อยกว่า 1 สัปดาห์,https://storage.googleapis.com/traffy_public_bucket/attachment/2026-09/dafeb0589edc82787382e96e9bb47204.jpeg
2026-HWX2R7,finish,2026-09-30 09:41,2026-10-01 09:35,100.71138,13.88627,คลองสามวา,สามวาตะวันตก,ปลายท่อเครื่องสูบน้ำของกทม ไม่ลงท่อ ทำให้น้ำไหลลงท่อไม่ได้ อาจมีรถขับชนที่กั้นไว้ เพราะเป็นทางเลี้ยวออกไปทางซ้ายมือ ความสูงระดับข้อเท้า น้ำท่วมมาแล้วน้อยกว่า 3 ชั่วโมง,https://storage.googleapis.com/traffy_public_bucket/attachment/2026-09/15897f6bd7c26380db7a58786e81c06c.jpeg
2026-VLE9PD,inprogress,2026-09-30 09:41,2026-09-30 14:13,100.73019,13.83224,มีนบุรี,มีนบุรี,น้ำท่วมขังตั้งแต่วันที่ 26/9/69 - 30/9/69 สามารถสูบระบายน้ำออกบ้างได้มั้ยคะ ความสูงระดับหน้าแข้ง น้ำท่วมมาแล้วน้อยกว่า 1 สัปดาห์,https://storage.googleapis.com/traffy_public_bucket/attachment/2026-09/9bd85b09c7eb784db172512aa04c533d.jpeg
2026-3JUL8X,inprogress,2026-09-30 09:42,2026-09-30 09:47,100.6706,13.71385,ประเวศ,ประเวศ,ถนนหน้าปากซอยอ่อนนุช 80 และในซอยอ่อนนุช 80 แยก 5 น้ำยังท่วมไม่ลดเลย ความสูงระดับหน้าแข้ง น้ำท่วมมาแล้ว6 วัน,https://storage.googleapis.com/traffy_public_bucket/attachment/2026-09/thumb_fc1ae5c753d549337342c7b0d1d8f4a9.jpg
2026-TY6H4X,forward,2026-09-30 09:42,2026-09-30 10:14,100.66682,13.79196,บึงกุ่ม,คลองกุ่ม,แจ้งน้ำท่วมขังโครงการเอื้ออาทรบึงกุ่ม 5วันแล้ว อยู่หลังสำนักงานเขต แต่ไม่มีเครื่องสูบน้ำ เขตก็ไม่ทำอะไร.. ในคลิปคือ วันที่ 30 กย. เวลา 06.30 น. เป็นชุมชนใหญ่ ได้รับผลกระทบ แต่ไม่มีหน่วยงานใดเข้ามา และไม่มีข่าวในสื่อ ความสูงระดับหัวเข่า น้ำท่วมมาแล้วน้อยกว,https://storage.googleapis.com/traffy_public_bucket/attachment/2026-09/thumb_75ba2d7a2f16969acfd2ba1fa649b0a9.jpg
2026-FCBKE9,forward,2026-09-30 09:48,2026-09-30 09:51,100.49704,13.78551,บางพลัด,บางพลัด,น้ำจะท่วมไหมคะ บ้านเลขที่ 17 จรัญสนิทวงศ์66/1 เช้านี้น้ำเจ้าพระยาสูงละค่ะ ความสูงระดับสูงกว่าเมื่อวันก่อนเยอะ มีล้นมาหน้าถนนใต้สะพาน ด้วยค่ะ รูปนี้ น้ำท่วมมาแล้วเพืงเมื่อเช้าถ่ายตอน9:13 ค่ะ,https://storage.googleapis.com/traffy_public_bucket/attachment/2026-09/84e9916b80b2cb28c622c378b63073e2.jpeg
2026-Y3DDGZ,forward,2026-09-30 09:48,2026-09-30 11:07,100.69182,13.86644,คลองสามวา,สามวาตะวันตก,สวัสดีค่ะ อยากแจ้งปัญหาพื้นที่ต่ำน้ำขังบริเวณถนนหน้าหมู่บ้าน THE TUSCANA และหน้าซอยพระยาสุเรนทร์ 41 ค่ะ ตอนนี้บริเวณนี้ยังเป็นจุดที่น้ำท่วมค่อนข้างสูงเกือบเข่า จากปัญหาฝนตกหนักมาตั้งแต่เมื่อวันพฤหัสที่ 24 ก.ย. และค่อนข้างมีการระบายช้าค่ะ โดยสังเกตว่าที่พ,https://storage.googleapis.com/traffy_public_bucket/attachment/2026-09/c35f761ab4e1a895e6d4b07ff8f47939.jpeg
2026-Z2HFTW,inprogress,2026-09-30 09:48,2026-09-30 09:48,100.81178,13.80193,หนองจอก,ลำผักชี,นำท่วม ความสูงระดับเลยเข่า น้ำท่วมมาแล้วน้อยกว่า 1 สัปดาห์,https://storage.googleapis.com/traffy_public_bucket/attachment/2026-09/7ac72aced282e445887549b1a2c5e1f7.jpeg
2026-RU4T2E,forward,2026-09-30 09:49,2026-10-05 16:43,100.75227,13.89232,คลองสามวา,สามวาตะวันออก,น้ำล้นบึงใหญ่ในหมู่บ้านเคซีการ์เดนโฮม ซอยนิมิตใหม่40 อยากให้ช่วยสูบน้ำออกไปคลองสามวาครับ 20-30ซม 5วัน,https://storage.googleapis.com/traffy_public_bucket/attachment/2026-09/0eb8fabfb907279159b0c74ab8246f83.jpeg
2026-8TKDCY,start,2026-09-30 09:50,2026-09-30 09:50,100.73368,13.76061,ลาดกระบัง,คลองสองต้นนุ่น,เนื่องจากที่พักอาศัยและร้านนวดเพื่อสุขภาพตั้งอยู่บริเวณเคหะร่มเกล้า 31 ได้รับผลกระทบจากปัญหาน้ำท่วมขังตั้งแต่วันที่ 25 กันยายน 2569 ส่งผลให้ร้านต้องปิดให้บริการเนื่องจากระดับน้ำสูงและไม่สามารถสัญจรได้ทำให้ขาดรายได้จนถึงปัจจุบันและและยังไม่ทราบกำหนดการ เปิ,https://storage.googleapis.com/traffy_public_bucket/attachment/2026-09/542b2dbcbdc20627d4a51fe4b1d7e690.jpeg
2026-BY7LAM,forward,2026-09-30 09:50,2026-09-30 13:20,100.78415,13.7218,ลาดกระบัง,ลาดกระบัง,หัวตะเข้ ลาดกระบังน้ำไม่ลดเลย รถโดยสารไม่มีไปทำงาน หยุดงานแล้วหลายวัน ขอวิธีแก้ไขค่ะ ความสูงระดับหัวเข่า น้ำท่วมมาแล้วมากกว่า 1 สัปดาห์,https://storage.googleapis.com/traffy_public_bucket/attachment/2026-09/f0738dcf724b9ded23b1ccdc1175f729.jpeg
2026-N4LXNL,inprogress,2026-09-30 09:50,2026-10-05 11:13,100.63661,13.78825,บางกะปิ,คลองจั่น,น้ำท่วม5วันแล้ว ไม่ลดเลย ช่วยระบายน้ำหน่อย ความสูงระดับหัวเข่า น้ำท่วมมาแล้วน้อยกว่า 1 สัปดาห์,https://storage.googleapis.com/traffy_public_bucket/attachment/2026-09/74a169199a8ddb11ca98a81048609d3e.jpeg
2026-BMBBYU,inprogress,2026-09-30 09:51,2026-09-30 14:22,100.78849,13.82806,มีนบุรี,แสนแสบ,หมู่บ้านมีนบุรีการ์เด้นโฮม (ซอยราษฎร์อุทิศ 48) หรือคู้ขวา ยังมีน้ำท่วมขังภายในหมู่บ้าน และเป็นกังวลสถานการณ์จากน้ำเหนือที่กำลังจะมา ปัจจุบันน้ำยังไม่ลด มีแต่เพิ่มสูงขึ้น และเริ่มมีกลิ่นเหม็นเน่า ซึ่งระดับอยู่ที่ประมาณ 40-60 ซม. อยากให้มีหน่วยงานกทม.เข้ามา,https://storage.googleapis.com/traffy_public_bucket/attachment/2026-09/01c9bb50c85e0a472e4aadce9543eeae.jpeg
2026-TMUVTD,inprogress,2026-09-30 09:51,2026-09-30 10:39,100.84391,13.82351,หนองจอก,โคกแฝด,เชื่อมสัมพันธ์ ซอย 14 แขวงโคกแฝด เขตหนองจอก ในหมู่บ้านนนทวี ภายในหมู่บ้านยังมีน้ำท่วมขังอยู่ เข้าวันที่ 4 แล้วค่ะระดับน้ำเพิ่มสูงขึ้น และไม่มีแววว่าน้ำจะลดลงเลย การเข้าออกในช่วงท้ายหมู่บ้านลำบากค่ะ รถใหญ่ขับเข้าขับออกแทบไม่ได้ต้องเดินอย่างเดียว ต้องการให้,https://storage.googleapis.com/traffy_public_bucket/attachment/2026-09/893dfeb64684778b4252eb1c41e44d80.jpeg
2026-4JMURV,inprogress,2026-09-30 09:52,2026-09-30 09:59,100.68076,13.68393,ประเวศ,ดอกไม้,น้ำท่วมยังไม่ลด ความสูงระดับหัวเข่า น้ำท่วมมาแล้ว25/9,https://storage.googleapis.com/traffy_public_bucket/attachment/2026-09/0c404c15b55e35a491bf8d3033faa0f4.jpeg
2026-LB74XC,inprogress,2026-09-30 09:52,2026-09-30 09:59,100.6607,13.73137,ประเวศ,ประเวศ,รีบส่งเครื่องสูบน้ำมาสูบน้ำออกจากหมู่บ้าน ซอยพัฒนาการ 61 เขตประเวศ ด่วนด้วย เพราะ น้ำลดไปไม่เยอะ และน้ำเน่าแล้ว เพื่อที่รถขยะของ กทม. จะได้เข้ามาเก็บขยะได้ด้วย หมู่บ้านนี้ และคนในหมู่บ้านเป็นคนไทย เสียภาษีถูกต้อง ไม่ได้เป็นแรงงานต่างชาติ ดังนั้น เขตประเวศ,https://storage.googleapis.com/traffy_public_bucket/attachment/2026-09/6b67aaa1bdef763dbe149f1b1b0acb1c.jpeg
2026-GMB8YB,forward,2026-09-30 09:54,2026-09-30 14:50,100.746,13.82078,มีนบุรี,มีนบุรี,"ชื่อโครงการ: โครงการก่อสร้างอุโมงค์ระบายน้ำลึกใต้ถนนสุวินทวงศ์เชื่อมโยงแม่น้ำบางปะกง เพื่อบรรเทาอุทกภัยกรุงเทพมหานครฝั่งตะวันออก หน่วยงานรับผิดชอบ: กรุงเทพมหานคร ร่วมกับ กรมชลประทาน กระทรวงมหาดไทย วงเงินงบประมาณ: 25,000 ล้านบาท (งบผูกพันข้ามปีงบประมาณ 5 ป",https://storage.googleapis.com/traffy_public_bucket/attachment/2026-09/323b4d4370bf69b3d747ed72099bba6a.jpeg
2026-LAV3FE,inprogress,2026-09-30 09:58,2026-09-30 10:39,100.66797,13.7849,บึงกุ่ม,คลองกุ่ม,ช่วยมาดู ปากทางเจริญกาจน์ ซอย เสรีไทย41 หน่อยน้ำท่วมออกไม่ได้ ติดอยู่ตรงเดียวที่ท่วมสูง ถ้าดูดน้ำตรงนี้ออกได้คนจะเดินทางออกง่ายขึ้น เพราะทั้งชุมชนมีทาง ออกทางเดียว พื้นที่ใกล้สำนักงานเขตบึงกุ่ม กทม ความสูงระดับทางออกประมาณหน้าขา วันแรกๆถึงเอวครับ น้ำท่วมม,https://storage.googleapis.com/traffy_public_bucket/attachment/2026-09/2d7819d483df46d18811113f9e9c5abf.jpeg
2026-LPHZWD,inprogress,2026-09-30 09:58,2026-09-30 10:01,100.68739,13.77171,สะพานสูง,สะพานสูง,ซอยรามคำแหง 118 หมู่บ้านพฤกษชาติแสนสุข น้ำท่วมตรงคอสะพานสูงรถเล็กออกลำบากไม่กล้าออก ตรงคอสะพานประมาณเข่าค่ะ ติดกับคลอง,https://storage.googleapis.com/traffy_public_bucket/attachment/2026-09/51cd3c998cae9dfd58f374ba37780802.jpeg
2026-LFKKJT,forward,2026-09-30 09:59,2026-09-30 10:01,100.68741,13.67065,ประเวศ,ดอกไม้,ช่วยแจ้งข้อมูลให้ถูกต้อง เขตประเวศ ทุ่งเศรษฐีน้ำยังท่วมขังสูง เริ่มมีกลิ่น ประชาชนเดือดร้อน ไม่ใช่เขตประเวศไม่ท่วม ตามข้อมูลประชาสัมพันธ์ ให้คนเดือดร้อนเสียหานด้านการช่วยเหลือ ความสูงระดับเหมือาเดิมด้านนอกใต้เข่า ในบ้านสูงกว่าเข่า แจ้งว่าอีก 1สัปดาห์ ปัญห,https://storage.googleapis.com/traffy_public_bucket/attachment/2026-09/51298b940252d3f7b53eea14ff2f382e.jpeg
2026-446Z7Z,inprogress,2026-09-30 10:00,2026-09-30 13:37,100.64943,13.8592,บางเขน,ท่าแร้ง,"สุดซอยรามอินทรา 65 เลี้ยวขวา 100 เมตร มีลำรางสาธารณะเอ่อล้นทำให้น้ำท่วมขังสูง 20 ซม. ระยะทาง 100 เมตร บริเวณปากทางเข้ากลุ่มหมู่บ้านชวนชื่นซิตี้(ชวนชื่นวัชรพล) ซึ่งมีคนอาศัย 18 โครงการรวม 2,000 หลังคาเรือน ต้องผ่านเข้าออกเพื่อไปซื้ออาหาร ความสูงระดับหน้าแข",https://storage.googleapis.com/traffy_public_bucket/attachment/2026-09/d1c351b78e49f60b0de83feaa996880e.jpeg
2026-446Z7Z,finish,2026-09-30 10:00,2026-10-09 18:16,100.64943,13.8592,บางเขน,ท่าแร้ง,"สุดซอยรามอินทรา 65 เลี้ยวขวา 100 เมตร มีลำรางสาธารณะเอ่อล้นทำให้น้ำท่วมขังสูง 20 ซม. ระยะทาง 100 เมตร บริเวณปากทางเข้ากลุ่มหมู่บ้านชวนชื่นซิตี้(ชวนชื่นวัชรพล) ซึ่งมีคนอาศัย 18 โครงการรวม 2,000 หลังคาเรือน ต้องผ่านเข้าออกเพื่อไปซื้ออาหาร ความสูงระดับหน้าแข",https://storage.googleapis.com/traffy_public_bucket/attachment/2026-09/d1c351b78e49f60b0de83feaa996880e.jpeg
2026-CWY4RV,inprogress,2026-09-30 10:01,2026-09-30 10:08,100.67821,13.7344,ประเวศ,ประเวศ,น้ำท่วมเข้าบ้านแ แช่น้ำมา 4-5 วันแล้ว น้ำไม่ยุบ ความสูงระดับถึงหัวเข่าพื้นบ้านห้องลูกชายท่วมหมด น้ำท่วมมาแล้วตั้งแต่วันที่ 25 จนถึงปัจจุบัน,https://storage.googleapis.com/traffy_public_bucket/attachment/2026-09/f3e8ab00e7e42187904289635641803d.jpeg
2026-AK8P88,forward,2026-09-30 10:03,2026-09-30 10:46,100.63444,13.90859,สายไหม,คลองถนน,ผมชื่อ นายไมตรี ทุลพันธุ์ อยู่บ้านเลขที่ 3/412 หมู่บ้านมิตรประชา แขวงคลองถนน เขตสายไหม ตอนนี้น้ำท่วมมา 5 วันแล้ว น้ำค้างอยู่ในบ้านประมาณหน้าแข้ง สูงประมาณ 17 นิ้ว น้ำไม่ลดระดับลงเลย ที่บ้านไม่มีรถยนต์ ไม่สามารถเดินทางไปรับกระสอบทรายณจุดที่แจกได้ อยู,https://storage.googleapis.com/traffy_public_bucket/attachment/2026-09/166cd020d1b403a0bf6d5ea0a95e90ae.jpeg
2026-H2CG29,forward,2026-09-30 10:03,2026-09-30 12:13,100.81041,13.73504,ลาดกระบัง,ทับยาว,อยากจะสอบถาม ว่าคลองมอญ ลาดกระบังจะใช้เวลาประมาณกี่วัน ให่น้ำลดลงหน่อย ฝั่งคลอง เข้าไปถึงหัวเข่าครับ 5 วันครับ,https://storage.googleapis.com/traffy_public_bucket/attachment/2026-09/db13702abcc380e2f48afd09d11b60dd.jpeg
2026-TXPLKA,forward,2026-09-30 10:04,2026-09-30 10:13,100.50106,13.78188,บางพลัด,บางพลัด,พบจุดรอยร้าว และน้ำรั่วซึมที่กำแพงกั้นน้ำ บริเวณท่าเรือด่วนท่าสะพานซังฮี้ เริ่มมีน้ำรั่วซึมเยอะขึ้น กลัวกำแพงจะแตกค่ะเพราะแรงด้นเวลาน้ำขึ้นค่อนข้างมาก รบกวนเจ้าหน้าที่ช่วยมาซ่อมได้มั้ยคะ พิกัดคือกำแพงกั้นน้ำเจ้าพระยาบริเวณท่าเรือเลยค่ะ ตรงที่กลับรถใต้สะพา,https://storage.googleapis.com/traffy_public_bucket/attachment/2026-09/7689cbaae67bd5800f4e7fa7f1873510.jpeg
2026-LKKR26,inprogress,2026-09-30 10:07,2026-09-30 11:01,100.61608,13.94289,ดอนเมือง,สนามบิน,แจ้งน้ำท่วมหมู่บ้านศุภลักษณ์ ซอยวิภาวดีรังสิต 82 มีบ้าน200กว่าหลังค่ะ ระดับน้ำสูงประมาณเข่า และเพิ่มขึ้นเรื่อยๆ เนื่องจากทางสนามบินดอนเมือง และถนนพหลโยธินสูบน้ำมาลงเส้นวิภาวดี ซึ่งลักษณะของหมู่บ้านเป็นแอ่ง อยากให้ทางกทม.มาช่วยหาวิธีการระบายน้ำออก เพราะน้ำ,https://storage.googleapis.com/traffy_public_bucket/attachment/2026-09/b5203d62c2a5d5ec474a613661af9a1b.jpeg
2026-MUH2ZV,inprogress,2026-09-30 10:09,2026-09-30 14:13,100.7443,13.77471,มีนบุรี,มีนบุรี,ต้องการให้ช่วยสูบน้ำออกจากซอยร่มเกล้า 22 ตอนนี้น้ำท่วมจะครบ 1 สัปดาห์และไม่มีทีท่าว่าจะดีขึ้น ความสูงระดับเอว น้ำท่วมมาแล้วน้อยกว่า 1 สัปดาห์,https://storage.googleapis.com/traffy_public_bucket/attachment/2026-09/a08c97f69ba40c3c2e5c880b3906a732.jpeg
2026-MUH2ZV,follow,2026-09-30 10:09,2026-10-08 06:03,100.7443,13.77471,มีนบุรี,มีนบุรี,ต้องการให้ช่วยสูบน้ำออกจากซอยร่มเกล้า 22 ตอนนี้น้ำท่วมจะครบ 1 สัปดาห์และไม่มีทีท่าว่าจะดีขึ้น ความสูงระดับเอว น้ำท่วมมาแล้วน้อยกว่า 1 สัปดาห์,https://storage.googleapis.com/traffy_public_bucket/attachment/2026-09/a08c97f69ba40c3c2e5c880b3906a732.jpeg
2026-P9ME33,inprogress,2026-09-30 10:09,2026-09-30 14:14,100.75833,13.80301,มีนบุรี,แสนแสบ,น้ำท่วมขัง มีสัตว์เลี้ยงขนาดใหญ่ ไม่สามารถขนย้ายได้ ขอกระสอบทราย และขนย้ายสัตว์ หรือ ยารักษา ความสูงระดับท่วมคลอง ล้นมาหน้าบ้านมีแต่น้ำ บ้านเลขที่ 2/1 หมู่16 แขวงแสนแสบ เขตมีนบุรี กทม น้ำท่วมมาแล้วตั้งแต่วันที่26 กันยายน 2569 ถึงปัจจุบัน น้ำก็ยังไม่ลด,https://storage.googleapis.com/traffy_public_bucket/attachment/2026-09/c2fd7185fdfb1781fe1aa010f25ba34a.jpeg
2026-6NWG73,inprogress,2026-09-30 10:10,2026-09-30 10:38,100.80748,13.79654,หนองจอก,ลำผักชี,มบ ฟลอร่าวิลล์ น้ำท่วมสูง ไม่มีหน่วยงานราชการเข้ามาเลยค่ะ ตอนนี้น้ำเน่าแล้ว ความสูงระดับเลยครึ่งเข่า บางซอยก้อเลยเข่า น้ำท่วมมาแล้วตั้งแต่ศุกรที่แล้วค่ะ,https://storage.googleapis.com/traffy_public_bucket/attachment/2026-09/thumb_17c1b2b662f2111d1498bdaeb0ecd14d.jpg
2026-XK292J,finish,2026-09-30 10:10,2026-09-30 14:47,100.81161,13.79518,หนองจอก,ลำผักชี,"หมู่บ้านฟลอร่าวิลล์ ซอยสุวินทวงศ์ 38 น้ำท่วมขังตั้งแต่วันศุกร์ที่ 25 ก.ย. 2569 มีผู้อยู่อาศัยประมาณ 1,000 หลังคาเรือน ปัจจุบันระดับน้ำหน้าบ้าน 45 ซม. บริเวณในหมู่บ้าน 60 - 70 ซม. บางจุดที่ต้องผ่านน้ำระดับเอว รถเล็ก รถ SUV ไม่สามารถสัญจรได้ สูบน้ำแล",https://storage.googleapis.com/traffy_public_bucket/attachment/2026-09/cba008ece2f7163776f32993792aa315.jpeg
2026-64MGTW,inprogress,2026-09-30 10:11,2026-09-30 10:29,100.69297,13.78585,สะพานสูง,สะพานสูง,น้ำท่วมขัง มีกลิ่น น้ำเปลี่ยนสี ความสูงระดับหน้าแข้ง น้ำท่วมมาแล้วน้อยกว่า 1 สัปดาห์,https://storage.googleapis.com/traffy_public_bucket/attachment/2026-09/90b91a78a8157564d1c4165143de8667.jpeg
2026-MDWU4N,inprogress,2026-09-30 10:11,2026-09-30 10:30,100.43062,13.62418,บางขุนเทียน,แสมดำ,ซอยเทียนทะเล20 แยก5-1 น้ำท่วมขัง ขยะเยอะ น้ำเริ่มส่งกลิ่นเน่าเหม็น ความสูงระดับระดับเอว น้ำท่วมมาแล้วน้อยกว่า 3 ชั่วโมง,https://storage.googleapis.com/traffy_public_bucket/attachment/2026-09/11a871dbf86699682073fbfb08f84fc0.jpeg
2026-L2ATVH,forward,2026-09-30 10:13,2026-09-30 12:06,100.7014,13.74674,สะพานสูง,สะพานสูง,ตอนนี้ระดับน้ำชุมชนริมคลองทับช้างยังอยู่เหนือเข่า ตอนนี้ต้องการการช่วยเหลือ ขาดแคนน้ำดื่ม อาหารแห้ง อาหารแมว ทรายแมว ค่ะ ซอย 48แยก2 มีบ้านอยู่ 8หลังคาเรือน ขอความช่วยเหลือค่ะ ความสูงระดับหัวเข่า น้ำท่วมมาแล้วน้อยกว่า 1 สัปดาห์,https://storage.googleapis.com/traffy_public_bucket/attachment/2026-09/6c37d1bc91320e6671b9c336202c587a.jpeg
2026-MWB24X,inprogress,2026-09-30 10:14,2026-09-30 13:37,100.61869,13.86792,บางเขน,อนุสาวรีย์,น้ำท่วมขังรามอินทรา 19 แยก 12 ไม่สามารถออกจากบ้านได้ ความสูงระดับหัวเข่า น้ำท่วมมาแล้วน้อยกว่า 1 สัปดาห์,https://storage.googleapis.com/traffy_public_bucket/attachment/2026-09/8d7196b15fe52e8ec443258896fc605a.jpeg
2026-MWB24X,finish,2026-09-30 10:14,2026-10-09 13:47,100.61869,13.86792,บางเขน,อนุสาวรีย์,น้ำท่วมขังรามอินทรา 19 แยก 12 ไม่สามารถออกจากบ้านได้ ความสูงระดับหัวเข่า น้ำท่วมมาแล้วน้อยกว่า 1 สัปดาห์,https://storage.googleapis.com/traffy_public_bucket/attachment/2026-09/8d7196b15fe52e8ec443258896fc605a.jpeg
2026-D82VL8,inprogress,2026-09-30 10:17,2026-09-30 14:21,100.72344,13.78285,มีนบุรี,มีนบุรี,รามคำแหง174 บัวขาวฝั่งในน้ำท่วมไม่ลดเลย ช่วยเอาเครื่องสูบมามาสูบออกหน่อยครับนี่ก็5วันแล้วน้ำก็เริ่มเน่า หมู่บ้านอื่นเค้าก็สูปก็ลดกันแล้ว ช่วงเข่า ไม่ลดสักทีย้ำก็เข้าบ้านหมู่านอื่นเค้าลดกันแล้ว 5วันแล้ว,https://storage.googleapis.com/traffy_public_bucket/attachment/2026-09/5076a29026871b1dacc4a1b65ba4a8ca.jpeg
2026-U28FLP,inprogress,2026-09-30 10:18,2026-09-30 11:06,100.62078,13.72116,สวนหลวง,สวนหลวง,อยากให้ช่วยเข้ามารอกท่อน้ำถนนสาธารณะให้ด้วยครับ ท่อตันมานานมากแล้ว ฝนตกเมื่อไหรน้ำท่วมตลอดครับ ความสูงระดับฝนตกโดยปกติ ประมาน15cm ครับ น้ำท่วมมาแล้ว3วันครับ,https://storage.googleapis.com/traffy_public_bucket/attachment/2026-09/51ec58f0faf889200aaf22a6af8b471f.jpeg
2026-U28FLP,finish,2026-09-30 10:18,2026-10-10 12:31,100.62078,13.72116,สวนหลวง,สวนหลวง,อยากให้ช่วยเข้ามารอกท่อน้ำถนนสาธารณะให้ด้วยครับ ท่อตันมานานมากแล้ว ฝนตกเมื่อไหรน้ำท่วมตลอดครับ ความสูงระดับฝนตกโดยปกติ ประมาน15cm ครับ น้ำท่วมมาแล้ว3วันครับ,https://storage.googleapis.com/traffy_public_bucket/attachment/2026-09/51ec58f0faf889200aaf22a6af8b471f.jpeg
2026-FJJL7R,inprogress,2026-09-30 10:19,2026-09-30 10:26,100.68664,13.67059,ประเวศ,ดอกไม้,อยากถามว่าเขตประเวศมาติดตามข้อมูบน้ำท่วมขังในพื้นที่ซอยหมู่บ้านทุ่งเศรษฐีจริงหริอ ถึวได้กล้าให้ข้อมูลเท็จเพื่อไม่ต้องทำงาน ว่าในเขตประเวศไม่มีน้ำท่วมขัง ความจริงท่วมขังตั้งแต่ 25 กันยายน ถึงวันนี้ยังสูงอยู่ เขตประเวศทำแบบนี้คนในพื้นที่ซอยวัดทุ่งเศรษฐีก็จะ,https://storage.googleapis.com/traffy_public_bucket/attachment/2026-09/df66dd300bcf3c6da371fc33fc8b62d3.jpeg
2026-G23J6H,inprogress,2026-09-30 10:19,2026-09-30 10:32,100.67729,13.79211,คันนายาว,รามอินทรา,ซอยเสรีไทย 59 หมู่บ้านนวธานี ตอนนี้ในหมู่บ้านมีปัญหาเรื่องการสูบน้ำ เพราะปั๊มไม่สามารถเปิดหรือสูบน้ำได้หลายตัวเลยทำให้น้ำขังสูงอยู่ในหมู่บ้าน จากวันที่ 29 เช้า -30 เช้าวันนี้ ระดับน้ำลดลงน้อยมาก รถยังเข้าออกหมู่บ้านไม่ได้ ต้องใช้ 6 ล้อกะบะยกสูง เท่านั้นถึ,https://storage.googleapis.com/traffy_public_bucket/attachment/2026-09/9b43aceca29ef53552730411d8ed0836.jpeg
2026-K7DAGZ,forward,2026-09-30 10:19,2026-09-30 10:28,100.65496,13.77973,บึงกุ่ม,คลองกุ่ม,น้ำยังไม่ลดลงเลย ช่วยหน่อยค่ะ สูบลงคลองแสนแสบ ที ความสูงระดับหัวเข่า น้ำท่วมมาแล้วมากกว่า 1 สัปดาห์,https://storage.googleapis.com/traffy_public_bucket/attachment/2026-09/aef26ce08a2516a20378b543b886bd15.jpeg
2026-K7T9DC,inprogress,2026-09-30 10:19,2026-09-30 14:21,100.75081,13.81565,มีนบุรี,แสนแสบ,น้ำท่วมขังสูง รถเดินทางไม่ได้ มีอุบัติเหตุ มีท่อเปิด น้ำเริ่มเน่าดำแล้ว มาระบายน้ำเพื่อให้เดินทางได้โดยด่วนบริเวณอื่นแห้งหมดแล้ว ความสูงระดับจุดที่สูงสุด 60 ซม. น้ำท่วมมาแล้ว6วัน,https://storage.googleapis.com/traffy_public_bucket/attachment/2026-09/14e6224260b6d7ed074c138cab50c3c5.jpeg
2026-KGPDR6,inprogress,2026-09-30 10:21,2026-09-30 10:30,100.65839,13.73022,ประเวศ,ประเวศ,รีบเคลียร์น้ำในคลองประเวศ และคลองบ้านม้า ออกไปเยอะๆ และรีบส่งเครื่องสูบน้ำ มาเร่งสูบน้ำออกจากหมู่บ้าน ซอยพัฒนาการ 61 เขตประเวศ ด่วนด้วย เพราะ น้ำเน่าเสียแล้ว ขยะลอยฟ่อง ขยะล้นด้วย เพราะไม่มีรถขยะของ กทม. เข้ามาเก็บเป็นสัปดาห์แล้ว หมู่บ้านนี้ ไม่ได้เป็นที่,https://storage.googleapis.com/traffy_public_bucket/attachment/2026-09/be3d2907198211560040b5edd0482fba.jpeg
2026-T8AKCJ,inprogress,2026-09-30 10:21,2026-09-30 10:38,100.87119,13.90658,หนองจอก,คลองสิบสอง,ซอยนี้น้ำท่วมถนนเละรถเข้าไม่ได้คนแก่ออกไปหาหมอไม่ไดุ้ ความสูงระดับหน้าแข้ง น้ำท่วมมาแล้วมากกว่า 1 สัปดาห์,https://storage.googleapis.com/traffy_public_bucket/attachment/2026-09/thumb_71752b7e71e8231c175e22b1ede69903.jpg
2026-T8AKCJ,follow,2026-09-30 10:21,2026-10-08 16:30,100.87119,13.90658,หนองจอก,คลองสิบสอง,ซอยนี้น้ำท่วมถนนเละรถเข้าไม่ได้คนแก่ออกไปหาหมอไม่ไดุ้ ความสูงระดับหน้าแข้ง น้ำท่วมมาแล้วมากกว่า 1 สัปดาห์,https://storage.googleapis.com/traffy_public_bucket/attachment/2026-09/thumb_71752b7e71e8231c175e22b1ede69903.jpg
2026-WWCFB8,inprogress,2026-09-30 10:21,2026-09-30 11:06,100.64656,13.72042,สวนหลวง,สวนหลวง,น้ำท่วมสูง 50เซน สูงต่อเนื่องมาสี่วันแล้วค่ะ ที่ซอยพัฒนาการ 58 คนในหมู่บ้านไม่สามารถออกเดินทางไปได้ รบกวนช่วยติดตั้งเครื่องสูบน้ำปากซอยพัฒนาการ 58 เพื่อสูบน้ำออกลงคลอง ความสูงระดับเอว 4 วัน,https://storage.googleapis.com/traffy_public_bucket/attachment/2026-09/f8d9b7f5515ccf89349bdf9a2cd31d1b.jpeg
2026-WWCFB8,finish,2026-09-30 10:21,2026-10-08 14:07,100.64656,13.72042,สวนหลวง,สวนหลวง,น้ำท่วมสูง 50เซน สูงต่อเนื่องมาสี่วันแล้วค่ะ ที่ซอยพัฒนาการ 58 คนในหมู่บ้านไม่สามารถออกเดินทางไปได้ รบกวนช่วยติดตั้งเครื่องสูบน้ำปากซอยพัฒนาการ 58 เพื่อสูบน้ำออกลงคลอง ความสูงระดับเอว 4 วัน,https://storage.googleapis.com/traffy_public_bucket/attachment/2026-09/f8d9b7f5515ccf89349bdf9a2cd31d1b.jpeg
2026-DANRDF,finish,2026-09-30 10:22,2026-10-01 07:58,100.5848,13.88869,หลักสี่,ตลาดบางเขน,ท่อระบายน้ำ ในซอยวิภาวดี70 น่าจะอุดตันเพราะปากท่อที่ต้นซอยยังไม่ลดทั้งๆที่น้ำในถนนวิภาวดีลดไปน่าแล้วครับ ความสูงระดับตอนนี้เริ่มลดแล้วครับ แต่กังวลว่าถ้าฝนตกมาอีกจะขังอีกครับ ในซอยวิภาวดี 70 สูงสุดคือ 30 ซมครับ ที่สงสัยคือปกติที่ถนนวิภาวดีแห้งน้ำในท่อน่าจ,https://storage.googleapis.com/traffy_public_bucket/attachment/2026-09/0fd52cafca92299021bf99e8083859f4.jpeg
2026-8VMDNP,inprogress,2026-09-30 10:23,2026-09-30 10:28,100.69967,13.72998,ประเวศ,ประเวศ,มีน้ำท่วมขังมาหลายวัน ถนนเฉลิมพระเกียรติ ร.9 ช่วงตั้งแต่สน. ประเวศ ไปจนถึงทางทะลุไปเลียบมอเตอร์เวย์ (บริเวณ D Condo) ระดับน้ำสูง 40-60 ซม. ทำให้รถสัญจรไม่ได้ ซึ่งถ้าผ่านจุดนี่ไปได้แล้วถนนแห้งรถสามารถวิ่งเข้าเมืองได้ และรถจากข้างนอกเข้ามาส่งของหรือเสบียงได,https://storage.googleapis.com/traffy_public_bucket/attachment/2026-09/4b78ec021aa05ab16a4c33d1c23c0a69.jpeg
2026-69K634,inprogress,2026-09-30 10:24,2026-09-30 11:05,100.63817,13.72858,สวนหลวง,สวนหลวง,ขอความช่วยเหลือค่ะ ซ.พัฒนาการ 54 หมู่บ้านพลเทพ น้ำยังสูงมาก ยังท่วมในตัวบ้านอยู่เลยค่ะ น้ำเริ่มเน่ามีฟองส่งกลิ่นเหม็นแล้วค่ะ ความสูงระดับหัวเข่า น้ำท่วมมาแล้ว5 วัน,https://storage.googleapis.com/traffy_public_bucket/attachment/2026-09/765e867d5d439cf6306f69e9990cc294.jpeg
2026-69K634,finish,2026-09-30 10:24,2026-10-10 12:30,100.63817,13.72858,สวนหลวง,สวนหลวง,ขอความช่วยเหลือค่ะ ซ.พัฒนาการ 54 หมู่บ้านพลเทพ น้ำยังสูงมาก ยังท่วมในตัวบ้านอยู่เลยค่ะ น้ำเริ่มเน่ามีฟองส่งกลิ่นเหม็นแล้วค่ะ ความสูงระดับหัวเข่า น้ำท่วมมาแล้ว5 วัน,https://storage.googleapis.com/traffy_public_bucket/attachment/2026-09/765e867d5d439cf6306f69e9990cc294.jpeg
2026-PUJLM8,finish,2026-09-30 10:24,2026-09-30 12:43,100.6559,13.91896,สายไหม,สายไหม,การที่เขตจะให้ข้อมูลต่างๆของน้ำท่วมอยากให้เป็นข้อมูลที่จริงและถูกต้อง เหมือนผอ.เขตสายไหมทำงานเอาง่าย ไม่เห็นดำเนินการอะไรในพื้นที่ที่แจ้งเลย ละเลยชุมชนเล็กๆ ตรวจสอบด้วยนะครับ ความสูงระดับกลางซอย 25เซ็นติเมตรขึ้นไป ท้ายซอยน่าจะเกิน40เซ็นติเมตร น้ำท่วมมาแล้,https://storage.googleapis.com/traffy_public_bucket/attachment/2026-09/cfb5b685947dd135ee3bcd2a5f19b9b5.jpeg
2026-XEUNUH,start,2026-09-30 10:26,2026-09-30 10:26,100.79958,13.7194,ลาดกระบัง,ทับยาว,ปัญหา: ริมถนนดังกล่าว บริเวณบริษัทไวท์คลาวน์ เลขที่ 613/1 เนื่องจากเกิดเหตุอุทกภัย มีน้ำท่วมขังมาหลายวัน ส่งผลให้ปัจจุบันน้ำเริ่มเน่าเสียแล้ว จึงประสงค์ขออีเอ็มบอล (ใช้ลงในน้ำ อีเอ็มบอลจะปล่อยจุลินทรีย์ออกมาย่อยสลายสารอินทรีย์) ทั้งนี้มีคนเท้าเปื่อยแล้ว ,https://storage.googleapis.com/traffy_public_bucket/attachment/2022-12/da2125e781282589d482070c3dba1726aa16a4a7.jpg
2026-Z6AK4N,start,2026-09-30 10:26,2026-09-30 10:26,100.77395,13.71644,ลาดกระบัง,ลาดกระบัง,ที่ลาดกระบัง ขณะนี้น้ำท่วม น้ำเน่าแล้ว มีน้ำกัดเท้า ต้องการ ยา เพราะพี่แจกไหม พี่เขต ไปไม่ได้ น้ำน่าเกลียดท่วมสูงมาก ช่วยหาเจ้าหน้า เทศกิจ ที่มาแจกหน่อย ลาดกระบัง 46 ความสูงระดับหัวเข่า น้ำท่วมมาแล้วน้อยกว่า 1 ชั่วโมง,https://storage.googleapis.com/traffy_public_bucket/attachment/2026-09/2a1400b59dc6b0dda0a1c15ecc29bc88.jpeg
2026-HJ3HG6,inprogress,2026-09-30 10:27,2026-09-30 10:37,100.81014,13.79707,หนองจอก,ลำผักชี,น้ำท่วมเยอะมากค่ะ น้ำเข้าบ้านแล้ว ขอความช่วยเหลืออะไรได้บ้างคะ ท่วมทั้งหมู่บ้านประมาณ 60 เซ็นได้ สูบน้ำออกได้ไหมคะ น้ำเริ่มเสียและลุยน้ำแล้วคันมาก ความสูงระดับเอว น้ำท่วมมาแล้วมากกว่า 1 สัปดาห์,https://storage.googleapis.com/traffy_public_bucket/attachment/2026-09/78d35f262b317c7affa23d6c3810b90b.jpeg
2026-JKCE2C,finish,2026-09-30 10:28,2026-10-01 07:54,100.58677,13.87804,หลักสี่,ตลาดบางเขน,น้ำท่วมขังภายในบ้าน ความสูงระดับข้อเท้า น้ำท่วมมาแล้วน้อยกว่า 1 สัปดาห์,https://storage.googleapis.com/traffy_public_bucket/attachment/2026-09/5439b0b2d682c6434f9773613c6283eb.jpeg
2026-MEDC3M,finish,2026-09-30 10:28,2026-09-30 11:16,100.67972,13.73066,ประเวศ,ประเวศ,น้ำท่วมยังไม่ลดเลย อ่อนนุช 65 หมู่บ้าน เนอวาน คัพเวอร์ ความสูงระดับ30-60 cm น้ำท่วมมาแล้วตั้งแต่วันศุกร์,https://storage.googleapis.com/traffy_public_bucket/attachment/2026-09/thumb_2b34523ab21a76f4666896e4c6fea475.jpg
2026-BTYDV4,inprogress,2026-09-30 10:30,2026-09-30 14:14,100.79146,13.83548,มีนบุรี,แสนแสบ,น้ำขึ้นออกจากบ้านไม่ได้ ความสูงระดับหัวเข่า น้ำท่วมมาแล้วมากกว่า 1 สัปดาห์,https://storage.googleapis.com/traffy_public_bucket/attachment/2026-09/d1c77c6d611f70843ef83dbadf62f21f.jpeg
2026-BTYDV4,follow,2026-09-30 10:30,2026-10-08 23:14,100.79146,13.83548,มีนบุรี,แสนแสบ,น้ำขึ้นออกจากบ้านไม่ได้ ความสูงระดับหัวเข่า น้ำท่วมมาแล้วมากกว่า 1 สัปดาห์,https://storage.googleapis.com/traffy_public_bucket/attachment/2026-09/d1c77c6d611f70843ef83dbadf62f21f.jpeg
2026-2TH4C9,finish,2026-09-30 10:33,2026-09-30 11:41,100.38,13.63387,บางบอน,บางบอนใต้,จากการที่ มีการสูบน้ำ แล้ว น้ำไม่ระบาย ทำให้คนสัญจร ลำบาก น้ำท่วมขัง บนถนน เปนช่วงโค้งหักศอก อาจทำให้เป็นเหตุให้เกิดอุบัตุเหตุได้ ใกล้ๆกับเนสเล่ท์ เอกชัย 119 หลังวัดบางบอน จุดสังเกตุ เปนถนนโค้งหักศอก มีศาลาพระพุทธรูป อยุ่ และมีต้นโพธิ์ ขอใหัจนท. มา ดู,https://storage.googleapis.com/traffy_public_bucket/attachment/2026-09/78157354b8d320d1d129afbd4f49a2cc.jpeg
2026-8T94E3,inprogress,2026-09-30 10:36,2026-09-30 14:14,100.77278,13.79644,มีนบุรี,แสนแสบ,อยากได้กระสอบทรายทำทางเดิน กับรถห้องน้ำ #ขอกระสอบทราย/อื่นๆ,https://storage.googleapis.com/traffy_public_bucket/attachment/2026-09/e6a73f3642c0536a8182c8096107c435.jpeg
2026-8T94E3,follow,2026-09-30 10:36,2026-10-08 07:31,100.77278,13.79644,มีนบุรี,แสนแสบ,อยากได้กระสอบทรายทำทางเดิน กับรถห้องน้ำ #ขอกระสอบทราย/อื่นๆ,https://storage.googleapis.com/traffy_public_bucket/attachment/2026-09/e6a73f3642c0536a8182c8096107c435.jpeg
2026-TR2TY9,inprogress,2026-09-30 10:37,2026-09-30 10:40,100.80377,13.84408,หนองจอก,โคกแฝด,ขอทรายบรรจุกระสอบ เพื่อกันน้ำเข้าบ้าน ความสูงระดับหัวเข่า น้ำท่วมมาแล้ว5 วัน,https://storage.googleapis.com/traffy_public_bucket/attachment/2026-09/997cba8472f8bd5da0b7a83dae7706ea.jpeg
2026-VMANX9,inprogress,2026-09-30 10:37,2026-09-30 10:49,100.69319,13.72955,ประเวศ,ประเวศ,รบกวนทางฝ่ายสำนักงานเขตประเวศเข้าดำเนินการระบายน้ำออกจากแอร์เรียหมู่บ้านโดยเร็วได้มั้ยคะ ซึ่งลูกบ้านกังวลเรื่องน้ำและเรื่องยุงและผลต่างๆที่จะตามค่ะ ความสูงระดับหัวเข่า น้ำท่วมมาแล้วน้อยกว่า 1 สัปดาห์,https://storage.googleapis.com/traffy_public_bucket/attachment/2026-09/566f2d44068e71ef3dc22f5d1cf91de6.jpeg
2026-GWH997,inprogress,2026-09-30 10:41,2026-09-30 11:05,100.80672,13.79086,หนองจอก,ลำผักชี,น้ำท่วมสูงมา5วันแล้วออกไปทำงานไม่ได้ช่วยระบายน้ำออกหน่อย ออกเร็วๆ ความสูงระดับ50-60-เซนคับ น้ำท่วมมาแล้ว50-60-เซนคับ,https://storage.googleapis.com/traffy_public_bucket/attachment/2026-09/3366a19c17ddc4aa9ea41b663c4d8918.jpeg
2026-8JN6UY,inprogress,2026-09-30 10:42,2026-09-30 13:39,100.63071,13.84491,บางเขน,ท่าแร้ง,น้ำเข้าบ้านเครื่องซักผ้าล้ม ตู้เย็นช็อต ของในบ้านเสียหายค่ะ ป้าที่เคยให้มาช่วยดูดท่อค่ะ ขอบคุณมากค่ะ ความสูงระดับหัวเข่า น้ำท่วมมาแล้วน้อยกว่า 1 วัน,https://storage.googleapis.com/traffy_public_bucket/attachment/2026-09/e70782a7cb6f3b5aaf1aedccc50e6078.jpeg
2026-8JN6UY,finish,2026-09-30 10:42,2026-10-07 10:02,100.63071,13.84491,บางเขน,ท่าแร้ง,น้ำเข้าบ้านเครื่องซักผ้าล้ม ตู้เย็นช็อต ของในบ้านเสียหายค่ะ ป้าที่เคยให้มาช่วยดูดท่อค่ะ ขอบคุณมากค่ะ ความสูงระดับหัวเข่า น้ำท่วมมาแล้วน้อยกว่า 1 วัน,https://storage.googleapis.com/traffy_public_bucket/attachment/2026-09/e70782a7cb6f3b5aaf1aedccc50e6078.jpeg
2026-DFWXUZ,start,2026-09-30 10:42,2026-09-30 10:42,100.7295,13.76093,ลาดกระบัง,คลองสองต้นนุ่น,ที่เคหะร่มเกล้าอาคารตึก 29 มีผู้ป่วยโรคฉี่หนู ต้องการยารักษาด่วน #ผู้ป่วยฉุกเฉิน,https://storage.googleapis.com/traffy_public_bucket/attachment/2026-09/914f05a990af6e743c50ef9077860345.jpeg
2026-P3YJGR,forward,2026-09-30 10:43,2026-09-30 11:04,100.87163,13.79111,หนองจอก,ลำต้อยติ่ง,ถนนร่วมพัฒนา แขวงลำต้อยติ่ง เขตหนองจอก บนถนนมีน้ำขังในระดับสูง ทำให้รถเล็กไม่สามารถสัญจรได้ ซึ่งระดับน้ำมีปริมาณสูงขึ้น อาจทำให้รถกระบะก็จะสัญจรไม่ได้ ฝากหน่วยงาน เขตหนองจอก เข้ามาดูแลในจุดตรงนี้ด้วย ความสูงระดับหน้าแข้ง น้ำท่วมมาแล้วน้อยกว่า 1 สัปดาห์,https://storage.googleapis.com/traffy_public_bucket/attachment/2026-09/a39572486637787532bc9a81aa9415d0.jpeg
2026-K9JT96,inprogress,2026-09-30 10:44,2026-09-30 14:14,100.75934,13.78709,มีนบุรี,แสนแสบ,แจ้งปัญหานำ้ท่วมขังค่ะ 5 วันแล้ววน้ำไม่ลด เริ่มมีกลิ่นเหม็น ไม่มีหน่วยงานไหนเข้ามาดูเลยค่ะ ถนนในชอย ประมาน 70-80 เซนค่ะ 5 วันค่ะ ตั้งแต่วันเสาร์ที่ 26 ค่ะ,https://storage.googleapis.com/traffy_public_bucket/attachment/2026-09/12d49029d54c73bbee7f7d36d973e1ec.jpeg
2026-4WZB9E,inprogress,2026-09-30 10:45,2026-09-30 14:14,100.73805,13.82213,มีนบุรี,มีนบุรี,สวัสดีค่ะขอแจ้งเกี่ยวกับเรื่องน้ำท่วมขังที่ถนน เส้นสุวินทวงศ์ แยกมีนบุรีจนถึงแยกเลี้ยวเข้านิมิตใหม่ ตั้งแต่วันแรกที่เกิดปัญหาน้ำท่วม จนถึงวันนี้ณวันที่ 30 กันยายน น้ำยังท่วมขังถนนปริมาณมาก รถเล็กไม่สามารถออกจากหมู่บ้านได้เลย ความลำบากมากค่ะเพราะว่าต้องไปท,https://storage.googleapis.com/traffy_public_bucket/attachment/2026-09/thumb_ab02313a38cf77905e4cd8e78502d0ee.jpg
2026-GUGXKP,inprogress,2026-09-30 10:45,2026-09-30 14:15,100.73805,13.82213,มีนบุรี,มีนบุรี,สวัสดีค่ะขอแจ้งเกี่ยวกับเรื่องน้ำท่วมขังที่ถนน เส้นสุวินทวงศ์ แยกมีนบุรีจนถึงแยกเลี้ยวเข้านิมิตใหม่ ตั้งแต่วันแรกที่เกิดปัญหาน้ำท่วม จนถึงวันนี้ณวันที่ 30 กันยายน น้ำยังท่วมขังถนนปริมาณมาก รถเล็กไม่สามารถออกจากหมู่บ้านได้เลย ความลำบากมากค่ะเพราะว่าต้องไปท,https://storage.googleapis.com/traffy_public_bucket/attachment/2026-09/thumb_ab02313a38cf77905e4cd8e78502d0ee.jpg
2026-HV6G6M,inprogress,2026-09-30 10:46,2026-09-30 11:15,100.68945,13.74393,สะพานสูง,สะพานสูง,มีขยะเยอะมากน้ำซอย หมู่บ้านนักกีฬาแหลมทอง3 หัวเข่าได้ค่ะ 5วัน,https://storage.googleapis.com/traffy_public_bucket/attachment/2026-09/c9d8500c3c6f8e96d75bd1b397f17485.jpeg
2026-FF4U9P,inprogress,2026-09-30 10:48,2026-09-30 10:51,100.68035,13.72969,ประเวศ,ประเวศ,แจ้งปัญหาน้ำท่วมครับ หลายวันแล้ว น้ำเริ่มส่งกลิ่นเหม็นแล้วครับ รถเล็กผ่านเข้า-ออกไม่ได้ ความสูงระดับประมาณคร่าวๆน่าจะ 50-70เซ็นครับ น้ำท่วมมาแล้ว5-6วันแล้วครับ,https://storage.googleapis.com/traffy_public_bucket/attachment/2026-09/7fcd1c2b86c2672f72633dc4e4a7c5e1.jpeg
2026-MCCP4U,inprogress,2026-09-30 10:48,2026-09-30 10:51,100.68497,13.7736,สะพานสูง,สะพานสูง,น้ำท่วมขังสูง ไม่สามารถสัญจรได้ ความสูงระดับหัวเข่า น้ำท่วมมาแล้วน้อยกว่า 1 สัปดาห์,https://storage.googleapis.com/traffy_public_bucket/attachment/2026-09/f636ca21b138cb9a27492387a6918ff3.jpeg
2026-AUJKUC,inprogress,2026-09-30 10:49,2026-09-30 14:15,100.73794,13.81968,มีนบุรี,มีนบุรี,ถนนสุวินทวงศ์ขาออกขึ้นสะพานไปฉะเชิงเทรายังท่วมสูง + น้ำเริ่มเน่าแล้วค่ะ ความสูงระดับหัวเข่า น้ำท่วมมาแล้วน้อยกว่า 1 สัปดาห์,https://storage.googleapis.com/traffy_public_bucket/attachment/2026-09/66ef590ebba676752fe8f2242e590f4a.jpeg
2026-DRNR9H,inprogress,2026-09-30 10:50,2026-09-30 10:52,100.65887,13.7316,ประเวศ,ประเวศ,รีบเข้ามาสูบน้ำออกจากหมู่บ้าน พัฒนาการ 61 เขตประเวศด่วน เพราะน้ำเน่าแล้วขยะลอยฟ่อง ไม่มีรถขยะเข้ามา เท้าคนในหมู่บ้านที่ ต้องเดินลุยน้ำมาหนึ่งสัปดาห์แล้ว จะเน่าหมดแล้วค่ะ รีบส่งมาได้แล้วเพราะหมู่บ้านนี้ไม่ได้เป็นที่รับน้ำหรือเขื่อนแก้มลิงของจังหวัดกรุงเทพก,https://storage.googleapis.com/traffy_public_bucket/attachment/2026-09/4b5c353b86c93c405b8b59faad2b4406.jpeg
2026-E2GZBW,finish,2026-09-30 10:51,2026-10-01 11:17,100.6259,13.78729,วังทองหลาง,คลองเจ้าคุณสิงห์,พื้นที่น้ำท่วมเข้าบ้าน ตอนนี้น้ำเริ่มลดแล้วแต่ยังท่วมขังอยู่ มีผู้สูงอายุ 1 เด็ก 2 จุดนี้มีบ้าน1 หลัง ฝั่งซ้ายมีบ้านผู้สูงอายุอีก 2 หลัง และซอยย่อยละแวกข้างอีกที่รับผลกระทบจากน่ำท่วม เมื่อวานมีหน่วยงานเข้ามาแจกอาหารกล่องข้าว ประชาชนที่ได้รับผลกระทบละแวก,https://storage.googleapis.com/traffy_public_bucket/attachment/2026-09/aa120cd5b5e7d562c9579e91f36770c8.jpeg
2026-UG2G9H,forward,2026-09-30 10:52,2026-10-05 16:42,100.69617,13.84553,คลองสามวา,บางชัน,พระยาสุเรนทร์ ไร้เยียวยา น้ำท่วมอยู่ ชางบ้านเดือดร้อน รถเมล์ ไม่วิ่ง น้ำเน่าแล้ว รัฐโปรดเยียว ช่วยชาวบ้านหน่อย ความสูงระดับเอว น้ำท่วมมาแล้วมากกว่า 1 สัปดาห์,https://storage.googleapis.com/traffy_public_bucket/attachment/2026-09/d7dea32014c9d6a739e775ef8d95d1e4.jpeg
2026-LG2Y77,inprogress,2026-09-30 10:53,2026-09-30 14:15,100.73805,13.82213,มีนบุรี,มีนบุรี,สวัสดีค่ะขอแจ้งเกี่ยวกับเรื่องน้ำท่วมขังที่ถนน เส้นสุวินทวงศ์ แยกมีนบุรีจนถึงแยกเลี้ยวเข้านิมิตใหม่ ตั้งแต่วันแรกที่เกิดปัญหาน้ำท่วม จนถึงวันนี้ ณ วันที่ 30 กันยายน น้ำยังท่วมขังถนนปริมาณมาก รถเล็กไม่สามารถออกจากหมู่บ้านได้เลย มีความลำบากมากค่ะเพราะว่าต้อ,https://storage.googleapis.com/traffy_public_bucket/attachment/2026-09/d5b5a27ba028e8ba7cca9a8124c45c97.jpeg
2026-RAWH82,inprogress,2026-09-30 10:54,2026-09-30 11:30,100.66252,13.8374,คันนายาว,รามอินทรา,แจ้งน้ำท่วม ความสูงระดับประมาณใต้หัวเข่าค่ะ น้ำท่วมมาแล้วตั้งแต่เย็นวันที่25กย2569,https://storage.googleapis.com/traffy_public_bucket/attachment/2026-09/7d5f1feb53bfbc0723bbf74300f8d7ab.jpeg
2026-R2V89N,finish,2026-09-30 10:55,2026-10-02 15:10,100.87276,13.78175,หนองจอก,ลำต้อยติ่ง,ปัญหา: ภายในซอยดังกล่าว บ้านเลขที่ 10 หมู่ 4 เนื่องจากเกิดเหตุอุทกภัย จึงมีความประสงค์ขอรับความช่วยเหลือด้านอาหารแห้ง น้ำดื่ม ยาทาแผล ยารักษาอาการน้ำกัดเท้า และยากันยุงโดยเร่งด่วน มีผู้ประสบภัย ประมาณ 10 คน พักอาศัย 2 หลัง ผู้ต้องดูแลมี ผู้สูงอายุ 1 คน แล,https://storage.googleapis.com/traffy_public_bucket/attachment/2022-12/da2125e781282589d482070c3dba1726aa16a4a7.jpg
2026-UHA4JU,inprogress,2026-09-30 10:55,2026-09-30 11:49,100.62507,13.93198,ดอนเมือง,สนามบิน,ซอย พหลโยธิน 71 น้ำท่วมขังไม่ลดเลยครับ ซอยตรงหน้าทางเข้าหมู่บ้านเจษฎา ความสูงระดับข้อเท้า น้ำท่วมมาแล้วน้อยกว่า 1 สัปดาห์,https://storage.googleapis.com/traffy_public_bucket/attachment/2026-09/5248833272a4b9622a303756bebbd938.jpeg
2026-ULMTE6,forward,2026-09-30 10:58,2026-09-30 11:53,100.65536,13.77205,บึงกุ่ม,คลองกุ่ม,น้ำท่วมมิดรถ ทางแฟลตคลองจั่น สูบน้ำออกมาแยกนิด้า ทางซอยหมู่บ้านลัดดาวัลย์ วันนี้น้ำขึ้นกว่าเมื่ิอวาน ไม่มีหน่วยงานไหนเข้าดูแลทางนี้เลย ซอยจมจะมิดหลังคารถละ เขตบึงกุ่ม เข้าดูแลหน่อยนะคะ ความสูงระดับสูงกว่าเอว น้ำท่วมมาแล้วน้อยกว่า 1 สัปดาห์,https://storage.googleapis.com/traffy_public_bucket/attachment/2026-09/d7cc959cfbb6d521806154e239db1c6b.jpeg
2026-3GYDUW,finish,2026-09-30 10:59,2026-10-03 05:39,100.63648,13.85142,บางเขน,ท่าแร้ง,มีขยะจากน้ำท่วม เป็นสิ่งของที่ได้รับความเสียหายแล้วต้องขนทิ้ง จะให้กทม.มาขนขยะชิ้นใหญ่ไปทิ้งต้องทำยังไงบ้างคะ #ขอกระสอบทราย/อื่นๆ,https://storage.googleapis.com/traffy_public_bucket/attachment/2026-09/a388ede1db095fa62063f2ff8b10bbdc.jpeg
2026-4GMHZX,inprogress,2026-09-30 11:00,2026-09-30 14:21,100.73805,13.82213,มีนบุรี,มีนบุรี,สวัสดีค่ะขอแจ้งเกี่ยวกับเรื่องน้ำท่วมขังที่ถนน เส้นสุวินทวงศ์ แยกมีนบุรีจนถึงแยกเลี้ยวเข้านิมิตใหม่ ตั้งแต่วันแรกที่เกิดปัญหาน้ำท่วม จนถึงวันนี้ ณ วันที่ 30 กันยายน น้ำยังท่วมขังถนนปริมาณมาก รถเล็กไม่สามารถออกจากหมู่บ้านได้เลย มีความลำบากมากค่ะเพราะว่าต้อ,https://storage.googleapis.com/traffy_public_bucket/attachment/2026-09/36d9b5207e9af9dbdbc39d039b9883b8.jpeg
2026-X9LN6B,inprogress,2026-09-30 11:01,2026-09-30 11:53,100.49944,13.63678,ทุ่งครุ,ทุ่งครุ,ขอความอนุเคราะห์ส่งเจ้าหน้าที่เขตกรุงเทพฯ เข้ามาลอกท่อ ให้ที่หน้าโครงการ The City สุขสวัสดิ์ ประชาอุทิศ 60 บริเวณคลองติดถนนภาระจำยอม ความสูงระดับข้อเท้า น้ำท่วมมาแล้วน้อยกว่า 1 วัน,https://storage.googleapis.com/traffy_public_bucket/attachment/2026-09/48a1c162eb78707c0316842983cccf9d.jpeg
2026-X9LN6B,finish,2026-09-30 11:01,2026-10-06 11:28,100.49944,13.63678,ทุ่งครุ,ทุ่งครุ,ขอความอนุเคราะห์ส่งเจ้าหน้าที่เขตกรุงเทพฯ เข้ามาลอกท่อ ให้ที่หน้าโครงการ The City สุขสวัสดิ์ ประชาอุทิศ 60 บริเวณคลองติดถนนภาระจำยอม ความสูงระดับข้อเท้า น้ำท่วมมาแล้วน้อยกว่า 1 วัน,https://storage.googleapis.com/traffy_public_bucket/attachment/2026-09/48a1c162eb78707c0316842983cccf9d.jpeg
2026-ZGH7PV,finish,2026-09-30 11:03,2026-10-05 12:45,100.4416,13.61895,บางขุนเทียน,ท่าข้าม,น้ำน่าจะทะเลหนุน ความสูงระดับแนวทางแก้ไขรอ กทม. น้ำท่วมมาแล้วน้ำสูงประมาณ 30 ซม.,https://storage.googleapis.com/traffy_public_bucket/attachment/2026-09/f1caa04a1ce0d6d54228581cca9b7064.jpeg
2026-PTUVT4,inprogress,2026-09-30 11:06,2026-09-30 11:17,100.69272,13.72892,ประเวศ,ประเวศ,ปัญหาน้ำท่วมขังซอยเฉลิมพระเกียรติ ร.9 ซอย 87 ค่ะ น้ำท่วมสูงรถเล็กผ่านไม่ได้หลายวัน หลายหมู่บ้านเดือดร้อนมาก ความสูงระดับหัวเข่า น้ำท่วมมาแล้วน้อยกว่า 1 สัปดาห์,https://storage.googleapis.com/traffy_public_bucket/attachment/2026-09/813f8923f4f70864d2eede7b5a6cb19b.jpeg
2026-N8LL7N,forward,2026-09-30 11:07,2026-09-30 11:16,100.69389,13.89859,คลองสามวา,สามวาตะวันตก,ใต้สะพานทางด่วนจตุโชติมีน้ำท่วมสูงรถที่วิ่งมาแยกไม่ออกว่าอันไหนถนน อันไหนไหล่ทาง ข้างทางทำให้รถตกจมน้ำได้ อยากให้ปักป้ายเตือน ความสูงระดับประมาน 40 -50 ซม น้ำท่วมมาแล้วน้อยกว่า 1 สัปดาห์,https://storage.googleapis.com/traffy_public_bucket/attachment/2026-09/6842289f523118fdff9b72845206e47c.jpeg
2026-TD2L24,inprogress,2026-09-30 11:08,2026-09-30 11:32,100.65916,13.73293,ประเวศ,ประเวศ,น้ำท่วมเน่าแล้ว ยุงก็เยอะ ขยะก็ล้น และลอยเต็มไปหมด ดังนั้น ทางเขตประเวศต้องรีบส่งเครื่องสูบน้ำมาสูบน้ำออกจากหมู่บ้าน ซอย พัฒนาการ 61 เขตประเวศด่วนด้วยค่ะ คนในหมู่บ้านรอเขตมามากกว่าเจ็ดวันแล้วค่ะ อย่าสนใจแต่คนในเมืองและไม่สนใจคนชานเมืองแบบชาวพัฒนาการ 61 อี,https://storage.googleapis.com/traffy_public_bucket/attachment/2026-09/0d84e75403de88fe614fe219cee10606.jpeg
2026-8V9XKA,inprogress,2026-09-30 11:09,2026-09-30 11:17,100.69847,13.73121,ประเวศ,ประเวศ,ถนนเฉลิมพระเกียรติ ร.9 หน้าหมู่บ้านสุธาทิพย์ผ่านไปทางหน้า ดีคอนโด น้ำลึกและเริ่มเน่าคะ คราวก่อนมีปั๊มติดตั้งใกล้สน.ประเวศ ช่วยได้ แต่รอบนี้ ไม่มีปั๊มคะ ช่วยพิจารณาติดตั้งปั๊มด้วยคะ ความสูงระดับหน้าแข้ง น้ำท่วมมาแล้วน้อยกว่า 1 สัปดาห์,https://storage.googleapis.com/traffy_public_bucket/attachment/2026-09/49987e3ac9808acdbc67d551b87dd965.jpeg
2026-M3NFVF,finish,2026-09-30 11:09,2026-10-01 22:46,100.56525,13.76266,ดินแดง,ดินแดง,บ้านอยู่รัชดาซอย 3/4 ค่ะ ฝนตกหนักไม่หยุด กทม ไม่ได้ทำการลอกท่อเลย น้ำเลยล้นเข้ามาในบ้าน ร้านนวด กับ บ้าน น้ำเข้า ต้องการกระสอบทรายปิดด้านหน้าบ้านด่วนค่ะ ความสูงระดับข้อเท้า น้ำท่วมมาแล้วน้อยกว่า 1 สัปดาห์,https://storage.googleapis.com/traffy_public_bucket/attachment/2026-09/6c6b69aff0ce9775610f02b536405ed2.jpeg
2026-VTPLB6,finish,2026-09-30 11:11,2026-09-30 19:18,100.58802,13.89896,ดอนเมือง,ดอนเมือง,ปัญหา: บริเวณบ้านเลขที่ 420/1301 พบระดับน้ำท่วมขังสูงประมาณหัวเข่าถึงต้นขา ส่งผลกระทบต่อการสัญจรและสร้างความเดือดร้อนให้แก่ผู้พักอาศัย ไม่สามารถเดินทางออกไปจัดซื้อเครื่องอุปโภคบริโภคได้ และมีผู้พักอาศัยได้รับบาดเจ็บที่เท้า จึงขอรับการสนับสนุนถุงยังชีพ อาห,https://storage.googleapis.com/traffy_public_bucket/attachment/2022-12/da2125e781282589d482070c3dba1726aa16a4a7.jpg
2026-6G9467,inprogress,2026-09-30 11:12,2026-09-30 11:16,100.69993,13.74766,สะพานสูง,สะพานสูง,หมู่บ้านนักกีฬาฯ - ถ.กรุงเทพกรีฑา น้ำท่วมขังมา 5 วันแล้ว น้ำไม่ลดเลย ในขณะที่กรุงเทพชั้นในลดได้ภายใน 1-2 วัน เราเข้าใจว่ามันเป็นเขตเศรษฐกิจ แต่เมื่อชั้นในลดแล้ว ก็มาช่วยระบายชั้นนอกด้วย ช่วยระบายให้น้ำลดวันละ 10-20 เซ็นติเมตรก็ยังดี แต่นี่ไม่ลดเลย ตอนนี้ค,https://storage.googleapis.com/traffy_public_bucket/attachment/2026-09/8f76c90e20763c3847e5b38363535640.jpg
2026-UBFDV6,inprogress,2026-09-30 11:13,2026-09-30 11:58,100.66429,13.80709,บึงกุ่ม,คลองกุ่ม,ปัญหา: ภายในซอยดังกล่าว เนื่องจากเกิดอุทกภัย มีความประสงค์ขอรับการสนับสนุนเครื่องอุปโภคบริโภค(ข้าวกล่อง) สำหรับผู้พักอาศัยจำนวน 8 ท่าน ซึ่งเป็นผู้พิการทางการมองเห็นและการเคลื่อนไหว ติดต่อคุณจงกล ซอย: ประเสริฐมนูกิจ 48 แยก สุวรรณประสิทธิ์ 3 ล็อค 3 ถนน: ปร,https://storage.googleapis.com/traffy_public_bucket/attachment/2022-12/da2125e781282589d482070c3dba1726aa16a4a7.jpg
2026-UBFDV6,finish,2026-09-30 11:13,2026-10-09 13:14,100.66429,13.80709,บึงกุ่ม,คลองกุ่ม,ปัญหา: ภายในซอยดังกล่าว เนื่องจากเกิดอุทกภัย มีความประสงค์ขอรับการสนับสนุนเครื่องอุปโภคบริโภค(ข้าวกล่อง) สำหรับผู้พักอาศัยจำนวน 8 ท่าน ซึ่งเป็นผู้พิการทางการมองเห็นและการเคลื่อนไหว ติดต่อคุณจงกล ซอย: ประเสริฐมนูกิจ 48 แยก สุวรรณประสิทธิ์ 3 ล็อค 3 ถนน: ปร,https://storage.googleapis.com/traffy_public_bucket/attachment/2022-12/da2125e781282589d482070c3dba1726aa16a4a7.jpg
2026-Z9TDG6,inprogress,2026-09-30 11:17,2026-09-30 11:21,100.63143,13.7756,บางกะปิ,คลองจั่น,ปัญหา: บริเวณบ้านเลขที่ 132 เนื่องจากเกิดเหตุอุทกภัย จึงมีความประสงค์ขอรับความช่วยเหลือด้านข้าวสารอาหารแห้ง น้ำดื่ม และผ้าอ้อมผู้ใหญ่ สำหรับผู้ป่วยติดเตียง 1 ท่าน ซอย: ลาดพร้าว 101/1 แยก 4 ถนน: ลาดพร้าว จุดสังเกต: เข้าซอยแยกดังกล่าวไปประมาณ 500 เมตร เข,https://storage.googleapis.com/traffy_public_bucket/attachment/2022-12/da2125e781282589d482070c3dba1726aa16a4a7.jpg
2026-Z9TDG6,finish,2026-09-30 11:17,2026-10-09 13:18,100.63143,13.7756,บางกะปิ,คลองจั่น,ปัญหา: บริเวณบ้านเลขที่ 132 เนื่องจากเกิดเหตุอุทกภัย จึงมีความประสงค์ขอรับความช่วยเหลือด้านข้าวสารอาหารแห้ง น้ำดื่ม และผ้าอ้อมผู้ใหญ่ สำหรับผู้ป่วยติดเตียง 1 ท่าน ซอย: ลาดพร้าว 101/1 แยก 4 ถนน: ลาดพร้าว จุดสังเกต: เข้าซอยแยกดังกล่าวไปประมาณ 500 เมตร เข,https://storage.googleapis.com/traffy_public_bucket/attachment/2022-12/da2125e781282589d482070c3dba1726aa16a4a7.jpg
2026-DK9KMG,finish,2026-09-30 11:19,2026-09-30 14:34,100.81153,13.79894,หนองจอก,ลำผักชี,น้ำท่วมบ้านมาตั้งแต่วันที่ 25 ก.ย. เดือดร้อนมากไม่สามารถออกไปทำงานได้ หาเสบียงอาหารยากมาก เพราะหมู่บ้านอยู่ลึกเกือบ2 กม. ความสูงระดับหัวเข่า น้ำท่วมมาแล้วน้อยกว่า 1 สัปดาห์,https://storage.googleapis.com/traffy_public_bucket/attachment/2026-09/d6745a3d51cadaf126da51e93d5038e2.jpeg
2026-HT94EF,start,2026-09-30 11:19,2026-09-30 11:19,100.72931,13.76419,ลาดกระบัง,คลองสองต้นนุ่น,น้ำท่วมบ้าน หน้าอก 7วัน,https://storage.googleapis.com/traffy_public_bucket/attachment/2026-09/2000b5f13762195c7216099c1b50dbdf.jpeg
2026-MA2YCN,inprogress,2026-09-30 11:20,2026-10-04 10:45,100.67446,13.79313,คันนายาว,รามอินทรา,เนื่องจากน้ำท่วมขังนิ่งนานประมาณห้าวันแล้ว หน้าบ้านสูงประมาณ 35 ซม เริ่มมีกลิ่นเน่าเสีย อยากได้ em เพื่อปรับสภาพน้ำที่รอการระบายค่ะ ความสูงระดับหัวเข่า น้ำท่วมมาแล้วน้อยกว่า 1 สัปดาห์,https://storage.googleapis.com/traffy_public_bucket/attachment/2026-09/3e1987210f475de69b155eb3fb0bd18d.jpeg
2026-TNNG9P,finish,2026-09-30 11:20,2026-09-30 13:43,100.41978,13.66467,บางบอน,บางบอนใต้,"ปัญหา: บริเวณโครงการเคหะบางบอน พบปัญหาระดับน้ำท่วมขังสูงตั้งแต่ช่วงเช้าจนถึงเวลา 18.00 น. ระดับน้ำยังไม่ลดลง ส่งผลกระทบต่อความเป็นอยู่และการดำเนินชีวิตของประชาชนผู้พักอาศัยประมาณ 1,050 - 1,070 ห้องชุด จึงขอรับการสนับสนุนถุงยังชีพ เสบียงอาหารสดและอาหารแห้ง",https://storage.googleapis.com/traffy_public_bucket/attachment/2022-12/da2125e781282589d482070c3dba1726aa16a4a7.jpg
2026-P4VTE6,inprogress,2026-09-30 11:21,2026-09-30 14:17,100.75354,13.81516,มีนบุรี,แสนแสบ,ช่วงนี้ถนนเส้นสุวินทวงศ์น้ำท่วมสูงมา หลายวันแล้ว ช่วยมาสูบน้ำลดด้วยครับ ความสูงระดับเลยฟุตบาท ทั้งฝั่งขาเข้าไปมีนบุรี และฝั่งออกไปหนองจอก น้ำท่วมมาแล้วประมาณ 4 วันแล้วครับ,https://storage.googleapis.com/traffy_public_bucket/attachment/2026-09/b9e02284540554bd47c3e7975334763a.jpeg
2026-7HNX28,finish,2026-09-30 11:23,2026-10-02 16:00,100.68462,13.70421,ประเวศ,ประเวศ,ปัญหา: ตลอดทั้งซอยแยกดังกล่าว พบระดับน้ำท่วมขังสูงต่อเนื่องเป็นเวลา 4 วัน และน้ำได้ไหลเข้าบ้านเรือน ส่งผลกระทบให้ประชาชนไม่สามารถสัญจรออกจากที่พักอาศัยได้ อีกทั้งมีเด็กและผู้สูงอายุขาดแคลนอาหารและยารักษาโรค จึงขอให้หน่วยงานที่เกี่ยวข้องเร่งลงพื้นที่ให้ควา,https://storage.googleapis.com/traffy_public_bucket/attachment/2022-12/da2125e781282589d482070c3dba1726aa16a4a7.jpg
2026-LX4NJY,inprogress,2026-09-30 11:23,2026-09-30 13:47,100.60728,13.87374,บางเขน,อนุสาวรีย์,https://goo.gl/maps/aUSV1bSC9R6ry2Qh6 ตอนนี้ประมาณครึ่งแจ้งค่ะ ครึ่งแข้ง,https://storage.googleapis.com/traffy_public_bucket/attachment/2026-09/2e1051bae98f4689696f3aba6c129ecd.jpeg
2026-LX4NJY,finish,2026-09-30 11:23,2026-10-09 12:52,100.60728,13.87374,บางเขน,อนุสาวรีย์,https://goo.gl/maps/aUSV1bSC9R6ry2Qh6 ตอนนี้ประมาณครึ่งแจ้งค่ะ ครึ่งแข้ง,https://storage.googleapis.com/traffy_public_bucket/attachment/2026-09/2e1051bae98f4689696f3aba6c129ecd.jpeg
2026-BD68DP,finish,2026-09-30 11:26,2026-10-03 11:27,100.88208,13.80178,หนองจอก,ลำต้อยติ่ง,ปัญหา: ภายในซอยสุวินทวงศ์ 96 บ้านเลขที่ 61/4 หมู่ 1 เนื่องจากเกิดเหตุอุทกภัย จึงมีความประสงค์ขอรับความช่วยเหลือด้านอาหารและน้ำดื่ม จำนวน 17 ท่าน ถนน: สุวินทวงศ์ เขต: หนองจอก #1555,https://storage.googleapis.com/traffy_public_bucket/attachment/2022-12/da2125e781282589d482070c3dba1726aa16a4a7.jpg
2026-FFAFZN,start,2026-09-30 11:28,2026-09-30 11:28,100.85628,13.69551,ลาดกระบัง,ขุมทอง,น้ำท่วมขังภายในหมู่บ้านสิรีธร สุวรรณภูมิ เขตลาดกระบัง ตั้งแต่วันเสาร์ที่ 26 กันยายน จนถึงปัจจุบันสูงประมาณ 60 ซม. - 80 ซม. ( ช่วงท้ายหมู่บ้าน ) น้ำเริ่มนิ่ง ปลิงเริ่มมา ขยะลอย ด้านข้าง 2 ด้านของหมู่บ้านเป็นทุ่งนาที่มีน้ำขังสูงเช่นกัน ถนนหลวงแพ่งหน้าหมู,https://storage.googleapis.com/traffy_public_bucket/attachment/2026-09/be8c599a9de5384fb1514b3b1ffdace4.jpeg
2026-HLK9Y3,forward,2026-09-30 11:28,2026-09-30 13:33,100.6323,13.74801,สวนหลวง,สวนหลวง,ปัญหา: ตลอดทั้งซอยดังกล่าว พบระดับน้ำท่วมขังสูงเลยระดับหัวเข่าและมีปริมาณเพิ่มสูงขึ้นอย่างต่อเนื่อง เนื่องจากพื้นที่เป็นแอ่งกระทะ ส่งผลกระทบต่อการสัญจรและสร้างความเดือดร้อนให้แก่ผู้พักอาศัย ประชาชนไม่สามารถเดินลุยน้ำเข้า-ออกได้ จึงขอให้หน่วยงานที่เกี่ยวข้,https://storage.googleapis.com/traffy_public_bucket/attachment/2022-12/da2125e781282589d482070c3dba1726aa16a4a7.jpg
2026-ANJW7W,inprogress,2026-09-30 11:29,2026-09-30 14:17,100.75285,13.78595,มีนบุรี,แสนแสบ,น้ำท่วมเข้ามาในตัวบ้าน ตอนนี้น้ำขัง ไม่ได้รับการระบายออก ทำให้ออกจากบ้านไม่ได้ ความสูงระดับหัวเข่า น้ำท่วมมาแล้วน้อยกว่า 1 สัปดาห์,https://storage.googleapis.com/traffy_public_bucket/attachment/2026-09/58678d0067d5a72f95dd3262dcef4be1.jpeg
2026-FAWRB4,inprogress,2026-09-30 11:31,2026-09-30 12:53,100.69384,13.74385,สะพานสูง,สะพานสูง,น้ำในหมู่บ้านนักกีฬาแหลมทอง ซอย3 แยก2-3 มันท่วมหนักมาก อยู่กับน้ำท่วมแบบนี้มาตอนนี้วันที่5แล้ว ขยะก็ไม่มีที่ไป น้ำเริ่มจะเน่าแล้ว ส่งกลิ่นเหม็น ถ้ายังจัดการกับน้ำท่วมไม่ได้ มาเก็บขยะออกไปก่อนก็ได้ ใต้ตูด ตามรูปที่ส่งไป ท่วมมา5วันแล้ว,https://storage.googleapis.com/traffy_public_bucket/attachment/2026-09/abbca91aec195b2bd712dca81d67ba7b.jpeg
2026-HMDURU,finish,2026-09-30 11:32,2026-09-30 15:18,100.88425,13.85441,หนองจอก,หนองจอก,ปัญหา: ภายในซอยดังกล่าว เนื่องจากเกิดเหตุอุทกภัย จึงมีความประสงค์ขอรับความช่วยเหลือด้านอาหารและน้ำดื่ม ภายในซอยมีประมาณ 50 ครัวเรือน ซอย: ผดุงพันธ์ 23 ถนน: ผดุงพันธ์ เขต: หนองจอก #1555,https://storage.googleapis.com/traffy_public_bucket/attachment/2022-12/da2125e781282589d482070c3dba1726aa16a4a7.jpg
2026-MH6D72,finish,2026-09-30 11:32,2026-10-05 13:33,100.63192,13.7554,บางกะปิ,หัวหมาก,ปริมาณน้ำในซอยรามคำแหง 26/1 ยังลงไม่หมด แต่ปริมาณน้ำในคลองจิกลงต่ำมากแล้ว และถนนใหญ่ที่ใกล่เคียงลดหมดแล้ว รบกวนเช็คการระบายน้ำในซอยหน่อยค่ะ ความสูงระดับหัวเข่า น้ำท่วมมาแล้วน้อยกว่า 1 สัปดาห์,https://storage.googleapis.com/traffy_public_bucket/attachment/2026-09/ecdc2ad0fc8e698381a8ba4f91524266.jpeg
2026-WCTHAT,inprogress,2026-09-30 11:33,2026-09-30 13:03,100.6934,13.74903,สะพานสูง,สะพานสูง,โครงการแก้มลิงที่เคยอยู่หลังบ้าน ปัจจุบันถมและกลายเป็นพื้นที่โครงการบ้านจัดสรร ยังไม่มีการวางระบบระบายน้ำที่ควรจะคำนึงถึงผลกระทบต่อสิ่งแวดล้อมข้างเคียง เมื่อเกิดน้ำสะสมปริมาณมากอาจส่งผลกระทบต่อบ้านรอบข้างอีก ควรเร่งให้โครงการบริหารจัดการป้องกันให้เร็วที่ส,https://storage.googleapis.com/traffy_public_bucket/attachment/2026-09/thumb_cb523a442601c363761889a03109c639.jpg
2026-BEHGWN,inprogress,2026-09-30 11:35,2026-09-30 13:47,100.60593,13.89471,บางเขน,อนุสาวรีย์,แจ้งยังไงได้บ้างครับ ความสูงระดับหัวเข่า น้ำท่วมมาแล้วน้อยกว่า 1 สัปดาห์,https://storage.googleapis.com/traffy_public_bucket/attachment/2026-09/25d698eafef8e6d64fef9835cd2cf97b.jpeg
2026-BEHGWN,finish,2026-09-30 11:35,2026-10-09 14:25,100.60593,13.89471,บางเขน,อนุสาวรีย์,แจ้งยังไงได้บ้างครับ ความสูงระดับหัวเข่า น้ำท่วมมาแล้วน้อยกว่า 1 สัปดาห์,https://storage.googleapis.com/traffy_public_bucket/attachment/2026-09/25d698eafef8e6d64fef9835cd2cf97b.jpeg
2026-4REDZ8,inprogress,2026-09-30 11:36,2026-09-30 13:19,100.79626,13.79313,หนองจอก,ลำผักชี,น้ำท่วมขังเน่า และเพิ่มระดับสูงขึ้น เป็น 70 cm ขอรถทำคันกั้นน้ำ และเครื่องสูบน้ำขนาดใหญ่ หมู่บ้านนี้เป็นหมู่บ้านขนาดใหญ่ยังไม่ได่รับการช่วยเหลือ ความสูงระดับสูงกว่าเอว น้ำท่วมมาแล้วน้อยกว่า 1 สัปดาห์,https://storage.googleapis.com/traffy_public_bucket/attachment/2026-09/c6f3f1b888cd29e1be2fabca77d1d9f7.jpeg
2026-CL42JY,inprogress,2026-09-30 11:36,2026-09-30 12:47,100.69386,13.74387,สะพานสูง,สะพานสูง,ขอกระสอบทรายค่ะ ออกไปรับข้างนอกไม่ได้ #ขอกระสอบทราย/อื่นๆ,https://storage.googleapis.com/traffy_public_bucket/attachment/2026-09/65bd909e14219cde665d7e037b4c4486.jpeg
2026-DHYEJX,inprogress,2026-09-30 11:37,2026-09-30 12:30,100.65346,13.72662,ประเวศ,ประเวศ,น้ำขังมาห้าวันแล้วค่ะส่งกลิ่นเน่าเหม็นมากๆค่ะ ยุงเยอะด้วยค่ะ ความสูงระดับหัวเข่า 5วันค่ะ,https://storage.googleapis.com/traffy_public_bucket/attachment/2026-09/2d67896a873b75f69ea7ab1422bd3899.jpeg
2026-VNTMXE,inprogress,2026-09-30 11:37,2026-09-30 12:38,100.63404,13.72938,สวนหลวง,สวนหลวง,ซอยพัฒนาการ46 เครื่องสูบน้ำพัง ไม่สามารถสูบน้ำออกได้ เจ้าหน้าที่แจ้งว่านำ้เข้าเครื่องสูบน้ำไฟช็อตนะคะ ไม่สามารถสูบได้ ตอนนี้น้ำอยู่ระดับหน้าแข้งค่ะ ขอเครื่องสูบน้ำตัวใหม่มาสูบหน่อยค่ะ หน้าแข้ง 6วัน,https://storage.googleapis.com/traffy_public_bucket/attachment/2026-09/a80f770572ad9867594f5daf5c5de4fb.jpeg
2026-VNTMXE,finish,2026-09-30 11:37,2026-10-08 14:07,100.63404,13.72938,สวนหลวง,สวนหลวง,ซอยพัฒนาการ46 เครื่องสูบน้ำพัง ไม่สามารถสูบน้ำออกได้ เจ้าหน้าที่แจ้งว่านำ้เข้าเครื่องสูบน้ำไฟช็อตนะคะ ไม่สามารถสูบได้ ตอนนี้น้ำอยู่ระดับหน้าแข้งค่ะ ขอเครื่องสูบน้ำตัวใหม่มาสูบหน่อยค่ะ หน้าแข้ง 6วัน,https://storage.googleapis.com/traffy_public_bucket/attachment/2026-09/a80f770572ad9867594f5daf5c5de4fb.jpeg
2026-8X2NYK,inprogress,2026-09-30 11:38,2026-09-30 12:48,100.70898,13.77887,สะพานสูง,สะพานสูง,ขอกระสอบทรายเพื่อกั้นน้ำชุมชนหัวบ้านคลองบางเลา ทางชุมชนยังไม่ได้รับกระสอบทรายจากทางสำนักงานเขต เพราะไม่มีรถในการขนย้ายค่ะ รบกวนติดต่อประสานงานคนแจ้งนะคะ 0873334959 #ขอกระสอบทราย/อื่นๆ,https://storage.googleapis.com/traffy_public_bucket/attachment/2026-09/d7c981c35d285835ed717894e777c30c.jpeg
2026-RUYHZV,inprogress,2026-09-30 11:39,2026-09-30 12:48,100.69341,13.74909,สะพานสูง,สะพานสูง,ระดับน้ำหน้าบ้าน ปัจจุบันอยู่ระดับหน้าแข้ง รบกวนช่วยเหลือเร่งระบายให้เร็วที่สุด ให้สามารถสัญจรได้เร็วที่สุด ความสูงระดับหน้าแข้ง น้ำท่วมมาแล้วน้อยกว่า 1 สัปดาห์,https://storage.googleapis.com/traffy_public_bucket/attachment/2026-09/thumb_95675cb35fda79dcd5bb32d62844c07d.jpg
2026-GYHGF2,inprogress,2026-09-30 11:40,2026-10-02 10:08,100.69259,13.80631,คันนายาว,คันนายาว,น้ำท่วมเยอะมากค่ะ ขอความช่วยเหลือ ความสูงระดับหัวเข่า น้ำท่วมมาแล้วตั้งแต่วันเสาร์ค่ะ ลำพังพนักงานและกำลังคงไม่พอค่ะ,https://storage.googleapis.com/traffy_public_bucket/attachment/2026-09/e5841313e75b82fc07c820c3283845f5.jpeg
2026-W76YCD,start,2026-09-30 11:43,2026-09-30 11:43,100.79008,13.73564,ลาดกระบัง,ลำปลาทิว,สวัสดีค่ะ รุ่งอรุณ1 ฉลองกรุง ซ. 2 น้ำท่วมขังระดับน้ำขึ้นเรื่อยๆ น้ำท่วมเข้าบ้านชั้นเดียว นอนกับน้ำในบ้านมา3 วันแล้ว น้ำเริ่มมีกลิ่น ปวดหัว เครียด มีคนแก่2 คนก๋าเริ่มเครียด ข้าวของเสียหายมาก ไม่มีกน่วยงานเข้ามาหาเลย อยากได้เครื่องสูบน้ำออกจากบ้าน และอาหารน,https://storage.googleapis.com/traffy_public_bucket/attachment/2026-09/8e8e8737ce6c63b370f398554a814bf9.jpeg
2026-EH8PAC,finish,2026-09-30 11:44,2026-09-30 13:11,100.81045,13.85698,หนองจอก,คู้ฝั่งเหนือ,น้ำท่วมเข้าบ้านได้รับความเสียหายต่อทรัพย์สิน ขอความช่วยเหลือผู้ประสบอุทกภัยขอรับเงินเยียวยา ครึ่งหน้าแข้งค่ะ น้ำท่วมมาแล้วมากกว่า 1 สัปดาห์,https://storage.googleapis.com/traffy_public_bucket/attachment/2026-09/89a0c83a4fc75b84828f8c4959a458fd.jpeg
2026-WMPJ7K,inprogress,2026-09-30 11:45,2026-09-30 12:50,100.67239,13.75754,สะพานสูง,สะพานสูง,ขอเสนอแผนที่จะแก้ปัญหาน้ำท่วมสัมมนากรนะครับ 1.ปิดช่องในพื้นที่หมู่บ้านที่เชื่อมกับคลองด้วยกระสอยทราย เพื่อแยกน้ำคลอง กับน้ำขังในหมู่บ้านออกจากกัน ตอนนี้น้ำในหมู่บ้านคือทางผ่านน้ำคลอง ดูดฝดเท่าไหร่ก็ไม่จบง่ายๆ 2.ระบายน้ำตามอัตราปกติของหมู่บ้าน และเคลียร์ท,https://storage.googleapis.com/traffy_public_bucket/attachment/2026-09/55bca2a3470ad17ab91f5052f61c797a.jpeg
2026-PTAN8H,inprogress,2026-09-30 11:46,2026-09-30 14:11,100.73783,13.81965,มีนบุรี,มีนบุรี,น้ำท่วมเส้นสุวินทวงศ์เลี้ยวซ้าย มาจากรามอินทราผ่านบิ๊กซีสุวินทวงศ์น้ำเริ่มสูงยังไม่ลดเลยตั้งแต่ศุกร์ที่ 25 เลยมาถึงแยกไปรษณีย์มีนบุรีตรงช่วงใต้สะพานน้ำขังลึกมากถึงหัวเข่าออกจากบ้านไปทำงานไม่ได้เลยครับทำไมน้ำลดช้าจัง แถวนี้ได้มีการดูดน้ำลงคลองไหมครับ หรือร,https://storage.googleapis.com/traffy_public_bucket/attachment/2026-09/e7af4a1f66babaa20e36bae750dc76f6.jpeg
2026-TAFCYU,inprogress,2026-09-30 11:46,2026-09-30 14:10,100.7609,13.79253,มีนบุรี,แสนแสบ,น้ำท่วมประมาณครึ่งตัวมีความเลี้ยงปลาน้ำขึ้นเรื่อยๆกำลังจะท่วมบ่อปลาท่วมประมาณ 3-4 วันน้ำเริ่มมีกลิ่นเหม็นอยากให้ช่วยสูบน้ำออกไม่งั้นปลาตายหมด ความสูงระดับเอว น้ำท่วมมาแล้วน้อยกว่า 1 สัปดาห์,https://storage.googleapis.com/traffy_public_bucket/attachment/2026-09/640b67b5fa6d420c940a85137e033641.jpeg
2026-GFZZRN,forward,2026-09-30 11:56,2026-09-30 12:29,100.641,13.89466,สายไหม,คลองถนน,น้ำท่วมขังสูง บริเวณ ซอยพหลโยธิน 52 แยก 45 ตรงทางเข้าก่อนหมู่บ้านเอื้ออาทร ต้องเดินลุยน้ำออกไปเรียกรถ ตอนนี้น้ำเริ่มเน่าแล้ว เสี่ยงต่อการติดเชื้อ ความสูงระดับหัวเข่า น้ำท่วมมาแล้ว5 วัน,https://storage.googleapis.com/traffy_public_bucket/attachment/2026-09/082c16f0344217f816fd4f3ea8b11ec6.jpeg
2026-TAGLRK,finish,2026-09-30 11:56,2026-09-30 12:09,100.68974,13.80568,คันนายาว,คันนายาว,ขอรับรองความเสียหาย ความสูงระดับหน้าแข้ง น้ำท่วมมาแล้วน้อยกว่า 1 สัปดาห์,https://storage.googleapis.com/traffy_public_bucket/attachment/2026-09/4d54a2dadecb2d7408960efeeb469179.jpeg
2026-J2C6FC,finish,2026-09-30 11:57,2026-10-01 11:14,100.65279,13.77115,บางกะปิ,คลองจั่น,ปัญหา: บริเวณแฟลตการเคหะคลองจั่น พบปัญหาน้ำท่วมขังยังไม่ลดระดับ ส่งผลกระทบให้ประชาชนในพื้นที่ขาดแคลนน้ำสำหรับอุปโภคบริโภคและน้ำใช้ในชีวิตประจำวัน จนต้องรองน้ำฝนและนำน้ำท่วมมาใช้ในห้องน้ำ จึงขอให้หน่วยงานที่เกี่ยวข้องเร่งดำเนินการแก้ไขปัญหาน้ำท่วม จัดส่งเค,https://storage.googleapis.com/traffy_public_bucket/attachment/2022-12/da2125e781282589d482070c3dba1726aa16a4a7.jpg
2026-BBMM7C,forward,2026-09-30 12:01,2026-09-30 12:02,100.64836,13.75102,บางกะปิ,หัวหมาก,ขอแจ้งรายละเอียดที่อยากให้เข้ามาดูแลตรงซอยนี้หน่อยค่ะ ณ ตอนนี้ 30.9.69 เวลา 11:38 ยังคง มีน้ำท่วมขังสูงอยู่ค่ะ ต้องพายเรือออกจากซอยค่า ทุกครั้งที่ฝนตกเป็นเวลาติดต่อกันมากกว่า 2 ชั่วโมง ก็ทำให้ถนนในซอยกรุงเทพกรีฑา 3 เกิดน้ำท่วมขังมาก มีระดับน้ำประมาณ 70-8,https://storage.googleapis.com/traffy_public_bucket/attachment/2026-09/b62700128063a3157b93fc0d057566e8.jpeg
2026-4EHHHX,forward,2026-09-30 12:04,2026-09-30 13:05,100.65542,13.81688,บึงกุ่ม,คลองกุ่ม,ปัญหา: ตลอดทั้งซอยหมู่บ้าน หมู่บ้าน หมู่บ้านปัฐวิกรณ์ พบน้ำท่วมขัง ระดับสูง และน้ำได้ไหลเข้าบ้านเรือนประชาชน สร้างความเดือดร้อนให้กับผู้พักอาศัยภายในหมู่บ้าน ขอให้เร่งดำเนินการระบายน้ำ หมู่บ้าน: หมู่บ้านปัฐวิกรณ์ ซอย: นวมินทร์ 74 ถนน: นวมินทร์ เขต: บึงกุ่,https://storage.googleapis.com/traffy_public_bucket/attachment/2022-12/da2125e781282589d482070c3dba1726aa16a4a7.jpg
2026-8JMRTX,finish,2026-09-30 12:04,2026-10-02 11:04,100.71765,13.90733,คลองสามวา,สามวาตะวันตก,น้ำท่วมขังมานาน6วันแล้ว น้ำสูง30-40เซ็น น้ำเริ่มเหม็นเน่าขอความช่วยเหลือขอส้วม ขอยาน้ำกัดเท้า สบู่ น้ำยาฆ่าเชื้อ ถุงขยะ ถุงพลาสติก ยากันยุง ยาแก้ท้องเสีย ยาแก้ปวดท้อง ปวดหัว ยาทาแผลล้างแผล กระดาษทิชชู่ อาหาร นมยูเอชทีสำหรับเด็กๆ15-20คน ยังไม่มีหน่วยงานไหน,https://storage.googleapis.com/traffy_public_bucket/attachment/2026-09/138491e4c2dd92fa3e8bd70bc2f1741a.jpeg
2026-2VRHRM,start,2026-09-30 12:05,2026-09-30 12:05,100.72719,13.77291,ลาดกระบัง,คลองสองต้นนุ่น,ขอฝากรบกวนหน่วยงานที่เกี่ยวข้องช่วยเร่งแก้ไขปัญหาการระบายน้ำในพื้นที่ฝั่งลาดกระบัง เคหะร่มเกล้า และร่มเกล้าด้วยค่ะ ขณะนี้หลายพื้นที่มีน้ำท่วมขังเป็นเวลานานมาก โดยน้ำเริ่มสะสมมาตั้งแต่วันศุกร์ รวมระยะเวลาประมาณ 5 วันแล้ว แต่น้ำยังคงนิ่งและแทบไม่มีการระบาย,https://storage.googleapis.com/traffy_public_bucket/attachment/2026-09/9c423daa6e075bb869ba923002e6f5ff.jpeg
2026-UZGDNL,forward,2026-09-30 12:05,2026-09-30 13:04,100.66802,13.78481,บึงกุ่ม,คลองกุ่ม,น้ำยังท่วมขัง บริเวณทางเข้า - ออก ทำให้ไม่สามารถเดินทางออกไปข้างนอกได้ด้วย รถยนต์คันเล็ก ความสูงระดับถ้าตรงที่แชร์ตำแหน่งไปประมาณ เข่าถึงต้นขาค่ะ น้ำท่วมมาแล้วท่วมมาตั้งแต่วันที่ 25 แล้วค่ะ,https://storage.googleapis.com/traffy_public_bucket/attachment/2026-09/thumb_e03a29afef77d31edb982a60e3cb33ce.jpg
2026-HDEWGF,inprogress,2026-09-30 12:08,2026-09-30 15:54,100.64823,13.77806,บางกะปิ,คลองจั่น,ปัญหา** ได้รับผลกระทบจากอุทกภัยน้ำท่วม 🚨 🏠บ้านเช่าอาศัย: 1397 นวมินทร์14 แยก15 แขวงคลองจั่น เขตบางกะปิ กรุงเทพ 10240 🛌ทรัพย์สินในบ้านได้รับความเสียหาย 🛠️อุปกรณ์-มือ ในการใช้ทำงานได้รับความเสียหาย หมายเหตุ :แจ้งเพื่อให้เจ้าหน้าที่เข้าสำรวจบ้านเรือน และ,https://storage.googleapis.com/traffy_public_bucket/attachment/2026-09/f72abf4356a9f8878d78c0391a0373de.jpeg
2026-P9HDLF,finish,2026-09-30 12:10,2026-10-02 15:31,100.69431,13.72074,ประเวศ,ประเวศ,ปัญหา: ภายในซอยดังกล่าว บ้านเลขที่ 20/5 เนื่องจากเกิดเหตุอุทกภัย จึงมีความประสงค์ขอรับความช่วยเหลือด้านอาหารน้ำดื่ม และยารักษาโรคน้ำกัดเท้า (คุณวรพัน) ซอย: อ่อนนุช 88 ถนน: อ่อนนุช เขต: ประเวศ #1555,https://storage.googleapis.com/traffy_public_bucket/attachment/2022-12/da2125e781282589d482070c3dba1726aa16a4a7.jpg
2026-UEGTKV,finish,2026-09-30 12:10,2026-10-02 16:38,100.65429,13.72703,ประเวศ,ประเวศ,ปัญหา: ภายในซอยดังกล่าว บริเวณหมู่บ้านเมืองทอง 2/1 พบน้ำท่วมขัง ระดับน้ำสูงประมาณ 80 เซนติเมตร ขอให้หน่วยงานที่เกี่ยวข้องจัดรถรับ – ส่งประชาชนที่มีความประสงค์เดินทางออกจากพื้นที่ เพื่อจัดซื้อสิ่งของจำเป็น และขอให้เร่งดำเนินการสูบน้ำออก ซอย: พัฒนาการ 74 ,https://storage.googleapis.com/traffy_public_bucket/attachment/2022-12/da2125e781282589d482070c3dba1726aa16a4a7.jpg
2026-HKPDAX,inprogress,2026-09-30 12:11,2026-09-30 12:45,100.68843,13.76576,สะพานสูง,สะพานสูง,รามคำแหง 118 ยังท่วมเยอะอยู่เลยนะคะ ขอให้รีบมาช่วยสูบน้ำออกด้วยค่ะ น้ำเน่าแล้ว ความสูงระดับหน้าแข้ง น้ำท่วมมาแล้วน้อยกว่า 1 สัปดาห์,https://storage.googleapis.com/traffy_public_bucket/attachment/2026-09/30b0ffd8d2687aeecbaa8c779647275b.jpeg
2026-MX78EB,start,2026-09-30 12:12,2026-09-30 12:12,100.73205,13.76994,ลาดกระบัง,คลองสองต้นนุ่น,ปัญหา: บริเวณพักคุณธรณ์ บ้านเลขที่ 102/317 ซอย 22 ถนนร่มเกล้า แขวงคลองสองต้นนุ่น เขตลาดกระบัง พบระดับน้ำท่วมขัง ส่งผลกระทบต่อการสัญจรและสร้างความเดือดร้อนให้แก่ผู้พักอาศัยในบริเวณดังกล่าว จึงขอรับการสนับสนุนเครื่องอุปโภคบริโภค / อาหารแห้งและน้ำดื่ม จำนวน ,https://storage.googleapis.com/traffy_public_bucket/attachment/2022-12/da2125e781282589d482070c3dba1726aa16a4a7.jpg
2026-CM8ML3,inprogress,2026-09-30 12:14,2026-09-30 13:48,100.60717,13.87434,บางเขน,อนุสาวรีย์,น้ำท่วมยังไม่ลดเลยค่ะ ความสูงระดับข้อเท้า น้ำท่วมมาแล้วน้อยกว่า 1 สัปดาห์,https://storage.googleapis.com/traffy_public_bucket/attachment/2026-09/f0a57a793ff5f69088cd8e1b1ac7d4ab.jpeg
2026-CM8ML3,finish,2026-09-30 12:14,2026-10-09 12:36,100.60717,13.87434,บางเขน,อนุสาวรีย์,น้ำท่วมยังไม่ลดเลยค่ะ ความสูงระดับข้อเท้า น้ำท่วมมาแล้วน้อยกว่า 1 สัปดาห์,https://storage.googleapis.com/traffy_public_bucket/attachment/2026-09/f0a57a793ff5f69088cd8e1b1ac7d4ab.jpeg
2026-NHD7JT,start,2026-09-30 12:14,2026-09-30 12:14,100.81897,13.71623,ลาดกระบัง,ทับยาว,อยากให้หน่วยงานมาช่วยเขตลาดกระบังโซนทับยาว โรงเรียนมาเรียลัย คนแก่เยอะ มีคนป่วย และเป็นบ้านชั้นเดียวค่ะ ระดับน้ำประมาณหัวเข่า และน้ำไม่ลดเลย มีแจ้ง สก ไปบ้างแล้วแต่เขาเข้ามาไม่ได้ รวมถึงไม่มีหน่วยงานไหนเข้ามาดูเลย รบกวนไปช่วยเหลือทีค่ะ ความสูงระดับหัวเข่า,https://storage.googleapis.com/traffy_public_bucket/attachment/2026-09/cc389df7de70a21a6c0158c0288d749e.jpeg
2026-Z3JZJM,forward,2026-09-30 12:20,2026-09-30 15:06,100.62896,13.78915,บางกะปิ,คลองจั่น,น้ำท่วมมิดหลังคาจมไปแล้ว รัฐบาลคิดจะเข้ามาช่วยมั้ยคะ ความสูงระดับท่วมมิดหลังคาไปแล้ว น้ำท่วมมาแล้ว5วัน,https://storage.googleapis.com/traffy_public_bucket/attachment/2026-09/2afb6ac55370aaea4e187793095096c2.jpeg
2026-CX26LA,inprogress,2026-09-30 12:21,2026-09-30 14:11,100.71469,13.79082,มีนบุรี,มีนบุรี,ท่วมขังบริเวณ หมู่บ้านบัวขาว ขณะนี้ผ่านมา 5 วันแล้ว น้ำยังท่วมขังและยังไม่มีเจ้าหน้าที่เข้าดำเนินการ ส่งผลกระทบต่อการสัญจรและความเป็นอยู่ของคนในหมู่บ้านมาก ความสูงระดับหัวเข่า น้ำท่วมมาแล้วน้อยกว่า 1 สัปดาห์,https://storage.googleapis.com/traffy_public_bucket/attachment/2026-09/6b712d15617bf4b70482601aab865158.jpeg
2026-2ZTJGG,finish,2026-09-30 12:22,2026-09-30 21:36,100.58275,13.85777,จตุจักร,ลาดยาว,ขอกระสอบทราย มา ป้องกัน น้ำเหนือ ช่วง 1-4 ตค #ขอกระสอบทราย/อื่นๆ,https://storage.googleapis.com/traffy_public_bucket/attachment/2026-09/bec0d824d48e904cb8f3597ee17e52ca.jpeg
2026-8NKFKU,inprogress,2026-09-30 12:24,2026-09-30 13:16,100.65907,13.73333,ประเวศ,ประเวศ,รีบมาสูบน้ำออกจากหมู่บ้าน ซอยพัฒนาการ 61 เขตประเวศ น้ำท่วมขัง มา 7 วันแล้ว ยุงเยอะ กลิ่นเหม็นมาก เนื่องจากเขตประเวศ สูบน้ำจากในเมือง มาลงที่หมู่บ้าน ต่างๆืตามซอยย่อยของถนนพัฒนาการ เขตประเวศ ที่มีถึง 800 หลังคาเรือน และหมู่บ้านไม่ใช่ ที่รับน้ำและแก้มลิงของ,https://storage.googleapis.com/traffy_public_bucket/attachment/2026-09/246098d65d5920c87b703da032273a40.jpeg
2026-F28H7X,inprogress,2026-09-30 12:25,2026-09-30 14:11,100.7598,13.80039,มีนบุรี,แสนแสบ,น้ำท่วมในหมู่บ้านยังไม่ลดลงเลยครับความสูงเฉลี่ย 30 เซนต์ช่วยกรุณาระบายน้ำออกด้วยครับอย่างน้อยพอให้รถเล็กออกไปซื้อกับข้าวรับประทานได้ ความสูงระดับหัวเข่า น้ำท่วมมาแล้วน้อยกว่า 1 สัปดาห์,https://storage.googleapis.com/traffy_public_bucket/attachment/2026-09/dcab9b2b386014dad2b6b56b3921adaa.jpeg
2026-EF7T3V,forward,2026-09-30 12:27,2026-09-30 12:30,100.65543,13.91552,สายไหม,สายไหม,น้ำในซอยสายไหม 50 ยังสูงประมาณ 30-40 ซม ยังไม่มีการระบายน้ำ ในซอยมีชุมชนและหมู่บ้านอยู่หลายหลัง เกิน 100 ครัวเรือน อยากให้ช่วยระบายน้ำออกให้รถเล็กพอสัญจรได้บ้างหน่อย ความสูงระดับหัวเข่า น้ำท่วมมาแล้วมากกว่า 1 สัปดาห์,https://storage.googleapis.com/traffy_public_bucket/attachment/2026-09/7a91ab6d89df72db919ccff5037691b3.jpeg
2026-DXBLU4,finish,2026-09-30 12:28,2026-09-30 15:42,100.61255,13.82424,ลาดพร้าว,ลาดพร้าว,จากเหตุน้ำท่วมจากฝนที่ตกหนักตั้งแต่วันที่ 24 - 27 กันยายน 2569 ส่งผลให้เกิดน้ำท่วมในหลายเขตของกรุงเทพฯ (ฝั่งพระนคร) ผู้คนใช้ชีวิตและเดินทางยากลำบาก รถหลายคันจมน้ำ หลายงานอีเวนท์ถูกเลื่อนหรือยกเลิกการจัด เช่น งาน “CGM48 11th Single `Koi Tsunjatta - Let me ,https://storage.googleapis.com/traffy_public_bucket/attachment/2026-09/d43b3d27b8af1af120376b73e93c7394.jpeg
2026-VCM3BD,inprogress,2026-09-30 12:28,2026-09-30 15:10,100.63621,13.76768,บางกะปิ,คลองจั่น,ปัญหา: ภายในซอยดังกล่าว บ้านเลขที่ 36 เนื่องจากเกิดเหตุอุทกภัย จึงมีความประสงค์ขอรับความช่วยเหลือด้านอาหาร น้ำดื่ม และอาหารแมว ทรายแมว ซอย: ลาดพร้าว 134 ถนน: ลาดพร้าว จุดสังเกต: เข้าซอยดังกล่าวไปประมาณ 500 เมตร ด้านขวามือ เขต: บางกะปิ #1555,https://storage.googleapis.com/traffy_public_bucket/attachment/2022-12/da2125e781282589d482070c3dba1726aa16a4a7.jpg
2026-VCM3BD,finish,2026-09-30 12:28,2026-10-09 13:11,100.63621,13.76768,บางกะปิ,คลองจั่น,ปัญหา: ภายในซอยดังกล่าว บ้านเลขที่ 36 เนื่องจากเกิดเหตุอุทกภัย จึงมีความประสงค์ขอรับความช่วยเหลือด้านอาหาร น้ำดื่ม และอาหารแมว ทรายแมว ซอย: ลาดพร้าว 134 ถนน: ลาดพร้าว จุดสังเกต: เข้าซอยดังกล่าวไปประมาณ 500 เมตร ด้านขวามือ เขต: บางกะปิ #1555,https://storage.googleapis.com/traffy_public_bucket/attachment/2022-12/da2125e781282589d482070c3dba1726aa16a4a7.jpg
2026-AKH2WL,finish,2026-09-30 12:30,2026-10-04 09:37,100.56396,13.91845,ดอนเมือง,ดอนเมือง,น้ำในหมู่บ้านณัฐนันท์ท่วมอยู่และลดลงช้ามาก แม้ว่าปากซอยวัดเวฬุวนารามจะแห้งแล้ว คาดว่าฝาท่อตรงปากซอยแตกและเศษฝาท่อตกลงไปในบ่อทำให้ขวางทางเดินน้ำ ช่วยให้ช่างมาดูและงมเก็บเศษฝาท่อในบ่อพัก อยู่ตรงปากซอย ข้างห้าง CJ ความสูงระดับหัวเข่า น้ำท่วมมาแล้วน้อยกว่า 1,https://storage.googleapis.com/traffy_public_bucket/attachment/2026-09/15787d652cc7a51393b25b6300f82938.jpeg
2026-NJE3VP,inprogress,2026-09-30 12:31,2026-09-30 13:17,100.67245,13.73141,ประเวศ,ประเวศ,น้ำท่วมในบ้านและซอย สูงเท่าเอวมา 4 วันแล้ว ไม่ลดลงสักนิด ได้พยายาทช่วยตรงพัฒนาการ 65 บ้างมั้ยนะคะ หรือผันน้ำจากในเมืองมาลงอีก ทางนี้ก็เดือดร้อนมากนะคะ เดินทางไปไหนก็ไม่ได้ ออกไปข้างนอกก็ไม่ได้ ไม่มีใครมาดูสักคน อาหารในบ้านก็จะหมด แจ้งทุกวันบอกจะหาคนมาช่วย,https://storage.googleapis.com/traffy_public_bucket/attachment/2026-09/88f07566e143171a4439f615bb90dc4d.jpeg
2026-CHHVRG,inprogress,2026-09-30 12:32,2026-09-30 14:11,100.76127,13.78449,มีนบุรี,แสนแสบ,ปัญหา: บริเวณภายในซอยดังกล่าวมบ้านเลขที่ 70/1 พบระดับน้ำท่วมขังสูง โดยภายในบ้านระดับน้ำสูงเกือบถึงหน้าแข้ง และทางเข้าบ้านมีน้ำท่วมสูงระดับเอว รถยนต์ไม่สามารถสัญจรเข้าออกได้ ส่งผลกระทบต่อการสัญจรและการดำรงชีวิต ผู้พักอาศัยเป็นหญิงสูงอายุอยู่เพียงลำพังและอา,https://storage.googleapis.com/traffy_public_bucket/attachment/2022-12/da2125e781282589d482070c3dba1726aa16a4a7.jpg
2026-DK9KER,finish,2026-09-30 12:32,2026-10-05 16:36,100.6367,13.76556,บางกะปิ,คลองจั่น,แจ้งเรื่องไปตั้งแต่เมื่อวานแล้วว่าน้ำท่วมในซอยลาดพร้าว 134 รับเรื่องแล้วแต่หายเงียบยังไง ความสูงระดับหัวเข่า น้ำท่วมมาแล้วตั้งแต่วันศุกร์เรื่องนี้แจ้งไปตั้งแต่เมื่อวานแล้วนะแจ้งซ้ำอีกแล้ว,https://storage.googleapis.com/traffy_public_bucket/attachment/2026-09/f999850565e950121764012d32d3c445.jpeg
2026-TTUWHE,finish,2026-09-30 12:32,2026-10-05 09:15,100.33796,13.8032,ทวีวัฒนา,ศาลาธรรมสพน์,"ผมมีที่ติดกับเขตคลองมหาสวัสดิ์มี เครื่องสูบน้ำ ของกทม สูบน้ำออกไปยังคลองมหาสวัสดิ์แต่ เครื่องสูบ น้ำดังกล่าว สูบน้ำได้ช้า ทำให้น้ำฝนในที่ ผมล้นไปยังที่ดินข้างเคียงซึ่งเป็นสวนผักทางด้านทิศ ตะวันตกของที่ผม เจ้าของสวนผักเรียกค่าเสียหายผม 1,500 บาทซึ่งผมโอนให",https://storage.googleapis.com/traffy_public_bucket/attachment/2026-09/19e4707c99a8df74b2dad82a68610394.jpeg
2026-HHB6BU,start,2026-09-30 12:33,2026-09-30 12:33,100.73795,13.76736,ลาดกระบัง,คลองสองต้นนุ่น,น้ำท่วมเข้าบ้านที่เช่าพักอาศัพ 60 cm ตั้งแต่วันที่ 26 กันยายน 2569,https://storage.googleapis.com/traffy_public_bucket/attachment/2026-09/6f4edb35df2909979ace20c8ae66e8a4.jpeg
2026-7V2RGX,inprogress,2026-09-30 12:35,2026-09-30 13:18,100.70169,13.71556,ประเวศ,ประเวศ,น้ำท่วมขังตั้งแต่วันเสาร์ รับท่วมสูงถึงแทงค์น้ำที่ฝังไว้ในดิน ทำให้น้ำท่วมปนเปื้อนเข้าไปในแท้ง ไม่มีน้ำสะอาดใช้ เพราะว่าน้ำประปาปนเปื้อน ขอให้ช่วยระบายน้ำออกหน่อยค่ะ ความสูงระดับหน้าแข้ง น้ำท่วมมาแล้วน้อยกว่า 1 สัปดาห์,https://storage.googleapis.com/traffy_public_bucket/attachment/2026-09/feef9e757291b9145d17a19d52238728.jpeg
2026-Y76WGK,inprogress,2026-09-30 12:35,2026-09-30 14:11,100.75855,13.79275,มีนบุรี,แสนแสบ,ระดับน้ำในซอยบึงขวาง 14 น้ำขึ้นสูง และนิ่งไม่ยุบลงเลยเข้าวันที่ 4 ค่ะ รถเข้า-ออกซอยไม่ได้เลย ความสูงระดับเอว น้ำท่วมมาแล้วน้อยกว่า 1 สัปดาห์,https://storage.googleapis.com/traffy_public_bucket/attachment/2026-09/a2fd6d1db9644d0873f2206ae3f2b648.jpeg
2026-48Z9HG,inprogress,2026-09-30 12:38,2026-09-30 15:05,100.64822,13.77811,บางกะปิ,คลองจั่น,ปัญหา** ได้รับผลกระทบจากอุทกภัยน้ำท่วม 🚨 🏠บ้านเช่าอาศัย: 1397 นวมินทร์14 แยก15 แขวงคลองจั่น เขตบางกะปิ กรุงเทพ 10240 🛌ทรัพย์สินในบ้านได้รับความเสียหาย 🛠️อุปกรณ์-มือ ในการใช้ทำงานได้รับความเสียหาย หมายเหตุ :แจ้งเพื่อให้เจ้าหน้าที่เข้าสำรวจบ้านเรือน และ,https://storage.googleapis.com/traffy_public_bucket/attachment/2026-09/7cc4516bc81cd6e70c02369271efd426.jpeg
2026-GTN44A,inprogress,2026-09-30 12:38,2026-09-30 14:12,100.7633,13.80135,มีนบุรี,แสนแสบ,น้ำท่วมขังประมานเข่า ตั้งแต่วันที่25-30 /9/69 ไม่ลดเลยโดยเริ่มท่วมตั้งแต่บึงขวางตลอดทั้งซอย ไม่ได้รับการแก้ไข ความสูงระดับหน้าแข้ง รถเล็กเข้าไม่ได้,https://storage.googleapis.com/traffy_public_bucket/attachment/2026-09/116d0997bfc3f9301a9384705b673f5b.jpeg
2026-DKZ7BX,inprogress,2026-09-30 12:41,2026-09-30 14:12,100.74854,13.81744,มีนบุรี,แสนแสบ,"รบกวนสูบน้ำออกบริเวณถนนหน้าโรงเรียนสารสาสมีนบุรี, การไฟฟ้า หน่อยค่ะ น้ำท่วมขังหลายวัน น้ำเน่าแล้ว ความสูงระดับหัวเข่า น้ำท่วมมาแล้วน้อยกว่า 1 สัปดาห์",https://storage.googleapis.com/traffy_public_bucket/attachment/2026-09/aff67111543606afbbdadea8592210f8.jpeg
2026-H6MRA8,inprogress,2026-09-30 12:41,2026-09-30 13:11,100.66608,13.81432,คันนายาว,รามอินทรา,น้ำท่วมขังสูงถึงเกือบเข่ามาตั้งแต่วันศุกร์จนถึงวันนี้นับเวลามากกว่า 6 วันแล้ว ถนนในซอยนวมินทร์ 74 น้ำลดลงจนแห้ง แต่รอบสระน้ำหมู่บ้านปัฐวิกรณ์ระดับน้ำจะลดลงแม้แต่นิดเดียวเลย ระดับน้ำยังไม่ลดลงมาหลายวันมาก เกิดน้ำท่วมขังมานาน น้ำมีฟองและสีคล้ำส่งกลิ่นเหม็นท,https://storage.googleapis.com/traffy_public_bucket/attachment/2026-09/2e86077273fab81b62bfcba249eaf333.jpeg
2026-W4DAVT,start,2026-09-30 12:42,2026-09-30 12:42,100.74684,13.7382,ลาดกระบัง,คลองสามประเวศ,น้ำท่วม ซอยร่มเกล้า25/3 มา 5 วันแล้ว น้ำไม่ลด ไม่มีเครื่องสูบน้ำ ความสูงระดับเอว น้ำท่วมมาแล้วน้อยกว่า 1 สัปดาห์,https://storage.googleapis.com/traffy_public_bucket/attachment/2026-09/ae32d958c9235688d8b20633130db656.jpeg
2026-EWUG9H,inprogress,2026-09-30 12:43,2026-09-30 13:09,100.68416,13.77575,สะพานสูง,สะพานสูง,ปัญหา: ภายในหมู่บ้านดังกล่าว บริเวณบ้านเลขที่ 21 พบระดับน้ำท่วมขังสูง ไม่สามารถเดินทางสัญจรออกไปภายนอกได้ ขาดแคลนอาหารและน้ำดื่ม ส่งผลกระทบต่อการดำรงชีวิตของผู้พักอาศัย จำนวน 4 คน จึงขอรับการสนับสนุนอาหารและน้ำดื่มสำหรับ 4 คน เพื่อบรรเทาความเดือดร้อน ติดต,https://storage.googleapis.com/traffy_public_bucket/attachment/2022-12/da2125e781282589d482070c3dba1726aa16a4a7.jpg
2026-NK8THY,inprogress,2026-09-30 12:43,2026-09-30 15:03,100.65872,13.76811,บางกะปิ,หัวหมาก,ซอยรามคำแหง 72 น้ำท่วมเลยหน้าแข้ง รถเก๋งยังไม่สามารถขับผ่านได้เป็นเวลาหลายวันค่ะ ความสูงระดับประมาณหน้าแข้งค่ะ ถ่ายเมื่อวาน น้ำท่วมมาแล้วตั้งแต่วันศุกร์ค่ะ,https://storage.googleapis.com/traffy_public_bucket/attachment/2026-09/0eb501f159b89da092f034faa04b8711.jpeg
2026-NK8THY,finish,2026-09-30 12:43,2026-10-09 15:25,100.65872,13.76811,บางกะปิ,หัวหมาก,ซอยรามคำแหง 72 น้ำท่วมเลยหน้าแข้ง รถเก๋งยังไม่สามารถขับผ่านได้เป็นเวลาหลายวันค่ะ ความสูงระดับประมาณหน้าแข้งค่ะ ถ่ายเมื่อวาน น้ำท่วมมาแล้วตั้งแต่วันศุกร์ค่ะ,https://storage.googleapis.com/traffy_public_bucket/attachment/2026-09/0eb501f159b89da092f034faa04b8711.jpeg
2026-TB9ZFT,finish,2026-09-30 12:43,2026-09-30 21:34,100.57331,13.81039,จตุจักร,จอมพล,น้ำท่วมซอยลาดพร้าว15 แยก2 จะไหลเข้า ดิ แอล ฟิฟทีน คอนโด เลขที่ 111 ซอยลาดพร้าว15 แขวงจอมพล เขตจตุจักร กทม เมื่อวันที่ 25-27 กันยายน 2569 ดังนั้นอยากได้กระสอบทราย 200 กระสอบเพื่อใช้กันน้ำไหลเข้าคอนโด ค่ะ ความสูงระดับเข่าค่ะ น้ำท่วมมาแล้วประมาณ2-3วัน,https://storage.googleapis.com/traffy_public_bucket/attachment/2026-09/20d3e09146c8f18eb4b520c635a6f5ce.jpeg
2026-KZE23B,inprogress,2026-09-30 12:45,2026-09-30 15:01,100.62973,13.77,บางกะปิ,คลองจั่น,น้ำขัง ลดช้ามากค่ะ ความสูงระดับประมาณต่ำกว่าเข่าค่ะ แต่รถมอเตอไซค์ยังขับผ่านไม่ได้ น้ำท่วมมาแล้วท่วมตั้งแต่วันที่ศุกร์ค่ะ 6วันแล้วค่ะ,https://storage.googleapis.com/traffy_public_bucket/attachment/2026-09/43a510de47b3be0e0bb58f8ddd8bf229.jpeg
2026-KZE23B,finish,2026-09-30 12:45,2026-10-09 15:24,100.62973,13.77,บางกะปิ,คลองจั่น,น้ำขัง ลดช้ามากค่ะ ความสูงระดับประมาณต่ำกว่าเข่าค่ะ แต่รถมอเตอไซค์ยังขับผ่านไม่ได้ น้ำท่วมมาแล้วท่วมตั้งแต่วันที่ศุกร์ค่ะ 6วันแล้วค่ะ,https://storage.googleapis.com/traffy_public_bucket/attachment/2026-09/43a510de47b3be0e0bb58f8ddd8bf229.jpeg
2026-RKH4WV,inprogress,2026-09-30 12:48,2026-09-30 16:42,100.5293,13.71117,สาทร,ยานนาวา,แจ้งเก็บขยะ #ขอกระสอบทราย/อื่นๆ,https://storage.googleapis.com/traffy_public_bucket/attachment/2026-09/54eb0ab1e2c171500d4c0d1b508f673a.jpeg
2026-ZMPUWW,inprogress,2026-09-30 12:48,2026-09-30 14:12,100.74416,13.80289,มีนบุรี,แสนแสบ,น้ำท่วมขังเริ่มเสียแล้วค่ะ ความสูงระดับหัวเข่า 6วัน,https://storage.googleapis.com/traffy_public_bucket/attachment/2026-09/74d0310b10a8d4c0e69bca77ad03cc61.jpeg
2026-MR4APY,start,2026-09-30 12:49,2026-09-30 12:49,100.7533,13.71875,ลาดกระบัง,ลาดกระบัง,น้ำท่วมหมู่บ้านเคหะนคร 2 เขตลาดกระบัง 36 น้ำท่วมขังมาแล้ว 4 วัน ตอนนี้น้ำเริ่มเน่า ส่งกลิ่น มียุง ยังไม่มีใครเข้ามาช่วยเหลือ ไม่มีอาหารกิน มีคนป่วยต้องได้รับการฟอกไต ยังไม่สามารถออกไปได้ ขอความเข้าช่วยเหลือเร่งด่วนค่ะ ความสูงระดับหัวเข่า น้ำท่วมมาแล้,https://storage.googleapis.com/traffy_public_bucket/attachment/2026-09/1d8423c2d4e0d22bdea7ab2fa7db18ea.jpeg
2026-6K3HYL,inprogress,2026-09-30 12:50,2026-09-30 13:19,100.65829,13.73215,ประเวศ,ประเวศ,พัฒนาการ 61 น้ำแทบจะไม่ลดเลยนี่มันวันที่ 6 วัน จะอาทิตนึงอยู่แล้ว มีน้ำเหนืออีก พยากรณ์อากาศแจ้งว่าฝนจะตกซ้ำช่วงวันที่ 5–10 ต.ค. นี้ กทม. มีแผนเร่งระบายน้ำเดิมให้ทันก่อนวันที่ 5 มั้ยคะ ตอนนี้ฝนก้อนใหม่ลงมาจะท่วมซ้ำอีกรอบหรือเปล่า ถ้าน้ำเก่ายังไม่ทันหมดแล้,https://storage.googleapis.com/traffy_public_bucket/attachment/2026-09/57d8389ca30a8110d3b8b395398aeccc.jpeg
2026-8Y42RD,inprogress,2026-09-30 12:50,2026-09-30 15:01,100.63054,13.77467,บางกะปิ,คลองจั่น,ปัญหา: ตลอดทั้งซอยดังกล่าว พบระดับน้ำท่วมขังสูง ประชาชนไม่สามารถสัญจรออกจากบ้านพักอาศัยได้และติดค้างอยู่บริเวณชั้น 2 ส่งผลกระทบต่อการสัญจรและสร้างความเดือดร้อนให้แก่ผู้พักอาศัยในบริเวณดังกล่าวเป็นอย่างมาก จึงขอรับการสนับสนุนเครื่องอุปโภคบริโภค / อาหารแห้ง,https://storage.googleapis.com/traffy_public_bucket/attachment/2022-12/da2125e781282589d482070c3dba1726aa16a4a7.jpg
2026-8Y42RD,finish,2026-09-30 12:50,2026-10-09 13:15,100.63054,13.77467,บางกะปิ,คลองจั่น,ปัญหา: ตลอดทั้งซอยดังกล่าว พบระดับน้ำท่วมขังสูง ประชาชนไม่สามารถสัญจรออกจากบ้านพักอาศัยได้และติดค้างอยู่บริเวณชั้น 2 ส่งผลกระทบต่อการสัญจรและสร้างความเดือดร้อนให้แก่ผู้พักอาศัยในบริเวณดังกล่าวเป็นอย่างมาก จึงขอรับการสนับสนุนเครื่องอุปโภคบริโภค / อาหารแห้ง,https://storage.googleapis.com/traffy_public_bucket/attachment/2022-12/da2125e781282589d482070c3dba1726aa16a4a7.jpg
2026-G9DNWG,irrelevant,2026-09-30 12:50,2026-09-30 13:39,100.63264,13.73765,สวนหลวง,สวนหลวง,ไม่แสดงรายละเอียด,https://storage.googleapis.com/traffy_public_bucket/TeamChadChart/fondue_photo.png
2026-FBGV8E,forward,2026-09-30 12:51,2026-09-30 14:58,100.66243,13.74104,บางกะปิ,หัวหมาก,สนามกอล์ฟยูนิโก้ ตรงที่จอดรถ น้ำท่วมสูงถึงคอ รบกวนช่วยผันน้ำจากคลองให้หน่อยได้ไหมคะ ไม่งั้นในหมู่บ้านพาทิโอศรีนรินทร์-พระราม9 ก็จพท่วมด้วยคะ ตรงที่จอดรถสนามกอล์ฟยูนิโก้ท่วมสูงระดับคอค่ะ ในหมู่บ้านก้น้ำท่วม พยายามสูบน้ำออกลงคลองอยู่คะ แต่เจอน้ำจากฝั่งสนามก,https://storage.googleapis.com/traffy_public_bucket/attachment/2026-09/0abaec5b370b3901f894a32f1bcf6b1e.jpeg
2026-3A4J79,finish,2026-09-30 12:53,2026-10-03 18:58,100.62838,13.78089,วังทองหลาง,คลองเจ้าคุณสิงห์,ลาดพร้าว 101 แยก 7 ด้านในสุดน้ำท่วมขังและมีกลิ่นเหม็นมาหลายวันแล้ว ความสูงระดับหน้าแข้ง น้ำท่วมมาแล้วน้อยกว่า 1 สัปดาห์,https://storage.googleapis.com/traffy_public_bucket/attachment/2026-09/2c36a54b404b462373f9d6607b7c52a5.jpeg
2026-YBKTCK,inprogress,2026-09-30 12:54,2026-09-30 13:20,100.67403,13.72088,ประเวศ,ประเวศ,ซ.อ่อนนุช 59/1 หมู่บ้านชมเดือน 3 เขตประเวศ น้ำยังท่วมสูงเลยหัวเข่า และยังท่วมขังมาตั้งแต่วันที่ 25 กันยายน อยากขอให้ทางเขตช่วยเหลือโดยการนำรถ เข้ามารับส่งคนในหมู่บ้าน เพื่อที่จะสามารถออกไปทำงาน ไปเรียน หรือออกไปซื้อของกินและยา อยากขอให้ทางเขตประเวศ กรุณ,https://storage.googleapis.com/traffy_public_bucket/attachment/2026-09/8ef847897085283ab26cd8fdd705ae69.jpeg
2026-H3J3AL,inprogress,2026-09-30 12:57,2026-09-30 14:59,100.60028,13.72465,วัฒนา,พระโขนงเหนือ,อยากให้เจ้าหน้าที่เข้ามาช่วยลอกท่อในซอยและช่วย ทำความสะอาดเศษ ดิน โคลน หลังน้ำท่วมครับ สังเกตุว่า เศษดินโคลนจากต้นไม้ไหลลงไปในท่อน้ำหลายจุด ทำให้ท่อตันและน้ำระบายได้ช้ากว่าปกติครับ ความสูงระดับสูงเท่าหัวเข่า ตอนนี้น้ำลดแล้วครับ น้ำในซอยนี้จะลดช้ากว่าทุกซอ,https://storage.googleapis.com/traffy_public_bucket/attachment/2026-09/72da1bf55026de9f1208ce6217925ab4.jpeg
2026-2YTRJE,start,2026-09-30 12:59,2026-09-30 12:59,100.77639,13.74618,ลาดกระบัง,ลำปลาทิว,ปัญหา: ภายในซอยดังกล่าว บริเวณโรงงานสมจิตร พบระดับน้ำท่วมขัง ส่งผลกระทบให้มีผู้สูงอายุติดอยู่บนหลังคาบ้านพักอาศัยเพียงลำพัง จึงขอความช่วยเหลือในการอพยพผู้ประสบภัย จำนวน 1 ราย ออกจากพื้นที่โดยด่วน ซอย: คุ้มเกล้า 48 ถนน: คุ้มเกล้า จุดสังเกต: เข้าซอยมองทางด้,https://storage.googleapis.com/traffy_public_bucket/attachment/2022-12/da2125e781282589d482070c3dba1726aa16a4a7.jpg
2026-64JJCZ,finish,2026-09-30 13:06,2026-10-05 14:28,100.64868,13.75932,บางกะปิ,หัวหมาก,น้ำท่วมบ้าน ข้าวของเครื่องใช้ เฟอร์นิเจอร์ อุปกรณ์ไฟฟ้าเสียหาย ความสูงระดับหน้าแข้ง น้ำท่วมมาแล้วคืนวันที่ 25 ต่อเนื่องจนถึงวันที่ 29,https://storage.googleapis.com/traffy_public_bucket/attachment/2026-09/1321f2730825ca1433ad8c802bf8b762.jpeg
2026-AHJFBD,inprogress,2026-09-30 13:06,2026-09-30 14:54,100.62664,13.79766,บางกะปิ,คลองจั่น,ปัญหา: ภายในซอยแยกดังกล่าว บริเวณข้างวัดบึงทองหลาง พบระดับน้ำท่วมขังสูง ส่งผลกระทบต่อการสัญจรและสร้างความเดือดร้อนให้แก่ผู้พักอาศัยในบริเวณดังกล่าว โดยถูกตัดน้ำและกระแสไฟฟ้า อีกทั้งไม่สามารถสัญจรออกไปภายนอกได้และมีเด็กขาดแคลนอาหาร จึงขอรับการสนับสนุนเครื่,https://storage.googleapis.com/traffy_public_bucket/attachment/2022-12/da2125e781282589d482070c3dba1726aa16a4a7.jpg
2026-AHJFBD,finish,2026-09-30 13:06,2026-10-09 12:31,100.62664,13.79766,บางกะปิ,คลองจั่น,ปัญหา: ภายในซอยแยกดังกล่าว บริเวณข้างวัดบึงทองหลาง พบระดับน้ำท่วมขังสูง ส่งผลกระทบต่อการสัญจรและสร้างความเดือดร้อนให้แก่ผู้พักอาศัยในบริเวณดังกล่าว โดยถูกตัดน้ำและกระแสไฟฟ้า อีกทั้งไม่สามารถสัญจรออกไปภายนอกได้และมีเด็กขาดแคลนอาหาร จึงขอรับการสนับสนุนเครื่,https://storage.googleapis.com/traffy_public_bucket/attachment/2022-12/da2125e781282589d482070c3dba1726aa16a4a7.jpg
2026-E8HFJR,inprogress,2026-09-30 13:06,2026-10-01 16:48,100.44917,13.65504,บางขุนเทียน,ท่าข้าม,ขอกระสอบทรายก่อนได้ไหมคะ เผื่อป้องกันน้ำท่วมค่ะ #ขอกระสอบทราย/อื่นๆ,https://storage.googleapis.com/traffy_public_bucket/attachment/2026-09/507e6bd38981d7268c3c58268cb0af14.jpeg
2026-N6TXCN,inprogress,2026-09-30 13:07,2026-09-30 13:42,100.66079,13.73029,ประเวศ,ประเวศ,น้ำท้วมขัง มาเป็นเวลา 5 วันเริมส่งกลิ่น ความสูงระดับสูงกว่าเอว น้ำท่วมมาแล้วน้อยกว่า 1 สัปดาห์,https://storage.googleapis.com/traffy_public_bucket/attachment/2026-09/d8b568abb258827490e1cb2d832b625b.jpeg
2026-LKLYAT,inprogress,2026-09-30 13:08,2026-09-30 13:43,100.65783,13.72947,ประเวศ,ประเวศ,เมื่อไหร่ เขตประเวศ จะเข้ามาสูบน้ำออกจากหมู่บ้าน พัฒนาการ 61 เขตประเวศ น้ำท่วมมา 7 วันแล้ว และน้ำเน่า กลิ่นเหม็นมาก ตามมาหลายวันแล้ว ประมาณ 7 วันและไม่ได้เป็นวันหยุดราชการ ทางเขตประเวศ ไม่ทำงานแล้วหรอคะ ถึงไม่เข้ามาจัดการเลย รอมา 7 วันแล้ว ฝนก็ตกเพิ่มอีกด,https://storage.googleapis.com/traffy_public_bucket/attachment/2026-09/thumb_cbf231f4bc4695594efc5c4fae11f3de.jpg
2026-XZFAT7,inprogress,2026-09-30 13:08,2026-09-30 13:19,100.67504,13.79157,คันนายาว,รามอินทรา,เสรีไทย 59 หมู่บ้านนวธานี น้ำท่วมขังสูงตั้งแต่วันศุกร์ 25 น้ำไม่ลดเลยค่ะ ** ไม่มีเครื่องสูบออก ** และตอนนี้ฝนตกหนัก ความสูงยิ่งเพิ่มขึ้น วอนช่วยด้วยค่ะ ความสูงระดับเอว 6 วันแล้วค่ะ ตั้งแต่ศุกร์ 25,https://storage.googleapis.com/traffy_public_bucket/attachment/2026-09/d6244adfd1276593bb94270da85930ac.jpeg
2026-U4Z29V,inprogress,2026-09-30 13:10,2026-09-30 13:47,100.65786,13.73228,ประเวศ,ประเวศ,น้ำท่วม มานานหลายวัน ความสูงระดับสูงกว่าเอว น้ำท่วมมาแล้วมากกว่า 1 สัปดาห์,https://storage.googleapis.com/traffy_public_bucket/attachment/2026-09/0048adf46bf034eea136379463562c81.jpeg
2026-VEZA8W,inprogress,2026-09-30 13:10,2026-09-30 13:50,100.70025,13.78117,สะพานสูง,สะพานสูง,หมู่บ้านเป็นโซนแยกออกมา เรียกไพรเวทโซน ซึ่งมีคลองหลอแหลล้อมรอบ น้ำท่วมขังมาตั้งแต่วันที่ 25 จนปัจจุบันก็ยังไม่ลด น้ำเริ่มเน่าแล้ว รถก็ออกไม่ได้ ตามภาพเลยค่ะ ความสูงระดับครึ่งต้นขาผู้หญิง น้ำท่วมมาแล้วตั้งแต่วันที่ 25 ค่ะ,https://storage.googleapis.com/traffy_public_bucket/attachment/2026-09/4cda2430f01dbeec0f12392d7b00c484.jpeg
2026-VEZA8W,follow,2026-09-30 13:10,2026-10-08 05:46,100.70025,13.78117,สะพานสูง,สะพานสูง,หมู่บ้านเป็นโซนแยกออกมา เรียกไพรเวทโซน ซึ่งมีคลองหลอแหลล้อมรอบ น้ำท่วมขังมาตั้งแต่วันที่ 25 จนปัจจุบันก็ยังไม่ลด น้ำเริ่มเน่าแล้ว รถก็ออกไม่ได้ ตามภาพเลยค่ะ ความสูงระดับครึ่งต้นขาผู้หญิง น้ำท่วมมาแล้วตั้งแต่วันที่ 25 ค่ะ,https://storage.googleapis.com/traffy_public_bucket/attachment/2026-09/4cda2430f01dbeec0f12392d7b00c484.jpeg
2026-M2Z44D,start,2026-09-30 13:12,2026-09-30 13:12,100.7322,13.7607,ลาดกระบัง,คลองสองต้นนุ่น,ปัญหา: เข้าซอย เคหะ ร่มเกล้า โซน 10 ซอย 2 บริเวณบ้านเลขที่ 204/111 เนื่องจากเหตุอุทกภัย ต้องการความช่วยเหลือในการอพยพ ผู้สูงอายุ บ้านเลขที่: 204/111 หมู่บ้าน: เคหะร่มเกล้า ซอย: เคหะร่มเกล้า โซน 10 ซอย 2 ถนน: เคหะร่มเกล้า เขต: ลาดกระบัง #1555,https://storage.googleapis.com/traffy_public_bucket/attachment/2022-12/da2125e781282589d482070c3dba1726aa16a4a7.jpg
2026-MJP98K,finish,2026-09-30 13:12,2026-09-30 13:59,100.63261,13.89484,สายไหม,คลองถนน,ต้องการกระสอบทราย เวลารถวิ่งผ่านน้ำกระเพื่อมเข้าบ้าน #ขอกระสอบทราย/อื่นๆ,https://storage.googleapis.com/traffy_public_bucket/attachment/2026-09/6f15f8dcad8c076b1d346b9932b060d9.jpeg
2026-3JL9JL,finish,2026-09-30 13:13,2026-09-30 14:29,100.6171,13.72995,สวนหลวง,สวนหลวง,ปัญหา: เข้าหมู่บ้านสวนแหลมทอง 2 บริเวณบ้านเลขที่ 8 เนื่องจากเหตุอุทกภัย ต้องการความช่วยเหลือในการอพยพ ออกจากบ้านเรือน บ้านเลขที่: 8 หมู่บ้าน: สวนแหลมทอง 2 ซอย: หมู่บ้านสวนแหลมทอง 2 ถนน: พัฒนาการ เขต: สวนหลวง #1555,https://storage.googleapis.com/traffy_public_bucket/attachment/2022-12/da2125e781282589d482070c3dba1726aa16a4a7.jpg
2026-7D84BM,start,2026-09-30 13:13,2026-09-30 13:13,100.73009,13.76952,ลาดกระบัง,คลองสองต้นนุ่น,ปัญหา: โครงการเคหะร่มเกล้า พบประชาชนได้รับความเดือดร้อนจากปัญาน้ำท่วมขัง ส่งผลให้ไม่สามารถเดินทางสัญจรไปปฏิบัติงานได้ จึงขอความสนับสนุนรถบรรทุกขนาดใหญ่ (หรือรถทหาร) สำหรับใช้รับ-ส่งประชาชน ซอย: ร่มเกล้า 24 ถนน: ร่มเกล้า เขต: ลาดกระบัง #1555,https://storage.googleapis.com/traffy_public_bucket/attachment/2022-12/da2125e781282589d482070c3dba1726aa16a4a7.jpg
2026-TPARNW,inprogress,2026-09-30 13:13,2026-09-30 15:17,100.67024,13.79453,บึงกุ่ม,คลองกุ่ม,ปัญหา: ภายในหมู่บ้านสหกรณ์เคหะสถาน บ้านเลขที่ 4/268 เนื่องจากเหตุอุทกภัย ต้องการความช่วยเหลือขอรับการสนับสนุนเครื่องอุปโภคบริโภค สำหรับ 2 ท่าน บ้านเลขที่: 4/268 หมู่บ้าน: สหกรณ์เคหะสถาน ซอย: เสรีไทย 57 ถนน: เสรีไทย เขต: บึงกุ่ม #1555,https://storage.googleapis.com/traffy_public_bucket/attachment/2022-12/da2125e781282589d482070c3dba1726aa16a4a7.jpg
2026-TPARNW,finish,2026-09-30 13:13,2026-10-09 13:13,100.67024,13.79453,บึงกุ่ม,คลองกุ่ม,ปัญหา: ภายในหมู่บ้านสหกรณ์เคหะสถาน บ้านเลขที่ 4/268 เนื่องจากเหตุอุทกภัย ต้องการความช่วยเหลือขอรับการสนับสนุนเครื่องอุปโภคบริโภค สำหรับ 2 ท่าน บ้านเลขที่: 4/268 หมู่บ้าน: สหกรณ์เคหะสถาน ซอย: เสรีไทย 57 ถนน: เสรีไทย เขต: บึงกุ่ม #1555,https://storage.googleapis.com/traffy_public_bucket/attachment/2022-12/da2125e781282589d482070c3dba1726aa16a4a7.jpg
2026-JM77V4,start,2026-09-30 13:15,2026-09-30 13:15,100.72262,13.72379,ลาดกระบัง,ลาดกระบัง,คลองพระโขนงน้ำไม่ได้เยอะเลย ทำไมไม่พ่องน้ำจากคลองประเวศบุรีลม ไปคลองพระโขนงครับเพราะเครื่องสูบน้ำ 20 ตัวเสียเหรอครับ ความสูงระดับหัวเข่า น้ำท่วมมาแล้วน้อยกว่า 1 สัปดาห์,https://storage.googleapis.com/traffy_public_bucket/attachment/2026-09/777a776f121a4d3b9c8e6661707a473c.jpeg
2026-7R63PF,finish,2026-09-30 13:16,2026-10-01 11:13,100.64867,13.77463,บางกะปิ,คลองจั่น,ปัญหา: แฟลตคลองจั่น อาคาร 16 ทุกอาคารถูกน้ำล้อมรอบ ระดับน้ำเพิ่มสูงขึ้นอย่างต่อเนื่องและกำลังจะท่วมถึงหลังคารถยนต์ รวมทั้งน้ำไหลเข้าบริเวณใต้ถุนอาคาร ห้องนิติบุคคล และห้องเครื่องสูบน้ำจนต้องปิดการทำงาน ทำให้น้ำประปาไม่ไหล ปัจจุบันฝนตกเบาบาง ทำให้ผู้พักอาศ,https://storage.googleapis.com/traffy_public_bucket/attachment/2022-12/da2125e781282589d482070c3dba1726aa16a4a7.jpg
2026-N93KMD,inprogress,2026-09-30 13:17,2026-09-30 14:01,100.70863,13.77146,สะพานสูง,สะพานสูง,ปัญหา: ภายในซอย มิสทีน บริเวณบ้านเลขที่ 59 เนื่องจากเกิดเหตุอุทกภัย จึงมีความประสงค์ขอรับความช่วยเหลือด้านอาหารและน้ำดื่ม ผู้ใหญ่ 13 ท่าน ผู้สูงอายุติดเตียง 1 ท่าน เด็กทารก 2 ท่าน บ้านเลขที่: 59 ซอย: มิสทีน ถนน: เคหะร่มเกล้า เขต: สะพานสูง #1555,https://storage.googleapis.com/traffy_public_bucket/attachment/2022-12/da2125e781282589d482070c3dba1726aa16a4a7.jpg
2026-WGYC6K,inprogress,2026-09-30 13:17,2026-09-30 13:58,100.61552,13.87061,บางเขน,อนุสาวรีย์,ซอยต้นกระถิน รามอินทรา 5 น้ำท่วมสูงไม่ลดเลย ตอนนี้น้ำเน่าแล้ว ความสูงระดับหน้าแข้ง น้ำท่วมมาแล้วน้อยกว่า 1 สัปดาห์,https://storage.googleapis.com/traffy_public_bucket/attachment/2026-09/a8bfb791bf3af8410b32b0ee5ea3ef5e.jpeg
2026-WGYC6K,finish,2026-09-30 13:17,2026-10-09 18:12,100.61552,13.87061,บางเขน,อนุสาวรีย์,ซอยต้นกระถิน รามอินทรา 5 น้ำท่วมสูงไม่ลดเลย ตอนนี้น้ำเน่าแล้ว ความสูงระดับหน้าแข้ง น้ำท่วมมาแล้วน้อยกว่า 1 สัปดาห์,https://storage.googleapis.com/traffy_public_bucket/attachment/2026-09/a8bfb791bf3af8410b32b0ee5ea3ef5e.jpeg
2026-4T6BHJ,inprogress,2026-09-30 13:18,2026-09-30 15:15,100.65729,13.77176,บึงกุ่ม,คลองกุ่ม,เขตบึงกุ่มทำงานจริงไหม? ประกาศว่าน้ำไม่ท่วม ได้ตรวจสอบลงพื้นที่จริงหรือไม่? ความสูงระดับเอว น้ำท่วมมาแล้วน้อยกว่า 1 สัปดาห์,https://storage.googleapis.com/traffy_public_bucket/attachment/2026-09/6299448e26e9b26ce5327a59815a45ae.jpeg
2026-W778NT,finish,2026-09-30 13:18,2026-09-30 13:48,100.63322,13.73189,สวนหลวง,สวนหลวง,ปัญหา: บริเวณบ้านเลขที่ 100 พบปัญหาน้ำท่วมขังในระดับสูง และมีผู้สูงอายุ จำนวน 2 ราย ต้องการความช่วยเหลือในการอพยพออกจากพื้นที่ บ้านเลขที่: 100 ซอย: พัฒนาการ 46 ถนน: พัฒนาการ จุดสังเกต: เข้าซอยดังกล่าวไปประมาณ 400 เมตร อยู่ทางขวามือ เป็นบ้านแฝด 2 ชั้น เ,https://storage.googleapis.com/traffy_public_bucket/attachment/2022-12/da2125e781282589d482070c3dba1726aa16a4a7.jpg
2026-HKEHNU,inprogress,2026-09-30 13:21,2026-09-30 13:44,100.67291,13.72793,ประเวศ,ประเวศ,น้ำท่วมตั้งแต่วันเสาร์แล้ว ความสูงระดับเอว น้ำท่วมมาแล้วน้อยกว่า 1 สัปดาห์,https://storage.googleapis.com/traffy_public_bucket/attachment/2026-09/8b967b50538faa83c7a44e70903665a5.jpeg
2026-NLUHY8,inprogress,2026-09-30 13:21,2026-09-30 13:22,100.84179,13.78712,หนองจอก,ลำผักชี,ซอยสุวินทวงศ์64น้ำท่วมเป็นระยะตลอดสาย และซอยเล็กเลยเครือวับย์3ตอนนี้น้ำลึกมากสุดถึง50ซม ยังไม่มึหน่วยงานไหนมาดูแลหรือช่วยเหลือที่สำคัญน้ำที่เออท่วมไม่ไหลเลยทั้วที่อยู่ใกล้คลอง ความสูงระดับหัวเข่า น้ำท่วมมาแล้วน้อยกว่า 1 สัปดาห์,https://storage.googleapis.com/traffy_public_bucket/attachment/2026-09/2a4d9ceafa83ac50db6603dc54ea27a8.jpeg
2026-CN3NVZ,inprogress,2026-09-30 13:23,2026-09-30 13:47,100.63204,13.75477,บางกะปิ,หัวหมาก,ปัญหา: บริเวณบ้านเลขที่ 133 พบระดับน้ำท่วมขังสูงใกล้เข้าสู่ตัวบ้าน ส่งผลกระทบต่อการพักอาศัยและความเป็นอยู่ ขอความช่วยเหลือในการอพยพผู้ประสบภัย จำนวน 2 ราย (อายุประมาณ 50 ปี และ 70 ปี) เพื่อนำส่งไปยังพื้นที่เขตลาดกระบัง ติดต่อคุณรัชดาภรณ์ โทร. 0813743375 บ,https://storage.googleapis.com/traffy_public_bucket/attachment/2022-12/da2125e781282589d482070c3dba1726aa16a4a7.jpg
2026-CN3NVZ,finish,2026-09-30 13:23,2026-10-09 14:43,100.63204,13.75477,บางกะปิ,หัวหมาก,ปัญหา: บริเวณบ้านเลขที่ 133 พบระดับน้ำท่วมขังสูงใกล้เข้าสู่ตัวบ้าน ส่งผลกระทบต่อการพักอาศัยและความเป็นอยู่ ขอความช่วยเหลือในการอพยพผู้ประสบภัย จำนวน 2 ราย (อายุประมาณ 50 ปี และ 70 ปี) เพื่อนำส่งไปยังพื้นที่เขตลาดกระบัง ติดต่อคุณรัชดาภรณ์ โทร. 0813743375 บ,https://storage.googleapis.com/traffy_public_bucket/attachment/2022-12/da2125e781282589d482070c3dba1726aa16a4a7.jpg
2026-WVXCZE,inprogress,2026-09-30 13:24,2026-09-30 13:31,100.63953,13.7735,บางกะปิ,คลองจั่น,ปัญหา: บริเวณบ้านเลขที่ 203 ซอยลาดพร้าว 115 แยก 7 พบระดับน้ำท่วมขัง ส่งผลกระทบต่อการสัญจรและสร้างความเดือดร้อนให้แก่ผู้พักอาศัยในบริเวณดังกล่าว จึงขอความช่วยเหลือในการอพยพผู้ประสบภัย จำนวน 4 ราย บ้านเลขที่: 203 ซอย: ลาดพร้าว 115 แยก 7 ถนน: ลาดพร้าว เขต: บ,https://storage.googleapis.com/traffy_public_bucket/attachment/2022-12/da2125e781282589d482070c3dba1726aa16a4a7.jpg
2026-WVXCZE,finish,2026-09-30 13:24,2026-10-09 13:09,100.63953,13.7735,บางกะปิ,คลองจั่น,ปัญหา: บริเวณบ้านเลขที่ 203 ซอยลาดพร้าว 115 แยก 7 พบระดับน้ำท่วมขัง ส่งผลกระทบต่อการสัญจรและสร้างความเดือดร้อนให้แก่ผู้พักอาศัยในบริเวณดังกล่าว จึงขอความช่วยเหลือในการอพยพผู้ประสบภัย จำนวน 4 ราย บ้านเลขที่: 203 ซอย: ลาดพร้าว 115 แยก 7 ถนน: ลาดพร้าว เขต: บ,https://storage.googleapis.com/traffy_public_bucket/attachment/2022-12/da2125e781282589d482070c3dba1726aa16a4a7.jpg
2026-H87VFB,start,2026-09-30 13:27,2026-09-30 13:27,100.73067,13.76828,ลาดกระบัง,คลองสองต้นนุ่น,ปัญหา: บริเวณบ้านเลขที่ 103/413 ตึกสีขาวสุดซอย เคหะร่มเกล้า 30 พบระดับน้ำท่วมขังสูงประมาณระดับอก ส่งผลกระทบทำให้ประชาชนไม่สามารถเดินทางออกไปภายนอกได้ และมีผู้พักอาศัยติดค้างอยู่ในบริเวณดังกล่าวประมาณ 100 ราย จึงขอรับการสนับสนุนเครื่องอุปโภคบริโภค อาหารแห้,https://storage.googleapis.com/traffy_public_bucket/attachment/2022-12/da2125e781282589d482070c3dba1726aa16a4a7.jpg
2026-Z74FL3,inprogress,2026-09-30 13:27,2026-09-30 13:45,100.67295,13.72802,ประเวศ,ประเวศ,น้ำท่วมถนนสูงประมาณต้นขาส่วนบนและท่วมตั้งแต่วันเสาร์ที่ผ่านมา ความสูงระดับบริเวณถนนจะสูงถึงระหว่างต้นขา น้ำท่วมมาแล้วท่วมตั้งแต่วันเสาร์ที่ผ่านมา,https://storage.googleapis.com/traffy_public_bucket/attachment/2026-09/1a18b179e27ef6cadcc320efeed25b9f.jpeg
2026-2HF2W9,inprogress,2026-09-30 13:29,2026-09-30 13:47,100.68177,13.72182,ประเวศ,ประเวศ,อ่อนนุช 65 หน้าอ่อนนุช 80 ฝั่งโลตัส น้ำยังท่วมอยุ่ ความสูงระดับหน้าแข้ง น้ำท่วมมาแล้วน้อยกว่า 1 สัปดาห์,https://storage.googleapis.com/traffy_public_bucket/attachment/2026-09/57ff441291aafc66dfe029f6de937677.jpeg
2026-MJ4M6F,inprogress,2026-09-30 13:30,2026-09-30 14:12,100.75968,13.7957,มีนบุรี,แสนแสบ,น้ำท่วมซอยถนนบึงขวาง12 เข้าบ้านแล้ว ซอยข้างเคียงก็ท่วมมาจากคลอง ความสูงระดับหัวเข่า น้ำท่วมมาแล้วน้อยกว่า 1 สัปดาห์,https://storage.googleapis.com/traffy_public_bucket/attachment/2026-09/8c90ad0a2598abe9b483f8746595d2bf.jpeg
2026-ZDG7HE,inprogress,2026-09-30 13:31,2026-09-30 15:23,100.66841,13.79981,บึงกุ่ม,คลองกุ่ม,ปัญหา: ตลอดทั้งหมู่บ้านสหกรณ์เสรีไทยบนถนนดังกล่าว พบน้ำท่วมสูงต้องการรับเครื่องอุปโภคบริโภค หมู่บ้าน: สหกรณ์เสรีไทย ถนน: เสรีไทย จุดสังเกต: -- เขต: บึงกุ่ม #1555,https://storage.googleapis.com/traffy_public_bucket/attachment/2022-12/da2125e781282589d482070c3dba1726aa16a4a7.jpg
2026-ZDG7HE,finish,2026-09-30 13:31,2026-10-09 13:12,100.66841,13.79981,บึงกุ่ม,คลองกุ่ม,ปัญหา: ตลอดทั้งหมู่บ้านสหกรณ์เสรีไทยบนถนนดังกล่าว พบน้ำท่วมสูงต้องการรับเครื่องอุปโภคบริโภค หมู่บ้าน: สหกรณ์เสรีไทย ถนน: เสรีไทย จุดสังเกต: -- เขต: บึงกุ่ม #1555,https://storage.googleapis.com/traffy_public_bucket/attachment/2022-12/da2125e781282589d482070c3dba1726aa16a4a7.jpg
2026-UEPHHY,start,2026-09-30 13:32,2026-09-30 13:32,100.7679,13.7226,ลาดกระบัง,ลาดกระบัง,ซอยลาดกระบัง9/8 ท่วมขังไม่ระบายไม่ลดเลยค่ะ ความสูงระดับหน้าแข้ง น้ำท่วมมาแล้วน้อยกว่า 5 วัน น้ำเริ่มมีกลิ่น #ขอกระสอบทราย/อื่นๆ,https://storage.googleapis.com/traffy_public_bucket/attachment/2026-09/1579c3866926df28dbecf00d709378ce.jpeg
2026-RVTUXB,forward,2026-09-30 13:34,2026-10-05 16:42,100.77017,13.83847,คลองสามวา,ทรายกองดินใต้,คลองสามวา ประมาณ50cm แต่แกต้องเดินออกมาหาอะไรกินเอง ตั้งแต่25/9/69,https://storage.googleapis.com/traffy_public_bucket/attachment/2026-09/7473896d672caf127d9b0c792b084b90.jpeg
2026-X7TBLN,start,2026-09-30 13:34,2026-09-30 13:34,100.75204,13.76889,ลาดกระบัง,คลองสามประเวศ,น้ำท่วมบ้าน ซอยร่มเกล้า19/2 รถเล็กไม่สามารถออกจากบ้านไปทำงานได้ ความสูงระดับเอว น้ำท่วมมาแล้วมากกว่า 1 สัปดาห์,https://storage.googleapis.com/traffy_public_bucket/attachment/2026-09/3bf7e0cf0a3035cb73639e24953de692.jpeg
2026-3CDUAB,inprogress,2026-09-30 13:38,2026-09-30 15:50,100.8502,13.81834,หนองจอก,โคกแฝด,น้ำท่วมขังในบ้านซอยเชื่อมสัมพันธ์ 25 ไม่ลดเลย 5 วันแล้ว แจ้งเรื่องครั้งที่ 4 แล้ว เงียบกริบ ความสูงระดับ30 ซม ค่ะ น้ำท่วมมาแล้ว5 วัน,https://storage.googleapis.com/traffy_public_bucket/attachment/2026-09/a3308026c4b8faa5bda399cc87071f41.jpeg
2026-LWGF7A,inprogress,2026-09-30 13:39,2026-09-30 14:02,100.6489,13.87813,บางเขน,ท่าแร้ง,ขอความช่วยเหลือด่วนค่ะ สุขาภิบาล 5 ซอย 21 น้ำท่วมขัง เป็นเวลา 6 วันแล้วค่ะ ระดับลึกสุดน่าจะเอว เพราะในซอยมีบ้านบึงอยู่ด้วยไม่มีทางระบายน้ำเลยค่ะ ความสูงระดับลึกสุดใต้ทางด่วนเข้าไปน่าจะเอวค่ะ / ปากซอยเลยเข่า น้ำท่วมมาแล้ว5 วัน นับแต่วันเสาร์ค่ะ,https://storage.googleapis.com/traffy_public_bucket/attachment/2026-09/5ee85635a7d9b64d198b49ec0b9239a5.jpeg
2026-LWGF7A,finish,2026-09-30 13:39,2026-10-09 18:12,100.6489,13.87813,บางเขน,ท่าแร้ง,ขอความช่วยเหลือด่วนค่ะ สุขาภิบาล 5 ซอย 21 น้ำท่วมขัง เป็นเวลา 6 วันแล้วค่ะ ระดับลึกสุดน่าจะเอว เพราะในซอยมีบ้านบึงอยู่ด้วยไม่มีทางระบายน้ำเลยค่ะ ความสูงระดับลึกสุดใต้ทางด่วนเข้าไปน่าจะเอวค่ะ / ปากซอยเลยเข่า น้ำท่วมมาแล้ว5 วัน นับแต่วันเสาร์ค่ะ,https://storage.googleapis.com/traffy_public_bucket/attachment/2026-09/5ee85635a7d9b64d198b49ec0b9239a5.jpeg
2026-CDH24W,forward,2026-09-30 13:40,2026-10-01 17:10,100.58931,13.8633,บางเขน,อนุสาวรีย์,ช่องระบายน้ำช่วงหน้า กรมทหารราบที่11 และ ช่วงหน้า ร.ร.สารวิทยา มีสิ่งกีดขวางทางช่องระบายน้ำ ช่วยให้ผู่รับผิดชอบไปดูแลด้วยนะคะ ฝนตกที่ไรน้ำจะขังนานตลอด เพราะไม่ได้เอาเศษขยะะออกค่ะ ความสูงระดับน้ำขังตลอด ลดลงช้ากว่าส่วนอื่น น้ำท่วมมาแล้วมากกว่า 1 สัปดาห์,https://storage.googleapis.com/traffy_public_bucket/attachment/2026-09/7e0a85fa134061d6337bbad5c14a01e5.jpeg
2026-MDTPHB,start,2026-09-30 13:41,2026-09-30 13:41,100.72527,13.77248,ลาดกระบัง,คลองสองต้นนุ่น,พิกัด หมู่บ้านพูนสินธานี 3 ซอยเคหะร่มเกล้า 64 แขวงคลองสองต้นนุ่น เขตลาดกระบัง กทม 10520 คนในหมู่บ้านติดน้ำท่วม ไม่มีอาหารมา 3 วันแล้ว ผมรับหน้าที่ช่วยแจ้งให้กับพี่ที่ติดอยู่ในหมู่บ้านครับ ต้องการความช่วยเหลือด้าน อาหารและน้ำดื่มจำนวนมาก เพื่อให้เพียงพอต่,https://storage.googleapis.com/traffy_public_bucket/attachment/2026-09/8247b21fb171f251d023f48ef3d05e62.jpeg
2026-YXYP2R,finish,2026-09-30 13:44,2026-10-03 18:55,100.62417,13.79687,วังทองหลาง,คลองเจ้าคุณสิงห์,หลังจากที่น้ำแห้งอยู่ดีๆก็ล้นทะลักเข้ามาอีก ความสูงระดับข้อเท้า น้ำท่วมมาแล้วน้อยกว่า 3 ชั่วโมง,https://storage.googleapis.com/traffy_public_bucket/attachment/2026-09/thumb_823e11d294899e8b5e4c842506f2636a.jpg
2026-F37A2D,start,2026-09-30 13:46,2026-09-30 13:46,100.75204,13.76889,ลาดกระบัง,คลองสามประเวศ,ช่วย* ความสูงระดับหัวเข่า น้ำท่วมมาแล้วน้อยกว่า 1 สัปดาห์,https://storage.googleapis.com/traffy_public_bucket/attachment/2026-09/d3c938291c7321591f8f43a5b3090669.jpeg
2026-GHTUFD,forward,2026-09-30 13:47,2026-09-30 14:57,100.65937,13.78508,บึงกุ่ม,คลองกุ่ม,น้ำท่วมขังสูงระดับโคนขา มา 4 วันแล้วครับ ช่วยสูบน้ำออกให้หน่อยครับ ตอนนี้ยังออกไปไหนไม่ได้เลย ความสูงระดับประมาณต้นขาครับ 60-70 cm น้ำท่วมมาแล้วน้อยกว่า 1 สัปดาห์,https://storage.googleapis.com/traffy_public_bucket/attachment/2026-09/c9fa92b1fdcdf5bf092a1e654d0e9d0d.jpeg
2026-RXR3B2,inprogress,2026-09-30 13:47,2026-09-30 14:06,100.60717,13.87434,บางเขน,อนุสาวรีย์,น้ำท่วมไม่ลดเลย ความสูงระดับข้อเท้า น้ำท่วมมาแล้วน้อยกว่า 1 สัปดาห์,https://storage.googleapis.com/traffy_public_bucket/attachment/2026-09/247d5e7121c8d5f690179af8c2e9de57.jpeg
2026-RXR3B2,finish,2026-09-30 13:47,2026-10-09 12:37,100.60717,13.87434,บางเขน,อนุสาวรีย์,น้ำท่วมไม่ลดเลย ความสูงระดับข้อเท้า น้ำท่วมมาแล้วน้อยกว่า 1 สัปดาห์,https://storage.googleapis.com/traffy_public_bucket/attachment/2026-09/247d5e7121c8d5f690179af8c2e9de57.jpeg
2026-GUKMTD,forward,2026-09-30 13:50,2026-09-30 15:08,100.64534,13.78658,บึงกุ่ม,นวมินทร์,ปัญหา: ภายในซอยดังกล่าว บ้านเลขที่ 89/827 เนื่องจากเหตุอุทกภัย จึงขอรับการสนับสนุนและความช่วยเหลือในการสูบระบายน้ำออกจากพื้นที่ ซอย: นวมินทร์ 81 แยก 3-40 ถนน: นวมินทร์ เขต: บึงกุ่ม #1555,https://storage.googleapis.com/traffy_public_bucket/attachment/2022-12/da2125e781282589d482070c3dba1726aa16a4a7.jpg
2026-PVDP84,inprogress,2026-09-30 13:50,2026-09-30 15:18,100.6378,13.82037,บึงกุ่ม,นวลจันทร์,ไม่ทราบว่าถ้าต้องการให้มีการลอกท่ภายในหมู่บ้านต้องดำนินการอย่างไรบ้างคะ เนื่องจากช่วง2-3 วันที่ผ่านมาหลังจากฝนตกต่อเนื่องมีน้ำขังภายในหมู่บ้านค่ะ #ขอกระสอบทราย/อื่นๆ,https://storage.googleapis.com/traffy_public_bucket/attachment/2026-09/402e415d96fe72ff1a28aa97f86892dc.jpeg
2026-2BMUZF,inprogress,2026-09-30 13:52,2026-09-30 14:03,100.66464,13.8138,คันนายาว,รามอินทรา,ปัญหา: หมู่บ้านปัทวิกร ผัง 1 ซอย 4 แยก 3-8-22 พบน้ำท่วมสูง จึงขอให้เจ้าหน้าที่ลงพื้นที่ดำเนินการเข้าสูบระบายน้ำ ถนน: นวมินทร์ เขต: คันนายาว #1555,https://storage.googleapis.com/traffy_public_bucket/attachment/2022-12/da2125e781282589d482070c3dba1726aa16a4a7.jpg
2026-NEFVYC,finish,2026-09-30 13:52,2026-09-30 15:20,100.6542,13.72553,ประเวศ,ประเวศ,ปัญหา: บริเวณบ้านเลขที่ 22200/9 ซอยบางปะกง 1 พบระดับน้ำท่วมขังสูงและกระแสไฟฟ้าถูกตัด ส่งผลกระทบและสร้างความเดือดร้อนให้แก่ผู้พักอาศัยในบริเวณดังกล่าว จึงขอความช่วยเหลือในการอพยพผู้ประสบภัย จำนวน 3 ราย ออกจากพื้นที่ บ้านเลขที่: 22200/9 ซอย: บางปะกง 1 เขต: ,https://storage.googleapis.com/traffy_public_bucket/attachment/2022-12/da2125e781282589d482070c3dba1726aa16a4a7.jpg
2026-TH4KFA,inprogress,2026-09-30 13:54,2026-09-30 14:51,100.64955,13.77838,บางกะปิ,คลองจั่น,ปัญหา: บ้านเลขที่ 1440 เนื่องจากเกิดอุทกภัย มีความประสงค์ขอรับการสนับสนุนเครื่องอุปโภคบริโภคน้ำดื่ม และยาสามัญ ผ้าอ้อมผู้ใหญ่ โดยมีผู้สูงอายุวัย 87 ปีและผู้พิการอยู่ในความดูแล ซึ่งต้องการอาหารประเภทข้าวต้มหรือโจ๊กเป็นพิเศษ จึงขอความช่วยเหลือเร่งด่วน บ้านเ,https://storage.googleapis.com/traffy_public_bucket/attachment/2022-12/da2125e781282589d482070c3dba1726aa16a4a7.jpg
2026-TH4KFA,finish,2026-09-30 13:54,2026-10-09 13:03,100.64955,13.77838,บางกะปิ,คลองจั่น,ปัญหา: บ้านเลขที่ 1440 เนื่องจากเกิดอุทกภัย มีความประสงค์ขอรับการสนับสนุนเครื่องอุปโภคบริโภคน้ำดื่ม และยาสามัญ ผ้าอ้อมผู้ใหญ่ โดยมีผู้สูงอายุวัย 87 ปีและผู้พิการอยู่ในความดูแล ซึ่งต้องการอาหารประเภทข้าวต้มหรือโจ๊กเป็นพิเศษ จึงขอความช่วยเหลือเร่งด่วน บ้านเ,https://storage.googleapis.com/traffy_public_bucket/attachment/2022-12/da2125e781282589d482070c3dba1726aa16a4a7.jpg
2026-V8HVDB,start,2026-09-30 13:54,2026-09-30 13:54,100.80436,13.74744,ลาดกระบัง,ทับยาว,ปัญหา: ภายในซอยแยกดังกล่าว หมู่บ้านโกลเด้นเพลส บ้านเลขที่ 10/197 เนื่องจากเกิดเหตุอุทกภัย จึงมีความประสงค์ขอรับความช่วยเหลือด้านอาหารและน้ำดื่ม จำนวน 45 คน (คุณภาวัต) ซอย: ฉลองกรุง 22 แยก 15 ถนน: ฉลองกรุง เขต: ลาดกระบัง #1555,https://storage.googleapis.com/traffy_public_bucket/attachment/2022-12/da2125e781282589d482070c3dba1726aa16a4a7.jpg
2026-YXY8LC,inprogress,2026-09-30 13:55,2026-09-30 14:54,100.78038,13.7884,มีนบุรี,แสนแสบ,ปัญหา: ภายในซอยดังกล่าว บ้านเลขที่ 24 เนื่องจากเกิดเหตุอุทกภัย จึงมีความประสงค์ขอรับความช่วยเหลือด้านอาหารน้ำดื่ม และยารักษาโรคน้ำกัดเท้า จำนวน 2 คน (คุณวาสนา) ซอย: คุ้มเกล้า 14/2 ถนน: คุ้มเกล้า เขต: มีนบุรี #1555,https://storage.googleapis.com/traffy_public_bucket/attachment/2022-12/da2125e781282589d482070c3dba1726aa16a4a7.jpg
2026-EWGP7Z,forward,2026-09-30 13:56,2026-09-30 14:58,100.66046,13.7991,บึงกุ่ม,คลองกุ่ม,กลางซอยนวมินทร์ 42 น้ำท่วมสูงถึงแข้ง ความสูงระดับแข้งถึงเข่าบางจุด น้ำท่วมมาแล้ววันที่6,https://storage.googleapis.com/traffy_public_bucket/attachment/2026-09/thumb_296f1b20e0f35c41e287c95a28a69341.jpg
2026-GL2DBP,inprogress,2026-09-30 13:58,2026-09-30 14:02,100.69204,13.74388,สะพานสูง,สะพานสูง,ขณะนี้ผมผู้ประสบภัยอยู่หมู่บ้านนักกีฬาหัวหมากเดือดร้อนจากน้ำท่วมขังเป็นวันที่5แล้ว ขอเจ้าหน้าที่ผู้เกี่ยวข้องรีบระบายน้ำออกจากหมู่บ้านนักกีฬาซอย3โดยเร็วที่สุดครับ ขณะนี้น้ำเริ่มเน่าส่งกลิ่น และมีขยะติดค้างท้ายซอย3เป็นจำนวนมากครับ ขอบคุณครับ ความสูงระดับหั,https://storage.googleapis.com/traffy_public_bucket/attachment/2026-09/b69c4ea090400fa47bb4c953f9719893.jpeg
2026-VMY27R,inprogress,2026-09-30 14:00,2026-09-30 14:16,100.78121,13.78512,มีนบุรี,แสนแสบ,ตอนนี้ยังไม่ลดเลยครับ ที่พิกัด หน้าคุ้มเกล้า11 ความสูงระดับหน้าแข้ง น้ำท่วมมาแล้วน้อยกว่า 1 วัน,https://storage.googleapis.com/traffy_public_bucket/attachment/2026-09/c5982ec8908c203491a713f44b42ef01.jpeg
2026-AH9TDR,forward,2026-09-30 14:01,2026-09-30 14:58,100.65524,13.78734,บึงกุ่ม,คลองกุ่ม,หมู่บ้านศรีนครพัฒนา1 คลองกุ่ม บึงกุ่ม นวมินทร์ 24 ซอย อุเทน 17 น้ำท่วม มา 5 วัน ไม่ทีหน่วยงานเข้าถึง ไม่มีอาหารแจก เดินสัญจรออกมาลำบากมาก ความสูงระดับบริเวณหน้าบ้านเลยเข่าในซอยเลยเข่า น้ำท่วมมาแล้วน้อยกว่า 1 สัปดาห์,https://storage.googleapis.com/traffy_public_bucket/attachment/2026-09/thumb_d92706c008d98b22e22fe74e96eb7148.jpg
2026-NM3XUJ,inprogress,2026-09-30 14:02,2026-09-30 16:40,100.65267,13.77195,บางกะปิ,คลองจั่น,ปัญหา: บริเวณแฟลตคลองจั่น อาคาร11 พบระดับน้ำท่วมขังสูงเข้าขั้นวิกฤตและมีรถยนต์ลอยไปตามกระแสน้ำ ส่งผลกระทบต่อความปลอดภัยและการดำรงชีวิตของผู้พักอาศัยในบริเวณดังกล่าว ขอความช่วยเหลือในการอพยพผู้ประสบภัยไปยังสถานที่พักพิงใกล้เคียงโดยด่วน ติดต่อคุณใบตอง โทร. ,https://storage.googleapis.com/traffy_public_bucket/attachment/2022-12/da2125e781282589d482070c3dba1726aa16a4a7.jpg
2026-NM3XUJ,finish,2026-09-30 14:02,2026-10-09 16:08,100.65267,13.77195,บางกะปิ,คลองจั่น,ปัญหา: บริเวณแฟลตคลองจั่น อาคาร11 พบระดับน้ำท่วมขังสูงเข้าขั้นวิกฤตและมีรถยนต์ลอยไปตามกระแสน้ำ ส่งผลกระทบต่อความปลอดภัยและการดำรงชีวิตของผู้พักอาศัยในบริเวณดังกล่าว ขอความช่วยเหลือในการอพยพผู้ประสบภัยไปยังสถานที่พักพิงใกล้เคียงโดยด่วน ติดต่อคุณใบตอง โทร. ,https://storage.googleapis.com/traffy_public_bucket/attachment/2022-12/da2125e781282589d482070c3dba1726aa16a4a7.jpg
2026-PABJCJ,inprogress,2026-09-30 14:03,2026-09-30 15:41,100.71463,13.78187,สะพานสูง,สะพานสูง,ปัญหา: ภายในหมู่บ้านดังกล่าว บริเวณห้องเช่าเลขที่ 36/3268 เนื่องจากเหตุอุทกภัย ต้องการความช่วยเหลือในการอพยพผู้พิการ 2 ท่าน บ้านเลขที่: 36/3268 หมู่บ้าน: เคหะธานี 4 ซอย 114 ถนน: ราษฎร์พัฒนา จุดสังเกต: หากเข้าทางซอย 114 ห้องเช่าจะอยู่ด้านหลังบริษัท (ไม่,https://storage.googleapis.com/traffy_public_bucket/attachment/2022-12/da2125e781282589d482070c3dba1726aa16a4a7.jpg
2026-DHRDRU,inprogress,2026-09-30 14:04,2026-09-30 15:44,100.70262,13.77546,สะพานสูง,สะพานสูง,น้ำท่วมขังสูง ตั้งแต่คืนวันศุกร์ ไม่ลดเลย ตอนนี้เหม็นมาก ต้องการความช่วยเหลือ ให้มาดูดน้ำออกจากหมู่บ้าน เจองู ตะขาบลอยมา ความสูงระดับตอนแรกเอว ตอนนี้เข่าคะ น้ำท่วมมาแล้วมากกว่า 1 สัปดาห์,https://storage.googleapis.com/traffy_public_bucket/attachment/2026-09/237a850d58a7e291eb56fa85bc87f031.jpeg
2026-HHUU74,inprogress,2026-09-30 14:04,2026-09-30 15:44,100.68449,13.75517,สะพานสูง,สะพานสูง,ปัญหา: ภายในซอยรามคำแหง 118 แยก 58 หมู่บ้านพฤกษชาติ บ้านเลขที่ 12 เนื่องจากเกิดเหตุอุทกภัย จึงมีความประสงค์ขอรับความช่วยเหลือด้านอาหารน้ำดื่ม และยารักษาโรคฉี่หนู จำนวน 3 ท่าน ถนน: รามคำแหง เขต: สะพานสูง #1555,https://storage.googleapis.com/traffy_public_bucket/attachment/2022-12/da2125e781282589d482070c3dba1726aa16a4a7.jpg
2026-NYJ8M3,inprogress,2026-09-30 14:07,2026-09-30 15:45,100.68557,13.75836,สะพานสูง,สะพานสูง,ปัญหา: ภายในซอยรามคำแหง 118 แยก 67 หมู่บ้านพฤกษชาติ บ้านเลขที่ 17 เนื่องจากเกิดเหตุอุทกภัย จึงมีความประสงค์ขอรับความช่วยเหลือด้านอาหารและน้ำดื่ม จจำนวน 4 ท่าน ถนน: รามคำแหง เขต: สะพานสูง #1555,https://storage.googleapis.com/traffy_public_bucket/attachment/2022-12/da2125e781282589d482070c3dba1726aa16a4a7.jpg
2026-EUB6TT,inprogress,2026-09-30 14:08,2026-09-30 14:29,100.63607,13.87997,บางเขน,ท่าแร้ง,แจ้งเรื่องไปตั้งแต่วันที่28 น้ำท่วมขัง ที่บ้าน ฝนตกหนักน้ำไม่ระบาย ขอหน่วยงานเข้ามาช่วย ก็ไม่มีใครมาสักหน่วยงาน สุขภาพจิตแย่มาก ที่อยู่ที่แจ้ง ซอยรามอินทรา 5 แยก 52 จะไม่ได้อยู่ฝั่งต้นซอยนะคะ อยู่ฝั่งเทพรักษ์ตัดใหม่ ในหมู่บ้านอนันต์สุขสันต์ ขอร้องเข้ามาช,https://storage.googleapis.com/traffy_public_bucket/attachment/2026-09/thumb_0a2068600989ea5208345cba758c078c.jpg
2026-EUB6TT,finish,2026-09-30 14:08,2026-10-09 18:10,100.63607,13.87997,บางเขน,ท่าแร้ง,แจ้งเรื่องไปตั้งแต่วันที่28 น้ำท่วมขัง ที่บ้าน ฝนตกหนักน้ำไม่ระบาย ขอหน่วยงานเข้ามาช่วย ก็ไม่มีใครมาสักหน่วยงาน สุขภาพจิตแย่มาก ที่อยู่ที่แจ้ง ซอยรามอินทรา 5 แยก 52 จะไม่ได้อยู่ฝั่งต้นซอยนะคะ อยู่ฝั่งเทพรักษ์ตัดใหม่ ในหมู่บ้านอนันต์สุขสันต์ ขอร้องเข้ามาช,https://storage.googleapis.com/traffy_public_bucket/attachment/2026-09/thumb_0a2068600989ea5208345cba758c078c.jpg
2026-NLUNVJ,finish,2026-09-30 14:10,2026-09-30 21:23,100.58462,13.85563,จตุจักร,ลาดยาว,ต้องการกระสอบทราย เพื่อป้องกันน้ำท่วมเข้าพื้นที่คอนโดค่ะ #ขอกระสอบทราย/อื่นๆ,https://storage.googleapis.com/traffy_public_bucket/attachment/2026-09/1e2f1c7ca2f397b0ca44e0a7225b5f50.jpeg
2026-FRWMPA,inprogress,2026-09-30 14:11,2026-09-30 14:53,100.58162,13.91184,ดอนเมือง,ดอนเมือง,เขตดอนเมืองไม่ได้เอาเครื่องสูบน้ำอะไรมาช่วยเหลือในหมู่บ้าน clean house ดอนเมืองซอย 18 เลยหมู่บ้านนักช่วยเหลือตัวเองโดยการใช้ไดโว่ดูดน้ำลงบนท่อระบายน้ำของกทม.เอง 3 วันแล้วถึงแม้จะช้าแต่ไปซอยยังท่วมอยู่ ความสูงระดับหน้าแข้ง น้ำท่วมมาแล้วน้อยกว่า 1 สัปดาห์,https://storage.googleapis.com/traffy_public_bucket/attachment/2026-09/6a34429ea576149ba268b281843508bd.jpeg
2026-ATKTBM,inprogress,2026-09-30 14:13,2026-09-30 14:15,100.6656,13.71513,ประเวศ,ประเวศ,ต้องการขอกระสอบทรายกันน้ำท่วมคะ อยู่ในเขตประเวศ บ้านเลขที่99/46 ซ.อ่อนนุช 74/3-1 แขวง/เขตประเวศ กรุงเทพฯ 10250 ความสูงระดับในซอยประมาณ10-20เซนติเมตรคะ ต้องการกระสอบกันน้ำเข้าบ้าน เพราะอยู่ในบริเวณพื้นที่เขตประเวศ น้ำท่วมสูงบริเวณถนนใหญ่เท่าฟุตบาททางเท้า แ,https://storage.googleapis.com/traffy_public_bucket/attachment/2026-09/thumb_0faf020d4b4dcda6c409cc48c0363a7d.jpg
2026-XBCGW6,finish,2026-09-30 14:13,2026-10-01 21:23,100.64804,13.77239,บางกะปิ,คลองจั่น,ปัญหา: ภายในซอยนวมินทร์ 6 แฟลตตลองจั่น อาคาร 19 ชั้น 3 เนื่องจากเกิดเหตุอุทกภัย จึงมีความประสงค์ขอรับความช่วยเหลือด้านอาหารและน้ำดื่ม ถนน: นวมินทร์ จุดสังเกต: ตรงข้ามโรงเรียนบางกะปิ เขต: บางกะปิ #1555,https://storage.googleapis.com/traffy_public_bucket/attachment/2022-12/da2125e781282589d482070c3dba1726aa16a4a7.jpg
2026-LXBG8Y,finish,2026-09-30 14:16,2026-10-01 17:59,100.67383,13.84034,คันนายาว,คันนายาว,ปัญหา: ชุมชนสุขอนันต์ แยก 1 บ้านเลขที่ 92 เนื่องจากเกิดเหตุอุทกภัย จึงมีความประสงค์ขอรับความช่วยเหลือด้านอาหารและน้ำดื่ม จำนวน 10 หลัังคาเรือน ถนน: กาญจนาภิเษก เขต: คันนายาว #1555,https://storage.googleapis.com/traffy_public_bucket/attachment/2022-12/da2125e781282589d482070c3dba1726aa16a4a7.jpg
2026-GBWVKP,inprogress,2026-09-30 14:17,2026-09-30 15:50,100.84953,13.81773,หนองจอก,โคกแฝด,น้ำเน่าขังบริเวณบ้านเป็นเวลาหลายวันแล้ว ทำให้เดินทางไม่สะดวก รบกวนมาช่วยเหลือหน่อยค่า ความสูงระดับหน้าแข้ง น้ำท่วมมาแล้วน้อยกว่า 1 สัปดาห์,https://storage.googleapis.com/traffy_public_bucket/attachment/2026-09/9c81925454e1b24d4acfde7f0c77729e.jpeg
2026-L94ETL,finish,2026-09-30 14:19,2026-10-01 11:12,100.62569,13.77277,วังทองหลาง,พลับพลา,ปัญหา: บริเวณบ้านเลขที่ 35/43 พบประชาชนได้รับความเดือดร้อนเนื่องจากขาดแคลนอาหารและน้ำดื่ม โดยมีผู้พักอาศัยทั้งหมด 4 ราย เป็นผู้สูงอายุ 2 ราย และผู้ป่วยเพิ่งได้รับการผ่าตัดจอประสาทตา ส่งผลกระทบต่อการดำรงชีพ จึงขอรับการสนับสนุนเครื่องอุปโภคบริโภค ข้าวกล่อง ,https://storage.googleapis.com/traffy_public_bucket/attachment/2022-12/da2125e781282589d482070c3dba1726aa16a4a7.jpg
2026-TZH8G8,finish,2026-09-30 14:19,2026-10-03 18:47,100.62378,13.79701,วังทองหลาง,คลองเจ้าคุณสิงห์,นำ้ขึ้นปล่อยออกมาอีกแล้วเห็นใจประชาชนบ้างไหมงานก็ต้องหยุด ความสูงระดับข้อเท้า น้ำท่วมมาแล้วน้อยกว่า 1 ชั่วโมง,https://storage.googleapis.com/traffy_public_bucket/attachment/2026-09/thumb_3beb244406686071030ebb3da0d0397f.jpg
2026-48V8A2,start,2026-09-30 14:20,2026-09-30 14:20,100.76842,13.72049,ลาดกระบัง,ลาดกระบัง,ปัญหา: บ้านเลขที่ 1548 เนื่องจากเกิดเหตุอุทกภัย มีผู้ประสบภัย 2 ท่าน ไม่สามารถออกจากบ้านได้ จึงมีความประสงค์ขอรับความช่วยเหลือด้านอาหารและน้ำดื่ม หมู่บ้าน: มณสินี ซอย: ลาดกระบัง 42/3 ถนน: ลาดกระบัง จุดสังเกต: เข้าซอยดังกล่าวไปประมาณ 200 เมตร ฝั่งซ้ายมือ ,https://storage.googleapis.com/traffy_public_bucket/attachment/2022-12/da2125e781282589d482070c3dba1726aa16a4a7.jpg
2026-PNXDL7,start,2026-09-30 14:20,2026-09-30 14:20,100.6219,13.95019,ดอนเมือง,สนามบิน,ถนนพหลโยธิน ช่วงอนุสรณ์สถานน้ำท่สมเส้นทางจราจร 50 ซม. 3 วัน,https://storage.googleapis.com/traffy_public_bucket/attachment/2026-09/2f3bdef57c49f400db51c0ee0ef15b13.jpeg
2026-XVJ9MX,inprogress,2026-09-30 14:23,2026-09-30 15:46,100.69708,13.74435,สะพานสูง,สะพานสูง,น้ำท่วม5วันแล้ว น้ำเน่าแล้วค่ะ ความสูงระดับหน้าแข้ง น้ำท่วมมาแล้วน้อยกว่า 1 สัปดาห์,https://storage.googleapis.com/traffy_public_bucket/attachment/2026-09/c26c353ef67511eb34c63a2874670035.jpeg
2026-9H3TZX,inprogress,2026-09-30 14:24,2026-09-30 14:32,100.71912,13.8183,มีนบุรี,มีนบุรี,ปัญหาน้ำท่วมขังซอยหทัยราษฎร์ 1 เขตมีนบุรี ยังไม่ลดด้วย ประมาณ 4 วันแล้ว ความสูงระดับข้อเท้า น้ำท่วมมาแล้วน้อยกว่า 1 สัปดาห์,https://storage.googleapis.com/traffy_public_bucket/attachment/2026-09/7c5dc5493f9ac9db66c767def8978d92.jpeg
2026-6U6A4M,start,2026-09-30 14:27,2026-09-30 14:27,100.76114,13.75012,ลาดกระบัง,คลองสามประเวศ,น้ำท่วมในพื้นที่คลังสินค้า ถึงรอบเอวเลยเด้อครับ ความสูงระดับเอว น้ำท่วมมาแล้วน้อยกว่า 1 วัน,https://storage.googleapis.com/traffy_public_bucket/attachment/2026-09/7af4b549c6d411c40b80091b57a7c9b7.jpeg
2026-CU4CYR,inprogress,2026-09-30 14:27,2026-09-30 14:40,100.67658,13.84292,คันนายาว,คันนายาว,เครื่องสูบน้ำท้ายหมู่บ้านเพชรอนันต์ ซ.กาญจนาภิเษก 7/1 ถ.รามอินทรา แขวงคันนายาว เขตคันนายาว กทม. 10230 เสีย ยังไม่ได้รับการแก้ไข้เลยครับ ความสูงระดับหน้าแข้ง น้ำท่วมมาแล้วน้อยกว่า 1 สัปดาห์,https://storage.googleapis.com/traffy_public_bucket/attachment/2026-09/c38746087ddb7d06df9389a826e31b5f.jpeg
2026-BWGX7U,inprogress,2026-09-30 14:28,2026-10-01 17:42,100.73674,13.76317,ลาดกระบัง,คลองสองต้นนุ่น,ปัญหา: ภายในซอยแยกดังกล่าว บ้านเลขที่ 111/122 เนื่องจากเหตุอุทกภัย ต้องการความช่วยเหลือขอรับอาหารและน้ำดื่ม ซอย: เคหะร่มเกล้า 29 แยก 4-8 ถนน: เคหะร่มเกล้า เขต: ลาดกระบัง #1555,https://storage.googleapis.com/traffy_public_bucket/attachment/2022-12/da2125e781282589d482070c3dba1726aa16a4a7.jpg
2026-PFMN6V,inprogress,2026-09-30 14:30,2026-09-30 14:34,100.64134,13.78565,บางกะปิ,คลองจั่น,ปัญหา: บริเวณท้ายซอยแยกดังกล่าว ภายในหมู่บ้านฉัตรแก้ว ซอย 14 น้ำลดระดับลงแล้ว แต่บริเวณด้านหลังบ้านเลขที่ 432 ระดับน้ำท่วมขังยังไม่ลดลง ขอให้เจ้าหน้าที่ลงพื้นที่ตรวจสอบ ซอย: แฮปปี้แลนด์ 1 แยก 5 ถนน: แฮปปี้แลนด์สาย 1 เขต: บางกะปิ #1555,https://storage.googleapis.com/traffy_public_bucket/attachment/2022-12/da2125e781282589d482070c3dba1726aa16a4a7.jpg
2026-XH48LX,finish,2026-09-30 14:31,2026-10-02 15:23,100.68078,13.72943,ประเวศ,ประเวศ,อยากขอความช่วยเหลือหมู่บ้านเนอวาน่า - คัฟเวอร์ ซอยอ่อนนุช 65 น้ำท่วมขังมา 4 วันแล้ว ไม่มีท่าทีจะลดลง ไม่สามารถออกไปด้านนอกได้ และเสบียงที่ตุนไว้เริ่มหมด อยากขอความช่วยเหลือค่ะ ความสูงระดับหัวเข่า น้ำท่วมมาแล้วน้อยกว่า 1 สัปดาห์,https://storage.googleapis.com/traffy_public_bucket/attachment/2026-09/76c8d0a4dca5be6f0060d2f8622c13a5.jpeg
2026-E679KB,inprogress,2026-09-30 14:32,2026-09-30 14:50,100.61561,13.87658,บางเขน,อนุสาวรีย์,น้ำท่วมขังบริเวณในซอยรามอินทรา 5 แยก 19 น้ำลดช้ามากๆเมื่อเทียบกับถนนใกล้เคียง ความสูงระดับครึ่งหน้าแข้งครับ น้ำท่วมมาแล้วน้อยกว่า 1 สัปดาห์,https://storage.googleapis.com/traffy_public_bucket/attachment/2026-09/3bb48b5fd52fb6a062068aa1cea97dd2.jpeg
2026-E679KB,finish,2026-09-30 14:32,2026-10-09 13:10,100.61561,13.87658,บางเขน,อนุสาวรีย์,น้ำท่วมขังบริเวณในซอยรามอินทรา 5 แยก 19 น้ำลดช้ามากๆเมื่อเทียบกับถนนใกล้เคียง ความสูงระดับครึ่งหน้าแข้งครับ น้ำท่วมมาแล้วน้อยกว่า 1 สัปดาห์,https://storage.googleapis.com/traffy_public_bucket/attachment/2026-09/3bb48b5fd52fb6a062068aa1cea97dd2.jpeg
2026-W4AVP4,inprogress,2026-09-30 14:35,2026-10-02 16:40,100.6453,13.77931,บางกะปิ,คลองจั่น,ปัญหา: บริเวณบ้านเลขที่ 629 พบระดับน้ำท่วมขังสูงประมาณ 1 เมตร ส่งผลกระทบต่อการสัญจรและสร้างความเดือดร้อนให้แก่ผู้พักอาศัย ไม่สามารถเดินทางเข้าออกได้ จึงขอให้หน่วยงานที่เกี่ยวข้องเร่งดำเนินการระบายน้ำ พร้อมทั้งขอรับการสนับสนุนอาหารและน้ำดื่มสำหรับผู้ประสบภ,https://storage.googleapis.com/traffy_public_bucket/attachment/2022-12/da2125e781282589d482070c3dba1726aa16a4a7.jpg
2026-W4AVP4,finish,2026-09-30 14:35,2026-10-09 12:30,100.6453,13.77931,บางกะปิ,คลองจั่น,ปัญหา: บริเวณบ้านเลขที่ 629 พบระดับน้ำท่วมขังสูงประมาณ 1 เมตร ส่งผลกระทบต่อการสัญจรและสร้างความเดือดร้อนให้แก่ผู้พักอาศัย ไม่สามารถเดินทางเข้าออกได้ จึงขอให้หน่วยงานที่เกี่ยวข้องเร่งดำเนินการระบายน้ำ พร้อมทั้งขอรับการสนับสนุนอาหารและน้ำดื่มสำหรับผู้ประสบภ,https://storage.googleapis.com/traffy_public_bucket/attachment/2022-12/da2125e781282589d482070c3dba1726aa16a4a7.jpg
2026-FRLJ7U,inprogress,2026-09-30 14:38,2026-09-30 16:04,100.76126,13.80549,มีนบุรี,แสนแสบ,ในซอยสุวินทวงศ์22 ยังมีน้ำท่วมขังอยู่เลยค่ะ ความสูงระดับหน้าแข้ง น้ำท่วมมาแล้วน้อยกว่า 1 สัปดาห์,https://storage.googleapis.com/traffy_public_bucket/attachment/2026-09/141d814dfd423a71187edd74f89f6292.jpeg
2026-R7CXND,forward,2026-09-30 14:40,2026-09-30 15:08,100.6465,13.81429,บึงกุ่ม,นวลจันทร์,น้ำท่วมขัง ฝนตกเพียง 30 นาที น้ำก็ท่วมขังเลย น้ำระบายช้า ความสูงระดับข้อเท้า น้ำท่วมมาแล้วน้อยกว่า 3 ชั่วโมง,https://storage.googleapis.com/traffy_public_bucket/attachment/2026-09/65bb0387bb8f8de5d97bed13361a785e.jpeg
2026-G7H86K,inprogress,2026-09-30 14:42,2026-09-30 15:39,100.69133,13.69269,ประเวศ,ดอกไม้,น้ำท่วมขังตั้งวันที่ 25-30 ถึงระดับหัวเข่า ปัจจุนน้ำลดลงเหลือ 40-50 ซม. และเริ่มส่งกลิ่นเหม็น ความสูงระดับหน้าแข้ง ตั้งแต่ 25-30,https://storage.googleapis.com/traffy_public_bucket/attachment/2026-09/00c10d7ac30044844cd6b59f14e487c1.jpeg
2026-UK9Z2F,forward,2026-09-30 14:42,2026-09-30 15:39,100.66876,13.66681,ประเวศ,ดอกไม้,ต้องการให้สร้างเขื่อนกันดินคลองต้นตาล ที่อยู่ในหมู่บ้าน กฤษดานคร 21 ไปเชื่อมกับคลองปลักเปรียง และคลองปลัดเปรียงจะไปเชื่อมต่อกับคลองหนองบอน เพื่อส่งน้ำเข้าไปในบึงหนองบอนอย่างมีประสิทธิภาพ แก้ไขน้ำท่วมขังได้ดี ความสูงระดับ50 cm ทั้งหมู่บ้าน น้ำท่วมมาแล้วน้,https://storage.googleapis.com/traffy_public_bucket/attachment/2026-09/7928be8d4e35acf06d60442c7b8dbfcd.jpeg
2026-F7UVPT,inprogress,2026-09-30 14:43,2026-09-30 15:49,100.84279,13.79825,หนองจอก,ลำผักชี,ต้องการให้นำกระสอบทรายมาว่างให้ประชาชน เพื่อที่จะนำไปใช้ ภายในบ้านที่มีน้ำท่วมขัง สำนักงานเขต มีเข้ามาแต่ไม่ได้นำทรายมาให้ ๆไปตักเอง ประชาชน ไม่มีรถออก จะทำยังไงตรงนี้น้ำท่วม แล้วมีน้ำขังเข้ามา ต้องการกระสอบทราย ค่ะ ความสูงระดับหัวเข่า น้ำท่วมมาแล้วน้อยกว,https://storage.googleapis.com/traffy_public_bucket/attachment/2026-09/43d22684b6f2b1107e73b29e52521368.jpeg
2026-R8DAYW,inprogress,2026-09-30 14:43,2026-09-30 16:18,100.64547,13.77947,บางกะปิ,คลองจั่น,ปัญหา: บริเวณบ้านเลขที่ 642 พบระดับน้ำท่วมขังสูงและมีการตัดกระแสไฟฟ้า ส่งผลกระทบให้ผู้สูงอายุติดค้างอยู่ภายในบ้านพักอาศัย จำนวน 2 ราย ไม่สามารถเดินทางออกมาได้และไม่มีอาหารรับประทาน สร้างความเดือดร้อนเป็นอย่างมาก จึงขอความช่วยเหลือในการอพยพผู้ประสบภัยหรือส,https://storage.googleapis.com/traffy_public_bucket/attachment/2022-12/da2125e781282589d482070c3dba1726aa16a4a7.jpg
2026-LHM8FH,finish,2026-09-30 14:44,2026-10-02 15:04,100.61636,13.7013,พระโขนง,บางจาก,ปัญหา: ตลอดทั้งซอยแยกดังกล่าว เนื่องจากเกิดเหตุอุทกภัย ปัจจุบันน้ำลดและแห้งแล้ว แต่ประชาชนมีอาการคันและผื่นแดงบริเวณเท้าจากการแช่น้ำเป็นเวลานาน จึงมีความประสงค์ขอรับยาสำหรับอาการน้ำกัดเท้าเพื่อใช้รักษาและเตรียมไว้กรณีน้ำท่วมกลับมาอีก อีกทั้ง ขอให้หน่วยงาน,https://storage.googleapis.com/traffy_public_bucket/attachment/2022-12/da2125e781282589d482070c3dba1726aa16a4a7.jpg
2026-FHG4AG,finish,2026-09-30 14:45,2026-10-05 16:35,100.65817,13.76433,บางกะปิ,หัวหมาก,ซอยรามคำแหง 68 น้ำท่วมขังระดับหัวเข่า ตั้งแต่ 25/09/26 อยากให้ทางหน่วยงานที่รับผิดชอบหาเครื่องสูบน้ำระบายภายในซอยลงสู่คลองหน่อยค่ะ สูบไม่หมดแต่ขอให้ลดลงบ้างก็ยังดี ความสูงระดับลึกสุดก็น่าจะประมาณหัวเข่าค่ะ ไม่แน่ใจว่ากี่เซนติเมตร น้ำท่วมมาแล้วตั้งแต่ 25/0,https://storage.googleapis.com/traffy_public_bucket/attachment/2026-09/thumb_e02d6182f580b53214eafc2f52c8141c.jpg
2026-GFKZVR,inprogress,2026-09-30 14:45,2026-09-30 14:55,100.63205,13.75893,บางกะปิ,หัวหมาก,เริ่มทำความสะอาดบ้านครับ จะขออนุญาตสอบถามครับว่า ขยะถุงใหญ่ สามารถนำไปวางไว้ตรงจุดไหนได้บ้างครับ บ้านอยู่ในซอยรามคำแหง 26/2 ครับ #ขอกระสอบทราย/อื่นๆ,https://storage.googleapis.com/traffy_public_bucket/attachment/2026-09/8aa78995bbf711ba4c55cedacc98a9e2.jpeg
2026-YFGVNG,inprogress,2026-09-30 14:46,2026-10-01 21:59,100.66151,13.80905,บึงกุ่ม,คลองกุ่ม,ปัญหา: ภายในซอยดังกล่าว บ้านเลขที่ 120/45 เนื่องจากเกิดเหตุอุทกภัย จึงมีความประสงค์ขอรับความช่วยเหลือจึงด้านสิ่งของอุปโภคบริโภค สิ่งของจำเป็น ได้แก่ ผ้าห่มประมาณ 10 ผืน เสื้อผ้าสำหรับผู้ใหญ่และเด็ก โดยมีผู้พักอาศัยรวมประมาณ 6 คน เป็นผู้ใหญ่ 5 คน และเด็ก 1,https://storage.googleapis.com/traffy_public_bucket/attachment/2022-12/da2125e781282589d482070c3dba1726aa16a4a7.jpg
2026-YFGVNG,finish,2026-09-30 14:46,2026-10-09 13:12,100.66151,13.80905,บึงกุ่ม,คลองกุ่ม,ปัญหา: ภายในซอยดังกล่าว บ้านเลขที่ 120/45 เนื่องจากเกิดเหตุอุทกภัย จึงมีความประสงค์ขอรับความช่วยเหลือจึงด้านสิ่งของอุปโภคบริโภค สิ่งของจำเป็น ได้แก่ ผ้าห่มประมาณ 10 ผืน เสื้อผ้าสำหรับผู้ใหญ่และเด็ก โดยมีผู้พักอาศัยรวมประมาณ 6 คน เป็นผู้ใหญ่ 5 คน และเด็ก 1,https://storage.googleapis.com/traffy_public_bucket/attachment/2022-12/da2125e781282589d482070c3dba1726aa16a4a7.jpg
2026-AHFRWR,forward,2026-09-30 14:48,2026-10-05 16:41,100.73744,13.84335,คลองสามวา,ทรายกองดิน,สูง 30-40 cm รถเล็กผ่านไม่ได้ ขอเครื่องสูบน้ำระบายออก ความสูงระดับหัวเข่า น้ำท่วมมาแล้วน้อยกว่า 1 สัปดาห์,https://storage.googleapis.com/traffy_public_bucket/attachment/2026-09/61508c5b7fd61aa3976f1491b8c6945d.jpeg
2026-ABDKLJ,finish,2026-09-30 14:49,2026-10-05 09:10,100.62357,13.90516,สายไหม,คลองถนน,ณ วันที่ 30 กันยายน 2569 เวลา 14:44 น. บ้านเลขที่ 273/8 ซอยเพิ่มสิน 11 แยก 1-2 แขวงคลองถนน เขตสายไหม กรุงเทพมหานคร 10220 เนื่องจากเหตุการณ์ฝนตกหนักจนเกิดน้ำท่วมตาม สถานการณ์ในปัจจุบัน ปัญหาที่พบนับตั้งแต่ที่เกิดน้ำท่วมจนถึงปัจจุบัน มีน้ำท่วมขังในบ้าน ปร,https://storage.googleapis.com/traffy_public_bucket/attachment/2026-09/ac089fd8a9aa6f9a5c26b00b28fdded1.jpeg
2026-JV44YX,forward,2026-09-30 14:49,2026-09-30 14:59,100.66795,13.7905,บึงกุ่ม,คลองกุ่ม,ปัญหา: ตลอดทั้งซอยหมู่บ้าน เอื้ออาทร พบน้ำท่วมขัง ระดับสูงประมาณ 50 เซนติเมตร และได้กำลังไหลเข้าบ้านเรือนประชาชน สร้างความเดือดร้อนให้กับผู้พักอาศัยภายในหมู่บ้าน ขอให้เร่งดำเนินระบายน้ำ ซอย: เสรีไทย 43 ถนน: เสรีไทย จุดสังเกต: เข้าซอยดังกล่าวไปประมาณ 1.8 ก,https://storage.googleapis.com/traffy_public_bucket/attachment/2022-12/da2125e781282589d482070c3dba1726aa16a4a7.jpg
2026-B6ZNP3,inprogress,2026-09-30 14:52,2026-09-30 16:04,100.71662,13.81024,มีนบุรี,มีนบุรี,น้ำท่วมขังเกิน 5 วัน ไม่มีลด ช่วยสูบน้ำออกหน่อยค่ะ ความสูงระดับตรงโรงบาลเสรีรักษ์ค่ะ สูงเกินเข่าขึ้นไปมาค่ะ น้ำท่วมมาแล้วเกิน 5 วันแล้วค่ะ,https://storage.googleapis.com/traffy_public_bucket/attachment/2026-09/6467886b55fd99b59b2b9556d624e7c0.jpeg
2026-R49RA2,inprogress,2026-09-30 14:56,2026-09-30 15:50,100.71724,13.90731,คลองสามวา,สามวาตะวันตก,น้ำท่วมมา6วันแล้วน้ำเริ่มเน่าเหม็น ขอความช่วยเหลือ ยาน้ำกัดเท้า ถุงพลาสติก กระดาษทิชชู่ ยากันยุง น้ำยาฆ่าเชื่อโรค ยาแก้ปวดหัว ท้องเสีย อาหาร นมกล่องยูเอชทีสำหรับเด็ก15-20คน ถุงยังชีพ ความสูงระดับหัวเข่า น้ำท่วมมาแล้วน้อยกว่า 1 สัปดาห์,https://storage.googleapis.com/traffy_public_bucket/attachment/2026-09/a0e059cf252da175f8a80cf2379e0ad7.jpeg
2026-2YTB6L,inprogress,2026-09-30 14:57,2026-09-30 17:16,100.6074,13.8916,บางเขน,อนุสาวรีย์,น้ำท่วมขัง5 วันยังไม่ลดเลย ประชาชนลำบากมาก ความสูงระดับในซอมถึงเอว ในบ้าน หน้าแข้ง น้ำท่วมมาแล้ว5วัน,https://storage.googleapis.com/traffy_public_bucket/attachment/2026-09/09a4a840d4ce604aa148140e57a8740b.jpeg
2026-2YTB6L,finish,2026-09-30 14:57,2026-10-09 14:30,100.6074,13.8916,บางเขน,อนุสาวรีย์,น้ำท่วมขัง5 วันยังไม่ลดเลย ประชาชนลำบากมาก ความสูงระดับในซอมถึงเอว ในบ้าน หน้าแข้ง น้ำท่วมมาแล้ว5วัน,https://storage.googleapis.com/traffy_public_bucket/attachment/2026-09/09a4a840d4ce604aa148140e57a8740b.jpeg
2026-2K966F,inprogress,2026-09-30 14:58,2026-10-01 09:30,100.62938,13.93041,สายไหม,สายไหม,แจ้งปันหาค่ะ ถนนหน้าบ้านไม่มีรางน้ำ พอฝนตกน้ำไหลเข้าบ้านท่วมทุกครั้งเลยค่ะ ความสูงระดับครึ่งขาค่ะ น้ำท่วมมาแล้วทุกครั้งที่ฝนตกค่ะ,https://storage.googleapis.com/traffy_public_bucket/attachment/2026-09/828c34e15945dc943782641ba7b6a59d.jpeg
2026-AC3D89,inprogress,2026-09-30 14:58,2026-09-30 15:11,100.64869,13.72437,สวนหลวง,สวนหลวง,น้ำในซอยพัฒนาการ 58 ยังสูง รถเล็กเข้าออกจากหมู่บ้าน ท้ายซอย 200 กว่าหลังคาเรือนไม่ได้ หากน้ำลดลงแค่ 10-15 ซม จะเข้าออกกันได้ ไม่ต้องให้แห้ง กทม มีปั้มใหญ่อยู่ปลายซอย 58 แต่ยังไม่เปิด ช่วยใน จนท เปิดปั้มด้วย ครับ ความสูงระดับประมาณ 30-45 ซม ครับ น้ำท่วมมาแ,https://storage.googleapis.com/traffy_public_bucket/attachment/2026-09/9feb7b1df8f27ea63bb2240a89ecb5fc.jpeg
2026-AC3D89,finish,2026-09-30 14:58,2026-10-08 14:02,100.64869,13.72437,สวนหลวง,สวนหลวง,น้ำในซอยพัฒนาการ 58 ยังสูง รถเล็กเข้าออกจากหมู่บ้าน ท้ายซอย 200 กว่าหลังคาเรือนไม่ได้ หากน้ำลดลงแค่ 10-15 ซม จะเข้าออกกันได้ ไม่ต้องให้แห้ง กทม มีปั้มใหญ่อยู่ปลายซอย 58 แต่ยังไม่เปิด ช่วยใน จนท เปิดปั้มด้วย ครับ ความสูงระดับประมาณ 30-45 ซม ครับ น้ำท่วมมาแ,https://storage.googleapis.com/traffy_public_bucket/attachment/2026-09/9feb7b1df8f27ea63bb2240a89ecb5fc.jpeg
2026-DN3E3F,inprogress,2026-09-30 14:59,2026-09-30 15:19,100.61991,13.94766,ดอนเมือง,สนามบิน,น้ำท่วมขังในหมู่บ้านพิพรพงษ์ 2 ครับ ซอยวิภาวดีรังสิต 84 น้ำขังแน่นิ่งพร้อมส่งกลิ่นเหม็นมาตั้งแต่วันที่ 27 ครับ ยังไม่ได้รับระบายน้ำแต่อย่างใดครับ ความสูงระดับเอว น้ำท่วมมาแล้วน้อยกว่า 1 สัปดาห์,https://storage.googleapis.com/traffy_public_bucket/attachment/2026-09/c22ef97bb01c6858af1870682947881b.jpeg
2026-VEN6J3,forward,2026-09-30 15:01,2026-09-30 15:13,100.62662,13.75508,บางกะปิ,หัวหมาก,เหมือนด้านหลังสนามสนามกีฬา ประตูหลังราม สนามกีฬาราชมัง กกท. เค้าสูบน้ำออกมาลงท่อ ตรงท่อนั้นน่ะ มันมาออกที่หน้าหมู่บ้านศิขริน ราม24 แยก 30 แล้วน้ำมันก็เลยดันมาเข้าหมู่บ้านอีกแล้ว พึ่งแห้งเมื่อเช้าตอนนี้รถเล็ก เข้า-อแกไม่ได้อีกแล้วค่ะ ความสูงระดับข้อเท้า น้,https://storage.googleapis.com/traffy_public_bucket/attachment/2026-09/thumb_fcd379311c3f3236c8d4e1caa7e2820c.jpg
2026-637R9V,finish,2026-09-30 15:02,2026-10-01 08:50,100.62614,13.75394,บางกะปิ,หัวหมาก,น้ำค่อยๆดันกลับมาใหม่อีกแล้วจังจากสักครู่นี้แห้งไปแล้ว ตอนนี้น้ำกำลังขึ้นมาใหม่ ความสูงระดับจากที่แห้งไปแล้วกลับมาใหม่ น้ำท่วมมาแล้วแจ้งไปแล้วไม่เคยจะจำกัน,https://storage.googleapis.com/traffy_public_bucket/attachment/2026-09/fa74d5f1b4d5044a29cec799f9b6baf0.jpeg
2026-X4RBRW,inprogress,2026-09-30 15:05,2026-09-30 15:49,100.69391,13.7397,สะพานสูง,สะพานสูง,น้ำท่วมหมู่บ้านนักกีฬา ท่วมเข้าบ้านที่พักอาศัย มาเป็นเวลา 6 วันแล้วค่ะ น้ำเน่าแล้วค่ะ อยากทราบเรื่องการสูบน้ำหรือระบายน้ำค่ะ มีความจำเป็นต้องไปทำงานข้างนอกแต่ไปไม่ได้สักทีค่ะ รอความช่วยเหลืออยู่ค่ะ ความสูงระดับหัวเข่า 6 วันล้ะค่ะ,https://storage.googleapis.com/traffy_public_bucket/attachment/2026-09/ff01f086bb13bb4e5f5bb93a9c8b486c.jpeg
2026-6ZPE4F,inprogress,2026-09-30 15:09,2026-09-30 15:49,100.70262,13.77546,สะพานสูง,สะพานสูง,น้ำท่วมขังในซอยราษฎร์พัฒนา 14 เขตสะพานสูง ตั้งแต่วันแรกที่ท่วมจนวันนี้ก็ยังสูงมาก น้ำสูงสุดประมาณ 40 ซม. การเดินทางลำบากมาก ต้องเดินลุยน้ำออกไปทุกวันค่ะ ความสูงระดับประมาณ 45 ซม. ค่ะ น้ำท่วมมาแล้ว5 วันแล้วค่ะ,https://storage.googleapis.com/traffy_public_bucket/attachment/2026-09/95e8cda25ebcd54757aaac7ca669abb7.jpeg
2026-3YZ7MF,inprogress,2026-09-30 15:10,2026-09-30 15:49,100.83686,13.78089,หนองจอก,ลำผักชี,หมู่บ้านวัฒนา 2 ซอยสังฆประชา แขวงลำผักชี เขตหนองจอก กทม. น้ำท่วมขังมาหลายวันแล้วค่ะ น้ำจะเน่าแล้วค่ะ เริ่มมีปลิงแล้ว ไม่มีหน่วยงานเข้ามาช่วยเหลือใด ๆ ความสูงระดับน้ำท่วมประมานหน้าแข้งค่ะ บางจุดกลางซอยหมู่บ้านถึงหัวเข่า รถเก๋งไม่สามารถเข้าออกได้ น้ำท่วมมาแ,https://storage.googleapis.com/traffy_public_bucket/attachment/2026-09/d5fa2df855109231c61d2dc00e9db372.jpeg
2026-XYLTAC,inprogress,2026-09-30 15:11,2026-09-30 15:33,100.68085,13.6857,ประเวศ,ดอกไม้,น้ำท่วมขัง ไม่ระบายซักที ความสูงระดับบางจุดเกือบครึ่งล้อรถค่ะ รถเล็กเข้าออกลำบาก น้ำท่วมมาแล้วน้อยกว่า 1 สัปดาห์,https://storage.googleapis.com/traffy_public_bucket/attachment/2026-09/thumb_5ee9fcd1c47cfe93faee2a64045e6d4f.jpg
2026-H9UFFR,inprogress,2026-09-30 15:13,2026-09-30 16:04,100.75936,13.82471,มีนบุรี,แสนแสบ,น้ำจากคลองแสนแสบออกมาจากซ.ราษฎร์อุทิศ5และซ.ข้างๆแล้ว มาลดการขยายน้ำท่วมหน่อย ถ้าท่วมถนนอีกลำบากปลิงเยอะ ความสูงระดับตาตุ่ม น้ำไหลแรง กินประมาณเลนซ้ายแล้วจ้ะ น้ำท่วมมาแล้วเพิ่งเห็นเมื่อชั่วโมงที่แล้วได้,https://storage.googleapis.com/traffy_public_bucket/attachment/2026-09/thumb_d260fc42d07b01c319dc6567e746f52c.jpg
2026-UY9U7R,inprogress,2026-09-30 15:13,2026-09-30 15:33,100.68245,13.68041,ประเวศ,ดอกไม้,ตอนเช้าน้ำหน้าถนน ยุบลงไปละ แต่ตอนนี้กับเพิ่มขึ้นมา ความสูงระดับข้อเท้า 4 วัน,https://storage.googleapis.com/traffy_public_bucket/attachment/2026-09/5d4544ed2f3fa3defceaed6534dac3cf.jpeg
2026-F66NT8,inprogress,2026-09-30 15:15,2026-09-30 16:15,100.72202,13.81662,มีนบุรี,มีนบุรี,บริเวณปากซอยหทัยราษฎร์ ออกถนนสุวินทวงศ์ น้ำท่วมขังสูงมา 4-5 วันแล้ว ประชาชนในซอยหทัยราษฎร์ไม่สามารถเดินทางออกไปทำงานได้ เนื่องจากรถเล็กและมอเตอร์ไซต์ วิ่งผ่านไม่ได้ อีกทั้งรถตู้ รถสองแถว ยังไม่กลับมาวิ่ง ทำให้ประชาชนที่ไม่มีรถยนต์ส่วนตัวไม่สามรถออกมาต่อรถ,https://storage.googleapis.com/traffy_public_bucket/attachment/2026-09/a1b27cf5913284657987d5447a4e2d6d.jpeg
2026-VU43EM,start,2026-09-30 15:16,2026-09-30 15:16,100.77027,13.75349,ลาดกระบัง,ลำปลาทิว,ปัญหา: บนถนนดังกล่าว ตลอดทั้งเส้น พบน้ำท่วมขัง ระดับน้ำสูง เนื่องจากฝนตกหนัก สร้างความเดือดร้อนให้กับผู้พักอาศัยบริเวณดังกล่าว ขอให้เร่งดำเนินการระบายน้ำ ถนน: เจ้าคุณทหาร เขต: ลาดกระบัง #1555,https://storage.googleapis.com/traffy_public_bucket/attachment/2022-12/da2125e781282589d482070c3dba1726aa16a4a7.jpg
2026-M39L8A,inprogress,2026-09-30 15:18,2026-09-30 15:20,100.64538,13.7793,บางกะปิ,คลองจั่น,ปัญหา: ภายในซอยดังกล่าว บ้านเลขที่ 629 ประสบปัญหาน้ำท่วมขังในบ้านเรือนสูงประมาณ 1 เมตร มานานกว่า 5 วัน จนน้ำเริ่มส่งกลิ่นเหม็นและเน่าเสีย ต้องการขอรับการสนับสนุนลูกบอลชีวภาพ (EM Ball) หรือสารบำบัดน้ำเสีย เพื่อนำมาบรรเทาปัญหาน้ำเน่าขังภายในบ้านและบริเวณชุม,https://storage.googleapis.com/traffy_public_bucket/attachment/2022-12/da2125e781282589d482070c3dba1726aa16a4a7.jpg
2026-4GPF3Z,forward,2026-09-30 15:19,2026-09-30 15:21,100.66473,13.78378,บึงกุ่ม,คลองกุ่ม,หมู่บ้านนวธานีเสรีไทย 59 น้ำท่วม 3 วันแล้ว น้ำไม่ลดเลย สัญจรภายในหมู่บ้านไม่ได้ ปัจจุบันยังต้องใช้รถ 6 ล้อ กรุณาแวะเข้ามาหน้างานด้วยค่ะ ติดกันกับหมู่บ้านเราคือเสรีไทย 57 ค่ะ ขอบคุณล่วงหน้านะคะ ความสูงระดับภาพภายในถนนเมน ของหมู่บ้าน 65 เช็นค่ะ น้ำท่วมมา,https://storage.googleapis.com/traffy_public_bucket/attachment/2026-09/5f1e15c2277cde04bd42e03f3f65bc8a.jpeg
2026-M99XKT,inprogress,2026-09-30 15:19,2026-10-01 09:29,100.63027,13.92589,สายไหม,สายไหม,ปัญหา: ภายในหมู่บ้านดังกล่าว บ้านเลขที่ 701/10 เนื่องจากเหตุอุทกภัย ต้องการความช่วยเหลือในการอพยพผู้พิการ จำนวน 1 ท่าน ขอให้หน่วยงานที่เกี่ยวข้องเร่งดำเนินการช่วยเหลือ คุณสุดใจ 0808849644 บ้านเลขที่: 701/10 หมู่บ้าน: กม. 24 ซอย: พหลโยธิน 54/1 แยก 7 ถนน,https://storage.googleapis.com/traffy_public_bucket/attachment/2022-12/da2125e781282589d482070c3dba1726aa16a4a7.jpg
2026-FKUFXG,inprogress,2026-09-30 15:24,2026-10-01 09:27,100.66829,13.90265,สายไหม,ออเงิน,รบกวนช่วยกำจัดผักตบชวาด่วน คลองที่อยู่ระหว่าง ซอยสุขภาภิบาล 5 ซอย 58-60 ติดหมู่บ้านกลางเมืองวัชรพล เนื่องจากระบายน้ำไม่ได้ค่ะ ความสูงระดับหัวเข่า น้ำท่วมมาแล้วน้อยกว่า 1 สัปดาห์,https://storage.googleapis.com/traffy_public_bucket/attachment/2026-09/57f47e84b1c6969b948d3e4e344b55bd.jpeg
2026-7PH2EH,inprogress,2026-09-30 15:27,2026-09-30 15:49,100.67128,13.72015,ประเวศ,ประเวศ,อ่อนนุข57 แยก 2 น้ำท่วมขังน้ำเน่าเสีย เดินลุยน้ำตลอดท่อระบายน้ำตันท่อน้ำไม่ระบายท่วมตลอดไม่มีการแก้ไขเป็นอยู่ซอยเดียวช่วยหาทางแก้ไขให้หน่อยครับเดือดร้อนมากครับ น้ำท่วมมา 6วันแล้วน้ำเริ่มเน่าไม่มีหน่วยงานไหนเขามาแก้ไข ความสูงระดับหัวเข่า น้ำท่วมมาแล้วมากกว,https://storage.googleapis.com/traffy_public_bucket/attachment/2026-09/0c18a36e8a834511882fad5eafbe9399.jpeg
2026-3YGVNA,start,2026-09-30 15:33,2026-09-30 15:33,100.77198,13.72222,ลาดกระบัง,ลาดกระบัง,ช่วยเร่งระบายน้ำฝั่งลาดกระบังทีค่ะ ส่งกลิ่นเหม็นและมีปลิงแล้ว เดินทางไปทำงานสนามบินไม่ได้สะดวกเลยค่ะ ข้าวน้ำในร้านสะดวกซื้อก็ไม่มี รถเวียน รถขนส่งช่วยเหลือประชาชนก็ไม่มี หนูไปทำงานสนามบินไม่ได้ เวลาเข้าออกงานไท่ได้ชนกับคนส่วนใหญ่ค่ะ จะให้เดินลุยน้ำไปยังจ,https://storage.googleapis.com/traffy_public_bucket/attachment/2026-09/d3b4637809188b0566376807aabc2ec6.jpeg
2026-ZAPM7K,inprogress,2026-09-30 15:34,2026-09-30 15:49,100.65679,13.72414,ประเวศ,ประเวศ,น้ำท่วมขังซอยพัฒนาการ 78 30 ซม น้ำท่วมมาแล้วน้อยกว่า 1 สัปดาห์,https://storage.googleapis.com/traffy_public_bucket/attachment/2026-09/c9222eece3682f973a1198506be1a817.jpeg
2026-6WKZEW,forward,2026-09-30 15:37,2026-09-30 15:38,100.62572,13.7547,บางกะปิ,หัวหมาก,เมื้อเช้าน้ำในซอย 24 แยก 28 แห้งสนิททั้งซอย แต่ขณะนี้ 15.30 กลับมาท่วมอีก ตอนนี้ท่วมฟุตบาทแล้ว คาดว่ามาจาก กกท.ระบายน้ำลงท่อที่เชื่อมต่อกับถนนที่ทำใหม่ ซึ่งน้ำไหลมาลงในซอยนี้ค่ะ ถ้าสูบม่หมดซอยนี้ท่วทหนักเหทือนเดิมค่ะ ช่วยแจ้งแก้ไขด่วนเลยนะคะ ความสูงระดับข,https://storage.googleapis.com/traffy_public_bucket/attachment/2026-09/ba92cbde6ee4c7e4b789f5018c6b9779.jpeg
2026-8UFUR3,inprogress,2026-09-30 15:37,2026-09-30 15:54,100.67278,13.6852,ประเวศ,หนองบอน,ปัญหา: บริเวณบ้านเลขที่ 148 พบระดับน้ำท่วมขังและเริ่มไหลเข้าสู่ภายในบ้าน เนื่องจากระดับพื้นบ้านต่ำกว่าระดับซอย ส่งผลกระทบให้ผู้พักอาศัยได้รับความเดือดร้อน โดยมีผู้พักอาศัยรวม 4 ราย และมีผู้ป่วยติดเตียงอยู่ชั้นล่างจำนวน 1 ราย ไม่สามารถเคลื่อนย้ายเองได้ จึง,https://storage.googleapis.com/traffy_public_bucket/attachment/2022-12/da2125e781282589d482070c3dba1726aa16a4a7.jpg
2026-BX3NRH,inprogress,2026-09-30 15:37,2026-09-30 15:49,100.80733,13.83464,หนองจอก,โคกแฝด,น้ำท่วมบริเวณถนนเลียบวารี 79 และบ้านเรือน ริมถนน ความสูงระดับหน้าแข้ง น้ำท่วมมาแล้วน้อยกว่า 1 สัปดาห์,https://storage.googleapis.com/traffy_public_bucket/attachment/2026-09/a1176bb70437b5e21a4e60ebbdbac5ce.jpeg
2026-P6WV7M,inprogress,2026-09-30 15:37,2026-09-30 15:58,100.68739,13.80248,คันนายาว,คันนายาว,ขอที่สูบน้ำ มาช่วยสูบน้ำออกหน่อยค่ะ ช่วงกลางซอยสวนสยาม24 น้ำยังลึกอยู่เลย รถเล็กไม่สามารถออกไปได้ ความสูงระดับหัวเข่า น้ำท่วมมาแล้วน้อยกว่า 1 สัปดาห์,https://storage.googleapis.com/traffy_public_bucket/attachment/2026-09/bb4e6fbe9c59b1b419d3a1a0179d9e54.jpeg
2026-3R7UV4,forward,2026-09-30 15:42,2026-09-30 15:52,100.9044,13.83736,หนองจอก,กระทุ่มราย,แจ้งน้ำเอ่อท่วมถนนสังฆสันติสุข ช่วงลงสะพานจากสนามกอล์ฟ เดอะไพน์ไปหนองจอก ระดับน้ำสูงรถเล็ก มอเตอร์ไซค์ผ่านลำบาก น้ำเข้ารถดับหลายคัน ใครอยู่บ้านฝั่งนี้คือเดินทางลำบากมาก เพื่อจะเข้าไปทำงาน เพราะน้ำล้อมทุกทาง อยากให้มีกระสอบทรายมากั้นเพื่อลดระดับน้ำที่ลึกให,https://storage.googleapis.com/traffy_public_bucket/attachment/2026-09/thumb_ecf68f89494d7f8872341bcbf9d9b390.jpg
2026-L6AUDN,finish,2026-09-30 15:43,2026-10-05 16:24,100.65738,13.76583,บางกะปิ,หัวหมาก,ซอยรามคำแหง 68 หมู่บ้าน 5 กะรัต น้ำท่วมเข้าบ้านทุกหลังค่ะ ความสูงระดับหน้าแข้ง น้ำท่วมมาแล้วน้อยกว่า 1 สัปดาห์,https://storage.googleapis.com/traffy_public_bucket/attachment/2026-09/c2f2d5f9712205fe28f762b6de8f7de6.jpeg
2026-K76NK7,forward,2026-09-30 15:46,2026-10-01 09:19,100.61681,13.89974,สายไหม,คลองถนน,น้ำขังหลายวันแล้วค่ะน้ำเริ่มเน่าแล้วก็จำนวนขยะในซอยเยอะ ความสูงระดับหน้าแข้ง น้ำท่วมมาแล้วน้อยกว่า 1 สัปดาห์,https://storage.googleapis.com/traffy_public_bucket/attachment/2026-09/357cd34705a7d207decc1dcff8bf230a.jpeg
2026-FUZTUZ,inprogress,2026-09-30 15:49,2026-09-30 15:52,100.81459,13.80123,หนองจอก,ลำผักชี,หมู่บ้านโรยัล ปาร์ตวิลล์ สุวินทวงศ์ น้ำท่วมมาตั้งแต่วันศุกร์แล้วค่ะ ไม่มีหน่วยงานไหนมาดูเลย น้ำไม่ลดลงเลย มีแต่เพิ่มขึ้น ที่อื่นลดกันหมดแล้ว เดือดร้อนคะ ออกไปทำงานไม่ได้ น้ำขังเกิน 5 วันแล้ว มาช่วยสูบน้ำหน่อยก็ยังดี ไท่ได้ต้องการข้าวกล่อง แต่ต้อวการให้มาแ,https://storage.googleapis.com/traffy_public_bucket/attachment/2026-09/498adbe9fb93fdd2a67571c762cc616c.jpeg
2026-GBPGY2,finish,2026-09-30 15:49,2026-10-01 08:48,100.62572,13.7547,บางกะปิ,หัวหมาก,ถ้าเป็นไปได้ขอท่อระบายจุดนี้เ ปากซอย24 แยก 28 ลยได้มั้ยคะ เพราะทุกครั้งที่ฝนตก ซอยนี้จะกลายเป็นที่รับน้ำทั้งหมดจากถนนใหญ่เลยค่ะ ความสูงระดับข้อเท้า น้ำท่วมมาแล้วน้อยกว่า 1 ชั่วโมง,https://storage.googleapis.com/traffy_public_bucket/attachment/2026-09/c762bd8041bfdbfc24e0f373dc3befa8.jpeg
2026-L9P4U2,forward,2026-09-30 15:52,2026-09-30 16:20,100.61226,13.90179,ดอนเมือง,สนามบิน,น้ำท่วมไม่ยุบลงเลยเดือดร้อนเรื่องการเดินทางมากๆเหมือนไม่มีการแก้ปัญหาเลย ความสูงระดับหน้าแข้ง น้ำท่วมมาแล้วน้อยกว่า 1 สัปดาห์,https://storage.googleapis.com/traffy_public_bucket/attachment/2026-09/2ec92e36fc8c1c271a06cdd3e218fc26.jpeg
2026-P3BUDW,finish,2026-09-30 15:53,2026-09-30 16:56,100.63762,13.70187,สวนหลวง,สวนหลวง,ปัญหา: ภายในซอยดังกล่าว บริเวณบ้านเลขที่ 102/20 อาคารพาณิชย์ ชั้น 2 มีผู้พักอาศัยอยู่ลำพัง และประสบอุทกภัย ทำให้ได้รับความเดือดร้อนในการดำรงชีวิต จึงมีความประสงค์ขอรับความช่วยเหลือเครื่องอุปโภคบริโภค เช่น ข้าวสารและอาหารแห้ง ซอย: ดาราฉาย 1/1 ถนน: อ่อนนุช ,https://storage.googleapis.com/traffy_public_bucket/attachment/2022-12/da2125e781282589d482070c3dba1726aa16a4a7.jpg
2026-URUTZG,inprogress,2026-09-30 15:57,2026-09-30 22:07,100.89403,13.84973,หนองจอก,กระทุ่มราย,ถนนเข้าบ้านท่วม 20 cm 3วัน,https://storage.googleapis.com/traffy_public_bucket/attachment/2026-09/0a8f820acd5f2af5e2d7b3f1fd87c81f.jpeg
2026-P4PWTU,finish,2026-09-30 15:59,2026-09-30 17:20,100.65889,13.8606,บางเขน,ท่าแร้ง,ต้องการกระสอบทรายจำนวน10ถุง เพราะน้ำที่บ้านยังไม่ลดและฝนยังคงตกต่อเนื่อง ไม่สามารถไปรับทรายด้วยตัวเองได้เพราะรถไม่สามารถเอาออกไปได้และอยู่บ้านคนเดียว ความสูงระดับหน้าแข้ง น้ำท่วมมาแล้ว5วันค่ะ,https://storage.googleapis.com/traffy_public_bucket/attachment/2026-09/0a64904272ef7d03d052f3cd805531a4.jpeg
2026-HBGUX9,inprogress,2026-09-30 16:03,2026-09-30 21:55,100.60828,13.95265,ดอนเมือง,สนามบิน,ปัญหา: ภายในซอยวิภาวดีรังสิต 41 ไปประมาณ 1 กิโลเมตร บ้านเลขที่ 137/226 เนื่องจากเกิดเหตุอุทกภัย จึงมีความประสงค์ขอรับความช่วยเหลือด้านกระสอบทราย ถนน: วิภาวดรังสิต เขต: ดอนเมือง #1555,https://storage.googleapis.com/traffy_public_bucket/attachment/2022-12/da2125e781282589d482070c3dba1726aa16a4a7.jpg
2026-W79D23,finish,2026-09-30 16:03,2026-10-05 16:23,100.66032,13.76358,บางกะปิ,หัวหมาก,น้ำท่วมขังมา 4 วันแล้ว เร่งระบายน้ำให้หน่อยครับ ความสูงระดับหน้าแข้ง น้ำท่วมมาแล้วน้อยกว่า 1 สัปดาห์,https://storage.googleapis.com/traffy_public_bucket/attachment/2026-09/thumb_ee8df6e10b5202c9c90982f9a17e69c6.jpg
2026-7PWDDE,start,2026-09-30 16:07,2026-09-30 16:07,100.72694,13.77265,ลาดกระบัง,คลองสองต้นนุ่น,น้ำท่วม ทรัพย์สินเสียหายหลายรายการ ในบ้านท่วมประมาณ 10 ซม.ตั้งแต่ 25 ถึง 29 กย.69 ความสูงระดับข้อเท้า น้ำท่วมมาแล้วน้อยกว่า 1 สัปดาห์,https://storage.googleapis.com/traffy_public_bucket/attachment/2026-09/89e9cda35b13a653cc8ea0757313bee7.jpeg
2026-4EMEBX,inprogress,2026-09-30 16:08,2026-10-02 17:20,100.75405,13.81531,มีนบุรี,แสนแสบ,น้ำท่วมสูง ท่วมขัง 5 วันแล้ว รถเล็กผ่านไม่ได้ หน้า cpf มีนบุรี 2 ความสูงระดับหัวเข่า น้ำท่วมมาแล้วมากกว่า 1 สัปดาห์,https://storage.googleapis.com/traffy_public_bucket/attachment/2026-09/ad483f1e757f70af291aa323b0331c45.jpeg
2026-7U7NZ8,finish,2026-09-30 16:08,2026-10-03 18:43,100.62527,13.77531,วังทองหลาง,พลับพลา,ปัญหา: ภายในซอยแยกดังกล่าว พบระดับน้ำท่วมขังสูง เอ่อล้นเข้าบ้านเรือน ส่งผลกระทบทำให้ทรัพย์สินได้รับความเสียหายและสร้างความเดือดร้อนให้แก่ผู้พักอาศัยในบริเวณดังกล่าว จึงขอให้หน่วยงานที่เกี่ยวข้องเร่งดำเนินการแก้ไขปัญหาน้ำท่วม สูบน้ำออก และสนับสนุนกระสอบทรา,https://storage.googleapis.com/traffy_public_bucket/attachment/2022-12/da2125e781282589d482070c3dba1726aa16a4a7.jpg
2026-W9W4HH,inprogress,2026-09-30 16:08,2026-10-02 16:38,100.67207,13.73215,ประเวศ,ประเวศ,น้ำท่วมในบ้านและซอย สูงเท่าเอวมา 5 วันแล้ว ไม่ลดลงสักนิด ได้พยายาทช่วยตรงพัฒนาการ 65 บ้างมั้ยนะคะ หรือผันน้ำจากในเมืองมาลงอีก ทางนี้ก็เดือดร้อนมากนะคะ เดินทางไปไหนก็ไม่ได้ ออกไปข้างนอกก็ไม่ได้ ไม่มีใครมาดูสักคน อาหารในบ้านก็จะหมด แจ้งทุกวันบอกจะหาคนมาช่วย,https://storage.googleapis.com/traffy_public_bucket/attachment/2026-09/04b208f4c7c788f5f97a7f0d016135a8.jpeg
2026-X9N63F,inprogress,2026-09-30 16:08,2026-10-02 17:20,100.70041,13.81649,มีนบุรี,มีนบุรี,น้ำท่วมขัง ความสูงระดับเลยเข้าค่ะ น้ำท่วมมาแล้ว4 วัน,https://storage.googleapis.com/traffy_public_bucket/attachment/2026-09/73b5213c6e45e95409e8e0022cb237c8.jpeg
2026-HJB94C,inprogress,2026-09-30 16:10,2026-10-02 17:21,100.73807,13.82219,มีนบุรี,มีนบุรี,มีน้ำท่วมขังจากแยกมีนบุรีจนถึงแยกนิมิตใหม่ท่วมขังมา6วันแล้วน้ำยังไม่ลดลงโดยเฉพาะถนนฝั่งซ้ายหมู่บ้านที่อยู่แถวนี้ไม่สามารถออกไปทำงานหรือทำธุระใดใดได้เลยเนื่องจากน้ำสูงรถเล็กไม่สามารถผ่านได้อยากให้ทางกทม.ช่วยนำเครื่องสูบน้ำมาช่วยสูบน้ำเพื่อลดระดับน้ำที่ถนน ,https://storage.googleapis.com/traffy_public_bucket/attachment/2026-09/1834c7b334a561712d916910e007dd3b.jpeg
2026-V4DADH,inprogress,2026-09-30 16:10,2026-10-02 17:21,100.75592,13.80519,มีนบุรี,แสนแสบ,รบกวนเข้ามาดูในซอยบึงขวางซอย2 หน่อยได้มั้ยครับ ตอนนี้น้ำท่วมทั้งซอย ขึ้นถนนหลักไปแห้งสนิท ท่อน้ำไม่มีการระบายออกใดๆเลย ถ้าเป็นไปได้อยากให้ใช้เครื่องสูบน้ำระบายที่ถนนหลักบึงขวางเพื่อให้รถเล็กสัญจรได้ครับ รถเล็กสัญจรไม่ได้เลยนอกจากรถใหญ่ ตอนนี้เดินลุยน้ำจนน,https://storage.googleapis.com/traffy_public_bucket/attachment/2026-09/thumb_3dbe1aae1d590b75dc40d607dd5c20cb.jpg
2026-FUDHEE,start,2026-09-30 16:13,2026-09-30 16:13,100.75798,13.74627,ลาดกระบัง,คลองสามประเวศ,ปัญหา: ตลอดทั้งซอยดังกล่าว พบน้ำท่วมขัง ระดับน้ำสูงประมาณ 40 เซนติเมตร เนื่องจากฝนตกหนัก และน้ำกำลังไหลเข้าบ้านเรือนประชาชน สร้างความเดือดร้อนให้กับผู้พักอาศัยบริเวณดังกล่าว ขอให้เร่งดำเนินการระบายน้ำ ซอย: ไอ.ซี.ดี 6 ถนน: ร่มเกล้า จุดสังเกต: บริเวณหลัง โร,https://storage.googleapis.com/traffy_public_bucket/attachment/2022-12/da2125e781282589d482070c3dba1726aa16a4a7.jpg
2026-VREP4D,inprogress,2026-09-30 16:15,2026-09-30 16:25,100.68874,13.80442,คันนายาว,คันนายาว,แจ้งปัญหานํ้าท่วมขัง นานกว่า 5 วันแล้ว ปัจจุบันนํ้าเน่า กังวลว่าจะส่งผลต่อสุขภาพ เช่น โรคฉี่หนู โรคไข้เลือดออก เป็นต้น นอกจากนี้ ยังพบปัญหาขยะสะสม จนเริ่มส่งกลิ่นเหม็น รบกวนแก้ปัญหาหน่อยครับ ความสูงระดับหน้าแข้ง น้ำท่วมมาแล้วน้อยกว่า 1 สัปดาห์,https://storage.googleapis.com/traffy_public_bucket/attachment/2026-09/d923938282b9d8076e7a6e635cdb223d.jpeg
2026-GG8MBC,inprogress,2026-09-30 16:18,2026-09-30 17:11,100.69193,13.718,ประเวศ,ประเวศ,น้ำท่วมขังซอยอ่อนนุช 86 (ซอยสามบาท) ความสูงระดับหัวเข่าค่ะ มอไซยังขับไม่ได้ น้ำท่วมมาแล้วเกิน 3 วันค่ะ,https://storage.googleapis.com/traffy_public_bucket/attachment/2026-09/3322875d4c98692f8d640c175d05d323.jpeg
2026-Z3NVM4,inprogress,2026-09-30 16:18,2026-09-30 17:13,100.6917,13.71602,ประเวศ,ประเวศ,เร่งสูบน้ำหน่อยค่ะ มีกลิ่นเหมนแล้ว ความสูงระดับข้อเท้า น้ำท่วมมาแล้ว6วัน,https://storage.googleapis.com/traffy_public_bucket/attachment/2026-09/a7f783854dff0a69a2f3b092b6fc1cd0.jpeg
2026-ADHURF,inprogress,2026-09-30 16:20,2026-09-30 18:40,100.68932,13.66934,ประเวศ,ดอกไม้,ตอนนี้มีการนำเครื่องสูบน้ำมาเพิ่ม2เครื่องรอบบริเวณทุ่งเศรษฐีน้ำแห้ง ในซอยน้ำยังสูงอบากได้ทรายและถุงยังชีพ ◌้พราะไม่มีข้างกล่อง/น้ำดื่มมาแจก เมื่อตืนมาตอน1ทุ่ม ผู้สูงอายุหลายคนเดินไปนับปากซอยไม่ไหวเพราะลื่น พวกที่ได้รับกลายเป็นคนต่างชาติลาว/พม่าสุด.อยหลายบ,https://storage.googleapis.com/traffy_public_bucket/attachment/2026-09/266476d231ebd3a6a1ae67c1af47e6e5.jpeg
2026-ETTAUJ,inprogress,2026-09-30 16:20,2026-10-02 17:21,100.75862,13.82641,มีนบุรี,แสนแสบ,ตอนนี้ได้รับผลกระทบอย่างมาก ต้องการกระสอบทรายจำนวนมาก เนื่องจากมีบ้านเรือนที่น้ำเข้าจำนวน 10 กว่าหลังคาเรือน ส่วมใหญ่เป็นบ้านชั้นเดียว น้ำดข้าภายในตัวบ้าน นานกว่า 5 วันแล้ว ไม่มีหน่วยงานใดติดต่อหรือให้ความช่วยเหลือเลย และไม่สามารถเดินทางออกไปรับกระสอบทราย,https://storage.googleapis.com/traffy_public_bucket/attachment/2026-09/6f5eb62c9f6da6eb8c738e774e2a17d0.jpeg
2026-VXYHCK,forward,2026-09-30 16:21,2026-09-30 17:34,100.6668,13.78072,บึงกุ่ม,คลองกุ่ม,ซอย37 น้ำท่วมขับหลายวันตอนนี้เน่าเสียส่งกลิ่นเหม็นเน่าแล้วครับ ความสูงระดับหัวเข่า น้ำท่วมมาแล้วน้อยกว่า 1 สัปดาห์,https://storage.googleapis.com/traffy_public_bucket/attachment/2026-09/cc31454e91d44cbb5ae5d0dd0aa198ce.jpeg
2026-6HZREW,inprogress,2026-09-30 16:22,2026-10-02 17:18,100.7126,13.78886,มีนบุรี,มีนบุรี,น้ำท่วมขังในซอย2 ของหมู่บ้านเพอร์เฟคเพลส มาตั้งแต่วันเสาร์ที่ 26 กย 2569 ถึงวันนี้ 30 กย 2569 เป็นเวลา 5 วันแล้ว รถเล็กออกไปด้านนอกไม่ได้ หากมึเครื่องสูบน้ำมาช่วยสูบน้ำระบายออกไปจะช่วยได้มาก 25-30 cm 5 วีน,https://storage.googleapis.com/traffy_public_bucket/attachment/2026-09/12841674f751100a0f9a97a2acb13a45.jpeg
2026-7UCC8P,inprogress,2026-09-30 16:22,2026-09-30 18:27,100.67536,13.78605,บึงกุ่ม,คลองกุ่ม,ปัญหา: ภายในหมู่บ้านสหกรณ์ บ้านเลขที่ 4/1019 เนื่องจากเหตุอุทกภัย ต้องการความช่วยเหลือในการอพยพ ผู้สูงอายุ 2 ท่าน ผู้ใหญ่ 1 ท่าน 0614935296 (ปรินทร) ซอย: เสรีไทย 57 ถนน: เสรีไทย เขต: บึงกุ่ม #1555,https://storage.googleapis.com/traffy_public_bucket/attachment/2022-12/da2125e781282589d482070c3dba1726aa16a4a7.jpg
2026-7UCC8P,finish,2026-09-30 16:22,2026-10-09 13:11,100.67536,13.78605,บึงกุ่ม,คลองกุ่ม,ปัญหา: ภายในหมู่บ้านสหกรณ์ บ้านเลขที่ 4/1019 เนื่องจากเหตุอุทกภัย ต้องการความช่วยเหลือในการอพยพ ผู้สูงอายุ 2 ท่าน ผู้ใหญ่ 1 ท่าน 0614935296 (ปรินทร) ซอย: เสรีไทย 57 ถนน: เสรีไทย เขต: บึงกุ่ม #1555,https://storage.googleapis.com/traffy_public_bucket/attachment/2022-12/da2125e781282589d482070c3dba1726aa16a4a7.jpg
2026-L9WPM4,inprogress,2026-09-30 16:22,2026-09-30 22:07,100.80329,13.80293,หนองจอก,ลำผักชี,ในซอยสุวินทวงศ์42น้ำท่วมค่ะ ท่วมจนถึงตัวบ้านแล้วค่ะ ในบริเวณบ้านถึงหัวเข่า 5วัน แล้วค่ะ,https://storage.googleapis.com/traffy_public_bucket/attachment/2026-09/8d865b6257990b391101a00994f6a54d.jpeg
2026-CAZZHV,inprogress,2026-09-30 16:23,2026-09-30 19:53,100.72239,13.78265,มีนบุรี,มีนบุรี,ปัญหา: ภายในหมู่บ้านบัวขาว (ซอย 35) บ้านเลขที่ 25/401 เนื่องจากเหตุอุทกภัย ต้องการความช่วยเหลือในการอพยพ ผู้สูงอายุ 1 ท่าน ผู้ใหญ่ 1 ท่าน เด็ก 1 ท่าน 0814220860 (ฟ้า) ถนน: รามคำแหง เขต: มีนบุรี #1555,https://storage.googleapis.com/traffy_public_bucket/attachment/2022-12/da2125e781282589d482070c3dba1726aa16a4a7.jpg
2026-ELUNBP,inprogress,2026-09-30 16:24,2026-10-01 17:32,100.7327,13.76063,ลาดกระบัง,คลองสองต้นนุ่น,ปัญหา: ภายในชุมชนเคหะร่มเกล้า อาคารที่ 25 เนื่องจากเหตุอุทกภัย ต้องการความช่วยเหลือในการอพยพ ผู้สูงอายุ 1 ท่าน ผู้ใหญ่ 3 ท่าน 0867409195 (แพรตะวัน) ซอย: เคหะร่มเกล้า 31 ถนน: เคหะร่มเกล้า เขต: ลาดกระบัง #1555,https://storage.googleapis.com/traffy_public_bucket/attachment/2022-12/da2125e781282589d482070c3dba1726aa16a4a7.jpg
2026-F3DHVW,finish,2026-09-30 16:25,2026-09-30 21:11,100.69684,13.74368,สะพานสูง,สะพานสูง,ปัญหาที่เกิดขึ้นช่วงน้ำท่วม บ้านเลขที่ 24 หมู่บ้านนักกีฬาแหลมทอง ซอย 18 เขตสะพานสูง กทม. 1. วันที่ 25 ก.ย. 2026 เป็นบ้าน 2 ชั้น มีผู้สูงอายุหญิงอาศัยอยู่ร่วมกัน 3 คน 2. ช่วงเวลาประมาณ 23:00 น. (5 ทุ่ม) ของวันที่ 25 ก.ย. น้ำขึ้นสูงอย่างรวดเร็วประมาณ 60 เ,https://storage.googleapis.com/traffy_public_bucket/attachment/2026-09/e68d246b31762b6cc52dcbd3b1034f78.jpeg
2026-NEPFYW,inprogress,2026-09-30 16:25,2026-09-30 21:53,100.56813,13.83468,จตุจักร,ลาดยาว,ผู้ประสบภัยน้ำท่วมครับ ความสูงระดับหัวเข่า น้ำท่วมมาแล้วน้อยกว่า 1 สัปดาห์,https://storage.googleapis.com/traffy_public_bucket/attachment/2026-09/0c2079e925ea8b45620f7ac6c97011b6.jpeg
2026-VGZCLV,inprogress,2026-09-30 16:25,2026-09-30 19:53,100.70488,13.81768,มีนบุรี,มีนบุรี,ชาวรามอินทรา 117 แยก 6 แจ้งขอเข้ากล่องไปตั้งแต่วันแรกที่น้ำท่วม ความสูงระดับตอนนี้น้ำลดลงแล้วแต่ก็ยังท่วมค่ะ น้ำท่วมมาแล้วตั้งแต่วันที่ 24 ค่ะ,https://storage.googleapis.com/traffy_public_bucket/attachment/2026-09/55d6c614a51a130dc3e82532feaedee9.jpeg
2026-H76A3J,inprogress,2026-09-30 16:27,2026-09-30 20:39,100.69597,13.74338,สะพานสูง,สะพานสูง,น้ำท่วมขัง กรุงเทพกรีฑา เขตสะพานสูง วันที่5 แล้วค่ะ ระดับน้ำแทบไม่ลดเลย มีแนวทางช่วยเหลืออย่างไรบ้างคะ ความสูงระดับถ้าในซอยประมานเอวค่ะ ถนนน่าจะหัวเข่าค่ะ น้ำท่วมมาแล้ววันที่ 5 แล้วค่ะ,https://storage.googleapis.com/traffy_public_bucket/attachment/2026-09/thumb_8e628d20a2c9d79aeb3702ecea2ffae7.jpg
2026-MUDVND,inprogress,2026-09-30 16:27,2026-09-30 18:26,100.67518,13.78628,บึงกุ่ม,คลองกุ่ม,ปัญหา: ภายในหมู่บ้านสหกรณ์ เนื่องจากเหตุอุทกภัย ต้องการความช่วยเหลือในการอพยพ ผู้สูงอายุ 2 ท่าน ผู้ใหญ่ 1 ท่าน 0635989268 (ณี) ซอย: เสรีไทย 57 ถนน: เสรีไทย เขต: บึงกุ่ม #1555,https://storage.googleapis.com/traffy_public_bucket/attachment/2022-12/da2125e781282589d482070c3dba1726aa16a4a7.jpg
2026-MUDVND,finish,2026-09-30 16:27,2026-10-09 13:10,100.67518,13.78628,บึงกุ่ม,คลองกุ่ม,ปัญหา: ภายในหมู่บ้านสหกรณ์ เนื่องจากเหตุอุทกภัย ต้องการความช่วยเหลือในการอพยพ ผู้สูงอายุ 2 ท่าน ผู้ใหญ่ 1 ท่าน 0635989268 (ณี) ซอย: เสรีไทย 57 ถนน: เสรีไทย เขต: บึงกุ่ม #1555,https://storage.googleapis.com/traffy_public_bucket/attachment/2022-12/da2125e781282589d482070c3dba1726aa16a4a7.jpg
2026-RGPKJW,inprogress,2026-09-30 16:27,2026-09-30 18:26,100.67519,13.78627,บึงกุ่ม,คลองกุ่ม,ปัญหา: ภายในหมู่บ้านสหกรณ์ บ้านเลขที่ 4/786 เนื่องจากเหตุอุทกภัย ต้องการความช่วยเหลือในการอพยพ ผู้สูงอายุ 1 ท่าน ผู้ใหญ่ 1 ท่าน 0816366663 (สาลี) ซอย: เสรีไทย 57 ถนน: เสรีไทย เขต: บึงกุ่ม #1555,https://storage.googleapis.com/traffy_public_bucket/attachment/2022-12/da2125e781282589d482070c3dba1726aa16a4a7.jpg
2026-RGPKJW,finish,2026-09-30 16:27,2026-10-09 13:10,100.67519,13.78627,บึงกุ่ม,คลองกุ่ม,ปัญหา: ภายในหมู่บ้านสหกรณ์ บ้านเลขที่ 4/786 เนื่องจากเหตุอุทกภัย ต้องการความช่วยเหลือในการอพยพ ผู้สูงอายุ 1 ท่าน ผู้ใหญ่ 1 ท่าน 0816366663 (สาลี) ซอย: เสรีไทย 57 ถนน: เสรีไทย เขต: บึงกุ่ม #1555,https://storage.googleapis.com/traffy_public_bucket/attachment/2022-12/da2125e781282589d482070c3dba1726aa16a4a7.jpg
2026-ABPGMG,inprogress,2026-09-30 16:28,2026-09-30 21:53,100.60619,13.95358,ดอนเมือง,สีกัน,ที่ดินแปลงใหญ่ลูกศรแดง ขอให้จัดทำระบบระบายน้ำได้ไหม? เพราะทุกครั้งที่ฝนตก Rain Bom น้ำนองพื้นที่ดินจุดที่ 1.แล้วน้ำจะไหลลงมาถนนฝั่งแกรนด์คาแนล ฝั่งขาออก ( ศรสีเหลือง ) และ จุดที่ 2 ที่ดินนี้น้ำคลองเปรมฯ ล้นจะไหลผ่านที่จุด 2 นี้แล้วมาลงที่ถนนแกรนด์ฯ ฝั่งขา,https://storage.googleapis.com/traffy_public_bucket/attachment/2026-09/c3e331b25b7f4df2a2bcf4b4ee887649.jpeg
2026-GM223B,finish,2026-09-30 16:28,2026-10-03 13:59,100.58485,13.8215,จตุจักร,จันทรเกษม,ปัญหา: ภายในโรงแรม มายลอฟ โฮเต็ล เนื่องจากเหตุอุทกภัย ต้องการความช่วยเหลือในการอพยพ ผู้ใหญ่ 2 ท่าน 0966561943 (สุทิต) ซอย: เสือใหญ่อุทิศ ถนน: รัชดาภิเษก เขต: จตุจักร #1555,https://storage.googleapis.com/traffy_public_bucket/attachment/2022-12/da2125e781282589d482070c3dba1726aa16a4a7.jpg
2026-JD8BZU,inprogress,2026-09-30 16:29,2026-10-02 16:39,100.65215,13.75742,บางกะปิ,หัวหมาก,ปัญหา: ภายในซอยแยกดังกล่าว บ้านเลขที่ 13 เนื่องจากเหตุอุทกภัย ต้องการความช่วยเหลือในการอพยพ ผู้สูงอายุ 2 ท่าน 0814299241 (เน็ท) ซอย: รามคำแหง 60 แยก 7 ถนน: รามคำแหง เขต: บางกะปิ #1555,https://storage.googleapis.com/traffy_public_bucket/attachment/2022-12/da2125e781282589d482070c3dba1726aa16a4a7.jpg
2026-XL97XB,inprogress,2026-09-30 16:29,2026-09-30 19:06,100.70174,13.74549,สะพานสูง,สะพานสูง,ปัญหา: ภายในหมู่บ้านนักกีฬาแหลมทอง บ้านเลขที่ 40 เนื่องจากเหตุอุทกภัย ต้องการความช่วยเหลือในการอพยพ ผู้สูงอายุ 1 ท่าน 0946546633 (วราภรณ์) ถนน: นักกีฬาแหลมทอง เขต: สะพานสูง #1555,https://storage.googleapis.com/traffy_public_bucket/attachment/2022-12/da2125e781282589d482070c3dba1726aa16a4a7.jpg
2026-G2ET2B,follow,2026-09-30 16:30,2026-09-30 22:30,100.61717,13.70173,พระโขนง,บางจาก,ปัญหา: ภายในหมู่บ้านเมืองงาม บ้านเลขที่ 34 เนื่องจากเหตุอุทกภัย ต้องการความช่วยเหลือในการอพยพ ผู้สูงอายุ 3 ท่าน 0815596696 (น้อง) ซอย: พึ่งมี 19 ถนน: สุขุมวิท 93 เขต: พระโขนง #1555,https://storage.googleapis.com/traffy_public_bucket/attachment/2022-12/da2125e781282589d482070c3dba1726aa16a4a7.jpg
2026-PVMUWZ,finish,2026-09-30 16:30,2026-10-02 11:45,100.55568,13.85179,จตุจักร,ลาดยาว,ปัญหา: ภายในซอยดังกล่าว บ้านเลขที่ 6/36 เนื่องจากเหตุอุทกภัย ต้องการความช่วยเหลือในการอพยพ 0860081057 (วันชาติ) ซอย: งามวงศ์วาน 55 ถนน: งามวงศ์วาน เขต: จตุจักร #1555,https://storage.googleapis.com/traffy_public_bucket/attachment/2022-12/da2125e781282589d482070c3dba1726aa16a4a7.jpg
2026-26GBN6,inprogress,2026-09-30 16:31,2026-09-30 17:25,100.60737,13.89307,บางเขน,อนุสาวรีย์,น้ำท่วมยังท่วมสูงในซอยครับ ฝากทีมงาน กทม ช่วยหน่อยนะครับ ลำดับความสำคัญก่อนหลังได้เลยครับ แต่อย่าลืม สะพานใหม่ ซอยโชคดี 1 นะครับ ขอบคุณครับ ความสูงระดับหัวเข่า น้ำท่วมมาแล้วน้อยกว่า 1 สัปดาห์,https://storage.googleapis.com/traffy_public_bucket/attachment/2026-09/e3bcf66c0e0bd1f695e9e0cb0058386a.jpeg
2026-26GBN6,finish,2026-09-30 16:31,2026-10-09 14:29,100.60737,13.89307,บางเขน,อนุสาวรีย์,น้ำท่วมยังท่วมสูงในซอยครับ ฝากทีมงาน กทม ช่วยหน่อยนะครับ ลำดับความสำคัญก่อนหลังได้เลยครับ แต่อย่าลืม สะพานใหม่ ซอยโชคดี 1 นะครับ ขอบคุณครับ ความสูงระดับหัวเข่า น้ำท่วมมาแล้วน้อยกว่า 1 สัปดาห์,https://storage.googleapis.com/traffy_public_bucket/attachment/2026-09/e3bcf66c0e0bd1f695e9e0cb0058386a.jpeg
2026-43T33N,start,2026-09-30 16:35,2026-09-30 16:35,100.71371,13.76416,ลาดกระบัง,คลองสองต้นนุ่น,ตอนนี้ในซอยคาซ่า ที่มี มบ. คาซ่า สราญสิริ พรอพเพอตีเพอเฟค และบ้านของชาวบ้านทั่วไป ในซอยมีน้ำท่วมครับ รถเล็กไม่สามารถเข้าออกได้ จะรบกวนช่วยเจรจากับ มบ.พร้อพเพอตี้ ให้เปิดทางเข้าออก ซักวันสองวัน ได้ไหมครับ เพราะทางนั้นรถเล็กสามารถเข้า ออกได้ครับ ซึ่งอยาก,https://storage.googleapis.com/traffy_public_bucket/attachment/2026-09/3e1be08999c7dffbd95a9825ba98d5ec.jpeg
2026-EGBCR7,inprogress,2026-09-30 16:35,2026-09-30 21:49,100.56813,13.83468,จตุจักร,ลาดยาว,ช่วยน้ำท่วม ความสูงระดับหน้าแข้ง น้ำท่วมมาแล้วน้อยกว่า 1 สัปดาห์,https://storage.googleapis.com/traffy_public_bucket/attachment/2026-09/83d15783ffab06cca8afa0675e12041b.jpeg
2026-V3Z8LA,inprogress,2026-09-30 16:36,2026-10-01 17:29,100.72788,13.7632,ลาดกระบัง,คลองสองต้นนุ่น,ปัญหา: บริเวณเคหะร่มเกล้า บ้านเลขที่ 201/1639 ขอความช่วยเหลือในการอพยพผู้ประสบภัย จำนวน 2 ราย และสัตว์เลี้ยง 1 ตัว คุณยุทธศักดิ์ โทร. 0840153641 บ้านเลขที่: 201/1639 หมู่บ้าน: เคหะร่มเกล้า ถนน: เคหะร่มเกล้า เขต: ลาดกระบัง #1555,https://storage.googleapis.com/traffy_public_bucket/attachment/2022-12/da2125e781282589d482070c3dba1726aa16a4a7.jpg
2026-CWVDG8,inprogress,2026-09-30 16:37,2026-10-02 17:18,100.75404,13.79899,มีนบุรี,แสนแสบ,ต้องการขอกระสอบทราบเพราะตอนนี้ยังพอมีโอกาสกั้นน้ำเข้าบ้านได้ครับ ความสูงระดับหัวเข่า น้ำท่วมมาแล้วน้อยกว่า 1 สัปดาห์,https://storage.googleapis.com/traffy_public_bucket/attachment/2026-09/94b55f4ddfd745c50fa8e5974e2f4164.jpeg
2026-FVDU2X,inprogress,2026-09-30 16:37,2026-09-30 18:19,100.68971,13.66961,ประเวศ,ดอกไม้,น้ำท่วมตั้งแต่วันแรกยังไม่มีหน่วยงานไหนเข้ามาจัดการ ราม2 ทุ่มเศรษฐี ซอย 22 เข่า น้ำท่วมมาแล้วน้อยกว่า 1 สัปดาห์,https://storage.googleapis.com/traffy_public_bucket/attachment/2026-09/567d1f96aec04b4bf1317a7fe1503f9d.jpeg
2026-TBUY7D,inprogress,2026-09-30 16:37,2026-09-30 18:18,100.65916,13.73293,ประเวศ,ประเวศ,สำนักงานงานเขตประเวศ ไม่เข้ามาสูบน้ำท่วมในหมู่บ้าน ซอยพัฒนาการ 61 เขตประเวศ และไม่ช่วยเหลือใดๆ ไม่มีเจ้าหน้าที่ จากสำนักงานเขตเข้ามาช่วยเหลือเลยค่ะ ตอนนี้น้ำเน่าแล้ว ส่งกลิ่นเหม็นมาก ยุงก็เยอะขยะก็ไม่มาเก็บ ช่วยแจ้งมาด้วยว่าเมื่อไหร่จะเข้ามาจัดการ ตามมาแล,https://storage.googleapis.com/traffy_public_bucket/attachment/2026-09/thumb_1442b2dd307759f3b5b6e6f14eb6b32f.jpg
2026-BG7BX6,start,2026-09-30 16:40,2026-09-30 16:40,100.72156,13.76798,ลาดกระบัง,คลองสองต้นนุ่น,โลเคชั่น ไม่สามารถเลือกบ้านเลขที่62 ซอยเคหะร่มเกล้า64 ได้ จึงเอาห้องข้างเคียงเพื่อแสดงผล ปัญหาน้ำท่วมเข้าชั้นในบ้านวันที่25-26ที่ผ่านมาหนักมากลึกประมาณ1 เมตร เลยเอวถึงราวนม เฟอร์นิเจอร์ ตู้เสื้อ โตะ๊ทีวี ที่นอน ปลั๊กไฟ ฯลฯ อีกมากมาย เสียหายมากๆๆ ความสูงระ,https://storage.googleapis.com/traffy_public_bucket/attachment/2026-09/24351878b3e3557b10a5076d22d74c80.jpeg
2026-F492UV,forward,2026-09-30 16:43,2026-10-01 09:10,100.65538,13.90433,สายไหม,สายไหม,ถ.เพิ่มสิน เขตสายไหม น้ำท่วมไม่ลดลงเลย เส้นทางอื่น เขตอื่น ลดลงแล้ว ช่วยระบายน้ำออกจาก ถนนเพิ่มสินให้ด้วยครับ 4 วันแล้วครับ น้ำจาก ลำลูกกา รังสิต ดันน้ำมาใส่เขตสายไหมตลอดเวลา ความสูงระดับหน้าแข้ง น้ำท่วมมาแล้วน้อยกว่า 1 สัปดาห์,https://storage.googleapis.com/traffy_public_bucket/attachment/2026-09/thumb_9ef583574a1e20a056907c2955e24394.jpg
2026-GNUKF2,finish,2026-09-30 16:43,2026-10-02 13:54,100.54119,13.8411,บางซื่อ,วงศ์สว่าง,ปัญหา: ภายในซอยดังกล่าว บริเวณบ้านเลขที่ 96/12 เนื่องจากเหตุอุทกภัย ต้องการความช่วยเหลือขอรับการสนับสนุนกระสอบทราย หมู่บ้าน: อาคเนย์นิเวศน์ ซอย: ประชาชื่น 37 ถนน: ประชาชื่น เขต: บางซื่อ #1555,https://storage.googleapis.com/traffy_public_bucket/attachment/2022-12/da2125e781282589d482070c3dba1726aa16a4a7.jpg
2026-H7VHWX,start,2026-09-30 16:43,2026-09-30 16:43,100.72704,13.76188,ลาดกระบัง,คลองสองต้นนุ่น,ปัญหา: ภายในซอยเคหะร่มเกล้า 37 เคหะร่มเกล้า อาคาร 5 บ้านเลขที่ 325/183 เนื่องจากเกิดเหตุอุทกภัย จึงมีความประสงค์ขอรับความช่วยเหลือด้านอาหารและน้ำดื่ม ถนน: เคหะร่มเกล้า จุดสังเกต: ใกล้กับสาธารณสุขเคหะร่มเกล้า 4 เขต: ลาดกระบัง #1555,https://storage.googleapis.com/traffy_public_bucket/attachment/2022-12/da2125e781282589d482070c3dba1726aa16a4a7.jpg
2026-RDCJTM,forward,2026-09-30 16:43,2026-10-05 16:41,100.68591,13.87199,คลองสามวา,สามวาตะวันตก,น้ำท่วมขัง 6 วันน้ำเน่าไปหมดแล้ว ทั้งขยะทั้งผัก เน่าเหม็นมากๆ ความสูงระดับหัวเข่า น้ำท่วมมาแล้วมากกว่า 1 สัปดาห์,https://storage.googleapis.com/traffy_public_bucket/attachment/2026-09/thumb_d2bba4b198ba4858383edd4b09424011.jpg
2026-3NFZ4A,inprogress,2026-09-30 16:44,2026-09-30 21:10,100.7108,13.77954,สะพานสูง,สะพานสูง,นำ้ท่วมขังหมู่บ้านเคหะธานี4 เขตสะพานสูงกทม10240 นำ้เริ่มดำและมีกลิ่นเหม็นแล้วค่ะ มาสูบนำ้ลงคลองหลังหมู่บ้าน น่าจะดีขึ้น และขยะตามนำ้ก็มากมาติดตามหน้าบ้านค่ะ ความสูงระดับครึ่งต้นขา เลยเข่ามาหน่อยค่ะ น้ำท่วมมาแล้วนำ้เข้าบ้าน ตี2 (26กย-30กย2569 วันนี้ ระดับ,https://storage.googleapis.com/traffy_public_bucket/attachment/2026-09/c3516555bf726b47d9ded0ab28f99d9a.jpeg
2026-8D624M,finish,2026-09-30 16:44,2026-10-05 09:18,100.6656,13.76932,บางกะปิ,หัวหมาก,น้ำท่วมขังในซอยราม78 แยก7 ในแยก7จะยิ่งผิวถนนต่ำและเป็นดินโคลนผสมทรายเนื่องจากมีการมาทุบผิวปูนออกรอทำใหม่ และวางท่อระบายน้ำใหม่ช่วงฝนตกและท่วมลำบากมาก ยิ่งถนนแยก7ยังไม่ได้เจาะท่อระบายน้ำลงท่อหลัก ในซอยราม78 เดินเข้าออกลำบาก ระดับน้ำระดับเข่า ซึ่งน้ำก็เข้าใ,https://storage.googleapis.com/traffy_public_bucket/attachment/2026-09/101fa16309188a48ee407c4f78a13897.jpeg
2026-HXNGGZ,forward,2026-09-30 16:44,2026-09-30 21:47,100.58422,13.84524,จตุจักร,เสนานิคม,น้ำท่วมขัง ไม่การช่วยเหลือจากเขตเลย ยังมีพนักงานทำงานอยู่ไหม ตรวจการทำงานพนักงานเขตทุกคน จัดการช้ามาก ไม่มีการแจ้งเตือนอะไรเลย ถ้าทำงานไม่ได้ก็ลาออกไป ความสูงระดับหน้าแข้ง น้ำท่วมมาแล้ว5วัน,https://storage.googleapis.com/traffy_public_bucket/attachment/2026-09/6e2c08e87133dfd61608015f61886355.jpeg
2026-3UAKHJ,inprogress,2026-09-30 16:45,2026-09-30 21:10,100.68551,13.77381,สะพานสูง,สะพานสูง,ท่อระบายน้ำไม่ระบาย น้ำท่วมขัง ความสูงระดับหัวเข่า น้ำท่วมมาแล้วน้อยกว่า 1 สัปดาห์,https://storage.googleapis.com/traffy_public_bucket/attachment/2026-09/928dc56779f892fbb6f3bd651a601f76.jpeg
2026-VLCDB6,inprogress,2026-09-30 16:46,2026-09-30 21:11,100.6667,13.73903,สะพานสูง,สะพานสูง,ปัญหา: ภายในซอยแยกดังกล่าว บริเวณบ้านเลขที่ 17 พบน้ำท่วมขัง ระดับน้ำสูงประมาณ 10 เซนติเมตร เนื่องจากฝนตกหนัก และน้ำได้ไหลเข้าบ้านเรือนประชาชน สร้างความเดือดร้อนให้กับผู้พักอาศัยบริเวณดังกล่าว ขอให้ดำเนินการสูบน้ำ บ้านเลขที่: 17 ซอย: มอเตอร์เวย์ 5 แยก 3 ถน,https://storage.googleapis.com/traffy_public_bucket/attachment/2022-12/da2125e781282589d482070c3dba1726aa16a4a7.jpg
2026-7L8W6U,inprogress,2026-09-30 16:47,2026-10-02 17:18,100.75412,13.79895,มีนบุรี,แสนแสบ,ต้องการขอกระสอบทราย ถ้าระบุจำนวนได้ หน้ากว้างประมาน 6 เมตร มาวางกั้นหน้าบ้าน เพราะตอนนี้น้ำอยู่ระดับเดียวกับคลองครับ ยังพอมีโอกาสกั้นน้ำได้บ้างครับ #ขอกระสอบทราย/อื่นๆ,https://storage.googleapis.com/traffy_public_bucket/attachment/2026-09/b01579357a42c46544d24defc2b8a123.jpeg
2026-XULTW3,finish,2026-09-30 16:48,2026-10-05 09:38,100.56693,13.81754,จตุจักร,จอมพล,ปัญหา: บริเวณบ้านเลขที่ 1118/756 คอนโด เดอะ ไลน์ ไวบ์ ยาต้านไวรัสจะหมดภายในคืนนี้ และไม่สามารถเดินทางไปพบแพทย์ โรงพยาบาลแพทย์รังสิต เพื่อรับยาได้ เนื่องจากบริเวณคูคตมีน้ำท่วมสูง จึงขอให้หน่วยงานที่เกี่ยวข้องเร่งให้ความช่วยเหลือโดยเร็วที่สุด ถนน: พหลโยธิน ,https://storage.googleapis.com/traffy_public_bucket/attachment/2022-12/da2125e781282589d482070c3dba1726aa16a4a7.jpg
2026-K7BEVJ,inprogress,2026-09-30 16:49,2026-09-30 18:26,100.67025,13.7945,บึงกุ่ม,คลองกุ่ม,ปัญหา: ภายในซอยดังกล่าว ประสบปัญหาน้ำท่วมขังและถูกตัดกระแสไฟฟ้า ส่งผลกระทบต่อการดำรงชีพ ไม่สามารถประกอบอาหารได้ และสร้างความเดือดร้อนให้แก่ผู้พักอาศัยในบริเวณดังกล่าว จึงขอรับการสนับสนุนอาหารพร้อมทานและน้ำดื่ม ติดต่อคุณศิริพร โทร. 097-919-5391 ซอย: เสรีไท,https://storage.googleapis.com/traffy_public_bucket/attachment/2022-12/da2125e781282589d482070c3dba1726aa16a4a7.jpg
2026-K7BEVJ,finish,2026-09-30 16:49,2026-10-09 13:09,100.67025,13.7945,บึงกุ่ม,คลองกุ่ม,ปัญหา: ภายในซอยดังกล่าว ประสบปัญหาน้ำท่วมขังและถูกตัดกระแสไฟฟ้า ส่งผลกระทบต่อการดำรงชีพ ไม่สามารถประกอบอาหารได้ และสร้างความเดือดร้อนให้แก่ผู้พักอาศัยในบริเวณดังกล่าว จึงขอรับการสนับสนุนอาหารพร้อมทานและน้ำดื่ม ติดต่อคุณศิริพร โทร. 097-919-5391 ซอย: เสรีไท,https://storage.googleapis.com/traffy_public_bucket/attachment/2022-12/da2125e781282589d482070c3dba1726aa16a4a7.jpg
2026-P7X9CV,finish,2026-09-30 16:49,2026-10-01 10:35,100.61904,13.73823,สวนหลวง,สวนหลวง,ปัญหา: ภายในหมุ่บ้านเกษรา บ้านเลขที่ 761 ขอความช่วยเหลือในการอพยพผู้ประสบภัย จำนวน 2 ท่าน และสุนัข 1 ตัว คุณชมพู่ โทร. 0896796446 บ้านเลขที่: 761 หมู่บ้าน: เกษรา ซอย: พัฒนาการ 29 ถนน: พัฒนาการ เขต: สวนหลวง #1555,https://storage.googleapis.com/traffy_public_bucket/attachment/2022-12/da2125e781282589d482070c3dba1726aa16a4a7.jpg
2026-T6EMGB,inprogress,2026-09-30 16:50,2026-10-02 17:18,100.79147,13.81757,มีนบุรี,แสนแสบ,น้ำท่วมขังมาตั้งแต่ 24 ก.ย. 69 ไม่ลดเลย ตอนนี้น้ำเริ่มเน่าเหม็น ไม่มีหน่อยงานไหนเข้ามาช่วย หรือสำรวจเลย ขอเครื่องสูบน้ำมาช่วยดูดน้ำออก ความสูงระดับหัวเข่า น้ำท่วมมาแล้วน้อยกว่า 1 สัปดาห์,https://storage.googleapis.com/traffy_public_bucket/attachment/2026-09/14dc2452b2bc4eb4a44c72fd690f9e99.jpeg
2026-WYXM4M,start,2026-09-30 16:51,2026-09-30 16:51,100.75647,13.71903,ลาดกระบัง,ลาดกระบัง,ซอยลาดกระบัง 38 น้ำท่วมในซอย ข้างในมีคนอยู่จำนวนมาก แค่หอที่อยู่ มีคนอยู่ 100 คน ยังไม่เคยได้รับความช่วยเหลือ ถุงยังชีพ น้ำ เลย #ขอกระสอบทราย/อื่นๆ,https://storage.googleapis.com/traffy_public_bucket/attachment/2026-09/96e40e49ec1fbe6836739ae0ab06b616.jpeg
2026-7WHMU4,forward,2026-09-30 16:53,2026-09-30 19:03,100.6441,13.7629,บางกะปิ,หัวหมาก,บริเวณปากซอยรามคำแหง 89/2 น้ำขัง ท่อคงตันอยากให้ลอกท่อครับ บริเวรรอบๆ แห้งแล้ว แต่จุดนี้น้ำลงท่อ ความสูงระดับหน้าแข้ง น้ำท่วมมาแล้วน้อยกว่า 1 สัปดาห์,https://storage.googleapis.com/traffy_public_bucket/attachment/2026-09/1b28e406f7449eef828c5421a61ca80e.jpeg
2026-A9YFM8,inprogress,2026-09-30 16:53,2026-10-01 16:59,100.7305,13.76153,ลาดกระบัง,คลองสองต้นนุ่น,ปัญหา: ภายในซอยแยกดังกล่าว บ้านเลขที่ 106/49 เนื่องจากเหตุอุทกภัย ต้องการจัดสรรอาหารสำเร็จรูปและยารักษาโรค ผู้ใหญ่ จำนวน 3 ท่าน ซอย: เคหะร่มเกล้า 31 แยก 3 ถนน: เคหะร่มเกล้า จุดสังเกต: บริเวณปากซอยมีร้าน ซีเจ มอร์ เขต: ลาดกระบัง #1555,https://storage.googleapis.com/traffy_public_bucket/attachment/2022-12/da2125e781282589d482070c3dba1726aa16a4a7.jpg
2026-P2TTC4,inprogress,2026-09-30 16:56,2026-10-02 16:39,100.62742,13.75779,บางกะปิ,หัวหมาก,ปัญหา: ภายในการกีฬาแห่งประเทศไทย อาคารศูนย์ฝึกกีฬามวยสากลมาตรฐานระดับสากล (TIBTC) เนื่องจากเหตุอุทกภัย ต้องการความช่วยเหลือในการอพยพ ประชาชน จำนวน 1 กลุ่ม ประมาณ 20 ท่าน 0820526298 (ชัยณรงค์ บุญเทา) ถนน: รามคำแหง เขต: บางกะปิ #1555,https://storage.googleapis.com/traffy_public_bucket/attachment/2022-12/da2125e781282589d482070c3dba1726aa16a4a7.jpg
2026-YKFAYT,inprogress,2026-09-30 16:56,2026-09-30 18:25,100.6688,13.79871,บึงกุ่ม,คลองกุ่ม,ปัญหา: ภายในซอยดังกล่าว หมู่บ้านสหกรณ์ เนื่องจากประสบเหตุอุทกภัย มีความประสงค์ขอรับการสนับสนุนรถทหาร เพื่ออำนวยความสะดวกในการรับ – ส่งประชาชนที่มีความประสงค์เดินทางออกจากพื้นที่เพื่อจัดซื้อสิ่งของจำเป็น ซอย: เสรีไทย 57 ถนน: เสรีไทย เขต: บึงกุ่ม #1555,https://storage.googleapis.com/traffy_public_bucket/attachment/2022-12/da2125e781282589d482070c3dba1726aa16a4a7.jpg
2026-YKFAYT,finish,2026-09-30 16:56,2026-10-09 12:48,100.6688,13.79871,บึงกุ่ม,คลองกุ่ม,ปัญหา: ภายในซอยดังกล่าว หมู่บ้านสหกรณ์ เนื่องจากประสบเหตุอุทกภัย มีความประสงค์ขอรับการสนับสนุนรถทหาร เพื่ออำนวยความสะดวกในการรับ – ส่งประชาชนที่มีความประสงค์เดินทางออกจากพื้นที่เพื่อจัดซื้อสิ่งของจำเป็น ซอย: เสรีไทย 57 ถนน: เสรีไทย เขต: บึงกุ่ม #1555,https://storage.googleapis.com/traffy_public_bucket/attachment/2022-12/da2125e781282589d482070c3dba1726aa16a4a7.jpg
2026-GDJFMY,inprogress,2026-09-30 16:57,2026-09-30 21:45,100.57736,13.9175,ดอนเมือง,ดอนเมือง,น้ำท่วมขังบริเวณหน้าหมู่บ้านเซนโทร ภายในซอย ช่างอากาศอุทิศ 15/1 ไม่สามารถระบายออกไปยังถนนหลักได้ทัน ทำให้ในหมู่บ้านเกิดน้ำท่วมสูง ทั้งที่พื้นถนนภายในสูงกว่า อยากขอความอนุเคราะห์ให้ทางหน่วยงานที่เกี่ยวข้อง เข้ามาลอกท่อ เพื่อให้น้ำไหลผ่านได้ดีขึ้นเวลาเกิดฝน,https://storage.googleapis.com/traffy_public_bucket/attachment/2026-09/b983f9a94d5b0ce38e2f0da0a7226f5c.jpeg
2026-BKVX7N,inprogress,2026-09-30 16:58,2026-09-30 20:38,100.69578,13.74464,สะพานสูง,สะพานสูง,น้ำในหมู่บ้านนักกีฬาแหลมทองยังไม่ยุบเลย เท่าเดิมมา 5 วันแล้ว ระดับ 1 เมตร ความสูงระดับเอว น้ำท่วมมาแล้วมากกว่า 1 สัปดาห์,https://storage.googleapis.com/traffy_public_bucket/attachment/2026-09/dc11a76c9897df0191229a500f13ec82.jpeg
2026-EPGZME,finish,2026-09-30 16:58,2026-10-05 16:22,100.65388,13.76139,บางกะปิ,หัวหมาก,ปัญหา: ภายในหมู่บ้านธารทิพ พบน้ำท่วมขัง(ระดับน้ำสูงประมาณ 80 ซม.) ทำให้ไม่สามารถเดินทางสัญจรเข้า-ออกได้ จึงขอความสนับสนุนรถรับ-ส่งเข้าออกพื้นที่ หมู่บ้าน: ธารทิพ ซอย: รามคำแหง 62 ถนน: รามคำแหง เขต: บางกะปิ #1555,https://storage.googleapis.com/traffy_public_bucket/attachment/2022-12/da2125e781282589d482070c3dba1726aa16a4a7.jpg
2026-BEB7EL,finish,2026-09-30 16:59,2026-09-30 18:56,100.65183,13.79475,บึงกุ่ม,คลองกุ่ม,"ปัญหา: ภายในซอยดังกล่าว บ้านเลขที่ 68/30 เนื่องจากเหตุอุทกภัย ต้องการความช่วยเหลือในการอพยพ ผู้สูงอายุ (เพศชาย) อายุประมาณ 68-69 ปี มีอาการหัวใจเต้นผิดจังหวะ จำนวน 1 ท่าน ผู้สูงอายุ (เพศหญิง) อายุประมาณ 97 ปี จำนวน 1 ท่าน 0944516451, 0991451915 (สวัสดิ์)",https://storage.googleapis.com/traffy_public_bucket/attachment/2022-12/da2125e781282589d482070c3dba1726aa16a4a7.jpg
2026-UR8G4K,forward,2026-09-30 17:00,2026-10-01 09:15,100.66224,13.92956,สายไหม,สายไหม,ถนนสายไหม43สัญจรไม่ได้มาหลายวันแล้วครับในขณะที่ซอยอื่นๆน้ำไม่สูงขนาดนี้ซอย43รถเล็กไปไม่ได้รถใหญ่ออกลำบาก ความสูงระดับหัวเข่า น้ำท่วมมาแล้วน้อยกว่า 1 สัปดาห์,https://storage.googleapis.com/traffy_public_bucket/attachment/2026-09/0e80de5fb253d4968f2e2ef2cff27232.jpeg
2026-9JJWPW,inprogress,2026-09-30 17:01,2026-10-02 17:18,100.71275,13.81714,มีนบุรี,มีนบุรี,ปัญหา: ภายในซอยดังกล่าว หมู่บ้านปรีชา 11 บ้านเลขที่ 79/83 ผู้ร้องมีความประสงค์ 1. ขอถังรองรับขยะ (เนื่องจากสูญหายช่วงอุทกภัย) 2. ขอรับการสนับสนุนกระสอบทราย ซอย: รามอินทรา 123 ถนน: รามอินทรา จุดสังเกต: ใกล้กับสถานี BTS เศรษฐบุตรบำเพ็ญ เขต: มีนบุรี #1555,https://storage.googleapis.com/traffy_public_bucket/attachment/2022-12/da2125e781282589d482070c3dba1726aa16a4a7.jpg
2026-LFACEW,inprogress,2026-09-30 17:02,2026-09-30 18:25,100.66935,13.79682,บึงกุ่ม,คลองกุ่ม,"ปัญหา: ภายในซอยแยกดังกล่าว บ้านเลขที่ 4/971 เนื่องจากเหตุอุทกภัย ต้องการความช่วยเหลือในการอพยพ ผู้สูงอายุ (เพศชาย) อายุ 94 ปี จำนวน 1 ท่าน ต้องรับประทานยาเป็นประจำ แต่ปัจจุบันไม่ได้รับประทานยา เนื่องจากยาอยู่ที่บ้านอีกหลังหนึ่ง 0981196100, 0639911551 (โฆ",https://storage.googleapis.com/traffy_public_bucket/attachment/2022-12/da2125e781282589d482070c3dba1726aa16a4a7.jpg
2026-LFACEW,finish,2026-09-30 17:02,2026-10-09 12:46,100.66935,13.79682,บึงกุ่ม,คลองกุ่ม,"ปัญหา: ภายในซอยแยกดังกล่าว บ้านเลขที่ 4/971 เนื่องจากเหตุอุทกภัย ต้องการความช่วยเหลือในการอพยพ ผู้สูงอายุ (เพศชาย) อายุ 94 ปี จำนวน 1 ท่าน ต้องรับประทานยาเป็นประจำ แต่ปัจจุบันไม่ได้รับประทานยา เนื่องจากยาอยู่ที่บ้านอีกหลังหนึ่ง 0981196100, 0639911551 (โฆ",https://storage.googleapis.com/traffy_public_bucket/attachment/2022-12/da2125e781282589d482070c3dba1726aa16a4a7.jpg
2026-FRCY6E,forward,2026-09-30 17:03,2026-09-30 19:09,100.66582,13.74625,บางกะปิ,หัวหมาก,เครื่องสูบน้ำบนถนนกรุงเทพกรีฑาบริเวณสะพานใกล้กับ สนามกอฟยูนิโก้ ไม่ทำงาน ทำให้น้ำที่ท่วมบนถนนระบายไม่ได้ ความสูงระดับบริเวนกรุงเทพกรีฑา 15 สูงประมานนเข่าค่ะ น้ำท่วมมาแล้ว5 วัน,https://storage.googleapis.com/traffy_public_bucket/attachment/2026-09/8b240354011973f924ead61292494b53.jpeg
2026-RXJVLZ,forward,2026-09-30 17:03,2026-10-01 08:35,100.58809,13.8804,หลักสี่,ตลาดบางเขน,ร้องเรียนให้แก้ไขปัญหาน้ำท่วมขังบริเวณทางเดินข้างสะพานข้ามคลองถนน ฝั่งพลัมคอนโดครับ เนื่องจากฝนตกหนักมักจะมีน้ำท่วมขัง ล่าสุดคลองถนนน้ำล้นตลิ่งจากปัญหาน้ำท่วมใหญ่ในห้วงสัปดาห์ที่ผ่านมา ปริมาณน้ำก็ได้มาท่วมขังที่ทางเดินใต้สะพาน แม้ระดับน้ำในคลองจะลดลง แต,https://storage.googleapis.com/traffy_public_bucket/attachment/2026-09/80ef4c8959fcee49ca8260f689596d1e.jpeg
2026-P488FB,inprogress,2026-09-30 17:07,2026-10-02 17:18,100.71114,13.7927,มีนบุรี,มีนบุรี,ขอให้เข้าไปช่วยแก้ ปัญหาน้ำท่วมที่ซอยรามคำแหง 164 หมู่บ้านเพอร์เฟคเพลส น้ำท่วมขังมาหลายวัน น้ำเริ่มเน่า มีคนอยู่ข้างในหมู่บ้านเยอะมากค่ะ ความสูงระดับหัวเข่า น้ำท่วมมาแล้วตั้งแต่วันเสาร์,https://storage.googleapis.com/traffy_public_bucket/attachment/2026-09/thumb_f468427ba3f35320b39566150d0220a2.jpg
2026-RN6ZB6,inprogress,2026-09-30 17:09,2026-10-02 16:39,100.62234,13.75324,บางกะปิ,หัวหมาก,ปัญหา: ภายในซอยดังกล่าว โรงแรมบางกอกอินเตอร์เพลส เนื่องจากเหตุอุทกภัย ต้องการความช่วยเหลือในการอพยพจากโรงแรมไปยังสถานีรถไฟฟ้าแอร์พอร์ต เรล ลิงก์ที่ใกล้ที่สุด เพื่อเดินทางไปยังท่าอากาศยานสุวรรณภูมิ ประชาชน (เพศชาย) จำนวน 1 ท่าน ประชาชน (เพศหญิง) จำนวน 1 ท่,https://storage.googleapis.com/traffy_public_bucket/attachment/2022-12/da2125e781282589d482070c3dba1726aa16a4a7.jpg
2026-RN6ZB6,finish,2026-09-30 17:09,2026-10-09 12:29,100.62234,13.75324,บางกะปิ,หัวหมาก,ปัญหา: ภายในซอยดังกล่าว โรงแรมบางกอกอินเตอร์เพลส เนื่องจากเหตุอุทกภัย ต้องการความช่วยเหลือในการอพยพจากโรงแรมไปยังสถานีรถไฟฟ้าแอร์พอร์ต เรล ลิงก์ที่ใกล้ที่สุด เพื่อเดินทางไปยังท่าอากาศยานสุวรรณภูมิ ประชาชน (เพศชาย) จำนวน 1 ท่าน ประชาชน (เพศหญิง) จำนวน 1 ท่,https://storage.googleapis.com/traffy_public_bucket/attachment/2022-12/da2125e781282589d482070c3dba1726aa16a4a7.jpg
2026-LABB43,inprogress,2026-09-30 17:11,2026-10-02 17:19,100.74657,13.78297,มีนบุรี,แสนแสบ,หมู่บ้านเคซีเอเบส ซอยร่มเกล้า 11 น้ำท่วมขังมาตั้งแต่วันเสาร์ ไม่ลดและยังเพิ่มเรื่อยๆ ยังไม่มีหน่วยงานไหนเข้ามาช่วยเหลือค่ะ ความสูงระดับหัวเข่า 5 วัน ตั้งแต่วันเสาร์ที่ 26/9,https://storage.googleapis.com/traffy_public_bucket/attachment/2026-09/c1b55b6c847419c2a12f2dd23667aa35.jpeg
2026-NW44NX,inprogress,2026-09-30 17:19,2026-09-30 18:25,100.66732,13.80131,บึงกุ่ม,คลองกุ่ม,ถ้าอยากรบกวนขอกระสอบทรายเอามากั้นน้ำไม่ให้เข้าบ้านอีก ได้มั๊ยคะ ตอนนี้น้ำลดแลัว แต่ยังเต็มถนนอยู่ แล้วน้ำในคลองก็ได้ยินมาว่าปริมๆ เลยอยากรบกวนขอกระสอบทรายกั้นตัวบ้าน #ขอกระสอบทราย/อื่นๆ,https://storage.googleapis.com/traffy_public_bucket/attachment/2026-09/73850a6060257c9b149589840e525957.jpeg
2026-YHKAXA,inprogress,2026-09-30 17:19,2026-09-30 17:28,100.67025,13.87133,บางเขน,ท่าแร้ง,น้ำท่วมขังสูงระดับเกือบถึงเข่าบริเวณซอยคู้บอน27 ถนนรามอินทรา แขวงท่าแร้ง เขตบางเขน ยิ่งเข้าซอยไปลึกยิ่งท่วมขังสูงแยก58 56 หมู่บ้านจินดาทาวน์น้ำแทบจะไม่ลดเลยค่ะน้ำเริ่มเน่าแล้วอยากให้ช่วยแก้ปัญหาหน่อยค่ะขอบคุณมากๆค่ะ ความสูงระดับหน้าแข้ง น้ำท่วมมาแล้วน้อยก,https://storage.googleapis.com/traffy_public_bucket/attachment/2026-09/729237bbb4e5dc5f0dda2271e4cc6b77.jpeg
2026-YHKAXA,finish,2026-09-30 17:19,2026-10-09 18:24,100.67025,13.87133,บางเขน,ท่าแร้ง,น้ำท่วมขังสูงระดับเกือบถึงเข่าบริเวณซอยคู้บอน27 ถนนรามอินทรา แขวงท่าแร้ง เขตบางเขน ยิ่งเข้าซอยไปลึกยิ่งท่วมขังสูงแยก58 56 หมู่บ้านจินดาทาวน์น้ำแทบจะไม่ลดเลยค่ะน้ำเริ่มเน่าแล้วอยากให้ช่วยแก้ปัญหาหน่อยค่ะขอบคุณมากๆค่ะ ความสูงระดับหน้าแข้ง น้ำท่วมมาแล้วน้อยก,https://storage.googleapis.com/traffy_public_bucket/attachment/2026-09/729237bbb4e5dc5f0dda2271e4cc6b77.jpeg
2026-RJCNTK,inprogress,2026-09-30 17:20,2026-09-30 22:02,100.80123,13.80057,หนองจอก,ลำผักชี,จากที่แจ้งเรื่องน้ำท่วมหมู่บ้านฟอร่าวิว สุวินทวงศ์เมื่อวาน วันนี้เขตหนองจอกแจ้งว่าเรียบร้อยแล้ว ไม่มีรายละเอียด ขอทราบว่าสำเร็จแบบไหนคะ ช่วยติดต่อกลับ 0825162946 ด้วยคะ เราอยู่เฟด 1 ความสูงระดับเกือบถึงเอว น้ำท่วมมาแล้วตั้งแต่ วันที่ 25/9/69,https://storage.googleapis.com/traffy_public_bucket/attachment/2026-09/e1b75e6c4213720651d05971f442fb3a.jpeg
2026-HXJXEG,inprogress,2026-09-30 17:21,2026-09-30 20:38,100.68545,13.76833,สะพานสูง,สะพานสูง,ปัญหา: ภายในซอยดังกล่าว พบประชาชนได้รับความเดือดร้อนจากปัญหาน้ำท่วมขังภายในซอย รถยนต์ส่วนบุคคลไม่สามารถสัญจรเข้า-ออกไปทำงานได้ จึงขอให้สำนักงานเขตจัดรถบรรทุกรับ-ส่งประชาชนเข้า-ออกซอยเป็นช่วงเวลา (เช้า เที่ยง เย็น) เพื่อบรรเทาความเดือดร้อน ซอย: รามคำแหง 11,https://storage.googleapis.com/traffy_public_bucket/attachment/2022-12/da2125e781282589d482070c3dba1726aa16a4a7.jpg
2026-HXJXEG,finish,2026-09-30 17:21,2026-10-07 15:23,100.68545,13.76833,สะพานสูง,สะพานสูง,ปัญหา: ภายในซอยดังกล่าว พบประชาชนได้รับความเดือดร้อนจากปัญหาน้ำท่วมขังภายในซอย รถยนต์ส่วนบุคคลไม่สามารถสัญจรเข้า-ออกไปทำงานได้ จึงขอให้สำนักงานเขตจัดรถบรรทุกรับ-ส่งประชาชนเข้า-ออกซอยเป็นช่วงเวลา (เช้า เที่ยง เย็น) เพื่อบรรเทาความเดือดร้อน ซอย: รามคำแหง 11,https://storage.googleapis.com/traffy_public_bucket/attachment/2022-12/da2125e781282589d482070c3dba1726aa16a4a7.jpg
2026-774V46,inprogress,2026-09-30 17:23,2026-09-30 18:38,100.67349,13.73263,ประเวศ,ประเวศ,มีปัญหาน้ำท่วมหมู่บ้านในซอยพัฒนาการ65 ตั้งแต่วันศุกร์ที่ 25 กันยายน จนถึงตอนนี้ ยังท่วมอยู่เลยค่ะ ลำบากกันมาก ต้องดูแลแบ่งปันอาหารกันเองในหมู่บ้าน ไม่มีข่าวหรือออกในโซเชียลที่ไหนเลย น้ำท่วมสูงเข้าบ้านชั้น1กันหมดทุกบ้านค่ะ ตอนนี้คนในหมู่บ้านต้องใช้กะละมังแ,https://storage.googleapis.com/traffy_public_bucket/attachment/2026-09/b262778b6715fc5556b95596ceed1a0a.jpeg
2026-BE9BCH,start,2026-09-30 17:23,2026-09-30 17:23,100.81989,13.75258,ลาดกระบัง,ลำปลาทิว,บริเวณ ซอยวัดอุทัยธรรมาราม แขวงลำปลาทิว เขตลาดกระบัง กรุงเทพมหานคร มีน้ำท่วมสูงประมาณ 70–80 เซนติเมตร รถขนาดใหญ่ไม่สามารถสัญจรเข้าออกในพื้นที่ได้ ประชาชนในพื้นที่ได้รับความเดือดร้อนและมีข้อจำกัดในการเดินทางเข้าออกชุมชน ขอบคุณค่ะ ความสูงระดับหัวเข่า น้ำท่ว,https://storage.googleapis.com/traffy_public_bucket/attachment/2026-09/cc8bf476038e6c08d2e14dad939e9106.jpeg
2026-J3YYNT,inprogress,2026-09-30 17:25,2026-09-30 18:36,100.67944,13.67323,ประเวศ,ดอกไม้,มีน้ำท่วมขังอยู่ที่ ซอย เฉลิมพระเกียรติร.9 ซอย28 แยก 18 แขวง ดอกไม้ เขตประเวศ กทม. ครับ 1. เวลาฝนตก ไม่มีท่อระบายน้ำทำให้น้ำขังนาน จนน้ำเหม็นครับ 2. เคยแจ้งเรื่องว่าอยากให้ทำถนนพร้อม ระบบระบายน้ำแต่เงียบหาย 3. อาทิตย์ที่ผ่านมา น้ำท่วมขังเลยหัวเข่า ไม่สามา,https://storage.googleapis.com/traffy_public_bucket/attachment/2026-09/c8bc8a93efc8b9d7b3cd026e911775db.jpeg
2026-PP2DVD,forward,2026-09-30 17:25,2026-10-05 11:02,100.64462,13.74908,บางกะปิ,หัวหมาก,ปัญหา: ภายในซอยดังกล่าว พบน้ำท่วมขังต่อเนื่อง 5 วัน ระดับน้ำไม่ลดลง รถยนต์และรถจักรยานยนต์ไม่สามารถสัญจรได้ ต้องใช้รถขนาดใหญ่ในการเดินทาง ผู้พักอาศัยไม่สามารถเข้า-ออกพื้นที่เพื่อจัดหาอาหารและสิ่งของจำเป็นได้ ร้านสะดวกซื้อไม่มีอาหารจำหน่ายเพียงพอ นอกจากนี้,https://storage.googleapis.com/traffy_public_bucket/attachment/2022-12/da2125e781282589d482070c3dba1726aa16a4a7.jpg
2026-XXZ64W,start,2026-09-30 17:26,2026-09-30 17:26,100.78286,13.75336,ลาดกระบัง,ลำปลาทิว,แจ้งระดับน้ำชุมชนภายในซอยฉลองกรุง19 หมู่บ้านเอกไพลิน ระดับน้ำสูงสุดวัดได้1.1 - 1.2เมตร เนื่องด้วยยังไม่มีสังกัดใดเข้ามาดูแลช่วยเหลือเลยสักหน่วยงาน แต่ระดับน้ำสูงมากกว่าหรือเท่ากับเคหะร่มเกล้าเลย ขอความอนุเคราะห์การสูบน้ำออกเพื่อพร่องน้ำบางส่วนให้ประชาชนได,https://storage.googleapis.com/traffy_public_bucket/attachment/2026-09/aa91554e989f3818fd222c24e79c4456.jpeg
2026-6ALUVU,inprogress,2026-09-30 17:29,2026-10-02 17:19,100.78669,13.82949,มีนบุรี,แสนแสบ,อยากให้กทม. ช่วยนำเครื่องสูบน้ำมาเร่งสูบน้ำในหมู่บ้าน เหมือนกับ ที่เร่งสูบน้ำแยกนิด้าที่ทำให้น้ำลดลงร่วม 30 เซนต์ภายในวัน ความสูงระดับหมู่บ้านมีนบุรีการเด้นโฮม ถนนราษฎร์อุทิศ แสนแสบ มีนบุร กทม. ระดับน้ำในหมู่บ้านสูงตั้งแต่ 30 เซนติเมตรถึง 55 เซนติเมตร น้ำ,https://storage.googleapis.com/traffy_public_bucket/attachment/2026-09/6213a3bb123d085919c9138923e16421.jpeg
2026-74B6CF,inprogress,2026-09-30 17:31,2026-09-30 20:36,100.71092,13.78635,สะพานสูง,สะพานสูง,ปัญหา: บริเวณบ้านเลขที่ 63/1886 ภายในหมู่บ้านเคหะธานี 4 พบระดับน้ำท่วมขังสูงประมาณหัวเข่า และกระแสไฟฟ้าดับ ส่งผลกระทบให้ผู้พักอาศัยซึ่งมีโรคประจำตัว (หอบหืด) ขาดออกซิเจน ไม่สามารถใช้เครื่องพ่นยาได้ อีกทั้งขาดแคลนอาหารเนื่องจากติดค้างอยู่ภายในบ้านพักเป็นเว,https://storage.googleapis.com/traffy_public_bucket/attachment/2022-12/da2125e781282589d482070c3dba1726aa16a4a7.jpg
2026-KY8X3Z,inprogress,2026-09-30 17:31,2026-10-01 08:12,100.67025,13.87093,บางเขน,ท่าแร้ง,น้ำท่วมยังไม่ลดเลยครับ แต่ถนนคู้บอน 27 ลงแล้วครับ รบกวนด้วยครับ ความสูงระดับเกือบถึงหัวเข่าครับ น้ำท่วมมาแล้ว26 กันยาครับ,https://storage.googleapis.com/traffy_public_bucket/attachment/2026-09/a5861ca881636d4df6f208ec11cf18be.jpeg
2026-KY8X3Z,finish,2026-09-30 17:31,2026-10-09 18:24,100.67025,13.87093,บางเขน,ท่าแร้ง,น้ำท่วมยังไม่ลดเลยครับ แต่ถนนคู้บอน 27 ลงแล้วครับ รบกวนด้วยครับ ความสูงระดับเกือบถึงหัวเข่าครับ น้ำท่วมมาแล้ว26 กันยาครับ,https://storage.googleapis.com/traffy_public_bucket/attachment/2026-09/a5861ca881636d4df6f208ec11cf18be.jpeg
2026-BT6CX7,inprogress,2026-09-30 17:33,2026-09-30 18:15,100.68735,13.68943,ประเวศ,ดอกไม้,น้ำท่วมขังมา 5 วันแล้วค่ะ ในซอยเฉลิมพระเกียรติ 48 ทั้งซอย ทำให้ล้นมาถึง แยก 24 (ที่อยู่ด้วย) ตอนนีน้ำยังไม่ลดลงเลย รถดับไปหลายคัน ออกจากบ้านไม่ได้เลยค่ะ ต้องเดินเท้าลุยน้ำครึ่งแข้ง รบกวนด่วนๆค่ะ ความสูงระดับเกือบถึงเข่าแล้วค่า น้ำท่วมมาแล้วน้ำไม่ลดเลย,https://storage.googleapis.com/traffy_public_bucket/attachment/2026-09/d7a410348d1dcc3f6f24a7b8a867be92.jpeg
2026-GF22FL,finish,2026-09-30 17:34,2026-10-04 11:44,100.64802,13.73072,สวนหลวง,สวนหลวง,ขอเครื่องสูบน้ำ สูบน้ำออกจากซอยพัฒนาการ 58 ความสูงระดับหัวเข่า น้ำท่วมมาแล้วน้อยกว่า 1 สัปดาห์,https://storage.googleapis.com/traffy_public_bucket/attachment/2026-09/60f92cf14fba74d0ac36a9124647e84a.jpeg
2026-KZZC6C,inprogress,2026-09-30 17:35,2026-09-30 20:35,100.67858,13.77191,สะพานสูง,สะพานสูง,ปัญหา: ภายในซอยหมู่บ้าน สัมมากร บริเวณบ้านเลขที่ 87/2 พบน้ำท่วมขัง ระดับสูงประมาณ 30 เซนติเมตร และน้ำกำลังไหลเข้าบ้านเรือนประชาชน สร้างความเดือดร้อนให้กับผู้พักอาศัยภายในหมู่บ้าน ขอให้เร่งดำเนินเปิดเครื่องสูบน้ำ และขอรถรับส่งประชาชน บ้านเลขที่: 87/2 ซอย: ,https://storage.googleapis.com/traffy_public_bucket/attachment/2022-12/da2125e781282589d482070c3dba1726aa16a4a7.jpg
2026-X2YJB6,inprogress,2026-09-30 17:36,2026-09-30 21:08,100.54104,13.83653,จตุจักร,ลาดยาว,หมู่บ้าไกรสร ถนนริมคลองประปา น้ำท่วมขังในวันที่ฝนตกต่อเนื่อง ช่วง 26-28 กันยายน 2569 ที่ผ่านมา เดือดร้อนมากโดยเฉพาะผู้สูงวัยและคนป่วย สาเหตุหลัก ท่อน้ำและบ่อพักเต็มไปด้วยดินโคลน เหลือพื้นที่ให้น้ำไหลประมาณ 10-20 % ทำให้น้ำไม่มีทางไป จึงขอความอนุเคราะห,https://storage.googleapis.com/traffy_public_bucket/attachment/2026-09/thumb_de9c67357a8474cf47473f4bdcd4a8c9.jpg
2026-8MJALN,inprogress,2026-09-30 17:38,2026-10-01 16:53,100.71736,13.7664,ลาดกระบัง,คลองสองต้นนุ่น,ปัญหา: ภายในซอยดังกล่าว หมู่บ้านพูนสิน 2 ซอย 6 บริเวณบ้านเลขที่ 252/227 เนื่องจากเกิดเหตุอุทกภัย จึงมีความประสงค์ขอรับความช่วยเหลือด้านอาหารและน้ำดื่ม สำหรับผู้สูงอายุ 2 ท่าน ผู้พิการอัมพาต 1 ท่าน ผู้ใหญ่ 1 ท่าน และวัยรุ่น 1 ท่าน (คุณบรรจง) ซอย: เคหะร่มเก,https://storage.googleapis.com/traffy_public_bucket/attachment/2022-12/da2125e781282589d482070c3dba1726aa16a4a7.jpg
2026-PD7RBC,irrelevant,2026-09-30 17:38,2026-10-01 10:46,100.65079,13.73372,สวนหลวง,สวนหลวง,ไม่แสดงรายละเอียด,https://storage.googleapis.com/traffy_public_bucket/TeamChadChart/fondue_photo.png
2026-D76GX2,inprogress,2026-09-30 17:42,2026-09-30 18:13,100.67989,13.73107,ประเวศ,ประเวศ,น้ำยังท่วมขังอยู่ซอยอ่อนนุช65 ความสูงระดับเอว น้ำท่วมมาแล้วมากกว่า 1 สัปดาห์,https://storage.googleapis.com/traffy_public_bucket/attachment/2026-09/e7b684c2ba1e89ea16bb93f075509ef7.jpeg
2026-WEJRR9,inprogress,2026-09-30 17:44,2026-10-02 17:19,100.75153,13.81572,มีนบุรี,แสนแสบ,ปากทางคู้ขวา (ราษฎร์อุทิศ) น้ำสูง ทำให้รถเล็กผ่านไม่ได้ ส่งผลกระทบกับคนที่พักอาศัยในหนองจอก ออกไปทำงาน ติดต่อกับเขตอื่นได้ยากลำบาก ต้องมีการติดตั้งเครื่องสูบ เพื่อ ให้ พื้นผิวจราจร พิใช้งานได้ สำหรับรถเล็ก ความสูงระดับรถเล็กผ่านไม่ได้ค่ะ มอไซค์ก็ลำบาก ,https://storage.googleapis.com/traffy_public_bucket/attachment/2026-09/cccbabcc79674d939080821a709eaf94.jpeg
2026-WEJRR9,forward,2026-09-30 17:44,2026-10-09 13:48,100.75153,13.81572,มีนบุรี,แสนแสบ,ปากทางคู้ขวา (ราษฎร์อุทิศ) น้ำสูง ทำให้รถเล็กผ่านไม่ได้ ส่งผลกระทบกับคนที่พักอาศัยในหนองจอก ออกไปทำงาน ติดต่อกับเขตอื่นได้ยากลำบาก ต้องมีการติดตั้งเครื่องสูบ เพื่อ ให้ พื้นผิวจราจร พิใช้งานได้ สำหรับรถเล็ก ความสูงระดับรถเล็กผ่านไม่ได้ค่ะ มอไซค์ก็ลำบาก ,https://storage.googleapis.com/traffy_public_bucket/attachment/2026-09/cccbabcc79674d939080821a709eaf94.jpeg
2026-976J8G,inprogress,2026-09-30 17:48,2026-10-01 15:40,100.44613,13.67796,บางขุนเทียน,แสมดำ,ครั้งที่แล้วบ้านเกิดน้ำท่วมขังในบ้านอย่างมาก #ขอกระสอบทราย/อื่นๆ,https://storage.googleapis.com/traffy_public_bucket/attachment/2026-09/0317251465a7230a47c5b72dd409f31d.jpeg
2026-KE4TK9,inprogress,2026-09-30 17:49,2026-10-01 09:07,100.66385,13.813,คันนายาว,รามอินทรา,บริเวณ ซอยนวมินทร์ 74 แยก 3-8-26 และใกล้เคียงน้ำยังท่วมขังอยู่ และเริ่มเน่าเหม็นแล้วครับ ประมาณ 20 ซม. ตั้งแต่วันศุกร์ ท่วมระดับเหนือเข่า,https://storage.googleapis.com/traffy_public_bucket/attachment/2026-09/3981fa668e0df09831883627fc279340.jpeg
2026-3GU4TV,start,2026-09-30 17:50,2026-09-30 17:50,100.77165,13.72229,ลาดกระบัง,ลาดกระบัง,ขอข้าวอาหาร รถรับส่ง ที่โรงแรมพินนาเคิลลาดกระบัง ออกไปซื้อไมาได้ ข้าวน้ำขาด ในน้ำมีปลิง ไปทำงานสนามบินไม่ได้ #ขอกระสอบทราย/อื่นๆ,https://storage.googleapis.com/traffy_public_bucket/attachment/2026-09/b422907e2768734fd2deec1501bbb657.jpeg
2026-3RVTPX,forward,2026-09-30 17:52,2026-10-01 09:11,100.63409,13.82775,บึงกุ่ม,นวลจันทร์,สวัสดีค่ะพอดีว่ามีสุนัขจรจัดหลงเข้ามาที่ทำงานช่วงฝนตกและทางเราไม่สะดวกรับเลี้ยงพอจะมีหน่วยงานไหนเข้ามาแก้ไขปัญหาจุดนี้ได้ไหมคะเดือดร้อนจริงจริงๆสงสารน้องค่ะ #ขอกระสอบทราย/อื่นๆ,https://storage.googleapis.com/traffy_public_bucket/attachment/2026-09/2cab6c05d6ac91c585e1bc98911bac26.jpeg
2026-AEPUNM,inprogress,2026-09-30 17:54,2026-09-30 20:35,100.68164,13.78302,สะพานสูง,สะพานสูง,ถมที่สูงไม่ทำกำแพงคันกั้นดินกันน้ำ(ซึ่งผู้ใหญ่แจ้งมานานหลายครั้งแล้วกับช่างสุดท้ายโกหกไม่ทำ) ไม่รับผิดชอบต่อผลกระทบที่ตามมา พื้นที่เขาแห้งเพราะน้ำไหลลงมาทางเข้า-ออก เมื่อฝนตกน้ำจึงไหลมาในพื้นที่ที่ต่ำ ในซอยรามคำแหง 147(พื้นที่ส่วนบุคคล) ซึ่งได้แจ้งมาหลายค,https://storage.googleapis.com/traffy_public_bucket/attachment/2026-09/cb13c9bb8fd7583d82563e0e15b6d7d8.jpeg
2026-AM39UR,inprogress,2026-09-30 17:54,2026-10-01 08:13,100.59566,13.88688,บางเขน,อนุสาวรีย์,ปัญหา: บริเวณท้ายซอยดังกล่าว ผู้อยู่อาศัยบ้านเลขที่ 52 มีความประสงค์ขอให้เจ้าหน้าที่เข้าดำเนินการสูบน้ำที่ท่วมขังภายในบ้าน ซอย: พหลโยธิน 63 ถนน: พหลโยธิน จุดสังเกต: บ้านประตูสีน้ำตาลเข้ม ด้านขวามือ เขต: บางเขน #1555,https://storage.googleapis.com/traffy_public_bucket/attachment/2022-12/da2125e781282589d482070c3dba1726aa16a4a7.jpg
2026-AM39UR,finish,2026-09-30 17:54,2026-10-09 14:20,100.59566,13.88688,บางเขน,อนุสาวรีย์,ปัญหา: บริเวณท้ายซอยดังกล่าว ผู้อยู่อาศัยบ้านเลขที่ 52 มีความประสงค์ขอให้เจ้าหน้าที่เข้าดำเนินการสูบน้ำที่ท่วมขังภายในบ้าน ซอย: พหลโยธิน 63 ถนน: พหลโยธิน จุดสังเกต: บ้านประตูสีน้ำตาลเข้ม ด้านขวามือ เขต: บางเขน #1555,https://storage.googleapis.com/traffy_public_bucket/attachment/2022-12/da2125e781282589d482070c3dba1726aa16a4a7.jpg
2026-6ZMLKV,inprogress,2026-09-30 17:56,2026-10-02 17:19,100.74217,13.82359,มีนบุรี,มีนบุรี,ซอยนิมิตใหม่2 และ 4 น้ำท่วมขัง และดูเหมือนจะเพิ่มขึ้นเรื่อยๆ ในขณะที่ซอย6 และบนถนนนิมิตใหม่ฝั่งเลยคู่แห้งสนิท น้ำที่ขังเีิ่มมีกลินเหม็น เปลี่ยนเป็นสีดำ เป็นไปได้ไหมคะ ที่จะสูงน้ำในซอยออกไปลงท่อที่ถนนนิมิตใหม่บริเวณที่แห้ง ความสูงระดับหน้าแข้ง น้ำท่วมมาแ,https://storage.googleapis.com/traffy_public_bucket/attachment/2026-09/e1ad04a72935a412aa8cf1db7651107f.jpeg
2026-HYTYLE,inprogress,2026-09-30 17:58,2026-09-30 22:01,100.8251,13.7802,หนองจอก,ลำผักชี,น่ำท่วมสูงหมู่บ้านคาริเบียนโฮม ความสูงระดับเอว น้ำท่วมมาแล้วน้อยกว่า 1 สัปดาห์,https://storage.googleapis.com/traffy_public_bucket/attachment/2026-09/43c1fef49ffa21a5623668d6557bf6c5.jpeg
2026-96ZWWR,forward,2026-09-30 18:00,2026-09-30 18:19,100.65632,13.79283,บึงกุ่ม,คลองกุ่ม,น้ำท่วมขัง หลายวันแล้ว ความสูงระดับหน้าแข้ง น้ำท่วมมาแล้วมากกว่า 1 สัปดาห์,https://storage.googleapis.com/traffy_public_bucket/attachment/2026-09/01321eac7d9fe5fe140a20940056f41d.jpeg
2026-WCRDAG,start,2026-09-30 18:02,2026-09-30 18:02,100.865,13.71749,ลาดกระบัง,ขุมทอง,ปัญหา: ภายในชุมชนดังกล่าว พบระดับน้ำท่วมสูง รถยนต์ส่วนบุคคลไม่สามารถสัญจรเข้า-ออกได้ ประชาชนเดือดร้อนต่อการเดินทางไปทำงานไม่ได้ จึงขอความช่วยเหลือสนับสนุนรถบรรทุกวิ่งรับ-ส่งประชาชน (ให้บริการลักษณะรถโดยสาร) จากชุมชนออกไปบริเวณวัดลาดกระบังเพื่อต่อรถประจำทา,https://storage.googleapis.com/traffy_public_bucket/attachment/2022-12/da2125e781282589d482070c3dba1726aa16a4a7.jpg
2026-EBKL8A,start,2026-09-30 18:03,2026-09-30 18:03,100.74319,13.73431,ลาดกระบัง,คลองสามประเวศ,ปัญหา: ภายในซอยร่มเกล้า 56 หมู่บ้านรุ่งกิจวิลล่า พบน้ำท่วมสูง ความสูงระดับหน้าขา จึงขอให้เจ้าหน้าที่ลงพื้นที่ดำเนินการระบายน้ำ ถนน: ร่มเกล้า เขต: ลาดกระบัง #1555,https://storage.googleapis.com/traffy_public_bucket/attachment/2022-12/da2125e781282589d482070c3dba1726aa16a4a7.jpg
2026-LM7ZDZ,inprogress,2026-09-30 18:03,2026-09-30 22:01,100.81161,13.79357,หนองจอก,ลำผักชี,ท่านช่วยมาดูดน้ำในหมู่บ้านฟลอร่าวิลล์ สุวิทวงศ์ 38 ด้วยครับ ท่วมสูงครับเดิน 60 ซม. ทั่งทั้งหมู่บ้านแล้วครับ ความสูงระดับ60 ซม.ครับ น้ำท่วมมาแล้ว5 วันแล้วครับ,https://storage.googleapis.com/traffy_public_bucket/attachment/2026-09/da4812c166830bca77e4c0c4f6b13a68.jpeg
2026-MHFZM7,start,2026-09-30 18:03,2026-09-30 18:03,100.75266,13.76158,ลาดกระบัง,คลองสามประเวศ,อยากได้ที่สูบน้ำ ตอนนี้คนซอยช่วยกันเอากระสอบทรายกับผ้าใบมากั้นริมคลองไว้ ตั้งแต่วันแรกๆเลย 25กลางคืน น้ำท่วมมาแล้วน้อยกว่า 1 สัปดาห์,https://storage.googleapis.com/traffy_public_bucket/attachment/2026-09/fb2f6077d2e9e91e14a6011902dd95d1.jpeg
2026-ZYNCC8,inprogress,2026-09-30 18:03,2026-10-02 17:19,100.75974,13.79563,มีนบุรี,แสนแสบ,เนื่องจากขณะนี้เกิดเหตุน้ำท่วมขังบริเวณ บ้านเลขที่ 31 ซอยบึงขวาง 12 แขวงแสนแสบ เขตมีนบุรี กทม 10510 รายละเอียดของปัญหาที่พบจาก น้ำท่วมขังภายนอกอาคาร: มีน้ำท่วมขังเป็นวงกว้างบริเวณรอบตัวบ้าน สวน และทางเดิน ระดับน้ำท่วมสูง: ระดับน้ำภายนอกสูงถึงระดับหน้า,https://storage.googleapis.com/traffy_public_bucket/attachment/2026-09/080bfba57f151d9aca8b0cb3873b4dbf.jpeg
2026-76DD7X,finish,2026-09-30 18:04,2026-10-01 17:02,100.68575,13.81276,คันนายาว,คันนายาว,พี่ชื่อ สุนันทา แสงไชย เป็น อสส. หมู่บ้าน ฐานทอง เขตคันายาว ดูแล ปชช. ทั้งหมด 7 ซอย และบริเวณใกล้เคียง ซอยละ 33 หลังคาเรือน มีประชากรมากกว่า 300 คน และยังไม่มีหน่วยงานไหน มาช่วยเหลือค่ะ เนื่องจาก หมู่บ้านมีน้ำท่วมขังเป็นเวลานาน ปชช. เริ่มมีความลำบาก เพร,https://storage.googleapis.com/traffy_public_bucket/attachment/2026-09/36185140adc620fccffe24d4af456d6a.jpeg
2026-PUTPLZ,inprogress,2026-09-30 18:04,2026-09-30 20:34,100.68735,13.767,สะพานสูง,สะพานสูง,น้ำยังสูงระดับเข่าและเริ่มเน่า ความสูงระดับเกือบเข่า น้ำท่วมมาแล้วลดลงไปเล็กน้อย,https://storage.googleapis.com/traffy_public_bucket/attachment/2026-09/ae8b2b75925715b6ed08dab40d0d6e6d.jpeg
2026-4JZJ3D,inprogress,2026-09-30 18:05,2026-10-02 17:19,100.74283,13.81947,มีนบุรี,มีนบุรี,แยกวัดแสนสุข ถนนนิมิตรใหม่ น้ำขังสูงค่ะ ทำให้รถติดยาวตลอดถนนรามคำแหง รบกวนอัพเดทหรือแก้ไขให้ด้วยค่ะ ความสูงระดับหน้าแข้ง น้ำท่วมมาแล้วน้อยกว่า 1 สัปดาห์,https://storage.googleapis.com/traffy_public_bucket/attachment/2026-09/bd4b7d57666638b383bbeac5ae530122.jpeg
2026-4JZJ3D,forward,2026-09-30 18:05,2026-10-09 13:46,100.74283,13.81947,มีนบุรี,มีนบุรี,แยกวัดแสนสุข ถนนนิมิตรใหม่ น้ำขังสูงค่ะ ทำให้รถติดยาวตลอดถนนรามคำแหง รบกวนอัพเดทหรือแก้ไขให้ด้วยค่ะ ความสูงระดับหน้าแข้ง น้ำท่วมมาแล้วน้อยกว่า 1 สัปดาห์,https://storage.googleapis.com/traffy_public_bucket/attachment/2026-09/bd4b7d57666638b383bbeac5ae530122.jpeg
2026-LHUMKR,forward,2026-09-30 18:05,2026-10-05 16:41,100.69135,13.84755,คลองสามวา,บางชัน,ในหมู่บ้านเสนาวิลล่าซอยพระยาสุเรนทร์ 35 น้ำท่วมขังไม่ลดเลยครับให้ขอมีเครื่องสูบน้ำสูบใส่ลำรางข้างถนนในซอยครับ หัวเข่า่ ตั้งแต่วันศุกร์ที่ 25,https://storage.googleapis.com/traffy_public_bucket/attachment/2026-09/5ac2a56f5d7bd51a6addad6dda26f6e1.jpeg
2026-W8ADJC,finish,2026-09-30 18:08,2026-10-05 16:20,100.64718,13.77823,บางกะปิ,คลองจั่น,ในซอยน้ำท่วม ความสูงระดับหน้าแข้ง 5 วัน,https://storage.googleapis.com/traffy_public_bucket/attachment/2026-09/e5dd9552fb2855b07e10e06670dd6f1f.jpeg
2026-Z4XFAB,inprogress,2026-09-30 18:09,2026-10-02 13:48,100.80163,13.78904,หนองจอก,ลำผักชี,หมู่บ้านฟลอร่าวิลล์ พาร์ค โฮม เขตหนองจอก แขวงลำผักชี สุวินทวงศ์ น้ำไม่ลดลงเลย น้ำเริ่มเน่า ไม่มีเสบียงอาหาร ความสูงระดับหัวเข่า น้ำท่วมมาแล้วน้อยกว่า 1 สัปดาห์,https://storage.googleapis.com/traffy_public_bucket/attachment/2026-09/18b4a753b3b813c58930af7d491059ed.jpeg
2026-UVUETM,forward,2026-09-30 18:11,2026-10-03 09:15,100.87777,13.79176,หนองจอก,ลำต้อยติ่ง,ถนนร่วมพัฒนาตั้งแต่ปากซอยเข้าขนส่งพื้นที่4ยาวถึงวันราษโกษาน้ำท่วมสูงรถเล็กไม่สามารถสันจรได้ช่วยเร่งพร่องน้ำให้รถเล็กสามารถสันจรได้ประชาชนไม่สาสามารถออกมาทำงานได้ ความสูงระดับหัวเข่า น้ำท่วมมาแล้วมากกว่า 1 สัปดาห์,https://storage.googleapis.com/traffy_public_bucket/attachment/2026-09/94c00d1d17fb4afa95e0ea8968e3063b.jpeg
2026-82YVD2,forward,2026-09-30 18:13,2026-09-30 18:16,100.65953,13.79856,บึงกุ่ม,คลองกุ่ม,ในซอยนวมินทร์ 42 ตั้งแต่แยก 5 ถึงแยก 25 ยังมีน้ำท่วมสูงอยู่เลย รถเล็กสัญจรไม่ได้ `เนื่องจาก` ไม่ได้เปิดปั๊มระบายน้ำ 2 ตัวที่มีอยู่ รบกวนให้ทีมงานเปิดเพื่อให้น้ำลดด้วยครับ น้ำในคลองต่ำกว่าตลิ่งเยอะแล้ว ความสูงระดับเอว น้ำท่วมมาแล้วน้อยกว่า 1 สัปดาห์,https://storage.googleapis.com/traffy_public_bucket/attachment/2026-09/3ec352fbc04cf8ce630c961cd1cec13a.jpeg
2026-EJL6GE,inprogress,2026-09-30 18:14,2026-10-02 17:19,100.74209,13.80369,มีนบุรี,แสนแสบ,น้ำท่วมขังตลอดเส้นทาง ท่วมขังมา3-4 วัน และเริ่มส่งกลิ่นเหม็น ความสูงระดับหน้าแข้ง น้ำท่วมมาแล้วน้อยกว่า 1 สัปดาห์,https://storage.googleapis.com/traffy_public_bucket/attachment/2026-09/63347d68b39bb6771bbc139497107630.jpeg
2026-98GDNV,inprogress,2026-09-30 18:16,2026-09-30 20:33,100.68167,13.78291,สะพานสูง,สะพานสูง,แจ้งเรื่องให้ทำกำแพงกันดินไม่ให้น้ำฝนไหลข้ามฝั่งมายังทางเข้า-ออกในซอยรามฯ147 ความสูงระดับช่วงฝนตกก่อนน้ำท่วมที่ผ่านมามีน้ำไหลลงมายังทางเข้า-ออกราม147 น้ำท่วมมาแล้วมากกว่า3ปี,https://storage.googleapis.com/traffy_public_bucket/attachment/2026-09/ba07ee6393b5dcb4ee7002a649572aa4.jpeg
2026-9TNGWH,forward,2026-09-30 18:18,2026-10-01 09:04,100.67113,13.89503,สายไหม,ออเงิน,น้ำท่วมในซอยจตุโชติ 10 ความลึก 40-70 ซม. ในบางจุด ความสูงระดับเอว น้ำท่วมมาแล้วน้อยกว่า 1 สัปดาห์,https://storage.googleapis.com/traffy_public_bucket/attachment/2026-09/6a992fe7fdceacb629fdadb31f5f30cc.jpeg
2026-8FFTMM,inprogress,2026-09-30 18:21,2026-09-30 22:00,100.88144,13.77445,หนองจอก,ลำต้อยติ่ง,ถนนคลองลำตามีร้องไห้แขวงลำต้อยติ่งเขตหนองจอกกทมมีน้ำท่วมสูงประชาชนสันจรลำบากทั้งนักเรียนคนทำงานและประชาชนชาวบ้านรถเล็กไม่สามารถสันจรได้เลยต้องอาศัยรถยกสูงเท่านั้นถึงจะออกมาได้ประชาชนเดือดร้อนมากทั้งนักเรียนนักศึกษาคนทำงานไม่สามารถออกมาได้ ความสูงระดับเอว ,https://storage.googleapis.com/traffy_public_bucket/attachment/2026-09/4ab8f246a0cc4e622c0c6bd1158e376a.jpeg
2026-WVMZJX,forward,2026-09-30 18:23,2026-10-01 09:04,100.68561,13.88711,สายไหม,ออเงิน,น้ำท่วมขังจนเน่า ควรเร่งการระบายน้ำที่คลองเจ้าหล้าใหญ่ ความสูงระดับสูงเกือบ 1 เมตร น้ำท่วมมาแล้วตั้งแต่วันที่ 25/9,https://storage.googleapis.com/traffy_public_bucket/attachment/2026-09/ac47d583e57a147d24293248c426b306.jpeg
2026-EERHLT,inprogress,2026-09-30 18:24,2026-09-30 20:32,100.68722,13.76266,สะพานสูง,สะพานสูง,น้ำท่วมขัง ความสูงระดับหัวเข่า น้ำท่วมมาแล้วน้อยกว่า 1 สัปดาห์,https://storage.googleapis.com/traffy_public_bucket/attachment/2026-09/eb36763c0a2ec6065a8ef58fdc44a258.jpeg
2026-74CZV6,start,2026-09-30 18:25,2026-09-30 18:25,100.72479,13.72205,ลาดกระบัง,ลาดกระบัง,ปัญหา: ถนนดังกล่าว หน้า D condo ตั้งแต่หน้าห้างสรรพสินค้าโรบินสัน สุวรรณภูมิ ไปจนถึงหน้าวัดลานบุญ พบน้ำท่วมขังมีระดับสูง ระดับน้ำสูงประมาณ 20 – 25 เซนติเมตร ส่งผลให้มีรถยนต์จอดเสียขวางการจราจรจำนวนมาก รวมถึมีการจอดรถซ้อนคันซ้อนกันถึง 2 ช่องทางจราจรทั้งสอง,https://storage.googleapis.com/traffy_public_bucket/attachment/2022-12/da2125e781282589d482070c3dba1726aa16a4a7.jpg
2026-FHW7BA,finish,2026-09-30 18:25,2026-10-05 14:27,100.63329,13.76214,บางกะปิ,หัวหมาก,น้้ำท่วมขัง ซอยรามคำแหง79/2 ค่ะ ซอยอื่นแห้งหมดแล้ว ที่ซอยยังครึ่งแข้งอยู่ ความสูงระดับหน้าแข้ง 1 สัปดาห์,https://storage.googleapis.com/traffy_public_bucket/attachment/2026-09/09ca49a5e74c199d403933aa664cf6c7.jpeg
2026-PFGEBW,inprogress,2026-09-30 18:28,2026-09-30 20:32,100.68721,13.76307,สะพานสูง,สะพานสูง,น้ำยังท่วมอยู่เลยครับไม่ยุบเลยน้ำเน่าแล้ว ความสูงระดับเอว น้ำท่วมมาแล้วน้อยกว่า 1 สัปดาห์,https://storage.googleapis.com/traffy_public_bucket/attachment/2026-09/4f0451b6a288d2c2e6b999676f51bad0.jpeg
2026-WPTFCV,start,2026-09-30 18:28,2026-09-30 18:28,100.74706,13.73819,ลาดกระบัง,คลองสามประเวศ,ขอช่วยเรื่องเครื่องสูบน้ำค่ะ ด้านหน้าเข่า ในซอยลึกถึงเองค่ะ ตั้งแต่วันที่25ก.ยค่ะ,https://storage.googleapis.com/traffy_public_bucket/attachment/2026-09/00b80d29285c53275e3c95ce472d23eb.jpeg
2026-2Z24UL,finish,2026-09-30 18:29,2026-10-02 15:17,100.56551,13.86208,หลักสี่,ทุ่งสองห้อง,ปัญหา: บริเวณบ้านเลขที่ 1/229 เนื่องจากเหตุอุทกภัย ต้องการความช่วยเหลือในการอพยพผู้ป่วยติดเตียง ออกนอกพื้นที่โดยด่วน จำนวน 1 คน คุณ นพปภา 0818087422 บ้านเลขที่: 1/229 ซอย: วิภาวดี 25 ถนน: วิภาวดีรังสิต จุดสังเกต: เข้าซอยไปประมาณ 300 เมตร อยู่ทางด้านขวาม,https://storage.googleapis.com/traffy_public_bucket/attachment/2022-12/da2125e781282589d482070c3dba1726aa16a4a7.jpg
2026-8VXVFU,inprogress,2026-09-30 18:29,2026-09-30 22:00,100.85985,13.80349,หนองจอก,ลำผักชี,ปัญหา: ภายในชุมชนดังกล่าว พบน้ำท่วมขังเต็มพื้นที่ เนื่องจากในชุมชนมีกระสอบทรายแล้วแต่ยังขาดแคลนทราย ซึ่งจำเป็นต้องใช้ทรายวางเป็นฐานสำหรับเอาไม้พาดทำทางเดินชั่วคราวให้ชาวบ้านสัญจรเข้า-ออกบ้านพักอาศัย ทั้งนี้ ประชาชนไปยื่นเรื่องขอทรายที่สำนักงานเขตแล้ว แต่ไ,https://storage.googleapis.com/traffy_public_bucket/attachment/2022-12/da2125e781282589d482070c3dba1726aa16a4a7.jpg
2026-9PJMTX,finish,2026-09-30 18:30,2026-10-03 17:03,100.56178,13.90035,หลักสี่,ทุ่งสองห้อง,ปัญหา: ตลอดทั้งซอยดังกล่าว ภายในหมู่บ้านเมืองทอง 1 พบระดับน้ำท่วมขังสูง เอ่อล้นเข้ามาถึงบริเวณบันไดชั้น 2 ส่งผลกระทบต่อการสัญจรและสร้างความเดือดร้อนให้แก่ผู้พักอาศัยในบริเวณดังกล่าว โดยมีผู้สูงอายุและผู้ป่วยติดค้างอยู่ภายในบ้าน ไม่สามารถเดินทางออกมารับประ,https://storage.googleapis.com/traffy_public_bucket/attachment/2022-12/da2125e781282589d482070c3dba1726aa16a4a7.jpg
2026-WJ28ZN,inprogress,2026-09-30 18:32,2026-09-30 20:31,100.68722,13.76266,สะพานสูง,สะพานสูง,น้ำเน่าเสีย ท่วมขัง ความสูงระดับหัวเข่า น้ำท่วมมาแล้วน้อยกว่า 1 สัปดาห์,https://storage.googleapis.com/traffy_public_bucket/attachment/2026-09/55a3791f29c06057844eaa9e000db858.jpeg
2026-YA4UCU,start,2026-09-30 18:32,2026-09-30 18:32,100.73813,13.72428,ลาดกระบัง,ลาดกระบัง,จะได้วางแผนเดินทางค่ะ ความสูงระดับหัวเข่า น้ำท่วมมาแล้วน้อยกว่า 1 สัปดาห์,https://storage.googleapis.com/traffy_public_bucket/attachment/2026-09/38235d98110b505a8a4af0bfbde43c7e.jpeg
2026-ECEGUX,inprogress,2026-09-30 18:38,2026-10-01 10:49,100.6516,13.73366,สวนหลวง,สวนหลวง,ถนนซอยในหมู่บ้านพัฒนาการ53 ยังมีน้ำท่วมสูง ทำให้ไม่สามารถออกไปทำงานได้ ความสูงระดับหัวเข่าได้ค่ะ น้ำท่วมมาแล้ว5 วันแล้ว ลดลงไม่มาก,https://storage.googleapis.com/traffy_public_bucket/attachment/2026-09/ec900cbf9661dbc26306bd3a04fd9e16.jpeg
2026-ECEGUX,finish,2026-09-30 18:38,2026-10-06 07:14,100.6516,13.73366,สวนหลวง,สวนหลวง,ถนนซอยในหมู่บ้านพัฒนาการ53 ยังมีน้ำท่วมสูง ทำให้ไม่สามารถออกไปทำงานได้ ความสูงระดับหัวเข่าได้ค่ะ น้ำท่วมมาแล้ว5 วันแล้ว ลดลงไม่มาก,https://storage.googleapis.com/traffy_public_bucket/attachment/2026-09/ec900cbf9661dbc26306bd3a04fd9e16.jpeg
2026-DMZYAA,inprogress,2026-09-30 18:39,2026-09-30 20:30,100.70329,13.77171,สะพานสูง,สะพานสูง,น้ำท่วม 5 วัน ไม่ลดเลย ไม่มี หน่วยงานรัฐ ราชการ ผอ เขตสะพานสูงมาสูวออก น้ำเน่า 5 วัน ผู้พักอาศัย เป็นผู้สูงอายุ เยอะมาก เดินทางลำบาก น้ำเน่า ยุงเยอะ ความสูงระดับไฟฟ้าก็ดับ น้ำท่วมมาแล้วมากกว่า 1 สัปดาห์,https://storage.googleapis.com/traffy_public_bucket/attachment/2026-09/32f24cddb986754601ca6279eb6c98b0.jpeg
2026-WTDBHZ,inprogress,2026-09-30 18:41,2026-09-30 20:30,100.6865,13.76232,สะพานสูง,สะพานสูง,น้ำท่วมโรงเรียนนานาชาติASCOTไม่ยอมลดสักที ความสูงระดับหัวเข่า น้ำท่วมมาแล้วมากกว่า 1 สัปดาห์,https://storage.googleapis.com/traffy_public_bucket/attachment/2026-09/d474649484872b76a73d6d090b1f1a7c.jpeg
2026-KR9EV3,inprogress,2026-09-30 18:43,2026-09-30 20:30,100.70337,13.7717,สะพานสูง,สะพานสูง,น้ำท่วมขัง 6 วัน รัดับน้ำไม่ลด เริ่มดำ เน่า ไฟดับ ขยะเยอะ ยุงเยอะ ใช้ชีวิตลำบาก คนแก่อยู่เยอะ ความสูงระดับหัวเข่า น้ำท่วมมาแล้วมากกว่า 1 สัปดาห์,https://storage.googleapis.com/traffy_public_bucket/attachment/2026-09/7d009eed8d3377731a6e0c58fff7c7ed.jpeg
2026-A844BT,inprogress,2026-09-30 18:45,2026-09-30 19:44,100.64879,13.75672,บางกะปิ,หัวหมาก,ปัญหา: บริเวณบ้านเลขที่ 24 พบมีน้ำท่วมขัง เนื่องจากฝนตกหนักจึงต้องการขอรับความช่วยเหลือด้านเครื่องอุปโภคบริโภค จำนวน 200 ท่าน โดยแบ่งเป็นผู้ป่วยติดเตียงจำนวน 10 ท่าน และ เด็กจำนวน 30 ท่าน จึงต้องการให้เจ้าหน้าที่ดำเนินการตรวจสอบและแก้ไขปัญหาดังกล่าว ชื่อ,https://storage.googleapis.com/traffy_public_bucket/attachment/2022-12/da2125e781282589d482070c3dba1726aa16a4a7.jpg
2026-A844BT,finish,2026-09-30 18:45,2026-10-08 21:23,100.64879,13.75672,บางกะปิ,หัวหมาก,ปัญหา: บริเวณบ้านเลขที่ 24 พบมีน้ำท่วมขัง เนื่องจากฝนตกหนักจึงต้องการขอรับความช่วยเหลือด้านเครื่องอุปโภคบริโภค จำนวน 200 ท่าน โดยแบ่งเป็นผู้ป่วยติดเตียงจำนวน 10 ท่าน และ เด็กจำนวน 30 ท่าน จึงต้องการให้เจ้าหน้าที่ดำเนินการตรวจสอบและแก้ไขปัญหาดังกล่าว ชื่อ,https://storage.googleapis.com/traffy_public_bucket/attachment/2022-12/da2125e781282589d482070c3dba1726aa16a4a7.jpg
2026-2MZMRD,inprogress,2026-09-30 18:50,2026-10-02 16:38,100.63947,13.7735,บางกะปิ,คลองจั่น,ปัญหา: บริเวณบ้านเลขที่ 203 พบระดับน้ำท่วมขังสูงประมาณครึ่งแข้ง ไหลเข้าท่วมภายในบ้านเรือนทำให้ห้องน้ำไม่สามารถใช้งานได้ ส่งผลกระทบต่อการดำรงชีวิตและสร้างความเดือดร้อนให้แก่ผู้พักอาศัยในบริเวณดังกล่าว จึงขอความช่วยเหลือในการอพยพผู้ประสบภัย จำนวน 4 ท่าน ติด,https://storage.googleapis.com/traffy_public_bucket/attachment/2022-12/da2125e781282589d482070c3dba1726aa16a4a7.jpg
2026-2MZMRD,finish,2026-09-30 18:50,2026-10-08 21:45,100.63947,13.7735,บางกะปิ,คลองจั่น,ปัญหา: บริเวณบ้านเลขที่ 203 พบระดับน้ำท่วมขังสูงประมาณครึ่งแข้ง ไหลเข้าท่วมภายในบ้านเรือนทำให้ห้องน้ำไม่สามารถใช้งานได้ ส่งผลกระทบต่อการดำรงชีวิตและสร้างความเดือดร้อนให้แก่ผู้พักอาศัยในบริเวณดังกล่าว จึงขอความช่วยเหลือในการอพยพผู้ประสบภัย จำนวน 4 ท่าน ติด,https://storage.googleapis.com/traffy_public_bucket/attachment/2022-12/da2125e781282589d482070c3dba1726aa16a4a7.jpg
2026-PAHW7B,inprogress,2026-09-30 18:50,2026-09-30 20:29,100.68934,13.76209,สะพานสูง,สะพานสูง,ซ. รามคำแหง118 แยก 55 เมื่อไหร่น้ำจะลดท่วมมา 5 วันแล้วค่ะ ความสูงระดับหน้าแข้ง น้ำท่วมมาแล้วน้อยกว่า 1 สัปดาห์,https://storage.googleapis.com/traffy_public_bucket/attachment/2026-09/62cd10e55bcb42a675646db5c89dc897.jpeg
2026-RT6R3X,finish,2026-09-30 18:50,2026-10-01 08:42,100.67683,13.68987,ประเวศ,ดอกไม้,จะรบกวนขอกระสอบทราย บ้านเลขที่ 9/2 หมู่บ้าน เดอ สยาม ที่อยู่ซอย เฉลิมพระเกียรติ ซ 38 เนื่องด้วยฝนตกหนักที่ผ่านมาทำให้ ทั้งทางเข้าหมู่บ้าน แล้วในหมู่บ้าน น้ำท่วม เกือบเข้าตัวบ้าน เลบจะขอกระสอบทราบไว้กันครับ ความสูงระดับหน้าแข้ง น้ำท่วมมาแล้วน้อยกว่า 1 สัปด,https://storage.googleapis.com/traffy_public_bucket/attachment/2026-09/0d49e3ab5b6715507544709c3f8c1074.jpeg
2026-BNW4JR,inprogress,2026-09-30 18:51,2026-09-30 20:28,100.68433,13.74745,สะพานสูง,สะพานสูง,น้ำท่วมขังสำนักงาาหลายวัน ไม่สามารถเปิดทำการได้ น้ำส่งกลิ่นเหม็น รบกวนเร่งระบาย ความสูงระดับเอว 6 วัน,https://storage.googleapis.com/traffy_public_bucket/attachment/2026-09/4a7edc15fec54bae0f6d9f991b3aff6e.jpeg
2026-2YYRXA,inprogress,2026-09-30 18:53,2026-10-01 08:43,100.67135,13.73078,ประเวศ,ประเวศ,น้ำในซอยพัฒนาการ 65 ไม่ลดลงเลยแถมเน่าเสียเยอะขึ้นมากช่วยหน่อยเถอะค่ะ ความสูงระดับหัวเข่า 4วัน,https://storage.googleapis.com/traffy_public_bucket/attachment/2026-09/cba109206a46ad2e37a436928b4c8451.jpeg
2026-KTR4LB,inprogress,2026-09-30 18:53,2026-09-30 20:28,100.68721,13.76307,สะพานสูง,สะพานสูง,น้ำเริ่มเน่าแล้วครับ ความสูงระดับหัวเข่า น้ำท่วมมาแล้วน้อยกว่า 1 วัน,https://storage.googleapis.com/traffy_public_bucket/attachment/2026-09/bc31457274994966fc38eeaa259b6e07.jpeg
2026-WWBGDK,inprogress,2026-09-30 18:55,2026-10-02 16:38,100.65927,13.74159,บางกะปิ,หัวหมาก,ด่วนที่สุด ที่.................. ลงวันที่ 30 กันยายน 2569 เรื่อง ขอให้ติดตามและเร่งรัดการช่วยเหลือประชาชนผู้ประสบอุทกภัย หมู่บ้านพาทิโอ ศรีนครินทร์–พระราม 9 เรียน ผู้ว่าราชการกรุงเทพมหานคร อ้างถึง หนังสือขอให้เร่งรัดช่วยเหลือประชาชนผู้ประสบอุทกภัยในหม,https://storage.googleapis.com/traffy_public_bucket/attachment/2026-09/2bda96648b028b626746d338c53a89b1.jpeg
2026-WWBGDK,finish,2026-09-30 18:55,2026-10-09 12:19,100.65927,13.74159,บางกะปิ,หัวหมาก,ด่วนที่สุด ที่.................. ลงวันที่ 30 กันยายน 2569 เรื่อง ขอให้ติดตามและเร่งรัดการช่วยเหลือประชาชนผู้ประสบอุทกภัย หมู่บ้านพาทิโอ ศรีนครินทร์–พระราม 9 เรียน ผู้ว่าราชการกรุงเทพมหานคร อ้างถึง หนังสือขอให้เร่งรัดช่วยเหลือประชาชนผู้ประสบอุทกภัยในหม,https://storage.googleapis.com/traffy_public_bucket/attachment/2026-09/2bda96648b028b626746d338c53a89b1.jpeg
2026-UTE2C9,inprogress,2026-09-30 18:59,2026-10-01 08:43,100.69679,13.72258,ประเวศ,ประเวศ,ซอยอ่อนนุช 73/2 น้ำท่วมถึงหัวเข่ามาตั้งแต่ช่วงดึกวันศุกร์ ถึงขณะนี้น้ำลดลงไปประมาณ 3 นิ้ว ความสูงระดับหัวเข่า น้ำท่วมมาแล้วน้อยกว่า 1 สัปดาห์,https://storage.googleapis.com/traffy_public_bucket/attachment/2026-09/c1b821f149d09fc622566d0c1ac35355.jpeg
2026-FAM8CL,forward,2026-09-30 19:00,2026-10-02 06:14,100.71999,13.83203,คลองสามวา,บางชัน,ปัญหา: บริเวณบ้านเลขที่ 129/1 ซอยหทัยราษฎร์ 29/1 ติดปั๊มน้ำมัน PT พบปัญหาน้ำท่วมขังเข้าบ้านพักอาศัยจนไม่สามารถพักอาศัยอยู่ภายในบ้านได้ ผู้ประสบภัยต้องออกมากางเต็นท์พักค้างอยู่ริมถนน และได้รับผลกระทบจากคลื่นน้ำที่รถสัญจรไปมาสาดใส่ รวมถึงยังขาดแคลนอาหาร จึง,https://storage.googleapis.com/traffy_public_bucket/attachment/2022-12/da2125e781282589d482070c3dba1726aa16a4a7.jpg
2026-3ZPWBR,forward,2026-09-30 19:01,2026-10-01 09:01,100.62392,13.94083,ดอนเมือง,สนามบิน,น้ำท่วมสูง ความสูงระดับซอย พหลโยธิน 62 น้ำท่วมมาแล้วประมาณ20-40cm 5วัน,https://storage.googleapis.com/traffy_public_bucket/attachment/2026-09/b5d8e00039cc184dc713cf0ced83a7e1.jpeg
2026-CLL2TG,inprogress,2026-09-30 19:01,2026-10-02 17:16,100.70588,13.81302,มีนบุรี,มีนบุรี,เนื่องจากปัญหาน้ำท่วมทำให้การเดินของคนในซอยนี้เป็นไปยากลำบาก วินมอเตอร์ไซด์ก็งดวิ่ง รถสองแถวก็แทบจะไม่มี คนต้องโบกขอขึ้นรถติดไปลงระหว่างทางในซอยที่ใกล้ที่สุด อยากจะวอนขอหน่วยงายช่วยเหลืออำนวยความสะดวกให้ทีครับ ความสูงระดับหน้าแข้ง น้ำท่วมมาแล้วน้อยกว่า 1 ,https://storage.googleapis.com/traffy_public_bucket/attachment/2026-09/475016ac102759c6d41ea095c01b620e.jpeg
2026-FMJXNT,inprogress,2026-09-30 19:05,2026-10-01 09:06,100.69053,13.79242,คันนายาว,คันนายาว,ทางสำนักงานเขตคันนายาว พอจะมีเรือให้ยืมเพื่อใช้ออกไปซื้อสิ่งของจำเป็นได้ไหมครับ ผมป่วยเป็นแผลที่ขาขวาโดนน้ำไม่ได้ครับ แต่ต้องการออกไป รพ นวมินทร์ 9 เพื่อล้างแผลพบแพทย์ครับ และอาจจะต้องซื้อของจำเป็นด้วยครับ #ขอกระสอบทราย/อื่นๆ,https://storage.googleapis.com/traffy_public_bucket/attachment/2026-09/133b0fae6d2cc13ebc2e3641893c2e37.jpeg
2026-FMJXNT,irrelevant,2026-09-30 19:05,2026-10-06 13:38,100.69053,13.79242,คันนายาว,คันนายาว,ไม่แสดงรายละเอียด,https://storage.googleapis.com/traffy_public_bucket/TeamChadChart/fondue_photo.png
2026-YLVAJA,inprogress,2026-09-30 19:05,2026-10-01 10:52,100.62638,13.73532,สวนหลวง,สวนหลวง,ซอยพัฒนาการ 40 หลังสะพาน ยังพบน้ำท่วมขังระดับหน้าแข้ง ออกจากซอยไปทำงานลำบากมากค่ะ ความสูงระดับระดับหน้าแข้ง ขังแบบนี้ตั้งแต่วันศุกร์ที่ผ่านมา ยันวันนี้ค่ะ ทั้งที่หน้าซอยแห้งหมดแล้ว น้ำท่วมมาแล้วน้อยกว่า 1 สัปดาห์,https://storage.googleapis.com/traffy_public_bucket/attachment/2026-09/9c7760fa413b635ff5e8ba59d04bf77d.jpeg
2026-YLVAJA,finish,2026-09-30 19:05,2026-10-06 09:29,100.62638,13.73532,สวนหลวง,สวนหลวง,ซอยพัฒนาการ 40 หลังสะพาน ยังพบน้ำท่วมขังระดับหน้าแข้ง ออกจากซอยไปทำงานลำบากมากค่ะ ความสูงระดับระดับหน้าแข้ง ขังแบบนี้ตั้งแต่วันศุกร์ที่ผ่านมา ยันวันนี้ค่ะ ทั้งที่หน้าซอยแห้งหมดแล้ว น้ำท่วมมาแล้วน้อยกว่า 1 สัปดาห์,https://storage.googleapis.com/traffy_public_bucket/attachment/2026-09/9c7760fa413b635ff5e8ba59d04bf77d.jpeg
2026-C4EJ29,forward,2026-09-30 19:07,2026-10-05 16:40,100.6831,13.8592,คลองสามวา,บางชัน,แจ้งปัญหาน้ำท่วมขังยังไม่ได้รับการแก้ไข ตอนนี้น้ำเริ่มเน่าแล้วค่ะ ความสูงระดับ45-60เซนติเมตร น้ำท่วมมาแล้ว5วัน,https://storage.googleapis.com/traffy_public_bucket/attachment/2026-09/81d33440d7a3fd4cf8615c2d9e7604ef.jpeg
2026-YUUKW6,forward,2026-09-30 19:12,2026-10-05 16:25,100.7518,13.82364,คลองสามวา,ทรายกองดินใต้,ขอร้องเรียนและขอให้หน่วยงานที่เกี่ยวข้องเร่งเข้ามาตรวจสอบและแก้ไขปัญหาน้ำท่วมบริเวณริมคลองแสนแสบ ใกล้โรงเรียนสุเหร่าแสนแสบค่ะ ช่วงเช้าวันนี้บริเวณหน้าบ้านยังไม่มีน้ำท่วม แต่ช่วงเย็นระดับน้ำเพิ่มสูงขึ้นอย่างรวดเร็ว และไม่มีการระบายน้ำที่เพียงพอ ส่งผลให้น้,https://storage.googleapis.com/traffy_public_bucket/attachment/2026-09/b3391d5f3e6b2f85787ecb83c7880f95.jpeg
2026-L7B2Y6,start,2026-09-30 19:13,2026-09-30 19:13,100.78667,13.72195,ลาดกระบัง,ลาดกระบัง,ปัญหา: ริมถนนดังกล่าว บริเวณบ้านเลขที่ 613/1 พบน้ำท่วมขัง ระดับน้ำสูงประมาณ 30-50 เซนติเมตร และเริ่มส่งกลิ่นเหม็นรบกวน ประชาชนไม่สามารถเดินทางออกจากพื้นที่ได้ จึงมีความประสงค์ขอรับการสนับสนุนลูกบอลชีวภาพ (EM Ball) จำนวนมาก เพื่อใช้แก้ไขปัญหาน้ำเน่าเสียในบ,https://storage.googleapis.com/traffy_public_bucket/attachment/2022-12/da2125e781282589d482070c3dba1726aa16a4a7.jpg
2026-8NZMRJ,inprogress,2026-09-30 19:19,2026-10-02 17:16,100.74708,13.82319,มีนบุรี,มีนบุรี,น้ำปรับระดับสูงขึ้นมากกว่า 10ซม ภายใน 4ชั่วโมง ความสูงระดับประมาณ 10ซม น้ำท่วมมาแล้ววันนี้ วันเดียวเองครับ,https://storage.googleapis.com/traffy_public_bucket/attachment/2026-09/thumb_f3993966b62c73a5f550202c82aef219.jpg
2026-VPR628,forward,2026-09-30 19:19,2026-09-30 19:54,100.65887,13.76784,บางกะปิ,หัวหมาก,สูบน้ำซอยรามคำแหง72 ให้หน่อยค่ะ ซอยมีระดับต่ำกว่าถนนมากค่ะ สัญจรออกไปทำงานลำบากค่ะ ความสูงระดับปากซอยประมาณ 30เซนค่ะ น้ำท่วมมาแล้วตั้งแต่วันที่ 25/09/2026,https://storage.googleapis.com/traffy_public_bucket/attachment/2026-09/59bf0f720805e5a42148426238ad41b9.jpeg
2026-H2DREJ,start,2026-09-30 19:22,2026-09-30 19:22,100.72939,13.76039,ลาดกระบัง,คลองสองต้นนุ่น,ปัจจุบันอาศัยอยู่ที่ตึกเคหะฯร่มเกล้า ตึก 28 ชั้น4 ห้อง 335/104 ได้รับผลกระทบจากน้ำท่วมถึงระดับคอ ออกไปไหนไม่ได้ ทำงานไม่ได้ มอไซต์จมน้ำ ทรัพย์สินเสียหาย ไม่สามารถเดินทางไปทำงานได้เนื่องจากน้ำล้อมรอบตัวอาคารที่อาศัย ความสูงระดับ165ซม. น้ำท่วมมาแล้ว26 กันยา,https://storage.googleapis.com/traffy_public_bucket/attachment/2026-09/b0c2f5203e9cde6d8dbf74ea82d04422.jpeg
2026-PB4336,inprogress,2026-09-30 19:24,2026-10-01 10:52,100.61145,13.73647,สวนหลวง,สวนหลวง,742 นำ้ท่วม ความสูงระดับหน้าแข้ง น้ำท่วมมาแล้วน้อยกว่า 1 สัปดาห์,https://storage.googleapis.com/traffy_public_bucket/attachment/2026-09/3ca66ceb0cb06fd639ddd90577912e90.jpeg
2026-PB4336,finish,2026-09-30 19:24,2026-10-09 10:46,100.61145,13.73647,สวนหลวง,สวนหลวง,742 นำ้ท่วม ความสูงระดับหน้าแข้ง น้ำท่วมมาแล้วน้อยกว่า 1 สัปดาห์,https://storage.googleapis.com/traffy_public_bucket/attachment/2026-09/3ca66ceb0cb06fd639ddd90577912e90.jpeg
2026-WG28CZ,inprogress,2026-09-30 19:25,2026-10-02 17:16,100.71717,13.78483,มีนบุรี,มีนบุรี,แจ้งปัญหาน้ำท่วมขังรอการระบายระดับสูง (ลักษณะแอ่งกระทะ) พิกัด: หมู่บ้านเพอร์เฟคเพลส รามคำแหง 164 (โซนไพรเวท) ซอย 17/4 แขวงมีนบุรี เขตมีนบุรี ระดับน้ำปัจจุบัน: สูงระดับหน้าแข้งถึงใต้หัวเข่า (ประมาณ 25-35 ซม.) บริเวณถนนหน้าบ้านและทางเข้า-ออก รายละเอียดปัญ,https://storage.googleapis.com/traffy_public_bucket/attachment/2026-09/18dce2fd7d903778841f0290104c9e2c.jpeg
2026-AHNXKL,forward,2026-09-30 19:26,2026-09-30 20:48,100.65039,13.81042,บึงกุ่ม,นวลจันทร์,น้ำขัง รอระบาย ความสูงระดับข้อเท้า น้ำท่วมมาแล้วน้อยกว่า 1 วัน,https://storage.googleapis.com/traffy_public_bucket/attachment/2026-09/81fdf5e042d2080ddc8a16d5e65cbf8b.jpeg
2026-FNGWRV,finish,2026-09-30 19:26,2026-10-05 16:18,100.65559,13.76088,บางกะปิ,หัวหมาก,น้ำท่วมตัวบ้านและบริเวณบ้านจะขอหนังสือรับรองค่ะ ความสูงระดับหัวเข่า น้ำท่วมมาแล้วน้อยกว่า 1 สัปดาห์,https://storage.googleapis.com/traffy_public_bucket/attachment/2026-09/cae32976e5bea8d2cb9cb3e6e7aaffa7.jpeg
2026-BHBUH2,finish,2026-09-30 19:27,2026-09-30 23:09,100.43484,13.72648,ภาษีเจริญ,บางด้วน,ปัญหา: บริเวณบ้านเลขที่ 135 ซอยเพชรเกษม 48 พบผู้ประสบภัยมีความประสงค์ขอรับการช่วยเหลือ ส่งผลกระทบต่อความปลอดภัยและการดำรงชีพ จึงขอความช่วยเหลือในการอพยพผู้ประสบภัย จำนวน 1 ราย (เพศชาย) โดยด่วน ติดต่อคุณประธานสิริ โทร. 0935639524 บ้านเลขที่: 135 ซอย: เพชรเ,https://storage.googleapis.com/traffy_public_bucket/attachment/2022-12/da2125e781282589d482070c3dba1726aa16a4a7.jpg
2026-C3AP3L,finish,2026-09-30 19:28,2026-10-04 11:43,100.64787,13.73039,สวนหลวง,สวนหลวง,น้ำท่วมหน้าเตรียมพัฒน์ เข้าออกหมู่บ้านเอื้อสุขไม่ได้ ลูกบ้านลำบากมาก ทั้งๆที่ถนนหลักและถนนมนหมู่บ้าน ระดับน้ำเริ่มลดแล้ว ขอให้ทางกทมและเขต ช่วยระบายน้พหน้าเตรียมพัฒน์ด้วยครับ ความสูงระดับหัวเข่า น้ำท่วมมาแล้วน้อยกว่า 1 สัปดาห์,https://storage.googleapis.com/traffy_public_bucket/attachment/2026-09/0dab68a71f435da44160e97ba5193a86.jpeg
2026-6EMNRF,inprogress,2026-09-30 19:29,2026-10-01 08:47,100.64989,13.72775,ประเวศ,ประเวศ,หมู่บ้านเมืองทอง 2/1 ถนนพัฒนาการ ซอย 74 น้ำท่วมขังสูงและเริ่มส่งกลิ่น อยากให้ส่งคนไปแนะนำและช่วยแก้ปัญหา เสริมเขื่อนและสูบน้ำออก ความสูงระดับบางแห่งเลยเข่าครับ ภาพรวม 50 ซม. รถเล็กวิ่งไม่ได้ น้ำท่วมมาแล้วน้ำเริ่มส่งกลิ่น,https://storage.googleapis.com/traffy_public_bucket/attachment/2026-09/0dbfdf0508771a947509f5aa7b89c704.jpeg
2026-LN2842,inprogress,2026-09-30 19:29,2026-09-30 20:25,100.70026,13.76545,สะพานสูง,สะพานสูง,นํ้ารอการระบายที่ถนนราษฎร์พัฒนา25 สะพานสูง ความสูงระดับหัวเข่า 6วัน,https://storage.googleapis.com/traffy_public_bucket/attachment/2026-09/cb489f17b6b4d42d9c3fe2c909efab4c.jpeg
2026-TTAD8J,inprogress,2026-09-30 19:31,2026-10-01 15:58,100.73737,13.76163,ลาดกระบัง,คลองสองต้นนุ่น,น้ำท่วม ข้าว อาหารไม่มีเลยไม่มีคนมาแจกอาหารน้ำไม่มี อดมาตั้งแต่25แล้วน้ำก็ไม่ลด ตอนนี้ถึงเอวเข้าบ้าน จะซื้อของต้องไปบิ๊กซีร่มเกล้าทางเดินไปถึงไหล่น้ำลึกมาก ไปเช้ากลับเย็นเงินก็ไม่มีแล้ว ตอนนี้ไม่น้ำก็ไม่ลงเลย ท่วมมาตั้งแต่25กันยาแล้วค่ะ ความสูงระดับสูงกว่,https://storage.googleapis.com/traffy_public_bucket/attachment/2026-09/641d0636ff70282a153c75aa8cb67523.jpeg
2026-TXWBZ8,inprogress,2026-09-30 19:33,2026-10-02 17:16,100.75252,13.82382,มีนบุรี,แสนแสบ,ขอร้องเรียนเรื่องการระบายน้ำบริเวณริมคลองแสนแสบ ใกล้โรงเรียนสุเหร่าแสนแสบค่ะ ขณะนี้ฝั่งหนึ่งของประตูระบายน้ำระดับน้ำแห้ง แต่ไม่มีการเปิดประตูระบายน้ำ ขณะที่ฝั่งบ้านประชาชนระดับน้ำกลับสูงขึ้นและไม่มีการขยับลดลงเลย เมื่อ 1–2 วันก่อนยังมีการระบายน้ำไปทางบางป,https://storage.googleapis.com/traffy_public_bucket/attachment/2026-09/41a7ec44afe81eefea906d78a22c0632.jpeg
2026-7NKZDG,finish,2026-09-30 19:35,2026-10-05 16:18,100.65556,13.76089,บางกะปิ,หัวหมาก,น้ำท่วมขังในหมู่บ้านเป็นเวลา 5 วันเริ่มตั้งแต่ 26/09/69 ระดับน้ำ ตั้งแต่หัวเข่าถึงสะโพก (50-120 cm)โดยประมาณ ความสูงระดับเอว น้ำท่วมมาแล้วน้อยกว่า 1 สัปดาห์,https://storage.googleapis.com/traffy_public_bucket/attachment/2026-09/a5c293807a169c853a1b54e364bcb631.jpeg
2026-MHHGBW,inprogress,2026-09-30 19:36,2026-10-02 17:16,100.76438,13.80449,มีนบุรี,แสนแสบ,อยุ่ริมคลองซอย23 มีน้ำขังเอ่อเกิน5วันแล้ว ลดช้ามาก จะมีน้ำเหนือมาเพิ่มอีกไหม รถไฟฟ้าออกไม่ได้ ความสูงระดับ25-30ชม วัดเมื่อเช้า30/9/69 เอ่อขังตั้งแต่25-26 น้ำท่วมมาแล้ว5-6วัน,https://storage.googleapis.com/traffy_public_bucket/attachment/2026-09/f306c1261bbc682155ad9fd94789553d.jpeg
2026-YFCUA4,start,2026-09-30 19:39,2026-09-30 19:39,100.73652,13.76246,ลาดกระบัง,คลองสองต้นนุ่น,น้ำท่วมมา5วันแล้วค่ะ อาหารไม่มีเลยค่ะ ไม่มีใครมาแจกอาหาร จะตาลแล้วค่ะ ความสูงระดับสูงกว่าเอว น้ำท่วมมาแล้วน้อยกว่า 1 สัปดาห์,https://storage.googleapis.com/traffy_public_bucket/attachment/2026-09/8446bb84cf47fc9fbf4f5a975df1b33c.jpeg
2026-YKJ2CM,inprogress,2026-09-30 19:39,2026-10-01 08:48,100.67429,13.72208,ประเวศ,ประเวศ,ฝากช่วยดูระดับน้ำในซอยอ่อนนุช 61 ด้วยนะครับ ตอนนี้ระดับน้ำลดลงประมาณครึ่งไม้บรรทัด แต่ยังสูงประมาณระดับหัวเข่า และท่วมขังมาประมาณ 6 วันแล้วครับ ขณะนี้น้ำเริ่มมีสีดำและส่งกลิ่น รถยนต์ขนาดเล็กยังไม่สามารถสัญจรเข้า-ออกได้ จึงอยากขอความช่วยเหลือในการเร่งระบา,https://storage.googleapis.com/traffy_public_bucket/attachment/2026-09/1f61d19d8f69b82e09ee65e480bb46df.jpeg
2026-76PKBU,inprogress,2026-09-30 19:42,2026-10-01 08:49,100.64976,13.72745,ประเวศ,ประเวศ,หมู่บ้านเมืองทอง 2/1 ถนนพัฒนาการ ซอย 74 เขตประเวศ น้ำท่วมขังสูงประมาณ 60 ซม. บางแห่งสูงกว่านั้น เริ่มส่งกลิ่น ท่วมตั้งแต่ 25 กย. อยากให้ส่ง จนท.ไปช่วยบรรเทา เสริมเขื่อนสูบน้ำออก ความสูงระดับหัวเข่า น้ำท่วมมาแล้วน้อยกว่า 1 สัปดาห์,https://storage.googleapis.com/traffy_public_bucket/attachment/2026-09/4e0e04eb117f82e952331fa18f692afe.jpeg
2026-8EV777,forward,2026-09-30 19:43,2026-10-01 08:59,100.68483,13.90899,สายไหม,ออเงิน,น้ำท่วมขังสูง รถเล็กเข้าออกไม่ได้ ความสูงระดับ50 -70 ซม. น้ำท่วมมาแล้วตั้งแต่วันเสาร์,https://storage.googleapis.com/traffy_public_bucket/attachment/2026-09/thumb_df35af7b88230044578cff8df4bf10ad.jpg
2026-EAZ8K3,inprogress,2026-09-30 19:44,2026-10-02 17:17,100.80333,13.80315,มีนบุรี,แสนแสบ,ต้องการให้ปิดการจราจรในซอยสุวินทวงศ์ 42 เนื่องจากมีน้ำท่วมสูงเกิน 80 cm มีรถใหญ่หรือรถสูงเข้ามาทำให้คลื่นน้ำซัดเข้ามาเพิ่มความเสียหายแต่ชาวบ้านที่อยู่ริมคลองและริมถนน ความสูงระดับเอว น้ำท่วมมาแล้วมากกว่า 1 สัปดาห์,https://storage.googleapis.com/traffy_public_bucket/attachment/2026-09/e6780c0bd7848fd14eb4af6eb60699af.jpeg
2026-9DX822,start,2026-09-30 19:45,2026-09-30 19:45,100.80919,13.71477,ลาดกระบัง,ทับยาว,น้ำท่วมภายในหมู่บ้านน้ำสูง 30 เซ็นต์ติเมตร ต้องการให้ช่วยระบายน้ำออก เนื่องจากน้ำเริ่มจะเน่าเสีย และอยากได้ยาแก้น้ำกัดเท้า ความสูงระดับหัวเข่า น้ำท่วมมาแล้วน้อยกว่า 1 สัปดาห์,https://storage.googleapis.com/traffy_public_bucket/attachment/2026-09/73cd32b43a754c9729bc84d5d0863b67.jpeg
2026-DJG46Y,forward,2026-09-30 19:46,2026-10-01 08:17,100.67156,13.87524,บางเขน,ท่าแร้ง,น้ำท่วมขัง ส่งกลิ่นเหม็น ความสูงระดับเอว น้ำท่วมมาแล้วน้อยกว่า 1 สัปดาห์,https://storage.googleapis.com/traffy_public_bucket/attachment/2026-09/fca369393b0c1f51d4553499e3bc07c1.jpeg
2026-DJG46Y,finish,2026-09-30 19:46,2026-10-07 09:56,100.67156,13.87524,บางเขน,ท่าแร้ง,น้ำท่วมขัง ส่งกลิ่นเหม็น ความสูงระดับเอว น้ำท่วมมาแล้วน้อยกว่า 1 สัปดาห์,https://storage.googleapis.com/traffy_public_bucket/attachment/2026-09/fca369393b0c1f51d4553499e3bc07c1.jpeg
2026-W3MLDT,inprogress,2026-09-30 19:47,2026-10-01 08:55,100.68869,13.6754,ประเวศ,ดอกไม้,ในหมู่บ้านนิรันดร์วิลล์4 แขวงดอกไม้ เขตประเวศ กทม. น้ำท่วมไม่ลดเลยค่ะ ท่วมมาตั้งแต่วันศุกร์แล้วค่ะ ความสูงระดับหน้าแข้ง น้ำท่วมมาแล้วน้อยกว่า 1 สัปดาห์,https://storage.googleapis.com/traffy_public_bucket/attachment/2026-09/1afa7031dabc6e1a5e2a62d3fe870447.jpeg
2026-4AXN3P,inprogress,2026-09-30 19:49,2026-09-30 21:55,100.81059,13.80479,หนองจอก,ลำผักชี,ยังไม่ได้รับการช่วยเหลือคะ น้ำไม่ลง ออกไปข้างนอกไม่ได้เลยคั ความสูงระดับหน้าแข้ง น้ำท่วมมาแล้วน้อยกว่า 1 สัปดาห์,https://storage.googleapis.com/traffy_public_bucket/attachment/2026-09/66d027b925222e31e17340f52af39438.jpeg
2026-NEJYBH,inprogress,2026-09-30 19:50,2026-09-30 22:27,100.78986,13.83237,มีนบุรี,แสนแสบ,ที่หมู่บ้านฉัตรหลวงมีน้ำท่วมขังในบ้าน หลายหลังอยากขอให้ส่งEM BALLให้ผู้นำชุมชนครับ ความสูงระดับข้อเท้า น้ำท่วมมาแล้ว4-5วัน,https://storage.googleapis.com/traffy_public_bucket/attachment/2026-09/1f4f72e63bf9965e968c3d81cea9e2ad.jpeg
2026-NEVU6X,finish,2026-09-30 19:51,2026-09-30 20:16,100.69137,13.7456,สะพานสูง,สะพานสูง,รายงานสถานการณ์น้ำท่วมและความเสียหายของบ้านพักอาศัย สถานที่เกิดเหตุ: บ้านเลขที่ 11 ซอยนักกีฬาแหลมทอง 5 แยก 4-3 หมู่บ้านนักกีฬา เขตสะพานสูง กรุงเทพมหานคร วันที่เกิดเหตุ: 25 กันยายน 2569 บ้านพักอาศัยดังกล่าวเป็นบ้านชั้นเดียว มีผู้สูงอายุพักอาศัยอยู่ภายในบ,https://storage.googleapis.com/traffy_public_bucket/attachment/2026-09/e6f84ffaeb94eb90a5caabbb9c088596.jpeg
2026-FHPEZ8,inprogress,2026-09-30 19:52,2026-10-01 08:56,100.67294,13.73244,ประเวศ,ประเวศ,น้ำท่วม 80 เมตร ถึงอกแล้ว ไม่ลดเลย ไม่มีคนมาช่วยเลย ความสูงระดับเอว น้ำท่วมมาแล้วน้อยกว่า 1 สัปดาห์,https://storage.googleapis.com/traffy_public_bucket/attachment/2026-09/1611813c8faa14ade10eea152cb8c353.jpeg
2026-NJ4Z6V,finish,2026-09-30 19:56,2026-10-01 17:39,100.60739,13.89081,บางเขน,อนุสาวรีย์,ปัญหา: บริเวณบ้านเลขที่ 2 ภายในซอยพหลโยธิน 50 แยก 1 ประชาชนขอความช่วยเหลือเคลื่อนย้ายผู้ป่วยติดเตียง จำนวน 1 ราย ไปโรงพยาบาล จึงขอให้หน่วยงานที่เกี่ยวข้องเร่งเข้าดำเนินการช่วยเหลือโดยด่วน ติดต่อคุณกล้อง โทร. 0909963856 บ้านเลขที่: 2 ซอย: พหลโยธิน 50 แยก 1,https://storage.googleapis.com/traffy_public_bucket/attachment/2022-12/da2125e781282589d482070c3dba1726aa16a4a7.jpg
2026-MACL94,forward,2026-09-30 19:58,2026-10-05 16:25,100.74732,13.84699,คลองสามวา,ทรายกองดิน,ขอแจ้งเหตุเร่งด่วน น้ำท่วมขังในซอยนิมิตใหม่ 20 บริเวณซอยนิมิตใหม่ 20 มีน้ำท่วมขังในซอยเป็นวงกว้าง ระดับน้ำบางจุดสูงประมาณ 50 ซม. ขณะนี้ระดับน้ำไม่ได้เพิ่มขึ้น แต่ ไม่มีทางระบายน้ำออก ทำให้น้ำขังและไม่สามารถลดระดับลงได้ จึงขอให้หน่วยงานที่เกี่ยวข้องเข้าต,https://storage.googleapis.com/traffy_public_bucket/attachment/2026-09/42354c31ba8641c498c52e3eeb9e7702.jpeg
2026-FMPRRM,irrelevant,2026-09-30 19:59,2026-10-02 11:02,100.39338,13.70594,บางแค,หลักสอง,ไม่แสดงรายละเอียด,https://storage.googleapis.com/traffy_public_bucket/TeamChadChart/fondue_photo.png
2026-NL92JW,start,2026-09-30 19:59,2026-09-30 19:59,100.73582,13.7192,ลาดกระบัง,ลาดกระบัง,ตอนนี้เขต take action อะไรกับเรื่องน้ำท่วมบ้างนะคะ พอดีพยายามตามอ่านในเพจ ไม่ได้อยากได้ว่าช่วยเหลือปัญหาปลายทางยังไง แต่อยากได้ plan ที่จะพร่องน้ำออกจากแต่ละพื้นที่ เขตได้มีลงสำรวจแต่ละซอยของลาดกระบังมั้ยคะ ว่าสภาพน้ำตอนนี้เป็นยังไง จะเน่า ใกล้จะเน่า หร,https://storage.googleapis.com/traffy_public_bucket/attachment/2026-09/a5dd0310e665afe73c60eeb7a229f6ad.jpeg
2026-XW4P7J,finish,2026-09-30 20:01,2026-09-30 20:33,100.68394,13.77449,สะพานสูง,สะพานสูง,ปัญหา: ภายในหมู่บ้านพฤกษชาติ บริเวณพื้นที่จัดสรรของธนาคารกสิกรไทย มีผู้อยู่อาศัยส่วนใหญ่เป็นผู้สูงอายุประมาณ 20–30 หลังคาเรือนที่ประสบอุทกภัย ก่อนหน้านี้มียานพาหนะนำข้าวกล่องเข้ามาแจกจ่าย แต่เคลื่อนตัวด้วยความเร็ว ส่งผลให้ผู้สูงอายุที่พักอยู่ชั้น 2 ต้องเด,https://storage.googleapis.com/traffy_public_bucket/attachment/2022-12/da2125e781282589d482070c3dba1726aa16a4a7.jpg
2026-7VFHAF,start,2026-09-30 20:02,2026-09-30 20:02,100.73732,13.76062,ลาดกระบัง,คลองสองต้นนุ่น,น้ำท่วมที่อยู่อาศัยความสูงระดับเอวน้ำท่วมมาแล้วน้อยกว่าหนึ่งสัปดาห์ ความสูงระดับสูงกว่าเอว 5วัน,https://storage.googleapis.com/traffy_public_bucket/attachment/2026-09/cde8f47c0a022cac796ac8f4c4df6393.jpeg
2026-UAT73J,inprogress,2026-09-30 20:03,2026-09-30 21:55,100.81948,13.79321,หนองจอก,ลำผักชี,น้ำท่วมหนัก คนในหมู่บ้านติดเกาะออกไปข้างนอกไม่ได้ค่ะ น้ำเริ่มเน่าส่งกลิ่นเหม็นค่ั ความสูงระดับเอว 5วันค่ะ,https://storage.googleapis.com/traffy_public_bucket/attachment/2026-09/c8bbb289866276fb440a0a1ad8645231.jpeg
2026-7WBNYE,finish,2026-09-30 20:04,2026-09-30 21:12,100.69133,13.7455,สะพานสูง,สะพานสูง,รายงานสถานการณ์น้ำท่วมและความเสียหายของบ้านพักอาศัย สถานที่เกิดเหตุ: บ้านเลขที่ 11 ซอยนักกีฬาแหลมทอง 5 แยก 4-3 หมู่บ้านนักกีฬา เขตสะพานสูง กรุงเทพมหานคร วันที่เกิดเหตุ: 25 กันยายน 2569 บ้านพักอาศัยดังกล่าวเป็นบ้านชั้นเดียว มีผู้สูงอายุพักอาศัยอยู่ภายในบ,https://storage.googleapis.com/traffy_public_bucket/attachment/2026-09/e8cf9963308504769f38fc5de092408b.jpeg
2026-89PZAL,start,2026-09-30 20:04,2026-09-30 20:04,100.75272,13.71836,ลาดกระบัง,ลาดกระบัง,ปัญหา: ภายในซอยแยกดังกล่าว บ้านเลขที่ 381 หมู่บ้านเคหะนคร 2 พบน้ำท่วมขังเป็นเวลานาน ปัจจุบันน้ำเริ่มเน่าเสีย ส่งกลิ่นเหม็น เกิดตะไคร่น้ำ และห้องน้ำใช้งานไม่ได้ ขอรับการสนับสนุนน้ำหมัก EM หรือลูกบอล EM บำบัดน้ำเสีย และขอให้จัดส่งเจ้าหน้าที่หรือหน่วยงานอาสา,https://storage.googleapis.com/traffy_public_bucket/attachment/2022-12/da2125e781282589d482070c3dba1726aa16a4a7.jpg
2026-A98DZT,inprogress,2026-09-30 20:04,2026-09-30 22:12,100.75886,13.82343,มีนบุรี,แสนแสบ,ปัญหา: ภายในซอยดังกล่าว เนื่องจากประสบเหตุอุทกภัย มีความประสงค์ขอรับการสนับสนุนน้ำดื่ม ผ้าอ้อมผู้ใหญ่ สำหรับผู้สูงอายุ 3 ท่าน ผู้พิการ 1 ท่าน ซอย: ราษฎร์อุทิศ 10 ถนน: ราษฎร์อุทิศ เขต: มีนบุรี #1555,https://storage.googleapis.com/traffy_public_bucket/attachment/2022-12/da2125e781282589d482070c3dba1726aa16a4a7.jpg
2026-7CAPAD,forward,2026-09-30 20:06,2026-10-01 09:35,100.65715,13.7697,บางกะปิ,หัวหมาก,มาดูซอยรามคำแหง 117 หน่อยยย น้ำไม่ค่อยลงเลยยย ความสูงระดับหัวเข่า น้ำท่วมมาแล้วน้อยกว่า 1 สัปดาห์,https://storage.googleapis.com/traffy_public_bucket/attachment/2026-09/f5b89a354a38636267b6c0bc490d3276.jpg
2026-GD3WZY,start,2026-09-30 20:07,2026-09-30 20:07,100.73732,13.76062,ลาดกระบัง,คลองสองต้นนุ่น,น้ำท่วมที่อยู่อาศัยความสูงระดับเอวน้ำท่วมมาแล้วน้อยกว่าหนึ่งสัปดาห์ ความสูงระดับเอว น้ำท่วมมาแล้วน้อยกว่า 1 สัปดาห์,https://storage.googleapis.com/traffy_public_bucket/attachment/2026-09/f9a367957882f62cd8699774beba7615.jpeg
2026-T3FAF6,inprogress,2026-09-30 20:07,2026-09-30 21:09,100.68376,13.77663,สะพานสูง,สะพานสูง,ผู้ว่าชัชชาติ มาดูสะพานสูงหน่อยค่ะ เขตไม่จัดการเรื่องน้ำเลย มีทหารมาตั้งโรงครัว แต่เขตบอกไม่ให้ทหารแจก เขตเป็นคนแจก แล้วแจกไม่ทั่วถึง คนที่เค้าไม่มีแรง กำลังออกมารับก็ไม่ได้ แทนที่จะให้รถทหารวิ่งเข้าซอยไปแจก ของไปลงกับเครือญาติของคนในเขตเป็นส่วนใหญ่ ตั้งแ,https://storage.googleapis.com/traffy_public_bucket/attachment/2026-09/77cb97f3f688d41dd88cf2066d6b6555.jpeg
2026-2CNX96,inprogress,2026-09-30 20:10,2026-09-30 21:08,100.67255,13.74465,สะพานสูง,สะพานสูง,รบกวนช่วยเปิดเครื่องสูบน้ำเพราะน้ำในซอยกรุงเทพกรีฑา 17 ไม่ลดลงเลย รวมทั้งถนนด้วย ถ้าเปิดเครื่องสูบน้ำลงคลอง น้ำน่าจะลด เพราะลองดูน้ำในคลอง เหมือนจะต่ำกว่าน้ำบนถนนแล้ว ถนนจะได้แห้ง และน้ำในซอย ในบ้านจะได้ลด วันนี้เข้าวันที่ 7 แล้ว พรุ่งนี้เข้าวันที่ 8 ที่น,https://storage.googleapis.com/traffy_public_bucket/attachment/2026-09/18ff4259397a1636bb534544c0e7c533.jpeg
2026-36VCP8,inprogress,2026-09-30 20:12,2026-10-01 06:55,100.70022,13.84134,คลองสามวา,บางชัน,ขอความกรุณาหน่วยงานที่เกี่ยวข้องเข้าตรวจสอบและช่วยเหลือพื้นที่ หมู่บ้านปาล์มสปริงวิลล่า ด้วยค่ะ ขณะนี้น้ำท่วมขังต่อเนื่องมาแล้ว 5 วัน ระดับน้ำยังไม่ลด และเริ่มมีกลิ่นเหม็นเน่า กังวลเรื่อง สุขอนามัย เชื้อโรค และโรคที่อาจเกิดจากน้ำท่วมขังเป็นเวลานาน โดยเฉ,https://storage.googleapis.com/traffy_public_bucket/attachment/2026-09/ca8ddcabbe0a38b01ab5465121e55155.jpeg
2026-ECDD6M,forward,2026-09-30 20:14,2026-10-01 09:35,100.6326,13.76716,บางกะปิ,คลองจั่น,มีปัญหาน้ำท่วมขัง หลังจากน้ำลดลง อยู่ระดับเข่าเป็นเวลานาน เกิดปัญหาน้ำเน่า และไม่สามารถสัญจรได้ เพราะชาวบ้านส่วนใหญ่ใช้สัญจรผ่านไปยังลาดพร้าวแทนการผ่านแยกบางกะปิ โดยเข้าทางรามคำแหง 81 ออกทางลาดพร้าว 130 ความสูงระดับหัวเข่า น้ำท่วมมาแล้วมากกว่า 1 สัปดาห์,https://storage.googleapis.com/traffy_public_bucket/attachment/2026-09/c2adb59c75cd2041ba2cda67f9ab9924.jpeg
2026-R2EL2V,finish,2026-09-30 20:14,2026-10-01 20:14,100.66609,13.89684,สายไหม,ออเงิน,เนื่องจากระดับน้ำท่วมสูง ไม่สามารถออกจากบ้านได้ โดยในบ้านมีเด็กพิเศษ 1 คน (อายุ 6 ปี) ผู้สูงอายุ 1 คน (อายุ 70 ปี) และผู้ดูแล 2 คน ต้องการความช่วยเหลือด้านอาหารด่วน เนื่องจากเคสก่อนหน้าไม่ได้รับการช่วยเหลือ ความสูงระดับหัวเข่า น้ำท่วมมาแล้วน้อยกว่า 1 สัปด,https://storage.googleapis.com/traffy_public_bucket/attachment/2026-09/c0909a9b3fc782321a3cc6004333fb3c.jpeg
2026-JZERU9,inprogress,2026-09-30 20:16,2026-10-01 08:58,100.65072,13.72574,ประเวศ,ประเวศ,สวัสดีค่ะ อยู่หมู่บ้านเมืองทอง 2/1 พัฒนาการ 74 น้ำเริ่มลด แต่พบว่าด้านหลังหมู่บ้านพบว่ามีคนเจาะ แล้วสูบน้ำทิ้งมา ทำให้น้ำเพิ่มขึ้น ความสูงระดับประมาณ50-60ซม น้ำท่วมมาแล้วเริ่มดำ,https://storage.googleapis.com/traffy_public_bucket/attachment/2026-09/thumb_4230e5dae2ff6dd1a98ba4ced76aaa84.jpg
2026-3DK98B,inprogress,2026-09-30 20:18,2026-10-02 17:17,100.71697,13.78932,มีนบุรี,มีนบุรี,น้ำเริ่มเน่าแล้ว ต้องลุยน้ำออกไปหาซื้อเสบียง ร้านสะดวกซื้อในหมู่บ้าน ของหมด บ้านส่วนใหญ่ถ้าไม่ทุบทำใหม่ น้ำเข้าตัวบ้านทุกหลัง ความสูงระดับหัวเข่า น้ำท่วมมาแล้วน้อยกว่า 1 สัปดาห์,https://storage.googleapis.com/traffy_public_bucket/attachment/2026-09/464da823b9d90d8ca9df9df2e9abb59a.jpeg
2026-FBVTGT,finish,2026-09-30 20:19,2026-10-05 16:17,100.64994,13.77454,บางกะปิ,คลองจั่น,ปัญหา: ตลอดทั้งสหกรณ์เครดิตยูเนี่ยนคลองจั่น พบน้ำท่วมขัง 5 - 6 วันแล้ว จึงขอให้เจ้าหน้าที่ลงพื้นที่ดำเนินการสูบระบายน้ำ ซอย: เสรีไทย 7 ถนน: เสรีไทย เขต: บางกะปิ #1555,https://storage.googleapis.com/traffy_public_bucket/attachment/2022-12/da2125e781282589d482070c3dba1726aa16a4a7.jpg
2026-J3HUPV,finish,2026-09-30 20:20,2026-10-04 18:05,100.64073,13.7196,สวนหลวง,สวนหลวง,อ่อนนุช39 ตัดศรีนครินทร์24 (ซ.อนามัย) น้ำท่วมขังครึ่งล้อรถเล็ก น้ำลดน้อยมาก เริ่มส่งกลิ่นเหม็น น้ำลดไม่ถึง5cm/วัน....ชาวบ้านเดือดร้อนรถเล็กเข้าออกลำบาก 15-20cm 4-5วัน น้ำเริ่มเน่าเหม็นเปลี่ยนสีตั้งแต่เมื่อวาน,https://storage.googleapis.com/traffy_public_bucket/attachment/2026-09/ca33e605c5b5c55215d62f00c6f955f3.jpeg
2026-R4ZWLV,inprogress,2026-09-30 20:24,2026-10-01 09:00,100.65478,13.7215,ประเวศ,ประเวศ,พัฒนาการ 74 ประเวศ ยังท่วมลึกมากๆอยู่เลย ความสูงระดับเอว น้ำท่วมมาแล้วน้อยกว่า 1 สัปดาห์,https://storage.googleapis.com/traffy_public_bucket/attachment/2026-09/c154feece8fbd8b5e882adc984da7cf4.jpeg
2026-UXB8RE,inprogress,2026-09-30 20:25,2026-09-30 21:54,100.84499,13.80232,หนองจอก,ลำผักชี,ถ. สุวินทวงศ์ ซอย64 แยก 2 แขวงลำผักชี เขตหนองจอก กทม 10530 - น้ำท่วม สูงประมาณหน้าแข่งถึงเข่า - น้ำไม่ลดเลยสักวันตั้งแต่วันเสาร์ มีแต่เพิ่มขึ้นค่ะ - น้ำเข้าบ้านหลายหลัง ความสูงระดับหน้าแข้ง น้ำท่วมมาแล้วน้อยกว่า 1 สัปดาห์,https://storage.googleapis.com/traffy_public_bucket/attachment/2026-09/6adbf911720bda0e4bae60168a978dff.jpeg
2026-YN3E82,start,2026-09-30 20:28,2026-09-30 20:28,100.72865,13.76125,ลาดกระบัง,คลองสองต้นนุ่น,ต้องการให้ทำทางเดินชั่วคราว ( อาจใช้กระสอบทราย และอื่นๆ) เข้าศูนย์สาธารณสุขในช่วงที่ยังมีน้ำท่วมขังหน้าศูนย์สาธารณสุข เพื่ออำนวยความสะดวกและลดการติดเชื้อจากการเดินลุยน้ำของผู้มารับบริการและเจ้าหน้าที่ ** ผู้อำนวยการศูนย์สาธารณสุข 43 มีนบุรี ควรเรียนรู้แล,https://storage.googleapis.com/traffy_public_bucket/attachment/2026-09/d041d528c6cabbdef1db0ab3a1b0d79e.jpeg
2026-ZKTPGK,inprogress,2026-09-30 20:30,2026-10-01 08:56,100.69417,13.79724,คันนายาว,คันนายาว,หมู่บ้านเกษรา ซอยเสรีไทย 81/2 และ อมรพันธุ์ค่ะ น้ำท่วมขัง ต้องการระบายน้ำค่ะ เห็นว่าถนนแห้งแล้ว แต่ในหมู่บ้านชุมชนยังท่วมขังจนห้องเน่าอยู่เลยค่ะ ความสูงระดับหน้าแข้ง น้ำท่วมมาแล้วมากกว่า 1 สัปดาห์,https://storage.googleapis.com/traffy_public_bucket/attachment/2026-09/37c3fc86a45b9379ee9b56c6e3f51b02.jpeg
2026-92PYMC,forward,2026-09-30 20:32,2026-09-30 20:45,100.65707,13.77145,บึงกุ่ม,คลองกุ่ม,เนื่องจากสถานการณ์น้ำท่วม ทำให้ซอยเสรีไทย2 จมน้ำ ระดับน้ำตอนนี้ยังสูงอยู่ รถยกสูงเท่านั้นถึงเข้าได้ ท้ายซ้ายติดกับคลองแสนแสบเลย ชาวบ้านติดเกาะ ไม่ได้รับการช่วยเหลือใดๆ ไม่มีใครเข้ามา และออกไปไม่ได้ กองขยะกองโตขวางทางถนนหน้าปากซอย ความช่วยเหลือจะเข้าไปท้าย,https://storage.googleapis.com/traffy_public_bucket/attachment/2026-09/thumb_dea325158e018b8ab2474a45227db292.jpg
2026-CE72NN,inprogress,2026-09-30 20:34,2026-10-01 09:01,100.67038,13.71389,ประเวศ,ประเวศ,แจ้งน้ำท่วมสูงอย่างต่อเนื่องบริเวณจุดกลับรถตรงโลตัสอ่อนนุช80 และซอยอ่อนนุช80ท่วมยาวเข้ามาจนถึงซอยอ่อนนุช80แยก5 ความสูงระดับหน้าแข้ง น้ำท่วมมาแล้วน้อยกว่า 1 สัปดาห์,https://storage.googleapis.com/traffy_public_bucket/attachment/2026-09/6d261ddced8dc91478c1523829c53a2c.jpeg
2026-LAKT98,inprogress,2026-09-30 20:34,2026-10-01 08:25,100.63528,13.86758,บางเขน,ท่าแร้ง,ปัญหา: ภายในซอยแยกดังกล่าว บริเวณริมคลองกระเฉด พบน้ำเอ่อล้นจากคลองและท่วมขังในระดับสูง ขอให้หน่วยงานที่เกี่ยวข้องเร่งดำเนินการระบายน้ำออกจากคลองดังกล่าว เพื่อบรรเทาความเดือดร้อนของประชาชน ซอย: สุขาภิบาล 5 ที่ 5 แยก 12 ถนน: สุขาภิบาล 5 เขต: บางเขน #1555,https://storage.googleapis.com/traffy_public_bucket/attachment/2022-12/da2125e781282589d482070c3dba1726aa16a4a7.jpg
2026-LAKT98,finish,2026-09-30 20:34,2026-10-09 18:22,100.63528,13.86758,บางเขน,ท่าแร้ง,ปัญหา: ภายในซอยแยกดังกล่าว บริเวณริมคลองกระเฉด พบน้ำเอ่อล้นจากคลองและท่วมขังในระดับสูง ขอให้หน่วยงานที่เกี่ยวข้องเร่งดำเนินการระบายน้ำออกจากคลองดังกล่าว เพื่อบรรเทาความเดือดร้อนของประชาชน ซอย: สุขาภิบาล 5 ที่ 5 แยก 12 ถนน: สุขาภิบาล 5 เขต: บางเขน #1555,https://storage.googleapis.com/traffy_public_bucket/attachment/2022-12/da2125e781282589d482070c3dba1726aa16a4a7.jpg
2026-26MHRZ,inprogress,2026-09-30 20:35,2026-10-01 08:25,100.63627,13.85129,บางเขน,ท่าแร้ง,บ้านของดิฉันอยู่ในซอยรามอินทรา 30 ท้ายซอยตอนนี้เกิดปัญหาน้ำท่วม เนื่องจากเป็นบ้านที่ปลูกมานานมากแล้วและอยู่ในพื้นที่ต่ำกว่าถนน ความสูงระดับหน้าแข้ง น้ำท่วมมาแล้วน้อยกว่า 1 สัปดาห์,https://storage.googleapis.com/traffy_public_bucket/attachment/2026-09/7eba9f808ac41d309e9034ffb2da351a.jpeg
2026-26MHRZ,finish,2026-09-30 20:35,2026-10-09 18:21,100.63627,13.85129,บางเขน,ท่าแร้ง,บ้านของดิฉันอยู่ในซอยรามอินทรา 30 ท้ายซอยตอนนี้เกิดปัญหาน้ำท่วม เนื่องจากเป็นบ้านที่ปลูกมานานมากแล้วและอยู่ในพื้นที่ต่ำกว่าถนน ความสูงระดับหน้าแข้ง น้ำท่วมมาแล้วน้อยกว่า 1 สัปดาห์,https://storage.googleapis.com/traffy_public_bucket/attachment/2026-09/7eba9f808ac41d309e9034ffb2da351a.jpeg
2026-2DYJ32,start,2026-09-30 20:37,2026-09-30 20:37,100.8533,13.70179,ลาดกระบัง,ขุมทอง,เส้นทาง ขุมทอง -ลำต้อยติ่ง จนไปถึงปากทางแยกวัดราชโกษา น้ำท่วมสูงทำให้ไม่สามารถใช้รถเล็กสัญจร ออกไปหาเสบียงและปัจจัยมากักตุนช่วงน้ำท่วมได้ เกือบถึงเอว น้ำท่วมมาแล้วน้อยกว่า 1 สัปดาห์,https://storage.googleapis.com/traffy_public_bucket/attachment/2026-09/3a622c320b88ac60e34813f7f400f522.jpeg
2026-Z6UJ69,finish,2026-09-30 20:37,2026-10-05 08:59,100.61135,13.83938,ลาดพร้าว,จรเข้บัว,บริเวณซอย 207 และซอย 209 ของถนนประเสริฐมนูกิจซอย 27 หรือเรียกว่าหมู่บ้านเสนานิเวศน์โครงการ 2 ถนน ต่ำกว่าถนนหลัก เกิดเหตุน้ำท่วมซ้ำซาก และน้ำไม่ไหลเวียน คาดว่าท่อไม่มีการ ขุดลอกมาเกิน 10 ปีแล้ว ทราบดีว่าเขายังไม่ยกพื้นที่ให้กทม แต่เคยได้ยินว่าบริษัทเจ้าของ,https://storage.googleapis.com/traffy_public_bucket/attachment/2026-09/4fb8b5a1f47588cee5f4317d97ae52f0.jpeg
2026-YXBZ6W,forward,2026-09-30 20:45,2026-10-05 16:25,100.74792,13.84544,คลองสามวา,ทรายกองดิน,แจ้งจุดน้ำท่วมในซอยนิมิตใหม่ 20 สูงประมาณ 50-60 ซม. ความสูงระดับเอว น้ำท่วมมาแล้วมากกว่า 1 สัปดาห์,https://storage.googleapis.com/traffy_public_bucket/attachment/2026-09/b0d1d5c583b4215df1727518b911a441.jpeg
2026-DPN9RA,inprogress,2026-09-30 20:46,2026-10-01 15:37,100.73683,13.76434,ลาดกระบัง,คลองสองต้นนุ่น,ปัญหา: บ้านเลขที่ 111/116 เนื่องจากเหตุอุทกภัย ต้องการความช่วยเหลือในการอพยพ ประชาชน อายุ 22 ปี จำนวน 1 ท่าน ผู้สูงอายุ (เพศชาย) อายุ 70 ปี จำนวน 1 ท่าน สามารถช่วยเหลือตนเองได้บางส่วน เนื่องจากขาข้างขวาใส่เหล็กและมีลักษณะขาโก่งออกมา ลูกแมว จำนวน 3 ตัว ติ,https://storage.googleapis.com/traffy_public_bucket/attachment/2022-12/da2125e781282589d482070c3dba1726aa16a4a7.jpg
2026-EXLFHC,start,2026-09-30 20:47,2026-09-30 20:47,100.62232,13.95003,ดอนเมือง,สนามบิน,น้ำท่วม 26 มีแต่ทรงกับสูง ไม่เห็นทางออก ความสูงระดับเอว น้ำท่วมมาแล้วน้อยกว่า 1 สัปดาห์,https://storage.googleapis.com/traffy_public_bucket/attachment/2026-09/202b30e55036964ddda0d9870a410475.jpeg
2026-UCYV3E,inprogress,2026-09-30 20:47,2026-09-30 21:54,100.84491,13.80225,หนองจอก,ลำผักชี,ตอนนี้น้ำท่วงถนนประมาณหน้าแขงถึงหัวเข้า น้ำเข้าบ้านหลายจุดครับ ตอนนี้เครื่องปั้มน้ำที่ยกสูงไว้ตอนนี้ก็พังเป็นที่เรียบร้อย เครื่องซักผ้าตอนนี้ก็ใกล้จะพังแล้วเพราะตอนค่อยเอาผ้ามาซับน้ำรอบบ้านตลอดตั้งแต่วันแรกจนถึงวันนี้น้ำไม่มีท่าทีจะลดเลย ตอนนี้น้ำเริ่มเน่,https://storage.googleapis.com/traffy_public_bucket/attachment/2026-09/6b1297c1193533c1b598683b1bd8e6f3.jpeg
2026-AZYTAC,start,2026-09-30 20:48,2026-09-30 20:48,100.75791,13.72122,ลาดกระบัง,ลาดกระบัง,ซอยลาดกระบัง 38/2 ระดับน้ำท่วมยังลึกค่ะ สัญจรได้เฉพาะกระบะยกสูง ความสูงระดับเกือบมิดประปาหัวแดง น้ำท่วมมาแล้วมากกว่า 1 สัปดาห์,https://storage.googleapis.com/traffy_public_bucket/attachment/2026-09/thumb_b268b47de31b975dc2d40809337e8d80.jpg
2026-646PFK,inprogress,2026-09-30 20:49,2026-10-01 09:07,100.67208,13.72779,ประเวศ,ประเวศ,รบกวนทางเขตประเวศ มาช่วยสูบน้ำออกจาก ซอย พัฒนาการ 65 และ 69 หน่อยครับ น้ำไม่ลดและน้ำเน่ามากแล้วครับ ตรงที่ผมอยู่ เกือบอกครับ ช่วยพวกเราด้วยครับ ขอบคุณมากครับ ความสูงระดับประมาณ 120 cm. ครับ น้ำท่วมมาแล้วน้อยกว่า 1 สัปดาห์,https://storage.googleapis.com/traffy_public_bucket/attachment/2026-09/30723c7efe9f760f1fbd47ca77875d45.jpeg
2026-XZGPJN,inprogress,2026-09-30 20:49,2026-10-01 10:59,100.65163,13.73414,สวนหลวง,สวนหลวง,อยากทราบว่าเมื่อไหร่จะมีวิธีการมาช่วยระบายน้ำในซอยให้ลดลงจนคนสามารถออกไปใช้ชีวิตได้ปกติสักที น้ำซอยนี้แทบไม่ลดลงเลย ในขณะที่ถนนข้างนอกหรือซอยอื่นๆดีขึ้นกันเกือบหมดแล้ว มีเครื่องสูบน้ำได้มาดำเนินการช่วยได้บ้างหรือไม่ ความสูงระดับหัวเข่า น้ำท่วมมาแล้วน้อยกว,https://storage.googleapis.com/traffy_public_bucket/attachment/2026-09/c6a8be6a10b35841c94e1322d105236c.jpeg
2026-XZGPJN,finish,2026-09-30 20:49,2026-10-06 07:13,100.65163,13.73414,สวนหลวง,สวนหลวง,อยากทราบว่าเมื่อไหร่จะมีวิธีการมาช่วยระบายน้ำในซอยให้ลดลงจนคนสามารถออกไปใช้ชีวิตได้ปกติสักที น้ำซอยนี้แทบไม่ลดลงเลย ในขณะที่ถนนข้างนอกหรือซอยอื่นๆดีขึ้นกันเกือบหมดแล้ว มีเครื่องสูบน้ำได้มาดำเนินการช่วยได้บ้างหรือไม่ ความสูงระดับหัวเข่า น้ำท่วมมาแล้วน้อยกว,https://storage.googleapis.com/traffy_public_bucket/attachment/2026-09/c6a8be6a10b35841c94e1322d105236c.jpeg
2026-UUYYRW,forward,2026-09-30 20:50,2026-10-01 08:56,100.62888,13.90079,สายไหม,คลองถนน,น้ำท่วงขัง เป็นเวลา 6 วัน ความสูงระดับ30-40cm. น้ำท่วมมาแล้ว6วัน น้ำเน่าเหม็นมาก,https://storage.googleapis.com/traffy_public_bucket/attachment/2026-09/58bcc9a2f518748c21449dd229128a26.jpeg
2026-A6FE43,inprogress,2026-09-30 20:51,2026-09-30 20:54,100.6985,13.77771,สะพานสูง,สะพานสูง,4 วันแล้วครับ นํ้ายังไม่ลดลงเลย นิ่ง จนจะเน่าละครับ ความสูงระดับหัวเข่า 4-5 วัน,https://storage.googleapis.com/traffy_public_bucket/attachment/2026-09/fabb08039fc08fa543cfac1ddbd112b6.jpeg
2026-JF6YPE,inprogress,2026-09-30 20:51,2026-10-01 08:05,100.61808,13.94898,ดอนเมือง,สนามบิน,น้ำท่วมขัง ดูแลกันเอง เทศกิจวนมาก็ออกไป ความสูงระดับหัวเข่า น้ำท่วมมาแล้วน้อยกว่า 1 สัปดาห์,https://storage.googleapis.com/traffy_public_bucket/attachment/2026-09/1259e8e1d9cdb3b77b962e1e8bd249b2.jpeg
2026-T7C68A,start,2026-09-30 20:53,2026-09-30 20:53,100.75136,13.72744,ลาดกระบัง,ลาดกระบัง,ที่ชุมชนลาดกระบังน้ำท่วมสูง 60-80 เซ็น ไม่มีลดเลยมาตั้งแต่วันศุกร์ที่ผ่านมาจนถึงตอนนี้ น้ำเข้าบ้านเรือนจนทรัพย์สินเสียหายหลายอย่าง ความสูงระดับในบ้าน 40-50cm. ค่ะ น้ำท่วมมาแล้วตั้งแต่วันศุกร์ 25 กันยายน 2569,https://storage.googleapis.com/traffy_public_bucket/attachment/2026-09/d75c2ccb7e8327c5ce33ec2348d11304.jpeg
2026-3VEKMV,inprogress,2026-09-30 20:54,2026-10-01 09:07,100.6621,13.72235,ประเวศ,ประเวศ,รบกวนเจ้าหน้าที่ตรวจสอบ ซอยพัฒนาการ 65 มีการปั๊มน้ำลงมาทิ้งที่ซอย Pattanakarn 69 ที่ตอนนี้ท่วมหนักมากแล้ว รบกวนตรวจสอบซอยพัฒนาการ 65 หรือช่วยปั๊มน้ำออกจากซอย Pattanakarn 69 ไปสู่ถนนใหญ่ด้วยครับในซอยไม่ไหวแล้ว ทาง ซอย 6 ห้ามีการทำเขื่อนจากกระสอบทรายเพื่อ,https://storage.googleapis.com/traffy_public_bucket/attachment/2026-09/thumb_e5190a9e48d459e3e56ee25432cd614e.jpg
2026-339CJT,inprogress,2026-09-30 20:56,2026-10-01 08:56,100.67466,13.79617,คันนายาว,รามอินทรา,ต้องการเครื่องสูบน้ำหมู่บ้านนวธานี น้ำท่วมขัง 70ซม มาห้าวันแล้ว ความสูงระดับเอว น้ำท่วมมาแล้วน้อยกว่า 1 สัปดาห์,https://storage.googleapis.com/traffy_public_bucket/attachment/2026-09/b5cd0892e50f484ab6b1d78f7bc15cfc.jpeg
2026-W8T3EW,inprogress,2026-09-30 20:57,2026-09-30 21:54,100.80036,13.78379,หนองจอก,ลำผักชี,น้ำท่วมขังตั้งแต่วันที่25กันยายน2569 ระดับน้ำหน้าบ้านสูงเลยเข่า เข้าในตัวบ้าน ครึ่งเข่า บ้านชั้นเดียว ระดับน้ำไม่ลดเริ่มมีกลิ่น ยังไม่มีหน่อยงานไหนเข้ามาให้ความช่วยเหลือ ความสูงระดับท่วมหัวเข่า น้ำท่วมมาแล้วตั้งแต่25กันยายน2569,https://storage.googleapis.com/traffy_public_bucket/attachment/2026-09/c2a582931abb94c1075f4e6ac89e6ad6.jpeg
2026-XJWBWG,start,2026-09-30 20:58,2026-09-30 20:58,100.61867,13.94961,ดอนเมือง,สนามบิน,อนุสรณ์สถานทั้งสองฝั่งถนนวิภาวดี และ พหลโยธิน น้ำระบายช้า กับ คงตัว สูง ครึ่งเอว กับ ครึ่งเข่า น้ำมุดเข้าโครงการบ้านกับคอนโดที่อยู่ข้างๆ ท่อน้ำตันระบายช้า เพราะขยะลอยไปอุดทุกท่อ ฝั่งถนนวิภาวดี มีแต่รถสัญจรผ่านไม่มีคนมีอุปกรณ์ไปดึงออก คนแถวนี้ออกมากันเอง ค,https://storage.googleapis.com/traffy_public_bucket/attachment/2026-09/518750d56a7f54c0a2f58397f8f5f7b1.jpeg
2026-8U6FAN,start,2026-09-30 20:59,2026-09-30 20:59,100.74196,13.71797,ลาดกระบัง,ลาดกระบัง,สวัสดีค่ะ เนื่องจากแจ้งไปครั้งแรกแล้วยังไม่ได้รับการตอบรับหรือการดำเนินการใดๆ เลย เพราะจะเข้าวันที่ 6 แล้วแต่น้ำก็ยังไม่ลดสักนิดและยังสูงขึ้นอีกด้วย ส่งผลให้เกิดน้ำเน่าเสียที่เริ่มส่งกลิ่นเหม็นมากขึ้นเรื่อยๆ จึงอยากจะขอความช่วยเหลือ และความเห็นใจมา ณ ที่น,https://storage.googleapis.com/traffy_public_bucket/attachment/2026-09/thumb_cf599038ee7c225e977a86fc121250f3.jpg
2026-2JRPKA,finish,2026-09-30 21:01,2026-10-05 16:15,100.63167,13.76397,บางกะปิ,คลองจั่น,ซอยลาดพร้าว130 เขตบางกะปิ โดยรอบน้ำลดหมดแล้วแต่เลี้ยวมาในซอย และซอยใกล้คลอง น้ำลดลงช้ามาก น้ำขังทั้งซอยทั้งๆที่รอบๆน้ำแห้งหมดแล้ว ช่วยระบายน้ำออกทีค่ะ ต้องออกไปทำงานค่ะ ความสูงระดับหัวเข่า น้ำท่วมมาแล้วมากกว่า 1 สัปดาห์,https://storage.googleapis.com/traffy_public_bucket/attachment/2026-09/707a5ce15ac61b2806acd671f0c01c16.jpeg
2026-XUFHY7,inprogress,2026-09-30 21:03,2026-10-01 09:08,100.68629,13.69338,ประเวศ,ดอกไม้,น้ำท่วมซอยเฉลิมพระเกียรติร 9 ซอย 48 มา จะ 1 อาทิตย์แล้วค่ะ ความสูงระดับเกือบ 1เมตร น้ำท่วมมาแล้วมากกว่า 1 สัปดาห์,https://storage.googleapis.com/traffy_public_bucket/attachment/2026-09/ea9be279072a6c03831a30165d06c1b8.jpeg
2026-9DYPWT,inprogress,2026-09-30 21:08,2026-10-01 09:09,100.65274,13.71952,ประเวศ,ประเวศ,น้ำท่วมซอยอ่อนนุช 53 ตั้งแต่วันศุกร์ รถเล็กผ่านไม่ได้ เมื่อวานนี้ระดับน้ำลดลงพอให้รถสูงมากเข้าออกได้บ้าง ระดับน้ำไม่ค่อยเปลี่ยน ริมถนนลึกกว่าประมาณ 10cm+ น้ำสูงประมาณใต้เข่า ในบางช่วง(30/09/26 เที่ยง) ระดับพื้นช่วงลงสะพานขาเข้าเหมือนเป็นแอ่ง น้ำท่วมขังง่,https://storage.googleapis.com/traffy_public_bucket/attachment/2026-09/63cf0d747755e165ed2c8e7cff302d42.jpeg
2026-L46ZD8,inprogress,2026-09-30 21:09,2026-10-01 07:22,100.68341,13.77345,สะพานสูง,สะพานสูง,ปัญหา: ภายในซอยแยกดังกล่าว บริเวณบ้านเลขที่ 15 ประสบปัญหาน้ำท่วมขังในระดับสูง ส่งผลให้ผู้ร้องและบุคคลในครอบครัว รวม 3 คน ได้แก่ ผู้ร้อง มารดา และเด็ก ไม่สามารถเดินทางออกจากที่พักอาศัยได้ โดยเด็กมีความจำเป็นต้องเดินทางไปโรงเรียน ผู้ร้องจึงขอให้หน่วยงานที่เ,https://storage.googleapis.com/traffy_public_bucket/attachment/2022-12/da2125e781282589d482070c3dba1726aa16a4a7.jpg
2026-L46ZD8,finish,2026-09-30 21:09,2026-10-07 15:19,100.68341,13.77345,สะพานสูง,สะพานสูง,ปัญหา: ภายในซอยแยกดังกล่าว บริเวณบ้านเลขที่ 15 ประสบปัญหาน้ำท่วมขังในระดับสูง ส่งผลให้ผู้ร้องและบุคคลในครอบครัว รวม 3 คน ได้แก่ ผู้ร้อง มารดา และเด็ก ไม่สามารถเดินทางออกจากที่พักอาศัยได้ โดยเด็กมีความจำเป็นต้องเดินทางไปโรงเรียน ผู้ร้องจึงขอให้หน่วยงานที่เ,https://storage.googleapis.com/traffy_public_bucket/attachment/2022-12/da2125e781282589d482070c3dba1726aa16a4a7.jpg
2026-82E7HJ,finish,2026-09-30 21:12,2026-10-01 09:36,100.67068,13.87431,บางเขน,ท่าแร้ง,หมู่บ้านวิลล่ารามอินทรา คู้บอน 27 แยก 60 ขอความช่วยเหลือ ขอรถสูงรับส่งคนเข้าออกจากหมู่บ้านหน่อยได้มั้ยคะ เดินลุยน้ำเข้าออกยากลำบากมากค่ะ น้ำก็ยังสูง แถมน้ำเริ่มเน่าเสียแล้ว ใช้ชีวิตกันแบบยากลำบาก น้ำกับอาหารก็ไม่เพียงพอ น้ำท่วมมา 5 วันแล้ว ไม่มีใครมาช่วยแ,https://storage.googleapis.com/traffy_public_bucket/attachment/2026-09/d331ce4d01f2f7a70c821fdfea22f310.jpeg
2026-BUJ92D,inprogress,2026-09-30 21:17,2026-09-30 21:53,100.90745,13.83428,หนองจอก,กระทุ่มราย,ปัญหา: ภายในซอยดังกล่าว พบน้ำท่วมขังในระดับสูง แต่ยังไม่มีหน่วยงานที่เกี่ยวข้องเข้าดำเนินการให้ความช่วยเหลือแต่อย่างใด จึงขอให้หน่วยงานที่เกี่ยวข้องเร่งเข้าดำเนินการให้ความช่วยเหลือประชาชนที่ได้รับผลกระทบโดยเร็ว ซอย: สังฆสันติสุข 52 ถนน: สังฆสันติสุข เข,https://storage.googleapis.com/traffy_public_bucket/attachment/2022-12/da2125e781282589d482070c3dba1726aa16a4a7.jpg
2026-TNDTZE,forward,2026-09-30 21:17,2026-10-03 14:44,100.69686,13.81896,คันนายาว,คันนายาว,ปัญหา: ภายในซอยดังกล่าว บริเวณบ้านพักริมคลอง พบระดับน้ำท่วมขังสูงประมาณระดับอก ส่งผลกระทบทำให้มีแมวและลูกแมวติดค้างอยู่ภายในบ้านพักประมาณ 20 ตัว ไม่สามารถออกมาได้และเกรงว่าจะได้รับอันตรายจากการจมน้ำ จึงขอความช่วยเหลือประสานหน่วยงานที่เกี่ยวข้องเร่งดำเนินก,https://storage.googleapis.com/traffy_public_bucket/attachment/2022-12/da2125e781282589d482070c3dba1726aa16a4a7.jpg
2026-TNDTZE,inprogress,2026-09-30 21:17,2026-10-03 14:44,100.69686,13.81896,คันนายาว,คันนายาว,ปัญหา: ภายในซอยดังกล่าว บริเวณบ้านพักริมคลอง พบระดับน้ำท่วมขังสูงประมาณระดับอก ส่งผลกระทบทำให้มีแมวและลูกแมวติดค้างอยู่ภายในบ้านพักประมาณ 20 ตัว ไม่สามารถออกมาได้และเกรงว่าจะได้รับอันตรายจากการจมน้ำ จึงขอความช่วยเหลือประสานหน่วยงานที่เกี่ยวข้องเร่งดำเนินก,https://storage.googleapis.com/traffy_public_bucket/attachment/2022-12/da2125e781282589d482070c3dba1726aa16a4a7.jpg
2026-TNDTZE,irrelevant,2026-09-30 21:17,2026-10-06 13:40,100.69686,13.81896,คันนายาว,คันนายาว,ไม่แสดงรายละเอียด,https://storage.googleapis.com/traffy_public_bucket/TeamChadChart/fondue_photo.png
2026-73UWJM,inprogress,2026-09-30 21:19,2026-10-01 09:10,100.68476,13.7061,ประเวศ,ประเวศ,หมู่บ้านอิมพีเรียลปาร์คเฉลิมพระเกียรติ ร.9 ซอย 67 ระดับน้ำยังสูงอยู่ เขตประเวศ น้ำสมควรจะลงคลองสองห้องและต่อไปคลองประเวศ แต่น้ำในคลองสูง ไม่เปิด ประตูน้ำ ให้ลงไปเลย จะผันน้ำออกบึงหนองบอนได้หรือเปล่า นานมากเกินไปในการแก้ปัญหานะคะ ความสูงระดับ50-60 ซม,https://storage.googleapis.com/traffy_public_bucket/attachment/2026-09/75ad2e96ea4900924481cd194a467d9c.jpeg
2026-CCN8F4,inprogress,2026-09-30 21:20,2026-10-01 09:10,100.65303,13.7278,ประเวศ,ประเวศ,น้ำท่วมวันที่ 5 น้ำเริ่มเน่าเสีย ยุงเยอะ และการลดของน้ำช้ามากๆ รถเล็กยังสัญจรไม่ได้ ที่อื่นเค้าแห้งกันหมดแล้ว ประชาชนลำบากแต่พอไม่เป็นข่าวก็เหมือนไม่ตื่นตัวกันเลย ความสูงระดับเกินเข่า น้ำท่วมมาแล้ว5 วันแล้ว จัดการด่วนๆๆๆๆ,https://storage.googleapis.com/traffy_public_bucket/attachment/2026-09/f43a276d212e78a56f43d14e9aeed2c9.jpeg
2026-TRERBV,finish,2026-09-30 21:25,2026-10-05 16:15,100.66255,13.76471,บางกะปิ,หัวหมาก,น้ำที่อื่นลดแล้ว แต่ในซอยราม68 ยังมีน้ำขังไม่ระบาย ความสูงระดับข้อเท้า น้ำท่วมมาแล้วมากกว่า 1 สัปดาห์,https://storage.googleapis.com/traffy_public_bucket/attachment/2026-09/c7b92579c66e32505ef74025ce48dc6f.jpeg
2026-EDZ3BX,inprogress,2026-09-30 21:26,2026-10-01 08:22,100.72945,13.7767,มีนบุรี,มีนบุรี,ผมอยู่ในหมู่บ้านเพอร์เฟคพาร์คที่ต้องเข้ามาทางชุมชนหลังคาแดง ทั้งในชุมชนและหมู่บ้านผม ไม่เห็นเจ้าหน้าที่เข้ามาช่วยเหลือใดๆเลยตั้งแต่วันแรกที่ท่วมจนวันนี้ ไม่ทราบว่าคนตรงนี้ไม่ใช่คนกรุงเทพ หรือไม่มีความสำคัญหรอครับ หน้าหมู่บ้านเข่า สะพานที่จะออกมีรถจอดขวาง ,https://storage.googleapis.com/traffy_public_bucket/attachment/2026-09/0079f8161fc8a22b4773c459a7382335.jpeg
2026-G3A6XV,forward,2026-09-30 21:28,2026-10-05 16:24,100.69446,13.82981,คลองสามวา,บางชัน,ช่วยมาระบาบน้ำออกทีคับ ไม่สามารถเข้าออกได้ ตอนนี้มีผลกับการไปทำงานแล่วครับ ไม่เห็นมีการระบายน้ำเลย ความสูงระดับหัวเข่า น้ำท่วมมาแล้วน้อยกว่า 1 สัปดาห์,https://storage.googleapis.com/traffy_public_bucket/attachment/2026-09/a4b9946eff1ee6a4c5040ea1d1aec06d.jpeg
2026-67RCUX,finish,2026-09-30 21:30,2026-10-05 16:35,100.66558,13.76948,บางกะปิ,หัวหมาก,คือ มีน้ำท่วมขัง จากน้ำท่วมตั้งแต่วันที่ 25-28/9/69 ตอนนี้น้ำเริ่มเน่ามีกลิ่นเหม็นมาก อยากให้มาสูบน้ำหน่อยค่ะ เคยแจ้งไปแล้วตั้งแต่วันที่28/9/69 ยังไม่มีหน่วยงานไหนมาเลยค่ะ ความสูงระดับหน้าแข้ง น้ำท่วมมาแล้วท่วมมาตั้งแต่วันที่ 25-28/9/69 4 วันแล้วค่ะ,https://storage.googleapis.com/traffy_public_bucket/attachment/2026-09/fc181409ae5e59debf53f949781e45be.jpeg
2026-PDYP9R,start,2026-09-30 21:34,2026-09-30 21:34,100.83239,13.70477,ลาดกระบัง,ขุมทอง,น้ำท่วมเข้าบ้าน เข้าห้องน้ำไม่ได้ ลำบากในการใช้ชีวิตค่ะ🥲 ความสูงระดับหัวเข่า น้ำท่วมมาแล้วน้อยกว่า 1 สัปดาห์,https://storage.googleapis.com/traffy_public_bucket/attachment/2026-09/c84c07a229b36efad02dbd11344a3d51.jpeg
2026-9RYJPU,start,2026-09-30 21:36,2026-10-04 17:33,100.44609,13.68973,จอมทอง,บางขุนเทียน,📍ขอกระสอบทรายกันน้ำท่วมฟรี ผ้าใบกันน้ำให้มาส่ง เอกชัย34แยก12 ปกติฝนตกหนัก็น้ำท่วมหน้าบ้านตลอด น้ำขังตลอด และน้ำท่วมกำลังมา มีแต่ผู้สูงอายุ ผู้ป่วยมะเร็งผู้ป่วยสโตกอัมพฤตครึ่งซีก และของใช้จำเป็นเห็นบอกน้ำจะมา1-2วันนี้ ไม่รู้รับมืออย่างไร #ขอกระสอบทราย/อื่,https://storage.googleapis.com/traffy_public_bucket/attachment/2026-09/3c1d3d36c4b024f55478cf8ad0e8acab.jpeg
2026-9RYJPU,inprogress,2026-09-30 21:36,2026-10-07 08:54,100.44609,13.68973,จอมทอง,บางขุนเทียน,📍ขอกระสอบทรายกันน้ำท่วมฟรี ผ้าใบกันน้ำให้มาส่ง เอกชัย34แยก12 ปกติฝนตกหนัก็น้ำท่วมหน้าบ้านตลอด น้ำขังตลอด และน้ำท่วมกำลังมา มีแต่ผู้สูงอายุ ผู้ป่วยมะเร็งผู้ป่วยสโตกอัมพฤตครึ่งซีก และของใช้จำเป็นเห็นบอกน้ำจะมา1-2วันนี้ ไม่รู้รับมืออย่างไร #ขอกระสอบทราย/อื่,https://storage.googleapis.com/traffy_public_bucket/attachment/2026-09/3c1d3d36c4b024f55478cf8ad0e8acab.jpeg
2026-934A34,inprogress,2026-09-30 21:37,2026-09-30 22:53,100.69087,13.74282,สะพานสูง,สะพานสูง,น้ำยังไม่ลดเลยค่ะ ความสูงระดับเอว น้ำท่วมมาแล้วมากกว่า 1 สัปดาห์,https://storage.googleapis.com/traffy_public_bucket/attachment/2026-09/c00eb6ae4e9304e16faa44ee5e721fa2.jpeg
2026-ZAKFXW,inprogress,2026-09-30 21:38,2026-10-01 07:15,100.74024,13.85623,คลองสามวา,ทรายกองดิน,สวัสดีครับ ผมพักอาศัยอยู่บริเวณซอยวัดสุขใจ ซอย 6 ขณะนี้มีน้ำท่วมขังในพื้นที่ต่อเนื่องเป็นเวลา 4 วันแล้ว และขณะนี้น้ำเริ่มส่งกลิ่นเน่าเสีย เกรงว่าจะส่งผลกระทบต่อสุขภาพและความเป็นอยู่ของประชาชนในพื้นที่ จึงอยากขอความอนุเคราะห์ทางเขตเข้ามาตรวจสอบและพิจารณาเ,https://storage.googleapis.com/traffy_public_bucket/attachment/2026-09/c08cf33de8713f8c959f124ba1da0330.jpeg
2026-ZAKFXW,follow,2026-09-30 21:38,2026-10-08 13:57,100.74024,13.85623,คลองสามวา,ทรายกองดิน,สวัสดีครับ ผมพักอาศัยอยู่บริเวณซอยวัดสุขใจ ซอย 6 ขณะนี้มีน้ำท่วมขังในพื้นที่ต่อเนื่องเป็นเวลา 4 วันแล้ว และขณะนี้น้ำเริ่มส่งกลิ่นเน่าเสีย เกรงว่าจะส่งผลกระทบต่อสุขภาพและความเป็นอยู่ของประชาชนในพื้นที่ จึงอยากขอความอนุเคราะห์ทางเขตเข้ามาตรวจสอบและพิจารณาเ,https://storage.googleapis.com/traffy_public_bucket/attachment/2026-09/c08cf33de8713f8c959f124ba1da0330.jpeg
2026-MHVNRE,inprogress,2026-09-30 21:39,2026-10-01 09:16,100.69068,13.69859,ประเวศ,ดอกไม้,หมู่บ้านนันทวันสวนหลวง ร.9 ซอยเฉลิมพระเกียรติ 62 แขวงดอกไม้ เขตประเวศ อยู่ในน้ำ มาห้าวันแล้ว ไม่สามารถออกไปจากบ้านไปมำกิจธุระ หาหมอ และกิจวัตรปกติได้ จะต้องรออีกกี่วัน เดือดร้อนมาก ความสูงระดับเอว น้ำท่วมมาแล้วน้อยกว่า 1 สัปดาห์,https://storage.googleapis.com/traffy_public_bucket/attachment/2026-09/49aee4364d0af81ea299c3c05563b28f.jpeg
2026-XR8XEY,inprogress,2026-09-30 21:39,2026-09-30 22:53,100.67961,13.77093,สะพานสูง,สะพานสูง,น้ำท่วม หมู่บ้านสัมมากร ความสูงระดับหัวเข่า น้ำท่วมมาแล้วน้อยกว่า 1 สัปดาห์,https://storage.googleapis.com/traffy_public_bucket/attachment/2026-09/0aba8e60acb77a5a94ca8851ecc2b7cd.jpeg
2026-3JVZJL,inprogress,2026-09-30 21:49,2026-09-30 22:52,100.70192,13.77521,สะพานสูง,สะพานสูง,ฝากช่วยดูเรื่องท่วมในหมู่บ้านธารารมณ์ ซอยรามคำแหง 150 และหมู่บ้านพาร์คเวย์โฮมที่อยุ่ต่อกันค่ะ มีน้ำท่วมขังมาห้าวันแล้ว น้ำเริ่มมีกลิ่น และยุงเริ่มเยอะค่ะ ยังมีน้ำทุกซอยประมานเข่าค่ะ ความสูงระดับประมานเข่าค่ะ บางช่วงอาจจะมีสูงกว่าเข่าบ้างค่ะ เดินทางเข้าออก,https://storage.googleapis.com/traffy_public_bucket/attachment/2026-09/0a7c49d0e5d8bcae7099197887dc8da8.jpeg
2026-MWRUW3,inprogress,2026-09-30 21:49,2026-09-30 22:52,100.70192,13.77521,สะพานสูง,สะพานสูง,ฝากช่วยดูเรื่องท่วมในหมู่บ้านธารารมณ์ ซอยรามคำแหง 150 และหมู่บ้านพาร์คเวย์โฮมที่อยุ่ต่อกันค่ะ มีน้ำท่วมขังมาห้าวันแล้ว น้ำเริ่มมีกลิ่น และยุงเริ่มเยอะค่ะ ยังมีน้ำทุกซอยประมานเข่าค่ะ ความสูงระดับประมานเข่าค่ะ บางช่วงอาจจะมีสูงกว่าเข่าบ้างค่ะ เดินทางเข้าออก,https://storage.googleapis.com/traffy_public_bucket/attachment/2026-09/9e78759e8f404da9dc80d2a05a117911.jpeg
2026-EFBGZA,inprogress,2026-09-30 21:56,2026-09-30 22:49,100.68746,13.76321,สะพานสูง,สะพานสูง,ซ.ราม 118 ทางเมนบริเวณ711ในสุด/โลตัส/CJ + แยก 44 หน้ารร.นานาชาติAscot และ แยกหน้าหมู่บ้านลัดดารมณ์ ถนนต่ำมาก เมื่อน้ำท่วม รถเล็กผ่านไม่ได้เลย ทำให้คนจำนวนมากติดอยู่ข้างใน เนื่องจากเป็นทางเมนในการเข้าออก จึงควรถมให้สูงขึ้นทั้งเมนบริเวณนี้และ2ซอยนี้ ความสูง,https://storage.googleapis.com/traffy_public_bucket/attachment/2026-09/66596a712dfb0a6319a4be3a28ac45f2.jpeg
2026-8J4U3A,inprogress,2026-09-30 21:57,2026-09-30 22:49,100.69552,13.73895,สะพานสูง,สะพานสูง,อยากให้ช่วยผลักดันน้ำแล้วเก็บขยะซอยนักกีฬาแหลมทอง 2 ด้วยครับ ตอนนี้น้ำส่งกลิ่นเหม็นมากสูงเลยเข่า ความสูงระดับหัวเข่า น้ำท่วมมาแล้วน้อยกว่า 1 สัปดาห์,https://storage.googleapis.com/traffy_public_bucket/attachment/2026-09/1cbd708609b2a307cec173083b9aded3.jpeg
2026-B4FHU4,start,2026-09-30 22:02,2026-09-30 22:02,100.73187,13.76852,ลาดกระบัง,คลองสองต้นนุ่น,น้ำท่วมเอาออกไปไม่ได้ครับ ความสูงระดับ1เมตรครับ น้ำท่วมมาแล้ว5-6วันครับ,https://storage.googleapis.com/traffy_public_bucket/attachment/2026-09/thumb_54d4229077f0e036939da49c74cefd58.jpg
2026-ZUMHGX,start,2026-09-30 22:04,2026-09-30 22:04,100.72187,13.7771,ลาดกระบัง,คลองสองต้นนุ่น,หมู่บ้าน perfect place ถ.รามคำแหง 164 ยังน้ำท่วมทั่วทั้งหมู่บ้าน เข้าออกลำบาก น้ำบางจุดระดับเอว ยังไม่มีการระบายและไม่มีหน่วยงานใดเข้าถึง ความสูงระดับเอว น้ำท่วมมาแล้วน้อยกว่า 1 สัปดาห์,https://storage.googleapis.com/traffy_public_bucket/attachment/2026-09/25ddaf59773c1004c39117f2b9dbef4a.jpeg
2026-GJ9K92,inprogress,2026-09-30 22:05,2026-10-01 07:16,100.74449,13.84595,คลองสามวา,ทรายกองดิน,เกิด น้ำท่วมขัง เป็นเวลานาน ตั้งแต่วันศุกร์ 25/9 ระดับน้ำไม่ลดลง เพิ่มจากปริมาณฝน และ ลำคลอง รอบหมู่บ้าน ไม่มีทางระบาย ในหมู่บ้าน จะมี2 สะพาน ข้ามคลอง เป็นจุดน้ำขังมากที่สุด รถมอไซ ไม่สามารถผ่านได้ นิมิตใหม่20 ความสูงระดับหน้าแข้ง น้ำท่วมมาแล้วมากกว่า,https://storage.googleapis.com/traffy_public_bucket/attachment/2026-09/027ed516ab6f3e1f1e4be7dc86598f5d.jpeg
2026-ML9WCK,inprogress,2026-09-30 22:07,2026-10-01 09:12,100.6889,13.70413,ประเวศ,ดอกไม้,ซอยเฉลิมพระเกียรติร.9 71 ประเวศ น้ำท่วมขังตั้งแต่วันศุกร์แล้ว (ประมาณ1สัปดาห์) น้ำสูงประมาณ 50-60 cm. ตอนนี้น้ำเริ่มเน่า ส่งกลิ่นเหม็นแล้วค่ะ ต้นขาค่ะ น้ำท่วมมาแล้วน้อยกว่า 1 สัปดาห์,https://storage.googleapis.com/traffy_public_bucket/attachment/2026-09/f88239239859bcb73eda13e70ebe7e70.jpeg
2026-U873B2,finish,2026-09-30 22:08,2026-10-02 12:14,100.63131,13.91625,สายไหม,คลองถนน,ปัญหา: ภายในซอยดังกล่าว บริเวณชุมชนพัฒนา หมู่ 1 เนื่องจากประสบเหตุอุทกภัย มีความประสงค์ขอรับการสนับสนุนอาหารและน้ำดื่ม ซอย: พหลโยธิน 54/1 ถนน: พหลโยธิน จุดสังเกต: บริเวณด้านหน้าศุภาลัย พลีโม่ และบริเวณด้านหลังโรงเรียนฤทธิยะวรรณาลัย เขต: สายไหม #1555,https://storage.googleapis.com/traffy_public_bucket/attachment/2022-12/da2125e781282589d482070c3dba1726aa16a4a7.jpg
2026-CAYDMM,inprogress,2026-09-30 22:09,2026-09-30 22:13,100.84491,13.80257,หนองจอก,ลำผักชี,ตอนนี้น้ำท่วงถนนประมาณหน้าแขงถึงหัวเข้า น้ำเข้าบ้านหลายจุดครับ ตอนนี้เครื่องปั้มน้ำที่ยกสูงไว้ตอนนี้ก็พังเป็นที่เรียบร้อย เครื่องซักผ้าตอนนี้ก็ใกล้จะพังแล้วเพราะตอนค่อยเอาผ้ามาซับน้ำรอบบ้านตลอดตั้งแต่วันแรกจนถึงวันนี้น้ำไม่มีท่าทีจะลดเลย ตอนนี้น้ำเริ่มเน่,https://storage.googleapis.com/traffy_public_bucket/attachment/2026-09/595f788b19661b64dc71f2e2adccbbff.jpeg
2026-8MVCBX,inprogress,2026-09-30 22:12,2026-09-30 22:48,100.69582,13.74467,สะพานสูง,สะพานสูง,น้ำในบ้าน ยังสูงมาก 1 เมตร ในหมู่บ้านนักกีฬาแหลมทอง ซอย 22 น้ำเริ่มดำเน่าเหม็น เสี่ยงเชื้อโรคอันตรายมาก รบกวนรีบนำเครื่องสูบน้ำมาสูบออกจากซอย ถนนหลักหน้าให้ด่วน ความสูงระดับเอว น้ำท่วมมาแล้วมากกว่า 1 สัปดาห์,https://storage.googleapis.com/traffy_public_bucket/attachment/2026-09/4b4e4d87c36c6777f1e3e70d214664ac.jpeg
2026-4ZVUP3,forward,2026-09-30 22:13,2026-10-01 10:07,100.64398,13.74785,บางกะปิ,หัวหมาก,ตรงถนนศรีนครินทร์ท่วมสูงมากรบกวนระบายน้ำออกด้วยค่ะ ความสูงระดับหัวเข่า น้ำท่วมมาแล้วน้อยกว่า 1 สัปดาห์,https://storage.googleapis.com/traffy_public_bucket/attachment/2026-09/cfc8035a4e7e6860f1d63927a54baf07.jpeg
2026-EZ44GY,inprogress,2026-09-30 22:13,2026-10-01 10:24,100.66259,13.74099,บางกะปิ,หัวหมาก,หมู่บ้าน Patio ศรีนครินทร์-พระราม9 ขอความช่วยเหลือ -น้ำท่วมสูงมาก ระดับอก น้ำไม่ลดระดับ อาศัยประมาณ 200 ครัวเรือน -ขาดน้ำดื่ม อาหาร ยารักษาโรค ความสูงระดับประมาณ 1.2 -1.5เมตรคับ น้ำท่วมมาแล้วประมาณ 5วันครับ,https://storage.googleapis.com/traffy_public_bucket/attachment/2026-09/82f100af90b95db8c0703272e777e111.jpeg
2026-EZ44GY,finish,2026-09-30 22:13,2026-10-09 12:17,100.66259,13.74099,บางกะปิ,หัวหมาก,หมู่บ้าน Patio ศรีนครินทร์-พระราม9 ขอความช่วยเหลือ -น้ำท่วมสูงมาก ระดับอก น้ำไม่ลดระดับ อาศัยประมาณ 200 ครัวเรือน -ขาดน้ำดื่ม อาหาร ยารักษาโรค ความสูงระดับประมาณ 1.2 -1.5เมตรคับ น้ำท่วมมาแล้วประมาณ 5วันครับ,https://storage.googleapis.com/traffy_public_bucket/attachment/2026-09/82f100af90b95db8c0703272e777e111.jpeg
2026-6ZA7VJ,inprogress,2026-09-30 22:28,2026-10-01 09:17,100.69218,13.70164,ประเวศ,ดอกไม้,น้ำท่วมขังตลอดซอย และถนนพัง รถเล็กไม่สามารถวิ่งได้ ความสูงระดับถ้าตรงบ้านผม ตอนนี้ 30-40cm ครับ เพราะถนนหน้าบ้าน slope ต่ำกว่าถนนในซอย น้ำท่วมมาแล้ว5 วันครับ,https://storage.googleapis.com/traffy_public_bucket/attachment/2026-09/fbed3ebf3daf3d6a984851bc9bb048ea.jpeg
2026-FZJXUC,inprogress,2026-09-30 22:30,2026-10-01 11:03,100.80012,13.78381,หนองจอก,ลำผักชี,คือตอนนี้หมู่บ้านน้ำท่วมค่ะถนนหน้าบ้านลึกเลยเข่าค่ะในบ้านคึ่งเข่าค่ะเดินทางเข้าออกลำบากมากรถเล็กไม่สามารถออกได้ ความสูงระดับรถกะบะวิ่งได้ค่ะแต่รถเก๋งมอไซออกไม่ได้ น้ำท่วมมาแล้วภาพวีดีโอคือถนนเข้าหมู่บ้านค่ะ,https://storage.googleapis.com/traffy_public_bucket/attachment/2026-09/155c08a6b927b5b470a7adcc78267cf9.jpeg
2026-JE2Z9B,inprogress,2026-09-30 22:30,2026-09-30 22:48,100.68761,13.76456,สะพานสูง,สะพานสูง,น้ำท่วมซอยรามคำแหง118 แยก43 ไม่ลงมาหลายวันแล้ว ไม่สามารถใช้รถได้ ความสูงระดับหัวเข่า น้ำท่วมมาแล้วน้อยกว่า 1 สัปดาห์,https://storage.googleapis.com/traffy_public_bucket/attachment/2026-09/a9c95bbc0d0b22b3c10068ab2636a649.jpeg
2026-YN23Z2,inprogress,2026-09-30 22:35,2026-10-01 09:23,100.67685,13.72254,ประเวศ,ประเวศ,น้ำท่วมในซอย อ่อนนุช 61 มา6วันแล้ว ไม่มีการระบายออก ไปยังคลองเลย ช่วยเร่งผันน้ำออกจากซอยด้วยครับ น้ำส่งกลิ่นเหม็นแล้ว ครับ ความสูงระดับหัวเข่า น้ำท่วมมาแล้วมากกว่า 1 สัปดาห์,https://storage.googleapis.com/traffy_public_bucket/attachment/2026-09/90c58876fe505f2a28e48674db827b99.jpeg
2026-GNBDPU,inprogress,2026-09-30 22:37,2026-09-30 22:47,100.68722,13.76266,สะพานสูง,สะพานสูง,น้ำไม่ลด ความสูงระดับหัวเข่า น้ำท่วมมาแล้วน้อยกว่า 1 สัปดาห์,https://storage.googleapis.com/traffy_public_bucket/attachment/2026-09/d279374c5b799dbed1dadedaf799309c.jpeg
2026-GG4NWU,inprogress,2026-09-30 22:39,2026-10-01 09:32,100.72524,13.81268,มีนบุรี,มีนบุรี,วันที่ 30 กันยายน 2569 น้ำท่วมยังคงเดิม ส่งกลิ่นเหม็นแล้ว ซอยสีหบุรานุกิจ 9 กับ ซอยสีหบุรานุกิจ 9 แยก 2 เป็นที่รองรับน้ำใช่ไหมคะ อยากทราบจริงๆว่าทำไมตรงนี้ ถึงลงช้ากว่าซอยอื่น จะลงก็ลงไม่หมด ต้องเผื่อไว้รอเป็นที่รองรับน้ำใหม่ใช่ไหมคะ หรือยังไง ลงไม่หมดสัก,https://storage.googleapis.com/traffy_public_bucket/attachment/2026-09/7a92a8084bd8868404b0ee4b9084e7a1.jpeg
2026-YGB4R6,irrelevant,2026-09-30 22:40,2026-10-01 09:24,100.6768,13.72252,ประเวศ,ประเวศ,ไม่แสดงรายละเอียด,https://storage.googleapis.com/traffy_public_bucket/TeamChadChart/fondue_photo.png
2026-4D3H6L,forward,2026-09-30 22:42,2026-10-01 06:48,100.69339,13.85504,คลองสามวา,บางชัน,ปัญหาน้ำท่วม ต้องการเชิญ***มาพบที่ถนนพระยาสุเรนทร์ขอเรียกตัวท่านด้วยขอบพระคุณอย่างสูงให้ส่งหนังสือเรียก***มาพบที่พระยาสุเรนทร์ ความสูงระดับหัวเข่า น้ำท่วมมาแล้วน้อยกว่า 1 สัปดาห์,https://storage.googleapis.com/traffy_public_bucket/attachment/2026-09/c3d53cfbd1c718af22dbc68eb0ef6672.jpeg
2026-8TGU87,inprogress,2026-09-30 22:44,2026-10-01 11:03,100.81573,13.80196,หนองจอก,ลำผักชี,น้ำท่วมขังภายในหมู่บ้านโรยัลปาร์ควิวล์ สุวินทวงศ์ 44 มา ประมาณ 4-5 วัน น้ำไม่ลดเลย ความสูงระดับต้น* น้ำท่วมมาแล้ว4 วัน ครับ,https://storage.googleapis.com/traffy_public_bucket/attachment/2026-09/thumb_0b23dd7cb113025ed5f7459a73aedb60.jpg
2026-BKXE9X,inprogress,2026-09-30 22:44,2026-10-01 08:54,100.66341,13.81214,คันนายาว,รามอินทรา,น้ำท่วมขังเริ่มส่งกลิ่นเหม็น ในขณะที่หลายพื้นที่รอบนอกน้ำแห้งหมดแล้วครับ ความสูงระดับหน้าแข้ง น้ำท่วมมาแล้วน้อยกว่า 1 สัปดาห์,https://storage.googleapis.com/traffy_public_bucket/attachment/2026-09/80bb1af9de048aeab936a5fc64ea23ae.jpeg
2026-4PN9XW,inprogress,2026-09-30 22:54,2026-10-01 08:32,100.61573,13.87547,บางเขน,อนุสาวรีย์,ซอยอื่นน้ำลดหมดแล้ว แต่ซอยรามอินทรา 5 แยก 17 ยังไม่ลง ทำให้ไม่สามารถออกไปทำงานได้ ความสูงระดับหน้าแข้ง น้ำท่วมมาแล้วมากกว่า 1 สัปดาห์,https://storage.googleapis.com/traffy_public_bucket/attachment/2026-09/1065a72d6d06b864a73e33c75aac6433.jpeg
2026-4PN9XW,finish,2026-09-30 22:54,2026-10-09 13:09,100.61573,13.87547,บางเขน,อนุสาวรีย์,ซอยอื่นน้ำลดหมดแล้ว แต่ซอยรามอินทรา 5 แยก 17 ยังไม่ลง ทำให้ไม่สามารถออกไปทำงานได้ ความสูงระดับหน้าแข้ง น้ำท่วมมาแล้วมากกว่า 1 สัปดาห์,https://storage.googleapis.com/traffy_public_bucket/attachment/2026-09/1065a72d6d06b864a73e33c75aac6433.jpeg
2026-2M26NE,inprogress,2026-09-30 22:57,2026-10-01 09:25,100.69762,13.71753,ประเวศ,ประเวศ,ถนนเฉลิมพระเกียรติ ร.9 หน้า ทางเข้า สำนักงานเขตประเวศ ไปถึงแยกประเวศ น้ำท่วมจะอาทิตย์นึงแล้ว ไม่คิดทำอะไรหน่อยเหรอ หน้าบ้านตัวเองแท้แท้ ชาวบ้านเดือดร้อนสัญจรไม่ได้ ความสูงระดับหัวเข่า น้ำท่วมมาแล้วมากกว่า 1 สัปดาห์,https://storage.googleapis.com/traffy_public_bucket/attachment/2026-09/e58557443f17cfc8bbbcdfe240a76725.jpeg
2026-TXACDX,finish,2026-09-30 23:00,2026-10-04 20:11,100.6839,13.70685,ประเวศ,ประเวศ,อยากทราบว่าไม่มีชื่ออยู่ในทะเบียนบ้านแต่ประสบภัยน้ำท่วม บ้านเป็นของพี่สาวเรา และไม่สามารถนำพยานไปได้ ต้องทำยังไง ความสูงระดับหัวเข่า น้ำท่วมมาแล้วน้อยกว่า 1 สัปดาห์,https://storage.googleapis.com/traffy_public_bucket/attachment/2026-09/52e8dc6d31ffc0d3abe649322f40405a.jpeg
2026-XUADMW,forward,2026-09-30 23:07,2026-10-01 08:46,100.61825,13.89133,สายไหม,คลองถนน,สวัสดีครับแอด ในซอยทิมเรืองเวช (ซอยพหลโยธิน 52) ถึง เพิ่มสิน 20 ยังมีน้ำขัง ประมาณ 10-20 ซม.(น้ำเริ่มมีกลิ่นและมีซากสัตว์) ในหมู่บ้านซอยเล็กๆ รบกวนแอดตรวจสอบให้หน่อยว่า เครื่องสูบน้ำทาง กทม. จะเปิดวันไหน ตรงต้นซอยน้ำเริ่มแห้งแล้ว ความสูงระดับหน้าแข้ง น,https://storage.googleapis.com/traffy_public_bucket/attachment/2026-09/226a00f645e49bb7ebfd0caf039e2af8.jpeg
2026-WMFUWN,start,2026-09-30 23:08,2026-09-30 23:08,100.74435,13.75874,ลาดกระบัง,คลองสามประเวศ,น้ำท่วมขัง 40-50 cm มา 5 วันแล้ว ความสูงระดับหัวเข่า น้ำท่วมมาแล้วน้อยกว่า 1 สัปดาห์,https://storage.googleapis.com/traffy_public_bucket/attachment/2026-09/3a0da9fc4e102d18242f256c9719a90c.jpeg
2026-WGMTU7,inprogress,2026-09-30 23:12,2026-10-01 09:32,100.71481,13.81288,มีนบุรี,มีนบุรี,มีน้ำท่วมขังและเน่าตั้งแต่หน้าโรงเรียนเศรษฐบุตรฯ ยาวไปตลอดหน้าโรงเรียน อยากให้ช่วยมาดูดน้ำออกไปที ความสูงระดับข้อเท้า น้ำท่วมมาแล้วน้อยกว่า 1 สัปดาห์,https://storage.googleapis.com/traffy_public_bucket/attachment/2026-09/ddda76f620f929832c5e1d04c7913052.jpeg
2026-WGMTU7,forward,2026-09-30 23:12,2026-10-09 13:42,100.71481,13.81288,มีนบุรี,มีนบุรี,มีน้ำท่วมขังและเน่าตั้งแต่หน้าโรงเรียนเศรษฐบุตรฯ ยาวไปตลอดหน้าโรงเรียน อยากให้ช่วยมาดูดน้ำออกไปที ความสูงระดับข้อเท้า น้ำท่วมมาแล้วน้อยกว่า 1 สัปดาห์,https://storage.googleapis.com/traffy_public_bucket/attachment/2026-09/ddda76f620f929832c5e1d04c7913052.jpeg
2026-MUJFRE,forward,2026-09-30 23:13,2026-10-01 14:19,100.63984,13.71783,สวนหลวง,สวนหลวง,หมู่บ้านกลางเมือง ซอยศรีนครินทร์ 24 บริเวณซอย 6-8 ประสบปัญหาน้ำท่วมขังมาเป็นเวลา 5 วัน ระดับน้ำไม่ลดลง และถนนบริเวณรอบนอกซอยศรีนครินทร์ 24 ก็มีระดับน้ำสูงเช่นกัน แม้จะมีการสูบน้ำลงคลองประเวศแต่น้ำยังคงไหลย้อนกลับมาเท่าระดับเดิม ปัจจุบันเริ่มส่งกลิ่นเหม็นเ,https://storage.googleapis.com/traffy_public_bucket/attachment/2026-09/b09a23276a06d4a0c9254777f19cf126.jpeg
2026-L92G9B,inprogress,2026-09-30 23:14,2026-10-01 07:12,100.67689,13.77545,สะพานสูง,สะพานสูง,น้ำขังที่หมู่บ้านสัมมากร รามคำแหง มาหลายวันแล้วยังไม่มีมีการลดเลย 40ซม. น้ำท่วมมาแล้วน้อยกว่า 1 สัปดาห์,https://storage.googleapis.com/traffy_public_bucket/attachment/2026-09/d7f1f8678459a13cbc2377d971b63bf2.jpeg
2026-BWGTGM,forward,2026-09-30 23:17,2026-10-01 08:38,100.65534,13.79576,บึงกุ่ม,คลองกุ่ม,จนถึงวันนี้ 30 กย.น้ำท่วมขังภายในหมู่บ้านแดนตะวันตามบริเวณระบุในแผนที่ ซ.นวมินทร์40 ระดับน้ำยังสูงสุดประมาณ 10นิ้ว ขอเร่งดำเนินการระบายน้ำ ความสูงระดับประมานสูงสุด 10นิ้ว เมื่อเช้า น้ำท่วมมาแล้วตั้งแต่เริ่มหลังฝนแช่,https://storage.googleapis.com/traffy_public_bucket/attachment/2026-09/2367138f7cbd8d1ffdd6194c6346e1b3.jpeg
2026-DY39LV,inprogress,2026-09-30 23:19,2026-10-01 10:00,100.78454,13.83241,มีนบุรี,แสนแสบ,น้ำท่วม ถนนราษฎร์รัฐพัฒนา แสนแสบ มีนบุรี กทม ความสูงระดับหน้าแข้ง น้ำท่วมมาแล้วน้อยกว่า 1 สัปดาห์,https://storage.googleapis.com/traffy_public_bucket/attachment/2026-09/be08d6a6f1946f557d9f2c609cfb7f66.jpeg
2026-2N4C3J,inprogress,2026-09-30 23:22,2026-10-01 10:00,100.75148,13.81539,มีนบุรี,แสนแสบ,ต้องการให้จัดการน้ำ เร่งด่วน `น้ำท่วม น้ำไม่ลดลงเลย` แยกราษฎร์อุทิศ คู้ขวา เส้นสุวินทวงศ์ มีนบุรี 30/9/2026 ความสูงระดับหน้าแข้ง น้ำท่วมมาแล้วน้อยกว่า 1 สัปดาห์,https://storage.googleapis.com/traffy_public_bucket/attachment/2026-09/6ca846b7685ab691776ef3819469f1a5.jpeg
2026-2N4C3J,forward,2026-09-30 23:22,2026-10-09 13:41,100.75148,13.81539,มีนบุรี,แสนแสบ,ต้องการให้จัดการน้ำ เร่งด่วน `น้ำท่วม น้ำไม่ลดลงเลย` แยกราษฎร์อุทิศ คู้ขวา เส้นสุวินทวงศ์ มีนบุรี 30/9/2026 ความสูงระดับหน้าแข้ง น้ำท่วมมาแล้วน้อยกว่า 1 สัปดาห์,https://storage.googleapis.com/traffy_public_bucket/attachment/2026-09/6ca846b7685ab691776ef3819469f1a5.jpeg
2026-G9HXPE,inprogress,2026-09-30 23:22,2026-10-01 09:32,100.71031,13.71345,ประเวศ,ประเวศ,น้ำที่อื่นเขาลดกันหมดแล้ว มีซอย 5 นี่น้ำยังไม่ลด มาจนน้ำเน่าแล้ว ไม่มีใครมาดูแลเหลียวแลเลย ความสูงระดับถึงขาอ่อน น้ำท่วมมาแล้วน้อยกว่า 1 สัปดาห์,https://storage.googleapis.com/traffy_public_bucket/attachment/2026-09/7f6648df1392e6133e5dd2082b5fe044.jpeg
2026-XU4W9J,inprogress,2026-09-30 23:26,2026-10-02 14:48,100.80548,13.79928,หนองจอก,ลำผักชี,"น้ำท่วมขังยังสูงอยู่ รถยังไม่สามารถสัญจรได้ เป็นพื้นที่หมู่บ้านฟลอร่าวิลล์ซิตี้ สุวินทวงศ์ มีผู้อาศัยกว่า 7,000 ครัวเรือน เดือดร้อนมาก แม้จะมีรถทหารบริการ แต่เดือดร้อนค่ะ ความสูงระดับหัวเข่า น้ำท่วมมาแล้วน้อยกว่า 1 สัปดาห์",https://storage.googleapis.com/traffy_public_bucket/attachment/2026-09/1731104062d970dcff977b4ff6833527.jpeg
2026-LU7VWN,finish,2026-09-30 23:35,2026-10-01 08:10,100.62364,13.79545,วังทองหลาง,คลองเจ้าคุณสิงห์,แจ้งความเสียหายจากเหตุน้ำท่วม ที่ บ้านเลขที่ 416/118 ซอย ลาดพร้าว87 แยก14 ถนนลาดพร้าว แขวงคลองเจ้าคุณสิงห์ เขตุวังทองหลาง กรุงเทพฯ เพื่อรับเงินช่วยเหลือน้ำท่วม และค่าซ่อมบ้าน ทั้งนี้เพื่อให้เจ้าหน้าที่ลงสำรวจและออกหนังสือรับรองผู้ประสบภัย ความสูงระดับท่,https://storage.googleapis.com/traffy_public_bucket/attachment/2026-09/4d66b39a2ab23bc517925461959d7e2a.jpeg
2026-FT8RKN,inprogress,2026-09-30 23:38,2026-10-01 07:28,100.62067,13.94924,ดอนเมือง,สนามบิน,สวัสดีค่ะ พอดีว่าน้ำท่วมคอนโด nue connex don mueang ซึ่งที่คอนโดจะมีทางออกสองฝั่ง ฝั่งดอนเมือง กับฝั่งพหลโยธินตรงแยกลำลูกกา ท่วมทางออกทั้งสองฝั่งเลยค่ะ ตอนนี้ลูกบ้านหลายๆคนติดอยู่ที่คอนโด กลัวระดับน้ำจะเพิ่มสูงขึ้น อย่างน้อยอยากให้ฝั่งดอนเมืองแห้งก็ยังดีค,https://storage.googleapis.com/traffy_public_bucket/attachment/2026-09/a4870ac124efd3cadb15d31ae3f5a8bc.jpeg
2026-XBL96Y,forward,2026-09-30 23:38,2026-10-01 08:45,100.62334,13.94623,สายไหม,สายไหม,ธูปเตมีย์ ถนนพหลโยธิน สายไหม เพิ่มสิน วัชรพล สะพานใหม่ รามอินทรา บางกะปิค่ะ อยู่ไม่ไหวแล้วค่ะ รองรับให้กทม.ชั้นในต่อไปไม่ไหวแล้ว วิภาวดีแห้ง แต่ข้ามมานิดเดียวน้ำท่วมถนนใหญ่ 90 ซ.ม. มันไม่ใช่แล้วมั้ยคะ ช่วยเปิดประตูระบายน้ำให้น้ำไหลออกด้วยค่ะ คนในชุมชนจะตา,https://storage.googleapis.com/traffy_public_bucket/attachment/2026-09/e6044767530021f49e439a90d4fc570d.jpeg
2026-TJU4MA,forward,2026-09-30 23:44,2026-10-01 08:45,100.62335,13.94559,ดอนเมือง,สนามบิน,ธูปเตมีย์ ถนนพหลโยธิน สายไหม เพิ่มสิน วัชรพล สะพานใหม่ รามอินทรา บางกะปิค่ะ อยู่ไม่ไหวแล้วค่ะ รองรับให้กทม.ชั้นในต่อไปไม่ไหวแล้ว วิภาวดีแห้ง แต่ข้ามมานิดเดียวน้ำท่วมถนนใหญ่ 90 ซ.ม. มันไม่ใช่แล้วมั้ยคะ ช่วยเปิดประตูระบายน้ำให้น้ำไหลออกด้วยค่ะ คนในชุมชนจะตา,https://storage.googleapis.com/traffy_public_bucket/attachment/2026-09/6b6e4b2977734b3f98307542fe82ec74.jpeg
2026-UD7BX8,inprogress,2026-09-30 23:45,2026-10-01 09:33,100.69419,13.69712,ประเวศ,ดอกไม้,ต้องการ ท่อซิ่ง มาสูบน้ำ ในซอยด่วน 🚨🚨🚨 น้ำยังไม่ลดทั้งซอย เดินทางไม่ได้ ต้องการหน่วยงานมาช่วยสูบน้ำออกให้ด้วยนะคะ ขอบพระคุณมากๆคะ 🙏🏻🙏🏻🙏🏻 ความสูงระดับเอว น้ำท่วมมาแล้วมากกว่า 1 สัปดาห์,https://storage.googleapis.com/traffy_public_bucket/attachment/2026-09/a815fccd0d3265405dbbb9355445d3a0.jpeg
2026-Z68FZL,inprogress,2026-09-30 23:46,2026-10-01 08:32,100.63529,13.88405,บางเขน,ท่าแร้ง,ช่วยระบายน้ำให้ลดลงเพื่อที่ให้รถเก๋ง สามารถขับลุยผ่ายไปทำงานได้หน่อยเถอะค่ะ ลำบากทางเข้าออกมา5วันแล้ว น้ำไม่มีลดระดับลงเลย ทางเข้าออกมีจำกัด ไม่สามารถหาทางอื่นได้เลยค่ะ ช่วยเร่งมือหน่อยค่ะ อาหารก็ไม่มีมาให้แล้ว ก็ช่วยเรื่องนี้ให้เร็วหน่อยค่ะ 40cm. น้ำท่ว,https://storage.googleapis.com/traffy_public_bucket/attachment/2026-09/7408df4694da5e299a31cb2ca77f9892.jpeg
2026-Z68FZL,finish,2026-09-30 23:46,2026-10-09 18:21,100.63529,13.88405,บางเขน,ท่าแร้ง,ช่วยระบายน้ำให้ลดลงเพื่อที่ให้รถเก๋ง สามารถขับลุยผ่ายไปทำงานได้หน่อยเถอะค่ะ ลำบากทางเข้าออกมา5วันแล้ว น้ำไม่มีลดระดับลงเลย ทางเข้าออกมีจำกัด ไม่สามารถหาทางอื่นได้เลยค่ะ ช่วยเร่งมือหน่อยค่ะ อาหารก็ไม่มีมาให้แล้ว ก็ช่วยเรื่องนี้ให้เร็วหน่อยค่ะ 40cm. น้ำท่ว,https://storage.googleapis.com/traffy_public_bucket/attachment/2026-09/7408df4694da5e299a31cb2ca77f9892.jpeg
2026-NM69U6,start,2026-09-30 23:52,2026-09-30 23:52,100.71499,13.73617,ลาดกระบัง,คลองสองต้นนุ่น,ต้องการ ท่อซิ่ง มาช่วยสูบน้ำในซอยด่วน🚨🚨 เดินทางลำบาก ลุยน้ำจนเป็นเชื้อราแล้ว อยากให้หน่วยงานที่เกี่ยวข้อง ช่วยดำเนินการสูบน้ำฝห้ถนนกลับมาใช้งานได้ปกติคะ ขอบพระคุณมากๆคะ 🙏🏻🙏🏻🙏🏻🙏🏻🙏🏻🙏🏻 ความสูงระดับข้อเท้า น้ำท่วมมาแล้วน้อยกว่า 1 สัปดาห์,https://storage.googleapis.com/traffy_public_bucket/attachment/2026-09/454006a8677b551625fa2009b911bf09.jpeg
2026-RZLPKF,inprogress,2026-09-30 23:55,2026-10-01 07:13,100.6932,13.74809,สะพานสูง,สะพานสูง,น้ำท่วมสูง ยังไม่ได้รับความช่วยเหลือ น้ำท่วมมาตั้งแต่วันเสาร์ และระดับน้ำยังไม่ลดลงเลยค่ะ ตอนนี้น่าจะ 40-50cm แล้ว ความสูงระดับสูงกว่าเอว น้ำท่วมมาแล้วน้อยกว่า 1 สัปดาห์,https://storage.googleapis.com/traffy_public_bucket/attachment/2026-09/6714c0216d8ee094bb94bbd2d723d10b.jpeg
2026-AAK4E2,inprogress,2026-09-30 23:56,2026-10-01 09:33,100.68839,13.70498,ประเวศ,ประเวศ,ขอเครื่องสูบน้ำ เข้าช่วยเร่งระบายน้ำค่ะ ตอนนี้น้ำเน่า มีกลิ่นเหม็นค่ะ 50 ซม. หมู่บ้านเดอะคอนเนค,https://storage.googleapis.com/traffy_public_bucket/attachment/2026-09/8d2fac2c1d29b71ae8ec8709ab04ada3.jpeg
2026-DEA2T9,inprogress,2026-09-30 23:57,2026-10-01 07:16,100.74751,13.84774,คลองสามวา,ทรายกองดิน,ซอยนิมิตใหม่ 20 นำ้ท่วมทั้งหมุ่บ้านแล้วค่ะ ข้อเท้า ถึง เลยเข่าขึ้นมาค่ะ 4 วัน,https://storage.googleapis.com/traffy_public_bucket/attachment/2026-09/0616a4ea09a17feaba4bbd90b3c5d4a8.jpeg
