ticket,state,reported,last_activity,lon,lat,district,subdistrict,description,photo_url
2026-B24VGJ,inprogress,2026-10-07 00:43,2026-10-07 09:24,100.68584,13.81346,คันนายาว,คันนายาว,ขอกระสอบทรายเพื่อบรรเทาเรื่องน้ำเข้าบ้านค่ะ #ขอกระสอบทราย/อื่นๆ,https://storage.googleapis.com/traffy_public_bucket/attachment/2026-10/d7c5fdbbd5fd66e143c10a629963ac25.jpeg
2026-V74XX6,inprogress,2026-10-07 02:21,2026-10-07 09:40,100.65045,13.73518,สวนหลวง,สวนหลวง,ในซอยพัฒนาการ 53 อยู่ดีดีน้ำก็ท่วมขึ้นมาจนถึงฟุตบาท ทั้งๆที่ไม่มีฝนตกเลย ความสูงระดับหน้าแข้ง น้ำท่วมมาแล้วน้อยกว่า 1 วัน,https://storage.googleapis.com/traffy_public_bucket/attachment/2026-10/bf7994b635bd1bb4d104cc5a3b6ae575.jpeg
2026-V74XX6,finish,2026-10-07 02:21,2026-10-08 09:00,100.65045,13.73518,สวนหลวง,สวนหลวง,ในซอยพัฒนาการ 53 อยู่ดีดีน้ำก็ท่วมขึ้นมาจนถึงฟุตบาท ทั้งๆที่ไม่มีฝนตกเลย ความสูงระดับหน้าแข้ง น้ำท่วมมาแล้วน้อยกว่า 1 วัน,https://storage.googleapis.com/traffy_public_bucket/attachment/2026-10/bf7994b635bd1bb4d104cc5a3b6ae575.jpeg
2026-EPFJUW,inprogress,2026-10-07 02:52,2026-10-07 07:30,100.69883,13.78015,สะพานสูง,สะพานสูง,ฝนตกหนัก น้ำจากที่แห้งแล้ว กลับมาท่วมขังเต็มถนนใหม่ครับ ความสูงระดับข้อเท้า น้ำท่วมมาแล้วน้อยกว่า 1 สัปดาห์,https://storage.googleapis.com/traffy_public_bucket/attachment/2026-10/91409577a979e69db232ad583c2626a0.jpeg
2026-H2XZWD,start,2026-10-07 04:10,2026-10-07 04:10,100.78218,13.7169,ลาดกระบัง,ลาดกระบัง,พื้นที่โซนลาดกระบังน้ำทะยอยลดลงแล้ว แต่ในซอยลาดกระบัง50/2 และลาดกระบัง52 ยังมีน้ำท่วมอยู่ ตั้งแต่25กันยา จนถึงวันนี้7ตุลา เป็นเวลา12วันที่ทุกคนในซอยต้องลุยน้ำท่วม ซึ่งน้ำเน่าแล้วค่ะ อยากให้ทางกทม.ช่วยเข้ามาสูบน้ำออกให้หน่อยค่ะ ความสูงระดับหน้าแข้ง น้ำท่วม,https://storage.googleapis.com/traffy_public_bucket/attachment/2026-10/b5cc07459592f48ab81b91bfb80c5b3a.jpeg
2026-AA3B96,forward,2026-10-07 04:26,2026-10-07 10:04,100.49995,13.73094,คลองสาน,สมเด็จเจ้าพระยา,ซ.สุขาภิบาล 5_40 เขตสายไหม น้ำท่วมขังในซอย เริ่มเน่าแล้ว ไม่มีทางระบาย ความสูงระดับ20-30 ซม. น้ำท่วมมาแล้ว10 กว่าวัน ตั้งแต่วันแรกที่น้ำมส,https://storage.googleapis.com/traffy_public_bucket/attachment/2026-10/52809077f489a0dddfb53c6f24db40ba.jpeg
2026-GAAXV9,finish,2026-10-07 05:26,2026-10-07 09:00,100.67029,13.8715,บางเขน,ท่าแร้ง,หมู่บ้านจินดาทาวร์ซอยคู้บอน 27 แยก 56 น้ำยังไม่ลดเลย ความสูงระดับตรงหน้าบ้านประมาณ 30 ซม . ตรงถนนประมาณ 20 ซม น้ำท่วมมาแล้วน้อยกว่า 1 สัปดาห์,https://storage.googleapis.com/traffy_public_bucket/attachment/2026-10/86d366b65e933b73d755acf39e94ad5b.jpeg
2026-86CTCR,inprogress,2026-10-07 05:38,2026-10-07 09:32,100.69377,13.82977,คลองสามวา,บางชัน,เครื่องสูบน้ำที่อยู่หน้าซอยพระยาสุเรนทร์ 19 ท่อแตก ทำให้น้ำพุ่งออกมา แต่เครื่องสูบน้ำยังทำงานอยู่ ตอนนี้น้ำก็ไม่ลดระดับเนื่งจากฝนตกลงมาทำให้น้ำที่ลดลงก่อนหน้านี้กลับมาท่วมเหมือนเดิม ความสูงระดับหน้าแข้ง น้ำท่วมมาแล้วมากกว่า 1 สัปดาห์,https://storage.googleapis.com/traffy_public_bucket/attachment/2026-10/50e484b6d88763a3149b8a86b052eb25.jpeg
2026-WYJFJ9,finish,2026-10-07 06:00,2026-10-07 09:00,100.67029,13.87152,บางเขน,ท่าแร้ง,ที่แจ้งไปเมื่อเช้ามืดนั้นเวลานี้ 06.05 นาทีน้ำเริ่มลดลงดังภาพที่ส่งไปแล้วค่ะ ความสูงระดับเริ่มลดลงแล้วค่ะ น้ำท่วมมาแล้วน้อยกว่า 1 วัน,https://storage.googleapis.com/traffy_public_bucket/attachment/2026-10/cbe53d98e25392b667289293ade6c172.jpeg
2026-8YA33R,forward,2026-10-07 06:01,2026-10-07 08:37,100.43482,13.60515,บางขุนเทียน,ท่าข้าม,6 ตุลา 2569 หน้าปากซอยเทียนทะเล 26 มีน้ำขังมาหลายวัน ทำให้การเดินขึ้นรถสาธารณะลำบาก ความสูงระดับข้อเท้า น้ำท่วมมาแล้วมากกว่า 1 สัปดาห์,https://storage.googleapis.com/traffy_public_bucket/attachment/2026-10/59ea8b1cfd9acf12e5e00d6f132ff740.jpeg
2026-7YCK99,forward,2026-10-07 06:24,2026-10-07 06:59,100.72645,13.79588,มีนบุรี,มีนบุรี,ปัญหาคือน้ำเข้าภายในบ้าน และเข้ามาตรงตู้เย็น ได้ประมาณ 2-5 cm หลังจากนั้นได้สักพักออกและย้ายขึ้นอยู่ที่สูง พอน้ำลดล้างทำความสะอาดแล้วเสียบปลั๊ก ตู้เย็นไฟปิดมีเสียงแต่ไม่เย็นทั้ง 2 ช่องบนและล่าง ครับ ความสูงระดับหน้าแข้ง น้ำท่วมมาแล้วน้อยกว่า 1 สัปดาห์,https://storage.googleapis.com/traffy_public_bucket/attachment/2026-10/971bfc9ea5366ec3753b6e75be079a04.jpeg
2026-XAEK8B,inprogress,2026-10-07 06:26,2026-10-07 08:15,100.72086,13.78334,มีนบุรี,มีนบุรี,ซอย 27 หมู่บ้านบัวขาวฝั่งใน (อยู่ในซอยรามคำแหง 174 ) น้ำท่วมสูงเข้าในตัวอาคารบ้านพักอาศัย ตั้งแต่ 02.00 น. วันที่ 26 กันยายน 2569 จนถึงปัจจุบัน วันที่ 6 ตุลาคม 2569 น้ำยังไม่แห้ง ส่วนที่สูงที่สุดประมาณ 60 cm ปัจจุบันลดลงยังไม่หมด แต่วันที่ 6 ต.ค.2569 ช่วง,https://storage.googleapis.com/traffy_public_bucket/attachment/2026-10/14eaa102aefce008afa57998153f9c76.jpeg
2026-TVV9YF,inprogress,2026-10-07 06:32,2026-10-07 08:00,100.42931,13.68456,บางบอน,คลองบางพราน,ปัญหาไม่ได้รับการแก้ไข ยังคงมีน้ำท่วมขัง ความสูงระดับข้อเท้า น้ำท่วมมาแล้วมากกว่า 1 สัปดาห์,https://storage.googleapis.com/traffy_public_bucket/attachment/2026-10/9a522744b5e650e89cd354ea81791f7a.jpeg
2026-TVV9YF,finish,2026-10-07 06:32,2026-10-07 12:26,100.42931,13.68456,บางบอน,คลองบางพราน,ปัญหาไม่ได้รับการแก้ไข ยังคงมีน้ำท่วมขัง ความสูงระดับข้อเท้า น้ำท่วมมาแล้วมากกว่า 1 สัปดาห์,https://storage.googleapis.com/traffy_public_bucket/attachment/2026-10/9a522744b5e650e89cd354ea81791f7a.jpeg
2026-NL277X,inprogress,2026-10-07 06:35,2026-10-07 07:44,100.86497,13.78773,หนองจอก,ลำต้อยติ่ง,ซอยร่วมพัฒนา6/1ท่วมสูงสัญจรไม่ได้มาสูบระบายน้ำออกไปบ้างเถอะจะได้ใช้รถออกไปทำงานได้ ความสูงระดับหน้าแข้ง น้ำท่วมมาแล้วมากกว่า 1 สัปดาห์,https://storage.googleapis.com/traffy_public_bucket/attachment/2026-10/b4d16c2911b2f0e3570883bed9ba965c.jpeg
2026-U3BXJ9,inprogress,2026-10-07 06:37,2026-10-07 08:15,100.71914,13.8008,มีนบุรี,มีนบุรี,ยังไม่ได้รับการแก้ไข แจ้งมา รอบ 3 ปั๊มตัวเดียวก็ไม่มี ฝนตกน้ำท่วมเกิน เน่า จะสองอาทิตย์แล้วค่ะ ความสูงระดับบางจุดเข่า น้ำท่วมมาแล้วมากกว่า 1 สัปดาห์,https://storage.googleapis.com/traffy_public_bucket/attachment/2026-10/123d5d6a6a44f9d77120244181f550c5.jpeg
2026-BYAGW7,inprogress,2026-10-07 06:52,2026-10-07 08:36,100.65915,13.78349,บึงกุ่ม,คลองกุ่ม,น้ำท่วมขังถนนหน้าบ้าน รอบสองระดับน้ำลึก 37 ซม. รถเล็กออกจากบ้านไม่ได้ ควรเร่งสูบน้ำระบายออกลงคลองลำพังพวย ความสูงระดับน้ำท่วมสูงประมาณ37ซม. น้ำท่วมมาแล้วเริ่มท่วมใหม่ตั้งแต่วันที่ 6 ตุลาคม2569 เดิมท่วมตั้งแต่25 กันยายน -3 ตุลาคม,https://storage.googleapis.com/traffy_public_bucket/attachment/2026-10/thumb_51f6c7bed24f5d14c32a02e54a44cfb1.jpg
2026-KJB4B3,inprogress,2026-10-07 06:54,2026-10-07 08:15,100.71393,13.81766,มีนบุรี,มีนบุรี,หมู่บ้านเอื้ออาทรมีนบุรี น้ำท่วมอีกแล้วครับ ช่วยเร่งสูบน้ำให้ลดลงด้วยครับ ความสูงระดับข้อเท้า น้ำท่วมมาแล้วน้อยกว่า 1 วัน,https://storage.googleapis.com/traffy_public_bucket/attachment/2026-10/490501eac68f6cf6e2f007a9dbc80d19.jpeg
2026-TG227Y,inprogress,2026-10-07 06:58,2026-10-07 08:18,100.69113,13.80754,คันนายาว,คันนายาว,น้ำท่วมซอยสวนสยาม ส่งผลให้รถเสียหายคัน ความสูงระดับหน้าแข้ง น้ำท่วมมาแล้วมากกว่า 1 สัปดาห์,https://storage.googleapis.com/traffy_public_bucket/attachment/2026-10/d1217ef7f1b3d951557b1123add75a16.jpeg
2026-28WTHY,inprogress,2026-10-07 07:02,2026-10-07 07:09,100.68556,13.75935,สะพานสูง,สะพานสูง,มีน้ำท่วมขังในซอยรามคำแหง118 แยก61 และแยก63 ต้องการให้เขตสะพานสูงเร่งสูบน้ำออก น้ำเข้าบ้านอีกรอบแล้วค่ะ กระสอบทรายจากทางเขตก็ไม่เคยได้รับแจก ช่วยเร่งสูบน้ำออกด้วยค่ะ ความสูงระดับหัวเข่า น้ำท่วมมาแล้วมากกว่า 1 สัปดาห์,https://storage.googleapis.com/traffy_public_bucket/attachment/2026-10/6a41e507bab5185f149aa36ceb0d226b.jpeg
2026-83CLPX,start,2026-10-07 07:02,2026-10-07 07:02,100.73808,13.72376,ลาดกระบัง,ลาดกระบัง,เรื่องซอยลาดกระบัง 3 น้ำท่วม12 วันแล้ว ไม่มีหน่วยงานไหนมาดูเลย ไม่สามารถขายของได้เลยในซอย เดือดร้อนมาก ไม่มีหน่วยงานไหนมาช่วยเลย ความสูงระดับกลางซอยเลยหัวเข่าค่ะ น้ำท่วมมาแล้ว12 วัน,https://storage.googleapis.com/traffy_public_bucket/attachment/2026-10/ce316a8aff32049197b5db832b6632c7.jpeg
2026-83CLPX,forward,2026-10-07 07:02,2026-10-07 11:18,100.73808,13.72376,ลาดกระบัง,ลาดกระบัง,เรื่องซอยลาดกระบัง 3 น้ำท่วม12 วันแล้ว ไม่มีหน่วยงานไหนมาดูเลย ไม่สามารถขายของได้เลยในซอย เดือดร้อนมาก ไม่มีหน่วยงานไหนมาช่วยเลย ความสูงระดับกลางซอยเลยหัวเข่าค่ะ น้ำท่วมมาแล้ว12 วัน,https://storage.googleapis.com/traffy_public_bucket/attachment/2026-10/ce316a8aff32049197b5db832b6632c7.jpeg
2026-BZK3JM,forward,2026-10-07 07:03,2026-10-07 07:39,100.83072,13.7957,หนองจอก,ลำผักชี,น้ำท่วมสูงตรงจุดกลับรถPTT ORฉลองกรุง มาหมู่บ้านเดอะแพลนท์ฉลองกรุงมา2อาทิตย์แล้ว ไม่ลดเลย ความสูงระดับหัวเข่า น้ำท่วมมาแล้วมากกว่า 1 สัปดาห์,https://storage.googleapis.com/traffy_public_bucket/attachment/2026-10/9b47b3b844c995e1b100b6f74ce6c81d.jpeg
2026-VM42E6,inprogress,2026-10-07 07:04,2026-10-07 10:03,100.62999,13.93643,สายไหม,สายไหม,บริเวณหน้าปากซอยถ.พหลโยธิน 58 แยก 18 ท่อระบายน้ำหน้าแยก 18 อุดตันมาก น้ำไม่สามารถระบายลงได้เลย ถึงแม้ฝนตกเล็กน้อย ดูลักษณะน่าจะมีก้อนดินหรือก้อนไขมันหรือก้อนที่มีลักษณะแข็ง(ไม่ทราบชื่อ) ปิดรูท่อระบายน้ไว้ ต้องการให้หน่วยงานเข้าตรวจสอบว่าสิ่งนั่นคืออะไรแล้,https://storage.googleapis.com/traffy_public_bucket/attachment/2026-10/c5a2ac714f5ff5e5b345101083ac8bb6.jpeg
2026-EVAYNN,inprogress,2026-10-07 07:24,2026-10-07 08:44,100.6774,13.72125,ประเวศ,ประเวศ,น้ำท่วมขังในซอยอ่อนนุช61 ความสูงระดับหน้าแข้ง น้ำท่วมมาแล้วมากกว่า 1 สัปดาห์,https://storage.googleapis.com/traffy_public_bucket/attachment/2026-10/3c3980825630b106e9eabc3b98708f2b.jpeg
2026-P7HKCR,start,2026-10-07 07:37,2026-10-07 07:37,100.7259,13.7344,ลาดกระบัง,คลองสองต้นนุ่น,น้ำท่วมมา 13 วัน เมื่อวานวันที่ 6/10/69 น้ำในบ้านลดไปบ้างแล้ว แต่เช้านี้มาน้ำขี้นอีก ทำไมทางเขตไม่มีการมาสูบน้ำออกไปสักที ทั้งๆที่ซอยใกล้เคียงแห้งหมดแล้ว ความสูงระดับหน้าแข้ง น้ำท่วมมาแล้ว13 วันแล้ว,https://storage.googleapis.com/traffy_public_bucket/attachment/2026-10/86417dbfa62010d4f99d002306ef4aee.jpeg
2026-8U7ZJF,inprogress,2026-10-07 07:39,2026-10-07 09:24,100.70302,13.7908,สะพานสูง,สะพานสูง,ให้เจ้าหน้าที่ผอเขตสมาชิกสภาเขตช่วยมาดูแลซอยมิสทีนหน่อยค่ะน้ำท่วมเพราะว่าฝนตกเมื่อวาน 6 ตค แค่ไม่นานยังระบายไม่ได้เลยไหลออกมาจากท่อระบายน้ำเจิงนองทั้งสองฝั่งแล้วแบบนี้ทำให้รถติดมาก สร้างปัญหาเพิ่ม แย่ กำลุงทำสะพานข้ามแยกอีก ปิดจุดกลับรถอีก ปิดจุดกลับรถด้ว,https://storage.googleapis.com/traffy_public_bucket/attachment/2026-10/57193545ba9fe95e0bf6585c7de0bd0c.jpeg
2026-KZAZYD,inprogress,2026-10-07 07:42,2026-10-07 08:30,100.69528,13.73718,สะพานสูง,สะพานสูง,ถนนเส้นกรุงเทพกรีฑา 49 (ม.บ้านใหม่ พระราม 9-วงแหวน) ต่อเนื่องไปถึง กรุงเทพกรีฑา 32 (หน้าปากซอย Tops) น้ำยังท่วมขัง ขณะที่เส้นกรุงเทพกรีฑา (ถนนหลัก) ลดแล้ว ความสูงระดับหน้าแข้ง น้ำท่วมมาแล้วมากกว่า 1 สัปดาห์,https://storage.googleapis.com/traffy_public_bucket/attachment/2026-10/thumb_2d45e8d920dd2ef86748971aa22f61eb.jpg
2026-AV2GFV,inprogress,2026-10-07 07:45,2026-10-07 08:00,100.8185,13.80449,หนองจอก,ลำผักชี,"เรียน เจ้าหน้าที่ Traffy Fondue / กรุงเทพมหานคร / สำนักงานเขตหนองจอก เรื่อง: ติดตามและแจ้งเรื่องปัญหาน้ำท่วมขังสะสม วันที่ 12 (อ้างอิงเลขที่เดิม 2026-P82ZCJ, 2026-RPAPC7 และเลขที่ใหม่ 2026-ZUK8TY) ตามที่ได้แจ้งเรื่องผ่านระบบ Traffy Fondue (เลขที่ **2026",https://storage.googleapis.com/traffy_public_bucket/attachment/2026-10/thumb_6989d47119ff16a5ba3e10ba0fd51336.jpg
2026-G3BF8M,inprogress,2026-10-07 07:47,2026-10-07 08:25,100.68611,13.76658,สะพานสูง,สะพานสูง,น้ำท่วมหน้าเขตสะพานสูง และพื้นที่ใกล้เคียง ขอให้เขตฯ ช่วยมาดูแลเพราะจุดอื่นบรืเวณริบๆ แห้งหมดแล้ว ความสูงระดับข้อเท้า น้ำท่วมมาแล้วน้อยกว่า 1 สัปดาห์,https://storage.googleapis.com/traffy_public_bucket/attachment/2026-10/0ac4513ce24f41c299e9a1ad80859a8b.jpeg
2026-ADG6MM,inprogress,2026-10-07 07:49,2026-10-07 08:09,100.61809,13.88463,บางเขน,อนุสาวรีย์,ขอให้ยกระดับแจ้งไปยังผู้ว่าชัชชาติทราบปัญหานี้โดยด่วน ก่อนที่มวลน้ำจากภาคเหนือจะมา ให้ตรวจสอบกรณีพบการกระทำเข้าข่ายฝ่าฝืน พ.ร.บ. การขุดดินและถมดิน พ.ศ. 2543 มาตรา 26 ที่บัญญัติให้ผู้ถมดินที่มีพื้นที่เกินเกณฑ์ ต้องจัดให้มีการระบายน้ำที่เพียงพอและไม่ก่อให้,https://storage.googleapis.com/traffy_public_bucket/attachment/2026-10/ea4a0f1b669508c701034a5ecf6905cf.jpeg
2026-BL3P9F,start,2026-10-07 07:49,2026-10-07 07:49,100.63124,13.76397,บางกะปิ,คลองจั่น,คอนโดเราอยู่ติดคลองแสนแสบ เวลาฝนตกหนักช่วงนีัน้ำในคลองทะลักเข้ามาทำให้น้ำท่วมขังได้ง่าย และระบายช้ามาก #ขอกระสอบทราย/อื่นๆ,https://storage.googleapis.com/traffy_public_bucket/attachment/2026-10/68d105a8af1aad5dca9f80c681a51af8.jpeg
2026-BL3P9F,inprogress,2026-10-07 07:49,2026-10-07 11:00,100.63124,13.76397,บางกะปิ,คลองจั่น,คอนโดเราอยู่ติดคลองแสนแสบ เวลาฝนตกหนักช่วงนีัน้ำในคลองทะลักเข้ามาทำให้น้ำท่วมขังได้ง่าย และระบายช้ามาก #ขอกระสอบทราย/อื่นๆ,https://storage.googleapis.com/traffy_public_bucket/attachment/2026-10/68d105a8af1aad5dca9f80c681a51af8.jpeg
2026-BL3P9F,finish,2026-10-07 07:49,2026-10-08 09:03,100.63124,13.76397,บางกะปิ,คลองจั่น,คอนโดเราอยู่ติดคลองแสนแสบ เวลาฝนตกหนักช่วงนีัน้ำในคลองทะลักเข้ามาทำให้น้ำท่วมขังได้ง่าย และระบายช้ามาก #ขอกระสอบทราย/อื่นๆ,https://storage.googleapis.com/traffy_public_bucket/attachment/2026-10/68d105a8af1aad5dca9f80c681a51af8.jpeg
2026-YTNA77,inprogress,2026-10-07 07:51,2026-10-07 08:41,100.68428,13.69385,ประเวศ,ดอกไม้,น้ำท่วมซอยเฉลิมพระเกียรติ48 น้ำท่วมขังผิวถนนยังไม่มีใครมาช่วยดูแล ไปข้างนอกลำบาก ความสูงระดับหน้าแข้ง น้ำท่วมมาแล้วน้อยกว่า 1 สัปดาห์,https://storage.googleapis.com/traffy_public_bucket/attachment/2026-10/09d8fbafa497fbbe3857513f795195d2.jpeg
2026-JCRPV7,start,2026-10-07 07:52,2026-10-07 07:52,100.63124,13.76397,บางกะปิ,คลองจั่น,คอนโดเราอยู่ติดคลองแสนแสบ เวลาฝนตกหนักช่วงนีัน้ำในคลองทะลักเข้ามาทำให้น้ำท่วมขังได้ง่าย และระบายช้ามาก อยากขอกระสอบทราย #ขอกระสอบทราย/อื่นๆ,https://storage.googleapis.com/traffy_public_bucket/attachment/2026-10/02094198178679ce8f7f86d2e007fcba.jpeg
2026-JCRPV7,inprogress,2026-10-07 07:52,2026-10-07 11:00,100.63124,13.76397,บางกะปิ,คลองจั่น,คอนโดเราอยู่ติดคลองแสนแสบ เวลาฝนตกหนักช่วงนีัน้ำในคลองทะลักเข้ามาทำให้น้ำท่วมขังได้ง่าย และระบายช้ามาก อยากขอกระสอบทราย #ขอกระสอบทราย/อื่นๆ,https://storage.googleapis.com/traffy_public_bucket/attachment/2026-10/02094198178679ce8f7f86d2e007fcba.jpeg
2026-JCRPV7,finish,2026-10-07 07:52,2026-10-08 09:03,100.63124,13.76397,บางกะปิ,คลองจั่น,คอนโดเราอยู่ติดคลองแสนแสบ เวลาฝนตกหนักช่วงนีัน้ำในคลองทะลักเข้ามาทำให้น้ำท่วมขังได้ง่าย และระบายช้ามาก อยากขอกระสอบทราย #ขอกระสอบทราย/อื่นๆ,https://storage.googleapis.com/traffy_public_bucket/attachment/2026-10/02094198178679ce8f7f86d2e007fcba.jpeg
2026-JL7VRA,forward,2026-10-07 08:04,2026-10-07 09:30,100.69494,13.86305,คลองสามวา,สามวาตะวันตก,น้ำในหมู่บ้านเคซี5 ยังขังอยู่เยอะเลย ยังเดินทางลำบาก ตั้งแต่ท่วมมาวันที่ 25 ก.ย. ยังไม่เห็นพื้นหน้าบ้านแห้งเลย ถนนในซอยพระยาสุเรนทร์40 ก็เป็นหลุมเป็นบ่อเยอะมากๆ อันตรายมากๆ ความสูงระดับหน้าแข้ง น้ำท่วมมาแล้วมากกว่า 1 สัปดาห์,https://storage.googleapis.com/traffy_public_bucket/attachment/2026-10/7461efcb672b507d6a0c3354845e4260.jpeg
2026-W9AEMP,start,2026-10-07 08:04,2026-10-07 08:04,100.77018,13.72777,ลาดกระบัง,ลาดกระบัง,น้ำท่วมขัง 13 วัน น้ำเน่า และยุงเยอะมาก ความสูงระดับ20-30 ชม น้ำท่วมมาแล้วมากกว่า 1 สัปดาห์,https://storage.googleapis.com/traffy_public_bucket/attachment/2026-10/cf962a01c031b94d489a473edd49b8b9.jpeg
2026-ABD349,inprogress,2026-10-07 08:11,2026-10-07 09:56,100.62232,13.89033,สายไหม,คลองถนน,ซอยย่อย พหลโยธิน 52 แยก 27 ชุมชนทิมเรืองเวช น้ำขังเน่าเหม็นแล้ว ช่วยแจ้งให้เขตสายไหม สูบน้ำออกให้ด้วยครับ เพราะพื้นที่ต่ำกว่าถนนซอยหลัก ความสูงระดับข้อเท้า น้ำท่วมมาแล้วมากกว่า 1 สัปดาห์,https://storage.googleapis.com/traffy_public_bucket/attachment/2026-10/0a64826b75b4d9b5ad3dea9a76e54d9d.jpeg
2026-WM8WF2,start,2026-10-07 08:16,2026-10-07 08:16,100.75318,13.73646,ลาดกระบัง,คลองสามประเวศ,ได้มีการแจ้งปัญหาไปหลายครั้ง เกี่ยวกับเรื่องน้ำท่วมขัง ไร้หน่วยงานเข้ามาช่วยเหลือดูแลแบบจริงจัง สิ่งที่ต้องการในระยะสั้นคือการระบายน้ำออกจากพื้นที่แบบเร่งด่วน ระบะยางคือต้องการให้ทางเขตช่วยเลือในการทำถนนท่่สูงขึ้นเท่ากับถนนร่มเกล้าที่เป็นถนนหลักและทำทางระ,https://storage.googleapis.com/traffy_public_bucket/attachment/2026-10/4960bb6d3f6c0979caa3e0d4461c7e01.jpeg
2026-HPAK7Y,inprogress,2026-10-07 08:17,2026-10-07 08:37,100.69448,13.66884,ประเวศ,ดอกไม้,น้ำท่วมขัง รถเล็กผ่านไม่ได้ - ซอยทุ่งเศรษฐี ราม 2 • พิกัด: ซอยทุ่งเศรษฐี • ผลกระทบ: ประชาชนออกไปทำงานไม่ได้ เนื่องจากไรเดอร์ไม่วิ่งเข้ารับ-ส่งอาหารและของใช้ • ความต้องการเร่งด่วน: 1. ขอความกรุณาเร่งเดินเครื่องสูบระบายน้ำ ความสูงระดับหน้าแข้ง น้ำท่วมมา,https://storage.googleapis.com/traffy_public_bucket/attachment/2026-10/fed61e22f238e33ebb607346fbb1a6d5.jpeg
2026-769ZLH,start,2026-10-07 08:26,2026-10-07 08:26,100.71537,13.76738,ลาดกระบัง,คลองสองต้นนุ่น,ทางเข้าหมู่บ้านยังมีน้ำท่วมอยู่ ความสูงระดับหน้าแข้ง น้ำท่วมมาแล้วมากกว่า 1 สัปดาห์,https://storage.googleapis.com/traffy_public_bucket/attachment/2026-10/6c2e3e1bb25efae201cb0ed9d96f4845.jpeg
2026-J7BVXC,inprogress,2026-10-07 08:28,2026-10-07 09:23,100.69208,13.73485,สะพานสูง,สะพานสูง,12 วันแล้วที่น้ำท่วมขังจุดนี้ รบกวนช่วยมาดูแลที ตรงนี้คือจุดที่ใช้ในการต่อรถไฟฟ้าแอร์พอตลิงค์ที่เชื่อมต่อคนในชุมชนไปทำงานหาเลี้ยงชีพได้ ฝากเขตสะพานสูงเร่งดำเนินการแก้ไขทันที เพราะประชาชนจำนวนมาเดือดร้อนมานานแล้ว เร่งดำเนินการทันที อย่าชักช้า ความสูงระดับห,https://storage.googleapis.com/traffy_public_bucket/attachment/2026-10/b4e81fd133a54223fdbb09d5e1887748.jpeg
2026-EN9VNL,forward,2026-10-07 08:32,2026-10-07 09:55,100.65627,13.93045,สายไหม,สายไหม,น้ำล้นคลองหกวา บริเวณท้ายซอยสายไหม 35 เข้าท่วมบ้านเรือนประชาชน ทำให้น้ำไม่มีลดซักที เพราะน้ำจากคลองเติมเรื่อยๆ 10-20 ซม น้ำท่วมมาแล้วมากกว่า 1 สัปดาห์,https://storage.googleapis.com/traffy_public_bucket/attachment/2026-10/d08dd64cdd58e657c0c1198aee0d49ba.jpeg
2026-4EXNCT,inprogress,2026-10-07 08:34,2026-10-07 08:44,100.68248,13.68244,ประเวศ,ดอกไม้,รบกวนช่วยแจ้งทางเขตประเวศให้มาดูจุดระบายน้ำหลังหมู่บ้านนิรันดร์วิลล์ 2 ฝั่งซอยเฉลิมพระเกียรติ 30 ให้หน่อยค่ะ ตอนนี้น้ำท่วมขังอยู่เป็นแอ่งเดียวชาวบ้านด้านหลังหมู่บ้านก็เดือดร้อนคนในหมู่บ้านก็เดือดร้อนเนื่องจากน้ำไม่ระบายออกไปเลยเมื่อคืนน้ำเอ่อล้นเข้ามาซ้ำอ,https://storage.googleapis.com/traffy_public_bucket/attachment/2026-10/45e5925ab0b8d4dbb09429da879b1346.jpeg
2026-EBCHD9,inprogress,2026-10-07 08:36,2026-10-07 08:44,100.67734,13.72357,ประเวศ,ประเวศ,น้ำท่วมในซอยทำไมไม่เปิดปั๊ม เพื่อดูดน้ำออก ใครเป็นคนดูแลในการเปิดปิดปั๊ม ความสูงระดับหัวเข่า น้ำท่วมมาแล้วมากกว่า 1 สัปดาห์,https://storage.googleapis.com/traffy_public_bucket/attachment/2026-10/e67d8873833eb393c34c39625d063db0.jpeg
2026-ZH677D,start,2026-10-07 08:37,2026-10-07 08:56,100.72058,13.81496,มีนบุรี,มีนบุรี,ถนนหน้าบิ๊กซีสุวิทวงศ์ หน้าเทคนิคมีนบุรี ทั้งสองฝั่งขาเข้า-ขาออกน้ำท่วมสูงไม่ลดลง รบกวนสูบน้ำระบายออกด้วยค่ะ น้ำเก่าไม่ลดแถมน้ำใหม่มาเพิ่ม น้ำเน่ามาครบสองอาทิตย์แล้ว คนใช้เส้นทางนี้เยอะทางเท้าก็ใช้ไม่ได้เพราะน้ำท่วมสูง ความสูงระดับหัวเข่า น้ำท่วมมาแล้วมาก,https://storage.googleapis.com/traffy_public_bucket/attachment/2026-10/0b438cfa123e9222490df41ae8a4264f.jpeg
2026-ZH677D,inprogress,2026-10-07 08:37,2026-10-09 08:19,100.72058,13.81496,มีนบุรี,มีนบุรี,ถนนหน้าบิ๊กซีสุวิทวงศ์ หน้าเทคนิคมีนบุรี ทั้งสองฝั่งขาเข้า-ขาออกน้ำท่วมสูงไม่ลดลง รบกวนสูบน้ำระบายออกด้วยค่ะ น้ำเก่าไม่ลดแถมน้ำใหม่มาเพิ่ม น้ำเน่ามาครบสองอาทิตย์แล้ว คนใช้เส้นทางนี้เยอะทางเท้าก็ใช้ไม่ได้เพราะน้ำท่วมสูง ความสูงระดับหัวเข่า น้ำท่วมมาแล้วมาก,https://storage.googleapis.com/traffy_public_bucket/attachment/2026-10/0b438cfa123e9222490df41ae8a4264f.jpeg
2026-XRM3Y6,inprogress,2026-10-07 08:39,2026-10-07 08:49,100.62487,13.86085,บางเขน,อนุสาวรีย์,อยากได้ผงกระสอบทรายมากั้นน้ำ ครั้งที่แล้วไปเอาแล้วหมด น้ำเข้าบ้านมา 1 สัปดาห์ตอนนี้น้ำแห้งแล้ว เดียวน้ำมาอีกแล้ว ความสูงระดับหน้าแข้ง น้ำท่วมมาแล้วน้อยกว่า 1 สัปดาห์,https://storage.googleapis.com/traffy_public_bucket/attachment/2026-10/94831a33602daa7f18b10cfd0887d856.jpeg
2026-WHPAZX,forward,2026-10-07 08:40,2026-10-07 09:54,100.65626,13.93044,สายไหม,สายไหม,น้ำล้นคลองหกวา บริเวณท้ายซอยสายไหม 35 เข้าท่วมบ้านเรือนประชาชน ทำให้น้ำไม่มีลดซักที เพราะน้ำจากคลองเติมเรื่อยๆ อยากได้แอสฟัลมาถมเพื่อยกระดับถนนให้สูงขึ้น กั้นน้ำที่ล้นผ่านคลองเข้าท่วมบ้าน เพราะเห็นว่ามาถามแอสฟัลให้บ้านน้ำแข็งท้ายซอยสายไหม 35 เหมือนกัน เขต,https://storage.googleapis.com/traffy_public_bucket/attachment/2026-10/c7851ba50150e83fcde3efa93f3cc5d3.jpeg
2026-THHKM4,start,2026-10-07 08:44,2026-10-07 08:44,100.83068,13.79737,หนองจอก,ลำผักชี,น้ำท่วมขังในพื้นที่ ตั้งแต่วันที่ 25 กันยายนที่ผ่านมา แต่จนถึงปัจจุบันเป็นระยะเวลา 12 วันแล้ว ปัญหาดังกล่าวยังไม่ได้รับการแก้ไขอย่างเป็นรูปธรรม ปัจจุบันน้ำที่ท่วมขังมีสภาพเน่าเสียและมีสีดำ อีกทั้งไม่มีการระบายน้ำออกจากพื้นที่ ส่งผลกระทบต่อการดำรงชีวิต สุ,https://storage.googleapis.com/traffy_public_bucket/attachment/2026-10/19ba78ad5ca8b856dd0345a3bd05d49b.jpeg
2026-THHKM4,inprogress,2026-10-07 08:44,2026-10-07 17:08,100.83068,13.79737,หนองจอก,ลำผักชี,น้ำท่วมขังในพื้นที่ ตั้งแต่วันที่ 25 กันยายนที่ผ่านมา แต่จนถึงปัจจุบันเป็นระยะเวลา 12 วันแล้ว ปัญหาดังกล่าวยังไม่ได้รับการแก้ไขอย่างเป็นรูปธรรม ปัจจุบันน้ำที่ท่วมขังมีสภาพเน่าเสียและมีสีดำ อีกทั้งไม่มีการระบายน้ำออกจากพื้นที่ ส่งผลกระทบต่อการดำรงชีวิต สุ,https://storage.googleapis.com/traffy_public_bucket/attachment/2026-10/19ba78ad5ca8b856dd0345a3bd05d49b.jpeg
2026-Y8PLEZ,start,2026-10-07 08:46,2026-10-07 08:46,100.80665,13.79464,หนองจอก,ลำผักชี,ไม่เข้าใจค่ะว่า เหตุใดพื้นที่กรุงเทพฯ ของเราจึงถูกปล่อยให้ประสบปัญหาน้ำท่วมขังเป็นเวลานานขนาดนี้ ขณะนี้น้ำท่วมขังเข้าสู่ วันที่ 12 แล้ว แต่ยังไม่มีแนวโน้มว่าจะลดลงอย่างชัดเจน ชาวบ้านและคนทำงานในพื้นที่ได้รับความเดือดร้อนอย่างมาก ทั้งการเดินทาง การใช้ชีวิ,https://storage.googleapis.com/traffy_public_bucket/attachment/2026-10/0934fb3b45a95b13f4e69ab5ae68b9d5.jpeg
2026-Y8PLEZ,inprogress,2026-10-07 08:46,2026-10-07 16:55,100.80665,13.79464,หนองจอก,ลำผักชี,ไม่เข้าใจค่ะว่า เหตุใดพื้นที่กรุงเทพฯ ของเราจึงถูกปล่อยให้ประสบปัญหาน้ำท่วมขังเป็นเวลานานขนาดนี้ ขณะนี้น้ำท่วมขังเข้าสู่ วันที่ 12 แล้ว แต่ยังไม่มีแนวโน้มว่าจะลดลงอย่างชัดเจน ชาวบ้านและคนทำงานในพื้นที่ได้รับความเดือดร้อนอย่างมาก ทั้งการเดินทาง การใช้ชีวิ,https://storage.googleapis.com/traffy_public_bucket/attachment/2026-10/0934fb3b45a95b13f4e69ab5ae68b9d5.jpeg
2026-LCZWR2,inprogress,2026-10-07 08:47,2026-10-07 10:03,100.68571,13.67443,ประเวศ,ดอกไม้,น้ำท่วมขัง และตกนิดหน่อยก็ท่วม ใช้เดินข้ามไปขึ้นรถไม่ได้ ความสูงระดับข้อเท้า น้ำท่วมมาแล้วน้อยกว่า 1 สัปดาห์,https://storage.googleapis.com/traffy_public_bucket/attachment/2026-10/655ac463402dae67f0bf7938a43bc4b8.jpeg
2026-KC99YK,start,2026-10-07 08:49,2026-10-07 08:49,100.81005,13.77757,ลาดกระบัง,ลำปลาทิว,ฝากถึง ผอ.เขตลาดกระบังครับ ช่วยแก้ไขน้ำขัง ซอยฉลองกรุง 55 ถนนฉลองกรุง-เจ้าคุณทหาร ด้วย รถเล็ก มอเตอร์ไซค์ผ่านไม่ได้ จะ 2 อาทิตย์ แล้วครับ ความสูงระดับซอย ฉลองกรุง 55 น้ำท่วมขังสูง น้ำท่วมมาแล้วท่วมมาได้10 วัน,https://storage.googleapis.com/traffy_public_bucket/attachment/2026-10/7e722172c88750f24d062e8a8f0b3290.jpeg
2026-K72YHK,inprogress,2026-10-07 08:55,2026-10-07 09:20,100.69041,13.79246,คันนายาว,คันนายาว,ตอนนี้ระดับน้ำบริเวณบ้านตามรูปที่ส่ง ยังสูงอยู่ ไม่สามารถเข้าออกได้ตามปกติ โดยเฉพาะผมเป็นแผลที่ข้อเท้าขวาโดนน้ำไม่ได้ เพราะแผลเปิด อาจติดเชื้อลุกลามได้ และไม่ได้ไป รพ เพื่อล้างแผลพบแพทย์เกิน 1 สัปดาห์แล้ว จึงต้องการทราบความคืบหน้า หรือประมาณวันเวลาที่น้ำบ,https://storage.googleapis.com/traffy_public_bucket/attachment/2026-10/189f640762f0322ad52b6f0876f8afe2.jpeg
2026-K72YHK,forward,2026-10-07 08:55,2026-10-07 13:16,100.69041,13.79246,คันนายาว,คันนายาว,ตอนนี้ระดับน้ำบริเวณบ้านตามรูปที่ส่ง ยังสูงอยู่ ไม่สามารถเข้าออกได้ตามปกติ โดยเฉพาะผมเป็นแผลที่ข้อเท้าขวาโดนน้ำไม่ได้ เพราะแผลเปิด อาจติดเชื้อลุกลามได้ และไม่ได้ไป รพ เพื่อล้างแผลพบแพทย์เกิน 1 สัปดาห์แล้ว จึงต้องการทราบความคืบหน้า หรือประมาณวันเวลาที่น้ำบ,https://storage.googleapis.com/traffy_public_bucket/attachment/2026-10/189f640762f0322ad52b6f0876f8afe2.jpeg
2026-PL8YZY,start,2026-10-07 08:55,2026-10-07 08:55,100.80358,13.79518,หนองจอก,ลำผักชี,ระดับน้ำที่ท่วม ยังคงไม่ลด ลงค่ะ ความสูงระดับหน้าแข้ง น้ำท่วมมาแล้วมากกว่า 1 สัปดาห์,https://storage.googleapis.com/traffy_public_bucket/attachment/2026-10/87680305f4f6e42a0f71f696e0324e41.jpeg
2026-PL8YZY,inprogress,2026-10-07 08:55,2026-10-07 16:55,100.80358,13.79518,หนองจอก,ลำผักชี,ระดับน้ำที่ท่วม ยังคงไม่ลด ลงค่ะ ความสูงระดับหน้าแข้ง น้ำท่วมมาแล้วมากกว่า 1 สัปดาห์,https://storage.googleapis.com/traffy_public_bucket/attachment/2026-10/87680305f4f6e42a0f71f696e0324e41.jpeg
2026-RLMYM9,start,2026-10-07 08:56,2026-10-07 08:56,100.72261,13.76945,ลาดกระบัง,คลองสองต้นนุ่น,น้ำท่วมขังมานาน 14 วันแล้ว ยังต้องเดินลุยน้ำอยู่ตลอดทุกวัน ขอความช่วยเหลือดูแลหมู่บ้านลิฟวิ่ง นารา ซอยเคหะร่มเกล้า 64 ด้วย เราอดทนมานานมากๆ เริ่มทุกข์ใจมากแล้ว ความสูงระดับหน้าแข้ง น้ำท่วมมาแล้วในรั้ว ข้อเท้า นอกรั้ว หน้าแข้ง,https://storage.googleapis.com/traffy_public_bucket/attachment/2026-10/db28ef3ea25d0bef1ddb9985b78773cd.jpeg
2026-8M8ATG,inprogress,2026-10-07 08:57,2026-10-07 09:25,100.70904,13.77981,สะพานสูง,สะพานสูง,จะทำการป้องกันน้ำเข้าชุมชนหัวบ้านคลองบางเลา บ้านสีชมพูที่อยู่หน้าชุมชนไม่ยอมให้นำกระสอบสายกั้นน้ำ บ้านเค้ามีชั้นสองก็เลยไม่เดือดร้อน บ้านด้านในมีชั้นเดียวเดือดร้อนมาก ความสูงระดับหัวเข่า น้ำท่วมมาแล้วน้อยกว่า 1 สัปดาห์,https://storage.googleapis.com/traffy_public_bucket/attachment/2026-10/6ac7dc284ab447667619fe35c29c309f.jpeg
2026-H92Z8G,inprogress,2026-10-07 08:59,2026-10-07 09:19,100.67551,13.78244,คันนายาว,รามอินทรา,เหตุการณ์ตอนนี้คือที่อื่นเขาน้ำแห้งหมดแล้วนะคะแต่ที่นี่น้ำไม่แห้งค่ะน้ำจะคลองอ่ะมันขึ้นมาพออายุไปแล้วก็ขึ้นมาขึ้นมาขึ้นเรื่อยๆเลยค่ะตอนนี้น้ำในบ้านเน่าค่ะตั้งแต่วันที่ 25 ไม่ได้อยู่ในบ้านเลยนะคะไม่นอนในบ้านเลยแล้วตอนนี้ไม่มีหน่วยงานไหนเข้ามาดูแลเราเลยค่ะแ,https://storage.googleapis.com/traffy_public_bucket/attachment/2026-10/70b04b51cc25d8b3653dcd8e9dda2d77.jpeg
2026-H92Z8G,forward,2026-10-07 08:59,2026-10-07 13:15,100.67551,13.78244,คันนายาว,รามอินทรา,เหตุการณ์ตอนนี้คือที่อื่นเขาน้ำแห้งหมดแล้วนะคะแต่ที่นี่น้ำไม่แห้งค่ะน้ำจะคลองอ่ะมันขึ้นมาพออายุไปแล้วก็ขึ้นมาขึ้นมาขึ้นเรื่อยๆเลยค่ะตอนนี้น้ำในบ้านเน่าค่ะตั้งแต่วันที่ 25 ไม่ได้อยู่ในบ้านเลยนะคะไม่นอนในบ้านเลยแล้วตอนนี้ไม่มีหน่วยงานไหนเข้ามาดูแลเราเลยค่ะแ,https://storage.googleapis.com/traffy_public_bucket/attachment/2026-10/70b04b51cc25d8b3653dcd8e9dda2d77.jpeg
2026-HGTGCD,inprogress,2026-10-07 09:01,2026-10-07 09:22,100.68865,13.74794,สะพานสูง,สะพานสูง,น้ำท่วมขังในซอยกรุงเทพกรีฑา37แยก8 มา 12 วัน ระดับหน้าแข้ง มาสูบน้ำออกหน่อยค่ะ ช่วยด้วยค่ะ ความสูงระดับหน้าแข้ง น้ำท่วมมาแล้วมากกว่า 1 สัปดาห์,https://storage.googleapis.com/traffy_public_bucket/attachment/2026-10/f51a2e150e6944959ccc07863a111e5e.jpeg
2026-T39LEH,start,2026-10-07 09:01,2026-10-07 09:09,100.80264,13.83574,มีนบุรี,แสนแสบ,ราษฎร์อุทิศ70 สวนเกษตร น้ำท่วมสูง ขัง เหม็นเน่า ไม่มีหน่วยงานไหนเข้ามาดูเลย อาหารแห้งของแจกก็ไม่มี อยากให้เข้ามาดูแลหน่อย ความสูงระดับ30-50 น้ำท่วมมาแล้วมากกว่า 1 สัปดาห์,https://storage.googleapis.com/traffy_public_bucket/attachment/2026-10/3f27b0690bd3d879c987b0cc84973771.jpeg
2026-T39LEH,inprogress,2026-10-07 09:01,2026-10-09 08:20,100.80264,13.83574,มีนบุรี,แสนแสบ,ราษฎร์อุทิศ70 สวนเกษตร น้ำท่วมสูง ขัง เหม็นเน่า ไม่มีหน่วยงานไหนเข้ามาดูเลย อาหารแห้งของแจกก็ไม่มี อยากให้เข้ามาดูแลหน่อย ความสูงระดับ30-50 น้ำท่วมมาแล้วมากกว่า 1 สัปดาห์,https://storage.googleapis.com/traffy_public_bucket/attachment/2026-10/3f27b0690bd3d879c987b0cc84973771.jpeg
2026-7MLWNY,start,2026-10-07 09:02,2026-10-07 09:02,100.68548,13.70461,ประเวศ,ประเวศ,จากเรื่องเดิมที่ส่งไป คลองมะขามเทศ เขตประเวศ เรื่องผันน้ำที่ท่วมมากว่า 10 วัน จากหมู่่บ้านอิมพีเรียลพาร์ค เฉลิมพระเกียรต ร.9 ซอย 67 ไปทางบึงหนองบอน เพราะผู้ว่าแจ้งว่างานยากในการผันน้ำออกคลองประเวศบุรีรมย์ จึงช่วยหาทางผันไปอีกทาง เมื่อวานวันที่ 6 ตุลาคม 2,https://storage.googleapis.com/traffy_public_bucket/attachment/2026-10/d5b98b606a86587bf7129e088449d3b5.jpeg
2026-7MLWNY,inprogress,2026-10-07 09:02,2026-10-07 10:44,100.68548,13.70461,ประเวศ,ประเวศ,จากเรื่องเดิมที่ส่งไป คลองมะขามเทศ เขตประเวศ เรื่องผันน้ำที่ท่วมมากว่า 10 วัน จากหมู่่บ้านอิมพีเรียลพาร์ค เฉลิมพระเกียรต ร.9 ซอย 67 ไปทางบึงหนองบอน เพราะผู้ว่าแจ้งว่างานยากในการผันน้ำออกคลองประเวศบุรีรมย์ จึงช่วยหาทางผันไปอีกทาง เมื่อวานวันที่ 6 ตุลาคม 2,https://storage.googleapis.com/traffy_public_bucket/attachment/2026-10/d5b98b606a86587bf7129e088449d3b5.jpeg
2026-M2CBZ4,start,2026-10-07 09:04,2026-10-07 09:04,100.721,13.72733,ลาดกระบัง,ลาดกระบัง,หมู่บ้านโกลเด้นทาวน์อ่อนนุชลาดกระบัง1 ซอยลาดกระบัง1 ถนนประชาทร น้ำท่วมขังภายในหมู่บ้านไม่สามารถระบายออกไปข้างนอกได้เพราะท่อของหมู่บ้านเสมอกับถนน ขอให้เขตช่วยนำเครื่องสูบน้ำระบายน้ำจากเส้นเมนลงคลองน้ำท่วมขังมาแต่วันที่ 25 แล้วไม่มีหน่วยงานเข้ามาดูแล ความสู,https://storage.googleapis.com/traffy_public_bucket/attachment/2026-10/f93f852d1ce27b357f39fa5c998cfee1.jpeg
2026-BRABLT,start,2026-10-07 09:09,2026-10-07 09:09,100.85315,13.74206,ลาดกระบัง,ขุมทอง,บ้านริมทองทั่วหนักมากค่ะ ความสูงระดับตามภาพประกอบเลยค่ะ น้ำท่วมมาแล้ว11วันค่ะ,https://storage.googleapis.com/traffy_public_bucket/attachment/2026-10/7938feb78ebcea43f5de5bbe1784921c.jpeg
2026-CUD4B8,inprogress,2026-10-07 09:10,2026-10-07 10:02,100.66517,13.72542,ประเวศ,ประเวศ,เมื่อวันที่5 น้ำแห้งไปแล้ว แต่วันที6ซึ่งไม่ได้เกิดฝนตกสัดเท่าไหร่ แต่น้ำทะลักเข้าจากคลองบ้านม้า ไม่มีผนังกั้น ทำให้ตอนนี้น้ำกลับมาท่วมระดับเกือบเข่าอีกแล้ว ความสูงระดับหัวเข่า น้ำท่วมมาแล้วมากกว่า 1 สัปดาห์,https://storage.googleapis.com/traffy_public_bucket/attachment/2026-10/91f797098bfd53eabaf7aa5915e2ee57.jpeg
2026-AJWAE6,start,2026-10-07 09:11,2026-10-07 10:12,100.74101,13.82255,มีนบุรี,มีนบุรี,ท่วมมาเกิน 7 วันแล้ว ไม่แก้เลยเหรอ แถวนั้น มีทุ่งนามากมาย ดูดนํ้า จากถนนออกไปก่อนก็ทําได้ แต่นี้ไม่ทําเลย ความสูงระดับหน้าแข้ง น้ำท่วมมาแล้วมากกว่า 1 สัปดาห์,https://storage.googleapis.com/traffy_public_bucket/attachment/2026-10/75b4e061e90573f3f9ee5712d49faaa5.jpeg
2026-AJWAE6,inprogress,2026-10-07 09:11,2026-10-09 08:18,100.74101,13.82255,มีนบุรี,มีนบุรี,ท่วมมาเกิน 7 วันแล้ว ไม่แก้เลยเหรอ แถวนั้น มีทุ่งนามากมาย ดูดนํ้า จากถนนออกไปก่อนก็ทําได้ แต่นี้ไม่ทําเลย ความสูงระดับหน้าแข้ง น้ำท่วมมาแล้วมากกว่า 1 สัปดาห์,https://storage.googleapis.com/traffy_public_bucket/attachment/2026-10/75b4e061e90573f3f9ee5712d49faaa5.jpeg
2026-VNFNC7,start,2026-10-07 09:14,2026-10-07 09:14,100.74431,13.76786,ลาดกระบัง,คลองสามประเวศ,ซอยบ้านยังน้ำท่วมอยู่เลยค่ะต้องการสูบน้ำออกเดินทางลำยากค่ะ ความสูงระดับต้นซอยประมานครึ่งแข่ง ท้ายซอยซอยประมาณเข่า เพราะท้ายซอยท่วมเยอะกว่า น้ำท่วมมาแล้วมากกว่า 1 สัปดาห์,https://storage.googleapis.com/traffy_public_bucket/attachment/2026-10/29a5d2912a9b965d0d7987805d9c114c.jpeg
2026-EFZMZW,inprogress,2026-10-07 09:16,2026-10-07 10:01,100.66518,13.72545,ประเวศ,ประเวศ,น้ำท่วมมา 12 วันแล้ว ได้โปรดช่วยด้วยค่ะ เป็นบริษัท มีพนักงานเข้าทำงานเกือบ 100 คน ในแต่ละวัน ลำบากมากๆ ขอกระสอบทรายกั้นน้ำให้ด้วยค่ะ ความสูงระดับหัวเข่า น้ำท่วมมาแล้วมากกว่า 1 สัปดาห์,https://storage.googleapis.com/traffy_public_bucket/attachment/2026-10/a93a82aff098ff11459f99313b8c6d05.jpeg
2026-LHJ26L,inprogress,2026-10-07 09:17,2026-10-07 09:58,100.67699,13.72255,ประเวศ,ประเวศ,เมื่อไหร่ จะสูบน้ำออกจากซอย เข้าใจว่าฝนตกน้ำต้องท่วม แต่นี่ ตั้งแต่วันที่25กย. คิดจะเข้ามาดูในซอยอ่อนนุช61 ตามแยกบ้างมั้ย ความสูงระดับหน้าแข้ง น้ำท่วมมาแล้วมากกว่า 1 สัปดาห์,https://storage.googleapis.com/traffy_public_bucket/attachment/2026-10/e9b4cb6cc65704d83ef15dae45c2635f.jpeg
2026-M4Z7DR,forward,2026-10-07 09:19,2026-10-07 09:29,100.73949,13.85848,คลองสามวา,ทรายกองดิน,ณ ตอนนี้ ต้องการความช่วยเหลือค่ะ น้ำท่วมขัง มา 11 วันแล้วค่ะ น้ำเน่สเหม็นมากแล้วค่ะ สถานที่ : วัดสุขใจ 6 รถเล็กไม่สามารถลุยน้ำออกมาได้ ทำให้ลำบาก ในการเดินทางออกหปทำงานมากๆค่ะ รบกวนหาหน่วยงานไหนช่วยเข้ามาดูแลได้บ้างไหมคะ ความสูงระดับหน้าแข้ง 11 วันแล้ว,https://storage.googleapis.com/traffy_public_bucket/attachment/2026-10/bbb391b12a107fc00eccdf2cc958e1ab.jpeg
2026-J9MC34,start,2026-10-07 09:21,2026-10-07 09:21,100.74431,13.76786,ลาดกระบัง,คลองสามประเวศ,น้ำท่วมขังมากกว่า 1 สัปดาห์แล้วค่ะเดินทางเข้าออกลำบากมากค่ะ ต้นซอยประมาณครึ่งแข้ง ท้ายซอยประมาณเข้าหรือมากกว่านั้นเพราะว่าตรงนั้นท่วมสูงมาก น้ำท่วมมาแล้วมากกว่า 1 สัปดาห์,https://storage.googleapis.com/traffy_public_bucket/attachment/2026-10/1d0d39fa1c43288e1e2f6ab763f25225.jpeg
2026-Y9MELP,start,2026-10-07 09:23,2026-10-07 09:23,100.78636,13.753,ลาดกระบัง,ลำปลาทิว,ควรจัดการระบายน้ำให้เร็วกว่านี้ นี่จะครึ่งเดือนแล้ว เหมือนลาดกระบังไม่ได้อยุ่ กทม เคลียร์น้ำแต่บนถนน คนอาศัยยังจมอยู่เลย น้ำเน่าสูงเท่าเอวแล้ว ต่อรออีกนานแค่ไหน ความสูงระดับเอว น้ำท่วมมาแล้วมากกว่า 1 สัปดาห์,https://storage.googleapis.com/traffy_public_bucket/attachment/2026-10/2d6fa4fa878b16ff096cae10424cad99.jpeg
2026-HCGKED,start,2026-10-07 09:26,2026-10-07 09:30,100.73938,13.85842,คลองสามวา,ทรายกองดิน,ณ ตอนนี้ ต้องการความช่วยเหลือค่ะ น้ำท่วมขัง มา 11 วันแล้วค่ะ น้ำเน่สเหม็นมากแล้วค่ะ สถานที่ : วัดสุขใจ 6 รถเล็กไม่สามารถลุยน้ำออกมาได้ ทำให้ลำบาก ในการเดินทางออกหปทำงานมากๆค่ะ รบกวนหาหน่วยงานไหนช่วยเข้ามาดูแลได้บ้างไหมคะ ความสูงระดับหน้าแข้ง 11 วันค่ะ,https://storage.googleapis.com/traffy_public_bucket/attachment/2026-10/24b80965c8deb5e2acba762e1269d68f.jpeg
2026-HCGKED,forward,2026-10-07 09:26,2026-10-07 16:50,100.73938,13.85842,คลองสามวา,ทรายกองดิน,ณ ตอนนี้ ต้องการความช่วยเหลือค่ะ น้ำท่วมขัง มา 11 วันแล้วค่ะ น้ำเน่สเหม็นมากแล้วค่ะ สถานที่ : วัดสุขใจ 6 รถเล็กไม่สามารถลุยน้ำออกมาได้ ทำให้ลำบาก ในการเดินทางออกหปทำงานมากๆค่ะ รบกวนหาหน่วยงานไหนช่วยเข้ามาดูแลได้บ้างไหมคะ ความสูงระดับหน้าแข้ง 11 วันค่ะ,https://storage.googleapis.com/traffy_public_bucket/attachment/2026-10/24b80965c8deb5e2acba762e1269d68f.jpeg
2026-KAAF6T,inprogress,2026-10-07 09:28,2026-10-07 10:00,100.70318,13.77491,สะพานสูง,สะพานสูง,ผมอยู่หมู่บ้านศิรินเทพ 9 ซอยมิสทีน น้ำท่วมขังทางเข้าออกหมู่บ้านตั้งแต่วันที่ 24 จนถึงวันที่ 7 ตุลาคม อยากให้เขตแขวงสะพานสูงมาช่วยสูบน้ำออกให้รถพอวิ่งออกไปได้หน่อยครับ ฝนหยุดตกแล้วแต่ยังท่วมขังอยู่เอาแค่พอรถแล่นออกได้ก็พอครับตอนนี้น้ำท่วมขังประมาณ 50 เซนติ,https://storage.googleapis.com/traffy_public_bucket/attachment/2026-10/aa5613a47c7eb5196478404d62768b5d.jpeg
2026-7X4484,start,2026-10-07 09:31,2026-10-07 09:31,100.86107,13.71976,ลาดกระบัง,ขุมทอง,ในหมู่บ้านเลคการ์เด้นน้ำยังท่วมอยู่เลยครับ น้ำเริ่มเน่าแล้ว ความสูงระดับหัวเข่า น้ำท่วมมาแล้วมากกว่า 1 สัปดาห์,https://storage.googleapis.com/traffy_public_bucket/attachment/2026-10/e3e86bfd37a7942115ceadfe1a21d15b.jpeg
2026-V3W9ZG,inprogress,2026-10-07 09:31,2026-10-07 09:46,100.65559,13.79646,บึงกุ่ม,คลองกุ่ม,นวมินทร์ 42 แยก 8 น้ำท่วมสูงและขังอยู่ค่ะ ตั้งแต่ วันที่ 25 ถึง ปัจจุบัน เนื่องมาจากภัยพิบัติที่เกิดขึ้น ที่หลายพื้นที่ได้รับผลกระทบ แต่ตามถนนหลักๆ หรือพื้นที่หลักๆ นั้นน้ำแห้ง และยุบลงหมดแล้ว แต่แยกนี้ จากวันที่ดังกล่าวจนถึงวันนี้ ยังไม่ได้เห็นพื้นถนนที่,https://storage.googleapis.com/traffy_public_bucket/attachment/2026-10/3907b22e85b4f8109744539819444c60.jpeg
2026-9JTNJH,inprogress,2026-10-07 09:32,2026-10-07 09:57,100.67745,13.72223,ประเวศ,ประเวศ,น้ำท่วมจากที่เริ่มแห้งในบ้าน เมื่อ 2 วันก่อน ตอนนี้น้ำเริ่มสูงขึ้นและท่วมเข้าไปในบ้านอีกแล้ว บ้านเลขที่ 15 ซอยอ่อนนุช 61 แขวงประเวศ เขตประเวศ กรุงเทพมหานคร 10250 หรือเลขที่บ้านเก่าคือ 107/6 ซ.อ่อนนุช61 ช่วยเอาที่สูบน้ำมาสูบให้แห้งเพื่อจะได้จัดการภายในบ้,https://storage.googleapis.com/traffy_public_bucket/attachment/2026-10/ffd482fecd3f1f124a4ba789235dd825.jpeg
2026-NEZJA3,start,2026-10-07 09:35,2026-10-07 09:35,100.7265,13.73757,ลาดกระบัง,คลองสองต้นนุ่น,น้ำตามซอยแยกจากถ.พัฒนาชนบท2และบนถ.พัฒนาชนบท2ไม่ไหลลงคลองหนึ่ง ยุบบ้างเลยครับ แถมน้ำดันสูงขึ้นมาอีก (ถ.พัฒนาชนบท2อยู่ ในระหว่างสัญญาก่อสร้างให้ ผรม.ออกมาช่วยชาวบ้านหาช่องเอาน้ำลงคลองหนึ่ง+เอารถสูงๆวิ่งบริการปชช.ด้วยครับ) ไม่ใช่อยู่นิ่งๆแบบนี้ ไม่ทำอะไรเลย ,https://storage.googleapis.com/traffy_public_bucket/attachment/2026-10/fbf9ad29686efa917d479be27513dd7c.jpeg
2026-ATCLLY,inprogress,2026-10-07 09:39,2026-10-07 09:55,100.70231,13.75249,สะพานสูง,สะพานสูง,ซอย กาญจนาภิเษก 21 แขวงทับช้าง เขตสะพานสูง พบปัญหาน้ำท่วมขังตั้งแต่วันที่ 25 กย จนถึงปัจจุบัน น้ำยังท่วมและไม่มีการลดลง อยากให้ช่วยเข้ามาดู ว่าสามารถแก้ไขหรือสูบน้ำลงคลองข้างหลังได้ไหม ความสูงระดับหัวเข่า น้ำท่วมมาแล้วมากกว่า 1 สัปดาห์,https://storage.googleapis.com/traffy_public_bucket/attachment/2026-10/cc70a0bc7fccdb76ecfaba27fff97b5f.jpeg
2026-BRA2AH,start,2026-10-07 09:39,2026-10-07 09:39,100.90881,13.83457,หนองจอก,กระทุ่มราย,น้ำท่วมสูงรถเล็กผ่านไม่ได้ แก้ไขด้วยค่ะ ชาวบ้านเดือดร้อน การเดินทางไม่สะดวกค่ะ ถ้าไม่ลงมาทำเองช่วยประสานงานให้คนที่เกี่ยวข้องเข้ามาทำด้วยค่ะ พื้นที่ตรงนี้ยังอยู่ในเขตกรุงเทพอยู่นะคะ ทำให้สมกับการที่ได้รับต่ำแหน่งกันมาหน่อยนะคะ ฝากกราบรบกวนด้วยค่ะ ความสูงร,https://storage.googleapis.com/traffy_public_bucket/attachment/2026-10/cd1643f95ef466b86469130f78626b8a.jpeg
2026-BRA2AH,forward,2026-10-07 09:39,2026-10-07 16:53,100.90881,13.83457,หนองจอก,กระทุ่มราย,น้ำท่วมสูงรถเล็กผ่านไม่ได้ แก้ไขด้วยค่ะ ชาวบ้านเดือดร้อน การเดินทางไม่สะดวกค่ะ ถ้าไม่ลงมาทำเองช่วยประสานงานให้คนที่เกี่ยวข้องเข้ามาทำด้วยค่ะ พื้นที่ตรงนี้ยังอยู่ในเขตกรุงเทพอยู่นะคะ ทำให้สมกับการที่ได้รับต่ำแหน่งกันมาหน่อยนะคะ ฝากกราบรบกวนด้วยค่ะ ความสูงร,https://storage.googleapis.com/traffy_public_bucket/attachment/2026-10/cd1643f95ef466b86469130f78626b8a.jpeg
2026-BJG3T8,inprogress,2026-10-07 09:40,2026-10-07 09:59,100.63096,13.74816,สวนหลวง,สวนหลวง,น้ำท่วมขังในโรงรถบ้านเลขที่ 8 ซอยพระรามเก้า 49 ลึกประมาณ 25 ซม. แขวงสวนหลวง เขตสวนหลวง ครับ ความสูงระดับข้อเท้า น้ำท่วมมาแล้วน้อยกว่า 1 วัน,https://storage.googleapis.com/traffy_public_bucket/attachment/2026-10/7db21732c310181f4a9a519d918297ce.jpeg
2026-A6JCZF,start,2026-10-07 09:46,2026-10-07 09:46,100.71771,13.72245,ลาดกระบัง,ลาดกระบัง,จราจรตืดขัด ถนนลาดกระบัง ขาออก สาเหตุ มาจากน้ำท่วมขังและสูง ความสูงระดับหน้าแข้ง น้ำท่วมมาแล้วมากกว่า 1 สัปดาห์,https://storage.googleapis.com/traffy_public_bucket/attachment/2026-10/7b7e2454391cab1a68b8af61e6b3e0e8.jpeg
2026-A6JCZF,forward,2026-10-07 09:46,2026-10-07 11:48,100.71771,13.72245,ลาดกระบัง,ลาดกระบัง,จราจรตืดขัด ถนนลาดกระบัง ขาออก สาเหตุ มาจากน้ำท่วมขังและสูง ความสูงระดับหน้าแข้ง น้ำท่วมมาแล้วมากกว่า 1 สัปดาห์,https://storage.googleapis.com/traffy_public_bucket/attachment/2026-10/7b7e2454391cab1a68b8af61e6b3e0e8.jpeg
2026-2KA63D,start,2026-10-07 09:47,2026-10-07 09:47,100.73719,13.77365,ลาดกระบัง,คลองสองต้นนุ่น,ปัญหา: บริเวณปากซอยทางเข้าวัดปากบึง พบมีการนำคันดินมากั้นบริเวณปากซอยเพื่อกักน้ำ ส่งผลให้ภายในซอยมีน้ำท่วมขังอย่างหนัก ขณะที่ซอยอื่นน้ำแห้งแล้ว จึงขอให้จัดเจ้าหน้าที่ลงพื้นที่ตรวจสอบและนำคันดินออก เพื่อระบายน้ำออกจากพื้นที่โดยเร่งด่วน ซอย: เคหะร่มเกล้า 24,https://storage.googleapis.com/traffy_public_bucket/attachment/2022-12/da2125e781282589d482070c3dba1726aa16a4a7.jpg
2026-ME9UG6,start,2026-10-07 09:51,2026-10-07 09:57,100.69656,13.82128,คลองสามวา,บางชัน,ผมอาศัยอยู่ในหมู่บ้าน บ้านรามอินทราครับ ซึ่งอยู่สุดซอยพระยาสุเรนทร์ 3 ครับ ซึ่งทางเข้าออกมีทางเดียวครับ ปัญหาตอนนี้คือกลางซอยหลังจากข้ามสะพานข้ามคลองแรกมา ระดับน้ำสูงมากครับ ประมาณ 30-40 ซม.ครับ ทำให้รถเล็กไม่สามารถเข้าออกได้ครับ ซึ่งกระทบกับการใช้ชีวิตมา,https://storage.googleapis.com/traffy_public_bucket/attachment/2026-10/d2d45bc1ee7eb7851fe80362d91bf990.jpeg
2026-ME9UG6,forward,2026-10-07 09:51,2026-10-07 16:49,100.69656,13.82128,คลองสามวา,บางชัน,ผมอาศัยอยู่ในหมู่บ้าน บ้านรามอินทราครับ ซึ่งอยู่สุดซอยพระยาสุเรนทร์ 3 ครับ ซึ่งทางเข้าออกมีทางเดียวครับ ปัญหาตอนนี้คือกลางซอยหลังจากข้ามสะพานข้ามคลองแรกมา ระดับน้ำสูงมากครับ ประมาณ 30-40 ซม.ครับ ทำให้รถเล็กไม่สามารถเข้าออกได้ครับ ซึ่งกระทบกับการใช้ชีวิตมา,https://storage.googleapis.com/traffy_public_bucket/attachment/2026-10/d2d45bc1ee7eb7851fe80362d91bf990.jpeg
2026-8HNTPL,inprogress,2026-10-07 09:52,2026-10-07 09:59,100.70953,13.78158,สะพานสูง,สะพานสูง,หมู่บ้านบ้านเคหะธานี 4 น้ำท่วมตั้งแต่ วันที่ 26/9/2026 ณ ปัจจุบันวันที่ 7/10/2026 รวม 12 วันแล้วน้ำยังท่วมขังอยู่อยากให้ทางกรุงเทพมาสูบน้ำออกไปค่ะ เพราะตอนนี้น้ำเน่าและมีขยะสะสม รถเล็กเข้าไม่ได้ ขอให้มาจัดการสูบน้ำออกไปเพราะหมู่บ้านอื่นลดลงแล้ว เคหะธานีต,https://storage.googleapis.com/traffy_public_bucket/attachment/2026-10/48352926b044aed8c218979a96ed934c.jpeg
2026-WDJN4R,start,2026-10-07 09:52,2026-10-07 09:52,100.69113,13.77063,สะพานสูง,สะพานสูง,ทางกลับรถลอดใต้สะพาน ทำให้เห็น *น้ำปริ่มล้นกำแพงกัน* คลอง ระดับน้ำสูงกว่าพื้นถนนเกือบ1เมตรไม่ลดลงเลย ที่สำคัญ *ขยะลอยนิ่ง* ขนาดนี้ แสดงว่าน้ำไม่ไหลระบายออกเลย ขยะน่าจะมีผลมากพอสมควร ฝนชะลอแล้ว ต้องรีบจัดการเคลียร์เอาขยะ/พร่องน้ำออกไหมครับ ก่อนที่ฝนใหม่,https://storage.googleapis.com/traffy_public_bucket/attachment/2026-10/1527c3854a3c432dcc36103cb805eb72.jpeg
2026-WDJN4R,inprogress,2026-10-07 09:52,2026-10-07 14:43,100.69113,13.77063,สะพานสูง,สะพานสูง,ทางกลับรถลอดใต้สะพาน ทำให้เห็น *น้ำปริ่มล้นกำแพงกัน* คลอง ระดับน้ำสูงกว่าพื้นถนนเกือบ1เมตรไม่ลดลงเลย ที่สำคัญ *ขยะลอยนิ่ง* ขนาดนี้ แสดงว่าน้ำไม่ไหลระบายออกเลย ขยะน่าจะมีผลมากพอสมควร ฝนชะลอแล้ว ต้องรีบจัดการเคลียร์เอาขยะ/พร่องน้ำออกไหมครับ ก่อนที่ฝนใหม่,https://storage.googleapis.com/traffy_public_bucket/attachment/2026-10/1527c3854a3c432dcc36103cb805eb72.jpeg
2026-LE9HUE,start,2026-10-07 09:56,2026-10-07 09:56,100.7824,13.71823,ลาดกระบัง,ลาดกระบัง,ต้องการน้ำส่งออกค่ะ สองอาทิตย์แล้วค่ะเข้าสามอาทิตย์แล้วค่ะยังไม่มีหน่วยงานไหนมาสูบออกเลย ความสูงระดับซอยข้างใน 50 ถึง 60 เซ็นต์เลยค่ะ น้ำท่วมมาแล้วมากกว่า 1 สัปดาห์,https://storage.googleapis.com/traffy_public_bucket/attachment/2026-10/cf20dd4e8cd734f4fc8948f40f632e84.jpeg
2026-NJTE2E,start,2026-10-07 09:59,2026-10-07 09:59,100.72257,13.72219,ลาดกระบัง,ลาดกระบัง,น้ำท่วมขัง ถนนลาดกระบัง ขาเข้าและขาออก 6 ช่องจราจร แถวโรบินสัน สุวรรณภูมิ และ homepro ลาดกระบัง ความสูงระดับหน้าแข้ง น้ำท่วมมาแล้วมากกว่า 1 สัปดาห์,https://storage.googleapis.com/traffy_public_bucket/attachment/2026-10/cb242fd54f6e94926a37e769665e9aed.jpeg
2026-NJTE2E,forward,2026-10-07 09:59,2026-10-07 11:17,100.72257,13.72219,ลาดกระบัง,ลาดกระบัง,น้ำท่วมขัง ถนนลาดกระบัง ขาเข้าและขาออก 6 ช่องจราจร แถวโรบินสัน สุวรรณภูมิ และ homepro ลาดกระบัง ความสูงระดับหน้าแข้ง น้ำท่วมมาแล้วมากกว่า 1 สัปดาห์,https://storage.googleapis.com/traffy_public_bucket/attachment/2026-10/cb242fd54f6e94926a37e769665e9aed.jpeg
2026-RAGLUX,start,2026-10-07 10:04,2026-10-07 10:04,100.63063,13.75389,บางกะปิ,หัวหมาก,น้ำขัง ไม่ระบาย ท่อน้ำตันจากหินดิน ทุกครั้งที่ฝนตกเบาๆก้ท่วมขัง ความสูงระดับอันนี้ตอนฝนตกปกติค่ะ น้ำท่วมมาแล้วจากที่ฝนตกเช้ามืดเมื่อวานค่ะ,https://storage.googleapis.com/traffy_public_bucket/attachment/2026-10/e9326890de90b101849efd76f803cb1f.jpeg
2026-RAGLUX,inprogress,2026-10-07 10:04,2026-10-07 11:21,100.63063,13.75389,บางกะปิ,หัวหมาก,น้ำขัง ไม่ระบาย ท่อน้ำตันจากหินดิน ทุกครั้งที่ฝนตกเบาๆก้ท่วมขัง ความสูงระดับอันนี้ตอนฝนตกปกติค่ะ น้ำท่วมมาแล้วจากที่ฝนตกเช้ามืดเมื่อวานค่ะ,https://storage.googleapis.com/traffy_public_bucket/attachment/2026-10/e9326890de90b101849efd76f803cb1f.jpeg
2026-YY2RL4,start,2026-10-07 10:10,2026-10-07 10:10,100.7271,13.7222,ลาดกระบัง,ลาดกระบัง,จราจรติดขัด ถนนลาดกระบัง ขาเข้า สาเหตุ มาจากน้ำท่วมขังและสูง ความสูงระดับหน้าแข้ง น้ำท่วมมาแล้วมากกว่า 1 สัปดาห์,https://storage.googleapis.com/traffy_public_bucket/attachment/2026-10/3eba9cd173ea2798a709f2cce2d0bc76.jpeg
2026-YY2RL4,forward,2026-10-07 10:10,2026-10-07 11:17,100.7271,13.7222,ลาดกระบัง,ลาดกระบัง,จราจรติดขัด ถนนลาดกระบัง ขาเข้า สาเหตุ มาจากน้ำท่วมขังและสูง ความสูงระดับหน้าแข้ง น้ำท่วมมาแล้วมากกว่า 1 สัปดาห์,https://storage.googleapis.com/traffy_public_bucket/attachment/2026-10/3eba9cd173ea2798a709f2cce2d0bc76.jpeg
2026-C37DAH,start,2026-10-07 10:13,2026-10-07 10:13,100.70963,13.78457,สะพานสูง,สะพานสูง,น้ำท่มขังต่อเนื่องจะ 10 วันแล้ว #ขอกระสอบทราย/อื่นๆ,https://storage.googleapis.com/traffy_public_bucket/attachment/2026-10/bae597e3bd6c276ff245e3e0a7c14726.jpeg
2026-C37DAH,inprogress,2026-10-07 10:13,2026-10-07 11:04,100.70963,13.78457,สะพานสูง,สะพานสูง,น้ำท่มขังต่อเนื่องจะ 10 วันแล้ว #ขอกระสอบทราย/อื่นๆ,https://storage.googleapis.com/traffy_public_bucket/attachment/2026-10/bae597e3bd6c276ff245e3e0a7c14726.jpeg
2026-LLJVJJ,start,2026-10-07 10:22,2026-10-07 10:22,100.74544,13.84596,คลองสามวา,ทรายกองดิน,น้ำท่วมตั้งแต่ 25 ความสูงระดับหัวเข่า น้ำท่วมมาแล้วมากกว่า 1 สัปดาห์,https://storage.googleapis.com/traffy_public_bucket/attachment/2026-10/072bd5625a60d7415be29ec94ce7b498.jpeg
2026-LLJVJJ,forward,2026-10-07 10:22,2026-10-07 16:47,100.74544,13.84596,คลองสามวา,ทรายกองดิน,น้ำท่วมตั้งแต่ 25 ความสูงระดับหัวเข่า น้ำท่วมมาแล้วมากกว่า 1 สัปดาห์,https://storage.googleapis.com/traffy_public_bucket/attachment/2026-10/072bd5625a60d7415be29ec94ce7b498.jpeg
2026-U83NYV,forward,2026-10-07 10:24,2026-10-07 11:16,100.72169,13.72191,ลาดกระบัง,ลาดกระบัง,สอบถามน้ำท่วมถนนลาดกระบัง หน้าหมู่บ้านทาวน์พลัสอ่อนนุชค่ะ ซอย ลาดกระบัง 20/1 น้ำท่วมตั้งแต่วันที่ 25 กันยายน 2569 จนถึงวันนี้ 7 ตุลาคม 2569 รวมทั้งสิ้น 13 วันค่ะ ทาง กทม. จะเข้ามาแก้ปัญหาช่วงใดคะ ความสูงระดับหน้าแข้ง 13 วันค่ะ,https://storage.googleapis.com/traffy_public_bucket/attachment/2026-10/200d2aa4ce5d33348989f932ab9e051a.jpeg
2026-WC8GWJ,forward,2026-10-07 10:24,2026-10-07 11:16,100.72169,13.72191,ลาดกระบัง,ลาดกระบัง,สอบถามน้ำท่วมถนนลาดกระบัง หน้าหมู่บ้านทาวน์พลัสอ่อนนุชค่ะ ซอย ลาดกระบัง 20/1 น้ำท่วมตั้งแต่วันที่ 25 กันยายน 2569 จนถึงวันนี้ 7 ตุลาคม 2569 รวมทั้งสิ้น 13 วันค่ะ ทาง กทม. จะเข้ามาแก้ปัญหาช่วงใดคะ ความสูงระดับหน้าแข้ง ตั้งแต่ 25 กันยา ถึงวันนี้ 7 ตุลา ยัง,https://storage.googleapis.com/traffy_public_bucket/attachment/2026-10/1295cdce6767b8802427e084e323c74e.jpeg
2026-GMJA3T,start,2026-10-07 10:35,2026-10-07 10:35,100.8243,13.90087,หนองจอก,คลองสิบ,ขอโทษครับ #ขอกระสอบทราย/อื่นๆ,https://storage.googleapis.com/traffy_public_bucket/attachment/2026-10/6f11cff252b4a22f188df3b4fa2a35c4.jpeg
2026-GMJA3T,finish,2026-10-07 10:35,2026-10-07 17:10,100.8243,13.90087,หนองจอก,คลองสิบ,ขอโทษครับ #ขอกระสอบทราย/อื่นๆ,https://storage.googleapis.com/traffy_public_bucket/attachment/2026-10/6f11cff252b4a22f188df3b4fa2a35c4.jpeg
2026-MYFVEF,start,2026-10-07 10:37,2026-10-07 10:37,100.86258,13.7713,หนองจอก,ลำต้อยติ่ง,เขตหนองจอก แขวงลำต้อยติ่ง ตั้งแต่เส้นร่วมพัฒนาท่วมไวและน้ำยุบช้ามาก ๆ ค่ะ อยู่ซอยร่วมพัฒนา12 ไปไหนไม่ได้เลย ติดอยู่ในบ้านตั้งแต่วันที่24 ไม่มีหน่วยงานไหนเข้ามา และทั้งเส้นร่วมพัฒนาก็มีประชาชนบ้านในตรอกซอยเยอะ อยากให้มาช่วยดูในส่วนของน้ำให้ยุบบ้างค่ะ แล้วฝ,https://storage.googleapis.com/traffy_public_bucket/attachment/2026-10/a712f82d11b4c953500f22ec11a76e94.jpeg
2026-MYFVEF,inprogress,2026-10-07 10:37,2026-10-07 16:53,100.86258,13.7713,หนองจอก,ลำต้อยติ่ง,เขตหนองจอก แขวงลำต้อยติ่ง ตั้งแต่เส้นร่วมพัฒนาท่วมไวและน้ำยุบช้ามาก ๆ ค่ะ อยู่ซอยร่วมพัฒนา12 ไปไหนไม่ได้เลย ติดอยู่ในบ้านตั้งแต่วันที่24 ไม่มีหน่วยงานไหนเข้ามา และทั้งเส้นร่วมพัฒนาก็มีประชาชนบ้านในตรอกซอยเยอะ อยากให้มาช่วยดูในส่วนของน้ำให้ยุบบ้างค่ะ แล้วฝ,https://storage.googleapis.com/traffy_public_bucket/attachment/2026-10/a712f82d11b4c953500f22ec11a76e94.jpeg
2026-X9ZU4X,inprogress,2026-10-07 10:41,2026-10-07 10:48,100.61026,13.72297,สวนหลวง,สวนหลวง,น้ำท่วมเข้าภายในบ้าน ห้องโถง ห้องนอน ห้องแต่งตัว ห้องน้ำ เช้าทุกจุด ความสูงระดับนอกบ้านประมาณ 50 ซม. ภายในบ้านประมาณ 40 ซม. ครับ น้ำท่วมมาแล้ว5-6 วัน,https://storage.googleapis.com/traffy_public_bucket/attachment/2026-10/96bd575a16d53a5e4299a8c5e67eb2d4.jpeg
2026-7UECWM,forward,2026-10-07 10:46,2026-10-07 11:10,100.68722,13.76266,สะพานสูง,สะพานสูง,สวัสดีค่ะ วันศุกร์ที่เกิดน้ำท่วม ฉันต้องทิ้งรถไว้ที่โรงเรียน ซึ่งโรงเรียนได้รับผลกระทบจากน้ำท่วมค่อนข้างมากค่ะ น้ำเข้าไปในรถและตอนนี้รถมีเชื้อราค่ะ ฉันยังไม่ได้สตาร์ทรถหรือเปิดกุญแจเลยค่ะ ประกันรถของฉันหมดอายุไปเมื่อวันก่อนค่ะ 😢 ความสูงระดับ60cm น้ำท่วมมา,https://storage.googleapis.com/traffy_public_bucket/attachment/2026-10/a2566777abd60bdcf10173140d6872d7.jpeg
2026-H8LEJ4,forward,2026-10-07 10:46,2026-10-07 11:09,100.69293,13.7809,สะพานสูง,สะพานสูง,น้ำท่วมเข้ามาในบ้านตู้เย็นใช้งานได้แต่ไม่เย็น เครื่องซักผ้ามีเสียงดังปกติไม่ดังครับ ความสูงระดับหน้าแข้ง น้ำท่วมมาแล้วน้อยกว่า 1 สัปดาห์,https://storage.googleapis.com/traffy_public_bucket/attachment/2026-10/44e53dd5dd744451140332263a011b75.jpeg
2026-4TFFZ2,forward,2026-10-07 10:50,2026-10-07 10:57,100.77929,13.8046,มีนบุรี,แสนแสบ,ถนนคุ้มเกล้าซอย 4/1 แขวงแสนแสบ เขตมีนบุรี กรุงเทพฯ ในพื้นที่ดังกล่าวน้ำท่วมขังสูง 70 เซนติเมตร ( โดยเฉพาะช่วงกลางซอยถึงท้ายซอย ) สิ่งที่พี่น้องประชาชนต้องการรับการ ดูแลจากหน่วยงานภาครัฐ นอกจากการผลักดันน้ำให้ออกจากพื้นที่โดยเร็ว 🙏 ยารักษาน้ำกัดเท้า 🙏 ย,https://storage.googleapis.com/traffy_public_bucket/attachment/2026-10/9d10e90d349fbfcb3e98df50ad4c1d8e.jpeg
2026-UYTZR3,start,2026-10-07 10:51,2026-10-07 10:51,100.65806,13.79599,บึงกุ่ม,คลองกุ่ม,สวัสดีค่ะ อยู่หมู่บ้านสุงรรณนิเวศน์ค่ะ นวมินทร์ 42 แยก 8 นะคะ ตอนนี้มีน้ำท่วมขังจากภัยพิบัติมาเป็นเวลา 1 สัปดาห์แล้วค่ะ น้ำเริ่มมีกลิ่น และเศษซากลอยไปลอยมาค่ะ รถเล็กไม่สามารถขับขี่ได้เลย จะออกไปไหนลำบากมากค่ะ อีกทั้งยังเสี่ยงเรื่องเชื้อโรค อยากจะให้หน่วยง,https://storage.googleapis.com/traffy_public_bucket/attachment/2026-10/270fac5116630dbfde3ee8fa38346090.jpeg
2026-UYTZR3,inprogress,2026-10-07 10:51,2026-10-07 16:09,100.65806,13.79599,บึงกุ่ม,คลองกุ่ม,สวัสดีค่ะ อยู่หมู่บ้านสุงรรณนิเวศน์ค่ะ นวมินทร์ 42 แยก 8 นะคะ ตอนนี้มีน้ำท่วมขังจากภัยพิบัติมาเป็นเวลา 1 สัปดาห์แล้วค่ะ น้ำเริ่มมีกลิ่น และเศษซากลอยไปลอยมาค่ะ รถเล็กไม่สามารถขับขี่ได้เลย จะออกไปไหนลำบากมากค่ะ อีกทั้งยังเสี่ยงเรื่องเชื้อโรค อยากจะให้หน่วยง,https://storage.googleapis.com/traffy_public_bucket/attachment/2026-10/270fac5116630dbfde3ee8fa38346090.jpeg
2026-YRBC9T,inprogress,2026-10-07 10:51,2026-10-07 11:07,100.68691,13.76234,สะพานสูง,สะพานสูง,ปัญหาน้ำท่วมขังภายในและภายนอกโรงเรียน ตั้งแต่ 27 กันยายน ระดับน้ำภายในลดลงเล็กน้อย แต่ภายนอก ยังมีน้ำท่วมขังส่งกบิานเน่าเหม็นสัญจรลำบาก อยากให้มาช่วยแก้ปัญหา แจ้ง โยธาเขต และ สก. มธุรส ไปแล้ว แต่ยังไม่ได้รับการแก้ปัญหา ความสูงระดับประมาณ 50-70 ซม. น้ำท่วม,https://storage.googleapis.com/traffy_public_bucket/attachment/2026-10/9f757dfd397f5f956235528ee5e2c79e.jpeg
2026-2Z6Z9J,start,2026-10-07 10:54,2026-10-07 10:54,100.80184,13.75879,ลาดกระบัง,ลำปลาทิว,ซอย ฉลองกรุง 34 ลาดกระบัง น้ำท่วมขังซอย ตั้งแต่วันที่25 กันยายน2569 ถึงวันนี้ครับ ไม่ได้รับการช่วยเหลือ เดินทางออกจากบ้าน รถยนต์ไม่ได้ครับ ความสูงระดับหัวเข่า น้ำท่วมมาแล้วมากกว่า 1 สัปดาห์,https://storage.googleapis.com/traffy_public_bucket/attachment/2026-10/34bf65c9102e196d89721b712fa66887.jpeg
2026-HMV9K6,start,2026-10-07 11:00,2026-10-07 11:05,100.74403,13.77475,มีนบุรี,มีนบุรี,ยังมีน้ำท่วมขังอยู่ ความสูงระดับหน้าบ้านสูงประมาณหน้าแข้ง แต่ทางปากซอยสูงประมาณเข่าค่ะ น้ำท่วมมาแล้วตั้งแต่กลางคืนวันที่ 25 ก.ย. 2569 ค่ะ,https://storage.googleapis.com/traffy_public_bucket/attachment/2026-10/b0d9ff84bb529ad9e6612de3f44ae319.jpeg
2026-HMV9K6,inprogress,2026-10-07 11:00,2026-10-09 08:16,100.74403,13.77475,มีนบุรี,มีนบุรี,ยังมีน้ำท่วมขังอยู่ ความสูงระดับหน้าบ้านสูงประมาณหน้าแข้ง แต่ทางปากซอยสูงประมาณเข่าค่ะ น้ำท่วมมาแล้วตั้งแต่กลางคืนวันที่ 25 ก.ย. 2569 ค่ะ,https://storage.googleapis.com/traffy_public_bucket/attachment/2026-10/b0d9ff84bb529ad9e6612de3f44ae319.jpeg
2026-KGJTJV,start,2026-10-07 11:13,2026-10-07 11:13,100.64937,13.92899,สายไหม,สายไหม,น้ำท่วมขังบริเวณในซอยสายไหม 27 เป็นเวลา 2 อาทิตย์ ระดับน้ำ ประมาณ 10-15 เซนติเมตร (บริเวณช่วงท้ายซอย) น้ำเริ่มมีกลิ่น และเปลี่ยนสี ความสูงระดับข้อเท้า น้ำท่วมมาแล้วมากกว่า 1 สัปดาห์,https://storage.googleapis.com/traffy_public_bucket/attachment/2026-10/fcf689d7565511aeb891c176372c5e41.jpeg
2026-KGJTJV,inprogress,2026-10-07 11:13,2026-10-07 11:38,100.64937,13.92899,สายไหม,สายไหม,น้ำท่วมขังบริเวณในซอยสายไหม 27 เป็นเวลา 2 อาทิตย์ ระดับน้ำ ประมาณ 10-15 เซนติเมตร (บริเวณช่วงท้ายซอย) น้ำเริ่มมีกลิ่น และเปลี่ยนสี ความสูงระดับข้อเท้า น้ำท่วมมาแล้วมากกว่า 1 สัปดาห์,https://storage.googleapis.com/traffy_public_bucket/attachment/2026-10/fcf689d7565511aeb891c176372c5e41.jpeg
2026-DD4E76,start,2026-10-07 11:16,2026-10-07 11:16,100.70578,13.75613,สะพานสูง,สะพานสูง,ในซอยราษฎร์พัฒนา15 แยก4 ที่จะทะลุไปถนนกรุงเทพกรีฑาตัดใหม่ได้นั้นน่ะวันนี้กับเมื่อวานปริมาณน้ำเพิ่มสูงขึ้นเรื่อยๆ ตอนนี้ยังไม่รับการแก้ไขแต่อย่างไรก่อนหน้านี้ได้แจ้งผ่านแอปพลิเคชันไปตั้งแต่เมื่อสัปดาห์ที่แล้วก็ยังไม่มีเจ้าหน้าที่ลงพื้นที่มาดูหรือได้รับการช,https://storage.googleapis.com/traffy_public_bucket/attachment/2026-10/561c9598409d0af787e0572ba9972aa1.jpeg
2026-DD4E76,inprogress,2026-10-07 11:16,2026-10-07 11:22,100.70578,13.75613,สะพานสูง,สะพานสูง,ในซอยราษฎร์พัฒนา15 แยก4 ที่จะทะลุไปถนนกรุงเทพกรีฑาตัดใหม่ได้นั้นน่ะวันนี้กับเมื่อวานปริมาณน้ำเพิ่มสูงขึ้นเรื่อยๆ ตอนนี้ยังไม่รับการแก้ไขแต่อย่างไรก่อนหน้านี้ได้แจ้งผ่านแอปพลิเคชันไปตั้งแต่เมื่อสัปดาห์ที่แล้วก็ยังไม่มีเจ้าหน้าที่ลงพื้นที่มาดูหรือได้รับการช,https://storage.googleapis.com/traffy_public_bucket/attachment/2026-10/561c9598409d0af787e0572ba9972aa1.jpeg
2026-T9PZJZ,start,2026-10-07 11:18,2026-10-07 11:18,100.67527,13.72244,ประเวศ,ประเวศ,น้ำท่วม ซอยอ่อนนุช61 ที่ซอยเจ้าหน้าที่ไม่ยอมสูบน้ำออกจากซอย ช่วยสูบน้ำออกด้วยครับ ความสูงระดับหัวเข่า น้ำท่วมมาแล้วมากกว่า 1 สัปดาห์,https://storage.googleapis.com/traffy_public_bucket/attachment/2026-10/82c9ece17d1a1940532997771d046508.jpeg
2026-T9PZJZ,inprogress,2026-10-07 11:18,2026-10-07 11:25,100.67527,13.72244,ประเวศ,ประเวศ,น้ำท่วม ซอยอ่อนนุช61 ที่ซอยเจ้าหน้าที่ไม่ยอมสูบน้ำออกจากซอย ช่วยสูบน้ำออกด้วยครับ ความสูงระดับหัวเข่า น้ำท่วมมาแล้วมากกว่า 1 สัปดาห์,https://storage.googleapis.com/traffy_public_bucket/attachment/2026-10/82c9ece17d1a1940532997771d046508.jpeg
2026-YB2WUE,inprogress,2026-10-07 11:20,2026-10-07 12:00,100.59272,13.79791,วังทองหลาง,สะพานสอง,นำ้ท่วมขังท่อนำ้ทิ้งบริเวณหน้าบ้าน อยากให้ กทม. มาลอกท่อให้ครับ ความสูงระดับประมาณข้อเท้านะครับ อยากให้แค่มาช่วยลองท่อให้หน่อยนะครับ เวลานำ้ท่วมนำ้ไม่ค่อยไหลลงท่อ น้ำท่วมมาแล้วเมื่อวันที่ 1 ต.ค 2569,https://storage.googleapis.com/traffy_public_bucket/attachment/2026-10/1df444c20290d9a9292ad1948a5f00d4.jpeg
2026-YB2WUE,finish,2026-10-07 11:20,2026-10-07 23:52,100.59272,13.79791,วังทองหลาง,สะพานสอง,นำ้ท่วมขังท่อนำ้ทิ้งบริเวณหน้าบ้าน อยากให้ กทม. มาลอกท่อให้ครับ ความสูงระดับประมาณข้อเท้านะครับ อยากให้แค่มาช่วยลองท่อให้หน่อยนะครับ เวลานำ้ท่วมนำ้ไม่ค่อยไหลลงท่อ น้ำท่วมมาแล้วเมื่อวันที่ 1 ต.ค 2569,https://storage.googleapis.com/traffy_public_bucket/attachment/2026-10/1df444c20290d9a9292ad1948a5f00d4.jpeg
2026-KT6JXX,start,2026-10-07 11:24,2026-10-07 11:24,100.90812,13.83539,หนองจอก,กระทุ่มราย,ในหมู่บ้านเอื้ออาทรสังติสุข52 นำ้ท่วมมาตั้งแต่วันที่24กันยายน 69 จนถึง ปัจจุบัน ไม่แห้งเลยคะ อยากได้หน่วยงานมาช่วยดูดน้ำระบายนำ้ออกให้ที เดินทางลำบาก นำ้มีกลิ่นเหม็นแลัวคะ ลึกสุดกลางซอยบ่อบำบัด วัดเกือบถึงหัวเข่า คะ ตั้งแต่วันที่24 กันยายน เป็นต้นมาคะ,https://storage.googleapis.com/traffy_public_bucket/attachment/2026-10/316f718a2ce34772a64124dddf4aefee.jpeg
2026-KT6JXX,inprogress,2026-10-07 11:24,2026-10-07 16:52,100.90812,13.83539,หนองจอก,กระทุ่มราย,ในหมู่บ้านเอื้ออาทรสังติสุข52 นำ้ท่วมมาตั้งแต่วันที่24กันยายน 69 จนถึง ปัจจุบัน ไม่แห้งเลยคะ อยากได้หน่วยงานมาช่วยดูดน้ำระบายนำ้ออกให้ที เดินทางลำบาก นำ้มีกลิ่นเหม็นแลัวคะ ลึกสุดกลางซอยบ่อบำบัด วัดเกือบถึงหัวเข่า คะ ตั้งแต่วันที่24 กันยายน เป็นต้นมาคะ,https://storage.googleapis.com/traffy_public_bucket/attachment/2026-10/316f718a2ce34772a64124dddf4aefee.jpeg
2026-HKYVAB,inprogress,2026-10-07 11:28,2026-10-07 11:43,100.69723,13.77979,สะพานสูง,สะพานสูง,น้ำท่วมขังในซอยหมู่บ้าน ซอย 4/1 และซอย 6 เป็นระยะเวลานานแล้วอยากให้ช่วยแก้ไขหรือดูดนำ้ออก เพราะลำบากในการใช้ชีวิตประจำวันมาก ความสูงระดับหัวเข่า น้ำท่วมมาแล้วกลางซอย 30 เซนติเมตร,https://storage.googleapis.com/traffy_public_bucket/attachment/2026-10/ae01e11de0244d4e416ecebeac81c599.jpeg
2026-RFWKJE,inprogress,2026-10-07 11:29,2026-10-07 11:43,100.69521,13.7358,สะพานสูง,สะพานสูง,ทางไปแอร์พอตลิ้งทับช้าง น้ำท่วมขัง ความสูงระดับหน้าแข้ง น้ำท่วมมาแล้วมากกว่า 1 สัปดาห์,https://storage.googleapis.com/traffy_public_bucket/attachment/2026-10/600b8934bfefcf0ecdc5b4fe87a9dfa0.jpeg
2026-6XC4R8,start,2026-10-07 11:31,2026-10-07 11:31,100.67507,13.72196,ประเวศ,ประเวศ,เมื่อวันจันทร์ที่ผ่านมาน้ำในซอยอ่อนนุช 61 เริ่มดีขึ้นชาวบ้านสามารถใช้รถเล็กมอเตอร์ไซต์สัญจรเข้าออกภายในซอยได้เนื่องจากระดับน้ำลดลงมาอยู่ในระดับที่สามารถใช้ชีวิตตามปกติได้แล้วแต่เพียงแค่ฝนตกลงมาในคืนวันจันทร์ถึงเช้าวันอังคารและต่อเนื่องมาในช่วงวันอังคารที่,https://storage.googleapis.com/traffy_public_bucket/attachment/2026-10/05d2e63ec2a73cf964f7a0ac211905f1.jpeg
2026-6XC4R8,inprogress,2026-10-07 11:31,2026-10-07 14:47,100.67507,13.72196,ประเวศ,ประเวศ,เมื่อวันจันทร์ที่ผ่านมาน้ำในซอยอ่อนนุช 61 เริ่มดีขึ้นชาวบ้านสามารถใช้รถเล็กมอเตอร์ไซต์สัญจรเข้าออกภายในซอยได้เนื่องจากระดับน้ำลดลงมาอยู่ในระดับที่สามารถใช้ชีวิตตามปกติได้แล้วแต่เพียงแค่ฝนตกลงมาในคืนวันจันทร์ถึงเช้าวันอังคารและต่อเนื่องมาในช่วงวันอังคารที่,https://storage.googleapis.com/traffy_public_bucket/attachment/2026-10/05d2e63ec2a73cf964f7a0ac211905f1.jpeg
2026-LRGCNV,inprogress,2026-10-07 11:35,2026-10-07 11:42,100.70541,13.76903,สะพานสูง,สะพานสูง,ถนน ราษฎร์พัฒนา เขตสะพานสูง หน้าหมู่บ้านสีวลี หมู่บ้านค่าซ่าวิลล์ หมู่บ้านพฤกษา 3 หมู่บ้านติดกัน น้ำยังไม่ลดเลยครับ เดินออกไปข้างนอกไม่ได้ตั้งแต่วันที่ 25 กันยายน ต้องเดินลุยน้ำ หรือขับรถ หลายวันแล้ว ช่วยแก้ไขให้หน่อยครับ ชาวบ้านลำบาก ความสูงระดับ10-20 ซม,https://storage.googleapis.com/traffy_public_bucket/attachment/2026-10/thumb_4ef67e330d377886a55535be92c83859.jpg
2026-7HEX6R,start,2026-10-07 11:41,2026-10-07 11:41,100.81956,13.86702,หนองจอก,คู้ฝั่งเหนือ,น้ำท่วมเส้นทางเข้าบ้าน สูงทุกเส้นทาง เกิน 10 วันแล้ว น้ำเริ่มเน่าเสีย ไม่สามารถ ใช้รถเล็กเข้าได้ ถนนผุพัง เนืองจาก ซอยอื่นไม่สามารถ ออกได้ รถใหญ่จึงรวมมาออกซอยเดียว รบกวนหาเครื่องสูบน้ำหรือกระสอบทราย มาทำทางเดินให้คนในชุมชนออกด้วยครับ ความสูงระดับหัวเข่า ,https://storage.googleapis.com/traffy_public_bucket/attachment/2026-10/bbd5445d438630c6f231fe14f2b60967.jpeg
2026-7HEX6R,inprogress,2026-10-07 11:41,2026-10-07 16:52,100.81956,13.86702,หนองจอก,คู้ฝั่งเหนือ,น้ำท่วมเส้นทางเข้าบ้าน สูงทุกเส้นทาง เกิน 10 วันแล้ว น้ำเริ่มเน่าเสีย ไม่สามารถ ใช้รถเล็กเข้าได้ ถนนผุพัง เนืองจาก ซอยอื่นไม่สามารถ ออกได้ รถใหญ่จึงรวมมาออกซอยเดียว รบกวนหาเครื่องสูบน้ำหรือกระสอบทราย มาทำทางเดินให้คนในชุมชนออกด้วยครับ ความสูงระดับหัวเข่า ,https://storage.googleapis.com/traffy_public_bucket/attachment/2026-10/bbd5445d438630c6f231fe14f2b60967.jpeg
2026-6E3NCL,start,2026-10-07 11:42,2026-10-07 11:42,100.55808,13.86133,หลักสี่,ทุ่งสองห้อง,ตู้เย็น และ เครื่องซักผ้า โดนน้ำท่วม ความสูงระดับ30-50 cm ครับ น้ำท่วมมาแล้วประมาณ 1 สัปดาห์ ครับ,https://storage.googleapis.com/traffy_public_bucket/attachment/2026-10/530ebf90de7214e669830416832b40f1.jpeg
2026-6E3NCL,forward,2026-10-07 11:42,2026-10-08 07:57,100.55808,13.86133,หลักสี่,ทุ่งสองห้อง,ตู้เย็น และ เครื่องซักผ้า โดนน้ำท่วม ความสูงระดับ30-50 cm ครับ น้ำท่วมมาแล้วประมาณ 1 สัปดาห์ ครับ,https://storage.googleapis.com/traffy_public_bucket/attachment/2026-10/530ebf90de7214e669830416832b40f1.jpeg
2026-AZ9AF7,start,2026-10-07 11:44,2026-10-07 11:44,100.80481,13.80535,มีนบุรี,แสนแสบ,ตอนนี้เส้นคลอง ซอยสุวินทวงศ์40 นำยังไม่ลด มีการปล่อยนำเพิ่มจากหมู่บ้าน ประชาชนริมคลอง พบปัญหาน้ำท่วมขัง นเำเน่าส้งกลิ่นเหม็น ห้องน้ำเข้าลำบากยังไม่มีหน่วยงานไหนเข้าเหลียวแล ความสูงระดับหัวเข่า น้ำท่วมมาแล้วมากกว่า 1 สัปดาห์,https://storage.googleapis.com/traffy_public_bucket/attachment/2026-10/c305768c96c9e4206d89dc2991675fa1.jpeg
2026-AZ9AF7,inprogress,2026-10-07 11:44,2026-10-09 08:15,100.80481,13.80535,มีนบุรี,แสนแสบ,ตอนนี้เส้นคลอง ซอยสุวินทวงศ์40 นำยังไม่ลด มีการปล่อยนำเพิ่มจากหมู่บ้าน ประชาชนริมคลอง พบปัญหาน้ำท่วมขัง นเำเน่าส้งกลิ่นเหม็น ห้องน้ำเข้าลำบากยังไม่มีหน่วยงานไหนเข้าเหลียวแล ความสูงระดับหัวเข่า น้ำท่วมมาแล้วมากกว่า 1 สัปดาห์,https://storage.googleapis.com/traffy_public_bucket/attachment/2026-10/c305768c96c9e4206d89dc2991675fa1.jpeg
2026-CZRM88,start,2026-10-07 11:44,2026-10-07 11:44,100.72525,13.78118,มีนบุรี,มีนบุรี,ต้องการเครื่องสูบน้ำเพื่อนำไปสูบน้ำในหมู่บ้านบัวขาวฝั่งใน ตอนนี้มีปริมาณน้ำเพิ่มมากขึ้นจากฝนที่ตกลงมาเมื่อวันที่ 6 ตค.69 พอจะมีหน่อยงานไหนส่งเครื่องสูบน้ำได้บ้างไม๊คะ ทางเขตมีนบุรีเครื่องไม่พอ ความสูงระดับหน้าแข้ง น้ำท่วมมาแล้วมากกว่า 1 สัปดาห์,https://storage.googleapis.com/traffy_public_bucket/attachment/2026-10/e8fc087c13f6cc379a4ea2de043719e2.jpeg
2026-TCX2K8,start,2026-10-07 11:46,2026-10-07 11:46,100.73433,13.77642,มีนบุรี,มีนบุรี,ปรับปรุงระดับน้ำหน้าหมู่บ้าน เพราะน้ำระบายไม่ได้ รบกวนมาสูบน้ำให้หน่อย เดือดร้อนมากค่ะ ความสูงระดับ30-40 cm น้ำท่วมมาแล้วตั้งแต่ 28 กย จนถึงวันนี้ 13 วันค่ะ,https://storage.googleapis.com/traffy_public_bucket/attachment/2026-10/9f28b724f8772aa978078162d91571bb.jpeg
2026-AHCHRR,start,2026-10-07 11:51,2026-10-07 11:51,100.73306,13.80828,มีนบุรี,มีนบุรี,ปัญหา: น้ำท่วมขังในซอยรามคำแหง192 มาตั้งแต่วันที่ 25/09 ประชาชนเดินลุยน้ำเข้าออกกัน รถเข้าออกได้เฉพาะรถใหญ่ ช่วงน้ำขึ้นสูงรถก็เข้าออกไม่ได้ ขนส่งก็เข้ามาส่งของไม่ได้ วันนี้ 07/10 แล้ว ประชาชนยังต้องเดินลุยน้ำกันอยู่เลย ยิ่งตอนดึกไฟในซอยก็มืดมาก บางดวงไม่ต,https://storage.googleapis.com/traffy_public_bucket/attachment/2026-10/5539c4a21f51a5fd24ae5a767b7fd61a.jpeg
2026-AHCHRR,inprogress,2026-10-07 11:51,2026-10-09 08:15,100.73306,13.80828,มีนบุรี,มีนบุรี,ปัญหา: น้ำท่วมขังในซอยรามคำแหง192 มาตั้งแต่วันที่ 25/09 ประชาชนเดินลุยน้ำเข้าออกกัน รถเข้าออกได้เฉพาะรถใหญ่ ช่วงน้ำขึ้นสูงรถก็เข้าออกไม่ได้ ขนส่งก็เข้ามาส่งของไม่ได้ วันนี้ 07/10 แล้ว ประชาชนยังต้องเดินลุยน้ำกันอยู่เลย ยิ่งตอนดึกไฟในซอยก็มืดมาก บางดวงไม่ต,https://storage.googleapis.com/traffy_public_bucket/attachment/2026-10/5539c4a21f51a5fd24ae5a767b7fd61a.jpeg
2026-L27WU2,start,2026-10-07 11:54,2026-10-07 11:54,100.81953,13.86371,หนองจอก,คู้ฝั่งเหนือ,น้ำท่วมทางเข้าชุมชนเคหะหนองจอก ระยะทางประมาณ 700 เมตร รถเก๋งและมอเตอร์ไซ เดินทางลำบาก ท่วม เกิน 10 วันแล้ว ถนนเริ่มทรุดเป็นหลุม ใหญ่ อันตรายมาก อยากให้ช่วยสูบน้ำ หรือ กั้นเส้นทางเพื่อความปลอดภัย ความสูงระดับหน้าแข้ง น้ำท่วมมาแล้วมากกว่า 1 สัปดาห์,https://storage.googleapis.com/traffy_public_bucket/attachment/2026-10/63a1db417581b28211bd6165da48a75f.jpeg
2026-L27WU2,inprogress,2026-10-07 11:54,2026-10-07 16:50,100.81953,13.86371,หนองจอก,คู้ฝั่งเหนือ,น้ำท่วมทางเข้าชุมชนเคหะหนองจอก ระยะทางประมาณ 700 เมตร รถเก๋งและมอเตอร์ไซ เดินทางลำบาก ท่วม เกิน 10 วันแล้ว ถนนเริ่มทรุดเป็นหลุม ใหญ่ อันตรายมาก อยากให้ช่วยสูบน้ำ หรือ กั้นเส้นทางเพื่อความปลอดภัย ความสูงระดับหน้าแข้ง น้ำท่วมมาแล้วมากกว่า 1 สัปดาห์,https://storage.googleapis.com/traffy_public_bucket/attachment/2026-10/63a1db417581b28211bd6165da48a75f.jpeg
2026-X78VWR,start,2026-10-07 11:54,2026-10-07 11:54,100.80496,13.80532,มีนบุรี,แสนแสบ,น้ำท่วมมาตั้งแต่วันที่25 กันยายน 2569 จนถึงวันนี้วันที่ 7 ตุลาคม 2569 ไม่มีหน่วยงานไหนเข้ามาดูเลยเป็นบ้านริมคลองหลังวัดใหม่ลำนกแขวก น้ำท่วมตั้งแต่วัดเข้ามามายันท้ายซอยไม่มีเจ้าหน้าที่มาดูเลยมีแต่เข้าไปดูหมู่บ้านใหญ่ใหญ่ข้างข้างทั้งสองหมู่บ้านแต่ชุมชนที่เป,https://storage.googleapis.com/traffy_public_bucket/attachment/2026-10/f7a0dbf31f9844e1df4cd00bef3c5a91.jpeg
2026-86RJ2F,start,2026-10-07 12:03,2026-10-07 12:03,100.69754,13.7798,สะพานสูง,สะพานสูง,น้ำท่วมขัง 13 วัน (25 กย ถึง 7ตค ) บ้านเลขที่ หมู่บ้านธารารมณ ถนน รามคำแหง 150 ซอย4/1 น้ำท่วมขัง ตั้งแต่ คืน 25 กย 2569 น้ำสูง เกิน70 cm จนถึง วันที่ 7 ตค 2569 เวลา 10โมง น้ำสูง 30cm เนื่องจาก หลังหมู่บ้าน มีคลอง แต่ไม่มี จุดวัด จากเขต สะพานสูง ทำไห้ ไม่ท,https://storage.googleapis.com/traffy_public_bucket/attachment/2026-10/f49e7adfba90555e8816ef41ccddd0b1.jpeg
2026-86RJ2F,inprogress,2026-10-07 12:03,2026-10-07 12:46,100.69754,13.7798,สะพานสูง,สะพานสูง,น้ำท่วมขัง 13 วัน (25 กย ถึง 7ตค ) บ้านเลขที่ หมู่บ้านธารารมณ ถนน รามคำแหง 150 ซอย4/1 น้ำท่วมขัง ตั้งแต่ คืน 25 กย 2569 น้ำสูง เกิน70 cm จนถึง วันที่ 7 ตค 2569 เวลา 10โมง น้ำสูง 30cm เนื่องจาก หลังหมู่บ้าน มีคลอง แต่ไม่มี จุดวัด จากเขต สะพานสูง ทำไห้ ไม่ท,https://storage.googleapis.com/traffy_public_bucket/attachment/2026-10/f49e7adfba90555e8816ef41ccddd0b1.jpeg
2026-VKU2TZ,start,2026-10-07 12:05,2026-10-07 12:05,100.63509,13.74737,สวนหลวง,สวนหลวง,ซอยพระรามเก้า57 เป็นซอยที่เหมือนกับถูกกำหนดให้เป็นพื้นที่รับน้ำโดยจำยอม เนื่องจากเขตสวนหลวงยกถนนในซอยรอบๆทุกซอยสูงขึ้นหมด ตั้งแต่ประมาณปี 65 แต่ซอยพระราม 9 17 ซึ่งขอให้ยกถนนตั้งแต่ปี 47 กลับ ไม่ยกถนนให้ และไม่มีมาขุดรอกท่อระบายมา 2-3 ปีแล้ว ทุกครั้งที่ฝนต,https://storage.googleapis.com/traffy_public_bucket/attachment/2026-10/7ce6fd1e475d04be7d6aa4d6f909654d.jpeg
2026-VKU2TZ,inprogress,2026-10-07 12:05,2026-10-07 13:54,100.63509,13.74737,สวนหลวง,สวนหลวง,ซอยพระรามเก้า57 เป็นซอยที่เหมือนกับถูกกำหนดให้เป็นพื้นที่รับน้ำโดยจำยอม เนื่องจากเขตสวนหลวงยกถนนในซอยรอบๆทุกซอยสูงขึ้นหมด ตั้งแต่ประมาณปี 65 แต่ซอยพระราม 9 17 ซึ่งขอให้ยกถนนตั้งแต่ปี 47 กลับ ไม่ยกถนนให้ และไม่มีมาขุดรอกท่อระบายมา 2-3 ปีแล้ว ทุกครั้งที่ฝนต,https://storage.googleapis.com/traffy_public_bucket/attachment/2026-10/7ce6fd1e475d04be7d6aa4d6f909654d.jpeg
2026-36CENB,start,2026-10-07 12:07,2026-10-07 12:07,100.80526,13.806,มีนบุรี,แสนแสบ,ตั้งแต่วันที่ 25 กันยายน 2569 น้ำท่วมขังบริเวณโซนซอยสุวินทวงศ์ 40 แขวงแสนแสบเขตมีนบุรี ช่วง ถนนเลียบคลองลำนกแขวก หลังวัดใหม่ลำนกแขวกเป็นต้นไป มีจำนวนบ้านที่เดือดร้อนประมาณ 30 หลังคาเรือน รถเข้าออกไม่ได้น้ำเน่าเหม็นหาซื้ออาหารลำบากต้องลุยน้ำเน่าออกไปหน้าปา,https://storage.googleapis.com/traffy_public_bucket/attachment/2026-10/6fa7095f04c328dfead14df397e496bd.jpeg
2026-36CENB,inprogress,2026-10-07 12:07,2026-10-09 08:14,100.80526,13.806,มีนบุรี,แสนแสบ,ตั้งแต่วันที่ 25 กันยายน 2569 น้ำท่วมขังบริเวณโซนซอยสุวินทวงศ์ 40 แขวงแสนแสบเขตมีนบุรี ช่วง ถนนเลียบคลองลำนกแขวก หลังวัดใหม่ลำนกแขวกเป็นต้นไป มีจำนวนบ้านที่เดือดร้อนประมาณ 30 หลังคาเรือน รถเข้าออกไม่ได้น้ำเน่าเหม็นหาซื้ออาหารลำบากต้องลุยน้ำเน่าออกไปหน้าปา,https://storage.googleapis.com/traffy_public_bucket/attachment/2026-10/6fa7095f04c328dfead14df397e496bd.jpeg
2026-RZXZ3U,start,2026-10-07 12:12,2026-10-07 12:12,100.68681,13.75772,สะพานสูง,สะพานสูง,จุด ตรง นี้ ต้องการ น้ำ จากซอยด้านใน เพราะบริเวณสุดซอยด้านในจะเป็นริมคลอง และเอาเป้าปั๊มน้ำ แนวดิ่ง ดูดออก ซอยถึงจะแห้ง บริเวณจุดนี้ จำเป็นต้องสัญจรไปมาเดินทางลำบากครับ ความสูงระดับ1 ฟุตกว่าครับ น้ำท่วมมาแล้วตั้งแต่วันที่ 26 ที่ผ่านมา,https://storage.googleapis.com/traffy_public_bucket/attachment/2026-10/1747b222f8ce1b534715f28a5e18c8d6.jpeg
2026-RZXZ3U,inprogress,2026-10-07 12:12,2026-10-07 12:45,100.68681,13.75772,สะพานสูง,สะพานสูง,จุด ตรง นี้ ต้องการ น้ำ จากซอยด้านใน เพราะบริเวณสุดซอยด้านในจะเป็นริมคลอง และเอาเป้าปั๊มน้ำ แนวดิ่ง ดูดออก ซอยถึงจะแห้ง บริเวณจุดนี้ จำเป็นต้องสัญจรไปมาเดินทางลำบากครับ ความสูงระดับ1 ฟุตกว่าครับ น้ำท่วมมาแล้วตั้งแต่วันที่ 26 ที่ผ่านมา,https://storage.googleapis.com/traffy_public_bucket/attachment/2026-10/1747b222f8ce1b534715f28a5e18c8d6.jpeg
2026-TDNZUK,start,2026-10-07 12:21,2026-10-07 12:21,100.76914,13.8259,มีนบุรี,แสนแสบ,ซอยราษฎร์อุทิศ 22/1 น้ำท่วมถนนและตัวบ้านได้รับความเสียหาย และถนนกำลังสร้างพื้นดินเละ ดินเหลว ติดตอหม้อปูนระบายน้ำ ไม่สามารถเข้าออกได้ปกติ ต้องใช้เรือ น้ำลึกประมาณเอวถึงหน้าอก บางช่วงเป็นหลุมลึก มีเหล็กก่อสร้างตลอดทาง อันตรายมาก สัตว์เลื้อยมีพิษคลานที่มากั,https://storage.googleapis.com/traffy_public_bucket/attachment/2026-10/6422d60626169348a3460e50ac70a699.jpeg
2026-TDNZUK,inprogress,2026-10-07 12:21,2026-10-09 08:14,100.76914,13.8259,มีนบุรี,แสนแสบ,ซอยราษฎร์อุทิศ 22/1 น้ำท่วมถนนและตัวบ้านได้รับความเสียหาย และถนนกำลังสร้างพื้นดินเละ ดินเหลว ติดตอหม้อปูนระบายน้ำ ไม่สามารถเข้าออกได้ปกติ ต้องใช้เรือ น้ำลึกประมาณเอวถึงหน้าอก บางช่วงเป็นหลุมลึก มีเหล็กก่อสร้างตลอดทาง อันตรายมาก สัตว์เลื้อยมีพิษคลานที่มากั,https://storage.googleapis.com/traffy_public_bucket/attachment/2026-10/6422d60626169348a3460e50ac70a699.jpeg
2026-4PWFUN,inprogress,2026-10-07 12:23,2026-10-07 12:45,100.69445,13.77507,สะพานสูง,สะพานสูง,น้ำท่วมขังในหมู่บ้านเนเชอรัลซิตตี้เลกาซี่ บ้านเลขที่ 9/84 ซอย 4 โครงการปล่อย ไม่สนใจค่ะ ความสูงระดับเอว น้ำท่วมมาแล้วมากกว่า 1 สัปดาห์,https://storage.googleapis.com/traffy_public_bucket/attachment/2026-10/8772579b8f85c3880bc694d5950a6999.jpeg
2026-YZGNPT,start,2026-10-07 12:34,2026-10-07 12:34,100.80103,13.78148,ลาดกระบัง,ลำปลาทิว,สวัสดีค่ะท่าน อยากให้ช่วยแก้ไขเรื่องน้ำท่วม บริเวณ ชุมชนวัดทิพพาวาส เลียบคลองลำมะขาม สุวินทวงศ์ 42 ให้หน่อยค่ะ ระดับน้ำไม่ลดเลย โดยเฉพาะตรงคอสะพานหลังวัด หมู่บ้านที่อยู่เลียบคลอง เดินทางออกไปทำงานไม่ได้ น้ำสูงมาตั้งแค่วันที่ 26 ไม่ต้องให้น้ำแห้งก็ได้ แต่,https://storage.googleapis.com/traffy_public_bucket/attachment/2026-10/e2e97a87261f53bfa403ad94c03abcda.jpeg
2026-ADDRF7,start,2026-10-07 12:35,2026-10-07 12:35,100.71716,13.81106,มีนบุรี,มีนบุรี,น้ำท่วมสูงขึ้น ความสูงระดับหัวเข่า น้ำท่วมมาแล้วน้อยกว่า 1 วัน,https://storage.googleapis.com/traffy_public_bucket/attachment/2026-10/b6ff5a519e3b649da7ff625e7e699203.jpeg
2026-ADDRF7,inprogress,2026-10-07 12:35,2026-10-09 08:14,100.71716,13.81106,มีนบุรี,มีนบุรี,น้ำท่วมสูงขึ้น ความสูงระดับหัวเข่า น้ำท่วมมาแล้วน้อยกว่า 1 วัน,https://storage.googleapis.com/traffy_public_bucket/attachment/2026-10/b6ff5a519e3b649da7ff625e7e699203.jpeg
2026-UBY4XE,start,2026-10-07 12:44,2026-10-07 12:44,100.80132,13.76288,ลาดกระบัง,ลำปลาทิว,น้ำท่วมขังโซนลาดกระบัง ถนนเจ้าคุณทหาร ถนนฉลองกรุง ยาวนานกว่า 10 วัน น้ำเริ่มเน่า ไร้วี่แววน้ำลด รถเล็กสัญจรลำบาก ไม่สามารถออกไปไหนได้อย่างสะดวก ความสูงระดับหน้าแข้ง น้ำท่วมมาแล้วมากกว่า 1 สัปดาห์,https://storage.googleapis.com/traffy_public_bucket/attachment/2026-10/fa172c95aa3b14f0cfcabfcab69ba07b.jpeg
2026-UBY4XE,forward,2026-10-07 12:44,2026-10-08 11:48,100.80132,13.76288,ลาดกระบัง,ลำปลาทิว,น้ำท่วมขังโซนลาดกระบัง ถนนเจ้าคุณทหาร ถนนฉลองกรุง ยาวนานกว่า 10 วัน น้ำเริ่มเน่า ไร้วี่แววน้ำลด รถเล็กสัญจรลำบาก ไม่สามารถออกไปไหนได้อย่างสะดวก ความสูงระดับหน้าแข้ง น้ำท่วมมาแล้วมากกว่า 1 สัปดาห์,https://storage.googleapis.com/traffy_public_bucket/attachment/2026-10/fa172c95aa3b14f0cfcabfcab69ba07b.jpeg
2026-VYNJN2,start,2026-10-07 12:44,2026-10-07 12:44,100.68668,13.72329,ประเวศ,ประเวศ,หมู่บ้านเนอวาน่า พาร์ค สุขุมวิท 77 น้ำยังไม่แห้ง ฝนตกซ้ำไปอีก 12 วันแล้วค่ะ น่อง เดินลุยค่ะ ตั้งแต่25 กันยายน,https://storage.googleapis.com/traffy_public_bucket/attachment/2026-10/1f82bb3244a4d097c79f38e9ba1c3c08.jpeg
2026-VYNJN2,inprogress,2026-10-07 12:44,2026-10-07 14:43,100.68668,13.72329,ประเวศ,ประเวศ,หมู่บ้านเนอวาน่า พาร์ค สุขุมวิท 77 น้ำยังไม่แห้ง ฝนตกซ้ำไปอีก 12 วันแล้วค่ะ น่อง เดินลุยค่ะ ตั้งแต่25 กันยายน,https://storage.googleapis.com/traffy_public_bucket/attachment/2026-10/1f82bb3244a4d097c79f38e9ba1c3c08.jpeg
2026-VYNJN2,forward,2026-10-07 12:44,2026-10-07 15:43,100.68668,13.72329,ประเวศ,ประเวศ,หมู่บ้านเนอวาน่า พาร์ค สุขุมวิท 77 น้ำยังไม่แห้ง ฝนตกซ้ำไปอีก 12 วันแล้วค่ะ น่อง เดินลุยค่ะ ตั้งแต่25 กันยายน,https://storage.googleapis.com/traffy_public_bucket/attachment/2026-10/1f82bb3244a4d097c79f38e9ba1c3c08.jpeg
2026-FMXLTP,start,2026-10-07 12:45,2026-10-07 12:45,100.66461,13.93005,สายไหม,สายไหม,นำ้ท่วมถนนรถเล็กผ่านลำบาก ความสูงระดับหน้าแข้ง น้ำท่วมมาแล้วมากกว่า 1 สัปดาห์,https://storage.googleapis.com/traffy_public_bucket/attachment/2026-10/7603529c68f72e1db802b3ee775bdf85.jpeg
2026-FMXLTP,inprogress,2026-10-07 12:45,2026-10-07 13:59,100.66461,13.93005,สายไหม,สายไหม,นำ้ท่วมถนนรถเล็กผ่านลำบาก ความสูงระดับหน้าแข้ง น้ำท่วมมาแล้วมากกว่า 1 สัปดาห์,https://storage.googleapis.com/traffy_public_bucket/attachment/2026-10/7603529c68f72e1db802b3ee775bdf85.jpeg
2026-ZHYDJ3,start,2026-10-07 12:48,2026-10-07 12:48,100.73656,13.7789,มีนบุรี,มีนบุรี,ปากทางเข้าหมู่บ้านน้ำท่วมมาเกิน 10 วันแล้ว น้ำท่วมสูงประมาณ 40 เซน ความสูงระดับ40 เซน น้ำท่วมมาแล้ว10 วันแล้วค่ะ,https://storage.googleapis.com/traffy_public_bucket/attachment/2026-10/a41b4aaf2cc23ca3a64b93ecb9671ad2.jpeg
2026-ZHYDJ3,inprogress,2026-10-07 12:48,2026-10-09 08:13,100.73656,13.7789,มีนบุรี,มีนบุรี,ปากทางเข้าหมู่บ้านน้ำท่วมมาเกิน 10 วันแล้ว น้ำท่วมสูงประมาณ 40 เซน ความสูงระดับ40 เซน น้ำท่วมมาแล้ว10 วันแล้วค่ะ,https://storage.googleapis.com/traffy_public_bucket/attachment/2026-10/a41b4aaf2cc23ca3a64b93ecb9671ad2.jpeg
2026-E8CG94,start,2026-10-07 12:50,2026-10-07 12:50,100.68544,13.721,ประเวศ,ประเวศ,น้ำท่วมขังภายในหมู่บ้าน NIRVANA PARK ก่อนถึงวัดกระทุ่มเสือปลา ตั้งแต่วันที่ 25 กันยายน 2569 จนถึงปัจจุบันวันที่ 7 ตุลาคม 2569 ระดับน้ำเท่าเดิม (หน้าขา) น้ำเริ่มส่งกลิ่น ยังไม่มีหน่วยงานไหนเข้ามาช่วยเหลือ สร้างความลำบากต่อการใช้ชีวิต เกือบ 2 อาทิตย์แล้วยัง,https://storage.googleapis.com/traffy_public_bucket/attachment/2026-10/8b6504aca1103c0ffa1cd4226eebfbf4.jpeg
2026-E8CG94,inprogress,2026-10-07 12:50,2026-10-07 14:42,100.68544,13.721,ประเวศ,ประเวศ,น้ำท่วมขังภายในหมู่บ้าน NIRVANA PARK ก่อนถึงวัดกระทุ่มเสือปลา ตั้งแต่วันที่ 25 กันยายน 2569 จนถึงปัจจุบันวันที่ 7 ตุลาคม 2569 ระดับน้ำเท่าเดิม (หน้าขา) น้ำเริ่มส่งกลิ่น ยังไม่มีหน่วยงานไหนเข้ามาช่วยเหลือ สร้างความลำบากต่อการใช้ชีวิต เกือบ 2 อาทิตย์แล้วยัง,https://storage.googleapis.com/traffy_public_bucket/attachment/2026-10/8b6504aca1103c0ffa1cd4226eebfbf4.jpeg
2026-E8CG94,forward,2026-10-07 12:50,2026-10-07 15:42,100.68544,13.721,ประเวศ,ประเวศ,น้ำท่วมขังภายในหมู่บ้าน NIRVANA PARK ก่อนถึงวัดกระทุ่มเสือปลา ตั้งแต่วันที่ 25 กันยายน 2569 จนถึงปัจจุบันวันที่ 7 ตุลาคม 2569 ระดับน้ำเท่าเดิม (หน้าขา) น้ำเริ่มส่งกลิ่น ยังไม่มีหน่วยงานไหนเข้ามาช่วยเหลือ สร้างความลำบากต่อการใช้ชีวิต เกือบ 2 อาทิตย์แล้วยัง,https://storage.googleapis.com/traffy_public_bucket/attachment/2026-10/8b6504aca1103c0ffa1cd4226eebfbf4.jpeg
2026-TWFYLY,start,2026-10-07 12:51,2026-10-07 12:51,100.62813,13.75427,บางกะปิ,หัวหมาก,เนื่องจาก น้ำในโซนย่าน รามคำแหง 24 และโดยรอบ ทางผมเป็นคนอยู่อาศัยใน แยก 34 อาคารเช่า มา 8 ปีแล้ว ดังนั้น จากที่มีการทำขยายถนนและทำท้อระบายน้ำตลอด ซอย ราม 24 และผมเป็นแยก 34 คือแยกสุดท้าย ปัญหาที่พบเมื่อเกิดฝนตกหนัก น้ำในซอยจะเอ่อท่วมฟุตบาททางเดินและรอระบา,https://storage.googleapis.com/traffy_public_bucket/attachment/2026-10/thumb_4614a44a263389c74d011cff43fd665b.jpg
2026-TWFYLY,forward,2026-10-07 12:51,2026-10-08 09:06,100.62813,13.75427,บางกะปิ,หัวหมาก,เนื่องจาก น้ำในโซนย่าน รามคำแหง 24 และโดยรอบ ทางผมเป็นคนอยู่อาศัยใน แยก 34 อาคารเช่า มา 8 ปีแล้ว ดังนั้น จากที่มีการทำขยายถนนและทำท้อระบายน้ำตลอด ซอย ราม 24 และผมเป็นแยก 34 คือแยกสุดท้าย ปัญหาที่พบเมื่อเกิดฝนตกหนัก น้ำในซอยจะเอ่อท่วมฟุตบาททางเดินและรอระบา,https://storage.googleapis.com/traffy_public_bucket/attachment/2026-10/thumb_4614a44a263389c74d011cff43fd665b.jpg
2026-6X9ELE,forward,2026-10-07 12:56,2026-10-07 12:57,100.79901,13.75714,ลาดกระบัง,ลำปลาทิว,ถนนฉลองกรุง ตลอดทั้งเส้นทาง มีน้ำท่วมขังสูงทั้งเส้นทาง ซึ่งเส้นทางดังกล่าวเป็นเส้นทางสายหลักในการสัญจรของพี่น้องประชาชนจำนวนมาก 🙏 จึงขอความกรุณาสำนักงานการโยธากรุงเทพมหานคร ได้โปรดพิจารณา ระบายน้ำจากพื้นที่ที่ท่วมอยู่ในขณะนี้ ให้สามารถสัญจรได้ ขอขอบคุณคร,https://storage.googleapis.com/traffy_public_bucket/attachment/2026-10/5907cbbfb5dd72019cce4670ce5614cc.jpeg
2026-7KXZ64,inprogress,2026-10-07 13:01,2026-10-07 13:09,100.66923,13.8084,คันนายาว,รามอินทรา,น้ำท่วมขัง ในบ้าน ในหมู่บ้าน ขอให้เร่งระบายด่วน ความสูงระดับหน้าแข้ง น้ำท่วมมาแล้วมากกว่า 1 สัปดาห์,https://storage.googleapis.com/traffy_public_bucket/attachment/2026-10/8f2b4912b0ee63ca2fe348e7153f6c7a.jpeg
2026-PWH8JW,start,2026-10-07 13:04,2026-10-07 13:04,100.81704,13.84335,หนองจอก,โคกแฝด,น้ำท่วมขังหน้าบ้าน เป็นเวลานานแล้ว แต่ฝนตกหนักรอบแรก ป่านนี้ยังไม่ยุบ จนน้ำเน่าส่งกลิ่นเหม็น รถเล็กไม่สามารถเข้าบ้านได้ ความสูงระดับประมาณ 30-40 เซ็นต์ น้ำท่วมมาแล้ว2สัปดาห์ ตั้งแต่ฝนเริ่มตกหนัก,https://storage.googleapis.com/traffy_public_bucket/attachment/2026-10/5d93bfd53ba77997315dff532b4ea251.jpeg
2026-PWH8JW,inprogress,2026-10-07 13:04,2026-10-07 16:47,100.81704,13.84335,หนองจอก,โคกแฝด,น้ำท่วมขังหน้าบ้าน เป็นเวลานานแล้ว แต่ฝนตกหนักรอบแรก ป่านนี้ยังไม่ยุบ จนน้ำเน่าส่งกลิ่นเหม็น รถเล็กไม่สามารถเข้าบ้านได้ ความสูงระดับประมาณ 30-40 เซ็นต์ น้ำท่วมมาแล้ว2สัปดาห์ ตั้งแต่ฝนเริ่มตกหนัก,https://storage.googleapis.com/traffy_public_bucket/attachment/2026-10/5d93bfd53ba77997315dff532b4ea251.jpeg
2026-9RUFYF,start,2026-10-07 13:07,2026-10-07 13:07,100.89428,13.81521,หนองจอก,กระทุ่มราย,น้ำท่วมยังไม่ลด ท่วมประมาณ 2 อาทิตย์ได้แล้วค่ะ ณ ตอนนี้น้ำมีกลิ่นเน่าเสีย ไม่สามารถออกไปซื้ออาหารการกินได้ อยากให้ทางหน่วยงานเข้ามาดูสถานการณ์น้ำท่วมหน่อยค่ะ ความสูงระดับหัวเข่า น้ำท่วมมาแล้วมากกว่า 1 สัปดาห์,https://storage.googleapis.com/traffy_public_bucket/attachment/2026-10/71aff2b9f1985b956541e5b828419a88.jpeg
2026-9RUFYF,inprogress,2026-10-07 13:07,2026-10-07 16:47,100.89428,13.81521,หนองจอก,กระทุ่มราย,น้ำท่วมยังไม่ลด ท่วมประมาณ 2 อาทิตย์ได้แล้วค่ะ ณ ตอนนี้น้ำมีกลิ่นเน่าเสีย ไม่สามารถออกไปซื้ออาหารการกินได้ อยากให้ทางหน่วยงานเข้ามาดูสถานการณ์น้ำท่วมหน่อยค่ะ ความสูงระดับหัวเข่า น้ำท่วมมาแล้วมากกว่า 1 สัปดาห์,https://storage.googleapis.com/traffy_public_bucket/attachment/2026-10/71aff2b9f1985b956541e5b828419a88.jpeg
2026-9D3Y2N,start,2026-10-07 13:16,2026-10-07 13:16,100.73434,13.77575,มีนบุรี,มีนบุรี,น้ำท่วมขังทางเข้าหมู่บ้าน 30-50 ซม มานานกว่า 10 วันแล้ว ตั้งแต่ 25 กย ถึงปัจจุบัน เนื่องจากไม่มีแนวกั้นน้ำตากคลองสองต้นนุ่น อยากให้ช่วยทำแนวกั้นน้ำ และสูบน้ำออก ความสูงระดับหัวเข่า น้ำท่วมมาแล้วมากกว่า 1 สัปดาห์,https://storage.googleapis.com/traffy_public_bucket/attachment/2026-10/thumb_81ea05871f759567f8a97bac0084039e.jpg
2026-9D3Y2N,inprogress,2026-10-07 13:16,2026-10-09 08:13,100.73434,13.77575,มีนบุรี,มีนบุรี,น้ำท่วมขังทางเข้าหมู่บ้าน 30-50 ซม มานานกว่า 10 วันแล้ว ตั้งแต่ 25 กย ถึงปัจจุบัน เนื่องจากไม่มีแนวกั้นน้ำตากคลองสองต้นนุ่น อยากให้ช่วยทำแนวกั้นน้ำ และสูบน้ำออก ความสูงระดับหัวเข่า น้ำท่วมมาแล้วมากกว่า 1 สัปดาห์,https://storage.googleapis.com/traffy_public_bucket/attachment/2026-10/thumb_81ea05871f759567f8a97bac0084039e.jpg
2026-KGLM86,start,2026-10-07 13:19,2026-10-07 13:19,100.70949,13.79308,มีนบุรี,มีนบุรี,ซอยรามคำแหง 164 แยก 10 น้ำท่วมขัง ความสูงระดับข้อเท้า น้ำท่วมมาแล้วมากกว่า 1 สัปดาห์,https://storage.googleapis.com/traffy_public_bucket/attachment/2026-10/thumb_4b227d7e3ccf79c694fac8f1440183ac.jpg
2026-KGLM86,inprogress,2026-10-07 13:19,2026-10-09 08:13,100.70949,13.79308,มีนบุรี,มีนบุรี,ซอยรามคำแหง 164 แยก 10 น้ำท่วมขัง ความสูงระดับข้อเท้า น้ำท่วมมาแล้วมากกว่า 1 สัปดาห์,https://storage.googleapis.com/traffy_public_bucket/attachment/2026-10/thumb_4b227d7e3ccf79c694fac8f1440183ac.jpg
2026-TCJPF2,start,2026-10-07 13:19,2026-10-07 13:19,100.73288,13.77154,ลาดกระบัง,คลองสองต้นนุ่น,รถจ่มเสียหายจะได้รับค่าเสียหาชดเชยไหมครับเป็นผู้เช่าอยู่ในพื้นที่น้ำท่วมครับ ระดับเลยเอวครับ 7-8วันครับ,https://storage.googleapis.com/traffy_public_bucket/attachment/2026-10/ee1ad6ce24573f00cb697ad56148096d.jpeg
2026-T7723Z,start,2026-10-07 13:23,2026-10-07 13:24,100.5681,13.77551,ดินแดง,ดินแดง,แจ้งเรื่องไฟฟ้าส่องทางดับครับ #ขอกระสอบทราย/อื่นๆ,https://storage.googleapis.com/traffy_public_bucket/attachment/2026-10/7ebcaf55073acf873707f4dc70d91ca2.jpeg
2026-T7723Z,forward,2026-10-07 13:23,2026-10-07 20:49,100.5681,13.77551,ดินแดง,ดินแดง,แจ้งเรื่องไฟฟ้าส่องทางดับครับ #ขอกระสอบทราย/อื่นๆ,https://storage.googleapis.com/traffy_public_bucket/attachment/2026-10/7ebcaf55073acf873707f4dc70d91ca2.jpeg
2026-WUUXB4,inprogress,2026-10-07 13:26,2026-10-07 13:44,100.69916,13.76868,สะพานสูง,สะพานสูง,"น้ำท่วมซอยราษฎร์พัฒนา 22 ตั้งแต่ 25/9/69-3/10/69, 5/10/69-ปัจจุบัน ความสูงระดับในบ้านเคยถึง 40cm หน้าบ้านเคยถึง 70cm ตอนนี้ลดเหลือ 35-40cm ค่ะ น้ำท่วมมาแล้ววันนี้ยังท่วมอยู่ ค่ะ น้ำท่วมซอยราษฎร์พัฒนา 22 ตั้งแต่ 25/9/69-3/10/69, 5/10/69-ปัจจุบัน",https://storage.googleapis.com/traffy_public_bucket/attachment/2026-10/eb9cdaa8915d3dd326460e3c829677c5.jpeg
2026-VNCCCP,start,2026-10-07 13:29,2026-10-07 13:29,100.66648,13.71948,ประเวศ,ประเวศ,ซอยอ่อนนุช 55/1ถนนสุขุมวิท 77 เวลาฝนตกมีน้ำขัง ตลอดเวลา รางระบายน้ำ ไม่ค่อยระบายน้ำน้ำปิ่มฝาท่อระบายน้ำตลอดฝนตกไม่แรงน้ำก็ท่วมขังอยากให้ทางเขตทำการแก้ไขหรือตรวจสอบว่ารางระบายน้ำอุดตันหรือไม่ ทำให้ประชาชนที่อยู่ในซอย สัญจรลำบาก เพราะซอยอื่นๆ ทั้ง 57 และ ซอ,https://storage.googleapis.com/traffy_public_bucket/attachment/2026-10/b706faca0f3eba8dfb86bf0ee07418ce.jpeg
2026-VNCCCP,inprogress,2026-10-07 13:29,2026-10-07 14:34,100.66648,13.71948,ประเวศ,ประเวศ,ซอยอ่อนนุช 55/1ถนนสุขุมวิท 77 เวลาฝนตกมีน้ำขัง ตลอดเวลา รางระบายน้ำ ไม่ค่อยระบายน้ำน้ำปิ่มฝาท่อระบายน้ำตลอดฝนตกไม่แรงน้ำก็ท่วมขังอยากให้ทางเขตทำการแก้ไขหรือตรวจสอบว่ารางระบายน้ำอุดตันหรือไม่ ทำให้ประชาชนที่อยู่ในซอย สัญจรลำบาก เพราะซอยอื่นๆ ทั้ง 57 และ ซอ,https://storage.googleapis.com/traffy_public_bucket/attachment/2026-10/b706faca0f3eba8dfb86bf0ee07418ce.jpeg
2026-XDMXLG,start,2026-10-07 13:29,2026-10-07 13:29,100.83102,13.79572,หนองจอก,ลำผักชี,น้ำท่วมจุดกลับรถฉลองกรุง ความสูงระดับหัวเข่า น้ำท่วมมาแล้วจุดกลับรถใต้สะพาน ช่วงคอสะพานประมาณหัวเข่า,https://storage.googleapis.com/traffy_public_bucket/attachment/2026-10/thumb_905de4d2f4ac03d4ff775af3edc8d343.jpg
2026-XDMXLG,forward,2026-10-07 13:29,2026-10-07 16:42,100.83102,13.79572,หนองจอก,ลำผักชี,น้ำท่วมจุดกลับรถฉลองกรุง ความสูงระดับหัวเข่า น้ำท่วมมาแล้วจุดกลับรถใต้สะพาน ช่วงคอสะพานประมาณหัวเข่า,https://storage.googleapis.com/traffy_public_bucket/attachment/2026-10/thumb_905de4d2f4ac03d4ff775af3edc8d343.jpg
2026-TL9EYN,start,2026-10-07 13:34,2026-10-07 14:16,100.7432,13.78168,มีนบุรี,มีนบุรี,ตอนนี้ระดับดับน้ำยังท่วมถึงเข่าอยู่ครับ ประสบปัญหาในการใช้ชีวิตมากครับ รบกวนช่วยตรวจสอบแล้วลงพื้นที่มาดูได้ไหมครับ ความสูงระดับหัวเข่า น้ำท่วมมาแล้วมากกว่า 1 สัปดาห์,https://storage.googleapis.com/traffy_public_bucket/attachment/2026-10/2a05904c3ba64eaa3cd2c3f7a7c5efc0.jpeg
2026-TL9EYN,inprogress,2026-10-07 13:34,2026-10-09 08:12,100.7432,13.78168,มีนบุรี,มีนบุรี,ตอนนี้ระดับดับน้ำยังท่วมถึงเข่าอยู่ครับ ประสบปัญหาในการใช้ชีวิตมากครับ รบกวนช่วยตรวจสอบแล้วลงพื้นที่มาดูได้ไหมครับ ความสูงระดับหัวเข่า น้ำท่วมมาแล้วมากกว่า 1 สัปดาห์,https://storage.googleapis.com/traffy_public_bucket/attachment/2026-10/2a05904c3ba64eaa3cd2c3f7a7c5efc0.jpeg
2026-Z2GVXT,start,2026-10-07 13:37,2026-10-07 13:37,100.73121,13.75816,ลาดกระบัง,คลองสองต้นนุ่น,แจ้งซ่อมรถยนต์จมน้ำ2คัน (ส่วนตัว)และของบุคคลอื่น ที่การเคหะร่มเกล้าอีก เป็น 100คันค่ะ ความสูงระดับน้ำแห้งแล้วแต่รถ ประชาชน จมน้ำกันเยอะค่ะ น้ำท่วมมาแล้วท่วมเกิน 7วัน แต่ตอนนี้น้ำแห้งแล้วค่ะ,https://storage.googleapis.com/traffy_public_bucket/attachment/2026-10/3e4c680d28a5e2aa995e1fcaa7210877.jpeg
2026-LEEM9C,start,2026-10-07 13:44,2026-10-07 13:46,100.82509,13.80092,หนองจอก,ลำผักชี,ถนนสุวินทวงศ์ซอย 52 แขวงลำผักชี เขตหนองจอก กรุงเทพ หรือซอยกรมที่ดินหนองจอก มีพี่น้องประชาชนรับผลกระทบจากภัยน้ำท่วมอยู่ในขณะนี้ ไม่สามารถออกมาใช้ชีวิตตามปกติได้ มีการประสานเข้าไปอ้างว่าของกรุงเทพมหานคร แต่ทุกวันนี้ยังไม่มีการช่วยเหลือแต่ประการใด 🙏 จึงเรีย,https://storage.googleapis.com/traffy_public_bucket/attachment/2026-10/4c5c8a8ed04ab5a7af30b005e38bbbeb.jpeg
2026-LEEM9C,inprogress,2026-10-07 13:44,2026-10-07 16:47,100.82509,13.80092,หนองจอก,ลำผักชี,ถนนสุวินทวงศ์ซอย 52 แขวงลำผักชี เขตหนองจอก กรุงเทพ หรือซอยกรมที่ดินหนองจอก มีพี่น้องประชาชนรับผลกระทบจากภัยน้ำท่วมอยู่ในขณะนี้ ไม่สามารถออกมาใช้ชีวิตตามปกติได้ มีการประสานเข้าไปอ้างว่าของกรุงเทพมหานคร แต่ทุกวันนี้ยังไม่มีการช่วยเหลือแต่ประการใด 🙏 จึงเรีย,https://storage.googleapis.com/traffy_public_bucket/attachment/2026-10/4c5c8a8ed04ab5a7af30b005e38bbbeb.jpeg
2026-T4TDNX,start,2026-10-07 13:56,2026-10-07 13:56,100.76436,13.71947,ลาดกระบัง,ลาดกระบัง,น้ำท่วมขังยังไม่ลงมา 13 วันแล้วครับ ระดับน้ำรถเล็กยังผ่านไม่ได้ครับ ความสูงระดับประมาณเข่าครับ ท้ายซอยยิ่งลึกครับ น้ำท่วมมาแล้ว13 วัน,https://storage.googleapis.com/traffy_public_bucket/attachment/2026-10/b28c9aa0f1766d3b54a3ad44357efad1.jpeg
2026-8PYEJ3,start,2026-10-07 13:58,2026-10-07 13:58,100.71823,13.73247,ลาดกระบัง,คลองสองต้นนุ่น,ตำแหน่งที่ตั้งยังคงน้ำท่วมขัง รถเล็กไม่สามารถ ผ่านได้ ระดับน้ำสูงประมาณ 50 เซนติเมตร ความสูงระดับหน้าแข้ง น้ำท่วมมาแล้วตั้งแต่วันที่26 กันยายนครับ,https://storage.googleapis.com/traffy_public_bucket/attachment/2026-10/91543b791db810493088fc27aeb28118.jpeg
2026-C8MUE7,start,2026-10-07 14:10,2026-10-07 14:10,100.68617,13.74148,สะพานสูง,สะพานสูง,น้ำรอระบายเริ่มส่งกลิ่นเน่าและมีฟอง ความสูงระดับข้อเท้า น้ำท่วมมาแล้วมากกว่า 1 สัปดาห์,https://storage.googleapis.com/traffy_public_bucket/attachment/2026-10/ef52951c94d0b5bc83b21ae479c3fb46.jpeg
2026-C8MUE7,inprogress,2026-10-07 14:10,2026-10-07 14:30,100.68617,13.74148,สะพานสูง,สะพานสูง,น้ำรอระบายเริ่มส่งกลิ่นเน่าและมีฟอง ความสูงระดับข้อเท้า น้ำท่วมมาแล้วมากกว่า 1 สัปดาห์,https://storage.googleapis.com/traffy_public_bucket/attachment/2026-10/ef52951c94d0b5bc83b21ae479c3fb46.jpeg
2026-GMMDN2,start,2026-10-07 14:15,2026-10-07 14:15,100.79162,13.71981,ลาดกระบัง,ทับยาว,น้ำท่วมหน้า สน.จรเข้น้อย ไม่มีลดเลยค่ะ ถนนก็พัง เป็นหลุมเยอะมาก ความสูงระดับหัวเข่า น้ำท่วมมาแล้วมากกว่า 1 สัปดาห์,https://storage.googleapis.com/traffy_public_bucket/attachment/2026-10/a06d89d595a854ca58d7d34736da9b68.jpeg
2026-UK762A,start,2026-10-07 14:15,2026-10-07 14:15,100.70199,13.77685,สะพานสูง,สะพานสูง,น้ำท่วมขังมาเป็นเวลา 2 อาทิตย์แล้ว น้ำไม่ลดระดับ ประชาชนเดือดร้อน ป่วยน้ำกัดเท้า เดินทางสัญจรไม่ได้ ความสูงระดับหัวเข่า น้ำท่วมมาแล้วมากกว่า 1 สัปดาห์,https://storage.googleapis.com/traffy_public_bucket/attachment/2026-10/6359a0eb5fcdc499987741126256b346.jpeg
2026-UK762A,inprogress,2026-10-07 14:15,2026-10-07 14:31,100.70199,13.77685,สะพานสูง,สะพานสูง,น้ำท่วมขังมาเป็นเวลา 2 อาทิตย์แล้ว น้ำไม่ลดระดับ ประชาชนเดือดร้อน ป่วยน้ำกัดเท้า เดินทางสัญจรไม่ได้ ความสูงระดับหัวเข่า น้ำท่วมมาแล้วมากกว่า 1 สัปดาห์,https://storage.googleapis.com/traffy_public_bucket/attachment/2026-10/6359a0eb5fcdc499987741126256b346.jpeg
2026-W7LY3M,start,2026-10-07 14:16,2026-10-07 14:16,100.73275,13.80964,มีนบุรี,มีนบุรี,น้ำท่วม รามคำแหง 192 ความสูงระดับเอว น้ำท่วมมาแล้วมากกว่า 1 สัปดาห์,https://storage.googleapis.com/traffy_public_bucket/attachment/2026-10/thumb_f7bff796480fbcbf1aa338e648466b3c.jpg
2026-W7LY3M,inprogress,2026-10-07 14:16,2026-10-09 08:12,100.73275,13.80964,มีนบุรี,มีนบุรี,น้ำท่วม รามคำแหง 192 ความสูงระดับเอว น้ำท่วมมาแล้วมากกว่า 1 สัปดาห์,https://storage.googleapis.com/traffy_public_bucket/attachment/2026-10/thumb_f7bff796480fbcbf1aa338e648466b3c.jpg
2026-KHAGBE,start,2026-10-07 14:25,2026-10-07 14:25,100.7824,13.72117,ลาดกระบัง,ลาดกระบัง,น้ำท่วมไม่ลวึ่ะ ความสูงระดับหัวเข่า น้ำท่วมมาแล้วมากกว่า 1 สัปดาห์,https://storage.googleapis.com/traffy_public_bucket/attachment/2026-10/8efd9f9df47e94e499e895bfa7c799f6.jpg
2026-C6KEJP,start,2026-10-07 14:27,2026-10-07 14:27,100.756,13.75494,ลาดกระบัง,คลองสามประเวศ,ถ.เจ้าคุณทหาร ฝั่งใต้น้ำท่วนสูงรถเล็กผ่านไม่ได้ แต่ถนนฝั่งเหนือผ่านได้ อยากจะให้รถไปวิ่งฝั่งเหนือ โดยวิ่งสวนกันได้ไหมครับ ความสูงระดับ40-50 cm. น้ำท่วมมาแล้วมากกว่า 1 สัปดาห์,https://storage.googleapis.com/traffy_public_bucket/attachment/2026-10/0e6400fdd9b097b8f4047ad21aa2290b.jpeg
2026-C6KEJP,forward,2026-10-07 14:27,2026-10-07 15:34,100.756,13.75494,ลาดกระบัง,คลองสามประเวศ,ถ.เจ้าคุณทหาร ฝั่งใต้น้ำท่วนสูงรถเล็กผ่านไม่ได้ แต่ถนนฝั่งเหนือผ่านได้ อยากจะให้รถไปวิ่งฝั่งเหนือ โดยวิ่งสวนกันได้ไหมครับ ความสูงระดับ40-50 cm. น้ำท่วมมาแล้วมากกว่า 1 สัปดาห์,https://storage.googleapis.com/traffy_public_bucket/attachment/2026-10/0e6400fdd9b097b8f4047ad21aa2290b.jpeg
2026-ZTBDPR,start,2026-10-07 14:27,2026-10-07 14:38,100.77027,13.83287,มีนบุรี,แสนแสบ,ผมอยู่ริมคลองแสนแสบน้ำท่วมตั้งแต่วันที่ 26 ก.ย. 69 ถึงวันนี้น้ำนังไม่ลดเลยครับ ที่อยู่ *** ซอยราษฎร์อุทิศ 21/3 ถนนราษฎร์อุทิศ แขวงแสนแสบ เขตมีนบุรี ความสูงระดับหน้าแข้ง น้ำท่วมมาแล้วมากกว่า 1 สัปดาห์,https://storage.googleapis.com/traffy_public_bucket/attachment/2026-10/cc5880bd74da81224d0372400bdc9893.jpeg
2026-ZTBDPR,inprogress,2026-10-07 14:27,2026-10-09 08:12,100.77027,13.83287,มีนบุรี,แสนแสบ,ผมอยู่ริมคลองแสนแสบน้ำท่วมตั้งแต่วันที่ 26 ก.ย. 69 ถึงวันนี้น้ำนังไม่ลดเลยครับ ที่อยู่ *** ซอยราษฎร์อุทิศ 21/3 ถนนราษฎร์อุทิศ แขวงแสนแสบ เขตมีนบุรี ความสูงระดับหน้าแข้ง น้ำท่วมมาแล้วมากกว่า 1 สัปดาห์,https://storage.googleapis.com/traffy_public_bucket/attachment/2026-10/cc5880bd74da81224d0372400bdc9893.jpeg
2026-CKN6MK,start,2026-10-07 14:29,2026-10-07 14:29,100.7824,13.72118,ลาดกระบัง,ลาดกระบัง,น้ำท่วมไม่ลด ความสูงระดับนานค่ะ น้ำท่วมมาแล้วจะเดือนแล้ว,https://storage.googleapis.com/traffy_public_bucket/attachment/2026-10/2a203af7be69bcb88ecc58cacad740b2.jpeg
2026-2MXN2H,start,2026-10-07 14:31,2026-10-07 14:38,100.77031,13.83287,มีนบุรี,แสนแสบ,น้ำท่วมขังแบบไม่ลด ตั้งแต่วันที่ 26 ก.ย. ที่ผ่านมา ความสูงระดับหน้าแข้ง น้ำท่วมมาแล้วมากกว่า 1 สัปดาห์,https://storage.googleapis.com/traffy_public_bucket/attachment/2026-10/9717bca84485e27e2640fb3e4de0a26a.jpeg
2026-2MXN2H,inprogress,2026-10-07 14:31,2026-10-09 08:12,100.77031,13.83287,มีนบุรี,แสนแสบ,น้ำท่วมขังแบบไม่ลด ตั้งแต่วันที่ 26 ก.ย. ที่ผ่านมา ความสูงระดับหน้าแข้ง น้ำท่วมมาแล้วมากกว่า 1 สัปดาห์,https://storage.googleapis.com/traffy_public_bucket/attachment/2026-10/9717bca84485e27e2640fb3e4de0a26a.jpeg
2026-ACKB39,start,2026-10-07 14:32,2026-10-07 14:32,100.71821,13.77511,ลาดกระบัง,คลองสองต้นนุ่น,น้ำท่วม ขอเครื่องสูบน้ำ ความสูงระดับหน้าแข้ง น้ำท่วมมาแล้วมากกว่า 1 สัปดาห์,https://storage.googleapis.com/traffy_public_bucket/attachment/2026-10/69f33e65c7ea9eacba8ac35231baa59a.jpeg
2026-YHJTCP,inprogress,2026-10-07 14:32,2026-10-07 14:50,100.70556,13.77204,สะพานสูง,สะพานสูง,น้ำท่วมในซอยราษฎร์พัฒนา 14 มา 12 วันแล้ว ยังไม่มีหน่วยงานไหนมาช่วยเหลือในการสูบน้ำออก มีเครื่องสูบน้ำที่เขตสะพานสูงเอามาให้เป็นเครื่องเล็กแต่มันเสียบ่อย อยากขอความกรุณามาช่วยเหลือพื้นที่ดังกล่าวด้วยค่ะ คนในซอยและในหมู่บ้านเดือดร้อนมากออกไปไหนไม่ได้เลยค่ะ ,https://storage.googleapis.com/traffy_public_bucket/attachment/2026-10/0259438b4b8ba02ddddf1d08c0dee186.jpeg
2026-BZ6AJM,start,2026-10-07 14:33,2026-10-07 14:33,100.53961,13.78489,พญาไท,สามเสนใน,รามคำแหง174 บัวขาวฝั่งใน ท่วมตั้งแต่ 25กันยายน2569 น้ำยังไม่แห้งก็ท่วมอีกแล้ว หน้าหมู่บ้านเพอเฟอร์2 และ3 ท่วมประมานครึ่งน่องถึงหัวเข่า น้ำแทบไม่ระบายออกเลย บัวขาวฝั่งในท่วมหนัก น้ำท่วมมา 12วันเต็ม น้ำเน่าเสียขังในบ้านเนื่องจากบ้านชั้นเดียวเยอะ ผู้สูงอายุเ,https://storage.googleapis.com/traffy_public_bucket/attachment/2026-10/4644946070996d1df37cba01cf585ee4.jpeg
2026-BZ6AJM,forward,2026-10-07 14:33,2026-10-07 15:22,100.53961,13.78489,พญาไท,สามเสนใน,รามคำแหง174 บัวขาวฝั่งใน ท่วมตั้งแต่ 25กันยายน2569 น้ำยังไม่แห้งก็ท่วมอีกแล้ว หน้าหมู่บ้านเพอเฟอร์2 และ3 ท่วมประมานครึ่งน่องถึงหัวเข่า น้ำแทบไม่ระบายออกเลย บัวขาวฝั่งในท่วมหนัก น้ำท่วมมา 12วันเต็ม น้ำเน่าเสียขังในบ้านเนื่องจากบ้านชั้นเดียวเยอะ ผู้สูงอายุเ,https://storage.googleapis.com/traffy_public_bucket/attachment/2026-10/4644946070996d1df37cba01cf585ee4.jpeg
2026-NHVCPW,start,2026-10-07 14:36,2026-10-07 14:57,100.6957,13.84512,คลองสามวา,บางชัน,ซอยพระยาสุเรนทร์ 29 หลังโรงเรียนประชาราษฎร์อุปถัมตั้งแต่วันที่ 26/9 จนถึงวันนี้ไม่มีเจ้าหน้าจากเขตเข้ามาดูหรือให้ความช่วยเหลือเลย ชาวบ้านต้องช่วยเหลือตัวเอง น้ำจากสูงจากระดับเอว จนลดถึงข้อเท้า (พอฝนตกน้ำขึ้นมาถึงหน้าแข้ง) น้ำส่งกลิ่นเหม็น ฟองขึ้น ต้องยกขอ,https://storage.googleapis.com/traffy_public_bucket/attachment/2026-10/0da848a1bfb3393ca994ef0e1434d91e.jpeg
2026-NHVCPW,forward,2026-10-07 14:36,2026-10-07 16:24,100.6957,13.84512,คลองสามวา,บางชัน,ซอยพระยาสุเรนทร์ 29 หลังโรงเรียนประชาราษฎร์อุปถัมตั้งแต่วันที่ 26/9 จนถึงวันนี้ไม่มีเจ้าหน้าจากเขตเข้ามาดูหรือให้ความช่วยเหลือเลย ชาวบ้านต้องช่วยเหลือตัวเอง น้ำจากสูงจากระดับเอว จนลดถึงข้อเท้า (พอฝนตกน้ำขึ้นมาถึงหน้าแข้ง) น้ำส่งกลิ่นเหม็น ฟองขึ้น ต้องยกขอ,https://storage.googleapis.com/traffy_public_bucket/attachment/2026-10/0da848a1bfb3393ca994ef0e1434d91e.jpeg
2026-8T73JP,start,2026-10-07 14:39,2026-10-07 14:44,100.73338,13.80752,มีนบุรี,มีนบุรี,น้ำท่วมซอยรามคำแหง192 มา10กว่าวันแล้วครับ รถเล็กไม่สามารถเข้าออกได้เลย ความสูงระดับประมาณ 50 เซนติเมตร จุดที่ลึกที่สุด น้ำท่วมมาแล้ว13 วัน,https://storage.googleapis.com/traffy_public_bucket/attachment/2026-10/44fd2b3c0e7f9895303218ea4e7e0b3a.jpeg
2026-8T73JP,inprogress,2026-10-07 14:39,2026-10-09 08:10,100.73338,13.80752,มีนบุรี,มีนบุรี,น้ำท่วมซอยรามคำแหง192 มา10กว่าวันแล้วครับ รถเล็กไม่สามารถเข้าออกได้เลย ความสูงระดับประมาณ 50 เซนติเมตร จุดที่ลึกที่สุด น้ำท่วมมาแล้ว13 วัน,https://storage.googleapis.com/traffy_public_bucket/attachment/2026-10/44fd2b3c0e7f9895303218ea4e7e0b3a.jpeg
2026-KFFMRD,inprogress,2026-10-07 14:39,2026-10-07 14:51,100.6844,13.76811,สะพานสูง,สะพานสูง,บ้านของเราเลขที่ 14 ซอยรามคำแหง 118 แยก 42-4 ปัจจุบันระดับน้ำลดลงน้อยมาก รถเล็กยังออกจากบ้านไม่ได้ ขยะก็ไม่เข้ามาเก็บ ส่งกลิ่นเหม็นเน่า เด็กๆก็ไปโรงเรียนไม่ได้ ซึ่งทางโรงเรียนแจ้งเปิดเรียนแล้วในวันจันทร์ที่ 5 ตุลาคม 2026 ณ ปัจตับัน ยังไม่มีเจ้าหน้าที่เจ้,https://storage.googleapis.com/traffy_public_bucket/attachment/2026-10/967f7792e44ec9c25a50b67970032eca.jpeg
2026-RPY3DR,start,2026-10-07 14:45,2026-10-07 14:45,100.57438,13.89649,หลักสี่,ทุ่งสองห้อง,น้ำท่วมล้อมรอบบ้าน ความสูงระดับข้อเท้า ไม่เกิน1อาทิตย์,https://storage.googleapis.com/traffy_public_bucket/attachment/2026-10/29105e21a78c8d06603edd4bf203aaea.jpeg
2026-RPY3DR,finish,2026-10-07 14:45,2026-10-08 11:29,100.57438,13.89649,หลักสี่,ทุ่งสองห้อง,น้ำท่วมล้อมรอบบ้าน ความสูงระดับข้อเท้า ไม่เกิน1อาทิตย์,https://storage.googleapis.com/traffy_public_bucket/attachment/2026-10/29105e21a78c8d06603edd4bf203aaea.jpeg
2026-GHE4D7,start,2026-10-07 14:51,2026-10-07 14:58,100.72453,13.7915,มีนบุรี,มีนบุรี,น้ำขังในท้ายซอยหมู่บ้านเบญจรงค์ (รามคำแหง 178) มา 10 วันแล้ว น้ำเน่า และ ไม่มีทางระบายออกได้ / รบกวนเอารถสูบน้ำมาสูบออก ไม่สูงมากค่ะ ประมาณตาตุ่ม แต่มันไม่มีทางระบายเลย ขังนิ่งอยู่แบบนั้นมา 10 วันแล้ว,https://storage.googleapis.com/traffy_public_bucket/attachment/2026-10/4a188cf7d5d705ca3351434ddaa0d3d5.jpeg
2026-GHE4D7,inprogress,2026-10-07 14:51,2026-10-09 08:09,100.72453,13.7915,มีนบุรี,มีนบุรี,น้ำขังในท้ายซอยหมู่บ้านเบญจรงค์ (รามคำแหง 178) มา 10 วันแล้ว น้ำเน่า และ ไม่มีทางระบายออกได้ / รบกวนเอารถสูบน้ำมาสูบออก ไม่สูงมากค่ะ ประมาณตาตุ่ม แต่มันไม่มีทางระบายเลย ขังนิ่งอยู่แบบนั้นมา 10 วันแล้ว,https://storage.googleapis.com/traffy_public_bucket/attachment/2026-10/4a188cf7d5d705ca3351434ddaa0d3d5.jpeg
2026-7ZBUN3,start,2026-10-07 14:57,2026-10-07 14:57,100.73348,13.80754,มีนบุรี,มีนบุรี,ช่วยเร่งสูบน้ำออกค่ะ ซอยนี้ท่วมมา 14 วันแล้วค่ะ ระดับน้ำยังสี่ห้าสิบเซนอยู่เลย รถเข้าออกไม่ได้ ใช้ชีวิตลำบากค่ะ ความสูงระดับตอนนี้อยู่ที่ 40-50 เซนค่ะ น้ำท่วมมาแล้ว14 วันค่ะ,https://storage.googleapis.com/traffy_public_bucket/attachment/2026-10/thumb_ce8672af464a1519e408386b897b1c77.jpg
2026-7ZBUN3,inprogress,2026-10-07 14:57,2026-10-09 08:09,100.73348,13.80754,มีนบุรี,มีนบุรี,ช่วยเร่งสูบน้ำออกค่ะ ซอยนี้ท่วมมา 14 วันแล้วค่ะ ระดับน้ำยังสี่ห้าสิบเซนอยู่เลย รถเข้าออกไม่ได้ ใช้ชีวิตลำบากค่ะ ความสูงระดับตอนนี้อยู่ที่ 40-50 เซนค่ะ น้ำท่วมมาแล้ว14 วันค่ะ,https://storage.googleapis.com/traffy_public_bucket/attachment/2026-10/thumb_ce8672af464a1519e408386b897b1c77.jpg
2026-U69D3N,start,2026-10-07 14:59,2026-10-07 14:59,100.72085,13.79651,มีนบุรี,มีนบุรี,แจ้งความเดือดร้อน: น้ำท่วมขังขังนานในพื้นที่ซอยรามคำแหง 174 เนื่องด้วยขณะนี้ในพื้นที่ ซอยรามคำแหง 174 (หมู่บ้านบัวขาวและชุมชนใกล้เคียง) เขตมีนบุรี ประสบปัญหาน้ำท่วมขังสูงอย่างต่อเนื่อง และการระบายน้ำเป็นไปอย่างล่าช้า ส่งผลให้ประชาชนในพื้นที่ได้รับความเดื,https://storage.googleapis.com/traffy_public_bucket/attachment/2026-10/4932cc4a7edd3963d4dfb8bab7641300.jpeg
2026-ERDNWX,start,2026-10-07 15:06,2026-10-07 15:06,100.41706,13.69793,บางแค,บางแค,น้ำท่วมเข้าบริเวณบ้าน จากที่รกร้างข้างบ้าน น้ำซึมเข้ามาตลอดเวลา ความสูงระดับข้อเท้า น้ำท่วมมาแล้วมากกว่า 1 สัปดาห์,https://storage.googleapis.com/traffy_public_bucket/attachment/2026-10/369f513da79280fc59843922200316ff.jpeg
2026-ERDNWX,inprogress,2026-10-07 15:06,2026-10-07 15:46,100.41706,13.69793,บางแค,บางแค,น้ำท่วมเข้าบริเวณบ้าน จากที่รกร้างข้างบ้าน น้ำซึมเข้ามาตลอดเวลา ความสูงระดับข้อเท้า น้ำท่วมมาแล้วมากกว่า 1 สัปดาห์,https://storage.googleapis.com/traffy_public_bucket/attachment/2026-10/369f513da79280fc59843922200316ff.jpeg
2026-ECXAJF,start,2026-10-07 15:16,2026-10-07 15:16,100.63811,13.88581,บางเขน,ท่าแร้ง,ขอหนังสือรับรองบ้านน้ำท่วม #ขอกระสอบทราย/อื่นๆ,https://storage.googleapis.com/traffy_public_bucket/attachment/2026-10/966501ee52b2e8e1da3e0dea0e7e0e94.jpeg
2026-ECXAJF,finish,2026-10-07 15:16,2026-10-07 15:27,100.63811,13.88581,บางเขน,ท่าแร้ง,ขอหนังสือรับรองบ้านน้ำท่วม #ขอกระสอบทราย/อื่นๆ,https://storage.googleapis.com/traffy_public_bucket/attachment/2026-10/966501ee52b2e8e1da3e0dea0e7e0e94.jpeg
2026-MAK93B,start,2026-10-07 15:17,2026-10-07 15:17,100.76133,13.74184,ลาดกระบัง,คลองสามประเวศ,อยากให้มีหน่วยงานในพื้นที่ เขตลาดกระบัง ช่วยเร่งระบายน้ำให้ค่ะ น้ำท่วม 25 กันยายน 2569จนถึง วันที่7 ตุลาคม 2569 รวม 13 วันแล้วน้ำไม่มีลดลงเลยค่ะ กรุณาหน่วยงานช่วยเข้ามาดูแลหน่อยค่ะ มีภาพประกอบค่ะ 40 เซนติเมตร 25 กันยายน 2569- 7 ตุลาคม 2569 รวม13 วัน,https://storage.googleapis.com/traffy_public_bucket/attachment/2026-10/be117e7cf0476fb07ba3d4772a7b757e.jpeg
2026-YV73ZN,start,2026-10-07 15:17,2026-10-07 15:17,100.65929,13.80676,บึงกุ่ม,คลองกุ่ม,น้ำท่วมขับรถลุยน้ำแล้วรถพัง ความสูงระดับยังไม่แก้ไขทำไมเสร็จสิ้นแล้วคะ น้ำท่วมมาแล้วท่วมั้งแต่ 25/9-30/9 ค่ะ,https://storage.googleapis.com/traffy_public_bucket/attachment/2026-10/39ea30bf6dd535d10f9ce725c268eecd.jpeg
2026-YV73ZN,finish,2026-10-07 15:17,2026-10-07 15:53,100.65929,13.80676,บึงกุ่ม,คลองกุ่ม,น้ำท่วมขับรถลุยน้ำแล้วรถพัง ความสูงระดับยังไม่แก้ไขทำไมเสร็จสิ้นแล้วคะ น้ำท่วมมาแล้วท่วมั้งแต่ 25/9-30/9 ค่ะ,https://storage.googleapis.com/traffy_public_bucket/attachment/2026-10/39ea30bf6dd535d10f9ce725c268eecd.jpeg
2026-CP8XJ7,finish,2026-10-07 15:23,2026-10-07 15:30,100.72842,13.90615,คลองสามวา,สามวาตะวันตก,ขอรายละเอียดในการยื่นคำร้องบ้านเสียน้ำท่วมขาดูเอกสารโฉนดที่ดินต้องทำอย่างไรเนื่องจากเป็นที่เช่า #ขอกระสอบทราย/อื่นๆ,https://storage.googleapis.com/traffy_public_bucket/attachment/2026-10/2e0835b8ee6d644805fe9be3bdc879a3.jpeg
2026-689RAK,start,2026-10-07 15:30,2026-10-07 15:30,100.75398,13.74584,ลาดกระบัง,คลองสามประเวศ,สวัสดีครับ ผมอยู่ซอยร่มเกล้า 21 / 10 ตอนนี้น้ำไม่ลดเลยแต่มีฝนตกเพิ่มขึ้น น้ำในคลองสามประเวศเพิ่มขึ้นนะครับ ฝันว่าวันที่ 10 ถึง 11 ตุลาคมนี้ฝนจะเพิ่มขึ้นแล้วน้ำจะท่วมอีก อยากจะให้หน่วยงานของกรุงเทพเนี่ยช่วยแก้ไขเรื่องนี้ก่อนที่ฝนจะตกเพิ่มอีกในวันที่ 10 แป,https://storage.googleapis.com/traffy_public_bucket/attachment/2026-10/8465079cb2b4211eac1a98b6864b272b.jpeg
2026-DUTF99,forward,2026-10-07 15:35,2026-10-07 16:19,100.6985,13.83123,คลองสามวา,บางชัน,ซอยพระยาสุเรนทร์19 ตอนนี้น้ำท่วมขังนานเป็น10วันแล้ว ตอนนี้เข้าทำงานไม่ได้ช่วยเร่งระบายน้ำหน่อยค่ะ ความสูงระดับทั้งซอยครึ่งคันรถกระบะคะ น้ำท่วมมาแล้วรถเล็กขับไม่ได้,https://storage.googleapis.com/traffy_public_bucket/attachment/2026-10/56049fa5b7f3e493b4139f227fea0cae.jpeg
2026-ECC7WN,inprogress,2026-10-07 15:35,2026-10-07 16:08,100.67809,13.83124,คันนายาว,คันนายาว,เข้าสู่วันที่ 13 ของการถูกน้ำท่วมขังแล้ว วันนี้มีเจ้าหน้าที่เขตมาดู ขอขอบพระคุณมากครับ รบกวนช่วยเร่งรัดการดำเนินงานเกี่ยวกับการติดตั้งเครื่องจักรเพื่แพร่องระบายน้ำจากคลองลำเกร็ดให้ไปลงคลองหลักให้ได้เร็วที่สุด เพื่อที่น้ำในซอยจะได้ลดลงและไม่ท่วมขังจนเน่าเห,https://storage.googleapis.com/traffy_public_bucket/attachment/2026-10/4457270b78afce2f73284c0ef156ff5a.jpeg
2026-K8K36D,start,2026-10-07 15:38,2026-10-07 16:17,100.72304,13.7908,มีนบุรี,มีนบุรี,🏡✨ ทำเลดี ๆ รามคำแหง 174 ด้านหน้าซอยติดรถไฟฟ้า 🚆 หน้าบ้านติดคลอง 🌊 วิวริมน้ำแบบ Private น้ำถึงหน้าบ้าน แบบไม่ต้องเดินทางไปเที่ยวไหน ตอนแรกคิดว่า “บ้านติดคลอง” ตอนนี้เริ่มคิดว่า อีกหน่อยคงเป็นตลาดน้ำ 🛶😂 📍รามคำแหง 174 “ทำเลแห่งอนาคต…อนาคตน้ำจะลดเมื่อไหร่,https://storage.googleapis.com/traffy_public_bucket/attachment/2026-10/8b7c44f2b88e7fef482d8cb3741c578e.jpeg
2026-K8K36D,inprogress,2026-10-07 15:38,2026-10-09 08:08,100.72304,13.7908,มีนบุรี,มีนบุรี,🏡✨ ทำเลดี ๆ รามคำแหง 174 ด้านหน้าซอยติดรถไฟฟ้า 🚆 หน้าบ้านติดคลอง 🌊 วิวริมน้ำแบบ Private น้ำถึงหน้าบ้าน แบบไม่ต้องเดินทางไปเที่ยวไหน ตอนแรกคิดว่า “บ้านติดคลอง” ตอนนี้เริ่มคิดว่า อีกหน่อยคงเป็นตลาดน้ำ 🛶😂 📍รามคำแหง 174 “ทำเลแห่งอนาคต…อนาคตน้ำจะลดเมื่อไหร่,https://storage.googleapis.com/traffy_public_bucket/attachment/2026-10/8b7c44f2b88e7fef482d8cb3741c578e.jpeg
2026-4YVHHP,start,2026-10-07 15:42,2026-10-07 15:42,100.71727,13.78791,มีนบุรี,มีนบุรี,เรื่อง: ขอให้ตรวจสอบการทำงานและพิจารณาความเหมาะสมในการดำรงตำแหน่งของผู้อำนวยการเขตมีนบุรี และประธานชุมชน กรณีปัญหาน้ำท่วมขังเรื้อรัง เรียน: ผู้ว่าราชการกรุงเทพมหานคร / สำนักงานเขตมีนบุรี เนื่องด้วยประชาชนในพื้นที่ซอยรามคำแหง 174 เขตมีนบุรี กำลังได้รับคว,https://storage.googleapis.com/traffy_public_bucket/attachment/2026-10/f877f5f7d435ff162870474dd07c2cd8.jpeg
2026-4YVHHP,inprogress,2026-10-07 15:42,2026-10-09 08:08,100.71727,13.78791,มีนบุรี,มีนบุรี,เรื่อง: ขอให้ตรวจสอบการทำงานและพิจารณาความเหมาะสมในการดำรงตำแหน่งของผู้อำนวยการเขตมีนบุรี และประธานชุมชน กรณีปัญหาน้ำท่วมขังเรื้อรัง เรียน: ผู้ว่าราชการกรุงเทพมหานคร / สำนักงานเขตมีนบุรี เนื่องด้วยประชาชนในพื้นที่ซอยรามคำแหง 174 เขตมีนบุรี กำลังได้รับคว,https://storage.googleapis.com/traffy_public_bucket/attachment/2026-10/f877f5f7d435ff162870474dd07c2cd8.jpeg
2026-R22XGR,start,2026-10-07 15:42,2026-10-07 15:42,100.91179,13.84663,หนองจอก,กระทุ่มราย,น้ำยังไม่ลดเลยค่ะ เหมือนระดับน้ำจะเพิ่มขึ้น ความสูงระดับเอว น้ำท่วมมาแล้วมากกว่า 1 สัปดาห์,https://storage.googleapis.com/traffy_public_bucket/attachment/2026-10/694a47b2e6f910c5f914a448312fad50.jpeg
2026-R22XGR,inprogress,2026-10-07 15:42,2026-10-07 16:41,100.91179,13.84663,หนองจอก,กระทุ่มราย,น้ำยังไม่ลดเลยค่ะ เหมือนระดับน้ำจะเพิ่มขึ้น ความสูงระดับเอว น้ำท่วมมาแล้วมากกว่า 1 สัปดาห์,https://storage.googleapis.com/traffy_public_bucket/attachment/2026-10/694a47b2e6f910c5f914a448312fad50.jpeg
2026-UARJB6,start,2026-10-07 15:43,2026-10-07 15:43,100.90477,13.8306,หนองจอก,กระทุ่มราย,น้ำท่วมขังในซอยมานานร่วม 2 สัปดาห์ ช่วยแจ้ง สก. สข. หรือ ผอ.เขต เข้าดูแลช่วยเหลือบ้าง สูบน้ำออกหน่อยครับ ความสูงระดับหน้าบ้านผมประมาณ 30 เซนติเมตรครับ น้ำท่วมมาแล้วมากกว่า 1 สัปดาห์,https://storage.googleapis.com/traffy_public_bucket/attachment/2026-10/9ae3158e9c201278cb8daea621b10ebf.jpeg
2026-UARJB6,inprogress,2026-10-07 15:43,2026-10-07 16:42,100.90477,13.8306,หนองจอก,กระทุ่มราย,น้ำท่วมขังในซอยมานานร่วม 2 สัปดาห์ ช่วยแจ้ง สก. สข. หรือ ผอ.เขต เข้าดูแลช่วยเหลือบ้าง สูบน้ำออกหน่อยครับ ความสูงระดับหน้าบ้านผมประมาณ 30 เซนติเมตรครับ น้ำท่วมมาแล้วมากกว่า 1 สัปดาห์,https://storage.googleapis.com/traffy_public_bucket/attachment/2026-10/9ae3158e9c201278cb8daea621b10ebf.jpeg
2026-2VFNYC,start,2026-10-07 15:44,2026-10-07 15:44,100.74683,13.73571,ลาดกระบัง,คลองสามประเวศ,ต้องการเครื่องสูบน้ำเพื่อระบายน้ำในซอยดังกล่าว น้ำท่วมสะสมมาหลายวันน้ำเริ่มเป็นสีดำและมีกลิ่น ความสูงระดับช่วงปากซอยลึกประมาณครึ่งหน้าแข้งครับ ส่วนเข้ามาในซอยประมาณข้อเท้า น้ำท่วมมาแล้วตั้งแต่วันที่ 26 กันยายนครับ,https://storage.googleapis.com/traffy_public_bucket/attachment/2026-10/f595aac8515aafdf4cf44cb8b9dfe6b3.jpeg
2026-B8REN8,start,2026-10-07 15:44,2026-10-07 15:44,100.71799,13.78722,มีนบุรี,มีนบุรี,ท่วมจนกลายเป็นตลาดน้ำ! ขอเรียกร้อง BMA ปลด ผอ.เขตมีนบุรี และประธานชุมชน ถ้ารับมือปัญหาน้ำท่วมไม่ได้ ชาวบ้านซอยรามคำแหง 174 เขตมีนบุรี เดือดร้อนหนักมาก น้ำท่วมขังเรื้อรังไม่ยอมลง จนชาวบ้านต้องทำภาพประชดว่าเป็น `ทำเลดี วิวคลอง รถไฟฟ้าเข้าถึง` ปัญหาเดิมๆ,https://storage.googleapis.com/traffy_public_bucket/attachment/2026-10/2fd386821629bd26337123118dc3d578.jpeg
2026-B8REN8,inprogress,2026-10-07 15:44,2026-10-09 08:08,100.71799,13.78722,มีนบุรี,มีนบุรี,ท่วมจนกลายเป็นตลาดน้ำ! ขอเรียกร้อง BMA ปลด ผอ.เขตมีนบุรี และประธานชุมชน ถ้ารับมือปัญหาน้ำท่วมไม่ได้ ชาวบ้านซอยรามคำแหง 174 เขตมีนบุรี เดือดร้อนหนักมาก น้ำท่วมขังเรื้อรังไม่ยอมลง จนชาวบ้านต้องทำภาพประชดว่าเป็น `ทำเลดี วิวคลอง รถไฟฟ้าเข้าถึง` ปัญหาเดิมๆ,https://storage.googleapis.com/traffy_public_bucket/attachment/2026-10/2fd386821629bd26337123118dc3d578.jpeg
2026-B2RF7R,inprogress,2026-10-07 15:45,2026-10-07 16:08,100.69415,13.8145,คันนายาว,คันนายาว,น้ำท่วมสนามไดร์ฟกอล์ฟ ตั้งแต่วันที่ 25 กย. จนถึงวันนี้ วันที่ 7 ตุลาคม ระดับยังสูงอยู่ ไม่มีหน่วยงานใดเข้ามาช่วยเหลือ สนามปิดบริการ ความสูงระดับประมาณ 2 เมตรในสนามค่ะ น้ำท่วมมาแล้วท่วมตั้งแต่ 25 กย. ค่ะ,https://storage.googleapis.com/traffy_public_bucket/attachment/2026-10/35f48f5d0ae4b87307e3face1357262c.jpeg
2026-X2T24K,start,2026-10-07 15:46,2026-10-07 15:46,100.79579,13.83974,มีนบุรี,แสนแสบ,น้ำท่วมสูงถึงหัวเข่ามา12วันแล้ว และไม่มีท่าทีว่าจะลงเลย ช่วยเร่งทำให้น้ำลดลงหน่อยได้ไหม ใช้ชีวิตลำบากมากไม่มีที่จะนอน นอนอยู่บนบ้านหลังเดียว10กว่าชีวิตแจ้งเรื่องไปรอบนึงแล้ว ก็ยังไม่มีใครเข้ามา ตั้งแต่น้ำท่วมไม่มีใครเข้ามาดูมาเยี่ยมเลยสักครั้งช่วยหน่อยเถอ,https://storage.googleapis.com/traffy_public_bucket/attachment/2026-10/d0966069c63be43676c7b4c6f0f36368.jpeg
2026-X2T24K,inprogress,2026-10-07 15:46,2026-10-09 08:07,100.79579,13.83974,มีนบุรี,แสนแสบ,น้ำท่วมสูงถึงหัวเข่ามา12วันแล้ว และไม่มีท่าทีว่าจะลงเลย ช่วยเร่งทำให้น้ำลดลงหน่อยได้ไหม ใช้ชีวิตลำบากมากไม่มีที่จะนอน นอนอยู่บนบ้านหลังเดียว10กว่าชีวิตแจ้งเรื่องไปรอบนึงแล้ว ก็ยังไม่มีใครเข้ามา ตั้งแต่น้ำท่วมไม่มีใครเข้ามาดูมาเยี่ยมเลยสักครั้งช่วยหน่อยเถอ,https://storage.googleapis.com/traffy_public_bucket/attachment/2026-10/d0966069c63be43676c7b4c6f0f36368.jpeg
2026-VXXNDC,start,2026-10-07 15:51,2026-10-07 15:51,100.71729,13.78816,มีนบุรี,มีนบุรี,เรื่อง: ขอความอนุเคราะห์แก้ไขปัญหาน้ำท่วมขังเร่งด่วน และสนับสนุนเครื่องสูบน้ำ บริเวณชุมชนบัวขาว (ฝั่งใน) เรียน: ผู้ว่าราชการกรุงเทพมหานคร / ผู้อำนวยการเขตมีนบุรี เนื่องด้วยขณะนี้พื้นที่ชุมชนบัวขาว (ฝั่งใน) กำลังประสบปัญหาน้ำท่วมขังขังชั่วคราวและสะสมในพื,https://storage.googleapis.com/traffy_public_bucket/attachment/2026-10/b228d73a8e553652406f58f37fcf47e8.jpeg
2026-VXXNDC,inprogress,2026-10-07 15:51,2026-10-09 08:06,100.71729,13.78816,มีนบุรี,มีนบุรี,เรื่อง: ขอความอนุเคราะห์แก้ไขปัญหาน้ำท่วมขังเร่งด่วน และสนับสนุนเครื่องสูบน้ำ บริเวณชุมชนบัวขาว (ฝั่งใน) เรียน: ผู้ว่าราชการกรุงเทพมหานคร / ผู้อำนวยการเขตมีนบุรี เนื่องด้วยขณะนี้พื้นที่ชุมชนบัวขาว (ฝั่งใน) กำลังประสบปัญหาน้ำท่วมขังขังชั่วคราวและสะสมในพื,https://storage.googleapis.com/traffy_public_bucket/attachment/2026-10/b228d73a8e553652406f58f37fcf47e8.jpeg
2026-3VAYHY,inprogress,2026-10-07 15:52,2026-10-07 16:06,100.70656,13.78472,สะพานสูง,สะพานสูง,หมู่บ้านเคหะธานี 4 น้ำยังท่วมขังอยู่ ค่ะ ความสูงระดับหน้าแข้ง น้ำท่วมมาแล้วมากกว่า 1 สัปดาห์,https://storage.googleapis.com/traffy_public_bucket/attachment/2026-10/9a180224d36a4cf8099a4b67c1501472.jpeg
2026-4DCC47,start,2026-10-07 15:57,2026-10-07 15:57,100.71757,13.79,มีนบุรี,มีนบุรี,เรียน ผู้ว่าราชการกรุงเทพมหานคร / ผู้อำนวยการเขตมีนบุรี (ด่วนที่สุด) เรื่อง ขอความช่วยเหลือเร่งด่วน: น้ำท่วมขังวิกฤต ชุมชนบัวขาว (ฝั่งใน) ซอยรามคำแหง 174 เนื่องด้วยขณะนี้ ชุมชนบัวขาว (ฝั่งใน) ประสบปัญหาน้ำท่วมขังสะสมสูง ประชาชนได้รับความเดือดร้อนอย่างหน,https://storage.googleapis.com/traffy_public_bucket/attachment/2026-10/68ef027046f259ada3c181a0f2a072e7.jpeg
2026-4DCC47,inprogress,2026-10-07 15:57,2026-10-09 08:06,100.71757,13.79,มีนบุรี,มีนบุรี,เรียน ผู้ว่าราชการกรุงเทพมหานคร / ผู้อำนวยการเขตมีนบุรี (ด่วนที่สุด) เรื่อง ขอความช่วยเหลือเร่งด่วน: น้ำท่วมขังวิกฤต ชุมชนบัวขาว (ฝั่งใน) ซอยรามคำแหง 174 เนื่องด้วยขณะนี้ ชุมชนบัวขาว (ฝั่งใน) ประสบปัญหาน้ำท่วมขังสะสมสูง ประชาชนได้รับความเดือดร้อนอย่างหน,https://storage.googleapis.com/traffy_public_bucket/attachment/2026-10/68ef027046f259ada3c181a0f2a072e7.jpeg
2026-AHY4CL,start,2026-10-07 15:59,2026-10-07 15:59,100.69876,13.83128,คลองสามวา,บางชัน,น้ำท่วมมาเป็นระยะเวลา 10 กว่าวันแล้ว อยากให้มาระบายน้ำออกจาก ซ.พระยาสุเรนทร์ 19 ตอนนี้เดือดร้อนในการออกมาใช้ชีวิต และการไปทำงานอย่างมาก อีกอย่างตอนนี้น้ำเน่าและส่งกลิ่นเหม็นแล้วค่ะ ความสูงระดับหัวเข่า น้ำท่วมมาแล้วมากกว่า 1 สัปดาห์,https://storage.googleapis.com/traffy_public_bucket/attachment/2026-10/0ebfccf7bbed55d5dce7419e994d3962.jpeg
2026-AHY4CL,forward,2026-10-07 15:59,2026-10-08 16:03,100.69876,13.83128,คลองสามวา,บางชัน,น้ำท่วมมาเป็นระยะเวลา 10 กว่าวันแล้ว อยากให้มาระบายน้ำออกจาก ซ.พระยาสุเรนทร์ 19 ตอนนี้เดือดร้อนในการออกมาใช้ชีวิต และการไปทำงานอย่างมาก อีกอย่างตอนนี้น้ำเน่าและส่งกลิ่นเหม็นแล้วค่ะ ความสูงระดับหัวเข่า น้ำท่วมมาแล้วมากกว่า 1 สัปดาห์,https://storage.googleapis.com/traffy_public_bucket/attachment/2026-10/0ebfccf7bbed55d5dce7419e994d3962.jpeg
2026-UDFAG6,inprogress,2026-10-07 15:59,2026-10-07 16:07,100.70313,13.77474,สะพานสูง,สะพานสูง,หมู่บ้านสิรินเทพ 9 แขวงเขตสะพานสูง ที่แจ้งเรื่องน้ำท่วมปากทางเข้าหมู่บ้านในระดับสูง ออกไปติดตามดูสถานการณ์น้ำยังไม่ลดระดับสาเหตุเป็นเพราะว่า เครื่องปั๊มน้ำไม่ทำงาน ไม่สูบน้ำ ออกจากพื้นที่ เครื่องปั๊มน้ำขัดข้อง แจ้งเรื่องไปช่วงเช้า ติดตามเหตุการณ์และดูระดั,https://storage.googleapis.com/traffy_public_bucket/attachment/2026-10/37069da05e168d6d3ded12acfb09b64b.jpeg
2026-3BEL8D,start,2026-10-07 16:04,2026-10-07 16:04,100.71757,13.78997,มีนบุรี,มีนบุรี,เรื่อง: ขอความอนุเคราะห์ใช้อำนาจตาม พ.ร.บ. ป้องกันและบรรเทาสาธารณภัย เข้าช่วยเหลือและติดตั้งเครื่องสูบน้ำเร่งด่วน บริเวณซอยรามคำแหง 174 (ชุมชนบัวขาวฝั่งใน และหมู่บ้านใกล้เคียง) เรียน: ผู้อำนวยการเขตมีนบุรี / ผู้ว่าราชการกรุงเทพมหานคร เนื่องด้วยขณะนี้ พื,https://storage.googleapis.com/traffy_public_bucket/attachment/2026-10/6b266114f7c834d12efd684bedd61cbd.jpeg
2026-3BEL8D,inprogress,2026-10-07 16:04,2026-10-09 08:06,100.71757,13.78997,มีนบุรี,มีนบุรี,เรื่อง: ขอความอนุเคราะห์ใช้อำนาจตาม พ.ร.บ. ป้องกันและบรรเทาสาธารณภัย เข้าช่วยเหลือและติดตั้งเครื่องสูบน้ำเร่งด่วน บริเวณซอยรามคำแหง 174 (ชุมชนบัวขาวฝั่งใน และหมู่บ้านใกล้เคียง) เรียน: ผู้อำนวยการเขตมีนบุรี / ผู้ว่าราชการกรุงเทพมหานคร เนื่องด้วยขณะนี้ พื,https://storage.googleapis.com/traffy_public_bucket/attachment/2026-10/6b266114f7c834d12efd684bedd61cbd.jpeg
2026-MAMP2X,start,2026-10-07 16:07,2026-10-07 16:07,100.81338,13.76775,ลาดกระบัง,ลำปลาทิว,ท่วมภายในบ้านและนอกบ้าน พักอยู่อาศัยไม่ได้โดยสิ้นเชิง ครับ ความสูงระดับน้ำเริ่มเสีย มีสีเริ่มดำส่งกลิ่นเหม็นแร้ะครับ น้ำท่วมมาแล้วน้อยกว่า 1 วัน,https://storage.googleapis.com/traffy_public_bucket/attachment/2026-10/897e78357706280a17a3a7051a0cd532.jpeg
2026-VC7G9B,start,2026-10-07 16:12,2026-10-07 16:12,100.79229,13.83405,มีนบุรี,แสนแสบ,ซอยราษฎร์อุทิศ 58 ถนนราษฎร์อุทิศ น้ำท่วมขัง ระดับน้ำเหนือหัวเข่าท้ายซอยเคียงเอว ตั้งแต่วันที่ 25 กันยายน 2569 จนถึงปัจจุบันนี้วันนี้วันที่ 13 ตุลาคม 2569 ขอความช่วยเหลือจากหน่วยงานสำนักงานเขตกรุงเทพฯมีนบุรีได้โปรดเมตตาเข้ามาสูบน้ำออกให้หน่อยนะคะ เรามีความ,https://storage.googleapis.com/traffy_public_bucket/attachment/2026-10/97c51ddfe6226ad7e1f01389dc6b6b2b.jpeg
2026-VC7G9B,inprogress,2026-10-07 16:12,2026-10-09 08:06,100.79229,13.83405,มีนบุรี,แสนแสบ,ซอยราษฎร์อุทิศ 58 ถนนราษฎร์อุทิศ น้ำท่วมขัง ระดับน้ำเหนือหัวเข่าท้ายซอยเคียงเอว ตั้งแต่วันที่ 25 กันยายน 2569 จนถึงปัจจุบันนี้วันนี้วันที่ 13 ตุลาคม 2569 ขอความช่วยเหลือจากหน่วยงานสำนักงานเขตกรุงเทพฯมีนบุรีได้โปรดเมตตาเข้ามาสูบน้ำออกให้หน่อยนะคะ เรามีความ,https://storage.googleapis.com/traffy_public_bucket/attachment/2026-10/97c51ddfe6226ad7e1f01389dc6b6b2b.jpeg
2026-4FFVF4,start,2026-10-07 16:17,2026-10-07 16:17,100.70355,13.77325,สะพานสูง,สะพานสูง,เขตสะพานสูงมัวแต่ post Facebook อยากให้มาดูหมู่บ้านศิรินเทพ 9 ซอยราษฎร์พัฒนา 14 หน่อย น้ำท่วมขังตั้งแต่ 25 กย ความสูงระดับหน้าแข้ง น้ำท่วมมาแล้วมากกว่า 1 สัปดาห์,https://storage.googleapis.com/traffy_public_bucket/attachment/2026-10/caa7528887777df4a578f5240ebba6b1.jpeg
2026-4FFVF4,inprogress,2026-10-07 16:17,2026-10-07 19:30,100.70355,13.77325,สะพานสูง,สะพานสูง,เขตสะพานสูงมัวแต่ post Facebook อยากให้มาดูหมู่บ้านศิรินเทพ 9 ซอยราษฎร์พัฒนา 14 หน่อย น้ำท่วมขังตั้งแต่ 25 กย ความสูงระดับหน้าแข้ง น้ำท่วมมาแล้วมากกว่า 1 สัปดาห์,https://storage.googleapis.com/traffy_public_bucket/attachment/2026-10/caa7528887777df4a578f5240ebba6b1.jpeg
2026-A4ELCJ,start,2026-10-07 16:17,2026-10-07 16:17,100.72703,13.76151,ลาดกระบัง,คลองสองต้นนุ่น,รถน้ำท่วม ความสูงระดับคอนโซล น้ำท่วมมาแล้วท่วมวันที่ 27,https://storage.googleapis.com/traffy_public_bucket/attachment/2026-10/8658317e69b5075f63931edb4e0ac77f.jpeg
2026-D8362H,start,2026-10-07 16:20,2026-10-07 16:20,100.86766,13.74625,ลาดกระบัง,ขุมทอง,ขอแจ้งเรื่องน้ำท่วมขังเส้นทางสัญจร และชุมชน ในพื้นที่ ขุมทอง ลำต้อยติ่งค่ะ จากปากเข้าวัดราชโกษา ตลอด เส้นทาง ที่ทะลุไป ถนนสุวินทวงศ์ ยังมีน้ำท่วมสูง บางจุด รถเก๋งธรรมดา ไม่สามารถผ่าน เข้า-ออกได้ และถนนเริ่มเป็นหลุม ซึ่งอันตรายมากต่อการสัญจรในตอนนี้ เป็นอุ,https://storage.googleapis.com/traffy_public_bucket/attachment/2026-10/6905d0f320fbeb77cae36dff639e21fb.jpeg
2026-D8362H,forward,2026-10-07 16:20,2026-10-08 11:45,100.86766,13.74625,ลาดกระบัง,ขุมทอง,ขอแจ้งเรื่องน้ำท่วมขังเส้นทางสัญจร และชุมชน ในพื้นที่ ขุมทอง ลำต้อยติ่งค่ะ จากปากเข้าวัดราชโกษา ตลอด เส้นทาง ที่ทะลุไป ถนนสุวินทวงศ์ ยังมีน้ำท่วมสูง บางจุด รถเก๋งธรรมดา ไม่สามารถผ่าน เข้า-ออกได้ และถนนเริ่มเป็นหลุม ซึ่งอันตรายมากต่อการสัญจรในตอนนี้ เป็นอุ,https://storage.googleapis.com/traffy_public_bucket/attachment/2026-10/6905d0f320fbeb77cae36dff639e21fb.jpeg
2026-EVK2N3,start,2026-10-07 16:24,2026-10-07 16:52,100.56482,13.72372,คลองเตย,คลองเตย,https://maps.app.goo.gl/UYvi3UtEHGdcJs6PA?g_st=ic น้ำมันขังอยู่ทำให้มีกลิ่นเหม็นขึ้นมาค่ะอยากให้มาช่วย ดูดท่อขึ้น,https://storage.googleapis.com/traffy_public_bucket/attachment/2026-10/be2f7794739a2f2593251947615fa3f8.jpeg
2026-EVK2N3,finish,2026-10-07 16:24,2026-10-08 16:02,100.56482,13.72372,คลองเตย,คลองเตย,https://maps.app.goo.gl/UYvi3UtEHGdcJs6PA?g_st=ic น้ำมันขังอยู่ทำให้มีกลิ่นเหม็นขึ้นมาค่ะอยากให้มาช่วย ดูดท่อขึ้น,https://storage.googleapis.com/traffy_public_bucket/attachment/2026-10/be2f7794739a2f2593251947615fa3f8.jpeg
2026-CVUCPB,start,2026-10-07 16:29,2026-10-07 16:29,100.69397,13.73608,สะพานสูง,สะพานสูง,น้ำท่วมมา 1-2 อาทิตย์ไม่ลดเลย ความสูงระดับหน้าแข้ง น้ำท่วมมาแล้วมากกว่า 1 สัปดาห์,https://storage.googleapis.com/traffy_public_bucket/attachment/2026-10/d776d027e3af05cdca3579de1f50aad3.jpeg
2026-CVUCPB,inprogress,2026-10-07 16:29,2026-10-07 19:30,100.69397,13.73608,สะพานสูง,สะพานสูง,น้ำท่วมมา 1-2 อาทิตย์ไม่ลดเลย ความสูงระดับหน้าแข้ง น้ำท่วมมาแล้วมากกว่า 1 สัปดาห์,https://storage.googleapis.com/traffy_public_bucket/attachment/2026-10/d776d027e3af05cdca3579de1f50aad3.jpeg
2026-LPMGEP,start,2026-10-07 16:29,2026-10-07 16:29,100.72252,13.80272,มีนบุรี,มีนบุรี,ขอความกรุณาหน่วยงานที่เกี่ยวข้องเข้าตรวจสอบบริเวณปากซอย รามคำแหง 182 ตามภาพ เนื่องจากมีปัญหาน้ำท่วมขังทุกครั้งที่ฝนตก ขอให้ตรวจสอบระบบระบายน้ำ รวมถึงร้านค้าและสิ่งปลูกสร้างบริเวณดังกล่าว ว่ามีการกีดขวางหรือปิดทับทางระบายน้ำหรือไม่ และการประกอบกิจการเป็นไ,https://storage.googleapis.com/traffy_public_bucket/attachment/2026-10/42c0448c0eaa05fe7c431cdf7a7d3e2a.jpeg
2026-LPMGEP,inprogress,2026-10-07 16:29,2026-10-09 08:05,100.72252,13.80272,มีนบุรี,มีนบุรี,ขอความกรุณาหน่วยงานที่เกี่ยวข้องเข้าตรวจสอบบริเวณปากซอย รามคำแหง 182 ตามภาพ เนื่องจากมีปัญหาน้ำท่วมขังทุกครั้งที่ฝนตก ขอให้ตรวจสอบระบบระบายน้ำ รวมถึงร้านค้าและสิ่งปลูกสร้างบริเวณดังกล่าว ว่ามีการกีดขวางหรือปิดทับทางระบายน้ำหรือไม่ และการประกอบกิจการเป็นไ,https://storage.googleapis.com/traffy_public_bucket/attachment/2026-10/42c0448c0eaa05fe7c431cdf7a7d3e2a.jpeg
2026-8GLTUZ,start,2026-10-07 16:39,2026-10-07 16:39,100.68855,13.7043,ประเวศ,ดอกไม้,ถนนเฉลิมพระเกียรติ ร. 9 ซอย 71 แขวงดอกไม้ เขตประเวศ พบปัญหาน้ำท่วมขังทุกครั้งที่ฝนตกหนัก เนื่องจากถนนในซอยอยู่ต่ำกว่าถนนหลัก และปีนี้หนักที่สุดระดับน้ำสูงเกิน 1 เมตร จึงขอเสนอให้หน่วยงานเข้ามาแก้ไข โดยการทำถนนใหม่ให้สูงเท่ากับถนนหลัก เพื่อเป็นการแก้ไขปัญ,https://storage.googleapis.com/traffy_public_bucket/attachment/2026-10/ea546bcec93e7e89cebebd1259cade0b.jpeg
2026-8GLTUZ,inprogress,2026-10-07 16:39,2026-10-08 08:59,100.68855,13.7043,ประเวศ,ดอกไม้,ถนนเฉลิมพระเกียรติ ร. 9 ซอย 71 แขวงดอกไม้ เขตประเวศ พบปัญหาน้ำท่วมขังทุกครั้งที่ฝนตกหนัก เนื่องจากถนนในซอยอยู่ต่ำกว่าถนนหลัก และปีนี้หนักที่สุดระดับน้ำสูงเกิน 1 เมตร จึงขอเสนอให้หน่วยงานเข้ามาแก้ไข โดยการทำถนนใหม่ให้สูงเท่ากับถนนหลัก เพื่อเป็นการแก้ไขปัญ,https://storage.googleapis.com/traffy_public_bucket/attachment/2026-10/ea546bcec93e7e89cebebd1259cade0b.jpeg
2026-HLB7TG,start,2026-10-07 16:39,2026-10-07 16:39,100.74801,13.77066,ลาดกระบัง,คลองสามประเวศ,น้ำท่วมรถเล็กไม่สามารถสัญจรได้ ท่วมนาน13วัน ความสูงระดับหัวเข่า น้ำท่วมมาแล้วมากกว่า 1 สัปดาห์,https://storage.googleapis.com/traffy_public_bucket/attachment/2026-10/a9ff4e84070b9257da4c6c8229217d0a.jpeg
2026-3ATMJC,start,2026-10-07 16:47,2026-10-07 16:47,100.80533,13.80569,มีนบุรี,แสนแสบ,น้ำท่วมล้อมรอบบ้านโซนถนนเลียบคลองหลังวัดใหม่ลำนกแขวกเขตมีนบุรีกทมตั้งแต่วันที่ 25 กันยายนถึงวันที่ 7 แล้วอยากขอความช่วยเหลือน้ำดื่มถุงยังชีพเนื่องจากต้องลุยน้ำเน่าออกไปหาอาหารยากลำบากเพราะมากันแต่หน้าซอยไม่มีเจ้าหน้าที่เข้ามาหลังซอยเลยค่ะ ความสูงระดับหัวเ,https://storage.googleapis.com/traffy_public_bucket/attachment/2026-10/8322b88186ddecab5bf5117476ab2582.jpeg
2026-3ATMJC,inprogress,2026-10-07 16:47,2026-10-09 08:05,100.80533,13.80569,มีนบุรี,แสนแสบ,น้ำท่วมล้อมรอบบ้านโซนถนนเลียบคลองหลังวัดใหม่ลำนกแขวกเขตมีนบุรีกทมตั้งแต่วันที่ 25 กันยายนถึงวันที่ 7 แล้วอยากขอความช่วยเหลือน้ำดื่มถุงยังชีพเนื่องจากต้องลุยน้ำเน่าออกไปหาอาหารยากลำบากเพราะมากันแต่หน้าซอยไม่มีเจ้าหน้าที่เข้ามาหลังซอยเลยค่ะ ความสูงระดับหัวเ,https://storage.googleapis.com/traffy_public_bucket/attachment/2026-10/8322b88186ddecab5bf5117476ab2582.jpeg
2026-UUNVZJ,start,2026-10-07 16:49,2026-10-07 16:49,100.70721,13.90064,คลองสามวา,สามวาตะวันตก,น้ำท่วมม.kc7 ซอย6ท้ายซอยท่อระบายน้ำตันน้ำไม่ระบาบ ความสูงระดับ10ซม. น้ำท่วมมาแล้วเกิน7วัน,https://storage.googleapis.com/traffy_public_bucket/attachment/2026-10/3ebf01dc9f9c3dc33373807ab62c5041.jpeg
2026-UUNVZJ,forward,2026-10-07 16:49,2026-10-08 16:01,100.70721,13.90064,คลองสามวา,สามวาตะวันตก,น้ำท่วมม.kc7 ซอย6ท้ายซอยท่อระบายน้ำตันน้ำไม่ระบาบ ความสูงระดับ10ซม. น้ำท่วมมาแล้วเกิน7วัน,https://storage.googleapis.com/traffy_public_bucket/attachment/2026-10/3ebf01dc9f9c3dc33373807ab62c5041.jpeg
2026-YTLUTF,start,2026-10-07 16:54,2026-10-07 16:54,100.81213,13.72753,ลาดกระบัง,ทับยาว,น้ำท่วมเท่าเข่าบนถนนแลียบคลองมอญทางกลับรถ มา 10+ กว่าวันแล้ว รถยนตร์เล็กไม่สามารสันจรผ่านได้ ความสูงระดับหัวเข่า น้ำท่วมมาแล้วมากกว่า 1 สัปดาห์,https://storage.googleapis.com/traffy_public_bucket/attachment/2026-10/30bdeba752f83b584152d1cd80a3dbd5.jpeg
2026-YTLUTF,forward,2026-10-07 16:54,2026-10-08 11:45,100.81213,13.72753,ลาดกระบัง,ทับยาว,น้ำท่วมเท่าเข่าบนถนนแลียบคลองมอญทางกลับรถ มา 10+ กว่าวันแล้ว รถยนตร์เล็กไม่สามารสันจรผ่านได้ ความสูงระดับหัวเข่า น้ำท่วมมาแล้วมากกว่า 1 สัปดาห์,https://storage.googleapis.com/traffy_public_bucket/attachment/2026-10/30bdeba752f83b584152d1cd80a3dbd5.jpeg
2026-GF8M4T,start,2026-10-07 17:07,2026-10-07 17:07,100.73801,13.76447,ลาดกระบัง,คลองสองต้นนุ่น,*ประสบภัยน้ำท่วมครับ ผมรบกวนเช็คให้หน่อยนะครับ เพราะไม่ได้ทำงานหลายวัน HONDA PCX 160 ทะเบียน 9ขฐ1008เบื้องต้นผมถอดขั้วแบตเตอรี่ไว้ครับ รถผมจอดไว้ที่ ฝั่งตรงข้าม เคหะร่มเกล้า29แยก15ครับ 0969346510 ความสูงระดับหัวเข่า น้ำท่วมมาแล้วน้อยกว่า 1 สัปดาห์,https://storage.googleapis.com/traffy_public_bucket/attachment/2026-10/e83b626c53f8567c91efdc791d86110d.jpeg
2026-2PCEC2,start,2026-10-07 17:09,2026-10-07 17:09,100.37588,13.79128,ทวีวัฒนา,ศาลาธรรมสพน์,อยากให้มาลอกท่อที่หมู่บ้านพระปิ่น2ฝั่งขวามือตรงชาพยอมเนื่องจากเวลาฝนตกเล็กน้อยนำ้ระบายช้ามากทำให้นำ้เข้าบ้านท่วมขัง ความสูงระดับหน้าแข้ง น้ำท่วมมาแล้วน้อยกว่า 1 วัน,https://storage.googleapis.com/traffy_public_bucket/attachment/2026-10/thumb_abf7d6c37b0b0366e9121751a8286fc5.jpg
2026-2PCEC2,inprogress,2026-10-07 17:09,2026-10-07 20:36,100.37588,13.79128,ทวีวัฒนา,ศาลาธรรมสพน์,อยากให้มาลอกท่อที่หมู่บ้านพระปิ่น2ฝั่งขวามือตรงชาพยอมเนื่องจากเวลาฝนตกเล็กน้อยนำ้ระบายช้ามากทำให้นำ้เข้าบ้านท่วมขัง ความสูงระดับหน้าแข้ง น้ำท่วมมาแล้วน้อยกว่า 1 วัน,https://storage.googleapis.com/traffy_public_bucket/attachment/2026-10/thumb_abf7d6c37b0b0366e9121751a8286fc5.jpg
2026-R7N6XB,start,2026-10-07 17:09,2026-10-07 17:09,100.65687,13.77391,บึงกุ่ม,คลองกุ่ม,เสรีไทยซอย2เมื่อไหร่จะมีการสูบน้ำออกน้ำเหม็นเน่าไม้ได้รับการดูแล ผมเอารถไปซ่อมอู่ตั้งแต่2กันยาปัจจุบันยังเข้าไปดูรถไม่ได้ พวกท่านทำไรอยู่ 16วันแล้สที่ผมไม่เห็นรถและเข้าซอยไม่ได้เพราะไม่มีมอไซค์กล้าเข้าถามคนแถวนั้นบอกถึงหัวเข่า ความสูงระดับหัวเข่า น้ำท่วมม,https://storage.googleapis.com/traffy_public_bucket/attachment/2026-10/aa44268c537fb4061fef9378af5828c7.jpeg
2026-R7N6XB,inprogress,2026-10-07 17:09,2026-10-08 09:11,100.65687,13.77391,บึงกุ่ม,คลองกุ่ม,เสรีไทยซอย2เมื่อไหร่จะมีการสูบน้ำออกน้ำเหม็นเน่าไม้ได้รับการดูแล ผมเอารถไปซ่อมอู่ตั้งแต่2กันยาปัจจุบันยังเข้าไปดูรถไม่ได้ พวกท่านทำไรอยู่ 16วันแล้สที่ผมไม่เห็นรถและเข้าซอยไม่ได้เพราะไม่มีมอไซค์กล้าเข้าถามคนแถวนั้นบอกถึงหัวเข่า ความสูงระดับหัวเข่า น้ำท่วมม,https://storage.googleapis.com/traffy_public_bucket/attachment/2026-10/aa44268c537fb4061fef9378af5828c7.jpeg
2026-RB9JD7,start,2026-10-07 17:10,2026-10-07 17:10,100.6358,13.88513,บางเขน,ท่าแร้ง,ปัญหาน้ำท่วมขังถนนหนึ่งอาทิตย์ไม่สดวกเวลาออกไปข้างนอกค่ะ ความสูงระดับน่าบ้านค่ะ น้ำท่วมมาแล้วประมาณไม่ถึงเข่าค่ะ,https://storage.googleapis.com/traffy_public_bucket/attachment/2026-10/thumb_c5272537869735a628b4bad2dfce7b4c.jpg
2026-RB9JD7,inprogress,2026-10-07 17:10,2026-10-08 15:22,100.6358,13.88513,บางเขน,ท่าแร้ง,ปัญหาน้ำท่วมขังถนนหนึ่งอาทิตย์ไม่สดวกเวลาออกไปข้างนอกค่ะ ความสูงระดับน่าบ้านค่ะ น้ำท่วมมาแล้วประมาณไม่ถึงเข่าค่ะ,https://storage.googleapis.com/traffy_public_bucket/attachment/2026-10/thumb_c5272537869735a628b4bad2dfce7b4c.jpg
2026-TVNRUJ,start,2026-10-07 17:18,2026-10-07 17:18,100.75984,13.83332,คลองสามวา,ทรายกองดินใต้,น้ำท่วมตั้งแต่26กันยายน ถึงวันนี้ 7ตุลาคม น้ำยังคงท่วม รถเข้าออกไม่ได้ ความสูงระดับหัวเข่า น้ำท่วมมาแล้วมากกว่า 1 สัปดาห์,https://storage.googleapis.com/traffy_public_bucket/attachment/2026-10/7c7da9d194d8b29f2d7651de1b0cdc2f.jpeg
2026-TVNRUJ,forward,2026-10-07 17:18,2026-10-08 15:58,100.75984,13.83332,คลองสามวา,ทรายกองดินใต้,น้ำท่วมตั้งแต่26กันยายน ถึงวันนี้ 7ตุลาคม น้ำยังคงท่วม รถเข้าออกไม่ได้ ความสูงระดับหัวเข่า น้ำท่วมมาแล้วมากกว่า 1 สัปดาห์,https://storage.googleapis.com/traffy_public_bucket/attachment/2026-10/7c7da9d194d8b29f2d7651de1b0cdc2f.jpeg
2026-VCU4NK,start,2026-10-07 17:19,2026-10-07 17:19,100.70714,13.74895,สะพานสูง,สะพานสูง,ซอยกาญจนาภิเษก 25 แยก 1/เป็นถนนในซอยแยก 1 มีน้ำขังและหลุม บ่อ ขนาดใหญ่ หน้าโครงการพลีโน 1 และ 3 ตั้งแต่วันที่ 26 กันยายน 2569 จนถึงวันนี้ 7 ตุลาคม 2569 ความสูงระดับหน้าแข้ง น้ำท่วมมาแล้วมากกว่า 1 สัปดาห์,https://storage.googleapis.com/traffy_public_bucket/attachment/2026-10/702a96f5b870720b55b4e0be810a588f.jpeg
2026-VCU4NK,inprogress,2026-10-07 17:19,2026-10-07 19:26,100.70714,13.74895,สะพานสูง,สะพานสูง,ซอยกาญจนาภิเษก 25 แยก 1/เป็นถนนในซอยแยก 1 มีน้ำขังและหลุม บ่อ ขนาดใหญ่ หน้าโครงการพลีโน 1 และ 3 ตั้งแต่วันที่ 26 กันยายน 2569 จนถึงวันนี้ 7 ตุลาคม 2569 ความสูงระดับหน้าแข้ง น้ำท่วมมาแล้วมากกว่า 1 สัปดาห์,https://storage.googleapis.com/traffy_public_bucket/attachment/2026-10/702a96f5b870720b55b4e0be810a588f.jpeg
2026-XWTC9A,inprogress,2026-10-07 17:23,2026-10-07 19:25,100.66599,13.77272,สะพานสูง,สะพานสูง,ตอนนี้สะพานเดินที่เชื่อมไปฝั่งตรงข้ามมันจมน้ำ ข้ามจากไปพาซิโอไม่ได้ต้องเดินไปขึ้นสะพานลอยที่อยู่ไกลเลย อยากให้ช่วยแก้ไขหน่อยคับ อาจจะเป็นทำที่กั้นน้ำตรงทางเดินก็ได้น้ำมันขึ้นมานิดนึง ความสูงระดับข้อเท้า น้ำท่วมมาแล้วไม่ทราบเหมือนกันครับ พึ่งไปเห็นเมื่อ2ชั,https://storage.googleapis.com/traffy_public_bucket/attachment/2026-10/1856291154c5fb4ef055b10a8b87cac9.jpeg
2026-MCN7NM,forward,2026-10-07 17:24,2026-10-07 21:32,100.61285,13.69085,พระโขนง,บางจาก,มีแทงค์น้ำขนาดใหญ่ขวางทางน้ำ ทำให้การระบายน้ำเป็นไปได้ยากที่คลองถนนสุขุมวิท 101 ความสูงระดับกทม.กำลังเร่งระบายน้ำแต่มีแทงค์น้ำขนาดใหญ่มาขวางทางน้ำ น้ำท่วมมาแล้วน้ำในคลองอยู่กลางซอยสุขุมวิท 101,https://storage.googleapis.com/traffy_public_bucket/attachment/2026-10/856a8a1048a2b12ec581d244320a00dc.jpeg
2026-FMAEG7,start,2026-10-07 17:25,2026-10-07 17:25,100.81021,13.7791,ลาดกระบัง,ลำปลาทิว,น้ำท่วมนานเกือบ2สัปดาห์ ท่วมสูงจุดลึกสุดถึงเข่า รถเล็กสัญจรลำบาก รถจักรยานยนต์ระบบเกียร์ออร์โต้ลุยน้ำไม่ได้น้ำเข้าเครื่องยนต์รถพัง อยากให้ช่วยระบายน้ำออก ความสูงระดับจุเนี้ลึก ถึงเข้า น้ำท่วมมาแล้วมากกว่า 1 สัปดาห์,https://storage.googleapis.com/traffy_public_bucket/attachment/2026-10/24f8cc2e750e368ff1e4b4afba85c2a2.jpeg
2026-FYFEF8,inprogress,2026-10-07 17:25,2026-10-08 08:54,100.70756,13.70657,ประเวศ,ประเวศ,น้ำท่วม ความสูงระดับหน้าแข้ง น้ำท่วมมาแล้วมากกว่า 1 สัปดาห์,https://storage.googleapis.com/traffy_public_bucket/attachment/2026-10/17eaf0709e4803d3280e4eea82eefaef.jpeg
2026-CFTRNE,forward,2026-10-07 17:26,2026-10-07 22:16,100.58048,13.7836,ห้วยขวาง,สามเสนนอก,คลองระบายน้ำถูกถมจึงทำให้น้ำท่วม ความสูงระดับหน้าแข้ง น้ำท่วมมาแล้วน้อยกว่า 1 วัน,https://storage.googleapis.com/traffy_public_bucket/attachment/2026-10/6848a57f9f48f28d3c087272def7f7de.jpeg
2026-EFXCWG,inprogress,2026-10-07 17:32,2026-10-08 08:52,100.6942,13.66842,ประเวศ,ดอกไม้,น้ำท่วมขังมักระบายช้ากว่าซอยอื่นๆ ความสูงระดับต้นซอยประมาณข้อเท้า ท้ายซอยประมาณหน้าแข้งสูงสุดเข่าค่ะ แล้วเวลาน้ำยุบก็ยุบช้ากว่าซอยอื่นๆจนขังแล้วเกิดน้ำเน่า รอบล่าสุดน้ำเก่ากำลังจะแห้งพอน้ำใหม่มาก็เติมลงไปเท่าเดิม แถมใช้เวลาในการแห้งนานมากๆด้วย น้ำท่วมมาแล,https://storage.googleapis.com/traffy_public_bucket/attachment/2026-10/f7535a433b1e2aaa4cbb39751c5aba54.jpeg
2026-TW6AVH,inprogress,2026-10-07 17:36,2026-10-07 19:24,100.70552,13.77204,สะพานสูง,สะพานสูง,ซ.ราษฎร์พัฒนา14 ม.ศิรินเทพ9 เนื่องด้วยก่อนหน้านี้น้ำท่วมขังวันที่5 ก.ย. ก่อนที่ฝนจะตกหนักในซอยอื่นน้ำแห้งหมดแล้ว เหลือแต่ราษฎร์พัฒนา14 อยากให้หน่วยงานรัฐช่วยแก้ไขปัญหา ทางเขตมีเครื่องสูบน้ำมาให้สูบออกท่อถนนใหญ่ตั้งแต่เดือนที่แล้วแต่เหมือนจะสูบไม่ไป ไม่รู้,https://storage.googleapis.com/traffy_public_bucket/attachment/2026-10/thumb_d3493a9e89eaac07d3b33943d24f8b75.jpg
2026-NBP2VT,finish,2026-10-07 17:37,2026-10-08 11:02,100.48491,13.68513,จอมทอง,จอมทอง,น้ำระบายไม่ทัน ฝนตกไม่ถึง 5 นาทีทำให้น้ำท่วม คลองระบายน้ำมีขยะเยอะ และเศษใบไม้ ต้องการให้ขุดลอกคูคลองเก็บเศษขยะใบไม้ตามร่อง ความสูงระดับหัวเข่า น้ำท่วมมาแล้วมากกว่า 1 สัปดาห์,https://storage.googleapis.com/traffy_public_bucket/attachment/2026-10/544ca2b13789763f6fe97385f5e62fd1.jpeg
2026-ATKV62,forward,2026-10-07 17:41,2026-10-08 15:57,100.708,13.90169,คลองสามวา,สามวาตะวันตก,เคซี7 ป้อมสาม จมน้ำมาเกือบสองอาทิตย์ ดูดน้ำออกแต่ด้านนอกน้ำเต็มมันวนกลับ พอฝนตกท่วมเข้าบ้านใหม่ วนๆแบบนี้ พื้นที่ด้านนอกไม่มีที่ไปครับ ถนนแห้ง แต่ในหมู่บ้าน 180 ครัวแรือน เดือดร้อน ความสูงระดับข้อเท้า น้ำท่วมมาแล้วมากกว่า 1 สัปดาห์,https://storage.googleapis.com/traffy_public_bucket/attachment/2026-10/f176b880a20d70495404929c33058a61.jpeg
2026-YBZ8EB,forward,2026-10-07 17:42,2026-10-08 15:55,100.77085,13.85549,คลองสามวา,ทรายกองดินใต้,น้ำท่วมถึงเข่าบริเวณหน้าบ้าน ความสูงระดับหัวเข่า น้ำท่วมมาแล้วมากกว่า 1 สัปดาห์,https://storage.googleapis.com/traffy_public_bucket/attachment/2026-10/b7a8577c4b6a5d741d5a8612d6ea4f01.jpeg
2026-ZGVCEB,inprogress,2026-10-07 17:44,2026-10-07 19:23,100.70347,13.77333,สะพานสูง,สะพานสูง,เขตสะพานสูงมัวแต่ post Facebook อยากให้มาดูหมู่บ้านศิรินเทพ 9 ซอยราษฎร์พัฒนา 14 หน่อย น้ำท่วมขังตั้งแต่ 25 กย ความสูงระดับหน้าแข้ง น้ำท่วมมาแล้วมากกว่า 1 สัปดาห์,https://storage.googleapis.com/traffy_public_bucket/attachment/2026-10/05f65b4f5ae49212f74f71abb98ee1ce.jpeg
2026-UKEWFF,inprogress,2026-10-07 17:45,2026-10-07 23:37,100.5041,13.61453,ทุ่งครุ,ทุ่งครุ,มีน้ำขัง ความสูงระดับสูงสุดประมาณ20ซ.ม. ยิ่งฝนตกหนักยิ่งสูง น้ำท่วมมาแล้ว2อาทิตย์,https://storage.googleapis.com/traffy_public_bucket/attachment/2026-10/68edc53718c79be6c787ce82718fc904.jpeg
2026-PHJ37D,inprogress,2026-10-07 17:46,2026-10-08 08:51,100.67533,13.72218,ประเวศ,ประเวศ,น้ำท่วมไม่ลดสักทีมีแต่เพิ่ม ช่วยสูบน้ำหน่อย ความสูงระดับหัวเข่า น้ำท่วมมาแล้วมากกว่า 1 สัปดาห์,https://storage.googleapis.com/traffy_public_bucket/attachment/2026-10/fb864c2909fad0248d39798d511f6048.jpeg
2026-NJ8PVB,start,2026-10-07 17:48,2026-10-07 17:48,100.81123,13.73361,ลาดกระบัง,ทับยาว,มีบ้านกำลังปลูกสร้างอยู่ติดถนนถมดินไว้สูง ทำให้ดินไหลลงน้ำสกปรก ใช้รถลำบาก 40-60 เซน ตั้งแต่วันที่ 25 กันยายน,https://storage.googleapis.com/traffy_public_bucket/attachment/2026-10/7a4517911cd420c2efb3867ae67069ac.jpeg
2026-GT7DDT,start,2026-10-07 17:50,2026-10-07 17:50,100.7824,13.71925,ลาดกระบัง,ลาดกระบัง,ลาดกระบัง 50/2 น้ำท่วมขังยังไม่ได้รับการระบาย ความสูงระดับหน้าแข้ง น้ำท่วมมาแล้วมากกว่า 1 สัปดาห์,https://storage.googleapis.com/traffy_public_bucket/attachment/2026-10/d67a1ee89d3a815d1e08a1441f5bc0b2.jpeg
2026-ZH4GUV,start,2026-10-07 18:01,2026-10-07 18:01,100.56228,13.91967,ดอนเมือง,ดอนเมือง,น้ำล้อมบ้านและถนนในซอย ใช้ชีวิตลำบาก ขอให้นำเครื่องสูบน้ำมาช่วยสูบด้วย เริ่ม 26.9.69 จนปัจจุบัน ต้องลุยน้ำตลอดเวลา ความสูงระดับหน้าแข้ง น้ำท่วมมาแล้ว26.9.69,https://storage.googleapis.com/traffy_public_bucket/attachment/2026-10/f20a2cbf8340f328efc1eab702f67bce.jpeg
2026-MKBWUL,inprogress,2026-10-07 18:02,2026-10-07 21:34,100.62241,13.69798,พระโขนง,บางจาก,ปัญหาคือท้ายซอยปุณณวิถี49มีผักตบชวามากทำให้น้ำในซอยไหลช้า เวลาฝนตกทำให้ท่วมในซอย ความสูงระดับครั้งที่ผ่านมาเข้าในบ้านค่ะ น้ำท่วมมาแล้วคอนนี้ลดลงแล้ว แต่ผักตบชวาฝางท่อระบายน้ำ ทำให้น้ำไหลช้าเวลาฝนตก แล้วก็ท่วมถนนในซอยค่ะ,https://storage.googleapis.com/traffy_public_bucket/attachment/2026-10/fec4c812dbe8faaed01ad7e34eb29c43.jpeg
2026-884TCL,forward,2026-10-07 18:03,2026-10-08 11:43,100.75437,13.75517,ลาดกระบัง,คลองสามประเวศ,น้ำท่วมถนน เจ้าคุณทหารลาดกระบัง ทำให้สัญจรลำบากมาก ความสูงระดับหัวเข่า น้ำท่วมมาแล้วมากกว่า 1 สัปดาห์,https://storage.googleapis.com/traffy_public_bucket/attachment/2026-10/d9caff0716ccc83a392983c950d571d0.jpeg
2026-6WFYRL,finish,2026-10-07 18:05,2026-10-08 13:15,100.64505,13.78084,บางกะปิ,คลองจั่น,น้ำท่วมขัง แฟลตคลองจั่น ความสูงระดับหัวเข่า น้ำท่วมมาแล้วมากกว่า 1 สัปดาห์,https://storage.googleapis.com/traffy_public_bucket/attachment/2026-10/1ea34e1956898ac380d24951c7b89be4.jpeg
2026-KFER3K,inprogress,2026-10-07 18:08,2026-10-08 11:53,100.64959,13.92491,สายไหม,สายไหม,สายไหม29น้ำยังท่วมสูง ไม่ทราบจะลดลงตอนไหนคะ ทั้งซอย จนถนน เกิดหลุม หลายจุด หน้าแข้ง ระแวกใกล้เคียง ลงหมด เหลือซอย27-35 สายไหม ไม่ลง ความสูงระดับหน้าแข้ง น้ำท่วมมาแล้วมากกว่า 1 สัปดาห์,https://storage.googleapis.com/traffy_public_bucket/attachment/2026-10/0ef5a895ed0d5855979bf4e4fd4d1c16.jpeg
2026-FUP9ZZ,start,2026-10-07 18:11,2026-10-07 18:11,100.74538,13.72249,ลาดกระบัง,ลาดกระบัง,เน่าและเหม็นมาก บนฟุตบาทค่ะ 10วัน,https://storage.googleapis.com/traffy_public_bucket/attachment/2026-10/thumb_f743519f4dd35a9ed9d1bf21ec9a0fe7.jpg
2026-2BHRFY,forward,2026-10-07 18:18,2026-10-08 07:18,100.54241,13.67338,ยานนาวา,บางโพงพาง,ฝนตกน้ำท่วม ฟุตบาท เดินไม่ได้เพราะน้ำขัง แจ้งปัญหาหลายรอบ แต่ยังไม่เคยแก้ไขที่ต้นเหตุ ความสูงระดับข้อเท้า น้ำท่วมมาแล้วน้อยกว่า 3 ชั่วโมง,https://storage.googleapis.com/traffy_public_bucket/attachment/2026-10/a644d57f7576f737b5c8ff2c7dba7375.jpeg
2026-UTX2FN,inprogress,2026-10-07 18:30,2026-10-08 09:35,100.72522,13.81271,มีนบุรี,มีนบุรี,เมื่อวานฝนตกหนัก แล้วน้ำก็ท่วมซ้ำลงมารวมกับน้ำท่วมขังมาตั้งแต่วันที่ 25 กันยายน 2569 อีก จนตอนนี้น้ำจะดำไปหมดแล้ว ทั้งซอยสีหบุรานุกิจ 9 ทั้งซอยน้ำท่วมขังที่ไม่ “เคย“ ลดลงเลย เน่าเสียอีกตั้งหาก แล้วมาซอย สีหบุรานุกิจ 9 แยก 2 น้ำท่วมขังซ้ำซาก ถามจริงๆนะคะ พ,https://storage.googleapis.com/traffy_public_bucket/attachment/2026-10/57f57f4806ce8745d1a6bc3c7516cd41.jpeg
2026-WK7R34,inprogress,2026-10-07 18:31,2026-10-08 09:35,100.79236,13.83395,มีนบุรี,แสนแสบ,น้ำท่วมขังมา 13 วันแล้วค่ะ (50ซม.) รบกวนหน่วยงานเข้าช่วยเหลือหน่อยนะคะ ออกไปลำบากมากค่ะ ความสูงระดับ50 ซม. ค่ะ น้ำท่วมมาแล้วตั้งแต่วันที่ 25 จนถึงปัจจุบันค่ะ,https://storage.googleapis.com/traffy_public_bucket/attachment/2026-10/dd13fb61886086e28ddffb23363738fd.jpeg
2026-RA3B26,inprogress,2026-10-07 18:36,2026-10-07 19:22,100.69554,13.79084,สะพานสูง,สะพานสูง,ฝากเรื่องติดตามหน่อยครับ ซอยรามคำแหง157/2 น้ำท่วมขังมาแล้ว2สัปดาห์ น้ำก็มีลดบ้างแต่พอฝนตกมาใหม่ก็เพิ่มขี้น แต่ในตอนนี้คือเรื่องกลิ่นครับ เพราะว่าน้ำเริ่มเน่าเสียแล้ว แล้วคนในตึกหอพักต้องเดินออกไปทำงานทึกวัน ซึ่งน้ำก็เน่าเสียสกปรกขึ้นทุกวันครับและส่งกลิ่นเ,https://storage.googleapis.com/traffy_public_bucket/attachment/2026-10/50573de5fdfba5992a1588ce0086054a.jpeg
2026-2AHZWJ,forward,2026-10-07 18:41,2026-10-07 21:27,100.72646,13.8067,มีนบุรี,มีนบุรี,ใน สถานการณ์ น้ำ ท่วม กรุงเทพ ทำ ให้ ประชา ชน ทราบ ว่า หน่วย งาน ราชการ ใน บ้าน ที่ ไม่ ยอม ปฏิบัติ งาน ใน ขณะ ที่ ประชา ชน กำลัง เดือด ร้อน ซึ่ง นี่ ก็ เป็น หนึ่ง ใน เหตุ การณ์ การ จราจร ติด ขัด ย่าน มีนบุรี เจ้าหน้าที่ที่เกี่ยวข้องไปไหนกันหมด น้ำก็ไม่ลด,https://storage.googleapis.com/traffy_public_bucket/attachment/2026-10/74fb1f541ad82b22b0bce129820561a3.jpeg
2026-4PP6P8,start,2026-10-07 18:44,2026-10-07 18:44,100.78232,13.71767,ลาดกระบัง,ลาดกระบัง,เพิ่มที่สูบน้ำตรงท้ายซอยลาดกระบัง 52 หน่อยค่ะ หน้าซอยลดก็จริงแต่ท้ายซอยน้ำขังสูงเหมือนเดิม รีบแก้ไขก่อนฝนจะตกอีกระลอกเถอะค่ะขอร้อง เพิ่มหลายๆเครื่องเลยค่ะ กลัวน้ำขังเพิ่มอีก ตอนนี้ลำบากไปหมดแล้วค่ะ หน้าแข้ง - เข่าค่ะ ตั้งแต่วันที่ 25 เลย,https://storage.googleapis.com/traffy_public_bucket/attachment/2026-10/1b0ac8feb851b6e3a08a0832479f4b6f.jpeg
2026-7YL8HX,inprogress,2026-10-07 18:46,2026-10-08 15:23,100.66393,13.8608,บางเขน,ท่าแร้ง,น้ำท่วม เน่าเสีย เหม็นมาก อยากอยากเร่งระบาย และก็มาล้างถนน ความสูงระดับข้อเท้า น้ำท่วมมาแล้ว1 วัน,https://storage.googleapis.com/traffy_public_bucket/attachment/2026-10/aede4a83e34c302764463ff111e3aae7.jpeg
2026-FDJAAR,inprogress,2026-10-07 18:53,2026-10-08 09:35,100.80568,13.80632,มีนบุรี,แสนแสบ,น้ำท่วมบริเวณบ้าน ความสูงระดับเกือบหัวเข่าค่ะ น้ำท่วมมาแล้วตั้งแต่วันที่ 25 เดือนที่แล้วค่ะ,https://storage.googleapis.com/traffy_public_bucket/attachment/2026-10/52cda5b19b59c6c9ce55180bf664f07e.jpeg
2026-F427LB,irrelevant,2026-10-07 19:02,2026-10-08 08:38,100.48838,13.65305,ทุ่งครุ,บางมด,ไม่แสดงรายละเอียด,https://storage.googleapis.com/traffy_public_bucket/TeamChadChart/fondue_photo.png
2026-AAGDB4,start,2026-10-07 19:07,2026-10-07 19:07,100.71569,13.76791,ลาดกระบัง,คลองสองต้นนุ่น,น้ำท่วมขังรถเล็กออกไม่ได้ ที่อื่นแห้งหมดแล้ว ช่วยด้วย ด่วน ความสูงระดับหัวเข่า น้ำท่วมมาแล้วมากกว่า 1 สัปดาห์,https://storage.googleapis.com/traffy_public_bucket/attachment/2026-10/ca25d2e5841ff5f34eddeb0781efb070.jpeg
2026-MN9LRA,start,2026-10-07 19:10,2026-10-08 16:08,100.69737,13.83812,คลองสามวา,บางชัน,• แจ้งเจ้าหน้าที่: `สวัสดีค่ะ/ครับ ตามเรื่องเยียวยาน้ำท่วม เลขคำร้อง *** ยื่นเมื่อ 2 ต.ค. ตอนนี้น้ำแห้งแล้วแต่น้ำเข้าบ้านมีทรัพย์สินเสียหายและจำเป็นต้องซ่อมบ้านด่วน รบกวนเจ้าหน้าที่ช่วยตรวจและกดอนุมัติในระบบให้หน่อยได้ไหมคะ/ครับ` เมื่อ เข่า ตังแต่วัน28/09,https://storage.googleapis.com/traffy_public_bucket/attachment/2026-10/b8cd1824c2a8122142b74385daee8ba8.jpeg
2026-KZFZK9,start,2026-10-07 19:19,2026-10-07 19:19,100.81577,13.7814,ลาดกระบัง,ลำปลาทิว,ปัญหาน้ำท่วมถนนมา 12 วัน น้ำขังไม่ลดเลยรถเล็กสัญจรไม่ได้ ต้องการให้ระบายน้ำ ความสูงระดับ15-20cm น้ำท่วมมาแล้ว11-12 วัน,https://storage.googleapis.com/traffy_public_bucket/attachment/2026-10/7a36d9689cd29a559c21153e4a67452f.jpeg
2026-VX2ETA,inprogress,2026-10-07 19:26,2026-10-08 09:34,100.71598,13.81585,มีนบุรี,มีนบุรี,ต้องการกระสอบทราย10กระสอบค่ะ #ขอกระสอบทราย/อื่นๆ,https://storage.googleapis.com/traffy_public_bucket/attachment/2026-10/7020ac43e4030c1e3c44ffd9c81a59a0.jpeg
2026-JRY438,inprogress,2026-10-07 19:29,2026-10-08 08:56,100.75882,13.86964,คลองสามวา,สามวาตะวันออก,เมื่อ: 27 ก.ย. 2569 17:44 น. ประเภทเรื่อง: ภัยพิบัติ / น้ำท่วม ปัญหาที่แจ้ง: น้ำท่วม / น้ำขัง ความช่วยเหลือที่ต้องการ: อาหาร / น้ำดื่ม / ของจำเป็น ข้อความที่ผู้แจ้งเขียน (ต้นฉบับในเคส): ขาดสุขามากค่ะ รายละเอียด: จำนวนคนที่ต้องช่วย: 10 บุคคลที่ต้องดูแลเป็น,https://storage.googleapis.com/traffy_public_bucket/attachment/2026-10/dad7e2ea46bdf8761dac0ba9bbba0991.jpeg
2026-7JB3FA,forward,2026-10-07 19:30,2026-10-08 08:45,100.67257,13.7194,ประเวศ,ประเวศ,น้ำท่วมขังบริเวณถนนใหญ่ ระหว่างซอยอ่อนนุช 57 - อ่อนนุช 59 ติดต่อกันตั้งแต่วันที่ 25 กันยายน 2569 จนถึงปัจจุบัน และไม่มีท่าทีจะลดลงเลย ทำให้การสัญจรบริเวณนั้นติดขัดเป็นอย่างมาก โดยเฉพาะช่วงเวลาเร่งด่วน (07:00-09:00) และ (16:00-20:00) เนื่องจากไม่สามารถขับร,https://storage.googleapis.com/traffy_public_bucket/attachment/2026-10/8f862cec5569cd72aed0773901292e72.jpeg
2026-U94HUX,inprogress,2026-10-07 19:32,2026-10-08 08:37,100.71887,13.78465,มีนบุรี,มีนบุรี,ซอยรามคำแหง174 โดยเฉพาะบริเวณชุมชนบางบัวฝั่งใน ตั้งแต่ลงสะพานข้ามคลองบ้านบัวขาว มีน้ำท่วมขังตั้งแต่วันที่ 25 ก.ย. บริเวณที่ลึกที่สุดเกิน 25 ซม. การเดินทางเข้าออกยากลำบาก น่าจะมีหน่วยงานรัฐนำเครื่องสูบน้ำมาระบายลงคลองซึ่งมีระดับน้ำต่ำลงแล้ว และเชิญผู้เชี่ย,https://storage.googleapis.com/traffy_public_bucket/attachment/2026-10/78a58be24dffa9509dadeee65e416894.jpeg
2026-ZGB7G9,finish,2026-10-07 19:35,2026-10-08 11:07,100.45941,13.676,จอมทอง,บางมด,รบกวน สนง. เขตจอมทอง เข้ามาเจาะทางระบายน้ำ เนื่องจากผิดถนน ภายในซอย พระราม 2/32 มีน้ำ่วมขังเกือบจะตลอดเวลา ส่วนนึงมาจากร้านค้สที่ตั้งอยู่ริมถนน มีการเทปูนทำพื้นวาง และตั้งโต๊ะหิน บนทางปูนที่เท รวมกับมีการล้างทำความสะอาด จานชาม มาเป็นระยะเวลาหนึ่ง ทำให้ผิด,https://storage.googleapis.com/traffy_public_bucket/attachment/2026-10/58b2178060c03d5234dc935f16fd7742.jpeg
2026-EBKTN9,start,2026-10-07 19:37,2026-10-07 19:37,100.76447,13.71931,ลาดกระบัง,ลาดกระบัง,ซอยลาดกระบัง 40/2 ในซอยมีน้ำท่วมขังเป็นเวลา 10 กว่าวันแล้ว ไม่มีหน่วยงานไหนเข้ามาดูหรือช่วยเหลือ หอพักอยู่ประมาณเกือบท้ายซอยเดินทางลำบากปริมาณน้ำสูงถึง 30 เซนติเมตรได้ เดินทางสัญจรค่อนข้างลำบากมาก รอหน่วยงานที่เกี่ยวข้องเข้ามาช่วยเหลือ 20-30 ค่ะ 10 วันแล้,https://storage.googleapis.com/traffy_public_bucket/attachment/2026-10/deb55e15d75bee63f166a63d3f72d7f0.jpeg
2026-NXAKXE,finish,2026-10-07 19:37,2026-10-08 14:31,100.69741,13.83445,คลองสามวา,บางชัน,เรื่อง: FL-20260927-175531-7DD0 เมื่อ: 27 ก.ย. 2569 17:55 น. ประเภทเรื่อง: ภัยพิบัติ / น้ำท่วม ปัญหาที่แจ้ง: น้ำท่วม / น้ำขัง ความช่วยเหลือที่ต้องการ: อาหาร / น้ำดื่ม / ของจำเป็น ข้อความที่ผู้แจ้งเขียน (ต้นฉบับในเคส): และน้องหมาน้องแมว รายละเอียด: จำนวนคน,https://storage.googleapis.com/traffy_public_bucket/attachment/2026-10/627dd8c4701e6d41bdc280fa77c9e8af.jpeg
2026-U7WBXE,start,2026-10-07 19:48,2026-10-07 19:48,100.71523,13.76648,ลาดกระบัง,คลองสองต้นนุ่น,ตั้งแต่ช่วงปลายเดือนกันยายน 2569 ที่ผ่านมา ที่มีฝนตกหนักต่อเนื่องหลายวัน จนทำให้น้ำท่วมขังถนนทางเข้าหมู่บ้านคาซ่าวิลล์รามคำแหง-วงแหวน 2 ระดับน้ำสูงจนรถเล็กไม่สามารถผ่านได้ ทำให้การสัญจรใช้ชีวิตยากลำบาก และยังคงท่วมขังจนถึงปัจจุบันนี้ วันที่ 7 ตุลาคม 2569 ,https://storage.googleapis.com/traffy_public_bucket/attachment/2026-10/69cb9237c3566d1f6662cadf7666171d.jpeg
2026-NCZ77C,inprogress,2026-10-07 19:51,2026-10-08 07:18,100.6923,13.7755,สะพานสูง,สะพานสูง,น้ำท่วมขังไม่ลดสักที ฝนตกก็เติมลงมาอีก #ขอกระสอบทราย/อื่นๆ,https://storage.googleapis.com/traffy_public_bucket/attachment/2026-10/82c785344f5081d83463a0dd2cf9a51f.jpeg
2026-HD2EP7,start,2026-10-07 19:56,2026-10-07 19:56,100.71621,13.76774,ลาดกระบัง,คลองสองต้นนุ่น,แจ้งจุดน้ำท่วมขังเกิน 7 วัน ตรงซอยทางเข้ารถจากหมู่บ้านไม่สามารถออกไปได้ ความสูงระดับหัวเข่า น้ำท่วมมาแล้วมากกว่า 1 สัปดาห์,https://storage.googleapis.com/traffy_public_bucket/attachment/2026-10/fe7cab0e1d216da9e616ef6678acacc0.jpeg
2026-WPB9KK,inprogress,2026-10-07 19:56,2026-10-08 08:31,100.74532,13.77447,มีนบุรี,มีนบุรี,น้ำท่วมสูงประมาณหัวเข่าเดินสัญจรทำงานลำบากมากครับ ขอความอนุเคราะห์จากหน่วยงานที่เกี่ยวข้อง ช่วยเรื่องการสูบน้ำด้วยครับ ความสูงระดับหัวเข่า น้ำท่วมมาแล้วมากกว่า 1 สัปดาห์,https://storage.googleapis.com/traffy_public_bucket/attachment/2026-10/0f62a5a6d8ac43f32a269f222194b207.jpeg
2026-62FKXT,start,2026-10-07 20:02,2026-10-07 20:02,100.71568,13.7679,ลาดกระบัง,คลองสองต้นนุ่น,ตั้งแต่วันที่ 28 กันยายน ที่ผ่านมาที่มีฝนตกหนักต่อเนื่องหลายวัน ทั้งวันทั้งคืนทำให้มีน้ำท่วมขังสูงระดับหน้าแข้ง และเอวบางจุด ที่ระหว่างเส้นทางเข้าหมู่บ้าน คาซ่าวิลล์รามคำแหง-วงแหวน 2 ระดับน้ำตั้งแต่สะพานทางเข้าสูงจนรถเล็กไม่สามารถผ่านได้ทำให้การสัญจรใช้,https://storage.googleapis.com/traffy_public_bucket/attachment/2026-10/fe1f38ef63bc70e460a1e5ca2301e659.jpeg
2026-C3HJ36,inprogress,2026-10-07 20:06,2026-10-08 15:48,100.69875,13.8313,คลองสามวา,บางชัน,เรื่อง: FL-20261007-100333-934C แจ้งเมื่อ: 7 ต.ค. 2569 10:03 น. ประเภทเรื่อง: ภัยพิบัติ / น้ำท่วม ปัญหาที่แจ้ง: น้ำท่วม / น้ำขัง ความช่วยเหลือที่ต้องการ: สูบน้ำ / ระบายน้ำ ข้อความที่ผู้แจ้งเขียน (ต้นฉบับในเคส): ท่อเครื่องสูบน้ำปากซอยพระยาสุเรนทร์19แตกทำให,https://storage.googleapis.com/traffy_public_bucket/attachment/2026-10/739ae0e2e09f1536379e9e8814b980ff.jpeg
2026-G23MFT,start,2026-10-07 20:09,2026-10-07 20:09,100.74025,13.75002,ลาดกระบัง,คลองสามประเวศ,น้ำท่วมหน้าหมู่บ้าน13วันยังไม่ค่อยลด ความสูงระดับหน้าแข้ง น้ำท่วมมาแล้วมากกว่า 1 สัปดาห์,https://storage.googleapis.com/traffy_public_bucket/attachment/2026-10/6b0947ab78a0f33ad413379622b568c8.jpeg
2026-FTGAMB,inprogress,2026-10-07 20:11,2026-10-08 08:22,100.71939,13.80035,มีนบุรี,มีนบุรี,ขอความช่วยเหลือด่วนที่สุด: ปัญหาน้ำท่วมขังเน่าเสียสะสมนานเกิน 10 วัน ส่งกลิ่นเหม็นและกระทบต่อสุขภาพอนามัยอย่างรุนแรง บริเวณซอยรามคำแหง 174 เรียน: ผู้อำนวยการเขตมีนบุรี และ ผู้ว่าราชการกรุงเทพมหานคร เนื่องด้วยขณะนี้ พื้นที่ซอยรามคำแหง 174 ชุมชนบัวขาว (ฝั,https://storage.googleapis.com/traffy_public_bucket/attachment/2026-10/0f7613bf4b276f02628c943ca79be033.jpeg
2026-R99BAF,forward,2026-10-07 20:13,2026-10-08 11:51,100.65013,13.9217,สายไหม,สายไหม,ถนนสายไหม น้ำท่วมขังไม่แห้งเลย ความสูงระดับล้นฟุตบาทคะ น้ำท่วมมาแล้วตั้งแต่น้ำท่วมปลายเดือนกันยายน,https://storage.googleapis.com/traffy_public_bucket/attachment/2026-10/f34b095e090bc56aef4a68db0797030c.jpeg
2026-KFT2TC,inprogress,2026-10-07 20:19,2026-10-08 15:44,100.68969,13.84571,คลองสามวา,บางชัน,"เรื่อง: FL-20261006-112520-C04D แจ้งเมื่อ: 6 ต.ค. 2569 11:25 น. ประเภทเรื่อง: ภัยพิบัติ / น้ำท่วม ปัญหาที่แจ้ง: น้ำท่วม / น้ำขัง, ท่อตัน / ระบายน้ำไม่ได้, ขยะ / น้ำเน่า / กลิ่นเหม็น ความช่วยเหลือที่ต้องการ: สูบน้ำ / ระบายน้ำ, ประสานหน่วยงาน ข้อความที่ผู้แ",https://storage.googleapis.com/traffy_public_bucket/attachment/2026-10/713a2b0109c2634e1bd9f94cb1c9b67d.jpeg
2026-2L4T7F,start,2026-10-07 20:21,2026-10-07 20:21,100.72818,13.76356,ลาดกระบัง,คลองสองต้นนุ่น,เรื่องเงินเยียวยา9000บาทคะของหนุคือห้องเช่าคะบ้นเลขที่144/231ห้อง1เคหะร่มเกล้าซอย60 แขวงคลองสองต้นนุ่นเขตลาดกระบัง จ.กทม.10520 เจ้าของห้องเช่าไม่ให้รหัสบ้านเพราะกลัวว่าจะเสียสิทธิ์ที่จะขอรับเงินซ่อมแซมคะ ความสูงระดับสูงกว่าเอว น้ำท่วมมาแล้วมากกว่า 1 สัปดา,https://storage.googleapis.com/traffy_public_bucket/attachment/2026-10/7270d443fbafe79e5febb48ed95d2507.jpeg
2026-J7HWPF,start,2026-10-07 20:28,2026-10-07 20:28,100.74855,13.73648,ลาดกระบัง,คลองสามประเวศ,ตลอดทั้งซอยมีน้ำท่วมขังเป็นเวลาประมาณ 10 กว่าวันแล้ว ปัจจุบันระดับน้ำยังไม่ลดลงและพอมีฝนตกลงมาน้ำก็เพิ่มระดับขึ้นอีก อีกทั้งน้ำมีกลิ่นเน่าเหม็น ซึ่งก่อให้เกิดความเดือดร้อนต่อผู้ที่พักอาศัยบริเวณใกล้เคียงเป็นอย่างมาก จึงขอให้หน่วยงานที่เกี่ยวข้องเร่งดำเนิน,https://storage.googleapis.com/traffy_public_bucket/attachment/2026-10/e4ca18702b45616332145ec4834c51e2.jpeg
2026-AFB6BH,start,2026-10-07 20:29,2026-10-07 20:29,100.71567,13.76489,ลาดกระบัง,คลองสองต้นนุ่น,น้ำท่วมทางเข้าหมู่บ้านคาซ่าวิลล์รามคำแหงวงแหวนสองตั้งแต่วันที่ 28 ตุลาคมจนขณะนี้รถลึกยังไม่สามารถสัญจรได้ต้องขอไปออกอีกหมู่บ้านหนึ่งซึ่งการอนุญาตใกล้สิ้นสุดลงในวันที่ 10 ตุลาคมหากไม่ได้รับอนุญาตให้ออกทางหมู่บ้านนั้นลูกบ้านจะไม่สามารถออกไปทำงานได้ขอให้กทม.,https://storage.googleapis.com/traffy_public_bucket/attachment/2026-10/09d799d5771e4e6be0f95cc1450037c8.jpeg
2026-RCBDZV,start,2026-10-07 20:37,2026-10-07 20:37,100.71436,13.76441,ลาดกระบัง,คลองสองต้นนุ่น,น้ำท่วมทางเข้าหมุ่บ้านตั้งแต่วันที่ 27.09.2569 ครับ ความสูงระดับเมื่อกี๊เข้ามาสูงเกินครึ่งล้อแล้วครับ น้ำท่วมมาแล้วเสาร์ที่ 27.09.2569,https://storage.googleapis.com/traffy_public_bucket/attachment/2026-10/fdd0afe71abfde2e5f31b37cba1904f9.jpeg
2026-F8YXMG,inprogress,2026-10-07 20:44,2026-10-08 07:47,100.67762,13.84186,คันนายาว,คันนายาว,13วันแล้วยังมีน้ำท่วมขังอยู่ ความสูงระดับหน้าแข้ง น้ำท่วมมาแล้วมากกว่า 1 สัปดาห์,https://storage.googleapis.com/traffy_public_bucket/attachment/2026-10/thumb_673392a4f91dd76996b1d5e30d3c5783.jpg
2026-X3U3RM,inprogress,2026-10-07 20:47,2026-10-08 15:43,100.68829,13.8466,คลองสามวา,บางชัน,"เรื่อง: FL-20261006-114436-C48A แจ้งเมื่อ: 6 ต.ค. 2569 11:44 น. ประเภทเรื่อง: ภัยพิบัติ / น้ำท่วม ปัญหาที่แจ้ง: น้ำท่วม / น้ำขัง, ขยะ / น้ำเน่า / กลิ่นเหม็น ความช่วยเหลือที่ต้องการ: สูบน้ำ / ระบายน้ำ, สวัสดิการ / สิทธิ์ / เบี้ยยังชีพ ข้อความที่ผู้แจ้งเขีย",https://storage.googleapis.com/traffy_public_bucket/attachment/2026-10/a89c77b1849853a07cd2ee751b62cde6.jpeg
2026-9MX8WE,start,2026-10-07 20:51,2026-10-07 20:51,100.71567,13.76489,ลาดกระบัง,คลองสองต้นนุ่น,ตั้งแต่วันที่ 28 ก.ย.69 ที่มีฝนตกหนัก และตกต่อเนื่องกันเป็นเวลาหลายวัน ทำให้เกิกน้ำท่วมขังสูงมาก รถเล็กไม่สามารถสัญจรผ่านเข้าออกปากซอยหมู่บ้านได้ ทำให้เกิดความลำบากในการใช้ชีวิต ปัจจุบันวันที่ 7 ต.ค.69 ระดับน้ำก็ยังคงสูงอยู่ และเน่าเหม็น ซึ่งยังไม่มีหน่วย,https://storage.googleapis.com/traffy_public_bucket/attachment/2026-10/thumb_79c6aaa4c66acb33267fa0453b5ed163.jpg
2026-MR43JP,start,2026-10-07 20:51,2026-10-07 20:51,100.7173,13.76309,ลาดกระบัง,คลองสองต้นนุ่น,ตอนนี้หน้าหมู่บ้านคาซ่าวิลล์รามคำแหง-วงแหวน2 น้ำขังจนรถเล็กออกไม่ได้จะ2อาทิตย์แล้วยังออกไม่ได้ ประมาน40-50เซ็นค่ะ 10วันคะ,https://storage.googleapis.com/traffy_public_bucket/attachment/2026-10/304e075354e370dec1fdb10a1174cd88.jpeg
2026-P4MD6B,start,2026-10-07 21:01,2026-10-07 21:01,100.71779,13.76281,ลาดกระบัง,คลองสองต้นนุ่น,ถนนทางเข้าหมู่บ้านน้ำท่วมมาเกือบ 10 วันแล้วแต่น้ำไม่ลงเลยไม่สามารถเดินทางเข้าออกนอกหมู่บ้านได้โดยเฉพาะรถเก๋งหรือรถเล็กเพราะฉะนั้นต้องการให้ทางเขตมาสูบน้ำออกหรือจัดการปัญหาเรื่องน้ำเพราะคนในหมู่บ้านไม่สามารถออกไปซื้อของกินของใช้ต้องเดินออกไปเท่านั้นซึ่งระย,https://storage.googleapis.com/traffy_public_bucket/attachment/2026-10/thumb_486405d4b52b4e01ed93c16365d1cce4.jpg
2026-EUD4UM,inprogress,2026-10-07 21:04,2026-10-08 08:19,100.71834,13.793,มีนบุรี,มีนบุรี,เขตมีนบุรี ซอยรามคำแหง 174 น้ำยังท่วมขังอยู่เลยครับ ความสูงระดับสูงประมาน 10-15 ซม หน้าปากซอย สลับกันไปมา น้ำท่วมมาแล้ววันที่ 25 กันยายน 2569,https://storage.googleapis.com/traffy_public_bucket/attachment/2026-10/thumb_63b03d4397407c2c3a351af70a3811ad.jpg
2026-3EMNDV,inprogress,2026-10-07 21:08,2026-10-08 09:10,100.66257,13.79907,บึงกุ่ม,คลองกุ่ม,น้ำท่วมฝนไม่ตกก็ท่วมน้ำขังไม่หาย ความสูงระดับหน้าแข้ง น้ำท่วมมาแล้วมากกว่า 1 สัปดาห์,https://storage.googleapis.com/traffy_public_bucket/attachment/2026-10/a1c601bc1bc78accfcf7b3f9fbd64205.jpeg
2026-Y76U47,inprogress,2026-10-07 21:08,2026-10-08 07:47,100.62288,13.68811,พระโขนง,บางจาก,เขตมาทำบ่อน้ำหลังบ้านรั้วพัง #ขอกระสอบทราย/อื่นๆ,https://storage.googleapis.com/traffy_public_bucket/attachment/2026-10/d551aa3c5b8724e57a04e386bf1e5493.jpeg
2026-2PG7NE,start,2026-10-07 21:13,2026-10-07 21:13,100.74441,13.74994,ลาดกระบัง,คลองสามประเวศ,น้ำท่วมขังในซอยร่มเกล้า 42 หมู่บ้านรุ่งกิจวิลล่า 7 มาตั้งแต่ 25 กันยา แล้วค่ะ ถนนเส้นร่มเกล้าแห้งก็จริง แต่ในซอยที่เป็นหมู่บ้านท่วมค่ะ น้ำไม่ไปไหนเลยค่ะ ลดลงมาแล้ว พอเมื่อคืนฝนตกก็เพิ่มขึ้นมาจากเดิมอีกค่ะ พอมาช่วยสูบน้ำในหมู่บ้านได้มั้ยคะ ความสูงระดับตอนน,https://storage.googleapis.com/traffy_public_bucket/attachment/2026-10/c7e3ed8dbee3a88d1f5e09bef7c449c0.jpeg
2026-7JL2CR,start,2026-10-07 21:17,2026-10-07 21:17,100.71824,13.76378,ลาดกระบัง,คลองสองต้นนุ่น,น้ำท่วมทางเข้าหมู่บ้าน คาซ่าวิลล์(รามคำแหง-วงแหวน2) มากกว่า 1 สัปดาห์แล้วคะ เสมอฟุตบาทคะ ตั้งแต่วันที่ 26/09 ที่ท่วมสูงจนรถไม่สามารถสัญจรได้ ถึงวันนี้ 7/10 ระดับน้ำยังไม่แห้งเลยคะ,https://storage.googleapis.com/traffy_public_bucket/attachment/2026-10/25e986c69fc62f93d016af708bc8fe5f.jpeg
2026-MR7HLV,start,2026-10-07 21:20,2026-10-07 21:20,100.71764,13.76336,ลาดกระบัง,คลองสองต้นนุ่น,ขอรถสูบน้ำออก เพื่อเอาไปทิ้งในที่ที่ไม่ท่วมเหมือนกันได้ไหมคะ ทางเขตสามารถดูแลเรื่องนี้ได้หรือไม่ ความสูงระดับซอยเคหะร่มเกล้า41 น้ำท่วมมาแล้วตอนนี้ 20-30 ซม ถนนเข้าหมู่บ้าน,https://storage.googleapis.com/traffy_public_bucket/attachment/2026-10/8095751a931b65cbe281018514fdcb24.jpeg
2026-33T6Y4,start,2026-10-07 21:30,2026-10-07 21:30,100.71321,13.76469,ลาดกระบัง,คลองสองต้นนุ่น,ตั้งแต่วันที่ 25 กันยายน 2569 ที่มีฝนตกหนักต่อเนื่องติดต่อกัน จนทำให้น้ำท่วมขังถนนทางเข้าหมู่บ้านคาซ่าวิลล์ (รามคำแหง-วงแหวน2) ซึ่งระดับน้ำสูงจนทำให้รถเล็กไม่สามารถขับผ่านได้ ทำให้การเดินทางสัญจรใช้ชีวิตประจำวัน ไปทำงานอย่างยากลำบากมาก และน้ำยังคงท่วมขังม,https://storage.googleapis.com/traffy_public_bucket/attachment/2026-10/thumb_8e1637b4e49e2c4c87d397a797fc9c5e.jpg
2026-LAL22J,start,2026-10-07 21:32,2026-10-07 21:32,100.7157,13.76789,ลาดกระบัง,คลองสองต้นนุ่น,น้ำท่วมขังทางเข้าออกสูงระดับเข่ามาเกิน 7 วัน รถไม่สามารถสัญจรได้สะดวกและเกิดความเสียหาย ให้ กทม มาช่วยระบายน้ำออกให้หน่อยค่ะ ความสูงระดับหน้าแข้ง น้ำท่วมมาแล้วมากกว่า 1 สัปดาห์,https://storage.googleapis.com/traffy_public_bucket/attachment/2026-10/42c08861e7d200943795ef4ad6d9d347.jpeg
2026-9EDANC,inprogress,2026-10-07 21:35,2026-10-07 23:31,100.48005,13.64703,ทุ่งครุ,บางมด,น้ำท่วมขัง ระบายไม่ได้ ปากซอยพุทธ36 น้ำท่วมขัง พื้นที่ในซอยระบายน้ำไม่ได้ น้ำท่วมมิดข้อเท้าสูงประมาณ 15-30 ซม. ความสูงระดับมิดฟุตบาท น้ำท่วมมาแล้วท่วมหลายเดือนแบบนี้ น้ำค่อยๆรอระบาย,https://storage.googleapis.com/traffy_public_bucket/attachment/2026-10/aa465ef24f9890aef1d1d21f292a8d12.jpeg
2026-UHYNUD,forward,2026-10-07 21:35,2026-10-08 07:43,100.46598,13.78255,ตลิ่งชัน,ตลิ่งชัน,เครื่องสูบน้ำไม่ทำงาน ความสูงระดับข้อเท้า น้ำท่วมมาแล้วน้อยกว่า 1 วัน,https://storage.googleapis.com/traffy_public_bucket/attachment/2026-10/722c4df1a1697a6836c890973f072fe6.jpeg
2026-4MC3W4,inprogress,2026-10-07 21:39,2026-10-08 11:50,100.64959,13.92603,สายไหม,สายไหม,ซอยสายไหม 29 หมู่บ้านเสริมศิริ แขวงสายไหม เขตสายไหม กทม. น้ำท่วม ถนนสายหลักของหมู่บ้านแห้งแล้วแต่ตามซอยย่อยน้ำท่วมขังมาตั้งแต่วันที่ 25 กันยายน 2569 ปัจจุบันวันนี้วันที่ 7 ตุลาคม 2569 น้ำยังท่วมขังอยู่เลย ไม่มีท่าทีว่าจะลด มีทั้งหมด 13 ซอยย่อย น้ำท่วมทุกซ,https://storage.googleapis.com/traffy_public_bucket/attachment/2026-10/d76d145fc7d3165f4d107ffa3940d769.jpeg
2026-FKAACK,start,2026-10-07 21:40,2026-10-07 21:40,100.71362,13.76499,ลาดกระบัง,คลองสองต้นนุ่น,น้ำท่วมซอยตั้งแต่วันที่ 26/9/2569 ปัจจุบันยังไม่มีทีท่าที่จะลดลง การสัญจรรถเล็กไม่สามารถออกได้อยากให้เข้ามาช่วยจัดการด่วนหน่อยค่ะ ความสูงระดับท่วมเลยฟุตบาทค่ะ น้ำท่วมมาแล้ว12 วัน,https://storage.googleapis.com/traffy_public_bucket/attachment/2026-10/ab170657c41d1b26bfd0f56c7e2b64a2.jpeg
2026-FFLCF6,inprogress,2026-10-07 21:43,2026-10-08 13:58,100.70432,13.84741,คลองสามวา,บางชัน,มีน้ำท่วมสูง 20-60 ซ.ม. เป็นเวลา 13 วัน เดินทางเข้า-ออกลำบาก น้ำเริ่มเน่าเหม็น ช่วยมาตรวจสอบและช่วยเหลือหน่อย มีผู้สูงอายุที่มีโรคประจำตัว 5-6คน ความสูงระดับหัวเข่า น้ำท่วมมาแล้วมากกว่า 1 สัปดาห์,https://storage.googleapis.com/traffy_public_bucket/attachment/2026-10/ffc4c685212829c55e22308730e0a6b5.jpeg
2026-H8L3YH,start,2026-10-07 22:01,2026-10-07 22:01,100.73807,13.72374,ลาดกระบัง,ลาดกระบัง,ซอยลาดกระบัง3 (วัดสังฆราชา) 12 วันแล้วค่ะ ..น้ำลงกี่โมง ⁉️ เดินเข้าออกลำบากมาก มอเตอร์ไซด์ดับหลายคัน รถเล็กเข้าออกไม่ได้ ได้แต่รถที่สูงๆ …วอนผู้เกี่ยวข้องมาดูค่ะ … ความสูงระดับหัวเข่า น้ำเน่าเหม็น ส่งกลิ่น น้ำท่วมมาแล้วมากกว่า 1 สัปดาห์,https://storage.googleapis.com/traffy_public_bucket/attachment/2026-10/0fff2fdf34f2360ff7509f666cf667ee.jpeg
2026-LHXPZA,start,2026-10-07 22:04,2026-10-07 22:04,100.71492,13.76531,ลาดกระบัง,คลองสองต้นนุ่น,ขอความช่วยเหลือเร่งด่วนค่ะ มีน้ำท่วมขังสูงระดับหัวเข่าในบ้างจุด บริเวณเส้นทางเข้าหมู่บ้านคาซ่าวิลล์ รามคำแหง-วงแหวน 2 (เขตลาดกระบัง) ท่วมขังต่อเนื่องตั้งแต่วันที่ 28 ก.ย. จนถึงวันนี้ (7 ต.ค.) รวมเวลากว่า 1 สัปดาห์แล้ว รถเล็กไม่สามารถสัญจรผ่านสะพานทางเข้าไ,https://storage.googleapis.com/traffy_public_bucket/attachment/2026-10/9888ca03bcd169027143d7b9cff13a3e.jpeg
2026-FHE7CD,start,2026-10-07 22:10,2026-10-07 22:10,100.7933,13.79452,ลาดกระบัง,ลำปลาทิว,อยากให้มาช่วยเหลือชุมชนริมคลองบึงใหญ่พื้นที่บริเวณซอยคุ้มเกล้า 1/5 กับซอยสุวินทวงศ์42 ตั้งแต่ศูนย์กีฬา 72 และหลังวัดทองสัมฤทธิ์ ชุมชนบ้านตามคลองบึงใหญ่ไปจนคลองลำกอไผ่ มีน้ำท่วมขังตั้งแต่ช่วงเย็นวันศุกร์ 25/9/2026 จนตอนนี้วันที่ 7/10/2569 น้ำยังท่วมขังอยู่,https://storage.googleapis.com/traffy_public_bucket/attachment/2026-10/9431f9fa8e98cfcaddb4e1a7c771d3fa.jpeg
2026-ZZ4RGP,inprogress,2026-10-07 22:23,2026-10-08 08:15,100.86144,13.798,หนองจอก,ลำผักชี,ตามที่มีการสื่อสารเกี่ยวกับเงินชดเชย แจ้งว่ากรณีน้ำล้อมบ้าน แต่ไม่เข้าตัวบ้าน ทำให้การดำรงชีวิต และการเดินทางเพื่อประกอบอาชีพติดขัด แล้วจะได้เงินชดเชยด้วย แต่พอตรวจสอบสิทธิ์แล้วไม่ได้ ตกลงหน่วยงานไหนจะรับผิดชอบในกรณีนี้ 50 ซม. 12 วัน,https://storage.googleapis.com/traffy_public_bucket/attachment/2026-10/4353fd0ed24ddaaade205a854c0e990e.jpeg
2026-B44W9E,start,2026-10-07 22:27,2026-10-07 22:27,100.71568,13.76791,ลาดกระบัง,คลองสองต้นนุ่น,น้ำท่วมขังระดับสูง ในซอย รถเล็กไม่สามารถสัญจรได้มาเป็นเวลากว่า 10 วันแล้ว (ตั้งแต่ 28 ก.ย. จนถึงปัจจุบัน 7 ต.ค. 69) พิกัด : ซอยทางเข้าหมู่บ้าน CASA VILLE รามคำแหง-วงแหวน 2 ไม่มีเลขซอย จุดสังเกต คือ อยู่ตรงข้ามซอยเคหะร่มเกล้า 66 เป็นซอยที่เป็นที่ลุ่มต่ำ,https://storage.googleapis.com/traffy_public_bucket/attachment/2026-10/b0741a2dff7d4bafadc0d498698f74d4.jpeg
2026-FY4JEA,inprogress,2026-10-07 22:31,2026-10-08 08:11,100.7193,13.80052,มีนบุรี,มีนบุรี,น้ำท่วมไม่มีหน่วยงานดูแล แจ่งหลายรอบไม่มีตอบสนองอะไรเลย ความสูงระดับข้อเท้า น้ำท่วมมาแล้วมากกว่า 1 สัปดาห์,https://storage.googleapis.com/traffy_public_bucket/attachment/2026-10/thumb_7b7db1ba53f7bcff2b12b16ea364a849.jpg
2026-NLZUWV,inprogress,2026-10-07 22:32,2026-10-08 07:22,100.68833,13.76061,สะพานสูง,สะพานสูง,น้ำท่วมทางเข้าหมู่บ้าน ความสูงระดับข้อเท้า น้ำท่วมมาแล้วมากกว่า 1 สัปดาห์,https://storage.googleapis.com/traffy_public_bucket/attachment/2026-10/ae6b199d7b7f79ecd8a5309083d1fb9a.jpeg
2026-XMZ6JR,start,2026-10-07 22:42,2026-10-07 22:42,100.71536,13.7693,ลาดกระบัง,คลองสองต้นนุ่น,ช่วยมาดูน้ำชุมชมริมคลองลาดบัวขาว และตามซอกซอยด้วยค่ะ ร่มเกล้าแห้งแล้ว แถวนี้ยังท่วมอยู่เลย ฝนมาก็ท่วมซ้ำ บ้านต่ำๆน้ำเข้าบ้านรอบ2แล้ว ความสูงระดับหน้าแข้ง น้ำท่วมมาแล้วมากกว่า 1 สัปดาห์,https://storage.googleapis.com/traffy_public_bucket/attachment/2026-10/3aaddd28b8c6a6fab7dee17c9cea426d.jpeg
2026-7CKXML,start,2026-10-07 23:01,2026-10-07 23:01,100.71803,13.7649,ลาดกระบัง,คลองสองต้นนุ่น,น้ำท่วม รถเข้าออกหมู่บ้านไม่ได้ ความสูงระดับหน้าแข้ง น้ำท่วมมาแล้วมากกว่า 1 สัปดาห์,https://storage.googleapis.com/traffy_public_bucket/attachment/2026-10/4e259a1b68af286fa39ab20930bd2460.jpeg
2026-J442G9,start,2026-10-07 23:01,2026-10-07 23:01,100.7157,13.76794,ลาดกระบัง,คลองสองต้นนุ่น,น้ำท่วมรถเตี้ยผ่านยาก ท่วมมา 10 วันแล้ว อยากให้ช่วยแก้ปัญหา ความสูงระดับหน้าแข้ง น้ำท่วมมาแล้วมากกว่า 1 สัปดาห์,https://storage.googleapis.com/traffy_public_bucket/attachment/2026-10/eaff838bd19fa691c53b08878eb94fb1.jpeg
2026-RM7DJG,inprogress,2026-10-07 23:04,2026-10-08 08:38,100.67541,13.72302,ประเวศ,ประเวศ,ซอยอ่อนนุช 61 แยก 2-5 น้ำที่ท่วมยังไม่ลด และมีน้ำที่เพิ่มขึ้นมา น้ำไม่ลดเลย ท่วมมาแล้ว 13 วัน มีทั้งขยะ และกลิ่นน้ำเน่า ตอนนี้คนในซอยใช้ชีวิตลำบากมาก ไม่สามารถเอารถเข้า ออกได้ ออกไปทำงานไม่ได้ รบกวนทางเขต และกทม เข้ามาดูหน่อยนะคะ ใช้ชีวิตลำบากจริงๆค่ะ ควา,https://storage.googleapis.com/traffy_public_bucket/attachment/2026-10/e05cf52a5c03456abd15e7b373acd335.jpeg
2026-KFU6RM,start,2026-10-07 23:18,2026-10-07 23:18,100.71571,13.76793,ลาดกระบัง,คลองสองต้นนุ่น,แจ้งน้ำท่วมทางเข้าซอยหมู่บ้านคาซ่าวิลล์ รามคำแหง-วงแหวน2 และบ้านเรือนของชาวบ้าน ทำให้การสัญจรเข้าออกของรถเล็กไม่ได้ ซึ่งท่วมมาตั้งแต่วันที่ 25/9/69 จนถึงปัจจุบันระดับน้ำยังทรงตัว ความสูงระดับ15-30 ซม. น้ำท่วมมาแล้วมากกว่า 1 สัปดาห์,https://storage.googleapis.com/traffy_public_bucket/attachment/2026-10/37ed7751c750217de0715d65bc1f228d.jpeg
2026-6C8ZDC,start,2026-10-07 23:29,2026-10-07 23:29,100.71841,13.76391,ลาดกระบัง,คลองสองต้นนุ่น,ตั้งแต่วันที่ 25 กันยายนที่ผ่านมา ที่มีฝนตกหนักต่อเนื่องหลายวันทั้งกลางวันกลางคืนจนทำให้มีน้ำท่วมขังสูงบริเวณถนนทางเข้าออกหมู่บ้านคาซ่าวิลล์รามคำแหง-วงแหวน2 รถเก๋งไม่สามารถสัญจรได้ ต้องอาศัยขอความช่วยเหลือจากรถกระบะยกสูงในการสัญจรเข้าออกเพื่อใช้ชีวิตประ,https://storage.googleapis.com/traffy_public_bucket/attachment/2026-10/cf2fc18669e1544002157d1f2b954a2c.jpeg
2026-6NALX9,start,2026-10-07 23:44,2026-10-07 23:44,100.71745,13.76432,ลาดกระบัง,คลองสองต้นนุ่น,ทางเข้าหมู่บ้านน้ำท่วมเป็นระยะเวลา 2 อาทิตย์แล้วค่ะน้ำระดับหัวเข่าไม่สามารถสัญจรได้เลยค่ะรถเล็กเดินทางลำบากมากๆค่ะ ความสูงระดับหัวเข่า น้ำท่วมมาแล้วมากกว่า 1 สัปดาห์,https://storage.googleapis.com/traffy_public_bucket/attachment/2026-10/11648260bfe3cca13da39cc1d34135c7.jpeg
2026-37KC98,forward,2026-10-07 23:56,2026-10-08 08:33,100.82564,13.78701,หนองจอก,ลำผักชี,ถนนช่วงหน้าโรงงาน FBT มีน้ำท่วมขังสูง ฟุตบาท ประมาณวันที่ 27 กันยายน ถึงปัจจุบัน,https://storage.googleapis.com/traffy_public_bucket/attachment/2026-10/d170000ef91cf24bd074a3b9f815c823.jpeg
