ticket,state,reported,last_activity,lon,lat,district,subdistrict,description,photo_url
2026-NL7RXW,forward,2026-09-28 00:05,2026-09-28 21:25,100.55428,13.82212,จตุจักร,จตุจักร,คือโทรไปแจ้งมาแล้วค่ะว่าได้รับผลกระทบจากน้ำท่วม 1.น้ำท่วมตั้งแต่วันที่25มีเข้าถึงบ้สนแล้วจนตอนนี้ยังไม่ลดมีแนวโน้มเพิ่มขึ้นด้วย 2.คลองหลังบ้านแตกน่าจะเป็นสาเหตุที่ทำให้น้ำไม่เกิดการระบาย เพราะระแวกที่อยู่ตอนนี้น้ำลดทั่วแล้วเหลือแต่ตรงที่อยู่ที่มีน้ำท่วมแล,https://storage.googleapis.com/traffy_public_bucket/attachment/2026-09/6fa96ea7b97597271d8bf7d92f268c5e.jpeg
2026-DX7XZP,forward,2026-09-28 00:07,2026-09-28 01:11,100.61749,13.74259,สวนหลวง,สวนหลวง,รบกวนช่วยดูการระบายน้ำหลัง the nine พระรามเก้า เขตสวนหลวง ให้หน่อยนะครับ ก่อนหน้านี้มีเครื่องสูบน้ำ ใกล้ร้านเผิงโหย่ว ทำให้ระดับน้ำลดลงได้เร็ว มีคลองกะจะ ที่เชื่อมไปยังคลองแสนแสบ น่าจะช่วยระบายได้เร็วขึ้นครับ แล้วก็คลองลาว วิ่งผ่าน the nine ไปคลองพระโขนง ,https://storage.googleapis.com/traffy_public_bucket/attachment/2026-09/268a1e0245f9bfae3e7f86f82cb404b9.jpeg
2026-87T7V6,inprogress,2026-09-28 00:08,2026-09-28 06:41,100.7025,13.82182,คลองสามวา,บางชัน,น้ำท่วมเข้าบ้าน ความสูงประมาณครึ่งหน้าแข้ง ของในบ้านเสียหาย ความสูงระดับหน้าแข้ง น้ำท่วมมาแล้วเกือบ2วัน,https://storage.googleapis.com/traffy_public_bucket/attachment/2026-09/287464d50c8f2155af86dde5d0194041.jpeg
2026-837F98,finish,2026-09-28 00:10,2026-10-05 13:18,100.77,13.82241,มีนบุรี,แสนแสบ,ที่บ้านท่วมค่ะ และน้ำยังคงขึ้นเรื่อยๆ จึงทำให้ห้องน้ำที่บ้านไม่สามารถใช้งานได้ค่ะ จึงมาแจ้งขอสุขาลอยน้ำค่ะ ความสูงระดับหัวเข่า น้ำท่วมมาแล้วน้อยกว่า 1 สัปดาห์,https://storage.googleapis.com/traffy_public_bucket/attachment/2026-09/82120df3dc2f099009b8fc476340a515.jpeg
2026-FYRHTD,inprogress,2026-09-28 00:11,2026-09-28 09:39,100.64921,13.72066,ประเวศ,ประเวศ,น้ำท่วมขังมา3วันแล้ว ที่อ่อนนุช53แยก1-12 ไม่มีหน่วยงานใดเข้ามาช่วยเหลือเลย ออกไปซื้อของที่เซเว่น ของกินก็หมด อยากให้มาช่วยสูบน้ำออกไปค่ะ ความสูงระดับประมาณ40เซนค่ะ น้ำท่วมมาแล้ว3วันค่ะ,https://storage.googleapis.com/traffy_public_bucket/attachment/2026-09/3446e8f86a0b3a3185783c4604b3b683.jpeg
2026-XBFBJK,finish,2026-09-28 00:13,2026-09-29 23:17,100.60922,13.85219,บางเขน,อนุสาวรีย์,ลาดปลาเค้า 62 น้ำไม่ไหลแล้ว #ขอกระสอบทราย/อื่นๆ,https://storage.googleapis.com/traffy_public_bucket/attachment/2026-09/ba1ff24940dadc572808381d21799e45.jpeg
2026-9TPJ9D,inprogress,2026-09-28 00:16,2026-09-28 08:28,100.68631,13.76868,สะพานสูง,สะพานสูง,น้ำท่วมมา 2 วันเต็มๆแล้ว น้ำไม่ลดเลย ทั้งซอยรามคำแหง 118 ช่วยมาดู มาสูบน้ำออกหน่อยค่ะ ความสูงระดับประมารเลยเข่าขึ้นไปค่ะ รถออกจากบ้านไม่ได้ น้ำท่วมมาแล้วตั้งแต่คืนวันศุกร์ค่ะ,https://storage.googleapis.com/traffy_public_bucket/attachment/2026-09/8cc6aeb3189dfd53a3d7579ebcd31b7f.jpeg
2026-GJRTV4,inprogress,2026-09-28 00:17,2026-09-28 12:39,100.65287,13.78561,บึงกุ่ม,คลองกุ่ม,ขออาหาร และน้ำดื่ม กำลังเริ่มหมด #ขอกระสอบทราย/อื่นๆ,https://storage.googleapis.com/traffy_public_bucket/attachment/2026-09/120f095584fac2f28012b73e8d3d22fe.jpeg
2026-8KK24A,inprogress,2026-09-28 00:20,2026-09-28 08:29,100.68537,13.75461,สะพานสูง,สะพานสูง,ซอยรามคำแหง 118 โดยเฉพาะแยก 70 เป็นต้นไป น้ำท่วมขังสูงเป็นเวลา 3 วัน ไม่ลดลงแถมเพิ่มอย่างต่อเนื่อง จากข้อมูลยังไม่มีภาครัฐเข้ามาช่วยเรื่องนี้ เป็นซอยที่มีผู้สูงอายุและลึกมาก ช่วงกลางซอยเป็นแอ่งกระทะหลายจุดทำให้ไม่สามาขับรถออกไปได้ ตามข่าวไม่มีการพูดถึง ทั,https://storage.googleapis.com/traffy_public_bucket/attachment/2026-09/17dae698e804217f50f5f01985b67f79.jpeg
2026-8TJEL9,inprogress,2026-09-28 00:21,2026-09-28 08:30,100.67917,13.7794,สะพานสูง,สะพานสูง,น้ำท่วมขังในซอย เท่าเดิมมาวันที่2แล้ว ความสูงระดับถ้ายืนบนถนนเท่าเข่าค่ะ น้ำท่วมมาแล้ว2วันค่ะ,https://storage.googleapis.com/traffy_public_bucket/attachment/2026-09/thumb_58e866da3606f97ab2864e5fd302dc48.jpg
2026-R47DVH,inprogress,2026-09-28 00:21,2026-09-28 08:29,100.67926,13.77947,สะพานสูง,สะพานสูง,น้ำขัง ไม่ลดลงเลย ไม่แน่ใจว่ามีใครมาช่วยสูบน้ำมั้ย เพราะขนาดฝนไม่ตก น้ำก็ไม่ลดลงเลยทั้งซอย ความสูงระดับหน้าแข้ง น้ำท่วมมาแล้วน้อยกว่า 1 สัปดาห์,https://storage.googleapis.com/traffy_public_bucket/attachment/2026-09/0a0c836bd0f8f21131fdb39f9812ea76.jpeg
2026-FM9Y3Y,inprogress,2026-09-28 00:22,2026-09-28 11:50,100.65473,13.78601,บึงกุ่ม,คลองกุ่ม,น้ำท่วมนวมิทร์ 24 ข้างในออกมาไม่ได้ น้ำสูง ไม่มีอาหาร ความสูงระดับในซอยประมาณเอวบางจุดค่ะ เลยเข่า น้ำท่วมมาแล้วน้อยกว่า 1 สัปดาห์,https://storage.googleapis.com/traffy_public_bucket/attachment/2026-09/cdbed5bac362cc2cf9bb46aa604b3a33.jpeg
2026-J66KT3,finish,2026-09-28 00:22,2026-10-05 15:20,100.62416,13.75316,บางกะปิ,หัวหมาก,น้ำท่วมขังจนถึงเข่ามาสามวันได้แล้ว บริเวณนี้มีผู้อยู่อาศัยมาก และมีออฟฟิศทำงาน อยากให้ช่วยมาดูแลระบายน้ำทีครับ ความสูงระดับหัวเข่า น้ำท่วมมาแล้วน้อยกว่า 1 สัปดาห์,https://storage.googleapis.com/traffy_public_bucket/attachment/2026-09/3acc51451d47230e11cab97cb4b7ef24.jpeg
2026-D8T8V9,inprogress,2026-09-28 00:24,2026-09-28 15:14,100.64824,13.78078,บางกะปิ,คลองจั่น,น้ำท่วมขังในบ้านตั้งแต่เช้าวันเสาร์ 26 ก.ย. 2569 เวลา 8.30 น. จนถึงตอนนี้ปัจจุบันวันอาทิตย์ 28 ก.ย. 2569 เวลา 00.17 น. น้ำสูงประมาณ 30 ซ.ม. ติดต่อขอคนมารับผู้สูงอายุเพื่อพาออกนอกพื้นที่ก่อนเหตุการณ์จะแย่กว่านี้ ติดต่อทั้งทีม ส.ก. ทีมทหาร สนง. เขต แต่ไม่,https://storage.googleapis.com/traffy_public_bucket/attachment/2026-09/96a59eafa04dcac3b3aa2151f6e6668b.jpeg
2026-FKYR4K,finish,2026-09-28 00:24,2026-10-05 15:20,100.62222,13.75353,บางกะปิ,หัวหมาก,เรียนทีมชัชชาติ ราชมังท่วมหนักมาก คนบางกะปิ คนรามคำแหงก็คนกรุงเทพ เราแค่คนชั้นนอกเอง รู้ครับพื้นที่ลุ่มต่ำ ติดคลอง แต่ถูกละเลยมาตลอด ในเมืองลดแล้วพวกคุณสนใจแต่ชั้นในมากกว่า ตอนนี้พื้นที่เจตุนี้หนักเป็นอันดับ1แต่กลับถูกเมินเฉยเพราะแค่ไม่ใช่ในเมือง จะได้มี,https://storage.googleapis.com/traffy_public_bucket/attachment/2026-09/e72fc10ea2cbeb2d2c1e258fe720ce93.jpeg
2026-R3FCED,inprogress,2026-09-28 00:27,2026-09-28 08:31,100.6792,13.77937,สะพานสูง,สะพานสูง,น้ำท่วมขังบริเวณในซอยราม118 มา2วันแล้ว อาหารใน7/11 เริ่มร่อยหรอ ความสูงระดับหัวเข่า ถ้ายืนที่ถนน น้ำท่วมมาแล้ว2วัน,https://storage.googleapis.com/traffy_public_bucket/attachment/2026-09/ad917775ee5630276c9e665937a0c66c.jpeg
2026-XWBFZF,finish,2026-09-28 00:28,2026-10-05 13:21,100.77012,13.82241,มีนบุรี,แสนแสบ,ที่บ้านท่วมค่ะ และน้ำยังคงขึ้นเรื่อยๆ จึงทำให้ห้องน้ำที่บ้านไม่สามารถใช้งานได้ค่ะ จึงมาแจ้งขอสุขาลอยน้ำค่ะ ความสูงระดับหัวเข่า น้ำท่วมมาแล้วน้อยกว่า 1 สัปดาห์,https://storage.googleapis.com/traffy_public_bucket/attachment/2026-09/e5fd3aedffd83357cd5b0e733b8d78eb.jpeg
2026-VVMJYH,inprogress,2026-09-28 00:33,2026-09-28 10:11,100.67005,13.7281,ประเวศ,ประเวศ,น้ำท่วมซอยถนน รถสัญจรไม่ได้ ความลึกประมาณ 50-60 เซน(เกือบเอว) ไม่มีเครื่องสูบน้ำ ความสูงระดับประมาณ 60 เซน คาดว่าเอว น้ำท่วมมาแล้วตั้งแต่เมื่อวันศุกร์(2 วันก่อน) น้ำไม่ลดเลย,https://storage.googleapis.com/traffy_public_bucket/attachment/2026-09/381ec3b8ab6057e964e1afc53ce3ed5c.jpeg
2026-CX44BV,forward,2026-09-28 00:39,2026-09-28 10:27,100.6709,13.79729,บึงกุ่ม,คลองกุ่ม,เมื่อกี้ที่แจ้งไปว่าระดับหน้าแข้ง พิมผิดนะคะ ด้านทางเข้าหมู่บ้านนวธานี ท่วมถึงเอวค่ะ เอวค่ะ ตั้งแต่คืนวันศุกร์ที่ 25กย,https://storage.googleapis.com/traffy_public_bucket/attachment/2026-09/9691f067af7305af5ae066805539c13e.jpeg
2026-DEAY9Y,forward,2026-09-28 00:43,2026-09-28 08:21,100.63927,13.80678,บึงกุ่ม,นวมินทร์,มารายงานจุดที่บ้านน้ำท่วมครับ นวมินทร์111แยก7 วันที่27 น้ำระดับสูงสุด1.2เมตรประมาน15.00น. เช้าวันที่28จนถึงช่วงเย็น น้ำลดลงประมาน60เซน ถนนใหญ่รอบๆใกล้เคียงน้ำเริ่มแห้งเหลือแค่ตามซอยบางจุดใกล้เคียงที่ยังท่วมอยู่ ขอเป็นกำลังใจให้ทุกคนครับ ความสูงระดับเอว น้,https://storage.googleapis.com/traffy_public_bucket/attachment/2026-09/3d270a759ddcfce3faa1577749f067ed.jpeg
2026-JD9J66,inprogress,2026-09-28 00:43,2026-09-28 08:46,100.82739,13.77542,หนองจอก,ลำผักชี,ขอแจ้งปัญหาน้ำท่วมบริเวณทางเข้าหมู่บ้านคาริเบียนโฮม ถนนฉลองกรุง แขวงลำปลาทิว เขตลาดกระบัง ขณะนี้มีน้ำท่วมบนถนนบริเวณทางเข้าหมู่บ้าน ระดับน้ำสูงกว่าหัวเข่า ทำให้การสัญจรเข้า-ออกหมู่บ้านได้รับความเดือดร้อน และอาจเป็นอันตรายต่อรถยนต์และประชาชน ขอความอนุเคร,https://storage.googleapis.com/traffy_public_bucket/attachment/2026-09/23ca5ddb01e0bd997eb830efbca1d167.jpeg
2026-XYAHYK,inprogress,2026-09-28 00:47,2026-09-28 08:32,100.68972,13.76343,สะพานสูง,สะพานสูง,รามคำแหง118 ยังมีน้ำท่วมขังสูงอยู่มสกบ้สนเรือนยังคงได้รับความเดือดน้อน ทุกหลังน้ำเข้าบ้านหมดไม่สามารถอาศัยอยู่ที่ชั้น 1 ได้ ความสูงระดับหัวเข่า น้ำท่วมมาแล้วน้อยกว่า 1 สัปดาห์,https://storage.googleapis.com/traffy_public_bucket/attachment/2026-09/91edf33805c25dfd149a4e0b89004e60.jpeg
2026-XMR6ZJ,finish,2026-09-28 00:49,2026-09-30 10:20,100.61832,13.79681,วังทองหลาง,คลองเจ้าคุณสิงห์,ระดับน้ำในแยก 13 ไม่ลด สังเกตทุกวัน ระดับค่อนข้างทรงเท่าเดิมมาตั้งแต่วันศุกร์ มีเพิ่มขึ้นสูงบ้างในเช้าวันเสาร์ และลดลงเล็กน้อยในวันอาทิตย์แต่แม้ว่าฝนจะหยุดนานมากแล้ว นานๆตกที ไม่ตกต่อเนื่อง ทั้งที่น้ำควรจะลดกว่านี้แต่เหมือนระบายออกไปไม่ได้เลย อยากให้มาช่ว,https://storage.googleapis.com/traffy_public_bucket/attachment/2026-09/99605c4eb37f562581347476a7ff7f53.jpeg
2026-B2A3YV,inprogress,2026-09-28 00:57,2026-09-28 08:34,100.68653,13.76038,สะพานสูง,สะพานสูง,รามคำแหง118น้ำท่วม เขตสะพานสูง)ค่ะ ยิ่งท้ายๆซอยน้ำลึกถึงเอว ถึงหน้าอก ยังไม่มีหน่วยงานเข้ามาช่วยเหลือ ออกไปซื้อเสบียงยากมากค่ะ น้ำท่วมไม่ลดลงเลย ขนาดฝนหยุดแล้วน้ำก็ยังไม่ลดลง ความสูงระดับเอว น้ำท่วมมาแล้วน้อยกว่า 1 สัปดาห์,https://storage.googleapis.com/traffy_public_bucket/attachment/2026-09/385bc61b643c8450445e2d09c9333684.jpeg
2026-XJVP3T,forward,2026-09-28 01:05,2026-09-28 11:11,100.63475,13.8999,สายไหม,คลองถนน,น้ำท่วมถนนเพิ่มสิน ไม่ลดเลย ช่วยดูแลหน่อย ความสูงระดับหัวเข่า น้ำท่วมมาแล้วน้อยกว่า 1 สัปดาห์,https://storage.googleapis.com/traffy_public_bucket/attachment/2026-09/0da27b78342bf586ec1a5b024264e595.jpeg
2026-CCMCAP,inprogress,2026-09-28 01:08,2026-09-28 08:34,100.66737,13.77102,สะพานสูง,สะพานสูง,น้ำท่วมเข้าบ้านเลขที่ 52/47 ซอยรามคำแหง 90 ตั้งแต่คืนวันศุกร์ที่ 25 กันยายน 2569 จนถึงคืนวันอาทิตย์ที่ 27 กันยายน 2559 น้ำท่วมบ้านเริ่มส่งกลิ่นเหม็นเน่ามีฟองครับ ความสูงระดับหน้าบ้านประตูรั้วสูงถึงเกือบหัวเข่าเดินเข้ามาในบ้านสูงถึงหน้าแข้งครับ น้ำท่วมมาแล,https://storage.googleapis.com/traffy_public_bucket/attachment/2026-09/1d2ee45b73f5af2958af2f023189083b.jpeg
2026-CE9MM8,forward,2026-09-28 01:09,2026-09-28 11:19,100.67459,13.90301,สายไหม,ออเงิน,ถนนสุขาภิบาล5 เคหะออเงิน น้ำยังท่วมสูง ไม่มีใครมาช่วยเหลือเลยค่า ออกไปไหนไม่ได้ ความสูงระดับหัวเข่า น้ำท่วมมาแล้วน้อยกว่า 1 สัปดาห์,https://storage.googleapis.com/traffy_public_bucket/attachment/2026-09/9003802594f859887cdc7a516b2bf431.jpeg
2026-ATF48X,inprogress,2026-09-28 01:11,2026-09-28 08:35,100.68643,13.7773,สะพานสูง,สะพานสูง,ด่วน! รามคำแหง 118 แยก 13 ช่วงท้ายซอย น้ำยังท่วมสูงและลดลงช้ามาก ขยะจากหลายบ้านถูกน้ำพัดมารวมกันหน้าบ้าน สะสมมา 3 วันจนส่งกลิ่นเหม็นรุนแรง ชาวบ้านยังไม่สามารถออกจากบ้านได้ตามปกติค่ะ ความสูงระดับหัวเข่า น้ำท่วมมาแล้วน้อยกว่า 1 สัปดาห์,https://storage.googleapis.com/traffy_public_bucket/attachment/2026-09/eff3570c4b6c67ca4fe98428afaee8fd.jpeg
2026-FC68BP,inprogress,2026-09-28 01:12,2026-09-30 11:46,100.61676,13.9486,ดอนเมือง,สนามบิน,ชอยวิภาวดี45 ตรงคลองลาดเป็ดเจ้าหน้าที่ไม่เปิดคลองสูบน้ำเจ้าหน้าที่ไม่อยู่ไม่สูบไม่ระบายไม่ทำไรเลยแต่อ้างว่าสูบไปไม่ได้แต่ไม่มีใครอยู่เลยชาวบ้านใกล้คลองเดือดร้อนมากช่วยมาเปิดระบายทีคับ แย่มากเจ้าหน้าที่ไม่ทำงานเลย เอาคนมาลงเปิดทีครับจะได้ช่วยระบายน้ำคนที่อ,https://storage.googleapis.com/traffy_public_bucket/attachment/2026-09/325229d2f110a28bacdf47627d434127.jpeg
2026-ATTNP2,forward,2026-09-28 01:19,2026-09-28 12:26,100.62126,13.89205,สายไหม,คลองถนน,อยากจะขอความกรุณานำกระสอบทรายมาแจกจ่ายให้กับประชาชนในบริเวณนี้ เนื่องจากไม่มีหน่วยงานใดเข้ามาเลยรถไม่สามารถออกจากซอยได้ ความสูงระดับหัวเข่า น้ำท่วมมาแล้วน้อยกว่า 1 สัปดาห์,https://storage.googleapis.com/traffy_public_bucket/attachment/2026-09/214a2b9f961b0088c3ff124a9356ed67.jpeg
2026-3XPJUV,finish,2026-09-28 01:21,2026-10-05 13:12,100.6063,13.88978,บางเขน,อนุสาวรีย์,ถนนเส้นนี้น้ำขังมา2วันแล้วไม่มีท่าทีที่จะลดเลย ไม่สามารถออกไปทำงานได้ ประสบปัญหามากครับตอนนี้ ความสูงระดับฟุตบาทประมาณน่องครับ ถ้าเดินทางถนนประมาณเข่า น้ำท่วมมาแล้วกำลังจะเข้าวันที่3,https://storage.googleapis.com/traffy_public_bucket/attachment/2026-09/e8b36e8c9185738d12bbd659adff9c47.jpeg
2026-M68PHM,forward,2026-09-28 01:21,2026-09-28 02:06,100.61749,13.74262,สวนหลวง,สวนหลวง,พระรามเก้าซอย 41 น้ำไม่ลดมา 2 วันแล้วค่ะ ความสูงระดับหัวเข่า น้ำท่วมมาแล้วน้อยกว่า 1 สัปดาห์,https://storage.googleapis.com/traffy_public_bucket/attachment/2026-09/468006963335efac5edbe6a137dec23e.jpeg
2026-8ZDMDT,inprogress,2026-09-28 01:26,2026-09-28 08:35,100.70003,13.74701,สะพานสูง,สะพานสูง,น้ำท่วมขัง ตอนนี้ใช้ชีวิตอยู่ชั้นบนบ้าน บ้านเลขที่7 ซอยนักกีฬาแหลมทอง40 แยก1-3 ความสูงระดับในบ้านเกือบหน้าแข้งค่ะ น้ำท่วมมาแล้วถนนก็เลยเข่า,https://storage.googleapis.com/traffy_public_bucket/attachment/2026-09/973e579f2bacdcc31dae6713876b66b4.jpeg
2026-KJ8UTW,inprogress,2026-09-28 01:27,2026-09-28 08:36,100.68404,13.76723,สะพานสูง,สะพานสูง,ในกทม.โซนอื่นๆน้ำเริ่มแห้งหมดแล้ว แต่เขตสะพานสูงและในซอยรามคำแหง 118 น้ำยังท่วมสูงอยู่เลยค่ะ ตั้งแต่ฝนหยุดไปน้ำก็ยังไม่ลดเลย มีแต่เพิ่มขึ้น อยากให้มาสูบน้ำออกหน่อยค่ะ หลายๆบ้านอาหารเริ่มหมดต้องรอคนมาแจกแล้ว ในซอยมีผู้สูงอายุและคนท้องที่รอการช่วยเหลืออีกหล,https://storage.googleapis.com/traffy_public_bucket/attachment/2026-09/thumb_5d43dbf04da34ab5811d355030d28242.jpg
2026-P9T7ZV,forward,2026-09-28 01:33,2026-09-28 02:00,100.64024,13.70835,สวนหลวง,สวนหลวง,น้ำไม่ลดลงเลย สวนหลวงคือลูกเมียน้อยป่ะ ซอยอ่อนนุช 52 คือถูกลืมหรอ ทำไมถึงลดช้ากว่ากรุงเทพชั้นใน หลายมาตรฐานหรอคะ ก็คนกรุงเทพเหมือนกัน ทำงานกันบ้างมั้ยอ่ะ 3 วันแล้วนะที่ต้องอดทน ไม่เข้าห้องน้ำ ไม่กินข้าว รู้ถึงความทุกข์บ้างป่ะ แจ้งไปหลายรอบก็ไม่คืบหน้า ไม่,https://storage.googleapis.com/traffy_public_bucket/attachment/2026-09/c9abc921ba09182c7a7e6a154006da95.jpeg
2026-GP66H2,inprogress,2026-09-28 01:36,2026-09-28 08:36,100.68968,13.74389,สะพานสูง,สะพานสูง,ตอนนี้น้ำที่บ้านคนรู้จักท่วมสูง และอาหาร น้ำ เข้าไม่ถึง หลายคนอยู่ในบ้าน วันนี้เพิ่งได้รับข้าวแจกช่วง 19.00น. ครั้งแรกตั้งแต่ท่วม แต่ยังไม่ทั่วถึง ในพื้นที่ยังไม่ค่อยมีหน่วยงานเข้าช่วยเหชือ ซอยเล็ก แยกต่างๆ ยังไม่ได้ข้าวเลย หลายบ้านยังมีเด็กกับคนแก่อยู่ ต,https://storage.googleapis.com/traffy_public_bucket/attachment/2026-09/ac7b0052413a5ddf327a9cbec269cc5c.jpeg
2026-TLA33T,inprogress,2026-09-28 01:39,2026-09-28 08:37,100.70003,13.747,สะพานสูง,สะพานสูง,น้ำท่วมบ้านตั้งแต่คืนวันที่25 ตื่นมาเช้า26 ถึงจะรู้ตัว เก็บของไม่ทัน ตอนนี้อาศัยอยู่ชั้นบน4คน พ่อแม่ ลูกสาว2คน บ้านเลขที่7 ซอยนักกีฬาแหลมทอง40 แยก1-3 แต่หมุดหาได้ไม่ตรงตำแหน่ง ความสูงระดับ40เซนติเมตร น้ำท่วมมาแล้ว3วัน,https://storage.googleapis.com/traffy_public_bucket/attachment/2026-09/6a398f1845e84131eb14409c9e2255cc.jpeg
2026-FGE88L,finish,2026-09-28 01:44,2026-10-05 09:40,100.63274,13.76665,บางกะปิ,คลองจั่น,คอนโดไฮลาดพร้าว 130 ต้องการกระสอบทรายด่วนเนื่องจากน้ำทะลักเข้าคอนโดเข้าห้องควบคุมไฟทำให้ใช้น้ำและไฟไม่ได้มีผู้อาศัยอาศัยอยู่กว่า 100 ครัวเรือน ช่วยส่งกระสอบทรายมาหน่อยค่ะถ้าให้ดีมีเครื่องปั่นไฟมาสูบน้ำออกจากห้องควบคุมก้อดีค่ะ #ขอกระสอบทราย/อื่นๆ,https://storage.googleapis.com/traffy_public_bucket/attachment/2026-09/7182ebb00ffbcdccb41c078056513be9.jpeg
2026-UWLAG7,inprogress,2026-09-28 01:50,2026-09-28 15:40,100.63274,13.76666,บางกะปิ,คลองจั่น,ขอความช่วยเหลือค่ะ ซอยลาดพร้าว130 ทะลุซอยรามคำแหง81 น้ำท่วมทั้งซอย ภายในคอนโดhi ladprao130 กลางซอย น้ำท่วมมิดชั้นใต้ดิน แล้วท่วมห้องไฟ ทำให้ไฟฟ้าดับทั้งหมด 3 วันแล้ว ภายในคอนโด hi ladprao 130 มีเด็กเล็กและผู้สูงอายุอาศัยอยู่ภายในคอนโด ไม่มีไฟฟ้า น้ำประปาใ,https://storage.googleapis.com/traffy_public_bucket/attachment/2026-09/db05fb66eb00735f73ce7f5e5a43feda.jpeg
2026-4VXKRE,inprogress,2026-09-28 01:51,2026-09-28 08:39,100.68593,13.7544,สะพานสูง,สะพานสูง,รามคำแหง 118 แยก 81 น้ำท่วมสูงมาก รถไม่สามารถสัญจรผ่านเข้าไปได้ ในซอยมีผู้สูงอายุรวมถึงผู้ป่วยเยอะ อยากให้หาทางระบายน้ำหรือเข้าไปช่วยเหลือ แจกน้ำหรืออาหารค่ะ ความสูงระดับหัวเข่า น้ำท่วมมาแล้วน้อยกว่า 1 สัปดาห์,https://storage.googleapis.com/traffy_public_bucket/attachment/2026-09/8d7a39ae3362a74d71bf2bf62b963b72.jpeg
2026-BZLMKT,finish,2026-09-28 01:51,2026-09-28 12:15,100.58502,13.82273,จตุจักร,จันทรเกษม,ซอยรัชดา36 แยก9-15 น้ำไม่ลงเลยค่ะ ท่วมสูงอยู่แค่ซอยเดียว เนื่องจากเป็นซอยที่ต่ำกว่าซอยอื่นค่ะ ความสูงระดับหัวเข่า 3 วันค่ะ,https://storage.googleapis.com/traffy_public_bucket/attachment/2026-09/966bac1b7053867ae23669e62af088d9.jpeg
2026-LK4KKF,inprogress,2026-09-28 01:51,2026-09-28 10:24,100.64337,13.69895,ประเวศ,หนองบอน,แจ้งค่ะ ถนน ซอยหมู่บ้านมิตรภาพ แยก 1 ถนนศรีนครินทร์38 ท่วมมา นี่เข้าวันที่3 แล้วค่ะ น้ำลงไปแค่1-2นิ้ว รบกวนให้มาเอาเครื่องสูงน้ำแบบใหญ่มาห มาสูบออก ด่วนค่ะ ขอบคุณค่ะ ความสูงระดับ50-70ซม ค่ะ น้ำท่วมมาแล้ว3วัน ค่ะ,https://storage.googleapis.com/traffy_public_bucket/attachment/2026-09/e8810395307c055588f88df809d69586.jpeg
2026-9LG9BJ,inprogress,2026-09-28 01:53,2026-09-28 12:08,100.74476,13.81633,มีนบุรี,แสนแสบ,ช่วยสูบน้ำตรงแยกไฟฟ้า มีนบุรีให้หน่อยค่า น้ำท่วมสูงแค่จุดๆนั้น จะได้เดินทางผ่านไปได้ค่ะ 🥺 รถเล็กผ่านลำบากค่ะ มันท่วมจุดนี้ค่อยข้างสูงค่ะ 3วันค่ะ,https://storage.googleapis.com/traffy_public_bucket/attachment/2026-09/d1b85a362318842dc62bfd86e2451d2e.jpeg
2026-ENREFC,forward,2026-09-28 01:53,2026-09-28 10:25,100.64225,13.80252,บึงกุ่ม,นวมินทร์,ซอยโพธิ์แก้วแยก4-2น้ำในซอยท่วมขังตั้งแต่วันเสาร์ ไม่มีลดลง เมื่อก่อนน้ำจะระบายเร็วไท่ท่วมขั้งเพราะถนนหลักก่อนแยกเข้าซอยไม่ยกสูง ตั้งแต่มีหมู่บ้านหรูมาสร้าวได้ทำการปรับระดับถนนหลักโดยยกสูงขึ้น น้ำเลยไหลเข้ามาจังในซอยแทน แต่ถนนหลักไม่มีน้ำท่วม เพราะน้ำไหลเข,https://storage.googleapis.com/traffy_public_bucket/attachment/2026-09/5caa4e840b1943b67f43feb1e8080559.jpeg
2026-KT3HUM,inprogress,2026-09-28 01:57,2026-09-28 15:42,100.66063,13.73975,บางกะปิ,หัวหมาก,ฝนตกน้อยลงแต่น้ำสูงขึ้นทุกวัน ตอนนี้ออกจสกบ้านยากมาก ความสูงระดับกรุงเทพกรีฑา 8 แยก3 น้ำท่วมมาแล้ววันศุกร์,https://storage.googleapis.com/traffy_public_bucket/attachment/2026-09/thumb_6c0cbdbfe46ef5ad192db32b7fb2a2bd.jpg
2026-PYVWAC,finish,2026-09-28 02:09,2026-10-02 12:29,100.8141,13.79516,หนองจอก,ลำผักชี,หมู่บ้านฟลอร่าวิลล์ สุวินทวงศ์ น้ำท่วมขังสูง บางจุดรถใหญ่ยังไม่สามารถสัญจรได้ มีคนอยู่เยอะมากในหมู่บ้านนี้มีหลายเฟสมากกว่า 300 หลังคาเรือน สเบียงเริ่มหมด ส่วนมากบ้านมีเด็กมีผู้สูงอายุ ยังไม่ได้รีบการช่วยเหลือ หาเคคื่องสูบน้ำระบายน้ำออกให้พอสัญจรได้ ความสู,https://storage.googleapis.com/traffy_public_bucket/attachment/2026-09/24dcc7a10e4b4d8f864e079571a9a8cd.jpeg
2026-PAZ4UR,inprogress,2026-09-28 02:16,2026-09-28 08:07,100.67507,13.79094,คันนายาว,รามอินทรา,หมู่บ้านนวธานีถนนเสรีไทย ในหมู่บ้านน้ำท่วมสูงมาก 60 cm ถึง 1 เมตร ในหมู่บ้าน มีบ้าน 5-600 หลัง ทุกคนเหมือนติดเกาะไม่สามารถเข้าออกได้เลยต้องใช้รถสิบล้อเท่านั้น ช่วยเร่งระบายน้ำ คลองรหัส และ ช่วยส่งเครื่องสูบน้ำเข้ามาด้วยครับเพราะเครื่องสูบน้ำที่หมู่บ้าน,https://storage.googleapis.com/traffy_public_bucket/attachment/2026-09/aa6336d64f6bf71583f84771a000077a.jpeg
2026-B7LBE9,finish,2026-09-28 02:27,2026-09-30 19:26,100.58154,13.94513,ดอนเมือง,สีกัน,น้ำยังท่วมเส้นถนนเทิดราชัน ไม่มีลดระดับเลย ไม่มีหน่วยงานราชการมาแจกจ่ายข้าว+ของกิน ที่บ้านมีคนแก่ ไม่มีรถออกไม่ได้ค่ะ รบกวนมาช่วยด้วยค่ะ ความสูงระดับหัวเข่า น้ำท่วมมาแล้วน้อยกว่า 1 สัปดาห์,https://storage.googleapis.com/traffy_public_bucket/attachment/2026-09/thumb_ea2cdc81ce22d736a104c30dca001825.jpg
2026-4K4AZK,inprogress,2026-09-28 02:37,2026-09-28 08:41,100.66861,13.74731,สะพานสูง,สะพานสูง,ฝนหยุดตกแล้ว แต่ระดับน้ำ ในซอยกรุงเทพกรีฑา13 ยังเพิ่งขึ้น ทั้งๆ ที่ละแวกใกล้เคียง อย่างรามคำแหง เริ่มลดแล้ว ความสูงระดับ40-50 cm จากพื้นถนน น้ำท่วมมาแล้วน้อยกว่า 1 สัปดาห์,https://storage.googleapis.com/traffy_public_bucket/attachment/2026-09/c3cdc8ee05cbdb493ff4a6e63a4a7f84.jpeg
2026-PU4P8Y,inprogress,2026-09-28 02:39,2026-09-28 14:30,100.63055,13.7402,สวนหลวง,สวนหลวง,อยากให้ช่วยระบายน้ำ เส้นถนนพระรามเก้า ซอย60 หลังรามให้หน่อยค่ะ น้ำขังเริ่มเยอะมากแบบไม่ลดลงเลยคะ ความสูงระดับหัวเข่า ท่วมมา3-4วันแล้วค่ะ,https://storage.googleapis.com/traffy_public_bucket/attachment/2026-09/f171950b4079c1ba05707d554c1fcb72.jpeg
2026-F6L98P,inprogress,2026-09-28 02:40,2026-09-28 08:41,100.69333,13.74071,สะพานสูง,สะพานสูง,บ้านเลขที่ 10 ซ.นักกีฬาแหลมทอง 1 แยก 1 หมู่บ้านนักกีฬา สะพานสูง (หมู่บ้านนักกีฬาทั้งหมด) น้ำท่วมขังมากครับ ความสูงระดับในตัวบ้านชั้น 1 ประมาณหน้าแข้งครับ (สูง 168) น้ำท่วมมาแล้วตั้งแต่คืนวันศุกร์ที่ 25 จนถึงตอนนี้ครับ,https://storage.googleapis.com/traffy_public_bucket/attachment/2026-09/95f4bf77a5a85f884c5c1c504a63e4e6.jpeg
2026-ZMK3NC,finish,2026-09-28 02:41,2026-10-02 10:02,100.63566,13.77534,บางกะปิ,คลองจั่น,น้ำท่วมสูง ขออาหารและกระสอบทราย สำหรับผู้พักอาศัย ความสูงระดับหัวเข่า น้ำท่วมมาแล้ว2วันแล้ว,https://storage.googleapis.com/traffy_public_bucket/attachment/2026-09/51d628296dceb4fa46727c285095e2c2.jpeg
2026-N26EGN,inprogress,2026-09-28 02:44,2026-09-28 08:42,100.68925,13.76411,สะพานสูง,สะพานสูง,ม. พฤกษชาติ ซอยรามคำแหง 118 แยก 47 น้ำเริ่มเหม็นแล้ว น้ำไม่ลดเลย วันที่ 4 แล้ว ความสูงระดับ50 ซม. น้ำท่วมมาแล้ว4 วัน,https://storage.googleapis.com/traffy_public_bucket/attachment/2026-09/e6b69327f6689a13bc1c6848f68b19e5.jpeg
2026-VKZU4Z,inprogress,2026-09-28 02:44,2026-09-28 14:29,100.63968,13.70953,สวนหลวง,สวนหลวง,น้ำท่วมขังใน ซ. อ่อนนุช 52 หลานวัน ขยะลอยเยอะ จนเกิดน้ำเน่า ขอให้รีบสูบน้ำออก หรือส่งเจ้าหน้าที่มาเก็บขยะ เพื่อลดการุดตันให้กับท่อระบายน้ำ มากกว่า 50 cm. 4 วัน,https://storage.googleapis.com/traffy_public_bucket/attachment/2026-09/8cd6b0f84c780dd99062ba9dad0a1eae.jpeg
2026-7U28E4,inprogress,2026-09-28 02:48,2026-09-28 12:07,100.80147,13.83979,มีนบุรี,แสนแสบ,ขอแจ้งปัญหาน้ำท่วมขัง ภายในซอยราษฎร์อุทิศ 70 เขตมีนบุรี โดยด่วน ‼️ ขณะนี้มีน้ำท่วมขังภายในซอยตามบ้านประชาชนต่อเนื่อง เป็นวันที่ 3 และน้ำไม่สามารถระบายออกจากพื้นที่ได้ ส่งผลกระทบต่อบ้านพักอาศัยหลายหลังในซอย บางบ้านได้รับความเดือดร้อน อย่างมาก ***โดยเฉพาะ,https://storage.googleapis.com/traffy_public_bucket/attachment/2026-09/fa14e3df80b125f6638c6c679c8a3fcc.jpeg
2026-8WB3W3,finish,2026-09-28 02:48,2026-09-29 15:43,100.55701,13.85767,หลักสี่,ทุ่งสองห้อง,น้ำท่วมขังสูง ยังไม่มีหน่วยงานไหนมาเลยค่ะ ความสูงระดับงามวงศ์วาน47แยก6-2 น้ำท่วมมาแล้วตั้งแต่คืนวันศุกร์ค่ะ,https://storage.googleapis.com/traffy_public_bucket/attachment/2026-09/4cbf9cea8ec33da835b893969f4d4b86.jpeg
2026-PRAEAE,finish,2026-09-28 02:48,2026-09-30 14:09,100.59037,13.84333,ลาดพร้าว,จรเข้บัว,น้ำท่วม 2 วันแล้ว ความสูงระดับหัวเข่า น้ำท่วมมาแล้วน้อยกว่า 1 สัปดาห์,https://storage.googleapis.com/traffy_public_bucket/attachment/2026-09/d3f92a10e1cbb4ee3648b4f922985561.jpeg
2026-98334W,inprogress,2026-09-28 02:49,2026-09-28 14:29,100.62639,13.74383,สวนหลวง,สวนหลวง,น้ำท่วมไม่ระบาย ท่วมสูงขึ้นเรื่อยๆ ปัจจุบันหน้าปากซอยน้ำถึงหัวเข่า ความสูงระดับหน้าแข้ง น้ำท่วมมาแล้วน้อยกว่า 1 สัปดาห์,https://storage.googleapis.com/traffy_public_bucket/attachment/2026-09/a8ce46b56a3e33acaf2ff17c4c983106.jpeg
2026-3ZC7V8,finish,2026-09-28 03:06,2026-10-05 11:34,100.64361,13.75287,บางกะปิ,หัวหมาก,ที่บ้านเลขที่ 144 ซอยรามคำแหง52 ท้ายซอย ซึ่งจะมีซอยที่เชื่อมกับถนนศรีนครินทร์หลัก ตอนนี้อยากให้ทางหน่วยงานเข้ามาดูหน่อย น้ำท่วมประมาณจะถึงเอวแล้ว ข้าวของในบ้านเสียหายเป็นจำนวนมาก (บ้านเก่าหลาย10ปี) ตอนนี้ยังไม่มีใครเข้ามาดูหรือตรวจสอบสภาพบ้านของฉันหรือคน,https://storage.googleapis.com/traffy_public_bucket/attachment/2026-09/c89048e591b8ef9f319466b297dfb52b.jpeg
2026-VNUY38,finish,2026-09-28 03:06,2026-10-05 11:35,100.64361,13.75287,บางกะปิ,หัวหมาก,ที่บ้านเลขที่ 144 ซอยรามคำแหง52 ท้ายซอย ซึ่งจะมีซอยที่เชื่อมกับถนนศรีนครินทร์หลัก ตอนนี้อยากให้ทางหน่วยงานเข้ามาดูหน่อย น้ำท่วมประมาณจะถึงเอวแล้ว ข้าวของในบ้านเสียหายเป็นจำนวนมาก (บ้านเก่าหลาย10ปี) ตอนนี้ยังไม่มีใครเข้ามาดูหรือตรวจสอบสภาพบ้านของฉันหรือคน,https://storage.googleapis.com/traffy_public_bucket/attachment/2026-09/50af7d8c35c6ac9a95a2450a80730407.jpeg
2026-B8FFCW,inprogress,2026-09-28 03:09,2026-09-28 10:24,100.69814,13.72747,ประเวศ,ประเวศ,วันที่ 28/9/2569 เวลา 03.00 ฝนยังตกต่อเนื่อง แต่นปรืมาณน้ำไม่ลดลง บนถนนเฉลิมพระเกัยรติ ร.9 จากแยกประเวศ มาทาขนานงมอเตอร์เวย์ 7 สูง 70 เซ็นติเมตร รถเล็กผ่านไม่ได้ ความสูงระดับหัวเข่า น้ำท่วมมาแล้วน้อยกว่า 1 สัปดาห์,https://storage.googleapis.com/traffy_public_bucket/attachment/2026-09/50fa653a2f7d81b2d1b5d6abc312f591.jpeg
2026-XNVTH7,forward,2026-09-28 03:10,2026-09-28 08:15,100.65697,13.79447,บึงกุ่ม,คลองกุ่ม,นวมินทร์ 40 ทั้งซอยได้ระบผลกระทบน้ำท่วมขังตั้งแต่ 25 กันยายน 2569 น้ำท่วมสูง ไม่ลดรบกวนช่วยดูแลด้วยค่ะ ในซอยมีบ้านได้รับผลกระทบจำนวนมาก บางบ้านน้ำเข้าชั้น 1 แล้วค่ะ ความสูงระดับกลางซอยน่าจะสูงเกินหน้สแข้งเกือบเอวค่ะ หน้าบ้านประมาณหน้าแข้งค่ะ ตรงใกล้ๆ สะพา,https://storage.googleapis.com/traffy_public_bucket/attachment/2026-09/e8498ecb0762c37c37779bbcfe376704.jpeg
2026-LY63ZZ,finish,2026-09-28 03:14,2026-10-05 13:58,100.3828,13.7903,ทวีวัฒนา,ศาลาธรรมสพน์,หมู่บ้านกรีนนิชาเล่ต์ ซอยบรมราชชนนี 62/6 มีระดับน้ำท่วมขังตั้งแต่คืนวันที่ 25 กันยายน แม้ฝนจะหยุดตกแล้วแต่ไม่มีทีท่าว่าน้ำจะลด จึงอยากรบกวนกทม.เร่งระบายน้ำค่ะ ความสูงระดับสูงกว่าเอว น้ำท่วมมาแล้วน้อยกว่า 1 สัปดาห์,https://storage.googleapis.com/traffy_public_bucket/attachment/2026-09/4df63774c951a1b401ccf8352883cc60.jpeg
2026-AKFKRF,inprogress,2026-09-28 03:16,2026-09-28 14:42,100.64409,13.71552,สวนหลวง,สวนหลวง,ซอยอ่อนนุช 49 น้ำท่วมสูงมา 3 วันแล้ว ยังไม่มีหน่วยงานไหนเข้าช่วยเหลือเลยค่ะ ตอนนี้อาหารเริ่มขาดแคลนแล้วเพราะไม่สามารถออกไปข้างนอกได้ ความสูงระดับเอว น้ำท่วมมาแล้ว3 วัน,https://storage.googleapis.com/traffy_public_bucket/attachment/2026-09/b337597898a148735e173389ba4cd478.jpeg
2026-N6JFX7,inprogress,2026-09-28 03:17,2026-09-28 11:51,100.71512,13.78744,มีนบุรี,มีนบุรี,หมู่บ้านเพอร์เฟคเพลส ซอยรามคำแหง164 น้ำท่วมขังระดับน้ำเพิ่มขึ้นครับ ความสูงระดับหัวเข่า น้ำท่วมมาแล้วน้อยกว่า 1 สัปดาห์,https://storage.googleapis.com/traffy_public_bucket/attachment/2026-09/24bc5482d52ed88512a34d817088f631.jpeg
2026-RM3LXU,inprogress,2026-09-28 03:23,2026-09-28 10:47,100.68781,13.66984,ประเวศ,ดอกไม้,น้ำท่วมขังภายในบ้านติดต่อกัน 3 วัน ระดับน้ำสูง 70 เซนติเมตร ต้องการให้ช่วยหาทางระบายน้ำออกเพื่อลดระดับน้ำภายในบ้าน หรือขอรับการสนับสนุนกระสอบทราย สถานที่หมู่บ้านทุ่งเศรษฐี ข้าง ม.ราม 2 รบกวนเร่งดำเนินการด้วย 70cm เลยเข่า 3วัน,https://storage.googleapis.com/traffy_public_bucket/attachment/2026-09/391f49ce227fcfc45c3cee3a815dc7b4.jpeg
2026-MLFLZF,forward,2026-09-28 03:27,2026-09-28 14:39,100.62272,13.74174,สวนหลวง,สวนหลวง,เรียนทีมชัชชาติ/เจ้าหน้าที่ ราชมังท่วมหนัก บางกะปิคนรามคำแหงก็คนกรุงเทพ เราแค่คนชั้นนอกเอง รู้พื้นที่ลุ่มต่ำ ติดคลองแต่ถูกละเลยมาตลอด ในเมืองลดแล้วพวกคุณสนใจแต่ชั้นในมากกว่า ตอนนี้พื้นที่เจตุนี้หนักเป็นอันดับ1แต่กลับถูกเมินเฉยเพราะแค่ไม่ใช่ในเมือง จะได้ม,https://storage.googleapis.com/traffy_public_bucket/attachment/2026-09/f626fc4a69b90b1494841b8db2080e74.jpeg
2026-F8T9KG,forward,2026-09-28 03:31,2026-09-28 14:39,100.62211,13.74284,สวนหลวง,สวนหลวง,อยากให้มีทีมงานมาช่วยดูพื้นที่นี้หน่อยค่ะ การประปาก็ได้ตอนนี้ฝั่งราม บางกะปิ ประชาชนจมหมดทุกคนแล้วค่ะ ความสูงระดับสูงกว่าเอว น้ำท่วมมาแล้วมากกว่า 1 สัปดาห์,https://storage.googleapis.com/traffy_public_bucket/attachment/2026-09/9bba737c351342636506f0d9b169978e.jpeg
2026-43LFHM,finish,2026-09-28 03:37,2026-09-28 21:37,100.73194,13.81981,มีนบุรี,มีนบุรี,บ้านเลขที่ 52/3 หมู่ 19 (หรือบ้านเลขที่ใหม่ เลขที่ 11) กำลังประสบภัยพิบัติน้ำท่วมอย่างหนัก ส่งผลให้ตัวบ้านและทรัพย์สินได้รับความเสียหาย เพื่อเป็นการบรรเทาความเดือดร้อนในเบื้องต้น จึงขอความอนุเคราะห์จากหน่วยงานที่เกี่ยวข้อง โปรดส่งเจ้าหน้าที่เข้ามาตรวจสอบค,https://storage.googleapis.com/traffy_public_bucket/attachment/2026-09/39e0b6bbaf9b0642305e5506bab56981.jpeg
2026-MW72W8,finish,2026-09-28 03:38,2026-10-05 15:40,100.63824,13.7545,บางกะปิ,หัวหมาก,ช่วยให้หน่วยงานเข้ามาดูรามคำแหงซอย 36/1 แยก 3 ด่วนคะ น้ำสูงที่สุดในซอย รถจอดจะมิดล้อแล้วคะ ขอสูบน้ำออกให้ด่วนนะคะ จะเห็นว่าถ้าน้ำด้านนอกลด รามคำแหง แยก3 จะลดช้าสุด เพราะเป็นที่ต่ำสุดของหมู่บ้านคะ เราต้องการความช่วยเหลือ ด่วนที่สุดคะ ความสูงระดับเอว น้ำท่,https://storage.googleapis.com/traffy_public_bucket/attachment/2026-09/bc46576258ddc4ea447d66083c1b8b75.jpeg
2026-HPY6MB,forward,2026-09-28 03:41,2026-10-03 12:47,100.85372,13.8503,หนองจอก,กระทุ่มราย,แยกลำผักชี ถนนสุวินทวงศ์ปากทางเข้าถนนเชื่อมสัมพันธ์ เขตหนองจอก ขอความกรุณาสำนักงานเขตหนองจอก นำถุงทรายไปวางกั้นน้ำจากที่ดินว่างป่าวข้างเคียง เนื่องจากน้ำทะลักมาที่ถนน ทำให้น้ำเอ่อถนน รถสัญจรไม่สะดวก ประกอบบริเวณทางเข้าตรงจุดนี้เป็นประตูสู่หนองจอก แก้ไขโดย,https://storage.googleapis.com/traffy_public_bucket/attachment/2026-09/8daee52a2072c5adb72d0a04457d8434.jpeg
2026-73FWK8,start,2026-09-28 03:45,2026-09-28 03:45,100.85001,13.69815,ลาดกระบัง,ขุมทอง,จนท.สำนักการระบายน้ำ กทม. ไม่เดินเครื่องสูบน้ำใต้สะพานข้ามคลองพระยาเพชร ถ.หลวงแพ่ง แขวงขุมทอง เขตลาดกระบัง กทม. ความสูงระดับหัวเข่า น้ำท่วมมาแล้วน้อยกว่า 1 สัปดาห์,https://storage.googleapis.com/traffy_public_bucket/attachment/2026-09/c89068a2a9f09380995d19dc748c7248.jpeg
2026-GY7NBT,inprogress,2026-09-28 03:46,2026-09-28 14:19,100.63167,13.73733,สวนหลวง,สวนหลวง,น้ำท่วมบริเวณซอยพัฒนาการ 41 อยากให้ช่วยทำให้น้ำลดระดับหน่อยครับ ความสูงระดับหน้าแข้ง น้ำท่วมมาแล้วน้อยกว่า 1 สัปดาห์,https://storage.googleapis.com/traffy_public_bucket/attachment/2026-09/f5676f51e3f1cd6c1df0180ec902f55b.jpeg
2026-KNHEU9,inprogress,2026-09-28 03:46,2026-09-28 06:42,100.71706,13.917,คลองสามวา,สามวาตะวันตก,บริเวณถนนหนองระแหง มุ่งหน้าออกถนนหทัยราษฎร์ ประมาณหน้าบี.เจ รีสอร์ท มีน้ำท่วมตามถนนแอ่งน้ำ รถเล็กพอจะสัญจรไปได้ ความสูงระดับข้อเท้า น้ำท่วมมาแล้วน้อยกว่า 1 วัน,https://storage.googleapis.com/traffy_public_bucket/attachment/2026-09/2b5bc394700dfc9d0329d8269f4bd47a.jpeg
2026-VE7HKF,forward,2026-09-28 03:48,2026-09-28 11:50,100.8911,13.78549,หนองจอก,ลำต้อยติ่ง,ขอความกรุณา ผอ.เขตมีนบุรี สั่งการให้เจ้าหน้าที่นำกระสอบทรายทราย ตั้งเครื่องสูบน้ำไปตั้งระบายน้ำตรงจุดปากทางเข้าถนนราษฎร์อุทิศ(คู้ขวา) ท่วมสูงมาก เดิมมีการระบายน้ำตรงจุดนี้ดีมาก รวมถึงแยกถนนรามคำแหง ตัดกับถนนสุวินทวงศ์ด้วย เพื่อความสง่างามของเขตมีนบุรีอีกท,https://storage.googleapis.com/traffy_public_bucket/attachment/2026-09/26e3ea48d9c1a16a25f136714fee37a8.jpeg
2026-WHTJFJ,inprogress,2026-09-28 03:56,2026-09-28 08:45,100.87848,13.85753,หนองจอก,หนองจอก,หนองจอก ผดุงพันธ์15 บ้านอยู่ท้ายซอย น้ำสูงมากค่ะ เข้าออกลำบากมาก ชั้นล่างท่วมหมด มีเด็ก กับคนมีอายุค่ะ ความสูงระดับเอว น้ำท่วมมาแล้วมากกว่า 1 สัปดาห์,https://storage.googleapis.com/traffy_public_bucket/attachment/2026-09/bb579118904ac30cf4e663eeee933ed6.jpeg
2026-YUN3GR,inprogress,2026-09-28 03:57,2026-09-28 06:22,100.73132,13.80512,มีนบุรี,มีนบุรี,เนื่องจากที่พักอาศัยเป็นบ้านชั้นเดีวใน ซึ่ง.รามคำแหง190/3 แขวงมีนบุรี เขตมีนบุรี กรุงเทพมหานคร 10510 ขนาดนี้ประสบปัญหาน้ำท่วมสูงเกินเข่า สมาชิกในบ้านรวม7คนไม่สามารถใช้ห้องน้ำและพักอาศัยด้วยการนอนกับแผ่นไม้ใช้อิฐรอง นอนด้วยที่นอนที่กำลังปลิ่มขึ้นมา ประกอก,https://storage.googleapis.com/traffy_public_bucket/attachment/2026-09/862fb3a6c102491fc1f9c8ed42a6a247.jpeg
2026-GAEWJU,finish,2026-09-28 04:00,2026-09-28 22:50,100.65607,13.85447,บางเขน,ท่าแร้ง,ขอกระสอบทรายกั้นน้ำสนับสนุน ไม่มีรถไปขน ในหมู่บ้านมีสองร้อยหลังคา ไม่มีหน่วยงานมาช่วย ความสูงระดับหัวเข่า น้ำท่วมมาแล้วตั้งแต่วันแรกที่ฝนตก,https://storage.googleapis.com/traffy_public_bucket/attachment/2026-09/4a2c0cb36aa35dc0d6c12e913443b0b0.jpeg
2026-N7X69F,inprogress,2026-09-28 04:02,2026-09-28 15:01,100.59921,13.88665,บางเขน,อนุสาวรีย์,น้ำท่วมขังหนักที่อารีอพาทเม้นท์พหลโยธิน 65 ไม่สามารถออกไปทำงานได้ เดือดร้อน ขอลงทะเบียนขอรับความช่วยเหลือผู้ประสบอุทกภัย ความสูงระดับถึงเอวค่ะ น้ำท่วมมาแล้ว3วันแล้วค่ะ รถมอไซค์สัญจรไม่ได้,https://storage.googleapis.com/traffy_public_bucket/attachment/2026-09/c4fec38a108c6d92f5b3fba07eee66fa.jpeg
2026-UWVHUE,inprogress,2026-09-28 04:06,2026-09-28 17:50,100.64325,13.78178,บางกะปิ,คลองจั่น,ไม่มั่นใจมีการระบายน้ำหรือไม่เพราะระดับน้ำมีแต่คงที่กับเพิ่มสูงขึ้น ความสูงระดับเอว น้ำท่วมมาแล้วน้อยกว่า 1 สัปดาห์,https://storage.googleapis.com/traffy_public_bucket/attachment/2026-09/ed6a48d7c13b7dd2bfe7381bb6dea9cd.jpeg
2026-ZVZT2T,inprogress,2026-09-28 04:07,2026-09-28 15:51,100.65605,13.85459,บางเขน,ท่าแร้ง,น้ำท่วมกำลังจะเข้าในบ้าน ความสูงระดับไหลมาจากคลอง น้ำท่วมมาแล้วน้อยกว่า 1 วัน,https://storage.googleapis.com/traffy_public_bucket/attachment/2026-09/2c3e2592c0d94e56ca7492c6ed637137.jpeg
2026-8MKLKD,inprogress,2026-09-28 04:11,2026-09-28 17:50,100.63085,13.76702,บางกะปิ,คลองจั่น,น้ำท่วมสูง ไม่ลดเลย ไม่มีหน่วยงานไหนมาช่วย อาหารน้ำดื่มหมดแล้วค่ะ ความสูงระดับขาหนีบ น้ำท่วมมาแล้ว3วัน,https://storage.googleapis.com/traffy_public_bucket/attachment/2026-09/d5bef046f3b41895aeaf943811844dc9.jpeg
2026-L9DB4X,inprogress,2026-09-28 04:18,2026-09-28 14:19,100.63315,13.73243,สวนหลวง,สวนหลวง,"ซ.พัฒนาการ 46 สวนหลวง ระดับน้ำ ในตัวบ้านหัวเข่า , หน้าบ้านกลางซอย ประมาณก้น, ระดับน้ำไม่ลดลงเลยตั้งแต่เมื่อวาน, น้ำเริ่มมีกลิ่น หลายหลังเสบียงเริ่มหมด. ไม่เปิดสูบน้ำท้ายซอยเหมือนทุกที ความสูงระดับเอว น้ำท่วมมาแล้วน้อยกว่า 1 สัปดาห์",https://storage.googleapis.com/traffy_public_bucket/attachment/2026-09/4fa0eb6ee60cd9325bc351429a20dfb5.jpeg
2026-KWMKCY,finish,2026-09-28 04:25,2026-09-28 09:16,100.54239,13.77276,พญาไท,สามเสนใน,ขอกระสอบทราบ #ขอกระสอบทราย/อื่นๆ,https://storage.googleapis.com/traffy_public_bucket/attachment/2026-09/73450528970a3286ac947675e9d77c98.jpeg
2026-ZBFB9D,inprogress,2026-09-28 04:30,2026-09-28 08:42,100.68793,13.76471,สะพานสูง,สะพานสูง,รามคำแหง118 น้ำท่วมบ้านตั้งแต่บ่ายวันที่25 กย.69 เวลา 14:00น. ไกล้ครบ3วันเต็มแล้ว ยังไม่มีหน่วยงานมาดูแลเลย น้ำสูงราวๆ60cm ช่วยระบายน้ำให้ลดลงด้วย ความสูงระดับหัวเข่า น้ำท่วมมาแล้ว60cm,https://storage.googleapis.com/traffy_public_bucket/attachment/2026-09/20c3ac5b3c0f2358ea850de4c084953e.jpeg
2026-7DVNHF,inprogress,2026-09-28 04:33,2026-09-28 08:44,100.81034,13.80428,หนองจอก,ลำผักชี,หมู่บ้านโรยัลปาร์ควิลล์ ขอเครื่องสูบน้ำด่วนหน่อยครับ น้ำท่วมภายในหมู่บ้าน 50-60 ซม แล้ว ขอความช่วยเหลือทางไหนได้บ้าง ที่แจ้งไปยังไม่ได้รับการติดต่อเลย เอกพล 081308 6410 #ขอกระสอบทราย/อื่นๆ,https://storage.googleapis.com/traffy_public_bucket/attachment/2026-09/20b7ed3b982ea8d1f20a692641c232ec.jpeg
2026-G83EPB,inprogress,2026-09-28 04:39,2026-09-28 10:25,100.67971,13.68403,ประเวศ,ดอกไม้,ปัญหาน้ำท่วมขัง เยอะมาก แล้วน้ำเริ่มจะเน่า น้ำไม่สามารถไหลออกได้ เพราะเครื่องปั๊มน้ำหลังหมู่บ้านพัง เสนอการแก้ไข ควรเพิ่มปั๊มน้ำอีก1 จุดเพื่อระบายน้ำออกเพราะเยอะมาก แล้วแก้ไขปั๊มน้ำที่พัง ไม่งั้นจะไม่มีทางระบายน้ำออก ชาวบ้านเกือกร้อนมากค่ะ รบกวนช่วยทางเร,https://storage.googleapis.com/traffy_public_bucket/attachment/2026-09/eefb5b8f72f450f156628f2947c58fac.jpeg
2026-Z27VLH,inprogress,2026-09-28 04:42,2026-09-28 14:54,100.64012,13.88572,บางเขน,ท่าแร้ง,น้ำยังท่วมขังอยู่ อยากให้ช่วยระบายน้ำออก บริเวณอื่นน้ำลดแล้ว แต่ที่บ้านยังไม่ลดค่ะ อยากให้เร่งระบายน้ำที่ซอย จะได้ใช้ชีวิตได้อย่างปกติค่ะ ความสูงระดับเลยเข่าค่ะ ในถนนเมน ครึ่งคันรถ น้ำท่วมมาแล้ว3วันค่ะ,https://storage.googleapis.com/traffy_public_bucket/attachment/2026-09/5ec40d8013bec947886108b0f45ce9f0.jpeg
2026-PAX8DY,inprogress,2026-09-28 04:47,2026-09-28 17:51,100.63382,13.78175,บางกะปิ,คลองจั่น,น้ำท่วมสูงมากขึ้น ช่วยสูบน้ำด้วย ในบ้านสูงมากขึ้น หมู่บ้านดีสมโชค ซอย3 อยู่ใน ซ.ลาดพร้าว107 แยก7 #fonduereport,https://storage.googleapis.com/traffy_public_bucket/attachment/2026-09/500efe5116039e4557a5f3ff0132e7aa.jpg
2026-YYTWHT,inprogress,2026-09-28 04:50,2026-09-28 08:43,100.68706,13.75383,สะพานสูง,สะพานสูง,สวัสดีค่ะ ซอยรามคำแหง118 หน้าหมู่บ้านลัดดารมย์ือีลีแกรนซ์ น้ำท่วมมากเท่าเอว รถกระบะยังวิ่งผ่านไม่ได้เลยคะ เสบียงจะหมดแล้วค่ะ อยากให้ช่วยเร่งระบายน้ำซอยรามคำแหง 118 และจัดสรร อาการและน้ำดื่ม รวมถึงรถรับส่งไปซื้ออาหารและยามาที่หมูบ้านลัดดารมย์อีลีแกรนซ์ภายใ,https://storage.googleapis.com/traffy_public_bucket/attachment/2026-09/3e36a6098970e08106ae0911842ed827.jpeg
2026-UMXBMD,inprogress,2026-09-28 04:57,2026-09-28 10:48,100.67966,13.684,ประเวศ,ดอกไม้,เพิ่มปั๊มระบายน้ำ ม.บ้านน้ำท่วม ไม่มีทางระบายน้ำค่ะ ความสูงระดับสูงกว่าเอว น้ำท่วมมาแล้วน้อยกว่า 1 วัน,https://storage.googleapis.com/traffy_public_bucket/attachment/2026-09/a3f6e6c3d7ba976071584b36f989b70c.jpeg
2026-J9W4KD,inprogress,2026-09-28 05:00,2026-09-28 08:43,100.68646,13.77702,สะพานสูง,สะพานสูง,น้ำท่วม ขยะหน้าบ้าน ความสูงระดับเอว น้ำท่วมมาแล้วน้อยกว่า 1 สัปดาห์,https://storage.googleapis.com/traffy_public_bucket/attachment/2026-09/6342fd64ff1671409739359ca88f4a59.jpeg
2026-UUPK49,inprogress,2026-09-28 05:01,2026-09-28 17:52,100.63385,13.78181,บางกะปิ,คลองจั่น,ซอยลาดพร้าว107แยก7หมู่บ้านดีสทโชค ขอความช่วยเหลือเร่งสูญระบายน้ำ เนื่องจากบ้านติกริมบึงคลอง ระดับน้ำต้นขาน้ำไม่ระบายหมุนเวียนน้ำเน่า #fonduereport,https://storage.googleapis.com/traffy_public_bucket/attachment/2026-09/b55bd679a34cabf2480c63883f6daee2.jpg
2026-WU9NNM,start,2026-09-28 05:01,2026-09-28 05:01,100.86194,13.71901,ลาดกระบัง,ขุมทอง,น้ำท่วมสูงขึ้นเรื่อยๆนะคะ ไม่มีลดลงเลย กระสอบทรายก็เอาไม่อยู่แล้ว หมู่บ้านตรงนี้หลายร้อยหลังคาเรือน เดือดร้อนค่ะ การช่วยเหลือเข้าไม่ถึง หมู่บ้านคนแก่สูงเยอะด้วยค่ะ ช่วยรับรู้และแก้ปัญหาระดับน้ำด่วนด้วยค่ะ ความสูงระดับถนนหน้าบ้านสูงถึงเข่าแล้วค่ะ ทางเข้าห,https://storage.googleapis.com/traffy_public_bucket/attachment/2026-09/44edea2a68599a0612212ecf3511c14d.jpeg
2026-JT38BH,start,2026-09-28 05:02,2026-09-28 05:02,100.79457,13.74915,ลาดกระบัง,ลำปลาทิว,ซอยฉลองกรุง 20 น้ำท่วมสูงกว่า 50 cm เข้าบ้านเรือนเสียหาย ความสูงระดับหัวเข่า น้ำท่วมมาแล้วน้อยกว่า 1 สัปดาห์,https://storage.googleapis.com/traffy_public_bucket/attachment/2026-09/6b0a4a6f314e58ff3485ab5091368846.jpeg
2026-HUG48B,finish,2026-09-28 05:08,2026-10-02 09:35,100.57911,13.84333,จตุจักร,เสนานิคม,ในซอยพหลโยธิน 40 ตอนนี้น้ำท่วม ทั้งที่ฝนหยุดตกแล้ว แต่ระดับน้ำยังไม่ลดลงเลย ไม่แน่ใจว่าเกิดอะไรขึ้น ซึ่งก่อนหน้านี้ ช่วงวันที่ฝนหนักหนักๆ น้ำยังไหล เหมือนระบายออกไปได้เรื่อยๆ แต่ตอนนี้ น้ำนิ่งมาหนึ่งวันแล้ว แล้วมันกำลังจะเริ่มเน่า ไม่แน่ใจว่ามีอะไรผิดพลา,https://storage.googleapis.com/traffy_public_bucket/attachment/2026-09/7f5c93875981e6ceb591a86502ae25d2.jpeg
2026-V9KFXJ,inprogress,2026-09-28 05:09,2026-09-28 18:07,100.63378,13.78176,บางกะปิ,คลองจั่น,น้ำท่วมขังสูงขึ้นจากเข่าและตอนนี้สูงถึงเอว ใกล้บึงและน้ำเสียเข้าบ้านสูงมากขึ้น อยากมาช่วนสูบน้ำด้วย จากวันแรกเข่าตอนนี้เอว น้ำท่วมมาแล้วน้อยกว่า 1 สัปดาห์,https://storage.googleapis.com/traffy_public_bucket/attachment/2026-09/6960bfc462a15cd49b0d15eeffe35683.jpeg
2026-RDYRZ9,finish,2026-09-28 05:11,2026-10-02 09:34,100.57923,13.84312,จตุจักร,เสนานิคม,ในซอยพหลโยธิน 40 ตอนนี้น้ำท่วม ทั้งที่ฝนหยุดตกแล้ว แต่ระดับน้ำยังไม่ลดลงเลย ไม่แน่ใจว่าเกิดอะไรขึ้น ซึ่งก่อนหน้านี้ ช่วงวันที่ฝนหนักหนักๆ น้ำยังไหล เหมือนระบายออกไปได้เรื่อยๆ แต่ตอนนี้ น้ำนิ่งมาหนึ่งวันแล้ว แล้วมันกำลังจะเริ่มเน่า ไม่แน่ใจว่ามีอะไรผิดพลา,https://storage.googleapis.com/traffy_public_bucket/attachment/2026-09/a1ddb9bb36f4203bf93fe963fd58cb6e.jpeg
2026-JEFDBU,forward,2026-09-28 05:12,2026-10-05 16:54,100.77034,13.85252,คลองสามวา,ทรายกองดินใต้,สวัสดีค่ะท่าน รบกวนฝากคอยเฝ้าระวังหมู่บ้านริมบึงนายพล ซ.ประชาร่วมใจ 43 หน่อยนะคะ เพราะหมู่บ้านอยู่ติดบึงเลย ตอนนี้น้ำเริ่มขึ้นมาถึงช่วงบริเวณหมู่บ้านแล้วค่ะ ความสูงระดับข้อเท้า น้ำท่วมมาแล้วน้อยกว่า 3 ชั่วโมง,https://storage.googleapis.com/traffy_public_bucket/attachment/2026-09/d3765158a8cf67218015cde493a2097d.jpeg
2026-2RYCXA,inprogress,2026-09-28 05:14,2026-09-28 14:19,100.62543,13.71207,สวนหลวง,สวนหลวง,ขอความอนุเคราะห์ กทม ช่วยเหลือให้ประชาชนซอยอ่อนนุช 27 ที่อยู่ริมคลองพระโขนง หากมีถุงทรายจะขอรบกวนด้วยค่ะ หน้าบ้านนำ้ท่วมลึกมาก และมีผู้สูงอายุ 97 ปี หากมีฉุกเฉินเรื่องสุขภาพค่ะ บางช่วงเท่าเข่า บางช่วงสูงกว่าเข่าคะ ตั้งแต่บ่ายวันศุกร์ค่ะ,https://storage.googleapis.com/traffy_public_bucket/attachment/2026-09/750299155e8ce539ed0d1179bbb1b334.jpeg
2026-8ZDZWC,inprogress,2026-09-28 05:16,2026-09-28 18:30,100.6441,13.78357,บางกะปิ,คลองจั่น,น้ำยังไม่มีทีท่าว่าจะลดเลย ฝนตกก็ยิ่งทำให้สูงขึ้น ขอให้ระบายลดลงบ้างให้ออกไปซื้ออาหารได้บ้าง แตนี่สูงถึงเอวแล้วรบกวนช่วยเหลือด้วยนะคะ ความสูงระดับเอว น้ำท่วมมาแล้ว3-4,https://storage.googleapis.com/traffy_public_bucket/attachment/2026-09/e1b596d034c42ae136b5b9580c2da556.jpeg
2026-KM8U8T,inprogress,2026-09-28 05:16,2026-09-28 11:42,100.65912,13.72891,ประเวศ,ประเวศ,1. น้ำท่วมเข้ามาถึงในตัวบ้านสูงเกิน 30 เซนติเมตร 2. เฟอร์นิเจอร์อุปกรณ์ไฟฟ้าต่างๆภายในบ้านเสียหาย อย่างหนัก 3. ระบบภายไฟฟ้าในบ้านมีปัญหา เสียหายต้องมีช่างเข้ามาตรวจเช็ค 4. น้ำท่วมรถยนต์ 1 คัน ได้รับความเสียหาย ต้องเรียกรถยกเพื่อไปเข้าอู่ 5 ต้องนอน. ต้องกา,https://storage.googleapis.com/traffy_public_bucket/attachment/2026-09/c40bd2469ad7863a48d27f7ad041c9f7.jpeg
2026-LZJR43,inprogress,2026-09-28 05:16,2026-09-28 11:37,100.67682,13.72253,ประเวศ,ประเวศ,น้ำท่วมในซอย 3 วัน ไม่ลด ความสูงระดับเอว น้ำท่วมมาแล้วน้อยกว่า 1 สัปดาห์,https://storage.googleapis.com/traffy_public_bucket/attachment/2026-09/aa90a994fcc8d1d684a588cb45aba664.jpeg
2026-VKGR8M,inprogress,2026-09-28 05:17,2026-09-28 18:31,100.63342,13.79104,บางกะปิ,คลองจั่น,ขณะนี้ ระแวกบ้านฝนหยุดตกได้เกือบๆ1วันเต็ม แต่ท่อไม่ระบายน้ำออก และบ้านที่อยู่ เป็นพื้นต่ำ ทำให้น้ำไม่สามารถระบายออกจากบ้านได้ สิ่งที่ต้องการความช่วยเหลือ 1.ช่วยนำอุปกรณ์สูบน้ำหรือช่วยระบายน้ำสูบน้ำออกจากบ้านและถนนลงสู่ท่อครับ ตอนนี้สูงประมาณข้อเท้าได้ครับ,https://storage.googleapis.com/traffy_public_bucket/attachment/2026-09/4dd4d1b02f7da5ef4d99173a9efd4335.jpeg
2026-L734U6,finish,2026-09-28 05:19,2026-10-02 10:02,100.64264,13.7558,บางกะปิ,หัวหมาก,แจ้งแล้ว กำลังติดตาม และกำลังปรับปรุงข้อมูล ในเรื่องที่แจ้งเดิม ทำไมระบบบอก `ไม่สามารถดำเนินการต่อได้` ให้แจ้งเรื่องใหม่ แบบนี้ไม่รู้ข้อมูลที่แจ้งไป ได้ครับ ได้บางส่วน หรือไม่ได้เลย น้ำเพิ่มขึ้นกว่าเมื่อวานเย็นประมาณ 4-5 นิ้วได้ ฝนไม่ได้ตกเยอะขนาดนั้น ข้า,https://storage.googleapis.com/traffy_public_bucket/attachment/2026-09/94d33e2167e36a5252bd97fe14ef154c.jpeg
2026-F3Z8C4,inprogress,2026-09-28 05:20,2026-09-28 10:49,100.66783,13.67433,ประเวศ,หนองบอน,เฉลิมพระเกียรติ ร.9 ซอย 22 หมู่บ้านเคหะนคร 1 น้ำท่วมขังมาเป็นเวลานานครับ สัญจรค่อยไม่ได้ น้ำไม่ลดเลย ตอนนี้เสบียงที่มีน่าจะใกล้หมดแล้วครับ ความสูงระดับหัวเข่า ประมาณ 3 วันครับ,https://storage.googleapis.com/traffy_public_bucket/attachment/2026-09/4f8e0b96dc8269cfb108d4dc66e317d0.jpeg
2026-PTUTPZ,inprogress,2026-09-28 05:20,2026-09-28 14:18,100.63323,13.74686,สวนหลวง,สวนหลวง,บอกเล่าปัญหา ระดับน้ำไม่ลดลงเลย แถมยังเพิ่มขึ้นอีก เดือดร้อนมากๆ กทม/เขตควรทำการสูปน้ำอแกจากพื้นที่ด่วน สามวันแล้วระดับมีแต่เพิ่ม ข้าวของ รถยนต์ เครื่องใช้ไฟ้า เสียหายหมดแล้ว ความสูงระดับเกินหัวเข่าแล้ว น้ำท่วมมาแล้วสามวันแล้ว,https://storage.googleapis.com/traffy_public_bucket/attachment/2026-09/d0a856edb50aca320d7f8538493a4f99.jpeg
2026-YA2GZR,inprogress,2026-09-28 05:22,2026-09-28 08:44,100.68293,13.77232,สะพานสูง,สะพานสูง,รามคำแหง 118 แยก79 น้ำไม่ลดเลย น้ำท่วมตั้งแต่วันศุกร์ที่ 25 กันยายน ช่วยด้วยคะ ความสูงระดับหน้าแข้ง น้ำท่วมมาแล้วมากกว่า 3 วัน,https://storage.googleapis.com/traffy_public_bucket/attachment/2026-09/26138c2f4d5ea0ef28938a71a6c4119d.jpeg
2026-NWLCZK,forward,2026-09-28 05:26,2026-09-28 11:17,100.65582,13.91906,สายไหม,สายไหม,น้ำท่วมขังไม่มีการระบายมา3วันออกไปทำงานไม่ได้ครับ ความสูงระดับหน้าแข้ง น้ำท่วมมาแล้วน้อยกว่า 1 สัปดาห์,https://storage.googleapis.com/traffy_public_bucket/attachment/2026-09/da891a10c3c1eb5bc5c2bd8b89b3f749.jpeg
2026-VAYT62,inprogress,2026-09-28 05:34,2026-09-28 18:33,100.63829,13.75425,บางกะปิ,หัวหมาก,ซอยหัวหมาก16ค่ะ ตรงถนนพอแห้ง แต่ในซอยน้ำอุดตันค่อนข้างเยอะ น้ำเข้าบ้านเยอะมาก อยากให้เคลียน้ำในซอยค่ะ ความสูงระดับซอยหัวหทาก18 ระดับต้นขา ซอยหัวหมาก16 ระดับเข่า ในบ้านระดับเอว หนูสูง 175 ค่ะ น้ำท่วมมาแล้ว3-4วันค่ะ,https://storage.googleapis.com/traffy_public_bucket/attachment/2026-09/thumb_773ab2454e3feeed4672dbeffa38ee23.jpg
2026-LZPUGA,inprogress,2026-09-28 05:42,2026-09-28 10:50,100.69165,13.72902,ประเวศ,ประเวศ,น้ำท่วมขัง ความสูงระดับหน้าแข้ง น้ำท่วมมาแล้วน้อยกว่า 1 สัปดาห์,https://storage.googleapis.com/traffy_public_bucket/attachment/2026-09/97dc08099f8ce60e3da81187be65b027.jpeg
2026-4DKAAZ,inprogress,2026-09-28 05:58,2026-09-28 08:44,100.68794,13.76294,สะพานสูง,สะพานสูง,น้ำท่วมไม่ลดเลยค่ะ ไม่สามารถเข้าออกได้ ความสูงระดับหัวเข่า น้ำท่วมมาแล้วน้อยกว่า 1 สัปดาห์,https://storage.googleapis.com/traffy_public_bucket/attachment/2026-09/8beee211b317e6dd35dd68d6b495e03b.jpeg
2026-PCHUGV,finish,2026-09-28 05:59,2026-09-29 15:43,100.57358,13.859,หลักสี่,ตลาดบางเขน,น้ำหน้าบ้านยังสูงมากทั้งๆที่ฝนก็ไม่ตกมากทั้งวันเมื่อวาน ตอนนี้ยังไม่สามารถออกไปไหนได้ บ้านอยู่ท้ายซอย เหมือนจะท่วมสูงอยู่แค่บริเวณนี้ ช่วยมาสูบน้ำออกบ้างได้ไหม จะได้สามารถใช้ชีวิตได้ ความสูงระดับเอว น้ำท่วมมาแล้วน้อยกว่า 1 สัปดาห์,https://storage.googleapis.com/traffy_public_bucket/attachment/2026-09/a22e732f6cd7317bf22926152c645c52.jpeg
2026-CU83NA,forward,2026-09-28 06:01,2026-09-28 12:48,100.65456,13.79274,บึงกุ่ม,คลองกุ่ม,1.19/95 ซ.นวมินทร์30 ถ.นวมินทร์ เขต บึงกุ่ม แขวง คลองกุ่ม 2.แจ้งเรื่องเหตุน้ำท่วมเส้นนวมินทร์ ทำให้ไม่สามารถไปรับผู้สูงอายุ(ปู่กับย่า อายุประมาณ 70++ )ที่อยู่บ้านสองคนได้ค่ะ ตอนนี้ในซอยท่วมถึงบันไดบ้านขั้นที่ 2 ตั้งแต่วันศุกร์ไม่มีท่าทีจะลงเลยค่ะ เป็นห่วง,https://storage.googleapis.com/traffy_public_bucket/attachment/2026-09/76b702a91c91e08ef6aa63c96922283c.jpeg
2026-XCLGGT,finish,2026-09-28 06:02,2026-09-30 14:07,100.58985,13.82541,ลาดพร้าว,ลาดพร้าว,อัฟดเดตนํ้าท่วม ความสูงระดับลงแล้วครับ น้ำท่วมมาแล้ว2วัน,https://storage.googleapis.com/traffy_public_bucket/attachment/2026-09/a4de0465f6e96d05c1bfffdcc77c38ab.jpeg
2026-HGBEW4,inprogress,2026-09-28 06:03,2026-09-28 18:35,100.63439,13.77498,บางกะปิ,คลองจั่น,ในซอยมีน้ำท่วมขังสูงถึงเกือบเข่า มีขยะลอยมากมาย น้ำเริ่มเน่า อยากให้มีการเข้ามาช่วยเก็บขยะ เพราะจะได้ช่วยให้น้ำระบายด้วย และเข้ามาดูแลในซอยด้วยค่ะ ไม่มีหน่วยงานไหนมาดูแลเลย ความสูงระดับในซอยเกือบหัวเข่า น้ำท่วมมาแล้วตั้งแต่ 26 แล้วค่ะ,https://storage.googleapis.com/traffy_public_bucket/attachment/2026-09/afd3a8a233c97d04b94e73bfd86c44aa.jpeg
2026-MZ7UJK,inprogress,2026-09-28 06:03,2026-09-28 22:34,100.72729,13.73635,ลาดกระบัง,คลองสองต้นนุ่น,อุทกภัยน้ำท่วม ตั้งแต่วันที่ 25-28 ก.ย 2569. รบกวนช่วยเหลือคนในซอยพัฒนาชนบท2 เรื่องอาหาร. น้ำดื่มคะ ความสูงระดับหัวเข่า น้ำท่วมมาแล้ว4วัน,https://storage.googleapis.com/traffy_public_bucket/attachment/2026-09/1e78614fe1c9366a4cc9d7218345f682.jpeg
2026-7XXCCB,inprogress,2026-09-28 06:05,2026-09-28 08:44,100.84494,13.79944,หนองจอก,ลำผักชี,"นํ้าไม่สามารถระบายได้ เมื่อวานนํ้าไม่เพิ่มขึ้นฝนไม่ตกแต่นํ้าค่อยๆเอ่อเพิ่มขึ้นในตอนเย็น เอ่อขึ้นมาจากท่อเนื่องจากนํ้าไม่ระบาย ซอยสุวินทวงศ์ 64 ชุมชนเอื้ออาทรแก้วประดับ หมู่บ้านพิบูลย์ทรัพย์ 15 เครือวัลย์ 1 , 2 , 3 ที่ทางนาเต็มไปด้วยนํ้าขังรอระบาย แต่ไม่",https://storage.googleapis.com/traffy_public_bucket/attachment/2026-09/b47af94c46c8aebd72678ffa2ed74f37.jpeg
2026-WZJTKA,finish,2026-09-28 06:11,2026-09-30 14:07,100.61067,13.83968,ลาดพร้าว,จรเข้บัว,ลอกท่อในหมู่บ้านเสนานิเวศน์2 เขตลาดพร้าว แขวงจรเข้บัว ด่วน ลงน้ำลด น้ำจะได้ไม่ท่วมขังค่ะ ความสูงระดับหัวเข่าค่ะ น้ำท่วมมาแล้วตั้งแต่ วันศุกร์ที่25/9/69 ค่ะ,https://storage.googleapis.com/traffy_public_bucket/attachment/2026-09/thumb_33153435f9569aadb2e688a451866ca5.jpg
2026-TANERN,inprogress,2026-09-28 06:13,2026-09-28 11:37,100.69814,13.72747,ประเวศ,ประเวศ,วันที่ 28/9/2569 เวลา 06.30 ฝนยังตก บางครั้ง แต่นปรืมาณน้ำไม่ลดลง บนถนนเฉลิมพระเกัยรติ ร.9 จากแยกประเวศ มาทาขนานงมอเตอร์เวย์ 7 สูง 70 เซ็นติเมตร รถเล็กผ่านไม่ได้ เอกชนไม่หยุด ออกไปทำงานไม่ได้ ถ้าหยุด โดนหักเงืน หน่วยงานรัฐ และข้าราชการไทย นั้งทำอะไรอยู่คร,https://storage.googleapis.com/traffy_public_bucket/attachment/2026-09/0e49b27150d1beb32f232bdff280ea3d.jpeg
2026-UJENAE,finish,2026-09-28 06:13,2026-10-02 13:46,100.63029,13.78903,บางกะปิ,คลองจั่น,น้ำท่วมสูงมาก มิดชั้น 1 ชุมชนร่วมกันสร้าง ถนนลาดพร้าว 101 แยก 40 ทั้งชุมชนประมาณ 200 กว่าหลังคาเรือน ความสูงระดับสูงกว่าเอว น้ำท่วมมาแล้วน้อยกว่า 1 สัปดาห์,https://storage.googleapis.com/traffy_public_bucket/attachment/2026-09/233266fc0c52fef463f1628a12863775.jpeg
2026-T4Z94J,inprogress,2026-09-28 06:15,2026-09-28 11:50,100.73229,13.787,มีนบุรี,มีนบุรี,น้ำท่วมซอยรามคำแหง 184 สูงขึ้นเรื่อยๆครับ ความสูงระดับหน้าแข้ง น้ำท่วมมาแล้วน้อยกว่า 1 สัปดาห์,https://storage.googleapis.com/traffy_public_bucket/attachment/2026-09/0b96cdab16e24c93161934265b3b04b1.jpeg
2026-B4P8RG,forward,2026-09-28 06:16,2026-09-28 14:17,100.63241,13.73967,สวนหลวง,สวนหลวง,น้ำเต้มบ้านชั้น1 แล้วคะ ไม่มีหน่วนงานใด ให้ความช่วยเหลือ ตอบกลับ แม้กระทั่ง หน่วยงานของ คุนชัชชาติ ผว กทม วันนี่เข้าวันที่ 4 ของเสียหาย ระดับน้ำสูงเลยครึ่งล้อรถ ไม่รู้ว่าต้องรออีกกี่วัน คุนแม่ก้ออายุเยอะ กิน ขับถ่าย ไม่สะดวก ขอให้มาดูด น้ำออกไป ให,https://storage.googleapis.com/traffy_public_bucket/attachment/2026-09/264a71a0b20e78a9745c23e6d20d8d2a.jpeg
2026-M68RCJ,inprogress,2026-09-28 06:18,2026-09-28 08:44,100.68632,13.74775,สะพานสูง,สะพานสูง,น้ำท่วม เข้าบ้าน ลดลง หรือยัง ความสูงระดับหัวเข่า น้ำท่วมมาแล้ว3 วัน,https://storage.googleapis.com/traffy_public_bucket/attachment/2026-09/bd84774090db1728c9dc252a1010f7f4.jpeg
2026-ZU2KZC,start,2026-09-28 06:18,2026-09-28 06:18,100.72132,13.74134,ลาดกระบัง,คลองสองต้นนุ่น,น้ำแช่หลายวันแล้วและน้ำเพิ่มสูงขึ้นด้วย ประชาชนที่มีรถเล็กไม่สามารถออกไปไหนได้ จุดที่ลึกสุดประมาณ 50 ซ.ม. น้ำจากคลองหนึ่งก็หนุนขึ้นมา เวลามีรถกะบะวิ่งเข้ามามีคลื่นซัด ประชาชนเดือดร้อนอย่างหนัก อาหารใกล้เคียงจากร้านสะดวกซื้อก็ไม่มีขาย เหตุที่หมู่บ้านเดอะแพ,https://storage.googleapis.com/traffy_public_bucket/attachment/2026-09/a13a5dadb91addd7f4b8bb66b826b909.jpeg
2026-D7AV9R,inprogress,2026-09-28 06:20,2026-09-28 08:44,100.83661,13.7803,หนองจอก,ลำผักชี,น้ำท่วมขังมา3วันแล้ว อยากให้ทางเขตมาติดตั้งเครื่องสูบน้ำ สูบออกให้ น้ำเริ่มมีกลิ่นแล้ว เริ่มน้ำแล้ว ความสูงระดับ30-60 ซม. น้ำท่วมมาแล้ว4วันแล้ว,https://storage.googleapis.com/traffy_public_bucket/attachment/2026-09/8e31eaac6c559621b150b7fbdcfe8709.jpeg
2026-R4RMBT,inprogress,2026-09-28 06:20,2026-09-28 08:45,100.6899,13.76561,สะพานสูง,สะพานสูง,น้ำท่วม ความสูงระดับในบ้าน 50เซน น้ำท่วมมาแล้ว3วัน,https://storage.googleapis.com/traffy_public_bucket/attachment/2026-09/38f3e849bc5a202119da4e5f57adf43d.jpeg
2026-8DBZWD,start,2026-09-28 06:21,2026-09-28 06:21,100.73325,13.75919,ลาดกระบัง,คลองสองต้นนุ่น,เคหะร่มเกล้า ซอย 31 แยก 2-6 โซนหลังคาขาว สุดซอย ฝั่งขวา น้ำท่วมหนัก ออกจากพื้นที่ไม่ได้ ต้องการเสบียงอาหาร น้ำ อยู่กัน 3 คน มีคนแก่ ยังไม่มีหนวยงานไหนเข้ามาช่วยเหลือ ต้องการ เสบียงอาหาร และความช่วยเหลือ ความสูงระดับสูงกว่าเอว น้ำท่วมมาแล้ว2 วัน เข้าวันที่,https://storage.googleapis.com/traffy_public_bucket/attachment/2026-09/9a5110c941e7406d5a06a7d1a8a38aa4.jpeg
2026-97T7EY,inprogress,2026-09-28 06:22,2026-09-28 08:43,100.84235,13.90694,หนองจอก,คลองสิบ,น้ำท่วมรอบบ้านแล้วครึ่งหน้าแข้งแล้วขอทรายด้วยครับ ความสูงระดับหน้าแข้ง น้ำท่วมมาแล้วน้อยกว่า 1 สัปดาห์,https://storage.googleapis.com/traffy_public_bucket/attachment/2026-09/217123a034cf4c0f161bffad309fa473.jpeg
2026-MV8FEP,inprogress,2026-09-28 06:22,2026-09-28 14:17,100.63599,13.73614,สวนหลวง,สวนหลวง,น้ำท่วมถนน พัฒนาการซอย20-52 ความสูงระดับหัวเข่า น้ำท่วมมาแล้วน้อยกว่า 1 สัปดาห์,https://storage.googleapis.com/traffy_public_bucket/attachment/2026-09/bef3df414a79dded4a9e1e8a71658024.jpeg
2026-P3PXX3,start,2026-09-28 06:22,2026-09-28 06:22,100.7213,13.74134,ลาดกระบัง,คลองสองต้นนุ่น,น้ำแช่หลายวันแล้วและน้ำเพิ่มสูงขึ้นด้วย ประชาชนที่มีรถเล็กไม่สามารถออกไปไหนได้ จุดที่ลึกสุดประมาณ 50 ซ.ม. น้ำจากคลองหนึ่งก็หนุนขึ้นมา เวลามีรถกะบะวิ่งเข้ามามีคลื่นซัด ประชาชนเดือดร้อนอย่างหนัก อาหารใกล้เคียงจากร้านสะดวกซื้อก็ไม่มีขาย เหตุที่หมู่บ้านเดอะแพ,https://storage.googleapis.com/traffy_public_bucket/attachment/2026-09/8a0e279d8e950b85f4cb523d90f75a3d.jpeg
2026-P4WBPW,forward,2026-09-28 06:23,2026-09-28 07:59,100.66392,13.79008,บึงกุ่ม,คลองกุ่ม,แช่น้ำมา 4 วันแล้ว จ้งเร่องเข้าไปหลายรอบไม่มีใครมาดูแลเลย ผู้ว่ามัวแต่ทำคอนเท้นต์หาแสง จะรอน้ำระเหยไปเองใช่มั้ย ความสูงระดับหัวเข่า น้ำท่วมมาแล้วตั้แต่เย็นวันศุกร์,https://storage.googleapis.com/traffy_public_bucket/attachment/2026-09/75341de51e2893369928f23a308539ae.jpeg
2026-RZ3V8U,inprogress,2026-09-28 06:23,2026-09-28 08:46,100.66317,13.74221,สะพานสูง,สะพานสูง,หมู่บ้านพาติโอศรีนครินทร์—พระราม 9 เกิดน้ำท่วมขังสามถึงสี่วันแล้วสูงประมาณ30เซนต์ประมาณสามสี่วันแล้วต้องการความช่วยเหลือขอสอบทรายสัก 100 ถุงมาส่งที่หน้าหมู่บ้านซึ่งน้ำตอนนี้รถออกไปไม่ได้อยากทราบว่าจะส่งให้ได้ไหม ประมาณ 50 เซ็นต์ครับ เข้าถึงวันนี้ก็เข้าห้า,https://storage.googleapis.com/traffy_public_bucket/attachment/2026-09/thumb_c3612b99c23ce86d7ce1ccf580b5c13c.jpg
2026-22FFYV,finish,2026-09-28 06:24,2026-10-02 10:02,100.65337,13.76234,บางกะปิ,หัวหมาก,น้ำท่วมขังนานมา3วันแล้ว น้ำเข้าในบ้าน ในบ้านมีผู้สูงอายุ ต้องการกระสอบทรายและเครื่องสูบน้ำด่วนค่ะ ความสูงระดับเอว น้ำท่วมมาแล้วน้อยกว่า 1 สัปดาห์,https://storage.googleapis.com/traffy_public_bucket/attachment/2026-09/ee92578df5d8c726fcc29484ffe5b721.jpeg
2026-328X92,inprogress,2026-09-28 06:24,2026-09-28 11:46,100.66692,13.79355,บึงกุ่ม,คลองกุ่ม,ตอนนี้บ้านเอื้อบึงกุ่มน้ำท่วมมากคะ ตั้งแต่วันที่ 25/9/69 จนวันนี้น้ำเริ่มเยอะขึ้น เดินออกไปค่อนข้างลำบาก มีเด็กเล็ก 11 เดือนในห้องคะ ในนี้มีจำนวนตึก 100กว่าตึก มีทั้งเด็ก คนชรา คนทุพพลภาพ รบกวนเข้ามาตรวจสอบด้วยนะคะ ขอบคุณค่ะ🙏 ความสูงระดับหัวเข่า น้ำท่วมม,https://storage.googleapis.com/traffy_public_bucket/attachment/2026-09/cb8e3673018c72dbacbbce89a5bb26bf.jpeg
2026-X4T9XG,inprogress,2026-09-28 06:25,2026-09-28 18:35,100.62389,13.75112,บางกะปิ,หัวหมาก,ปริมาณย้ำยังไม่ลด ม่วมล้ายจากนะดับพื้น 50เซนติเมตร ระดับถนนที่ยกแล้วท่วมมิด ความสูงระดับ50ซม น้ำท่วมมาแล้วจากพื้นบ่าย,https://storage.googleapis.com/traffy_public_bucket/attachment/2026-09/d0e51c51471687884d13c7d16790e314.jpeg
2026-2RJDBN,finish,2026-09-28 06:26,2026-09-28 14:46,100.62123,13.78359,วังทองหลาง,คลองเจ้าคุณสิงห์,น้ำท่วมขังไม่ค่อยลดลงเลยน้ำเริ่มเน่า ความสูงระดับหัวเข่า น้ำท่วมมาแล้วน้อยกว่า 1 สัปดาห์,https://storage.googleapis.com/traffy_public_bucket/attachment/2026-09/thumb_f884a6f82a60b5f59df1c7e0f87d3a8d.jpg
2026-VU3GVP,start,2026-09-28 06:27,2026-09-28 06:27,100.79068,13.75312,ลาดกระบัง,ลำปลาทิว,- หมู่บ้านแฮปปี้เพลซ 2 ซอยฉลองกรุง 23 - น้ำท่วมขังเหนือเข่ามาสองวันแล้ว ทั้งที่ข้างนอกแห้งแล้ว ที่นี่น้ำยังขังอยู่เลย ขอเครื่องสูบน้ำ หรือความช่วยเหลือครับ ความสูงระดับตอนนี้เลยเข่าแล้วครับ น้ำท่วมมาแล้ววันนี้วันที่สามครับ,https://storage.googleapis.com/traffy_public_bucket/attachment/2026-09/d9a2fc303660e451af5783d7c1666515.jpeg
2026-8JEZUD,inprogress,2026-09-28 06:28,2026-09-28 08:20,100.67522,13.84221,คันนายาว,คันนายาว,น้ำท่วมขังสูงมาก ใน ซ.กาญจนาภิเษก7/1 ( ม. เพชรอนันต์ ) แขวง/เขต คันนายาว กทม. ความสูงระดับกลางซอย ประมาณ 1 เมตร น้ำท่วมมาแล้วท่วมตั้งแต่ 25-27 ก.ย. 69,https://storage.googleapis.com/traffy_public_bucket/attachment/2026-09/381c3899c8a0c137c38fcb4d6178a269.jpeg
2026-AGCMU4,inprogress,2026-09-28 06:28,2026-09-28 08:46,100.70121,13.76244,สะพานสูง,สะพานสูง,เลียบคลองราษฎร์พัฒนา15 แยก2 น้ำท่วมเยอะ ไม่มีหน่วยงานไหนเข้ามาดูแลเลยค่ะ ที่บ้านมีคนป่วย ความสูงระดับหัวเข่า น้ำท่วมมาแล้วน้อยกว่า 1 สัปดาห์,https://storage.googleapis.com/traffy_public_bucket/attachment/2026-09/f41ccee87dcc9447660592fe4cc960c5.jpeg
2026-LK3CR2,inprogress,2026-09-28 06:28,2026-09-28 08:43,100.81454,13.80057,หนองจอก,ลำผักชี,ในหมู่บ้านโรยัลปาร์ควิลล์จะระบายได้ตอนไหนครับ ฝนตกมีแต่น้ำเพิ่ม ระดับน้ำไม่ลงเลยครับ #ขอกระสอบทราย/อื่นๆ,https://storage.googleapis.com/traffy_public_bucket/attachment/2026-09/148ddd640f79a4a88ab6447e8a567ca9.jpeg
2026-J8KYNN,finish,2026-09-28 06:29,2026-10-01 14:28,100.4113,13.63884,บางขุนเทียน,แสมดำ,น้ำท่วมบ้าน ความสูงระดับข้อเท้า น้ำท่วมมาแล้วน้อยกว่า 1 สัปดาห์,https://storage.googleapis.com/traffy_public_bucket/attachment/2026-09/75b078948f6e7117ffb02a711c2a3687.jpeg
2026-46FV6R,start,2026-09-28 06:30,2026-09-28 06:30,100.45998,13.67056,จอมทอง,บางมด,ฝนตกหนักๆ จะชอบท่วมคะ เป็นซอยย่อย ความสูงระดับหน้าแข้ง น้ำท่วมมาแล้วน้อยกว่า 1 วัน,https://storage.googleapis.com/traffy_public_bucket/attachment/2026-09/c901ff6cc6b86e57322e159a8f9f84b7.jpeg
2026-H9PJGF,inprogress,2026-09-28 06:31,2026-09-28 18:38,100.65349,13.76082,บางกะปิ,หัวหมาก,ซอยรามคำแหง 62 บ้านธารทิพ น้ำท่วมยังไม่ลดเลยสักคนนิดเดียว ความสูงระดับเอว 3 วัน,https://storage.googleapis.com/traffy_public_bucket/attachment/2026-09/672561641396ae2557cd99ce72d57b61.jpeg
2026-VK7NV7,inprogress,2026-09-28 06:31,2026-09-28 18:39,100.65243,13.76383,บางกะปิ,หัวหมาก,น้ำท่วมตั้งแต่ วันศุกร์ ถึงณตอนนี้ ทั้งซอย บ้างบ้านน้ำเข้าบ้านครับ รามคำแหง 62 ความสูงระดับในซอยไม่รุ้ครับ แต่เข้ามาถึงบ้าน ก้อ ข้อเท้าแล้ว โดนกันทั้งซอย น่าตะมีเครื่องสูบน้ำได้แล้วครับ เหนใน ติ้กต้อก ซอยข้างๆ แห้งเกือบหมดแล้ว น้ำท่วมมาแล้วตั้งแต่ เสาเช้า,https://storage.googleapis.com/traffy_public_bucket/attachment/2026-09/05c7f2a44381c432c96d527fa357c5bd.jpeg
2026-3R4ZRA,inprogress,2026-09-28 06:33,2026-09-28 18:18,100.63271,13.75611,บางกะปิ,หัวหมาก,น้ำในซอยไม่ลดเลยค่ะแล้วก็เพิ่มขึ้นเรื่อยๆ เพราะคลองที่ติดกับซอยขยะเยอะมากๆ ไม่มีเจ้าหน้าที่มาตักออกหรือสูบน้ำค่ะ ในซอยมีไม่ถึง15คนเพราะมีแต่่เจ้าหน้าที่ภารโรงที่ต้องอยู่ค่ะ โดดเดี่ยวไม่มีใครช่วย บ้านพักคนงานก็ท่วมหมดเหลือแต่ชั้นสองที่ยังไม่ท่วมและยังอาศัย,https://storage.googleapis.com/traffy_public_bucket/attachment/2026-09/67d592da0ce83e096388b50b2f09a77d.jpeg
2026-XWBZCB,inprogress,2026-09-28 06:37,2026-09-28 08:20,100.6919,13.76642,สะพานสูง,สะพานสูง,น้ำท่วมขังรุนแรง ระดับน้ำสูงประมาณเอว/อกของเด็กเล็ก ทำให้ประชาชนสัญจรลำบากและอาจเป็นอันตราย โดยเฉพาะเด็กและผู้สูงอายุ รบกวนหน่วยงานเข้าตรวจสอบและเร่งระบายน้ำด้วยค่ะ น้ำข้างมา 3 วัน ทำไมยังไม่มีการระบายน้ำ น้ำเริ่มมีกลิ่น ไม่เห็นมึหน่วยงานไหนเข้าช่วยเหลือ ,https://storage.googleapis.com/traffy_public_bucket/attachment/2026-09/b2d0b16ff91f393b085f1bb0c88a7f0d.jpeg
2026-LTBMM3,inprogress,2026-09-28 06:38,2026-09-28 14:51,100.65396,13.86943,บางเขน,ท่าแร้ง,น้ำท่วมมา 3-4 วันแล้ว ลดน้อยมาก ออกจากบ้านไม่ได้ ไปไหนไม่ได้ อยู่ที่ ถ.ร่วมมิตรพัฒนา วัชรพล Noble Geo วัชรพล มาสูบน้ำให้แห้งด้วย เดือดร้อนมาก ความสูงระดับถนน ซอย เกินครึ่งแข้ง ครับ น้ำท่วมมาแล้ว3-4 วัน,https://storage.googleapis.com/traffy_public_bucket/attachment/2026-09/4bdd2bdeb54517d2db6a6cad5d70e40c.jpeg
2026-NVBHFG,start,2026-09-28 06:38,2026-09-28 06:38,100.75231,13.71724,ลาดกระบัง,ลาดกระบัง,น้ำท่วมสูงเดินเข้ามาตั้งแต่วันศุกร์ ยังไม่มีหน่วยงานเข้าไป ประธานชุมชน ก็นิ่งเฉย ตอนนี้เดือนร้อน มากเพราะที่บ้านมีคนแก่ 2 คน จะเข้าไปหาท่านก็ติดน้ำท่วมถนน ไม่มีรถวิ่งไปได้ โปรดเห็นใจด้วยคะ ความสูงระดับถนนในหมู่บ้านเลยเข่า แต่ในบ้านถึงขอบเตียงนอน แล้ว คะ น,https://storage.googleapis.com/traffy_public_bucket/attachment/2026-09/ffb64f5d576574b2f659e1b84e7578a3.jpeg
2026-GMDPVP,inprogress,2026-09-28 06:40,2026-09-28 11:39,100.70944,13.70158,ประเวศ,ประเวศ,น้ำไม่ลดเลยน้ำจะเน่าแล้ง ความสูงระดับเอว 3-4วันแล้ว,https://storage.googleapis.com/traffy_public_bucket/attachment/2026-09/30f5d30622a745fa0dbf62ae6c3f321b.jpeg
2026-HACAGG,inprogress,2026-09-28 06:42,2026-09-28 11:50,100.7163,13.81751,มีนบุรี,มีนบุรี,น้ำท่วมขังมา3วันแล้ว เครื่องสูบน้ำของทางเขตใช้ไม่ได้ ไม่มีหน่วยงานของสำนักงานเขตมีนบุรีมาดูเลย ความสูงระดับหัวเข่า น้ำท่วมมาแล้วน้อยกว่า 1 สัปดาห์,https://storage.googleapis.com/traffy_public_bucket/attachment/2026-09/cae7bf7131469482be7e4e2b42687bbd.jpeg
2026-P9A2MA,finish,2026-09-28 06:42,2026-09-28 13:37,100.5461,13.8338,จตุจักร,ลาดยาว,น้ำท่วมในบ้านมา 3 วันแล้ว ถนนหน้าบ้านในซอยซิเมนต์ไทย น้ำไม่ลดลง ไม่สามารถเดินทางได้ น้ำทะลักเข้าบ้าน และ รถยนต์ มีผู้สูงอายุภายในบ้าน อยากให้ช่วยมาดูเรื่องระดับน้ำ ที่ท่วมไม่ลดสักทีค่ะ วันนี้ 3 วันแล้ว ความสูงระดับหน้าแข้ง น้ำท่วมมาแล้วน้อยกว่า 1 สัปดาห์,https://storage.googleapis.com/traffy_public_bucket/attachment/2026-09/fa7300f118681428e57cbfc0b61fb75a.jpeg
2026-RVH6ZW,inprogress,2026-09-28 06:42,2026-09-28 08:19,100.70066,13.74779,สะพานสูง,สะพานสูง,น้ำในพื้นที่เขตสะพานสูง หมู่บ้านนักกีฬาแหลมทองยังไม่มีแนวโน้มว่าจะลดลงฝนตกมาเติมเพิ่มปริมาณน้ำท่วมขัง ความสูงระดับเอว น้ำท่วมมาแล้ว4วัน,https://storage.googleapis.com/traffy_public_bucket/attachment/2026-09/8c6208d1b703e10f03f1d0f4bba9dcb1.jpeg
2026-CRULGX,inprogress,2026-09-28 06:43,2026-09-28 10:50,100.69021,13.69961,ประเวศ,ดอกไม้,น้ำท่วมในหมู่บ้านไม่ลดลงและมีฝนตกเมื่อคืนทำให้ระดับน้ำเพิ่มขึ้นต้องการความช่วยเหลือในการสูบน้ำออกค่ะ ความสูงระดับหน้าแข้ง 2วันแล้วค่ะ,https://storage.googleapis.com/traffy_public_bucket/attachment/2026-09/f20f41ddf4b0f4e6474752fb41c6294a.jpeg
2026-FN2BGF,inprogress,2026-09-28 06:44,2026-09-28 18:40,100.65053,13.76923,บางกะปิ,คลองจั่น,พื้นที่น้ำท่วมขังเป็นเวลา 3 วันแล้ว น้ำท่วมรถยนต์ทะเบียน 8กศ570 กรุงเทพมหานคร ได้รับความเสียหายทั้งคัน ความสูงระดับ1.50 เมตร น้ำท่วมมาแล้วท่วมมาวันที่ 3,https://storage.googleapis.com/traffy_public_bucket/attachment/2026-09/12e609d498c2b4651411d5be4f1cd493.jpeg
2026-B9H8WA,inprogress,2026-09-28 06:47,2026-09-28 11:39,100.68269,13.68047,ประเวศ,ดอกไม้,น้ำท่วม น้ำยังไม่ลดจากระดับ เดิม เลยครับ ความสูงระดับหน้าแข้ง น้ำท่วมมาแล้ว2 วัน,https://storage.googleapis.com/traffy_public_bucket/attachment/2026-09/e88c2c4320a1d161b3defc71f25899cf.jpeg
2026-M3PYZK,inprogress,2026-09-28 06:49,2026-09-28 08:18,100.68398,13.7683,สะพานสูง,สะพานสูง,ซอยรามคำแหง118แยก42-4 ท้ายซอยน้ำสูงเกินครึ่งคันรถ รถเล็กออกไม่ได้ ต้นซอยดูเหมือนท่วมเล็กน้อย แต่ท้ายซอยท่วมสูง ความสูงระดับนี่คือภาพระดับน้ำในบ้าน ระดับประตูรั้วหน้าบ้านสูงจากถนนราวๆ40-50cm น้ำท่วมมาแล้ว4วัน ตั้งแต่วันศุกร์ที่25/9,https://storage.googleapis.com/traffy_public_bucket/attachment/2026-09/f21b0ca3dcd90b77ff94d079b136515c.jpeg
2026-U7MYW7,inprogress,2026-09-28 06:49,2026-09-28 08:43,100.88116,13.80902,หนองจอก,ลำต้อยติ่ง,ในซอยสุวินทวงศ์ 47 น้ำท่วมถนนในซอย ขอความกรุณารถบรรทุกที่วิ่งผ่านไปในโรงซีพี ช่วยขับช้าๆ และเบาๆ ประชาชนเดือดร่อน ความสูงระดับครึ่งล้อรถมอเตอร์ไซด์ บางจุดมีหลุมลึก น้ำท่วมมาแล้วพึ่งท่วมขึ้นถนนมา 2 วัน แต่บ้านที่อยู่ติดลำคลองท่วมถึงเอว,https://storage.googleapis.com/traffy_public_bucket/attachment/2026-09/b14a09f3eeb956f06ecd3d98da62ff5b.jpeg
2026-8VJBPX,inprogress,2026-09-28 06:50,2026-09-28 11:49,100.74317,13.80393,มีนบุรี,แสนแสบ,แจ้งปัญหาน้ำท่วมขังหมู่บ้านปรีชาร่มเกล้าครั้งที่ 2 ระดับน้ำท่วมเกือบถึงเขาแล้วบริเวณถนนเมนแต่ท้ายซอยนี่บริเวณถนนเมนแต่ท้ายซอยนี่บางจุดเลยหัวเข่าแล้วระดับน้ำมีแต่เพิ่มขึ้นขอความช่วยเหลือกทมช่วยเหลือเครื่องสูบน้ำด้วยครับ ความสูงระดับขณะนี้ระดับน้ำเพิ่มสูงขึ,https://storage.googleapis.com/traffy_public_bucket/attachment/2026-09/4bcae699a58a7c9b5d3f8f4c48f88664.jpeg
2026-9VL773,inprogress,2026-09-28 06:50,2026-09-28 08:43,100.80414,13.79508,หนองจอก,ลำผักชี,น้ำท่วมขัง และเพิ่มขึ้นหลังฝนตก ลึกประมาณ 40cm รถเล็กไม่สามารถออกได้ ความสูงระดับหัวเข่า น้ำท่วมมาแล้วน้อยกว่า 1 สัปดาห์,https://storage.googleapis.com/traffy_public_bucket/attachment/2026-09/f2329684d546bd9dd3fad8b81bb0978c.jpeg
2026-FGTMCW,finish,2026-09-28 06:50,2026-10-01 17:35,100.67827,13.85054,คันนายาว,คันนายาว,น้ำท่วมขังหน้าแข้งถึงเข่า ท่วมขั้นล่างเข้าออกจากบ้านลำบาก สะเบียงหมดแถวบ้านมีผู้สูงอายุ และป่วยติดเตียงดูแลค่อนข้างยากถนนก็แคบรถไม่เข้าไม่ได้ ขอความอนุเคราะห์เรื่องเรือเป็นพาหนะ และอาหารปรุงสุกกับของแห้งค่ะ ความสูงระดับหัวเข่า น้ำท่วมมาแล้วน้อยกว่า 1 สัปด,https://storage.googleapis.com/traffy_public_bucket/attachment/2026-09/9aeb9731023484305c90179435a36d59.jpeg
2026-HTG2B6,finish,2026-09-28 06:50,2026-09-30 14:25,100.60229,13.73569,วัฒนา,คลองตันเหนือ,น้ำท่วมขังชั้นล่างทั้งหมู่บ้าน ขอเจ้าหน้าที่เข้าสำรวจความเสียหายค่ะ หน้าบ้านเข่า ในบ้านเริ่มลงเหลือข้อเท้าแล้วค่ะ หมู่บ้านมีเครื่องสูบน้ำแต่น้ำลงช้า ท่าวตั้งแต่คืนวันที่ 24ค่ะ,https://storage.googleapis.com/traffy_public_bucket/attachment/2026-09/ec7a44ee2a7f6f30d0da7a418f16eba1.jpeg
2026-7LCFZW,finish,2026-09-28 06:51,2026-09-29 13:49,100.55644,13.8589,หลักสี่,ทุ่งสองห้อง,น้ำในซอยชินเขต 1/30 และ 2/11 ตรง cjmall ยังสูง วันที่ 4 แล้วถ้านับจากวันศ ยังไม่แห้งเหมือนที่อื่นๆ ลงช้า ทำไมจัดการไม่ได้เหมือนเขตอื่นๆ ต้องเดืนทางไปทำงาน เดือนร้อน รถเล็กยังผ่านไม่ได้ ความสูงระดับหัวเข่า น้ำท่วมมาแล้วน้อยกว่า 1 สัปดาห์,https://storage.googleapis.com/traffy_public_bucket/attachment/2026-09/40aea10cd1dc6c67afca3915ec382604.jpeg
2026-UUHRPU,inprogress,2026-09-28 06:52,2026-09-30 09:58,100.6201,13.94744,ดอนเมือง,สนามบิน,หมู่บ้านพิพรพงษ 2 ซอยวิภาวดี รังสิต 84 น้ำท่วม สูงขึ้นมากเลยค่ะ บริเวณซอย 3 และซอย 4 จะสูงเยอะมาก เลยเข่าแล้วค่ะขึ้นไปถึงต้นขาเลย เนื่องจากหมู่บ้านศุภลักษณ์สูบน้ำออกจาก น้ำเลยมาค้างอยู่ที่หมู่บ้านพิพรพงษ์ 2 เยอะมากค่ะ ขนาดเมื่อวานสูบน้ำออกไป ออ,https://storage.googleapis.com/traffy_public_bucket/attachment/2026-09/09cce4caf19981a6fb92899e20fc3a06.jpeg
2026-HDX6RK,finish,2026-09-28 06:53,2026-09-28 09:22,100.68733,13.8129,คันนายาว,คันนายาว,น้ำท่วมเข้าในบ้าน ขอรับเงินเยียวยา ความสูงระดับข้อเท้า น้ำท่วมมาแล้วน้อยกว่า 1 สัปดาห์,https://storage.googleapis.com/traffy_public_bucket/attachment/2026-09/71fdf76dd863b76399ab7e839a2c212d.jpeg
2026-W9UTLA,inprogress,2026-09-28 06:53,2026-09-28 08:18,100.69347,13.74907,สะพานสูง,สะพานสูง,น้ำท่วมขัง20เซน ความสูงระดับหัวเข่า น้ำท่วมมาแล้วน้อยกว่า 1 สัปดาห์,https://storage.googleapis.com/traffy_public_bucket/attachment/2026-09/6c4a34c97c49b3a396415a382b6bfd31.jpeg
2026-8JY98A,inprogress,2026-09-28 06:54,2026-09-28 14:16,100.61979,13.7423,สวนหลวง,สวนหลวง,เมื่อไรจะเร่งสูงน้ำออก น้ำท่วมเข้าในบ้าน และบนถนนระดับน้ำสูงเกือบถึงเอวมา 3 วันแล้ว น้ำเริ่มเน่าส่งกลิ่นเหม็น ออกไปไหนไม่ได้เลย อาหารก็ไม่มี ยังไม่มีหน่วยงานเข้ามาดู ความสูงระดับหัวเข่า น้ำท่วมมาแล้วน้อยกว่า 1 สัปดาห์,https://storage.googleapis.com/traffy_public_bucket/attachment/2026-09/2053787e0bd167836d706c7294b857d7.jpeg
2026-3LJGFA,inprogress,2026-09-28 06:56,2026-09-28 12:54,100.73502,13.77875,มีนบุรี,มีนบุรี,ซอยร่มเกล้า24 (ถนนเคหะร่มเกล้า) ช่วยเร่งระบายน้ำหน่อยค่ะ หมู่บ้านอินดี้ มัณฑนา สีวลี ตรงขาดตลาดบวรฯ น้ำท่วมหลายวันแล้วค่ะ ความสูงระดับหัวเข่า น้ำท่วมมาแล้วน้อยกว่า 1 สัปดาห์,https://storage.googleapis.com/traffy_public_bucket/attachment/2026-09/96c2bf6c16d259ad419a82b484e10e04.jpeg
2026-PAGE89,inprogress,2026-09-28 06:56,2026-09-28 08:26,100.69642,13.83566,คลองสามวา,บางชัน,น้ำท่วมซอยรามอินทรา109 รถเล็กผ่านไม่ได้ ความสูงระดับ3วัน น้ำท่วมมาแล้ว3วัน,https://storage.googleapis.com/traffy_public_bucket/attachment/2026-09/01a0706923ea85b79243f3f96af37103.jpeg
2026-R67727,inprogress,2026-09-28 06:56,2026-09-28 11:40,100.68253,13.684,ประเวศ,ดอกไม้,แจ้งน้ำท่วม ขอเครื่องสูบน้ำในหมู่บ้านสมใจ ซอยเฉลิมพระเกียรติ ร.9 ซอย 30 หลังวัดทุ่งลานนา ความสูงระดับเอว น้ำท่วมมาแล้วน้อยกว่า 1 สัปดาห์,https://storage.googleapis.com/traffy_public_bucket/attachment/2026-09/3215ea0bc26b58f37e78011c19513449.jpeg
2026-78WGBM,inprogress,2026-09-28 06:57,2026-09-28 11:08,100.69075,13.66983,ประเวศ,ดอกไม้,เครื่องสูบน้ำ ตรงสะพาน ถนนซอยวัดทุ่งเศรษฐี ซึ่งใช้สูบดึงน้ำออกจากถนนซอย และซอยแยกช่วงต้น ปิดมาเป็นวันที่ 2 แล้วครับ ทำให้น้ำเริ่มเน่าแล้ว ทั้งที่ปกติไม่เกิน 2-3 ชั่วโมงแห้งสนิทเลย ความสูงระดับ ประมาณหัวเข่าครับ น้ำท่วมมาแล้ววันที่ 4 แล้ว,https://storage.googleapis.com/traffy_public_bucket/attachment/2026-09/thumb_b01a15bc9144b84860a989352f29d475.jpg
2026-CKUENU,inprogress,2026-09-28 06:57,2026-09-28 11:49,100.72081,13.78456,มีนบุรี,มีนบุรี,เขตมีนบุรีไม่มาช่วยเลย น้ำไม่ลด อาหารไม่มี เจ้าหน้าที่ไม่มา แจ้งข่าวตลอด ไม่ดีขึ้นเลย ความสูงระดับหัวเข่า น้ำท่วมมาแล้วน้อยกว่า 1 สัปดาห์,https://storage.googleapis.com/traffy_public_bucket/attachment/2026-09/fb2ca8c08d3a52176805f65eef4416b4.jpeg
2026-JJTPL9,start,2026-09-28 06:57,2026-09-28 06:57,100.7355,13.77323,ลาดกระบัง,คลองสองต้นนุ่น,ซอยร่มเกล้า24 (ถนนเคหะร่มเกล้า) ช่วยเร่งระบายน้ำหน่อยค่ะ หมู่บ้านอินดี้ มัณฑนา สีวลี ตรงขาดตลาดบวรฯ น้ำท่วมหลายวันแล้วค่ะ ความสูงระดับหัวเข่า น้ำท่วมมาแล้วน้อยกว่า 1 สัปดาห์,https://storage.googleapis.com/traffy_public_bucket/attachment/2026-09/31e6e47a5d994c0f0a45397e861c713a.jpeg
2026-RCYWWV,inprogress,2026-09-28 06:59,2026-09-28 11:42,100.69255,13.67058,ประเวศ,ดอกไม้,น้ำท่วมไม่ลดลงเลย ความสูงระดับหน้าแข้ง น้ำท่วมมาแล้วน้อยกว่า 1 สัปดาห์,https://storage.googleapis.com/traffy_public_bucket/attachment/2026-09/a8ef6ad9e1fd932c1fcca6988e409f16.jpeg
2026-RN6A8M,finish,2026-09-28 06:59,2026-09-28 10:03,100.55643,13.8589,หลักสี่,ทุ่งสองห้อง,ขอกระสอบทรายกันหน้าร้าน น้ำเข้าร้าน มีปั้มน้ำช่วยเพิ่มไหม ก๊อกน้ำในบ้านเสีย เปิดน้ำใช้ไม่ได้ อยากให้มาช่วยซ่อมให้ มีคนแก่อยู่ในบ้าน ความสูงระดับหัวเข่า น้ำท่วมมาแล้วน้อยกว่า 1 สัปดาห์,https://storage.googleapis.com/traffy_public_bucket/attachment/2026-09/8568629aeb0bfde853940c952508fe93.jpeg
2026-WV8LG9,inprogress,2026-09-28 06:59,2026-09-28 11:49,100.80215,13.83921,มีนบุรี,แสนแสบ,อยากได้กระสอบทราย บ้านยุ่ลึกสุด รถไม่สามารถเข้าออกได้ น้ำขึ้นตลอด #ขอกระสอบทราย/อื่นๆ,https://storage.googleapis.com/traffy_public_bucket/attachment/2026-09/0bcd14ae8b386624562e2a43e914ed50.jpeg
2026-Y7PWY3,inprogress,2026-09-28 06:59,2026-09-28 08:43,100.81012,13.80299,หนองจอก,ลำผักชี,น้ำเพิ่มสูงขึ้นเรื่อยๆ ออกจากบ้านไม่ได้ มา 3 วันแล้ว รบกวนช่วยสูบน้ำออกด่วน ความสูงระดับประมาณล้อค่ะ น้ำท่วมมาแล้ว3 วันค่ะ,https://storage.googleapis.com/traffy_public_bucket/attachment/2026-09/1d45a9b8c1c8b5f659f7a3489144a097.jpeg
2026-F36K2W,inprogress,2026-09-28 07:02,2026-09-28 08:48,100.73092,13.78627,มีนบุรี,มีนบุรี,ซอยรามคำแหง184 มีน้ำท่วมในซอยสูงประมาณ40-60 เซนติเมตร รถเล็กเข้าออกไม่ได้ อาหารของลูกบ้านใกล้หมด อยากให้ทางราชการมาช่วยแจกอาหาร ความสูงระดับเอว น้ำท่วมมาแล้วน้อยกว่า 1 สัปดาห์,https://storage.googleapis.com/traffy_public_bucket/attachment/2026-09/1db09407db14cad48dadeba5094be790.jpeg
2026-K8R4HM,inprogress,2026-09-28 07:03,2026-09-28 11:07,100.67016,13.68558,ประเวศ,หนองบอน,เฉลิมพระเกียรติ ร.9 ซอย 32 หนองบอน ประเวศ กทม 10250 หน้าหมู่บ้านสวนสวย น้ำท่วมยังไม่ลดลงเลยคับ ความสูงระดับหน้าแข้ง น้ำท่วมมาแล้วน้อยกว่า 1 สัปดาห์,https://storage.googleapis.com/traffy_public_bucket/attachment/2026-09/3cde17333f6442d0f3ac39ff57e07d79.jpeg
2026-892FZH,inprogress,2026-09-28 07:06,2026-09-28 14:16,100.61962,13.74271,สวนหลวง,สวนหลวง,น้ำท่วมสูงในซอยเสรี เข้าบ้านประชาชนจำนวนมาก แถวหน้าคอนโดพรีเมียร์พระรามเก้า ตั้งแค่คืนวันศุกร์ ยังไม่มีการสูบน้ำออกเลย ระดับน้ำไม่ลดเลย น้ำเริ่มเน่า ออกไปไหนไม่ได้ อาหารไม่มี ช่วยเร่งระบายน้ำออกด้วยค่ะ ความสูงระดับเอว น้ำท่วมมาแล้วน้อยกว่า 1 สัปดาห์,https://storage.googleapis.com/traffy_public_bucket/attachment/2026-09/44633bbad8faef3fb89ca1ecf55a1d7b.jpeg
2026-8BHH66,inprogress,2026-09-28 07:06,2026-09-28 08:42,100.84282,13.80109,หนองจอก,ลำผักชี,น้ำท่วมต้องการกระสอบทรายค่ะ ความสูงระดับประมาณหัวเข่าค่ะ น้ำท่วมมาแล้วประมาณ 3 วันค่ะ,https://storage.googleapis.com/traffy_public_bucket/attachment/2026-09/19737bb502d2a0821d32d63178c5876e.jpeg
2026-DZWB8Z,finish,2026-09-28 07:06,2026-09-30 14:06,100.591,13.84236,ลาดพร้าว,จรเข้บัว,ตอนนี้พื้นที่ในชุมชนแถวนี้ยังน้ำท่วมขังอยู่เลยครับ ท่วมมาวันนี้วันที่ 4 แล้ว น้ำลดลงช้ามาก ๆ เลยครับ อยากให้ช่วยเค้ามาดูภายในซอยประเสริฐมนูกิจ 5 หน่อยครับ ต่อให้บนถนนจะแห้งแล้ว แต่ภายในชุมชนยังท่วมอยู่ ความสูงระดับหัวเข่า น้ำท่วมมาแล้วน้อยกว่า 1 สัปดาห์,https://storage.googleapis.com/traffy_public_bucket/attachment/2026-09/d877e63d0a021938f51bf0ff3c707580.jpeg
2026-N3RHKM,inprogress,2026-09-28 07:06,2026-09-29 12:29,100.72986,13.73332,ลาดกระบัง,คลองสองต้นนุ่น,พัฒนาการ4 ปัจจุบันน้ำสูงประมาณเกือบเอว ตอนนี้ไปไหนไม่ได้เลย ความสูงระดับพัฒนาการ4 ปัจจุบันน้ำสูงประมาณเกือบเอว ตอนนี้ไปไหนไม่ได้เลย น้ำท่วมมาแล้วน้อยกว่า 1 สัปดาห์,https://storage.googleapis.com/traffy_public_bucket/attachment/2026-09/9ea2cc35ea55548c065dd79021935634.jpeg
2026-RUNMGB,inprogress,2026-09-28 07:06,2026-09-28 14:50,100.5913,13.87048,บางเขน,อนุสาวรีย์,ฝนไม่ตกน้ำยังไม่ลด เกี่ยวกับการที่มีขยะอุดตันรึปล่าว ฝากตรวจสอบ คนในซอยเดือดร้อน ตอนนี้น้ำควรจะลงได้แล้ว ความสูงระดับหน้าแข้ง น้ำท่วมมาแล้วน้อยกว่า 1 สัปดาห์,https://storage.googleapis.com/traffy_public_bucket/attachment/2026-09/04856b494881abe85468a68a293a66ff.jpeg
2026-XNYM8R,inprogress,2026-09-28 07:06,2026-09-30 11:46,100.58755,13.93456,ดอนเมือง,สีกัน,สวัสดีครับ ฝากชุมชนสันติสุข สรงประภา24ด้วยครับ น้ำไม่ลงเลยครับ ต้นซอยลดจนแห้งแล้ว ท้ายซอยตอนนี้ระดับเข่าไม่ลงเลยครับ บริเวณอื่นๆในดอนเมืองแห้งแล้ว ในซอยนี้ยังไม่เคยมีเจ้าหน้าที่เข้ามาดูเลยครับ ต้องการความช่วยเหลิอ และปั้มสูบน้ำออกครับ ความสูงระดับหัวเข่า ,https://storage.googleapis.com/traffy_public_bucket/attachment/2026-09/b3b55350d96695d22cd9fbff68d1cc59.jpeg
2026-Z3XD9X,inprogress,2026-09-28 07:06,2026-09-28 11:48,100.70665,13.81551,มีนบุรี,มีนบุรี,รามอินทรา 117 เข้าสู่วันที่ 4 แล้วที่ระดับน้ำไม่ลดลงเลย น้ำเริ่มเน่าเสีย ความสูงระดับหัวเข่า 4 วัน,https://storage.googleapis.com/traffy_public_bucket/attachment/2026-09/c52781fb469bf846fe0d194e72d2a2d9.jpeg
2026-9MJWUZ,forward,2026-09-28 07:07,2026-09-28 13:35,100.64397,13.74641,สวนหลวง,สวนหลวง,น้ำยังไม่ลด อยากให้ช่วยเหลือเร่งสูบน้ำจากถนนศรีนครินทร์ คนในซอยเริ่มแก๊สหมด อาหารไม่พอ ยังไม่มีคนไปแจกอาหารถึงในซอย มีแค่รถทหารมาที่ถนนใหญ่ ค่ะ ขอบคุณค่ะ ความสูงระดับหัวเข่า น้ำท่วมมาแล้วน้อยกว่า 1 สัปดาห์,https://storage.googleapis.com/traffy_public_bucket/attachment/2026-09/b5d6468acdfe29a86b32e7a8efdfbb5a.jpeg
2026-EFDGEL,inprogress,2026-09-28 07:07,2026-09-30 11:46,100.59166,13.93454,ดอนเมือง,สีกัน,น้ำท่วมขังมาสามวันแล้วค่ะ ที่หมู่บ้านสายทิพย์ ซอยสรงประภา18 อยากให้น้ำแห้งขึ้นค่ะออกไปไหนไม่ได้เลย ความสูงระดับหัวเข่า น้ำท่วมมาแล้วน้อยกว่า 1 สัปดาห์,https://storage.googleapis.com/traffy_public_bucket/attachment/2026-09/537687c0f4a98d38106af1a5934a5507.jpeg
2026-6ALJ7W,forward,2026-09-28 07:09,2026-09-28 18:42,100.62883,13.75506,บางกะปิ,หัวหมาก,ซอยหัวหมาก31 โดยเฉพาะปากซอย น้ำท่วมถึงระดับสะโพก ในบ้านระดับเข่าตอนนี้วันที่28/9/26 น้ำยังไม่ลดลง (คงที่) ห้องน้ำใช้การไม่ได้แล้วค่ะ รบกวนเร่งช่วยระบายน้ำด้วยนะคะ😭 มีแมวอีกหลายชีวิต ต้องอพยพมาชั้น2 ความสูงระดับเอว น้ำท่วมมาแล้ว2วันแล้วค่ะ,https://storage.googleapis.com/traffy_public_bucket/attachment/2026-09/d877e8396e5254b2b4523d0f5534691a.jpeg
2026-7JHU8U,inprogress,2026-09-28 07:09,2026-09-28 08:42,100.83733,13.77907,หนองจอก,ลำผักชี,จากข้างต้นที่ส่งไป รหัสเรื่อง 2026-CRD4A3 ตอนนี้น้ำหน้าหมู่บ้านมีปริมาณสูงขึ้น เนื่องจากคืนวันที่ 27 กันยายน 69 มีฝนตกหนัก ทำให้ หลังหมู่ได้เอ่อขึ้นมาถึงหน้าแข้งแล้วค่ะ อย่างที่แจ้งว่าหมู่บ้านมีทางระบายนเำทางเดียวคือด้านหลัง พอด้านหลังเอ่อ จึงทำให้ระดับน้,https://storage.googleapis.com/traffy_public_bucket/attachment/2026-09/6a2ed20221c2e16c99df5b87446b339e.jpeg
2026-B8WKD3,finish,2026-09-28 07:09,2026-10-03 20:39,100.62688,13.78576,วังทองหลาง,คลองเจ้าคุณสิงห์,ไม่มีห้องน้ำเข้าเลยน้ำท่วม3วันแล้ว ความสูงระดับประมาณ1เมตรแต่น้ำมันจมถังแซทกดไม่ได้เลย3วันแล้วมีเด็กด้วย น้ำท่วมมาแล้ว3วัน,https://storage.googleapis.com/traffy_public_bucket/attachment/2026-09/f27a3a2c84ba0488fad1e578b8ff08dd.jpeg
2026-J4JJKE,inprogress,2026-09-28 07:09,2026-09-28 18:42,100.623,13.75065,บางกะปิ,หัวหมาก,สวัสดีค่ะ น้ำในซอยรามคำแหง 24 แยก 20 ไม่ลดเลยค่ะ ความสูงระดับหน้าแข้ง ศุกร์ เสาร์ อาทตย์ค่ะ,https://storage.googleapis.com/traffy_public_bucket/attachment/2026-09/6a33df3f5e384d3b1c885464f8966539.jpeg
2026-4NPAYY,inprogress,2026-09-28 07:10,2026-09-28 08:18,100.68174,13.76995,สะพานสูง,สะพานสูง,อยากให้เจ้าหน้าที่มาดูปัญหาน้ำท่วมในหมู่บ้านสัมมากรค่ะ มีลูกบ้านเดือดร้อนเป็นจำนวนมาก ความสูงระดับหัวเข่า น้ำท่วมมาแล้วน้อยกว่า 1 สัปดาห์,https://storage.googleapis.com/traffy_public_bucket/attachment/2026-09/1d0c1a92efa1ae372a3de3e0ef355c18.jpeg
2026-H4Y8WF,inprogress,2026-09-28 07:10,2026-09-28 14:49,100.65134,13.84965,บางเขน,ท่าแร้ง,การระบายน้ำหยุด ไม่มีความเคลื่อนไหว น้ำในท่อก็ไม่ระบายเลย มีการสูบหรือปฏิบัติการอย่างไรกับพื้นที่นี่หรือไม่ ความสูงระดับหน้าแข้ง น้ำท่วมมาแล้วน้อยกว่า 1 สัปดาห์,https://storage.googleapis.com/traffy_public_bucket/attachment/2026-09/f0e76efa90575d274db79d85c9b50719.jpeg
2026-XUGY7F,finish,2026-09-28 07:10,2026-10-02 09:33,100.58214,13.84191,จตุจักร,เสนานิคม,น้ำท่วมในซอยพหลโยธิน 40 แยก 6-1 ตั้งแต่วันศุกร์ที่ 25/09/2569 จนถึงวันนี้ 28/09/2569 น้ำสูงเกือบหีวเข่า เข้าออกไปทำงานไม่ได้ ใกล้เคียงไม่มีร้านค้า ร้านสะดวกซื้อของหมด ปัจจุบันสภาพน้ำเน่าแล้ว และระดับน้ำไม่ลดลงเลย ประมาณเกือบหัวเข่า รถไม่สามารถผ่านได้ เข้า,https://storage.googleapis.com/traffy_public_bucket/attachment/2026-09/415e56aa75664c81bffdac375d3b23ba.jpeg
2026-3XDZ4P,finish,2026-09-28 07:12,2026-09-30 09:45,100.47683,13.76328,บางกอกน้อย,ศิริราช,ขณะนี้บริเวณวัดสุวรรณาราม น้ำกำลังไหลเอ่อล้นเข้ามาในบริเวณลานจอดรถของวัด อยากให้เฝ้าระวังค่ะ ได้รับแจ้งเมื่อสักครู่ค่ะ กำลังล้นตลิ่ง,https://storage.googleapis.com/traffy_public_bucket/attachment/2026-09/ac1fff05d12d4261c725f6c047b32746.jpeg
2026-EN9NAJ,forward,2026-09-28 07:13,2026-09-28 14:16,100.6274,13.73317,สวนหลวง,สวนหลวง,มีน้ำท่วมขังภายในซอย พัฒนาการ 40 ปริมาณน้ำเสมอกับคลองด้านหลัง ทำให้ออกจากซอยได้ยาก ความสูงระดับหน้าแข้ง น้ำท่วมมาแล้ว3วันได้แล้วค่ะ,https://storage.googleapis.com/traffy_public_bucket/attachment/2026-09/5285ae562a28a8c8758c769e572d8b57.jpeg
2026-EBXJCM,inprogress,2026-09-28 07:14,2026-09-28 18:41,100.64065,13.77672,บางกะปิ,คลองจั่น,น้ำท่วม เกินระดับเอว แถวแฮปปี้แลนด์สาย1 บางกะปิ และไม่มีทีท่าว่าน้ำจะลด ฝนยังตกต่อเนื่ิง หยุดเป็นพักๆ ความสูงระดับสูงกว่าเอว น้ำท่วมมาแล้วน้อยกว่า 1 สัปดาห์,https://storage.googleapis.com/traffy_public_bucket/attachment/2026-09/5b6c091187b450d5489b99ed5cdb548b.jpeg
2026-237Z3K,start,2026-09-28 07:16,2026-09-28 07:16,100.78567,13.74383,ลาดกระบัง,ลำปลาทิว,น้ำท่วมหมู่บ้านทั้งหมด แต่ที่หนักสุด คือท้ายหมู่บ้านซึ่งเป็นที่ต่ำ รถออกไม่ได้เลย น้ำสูงประมาณ 70-80 ซม ขณะนี้น้ำเป็นสีดำสนิท ความสูงระดับหน้าแข้ง น้ำท่วมมาแล้วน้อยกว่า 1 สัปดาห์,https://storage.googleapis.com/traffy_public_bucket/attachment/2026-09/6fbe8a6ebe284a1061730d66670a131e.jpeg
2026-68YZXZ,inprogress,2026-09-28 07:16,2026-09-29 12:38,100.72186,13.76152,ลาดกระบัง,คลองสองต้นนุ่น,ประสบปัญหาน้ำท่วมขังและไม่มีทีท่าที่น้ำจะลดลงไม่สามารถออกไปทำงานหรือใช้ชีวิตตามปกติได้ และไม่มีร้านค้าขายของที่สามารถซื้ออาหารของกินไว้ได้และในบางทีไปกับน้ำก็ถูกตัดจนใช้ชีวิตไม่ได้เลย ความสูงระดับเกือบถึงหัวเข่าค่ะ น้ำท่วมมาแล้วน้อยกว่า 1 สัปดาห์,https://storage.googleapis.com/traffy_public_bucket/attachment/2026-09/c32125c1deb928a27bfee56e2782cb9e.jpeg
2026-C377DY,inprogress,2026-09-28 07:16,2026-09-28 14:16,100.61965,13.74191,สวนหลวง,สวนหลวง,น้ำท่วมยังไม่ลดลงเลย ความสูงระดับ80 เซนติเมตรครับ น้ำท่วมมาแล้วเช้าวันเสาร์ครับ,https://storage.googleapis.com/traffy_public_bucket/attachment/2026-09/52187c5501e4f172b50f9b44f484c6fc.jpeg
2026-E86VXU,inprogress,2026-09-28 07:16,2026-09-28 22:51,100.60552,13.87595,บางเขน,อนุสาวรีย์,บริเวณนี้มีน้ำท่วมสูงกว่าบริเวณอื่น ขณะนี้ 3 วันแล้ว มีผู้สูงอายุอยู่ในบ้านกำลังขาดของกิน ความสูงระดับหัวเข่า น้ำท่วมมาแล้วน้อยกว่า 1 สัปดาห์,https://storage.googleapis.com/traffy_public_bucket/attachment/2026-09/f4db9d24717ce8773506e019f1653c11.jpeg
2026-MJ36K9,inprogress,2026-09-28 07:16,2026-09-28 08:04,100.68426,13.79334,คันนายาว,คันนายาว,น้ำในซอยนี้ท่วมมาตั้งแต่วันที่27 ไม่ลดลงเลย น้ำในซอยท่วมสูง ต้องการความช่วยเหลือจาก กทม ช่วยทำให้น้ำแห้ง เพราะซอย เสรีไทย 67 แห้ง ปีก่อน ๆ น้ำในซอย67 จะท่วม ซอย65 ไม่เคยท่วม ปีนี้ ท่วมเพราะน้ำจากที่ดินที่ติดทางวงแหวนถมดินสูง แต่ไม่ทราบว่าทำทางระบายน้ำลงท่,https://storage.googleapis.com/traffy_public_bucket/attachment/2026-09/thumb_4fc43becbf45e7ee0162a9a498370ac2.jpg
2026-8RFX38,inprogress,2026-09-28 07:17,2026-09-28 18:46,100.63306,13.78157,บางกะปิ,คลองจั่น,เนื่องจากเห็นที่อื่นน้ำลดลงหลายที่แล้ว อยากทราบสถานการณ์ปัจจุบันของโซนลาดพร้าวบางกะปิครับ ความสูงระดับเอว น้ำท่วมมาแล้วน้อยกว่า 1 สัปดาห์,https://storage.googleapis.com/traffy_public_bucket/attachment/2026-09/thumb_6107ee72a21f6f84d1b172d6769f4fb4.jpg
2026-HF4D3Y,inprogress,2026-09-28 07:17,2026-09-28 08:16,100.67248,13.75691,สะพานสูง,สะพานสูง,หมู่บ้านสัมมากรรามคำแหง 112 น้ำไม่ลดลงเลยตั้งแต่วันเสาร์ ระดับน้ำยังเท่าเดิม น้ำเข้ามาในบ้านตอนนี้ออกไปไหนไม่ได้เลยเพราะถนนก็ยิ่งต่ำกว่าบ้านบ้านทุกหลังคนติดในบ้าน ความสูงระดับหัวเข่า น้ำท่วมมาแล้วน้อยกว่า 1 สัปดาห์,https://storage.googleapis.com/traffy_public_bucket/attachment/2026-09/55ad6aee17f73d78bb483639551215c1.jpeg
2026-72WM6D,inprogress,2026-09-28 07:20,2026-09-28 14:15,100.62644,13.73587,สวนหลวง,สวนหลวง,น้ำท่วมขัง 2 วันแล้วไม่มีท่าทีน้ำลดเลย รบกวนช่วยดำเนินการด้วยค่ะ ลำบากมาก ต้องการให้มาช่วยสูบน้ำออก ให้ ให้เดินทางได้บ้าง หากมีอาหารมาช่วยเหลือจะดีมาก มีคนพบไฟรั่วบริเวรจุดใกล้ๆ ความสูงระดับหัวเข่า น้ำท่วมมาแล้วน้อยกว่า 1 สัปดาห์,https://storage.googleapis.com/traffy_public_bucket/attachment/2026-09/a3dd009ad0551e71efb713b726eb3722.jpeg
2026-CATUG3,inprogress,2026-09-28 07:20,2026-09-28 08:16,100.67338,13.77207,สะพานสูง,สะพานสูง,น้ำท่วมมา3วันไม่มีเขตเข้ามาที่นี่ไม่เคยท่วมปีนี้ท่วม ความสูงระดับหน้าแข้ง น้ำท่วมมาแล้วน้อยกว่า 1 วัน,https://storage.googleapis.com/traffy_public_bucket/attachment/2026-09/a7e8b8cdeee23e052e327a6feb22eb7d.jpeg
2026-7LVLLZ,inprogress,2026-09-28 07:21,2026-09-28 14:15,100.61949,13.74242,สวนหลวง,สวนหลวง,น้ำท่วมสูงตั้งแต่วันเสาร์และเพิ่มสูงขึ้นจนถึงวันจันทร์ สูงกว่าหัวเข่า เข้าตัวบ้าน จนต้องตัดไฟ และย้ายออกจากบ้าน สภาพน้ำดำ มีแต่ขยะ เหม็น ไม่มีอาหาร ต้องเดินเท้าออกไปไกล เพื่อหาเสบียง ข้างบ้านมีผู้พิการ น้ำเข้าบ้านหมด ไม่มีอาหาร ยังไม่มีหน่วยงานใดเข้ามาช่ว,https://storage.googleapis.com/traffy_public_bucket/attachment/2026-09/a6e721b4410af980163e14197d2f2c03.jpeg
2026-H4U4W2,forward,2026-09-28 07:21,2026-09-28 18:47,100.63104,13.75348,บางกะปิ,หัวหมาก,คอนโดลุมพินีวิลล์ รามคำแหง 26 และซอยรามคำแหง 26 น้ำท่วมขังหลายวันแล้วค่ะ อยากให้ช่วยดูด้วยค่ะ ตรงกลางๆถนนสูงประมาณ เกือบเข่า ตั้งแต่วันที่ 25 ค่ะ เริ่มหนักวันที่ 26,https://storage.googleapis.com/traffy_public_bucket/attachment/2026-09/26db4a9e1db8b679d6980da5165a760b.jpeg
2026-JTFA6F,inprogress,2026-09-28 07:21,2026-09-28 11:31,100.68076,13.7262,ประเวศ,ประเวศ,ซอยอ่อนนุช65ทั้งซอยส่วนในซอยแยก5น้ำท่วมขอความช่วยเหลือน้ำขังไม่สามารถออกมาซื้อหาอาหารได้มีชุมชนน้ำค่อนข้างสูงและมีผู้ป่วยและร้านค้าในซอยไม่สามารถเปิดได้แม่ค้าขาดรายได้ต้องการความช่วยเหลือด่วนค่ะขอบคุณมากๆ ความสูงระดับหัวเข่า น้ำท่วมมาแล้วน้อยกว่า 1 สัปดาห,https://storage.googleapis.com/traffy_public_bucket/attachment/2026-09/6e76a7e7341950e6ad6d4a9c8d9bd844.jpeg
2026-KHJ4DL,forward,2026-09-28 07:21,2026-09-28 11:17,100.67685,13.90639,สายไหม,ออเงิน,สุขาภิบาล 5 ซอย 70 ในซอยตอนนี้น้ำขังและเริ่มเน่าแล้ว ในถนนใหญ่หลายจุดก็เริ่มน้ำลด ถนนแห้งแล้ว แต่ในซอย 70 น้ำระดับเท่าเดิมไม่ลดเลย ไม่รู้ว่าทำไมน้ำไม่ไปเหมือนที่อื่น อยากให้เขตเข้ามาดูแลแก้ปัญหาให้หน่อย ตอนนี้คนในซอยน้ำไม่ท่วมบ้านแต่ก็ไม่ต่างเพราะน้ำท่วมข,https://storage.googleapis.com/traffy_public_bucket/attachment/2026-09/6173d1da4b8829484262edf461ef8560.jpeg
2026-DPHGUK,forward,2026-09-28 07:22,2026-09-28 18:48,100.66328,13.7423,บางกะปิ,หัวหมาก,มบ. พาทิโอศรีนครินทร์ พระรามเก้า ถ.กรุงเทพกรีฑา เข้าออกไม่ได้ มา3วันแล้ว น้ำในหมูบ้านท่วมขัง ต้องการเครื่องสูบน้ำ เพื่อระบายน้ำออก กระสอบทรายค่ะ ความสูงระดับในมบ.ท่วมสูง60cm.ค่ะ แต่ทางเข้าระดับอก มีรถจมไปแล้วด้วยค่ะ น้ำท่วมมาแล้วเสาร์ค่ะ,https://storage.googleapis.com/traffy_public_bucket/attachment/2026-09/a6108879e964055873eea7673ce3c317.jpeg
2026-PN2KDM,inprogress,2026-09-28 07:22,2026-09-28 08:14,100.67812,13.7447,สะพานสูง,สะพานสูง,ซ.กรุงเทพกรีฑา 31 แยก 4 มีน้ำท่วมขังสูงระดับหัวเข่า น้ำคงระดับตั้งแต่วันที่ 25 ขอน้ำมีงูและปลิงทำให้ไม่สามารถออกไปซื้อของยังชีพได้สะดวก ความสูงระดับหัวเข่า น้ำท่วมมาแล้วน้อยกว่า 1 สัปดาห์,https://storage.googleapis.com/traffy_public_bucket/attachment/2026-09/71a3248ef56cb9903f83a618e4b27153.jpeg
2026-8XG8FT,start,2026-09-28 07:23,2026-09-28 07:23,100.71838,13.76651,ลาดกระบัง,คลองสองต้นนุ่น,น้ำท่วมหมู่บ้านพูนสินธา2 ซอยเคหะร่มเกล้า 39 ท่วมบ้านดิฉันรถแช่น้ำสูง80เซน ไหลเข้าในบ้านด้านหลังในครัว ตอนนี้ไม่สามารถออกไปไหนได้ น้ำมีแต่จะเพิ่มขึ้น ต้องการความช่วยเหลือ ความสูงระดับเอว น้ำท่วมมาแล้วน้อยกว่า 1 สัปดาห์,https://storage.googleapis.com/traffy_public_bucket/attachment/2026-09/98e75773cc206896aa2e506546065590.jpeg
2026-NKB4Z3,inprogress,2026-09-28 07:23,2026-09-28 18:49,100.64127,13.74937,บางกะปิ,หัวหมาก,น้ำท่วมสูง 1 เมตร ไม่ลด ตั้งแต่26กย แล้ว ความสูงระดับหัวเข่า น้ำท่วมมาแล้วน้อยกว่า 1 สัปดาห์,https://storage.googleapis.com/traffy_public_bucket/attachment/2026-09/thumb_5fa728d9db1f6fce59ffb30ae59730db.jpg
2026-VK7H9N,forward,2026-09-28 07:23,2026-09-28 10:23,100.60158,13.94188,ดอนเมือง,สีกัน,น้าท่วมในคลองเปรมประชากรสูงมากจนเอ่อเข้าท่วมทางเข้าออกหมู่บ้านแกรนด์คาแนล ดอนเมือง รถเล็กสัญจรเข้าออกไม่ได้เลย อยากให้ช่วยสูบน้ำในคลองเปรมประชากรออกด่วนค่ะ ความสูงระดับ30-40 cm หมายถึงตรงถนนนะคะ น้ำท่วมมาแล้วตั้งแต่วันเสาร์,https://storage.googleapis.com/traffy_public_bucket/attachment/2026-09/cf9ba68ca9426286622e569904ca93b3.jpeg
2026-ZV4R3E,inprogress,2026-09-28 07:23,2026-09-28 08:14,100.69346,13.74792,สะพานสูง,สะพานสูง,น้ำขังหมู่บ้านนักกีฬาแหลมทอง แยก 4-14 ระดับเอว ตั้งแต่วันที่ 26/9/2026 ความสูงระดับเอว น้ำท่วมมาแล้วน้อยกว่า 1 สัปดาห์,https://storage.googleapis.com/traffy_public_bucket/attachment/2026-09/1d85323888c91768516ad4941494723f.jpeg
2026-3TGHRT,inprogress,2026-09-28 07:24,2026-09-28 18:49,100.63563,13.75293,บางกะปิ,หัวหมาก,หัวหมาก 20 ท่วมขังมานานสามวันแล้วค่ะไม่มีทีท่าจะลดเลย ความสูงระดับเอว น้ำท่วมมาแล้วน้อยกว่า 1 สัปดาห์,https://storage.googleapis.com/traffy_public_bucket/attachment/2026-09/e6ffbbe76d96bb9050a1ab284478a9e9.jpeg
2026-C4UPX8,inprogress,2026-09-28 07:24,2026-09-28 11:46,100.6723,13.79179,บึงกุ่ม,คลองกุ่ม,"พ่อแม่ พี่ น้อง เพื่อนๆทุกท่าน ที่มีกำลัง มีบารมี ขอได้โปรดช่วยเหลือสมาชิกหมู่บ้านสหกรณ์ ถนน เสรีไทย57 เขตบึงกุ่มด้วยครับ มีสมาชิก7,000-8,000คน ช่วยกระจายข่าวด้วยครับ นำ้ท่วมมา4 วัน นำ้เข้าบ้านข้าวของเครื่องใช้ รถ เสียหายหมด สมาชิกช่วยตัวเองจนจะไม่ไหวแล้ว",https://storage.googleapis.com/traffy_public_bucket/attachment/2026-09/thumb_76efcd0e66ee34c77957fab72a090669.jpg
2026-7NYM7W,finish,2026-09-28 07:25,2026-09-30 14:05,100.59959,13.83212,ลาดพร้าว,ลาดพร้าว,น้ำท่วมเข้าบ้านจากฝนตกต่อเนื่อง และเนื่องจากน้ำพื้นบ้านต่ำกว่าบ้านเพื่อนบ้านที่เขาทำการยกพื้นให้สูงกว่าเดิมตอนน้ำท่วมปี 54 หนูเพิ่งซึ่อบ้านต่อจากคนอื่น ไม่ได้ยกพื้น น้ำเข้าบ้านจากหลังบ้านและ หน้าบ้าน ความสูงระดับน้ำเข้ามาหลังบ้านท่วมไม่ถึง 10 เซนค่ะ ตอน,https://storage.googleapis.com/traffy_public_bucket/attachment/2026-09/thumb_216d9f56770950fdb1252b669276abb0.jpg
2026-JFNP63,inprogress,2026-09-28 07:25,2026-09-28 08:13,100.68113,13.771,สะพานสูง,สะพานสูง,เขตสะพานสูง หมู่บ้านสัมมากร น้ำท่วมระดับสูงมาก ต้องการเจ้าหน้าที่เข้าดูแลในการระบายน้ำโดยด่วน ความสูงระดับบริเวณ ซอยหลักในหมู่บ้าน 50-100 cm น้ำท่วมมาแล้วน้อยกว่า 1 สัปดาห์,https://storage.googleapis.com/traffy_public_bucket/attachment/2026-09/5b94939330ea925434051b00c531a5cf.jpeg
2026-P8EXAR,inprogress,2026-09-28 07:25,2026-09-29 12:36,100.72139,13.76828,ลาดกระบัง,คลองสองต้นนุ่น,ขอความช่วยเหลือ ขอเรือ 1 ลำ ให้ยาม หมู่บ้านพูนสินธานี1 ซอยเคหะร่มเกล้า 64 มีปัญหา คนแก่ คนป่วยจะออกจากหมู่บ้านลำบากมาก ยังไม่มีหน่วยงานไหนเข้ามาช่วยเหลือ ติดต่อหัวหน้ายามชื่อ ปรีชา มือถือ 097-325-7158 #ผู้ป่วยฉุกเฉิน,https://storage.googleapis.com/traffy_public_bucket/attachment/2026-09/c39adca113068eec4a1aafee3f4ec988.jpeg
2026-82KTTA,forward,2026-09-28 07:26,2026-09-28 11:17,100.63686,13.89738,สายไหม,คลองถนน,น้ำท่วมในซ.เพิ่มสิน30 เมื่อคืนฝนไม่ตก ปกติน้ำน่าจะเริ่มลดลง แต่ครั้งนี้น้ำไม่ลดลงเลย รถเล็กเข้าออกไม่ได้เลยครับ ช่วยมาดูหาทางระบายให้ด้วยครับ น้ำสูง30-50ซม.แล้ว ความสูงระดับหัวเข่า 2วันแล้วครับ,https://storage.googleapis.com/traffy_public_bucket/attachment/2026-09/c37f70d3bb821408d62e5edbf9bfd6fc.jpeg
2026-M2LU28,start,2026-09-28 07:27,2026-09-28 07:27,100.72543,13.73931,ลาดกระบัง,คลองสองต้นนุ่น,น้ำท่วมเข้าไปในโกดังแล้วค่ะ ช่วยด้วยค่ะ ความสูงระดับหน้าแข้ง น้ำท่วมมาแล้วน้อยกว่า 1 สัปดาห์,https://storage.googleapis.com/traffy_public_bucket/attachment/2026-09/f5648914ef36e75d3d4e4655f2506ee7.jpeg
2026-TJM7PW,inprogress,2026-09-28 07:28,2026-09-28 11:41,100.6871,13.67672,ประเวศ,ดอกไม้,1. หมู่บ้านสวนหลวงวิลล์ นิรันดร์วิลล์ 3 / ซอยเฉลิมพระเกียรติ 28 2. ปัญหา - น้ำท่วมขังในหมู่บ้านนาน 4 วัน - หมู่บ้านโดยรอบน้ำแห้ง - ทางหมู่บ้านยังไม่มีเครื่องสูบน้ำ ขอความช่วยเหลือภาครัฐเข้ามาช่วยดำเนินการช่วยหาทางแก้ไข สูบน้ำ อย่างน้อยก็เพื่อให้สมาชิก,https://storage.googleapis.com/traffy_public_bucket/attachment/2026-09/a7bc4c1ac908d17017c828d18ed6bbc4.jpeg
2026-FEWYCW,inprogress,2026-09-28 07:29,2026-09-28 11:48,100.77007,13.82232,มีนบุรี,แสนแสบ,ที่บ้านแหระที่ไร่หญ้าท่วมค่ะ และน้ำยังคงขึ้นเร็ว จึงมาแจ้งขอเรือเพื่อใช้ให้การเข้าออกจากซอยและ ใช้ไปวิดน้ำ ความสูงระดับเอว น้ำท่วมมาแล้ว4วันค่ะ,https://storage.googleapis.com/traffy_public_bucket/attachment/2026-09/71a777c910c05150f9221952cc537d53.jpeg
2026-PWW6UA,inprogress,2026-09-28 07:29,2026-09-29 12:40,100.79356,13.79406,ลาดกระบัง,ลำปลาทิว,ในหมู่บ้านศุภาลัยเลค2 น้ำท่วม 50cm มา 3 วันแล้ว ไม่มีเขตหรือหน่วยงานใดเข้ามาช่วยเหลือ อาหารในเสบียงเริ่มหมด น้ำไม่ลดเลย รบกวนเข้ามาช่วยเหลือด้วยค่ะ ความสูงระดับเอว น้ำท่วมมาแล้วน้อยกว่า 1 สัปดาห์,https://storage.googleapis.com/traffy_public_bucket/attachment/2026-09/999fb5ceb5f0fbc6b19eb482686db324.jpeg
2026-XKTX6Y,forward,2026-09-28 07:29,2026-09-28 11:16,100.65824,13.91101,สายไหม,สายไหม,น้ำท่วมขัง ตั้งแต่วันศุกร์ 26.09.2026 ตอนนี้ น้ำยังไม่ลด และข้าวสารอาหารแห้งเริ่มขาดแคลน ต้องการความช่วยเหลือ ด่วนๆๆ ข้าวสาร อาหารแห้ง และน้ำสะอาด เนื่องจากการเข้า-ออก ซอย ยากลำบาก เข้า-ออกได้เฉพาะรถกระบะสูงเท่านั้น และถนนกำลังวางท่อซ่อมแซม จึงอันตราย,https://storage.googleapis.com/traffy_public_bucket/attachment/2026-09/36b134dde5089eeaa03773f32e226b00.jpeg
2026-YV4RND,forward,2026-09-28 07:29,2026-09-28 23:54,100.57933,13.85208,จตุจักร,ลาดยาว,ซอยพหลโยธิน 45 แยก11 น้ำท่วมไม่ลดลงเลย 3 วันแล้วครับ อยากทราบการจัดการของสำนักระบายน้ำว่าบริเวณนี้น้ำจะลดลงเมื่อไหร่ครับ รบกวนด้วยครับ น้ำเริ่มจะเน่าแล้ว ความสูงระดับหัวเข่า น้ำท่วมมาแล้วน้อยกว่า 1 สัปดาห์,https://storage.googleapis.com/traffy_public_bucket/attachment/2026-09/2886b6bfbe8c273d38b86d57a80ff8e2.jpeg
2026-RL2PFL,inprogress,2026-09-28 07:31,2026-09-28 14:47,100.66627,13.85645,บางเขน,ท่าแร้ง,ตอนนี้ฝนหยุดตกแล้วแต่น้ำยังท่วมขังอยู่ในหมู่บ้านพุดซ้อน คู้บอน27แยก6 ไม่มีลดเลย อยากทราบว่าได้ทำการสูบน้ำระบายออกบ้างไหม ขอบคุณครับ ความสูงระดับ40เซนได้ครับ น้ำท่วมมาแล้วตั้งแต่วันเสาร์หลังตี2ตี3ครับ,https://storage.googleapis.com/traffy_public_bucket/attachment/2026-09/a28c6f3ee4182f280d67911bed30351b.jpeg
2026-2CU6CW,forward,2026-09-28 07:32,2026-09-28 08:53,100.57321,13.85825,หลักสี่,ตลาดบางเขน,ซ.วิภาวดีรังสิต 58 แยก 2 ระหว่าง ไทยพีบีเอส กับยาคูลท์ น้ำแทบไม่ลดเลย ในขณะที่หลายที่ในกทม.เริ่มคลี่คลาย ความสูงระดับหัวเข่า น้ำท่วมมาแล้วน้อยกว่า 1 สัปดาห์,https://storage.googleapis.com/traffy_public_bucket/attachment/2026-09/89c7ea33e843e7ce94a4e2dcbeedea10.jpeg
2026-Y4YJ9B,inprogress,2026-09-28 07:33,2026-09-28 14:14,100.63314,13.73011,สวนหลวง,สวนหลวง,ซอยพัฒนาการ 44 เขตสวนหลวงมีน้ำท่วมขังตามซอยเล็กซอยน้อยหลายจุดอยากรบกวนให้ทางเขตช่วยมาติดตั้งปั๊มน้ำ สูบน้ำออกจากซอยให้ด้วยครับเพราะว่าน้ำที่ถนนแห้งแล้วน้ำในคลองเริ่มลด ความสูงระดับข้อเท้า น้ำท่วมมาแล้วตั้งแต่วันศุกร์,https://storage.googleapis.com/traffy_public_bucket/attachment/2026-09/144b7bcf8bc747fcfd769ee7bbd34416.jpeg
2026-Z3G47E,inprogress,2026-09-28 07:33,2026-09-28 14:14,100.63247,13.7395,สวนหลวง,สวนหลวง,น้ำท่วมบ้านมา 4วันแล้ว น้ำเน่าแล้ว และ ของที่บ้านเสียหายมาก คุนแม่อายุ 83 ลำบากมาก น้ำไม่ลดเลย สุงขึ้นและเหม็น ขอความช่วยเหลือ คะ ความสูงระดับเอว น้ำท่วมมาแล้วน้อยกว่า 1 สัปดาห์,https://storage.googleapis.com/traffy_public_bucket/attachment/2026-09/7fc7efa30be1bfc50bbe9ba0bd618288.jpeg
2026-AXG3J3,forward,2026-09-28 07:34,2026-09-28 18:49,100.6356,13.75268,บางกะปิ,หัวหมาก,ซอยหัวหมาก 20 น้ำท่วมไม่ลดระดับลงเลย อยู่ช่วงต้นขาตั้งแต่วันเสาร์ ช่วยดำเนินการสูบน้ำออก/ลดระดับน้ำให้คนแถวนี้บ้างเถอะค่ะ ความสูงระดับเอว น้ำท่วมมาแล้วน้อยกว่า 1 สัปดาห์,https://storage.googleapis.com/traffy_public_bucket/attachment/2026-09/8174e4e8125ef05a59832bcda759be8d.jpeg
2026-VATMYB,inprogress,2026-09-28 07:34,2026-09-28 08:13,100.69002,13.76393,สะพานสูง,สะพานสูง,ซอยรามคำแหง 118 แยก 49 น้ำท่วมมากกว่า 50 .ซม. รถเล๋กไม่สามารถผ่านได้ น้ำท่วมเข้าในตัวบ้านตั้งแต่เช้ามืดวันเสาร์ อยากให้รีบดำเนินการสูบน้ำออก ความสูงระดับหน้าแข้ง มากกว่า 3 วัน,https://storage.googleapis.com/traffy_public_bucket/attachment/2026-09/540b5e2ef8a9e7eaf7c09ef3c6e80f74.jpeg
2026-98JZBB,inprogress,2026-09-28 07:36,2026-09-28 18:50,100.6311,13.76731,บางกะปิ,คลองจั่น,น้ำท่วมสูงรถผ่านไม่ได้ ความสูงระดับเอว น้ำท่วมมาแล้วน้อยกว่า 1 สัปดาห์,https://storage.googleapis.com/traffy_public_bucket/attachment/2026-09/f52c015ddb073322f082984e0ce868a1.jpeg
2026-JWRK98,inprogress,2026-09-28 07:36,2026-09-28 10:15,100.68709,13.67,ประเวศ,ดอกไม้,น้ำท่วมระดับเกินเข่ามา5วันแล้ว เครื่องสูบน้ำไม่ทำงาน น้ำเน่า น้ำไม่ระบาย เนื่องจากเครื่องสูบน้ำไม่ทำงาน ความสูงระดับหัวเข่า น้ำท่วมมาแล้วน้อยกว่า 1 สัปดาห์,https://storage.googleapis.com/traffy_public_bucket/attachment/2026-09/78350e1df5a3e7f338fde817e83eb587.jpeg
2026-LN9XBG,inprogress,2026-09-28 07:36,2026-09-28 14:59,100.73459,13.77791,มีนบุรี,มีนบุรี,อยู่ในหมู่บ้านอินดี้ ศรีนครินทร์-ร่มเกล้า ซอยร่มเกล้า24 ทำไมเช้านี้น้ำขึ้นสูงกว่าเมื่อวานทั้งๆที่ฝนน้อยกว่า ไม่มีฝนตกแช่ แต่ทำไมน้ำขึ้น มีการปล่อยน้ำมาซ้ำเติมฝั่งนี้หรือเปล่า? เฉพาะในหมู่บ้านประมาณ30-40cm แต่ด้านนอกท่วมเยอะกว่านี้มาก รู้สึกกังวลใจว่าน้ำจะ,https://storage.googleapis.com/traffy_public_bucket/attachment/2026-09/7437321f264165690cd3a32ba3c88ee3.jpeg
2026-RVBRPU,finish,2026-09-28 07:37,2026-10-01 10:37,100.61631,13.69653,พระโขนง,บางจาก,บ้านอยู่โครงการ หมู่บ้านกรองทองไพรเวทโฮม ซอยปุณณวิถี 29 แยก 4 ปัจจุบันน้ำยังไม่ลดลง เนื่องจากภายนอกหมู่บ้าน ทางเขตมีการทำท่อระบายน้ำใหม่แล้วทำระดับสูงกว่าระดับเดิม ทำให้หมู่บ้านจากที่ไม่เคยน้ำท่วม ก็ท่วมแล้วจมน้ำนานกว่าปกติ ทั้งๆที่ภายนอกแห้งหมดแล้ว ีราวๆ,https://storage.googleapis.com/traffy_public_bucket/attachment/2026-09/471c63fc468f7f6f830b760bab69d249.jpeg
2026-WM8PW9,forward,2026-09-28 07:37,2026-09-28 11:11,100.64365,13.8948,สายไหม,คลองถนน,นำ้ท่วมลึก รถมอเตอร์ไซค์และรถเก๋ง ผ่านไม่ได้มาตั้งแต่ 26 กย และไม่ลดเลย สถานที่ ถนนวัชรพล ช่วง 3 แยกตัดถนนเพิ่มสิน โดยเฉพาะช่วงซอย 10-12 ลึกหนักมาก รบกวนสำนักการระบายนำ้มาช่วยแก้ไขด้วย ความสูงระดับเลยฟุตบาท น้ำท่วมมาแล้วตี้งแต่ 26 เปนต้นมา,https://storage.googleapis.com/traffy_public_bucket/attachment/2026-09/6e714655992d58d77b4d453545097c9b.jpeg
2026-ECKMVP,forward,2026-09-28 07:38,2026-09-29 10:27,100.49147,13.74506,พระนคร,พระบรมมหาราชวัง,น้ำตรงท่าน้ำทะลักเข้ามาอยากให้กทม. มาดูแล้วขอกระสอบทรายเพื่อป้องกันน้ำทะลักค่ะ ความสูงระดับสรุปจะให้ทำยังไงคะเพราะว่าส่งไปแล้ว น้ำท่วมมาแล้วน้ำยังไม่ท่วมแต่น้ำทะลักเข้ามาต่างกระสอบทรายอยากได้กระสอบทรายเพิ่มค่ะ,https://storage.googleapis.com/traffy_public_bucket/attachment/2026-09/thumb_f76abd6e69438d3626e24be0964caf0b.jpg
2026-L6Z4EX,inprogress,2026-09-28 07:38,2026-09-28 12:04,100.65001,13.72874,ประเวศ,ประเวศ,เนื่องจากฝนตกน้ำท่วมตั้งแต่วันศุกร์ที่ 25 กันยายน 2569 จนถึงวันที่ 28 2 กันยายน 2569 น้ำขึ้นสูงมากไม่สามารถออกจากบ้านได้ยังไม่มีหน่วยงานใดเข้ามาช่วยเหลือเนื่องจากบ้านอยู่ท้ายซอยของหมู่บ้านอยู่บ้านเลขที่ 985 และ 983 ซอยพัฒนาการ 74 หมู่บ้านเมืองทอง 2โครงการ,https://storage.googleapis.com/traffy_public_bucket/attachment/2026-09/8e92e9d39096ba2aecd359e167da1887.jpeg
2026-B68399,inprogress,2026-09-28 07:40,2026-09-28 14:38,100.6353,13.71618,สวนหลวง,สวนหลวง,น้ำยังท่วมขังตลอดทั้งซอยอ่อนนุช39 ความสูงระดับหน้าแข้ง น้ำท่วมมาแล้วน้อยกว่า 1 สัปดาห์,https://storage.googleapis.com/traffy_public_bucket/attachment/2026-09/ab7e96a72cc713f9ded41f1aa3c22255.jpeg
2026-TLHYPU,inprogress,2026-09-28 07:40,2026-09-28 18:50,100.66005,13.76477,บางกะปิ,หัวหมาก,รามคำแหง 68 น้ำท่วมขังมา 4 วันแบ้วยังไม่มีแเจ้าหน้ามาช่วยเหลือค่ะ ระดับนั้ำไม่ลดเลยค่ะ ความสูงระดับหัวเข่า 4 วัน,https://storage.googleapis.com/traffy_public_bucket/attachment/2026-09/d5cef3ff64f01492f687b4f4a9f0b722.jpeg
2026-UNC9PX,inprogress,2026-09-28 07:40,2026-09-30 11:47,100.59757,13.94572,ดอนเมือง,สีกัน,ถนนเทิดราชัน น้ำไม่ลดเลย ท่วมสูงมาก ไม่อยากจะคิดว่า ทาง กทม กักน้ำไว้เฉพาะฌซนนี้หรือเปล่า เพราะ สรงประภาก็ลดแล้ว ในหมู่บ้านเดอะคอนเนค 7/1 ท่วมมา 3 วัน น้ำเริ่มดำและ มีกลิ่น ช่วยให้ความสำคัญด้วยได้มั้ยคะ 30 เซนจากพื้นถนน 3 วัน,https://storage.googleapis.com/traffy_public_bucket/attachment/2026-09/5829a79c6219a10edbd562f5a1e53900.jpeg
2026-XK937Y,finish,2026-09-28 07:40,2026-09-28 12:11,100.58212,13.84518,จตุจักร,เสนานิคม,จากที่เคยแจ้งปัญหาไปก่อนหน้านี้บ้านเลขที่ 106 / หนึ่งมีปัญหาเรื่องน้ำท่วมขังนานตอนนี้อยากจะได้กระสอบกันเพื่อลองดูดน้ำออกเองจึงอยากได้ซักห้า 50 กระสอบค่ะต้องรับได้ที่ไหนขอบคุณค่ะ ความสูงระดับหัวเข่า น้ำท่วมมาแล้วน้อยกว่า 1 สัปดาห์,https://storage.googleapis.com/traffy_public_bucket/attachment/2026-09/b4e2041235aa29348d1414550b07ca6f.jpeg
2026-L8H4KU,inprogress,2026-09-28 07:41,2026-09-28 14:37,100.64824,13.73382,สวนหลวง,สวนหลวง,น้ำท่วมขังในหมู่บ้านเมืองทอง2/3 ระดับเอว น้ำไม่ลดลงเลย ความสูงระดับประมาณสะโพกค่ะ น้ำท่วมมาแล้วตั้วแต่ตี5 วันเสาร์,https://storage.googleapis.com/traffy_public_bucket/attachment/2026-09/d44a60f8e2e5ed9f25857e85335c9460.jpeg
2026-P43437,inprogress,2026-09-28 07:41,2026-09-28 10:16,100.68721,13.70621,ประเวศ,ประเวศ,น้ำไม่ลดครับ ความสูงระดับเอว น้ำท่วมมาแล้วน้อยกว่า 1 สัปดาห์,https://storage.googleapis.com/traffy_public_bucket/attachment/2026-09/9ee33de05fb357537339f23da73643c9.jpeg
2026-TP8GFC,finish,2026-09-28 07:42,2026-10-02 08:10,100.34119,13.65956,หนองแขม,หนองแขม,ขอเอกสารลงทะเบียนผู้ประสบภัยน้ำท่วม ความสูงระดับหน้าแข้ง น้ำท่วมมาแล้วน้อยกว่า 1 สัปดาห์,https://storage.googleapis.com/traffy_public_bucket/attachment/2026-09/a3838f8fb4e9a3d0b4915387a3535fa0.jpeg
2026-3RBY9Y,inprogress,2026-09-28 07:43,2026-09-28 22:53,100.58799,13.86823,บางเขน,อนุสาวรีย์,มีขยะจำนวนมากลอยตามน้ำมากองที่หน้าบ้าน ครับ หัวเข่าครับ 3วันครับ,https://storage.googleapis.com/traffy_public_bucket/attachment/2026-09/7e918285a397b372fe0e19b698ff5da8.jpeg
2026-J4EPUA,inprogress,2026-09-28 07:43,2026-09-28 11:45,100.67095,13.73077,ประเวศ,ประเวศ,ซอยพัฒนาการ 65 น้ำไม่ลดเลยน้ำเน่าเหม็นท่วมในตัวบ้าน #ขอกระสอบทราย/อื่นๆ,https://storage.googleapis.com/traffy_public_bucket/attachment/2026-09/5d2d2a6af1c45bfe5084b9828395796d.jpeg
2026-RJARHY,inprogress,2026-09-28 07:43,2026-09-28 22:52,100.65182,13.84932,บางเขน,ท่าแร้ง,ด้านในซอยรามอินทรา 67 ช่วงครึ่งซอยหลัง (ตั้งแต่แถวๆสนามเทนนิสเป็นต้นไป) น้ำยังคงท่วมขังสูงไม่สามารถระบายได้ ทั้งในซอยย่อยและถนนกลางเนื่องจากพื้นที่เป็นแอ่ง คนที่อยู่โซนท้ายของหมู่บ้านไม่สามารถนำรถออกได้สะดวกเนื่องจากระดับน้ำยังสูง ต้องการเครื่องสูบน้ำมาช,https://storage.googleapis.com/traffy_public_bucket/attachment/2026-09/f89aa6e9baacf6e2a23179e34101fe38.jpeg
2026-ZXZNWZ,forward,2026-09-28 07:43,2026-09-28 12:05,100.83813,13.80786,หนองจอก,ลำผักชี,น้ำท่วมขังกรุณาดำเนินการแก้ไข สูบน้ำออกทั้งสองฝั่งแยกลำผักชีมุ่งหน้าสู่เขตหนองจอก ความสูงระดับหน้าแข้ง น้ำท่วมมาแล้วน้อยกว่า 1 วัน,https://storage.googleapis.com/traffy_public_bucket/attachment/2026-09/thumb_a23339712908046e9223613279cd0f7b.jpg
2026-CV376D,finish,2026-09-28 07:44,2026-10-03 12:34,100.58129,13.8563,จตุจักร,ลาดยาว,ซอยพหลโยธิน 47 น้ำไม่ลดเลยยังท่วมระดับ 20-30 เซนติเมตร ความสูงระดับ20-30 เซนติเมตร น้ำท่วมมาแล้วน้อยกว่า 1 สัปดาห์,https://storage.googleapis.com/traffy_public_bucket/attachment/2026-09/6edaa3208e72537fa1ec1831300a5e59.jpeg
2026-P76W6U,inprogress,2026-09-28 07:44,2026-10-01 15:37,100.81431,13.80319,หนองจอก,ลำผักชี,น้ำท่วมทางเข้าออก หมู่บ้านโรยัลปาร์ควิลล์ สุวินทวงศ์ 44 ขาดอาหาร เนื่องจากน้ำท่วมสูง เข้าออกไม่ได้ ขอความช่วยเหลือเขต ส่งเครื่องสูบน้ำ ขอกำลังทหาร สนับสนุน แนวคันกั้นน้ำ ไหลย้อนหนุนคลองหลังหมู่บ้าน ความสูงระดับประมาณ 60-80 ซม. ถนนซอย น้ำเข้าในตัวบ้าน ไม่ม,https://storage.googleapis.com/traffy_public_bucket/attachment/2026-09/f69095ffc8aafa262be2634bfa8f8f1a.jpeg
2026-EK9LKU,inprogress,2026-09-28 07:45,2026-09-28 10:17,100.6842,13.6789,ประเวศ,ดอกไม้,ตั้งแต่วันศุกร์ 25 กันยา 69 ที่ผ่านมา ที่มีฝนตกหนักตลอดเป็นระยะเวลานานทั้งวัน ทั้งคืน ทำให้ ปริมาณน้ำในหมู่บ้านเพิ่มขึ้นอย่างรวดเร็ว น้ำท่วมระดับหัวเข่า จนถึงวันนี้เป็นวันจันทร์แล้ว น้ำไม่ได้ลดระดับลงเลย ทำให้การคมนาคมใช้ชีวิตและการสัญจร ในหมู่บ้าน การคมน,https://storage.googleapis.com/traffy_public_bucket/attachment/2026-09/0676687b77dc4f15f2b9858142ef264c.jpeg
2026-3CL4CL,inprogress,2026-09-28 07:46,2026-09-28 11:48,100.73516,13.83391,มีนบุรี,มีนบุรี,ในซอยนิมิตใหม่ 3/2 ม.พนาสนธ์ 3 น้ำท่วมไม่ลดระดับมาตั้งแต่วันเสาร์ละค่ะ หน้าบ้านประมาณ 30 เซน กลางซอยประมาณ 60 เซน น้ำท่วมมาแล้วน้อยกว่า 1 สัปดาห์,https://storage.googleapis.com/traffy_public_bucket/attachment/2026-09/357bb922631d0b5d702736b6236d8e67.jpeg
2026-P4CUPW,inprogress,2026-09-28 07:46,2026-09-28 18:51,100.6509,13.77344,บางกะปิ,คลองจั่น,ปัจจุบันแฟลตคลองจั่น 14 และหลังอื่น เกินน้ำท่วมหนัง การเข้าช่วยเหลือก็ไม่ทั่วถึง ผมแค่อยากเข้ามาเสนอ ถ้า กทม มีเรื่อเล็กให้แต่ละแฟลต หรอแฟลตที่ร้องขอเรือ ให้เข้าได้เข้าออก ให้คนในแฟลต พายไปเอาข้าวน้ำให้กับเพื่อนบ้านในแฟลต ดีกว่าลอยคอออกไป หรอแค่นั่งรอหน่อ,https://storage.googleapis.com/traffy_public_bucket/attachment/2026-09/4861256ba8b4ee25bd7213bc5abb14f4.jpeg
2026-6LG9K2,inprogress,2026-09-28 07:47,2026-09-28 10:18,100.69814,13.72747,ประเวศ,ประเวศ,วันที่ 28/9/2569 เวลา 08.00 ฝนยังตก บางครั้ง แต่นปรืมาณน้ำไม่ลดลง บนถนนเฉลิมพระเกัยรติ ร.9 จากแยกประเวศ มาทาขนานงมอเตอร์เวย์ 7 สูง 70 เซ็นติเมตร รถเล็กผ่านไม่ได้ เอกชนไม่หยุด ออกไปทำงานไม่ได้ ถ้าหยุด โดนหักเงืน หน่วยงานรัฐ และข้าราชการไทย นั้งทำอะไรอยู่คร,https://storage.googleapis.com/traffy_public_bucket/attachment/2026-09/ae0508bca2f7b054b464124832019adf.jpeg
2026-F2FZKN,inprogress,2026-09-28 07:47,2026-09-28 08:12,100.68566,13.75427,สะพานสูง,สะพานสูง,น้ำท่วมเข้าโรงรถ ประมาณต้นขา และในบ้านชั้นล่าง ระดับท่วมเข่า ตั้งแต่วันศุกร์ น้ำเริ่มเน่า มีคนแก่ ผู้พิการ และ แมว อพยพอยู่ชั้น2 อยากได้รถมาสูบน้ำออกไปค่ะ (อาหาร น้ำ ยังพอมี) ความสูงระดับหัวเข่า น้ำท่วมมาแล้วน้อยกว่า 1 สัปดาห์,https://storage.googleapis.com/traffy_public_bucket/attachment/2026-09/540a35d573ef413676c2d0810a27e635.jpeg
2026-2AF8FL,inprogress,2026-09-28 07:48,2026-09-28 08:10,100.69019,13.76547,สะพานสูง,สะพานสูง,น้ำท่วมเข้าบ้าน ขอให้ช่วยเร่งระบายหน่อยค่ั ความสูงระดับหน้าแข้ง น้ำท่วมมาแล้วมากกว่า 1 วัน,https://storage.googleapis.com/traffy_public_bucket/attachment/2026-09/39563a1a4b2255953fb7309a045dfe3b.jpeg
2026-KVYAMG,forward,2026-09-28 07:48,2026-09-28 08:31,100.63925,13.70601,สวนหลวง,สวนหลวง,น้ำท่วมในซอยมาสามวันแล้ว และลดลงเลย มีแต่จะสูงขึ้น นำรถออกไม่ได้ต้องการให้สูบออกไปบ้างพอให้นำรถออกไปซื้อของได้ ความสูงระดับหัวเข่า น้ำท่วมมาแล้วน้อยกว่า 1 สัปดาห์,https://storage.googleapis.com/traffy_public_bucket/attachment/2026-09/d97674da168087831b814362d6a342f4.jpeg
2026-VVRWAJ,inprogress,2026-09-28 07:48,2026-09-28 08:03,100.66649,13.84165,คันนายาว,รามอินทรา,ในซอยคู้บอน 6 แยก 2-1 ยังมีน้ำท่วมขังจากคลองครุ น้ำสูงประมาณข้อเท้า 10-15 cm น้ำไม่ลงท่อระบายน้ำเลย เพราะน้ำจากคลองยังสูงเท่าถนนอยู่ ความสูงระดับข้อเท้า น้ำท่วมมาแล้วน้อยกว่า 1 สัปดาห์,https://storage.googleapis.com/traffy_public_bucket/attachment/2026-09/ce1f1ef228f7e741f4dd52fc576b41d1.jpeg
2026-XAJKWE,inprogress,2026-09-28 07:48,2026-09-28 08:03,100.67349,13.84103,คันนายาว,คันนายาว,หมู่บ้านเพชรอนันต์ ต้องการเครื่องสูบน้ำมาช่วยสูบน้ำออกทางหน้าปากซอยหมู่บ้านค่ะ เนื่องจากน้ำเริ่มเน่าแล้ว มีคนลุยน้ำจนเป็นแผลเพราะเน่าเสีย และเพื่อเป็นการระบายน้ำออกค่ะ เนื่องจากปี54มีการสูบออกด้านหน้าได้ทำให้น้ำแห้งไว รบกวนช่วยประสานงานขอเครื่องสูบน้ำอำนว,https://storage.googleapis.com/traffy_public_bucket/attachment/2026-09/52b845ee41396194e8960ea76800a91e.jpeg
2026-JK6XE9,inprogress,2026-09-28 07:50,2026-09-28 10:17,100.68708,13.66999,ประเวศ,ดอกไม้,น้ำท่วมทั้งเส้นซอยวัดทุ่งเศรษฐี จนตำรวจวางแผงกั้น ไม่ให้สัญจร เครื่องสูบน้ำไม่ทำงาน น้ำท่วมระดับเข่า มา5วันแล้ว ความสูงระดับหัวเข่า น้ำท่วมมาแล้ว5วัน,https://storage.googleapis.com/traffy_public_bucket/attachment/2026-09/e3c9e6cb2d8f4d4b02bf2a698fa71545.jpeg
2026-V2J72B,finish,2026-09-28 07:50,2026-10-02 11:16,100.35071,13.66023,หนองแขม,หนองแขม,วันที่28กย.69 เวลา 13.26 โทร.แจ้งขอความช่วยเหลือไปที่สนง.เขตหนองแขมเบอร์ 4210939 ว่าให้ช่วยมาดูในหมู่บ้านเพชรสยาม2 ถนนมาเจริญให้หน่อย น้ำท่วมขังมา3วันแล้ว แต่เจ้าหน้าที่แจ้งว่า ทำอะไรไม่ได้ เพราะน้ำในคลองเอ่อล้น ต้องรอให้น้ำลดเอง ที่บ้านของตนเองก็ท่วม และ,https://storage.googleapis.com/traffy_public_bucket/attachment/2026-09/410a7314ab1a27c90e7b438395e732c1.jpeg
2026-HZNHDW,inprogress,2026-09-28 07:51,2026-09-28 08:10,100.70061,13.74852,สะพานสูง,สะพานสูง,น้ำทั้วเลยหัวเข่าซอย48ออกไปใหนไม่ได้ไม่มีข้าวทานคับ ความสูงระดับหนึ่งเมตได้คับ น้ำท่วมมาแล้วตังแต่วันที่25ก.ย.2569เวลา00.00นคับ3วันคับ,https://storage.googleapis.com/traffy_public_bucket/attachment/2026-09/c6c6a2c72a50816d69245035a9850f46.jpeg
2026-E3LWWR,finish,2026-09-28 07:52,2026-09-28 12:06,100.57958,13.8434,จตุจักร,เสนานิคม,น้ำในซอยท่วมมากถึงเข่าเข้ามาในบ้านประมาณตาตุ่ม หน้าบ้านเลยเข่านิดหน่อยในบ้านประมาณเลยตาตุ่มมา 2-3 เซน 3 วันแล้วครับ,https://storage.googleapis.com/traffy_public_bucket/attachment/2026-09/c594a6ab6845af7301a0770dcc9b0b1d.jpeg
2026-UC4PJR,finish,2026-09-28 07:53,2026-09-28 14:40,100.65483,13.87782,บางเขน,ท่าแร้ง,ขอทราบขั้นตอนรับความช่วยเหลือ และเอกสารที่ต้องใช้ ในเขตภัยพิบัติค่ะ 40-50ซม ค่ะ ตั้งแต่วันที่ 25/10 ค่ะ,https://storage.googleapis.com/traffy_public_bucket/attachment/2026-09/065daf2bce72381ffbe9292d2f1a5572.jpeg
2026-MH9V8V,inprogress,2026-09-28 07:54,2026-09-28 11:48,100.79185,13.83486,มีนบุรี,แสนแสบ,น้ำท่วมหนักมาก ไม่มีเจ้าหน้าที่เข้ามาดูเลน เหนือเข่า ตอนนี้เข้าบ้านมาแล้วค่ะ 3 วัน ไม่มีเจ้าหน้าเข้ามาดูเลย,https://storage.googleapis.com/traffy_public_bucket/attachment/2026-09/bff3abecd90fa98d9cff6c4c416a2aee.jpeg
2026-YLZ8ED,forward,2026-09-28 07:54,2026-09-28 08:30,100.61876,13.72296,สวนหลวง,สวนหลวง,เมื่อไหร่จะระบายน้ำออกบ้างในโซนนี้ น้ำท่วมจนเปลี่ยนสีแล้วในบ้าน ความสูงระดับอ่อนนุช 17 แยก 18 น้ำท่วมมาแล้วน้ำนอกบ้าน สูงเท่าเข่า ท่วมตั้งแต่วันศุกร์,https://storage.googleapis.com/traffy_public_bucket/attachment/2026-09/78b982ec365aa09bfbe9e29d99aae8bd.jpeg
2026-7ZCT2U,inprogress,2026-09-28 07:55,2026-09-28 12:05,100.69392,13.70785,ประเวศ,ประเวศ,น้ำท่วมหมู่บ้าน รถเล็กออกไม่ได้ อาหารเริ่มขาดแล้ว ความสูงระดับหน้าแข้ง น้ำท่วมมาแล้วตั้งแต่คืนวัน ศ 26 กย,https://storage.googleapis.com/traffy_public_bucket/attachment/2026-09/9db1ee1adac60387a7baafc7c229cc62.jpeg
2026-874PAZ,inprogress,2026-09-28 07:55,2026-09-28 08:30,100.63138,13.72812,สวนหลวง,สวนหลวง,น้ำท่วมขังสูงบริเวณซอยหน้าหมู่บ้ายเปี่ยมสุข ทัสคานี พัฒนาการ 44 ความสูงระดับหัวเข่า น้ำท่วมมาแล้ววันนี้วันที่ 4 ครับ,https://storage.googleapis.com/traffy_public_bucket/attachment/2026-09/adae30b45faac591666a17a6522fcaf7.jpeg
2026-HBGZ4G,inprogress,2026-09-28 07:55,2026-09-28 14:44,100.60591,13.89054,บางเขน,อนุสาวรีย์,ระดับน้ำบนพหลโยธินและเทพรักษ์ ไม่ลดลงเลย มา 2 วันแล้วและไม่มีทีท่าว่าจะมีหน่วยงานใดเข้ามาดูว่าจะผลักดันน้ำอย่างไรบ้างในขณะที่ในบางส่วนมีการลดลงอย่างต่อเนื่อง ต้องการให้กรุงเทพมหานครเข้ามาดูเร่งด่วนเพราะส่งผลกระทบค่อนข้างมาก ความสูงระดับหน้าแข้ง น้ำท่วมมาแ,https://storage.googleapis.com/traffy_public_bucket/attachment/2026-09/thumb_d68184a26abb15e10458371daf43d9ab.jpg
2026-JTW42F,inprogress,2026-09-28 07:55,2026-09-28 11:47,100.65507,13.78479,บึงกุ่ม,คลองกุ่ม,ชอบ นวมินทร์24 เข้ามาประมาณ 1 กิโล น้ำลึก 80-1.00 ม อยากให้เข้ามาแจกอาหาร หรืออำนวยการเดินทางค่า เพราะรถยนต์ใช้ไม่ได้ค่า ความสูงระดับอันนี้แค่กลางๆๆชอย ด้านใน ลึก กว่านี้ค่า น้ำท่วมมาแล้วตั้งแต่วัน ศุกร์ 20.00,https://storage.googleapis.com/traffy_public_bucket/attachment/2026-09/940ed452d4c679ea0268b209f510ac5f.jpeg
2026-ZVBRWP,inprogress,2026-09-28 07:55,2026-09-28 11:47,100.74311,13.80326,มีนบุรี,แสนแสบ,มีนำ้ท่วมขังเริ่มส่งกลิ่นเหม็นและมีสีเหลือง ที่ ถนนร่มเกล้าซอย1 หมู่บ้านปรีชาร่มเกล้า จะช่วยเหลือได้ไม๊คะ ความสูงระดับบริเวณตามคลิปคือเมื่อวานถึงเข่า ตอนนี้นำ้ท่วมสูงขึ้นกว่าเมื่อวาน เมื่อคืนตอนตี3 ฝนตกหนัก และขณะมีฝนตกพรำๆถึงปานกลาง สลับกัน น้ำท่วมมาแล้ว,https://storage.googleapis.com/traffy_public_bucket/attachment/2026-09/thumb_339768b792386e1249cff8e66f4d003c.jpg
2026-2WMYT9,finish,2026-09-28 07:57,2026-10-05 15:19,100.61606,13.75183,บางกะปิ,หัวหมาก,น้ำท่วมขังในซอยรามคำแหง 22 ความสูงระดับข้อเท้า น้ำท่วมมาแล้วน้อยกว่า 1 สัปดาห์,https://storage.googleapis.com/traffy_public_bucket/attachment/2026-09/0f4c56dba899077e0726a7e00bf3c9a4.jpeg
2026-4ZGJDA,inprogress,2026-09-28 07:57,2026-09-28 08:09,100.68651,13.75463,สะพานสูง,สะพานสูง,รามคำแหง 118 แยก 79 น้ำยังไม่ลดเลยค่ะ ระดับน้ำเพิ่มขึ้นด้วย ความสูงระดับหน้าแข้ง น้ำท่วมมาแล้วน้อยกว่า 1 สัปดาห์,https://storage.googleapis.com/traffy_public_bucket/attachment/2026-09/c54f664efc38126cab1ddfdd50678550.jpeg
2026-WTHBBD,forward,2026-09-28 07:57,2026-09-28 20:51,100.58231,13.84107,จตุจักร,เสนานิคม,น้ำท่วมขังทั้งในบ้านและรอบบ้านนาน5วันแล้วเครียดมาก ความสูงระดับ50ซม น้ำท่วมมาแล้ว5วันแล้ว ถามแบบนี้ทุกครั้งไม่มีอะไรดีขึ้น เครียดมาก,https://storage.googleapis.com/traffy_public_bucket/attachment/2026-09/27e40fe35728413d31002ea7eebc0f6f.jpeg
2026-C8TZ8P,inprogress,2026-09-28 07:58,2026-09-28 22:53,100.62256,13.87546,บางเขน,ท่าแร้ง,หมู่บ้านบัวหลวง สุดซอยรามอินทรา19 ทั้งหมู่บ้านจมน้ำท่วมมาตั้งแต่คืนวันศุกร์ ระดับน้ำยังไม่ลด และไม่มีหน่วยงานใดเข้าช่วยเหลือ ไม่สามารถออกไปได้เนื่องจากน้ำสกปรกมาก รบกวนเร่งระบายน้ำเพื่แช่วยเหลืออย่างเร่งด่วน ความสูงระดับเอว น้ำท่วมมาแล้วน้อยกว่า 1 สัปดาห์,https://storage.googleapis.com/traffy_public_bucket/attachment/2026-09/66b42a47ba75c7f2891e180341d5f106.jpeg
2026-HULWCF,inprogress,2026-09-28 07:58,2026-09-28 11:47,100.70665,13.81131,มีนบุรี,มีนบุรี,น้ำท่วมในตัวซอยรามอินทรา80 ยังไม่ลดลงตั้งแต่วันศุกร์ 25 ก.ย. มีฝนตกสะสมทั้งวัน ระดับน้ำประมาณหน้าแข้ง ความสูงระดับหน้าแข้ง น้ำท่วมมาแล้วน้อยกว่า 1 สัปดาห์,https://storage.googleapis.com/traffy_public_bucket/attachment/2026-09/1bba4e53f13fca0990d8f1c40445e76a.jpeg
2026-6FUG4Y,inprogress,2026-09-28 08:00,2026-09-30 11:47,100.61833,13.94601,ดอนเมือง,สนามบิน,น้ำเพิ่มขึ้นสูงค่ะ ความสูงระดับเมื่อวานหน้าประตู วันนี้ครึ่งลานจอด บางบ้านถอดประตูมา ไม่แน่ใจเข้าบ้านมั้ย น้ำท่วมมาแล้วตั้งแต่ศ. แต่เช้านี้สูงสุด,https://storage.googleapis.com/traffy_public_bucket/attachment/2026-09/fdc7ec2c5cd36ebac2634be06a66f0db.jpeg
2026-FK7KZR,inprogress,2026-09-28 08:00,2026-09-28 08:27,100.78479,13.89104,คลองสามวา,สามวาตะวันออก,น้ำในคลองไม่ลดเลยมีแต่เพิ่มขึ้นครับ น้ำท่วมเข้าบ้านหลายหลังแล้วครับ ความสูงระดับหน้าแข้ง น้ำท่วมมาแล้วน้อยกว่า 1 สัปดาห์,https://storage.googleapis.com/traffy_public_bucket/attachment/2026-09/84484976492f1f617a12bc629d0e1887.jpeg
2026-N8K7KB,inprogress,2026-09-28 08:01,2026-09-28 13:24,100.67682,13.72251,ประเวศ,ประเวศ,น้ำไม่ลด เข้าบ้าน ถนน ขออาหารแห้ง ปลากระป๋อง มาม่า มีคนออกบ้านไม่ได้ ฝนตก ความสูงระดับเอว น้ำท่วมมาแล้วน้อยกว่า 1 สัปดาห์,https://storage.googleapis.com/traffy_public_bucket/attachment/2026-09/3275555c5fff3452bdc0e41ef6e7196d.jpeg
2026-P4VLZ3,inprogress,2026-09-28 08:01,2026-09-28 08:29,100.63751,13.72656,สวนหลวง,สวนหลวง,หมู่บ้านนาราสิริน้ำท่วมถึงเข่าไม่ลดเลยค่า ความสูงระดับ3 วัน น้ำท่วมมาแล้ว3 วัน,https://storage.googleapis.com/traffy_public_bucket/attachment/2026-09/thumb_e676864336ebdcfa2650595349c2ab9d.jpg
2026-PMMBGF,inprogress,2026-09-28 08:02,2026-09-28 10:53,100.69664,13.7272,ประเวศ,ประเวศ,วันที่ 28/9/2569 เวลา 08.00 ฝนยังตก บางครั้ง แต่นปรืมาณน้ำไม่ลดลง บนถนนเฉลิมพระเกียรติ ร.9 ซอย 87 น้ำท่วมสูง 70 เซ็นติเมตร และน้ำขังเริ่มเน่า ส่งกลิ่นเหม็นแล้ว ความสูงระดับหัวเข่า น้ำท่วมมาแล้วน้อยกว่า 1 สัปดาห์,https://storage.googleapis.com/traffy_public_bucket/attachment/2026-09/efcb5b52ea949eb4e82ac8dbc9089262.jpeg
2026-HULDMB,forward,2026-09-28 08:03,2026-09-28 10:41,100.59783,13.94484,ดอนเมือง,สีกัน,น้ำท่วมขังแช่มา 2-3 วัน ไม่ลดเลยค่ะ จุดอื่นในดอนเมืองเริ่มลดบ้างแล้ว แต่คลองเปรมตรงบริเวณวัดคลองบ้านใหม่สูบน้ำได้ไม่ดีเพราะน้ำยังล้นตลิ่ง กทม ช่วยเข้ามาแก้ปัญหา ดอนเมืองด้วยค่ะ กรุงเทพตอนเหนือก็หนักอยู่ ความสูงระดับหน้าแข้ง น้ำท่วมมาแล้วน้อยกว่า 1 สัปดาห์,https://storage.googleapis.com/traffy_public_bucket/attachment/2026-09/71f6de6cc3a9d500ddcd427ddc455bf9.jpeg
2026-VHHMXA,inprogress,2026-09-28 08:03,2026-09-28 08:09,100.67991,13.77642,สะพานสูง,สะพานสูง,อาหารหมดออกจากบ้านไม่ได้ #ขอกระสอบทราย/อื่นๆ,https://storage.googleapis.com/traffy_public_bucket/attachment/2026-09/1df1e42cb98f947c27c3e7a0f3a3cd2b.jpeg
2026-YGEP48,inprogress,2026-09-28 08:03,2026-09-28 08:41,100.81014,13.79349,หนองจอก,ลำผักชี,หมู่บ้านฟลอร่าวิลล์ เฟส8 ซอยทิวลิป19 สุวินทวงศ์ แขวงลำผักชี เขตหนองจอก ไม่มีเจ้าหน้าที่เขตเข้ามา และระดับน้ำยังสูงขึ้นเรื่อยๆ ความสูงระดับหัวเข่า น้ำท่วมมาแล้วน้อยกว่า 1 สัปดาห์,https://storage.googleapis.com/traffy_public_bucket/attachment/2026-09/3342620625c88c9768e1ff450ad35272.jpeg
2026-KH73XK,finish,2026-09-28 08:05,2026-09-29 16:14,100.58471,13.82768,จตุจักร,จันทรเกษม,ภายในบริเวณหมู่บ้านสุดที่รัก ย่านเสนานิคมน้ำยังขังอยู่ตั้งแต่วันเสาร์ จนถึงวันนี้ รบกวนช่วยเข้ามาตรวจสอบช่วยเหลือด้วยค่ะ ความสูงระดับข้อเท้า น้ำท่วมมาแล้วน้อยกว่า 1 สัปดาห์,https://storage.googleapis.com/traffy_public_bucket/attachment/2026-09/5055677aa6e25526dbd9494790c1847b.jpeg
2026-AHXH7V,forward,2026-09-28 08:06,2026-09-28 11:55,100.63695,13.84353,บึงกุ่ม,นวลจันทร์,ช่วยดูดน้ำในหมู่บ้านมณียารามอินทราให้ระบายออกหน่อยครับตอนนี้น้ำขังเริ่มเน่าไม่ลดเพราะระบายน้ำ ลงคลองไม่ได้ #ขอกระสอบทราย/อื่นๆ,https://storage.googleapis.com/traffy_public_bucket/attachment/2026-09/9e160ad7c69f0cf4a1cb9a5afa63cc08.jpeg
2026-D6ZK43,inprogress,2026-09-28 08:06,2026-09-28 11:05,100.67338,13.6982,ประเวศ,หนองบอน,น้ำท่วม ซอยเฉลิมพระเกียรติ ร.9 ซอย 49 กลางซอยถึงท้ายซอย ความสูง 30-40 ซม. รถเล็กออกไม่ได้ ขอเครื่องสูบน้ำมาสูบออก แจ้งมาสองรอบแหละ ความสูงระดับหน้าแข้ง น้ำท่วมมาแล้ว3 วัน,https://storage.googleapis.com/traffy_public_bucket/attachment/2026-09/4bcfc6ad2c3fdc385b56c2e59b7fb5ba.jpeg
2026-R3AWHW,inprogress,2026-09-28 08:06,2026-09-28 08:09,100.68589,13.7684,สะพานสูง,สะพานสูง,ซอยรามคำแหง 118 น้ำท่วมยังไมมีปริมาณน้ำลดเลย น้ำเริ่มส่งกลิ่นแล้ว ข้าวปลาอาหารน้ำประชาชนหากินกันเอง เครื่องสูบน้ำไม่ทำงานเต็มระบบ ทั้งที่ในซอบรามคำแหง 118 มี สนง.เขตสะพานสูงอยู่ในซอยครับ ความสูงระดับหัวเข่า น้ำท่วมมาแล้ว3-4 วัน แล้วน้ำยังไม่ลดและไม่มีการพ,https://storage.googleapis.com/traffy_public_bucket/attachment/2026-09/18c2a89a5d6238d1308642ab0581cb1d.jpeg
2026-TNN8NA,inprogress,2026-09-28 08:06,2026-09-28 11:46,100.67196,13.78802,บึงกุ่ม,คลองกุ่ม,ขอไปแล้วเรื่องถึงไหนแล้วครับ #ขอกระสอบทราย/อื่นๆ,https://storage.googleapis.com/traffy_public_bucket/attachment/2026-09/7d58ed8516d538faba77963748af328d.jpeg
2026-URT7EC,inprogress,2026-09-28 08:06,2026-09-28 08:28,100.61496,13.70711,สวนหลวง,สวนหลวง,น้ำยังท่วมขังสูงใน ซอยย่อย ซอยอ่อนนุช 24 ต่ออ่อนนุช30 ระบายน้อยมาก ความสูงระดับวันนี้ ประมาณ60 cm น้ำท่วมมาแล้วตั้งแต่ วันศุกร์ที่ 25,https://storage.googleapis.com/traffy_public_bucket/attachment/2026-09/9a0ea9691655bb24240fd5c5aa7eee71.jpeg
2026-BGKPEK,forward,2026-09-28 08:07,2026-09-28 11:11,100.6414,13.89334,สายไหม,คลองถนน,ปริมาณน้ำฝนสะสมที่ถนน วัชรพล บริเวณซอย 10 ลึก ความสูง เหนือเข่า ตั้งแต่วันที่ 25 ถึงวันที่ 28 ปริมาณน้ำ ยังไม่ลดลง การสัญจรบริเวณนี้ เพื่อออกไปยังบริเวณอื่น ทำได้ลำบาก ร้านอาหาร ซุปเปอร์มาร์เก็ต บริเวณใกล้เคียง ไม่มีจำหน่าย หมู่บ้านวิสต้าปาร์ค อยู่ในพื้นท,https://storage.googleapis.com/traffy_public_bucket/attachment/2026-09/4979bb60766e44c42dca24917be3d230.jpeg
2026-FDLMG6,inprogress,2026-09-28 08:07,2026-09-28 14:59,100.75326,13.81522,มีนบุรี,แสนแสบ,เส้นทางสุวินทวงศ์ฝั่งแยกคู้ขวาน้ำท่วมสูงมากรถไม่สามารถเดินทางได้ ประชาชนไม่สามารถออกไปหาซื้ออาหารได้ มาช่วยด้วย ความสูงระดับเอว น้ำท่วมมาแล้วน้อยกว่า 1 สัปดาห์,https://storage.googleapis.com/traffy_public_bucket/attachment/2026-09/244b83e8b1b107a97355003f79111f95.jpeg
2026-2BMP6H,inprogress,2026-09-28 08:08,2026-09-28 11:02,100.68892,13.70589,ประเวศ,ประเวศ,น้ำท่วมขังในหมู่บ้านเดอะคอนเนคท้ายซอยเฉลิมพระเกียรติ 67 มา 3วันแล้ว ต้องการความช่วยเหลือด่วน ทั้งกระสอบทราย และกำลังทหาร หรือเครื่องสูบน้ำต่างๆ ความสูงระดับ70เซน น้ำท่วมมาแล้วน้อยกว่า 1 สัปดาห์,https://storage.googleapis.com/traffy_public_bucket/attachment/2026-09/b46b134a8beff0992b010c8dc7899759.jpeg
2026-93KGTZ,inprogress,2026-09-28 08:08,2026-09-28 08:26,100.71141,13.90139,คลองสามวา,สามวาตะวันตก,น้ำท่วมมา 3 วันแล้วค่ะ ขยะลอยเหม็น ความสูงระดับหน้าแข้ง น้ำท่วมมาแล้วน้อยกว่า 1 สัปดาห์,https://storage.googleapis.com/traffy_public_bucket/attachment/2026-09/df2ab3117cd8b66b20d0f99dcb963fe2.jpeg
2026-F2ADXX,inprogress,2026-09-28 08:08,2026-09-28 11:06,100.69213,13.72548,ประเวศ,ประเวศ,น้ำยังสูง ไม่มีการระบายออกหรือ ความสูงระดับหัวเข่า น้ำท่วมมาแล้วน้ำสูง 3 วันแล้วไม่ลด,https://storage.googleapis.com/traffy_public_bucket/attachment/2026-09/6960a5dc4b930a0d11b9c055cb5a15c0.jpeg
2026-RJFUDX,forward,2026-09-28 08:08,2026-09-28 14:37,100.62929,13.71127,สวนหลวง,สวนหลวง,น้ำท่วมบ้านตั้งแต่วันพฤหัสบดีที่ 24 ก.ย. 2569 เวลา 03.30 น. บ้านเลขที่ 12 ซอยอ่อนนุช 33 แชวงและเขตสวนหลวง กทม มีน้ำเข้าท่วมชั้น 1 ของบ้าน จนถึง ณ ปัจจุบัน ความสูงระดับในตัวบ้าน 10 ซม และนอกตัวบ้าน 50 ซม น้ำท่วมมาแล้วตั้งแต่วันที่ 24 ก.ย. ท่วมลานจอดรถ และว,https://storage.googleapis.com/traffy_public_bucket/attachment/2026-09/549156ed9e8c0ce736b1fe8c2426a018.jpeg
2026-Y6A7FZ,forward,2026-09-28 08:08,2026-09-28 08:27,100.64198,13.73802,สวนหลวง,สวนหลวง,น้ำท่วม วิธีแก้ไขปัญหา ดูดน้ำออก ความสูงระดับหัวเข่า น้ำท่วมมาแล้วน้อยกว่า 1 สัปดาห์,https://storage.googleapis.com/traffy_public_bucket/attachment/2026-09/801a81ee540bd5d35a7370a57a4a8178.jpeg
2026-M77PXJ,finish,2026-09-28 08:09,2026-09-28 13:59,100.62132,13.79351,วังทองหลาง,คลองเจ้าคุณสิงห์,เพราะ ที่นี่ไม่ว่า จะฝนตกน้อยหรือมากน้ำท่วมตลอด ท่อระบายน้ำเล็กสมัย 40 ปีที่แล้วไม่ได้ รับการพัฒนาเลยค่ะ ความสูงระดับหัวเข่า น้ำท่วมมาแล้วน้อยกว่า 1 สัปดาห์,https://storage.googleapis.com/traffy_public_bucket/attachment/2026-09/4a8bbab46193e7086f7aa134de0949da.jpeg
2026-TED7U6,finish,2026-09-28 08:09,2026-09-28 08:25,100.62672,13.70947,สวนหลวง,สวนหลวง,ระดับน้ำเริ่มลงแล้ว ความสูงระดับในซอย ข้อเท้าถึงหน้าแข้ง ถนนหลักซอยสุขุมวิท77 บางเบาลงครับ น้ำท่วมมาแล้วน้อยกว่า 1 สัปดาห์,https://storage.googleapis.com/traffy_public_bucket/attachment/2026-09/00274da51628fe26fa441d2b87c81268.jpeg
2026-4VVPUP,forward,2026-09-28 08:10,2026-09-28 08:23,100.63393,13.73087,สวนหลวง,สวนหลวง,ตอนนี้น้ำในซอยพัฒนาการ 48 ยังไม่ ลดเลยครับล็อคสูบน้ำออกให้ด้วย ความสูงระดับในบ้านท่วมถึงตาตุ่มเพราะบ้านต่ำกว่าถนนในซอย แต่ถนนใหญ่ท่วมถึงขาอ่อน น้ำท่วมมาแล้วตั้งแต่วันที่ 25-28,https://storage.googleapis.com/traffy_public_bucket/attachment/2026-09/thumb_ce88640723e312a4e5e76f0ea900a2d9.jpg
2026-6RAMZL,finish,2026-09-28 08:10,2026-10-05 11:08,100.49564,13.60772,ทุ่งครุ,ทุ่งครุ,มบ.ทิพย์นครค่ะ ประชาอุทิศ 76 น้ำท่วมเกือบถึงเข่า มบ.ต่ำกว่าถนนมากๆ น้ำย้อนขึ้นมาชักโครกชั้น 1 ใช้งานไม่ได้ เริ่มส่งกลิ่นเหม็น ความสูงระดับในบ้านถึงน่อง น้ำท่วมมาแล้ว3 วัน,https://storage.googleapis.com/traffy_public_bucket/attachment/2026-09/thumb_bf541478ea45a8fce2f1258a03559e72.jpg
2026-94VNMK,finish,2026-09-28 08:11,2026-09-30 14:04,100.63433,13.84031,ลาดพร้าว,ลาดพร้าว,น้ำลดช้ามาก อยากให้มาดูว่าปัญหาอยู่ตรงไหน ความสูงระดับตามคลิปเลย น้ำท่วมมาแล้วตั้งแต่วันศุกร์,https://storage.googleapis.com/traffy_public_bucket/attachment/2026-09/thumb_5f8833256a944eea39f38533f82557ec.jpg
2026-J82WHB,inprogress,2026-09-28 08:11,2026-09-28 08:47,100.68656,13.76561,สะพานสูง,สะพานสูง,บ้านเลขที่ 1 รามคำแหง 118 แยก 39 แขวง/เขตสะพานสูง น้ำท่วมไม่ลดระดับลงเลย ต้องการรองเท้าบู๊ทสวมใส่ เนื่องจากน้ำเริ่มเน่า มีกลิ่น มียุงเยอะ #ขอกระสอบทราย/อื่นๆ,https://storage.googleapis.com/traffy_public_bucket/attachment/2026-09/b7d4c18e3c5710c49a72e77d96589722.jpeg
2026-L8M86J,inprogress,2026-09-28 08:11,2026-09-28 14:37,100.61717,13.73948,สวนหลวง,สวนหลวง,มีน้ำท่วมสูงมากตั้งแต่วันศุกร์ที่25/9/2026 ไม่สามารถสัญจรไปมาได้ เดือดร้อน น้ำดื่มใกล้จะหมด ช่วยสูบน้ำออกด้วยครับ ความสูงระดับหัวเข่า น้ำท่วมมาแล้วน้อยกว่า 1 สัปดาห์,https://storage.googleapis.com/traffy_public_bucket/attachment/2026-09/5c55f8efa75f310c47449f77a4f08038.jpeg
2026-ZEDF9B,forward,2026-09-28 08:11,2026-09-28 08:15,100.67228,13.79012,บึงกุ่ม,คลองกุ่ม,เสรีไทย 57 เขตบึงกุ่ม น้ำท่วมขัง ระดับ อก ต้องใช้รถใหญ่ หรือ เรือเท่านั้น ต้องการความช่วยเหลือ เครื่องสูบน้ำค่ะ ช่วงสูงสุดอกค่ะ น้ำไม่บด,https://storage.googleapis.com/traffy_public_bucket/attachment/2026-09/d8f6ee5d3557e76c8be742b415172f95.jpeg
2026-K332GD,start,2026-09-28 08:12,2026-09-28 08:12,100.73372,13.74904,ลาดกระบัง,คลองสองต้นนุ่น,บ้านเลขที่ 152 / 110 หมู่บ้านเอโทลสิมิลัน รีฟ ถนนพัฒนาชนบท 4 แขวงคลองสองต้นนุ่น เขตลาดกระบัง กทม.10520 พบปัญหาฝนตกและน้ำท่วมขังตั้งแต่วันที่ 26 กันยายน 2569 มาจนถึงวันนี้รวมเป็นระยะเวลา 3 วัน ปัจจุบันน้ำเริ่มมีกลิ่น และเน่า ฝนยังมีการตกเรื่อยๆ ตกๆ หยุด,https://storage.googleapis.com/traffy_public_bucket/attachment/2026-09/0261f543b370efb50323ec7b6729f7db.jpeg
2026-LBJJZP,inprogress,2026-09-28 08:12,2026-09-28 08:47,100.69706,13.74427,สะพานสูง,สะพานสูง,หมู่บ้านนักกีฬาไม่สูบน้ำบ้างเหรอคะ ความสูงระดับเอว น้ำท่วมมาแล้วน้อยกว่า 1 สัปดาห์,https://storage.googleapis.com/traffy_public_bucket/attachment/2026-09/beebf4b71a06bf8c18bd05043760582a.jpeg
2026-ZENB8E,start,2026-09-28 08:12,2026-09-28 08:12,100.83492,13.76165,ลาดกระบัง,ลำปลาทิว,น้ำท่วมหน้าปากซอยสูง มา 2-3 วันแล้วค่ะ รถเล็กออกจากซอยไม่ได้ ความสูงระดับหน้าแข้ง น้ำท่วมมาแล้วตั้งแต่วันที่ 26/09/2026 ค่ะ,https://storage.googleapis.com/traffy_public_bucket/attachment/2026-09/9da26e7dd485ae05bbc25962aa148342.jpeg
2026-F287EX,inprogress,2026-09-28 08:13,2026-09-28 11:28,100.68119,13.70836,ประเวศ,ประเวศ,น้ำท่วมหนักมาก รถไม่สามารถออกจากพื้นที่ได้ ความสูงระดับกลางหมู่บ้านอยู่ที่ 80 ซมค่ะ น้ำท่วมมาแล้ว4วันละค่ะ,https://storage.googleapis.com/traffy_public_bucket/attachment/2026-09/5bf2ac742ac614e2adc0b20d66045aa7.jpeg
2026-K2ZZ74,inprogress,2026-09-28 08:13,2026-09-28 11:06,100.66587,13.6693,ประเวศ,หนองบอน,น้ำท่วมไม่ลดไม่มีหน่อยงานไหนเข้าช่วยเหลือตรงนี้เลยคะหนูออกไปไหนไม่ได้เลยคะ ความสูงระดับเข้าวันที่3คะ น้ำท่วมมาแล้วน้อยกว่า 1 สัปดาห์,https://storage.googleapis.com/traffy_public_bucket/attachment/2026-09/3d2d71359f85bdc543b5330f847873a6.jpeg
2026-PFVRN7,inprogress,2026-09-28 08:13,2026-09-28 08:26,100.78454,13.89114,คลองสามวา,สามวาตะวันออก,น้ำในคลองขึ้นสูงช่วยเร่งระบายน้ำน่อยขึ้นเรื่อยเลย4วันแล้วเพิ่มขึ้นอย่างเดียวเลยไม่ลด ความสูงระดับหน้าแข้ง น้ำท่วมมาแล้วน้อยกว่า 1 สัปดาห์,https://storage.googleapis.com/traffy_public_bucket/attachment/2026-09/a308a9d58dd12b9b4562a38ac4192038.jpeg
2026-YJ33A6,inprogress,2026-09-28 08:13,2026-09-28 11:02,100.66418,13.71491,ประเวศ,ประเวศ,น้ำท่วมบ้าน ความสูงระดับหัวเข่า น้ำท่วมมาแล้วมากกว่า 1 สัปดาห์,https://storage.googleapis.com/traffy_public_bucket/attachment/2026-09/c1b3fd3ac6b570a94889113ed894755f.jpeg
2026-DRMWKW,finish,2026-09-28 08:14,2026-10-02 22:40,100.69645,13.79196,สะพานสูง,สะพานสูง,อยากได้รับการช่วยเหลือที่บ้านน้ำท่วม ออกไปหาของกินลำบากยังไม่มีหน่วยงานไหนเข้ามาช่วยเหลือเลย ในซอยรามคำแหง157/4และ157/3 ในชุมชนริมคลอง ในซอยมีมั้งเด็กผู้สูงอายุ อยากได้อาหาร(ฮาลาล) ปลากระป๋อง น้ำดื่ม ค่ะ ความสูงระดับหน้าบ้านเกือบเข่าค่ะ น้ำท่วมมาแล้วน้อยก,https://storage.googleapis.com/traffy_public_bucket/attachment/2026-09/1a6f0d6698ced3d112c70a6fa779b863.jpeg
2026-JCTKZG,inprogress,2026-09-28 08:14,2026-09-28 08:47,100.75575,13.84429,คลองสามวา,ทรายกองดินใต้,อยู่หมู่บ้านกฤษดานคร 25 ถ ประชาร่วมใจ มีน้ำขังไม่สามารถระบายได้มา 3 วันแล้วทั้งหมู่บ้านไม่สามารถเดินทางได้ ทางหมู่บ้านพอมีเครื่องปั้มน้ำ แต่จะรบกวนทางเจ้าหน้าที่กทม ช่วยลงมาดูพื้นที่เผื่อขอคำแนะนำในการสูบน้ำออกนะคะ ความสูงระดับครึ่งเอวได้คะ น้ำท่วมมาแล้วป,https://storage.googleapis.com/traffy_public_bucket/attachment/2026-09/thumb_0345c553f7d30a56777380b2dc6a3504.jpg
2026-T4L9CT,inprogress,2026-09-28 08:14,2026-09-30 11:47,100.58749,13.94623,ดอนเมือง,สีกัน,ถนนเทิดราชัน หลายไปซอย น้ำท่วมยังไม่ลดลงเลย เหมือนยังไม่ได้ระบายออกไปบ้างเลยค่ะ ขอความช่วยเหลือด้วยค่ะ ความสูงระดับครึ่งแข้ง น้ำท่วมมาแล้วตั้งแต่26 กย ค่ะ 3 วัน ค่ะ,https://storage.googleapis.com/traffy_public_bucket/attachment/2026-09/5ef2a23a6b929cb616543c0714be9e4b.jpeg
2026-9FLMKJ,finish,2026-09-28 08:15,2026-09-30 13:47,100.62659,13.8345,ลาดพร้าว,ลาดพร้าว,ถนนสุคนธสวัสดิ์บริเวณหน้าโรงเรียนโชคชัยครูเกียว เวลาฝนตกต่อเนื่อง 1-2 ชม. น้ำท่วมตลอดๆ รถเล็กผ่านไม่ได้ น้ำท่วมซ้ำซากทางเขตลาดพร้าวมีวิธีแก้ไขปัญหาอย่างไรบ้าง ความสูงระดับหัวเข่า น้ำท่วมมาแล้วน้อยกว่า 1 สัปดาห์,https://storage.googleapis.com/traffy_public_bucket/attachment/2026-09/c4aa7dd0cd04cc6fb3480006fab39f0c.jpeg
2026-PUTE2B,inprogress,2026-09-28 08:15,2026-09-28 09:09,100.47174,13.76992,บางกอกน้อย,บางขุนนนท์,บ้านริมคลองบางกอกน้อย ขอกระสอบทราย มาบล็อกน้ำด้วย มีผู้ป่วยอัมพฤกษ์ นอนอยู่ อีกนิดจะเข้าห้องผู้ป่วย #ขอกระสอบทราย/อื่นๆ,https://storage.googleapis.com/traffy_public_bucket/attachment/2026-09/08dfde78958b4dc2e9a6fe21a4dfd898.jpeg
2026-9PVB3P,finish,2026-09-28 08:16,2026-10-03 12:16,100.58122,13.8563,จตุจักร,ลาดยาว,"บ้าน53,53/1 ในซอยพหลโยธิน47 น้ำท่วงขัง ไม่ลดลงเลยเข้าในตัวบ้านชั้น 1 คอนโด ceila หน้าซอยตรงข้ามศรีประทุมสูบน้ำออก ทำให้ซอยด้านหลังกลายเป็นแก้มลิง เดินทางไม่ได้ ครัวจมใต้น้ำ ที่บ้านมีคนแก่เกิน 70 3 คน เด็กเล็ก 4 ขวบ1 คน ช่วยสูบน้ำออกด้วยค่ะ หรือให้คอนโดหยุ",https://storage.googleapis.com/traffy_public_bucket/attachment/2026-09/75b3d5bcd3c4be80e4ff72ed90d1ba99.jpeg
2026-C64MFA,inprogress,2026-09-28 08:16,2026-09-30 10:39,100.61089,13.93915,ดอนเมือง,สนามบิน,พบปัญหาน้ำท่วมขังบริเวณ ถนนวิภาวดีรังสิต 33 ซอย 1 น้ำยังไม่ลด ท่วมสูงประมาณถึงหัวเข่า ความสูงระดับหัวเข่า น้ำท่วมมาแล้วน้อยกว่า 1 สัปดาห์,https://storage.googleapis.com/traffy_public_bucket/attachment/2026-09/6f6012fec75a435c5fe231dd09bd7ace.jpeg
2026-4UXXPC,inprogress,2026-09-28 08:17,2026-09-28 11:46,100.65276,13.78712,บึงกุ่ม,คลองกุ่ม,น้ำท่วมขังในบริเวณซอยมีระดับสูงเดินทางไม่สะดวก น้ำรอการระบายค่ะ #ขอกระสอบทราย/อื่นๆ,https://storage.googleapis.com/traffy_public_bucket/attachment/2026-09/a3179606044367bf7a0eeea9c9237694.jpeg
2026-FG22YA,inprogress,2026-09-28 08:17,2026-09-28 11:01,100.68721,13.70621,ประเวศ,ประเวศ,น้ำในหมู่บ้านมีระดับสูง และน้ำในคลองได้ดันน้ำเข้าหมู่บ้าน ตอนนี้น้ำเริ่มมีกลิ่นแล้ว ช่วยระบายน้ำหน่อยนะคะ ความสูงระดับหัวเข่า น้ำท่วมมาแล้วน้อยกว่า 1 สัปดาห์,https://storage.googleapis.com/traffy_public_bucket/attachment/2026-09/26db91ea4bba0a6e1e70954e98cf6023.jpeg
2026-JHR7FB,inprogress,2026-09-28 08:17,2026-09-28 14:38,100.63194,13.84795,บางเขน,ท่าแร้ง,น้ำท่วมค่ะ ฝนตกหนักมาก หน้าบ้านประมาณ 20 ซม ครึ่งล้อรถแล้วค่ะ ออกไปไหนไม่ได้ อาหารเหลือน้อยค่ะ ความสูงระดับที่หน้าบ้านข้อเท้า กลางซอยหน้าแข้งถึงหัวเข่า น้ำท่วมมาแล้ว2วันค่า,https://storage.googleapis.com/traffy_public_bucket/attachment/2026-09/2419e10de5dfb2261eb1d6523ed9b786.jpeg
2026-PVYLDD,inprogress,2026-09-28 08:17,2026-09-28 14:37,100.63264,13.73765,สวนหลวง,สวนหลวง,พัฒนาการ41ในซอยน้ำยังท่วมสูงอยู่ค่ะ เริ่มมีกลิ่นเน่าเสียแล้ว ภายในบ้านประมาณหน้าแข้ง มีท่วมหลังบ้านด้วย 3 วัน,https://storage.googleapis.com/traffy_public_bucket/attachment/2026-09/25dcb8692ad66a483b794da6f3072e72.jpeg
2026-RY3ZW2,finish,2026-09-28 08:18,2026-09-28 18:28,100.67407,13.72105,ประเวศ,ประเวศ,น้ำในหมู่บ้านชมเดือน 3 ซ.อ่อนนุช 59/1 ท่วมสูงมาก อยากให้ทางเขตประเวศ นำรถเข้ามารับส่งชาวบ้านที่ต้องออกไปทำงานหรือออกไปข้างนอก ความสูงระดับเอว น้ำท่วมมาแล้วน้อยกว่า 1 สัปดาห์,https://storage.googleapis.com/traffy_public_bucket/attachment/2026-09/1b2571321325b6c2598f4d7ed30adc7c.jpeg
2026-XEFT3U,inprogress,2026-09-28 08:18,2026-09-28 08:49,100.67762,13.74531,สะพานสูง,สะพานสูง,เครื่องสูบน้ำของหมู่บ้านเสีย น้ำท่วมสูงมาก ไม่ได้รับการแก้ไข ความสูงระดับวันเสาร์ประมาณสะโพกค่ะ วันนี้น้ำสูงขึ้นอีก น้ำท่วมมาแล้วตั้งแต่วันศุกร์ รวมวันนี้เป็นวันที่ 4 ค่ะ,https://storage.googleapis.com/traffy_public_bucket/attachment/2026-09/db5e9ef1417a94dd98bd6966f06f2ed7.jpeg
2026-U28GYL,irrelevant,2026-09-28 08:19,2026-10-05 12:51,100.43721,13.61425,บางขุนเทียน,ท่าข้าม,ไม่แสดงรายละเอียด,https://storage.googleapis.com/traffy_public_bucket/TeamChadChart/fondue_photo.png
2026-WKCJNW,inprogress,2026-09-28 08:19,2026-09-28 18:55,100.66208,13.74034,บางกะปิ,หัวหมาก,น้ำท่วมในหมู่บ้าน ถึงน่องบนเกือบถึงเอวแล้ว ตั้งแต่25,https://storage.googleapis.com/traffy_public_bucket/attachment/2026-09/db485fbac810acd8fe0cc4f5741fad8c.jpeg
2026-7YUGJJ,finish,2026-09-28 08:20,2026-09-29 15:42,100.55744,13.86049,หลักสี่,ทุ่งสองห้อง,น้ำท่วมขังสูงเข้าสู่วันที่3 หาทางระบายน้ำ/เก็บขยะให้หน่อยค่ะ ความสูงระดับ50-60เซนค่ะ น้ำท่วมมาแล้ว2วันค่ะ ตั้งแต้คืนวันที่26 เข้าวันที่3ค่ะ,https://storage.googleapis.com/traffy_public_bucket/attachment/2026-09/5f696c0a6ccd9c0558d123294d205088.jpeg
2026-AC7CAL,finish,2026-09-28 08:20,2026-10-01 08:54,100.33915,13.80066,ทวีวัฒนา,ศาลาธรรมสพน์,น้ำท่วมขังในซอย ความสูงระดับหน้าแข้ง น้ำท่วมมาแล้วน้อยกว่า 1 สัปดาห์,https://storage.googleapis.com/traffy_public_bucket/attachment/2026-09/6b53dc1eac83ca2f59532e5f3e9fd6f4.jpeg
2026-HLM3AT,inprogress,2026-09-28 08:20,2026-09-28 08:49,100.70178,13.7796,สะพานสูง,สะพานสูง,น้ำท่วมสูงระดับ 1 เมตรออกบ้านไม่ได้ ความสูงระดับ1 เมตร น้ำท่วมมาแล้ว4 วันค่ะ,https://storage.googleapis.com/traffy_public_bucket/attachment/2026-09/96daee85faf572b6608613d78c422522.jpeg
2026-JR7D3C,inprogress,2026-09-28 08:20,2026-09-28 08:40,100.81101,13.78986,หนองจอก,ลำผักชี,น้ำท่วมขังในหมู่บ้าน รอบ เฟส 19 เริ่มสูงขึ้น ขอช่วยเรื่องสูบน้ำ หรือ รถใหญ่บริการไปด้านนอก หรือ สถานีรถไฟ แอร์พอร์ตลิงก์ลาดกระบังได้ ความสูงระดับหน้าแข้ง น้ำท่วมมาแล้วน้อยกว่า 1 สัปดาห์,https://storage.googleapis.com/traffy_public_bucket/attachment/2026-09/e9be7d50c909bde4f56511887e6076d0.jpeg
2026-XTJFNY,inprogress,2026-09-28 08:20,2026-09-28 08:41,100.81199,13.79446,หนองจอก,ลำผักชี,หมู่บ้านฟลอร่าวิลสุวินทวงศ์ 38 หนองจอก กทม. 10530 มีน้ำสูงภายในหลายพื้นที่ ตั้งแต่ 33 ซม. ขึ้นไป หลายบ้านมีน้ำสูงเข้าชั้นล่างของบ้านแต่ประชาชนหลายบ้านยังขาดแคลนกระสอบทราย เนื่องจากรถเล็กไม่สามารถเข้าออกได้ 33 ซม.ขึ้นไป โดยเฉพาะเฟสใหม่ เฟส 20 น้ำเข้าตัวบ้,https://storage.googleapis.com/traffy_public_bucket/attachment/2026-09/b1c68d8aa0cc7ae6230c8687b776fa2a.jpeg
2026-39HPEL,inprogress,2026-09-28 08:21,2026-09-28 18:55,100.64151,13.78821,บางกะปิ,คลองจั่น,ตอนนี้หมู่บ้านเสนาวิลล่า ถนนแฮปปี้แลนด์ เขตบางกะปิ ไม่สามารถออกไปซื้อของได้ เพราะน้ำตรงบริเวณแฮปปี้แลนด์สาย 1 และสาย 2 หน้าเดอะมอลล์บางกะปิ มีน้ำท่วมสูง อยากให้ช่วยส่งเครื่องสูบน้ำมาสูบน้ำออก จากหมู่บ้านและถนน เพื่อให้ชาวบ้านได้ออกไปซื้อข้าวอาหารและน้ำดื่,https://storage.googleapis.com/traffy_public_bucket/attachment/2026-09/30d2c8a4c2c0be31734f35fd9dba8567.jpeg
2026-8FYM8G,finish,2026-09-28 08:21,2026-09-29 10:32,100.3675,13.74487,บางแค,บางไผ่,น้ำท่วมถนน มบ มากกว่า 3 วันแล้ว อยากทราบว่าเครื่องสูบน้ำยังทำงานได้อยู่ไหมคะ ถนน รอบมบ แห้งหมดแล้ว ไม่สามารถเดินเท้าไปได้ ความสูงระดับหน้าแข้ง น้ำท่วมมาแล้ว3 วันค่ะน้ำเริ่มเน่าแล้ว,https://storage.googleapis.com/traffy_public_bucket/attachment/2026-09/4cdc1672b31f5c1151f0812556a715a1.jpeg
2026-AKGR27,irrelevant,2026-09-28 08:21,2026-10-01 14:27,100.43384,13.59964,บางขุนเทียน,ท่าข้าม,ไม่แสดงรายละเอียด,https://storage.googleapis.com/traffy_public_bucket/TeamChadChart/fondue_photo.png
2026-UGKNX2,inprogress,2026-09-28 08:22,2026-09-28 18:56,100.64138,13.75018,บางกะปิ,หัวหมาก,ระดับน้ำท่วมในซอยหัวหมาก9 ยังไม่ขยับลดลงเลยค่ะ ประมาน 60cm ค่ะ 2วัน,https://storage.googleapis.com/traffy_public_bucket/attachment/2026-09/3f7dcbe321c3968f2afb5388ff2f95f6.jpeg
2026-A2MJWM,inprogress,2026-09-28 08:23,2026-09-28 09:08,100.66417,13.81598,คันนายาว,รามอินทรา,ซอยนวมินทร์ 74 แยก 3-8-10 เดือดร้อนมาหลายวันแล้วน้ำท่วม ความสูงระดับหน้าแข้ง น้ำท่วมมาแล้วน้อยกว่า 1 สัปดาห์,https://storage.googleapis.com/traffy_public_bucket/attachment/2026-09/thumb_8e2e91327fb6a779785cf965ec81b005.jpg
2026-ERBRHL,inprogress,2026-09-28 08:23,2026-09-28 11:45,100.6736,13.78751,บึงกุ่ม,คลองกุ่ม,ตอนนี้เส้นเสรีไทยซอย 45ตลอดยังซอยร.ร คลองกุ่มยังไม่มีหน่วยงานไหนเข้ามา การออกไปซื้ออาหารลำบากมาก รบกวนช่วยประสานให้หน่วยงานเข้ามาดูแลด้วยค่ะ เลยเข่าค่ะ 3วันแล้ว,https://storage.googleapis.com/traffy_public_bucket/attachment/2026-09/4ef008b35d582898d98faaf413aa2c10.jpeg
2026-YP6AEB,inprogress,2026-09-28 08:23,2026-09-28 08:50,100.69371,13.74916,สะพานสูง,สะพานสูง,อยากให้เข้ามาส่งของกินข้างในซอยอีกครั้งค่ะ เนื่องจากเมื่อคืนที่เข้ามาไม่ได้ยินเสียง #ขอกระสอบทราย/อื่นๆ,https://storage.googleapis.com/traffy_public_bucket/attachment/2026-09/6d79eca026db2592c91fcc8764f46921.jpeg
2026-84GJLN,inprogress,2026-09-28 08:24,2026-09-28 11:02,100.69518,13.66915,ประเวศ,ดอกไม้,น้ำไม่ลดเลยค่ะ เดือดร้อนมาก อยากให้ช่วงเปิดเครื่องสูบน้ำเร่งระบายน้ำให้หน่อยค่ะ ความสูงระดับเอว น้ำท่วมมาแล้วน้อยกว่า 1 สัปดาห์,https://storage.googleapis.com/traffy_public_bucket/attachment/2026-09/27d6054ed470f81814b2b7167850f337.jpeg
2026-FF2PHH,inprogress,2026-09-28 08:24,2026-09-28 08:51,100.67492,13.76649,สะพานสูง,สะพานสูง,บ้านเลขที่180/4ดี5 มบ สัมมากร ราม110 บ้านชั้นเดียวน้ำท่วมหน้าบ้านสูง 80 cm น้ำเข้าในบ้าน น้ำในห้องน้ำส่งกลิ่นเหม็น การกินอยู่ขับถ่ายลำบาก ความสูงระดับหัวเข่า น้ำท่วมมาแล้ว4วัน,https://storage.googleapis.com/traffy_public_bucket/attachment/2026-09/39eb11cff530b36b30e1f5f971756116.jpeg
2026-P7GYJJ,inprogress,2026-09-28 08:24,2026-09-28 08:51,100.67492,13.76649,สะพานสูง,สะพานสูง,บ้านเลขที่180/4ดี5 มบ สัมมากร ราม110 บ้านชั้นเดียวน้ำท่วมหน้าบ้านสูง 80 cm น้ำเข้าในบ้าน น้ำในห้องน้ำส่งกลิ่นเหม็น การกินอยู่ขับถ่ายลำบาก ความสูงระดับหัวเข่า น้ำท่วมมาแล้วเลยหัวเข่า,https://storage.googleapis.com/traffy_public_bucket/attachment/2026-09/thumb_5cf12b67ab8bc007b9a1f03168781439.jpg
2026-J6FM8L,inprogress,2026-09-28 08:25,2026-09-28 11:00,100.65607,13.7234,ประเวศ,ประเวศ,ในซอยพัฒนาการ 78 น้ำท่วมตั้งแต่วันแรกแล้ว ไม่ลดเลย รบกวนด้วยนะคะ ความสูงระดับประมาณ 80 cm ค่ะ น้ำท่วมมาแล้วตั้งแต่วันศุกร์ค่ะ,https://storage.googleapis.com/traffy_public_bucket/attachment/2026-09/0d76cd89fdb6ede03d46d09477c44353.jpeg
2026-TVMVB2,inprogress,2026-09-28 08:25,2026-09-28 11:47,100.74614,13.77777,มีนบุรี,มีนบุรี,น้ำท่วมต้องการสูบน้ำออก เพื่อเดินทางไปทำงาน ความสูงระดับหัวเข่า น้ำท่วมมาแล้วน้อยกว่า 1 สัปดาห์,https://storage.googleapis.com/traffy_public_bucket/attachment/2026-09/a10198e1bbdd92354f4389ab9d9e4256.jpeg
2026-YX9GT4,start,2026-09-28 08:25,2026-09-28 08:25,100.76841,13.77327,ลาดกระบัง,คลองสามประเวศ,ระดับน้ำเพิ่มขึ้นทุกวัน เข้าออกลำบาก เป็นชุมชนริมคลองค่ะ ทั้ง2ฝั่งคลองได้รับผลกระทบหมด เข้ามาเยียวยากันสักนิดเถอะค่ะ ขอบคุณค่ะ🙏 ความสูงระดับเอว น้ำท่วมมาแล้วน้อยกว่า 1 สัปดาห์,https://storage.googleapis.com/traffy_public_bucket/attachment/2026-09/bd4c35e61bd784290127d671cec24ae5.jpeg
2026-LRKKMK,inprogress,2026-09-28 08:27,2026-09-28 11:46,100.71429,13.80234,มีนบุรี,มีนบุรี,บ้านเลขที่8 ถ.มีนพัฒนา แขวง/เขตมีนบุรี กทม มีน้ำท่วมเข้าบ้าน ความสูงของน้ำ 30-40 ซม. ครับ ความสูงระดับหัวเข่า น้ำท่วมมาแล้วน้อยกว่า 1 สัปดาห์,https://storage.googleapis.com/traffy_public_bucket/attachment/2026-09/dbe4d240e2a5a99efa2ddb0eaec1e52d.jpeg
2026-3XE46D,inprogress,2026-09-28 08:28,2026-09-28 11:00,100.68254,13.69264,ประเวศ,ดอกไม้,น้ำเข้าบ้านหมดแล้วครับ ความเป็นอยู่ลำบากมากครับ ความสูงระดับครึ่งหน้าแข้ง น้ำท่วมมาแล้ว25 กันยายน,https://storage.googleapis.com/traffy_public_bucket/attachment/2026-09/7f5c7ad4c8f533b3a1a1f7b653098b3f.jpeg
2026-AFJCV4,forward,2026-09-28 08:28,2026-09-28 13:34,100.63174,13.73663,สวนหลวง,สวนหลวง,หมู่บ้านปรีชา3 ซอยพัฒนาการ48 และถนนพัฒนาการน้ำท่วมไม่ลด ใช้รถออกจากบ้านไม่ได้ ขอหน่วยงานช่วยเร่งดำเนินการระบายน้ำ ความสูงระดับหัวเข่า น้ำท่วมมาแล้วน้อยกว่า 1 สัปดาห์,https://storage.googleapis.com/traffy_public_bucket/attachment/2026-09/7171ade41d39c26cdeaec49bea46ca9e.jpeg
2026-NVNA4G,inprogress,2026-09-28 08:28,2026-09-28 12:54,100.76188,13.80241,มีนบุรี,แสนแสบ,น้ำท่วมทางเข้าหมู่บ้านประวรรณโฮม 1 ครับ บางซอยน้ำท่วมสูงตอนนี้เริ่มเพิ่มสูงขึ้น รวมถึงปากทางออก ถนนบึงขวางครับ อยากให้ทางหน่วยงานที่ดูแลเขตมีนบุรีมาสูบน้ำออกให้หน่อยครับ ส่วนปากซอยมี่เครื่องสูน้ำแต่ผมไม่เห็นเปิดเครื่องครับ ความสูงระดับหัวเข่า น้ำท่วมมาแล้,https://storage.googleapis.com/traffy_public_bucket/attachment/2026-09/00aac62f7057300b191bb6589f2d5ff7.jpeg
2026-WAYWGX,finish,2026-09-28 08:28,2026-10-02 10:02,100.65704,13.7423,บางกะปิ,หัวหมาก,น้ำท่วมทั้งทางเข้า-ออก และภายในหมู่บ้านมาตั้งแต่วันศ ไม่มีทีท่าจะลงเลย มีแต่เพิ่ม ไใ่สมารถเข้าถึงความช่วยเหลือจากหน่วยงานใดได้เลย ต้องการกระสอบทรายและที่สูบน้ำออก โดนสนามกอล์ฟ สูบน้ำออกมาทางหมู่บ้าน กทม สามารถ ขอใช้พท สนามกอล์ฟ พักน้ำได้หรือไม่ ความสูงระด,https://storage.googleapis.com/traffy_public_bucket/attachment/2026-09/293cfdf0fcb372f38c8af161c96041ab.jpeg
2026-2LP7CW,inprogress,2026-09-28 08:29,2026-09-28 11:46,100.7434,13.80375,มีนบุรี,แสนแสบ,ร่มเกล้า ซอย 1. หมู่บ้านปรีชา.-ร่มเกล้า. พื้นที่ต่ำกว่า ถนนร่มเกล้า ~1 เมตร มี น้ำท่วมขัง ตั้งแต่คืนวันศุกร์ ตอนนี้. ปั้มสุบน้ำไหม้. > ระดับน้ำท่วมสูงขึ้นเรือยๆ ขอปั้มสูบน้ำ ช่วย ด่วน ความสูงระดับหัวเข่า น้ำท่วมมาแล้วน้อยกว่า 1 สัปดาห์,https://storage.googleapis.com/traffy_public_bucket/attachment/2026-09/dd8e8f4ce7f1e6e3e42f4b359b27d220.jpeg
2026-6CPPN7,start,2026-09-28 08:29,2026-09-28 08:29,100.73744,13.7639,ลาดกระบัง,คลองสองต้นนุ่น,ตอนนี้อยากได้ทีมเก็บขยะแบบใช้เรือ มาเก็บขยะตามซอยแถวร่มเกล้าหน่อยครับ เน่าจะเริ่มเน่าแล้วครับ 1 เมตรครับ สามวันวันนี้แล้วครับ,https://storage.googleapis.com/traffy_public_bucket/attachment/2026-09/0331ed9a1ae9378cb389125d3fe84abb.jpeg
2026-99FVTD,finish,2026-09-28 08:29,2026-10-05 15:18,100.64651,13.76151,บางกะปิ,หัวหมาก,สวัสดีค่ะ ตอนนี้มีน้ำท่วมขังแถวแยกลำสาลี ตั้งแต่ ราคำแหง 58/3 ถึง รามคำแหง 56 น้ำสูงเท่าหัวเข่า ทำให้ผู้คนไม่สามารถไปทำงานได้ และออกไปซื้ออาหารลำบากมากค่ะ ปริมาณน้ำไม่ลดลงเลยตั้งแต่วันที่ 26 กันยายน อยากขอให้ช่วยมาเร่งสูบน้ำบริเวณนี้ เพื่อให้ผู้คนที่อาศัย,https://storage.googleapis.com/traffy_public_bucket/attachment/2026-09/3340efe7578f8960eb68b7a0e0902c00.jpeg
2026-KW4FYE,inprogress,2026-09-28 08:29,2026-09-28 11:46,100.70958,13.79614,มีนบุรี,มีนบุรี,เมื่อไรจะสูบน้ำบริเวณปากซอยรามคำแหง164 น้ำจะเน่าอยู่แล้วทำไมไม่เอากระสอบทรายอุดท่อในจุดที่น้ำวนกลับแล้วเร่งสูบให้น้ำลดลงให้รถพอวิ่งได้ก่อนทำเสียทีเถอะ ความสูงระดับหน้าแข้ง น้ำท่วมมาแล้วตั้งแต่วันศุกร์แล้วทำอะไรอยู่,https://storage.googleapis.com/traffy_public_bucket/attachment/2026-09/97aa93482c80689547b3dd71b1e9d744.jpeg
2026-7VTKPY,forward,2026-09-28 08:30,2026-09-28 10:57,100.64076,13.89363,สายไหม,คลองถนน,น้ำท่วมสูง ไม่ระบายเลย ออกไปไหนไม่ได้เลยค่ะ อาหารใกล้หมดแล้ว ความสูงระดับหัวเข่า น้ำท่วมมาแล้ว3วันค่ะ,https://storage.googleapis.com/traffy_public_bucket/attachment/2026-09/f0367208f4746d78529debf492f8b592.jpeg
2026-KNXX8Z,forward,2026-09-28 08:30,2026-09-28 11:09,100.64018,13.89361,สายไหม,คลองถนน,น้ำท่วมสูงรอการระบายบริเวณหน้าหมู่บ้านวิสต้าปาร์ค วัชรพล ซ.10 ค่ะ รบกวรช่วยเร่งแก้ไขให้หน่อยได้ไหมคะ ออกไปไม่ได้เลยค่ะ คนในหมู่บ้านก็กั้นแบบไม่ให้รถออกเลย น่าจะเลยเข่านะคะ ท่วมตั้งแต่วันศุกร์ค่ะ,https://storage.googleapis.com/traffy_public_bucket/attachment/2026-09/045a42b9ec56184357083d9590d7445d.jpeg
2026-NX4LUN,inprogress,2026-09-28 08:30,2026-09-28 08:48,100.69027,13.87112,คลองสามวา,สามวาตะวันตก,เท่าที่ผมทราบข้อมูลก็คือได้สัมผัสด้วยตัวเองหรือสภาวะน้ำท่วมถนนพระยาสุเรนทร์จากแยกเลียบคลองสองไปจนถึงคลองหน้าวัดพระยาสุเรนทร์มีน้ำท่วมขังตลอดเส้นทางบางช่วงเป็นที่ลุ่มไม่สามารถเดินทางได้ใช้ได้เฉพาะปิกอัพขึ้นไปเท่านั้น ความสูงระดับหัวเข่า น้ำท่วมมาแล้วน้อยกว,https://storage.googleapis.com/traffy_public_bucket/attachment/2026-09/b80f3ed148e24bbb210146e08255e5cc.jpeg
2026-L4DMKD,inprogress,2026-09-28 08:31,2026-09-28 10:59,100.67433,13.73197,ประเวศ,ประเวศ,อยากรู้ว่าน้ำตะรอระบาย ประมาณกี่วัน ความสูงระดับเลยเข่าบนค่ะ ตอนนี้ เริ่มมีคราบน้ำมัน เพราะมีโรงงานทลอก สายไฟอยูในซอย น้ำท่วมมาแล้ว5 วันค่ะ,https://storage.googleapis.com/traffy_public_bucket/attachment/2026-09/713f46dacfa826378b3aacc8365650d9.jpeg
2026-WDYW8Y,inprogress,2026-09-28 08:31,2026-09-28 08:40,100.7989,13.79313,หนองจอก,ลำผักชี,ภายในหมู่บ้านน้ำท่วมสูงค่ะ ไม่สามารถออกไปซื้อของได้ หนูอยู่เฟส7 ออกไม่ได้เลยค่ะ น้ำสูงกว่าฟุตบาท เข้ามาในพื้นที่โรงจอดรถในบ้านนิดเดียว แต่ว่าพื้นที่ถนนในซอย ออกสู่ถนนใหญ่จากเฟส7 ทั้งทางออกฝั่งสุวินทวงศ์ และฝั่งฉลองกรุง น้ำสูงค่ะ รถออกไม่ได้ มีรถคันใหญ่ทหา,https://storage.googleapis.com/traffy_public_bucket/attachment/2026-09/0b37b2c447ca712d85f34213fee76135.jpeg
2026-8KJ9GW,inprogress,2026-09-28 08:32,2026-09-28 10:58,100.68721,13.70621,ประเวศ,ประเวศ,น้ำยังไม่ลดและท่วมขัง3วันแล้วค่ะ ความสูงระดับเอว น้ำท่วมมาแล้วน้อยกว่า 1 สัปดาห์,https://storage.googleapis.com/traffy_public_bucket/attachment/2026-09/c59958ca88ab321e2c53bc40e9cfc6b1.jpeg
2026-9LKV2L,forward,2026-09-28 08:32,2026-09-28 11:09,100.68087,13.92133,สายไหม,สายไหม,ปากซอยสายไหม 80 ท่วมขังมาสามวันแล้วครับ 3วัน น้ำท่วมมาแล้วน้อยกว่า 1 สัปดาห์,https://storage.googleapis.com/traffy_public_bucket/attachment/2026-09/a8e38e59bb4764c5e2f55536ee4e7f48.jpeg
2026-WXMRB6,finish,2026-09-28 08:32,2026-09-30 15:04,100.68656,13.77693,สะพานสูง,สะพานสูง,แจ้งปัญหาน้ำท่วม น้ำสูงระดับเกือบถึงเอว ท่วมมา3 วันแล้ว รถจมน้ำไป 2 คัน 1 คันยังไม่สามารถลากออกไปได้ ไม่มีหน่วยงานไหนเข้ามาช่วยเหลือเลย และน้ำไม่ลดลงเลย ตอนนี้ออกไปซื้ออาหารไม่ได้ ต้องเดินลุยน้ำไกลเป็นกิโล อยากให้มีเรือหรือรถรับส่งที่ช่วยพาออกไปที่หน้าปาก,https://storage.googleapis.com/traffy_public_bucket/attachment/2026-09/e031a65cb9cd09b062fcac4ab3ee6a2f.jpeg
2026-6BPZFR,forward,2026-09-28 08:33,2026-09-28 11:09,100.6113,13.89613,สายไหม,คลองถนน,โซนถนนพหลโยธิน ตั้งแต่รพ ภูมิพล-สะพานใหม่-เพิ่มสิน ยาวไปถึงวงเวียนบางเขน น้ำไม่ลดลงเลยค่ะ ไม่แน่ใจทรงรัฐได้เข้ามาดูกันบ้างรึยังคะ บางจุดตามซอยน้ำท่วมสูงหนักมาก รบกวนช่วยเร่งระบายน้ำให้เหมือนกรุงเทพชั้นในทีค่า ชาวบ้านลำบากมากค่ะ ความสูงระดับหัวเข่า น้ำท่วม,https://storage.googleapis.com/traffy_public_bucket/attachment/2026-09/65b9b7064ab9cfd69f059d1a576bebb2.jpeg
2026-8GM8ME,inprogress,2026-09-28 08:33,2026-09-28 11:45,100.65589,13.80323,บึงกุ่ม,คลองกุ่ม,อยากได้กะสอบทรายครับ น้ำเข้าบ้านครับ จากดิวิชั่น 35-40 ซม.ครับ น้ำท่วมมาแล้วน้อยกว่า 1 สัปดาห์,https://storage.googleapis.com/traffy_public_bucket/attachment/2026-09/7bffc7994fbbf76df43009c6a2fba513.jpeg
2026-A6EBMW,forward,2026-09-28 08:33,2026-09-28 10:56,100.68317,13.90325,สายไหม,ออเงิน,หมู่บ้านภัสสร19 จตุโชติ และซอยข้างเคียงทั้งหมด น้ำท่วมขังมาสองสามวัน ตอนนี้ฝนหยุดแล้ว แต่น้ำก้ยังไม่ลด ไม่มีหน่วยงานเข้ามาช่วยสูบระบายน้ำเลย ความสูงระดับหัวเข่า น้ำท่วมมาแล้วมากกว่า 1 สัปดาห์,https://storage.googleapis.com/traffy_public_bucket/attachment/2026-09/ec80fba4dbcc3e8719e1033accebb080.jpeg
2026-F7TF2R,inprogress,2026-09-28 08:34,2026-09-28 08:51,100.69684,13.79648,คันนายาว,คันนายาว,บ้านกลางเมืองลาดพร้าว-เสรีไทย ซอย เสรีไทย 52 แขวง คันนายาว เขต คันนายาว ปัญหา : ทางหมู่บ้านประสบปัญหาน้ำท่วมขังมา 3 วันแล้ว บอกกับน้ำในคลองหลอแหลที่สูงจนล้นตลิ่ง และได้แจ้งเรื่องก่อนที่ฝนหนัก เมื่อวันที่ 25/9/69 ซึ่งยังไม่ได้รับการแก้ไข หรือมีหน่วยงานที่,https://storage.googleapis.com/traffy_public_bucket/attachment/2026-09/8d6819b99a5ee5a6bae3a5cafe236827.jpeg
2026-3376XT,inprogress,2026-09-28 08:36,2026-09-28 18:59,100.63705,13.77881,บางกะปิ,คลองจั่น,น้ำท่วมในซอยลาดพร้าว 107 มาวันแล้วค่ะ ระดับน้ำไม่ลดเลย ร้านยังอยู่ในระดับเข่าบางจุดเลยเข่าค่ะ ต้องการให้ระบายน้ำออกจากซอยเพื่อที่จะเดินทางออกไปทำงานได้ค่ะ ความสูงระดับหัวเข่า น้ำท่วมมาแล้วน้อยกว่า 1 สัปดาห์,https://storage.googleapis.com/traffy_public_bucket/attachment/2026-09/9d9cbcca231cd52e93c0d75e083104cc.jpeg
2026-46PKBD,finish,2026-09-28 08:36,2026-09-30 19:14,100.5772,13.91668,ดอนเมือง,ดอนเมือง,ปัญหาเลยข้าวสารอาหารแห้งครับคือออกไปไม่เคยซื้อทันเลยแล้วตอนนี้มาม่าที่มีก็จะหมดเงินยังไม่ออกเลยครับเห็นสส.เขตอื่นเขาแจ้งกันสส.เขตดอนเมืองไม่แจกหรอครับ #ขอกระสอบทราย/อื่นๆ,https://storage.googleapis.com/traffy_public_bucket/attachment/2026-09/19415f69bb9de7b0167e783a5c334f58.jpeg
2026-HVCB4K,finish,2026-09-28 08:36,2026-10-01 15:32,100.35637,13.66282,หนองแขม,หนองแขม,ต้องการการสูบน้ำ ระดับเข่าสุดซอยขังมาหลายวันเริ่มมีกลิ่นเน่าแล้วค่ะ มีคนไข้ต้องไปฟอกไตเดินทางยากลำบาก 4 วันค่ะ,https://storage.googleapis.com/traffy_public_bucket/attachment/2026-09/dd0d4d3e6ea6e2dd57fd10cd560168ec.jpeg
2026-WCY48K,start,2026-09-28 08:36,2026-09-28 08:36,100.73249,13.77127,ลาดกระบัง,คลองสองต้นนุ่น,ในชุมชนเคหะร่มเกล้า น้ำขังอยู่ในนี้สามวันแล้วน้ำเริ่มเน่าอยากให้มีการระบายน้ำออกให้ค่ะชาวบ้านเดือดร้อนมาก บางหน่วยงานอย่าทำให้ชาวเคหะร่มเกล้าดูน่าสงสารขนาดนั้นได้ไหมครับ เรื่องข้าวปลา อาหารการกินพวกเรายังพอรับได้ครับ ตอนนี้สิ่งที่ต้องการที่สุดคือทำยังไงก็,https://storage.googleapis.com/traffy_public_bucket/attachment/2026-09/eb97a0e38c25b97f3b02f1d903732a29.jpeg
2026-FTT2G8,inprogress,2026-09-28 08:37,2026-09-28 11:19,100.68547,13.6935,ประเวศ,ดอกไม้,น้ำยังท่วมสูงอยู่ในซอย รถเก๋งรถมอเตอร์ไซต์ออกไม่ได้ต้องใช้รถใหญ่ หรือรถกระบะสูง รบกวน หารถ บริการ รับ ประชาชนด้วยค่ะ เพราะออกมาเองไม่ได้เข้าบ้านเองไม่ได้ บริเวณในซอยโรงงาน ความสูงระดับหัวเข่าค่ะ น้ำท่วมมาแล้วสามวันแล้ว,https://storage.googleapis.com/traffy_public_bucket/attachment/2026-09/5fc1e88514c840001c3b4483c535d73f.jpeg
2026-MVUZN7,inprogress,2026-09-28 08:37,2026-09-28 08:50,100.66702,13.83054,คันนายาว,รามอินทรา,น้ำล้นจากคลอง กทม. ไม่ได้อยากได้ข้าวกล่อง หรือกระสอบทราย แต่ส่งเจ้าหน้าที่ มาดูหน่อยได้ไหมคะ ว่าเขต รับทราบปัญหา ว่าน้ำที่ล้นมาจากคลองของ กทม. เข้าท่วมพื้นที่ จะแก้ปัญหา อย่างยั่งยืนอย่างไร แยกนี้ เขตไม่เคยมาทำถนน ทำท่อระบายน้ำเลย ทั้งที่ ยกพื้นที่ให้เป็น,https://storage.googleapis.com/traffy_public_bucket/attachment/2026-09/efe5343c58dc901b7b1ccd05f3c18288.jpeg
2026-TCWMTF,inprogress,2026-09-28 08:37,2026-09-28 08:54,100.68572,13.76672,สะพานสูง,สะพานสูง,ซอยรามคำแหง118 แยก42-4 น้ำท่วมสูงเกิน60 เซ็นติเมตรสูงมากรถเข้าออกไม่ได้เหมือนสำนักงานเขตสะพานสูงลืมซอยนี้ช่วยแจ้งให้หน่อยว่าคนในซอยลำบากมาก ลำลางสาธารณะด้านหลัง ซอยรามคำแหง 118 แยก42-4 น้ำล้นทะลักเข้าท่วมมิดซอยแล้ว ความสูงระดับหัวเข่า น้ำท่วมมาแล้วน้อยกว่,https://storage.googleapis.com/traffy_public_bucket/attachment/2026-09/181bbb1521e3e742a812ffcb2360d74e.jpeg
2026-98WMNZ,inprogress,2026-09-28 08:38,2026-09-28 11:45,100.6372,13.81172,บึงกุ่ม,นวมินทร์,ขออาหารและน้ำดื่มด่วนๆด้วยนะค่ะ #ขอกระสอบทราย/อื่นๆ,https://storage.googleapis.com/traffy_public_bucket/attachment/2026-09/0a62dc06c6cae3fcfd0fa2355021368b.jpeg
2026-DUUAUH,inprogress,2026-09-28 08:38,2026-09-29 09:25,100.58322,13.75237,ห้วยขวาง,บางกะปิ,ระดับน้ำในคลองเขมรกำลังขึ้น น้ำไหลกลับมาทางท่อระบาย กำลังขึ้นถนน และท่วมบ้านเรือนบางหลังที่ระดับต่ำกว่าถนน ความสูงระดับหลังเท้า ระดับน้ำขึ้นเรื่อยๆ น้ำท่วมมาแล้วน้อยกว่า 1 ชั่วโมง,https://storage.googleapis.com/traffy_public_bucket/attachment/2026-09/dab7ee010b96946ebca5115abdec14bc.jpeg
2026-3277PP,inprogress,2026-09-28 08:39,2026-09-28 11:44,100.66128,13.7955,บึงกุ่ม,คลองกุ่ม,ขอรถหรือเรือ เพื่อให้ประชาชนได้ออกไปซื้อของกินของใช้ ที่ตลาดอินทรารักเนื่องจากในซอยนวมินทร์ 20แยก 7 น้ำสูงดำ สกปรก คัน เนื่องจากเป็นที่ล้าง ต้นไม้ลกรุงรังหลายจุด การเดินลุยน้ำเกรงจะไม่ปลอดภัย ของกินในเซเว่น โลตัส ซีเจ ไม่มีแล้ว อยากให้หน่วยงานช่วยบริการป,https://storage.googleapis.com/traffy_public_bucket/attachment/2026-09/8396690eea8d4287bde517d7233dedfb.jpeg
2026-8VPRXP,inprogress,2026-09-28 08:39,2026-09-28 18:59,100.63705,13.77882,บางกะปิ,คลองจั่น,น้ำท่วมในซอยลาดพร้าว 107 มา3วันแล้วค่ะ ระดับน้ำไม่ลดเลย ค่ะ น้ำยังอยู่ในระดับหัวเข่าบางจุดเลยหัวเข่า ต้องการให้ระบายน้ำออกจากซอยเพื่อที่จะเดินทางออกไปทำงานได้ค่ะ ความสูงระดับหัวเข่า น้ำท่วมมาแล้วน้อยกว่า 1 สัปดาห์,https://storage.googleapis.com/traffy_public_bucket/attachment/2026-09/d5376e8770faab04fa0240a78377011f.jpeg
2026-HCXKER,finish,2026-09-28 08:39,2026-09-28 13:37,100.54217,13.83097,จตุจักร,ลาดยาว,น้ำท่วมอยู่ในหมู่บ้านซิเมนต์ไทย น้ำไม่ระบายเลย ความสูงระดับหัวเข่า น้ำท่วมมาแล้วน้อยกว่า 1 สัปดาห์,https://storage.googleapis.com/traffy_public_bucket/attachment/2026-09/646e694628f9ce5b77c828b6e6a37e75.jpeg
2026-ZGAU8P,inprogress,2026-09-28 08:39,2026-09-28 11:18,100.6582,13.72988,ประเวศ,ประเวศ,น้ำท่วมสูง น้ำขังมา3วันแล้วไม่มีลดเลย ไม่สามารถเดินทางออกจากบ้านได้ ร้านค้าใกล้เคียงไม่มีอาหารขายแล้ว ต้องการให้ช่อยระบายน้ำให้เร็วที่สุด ในเมืองแห้งแล้ว ทำไมเอาน้ำมาทิ้งไว้ในหมู่บ้านคะ ความสูงระดับเอว น้ำท่วมมาแล้วน้อยกว่า 1 สัปดาห์,https://storage.googleapis.com/traffy_public_bucket/attachment/2026-09/ffbe6b50e28ea8017d98ef670666f0ea.jpeg
2026-3MYEAP,inprogress,2026-09-28 08:40,2026-09-28 10:57,100.65906,13.72924,ประเวศ,ประเวศ,ต้องการเครื่องสูบน้ำมาช่วยระบายน้ำออก ปากซอยพัฒนาการ 63 ความสูงระดับเอว น้ำท่วมมาแล้วน้อยกว่า 1 สัปดาห์,https://storage.googleapis.com/traffy_public_bucket/attachment/2026-09/3f21affa8d783f7280343d5cdf5964e3.jpeg
2026-4GALCJ,inprogress,2026-09-28 08:40,2026-09-28 08:45,100.79324,13.90039,หนองจอก,คลองสิบ,ที่บ้านน้ำท่วมแต่ไม่เห็นเจ้าหน้าที่มาเข้ามาดู ประมาณ 5 ซม สามถึงสี่วัน,https://storage.googleapis.com/traffy_public_bucket/attachment/2026-09/27b0b9926e93f91c0f0eba2949a3caf0.jpeg
2026-HN2L27,finish,2026-09-28 08:40,2026-09-30 11:05,100.60052,13.72596,วัฒนา,พระโขนงเหนือ,น้ำท่วมขอกระสอบทราย เพราะเวลาฝนตกน้ำท่วมตลอดเลย ไม่ใช่แค่ครั้งนี้ทุกครั้ง ความสูงระดับสูงรถผ่านไปไม่ได้อะเวลารถวิ่งก็จะวิ่งแรงจนน้ำทะลักเข้าบ้านหนักสุดคือน้ำกระแทกประตูบ้านหลุด น้ำท่วมมาแล้วครั้งนี้ตั้งแต่วันศุกร์ ถ้าไม่ใช่ครั้งนี้ คือท่วมทุกครั้งที่ฝนตกห,https://storage.googleapis.com/traffy_public_bucket/attachment/2026-09/111ca730f6e0a5f4570b7af638db022b.jpeg
2026-D6CMLB,finish,2026-09-28 08:41,2026-09-30 10:13,100.60787,13.77442,วังทองหลาง,พลับพลา,ต้องการ ยกพื้นถนน ขึ้น ขอทำเอง โดยลาดยางได้มั้ยค่ะ ข้อเท้าค่ะ 3 วันแล้วค่ะ,https://storage.googleapis.com/traffy_public_bucket/attachment/2026-09/3b54e6c7713d9b51d1f66ea848cf96ec.jpeg
2026-BFPV4N,finish,2026-09-28 08:42,2026-09-29 16:42,100.6872,13.81119,คันนายาว,คันนายาว,ไม่มีหน่วยงานใดเข้ามาดูเลย เข้าวันที่ 3 แล้ว อาหารแห้งเริ่มขาดแคลนครับ ไปตามซุปเปอร์ฯหรือร้านสะดวกซื้อของก็ไม่ค่อยมีแล้ว #ขอกระสอบทราย/อื่นๆ,https://storage.googleapis.com/traffy_public_bucket/attachment/2026-09/688692803b1edb993fdf6660ed2c7da5.jpeg
2026-FDBVCY,forward,2026-09-28 08:42,2026-09-28 10:20,100.64317,13.79648,บึงกุ่ม,นวมินทร์,ทางเข้าออกซอยนวมินทร์ 85 น้ำท่วมขัง ความสูงระดับหน้าแข้ง น้ำท่วมมาแล้วน้อยกว่า 1 สัปดาห์,https://storage.googleapis.com/traffy_public_bucket/attachment/2026-09/95b0a9c0eae6e551184f99d97389de4b.jpeg
2026-JG76ZX,inprogress,2026-09-28 08:42,2026-09-28 08:48,100.71073,13.82857,คลองสามวา,บางชัน,น้ำท่วม ไม่มีรถสองแถว ไม่มีรถมอร์ไซร์รับจ้าง เข้าออก ไม่ได้ค่ะ ขอความช่วยเหลือให้มีรถรับส่งเข้าออกในซอยรามอินทรา117 ค่ะ ความสูงระดับตรงนี้ท่วมสูงเลยตาตุ่มค่ะ แต่ทางเข้าซอยท่วมเยอะค่ะ ไม่มีรถและไม่สามารถออกไปปากซอยได้เลย เลยไม่มีภาพถ่ายค่ะ น้ำท่วมมาแล้ว3 ว,https://storage.googleapis.com/traffy_public_bucket/attachment/2026-09/thumb_1817a2a02acfdcd29bc87052a4b7c667.jpg
2026-FAZTZW,inprogress,2026-09-28 08:43,2026-09-28 11:20,100.68036,13.70877,ประเวศ,ประเวศ,น้ำขังมา3วันแล้วเริ่มเน่า ขยะลอยเต็มเลยช่วยหน่อยครับ ความสูงระดับ50เซ็น น้ำท่วมมาแล้ว3วัน,https://storage.googleapis.com/traffy_public_bucket/attachment/2026-09/56a3b800ba570b612d0e1f1d51577291.jpeg
2026-J6BHCC,inprogress,2026-09-28 08:43,2026-09-28 11:45,100.72072,13.78491,มีนบุรี,มีนบุรี,อยากทราบว่า น้ำท่วมขังในซอยรามคำแหง174 อยู่ระหว่างการแก้ไขไหมครับ แล้วมีการดำเนินการอย่างไร คาดว่าจะเริ่มดีขึ้นเมื่อไหร่ เห็นระดับน้ำเท่าๆเดิมมาสองสามวันแล้วครับ ความสูงระดับหัวเข่า สองสามวันครับ,https://storage.googleapis.com/traffy_public_bucket/attachment/2026-09/2c6505d8b1ba19d8f684e698f363d7c3.jpeg
2026-NHP2F4,inprogress,2026-09-28 08:43,2026-09-28 08:59,100.69235,13.69261,ประเวศ,ดอกไม้,น้ำท่วมหมู่บ้านพนาสนธิ์วิลล่า10 ซอยเฉลิมพระเกียรติ48 แยก19 น้ำท่วม ระดับหัวเข่ามา4วัน แล้วระดับน้ำยังไม่ลดลงเลย ออกไปข้างนอกเพื่อซื้ออาหารไม่ได้เลย ความสูงระดับหัวเข่า น้ำท่วมมาแล้วน้อยกว่า 1 สัปดาห์,https://storage.googleapis.com/traffy_public_bucket/attachment/2026-09/f9f2f19d6b0931dab19906e693666fdf.jpeg
2026-A4BM2N,finish,2026-09-28 08:44,2026-10-05 09:47,100.49579,13.61877,ทุ่งครุ,ทุ่งครุ,หมู่บ้านเนเชอร่าแอนด์แกลเลอรี่ เรียบทางด่วนวงแหวนกาญจนาภิเษกด้านใต้ น้ำท่วม เข้าวันที่ 3 รถเข้าออกไม่ได้ค่ะ ความสูงระดับหน้าแข้ง น้ำท่วมมาแล้วน้อยกว่า 1 สัปดาห์,https://storage.googleapis.com/traffy_public_bucket/attachment/2026-09/b209458821e55ec25d9632ed2e217d40.jpeg
2026-F4KAP4,inprogress,2026-09-28 08:44,2026-09-28 08:58,100.70868,13.69463,ประเวศ,ดอกไม้,เนื่องจากเข้าห้องน้ำไม่ได้เลยมีความเดือนร้อนรอบบ้านน้ำล้อมรอบบ้านลึกเกินเข่า ความสูงระดับเกินเข่า น้ำท่วมมาแล้ว3วัน,https://storage.googleapis.com/traffy_public_bucket/attachment/2026-09/28c83e76c07db03b0a802d58baf75171.jpeg
2026-X8X79E,inprogress,2026-09-28 08:44,2026-09-30 10:38,100.59281,13.9465,ดอนเมือง,สีกัน,เทิดราชัน น้ำไม่ลด เลย ฝั่งปั๊มที่ปากคบองบ้านให ม่ ก็ใข้งานไม่ได้ ไม่มีการสูบน้ำเลย เดือดร้อนมาก ความสูงระดับครึ่งเข่า น้ำท่วมมาแล้ว3 วัน,https://storage.googleapis.com/traffy_public_bucket/attachment/2026-09/cfc8e9b544f3d9e58a83c6b03ce8b499.jpeg
2026-Z4GVT4,inprogress,2026-09-28 08:44,2026-09-28 08:58,100.67172,13.68212,ประเวศ,หนองบอน,ทางเข้าซอยเฉลิมพระเกียรติร.9 ซอย28 มีน้ำท่วมขังสูง แต่ที่อื่นรอบๆน้ำลงแล้ว ความสูงระดับหน้าแข้ง น้ำท่วมมาแล้วน้อยกว่า 1 สัปดาห์,https://storage.googleapis.com/traffy_public_bucket/attachment/2026-09/1f1c9eb36d09d034e1ab335fc141a5de.jpeg
2026-3386T4,inprogress,2026-09-28 08:45,2026-09-28 13:49,100.60091,13.87408,บางเขน,อนุสาวรีย์,น้ำท่วมหมู่บ้านอัมรินทร์1 วงเวียนบางเขน 3วันแล้ว ไม่ลดลงเลย ถนนข้างนอกหลายสายไม่ท่วมแล้วแต่ในหมู่บ้านยังลึก รถเข้าออกไม่ได้ ไม่มีรถขยะมารับขยะ ความสูงระดับหัวเข่า น้ำท่วมมาแล้วน้อยกว่า 1 สัปดาห์,https://storage.googleapis.com/traffy_public_bucket/attachment/2026-09/4236bae61083bb307fce5ac469d85504.jpeg
2026-AZXUL7,finish,2026-09-28 08:45,2026-09-30 10:39,100.38563,13.66245,บางบอน,บางบอนเหนือ,น้ำท่วมขังระดับ 15-20 ซม ถนนบางบอน 3 ซอย 8 เป็นเวลา 3 วันแล้ว รถเล็กสัญจรลำบาก บางคันเข้าออกไม่ได้ ความสูงระดับหน้าแข้ง น้ำท่วมมาแล้ว3 วัน,https://storage.googleapis.com/traffy_public_bucket/attachment/2026-09/13fbf5a28453bfde99aca577c19d6762.jpeg
2026-LHAXV6,forward,2026-09-28 08:45,2026-09-28 10:20,100.6512,13.78369,บึงกุ่ม,คลองกุ่ม,น้ำไม่ลดเลยค่ะฝนก็ตกลงมาตลอดคือตรงนี้ระดับอกแล้วมั้งช่วยระบายน้ำคลองแสนแสบหรือตักขยะที่ขวางทางน้ำออกที่เถอะจะอยู่ไม่ได้แล้วอย่างน้อยเส้นนวมินทร์มีเครื่องสูบน้ำมาช่วยหน่อยก็ยังดีนี่เหมือนจมอยู่ในคลองเลยสัตว์เลื้อยคลานก็เริ่มมาแล้วเร่งหน่อยเถอะในเมืองแห้งแล,https://storage.googleapis.com/traffy_public_bucket/attachment/2026-09/f6eea4b55f46c7c06662c82618e9fd09.jpeg
2026-R8JAJU,forward,2026-09-28 08:45,2026-09-28 20:04,100.36213,13.73107,หนองแขม,หนองค้างพลู,น้ำขังท่วม บริเวณจุดดังกล่าวที่แจ้งเห็นคนงานไล่น้ำทุกวันแต่ก็ก็ยังมีน้ำท่วมท่วมขังเหมือนจะเป็นพื้นที่ต่ำกว่าท่อทำให้รถมอเตอร์ไซต์ล้มหลายคัน อยากให้หาปูนหรือหาอะไรมาเทเพื่อให้น้ำไหลลงท่อได้สะดวกไม่ต้องมีน้ำขัง ความสูงระดับหลังเท้า น้ำท่วมมาแล้วตรงนี้ท่วมมา,https://storage.googleapis.com/traffy_public_bucket/attachment/2026-09/6c9eb0d165b65aa910b2fa044a55fdf0.jpeg
2026-39CUV6,inprogress,2026-09-28 08:46,2026-09-28 19:03,100.62742,13.78869,บางกะปิ,คลองจั่น,น้ำท่วมไม่สามารถออกจากบ้านไปทำงานได้ท่วมมาหลายวันแล้ว ความสูงระดับหัวเข่า น้ำท่วมมาแล้วน้อยกว่า 1 สัปดาห์,https://storage.googleapis.com/traffy_public_bucket/attachment/2026-09/a8cf9899cafcc36e1fefabc832d94b14.jpeg
2026-MXX76M,finish,2026-09-28 08:46,2026-09-28 14:34,100.68272,13.76972,สะพานสูง,สะพานสูง,ในซอยรามคำแหง118แยก46-10 ชุมชนเกาะดอน น้ำท่วมขังไม่มีการช่วยเหลือ บ้านชั้นเดียวไม่มีที่นอนแล้วค่ะ มีเด็กๆอีก3คน เสบียงที่ออกไปเดินหามาเมื่อวันที่26 ไกล้จะหมดแล้วค่ะ บ้านหลายๆหลังคนเรือนในชุมชนน้ำท่วมสูง น้ำไม่ลดลงเลยค่ะ เบื่องต้นอยากได้รับเสบียงมากค่ะ ควา,https://storage.googleapis.com/traffy_public_bucket/attachment/2026-09/5a1725d15e00bb173aa6c23ba282c6a9.jpeg
2026-UUKZ7C,inprogress,2026-09-28 08:46,2026-09-28 12:54,100.71326,13.81344,มีนบุรี,มีนบุรี,ปริมาณน้ำไม่ลดลง ไม่แน่ใจว่าท่อระบายน้ำในซอยอุดตันหรือไม่ สูงเลยเข่าไม่แต่ไม่ถึงเอว น้ำท่วมมาแล้วน้อยกว่า 1 สัปดาห์,https://storage.googleapis.com/traffy_public_bucket/attachment/2026-09/bf41e6375d2632d6293833ee339cfa63.jpeg
2026-F73GFW,inprogress,2026-09-28 08:47,2026-09-28 08:57,100.66364,13.72532,ประเวศ,ประเวศ,พัฒนาการ 65 น้ำไม่ลดเลย ไม่มีอาหารแจก ไม่มีหน่วยงานไหนดูแล จะช่วยจัดการยังไง เลยหัวเข่าก่อนถึงเอว เสาร์ อาทิตย์ ทั้งวัน,https://storage.googleapis.com/traffy_public_bucket/attachment/2026-09/8e59ddda30942251904780be0955a835.jpeg
2026-T2W2T4,forward,2026-09-28 08:47,2026-09-28 10:19,100.67083,13.79458,บึงกุ่ม,คลองกุ่ม,ต้องการให้เร่งสูบน้ำโดยด่วน หมูบ้านสหกรณ์ ท่วมมา 4 วันแล้ว (25-26-27-28 กันยายน) ท่วมแบบรถไม่สามารถเข้ามาได้ยกเว้นกระบะยกสูง ข้อมูลเพิ่มเติม https://www.facebook.com/share/19MVxDtC9p/?mibextid=wwXIfr 4/596 ซอย 25 และบ้านในซอยอีกหลายหลัง หมู่บ้านสหกรณ์,https://storage.googleapis.com/traffy_public_bucket/attachment/2026-09/6abcbf64ffff934cebb2729b72521e5c.jpeg
2026-D6D79E,inprogress,2026-09-28 08:48,2026-09-28 11:10,100.655,13.72522,ประเวศ,ประเวศ,น้ำขังสูงมาก ออกไปซื้อเสบียงไม่ได้ เครื่องสูบน้ำลงคลองไม่ทำงาน ความสูงระดับหัวเข่า น้ำท่วมมาแล้วน้อยกว่า 1 สัปดาห์,https://storage.googleapis.com/traffy_public_bucket/attachment/2026-09/72ed6580de5f51eca04bffb640eafad5.jpeg
2026-U8JLTZ,inprogress,2026-09-28 08:48,2026-09-28 14:36,100.64052,13.7264,สวนหลวง,สวนหลวง,น้ำท่วมขังสูงประมาณ 30 ซม. ภายในหมู่บ้านกลางเมือง (พระราม9-ศรีนครินทร์) ตั้งแต่คืนวันศุกร์ที่ 25 ก.ย. 69 ตอนนี้ยังไม่ลดเลยค่ะ ความสูงระดับหน้าแข้ง น้ำท่วมมาแล้วน้อยกว่า 1 สัปดาห์,https://storage.googleapis.com/traffy_public_bucket/attachment/2026-09/fdd5351af5357772516702e93ee22ad3.jpeg
2026-UX978J,inprogress,2026-09-28 08:48,2026-09-29 13:09,100.82253,13.77614,ลาดกระบัง,ลำปลาทิว,หมู่บ้านคาริเบียนโฮม ถนนฉลองกรุง แขวงลำปลาทิว เขตลาดกระบัง น้ำท่วมสูงในถนนเข้า-ออกหมู่บ้าน รถเก๋ง มอเตอร์ไซด์ ไม่สามารถผ่านได้ รถกระบะ รถ SUV ผ่านเกือบไม่ได้แล้ว คนในหมู่บ้านมีประมาณ 100 หลังคาเรือน ส่วนใหญ่เป็นผู้สูงอายุ ติดปัญหาน้ำท่วมสูงไม่สามารถออกไปห,https://storage.googleapis.com/traffy_public_bucket/attachment/2026-09/thumb_c6008f582d93e564f8ca42e700a4a513.jpg
2026-JAR7HA,forward,2026-09-28 08:49,2026-09-28 08:56,100.68711,13.66999,ประเวศ,ดอกไม้,น้ำในหมู่บ้านทุ่งเศรษฐี แขวงดอกไม้เขตประเวศน้ำท่วมสูงมากๆครับ สูงมากๆจนน้ำเข้าพื้นชั้นล่างเกือบทั้งหมู่บ้านยกเว้นบ้านที่ปลูกใหม่ยกพื้นสูงจน ตำรวจตัองปิดถนนห้ามรถวิ่งเข้าหมู่บ้านครับ ตั้งแต่คืนวันศุกร์ที่ 25 กย.ครับ,https://storage.googleapis.com/traffy_public_bucket/attachment/2026-09/ce96c225583c00da222a9b3c23e55905.jpeg
2026-VE8Z2X,finish,2026-09-28 08:50,2026-10-03 20:18,100.62749,13.78332,วังทองหลาง,คลองเจ้าคุณสิงห์,แจ้งเหตุน้ำท่วมของลาดพร้าว 101 แยก 17 หมู่บ้านอยู่เจริญ มีน้ำท่วมขังระดับเข่ามาตั้งแต่วันศุกร์ที่ 25/09/2569 จนถึงวันนี้ ระดับน้ำยังไม่ลดลง ขอหน่วยงานที่เกี่ยวข้องเร่งเข้าช่วยเหลือ โดยเร่งการระบายน้ำออก ช่วยกั้นทางน้ำเข้า และส่งเครื่องสูบน้ำด้วยค่ะ ความสู,https://storage.googleapis.com/traffy_public_bucket/attachment/2026-09/a5d54f990c6936cb941048df3c807757.jpeg
2026-8WZG9G,inprogress,2026-09-28 08:51,2026-09-28 08:55,100.65828,13.73222,ประเวศ,ประเวศ,สวนหลวงพัฒนาการเป็นที่ประสบภัยตั้งแต่วันที่ 25 นี่วันที่ 4 น้ำสูงแทบทั้งเส้น ปริมาณน้ำไม่ลดเลย มีฝนตกเพิ่มด้วยซ้ำ คืออยากทราบแผนการสูบน้ำค่ะว่าจะลดเมื่อไหร่ ประกาศเป็นพื้นที่ประสบภัยที่แรกๆแต่ไม่เห็นมีหน่วยงายไหนมาทำอะไรเลย ไม่คิดว่ามันวิกฤตหรือต้องรอให้ท,https://storage.googleapis.com/traffy_public_bucket/attachment/2026-09/369d3048e7ce50f439028760ab68a994.jpeg
2026-PFRF6X,inprogress,2026-09-28 08:51,2026-09-28 08:56,100.688,13.69664,ประเวศ,ดอกไม้,น้ำท่วมที่เฉลิมพระเกียรติ ร.9 ซอย 48 ซึ่งจากที่ฝนตกติดต่อหลายวัน ตอนนี้น้ำไม่ลดลงเลย ความสูงระดับเอว น้ำท่วมมาแล้วน้อยกว่า 1 สัปดาห์,https://storage.googleapis.com/traffy_public_bucket/attachment/2026-09/0d0c1c151b46ddda274a73f23a09ed0f.jpeg
2026-7GEDG7,inprogress,2026-09-28 08:52,2026-09-28 09:06,100.79624,13.7931,หนองจอก,ลำผักชี,น้ำท่วมขึ้นอย่างต่อเนื่อง ท่วมสูงขึ้นมากและเริ่มมีกลิ่นเหม็น ต้องการเครื่องสูบพญานาคและคั้นกันดินไม่ให้น้ำในคลองล้นมากกว่านี้ ความสูงระดับเอว น้ำท่วมมาแล้วน้อยกว่า 1 สัปดาห์,https://storage.googleapis.com/traffy_public_bucket/attachment/2026-09/bf105fdebe86eb1bfcc8fea7c5d2ac3b.jpeg
2026-9E7UR8,inprogress,2026-09-28 08:52,2026-09-28 08:54,100.68519,13.6783,ประเวศ,ดอกไม้,น้ำท่วมในหมู่บ้านสวนหลวงวิลล์ 1 ทำให้เข้า-ออกไม่ได้ค่ะ รบกวนทางกทม ช่วยเข้ามาแก้ไขหรือสูบน้ำออกจากพื้นที่ตรงนี้หน่อยค่ะ เห็นว่าหลายพื้นที่ได้รับการแก้ไขแล้ว แต่ตรงนี้ยังน้ำยังไม่ลดลงเลยค่ะ รวมถึงซอยเฉลิมพระเกียรติ 28 ด้วยนะคะ ขอบคุณค่ะ ความสูงระดับเกินครึ,https://storage.googleapis.com/traffy_public_bucket/attachment/2026-09/f9f76ae26cd13457e2c1b7444ae4cca7.jpeg
2026-GH3B3E,forward,2026-09-28 08:52,2026-09-28 13:34,100.64221,13.71946,สวนหลวง,สวนหลวง,น้ำท่วมสูง รถวิ่งได้แค่เลนขวา ถ.ศรีนครินทร์ ระหว่างแยกพัฒนาการและแยกอ่อนนุช ความสูงระดับหัวเข่า น้ำท่วมมาแล้วน้อยกว่า 1 สัปดาห์,https://storage.googleapis.com/traffy_public_bucket/attachment/2026-09/373c020a2354d8d75b4d11e6aa8ffd89.jpeg
2026-TBTAZB,inprogress,2026-09-28 08:52,2026-09-28 10:45,100.6961,13.8675,คลองสามวา,สามวาตะวันตก,น้ำท่วมขังไม่มีหน่วยงานเข้ามาช่วยเหลือ ความสูงระดับหัวเข่า น้ำท่วมมาแล้วน้อยกว่า 1 สัปดาห์,https://storage.googleapis.com/traffy_public_bucket/attachment/2026-09/f9dcc8ce555193ddb3211558bda43031.jpeg
2026-Y7FAVD,forward,2026-09-28 08:52,2026-09-28 10:19,100.65721,13.77255,บึงกุ่ม,คลองกุ่ม,น้ำท่วมสูงเกินเอวมาตั้งแต่วันเสาร์ จนวันนี้จันทร์แล้ว น้ำยังไม่ลงเลยค่ะ ล่าสุดน้ำเป็นสีดำแล้วมีกลิ่นเหม็นมาก ท้ายซอยยิ่งสูงกว่านี้เพราะติดคลอง ในซอยต่ำกว่าพื้นถนนเยอะ อยากให้มาเร่งระบายน้ำที ความสูงระดับประมาณ 110 ซม. เลยเอวขึ้นมา แต่ไม่ถึงหน้าอก น้ำท่วมม,https://storage.googleapis.com/traffy_public_bucket/attachment/2026-09/06a38ea28a70880efc29216af9afaab7.jpeg
2026-HGTBVC,finish,2026-09-28 08:54,2026-09-29 15:42,100.55228,13.87294,หลักสี่,ทุ่งสองห้อง,เมื่อไหร่จะระบายน้ำในประชาชื่น12 ความสูงระดับหัวเข่า น้ำท่วมมาแล้วน้อยกว่า 1 สัปดาห์,https://storage.googleapis.com/traffy_public_bucket/attachment/2026-09/thumb_20ac07488b985b5bddbd1cf27f8e752f.jpg
2026-HJGH4X,finish,2026-09-28 08:54,2026-10-02 09:32,100.58003,13.84199,จตุจักร,เสนานิคม,หมู่บ้านอยู่เจริญ ซอย พหลโยธิน 40 เขตจตุจักร น้ำยังคงท่วมขังสูง สูงประมาณ 40-50 ซม ครับ ไม่มีทีท่าว่าจะลดลง สันนิษฐานว่าทางคลองบางบัวไม่ได้ระบายน้ำออกครับ เพราะถนนด้านนอก (พหลโยธิน) ยังคงท่วมขังสูงเช่นกัน รบกวนทาง กทม ช่วยเร่งดำเนินการให้ด้วยครับ เนื่องจา,https://storage.googleapis.com/traffy_public_bucket/attachment/2026-09/578a16035e92e0dce2319ff1fbdcb53e.jpeg
2026-LKNDZX,finish,2026-09-28 08:55,2026-10-05 09:45,100.48078,13.62246,ทุ่งครุ,ทุ่งครุ,แจ้งรูปเพิ่มรหัสงาน 2026-A4BM2N ความสูงระดับหน้าแข้ง น้ำท่วมมาแล้วน้อยกว่า 1 สัปดาห์,https://storage.googleapis.com/traffy_public_bucket/attachment/2026-09/902b6803c9539a2a4a07143cacdf2816.jpeg
2026-NTJCTJ,inprogress,2026-09-28 08:56,2026-09-28 19:03,100.64115,13.7849,บางกะปิ,คลองจั่น,แฮปปี้แลนด์ น้ำไม่ลดเลย 80 cm น้ำท่วมมาแล้วน้อยกว่า 1 สัปดาห์,https://storage.googleapis.com/traffy_public_bucket/attachment/2026-09/2975f4c8fcf4704cfc2247cac369af6c.jpeg
2026-UPT64F,finish,2026-09-28 08:56,2026-10-02 10:01,100.64916,13.76905,บางกะปิ,คลองจั่น,ขอน้ำใช้ #ขอกระสอบทราย/อื่นๆ,https://storage.googleapis.com/traffy_public_bucket/attachment/2026-09/eb422fc3b359b1db121f1cf934bd71e1.jpeg
2026-GTM2V7,inprogress,2026-09-28 08:57,2026-09-28 19:05,100.66245,13.74103,บางกะปิ,หัวหมาก,หมู่บ้านพาทิโอ ศรีนครินทร์-พระราม9 ถนนกรุงเทพกรีฑา. น้ำท่วมสูงตรงทางเข้าสนามกอล์ฟ และในหมู่บ้านรบกวนช่วยมาสูบน้ำออกให้หน่อยนะคะ น้ำท่วมขังเริ่มเปลี่ยนสีคะ ความสูงระดับตรงทางเข้า สนามกอล์ฟ ท่วมถึงเอว. ในหมู่บ้าน เมื่อคืนฝนตก มีน้ําเพิ่มสูง ประมาณเลยหัวเข่า,https://storage.googleapis.com/traffy_public_bucket/attachment/2026-09/34209a2ede5f10446ca06e49c538a3df.jpeg
2026-ZTUK6M,forward,2026-09-28 08:57,2026-09-28 10:19,100.65529,13.79578,บึงกุ่ม,คลองกุ่ม,ถนนนวมินทร์และย่านซอยนวมินทร์ 40 น้ำไม่ลงเลยมา 3 วันแล้ว ระดับน้ำในคลองสูง ไม่มีที่ระบายน้ำ เสนอให้เปิดประตูระบายน้ำคลอง เนื่องจากเช้านี้เห็นว่าตรงแยกคลองตันน้ำลดลงรถแล่นได้แล้ว แสดงว่าคลองแสนแสบระบายน้ำได้แล้ว ความสูงระดับหัวเข่า น้ำท่วมมาแล้วน้อยกว่า 1 ,https://storage.googleapis.com/traffy_public_bucket/attachment/2026-09/d7612dd7cf7ee24e160b13510220b294.jpeg
2026-HJ7X6A,inprogress,2026-09-28 08:58,2026-09-28 09:09,100.66454,13.81315,คันนายาว,รามอินทรา,น้ำท่วมขังภายในบ้าน เกิดความเสียหาย ความสูงระดับในบ้านถึงเข่าข้างล่างทั้งหมด น้ำท่วมมาแล้วน้อยกว่า 1 สัปดาห์,https://storage.googleapis.com/traffy_public_bucket/attachment/2026-09/57eb3b3915ebd020e319960e62f95461.jpeg
2026-BWRGZD,irrelevant,2026-09-28 09:00,2026-09-28 14:42,100.62277,13.72598,สวนหลวง,สวนหลวง,ไม่แสดงรายละเอียด,https://storage.googleapis.com/traffy_public_bucket/TeamChadChart/fondue_photo.png
2026-24J7ED,inprogress,2026-09-28 09:01,2026-09-28 11:47,100.60417,13.87014,บางเขน,อนุสาวรีย์,ในซอยรามอินทรา 5 น้ำรอการระบาย ยังสูงรถเล็กออกไม่ได้ค่ะ ยังขับรถออกไปไม่ได้ค่ะไม่ทราบว่าหน้าปากซอยสูงเท่าไหร่ แต่ดูจากข้อมูล น่าจะ 15-20 cm,https://storage.googleapis.com/traffy_public_bucket/attachment/2026-09/3a9fd46feb73015b69e43caa5dd027b2.jpeg
2026-329J6R,forward,2026-09-28 09:01,2026-09-28 10:18,100.6366,13.84351,บึงกุ่ม,นวลจันทร์,รบกวนให้ทางกทม. ช่วยระบายน้ำในคลองบางขวดให้ด้วยครับเนื่องจากน้ำในหมู่บ้านไม่สามารถจะดูดออกไปได้เนื่องจากมีระดับเดียวกับคลอง ความสูงระดับหัวเข่า 4วันแล้วครับ,https://storage.googleapis.com/traffy_public_bucket/attachment/2026-09/8f2063e7d060168751a5d370e616b8b2.jpeg
2026-CHBDT7,inprogress,2026-09-28 09:01,2026-09-28 09:05,100.6868,13.75432,สะพานสูง,สะพานสูง,ฝากไปดูเส้นรามคำแหงช่วงสุขาภิบาล 3 เป็นต้นไปหน่อยค่ะ เหมือนถูกลืมมากๆ ท่วมหนักเหมือนกัน โดยเฉพาะรามคำแหง 118 มีสำนักเขตสะพานสูงอยู่แท้ๆ เป็นซอยหลักเวลาต้องเชื่อมกับมอเตอร์เวย์อีก แต่น้ำไม่ลดเลยมีแต่เพิ่ม อาหารก็ไม่มีแจก ต้องช่วยเหลือกันเอง **น้ำเข้าแทบทุก,https://storage.googleapis.com/traffy_public_bucket/attachment/2026-09/5e954b407ab4fed89f5aed140889af64.jpeg
2026-AUYR94,inprogress,2026-09-28 09:02,2026-09-28 11:11,100.65716,13.72715,ประเวศ,ประเวศ,ถนนพัฒนาการ 63 65 น้ำท่วมหนัก ยังไม่ลดเลยค่ะ มีผู้สูงอายุอยู่ด้านในไม่สามารถออกมาได้ และอาหารหมดแล้ว ทางกทม สามารถช่วยเหลือได้มั้ยคะ จาการสอบถามนิติหมู่บ้าน คือเค้าต้องการเครื่องสูบน้ำเพื่อ สูบน้ำให้ออกไปบ้างค่ะ เอวค่ะ หน้าปากซอย วันที่ 3 แล้วค่ะ,https://storage.googleapis.com/traffy_public_bucket/attachment/2026-09/thumb_b56a2c2a9586d063d24ddf6cd6d82e87.jpg
2026-JYWF3Z,inprogress,2026-09-28 09:02,2026-09-28 09:05,100.67335,13.77053,สะพานสูง,สะพานสูง,น้ำท่วมในซอยรามคำแหง102 น้ำไม่มีลดลงเลย น้ำท่วมเต็มพื้นที่ชั้นล่างหมดแล้ว อยากให้หน่วยงานเข้ามาช่วยสูบน้ำออก #fonduereport,https://storage.googleapis.com/traffy_public_bucket/attachment/2026-09/831a338f4c6f1c8b98f37ec8cfaf3c8c.jpg
2026-M26VB2,inprogress,2026-09-28 09:02,2026-09-28 10:48,100.71273,13.82652,คลองสามวา,บางชัน,ซอยรามอินทรา 117 เดินทางเข้าออกไม่ได้ครับ น้ำท่วมตลอดเส้นทาง ฝนหยุดแล้วแต่น้ำยังไม่ลดครับ ความสูงระดับหน้าแข้ง ตั้งแต่ 26 ครับ,https://storage.googleapis.com/traffy_public_bucket/attachment/2026-09/af0fc97325a1d170150abc1e84fd21f3.jpeg
2026-7MW9JP,forward,2026-09-28 09:03,2026-09-28 11:45,100.7301,13.82434,มีนบุรี,มีนบุรี,คลองสามวา เดือดร้อนหนักชาวบ้านห้องต้ำตันแล้ว เมื่อไหร่จะระบายน้ำได้ ความสูงระดับสูงกว่าเอว น้ำท่วมมาแล้วน้อยกว่า 1 สัปดาห์,https://storage.googleapis.com/traffy_public_bucket/attachment/2026-09/b30694186828230434eca30cef178626.jpeg
2026-N22XND,forward,2026-09-28 09:03,2026-09-28 10:55,100.65758,13.90302,สายไหม,ออเงิน,ถนนเพิ่มสิน วัชรพล น้ำไม่ลดมา 3 วันแล้ว ทำไมจุดอื่นลดแต่จุดนี้ลดไม่ได้ ความสูงระดับหัวเข่า น้ำเริ่มเน่าแล้วคันเท้ามาก,https://storage.googleapis.com/traffy_public_bucket/attachment/2026-09/e431ff9add885e20eff7b7c56c095f9d.jpeg
2026-RR6ZDX,inprogress,2026-09-28 09:03,2026-09-28 09:09,100.68178,13.81049,คันนายาว,คันนายาว,น้ำท่วมขังหลายวัน อยากให้มาสำรวจและระบายน้ำท่วมขังออกค่ะ ความสูงระดับ50 เซนต์ค่ะ น้ำท่วมมาแล้ว3 วัน,https://storage.googleapis.com/traffy_public_bucket/attachment/2026-09/8fb44d57502c30cb9f8bbd215a2071ff.jpeg
2026-WRMC3L,forward,2026-09-28 09:03,2026-09-28 10:55,100.65758,13.90302,สายไหม,ออเงิน,ถนนเพิ่มสิน วัชรพล น้ำไม่ลดมา 3 วันแล้ว ทำไมจุดอื่นลดแต่จุดนี้ลดไม่ได้ ความสูงระดับหัวเข่า น้ำท่วมมาแล้วน้อยกว่า 1 สัปดาห์,https://storage.googleapis.com/traffy_public_bucket/attachment/2026-09/552be72b4a8eaf48543ef206fc65224d.jpeg
2026-B7U2FE,inprogress,2026-09-28 09:04,2026-09-28 10:21,100.68296,13.68176,ประเวศ,ดอกไม้,น่ำท่วมมา3 วันไม่มีลด และไม่มีหน่วยงานเข้ามาดู น้ำขังลึก บางจัดถึงเอว ซอย30 ฤกษ์ดี1 แยก14-4 และทางโดยรอบเข้ายาก ความสูงระดับจุดด้านหน้าซอย มีเอวในช่วงลึกค่ะ และเข้าซอยมามีระดับเข่า ไล่ตามสโลป น้ำท่วมมาแล้วในซอยมีบ้านคนเยอะ มีหอพัก คนอยู่หลายร้อยเลยค่ะ และ,https://storage.googleapis.com/traffy_public_bucket/attachment/2026-09/051f9d7259005d1e2dbe0765daf3f458.jpeg
2026-3C8JPL,inprogress,2026-09-28 09:05,2026-09-28 19:06,100.66559,13.76899,บางกะปิ,หัวหมาก,ขอเครื่องสูบน้ำมาช่วยระบายน้ำจากในซอยราม 78 ด้วย ด่วน บ้านกำลังจะจมน้ำกันหมดแล้ว ในขณะที่ถนนใหญ่แห้ง คาดเดาว่าเกิดจากการปรับปรุงถนนและท่อระบายน้ำที่ไม่ได้การต่อท่อที่ท่อใหญ่ รบกวนส่งเจ้าหน้าที่มาดูด่วน ความสูงระดับเอว น้ำท่วมมาแล้ว3 วัน,https://storage.googleapis.com/traffy_public_bucket/attachment/2026-09/b224b0d0bbd6cd3597e94beafd265634.jpeg
2026-JFNCH9,forward,2026-09-28 09:05,2026-09-28 10:20,100.65423,13.69568,ประเวศ,หนองบอน,ช่วยดูระดับน้ำ บึงหนองบอน เหมือนว่าขารับน้ำ ไม่มีน้ำเข้ามาลงบึงเท่าที่ควร ทำให้ระดับน้ำในคลองประเวศ และพื้นที่ด้านเหนือไม่ลดลงเลย ควรหาวิธีผันน้ำมาลงบึงก่อนมั้ยคะ ความสูงระดับเหนือบึง ระดับน้ำ > 0.6 m แต่ในบึง -4.2 m. วันก่อน -3 m แสดงว่าน้ำไม่เข้าบึง บ,https://storage.googleapis.com/traffy_public_bucket/attachment/2026-09/4549339cdc05d8d93edc5c04a4b1c7d8.jpeg
2026-44979F,forward,2026-09-28 09:06,2026-09-28 10:21,100.70267,13.72133,ประเวศ,ประเวศ,น้ำท่วมสูงที่ถนน ตรงจุดที่แชร์ไปค่ะ ความสูงระดับหน้าแข้ง น้ำท่วมมาแล้วน้อยกว่า 1 สัปดาห์,https://storage.googleapis.com/traffy_public_bucket/attachment/2026-09/486cd738fee20748aa84ba9ff18369eb.jpeg
2026-CX96WR,finish,2026-09-28 09:06,2026-09-28 15:46,100.70864,13.6967,ประเวศ,ประเวศ,น้ำท่วมขังในบ้านและนอกบ้านในระดับที่สูง ถึงน่อง ไม่มีการระบายน้ำสักนิด น้ำขังคงที่มา3วัน วอนช่วยมาดูแล ชุมชน 14 ไร่ ด้วย ความสูงระดับหัวเข่า น้ำท่วมมาแล้วน้อยกว่า 1 สัปดาห์,https://storage.googleapis.com/traffy_public_bucket/attachment/2026-09/b0a4f5fc213b963616281778dbc251fc.jpeg
2026-CBRLRZ,inprogress,2026-09-28 09:07,2026-09-28 11:09,100.69664,13.7272,ประเวศ,ประเวศ,วันที่ 28/9/2569 เวลา 09.00 ประชาชนไม่สามารถเดินทางออกไปทำงานได้ เป็นเอกชน เนื่อง นัำท่วมขัง ปรืมาณน้ำไม่ลดลง บนถนนเฉลิมพระเกียรติ ร.9 ซอย 87 น้ำท่วมสูง 70 เซ็นติเมตร และน้ำขังเริ่มเน่า ส่งกลิ่นเหม็นแล้ว ผ่านมา 96 ชั่วโมง หรือเข้าวันที่ 4 แต่หน่วยงานรัฐ ไ,https://storage.googleapis.com/traffy_public_bucket/attachment/2026-09/47a094cfb20b761471c10105a0d8fe47.jpeg
2026-AZPVEZ,inprogress,2026-09-28 09:08,2026-09-28 11:10,100.6897,13.66812,ประเวศ,ดอกไม้,ซอยทุ่งเศรษฐี แยก24 แถวมหาวิทยาลัยรามคำแหง2 น้ำท่วมเข้าวันที่3 น้ำไม่เพิ่ม แต่ไม่ลดเลยค่ะ ตอนนี้ไม่สามารถนำรถออกมาขับได้ค่ะ ความสูงระดับหัวเข่าค่ะ น้ำท่วมมาแล้วเข้าวันที่3 เช้านี้ค่ะ,https://storage.googleapis.com/traffy_public_bucket/attachment/2026-09/e87482a60950e6a9c0ac59fd9ac21c40.jpeg
2026-LFKE73,inprogress,2026-09-28 09:08,2026-09-28 14:29,100.63106,13.74601,สวนหลวง,สวนหลวง,ระดับน้ำไม่ลดเลย พระรามเก้า 49 แยก5 ในซอย ความสูงระดับหน้าแข้ง น้ำท่วมมาแล้วน้อยกว่า 1 สัปดาห์,https://storage.googleapis.com/traffy_public_bucket/attachment/2026-09/4c7ad161ec983e3ac9f1ea45a2b3b44d.jpeg
2026-WHE26N,forward,2026-09-28 09:08,2026-09-28 10:54,100.66057,13.8898,สายไหม,ออเงิน,มีปัญหาน้ำที่ท่วมขังส่งผลให้ชักโครกไม่ได้มาหลายวันและน้ำที่ท่วมขังเปลี่ยนสีและเน่า หากพื้นที่ข้างเคียงเริ่มลดระดับลงแล้วขอความกรุณาช่วยสูบน้ำหรือจัดเครื่องสูบน้ำออกจากบริเวณค่ะ 15-30 ซม. น้ำท่วมมาแล้วน้อยกว่า 1 สัปดาห์,https://storage.googleapis.com/traffy_public_bucket/attachment/2026-09/5c867d8af89b31a25290bf76988fdd9f.jpeg
2026-7H6949,inprogress,2026-09-28 09:09,2026-09-28 11:40,100.67096,13.86796,บางเขน,ท่าแร้ง,ซอยคู้บอน 27 แยก 56 (ซอย 2/1 สุดซอย) น้ำท่วมตั้งแต่วันเสาร์ และน้ำได้ท่วมเข้ามาในชั้น 1 และไม่มีทีท่าว่าน้ำจะลง ความสูงระดับหัวเข่า น้ำท่วมมาแล้วน้อยกว่า 1 สัปดาห์,https://storage.googleapis.com/traffy_public_bucket/attachment/2026-09/4aed9f153f833222536ebe6244f5a13f.jpeg
2026-CAPZ89,inprogress,2026-09-28 09:09,2026-09-28 11:27,100.6607,13.73136,ประเวศ,ประเวศ,น้ำท่วมเยอะมาก ไม่ลด และเริ่มมีกลิ่นเน่ามากในซอยพัฒนาการ 61 เขต ประเวศ ไม่มีหน่วยงานราชการไหนมาช่วยเหลือ รบกวนรีบมาระบายน้ำจากคลองประเวศ และคลองบ้านม้าลงไปทะเลด่วนด้วย อย่ามัวแต่ช่วยคนในเมือง และไม่สนใจคนอยู่ชานเมือง ควรจะช่วยพร้อมกันทั้งในเมืองและนอกเมือ,https://storage.googleapis.com/traffy_public_bucket/attachment/2026-09/fbd940f3124c94865f6c76dce188bf6b.jpeg
2026-J8LMCF,inprogress,2026-09-28 09:09,2026-09-28 09:10,100.79376,13.90799,หนองจอก,คลองสิบ,บ้านน้ำท่วมยังไม่มีเจ้าหน้าที่เข้ามาดูแลเพราะที่บ้านหน้าบ้านติดคลอง น้ำสูงประมาณ5-10 ซม 3-4วัน,https://storage.googleapis.com/traffy_public_bucket/attachment/2026-09/041237154eeb30dc3ee8c7b0faa9c327.jpeg
2026-K7V8MY,forward,2026-09-28 09:09,2026-09-28 09:52,100.58203,13.84633,จตุจักร,เสนานิคม,ช่วยระบายน้ำด้านพหลโยธินด้วยค่ะ ความสูงระดับหน้าแข้ง มากกว่า 3 วัน,https://storage.googleapis.com/traffy_public_bucket/attachment/2026-09/e50628d65808e8377ed7daf73f8066ce.jpeg
2026-UV9RY4,inprogress,2026-09-28 09:09,2026-09-28 10:19,100.70054,13.78196,สะพานสูง,สะพานสูง,หมู่บ้านธารารมณ์ รามคำแหง150 ไพรเวทโซน ท่วมมานาน ไม่มีหน่วยงานไหนมาดูแล ความสูงระดับหัวเข่า น้ำท่วมมาแล้วน้อยกว่า 1 สัปดาห์,https://storage.googleapis.com/traffy_public_bucket/attachment/2026-09/98543cf7c1a6d238a2e69f4d5f1a10ae.jpeg
2026-BK8CCG,inprogress,2026-09-28 09:10,2026-09-28 10:45,100.51638,13.64931,ทุ่งครุ,บางมด,เรียน ท่านผวก.ชัชชาติ สิทธิพันธุ์ เรื่องน้ำท่วมเข้าบ้านครึ่งเมตรเฟอร์นิเจอร์ไม้เสียหายทั้งหมด ผลสืบเนื่องจากการทำท่อระบายน้ำใหม่กับการเชื่อมต่อ ระบายน้ำเก่าในซอยที่ผิดมาตรฐานการทำงาน ชี้แจงและให้แก้ไข 4 ครั้ง ฝนตกตลอดตั้งแต่ วันที่ 23.9.69ถึง 25.9.69 บ้,https://storage.googleapis.com/traffy_public_bucket/attachment/2026-09/dbde000b54f5d5d28f4ee8de005c2218.jpeg
2026-REEAWY,forward,2026-09-28 09:10,2026-09-28 13:34,100.64379,13.73707,สวนหลวง,สวนหลวง,แยกพัฒนาการน้ำท่วมมากค่ะ อยากให้เร่งสูบน้ำบริเวณนี้หน่อย รถไม่สามารถไปได้เลยค่ะ ความสูงระดับหัวเข่า น้ำท่วมมาแล้วน้อยกว่า 1 สัปดาห์,https://storage.googleapis.com/traffy_public_bucket/attachment/2026-09/4163bcbd95ec3756f406862e4dd2f089.jpeg
2026-3KCG93,inprogress,2026-09-28 09:11,2026-09-28 10:50,100.697,13.83636,คลองสามวา,บางชัน,รามอินทรา 109 ซอยพระยาสุเรนทร์ทั้งซอย น้ำไม่ลดลงเลยค่ะ ทั้งๆที่ฝนลดแล้ว เหมือนน้ำมันไม่มีทางออก โดยเฉพาะตรงที่ทำสะพานลำกะโหลกน้ำลึกมาก ฝากเข้ามาดูเรื่องการระบายน้ำได้ไหมคะ ความสูงระดับตรงที่ทำสะพานประมาณ40-50เซนค่ะ (อันนี้มีคนวัดล่าสุดเมื่อ 19.00 เมื่อคืน,https://storage.googleapis.com/traffy_public_bucket/attachment/2026-09/15f651ca80ae99e34ba468174a52c33e.jpeg
2026-RKC9XC,inprogress,2026-09-28 09:11,2026-09-28 11:15,100.67985,13.73101,ประเวศ,ประเวศ,น้ำทางเข้าหมู่บ้านและในซอยออ่นนุช65ไม่ลดลงซักที่ทั้งที่ฝนหยุดตกแล้วไม่สามารถออกไปซื้ออาหารและทำงานได้รถเล็กก็เข้ามาไม่ได้อยากให้สูบน้ำจะำด้ลดลง ความสูงระดับเอว น้ำท่วมมาแล้ว3วันแล้วคะ,https://storage.googleapis.com/traffy_public_bucket/attachment/2026-09/thumb_27224a7ddcef321feadc01c666c24424.jpg
2026-GXX3AJ,inprogress,2026-09-28 09:12,2026-09-28 11:54,100.68667,13.7656,สะพานสูง,สะพานสูง,นำ้ท่วมบ้านค่ะเข้ามาในบ้าน ความสูงระดับในบ้านประมาณขัอเท้าบนค่ะ น้ำท่วมมาแล้ว3วันค่ะ,https://storage.googleapis.com/traffy_public_bucket/attachment/2026-09/f72959543b3b269066ddfcbd586e0d02.jpeg
2026-XEWDDZ,finish,2026-09-28 09:12,2026-10-02 09:31,100.57999,13.84202,จตุจักร,เสนานิคม,ตอนนี้น้ำในซอยพหลโยธิน 40 หมู่บ้านอยู่เจริญ น้ำไม่ลดลงเลยค่ะ น้ำสูงระดับเข่ามาหลายวันแล้ว เริ่มส่งกลิ่น ไม่สามารถเคลื่อนย้ายีถได้เพราะเป็นรถเล็กค่ะ และออกไปไหนไม่ได้เลย น้ำเข้าบ้านกันหลายหลัง ลำบ่กมาก ไม่มีหน่วยงานเข้ามาจัดการช่วนเหลือเลย อยากให้ช่วยระบาย,https://storage.googleapis.com/traffy_public_bucket/attachment/2026-09/3d9dde4d1cf667a3de7902acf3dfa621.jpeg
2026-L4UECV,forward,2026-09-28 09:13,2026-09-28 10:54,100.66538,13.88616,สายไหม,ออเงิน,น้ำท่วมขังหลายวัน น้ำเน่าดำ ระดับก้น ต้องลุยเข้าออกไปดูบ้าน ความสูงระดับเอว น้ำท่วมมาแล้วน้อยกว่า 1 สัปดาห์,https://storage.googleapis.com/traffy_public_bucket/attachment/2026-09/dd23a2695c8841ac6ad36e37c6359d17.jpeg
2026-PUARWF,inprogress,2026-09-28 09:13,2026-09-28 11:43,100.63606,13.87997,บางเขน,ท่าแร้ง,เลขที่ 33 ซอย รามอินทรา 5 แยก 52 แขวงท่าแร้ง มีน้ำท่วมขังสูง น้ำไม่ไปไหนเลย อยากให้มาช่วยเหลือมาสูบออกไปหน่อยค่ะ ออกจากบ้านไม่ได้ และเสบียงอาหารเริ่มน้อยลงแล้วค่ะ ความสูงระดับหน้าแข้ง น้ำท่วมมาแล้วน้อยกว่า 1 สัปดาห์,https://storage.googleapis.com/traffy_public_bucket/attachment/2026-09/thumb_223249dffcf7a8ec77113830b9990827.jpg
2026-R87HHU,inprogress,2026-09-28 09:13,2026-09-28 14:13,100.63105,13.74602,สวนหลวง,สวนหลวง,ขอน้ำดื่ม อาหาร รองเท้าบูท ผ้าปิดแผลกันน้ำ ยาน้ำกัดเท้า #ขอกระสอบทราย/อื่นๆ,https://storage.googleapis.com/traffy_public_bucket/attachment/2026-09/0876f0cab52d435b34dc93103b3e78df.jpeg
2026-34JADJ,inprogress,2026-09-28 09:14,2026-09-28 11:28,100.72472,13.7922,มีนบุรี,มีนบุรี,น้ำท่วมขังช่วงกลางและท้ายซอยรามคำแหง 180 ความสูงระดับหน้าแข้ง น้ำท่วมมาแล้วน้อยกว่า 1 สัปดาห์,https://storage.googleapis.com/traffy_public_bucket/attachment/2026-09/a35569c37ab6e201ce6ddb0d9e677575.jpeg
2026-FFL2EM,inprogress,2026-09-28 09:14,2026-09-28 11:12,100.67265,13.73253,ประเวศ,ประเวศ,น้ำท่วมบ้านจะขึ้นชั้นสอง แล้วคะออกไปไหนไม่ได้ รถก็ย้ายไม่ได้ อาหารก็ไม่มีกิน พัฒนาการ 65 โซน 1 รบกวนด้วยคะ ที่อื่นเค้าลดกันแล้วที่นี่ไม่มีลด มีแต่จะเพิ่ม ไม่มีลดสักนิดเลยที่อื่นเค้าลดกันหมดแล้ว พัฒนาการ 65 มีหน่วยงานไหนช่วยบ้างมั้ยคะ น้ำไม่ลดลงสักนิดเดียว,https://storage.googleapis.com/traffy_public_bucket/attachment/2026-09/4a605c4297b91f7411baa0ce8ff596f6.jpeg
2026-TUKKAA,inprogress,2026-09-28 09:14,2026-09-28 10:48,100.71287,13.90205,คลองสามวา,สามวาตะวันตก,น้ำท่วมขังในหมู่บ้าน อยากให้ช่วยนำเครื่องสูบน้ำมาลงที่หน้าหมู่บ้านหน่อยค่ะ ความสูงระดับหน้าแข้ง น้ำท่วมมาแล้วน้อยกว่า 1 สัปดาห์,https://storage.googleapis.com/traffy_public_bucket/attachment/2026-09/bbba54aee5c83145313897bf445c8877.jpeg
2026-J64YHX,finish,2026-09-28 09:15,2026-09-30 14:02,100.6055,13.8285,ลาดพร้าว,จรเข้บัว,ปัญหาที่พบ หมู่บ้านเสนานิคม 1 ซอย 119/7 อยู่ระดับต่ำกว่าซอยอื่นๆ เวลาฝนตกน้ำจะท่วมสูงมากกว่าซอยอื่นๆ และลดช้ากว่ามาก น้ำไหลลงมาทีซอย 119/7 จากรูปทีแนบ ซอย 119/7 เทียบกับ ซอย 115 และ 117 ดูจากฟุตบาดซอย 119/7 ยังอยู่สูงครับ ความสูงระดับในซอย 119/7 ฟุตบาดสูง,https://storage.googleapis.com/traffy_public_bucket/attachment/2026-09/15651b5751c063d2dcee824f978869a3.jpeg
2026-P7UP98,inprogress,2026-09-28 09:15,2026-09-28 09:25,100.6963,13.79425,คันนายาว,คันนายาว,น้ำท่วมระดับเข่า ขังนิ่ง ไม่ไหลออกไปไหน เริ่มมีสีมีกลิ่น 15-25 ซม ตั้งแต่คืนวันศุกร์ครับ,https://storage.googleapis.com/traffy_public_bucket/attachment/2026-09/f52995cb2d6db6c94b632225253c02a4.jpeg
2026-ZBVEAU,inprogress,2026-09-28 09:15,2026-09-28 11:28,100.71717,13.82324,มีนบุรี,มีนบุรี,น้ำท่วมบ้านยังไม่ลดเลย ความสูงระดับระดับหน้าแข้งเกือบถึงหัวเข่า น้ำท่วมมาแล้ว25 ก.ย 69 เวลา 21.45น้ำเริ่มเข้าบ้าน,https://storage.googleapis.com/traffy_public_bucket/attachment/2026-09/148903aab92afd81356387e75f1defca.jpeg
2026-PKNDPA,start,2026-09-28 09:16,2026-09-28 09:16,100.80924,13.77668,ลาดกระบัง,ลำปลาทิว,น้ำท่วมขังทางออก มบ. ความสูงระดับหัวเข่า น้ำท่วมมาแล้วน้อยกว่า 1 สัปดาห์,https://storage.googleapis.com/traffy_public_bucket/attachment/2026-09/60c20f5edd13e10bbfdf0f4892102e5a.jpeg
2026-3KXF4D,inprogress,2026-09-28 09:17,2026-09-29 13:15,100.73999,13.72238,ลาดกระบัง,ลาดกระบัง,🚨 ขอความช่วยเหลือรถรับส่งผู้ป่วยฉุกเฉินค่ะ ผู้ป่วยเป็นโรคไตระยะสุดท้ายและมะเร็งเม็ดเลือดขาว ต้องเดินทางไปฟอกไตและรับการรักษาตามนัดที่คลินิกฟอกไตย่านกิ่งแก้วในวันพรุ่งนี้ เนื่องจากมีภาวะเลือดน้อยและต้องรับยา ขณะนี้บ้านถูกน้ำท่วม น้ำเข้าบริเวณบ้าน และทางเ,https://storage.googleapis.com/traffy_public_bucket/attachment/2026-09/94197aade00a48352ee368057c14f5ed.jpeg
2026-V23GR9,start,2026-09-28 09:17,2026-09-28 09:17,100.79841,13.77862,ลาดกระบัง,ลำปลาทิว,น้ำท่วมขังบริเวณในซอยและรอบๆ มีคนนำน้ำมันมาทิ้งไว้ ทำให้ตอนนี้นอกจากน้ำท่วมขังแล้ว ยังมีน้ำมันกระจายไปทั่วทั้งซอยแล้วรวมไปถึงภายในบ้านตัวบ้าน แนวทางแก้ไข: ระบบกวนระบายน้ำออกได้ไหมคะ โซนลาดกระบัง รับน้ำไม่ไหวแล้วค่ะ ความสูงระดับท้ายซอยน่าจะประมาณเกือบครึ่ง,https://storage.googleapis.com/traffy_public_bucket/attachment/2026-09/6f7ffb7b085f52c772cb8cd99edda7dd.jpeg
2026-W2ZVTH,inprogress,2026-09-28 09:17,2026-09-28 11:55,100.68794,13.76294,สะพานสูง,สะพานสูง,น้ำท่วม ความสูงระดับหัวเข่า น้ำท่วมมาแล้วน้อยกว่า 1 สัปดาห์,https://storage.googleapis.com/traffy_public_bucket/attachment/2026-09/5fff0ced7b1f0069d677dac3c650a60e.jpeg
2026-MJK3GU,start,2026-09-28 09:18,2026-09-28 09:18,100.76956,13.77213,ลาดกระบัง,ลำปลาทิว,ระดับน้ำเพิ่มสูงขึ้นตลอดกำลังจะเข้าในบ้าน ออกไปไหนไม่ได้ ระดับน้ำตอนนี้ประมาณ 50-60cm.รถกำลังจมน้ำทั้งหมู่บ้าน ช่วยสูบน้ำออกไปที่คลองได้ไหม ความสูงระดับด้านนอก 50-60cm.ระดับต้นขาค่ะ น้ำท่วมมาแล้ว25-28,https://storage.googleapis.com/traffy_public_bucket/attachment/2026-09/f86bd216039fc1a2fc1136ab1dd10f7d.jpeg
2026-63HMPB,inprogress,2026-09-28 09:19,2026-09-28 11:44,100.65222,13.78953,บึงกุ่ม,คลองกุ่ม,ในซอยนวมินทร์ 26 แยก 3 น้ำยังท่วมถึงเข่า ถ้าจะกรุณาส่งอาหาร และน้ำดื่ม บ้างนะครับ ออกไปหาซื้อแล้ว ไม่มีเลย ขอบคุณครับ ความสูงระดับหัวเข่า 3 วัน,https://storage.googleapis.com/traffy_public_bucket/attachment/2026-09/71b4c14dc2d9babb18cf37e72ea4b6f3.jpeg
2026-CDM49A,forward,2026-09-28 09:19,2026-09-28 19:06,100.64997,13.76969,บางกะปิ,คลองจั่น,ขอเจ้าหน้าที่ กทม ติดตั้งเครื่องสูบน้ำเพื่อสูบน้ำท่วมขังในแฟลตคลองจั่น 24 และพื้นที่ทั้งหมด น้ำท่วมขังไม่สามารถระบายไปไหนได้ ความสูงระดับ1.40 เมตร น้ำท่วมมาแล้ว3 วัน,https://storage.googleapis.com/traffy_public_bucket/attachment/2026-09/5598fac446aa04fe266d098762696212.jpeg
2026-K4W38W,inprogress,2026-09-28 09:19,2026-09-28 14:13,100.6434,13.72114,สวนหลวง,สวนหลวง,บ้านเลขที่ 95 และ 95/1 หมู่บ้านเอื้อสุข (เก่า) น้ำท่วมหนัก อาหารกำลังจะหมด รถทหารเข้ามาไม่ถึง อยากขอรับความช่วยเหลือ ความสูงระดับเอวครับ น้ำท่วมมาแล้วสามวันครับ,https://storage.googleapis.com/traffy_public_bucket/attachment/2026-09/4f7270c4a8fe2a005a8626d3fcf21a16.jpeg
2026-L4KZC3,start,2026-09-28 09:20,2026-09-28 09:20,100.83489,13.76167,ลาดกระบัง,ลำปลาทิว,จะท่วมบ้านแล้วค่ะ ติดต่อใครไม่มีใครมาดูเลย 3 วันแล้ว ความสูงระดับหัวเข่า น้ำท่วมมาแล้วน้อยกว่า 1 สัปดาห์,https://storage.googleapis.com/traffy_public_bucket/attachment/2026-09/163153164b7b8a79a9a9af4510748a65.jpeg
2026-UUW6ZE,inprogress,2026-09-28 09:20,2026-09-28 09:35,100.34114,13.66566,หนองแขม,หนองแขม,สวนน้ำท่วมหนักมาก ถนนหนองแขม วัดศรีนวล ช่วงฝั่งตรงข้ามเยื้องไปทางทิศใต้ ของวิทยาลัยการจัดการเพชรเกษม ช่วยด้วยครับ ความสูงระดับประมาณ 50 เซนติเมตร น้ำท่วมมาแล้วเริ่มท่วมตั้งแต่วันศุกร์ ที่ 25 ก.ย. 69 ครับ,https://storage.googleapis.com/traffy_public_bucket/attachment/2026-09/bec3d96c0a1302116e26ee5ab25f0ad0.jpeg
2026-XYL77W,inprogress,2026-09-28 09:20,2026-09-28 10:46,100.67443,13.70452,ประเวศ,ประเวศ,น้ำท่วมสูงในซอยพัฒนาการ 99 ฝากเจ้าหน้าที่มาช่วยดูแลด้วยคับผม ความสูงระดับหัวเข่า น้ำท่วมมาแล้วน้อยกว่า 1 สัปดาห์,https://storage.googleapis.com/traffy_public_bucket/attachment/2026-09/58d7e2210411f59da6e9efbee423ea68.jpeg
2026-U7XWHX,inprogress,2026-09-28 09:21,2026-09-28 10:47,100.68223,13.68425,ประเวศ,ดอกไม้,หมู่บ้านสมใจ ซอยเฉลิมพระเกียรติ 30 น้ำท่วมขังเดินทางลำบาก น้ำเข้าบ้านซ้ำเติมอีก ค่ะ ความสูงระดับหัวเข่า น้ำท่วมมาแล้วน้อยกว่า 1 สัปดาห์,https://storage.googleapis.com/traffy_public_bucket/attachment/2026-09/thumb_e73a3c2e0c42534d4ac7796de44e8945.jpg
2026-YPLR7W,finish,2026-09-28 09:21,2026-09-28 13:15,100.54182,13.83362,จตุจักร,ลาดยาว,น้ำท่วมขังในหมู่บ้านซีเมนต์ไทย ตลอด24 ชม ความสูงระดับหน้าแข้ง น้ำท่วมมาแล้วน้อยกว่า 1 สัปดาห์,https://storage.googleapis.com/traffy_public_bucket/attachment/2026-09/66f1897264932969e2ea59778e4a40d2.jpeg
2026-AMUAU9,finish,2026-09-28 09:22,2026-09-30 09:52,100.60238,13.7278,วัฒนา,คลองตันเหนือ,ท่อตันทุกรู น้ำไม่ระบายมา 3 วันแล้ว ความสูงระดับหน้าแข้ง น้ำท่วมมาแล้วน้อยกว่า 1 สัปดาห์,https://storage.googleapis.com/traffy_public_bucket/attachment/2026-09/aeed238d07f568b8b34d6c7598cc5a47.jpeg
2026-B7XNGF,inprogress,2026-09-28 09:22,2026-09-28 12:26,100.68882,13.76542,สะพานสูง,สะพานสูง,ซอยรามคำแหง 118 เขตสะพานสูงน้ำท่วมสูง มีบ้านที่น้ำเข้าชั้นล่างจนต้องสับคัทเอาท์ไฟฟ้าลง เพื่อความปลอดภัย ไม่มีไฟฟ้าใช้ อัพเดทข่าวสารไม่ได้ อย่างน้อยขอเครื่องสูบน้ำออกจากถนนให้รถเล็กสามารถสัญจรได้ก็พอ เข้าใจว่าพื้นที่อื่นก็หนัก แต่ในซอยลึกๆเขาเริ่มไม่มีเสบี,https://storage.googleapis.com/traffy_public_bucket/attachment/2026-09/2f89b8dcaee95c26cce4017e51cc665f.jpeg
2026-FVU8G6,inprogress,2026-09-28 09:22,2026-09-28 09:37,100.87007,13.79496,หนองจอก,ลำต้อยติ่ง,ตอนนี้บริเวณซอยวิทยาลัยกาญจนาภิเษก ลำมดตะนอย แขวงลำผักชี เขตหนองจอก น้ำยังท่วมขึ้นเรื่อยๆเลยค่ะ รบกวนสำนักงานเขตหนองจอก เข้าดูพื้นที่โซนนี้หน่อยนะคะ และรบกวนขอกระสอบทรายมาลงใกล้ๆพื้นที่ให้หน่อยนะคะ ที่บ้านมีเด็กเล็กและคนชราด้วยค่ะ ขอบคุณค่ะ ความสูงระดับหน,https://storage.googleapis.com/traffy_public_bucket/attachment/2026-09/7d289c17c2a29bff3c1f9ce514f6d4b4.jpeg
2026-LTMEPJ,inprogress,2026-09-28 09:22,2026-09-28 18:32,100.63125,13.76732,บางกะปิ,คลองจั่น,ในซอยคอนโดลาดพร้าว 130 แยก 4 น้ำท่วมยังสูงอยู่ เข้าออกไม่ได้เลยค่ะ รบกวนมาสูบน้ำหน่อยค่า สูงระดับที่รถยังเข้าไม่ได้ 3 วันแล้ว,https://storage.googleapis.com/traffy_public_bucket/attachment/2026-09/c773003fd0630f53766ef1ae637b43b4.jpeg
2026-WGGW32,forward,2026-09-28 09:22,2026-09-28 13:34,100.64342,13.73851,สวนหลวง,สวนหลวง,น้ำท่วมตั้งแต่หน้าบริเวณสถานีรถไฟฟ้า MRT จนถึงแยกพัฒนาการ ความสูงระดับ3 วัน น้ำท่วมมาแล้ว3 วัน,https://storage.googleapis.com/traffy_public_bucket/attachment/2026-09/thumb_dae148cfa28df2d4b08bc3eec37f321d.jpg
2026-YN8RM3,inprogress,2026-09-28 09:22,2026-09-28 11:37,100.61765,13.86871,บางเขน,อนุสาวรีย์,น้ำในบ้านท่วมเยอะ ในซอยก้อท่วมถนน น้ำระบายไม่ออก ความสูงระดับในบ้านข้อเท้าอยู้คะ น้ำท่วมมาแล้วตั้งแต่วันสุกคะ,https://storage.googleapis.com/traffy_public_bucket/attachment/2026-09/4550043ae06bbb5965ee99e9cce8c0df.jpeg
2026-JUMKBE,inprogress,2026-09-28 09:23,2026-09-28 12:28,100.68794,13.76294,สะพานสูง,สะพานสูง,น้ำท่วมสูงหลายวันแล้ว ความสูงระดับหัวเข่า น้ำท่วมมาแล้วน้อยกว่า 1 สัปดาห์,https://storage.googleapis.com/traffy_public_bucket/attachment/2026-09/98978be6ee2f296d18c27efe526123b6.jpeg
2026-T4T2DG,inprogress,2026-09-28 09:23,2026-09-30 10:36,100.58371,13.90425,ดอนเมือง,ดอนเมือง,น้ำท่วมถนน และไม่เคยมีการลอกท่อมานานแล้ว ความสูงระดับข้อเท้า น้ำท่วมมาแล้วน้อยกว่า 1 สัปดาห์,https://storage.googleapis.com/traffy_public_bucket/attachment/2026-09/b7159ffbe58ec687242d92725bf8bc6d.jpeg
2026-T46ERC,inprogress,2026-09-28 09:24,2026-09-28 09:38,100.81949,13.79334,หนองจอก,ลำผักชี,หมู่บ้านคริสตัล ถนนฉลองกรุง ซอยวัดอู่ตะเภา ประชาชนออกจากหมู่บ้านไม่ได้มาแล้วสามวัน ออกได้เฉพาะรถใหญ่ ช่วยส่งเครื่องดูดน้ำมาดูดออกทีคะ ความสูงระดับเอว น้ำท่วมมาแล้วน้อยกว่า 1 สัปดาห์,https://storage.googleapis.com/traffy_public_bucket/attachment/2026-09/7522bcb80198817acffbf35e2eeadacb.jpeg
2026-VRFGNG,forward,2026-09-28 09:24,2026-09-28 09:29,100.65901,13.8162,บึงกุ่ม,คลองกุ่ม,น้ำท่วมขังซอยนวมินทร์ 74 แยกเก้า ความสูงระดับ10ซมครับ น้ำท่วมมาแล้ว3วัน,https://storage.googleapis.com/traffy_public_bucket/attachment/2026-09/1caed3c3b2cf8b1ac79c3ab1a4de3de7.jpeg
2026-4ZY9K8,inprogress,2026-09-28 09:25,2026-09-28 10:47,100.67999,13.6697,ประเวศ,ดอกไม้,น้ำท่วมขังในบริเวณซอย และทางเข้า โดยน้ำสูง 5-10 ซม. ความสูงระดับข้อเท้า น้ำท่วมมาแล้วน้อยกว่า 1 สัปดาห์,https://storage.googleapis.com/traffy_public_bucket/attachment/2026-09/cd8433d701052a7d77d6d8b91b97bcaf.jpeg
2026-YB8CXY,finish,2026-09-28 09:25,2026-10-05 15:18,100.64838,13.75904,บางกะปิ,หัวหมาก,เช้านี้คิดว่าน้ำท่วมจะลดระดับลง ถ้าเมื่อวานมีการอัดเครื่องสูบน้ำปากคลองโต๊ะยอลงแสนแสบและจากแสนแสบลงเจ้าพระยาเนื่องจากน้ำทะเลลงสูงสุดประมาณตีหนึ่ง แต่เช้านี้น้ำท่วมยังไม่ลดระดับลงเลย ขออนุญาตไม่ถ่ายรูปนะ ถ่ายไม่ได้ ความสูงระดับหน้าแข้ง น้ำท่วมมาแล้วน้อยกว่,https://storage.googleapis.com/traffy_public_bucket/attachment/2026-09/07d01d9be8287adf24f5d3282aa6f3f9.jpeg
2026-7BVJWM,finish,2026-09-28 09:26,2026-09-29 16:21,100.57852,13.8826,หลักสี่,ตลาดบางเขน,ชุมชนตลาดหลักสี่ด้านหลังสถานีรถไฟหลักสี่น้ำสูงมากค่ะและตรงบริเวณที่มีเขื่อนแล้วก็ท่วมหาอาหารทานยากปลิงก็เยอะแมงป่องก็มีอยากได้ถุงยังชีพให้กับสมาชิกในชุมชนค่ะในชุมชนมีสมาชิกทั้งหมด 168 ครัวเรือน ความสูงระดับตรงที่ต่ำตอนนี้เกือบถึงเอวค่ะ น้ำท่วมมาแล้ว4 วันแ,https://storage.googleapis.com/traffy_public_bucket/attachment/2026-09/e4245ee6f8d45ea10ca688734ebe7765.jpeg
2026-AWN9H8,inprogress,2026-09-28 09:26,2026-09-29 09:34,100.58327,13.75234,ห้วยขวาง,บางกะปิ,ขณะนี้ระดับน้ำกำลังเพิ่มสูงขึ้นอีกแล้วหลังจากเมื่อวานน้ำลดลงไป คาดว่าอีกซักพักนำ้คงเข้าด้านในบ้าน ความสูงระดับหลังเท้ามีทีท่าจะขึ้นเรื่อยๆ น้ำท่วมมาแล้ว2ชั่วโมง,https://storage.googleapis.com/traffy_public_bucket/attachment/2026-09/f36c6378465ca42e56e2951a2499de9a.jpeg
2026-H7RGPH,inprogress,2026-09-28 09:26,2026-09-28 12:39,100.68066,13.77704,สะพานสูง,สะพานสูง,ต้องการให้เขตสะพานสูง หรือ หน่วยงานเกี่ยวข้องมาช่วยสูบน้ำออกไป น้ำท่วมหลายวัน ในซอยเริ่มเน่า และ น้ำลึกออกไปซื้ออาหารน้ำดื่มไม่ได้ ความสูงระดับตามรุป / ในซอยย่อย 60 -70 cm / เลยเข่าขึ้นมา คนสูง 167 cm น้ำท่วมมาแล้ว5 วัน,https://storage.googleapis.com/traffy_public_bucket/attachment/2026-09/19afd8b32542fa76613196e58026ef0d.jpeg
2026-D2YGTE,inprogress,2026-09-28 09:27,2026-09-28 11:28,100.74902,13.78133,มีนบุรี,แสนแสบ,น้ำท่วมขังมา 3 วันแล้วค่ะ ระดับสูงกว่าหน้าแข้ง ระดับน้ำสูงขึ้นทุกวัน แล้ววันนี้น้ำที่ใสกลายเป็นสีคล้ำและเริ่มส่งกลิ่นเหม็น ทำไมฝนตกน้อยลง ที่อื่นน้ำลด แต่จุดนี้น้ำยิ่งสูงขึ้น และเริ่มมีน้ำเน่าเข้ามา ส่งเจ้าหน้าที่ลงมาช่วยเหลือบ้างค่ะ ไม่เคยมีเข้ามาดูเลย ถ,https://storage.googleapis.com/traffy_public_bucket/attachment/2026-09/thumb_1086a5dc214f8af0b4f1618c2242d5c0.jpg
2026-GRHCD8,inprogress,2026-09-28 09:27,2026-09-28 11:28,100.73582,13.83113,มีนบุรี,มีนบุรี,ต้องการทรายมากั้นน้ำเข้าบ้านค่ะ ความสูงระดับหัวเข่าค่ะ น้ำท่วมมาแล้ว3วันค่ะ,https://storage.googleapis.com/traffy_public_bucket/attachment/2026-09/e5743580a5e6965597723bcb7c32d22e.jpeg
2026-LCK946,inprogress,2026-09-28 09:27,2026-09-28 10:47,100.70289,13.82143,คลองสามวา,บางชัน,น้ำท่วมยังลดเลย หมู่บ้านธีรวรรณ ซอยพระยาสุเรนทร์ 2 แขวงบางชัน เขตคลองสามวา กรุงเทพฯ ถนนหน้าบ้าน 80 ซม ในบ้าน 40 ซม ตั้งแต่ 26 กย 69,https://storage.googleapis.com/traffy_public_bucket/attachment/2026-09/83e6319d839b1e7e9b2ead4cb2a5768d.jpeg
2026-RAGMVK,inprogress,2026-09-28 09:27,2026-09-28 14:12,100.63582,13.73489,สวนหลวง,สวนหลวง,พัฒนาการ 52 น้ำลึกถึงเอวค่ะ เส้นอื่นลดแล้ว เส้นนี้อยู่ไม่ไหววว ความสูงระดับเอว น้ำท่วมมาแล้วน้อยกว่า 1 สัปดาห์,https://storage.googleapis.com/traffy_public_bucket/attachment/2026-09/ccb1638f84cc537ee6d8b57750b323af.jpeg
2026-YYYEUJ,inprogress,2026-09-28 09:27,2026-09-28 12:13,100.66667,13.81434,คันนายาว,รามอินทรา,น้ำท่วมสูง ตั้งแต่วันศุกร์ 25 ยังไม่ลดเลย อยากให้สูบน้ำออก จะได้ทำความสะอาดได้ ความสูงระดับ15-20cm น้ำท่วมมาแล้วศุกร์ เสาร์ อาทิตย์ จันทร์ วันนี้วันที่ 4 แล้ว ยังไม่มีทีท่าว่าจะลด,https://storage.googleapis.com/traffy_public_bucket/attachment/2026-09/b0fd367094bc642ef42e7232e1fdf2d6.jpeg
2026-GMG9DE,finish,2026-09-28 09:28,2026-09-29 17:25,100.60138,13.72596,วัฒนา,พระโขนงเหนือ,ซอย พัฒนเวศม์ (ปรีดี 26) ท่วมหนักทั้งซอย ตั้งแต่ พัฒนเวศม์ 1 จนถึง พัฒนเวศม์ 15 วันแรกท่วมหนักเหนือเข้า ประมาณ 40+ ซม. ขังนาน 2 วัน ไม่ขยับ ตั้งแต่ ศ.-ส. ผ่านมาวันจันทร์ ก็ยังท่วมถึงหน้าแข้งไม่มีแววว่าจะลด ความสูงระดับเอว น้ำท่วมมาแล้วน้อยกว่า 1 สัปดาห์,https://storage.googleapis.com/traffy_public_bucket/attachment/2026-09/3a44472270442c83d2e591a6bafb47be.jpeg
2026-2G48F7,finish,2026-09-28 09:29,2026-10-01 09:31,100.62183,13.6984,พระโขนง,บางจาก,บ้านเลขที่ 867/64 ซอยปุณณวิถี 47 ถนนสุขุมวิท 101 น้ำท่วมรอบบ้านและเข้าไปในบ้านภายในบ้านตู้เสื้อผ้าเตาไฟฟ้าเครื่องชั่งน้ำหนักและก็ไม่รู้อะไรอีกช่วงที่ฝนตกน้ำท่วมไม่อยู่บ้านไปต่างจังหวัดเพิ่งกลับมาดึกเมื่อคืนน้ำเริ่มเข้าบ้านคืนวันศุกร์เห็นบ้านแถวนี้เขาพูดกั,https://storage.googleapis.com/traffy_public_bucket/attachment/2026-09/bdbc27f0444fe3c93aef26d200c46f3e.jpeg
2026-3DE49D,inprogress,2026-09-28 09:29,2026-09-28 14:12,100.62512,13.71152,สวนหลวง,สวนหลวง,ในซอยอ่อนนุช 27 ยังคงมึน้ำท่วมขัง รวมถึงในบ้านเรือน ความสูงระดับหน้าแข้ง 3 วัน,https://storage.googleapis.com/traffy_public_bucket/attachment/2026-09/32d9accb2a395c4b34b5cee6466a0be4.jpeg
2026-4LPL8Y,inprogress,2026-09-28 09:29,2026-09-28 12:14,100.68348,13.81767,คันนายาว,คันนายาว,เรื่องปัญหาน้ำท่วมสูงที่ขังมาตั้งแต่วันที่ 25 ไม่มีการผันน้ำออกจากหมู่บ้านเลยค่ะ ความสูงระดับท่วมสูงถ้าถนนหน้าบ้านครึ่งน่องค่ะเกือบถึงก้น น้ำท่วมมาแล้วหนูสูง157,https://storage.googleapis.com/traffy_public_bucket/attachment/2026-09/73107539f6e981907e17bfbc03ec9e1f.jpeg
2026-CYGWEG,inprogress,2026-09-28 09:29,2026-09-28 10:44,100.68867,13.73215,ประเวศ,ประเวศ,น้ำที่ทับช้างไม่ลดเลย ชั้นล่างท่วมไปครึ่งน่อง บ้านจะอยู่ฝั่งตรงข้ามสถานีรถไฟเดินเข้าซอยมา เกือบหัวเข่า ตั้งแต่ 25 ตอนตี 2 จนถึงวันนี้น้ำไม่ลดเลย,https://storage.googleapis.com/traffy_public_bucket/attachment/2026-09/530d18edddf57daf3d54c1b8f02efab7.jpeg
2026-TZGHKU,finish,2026-09-28 09:29,2026-09-29 20:34,100.69659,13.74292,สะพานสูง,สะพานสูง,หมู่บ้านนักกีฬาน้ำท่วมหนักมาก ขอความช่วยเหลือด้วยค่ะ ขาดน้ำ อาหาร มีเด็กเล็กด้วยค่ะ น่าจะเมตรกว่า 4วัน,https://storage.googleapis.com/traffy_public_bucket/attachment/2026-09/9eaee0e67018997baece248e6221d331.jpeg
2026-94KEZ2,inprogress,2026-09-28 09:30,2026-09-28 14:12,100.63935,13.71404,สวนหลวง,สวนหลวง,ฝนหยุดน้ำไม่ยอมลดลง พอจะลดก็เพิ่มขึ้นตลอดครับ ความสูงระดับแค่ประมาณ30 cmครับ น้ำท่วมมาแล้ว3วันครับ,https://storage.googleapis.com/traffy_public_bucket/attachment/2026-09/0a0170cfcab42c46ce10497c14c59f4c.jpeg
2026-BKR33M,inprogress,2026-09-28 09:30,2026-09-28 14:11,100.62976,13.74244,สวนหลวง,สวนหลวง,น้ำท่วมขังภายในบ้าน พระรามเก้า ซอย43 ซอยย่อย23 ซอยแรกขวามือจากถนนพระรามเก้า ขังในบ้านมาสองวันแล้ว น้ำไม่ลดลงเลย ความสูงระดับหัวเข่า 2 วัน,https://storage.googleapis.com/traffy_public_bucket/attachment/2026-09/25feb670804391e2f05294a4870f6a9a.jpeg
2026-EEX8KK,forward,2026-09-28 09:30,2026-09-28 10:54,100.61533,13.89773,สายไหม,คลองถนน,มีน้ำท่วมทะลักเข้ามาทั่วพื้นบ้านชั้นหนึ่งพื้นที่พักอาศัย ความสูงระดับข้อเท้า ท่วมระดับข้อเท้าในตัวบ้านพื้นที่พักอาศัย ระดับแข้งที่ถนนหน้าบ้าน ท่วมตั้งแต่วันที่ 26 วันนี้ 28 (3วัน) น้ำในตัวบ้านเริ่มลดบ้างแล้วค่ะ,https://storage.googleapis.com/traffy_public_bucket/attachment/2026-09/e975d22874f75f323e4ad615de0c04e5.jpeg
2026-M87NXC,forward,2026-09-28 09:30,2026-09-28 10:53,100.6455,13.916,สายไหม,สายไหม,น้ำท่วนเข้าบ้านของในบ้านเสียดี ความสูงระดับหน้าแข้ง น้ำท่วมมาแล้วน้อยกว่า 1 สัปดาห์,https://storage.googleapis.com/traffy_public_bucket/attachment/2026-09/1d80bf71aa2a1bb641ffaa69cf3065f7.jpeg
2026-4WKXJC,finish,2026-09-28 09:31,2026-10-05 16:47,100.66853,13.87514,บางเขน,ท่าแร้ง,แจ้งเหตุน้ำท่วม ภายนอกและในบ้าน เขตได้รัยแจ้งตั้งแต่วันศุกร์ที่ 25 แล้วค่ะ จริงๆ ถ้าย้อนกลับไป ตัวดิฉันเอง เคยแจ้งเรื่องน้ำในท่อระบายน้ำเต็ม ก่อนหน้านั้น ตั้งแต่ 17 กย แต่ไม่มีการแก้ไขหรือวิเคราะห์ปัญหา เพื่อหาแนวทางป้องกัน คำตอบที่ได้รับคือ รับทราบค่ะ เข,https://storage.googleapis.com/traffy_public_bucket/attachment/2026-09/d14f80b810987c319224cc97592a59ef.jpeg
2026-DHCT98,inprogress,2026-09-28 09:31,2026-09-28 18:28,100.63948,13.75593,บางกะปิ,หัวหมาก,ซอยรามคำแหง 40 แขวงหัวหมาก เขตบางกะปิ กทม 10240 น้ำท่วมขังในซอย และมีปริมาณเพิ่มสูงขึ้น อาหารมีไม่เพียงพอครับ ของใน 7-11 หมดเกลี้ยง อยากให้ช่วยเหลือเรื่องอาหาร น้ำ โดยด่วนครับ เข้าวันที่ 2 แล้วอาหารกำลังจะหมดครับ และช่วยเร่งระบายน้ำด้วยยิ่งดีครับ จะได้ออก,https://storage.googleapis.com/traffy_public_bucket/attachment/2026-09/6990435b6a4dca5eaa2097380e35af64.jpeg
2026-FCDBUA,inprogress,2026-09-28 09:31,2026-09-28 12:42,100.68018,13.77314,สะพานสูง,สะพานสูง,น้ำข้างนอกในซอยสูงขึ้น ตอนนี้น้ำท่วมเข้าภายในบ้าน ชั้น 1 ความสูงระดับหัวเข่า 4 วันแล้วค่ะ,https://storage.googleapis.com/traffy_public_bucket/attachment/2026-09/28896b3f43bf348ebf3b8fd9d96da59d.jpeg
2026-6DTC7Y,finish,2026-09-28 09:33,2026-09-29 15:51,100.55665,13.8601,หลักสี่,ทุ่งสองห้อง,ผลกระทบจากน้ำท่วมขยะอุดตัน น้ำไม่ระบาย ไม่มีเครื่ิองสูบน้ำ ความสูงระดับน้ำสูง 30 -40 cm /ตลาดชินมณี / ชินมณี ซอย 2 น้ำท่วมมาแล้ว3 วัน,https://storage.googleapis.com/traffy_public_bucket/attachment/2026-09/913a74001eb26ec843193829aec18441.jpeg
2026-A96AZP,finish,2026-09-28 09:33,2026-09-30 14:01,100.58897,13.80606,ลาดพร้าว,ลาดพร้าว,ถนนลาดพร้าววังหินด้านนอกแห้งแล้วแต่ในซอยลาดพร้าววังหิน31 ยังท่วมค่ะ ความสูงระดับหน้าแข้ง น้ำท่วมมาแล้วน้อยกว่า 1 สัปดาห์,https://storage.googleapis.com/traffy_public_bucket/attachment/2026-09/5642ea2fd65f59f96b661c47d6c5a5b3.jpeg
2026-ZBWK3L,inprogress,2026-09-28 09:33,2026-09-28 10:47,100.69994,13.82125,คลองสามวา,บางชัน,ปัจจุบันซอยพระยาสุเรนทร์ 2 มีน้ำท่วมขังต่อเนื่องและยังไม่ระบายออก น้ำเริ่มเน่าเสีย ส่งกลิ่นเหม็น และอาจเป็นแหล่งเพาะพันธุ์ยุงและเชื้อโรค นอกจากนี้ยังมีผู้นำขยะมาทิ้งบริเวณหน้าปากซอย ทำให้ขยะสะสม กีดขวางทางระบายน้ำ และส่งผลต่อสุขอนามัยของผู้อยู่อาศัยและผู้,https://storage.googleapis.com/traffy_public_bucket/attachment/2026-09/3e26af86d6aee122467bd97292693b84.jpeg
2026-ZRZUYP,finish,2026-09-28 09:33,2026-09-30 14:24,100.60322,13.73588,วัฒนา,คลองตันเหนือ,น้ำท่วมไม่ระบายซักทีค่ะ เข้าบ้านไม่ได้มาหลายวันแล้ว ข้างในไม่ทราบเป็นอย่างไรบ้างค่ะ จะลุยน้ำไปกฝเปิดก็ไม่ทราบจะโดนไฟดูดมั้ย ทั้งหมู่บ้านจมอยู่ใต้น้ำค่ะ ความสูงระดับประมาณเข่าค่ะ น้ำท่วมมาแล้ว3วันค่ะ,https://storage.googleapis.com/traffy_public_bucket/attachment/2026-09/thumb_5ff375439118b7eb9d41a843db32b39d.jpg
2026-79P2R7,irrelevant,2026-09-28 09:34,2026-09-28 12:37,100.67342,13.90277,สายไหม,ออเงิน,ไม่แสดงรายละเอียด,https://storage.googleapis.com/traffy_public_bucket/TeamChadChart/fondue_photo.png
2026-8KU2ZR,inprogress,2026-09-28 09:35,2026-09-28 12:43,100.6838,13.77576,สะพานสูง,สะพานสูง,ช่วยพร่องน้ำออกจากซอยรามคำแหง 118 ทุกแยกด้วย เหมือนทางเขตไม่ใส่ใจช่วยชาวบ้านในซอย ท่วมแบบไม่ลดระดับอยู่ 3 วันแล้ว แต่ก่อนไม่เคยท่วมหนักขนาดนี้ ความสูงระดับ50-60 ซ.ม. น้ำท่วมมาแล้ว3 วันแล้ว,https://storage.googleapis.com/traffy_public_bucket/attachment/2026-09/thumb_9fa938b77f7362a0d83fc229cc0b78a0.jpg
2026-LT8HVF,inprogress,2026-09-28 09:35,2026-09-28 12:43,100.67554,13.76868,สะพานสูง,สะพานสูง,น้ำท่วมขังไม่มีระบายออก ในหมู่บ้านมีทะเลสาบหลายแห่ง ล้นออกมา ฝนเข้ามาอีกเมื่อคืนทำให้ปริมาณน้ำยิ่งเพิ่ใ ความสูงระดับหัวเข่า น้ำท่วมมาแล้ว2วัน,https://storage.googleapis.com/traffy_public_bucket/attachment/2026-09/6b5f0d67de49d50166c417540d50a3e8.jpeg
2026-ANCUBP,finish,2026-09-28 09:36,2026-09-28 13:54,100.62267,13.77496,วังทองหลาง,พลับพลา,ราม 65 น้ำยังไม่ลดเลยตั้งแต่เมิ่อวาน เพิ่มกำลังสูบน้ำได้เปล่า ระดับหน้าเข้ง 2 วัน,https://storage.googleapis.com/traffy_public_bucket/attachment/2026-09/c20a70a8a492f73784dc5275c43f97ad.jpeg
2026-42N9PW,inprogress,2026-09-28 09:37,2026-09-28 10:45,100.6575,13.72906,ประเวศ,ประเวศ,น้ำท่วมสูง70-80CM ขัง เริ่มมีกลิ่นเหม็น เข้าบ้านประชาชนมากกว่า 200 หลังคาเรือน ต้องการเครื่องสูบน้ำเพิ่ม เพื่อให้น้ำลด บ้านต้องตัดไฟ เพราะท่วมเข้าชั้น 1 ความสูงระดับสูงกว่าเอว น้ำท่วมมาแล้วน้อยกว่า 1 สัปดาห์,https://storage.googleapis.com/traffy_public_bucket/attachment/2026-09/3c40f8e382eb738f28373c00547181b6.jpeg
2026-WKBCJM,inprogress,2026-09-28 09:37,2026-09-30 10:35,100.57836,13.91771,ดอนเมือง,ดอนเมือง,น้ำท่วมสูง..ขอความช่วยเหลือสูบน้ำออกด้วยครับ.. ความสูงระดับเอว น้ำท่วมมาแล้วน้อยกว่า 1 สัปดาห์,https://storage.googleapis.com/traffy_public_bucket/attachment/2026-09/b833190fa620338589b82024542b024e.jpeg
2026-WP7D2T,inprogress,2026-09-28 09:37,2026-09-28 14:11,100.62978,13.74245,สวนหลวง,สวนหลวง,ขอมากั้นน้ำเข้าบ้าน จะสูบน้ำออก #ขอกระสอบทราย/อื่นๆ,https://storage.googleapis.com/traffy_public_bucket/attachment/2026-09/9a43c1a04111ea7bd865fe629cb6dea6.jpeg
2026-LXEFJ7,inprogress,2026-09-28 09:38,2026-09-28 12:44,100.67556,13.76872,สะพานสูง,สะพานสูง,น้ำท่วมขังไม่มีระบายออก ในหมู่บ้านมีทะเลสาบหลายแห่ง ล้นออกมา ฝนเข้ามาอีกเมื่อคืนทำให้ปริมาณน้ำยิ่งเพิ่ม ความสูงระดับหัวเข่า น้ำท่วมมาแล้ว2วัน,https://storage.googleapis.com/traffy_public_bucket/attachment/2026-09/c6929cfaefb13c674c1ca758a4fef77d.jpeg
2026-VYJVKM,inprogress,2026-09-28 09:38,2026-09-28 12:44,100.6894,13.74401,สะพานสูง,สะพานสูง,สวัสดีคะ ขอแจ้งน้ำท่วมในหมู่บ้าน นักกีฬาแหลมทอง ซอย 3 มีปัญหาน้ำไม่ลด เลยคะ เพราะเครื่องสูบน้ำท้ายซอย 3 ไม่ทำงานตั้งแต่ เมื่อวาน 6 โมง มีลูกบ้าน 3-4 พัน หลังคาเรือน มาช่วยเร็วๆคะตอนนี้เป็นพลเมืองชั้น 2 มาเข้าวันที่ 3 แล้วคะ ความสูงระดับเข้ามาดูไหมคะ นอกบ,https://storage.googleapis.com/traffy_public_bucket/attachment/2026-09/5630004adcb970ef0279035cff8d3beb.jpeg
2026-8T9G78,inprogress,2026-09-28 09:39,2026-09-28 14:00,100.68397,13.76191,สะพานสูง,สะพานสูง,น้ำท่วมที่ซอยรามคำแหง 118 มานานหลายวัน -- อยากให้ช่วยนำรถทหารหรือเรือเข้าไปสอบถามตามบ้านว่าต้องการความช่วยเหลืออะไรมั้ย ในซอยนั้นส่วนใหญ่เป็นคนสูงอายุอยู่อาศัยค่ะ ความสูงระดับหัวเข่า น้ำท่วมมาแล้วน้อยกว่า 1 สัปดาห์,https://storage.googleapis.com/traffy_public_bucket/attachment/2026-09/21eef544f37d3aa78f4ee94acfd3c1c7.jpeg
2026-BUKWAN,forward,2026-09-28 09:39,2026-09-28 10:49,100.62433,13.94056,สายไหม,สายไหม,น้ำท่วมไม่ลดระดับเลยทั้งที่ไม่มีฝนตกลงมาเติม และบริเวณรอบข้างน้ำเริ่มลดลงแล้วแต่บริเวณ พหลโยธิน62ยังท่วมสูงอยู่ ความสูงระดับเอว น้ำท่วมมาแล้ว3 วัน,https://storage.googleapis.com/traffy_public_bucket/attachment/2026-09/thumb_b02141d08df7e0b213e712c5564cbbb5.jpg
2026-CX8EPR,forward,2026-09-28 09:39,2026-09-28 10:50,100.63241,13.8987,สายไหม,คลองถนน,น้ำท่วม ถนนเพิ่มสิน หน้าหมู่บ้าน pleno พหลโยธิน-วัชรพล ท่วมไปถึง 3 แยก เป็นมา 2 วันแล้ว ไม่ลดลงเลย ในหมู่บ้านก็ด้วยค่ะ น้ำสูงประมาณ 30-50 ซม. ความสูงระดับ30-50 ซม น้ำท่วมมาแล้ว3 วัน,https://storage.googleapis.com/traffy_public_bucket/attachment/2026-09/e2fe4e59fb3fe58e7dfec9606e5218ab.jpeg
2026-ERERC4,finish,2026-09-28 09:39,2026-09-28 19:39,100.69773,13.73495,สะพานสูง,สะพานสูง,[ด่วนที่สุด] ขอความช่วยเหลือเจ้าหน้าที่เข้าปฐมพยาบาล/ระบายน้ำท่วมขัง – ผู้ป่วยเท้าติดเชื้อมีหนอง เรียน: ผู้อำนวยการเขตสะพานสูง และเจ้าหน้าที่ฝ่ายพัฒนาชุมชน/ศูนย์บริการสาธารณสุข เนื่องด้วยข้าพเจ้าพักอาศัยอยู่ที่ ***ชั้น 2 ซอยกรุงเทพกรีฑา 53 แขวงสะพานสูง ,https://storage.googleapis.com/traffy_public_bucket/attachment/2026-09/a2b89d410d2055ed61f0af8482993bba.jpeg
2026-3K9D8X,finish,2026-09-28 09:40,2026-10-05 13:11,100.60541,13.89017,บางเขน,อนุสาวรีย์,อยากให้ช่วยลงมาตรวจสอบตรงแยก Big C สะพานใหม่หน่อยครับ น้ำท่วมขังตรงนี้มาเกือบ 3 วันแล้ว แต่ระดับน้ำแทบไม่ลดเลย ทั้งที่บริเวณอื่นใกล้ๆ เริ่มลดหรือบางจุดแห้งกันหมดแล้ว ตรงนี้รถเล็กก็ยังผ่านลำบากและเป็นแยกที่คนใช้สัญจรเยอะมาก เลยอยากให้ช่วยมาตรวจดูหน่อยครับว,https://storage.googleapis.com/traffy_public_bucket/attachment/2026-09/95439c512c14c2e60aef3c2910e25fe8.jpeg
2026-4UFWZP,inprogress,2026-09-28 09:40,2026-09-28 10:43,100.6812,13.68352,ประเวศ,ดอกไม้,อยากได้ข้าวสารอาหารแห้งของกินของใช้จำเป็นเนื่องจากพื้นที่น้ำยังท่วมสูงและมีหลายครัวเรือนเริ่มขาดแคลนค่ะ หมู่บ้านสมใจหลังวัดทุ่งลานนาคนแก่และเด็กเยอะค่ะ เอาข้าวมาแจกให้ถึงฝั่งนี้บ้างนะคะ #ขอกระสอบทราย/อื่นๆ,https://storage.googleapis.com/traffy_public_bucket/attachment/2026-09/db8b3268b7bf0d150c22e87961cfa39b.jpeg
2026-3ZP34V,inprogress,2026-09-28 09:41,2026-09-28 10:03,100.85457,13.83904,หนองจอก,กระทุ่มราย,น้ำท่วมเลยหัวเข่าแล้ว ความสูงระดับหัวเข่า น้ำท่วมมาแล้วมากกว่า 1 สัปดาห์,https://storage.googleapis.com/traffy_public_bucket/attachment/2026-09/40e9d83fe6df60a3db7f41ce9c503387.jpeg
2026-TT4WT9,forward,2026-09-28 09:41,2026-09-28 10:17,100.67095,13.79713,บึงกุ่ม,คลองกุ่ม,น้ำท่วมขัง ไปไหนไม่ได้ ความสูงระดับหัวเข่า น้ำท่วมมาแล้วน้อยกว่า 1 สัปดาห์,https://storage.googleapis.com/traffy_public_bucket/attachment/2026-09/aa328267cb3dc673aa58af1b5db843f6.jpeg
2026-897ZZH,forward,2026-09-28 09:42,2026-09-28 10:48,100.67245,13.90753,สายไหม,ออเงิน,เคหะออเงิน สุขาภิบาล66 ตอนนี้น้ำในโครงการ ท่วมเท่าเข่าค่ะ สัญจรลำบาก อยากให้มาสูบน้ำออกให้หน่อยค่ะ ความสูงระดับประมาณ40cmขึ้นได้ค่ะ น้ำท่วมมาแล้วตั้งแต่25/9ค่ะ,https://storage.googleapis.com/traffy_public_bucket/attachment/2026-09/173d51c66c1a62eab547b4ba0f29f54a.jpeg
2026-FBULA2,inprogress,2026-09-28 09:42,2026-09-30 10:34,100.61966,13.94735,ดอนเมือง,สนามบิน,บริเวณซอยวิภาวดีรังสิต 84 (หมู่บ้านพิพรพงษ์) มีน้ำท่วมขังส่งกลิ่นเหม็น และเพิ่มระดับสูงขึ้นอย่างต่อเนื่อง รบกวนหน่วยงานที่เกี่ยวข้องช่วยแก้ปัญหาด้วยครับ ความสูงระดับหน้าแข้ง น้ำท่วมมาแล้วน้อยกว่า 1 สัปดาห์,https://storage.googleapis.com/traffy_public_bucket/attachment/2026-09/762a9073693f6ffee5bd61e6315287bb.jpeg
2026-UYTXU2,inprogress,2026-09-28 09:42,2026-09-30 10:35,100.58845,13.90033,ดอนเมือง,ดอนเมือง,น้ำท่วมในบริเวณหมู่บ้านการเคหะทุ่งสองห้อง รอระบาย แต่บริเวณรอบๆ โครงการ น้ำแห้งเป็นปกติแล้ว รบกวน ทาง กทม หรือ ผู้มีส่วนที่เกี่ยวข้อง ประสานงาน ช่วยสูบน้ำออกจากพื้นที่โครงการด้วยค่ะ ความสูงระดับหัวเข่า น้ำท่วมมาแล้วน้อยกว่า 1 สัปดาห์,https://storage.googleapis.com/traffy_public_bucket/attachment/2026-09/0c3bd46254a8c2594642b52c2cd5f6be.jpeg
2026-3ZCZ29,finish,2026-09-28 09:43,2026-10-01 14:26,100.43557,13.61925,บางขุนเทียน,ท่าข้าม,บ้านติดคลองน้ำขังในซอย3วันแล้ว ปิ่มๆจะเข้าบ้านค่ะ ความสูงระดับกลางซอย35เซน ต้นๆซอย40เซน น้ำท่วมมาแล้ว3วัน,https://storage.googleapis.com/traffy_public_bucket/attachment/2026-09/baff1a8d22e4193fdaa2f8052bdec772.jpeg
2026-UMACXH,finish,2026-09-28 09:43,2026-10-03 20:17,100.62701,13.78405,วังทองหลาง,คลองเจ้าคุณสิงห์,ลาดพร้าว 101 แยก17 (หมู่บ้านอยู่เจริญ) 28 กันยายน น้ำยังท่วมขัง ไม่สามารถระบายไปไหนได้ เมื่อวานลุยน้ำออกไปหาอาหารพบคราบน้ำมันและสิ่งปฏิกูลไม่สามารถระบุชนิด พร้อมกลิ่นสารเคมี น้ำขังอยู่ในบ้านทุกคนตลอดซอย เกรงอีกไม่นานจะก่อโรคต่อไป โปรดเร่งช่วยจัดการค่ะ คว,https://storage.googleapis.com/traffy_public_bucket/attachment/2026-09/1d5801cf7bc556f1f366160c5beda6ae.jpeg
2026-69LDVC,inprogress,2026-09-28 09:45,2026-09-28 12:46,100.67969,13.77874,สะพานสูง,สะพานสูง,รามคำแหง118 แยก11 น้ำท่วมระดับก้นผู้ใหญ่ รถไม่สามารถออกได้ คนแก่และเด็กออกไม่ได้ ในขณะที่หลายจุดแห้งแล้ว รบกวนช่วยมาดูดน้ำช่วยทีได้มั้ยคะ ขอบคุณค่ะ ความสูงระดับก้นผู้ใหญ่ค่ะ น้ำท่วมมาแล้ว4วันแล้วค่ะ,https://storage.googleapis.com/traffy_public_bucket/attachment/2026-09/a1b4710676d5a39404adf5a74b2c9708.jpeg
2026-8J6DWU,forward,2026-09-28 09:45,2026-09-28 19:27,100.63404,13.76127,บางกะปิ,หัวหมาก,น้ำท่วมหน้ารามคำแหงลดลงได้เมื่อไหร่ เพราะมีธุระต้องออกไปทำ และอาหารเริ่มจะหมด มีเด็กอยู่ในบ้าน รวมสมาชิกในบ้าน 5 คน ความสูงระดับหน้าแข้ง น้ำท่วมมาแล้วน้อยกว่า 1 สัปดาห์,https://storage.googleapis.com/traffy_public_bucket/attachment/2026-09/1b46a25921708f740214d58acba1573c.jpeg
2026-D8ERKK,inprogress,2026-09-28 09:45,2026-09-28 12:46,100.68593,13.77792,สะพานสูง,สะพานสูง,น้ำท่วมที่บ้านเลขที่24 หมู่บ้านพฤษชาติ ราม 118 แยก 11-1-2 ท่วมตั้งแต่ 25 น้ำไมมีท่าทีจะลด แล้วเริ่มมีกลิ่นแล้วด้วย ความสูงระดับข้างนอกบ้านในซอยประมาณ 60 ซม. น้ำท่วมมาแล้วตั้งแต่วันที่ 25 ค่ะ,https://storage.googleapis.com/traffy_public_bucket/attachment/2026-09/fd62a2871a54a08ed80a6aedbd1c66c8.jpeg
2026-DAZCP2,forward,2026-09-28 09:45,2026-09-28 12:22,100.51098,13.74561,ป้อมปราบศัตรูพ่าย,ป้อมปราบ,อยู่หมู่บ้านเดอะคอนเนค 28 ถนนเพิ่มสิน เขตสายไหม น้ำในตัวหมู่บ้านน้ำท่วมขัง ถึง หัวเข่า สิ่งต้องการความช่วยเหลือแค่วิ่งในถนนเพิ่มสิน เพื่อ รับ-ส่ง ไปตามแนวรถไฟฟ้า หรือไปเส้นถนนพหลโยธินรับส่งประชาชนเพื่อไปทำงานหรือซื้อของกินของใช้คะ ความสูงระดับในตัวหม่บ้าน,https://storage.googleapis.com/traffy_public_bucket/attachment/2026-09/c3bd785b0036c7d07b30eb462ae98e59.jpeg
2026-G7M7A6,finish,2026-09-28 09:45,2026-09-29 13:46,100.58286,13.85888,หลักสี่,ตลาดบางเขน,โซนบางบัว พหลโยธิน 49/1 ตอนนี้น้ำลดมากแล้ว จะแห้งตอนไหนครับ ความสูงระดับประมาณ 30 ซม ครับ น้ำท่วมมาแล้วตั้งแต่วันที่ 25,https://storage.googleapis.com/traffy_public_bucket/attachment/2026-09/eb66f0a7ff7257861690c2a9f9967b12.jpeg
2026-E3F7FD,inprogress,2026-09-28 09:46,2026-09-28 11:43,100.65705,13.79291,บึงกุ่ม,คลองกุ่ม,น้ำท่วมสูงมากขอกระสอบทรายกันประตูไปยังไม่ได้รับสงสัยมาหลังน้ำลด ความสูงระดับขาอ่อน น้ำท่วมมาแล้ว4วัน,https://storage.googleapis.com/traffy_public_bucket/attachment/2026-09/59b705f09b585b8bd0e2001f2f6560dd.jpeg
2026-CEX6CG,inprogress,2026-09-28 09:47,2026-09-30 10:34,100.58102,13.93934,ดอนเมือง,สีกัน,ถนนหน้าหมู่บ้าน คาซ่า วิลล์ และคาซ่า เพรสโต้ น้ำท่วมขัง สูง มา 3-4 วันแล้ว รถผ่านเข้าออก ด้วยความลำบากมาก ความสูงระดับแนวระดับขอบฟุตปาท ประมาณ 50 ซม น้ำท่วมมาแล้ว3-4 วัน,https://storage.googleapis.com/traffy_public_bucket/attachment/2026-09/0b76858784f186c09bffb549b063c751.jpeg
2026-CRH37Z,inprogress,2026-09-28 09:49,2026-09-28 10:42,100.67061,13.71385,ประเวศ,ประเวศ,น้ำท่วมสูงมาหลายวันแล้วค่ะ ความสูงระดับเกือบเข่า น้ำท่วมมาแล้ว4 วันแล้วค่ะ,https://storage.googleapis.com/traffy_public_bucket/attachment/2026-09/c5c2f228a449337c2efd7f41aa3c6d3d.jpeg
2026-HJ6WFD,inprogress,2026-09-28 09:49,2026-09-28 11:27,100.73014,13.82421,มีนบุรี,มีนบุรี,เรียนแจ้งสำนักงานการระบายน้ำ ขนาดนี้น้ำในคลองสามวาเพิ่มสูงขึ้นไม่มีลดลงเลย อยากสอบถามว่าคาดว่าสูบน้ำออกประมาณเมื่อไหร่ครับ ชาวบ้านริมคลองได้ได้รับผลกระทบอย่างหนักตอนนี้สุขาเต็มแล้ว ความสูงระดับสูงกว่าเอว น้ำท่วมมาแล้วน้อยกว่า 1 สัปดาห์,https://storage.googleapis.com/traffy_public_bucket/attachment/2026-09/0c9832cb6c5039597d7c7ab344f6f7a1.jpeg
2026-RNJDGN,inprogress,2026-09-28 09:49,2026-09-28 11:43,100.66828,13.80476,บึงกุ่ม,คลองกุ่ม,หมู่บ้านนวธานี ซอยเสรีไทย 59 ทั้งหมู่บ้านน้ำท่วม ยังไม่มีหน่วยงานไหนเข้ามาช่วยเหลือ น้ำท่วมถึงเข่า เสบียงอาหารเริ่มหมด น้ำไม่มีการระบายค่ะ ขอความช่วยเหลือจริงๆ ค่ะ ความสูงระดับหัวเข่า น้ำท่วมมาแล้วน้อยกว่า 1 สัปดาห์,https://storage.googleapis.com/traffy_public_bucket/attachment/2026-09/dc84d135c691e856a53990ce94acc29e.jpeg
2026-YRFXBF,inprogress,2026-09-28 09:49,2026-09-28 10:03,100.80447,13.79537,หนองจอก,ลำผักชี,ติดตามความเคลื่อนไหวดำเนินการถึงไหนอย่างไรคะ 🚨 ข้อความร้องขอความช่วยเหลือถึง กทม. 🚨 ขอความช่วยเหลือเร่งด่วนจากหน่วยงาน กทม. ขณะนี้บริเวณหมู่บ้านฟอลวิลล์ สุวินทวงศ์ 38 แขวงลำผักชี เขตหนองจอก ฝนยังตกต่อเนื่องและระดับน้ำยังไม่ลดลง โดยมีน้ำท่วมสูงประมาณ 1 เ,https://storage.googleapis.com/traffy_public_bucket/attachment/2026-09/thumb_b2216d0a0b33ce33305752f9b2d680d7.jpg
2026-Z87BYB,inprogress,2026-09-28 09:49,2026-09-28 12:47,100.68593,13.78421,สะพานสูง,สะพานสูง,จากที่เคยแจ้งว่า น้ำท่วมผิวถนน จนมองไม่เห็นว่ามีคูน้ำ อยู่ริมทาง ทำให้รถตกน้ำหลายคันแล้ว ขอเจ้าหน้าที่เร่งระบายน้ำออกด่วนค่ะ ความสูงระดับข้อเท้า น้ำท่วมมาแล้วน้อยกว่า 1 สัปดาห์,https://storage.googleapis.com/traffy_public_bucket/attachment/2026-09/9cfdb39e8f173cfb140a0a77986bb5dd.jpeg
2026-ZWFV8Z,start,2026-09-28 09:49,2026-09-28 09:49,100.83092,13.76374,ลาดกระบัง,ลำปลาทิว,อยากได้กระสอบทรายหรือไม่ก็ทรายมาใส่กระสอบเองก็ได้ครับที่หมู่บ้านน้ำกำลังเข้า หมู่บ้าน ความสูงระดับตอนนี้หมู่บ้านข้างหลังทั่วประมาณ 30 เซ็นต์ น้ำท่วมมาแล้วตอนนี้น้ำกำลังขึ้นครับกลัวจะไม่พอ,https://storage.googleapis.com/traffy_public_bucket/attachment/2026-09/51305c7719637eba431906b82472a9b3.jpeg
2026-ABVW3D,finish,2026-09-28 09:50,2026-09-29 13:48,100.55892,13.85456,หลักสี่,ทุ่งสองห้อง,น้ำยังท่วมสูงช่วยระบายให้เร็วกว่านี้..เมื่อคืนฝนก็ไม่ตกแล้ว..แจ้งการดำเนินการตอบกลับด้วย.. ความสูงระดับหัวเข่า น้ำท่วมมาแล้วมากกว่า 1 สัปดาห์,https://storage.googleapis.com/traffy_public_bucket/attachment/2026-09/6e37a1f435a368e6ae66d5bb03f3f8cb.jpeg
2026-AU66P8,inprogress,2026-09-28 09:50,2026-09-28 10:28,100.69664,13.7272,ประเวศ,ประเวศ,วันที่ 28/9/2569 เวลา 10.00 ขอทราบความคืบหน้า น้ำท่วมขัง และสูงปริเวณ 60- 70 เซ็นติเมตร ฝนตกต่อเนื่อง ถนนเฉลืมพระเกียรติ ร.9 แบกประเวศ มาทาง สถานนี้รถไฟฟ้าบ้านทับช้าง ยังไม่เห็นข้าราชการไทย ออกมาดูประชาชน เป็นวันหยุดราชการ อีก 2 วัน แนะนำให้ปืดประเทศไปเลย,https://storage.googleapis.com/traffy_public_bucket/attachment/2026-09/18f96bf992662b33cb1a2cec4800c972.jpeg
2026-VZR9AF,inprogress,2026-09-28 09:50,2026-09-28 10:46,100.6943,13.83023,คลองสามวา,บางชัน,ในซอยนี้น้ำยังท่วมสูงอยู่เลยค่ะ คนติดในคอนโดอินทราวิวเยอะเลย ความสูงระดับเอว น้ำท่วมมาแล้วน้อยกว่า 1 สัปดาห์,https://storage.googleapis.com/traffy_public_bucket/attachment/2026-09/84ce3c7b03645dee8d2ef56a3a383b63.jpeg
2026-X37G37,inprogress,2026-09-28 09:50,2026-09-28 11:43,100.65545,13.78072,บึงกุ่ม,คลองกุ่ม,น้ำท่วมบ้านลึก1เมตร ที่ 657/30แยกอุเทน 8 ซอยนวมินทร์ 24 ถนนนวมินทร์ แขวงคลองกุ่ม เขตบึงกุ่ม กทม 10240 ที่บ้านมีเด็กเล็กและคนแก่ ต้องการขอความช่วยเหลือ ความสูงระดับตอนนี้สูงประมาณเมตรกว่าแล้วครับ น้ำท่วมมาแล้วน้ำยังขึ้นเรื่อยๆไม่มีทีท่าว่าจะลด,https://storage.googleapis.com/traffy_public_bucket/attachment/2026-09/68d1a17a479f94e1e65a9a460b333584.jpeg
2026-X4YUFV,inprogress,2026-09-28 09:50,2026-09-28 14:11,100.63275,13.74175,สวนหลวง,สวนหลวง,น้ำในซอยพระรามเก้า 60 ยังท่วมสูง ไม่ลดเลย สูงระดับเข่าแล้วค่ะ น้ำนิ่งใกล้เน่าแล้วด้วยค่ะ น้ำเลยเข่าแล้วค่ะ น้ำท่วมมาแล้วน้อยกว่า 1 สัปดาห์,https://storage.googleapis.com/traffy_public_bucket/attachment/2026-09/7c09a2f6489c05c3f974ecb696a76c31.jpeg
2026-4UTGVF,inprogress,2026-09-28 09:51,2026-09-28 10:03,100.8921,13.85117,หนองจอก,หนองจอก,แถวบ้านน้ำท่วมมาก ออกไปซื้อของลำบาก มีเด็กเล็ก ผู้สูงอายุ ประมาณ 5หลัง ความสูงระดับหน้าแข้ง น้ำท่วมมาแล้ว3วัน,https://storage.googleapis.com/traffy_public_bucket/attachment/2026-09/d7e1b0e7dd5af0573e2e354562ddf734.jpeg
2026-9U3E8V,finish,2026-09-28 09:51,2026-09-28 11:55,100.58186,13.84746,จตุจักร,เสนานิคม,แจ้งว่าในซอยพหลโยธิน 44 น้ำยังไม่ลดค่ะ สูงประมาณครึ่งน่องช่วงต้นซอย ในซอยลึกกว่านั้นค่ะ ขอเป็นกำลังใจให้เจ้าหน้าที่ของ กทม ทุกท่านนะคะ เห็นความตั้งใจในการพยายามแก้ปัญหาค่ะ ประมาณครึ่งแข้งแต่ในซอยจะลึกกว่าค่ะ ตั้งแต่กลางคืนวันศุกร์ 25 กย ค่ะ,https://storage.googleapis.com/traffy_public_bucket/attachment/2026-09/8d279503f1cbb01918990dfc6f18e951.jpeg
2026-FD47VM,inprogress,2026-09-28 09:51,2026-09-28 10:41,100.69054,13.67705,ประเวศ,ดอกไม้,น้ำท่วมขังสูงมาก ความสูงระดับประมาณเข่า น้ำท่วมมาแล้ว2-3 วัน,https://storage.googleapis.com/traffy_public_bucket/attachment/2026-09/thumb_863664b70f9c95032727e700402023ed.jpg
2026-HAN3M4,forward,2026-09-28 09:52,2026-09-28 09:54,100.52736,13.77384,ดุสิต,สวนจิตรลดา,ปัญหาน้ำขัง ความสูงระดับไม่สูง น้ำท่วมมาแล้วแค่น้ำขัง,https://storage.googleapis.com/traffy_public_bucket/attachment/2026-09/2e3e5afccc01a24c29e43eb416b064f5.jpeg
2026-MGDBKN,inprogress,2026-09-28 09:52,2026-09-30 10:33,100.60278,13.93248,ดอนเมือง,สีกัน,น้ำท่วมขังและเริ่มเน่าเสียรบกวนดำเนินการปรับปรุงแก้ไขปัญหาน้ำท่วมโดยด่วนด้วยครับขอบคุณครับบริเวณซอยสรณคมน์26ดอนเมือง ความสูงระดับหัวเข่า น้ำท่วมมาแล้วน้อยกว่า 1 สัปดาห์,https://storage.googleapis.com/traffy_public_bucket/attachment/2026-09/eae4b8e2a3cf9d28bdcf8cfa6b9bd47f.jpeg
2026-PZ39J8,inprogress,2026-09-28 09:52,2026-09-28 18:47,100.62393,13.75092,บางกะปิ,หัวหมาก,น้ำท่วมบ้าน ออกไปข้างนอกไม่ได้ ไม่มีอาหารกินครับ ที่บ้านมีอยู่ 4 คน ความสูงระดับหัวเข่า น้ำท่วมมาแล้วน้อยกว่า 1 สัปดาห์,https://storage.googleapis.com/traffy_public_bucket/attachment/2026-09/d7aaeb44e58e686142068c5a149f2982.jpeg
2026-ART6GX,start,2026-09-28 09:53,2026-09-28 09:53,100.72656,13.73754,ลาดกระบัง,คลองสองต้นนุ่น,แนวคลองหนึ่ง ไหลลงประเวศบุรีรมย์ ประตูน้ำวัดกระทุ่มเปิด พระโขนงสูบออกเจ้าพระยา แต่ทำไมแขวงคลองสองต้นนุ่น แนวคลองหนึ่ง น้ำไม่ลดเลยนะครับ แถมเพิ่มอีก ความสูงระดับหัวเข่า น้ำท่วมมาแล้วน้อยกว่า 1 สัปดาห์,https://storage.googleapis.com/traffy_public_bucket/attachment/2026-09/d49c593d25b83ae402139f3ef831fdd6.jpeg
2026-CMADH7,inprogress,2026-09-28 09:53,2026-09-28 11:48,100.6042,13.88819,บางเขน,อนุสาวรีย์,น้ำท่วมถนนพหลโยธินช่วงสะพานใหม่-สายหยุด 4 วันแล้ว สูงจนรถผ่านไม่ได้ เกินฟุตบาท ไม่มีทางการเข้ามาช่วยเหลือเลย! ถนนใกล้เคียงแห้งหมดแล้ว ความสูงระดับหน้าแข้ง น้ำท่วมมาแล้วน้อยกว่า 1 สัปดาห์,https://storage.googleapis.com/traffy_public_bucket/attachment/2026-09/25d0dfe70e7480b88cbc96500b4fc153.jpeg
2026-MAPAZX,finish,2026-09-28 09:53,2026-09-30 18:26,100.68808,13.78962,คันนายาว,คันนายาว,น้ำท่วมถึงเอวค่ะ ออกไปซื้อของกินพวก น้ำ อาหารไม่ได้ค่ะ และบ้านข้างๆมีคนแก่และเด็กด้วยค่ะ ที่บ้านมีแมวด้วย 3 ตัวค่ะ อาหารและทรายหมดค่ะตอนนี้ 📍บ้านเลขที่ 30 แยก 2 ซอยเสรีไทย 46 สะพานเล็กคลองแสนแสบค่ะ ความสูงระดับประมาน่องขาบนค่ะ น้ำท่วมมาแล้วตั้งแต่่วันที่,https://storage.googleapis.com/traffy_public_bucket/attachment/2026-09/3fb4b5c3baa51701e6278190593c028c.jpeg
2026-D9P6G9,inprogress,2026-09-28 09:54,2026-09-28 10:28,100.6731,13.67803,ประเวศ,ดอกไม้,บ้านได้รับความเสียหายจากน้ำท่วมค่ะ ข้างฝาบ้านพัง เครื่องซักผ้าพัง ค่ะ อยากให้เข้ามาดูแลเยียวยาความเสียหายของประชาชนค่ะ ความสูงระดับหัวเข่าค่ะ น้ำท่วมมาแล้วน้อยกว่า 1 สัปดาห์,https://storage.googleapis.com/traffy_public_bucket/attachment/2026-09/6188808a870dfeb4aeffecf3daf56089.jpeg
2026-FAXDWL,forward,2026-09-28 09:54,2026-09-28 10:47,100.67206,13.89472,สายไหม,ออเงิน,หมู่บ้านชัยพฤกษ์จตุโชติ 10 น้ำท่วมขังทางเข้าหมู่บ้านรถไม่สามารถสัญจรได้อยากให้ช่วยสูบน้ำออกหรือช่วยจัดการระบายน้ำออกให้ด้วยค่ะ ความสูงระดับหัวเข่า-เหนือเข่า น้ำท่วมมาแล้วมากกว่า3วัน,https://storage.googleapis.com/traffy_public_bucket/attachment/2026-09/54ef7aedb75bf79b1a0febe243d5ac24.jpeg
2026-LLHJH8,inprogress,2026-09-28 09:54,2026-09-28 11:36,100.60169,13.87479,บางเขน,อนุสาวรีย์,หมู่บ้านติดคลองรางอ้อ-รางแก้ว เขตบางเขน น้ำในคลองตอนนี้สูงกว่าน้ำท่วมหมู่บ้าน... *กทม.เขตบางเขน ต้องเร่งระบายน้ำในคลอง... ความสูงระดับสูงกว่าเอว น้ำท่วมมาแล้วตั้งแต่25ก.ย.,https://storage.googleapis.com/traffy_public_bucket/attachment/2026-09/thumb_75c351b95d106ee5577fa773cadc1d95.jpg
2026-PRT6DK,inprogress,2026-09-28 09:54,2026-09-28 12:47,100.67119,13.77522,สะพานสูง,สะพานสูง,น้ำท่วมมา3วันไม่มีเขตเข้ามาที่นี่ไม่เคยท่วมปีนี้ท่วม ความสูงระดับเข่า น้ำเพิ่มขึ้นเรื่อยๆค่ะ ความสูงระดับหน้าแข้ง น้ำท่วมมาแล้วน้อยกว่า 1 สัปดาห์,https://storage.googleapis.com/traffy_public_bucket/attachment/2026-09/bef0661c05aaed541e9d5bc60e0f8afe.jpeg
2026-XX9JR9,inprogress,2026-09-28 09:55,2026-09-28 10:04,100.88513,13.75719,หนองจอก,ลำต้อยติ่ง,ตอนนี้บริเวณซอยวิบูลย์สาธุกิจ 10 แถววัดลำต้อยติ่ง แขวงลำต้อยติ่ง เขตหนองจอก น้ำยังท่วมขึ้นเรื่อยๆเลยค่ะ รบกวนสำนักงานเขตหนองจอก เข้าดูพื้นที่โซนนี้หน่อยนะคะ และรบกวนขอกระสอบทรายมาลงพื้นที่ใกล้ๆให้หน่อยนะคะ ตอนนี้ไม่สามารถขับรถหรือออกจากบ้านได้ค่ะ ที่บ้านม,https://storage.googleapis.com/traffy_public_bucket/attachment/2026-09/919cf9624942f9b3c85cff9af7897366.jpeg
2026-Z29P8D,inprogress,2026-09-28 09:55,2026-09-28 11:27,100.7622,13.80536,มีนบุรี,แสนแสบ,น้ำท่วมบ้าน ของกินที่ตุนใกล้จะหมด ไม่ได้รับการช่วยเหลือ ความสูงระดับหัวเข่า น้ำท่วมมาแล้วน้อยกว่า 1 สัปดาห์,https://storage.googleapis.com/traffy_public_bucket/attachment/2026-09/7d1a0511d047beead06d25b254fa705e.jpeg
2026-ATNXP6,forward,2026-09-28 09:56,2026-09-30 15:18,100.43477,13.60427,บางขุนเทียน,ท่าข้าม,ท่วมทั่งเส้น ท่อที่วางไว้ก็ไม่ทำสักที นำ้ขังตลอดเส้นไม่มีหน่วยงานไหนเคยสนใจ ความสูงระดับหน้าแข้ง น้ำท่วมมาแล้วมากกว่า 1 สัปดาห์,https://storage.googleapis.com/traffy_public_bucket/attachment/2026-09/e80b150db504e4015a348532e511cb4f.jpeg
2026-8JT3EC,inprogress,2026-09-28 09:57,2026-09-30 11:48,100.61702,13.94656,ดอนเมือง,สนามบิน,ปากซอยวิภาวดีรังสิต84 น้ำไม่ลดเลย ไม่มีคนมาดูแล ไม่มีเครื่องสูบน้ำ เขคดอนเมืองแต่ไม่มีคนสนใจเลย ความสูงระดับหน้าแข้ง น้ำท่วมมาแล้วน้อยกว่า 1 สัปดาห์,https://storage.googleapis.com/traffy_public_bucket/attachment/2026-09/aef80054012410ce78dfce3b7adcf852.jpeg
2026-UVK6E9,finish,2026-09-28 09:57,2026-10-05 13:50,100.6363,13.69362,พระโขนง,บางจาก,น้ำท่วมขังในซอย น้ำไม่ระบายมาตั้งแต่วันเสาร์ที่ 26 ทำให้สัญจรในซอยลำบาก มีบ้านหลายหลังได้รับผลกระทบ ความสูงระดับหัวเข่า น้ำท่วมมาแล้วน้อยกว่า 1 สัปดาห์,https://storage.googleapis.com/traffy_public_bucket/attachment/2026-09/thumb_38d90b8abdb4b9b2e5d7858477273c93.jpg
2026-XRYGKB,inprogress,2026-09-28 09:57,2026-09-30 11:48,100.6034,13.93227,ดอนเมือง,สีกัน,น้ำท่วมสูงและมีน้ำเน่าเสียปริมาณมากอยากให้เข้ามาช่วยปรับปรุงแก้ไขให้โดยด่วนด้วยครับขอบคุณครับ ความสูงระดับหัวเข่า น้ำท่วมมาแล้วน้อยกว่า 1 สัปดาห์,https://storage.googleapis.com/traffy_public_bucket/attachment/2026-09/051c48dc1f8572617cdbb4d90cfc1149.jpeg
2026-MBTRTG,inprogress,2026-09-28 09:58,2026-09-30 10:14,100.5806,13.91318,ดอนเมือง,ดอนเมือง,น้ำท่วมขังในซอยสูง 20 เซนติเมตร น้ำเริ่มมีกลิ่น มีขยะลอย ความสูงระดับหน้าแข้ง น้ำท่วมมาแล้วน้อยกว่า 1 สัปดาห์,https://storage.googleapis.com/traffy_public_bucket/attachment/2026-09/72ddf4d5f814078ed9d973b351321fe8.jpeg
2026-MPJ3RF,inprogress,2026-09-28 09:58,2026-09-28 13:12,100.67351,13.76995,สะพานสูง,สะพานสูง,น้ำขังประมาณ 50-60 ซม. ปริ่มๆ กำลังจะเข้าบ้าน และวันนี้มีฝนตกหนักอีก เลยจะขอกระสอบทรายมากั้นหน้าประตูบ้านไว้ค่ะ #ขอกระสอบทราย/อื่นๆ,https://storage.googleapis.com/traffy_public_bucket/attachment/2026-09/bc599a99bc6b1ed0134150f6f15a30dd.jpeg
2026-VK2A76,start,2026-09-28 09:58,2026-09-28 09:58,100.71262,13.76232,ลาดกระบัง,คลองสองต้นนุ่น,หมู่บ้าน perfect place ฝั่งกรุงเทพกรีฑาตัดใหม่ (ด้านหลังติดร่มเกล้า) น้ำท่วมขัง 5 หมู่บ้านด้านใน ไม่สูงมาก แต่ด้านหน้าและด้านหลังหมู่บ้าน รถเล็กไม่สามารถออกได้เลย หมู่บ้านมีเครื่องสูบน้ำ 3 ตัว เสีย 2 ตัว เพื่อเป็นข้อมูลในการพิจารณา หมู่บ้านเรามีทุ่งให,https://storage.googleapis.com/traffy_public_bucket/attachment/2026-09/513549f395f3513a5fff411413b8d766.jpeg
2026-7PLANZ,inprogress,2026-09-28 09:59,2026-09-28 18:42,100.64687,13.78363,บางกะปิ,คลองจั่น,น้ำท้วมถึงแลั๊กไฟแล้ว น้ำเน่าเสีย ไม่มีอาหาร ความสูงระดับหัวเข่า น้ำท่วมมาแล้วน้อยกว่า 1 สัปดาห์,https://storage.googleapis.com/traffy_public_bucket/attachment/2026-09/8c4ed1ec4df5938eaf9b591a78fd24ba.jpeg
2026-AKNH9U,forward,2026-09-28 09:59,2026-09-28 10:15,100.65384,13.78136,บึงกุ่ม,คลองกุ่ม,น้ำไม่ลดเลยครับ ความสูงระดับเอว น้ำท่วมมาแล้ว25 กย . ทั้งหมู่บ้านศรีนคร นวมินทร์24 มีการใช้เครื่องระบายน้ำไหมครับ,https://storage.googleapis.com/traffy_public_bucket/attachment/2026-09/411a570c9e7f6f3a63209aec834a1942.jpeg
2026-T7V2BL,inprogress,2026-09-28 09:59,2026-09-28 14:10,100.63942,13.72038,สวนหลวง,สวนหลวง,ที่บ้านน้ำท่วมไม่มีข้าวสารแล้วค่ะ ขอถุงยังชีพด้วยค่ะ เซเว่นของก่อหมด ความสูงระดับหน้าแข้ง น้ำท่วมมาแล้วน้อยกว่า 1 สัปดาห์,https://storage.googleapis.com/traffy_public_bucket/attachment/2026-09/71a2574578da78e8655cede85cbaf4b8.jpeg
2026-EU9KCC,inprogress,2026-09-28 10:00,2026-09-28 10:07,100.684,13.67548,ประเวศ,ดอกไม้,น้ำท่วมตรงแฟลตตำรวจ สน.อุดมสุข ม.รามคำแหง2(ราม2) พ่อหนูไม่ได้เข้าบ้าน5วันแล้วค่า เพราะรถไฟฟ้าเอาเข้ามาตรงน้ำท่วมไม่ได้ วิธีแก้ สูบน้ำออก แก่ระยะยาว ถมที่ให้สูง เพราะตรงนี้ท่วมเป็นประจำทต่อให้จะตกนิดเดียวค่ะ ความสูงระดับเอว น้ำท่วมมาแล้วน้อยกว่า 1 สัปดาห,https://storage.googleapis.com/traffy_public_bucket/attachment/2026-09/5acd0b9f18c6f5cb02071f1a8c0438c4.jpeg
2026-KGW6ME,inprogress,2026-09-28 10:01,2026-09-28 10:46,100.69486,13.84889,คลองสามวา,บางชัน,ช่วยระบายน้ำออกจากหมู่บ้าน ให้เบาบางลงกว่านี้นิดนึงได้ไหมครับเผื่อรถมอเตอร์ไซค์เดินทางได้ ระดับถนน 50 เซนติเมตรครับ ตั้งแต่วันที่ 25 แล้วครับ,https://storage.googleapis.com/traffy_public_bucket/attachment/2026-09/4214fd84aecd38ff0ba1e53564226127.jpeg
2026-BZ78Y6,inprogress,2026-09-28 10:02,2026-09-28 14:09,100.63528,13.70614,สวนหลวง,สวนหลวง,****ระดับน้ำในบ้านสูงขึ้นอีก น้ำในบ้านเน่า มีผู้สูงอายุในบ้าน 2 คน**** ต้องการให้สูบน้ำออกเพื่อให้รถออกจากบ้านได้ ถนนหลักน้ำลดลงเยอะมากแล้ว ที่อยู่ อ่อนนุช 46 ซอย 1 อยู่เลยจากลุมพินี แต่ก่อนถึงวงเวียน ความสูงระดับสูงกว่าเอว น้ำท่วมมาแล้ว3 วันแล้ว,https://storage.googleapis.com/traffy_public_bucket/attachment/2026-09/d0c448c4cd7c2321d9843ca559c28081.jpeg
2026-6BXYY6,inprogress,2026-09-28 10:04,2026-09-28 11:43,100.63708,13.83583,บึงกุ่ม,นวลจันทร์,"ตอนนี้นอกจากสถานการณ์น้ำท่วม ผมอยากให้มีใครหรือหน่วยงานไหนก็ได้ ทำเว็บรับแจ้งเก็บป้ายทะเบียน ที่หล่นหายอ่ะครับ เพื่อให้ไปรับตามจุดที่กำหนด เช่น สำนักงานเขต , สน หรือ ตามประชาชนที่ใจดีเก็บไว้ให้ ช่วยออกประกาศให้ได้หรือเปล่าครับ #ขอกระสอบทราย/อื่นๆ",https://storage.googleapis.com/traffy_public_bucket/attachment/2026-09/150851855bcb517ab779c58e03949f67.jpeg
2026-BHVFCH,finish,2026-09-28 10:04,2026-09-29 13:46,100.55504,13.86285,หลักสี่,ทุ่งสองห้อง,น้ำท่วมมา 3 วันแล้ว ส่งไปไม่รับเรื่อง ความสูงระดับหน้าแข้ง น้ำท่วมมาแล้วน้อยกว่า 1 สัปดาห์,https://storage.googleapis.com/traffy_public_bucket/attachment/2026-09/1698e7d2ad63781bbabd4a9b7377bcd6.jpeg
2026-BMT984,inprogress,2026-09-28 10:06,2026-09-30 10:14,100.60318,13.93162,ดอนเมือง,สีกัน,น้ำท่วมสูงและโครงการก่อสร้างถนนในซอยสรณคมน์24ล่าช้ามาจนน้ำท่วมสูงโครงการก่อสร้างก็ล่าช้ารบกวนดำเนินการปรับปรุงแก้ไขด้วยครับขอบคุณครับ ความสูงระดับหัวเข่า น้ำท่วมมาแล้วน้อยกว่า 1 สัปดาห์,https://storage.googleapis.com/traffy_public_bucket/attachment/2026-09/30b232d5f9a0b9863b593012ba3c1c9d.jpeg
2026-MDGWGR,finish,2026-09-28 10:07,2026-09-28 13:50,100.6174,13.77553,วังทองหลาง,พลับพลา,น้ำลดลงช้ามากเลยค่ะ ความสูงระดับหน้าแข้ง น้ำท่วมมาแล้วน้อยกว่า 1 สัปดาห์,https://storage.googleapis.com/traffy_public_bucket/attachment/2026-09/3bd5b2bac2a47f68dd18f2912cbf8bf6.jpeg
2026-VGXH2D,start,2026-09-28 10:07,2026-09-28 10:07,100.71438,13.75935,ลาดกระบัง,คลองสองต้นนุ่น,น้ำท่วมหมู่บ้าน ออกไปไหนไม่ได้ครับ ความสูงระดับหัวเข่า น้ำท่วมมาแล้วน้อยกว่า 1 สัปดาห์,https://storage.googleapis.com/traffy_public_bucket/attachment/2026-09/thumb_19cd8339c6c4ba5841a0392a7bc7abc3.jpg
2026-W98774,finish,2026-09-28 10:07,2026-09-30 19:09,100.62159,13.93428,ดอนเมือง,สนามบิน,แจ้งเรื่องการปฏิบัติหน้าที่ของประธานชุมชนและคณะกรรมการชุมชนทัดชาวิลล่าว่าได้เอาเชือกมาผูกไว้กับเสากระจกมองรถทั้ง2เสาทำให้การสัญจรของลูกบ้านทั้งหมู่บ้านมีปัญหาเข้าออกไม่ได้เพราะน้ำท่วมขังทางเข้าออกแต่ล่ะซอยลูกบ้านในชุมชนทัดชาลำบากพอแล้ว ที่ต้องเข้าออกซอย1เ,https://storage.googleapis.com/traffy_public_bucket/attachment/2026-09/07c7033f66636e7b2ce38d2ce3838c4c.jpeg
2026-D994F8,forward,2026-09-28 10:08,2026-09-28 10:49,100.62952,13.88569,สายไหม,คลองถนน,น้ำท่วมขังมา 3 วันแล้วค่ะ อยากทราบว่ากี่วันน้ำจะระบายคะ ตอนนี้เหมือนจะยังทรงๆอยู่ค่ะ ความสูงระดับพหลโยธิน 52 ชุมชนสุขฤดีนะคะ เนื่องจากโลเคชั่นที่แชร์มันอยู่ฝั่งตรงข้ามคู่ขนานกัน น้ำท่วมมาแล้วประมาณ 50 cm ท่วมตั้งแต่เย็นวันศุกร์ที่ 24/9 ค่ะ,https://storage.googleapis.com/traffy_public_bucket/attachment/2026-09/e592a5aac9ea0d80409ab8e92c477cd0.jpeg
2026-WZB68D,inprogress,2026-09-28 10:08,2026-09-28 12:16,100.68292,13.81512,คันนายาว,คันนายาว,หมู่บ้านแสงอรุณ ซอยรามอินทรา 68 แขวง/เขต คันนายาว ประสบป้ญหาน้ำท่วมตั้งแต่ 25 ก.ย. 2569 ถึงปัจจุบัน ระดับน้ำไม่ลดลงเลย หน้าหมูบ้านมีเครื่องสูบน้ำของเขตตั้งอยู่ แต่ไม่ มีการเปืดเครื่องสูบน้ำให่้ทำงานเลย ทั้งที่เป็นภาวะวิกฤตของคนในหมู่บ้านใหญ่ มากกว่า 500 ห,https://storage.googleapis.com/traffy_public_bucket/attachment/2026-09/8d0e9fe45e5b646a58877234de0ee9dd.jpeg
2026-XM2JXC,inprogress,2026-09-28 10:08,2026-09-28 10:46,100.79179,13.90167,คลองสามวา,สามวาตะวันออก,น้ำท่วมจากทางท่อระบายในห้องน้ำ บวกกับฝนตกหนักทำให้พื้นที่บริเวณบ้านไม่สามารถระบายน้ำออกไปได้ ห้องน้ำไม่สามารถใช้งานได้แต่วันศุกร์ อยากจะขอความช่วยเหลือค่ะ ความสูงระดับหน้าแข้ง น้ำท่วมมาแล้วตั้งแต่วันศุกร์,https://storage.googleapis.com/traffy_public_bucket/attachment/2026-09/ed836c6c4c883536d067ef5b91d463ed.jpeg
2026-2F6K7R,finish,2026-09-28 10:09,2026-09-28 11:54,100.57977,13.84364,จตุจักร,เสนานิคม,สวัสดีค่ะ รบกวนแจ้งปัญหาน้ำท่วมขังในหมู่บ้านอยู่เจริญ ซ.พหลโยธิน 40 ค่ะ ตอนนี้น้ำท่วมขังสูงมา 3 วันแล้ว น้ำเริ่มเน่า ส่งกลิ่นเหม็น และมีสีเหลืองแล้วค่ะ เริ่มมียุ่งลายเพิ่มขึ้นแล้ว รบกวนดูให้หน่อยนะคะ ขอบคุณค่ะ ช่วงหน้าหมู่บ้านเกือบถึงเอวค่ะ แต่ในซอยหมู่บ้,https://storage.googleapis.com/traffy_public_bucket/attachment/2026-09/854f0a91af61a523a35c04c6407e6c9d.jpeg
2026-7MNA8X,start,2026-09-28 10:09,2026-09-28 10:09,100.72047,13.74125,ลาดกระบัง,คลองสองต้นนุ่น,น้ำท่วมถนนพัฒนาชนบท 3 และถนนในหมู่บ้านเดอะแพลนท์ พระราม9-วงแหวน ไม่สามารถเดินทางไปหาซื้ออาหารหรือทำงาน หรือไปโรงเรียนได้ เนื่องจากน้ำท่วมสูง ที่บ้านไม่มีรถกระบะจึงออกไม่ได้ น้ำเริ่มท่วมมาตั้งแต่วันศุกร์และเพิ่มระดับขึ้นเรื่อยๆ จนระดับน้ำในหมู่บ้านสูงเกินค,https://storage.googleapis.com/traffy_public_bucket/attachment/2026-09/eb6c027670863885e580817477a1caa0.jpeg
2026-N86AXE,inprogress,2026-09-28 10:09,2026-09-28 11:26,100.71284,13.8172,มีนบุรี,มีนบุรี,ในหมู่บ้านสภาพน้ำท่วมเข้าในครัวเรือน แต่ยังพออยู่อาศัยได้ จึงใคร่ขอสนับสนุนเครื่องสูบน้ำขนาดใหญ่ และกระสอบทราย เพื่อระบายน้ำออก และลดการใช้กำลังพลของรัฐเข้ามาช่วย จักได้ไปช่วยส่วนที่ท่วมสูงมากกว่า ความสูงระดับ30ซม. น้ำท่วมมาแล้วเริ่มเน่าแล้วค่ะ,https://storage.googleapis.com/traffy_public_bucket/attachment/2026-09/539b9b2506edd875bfe9eb41351c1c43.jpeg
2026-KGTTNX,finish,2026-09-28 10:10,2026-09-30 10:21,100.35504,13.6513,บางบอน,บางบอนเหนือ,แจ้งน้ำท่วมบ้าน แถวบางบอนค่ะ น้ำเข้าบ้านและโกดังญี่นถึงระดับเอวค่ะ เฟอร์นิเจอร์ และเครื่องไฟฟ้า และของในโกดังที่ขายเสียหายมากค่ะ ความสูงระดับสูงสุดเมื่อวานระดับเอวค่ะ รูป่ายได้เฉพาะตอนเข้าวันแรกระดับแข้ง เข่า ตอนระดับเอวคือเอามือถือเข้าไม่ได้แล้วค่ะ ขอบล,https://storage.googleapis.com/traffy_public_bucket/attachment/2026-09/0b6d0c1b6a9465b61d0032d2375cc7ec.jpeg
2026-NJKE77,inprogress,2026-09-28 10:11,2026-09-28 13:13,100.67956,13.77866,สะพานสูง,สะพานสูง,น้ำท่วมไม่ลดลงเลย ติดต่อกันมา 4 แล้วค่ะ มีเครื่องปั้มน้ำแต่เครื่องไม่เปิดทำงาน อยากให้เข้ามาดูค่พ ความสูงระดับหัวเข่า น้ำท่วมมาแล้ว4 วันค่ะ,https://storage.googleapis.com/traffy_public_bucket/attachment/2026-09/bbba1e444dc2a7004cfc49e590202c34.jpeg
2026-3BVW6R,inprogress,2026-09-28 10:12,2026-09-28 12:19,100.67031,13.84504,คันนายาว,รามอินทรา,ตอนนี้หมู่บ้านมณีมาศทาวน์เฮาส์ คู้บอน6 แยก 6 ตอนนี้น้ำขังในหมู่บ้าน ครับเริ่มจะส่งกลิ่นแล้วฮะ ฝากแจ้งช่วยระบายจุดนี้ด้วยนะครับ มันลดนิดนึงแต่หน้าบ้านยังขังอยู่ แถมบ้านด้านหน้าสูบน้ำระบายเข้ามาในหมู่บ้าน แล้วในหมู่บ้านมัน เป็นพื้นที่ต่ำกว่า หนักเลย T T ฝาก,https://storage.googleapis.com/traffy_public_bucket/attachment/2026-09/1a291e29ddc28b769a04556c265e858f.jpeg
2026-ACTCYW,forward,2026-09-28 10:13,2026-09-28 12:04,100.77098,13.72162,ลาดกระบัง,ลาดกระบัง,ตอนนี้น้ำเพิ่มสูงขึ้นเรื่อยๆ ในขณะที่ด้านในกรุงเทพแห้งเกือบจะหมดแล้ว อยากให้หาทางเอาน้ำด้านนอกด้วยค่ะ ให้รับน้ำอย่างเดียวแต่ไม่เอาน้ำเลยออกเลย คนทางนี้จะแย่แล้วค่ะ มีคนแก่ติดเตียงต้องดูแล ความสูงระดับเอว น้ำท่วมมาแล้วน้อยกว่า 1 สัปดาห์,https://storage.googleapis.com/traffy_public_bucket/attachment/2026-09/7de76152e461115218d6a31fa856ea18.jpeg
2026-AMD4NL,start,2026-09-28 10:13,2026-09-28 10:13,100.71241,13.76137,ลาดกระบัง,คลองสองต้นนุ่น,น้ำท่วมขังในหมู่บ้านและถนนในโครงการตั้งแต่วันพฤหัสที่ 24/9 และยังไม่ลด ความสูงระดับหน้าแข้ง น้ำท่วมมาแล้วน้อยกว่า 1 สัปดาห์,https://storage.googleapis.com/traffy_public_bucket/attachment/2026-09/028ce102d73944bf0a8422fea8e8936f.jpeg
2026-DVYH7B,finish,2026-09-28 10:13,2026-09-30 16:27,100.61564,13.67358,บางนา,บางนาเหนือ,ขอกระสอบทรายมาทำทางเดินเข้าบ้าน เนื่องจากมีน้ำท่วมขังทำให้การเดินทางเข้าออกลำบากค่ะ #ขอกระสอบทราย/อื่นๆ,https://storage.googleapis.com/traffy_public_bucket/attachment/2026-09/5baa4778144bc2b8943f703621647b8d.jpeg
2026-P9R8GK,inprogress,2026-09-28 10:13,2026-09-28 10:23,100.88381,13.87304,หนองจอก,หนองจอก,ตอนนี้เนื่องจากสถานการณ์น้ำท่วมตอนนี้ ในชุมชนที่นี้น้ำท่วมซอย เข้าใจว่าแจกทรายแต่ต้องไปรับเองที่เขต นี้คือปัญหาทางบ้านเราไม่มีรถยนต์ที่จะขนมาได้ ความสูงระดับหน้าแข้ง น้ำท่วมมาแล้วมากกว่า1วัน,https://storage.googleapis.com/traffy_public_bucket/attachment/2026-09/ab3e16f59a6e6fc4ed7a82e6bae6c8d9.jpeg
2026-93WVZX,inprogress,2026-09-28 10:15,2026-09-30 10:13,100.5788,13.91246,ดอนเมือง,ดอนเมือง,น้ำและถนนประชาอุทิศ 18 เริ่มลดลงแต่ในหมู่บ้านยังอยู่ที่ระดับหัวเข่าไม่มีที่ระบาย อยากให้เอาเครื่องสูบน้ำมาช่วยสูบในหมู่บ้าน ความสูงระดับหัวเข่า น้ำท่วมมาแล้วน้อยกว่า 1 สัปดาห์,https://storage.googleapis.com/traffy_public_bucket/attachment/2026-09/3cfe86c44a249127f134cf1181e6575d.jpeg
2026-BH464U,start,2026-09-28 10:15,2026-09-28 10:15,100.73264,13.76086,ลาดกระบัง,คลองสองต้นนุ่น,4 วันแล้วเคหะร่มเกล้า น้ำไม่ลดเลย รบกวนท่านผู้ว่าช่วยด้วยนะคะ ไฟฟ้าก็ไม่มีใช้ น้ำเริ่มเน่าแล้ว ความสูงระดับอกค่ะ บางจุดมิดหัวแล้วค่ะ ไม่มีการระบายน้ำเลย ทางดร.จอร์น ขอเครื่องผลักดันน้ำก็ยังไม่ได้ค่ะ น้ำท่วมมาแล้ว4 วันค่ะ ไม่มีไฟฟ้าใช้,https://storage.googleapis.com/traffy_public_bucket/attachment/2026-09/541d60e59c790b379ac80dd5987905f0.jpeg
2026-DETLHT,inprogress,2026-09-28 10:15,2026-09-28 11:26,100.75623,13.77963,มีนบุรี,แสนแสบ,199/327 198/327 199/327,https://storage.googleapis.com/traffy_public_bucket/attachment/2026-09/60ab95694f4ae24ae51ac87eec3ab6a6.jpeg
2026-ELNVVJ,inprogress,2026-09-28 10:15,2026-09-28 13:13,100.68281,13.76483,สะพานสูง,สะพานสูง,น้ำในซอยท่วมสูง ไม่ลดระดับเลย ไม่สามารถสัญจรออกไปข้างนอกได้ ความสูงระดับหน้าแข้ง น้ำท่วมมาแล้วน้อยกว่า 1 สัปดาห์,https://storage.googleapis.com/traffy_public_bucket/attachment/2026-09/677dc627385d178ef9e745976c7b2c61.jpeg
2026-ZHDWVG,finish,2026-09-28 10:16,2026-09-29 10:30,100.37439,13.70989,บางแค,บางแคเหนือ,บ้านอยู่ เพชรเกษม 102/4 บริเวณบ้านมีป่ากล้วยเยอะนํ้าขังเยอะมาก ตอนนี้ใช้มอเตอร์สูบนํ้าขนาดเล็ก (ทำงานไม่ไหว) และ ใช้กระสอบทรายกันไว้ ต้นซอยแยก ถ้าไม่กั้นนํ้าจะไหลท่วมไปทั้งซอย ตอนนี้ต้องการระบายนํ้าลงคลอง รถเข้าบ้าน สัญจรไม่ได้ค่ะ อยากได้ปั๊มนํ้าตัวใหญ่,https://storage.googleapis.com/traffy_public_bucket/attachment/2026-09/b4b909d9af7c14f464f10d0443feb3f6.jpeg
2026-YTTKBG,inprogress,2026-09-28 10:18,2026-09-30 10:13,100.60138,13.93168,ดอนเมือง,สีกัน,ซอยสรณคมน์22น้ำท่วมสูงรบกวนเข้ามาดำเนินการแก้ไขให้ด่วนเนื่องจากน้ำมีความเน่าแล้วขอบคุณครับ ความสูงระดับหน้าแข้ง น้ำท่วมมาแล้วน้อยกว่า 1 สัปดาห์,https://storage.googleapis.com/traffy_public_bucket/attachment/2026-09/f855254065566afd718774fd8f75e799.jpeg
2026-C9372Z,inprogress,2026-09-28 10:19,2026-09-30 09:56,100.57577,13.92012,ดอนเมือง,ดอนเมือง,ในหมู่บ้านศิริสุข ท้ายสุดของถนนช่างอากาศอุทิศดอนเมือง น้ำท่วมขังสูง ไม่มีใครเข้ามาดูเลยคะ เขตดอนเมืองรายงานแค่เส้นหลักว่าช่างอากาศท่วม 5-10 cm (ดูแค่เส้นหลัก)แต่ไม่ลงมาดูตามซอยต่างว่าท่วมมากแค่ไหน ขอให้มาช่วยดูบ้างคะ ความสูงระดับป้ายหน้าหมู่บ้านศิริสุข น้,https://storage.googleapis.com/traffy_public_bucket/attachment/2026-09/bdfab2c6b5d1199c36ce7f4f61cfe029.jpeg
2026-EPHEYA,inprogress,2026-09-28 10:19,2026-09-28 10:25,100.68978,13.66984,ประเวศ,ดอกไม้,ซอยทุ่งเศรษฐี แขวงดอกไม้ เขตประเวศ 10250 ท่วมทั้งซอยมา 4 วันแล้ว ยังไม่ลด น้ำเลยหัวเข่า ความสูงระดับหัวเข่า น้ำท่วมมาแล้ว3 วัน,https://storage.googleapis.com/traffy_public_bucket/attachment/2026-09/6d59df8bf94522feb90eea4840d59578.jpeg
2026-JWDRV3,forward,2026-09-28 10:19,2026-09-28 11:08,100.62725,13.89705,สายไหม,คลองถนน,ถ.เพิ่มสิน และตามซอยต่างๆของเพิ่มสิน สะพานใหม่ น้ำไม่ลงเลยค่ะ เครื่องสูบน้ำเหมือนจะไม่ทำงานด้วย ความสูงระดับหน้าแข้ง น้ำท่วมมาแล้วน้อยกว่า 1 สัปดาห์,https://storage.googleapis.com/traffy_public_bucket/attachment/2026-09/98394588c902d856980a3d3c40e8ca9b.jpeg
2026-MNWJ24,finish,2026-09-28 10:19,2026-09-29 15:19,100.69023,13.8012,คันนายาว,คันนายาว,ขอความช่วยเหลือน้ำท่วมในพื้นที่ถนนสวนสยามซึ่งน้ำท่วมมา 3 วันแล้ว ในขณะที่พื้นที่อื่นน้ำแห้งแล้วจึงขอให้ทางกทมดำเนินการจัดส่งรถสูบน้ำมาเพื่อบรรเทาทุกข์และอาหารมาแจกจ่ายในบ้านมีเด็กเล็กอาศัยอยู่เป็นกลุ่มเปราะบาง ความสูงระดับตรงซอย 24 ประมาณครึ่งหน้าแข้งค่ะ ,https://storage.googleapis.com/traffy_public_bucket/attachment/2026-09/5192f7f5140b70e5b7c95c1d8b1c5966.jpeg
2026-A6MU6M,inprogress,2026-09-28 10:20,2026-09-28 10:23,100.87773,13.80688,หนองจอก,ลำต้อยติ่ง,น้ำท่วมบ้าน ซอยไปรษณีย์ แขวงลำต้อยติ่ง เขตหนองจอก ต้องการความช่วยเหลือ เช่น รองเท้าบูท กระสอบทราย อาหาร ความสูงระดับหน้าแข้ง น้ำท่วมมาแล้วน้อยกว่า 1 สัปดาห์,https://storage.googleapis.com/traffy_public_bucket/attachment/2026-09/6d41e3514c3133d5c5bdcca24c5a7e75.jpeg
2026-M7AD9Z,inprogress,2026-09-28 10:20,2026-09-28 14:09,100.63994,13.70633,สวนหลวง,สวนหลวง,น้ำในมิตรภาพ1ท่วมประมาณ80ซมไม่ลดเลยเครื่องสูบน้ำก็ไม่ทำงานขอความช่วยเหลือเร่งด่วนค่ะ ความสูงระดับเอว น้ำท่วมมาแล้วน้อยกว่า 1 สัปดาห์,https://storage.googleapis.com/traffy_public_bucket/attachment/2026-09/thumb_14a360957c08fb4a902f98dc4c8a5ee3.jpg
2026-8XC7ZP,inprogress,2026-09-28 10:21,2026-09-28 19:29,100.64433,13.77645,บางกะปิ,คลองจั่น,ซอยนวมินทร์25 น้ำท่วมสูงถึงเอว ไม่ลดมา3วันแล้ว มีผู้สูงอายุและเด็ก อยากให้น้ำลดลงบ้าง เอว 3วัน,https://storage.googleapis.com/traffy_public_bucket/attachment/2026-09/c6bf9beffe7370bdf0455a7fe577e7bd.jpeg
2026-NCLUBA,inprogress,2026-09-28 10:21,2026-09-28 14:01,100.6916,13.74387,สะพานสูง,สะพานสูง,ปัญหา: ภายในซอยนักกีฬาแหลมทอง 3 แยก 2 - 1 บ้านเลขที่ 18 เนื่องจากเกิดเหตุอุทกภัย จึงมีความประสงค์ขอรับความช่วยเหลือด้านอาหารและน้ำดื่ม จำนวน 4 ท่าน ซอย: นักกีฬาแหลมทอง 3 แยก 2-1 ถนน: นักกีฬาแหลมทอง เขต: สะพานสูง #1555,https://storage.googleapis.com/traffy_public_bucket/attachment/2022-12/da2125e781282589d482070c3dba1726aa16a4a7.jpg
2026-UB9ABE,forward,2026-09-28 10:21,2026-09-28 19:28,100.65079,13.77983,บางกะปิ,คลองจั่น,น้ำท่วมถนนศรีบูรพาและซอยศรีบูรพาทุกซอย ความสูงระดับ50เซน น้ำท่วมมาแล้วน้อยกว่า 1 สัปดาห์,https://storage.googleapis.com/traffy_public_bucket/attachment/2026-09/a05958f97c6de83c0efa70d355e513c6.jpeg
2026-ZZDC86,finish,2026-09-28 10:21,2026-09-30 14:00,100.60861,13.83771,ลาดพร้าว,จรเข้บัว,ปัญหาที่พบ 1.น้ำเข้าบ้านและไหลเข้าตามท่อ 2.มีการปล่อยน้ำที่ห่วยที่สุด 3.ข้าวของเสียหายได้แก่1.ตู้เสื้อผ้า2.โต๊ะเก็บของ ความสูงระดับหัวเข่า น้ำท่วมมาแล้ว2วันค่ะ,https://storage.googleapis.com/traffy_public_bucket/attachment/2026-09/7f38a1a4578200adcdf2ef26fa5e2c38.jpeg
2026-8M9TNM,inprogress,2026-09-28 10:22,2026-09-28 20:18,100.63828,13.76627,บางกะปิ,คลองจั่น,มีไข้ และปวดเมื่อยกล้ามเนื้อ ที่ขา มีประวัติ ติดเชื้อแบคทีเรียมาก่อน และสามวันนี้ต้องช่วงเดือน กค 69 ช่วง 3 วันนี้ต้องลุยน้ำท่วมระดับเข่าไปให้อาหารแมวที่บ้าน ซอย 138 และออกไปหาเสบียง มาให้พ่อแม่ ิอยากขอรบกวนรถมารับ ที่ WE hotel ซ.ลาดพร้าว 140 ค่ะ เพราะม,https://storage.googleapis.com/traffy_public_bucket/attachment/2026-09/a3184a533146f695775c351a3c7ef1a0.jpeg
2026-93W4GT,inprogress,2026-09-28 10:22,2026-09-28 14:01,100.69297,13.78585,สะพานสูง,สะพานสูง,น้ำท่วม เข้าในตัวบ้าน 3 วันแล้ว น้ำเปลี่ยนสี และมีกลิ่น ความสูงระดับหัวเข่า น้ำท่วมมาแล้วน้อยกว่า 1 สัปดาห์,https://storage.googleapis.com/traffy_public_bucket/attachment/2026-09/7b080d9d5ec808a9903f3d75f394da4a.jpeg
2026-PFKMEZ,inprogress,2026-09-28 10:22,2026-09-30 09:56,100.60059,13.93174,ดอนเมือง,สีกัน,ถนนบริเวณหมู่บ้านปิ่นเจริญ2น้ำท่วมสูงและเริ่มเน่ารบกวนดำเนินการปรับปรุงแก้ไขให้โดยด่วนด้วยครับขอบคุณครับ ความสูงระดับหัวเข่า น้ำท่วมมาแล้วน้อยกว่า 1 สัปดาห์,https://storage.googleapis.com/traffy_public_bucket/attachment/2026-09/708e02dea54be64181b0232539dc944d.jpeg
2026-2B7MPM,finish,2026-09-28 10:23,2026-10-05 15:17,100.62341,13.75144,บางกะปิ,หัวหมาก,แจ้ง วันที่ 28.9 เวลา 10.18 บ้านเลขที่4 ซอย 7 หมู่บ้านเสรี1 (รามคำแหง24แยก20) หัวหมาก บางกะปิ บ้านในหมู่บ้านจะ ต่ำกว่าถนนนะคะ น้ำเข้าบ้านสูงถึงหัวเข่า รามคำแหง24 น้ำยังไม่แห้งนะคะ ความสูงระดับหัวเข่าค่ะ น้ำท่วมมาแล้วน้ำเริ่มเน่าแล้ว ขยะ ลอยไปลอยมา น้,https://storage.googleapis.com/traffy_public_bucket/attachment/2026-09/adff268703cf68cc84008af50c197a3c.jpeg
2026-8MTHYY,finish,2026-09-28 10:23,2026-09-28 21:20,100.58212,13.8452,จตุจักร,เสนานิคม,อยากได้กระสอบทราย 50 กระสอบเพื่ออุดทางเข้าน้ำไหลท้ายซอยในบ้านจะได้ปั๊มน้ำจากในบ้านออกไปข้างนอกได้บ้านเลขที่ 106 / 1 ซอยพหลโยธิน 44 #ขอกระสอบทราย/อื่นๆ,https://storage.googleapis.com/traffy_public_bucket/attachment/2026-09/5a36c19488a5f12c61a465bf3397518f.jpeg
2026-92W6RV,forward,2026-09-28 10:23,2026-09-28 13:33,100.63906,13.73568,สวนหลวง,สวนหลวง,น้ำยังคงท่วมสูงที่ถนนพัฒนาการมุ่งหน้าแยกศรีนครินทร์ ความสูงระดับหัวเข่า น้ำท่วมมาแล้วน้อยกว่า 1 สัปดาห์,https://storage.googleapis.com/traffy_public_bucket/attachment/2026-09/f1d4013545f72fd9085e4c819381cf6d.jpeg
2026-CG8U4E,inprogress,2026-09-28 10:23,2026-09-28 12:20,100.68804,13.81181,คันนายาว,คันนายาว,ขอความช่วยเหลือน้ำท่วมในพื้นที่ถนนสวนสยามซึ่งน้ำท่วมมา 3 วันแล้ว ในขณะที่พื้นที่อื่นน้ำแห้งแล้วจึงขอให้ทางกทมดำเนินการจัดส่งรถสูบน้ำมาเพื่อบรรเทาทุกข์ พิกัด*** บริเวณปากซอย 8 มีผู้เปราะบางคือผู้สูงอายุและ*** ขอให้ทำการช่วยเหลือเป็นการด่วน ความสูงระดับครึ,https://storage.googleapis.com/traffy_public_bucket/attachment/2026-09/5897a53d30e3d25624cbbac2e05b585d.jpeg
2026-G4WPJU,forward,2026-09-28 10:23,2026-09-28 11:08,100.64244,13.89385,สายไหม,คลองถนน,หมู่บ้านวิสต้าปาร์ค วัชรพล10 น้ำท่วมสูงทั้งในหมู่บ้าน และถนนวัชรพลหน้าหมู่บ้าน คนในหมู่บ้านลำบากเข้าออกไปไหนไม่ได้ อาหารการกินลำบากมาก ความสูงระดับหัวเข่า น้ำท่วมมาแล้วน้อยกว่า 1 สัปดาห์,https://storage.googleapis.com/traffy_public_bucket/attachment/2026-09/5a98d16eef86e3c06b8ee730c635897c.jpeg
2026-MN6Z3P,inprogress,2026-09-28 10:23,2026-09-28 19:31,100.64258,13.74881,บางกะปิ,หัวหมาก,น้ำท่วมขังสูง รถยนต์เล็ก มอเตอร์ไซ ไม่สามารถสัญจร เข้าออกได้ ระดับน้ำทางหน้าปากซอย3 ระดับก้น-เอว อยู่ในคอนโด คิววัน (Q1)ซอย หัวหมาก3 ท่วมสูงในซอยมา3วันแล้ว ความสูงระดับตอนนี้ในตอนนี้น่าจะประมาณเข่าค่ะ น้ำท่วมมาแล้วแต่ปากซอยจะลึกกว่าในซอย,https://storage.googleapis.com/traffy_public_bucket/attachment/2026-09/a397ec2d90d58c68231ead69f20aa9d5.jpeg
2026-ZWRACX,inprogress,2026-09-28 10:23,2026-09-28 11:26,100.75621,13.77963,มีนบุรี,แสนแสบ,น้ำเริ่มขึ้นมาเรื่อยๆ ตั้งแต่วันที่25 /9/69 สูงประมาน 50 cm ++ ความสูงระดับหัวเข่า 199/327,https://storage.googleapis.com/traffy_public_bucket/attachment/2026-09/2f08d4609de672ed628fc0b426a8e62b.jpeg
2026-3EPJ6B,inprogress,2026-09-28 10:24,2026-09-28 11:26,100.75582,13.77859,มีนบุรี,แสนแสบ,น้ำท่วมในซอยร่มเกล้า 15 หมู่บ้านพนาสนต์ 3 ชาวบ้านเดือดร้อนมากท่วมกันทั้งซอยเลยครับ ด้านนอกซอยไม่ท่วมมแต่ในซอยท่วมหนักครับ 4 วันแล้วไม่มีทีท่าว่าน้ำจะลดลง ไม่แน่ใจทางคุณช่วยหาเครื่องสูบออกทางถนนใหญ่ หรืออย่างไรได้บ้างครับ ขอบคุณครับ ความสูงระดับสูงสุดประม,https://storage.googleapis.com/traffy_public_bucket/attachment/2026-09/195720c15a3b5792c575fe0f242439e9.jpeg
2026-JYHRYW,forward,2026-09-28 10:24,2026-09-28 19:44,100.62281,13.7611,บางกะปิ,หัวหมาก,น้ำท่วมซอยมา 3-4 วันแบเวแล้วนะคะ น้ำท่วมถึวเอว ออกจากซอยลำบาก เดินทางลำบาก ไม่มีของกิน เซเว่น ร้านค้าของหมด รบกวนระบายน้ำออกด่วน ทำไมที่อื่นแห้งแล้ว รามคำแหงยังไม่แห้ง มาดูแลบ้าง เสียภาษีเหมือนกัน รบกวนเร่งระบายน้ำ และก้ต้องการของกิน อยากให้มีอาหารมาแจก ร,https://storage.googleapis.com/traffy_public_bucket/attachment/2026-09/thumb_3d7473057451762101807e762d53ef54.jpg
2026-KNDGWK,inprogress,2026-09-28 10:24,2026-09-29 09:33,100.59029,13.74903,ห้วยขวาง,บางกะปิ,ปัญหา: ภายในซอยศูนย์วิจัย 8 พบน้ำท่วมขัง ระดับสูง 15 เซนติเมตร และน้ำไหลเข้าบ้านเรือนประชาชนแล้ว สร้างความเดือดร้อนให้กับผู้พักอาศัยภายในหมู่บ้าน ขอให้เจ้าหน้าที่เร่งดำเนินการ ซอย: ศูนย์วิจัย 8/1 ถนน: เพชรบุรี เขต: ห้วยขวาง #1555,https://storage.googleapis.com/traffy_public_bucket/attachment/2022-12/da2125e781282589d482070c3dba1726aa16a4a7.jpg
2026-LZRYJY,forward,2026-09-28 10:24,2026-09-28 10:31,100.66701,13.79821,บึงกุ่ม,คลองกุ่ม,สวัสดีค่ะ หมู่บ้านสหกรณ์น้ำท่วมระดับเอวถึงคอ ไม่มีลดมาหลายวันแล้ว แต่เพื่อนที่อื่นรอบๆลดลงแล้ว ความสูงระดับข้างนอกท่วมถึงเอว น้ำท่วมมาแล้ว3 วันค่ะ,https://storage.googleapis.com/traffy_public_bucket/attachment/2026-09/d49be69d9c4bc55151b350c1c18fa821.jpeg
2026-NJFVPG,inprogress,2026-09-28 10:24,2026-09-28 18:58,100.62281,13.7611,บางกะปิ,หัวหมาก,น้ำท่วมซอยมา 3-4 วันแบเวแล้วนะคะ น้ำท่วมถึวเอว ออกจากซอยลำบาก เดินทางลำบาก ไม่มีของกิน เซเว่น ร้านค้าของหมด รบกวนระบายน้ำออกด่วน ทำไมที่อื่นแห้งแล้ว รามคำแหงยังไม่แห้ง มาดูแลบ้าง เสียภาษีเหมือนกัน รบกวนเร่งระบายน้ำ และก้ต้องการของกิน อยากให้มีอาหารมาแจก ร,https://storage.googleapis.com/traffy_public_bucket/attachment/2026-09/thumb_3d7473057451762101807e762d53ef54.jpg
2026-P9P7A3,start,2026-09-28 10:24,2026-09-28 10:24,100.7152,13.72188,ลาดกระบัง,ลาดกระบัง,อยากได้กระสอบทรายมากันน้ำครับ หัวเข่าครับ 5 วันครับ,https://storage.googleapis.com/traffy_public_bucket/attachment/2026-09/5107f97711ebe54f56323918af1fe2d1.jpeg
2026-UDDVLW,inprogress,2026-09-28 10:24,2026-09-28 19:48,100.6439,13.78111,บางกะปิ,คลองจั่น,ถนนแฮปปี้แลนด์มีสาย 3 หน้าแมนชั่น ท่วมหนัก วันนร้วันที่3 ยังไม่ได้รับการช้วยเหลือทางราชการ ความสูงระดับเอว น้ำท่วมมาแล้วน้อยกว่า 1 สัปดาห์,https://storage.googleapis.com/traffy_public_bucket/attachment/2026-09/ecf60d66d310f0689317dea9ca8c2582.jpeg
2026-Y7XMN8,inprogress,2026-09-28 10:24,2026-09-28 19:00,100.65079,13.77983,บางกะปิ,คลองจั่น,น้ำท่วมถนนศรีบูรพาและซอยศรีบูรพาทุกซอย ต้องการอาหารและน้ำ ความสูงระดับหัวเข่า น้ำท่วมมาแล้วน้อยกว่า 1 สัปดาห์,https://storage.googleapis.com/traffy_public_bucket/attachment/2026-09/a1ae79c348613d4218aa9a82d05addc5.jpeg
2026-WXEZ8D,inprogress,2026-09-28 10:26,2026-10-05 14:56,100.63116,13.76381,บางกะปิ,คลองจั่น,คอนโด Tender Park ลาดพร้าว 130 และละแวกใกล้ๆ ต้องตัดน้ำ ไม่มีน้ำใช้ และต้องการน้ำดื่ม อาหารด้วยค่ะ #ขอกระสอบทราย/อื่นๆ,https://storage.googleapis.com/traffy_public_bucket/attachment/2026-09/be0e5b027efa4483396ee035ef323a20.jpeg
2026-NYJ23Z,inprogress,2026-09-28 10:27,2026-09-28 11:33,100.63,13.86014,บางเขน,ท่าแร้ง,น้ำท่วมสูง เครื่องสูบน้ำไม่ทำงาน ความสูงระดับเอว น้ำท่วมมาแล้วน้อยกว่า 1 สัปดาห์,https://storage.googleapis.com/traffy_public_bucket/attachment/2026-09/thumb_8cdce123ed1b84fc2d65b7b65dd123cb.jpg
2026-KKJVDC,finish,2026-09-28 10:28,2026-10-01 15:50,100.64782,13.77293,บางกะปิ,คลองจั่น,ปัญหา: แฟลตเคหะคลองจั่น อาคาร 18 ชั้น 2 บ้านเลขที่ 18/64 เนื่องจากเกิดเหตุอุทกภัย จึงมีความประสงค์ขอรับความช่วยเหลือด้านอาหารและน้ำดื่ม แพมเพิสเด็กไซส์ L ยาแก้ไอทั้งเด็กและผู้ใหญ่ ซอย: นวมินทร์ 6/3 ถนน: นวมินทร์ เขต: บางกะปิ #1555,https://storage.googleapis.com/traffy_public_bucket/attachment/2022-12/da2125e781282589d482070c3dba1726aa16a4a7.jpg
2026-ZCNTKY,inprogress,2026-09-28 10:28,2026-09-28 11:25,100.67282,13.69119,ประเวศ,หนองบอน,น้ำท่วมขัง ซอยเฉลิมพระเกียรติ ร.9 ซ.38 ความสูงระดับ50 cm. ครับ น้ำท่วมมาแล้ว3 วันครับ,https://storage.googleapis.com/traffy_public_bucket/attachment/2026-09/63476c5f5a3dbd8b1362dab15640489c.jpeg
2026-77PCY2,inprogress,2026-09-28 10:29,2026-09-28 11:26,100.68374,13.68208,ประเวศ,ดอกไม้,น้ำท่วมขังมา 3วันแล้ว รถออกไม่ได้ ไม่สามารถไปซื้อของกิน อาหารแห้งเข้าบ้านได้ ความสูงระดับจะเลยเข่าแล้วค่ะ น้ำท่วมมาแล้ว3วันแล้วค่ะ,https://storage.googleapis.com/traffy_public_bucket/attachment/2026-09/5db6713300b8f670c8dcf47786a15b1a.jpeg
2026-8KLPHZ,forward,2026-09-28 10:29,2026-09-28 13:32,100.63541,13.73431,สวนหลวง,สวนหลวง,น้ำท่วมหมู่บ้านสูง ไม่ลดลงเลยค่ะ รบกวนเร่งระบายน้ำให้หน่อยได้มั้ยคะ ไม่สามารถทำไรได้เลย อยู่แบบนี้มี 3วันแล้ว ถนนพัฒนาการ 50 ค่ะ ที่อื่นเค้าลดลงแล้ว แต่ที่นี่ยังไม่ลดลงเลย ไม่เคยเป็นแบบนี้ค่ะ ความสูงระดับหัวเข่า น้ำท่วมมาแล้วน้อยกว่า 1 สัปดาห์,https://storage.googleapis.com/traffy_public_bucket/attachment/2026-09/358dda86ff93f1b13968481d2c06a0b6.jpeg
2026-V6887A,inprogress,2026-09-28 10:29,2026-09-28 13:26,100.68288,13.76037,สะพานสูง,สะพานสูง,น้ำท่วมขังยาวนานออกไปไหนก็ลำบากขยะก็ทิ้งไม่ได้อาหารเริ่มร่อนหรอยาจำเป็นก็ร่อยหรอ อยากให้ช่วยกันดันน้ำออกไปซักที เครียดกันมากสุดสุดแล้ว ความสูงระดับเอว น้ำท่วมมาแล้วน้อยกว่า 1 สัปดาห์,https://storage.googleapis.com/traffy_public_bucket/attachment/2026-09/18fb8d914a22e470ffd82120744eb136.jpeg
2026-WVRNFX,inprogress,2026-09-28 10:29,2026-09-28 12:48,100.67295,13.78902,บึงกุ่ม,คลองกุ่ม,น้ำท่วมที่หมู่บ้านสหกรณ์ ถนนเสรีไทย ซอย เสรีไทย 57 เข้าววันที่ 3 แล้ว แต่น้ำแทบไม่ลดลง พอจะประมาณการว่าน้ำจะลดลงให่พอเอารถออกจากบ้านได้เมื่อไหร่ เนื่องจากยาของเด็กเล็ก อายุ 2ขอบครึ่งหมด จะได้วางแผนว่าจะต้องทำยังไงต่อค่ะ และไม่มีหน่วยงานใดๆเข้ามาสำรวจคว,https://storage.googleapis.com/traffy_public_bucket/attachment/2026-09/222ed1d750238898d5cfc58be791c00d.jpeg
2026-YVBWRY,inprogress,2026-09-28 10:29,2026-09-28 20:23,100.64431,13.77643,บางกะปิ,คลองจั่น,น้ำท่วมสูงถึงเอว ไม่ลดและเพิ่มขึ้นเรื่อยๆจนระดับเกือบ80cm ในบ้าน มีเด็ก2คนและผู้สูงอายุ 2คน ผู้ใหญ่1คน อยากให้น้ำลดลงบ้าง ของทุกอย่างในบ้านจมที่ชั้น1 อยู่ไม่ได้ ตอนนี้ต้องอยู่ชั้น2ของบ้าน มา3วันแล้ว ทั้งที่ฝนไม่ได้ตกมาก แต่น้ำไม่ลด น้ำไม่ไหล แต่ยังมีไฟฟ้า,https://storage.googleapis.com/traffy_public_bucket/attachment/2026-09/ef238b61b1d001f4225d2a1881804137.jpeg
2026-ZZ4U4H,finish,2026-09-28 10:29,2026-10-02 15:04,100.61729,13.70142,พระโขนง,บางจาก,แจ้งน่ำท่วมเข้าบ้าน ได้รับความเสียหายม ความสูงระดับถึงหัวเข่า น้ำท่วมมาแล้วแต่ตอนนี่ น้ำลดแล้ว,https://storage.googleapis.com/traffy_public_bucket/attachment/2026-09/914ea34e6458a85bae254780b3fb07f6.jpeg
2026-CZWGPM,forward,2026-09-28 10:30,2026-09-28 13:10,100.63188,13.83636,ลาดพร้าว,ลาดพร้าว,สวัสดีครับ กรุณาแจ้งสำนักงานเขตคลองสามวา ช่วยนำเครื่องสูบน้ำมาสูบปลายถนนสามวาทางเชื่อมถนนหทัยราษฎฐ์ข้างร.ร.อนุบาลครูเกียวระยะทางประมาณ400ม.ประชาชนที่ถนนสามวาจะได้ออกมาใช้ชีวิตข้านอกได้บ้างครับเพราะหน้าถนนสามวาเชื่อมถนนสุวินทวงศ์น้ำท่วมสูงมากไม่สามารถออกได,https://storage.googleapis.com/traffy_public_bucket/attachment/2026-09/5cc2663a4cecbcda8f621d2d1f399d29.jpeg
2026-L3T698,forward,2026-09-28 10:30,2026-10-05 09:34,100.69924,13.68387,ประเวศ,ดอกไม้,ขอให้การทางเปิดประตูจุดชั่งน้ำหนัก ตรงจุดคลองปักหลักให้ประชาชนเพื่อให้รถออกมาคู่ขนานได้ด้วยครับจะปิดให้เฉพาะเจ้าหน้าที่ ความสูงระดับหัวเข่า น้ำท่วมมาแล้วน้อยกว่า 1 สัปดาห์,https://storage.googleapis.com/traffy_public_bucket/attachment/2026-09/e781a1b794641be50ca737251584ba3a.jpeg
2026-M4C8NE,forward,2026-09-28 10:30,2026-09-28 21:20,100.5898,13.84225,จตุจักร,เสนานิคม,ยังมีน้ำท่วมขังสูง น้ำถึงหัวเข่าเนื่องจากบ้านอยู่ก่อนประตูระบายน้ำและเขาปิดประตูระบายน้ำทำให้น้ำบริเวรหลังประตูลดลงแล้วถึงตาตุ่มแต่บริเวรก่อนประตูยังมีน้ำท่วทสูงทำให้ไม่สามารถเอารถออกไปทำงานได้และไม่สามารถเดินทางได้เลย อยากจะให้เปิดประตูระบายน้ำเพื่อระบาย,https://storage.googleapis.com/traffy_public_bucket/attachment/2026-09/902103e347592816489adad39d4d578f.jpeg
2026-TC48PA,inprogress,2026-09-28 10:30,2026-09-28 14:08,100.63748,13.73095,สวนหลวง,สวนหลวง,อาศัยอยู่พัฒนาการ 52 บนถนนพัฒนาการซึ่งมีน้ำท่วมตั้งแต่คืนวันศุกร์ที่ 25 กันยายนจนถึงบัดนี้น้ำไม่ลดลงเลยโดยเฉพาะในซอยพัฒนาการ 52 น้ำท่วมเต็มสถานการณ์ของน้ำไม่มีลดลงเลยและมีน้ำตกลงมาเติมตลอดเวลาไม่สามารถออกจากบ้านเพื่อหาอาหารได้ ช่วยจัดการเรื่องระบายน้ำเร่ง,https://storage.googleapis.com/traffy_public_bucket/attachment/2026-09/a4822ff1eb872238fcf2435fb9ce5b95.jpeg
2026-2WXEXV,inprogress,2026-09-28 10:31,2026-09-28 20:30,100.63514,13.75626,บางกะปิ,หัวหมาก,ปัญหา: ภายในซอยรามคำแหง 30 /1 หอพักรามวิลล่า เนื่องจากเกิดเหตุอุทกภัย จึงมีความประสงค์ขอรับความช่วยเหลือด้านอาหารและน้ำดื่ม ถนน: รามคำแหง เขต: บางกะปิ #1555,https://storage.googleapis.com/traffy_public_bucket/attachment/2022-12/da2125e781282589d482070c3dba1726aa16a4a7.jpg
2026-3L9N9J,inprogress,2026-09-28 10:31,2026-09-28 20:25,100.63078,13.77563,บางกะปิ,คลองจั่น,"ช่วยเปิดประตูน้ำให้น้ำออกจากซอยลาดพร้าว101/1,101/2 ซึ่งปกติจะระบายได้ดีมาหลายฤดู และตอนนี้ซอย101 ถนนเริ่มแห้งแล้ว แต่ในซอย 101/1-2 ไม่ลดเลย เหมือนไม่มีการระบายออกเลย ความสูงระดับหัวเข่า น้ำท่วมมาแล้วน้อยกว่า 1 สัปดาห์",https://storage.googleapis.com/traffy_public_bucket/attachment/2026-09/14dd8106a6e7bb9da36ec7783baf4036.jpeg
2026-8DY9VG,inprogress,2026-09-28 10:31,2026-09-28 11:32,100.62561,13.88143,บางเขน,ท่าแร้ง,ถนนเทพรักษ์ หน้าซอย 47 น้ำยังท่วมขังวันนี้เป็นวันที่ 3 แล้ว ออกไปไหนไม่ได้ เช้านี้วันที่ 28 เวลา 10 โมง ฝนตกหนัก อยากให้ช่วยระบายน้ำออกให้เร็ววกว่านี้ที ความสูงระดับ30-40 cm น้ำท่วมมาแล้ววันนี้วันที่ 3,https://storage.googleapis.com/traffy_public_bucket/attachment/2026-09/703d8a44a7dda8b2051fb1ffe99ea9bc.jpeg
2026-9M74KL,inprogress,2026-09-28 10:31,2026-09-28 11:45,100.65307,13.725,ประเวศ,ประเวศ,น้ำท่วม แต่สำนักงานเขตประเวศไม่มาดูแล ความสูงระดับเอว น้ำท่วมมาแล้ว3 วันแล้วไม่เห็นมีใคร take action เอาไว้รับน้ำหรอ,https://storage.googleapis.com/traffy_public_bucket/attachment/2026-09/thumb_00a5d039308bf000b3791397ca87a77b.jpg
2026-DZBDYN,forward,2026-09-28 10:31,2026-09-28 21:19,100.5842,13.84278,จตุจักร,เสนานิคม,น้ำท่วมขังตั้งแต่วันศุกร์ที่ 25/9/69 จนตอนนี้บริเวณรอบข้างน้ำระบายได้หมดแล้ว เหลือแต่ในซอย พหล40 น้ำยังท่วมขัง คนป่วยเดินทางไม่ได้ ความสูงระดับเข่าค่ะ น้ำท่วมมาแล้ว3 วัน,https://storage.googleapis.com/traffy_public_bucket/attachment/2026-09/42f97df35bbbcf6695652e6708a0e2c5.jpeg
2026-M6JTFT,inprogress,2026-09-28 10:31,2026-09-28 11:36,100.68709,13.67793,ประเวศ,ดอกไม้,น้ำท่วมขังในหมู่บ้านเป็นวันที่สี่แล้วไม่มีส่วนใดเข้ามาช่วยเหลือ ความสูงระดับปริมาณน้ำไม่ได้ลดลงมีแต่เพิ่มขึ้น น้ำท่วมมาแล้วต้นขาบน,https://storage.googleapis.com/traffy_public_bucket/attachment/2026-09/1a0b4de50cc1f584050b7cf77e68b18f.jpeg
2026-RDM48C,forward,2026-09-28 10:31,2026-09-28 13:32,100.63464,13.72927,สวนหลวง,สวนหลวง,น้ำท่วมถนนพัฒนาการ ไม่ลดลงเลย ความสูงระดับหน้าแข้ง น้ำท่วมมาแล้วน้อยกว่า 1 สัปดาห์,https://storage.googleapis.com/traffy_public_bucket/attachment/2026-09/488e118a561e444adbf019559817c378.jpeg
2026-48WBG6,inprogress,2026-09-28 10:32,2026-09-28 13:26,100.69039,13.7429,สะพานสูง,สะพานสูง,เรื่องหมู่บ้านนักกีฬาแหลมทอง ซอย 3 แยกหนึ่ง-สี่หรือ ซอย 3 ทั้งโซน น้ำน้ำยังไม่ลดเลยนะปัจจุบันวันที่ 28 กันยายน 2569 ทั้งที่พื้นที่อื่นๆน้ำทั้งที่พื้นที่อื่นๆน้ำแห้งหมดแล้ว #fonduereport,https://storage.googleapis.com/traffy_public_bucket/attachment/2026-09/11270041d729e4c94672f7cb21d985d6.jpg
2026-BFZM2X,finish,2026-09-28 10:32,2026-10-05 15:17,100.65071,13.75568,บางกะปิ,หัวหมาก,ในบริเวณที่อยู่สภาพน้ำยังคงท่วมขังมาก (ยังไม่ลดลงเลย) และมีแต่จะเพิ่มขึ้นถ้าฝนตกลงมาซ้ำๆอีก แนวทาง ต้องการให้หน่วยงานรับผิดชอบเข้ามาช่วยเหลือ ความสูงระดับครึ่งล้อรถกระบะ (ภานในรั้วบ้าน) แต่สภาพด้านน่าจะยังสูงมากกว่า น้ำท่วมมาแล้วมากกว่ส 3 วัน,https://storage.googleapis.com/traffy_public_bucket/attachment/2026-09/5eec79b68fed7e2df0d25c66b3e2d5ed.jpeg
2026-3B22DV,inprogress,2026-09-28 10:33,2026-09-28 11:35,100.69885,13.71256,ประเวศ,ประเวศ,อยากฝากคนเข้ามาดูใน ซอยนี้หน่อยค่ะ ท่วมมาหลายวันแล้ว ไม่มีลดเลยค่ะ ไม่มีใครเข้ามาดูเลยค่ะ ความสูงระดับข้อเท้า น้ำท่วมมาแล้วน้อยกว่า 1 สัปดาห์,https://storage.googleapis.com/traffy_public_bucket/attachment/2026-09/185b8195cf5dd1450a1379c471afb66d.jpeg
2026-4GAH82,finish,2026-09-28 10:33,2026-10-02 13:45,100.53509,13.80824,บางซื่อ,บางซื่อ,ซอยสุวรรณดี 3 น้ำยังท่วมขัง ตอนแรกเหมือนจะสุบน้ำออก แต่ตอนนี้เหมือนหยุดสูบแล้ว ระดับน้ำยังสูงอยู่ ท่วมแช่มา 3 วันเต็มแล้วคับ #1555 #bkkrongtook,https://storage.googleapis.com/traffy_public_bucket/attachment/2026-09/30da866a9b0f5fcf755fa93cc2d332ae.jpg
2026-MVGTCC,inprogress,2026-09-28 10:33,2026-09-28 11:36,100.69242,13.67836,ประเวศ,ดอกไม้,ขอกระสอบทรายพร้อมเครื่องสูบน้ำ น้ำมาจากด้านหน้าหมู่บ้าน และด้านหลังติดคลอง ไม่สามารถผันน้ำออกสู่คลองได้ เนื่องจากมีวัชพืช ขยะ การระบายน้ำออกไม่ได้ #ขอกระสอบทราย/อื่นๆ,https://storage.googleapis.com/traffy_public_bucket/attachment/2026-09/2e0704dc459c330c8cfac58145f53a72.jpeg
2026-A7TYY3,inprogress,2026-09-28 10:34,2026-09-28 11:35,100.69358,13.7181,ประเวศ,ประเวศ,4 ซอย อ่อนนุช 88 แยก 2 พบเจอปัญหาน้ำท่วมขัง อย่างมาก ไม่สามารถออกไปไหนได้เลย ค่ะ ที่บ้านอยู่กันเกิบ10 กว่าคน ความสูงระดับหัวเข่าค่ะ น้ำท่วมมาแล้วท่วมตั้งแต่ 24 ค่ะ,https://storage.googleapis.com/traffy_public_bucket/attachment/2026-09/c4b56e0a770b08a33f0ec28bd7cd54a5.jpeg
2026-JBZCUF,finish,2026-09-28 10:35,2026-09-30 23:15,100.57539,13.92436,ดอนเมือง,ดอนเมือง,เรื่อง ขอความอนุเคราะห์สนับสนุนถุงยังชีพเพื่อช่วยเหลือประชาชนผู้ประสบภัยน้ำท่วม เรียน หน่วยงานที่เกี่ยวข้อง เนื่องด้วยขณะนี้โครงการ เดอะ คอนเนค 14 ดอนเมือง–สรงประภา ได้รับผลกระทบจากสถานการณ์ฝนตกหนักอย่างต่อเนื่องเป็นเวลาหลายวัน ส่งผลให้เกิดน้ำท่วมขังภาย,https://storage.googleapis.com/traffy_public_bucket/attachment/2026-09/c601c08bcfdfa185f5c6a7d6cbe4e8f2.jpeg
2026-J3XC9J,inprogress,2026-09-28 10:36,2026-09-28 14:04,100.71252,13.78418,สะพานสูง,สะพานสูง,คนพิการ / ผู้หญิง/สุขัข 3 ตัว ติดน้ำท่วมอยู่ในบ้าน อาหารไม่เพียงพอ ความสูงระดับตอนนี้ยังติดต่อใครไม่ได้เลยค่ะ พอดีเป็นเจ้าหน้าที่ ศูนย์บริการคนพิการค่ะ น้ำท่วมมาแล้ว2 วัน ค่ะ,https://storage.googleapis.com/traffy_public_bucket/attachment/2026-09/1a800ad934542af4e5f9e49346906a02.jpeg
2026-R247N8,inprogress,2026-09-28 10:36,2026-09-28 14:02,100.68274,13.76039,สะพานสูง,สะพานสูง,สงสัยว่าทำไมทาง กทม.หรือเขตไม่สูบน้ำออก บางพื้นที่น้ำแห้งแล้ว ประชาชนเดือนร้อน ขาดแคลนอาหความช่วยเหลือไม่ทั่วถึง ไม่มีประกาศหรือนโยบายข่าวสารให้ประชาชนรับรู้ รถรับส่งก็ไม่มีรอบในการรับ-ส่ง ความสูงระดับหน้าแข้ง 3 วัน,https://storage.googleapis.com/traffy_public_bucket/attachment/2026-09/b3ecf8aa9ec72316dc17a7d970abe034.jpeg
2026-AWUVEE,inprogress,2026-09-28 10:37,2026-09-28 11:25,100.74545,13.82319,มีนบุรี,มีนบุรี,มีน้ำทะลักเข้ามาจากใต้ถนนประชาร่วมใจ ที่เป็นคันกั้นน้ำ บริเวณหน้าหมู่บ้านพฤกษาวิลล์ 14 รบกวนขอหน่วยงานเข้ามาอุดหรือสนันสนุนบิ๊กแบคมาอุด ความสูงระดับหัวเข่า น้ำท่วมมาแล้วน้อยกว่า 3 ชั่วโมง,https://storage.googleapis.com/traffy_public_bucket/attachment/2026-09/thumb_3d883e4c9426977f091e10ae9d2e2dcd.jpg
2026-J8VFLL,start,2026-09-28 10:37,2026-09-28 10:37,100.76437,13.71874,ลาดกระบัง,ลาดกระบัง,รบกวนเข้ามาดูแลเรื่องน้ำท่วมในพื้นที่นี้และรอบๆนี้หน่อยครับ น้ำมีแต่เพิ่มขึ้นไม่มีลดลงเลย ความสูงระดับประมาณเกินหัวเข่ามานิดนึงครับ น้ำท่วมมาแล้วตั้งแต่วันศุกร์ครับ,https://storage.googleapis.com/traffy_public_bucket/attachment/2026-09/2abbce8064b708dc7d641cd4baeace59.jpeg
2026-ETHCYB,inprogress,2026-09-28 10:38,2026-09-28 15:07,100.80583,13.79863,หนองจอก,ลำผักชี,ปริมาณน้ำท่วม รอบบ้าน ไม่มีท่าทีลดลง แต่มีอาการเพิ่มขึ้นเรื่อยๆ คาดว่าบริเวณหมู่บ้านเป็นแก้มลิง อยู่ต่ำกว่าระดับถนนใหญ่ รบกวนช่วยเร่งแก้ไข เพราะกระทบคนในหมู่บ้านจำนวนมาก มากกว่า 1000ครอบครัว ลักษณะหมู่บ้านมีคนชราจำนวนมาก ไม่สามารถช่วยเหลือตัวเองได้ รบกวนช,https://storage.googleapis.com/traffy_public_bucket/attachment/2026-09/4c00e7d5cb900a730bd17f2c83350756.jpeg
2026-GAGJWF,inprogress,2026-09-28 10:38,2026-09-28 11:31,100.6254,13.84669,บางเขน,ท่าแร้ง,น้ำท่วมขังไม่มีท่าทีที่จะลดเลยค่ะ ซอยอื่นน้ำแห้งหมดแล้วแต่ซอยบำรุงศิลป์น้ำไม่ระบายเลย ตอนนี้น้ำยังคงถึงหัวเข่าค่ะ ความสูงระดับหัวเข่า น้ำท่วมมาแล้วน้อยกว่า 1 สัปดาห์,https://storage.googleapis.com/traffy_public_bucket/attachment/2026-09/thumb_9ebac0ae0ca2d9231ee25f1257716be4.jpg
2026-YBX39F,finish,2026-09-28 10:38,2026-10-01 09:21,100.61509,13.70494,พระโขนง,บางจาก,ช่วยระบายออกไปด้วยหน้าวาสนาแมนชั่นแม่นชั้นน้ำสูงอยู่ ความสูงระดับหน้าแข้ง น้ำท่วมมาแล้วน้อยกว่า 1 วัน,https://storage.googleapis.com/traffy_public_bucket/attachment/2026-09/15f494feef76f87f35468349db614f5a.jpeg
2026-ETJXPB,inprogress,2026-09-28 10:39,2026-09-28 11:33,100.68454,13.70738,ประเวศ,ประเวศ,น้ำท่วมขังสูง รถสัญจรไม่ได้ หมู่บ้านอิมพีเรียลปาร์ค ถนนเฉลิมพระเกียรติร.9ซ.67 ความสูงระดับเอว น้ำท่วมมาแล้วน้อยกว่า 1 สัปดาห์,https://storage.googleapis.com/traffy_public_bucket/attachment/2026-09/e0cd406c102036a568137ad44cf75fac.jpeg
2026-HNUPLZ,inprogress,2026-09-28 10:39,2026-09-28 13:09,100.70531,13.75839,สะพานสูง,สะพานสูง,สวัสดีครับผมอยู่ในซอยมิสทีน หรือซอยรามคำแหง 160 ครับ อยู่ในซอยราษฎร์พัฒนา15 ในหมู่บ้าน Themetro รามคำแหงแหง ตอนนี้น้ำท่วมสูงเข้าวันที่สามแล้วครับ ตั้งแต่คืนวันศุกร์ที่ผ่านมาจนถึงตอนนี้ระดับน้ำยังสูงอยู่ครับในหมู่บ้านเริ่มมีน้ำท่วมขังสูงแต่ยังรับอยู่แต่ถนน,https://storage.googleapis.com/traffy_public_bucket/attachment/2026-09/d9f8b930531111b46b2560b4dd2b2704.jpeg
2026-NDYU84,inprogress,2026-09-28 10:39,2026-09-28 11:42,100.65021,13.80369,บึงกุ่ม,คลองกุ่ม,น้ำท่วมบ้านชั้น 1 ตั้งแต่วันศุกร์ ต้องการอาหารและน้ำดื่ม ไม่สามารถเก็บอาหารหลายวันได้เนื่องจากตู้เย็นไม่สามารถใช้งานได้ ซอยนวมินทร์ 68 โครงการ 5 ถนนหลักสุดซอย ติดกับคลองบางเตย วีดีโอที่เพื่อนส่งมาให้ล่าสุดค่ะ ตั้งแต่วันศุกร์ค่ะ,https://storage.googleapis.com/traffy_public_bucket/attachment/2026-09/eeb255db4962a3674236fe3a323e268f.jpeg
2026-UDBRT9,inprogress,2026-09-28 10:39,2026-09-28 11:42,100.68326,13.72364,ประเวศ,ประเวศ,ผู้สูงอายุ 80 ปี น้ำท่วมสูงไม่สามารถไปไหนได้ต้องการให้หน่วยงานเข้ามาดูแล ความสูงระดับเอว 4วัน,https://storage.googleapis.com/traffy_public_bucket/attachment/2026-09/c9e8765f6d4c390cc03501d068781997.jpeg
2026-894DZA,inprogress,2026-09-28 10:40,2026-09-28 14:28,100.6313,13.74114,สวนหลวง,สวนหลวง,ระบายน้ำบ้าง ไม่ใช่ที่พักน้ำ 60 เซนติเมตร 3 วัน,https://storage.googleapis.com/traffy_public_bucket/attachment/2026-09/e82af6ffd1a739f59af0cfa6bb6643d9.jpeg
2026-DFHDW9,inprogress,2026-09-28 10:40,2026-09-28 14:04,100.63268,13.74681,สวนหลวง,สวนหลวง,ต้องการอาหารและน้ำดื่ม น้ำท่วมบ้านชั้น 1 ทั้งชั้น พื้นที่ถนนพระรามเก้าซอย 51 ซอย 4 น้ำท่วมสูงมาก ภายในอยู่กัน 3 คน เป็นผู้สูงอายุ 2 ท่านค่ะ ต้องการอาหารน้ำดื่ม ความสูงระดับต้นขาค่ะ น้ำท่วมมาแล้ว3-4 วัน,https://storage.googleapis.com/traffy_public_bucket/attachment/2026-09/2e2d316665e0b43dd388ec236a85a781.jpeg
2026-EGCKDG,inprogress,2026-09-28 10:40,2026-09-28 14:05,100.68382,13.76871,สะพานสูง,สะพานสูง,ตอนนี้รามคำแหง118 นำ้ท่วมหนักมากไม่เห็นมีหน่วยงานเข้ามาถึงในตัวบ้านเลย ดูเงียบๆแปลกๆค่ะได้โปรดช่วยเหลือ พักอยู่รามคำแหง118 แยก42-2 ค่ะ เสบียงเริ่มละหมดซอยนี้รถปกติเตี้ยๆเข้าออกไม่ได้ทำได้แค่เดินลุยนำ้ ความสูงระดับเอว น้ำท่วมมาแล้วน้อยกว่า 1 สัปดาห์,https://storage.googleapis.com/traffy_public_bucket/attachment/2026-09/9011a1f88d77c1badc4c773893181e82.jpeg
2026-P7ZFRR,forward,2026-09-28 10:40,2026-09-28 10:47,100.6536,13.79424,บึงกุ่ม,คลองกุ่ม,น้ำท่วมขัง เริ่มส่งกลิ่น ความสูงระดับหัวเข่า น้ำท่วมมาแล้วน้อยกว่า 1 สัปดาห์,https://storage.googleapis.com/traffy_public_bucket/attachment/2026-09/2da4db41a040f05fad0406fa109fa689.jpeg
2026-W8ZUUH,forward,2026-09-28 10:40,2026-09-28 10:47,100.65576,13.79698,บึงกุ่ม,คลองกุ่ม,ซอยนวมินทร์ 42 และเส้นถนนนวมินทร์ ตั้งแต่ช่วงซอย นวมินทร์ 52 ขึ้นไป ถึงนวมินทร์ 24 ไม่เห็นข่าวเลย แต่อยากแจ้งว่าเรายังน้ำท่วมอยู่ ลดน้อยและมีฝนตกเพิ่มบ้าง ซึ่งในซอยนวมินทร์ 42 มีคลองบางเตย อยากให้เข้ามาช่วยดูหน่อยเพื่อระบายน้ำออก ในหมู่บ้านประมาณ 30 cm ด้,https://storage.googleapis.com/traffy_public_bucket/attachment/2026-09/8402ea926c139296b06c87c705a279db.jpeg
2026-DPBX24,inprogress,2026-09-28 10:41,2026-09-28 10:45,100.6931,13.85246,คลองสามวา,บางชัน,ปัญหา: ภายในหมู่บ้านเดอะธารา ซอยพระยาสุเรนทร์ 35 พบน้ำท่วมขังระดับสูงประมาณ 80 เซนติเมตร และน้ำไหลเข้าบ้านเรือนประชาชน ส่งผลให้ผู้พักอาศัยภายในหมู่บ้านได้รับความเดือดร้อน จึงขอให้เจ้าหน้าที่ที่เกี่ยวข้องเร่งดำเนินการระบายน้ำ หมู่บ้าน: เดอะธารา ซอย: พระยาส,https://storage.googleapis.com/traffy_public_bucket/attachment/2022-12/da2125e781282589d482070c3dba1726aa16a4a7.jpg
2026-JXDZ6A,inprogress,2026-09-28 10:41,2026-09-29 15:59,100.72498,13.75829,ลาดกระบัง,คลองสองต้นนุ่น,รบกวนขอความช่วยเหลือหน่อนครับเพื่อนของแฟนผมติดอยู่ที่ แฟลตเกรียงไกร ตึก 15 ห้อง 347/8 ชั้น 1 1. *** 2. *** เบอร์ติดต่อ:*** https://maps.app.goo.gl/are3QeE92ZApLWsZA?g_st=il ความสูงระดับสูงกว่าเอว น้ำท่วมมาแล้วน้อยกว่า 1 สัปดาห์,https://storage.googleapis.com/traffy_public_bucket/attachment/2026-09/d92afb4233525f38907654f97836a1dc.jpeg
2026-2ALDVF,forward,2026-09-28 10:43,2026-09-28 11:07,100.63748,13.90286,สายไหม,คลองถนน,ตอนนี้น้ำท่วมหนีกมาในซอยเพิ่มสิน25 เพิ่มสิน23 อยากให้น้ำออกจากตัวบ้านไปก่อนเพราะหน้าบ้านมันลึกมาจะถึงอกแล้ว ปี54ก็ต้องมารับแช่น้ำจากที่ระบายมาจากฝั่งสายไหม ไม่มีหน่วยงานใดเข้ามาช่วยเฟลือหรือจัดการเลย #ขอกระสอบทราย/อื่นๆ,https://storage.googleapis.com/traffy_public_bucket/attachment/2026-09/6ced455a8f5d4541e068eeede18da9b9.jpeg
2026-3TCE6W,inprogress,2026-09-28 10:43,2026-09-28 14:04,100.63304,13.73335,สวนหลวง,สวนหลวง,น้ำท่วมไม่ลดลงเลย ปากซอย พัฒนาการ 48 น้ำท่วมสูง รถเล็กไม่สามารถขับออกไปได้ค่ะ ความสูงระดับหัวเข่า น้ำท่วมมาแล้วน้อยกว่า 1 สัปดาห์,https://storage.googleapis.com/traffy_public_bucket/attachment/2026-09/thumb_89dbb5f78dad0f6337a5716b133e31c7.jpg
2026-4NKXL4,inprogress,2026-09-28 10:43,2026-09-28 11:25,100.72672,13.8128,มีนบุรี,มีนบุรี,ฝนตกบริเวณซอยสีรบุรานุกิจ11 หน้า จตุจักร2 มีนบุรี น้ำท่วมไม่ลดมาหลายวันแล้ว ทั้งที่ฝนไม่หนัก ไม่ถี่ เหมือนน้ำท่วมวันแรก จึงเรียนมาเพื่อรบกวนเขตที่รับผิดชอบเข้าบรรเทาสาธารณภัย ความสูงระดับหัวเข่า น้ำท่วมมาแล้วน้อยกว่า 1 สัปดาห์,https://storage.googleapis.com/traffy_public_bucket/attachment/2026-09/def054033c3171e7bdb2931dc7c17815.jpeg
2026-4WWF6W,inprogress,2026-09-28 10:43,2026-09-28 11:42,100.6522,13.79389,บึงกุ่ม,คลองกุ่ม,ตอนนี้น้ำเริ่มส่งกลิ่นเหม็น แล้ว เวลารถวิ่งข้างนอก กระแสน้ำพัดแรง #ขอกระสอบทราย/อื่นๆ,https://storage.googleapis.com/traffy_public_bucket/attachment/2026-09/2ce63d8eaabf809b7d089678319c619b.jpeg
2026-8Z87MT,inprogress,2026-09-28 10:44,2026-09-30 08:32,100.62217,13.94911,ดอนเมือง,สนามบิน,น้ำท่วมขังสูง ตอนนี้เริ่มเข้าหมู่บ้านแล้ว ช่วยระบายน้ำออกให้หน่อยครับ ฝนกำลังจะตกเพิ่มแล้ว ความสูงระดับหน้าแข้ง น้ำท่วมมาแล้วน้อยกว่า 1 วัน,https://storage.googleapis.com/traffy_public_bucket/attachment/2026-09/876ff51c3c81715c13ba341080359f88.jpeg
2026-HWDK6Z,inprogress,2026-09-28 10:44,2026-09-28 10:57,100.66696,13.67804,ประเวศ,หนองบอน,บ้านน้ำท่วม ความสูงระดับตั้งแต่วันที่ 25 กันยายน น้ำท่วมมาแล้ว3 วัน,https://storage.googleapis.com/traffy_public_bucket/attachment/2026-09/6d10b6f350ef65deab2d2a28ec3c7e68.jpeg
2026-7H3M9L,forward,2026-09-28 10:45,2026-09-28 13:32,100.64201,13.73488,สวนหลวง,สวนหลวง,แยกพัฒนาการน้ำท่วมตั้งแต่คืนของวันศุกร์ที่ 26 จนถึงปัจจุบันนี้ น้ำยังไม่มีการลดระดับใดๆ และยังมีเพิ่มเป็นช่วงๆ ประชาชนที่อาศัยอยู่ที่คอนโด Asakan ได้รับความลำบากเป็นอย่างมาก ในขณะที่โซนอื่นๆ น้ำลดหมดแล้ว โซนนี้ฝนตกหนักขนาดไหนก็ไม่เคยน้ำท่วมขนาดนี้ รบกวนม,https://storage.googleapis.com/traffy_public_bucket/attachment/2026-09/thumb_c06fea5c86eaf95d6f5fb3d1b5813ee1.jpg
2026-EYUV6Z,inprogress,2026-09-28 10:45,2026-09-28 10:56,100.68544,13.70626,ประเวศ,ประเวศ,ซอยเฉลิมพระเกียรติร 9 67 หมู่บ้านอิมพีเรียลพาร์ค เฟส 1 น้ำสูงประมาณเข่า เฟส 2 3 สูงเลยเข่า 40-50 ซม. ค่ะ วันนี้วันที่ 3 ค่ะ,https://storage.googleapis.com/traffy_public_bucket/attachment/2026-09/914b374d89cff6c2b5de4f47429c60b0.jpeg
2026-R6FJ9D,finish,2026-09-28 10:45,2026-09-30 17:45,100.69686,13.79647,คันนายาว,คันนายาว,ปัญหา: ภายในซอยดังกล่าว หมู่บ้านกลางเมือง พบผู้พักอาศัยบ้านเลขที่ 8/200 มีอาการไข้ขึ้นสูง แต่ที่บ้านไม่มียาลดไข้ อีกทั้งยังไม่สามารถออกจากบ้านได้ เนื่องจากน้ำยังท่วมขังในระดับสูง จึงขอรับการสนับสนุนยาเวชภัณฑ์ ซอย: เสรีไทย 52 ถนน: เสรีไทย เขต: คันนายาว #1,https://storage.googleapis.com/traffy_public_bucket/attachment/2022-12/da2125e781282589d482070c3dba1726aa16a4a7.jpg
2026-WVYXJF,inprogress,2026-09-28 10:45,2026-09-29 09:32,100.5908,13.75074,ห้วยขวาง,บางกะปิ,เช้านี้น้ำเอ่อล้นขึ้นมาจากระดับน้ำในคลอง เริ่มกลับมาท่วมพื้นผิวถนนอีกครั้งหนึ่ง ดูจากกระแสน้ำแล้วคาดว่ากำลังสูบอยู่ แต่น่าจะเกิดจากการดันน้ำจากทางอื่นเข้ามาผ่านคลองนี้ และความสามารถในการสูบน้ำในคลองนี้ออกไม่สามารถที่จะระบายได้ทัน หากยังเป็นแบบนี้จะเกิดการ,https://storage.googleapis.com/traffy_public_bucket/attachment/2026-09/666870de6f96cad1142dcb93930aa0d3.jpeg
2026-GLDKL3,inprogress,2026-09-28 10:46,2026-09-28 15:07,100.80331,13.863,หนองจอก,คู้ฝั่งเหนือ,สูบน้ำออกจากพื้นที่ตัวเองเข้ามาพื้นที่ประชาชนบริเวณใกล้เคียงทำให้น้ำท่วม แล้วระดับน้ำเพิ่มสูงขึ้น ความสูงระดับน้ำสูงตอนแรกจากระดับหน้าแข้งตอนนี้ประมาณต้นขาแล้วค่ะ น้ำท่วมมาแล้วน้ำเพิ่มสูงขึ้นเรื่อยเรื่อยประมาณสองวัน,https://storage.googleapis.com/traffy_public_bucket/attachment/2026-09/2bd8603fda33d76f9c6dade6537a5452.jpeg
2026-M22N6Y,inprogress,2026-09-28 10:46,2026-09-28 11:25,100.70475,13.81737,มีนบุรี,มีนบุรี,ในซอยรามอินทรา 117 แยก 6 ระดับน้ำท่วมสูงขึ้นไม่มีการลดลงเลย ต้องการอาหารน้ำและเครื่องดื่มด่วนมาก ไม่มีหน่วยงานรัฐเข้ามาเหลียวแลเลยสักคน ไปลงแต่สุเหร่าหมด คนซอยอื่นไม่เคยได้รับความช่วยเหลือ ท่วมวันนี้เป็นวันที่ 4 แล้ว ความสูงระดับเกือบถึงเอว น้ำท่วมมาแล้ว4,https://storage.googleapis.com/traffy_public_bucket/attachment/2026-09/0a4bece35aa014c919ed8df50dd2c290.jpeg
2026-JUCMW2,inprogress,2026-09-28 10:47,2026-09-28 10:55,100.6817,13.70139,ประเวศ,ประเวศ,น้ำท่วมขังในซอย เฉลิมพระเกียรติ ร.9 ซอย 61 ความสูงระดับหัวเข่า น้ำท่วมมาแล้วน้อยกว่า 1 สัปดาห์,https://storage.googleapis.com/traffy_public_bucket/attachment/2026-09/58cd2c5830f70478affab1b2be1d3ac9.jpeg
2026-NA8ZZG,inprogress,2026-09-28 10:48,2026-09-28 11:24,100.71652,13.79093,มีนบุรี,มีนบุรี,น้ำท่วมขัง ซ.รามคำแหง 174 ม.บัวขาว ระดับครึ่งแข้ง ค้างมาเป็นเวลานานหลานวันแล้ว จนน้ำเริ่มเน่าเสีย ความสูงระดับหน้าแข้ง น้ำท่วมมาแล้วน้อยกว่า 1 สัปดาห์,https://storage.googleapis.com/traffy_public_bucket/attachment/2026-09/92f4666a02ec3dfa6aad4bde17d24b4c.jpeg
2026-RLH4YD,forward,2026-09-28 10:48,2026-10-05 15:16,100.61796,13.76048,บางกะปิ,หัวหมาก,แจ้งเหตุเร่งด่วน: เกิดน้ำท่วมขังสูงเลยเข่าบริเวณซอยพระรามเก้า 49 และน้ำได้ไหลเข้าบ้านพักบริเวณแยก 4 ขอความอนุเคราะห์เจ้าหน้าที่เข้าตรวจสอบและดำเนินการแก้ไขโดยด่วน เข่าค่ะ เข้าในบ้านมาสามวันแล้ว น้ำท่วมมาแล้วน้อยกว่า 1 สัปดาห์,https://storage.googleapis.com/traffy_public_bucket/attachment/2026-09/9fe780c2284eb6f1529771c186da8620.jpeg
2026-LKBA7X,inprogress,2026-09-28 10:49,2026-09-28 11:23,100.62488,13.86531,บางเขน,อนุสาวรีย์,ซอยรามอินทรา 27 ยังมีน้ำท่วมขังค่ะ หน้าซอยถึงกลางซอย หัวเข่า-หน้าแข้ง ท้ายๆซอย เหนือข้อเท้าค่ะ 3 วัน,https://storage.googleapis.com/traffy_public_bucket/attachment/2026-09/9719cccbeb6a059e726ebc7c72357227.jpeg
2026-4E272B,forward,2026-09-28 10:50,2026-09-28 11:06,100.64853,13.90015,สายไหม,คลองถนน,ตลอดช่วงเวลา 26-28 ก.ย. น้ำไม่มีการระบายออกเลย ทำให้ในพื้นที่มีน้ำท่วมสูงขึ้นเรื่อยๆ แล้วในหมู่บ้านหลายแห่งในพื้นที่น้ำท่วมสูง มีโอกาสเข้าตัวบ้านผู้พักอาศัย และมีข่าวเรื่องไม่เปิดประตูระบายน้ำ ทำให้เกิดความสงสัยว่าจะจริง เพราะพื้นที่อื่นๆในเมือง น้ำลดจนแ,https://storage.googleapis.com/traffy_public_bucket/attachment/2026-09/thumb_c22e8ac2ec36e117c070529f600d8e00.jpg
2026-G33GJE,finish,2026-09-28 10:50,2026-10-01 18:57,100.61734,13.70122,พระโขนง,บางจาก,ปัญหาขยะหน้าบ้าน เนื่องจากมีคนเอาออกมาทิ้งจำนวนมาก #ขอกระสอบทราย/อื่นๆ,https://storage.googleapis.com/traffy_public_bucket/attachment/2026-09/acbc511193efdcd398dc34aba2d4a33e.jpeg
2026-JYGUDD,inprogress,2026-09-28 10:50,2026-09-28 11:21,100.60863,13.88972,บางเขน,อนุสาวรีย์,น้ำท่วมเข้าตัวบ้านหลายวันแล้ว ซอยเทพรักษ์11 ความสูงระดับเอว น้ำท่วมมาแล้วน้อยกว่า 1 สัปดาห์,https://storage.googleapis.com/traffy_public_bucket/attachment/2026-09/720551e2ab7fbe2b5a81f4c55f2be92b.jpeg
2026-RYF4ZM,inprogress,2026-09-28 10:50,2026-09-28 11:24,100.71763,13.82329,มีนบุรี,มีนบุรี,ตอนนี้ในหมู่บ้านน้ำขังมา 3 วันเริ่มส่งกลิ่นเน่าเหม็นอยากขอความช่วยเหลือจากเขตมีนบุรีช่วยสูบน้ำจากท่อหลักของหมู่บ้านหน่อยครับเพื่อช่วยระบายน้ำออกบ้างครับ ขอบคุณครับ ความสูงระดับหน้าแข้ง น้ำท่วมมาแล้วน้อยกว่า 1 สัปดาห์,https://storage.googleapis.com/traffy_public_bucket/attachment/2026-09/6dc32dcd49c02026537ab85fa0782e25.jpeg
2026-KWHLNJ,forward,2026-09-28 10:51,2026-09-28 11:06,100.6441,13.91634,สายไหม,สายไหม,น้ำท่วมล้อมตัวบ้าน ความสูงระดับหน้าแข้ง น้ำท่วมมาแล้วมากกว่า 1 สัปดาห์,https://storage.googleapis.com/traffy_public_bucket/attachment/2026-09/d887e289f00ee88172ba46624d12f88c.jpeg
2026-TDJUJC,finish,2026-09-28 10:51,2026-10-01 16:05,100.64008,13.75716,บางกะปิ,หัวหมาก,ปัญหา: ภายในซอยรามคำแหง 42 ตลอดทั้งแฟลตดอนเจดีย์แมนชั่น และบ้านเลขที่ 175 เนื่องจากเกิดเหตุอุทกภัย จึงมีความประสงค์ขอรับความช่วยเหลือด้านอาหารน้ำดื่มและยา ถนน: รามคำแหง เขต: บางกะปิ #1555,https://storage.googleapis.com/traffy_public_bucket/attachment/2022-12/da2125e781282589d482070c3dba1726aa16a4a7.jpg
2026-X9U83X,inprogress,2026-09-28 10:51,2026-09-28 11:42,100.6401,13.80937,บึงกุ่ม,นวมินทร์,แจ้งรับเงินเยียวยาน้ำท่วม ความสูงระดับหน้าแข้ง ตั้งแต่เช้าวันที่26 กันยายน2569 เวลา3.00น.,https://storage.googleapis.com/traffy_public_bucket/attachment/2026-09/3c94c1aa1628d294015b70a7c98761b2.jpeg
2026-BC9MWC,start,2026-09-28 10:52,2026-09-28 10:52,100.62135,13.94938,ดอนเมือง,สนามบิน,สวัสดีค่ะ ตรงนี้น้ำท่วมหนักมากค่ะ ความสูงระดับตรงถนนประมาณ เข่าแล้วค่เ น้ำท่วมมาแล้วน้ำเริ่มสูงขึ้นเรื่อยๆตั้งแต่เมื่อวาน,https://storage.googleapis.com/traffy_public_bucket/attachment/2026-09/thumb_8359aa16e929f22efaeefdae4debcafa.jpg
2026-A223VM,inprogress,2026-09-28 10:53,2026-09-28 11:41,100.65912,13.78349,บึงกุ่ม,คลองกุ่ม,ออกจากบ้านไม่ได้ เนื่องจากน้ำท่วมขังถนนหน้าบ้านระดับน้ำประมาณ80ซม. อาหารจะหมดวันนี้แล้ว ความสูงระดับน้ำท่วมถนนหน้าบ้านประมาณ 80 ซม. น้ำท่วมมาแล้ว3 วันแล้ว ตั้งแต่ศุกร์ เสาร์ อาทิตย์จนถึงวีนนี้วันจันทร์,https://storage.googleapis.com/traffy_public_bucket/attachment/2026-09/thumb_a6a5189bcf51ff9911a571dd28c3187a.jpg
2026-BL3WNP,forward,2026-09-28 10:54,2026-09-28 11:05,100.67002,13.91551,สายไหม,ออเงิน,ที่ใน หมู่บ้าน ณัฐกานต์ ซอย สายไหม 64 เฟส2 แขวง ออเงิน มีน้ำท่วมตั้งแต่วันศุกร์ที่25 เป็นน้ำของที่ขึ้นมามาจาก คลองหมอน 40 ด้วย จนป่านนี้ก็ยังไม่มีการแก้ไข ทำให้การสัญจรใช้ชีวิตประจำวันอยากลำบากต้องลุยน้ำ จึงอยากให้เจ้าหน้าที่ช่วยเร่งระบายน้ำ เพื่อจะไ,https://storage.googleapis.com/traffy_public_bucket/attachment/2026-09/45fa22c543756059731d6218f13d8f31.jpeg
2026-LVPFN6,finish,2026-09-28 10:54,2026-09-30 16:40,100.41934,13.72966,บางแค,บางแคเหนือ,พิกัด: ริมคลองราชมนตรี พุทธมณฑลสาย 1 เขตบางแค (พิกัดใกล้เคียงกับหมู่บ้านอรุณทอง)สภาพหน้างาน: รถเข้าไม่ได้ ต้องพายเรืออย่างเดียว หรือเดินสวนทางพื้นดินเข้ามาความเดือดร้อน: น้ำท่วมขังสูง มีคนพักอาศัยอยู่รวมกันมากกว่า 20 คนสิ่งที่ต้องการ: ส่งรูปถ่ายหน้างานให้,https://storage.googleapis.com/traffy_public_bucket/attachment/2026-09/2d34a120047357f9062b96e778ffb7d1.jpeg
2026-CKTBKX,inprogress,2026-09-28 10:55,2026-09-30 08:33,100.60044,13.93153,ดอนเมือง,สีกัน,ซอยสรณคมน์27น้ำท่วมทั้งซอยและเริ่มเน่าเสียรบกวนดำเนินการปรับปรุงแก้ไขให้โกยด่วยด้วยครับขอบคุณครับ ความสูงระดับหน้าแข้ง น้ำท่วมมาแล้วมากกว่า 1 สัปดาห์,https://storage.googleapis.com/traffy_public_bucket/attachment/2026-09/f40fc5560aed9c35977f49cb3dce5113.jpeg
2026-DZXGAC,finish,2026-09-28 10:56,2026-09-28 20:57,100.61633,13.76416,วังทองหลาง,พลับพลา,ขอความช่วยเหลือเร่งด่วนค่ะ! ติดค้างขาดแคลนอาหารและน้ำดื่ม น้ำท่วมสูงระดับเข่า รถและเดลิเวอรี่เข้าไม่ได้ ไม่มีอาหารและน้ำดื่มเลยค่ะ ความสูงระดับถึงเข่า น้ำท่วมมาแล้วตั้งแต่วันที่ 26/9/69 ถึงวันนี้ค่ะยังไม่ลด,https://storage.googleapis.com/traffy_public_bucket/attachment/2026-09/thumb_feccf20edffbb010f2ade59ad3502b39.jpg
2026-X4MYN6,inprogress,2026-09-28 10:56,2026-09-30 09:56,100.58746,13.93414,ดอนเมือง,สีกัน,"กลางซอยสรงประภา24 น้ำล้นจากคลอง ขังคนในหมู่บ้านสัณฑ์ติสุข อยู่สุข 1,2 ไว้ท้ายซอย ขาดเสบียง ขยะล้น ความสูงระดับหัวเข่า น้ำท่วมมาแล้วน้อยกว่า 1 สัปดาห์",https://storage.googleapis.com/traffy_public_bucket/attachment/2026-09/e9b6f142173df0fad19e1f51aa0d1f9b.jpeg
2026-ZEZTNJ,inprogress,2026-09-28 10:57,2026-09-28 15:06,100.79776,13.78962,หนองจอก,ลำผักชี,น้ำท่วมบ้าน หมู่บ้านฟลอร่าวิลล์ ฉลองกรุง เฟส 22 ขอเครื่องสูบน้ำ ความสูงระดับหัวเข่า น้ำท่วมมาแล้วน้อยกว่า 1 สัปดาห์,https://storage.googleapis.com/traffy_public_bucket/attachment/2026-09/bb4e09d9d80da7af77fe76949c18aa84.jpeg
2026-AEGECG,finish,2026-09-28 10:58,2026-10-02 15:16,100.76358,13.83008,คลองสามวา,ทรายกองดินใต้,ขอกระสอบทราย ประชาร่วมใจ 22 บ้าน เลขที่ 50 ขอไปทางระบบตั้งแต่เมื่อวานแล้วครับ ประสานงานหน่อยครับไม่มีรถไปรถ นำมาส่งได้ไหมครับ #ขอกระสอบทราย/อื่นๆ,https://storage.googleapis.com/traffy_public_bucket/attachment/2026-09/9c83521fd83009195477865f4076ad88.jpeg
2026-LJXYFJ,inprogress,2026-09-28 10:58,2026-09-28 11:20,100.64211,13.76834,บางกะปิ,คลองจั่น,ปัญหา: ท้ายซอยดังกล่าว พบน้ำท่วมขัง ระดับน้ำสูง ผู้พักอาศัยภายในคอนโดไม่สามารถเดินทางออกจากพื้นที่ได้ โดยมีจำนวนผู้พักอาศัยเป็นจำนวนมากและหลายอาคาร ปัจจุบันผู้พักอาศัยขาดแคลนอาหาร เนื่องจากไม่สามารถออกไปจัดซื้ออาหารได้ และแจ้งว่าผ่านมาประมาณ 3 - 4 วัน แล้,https://storage.googleapis.com/traffy_public_bucket/attachment/2022-12/da2125e781282589d482070c3dba1726aa16a4a7.jpg
2026-ULG8HX,inprogress,2026-09-28 10:58,2026-09-28 14:08,100.69435,13.77127,สะพานสูง,สะพานสูง,`ขอความช่วยเหลือฉุกเฉินครับ ตอนนี้น้ำท่วมขังสูงรอบที่พัก ออกไปวิ่งงานไรเดอร์ไม่ได้ เงินหมดไม่มีเงินซื้อข้าวทานแล้วครับ เดือดร้อนมาก ขอยังชีพหรืออาหารประทังชีวิตด่วนครับ ความสูงระดับเกือบเท่าหัวเข่าครับ ในบางจุด น้ำท่วมมาแล้วถ้าเป็นใต้สะพานน้ำท่วมคังเลย รถ,https://storage.googleapis.com/traffy_public_bucket/attachment/2026-09/ab5a00dc96ae2634b1896f544c000ff0.jpeg
2026-E26DJN,start,2026-09-28 10:59,2026-09-28 10:59,100.78336,13.71963,ลาดกระบัง,ลาดกระบัง,น้ำท่วมขัง ระดับน้ำยังไม่ลดลง ไม่สามารถออกจากพื้นที่ ความสูงระดับครึ่งขาอ่อน น้ำท่วมมาแล้วน้อยกว่า 1 สัปดาห์,https://storage.googleapis.com/traffy_public_bucket/attachment/2026-09/8569f4c3493a423736d620d3251b4a13.jpeg
2026-JYB2GX,start,2026-09-28 10:59,2026-09-28 10:59,100.71386,13.7631,ลาดกระบัง,คลองสองต้นนุ่น,ขอให้ตรวจสอบและปรับปรุงแนวป้องกันริมคลองบริเวณหลังบ้าน ขณะนี้ระดับน้ำในคลองบริเวณหลังหมู่บ้านค่อนข้างสูง และ ภายในหมู่บ้านมีน้ำท่วมขังสูงจนเลยระดับฟุตบาทต่อเนื่องมาแล้วประมาณ 3 วัน จึงกังวลว่าหากระดับน้ำในคลองเพิ่มขึ้นอีก อาจเกิดน้ำล้นเข้าพื้นที่บ้านเรือ,https://storage.googleapis.com/traffy_public_bucket/attachment/2026-09/975250c76f6c49ca12e323e417e16c6d.jpeg
2026-YTGEFD,finish,2026-09-28 10:59,2026-10-05 13:10,100.60292,13.88695,บางเขน,อนุสาวรีย์,Bts สายหยุด น้ำท่วมขังมา3 วัน ต้องการให้เร่งตรวจสอบการระบายน้ำ ประมาณเข่าค่ะ 3วันค่ะ,https://storage.googleapis.com/traffy_public_bucket/attachment/2026-09/14b26504efd861be8868b87e4ac6b216.jpeg
2026-27NMP8,forward,2026-09-28 11:01,2026-09-28 11:05,100.6402,13.89334,สายไหม,คลองถนน,เร่งระบายน้ำออกเร็วเร็วครับ เดือดร้อนมาก ความสูงระดับหัวเข่า น้ำท่วมมาแล้วน้อยกว่า 1 สัปดาห์,https://storage.googleapis.com/traffy_public_bucket/attachment/2026-09/3921952a6db32d78c0b87641d15d0945.jpeg
2026-DHA6Z2,inprogress,2026-09-28 11:01,2026-09-28 11:23,100.75951,13.79787,มีนบุรี,แสนแสบ,น้ำท่วมถึงอกแล้วค่ะน้ำขึ้นเรื่อยๆเลยค่ะกับข้าวไม่มีแล้วค่ะซอยบึงขวาง 6/1 ค่ะ ความสูงระดับสูงกว่าเอว น้ำท่วมมาแล้วน้อยกว่า 1 สัปดาห์,https://storage.googleapis.com/traffy_public_bucket/attachment/2026-09/4932ca18a1bd3a7717fdbf477c3070ce.jpeg
2026-EYNBWJ,forward,2026-09-28 11:01,2026-09-28 20:37,100.65341,13.75606,บางกะปิ,หัวหมาก,น้ำท่วมสูงริมคลองหัวหมาก ความสูงระดับหัวเข่า น้ำท่วมมาแล้วน้อยกว่า 1 สัปดาห์,https://storage.googleapis.com/traffy_public_bucket/attachment/2026-09/66d14e9913cd6feed58b76a7cd4070d2.jpeg
2026-2YGWVY,inprogress,2026-09-28 11:02,2026-09-28 11:40,100.65585,13.78745,บึงกุ่ม,คลองกุ่ม,ไม่มีน้ำ อาหาร ความสูงระดับหัวเข่า น้ำท่วมมาแล้วน้อยกว่า 1 สัปดาห์,https://storage.googleapis.com/traffy_public_bucket/attachment/2026-09/a546ccdded268bcd5a9c1a14d6d80506.jpeg
2026-NJWEM4,finish,2026-09-28 11:03,2026-09-28 11:50,100.57925,13.84465,จตุจักร,เสนานิคม,น้ำท่วมสูง 3 วันไม่ลดลงเลย น้ำเริ่มมีกลิ่น และสีเข้ม กทม แก้ปัญหาถนนหลักหลายสายได้แล้ว เมื่อไหร่จะมาแก้ปัญหาซอยนี้ครับ ความสูงระดับหัวเข่า น้ำท่วมมาแล้วน้อยกว่า 1 สัปดาห์,https://storage.googleapis.com/traffy_public_bucket/attachment/2026-09/693918461785119a62ab3dd6df7abb59.jpeg
2026-YGWTP2,inprogress,2026-09-28 11:03,2026-09-28 11:04,100.66114,13.76323,บางกะปิ,หัวหมาก,น้ำท่วมในซอยรามคำแหง 68 มา 3 วัน น้ำไม่ลงเลยมีแต่เพิ่ม ยังไม่มีหน่วยงานไหนมาดู ความสูงระดับหัวเข่า น้ำท่วมมาแล้ว3 วัน,https://storage.googleapis.com/traffy_public_bucket/attachment/2026-09/f9ccdbdc8c1fd71184e605ac45ce6fde.jpeg
2026-LBX4YB,inprogress,2026-09-28 11:04,2026-09-28 11:17,100.64337,13.69895,ประเวศ,หนองบอน,น้ำท่วมสูง ที่ถนน ซอยหมู่บ้านมิตรภาพแยกหนึ่ง ถนนศรีนครินทร์ 38 รบกวนเอาปั๊มน้ำขนาดใหญ่มากมาสูบออกด้วยค่ะ ด่วนมากมากมากมากมากมากมาก ค่ะ ติดมาสองวันแล้วค่ะ ออกจากบ้านไม่ได้ ความสูงระดับบางจุด 30-40ซม น้ำท่วมมาแล้วน้อยกว่า 1 สัปดาห์,https://storage.googleapis.com/traffy_public_bucket/attachment/2026-09/f2a1784a87c941968953f98493457c32.jpeg
2026-YCAXKE,inprogress,2026-09-28 11:04,2026-09-28 14:09,100.66503,13.73893,สะพานสูง,สะพานสูง,ถนน มอเตอร์เวย์ ซอย 5 แยก 3 บ้านใกล้คลองบ้านม้า น้ำท่วมหนักมาก มีทั้งเด็กเล็ก คนแก่ ต้องการความช่วยเหลือครับ ความสูงระดับทางเดิน ถึงเอว ในตัวบ้าน ถึงหัวเข่า น้ำท่วมมาแล้วน้อยกว่า 1 สัปดาห์,https://storage.googleapis.com/traffy_public_bucket/attachment/2026-09/3a6a127afe4be092d3734ed7197c45ac.jpeg
2026-KP3X2B,inprogress,2026-09-28 11:05,2026-09-28 11:10,100.65846,13.72783,ประเวศ,ประเวศ,น้ำท่วมพัฒนาการ 63 ระดับน้ำสูงเลยเข่า ท่วมมา 3 วันแล้วไม่ลดลง ไม่สามารถออกไปไหนได้ และไม่ได้รับความช่วยเหลือ ความสูงระดับกะด้วยตาประมาณ 50 cm. ค่ะ น้ำท่วมมาแล้วท่วมมาตั้งแต่วันศุกร์ค่ะ,https://storage.googleapis.com/traffy_public_bucket/attachment/2026-09/thumb_b8fc86743f7fd7a113ee5f5167511dca.jpg
2026-397Y42,inprogress,2026-09-28 11:06,2026-09-28 11:12,100.61822,13.86801,บางเขน,อนุสาวรีย์,น้ำท่วมสูงถึงเข่ามา 5 วันแล้ว ความสูงระดับหัวเข่า น้ำท่วมมาแล้วน้อยกว่า 1 สัปดาห์,https://storage.googleapis.com/traffy_public_bucket/attachment/2026-09/3d7acd2cd5171ba26d66e5d7ccdd6189.jpeg
2026-J3ZE8D,inprogress,2026-09-28 11:06,2026-09-28 11:09,100.69705,13.71703,ประเวศ,ประเวศ,ถนนเฉลิมพระเกียรติ ร9ซอย81 83 ถึงแยกประเวศ น้ำท่วมสูง เดือดร้อน เมื่อไรจะแห้งค่ะ ความสูงระดับหน้าแข้ง 3วันแล้ว,https://storage.googleapis.com/traffy_public_bucket/attachment/2026-09/543423fb30714556a749ea8d456cae2c.jpeg
2026-MELXUY,inprogress,2026-09-28 11:06,2026-09-28 21:35,100.63166,13.75714,บางกะปิ,หัวหมาก,น้ำท่วม ขาดน้ำดื่มและอาหาร ความสูงระดับหัวเข่า น้ำท่วมมาแล้วน้อยกว่า 1 สัปดาห์,https://storage.googleapis.com/traffy_public_bucket/attachment/2026-09/bd2132855cac16958a69e6d0a284bada.jpeg
2026-ZPLTDX,finish,2026-09-28 11:06,2026-09-30 20:07,100.40072,13.76656,ทวีวัฒนา,ศาลาธรรมสพน์,ในบริเวณถนนสุขาภิบาลบางระมาด ซอยหมู่บ้านบ้านและสวน 4 บริเวณหน้าปากซอยและในซอย ปัจจุบันได้ยกเป็น ถนนสาธารณะเรียบร้อยแล้ว ในปัจจุบันท่อน้ำระบายไม่ดีน้ำขัง ฝนตกนิดเดียวก็ไม่ระบายเลยครับคิดว่ามันน่าจะไม่มีท่อระบายน้ำหรือไม่ได้เชื่อมต่อท่อระบายน้ำไว้ รบกว,https://storage.googleapis.com/traffy_public_bucket/attachment/2026-09/5311431af6ff7d3a357e940ced6f4265.jpeg
2026-YJECCX,inprogress,2026-09-28 11:07,2026-09-30 09:55,100.60099,13.9331,ดอนเมือง,สีกัน,ถนนในซอยสรณคมน์24น้ำท่วมขังและมีงานก่อสร้างล่าช้าสร้างความเดือดให้ประชาชนรบกวนตรวจสอบและดำเนินการแก้ไขให้โดยด่วนด้วยครับขอบคุณครับ ความสูงระดับหน้าแข้ง น้ำท่วมมาแล้วน้อยกว่า 1 สัปดาห์,https://storage.googleapis.com/traffy_public_bucket/attachment/2026-09/02507de0a2b9f447d806f743b27737a1.jpeg
2026-7PNCP2,inprogress,2026-09-28 11:08,2026-09-28 11:39,100.66563,13.79048,บึงกุ่ม,คลองกุ่ม,พักอยู่สุดซอย 1 ซอยเจริญกาญจน์ หมู่บ้านคลองกุ่มนิเวศน์ เสรีไทย 41 น้ำท่วมสูง พอจะมีรถเข้ามารับเพื่อออกไปหาอาหารให้ผู้สูงอายุในบ้านไหมคะ ต้นขา 3 วันละค่ะ,https://storage.googleapis.com/traffy_public_bucket/attachment/2026-09/bba508a89d320646ee15a3d1f0c09cbf.jpeg
2026-2EARAJ,inprogress,2026-09-28 11:09,2026-09-28 11:15,100.68789,13.69275,ประเวศ,ดอกไม้,น้ำท่วม ในซอยถ.เฉลิมพระเกียรติร.9 ซอย 48 ขว.ดอกไม้ ข.ประเวศ กทม.มา 5-6 วันแล้วค่ะ ความสูงระดับ1 เมตรค่ะ น้ำท่วมมาแล้ว5-7 วัน,https://storage.googleapis.com/traffy_public_bucket/attachment/2026-09/14f68f6f5504eda4111ae3dd6a5b5549.jpeg
2026-LVNVZF,inprogress,2026-09-28 11:09,2026-09-28 13:55,100.64825,13.78808,บึงกุ่ม,นวมินทร์,ปัญหา: บ้านเลขที่ 105/75 เนื่องจากเกิดเหตุอุทกภัย จึงมีความประสงค์ขอรับความช่วยเหลือด้านอาหารและน้ำดื่ม รวมถึงกระดาษทิชชู่ ซอย: นวมินทร์ 57 ถนน: นวมินทร์ จุดสังเกต: เข้าซอยดังกล่าวไปประมาณ 100 เมตร ซ้ายมือ เขต: บึงกุ่ม #1555,https://storage.googleapis.com/traffy_public_bucket/attachment/2022-12/da2125e781282589d482070c3dba1726aa16a4a7.jpg
2026-MXXJ7P,inprogress,2026-09-28 11:09,2026-09-28 15:06,100.8869,13.80291,หนองจอก,ลำต้อยติ่ง,ช่วยคลี่คลายปัญหาน้ำท่วมขังบริเวณสุวินทวงศ์ด้วยค่ะ น้ำท่วมขังมานาน จนตอนนี้เข้าบ้านแล้ว ฝากให้มีรถมาสูบน้ำ แล้วเอาไปทิ้งลงคลองที ความสูงระดับข้อเท้า น้ำท่วมมาแล้วน้อยกว่า 1 สัปดาห์,https://storage.googleapis.com/traffy_public_bucket/attachment/2026-09/08f4a0328c23ac759418c51cc695f11c.jpeg
2026-HLZTZM,inprogress,2026-09-28 11:10,2026-09-28 13:05,100.71464,13.90204,คลองสามวา,สามวาตะวันตก,น้ำท่วมขัง เข้าวันที่ 4 ไม่ลดมีแต่เพิ่มขึ้น ส่งกลิ่นแล้ว ความสูงระดับหน้าแข้ง น้ำท่วมมาแล้วน้อยกว่า 1 สัปดาห์,https://storage.googleapis.com/traffy_public_bucket/attachment/2026-09/df6e08b68170bdf1941413e1c964a28e.jpeg
2026-R2N7R7,inprogress,2026-09-28 11:10,2026-09-28 22:56,100.6074,13.87398,บางเขน,อนุสาวรีย์,น้ำท่วมในซอยรามอินทรา แยก3-12 น้ำในบ้านสูงถึงเข่า แบะเริ่มเน่าแล้ว อยากได้ em ball ค่ะ ความสูงระดับเข่า น้ำท่วมมาแล้ว4 วัน,https://storage.googleapis.com/traffy_public_bucket/attachment/2026-09/thumb_4059b097751b14640318d13d3c7a4e7d.jpg
2026-Y7AKAV,start,2026-09-28 11:10,2026-09-28 11:10,100.81138,13.70814,ลาดกระบัง,ทับยาว,น้ำท่วมลาดกระบัง หลวงแพ่งไม่ลดเลย ความสูงระดับ60 cm น้ำท่วมมาแล้วน้อยกว่า 1 สัปดาห์,https://storage.googleapis.com/traffy_public_bucket/attachment/2026-09/71d4ff1b34223226908737a98d539f39.jpeg
2026-HP7UEH,inprogress,2026-09-28 11:11,2026-09-28 11:14,100.65422,13.72249,ประเวศ,ประเวศ,น้ำระดับน่อง ความสูงระดับหัวเข่า น้ำท่วมมาแล้วน้อยกว่า 1 สัปดาห์,https://storage.googleapis.com/traffy_public_bucket/attachment/2026-09/b0859cb3a1fa7296c7c4f5da19f688d0.jpeg
2026-WHR3YT,start,2026-09-28 11:11,2026-09-28 11:11,100.73688,13.73949,ลาดกระบัง,คลองสองต้นนุ่น,น้ำท่วมขังในถนนของหมู่บ้านหลายวันแล้วน้ำไม่ลดต้องการให้ช่วยหาทางระบายน้ำ ความสูงระดับมิดข้อเท้าขึ้นมาครึ่วแจ้ง น้ำท่วมมาแล้วน้อยกว่า 1 สัปดาห์,https://storage.googleapis.com/traffy_public_bucket/attachment/2026-09/0bc86cca362ee24e9534c9665f3b8052.jpeg
2026-XUUUHE,start,2026-09-28 11:11,2026-09-28 11:11,100.78336,13.71963,ลาดกระบัง,ลาดกระบัง,น้ำท่วมขังภายในซอยลาดกระบัง52 และตามแยก ไม่สามารถออกจากพื้นที่ไปได้ อาจกระทบถึงน้ำและอาหาร ระดับน้ำอยู่ที่ครึ่งขาอ่อนถึงเข่า ท่วมมาประมาณ 4 วัน ความสูงระดับเกือบหัวเข่าค่ะ น้ำท่วมมาแล้วตั้งแต่วันศุกร์ที่ 25 ประมาณข้อเท้า และสูงขึ้นเรื่อยๆจนตอนนี้ค่ะ,https://storage.googleapis.com/traffy_public_bucket/attachment/2026-09/144334f457dd6c779f0fbd5ecbf3c420.jpeg
2026-7LURAD,finish,2026-09-28 11:12,2026-10-05 11:40,100.65063,13.74679,บางกะปิ,หัวหมาก,น้ำท่วมขังสูงระดับเข่าในซอยกรุงเทพกรีฑา8แยก6 หน้าบ้านท่วมสูงเกือบถึงก้น เพราะพื้นที่ต่ำกว่าในซอย ท่วมขังมาตั้งแตาวันศุกร์ ไม่ลด เพราะฝนตกตลอดทุกวัน น่ำเริ่มสีเข้ม และมีขยะลอย เส้นกรุงเทพกรีฑา8 ท่วมเลยข้อเท้า รถกระบะผ่านได้ รถเก๋งผ่านไม่ได้ ความสูงระดับหั,https://storage.googleapis.com/traffy_public_bucket/attachment/2026-09/50792992c0eda1f6798643fe49d22de3.jpeg
2026-VBYPPU,forward,2026-09-28 11:12,2026-09-28 11:15,100.65582,13.8869,สายไหม,ออเงิน,น้ำท่วมสูงบริเวณถนนสุขาภิบาล5 ทำให้น้ำสูงเข้าภายในโครงการทุกซอย ต้องการขอกระสอบทรายเพิ่มค่ะ ความสูงระดับข้อเท้า น้ำท่วมมาแล้ว3วัน,https://storage.googleapis.com/traffy_public_bucket/attachment/2026-09/147e6340e159a609c8b2efcab2313f79.jpeg
2026-6TPW82,finish,2026-09-28 11:13,2026-09-29 13:45,100.54905,13.86183,หลักสี่,ทุ่งสองห้อง,นำ้ยังท่วมสูงอยุ่ถึงหัวเข่า ในขณะที่ซอยถัดไปลดลงมาก แสดงว่าตำแหน่งทึ่แจ้งไปมีปัญหา พื้นเป้นแอ่ง ตำ่มาก ต้องการให้แก้ไขอย่างถาวร คะ ความสูงระดับ40-50 เชน รถวิ่งไม่ได้ น้ำท่วมมาแล้วท่วมมาตั้งแต่ฝนตก26/9,https://storage.googleapis.com/traffy_public_bucket/attachment/2026-09/321e8ce97111c2c8210d02e0fac4e598.jpeg
2026-EWZ4TH,finish,2026-09-28 11:13,2026-09-30 16:28,100.60259,13.8069,ลาดพร้าว,ลาดพร้าว,น้ำท่วมเข้าในบ้านครับ จะทำเรื่อง เป็นผู้ประสบภัยพิบัติ เพื่อขอเงินเยียวยาผู้ประสบอุทกภัย จาก กทม.ครับ ติดต่อ เขตลาดพร้าวไม่ได้ครับ ไม่แน่ใจว่าจะสามารถติดต่อได้ช่องทางไหนได้บ้างครับ ความสูงระดับข้อเท้า น้ำท่วมมาแล้ว26-27 กันยายนที่ผ่านมาครับ ตอนนี้น้ำลดลง,https://storage.googleapis.com/traffy_public_bucket/attachment/2026-09/1b3548c9b74481fc0b2bcaa2921b1062.jpeg
2026-7YJLCY,finish,2026-09-28 11:14,2026-09-30 15:27,100.68239,13.77012,สะพานสูง,สะพานสูง,หมู่บ้านสัมมากร รามคำแหง 112 ยังมีน้ำท่วมขังตามซอยต่าง ๆ อยู่มาก โดยน้ำยังไม่ลดเลยครับ และขอให้สำนักงานเขตจัดรถรับส่งประชาชนที่อยู่ในหมู่บ้านให้ไปยังหน้าหมู่บ้านและ/หรือสำนักงานเขตได้ครับผม ขอบพระคุณครับและขอเป็นกำลังใจให้เจ้าหน้าที่ในการปฏิบัติงานครับ ค,https://storage.googleapis.com/traffy_public_bucket/attachment/2026-09/c0892969f27d2268f7bb8d2ecaf2cfdd.jpeg
2026-CJ8MZT,finish,2026-09-28 11:14,2026-09-29 20:31,100.67048,13.84049,คันนายาว,รามอินทรา,ซอยกาญจนาภิเษก 8 ค่ะ เลียบมอเตอร์เวย์ อยุ่ในซอยรามอินทรา 83 อีกที ท่วมทั้งซอยกาญจนาภิเษก8 เพราะติดคลอง มีประชาชน10 หลังคาเรือน ประมาน 50 คน ขอถุงยังชีพ อาหารค่ะ ความสูงระดับหัวเข่า น้ำท่วมมาแล้ว3 วัน,https://storage.googleapis.com/traffy_public_bucket/attachment/2026-09/bd4befe3b9f0098098b9c78b96576f1a.jpeg
2026-6ZKDW8,inprogress,2026-09-28 11:15,2026-09-28 11:39,100.65683,13.79295,บึงกุ่ม,คลองกุ่ม,ขอถุงทรายเพื่อป่องกีน้ำเข้าบ้านที่เขตบึงกุ่ม สงสัยไม่ส่งแล้วจะขายหรือกระสอบละเท่าไรจะซื้อ ความสูงระดับขาอ่อน น้ำท่วมมาแล้ว1 เมตร,https://storage.googleapis.com/traffy_public_bucket/attachment/2026-09/5a49033bb14d51354b7dd03c0969a459.jpeg
2026-7KBKN9,forward,2026-09-28 11:15,2026-09-28 11:18,100.64626,13.81401,บึงกุ่ม,นวลจันทร์,น้ำท่วมขังตั้งแต่วันศุกร์แล้วค่ะระดับน้ำไม่ลดเลยรบกวนช่วยดูหน่อยค่ะเริ่มส่งกลิ่นเหม็นเน่า ความสูงระดับตามรูปเลยค่ะ น้ำท่วมมาแล้วศ-จ,https://storage.googleapis.com/traffy_public_bucket/attachment/2026-09/66fc1c0922f9ca17b85eefb8bc7e9669.jpeg
2026-7KYDDK,inprogress,2026-09-28 11:15,2026-09-28 11:25,100.75619,13.804,มีนบุรี,แสนแสบ,ท่วมมาก ไม่มีหน่วยงานไหนเข้ามาเลย อาหารเริ่มหมด มีหลายร้อยหลังราเรือน ความสูงระดับถนนหัวเข่าแล้วครับ ส่วนมากชั้นล่างอยู่ไม่ใด้แล้ว น้ำท่วมมาแล้ววันศุกร์,https://storage.googleapis.com/traffy_public_bucket/attachment/2026-09/44bda6eb552f3ce0a92a4188dbc17885.jpeg
2026-JA87XC,inprogress,2026-09-28 11:15,2026-09-28 11:29,100.62432,13.86516,บางเขน,อนุสาวรีย์,ในซ.รามอินทรา27 ด้านในน้ำท่วมขัง สูง 30-40 ซม. ขอให้เร่งดำเนินการสูบน้ำออก ความสูงระดับหัวเข่า น้ำท่วมมาแล้วน้อยกว่า 1 วัน,https://storage.googleapis.com/traffy_public_bucket/attachment/2026-09/cb313fcad1c7aa71a10af0538a1ed8bf.jpeg
2026-RNDK4Z,inprogress,2026-09-28 11:15,2026-09-28 14:27,100.63363,13.73228,สวนหลวง,สวนหลวง,น้ำไม่ลดสักทีค่ะ รั้วหัวเข่า ถนนหน้าแข้ง ในบ้านตาตุ่ม สามวันแล้ว,https://storage.googleapis.com/traffy_public_bucket/attachment/2026-09/d287f2d691dc8491193adcb6e8b056eb.jpeg
2026-WPHFZD,inprogress,2026-09-28 11:15,2026-09-28 11:22,100.6836,13.67873,ประเวศ,ดอกไม้,น้ำท่วมหมู่บ้านสวนหลวงวิลล์ นิรันดร์วิลล์ 3 สูงสุด 40-50 ซม สัญจรเข้าออกได้เฉพาะรถใหญ่ เพราะร้ำในคลองไหลทะลักเข้ามาในหมู่บ้าน ทำให้ไม่สามารถสูบน้ำออกไปได้ อยากให้เร่งระบายน้ำในคลองที่อยู่ด้านหน้า และด้านหลังหมู่บ้านครับ ความสูงระดับหัวเข่า น้ำท่วมมาแล้วน,https://storage.googleapis.com/traffy_public_bucket/attachment/2026-09/01464a10636e441a743e9228dffd3e92.jpeg
2026-98KWL9,inprogress,2026-09-28 11:16,2026-09-28 11:23,100.73766,13.81907,มีนบุรี,มีนบุรี,อยากให้ กทม ดูแลเรื่องน้ำท่วมถนน สุวินทวงศ์ จุดนี้หน่อยครับน้ำสูงเดือดร้อนมาก ความสูงระดับหัวเข่า น้ำท่วมมาแล้วน้อยกว่า 1 สัปดาห์,https://storage.googleapis.com/traffy_public_bucket/attachment/2026-09/f2b7bd952312fadb868355ac79f1f853.jpeg
2026-E7ZBZK,inprogress,2026-09-28 11:16,2026-09-28 11:21,100.66598,13.72389,ประเวศ,ประเวศ,น้ำท่วมสูงมากๆ ค่ะในซอยพัฒนาการ 69 ด้านหน้าซอยไม่ท่วมแต่หลังสะพานสูงมากเลยเอวมาแล้วค่ะ แล้ววันนี้ฝนก็ตกหนักต่อทำให้ไม่สามารถระบายน้ำได้เลยค่ะ หลายๆ บ้านในซอยไม่มีอาหารค่ะ และมีคนแก่อยู่เยอะในบริเวณนี้ค่ะ ไม่สามารถสัญจรได้แม้กระทั่งรถกะบะค่ะ ความสูงระดับส,https://storage.googleapis.com/traffy_public_bucket/attachment/2026-09/8af076ce140f573a56c3ab720c508249.jpeg
2026-FRKAH9,finish,2026-09-28 11:16,2026-09-28 13:48,100.59485,13.79005,วังทองหลาง,วังทองหลาง,ลาดพร้าว64แยก2 หมู่บ้านตะวันรุ่ง ซอย 10 น้ำยังท่วมอยู่ ความสูงระดับข้อเท้า น้ำท่วมมาแล้วน้อยกว่า 1 วัน,https://storage.googleapis.com/traffy_public_bucket/attachment/2026-09/615d4b30fa1db808453dd61e10bb166c.jpeg
2026-GET6C3,inprogress,2026-09-28 11:16,2026-09-28 14:12,100.68591,13.7548,สะพานสูง,สะพานสูง,ปัญหา: ภายในซอยแยกดังกล่าว หมู่บ้านพฤกษชาติ เนื่องจากเกิดเหตุอุทกภัย จึงมีความประสงค์ขอรับความช่วยเหลือด้านอาหารและน้ำดื่ม สำหรับผู้พักอาศัย จำนวนหลายราย ซอย: รามคำแหง 118 แยก 79 ถนน: รามคำแหง เขต: สะพานสูง #1555,https://storage.googleapis.com/traffy_public_bucket/attachment/2022-12/da2125e781282589d482070c3dba1726aa16a4a7.jpg
2026-T36WYE,inprogress,2026-09-28 11:16,2026-09-28 15:06,100.88198,13.76517,หนองจอก,ลำต้อยติ่ง,สวัสดีค่ะ หนูอยู่ ซอยวัดวิบูลย์ เป็นพื้นที่ติดกับคลอง ตอนนี้น้ำในคลองได้ไหลทะลักเข้าสู่บ้านประชาชน ชาวบ้านในพื้นที่ขาดแคลนพาเลทและก็เดินทางสัญจรไม่สะดวกค่ะ อย่างไรก็ตาม อยากให้ท่านและหน่วยงานที่เกี่ยวข้องลองเข้ามาสำรวจหน่อยนะคะ ขอความกรุณาเป็นอย่างยิ่งค่ะ,https://storage.googleapis.com/traffy_public_bucket/attachment/2026-09/fc835110a0dc24da9c23c3586fa0b0aa.jpeg
2026-TVKMUW,inprogress,2026-09-28 11:17,2026-09-28 20:45,100.65123,13.77667,บางกะปิ,คลองจั่น,ศรีบูรพา 17 ไม่มีใครมาแจกน้ำแจกข้าวเลยตอนนี้คนข้างในไม่สามารถออกไปรับของแจกครั้งได้เพราะระดับน้ำค่อนข้างสูงค่ะ และน้ำสกปรกมาก เสบียงที่ตุนไว้ก็เริ่มหมดแล้ว รบกวนหน่วยงานเข้ามาดูในซอยด้วยค่ะ ความสูงระดับเอว น้ำท่วมมาแล้วน้อยกว่า 1 สัปดาห์,https://storage.googleapis.com/traffy_public_bucket/attachment/2026-09/c08d4e84290f447db4ec0113449b514b.jpeg
2026-C3ALLM,inprogress,2026-09-28 11:19,2026-09-28 11:50,100.66983,13.68572,ประเวศ,หนองบอน,ขอความช่วยเหลือแก้ไขปัญหาน้ำท่วมขังภายในซอยบริเวณ ถนนเฉลิมพระเกียรติ ร.9 ซอย 32 แขวงหนองบอน เขตประเวศ กรุงเทพมหานคร 10250 ขณะนี้เกิดน้ำท่วมขังภายในซอย 32 และน้ำไหลเข้าท่วมบ้านเรือนประชาชน ระดับน้ำสูงประมาณหน้าแข้ง โดยน้ำยังไม่มีแนวโน้มลดลง แม้เกิดเหตุต่อเ,https://storage.googleapis.com/traffy_public_bucket/attachment/2026-09/92fa8f068b37f10a828eabf2a0b936cb.jpeg
2026-LGZHK6,forward,2026-09-28 11:19,2026-09-28 11:23,100.65889,13.8099,บึงกุ่ม,คลองกุ่ม,น้ำขังในซอยค่ะและเข้าบ้าน ตั้งแต่วันที่ 27 เช้ามืดจนกระทั่งปัจจุบันนี้ น้ำลดลงนิดเดียวแล้วก็กลับเพิ่มสูงขึ้นมาอีก ยังไม่ทราบว่าหน่วยไหนดูแลค่ะ ขอบคุณมากค่ะ ความสูงระดับครึ่งหน้าแข้ง หน้าบ้านค่ะ แต่ด้านหน้าถนนกลางเกือบเข่าค่ะ น้ำท่วมมาแล้วตั้วแต่วันที่ 2,https://storage.googleapis.com/traffy_public_bucket/attachment/2026-09/6516156e868938271fb92f6d52da95c2.jpeg
2026-WZXRP6,inprogress,2026-09-28 11:19,2026-09-28 11:34,100.69043,13.6594,ประเวศ,ดอกไม้,"เมื่อวันศุกร์ 25-อาทิตย์ที่27/9/2569 ที่ผ่านมา ทำให้รีโมทประตูไฟฟ้าที่บ้านจมน้ำเสียหาย, กระถางต้นไม้แตก 2 ใบ เราสามารถแจ้งเคลมเพื่อขอค่าชดเชยการซ่อมแซมได้ไหมคะ ความสูงระดับหัวเข่า น้ำท่วมมาแล้วน้อยกว่า 1 สัปดาห์",https://storage.googleapis.com/traffy_public_bucket/attachment/2026-09/dee400ef6d07d955dd158a2cb28f2172.jpeg
2026-3WRXYC,inprogress,2026-09-28 11:20,2026-09-28 11:38,100.64849,13.79933,บึงกุ่ม,นวมินทร์,ปัญหา: ซอยนวมินทร์ 91 บ้านเลขที่ 898 เนื่องจากเกิดเหตุอุทกภัย จึงมีความประสงค์ขอรับความช่วยเหลือด้านอาหารและน้ำดื่ม ถนน: นวมินทร์ เขต: บึงกุ่ม #1555,https://storage.googleapis.com/traffy_public_bucket/attachment/2022-12/da2125e781282589d482070c3dba1726aa16a4a7.jpg
2026-BHLGCC,follow,2026-09-28 11:20,2026-10-05 15:33,100.699,13.82685,คลองสามวา,บางชัน,น้ำท่วมบ้านครับ ฝนจะหยุดตกวันไหน เมื่อไรน้ำจะลดลง ครับ ความสูงระดับประมาณ 15-20 เซ็นติเมตรครับ น้ำท่วมมาแล้วน้อยกว่า 1 สัปดาห์,https://storage.googleapis.com/traffy_public_bucket/attachment/2026-09/f9dad1a519b6674ce3480f2af2061032.jpeg
2026-GAHKR7,finish,2026-09-28 11:21,2026-09-28 11:48,100.54279,13.82922,จตุจักร,จตุจักร,น้ำท่วมขังไม่ระบาย ซอยรัชดากิเษก 33 วันนี้ประมาณครึ่งล้อรถ ตั้งแต่วันศุกร์,https://storage.googleapis.com/traffy_public_bucket/attachment/2026-09/d5d923c65967cb0104deaf7c814b0b35.jpeg
2026-RCGFZT,forward,2026-09-28 11:21,2026-09-28 11:23,100.62458,13.89759,สายไหม,คลองถนน,ปัญหา: ตลอดทั้งซอยดังกล่าว พบน้ำท่วมขัง เนื่องจากฝนตกหนัก และน้ำได้ไหลเข้าบ้านเรือนประชาชน สร้างความเดือดร้อนให้กับผู้พักอาศัยบริเวณดังกล่าว ขอให้เร่งดำเนินการระบายน้ำ ซอย: เพิ่มสิน 16 ถนน: เพิ่มสิน เขต: สายไหม #1555,https://storage.googleapis.com/traffy_public_bucket/attachment/2022-12/da2125e781282589d482070c3dba1726aa16a4a7.jpg
2026-YY27KZ,forward,2026-09-28 11:21,2026-09-28 13:25,100.60122,13.67418,บางนา,บางนาใต้,ถ.สุขาภิบาล 2 ซอย 4 แขวง ประเวศ เขต ประเวศ กรุงเทพมหานคร 10250 https://maps.app.goo.gl/qpkRwzwXv8hZxkJU8 น้ำท่วมขัง เร๋งระบายน้ำให้หน่อยครับ ความสูงระดับหัวเข่า น้ำท่วมมาแล้วน้อยกว่า 1 สัปดาห์,https://storage.googleapis.com/traffy_public_bucket/attachment/2026-09/7a5829550d66005cf31fc866af4429d6.jpeg
2026-BWTGVL,forward,2026-09-28 11:22,2026-09-28 11:24,100.66611,13.802,บึงกุ่ม,คลองกุ่ม,สวัสดีค่ะ อยากให้ช่วยมาดูเรื่องการระบายน้ำ ของหมู่บ้านสหกรณ์ ซอยเสรีไทย 57 ค่ะ ที่นี่มีบ้านเกิน 200 หลังคาเรือน และน้ำท่วมขังสูงมาก อยากให้ช่วยเร่งสูบระบายน้ำ ให้พอรถสัญจรได้ หรือระดับน้ำเหลือระดับ หน้าแข้งให้พอลุยน้ำออกไปทำงานได้ค่ะ ตอนนี้น้ำยังระดับสูงม,https://storage.googleapis.com/traffy_public_bucket/attachment/2026-09/f55043958378b407d7b844992ea299e4.jpeg
2026-Z6CV73,inprogress,2026-09-28 11:22,2026-09-28 13:32,100.63,13.85656,บางเขน,ท่าแร้ง,มาดูแถวรามอินทรบ้างค่ะ น้ำไม่ลดและไม่มีหน่วยงานเข้ามาดูแลเลย ตามซอยรามอินทราต่างๆ เคหะ กม.4 บางบ้านน้ำใช้ไม่ได้ หัวเข่าค่ะ อาจจะไม่สูงเท่าที่อื่น แต่น้ำไม่ลดเลย ตั้งแต่คืนวันศุกร์,https://storage.googleapis.com/traffy_public_bucket/attachment/2026-09/178b00bb873bf31249157017a3a4f61a.jpeg
2026-63UT4Z,inprogress,2026-09-28 11:23,2026-09-28 11:38,100.63721,13.81243,บึงกุ่ม,นวมินทร์,ตอนนี้น้ำลดลงเล็กน้อย ในบ้าน และเขตชุมขน ซึงเราแจ้งเรื่องไป ขออาหาร น้ำ แต่ยัวไม่มีหน่วยงานไหนติดต่อมาเลย ในเขตชุมชน นวมินทร์ 111 แยก8 มีคนแก่และเด็กๆ จำนวนหลายครีวเรือน อิสลาม ความสูงระดับตอนนี้ น่องค่ะ น้ำท่วมมาแล้วตั้งแต่ 25,https://storage.googleapis.com/traffy_public_bucket/attachment/2026-09/3c14e6efa4aba9b5c1a0b9fac43aefb2.jpeg
2026-DET6T7,inprogress,2026-09-28 11:23,2026-09-28 13:04,100.69387,13.77473,สะพานสูง,สะพานสูง,น้ำไม่ลดเลย สามวันแล้ว ความสูงระดับหัวเข่า น้ำท่วมมาแล้วน้อยกว่า 1 สัปดาห์,https://storage.googleapis.com/traffy_public_bucket/attachment/2026-09/ce71cc51c182a8a97c92214c17255e38.jpeg
2026-FL6BUV,inprogress,2026-09-28 11:23,2026-09-28 12:07,100.65839,13.73022,ประเวศ,ประเวศ,น้ำท่วมสูงมาก ซอยพัฒนาการ 61 เขตประเวศ รถทหารเข้ามาช่วย ก็รถน้อคเข้ามาช่วยไม่ได้แล้ว รีบระบายน้ำออกจากคลองประเวศ และคลองบ้านม้า ไปลงทะเลด่วน จะได้ระบายน้ำออกจากหมู่บ้านได้ ตามมา 4 วันแล้ว ทาง เขตประเวศ กทม. ยังไม่ทำ และไม่ช่วยใดๆ เลย จะให้ตายกันทั้งหมู่บ,https://storage.googleapis.com/traffy_public_bucket/attachment/2026-09/a0ff143446be740231f46bf7ae890cbd.jpeg
2026-NGFUUJ,inprogress,2026-09-28 11:23,2026-09-28 12:53,100.71257,13.79711,มีนบุรี,มีนบุรี,น้ำท่วม สกปรก โดนแล้วคันมาก ความสูงระดับหน้าแข้ง น้ำท่วมมาแล้วน้อยกว่า 1 สัปดาห์,https://storage.googleapis.com/traffy_public_bucket/attachment/2026-09/1cc4b4f48b1b166731a861e69575cf0b.jpeg
2026-RB3FZU,inprogress,2026-09-28 11:23,2026-09-28 12:21,100.68785,13.81189,คันนายาว,คันนายาว,ปัญหา: ตลอดทั้งซอยแยก บรเิเวณร้านศิรินทร์ทิพย์ เบเกอรี่ พบน้ำท่วมขัง ระดับสูง 50 เซนติเมตร และน้ำไหลเข้าบ้านเรือนประชาชนแล้ว สร้างความเดือดร้อนให้กับผู้พักอาศัยภายในหมู่บ้าน ขอให้เร่งดำเนินการสูบน้ำ ซอย: สวนสยาม ถนน: สวนสยาม จุดสังเกต: ร้านศิรินทร์ทิพย์ เ,https://storage.googleapis.com/traffy_public_bucket/attachment/2022-12/da2125e781282589d482070c3dba1726aa16a4a7.jpg
2026-7JHEZC,inprogress,2026-09-28 11:24,2026-09-28 13:04,100.76357,13.83,คลองสามวา,ทรายกองดินใต้,ขอกระสอบทราย ประชาร่วมใจ 22 แขวงทรายกองดินใต้ เขต คลองสาวา บ้านเลขที่ 50 ขอไปทางระบบตั้งแต่เมื่อวานแล้วครับ ประสานงานหน่อยครับไม่มีรถไปรถ นำมาส่งได้ไหมครับ 0970459399 #ขอกระสอบทราย/อื่นๆ,https://storage.googleapis.com/traffy_public_bucket/attachment/2026-09/317de31c69f9c17ee7b0c0c331ead40c.jpeg
2026-G7PCY6,inprogress,2026-09-28 11:25,2026-09-30 08:28,100.61313,13.95141,ดอนเมือง,สนามบิน,ปัญหาน้ำท่วม เช้านี้ น้ำขึ้นสูง กว่าเดิม เข้ามาในบ้าน เมื่อวันที่ 26 27 ในบ้านแค่ข้อเท้า แต่วันที่ 28 สูงขึ้นเกือบเข่า ใน บริเวณ หมู่บ้านพิพรพงษ์ วิภาวดีรังสิต 84 เนื่องจากผู้แจ้งเป็นญาติ ที่ไม่ได้อยู่ในพื้นที่ การแชร์ตำแหน่งจึงอาจคลาดเคลื่อนคะ ปกติหม,https://storage.googleapis.com/traffy_public_bucket/attachment/2026-09/5646a5aef412f2680f379b722fc2ad92.jpeg
2026-HWCXAN,inprogress,2026-09-28 11:25,2026-09-28 11:32,100.68818,13.6787,ประเวศ,ดอกไม้,หน้าทางเข้าสวนหลวงวิลล์ - นิรันดร์วิลล์ 3 อยู่ใน ซ.เฉลิมพระเกรียรติร.9 ซอย 28 ทางเข้าด้านหน้าหมู่บ้านท่วมสูง 40ซม50+ รถเล็กไม่สามารถสัญจรได้ ระดับน้ำเท่าคลองหน้าหมู่บ้านและน้ำในคลองทะลักเข้ามาในหมู่บ้านครับ ระดับน้ำเท่านี้ตั้งแต่เช้าวันเสาร์ที่ 26 แล้ว ไ,https://storage.googleapis.com/traffy_public_bucket/attachment/2026-09/0a47e019d6f601bbfacffcea93d0127f.jpeg
2026-UR2LXH,finish,2026-09-28 11:25,2026-09-29 16:40,100.68785,13.81189,คันนายาว,คันนายาว,"ปัญหา: บริเวณถนนสวนสยาม (บ้านเลขที่ 9/53 , 82 และ 84) มีความประสงค์ขอรับการสนับสนุนอาหาร นม ผ้าอ้อมสำเร็จรูป ไข่และอาหารอ่อนสำหรับผู้สูงอายุ จำนวน 6 ชุด จึงขอให้เจ้าหน้าที่ให้ความช่วยเหลือ ซอย: สวนสยาม ถนน: สวนสยาม เขต: คันนายาว #1555",https://storage.googleapis.com/traffy_public_bucket/attachment/2022-12/da2125e781282589d482070c3dba1726aa16a4a7.jpg
2026-D9JU38,start,2026-09-28 11:27,2026-09-28 11:27,100.82043,13.72167,ลาดกระบัง,ทับยาว,เอื้ออาทรลาดกะบัง2นํ้าท่วมมาหลายวันมีแนวโน้มนํ้าหนุนต่อเนื่องอาหารขาดแคลนไม่พอออกจากพื่นที่ใด้ลำบากไม่มีหน่วยงานรัฐมาข่วย ความสูงระดับหัวเข่า น้ำท่วมมาแล้วน้อยกว่า 1 สัปดาห์,https://storage.googleapis.com/traffy_public_bucket/attachment/2026-09/c266222fa99c09e5f152d3e2ece433f3.jpeg
2026-BBK4C9,inprogress,2026-09-28 11:28,2026-09-28 12:48,100.6741,13.78877,บึงกุ่ม,คลองกุ่ม,ปัญหา: ภายในซอยดังกล่าว หมู่บ้านสหกรณ์ ซอย 1 บ้านเลขที่ 4/44 เนื่องจากเกิดเหตุอุทกภัย จึงมีความประสงค์ขอรับความช่วยเหลือด้านอาหารและน้ำดื่ม สำหรับผู้พักอาศัยในหมู่บ้าน ซึ่งมีผู้สูงอายุหลายราย ทั้งนี้ ทั้งนี้ ผู้ร้องขาดแคลนอาหารมาเป็นเวลา 3 วันแล้ว ซอย: เส,https://storage.googleapis.com/traffy_public_bucket/attachment/2022-12/da2125e781282589d482070c3dba1726aa16a4a7.jpg
2026-VXCPFM,finish,2026-09-28 11:28,2026-09-29 10:27,100.47737,13.76946,บางกอกน้อย,อรุณอมรินทร์,น้ำขึ้นในซอยจรัญ43 ความสูงระดับหน้าแข้ง น้ำท่วมมาแล้วน้อยกว่า 1 วัน,https://storage.googleapis.com/traffy_public_bucket/attachment/2026-09/e2b72b73f015a32b988b7f659d109431.jpeg
2026-ACMZHP,inprogress,2026-09-28 11:29,2026-09-28 20:47,100.66378,13.7623,บางกะปิ,หัวหมาก,รามคำแหง 68 น้ำไม่ลดเลย ความสูงระดับหัวเข่า 4 วัน,https://storage.googleapis.com/traffy_public_bucket/attachment/2026-09/62f525e19de683b7626ac96577bfed18.jpeg
2026-PJK427,inprogress,2026-09-28 11:29,2026-09-28 12:39,100.65606,13.79485,บึงกุ่ม,คลองกุ่ม,อยู่นวมินทร์40ค่ะ ประตูรั้วล้ม เข้าออกไม่ได้ ขอแรงงานช่วยเหลือค่ะ #ขอกระสอบทราย/อื่นๆ,https://storage.googleapis.com/traffy_public_bucket/attachment/2026-09/9605fdf2bd0e0998418426217d073d01.jpeg
2026-JMGB7C,inprogress,2026-09-28 11:30,2026-09-28 12:12,100.66368,13.81274,คันนายาว,รามอินทรา,แจ้งน้ำท่วมซอยนวมินทร์ 74 แยก 3-8-26 ค่ะ ระดับน้ำยังไม่ลด และรถยังไม่สามารถขับได้ค่ะ ข้างในบ้านเกือบถึงหัวเข่าค่ะ ตั้งแต่วันที่ 25 กย. 69 ค่ะ,https://storage.googleapis.com/traffy_public_bucket/attachment/2026-09/741c0f9ad8d4041f2f94c8e6900d4da6.jpeg
2026-MXVHVT,inprogress,2026-09-28 11:30,2026-09-28 11:49,100.68721,13.70621,ประเวศ,ประเวศ,ปัญหา หมู่บ้านเดอะคอนเนค สวนหลวง-อ่อนนุช ซ.เฉลิมพระเกียรติ ร.9 ซ.67 ฝนตกหนักและตกเรื่อย ๆ ตั้งแต่ประมาณวันที่ 26 ต.ค2569 ทำให้น้ำท่วมขังในหมู่บ้าน ไปจนถึงสุดซอย 9 และทั้งซอย ผู้แจ้งอาศัยอยู่ในหมู่บ้านสุดซอย น้ำได้เข้ามาในพื้นที่หน้าบ้านและทำให้พื้นและวัสด,https://storage.googleapis.com/traffy_public_bucket/attachment/2026-09/d6a57073d4fc40fbb93454c9474ee9ce.jpeg
2026-RLN794,inprogress,2026-09-28 11:30,2026-09-28 14:14,100.68052,13.77804,สะพานสูง,สะพานสูง,ปัญหา: ซอยรามคำแหง 118 แยก 3 หมู่บ้านพฤกษชาติ บ้านเลขที่ 3 เนื่องจากเกิดเหตุอุทกภัย มีความประสงค์ขอรับความช่วยเหลือด้านอาหารและน้ำดื่ม จำนวน 3 ท่าน ถนน: รามคำแหง เขต: สะพานสูง #1555,https://storage.googleapis.com/traffy_public_bucket/attachment/2022-12/da2125e781282589d482070c3dba1726aa16a4a7.jpg
2026-7CWTJM,forward,2026-09-28 11:31,2026-09-28 11:54,100.66599,13.80213,บึงกุ่ม,คลองกุ่ม,น้ำท่วมสูงประมาณเลยเข่า ความสูงระดับหัวเข่า น้ำท่วมมาแล้วน้อยกว่า 1 สัปดาห์,https://storage.googleapis.com/traffy_public_bucket/attachment/2026-09/fe8307194984a938e520cf635f424279.jpeg
2026-NF66FD,inprogress,2026-09-28 11:31,2026-09-28 12:53,100.72201,13.78406,มีนบุรี,มีนบุรี,ปัญหา: ภายในซอยดังกล่าว หมู่บ้านบัวขาว ซอย 27 เนื่องจากเกิดเหตุอุทกภัย จึงมีความประสงค์ขอรับความช่วยเหลือด้านอาหารและน้ำดื่ม ซอย: รามคำแหง 174 ถนน: รามคำแหง เขต: มีนบุรี #1555,https://storage.googleapis.com/traffy_public_bucket/attachment/2022-12/da2125e781282589d482070c3dba1726aa16a4a7.jpg
2026-V8DDFB,inprogress,2026-09-28 11:32,2026-09-30 08:31,100.61865,13.94984,ดอนเมือง,สนามบิน,เนื่องด้วยสถานการณ์น้ำท่วมในพื้นที่โดยรอบโครงการนิว คอนเน็กซ์ คอนโด ดอนเมือง พบว่ามีน้ำท่วมบริเวณถนนโดยรอบทั้ง 2 ฝั่ง ได้แก่ ถนนวิภาวดีรังสิต และถนนพหลโยธิน ส่งผลกระทบต่อการเดินทางเข้า–ออกโครงการ จึงขอแจ้งสถานการณ์เพื่อขอให้หน่วยงานที่เกี่ยวข้องเข้าตรวจสอ,https://storage.googleapis.com/traffy_public_bucket/attachment/2026-09/7ea483b63548e468bff95d292c4130d2.jpeg
2026-C9RK3J,inprogress,2026-09-28 11:33,2026-09-28 20:48,100.63025,13.75131,บางกะปิ,หัวหมาก,ในหมู่บ้าน ซอยรามคำแหง27 มีน้ำท่วมขัง หลายบ้านไม่สามารถใช้ห้องน้ำได้ อยากให้มีน้ำดื่ม หรืออาหาร หน่อยครับ ความสูงระดับ30-50 cm ครับ น้ำท่วมมาแล้ว2-3 วัน,https://storage.googleapis.com/traffy_public_bucket/attachment/2026-09/0983a320bdd6e8dc9023c2c59717cda0.jpeg
2026-Z8KZJN,inprogress,2026-09-28 11:33,2026-09-28 11:48,100.68804,13.70515,ประเวศ,ประเวศ,น้ำท่วมขังในหมู่บ้าน เดอะคอนเนค27 ซอยเฉลิมพระเกียรติ ร.9 67 เข้าออกลำบาก ความสูงระดับ65 เซนติเมตร สูงระดับต้นขาก้น น้ำท่วมมาแล้วท่วมขัง3วัน,https://storage.googleapis.com/traffy_public_bucket/attachment/2026-09/f7cad8b4624697d43da1b1bacc1dba72.jpeg
2026-7LVX3D,inprogress,2026-09-28 11:34,2026-09-28 12:06,100.72316,13.78394,มีนบุรี,มีนบุรี,น้ำท่วม ซอย รามคำแหง 174 หมู่บ้านบัวขาว ฝั่งใน (ข้ามสะพานสูงข้ามคลองไป) ผมอยู่ ซอย 31 ตอนนี้น้ำเริ่มท่วมสูงขึ้น เข้าชั้น 1 ทุกบ้าน น้ำเริ่มสีคล้ำมีกลิ่น คนและรถเล็กเข้าออกไม่ได้ครับ ความสูงระดับคอสะพานสูงขาลง ที่ ถนนประมาณเอว ครับ / ส่วนในซอยเท่าหัวเข่าคร,https://storage.googleapis.com/traffy_public_bucket/attachment/2026-09/f2f53305ba47993e3728de00ed0eb632.jpeg
2026-CATU6C,finish,2026-09-28 11:34,2026-09-29 13:45,100.58391,13.87226,หลักสี่,ตลาดบางเขน,น้ำท่วมซอยวิภาวดีรังสิต64 แยก 17 ด้านในซอยหลังจากลงทางสโลป ตอนนี้น้ำยังสูง ความสูงระดับหน้าแข้ง น้ำท่วมมาแล้วน้อยกว่า 1 สัปดาห์,https://storage.googleapis.com/traffy_public_bucket/attachment/2026-09/71bf7328855c633cdd6eb5d2918c7a2b.jpeg
2026-UY3FWW,inprogress,2026-09-28 11:34,2026-09-28 11:55,100.67266,13.73241,ประเวศ,ประเวศ,แจ้งเหตุอุทกภัย ณ หมู่บ้านเมืองทองการ์เด้น โซน 1 แยก 4 พัฒนาการ 65 ตั้งแต่คืนวันที่ 25/9/69 จนถึงปัจจุบัน (28/9/69) ระดับน้ำท่วมสูงถึงระดับเอว รถยนต์เคลื่อนย้ายไม่ทัน ปั๊มน้ำเสียหายและจำเป็นต้องตัดกระแสไฟฟ้าชั้นล่าง เกิดกลิ่นเหม็นรุนแรง และขาดแคลนเครื่องอ,https://storage.googleapis.com/traffy_public_bucket/attachment/2026-09/863433d85b54278eb679ae22e7a9b834.jpeg
2026-692XA8,inprogress,2026-09-28 11:35,2026-09-28 12:53,100.72025,13.82343,มีนบุรี,มีนบุรี,อยากได้เครื่องสูบน้ำด้วยค่ะ น้ำท่วมขัง ความสูงระดับหน้าแข้ง น้ำท่วมมาแล้วน้อยกว่า 1 สัปดาห์,https://storage.googleapis.com/traffy_public_bucket/attachment/2026-09/47fa7500116fb6e474a9a2d0b143971e.jpeg
2026-RTUJAF,finish,2026-09-28 11:35,2026-09-29 01:20,100.68975,13.75728,สะพานสูง,สะพานสูง,สวัสดีค่ะตอนนี้ หมู่บ้าน The Plant Simpls ซอยรามคำแหง 118 (แยก 57/1) แขวงสะพานสูง เขตสะพานสูง กรุงเทพฯ 10240 มีประชาชนอาศัยอยู่ ประมาณ 180 ครัวเรือน ยังไม่ได้รับการช่วยเหลือค่ะ ในหมู่บ้านท่วมประมาณข้อเท้า แต่ว่าไม่สามารถออกไปจากหมู่บ้าน เพื่อออกไปถนนใหญ,https://storage.googleapis.com/traffy_public_bucket/attachment/2026-09/1c9d5ad967369e0fac9f67bb53f8bb63.jpeg
2026-UU7VMV,inprogress,2026-09-28 11:35,2026-09-28 14:16,100.69134,13.74633,สะพานสูง,สะพานสูง,ไม่ได้อาหารน้ำดื่ม เมื่อคืนมีรถกทม เข้ามาแจกอาหารแต่ให้เฉพาะคนที่ร้องเรียนไปก่อน ขอแล้วแต่ก็ไม่ได้ค่ะ หมู่บ้านนักกีฬาแหลมทอง 5 แยก4-5 เอวค่ะแต่บ้านยังไม่เข้าชั้น1 ต้องการแค่อาหารคน กับอาหารแมวค่ะ ตั้งแต่วันศุกร์,https://storage.googleapis.com/traffy_public_bucket/attachment/2026-09/4c300e82255c40df9a573e4a6bdfb6c3.jpeg
2026-CZC6TU,inprogress,2026-09-28 11:36,2026-09-28 14:26,100.64152,13.70656,สวนหลวง,สวนหลวง,น้ำท่วมหมู่บ้านรินรดา ในซอยหมู่บ้านมิตรภาพหนึ่งอ่อนนุช 46 พื้นที่อื่นแห้งหมดแล้วแต่ที่นี่ยังท่วมอยู่ น้ำขังมาสองสามวันแล้ว น้ำเริ่มเน่าแล้วครับ เกือบเข่าครับ 3 วันไม่ลงเลยครับ,https://storage.googleapis.com/traffy_public_bucket/attachment/2026-09/c60abe5b131d36008fde362c8560e92e.jpeg
2026-KACN8F,finish,2026-09-28 11:36,2026-10-05 15:16,100.63673,13.75817,บางกะปิ,หัวหมาก,สวัสดีครับ ปัจจุบันตั้งแต่รพ.รามคำแหง ไปจนถึงหน้า ม.รามคำแหง ปริมาณน้ำยังไม่ลดลงเลยครับ ความสูงระดับหัวเข่า น้ำท่วมมาแล้วน้อยกว่า 1 สัปดาห์,https://storage.googleapis.com/traffy_public_bucket/attachment/2026-09/6399a0536754ad85e67ac131949c8389.jpeg
2026-A9H673,inprogress,2026-09-28 11:37,2026-09-28 13:03,100.69336,13.77684,สะพานสูง,สะพานสูง,ภายในรามคำแหงซอย 140 หมู่บ้านโฮมเพลสมีบ่อน้ำอยู่ท้ายซอยทำให้เป็นอันตรายเพราะว่าบ่อน้ำกำลังทะลักออกมาในหมู่บ้านส่วนในหมู่บ้านน้ำท่วมประมาณ 60 ถึง 70 เซนต์ยังไม่มีหน่วยงานไหนมาช่วยเหลือเลยค่ะต้องมีมีการทำการสูบน้ำ ประมาณ 60 เซ็นต์ค่ะ มันมีบ่อน้ำอยู่ท้ายหมู่,https://storage.googleapis.com/traffy_public_bucket/attachment/2026-09/ee8695911e6b62ecf5654aa807e88920.jpeg
2026-LJMJBD,inprogress,2026-09-28 11:37,2026-09-28 14:17,100.69031,13.74216,สะพานสูง,สะพานสูง,น้ำท่วมสูงระดับเอว ไม่สามารถออกไปไหนได้ เนื่องจากมีเด็ก และหลายๆบ้านในซอยหมู่บ้านนักกีฬาแหลมทองน้ำท่วมลึกระดับเอว ไม่สามารถเข้าถึงการช่วยเหลือจากหน่วยงานภาครัฐได้เลย ตามศูนย์พักพิงก็เน้นช่วยเหลือแต่คนในศูนย์อพยพปล่อยปละละเลยทอดทิ้งประชาชนที่ติดอยู่ในบ้าน ,https://storage.googleapis.com/traffy_public_bucket/attachment/2026-09/d620f9e7d1c8cad9d3a6aac74b3a858c.jpeg
2026-986VZL,forward,2026-09-28 11:38,2026-09-28 12:19,100.60917,13.89641,สายไหม,คลองถนน,น้ำท่วมขังบริเวณหน้าร้านเป็นเวลา 4 วัน ไม่มีการระบายออก รบกวนตรวจสอบพื้นที่ ความสูงระดับบริเวณหน้าร้าน (ตรงข้ามตลาดยิ่งเจริญ) ท่วมสูงหน้าแข้งค่ะ และบริเวณโดยรอบบางช่วงถึงต้นขาค่ะ น้ำท่วมมาแล้ว4 วัน ค่ะ,https://storage.googleapis.com/traffy_public_bucket/attachment/2026-09/thumb_1fdce117829bc5d6256e7556cf2bbeb8.jpg
2026-BERJTH,finish,2026-09-28 11:38,2026-09-30 13:43,100.36792,13.76503,ทวีวัฒนา,ทวีวัฒนา,มันล้นถัง ความสูงระดับหน้าแข้ง น้ำท่วมมาแล้วน้อยกว่า 1 สัปดาห์,https://storage.googleapis.com/traffy_public_bucket/attachment/2026-09/311ee130635496344e10327686096cf0.jpeg
2026-PUWXGE,inprogress,2026-09-28 11:38,2026-09-28 11:43,100.70297,13.72073,ประเวศ,ประเวศ,มีน้ำท่วมและน้ำผุดออกมาจากท่อ ความสูงระดับหน้าแข้ง น้ำท่วมมาแล้วน้อยกว่า 1 สัปดาห์,https://storage.googleapis.com/traffy_public_bucket/attachment/2026-09/022a6c28c7c17d4bc1a09d7132702349.jpeg
2026-ZHZ6K8,inprogress,2026-09-28 11:39,2026-10-05 14:57,100.65311,13.75982,บางกะปิ,หัวหมาก,สวัสดีค่ะ แจ้งจุดน้ำท่วมขังถึงระดับเอว ในซอยหมู่บ้านสวนสน แยก3 (รามคำแหง60) น้ำอยู่ในระดับนี้มาเข้าวันที่ 3 แล้ว เริ่มมีกลิ่นเน่าเสีย ที่บ้านมีเด็ก 2 ผู้ใหญ่/ผู้สูงอายุ 8 คน รวม 10 คน และในซอยยังมีเพื่อนบ้านหลายหลังที่มีคนแก่ติดอยู่อีกมากค่ะ ขอเสบียงอ,https://storage.googleapis.com/traffy_public_bucket/attachment/2026-09/43d464a6d08be722bec0f8f2218a24e6.jpeg
2026-67ECW9,inprogress,2026-09-28 11:40,2026-09-28 15:01,100.83085,13.81977,หนองจอก,โคกแฝด,อยู่ในพื้นที่ประสบภัยน้ำท่วมสูงจึงทำให้เดินทางเข้าออกลำบากต้องการกระสอบทรายกับถุงยังชีพค่ะตอนนี้ตรงนี้จะมีบ้านอยู่ประมาณ 5-6 หลังคาเรือนค่ะ ความสูงระดับเอว น้ำท่วมมาแล้วน้อยกว่า 1 สัปดาห์,https://storage.googleapis.com/traffy_public_bucket/attachment/2026-09/c9efc4d0a3eee7de010da14ecee7ba7e.jpeg
2026-CH4YMG,forward,2026-09-28 11:40,2026-09-28 11:41,100.65055,13.76812,บางกะปิ,คลองจั่น,น้ำท่วมระดับคอ ความสูงระดับออกไปถ่ายไม่ได้ครับ น้ำท่วมสูง น้ำท่วมมาแล้วท่วมตั้งแต่ 25 เข้า 26/9 ครับ,https://storage.googleapis.com/traffy_public_bucket/attachment/2026-09/4e247e02bb463372b98e39a5d66c2bc0.jpeg
2026-JFCFV2,forward,2026-09-28 11:40,2026-09-28 12:02,100.65356,13.78635,บึงกุ่ม,คลองกุ่ม,ตอนนี้นําระบายได้เยอะไหม ความสูงระดับ80 ซ.มครับ น้ำท่วมมาแล้วมากกว่า 1 สัปดาห์,https://storage.googleapis.com/traffy_public_bucket/attachment/2026-09/84ed83596c65b330b64f829101588e97.jpeg
2026-7GXTJU,forward,2026-09-28 11:41,2026-09-28 11:53,100.64419,13.80902,บึงกุ่ม,นวมินทร์,"ในซอยประเสริฐมนูกิจ42 หมูบ้านสราญรมย์ ซ.8,9,10 มีน้ำท่วมขังอยู่ อยากได้เครื่องสูบน้ำมาช่วยในซอยหน่อยครับ เพราะ ในซอยมีทั้งคนศูนย์คนชราอยู่ในซอย ตอนนี้ก็เริ่มมียุงเยอะ และน้ำเริ่มส่งกลิ่น ความสูงระดับหน้าแข้ง น้ำท่วมมาแล้วน้อยกว่า 1 สัปดาห์",https://storage.googleapis.com/traffy_public_bucket/attachment/2026-09/554de4ee4d1678945e5c00e132e72a2b.jpeg
2026-FYMPPF,inprogress,2026-09-28 11:41,2026-09-28 12:13,100.66735,13.71096,ประเวศ,ประเวศ,ที่อยู่เลขที่ 67 ซอยพัฒนการ 83 ถนนพัฒนาการตัดใหม่ ขอเจ้าหน้าที่ดำเนินการสูบน้ำเนื่องจากน้ำท่วมขังในพื้นที่3วันแล้ว เครื่องใช้ทรัพย์สินภายในบ้านเสียหาย พื้นที่ภายนอกพื้นที่แห้งสนิท เข้าภายในชุมชนน้ำขังถึงหน้าแข้ง50ซม. ความสูงระดับหน้าแข้ง น้ำท่วมมาแล้วน้,https://storage.googleapis.com/traffy_public_bucket/attachment/2026-09/434c64dc9611e6c02726f9f005760cd7.jpeg
2026-CMWU8Z,inprogress,2026-09-28 11:42,2026-09-28 12:03,100.69088,13.72956,ประเวศ,ประเวศ,หมู่บ้านโกเด้นทาว 1 ซอยอ่อนนุช 65 ถนนอ่อนนุช เขตประเวศ กรุงเทพมหานคร น้ำในหมู่บ้านไม่ลดมา 3 วันแล้วครับ รถเล็กออกจากหมู่บ้านไม่ได้ครับ ช่วยดูการระบายน้ำด้วยครับ 15 ซม น้ำท่วมมาแล้วน้อยกว่า 1 สัปดาห์,https://storage.googleapis.com/traffy_public_bucket/attachment/2026-09/902a89fcca0d717496e7184a17a21e2d.jpeg
2026-MCAKDC,inprogress,2026-09-28 11:42,2026-09-30 08:31,100.62095,13.93546,ดอนเมือง,สนามบิน,หลังสนามบินดอนเมือง ตามโล จุดนี้ไม่มีเขตหรือเจ้าหน้าที่มาดูเลย เครื่องสูบน้ำก็ไม่มี น้ำก็เพิ่มฝนก็ตก 3 รอบแล้ววันนี้ น้ำก็เพิ่มไม่ลด ความสูงระดับถ้าคนลงไปยืนตรงรถสีดำสูงกว่าเข่าค่ะ น้ำท่วมมาแล้ว3 วัน,https://storage.googleapis.com/traffy_public_bucket/attachment/2026-09/ee3c2b0645a39cbc7818ffbaf02c81cf.jpeg
2026-ARHMRZ,inprogress,2026-09-28 11:43,2026-09-28 11:49,100.68735,13.68943,ประเวศ,ดอกไม้,น้ำท่วมขัง ความสูงระดับหน้าแข้ง รบกวนด้วยค่ะ,https://storage.googleapis.com/traffy_public_bucket/attachment/2026-09/714a04bd27d4ee1c49f4b82de70a6533.jpeg
2026-EJUF4T,inprogress,2026-09-28 11:43,2026-09-28 11:53,100.67858,13.6891,ประเวศ,ดอกไม้,ตอนนี้ ในหมู่บ้านเดอ สยาม ซอยเฉลิมพระเกียรติ ร.9 38 ยังมีน้ำท่วมขังอยู่ หน้าหมู่บ้านเป็นแอ่งกำลังทำถนนรถเล็กไม่สามารถสัญจรได้ เดินเท้าออกไปก็อันตราย ความสูงระดับหน้าหมู่บ้านประมาณ 50-60 ซม. น้ำท่วมมาแล้วตั้งแต่คืนวันศุกร์,https://storage.googleapis.com/traffy_public_bucket/attachment/2026-09/b3a1f48b91f198d311da00fcdc75a32d.jpeg
2026-YZXB9R,inprogress,2026-09-28 11:43,2026-09-28 11:55,100.68735,13.68943,ประเวศ,ดอกไม้,น้ำท่วมขัง ความสูงระดับหน้าแข้ง 2 วันแล้วค่ะ,https://storage.googleapis.com/traffy_public_bucket/attachment/2026-09/16af68e131269daac18e3263e420ed06.jpeg
2026-6EW3UM,inprogress,2026-09-28 11:44,2026-09-28 14:25,100.63187,13.74656,สวนหลวง,สวนหลวง,ปัญหา: ภายในซอยพระราม 9 ที่ 49 ซอย 4 บ้านเลขที่ 171 เนื่องจากเกิดเหตุอุทกภัย ผู้ร้องเป็นผู้สูงอายุและมีโรคประจำตัว มีความประสงค์ขอรับความช่วยเหลือด้านกระสอบทราย จำนวน 30 กระสอบ ถนน: พระราม 9 เขต: สวนหลวง #1555,https://storage.googleapis.com/traffy_public_bucket/attachment/2022-12/da2125e781282589d482070c3dba1726aa16a4a7.jpg
2026-D86J7N,inprogress,2026-09-28 11:44,2026-09-28 12:24,100.64221,13.78119,บางกะปิ,คลองจั่น,ปัญหา: ภายในหมู่บ้านฉัตรแก้วบางกะปิ ซอย 3 เนื่องจากเกิดเหตุอุทกภัย จึงมีความประสงค์ขอรับความช่วยเหลือด้านอาหารและน้ำดื่ม ถนน: แฮปปี้แลนด์ สาย 1 เขต: บางกะปิ #1555,https://storage.googleapis.com/traffy_public_bucket/attachment/2022-12/da2125e781282589d482070c3dba1726aa16a4a7.jpg
2026-MDM6ZJ,inprogress,2026-09-28 11:44,2026-09-28 12:52,100.73732,13.82828,มีนบุรี,มีนบุรี,ปัญาน้ำท่วมขัง ตอนนี้รอการระบายน้ำออกจากซอย ยังไม่มีหน่วยงานไหนเข้ามาดูเลยค่ะ ระกวนช่วยมาเร่งระบายสูบน้ำออกจากซอยด้วยนะคะ ความสูงระดับระดับหัวเข่าค่ะ น้ำท่วมมาแล้วท่วมมาตั้งแต่วันที่ 25 แล้วค่ะ,https://storage.googleapis.com/traffy_public_bucket/attachment/2026-09/54d3cff78e7f44b4cf55a408726c7153.jpeg
2026-6JT7YM,forward,2026-09-28 11:45,2026-09-28 12:02,100.66398,13.77799,บึงกุ่ม,คลองกุ่ม,น้ำท่วมเกือบถึงเข่า ตลอดเส้นทาง ท่วมขังมา3-4 วัน และเริ่มส่งกลิ่นเหม็น ยังไม่ได้รับการช่วยเหลือจากหน่วยงานที่เกี่ยวข้อง ความสูงระดับหน้าแข้ง น้ำท่วมมาแล้วน้อยกว่า 1 สัปดาห์,https://storage.googleapis.com/traffy_public_bucket/attachment/2026-09/ec19c703400c5d7a812a9c0aaab4526d.jpeg
2026-AWD8G2,inprogress,2026-09-28 11:45,2026-09-28 11:54,100.65746,13.72993,ประเวศ,ประเวศ,น้ำท่วมขัง จนเริ่มส่งกลิ่นเป็นเวลา มากว่า 3 วัน ความสูงระดับสูงกว่าเอว น้ำท่วมมาแล้วมากกว่า 1 สัปดาห์,https://storage.googleapis.com/traffy_public_bucket/attachment/2026-09/639b07189844ad20410adf7ceaa22e23.jpeg
2026-F4RX42,forward,2026-09-28 11:45,2026-09-28 15:44,100.54542,13.85614,หลักสี่,ทุ่งสองห้อง,แยกพงษ์เพชร งามวงศ์วาน มุ่งหน้ามก. ประชาชื่นมุ่งหน้า ม.ธุรกิจ น้ำท่วมขังสูงไม่มีท่าทีระบาย ฝนไม่ค่อยตกแล้วแต่ระดับน้ำเท่าเดิม ตอนนี้อาจจะประมาณ 30ซม.ครับ เนื่องจากน้ำในถนนกับคลองฝั่งนนทบุรีเสมอกันครับ น้ำในคลองระบานไม่ได้ เริ่มท่วมคืนวันศุกร์ครับ,https://storage.googleapis.com/traffy_public_bucket/attachment/2026-09/8b59cfe72b3f1eff3c7a3f606b9ba62e.jpeg
2026-WWB6NU,inprogress,2026-09-28 11:45,2026-09-28 12:38,100.65809,13.78391,บึงกุ่ม,คลองกุ่ม,มีผู้ป่วย แผลผ่าตัด ตอนนี้เหลืออุปกรณ์ล้างแผล ชุดสุดท้าย ไม่สามารถออกไปได้ น้ำท่วมสูงมาก หน้าบ้าน ต้นขา กลางซอยเท่าที่เค้าแชร์กันมา กระจกรถกระบะ ออกจากบ้านได้สุดท้ายวันศุกร์บ่ายสาม,https://storage.googleapis.com/traffy_public_bucket/attachment/2026-09/8fb5723f91c47b2ad93325f4f86dee52.jpeg
2026-YF3MF2,forward,2026-09-28 11:46,2026-09-28 11:52,100.57647,13.84137,จตุจักร,ลาดยาว,น้ำท่วน น้ำขัง ใช้ชีวิตลำบาก ช่วงเร่งแก้ปัญหาด้วยครับิ ความสูงระดับหัวเข่า น้ำท่วมมาแล้วน้อยกว่า 1 วัน,https://storage.googleapis.com/traffy_public_bucket/attachment/2026-09/87dcb67e08bfed444e9f03901802934d.jpeg
2026-Z62FGB,start,2026-09-28 11:46,2026-09-28 11:46,100.60335,13.933,ดอนเมือง,สีกัน,ขอแจ้งเหตุอุทกภัย น้ำท่วมเข้าบ้านพักอาศัยสูงระดับหน้าแข้ง (ประมาณ 30-40 ซม.) ปัจจุบันน้ำยังท่วมขัง พื้น SPC ในบ้านบวมพองเสียหายทั้งหมด และยังมีประตูและวงกบที่ได้รับความเสียหายรวมถึงสีผนังและเครื่องใช้ไฟฟ้า ขอความกรุณาเจ้าหน้าที่ฝ่ายพัฒนาชุมชน/ฝ่ายโยธา เขต,https://storage.googleapis.com/traffy_public_bucket/attachment/2026-09/ddce2fbcd0e4968d860cece626ec4f52.jpeg
2026-A7L7UC,inprogress,2026-09-28 11:47,2026-09-30 08:32,100.56329,13.92114,ดอนเมือง,ดอนเมือง,น้ำท่วมถนนที่สัญจร และรอบๆบ้าน เข้าออกลำบาก การใช้ชีวิตลำบากรถยนต์ขับเข้าออกยังไม่ค่อยได้ น้ำท่วมสูง ซอยวัดเวฬุวนาราม 18 แขวงดอนเมือง เขตดอนเมือง เลยหมูบ้านเศรณีย์ มา ถนนที่สัญจร 30-40ซม. รอบบ้าน20-30ซ.ม. ตั่งแต่วันศุกร์ ที่ 25/9/69,https://storage.googleapis.com/traffy_public_bucket/attachment/2026-09/33798c68b3ac35cceee0c1090e9ec3f3.jpeg
2026-H4HAKR,finish,2026-09-28 11:47,2026-09-30 13:57,100.60601,13.82617,ลาดพร้าว,จรเข้บัว,น้ำท่วมเข้าบ้าน เฟอร์นิเจอ พื้นบ้านเสียหาย ความสูงระดับหน้าแข้ง น้ำท่วมมาแล้วน้อยกว่า 1 สัปดาห์,https://storage.googleapis.com/traffy_public_bucket/attachment/2026-09/67f289366c3b5ae11dc004f2b2e5f2e5.jpeg
2026-BHKVUM,inprogress,2026-09-28 11:48,2026-09-28 22:41,100.64892,13.77505,บางกะปิ,คลองจั่น,น้ำท่วม ต้องการน้ำดื่ม และมีคนแก่ต้องการยา ไปหาหมอไม่ได้ ไม่สามารถเข้าออกได้ น้ำท่วมเกิน 1 เมตร ความสูงระดับเกิน 1 เมตรค่ะ น้ำท่วมมาแล้ววันที่ 3,https://storage.googleapis.com/traffy_public_bucket/attachment/2026-09/29a21aabb0c679f5f71d4eb439e7c857.jpeg
2026-BJBMTE,inprogress,2026-09-28 11:48,2026-09-28 12:52,100.72651,13.81578,มีนบุรี,มีนบุรี,ถนนสีหบุรานุกิจน้ำท่วมสูงขึ้นเรื่อยๆ และซอยสีหบุรานุกิจ 13 เขตมีนบุรี มีน้ำท่วมขังไหลเข้าทั่วบริเวณตัวบ้านชั้นล่าง ทำให้พื้นและเฟอร์นิเจอร์ไม้เสียหาย น้ำจากฝั่งสุวินทวงศ์ก็ไหลเข้ามาในซอยด้วย มีแต่คลองล้อมรอบค่ะ ความสูงระดับหน้าแข้ง น้ำท่วมมาแล้วน้อยกว่า 1,https://storage.googleapis.com/traffy_public_bucket/attachment/2026-09/ce5974d71e536a75f34fbc56ec341a49.jpeg
2026-FGCE2R,inprogress,2026-09-28 11:48,2026-09-28 14:22,100.70615,13.79058,สะพานสูง,สะพานสูง,หมู่บ้านเคหะธานี 4 น้ำท่วมหนัก ขาดแคลนอาหาร. เขตสะพานสูงหายเงียบไม่เห็นเงา มาช่วยประชาชนหน่อยคะ เอารถมาอำนวยความสะดวกในหมู่บ้านหน่อย ความสูงระดับเลยเข่า น้ำท่วมมาแล้วตั้งแต่วันที่ 26 ค่ะ,https://storage.googleapis.com/traffy_public_bucket/attachment/2026-09/ed45a524533bd0dc906eae979701c40a.jpeg
2026-VGV6GD,finish,2026-09-28 11:48,2026-09-30 10:09,100.62754,13.78146,วังทองหลาง,คลองเจ้าคุณสิงห์,มีเพื่อนบ้าน เป็นชุมชนอยู่ริมคลอง น้ำท่วมเป็นวันที่ 3 น้ำเปล่าเหลือขวดสุดท้าย ส่วนอาหารไม่เหลือแล้วครับ - ลักษณะทางเข้าชุมชนนี้ จะเป็นสะพานปูน ซึ่งคงเข้าไปลำบากมาก แต่ตอนนี้น้ำท่วมหมดแล้วครับ - เพื่อนบ้านผม ขาเค้าจะใส่เหล็ก ทำให้ไม่สามารถลุยน้ำออกไปหาอะ,https://storage.googleapis.com/traffy_public_bucket/attachment/2026-09/3aee5214213aae58659eeb333aecbc31.jpeg
2026-KNDBL7,inprogress,2026-09-28 11:49,2026-09-28 12:22,100.68411,13.81418,คันนายาว,คันนายาว,น้ำท่วมไม่ลดเลยค่ะ จะมีเพิ่มขึ้นเพราะฝนไม่หยุด ความสูงระดับ30-40เซนได้ค่ะ น้ำท่วมมาแล้ว2-3วันค่ะ,https://storage.googleapis.com/traffy_public_bucket/attachment/2026-09/f7ce8f8e1c612bcbc04dc5f0d1310270.jpeg
2026-MXU9TT,inprogress,2026-09-28 11:49,2026-09-28 12:35,100.64536,13.77956,บางกะปิ,คลองจั่น,**มีผู้สูงอายุ66อยู่บ้านคนเดียวน้ำขึ้นสูงถึงเอวแล้ว น้ำยังไม่ลดต้องการความช่วยเหลือด่วน (ถนนนวมินทร์ซ.14แยก2 อยู่เยื้องๆกับห้องสมุดกทม.บางกะปิ บ้านที่มีต้นไม้สูงหน้าบ้าน) ความสูงระดับเอว น้ำท่วมมาแล้วน้อยกว่า 1 สัปดาห์,https://storage.googleapis.com/traffy_public_bucket/attachment/2026-09/81651e09bd0e9f511ab5ceb3114875c9.jpeg
2026-R7LUA3,inprogress,2026-09-28 11:49,2026-09-28 13:33,100.62839,13.86114,บางเขน,อนุสาวรีย์,ปัญหา: ภายในซอยแยกดังกล่าว และซอยแยกย่อยต่างๆของซอยรามอินทรา 39 พบนํ้าท่วมขังสูง ปัจจุบันระดับน้ำยังไม่ลด เนื่องจากยังไม่มีเจ้าหน้าที่เข้าดำเนินการ จึงขอให้เจ้าหน้าที่ลงพื้นที่ตรวจสอบ ซอย: รามอินทรา 39 แยก 10 ถนน: รามอินทรา เขต: บางเขน #1555,https://storage.googleapis.com/traffy_public_bucket/attachment/2022-12/da2125e781282589d482070c3dba1726aa16a4a7.jpg
2026-V9EVCD,inprogress,2026-09-28 11:49,2026-09-28 12:21,100.68034,13.72968,ประเวศ,ประเวศ,"ฝนตกหนักต่อเนื่องทำให้เกิดระดับน้ำท่วมสูงประมาณ 80-90cm.บริเวณหน้าหมู่บ้านเนอวานา คัฟเวอร์ อ่อนนุช 65 รถไม่สามารถผ่านเข้าออกได้มา 3 วันแล้ว ไม่มีหน่วยงานไหนเข้าช่วยเหลือเพราะหมู่บ้านอยู่สุดซอย ชาวบ้านต้องการเสบียงอาหาร , ถุงยังชีพ และเรือสัญจร ความสูงระดั",https://storage.googleapis.com/traffy_public_bucket/attachment/2026-09/dc4c138130dfee427f8a36277e812db4.jpeg
2026-27DEWA,finish,2026-09-28 11:50,2026-10-05 13:10,100.60413,13.88839,บางเขน,อนุสาวรีย์,บริเวณbtsสายหยุด/ถนนเทพรักษ์ ตอนนี้น้ำยังท่วมอยู่เลยครับ ความสูงระดับหน้าแข้ง น้ำท่วมมาแล้วน้อยกว่า 1 สัปดาห์,https://storage.googleapis.com/traffy_public_bucket/attachment/2026-09/77b0bcc2afea724d8f75dc08a81d5865.jpeg
2026-HCLD4V,inprogress,2026-09-28 11:50,2026-09-28 20:53,100.6376,13.77275,บางกะปิ,คลองจั่น,ลาดพร้าว109 น้ำยังท่วมขังสูงค่ะ ฝากช่วยด้วยนะคะ ความสูงระดับหัวเข่า น้ำท่วมมาแล้ว3 วันค่ะ,https://storage.googleapis.com/traffy_public_bucket/attachment/2026-09/e8bbaf4b719af71340d1ac31ab5e2acb.jpeg
2026-RFT9RD,inprogress,2026-09-28 11:50,2026-09-28 11:55,100.70945,13.70159,ประเวศ,ประเวศ,น้ำท่วมขังยังไม่ลด ขอสำนักงานเขตประเวศ ช่วยเร่งระบายสูบน้ำออกจากชุมชนอ่อนนุช 40 ไร่ ถนนสุขาภิบาล 2 ซอย 15 แยก 2-3-2ด้วย ความสูงระดับสูงกว่าเอว น้ำท่วมมาแล้วเข้าวันที่ 3 ครับ,https://storage.googleapis.com/traffy_public_bucket/attachment/2026-09/ba2dee6bb6b5d73d318aacd9515b95aa.jpeg
2026-RWF9LX,finish,2026-09-28 11:50,2026-10-05 15:12,100.62611,13.75394,บางกะปิ,หัวหมาก,โซนบริเวณรามคำแหง24 (หลังราม) เกือบทุกซอย น้ำยังคงท่วมสูง อยากให้ทางกทม เร่งแก้ไขปัญหาเหมือนกรุงเทพชั้นในด้วยค่ะ ความสูงระดับหัวเข่า น้ำท่วมมาแล้วน้อยกว่า 1 สัปดาห์,https://storage.googleapis.com/traffy_public_bucket/attachment/2026-09/8bd62b52e87931a5607e9d0db3b7bcc7.jpeg
2026-BMJETB,forward,2026-09-28 11:51,2026-09-28 11:53,100.66154,13.77663,บึงกุ่ม,คลองกุ่ม,น้ำท่วมเกือบถึงเข่า เริ่มมีกลิ่นเหม็น ความสูงระดับหน้าแข้ง น้ำท่วมมาแล้วน้อยกว่า 1 สัปดาห์,https://storage.googleapis.com/traffy_public_bucket/attachment/2026-09/9037e62c5e13aca1008defcf617dcad5.jpeg
2026-CVX7G9,inprogress,2026-09-28 11:51,2026-09-28 14:24,100.64448,13.74344,สวนหลวง,สวนหลวง,ขอความช่วยเหลือ น้ำท้วม ออกจากที่อยู่ ไม่ได้ 0931498915 ความสูงระดับประมาน 80 ซ.ม. ครับ น้ำท่วมมาแล้ว4-5 วันแล้วครับ,https://storage.googleapis.com/traffy_public_bucket/attachment/2026-09/aa1487bb4729c6fabbe612de7f011cb1.jpeg
2026-VLLKXK,inprogress,2026-09-28 11:51,2026-09-28 20:56,100.62554,13.80532,บางกะปิ,คลองจั่น,ปัญหา: ภายในซอยแยกดังกล่าว หมู่บ้านลาดพร้าว โครงการ 1 เนื่องจากเกิดเหตุอุทกภัย จึงมีความประสงค์ขอรับความช่วยเหลือด้านอาหาร น้ำดื่ม และยารักษาโรค สำหรับผู้สูงอายุ ผู้ป่วยติดเตียง และเด็ก ซอย: โยธินพัฒนา 11 แยก 7 ถนน: โยธินพัฒนา เขต: บางกะปิ #1555,https://storage.googleapis.com/traffy_public_bucket/attachment/2022-12/da2125e781282589d482070c3dba1726aa16a4a7.jpg
2026-3XZNRN,inprogress,2026-09-28 11:52,2026-09-28 11:53,100.60754,13.87399,บางเขน,อนุสาวรีย์,น้ำในซอยรามอินทรา 5 ยังไม่ลง อยู่ประมาณหน้าแข๊งมา 2 วันแล้ว มีน้ำเข้าตัวบ้านชั้น1 ประมาณตาตุ่ม ตอนนี้ลงไปบ้างแล้วแต่ยังท่วมครัวอยู่ รถยนต์จมเสียหาย ต้องเดินลุยน้ำไปเท่านั้น พอจะทราบไหมว่าจะลงเป็นปกติ เมื่อไหร่ หน้าซอยประมาณหน้าแข๊งครับ ตั้งแต่วันเสาร์ ก็ ,https://storage.googleapis.com/traffy_public_bucket/attachment/2026-09/90aff0a874ebe8077b6994da4102c7b9.jpeg
2026-8RUB93,finish,2026-09-28 11:52,2026-09-29 13:14,100.54631,13.83581,จตุจักร,ลาดยาว,แจ้งเหตุน้ำท่วมบ้านเพื่อขอรับการประเมินความเสียหาย ความสูงระดับถึงเอวครับ เข้าภายในบ้านเสียหายมาก น้ำท่วมมาแล้วตั้งแต่คืนวันเสาร์,https://storage.googleapis.com/traffy_public_bucket/attachment/2026-09/d1a9f942507e5de1ed23053bdac52e73.jpeg
2026-T2UTLK,inprogress,2026-09-28 11:52,2026-09-28 20:57,100.64875,13.75421,บางกะปิ,หัวหมาก,น้ำท่วมสูงขังเป็นเวลาหลายวัน. ออกจากบ้านไม่ได้ค่ะ ต้องการอาหาร ความสูงระดับประมาณเลยเข่าค่ะ น้ำท่วมมาแล้ว3-4วัน,https://storage.googleapis.com/traffy_public_bucket/attachment/2026-09/thumb_d99c098767d4c80c6c68a4a546a9fcf2.jpg
2026-ZUGF9U,finish,2026-09-28 11:53,2026-09-28 13:53,100.46563,13.78601,ตลิ่งชัน,ตลิ่งชัน,น้ำเริ่มขึ้นสูงเพิ่มขึ้นทุกวัน ขอเครื่องสูบน้ำเข้าติดตั้ง(เคยสูบทุกปี) ก่อนจะท่วมมากกว่านี้ ความสูงระดับข้อเท้า น้ำท่วมมาแล้วน้อยกว่า 1 สัปดาห์,https://storage.googleapis.com/traffy_public_bucket/attachment/2026-09/fff2c65c47afd8212239d792df19db5d.jpeg
2026-RBHYPB,inprogress,2026-09-28 11:54,2026-09-28 12:52,100.76702,13.80194,มีนบุรี,แสนแสบ,อยากทราบว่า ในพื้นที่นี้ มีใครดูแลไหมคะ น้ำท่วมแต่ไม่เคยเห็นวี่แวว ใครมาสอดส่องดูประชาชน แค่อยากสอบถามคะ น้ำมีแต่เพิ่มขึ้นไม่มีลดพอเข้าใจได้ว่ารอระบาย และไม่ได้มีเรือกันทุกบ้านเลยคะ ออกไปซื้อของแต่ละทีก็แอบลำบากคะ ซอยนี้เด็กเล็กเยอะคะ รบกวนถ้าหน่วยงานว่าง,https://storage.googleapis.com/traffy_public_bucket/attachment/2026-09/c3aaf1614a3c44f0ed3ce98ad44009be.jpeg
2026-ZFJJFN,inprogress,2026-09-28 11:54,2026-09-28 14:24,100.69923,13.76848,สะพานสูง,สะพานสูง,น้ำท่วมหนักมากในหมู่บ้านและบริเวณรอบๆ รถเล็กไม่สามารถขับได้แล้ว น้ำไม่ลดเลยครับอยากให้ทางกรุงเทพมหานคร หรือ เขตสะพานสูงช่วยเหลือดำเนินการอย่างเร่งด่วนได้จะดีมากๆครับ เพราะเข้าออกจากบ้านแทบไม่ได้กันแล้วครับ ความสูงระดับสูงประมาณเข่าครับ น้ำท่วมมาแล้ว3 วันแ,https://storage.googleapis.com/traffy_public_bucket/attachment/2026-09/f3682da70a73b5d89ca1ab6052a725e6.jpeg
2026-KFZG9B,inprogress,2026-09-28 11:55,2026-09-28 12:04,100.69175,13.69257,ประเวศ,ดอกไม้,น้ำท่วม 3วันยังไม่ลด ความสูงระดับหัวเข่า น้ำท่วมมาแล้วน้อยกว่า 1 สัปดาห์,https://storage.googleapis.com/traffy_public_bucket/attachment/2026-09/ca75b0c3b177fb26fdd2e781f16c5aee.jpeg
2026-WBCAMG,finish,2026-09-28 11:55,2026-09-30 13:56,100.59606,13.80839,ลาดพร้าว,ลาดพร้าว,นำ้ท่วมในซอยลาดพร้าวโชคชัย 4 ซอยม35คะ ยังไม่ลดเลย ความสูงระดับเยอะคะ น้ำท่วมมาแล้วมาแต่เช้าคะ,https://storage.googleapis.com/traffy_public_bucket/attachment/2026-09/034296d9d4114dee3eb38f3ecd82a0e6.jpeg
2026-X223GY,inprogress,2026-09-28 11:55,2026-09-28 12:47,100.6752,13.78631,บึงกุ่ม,คลองกุ่ม,ต้องการความช่วยเหลือเริ่งด่วน อก 4วัน,https://storage.googleapis.com/traffy_public_bucket/attachment/2026-09/4068799152258f5fa7e39a9816dc1cc7.jpeg
2026-74LCXF,inprogress,2026-09-28 11:56,2026-09-28 12:52,100.71273,13.82045,มีนบุรี,มีนบุรี,รามอินทรา 117 น้ำท่วมโดยรอบ ออกไม่ได้เลย หน้า pleno รามอินทรา บางชัน 2 ความสูงระดับหัวเข่า น้ำท่วมมาแล้วน้อยกว่า 1 สัปดาห์,https://storage.googleapis.com/traffy_public_bucket/attachment/2026-09/f4ad88907350b91f8fd095cb260dd8cb.jpeg
2026-AVM9JW,inprogress,2026-09-28 11:56,2026-09-28 11:59,100.64329,13.69819,ประเวศ,หนองบอน,หมู่บ้านมิตรภาพ ซ ศรีนครินทร์ 38 น้ำยังคงขังอยู่ และมีฝนตกลงมาเพิ่ม ตอนนี้นอกบ้านน่าจะประมณ 15 ซม แต่ในบ้านยังมีน้ำขังอยู่น่จะ 50 ซม ไม่สามารถสูบออกได้เนื่องจากถนนนอกบ้านน้ำยังเต็มอยู่ค่ะ ตั้งแต่คืนวันศุกร์ 25/9/26,https://storage.googleapis.com/traffy_public_bucket/attachment/2026-09/acebef3f9eac41426a0a8896f7d7a7c0.jpeg
2026-CHJYVN,inprogress,2026-09-28 11:56,2026-09-28 14:24,100.62894,13.74298,สวนหลวง,สวนหลวง,น้ำท่วมภายในบ้าน หลังนี้และทุกหลังของหมูบ้านเสรีทุกโครงการ น้ำท่วมตั้งแต่วันศุกร์กลางคืนจนปัจจุบัน ไม่ลดลงเลย ซ้ำฝนตกมาทับใหม่ ช่วงเร่งระบายน้ำหน่อยค่ะ ความสูงระดับหน้าแข้ง น้ำท่วมมาแล้ว3 วัน,https://storage.googleapis.com/traffy_public_bucket/attachment/2026-09/990df273e0fdacf728fad7a2a4e653e8.jpeg
2026-EZVZ8X,inprogress,2026-09-28 11:56,2026-09-28 15:01,100.81159,13.80924,หนองจอก,ลำผักชี,มีน้ำท่วมขังค่อนข้างสูงภายในบริเวณหมู่บ้าน ทำให้การเดินทางค่อนข้างลำบาก ไม่สามารถออกจากหมู่บ้านได้ ต้องการให้เร่งสูบน้ำค่ะ ความสูงระดับเอว น้ำท่วมมาแล้ว3 วันค่ะ,https://storage.googleapis.com/traffy_public_bucket/attachment/2026-09/4fc8fcea93d9c7d80343c1b61384c7a6.jpeg
2026-8BUNPM,inprogress,2026-09-28 11:57,2026-09-28 15:01,100.91194,13.84645,หนองจอก,กระทุ่มราย,งดระบายน้ำมาหน่อยค่ะ รับไม่ไหวแล้วค่า ความสูงระดับเอว น้ำท่วมมาแล้วมากกว่า 1 สัปดาห์,https://storage.googleapis.com/traffy_public_bucket/attachment/2026-09/3fdf2bb7e4bfc0c79a665d756a5e8509.jpeg
2026-JZECDU,inprogress,2026-09-28 11:57,2026-09-28 13:37,100.69153,13.77625,สะพานสูง,สะพานสูง,น้ำท่วมสูง ไม่ลดลงเลยค่ะ ออกจากบ้านไม่ได้ ความสูงระดับเริ่มต้น 40cmค่ะ น้ำท่วมมาแล้ว3วัน,https://storage.googleapis.com/traffy_public_bucket/attachment/2026-09/029e1b8fbef5c4fa235a24585b7123a8.jpeg
2026-P8AHWP,inprogress,2026-09-28 11:57,2026-09-30 09:54,100.59282,13.94745,ดอนเมือง,สีกัน,ฝากผู้ว่ามาดูคลองเปรมประชากรหน่อยนะคะ น้ำไม่ลง ทางเส้นถ.เทิดราชัน ดอนเมือง น้ำก็ไม่มีทางไปต่อค่ะ ความสูงระดับหน้าแข้ง น้ำท่วมมาแล้วน้อยกว่า 1 สัปดาห์,https://storage.googleapis.com/traffy_public_bucket/attachment/2026-09/57d89edaefc90fea3a50fd8b499e8d66.jpeg
2026-9BGAJ6,inprogress,2026-09-28 11:58,2026-09-30 09:54,100.58624,13.89054,ดอนเมือง,สนามบิน,DEN คอนโดน้ำไม่ลดมา3วันแล้วค่ะ ท่วมขัง ระดับหน้าแข้งถึงเข่า ค่ะ คอนโดอยู่ติดกับ ประตู ระบายน้ำหลักสี่ขาเข้าค่ะ ความสูงระดับหน้าแข้งค่า น้ำท่วมมาแล้ว3วันแล้วค่ะ,https://storage.googleapis.com/traffy_public_bucket/attachment/2026-09/thumb_c5c05722c7f3282fb0005993ff49351e.jpg
2026-FX828C,forward,2026-09-28 11:58,2026-09-28 12:19,100.63455,13.90886,สายไหม,คลองถนน,เมื่อไหร่น่ำจะลง ความสูงระดับหัวเข่า 4วัน,https://storage.googleapis.com/traffy_public_bucket/attachment/2026-09/2e268bcbdb566b2e541b97dcdfe6071d.jpeg
2026-3MMNX2,inprogress,2026-09-28 11:59,2026-09-28 12:51,100.75832,13.7787,มีนบุรี,แสนแสบ,หมู่บ้านพนาสนธิ์ 3 ถนนร่มเกล้า 15 มีนำ้ท่วมทั้งหมู่บ้าน ต้องการ ความช่วยเหลือเรื่องระบายน้ำออก และอยากได้ถุงทรายเพื่ออุดรอยรั่วที่น้ำเข้า อยากให้ช่วยระบายให้คนสามารถเดินทางออกนอกหมู่บ้านได้ค่ะ เหนือหัวเข่าค่ะ 4 วันแล้วค่ะ ตั้งแต่ฝนตก,https://storage.googleapis.com/traffy_public_bucket/attachment/2026-09/33e8cebc1859c9f93caf1714a8ae4948.jpeg
2026-EBRUV3,inprogress,2026-09-28 12:00,2026-09-28 12:24,100.69153,13.79981,คันนายาว,คันนายาว,สวนสยาม 11 แยก 6 น้ำท่วมขังมาสามวันแล้วครับ ความสูงระดับหัวเข่า น้ำท่วมมาแล้วน้อยกว่า 1 สัปดาห์,https://storage.googleapis.com/traffy_public_bucket/attachment/2026-09/35b07ddbfa426bd586386c0f347f22e2.jpeg
2026-K62ERG,finish,2026-09-28 12:00,2026-10-05 13:10,100.61042,13.89194,บางเขน,อนุสาวรีย์,Big C สะพานใหม่ เมื่อไหร่น้ำจะลด รอน้ำลดเอง หรือมีสูบน้ำด้วย และเริ่มสูบหรือยังคะ พหลโยธิน 50 ไม่ใช่ 52 ค่ะ https://www.facebook.com/share/r/1EttFwSFgW/,https://storage.googleapis.com/traffy_public_bucket/attachment/2026-09/be4a6e45dec13296ad4c7a2f649a5a6e.jpeg
2026-4LHXHP,inprogress,2026-09-28 12:01,2026-09-28 12:25,100.66332,13.83257,คันนายาว,รามอินทรา,ขอร้องทุกข์ หมู่บ้านฟายน์โฮมส์3 เขตคันนายาว กทม เรื่อง ปัญหาน้ำท่วมขังทุกครั้งที่ฝนตก เนื่องจากเป็นหมู่บ้านเก่าเกิน 30ปี ท่อระบายน้ำเล็ก และเก่าเสื่อมโทรมตามอายุ ใช้งาน ทำให้มีปัญหา เวลาฝนตก ทำให้น้ำไม่สามารถไหลได้ทัน จึงทำให้น้ำท่วมขังมาตลอดหลายปี จึงใคร,https://storage.googleapis.com/traffy_public_bucket/attachment/2026-09/73f466e268b626ab267e06c0a80bcb2e.jpeg
2026-DRRP2H,inprogress,2026-09-28 12:02,2026-09-28 20:58,100.65785,13.76866,บางกะปิ,หัวหมาก,ซอยรามคำแหง117 เขตบางกะปิ มีน้ำท่วมสูงในซอยมา 4 วันแล้ว น้ำยังคงไม่ลด (จุดหนักสุดประมาณเอวผู้ชาย) ตอนนี้น้ำเริ่มนิ่งและเริ่มส่งกลิ่นเหม็น จึงต้องการให้ กทม. ช่วยระบายน้ำค่ะ ประมาณ 100 เซนติเมตร ตั้งแต่วันศุกร์ที่ 25 ช่วงบ่าย,https://storage.googleapis.com/traffy_public_bucket/attachment/2026-09/79e6300f8039784a40a1a20e6853190e.jpeg
2026-G2K4L9,inprogress,2026-09-28 12:02,2026-09-30 09:54,100.60067,13.93203,ดอนเมือง,สีกัน,น้ำท่วมอู่ซ่อมรถจักรยานยนต์เสียหาย รบกวนเข้ามาช่วยดำเนินการปรับปรุงแก้ไขปัญหาน้ำท่วมให้ด้วยครับขอบคุณครับ ความสูงระดับหน้าแข้ง น้ำท่วมมาแล้วน้อยกว่า 1 สัปดาห์,https://storage.googleapis.com/traffy_public_bucket/attachment/2026-09/f10407120ceb4519d1e10e638db81802.jpeg
2026-HAKLFR,finish,2026-09-28 12:02,2026-09-29 11:26,100.37386,13.80012,ทวีวัฒนา,ศาลาธรรมสพน์,จากกรณีฝนตกหนัก เกิดน้ำท่วมขังสูงปริมาณ 30-50ซม ท่อระบายอุดตัน น้ำนิ่งเน่าเสีย ส่งกลิ่น คาดเป็นเพราะว่า ท่อระบายอุดตันด้วยดินโคลน อยากให้หน่วยงานช่วยเคลียร์ท่อ/ดินเพื่อระบายน้ำค่ะ ความสูงระดับตอนนี้น้ำปากซอยลดลงแล้ว แต่ยังเจิ่งนองช่วงกลางซอยที่ที่ต่ำกว,https://storage.googleapis.com/traffy_public_bucket/attachment/2026-09/2b7b48010fb3a63a6739fde9ab7cdfa7.jpeg
2026-G2BP74,inprogress,2026-09-28 12:03,2026-09-28 12:51,100.70426,13.81612,มีนบุรี,มีนบุรี,มีขยะอุดตันในท่อระบายน้ำบ่อพักสุดท้ายที่เชื่อมต่อกับท่อสาธารณะปากซอย115/1หรือซอยสมโภชน์200ทำให้น้ไม่สามารถระบายได้คล่องตัวครับ ความสูงระดับ30-50ซม.ครับ น้ำท่วมมาแล้ว4วันครับ,https://storage.googleapis.com/traffy_public_bucket/attachment/2026-09/42305a186090f27cfffb279fa858c73a.jpeg
2026-YAN8GD,start,2026-09-28 12:03,2026-09-28 12:03,100.71568,13.75985,ลาดกระบัง,คลองสองต้นนุ่น,ในหมู่บ้านมีน้ำขังมาก ยังไม่มีการระบายออก ต้องการให้มีการมาช่วยระบายน้ำออกจากหมูบ้าน ความสูงระดับหัวเข่า น้ำท่วมมาแล้ว3วันครับ,https://storage.googleapis.com/traffy_public_bucket/attachment/2026-09/7881f3e37cb0369d63bb998159893b43.jpeg
2026-E727TB,inprogress,2026-09-28 12:04,2026-09-28 13:37,100.6909,13.77673,สะพานสูง,สะพานสูง,แจ้งความเดือดร้อนค่ะ มบ.โฮมเพลส ซอยรามคำแหง140 น้ำท่วมสูง ขอความช่วยเหลือด่วนค่ะ ตอนนี้กำแพงกั้นน้ำ หลังหมู่บ้าน อาจต้านทานแรงดันน้ำไม่ไหว ถ้ากำแพงพังน่าจะยิ่งแย่ ความสูงระดับ60-70ซม น้ำท่วมมาแล้ว4วัน,https://storage.googleapis.com/traffy_public_bucket/attachment/2026-09/ded87c4904dd676fc05b1c1db98834e1.jpeg
2026-AUYAFP,forward,2026-09-28 12:05,2026-09-28 12:29,100.67349,13.79364,บึงกุ่ม,คลองกุ่ม,เมื่อไรจะสูบน้ำออกจากหมู่บ้านสหกรณ์ คลองกุ่ม ซอยเสรีไทย57 น้ำเริ่มจะเน่าแล้วค่ะ ความสูงระดับประมาณ1เมตรกว่าๆๆได้ค่ะ ไม่กล้าลงไปวัด เพราะน้ำเริ่มเน่าแล้ว น้ำท่วมขังมา 3 วันแล้ว เมื่อไรจะสูบออกได้คะ เกิดมาไม่เคยเจอเหตุการณ์มหาอุทกภัยเช่นนี้มาก่อนเลยค่ะ ทรัพ,https://storage.googleapis.com/traffy_public_bucket/attachment/2026-09/975e14e0e22e9598772fc5e3e1ad6114.jpeg
2026-KG7WCX,inprogress,2026-09-28 12:05,2026-09-28 12:18,100.6851,13.69361,ประเวศ,ดอกไม้,ซอยเฉลิมพระเกียรติ48 น้ำยังท่วมขังอยู่สูงมาก ตลอดแนวถนน ยาวหลายร้อยเมตรค่ะ ท่วมสูง ประมาณเข่าค่ะ น้ำไม่ลดเลยค่ะ เดินทางไม่ได้ ลำบากมากๆๆ รถเล็ก เข้าออกไม่ได้ค่ะ ความสูงระดับหัวเข่า น้ำท่วมมาแล้วน้อยกว่า 1 สัปดาห์,https://storage.googleapis.com/traffy_public_bucket/attachment/2026-09/07647a76ce757955f9cd4b6072684f31.jpeg
2026-V292DN,forward,2026-09-28 12:05,2026-09-28 12:19,100.6203,13.89174,สายไหม,คลองถนน,น้ำท่วมสูง ไม่มีการระบายใดๆ คนในซอยขาดน้ำและอาหารแล้ว ความสูงระดับหัวเข่า น้ำท่วมมาแล้วน้อยกว่า 1 สัปดาห์,https://storage.googleapis.com/traffy_public_bucket/attachment/2026-09/332089073122e2ab35549abd250cc4b0.jpeg
2026-XHVC2X,forward,2026-09-28 12:06,2026-09-28 12:07,100.61592,13.72523,สวนหลวง,สวนหลวง,น้ำยังท่วมสูง ช่วงอ่อนนุช17 จากสามแยกมาทาง ตลาดกระเทียม หน้าอ่อนนุช17 ซอยแยก 17 จนถึง หน้าอ่อนนุช 17 ซอยแยก 20 ถึงสะพานข้ามคลองโอ่งอ่าง รถเล็กยังผ่านไม่ได้ ขอความช่วยเหลือ ให้เขตสวนหลวง ระบายน้ำลงคลองโอ่งอ่างด้วยค่ะ ความสูงระดับสูงประมาณเกินครึ่งแข้งค่ะ น,https://storage.googleapis.com/traffy_public_bucket/attachment/2026-09/e2e276d7092dad8d7b4b7b23665c5106.jpeg
2026-XTB8R8,forward,2026-09-28 12:06,2026-09-28 12:29,100.65576,13.79698,บึงกุ่ม,คลองกุ่ม,มีน้ำท่วมขังเกินสามวันจนตอนนี้น้ำเริ่มเน่าต้องการให้ช่วยมาสูบน้ำออก บริเวณซอยนวมินทร์ 42 ความสูงระดับ50-60 ซม. น้ำท่วมมาแล้ว3-4 วัน,https://storage.googleapis.com/traffy_public_bucket/attachment/2026-09/847646aad9bed5c15cc3a3dc671d1403.jpeg
2026-8GC7XD,finish,2026-09-28 12:07,2026-10-05 13:09,100.61226,13.85889,บางเขน,อนุสาวรีย์,น้ำท่วมขังแล้วทำให้ สิ่งของเครื่องใช้ภายในบ้านเสียหายค่ะ ความสูงระดับห้องครัวท่วมประมาณ 20 เซนต์ค่ะ น้ำท่วมมาแล้วน้อยกว่า 1 สัปดาห์,https://storage.googleapis.com/traffy_public_bucket/attachment/2026-09/3e9312e7371cbe4914e8e2346626ceca.jpeg
2026-D76R2E,inprogress,2026-09-28 12:07,2026-09-28 20:59,100.62446,13.80529,บางกะปิ,คลองจั่น,ปัญหา: ภายในซอยดังกล่าว หมู่บ้านลาดพร้าวโครงการ 1 พบน้ำท่วมขัง ระดับสูง 80 เซนติเมตร และน้ำไหลเข้าบ้านเรือนประชาชนแล้ว สร้างความเดือดร้อนให้กับผู้พักอาศัยภายในหมู่บ้าน ขอให้เจ้าหน้าที่เร่งดำเนินการระบายน้ำ หมู่บ้าน: ลาดพร้าวโครงการ 1 ซอย: โยธินพัฒนา 11 แ,https://storage.googleapis.com/traffy_public_bucket/attachment/2022-12/da2125e781282589d482070c3dba1726aa16a4a7.jpg
2026-FPFKNR,irrelevant,2026-09-28 12:07,2026-09-28 12:13,100.76398,13.83972,คลองสามวา,ทรายกองดินใต้,ไม่แสดงรายละเอียด,https://storage.googleapis.com/traffy_public_bucket/TeamChadChart/fondue_photo.png
2026-W2BVNZ,inprogress,2026-09-28 12:07,2026-09-28 13:02,100.68398,13.76833,สะพานสูง,สะพานสูง,นำ้สุดซอยรามคำแหง118แยก42-4 ยังสูงมากอยู่นะคะ อย่าลืมเรานะ เพราะทุกทีจะปล่อยให้น้ำขังในซอยนี้เป็นเดือนเลย ความสูงระดับในบ้านจะสูงกว่าด้านนอก70ซม น้ำท่วมมาแล้ว4-5วัน,https://storage.googleapis.com/traffy_public_bucket/attachment/2026-09/698d32cb95c5a18ee07a166f9a6e5b93.jpeg
2026-GKLDE9,forward,2026-09-28 12:08,2026-09-28 14:03,100.61697,13.72753,สวนหลวง,สวนหลวง,อยากให้ช่วยเร่งระบายน้ำ พัฒนาการ20และออ่อนุช17 โดยเฉพาะแยกตลาดกระเทียม ต้องการเครื่องสูบดันน้ำลงคลองประเวศบุรีรมย์ ถนนของซอย ครึ่งแข้ง ถนนซอยย่อยระดับเข่า น้ำเข้าในตัวบ้านชั้นล่าง ตั้งแต่คืนวันศุก,https://storage.googleapis.com/traffy_public_bucket/attachment/2026-09/ecd1add3f408d877043b636700d2e0a2.jpeg
2026-J2R7RL,inprogress,2026-09-28 12:08,2026-09-28 13:00,100.67285,13.74532,สะพานสูง,สะพานสูง,"ซ.กรุงเทพกรีฑา 17 , 19 น้ำท่วมมา 3 วันแล้ว สูงประมาณ 40-50 cm. น้ำไม่ลดลงเลย มีแต่สูงขึ้น ไม่มี จนท.รัฐบาท จนท.เขต ใดๆ เข้ามาสำรวจดูแลเลย แย่มากๆๆๆ ความสูงระดับหัวเข่า น้ำท่วมมาแล้วน้อยกว่า 1 สัปดาห์",https://storage.googleapis.com/traffy_public_bucket/attachment/2026-09/5a992b17570404b908121f9b83bd690c.jpeg
2026-JRGNK8,inprogress,2026-09-28 12:08,2026-09-30 09:53,100.59324,13.94792,ดอนเมือง,สีกัน,น้ำท่วม เทิดราชัน คาซ่าซิตี้ดอนเมือง 50 เซนติเมตรคับ 4 วันแล้วคับ,https://storage.googleapis.com/traffy_public_bucket/attachment/2026-09/e40837232286370c4c9252b58a1a57fd.jpeg
2026-LMA48D,inprogress,2026-09-28 12:08,2026-09-28 13:01,100.69095,13.76348,สะพานสูง,สะพานสูง,น้ำที่ข้งในตัวบ้านเริ่มมีกลิ่นมีฟองมีสีคล้ำ คงเป็นน้ำเสีย รบกวนช่วยลดระดับน้ำในซอย ให้สามารถระบายน้ำออกจากตัวบ้านได้ จะขอบคุณอย่างยิ่ง กลัวป่วยค่ะ ความสูงระดับหัวเข่า น้ำท่วมมาแล้วน้อยกว่า 1 สัปดาห์,https://storage.googleapis.com/traffy_public_bucket/attachment/2026-09/ab64a1859bb53b7ddc2ac673124fd356.jpeg
2026-NRV98V,inprogress,2026-09-28 12:08,2026-09-28 15:00,100.85022,13.81835,หนองจอก,โคกแฝด,ซอยเชื่อมสัมพันธ์ 25 ท้ายซอย ที่บ้านน้ำขึ้นเรื่อยๆ น้ำไม่ลง อย่างที่ผู้ว่าบอกนะคะ 11/4 ม.6 ถ.เชื่อมสัมพันธ์ แขวงโคกแฝด หนองจอก ความสูงระดับเกือบถึงเข่า น้ำท่วมมาแล้ว4วัน แล้วค่ะ,https://storage.googleapis.com/traffy_public_bucket/attachment/2026-09/7db02300c6f58e8be91b4dc9d9bf3977.jpeg
2026-UPDHZ4,inprogress,2026-09-28 12:08,2026-09-30 09:53,100.60245,13.93257,ดอนเมือง,สีกัน,น้ำท่วมอู่ซ่อมรถยนต์ในปริมาณมากรบกวนเข้ามาช่วยดำเนินการปรับปรุงแก้ไขให้ด้วยครับขอบคุณครับ ความสูงระดับหัวเข่า น้ำท่วมมาแล้วน้อยกว่า 1 สัปดาห์,https://storage.googleapis.com/traffy_public_bucket/attachment/2026-09/609e949c327eeb91bac2a7be501219e1.jpeg
2026-YY2HYG,finish,2026-09-28 12:08,2026-09-30 13:56,100.61079,13.83414,ลาดพร้าว,จรเข้บัว,ประเสริฐมนูกิจ27 น้ำยังท่วมสูง และเริ่มเน่า ไม่มีหน่วยงานมาดู ระบบน้ำ ชักโครก เริ่มมีปัญหา เสบียงเริ่มหมด ขอรถทหารรับส่ง คนในหมู่บ้านเพื่อซื้อเสบียง หรือนำพวกอาหารแห้ง เช่น โจ๊ก มาม่า ปลากระป๋อง มาให้ พร้อมเร่งระบายน้ำ ประมาณเกือบเข่า 25,https://storage.googleapis.com/traffy_public_bucket/attachment/2026-09/061c0ca955d3be8fab4e0f8d04f0bc28.jpeg
2026-LHFP6Y,inprogress,2026-09-28 12:09,2026-09-28 12:19,100.67584,13.69221,ประเวศ,หนองบอน,น้ำท่วมมาหลายวันแล้วจนเหม็นเน่าแล้วก็จะเข้าหมู่บ้านขอความช่วยเหลือจากหน่วยงานหลายที่แล้วไม่มีใครช่วยเหลือเลยค่ะ ความสูงระดับล้อรถยนต์น้ำท่วมขังนานไม่สามารถเอารถในบ้านออกได้แล้วมีกลิ่นเหม็นแล้วค่ะ น้ำท่วมมาแล้วท่วมตั้งแต่วันที่ 25 หมู่บ้านไม่ทำอะไรเลย,https://storage.googleapis.com/traffy_public_bucket/attachment/2026-09/6d30eddae8b16dac92420644fb91a568.jpeg
2026-LVM2F6,forward,2026-09-28 12:09,2026-09-28 20:39,100.58231,13.84107,จตุจักร,เสนานิคม,น้ำขังในบ้านและรอบบ้าน ท่วมทั้งซอย ความสูงระดับ50เซน น้ำท่วมมาแล้ว5วันแล้วคะ,https://storage.googleapis.com/traffy_public_bucket/attachment/2026-09/5c4cf71fd7778bea194938c70f53abb4.jpeg
2026-N38R2G,inprogress,2026-09-28 12:09,2026-09-28 20:59,100.62446,13.80529,บางกะปิ,คลองจั่น,ปัญหา: ภายในซอยดังกล่าว หมู่บ้านลาดพร้าวโครงการ 1 มีความประสงค์ขอรับการสนับสนุนเครื่องอุปโภคบริโภค และ ยารักษาโรค จึงขอให้เจ้าหน้าที่ให้ความช่วยเหลือ หมู่บ้าน: ลาดพร้าวโครงการ 1 ซอย: โยธินพัฒนา 11 แยก 7 ถนน: โยธินพัฒนา เขต: บางแค #1555,https://storage.googleapis.com/traffy_public_bucket/attachment/2022-12/da2125e781282589d482070c3dba1726aa16a4a7.jpg
2026-NEZKHC,inprogress,2026-09-28 12:09,2026-09-28 12:24,100.69141,13.67668,ประเวศ,ดอกไม้,ตอนนี้มีน้ำท่วมขังในหมู่บ้านสวนหลวงวิลล์ 5 และโครงการใกล้เคียงซึ่งทำให้ญยากลำบากไม่สามารถออกไปด้านนอกเพื่อซื้อวัตถุดิบและการใช้ชีวิตต่างๆ จึงใคร่ขอความกรุณาทุกท่านที่เกี่ยวข้องขอความอนุเคราะห์มายังท่านผู้เกี่ยวข้องทุกฝ่ายช่วยดูแลปัญหาตรงนี้ด้วยค่ะ และบางบ,https://storage.googleapis.com/traffy_public_bucket/attachment/2026-09/cfbe4288d9a900498c2e3bcef04591b5.jpeg
2026-22CM88,inprogress,2026-09-28 12:10,2026-09-28 12:59,100.68734,13.67031,ประเวศ,ดอกไม้,ซอยหมู่บ้านทุ่งเศรษฐีน้ำท่วมในบ้านสูง มีคนแก่ติดเตียงเดินไม่ได้ อยากทราบว่า 1.พอประสานจัดหาสถานที่และช่วยนำส่งการดูแลชั่วคราวได้หรือไม่ ยินดีออกค่าใช้จ่ายเอง เนื่องจาก ในบ้านมีแต่ผู้สูงอายุอายุ 62 up และเด็กผู้หญิง2.ปริมาณน้ำที่ท่วมขังจะลดลงได้ภายในกี่วัน,https://storage.googleapis.com/traffy_public_bucket/attachment/2026-09/878d962637d064c4b1ab4328528625fd.jpeg
2026-EG7XTX,finish,2026-09-28 12:10,2026-09-29 13:58,100.76398,13.83975,คลองสามวา,ทรายกองดินใต้,ปัญหา: บริเวณท้ายซอยดังกล่าว หมู่บ้านกฤษฎานคร 25 บ้านเลขที่ 60/583 เนื่องจากเกิดเหตุอุทกภัย จึงมีความประสงค์ขอรับความช่วยเหลือด้านอาหารและน้ำดื่ม สำหรับผู้พักอาศัย จำนวน 3 คน ซอย: ประชาร่วมใจ 31 ถนน: ประชาร่วมใจ เขต: คลองสามวา #1555,https://storage.googleapis.com/traffy_public_bucket/attachment/2022-12/da2125e781282589d482070c3dba1726aa16a4a7.jpg
2026-8PWRFX,inprogress,2026-09-28 12:11,2026-09-28 13:00,100.69005,13.78285,สะพานสูง,สะพานสูง,หมู่บ้านโฮมเพลส มีน้ำท่วมขัง ไม่สามารถระบายได้ ช่วยเข้ามาช่วยเหลือด้วยค่ะ ความสูงระดับหัวเข่า น้ำท่วมมาแล้วน้อยกว่า 1 สัปดาห์,https://storage.googleapis.com/traffy_public_bucket/attachment/2026-09/f0384f807b478db8ac9c6b5d31b05763.jpeg
2026-UPKUPY,inprogress,2026-09-28 12:11,2026-09-28 21:01,100.63144,13.7821,บางกะปิ,คลองจั่น,น้ำไม่ลด 3 วันแล้วนะคะ ที่อื่นลดแล้ว ข้าวปลาก็ไม่มีใครมาแจกมาช่วยเลยค่ะ เดือดร้อน ตัว ปิง เต็มเลยค่ะ ช่วยหน่อยค่ะ สูบน้ำไปทีค่ะ ความสูงระดับเข่าบนค่ะตอนนี้ อันนี้แยก32 แยก 40 มิดหัวค่ะ ลาดพร้าว101 เดือดร้อนมากๆเลยค่ะ ชาวบ้านกั๊กตุนอาหาร พอไปซื้อก็แทบจะไ,https://storage.googleapis.com/traffy_public_bucket/attachment/2026-09/41bf3b7bbfeeebc8bd34937c8c811000.jpeg
2026-FNY4NJ,inprogress,2026-09-28 12:12,2026-09-28 12:50,100.76149,13.79075,มีนบุรี,แสนแสบ,ปัญหา: ตลอดทั้งซอยดังกล่าว บริเวณหน้าตลาดพอเพียง พบน้ำท่วมขัง ระดับน้ำสูงประมาณ 80 เซนติเมตร เนื่องจากฝนตกหนัก และน้ำได้ไหลเข้าบ้านเรือนประชาชน สร้างความเดือดร้อนให้กับผู้พักอาศัยบริเวณดังกล่าว ขอให้เร่งดำเนินการระบายน้ำ ซอย: บึงขวาง 3 แยก 1 ถนน: บึงขวาง ,https://storage.googleapis.com/traffy_public_bucket/attachment/2022-12/da2125e781282589d482070c3dba1726aa16a4a7.jpg
2026-LXA8NB,forward,2026-09-28 12:12,2026-09-28 12:18,100.6607,13.88752,สายไหม,ออเงิน,หมู่บ้านโกลเด้นเพรสทีจวัชรพล-สุขาภิบาล5 แขวงออเงิน เขตสายไหม ปัญหา : น้ำท่วมในหมู่บ้านสูงประมาณครึ่งกำแพงบ้าน(ประมาณหน้าขา) ตั้งแต่วันเสาร์26/9 ไม่ลดลงเลยและในวันจันทร์28/9 ฝนยังคงตกลงมาเพิ่มอย่างต่อเนื่องปริมาณน้ำเริ่มเข้าในพื้นที่จอดรถแล้ว แก้ไข : ช่,https://storage.googleapis.com/traffy_public_bucket/attachment/2026-09/dcb7f28ac2b3b33996deff4a41a31cd1.jpeg
2026-L2WEMW,forward,2026-09-28 12:13,2026-09-28 12:17,100.62505,13.89423,สายไหม,คลองถนน,เราระบายน้ำออกทางใหนได้บ้างครับสามวันแล้วครับ ความสูงระดับหัวเข่า น้ำท่วมมาแล้วสามวัน,https://storage.googleapis.com/traffy_public_bucket/attachment/2026-09/1f470682e7cb90e79fbda314f3e8fb97.jpeg
2026-GEDKHE,inprogress,2026-09-28 12:14,2026-09-28 12:23,100.6997,13.73042,ประเวศ,ประเวศ,น้ำท่วมขังมา4วันแล้วครับ ไม่มีหน่วยงานไหนเข้ามาเลยนะครับ ช่วยแจ้งให้มาช่วยประชาชนหน่อยครับ ความสูงระดับทางถนนถึงเข่าครับ ผมไปถามคนในหมู่บ้านหน้าคอนโด เข่าบอกว่าถึงเอวแล้วครับ น้ำท่วมมาแล้ว4วันครับ,https://storage.googleapis.com/traffy_public_bucket/attachment/2026-09/ae1051995348ab93035bc96d192709ae.jpeg
2026-L9UYGH,forward,2026-09-28 12:14,2026-09-28 12:27,100.67095,13.79713,บึงกุ่ม,คลองกุ่ม,หมู่บ้านนวธานีเสรีไทย 59 ในหมู่บ้านน้ำท่วมสูงมาก ยังไม่มีหน่วยงานไหนเข้ามาช่วยเหลือเลยค่ะ รบกวนช่วยเข้าไปดูหน่อยนะคะ ความสูงระดับเอวค่ะ น้ำท่วมมาแล้วตั้งแต่วันวันเสาร์ค่ะ,https://storage.googleapis.com/traffy_public_bucket/attachment/2026-09/thumb_17fc829ac6e01109257a47fb9dd063d3.jpg
2026-ATBPGN,inprogress,2026-09-28 12:15,2026-09-28 12:58,100.69322,13.77621,สะพานสูง,สะพานสูง,บ้านอยู่ภายในหมู่บ้านโฮมเพลสรามคำแหงซอย 140 มีน้ำท่วมจากบ่อน้ำด้านหลังหมู่บ้านแล้วน้ำในทะเลสาบก็ทะลักออกมากำแพงรั้วบ่อน้ำท้ายหมู่บ้านอาจจะแตกรบกวนหน่วยงานรับผิดชอบมาช่วยสูบน้ำและดูว่าจะช่วยยังไงน้ำท่วมมาสี่วันแล้วค่ะ ความสูงระดับเอว น้ำท่วมมาแล้วน้อยกว่า ,https://storage.googleapis.com/traffy_public_bucket/attachment/2026-09/0955f6f7c4381152bc5df2d00a64b9f3.jpeg
2026-K39R7L,inprogress,2026-09-28 12:15,2026-09-28 12:23,100.64256,13.77987,บางกะปิ,คลองจั่น,น้ำท่วมแฮปปี้แลนด์ สาย 1 สาย 2 น้ำไม่สดเลย เลยหัวเข้าครับ วันนี้ก็วันที่ 3 แล้ว ไม่ลดลงเลยครับ,https://storage.googleapis.com/traffy_public_bucket/attachment/2026-09/62943c430caf804f8ea33e87d4d6781d.jpeg
2026-V74YCT,inprogress,2026-09-28 12:15,2026-09-28 12:52,100.76524,13.78286,มีนบุรี,แสนแสบ,ด่วน! ต้องการความช่วยเหลือบ้านอยู่ถนนบึงขวางซอย 3 ตรงข้าม กับ แยก 14 มีผู้สูงอายุ และสุนัข 10 ตัว ออกไม่ได้ น้ำท่วมสูง ขออาหารคนและอาหาร สัตว์ น้ำดื่ม บ้านเลขที่ *** ติดต่อ เบอร์โทร *** ชื่อ*** ทางเข้าอยู่ข้าง ๆ ร้าน ฮวงคาเฟ่ ร้านก๋วยเตี๋ยวเป็ด คาราโอเกะ ,https://storage.googleapis.com/traffy_public_bucket/attachment/2026-09/5d829bb40407cabaa7584443a8527b1d.jpeg
2026-DVGXPX,inprogress,2026-09-28 12:16,2026-09-28 12:37,100.67164,13.79147,บึงกุ่ม,คลองกุ่ม,ปัญหา: ภายในซอยเสรีไทย 57 แยก 14 หมู่บ้านสหกรณ์เคหะสถาน 4 บ้านเลขที่ 4/312 พบน้ำท่วมสูงระดับเอว เป็นระยะเวลา 3 วันแล้ว จึงขอให้จ้าหน้าที่ลงพื้นที่ดำเนินการช่วยเหลือ ถนน: เสรีไทย เขต: บึงกุ่ม #1555,https://storage.googleapis.com/traffy_public_bucket/attachment/2022-12/da2125e781282589d482070c3dba1726aa16a4a7.jpg
2026-LR296G,inprogress,2026-09-28 12:16,2026-09-30 09:52,100.60068,13.93233,ดอนเมือง,สีกัน,น้ำท่วมบ้านและขังเป็นเวลานานจนน้ำเน่ารบกวนเข้าไปดำเนินการช่วยเหลือปรับปรุงแก้ไขปัญหาน้ำท่วมให้ด้วยครับขอบคุณครับ ความสูงระดับหน้าแข้ง น้ำท่วมมาแล้วน้อยกว่า 1 สัปดาห์,https://storage.googleapis.com/traffy_public_bucket/attachment/2026-09/0aec3418142728dfac67fa890778cb77.jpeg
2026-66MLEC,inprogress,2026-09-28 12:17,2026-09-28 12:31,100.68644,13.72202,ประเวศ,ประเวศ,"ฝนตกหนักต่อเนื่องทำให้เกิดระดับน้ำท่วมสูงประมาณ 80-90cm. ในหมู่บ้านเนอวานา พาร์ค สุขุมวิท 77 รถไม่สามารถผ่านเข้าออกได้มา 4 วันแล้ว ไม่มีหน่วยงานไหนเข้าช่วยเหลือ ชาวบ้านต้องการเสบียงอาหาร , ถุงยังชีพ และเรือสัญจร ความสูงระดับต้นขาบน น้ำท่วมมาแล้ว4 วัน",https://storage.googleapis.com/traffy_public_bucket/attachment/2026-09/8443a1507939c74442c8e51df00b418d.jpeg
2026-EKB4HC,forward,2026-09-28 12:17,2026-09-28 20:38,100.58425,13.8427,จตุจักร,เสนานิคม,น้ำท่วมมา 3 วันแล้ว ไฝระดับน้ำไม่ลดเลย เข้าออกไม่ได้ ไม่มีอาหาร คนป่วยต้องออกไปหาหมอก็ออกไม่ได้ ความสูงระดับ40-50 cm น้ำท่วมมาแล้ว3 วัน,https://storage.googleapis.com/traffy_public_bucket/attachment/2026-09/aac18e4ef6e4b1ad56326f764be09d41.jpeg
2026-V8HF4D,forward,2026-09-28 12:17,2026-09-29 22:04,100.52091,13.7177,สาทร,ทุ่งวัดดอน,น้ำท่วมเข้าบ้านไม่ระบายตั้งแต่วันศุกร์ที่ 25/09/2569 ซ.พหลโยธิน 52 ทั้งซอยและตามซอยย่อย #tourist #English #English,https://storage.googleapis.com/traffy_public_bucket/attachment/2026-09/5b5ae27e827abe3737ff21646e2c57d5.jpg
2026-VV8WG4,inprogress,2026-09-28 12:18,2026-09-28 12:52,100.72167,13.78389,มีนบุรี,มีนบุรี,บริเวณหมู่บ้านบัวขาวฝั่งใน และฝั่งนอก รวมถึงหมู่บ้านใกล้เคียง น้ำขังรอระบายมา ตั้งแต่วันศุกร์. โดยเฉพาะบัวขาวฝั่งในที่ห่างไกลร้านสะดวกซื้อและขาดแคลนอาหาร ต้องการอาหาร น้ำดื่ม กระสอบทราย ให้ผู้ประสบภัย และสูบน้ำออกครับ เนื่องจากเป็นพื้นที่ชุมชนล้อมรอบคลอง,https://storage.googleapis.com/traffy_public_bucket/attachment/2026-09/68ba53993a8ed1d4b3e9ac5093440976.jpeg
2026-7NV4MY,inprogress,2026-09-28 12:19,2026-09-28 12:24,100.68304,13.70791,ประเวศ,ประเวศ,น้ำท่วมขังถนนในหมู่บ้านค่อนข้างลึก ความสูงระดับหัวเข่า-สะโพก น้ำท่วมมาแล้วตั้งแต่วันที่ประมาณ 20 ก.ย. น้ำจะเพิ่มเรื่อยๆเพราะฝน,https://storage.googleapis.com/traffy_public_bucket/attachment/2026-09/2065f84a8cf17080d8a8a67ef0581399.jpeg
2026-C9HJA4,inprogress,2026-09-28 12:19,2026-09-28 15:00,100.8064,13.78978,หนองจอก,ลำผักชี,นำท่วมขัง 3 วัน ฝนตกเพิ่ม น้ำเพิ่มสูงขึ้น ไม่มีแนวทางการระบายน้ำค่ะ ตรงบริเวณกรอบสีแดง เป็นลำรางสาธารณะ แต่รกร้าง ต้นไม้ขึ้นตลอดแนว ทำให้กั้นทางระบายน้ำค่ะ ขอความช่วยเหลือ ระบายน้ำออกจากหมู่บ้านฟลอร่าวิลล์ เฟส20 เฉพาะเฟส 20 มีประมาณ 400 หลัง หากรวมทุกเฟสเ,https://storage.googleapis.com/traffy_public_bucket/attachment/2026-09/34384eedb7f0e30cf83b75a95e7b2842.jpeg
2026-GYDJL9,inprogress,2026-09-28 12:20,2026-09-28 12:57,100.67026,13.74512,สะพานสูง,สะพานสูง,ถนนกรุงเทพกรีฑา หน้าสนามกอล์ฟunico บริเวณที่ทำถนนน้ำลึก รถเล็ก ไม่สามารถสัญจรไปมาได้ ความสูงระดับหัวเข่า น้ำท่วมมาแล้วน้อยกว่า 1 สัปดาห์,https://storage.googleapis.com/traffy_public_bucket/attachment/2026-09/c30cad56dbf64d1ab150b234dc444c5b.jpeg
2026-Z8LK87,inprogress,2026-09-28 12:20,2026-09-28 13:14,100.67039,13.85705,บางเขน,ท่าแร้ง,น้ำจากคลองทะลักเข้ามาในหมู่บ้านเสนาวิลล่า3 ทำให้ระดับน้ำภายในหมู่บ้านสูงขึ้น ต้องการกระสอบทราย เครื่องสูบน้ำ ความสูงระดับ50 ซม. น้ำท่วมมาแล้วตั้งแต่วันเสาร์ตอนเช้าครับ,https://storage.googleapis.com/traffy_public_bucket/attachment/2026-09/693c5e6b0233ae3280464ba3edd473b1.jpeg
2026-8GUB68,finish,2026-09-28 12:22,2026-10-01 09:29,100.61298,13.69227,พระโขนง,บางจาก,น้ำท่วมบ่อยๆ คราวนี้ท่วมมา 3 วัน วันนี้ลดแต่น้ำยังขังอยู่ ไม่สามารถใช้ห้องน้ำได้ค่ะ ความสูงระดับสูงสุดประมาณหัว้ข่าค่ะ น้ำท่วมมาแล้ว3 วันค่ะ ตอนนี้ลดลง แต่ยังเหลืออยู่บ้างคะ,https://storage.googleapis.com/traffy_public_bucket/attachment/2026-09/thumb_8e2e21ce787c0f48fe6c5dbc7705f7a5.jpg
2026-GHW6HJ,inprogress,2026-09-28 12:22,2026-09-28 13:08,100.62862,13.85976,บางเขน,อนุสาวรีย์,น้ำท่วมรามอินทรา 39 แยก 4 น้ำไม่ลดเลยค่ะท่วมอยู่ไม่ได้เลย เป็นบ้านขั้นเดียวเกือบ 100% ในซอย ช่วยดูดน้ำสูบน้ำไปลงที่คลองให้น้ำลดหน่อยค่ะ ความสูงระดับหัวเข่า น้ำท่วมมาแล้วน้อยกว่า 1 สัปดาห์,https://storage.googleapis.com/traffy_public_bucket/attachment/2026-09/851996471904f69ffb89bd3d735cbc9f.jpeg
2026-VJPXRT,finish,2026-09-28 12:22,2026-09-30 13:55,100.63176,13.83631,ลาดพร้าว,ลาดพร้าว,น้ำท่วมขังมา 3 วันแล้ว น้ำยังไม่ลดเลย ความสูงระดับหน้าแข้ง น้ำท่วมมาแล้วมากกว่า 3 วัน,https://storage.googleapis.com/traffy_public_bucket/attachment/2026-09/4ab46ea0a86861b1a14c66c6539301be.jpeg
2026-XWGH93,inprogress,2026-09-28 12:22,2026-09-28 21:02,100.64551,13.78406,บางกะปิ,คลองจั่น,ปัญหา: ภายในหมู่บ้านการเคหะ บ้านเลขที่ 1409 เนื่องจากเกิดเหตุอุทกภัย จึงมีความประสงค์ขอรับความช่วยเหลือด้านอาหารและน้ำดื่ม สำหรับผู้พักอาศัย จำนวน 2 คน ถนน: นวมินทร์ เขต: บางกะปิ #1555,https://storage.googleapis.com/traffy_public_bucket/attachment/2022-12/da2125e781282589d482070c3dba1726aa16a4a7.jpg
2026-W8YYA4,inprogress,2026-09-28 12:23,2026-09-28 21:02,100.66229,13.76736,บางกะปิ,หัวหมาก,น้ำท่วมขังในตัวบ้านสามคืนแล้ว ไม่ลดเลย น้ำสูง 40 ซม. เริ่มส่งกลิ่น ความสูงระดับประมาณ 40 ซม. ค่ะ เกือบถึงเข่าค่ะ น้ำท่วมมาแล้วสามวันสามคืนค่ะ,https://storage.googleapis.com/traffy_public_bucket/attachment/2026-09/452d9977a87f7b493b965d85f48621a9.jpeg
2026-KFWGTY,finish,2026-09-28 12:24,2026-09-28 13:46,100.62181,13.78512,วังทองหลาง,คลองเจ้าคุณสิงห์,ในซอยลาดพร้าว 91 ที่ว่านั้นถนนสูงเทียบเท่ากับ ถนนลาดพร้าว แต่ในซอยแยกของลาดพร้าว91 มีเพียงซอยของผมที่ต่ำกว่าเกือบ1-2 เมตรและแน่นอนในขณะนี้ขณะที่น้ำในลาดพร้าวเริ่มลดลง ในซอยของผมที่เป็นแอ่งกระทะน้ำยังคงเดิมและระบายออกได้ช้ามาก ซึ่งแม้แต่เวลาปกติที่ฝนตก ก็เ,https://storage.googleapis.com/traffy_public_bucket/attachment/2026-09/4ab2d675d73c2037175a94ae2009bdfc.jpeg
2026-NTMTU8,inprogress,2026-09-28 12:24,2026-09-28 12:56,100.69155,13.77648,สะพานสูง,สะพานสูง,"59/184 ซอย 21, หมู่บ้าน HomePlace รามคำแหง 140 น้ำท่วมสูง 60-80 เซนติเมตร ไม่สามารถระบายน้ำออกได้, ไม่มีคนจัดการระบายน้ำเลยค่ะ น้ำนิ่งมาตั้งแต่ 26 กย ค่ะ กลัวน้ำรั่วกำแพงหลังหมู่บ้านค่ะ ความสูงระดับเอว น้ำท่วมมาแล้วน้อยกว่า 1 สัปดาห์",https://storage.googleapis.com/traffy_public_bucket/attachment/2026-09/2214d646dd7781cfbda08a7d352bb941.jpeg
2026-PCHXB9,inprogress,2026-09-28 12:24,2026-09-28 21:03,100.62867,13.75238,บางกะปิ,หัวหมาก,น้ำท่วมขังในซอยรามคำแหง 24 แยก 34 ปากซอยสูงเท่าอก รถเข้าออกไม่ได้ อยู่คอนโดเอแบคยังมีน้ำไฟใช้อยู่แต่น้ำปะปามีกลิ่นเหม็นมาก น้ำขุ่นมาตั้งแต่เมื่อวานค่ะ หน้าคอนโดถึงเข่า ปากซอยที่เชื่อมกับถนนรามคำแหง 24 สูงเท่าเอว-อก ค่ะ สูงขนาดนี้มา 3 วันแล้วค่ะ,https://storage.googleapis.com/traffy_public_bucket/attachment/2026-09/c31e0df487a03f51ab1209c81cc4d2b0.jpeg
2026-V62XTK,inprogress,2026-09-28 12:24,2026-09-28 12:28,100.68923,13.72966,ประเวศ,ประเวศ,น้ำท่วมใน หมู่บ้าน golden town ซอยอ่อนนุช 65 โดยมีปริมาณน้ำเท่าเดิม + - 1 cm. อ้างอิงตามข่าวประชาสัมพันธ์ จากนิติ หมู่บ้าน golden town ความสูงระดับหน้าแข้ง น้ำท่วมมาแล้วน้อยกว่า 1 สัปดาห์,https://storage.googleapis.com/traffy_public_bucket/attachment/2026-09/790badadbc88a8b023a3b3752c3bedb6.jpeg
2026-BML4F6,inprogress,2026-09-28 12:25,2026-09-28 12:56,100.6909,13.77735,สะพานสูง,สะพานสูง,น้ำท่วมสูง เกือบเอวค่ะ มากกว่า2 วัน,https://storage.googleapis.com/traffy_public_bucket/attachment/2026-09/thumb_a63184269d5556b9c746fef6d3468fe0.jpg
2026-LXKGAW,inprogress,2026-09-28 12:26,2026-09-28 13:54,100.66931,13.86738,บางเขน,ท่าแร้ง,น้ำท่วมบ้าน รถเล็กไม่สามารถสัญรได้ หาของกินยาก มาสูบน้ำที ความสูงระดับหัวเข่า น้ำท่วมมาแล้ว4วันค่ะ,https://storage.googleapis.com/traffy_public_bucket/attachment/2026-09/f55b19c2e54f81833d4215f9193446f1.jpeg
2026-XP2PJE,inprogress,2026-09-28 12:26,2026-09-28 20:43,100.6373,13.76733,บางกะปิ,คลองจั่น,ปัญหา: ภายในซอยดังกล่าว บริเวณหอพักเขียว-เหลือง เลขที่ 161 เนื่องจากเกิดเหตุอุทกภัย จึงมีความประสงค์ขอรับความช่วยเหลือด้านอาหารและน้ำดื่ม บ้านเลขที่: 161 ซอย: ลาดพร้าว 136 แยก 1 ถนน: ลาดพร้าว จุดสังเกต: มาจาก วิภาวดี ก่อนถึง เดอะมอลล์ไลฟ์สโตร์ บางกะปิ ประ,https://storage.googleapis.com/traffy_public_bucket/attachment/2022-12/da2125e781282589d482070c3dba1726aa16a4a7.jpg
2026-NPMDGT,inprogress,2026-09-28 12:27,2026-09-30 09:52,100.58656,13.94595,ดอนเมือง,สีกัน,น้ำท่วมถนนเทิดราชัน ทั้งเส้น สูง 30-40 ซม ความสูงระดับ30-40cm น้ำท่วมมาแล้ว3 วัน,https://storage.googleapis.com/traffy_public_bucket/attachment/2026-09/4cf3e168b0dccadfe74cef8237fc6a74.jpeg
2026-A9GG73,inprogress,2026-09-28 12:28,2026-09-28 12:30,100.69847,13.68158,ประเวศ,ดอกไม้,ตอนนี้ในซอยร่วมสามัคคี/เฉลิมพระเกียรติ30 หน้าโรงเรียนคลองปักหลัก ยังท่วมสูงอยู่ค่ะ อยากให้เจ้าหน้าที่ช่วยเข้ามาดูแลหรือแก้ไขหน้างานเพื่อประชาชนจะได้สัญจรได้บ้างค่ะ ความสูงระดับหน้าแข้ง น้ำท่วมมาแล้วน้อยกว่า 1 สัปดาห์,https://storage.googleapis.com/traffy_public_bucket/attachment/2026-09/46aa37633475d9c6e6da78d57b45635b.jpeg
2026-72FUDK,inprogress,2026-09-28 12:29,2026-09-28 21:03,100.65049,13.74677,บางกะปิ,หัวหมาก,น้ำท่วมในซอยเยอะมากค่ะถึงหัวเข่าเลย ปกติเวลาฝนตกก็ท่วมขังในซอยนี้ตลอดเลยค่ะ น่าจะท่อระบายตันค่ะ ยิ่งฝนตกหนักรอบนี้ยิ่งหนักเลยค่ะ อยากให้ช่วยแก้ปัญหาตรงนี้หน่อยค่ะ ความสูงระดับหัวเข่า น้ำท่วมมาแล้วมากกว่า 1 สัปดาห์,https://storage.googleapis.com/traffy_public_bucket/attachment/2026-09/05a24a91da66ca51597c0807d95993ab.jpeg
2026-9MYE3V,inprogress,2026-09-28 12:30,2026-09-28 14:49,100.69542,13.74402,สะพานสูง,สะพานสูง,ปัญหา: ภายในหมู่บ้านนักกีฬาแหลมทอง ซอย 21 บริเวณบ้านเลขที่ 99/1333 เนื่องจากประสบเหตุอุทกภัย มีความประสงค์ขอรับการสนับสนุนเครื่องอุปโภคบริโภคสำหรับผู้พักอาศัย จำนวน 8 ราย ถนน: นักกีฬาแหลมทอง เขต: สะพานสูง #1555,https://storage.googleapis.com/traffy_public_bucket/attachment/2022-12/da2125e781282589d482070c3dba1726aa16a4a7.jpg
2026-FNZZPH,forward,2026-09-28 12:30,2026-09-28 20:38,100.58443,13.84449,จตุจักร,เสนานิคม,บ้านเลขที่244/1 แยก10 ค่ะ กลางซอย น้ำในซอยท่วมในระดับสูง ซอยเป็นแอ่ง ค่ะ ความสูงระดับหน้าแข้ง น้ำท่วมมาแล้วน้อยกว่า 1 สัปดาห์,https://storage.googleapis.com/traffy_public_bucket/attachment/2026-09/356ab7c81ca140ae18927555a14ed5fa.jpeg
2026-LAJHY3,inprogress,2026-09-28 12:30,2026-09-28 12:53,100.69347,13.77646,สะพานสูง,สะพานสูง,น้ำท่วมขังในซอยหมู่บ้านโฮมเพลส รามคำแหง140 ต้องการความช่วยเหลือในการสูบน้ำออกและแจกจ่ายถุงยังชีพ ความสูงระดับในซอยลึกๆท่วมถึงระดับเอวครับ น้ำท่วมมาแล้วตั้งแต่คืนวันศุกร์ครับ,https://storage.googleapis.com/traffy_public_bucket/attachment/2026-09/4449068b60bdeed2148e1688c349c5ed.jpeg
2026-29G3CJ,inprogress,2026-09-28 12:31,2026-09-28 12:52,100.69116,13.77883,สะพานสูง,สะพานสูง,Copy and paste this exact Thai text into the report description so dispatchers categorize it correctly: ขอความช่วยเหลือด่วน! มีน้ำล้นสระน้ำท่วมขังพื้นที่บ้านเรือน ต้องการเครื่องสูบน้ำและกระสอบทราย พิกัด หมู่บ้านโฮมเพลส ซอยรามคำแหง 140 เขตสะพานสูง ความสูง,https://storage.googleapis.com/traffy_public_bucket/attachment/2026-09/760263dc6ad743a19efcf5e31e85abef.jpeg
2026-TPZ6FF,forward,2026-09-28 12:32,2026-10-05 16:54,100.7725,13.84999,คลองสามวา,ทรายกองดินใต้,ซ.ประชาน่วมใจ 43 น้ำเริ่มท่วมสูง ท้ายซอยมีหมู่บ้าน โดยเฉพาะโครงการบ้านริมบึงติดบึงนายพลเลย มีผู้ป่วยติดเตียงอาศัยที่นี่ด้วย ความสูงระดับหัวเข่า น้ำท่วมมาแล้วน้อยกว่า 1 วัน,https://storage.googleapis.com/traffy_public_bucket/attachment/2026-09/thumb_0be1a046dfd06d62c90526796935b468.jpg
2026-CBB2YD,inprogress,2026-09-28 12:35,2026-09-28 22:40,100.63183,13.75633,บางกะปิ,หัวหมาก,ต้องการย้ายออกจากบ้าน น้ำท่วมซอยสูงค่ะ ความสูงระดับถ้าในซอย ประมาณอกค่ะ น้ำท่วมมาแล้วตั้งแต่คืน 25 ค่ะ,https://storage.googleapis.com/traffy_public_bucket/attachment/2026-09/aa49bfd0a07b4445582cffef9e45ca60.jpeg
2026-8UGCAM,finish,2026-09-28 12:36,2026-10-05 13:32,100.66819,13.87468,บางเขน,ท่าแร้ง,เขตบางเขน แขวงท่าแร้ง ซอยคู้บอน27 แยก60 หมู่บ้านเสนา9 ระดับในหมู่บ้านสูงระดับ เหนือเข่า เกือบถึงเอว ไม่ลดลง ค้างมา3-4วัน ความสูงระดับหัวเข่า น้ำท่วมมาแล้วน้อยกว่า 1 สัปดาห์,https://storage.googleapis.com/traffy_public_bucket/attachment/2026-09/7e3c9d018b2f7f584b2618624da22292.jpeg
2026-23TEZ2,inprogress,2026-09-28 12:37,2026-09-28 13:03,100.65805,13.87163,บางเขน,ท่าแร้ง,น้ำท่วมขัง 60-80เซ็น 3วันแล้ว น้ำในคลองยังไม่ลดสูบน้ำออกไม่ได้ ความสูงระดับเอว น้ำท่วมมาแล้วน้อยกว่า 1 สัปดาห์,https://storage.googleapis.com/traffy_public_bucket/attachment/2026-09/thumb_5d1d40a84d171e4854a10a5cbf0d68eb.jpg
2026-LAARRN,inprogress,2026-09-28 12:38,2026-09-28 13:59,100.69227,13.8032,คันนายาว,คันนายาว,เข้าช่วยเหลือสัตว์ในสวนสัตว์จากน้ำท่วม ความสูงระดับหัวเข่า น้ำท่วมมาแล้วน้อยกว่า 1 สัปดาห์,https://storage.googleapis.com/traffy_public_bucket/attachment/2026-09/2eceab6ec20ae2604217e667769ece64.jpeg
2026-RTHLWJ,inprogress,2026-09-28 12:38,2026-09-28 13:27,100.61578,13.88096,บางเขน,อนุสาวรีย์,ในหมู่บ้านศุภาลัยพาร์ควิลล์ 2 ซ. พหล 48 น้ำท่วมสูง โดยเฉพาะซอย 6 จุดน้ำลึก รถเล็กใหญ่เข้าออกไม่ได้ตั้งแต่วันเสาร์ ความสูงระดับหัวเข่า น้ำท่วมมาแล้วตอนนี้จุดลึกสุด ซ6 น่าจะ 70-80 cm ในหมูบ้าน 30-40 cm,https://storage.googleapis.com/traffy_public_bucket/attachment/2026-09/f1ab12cd57106f8c5782dbfedf646f8a.jpeg
2026-NL7UYP,inprogress,2026-09-28 12:39,2026-09-28 13:08,100.71329,13.90177,คลองสามวา,สามวาตะวันตก,น้ำท่วมขังในหมู่บ้านนานกว่า3วันแล้ว น้ำยังไม่ลดเลย น้ำท่วมสูงประมาณหัวเข่า รถเล็กสัญจรไม่ได้ จนท โครงการหมู่บ้านไม่มีการให้ความช่วยเหลือ เบื้องต้นมองว่า ถ้ามีเครื่องสูบน้ำซักตัว น่าจะทำให้น้ำลดบ้าง ความสูงระดับน้ำในลานจอดรถ อาจจะดูตื้น แต่ถ้าขับรถออกไปในถ,https://storage.googleapis.com/traffy_public_bucket/attachment/2026-09/6a694881460096c218221d725f34e771.jpeg
2026-MK2J3F,inprogress,2026-09-28 12:40,2026-09-28 13:02,100.60643,13.89378,บางเขน,อนุสาวรีย์,น้ำท่วมซอยพหลโยธิน69/5-7 น้ำขึ้นมาครึ่งเอวแล้ว มีหน่อยงานไหนช่วยเหลือได้บ้างมั้ยครับ ความสูงระดับเกิน 1.30 เมตร น้ำท่วมมาแล้วตั้งแต่วันที่ 25 กันยา 69 ครับ,https://storage.googleapis.com/traffy_public_bucket/attachment/2026-09/26758603c2771b8e163dbd4a2773a153.jpeg
2026-P8NFD7,inprogress,2026-09-28 12:40,2026-09-28 21:05,100.65095,13.74611,บางกะปิ,หัวหมาก,น้ำท่วมขังในบ้านเยอะมากค่ะสิ่งของก้ได้รับความเสียหายเยอะค่ะ อยุ่ในบ้านไม่ได้เลยค่ะ ความสูงระดับหัวเข่า น้ำท่วมมาแล้วน้อยกว่า 1 สัปดาห์,https://storage.googleapis.com/traffy_public_bucket/attachment/2026-09/67b674e39cfcca66b915f286eefb04d9.jpeg
2026-UXWZ23,forward,2026-09-28 12:40,2026-09-29 08:03,100.83808,13.80726,หนองจอก,ลำผักชี,แยกลำผักชีน้ำท่วมสูงมากค่ะ รถเล็กผ่านไม่ได้ค่ะ ความสูงระดับหัวเข่า น้ำท่วมมาแล้วน้อยกว่า 1 สัปดาห์,https://storage.googleapis.com/traffy_public_bucket/attachment/2026-09/c8e3b227dd60bb31355a6896da87baa2.jpeg
2026-VLA6KK,inprogress,2026-09-28 12:40,2026-09-28 15:00,100.8064,13.78575,หนองจอก,ลำผักชี,109/96 น้ำท่วมในซอยและถนนรอบหมู่บ้าน 3 วัน สะเบียงใกล้หมด รถเล็กไม่สามารถออกไปได้ ขอรถสไลด์เพื่อเคลื่อนย้ายรถไปไว้จุดปลอดภัย ความสูงระดับหัวเข่า น้ำท่วมมาแล้ว4 วัน,https://storage.googleapis.com/traffy_public_bucket/attachment/2026-09/2eb129417fcc32459bb48555a3a92b98.jpeg
2026-DUXCMJ,inprogress,2026-09-28 12:41,2026-09-28 12:51,100.69129,13.77746,สะพานสูง,สะพานสูง,ขอความช่วยเหลือด่วน! มีน้ำล้นมาท่วมขังในพื้นที่บ้านเรือน ต้องการให้สูบน้ำออกไปโดยเร็ว พิกัด หมู่บ้านโฮมเพลส ซอยรามคำแหง 140 เขตสะพานสูง หมู่บ้านข้างๆ 2 ข้าง กับถนนใหญ่ ไม่ท่วมเลย!! ท่วมแต่ในหมู่บ้านสูงมาก ออกไปไหนไม่ได้เลย ความสูงระดับเอว น้ำท่วมมาแล้วน้,https://storage.googleapis.com/traffy_public_bucket/attachment/2026-09/b98009a977868fdcd1d6e06d3d10ba4f.jpeg
2026-HY9N6V,finish,2026-09-28 12:41,2026-10-02 10:01,100.63797,13.78497,บางกะปิ,คลองจั่น,ที่บ้านมีกองขยะให้ช่วยเก็บเนื่องจากมีผู้สูงอายุป่วยติดเตียง เกรงจะมีงูหรือยุงเพราะตอนนี้น้ำสูงขึ้น ซึ่งทำเรื่องไว้แล้ว และต้องการกระสอบทรายเพื่อกั้นไม่ให้เข้าในบ้านค่ะ #ขอกระสอบทราย/อื่นๆ,https://storage.googleapis.com/traffy_public_bucket/attachment/2026-09/dedb7044d4052ee98599110caa6c7a93.jpeg
2026-JWELVN,inprogress,2026-09-28 12:41,2026-09-28 12:55,100.64259,13.76209,บางกะปิ,หัวหมาก,ปัญหา: ภายในซอยดังกล่าว บ้านเลขที่ 119 พบผู้สูงอายุ จำนวน 2 คน โดยผู้สูงอายุ (เพศชาย) ป่วยเป็นโรคพาร์กินสัน ไม่มีผ้าอ้อมผู้ใหญ่ใช้ รวมทั้งไม่มีอาหารบริโภค และเกรงว่าจะถูกกระแสไฟฟ้าดูด จึงขอความช่วยเหลือเรื่องอาหาร น้ำดื่ม และผ้าอ้อมผู้ใหญ่ ซอย: รามคำแหง 5,https://storage.googleapis.com/traffy_public_bucket/attachment/2022-12/da2125e781282589d482070c3dba1726aa16a4a7.jpg
2026-LBDECV,forward,2026-09-28 12:41,2026-09-28 20:35,100.58014,13.84505,จตุจักร,เสนานิคม,พหลโยธิน40 เกษตรน้ำไม่เห็นลดลงเลย 3วันแล้ว มาช่วยดูหน่อย ความสูงระดับเอว น้ำท่วมมาแล้วน้อยกว่า 1 สัปดาห์,https://storage.googleapis.com/traffy_public_bucket/attachment/2026-09/ea910444cdeb70e115123f2544b900a4.jpeg
2026-X8DEFM,forward,2026-09-28 12:41,2026-09-28 20:35,100.58981,13.84224,จตุจักร,เสนานิคม,ชุมชนริมคลองหลังกรมวิทย์ข้างตึกRSน้ำท่วมสูงเนื่องจากมีการปิดประตูระบายน้ำลงทำให้น้ำท่วมขังสูง ต้นชุมชนเข่า แต่กลางชุมชนหน้าอกชาวบ้านเดือดร้อนมากช่วยเปิดประตูระบายน้ำให้น้ำได้ระบายไปหน่อยฝั่งหลังประตูน้ำลดถึงตาตุ่มแล้วแต่ฝั่งหน้าประตูระบายน้ำไม่มีลดเลยชาวบ,https://storage.googleapis.com/traffy_public_bucket/attachment/2026-09/thumb_4983bfd3fc80d896c0c527a12ef2d11a.jpg
2026-LPB8PG,inprogress,2026-09-28 12:42,2026-09-28 12:51,100.7047,13.78675,สะพานสูง,สะพานสูง,น้ำท่วมขังภายในซอยหลักการสัญจรลำบากมากครับ ซอยแยกย่อยๆเล็กน้ำท่วมประมาณหัวเข่า น้ำไม่ลดเลยครับอยากให้ทางกรุงเทพหรือสำนักงานเขตเข้ามาช่วยเหลือดูแลสถานการณ์หน่อยครับ ความสูงระดับสูงประมาณหัวเข่าครับ น้ำท่วมมาแล้ว2-3 วันครับ,https://storage.googleapis.com/traffy_public_bucket/attachment/2026-09/168036260b2287ad1b5e983dce35d6a6.jpeg
2026-N2ZTRK,inprogress,2026-09-28 12:42,2026-09-28 13:06,100.70636,13.88962,คลองสามวา,สามวาตะวันตก,น้ำท่วมที่อยู่หมดเลยค่ะไม่มีที่นอนเลยไม่ได้ทำงานมีหมาอยู่ในนั้น5ตัว ความสูงระดับหน้าแข้ง น้ำท่วมมาแล้วน้อยกว่า 1 สัปดาห์,https://storage.googleapis.com/traffy_public_bucket/attachment/2026-09/137afd0afd9eefb3da4ec9b24293f6b8.jpeg
2026-CNKNUL,inprogress,2026-09-28 12:44,2026-09-28 12:50,100.69151,13.77727,สะพานสูง,สะพานสูง,น้ำท่วมสูงหลายวันครับ ความสูงระดับ60-65 Cm ครับ น้ำท่วมมาแล้ว3-4 วันครับ,https://storage.googleapis.com/traffy_public_bucket/attachment/2026-09/aa4d78438ef8810d60a88022523096cb.jpeg
2026-MR8UR7,start,2026-09-28 12:44,2026-09-28 12:44,100.79355,13.75257,ลาดกระบัง,ลำปลาทิว,น้ำท่วมในหมู่บ้านแฮปปี้เพลส 2 ซอยฉลองกรุง 23 ถนนฉลองกรุง มีชาวบ้านหลายครัวเรือน ทั้งผู้สูงอายุ และเด็ก ความสูงระดับหัวเข่า น้ำท่วมมาแล้วน้อยกว่า 1 สัปดาห์,https://storage.googleapis.com/traffy_public_bucket/attachment/2026-09/b7d3a3ec5cb55b931bf5aac037cc4990.jpeg
2026-TFTXPL,inprogress,2026-09-28 12:44,2026-09-28 13:02,100.66791,13.87213,บางเขน,ท่าแร้ง,น้ำเอ่อล้นคลองจะท่วมเข้าบ้าน อยากให้หน่วยงานช่วยสูบน้ำหรือจัดการน้ำออก ความสูงระดับหน้าแข้ง น้ำท่วมมาแล้วน้อยกว่า 1 วัน,https://storage.googleapis.com/traffy_public_bucket/attachment/2026-09/bef761b3e65f0fcd39bfb852611629ec.jpeg
2026-XMW3PD,finish,2026-09-28 12:44,2026-09-28 13:43,100.62912,13.78417,วังทองหลาง,คลองเจ้าคุณสิงห์,อยากได้กระสอบทรายหรือที่กั้นน้ำไปวางที่หน้าบ้านค่ะ แล้วจะใช้เครื่องสูบน้ำสูบน้ำออก เนื่องจากน้ำท่วมตั้งแต่วันที่ 25 จนถึงวันนี้ น้ำไม่ลดเลยค่ะ และด้านในบ้านก็น่าจะเสียหายมากแล้ว พ่อกับแม่อยู่ในบ้านแค่ 2 คนตอนนี้ ไม่ทราบว่ามีเจ้าหน้าที่เข้าไปจัดส่งได้มั้ยค,https://storage.googleapis.com/traffy_public_bucket/attachment/2026-09/1229ed439ee523cde31c9a79d8fed9c3.jpeg
2026-8RAAW3,inprogress,2026-09-28 12:46,2026-09-28 15:00,100.86725,13.80655,หนองจอก,ลำผักชี,ช่วยสูบน้ำออกจากคลองแมะดำ สุวินทวงศ์ 41 หัวเข่า 2-3 วัน,https://storage.googleapis.com/traffy_public_bucket/attachment/2026-09/a8e7c6f2f8fcd4a8c450006eb54df5ea.jpeg
2026-FZM7ZM,inprogress,2026-09-28 12:46,2026-09-28 14:34,100.69285,13.74354,สะพานสูง,สะพานสูง,ปัญหา: ภายในหมู่บ้านนักกีฬาแหลมทอง ซอย 3 เนื่องจากเกิดเหตุอุทกภัย จึงมีความประสงค์ขอรับความช่วยเหลือด้านอาหารและน้ำดื่ม สำหรับผู้พักอาศัย จำนวน 100 คน ซอย: หมู่บ้านนักกีฬาแหลมทอง 3 ถนน: นักกีฬาแหลมทอง เขต: สะพานสูง #1555,https://storage.googleapis.com/traffy_public_bucket/attachment/2022-12/da2125e781282589d482070c3dba1726aa16a4a7.jpg
2026-GUKVZX,finish,2026-09-28 12:46,2026-09-28 13:04,100.6586,13.83627,คันนายาว,รามอินทรา,ขอกระสอบทรายทำทางเข้าบ้าน ตอนนี้น้ำเริ่มเน่าเสีย ไม่สะดวกลุยน้ำเข้าบ้าน ความสูงระดับหน้าแข้ง น้ำท่วมมาแล้วน้อยกว่า 1 สัปดาห์,https://storage.googleapis.com/traffy_public_bucket/attachment/2026-09/e56179989478e245f7e1d869843122c7.jpeg
2026-U48P3R,inprogress,2026-09-28 12:46,2026-09-28 13:06,100.61899,13.74956,บางกะปิ,หัวหมาก,ปัญหา: ภายในซอยรามคำแหง 24 แยก 10 หอพัก S.Areenah Place ห้อง 101 เนื่องจากเกิดเหตุอุทกภัย จึงมีความประสงค์ขอรับความช่วยเหลือด้านอาหารและน้ำดื่ม (ผู้ประสบภัยเป็นชาวอิสลาม) ถนน: รามคำแหง จุดสังเกต: อยู่หลังการกีฬาแห่งประเทศไทย เขต: บางกะปิ #1555,https://storage.googleapis.com/traffy_public_bucket/attachment/2022-12/da2125e781282589d482070c3dba1726aa16a4a7.jpg
2026-4WYVX8,inprogress,2026-09-28 12:48,2026-09-28 22:58,100.63206,13.87343,บางเขน,ท่าแร้ง,ปัญหา: ภายในซอยดังกล่าว บริเวณบ้านเลขที่ 29 หมู่ 4 เนื่องจากเกิดเหตุอุทกภัย จึงมีความประสงค์ขอรับความช่วยเหลือด้านอาหารและน้ำดื่ม จำนวน 3 หลัง ทั้งหมด 10 ท่าน สุนัข 6 ตัว บ้านเลขที่: 29 ซอย: พหลโยธิน 48 แยก 53 ถนน: รามอินทรา เขต: บางเขน #1555,https://storage.googleapis.com/traffy_public_bucket/attachment/2022-12/da2125e781282589d482070c3dba1726aa16a4a7.jpg
2026-FPK9VZ,inprogress,2026-09-28 12:48,2026-09-28 13:08,100.66004,13.84998,คันนายาว,รามอินทรา,น้ำท่วมขังเข้าในบ้าน หาของกินลำบาก รถเล็กสัญจรไม่ได้ หาที่จอดไม่มี มา 4 วันแล้ว ช่วยมาสูบน้ำออก ความสูงระดับหัวเข่า น้ำท่วมมาแล้วน้อยกว่า 1 สัปดาห์,https://storage.googleapis.com/traffy_public_bucket/attachment/2026-09/57aa709336aca1fe4de4d1d6277b1ac3.jpeg
2026-HTNPMW,finish,2026-09-28 12:49,2026-09-28 13:38,100.62182,13.78508,วังทองหลาง,คลองเจ้าคุณสิงห์,ในซอยลาดพร้าว 91 ที่ว่านั้นถนนสูงเทียบเท่ากับ ถนนลาดพร้าว แต่ในซอยแยกของลาดพร้าว91 มีเพียงซอยของผมที่ต่ำกว่าเกือบ1-2 เมตรและแน่นอนในขณะนี้ขณะที่น้ำในลาดพร้าวเริ่มลดลง ในซอยของผมที่เป็นแอ่งกระทะน้ำยังคงเดิมและระบายออกได้ช้ามาก ซึ่งแม้แต่เวลาปกติที่ฝนตก ก็เ,https://storage.googleapis.com/traffy_public_bucket/attachment/2026-09/94ae5b1fc9091a1bcdbc542f9c7f1e83.jpeg
2026-8LELPX,inprogress,2026-09-28 12:50,2026-09-28 13:28,100.67447,13.70278,ประเวศ,ประเวศ,อยู่ซอยเฉลิมพระเกียรติ ร.9 ซอย 53 น้ำท่วมค่ะ ไม่ลงมาสามวันแล้วค่ะ ความสูงระดับหัวเข่า น้ำท่วมมาแล้วน้อยกว่า 1 สัปดาห์,https://storage.googleapis.com/traffy_public_bucket/attachment/2026-09/cd59025b7900dfb5252b1047bab3ddd5.jpeg
2026-M8BUZB,forward,2026-09-28 12:50,2026-09-28 12:51,100.66516,13.91289,สายไหม,ออเงิน,น้ำท่วมเข้ามาโรงรถ 2-3 วันแล้ว กลายเป็นน้ำเน่า เกิดจากกำแพงรอบหมู้บ่านรั่ว ทำให้น้ำจากคลองข้างๆที่ที่อุดตัน ไหลทะลักเข้ามาในหมู่บ้าน ความสูงระดับหน้าแข้ง น้ำท่วมมาแล้วน้อยกว่า 1 สัปดาห์,https://storage.googleapis.com/traffy_public_bucket/attachment/2026-09/42a55ad9295d9d34307a9c53b5123882.jpeg
2026-4WL37K,finish,2026-09-28 12:51,2026-09-28 13:35,100.61719,13.77696,วังทองหลาง,พลับพลา,น้ำท่วมขังลาดพร้าว 110 แยก4 ตอนนี้น้ำมีกลิ่นเน่าแล้วรบกวนช่วยมาดูแลหน่อยครับ ความสูงระดับ ประมาณเหนือหัวเข่า น้ำท่วมมาแล้วตั้งแต่26-28/9,https://storage.googleapis.com/traffy_public_bucket/attachment/2026-09/4de120a929b62942bafa57b22af58bec.jpeg
2026-BCHY2H,forward,2026-09-28 12:52,2026-09-28 12:53,100.65012,13.80688,บึงกุ่ม,คลองกุ่ม,นวมินทร์ 68 แยก 2-8 ท่วมมา 3 วันแล้วค่ะ น้ำหน้าบ้านถึงหัวเข่า ไม่ลงสักที ความสูงระดับหัวเข่า น้ำท่วมมาแล้วน้อยกว่า 1 สัปดาห์,https://storage.googleapis.com/traffy_public_bucket/attachment/2026-09/ead52f905c49e00c9dc59378f174f872.jpeg
2026-DHRK7Z,forward,2026-09-28 12:52,2026-09-28 20:33,100.57693,13.84705,จตุจักร,ลาดยาว,น่ำท่วมขังในซอยพหลโยธิน 43 ความสูงระดับหัวเข่า น้ำท่วมมาแล้วน้อยกว่า 1 สัปดาห์,https://storage.googleapis.com/traffy_public_bucket/attachment/2026-09/8ae3e7421c302646857bc4cf0faa424a.jpeg
2026-62LCRD,inprogress,2026-09-28 12:53,2026-09-28 14:49,100.71819,13.82335,มีนบุรี,มีนบุรี,ซอยหทัยราษฎร์ 9 และบริเวณใกล้เคียง รวมถึงโซนตลาดมีนบุรีระดับน้ำยังคงไม่ลดเลยค่ะ ประมาณเข่า และตอนนี้น้ำเริ่มจะเสียแล้ว อยากให้มีหน่อยงานเข้ามาตรงจสอบหน่อยนะคะ ตอนนี้คนในซอยพยายามช่วยกันเองแล้ว หาทรายมาอุดหัว-ท้ายซอยแล้วสูบน้ำ แต่ก็ไม่รู้จะได้แค่ไหนค่ะ คว,https://storage.googleapis.com/traffy_public_bucket/attachment/2026-09/8e5775aa00aeb2f3d162b3ff0ef2a7ad.jpeg
2026-8AXJBP,inprogress,2026-09-28 12:53,2026-09-28 13:39,100.69425,13.74365,สะพานสูง,สะพานสูง,น้ำท่วม น้ำประปาไม่ไหล ความสูงระดับหัวเข่า 3วัน,https://storage.googleapis.com/traffy_public_bucket/attachment/2026-09/eca8cc927cf1a3bce293053d99611c25.jpeg
2026-4GLHBN,inprogress,2026-09-28 12:54,2026-09-28 13:30,100.66564,13.70885,ประเวศ,ประเวศ,เมื่อคืนวานนี้ฝนหยุดตก เหมือนน้ำบนถนนในซอยอ่อนนุช 70/1 จะเริ่มแห้งแล้วเพราะเครื่องสูบน้ำทำงานอยู่ แต่เหมือนเมื่อเช้าฝนตกลงมาแล้วเครื่องสูบน้ำไม่ได้ทำงานเลยทำให้น้ำเริ่มเอ่อชฃขึ้นมาอีกครั้ง รบกวนประสานหน่วยงานที่เกี่ยวข้องมาดูแลหน่อยครับ ตอนนี้ท่วมยังไม่เย,https://storage.googleapis.com/traffy_public_bucket/attachment/2026-09/b9ed890aadfea7eff4e36d00bc442008.jpeg
2026-9JUTZZ,inprogress,2026-09-28 12:54,2026-09-28 13:09,100.69651,13.7962,คันนายาว,คันนายาว,น้ำท่วมขังไม่ระบายออกจากพื้นหมู่บ้านและชุมชนข้างเคียง น้ำเริ่มเน่าเหม็นแล้ว และระดับน้ำค่อนข้างสูง เฉลี่ย 30-50 ซม ต้องการให้มีการผันน้ำในคลองบริเวณใกล้เคียง เพื่อให้น้ำท่วมขังในพื้นที่ได้ระบายออกบ้าง ความสูงระดับหัวเข่า น้ำท่วมมาแล้วน้อยกว่า 1 สัปดาห์,https://storage.googleapis.com/traffy_public_bucket/attachment/2026-09/876d1534726caffcd9eaf61c24fabf51.jpeg
2026-GGBZXL,inprogress,2026-09-28 12:54,2026-09-28 14:23,100.63556,13.74393,สวนหลวง,สวนหลวง,น้ำท่วมขังในซอยพระรามเก้า 57 หลายวัน ออกจากบ้านไปซื้ออาหารและยาให้ผู้สูงวัยไม่ได้ ช่วยมาสูบน้ำด้วย ความสูงระดับสูงกว่าเอว น้ำท่วมมาแล้วระดับหัวเข่า ท่วมมา 3 วัน,https://storage.googleapis.com/traffy_public_bucket/attachment/2026-09/6ca64bbeb0a84dd0c7fb9739dce313e0.jpeg
2026-2MWFA7,inprogress,2026-09-28 12:55,2026-09-28 14:49,100.6978,13.81336,มีนบุรี,มีนบุรี,น้ำท่วมปริมาณมาก ความสูงระดับหัวเข่า น้ำท่วมมาแล้วน้อยกว่า 1 สัปดาห์,https://storage.googleapis.com/traffy_public_bucket/attachment/2026-09/4290355d9b90002b814edc7b0b5fee96.jpeg
2026-G6MFGL,inprogress,2026-09-28 12:55,2026-09-28 13:40,100.69224,13.77845,สะพานสูง,สะพานสูง,สวัสดีครับบ ที่บ้านซอยรามคำแหง 140 น้ำท่วมมาตั้งแต่คืนวันศุกรแล้วครับผม น้ำยังไม่ลดเลยครับ รบกวยหน่วยงานที่เกี่ยวข้องหน่อยครับ ความสูงระดับเอว น้ำท่วมมาแล้วน้อยกว่า 1 สัปดาห์,https://storage.googleapis.com/traffy_public_bucket/attachment/2026-09/1c01e835ffcb4b59463b41429bd23664.jpeg
2026-GE9AYZ,finish,2026-09-28 12:55,2026-10-05 13:58,100.38272,13.78921,ทวีวัฒนา,ศาลาธรรมสพน์,น้ำท่วมหนัก เข้าออกบ้านไม่ได้ แต่เขตหยุดทำงาน ไม่อยากจะเชื่อความทำงานแบบราชการนี้เลย หน่วยงานที่คอนนี้ควรจะทำงานมากที่สุดคือเขต แต่หยุด ความสูงระดับสูงกว่าเอว น้ำท่วมมาแล้วน้อยกว่า 1 สัปดาห์,https://storage.googleapis.com/traffy_public_bucket/attachment/2026-09/62fefefaf9cc589844546c5b9a3af5fd.jpeg
2026-RZK64X,forward,2026-09-28 12:55,2026-09-28 13:23,100.64361,13.74449,สวนหลวง,สวนหลวง,น้ำท่วมหน้าโรงพยาบาลสมิติเวชทั้งเส้น มาสูบน้ำออกหน่อย จะอดตายแล้วค่ะ ออกไปไหนไม่ได่ ความสูงระดับเอว น้ำท่วมมาแล้วน้อยกว่า 1 สัปดาห์,https://storage.googleapis.com/traffy_public_bucket/attachment/2026-09/33fa87e403b575d36fd17d1b7d304512.jpeg
2026-3RW7W3,finish,2026-09-28 12:56,2026-09-30 13:43,100.34391,13.72158,หนองแขม,หนองค้างพลู,ปัญหา: ภายในซอยดังกล่าว บริเวณริมคลองกำนันเทียม บ้านเลขที่ 5/22 เนื่องจากเหตุอุทกภัย ต้องการความช่วยเหลือขอรับเครื่องอุปโภคบริโภคจากหน่วยงานที่เกี่ยวข้อง ซอย: เพชรเกษม 110 ถนน: เพชรเกษม เขต: หนองแขม #1555,https://storage.googleapis.com/traffy_public_bucket/attachment/2022-12/da2125e781282589d482070c3dba1726aa16a4a7.jpg
2026-43M829,inprogress,2026-09-28 12:56,2026-09-28 13:04,100.63226,13.80141,บางกะปิ,คลองจั่น,น้ำท่วมบ้านตั้งแต่วันที่25กย.69จนถึงตอนนี้น้ำยังไม่ลดลงเลยบ้านและทรัพย์สินเสียหายคนในบ้านได้รับความเดือดร้อนไม่มีห้องน้ำออกไปซื้ออาหารไม่ได้ต้องการความช่วยเหลือตอนนี้น้ำที่ท่วมขังอยู่ในบ้านเริ่มเปลี่ยนสีกลัวจะเป็นอันตรายกับผู้คนอาศัยในบ้านค่ะ ต้องการให้ช่,https://storage.googleapis.com/traffy_public_bucket/attachment/2026-09/8b2afe57ff85fa1ba75dc452af8b1f00.jpeg
2026-F2YFD6,inprogress,2026-09-28 12:56,2026-09-28 13:30,100.687,13.68082,ประเวศ,ดอกไม้,น้ำท่วมมีกลิ่นออกไปทำมาหากินไม่ได้ ความสูงระดับเอวมนุษย์ น้ำท่วมมาแล้วน้อยกว่า 1 สัปดาห์,https://storage.googleapis.com/traffy_public_bucket/attachment/2026-09/thumb_e57eb61aaffadb20db544d0c14c93ed9.jpg
2026-MJ9BEP,forward,2026-09-28 12:56,2026-09-28 14:22,100.65025,13.78524,บึงกุ่ม,คลองกุ่ม,น้ำท่วมเข้าบ้านมา 3 วันแล้วค่ะ ไม่สามารถอยู่ชั้นล่างได้ อยากให้ช่วยระบายน้ำในซอยด้วยค่ะ ความสูงระดับหน้าแข้ง น้ำท่วมมาแล้วน้อยกว่า 1 สัปดาห์,https://storage.googleapis.com/traffy_public_bucket/attachment/2026-09/54c9d39cf475eedafa5f39d365511acd.jpeg
2026-URM6NP,inprogress,2026-09-28 12:56,2026-09-28 13:00,100.58966,13.87179,บางเขน,อนุสาวรีย์,น้ำท่วมขังเป็นวันที่ 3 ความสูงระดับหน้าแข้ง น้ำท่วมมาแล้วน้อยกว่า 1 สัปดาห์,https://storage.googleapis.com/traffy_public_bucket/attachment/2026-09/86e4b0fa4b7ab0ac39ff78ccdf388196.jpeg
2026-9RPEKN,forward,2026-09-28 12:57,2026-09-28 12:58,100.68459,13.90856,สายไหม,ออเงิน,หมู่บ้านภัสสร19 จตุโชติ สายไหม น้ำท่วมมา4วันแล้ว น้ำไม่ลดเลย ไม่มีหน่วยงานไหนมาดูแล ขอความช่วยเหลือด้วยครับ #fonduereport,https://storage.googleapis.com/traffy_public_bucket/attachment/2026-09/e6a64ddecf6c9cb98eca5570162fbd2b.jpg
2026-9UE3D3,finish,2026-09-28 12:57,2026-09-28 13:38,100.621,13.79501,วังทองหลาง,คลองเจ้าคุณสิงห์,น้ำริมคลองตรงลาดพร้าว87ใกล้cdcน้ำไหลออกจากคลองแล้วค่ะตอนนี้ไม่มีเจ้าหน้ามาดูแลลตรงนี้ช่วยส่งคนมาช่วยหน่อย ความสูงระดับมองไม่ออกต่มรูปเลยน้ำไหลออกจากคลิงคลือมาตินเช้า น้ำท่วมมาแล้วไม่แน้ใจค่ะ,https://storage.googleapis.com/traffy_public_bucket/attachment/2026-09/thumb_73093df905dc0738e4560bc0a1c957d7.jpg
2026-W2UV9X,finish,2026-09-28 12:57,2026-09-29 17:43,100.70904,13.77966,สะพานสูง,สะพานสูง,ชุมชนหัวบ้านคลองบางเลา ตอนนี้ได้รับผลกระทบจากเหตุน้ำท่วมเป็นอย่างมาก ตอนนี้อาหาร ของกิน มีน้อยมาก ในชุมชนนี้มีประมาณ 60-70 หลังคาเรือน มีหลายครอบครัว ทุกครอบครัวได้รับผลกระทบหมดบางบ้านน้ำถึงหน้าเอว และชุมชนนี้เป็นชุมชนที่มีแต่เด็ก และคนชรา(บอกได้ว่าเป็นผู,https://storage.googleapis.com/traffy_public_bucket/attachment/2026-09/7744a8a8909f486021a8982930b2b94f.jpeg
2026-FTLE8W,inprogress,2026-09-28 12:58,2026-09-28 13:06,100.73956,13.84417,คลองสามวา,ทรายกองดิน,น้ำเข้ามาติดตัวบ้านแล้ว ความสูงระดับข้อเท้า น้ำท่วมมาแล้วน้อยกว่า 1 วัน,https://storage.googleapis.com/traffy_public_bucket/attachment/2026-09/bdadea1b234c911c73f1e2311a159c9d.jpeg
2026-7KGE49,inprogress,2026-09-28 12:59,2026-09-28 13:41,100.69091,13.78221,สะพานสูง,สะพานสูง,ขอความช่วยเหลือด่วน! มีน้ำล้นสระน้ำท่วมขังพื้นที่บ้านเรือน ต้องการเครื่องสูบน้ำและกระสอบทราย พิกัด หมู่บ้านโฮมเพลส ซอยรามคำแหง 140 เขตสะพานสูง ความสูงระดับหัวเข่า น้ำท่วมมาแล้วน้อยกว่า 1 สัปดาห์,https://storage.googleapis.com/traffy_public_bucket/attachment/2026-09/b78e829d59db159908874bec7178a814.jpeg
2026-AVHRHG,inprogress,2026-09-28 12:59,2026-09-30 09:51,100.59384,13.94738,ดอนเมือง,สีกัน,น้ำท่วมขังในหมู่บ้านคาซ่าซิติ้ดอนเมือง และ ถนนเทิดราชัน ตั้งแต่วันที่ 26/09/2569 ช่วงเช้า จนถึงขณะนี้ ระดับน้ำยังไม่ลด รบกวนช่วยตรวจสอบและเร่งระบายน้ำ เนื่องจากยังมีฝนตกแรงเป็นบางช่วงเวลาตลอดวัน ความสูงระดับประมาณ 30 - 50 เซ็นติเมตร น้ำท่วมมาแล้ว3 วัน,https://storage.googleapis.com/traffy_public_bucket/attachment/2026-09/e8fecbe0a2a83457b7016a38f2844017.jpeg
2026-B4Z4WZ,inprogress,2026-09-28 12:59,2026-09-30 09:51,100.60656,13.95322,ดอนเมือง,สีกัน,เรื่อง ที่ดินตามภาพแนบล่างนี้ (ศรชี้สีแดง ) แปลงใหญ่มีน้ำนองพื้นแล้วไหลลงมาถนน ( ตามลูกศรเหลือง ) ในโครงการแกรนด์คาแนลฝั่งขาออก น้ำท่วมขังถนนสูงรถยนต์วิ่งผ่านไม่ได้ ตั้งแต่เช้า 26 กย ทำให้รถวิ่งผ่านออกไม่ได้ จนถึงวันนี้ 28 กย 69 และได้ร้องต่อโครงการแกรนด์,https://storage.googleapis.com/traffy_public_bucket/attachment/2026-09/ea162c626b80ea1efca0f4b1464ccda3.jpeg
2026-HTBDKU,inprogress,2026-09-28 12:59,2026-09-28 13:41,100.69391,13.7397,สะพานสูง,สะพานสูง,ระดับน้ำเริ่มสูงขึ้นกว่าเดิมอีกค่ะ น้ำไม่ลดลงเลย น้ำที่ท่วมในบ้านเริ่มจะเน่าแล้วค่ะ อันนี้ไม่มีแจ้งข้อมูลข่าวสารอะไรเลย เหมือนมีแค่ดูแลกันเอง กับความช่วยเหลือด้านอาหาร คืออยากทราบเรื่องการสูบน้ำ การประมาณเวลาระดับน้ำจะลดลงไรงี้ค่ะ ความเสียหายมันเยอะนะคะ ค,https://storage.googleapis.com/traffy_public_bucket/attachment/2026-09/b1a3df95d2860ef400f40ec4a91c4f65.jpeg
2026-LBKBZP,inprogress,2026-09-28 12:59,2026-09-28 22:47,100.63112,13.77902,บางกะปิ,คลองจั่น,ขอความช่วยเหลือเร่งด่วนค่ะ น้ำท่วมขังบริเวณนี้เข้าสู่วันที่ 4 แล้ว ตั้งแต่ช่วงค่ำวันศุกร์ที่ 25 กันยายน 2569 จนถึงวันนี้ 28 กันยายน 2569 แต่ระดับน้ำลดลงเพียงประมาณ 2-3 ซม. เท่านั้น ขณะที่บริเวณอื่นระดับน้ำเริ่มลดและบางจุดเริ่มแห้งแล้ว ปัจจุบันระดับน้ำภาย,https://storage.googleapis.com/traffy_public_bucket/attachment/2026-09/0e875345674a75a94a96adcff47287bf.jpeg
2026-TUFRZW,inprogress,2026-09-28 12:59,2026-09-28 14:36,100.69932,13.74836,สะพานสูง,สะพานสูง,น้ำท่วมในซอยนักกีฬาแหลมทอง 48 มาสามวันแล้วน้ำยังไม่ลดและเริ่มเน่ายังไม่มีหน่วยงานเข้ามาแจกอาหารหรือไม่มีเรือมาพาผู้อพยพออกจากพื้นที่เลยค่ะ คนในซอยไม่สามารถออกไปได้เนื่องจากน้ำสูงประมาณเอว ความสูงระดับเอว น้ำท่วมมาแล้วน้อยกว่า 1 สัปดาห์,https://storage.googleapis.com/traffy_public_bucket/attachment/2026-09/5fd466ca63f1449020a1124146e571e5.jpeg
2026-WAZTYM,inprogress,2026-09-28 12:59,2026-09-28 13:37,100.68303,13.70792,ประเวศ,ประเวศ,น้ำท่วมขังถนนหน้าบ้านหลายวันระดับปัจจุบันคือระหว่างหัวเข่า-สะโพก ความสูงระดับหัวเข่า-สะโพกค่ะ น้ำท่วมมาแล้วมากกว่า 1 สัปดาห์,https://storage.googleapis.com/traffy_public_bucket/attachment/2026-09/65f0126839b483edf3d2d71db2a67ffc.jpeg
2026-RBPY3W,inprogress,2026-09-28 13:00,2026-09-28 13:37,100.67244,13.72104,ประเวศ,ประเวศ,น้ำท่วมสูง ระดับหัวเข่า รถเข้าออกไม่ได้ ความสูงระดับหัวเข่า น้ำท่วมมาแล้ว3วัน,https://storage.googleapis.com/traffy_public_bucket/attachment/2026-09/4e03a2cac8faf76941b5d5cbf0b6e62c.jpeg
2026-HDJPYP,inprogress,2026-09-28 13:01,2026-09-28 13:03,100.64871,13.78002,บางกะปิ,คลองจั่น,น้ำท่วมมาหลายวันแล้ว ยังไม่ได้รับเสบียงเลย ตอนนี้ต้องอาศัยชั้น 2 #ขอกระสอบทราย/อื่นๆ,https://storage.googleapis.com/traffy_public_bucket/attachment/2026-09/41bbe271391ea2b0207142ad1233b15e.jpeg
2026-329ER2,inprogress,2026-09-28 13:02,2026-09-28 13:38,100.68947,13.70324,ประเวศ,ดอกไม้,หมู่บ้านเดอะคอนเนค สวนหลวง-อ่อนนุช ซอยเฉลิมพระเกียรติร.๙ 67 น้ำท่วมสูง 65ซม ต่อเนื่องมานานเป็นวันที่3แล้ว น้ำเริ่มส่งกลิ่นเหม็นเน่า และน้ำมีท่าทีจะเพิ่มขึ้นจากฝนตลอด และไม่มีการระบายออกได้เลยแม้แต่น้อย และไม่มีหน่วยงานใดเข้าตรวจสอบและไม่ได้รับความช่วยเหล,https://storage.googleapis.com/traffy_public_bucket/attachment/2026-09/3183ea5bcd1aa742efea407ddda515e7.jpeg
2026-AV7KDH,start,2026-09-28 13:02,2026-09-28 13:02,100.7538,13.72045,ลาดกระบัง,ลาดกระบัง,น้ำท่วมสูงถึงระดับขาแล้วครับ ตอนนี้น้ำท่วมสูงมากๆจนเข้าบ้านเยอะๆมากแล้ว มีอุปกรณ์ไฟฟ้าเช่นปลั๊กไฟ เสี่งโดนไฟดูดมากครับ ความสูงระดับในบ้านผมสูงประมาณข้อเท้าครับ ข้างนอกท่วมสูงถึงบริเวณเข่าถึงต้นขาเลยครับ น้ำท่วมมาแล้ว3-4 เซนต์ครับ,https://storage.googleapis.com/traffy_public_bucket/attachment/2026-09/4e75013ed4171abfe103bea2f2c91242.jpeg
2026-WH66VZ,inprogress,2026-09-28 13:02,2026-09-28 13:11,100.68404,13.76876,สะพานสูง,สะพานสูง,น้ำท่วมสะสม ไม่ลดระดับลงเป็นเวลา 2 วันแล้ว เริ่มเน่าและส่งกลิ่น ความสูงระดับหัวเข่า น้ำท่วมมาแล้วน้อยกว่า 1 สัปดาห์,https://storage.googleapis.com/traffy_public_bucket/attachment/2026-09/52a0fe4661d72fb07c4a64ca75841bc4.jpeg
2026-P97C94,finish,2026-09-28 13:03,2026-09-29 22:03,100.64899,13.91186,สายไหม,สายไหม,มีน้ำท่วมขัง รถเล็กสัญจรไม่ได้ ชาวบ้านต้องการออกไปซื้ออาหาร โปรดส่งรถยกสูงมารับคนเข้า -ออก และ ช่วยระบายน้ำออกจากหมู่บ้าน ความสูงระดับประมาณ 50 ซ.ม. คะ น้ำท่วมมาแล้วตั้งแต่ 25 - ปัจจุบัน,https://storage.googleapis.com/traffy_public_bucket/attachment/2026-09/thumb_37aed0380795cbaa4f48226e2c7853bd.jpg
2026-3NWMLT,inprogress,2026-09-28 13:05,2026-09-28 13:45,100.67961,13.67189,ประเวศ,ดอกไม้,น้ำท่วมขังระดับสูงเข้าบ้านมา 3 วันแล้วระดับน้ำยังไม่ลดเลย ความสูงระดับหัวเข่า 3วัน,https://storage.googleapis.com/traffy_public_bucket/attachment/2026-09/d32bbc076a4d49580872e215db0de876.jpeg
2026-V4DZGK,inprogress,2026-09-28 13:05,2026-09-28 14:36,100.69522,13.74284,สะพานสูง,สะพานสูง,ขอความกรุณา 🙏🏻 ***คุณแม่กับคุณยายอายุ 89 แกเริ่มอ่อนแรงค่ะ จะเปนลมค่ะ*** ( ที่บ้านมีแต่ข้าวเปล่า ไม่มีเนื้อสัตว์ ทานไม่พอ ให้กินขนมประทังไปก่อนแต่ก็เริ่มเวียนหัวกันค่ะ ) - อยากขอรถ มาพารับออกไปส่งตรง Tops ซอยกรุงเทพกรีฑา 32 ( ห่างไป 2 กิโล ) หรือส่งริมถ,https://storage.googleapis.com/traffy_public_bucket/attachment/2026-09/6f11e9262cfdcd1cd0610673db0fa641.jpeg
2026-TMKHV4,inprogress,2026-09-28 13:06,2026-09-28 13:57,100.64798,13.73386,สวนหลวง,สวนหลวง,น้ำท่วมระดับนี้ตั้ฃแต่วันเสาร์ที่26กันยานนจนตอนนี้ไม่มีทีท่าว่าจะลงเลยค่ะ หมูบ้านเมืองทอง 2/3 พัฒนาการ 53 ความสูงระดับหัวเข่า น้ำท่วมมาแล้วน้อยกว่า 1 สัปดาห์,https://storage.googleapis.com/traffy_public_bucket/attachment/2026-09/1e317d6508f0acbb7ecaafa4169b4e66.jpeg
2026-GWV8Z3,finish,2026-09-28 13:07,2026-09-30 10:05,100.62362,13.79764,วังทองหลาง,คลองเจ้าคุณสิงห์,ปัญหา: เบสท์ เข้าซอย ลาดพร้าว 87 แยก 22 ท้ายซอย บริเวณบ้านเลขที่ 454/99 เนื่องจากเหตุอุทกภัย ต้องการความช่วยเหลือในการอพยพ พบสุนัขส่งเสียงร้องอยู่หน้าบ้านมา 2 วันแล้ว ไม่แน่ใจว่าภายในบ้านมีผู้สูงอายุหรือประชาชนติดค้างอยู่หรือไม่ จึงอยากแจ้งให้เจ้าหน้าที่เ,https://storage.googleapis.com/traffy_public_bucket/attachment/2022-12/da2125e781282589d482070c3dba1726aa16a4a7.jpg
2026-NTCZCZ,inprogress,2026-09-28 13:07,2026-09-28 14:38,100.70971,13.78024,สะพานสูง,สะพานสูง,ปัญหา: น้ำท่วมมา4วันแล้วไม่สามารถออกไปซื้อาหารได้ค่ะ คนในหมู่บ้านออกไม่ได้เลยค่ะ หมูบ้าน: เคหะธานี4 ซอย31 ความสูงระดับประมาณต้นขาค่ะ น้ำท่วมมาแล้วรถออกไม่ได้ค่ะ,https://storage.googleapis.com/traffy_public_bucket/attachment/2026-09/thumb_73cbdcd2b45d7193fdcfa27e6ff95330.jpg
2026-C8K83H,inprogress,2026-09-28 13:08,2026-09-28 13:45,100.68964,13.67904,ประเวศ,ดอกไม้,น้ำท่วมสูงระดับเอว น้ำมีกลิ่นไม่สามารถออกไปทำงานได้ ความสูงระดับหัวเข่าถึงระดับเอว น้ำท่วมมาแล้ว4วัน,https://storage.googleapis.com/traffy_public_bucket/attachment/2026-09/thumb_cf02c473df6c72977cb403f1033e23dd.jpg
2026-KE4WJL,forward,2026-09-28 13:09,2026-09-28 14:27,100.66624,13.78673,บึงกุ่ม,คลองกุ่ม,สวัสดีค่ะ เสรีไทย41 เขตบึงกุ่ม น้ำในซอยท่วมตั้งแต่ระดับตาตุ่มจนถึงเอวในบางจุด น้ำไม่มีทางระบายมา 3 วันแล้วค่ะ บ้านบางหลังยกตัวสูงจึงยังไม่ท่วมเข้าบ้าน แต่หลาย ๆ หลังช่วงถนนต่ำ ท่วมเข้าบ้านเรือนแล้วค่ะ อยากสอบถามว่าพอจะมีวิธีระบายน้ำจากในซอยออกบ้างไหมคะ คว,https://storage.googleapis.com/traffy_public_bucket/attachment/2026-09/6ba06616d7113d0a3eebc2662a06c00a.jpeg
2026-VFJAE2,inprogress,2026-09-28 13:09,2026-09-28 14:47,100.7167,13.7803,มีนบุรี,มีนบุรี,"ปัญหา: ภายในหมู่บ้านเพอร์เฟค เพลส มีความประสงค์ขอรับการสนับสนุนเครื่องอุปโภคบริโภค ให้จัดสรรมาประมาณ 1,000 หลังคารือน จึงขอให้เจ้าหน้าที่ให้ความช่วยเหลือ หมู่บ้าน: เพอร์เฟค เพลส ซอย: รามคำแหง164 ถนน: รามคำแหง เขต: สะพานสูง #1555",https://storage.googleapis.com/traffy_public_bucket/attachment/2022-12/da2125e781282589d482070c3dba1726aa16a4a7.jpg
2026-Y9ZRDH,start,2026-09-28 13:09,2026-09-28 13:09,100.73669,13.76936,ลาดกระบัง,คลองสองต้นนุ่น,ตอนนี้ที่เคหะร่มเกล้าด้านในท่วมหนักมากค่ะ แต่ถนนด้านนอกฝั่งทางไปลาดกระบังไม่มีน้ำ อยากให้ระบายน้ำจากในเคหะร่มเกล้าออกไปสู่ถนนใหญ่ค่ะ ความสูงระดับหัวเข่า 3 วันแล้วค่ะ,https://storage.googleapis.com/traffy_public_bucket/attachment/2026-09/f80569fa9c59e1f465c6a295ff16688d.jpeg
2026-YZB4YC,inprogress,2026-09-28 13:09,2026-09-28 21:05,100.6341,13.78698,บางกะปิ,คลองจั่น,น้ำท่วมในซอยครับผมแล้วก็ตอนนี้มีขยะลอยมาติดตรงสะพานเยอะมากมันก็เลยขวางทางน้ำไม่ให้น้ำไหลครับ ความสูงระดับประมาฯ 50 เซนติเมตรครับ น้ำท่วมมาแล้วน้ำท่วมตั้งแต่วันที่ 26ครับ,https://storage.googleapis.com/traffy_public_bucket/attachment/2026-09/43b850b9ba9efb1d28f1f69a40b5a687.jpeg
2026-WMHLMC,start,2026-09-28 13:10,2026-09-28 13:10,100.7323,13.76744,ลาดกระบัง,คลองสองต้นนุ่น,ปัญหา: ภายในซอยคลองสองต้นนุ่น บ้านเลขที่ 472 มีความประสงค์ขอรับการสนับสนุนเครื่องอุปโภคบริโภคจำนวนมาก จึงขอให้เจ้าหน้าที่ให้ความช่วยเหลือ บ้านเลขที่: 472 ซอย: เคหะร่มเกล้า 34 ถนน: เคหะร่มเกล้า เขต: ลาดกระบัง #1555,https://storage.googleapis.com/traffy_public_bucket/attachment/2022-12/da2125e781282589d482070c3dba1726aa16a4a7.jpg
2026-ZTKWZP,inprogress,2026-09-28 13:10,2026-09-28 13:39,100.65726,13.72884,ประเวศ,ประเวศ,ปัญหา: ซอยพัฒนาการ 61 บ้านเลขที่ 436 ซอย 24 หมู่บ้านเมืองทอง 2/2 เนื่องจากเหตุอุทกภัย ต้องการความช่วยเหลือขอรับเครื่องอุปโภคบริโภค ผู้สูงอายุ 1 ท่าน น้องสาว 1 ท่าน บ้านเลขที่: 436 หมู่บ้าน: บ้านเมืองทอง 2/2 ซอย: พัฒนาการ 61 ถนน: พัฒนาการ เขต: ประเวศ #155,https://storage.googleapis.com/traffy_public_bucket/attachment/2022-12/da2125e781282589d482070c3dba1726aa16a4a7.jpg
2026-3P2ZKM,finish,2026-09-28 13:11,2026-09-28 13:13,100.61089,13.89033,สายไหม,คลองถนน,ขณะนี้สถานการณ์น้ำยังไม่ลงชาวบ้านรอบในซอยต้องการน้ำดื่มกับข้าวกล่องเพราะคุณป้าบ้างบ้านอยู่ด้านในรบกวนหน่วยงานเข้ามาดูแลบ้าง ความสูงระดับเดินเข้าไปในถึงเอวค่ะ น้ำท่วมมาแล้ว3วันแล้ว,https://storage.googleapis.com/traffy_public_bucket/attachment/2026-09/5442ec35a0dbacfd0cfae7b75b402150.jpeg
2026-9DDTTL,inprogress,2026-09-28 13:11,2026-09-28 13:42,100.67257,13.73033,ประเวศ,ประเวศ,ขอรถรับส่งคนเข้าออกจากซอยค่ะ ตอนนี้น้ำในซอยสูงประมาณ 80 ซม. เดิมมีรถของเขต 1 คัน แต่รถเพิ่งยางรั่วจึงต้องไปซ่อมยาง ขอรถวิ่งทดแทนด้วยนะคะ ความสูงระดับเอว น้ำท่วมมาแล้วตั้งแต่เย็นวันศุกร์ค่ะ,https://storage.googleapis.com/traffy_public_bucket/attachment/2026-09/94e55f890e501b2807c68f1239a6013d.jpeg
2026-L2Y2EW,start,2026-09-28 13:11,2026-09-28 13:11,100.73242,13.76747,ลาดกระบัง,คลองสองต้นนุ่น,ถ้าขอกระสอบทรายตอนนี้ให้ทั้งชุมชนส่วนโซน 11 เคหะร่มเกล้า จะได้มั้ยคะ #ขอกระสอบทราย/อื่นๆ,https://storage.googleapis.com/traffy_public_bucket/attachment/2026-09/f9e8e291f763acd642e03810d856db8f.jpeg
2026-L9NG6M,inprogress,2026-09-28 13:11,2026-09-28 13:44,100.69681,13.77876,สะพานสูง,สะพานสูง,ขณะนี้น้ำท่วมขังต่อเนื่องและระดับน้ำยังไม่ลดลง ทำให้ไม่สามารถออกจากพื้นที่เพื่อไปหาอาหารหรือซื้อของจำเป็นได้ ได้รับความเดือดร้อนอย่างมาก จึงขอความกรุณาเร่งเข้าตรวจสอบและช่วยระบายน้ำโดยด่วนค่ะ ความสูงระดับช่วงถนนซอยท่วมถึงเข่าค่เ น้ำท่วมมาแล้ว4 วันค่ะ,https://storage.googleapis.com/traffy_public_bucket/attachment/2026-09/7883786dced9e7606cde73471efd00ec.jpeg
2026-PYD4ZD,inprogress,2026-09-28 13:11,2026-09-28 14:49,100.72899,13.7899,มีนบุรี,มีนบุรี,เริ่มจากปากทางถนนร่มเกล้าเข้ามา ในซอยร่มเกล้า6 และ ร่มเกล้า 6/1 ขอความช่วยเหลือเร่งระบายสูบน้ําออกจากซอยทั้ง 2 เป็นการด่วน ระยะทางยาวจาก ริมถนนร่มเกล้า เข้ามาประมาณ 2 กิโลเมตร มีระดับน้ําท่วมผิวถนนสูง สามสิบถึงห้าสิบ เซนติเมตร ความสูงระดับประมาณ 25-30 ซม.,https://storage.googleapis.com/traffy_public_bucket/attachment/2026-09/f27c29d9e2a9e9611adf4ed48a1e2800.jpeg
2026-C2YABX,inprogress,2026-09-28 13:12,2026-09-28 13:38,100.66332,13.83257,คันนายาว,รามอินทรา,ร้องทุกข์ หมู่บ้านฟายน์โฮมส์ 3 เขตคันนายาว กทมเรื่องปัญหาน้ำท่วมขังทุกปี เมื่อฝนตกเนื่องจากท่อระบายน้ำเล็กมากๆ ถนนเก่าเสียหาย พังทรุดตัวตัวประกอบกับหมู่บ้านมีอายุเกิน 30 ปี ท่อเก่าเสื่อมโทรมหัก พังเสียหาย ทำให้ไม่สามารถไหลได้ทันทำให้น้ำท่วมขังรอการระบาย น,https://storage.googleapis.com/traffy_public_bucket/attachment/2026-09/f05cd7bd2b210438fd7bf344b5138615.jpeg
2026-JWGXNF,inprogress,2026-09-28 13:12,2026-09-28 20:35,100.65125,13.75625,บางกะปิ,หัวหมาก,ปัญหา: ภายในหมู่บ้านสวนสน บ้านเลขที่ 6 พบมีผู้อาศัยติดอยู่ภายในอาคาร และที่พักถูกตัดน้ำตัดไฟ ทำให้ไม่มีอาหารและน้ำดื่ม ได้โทรศัพท์ติดต่อหลายหน่วยงานแล้วแต่ไม่มีผู้รับสาย จึงขอความช่วยเหลือเรื่องอาหารและน้ำดื่ม ซอย: รามคำแหง 60 แยก 8 ถนน: รามคำแหง เขต: บาง,https://storage.googleapis.com/traffy_public_bucket/attachment/2022-12/da2125e781282589d482070c3dba1726aa16a4a7.jpg
2026-W3WRCF,inprogress,2026-09-28 13:13,2026-09-28 14:39,100.68949,13.76293,สะพานสูง,สะพานสูง,รามคำแหง 118 น้ำท่วมสูง เข้าบ้านเรือน ฝนเริ่มไม่ตกแล้วแต่ระดับน้ำไม่ลดลงเลยมาหลายวันแล้วค่ะ ประชาชนเดือดร้อน อาหาร น้ำเริ่มหมด เครื่องสูบน้ำไม่เปิด ไม่มีท่าทีว่าน้ำจะลดและสถานการณ์ดีขึ้น ความสูงระดับหน้าแข้ง น้ำท่วมมาแล้วน้อยกว่า 1 สัปดาห์,https://storage.googleapis.com/traffy_public_bucket/attachment/2026-09/16202f992c4b7fd577bad70bd8ad5c05.jpeg
2026-ZJ8XH3,inprogress,2026-09-28 13:13,2026-09-29 16:44,100.80145,13.77971,ลาดกระบัง,ลำปลาทิว,ปัญหา: บริเวณซอยข้างวัดทิพย์พาวาส พบมีน้ำท่วมขัง ส่งผลให้ประชาชนได้รับความเดือดร้อนและต้องการอาหาร จึงขอให้หน่วยงานที่เกี่ยวข้องเข้าดำเนินการช่วยเหลือและนำอาหารมาแจกจ่ายให้แก่ประชาชนในพื้นที่ดังกล่าวโดยเร็วที่สุด ซอย: ฉลองกรุง 53 ถนน: ฉลองกรุง เขต: ลาดกระ,https://storage.googleapis.com/traffy_public_bucket/attachment/2022-12/da2125e781282589d482070c3dba1726aa16a4a7.jpg
2026-7U3JXH,finish,2026-09-28 13:14,2026-10-05 15:10,100.62395,13.75088,บางกะปิ,หัวหมาก,แจ้งน้ำท่วม ราม 24 น้ำท่วมไม่ลดเลย ถนนน้ำขังจนน้ำจะเน่าแล้ว น้ำที่ทะลักเข้าบ้านตอนนี้เน่าแล้ว ที่ถนนท่วมถึงหัวเข่า จุดที่ต่ำหน่อยเช่นห้องครัวในบ้าน ถึงเอวแล้ว ความสูงระดับหัวเข่า น้ำท่วมมาแล้วน้อยกว่า 1 สัปดาห์,https://storage.googleapis.com/traffy_public_bucket/attachment/2026-09/72ebc3e502021265bc0f4ce09e8eaa77.jpeg
2026-HGXX6P,finish,2026-09-28 13:14,2026-10-05 13:29,100.64851,13.75437,บางกะปิ,หัวหมาก,ซอยรามคำแหง 60 (ซอยสวนสน) น้ำท่วมสูง 80 ซม. และมีน้ำผุดย้อนท่อเข้าตัวบ้านตั้งแต่คืนวันศุกร์ ตอนนี้น้ำยังไม่ลดเลย เดือดร้อนมาก ขอความกรุณาเร่งระบบสูบน้ำและอุโมงค์ระบายน้ำในพื้นที่บางกะปิด้วยครับ ความสูงระดับมีคนเดิน น้ำถึงประมาณก้น น้ำท่วมมาแล้วตั้งแต่คืนว,https://storage.googleapis.com/traffy_public_bucket/attachment/2026-09/73321b82bc96d69a0978ff2004fbe399.jpeg
2026-KM48NW,follow,2026-09-28 13:14,2026-10-05 18:33,100.68662,13.66946,ประเวศ,ดอกไม้,ซอยทุ่งเศรษฐี แยก8 และอีกหลายๆซอย น้ำท่วมถึงระดับ หัวเข่า และยังไม่มีว่าจะลงมา3วันติดต่อกันแล้ว และปั้มน้ำบริเวณ สะพาน ตรงซอย ทุ่งเศรษฐี แยก 23 ก็ไม่มำงานมาตั้งแต่วันที่ 26แล้วครับ ยังไงทางเขต ช่วยเข้ามาดูหน่อยครับ และจัดหาพื้นที่พักพิง เพิ่มเติม เช่น ม.ร,https://storage.googleapis.com/traffy_public_bucket/attachment/2026-09/e5e13c1d4a117e8a3463cabce2a36b2a.jpeg
2026-ZZKVWW,inprogress,2026-09-28 13:14,2026-09-28 13:46,100.66047,13.73825,สะพานสูง,สะพานสูง,พบน้ำท่วมขัง ภายในบ้านและภายนอกบริเวณบ้าน เป็นวันที่ 4 แล้ว ระดับน้ำขึ้นสูงกว่าเดิมอย่างมาก ตอนนี้ระดับน้ำท่วมในบ้านสูง ประมาณ 45 ซ.ม. ภายนอก เกิน 50 ซ.ม. จากฝนตกหนักต่อเนื่องและน้ำคลองหนุนสูง ไหลเข้าที่ดิน อยากให้ช่วยสูบน้ำจากคลองบ้านม้าอย่างด่วนที่สุด,https://storage.googleapis.com/traffy_public_bucket/attachment/2026-09/9213b62240f378ac021b9ba3b62455c6.jpeg
2026-7KH9M2,inprogress,2026-09-28 13:15,2026-09-29 08:39,100.68083,13.78694,คันนายาว,รามอินทรา,ขอแจ้งเรื่องอุทกภัย น้ำท่วมขังมา 3 วัน เพื่อขอรับเงินเยียวยาผู้ประสบภัย สำนักงานเขตคันนายาว` ความสูงระดับเอวค่ะ น้ำท่วมมาแล้ว4 วันค่ะ,https://storage.googleapis.com/traffy_public_bucket/attachment/2026-09/da627e872f6cd6fa6c1d6d820e366bd7.jpeg
2026-UKY4NU,finish,2026-09-28 13:15,2026-09-28 22:53,100.5258,13.81175,บางซื่อ,บางซื่อ,ขอแจ้งยกเลิกเคส 2026-U4P8MW เนื่องจากสามารถออกจากพื้นที่ได้แล้ว ความสูงระดับหัวเข่า น้ำท่วมมาแล้วน้อยกว่า 1 สัปดาห์,https://storage.googleapis.com/traffy_public_bucket/attachment/2026-09/7a7020cbf1c4cc80eff8c67f2ab0ed76.jpeg
2026-427N29,inprogress,2026-09-28 13:16,2026-09-28 16:28,100.71148,13.90152,คลองสามวา,สามวาตะวันตก,น้ำท่วมหมู่บ้าน kc7 ถนนไทยรามัญ แขวงสามวาตะวันตก เขตคลองสามวา กทม. บางหลังท่วมจนน้ำเข้าบ้าน บางหลังน้ำกำลังจะเข้า น้ำไม่มีทีท่าจะลด ความสูงระดับหน้าแข้ง น้ำท่วมมาแล้วน้อยกว่า 1 สัปดาห์,https://storage.googleapis.com/traffy_public_bucket/attachment/2026-09/411e7df05d1c95ad829ca9934d7f0efd.jpeg
2026-R7P7BT,inprogress,2026-09-28 13:16,2026-09-28 13:35,100.68651,13.6833,ประเวศ,ดอกไม้,เฉลิมพระเกียรติ์30แยก22 น้ำท่วมสูง และท้ายซอยสูงถึงเอว รถผ่านไม่ได้ แมว 12ตัวหมา 2 ตัวขาดแคลนอาหารเม็ดและทรายแมวด่วนมาก ขอความกรุณาช่วยหน่อย ความสูงระดับความสูงร้ำท้ายซอยลึกถึงเอวบางช่วง ปากซอยหัวเข่า น้ำท่วมมาแล้วตั้งวันพฤหัสที่24/9,https://storage.googleapis.com/traffy_public_bucket/attachment/2026-09/6ec1da6bbdafd32d1ab248866172d7a0.jpeg
2026-DGFXGU,inprogress,2026-09-28 13:17,2026-09-28 13:33,100.69189,13.70142,ประเวศ,ดอกไม้,ประสบปัญหาน้ำท่วมขังทางเข้าโครงการหมู่บ้านไทม์โฮม62 ซอยเฉลิมพระเกียรติ ร.9 62 ซึ่งปริมาณน้ำที่ผ่านมาสามวันไม่ลดลงเลยตอนนี้น้ำเริ่มเปลี่ยนสีเป็นสีดำคล้ำแล้วเริ่มส่งกลิ่นน่าจะเกิดจากน้ำไม่มีทางระบายออกลงคลองโดยที่คลองที่ติดกันมีหญ้าคลื่นขวางทางน้ำไม่สามารถร,https://storage.googleapis.com/traffy_public_bucket/attachment/2026-09/0043c723aded074c0e7b8dad1adbf3e3.jpeg
2026-HRMR7X,inprogress,2026-09-28 13:17,2026-09-29 22:57,100.64324,13.78215,บางกะปิ,คลองจั่น,ปัญหา: ภายในซอยดังกล่าว บ้านเลขที่ 444/3 เนื่องจากเกิดเหตุอุทกภัย จึงมีความประสงค์ขอรับความช่วยเหลือด้านแผ่นรองซับและผ้าอ้อม สำหรับผู้ป่วยติดเตียง ซอย: แฮปปี้แลนด์เก่า 1 ถนน: นวมินทร์ จุดสังเกต: ซอยข้างแมนชัน ฝั่งซ้ายมือ เขต: บางกะปิ #1555,https://storage.googleapis.com/traffy_public_bucket/attachment/2022-12/da2125e781282589d482070c3dba1726aa16a4a7.jpg
2026-J3CU3T,forward,2026-09-28 13:17,2026-09-28 21:10,100.63411,13.7871,บางกะปิ,คลองจั่น,น้ำท่วม ในซอยลาดพร้าว 107 ซอย 35 แยกเพชรเรือง ครับ ความสูงระดับหน้าแข้ง น้ำท่วมมาแล้วน้อยกว่า 1 สัปดาห์,https://storage.googleapis.com/traffy_public_bucket/attachment/2026-09/94de90bbe13ba81ff12eb7b6db2f1b7b.jpeg
2026-P6J3H9,inprogress,2026-09-28 13:17,2026-09-29 16:50,100.83836,13.76796,ลาดกระบัง,ทับยาว,ปัญหา: บริเวณชุมชนวัดลำพะอง บ้านเลขที่ 204 เนื่องจากเกิดเหตุอุทกภัย จึงมีความประสงค์ขอรับความช่วยเหลือด้านอาหารและน้ำดื่ม สำหรับผู้พักอาศัย ถนน: สังฆประชา จุดสังเกต: เข้าชุมชนไปประมาณ 400 เมตร ข้ามสะพานไม้ไป บ้านอยู่ซ้ายมือ สีขาว เขต: ลาดกระบัง #1555,https://storage.googleapis.com/traffy_public_bucket/attachment/2022-12/da2125e781282589d482070c3dba1726aa16a4a7.jpg
2026-WLU2GW,inprogress,2026-09-28 13:17,2026-09-28 21:10,100.62394,13.75091,บางกะปิ,หัวหมาก,น้ำไม่ลดเลยค่ะ ความสูงระดับหัวเข่า น้ำท่วมมาแล้วน้อยกว่า 1 สัปดาห์,https://storage.googleapis.com/traffy_public_bucket/attachment/2026-09/feb23984d8bcf007ee94dbd057f1114d.jpeg
2026-6N7AHB,inprogress,2026-09-28 13:18,2026-09-28 22:51,100.63365,13.7664,บางกะปิ,คลองจั่น,ปัญหา: ภายในหมู่บ้านรวมโชค บ้านเลขที่ 503 เนื่องจากเหตุอุทกภัย ต้องการความช่วยเหลือขอรับเครื่องอุปโภคบริโภค ผู้สูงอายุ 1 ท่าน บ้านเลขที่: 503 หมู่บ้าน: รวมโชค ซอย: ลาดพร้าว 130 ถนน: ลาดพร้าว จุดสังเกต: บ้านอยู่เกือบสุดซอยทางขวามือ เขต: บางกะปิ #1555,https://storage.googleapis.com/traffy_public_bucket/attachment/2022-12/da2125e781282589d482070c3dba1726aa16a4a7.jpg
2026-LUDXU6,inprogress,2026-09-28 13:19,2026-09-30 09:50,100.61901,13.93703,ดอนเมือง,สนามบิน,ซ.พหลโยธิน73 น้ำรอการระบายอยู่นะคะ ระดับน้ำสูงทีละนิด ไม่ลดลงเลย สัญจรลำบากมากๆค่ะ และด้านหลังของหมู่บ้านรสา ติดกับพื้นที่รกร้าง ไม่มีใครระบายน้ำเลยค่ะ ฝากประสานดูแลทีนะคะ ขอบคุณคาะ ความสูงระดับรถยนต์เล็กไม่ได้ค่ะ เห็นกระบะสูงได้อยู่ค่ะ น้ำท่วมมาแล้วตั้,https://storage.googleapis.com/traffy_public_bucket/attachment/2026-09/3ae3420335e5d94b90242ca6f7324902.jpeg
2026-RMNFT6,finish,2026-09-28 13:19,2026-10-05 15:13,100.61339,13.75423,บางกะปิ,หัวหมาก,ซอยรามคำแหง 22 น้ำยังไม่ลด รถเล็กยังออกไม่ได้ อยากให้สูบน้ำออกสักหน่อย เพื่อจะได้ย้ายออกไปข้างนอกได้ค่ะ ความสูงระดับหัวเข่า น้ำท่วมมาแล้วตั้งแต่วันเสาร์ที่น้ำเริ่มท่วมปิดซอยค่ะ,https://storage.googleapis.com/traffy_public_bucket/attachment/2026-09/thumb_21c630eddd2d4ef9ad06183f4384f9c7.jpg
2026-Z8H3EZ,forward,2026-09-28 13:20,2026-09-28 13:21,100.64959,13.92515,สายไหม,สายไหม,เนื่องจากถนนหลักบริเวณสายไหม 29 ของหมู่บ้านมีระดับสูงกว่าถนนย่อย ทำให้ถนนย่อยบางซอยยังไม่ท่วม แต่บางซอยมีน้ำท่วมสูง โดยขณะนี้บริเวณถนนย่อยสายไหม 29 ซอย 7 มีน้ำท่วมหนักมาก ภายในซอยมีบ้านพักอาศัยประมาณ 18 หลังคาเรือน และบริเวณท้ายซอยมีน้ำท่วมสูง มีบ้านบางหล,https://storage.googleapis.com/traffy_public_bucket/attachment/2026-09/b8302d53b48f7da0366d9b81d02bc118.jpeg
2026-A47GX9,forward,2026-09-28 13:21,2026-09-30 20:01,100.57891,13.84488,จตุจักร,เสนานิคม,เกษตรฝั่งพหลโยธิน น้ำไม่ลดเลย แต่เกษตรฝั่งเสนานิคมมันลดแล้ว เดินที่ฟุตบาทน้ำท่วมถึงข้อเท้า ความสูงระดับข้อเท้า น้ำท่วมมาแล้วน้อยกว่า 1 สัปดาห์,https://storage.googleapis.com/traffy_public_bucket/attachment/2026-09/5727296c1374d3f74344db2c7654bef0.jpeg
2026-VW89GK,inprogress,2026-09-28 13:21,2026-09-28 13:26,100.61419,13.85248,บางเขน,อนุสาวรีย์,ซอยลาดปลาเค้า 72 แยก 8 บางเขน กทม. น้ำยังท่วมขังขณะที่ซอยอื่นเหตุการณ์เข้าสู่ภาวะปกติแล้วคะ ช่วยมาตรวจสอบด้วยค่ะและเป็นซอยที่ท่วมขัง เป็นประจำซ้ำซาก ฝนตกไม่มากก็น้ำท่วมแล้วค่ะ ความสูงระดับข้อเท้า ตั้งแต่ฝนตกวันที่ 25 ก.ย. 69 ซอยอื่นแห้งหมดแล้วคะ,https://storage.googleapis.com/traffy_public_bucket/attachment/2026-09/f3de8231be201f8105a1d4d378a270fe.jpeg
2026-2GPDJN,inprogress,2026-09-28 13:22,2026-09-28 13:37,100.68363,13.81798,คันนายาว,คันนายาว,เครื่องสูบนำ้หน้าหมู่บ้านแสงอรุณ รามอินทรา 68 พัง ทำให้ยังมีนำ้ท่วมขัง #ขอกระสอบทราย/อื่นๆ,https://storage.googleapis.com/traffy_public_bucket/attachment/2026-09/4be3b3e27d6a34dc9b743d475cd1cd37.jpeg
2026-J9NAU2,finish,2026-09-28 13:22,2026-09-28 13:27,100.64467,13.92323,สายไหม,สายไหม,เป็นคนป่วยที่ดูแลคนแก่อายุ 90 ต้องเดินลุยน้ำไปตลาดเอซีขาเปื่อยหมดแล้วหาซื้อรองเท้าบู๊ทไม่ได้ขอรองเท้าบู๊ทยาวยาวได้หรือไม่และตอนนี้ต้องการย้ายรถออกจากบ้านไปอีกหมู่บ้านหนึ่งที่เนโฮมแขวงสังสามว่าตะวันตกตอนนี้อยู่ซอยสายไหม 15 แยกย่อยที่สี่ ฝนตกตลอดและอยากถามว,https://storage.googleapis.com/traffy_public_bucket/attachment/2026-09/3959a09d814c7ad52f02748cca588dca.jpeg
2026-PZE8TL,inprogress,2026-09-28 13:22,2026-09-28 13:46,100.69785,13.76111,สะพานสูง,สะพานสูง,รถห้องน้ำเคลื่อนที่ #ขอกระสอบทราย/อื่นๆ,https://storage.googleapis.com/traffy_public_bucket/attachment/2026-09/83a0f07a0d238f3ec3fb879b52a7d6ce.jpeg
2026-D3AZVA,forward,2026-09-28 13:23,2026-09-28 13:25,100.62068,13.88629,สายไหม,คลองถนน,น้ำท่วมเดินทางออกไปหาอาหารยากมาก น้ำไม่ลดสักที ความสูงระดับ50cm น้ำท่วมมาแล้ววันศุกร์,https://storage.googleapis.com/traffy_public_bucket/attachment/2026-09/06bc17abcac4f947f18d6977d80279cf.jpeg
2026-DVFZZW,forward,2026-09-28 13:23,2026-09-28 13:26,100.67548,13.90371,สายไหม,ออเงิน,ได้เคหะอ่อเงิน น้ำไม่ลงเลย สูงระดับ หัวเข่า หยุดงาน4วัน ตัวผมต้องหากินรายวัน ไม่อยากหยุดอีกจะไม่มีเงินจ่ายค่าห้องเขา ด้านหลังมีคลอง เอาเครื่องสูบ ตัวใหญ่ๆมาวางหน่อยครับ ความสูงระดับหัวเข่าเป็นบางช่วง เอวด้านหลัง ยังไม่มีหน่วยงานเข้ามาเลยครับ น้ำท่วมมาแล้ว,https://storage.googleapis.com/traffy_public_bucket/attachment/2026-09/068f0b84ac34f535a5eae549506f8aca.jpeg
2026-6PLY7F,inprogress,2026-09-28 13:24,2026-09-28 14:44,100.70514,13.78728,สะพานสูง,สะพานสูง,มีประชาชนติดน้ำท่วม ประมาณ60คน P.S.A.PLACE ซอยมิสทีน ด้านหลังโรงแรมธาราเพลส ต้องการอาหาร 60 cm ครับแล้วมีประชาชนติดอยู่ประมาณ 60 คน สองวันกว่า ๆ,https://storage.googleapis.com/traffy_public_bucket/attachment/2026-09/7ea39b6ecc0156e9ca2ce25c50fd1a05.jpeg
2026-79L8AT,inprogress,2026-09-28 13:24,2026-09-28 14:43,100.67836,13.75767,สะพานสูง,สะพานสูง,อยากให้เร่งระบายน้ำออกโดยเร็วที่สุด ยิ่งท้ายหมู่บ้านสัมมากร รามคำแหง น้ำท่วมสูง ออกไปหน้าหมู่บ้านลำบาก อาหารเริ่มจะหมด ผู้สูงอายุและเด็กอาศัยอยู่เยอะ ความสูงระดับเอว 3วัน,https://storage.googleapis.com/traffy_public_bucket/attachment/2026-09/b18652ad21f7af762e77c97dd235b075.jpeg
2026-7D8NFR,finish,2026-09-28 13:24,2026-09-29 13:19,100.33532,13.76666,ทวีวัฒนา,ทวีวัฒนา,จะตามเรื่องให้เขตทวีวัฒนามาสูบน้ำออกจากซอยอ่ะค่ะณวันนี้ก็ยังไม่เห็นมีเจ้าหน้าที่หรือหน่วยงานมาสูบน้ำออกจากซอยเลยน้ำยังเต็มซอยอยู่เลยค่ะซอยในหมู่บ้านร่วมเกื้อซอย 25 แยก 13-3 ความสูงระดับหน้าแข้ง น้ำท่วมมาแล้วรถเก๋งเล็กเขาก็ไม่ขับเท่ากันเรียกแก๊ปให้มารับจะไ,https://storage.googleapis.com/traffy_public_bucket/attachment/2026-09/thumb_e03d056ac8458d837d372d64c8a9698a.jpg
2026-CK49B2,finish,2026-09-28 13:24,2026-10-01 15:48,100.64866,13.77467,บางกะปิ,คลองจั่น,ปัญหา: ภายในแฟลตคลองจั่น อาคารที่ 16 ห้องเลขที่ 16/79 เนื่องจากเหตุอุทกภัย ระดับน้ำท่วมสูง ไม่สามารถเดินทางออกไปซื้ออาหารได้ ต้องการความช่วยเหลือขอรับเครื่องอุปโภคบริโภค ได้แก่ อาหารและน้ำดื่ม บ้านเลขที่: 16/79 ถนน: เสรีไทย เขต: บางกะปิ #1555,https://storage.googleapis.com/traffy_public_bucket/attachment/2022-12/da2125e781282589d482070c3dba1726aa16a4a7.jpg
2026-MBYJ9G,inprogress,2026-09-28 13:24,2026-09-28 14:48,100.72294,13.78471,มีนบุรี,มีนบุรี,รามคำแหง 174 ชุมชนบัวขาว น้ำท่วมเข้าภายในอาคารชั้น 1 ตั้งแต่วันที่ 25 วันนี้น้ำยังไม่ลดระดับลงเลย น้ำเริ่มส่งกลิ่นเน่าเหม็นแล้วค่ะ ความสูงระดับ40 cm ค่ะ น้ำท่วมมาแล้วน้ำเข้ามาตั้งแต่วันที่ 25 ค่ะ,https://storage.googleapis.com/traffy_public_bucket/attachment/2026-09/de738241d72e6867ae8fa08ef1109edf.jpeg
2026-YUK239,inprogress,2026-09-28 13:24,2026-09-28 15:08,100.65585,13.78745,บึงกุ่ม,คลองกุ่ม,เข้ามารับออกไป #ขอกระสอบทราย/อื่นๆ,https://storage.googleapis.com/traffy_public_bucket/attachment/2026-09/cd3dbef4e26587b7effd4cd7da8d3d48.jpeg
2026-Y47UHZ,inprogress,2026-09-28 13:25,2026-09-28 14:59,100.8191,13.79329,หนองจอก,ลำผักชี,หมู่บ้านคริสตัล น้ำท่วมทางเข้า-ออก ไม่สามารถออกจากบ้านได้ ความสูงระดับหัวเข่า 3 วัน,https://storage.googleapis.com/traffy_public_bucket/attachment/2026-09/dc0dd96a64a1152fc178111858f23592.jpeg
2026-7PAJ6Z,inprogress,2026-09-28 13:26,2026-09-28 13:31,100.68304,13.70791,ประเวศ,ประเวศ,น้ำท่วมขังถนนหน้าบ้าน เกิน 1 สัปดาห์ ปัจจุบันลึก หัวเข่า-สะโพก ความสูงระดับหัวเข่า-สะโพก น้ำท่วมมาแล้วมากกว่า 1 สัปดาห์,https://storage.googleapis.com/traffy_public_bucket/attachment/2026-09/7674f0a268c7fc686799f2c9d9b812a8.jpeg
2026-B2AFYA,forward,2026-09-28 13:26,2026-09-28 13:26,100.64629,13.91609,สายไหม,สายไหม,น้ำท่วม ความสูงระดับหน้าแข้ง น้ำท่วมมาแล้วน้อยกว่า 1 สัปดาห์,https://storage.googleapis.com/traffy_public_bucket/attachment/2026-09/a44a1eb2a1d3bc90fa410412aa9c1005.jpeg
2026-KPV66L,finish,2026-09-28 13:26,2026-10-05 15:12,100.64932,13.76109,บางกะปิ,หัวหมาก,น้ำยังไม่ลดเลยค่ะ ไม่มีเจ้าหน้าที่ เข้ามาดูแลเลย ความสูงระดับเอว น้ำท่วมมาแล้วมากกว่า 1 สัปดาห์,https://storage.googleapis.com/traffy_public_bucket/attachment/2026-09/5dae7700b6edb6097ffdf69861e245fe.jpeg
2026-NZCK3Z,inprogress,2026-09-28 13:26,2026-09-28 13:57,100.6338,13.74073,สวนหลวง,สวนหลวง,ปัญหา: ตลอดทั้งซอยดังกล่าว บริเวณบ้านเลขที่ 30 พบน้ำท่วมขัง ระดับน้ำสูงประมาณ 60 เซนติเมตร เนื่องจากฝนตกหนัก และน้ำได้ไหลเข้าบ้านเรือนประชาชน สร้างความเดือดร้อนให้กับผู้พักอาศัยบริเวณดังกล่าว ขอให้เร่งดำเนินการสูบน้ำ บ้านเลขที่: 30 ซอย: พระราม 9 ซอย 62 (ถ,https://storage.googleapis.com/traffy_public_bucket/attachment/2022-12/da2125e781282589d482070c3dba1726aa16a4a7.jpg
2026-URG78G,inprogress,2026-09-28 13:26,2026-09-28 13:32,100.66628,13.7225,ประเวศ,ประเวศ,พัฒนาการ69แยก2-3-4นำ้ท่วมถึงเอวช่วยเข้าไปดูหน่อยคะ ความสูงระดับเอว น้ำท่วมมาแล้วน้อยกว่า 1 สัปดาห์,https://storage.googleapis.com/traffy_public_bucket/attachment/2026-09/thumb_e1953f530fcba02933af040ff324f9cd.jpg
2026-WJX3MB,inprogress,2026-09-28 13:26,2026-09-28 13:48,100.70031,13.76754,สะพานสูง,สะพานสูง,ราษฎร์พัฒนา25น้ำไม่ลดเลยค่ะ ความสูงระดับหัวเข่า 3วันค่ะ,https://storage.googleapis.com/traffy_public_bucket/attachment/2026-09/ef7fd194e03e8a9be4e3d3920a9807cb.jpeg
2026-4WY9Z2,inprogress,2026-09-28 13:27,2026-09-30 09:47,100.58135,13.92464,ดอนเมือง,ดอนเมือง,มีน้ำท่วมขัง แม้ไม่ใช่กรณีวิกฤตในขณะนี้ซอยนี้ก็ท่วมเป็นประจำ จุดแรกท่วมตั้งแต่เลี้ยวเข้าซอยมา20เมตร จะเจอร้านขายผักขวามือ จุดสองหน้าหมู่บ้านเดอะสกาย 2ตำแหน่งนี้ เวลาฝนตกแม้จะไม่แรง และไม่นานแต่ท่วมขังตลอด เป็นปัญหามาหลายสิบปีแล้ว อยากให้หน่วยงานเข้ามา,https://storage.googleapis.com/traffy_public_bucket/attachment/2026-09/341ee3c7c63ba81acf1d5b2e6948f9b9.jpeg
2026-FNAEAE,forward,2026-09-28 13:27,2026-09-28 20:28,100.58485,13.85599,จตุจักร,ลาดยาว,น้ำขังรอระบายมาหลายวันแล้วครับ ความสูงระดับหน้าแข้ง น้ำท่วมมาแล้วน้อยกว่า 1 สัปดาห์,https://storage.googleapis.com/traffy_public_bucket/attachment/2026-09/88a97ecb35376805ddbdd4de9bd3eb77.jpeg
2026-Z3EJMU,finish,2026-09-28 13:27,2026-10-04 21:13,100.66734,13.71093,ประเวศ,ประเวศ,ภายในห้องทรัพสินเสียหาย เป็นทรัพย์สินที่ไม่สามารถเคลื่อนย้ายได้ #ขอกระสอบทราย/อื่นๆ,https://storage.googleapis.com/traffy_public_bucket/attachment/2026-09/a4468ba46c385db9502f22a7519a5be8.jpeg
2026-X4ZLMA,start,2026-09-28 13:28,2026-09-28 13:28,100.72745,13.77222,ลาดกระบัง,คลองสองต้นนุ่น,"บ้านเลขที่ 253/133 หมู่บ้านพูนสิน3 น้ำท่วมบ้านและรถยนต์ จำนวน3คัน รายละเอียดดังนี้ 1.ระดับน้ำถนนหน้าบ้านสูง 60-70cm 2.ระดับน้ำเข้าท่วมพื้นที่หน้าบ้านสูง 20-30cm 3.ระดับน้ำเข้าท่วมพื้นที่ในบ้านสูง 5-10cm 4.ตู้เสื้อผ้า,เตียงนอน,ปั้มน้ำauto,เคาน์เตอร์ในครัว ",https://storage.googleapis.com/traffy_public_bucket/attachment/2026-09/fbc5220eb5846d45e56d4634e40294f4.jpeg
2026-8WTP9H,finish,2026-09-28 13:29,2026-10-03 22:00,100.59279,13.78107,วังทองหลาง,วังทองหลาง,ขอความช่วยเหลือขอรองเท้าบูท 3คู่ได้มัยค่ะ ปริงเยอะมาก. จะเดิรออกจากบ้านเพื่อจะออกไปดำรงชัวิตต่อได้ค่ะ ความสูงระดับหัวเข่า น้ำท่วมมาแล้วน้อยกว่า 1 สัปดาห์,https://storage.googleapis.com/traffy_public_bucket/attachment/2026-09/f6cd7e8e230b5d9dbd6840c718d94ead.jpeg
2026-F7G39D,inprogress,2026-09-28 13:29,2026-09-28 14:59,100.89415,13.79829,หนองจอก,ลำต้อยติ่ง,เนื่องจากมีฝนตกตอนช่วงเวลา 02.30 น. ทำให้เกิดน้ำท่วมฉับพลัน น้ำได้เข้ามาในตัวบ้านอย่างรวดเร็ว ความสูงระดับตอนนี้รอบนอกต้นขา ด้านในบ้านหน้าแข้งคะ น้ำท่วมมาแล้วเมื่อเช้าคะตอนตี 3,https://storage.googleapis.com/traffy_public_bucket/attachment/2026-09/446a08e34281b08a6bcbb08349e9b402.jpeg
2026-WGR6WY,finish,2026-09-28 13:29,2026-09-29 14:09,100.48682,13.63375,ทุ่งครุ,ทุ่งครุ,น้ำท่วมขัง ความสูงระดับหน้าแข้ง น้ำท่วมมาแล้วน้อยกว่า 1 สัปดาห์,https://storage.googleapis.com/traffy_public_bucket/attachment/2026-09/ef07e437a5ebae240fca9661379ec7e4.jpeg
2026-CRAZFP,inprogress,2026-09-28 13:30,2026-09-28 16:14,100.64148,13.77399,บางกะปิ,คลองจั่น,ปัญหา: ภายในคอนโดลุมพินี แฮปปี้แลนด์ อาคาร C4 พบมีผู้ติดอยู่ภายในอาคาร จำนวน 2 คน มีความประสงค์ขอรับถุงยังชีพ ถนน: แฮปปี้แลนด์สาย 1 เขต: บางกะปิ #1555,https://storage.googleapis.com/traffy_public_bucket/attachment/2022-12/da2125e781282589d482070c3dba1726aa16a4a7.jpg
2026-G9JMML,inprogress,2026-09-28 13:30,2026-09-28 16:36,100.64535,13.77972,บางกะปิ,คลองจั่น,*ชื่อ คุณชุติมน *จำนวนคนที่ต้องการความช่วยเหลือ 3 คน อายุ80(2คน) อายุ30(1คน) *เบอร์โทร 0917810333 *ที่อยู่ 649 หมู่บ้านเคหะฯ ซอย22 คลองจั่น บางกะปิ กทม. 10240 (ซอยแรกซ้ายมือ เข้าซอยมาบ้านอยู่ขวามือ(คนขับ) บ้านอยู่กลางๆซอย รั้วสีเขียว) *ต้องการความช่วยเหลื,https://storage.googleapis.com/traffy_public_bucket/attachment/2026-09/72315aa7e7371b685cd8ba0a1f0b604d.jpeg
2026-NUWL3R,inprogress,2026-09-28 13:30,2026-09-30 09:47,100.6201,13.94734,ดอนเมือง,สนามบิน,น้ำท่วมสูง ทั้งที่เมื่อวานนี้ลดลง จากปันหาของหมู่บ้านข้างเคียง สูบน้ำออกมาผันเข้ามาที่ หมู่บ้ายพิพรพงษ์ 2 ตอนนี้ ที่ซอย 3-4 หนักมาก น้ำสูงเข้าบ้าน ทั้งที่เมื่อวานนี้หลังฝนตกน้ำลดลงประมาน 6 นิ้วแล้ว แต่พอเช้าตื่นมา น้ำในบ้านสูง 30 เซนเกือบ 40 เซน จากสาเหตุ,https://storage.googleapis.com/traffy_public_bucket/attachment/2026-09/6fece58d5e14edee35a61fd8ad8b8265.jpg
2026-Y2FCEU,start,2026-09-28 13:30,2026-09-28 13:30,100.74978,13.77491,ลาดกระบัง,คลองสามประเวศ,ตอนนี้น้ำท่วมสูงเกินฟุตบาทแล้วคะรถเล็กวิ่งไม่ได้เพราะระดับน้ำคลองสามอยู่ที่1.12 เกินระดับวิกฤตแล้วคะอยากทราบว่าน้ำจะลดระดับสู่ระดับปกติเมื่อไหร่คะ ความสูงระดับประมาณหัวเข่าคะ น้ำท่วมมาแล้ว2วันแล้วคะ,https://storage.googleapis.com/traffy_public_bucket/attachment/2026-09/77a58c52e57fa9b0540e12307d962a15.jpeg
2026-YW3PJE,inprogress,2026-09-28 13:30,2026-09-28 13:49,100.69118,13.7783,สะพานสูง,สะพานสูง,น้ำท่วม ในหมูบ้าน สูง ประมาณ 60cm. มีน้ำไหลจากด้านนอก จากถนน รามคำแหงเข้าในหมู่บ้าน โฮมเพลสช่วยสูบ น้ำออกให้ด้วย ขอบตคุณ ความสูงระดับ60 cm.คับ น้ำท่วมมาแล้ววันศุกร์ เสาร์ อาทิตย,https://storage.googleapis.com/traffy_public_bucket/attachment/2026-09/615b82628fd49b928b2b7de46fae4488.jpeg
2026-FXMAJM,inprogress,2026-09-28 13:31,2026-09-28 13:45,100.69522,13.66894,ประเวศ,ดอกไม้,ปัญหา: บริเวณบ้านเลขที่ 9 พบมีน้ำท่วมขัง เนื่องจากฝนตกหนักจึงต้องการขอรับกระสอบทรายกั้นน้ำเพื่อแก้ไขปัญหาดังกล่าว ซอย: ทุ่งเศรษฐี แยก 41 ถนน: กาญจนาภิเษก เขต: ประเวศ #1555,https://storage.googleapis.com/traffy_public_bucket/attachment/2022-12/da2125e781282589d482070c3dba1726aa16a4a7.jpg
2026-P4C82R,forward,2026-09-28 13:31,2026-09-28 13:32,100.62754,13.93287,สายไหม,สายไหม,น้ำขังภายในซอยพหลโยธิน 54/4 แยก 1-6 (กู้เกียรติ 3) ความสูงระดับหัวเข่า น้ำท่วมมาแล้วน้อยกว่า 1 สัปดาห์,https://storage.googleapis.com/traffy_public_bucket/attachment/2026-09/b9738f4e42c9620645cee20969ad60fa.jpeg
2026-BU8W3K,inprogress,2026-09-28 13:32,2026-09-28 13:48,100.65385,13.72649,ประเวศ,ประเวศ,น้ำขังมาสามวันแล้วค่ะช่วยสูบน้ำออกไปด้วยค่ะ ความสูงระดับหน้าขา น้ำท่วมมาแล้ว3 วันเต็มๆ,https://storage.googleapis.com/traffy_public_bucket/attachment/2026-09/19a136c954ff7989cd9e48cbb276a639.jpeg
2026-F698NR,finish,2026-09-28 13:32,2026-09-30 18:48,100.5589,13.86074,หลักสี่,ทุ่งสองห้อง,📍 บ้านเลขที่ 34/20 ซอยชินเขต 1/55 (ซอยงามวงศ์วาน 47 แยก 10-7) เขตหลักสี่ กรุงเทพฯ น้ำเข้าท่วมบ้านตั้งแต่ช่วงเช้ามืด วันเสาร์ที่ 26 ก.ย. 2569 ระดับน้ำภายในบ้านเคยสูงประมาณ ระดับเอว จนถึงขณะนี้วันที่ 28 ก.ย. น้ำลดลงเพียงเล็กน้อยประมาณ 10 ซม. และยังคงท่วมภ,https://storage.googleapis.com/traffy_public_bucket/attachment/2026-09/3de4dbbcde6e1954e732c90837857667.jpeg
2026-JFNXJJ,forward,2026-09-28 13:32,2026-09-28 13:33,100.63772,13.89317,สายไหม,คลองถนน,ปัจจุบันมีปัญหาน้ำท่วมขังบริเวณถนนเส้นวัชรพลตลอดเส้น แต่น้ำท่วมขังหนักบริเวณหน้าหมู่บ้าน วิสต้า ซึ่งหลังหมู่บ้านติดกับคลอง และหมู่บ้านคาซ่า วิลล์ วัชรพล ซึ่งภายในหมู่บ้านมีคลองผ่านบริเวณคลองในหมู่บ้านคาซ่าวิลล์ วัชรพลพบว่า มีผักตบชวาอยู่หนาแน่นมาก ทำให้น้,https://storage.googleapis.com/traffy_public_bucket/attachment/2026-09/ace92c6c4f7a4fef1546f14895a4b5e9.jpeg
2026-T2DN7T,forward,2026-09-28 13:32,2026-09-28 14:06,100.65087,13.78456,บึงกุ่ม,คลองกุ่ม,ซอยนวมินทร์ 24 น้ำท่วมขังตั้งแต่วันที่ 26 ไม่มีท่าทีที่น้ำจะลดลงเลยค่ะและแหล่งอาหารก็แทบจะไม่เหลือแล้ว ความสูงระดับเอว น้ำท่วมมาแล้วน้อยกว่า 1 สัปดาห์,https://storage.googleapis.com/traffy_public_bucket/attachment/2026-09/5ed80b92e5c58ec6994a4d1bd94cae78.jpeg
2026-T4VP82,finish,2026-09-28 13:32,2026-09-28 21:19,100.58124,13.80923,จตุจักร,จันทรเกษม,กำแพงกั้นน้ำพัง ต้องการกระสอบทรายตามจำนวนที่เขตจะช่วยเหลือค่ะ ความสูงระดับหัวเข่า น้ำท่วมมาแล้วน้อยกว่า 1 ชั่วโมง,https://storage.googleapis.com/traffy_public_bucket/attachment/2026-09/3cc72524f7e206fc742e20c3a8185a82.jpeg
2026-TL2AMV,inprogress,2026-09-28 13:32,2026-09-28 13:47,100.6915,13.69743,ประเวศ,ดอกไม้,หมู่บ้านบาเมศเส้นเฉลิมพระเกียรติ ร.9 ซอย 60 62 น้ำไม่ลดเลยค่ะน้ำขึ้นตั้งแต่วันเสาร์ ช่วย ช่วยดูระบบระบายน้ำของเส้นเฉลิมพระเกียรติ ร.9 ด้วยนะคะ ความสูงระดับหัวเข่า น้ำท่วมมาแล้วน้อยกว่า 1 สัปดาห์,https://storage.googleapis.com/traffy_public_bucket/attachment/2026-09/64197c78d5874f3addaac0632620372f.jpeg
2026-D8TLKK,inprogress,2026-09-28 13:33,2026-09-28 14:47,100.72529,13.7812,มีนบุรี,มีนบุรี,น้ำท่วมขังมาคั้งแต่วันที่ 25 กย. จนถึงวันนี้ 28 กย. น้ำเริ่มมีสีดำเริ่มมีกลิ่น พอจะมีหน่วยงานไหนช่วยได้บ้าง ออกไปซื้อน้ำซื้ออาหารลำบากต้องลุยน้ำออกไป ความสูงระดับหัวเข่า น้ำท่วมมาแล้วตั้งแต่วันที่ 25 กย 4 วันแล้วค่ะ,https://storage.googleapis.com/traffy_public_bucket/attachment/2026-09/6326e5de832b0ae28a7728ddcb020caa.jpeg
2026-JHFX26,inprogress,2026-09-28 13:33,2026-09-28 13:47,100.6386,13.70083,ประเวศ,หนองบอน,ขออนุญาตสอบถามการจัดการขยะหลังจากน้ำท่วมครับ พวกขยะ ของใช้ภายในบ้านที่เสียหาย ทาง กทม จะมีการช่วยเหลือไหมครับ ต้องปฏิบัติอย่างไร #ขอกระสอบทราย/อื่นๆ,https://storage.googleapis.com/traffy_public_bucket/attachment/2026-09/e9032f8d8bc0afada478d11dcec27bc3.jpeg
2026-9GT89L,forward,2026-09-28 13:34,2026-09-28 14:22,100.6339,13.73927,สวนหลวง,สวนหลวง,น้ำท่วมบ้านสูง 50 เซนติเมตร เริ่มท่วมเมื่อวันเสาร์ที่ 26/09/69 เวลา 02.00 น. 27/09/69 ระดับน้ำสูง 50ซม. วันจันทร์ที่ 28/09/69 น้ำท่วมสูง 55ซม. ขอให้ กทม. ช่วยสูบน้ำไปลงอุโมงค์ยักษ์ด่วนที่สุดด้วยนะครับ 30 ถนนพระรามเก้า ซอย 62 (ถนนเสรี 8 ซอย 9) แขวงพัฒน,https://storage.googleapis.com/traffy_public_bucket/attachment/2026-09/19a0b861a73a3f656bc4f63524e9c231.jpeg
2026-K6E7U8,inprogress,2026-09-28 13:34,2026-09-28 14:59,100.85777,13.92697,หนองจอก,คลองสิบสอง,หมู่2 คลองสิบสอง แขวงคลองสิบสอง เขตหนองจอก กทม ยังไม่มีหน่วยงานมาดูเลยค่ะ คลองใหญ่มันล้นออกมา อยากได้แม็คโครมาทำที่กั้นน้ำให้หน่อยค่ะ ความสูงระดับข้อเท้า น้ำท่วมมาแล้วน้อยกว่า 1 วัน,https://storage.googleapis.com/traffy_public_bucket/attachment/2026-09/850bf5e5d41d43ab7c0bb65c60aff8a1.jpeg
2026-MVKZB8,inprogress,2026-09-28 13:34,2026-09-28 14:45,100.70574,13.78482,สะพานสูง,สะพานสูง,ปัญหา: ภายในหมู่บ้านเคหะธานี 4 จำนวนหลายครัวเรือน เนื่องจากเหตุอุทกภัย ต้องการความช่วยเหลือขอรับ 1. เครื่องอุปโภคบริโภค 2. กระสอบทราย หมู่บ้าน: เคหะธานี 4 ถนน: ราษฎร์พัฒนา เขต: สะพานสูง #1555,https://storage.googleapis.com/traffy_public_bucket/attachment/2022-12/da2125e781282589d482070c3dba1726aa16a4a7.jpg
2026-6ED9JX,inprogress,2026-09-28 13:35,2026-09-28 13:49,100.69212,13.77858,สะพานสูง,สะพานสูง,ขอความช่วยเหลือด่วน! มีน้ำล้นสระน้ำท่วมขังพื้นที่บ้านเรือน ต้องการเครื่องสูบน้ำและกระสอบทราย พิกัด หมู่บ้านโฮมเพลส ซอยรามคำแหง 140 เขตสะพานสูง ด่วน ความสูงระดับหัวเข่า น้ำท่วมมาแล้วน้อยกว่า 1 สัปดาห์,https://storage.googleapis.com/traffy_public_bucket/attachment/2026-09/0a622afa49c52c74cdbed4c2c3ad263b.jpeg
2026-DAMZ4W,inprogress,2026-09-28 13:35,2026-09-28 13:44,100.68384,13.6829,ประเวศ,ดอกไม้,น้ำท่วมขังสัญจรเข้าออกไม่ได้เป็นเวลา4วันแล้ว พิกัด ถนนเฉลิมพระเกียรติ30 ถึงหมู่บ้านสวนหลวงวิลล์ ความสูงระดับเอว น้ำท่วมมาแล้วน้อยกว่า 1 สัปดาห์,https://storage.googleapis.com/traffy_public_bucket/attachment/2026-09/16af529520b6dbc1fa44851c35a1343b.jpeg
2026-UT2VWV,inprogress,2026-09-28 13:35,2026-09-30 14:50,100.62004,13.94733,ดอนเมือง,สนามบิน,น้ำท่วมสูง ทั้งที่เมื่อวานนี้ลดลง จากปันหาของหมู่บ้านข้างเคียง สูบน้ำออกมาผันเข้ามาที่ หมู่บ้ายพิพรพงษ์ 2 ตอนนี้ ที่ซอย 3-4 หนักมาก น้ำสูงเข้าบ้าน ทั้งที่เมื่อวานนี้หลังฝนตกน้ำลดลงประมาน 6 นิ้วแล้ว แต่พอเช้าตื่นมา น้ำในบ้านสูง 30 เซนเกือบ 40 เซน ส่วนที่ถ,https://storage.googleapis.com/traffy_public_bucket/attachment/2026-09/eace7326526229fdbbf0dd19f9223b76.jpeg
2026-MMXFAK,finish,2026-09-28 13:36,2026-10-05 15:12,100.65188,13.75634,บางกะปิ,หัวหมาก,น้ำท่วมไม่ลดเลยค่ะ และไม่มีหน่วยงานใดเข้าช่วยเหลือ วันที่ 5 แล้ว ความสูงระดับเอว น้ำท่วมมาแล้วน้อยกว่า 1 สัปดาห์,https://storage.googleapis.com/traffy_public_bucket/attachment/2026-09/6b93eb17a4b164090af3c13bc82e1430.jpeg
2026-97LZRJ,forward,2026-09-28 13:37,2026-09-30 14:01,100.62484,13.93659,ดอนเมือง,สนามบิน,น้ำท่วมสูงขึ้นตลอดเลยไม่ลดเลย ◌้หมือรเป็นที่รับน้ำจากพื้นที่อื่น ช่วยทำให้คนที่อยู่ที่นี่ได้รับการดูแลเท้าเทียมด้วย ความสูงระดับสูงขึ้นมาตลอด จาก หน้าแข่ง จะเข้าแล้ว น้ำท่วมมาแล้วเพิ่มสูงขึ้นตั้งแต่เมื่อวานเย็น,https://storage.googleapis.com/traffy_public_bucket/attachment/2026-09/00d38824547ac7074026370bad5e56e0.jpeg
2026-B77J2L,inprogress,2026-09-28 13:38,2026-09-28 14:48,100.72301,13.78414,มีนบุรี,มีนบุรี,หมู่บ้านบัวขาว (รามคำแหง174) มีน้ำท่วมขังค่อนข้างสูง รถเล็กขับผ่านไม่ได้ ตั้งแต่วันที่25 กันยายน 2569 จนตอนนี้ยังมีน้ำท่วมขังอยู่และมีระดับน้ำสูงขึ้นเรื่อยๆ รถกระบะเริ่มขับผ่านลำบาก และน้ำมีสีน้ำตาล-ดำ มีขยะลอยสะสม อาจส่งผลให้มีเชื้อโรคในน้ำ ประชาชนตามบ้า,https://storage.googleapis.com/traffy_public_bucket/attachment/2026-09/c15966e39a0b6953795df585d91cb6bf.jpeg
2026-LFRKVR,forward,2026-09-28 13:38,2026-09-28 13:40,100.64875,13.88905,สายไหม,คลองถนน,ระดับน้ำที่ถนนภายในโครงการหมู่บ้านจิรทิพย์ สูงประมาณ 70ซม. น้ำเริ่มท่วมวันที่ 26กย. ประชาชนไม่สามารถสัญจรได้เป็นปกติ อยากให้กรุงเทพมหานคร ช่วยดำเนินการเรื่องการสูบน้ำออกจากโครงการ ความสูงระดับเอว น้ำท่วมมาแล้วน้อยกว่า 1 สัปดาห์,https://storage.googleapis.com/traffy_public_bucket/attachment/2026-09/thumb_3fb6f367cf7838d1cb924c2242cb1501.jpg
2026-3U7ALL,finish,2026-09-28 13:40,2026-09-28 13:53,100.69085,13.79611,คันนายาว,คันนายาว,เนื่องจากน้ำในซอยสวนสยาม30เป็นต้นไปบางบ้านส้วมใช้งานไม่ได้และอีกหลายๆหลัง อยากใช้ช่วยนำรถสุขาเคลื่อนที่มาจอดบริเวณนี้เพื่อให้ประชาชนได้ใช้บริการในตอนนี้ครับเนื่องจากมวลน้ำสูงลดช้า ความสูงระดับหัวเข่า น้ำท่วมมาแล้วน้อยกว่า 1 สัปดาห์,https://storage.googleapis.com/traffy_public_bucket/attachment/2026-09/9fdcf2353032ee10a824c04c55f536b1.jpeg
2026-82LT3M,finish,2026-09-28 13:40,2026-09-30 14:17,100.60269,13.73576,วัฒนา,คลองตันเหนือ,มีปัญหาน้ำท่วมที่หมู่บ้านคลองตันนิเวศน์ยังไม่สามารถเอารถเข้าไปได้ ทราบถึงความเสียหาย ความสูงระดับหัวเข่า น้ำท่วมมาแล้วน้อยกว่า 1 สัปดาห์,https://storage.googleapis.com/traffy_public_bucket/attachment/2026-09/f2227b0dea30b05c00bc4c34e50ce8a0.jpeg
2026-9WANVF,inprogress,2026-09-28 13:40,2026-09-28 20:31,100.65385,13.7657,บางกะปิ,หัวหมาก,ปัญหา: ภายในซอยดังกล่าว ชุมชนวัดศรีบุญเรือง เนื่องจากเกิดเหตุอุทกภัย จึงมีความประสงค์ขอรับความช่วยเหลือด้านอาหารและน้ำดื่ม สำหรับผู้พักอาศัยในซอย ซอย: รามคำแหง 107 ถนน: รามคำแหง เขต: บางกะปิ #1555,https://storage.googleapis.com/traffy_public_bucket/attachment/2022-12/da2125e781282589d482070c3dba1726aa16a4a7.jpg
2026-NDR9ME,forward,2026-09-28 13:40,2026-09-28 21:39,100.64929,13.74176,บางกะปิ,หัวหมาก,ช่วงบ้านเลขที่ 31 กรุงเทพกรีฑา8 แยก 16 ด้านในซอยแยกซ้ายมือตรงบ้านพรหมพิมาณ น้ำขังไม่มีการลดของปริมาณน้ำ บ้านติดกับคลองหัวหมากค่ะ ความสูงระดับหัวเข่า น้ำท่วมมาแล้วน้อยกว่า 1 สัปดาห์,https://storage.googleapis.com/traffy_public_bucket/attachment/2026-09/d52dc98e62fd87ae28d6e9ea15d3eac6.jpeg
2026-PNK4ZT,forward,2026-09-28 13:40,2026-09-28 13:43,100.69664,13.7272,ประเวศ,ประเวศ,วันที่ 28/9/2569 เวลา 14.00 ขอทราบความคืบหน้า น้ำท่วมขัง และสูงปริเวณ 60- 70 เซ็นติเมตร ถึงหัวเช่า ฝนตกต่อเนื่อง ถนนเฉลืมพระเกียรติ ร.9 แยกประเวศ มาทาง สถานนี้รถไฟฟ้าบ้านทับช้าง ปริมาณน้ำไม่ลดลง ผ่านมาแล้ว 96 ชั่วโมง # 4 วัน ความสูงระดับหัวเข่า น้ำท่วมมาแ,https://storage.googleapis.com/traffy_public_bucket/attachment/2026-09/ec8c3f63691c2af4ab1cd8f2b552a6d5.jpeg
2026-TGB7AR,inprogress,2026-09-28 13:40,2026-09-29 19:37,100.6557,13.80207,บึงกุ่ม,คลองกุ่ม,ซอยนวมินทร์ 50 ค่ะ ด้านหลังเป็นคลอง ที่ไปต่อกับคลองบางเตย ไม่ทราบว่า พอจะระบายลงได้อีกซักหน่อยไม๊ เพราะว่าถนนในซอยน้ำท่วมขังมาสามวันเริ่มมีกลิ่นเหม็นจากการหมักหมม น้ำยังขังน่าจะซัก30-40ซมและเนื่องจากอยู่ท้ายซอยมีขยะลอยมากับน้ำเยอะ อยากขอให้จนท.มาช่วยจัดกา,https://storage.googleapis.com/traffy_public_bucket/attachment/2026-09/c65646322a3fcce21e2deb6d5e24e6a2.jpeg
2026-7JGYH6,inprogress,2026-09-28 13:41,2026-09-28 14:48,100.72905,13.78554,มีนบุรี,มีนบุรี,น้ำท่วมเดินทางออกไปทำงานไม่ได้ ความสูงระดับ30เมตร น้ำท่วมมาแล้ววันนี้วันที่ 4แล้วค่ะ หมู่บ้านก็ไม่ช่วยดูแลลูกบ้าน,https://storage.googleapis.com/traffy_public_bucket/attachment/2026-09/thumb_f4cbd9359c215cce90171065f6848d84.jpg
2026-K6RU2F,forward,2026-09-28 13:41,2026-09-28 13:54,100.6339,13.73927,สวนหลวง,สวนหลวง,น้ำท่วมบ้านสูง 50 เซนติเมตร เริ่มท่วมเมื่อวันเสาร์ที่ 26/09/69 เวลา 02.00 น. 27/09/69 ระดับน้ำสูง 50ซม. วันจันทร์ที่ 28/09/69 น้ำท่วมสูง 55ซม. ขอให้ กทม. ช่วยสูบน้ำไปลงอุโมงค์ยักษ์ด่วนที่สุดด้วยนะครับ 30 ถนนพระรามเก้า ซอย 62 (ถนนเสรี 8 ซอย 9) แขวงพัฒน,https://storage.googleapis.com/traffy_public_bucket/attachment/2026-09/0d422509f2e08e32794e883e398d559f.jpeg
2026-KJD46Y,inprogress,2026-09-28 13:41,2026-09-28 13:50,100.64363,13.78416,บางกะปิ,คลองจั่น,ปัญหา: ภายในหมู่หมู่บ้านเฟื่องฟ้า จำนวน 40 หลังคาเรือน เนื่องจากเหตุอุทกภัย ต้องการความช่วยเหลือขอรับเครื่องอุปโภคบริโภค หมู่บ้าน: เฟื่องฟ้า ถนน: แฮปปี้แลนด์สาย 3 เขต: บางกะปิ #1555,https://storage.googleapis.com/traffy_public_bucket/attachment/2022-12/da2125e781282589d482070c3dba1726aa16a4a7.jpg
2026-RP4RDV,inprogress,2026-09-28 13:41,2026-09-28 13:50,100.63515,13.77193,บางกะปิ,คลองจั่น,ปัญหา: ภายในซอยลาดพร้าว 109 เนื่องจากเหตุอุทกภัย ต้องการความช่วยเหลือขอรับเครื่องอุปโภคบริโภค ประชาชนจำนวน 10 คน ซอย: ลาดพร้าว 109 ถนน: ลาดพร้าว เขต: บางกะปิ #1555,https://storage.googleapis.com/traffy_public_bucket/attachment/2022-12/da2125e781282589d482070c3dba1726aa16a4a7.jpg
2026-UFNXV2,inprogress,2026-09-28 13:41,2026-09-28 16:24,100.70226,13.82964,คลองสามวา,บางชัน,ซอยพระยาสุเรนทร์ 28 น้ำท่วมสูงค่ะสองฝั่งเป็นริมคลอง น้ำอยู่ในระดับเอว ความสูงระดับเอว เกือบสามวันแล้วค่ะ,https://storage.googleapis.com/traffy_public_bucket/attachment/2026-09/ef304a03b4ec32a4104181047c7f4d30.jpeg
2026-YXATFF,forward,2026-09-28 13:41,2026-09-28 13:42,100.6254,13.93459,สายไหม,สายไหม,น้ำสูงขึ้นตลอดจสกแข้งจะถึงเข่าแล้ว ที่นี่ไม่ใช่ที่รับน้ำนะ คนอื่นเริ่มลด เราน้ำเพิ่ม ความสูงระดับหัวเข่า น้ำท่วมมาแล้วน้อยกว่า 1 สัปดาห์,https://storage.googleapis.com/traffy_public_bucket/attachment/2026-09/3da0a0a1ab3499701fa2cdcc772ff85a.jpeg
2026-6XXJRK,inprogress,2026-09-28 13:43,2026-09-28 14:46,100.71155,13.81078,มีนบุรี,มีนบุรี,ปัญหา: ตลอดทั้งซอยดังกล่าว พบน้ำท่วมขัง ระดับน้ำสูงประมาณ 10 เซนติเมตร เนื่องจากฝนตกหนัก และน้ำได้ไหลเข้าบ้านเรือนประชาชน สร้างความเดือดร้อนให้กับผู้พักอาศัยบริเวณดังกล่าว ขอให้เร่งดำเนินการสูบน้ำ ซอย: รามอินทรา 86 ถนน: รามอินทรา เขต: มีนบุรี #1555,https://storage.googleapis.com/traffy_public_bucket/attachment/2022-12/da2125e781282589d482070c3dba1726aa16a4a7.jpg
2026-9YERD3,inprogress,2026-09-28 13:43,2026-09-28 14:46,100.71155,13.81078,มีนบุรี,มีนบุรี,ปัญหา: ภายในซอยดังกล่าว เนื่องจากเกิดเหตุอุทกภัย จึงมีความประสงค์ขอรับความช่วยเหลือด้านอาหารและน้ำดื่ม ซอย: รามอินทรา 86 ถนน: รามอินทรา เขต: มีนบุรี #1555,https://storage.googleapis.com/traffy_public_bucket/attachment/2022-12/da2125e781282589d482070c3dba1726aa16a4a7.jpg
2026-86TYD9,inprogress,2026-09-28 13:45,2026-09-28 13:51,100.61738,13.86464,บางเขน,อนุสาวรีย์,เพิ่งย้ายมาอยู่บริเวณนี้ได้ประมาณ 2 วัน และพบว่าขณะนี้มีปัญหาน้ำท่วมขังในซอยค่อนข้างสูง ทำให้การสัญจรเข้า-ออกลำบาก แม้รถยนต์ที่มีความสูงสามารถผ่านได้ แต่มีรถเข้า-ออกค่อนข้างน้อย เนื่องจากระดับน้ำสูงและไม่สะดวกต่อการเดินทาง จึงอยากให้หน่วยงานที่เกี่ยวข้อง,https://storage.googleapis.com/traffy_public_bucket/attachment/2026-09/4996b4d5472c56e3c88250aea650b7a1.jpeg
2026-JGL7VJ,inprogress,2026-09-28 13:46,2026-09-28 13:51,100.70025,13.78122,สะพานสูง,สะพานสูง,ปัญหาน้ำท่วมขังภายในโซน Private zone หมู่บ้านธารารมณ์ ซอยรามคำแหง 150 ค่ะ ปัจจุบันยังมีน้ำขังอยู่ไม่สามารถระบายได้ ระดับความสูงประมาณ 80-100 ซม. รถไม่สามารถสัญจรได้ ระดับน้ำในคลองยังสูงรอระบาย และมีปัญหาเครื่องปั๊มน้ำลงคลองไม่เพียงพอค่ะ ความสูงระดับเอว น้,https://storage.googleapis.com/traffy_public_bucket/attachment/2026-09/2e75d02316995e3f4611800b99e9d01b.jpeg
2026-JUMU78,inprogress,2026-09-28 13:46,2026-09-28 16:02,100.64881,13.75191,บางกะปิ,หัวหมาก,ในซอยกรุงเทพกรีฑา 3 น้ำท่วมสูงกว่า 60 cm รถกระบะเข้า-ออกไม่ได้เลย ต้องใช้เรือ ตอนนี้บ้านสุดซอยอยู่กันมากกว่า 13 คน มีคนแก่ด้วย ติดเกาะขาดอาหาร ขอความช่วยเหลือด่วน ความสูงระดับเอว น้ำท่วมมาแล้วน้อยกว่า 1 สัปดาห์,https://storage.googleapis.com/traffy_public_bucket/attachment/2026-09/ff9cb23c589ff9d92e76ef273a184c0b.jpeg
2026-67U2MP,inprogress,2026-09-28 13:48,2026-09-28 21:12,100.671,13.75495,บางกะปิ,หัวหมาก,ฝากช่วยสูบน้ำด่วนหน่อยครับบ ซอยประชาร่วมใจ กรุงเทพกรีฑา ทางเข้า รร.Brighton + หมู่บ้านของแสนสิริครับ น้ำค้างมา 4 วันแล้ว เหม็นเน่าแล้งด้วยครับ จริงๆ ดูดออก ลงท่อถนนกรุงเทพกรีฑาตัดใหม่ได้ จบเลยครับ ฝากด่วนนะครับ แก้ได้เลย เด็กเล็กและคนแก่เยอะมากครับ ค,https://storage.googleapis.com/traffy_public_bucket/attachment/2026-09/93091c260686a2c781376962c60ac1f2.jpeg
2026-BVGHEL,inprogress,2026-09-28 13:49,2026-09-28 14:47,100.7273,13.78482,มีนบุรี,มีนบุรี,น้ำท่วมในหมู่บ้าน ความสูงระดับ30ถึง50เช้นค่ะ น้ำท่วมมาแล้ว3วันได้ค่ะ,https://storage.googleapis.com/traffy_public_bucket/attachment/2026-09/thumb_7c0e59df65e309f49afe99fbe4f1c716.jpg
2026-F3XT7Z,inprogress,2026-09-28 13:49,2026-09-28 22:53,100.63503,13.77395,บางกะปิ,คลองจั่น,ปัญหา: ภายในซอยดังกล่าว พบน้ำท่วมขัง ส่งผลให้ผู้พักอาศัยบริเวณดังกล่าวได้รับความเดือดร้อน จึงขอให้เจ้าหน้าที่เร่งดำเนินการสูบน้ำ บ้านเลขที่: 495 ซอย: ลาดพร้าว 109 แยก 3 ถนน: ลาดพร้าว เขต: บางกะปิ #1555,https://storage.googleapis.com/traffy_public_bucket/attachment/2022-12/da2125e781282589d482070c3dba1726aa16a4a7.jpg
2026-NZ6VEC,inprogress,2026-09-28 13:49,2026-09-28 15:07,100.65065,13.8042,บึงกุ่ม,คลองกุ่ม,ปัญหา: ภายในซอยดังกล่าว หมู่บ้านธนะสินโครงการ 5 (บ้านเลที่ 4/805) มีความประสงค์ขอรับการสนับสนุนเครื่องอุปโภคบริโภค และ ยารักษาโรค ผู้สูงอายุ 2 ท่าน จึงขอให้เจ้าหน้าที่ให้ความช่วยเหลือ บ้านเลขที่: 4/805 หมู่บ้าน: ธนะสินโครงการ 5 ซอย: นวมินทร์ 68 โครงการ 5,https://storage.googleapis.com/traffy_public_bucket/attachment/2022-12/da2125e781282589d482070c3dba1726aa16a4a7.jpg
2026-ULJ4NA,inprogress,2026-09-28 13:49,2026-09-28 14:46,100.68457,13.75905,สะพานสูง,สะพานสูง,"ซอยรามคำแหง 118 แยก 63 น้ำท่วมสูง รถเล็กออกจากบ้านไม่ได้ตั้งแต่วันที่ 25 กย จนถึงวันนี้ 28 กย. ไม่มีหน่วยงานไหนเข้ามาช่วยเหลือ, สอบถาม หรือ แจกสิ่งของจำเป็นเลย ความสูงระดับหัวเข่า น้ำท่วมมาแล้วน้อยกว่า 1 สัปดาห์",https://storage.googleapis.com/traffy_public_bucket/attachment/2026-09/4c1084dadfe75e49ce795c63ccbe19df.jpeg
2026-W2HJ32,inprogress,2026-09-28 13:49,2026-09-28 13:50,100.65141,13.7196,ประเวศ,ประเวศ,ซอยอ่อนนุช 53 แยก 1-3 และอีกหลายแยก (ชุมชนมัสยิดดารุลมุตตะกีน เกาะกลาง) เขตประเวศ น้ำยังคงท่วมขัง ระดับแข้งถึงเข่าบางจุด ไม่ระบายออก ท่วมมายังบ้านพี่น้องประชาชนที่ต่ำกว่าถนน น้ำเริ่มมีกลิ่นและสกปรกมากขึ้น 3 วันยังไม่ลดลง รถสัญจรลำบาก ช่วยส่งเจ้าหน้าที่เข้,https://storage.googleapis.com/traffy_public_bucket/attachment/2026-09/fb2f69b359920babaaa521b668f1b389.jpeg
2026-3MPTR4,inprogress,2026-09-28 13:50,2026-09-28 13:53,100.6456,13.87198,บางเขน,ท่าแร้ง,ตอนนี้ สุขาภิบาล5ซอย15 บริเวณใต้ทางด่วนจนถึงท้ายซอยมีน้ำท่วมขังสูงถึงหัวเข่าอยากให้หน่วยงานภาครัฐดูแลหน่อยครับ น้ำถึงหัวเข่าครับ 3วันแล้วครับ,https://storage.googleapis.com/traffy_public_bucket/attachment/2026-09/f6a43cff6cf9dd3be77f2a5dc7235ae8.jpeg
2026-8E6JWY,inprogress,2026-09-28 13:50,2026-09-29 16:59,100.75457,13.77329,ลาดกระบัง,คลองสามประเวศ,ปัญหา: ซอยร่มเกล้า 19 หมู่บ้านพาราไดซ์ การ์เด้น บ้านเลขที่ 9/187 เนื่องจากเหตุอุทกภัย ต้องการความช่วยเหลือขอรับเครื่องอุปโภคบริโภค บ้านเลขที่: 9/187 หมู่บ้าน: พาราไดซ์ การ์เด้น ซอย: ร่มเกล้า 19 ถนน: ร่มเกล้า เขต: ลาดกระบัง #1555,https://storage.googleapis.com/traffy_public_bucket/attachment/2022-12/da2125e781282589d482070c3dba1726aa16a4a7.jpg
2026-TNWH6W,inprogress,2026-09-28 13:51,2026-09-28 13:58,100.70022,13.78127,สะพานสูง,สะพานสูง,ปัญหาน้ำท่วมขังภายในโซน Private zone หมู่บ้านธารารมณ์ ซอยรามคำแหง 150 ค่ะ ปัจจุบันยังมีน้ำขังอยู่ไม่สามารถระบายได้ ระดับความสูงประมาณ 80-100 ซม. รถไม่สามารถสัญจรได้ ระดับน้ำในคลองยังสูงรอระบาย และมีปัญหาเครื่องปั๊มน้ำลงคลองไม่เพียงพอค่ะ ความสูงระดับเอว น้,https://storage.googleapis.com/traffy_public_bucket/attachment/2026-09/3aef75f202b5ab4075f46d6e827baabc.jpeg
2026-ZWWTWL,start,2026-09-28 13:51,2026-09-28 13:51,100.73372,13.74904,ลาดกระบัง,คลองสองต้นนุ่น,รบกวนขอความช่วยเหลือค่ะ ตอนนี้หมู่บ้านสิมิลันรีฟ พัฒนาชนบท 4 คลองสองต้นนุ่นลาดกระบัง น้ำท่วม ถึงประมาณระดับเข่า บางจุดถึงเอว ตั้งแต่วันที่ 25 น้ำไม่ลดเลยค่ะเนื่องจากปั๊มน้ำที่มีเสียบางส่วน อยากขอสนับสนุนเครื่องสูบน้ำหรือปั๊มน้ำช่วยปั๊มออกจากหมู่บ้านค่ะ ข,https://storage.googleapis.com/traffy_public_bucket/attachment/2026-09/f24e6c4250d129ae52ab4355b5345508.jpeg
2026-EG97Z3,forward,2026-09-28 13:52,2026-09-28 13:54,100.67338,13.9022,สายไหม,ออเงิน,น้องติดน้ำท่วมอยู่ที่เคหะออเงิน สายไหมค่ะ น้ำยังท่วมขังอยู่ทั้งในซอยและในโครงการค่ะ ความสูงระดับเอว น้ำท่วมมาแล้วน้อยกว่า 1 สัปดาห์,https://storage.googleapis.com/traffy_public_bucket/attachment/2026-09/60d333b2044f233ba7d086a5ec76d2b2.jpeg
2026-UAKLY6,inprogress,2026-09-28 13:52,2026-09-28 13:55,100.65907,13.84684,คันนายาว,รามอินทรา,น้ำท่วมขังไม่สามารถระบายน้ำ อยากขอให้เร่งระบายน้ำครับ เพราะน้ำขังในตัวบ้านอาจจะเน่าเสียได้ ความสูงระดับหัวเข่า น้ำท่วมมาแล้ว3 วัน,https://storage.googleapis.com/traffy_public_bucket/attachment/2026-09/a4afc241411a9c6460622cd2e9076ff0.jpeg
2026-3LWV9L,start,2026-09-28 13:56,2026-09-28 13:56,100.76822,13.71726,ลาดกระบัง,ลาดกระบัง,น้ำท่วม ความสูงระดับหัวเข่าขึ้นมาหน่อยๆ แล้วครับ น้ำท่วมมาแล้ว3 วันครับ,https://storage.googleapis.com/traffy_public_bucket/attachment/2026-09/thumb_0e10f21b703eb41ebb0313ba65581588.jpg
2026-7A7NVJ,inprogress,2026-09-28 13:56,2026-09-28 13:59,100.66185,13.72014,ประเวศ,ประเวศ,ชุมชนบ้านริมคลองประเวศฯ น้ำท่วมยังคงระดับสูงและไม่ลดลง ในซอยและบริเวณใกล้เคียงมีหลายหลังคาเรือน (แต่ไม่มีปัญหาขาดแคลนอาหาร-น้ำ-ไฟฟ้า) ฝนตกลงมา-หยุดสลับ ซึ่งน่ากังวลอยู่ ไม่ทราบเลยว่า หน่วยงานรับผิดชอบดำเนินการอย่างไรบ้าง ทั้งนี้ การจัดการน้ำ ปี 2554 ดีกว่,https://storage.googleapis.com/traffy_public_bucket/attachment/2026-09/thumb_19b4d9a2606534b46717f8ad69c43db4.jpg
2026-8YP67P,inprogress,2026-09-28 13:56,2026-09-28 13:57,100.67448,13.84214,คันนายาว,คันนายาว,น้ำท่วมขังวันที่ 2 ระดับน้ำไม่ลดลง ต้องการเครื่องสูบน้ำ เร่งระบายไปที่อื่น เพราะคลองเต็มแล้ว สูบไปก็ไม่มีประโยชน์ หมู่บ้านเป็นพื้นที่รองรับน้ำของหมู่บ้านอื่นที่สร้างใหม่ เป็นแบบนี้มาตลอดตั้งแต่ปี 54 ความสูงระดับ40-50 cm ค่ะจากพื้นถนน น้ำท่วมมาแล้วน้อยกว่า,https://storage.googleapis.com/traffy_public_bucket/attachment/2026-09/b46d67ddabd8f6494a8694041473381d.jpeg
2026-H6WRW4,inprogress,2026-09-28 13:56,2026-09-28 14:46,100.77935,13.81592,มีนบุรี,แสนแสบ,น้ำท่วมเข้าออกยากมากคับ ขอรับถุงยังชีพหน่อยคับ ไม่มีหน่วยงานไหนมาดูเลยคับ ความสูงระดับเกือบเข่าแล้วคับ น้ำท่วมมาแล้ว3วันแล้วคับ,https://storage.googleapis.com/traffy_public_bucket/attachment/2026-09/29d9ef873c7f3195344ffd957457a232.jpeg
2026-X3HR7L,inprogress,2026-09-28 13:57,2026-09-28 15:06,100.65054,13.80467,บึงกุ่ม,คลองกุ่ม,ต้องการทรายจำนวนมาก เนื่องจากมีน้ำขัง และเดือดร้อน ไปไหนไม่ได้ น้ำไม่ลดเลย อย่างน้อย ได้ทรายมากั้นหว้วิดน้ำออกผ้องกันฉี่หนูยังดี ความสูงระดับหัวเข่า น้ำท่วมมาแล้วน้อยกว่า 1 สัปดาห์,https://storage.googleapis.com/traffy_public_bucket/attachment/2026-09/thumb_20320f11da6484fb538269ac37fba978.jpg
2026-WX3ERJ,inprogress,2026-09-28 13:58,2026-09-28 15:44,100.65049,13.77974,บางกะปิ,คลองจั่น,ปัญหา: ภายในซอยศรีบูรพา 9 และซอยใกล้เคียง เนื่องจากเกิดเหตุอุทกภัย จึงมีความประสงค์ขอรับความช่วยเหลือด้านอาหารและน้ำดื่ม ถนน: นวมินทร์ เขต: บางกะปิ #1555,https://storage.googleapis.com/traffy_public_bucket/attachment/2022-12/da2125e781282589d482070c3dba1726aa16a4a7.jpg
2026-N2AKMG,inprogress,2026-09-28 13:59,2026-09-30 09:46,100.59262,13.94843,ดอนเมือง,สีกัน,เรื่อง ขอความอนุเคราะห์สนับสนุนเครื่องสูบน้ำและกระสอบทราย เพื่อช่วยเหลือประชาชนผู้ประสบภัยน้ำท่วม เรียน หน่วยงานที่เกี่ยวข้อง เนื่องด้วยขณะนี้โครงการ เดอะ คอนเนค 31 ได้รับผลกระทบจากสถานการณ์ฝนตกหนักและมีปริมาณน้ำท่วมขังในพื้นที่เป็นจำนวนมาก ส่งผลให้ระดั,https://storage.googleapis.com/traffy_public_bucket/attachment/2026-09/bdad3689e064744f40ddaa4706965ac6.jpeg
2026-NGXT9M,inprogress,2026-09-28 13:59,2026-09-28 22:33,100.6417,13.74911,บางกะปิ,หัวหมาก,บ้านเลขที่ 17 ซอยหัวหมาก 9 แยก 1 อยากให้เข้าช่วยเหลือ ส่งน้ำ อาหารและเร่งระบายน้ำ ในบ้านชั้นล่างอยู่ไม่ได้ค่ะ ตั้งแต่วันเสาร์ค่ะ วันเสาร์สูงเท่าเอว,https://storage.googleapis.com/traffy_public_bucket/attachment/2026-09/b282e414f730614f908a049cbd87595a.jpeg
2026-HMZKJH,start,2026-09-28 14:01,2026-09-28 14:01,100.79272,13.79201,ลาดกระบัง,ลำปลาทิว,น้ำท่วม ถนนค้มเกล้า ซอยคุ้มเกล้า5 ในหมู่บ้าน ศุภาลัย เลค2 มา 4วัน 4คืนแล้ว ในหมู่บ้าน รถ ไม่สามารถเข้าออกได้ ได้รับความเดือดร้อนมาก ขอความช่วยเหลือ สูบน้ำออกจากหมู่บ้านด่วยที่สุด ข้าวปลาอาหารเริ่มขาดแคลนแล้ว ขอบคุณครับ ความสูงระดับสูงกว่า เอวแล้วครับ น้ำท,https://storage.googleapis.com/traffy_public_bucket/attachment/2026-09/28a3f757f54c66a772b29a1aa761fcf1.jpeg
2026-XHDBVT,inprogress,2026-09-28 14:01,2026-09-28 14:47,100.73485,13.78891,มีนบุรี,มีนบุรี,แจ้งน้ำท่วมขังในซอย ร่มเกล้า 6/1 รถเล็กไม่สามารถวิ่งได้ และปริมาณน้ำขังเพิ่มขึ้นเรื่อยๆ แต่ไม่มีเครื่องสูบน้ำครับ ความสูงระดับข้อเท้าถึงหน้าแข่งครับ บางจุดลึกไม่เท่ากันครับ น้ำท่วมมาแล้วน้อยกว่า 1 สัปดาห์,https://storage.googleapis.com/traffy_public_bucket/attachment/2026-09/d35576d2a97463262d45aa22e9b66ca5.jpeg
2026-2Z69CT,inprogress,2026-09-28 14:02,2026-09-28 14:19,100.67555,13.72256,ประเวศ,ประเวศ,ซอยอ่อนนุช 61 ค่ะตามที่อยู่ไม่มีเจ้าหน้าที่เข้ามาให้ความช่วยเหลือน้ำสูงเกินหัวเข่าไม่สามารถที่จะออกไปหาอาหารหรือซื้อของอะไรได้ก็ enter ไปใช่ไหม ความสูงระดับซอยอ่อนนุช61 แยก 2-1 น้ำท่วมมาแล้วตั้งแต่วันที่ 26 ค่ะ,https://storage.googleapis.com/traffy_public_bucket/attachment/2026-09/6fc5ac196db8a9970ab4a0a2972283d7.jpeg
2026-9RY67T,inprogress,2026-09-28 14:03,2026-09-28 14:58,100.8267,13.77532,หนองจอก,ลำผักชี,ริมคลองลำพะอง น้ำยังสูงขึ้นประมาณ 5-7cm จาก เมื่อวาน27/9 และน้ำนิ่งไม่ระบายเลยหรือครับ ความสูงระดับสูงมากกว่าปี 54 ประมาณ25-30cm น้ำท่วมมาแล้ว3วัน วันนี้หนักสุด,https://storage.googleapis.com/traffy_public_bucket/attachment/2026-09/thumb_7b6a342f1a332af9e2557e6c1f567a64.jpg
2026-BWHMPD,inprogress,2026-09-28 14:03,2026-09-28 14:53,100.45301,13.64024,บางขุนเทียน,ท่าข้าม,คลองระบายน้ำมีวัชพืชและระบายน้ำได้ไม่ดี ความสูงระดับหน้าแข้ง น้ำท่วมมาแล้วน้อยกว่า 1 สัปดาห์,https://storage.googleapis.com/traffy_public_bucket/attachment/2026-09/2a005f50f3dbc42e02902430fb91862c.jpeg
2026-ZNG9NA,inprogress,2026-09-28 14:03,2026-09-28 16:23,100.76349,13.84428,คลองสามวา,ทรายกองดินใต้,ในหมู่บ้านกฤษดานคร 25 (ประชาร่วม 31) ทุกบ้าน ประสบภัยน้ำท่วมสูง ด้านหน้าทางเข้าไม่สูงมาก แต่ด้านในน้ำสูง ประมาณ 40 ซม หรือมากกว่า ยิ่งบ้านข้างใน ซอย 5 ที่อยู่ตรงข้ามทางเข้าสนามกอล์ฟ ถนนต่ำกว่าทางด้านหน้าประมาณ 1 เมตร++ บางบ้านน้ำเข้าบ้านแล้ว ขอความช่วยเ,https://storage.googleapis.com/traffy_public_bucket/attachment/2026-09/dbbdb72633fb6067bd9c2fa63718fa2c.jpeg
2026-FXW7EF,inprogress,2026-09-28 14:05,2026-09-28 14:22,100.63161,13.74109,สวนหลวง,สวนหลวง,แจ้งน้ำท่วมสูง ในซอยพระรามเก้า 60 #ขอกระสอบทราย/อื่นๆ,https://storage.googleapis.com/traffy_public_bucket/attachment/2026-09/340d9c8e59aab30bc95606e016ea43bf.jpeg
2026-TL8CFE,inprogress,2026-09-28 14:05,2026-09-30 11:56,100.58989,13.93526,ดอนเมือง,สีกัน,น้ำเน่าและไม่ระบายเลยครับภายในซอยสรงประภา18 หมู่บ้านสายทิพย์ เขตดอนเมือง กทม ความสูงระดับหัวเข่า น้ำท่วมมาแล้วน้อยกว่า 1 สัปดาห์,https://storage.googleapis.com/traffy_public_bucket/attachment/2026-09/9966b0185b63af46ae609be8d68fc930.jpeg
2026-7DGLZ6,inprogress,2026-09-28 14:06,2026-09-28 14:46,100.79146,13.83548,มีนบุรี,แสนแสบ,น้ำท่วมหนักมากยังไม่มีหน่วยงานเข้ามาช่วยเหลือ ติดมา 3-4 วันแล้วต้องการความช่วยเหลือด่วน น้ำท่วมสูงเดินทางไปไหนไม่ได้เลย ความสูงระดับประมาณเกือบถึงเอวค่ะ น้ำท่วมมาแล้วน้อยกว่า 1 สัปดาห์,https://storage.googleapis.com/traffy_public_bucket/attachment/2026-09/thumb_9e4d11f502e01aaa1edb5e8193427247.jpg
2026-GM9A23,inprogress,2026-09-28 14:06,2026-09-28 14:50,100.70629,13.78496,สะพานสูง,สะพานสูง,เคหะธานี 4 แขวงราษฎร์พัฒนา เขตสะพานสูง ขณะนี้มีน้ำท่วมสูง ด้านนอกบ้านระดับเอว ยังไม่ได้รับการช่วยเหลืออยู่หลายครัวเรือนค่ะ ความสูงระดับเอว น้ำท่วมมาแล้วน้อยกว่า 1 สัปดาห์,https://storage.googleapis.com/traffy_public_bucket/attachment/2026-09/88efdd7f0b3b64cc173ee6a4283bf45d.jpeg
2026-AFPVBF,forward,2026-09-28 14:07,2026-09-28 14:33,100.66234,13.78076,บึงกุ่ม,คลองกุ่ม,น้ำท่วมเกือบถึงเข่า เริ่มมีกลิ่นเหม็น ความสูงระดับเอว น้ำท่วมมาแล้วน้อยกว่า 1 สัปดาห์,https://storage.googleapis.com/traffy_public_bucket/attachment/2026-09/6108ae7da853ed8045a2b3edd7a49775.jpeg
2026-3CR636,inprogress,2026-09-28 14:08,2026-09-28 14:21,100.62671,13.70955,สวนหลวง,สวนหลวง,ระดับน้ำเริ่มสูงขึ้นเรื่อยๆ ความสูงระดับหน้าแข้ง น้ำท่วมมาแล้วน้อยกว่า 3 ชั่วโมง,https://storage.googleapis.com/traffy_public_bucket/attachment/2026-09/96982beb78dfd6acbaceb1991e425c57.jpeg
2026-TJG488,inprogress,2026-09-28 14:08,2026-09-30 11:56,100.59541,13.91418,ดอนเมือง,ดอนเมือง,เมื่อไหร่น้ำจะลงคะ น้ำลดช้ามากๆทั้งทั้งที่ฝน ความสูงระดับเอว น้ำท่วมมาแล้วน้อยกว่า 1 สัปดาห์,https://storage.googleapis.com/traffy_public_bucket/attachment/2026-09/41aafa10c3687af0452223934daab564.jpg
2026-ZFVBTR,inprogress,2026-09-28 14:08,2026-09-28 14:21,100.63195,13.73501,สวนหลวง,สวนหลวง,สวัสดีค่ะ พัฒนาการซอย 46 น้ำท่วมตั้งแต่วันศุกร์ที่ฝนตก แล้วน้ำท่วมสูงมาก รถไม่สามารถเดินทางได้ ทำให้ออกไปซื้อของกักตุนไม่ทัน ตอนนี้อาหารที่มีอยู่ใกล้จะหมดแล้วค่ะ แล้วน้ำก็ยังสูงอยู่ ความสูงระดับพื้นของตึกหอพักยกสูง ส่วนทางเดินตรงถนนจะต่ำลงไปประมาณ 1 เมต,https://storage.googleapis.com/traffy_public_bucket/attachment/2026-09/aa82a2e2d4c68c93b8b7f3ff40921d2b.jpeg
2026-2PGZZN,finish,2026-09-28 14:09,2026-10-05 14:08,100.63243,13.7849,บางกะปิ,คลองจั่น,บ้านต่ำกว่าถนนครับ น้ำท่วมในบ้านสูงมาก ความสูงระดับเข่าครับ น้ำท่วมมาแล้ว5 วัน,https://storage.googleapis.com/traffy_public_bucket/attachment/2026-09/thumb_0c78c77c8f93081822280813d72d6dc6.jpg
2026-3EJFCJ,finish,2026-09-28 14:10,2026-09-29 21:22,100.46571,13.78531,ตลิ่งชัน,ตลิ่งชัน,น้ำกำลังเข้าท่วมชุมชนหน้าวัดไก่เตี้ย ขอให้ดำเนินการติดตั้งเครื่องสูบน้ำ ความสูงระดับข้อเท้า น้ำท่วมมาแล้วน้อยกว่า 1 สัปดาห์,https://storage.googleapis.com/traffy_public_bucket/attachment/2026-09/16e03b7573565651537fcc9c1642b0d7.jpeg
2026-486J4C,inprogress,2026-09-28 14:10,2026-09-28 15:42,100.64141,13.7771,บางกะปิ,คลองจั่น,น้ำท่วมชุมชนหมู่บ้านสวนแหลมทอง 5 อยู่ระหว่างถนนแฮปปี้แลนด์ สาย 1 กับสาย 2 มา 3-4 วันแล้ว น้ำสูงมากไม่สามารถเดินทางออกไปได้ มีผู้สูงอายุ คนป่วย ไม่สามารถเดินทางออกไปหาอาหารและน้ำดื่มได้ อาหาร น้ำดื่มเริ่มหมด ไม่มีหน่วยงานใหนเข้ามาช่วยเหลือเลย ***ต้องการควา,https://storage.googleapis.com/traffy_public_bucket/attachment/2026-09/56ded0cb434f2c75cf3f9560c30dffc8.jpeg
2026-EE7HKK,inprogress,2026-09-28 14:10,2026-09-28 15:03,100.68362,13.76851,สะพานสูง,สะพานสูง,ซอยรามคำแหง118 ม.พฤกษชาติ นำท่วมขังเป็นเวลา3วันแล้ว ไม่ได้รับการแก้ไขจากเขตสะพานสูง ดำเนินการช้ามาก มีคนอยู่เป็นจำนวนมากกำลังเดือดร้อนไม่สามารถเดินทาง และออกไปหากินได้เลย มีอาสามาช่วยแต่ก็ไม่เพียงพอ สำนักงานเขตอยู่ในซอยแต่บริหารจัดการช้าและแย่มาก ตอนนี้น้,https://storage.googleapis.com/traffy_public_bucket/attachment/2026-09/thumb_dd63218964548b25990d3a1376d7cbec.jpg
2026-KPT3NR,inprogress,2026-09-28 14:10,2026-09-28 14:20,100.62471,13.74283,สวนหลวง,สวนหลวง,น้ำยังท่วมอยู่สูงอยู่ประมาณ 30ซม ผู้คนยังต้องเดินมาซื้อของกินที่เดอะไนท์ ไม่มีรถรับส่งครับ ความสูงระดับ30 เซนติเมตรบางช่วงก็ 40 เซนติเมตรนะครับ น้ำท่วมมาแล้ววันที่สามแล้วครับ,https://storage.googleapis.com/traffy_public_bucket/attachment/2026-09/d86b30baf0a78fe12c27c9f27a2de40e.jpeg
2026-MCDMJW,inprogress,2026-09-28 14:10,2026-09-28 14:50,100.69116,13.77883,สะพานสูง,สะพานสูง,น้ำท่วมหมู่บ้านโฮมเพลส รามคำแหง140 น้ำท่วมสูง60- 70ซ.ม เป็นพื้นที่ลุ่มต่ำ ช่วยระบายน้ำออกไปด้วยค่ะพวกเราเดือดร้อนมาก ผู้สูงอายุ ผู้ป่วย หลายคนต้องการออกไปหาหมอ ออกไม่ได้ช่วยด้วยค่ะ ความสูงระดับ70Cm น้ำท่วมมาแล้วตั้งแต่วันศุกร์ค่ะ,https://storage.googleapis.com/traffy_public_bucket/attachment/2026-09/e6380d90f115097883551a282d07ee35.jpeg
2026-ZNTCB8,inprogress,2026-09-28 14:10,2026-09-28 14:21,100.6149,13.70724,สวนหลวง,สวนหลวง,ขณะนี้ 14.08 น้ำขึ้นกว่าตอนเข้าประมาณ 70cm เพิ่มขึ้นสูงกว่าตอนเช้า ความสูงระดับ70cm ค่ะ เพิ่มขึ้นกว่าช่วงเช้า น้ำท่วมมาแล้ว4 วัน,https://storage.googleapis.com/traffy_public_bucket/attachment/2026-09/0c5625a3db6928509e85e81ac4136058.jpeg
2026-869GFR,inprogress,2026-09-28 14:11,2026-09-28 15:33,100.63166,13.75734,บางกะปิ,หัวหมาก,ปัญหา: ภายในซอยดังกล่าว บ้านเลขที่ 133 เนื่องจากเกิดอุทกภัย ผู้สูงอายุมีความประสงค์ขอรับการสนับสนุนเครื่องอุปโภคบริโภคและยารักษาโรค จำนวน 2 ชุด เบอร์โทรศัพท์ 0813743375 บ้านเลขที่: 133 ซอย: รามคำแหง 26/1 ถนน: รามคำแหง 26/1 จุดสังเกต: รั้วสีส้ม เกือบสุดซอย,https://storage.googleapis.com/traffy_public_bucket/attachment/2022-12/da2125e781282589d482070c3dba1726aa16a4a7.jpg
2026-BGK8R8,finish,2026-09-28 14:11,2026-10-01 14:25,100.4494,13.61576,บางขุนเทียน,ท่าข้าม,น้ำท่วมขังในซอยเทียนทะเล 19 แยก 2-2 เป็นเวลา 3 วันแล้ว ท่วมอยู่ซอยเดียว ความสูงระดับหน้าแข้ง น้ำท่วมมาแล้วน้อยกว่า 1 สัปดาห์,https://storage.googleapis.com/traffy_public_bucket/attachment/2026-09/b6d8b0a73fb690e9871036ab50d6970e.jpeg
2026-G4GV8W,inprogress,2026-09-28 14:11,2026-09-28 14:12,100.65921,13.73233,ประเวศ,ประเวศ,น้ำท่วมสูงถึงสะโพกมา2-3 วันแล้วฝนตกมาเติมเป็นพักๆ ตอนนี้มีบ้านหลายหลังน้ำเข้าในตัวบ้านแล้ว ส่วนของผมรถจมน้ำไปแล้วครับ ความสูงระดับเกือบ 1 เมตรครึ่งแล้วแต่ช่วงซอยในหมู่บ้านครับ น้ำท่วมมาแล้วเริ่มต้นตั้งแต่คืนวันที่ 25 เป็นต้นมา,https://storage.googleapis.com/traffy_public_bucket/attachment/2026-09/502cd6c743ec245bcc7cbd9859cc4582.jpeg
2026-TXA92C,inprogress,2026-09-28 14:11,2026-09-28 14:34,100.68355,13.81263,คันนายาว,คันนายาว,หมู่บ้านส่วนอมรพันธ์น้ำท่วมหนักรถสรรจรไม่ได้ต้องการรถสูบน้ำเพื่อลดระดับน้ำลงครับ ความสูงระดับหน้าแข้ง น้ำท่วมมาแล้วน้อยกว่า 1 สัปดาห์,https://storage.googleapis.com/traffy_public_bucket/attachment/2026-09/7737a1490aa1b01487277ae24b69cc90.jpeg
2026-7XM6TB,finish,2026-09-28 14:12,2026-09-28 14:20,100.63156,13.74103,สวนหลวง,สวนหลวง,น้ำท่วม ขอรับเงินชดเชย ความสูงระดับผ่านมา 2 วันครับ น้ำท่วมมาแล้ว2 วันครับ,https://storage.googleapis.com/traffy_public_bucket/attachment/2026-09/1e046502dac1c8f226cd2b29a78c074e.jpeg
2026-BT7274,inprogress,2026-09-28 14:14,2026-09-28 14:51,100.68953,13.7796,สะพานสูง,สะพานสูง,พบปัญหาน้ำท่วมขังสูง 40-50 ซม. ณ หมู่บ้านโฮมเพลส ซ.รามคำแหง 140 ถ.รามคำแหง ไม่สามารถระบายน้ำได้ต่อเนื่องมาเป็นเวลา 3 วัน ขอความอนุเคราะห์เร่งดำเนินการแก้ไขโดยด่วน ความสูงระดับหัวเข่า น้ำท่วมมาแล้วน้อยกว่า 1 สัปดาห์,https://storage.googleapis.com/traffy_public_bucket/attachment/2026-09/3a365652f5418a4deebd529b474f82a8.jpeg
2026-FCU24W,finish,2026-09-28 14:14,2026-10-03 12:15,100.54509,13.82283,จตุจักร,จตุจักร,น้ำท่วมขังริมตลิ่งชุมชนไทรคู่และชุมชนหนองจุฬา ระบายล่าช้า ขอให้สำนักงานเขตจตุจักรเร่งเปิดระบายน้ำบริเวณ ชุมชนบ่อฝรั่ง (ริมบึงบางซื่อ ถ.ประชาชื่น) ความสูงระดับข้อเท้า น้ำท่วมมาแล้วน้อยกว่า 1 วัน,https://storage.googleapis.com/traffy_public_bucket/attachment/2026-09/3f81065518fc51e70487a27c997b8017.jpeg
2026-GCN94R,forward,2026-09-28 14:14,2026-09-28 17:32,100.75575,13.84429,คลองสามวา,ทรายกองดินใต้,60/477 ม.กฤษดานคร25 ซอย4 โซนด้านไหนน้ำท่วม50 ซม รถเก๋งเข้าออกไม่ได้ 50ซม ทางเข้าวงเวียนซ้าย ซอย1เ ป็นเมตร ตั้งแต่26กย คะ,https://storage.googleapis.com/traffy_public_bucket/attachment/2026-09/436b462a64e15e04eda0400268cff09b.jpeg
2026-GYAX8A,inprogress,2026-09-28 14:15,2026-09-28 15:02,100.69651,13.79176,สะพานสูง,สะพานสูง,ปัญหา: ภายในซอยดังกล่าว บ้านเลขที่ 4 มีผู้พักอาศัยติดอยู่ 9 คน และเพื่อนบ้านใกล้เคียงอีกประมาณ 30 คน เนื่องจากเกิดเหตุอุทกภัย ต้องการความช่วยเหลือ เครื่องอุปโภคบริโภค ถุงยังชีพ ข้าวสารและอาหารแห้ง และยาสามัญประจำบ้าน ขอให้เจ้าหน้าที่เร่งเข้าช่วยเหลือ ซอย:,https://storage.googleapis.com/traffy_public_bucket/attachment/2022-12/da2125e781282589d482070c3dba1726aa16a4a7.jpg
2026-EHL98W,inprogress,2026-09-28 14:16,2026-09-28 15:06,100.6665,13.7813,บึงกุ่ม,คลองกุ่ม,เสรีไทย 37 ท่วมสูงมาก เนื่องจากถนนภายในซอยต่ำกว่าพื้นถนนเยอะ ในซอยมีทั้งเด็ก คนแก่ สัตว์เลี้ยง ไร้วี่แววหน่วยงานไหนมาช่วย มีแต่ประชาชนที่ช่วยเหลือกันเอง เกือบถึงก้นค่ะ ตั้งแต่วันศุกร์ที่ 25 เวลา 11 โมงค่ะ,https://storage.googleapis.com/traffy_public_bucket/attachment/2026-09/389219dc40282d7914da10f5985c5b41.jpeg
2026-RRL2HZ,inprogress,2026-09-28 14:16,2026-09-28 14:33,100.68348,13.81766,คันนายาว,คันนายาว,รบกวนแก้ปัญหาน้ำท่วมขังเป็นเวลาหลายวัน แจ้งไปที่เขตพื้นที่ที่รับผิดชอบแล้วแต่ยังไม่มีเจ้าหน้าที่มาดู จนน้ำที่เข้ามาขังในบ้านมีปริมาณมากและเริ่มเน่า ความสูงระดับในซอยท่วมเกือบถึงสะโพก ภายในบ้านห้องนอนท่วมเกือบหัวเข่า น้ำท่วมมาแล้วตั้งแต่วันที่25,https://storage.googleapis.com/traffy_public_bucket/attachment/2026-09/8211a8c81d16e3e1528475594dc2c42d.jpeg
2026-FH2C76,inprogress,2026-09-28 14:17,2026-09-28 14:52,100.69089,13.77775,สะพานสูง,สะพานสูง,หมู่บ้านโฮมเพลส ถ รามคำแหง140 ในหมู่บ้านท่วมทั้งหมด น้ำขังไม่ลดลงตั้งแต่เริ่มท่วม ในขณะที่ถนนสายหลักด้านนอก และ หมู่บ้านรอบข้าง น้ำลดลงแล้ว ความสูงระดับเอว น้ำท่วมมาแล้วสูงสุดในหมู่บ้าน ประมาณเอวครับ,https://storage.googleapis.com/traffy_public_bucket/attachment/2026-09/thumb_5f0455e046467b479eebecb397e8b3e0.jpg
2026-LZMY24,inprogress,2026-09-28 14:17,2026-09-28 15:26,100.65018,13.77914,บางกะปิ,คลองจั่น,ปัญหา: เข้าซอยศรีบูรพา 10 ไปประมาณ 50 เมตร เคหะคลองจั่น บ้านเลขที่ 1475 มีผู้อยู่อาศัย 4 คน เนื่องจากเกิดเหตุอุทกภัย จึงมีความประสงค์ขอรับความช่วยเหลือด้านอาหารและน้ำดื่ม ซอย: ศรีบูรพา 10 ถนน: ศรีบูรพา จุดสังเกต: ด้านขวามือ ประตูสีน้ำตาล เขต: บางกะปิ #1,https://storage.googleapis.com/traffy_public_bucket/attachment/2022-12/da2125e781282589d482070c3dba1726aa16a4a7.jpg
2026-MDR3DJ,irrelevant,2026-09-28 14:17,2026-09-28 14:24,100.67557,13.72257,ประเวศ,ประเวศ,ไม่แสดงรายละเอียด,https://storage.googleapis.com/traffy_public_bucket/TeamChadChart/fondue_photo.png
2026-RMHTFX,inprogress,2026-09-28 14:17,2026-09-28 14:23,100.67742,13.72388,ประเวศ,ประเวศ,น้ำท่วมขัง ความสูงระดับหัวเข่า น้ำท่วมมาแล้วน้อยกว่า 1 สัปดาห์,https://storage.googleapis.com/traffy_public_bucket/attachment/2026-09/1666e945905620aaf4f472517360e6d4.jpeg
2026-VBXPKN,finish,2026-09-28 14:17,2026-10-01 18:06,100.54378,13.77995,พญาไท,สามเสนใน,น้ำขังบริเวณทางเข้าศูนย์อาหารทุกครั้งเมื่อมีฝนตก ความสูงระดับข้อเท้า น้ำท่วมมาแล้วมากกว่า 1 สัปดาห์,https://storage.googleapis.com/traffy_public_bucket/attachment/2026-09/f52561bce5851b92ff3e4d8390ce7d89.jpeg
2026-EPT4DY,start,2026-09-28 14:20,2026-09-28 14:20,100.77795,13.74509,ลาดกระบัง,ลำปลาทิว,ขอความช่วยเหลือขอรถสูบน้ำทีค่ะ ตอนนี้น้ำเข้าที่บ้านหมดแล้ว เมื่อเช้านี้เพิ่งโดนไฟดูด สุ่มเสี่ยงมากๆค่ะ ต้องการรถสูบน้ำมาช่วยสูบน้ำออกค่ะ ความสูงระดับหน้าแข้ง น้ำท่วมมาแล้วน้อยกว่า 1 สัปดาห์,https://storage.googleapis.com/traffy_public_bucket/attachment/2026-09/4e6590ace2211b15ac449ee126f3fb85.jpeg
2026-PL7M8X,inprogress,2026-09-28 14:20,2026-09-28 14:53,100.69086,13.77775,สะพานสูง,สะพานสูง,หมู่บ้านโฮมเพลส ถ รามคำแหง140 ในหมู่บ้านท่วมทั้งหมด น้ำขังไม่ลดลงตั้งแต่เริ่มท่วม ในขณะที่ถนนสายหลักด้านนอก และ หมู่บ้านรอบข้าง น้ำลดลงแล้ว ความสูงระดับเอว น้ำท่วมมาแล้วน้อยกว่า 1 สัปดาห์,https://storage.googleapis.com/traffy_public_bucket/attachment/2026-09/thumb_729b20abae752a54875ff0a7a92220ad.jpg
2026-66UC99,inprogress,2026-09-28 14:21,2026-09-28 14:53,100.67928,13.77497,สะพานสูง,สะพานสูง,รามคำแหง 110 112 น้ำท่วมขังมา 3 วันแล้วค่ะ ตอนนี้อาหารของแห้งเริ่มจะหมดกันหลายบ้าน อยากให้ทางเขตสะพานสูงช่วยเข้ามาดำเนินการสูบน้ำหรือช่วยบรรเทาในส่วนนี้หน่อยค่ะ ที่บ้านมีคนสูงอายุและเด็กเล็กค่ะ ความสูงระดับหน้าแข้ง น้ำท่วมมาแล้วน้อยกว่า 1 สัปดาห์,https://storage.googleapis.com/traffy_public_bucket/attachment/2026-09/1660d89f48d6b5a25248b98f0698b572.jpeg
2026-HZRHKW,inprogress,2026-09-28 14:21,2026-09-28 14:26,100.58933,13.8717,บางเขน,อนุสาวรีย์,น้ำท่วมในซอยบ้านมา 3 วันแล้วไม่ลดเลยครับ ระดับเข่า ความสูงระดับหัวเข่า น้ำท่วมมาแล้วน้อยกว่า 1 สัปดาห์,https://storage.googleapis.com/traffy_public_bucket/attachment/2026-09/d7318368a503eb3189e196e655cba2ee.jpeg
2026-PDVAKU,inprogress,2026-09-28 14:21,2026-09-28 14:28,100.69635,13.72921,ประเวศ,ประเวศ,น้ำท่วมภายในหมู่บ้านภัสสรเพรสทีจ อ่อนนุช ซอยเฉลิมพระเกียรติ 87 แขวงประเวศ เขตประเวศ ประมาณ 3-4 วันน้ำยังไม่ลดเลยครับ รบกวนขอหน่วยงานเข้าช่วยเหลือนำเครื่องสูบน้ำออกหน่อยครับ เพื่อบรรเทาและกระสอบทรายครับ ขอบคุณครับ ความสูงระดับหัวเข่า น้ำท่วมมาแล้วน้อยกว่า ,https://storage.googleapis.com/traffy_public_bucket/attachment/2026-09/eff33a18f7306b4f50763ae791974bdf.jpeg
2026-UEFJYE,forward,2026-09-28 14:21,2026-09-28 14:58,100.65496,13.77973,บึงกุ่ม,คลองกุ่ม,ช่วยผันน้ำลงคลองแสนแสบที ความสูงระดับหัวเข่า น้ำท่วมมาแล้วน้อยกว่า 1 สัปดาห์,https://storage.googleapis.com/traffy_public_bucket/attachment/2026-09/0b998cdf83a56be49995c0efd7107555.jpeg
2026-7UKRFZ,inprogress,2026-09-28 14:22,2026-09-28 14:31,100.63792,13.76886,บางกะปิ,คลองจั่น,ซ.ลาดพร้าว 138 กับ 140 น้ำท่วมทั้งซอย ยังไม่มี จนท.เข้ามาดูแล ความสูงระดับหัวเข่า 3 วัน,https://storage.googleapis.com/traffy_public_bucket/attachment/2026-09/00c4f59fdfa45669df7bdc35a2a82461.jpeg
2026-GNN2F9,finish,2026-09-28 14:22,2026-09-29 10:27,100.36841,13.74488,บางแค,บางไผ่,หมู่บ้านชัชฎาวิลล่าซอย 1 เกิดน้ำท่วมสูง ทำให้รถเล็กไม่สามารถสัญจรออกจากหมู่บ้านได้ รบกวนเจ้าหน้าที่เร่งตรวจสอบและดำเนินการแก้ไขโดยด่วน ความสูงระดับ50-60cm น้ำท่วมมาแล้วท่วมมาตั่งแต่วันศุกร์ ที่ 25 กย,https://storage.googleapis.com/traffy_public_bucket/attachment/2026-09/8e65d82eaf1a633c07e0b06e7df76d0b.jpeg
2026-EFDJ86,inprogress,2026-09-28 14:23,2026-09-28 14:54,100.691,13.77916,สะพานสูง,สะพานสูง,ขอความช่วยเหลือจากกรุงเทพมหานคร นำเครื่องสูบน้ำมาช่วยสูบน้ำออกจาก ซ.รามคำแหง 140 หมู่บ้านโฮมเพลส ท่วมมา 4 วันแล้ว น้ำมีแต่เพิ่มขึ้น และขณะนี้ได้รับแจ้งว่ามีน้ำไหลจากนอกพื้นที่เข้ามาเติมมากขึ้นอีก ดูจากด้านหน้าถนนใหญ่เหมือนไม่มีอะไร แต่ด้านในซอยต่ำกว่าระดั,https://storage.googleapis.com/traffy_public_bucket/attachment/2026-09/d08b9cfd6c6b9033900e588e4f024a5b.jpeg
2026-MMBMXP,inprogress,2026-09-28 14:23,2026-09-28 15:06,100.66692,13.7867,บึงกุ่ม,คลองกุ่ม,บ้านเลขที่ 48/25 ม.4 ซ.เจริญกาญจน์ (สุดซอย 2) ถ.เสรีไทย 41 แขวงคลองกุ่ม เขตบึงกุ่ม กทม 10240 โทร 081822-7417 น้ำขึ้นไม่หยุด อาหารกำลังจะหมด ฝนตกไม่หยุด ออกจากบ้านไม่ได้ มีคนแก่ในบ้าน ขอถุงยังชีพหรือความช่วยเหลือเข้าไปนิดค่ะ บ้านอยู่สุดซอย ความสูงระดับน่,https://storage.googleapis.com/traffy_public_bucket/attachment/2026-09/9e0912af5b3c0c4ae492973375178fdc.jpeg
2026-Y2PVVG,finish,2026-09-28 14:23,2026-09-30 21:38,100.62585,13.84171,ลาดพร้าว,จรเข้บัว,ปัญหา: ภายในซอยดังกล่าว บริเวณหมู่บ้าน ทองสถิตย์ พบน้ำท่วมขัง ระดับน้ำสูงประมาณ 80 เซนติเมตร เนื่องจากฝนตกหนัก และน้ำได้ไหลเข้าบ้านเรือนประชาชน สร้างความเดือดร้อนให้กับผู้พักอาศัยบริเวณดังกล่าว อีกทั้งยังพบเครื่องสูบน้ำเสีย ขอให้เร่งดำเนินการแก้ไขและระบาย,https://storage.googleapis.com/traffy_public_bucket/attachment/2022-12/da2125e781282589d482070c3dba1726aa16a4a7.jpg
2026-28V79V,forward,2026-09-28 14:24,2026-09-28 14:25,100.6501,13.88874,สายไหม,คลองถนน,น้ำท่วม ยังไม่ลดเลย หมู่บ้านจิรทิพย์ ใก้ลทางด่วน รถน้ำจะท่วม แล้วค่ะ ช่วย มาสูบน้ำออกที่ ค่ะ ห่วงรถ ความสูงระดับหน้าขา ค่ะ น้ำท่วมมาแล้ว3 วันแล้วค่ะ ตอนนี้น้ำเริ่มเนามีกลิ่น,https://storage.googleapis.com/traffy_public_bucket/attachment/2026-09/thumb_36fd544352e694ab88a399dd2db70e40.jpg
2026-NVCWNU,inprogress,2026-09-28 14:24,2026-09-28 14:54,100.6895,13.77971,สะพานสูง,สะพานสูง,ขอความช่วยเหลือด่วน! มีน้ำล้นสระน้ำท่วมขังพื้นที่บ้านเรือน น่ำท่วมสูงกว่า 70cm มา 3 วันแล้ว ต้องการเครื่องสูบน้ำและกระสอบทราย พิกัด หมู่บ้านโฮมเพลส ซอยรามคำแหง 140 เขตสะพานสูง ความสูงระดับ70cm ครับ น้ำท่วมมาแล้ววันที่ 3 ครับ,https://storage.googleapis.com/traffy_public_bucket/attachment/2026-09/9a894b2111c903c3bab6e28eef91f30b.jpeg
2026-7N2EC2,inprogress,2026-09-28 14:25,2026-09-28 14:35,100.66004,13.84998,คันนายาว,รามอินทรา,น้ำท่วม ไร้หน่วยงานเข้าช่วยเหลือ ความสูงระดับหัวเข่า น้ำท่วมมาแล้วน้อยกว่า 1 สัปดาห์,https://storage.googleapis.com/traffy_public_bucket/attachment/2026-09/ce7c0342e0828bf05431b5658c9023a2.jpeg
2026-FJPU29,inprogress,2026-09-28 14:26,2026-09-28 23:00,100.67067,13.86892,บางเขน,ท่าแร้ง,ตอนนี้คู้บอน27แยก56 ระดับน้ำยังสูงและต้องการให้ กทม เข้ามาสูบน้ำโดยด่วน เพราะที่บ้านมีผู้ป่วยที่ต้องไปฟอกไต ทำให้การเดินทางลำบากค่ะ ความสูงระดับประมาณเข่าค่ะ รถไม่สามารถเข้าออกได้ น้ำท่วมมาแล้วตั้งแต่วันที่25ค่ะ,https://storage.googleapis.com/traffy_public_bucket/attachment/2026-09/a727ff34aa12ed9820ac95c13fe3d238.jpeg
2026-MBMDUW,inprogress,2026-09-28 14:27,2026-09-28 14:33,100.66538,13.81496,คันนายาว,รามอินทรา,สวัสดีค่ะ 🙏 ขอแจ้งสถานการณ์น้ำท่วมบริเวณ ซอยนวมินทร์ 74 แยก 3-8-13 ตอนนี้ยังคงมีน้ำท่วมขังต่อเนื่อง ระดับน้ำในตัวบ้านอยู่ที่ประมาณ ครึ่งหน้าแข้ง น้ำเริ่มไหลเข้าบ้านตั้งแต่ ช่วงค่ำวันที่ 25 ก.ย. โดยท่วมบริเวณ ห้องโถง ห้องครัว และห้องน้ำ และจนถึงตอนนี้น้ำ,https://storage.googleapis.com/traffy_public_bucket/attachment/2026-09/1bd6eb8c1aa2dee45d2cc6e44b987d0a.jpeg
2026-RYV2XH,inprogress,2026-09-28 14:27,2026-09-28 14:31,100.6439,13.78238,บางกะปิ,คลองจั่น,ปัญหา: บริเวณซอยดังกล่าว ฝั่งตรงข้ามโซนแฮปปี้แลนด์แมนชั่น ศูนย์บันเทิงการค้าแฮปปี้แลนด์เก่า มีความประสงค์ขอรับการสนับสนุนเครื่องอุปโภคบริโภค บ้านเลขที่: 214 ซอย: แฮปปี้แลนด์เก่า 1 ถนน: แฮปปี้แลนด์สาย 1 เขต: บางกะปิ #1555,https://storage.googleapis.com/traffy_public_bucket/attachment/2022-12/da2125e781282589d482070c3dba1726aa16a4a7.jpg
2026-Z6TG6W,forward,2026-09-28 14:27,2026-09-28 21:12,100.58104,13.85312,จตุจักร,ลาดยาว,ผมอยากให้คนมาช่วยดูตรงมอเกษตรหน่อยครับ ท่วมมา4วันแล้ว ในมอน้ำไม่ลดลงเลย ความสูงระดับหน้าแข้ง น้ำท่วมมาแล้วน้อยกว่า 1 สัปดาห์,https://storage.googleapis.com/traffy_public_bucket/attachment/2026-09/7ffd87667e6c9ffac01dfaee2e800872.jpeg
2026-C4DNFL,inprogress,2026-09-28 14:28,2026-09-28 15:02,100.68885,13.76598,สะพานสูง,สะพานสูง,น้ำท่วมไม่ลดลงเลย อาหารเริ่มหมด ความสูงระดับ8-10 นิ้ว น้ำท่วมมาแล้ว3วัน,https://storage.googleapis.com/traffy_public_bucket/attachment/2026-09/a8ab636308ca114620ddda77581c2574.jpeg
2026-TJ24GY,inprogress,2026-09-28 14:28,2026-09-28 14:34,100.63257,13.74697,สวนหลวง,สวนหลวง,น้ำท่วมขังซอย พระราม 9 51 แยกสามเป็นเวลาสามวันเต็มแล้วมีแต่ผู้สูงอายุอยู่ ความสูงระดับหัวเข่า น้ำท่วมมาแล้ว3 วันเต็มแล้ว,https://storage.googleapis.com/traffy_public_bucket/attachment/2026-09/8a3bd794704405c9cdbdd95a04334f5e.jpeg
2026-UYCKTU,finish,2026-09-28 14:28,2026-10-03 12:14,100.58212,13.84119,จตุจักร,เสนานิคม,น้ำท่วมขังทั้งในบ้านและรอบบ้านและทั้งซอย มานานกว่า5วัน ความสูงระดับหัวเข่า น้ำท่วมมาแล้ว5วันแล้วเครียดมาก,https://storage.googleapis.com/traffy_public_bucket/attachment/2026-09/bf60fb9320295158d18b3042e449bf54.jpeg
2026-DNC6LY,forward,2026-09-28 14:29,2026-09-28 14:30,100.68437,13.91987,สายไหม,สายไหม,ทางหน้าตลาดวงศกรมีระดับน้ำที่สูงถึงสูงมาก (1.30เมตร) หน้าห้างบิ๊กซีสุขาภิบาลห้ามีระดับน้ำที่สูง (1เมตร) หน้าสำนักงานเขตสายไหมมีระดับน้ำที่สูงพอสมควร (60-80เซนติเมตร) น้ำท่วมสูงทั้งเขตสายไหม ไม่มีใครเข้ามาช่วยและไม่มีหน่วยข่าวเอาออกสื่อ โปรดช่วยเหลือ,https://storage.googleapis.com/traffy_public_bucket/attachment/2026-09/2527641f5eb438623c217a7b35d4f124.jpeg
2026-UUPZLT,inprogress,2026-09-28 14:29,2026-09-28 14:32,100.58904,13.87005,บางเขน,อนุสาวรีย์,ซอยพหลโยธิน 51 น้ำท่วมสูงต่อเนื่องมาตั้งแต่วันเสาร์ที่ 26 แล้ว ขอความช่วยเหลือประชาชนในซอยด้วยคะ มีความเดือดร้อนมากคะ เนื่องจากน้ำเริ่มเน่าเสียคะ หน้าปากซอย น่าจะ 60 - 70 เซน คะ แต่ล่าสุดไม่มั่นใจออกไปไม่ได้คะ ตั้งแต่วันเสาร์ที่ 26 คะ,https://storage.googleapis.com/traffy_public_bucket/attachment/2026-09/5af9c4a5a6e1c0060c119789c13e22a9.jpeg
2026-7DEJ9M,inprogress,2026-09-28 14:30,2026-09-29 10:06,100.6433,13.77857,บางกะปิ,คลองจั่น,***ประสบภัยน้ำท่วมสูง*** ขอรับความช่วยเหลือ `เสบียงอาหาร/ถุงยังชีพ` สำหรับผู้ประสบภัยน้ำท่วมขัง จำนวน 6 คน 📌พิกัด บ้านเลขที่ 481 ถนนนวมินทร์ ซอย 37 จุดสังเกต : ปากทางเข้าซอยนวมินทร์ 37... ป้าย `โรงพยาบาลสัตว์คลองจั่น` **บ้านอยู่ท้ายสุดซอย (ซอยตัน) 80,https://storage.googleapis.com/traffy_public_bucket/attachment/2026-09/6141d04036688794d46b5343094507e3.jpeg
2026-9XRBGV,inprogress,2026-09-28 14:30,2026-09-28 14:33,100.63423,13.71191,สวนหลวง,สวนหลวง,น้ำท่วมหน้าบ้านสูง 60-80cm ตั้งแต่วันศุกร์ น้ำยังไม่ลดเลยค่ะ 4วัน แล้วค่ะ ลูกสาวต้องออกไปตรวจคนไข้ที่ รพ. แต่ขับรถออกไปไม่ได้ รบกวนแก้ไขด่วน ความสูงระดับ60-80cm น้ำท่วมมาแล้ว4วัน 3คืน,https://storage.googleapis.com/traffy_public_bucket/attachment/2026-09/b22d2644cbd98c2542cdcecc756707a3.jpeg
2026-N6UMFK,inprogress,2026-09-28 14:31,2026-09-28 14:35,100.67001,13.70615,ประเวศ,ประเวศ,น้ำท่วมขังมา 4 วันแล้ว ช่วยเร่งระบายหน่อยได้ไหม ขอละ หรือมาช่วยเหลือให้เห็นหน้าตาหน่อย มันลำบากการใช้ชีวิต การเข้าห้องน้ำ แจ้งแล้วแจ้งอีก ความสูงระดับหน้าแข้ง น้ำท่วมมาแล้วน้อยกว่า 1 สัปดาห์,https://storage.googleapis.com/traffy_public_bucket/attachment/2026-09/796c320456d61e7d768a219dee13ad3a.jpeg
2026-WFCNRY,inprogress,2026-09-28 14:31,2026-09-28 15:24,100.64183,13.78471,บางกะปิ,คลองจั่น,ปัญหา: ภายในซอยดังกล่าว บ้านเลขที่ 347 เนื่องจากเกิดอุทกภัย ผู้สูงอายุมีความประสงค์ขอรับการสนับสนุนเครื่องอุปโภคบริโภคและยารักษาโรค จำนวน 2 ชุด บอร์โทรศัพท์ 0920814139 บ้านเลขที่: 347 ซอย: 12 ถนน: แฮปปี้แลนด์สาย 1 เขต: บางกะปิ #1555,https://storage.googleapis.com/traffy_public_bucket/attachment/2022-12/da2125e781282589d482070c3dba1726aa16a4a7.jpg
2026-AWN9B4,inprogress,2026-09-28 14:32,2026-09-28 15:54,100.63613,13.69461,พระโขนง,บางจาก,น้ำท่วมซอยลึกครับ ทำการเดินทางไม่ได้เลยครับ ความสูงระดับเกือบๆเข่าครับ น้ำท่วมมาแล้ว3 วันละครับ,https://storage.googleapis.com/traffy_public_bucket/attachment/2026-09/d52fb06c6da5aa815b25d4418b2c5c21.jpeg
2026-FZW6TJ,finish,2026-09-28 14:32,2026-09-30 18:51,100.56131,13.85497,หลักสี่,ทุ่งสองห้อง,ต้องการหาซื้อรองเท้าบู๊ท เลยเข่า ลุยน้ำ #ขอกระสอบทราย/อื่นๆ,https://storage.googleapis.com/traffy_public_bucket/attachment/2026-09/c366e6bc115bae2b02ef1b2a1e979221.jpeg
2026-UPHVJU,inprogress,2026-09-28 14:32,2026-09-28 15:22,100.64287,13.76708,บางกะปิ,คลองจั่น,ปัญหา: อพาร์ตเมนต์จัสมิน บริเวณบ้านเลขที่ 115 ตรงข้ามเดอะมอลล์บางกะปิ เนื่องจากเหตุอุทกภัย ต้องการความช่วยเหลือขอรับเครื่องอุปโภคบริโภค ผู้สูงอายุ จำนวน 2 ท่าน คุณอัมพร คุณสิรินทรา 0645741359 บ้านเลขที่: 115 ถนน: ลาดพร้าว เขต: บางกะปิ #1555,https://storage.googleapis.com/traffy_public_bucket/attachment/2022-12/da2125e781282589d482070c3dba1726aa16a4a7.jpg
2026-BK8LYW,inprogress,2026-09-28 14:33,2026-09-28 15:20,100.64894,13.76293,บางกะปิ,หัวหมาก,ปัญหา: หมู่บ้านสวนสน ซอย 1 บ้านเลขที่ 2 เนื่องจากเหตุอุทกภัย ต้องการความช่วยเหลือขอรับเครื่องอุปโภคบริโภค จำนวน 3 ท่าน คุณกันธิตา 0617169396 บ้านเลขที่: 2 หมู่บ้าน: สวนสน ซอย 1 ซอย: รามคำแหง 60 ถนน: รามคำแหง เขต: บางกะปิ #1555,https://storage.googleapis.com/traffy_public_bucket/attachment/2022-12/da2125e781282589d482070c3dba1726aa16a4a7.jpg
2026-DT7FV9,inprogress,2026-09-28 14:34,2026-09-28 15:17,100.65364,13.76288,บางกะปิ,หัวหมาก,ปัญหา: ภายในซอยดังกล่าว บ้านเลขที่ 51 มีผู้สูงอายุ 2 ท่าน ติดอยู่ไม่สามารถออกมาซื้ออาหารได้ เนื่องจากเกิดเหตุอุทกภัย ต้องการความช่วยเหลือ เครื่องอุปโภคบริโภค ถุงยังชีพ ข้าวสารและอาหารแห้ง ขอให้เจ้าหน้าที่เร่งเข้าช่วยเหลือ ซอย: รามคำแหง 64 แยก 5 ถนน: รามค,https://storage.googleapis.com/traffy_public_bucket/attachment/2022-12/da2125e781282589d482070c3dba1726aa16a4a7.jpg
2026-L9TE9M,finish,2026-09-28 14:34,2026-10-03 21:59,100.62339,13.79559,วังทองหลาง,คลองเจ้าคุณสิงห์,น้ำขึ้น ความสูงระดับข้อเท้า น้ำท่วมมาแล้วน้อยกว่า 1 สัปดาห์,https://storage.googleapis.com/traffy_public_bucket/attachment/2026-09/thumb_c8c2d24f742930d7fb21a0ea6332229e.jpg
2026-3MHZER,finish,2026-09-28 14:35,2026-09-30 13:52,100.6226,13.84286,ลาดพร้าว,จรเข้บัว,หมู่บ้านสวนราชา ซอยประเสริฐมนูกิจ 29 แยก 8 น้ำท่วมขังในหมู่บ้านมาหลายวัน สามารถแจ้งให้หน่วยงานใดมาช่วยสูบน้ำออกจากหมู่บ้านได้มั้ยครับ ความสูงระดับหน้าแข้ง น้ำท่วมมาแล้วน้อยกว่า 1 สัปดาห์,https://storage.googleapis.com/traffy_public_bucket/attachment/2026-09/9dd3315b7d7a2861657282c639401105.jpeg
2026-H3WFC9,finish,2026-09-28 14:36,2026-10-05 15:11,100.65226,13.75675,บางกะปิ,หัวหมาก,น้ำท่วมสูงยังไม่มีหน่วยงานเข้าช่วยเหลือ ความสูงระดับเอว น้ำท่วมมาแล้วน้อยกว่า 1 สัปดาห์,https://storage.googleapis.com/traffy_public_bucket/attachment/2026-09/45f87a18f4dd274337ec9cb1f0b0211d.jpeg
2026-ZDNP3T,forward,2026-09-28 14:36,2026-09-28 14:58,100.64995,13.78732,บึงกุ่ม,คลองกุ่ม,ปัญหา: บริเวณซอย นวมินทร์ 24 ถึงซอย นวมินทร์ 26 พบน้ำท่วมขัง ระดับน้ำสูง เนื่องจากฝนตกหนัก และน้ำได้ไหลเข้าบ้านเรือนประชาชน สร้างความเดือดร้อนให้กับผู้พักอาศัยบริเวณดังกล่าว ขอให้เร่งดำเนินการระบายน้ำ ซอย: นวมินทร์ 24 ถนน: นวมินทร์ เขต: บึงกุ่ม #1555,https://storage.googleapis.com/traffy_public_bucket/attachment/2022-12/da2125e781282589d482070c3dba1726aa16a4a7.jpg
2026-D29KNV,inprogress,2026-09-28 14:37,2026-09-28 15:13,100.64325,13.77858,บางกะปิ,คลองจั่น,***ประสบภัยน้ำท่วมสูง*** ขอรับความช่วยเหลือ `เสบียงอาหาร/ถุงยังชีพ` สำหรับผู้ประสบภัยน้ำท่วมขัง จำนวน 6 คน 📌พิกัด บ้านเลขที่ 481 ถนนนวมินทร์ ซอย 37 จุดสังเกต : ปากทางเข้าซอยนวมินทร์ 37... ป้าย `โรงพยาบาลสัตว์คลองจั่น` **บ้านอยู่ท้ายสุดซอย (ซอยตัน) คว,https://storage.googleapis.com/traffy_public_bucket/attachment/2026-09/16675ba62787a9e90b18c913fcce4273.jpeg
2026-N6EFLF,inprogress,2026-09-28 14:37,2026-09-28 14:55,100.6903,13.77853,สะพานสูง,สะพานสูง,ตอนนี้ทีบ้านอยู่ซอย11D ของหมู่บ้านโฮมเพลส ซึ่งมีระดับน้ำสูงใกล้เข้าบ้าน ต้องการกระสอบทรายเพื่อกันน้ำไม่ให้เข้าบ้านคับ ความสูงระดับเอว น้ำท่วมมาแล้วน้อยกว่า 1 สัปดาห์,https://storage.googleapis.com/traffy_public_bucket/attachment/2026-09/957d98753867cde2d468d4c9cf872b0c.jpeg
2026-WP2PC9,inprogress,2026-09-28 14:37,2026-09-28 14:40,100.61076,13.70917,สวนหลวง,สวนหลวง,น้ำบนถนน ในซอยอ่อนนุช 14 ตอนแรก ถนนแห้งแล้ว แต่พอมีฝนตก ลงมา 30 นาที ไม่นานมาก น้ำก็กลับมาท่วมใหม่ค่ะ เป็นแบบนี้ตลอดตอนฝนตก อยากให้มาตรวจสอบท่อระบาย และหาสาเหตุ การเกิดซ้ำๆ แบบนี้ หลังเหตุการณ์ เสร็จสิ้น ค่ะ และอยากให้ช่วยรีบระบายน่ำออกให้ด้วยค่ะ เพราะเป็,https://storage.googleapis.com/traffy_public_bucket/attachment/2026-09/thumb_39a285f546d3dadae9a993cbd986e069.jpg
2026-6H2MBU,inprogress,2026-09-28 14:39,2026-09-29 20:51,100.80106,13.72253,ลาดกระบัง,ทับยาว,ปัญหา: ริมถนนดังกล่าว บริเวณบ้านเลขที่ 481 เนื่องจากเหตุอุทกภัย ต้องการความช่วยเหลือขอรับเครื่องอุปโภคบริโภค จำนวน 3 ท่าน บ้านเลขที่: 481 ถนน: ประชาพัฒนา จุดสังเกต: ใกล้เคียงมหาวิทยาลัยกรุงเทพสุวรรณภูมิ เขต: ลาดกระบัง #1555,https://storage.googleapis.com/traffy_public_bucket/attachment/2022-12/da2125e781282589d482070c3dba1726aa16a4a7.jpg
2026-FFDXJR,finish,2026-09-28 14:39,2026-10-01 09:04,100.6137,13.70526,พระโขนง,บางจาก,น้ำท่วม 4 วันแล้ว น้ำเพิ่มขึ้นอีก 50 ซม กำลังไฟะเจ้าบ้าน 4 วัน,https://storage.googleapis.com/traffy_public_bucket/attachment/2026-09/0345cb01961cb25b2829ddabb0606f84.jpeg
2026-NMW8WC,forward,2026-09-28 14:40,2026-09-28 18:31,100.72141,13.85005,คลองสามวา,บางชัน,หทัยราษฎร์6 น้ำยังท่วมขังในซอยอยุ่เลยค่ะ มีเครื่องสูบน้ำ มีเครื่องสูบน้ิฟฟๆ ความสูงระดับหน้าแข้ง น้ำท่วมมาแล้วน้อยกว่า 1 สัปดาห์,https://storage.googleapis.com/traffy_public_bucket/attachment/2026-09/79cca5f742125ab798e9b55d4fa64a6d.jpeg
2026-HK32JX,finish,2026-09-28 14:41,2026-10-05 13:54,100.63349,13.77623,บางกะปิ,คลองจั่น,ช่วยเรื่องระบายน้ำให้หน่อยครับอยากออกไปทำงานแล้วครับไม่มีจะกินแล้วออกไปไหนก็ไม่ได้ ของกินก็ไม่มีขาย แย่แล้วครับช่วยหน่อยครับ ความสูงระดับเอว น้ำท่วมมาแล้วน้อยกว่า 1 สัปดาห์,https://storage.googleapis.com/traffy_public_bucket/attachment/2026-09/8c5b2d2c28e43c10d6de3e5f471ce374.jpeg
2026-WWDNR3,inprogress,2026-09-28 14:42,2026-09-28 15:06,100.65364,13.7629,บางกะปิ,หัวหมาก,ปัญหา: ภายในซอยรามคำแหง 64 แยก 5 บ้านเลขที่ 51 เนื่องจากเกิดเหตุอุทกภัย จึงมีความประสงค์ขอรับความช่วยเหลือด้านอาหารและน้ำดื่ม มีผู้สูงอายุ 2 ท่าน เด็ก 1 ท่าน ถนน: รามคำแหง เขต: บางกะปิ #1555,https://storage.googleapis.com/traffy_public_bucket/attachment/2022-12/da2125e781282589d482070c3dba1726aa16a4a7.jpg
2026-XWF9BV,inprogress,2026-09-28 14:42,2026-09-28 14:57,100.69054,13.77801,สะพานสูง,สะพานสูง,เรียนทีมงานท่านผู้ว่าชัชชาติครับ ได้โปรดประสานงานเร่งด่วนไปยังหัวหน้าฝ่ายโยธาเขตสะพานสูง ให้หาวิธีลดระดับนำ้ขังที่สูงประมาณ1.40เมตรจากถนนในหมู่บ้านโฮมเพลส รามคำแหง140 เพื่อช่วยบรรเทาทุกข์ของขาวโฮมเพลสลงบ้างครับ หมู่บ้านเคซีซอยราม142ซึ่งอยู่ติดกันวันนี้นำ้,https://storage.googleapis.com/traffy_public_bucket/attachment/2026-09/thumb_9ddf90ef6f2bdf97fb9322de293904b4.jpg
2026-MGHNHZ,forward,2026-09-28 14:43,2026-09-28 17:30,100.72353,13.83438,คลองสามวา,บางชัน,น้ำท่วมเข้าบ้านเมื่อประมาณวันที่ 26 กันยายน 2569 เวลาประมาณ 01:05 น. แล้วมี Safe T-Cut ทำงาน ระบบไฟในบ้านตัดหมด เบื้องต้นมีความเสียหายในส่วนของเครื่องใช้ไฟฟ้า คือ เครื่องซักผ้า และตู้เย็น โดยน้ำที่เข้ามาบริเวณในบ้านสูงประมาณเลยตาตุ่มมาระดับนึง ส่วนน้ำบริเ,https://storage.googleapis.com/traffy_public_bucket/attachment/2026-09/4c072939673e618f8626236d1679f22a.jpeg
2026-ML2FE2,inprogress,2026-09-28 14:43,2026-09-28 14:43,100.67692,13.78953,คันนายาว,รามอินทรา,น้ำท่วมสูง รถยนต์สัญจรไม่ได้ ทั้งหมู่บ้าน ตั้งแต่วันที่ 25 จนถึงปัจจุบัน ระดับน้ำแทบจะไม่ลดลง ไม่มีหน่วยงานรัฐเข้ามาช่วยเหลือ ความสูงระดับรถเล็กผ่านไม่ได้เลยครับ ต้องใช้หกล้อวิ่ง น้ำท่วมมาแล้วน้อยกว่า 1 สัปดาห์,https://storage.googleapis.com/traffy_public_bucket/attachment/2026-09/226884a3c00981bb55fefcf07928e153.jpeg
2026-DDYYWL,inprogress,2026-09-28 14:44,2026-09-30 11:55,100.58825,13.93668,ดอนเมือง,สีกัน,น้ำท่วมขัง 3 วันแล้ว รถยนต์ทุกชนิดเข้าออกไม่ได้เข้าที่พักอาศัยไม่ได้ เดือดร้อนมาก ความสูงระดับตรงจุดาะพานข้ามคูนายกิม 2 ลงมาลึกประมาณเอวค่ะ น้ำท่วมมาแล้วตั้งแต่วันศุกรฺ จนวันนี้ค่ะ,https://storage.googleapis.com/traffy_public_bucket/attachment/2026-09/d5e09f8b856c3d0a7fed585ee3118508.jpeg
2026-FDANZC,inprogress,2026-09-28 14:44,2026-09-28 15:01,100.69007,13.77951,สะพานสูง,สะพานสูง,หมู่บ้านโฮมเพลส รามคำแหง 140 น้ำท่วมขังมา 4 วันแล้ว เริ่มเน่าเสีย น้ำสูงรถไม่สามารถลุยน้ำออกไปได้ เสบียงจะหมดแล้ว เร่งระบายน้ำให้ทีค่ะ ความสูงระดับเกือบเข่าแล้วค่ะ น้ำท่วมมาแล้ว4 วัน,https://storage.googleapis.com/traffy_public_bucket/attachment/2026-09/2816a9cb0ae916839e4c3841ac537753.jpeg
2026-8XBL9V,inprogress,2026-09-28 14:45,2026-09-28 14:56,100.69338,13.77614,สะพานสูง,สะพานสูง,หมู่บ้านโฮมเพลส ซอย รามคำแหง140 น้ำท่วมสูงมาก ความสูงระดับ50-80 ซม น้ำท่วมมาแล้ว3 วัน,https://storage.googleapis.com/traffy_public_bucket/attachment/2026-09/03f3587e40be17433007ce34607a23d4.jpeg
2026-3UGCP8,finish,2026-09-28 14:46,2026-09-28 14:47,100.62062,13.89606,สายไหม,คลองถนน,ผมอยากจะะออกไปทำงาน ต้องการรถ หรือพาหนะ พาไปส่งที่สถานีรถไฟฟ้าสะพานใหม่ ความสูงระดับหน้าแข้ง น้ำท่วมมาแล้วน้อยกว่า 1 สัปดาห์,https://storage.googleapis.com/traffy_public_bucket/attachment/2026-09/93fb092573a8a986373d11a412efe704.jpeg
2026-E2W4GA,start,2026-09-28 14:46,2026-09-28 14:46,100.78441,13.78774,ลาดกระบัง,ลำปลาทิว,ท่วมในหมู่บ้านปาริชาต คุ้มเกล้า 11 เฟส1 รถเล็ก เข้าออกไม่ได้ ความสูงระดับหัวเข่า 30-40cm,https://storage.googleapis.com/traffy_public_bucket/attachment/2026-09/d9e215428aa0921872fcadf35268cd33.jpeg
2026-WWMAD3,inprogress,2026-09-28 14:46,2026-09-28 14:59,100.63529,13.88318,บางเขน,ท่าแร้ง,น้ำท่วมขังระดับสูง เดินทางลำบาก ขอให้ช่วยเร่งระบายน้ำ ความสูงระดับหัวเข่า น้ำท่วมมาแล้วน้อยกว่า 1 สัปดาห์,https://storage.googleapis.com/traffy_public_bucket/attachment/2026-09/edc416d73e6396cc22ed79f7f31a6a6b.jpeg
2026-CFULUK,inprogress,2026-09-28 14:47,2026-09-28 15:00,100.68117,13.7696,สะพานสูง,สะพานสูง,ต้องการรถไปส่งอ๊อกซิเจนให้ผู้ป่วยติดเตียงที่สัมมากรครับ ความสูงระดับหัวเข่า น้ำท่วมมาแล้วน้อยกว่า 1 สัปดาห์,https://storage.googleapis.com/traffy_public_bucket/attachment/2026-09/1fea01d7d8c3604ba4b8f6b7f7bc5ae0.jpeg
2026-Y6C9KL,forward,2026-09-28 14:47,2026-09-28 14:55,100.5991,13.73944,สวนหลวง,สวนหลวง,ปัญหาคือยังมีน้ำท่วมขังครับ ขอทาง กทม ช่วยระบายน้ำครับ ความสูงระดับท่วมปริ่มฟุตบาทครับ น้ำท่วมมาแล้ว3-4 วันครับ,https://storage.googleapis.com/traffy_public_bucket/attachment/2026-09/aa756e6916c10cfd26718aca8c413583.jpeg
2026-CE9V6U,inprogress,2026-09-28 14:48,2026-09-28 17:16,100.71996,13.79402,มีนบุรี,มีนบุรี,น้ำท่วมสูงเกือบถึงเอวแล้วครับอยากได้เครื่องสูบน้ำมาสูบน้ำออกจากซอยรามคำแหง 174 หน่อยครับไม่สามารถออกไปไหนได้ ความสูงระดับวันนี้เมื่อสักครู่ได้ออกไปประมาณช่วงหัวเข่าแล้วครับ น้ำท่วมมาแล้วกำลังจะถึงน่องแล้วก็มาที่เอวแล้วครับ,https://storage.googleapis.com/traffy_public_bucket/attachment/2026-09/23d20af5f9e9adf829c16519a711fa85.jpeg
2026-XURRDU,finish,2026-09-28 14:48,2026-09-30 12:05,100.62318,13.88285,บางเขน,ท่าแร้ง,ขอให้ตรวจสอบคลองหนองผักชี ว่ามีการถมคลองหรือไม่ ขณะนี้มีน้ำท่วมขังถนนและชุมชนมาก ความสูงระดับหัวเข่า น้ำท่วมมาแล้วน้อยกว่า 1 สัปดาห์,https://storage.googleapis.com/traffy_public_bucket/attachment/2026-09/60a69a8e71765249dfb27b0de0b9f4fa.jpeg
2026-CN6RHR,finish,2026-09-28 14:49,2026-10-02 08:16,100.60679,13.69967,พระโขนง,บางจาก,ขออนุญาตเป็นสะพานข้อมูลให้กับวัดโคกค่ะ สุขุมวิท93 น้ำนองในวัด ยังไม่ลด เลยค่ะ พระท่านลำบากมาก ความสูงระดับหน้าแข้ง น้ำท่วมมาแล้วน้อยกว่า 1 สัปดาห์,https://storage.googleapis.com/traffy_public_bucket/attachment/2026-09/904aedd265c3298d7a6c4e0b4b169f43.jpeg
2026-B7B9CA,forward,2026-09-28 14:50,2026-09-28 14:51,100.6484,13.8875,สายไหม,คลองถนน,ตอนนี้บ้านบริเวณถนนสุขาภิบาล 5 ซอย 35/1 (แก้วประกาศิตซอย3) แขวงออเงิน เขตสายไหม กรุงเทพมหานคร 10220 พบปัญหาน้ำท่วมในซอยและน้ำสูงขึ้น เนื่องจากมีรถสูบน้ำมาปล่อยที่คลองหลังบ้าน พบว่ามาปล่อยตั้งแต่ช่วงเที่ยง จนตอนนี้เกือบ3ชั่วโมงแล้วยังไม่หยุดปล่อยน้ำ ทำให้น,https://storage.googleapis.com/traffy_public_bucket/attachment/2026-09/40b430f5bd63a14287da84518ad67304.jpeg
2026-Y24RTF,forward,2026-09-28 14:50,2026-09-28 21:26,100.64391,13.7639,บางกะปิ,หัวหมาก,อยากแจ้งน้ำท่วมบริเวณ แยกลำสาลี ซอยราม 89/2 ยังไม่เห็รเจ้าหน้าที่เข้ามาดูครับ ไม่แน่ใจว่ามีมาบ้างมั้ย ตอนนี้ไม่กล้าเดินลุยน้ำออกไปหน้าปากซอย เกรงว่าจะมีไฟรั่วครับ ความสูงระดับหน้าแข้ง น้ำท่วมมาแล้วน้อยกว่า 1 สัปดาห์,https://storage.googleapis.com/traffy_public_bucket/attachment/2026-09/0109176174cca1178e0b5083bca81dca.jpeg
2026-RU4VWK,inprogress,2026-09-28 14:51,2026-09-28 14:56,100.6961,13.72757,ประเวศ,ประเวศ,น้ำท่วมขังสูงเลย 40ซม ถนนหน้าหมู่บ้านภัสสรเพรสทีจ และท่วมในหมู่บ้านกว่า300 หลังคาเรือน รถเล็กไม่สามารถสัญจรได้ รถกระบะ สูงถึงวิ่งได้ ตั้งแต่26-28 กย 69 อยากขอความช่วยเหลือ -ช่วยหาเครื่องสูบน้ำมาช่วยดันน้ำออก ให้สามามรสัญจรได้ -ขอให้อำนวยความสะดวก ช่วย,https://storage.googleapis.com/traffy_public_bucket/attachment/2026-09/b3a3026e1f0d58875b36ca8729b6ba4e.jpeg
2026-C37MYM,inprogress,2026-09-28 14:52,2026-09-28 23:02,100.62815,13.86693,บางเขน,ท่าแร้ง,รามอินทรา39 แยก26 น้ำท่าม3 วันแล้ว มีขยะ ต้องมาเก็บ ไม่งั้นลงคลอง ยิ่งจะเก็บยากขึ้นค่ะ ความสูงระดับ40cm น้ำท่วมมาแล้วแต่เรื่องขยะ จะลงคลอง ทำให้ ระบายไปไม่ได้ ช่วยมาเก็บบ้าง,https://storage.googleapis.com/traffy_public_bucket/attachment/2026-09/fbbb779d0900d0107f7af2ebc89a3b90.jpeg
2026-YZY3ZU,finish,2026-09-28 14:52,2026-09-30 10:25,100.62024,13.79494,วังทองหลาง,คลองเจ้าคุณสิงห์,คือน้ำท่วมมาก สูงถึงเข่าตั้งแต่คืนวันศุกร์ ต่อเนื่องถึงวันนี้ ลดลงเล็กน้อย อยากให้ประสานเอาเครื่องสูบน้ำออกจากหมู่บ้านหน่อยคะ หลังหมู่บ้านติดคลอง ในหมู่บ้านมีคนแก่และผู้ป่วยติดเตียง แจ้งดรื่องแบ้ว แต่ไม่มีใครมาจัดการเรื่องน่ำที่สูงเลย ถ้ามีเครื่อวสูบน้ำจะ,https://storage.googleapis.com/traffy_public_bucket/attachment/2026-09/c167f124f9cee97223ac9b7079fafbc8.jpeg
2026-Z2GWXJ,finish,2026-09-28 14:52,2026-09-30 09:41,100.61938,13.78809,วังทองหลาง,คลองเจ้าคุณสิงห์,น้ำท่วมครับ ไม่ลดเลย ช่วยสูบด้วยครับ น้ำจะเน่าแล้ว ความสูงระดับหน้าแข้ง น้ำท่วมมาแล้ว20-25 cm,https://storage.googleapis.com/traffy_public_bucket/attachment/2026-09/91cbd340a81331da7dccc625d257c487.jpeg
2026-ZJAAYN,inprogress,2026-09-28 14:52,2026-10-01 08:30,100.57007,13.87409,หลักสี่,ทุ่งสองห้อง,น้ำยังคงท่วมอยู่ในบ้านและในซอยชุมชนหลังแฟลต8 แฟลตตำรวจส่วนกลาง วิภาวดี 27 ยังไม่มีหน่วยงานเข้ามาช่วยเหลือ บนถนนในแฟลตตำรวจและในซอยวิภาวดี27น้ำก้อยังไม่ลด ความสูงระดับหัวเข่า น้ำท่วมมาแล้ว3วัน,https://storage.googleapis.com/traffy_public_bucket/attachment/2026-09/426a0874b0574c41fd8778d46d4c2edc.jpeg
2026-8HGGAF,inprogress,2026-09-28 14:53,2026-09-28 14:56,100.60627,13.89429,บางเขน,อนุสาวรีย์,น้ำท่วมเข้าบ้าน 4 คืนแล้วครับ ในบ้านประมาณ เหนือเข่า ในซอยต้นขา-เอว ครับ ข้าวของในบ้านเสียหาย รถยนต์ที่จอดเสียหาย ความสูงระดับเอว น้ำท่วมมาแล้วน้อยกว่า 1 สัปดาห์,https://storage.googleapis.com/traffy_public_bucket/attachment/2026-09/thumb_7d90bc3d0ca130ac9038825a96aee56f.jpg
2026-D4HUE6,inprogress,2026-09-28 14:53,2026-09-28 14:58,100.67858,13.86811,บางเขน,ท่าแร้ง,น้ำท่วมขัง ช่องจราจร รถสัญจร ลำบาก และน้ำในคูคลองเล็กๆข้างๆก็ล้นแล้ว จะสูบไปทางไหน รบกวนแก้ไขด่วน ความสูงระดับ50ซม น้ำท่วมมาแล้วน้อยกว่า 1 วัน,https://storage.googleapis.com/traffy_public_bucket/attachment/2026-09/thumb_211fbf0a984819b09e4041c394a8e9c6.jpg
2026-HYWDPB,finish,2026-09-28 14:53,2026-10-03 21:57,100.5919,13.79481,วังทองหลาง,วังทองหลาง,เข้าที่ชั้น 1 หมด ขังประมาณข้อเท้าค่ะ ตั้งแต่วันศุกร์ ราวๆ 5 วันค่ะ,https://storage.googleapis.com/traffy_public_bucket/attachment/2026-09/44b7d6cb04f20eca696616c520a605ab.jpeg
2026-YFTLEH,finish,2026-09-28 14:53,2026-09-29 14:32,100.36028,13.76115,ทวีวัฒนา,ทวีวัฒนา,ปัญหา: บริเวณบ้านเลขที่ 51 หมู่ 6 พบน้ำท่วมขัง ระดับน้ำสูงประมาณ 1 เมตร มีผู้ประสบอุทกภัย จำนวน 3 ราย ได้แก่ ผู้สูงอายุ 2 ราย และผู้หญิง 1 ราย จึงขอให้หน่วยงานที่เกี่ยวข้องเร่งลงพื้นที่ตรวจสอบและให้ความช่วยเหลือ ทั้งนี้ สามารถติดต่อผู้ประสบอุทกภัยได้ที่หม,https://storage.googleapis.com/traffy_public_bucket/attachment/2022-12/da2125e781282589d482070c3dba1726aa16a4a7.jpg
2026-62ZC2E,inprogress,2026-09-28 14:54,2026-09-30 11:55,100.57047,13.94857,ดอนเมือง,สีกัน,น้ำท่วม เข้าวันที่ 4 น้ำเข้าบ้าน คืนวันที่ 25 จนตอนนี้ ระดับน้ำในบ้านคือ 30 cm ความสูงระดับวันที่ 25 20-40 cm 26 30-50 cm 27 25-40cm วันนี้ 20-30 cm น้ำท่วมมาแล้วจุดต่ำสุดในซอยวันนี้ ยัง 50 cm,https://storage.googleapis.com/traffy_public_bucket/attachment/2026-09/54b0745d24b525b8aa5df25ff58628b8.jpeg
2026-Z3K7WN,inprogress,2026-09-28 14:54,2026-09-28 14:57,100.66431,13.71572,ประเวศ,ประเวศ,ปัญหา: ภายในซอยดังกล่าว หมู่บ้านพิบูลย์สิน บ้านเลขที่ 299 เนื่องจากเกิดอุทกภัย มีความประสงค์ขอรับการสนับสนุนเครื่องอุปโภคบริโภคแ จำนวน 10 ชุด 0832579647 บ้านเลขที่: 299 หมู่บ้าน: พิบูลย์สิน ซอย: พิบูลย์สิน ถนน: อ่อนนุช เขต: ประเวศ #1555,https://storage.googleapis.com/traffy_public_bucket/attachment/2022-12/da2125e781282589d482070c3dba1726aa16a4a7.jpg
2026-KKUA9E,inprogress,2026-09-28 14:56,2026-09-28 14:58,100.84389,13.82348,หนองจอก,โคกแฝด,ถนนเชื่อมสัมพันธ์ ซอย 14 แขวงโคกแฝด เขตหนองจอก ในหมู่บ้านนนทวี ตอนนี้น่าจะยังมีน้ำท่วมขังอยู่ค่ะ ไม่แน่ใจว่าตอนนี้ระดับน้ำลดลงหรือยัง รบกวนเจ้าหน้าที่ช่วยเข้ามาดูหน่อยได้ไหมคะ พอดีเราอพยพออกมาตั้งแต่เมื่อวาน ความสูงระดับครึ่งน่องได้เลยค่ะ ในบางจุดที่พื้นล,https://storage.googleapis.com/traffy_public_bucket/attachment/2026-09/7262adbfa76312d1ffc7e94388cfdc5f.jpeg
2026-ZXRWFN,inprogress,2026-09-28 14:56,2026-09-28 14:58,100.68206,13.6845,ประเวศ,ดอกไม้,น้ำท่วมมาหลายวันจนถึงตอนนี้รอบนอกน้ำลดหมดแล้วแต่ซอยเฉลิมพระเกียรติร 9 ซอย 30 ทุกแยกยังไม่ลดเหมือนน้ำยังระดับเท่าเดิมฝนก็หยุดตกแล้วไม่รู้ว่ามีการดูดระบายน้ำช่วยหรือเปล่าตอนนี้น้ำเริ่มเหม็นเน่าแล้ว ความสูงระดับหัวเข่า น้ำท่วมมาแล้วน้อยกว่า 1 สัปดาห์,https://storage.googleapis.com/traffy_public_bucket/attachment/2026-09/d0bf1f07ea8a3c229744b7eca196623a.jpeg
2026-P4ND3W,forward,2026-09-28 14:57,2026-09-28 15:18,100.6364,13.89317,สายไหม,คลองถนน,น้ำท่วม ความสูงระดับหัวเข่า น้ำท่วมมาแล้วน้อยกว่า 1 สัปดาห์,https://storage.googleapis.com/traffy_public_bucket/attachment/2026-09/b1a8f62a6d61fda96369ae72506b0b0d.jpeg
2026-W4WVK3,inprogress,2026-09-28 14:57,2026-09-28 15:05,100.66952,13.80077,บึงกุ่ม,คลองกุ่ม,น้ำท่วมหมู่บ้านสหกรณ์ ซอยเสรีไทย57 บ้านเลขที่ 4/1128 แยก 57 แขวงคลองกุ่ม เขตบึงกุ่ม กทม มีผู้ใหญ่2 เด็ก2 ติดอยู่ในบ้าน ขาดแคลนเสบียงและน้ำดื่ม ไฟฟ้าใช้ได้บางส่วน โทร 091-5156429 ความสูงระดับสูงเกินหัวเข่า น้ำท่วมมาแล้วนาน 3วัน,https://storage.googleapis.com/traffy_public_bucket/attachment/2026-09/a3520e7623cdc0f210d8dcc27d2015e4.jpeg
2026-AVDFLY,finish,2026-09-28 14:58,2026-09-28 23:02,100.66799,13.8705,บางเขน,ท่าแร้ง,พี่ที่ออฟฟิคอยู่ที่ คันนายาว คู้บอน 27 ท้ายซอย น้ำเท่าเอว ขอความช่วยเหลือเรื่องข้าวอาหารค่ะ #ขอกระสอบทราย/อื่นๆ,https://storage.googleapis.com/traffy_public_bucket/attachment/2026-09/cc1df84482e9ff80d2464e8225ecfb41.jpeg
2026-GHE3Y3,finish,2026-09-28 14:58,2026-10-03 12:08,100.58534,13.84693,จตุจักร,เสนานิคม,ในซอยพหลโยธิน 44 น้ำไม่ยุบเลยครับ เห็นตามข่าวว่าถนนวิภาวดียุบหมดแล้ว ทำไมน้ำตรงนี้ไม่ระบายออกครับ ความสูงระดับหน้าแข้ง น้ำท่วมมาแล้วน้อยกว่า 1 สัปดาห์,https://storage.googleapis.com/traffy_public_bucket/attachment/2026-09/1d825d72ed89a55c7cf3b7ce5ddb3c77.jpeg
2026-YDUENK,start,2026-09-28 14:58,2026-09-28 14:58,100.78109,13.75224,ลาดกระบัง,ลำปลาทิว,เจ้าคุณทหารน้ำท่วมประมาณ 20 ซม. ความสูงระดับหัวเข่า น้ำท่วมมาแล้วน้อยกว่า 1 สัปดาห์,https://storage.googleapis.com/traffy_public_bucket/attachment/2026-09/4ec73ce5e5b55c46673adcdf64c97864.jpeg
2026-ZR8K7C,inprogress,2026-09-28 14:58,2026-09-28 15:03,100.66899,13.74601,สะพานสูง,สะพานสูง,กรุงเทพกรีฑาซอย15 น้ำท่วมขังค่ะ ความสูงระดับประมาณเข่าค่ะ น้ำท่วมมาแล้ว3 วันค่ะ,https://storage.googleapis.com/traffy_public_bucket/attachment/2026-09/20010a75aba936ec23deaad3ed87285c.jpeg
2026-9ZB49Y,start,2026-09-28 14:59,2026-09-28 14:59,100.7483,13.73568,ลาดกระบัง,คลองสามประเวศ,น้ำท่วมขัง เนื่องจากฝนตกเมื่อวันศุกร์เสาร์ที่ผ่าน มา ซึ่งไม่ติดกับคลองไดๆ อยากให้สูบน้ำภายในซอย ออกไปยัง รางน้ำฝนในถนนเส้นหลักครับ ความสูง 30-60 cm แล้วแต่พื้นที่ครับ ความสูงระดับหัวเข่า น้ำท่วมมาแล้วน้อยกว่า 1 สัปดาห์,https://storage.googleapis.com/traffy_public_bucket/attachment/2026-09/e8cea0ff92a164b91ba1910b66f8ecff.jpeg
2026-2A4MCY,inprogress,2026-09-28 15:00,2026-09-28 15:06,100.68545,13.67842,ประเวศ,ดอกไม้,ที่หมู่บ้านสวนหลวงวิลล์ซอยเฉลิมพระเกียรติร 9 28 น้ำก็ท่วมระดับสูงมากเช่นกันท่วมขังแต่ทำไมตรงอื่นถึงน้ำลดแล้วไม่มีเครื่องสูบน้ำหรือเครื่องระบายน้ำเลยช่วยเอาเครื่องมาสูบมาช่วยระบายน้ำที ความสูงระดับหัวเข่า น้ำท่วมมาแล้วน้อยกว่า 1 สัปดาห์,https://storage.googleapis.com/traffy_public_bucket/attachment/2026-09/a3839f1a2b4b1a44393591e7aec67c64.jpeg
2026-3F7ATL,inprogress,2026-09-28 15:00,2026-09-28 15:11,100.66596,13.72744,ประเวศ,ประเวศ,ตลอดทั้งซอยพัฒนาการ 65 พบน้ำท่วมขังมาประมาณ 4 วันแล้ว เนื่องจากฝนตกหนัก และยังไม่มีการระบายน้ำออก สร้างความเดือดร้อนให้แก่ผู้ที่พักอาศัยในบริเวณดังกล่าว ซอย: พัฒนาการ 65 แยก 1 ความสูงระดับสูงกว่าเอว น้ำท่วมมาแล้ว4 วันแล้วค่ะ,https://storage.googleapis.com/traffy_public_bucket/attachment/2026-09/thumb_1d26f78de77c97648d96146a43dbc73e.jpg
2026-XZP2NM,inprogress,2026-09-28 15:00,2026-09-28 15:06,100.69124,13.77595,สะพานสูง,สะพานสูง,หมู่บ้าน 59/256 ซอยรามคำแหง 140 น้ำท่วมสูง กลางหมู่บ้านสูงถึงอก ไม่สามารถออกไปได้ รวมถึงน้ำท่วมปั๊มน้ำ ไม่สามารถใช้ห้องน้ำได้ ตรงช่วงกลางหมู่บ้าน พี่ๆ เค้าแจ้งว่าประมาณเอวถึงอกเลยค่ะ น้ำท่วมมาแล้วน้อยกว่า 1 สัปดาห์,https://storage.googleapis.com/traffy_public_bucket/attachment/2026-09/4e8d9066839a47b46d87eeb7b5be4ad6.jpeg
2026-E9P74E,inprogress,2026-09-28 15:01,2026-09-29 10:30,100.74429,13.81654,มีนบุรี,แสนแสบ,สามแยกไฟฟ้าช่วงต่อสุวินทวงศ์-ราษฎร์อุทิศน้ำท่วม ความสูงระดับหัวเข่า น้ำท่วมมาแล้วน้อยกว่า 1 สัปดาห์,https://storage.googleapis.com/traffy_public_bucket/attachment/2026-09/7977a6c49e71f5b4f1e823b8960a0f6a.jpeg
2026-K8P6HU,finish,2026-09-28 15:01,2026-10-05 15:10,100.62343,13.75151,บางกะปิ,หัวหมาก,ปัญหา: ตลอดทั้งซอยดังกล่าว บริเวณหมู่บ้าน เสรี พบน้ำท่วมขัง เนื่องจากฝนตกหนัก และน้ำได้ไหลเข้าบ้านเรือนประชาชน สร้างความเดือดร้อนให้กับผู้พักอาศัยบริเวณดังกล่าว ขอให้เร่งดำเนินการระบายน้ำ ซอย: รามคำแหง 24 ถนน: รามคำแหง เขต: บางกะปิ #1555,https://storage.googleapis.com/traffy_public_bucket/attachment/2022-12/da2125e781282589d482070c3dba1726aa16a4a7.jpg
2026-A9N7JY,finish,2026-09-28 15:02,2026-10-05 08:03,100.46696,13.78126,บางกอกน้อย,อรุณอมรินทร์,ยังคงรอ ความหวังในการซ่อมนะครับ เครื่องยังไม่ได้รับการซ่อมเลย ยิ่งตอนมืดๆๆ น้ำในคลองบางกอกน้อยขึ้นสูง มันรั่วเข้ามาไหลลงในบ้านเพิ่มปริมาณท่วมขังอีกครับ ไม่มีเครื่องสูบน้ำ ลำบากมากๆๆครับ ช่วยติดตามเรื่องซ่อมให้ด้วยนะครับ 🙏🙏 ความสูงระดับหน้าแข้ง น้ำท่วมมาแล,https://storage.googleapis.com/traffy_public_bucket/attachment/2026-09/36c0a41db80945db3513a550d1d45a00.jpeg
2026-VKLHVX,finish,2026-09-28 15:03,2026-10-03 21:51,100.621,13.79501,วังทองหลาง,คลองเจ้าคุณสิงห์,ต้องการให้มีรถสูบน้ำออกจากซอย น้ำไม่ถูกระบายเลย ยังท่วมสูง และภายในบ้านเรือนก็มีน้ำท่วมขัง ระบายออกไม่ได้ เพราะถนนในซอยยังไม่ถูกระบายออก ความสูงระดับท่วมเท่าเข่าค่ะ น้ำท่วมมาแล้ว3 วันแล้วค่ะที่ท่วมสูง,https://storage.googleapis.com/traffy_public_bucket/attachment/2026-09/thumb_d2a22c359b916217345e70c8ecf5085d.jpg
2026-V6GK4A,forward,2026-09-28 15:04,2026-09-28 15:11,100.66392,13.7974,บึงกุ่ม,คลองกุ่ม,บริเวณในซอยนวมินทร์42 แยก 27 ไม่มีหน่วยงานใดเข้ามาช่วยสูบน้ำออกเลย น้ำท่วมขับมาตั้งแต่ค่ำวันพฤหัสบดีและสูงมาก อยากให้ส่งสำนักการระบายน้ำมาทำการวิดน้ำหรือสูบน้ำออก เพราะครอบครัวบริเวณด้านในไม่สามารถออกจากพื้นที่ได้เนื่องจากน้ำท่วมสูงกว่าตัวรถ ความสูงระดับจ,https://storage.googleapis.com/traffy_public_bucket/attachment/2026-09/c4e5320b2650af10ce9d03d9dee62a13.jpeg
2026-BFNXDW,inprogress,2026-09-28 15:05,2026-09-30 11:55,100.61921,13.94602,ดอนเมือง,สนามบิน,ซอยวิภาวดีรังสิต 84 น้ำผุดจากท่อระบายน้ำสูงขึ้นเรื่อยๆ ทั้งที่ไม่มีฝนตกแล้วตั้งแต่เช้าจนบ่าย3 ตอนนี้น้ำยังเพิ่มระดับขึ้นเรื่อยๆ ช่วยมาดูด้วย ความสูงระดับหัวเข่า น้ำท่วมมาแล้วน้อยกว่า 1 สัปดาห์,https://storage.googleapis.com/traffy_public_bucket/attachment/2026-09/thumb_c051f0dafc9548a3f4fb7d8fd30c7d9c.jpg
2026-ETDV77,inprogress,2026-09-28 15:05,2026-09-28 15:08,100.68743,13.76608,สะพานสูง,สะพานสูง,เนื่องจากสถานการณ์น้ำท่วมขังในพื้นที่ส่งผลกระทบต่อการเดินทางและการอยู่อาศัยเป็นอย่างมาก ทั้งด้านสุขอนามัยจากการท่วมขังของน้ำและน้ำเริ่มส่งกลิ่นเน่าเสีย การเพิ่มขึ้นของยุงและแมลงพาหะนำโรค ตลอดจนความเสี่ยงจากกระแสไฟฟ้ารั่วและความเสียหายต่อทรัพย์สิน ในฐานะปร,https://storage.googleapis.com/traffy_public_bucket/attachment/2026-09/3c2985848f835bddb330d55d131971ff.jpeg
2026-J436LG,finish,2026-09-28 15:05,2026-10-01 09:22,100.61496,13.70491,พระโขนง,บางจาก,น้ำขึ้นมาอีก...หน้าวาสนาแมนชั่น... ความสูงระดับหน้าแข้ง น้ำท่วมมาแล้วน้อยกว่า 1 สัปดาห์,https://storage.googleapis.com/traffy_public_bucket/attachment/2026-09/1a0d6d32b8ab39b4c90d7b8fd23e33f2.jpeg
2026-MUZ7TT,inprogress,2026-09-28 15:06,2026-09-28 15:13,100.63129,13.77954,บางกะปิ,คลองจั่น,น้ำท่วมเข้าบ้านมาเป็นวันที่สามแล้วและลดลงข้ามาก จนถึงตอนนี้ไม่มีหน่วยงานรัฐหรือเขตบางกะปิเข้ามาดูแลเลย อาหารจะหมดบ้านแล้ว แช่น้ำมาเป็นวันที่ 3 ช่วยประสานงานเขตบางกะปิให้นำอาหารแห้งมาช่วยเหลือประชาชนหน่อยค่ะ ความสูงระดับเกิน 30 ซม. น้ำท่วมมาแล้ว3 วัน,https://storage.googleapis.com/traffy_public_bucket/attachment/2026-09/73f388c79d14041c1382f78e30db2b18.jpeg
2026-HAPCYF,inprogress,2026-09-28 15:07,2026-09-28 15:13,100.64218,13.74804,บางกะปิ,หัวหมาก,ซอย หัวหมาก 3 และโรงพยาบาล สมิติเวช ศรีนครินทร์ แถวสถานีศรีกรีฑา น้ำท่วมสูงระดับ เข่า ช่วยระบายน้ำออกจากซอยให้ด้วยครับ ความสูงระดับหัวเข่า น้ำท่วมมาแล้วน้อยกว่า 1 สัปดาห์,https://storage.googleapis.com/traffy_public_bucket/attachment/2026-09/6e5c8448eb688216a1cd0f9ffd6e3c49.jpeg
2026-KBNPN7,finish,2026-09-28 15:07,2026-09-30 09:50,100.59994,13.77882,วังทองหลาง,วังทองหลาง,หมู่บ้านซิตี้ทาวน์โฮม ซอยลาดพร้าว 80 แยก 26 ยังไม่ลด ตอนนี้ น่าจะเหลือ 15-20 cm ท่วมตั้งแต่ ศุกร์ที่ 25 ตค 69,https://storage.googleapis.com/traffy_public_bucket/attachment/2026-09/a027a7629e3ab62c63cbbc875d4856a6.jpeg
2026-M2EE6G,inprogress,2026-09-28 15:08,2026-09-28 15:09,100.70443,13.7364,สะพานสูง,สะพานสูง,น้ำไม่มีการลดระดับลง ความสูงยังคงที่ 45ซม ใกล้จะเข้าสู่น้ำเสีย ความสูงระดับเอว น้ำท่วมมาแล้วน้อยกว่า 1 สัปดาห์,https://storage.googleapis.com/traffy_public_bucket/attachment/2026-09/c685584e6dc7694b855ab863cfd53d76.jpeg
2026-2THAAR,forward,2026-09-28 15:09,2026-09-28 15:10,100.65031,13.80499,บึงกุ่ม,คลองกุ่ม,น้ำท่วมขัง ในบ้านและนอกบ้าน ความสูงระดับเข่าค่ะ น้ำท่วมมาแล้วตั้งแต่24 กย.,https://storage.googleapis.com/traffy_public_bucket/attachment/2026-09/8c6d8acc459292ec0445ac44a50bf492.jpeg
2026-LXPXJB,inprogress,2026-09-28 15:09,2026-09-28 15:21,100.64333,13.77955,บางกะปิ,คลองจั่น,ปัญหา: ภายในซอยดังกล่าว บริเวณบ้านเลขที่ 526 มีผู้สูงอายุพักอาศัยติดอยู่ภายใน เนื่องจากเกิดเหตุอุทกภัย ต้องการความช่วยเหลือ เครื่องอุปโภคบริโภค ถุงยังชีพ ข้าวสารและอาหารแห้ง ขอให้เจ้าหน้าที่เร่งเข้าช่วยเหลือ ซอย: นวมินทร์ 43 ถนน: นวมินทร์ เขต: บางกะปิ #15,https://storage.googleapis.com/traffy_public_bucket/attachment/2022-12/da2125e781282589d482070c3dba1726aa16a4a7.jpg
2026-YX8CNC,inprogress,2026-09-28 15:09,2026-09-28 15:10,100.63421,13.73152,สวนหลวง,สวนหลวง,น้ำในบ้านท่วมขัง ถนน ในหมู่บ้านน้ำท่วมขัง ความสูงระดับสามวัน น้ำท่วมมาแล้วน้อยกว่า 1 สัปดาห์,https://storage.googleapis.com/traffy_public_bucket/attachment/2026-09/thumb_96048cee36ed4c32aeb8421601bb4c9a.jpg
2026-YRLHG2,finish,2026-09-28 15:11,2026-09-30 13:54,100.60088,13.8408,ลาดพร้าว,จรเข้บัว,ซอยในหมู่บ้ามที่เป็นไม้อัดคงผุพังทุกใบนะคะมีทุกห้องนับจาก นอกบ้านตู้รองเท้า พังต้องรวบใส่รถเก็บขยะไปเลย ทุกห้องคงเสียหายหมดส่วน ห้องครัวก็แช่หลายวันพึ่งลดวันจันทร์นี่เองค่ะตู้ส่วนล่างคงเสียหาย พองทั้งหมด2หลังค่ะ ห้องโถงใหญ่ส่วนล่างคงพองเสียหาย เป็นตู้เ,https://storage.googleapis.com/traffy_public_bucket/attachment/2026-09/be26839416bdd8032c3defdf06646618.jpeg
2026-27BPRY,inprogress,2026-09-28 15:13,2026-09-28 15:34,100.69914,13.69202,ประเวศ,ดอกไม้,ปัญหา: หมู่บ้านมัณฑนา อ่อนนุช วงแหวน4 พบน้ำท่วมขัง โดยเฉพาะช่วงคอสะพานทางเข้าออกสู่ถนนหลัก ระดับน้ำสูงประมาณ 40 เซนติเมตร ส่งผลให้ประชาชนได้รับความเดือดร้อน จึงขอให้เจ้าหน้าที่เร่งดำเนินการสูบน้ำ หมู่บ้าน: มัณฑนา อ่อนนุช วงแหวน 4 ถนน: กาญจนาภิเษก เขต: ปร,https://storage.googleapis.com/traffy_public_bucket/attachment/2022-12/da2125e781282589d482070c3dba1726aa16a4a7.jpg
2026-4FCT28,forward,2026-09-28 15:13,2026-09-28 15:14,100.61399,13.89304,สายไหม,คลองถนน,ซอยพหลโยธิน52 แยก16 น้ำท่วมค่อนข้างเยอะมากเลยค่ะ ตอนนี้4วันแล้วไม่มีท่าทีว่าจะลดและฝนตกหนักทุกวัน คนที่อยู่แถวนี้ก็หาของกินค่อนข้างลำบากเพราะเซเว่นของก็น้อยลงค่ะ ยิ่งหลังซอยทะลุไปคอนโดริชค่อนข้างลึกมากค่ะ ฝากด้วยนะคะ ความสูงระดับหน้าแข้ง น้ำท่วมมาแล้วน้อย,https://storage.googleapis.com/traffy_public_bucket/attachment/2026-09/4445505fdb8a5ce7e97826ffbc479e0e.jpeg
2026-EADKDR,inprogress,2026-09-28 15:13,2026-09-28 18:19,100.73732,13.82392,มีนบุรี,มีนบุรี,ปัญหา: ภายในโครงการ RK Office Park เนื่องจากเกิดเหตุอุทกภัย จึงมีความประสงค์ขอรับความช่วยเหลือด้านอาหารและน้ำดื่ม สำหรับผู้พักอาศัย จำนวนมากกว่า 100 หลังคาเรือน (เบอร์สำรอง 0656235539) ถนน: สุวินทวงศ์ จุดสังเกต: ใกล้กับ เมกาโฮม มีนบุรี เขต: มีนบุรี #1555,https://storage.googleapis.com/traffy_public_bucket/attachment/2022-12/da2125e781282589d482070c3dba1726aa16a4a7.jpg
2026-XEFN83,finish,2026-09-28 15:13,2026-10-03 21:47,100.62132,13.79351,วังทองหลาง,คลองเจ้าคุณสิงห์,อยากให้ยกถนนสูง เพราะ ที่นี่ไม่ว่า จะฝนตกน้อยหรือมากน้ำท่วมตลอด ท่อระบายน้ำเล็กสมัย 40 ปีที่แล้วไม่ได้ รับการพัฒนาเลยค่ะ ความสูงระดับหัวเข่า น้ำท่วมมาแล้วน้อยกว่า 1 สัปดาห์,https://storage.googleapis.com/traffy_public_bucket/attachment/2026-09/508cb7fe2a5d2d608cd3f4b7c935709f.jpeg
2026-M2NFGG,inprogress,2026-09-28 15:14,2026-09-29 07:39,100.58673,13.86063,บางเขน,อนุสาวรีย์,น้ำท่วมบ้านเสียหาย ความสูงระดับหัวเข่า น้ำท่วมมาแล้วน้อยกว่า 1 สัปดาห์,https://storage.googleapis.com/traffy_public_bucket/attachment/2026-09/411333f95af2147691ea6912c64eea26.jpeg
2026-RNE23K,finish,2026-09-28 15:14,2026-09-30 14:16,100.60247,13.73583,วัฒนา,คลองตันเหนือ,คลองตันนิเวศ ซอย 1 และซอยอื่นๆ น้ำสูงครึ่งแข้ง รถเก๋งและมอเตอร์ไชค์เข้าไม่ได้ค่ะ ความสูงระดับหน้าแข้ง น้ำท่วมมาแล้วน้อยกว่า 1 สัปดาห์,https://storage.googleapis.com/traffy_public_bucket/attachment/2026-09/03b2ea7fd0df2b996940985cb55d4944.jpeg
2026-WVRBCF,inprogress,2026-09-28 15:14,2026-09-28 15:33,100.68977,13.69216,ประเวศ,ดอกไม้,น้ำท่วมที่เฉลิมพระเกียรติ ร.9 ซอย 48 ซึ่งจากที่ฝนตกติดต่อหลายวัน ตอนนี้น้ำไม่ลดลงเลย อยากขอรถ รับส่งที่ พอจะรับส่งออกไปตรงจุดบริเวณที่น้ำไม่ท่วมได้มั้ยคะ ความสูงระดับเอว น้ำท่วมมาแล้วน้อยกว่า 1 สัปดาห์,https://storage.googleapis.com/traffy_public_bucket/attachment/2026-09/6811e231bb00b05f4b62bc035c75d870.jpeg
2026-2UME4Y,finish,2026-09-28 15:15,2026-10-03 21:38,100.62669,13.77913,วังทองหลาง,คลองเจ้าคุณสิงห์,น้ำขังนานเริ่มมีกลิ่นเหม็น อยากได้ปั๊มมาสูปออกไปเข้าคลองครับ ความสูงระดับหน้าแข้ง น้ำท่วมมาแล้วน้อยกว่า 1 สัปดาห์,https://storage.googleapis.com/traffy_public_bucket/attachment/2026-09/c46bf587cd945de0243f0c728479acd8.jpeg
2026-9XY96L,inprogress,2026-09-28 15:15,2026-09-28 21:08,100.65457,13.76079,บางกะปิ,หัวหมาก,น้ำท่วมบ้านชั้นล่าง หมู่บ้านธารทิพ ซอยรามคำแหง 62-64 ครับ อยากได้น้ำดื่มนะครับ ความสูงระดับเอว น้ำท่วมมาแล้วน้อยกว่า 1 สัปดาห์,https://storage.googleapis.com/traffy_public_bucket/attachment/2026-09/e665cef558c77dac3cd7037a8cfc73f4.jpeg
2026-UN9J7M,inprogress,2026-09-28 15:16,2026-09-28 15:18,100.64535,13.77954,บางกะปิ,คลองจั่น,น้ำไม่ลดลงเลยมีคนสูงอายุอยู่ในบ้านคนเดียวออกมาไม่ได้ 643 นวมินทร์ซ.14แยก2 คลองจั่น ความสูงระดับเอว น้ำท่วมมาแล้วน้อยกว่า 1 สัปดาห์,https://storage.googleapis.com/traffy_public_bucket/attachment/2026-09/080d58a5827468658a4a46e2f146816b.jpeg
2026-W66GN6,inprogress,2026-09-28 15:16,2026-09-28 15:43,100.612,13.8724,บางเขน,อนุสาวรีย์,น้ำท่วมขังจากฝนตกหนักช่วงวันที่ 25-27 ยังไม่ลด ความสูงระดับหน้าแข้ง 2 วันค่ะ,https://storage.googleapis.com/traffy_public_bucket/attachment/2026-09/50181de874ce41f6e495c1a647f22905.jpeg
2026-Y79ZPZ,start,2026-09-28 15:16,2026-09-28 15:16,100.80207,13.78174,ลาดกระบัง,ลำปลาทิว,น้ำท่วมถนนเท่ากับครองไม่มีที่กั้นอันตรายมากเลยค่ะ ความสูงระดับหัวเข่า น้ำท่วมมาแล้วน้อยกว่า 1 สัปดาห์,https://storage.googleapis.com/traffy_public_bucket/attachment/2026-09/c25310d7830e3535be7607ce17a65702.jpeg
2026-ZFZ233,inprogress,2026-09-28 15:16,2026-09-28 15:18,100.62745,13.75341,บางกะปิ,หัวหมาก,ปัญหา: ภายในซอยดังกล่าว บุตรสาวผู้ร้องพักอาศัยที่ Assembly Apartment เนื่องจากเกิดเหตุอุทกภัย จึงมีความประสงค์ขอรับความช่วยเหลือด้านอาหารและน้ำดื่ม จำนวน 2 ราย (หมายเลขโทรศัพท์บุตรสาว ชื่อ นรินทร์ 0611124582) ซอย: รามคำแหง 24 แยก 32 ถนน: รามคำแหง จุดสัง,https://storage.googleapis.com/traffy_public_bucket/attachment/2022-12/da2125e781282589d482070c3dba1726aa16a4a7.jpg
2026-HNEE8K,start,2026-09-28 15:18,2026-09-28 15:18,100.72538,13.76459,ลาดกระบัง,คลองสองต้นนุ่น,อยากออกจากที่พัก เคหะร่มเกล้าตึก 15 จำนวน 3 คนค่ะไม่มีน้ำดื่มและอาหารค่ะ #ขอกระสอบทราย/อื่นๆ,https://storage.googleapis.com/traffy_public_bucket/attachment/2026-09/5a9de9a650244dacc63c865904b775d9.jpeg
2026-WX68GE,finish,2026-09-28 15:18,2026-10-01 14:15,100.54857,13.85918,หลักสี่,ทุ่งสองห้อง,น้ำท่วมขังซอยงามวงศ์วาน 43 ช่วยสูบน้ำออกโดยเร็ว ความสูงระดับเอว น้ำท่วมมาแล้วน้อยกว่า 3 ชั่วโมง,https://storage.googleapis.com/traffy_public_bucket/attachment/2026-09/778015ed1ae7438faf34d42001f94463.jpeg
2026-HGJPJV,inprogress,2026-09-28 15:20,2026-09-30 11:54,100.62445,13.93621,ดอนเมือง,สนามบิน,ซอยพหลโยธิน 73 น้ำล้นเอ่อ ไม่มีการระบาย และเพิ่มขึ้นเรื่อยๆ #ขอกระสอบทราย/อื่นๆ,https://storage.googleapis.com/traffy_public_bucket/attachment/2026-09/28eb82f9a3da459c0063319a5777a548.jpeg
2026-J63JYH,finish,2026-09-28 15:20,2026-10-05 15:09,100.62641,13.75394,บางกะปิ,หัวหมาก,น้ำท่วมขังมาตั้งแต่ 25-09-2026 ความสูงระดับหน้าแข้ง น้ำท่วมมาแล้วน้อยกว่า 1 สัปดาห์,https://storage.googleapis.com/traffy_public_bucket/attachment/2026-09/068fdf32efbf39cc99c43a48db183099.jpeg
2026-NXRRTJ,finish,2026-09-28 15:20,2026-10-05 15:08,100.61757,13.74699,บางกะปิ,หัวหมาก,แจ้งปัญหาน้ำท่วมขังในซอยรามคำแหง 24 แยก 6 โดยเข้าท่วมบ้านตั้งแต่วันที่ 26 กันยายน 2569 เวลา 00.30 น. โดยระดับความสูงของน้ำที่ท่วมขังในบ้านอยู่ที่ 30 -50 ซม. ทั้งนี้ ผู้ประสบภัยแจ้งประสานผ่าน หมายเลข 1555 ทั้งหมด 3 ครั้ง โทรประสานเขตบางกะปิ ตั้งแต่เช้าวันเ,https://storage.googleapis.com/traffy_public_bucket/attachment/2026-09/c802e8b5b041504238de7eec84c92629.jpeg
2026-FEWUCF,start,2026-09-28 15:21,2026-09-28 15:21,100.8232,13.74068,ลาดกระบัง,ทับยาว,ชุมชนวัดสุธาโภชน์ ถนนสารีบุตร ทับยาว เขตลาดกระบัง วิกฤตแล้ว น้ำท่วมล้อมชุมชนเข้าออกไม่ได้ ปริมาณน้ำเลยเข่าแล้ว และชุมชนอยู่ลึกจากถนนหลัก ความสูงระดับหัวเข่า น้ำท่วมมาแล้วน้อยกว่า 1 สัปดาห์,https://storage.googleapis.com/traffy_public_bucket/attachment/2026-09/3884b6806619190ba114c14ba22afd2c.jpeg
2026-MBAA7R,inprogress,2026-09-28 15:21,2026-09-29 10:32,100.7079,13.79527,มีนบุรี,มีนบุรี,น้ำท่วมในบ้านหลายวันแล้วค่ะไม่ลดเลยบ้านอยู่ติดคลองเลยค่ะ ความสูงระดับหน้าแข้งค่ะ แต่ออกไปหน้าบ้านเกือบถึงเอวค่ะ น้ำท่วมมาแล้ว3วันแล้วค่ะ,https://storage.googleapis.com/traffy_public_bucket/attachment/2026-09/70a8e872124d1aa10c85b33ed24f3ceb.jpeg
2026-BYH7PK,inprogress,2026-09-28 15:23,2026-09-30 13:29,100.59321,13.94691,ดอนเมือง,สีกัน,น้ำท่วมขัง ไม่ลดลง สูงสุดประมาณสูงกว่าเข่า มากกว่า 30 ซม แต่น้ำไม่ระบายมา 3 วันแล้วค่ะ ความสูงระดับประมาณหน้าแข้งตรงหน้าบ้านค่ะ น้ำท่วมมาแล้วมีซอยข้างในเกือบเข่าคืะ,https://storage.googleapis.com/traffy_public_bucket/attachment/2026-09/53b8a467b6b90f06d6d90999d3bae88f.jpeg
2026-L6DAZY,inprogress,2026-09-28 15:23,2026-09-28 15:31,100.69072,13.77855,สะพานสูง,สะพานสูง,น้ำท่วมขังสูง 60-80 ซม ตั้งแต่วันที่ 26 กันยายน ไม่สามารถระบายได้ ต้องการเครื่องสูบน้ำ เพื่อระบายน้ำ ความสูงระดับประมาณ 80 ซม (เลยกัวเข่า) น้ำท่วมมาแล้วตั้งแต่คืนวันศุกร์,https://storage.googleapis.com/traffy_public_bucket/attachment/2026-09/038a5885843d0a12411db40dfde15b02.jpeg
2026-4DBYJM,finish,2026-09-28 15:24,2026-09-30 13:51,100.62906,13.83574,ลาดพร้าว,ลาดพร้าว,น้ำท่วมไม่ลด ความสูงระดับหน้าแข้ง น้ำท่วมมาแล้วน้อยกว่า 1 สัปดาห์,https://storage.googleapis.com/traffy_public_bucket/attachment/2026-09/8f1a903c712378db635901bd11bc51b0.jpeg
2026-6BRFU7,inprogress,2026-09-28 15:24,2026-09-28 15:27,100.62154,13.80858,บางกะปิ,คลองจั่น,น้ำรอระบาย ถนนภายในซอยโยธินพัฒนา9 ใกล้คลองจั่น (เลียบด่วนรามอินทรา) หลังฝนหยุดตก ระดับน้ำยังไม่ลดลง ยังระบายได้ช้า ขอให้ส่วนที่เกี่ยวข้อง เร่งระบายน้ำ อย่างต่อเนื่องค่ะ ความสูงระดับหัวเข่า น้ำท่วมมาแล้วน้อยกว่า 1 สัปดาห์,https://storage.googleapis.com/traffy_public_bucket/attachment/2026-09/ab6276f4b093dfd307664db7ebe10687.jpeg
2026-MXRTCK,inprogress,2026-09-28 15:24,2026-09-28 15:33,100.84296,13.80287,หนองจอก,ลำผักชี,น้ำท่วมรอบบ้านไม่มีหน่อยงานไหนเข้ามาดูแลหรือติดต่อเข้ามาเลยค่ะ ความสูงระดับเอว น้ำท่วมมาแล้วน้อยกว่า 1 สัปดาห์,https://storage.googleapis.com/traffy_public_bucket/attachment/2026-09/282e8113324b2355d65eed15b0c3562a.jpeg
2026-TK6NWA,inprogress,2026-09-28 15:24,2026-09-28 15:46,100.6842,13.79336,คันนายาว,คันนายาว,น้ำท่วมไม่ระบายออกจากซอย เริ่มมีสีคล้ำ ช่วยเร่งระบายน้ำออกจากซอยด้วย น้ำปากซอยสูง 30-35 ซม. ท้ายซอยสูง 10 -15 ซม. อีกอย่างหนึ่งที่อยากสอบถาม มีบางบ้านมีกระสอบทราย ได้คุยกับบ้านที่ได้รับกระสอบทรายแจ้งว่า ต้องไปลงชื่อที่เขตและไปรับเอง กรณีนี้บ้านไหนเป็นคนชร,https://storage.googleapis.com/traffy_public_bucket/attachment/2026-09/58f6e5f6f0707fdb5fbe0256da2ddcd4.jpeg
2026-V2MPUZ,finish,2026-09-28 15:24,2026-10-01 08:42,100.62254,13.69714,พระโขนง,บางจาก,ในซอยสุขุมวิท101 มีซอยนี้ซอยเดียวที่คนอื่นแห้งแล้ว แต่ซอยนี้ยังลึก 30เซน ขนาดไรเดอร์ยังไม่ยอมมาส่งอาหาร ความสูงระดับหัวเข่า น้ำท่วมมาแล้วน้อยกว่า 1 สัปดาห์,https://storage.googleapis.com/traffy_public_bucket/attachment/2026-09/b4c844b26c19c2e1fc9b9ba77cbab38a.jpeg
2026-E2L6BF,inprogress,2026-09-28 15:25,2026-09-28 15:27,100.68809,13.69273,ประเวศ,ดอกไม้,น้ำขังไม่มีทางระบายเลยค่ะ ประมาณก่อนถึงหัวเข่าค่ะ ตั้งแต่วันศุกร์ค่ะ,https://storage.googleapis.com/traffy_public_bucket/attachment/2026-09/a93c3b1c19c2ebca1821b05bd7747267.jpeg
2026-MU7HC8,inprogress,2026-09-28 15:25,2026-09-28 15:29,100.65264,13.72024,ประเวศ,ประเวศ,ระดับน้ำแทบไม่ลด รถยนต์บางประเภทและรถจักรยานยนต์ผ่านไม่ได้เลย ความสูงระดับหัวเข่า น้ำท่วมมาแล้วน้อยกว่า 1 สัปดาห์,https://storage.googleapis.com/traffy_public_bucket/attachment/2026-09/d8219d6d2e8dcc927f0c4d842ce21b57.jpeg
2026-PCCZ8W,inprogress,2026-09-28 15:25,2026-09-29 21:04,100.72615,13.75877,ลาดกระบัง,คลองสองต้นนุ่น,ปัญหา: เคหะร่มเกล้า อาคาร 19 ชั้น 2 บ้านเลขที่ 108/168 และบ้านข้างเคียง (ไม่ทราบเลขที่)เนื่องจากเกิดเหตุอุทกภัย จึงมีความประสงค์ขอรับความช่วยเหลือด้านอาหารน้ำดื่ม อาหารแมว อาหารสุนัข ยารักษาโรค ถนน: เคหะร่มเกล้า จุดสังเกต: ซอย 5-2 เขต: ลาดกระบัง #1555,https://storage.googleapis.com/traffy_public_bucket/attachment/2022-12/da2125e781282589d482070c3dba1726aa16a4a7.jpg
2026-UCNJG9,forward,2026-09-28 15:26,2026-09-28 15:29,100.62195,13.89591,สายไหม,คลองถนน,น้ำท่วมขัง ฝนหยุดแล้ว แต่น้ำไม่ลดลงเลยคะ โซนสายไหม เพิ่มสิน เทพรักษ์ น้ำแทบไม่ลง เครื่องสูบน้ำเสียหรือคะ ความสูงระดับหน้าแข้ง น้ำท่วมมาแล้วน้อยกว่า 1 สัปดาห์,https://storage.googleapis.com/traffy_public_bucket/attachment/2026-09/6b9c70781e215110704977a52c8e42e6.jpeg
2026-BNHKLL,inprogress,2026-09-28 15:27,2026-09-28 17:05,100.65137,13.78327,บึงกุ่ม,คลองกุ่ม,ปัญหา: ตลอดทั้งซอยดังกล่าว หมู่บ้านศรีนครพัฒนา มีผู้พักอาศัยติดอยู่จำนวนมาก เนื่องจากเกิดเหตุอุทกภัย ต้องการความช่วยเหลือ เครื่องอุปโภคบริโภค ถุงยังชีพ ข้าวสารและอาหารแห้ง ขอให้เจ้าหน้าที่เร่งเข้าช่วยเหลือ ซอย: นวมินทร์ 24 ถนน: นวมินทร์ เขต: บึงกุ่ม #1555,https://storage.googleapis.com/traffy_public_bucket/attachment/2022-12/da2125e781282589d482070c3dba1726aa16a4a7.jpg
2026-KYL2UE,finish,2026-09-28 15:27,2026-10-05 13:32,100.66815,13.87468,บางเขน,ท่าแร้ง,หมู่บ้านเสนาวิลล่า9 ท้ายซ้อยคู้บอน27 น้ำไม่ลดเลยรบกวนช่วยประสานเครื่องสูบน้ำด้วยครับและยังไม่มีหน่วยงานเข้ามาช่วยเหลือแจกอาหารและน้ำดื่ม ความสูงระดับประมาณเข่า น้ำท่วมมาแล้ว3วัน,https://storage.googleapis.com/traffy_public_bucket/attachment/2026-09/e31df23a17dd8f8761d807cbe8a604c9.jpeg
2026-YVBGRW,finish,2026-09-28 15:27,2026-09-30 10:16,100.6239,13.77281,วังทองหลาง,พลับพลา,น้ำท่วมขังภายในตัวบ้านและบริเวณรอบบ้านตั้งแต่คืนวันที่ 25/9 จนถึงวันนี้ 28/9 น้ำในบ้านยังลดไม่หมด มีของในบ้านเสียหายโดยเฉพาะอย่างยิ่งเอกสารที่จะต้องใช้ประกอบการสอนวิชากฎหมายในมหาวิทยาลัย ความสูงระดับที่โรงรถสูงประมาณ 1 ฟุตกว่าๆค่ะ น้ำท่วมมาแล้วตั้งแต่คืนว,https://storage.googleapis.com/traffy_public_bucket/attachment/2026-09/26088473c8569cb9a63b07647d76a64e.jpeg
2026-7DJV99,start,2026-09-28 15:28,2026-09-28 15:28,100.76138,13.75501,ลาดกระบัง,คลองสามประเวศ,น้ำท่วมเลยมาถึงแล้วรถเกือบไปไม่รอด ความสูงระดับหน้าแข้ง น้ำท่วมมาแล้วน้อยกว่า 1 วัน,https://storage.googleapis.com/traffy_public_bucket/attachment/2026-09/a185546d3aa74515d99968b29d3cb086.jpeg
2026-FBDCVT,inprogress,2026-09-28 15:28,2026-09-28 15:43,100.68431,13.80543,คันนายาว,คันนายาว,น้ำท่วมมา2วันแล้วครับ ยังไม่มีหน่วยงานไหนเข้ามาช่วยเหลือเลยคับ ความสูงระดับหัวเข่าครับ น้ำท่วมมาแล้ว3วันคับ,https://storage.googleapis.com/traffy_public_bucket/attachment/2026-09/a9d41cda69695f974dbef579d998ea1c.jpeg
2026-J76WEL,inprogress,2026-09-28 15:28,2026-09-28 15:31,100.69114,13.76325,สะพานสูง,สะพานสูง,ราม 118 น้ำท่วมขังมาหลายวันแล้วไม่มีวี่แวว่าจะลด ความสูงระดับหัวเข่า น้ำท่วมมาแล้ว3 วัน,https://storage.googleapis.com/traffy_public_bucket/attachment/2026-09/9ad8349c9660aafe4c97cf14ac665f4c.jpeg
2026-9G2TUR,finish,2026-09-28 15:29,2026-09-28 15:46,100.65682,13.92352,สายไหม,สายไหม,ต้องการขอรับความช่วยเหลือค่าเช่าบ้าน หน้าแข้งครับ 4วันครับ,https://storage.googleapis.com/traffy_public_bucket/attachment/2026-09/2ecaa77dea4c3c7a3dc1f5c8a8d53c18.jpeg
2026-L9RDUR,finish,2026-09-28 15:29,2026-09-30 18:44,100.58347,13.86235,หลักสี่,ตลาดบางเขน,28/9 วันนี้น้ำท่วมเข้าวันที่ 4 แล้วค่ะ ท่วมมาตั้งแต่ศุกร์ 25/9 เนื่องจากบ้านอยู่ต่ำกว่าถนน รบกวนขอกระสอบทราย มากั้นหน้าบ้าน เพื่อสูบน้ำออก เนื่องจากน้ำที่ขังในบ้านเริ่มเน่า คนในบ้านเริ่มเป็นโรคน้ำกัดเท้า และชักโครกกดไม่ลงแล้วค่ะ ถนนวิภาวดีและตลอดซอย 60 ร,https://storage.googleapis.com/traffy_public_bucket/attachment/2026-09/4c91c19c25e5b8575d5bdd6c4ebc1ab1.jpeg
2026-PVY9W9,inprogress,2026-09-28 15:29,2026-09-29 11:54,100.66095,13.76326,บางกะปิ,หัวหมาก,น้ำท่วมเข้าบ้านและยังไม่มีหน่วยงานใดเข้าช่วยเหลือค่ะ ของในบ้านเสียหายมากที่บ้านมีผู้สูงอายุ และ ผู้ดูแล แต่เข้าใจสถานการณ์ดีค่ะมีคนที่เดือดร้อนมากกว่าเลยพอดูแลกันเองได้ไปก่อน แต่ขอแจ้งเรื่องความเสียหายในบ้านเพื่อรับทราบ ถ้ายืนบนถนนในชอย ประมาเหนือหัวเขาขึ,https://storage.googleapis.com/traffy_public_bucket/attachment/2026-09/7cb7db30fac7dbfcc95c7d0e8dcb16ff.jpeg
2026-U8JGCW,forward,2026-09-28 15:29,2026-09-30 18:41,100.58296,13.86616,หลักสี่,ตลาดบางเขน,แจ้งความเสียหายทรัพย์สิน ความสูงระดับหน้าแข้ง น้ำท่วมมาแล้วน้อยกว่า 1 สัปดาห์,https://storage.googleapis.com/traffy_public_bucket/attachment/2026-09/fd4e974776b02960f14b26e686d09e76.jpeg
2026-GJA7XK,inprogress,2026-09-28 15:31,2026-09-28 15:32,100.67274,13.7457,สะพานสูง,สะพานสูง,น้ำท่วมซอยกรุงเทพกรีฑา 17 ถนนกรุงเทพกรีฑา สะพานสูง ยังไม่ลดเลย ความสูงระดับ25-30 ซม ถนนซอย ในบ้าน 30-40 น้ำท่วมมาแล้วตี้งแจ่ 24 กันยายนตอนเย็น,https://storage.googleapis.com/traffy_public_bucket/attachment/2026-09/a87822a236e450c78be94154f64c6b89.jpeg
2026-T76NYB,inprogress,2026-09-28 15:32,2026-09-30 13:29,100.60614,13.94571,ดอนเมือง,สีกัน,หมู่บ้านเปรมประชา เขตดอนเมืองน้ำไม่ลดเลย น้ำเอ่อมาที่อ่างล้างจาน ใช้งานไม่ได้ ประมาณ 30 ซม 3 วัน,https://storage.googleapis.com/traffy_public_bucket/attachment/2026-09/417ec875ea5f908eb86da866e5d74d2c.jpeg
2026-BLVK49,forward,2026-09-28 15:35,2026-10-05 09:53,100.57589,13.88742,หลักสี่,ทุ่งสองห้อง,น้ำท่วมขัง ยืนแช่น้ำรอรถ ควรหาเครื่องสูบน้ำมาสูบระบาย ความสูงระดับหน้าแข้ง น้ำท่วมมาแล้ว4วัน,https://storage.googleapis.com/traffy_public_bucket/attachment/2026-09/cdd4c24aebaca424d436a4a39997e0ad.jpeg
2026-6HTPPN,inprogress,2026-09-28 15:36,2026-09-28 21:32,100.6373,13.77734,บางกะปิ,คลองจั่น,น้ำไม่ยอมลดเลยในขณะที่คลองยายเขื่อนน้ำกลับไม่เต็มคลองเหมือนว่ามีอะไรไปขวางทางน้ำไว้หรือเปล่า ความสูงระดับประมาณ 50 cm น้ำท่วมมาแล้วท่วมมาตั้งแต่คืนวันศุกร์,https://storage.googleapis.com/traffy_public_bucket/attachment/2026-09/cd2f84e29ad4979c5c516e8368b3b4e2.jpeg
2026-HD2C9B,inprogress,2026-09-28 15:36,2026-09-29 09:04,100.79885,13.78895,หนองจอก,ลำผักชี,น้ำท่วมเป็นวงกว้างในหมู่บ้าน และเข้าตัวบ้าน ต้องการกระสอบทรายเยอะมาก ความสูงระดับหัวเข่า น้ำท่วมมาแล้วน้อยกว่า 1 สัปดาห์,https://storage.googleapis.com/traffy_public_bucket/attachment/2026-09/014a85caf21d52287915396ca4227329.jpeg
2026-ML93X4,inprogress,2026-09-28 15:36,2026-09-28 15:47,100.68711,13.76594,สะพานสูง,สะพานสูง,ในหมู่บ้านพฤกษชาติเป็นที่ตั้งสำนักงานเขตสะพานสูงน้ำท่วมขังด้านนอกถนนรามคำแหงแห้งหมดแล้วน้ำในหมู่หมู่บ้านยังคงไม่สามารถเข้าออกได้ทางสำนักงานเขตจะดำเนินการอย่างไร ความสูงระดับ167 น้ำท่วมมาแล้วตั้งแต่วันที่ 25 กันยายน,https://storage.googleapis.com/traffy_public_bucket/attachment/2026-09/954134761b71b14418ff844743f7d26d.jpeg
2026-CWUWK2,inprogress,2026-09-28 15:37,2026-09-28 17:05,100.65627,13.78584,บึงกุ่ม,คลองกุ่ม,ปัญหา: ภายในซอยดังกล่าว หมู่บ้านศรีนครพัฒนา เนื่องจากเกิดเหตุอุทกภัย จึงมีความประสงค์ขอรับความช่วยเหลือถุงยังชีพ สำหรับผู้พักอาศัย จำนวนหลายราย ซอย: นวมินทร์ 24 (ซอยอุเทน 17/1) ถนน: นวมินทร์ เขต: บึงกุ่ม #1555,https://storage.googleapis.com/traffy_public_bucket/attachment/2022-12/da2125e781282589d482070c3dba1726aa16a4a7.jpg
2026-8K437C,finish,2026-09-28 15:38,2026-10-03 17:58,100.6239,13.77281,วังทองหลาง,พลับพลา,น้ำท่วมขังภายในตัวบ้านและบริเวณรอบบ้านตั้งแต่คืนวันที่ 25/9 จนถึงวันนี้ 28/9 น้ำในบ้านยังลดไม่หมด มีของในบ้านเสียหายโดยเฉพาะอย่างยิ่งเอกสารที่จะต้องใช้ประกอบการสอนวิชากฎหมายในมหาวิทยาลัย ความสูงระดับที่โรงรถเกือบถึงเข่า น้ำท่วมมาแล้วตั้งแต่คืนวันที่ 25/9,https://storage.googleapis.com/traffy_public_bucket/attachment/2026-09/52963e80a5ccea172f6537f40c5ee857.jpeg
2026-CTW4FT,inprogress,2026-09-28 15:39,2026-09-30 12:08,100.65173,13.75631,บางกะปิ,หัวหมาก,สวัสดีค่ะ แจ้งประสานขอความช่วยเหลือพื้นที่น้ำท่วม ราคำแหง60 หมู่บ้านสวนสน แยก7 และแยก 9แยก 10 น้ำยังท่วมอยู่ อยากขอความช่วยเหลือเรื่องอาหารและน้ำดื่ม เข้ามาบ้างค่ะ ตอนนี้เพื่อนบ้านบางหลังเริ่มไม่มีอาหารแล้วและยังไม่ใครเข้ามาดูเลยค่ะ ขอบคุณค่ะ ความสูงระดั,https://storage.googleapis.com/traffy_public_bucket/attachment/2026-09/8a00b5af8c3369689044db0023d67a54.jpeg
2026-292LVK,start,2026-09-28 15:42,2026-09-28 15:42,100.79164,13.7525,ลาดกระบัง,ลำปลาทิว,น้ำขึ้นสูงมาก จะเข้าบ้านแล้ว ตอนนี้ไม่สามารถออกไปข้างนอกได้เลย ช่วยเร่งระบายน้ำด้วย ความสูงระดับหัวเข่า น้ำท่วมมาแล้วน้อยกว่า 1 สัปดาห์,https://storage.googleapis.com/traffy_public_bucket/attachment/2026-09/ff8c4d19914d85221d22bc6e1c5ccd65.jpeg
2026-T3GP77,inprogress,2026-09-28 15:42,2026-09-28 17:49,100.62694,13.8666,บางเขน,อนุสาวรีย์,ซอยรามอินทรา 39 แยก 11 และตามซอยแยกย่อยๆ น้ำท่วมสูงมาก รถเล็กเข้าออกลำบาก มีโอกาสน้ำลดไหมคะ ความสูงระดับหัวเข่า วันศุกร์ค่ะ,https://storage.googleapis.com/traffy_public_bucket/attachment/2026-09/92a4f37a0b6ab18a5d12bd0218429b01.jpeg
2026-BX8DGZ,inprogress,2026-09-28 15:44,2026-09-28 15:49,100.67997,13.77403,สะพานสูง,สะพานสูง,แมวำร้เจ้าของในบ้าน น้ำท่วมบ่อคี่ น้กท่วมปั้มน้ำ กลัวไฟร้ว ความสูงระดับหัวเข่า น้ำท่วมมาแล้วคานบ้านแตกร้าว,https://storage.googleapis.com/traffy_public_bucket/attachment/2026-09/55518a5cd634c3478e954f3d0cfc7fcf.jpeg
2026-3KUND2,finish,2026-09-28 15:45,2026-09-30 12:36,100.58029,13.89224,หลักสี่,ทุ่งสองห้อง,อยากให้เปิดเครื่องสูบน้ำ ในช่วยสูบออกจากท่อระบายของซอยแจ้งวัฒนะ10ได้ไหมคะ น้ำลง แล้วก็หยุด น้ำเริ่มขังนานเป็นคืนที่3แล้วค่ะ ความสูงระดับหัวเข่า น้ำท่วมมาแล้วน้อยกว่า 1 สัปดาห์,https://storage.googleapis.com/traffy_public_bucket/attachment/2026-09/a39d3dc65efabe52f80fc458f181bed9.jpeg
2026-FEZDGR,finish,2026-09-28 15:45,2026-09-30 13:50,100.60088,13.8408,ลาดพร้าว,จรเข้บัว,"ประสพภัยน้ำท่วมบ้านทุกห้องน้ำสูง5นิ้ว ห้องครัว , ห้องน้ำสูง 7 นิ้ว ความสูงระดับห้องเก็บของชั้นล่างคงมีเสียหายด้วยยังไม่ได้สำรวจ กล่องเก็บของที่วางกับพื้นเสียหายหมดทั้ง 5 กล่องใหญ่ละสูงทั่งหมดของที่วางพิ้นเสียหายเป็นส่วนใหญ่ น้ำท่วมมาแล้วข้าพเจ้านางกนกกร ค",https://storage.googleapis.com/traffy_public_bucket/attachment/2026-09/06013cd80f878577867633011bc496a9.jpeg
2026-GZUE68,forward,2026-09-28 15:45,2026-09-28 16:54,100.65112,13.79431,บึงกุ่ม,นวมินทร์,ตอนนี้แถวนวมินทร์ตรงนี้ระดับน้ำยังไม่ลดเลยครับ พอมีทางแก้ไหนได้บ้างครับ ความสูงระดับเกือบหัวเข่าครับ น้ำท่วมมาแล้ว2 วัน,https://storage.googleapis.com/traffy_public_bucket/attachment/2026-09/4659557ef293c6beab17717e28ed1777.jpeg
2026-ZLYNVT,inprogress,2026-09-28 15:45,2026-09-29 10:09,100.73601,13.80737,มีนบุรี,มีนบุรี,วันที่3ที่น้ำท่วมที่ชุมชนหมู่บ้านรุ่งนภา2 ซอยรามคำแหง 194 ท้ายซอยระดับสูงประมาณเอว (เทียวความสูงของคนสูง 152ซม.) น้ำยังไม่ลด และน้ำที่ท่วมในบ้านเริ่มมีกลิ่น ความสูงระดับเอว น้ำท่วมมาแล้วน้อยกว่า 1 สัปดาห์,https://storage.googleapis.com/traffy_public_bucket/attachment/2026-09/8aabd158411f7dbbc1ee56ea6caaf318.jpeg
2026-BELJD4,inprogress,2026-09-28 15:47,2026-09-28 15:50,100.65012,13.72008,ประเวศ,ประเวศ,น้ำท่วมขังภายในซอย รถเล็กไม่สามารถสัญจรออกจากซอยได้ เนื่องจากน้ำท่วมสูง ความสูงระดับหัวเข่า น้ำท่วมมาแล้วน้อยกว่า 1 สัปดาห์,https://storage.googleapis.com/traffy_public_bucket/attachment/2026-09/cb8985a7ae4329c58f3b0abaa76571c8.jpeg
2026-NGV4AC,start,2026-09-28 15:47,2026-09-28 15:47,100.7916,13.7199,ลาดกระบัง,ทับยาว,น้ำท่วมไม่ลดเลย ขนาดฝนไม่ตกแล้ว ความสูงระดับหัวเข่า น้ำท่วมมาแล้วน้อยกว่า 1 สัปดาห์,https://storage.googleapis.com/traffy_public_bucket/attachment/2026-09/thumb_88059e98561d818bc9d23a8de516e457.jpg
2026-PM6P86,inprogress,2026-09-28 15:47,2026-09-28 15:48,100.68863,13.67052,ประเวศ,ดอกไม้,ซอยทุ่งเศรษฐี ราม 2 สี่วันแล้วระดับน้ำเท่าเดิม ไม่ลดลงเลย ความสูงระดับหัวเข่า น้ำท่วมมาแล้วน้อยกว่า 1 สัปดาห์,https://storage.googleapis.com/traffy_public_bucket/attachment/2026-09/e2fdde80c0fbf692a40a7475c26586c5.jpeg
2026-Z9G62Z,inprogress,2026-09-28 15:47,2026-09-28 15:55,100.63075,13.74117,สวนหลวง,สวนหลวง,น้ำท่วมมา3 วันแล้ว ยังไม่ลด ความสูงระดับหัวเข่า น้ำท่วมมาแล้วน้อยกว่า 1 สัปดาห์,https://storage.googleapis.com/traffy_public_bucket/attachment/2026-09/3c4a9a90958cbeb3e41ce3f73e80752b.jpeg
2026-CYFGCX,finish,2026-09-28 15:48,2026-10-05 14:42,100.64108,13.78761,บางกะปิ,คลองจั่น,น้ำในหมู่บ้านเสนาวิลล่า 84 ท่วมเกือบถึงหัวเข่า ตั้งแต่ซอย 10 จนถึง ซอย 24 น้ำท่วมปริมาณเท่าเดิมมาประมาณ 3 วัน แล้ว ถ้าฝนตกก็จะเพิ่มระดับขึ้นอีก ช่วงหน้าหมู่บ้านมีการลดระดับของน้ำบ้างแล้ว แต่ตั้งแต่ซอย 10 มาปริมาณน้ำไม่ลดระดับเลย คงที่และเพิ่มขึ้นทุกครั้ง,https://storage.googleapis.com/traffy_public_bucket/attachment/2026-09/43730e17fcc1a7b0a166b44bad703daf.jpeg
2026-JX9ZN9,inprogress,2026-09-28 15:48,2026-09-28 20:23,100.62313,13.74987,บางกะปิ,หัวหมาก,สวัสดีครับขอความช่วยเหลือสำนักงานเขตบางกะปิครับรามคำแหง 24 แยก 16 สุดซอยซ้ายมือ มีคนแก่อายุ 63 เพศชาย และเพศหญิงอายุ 55 ต้องการความช่วยเหลือต้องการถุงยังชีพ และข้าวครับ อยู่กันสองคนครับตายาย ถ้ามีหน่วยงานไหนเข้าไปช่วยเหลือได้ไหมครับ ต้องการน้ำดื่ม อาหารถ,https://storage.googleapis.com/traffy_public_bucket/attachment/2026-09/1d93dbe16f0580e99d54394e30241c86.jpeg
2026-U2F2FC,inprogress,2026-09-28 15:48,2026-09-29 09:03,100.87162,13.75902,หนองจอก,ลำต้อยติ่ง,น้ำท่วมเพิ่มขึ้นเรื่อยๆ และมีรถค้างอยู่ ความสูงระดับหัวเข่า น้ำท่วมมาแล้วน้อยกว่า 1 สัปดาห์,https://storage.googleapis.com/traffy_public_bucket/attachment/2026-09/40dca2ddf808cdbc9eb0f4b9dfc7e89a.jpeg
2026-DMKZFY,forward,2026-09-28 15:49,2026-09-28 21:32,100.64733,13.76046,บางกะปิ,หัวหมาก,รามคำแหง 58/3 ตรงแยกลำสาลีน้ำท่วมขังสูงเท่าเข่า ความสูงระดับหน้าแข้ง น้ำท่วมมาแล้วน้อยกว่า 1 สัปดาห์,https://storage.googleapis.com/traffy_public_bucket/attachment/2026-09/0aa5ca028ddb131abdb8ab3d9f0de663.jpeg
2026-Y97XYJ,inprogress,2026-09-28 15:49,2026-09-28 18:18,100.78874,13.82985,มีนบุรี,แสนแสบ,เหตุน้ำท่วม เขตมีนบุรี แขวนแสนแสบ ซ ราฎอุทิศ50 ไม่สามารถเดินเข้าออก หากินได้ ในบ้านมีผู้พิการหนึ่งคน ขอกินจะหมด ไม่ได้รับการช่วยเหลือ ขุดที่ลึกที่สุดประมาณเอวคะ 4คะ,https://storage.googleapis.com/traffy_public_bucket/attachment/2026-09/b499f5b02ef9bcd4e831f450f60bea2e.jpeg
2026-HFJND3,inprogress,2026-09-28 15:50,2026-09-29 08:39,100.69003,13.79706,คันนายาว,คันนายาว,-รถวิ่งเร็วน้ำเข้าบ้าน อยากให้ช่วยมีป้ายติดลดความเร็วค่ะ -น้ำเข้าบ้านอยากได้กระสอบทรายเพิ่ม ตึกแถวบ้านเลขที่ 372 อยู่ระหว่างซอยสวนสยาม 30 และ 28 ความสูงระดับหน้าแข้ง น้ำท่วมมาแล้ว3วันค่ะ,https://storage.googleapis.com/traffy_public_bucket/attachment/2026-09/thumb_10b320998a0c22c1db5b8f51e2bde396.jpg
2026-TD9KZ9,inprogress,2026-09-28 15:50,2026-09-28 17:48,100.61873,13.874,บางเขน,อนุสาวรีย์,ต้องการความช่วยเหลือในการสูบน้ำท่วมขัง ในซอย 5 แยก 12 และซอยใกล้เคียง ความสูงระดับข้อเท้า น้ำท่วมมาแล้วน้อยกว่า 1 สัปดาห์,https://storage.googleapis.com/traffy_public_bucket/attachment/2026-09/e9aa816554295a455d22c717efa38985.jpeg
2026-MJL6EL,finish,2026-09-28 15:51,2026-10-01 14:18,100.57549,13.86382,หลักสี่,ตลาดบางเขน,วันที่ 28/9/69 เวลา 15.50 น้ำยังท่วมขังซอยวิภาวดี 60 แยก 1 ยาวจนถึงพหล 49 ความสูงระดับหน้าแข้ง น้ำท่วมมาแล้วน้อยกว่า 1 สัปดาห์,https://storage.googleapis.com/traffy_public_bucket/attachment/2026-09/a0f7d8283fcbaee6d67aae1eb2a363bd.jpeg
2026-CHYGVC,inprogress,2026-09-28 15:52,2026-09-28 20:20,100.6685,13.87328,บางเขน,ท่าแร้ง,น้ำท่วมขังมา3 วันน้ำเริ่มมีกลิ่น ไม่มีเจ้าหน้าที่เข้ามาดำเนินการค่ะ ซอยคู้บอน27 แยก60 หมู่บ้านเสนาวิลล่า9 ความสูงระดับเหนือหัวเข่าค่ะ น้ำท่วมมาแล้ว3 วัน,https://storage.googleapis.com/traffy_public_bucket/attachment/2026-09/7e2414b59ceb5f1e9600d4bb69b5cf78.jpeg
2026-JKY6AH,inprogress,2026-09-28 15:52,2026-09-28 21:34,100.65167,13.75314,บางกะปิ,หัวหมาก,บ้านเลขที่ 189/36 หมู่บ้านทาวน์พลัสหัวหมาก ซอยกรุงเทพกรีฑา 7 น้ำท่วมขัง ตอนนี้ไม่มีเสบียงครับ น้ำน่าจะไม่ลดง่ายๆ ในหมู่บ้านประมาณเข่าครับ ถนนข้างหน้าน่าจะสูงกว่านี้ เพราะหมู่บ้านสูงกว่าถนนครับ 4 วันครับ,https://storage.googleapis.com/traffy_public_bucket/attachment/2026-09/837c54194384d916e21f097fe0148755.jpeg
2026-2BKYFT,finish,2026-09-28 15:53,2026-10-05 13:29,100.64955,13.75458,บางกะปิ,หัวหมาก,ปัญหา: ตลอดทั้งซอยดังกล่าว พบน้ำท่วมขัง ระดับน้ำสูงประมาณ 40 เซนติเมตร เนื่องจากฝนตกหนัก และน้ำได้ไหลเข้าบ้านเรือนประชาชน สร้างความเดือดร้อนให้กับผู้พักอาศัยบริเวณดังกล่าว ขอให้เร่งดำเนินการระบายน้ำ ซอย: รามคำแหง 60 แยก 10 ถนน: รามคำแหง เขต: บางกะปิ #1555,https://storage.googleapis.com/traffy_public_bucket/attachment/2022-12/da2125e781282589d482070c3dba1726aa16a4a7.jpg
2026-PB726H,inprogress,2026-09-28 15:53,2026-09-28 15:58,100.65492,13.72297,ประเวศ,ประเวศ,น้ำหน้าหมู่บ้านเมืองทอง 2/1 ท่วมประมานก้นแล้วค่ะ ความสูงระดับเอว น้ำท่วมมาแล้วน้อยกว่า 1 สัปดาห์,https://storage.googleapis.com/traffy_public_bucket/attachment/2026-09/cd68c7b8fc75586e843874560a920b07.jpeg
2026-X6N763,inprogress,2026-09-28 15:53,2026-09-29 10:10,100.72257,13.80279,มีนบุรี,มีนบุรี,น้ำท่วมทั้งซอย น้ำท่วมเข้าบ้านมา3วันแล้ว อยากให้ช่วยมาสูบน้ำออกจากซอยค่ะ ความสูงระดับจะสูงช่วงปากซอยกับกลางซอย น้ำท่วมมาแล้วตั้งแต่คืนวันที่25ค่ะ,https://storage.googleapis.com/traffy_public_bucket/attachment/2026-09/57508c7a8f38c7cded3099b60209c9a0.jpeg
2026-XZHLPD,inprogress,2026-09-28 15:53,2026-09-28 15:59,100.6607,13.73136,ประเวศ,ประเวศ,น้ำท่วมขังมา 4 วันแล้ว เริ่มมีกลิ่นเน่าแล้วที่ซอยพัฒนาการ 61 เขตประเวศ รถทหารที่เข้ามาช่วยก็น้อคเสียไปแล้ว แจ้งทางเขตประเวศ แล้ว ก็ไม่ทำการช่วยใดๆ ทั้งสิ้น ไม่มาช่วยสูบน้ำออกจากหมู่บ้าน ให้ไปลงคลองประเวศ คลองบ้านม้า เนื่องจากทางเขตประเวศ ไม่ยอมผ่องถ่ายน้ำ,https://storage.googleapis.com/traffy_public_bucket/attachment/2026-09/719102c8174d9ab5f6dff7835bf7cd52.jpeg
2026-K89PDR,finish,2026-09-28 15:54,2026-10-03 08:29,100.63033,13.78452,วังทองหลาง,คลองเจ้าคุณสิงห์,พี่ค่ะหนูอยู่ในซอยลาดพร้าว101ซอย19 มา4วัน3คืนแล้วค่ะ หนูอาศัยอยู่ในรถเก๋งเพราะออกจากซอยไม่ได้ น้ำในซอยไม่ลดเลย ต้องเดินไปขับถ่ายในส้วมปั้มน้ำมันที่มันราดไม่ลงแต่ก็ต้องไปขับถ่ายลงไปซ้ำๆ เพราะไม่มีห้องน้ำเลน หนู่ไม่ได้อาบน้ำตั้งแต่วันศุกร์แล้ว และตอนนี้7-11,https://storage.googleapis.com/traffy_public_bucket/attachment/2026-09/9e1e8002b47f9dcf1fa3ec8c3150fa68.jpeg
2026-RU4VPJ,finish,2026-09-28 15:54,2026-10-05 15:07,100.6385,13.75604,บางกะปิ,หัวหมาก,น้ำท่วม ไม่ลดเลย ความสูงระดับตรงถนน 20-30 เซนค่ะ รถเล็กวิ่งไม่ได้ ฝนยังตกเรื่อยๆ มีแนวโน้มเพิ่มขึ้นอีกค่ะ น้ำท่วมมาแล้วตั้งแต่ ศุกร์ 25/9 ช่วงค่ำ น้ำไม่ลงมีแนวโน้มเพิ่มขึ้นเรื่อยๆค่พ รถแถวคอนโดมีหลายร้อยคัน ถ้สน้ำยังท่วมสูง เสียหายค่อนข้างเยอะเลยค่ะ,https://storage.googleapis.com/traffy_public_bucket/attachment/2026-09/thumb_1dff914323c014b36c7be8d9a1c12675.jpg
2026-3VMJUM,start,2026-09-28 15:56,2026-09-28 15:56,100.59562,13.93019,ดอนเมือง,สีกัน,แจ้งขอรับเงินเยียวยาน้ำท่วม บ้านพักได้รับความเสียหาย น้ำเข้าถึงในตัวบ้าน ลักษณะบ้าน คือ บ้านเช่าค่ะ ความสูงระดับหัวเข่า น้ำท่วมมาแล้วน้อยกว่า 1 สัปดาห์,https://storage.googleapis.com/traffy_public_bucket/attachment/2026-09/b142fc145349b5e2d03f3299fab5ae61.jpeg
2026-2DGVNT,inprogress,2026-09-28 15:57,2026-09-29 07:44,100.62445,13.86055,บางเขน,อนุสาวรีย์,ซอยรามอินทรา 31 น้ำยังเท่าเดิมอยู่เลยแต่ซอยอื่นรถหมดแล้วเพราะว่าน้ำในถนนใหญ่มันลงอยู่ในซอยนี้หมดเลย ความสูงระดับหน้าแข้ง น้ำท่วมมาแล้ว5วัน,https://storage.googleapis.com/traffy_public_bucket/attachment/2026-09/75b94d235ce606515049c782d0a37376.jpeg
2026-4H7XMB,forward,2026-09-28 15:57,2026-09-29 21:09,100.72772,13.7619,ลาดกระบัง,คลองสองต้นนุ่น,ปัญหา: ภายในซอยดังกล่าว เคหะร่มเกล้าแฟลต 5 ชั้น 4 ห้องเลขที่ 225/135 เนื่องจากเกิดเหตุอุทกภัย จึงมีความประสงค์ขอรับความช่วยเหลือด้านอาหารและน้ำดื่ม สำหรับผู้พักอาศัย จำนวน 1 คน ซอย: เคหะร่มเกล้า 37 ถนน: เคหะร่มเกล้า จุดสังเกต: หลังตลาดเกรียงไกร เขต: ลาดกร,https://storage.googleapis.com/traffy_public_bucket/attachment/2022-12/da2125e781282589d482070c3dba1726aa16a4a7.jpg
2026-EMFRKH,finish,2026-09-28 15:57,2026-09-28 15:58,100.62474,13.78695,วังทองหลาง,คลองเจ้าคุณสิงห์,ต้องการกระสอบทราย และผ้าใบผืนใหญ่ #ขอกระสอบทราย/อื่นๆ,https://storage.googleapis.com/traffy_public_bucket/attachment/2026-09/d96986dc80925a4dbc2937fe8007c864.jpeg
2026-6URW44,finish,2026-09-28 15:58,2026-09-30 13:49,100.60662,13.84795,ลาดพร้าว,จรเข้บัว,น้ำท่วมเข้าบ้าน สิ่งของเสียหาย ความสูงระดับหัวเข่า น้ำท่วมมาแล้ว4วัน,https://storage.googleapis.com/traffy_public_bucket/attachment/2026-09/52d1d93d1d3f5f654515c200d59ae2d1.jpeg
2026-BRU6RB,forward,2026-09-28 15:58,2026-09-28 20:57,100.57963,13.84104,จตุจักร,เสนานิคม,ซอยพหลโยธิน 40 น้ำขังในระดับสูงมาหลายวันแล้ว ความสูงระดับหัวเข่า 4 วัน,https://storage.googleapis.com/traffy_public_bucket/attachment/2026-09/9e65ffe44b1e223685b7d087a3e7ebfd.jpeg
2026-M2XML6,finish,2026-09-28 15:58,2026-09-28 17:52,100.65779,13.73247,ประเวศ,ประเวศ,"อยากให้ช่วยเข้าไปส่งข้าวสาร อาหารแห้ง ในหมู่บ้านเมืองทอง 2/2 , พัฒนาการ 61 ครับ ที่บ้านคุณพ่ออายุ 81 กับคุณแม่อายุ 78 อยู่กันสองคน #ขอกระสอบทราย/อื่นๆ",https://storage.googleapis.com/traffy_public_bucket/attachment/2026-09/f259209573eaead93c50e2f6ab91648e.jpeg
2026-M8NNAU,forward,2026-09-28 15:59,2026-09-28 21:47,100.58833,13.74391,ห้วยขวาง,บางกะปิ,อยากสอบถาม ว่าน้ำบนถนนเพชรบุรีผันไปลงไหน ความสูงระดับข้อเท้า น้ำท่วมมาแล้วน้อยกว่า 1 ชั่วโมง,https://storage.googleapis.com/traffy_public_bucket/attachment/2026-09/18ab44e2dd55e9eac17ef45a64e1e668.jpeg
2026-PJURZJ,inprogress,2026-09-28 15:59,2026-09-29 09:16,100.87183,13.77993,หนองจอก,ลำต้อยติ่ง,น้ำท่วมเข้าภายในบ้านจะไม่มีที่นอนแล้วค่ะ ความสูงระดับหัวเข่า น้ำท่วมมาแล้วมากกว่า 1 สัปดาห์,https://storage.googleapis.com/traffy_public_bucket/attachment/2026-09/c4355b930177b299f6e2ac7139ed61f2.jpeg
2026-WC8DWK,inprogress,2026-09-28 15:59,2026-09-29 10:11,100.71997,13.78576,มีนบุรี,มีนบุรี,น้ำในท่อระบายน้ำ ในถนน ส่วนกลาง ตัน น้ำไม้สามารถลงได้ จากการท่วมขังสูง และเน่าเหม็น ต้องขอให้ทางกรุงเทพ มาช่วย ลอกท่อ เผื่อบรรเทา ความลำบาก ให้น้ำท่วมในหมู่บ้านเพอร์เฟค เพลส2 ซอยรามคำแหง 174 ได้ลดลงบ้าง ให้ได้ กลับมาใช้ชีวิต และออกจากบ้านได้ค่ะ ความสูงระด,https://storage.googleapis.com/traffy_public_bucket/attachment/2026-09/b4c063128c76e2c2b65f3e3a2935017f.jpeg
2026-TJ8VFE,finish,2026-09-28 16:00,2026-10-05 13:30,100.65256,13.75956,บางกะปิ,หัวหมาก,"แจ้งเรื่องผู้ประสบภัยน้ำท่วมค่ะ ความสูงระดับรามคำแหง 60 หมู่บ้านสวนสน แยก 9,แยก 10 น้ำท่วมมาแล้ว3วันแล้ว",https://storage.googleapis.com/traffy_public_bucket/attachment/2026-09/1b08b82aa2c42ec3ef62d64dfada1ed2.jpeg
2026-H9XBBC,inprogress,2026-09-28 16:01,2026-09-28 16:33,100.64198,13.74745,สวนหลวง,สวนหลวง,ถนนหัวหมากซอย 3 น้ำท่วมสูง โดยเฉพาะช่วงปากซอย ระดับน้ำสูงประมาณ 1 เมตร ตั้งแต่วันเสาร์ที่ผ่านมาจนถึงขณะนี้ (วันที่ 28 ก.ย. เวลา 15.45 น.) ระดับน้ำท่วมยังคงเดิมรถยนต์เล็กไม่สามารถสัญจรได้ ที่ผ่านมาไม่มีหน่วยใดๆ เข้ามาดูแลหรือช่วยเหลืออะไรเลยครับ ช่วงปากซอย,https://storage.googleapis.com/traffy_public_bucket/attachment/2026-09/8b1747c0ea0d869a941d2fac7baa8846.jpeg
2026-XEFJJH,inprogress,2026-09-28 16:01,2026-09-28 16:06,100.68007,13.77396,สะพานสูง,สะพานสูง,ต้องการกระสอบทราย น้ำท่วมปั้มน้ำ ตอนนี้หลังคาพะง คานระเบิดเพิ้ม น้ำท่วมบ่อคี่ ปัญหาลูกแมวแก้แล้วเพิ่งช่วยลูกแมวไป ความสูงระดับหัวเข่า น้ำท่วมมาแล้วน้อยกว่า 1 สัปดาห์,https://storage.googleapis.com/traffy_public_bucket/attachment/2026-09/aa07b1af385ee95f85947264377ad0ac.jpeg
2026-9AEY82,inprogress,2026-09-28 16:02,2026-09-29 21:10,100.73239,13.76801,ลาดกระบัง,คลองสองต้นนุ่น,ปัญหา: ภายในแฟลตร่มเกล้า ชั้น1 (บ้านเลขที่ 1201/10) มีความประสงค์ขอรับเครื่องอุปโภคบริโภค เนื่องจากเหตุอุทกภัย จึงขอให้เจ้าหน้าที่ให้ความช่วยเหลือ บ้านเลขที่: 1201/10 ซอย: เคหะร่มเกล้า ถนน: เคหะร่มเกล้า เขต: ลาดกระบัง #1555,https://storage.googleapis.com/traffy_public_bucket/attachment/2022-12/da2125e781282589d482070c3dba1726aa16a4a7.jpg
2026-BYKCJP,forward,2026-09-28 16:02,2026-09-28 16:54,100.65219,13.80072,บึงกุ่ม,คลองกุ่ม,บ้านเลขที่ 10/66 หมู่บ้านสินธนา ช่วงท้ายซอยนวมินทร์ 54 น้ำท่วมขัง ในระดับที่สูง ความสูงระดับหัวเข่า น้ำท่วมมาแล้วเริ่มท่วมคืนวันศุกร์ที่ 25 ที่ผ่านมาครับ,https://storage.googleapis.com/traffy_public_bucket/attachment/2026-09/0c950fc4fa013f243f3157e040bb4a26.jpeg
2026-LAN9RM,inprogress,2026-09-28 16:02,2026-09-28 16:05,100.70072,13.77148,สะพานสูง,สะพานสูง,เรียนเจ้าหน้าที่ที่เกี่ยวข้อง ขอแจ้งเหตุเดือดร้อนเร่งด่วนจากปัญหาน้ำท่วมบริเวณซอยรามคำแหง 150 หรือซอยราษฎร์พัฒนา 22 ซึ่งเป็นซอยหมู่บ้านขนาดใหญ่ มีประชาชนอาศัยอยู่เป็นจำนวนมาก รวมหลายพันหลังคาเรือน ขณะนี้ระดับน้ำท่วมสูงจนรถเล็กไม่สามารถสัญจรเข้าออกได้ ส่,https://storage.googleapis.com/traffy_public_bucket/attachment/2026-09/6305566173609471996ae17e5dd2e569.jpeg
2026-29BBEJ,forward,2026-09-28 16:04,2026-09-28 17:22,100.71899,13.84745,คลองสามวา,บางชัน,น้ำบริเวณเขตคลองสามวา ความสูงระดับหน้าแข้ง น้ำท่วมมาแล้วน้อยกว่า 1 สัปดาห์,https://storage.googleapis.com/traffy_public_bucket/attachment/2026-09/e75fe536bff1e0f93ebeb42588de1680.jpeg
2026-3GZF8X,inprogress,2026-09-28 16:04,2026-09-28 16:33,100.63322,13.74305,สวนหลวง,สวนหลวง,น้ำท่วมมา 3 วันแล้วไฟดับอาหารไม่พอไม่มีหน่วยงานเข้ามาเลยค่ะ มีผู้สูงอายุอยู่ ความสูงระดับ60 ซม น้ำท่วมมาแล้วน้อยกว่า 1 สัปดาห์,https://storage.googleapis.com/traffy_public_bucket/attachment/2026-09/thumb_3026ed325f294a5ee6d2b1170ad2100a.jpg
2026-7BY36T,finish,2026-09-28 16:04,2026-10-02 12:09,100.88156,13.78185,หนองจอก,ลำต้อยติ่ง,น้ำท่วมเข้าบ้านภายในตัวบ้านเสียหายต้องการรับเงินเยียวยาได้มั้ย ความสูงระดับหัวเข่า น้ำท่วมมาแล้วมากกว่า 1 สัปดาห์,https://storage.googleapis.com/traffy_public_bucket/attachment/2026-09/e1faf54622196932d803da081d4d5661.jpeg
2026-7YY2WC,inprogress,2026-09-28 16:04,2026-09-28 22:33,100.66095,13.74145,บางกะปิ,หัวหมาก,น้ำท่วมจะเข้าบ้านอยู่แล้วค่ะ อาหาร น้ำ เข้าถึงยากมากๆ ท่อเริ่มตัน ใช้น้ำไม่ได้ น้ำหน้าบ้านต้นขาแล้วค่ะ หน้าซอยท่วมเกือบมิดรถ ความสูงระดับต้นขา หน้าซอยมิดรถ น้ำท่วมมาแล้ว3 วัน,https://storage.googleapis.com/traffy_public_bucket/attachment/2026-09/efab48e24dd91844aebb98baf261a15f.jpeg
2026-D2BENL,inprogress,2026-09-28 16:05,2026-09-28 17:04,100.66695,13.80492,บึงกุ่ม,คลองกุ่ม,น้ำท่วมถึงในบ้านออกจากบ้ายไม่ได้ไม่มีอาหารแบะน้ำทานแล้วช่วยส่งอสหารมาด้วยมี7คนเด็ก2คนแก่2ด่วนมากกกกกกกค่ะช่วยด้วย ความสูงระดับน่องค่ะ น้ำท่วมมาแล้ว3วันค่ะ,https://storage.googleapis.com/traffy_public_bucket/attachment/2026-09/d040da6d50670b0d28abfa29c04b5fee.jpeg
2026-D48VRA,inprogress,2026-09-28 16:05,2026-09-28 17:47,100.66707,13.87293,บางเขน,ท่าแร้ง,น้ำท่วมขังสูงมาก และน้ำเริ่มเน่าแล้วค่ะ อยากให้รีบระบายน้ำออกค่ะ ออกจากบ้านไม่ได้ ใช้ชีวิตไม่ได้เลยค่ะ ท่วมเลยเข่ามาหลายวันแล้วค่ะ ความสูงระดับสูงรวมจากพื้นถนน 60 cm ค่ะ น้ำท่วมมาแล้วท่วมมาตั้งแต่เช้าวันเสาร์ค่ะ,https://storage.googleapis.com/traffy_public_bucket/attachment/2026-09/4ace184bf0b9d9eace6f6bf8bbbedc7c.jpeg
2026-DP4PRV,inprogress,2026-09-28 16:05,2026-09-28 22:34,100.65468,13.75545,บางกะปิ,หัวหมาก,น้ำท่วมขังในหมู่บ้าน และพื้นที่รอบหมู่บ้าน ระดับน้ำไม่ลดน้ำเริ่มมีกลิ่นเน่าเสีย อยากให้ช่วยนำเครื่องสูบน้ำออกค่ะ ความสูงระดับหัวเข่า น้ำท่วมมาแล้วน้อยกว่า 1 สัปดาห์,https://storage.googleapis.com/traffy_public_bucket/attachment/2026-09/6577cd4171b8c0c59884766a4b8388b9.jpeg
2026-G7ULD6,finish,2026-09-28 16:05,2026-10-05 12:16,100.63227,13.75399,บางกะปิ,หัวหมาก,ท้ายซอยรามคำแหง26/2 น้ำสูง80ซม. ยังไม่ลด น้ำเริ่มส่งกลิ่นค่ะ น้ำไหล่จากถนนใหญ่(ถนนหัวหมาก)ลงมาที่ซอย ความสูงระดับ80ซม.ค่ะ น้ำท่วมมาแล้วเที่ยงคืนวันที่26,https://storage.googleapis.com/traffy_public_bucket/attachment/2026-09/13b6e8ed77e928a8c9c3b9b59cc5d572.jpeg
2026-KBHYM8,finish,2026-09-28 16:05,2026-09-30 08:56,100.69799,13.82646,คลองสามวา,บางชัน,ชุมชนร่มเย็นห้าพัฒนาน้ำท่วมขอความช่วยเหลือเรือซักลำ และส้วมเคลื่อนที่ ความสูงระดับหัวเข่า น้ำท่วมมาแล้วน้อยกว่า 1 สัปดาห์,https://storage.googleapis.com/traffy_public_bucket/attachment/2026-09/b69f3bd2b873b16c94f0079e3fda2b62.jpeg
2026-Y9KWXV,forward,2026-09-28 16:05,2026-09-28 16:06,100.65687,13.88944,สายไหม,ออเงิน,ถนนสุขาภิบาล 5 หน้าทางเข้า โรงพยาบาล และหม๔่บ้าน มีน้ำขัง ไม่มีการสูบ เพื่อดันน้ำไปทางอื่น ความสูงระดับหน้าแข้ง น้ำท่วมมาแล้วน้อยกว่า 1 สัปดาห์,https://storage.googleapis.com/traffy_public_bucket/attachment/2026-09/thumb_f78c49cadc94e79b87e5f5dd0eba08ee.jpg
2026-Z6WVTY,finish,2026-09-28 16:06,2026-09-30 18:39,100.55784,13.86319,หลักสี่,ทุ่งสองห้อง,พื้นที่คอนโดโสสุนคร ซอย1 - 6 งามวงศ์วาน 47 น้ำยังไม่ลดลง แต่พื้นที่อื่นๆ เริ่มลดลงบ้างแล้ว พอจะมีแนวทางแก้ไขปัญหาอย่างไรได้บ้าง 30-40 cm ตั้งแต่ 25/กันยายน/2569,https://storage.googleapis.com/traffy_public_bucket/attachment/2026-09/1c4078abba1a0320fa43850d92ce46bc.jpeg
2026-HNRLFH,inprogress,2026-09-28 16:07,2026-09-28 17:46,100.66877,13.86762,บางเขน,ท่าแร้ง,น้ำท่วม ในซอยคู้บอน27 ตอนนี้ไม่มีทางระบายน้ำคลองด้านหลัง เต็มรอเวลาระเบิดลงมา ดูแล้วจะไม่มีท่าทีที่จะลงได้ในไวๆ แก้ปัญหาซึ้งก็ไม่แน่ใจว่าจะได้ผลไหม อยากให้มีการสูบน้ำออก เพราะน้ำตอนนี้ค่อนข้างเน่าแล้วค่ะ หลายวัน ความสูงระดับหัวเข่า น้ำท่วมมาแล้วน้อยกว่า 1,https://storage.googleapis.com/traffy_public_bucket/attachment/2026-09/71e4710d1a61948e754e6e9958dc87db.jpg
2026-VXGNAJ,inprogress,2026-09-28 16:09,2026-09-29 10:11,100.73602,13.83092,มีนบุรี,มีนบุรี,น้ำท่วมขังมากกว่า 4 วัน เริ่มมีกลิ่นเน่าเหม็น ขยะลอย ความสูงระดับหัวเข่า น้ำท่วมมาแล้วน้อยกว่า 1 สัปดาห์,https://storage.googleapis.com/traffy_public_bucket/attachment/2026-09/76743b9f6655fb9735c61926873371d8.jpeg
2026-HK3FPM,inprogress,2026-09-28 16:10,2026-09-29 10:17,100.71944,13.80791,มีนบุรี,มีนบุรี,ซอยเสรีไทย 72 น้ำท่วมทั้งซอย ระดับประมาณเลยหัวเข่าขึ้นมานิดหน่อย เป็นซอยเอกชนน้ำขัง ไม่ระบายออกเลยรบกวนมาแก้ไข หน้าโรงบาลเสรีลักษณ์สี่แยกมีนบุรีเพื่อให้น้ำในซอยไหลออกไปด้วยค่ะ ความสูงระดับหัวเข่า น้ำท่วมมาแล้วน้อยกว่า 1 สัปดาห์,https://storage.googleapis.com/traffy_public_bucket/attachment/2026-09/725dfaf79dd5c8a31d81e8ff083bb6b8.jpeg
2026-HKZKTK,forward,2026-09-28 16:10,2026-09-28 16:15,100.66039,13.88961,สายไหม,ออเงิน,หมู่บ้านโกลเด้นทาวน์ถนนสุขาภิบาล5ตรงข้ามบิ๊กซี ความสูงระดับหน้าแข้ง 4วัน,https://storage.googleapis.com/traffy_public_bucket/attachment/2026-09/080c760e881f4991169fb0fed282cdfa.jpeg
2026-F2A2Z8,inprogress,2026-09-28 16:11,2026-09-28 21:29,100.65114,13.75673,บางกะปิ,หัวหมาก,รามคำแหง 60 แยก 6 ตอนนี้สภาพน้ำดำมากเลยค่ะ น้ำรอระบายมาตั้งแต่เย็นวันศุกร์และไม่มีทีท่าจะลดลงเลยค่า ความสูงระดับเอว น้ำท่วมมาแล้วน้อยกว่า 1 สัปดาห์,https://storage.googleapis.com/traffy_public_bucket/attachment/2026-09/a8e530bb1a9facedd31981e30e4df44a.jpeg
2026-J6UBRZ,forward,2026-09-28 16:11,2026-09-28 22:33,100.62927,13.77535,วังทองหลาง,คลองเจ้าคุณสิงห์,ปัญหา: ภายในซอยลาดพร้าว 101 ติดกับตลาดนครไทย มีความประสงค์ขอรับการสนับสนุนเครื่องอุปโภคบริโภค 3 ชุดจึงขอให้เจ้าหน้าที่ให้ความช่วยเหลือ` เบอร์โทรศัพท์ 0851751574 ซอย: ลาดพร้าว 101 ถนน: ลาดพร้าว เขต: บางกะปิ #1555,https://storage.googleapis.com/traffy_public_bucket/attachment/2022-12/da2125e781282589d482070c3dba1726aa16a4a7.jpg
2026-XPRVW2,inprogress,2026-09-28 16:11,2026-09-29 09:02,100.83818,13.83544,หนองจอก,โคกแฝด,นำ้ท่วมในซอยครับ ถ้ามีการสูบน้ำออกได้จะดีมาก ความสูงระดับ25 cm น้ำท่วมมาแล้ว3วัน,https://storage.googleapis.com/traffy_public_bucket/attachment/2026-09/01a57d90a3e5701f75423560a6c9bff2.jpeg
2026-36PKV6,finish,2026-09-28 16:12,2026-09-28 16:14,100.61489,13.89476,สายไหม,คลองถนน,ต้องการขอความช่วยเหลือปั๊มน้ำออกจากภายในบ้าน ซอยพหลโยธิน 52 #ขอกระสอบทราย/อื่นๆ,https://storage.googleapis.com/traffy_public_bucket/attachment/2026-09/c9850cf5cb66dca7974d684d3aa870fc.jpeg
2026-W9XUDM,forward,2026-09-28 16:12,2026-09-28 16:52,100.64998,13.80978,บึงกุ่ม,นวมินทร์,ถนนน้ำท่วมขังสูงบริเวณสี่แยก ความสูงระดับหัวเข่า น้ำท่วมมาแล้วน้อยกว่า 1 สัปดาห์,https://storage.googleapis.com/traffy_public_bucket/attachment/2026-09/f126e8d8e1c3087de6d4d0e6fd799e2b.jpeg
2026-PR6PJ7,inprogress,2026-09-28 16:13,2026-09-29 07:47,100.62398,13.86794,บางเขน,อนุสาวรีย์,น้ำท่วมเข้าในตัวบ้านวันแรกประมาณ 15 ซม ตอนนี้ลดลงมาเหลือในบ้าน 8 ซม ที่บ้านมีผู้ป่วยติดเตียง 2 ท่าน ย้ายขึ้นชั้นบนแล้ว แต่เดือนหน้าต้องเดินทางไป รพ รวม 5 นัดเริ่มตั้งแต่ วันที่ 1 ตค มี 1 นัดหมายเกรงจะเดินทางไม่สะดวก เพราะบนถนน รามอินทรา 23 แยก 18 น้ำท่วมเ,https://storage.googleapis.com/traffy_public_bucket/attachment/2026-09/298d0db0bacf04d47b393b50aa548d3e.jpeg
2026-UFMR28,forward,2026-09-28 16:13,2026-09-28 16:53,100.6507,13.78999,บึงกุ่ม,นวมินทร์,น้ำท่วมขังถนนหลักของ ถนนนวมินทร์ เกือบทั้งสาย ไม่สามารถออกไปไหนได้ รถจอดเต็มข้างทาง ระดับน้ำไม่ลดลงเลย มันเหมือนกลับปล่อยน้ำจากบางกะปิมาให้ถนนเส้นนี้แทน น้ำส่งกลิ่นมากแล้ว ทำไมไม่มีคนมาจัดการ ปล่อยน้ำมาฝั่งนี้ทำไมคะ แทนที่จะเอาลงคลองแสนแสบ คลองเชื่อมมีแค่,https://storage.googleapis.com/traffy_public_bucket/attachment/2026-09/thumb_e8f17bbcf81e9d784906d592ae4aa8c7.jpg
2026-EDV4L8,forward,2026-09-28 16:14,2026-09-28 21:41,100.6421,13.75178,บางกะปิ,หัวหมาก,น้ำท่วมยังไม่ลดเลย เข้าวันที่ 3 มีแต่จะเพิ่ม รบกวนตรวจสอบหน่อยครับ ความสูงระดับหัวเข่า น้ำท่วมมาแล้ว3 วัน,https://storage.googleapis.com/traffy_public_bucket/attachment/2026-09/49fed0e8902d6de758489e6c785d3d23.jpeg
2026-R9RDV3,forward,2026-09-28 16:14,2026-09-28 21:41,100.64193,13.75174,บางกะปิ,หัวหมาก,หัวหมากซอย 7 น้ำท่วมสูงถึงเข่า มา 3 วันแล่วค่ะ น้ำไม่ไหลลงเลย มีแต่เพิ่ม น้ำในบ้าน ถึงเข่าค่ะ ความสูงระดับหัวเข่า 3 วันค่ะ,https://storage.googleapis.com/traffy_public_bucket/attachment/2026-09/0f61fa24db03b853f374937543720feb.jpeg
2026-6EK3M4,inprogress,2026-09-28 16:15,2026-09-28 16:20,100.69636,13.72549,ประเวศ,ประเวศ,วันที่ 28/9/2569 หมู่บ้านในซอย ถนนเฉลืมพระเกียรติ ร.9 ซอย 87 น้ำท่วมขัง ปริมาณน้ำไม่ลดลง ผ่านมาแล้ว 96 ชั่วโมง # 4 วัน หน่วยงานรัฐ ไม่ปล่อยน้ำลงคลองประเวศ ความสูงระดับหัวเข่า น้ำท่วมมาแล้วน้อยกว่า 1 สัปดาห์,https://storage.googleapis.com/traffy_public_bucket/attachment/2026-09/ab1d2dc23626c9d07b9c94a3270b04b2.jpeg
2026-98FHHN,start,2026-09-28 16:16,2026-09-28 16:16,100.77502,13.7556,ลาดกระบัง,ลำปลาทิว,น้ำท่วมขังในซอยคุ้มเกล้า42/1 ตอนนี้น้ำสูงประมาณ 50-60 ซม. ฝนตกครั้งนึงน้ำสูงขึ้นเรื่อยๆเพราะในซอยไม่มีทางระบายน้ำออก แต่ถนนภายนอกปากซอยแห้งสนิท อยากให้ทางหน่อบงานหาเครื่อฃสูบน้ำมาระบายน้ำออกไปที่ถนนใหญ่ที่มีท่อระบายน้ำครับ เพราะตอนนี้รถยนต์เข้าออกไม่ได้เล,https://storage.googleapis.com/traffy_public_bucket/attachment/2026-09/f7f160d6788744e838bfcf688645782b.jpeg
2026-7UT9D7,inprogress,2026-09-28 16:17,2026-09-28 16:55,100.69192,13.70126,ประเวศ,ดอกไม้,น้ำท่วมหนักมาก รถเล็กออกจากบ้านไม่ได้ น้ำเริ่มเหม็น ช่วยมาดูหน่อยค่ะ ความสูงระดับเข่าค่ะ น้ำท่วมมาแล้วแต่ถนนเป็นหลุมเปนบ่อ รถขับลำบากไปอีกค่ะ,https://storage.googleapis.com/traffy_public_bucket/attachment/2026-09/thumb_0256abf1b970b35e943c603babb8b2f3.jpg
2026-8Z9MAB,forward,2026-09-28 16:17,2026-09-28 16:18,100.63317,13.90552,สายไหม,คลองถนน,น้ำท่วมเป็นวันที่ 3 เข้าวันที่ 4 ระดับน้ำไม่ลด แต่เพิ่ม กลิ่นเริ่มเหม็น ความสูงระดับหัวเข่า น้ำท่วมมาแล้วตั้งแต่คืนวันที่ 25 ก.ย.,https://storage.googleapis.com/traffy_public_bucket/attachment/2026-09/1611f9a9a9a127a4ac11d2de3d0dd325.jpeg
2026-D6PHVY,finish,2026-09-28 16:17,2026-10-01 09:18,100.61334,13.70401,พระโขนง,บางจาก,น้ำท่วมไม่ลดลงเลยตอนนี้ท่วมเลยตาตุ่มแล้ว สงสัยคลองระบายน้ำท้ายซอยจตันคือคลองขวางและคลองบางจีน ช่วยมาดูหน่อย ความสูงระดับข้อเท้า น้ำท่วมมาแล้วกว่าหนึ่งวัน,https://storage.googleapis.com/traffy_public_bucket/attachment/2026-09/1022633e7935fcfb19ee8a1f481bcb22.jpeg
2026-NYV4DL,inprogress,2026-09-28 16:17,2026-09-28 22:28,100.664,13.76215,บางกะปิ,หัวหมาก,รามคำแหง 68 น้ำยังไม่ลดเลยค่ะ ไม่สามารถเดินทางได้ รถเล็ก มอไซด์ ความสูงระดับหัวเข่า เลยหัวเข่าค่ะ,https://storage.googleapis.com/traffy_public_bucket/attachment/2026-09/879ba2c080ceb0883c54d5a733610d5f.jpeg
2026-CABT9M,forward,2026-09-28 16:18,2026-09-28 16:20,100.63211,13.93019,สายไหม,สายไหม,ขอไดโว่สูบน้ำออกจากซอยทาวน์เฮ้าส์ กม.25 พหลโยธิน 54/4 20-30 ซม 4 วัน,https://storage.googleapis.com/traffy_public_bucket/attachment/2026-09/684691ad18a858a15b3d48bee22bdc3f.jpeg
2026-UG3L9W,inprogress,2026-09-28 16:18,2026-09-28 23:00,100.65191,13.74296,บางกะปิ,หัวหมาก,รบกวนช่วยระบายน้ำกรุงเทพกรีฑาซอย7 นะคะ หากยังไม่สามาถระบายน้ำขอรถใหญ่หรืออาหารให้คนในหมู่บ้านด้วยคะ ขอบคุณมาก ความสูงระดับหน้าแข้ง น้ำท่วมมาแล้วน้อยกว่า 1 สัปดาห์,https://storage.googleapis.com/traffy_public_bucket/attachment/2026-09/68d08b99586705a09c2b011c69687c73.jpeg
2026-R6CZ4E,start,2026-09-28 16:19,2026-09-28 16:19,100.77525,13.7556,ลาดกระบัง,ลำปลาทิว,1 ความสูงระดับหัวเข่า น้ำท่วมมาแล้วน้อยกว่า 1 สัปดาห์,https://storage.googleapis.com/traffy_public_bucket/attachment/2026-09/660c8971686555e1216891f3849a251a.jpeg
2026-4KPZZZ,inprogress,2026-09-28 16:21,2026-09-28 17:41,100.65805,13.87158,บางเขน,ท่าแร้ง,น้ำยังไม่ลด ความสูงระดับหน้าแข้ง น้ำท่วมมาแล้วน้อยกว่า 1 วัน,https://storage.googleapis.com/traffy_public_bucket/attachment/2026-09/8c7099516b1ab06b2dc0aac7501d5f72.jpeg
2026-667WHU,inprogress,2026-09-28 16:22,2026-09-28 22:26,100.64212,13.75179,บางกะปิ,หัวหมาก,น้ำท่วมขัง 3 วันแล้วไม่ลดเลย ซ.หัวหมาก 7 ความสูงระดับหัวเข่า น้ำท่วมมาแล้ว3 วัน,https://storage.googleapis.com/traffy_public_bucket/attachment/2026-09/282d48986d7e9fba8b755d9fcba7e4be.jpeg
2026-Y7TYBB,inprogress,2026-09-28 16:22,2026-09-28 22:26,100.64906,13.76113,บางกะปิ,หัวหมาก,ปัญหา: ภายในซอยดังกล่าว บริเวณพลัมคอนโด รามคำแหง 60 อินเตอร์เชนจ์ เนื่องจากเหตุอุทกภัย และสินค้าอาหารภายในร้านสะดวกซื้อหมด ทำให้ผู้อยู่อาศัยในคอนโดดังกล่าวไม่สามารถเดินทางออกไปหาซื้ออาหารได้ จึงมีความประสงค์ขอรับความช่วยเหลือเครื่องอุปโภคบริโภค ได้แก่ อาห,https://storage.googleapis.com/traffy_public_bucket/attachment/2022-12/da2125e781282589d482070c3dba1726aa16a4a7.jpg
2026-8XLAK7,inprogress,2026-09-28 16:23,2026-09-29 17:42,100.62379,13.8678,บางเขน,อนุสาวรีย์,ช่วบสูบน้ำให้พอสามารถขับรถพาคนป่วยไป รพ ให้ทัน 1 ตค ได้ไหม ความสูงระดับหน้าแข้ง น้ำท่วมมาแล้วน้อยกว่า 1 สัปดาห์,https://storage.googleapis.com/traffy_public_bucket/attachment/2026-09/01fd0199f93c77902bfe15a91948121c.jpeg
2026-JEA4RY,forward,2026-09-28 16:23,2026-09-28 16:24,100.6332,13.90566,สายไหม,คลองถนน,น้ำท่วม หมู่บ้าน ตั้งแต่คืนวันที่ 25 ก.ย. จนขณะนี้ น้ำไม่มีลด มีแค่เพิ่ม ปริมาณสูงระดับหัวเข่า เริ่มมีกลิ่นเหม็น แล้ว ความสูงระดับหัวเข่า น้ำท่วมมาแล้ว3 วัน,https://storage.googleapis.com/traffy_public_bucket/attachment/2026-09/04efd7e6649227933aadcc398f7c8e45.jpeg
2026-VNUB2D,start,2026-09-28 16:23,2026-09-28 16:23,100.75278,13.77561,ลาดกระบัง,คลองสามประเวศ,แจ้งระดับน้ำสูงขึ้นใน ซอยร่มเกล้า 17/1 แขวงคลองสามประเวศ ลาดกระบัง ระดับน้ำสูงเกิน 40 ซม.ครับ ความสูงระดับเกิน 40 ซมฺ ครับ น้ำท่วมมาแล้วท่วมมา 4 วันแล้วครับ,https://storage.googleapis.com/traffy_public_bucket/attachment/2026-09/ef24dce07b1a1f6bb2aa911c084e3b6f.jpeg
2026-T47HHD,inprogress,2026-09-28 16:25,2026-09-28 17:14,100.65142,13.72615,ประเวศ,ประเวศ,เรียนคุณชัชชาติ ขอความอนุเคราะห์เร่งด่วนระบายน้ำจากคลองบ้านม้าไปยังคลองประเวศ ตั้งแต่วันเสาร์ที่ 26 กย หมู่บ้านเมืองทองนิเวศน์ 2/1 ถนนพัฒนาการ 74 น้ำท่วมสูงมาก เข้าตัวบ้านเกือบทุกหลัง มีประมาณ 400-500 หลัง ไม่สามารถสูบออกคลองบ้านม้า เพราะในคลองสูงพอๆกะใ,https://storage.googleapis.com/traffy_public_bucket/attachment/2026-09/a010ec9b519247c3a9804cac5a9b35d3.jpeg
2026-X6CKBJ,inprogress,2026-09-28 16:25,2026-09-28 16:29,100.7001,13.78168,สะพานสูง,สะพานสูง,ที่หมู่บ้านธารารมณ์ รามคำแหง 150 ไพรเวทโซน ระดับน้ำหน้าบ้านสูงระดับเข่า ตรงช่วงคอสะพานก่อนเข้าในไพรเวทโซนต่ำมากระดับต้นขา เข้าออกลำบาก รถสัญจรไม่ได้ ช่วยเร่งระบายน้ำให้ด่วนค่ะ เพราะน้ำขังตั้งแค่วันที่ 25 แล้วค่ะ ตอนนี้น้ำเริ่มดำแล้ว ถ้าไม่เร่งระบายน้ำในคล,https://storage.googleapis.com/traffy_public_bucket/attachment/2026-09/c2bc5b242f7fee05ef02a7a959f0a30b.jpeg
2026-637XVB,inprogress,2026-09-28 16:26,2026-09-28 22:24,100.64203,13.7517,บางกะปิ,หัวหมาก,ซอยหัวหมาก 7 น้ำท่วมสูงถึงเข่า และ ไหลเข้าบ้าน น้ำท่วมสูงเกินเข่า ไม่มีวี่แววจะลดลง ความสูงระดับหัวเข่า 3 วันค่ะ,https://storage.googleapis.com/traffy_public_bucket/attachment/2026-09/29e0a2de982490170e61ca3770db83cf.jpeg
2026-EEMF3X,inprogress,2026-09-28 16:27,2026-09-28 16:49,100.68374,13.7082,ประเวศ,ประเวศ,น้ำท่วม ไม่ยุบเลย ในเฉลิมพระเกียรติ 67 ความสูงระดับน่องแล้วครับ น้ำท่วมมาแล้วเข้าวันที่ 4,https://storage.googleapis.com/traffy_public_bucket/attachment/2026-09/5379a7a3219c7b499d9aa65e535dc8c9.jpeg
2026-KT3HKJ,inprogress,2026-09-28 16:27,2026-09-28 22:22,100.64795,13.76042,บางกะปิ,หัวหมาก,มีคนต้องการความช่วยเหลือ ที่รามคำแหง 58/3 ค่ะ ความสูงระดับหัวเข่า น้ำท่วมมาแล้วน้อยกว่า 1 สัปดาห์,https://storage.googleapis.com/traffy_public_bucket/attachment/2026-09/4394b0ff56b752790fe53d00409bd4cc.jpeg
2026-V9R4E3,inprogress,2026-09-28 16:27,2026-09-29 17:42,100.62383,13.86782,บางเขน,อนุสาวรีย์,ถนนรามอินทราแยก 18 น้ำท่วมจนรถเล็กขับออกไม่ได้ ที่บ้านมีคนป่วย 2 คนต้องไป รพ บ่อย รบกวนสูยน้ำให้รถพอออกไปได้ ความสูงระดับหัวเข่า น้ำท่วมมาแล้วน้อยกว่า 3 ชั่วโมง,https://storage.googleapis.com/traffy_public_bucket/attachment/2026-09/6a1042dfda58382322e926946eb8e574.jpeg
2026-6KHRKW,inprogress,2026-09-28 16:28,2026-09-28 22:22,100.63211,13.7565,บางกะปิ,หัวหมาก,บ้านได้รับความเสียหายจากเหตุน้ำท่วมครั้งนี้ และอยู่ในเขตประกาศเป็นผู้ประสพอุบัติภัยจากน้ำท่วมครั้งนี้ ความสูงระดับหัวเข่า น้ำท่วมมาแล้วน้อยกว่า 1 สัปดาห์,https://storage.googleapis.com/traffy_public_bucket/attachment/2026-09/8cbc07a71cc81baaa6524b9a390ea302.jpeg
2026-8BW4FD,finish,2026-09-28 16:28,2026-09-30 18:30,100.55702,13.85764,หลักสี่,ทุ่งสองห้อง,น้ำยังท่วมขังสูงลดลงนิดเดียว รถเล็กวิ่งไม่ได้ แยกชินมณีน้ำลึกกว่าค่ะเดินทางลำบากค่ะ ความสูงระดับแยกชินมณี น้ำระดับเข่ากับซอยงามวงศ์วาน47แยก6-2 น้ำต่ำกว่าเข่านิดนึงค่ะ ต้องรถปิคอัพค่ะ รถเล็กยังวิ่งไม่ได้ค่ะ น้ำท่วมมาแล้ววันศุกร์ที่25ค่ะ ขอบคุณนะคะ,https://storage.googleapis.com/traffy_public_bucket/attachment/2026-09/20273b85f75600554222d00e9b77bf68.jpeg
2026-V3RUPB,finish,2026-09-28 16:30,2026-10-05 13:05,100.60633,13.89111,บางเขน,อนุสาวรีย์,น้ำท่วม ความสูงระดับหน้าแข้ง น้ำท่วมมาแล้วน้อยกว่า 1 สัปดาห์,https://storage.googleapis.com/traffy_public_bucket/attachment/2026-09/8a6bf0bbbb811b95469fa81cddd0ce6e.jpeg
2026-XC6AHV,forward,2026-09-28 16:30,2026-09-28 16:32,100.64212,13.73667,สวนหลวง,สวนหลวง,"ไม่ทราบว่าทางกทมจะมีการสูบน้ำถนนศรีนครินทร์ซอย 19 วันไหนคะเนื่องจากน้ำท่วม ไม่ลดเลย ผู้พักอาศัยในคอนโดจำนวน 1,618 ห้องเดือดร้อนมากเลยค่ะ ความสูงระดับหัวเข่า น้ำท่วมมาแล้วน้อยกว่า 1 สัปดาห์",https://storage.googleapis.com/traffy_public_bucket/attachment/2026-09/d172ec269cd2ec6a33aa8e0ac8c84836.jpeg
2026-C3WXV7,inprogress,2026-09-28 16:31,2026-09-29 12:27,100.64645,13.77938,บางกะปิ,คลองจั่น,น้ำท่วมขังเป็นเวลานาน มีผู้สูงอายุ อยู่ชั้นสอง ตอนนี้มีคนในบ้านเริ่มเท้าบวมแล้ว ช่วยหากู้ภัย หรือ หน่วยงานไหนเข้าไปดูแลหน่อยค่ะ ยังขาดเสบียงกับยารักษาโรคค่ะ ความสูงระดับท่วมประมาณเอวค่ะ แต่น้ำขังในบ้านเริ่มเน่าแล้ว น้ำท่วมมาแล้ว3 วันค่ะ ตอนนี้มี สส. โอ๋ ภ,https://storage.googleapis.com/traffy_public_bucket/attachment/2026-09/3c495cf738da65a2d1d1f75d6192e69b.jpeg
2026-DV8RUA,inprogress,2026-09-28 16:31,2026-09-28 16:34,100.70762,13.76927,สะพานสูง,สะพานสูง,น้ำท่วมมากๆๆแต่ทางเขตต้องเข้ามาสำรวจ ความสูงระดับเอว น้ำท่วมมาแล้วมากกว่า 1 สัปดาห์,https://storage.googleapis.com/traffy_public_bucket/attachment/2026-09/a87e90b1aa68c41bbb9357f9de64eade.jpeg
2026-ULMEH7,inprogress,2026-09-28 16:31,2026-09-29 09:02,100.87402,13.78553,หนองจอก,ลำต้อยติ่ง,น้ำท่วมถนน รถเล็กออกไม่ได้ ความสูงระดับหัวเข่า น้ำท่วมมาแล้วน้อยกว่า 1 สัปดาห์,https://storage.googleapis.com/traffy_public_bucket/attachment/2026-09/b1137bcdc5f2d7e123877d2832c5edb8.jpeg
2026-YB99JA,inprogress,2026-09-28 16:32,2026-09-28 16:38,100.67522,13.74032,สะพานสูง,สะพานสูง,น้ำในซอยท่วมขัง ไม่ลดลงเลยค่ะ สืบเนื่องจากการทำถนนด้านหน้าที่สูงกว่าถนนเดิม ทำให้น้ำไม่ระบายออก ขอความกรุณาช่วยแก้ไขด้วยนะคะ ความสูงระดับ60 ซม ค่ะ น้ำท่วมมาแล้วตั้งแต่วันศุกร์ค่ะ,https://storage.googleapis.com/traffy_public_bucket/attachment/2026-09/db6e9adf5eba1d866ffd45ee46023014.jpeg
2026-3MBEGF,inprogress,2026-09-28 16:33,2026-09-28 16:56,100.67737,13.78569,คันนายาว,รามอินทรา,ทางเข้าบ้านท่วมไนบ้านท่วมแล้ว ความสูงระดับหัวเข่า น้ำท่วมมาแล้วน้อยกว่า 1 สัปดาห์,https://storage.googleapis.com/traffy_public_bucket/attachment/2026-09/d1facbe6436a933d25bdccba1bd33db6.jpeg
2026-98TTR7,finish,2026-09-28 16:33,2026-10-05 15:03,100.64786,13.76032,บางกะปิ,หัวหมาก,ในซอยรามคำแหง 58 / 3 น้ำท่วมขังสูงทั้งซอย ไม่สามารถสัญจรไปไหนได้ ความสูงระดับหน้าแข้ง น้ำท่วมมาแล้วน้อยกว่า 1 สัปดาห์,https://storage.googleapis.com/traffy_public_bucket/attachment/2026-09/1871f55104074719cf5c9c4a482ed28c.jpeg
2026-C7XYMV,forward,2026-09-28 16:33,2026-09-28 17:08,100.66075,13.88991,สายไหม,ออเงิน,หน้าบิ๊กซีสุขาภิบาล5 น้ำท่วมสูงมาหลายวันแล้วครับ ตอนนี้น้ำเข้าในหมู่บ้านและระดับสูงขึ้นเรื่อยๆครับ ประมาณ 20-25 cm 3 วันครับ,https://storage.googleapis.com/traffy_public_bucket/attachment/2026-09/01790888f36affb2d6e9ed250ebacac2.jpeg
2026-MTFF9M,inprogress,2026-09-28 16:33,2026-09-28 16:41,100.67648,13.77516,สะพานสูง,สะพานสูง,เรียนเจ้าหน้าที่ผู้รับผิดชอบ ขอความกรุณาตรวจสอบและช่วยเหลือกรณีน้ำท่วมขังภายในซอยรามคำแหง 112 บริเวณหมู่บ้านสัมมากร โดยขณะนี้มีน้ำท่วมขังต่อเนื่องมาประมาณ 3 วันแล้ว ระดับน้ำสูงประมาณหัวเข่า ทำให้ประชาชนในพื้นที่ได้รับความเดือดร้อนอย่างมาก สถานการณ์ดังกล,https://storage.googleapis.com/traffy_public_bucket/attachment/2026-09/9669b49718b216d9fcbc99f1fc1cc45b.jpeg
2026-774TWD,finish,2026-09-28 16:35,2026-10-01 11:05,100.61019,13.70244,พระโขนง,บางจาก,น้ำท่วมซอยพึ่งมี3 สุขุมวิท93 ความสูงระดับหน้าแข้ง น้ำท่วมมาแล้วน้อยกว่า 1 สัปดาห์,https://storage.googleapis.com/traffy_public_bucket/attachment/2026-09/b0d00ac0b2f745cd7ea612d71e1c74ee.jpeg
2026-8ZW2L9,finish,2026-09-28 16:35,2026-10-05 15:05,100.64824,13.75801,บางกะปิ,หัวหมาก,น้ำท่วมสูง ไม่มีหน่วยงานไหนเข้ามาช่วยเหลือและน้ำไม่มีทีท่าว่าจะลดเริ่มมีงูเลื้อยมาที่น้ำแล้ว อาหารก็หมดค่อนข้างเยอะไม่มีของขาย ขอเสนอแนวทางแก้ไขปัญหาให้มาช่วยดูดน้ำออก หรือแจกจ่ายอาหารเพิ่มช่วยดูดน้ำให้ลดลงด่วนที่สุด ความสูงระดับหัวเข่า น้ำท่วมมาแล้วน้,https://storage.googleapis.com/traffy_public_bucket/attachment/2026-09/a8783ea230fc4b04b9b510823a2ef3fd.jpeg
2026-GDVNNK,inprogress,2026-09-28 16:35,2026-09-28 16:43,100.70458,13.76233,สะพานสูง,สะพานสูง,ปัญหา: ตลอดทั้งซอยดังกล่าว บริเวณบ้านเลขที่ 36/1 พบปัญหาน้ำท่วมขังและไหลเข้าสู่ภายในอาคารบ้านเรือน ส่งผลให้ประชาชนไม่สามารถเดินทางออกนอกพื้นที่ได้ เริ่มขาดแคลนเครื่องอุปโภคบริโภคและอาหาร อีกทั้งยังไม่ได้รับถุงยังชีพ ซึ่งขณะนี้มีประชาชนรอรับความช่วยเหลือด้,https://storage.googleapis.com/traffy_public_bucket/attachment/2022-12/da2125e781282589d482070c3dba1726aa16a4a7.jpg
2026-6FK9FG,finish,2026-09-28 16:36,2026-10-02 15:06,100.61491,13.70143,พระโขนง,บางจาก,แจ้งประสบภัยน้ำท่วมบ้านได้รับความเสียหายทางทรัพย์สิน ความสูงระดับหัวเข่าครับ น้ำท่วมมาแล้วตั้งแต่คืน 25 ที่ฝนตกไม่หยุดครับ,https://storage.googleapis.com/traffy_public_bucket/attachment/2026-09/71ce5e0002d1e98bf5c186d3ce484909.jpeg
2026-CFVJV6,inprogress,2026-09-28 16:37,2026-09-29 17:43,100.60489,13.88997,บางเขน,อนุสาวรีย์,ขอความช่วยเหลือเร่งด่วนจากสำนักงานเขตบางเขนค่ะ คอนโด โซ ออริจิ้น พหลโยธิน 69 (ซอยพหลฯ 69) มีน้ำท่วมขังบริเวณหน้าโครงการและห้องระบบจ่ายไฟภายในอาคาร ทำให้น้ำท่วมสูงและถูกตัดไฟ ลูกบ้านเดือดร้อนไม่มีที่พักอาศัยหลายร้อยชีวิต ตอนนี้นิติบุคคลกำลังเร่งสูบน้ำอยู่ ,https://storage.googleapis.com/traffy_public_bucket/attachment/2026-09/8a653ad0408301736203c4573acbfa94.jpeg
2026-P7EEKM,inprogress,2026-09-28 16:37,2026-09-28 22:17,100.63335,13.77633,บางกะปิ,คลองจั่น,ต้องการแก๊สหุงต้มค่ะ และต้องการตรวจสอบถังแก๊สที่มีอยู่ว่าใช้ได้ไหมค่ะ ผู้อาศัยเป็นผู้สูงอายุ 2 ท่าน อาหารพอทานอีกแค่1มื้อค่ะ รบกวนด้วยนะคะ #ขอกระสอบทราย/อื่นๆ,https://storage.googleapis.com/traffy_public_bucket/attachment/2026-09/9ad8e5b3be077d85d229d8e7734e9de5.jpeg
2026-6UCBRM,finish,2026-09-28 16:38,2026-09-29 01:09,100.71054,13.83877,คลองสามวา,บางชัน,อยากให้หน่วยงานเข้ามาแจกอาหารหน่อยค่ะ ในซอยตึกเยอะ คนงานเยอะ พวกไข่มาม่าหมดหาซื้อกันไม่ได้ ความสูงระดับหัวเข่า 3วันแล้วค่ะ,https://storage.googleapis.com/traffy_public_bucket/attachment/2026-09/2f61f9c3688cab70f30e898c1bb5c383.jpeg
2026-ZFPPJ8,finish,2026-09-28 16:38,2026-10-01 11:00,100.61042,13.70278,พระโขนง,บางจาก,น้ำท่วมลดระดับแห้งแล้ว แต่เมื่อ 1 ชั่วโมงที่ผ่านมาระดับน้ำเพิ่มสูงขึ้น ทั้งที่ไม่มีฝนตกเพิ่ม ความสูงระดับข้อเท้า น้ำท่วมมาแล้วน้อยกว่า 3 ชั่วโมง,https://storage.googleapis.com/traffy_public_bucket/attachment/2026-09/thumb_9a7975bc8a3482945d51e71dc9b2bf65.jpg
2026-EVHPYP,inprogress,2026-09-28 16:39,2026-09-28 22:15,100.64529,13.77953,บางกะปิ,คลองจั่น,*ชื่อ คุณชุติมน *จำนวนคนที่ต้องการความช่วยเหลือ 1 คน อายุ28ปี *เบอร์โทร 0917810333 *ที่อยู่ 649 หมู่บ้านเคหะฯ ซอย22 คลองจั่น บางกะปิ กทม. 10240 (ซอยแรกซ้ายมือ เข้าซอยมาบ้านอยู่ขวามือ(คนขับ) บ้านอยู่กลางๆซอย รั้วสีเขียว) *ถ้ามีคนมาส่งอาหารหรือเข้ามาอพยพคนไ,https://storage.googleapis.com/traffy_public_bucket/attachment/2026-09/d6de5167232086c388e04c497620d067.jpeg
2026-BFMEN7,inprogress,2026-09-28 16:40,2026-09-28 17:04,100.66938,13.79565,บึงกุ่ม,คลองกุ่ม,หมู่บ้านสหกรณ์ ซอยเสรีไทย57 คลองกุ่ม เขตบึงกุ่ม พยายามแจ้งขอรถ6ล้อหรือ10ล้อหรือขอความช่วยเหลือรถทหารมาวิ่งรับส่งคนเข้าออกสัก1คันครับ ความสูงระดับเท่าเอวครับ ซอยหมู่บ้านลึกประมาณ1กม. ในซอยไม่มีของอะไรขาย ต้องไปหน้าหมู่บ้าน คนแก่เดินลุยน้ำไปกลับไม่ไหว น้ำท่,https://storage.googleapis.com/traffy_public_bucket/attachment/2026-09/29ef8d942410086cca4676d99afad578.jpeg
2026-URDVBG,inprogress,2026-09-28 16:40,2026-09-28 22:14,100.64824,13.75805,บางกะปิ,หัวหมาก,น้ำท่วม มีคนต้องการความช่วยเหลือค่ะ ความสูงระดับหัวเข่า น้ำท่วมมาแล้วน้อยกว่า 1 สัปดาห์,https://storage.googleapis.com/traffy_public_bucket/attachment/2026-09/d17937b6f01881891e3da2bb9896ac0a.jpeg
2026-EK4J9Y,finish,2026-09-28 16:41,2026-10-01 11:13,100.61704,13.70411,พระโขนง,บางจาก,เมื่อเช้าน้ำลงไปแล้วตอนนี้น้ำกลับเพิ่มขึ้นเหมือนเดิม น้ำเน่าเสียมีหนูตาย ช่วยระบายน้ำให้ไว้กว่านี้ได้มั้ยคะ เสบียงก็จะหมดแล้วค่ะ ที่บ้านมีคนแก่ คนป่วย และก็เด็ก ค่ะ ความสูงระดับเข่า บางจุดเกินเข่าขึ้นมาค่ะ น้ำท่วมมาแล้ว4 วัน,https://storage.googleapis.com/traffy_public_bucket/attachment/2026-09/cdb6a2683b381c5a282f64048da8c69f.jpeg
2026-M36B7N,finish,2026-09-28 16:41,2026-10-05 13:31,100.66742,13.87544,บางเขน,ท่าแร้ง,น้ำในคู้บอน27แยก60 หมู่บ้านเสนา9 น้ำขังหนักมากค่ะขอให้หน่วยงานมาสูบออกให้สักครึ่ง1หน่อยได้มั้ยค่ะตอนนี้ยังเท่าเข่าเหมือนเดิมอยู่เลยค่ะรบกวนเข้ามาช่วยหน่อยค่ะให้รอน้ำอดคงไม่ไหวค่ะน้ำกลิ่นเหม็นแล้วค่ะออกไปข้างนอกก็ลำบาก เข่าค่ะ 2-3วันแล้วค่ะ,https://storage.googleapis.com/traffy_public_bucket/attachment/2026-09/785d40ea5f5b94006e5edd94307aff0c.jpeg
2026-3PMVGV,inprogress,2026-09-28 16:42,2026-09-28 16:47,100.65842,13.72972,ประเวศ,ประเวศ,ปัญหา: ภายในซอยดังกล่าว หมู่บ้านเมืองทอง 2 โครงการ 2 พบน้ำท่วมสูง โดยมีน้ำท่วมขังภายในหมู่บ้านทั้งหมด ระดับน้ำสูงเกือบถึงอก ส่งผลให้รถไม่สามารถเข้า - ออกพื้นที่ได้ และประชาชนบริเวณท้ายหมู่บ้านประสบความยากลำบากในการเดินทางออกจากพื้นที่ ปัจจุบันยังไม่มีหน่ว,https://storage.googleapis.com/traffy_public_bucket/attachment/2022-12/da2125e781282589d482070c3dba1726aa16a4a7.jpg
2026-XYKUHX,start,2026-09-28 16:42,2026-09-28 16:42,100.71199,13.72875,ลาดกระบัง,ลาดกระบัง,น้ำท่วมสูง และขังไม่มีทางออก อยากรบกวนช่วยมาสูบน้ำหน่อยครับ ซอย ลาดกระบัง 1ก/7 ด้านหลังสะพานสูง ติดคลองประเวศบุรีรมย์ ชาวบ้านด้านหลังสะพาน ไม่สามารถออกไปไหนได้ เลย ความสูงประมาณเกินกว่า 50 เซนติเมตร ตั้งวัน ศุกร์ 25 เย็นๆครับ,https://storage.googleapis.com/traffy_public_bucket/attachment/2026-09/9f888030f5d6c603795a57a84efdd6a9.jpeg
2026-YBA8FZ,finish,2026-09-28 16:42,2026-09-30 09:46,100.6008,13.7277,วัฒนา,คลองตันเหนือ,ซอยน้ำท่วม น้ำไม่ยอมลด ความสูงระดับในซ.ปรีดีพนมยงค์ 26 แห้งหมดแล้ว เหลือซ.พัฒนเวชม์ 5 ยังท่วมเยอะ ไปทำงานไม่ได้เลยค่ะ น้ำท่วมมาแล้วสูงเลยฟุตบาทค่ะ รถเล็กผ่านไม่ได้ค่ะ,https://storage.googleapis.com/traffy_public_bucket/attachment/2026-09/2956f0ca1eba81d0e6e33035ba7dbfc6.jpeg
2026-DYD97X,inprogress,2026-09-28 16:44,2026-09-29 09:02,100.80941,13.80743,หนองจอก,ลำผักชี,เวลาฝนตกทำให้น้ำไหลลงมาและฝนตกน้ำจากเพื่อนข้างก็ปล่อยให้หลงงมาหาเหมือนกันค่ะ ทำให้น้ำขังเป็นเวลานานเพราะไม่มีทางน้ำออกเลย อยากให้ช่วยแก้ไขหาทางน้ำออกให้หน่อยค่ะ เพราะทั้งซอยไม่มีทางน้ำออกเลย ความสูงระดับถ้าตรงนี้เวลาตกก็ตาตุ่มค่ะ น้ำท่วมมาแล้วทุกครั้งที่ม,https://storage.googleapis.com/traffy_public_bucket/attachment/2026-09/17b347b32fbecceacfeb84fb673053b5.jpeg
2026-N93YRG,inprogress,2026-09-28 16:44,2026-09-28 22:12,100.64796,13.7603,บางกะปิ,หัวหมาก,น้ำท่วมมีคนต้องการความช่วยเหลือค่ะ ความสูงระดับหัวเข่า น้ำท่วมมาแล้วน้อยกว่า 1 สัปดาห์,https://storage.googleapis.com/traffy_public_bucket/attachment/2026-09/1caf039db469bec2165be69d6789affa.jpeg
2026-BA4R7T,inprogress,2026-09-28 16:45,2026-09-28 16:58,100.66651,13.81397,คันนายาว,รามอินทรา,น้ำท่วมขังมา 3 วันแล้วค่ะ ทั้งในบ้านและนอกบ้านเลย ตอนนี้เริ่มมียุงลายในน้ำ ออกไปไหนไม่ได้ ความสูงระดับหน้าแข้ง น้ำท่วมมาแล้วน้อยกว่า 1 สัปดาห์,https://storage.googleapis.com/traffy_public_bucket/attachment/2026-09/35004d83ab0a01bfe491caac09888331.jpeg
2026-UZGNGZ,forward,2026-09-28 16:45,2026-09-28 17:20,100.71422,13.8506,คลองสามวา,บางชัน,มีแจ้งไปแล้วที่ case 2026-JUMLXJ แต่ ไม่มี การ update น้ำท่วมขัง สุเหร่าคลองหนึ่ง 15 ครึ่งเข่า 20 ซม 3 วัน,https://storage.googleapis.com/traffy_public_bucket/attachment/2026-09/58762a9b08f2d47acf208d9bed2a3edc.jpeg
2026-A9RZXU,inprogress,2026-09-28 16:46,2026-09-29 09:16,100.80937,13.80743,หนองจอก,ลำผักชี,เวลาฝนตกทำให้น้ำไหลลงมาและฝนตกน้ำจากเพื่อนข้างก็ปล่อยให้หลงงมาหาเหมือนกันค่ะ ทำให้น้ำขังเป็นเวลานานเพราะไม่มีทางน้ำออกเลย อยากให้ช่วยแก้ไขหาทางน้ำออกให้หน่อยค่ะ เพราะทั้งซอยไม่มีทางน้ำออกเลย ความสูงระดับถ้าตรงนี้เวลาตกก็ตาตุ่มค่ะ น้ำท่วมมาแล้วทุกครั้งที่ม,https://storage.googleapis.com/traffy_public_bucket/attachment/2026-09/a598c0e07ae49c87a234d0c2faa4067e.jpeg
2026-LZ6FA8,finish,2026-09-28 16:47,2026-09-29 13:20,100.58557,13.83353,จตุจักร,จันทรเกษม,ปัญหา: บริเวณซอยดังกล่าว (บ้านเลขที่ 353) มีความประสงค์ขอรับการสนับสนุนเครื่องอุปโภคบริโภค จึงขอให้เจ้าหน้าที่ให้ความช่วยเหลือ เบอร์โทรศัพท์ 025526024 บ้านเลขที่: 353 ซอย: พหลโยธิน32 แยก17 ถนน: เสนานิคม1 เขต: จตุจักร #1555,https://storage.googleapis.com/traffy_public_bucket/attachment/2022-12/da2125e781282589d482070c3dba1726aa16a4a7.jpg
2026-PVBCRR,inprogress,2026-09-28 16:47,2026-09-28 20:16,100.61307,13.85937,บางเขน,อนุสาวรีย์,หมู่บ้านปั้นทอง 3 ซอยลาดปลาเค้า 76 น้ำยังท่วมอยู่ บางจุดสูงกว่า 30 cm. รถเล็กผ่านไม่ได้ค่ะ ความสูงระดับหัวเข่า น้ำท่วมมาแล้วน้อยกว่า 1 สัปดาห์,https://storage.googleapis.com/traffy_public_bucket/attachment/2026-09/a624d5f3b6cb47d3387340e7e75baa3a.jpeg
2026-XU863A,finish,2026-09-28 16:47,2026-09-30 13:09,100.63553,13.66526,บางนา,บางนาเหนือ,น้ำท่วมบริเวณรอบบ้านและภายในบ้าน ระดับน้ำปริมาณหัวเข่า บันไดขั้นที่2 ท่อประปาที่ใช้น้ำภายในบ้านแตกชำรุดเนื่องจากกำแพงกั้นระหว่างบ้านพัง ถล่มเสียหาย ความสูงระดับหัวเข่า ท่วมตั้งแต่ศ.26 ช่วง23.40 น้ำเพิ่งลด วันอาทิตย์ช่วง3โมงเย็นน้ำค่อยๆแห้งค่ะ,https://storage.googleapis.com/traffy_public_bucket/attachment/2026-09/daabb5e2fda2b57a8b8a4898cc924ec9.jpeg
2026-6DWA26,finish,2026-09-28 16:48,2026-10-01 08:12,100.55201,13.85289,หลักสี่,ทุ่งสองห้อง,ด้านหน้าถนนงามวงศ์วาน43 ชินเขต1 ยาวไปถึงหน้าโลตัสเฟรช ชินเขต1 น้ำยังท่วมขังสูง รถเล็กไม่สามารถผ่านได้ แต่ตรงจุดอื่นน้ำลดระดับหมดแล้ว ความสูงระดับสูงประมาณ1เมตร น้ำท่วมมาแล้วมากกว่า3วัน,https://storage.googleapis.com/traffy_public_bucket/attachment/2026-09/9f460886e0a19fef49a276131bf28e50.jpeg
2026-AJH489,inprogress,2026-09-28 16:48,2026-09-28 18:18,100.79346,13.8319,มีนบุรี,แสนแสบ,ปัญหา: ภายในซอยดังกล่าว บ้านเลขที่ 472/133 เนื่องจากเกิดเหตุอุทกภัย จึงมีความประสงค์ขอรับความช่วยเหลือด้านอาหาร น้ำดื่ม และอาหารสัตว์เลี้ยง (แมว) ซอย: ราษฎร์อุทิศ 58 ถนน: ราษฎร์อุทิศ เขต: มีนบุรี #1555,https://storage.googleapis.com/traffy_public_bucket/attachment/2022-12/da2125e781282589d482070c3dba1726aa16a4a7.jpg
2026-F3EWCW,forward,2026-09-28 16:48,2026-09-29 19:04,100.65089,13.88885,สายไหม,คลองถนน,หมู่บ้านจิรทิพย์ หลังบิ๊กซีสุขาภิบาล5 เข้าทางใต้ทางด่วน น้ำเพิ่มขึ้นจากที่แจ้งรายงานไปเมื่อวันก่อน ตอนนี้ 28/9/69 16.41 น้ำคงที่เนื่องจากฝนหยุดตกมาพักนึง แต่พื้นที่หมู่บ้านต่ำกว่าถนน ทำให้น้ำยังไหลกลับเข้ามาที่หมู่บ้านตลอด ถนนหลักยังสูงมาก ต้องใช้เรือค,https://storage.googleapis.com/traffy_public_bucket/attachment/2026-09/4f6d500707f99ec4e284bee51f11dfc0.jpeg
2026-R68UVX,inprogress,2026-09-28 16:48,2026-09-30 11:54,100.61964,13.94728,ดอนเมือง,สนามบิน,หมู่บ้านพิพรพงษ์4 น้ำยังไม่ลดเลย ขึ้นมาเลื่ิอยๆ ที่อื่นเขาลดกันหมดแล้ว เข้ามาดูกันบ้างสิ😡 ความสูงระดับซอยผมประมาณหัวเข่า ซอยจ้างในน่าจะเอวแล้วมั้ง น้ำท่วมมาแล้วน้อยกว่า 1 สัปดาห์,https://storage.googleapis.com/traffy_public_bucket/attachment/2026-09/3dcc5b5f2403cb1f9620e4e5c6fbceb4.jpeg
2026-2KWZ29,inprogress,2026-09-28 16:50,2026-09-28 17:25,100.63081,13.87954,บางเขน,ท่าแร้ง,น้ำท่วมขังซอยสูงมาก ปริมาณน้ำไม่ลดลง ไม่สามารถสัญจรออกไปบริเวณภายนอกได้เลย ความสูงระดับหน้าแข้ง น้ำท่วมมาแล้วน้อยกว่า 1 สัปดาห์,https://storage.googleapis.com/traffy_public_bucket/attachment/2026-09/1a1c1841764adedda2a1d41a08a383e8.jpeg
2026-4N8DRN,finish,2026-09-28 16:50,2026-09-30 09:56,100.62962,13.89955,สายไหม,คลองถนน,ปัญหา: เนื่องจากเกิดเหตุอุทกภัย จึงมีความประสงค์ขอรับความช่วยเหลือด้านอาหารและน้ำดื่ม สำหรับเด็กและผู้พิการ ถนน: เพิ่มสิน จุดสังเกต: ใกล้กับร้านสะดวกซื้อ CJ MORE เขต: สายไหม #1555,https://storage.googleapis.com/traffy_public_bucket/attachment/2022-12/da2125e781282589d482070c3dba1726aa16a4a7.jpg
2026-79KJPA,inprogress,2026-09-28 16:50,2026-09-28 17:23,100.62881,13.86219,บางเขน,ท่าแร้ง,น้ำท่วม รอการระบาย ความสูงระดับหัวเข่า น้ำท่วมมาแล้วน้อยกว่า 1 สัปดาห์,https://storage.googleapis.com/traffy_public_bucket/attachment/2026-09/532e6187509be983bd5e27d7a13ef6e6.jpeg
2026-FR3F3P,finish,2026-09-28 16:50,2026-10-01 11:04,100.61037,13.70099,พระโขนง,บางจาก,ต้องการเครื่องสูบน้ำ ในซอย พึ่งมี 3 ความสูงระดับหน้าแข้ง 4 วันแล้วค่ะ,https://storage.googleapis.com/traffy_public_bucket/attachment/2026-09/eab9c9821459f2a09aa49458d5e3e29c.jpeg
2026-JRVBVP,inprogress,2026-09-28 16:50,2026-09-29 17:45,100.60551,13.87423,บางเขน,อนุสาวรีย์,ถนนเมนหมู่บ้านเธียรสวนน้ำท่วมสูง ~50cm รถไม่สามารถสัญจรได้ ออกไปซื้อวัตถุดิบของกินไม่ได้ สั่งอาหารเข้ามาไม่ได้ ซอยย่อยที่ยกสูงหลายหลังน้ำเข้าชั้น 1 ค่ะ ความสูงระดับหัวเข่า น้ำท่วมมาแล้ว3-4 วัน,https://storage.googleapis.com/traffy_public_bucket/attachment/2026-09/thumb_29ef85b6ea701f8f7ca339d1bdf8a6dc.jpg
2026-LV3362,inprogress,2026-09-28 16:50,2026-09-28 22:11,100.64193,13.75181,บางกะปิ,หัวหมาก,ซอยหัวหมากเจ็ดน้ำท่วมสูงถึงเข่าน้ำไม่ลดลงเลยน้ำเข้าบ้านมีระดับความสูงเท่ากับน้ำถนน ท่วมขังมาสามวันแล้ว ความสูงระดับหัวเข่า 3 วัน,https://storage.googleapis.com/traffy_public_bucket/attachment/2026-09/616491fe0e9a3789b90f71d4b711c7a4.jpeg
2026-VZUXNV,inprogress,2026-09-28 16:50,2026-09-28 18:07,100.67996,13.7306,ประเวศ,ประเวศ,หมู่บ้านเนอวานาคัฟเวอร์ ซอยอ่อนนุช 65 น้ำท่วมสูง ไม่สามารถขับรถออกจากหมู่บ้านได้ ตั้งแต่วันเสาร์ ที่ 26 ก.ย. 2569 ขอความช่วยเหลือด่วน ความสูงระดับ90 เซนติเมตร ถึง 1 เมตร น้ำท่วมมาแล้ว3 วัน,https://storage.googleapis.com/traffy_public_bucket/attachment/2026-09/7e8ff1e0d05b90899c6725b5e03ec4f1.jpeg
2026-6EUAJZ,inprogress,2026-09-28 16:51,2026-09-28 17:08,100.68875,13.67482,ประเวศ,ดอกไม้,บ้านเลขที่ 12 ซอยรามคำแหง 2 ซอย 11 แยก9 น้ำท่วมมา 4 วันแล้วยังไม่ลดเลย ตั้งแต่วันที่ 25 พื้นบ้านเสียหาย วอน กทม. หน่อยงานรัฐช่วยเหลือ ที่บ้านมีคนแก่ 2 คน อาการจะหมดแล้ว น้ำใช้ไม่ได้ การขับถ่ายใช้ไม่ได้ ความสูงระดับหัวเข่า น้ำท่วมมาแล้วน้อยกว่า 1 สัปดาห์,https://storage.googleapis.com/traffy_public_bucket/attachment/2026-09/b7ea927455b9380df2b2f6610f5c96ac.jpeg
2026-P8H8N8,inprogress,2026-09-28 16:51,2026-09-28 17:01,100.68852,13.70435,ประเวศ,ดอกไม้,ติดน้ำท่วม ตั้งแต่วันศุกร์ ออกจากบ้านไม่ได้ ระดับน้ำสูง กว่าเอว ต้องการอาหารและน้ำดื่ม ความสูงระดับสูงกว่าเอว น้ำท่วมมาแล้วมากกว่า 1 สัปดาห์,https://storage.googleapis.com/traffy_public_bucket/attachment/2026-09/9715feb1662b50daecab6eb186b075a3.jpeg
2026-TH4J88,forward,2026-09-28 16:51,2026-09-28 16:57,100.65065,13.80498,บึงกุ่ม,คลองกุ่ม,หมู่บ้านธนะสิน โครงการ 5-6 ซอยนวมินทร์ 68 ถนนนวมินทร์ คลองกุ่ม บึึงกุ่ม เข้าจากปากซอยนวมินทร์ 68 มาประมาณ 200 เมตร น้ำท่วมขังอยู่หมู่บ้านเดียว ในขณะที่ถนนรอบข้าง เช่น ถนนเกษตรนวมินทร์และถนนนวมินทร์น้ำแห้งหมดแล้ว ขอความช่วยเหลือ กทม. นำเครื่องสูบน้ำมาสูบน้,https://storage.googleapis.com/traffy_public_bucket/attachment/2026-09/20c3b010a88f00e864e0ea01767831bd.jpeg
2026-VLNTEB,inprogress,2026-09-28 16:53,2026-09-28 21:01,100.6183,13.75151,บางกะปิ,หัวหมาก,ปัญหา: ภายในซอยดังกล่าว บ้านเลขที่ 27 เนื่องจากเกิดเหตุอุทกภัย จึงมีความประสงค์ขอรับความช่วยเหลือด้านอาหารและน้ำดื่ม สำหรับผู้พักอาศัย 1 ราย (0906481598 ผู้ประสบภัย) ซอย: รามคำแหง 24 (ซอนสงวนสิน) ถนน: รามคำแหง จุดสังเกต: ใกล้กับอพาร์ทเม้นท์ขุนช้าง เขต: บา,https://storage.googleapis.com/traffy_public_bucket/attachment/2022-12/da2125e781282589d482070c3dba1726aa16a4a7.jpg
2026-NMGNXF,inprogress,2026-09-28 16:54,2026-09-28 17:08,100.70659,13.78547,สะพานสูง,สะพานสูง,รบกวนหน่วยงานที่เกี่ยวข้องและเจ้าหน้าที่ช่วยลงพื้นที่และแก้ไขปัญหาความเดือดร้อนให้กับหมู่บ้านเคหะธานี4ด้วยครับ เนื่องจากระดับน้ำยังไม่ลดลงเลยและในหมู่บ้านหลังหลายหลังคาเรือนมีความเดือดร้อนเป็นอย่างมากเพราะมีผู้ป่วยและผู้สูงอายุอยู่ภายใน ตลอดจนอาหารการกินไ,https://storage.googleapis.com/traffy_public_bucket/attachment/2026-09/f3a700e222746eea82a1adfbfa5e6b41.jpeg
2026-ZCWYAH,inprogress,2026-09-28 16:54,2026-09-28 17:07,100.64931,13.87776,บางเขน,ท่าแร้ง,น้ำท่วมไม่ลดเลย ความสูงระดับหน้าแข้ง น้ำท่วมมาแล้ว4 วันแล้ว ตั้งแต่วันศุกร์,https://storage.googleapis.com/traffy_public_bucket/attachment/2026-09/b057358d09030f252035c24def5fcece.jpeg
2026-BXXVJF,finish,2026-09-28 16:55,2026-09-28 20:14,100.67039,13.85706,บางเขน,ท่าแร้ง,น้ำจากคลองหกขุดทะลักเข้ามาในหมู่บ้านเสนาวิลล่า3 ทำให้ระดับน้ำภายในหมู่บ้านสูงขึ้น ต้องการกระสอบทราย เครื่องสูบน้ำ #ขอกระสอบทราย/อื่นๆ,https://storage.googleapis.com/traffy_public_bucket/attachment/2026-09/19cc2b29c0181d43d4c7b62b74073706.jpeg
2026-TC2J2Z,inprogress,2026-09-28 16:55,2026-09-28 17:03,100.61461,13.88507,บางเขน,อนุสาวรีย์,ซอยร่วมพัฒนา 33 แยก 36 น้ำท่วมไม่ลดเลยค่ะ ความสูงระดับหน้าแข้ง 3 วัน,https://storage.googleapis.com/traffy_public_bucket/attachment/2026-09/f2d8463342cadfea7529bee280b02044.jpeg
2026-6UMBNZ,inprogress,2026-09-28 16:56,2026-09-30 09:46,100.59949,13.92861,ดอนเมือง,สีกัน,ตั้งแต่ซอยสรณคมน์ 17 ลงไปน้ำท่วมสูง อยากให้สำนักงานเขตช่วยประสานงานให้มีรถรับส่งไปตามซอยต่างๆ ชาวบ้านอยู่เยอะไม่มีอาหารทาน บางจุดถึงเข่า ลึกๆในซอยสูงเอว,https://storage.googleapis.com/traffy_public_bucket/attachment/2026-09/2352a43752482e3547847d0c8c83af96.jpeg
2026-PZPRUT,inprogress,2026-09-28 16:57,2026-09-30 11:53,100.6199,13.94663,ดอนเมือง,สนามบิน,น้ำท่วมไม่มีหน่วยงานไหนเข้ามาช่วย ละท่วมสูงขึ้นเรื่อยๆ ท่วมมา2วันแล้ว ความสูงระดับหน้าแข้ง น้ำท่วมมาแล้วน้อยกว่า 1 สัปดาห์,https://storage.googleapis.com/traffy_public_bucket/attachment/2026-09/e48b64ae1306b43e69b8e8f382456483.jpeg
2026-YC6PEN,forward,2026-09-28 16:57,2026-09-28 16:58,100.64896,13.83194,บึงกุ่ม,นวลจันทร์,บ้านเลขที่ 39/394 สินธนา 3 เฟส 1 ซ. อมรรัตน์ นวมินทร์ 163 แยก 17-2 แขวงนวลจันทร์ เขตบึงกุ่ม นะครับ น้ำท่วม หรือจะเรียกว่าน้ำรอระบายก็แล้วแต่ แต่น้ำไม่ลดลงเลย หมู่บ้านอื่น เขาลดลงจนแห้ง มาหลายวันแล้ว หมู่บ้านนี้ มีทั้งคนแก่ ผู้ป่วยที่ต้องทานยาประจำ เข,https://storage.googleapis.com/traffy_public_bucket/attachment/2026-09/ba9d326a0b3e6bce8d786bf88d14aedd.jpeg
2026-8PX82F,inprogress,2026-09-28 16:58,2026-09-28 17:01,100.6352,13.71996,สวนหลวง,สวนหลวง,ช่วยสูบน้ำให้แห้งให้สัญจรเข้าออกได้สะดวก ที่ตลอดซอยหมู่ บ้านวิรัลพัชรอ่อนนุช39 ระดับน้ำท่วมขังถึงเกินเข่า ตั้งแต่วันที่24ถึงปัจจุบันก็ยังไม่ลดลงคะ ความสูงระดับจากหมู่บ้านกรองทอง ขวามือ ขับรถมาอีก2ม.จะมี7-11ซ้ายมือ ให้เลี้ยวขวาตรงเข้ามาประมาณ5ม.หมู่บ้านวิร,https://storage.googleapis.com/traffy_public_bucket/attachment/2026-09/b6dfaa50a2f81e25b43350718e056d44.jpeg
2026-7Y7FPM,finish,2026-09-28 16:59,2026-09-28 19:36,100.75387,13.82627,คลองสามวา,ทรายกองดินใต้,ต้องการขอหนังสือรับรองผู้ประสบภัยน้ำท่วมครับ ประมาณน่องครับ ต้องการขอหนังสือรับรองผู้ประสบภัยต้องแจ้งยังไงครับทำเรื่องยังไง,https://storage.googleapis.com/traffy_public_bucket/attachment/2026-09/9ba471a72720e2ec8219a122274dbf58.jpeg
2026-KH673P,inprogress,2026-09-28 17:00,2026-09-28 17:08,100.68377,13.77382,สะพานสูง,สะพานสูง,น้ำท่วมขัง 70-80 ซม ตั้งแต่คืนวันศุกร์ ระดับน้ำยังคงเดิม ไม่ลด รามคำแหง 118 แยก 21 ความสูงระดับเอว น้ำท่วมมาแล้วน้อยกว่า 1 สัปดาห์,https://storage.googleapis.com/traffy_public_bucket/attachment/2026-09/thumb_95a874c358d3668361178577a4079b4f.jpg
2026-V7VGMX,inprogress,2026-09-28 17:00,2026-09-28 17:30,100.63106,13.73782,สวนหลวง,สวนหลวง,ปัญหา: ภายในซอยพัฒนาการ 39 หมู่บ้านปรีชา บ้านเลขที่ 36 เนื่องจากเกิดเหตุอุทกภัย จึงมีความประสงค์ขอรับความช่วยเหลือด้านอาหารและน้ำดื่ม จำนวน 5 ท่าน ถนน: พัฒนาการ เขต: สวนหลวง #1555,https://storage.googleapis.com/traffy_public_bucket/attachment/2022-12/da2125e781282589d482070c3dba1726aa16a4a7.jpg
2026-4UFZMP,inprogress,2026-09-28 17:01,2026-09-28 18:30,100.69507,13.86795,คลองสามวา,สามวาตะวันตก,น้ำท่วมขังภายในหมู่บ้านมา 4 วัน แล้ว เครื่องสูบน้ำพัง ทำให้น้ำไม่ไหลออกจากหมู่บ้านจนเริ่มมีกลิ่น ความสูงระดับหน้าบ้านประมาณเข่า กลางหมู่บ้านประมาณต้นขาค่ะ น้ำท่วมมาแล้ว4 วันแล้วค่ะ ตั้งแต่ฝนตกหนักสะสมเมื่อวันศุกร์ที่ผ่านมา,https://storage.googleapis.com/traffy_public_bucket/attachment/2026-09/7d74afb89a5a3126d8445444a1d7950a.jpeg
2026-CWU7MY,finish,2026-09-28 17:01,2026-10-01 08:01,100.55794,13.85802,หลักสี่,ทุ่งสองห้อง,อยากทราบแผนการระบายน้ำของซอยชินเขต2 เนื่องจากปริมาณน้ำภายใน 24 ชั่วโมงไม่ลดเลย หรือถ้าลดก็ลดช้ามากแทบดูไม่ออก ไม่ทราบว่าเครื่องสูบน้ำทำงานได้ปกติหรือไม่ อย่างน้อยควรแจ้งรายวันว่าวันนี้ลดไปแล้วกี่เซนติเมตร ความสูงระดับหน้าแข้ง น้ำท่วมมาแล้วตั้งแต่วันที่ 26,https://storage.googleapis.com/traffy_public_bucket/attachment/2026-09/be767bf3ac3382ca44605fa2b18924e4.jpeg
2026-W7RH6D,finish,2026-09-28 17:01,2026-10-01 14:20,100.57935,13.85936,หลักสี่,ตลาดบางเขน,น้ำท่วมมานานแล้วซอยวิภาวดี 60 แยก 14 ซอยหน้าหมู่บ้านเศรณีปาร์ค บ้านกลางเมือง ดิอิ ดิชั่น วิภาวดี แล้วก็ the grand วิภาวดี ฝนหยุดนานแล้ว แต่ถนนไม่ระบายน้ำออกเลย ทั้งวัน ความสูงระดับข้อเท้า น้ำท่วมมาแล้วสี่วันแล้ว,https://storage.googleapis.com/traffy_public_bucket/attachment/2026-09/thumb_7139d95eb5d52c766d30a1458216b46e.jpg
2026-6N4JLM,inprogress,2026-09-28 17:02,2026-09-29 09:02,100.87284,13.8156,หนองจอก,กระทุ่มราย,ผักตบชวาเต็มคลองไปหมด น้ำระบายไม่สะดวก แล้วตอนนี้ท่วมหนักมาก เกรงว่ามันจะลอยขึ้นไปบนถนน ความสูงระดับข้อเท้า น้ำท่วมมาแล้วน้อยกว่า 1 สัปดาห์,https://storage.googleapis.com/traffy_public_bucket/attachment/2026-09/afcc7610622754c2899bfc8fcbb66993.jpeg
2026-FH9Y9T,inprogress,2026-09-28 17:02,2026-09-28 18:01,100.69072,13.67802,ประเวศ,ดอกไม้,เขตประเวศ มบ. สวนหลวงวิลล์ 3 ตั้งแต่ 25/09 ไม่มีท่าทีลดลง คนใน สวนหลวงวิลล์ 3 ออกข้างนอก ลำบากมาก กลางคืนก็ มืดไม่มีไฟทาง น้ำไม่มีสูบออกเลยค่ะ ความสูงระดับเข่า ค่ะ น้ำท่วมมาแล้วตั้งแต่ 25 จนถึง 28,https://storage.googleapis.com/traffy_public_bucket/attachment/2026-09/35a3eeddcfe3f817136297471ac3e70f.jpeg
2026-4HKEFN,inprogress,2026-09-28 17:03,2026-09-30 11:53,100.61942,13.936,ดอนเมือง,สนามบิน,น้ำท่วม ใน ซ.พหลโยธิน 73 ท่วม ใน ซอย สูง ประมาณ 70-1เมตร ครับ 1เมตร-80เซ็น ครับ 7วัน,https://storage.googleapis.com/traffy_public_bucket/attachment/2026-09/5422954520f1ae8bcc442f885bee44df.jpeg
2026-8Y7WZU,forward,2026-09-28 17:04,2026-09-28 17:10,100.67158,13.92226,สายไหม,สายไหม,ท่วมทั้งหมู่บ้าน น้ำไม่ลด ท่อไม่ระบายมา 3-4 วันแล้ว ความสูงระดับ299/227 ม.มัณฑณา เลควัชรพล สุขาภิบาล5 ซอย 63/2 น้ำท่วมขัง ไม่ลดมา 3-4 วันแล้ว น้ำท่วมมาแล้ว3-4 วัน ท่อน้ำไม่ระบาย,https://storage.googleapis.com/traffy_public_bucket/attachment/2026-09/7502812ce45fa425ad01da0a89f94b47.jpeg
2026-7X6A89,finish,2026-09-28 17:05,2026-09-30 10:14,100.61152,13.89888,สายไหม,คลองถนน,ปัญหา: ภายในซอยพหลโยธิน 54 บ้านเลขที่ 116/429 เนื่องจากเกิดเหตุอุทกภัย จึงมีความประสงค์ขอรับความช่วยเหลือด้านอาหารและน้ำดื่ม ซอย: พหลโยธิน 54 ถนน: พหลโยธิน เขต: สายไหม #1555,https://storage.googleapis.com/traffy_public_bucket/attachment/2022-12/da2125e781282589d482070c3dba1726aa16a4a7.jpg
2026-JPDY6N,finish,2026-09-28 17:06,2026-09-29 11:32,100.61568,13.78124,วังทองหลาง,พลับพลา,ปัญหา: ตลอดทั้งซอยดังกล่าว บ้านเลขที่ 58 เนื่องจากเหตุอุทกภัย ทำให้ไม่มีน้ำกินน้ำใช้ เป็นเวลา 2 วันแล้ว และมีน้ำดื่มเหลือเพียง 1 กล่องสำหรับทั้งกินและใช้ จึงขอความช่วยเหลือในการรับเครื่องอุปโภคบริโภค ซอย: ลาดพร้าว 110 แยก 4 (ซอย สนธิวัฒนา 4) ถนน: ลาดพร้าว,https://storage.googleapis.com/traffy_public_bucket/attachment/2022-12/da2125e781282589d482070c3dba1726aa16a4a7.jpg
2026-DZZ727,start,2026-09-28 17:07,2026-09-28 17:07,100.78707,13.72132,ลาดกระบัง,ลาดกระบัง,หน้าซอยลาดกระบัง 54 /2มีน้ำท่วมค่ะมีจำนวนมาก อยากให้ทางเขตเข้ามาดูแลและเอาเครื่องปั๊มน้ำมาสูบน้ำออกเพราะตอนนี้น้ำเข้าหน้าบ้านประชาชน เดือดร้อนอยากให้รบกวนช่วยรีบแก้ไขปัญหาน้ำท่วมโดยด่วน ความสูงระดับตรงถนนตอนนี้ครึ่งแข้งแล้ว น้ำท่วมมาแล้วตั้งแต่คืนวันศุกร์,https://storage.googleapis.com/traffy_public_bucket/attachment/2026-09/thumb_0543e7da6c8a2add6dc00786c9b720d3.jpg
2026-KPD8M8,inprogress,2026-09-28 17:07,2026-09-28 18:18,100.79194,13.83475,มีนบุรี,แสนแสบ,รบกวนขออาหารแมว และทรายแมวด้วยค่ะ ช่วงกลางซอยน้ำเลยสูงประมาณเข่าค่ะ ตั้งแต่วันที่ 24 ค่ะ,https://storage.googleapis.com/traffy_public_bucket/attachment/2026-09/2bd2c2b5f6b371139b7c5096b33bd481.jpeg
2026-X8YXMN,inprogress,2026-09-28 17:07,2026-09-28 17:28,100.63793,13.70575,สวนหลวง,สวนหลวง,อีกทีค่ะ* ความสูงระดับข้อเท้า น้ำท่วมมาแล้วมากกว่า 1 สัปดาห์,https://storage.googleapis.com/traffy_public_bucket/attachment/2026-09/a1d33b8943b85876dc408c7db6cc4d85.jpeg
2026-446BM6,finish,2026-09-28 17:08,2026-10-01 15:44,100.64729,13.7736,บางกะปิ,คลองจั่น,ปัญหา: แฟลตคลองจั่น อาคารที่ 17 เนื่องจากเกิดเหตุอุทกภัย จึงมีความประสงค์ขอรับความช่วยเหลือด้านอาหารและน้ำดื่ม จำนวน 200 ท่าน ถนน: นวมินทร์ เขต: บางกะปิ #1555,https://storage.googleapis.com/traffy_public_bucket/attachment/2022-12/da2125e781282589d482070c3dba1726aa16a4a7.jpg
2026-BUXNVP,inprogress,2026-09-28 17:08,2026-09-28 17:28,100.64152,13.70654,สวนหลวง,สวนหลวง,พอมีเครื่องสูบน้ำเอามาสูบน้ำที่ขังจากซอยออกมั้ยครับ เพราบริเวณโดยรอบน้ำแห้งหมดแล้วแต่มันขังแค่ซอยนี้ครับ น้ำเริ่มเสีย ค้างมา 3 วันไม่ลดเลยครับ ความสูงระดับหัวเข่า น้ำท่วมมาแล้วน้อยกว่า 1 สัปดาห์,https://storage.googleapis.com/traffy_public_bucket/attachment/2026-09/3b7967f40b9cf01daedc04092a2da570.jpeg
2026-CXKX33,inprogress,2026-09-28 17:09,2026-09-28 17:42,100.63445,13.69894,พระโขนง,บางจาก,หมู่บ้านวรบูลย์ วชิรธรรมสาธิต 57 ในหมู่บ้านยังมีน้ำขังอยู่มาก ในขณะที่สถานที่รอบๆแถวนั้นถนนค่อนข้างแห้งหมดแล้ว ไม่ทราบทางเขตจะช่วยเหลืออะไรได้บ้าง ที่แจ้งเพราะเป็นวันที่3ที่จมน้ำ และเห็นที่อื่นดีขึ้นมากแล้ว อยากให้มาดูบ้าง ความสูงระดับตอนนี้ประมาน 30cm น้,https://storage.googleapis.com/traffy_public_bucket/attachment/2026-09/e0d166f59ebaf92941f4453666f1dd93.jpeg
2026-FAZR4R,forward,2026-09-28 17:09,2026-09-28 21:45,100.64192,13.75177,บางกะปิ,หัวหมาก,ซอยหัวหมาก7 น้ำท่วมถึงเข่า น้ำท่วมสูงมาสามวันแล้ว ไม่มีทีท่าว่าจะลดลงมีมีแต่สูงขึ้น ความสูงระดับหัวเข่า 3วัน,https://storage.googleapis.com/traffy_public_bucket/attachment/2026-09/51a899f8f0ff12fe216bba3ea47aeedb.jpeg
2026-3PJB3C,inprogress,2026-09-28 17:10,2026-09-28 17:24,100.66742,13.80349,บึงกุ่ม,คลองกุ่ม,ปัญหา: ภายในหมู่บ้านสหกรณ์ บ้านเลขที่ 4/1255 มีความประสงค์ขอรับการสนับสนุนเครื่องอุปโภคบริโภค จึงขอให้เจ้าหน้าที่ให้ความช่วยเหลือ บ้านเลขที่: 4/1255 หมู่บ้าน: สหกรณ์ ซอย: เสรีไทย 57 แยก 75 ถนน: เสรีไทย เขต: บึงกุ่ม #1555,https://storage.googleapis.com/traffy_public_bucket/attachment/2022-12/da2125e781282589d482070c3dba1726aa16a4a7.jpg
2026-8PU7H6,inprogress,2026-09-28 17:10,2026-09-29 10:18,100.7239,13.79269,มีนบุรี,มีนบุรี,ระบายน้ำท่วมให้มันเท่าเทียมกันหน่อยสิครับ คนเหมือนกัน เดือนร้อนเหมือนกัน พื้นที่อื่นระบายน้ำลดจนแห้ง ส่วนผมอยู่รามคำแหง 178 ระดับน้ำเท่าเดิม เข้า-ออก ก็ลำบาก เปิดประตูระบายน้ำคลอง ระบายน้ำให้เท่าเทียมกันหน่อย คนอยู่พื้นที่แห้งก็สบายไป คนที่ติดเกาะก็ลำบาก,https://storage.googleapis.com/traffy_public_bucket/attachment/2026-09/1a9aeece9f7edb5a2ccdb83d8c1b6758.jpeg
2026-G69Z6V,inprogress,2026-09-28 17:10,2026-09-28 17:15,100.70224,13.7727,สะพานสูง,สะพานสูง,น้ำท่วม ซอยราษฎร์พัฒนา 22 หมู่บ้าน พราค์เวย์ 40-50 ซม (หัวเข่า) 3 วันคับ,https://storage.googleapis.com/traffy_public_bucket/attachment/2026-09/f5de5a4afb4f11a57c0f60070870205f.jpeg
2026-6AM698,forward,2026-09-28 17:11,2026-09-28 17:22,100.64341,13.79952,บึงกุ่ม,นวมินทร์,ติดต่อของเครื่องสูบน้ำระบายออกค่ะ #ขอกระสอบทราย/อื่นๆ,https://storage.googleapis.com/traffy_public_bucket/attachment/2026-09/0e22bd5caec9446037666c0ed17be221.jpeg
2026-HL9KBN,inprogress,2026-09-28 17:11,2026-09-28 17:14,100.68499,13.75527,สะพานสูง,สะพานสูง,รับเรื่องซะที หลายวันแล้ว เขตก็อยู่ในซอยน้ำยังสูงขนาดนี้มีไว้ทำไม ไม่ไปตั้งที่อื่น ความสูงระดับหัวเข่า 3วันแล้วเห้ย,https://storage.googleapis.com/traffy_public_bucket/attachment/2026-09/95dfd4de7204f3f228f2e705f8d72ebe.jpeg
2026-V6CHCK,finish,2026-09-28 17:11,2026-10-05 13:57,100.63558,13.77791,บางกะปิ,คลองจั่น,อยู่ลาดพร้าว 107 แยก 6 เป็นแยกที่ถนนต่ำมาก น้ำท่วมขัง ไม่ลดเลยค่ะ ระดับเอว 4 วันแล้ว,https://storage.googleapis.com/traffy_public_bucket/attachment/2026-09/bfd9698dbac018f024a88f7362eaf958.jpeg
2026-H6K9MJ,forward,2026-09-28 17:13,2026-09-28 17:22,100.65004,13.79438,บึงกุ่ม,นวมินทร์,สวัสดีค่ะแอดมิน ซอย นวมินทร์ 75 มีน้ำท่วมอยู่ยังไม่ลด เผื่อมีทางระบายน้ำได้บ้างคะ เรื่องจากเส้นทางหลักน้ำลด รถเล็กสามารถขับขี่บนถนนได้บ้างแล้วคะ รบกวนด้วยนะคะ 🙏🏻🥰 ช่วงขาล่าง ตามระดับถนนในซอยค่ะ ตั้งแต่วันที่ 25 กันยายนค่ะ,https://storage.googleapis.com/traffy_public_bucket/attachment/2026-09/5e56ac0bd889e5e305bf392f6fd3da10.jpeg
2026-7MFL3Z,finish,2026-09-28 17:14,2026-09-29 15:17,100.41136,13.6885,บางแค,บางแค,น้ำท่วมขังในซอยแค่หน้าบ้านแต่หน้าหมู่บ้านน้ำไม่ท่วมทั้งทั้งที่เปิดเครื่องสูบน้ำแล้วน้ำก็ยังค้างแค่ในซอย 3 ความสูงระดับข้อเท้า น้ำท่วมมาแล้วน้อยกว่า 1 สัปดาห์,https://storage.googleapis.com/traffy_public_bucket/attachment/2026-09/db8f8a9778ae6ebc1cdb8319cabb36bd.jpeg
2026-JUE8D9,forward,2026-09-28 17:14,2026-09-28 17:21,100.6466,13.81432,บึงกุ่ม,นวลจันทร์,ซอยนวลจันทร์ 5 น้ำยังท่วมขัง เริ่มส่งกลิ่นเหม็น ช่วยมาสูบน้ำระบายให้ด้วยครับ 60-70 ซม.ครับ 3 วันแล้วครับ,https://storage.googleapis.com/traffy_public_bucket/attachment/2026-09/5908a176f49a618bf7621864b99d69fb.jpeg
2026-RTDZUH,inprogress,2026-09-28 17:14,2026-09-28 21:31,100.65308,13.75738,บางกะปิ,หัวหมาก,ปัญหา: ภายในซอย รามคำแหง 60 แยก 9 และ แยก 10 เนื่องจากเกิดเหตุอุทกภัย จึงมีความประสงค์ขอรับความช่วยเหลือด้านอาหารและน้ำดื่ม ซอย: รามคำแหง 60 ซอย 9 ถนน: รามคำแหง เขต: บางกะปิ #1555,https://storage.googleapis.com/traffy_public_bucket/attachment/2022-12/da2125e781282589d482070c3dba1726aa16a4a7.jpg
2026-6LDYRB,forward,2026-09-28 17:15,2026-09-28 17:21,100.65581,13.81592,บึงกุ่ม,คลองกุ่ม,น้ำท่วมขังหลายวัน ความสูงระดับหน้าแข้ง น้ำท่วมมาแล้วตั้งแต่เสาร์,https://storage.googleapis.com/traffy_public_bucket/attachment/2026-09/0a57da1d8040d1a3d2479cc0f1d5b260.jpeg
2026-JCM2Y7,inprogress,2026-09-28 17:15,2026-09-28 17:21,100.62769,13.86221,บางเขน,อนุสาวรีย์,น้ำท่วมขัง ความสูงระดับหัวเข่า น้ำท่วมมาแล้วน้อยกว่า 1 สัปดาห์,https://storage.googleapis.com/traffy_public_bucket/attachment/2026-09/66c9fff357a945de9d33919680308b02.jpeg
2026-YRKMBC,forward,2026-09-28 17:15,2026-09-28 17:21,100.64,13.89348,สายไหม,คลองถนน,ถนนวัชรพล หน้าหมู่บ้าน วิสต้าปาร์ค วัชรพลซอย 10 น้ำท่วมนาน และสูง ท่วมตลอด มีแนวทสงปรับพื้นถนนให้มีระดับเดียวกับข้างเคียงมั้ยครับเป็นมาหลายสิบปี จนจะขายบ้านหนีน้ำแล้วครับ ความสูงระดับ50 cm น้ำท่วมมาแล้ว4-5 วันครับ,https://storage.googleapis.com/traffy_public_bucket/attachment/2026-09/thumb_63cb6584930a01c39316571b68b532fa.jpg
2026-D8GTW8,inprogress,2026-09-28 17:16,2026-09-28 17:21,100.68017,13.76392,สะพานสูง,สะพานสูง,ระดับน้ำท่วมในหมู่บ้านสัมมากร รามคำแหง 112 ยังสูงอยู่เลยครับ จะลดระดับลงเมื่อไรครับ ความสูงระดับครึ่งน่องครับ น้ำท่วมมาแล้ว3 วันครับ,https://storage.googleapis.com/traffy_public_bucket/attachment/2026-09/thumb_737f7b00ff76b51630613b93c2318d3a.jpg
2026-W4ZZNV,inprogress,2026-09-28 17:16,2026-09-29 09:15,100.84606,13.80916,หนองจอก,ลำผักชี,น้ำท่วมสูงมาหลายวันแล้วยังไม่มีหน่อยงานไหนเข้าช่วยเหลือค่ะ ความสูงระดับหัวเข่า น้ำท่วมมาแล้วน้อยกว่า 1 สัปดาห์,https://storage.googleapis.com/traffy_public_bucket/attachment/2026-09/c4961f71aa7cff619b070110d3bea71c.jpeg
2026-ZZLWA7,inprogress,2026-09-28 17:16,2026-09-28 21:33,100.63117,13.76372,บางกะปิ,คลองจั่น,ปัญหา: ภายในอาคาร เทนเดอร์พาร์ค เนื่องจากเกิดอุทกภัย มีความประสงค์ขอรับการสนับสนุนเครื่องอุปโภคบริโภค จำนวนมาก ซอย: ลาดพร้าว 130 แยก 6 ถนน: ลาดพร้าว จุดสังเกต: อยู่ตรงข้าม คริสตจักรแห่งพันธสัญญากรุงเทพ เขต: บางกะปิ #1555,https://storage.googleapis.com/traffy_public_bucket/attachment/2022-12/da2125e781282589d482070c3dba1726aa16a4a7.jpg
2026-K4XYGP,finish,2026-09-28 17:17,2026-09-30 15:41,100.61179,13.81486,ลาดพร้าว,ลาดพร้าว,ต้องการแจ้งสำนักงานเขตลาดพร้าวหรือฝ่ายพัฒนาชุมชนของสำนักงานเขตลาดพร้าว เพื่อให้ได้นัดหมาย ให้เจ้าหน้าที่สำนักงานเขตลงพื้นที่มาสำรวจความเสียหายจริง ให้เขตรับทราบและบรรจุพิกัดเข้าคิวรอกรรมการลงพื้นที่มาสำรวจ สิ่งที่เสียหายมีดังนี้ 1. เอกสารสำคัญ เช่น ฉโน,https://storage.googleapis.com/traffy_public_bucket/attachment/2026-09/4310c8765dfd89b47c678bbf656653b1.jpeg
2026-MYR6L9,inprogress,2026-09-28 17:18,2026-09-29 10:21,100.75991,13.79961,มีนบุรี,แสนแสบ,หมู่บ้านประภาวรรณโฮม 2 ซอยบึงขวาง 4 น้ำขังในหมู่บ้านและไม่มีปริมาณที่ลดลงเลยทำให้การสัญจรไปมาลำบากมากๆ ค่ะ แต่พอพ้นจากหมู่บ้านไปพื้นแห้งระบายเรียบร้อยไม่ท่วมเหมือนในหมู่บ้าน และภายในหมู่บ้านมีผู้อายุกันหลายคนค่ะ ความสูงระดับเลยเข่าขึ้นมาค่ะ น้ำท่วมมาแล้ว3,https://storage.googleapis.com/traffy_public_bucket/attachment/2026-09/6f46c71e9e033af01c79c7ca1711f324.jpeg
2026-ACLNAU,forward,2026-09-28 17:19,2026-09-28 17:25,100.64893,13.79399,บึงกุ่ม,นวมินทร์,สวัสดีค่ะแอดมิน ซอย นวมินทร์ 75 มีน้ำท่วมอยู่ยังไม่ลด เผื่อมีทางระบายน้ำได้บ้างคะ เนื่องจากเส้นทางหลักน้ำลด รถเล็กสามารถขับขี่บนถนนได้บ้างแล้วคะ รบกวนด้วยนะคะ 🙏🏻🥰 ความสูงระดับข้อเท้าถึงหัวเข่า น้ำท่วมมาแล้วตั้งแต่วันที่ 25 กันยายน ค่ะ,https://storage.googleapis.com/traffy_public_bucket/attachment/2026-09/fb026db3b8d7307c25791c0d26ae28f8.jpeg
2026-LK6EKK,inprogress,2026-09-28 17:20,2026-09-28 22:06,100.64259,13.7488,บางกะปิ,หัวหมาก,ปัญหา: ภายในซอยหัวหมาก 3 คอนโด Q1 หัวหมาก เนื่องจากเกิดเหตุอุทกภัย จึงมีความประสงค์ขอรับความช่วยเหลือด้านอาหารและน้ำดื่ม ถนน: หัวหมาก จุดสังเกต: ตึกสีน้ำเงิน เขต: บางกะปิ #1555,https://storage.googleapis.com/traffy_public_bucket/attachment/2022-12/da2125e781282589d482070c3dba1726aa16a4a7.jpg
2026-4CNYNW,forward,2026-09-28 17:21,2026-09-28 17:22,100.66716,13.91054,สายไหม,ออเงิน,ประตูระบายน้ำที่คลองเสีย ทำให้น้ำไหลย้อนกลับเข้าหมู่บ้าน ฝากเจ้าหน้าที่ที่มีความรู้เรื่องซ่อมประตูระบายลงพื้นที่มห้หน่อนได้ไหมคะ ความสูงระดับหน้าแข้ง น้ำท่วมมาแล้วมากกว่า 1 สัปดาห์,https://storage.googleapis.com/traffy_public_bucket/attachment/2026-09/15674226ec44ae972fe1424773b46578.jpeg
2026-JWAVDY,inprogress,2026-09-28 17:22,2026-09-28 17:27,100.67545,13.78595,บึงกุ่ม,คลองกุ่ม,ปัญหา: ตลอดทั้งหมู่บ้านดังกล่าว พบมีน้ำท่วมขัง เนื่องจากฝนตกหนัก จึงต้องการขอรับความช่วยเหลือด้านเครื่องอุปโภคและบริโภคเพื่อแก้ไขปัญหาดังกล่าว หมู่บ้าน: สหกรณ์เคหะสถาน ซอย: เสรีไทย 57 ถนน: เสรีไทย เขต: บึงกุ่ม #1555,https://storage.googleapis.com/traffy_public_bucket/attachment/2022-12/da2125e781282589d482070c3dba1726aa16a4a7.jpg
2026-RDVKJZ,finish,2026-09-28 17:22,2026-09-30 12:14,100.62539,13.8875,สายไหม,คลองถนน,น้ำท่วมขังระดับ 60-80เชนตามระดับพืนที่ในตัวบ้าน บริเวณซอย พหลโยธิน52แยก45-1ซอยลุงขาว การเขาออกลำบากต้องใช้เรือหรือเดินลุยน้ำ มีเด็กและคนชรา.. สุขอนามัยด้านห้องน้ำต้องเดินลุยน้ำไปอาศัยใช้ที่ โรงเรียนหรือวัด.. ตอนนี้อยากให้หน่อยวงานนำอาหารแห้ง มาให้ ข้าวกล่,https://storage.googleapis.com/traffy_public_bucket/attachment/2026-09/01fe626466890b2b0970d890f31a86b1.jpeg
2026-XB9F4N,start,2026-09-28 17:22,2026-09-28 17:22,100.73828,13.74885,ลาดกระบัง,คลองสองต้นนุ่น,พบปัญหาน้ำท่วมขังทั้งภายในและภายนอกบ้านพักอาศัย ณ ซอยหมู่บ้านสิริมานรีฟ ซอยพัฒนาชนบท 4 โดยมีระดับน้ำสูงประมาณเข่าและท่วมขังมาเป็นเวลาเกือบ 1 สัปดาห์ ความสูงระดับหัวเข่า น้ำท่วมมาแล้วน้อยกว่า 1 สัปดาห์,https://storage.googleapis.com/traffy_public_bucket/attachment/2026-09/59e018e6957b6a291fc569d26955e5f4.jpeg
2026-6NT9AZ,inprogress,2026-09-28 17:23,2026-09-28 21:36,100.63277,13.77692,บางกะปิ,คลองจั่น,ปัญหา: ภายในซอยแยกดังกล่าว รัตนะ แมนชั่น เลขที่ 147 เนื่องจากเกิดเหตุอุทกภัย จึงมีความประสงค์ขอรับความช่วยเหลือด้านอาหารและน้ำดื่ม มีผู้พักอาศัย จำนวน 50 ห้อง ซอย: ลาดพร้าว 107 แยก 3 ถนน: ลาดพร้าว เขต: บางกะปิ #1555,https://storage.googleapis.com/traffy_public_bucket/attachment/2022-12/da2125e781282589d482070c3dba1726aa16a4a7.jpg
2026-3CK3JD,forward,2026-09-28 17:24,2026-09-28 17:26,100.636,13.9007,สายไหม,คลองถนน,ถนนเพิ่มสินตั้งแต่ซอย 1-50น้ำท่วมไม่ลดเลย ช่วยสูบน้ำแบบเยอะๆๆๆค่ะ น้ำสูงเดินทางไม่ได้ค่ะ 50cm 25กย,https://storage.googleapis.com/traffy_public_bucket/attachment/2026-09/fbe4b29060aedbf9b58b18465487fa86.jpeg
2026-CHPTCY,inprogress,2026-09-28 17:24,2026-09-29 15:54,100.67005,13.706,ประเวศ,ประเวศ,ขอความช่วยเหลือด่วนมากน้ำท่วมใต้ถุนตึกและจะล้นแล้ว เป็นอพาร์ทเม้นท์ตึกสีเขียวอยู่ถนนพัฒนาการ97 ขอรถดุดน้ำท่วมใต้ถุนตึกให้่ด่วนมากค่ะ ความสูงระดับสุงมิดท่อระบายน้ำและส้วมถังบำบัดน้ำและจะทะลักเข้าส้วมชั้น 1 แล้วค่ะ น้ำท่วมมาแล้ว4วันแล้วค่ะ,https://storage.googleapis.com/traffy_public_bucket/attachment/2026-09/08d3368dc42b452c513aa012d46e4c71.jpeg
2026-WEU7CK,inprogress,2026-09-28 17:24,2026-09-28 17:30,100.69718,13.79185,สะพานสูง,สะพานสูง,น้ำท่วม ความสูงระดับหัวเข่า น้ำท่วมมาแล้วน้อยกว่า 1 สัปดาห์,https://storage.googleapis.com/traffy_public_bucket/attachment/2026-09/b51eb46cda6f4aa2e3c21f0b583a84d4.jpeg
2026-FBTAFC,inprogress,2026-09-28 17:26,2026-10-02 07:36,100.58561,13.83404,จตุจักร,เสนานิคม,ปัญหาเกิดจากน้ำท่วมแล้วบ้านข้างข้างพื้นที่ต่ำกว่าแต่เค้าตัดต่อท่อออกมานอกบ้านและเอียงท่อมาที่บ้านของดิฉัน ทำให้น้ำมาลงที่ท่อน้ำหน้าบ้านและเมื่อน้ำท่วมก็ทำให้น้ำล้นออกมา น้ำในบ้านก็ระบายออกมาได้ไม่ดี ภาพมันชัดมากเลยว่าท่อมันเอียงออกมาที่บ้านข้างข้างคือบ้าน,https://storage.googleapis.com/traffy_public_bucket/attachment/2026-09/thumb_ca7eae26b44edb53701557b673a7e006.jpg
2026-PBUV8F,inprogress,2026-09-28 17:26,2026-09-28 19:03,100.69314,13.72529,ประเวศ,ประเวศ,ปัญหา: ภายในซอยดังกล่าว หมู่บ้านพฤกษาทาวน์เน็กซ์ พบว่าเพื่อนติดเป็นเวลาประมาณ 3 วัน ตั้งแต่วันเสาร์ที่ผ่านมา เนื่องจากมีน้ำท่วมสูง และได้รับแจ้งว่ายังไม่มีหน่วยงานเข้าไปให้ความช่วยเหลือ มีความประสงค์ขอรับถุงยังชีพและกระสอบทราย // ชื่อนันทชา เบอร์โทรศัพท์ ,https://storage.googleapis.com/traffy_public_bucket/attachment/2022-12/da2125e781282589d482070c3dba1726aa16a4a7.jpg
2026-WJLMHU,finish,2026-09-28 17:26,2026-09-30 09:01,100.49405,13.75257,พระนคร,พระบรมมหาราชวัง,ตอนนี้น้ำท่วมจะกลายเป็นน้ำเน่าแล้ว เราพอแก้ปัญหาด้วยการแจกปูนขาว คนละ1โล ให้ชาวบ้านได้ไหมคะ ให้เทลงน้ำ จะได้ช่วยฆ่าเชื้อ และทำให้น้ำใสขึ้นด้วยค่ะ หรือไม่ก็ จะใช้เป็นคลอรีนกะได้ค่ะ ความสูงระดับหัวเข่า น้ำท่วมมาแล้วน้อยกว่า 1 สัปดาห์,https://storage.googleapis.com/traffy_public_bucket/attachment/2026-09/3dd3f3d625f13715b16644a0fa8935dc.jpeg
2026-UWWFLX,forward,2026-09-28 17:27,2026-09-29 22:01,100.66719,13.91049,สายไหม,ออเงิน,คลองลำหม้อแตก เขตสายไหม น้ำล้นเข้าท่วม หมู่บ้าน มัณฑเลค น้ำล้นและระบายไม่ออกมีวัชพืชขึ้นเต็ม ความสูงระดับสูงกว่าเอว น้ำท่วมมาแล้วน้อยกว่า 1 วัน,https://storage.googleapis.com/traffy_public_bucket/attachment/2026-09/a89e06ff9fd7f9c4dab70cedf9ae4618.jpeg
2026-Y22MWC,forward,2026-09-28 17:27,2026-09-29 22:01,100.65574,13.8911,สายไหม,ออเงิน,น้ำท่วมสูงมาก ติดอยู่ตรงนี้ กลับบ้านไม่ได้หลายวันแล้วค่ะ เอารถออกไม่ได้ ความสูงระดับหน้าแข้ง น้ำท่วมมาแล้วน้อยกว่า 1 สัปดาห์,https://storage.googleapis.com/traffy_public_bucket/attachment/2026-09/thumb_67014e7d7e93c5c375e1fdcf9b7ad99d.jpg
2026-YHNHKU,inprogress,2026-09-28 17:27,2026-09-28 18:27,100.69367,13.7687,สะพานสูง,สะพานสูง,`ขอความช่วยเหลือฉุกเฉินครับ ตอนนี้น้ำท่วมขังสูงรอบที่พัก ออกไปวิ่งงานไรเดอร์ไม่ได้ เงินหมดไม่มีเงินซื้อข้าวทานแล้วครับ เดือดร้อนมาก ขอยังชีพหรืออาหารประทังชีวิตด่วนครับ ความสูงระดับประมาณเกือบเท่าหัวเข่าครับ น้ำท่วมมาแล้วและบางจุดรถไม่สามารถไปได้,https://storage.googleapis.com/traffy_public_bucket/attachment/2026-09/332c0a4a2fa3fbfc2a7dde77130b4da3.jpeg
2026-23W2V4,inprogress,2026-09-28 17:28,2026-09-29 10:21,100.72027,13.79089,มีนบุรี,มีนบุรี,ซอยรามคำแหง174น้ำท่วม ไม่ลดลงเลยค่ะ รถเล็กไม่สามารถวิ่งเข้าออกได้ ร้านสะดวกซื้อในซอยไม่มีอาหารแล้วค่ะ แต่ถนนใหญ่ไม่ท่วม อยากให้เอาเครื่องสูบน้ำมาสูบออกถนนใหญ่ค่ะ ความสูงระดับหัวเข่า น้ำท่วมมาแล้ว4วันค่ะ,https://storage.googleapis.com/traffy_public_bucket/attachment/2026-09/32778284f03296f8d1a69cb47fd5805a.jpeg
2026-8DY3X2,inprogress,2026-09-28 17:28,2026-09-28 17:34,100.66606,13.81435,คันนายาว,รามอินทรา,น้ำท่วมขังสูงถึงเกือบเข่ามาตั้งแต่วันศุกร์จนถึงวันนี้นับเวลาเป็น 4 วันแล้ว ถนนในซอยนวมินทร์ 74 น้ำลดลงมาก แต่รอบสระน้ำหมู่บ้านปัฐวิกรณ์ไม่มีวี่แววที่ระดับน้ำจะลดลงเลย ระดับน้ำยังไม่ลดลงมาหลายวันมาก เกิดน้ำท่วมขังมานาน น้ำเริ่มมีฟองและสีคล้ำ และมีกลิ่นที่ไ,https://storage.googleapis.com/traffy_public_bucket/attachment/2026-09/e4baf5821c7ba3a91a584d955f1054a0.jpeg
2026-P3PRA3,inprogress,2026-09-28 17:28,2026-09-28 21:40,100.6384,13.78554,บางกะปิ,คลองจั่น,ปัญหา: ตลอดทั้งหมู่บ้านสินธร เนื่องจากเกิดเหตุอุทกภัย ปัจจุบันขาดแคลนอาหารและเครื่องดื่ม จึงมีความประสงค์ขอรับความช่วยเหลือถุงยังชีพ สำหรับผู้พักอาศัย หมู่บ้าน: สินธร (ซอย 27) ถนน: แฮปปี้แลนด์ สาย 1 เขต: บางกะปิ #1555,https://storage.googleapis.com/traffy_public_bucket/attachment/2022-12/da2125e781282589d482070c3dba1726aa16a4a7.jpg
2026-DZTRFV,inprogress,2026-09-28 17:29,2026-09-28 19:06,100.69885,13.73102,ประเวศ,ประเวศ,ขอเร่งระบายน้ำคลองประเวศ เนื่องจากจุดนี้ ท่วม 3 วันยังไม่ลด ความสูงระดับหัวเข่า น้ำท่วมมาแล้วน้อยกว่า 1 สัปดาห์,https://storage.googleapis.com/traffy_public_bucket/attachment/2026-09/570cfcb357d0177511d5dccfe3791b99.jpeg
2026-LBK9RF,inprogress,2026-09-28 17:29,2026-09-28 22:03,100.63945,13.77064,บางกะปิ,คลองจั่น,ปัญหาน้ำท่วมสะสม ท่วมถึงเอวในซอยลาดพร้าว 115 ไม่สามารถออกไปหาซื้ออาหารได้ ไม่มีหน่วยงานเข้าช่วยเหลือ ความสูงระดับเอว น้ำท่วมมาแล้วน้อยกว่า 1 สัปดาห์,https://storage.googleapis.com/traffy_public_bucket/attachment/2026-09/thumb_34aa171cc46ab81edc03ba1c7f93f095.jpg
2026-PPYGPL,forward,2026-09-28 17:29,2026-09-29 22:00,100.64949,13.93023,สายไหม,สายไหม,น้ำท่วมท้ายซอยสายไหม 27 สูงกว่ากลางและต้นซอย ยังไม่มีการระบายประมาณ 50 ซม ความสูงระดับประมาณ 50 ซม ค่ะ น้ำท่วมมาแล้วตั้งแต่วันเสาร์ค่ะ ไม่ลดเลย,https://storage.googleapis.com/traffy_public_bucket/attachment/2026-09/c1e5b9dda99fe87ac793483b325b6d2c.jpeg
2026-C8LTVW,inprogress,2026-09-28 17:30,2026-09-28 21:52,100.63321,13.76625,บางกะปิ,คลองจั่น,ปัญหา: ภายในซอยดังกล่าว โรงแรม PDA LORD ชั้น 2 ห้อง 201 เนื่องจากเกิดเหตุอุทกภัย จึงประสงค์ขอรับความช่วยเหลือด้านอาหารและน้ำดื่ม ซอย: ลาดพร้าว 130 ถนน: ลาดพร้าว เขต: บางกะปิ #1555,https://storage.googleapis.com/traffy_public_bucket/attachment/2022-12/da2125e781282589d482070c3dba1726aa16a4a7.jpg
2026-DUZZMP,inprogress,2026-09-28 17:30,2026-09-29 21:41,100.73125,13.77155,ลาดกระบัง,คลองสองต้นนุ่น,ปัญหา: ภายในซอยดังกล่าว บ้านเลขที่ 102/522 มีความประสงค์ขอรับการสนับสนุนเครื่องอุปโภคบริโภค จึงขอให้เจ้าหน้าที่ให้ความช่วยเหลือ เบอร์โทรศัพท์ 0863935389 คุณอนุวัส ขำทอง บ้านเลขที่: 102/522 ซอย: เคหะร่มเกล้า14 ถนน: เคหะร่มเกล้า จุดสังเกต: บ้าน 2 ชั้นสีเทา ,https://storage.googleapis.com/traffy_public_bucket/attachment/2022-12/da2125e781282589d482070c3dba1726aa16a4a7.jpg
2026-HCCZ8U,inprogress,2026-09-28 17:30,2026-09-28 17:33,100.6607,13.83517,คันนายาว,รามอินทรา,ถนนนวมิทร์ ช่วงก่อนซอย 163 มีปริมาณน้ำเยอะไม่ลดเลย อยากรบกวนช่วยเร่งดำเนินการจัดการให้ด้วยครับ เลยฟุตบาทครับ ก็ตั้งแต่คืนวันศุกร์ที่ผ่านมาครับ,https://storage.googleapis.com/traffy_public_bucket/attachment/2026-09/e59e61545a9c9b3f3dfa4ef2f34e4479.jpeg
2026-XY36HX,start,2026-09-28 17:30,2026-09-28 17:30,100.82723,13.77213,ลาดกระบัง,ลำปลาทิว,ต้องการกระสอบทราย กั้นนำ้ 100ถุง กับเครื่องสูบนำ้ครับ ความสูงระดับประมาณ70เชนติเมตร ครับ น้ำท่วมมาแล้ว3วันครับ,https://storage.googleapis.com/traffy_public_bucket/attachment/2026-09/d74ccdb095a025c3ef84d6b51ad75285.jpeg
2026-6W8CTL,inprogress,2026-09-28 17:31,2026-09-28 17:39,100.68533,13.67326,ประเวศ,ดอกไม้,รามคำแหง2ซอย12ทางไป สน.อุดมสุข ทางไป สน.อุดมสุขค่ะ ถึงหัวเข่า,https://storage.googleapis.com/traffy_public_bucket/attachment/2026-09/5d1a5bce44288958cbe7a7b197625481.jpeg
2026-BC3FB3,inprogress,2026-09-28 17:31,2026-09-29 10:22,100.72874,13.81546,มีนบุรี,มีนบุรี,น้ำตรงตลาดมีนเมื่อไหร่จะแห้ง #ขอกระสอบทราย/อื่นๆ,https://storage.googleapis.com/traffy_public_bucket/attachment/2026-09/84798adb4e2ffe2d49cfd72e03ca08ee.jpeg
2026-GRAGDH,inprogress,2026-09-28 17:31,2026-09-29 08:48,100.85977,13.83166,หนองจอก,กระทุ่มราย,ต้องการความช่วยเหลือกระสอบทรายหรืออุปกรณ์ใดๆกันน้ำเข้าบ้านตอนนี้น้ำเข้ามาในบ้านเดือดร้อนมากครับ 40-cm 7-8วันครับ,https://storage.googleapis.com/traffy_public_bucket/attachment/2026-09/60455b51b2f87d5202c94d58e558ab83.jpeg
2026-9JG4R4,inprogress,2026-09-28 17:33,2026-09-28 21:49,100.64805,13.76219,บางกะปิ,หัวหมาก,แจ้งเหตุอุทกภัยน้ำท่วมขังภายในซอยรามคำแหง58/4 ถนนรามคำแหง แขวงหัวหมาก เขตบางกะปิ ตั้งแต่วันที่ 25 กันยายน 2569 จนถึงปัจจุบัน น้ำท่วมขังชั้น 1 ของบ้าน ส่งผลให้ข้าวของเสียหาย ประสบปัญหาขาดแคลนอาหาร น้ำดื่ม ยาประจำบ้าน (ยารักษาโรคน้ำกัดเท้า) และมีภาวะซึมเศร้,https://storage.googleapis.com/traffy_public_bucket/attachment/2026-09/111c38cc37afc6db94e82e42df3e0d66.jpeg
2026-BBGD88,inprogress,2026-09-28 17:33,2026-09-28 17:36,100.68263,13.68047,ประเวศ,ดอกไม้,น้ำท่วมตอนนี้ ยังไม่ลด เลย ครับ ความสูงระดับหน้าแข้ง น้ำท่วมมาแล้ว3 วัน,https://storage.googleapis.com/traffy_public_bucket/attachment/2026-09/1a0ce4f4599a5ca7456b15f0616f6d0d.jpeg
2026-BGVJFK,inprogress,2026-09-28 17:33,2026-09-28 17:43,100.64878,13.85912,บางเขน,ท่าแร้ง,ตั้งแต่เย็นวันที่ 25 ก.ย. 2569 น้ำท่วมขังค้างในหมู่บ้านชวนขื่นรามอินทรา จนลามมาบริเวณรอบนอก ไม่มีทีท่าว่าจะลดระดับลง รบกวนฝากหน่วยงานช่วยดูแลหน่อยนะคะ ความสูงระดับน่าจะประมาณ 50 cm. รถเล็กสัญจรลำบากค่ะ แต่ซอยรามอินทรา 65 ที่อยู่ใกล้ ๆ ไม่ท่วมนะคะ เพราะถน,https://storage.googleapis.com/traffy_public_bucket/attachment/2026-09/thumb_85c19393e979f30331d884264397388c.jpg
2026-62ZGY3,inprogress,2026-09-28 17:34,2026-09-28 17:39,100.68337,13.80651,คันนายาว,คันนายาว,ตอนนี้น้ำยังสูง น้ำเริ่มเน่าส่งกลิ่น ชุมชนช่วยเหลือตนเอง ไม่มีหน่วยงานไหนเข้ามาเลย ความสูงระดับหน้าแข้ง น้ำท่วมมาแล้วเข้าวันที่ 4 แล้วค่ะ,https://storage.googleapis.com/traffy_public_bucket/attachment/2026-09/1986b68fdee243945a89e6fcd99612b0.jpeg
2026-LH42W4,start,2026-09-28 17:34,2026-09-28 17:34,100.73453,13.76481,ลาดกระบัง,คลองสองต้นนุ่น,ชอโถส้วมเคลื่อนที่ได้ไหมคะ เข้าห้องน้ำลำบากมาก คาดว่าอีกหลายวันกว่าน้ำจะลด #ขอกระสอบทราย/อื่นๆ,https://storage.googleapis.com/traffy_public_bucket/attachment/2026-09/060e7a685ef7dd153c26950d3b2de8dd.jpeg
2026-MH6VJ2,inprogress,2026-09-28 17:34,2026-09-28 18:28,100.7042,13.78934,สะพานสูง,สะพานสูง,"เรื่อง: ขอความช่วยเหลือผู้ประสบภัยน้ำท่วมขัง และขอรับการสนับสนุนอาหาร-ถุงยังชีพ รายละเอียดพื้นที่และความเสียหาย: ระดับน้ำ: น้ำท่วมขังระดับสูงถึงเหนือเข่า ท่วมเข้าภายในบ้านและพื้นที่ครัว สถานที่เกิดเหตุ: เลขที่ 64/105, 64/101 แยกราษฎร์พัฒนา ซอย 1 ถนนร",https://storage.googleapis.com/traffy_public_bucket/attachment/2026-09/5345ab0400ab657c5c95a1f77b710272.jpeg
2026-RD68BK,inprogress,2026-09-28 17:34,2026-09-28 17:37,100.68493,13.80902,คันนายาว,คันนายาว,ขณะนี้เกิดน้ำท่วมขังบนถนนและไหลเข้าบ้านพักอาศัยและบ้านเรือนใกล้เคียงตลอดซอยรามอินทรา 64 (ฝั่งหมู่บ้านรังสิยาเดิม) ปัจจุบันน้ำยังไม่ลดลง ขอความอนุเคราะห์เจ้าหน้าที่เร่งเข้าตรวจสอบและแก้ไขปัญหาดังกล่าวด้วย ขณะนี้ ประมาณ 15-20ซม. 26- ปัจจุบัน,https://storage.googleapis.com/traffy_public_bucket/attachment/2026-09/5446b1f9a82a702399a42a5bf52b5c30.jpeg
2026-B8WXZX,start,2026-09-28 17:35,2026-09-28 17:35,100.57092,13.92001,ดอนเมือง,ดอนเมือง,น้ำท่วมเข้าบ้านตังแต่วันที 26/09/69 ถึงวันที่ 28/09/69 น้ำบริเวณถนนหน้าเริ่มลดลง ได้รับความเสียหาย ตู้เตียงประตูโซฟา น้ำเข้าไปท่วมขัง ขอวิธีลงข้อมูลเพื่อรับเงินเยียวยาด้วยครับ ความสูงระดับในบ้าน ข้อเท้า หน้าบ้าน หน้าแข้ง ถนนเวฬุวนาราม หัวเข่า น้ำท่วมมาแล้,https://storage.googleapis.com/traffy_public_bucket/attachment/2026-09/b3008895210074f01bb3e1a1274bc28f.jpeg
2026-EMGK7H,inprogress,2026-09-28 17:35,2026-09-29 22:00,100.67338,13.89551,สายไหม,ออเงิน,ต้องการให้ทางเขตสายไหม เข้ามากำจัดผักตบชวาบริเวณคลองออเงินน้อย เนื่องจากมีปริมาณมากเกินทำให้ขวางทางน้ำ น้ำระบายไม่สะดวก เป็นต้นเหตุหนึ่งของน้ำท่วมขัง/ระบายไม่ทันที่หมู่บ้านชัยพฤกษ์ ในซ.จตุโชติ10 ความสูงระดับหัวเข่า น้ำท่วมมาแล้วน้อยกว่า 1 สัปดาห์,https://storage.googleapis.com/traffy_public_bucket/attachment/2026-09/f29f8dcbec1d0df3cd9d9c9e3775f8fc.jpeg
2026-22LZVU,inprogress,2026-09-28 17:36,2026-09-29 10:22,100.79003,13.80212,มีนบุรี,แสนแสบ,พื้นที่บริเวณซอยคุ้มเกล้า 1/5 ตั้งแต่ศูนย์กีฬา 72 และหลังวัดทองสัมฤทธิ์ บ้านตามคลองบึงใหญ่ไปจนคลองลำกอไผ่มีน้ำท่วมขังตั้งแต่ช่วงเย็นวันศุกร์ 25/9/2026 จนตอนนี้ 28/9/2026 น้ำยังไม่ลดลง บางหลังน้ำเข้ามาภายในบ้าน ไม่มีหน่วยงานไหนเข้ามาช่วยเหลือ อยากให้ช่วยดั,https://storage.googleapis.com/traffy_public_bucket/attachment/2026-09/fe58a87cda22d523c504043b8e141bda.jpeg
2026-JHFLKP,finish,2026-09-28 17:36,2026-10-05 14:41,100.64134,13.78941,บางกะปิ,คลองจั่น,พบปัญหาน้ำท่วมขังบนถนนประมาณ 20 เซนติเมตร บริเวณหมู่บ้านเสนาวิลล่า 84 ซอย 22 สุดซอย และมีน้ำท่วมขังในพื้นที่รกร้างข้างคลองตาหนัง ขนาดประมาณ 1 ไร่ ระดับน้ำสูงประมาณ 1.50-2.00 เมตร ขอความอนุเคราะห์จาก กทม. จัดส่งเจ้าหน้าที่พร้อมเครื่องสูบน้ำเข้าช่วยเหลือดำเ,https://storage.googleapis.com/traffy_public_bucket/attachment/2026-09/56b8dd4f44447f46e040f46aa526be53.jpeg
2026-MEWMXY,inprogress,2026-09-28 17:36,2026-09-28 21:48,100.64473,13.78539,บางกะปิ,คลองจั่น,น้ำท่วมหน้าบ้าน และในบ้าน ไม่มีน้ำกิน และออกจากบ้านไม่ได้ท่วมบริเวณหน้าบ้าน น้ำท่วมตั้งแต่ 25 กยจนวันนีนำไม่ลดลงเลยค่ะ น้ำในบ้านเน่า และมีขยะอุดที่ระบายน้ำเป็นจำนวนมาก บริเวณบ้าน ตอนนี้ไม่ลดเลยค่ะ รบกวนเข้ามาดูแลบริเวณด้วยนะคะ อยากได้ถุงยังชีพค่ะ เพื่อนบ,https://storage.googleapis.com/traffy_public_bucket/attachment/2026-09/bbd6aa6a96a163e1679bef4e4fb1d5c8.jpeg
2026-NJZR6T,inprogress,2026-09-28 17:38,2026-09-28 18:30,100.68334,13.75503,สะพานสูง,สะพานสูง,ขอให้ติดตั้งเครื่องสูบน้ำท้ายซอยรามคำแหง 118 แยก 50(ติดท่ารถสองแถว) ความสูงระดับหัวเข่า น้ำท่วมมาแล้วน้อยกว่า 1 สัปดาห์,https://storage.googleapis.com/traffy_public_bucket/attachment/2026-09/59278f222db5953ea1892426ab02760e.jpeg
2026-WCDT7T,inprogress,2026-09-28 17:39,2026-09-28 17:42,100.6401,13.88518,บางเขน,ท่าแร้ง,เทพรักษ49 หรือหมู่บ้านอนันตสุขสันต์ รุ่น 18-20 น้ำท่วมประมาณหัวเข่าหลัง 7/11 มา ยิ่งท้ายหมู่บ้านจะมากกว่าคนอื่นเขา ความสูงระดับหัวเข่า น้ำท่วมมาแล้วน้อยกว่า 1 สัปดาห์,https://storage.googleapis.com/traffy_public_bucket/attachment/2026-09/192802b5e9152bc14572c5b979112754.jpeg
2026-EH4P3G,finish,2026-09-28 17:40,2026-09-30 12:15,100.64437,13.89983,สายไหม,คลองถนน,น้ำท่วมขอความช่วยเหลือเนื่องจากมีผู้อยู่อาศัยกันหลายหลังหลายครัวเรือน รถเข้าออกไม่ได้แล้วค่ะตอนนี้ 4วันแล้วค่ะไม่ลดเลย,https://storage.googleapis.com/traffy_public_bucket/attachment/2026-09/0a7c1d261bad7b7bd2c37d29ac6166e7.jpeg
2026-DVVFXA,finish,2026-09-28 17:41,2026-10-02 10:05,100.66235,13.75341,บางกะปิ,หัวหมาก,ตอนนี้ทางสมาชิกในหมู่บ้านได้รับผลกระทบจากปัญหาน้ำท่วมเนื่องจากหมู่บ้านติดกับคลองลำรางและด้วยหมู่บ้านไม่มีประตูเปิดปิดระบายน้ำทำให้น้ำไหลเข้าสู่หมู่บ้านทางท่อระบายน้ำและณตอนนี้น้ำทรงตัวทำให้น้ำขังและมีอาการเน่ามีกลิ่นจึงขอการสนับสนุนจากหน่วยงานเพื่อที่จะนำ,https://storage.googleapis.com/traffy_public_bucket/attachment/2026-09/99470704dfe921fcf6285e85e33f0b17.jpeg
2026-PLGWYA,inprogress,2026-09-28 17:43,2026-09-28 18:26,100.7081,13.82639,คลองสามวา,บางชัน,น้ำท่วมมา3วันแล้ว หมู่บ้านคณาทรัพย์ ซอยเจริญพัฒนา7 ทั้งหมู่บ้าน โดยเฉพาะซอย3 น้ำค่อนข้างเยอะ เดินทางออกไปซื้อของลำบาก และอีกอย่าง อยากให้ช่วยระบายน้ำแถวนี้ให้หมดเร็วๆๆค่ะ เนื่องจากมีภาระหน้าที่ต้องทำ ขาดงานไม่มีรายได้ค่ะ อยากให้ทางภาคที่เกี่ยวข้องเร่งดำเน,https://storage.googleapis.com/traffy_public_bucket/attachment/2026-09/9da3963340d8e33016cd589fefc41e08.jpeg
2026-VMPC89,inprogress,2026-09-28 17:43,2026-09-28 18:27,100.69759,13.79153,สะพานสูง,สะพานสูง,น้ำท่วมขออุปโภคบริโภคนำ้อาหารแห้ง ความสูงระดับเอว น้ำท่วมมาแล้วน้อยกว่า 1 สัปดาห์,https://storage.googleapis.com/traffy_public_bucket/attachment/2026-09/685844455f9f5e559104f55d0f775504.jpeg
2026-BBJ9YG,forward,2026-09-28 17:44,2026-09-29 21:59,100.63474,13.90002,สายไหม,คลองถนน,ที่อื่นน้ำลดแล้ว แต่ถนนเพิ่มสินน้ำไม่ลดลงเลยครับ ยังท่วมเยอะอยู่เลยครับ ความสูงระดับหัวเข่า น้ำท่วมมาแล้วน้อยกว่า 1 สัปดาห์,https://storage.googleapis.com/traffy_public_bucket/attachment/2026-09/9cc2df79f3a42fd00320ea932534dbd5.jpeg
2026-UZBNKT,inprogress,2026-09-28 17:44,2026-09-29 08:13,100.69963,13.74734,สะพานสูง,สะพานสูง,ปัญหา: ภายในซอยหมู่บ้านดังกล่าว บ้านเลขที่ 99/1333 เนื่องจากเกิดเหตุอุทกภัย โดยมีผู้ป่วยอัมพาตพักอาศัยอยู่ภายในบ้านและจำเป็นต้องรับประทานอาหารและยา จึงขอให้หน่วยงานเร่งเข้าช่วยเหลือด้านอาหารและยาโดยด่วน หมู่บ้าน: นักกีฬาแหลมทอง ซอย: นักกีฬาแหลมทอง 44 (ซอย,https://storage.googleapis.com/traffy_public_bucket/attachment/2022-12/da2125e781282589d482070c3dba1726aa16a4a7.jpg
2026-HXHFU7,inprogress,2026-09-28 17:45,2026-09-30 08:30,100.68469,13.92837,สายไหม,สายไหม,ต้องการกระสอบทรายเพิ่ม เนื่องจากขณะนี้น้ำเพิ่มขึ้นเรื่อยๆฉันสามารถรับกระสอบทรายได้ที่ไหน หรือมาส่งให้ได้ไหม ความสูงระดับแจ้งเรื่องไหม่อะไรนักหนา น้ำท่วมมาแล้ววันศุกร์คะ,https://storage.googleapis.com/traffy_public_bucket/attachment/2026-09/thumb_591aa9005b1903d17756795ea725741a.jpg
2026-JYJHN9,finish,2026-09-28 17:47,2026-09-28 17:59,100.66951,13.86715,บางเขน,ท่าแร้ง,ขอขอความช่วยเหลือค่าเช่าบ้านค่ะ ปัจจุบันน้ำท่วมมา 3 วันติดต่อกันค่ะ รบกวนพิจารณาด้วยค่ะ 30 ซม. จากถนน ค่ะ 3 วัน ค่ะ,https://storage.googleapis.com/traffy_public_bucket/attachment/2026-09/ef8ff7a31c83fc2da424d918b1d9d702.jpeg
2026-PGMAN9,start,2026-09-28 17:47,2026-09-28 17:47,100.72813,13.76733,ลาดกระบัง,คลองสองต้นนุ่น,เครื่องสูบนำ้ในหมู่บ้านเสียครับดูดนำ้ออกจากหมู่บ้านไม่ได้เลยครับจมนำ้มา3วันแล้วมีทางไหนจะพอแก่ไขได้บ้างขอคำชี้แนะหน่อยครับ เกือบถึงเอวครับผม 3วันแล้วครับผม,https://storage.googleapis.com/traffy_public_bucket/attachment/2026-09/5ace3cca2e01f06161dcca30adbb2a3a.jpeg
2026-WEAVZH,start,2026-09-28 17:47,2026-09-28 17:47,100.82576,13.70914,ลาดกระบัง,ทับยาว,บ้านเลขที่ 783 ถ.หลวงแพ่ง แขวงทับยาว เขตลาดกระบัง กทม.10520 ติดต่อ 0908133834 เขตลาดกระบัง เส้นทับยาว หลวงแพ่ง ทางบ้านมีพื้นที่ต่ำกว่าถนนเป็นอย่างมาก ด้านหลังติดคลอง ไม่สามารถขายของหรือเข้าห้องน้ำได้เลยค่ะ การใช้ชีวิตตอนนี้ลำบากมากๆค่ะ #ขอกระสอบทราย/อื,https://storage.googleapis.com/traffy_public_bucket/attachment/2026-09/05820d2bd6bdce4a4454532b525857fc.jpeg
2026-22HFP2,finish,2026-09-28 17:48,2026-09-30 09:03,100.66576,13.86793,บางเขน,ท่าแร้ง,ปัญหา: ภายในหมู่บ้านเอื้ออาทร เนื่องจากเกิดเหตุอุทกภัย ปัจจุบันขาดแคลนอาหารและน้ำ จึงมีความประสงค์ขอรับความช่วยเหลือด้านอาหารและน้ำดื่ม สำหรับผู้พักอาศัย หมู่บ้าน: เอื้ออาทร ซอย: คู้บอน 27 แยก 37 ถนน: คู้บอน เขต: บางเขน #1555,https://storage.googleapis.com/traffy_public_bucket/attachment/2022-12/da2125e781282589d482070c3dba1726aa16a4a7.jpg
2026-DARXVJ,inprogress,2026-09-28 17:49,2026-09-28 21:00,100.65126,13.79039,บึงกุ่ม,นวมินทร์,ซอยนวมินทร์65 ม.ปรีชา2 น้ำท่วมออกไปซื้ออาหารลำบากมาก ล่าสุดน้ำอยู่เกือบก้น... ภายในซอยน้ำท่วมขัง52เซนติเมตร และน้ำเริ่มเน่าเสียแล้ว รถใหญ่ออกไม่ได้ บางหลังมีผู้สูงอายุ ต้องการความช่วยเหลือขอรับอาหารกล่องค่ะ ความสูงระดับกลางซอย52เซนต้นซอยลึกกว่าค่ะ น้ำท่วม,https://storage.googleapis.com/traffy_public_bucket/attachment/2026-09/4c2e2811a01a01a57b58ea544d371796.jpeg
2026-H26R4A,inprogress,2026-09-28 17:49,2026-09-28 18:23,100.68622,13.76095,สะพานสูง,สะพานสูง,นํ้าท่วมครับ ความสูงระดับต้นขาครับเกือบถึงเอว น้ำท่วมมาแล้ว2-3วันครับ,https://storage.googleapis.com/traffy_public_bucket/attachment/2026-09/65bd556bf9d759c7c1fc6b7f5383693a.jpeg
2026-UAAL6U,finish,2026-09-28 17:49,2026-09-28 18:25,100.67477,13.76916,สะพานสูง,สะพานสูง,น้ำเริ่มท่วมหนัก เมื่อวันที่26/09/69 ที่ผ่านมา ทำให้เก็บข้าวของเสียหายแทบไม่ทัน โต๊ะ เก้าอี้ รถ ไม่มีระบบแจ้งงล่วงหน้า ข้าวสาร อาหารแห้ง ไม่ได้จัดเตรียมทัน ต้องฝ่าน้ำท่วมไปซื้อมาประทังชีวิต ณ ปัจจุบัน 28/09/69 น้ำไม่มีวี่แววจะลดลง และไม่สามารถออกไปทำงานได,https://storage.googleapis.com/traffy_public_bucket/attachment/2026-09/ca6b387ebc759193142d2c9b91a75f1c.jpeg
2026-378XNY,finish,2026-09-28 17:50,2026-10-05 08:27,100.62261,13.70081,พระโขนง,บางจาก,น้ำคลองบ้านหลาย พึ่ง50 ทำไมท่วมสูงขึ้น ความสูงระดับข้อเท้า น้ำท่วมมาแล้วน้อยกว่า 1 วัน,https://storage.googleapis.com/traffy_public_bucket/attachment/2026-09/c586c128c7c41df8872014427bf192b1.jpeg
2026-AKUZFU,inprogress,2026-09-28 17:50,2026-09-28 21:58,100.63136,13.77568,บางกะปิ,คลองจั่น,ปัญหา: ภายในซอยดังกล่าว บ้านเลขที่ 128 มีความประสงค์ขอรับการสนับสนุนเครื่องอุปโภคบริโภค จึงขอให้เจ้าหน้าที่ให้ความช่วยเหลือ บ้านเลขที่: 128 ซอย: ลาดพร้าว 101/1 แยก 4 ถนน: ลาดพร้าว จุดสังเกต: เข้าซอยประมาณ 30 เมตร เขต: บางกะปิ #1555,https://storage.googleapis.com/traffy_public_bucket/attachment/2022-12/da2125e781282589d482070c3dba1726aa16a4a7.jpg
2026-TW66NV,inprogress,2026-09-28 17:50,2026-09-28 19:00,100.68709,13.69302,ประเวศ,ดอกไม้,แจ้งปัญหาน้ำท่วมขังหลายวันแล้วคาดว่ามีการสูบน้ำมาลงในพื้นที่ น้ำเริ่มเน่า ความสูงระดับหัวเข่า น้ำท่วมมาแล้วน้อยกว่า 1 สัปดาห์,https://storage.googleapis.com/traffy_public_bucket/attachment/2026-09/164963c3f3c0f61357ff0346e4f050a0.jpeg
2026-Y6A4FY,finish,2026-09-28 17:51,2026-10-05 13:29,100.63888,13.76148,บางกะปิ,หัวหมาก,น้ำไม่ระบาย ท่วมขังมา 3 วันแล้ว ซอยรามคำแหง 40 แขวงหัวหมาก เขตบางกะปิ กทม 10240 ความสูงระดับ60 cm น้ำท่วมมาแล้วน้อยกว่า 1 สัปดาห์,https://storage.googleapis.com/traffy_public_bucket/attachment/2026-09/ff362965c131da522d835b5310967bda.jpeg
2026-G7MT97,inprogress,2026-09-28 17:52,2026-09-29 08:48,100.87923,13.81187,หนองจอก,กระทุ่มราย,น้ำท่วม ในซอยอยู่วิทยา 15 น้ำเข้าตัวบ้าน ท่วมขัง 3 วันข้าวของเครื่องใช้ได้รับความเสียหาย 70-80 ซม. 3 วัน,https://storage.googleapis.com/traffy_public_bucket/attachment/2026-09/f6d7e7dc46014ddbf062284e71740ef8.jpeg
2026-KEXKPM,inprogress,2026-09-28 17:52,2026-09-28 18:22,100.69214,13.74374,สะพานสูง,สะพานสูง,น้ำท่วมตั้งแต่วันพฤหัส ถึงวันจันทร์ ไม่มีหน่วยงานไหนมาแก้ไข เครื่องสูบน้ำพัง จะซ่อมแล้วดูดน้ำเมื่อไหร่ครับ ความสูงระดับเอว น้ำท่วมมาแล้ว4-5 วัน,https://storage.googleapis.com/traffy_public_bucket/attachment/2026-09/d4f3e7e1ee140c07a3325474f35a0dcb.jpeg
2026-N4RV6R,inprogress,2026-09-28 17:52,2026-09-28 18:21,100.68153,13.78308,สะพานสูง,สะพานสูง,น้ำท่วมมากหน้าปากซอยและในซอยท่วมเท่าหัวเข่า ความสูงระดับหัวเข่า น้ำท่วมมาแล้วน้อยกว่า 1 สัปดาห์,https://storage.googleapis.com/traffy_public_bucket/attachment/2026-09/37fa40b81188a0c812361b0fc234ab1a.jpeg
2026-V7X443,inprogress,2026-09-28 17:52,2026-09-30 11:51,100.61886,13.94716,ดอนเมือง,สนามบิน,น้ำขึ้นไม่หยุดเลย ตอนนี้สูงปนะมาณ70ซม. ความสูงระดับ50-70ซม.ครับ น้ำท่วมมาแล้วตั้งแต่วันส.ที่26/9/69,https://storage.googleapis.com/traffy_public_bucket/attachment/2026-09/a680321db4d9766e3ede40fbbc8247bf.jpeg
2026-DZ2ART,inprogress,2026-09-28 17:53,2026-09-28 18:20,100.67117,13.77495,สะพานสูง,สะพานสูง,ในซอยหมู่บ้านชวนชื่น รามคำแแหง 102 ยังมีน้ำท่วมขัง น้ำยังไม่ลดลงตั้งแต่เมื่อวาน เช้านี้มีฝนตกน้ำเลยเพิ่่มสูงขึ้น ไม่แน่ใจว่าสามารถสูบน้ำออก หรือช่วยเหลืออย่างอื่นได้ไหมครับ ความสูงระดับหน้าแข้ง น้ำท่วมมาแล้วน้อยกว่า 1 สัปดาห์,https://storage.googleapis.com/traffy_public_bucket/attachment/2026-09/85b69f60036f1ff2db465d073ba43f34.jpeg
2026-LE4YPN,inprogress,2026-09-28 17:53,2026-09-29 10:03,100.74878,13.81238,มีนบุรี,แสนแสบ,น้ำท่วมเส้นสุวินทวงศ์แถวการไฟฟ้าลาดกระบัง ในซ.สุวินทวงศ์18น้ำท่วมมา3วันแล้วยังไม่ลดเลย มีแต่เพิ่มขึ้นทุกวัน ถึงเข่า 3วัน,https://storage.googleapis.com/traffy_public_bucket/attachment/2026-09/c298687e4e7974e2ea85d433df409ef8.jpeg
2026-4DNP8U,inprogress,2026-09-28 17:54,2026-09-29 09:54,100.65333,13.74547,บางกะปิ,หัวหมาก,ปัญหา: ภายในซอยแยกดังกล่าว บ้านเลขที่ 14 เนื่องจากเกิดเหตุอุทกภัย จึงมีความประสงค์ขอรับความช่วยเหลือด้านอาหารและน้ำดื่ม สำหรับผู้พักอาศัย ซอย: กรุงเทพกรีฑา 8 แยก 8 ถนน: กรุงเทพกรีฑา เขต: บางกะปิ #1555,https://storage.googleapis.com/traffy_public_bucket/attachment/2022-12/da2125e781282589d482070c3dba1726aa16a4a7.jpg
2026-A2VFVT,inprogress,2026-09-28 17:55,2026-09-29 21:47,100.71899,13.7678,ลาดกระบัง,คลองสองต้นนุ่น,ปัญหา: ภายในหมู่บ้านดังกล่าว บ้านเลขที่ 106/29 เนื่องจากเหตุอุทกภัย มีน้ำท่วมขังในพื้นที่ ทำให้ไม่สามารถเดินทางออกไปหาซื้ออาหารได้ จึงมีความประสงค์ขอรับความช่วยเหลือเครื่องอุปโภคบริโภค ได้แก่ อาหารและน้ำดื่ม บ้านเลขที่: 106/29 หมู่บ้าน: ชุมชนเคหะร่มเกล้า ,https://storage.googleapis.com/traffy_public_bucket/attachment/2022-12/da2125e781282589d482070c3dba1726aa16a4a7.jpg
2026-FL9NG2,forward,2026-09-28 17:56,2026-09-29 21:55,100.62703,13.89335,สายไหม,คลองถนน,หมู่บ้าน ป.สุวิมล น้ำท่วมขังในบ้าน ซึมขึ้นจากท่อในตัวบ้าน ทำให้การใช้ชีวิต อาบน้ำหรือขับถ่ายลำบากเนื่องจากราดน้ำในโถส้วมไม่ลงเพราะน้ำในท่อระบายน้ำเอ่อล้นขึ้นมา ระบบท่อระบายน้ำในหมู่บ้านรวมกับท่อน้ำทิ้งในตัวบ้าน อยากให้เร่งระบายน้ำออก +อาหารแห้ง ทั้งใน cj ,https://storage.googleapis.com/traffy_public_bucket/attachment/2026-09/b599b395e40a1cb9981291bbd1f79780.jpeg
2026-LGT946,inprogress,2026-09-28 17:57,2026-09-28 21:20,100.64069,13.77691,บางกะปิ,คลองจั่น,ปัญหา: บริเวณลุมพินีเซ็นเตอร์แฮปปี้แลนด์A1 และลุมพินีเซ็นเตอร์แฮปปี้แลนด์E1 เนื่องจากเกิดเหตุอุทกภัย จึงมีความประสงค์ขอรับความช่วยเหลือด้านอาหารและน้ำดื่ม สำหรับผู้พักอาศัย จำนวน 600 ห้อง (เบอร์โทรนิติบุคคล 0851508568) ถนน: แฮปปี้แลนด์สาย 1 เขต: บางกะปิ #,https://storage.googleapis.com/traffy_public_bucket/attachment/2022-12/da2125e781282589d482070c3dba1726aa16a4a7.jpg
2026-9RAZ98,inprogress,2026-09-28 17:58,2026-09-29 10:04,100.73754,13.81936,มีนบุรี,มีนบุรี,เส้น สุวินทวงค์ - มีนบุรี ระดับน้ำยังสูงค่ะ รถเล็กและรถขนาดกลางไม่สามารถสันจรได้ ความสูงระดับเกินครึ่งหน้าแข้งขึ้นมาเล็กน้อยค่ะ น้ำท่วมมาแล้วน่าจะ 30-40 ซม เริ่มท่วมตั้งแต่ 25 กันยา ค่ะ,https://storage.googleapis.com/traffy_public_bucket/attachment/2026-09/6a415ca0983ea01c61d93186dee3adea.jpeg
2026-YNWXYM,inprogress,2026-09-28 17:58,2026-09-28 18:11,100.65646,13.72517,ประเวศ,ประเวศ,น้ำท่วม ความสูงระดับ4วัน น้ำท่วมมาแล้วน้อยกว่า 1 สัปดาห์,https://storage.googleapis.com/traffy_public_bucket/attachment/2026-09/thumb_7b5805e00b23b926bf626e52f31313d2.jpg
2026-M9F7UL,forward,2026-09-28 17:59,2026-09-29 21:55,100.65083,13.88937,สายไหม,คลองถนน,ตอนนี้ระดับน้ำในหมู่บ้านสูงขึ้นเลื่อยๆ อยู่ระดับเกินเอวแล้ว ในบ้านประมาณ 20เซ็น รถไม่สามารถเดินทางได้ทั้งหมูบ้าน เนื่องจากว่ากมู่บ้านเป็นพื้นที่ต๋่า ความสูงระดับเอว น้ำท่วมมาแล้วน้อยกว่า 1 สัปดาห์,https://storage.googleapis.com/traffy_public_bucket/attachment/2026-09/d489b68929a3c1bc88c3372a1a83125b.jpeg
2026-VDF4VG,inprogress,2026-09-28 17:59,2026-09-28 21:16,100.63914,13.75035,บางกะปิ,หัวหมาก,น้ำท่วมตั้งแต่วันเสาร์ น้ำท่วมขังเริ่มเปลี่ยนเป็นสีขุ่น ยุงมาก ไม่ได้รับความช่วยเหลือค่ะ ความสูงระดับหัวเข่า น้ำท่วมมาแล้ววันนี้เข้าวันที่ 3 แล้วค่ะ,https://storage.googleapis.com/traffy_public_bucket/attachment/2026-09/c25d1bec3b31c9e52ed6566025fbd5c7.jpeg
2026-P6RDCU,finish,2026-09-28 18:00,2026-10-02 12:06,100.80619,13.78917,หนองจอก,ลำผักชี,น้ำท่วมขังมาตั้งแต่วันศุกร์ทั้งหมู่บ้านรถยนต์เล็กรถมอเตอร์ไซค์เข้าออกไม่ได้ ไม่มีอาหารเข้ามาขายและออกไปซื้อไม่ได้ อาหารที่มีใกล้จะหมดในบ้านอยู่กันหลายคนมีผู้สูงอายุ66ปีและเด็ก2ขวบครึ่งต้องการนมกล่องสำหรับเด็กอาหารและน้ำดื่ม ความสูงระดับประมาณหัวเข่าคนสูง1,https://storage.googleapis.com/traffy_public_bucket/attachment/2026-09/1d296229e819c3dbe5baf0fd5ccb0679.jpeg
2026-KG33LW,finish,2026-09-28 18:01,2026-09-30 14:38,100.80615,13.79478,หนองจอก,ลำผักชี,"ที่หมู่บ้าน ฟลอร่าวิลล์ หนองจอก และพื้นที่ใกล้เคียง ขาดอาหาร จำนวนมาก เนื่องจากนํ้าท่วมสูงไม่สามารถออกจากบ้านได้ ชาวบ้านรวมประมาณ 1,000 คน #ขอกระสอบทราย/อื่นๆ",https://storage.googleapis.com/traffy_public_bucket/attachment/2026-09/686df794baeb32beb48ec328f2b881f4.jpeg
2026-TZV6AJ,inprogress,2026-09-28 18:01,2026-09-28 18:20,100.67311,13.77143,สะพานสูง,สะพานสูง,น้ำท่วมในหมู่บ้านชวนชื่น ซ.รามคำแหง 102 เป็นระยะเวลา 3 วัน ความสูงระดับหน้าแข้ง น้ำท่วมมาแล้วน้อยกว่า 1 สัปดาห์,https://storage.googleapis.com/traffy_public_bucket/attachment/2026-09/b8f49cf3c09e552c59d4b69373ae2559.jpeg
2026-8HAC7L,finish,2026-09-28 18:02,2026-10-01 14:23,100.44127,13.61937,บางขุนเทียน,ท่าข้าม,ซอย เทียนทะเล 19 (ฉัตรเพชร) น้ำท่วม มา 3 วันละครับ ความสูงระดับหัวเข่า น้ำท่วมมาแล้วน้อยกว่า 1 สัปดาห์,https://storage.googleapis.com/traffy_public_bucket/attachment/2026-09/7623eb62be77ea4b580aa3e153a2bf1b.jpeg
2026-ZD6PYA,inprogress,2026-09-28 18:02,2026-09-29 08:22,100.67778,13.83705,คันนายาว,คันนายาว,แจ้งปัญหาน้ำท่วมชุมชนเปรมฤทัย 3 เขตคันนายาวค่ะ น้ำท่วมขังในชุมชน สูงประมาณ 50 cm. (ระดับหัวเข่า) มาตั้งแต่วันที่ 26 ก.ย. (วันที่แจ้งปัญหา 28 ก.ย. รวม 3 วันแล้ว) ลักษณะเป็นน้ำท่วมขัง ไม่มีการระบาย และระดับน้ำแทบไม่ลดลงเลย ตอนนี้น้ำเริ่มเน่าแล้ว สีเริ่มดำแล,https://storage.googleapis.com/traffy_public_bucket/attachment/2026-09/8c3dda4716387063af8b043827b8bf9d.jpeg
2026-2R3X8M,inprogress,2026-09-28 18:03,2026-09-28 19:33,100.65114,13.77664,บางกะปิ,คลองจั่น,ปัญหา: ภายในซอยดังกล่าว บ้านเลขที่ 44 เนื่องจากเกิดเหตุอุทกภัย จึงมีความประสงค์ขอรับความช่วยเหลือด้านอาหารและน้ำดื่ม สำหรับผู้พักอาศัย จำนวน 3 ท่าน ซอย: ศรีบูรพา 17 ถนน: ศรีบูรพา เขต: บางกะปิ #1555,https://storage.googleapis.com/traffy_public_bucket/attachment/2022-12/da2125e781282589d482070c3dba1726aa16a4a7.jpg
2026-R4CLJG,inprogress,2026-09-28 18:03,2026-09-28 19:00,100.64004,13.71776,สวนหลวง,สวนหลวง,บ้านเลขที่ 5/134 หมู่บ้านกลางเมือง โมนาโค ซอยศรีนครินทร์ 24 ถนนศรีนครินทร์ แขวงสวนหลวง เขตสวนหลวง กรุงเทพมหานคร 10250 น้ำท่วมขังประมาณเข่าเริ่มส่งกลิ่นแล้วระดับไม่ลดลงเลย แต่น้ำยังไม่เข้า เดินทางลำบาก ความสูงระดับหัวเข่า น้ำท่วมมาแล้วน้อยกว่า 1 สัปดาห์,https://storage.googleapis.com/traffy_public_bucket/attachment/2026-09/6db626d240e3b892616771b960f7424c.jpeg
2026-GEHPZN,inprogress,2026-09-28 18:04,2026-09-28 18:08,100.67892,13.7187,ประเวศ,ประเวศ,น้ำท่วมในบ้านและน้ำไม่ระบายออก ความสูงระดับหน้าแข้ง น้ำท่วมมาแล้วมากกว่า 1 สัปดาห์,https://storage.googleapis.com/traffy_public_bucket/attachment/2026-09/e8254f480cee47750e3a5d9656450b9f.jpeg
2026-M27ZHK,finish,2026-09-28 18:04,2026-10-03 17:16,100.62241,13.78101,วังทองหลาง,คลองเจ้าคุณสิงห์,น้ำท่วม 3 วันละค่ะ น้ำท่วมมาแล้วน้อยกว่า 1 สัปดาห์,https://storage.googleapis.com/traffy_public_bucket/attachment/2026-09/3f1cb3b63cff35e5c1b882571fbfede7.jpeg
2026-N9E36M,finish,2026-09-28 18:05,2026-10-02 15:37,100.56262,13.84283,จตุจักร,ลาดยาว,ปัญหา: บ้านเลขที่ 125 เนื่องจากเกิดเหตุอุทกภัย จึงมีความประสงค์ขอรับความช่วยเหลือด้านยารักษาโรคและผ้าอ้อม สำหรับผู้ป่วยติดเตียงโรคบ้านหมุน กระดูกทับเส้น โรคเริม ภูมิแพ้ ลมพิษ ข้อมือและเข่าอักเสบ คอเลสเตอรอล ความดันโลหิต และอีก 50 โรค ซอย: วิภาวดีรังสิต 46,https://storage.googleapis.com/traffy_public_bucket/attachment/2022-12/da2125e781282589d482070c3dba1726aa16a4a7.jpg
2026-V2PFWZ,finish,2026-09-28 18:05,2026-10-05 14:56,100.6318,13.7547,บางกะปิ,หัวหมาก,น้ำซอยรามคำแหง26/1 เน่าเหม็น สูงด้วย ความสูงระดับเอว น้ำท่วมมาแล้วน้อยกว่า 1 สัปดาห์,https://storage.googleapis.com/traffy_public_bucket/attachment/2026-09/da55c6f2eb4ada9c4a004d3f19d4b2b0.jpeg
2026-W23ULF,inprogress,2026-09-28 18:05,2026-09-29 21:53,100.72782,13.76207,ลาดกระบัง,คลองสองต้นนุ่น,ปัญหา: ภายในซอยดังกล่าว บริเวณแฟลตเกรียงไกร อาคาร 3 เนื่องจากเหตุอุทกภัย มีน้ำท่วมขังถึงชั้น 1 ของอาคาร ระบบไฟฟ้าและน้ำประปาถูกตัด ไม่สามารถใช้งานได้ อีกทั้งมีผู้สูงอายุพักอาศัยอยู่ภายในอาคาร ทำให้ไม่สามารถเดินทางออกไปหาซื้ออาหารได้ จึงมีความประสงค์ขอรับค,https://storage.googleapis.com/traffy_public_bucket/attachment/2022-12/da2125e781282589d482070c3dba1726aa16a4a7.jpg
2026-YPELWF,start,2026-09-28 18:05,2026-09-28 18:05,100.7777,13.72089,ลาดกระบัง,ลาดกระบัง,ซอย ลาดกระบัง 48 ท่วมเยอะ หลายวัน ไม่ลดเลยครับ ดูจะเพิ่มด้วยซ้ำ ความสูงระดับหัวเข่า น้ำท่วมมาแล้วน้อยกว่า 1 สัปดาห์,https://storage.googleapis.com/traffy_public_bucket/attachment/2026-09/de1e4d948eab559b90971b1f3103ddd1.jpeg
2026-6C8XLL,finish,2026-09-28 18:06,2026-10-01 10:37,100.33136,13.80359,ทวีวัฒนา,ศาลาธรรมสพน์,น้ำท่วมขังถนนที่ใช้เดินทาง รวมถึงในบ้าน ต้องการเครื่องดูดน้ำช่วยระบายน้ำจากน้ำลงคลองในบริเวณซอยนี้ ความสูงระดับ50-60ซม น้ำท่วมมาแล้ว3 วัน,https://storage.googleapis.com/traffy_public_bucket/attachment/2026-09/11cdf26b3c48137e8b66cfd3de066e09.jpeg
2026-Y37H3E,inprogress,2026-09-28 18:06,2026-09-28 21:15,100.65532,13.78042,บึงกุ่ม,คลองกุ่ม,ที่หมู่บ้านศรีนครน้ำท่วมหนักมีหน่วยงานไหนเข้ามาดูแลบ้างไหมครับ ช่วยลงพื้นที่หน่อยน้ำท่วมสูงหนักมากเดินออกก็ลำบาก ท่วมสูงครึ่งบ้านแล้วครับ สามวันแล้วครับ,https://storage.googleapis.com/traffy_public_bucket/attachment/2026-09/938793996c09eac90c6e9da335011d06.jpeg
2026-U7FGEZ,inprogress,2026-09-28 18:07,2026-09-30 12:03,100.73683,13.76436,ลาดกระบัง,คลองสองต้นนุ่น,105/332 เคหะร่มเกล้า29โซน5 ซอย35/2 แขวงคลองสองต้นนุ่น เขตลาดกระบัง น้ำท่วมถึงอก อาหารขาดแคลน มีผู้สูงอายุเยอะมากครับ ความสูงระดับสูงกว่าเอว น้ำท่วมมาแล้วน้อยกว่า 1 สัปดาห์,https://storage.googleapis.com/traffy_public_bucket/attachment/2026-09/11d8ba48c98b808219746bd2cb21db0f.jpeg
2026-ZJGC3B,finish,2026-09-28 18:08,2026-09-29 14:09,100.40071,13.72936,บางแค,บางแคเหนือ,ขอหน่วยงานมาดูแลการสูบน้ำท้ายซอยหมู่บ้านเทพนคร ซ.เพชรเกษม88 ความสูงระดับข้อเท้า น้ำท่วมมาแล้วน้อยกว่า 3 ชั่วโมง,https://storage.googleapis.com/traffy_public_bucket/attachment/2026-09/5395135db8266479cbba951af5964d04.jpeg
2026-BCTJVV,inprogress,2026-09-28 18:09,2026-09-30 10:12,100.61836,13.94618,ดอนเมือง,สนามบิน,น้ำท่วมขังเกิน 30 ซม และเป็นน้ำเสีย อยากให้ช่วยดูดน้ำออก ความสูงระดับปากซอยเป็นหมู่บ้านอาคิน น้ำท่วมมาแล้ว30-40 ซม ค่ะ,https://storage.googleapis.com/traffy_public_bucket/attachment/2026-09/b3a4935722119d2e88757083ddae3ad8.jpeg
2026-D62NGA,inprogress,2026-09-28 18:10,2026-09-28 18:17,100.6763,13.7585,สะพานสูง,สะพานสูง,ขอแจ้งเรื่องน้ำท่วมขังสูงในหมู่บ้านสัมมากร ซอยรามคำแหง 112 น้ำท่วมมาแล้ว 3 วัน และไม่มีทีท่าว่าน้ำจะลดลง อยากแจ้งให้หน่วยงานที่เกี่บวข้องเปิดเครื่องสูบน้ำในหมู่บ้านเพื่อลดปัญหาระดับน้ำครับ ความสูงระดับหัวเข่า น้ำท่วมมาแล้วน้อยกว่า 1 สัปดาห์,https://storage.googleapis.com/traffy_public_bucket/attachment/2026-09/74562d56db34f26d3a5b05dbcc97b233.jpeg
2026-4EA6EN,inprogress,2026-09-28 18:11,2026-09-28 18:55,100.63786,13.70385,สวนหลวง,สวนหลวง,น้ำท่วมในซอยอ่อนนุช46 หมู่บ้านมิตรภาพหมู่4 ทางเข้าตรงกับวงเวียนนาฬิกา จะสูบน้ำได้สักเมื่อไรครับ 50cm. 2วันครับ,https://storage.googleapis.com/traffy_public_bucket/attachment/2026-09/982d0aa36c2665938796fd059349e67a.jpeg
2026-99Z6L2,finish,2026-09-28 18:11,2026-10-05 13:45,100.63352,13.75847,บางกะปิ,หัวหมาก,น้ำท่วมขัง ในหมู่บ้านศีขริน แยก 30 ราม 24 หลายวันแล้วครับ ช่วยเร่งระบายน้ำหน่อยครับ ความสูงระดับ40 ซม ครับ น้ำท่วมมาแล้ว3 วันครับ,https://storage.googleapis.com/traffy_public_bucket/attachment/2026-09/thumb_afccea41d86f7d2d603a2e49d95a0ba4.jpg
2026-BHA48L,inprogress,2026-09-28 18:11,2026-09-28 18:30,100.67969,13.68397,ประเวศ,ดอกไม้,น้ำท่วมขัง นาน 4 วัน น้ำท่วมประมาณครึ่งเอว เครื่องสูบน้ำกทม.พัง น้ำเข้าบ้านชั้น1 ทั้งหมด ชาวบ้านอพยพอยู่ชั้น 2 ไม่มีสส. สก. หรือเจ้าหน้าที่เขตประเวศมาตรวจสอบหรือช่วยเหลือเรื่องน้ำและอาหารแห้ง ชาวบ้านลุยออกไปซื้อก็ไม่มีเพียงพอ อย่างบ้านเลขที่ 352 คนแก่ชายอ,https://storage.googleapis.com/traffy_public_bucket/attachment/2026-09/da086b06ef2143ad0013c823d3c153f3.jpeg
2026-BT9NDL,inprogress,2026-09-28 18:11,2026-09-28 21:08,100.64958,13.77668,บางกะปิ,คลองจั่น,ปัญหา: บริเวณบ้านเลขที่ 25 เนื่องจากเหตุอุทกภัย มีน้ำท่วมขังระดับสูง และร้านสะดวกซื้อในพื้นที่ไม่มีสินค้าจำหน่าย ส่งผลให้ผู้อยู่อาศัยในชุมชนไม่สามารถเดินทางออกไปหาซื้ออาหารได้ ปัจจุบันไม่ได้รับประทานอาหารเข้าสู่วันที่ 2 จึงมีความประสงค์ขอรับความช่วยเหลือเ,https://storage.googleapis.com/traffy_public_bucket/attachment/2022-12/da2125e781282589d482070c3dba1726aa16a4a7.jpg
2026-EKLMRP,inprogress,2026-09-28 18:11,2026-09-30 10:11,100.58997,13.94697,ดอนเมือง,สีกัน,น้ำท่วมไม่ลดลงเลย จนน้ำเริ่มมีกลิ่นและเหมือนเริ่มจะเน่า ในขณะที่ที่อื่นลดหมดแล้ว ในซอยนี้ไม่ลดเลย ประชาชนออกไปทำงานไม่ได้ ออกไปซื้อของกินไม่ได้ รบกวนรีบแก้ปัญหาหน่อย ความสูงระดับหัวเข่า น้ำท่วมมาแล้วน้อยกว่า 1 สัปดาห์,https://storage.googleapis.com/traffy_public_bucket/attachment/2026-09/e7995613755ac301de5a19c9e412cfac.jpeg
2026-GYBA9H,forward,2026-09-28 18:11,2026-09-28 21:11,100.67424,13.78146,บึงกุ่ม,คลองกุ่ม,น้ำท่วม น้ำขังมา 2-3วันแล้ว เนื่องจากล้นมาจากคลองแสนแสบ ตอนนี้เริ่มส่งกลิ่นเน่าเหม็น อยากให้มาดูดน้ำ เพื่อที่จะสัญจรได้ ในบ้านมีคนอายุ 70เกิน 3คน และอายุ 60อีก จะต้องไปพบหมออีกไม่กี่วันนี้แล้วค่ะ ฝากช่วยด้วยค่ะ ความสูงระดับตอนนี้น่าจะ 20ซม คนที่บ้านไม่กล้,https://storage.googleapis.com/traffy_public_bucket/attachment/2026-09/thumb_ff6b910b4fe466cbd9088d8d2c5586f4.jpg
2026-69WJKT,inprogress,2026-09-28 18:12,2026-09-30 10:06,100.57891,13.93639,ดอนเมือง,สีกัน,เมืองใหม่ดอนเมืองทางเข้า หมู่บ้านศศิกานต์ 2 น้ำยังท่วมอยู่เลยครับ ความสูงระดับหน้าแข้ง น้ำท่วมมาแล้วน้อยกว่า 1 สัปดาห์,https://storage.googleapis.com/traffy_public_bucket/attachment/2026-09/2e0423845fa4b03cdc18b29cead4ed73.jpeg
2026-HJGX9H,inprogress,2026-09-28 18:12,2026-09-28 21:03,100.65174,13.75314,บางกะปิ,หัวหมาก,บ้านเลขที่ 189/35 หมู่บ้านทาวน์พลัสหัวหมาก ซอยกรุงเทพกรีฑา 7 น้ำท่วมขัง ตอนนี้ไม่มีเสบียงครับ น้ำน่าจะไม่ลดง่ายๆ มีคุณย่าอายุ 78 ความสูงระดับหัวเข่า น้ำท่วมมาแล้ว 4 วัน,https://storage.googleapis.com/traffy_public_bucket/attachment/2026-09/c3f3273658ea7f44f1997d637569e667.jpeg
2026-Z4629H,inprogress,2026-09-28 18:13,2026-09-28 20:10,100.63651,13.87014,บางเขน,ท่าแร้ง,ช่วยด้วยค่ะ ท่วมอยู่ซอยเดียว รถสัญจรไม่ได้ อาศัยอยู่ท้ายซอยสุขาภิบาล5 ซอย5 แยก18 ในระแวกสุขาภิบาล5 ซอย5 มีแยกนี้ที่เป็นแอ่งรับน้ำตลอดค่ะ ความสูงระดับหัวเข่า น้ำท่วมมาแล้วน้อยกว่า 1 สัปดาห์,https://storage.googleapis.com/traffy_public_bucket/attachment/2026-09/c056bd67a4a72b80817472b46ca575ef.jpeg
2026-PFA6PT,inprogress,2026-09-28 18:14,2026-09-28 20:59,100.6563,13.76439,บางกะปิ,หัวหมาก,โว้ยยยยย เข่า แต่ด้านในไม่ทราบ อยากได้เครื่องสูบน้ำ มาระบายน้ำออก เพราะ พื้นที่ต่ำกว่าคลองระบายไม่ได้ ต่ำกว่าพื้นถนนด้านนอกอีกค่ะ พอจะได้มั้ย ตั้งแต่วันศุกร์แล้วค่ะ,https://storage.googleapis.com/traffy_public_bucket/attachment/2026-09/785fec108fa1cc42a015547290d89e80.jpeg
2026-DLH9AK,forward,2026-09-28 18:15,2026-09-28 21:17,100.65827,13.80134,บึงกุ่ม,คลองกุ่ม,น้ำท่วมขัง ไม่มีหน่วยงานเข้ามาช่วยเหลือ ความสูงระดับหัวเข่า น้ำท่วมมาแล้วน้อยกว่า 1 สัปดาห์,https://storage.googleapis.com/traffy_public_bucket/attachment/2026-09/715ba1e2dfb197d3d54f33204bc02a90.jpeg
2026-TR4ZMJ,finish,2026-09-28 18:16,2026-10-05 13:27,100.63907,13.75497,บางกะปิ,หัวหมาก,ซอยรามคำแหง 36/1 หมู่บ้านศรีวรา แช่น้ำมา 3 วันแล้ว ไม่มีหน่วยงานไหนมาเหลียวแล เครื่องสูบน้ำเอามาช่วยหน่อย น้ำมันนิ่งไม่ไปไหนเลย ถนนรามคำแหงแค่ฟุตบาท ในซอย 60 ซม แล้ว เกินหัวเข่า 3 วัน,https://storage.googleapis.com/traffy_public_bucket/attachment/2026-09/fa0e1e46c4328c9421a0f4e68f36a963.jpeg
2026-XTJW6E,forward,2026-09-28 18:16,2026-09-29 21:54,100.65472,13.90749,สายไหม,สายไหม,หมู่บ้านชัยพัฒน์ ซอยพหลโยธิน 54/1 แยก 4-46 น้ำท่วมแช่วันที่ 3 แล้ว เริ่มส่งกลิ่นเน่าเสีย มีขยะลอย มีสัตว์มีพิษ เช่นปลิง ในหมู่บ้านมีคนสูงวัยคอนข้างเยอะ อยากได้การระบายน้ำ เพราะถนนในหมูบ้านต่ำกว่าถนนที่สัญจร หาก สามารถวิทน้ำออก อย่างน้อยให้ไม่ท่วมขังในตัว,https://storage.googleapis.com/traffy_public_bucket/attachment/2026-09/2091489c78bf5cc1bed256aa7c7bc3a6.jpeg
2026-X68C3A,inprogress,2026-09-28 18:18,2026-09-28 18:36,100.67086,13.72039,ประเวศ,ประเวศ,ตอนนี้น้ำที่ท่วมขังอยู่ประมาน35ซม. เริ่มมีกลิ่นเหม็น ความสูงระดับหน้าแข้ง น้ำท่วมมาแล้วน้อยกว่า 1 สัปดาห์,https://storage.googleapis.com/traffy_public_bucket/attachment/2026-09/47a4b68385a711203efda1f9150cd51e.jpeg
2026-7PA94Z,inprogress,2026-09-28 18:19,2026-09-28 18:52,100.6865,13.66963,ประเวศ,ดอกไม้,น้ำท่วมขังสี่วันแล้วค่ะ ความสูงระดับเอว น้ำท่วมมาแล้วน้อยกว่า 1 สัปดาห์,https://storage.googleapis.com/traffy_public_bucket/attachment/2026-09/8af5cf55f7341212f6a82f6355292a21.jpeg
2026-XC9E46,inprogress,2026-09-28 18:19,2026-09-28 20:58,100.66558,13.76948,บางกะปิ,หัวหมาก,มีน้ำท่วมขัง ถึงเข่า ในซอยรามคำแหง 78 อยากให้มาสูบน้ำให้ด้วยค่ะ เพราะซอยนี้ทำท่อระบายน้ำไม่เสร็จ มันเลยไม่มีที่ระบายน้ำ นอกจากจะมาสูบน้ำออกค่ะ ความสูงระดับหัวเข่าค่ะ น้ำท่วมมาแล้ว3 วันแล้ว ตั้งแต่วันที่ 25-28/9/69 ตอนนี้ยังไม่ลดเลยค่ะ,https://storage.googleapis.com/traffy_public_bucket/attachment/2026-09/thumb_75b8088578197c89b2a76dfcd63cc223.jpg
2026-2E46AH,inprogress,2026-09-28 18:20,2026-10-02 15:46,100.55151,13.85787,หลักสี่,ทุ่งสองห้อง,เนื่องจาก น้ำท่วมสูง มี ขยะ และถังขยะ จาก ที่ไหน ก็ไม่ทราบ ลอยมา อยู่ ที่ หน้าบ้าน เต็มไป และอุดตัน ท่อระบายน้ำ ด้วย ค่ะรบกวน ช่วยให้ หน่อย เข้า มา จัดการ ให้ ด้วยนะค่ะ ความสูงระดับตอนนี้ ลด แล้ว ค่ะ ตอนแรก ท่วมถึง เข่า คะ น้ำท่วมมาแล้วท่วมตั้งแต่ วัน เสา,https://storage.googleapis.com/traffy_public_bucket/attachment/2026-09/6494eedd8e9d58def8e5fd49f72accb0.jpeg
2026-HYAWET,finish,2026-09-28 18:20,2026-10-05 14:03,100.61225,13.75048,บางกะปิ,หัวหมาก,น้ำท่วมในซอยไม่ลดเลยมีแต่จะเพิ่มขึ้นลองสำรวจแล้วคิดว่าท่อตันเพราะมีท่อระบายหลายจุดที่น้ำไม่ระบายลงเลยและเพิ่มขึ้นมาจากท่อ ทั้งๆที่วันนี้ฝนหยุดตกมาครึ่งวันแล้ว ตามภาพแนบ รูปถ่ายเมี่อ 28/09/2026 เวลา 17:53น. ความสูงระดับ25-30cm บางจุดถึงเข่า รามคำแหงซอย 12 ,https://storage.googleapis.com/traffy_public_bucket/attachment/2026-09/0980fba35932f4798a6ca056c81e0ab1.jpeg
2026-WKEJYG,inprogress,2026-09-28 18:20,2026-09-29 08:47,100.89106,13.81711,หนองจอก,กระทุ่มราย,น้ำท่วมขังสูงเข้ากรงสัตว์เลี้ยงไม่สามารถเคลื่อนย้ายออกจากบ้านได้อยากให้ช่วยเร่งระบายน้ำออก ความสูงระดับหัวเข่า น้ำท่วมมาแล้วน้อยกว่า 1 สัปดาห์,https://storage.googleapis.com/traffy_public_bucket/attachment/2026-09/94c4a636b3c3fc4546ed94e1b7fa3199.jpeg
2026-XXFKBT,forward,2026-09-28 18:20,2026-09-29 21:54,100.66156,13.9035,สายไหม,ออเงิน,"ย่านสายไหม ถนนสุขาภิบาล 5, ถนนเพิ่มสิน ระดับน้ำไม่ลดลงเลยเป็นเวลา 2 วันแล้วค่ะ อยากให้เข้ามาช่วยระบายน้ำโซนนี้ค่ะ ความสูงระดับหัวเข่า น้ำท่วมมาแล้วระดับนี้ 2 วัน กำลังเข้าวันที่ 3 ค่ะ",https://storage.googleapis.com/traffy_public_bucket/attachment/2026-09/8aefd5566d11c08a318d1a97d3b7d4a6.jpeg
2026-BHNXBE,start,2026-09-28 18:21,2026-09-28 18:21,100.80933,13.71336,ลาดกระบัง,ทับยาว,น้ำท่วมแต่ในซอย ถนนหล่วงแพร่งไม่ท่วม เพราะทำถนนสูงกว่า ระดับน้ำ ครึ่งน่อง 25-30 cm 25-30 cm ระดับไม่ลดลง 4 วันครับ,https://storage.googleapis.com/traffy_public_bucket/attachment/2026-09/243f2253f991dcc1eef426c590c0211b.jpeg
2026-HWK6ME,inprogress,2026-09-28 18:21,2026-09-30 10:06,100.6179,13.94602,ดอนเมือง,สนามบิน,ซอยวิภาวดีรังสิต 84 น้ำสูงขึ้นเรื่อยๆด้วยความเร็วที่น่าตกใจ และน้ำเริ่มมีสีคล้ำ ความสูงระดับหัวเข่า หัวเข่าคือวันนี้ เมื่อวานแค่กน้าแข้ง,https://storage.googleapis.com/traffy_public_bucket/attachment/2026-09/18e094a69214e7581df4dbe55cc719c3.jpeg
2026-A6KJJH,inprogress,2026-09-28 18:22,2026-09-28 21:14,100.65003,13.80412,บึงกุ่ม,คลองกุ่ม,อยากจะขอรับกระสอบทรายหน่อยครับ บ้านน้ำท่วมอยู่นวมินทร์ 68 #ขอกระสอบทราย/อื่นๆ,https://storage.googleapis.com/traffy_public_bucket/attachment/2026-09/976b236febcec2ac926b804ace342b52.jpeg
2026-LCNXJ2,inprogress,2026-09-28 18:22,2026-09-28 21:14,100.64548,13.78976,บึงกุ่ม,นวมินทร์,ปัญหา: บริเวณท้ายซอยดังกล่าว พบมีน้ำท่วมขังสูงประมาณ 80–100 เซนติเมตร โดยมีผู้สูงอายุจำนวน 2 คน และผู้มีโรคประจำตัวจำนวน 1 คน ได้รับความเดือดร้อนจากสถานการณ์น้ำท่วม จึงต้องการให้เจ้าหน้าที่เข้าดำเนินการช่วยเหลือโดยเร็วที่สุด ซอย: นวมินทร์ 81 แยก 3-11 ถนน:,https://storage.googleapis.com/traffy_public_bucket/attachment/2022-12/da2125e781282589d482070c3dba1726aa16a4a7.jpg
2026-UWEF86,forward,2026-09-28 18:22,2026-09-28 19:55,100.5788,13.84427,จตุจักร,เสนานิคม,น้ำยังท่วมขังหน้าบ้านไม่ระบายออกเลยค่ะ ความสูงระดับหัวเข่า น้ำท่วมมาแล้วน้อยกว่า 1 สัปดาห์,https://storage.googleapis.com/traffy_public_bucket/attachment/2026-09/thumb_8cf61f8e5bc363772a1fd5bdcd72fbcc.jpg
2026-8LGKLN,inprogress,2026-09-28 18:25,2026-10-02 07:40,100.64879,13.77476,บางกะปิ,คลองจั่น,ปัญหา: ภานในซอยนวมินทร์ 14 บ้านเลขที่ 700 แฟลตคลองจั่น เนื่องจากเหตุอุทกภัย ต้องการความช่วยเหลือขอรับเครื่องอุปโภคบริโภค คุณครรชิต (จำนวน 2 คน) 0813815858 ซอย: นวมินทร์ 14 ถนน: นวมินทร์ เขต: บางกะปิ #1555,https://storage.googleapis.com/traffy_public_bucket/attachment/2022-12/da2125e781282589d482070c3dba1726aa16a4a7.jpg
2026-PUPGWY,finish,2026-09-28 18:25,2026-10-01 14:22,100.43023,13.62315,บางขุนเทียน,แสมดำ,ซอยเทียนทะเล 20 แยก5 น้ำท่วมไม่ลดเลย ความสูงระดับหัวเข่า น้ำท่วมมาแล้วน้อยกว่า 1 สัปดาห์,https://storage.googleapis.com/traffy_public_bucket/attachment/2026-09/3b9f694017e916048b9c1f9ee74bd7fe.jpeg
2026-44XERL,forward,2026-09-28 18:26,2026-09-28 19:54,100.55956,13.84996,จตุจักร,ลาดยาว,น้ำเขียวเข้มมีฟอง มีตะกอนลอยแล้ว รบกวนช่วยใช้เครื่องสูบระบายน้ำออกให้หน่อย งามวงศ์วาน 59 แยก 1 ความสูงระดับหัวเข่า น้ำท่วมมาแล้วน้อยกว่า 1 สัปดาห์,https://storage.googleapis.com/traffy_public_bucket/attachment/2026-09/2a3651300df1ce13c63b41c168cfeb03.jpeg
2026-MLE8UB,inprogress,2026-09-28 18:26,2026-09-29 09:31,100.58226,13.74853,ห้วยขวาง,บางกะปิ,น้ำยังท่วมอยู่ ความสูงระดับหน้าแข้ง น้ำท่วมมาแล้วน้อยกว่า 1 สัปดาห์,https://storage.googleapis.com/traffy_public_bucket/attachment/2026-09/ebf44d037b9f9cf1e7c0790e61637a3e.jpeg
2026-XU6DA4,inprogress,2026-09-28 18:26,2026-09-28 18:33,100.70785,13.69783,ประเวศ,ประเวศ,เมื่อไหร่น้ำจะลดลงสามสี่วันแล้วนะไม่ลงสักทีจะรอให้ถึงกี่วันน้ำถึงจะลดลงค่ะตรงด้านนอกด้านอื่นเค้าก็ลดลงกันบ้างแล้วมีวิธีการให้น้ำออกไปบ้างไหมให้มันลดลงมากกว่านี้จะได้เดินออกได้บ้าง ความสูงระดับ60-70 ซม. น้ำท่วมมาแล้ว4-5 วันแล้ว เครื่องใช้ไฟฟ้าพังหมดแล้ว,https://storage.googleapis.com/traffy_public_bucket/attachment/2026-09/9ce27cfc1208765b9448ff6ea5fc6b9b.jpeg
2026-Y2RFK6,inprogress,2026-09-28 18:26,2026-09-30 10:05,100.61862,13.94535,ดอนเมือง,สนามบิน,ซอยวิภาวดีรังสิต84 น้ำท่วมขัง น้ำเริ่มสูงขึ้นเรื่อยๆแล้วค่ะ อยากได้กระสอบทราย ประมาณหน้าแข้งแล้วค่ะ อาจจะยังไม่ได้ท่วมสูงมาก เข้าใจค่ะว่ามีหลายที่เดือดร้อนกว่า ขอแค่กระสอบทรายก็ยังดีค่ะ 2วันค่ะ,https://storage.googleapis.com/traffy_public_bucket/attachment/2026-09/78cf23e179d176225bdc07cb1259e61a.jpeg
2026-3MDDTT,inprogress,2026-09-28 18:27,2026-09-29 08:46,100.82494,13.80194,หนองจอก,ลำผักชี,ซอยสุวินทวงศ์ 52 ฝนไม่ตก แต่น้ำเพิ่มขึ้นเรื่อยๆ ตอนนี้ในซอย ลึกสุดอยุ่ที่ประมาณ 70 ซม แล้วครับ ไม่ทราบว่าจะต้องใช้เวลาระบายน้ำยังไง กี่วัน ความสูงระดับเอว 3 วัน ครับ,https://storage.googleapis.com/traffy_public_bucket/attachment/2026-09/3aaa23b2f4628790c3fc5ad96bd55cbd.jpeg
2026-4L7LZ4,finish,2026-09-28 18:27,2026-10-05 13:51,100.64757,13.76043,บางกะปิ,หัวหมาก,น้ำท่วมน้ำขังไม่สามารถออกไปซื้อของได้ น้ำไม่ลด มีน้ำเพิ่มขึ้นตลอด น้ำครึ่งแข้ง คลองโต๊ะยอน้ำไม่ลดเลย ความสูงระดับหน้าแข้ง น้ำท่วมมาแล้ว3วัน,https://storage.googleapis.com/traffy_public_bucket/attachment/2026-09/fa9d95ad0c3754cd8b1b1bb7d62bcc6e.jpeg
2026-AYX4XX,finish,2026-09-28 18:27,2026-10-05 13:53,100.64745,13.76041,บางกะปิ,หัวหมาก,น้ำไม่ลดเลย รถเล็กสัญจรไม่ได้ อยู่ใกล้คลองโต๊ะยอ น้ำไม่มีการระบายออกเลย ไม่สามารถเดินออกไปซื้อของข้างนอกได้ น้ำในบ้านครึ่งแข้งแล้ว ความสูงระดับหน้าแข้ง 3 วันแล้ว,https://storage.googleapis.com/traffy_public_bucket/attachment/2026-09/07ff1bbe43d5fb5b4deac01b784d4228.jpeg
2026-K82DV2,inprogress,2026-09-28 18:27,2026-09-28 18:34,100.67221,13.75688,สะพานสูง,สะพานสูง,น้ำท่วมในพื้นที่และตัวบ้าน ไม่มีหน่วยงานเข้ามาให้การช่วยเหลือ บริษัทสัมมากรอ้างว่าสูบน้ำไม่ได้ กทม.ไม่ให้สูบออกนอกพื้นที่ สก.สส.เขตสะพานสูงไม่มีเข้ามาดูแล ให้หมู่บ้านรับน้ำแต่ไม่มีมาดูแล น้ำหน้าถนนรามคำแหงแห้งมาก ความสูงระดับ50ซม. น้ำท่วมมาแล้ว3วัน,https://storage.googleapis.com/traffy_public_bucket/attachment/2026-09/768e4fa4b56d8a2862f820371181ca0c.jpeg
2026-KTMJPF,finish,2026-09-28 18:27,2026-09-28 19:17,100.7228,13.84681,คลองสามวา,บางชัน,น้ำท่วมขังสูง (50 ซม.) มีผู้สูงอายุ (80ปี) ไม่สามารถออกจากที่พักได้ ขณะนี้น้ำเปลี่ยนเป็นสีเข้มแล้ว ต้องการให้ช่วยรีบระบายน้ำโดยด่วน ความสูงระดับหัวเข่า น้ำท่วมมาแล้ว4 วัน (ตั้งแต่เย็นวันศุกร์ที่ 25 กย.),https://storage.googleapis.com/traffy_public_bucket/attachment/2026-09/f03406787135f081b9f1040bf71e0a77.jpeg
2026-M7VWVJ,inprogress,2026-09-28 18:27,2026-09-28 18:32,100.70439,13.69447,ประเวศ,ดอกไม้,น้ำยังไม่ลดเลยค่ะ พรุ่งนี้ต้องไปทำงานแล้ว ความสูงระดับหน้าแข้ง น้ำท่วมมาแล้วน้อยกว่า 1 สัปดาห์,https://storage.googleapis.com/traffy_public_bucket/attachment/2026-09/f292925a304fd3136d5eda3c6bf56102.jpeg
2026-NF7GBV,forward,2026-09-28 18:27,2026-09-30 14:51,100.6197,13.94706,ดอนเมือง,สนามบิน,น้ำท่วม หมู่บ้านพระพง2คับ ความสูงระดับ40 cm น้ำท่วมมาแล้วตั้งแต่ 3 วันแล้ว,https://storage.googleapis.com/traffy_public_bucket/attachment/2026-09/c9f39dbc94a041b2254785083e961dea.jpeg
2026-47P487,inprogress,2026-09-28 18:28,2026-09-29 09:30,100.57469,13.76985,ห้วยขวาง,ห้วยขวาง,น้ำท่วมสูง แต่รอบนอกหมู่บ้านแห้งแล้ว ความสูงระดับ80-90 CM ครัง น้ำท่วมมาแล้วครับ*,https://storage.googleapis.com/traffy_public_bucket/attachment/2026-09/da119f154103336e95e97324b225fd81.jpeg
2026-WJFJTT,inprogress,2026-09-28 18:28,2026-09-28 19:50,100.63877,13.76976,บางกะปิ,คลองจั่น,รับน้ำจากถนนใหญ่ ความสูงระดับหน้าแข้ง น้ำท่วมมาแล้วมากกว่า 1 สัปดาห์,https://storage.googleapis.com/traffy_public_bucket/attachment/2026-09/9707417ab397035ef70be7dc02aa6eff.jpeg
2026-WUCYDF,inprogress,2026-09-28 18:28,2026-09-28 20:20,100.64272,13.75803,บางกะปิ,หัวหมาก,ปัญหา: ภายในเอ็มดี โรส อพาร์ทเมนท์ (MD Rose Apartment) เลขที่ 40 ห้องเลขที่ 502 ชั้นที่ 5 เนื่องจากประสบเหตุอุทกภัย ไม่สามารถเดินทางออกจากพื้นที่ได้ จึงมีความประสงค์ขอรับความช่วยเหลือเครื่องอุปโภคบริโภค ได้แก่ ข้าวสาร อาหารแห้ง หรืออาหารกล่อง บ้านเลขที่: ,https://storage.googleapis.com/traffy_public_bucket/attachment/2022-12/da2125e781282589d482070c3dba1726aa16a4a7.jpg
2026-DFZUE7,inprogress,2026-09-28 18:29,2026-09-28 19:52,100.66581,13.76948,บางกะปิ,หัวหมาก,เนื่องจากซอยรามคำแหง78 น้ำท่วมขัง ระดับ 40 - 60 ไม่มีการระบายออก เพราะติดปัญหาเรื่อง ปรับปรุงผิวถนนในซอยและวางท่อระบายน้ำใหม่ ทำให้ ดิน ทราย ปูน เข้าไปอุดในท่อระบาย อยากให้ทางเขตบางกะปิ นำเครื่องสูบน้ำ หรือรถสูบน้ำ ช่วยสูบออก ด้วยครับ หมู่บ้านเดชา 2 คว,https://storage.googleapis.com/traffy_public_bucket/attachment/2026-09/b3fef516c27a0e284d26e4009f1037bf.jpeg
2026-MDFYHE,forward,2026-09-28 18:29,2026-09-29 21:53,100.67374,13.89595,สายไหม,ออเงิน,หมู่บ้านตะวันนาซอยจตุโชติ 12 พบน้ำท่วมขังมาหลายวันแล้วไม่ลดลง ความสูงระดับหน้าแข้ง น้ำท่วมมาแล้วน้อยกว่า 1 สัปดาห์,https://storage.googleapis.com/traffy_public_bucket/attachment/2026-09/9aaa1c4e84cd7861ff759dfecadef4fe.jpeg
2026-LX4RP9,forward,2026-09-28 18:30,2026-09-28 19:55,100.61968,13.76151,บางกะปิ,หัวหมาก,ยังมีน้ำท่วมขังบริเวณซอยรามคำแหง53 แบะถนนรามคำแหง ความสูงระดับหัวเข่า น้ำท่วมมาแล้วน้อยกว่า 1 สัปดาห์,https://storage.googleapis.com/traffy_public_bucket/attachment/2026-09/24f8b17a6027929018238be4aacc4095.jpeg
2026-YJWLJ2,inprogress,2026-09-28 18:30,2026-09-28 18:50,100.65191,13.73368,สวนหลวง,สวนหลวง,พัฒนาการ53ซอย5น้ำท่วมซอยระดับน้ำไม่ลดเลยเดือดร้อนในการเข้าออกและพืชทีปลูกจมน้ำนานมาก รบกวนส่งเจ้าหน้าที่มาดูดน้ำออกด้วยค่ะ ความสูงระดับประมาณถึงก้นพี่ที่เข้าถ่ายคลิปค่ะ น้ำท่วมมาแล้วประมาณ3-4วันค่ะ,https://storage.googleapis.com/traffy_public_bucket/attachment/2026-09/thumb_f840ff9272c310ef6e1e4b0c1f2611b2.jpg
2026-J6LTX2,inprogress,2026-09-28 18:31,2026-09-29 10:04,100.77389,13.80573,มีนบุรี,แสนแสบ,โรงงานปล่อยน้ำระบายลงในถนนหน้าบ้าน เดือดร้อนมากเนื่องจากทำให้น้ำท่วมเพิ่ม เจ้าของโรงงานบอกว่าระบายลงที่ต่ำ ความสูงระดับจากตาจากตาตุ่ม จะเกือบเข่าแล้วค่ะ น้ำท่วมมาแล้วน้อยกว่า 3 ชั่วโมง,https://storage.googleapis.com/traffy_public_bucket/attachment/2026-09/thumb_d105e1055aa3ae71ee23a97a52e74663.jpg
2026-JJP8FZ,inprogress,2026-09-28 18:31,2026-09-28 20:52,100.66226,13.7531,บางกะปิ,หัวหมาก,ปัญหา: ภายในซอยดังกล่าว หมู่บ้าน ทาวน์ อเวนิว บ้านเลขที 22 / 125 มีความประสงค์ขอรับการสนับสนุนเครื่องอุปโภคบริโภค จึงขอให้เจ้าหน้าที่ให้ความช่วยเหลือ บ้านเลขที่: 22 / 125 หมู่บ้าน: ทาวน์ อเวนิว ซอย: กรุงเทพกรีฑา 7 แยก 4 ถนน: กรุงเทพกรีฑา จุดสังเกต: ปาก,https://storage.googleapis.com/traffy_public_bucket/attachment/2022-12/da2125e781282589d482070c3dba1726aa16a4a7.jpg
2026-KFG3JW,inprogress,2026-09-28 18:32,2026-09-28 20:49,100.63177,13.77435,บางกะปิ,คลองจั่น,น้ำท่วมบ้าน ความสูงระดับหัวเข่า น้ำท่วมมาแล้วน้อยกว่า 1 สัปดาห์,https://storage.googleapis.com/traffy_public_bucket/attachment/2026-09/0c0480243b6bdbebecc713f6fc389f8d.jpeg
2026-NK28LY,finish,2026-09-28 18:32,2026-10-02 09:52,100.66225,13.75305,บางกะปิ,หัวหมาก,ปัญหา: ภายในซอยดังกล่าว หมู่บ้านทาวน์ อเวนิว บ้านเลขที 22 / 125 พบมีน้ำท่วมขังและไหลเข้าบ้านเรือนผู้ร้องขอกระสอบทรายเพื่อป้องกันน้ำจึงขอให้เจ้าหน้าที่ที่เกี่ยวข้องตรวจสอบและดำเนินการ บ้านเลขที่: 22 / 125 หมู่บ้าน: ทาวน์ อเวนิว ซอย: กรุงเทพกรีฑา 7 แยก 4 ถน,https://storage.googleapis.com/traffy_public_bucket/attachment/2022-12/da2125e781282589d482070c3dba1726aa16a4a7.jpg
2026-FKN696,inprogress,2026-09-28 18:33,2026-09-28 19:01,100.77092,13.85561,คลองสามวา,ทรายกองดินใต้,ฝนไม่ตกแต่น้ำยังสูงเท่าเดิม ความสูงระดับหัวเข่า น้ำท่วมมาแล้วน้อยกว่า 1 วัน,https://storage.googleapis.com/traffy_public_bucket/attachment/2026-09/6608a06c37b9b272d14c81fb2e77c54e.jpeg
2026-3ADTVL,finish,2026-09-28 18:34,2026-10-05 13:58,100.62456,13.75064,บางกะปิ,หัวหมาก,น้ำไม่ลดลงเลยคะ เริ่มเน่า ข้างบ้าน ก็ออกไปไหนไม่ได้ เสรี 1 รามคำแหงแยก22 ซอย13 คะ ความสูงระดับหน้าแข้ง น้ำท่วมมาแล้วน้อยกว่า 1 วัน,https://storage.googleapis.com/traffy_public_bucket/attachment/2026-09/d50ff74a33375c231440a9e9232eac7d.jpeg
2026-2ZFURT,finish,2026-09-28 18:35,2026-09-28 19:05,100.62061,13.79652,วังทองหลาง,คลองเจ้าคุณสิงห์,บ้านอยู่ลาดพร้าว 87 แยก 18 น้ำเริ่มลดระดับ แต่บ้านอยู่ต่ำกว่าถนนหลัก ต้องการกระสอบทราย เพื่อกั้นน้ำเข้าบ้าน ขอทราบจุดรับกระสอบทรายหรือขอให้เจ้าหน้าที่นำมาส่งได้ไหมครับ #ขอกระสอบทราย/อื่นๆ,https://storage.googleapis.com/traffy_public_bucket/attachment/2026-09/1ae83f6a6ea2d2edd7e8796e2f1c84ba.jpeg
2026-G2DELF,finish,2026-09-28 18:35,2026-10-05 13:21,100.61555,13.75763,บางกะปิ,หัวหมาก,น้ำท่วม ถนนรามคำแหงตั้งแต่ราม21-ราม39 ในซอยรามคำแหง39ถึงช่วงบริเวณวัดเทพลีลา ระดับน้ำไม่ลดลงเลยแต่เมื่อข้ามสะพานข้ามคลองไปพบว่าด้านในซอยน้ำแห้งหมดแล้วค่ะ มีแนวทางในการระบายน้ำด้านหน้าบ้างไหมคะ ความสูงระดับถนนรามคำแหงก่อนเลี้ยวเข้าซอยก็ประมาณเข่า รถเล็กผ่,https://storage.googleapis.com/traffy_public_bucket/attachment/2026-09/03ac8e96e1ca252af7962880e044d553.jpeg
2026-RT3X87,forward,2026-09-28 18:35,2026-09-29 21:53,100.62318,13.8874,สายไหม,คลองถนน,น้ำท่วมขังในซอย ไม่มีทางระบายเลยค่ะ และพบ ปลิง กับงู จำนวนนึงในน้ำ ไม่สามารถออกไปใช้ชีวิตได้ รถมอไซเข้าออกไม่ได้ค่ะ ช่วยมาตรวจหน่อยนะคะ ความสูงระดับในซอยสูงไม่เท่ากันค่ะ มีตั้งแต่ข้อเท้าจนถึงเข่าค่ะ น้ำท่วมมาแล้วตั้งแต่วันศุกร์จนวันนี่ระดับน้ำเท่าเดิมค่ะ,https://storage.googleapis.com/traffy_public_bucket/attachment/2026-09/79dfdf4fa6804ed55eb0b8b3e8b7524f.jpeg
2026-WNN3XH,inprogress,2026-09-28 18:35,2026-09-28 18:55,100.67491,13.72273,ประเวศ,ประเวศ,บ้านเลขที่ 81 ซ.อ่อนนุชแยก 2-5 น้ำท่วมจนถึงบันไดบ้าน รถเข้า-ออกไม่ได้ ขอความช่วยเหลือเรื่องเสบียงอาหารครับ หมดแล้วครับ ความสูงระดับหัวเข่า น้ำท่วมมาแล้วน้อยกว่า 1 สัปดาห์,https://storage.googleapis.com/traffy_public_bucket/attachment/2026-09/8c60e29a12ea6aac4c51f827cdba375c.jpeg
2026-XRDHGY,forward,2026-09-28 18:35,2026-09-28 20:50,100.49778,13.74017,พระนคร,วังบูรพาภิรมย์,คือเหมือนพื้นมีน้ำซึมขึ้นมาจากที่แม่น้ำเจ้าพระยาสูง ความสูงระดับเป็นพื้นบริเวณสะพานพุทธฯ น้ำท่วมมาแล้วน้ำมันซึมขึ้นมาตามพื้นครับ,https://storage.googleapis.com/traffy_public_bucket/attachment/2026-09/thumb_a84f19355de9a43b915a58c10397d4c9.jpg
2026-PXG8J4,inprogress,2026-09-28 18:36,2026-09-28 18:43,100.67237,13.75756,สะพานสูง,สะพานสูง,น้ำท่วมขังในหมู่บ้านสัมมากร หรือถนนรามคำแหง 112 และ 110 แม้ถนนเมนหลักหน้าหมู่บ้านจะน้ำลดแล้ว แต่ภายในหมู่บ้านน้ำท่วมสูง และไม่ทราบแผนการรอระบายน้ำใดๆเลย อยากให้ช่วยประสานงานและดำเนินการให้หน่อยค่ะว่า - โซนนี้ตกหล่นหรือไม่ - มีแผนช่วยลดน้ำขังในบริเวณวันไหน,https://storage.googleapis.com/traffy_public_bucket/attachment/2026-09/thumb_30f655a538c1c23c97e5b36a6f33a0af.jpg
2026-3XV7RY,inprogress,2026-09-28 18:37,2026-09-28 19:51,100.66022,13.7655,บางกะปิ,หัวหมาก,ปัญหา: ภายในซอยแยกย่อยดังกล่าว พบน้ำท่วมขัง ระดับน้ำสูงประมาณ 60 - 70 เซนติเมตร ผู้ร้องมีความประสงค์ขอรับการสนับสนุนอาหารฮาลาลและน้ำดื่มสำหรับผู้ที่นับถือศาสนาอิสลาม จำนวน 100 ราย ซอย: รามคำแหง 68 แยก 1-5 ถนน: รามคำแหง จุดสังเกต: เข้าซอยรามคำแหง 68 ไปประ,https://storage.googleapis.com/traffy_public_bucket/attachment/2022-12/da2125e781282589d482070c3dba1726aa16a4a7.jpg
2026-8UFFB4,finish,2026-09-28 18:38,2026-10-01 00:14,100.61878,13.7875,วังทองหลาง,คลองเจ้าคุณสิงห์,น้ำท่วมขัง ตั่งแต่วันที่ 25 กันยายน ตอนนี้เริ่มส่งกลิ่นน้ำออกมาแล้วครับ ความสูงระดับ4 เซนติเมตร ภายในบ้านครับ น้ำท่วมมาแล้วตั้งแต่วันศุกร์ครับ,https://storage.googleapis.com/traffy_public_bucket/attachment/2026-09/28766d1a95964b7e3c8b93159fc37ec9.jpeg
2026-8XUUV9,inprogress,2026-09-28 18:38,2026-09-28 20:08,100.67854,13.86797,บางเขน,ท่าแร้ง,มีน้ำท่วมขังสูงบริเวณทางโค้งช่วงบริเวณหมู่บ้านชัยพฤกษ์ วงแหวน-รามอินทรา ระยะทางประมาน 300-400 เมตร ทำให้รถเล็กไม่สามารถผ่านได้ ความสูงระดับหัวเข่า น้ำท่วมมาแล้วน้อยกว่า 1 สัปดาห์,https://storage.googleapis.com/traffy_public_bucket/attachment/2026-09/824d960e2aabc60201ac0363ce73078c.jpeg
2026-RHN9JJ,inprogress,2026-09-28 18:38,2026-09-29 10:05,100.71819,13.79197,มีนบุรี,มีนบุรี,ซอยรามคำแหง 174 น้ำเมื่อไหร่จะลด ครับผม ไม่เห็นมีเครื่องสูบน้ำเบย ครับ ความสูงระดับหน้าแข้ง น้ำท่วมมาแล้วน้อยกว่า 1 สัปดาห์,https://storage.googleapis.com/traffy_public_bucket/attachment/2026-09/f0c533b9304e900031c9250cf28c4ef9.jpeg
2026-V8BGCT,inprogress,2026-09-28 18:38,2026-09-28 21:14,100.65671,13.7873,บึงกุ่ม,คลองกุ่ม,ปัญหา: ภายในหมู่บ้านดังกล่าว พบมีน้ำท่วมขังในระดับสูง ส่งผลให้ประชาชนไม่สามารถออกไปซื้ออาหารได้ จึงต้องการขอรับความช่วยเหลือด้านอาหาร เพื่อบรรเทาความเดือดร้อนจากสถานการณ์ดังกล่าวโดยเร็วที่สุด หมู่บ้าน: ศรีนคร ซอย: นวมินทร์ 24 (ซอยอุเทน 17/2) ถนน: นวมินทร์,https://storage.googleapis.com/traffy_public_bucket/attachment/2022-12/da2125e781282589d482070c3dba1726aa16a4a7.jpg
2026-JKGZBE,finish,2026-09-28 18:39,2026-09-30 17:19,100.6095,13.89403,บางเขน,อนุสาวรีย์,แจ้งน้ำท่วมขังเลยหัวเข่า หลังศาลเจ้ากรุงสยาม ยังไม่มีหน่วยงานเข้ามาเลย รถยนต์เข้าไม่ได้ หลังศาลเจ้ามีคนแก่ ผู้ป่วยติดเตียง และเด็กเล็กเยอะ ตามหอพักและอพาร์ทเม้น บ้างห้องไม่สามารถออกไปซื้อาหารเองได้ (และช่วงนี้เริ่มมีปลองเยอะ) ความสูงระดับหัวเข่า น้ำท่วมมา,https://storage.googleapis.com/traffy_public_bucket/attachment/2026-09/efb14f8b675b9cfa7a38a72512b70ff6.jpeg
2026-2K99U8,finish,2026-09-28 18:40,2026-09-29 12:41,100.6249,13.78687,วังทองหลาง,คลองเจ้าคุณสิงห์,น้ำท่วมต้องการอาหารและน้ำ ความสูงระดับสูงกว่าหัวเข่านิดนึง น้ำท่วมมาแล้ว4 วันแล้ว,https://storage.googleapis.com/traffy_public_bucket/attachment/2026-09/87af0817818cee943275763b8872b14b.jpeg
2026-6LWLVG,finish,2026-09-28 18:40,2026-09-29 19:01,100.62756,13.93287,สายไหม,สายไหม,ขอหนังสือรับรองผู้ประสบภัย #ขอกระสอบทราย/อื่นๆ,https://storage.googleapis.com/traffy_public_bucket/attachment/2026-09/f700d3e40e8c54ee1b2fc1f79cf82156.jpeg
2026-JHG6N2,finish,2026-09-28 18:40,2026-09-28 20:06,100.63394,13.88352,บางเขน,ท่าแร้ง,ป้องค่ะ กันน้ำท่วมอยากมาค่ะตอนนี้ #ขอกระสอบทราย/อื่นๆ,https://storage.googleapis.com/traffy_public_bucket/attachment/2026-09/27e0287fc8da80330356741a0693a8bf.jpeg
2026-K9A729,inprogress,2026-09-28 18:40,2026-09-28 18:50,100.62349,13.70622,สวนหลวง,สวนหลวง,น้ำท่วม ระดับน้ำไม่ลดลงมาใากกว่า7ชั่วโมงแล้ว ความสูงระดับข้อเท้า น้ำท่วมมาแล้วน้อยกว่า 1 วัน,https://storage.googleapis.com/traffy_public_bucket/attachment/2026-09/0850c0097b30371c3684d8581f45c780.jpeg
2026-BLB3BF,forward,2026-09-28 18:41,2026-09-29 21:52,100.62945,13.90418,สายไหม,คลองถนน,น้ำท่วมขังมาสามวันแล้วยังไม่ลดเลยค่ะ ความสูงระดับหัวเข่า น้ำท่วมมาแล้วน้อยกว่า 1 สัปดาห์,https://storage.googleapis.com/traffy_public_bucket/attachment/2026-09/4f16c6b3c663eded2f9787b2ade0a9c5.jpeg
2026-3HDEAE,inprogress,2026-09-28 18:42,2026-09-28 18:46,100.70528,13.77908,สะพานสูง,สะพานสูง,ปัญหา: ภายในซอยราษฎร์พัฒนา 10 บ้านเลขที่ 43 เนื่องจากเกิดเหตุอุทกภัย จึงมีความประสงค์ขอรับความช่วยเหลือด้านอาหารและน้ำดื่ม ถนน: ราษฎร์พัฒนา จุดสังเกต: บ้านหลังสีฟ้า ด้านซ้ายมือ เขต: สะพานสูง #1555,https://storage.googleapis.com/traffy_public_bucket/attachment/2022-12/da2125e781282589d482070c3dba1726aa16a4a7.jpg
2026-WHDZAC,inprogress,2026-09-28 18:42,2026-09-29 10:05,100.71526,13.82075,มีนบุรี,มีนบุรี,น้ำท่วมบ้านเลขที่ 88/99 ตั้งแต่วันศุกร์ ที่ 25/9/69 จนถึงปัจจุบัน โดยท่วมเข้ามาบริเวณในโรงจอดรถ และข้างน้ำยังค่อยข้างสูงทำให้ไม่สามารถออกไปทำงานได้ ความสูงระดับหัวเข่า น้ำท่วมมาแล้วน้อยกว่า 1 สัปดาห์,https://storage.googleapis.com/traffy_public_bucket/attachment/2026-09/f7ad40e91ac4fb4e2e0cd90d4e92c1ef.jpeg
2026-RULA9R,inprogress,2026-09-28 18:45,2026-09-28 21:00,100.65643,13.78477,บึงกุ่ม,คลองกุ่ม,ปัญหา: บ้านเลขที่ 241 เนื่องจากเหตุอุทกภัย ทำให้ไม่มีไฟฟ้าและอาหาร เป็นเวลา 2 วันแล้ว สร้างความเดือดร้อนเป็นอย่างมาก ต้องการความช่วยเหลือขอรับเครื่องอุปโภคบริโภค ผู้สูงอายุ (เพศชาย) อายุ 58 ปี จำนวน 1 ท่าน ผู้สูงอายุ (เพศหญิง) อายุ 69 ปี จำนวน 1 ท่าน ซอย,https://storage.googleapis.com/traffy_public_bucket/attachment/2022-12/da2125e781282589d482070c3dba1726aa16a4a7.jpg
2026-BCN4D8,inprogress,2026-09-28 18:46,2026-09-28 19:00,100.68937,13.86664,คลองสามวา,สามวาตะวันตก,ทางหมู่บ้านได้ทำการสูบน้ำที่ท่วมขังออกมาบนผิวถนนด้านนอกทำให้การจราจรด้านนอกเป็นไปค่อนข้างลำบากจากระดับน้ำที่สูงอยู่แล้วก็สูงขึ้นไปอีกทำให้รถมอเตอร์ไซค์รถเล็กวิ่งผ่านไม่ได้ค่ะลำบากมาก ความสูงระดับประมาณหัวเข่า น้ำท่วมมาแล้ว3วัน รวมวันนี้,https://storage.googleapis.com/traffy_public_bucket/attachment/2026-09/e78a93ebc4093ed9f4d3f61a590f33d4.jpeg
2026-AFD44L,inprogress,2026-09-28 18:47,2026-09-29 10:06,100.73492,13.77553,มีนบุรี,มีนบุรี,น้ำท่วมขัง ทางถูกขวาง ความสูงระดับเอว น้ำท่วมมาแล้วน้อยกว่า 1 สัปดาห์,https://storage.googleapis.com/traffy_public_bucket/attachment/2026-09/72ee150c6e51bb97338e809b4ed34c4f.jpeg
2026-ANR4L7,finish,2026-09-28 18:48,2026-09-28 19:11,100.62527,13.78693,วังทองหลาง,คลองเจ้าคุณสิงห์,ขอกระสอบทรายเนื่องจากน้ำท่วมบ้าน #ขอกระสอบทราย/อื่นๆ,https://storage.googleapis.com/traffy_public_bucket/attachment/2026-09/2d8f3d470397c1ed72b87546867b1438.jpeg
2026-BHJCGG,inprogress,2026-09-28 18:48,2026-09-28 18:59,100.69274,13.77613,สะพานสูง,สะพานสูง,หมู่บ้านโฮมเพลสซอยรามคำแหง 140 น้ำท่วมในหมู่บ้าน เดินทางออกไปไหนไม่ได้ อยากให้ช่วยมาสูบน้ำออก ความสูงระดับเอว น้ำท่วมมาแล้วน้อยกว่า 1 สัปดาห์,https://storage.googleapis.com/traffy_public_bucket/attachment/2026-09/309fe476eee02635e402fdbc1a5e8b92.jpeg
2026-KXHP4W,inprogress,2026-09-28 18:48,2026-10-05 13:00,100.60629,13.87521,บางเขน,อนุสาวรีย์,ขออาหารและยาสามัญเบื้องต้นเพราะน้ำท่วมในชุมชนยังสูงอยู่ ไม่สามารถเข้าออกได้ง่าย ทำให้คนในชุมชนขาดแคลนและไม่สะดวกในการจัดหาเอง #ขอกระสอบทราย/อื่นๆ,https://storage.googleapis.com/traffy_public_bucket/attachment/2026-09/bd51f57108211f2629d1bb550f6ba54f.jpeg
2026-F8CCME,inprogress,2026-09-28 18:49,2026-09-28 18:59,100.68364,13.77571,สะพานสูง,สะพานสูง,น้ำยังท่วมซอยรามคำแหง 118 ไม่มีลดเลย เจ้าหน้าที่แก้ไขที่ปลายเหตุมากๆไม่มีการแจ้งว่ามีแผนการระบายน้ำยังไง ข้าวกับน้ำในบ้านก็จะหมดแล้ว ลุยน้ำออกไปก็คันมากๆๆๆ ทำไมปล่อยปละละเยประชาชนแบบนี้ จะตายกันหมดแล้ว ความสูงระดับ50 cm ค่ะ น้ำท่วมมาแล้วตั้งแต่วันศุกร์แล้,https://storage.googleapis.com/traffy_public_bucket/attachment/2026-09/405d08d5593728ba61f5531dc60ace8d.jpeg
2026-GJBH2Y,finish,2026-09-28 18:49,2026-09-29 12:37,100.62165,13.78397,วังทองหลาง,คลองเจ้าคุณสิงห์,ขอรับการสนับสนุนข้าวกล่องอาหารแห้งน้ำดื่มให้กับคนในซอยหมู่บ้านโชคชัยแสนสุขอยู่ซอยอยู่ตรงข้ามธนิยาเพลส ซึ่งบ้านเรือนในซอยนี้ได้รับผลกระทบน้ำท่วมเข้าบ้านเกือบทุกหลังระดับน้ำสูงถึงเข่าไม่สามารถสัญจรไปมาได้ด้วยรถ และทราบมาว่ามีหน่วยงานเข้ามาแจกอาหารข้าวกล่องบ,https://storage.googleapis.com/traffy_public_bucket/attachment/2026-09/f4896d211123602b1bc9c5d14da7d245.jpeg
2026-UL4ENN,forward,2026-09-28 18:49,2026-10-05 16:51,100.69509,13.86683,คลองสามวา,สามวาตะวันตก,เคซีรามอินทรา 5 พระยาสุเรนทร์ 40 น้ำท่วมตั้งแต่วันเสาร์ที่ 26 กย. จนถึงวันนี้วันที่ 28 กย. ระดับน้ำสูง 60-70 ซม. ไม่มีหน่วยงานไหนมาช่วยเลย 60-70 ซม. น้ำท่วมมาแล้วน้อยกว่า 1 สัปดาห์,https://storage.googleapis.com/traffy_public_bucket/attachment/2026-09/550af41f5ebdccbb49849b3f897192ba.jpeg
2026-P7G8ZY,inprogress,2026-09-28 18:50,2026-09-29 16:52,100.60557,13.89414,บางเขน,อนุสาวรีย์,น้ำท่วมตลอดเส้นทางพหลโยธิน 50-70 ความสูงระดับปากทางเลยเอว อีกค่ะ น้ำท่วมมาแล้วตั้งแต่คืนวันศุกร์ค่ะ,https://storage.googleapis.com/traffy_public_bucket/attachment/2026-09/47ee86cec9a9cbd0762f7115b1d6e0bf.jpeg
2026-8GTGKL,finish,2026-09-28 18:51,2026-10-02 09:56,100.62031,13.89807,สายไหม,คลองถนน,น้ำในซอยเพิ่มสิน 16 หมู่บ้านดอนเมืองวิลล่า 2 ช่วงท้ายซอยระดับน้ำประมาณ 50 ซม. มา 3 วันแล้วค่ะ หลังหมู่บ้านมีบ่อบำบัดน้ำทิ้ง เลยไม่มีทีท่าว่าน้ำจะลด และไม่มีหน่วยงานไหนเข้ามาเลยตั้งแต่วันแรก ในชุมชนมีเด็กและคนแก่ ออกไปไหนไม่ได้เยอะมาก บางบ้านน้ำเข้าบ้าน ,https://storage.googleapis.com/traffy_public_bucket/attachment/2026-09/95a29508b8083b03761cfd3a103cc08f.jpeg
2026-KTLPEV,finish,2026-09-28 18:52,2026-10-01 11:01,100.61036,13.70297,พระโขนง,บางจาก,ในซอยน้ำท่วม ท่วมมาเข้าวันที่สี่แล้วค่ะ ซอยเพิ่งมีห้าสุขุมวิท 93 บางจากพระโขนง ความสูงระดับประมาณ 15 เซนติเมตรค่ะ น้ำท่วมมาแล้วซอย 6 สามแล้วบ่ครับตั้งแต่วันศุกร์ตอนเย็นค่ะ ประมาณสี่วันแล้วค่ะ,https://storage.googleapis.com/traffy_public_bucket/attachment/2026-09/7737e19ea4ddffd1d7a2c58a4a659b90.jpeg
2026-XTGV3N,inprogress,2026-09-28 18:52,2026-09-28 19:00,100.69151,13.78051,สะพานสูง,สะพานสูง,ซอย รามคำแหง 140 หมู่บ้านโฮมเพลส น้ำท่วมขังในถนนหมู่บ้านประมาณ 40 cm ลูกบ้านไม่สามารถออกไปไหนได้ ติดอยู่ในบ้าน ความสูงระดับเอว น้ำท่วมมาแล้วน้อยกว่า 1 สัปดาห์,https://storage.googleapis.com/traffy_public_bucket/attachment/2026-09/678ebdc6c6c1c66d4b1c93224b4aa43c.jpeg
2026-BXLZ8N,finish,2026-09-28 18:53,2026-09-29 08:20,100.6914,13.80171,คันนายาว,คันนายาว,น้ำท่วมเข้าบ้านชั้นที่หนึ่ง จนข้างของ furniture ทั้งในและนอกบ้าน เครื่องใช้ไฟฟ้า และ รถยนต์เสียหาย ผู้อยู่อาศัยเป็นผู้สูงอายุทั้งสองท่านวัย 75 และ 85ปี 1. ช่วยส่งหน่วยงานเข้าไปตรวจสอบความเสียหาย และออกหนังสือผู้ประสบภัยให้ด้วย 2. ขอรับกระสอบทรายและกำลั,https://storage.googleapis.com/traffy_public_bucket/attachment/2026-09/26cccd171961917eb3f7c02390185038.jpeg
2026-W28RCE,finish,2026-09-28 18:53,2026-09-28 19:54,100.60428,13.88766,บางเขน,อนุสาวรีย์,คอนโดไนท์บริจ สกาย ซิตี้ ตรงบีทีเอสสายหยุด น้ำท่วมยังไม่ลดมาหลายวันแล้ว ทางนิติฯได้ตัดไฟลูกบ้านไปตั้งแต่วันเสาร์ จนถึงวันนี้ยังไม่มีไฟฟ้า รบกวนเข้าไปช่วยดูระดับน้ำหน่อยค่ะ เพราะไม่ลดลงเลย (ตามภาพประกอบ) หน้าถนนประมาณ เข่าค่ะ (ผู้แจ้งสูง 155 ซม.) แต่ที่ในค,https://storage.googleapis.com/traffy_public_bucket/attachment/2026-09/b62c9a7e444f6ce6850fafcea9f31d6f.jpeg
2026-7AL67K,inprogress,2026-09-28 18:55,2026-09-29 10:06,100.718,13.79232,มีนบุรี,มีนบุรี,ขอเรื่องเดียวกันค่ะ แต่ระบบบอกให้แจ้งใหม่ -น้ำท่วมภายในซอยรามคำแหง 174 ตลอดทั้งซอยติดต่อกันเป็นวันที่ 3 แล้ว (26-28/9/69) ระดับน้ำไม่ลดลง -ช่วงที่พักอยู่น้ำไม่เข้าบ้าน (ประมาณ 1.2 กม จากปากซอย) แต่บนถนนท่วมระดับฟุตปาธแต่บริเวณอื่นในซอยมีระดับน้ำที่สูงก,https://storage.googleapis.com/traffy_public_bucket/attachment/2026-09/thumb_1abeb9a96b83c8556c114de694a64191.jpg
2026-RFFGYY,inprogress,2026-09-28 18:55,2026-09-28 18:57,100.68454,13.71862,ประเวศ,ประเวศ,น้ำระบายไปทางไหนไม่ได้เลยคะ ความสูงระดับเกือบเข่าค่ะ น้ำท่วมมาแล้วตั้งแต่วันเสาร์คะ,https://storage.googleapis.com/traffy_public_bucket/attachment/2026-09/65b32785d0886117f2cb0cece4de4da2.jpeg
2026-CXTWCR,inprogress,2026-09-28 18:59,2026-09-29 08:57,100.81291,13.80153,หนองจอก,ลำผักชี,น้ำท่วมสูงในหมู่บ้านโรยัลปาร์วิวล์ทางเข้าออกน้ำสูงมากรถเล็กและกลางไม่สามารถเข้าออกได้เลยตั้งแต่วันศุกร์ ความสูงระดับคนที่ออกไปได้บอกประมาณ70-80เซ็น น้ำท่วมมาแล้วเริ่มขึ้นเรื่อยๆตั้งแต่วันศุกร์,https://storage.googleapis.com/traffy_public_bucket/attachment/2026-09/852fd1f032ac59694afe3d4585bc450a.jpeg
2026-XMBNJ6,finish,2026-09-28 18:59,2026-10-01 00:02,100.62306,13.79517,วังทองหลาง,คลองเจ้าคุณสิงห์,น้ำท่วม เข้ามาในบ้านยังไม่ลด ความสูงระดับมันเข้ามาในบ้าน กลางซอยแห้งแล้ว จัดการในซอยหน่อย น้ำท่วมมาแล้วสามวัน,https://storage.googleapis.com/traffy_public_bucket/attachment/2026-09/919d4f30b7f905bc2217e3edb7553311.jpeg
2026-W9FZW2,forward,2026-09-28 19:00,2026-09-28 19:02,100.63982,13.7174,สวนหลวง,สวนหลวง,ปัญหาน้ำท่วม ผ่านมา 3 วันน้ำไม่ลดลงเลยครับ ความสูงระดับหัวเข่า น้ำท่วมมาแล้วน้อยกว่า 1 สัปดาห์,https://storage.googleapis.com/traffy_public_bucket/attachment/2026-09/thumb_cb8456390f525a0549694ea530794a7d.jpg
2026-WUUB3Y,forward,2026-09-28 19:00,2026-09-29 21:50,100.63491,13.90004,สายไหม,คลองถนน,ระดับน้ำถนนเพิ่มสินสูงเฉลี่ย 30-50 ซม รถเล็กไม่สามารถออกไปได้ทุกด้าน ช่วยเคลียร์สักเส้นทางนึงเพื่อให้รถเล็กสามารถออกได้ครับ ความสูงระดับ30-50ซม แล้วแต่ช่วงครับ น้ำท่วมมาแล้วตั้งแต่คืนวันศุกร์ครับ,https://storage.googleapis.com/traffy_public_bucket/attachment/2026-09/2adcc1e8ea8999b132378139e12c4555.jpeg
2026-YYB3PW,forward,2026-09-28 19:01,2026-09-29 21:49,100.62422,13.89162,สายไหม,คลองถนน,ทำไมซอยพหลโยธิน 52 ทั้งซอย และซอยเพิ่มสิน 20 น้ำถึงยังไม่ลดคะ น้ำท่วมเหนือเข่า และมีกลิ่นเน่าเหม็น ความสูงระดับหัวเข่า น้ำท่วมมาแล้วน้อยกว่า 1 สัปดาห์,https://storage.googleapis.com/traffy_public_bucket/attachment/2026-09/774da8518157f55f539f299abda493f2.jpeg
2026-Y3P6VD,finish,2026-09-28 19:02,2026-09-30 10:49,100.61176,13.89381,สายไหม,คลองถนน,ต้องการรองเท้าบู๊ทจำนวน 3 คู่ เพราะจะต้องเดินทางออกจากคอนโดเพื่อมาขึ้นรถไปทำงาน ตอนนี้ไม่มีรองเท้าบู๊ทที่จะเดินทางออกมาค่ะ เนื่องด้วยที่น้ำท่วมสูง และไม่ลดเลย รบกวนขอความช่วยเหลือด่วน เดือดร้อนมากค่ะ ความสูงระดับหัวเข่า 2 วันเข้าวันที่ 3 ค่ะ,https://storage.googleapis.com/traffy_public_bucket/attachment/2026-09/87f53dc193dc4cbdc321eeb3700ce05b.jpeg
2026-PXTNBH,forward,2026-09-28 19:06,2026-09-28 19:51,100.58981,13.84232,จตุจักร,เสนานิคม,เมื่อไหร่จะเปิด ขึ้นมาบนหัวเข่าค่ะ สูงอ่าพอทน แต่ น้ำเน่า,https://storage.googleapis.com/traffy_public_bucket/attachment/2026-09/08bbb13f7eea70f8d5b7d42502ebeaf9.jpeg
2026-LYYUCA,forward,2026-09-28 19:07,2026-10-05 16:53,100.77089,13.85551,คลองสามวา,ทรายกองดินใต้,น้ำไม่ลดเลย ท่วมถึงเข่า ความสูงระดับหัวเข่า น้ำท่วมมาแล้วน้อยกว่า 1 วัน,https://storage.googleapis.com/traffy_public_bucket/attachment/2026-09/e4a722a82ed20fbcf684b28619448ee0.jpeg
2026-JKXZTB,inprogress,2026-09-28 19:08,2026-09-29 08:18,100.68247,13.81311,คันนายาว,คันนายาว,"หมู่บ้านแสงอรุณ ซอยรามอินทรา 68 น้ำท่วมขังตั้งแต่ช่วงวันที่ 25 กันยายน จนถึงวันนี้น้ำลดลงนิดเดียวเองครับ มีคนที่ออกไปไหนไม่ได้อยู่เยอะครับ (ไม่มีรถ,และน้ำท่วมสูง ขับรถฝ่าไม่ไหว) ทราบมาว่าปากซอยมีเครื่องสูบน้ำแต่ได้เปิดเพราะไม่มีคำสั่ง ตอนนี้ถนนรามอินทรา",https://storage.googleapis.com/traffy_public_bucket/attachment/2026-09/2658b89ce99c9e311d6e5f89ffb7e474.jpeg
2026-9KVKG7,inprogress,2026-09-28 19:09,2026-09-29 17:13,100.63817,13.70503,สวนหลวง,สวนหลวง,น้ำท่วมมา 3 วันแล้ว รถเข้าออกไม่ได้ เมื่อไรจะสูบน้ำออกจากพื้นที่ได้ครับ ความสูงระดับประมาณ 40-50 ซม ครับ น้ำท่วมมาแล้วท่วมแบบนี้ตั้งแต่วันเสาร์แล้วครับ วันนี้ลงไปหน่อยนึงแต่ยังขับรถออกไม่ได้ ผมป๋วยเป็นไข้หวัดใหญ่ก็ยังกินยาอยู่บ้านไปหาหมอไม่ได้,https://storage.googleapis.com/traffy_public_bucket/attachment/2026-09/bf37d8850f0230cdfabfa070a1c79e87.jpeg
2026-9LNWPN,forward,2026-09-28 19:09,2026-10-05 16:51,100.7705,13.8525,คลองสามวา,ทรายกองดินใต้,เพราะน้ำไม่มีการเคลื่อนเคลื่อนผ่านเลยมีแต่เพิ่มขึ้นเพิ่มขึ้น ความสูงระดับเอว น้ำท่วมมาแล้วน้ำเป็นบึง เขื่อนกั้นแตกน้ำเข้าหากันสองฝั่งเลยท่วมขึ้นระดับสูง,https://storage.googleapis.com/traffy_public_bucket/attachment/2026-09/a6f6932e16d3d34281ac832257b98ae5.jpeg
2026-48DLKT,inprogress,2026-09-28 19:10,2026-09-29 08:17,100.67514,13.79165,คันนายาว,รามอินทรา,น้ำท่วมขัง สูง รถผ่านไม่ได้ยกเว้น 10 ล้อเท่านั้น ระดับน้ำไม่ลดลงมา 4 วันแล้ว ตั้งแต่วันศุกร์ที่ 25/09/2569 ไม่มีใครมาช่วยสูบออก และไม่มีแนวทางใดๆ ความสูงระดับเอวแล้วค่ะ น้ำท่วมมาแล้วเกิน 90 ชั่วโมงแล้ว ตั้งแต่วันศุกร์ที่ 25/09/2569 ค่ะ,https://storage.googleapis.com/traffy_public_bucket/attachment/2026-09/3df0915ee88f2f61cedcdc0342775b1f.jpeg
2026-MPZ24H,start,2026-09-28 19:10,2026-09-28 19:10,100.80966,13.71447,ลาดกระบัง,ทับยาว,น้ำท่วมโครงการพฤกษา 60 ถนนหลวงแพ่ง ความสูงระดับเอว น้ำท่วมมาแล้วน้อยกว่า 1 สัปดาห์,https://storage.googleapis.com/traffy_public_bucket/attachment/2026-09/9e6ffb9a044a5579bf97fe81a27058c5.jpeg
2026-6N7DDL,start,2026-09-28 19:11,2026-09-28 19:11,100.74533,13.76801,ลาดกระบัง,คลองสามประเวศ,ซอยร่มเกล้า 28 น้ำท่วม ในซอยมา 3 วันแล้วไม่มีทีท่าจะลดระดับลงเลย จะมีความคืบหน้าอย่างไรได้บ้างเดี๋ยวจะจัดการอะไรได้บ้าง ความสูงระดับต้นขา น้ำท่วมมาแล้ว4 วัน,https://storage.googleapis.com/traffy_public_bucket/attachment/2026-09/8c92dd79707484c077a97f9d922d00a9.jpeg
2026-UPLKUM,forward,2026-09-28 19:11,2026-10-05 16:50,100.71013,13.83982,คลองสามวา,บางชัน,น้ำท่วมมา4วันแล้วไม่มีหน่วยงานไหนเข้ามาช่วยเหลือเลย ความสูงระดับ80เซ็นติเมตร น้ำท่วมมาแล้วนาน4วัน,https://storage.googleapis.com/traffy_public_bucket/attachment/2026-09/7884e194ef70b31b44e4dc53b058be3c.jpeg
2026-NTFTBL,finish,2026-09-28 19:12,2026-09-28 19:40,100.63602,13.72918,สวนหลวง,สวนหลวง,น้ำท่วมบ้านค่ะ ซอยพัฒนาการ 50 ชุมชนคลองหัวหมาก ยังไม่มีหน่วยงานไหนมาแจกข้าวค่ะ ต้องการข้าว น้ำท่วมตั้งแต่วันศุกร์ มีคนแก่ และเด็ก ที่บ้านมี 4 คน คนแก่ 2 คน อายุ 73 และ 74 และมีโรคประจำตัว เบอร์ติดต่อ 0831974529 0814011589 ค่ะ ความสูงระดับหัวเข่า น้ำท่วมมา,https://storage.googleapis.com/traffy_public_bucket/attachment/2026-09/d1bbe620fc38a2b42438703e6b3c1557.jpeg
2026-RAUGKH,inprogress,2026-09-28 19:12,2026-09-28 20:45,100.71117,13.79925,มีนบุรี,มีนบุรี,ปัญหา: ภายในซอยดังกล่าว บริเวณพจน์พัฒนา คอนโดมิเนียม เนื่องจากเกิดเหตุอุทกภัย จึงมีความประสงค์ขอรับความช่วยเหลือด้านอาหารพร้อมบริโภค น้ำดื่ม และยาสามัญประจำบ้าน สำหรับผู้พักอาศัยจำนวน 400 ห้อง ซอย: รามคำแหง 187 ถนน: รามคำแหง เขต: มีนบุรี #1555,https://storage.googleapis.com/traffy_public_bucket/attachment/2022-12/da2125e781282589d482070c3dba1726aa16a4a7.jpg
2026-TAGZPZ,finish,2026-09-28 19:12,2026-09-30 22:28,100.58624,13.85902,หลักสี่,ตลาดบางเขน,ปัญหา: ภายในชุมชนบางบัว (เชิงสะพานไม้ 1) พบมีน้ำท่วมขังในระดับสูง ส่งผลให้ประชาชนภายในชุมชนได้รับความเดือดร้อน จึงต้องการขอรับความช่วยเหลือด้านอาหาร ถนน: พหลโยธิน เขต: หลักสี่ #1555,https://storage.googleapis.com/traffy_public_bucket/attachment/2022-12/da2125e781282589d482070c3dba1726aa16a4a7.jpg
2026-U2XHHZ,inprogress,2026-09-28 19:14,2026-09-28 19:39,100.641,13.77148,บางกะปิ,คลองจั่น,ตอนนี้น้ำท่วมขังอยู่ภายในบ้านและในซอยขยะเริ่มเน่า น้ำสูงเท่าเข่าทั้งในบ้านและ นอกบ้าน น้ำในบ้านก็เริ่มเน่ามีกลิ่นเหม็น ห้องน้ำไม่สามารถใช้งานได้ อาหารและน้ำก็ขาดแคลน มีประชาชนในนี้เดือนร้อนต้องการการการดูแลอย่างเร่งด่วนเรารอคนเข้ามาช่วยเหลือมาหลายวัน โปร,https://storage.googleapis.com/traffy_public_bucket/attachment/2026-09/8399f991b1eb26b40277e72c1d79b1c6.jpeg
2026-FLRAVX,finish,2026-09-28 19:15,2026-09-29 20:05,100.69542,13.74795,สะพานสูง,สะพานสูง,น้ำท่วมในซอย ส่วนใหญ่มีคนแก่เยอะ ไม่สะดวกออกไปรับอาหารภายนอก ถ้าสามารถเข้ามาแจกจ่ายอาหารได้จะดีมากครับ ความสูงระดับประมาณหน้าขา-เอวครับ แต่ภายในซอยลึกครับ น้ำท่วมมาแล้วน้อยกว่า 1 สัปดาห์,https://storage.googleapis.com/traffy_public_bucket/attachment/2026-09/21642a9aae274ee5046bf224fb87b498.jpeg
2026-KJB7JC,inprogress,2026-09-28 19:15,2026-09-28 19:28,100.68634,13.67598,ประเวศ,ดอกไม้,รบกวนแจ้งเรื่องการระบายน้ำเพิ่มหน่อยค่ะ ปกติน้ำจะระบายเชื่อมไปยังโครงการแก้มลิงบึงหนองบอนไหม เห็นมีรูปว่าบึงก็ไม่ได้ล้น แต่น้ำบริเวณนี้ไม่ลดมา 3 วันแล้ว ความสูงระดับหัวเข่า น้ำท่วมมาแล้วน้อยกว่า 1 สัปดาห์,https://storage.googleapis.com/traffy_public_bucket/attachment/2026-09/92fa3715b2a50f2a6826eac6319f793c.jpeg
2026-UD2Z8G,inprogress,2026-09-28 19:15,2026-09-28 19:41,100.62295,13.7418,สวนหลวง,สวนหลวง,ซอยพระรามเก้าเสรี 41 น้ำยังท่วมอยู่ ความสูงระดับหัวเข่า น้ำท่วมมาแล้วน้อยกว่า 1 สัปดาห์,https://storage.googleapis.com/traffy_public_bucket/attachment/2026-09/99df4ec4614297b3c3dc6b454817884f.jpeg
2026-8UR6F9,finish,2026-09-28 19:16,2026-10-03 19:50,100.6276,13.76431,วังทองหลาง,พลับพลา,คอนโดแฮมป์ตันเพลส น้ำท่วม ถูกตัดน้ำตัดไฟ ช่วยเหลืออะไรได้บ้าง ความสูงระดับสูงกว่าเอว น้ำท่วมมาแล้วน้อยกว่า 1 สัปดาห์,https://storage.googleapis.com/traffy_public_bucket/attachment/2026-09/bf50efa6c375cc5342d6cc9e86bfd522.jpeg
2026-X4GANY,finish,2026-09-28 19:16,2026-10-05 13:05,100.66115,13.81526,บึงกุ่ม,คลองกุ่ม,ขอทรายอเบทได้มั้ยคะ น้ำขังหลายวัน ยุงเริ่มเยอะแล้ว #ขอกระสอบทราย/อื่นๆ,https://storage.googleapis.com/traffy_public_bucket/attachment/2026-09/1e3846fb79379e8adc2840f6eba80ea8.jpeg
2026-F9XV3Y,inprogress,2026-09-28 19:17,2026-09-28 20:44,100.72271,13.78283,มีนบุรี,มีนบุรี,รามคำแหง 174 หมู่บ้านบัวขาวฝั่งใน น้ำไม่ลดลงเลยเท่าเขา แถมมีน้ำเข้าบ้าน ตอนนี้สภาพน้ำเริ่มแย่ลง สีดำ ส่งกลิ่นเหม็น อาหารก็ไม่สามารถหากินได้ เซเว่นก็ของหมด ความสูงระดับหัวเข่า น้ำท่วมมาแล้วน้อยกว่า 1 สัปดาห์,https://storage.googleapis.com/traffy_public_bucket/attachment/2026-09/5869768e7d78f3564ef91db8df5fd98f.jpeg
2026-L8DVA6,finish,2026-09-28 19:17,2026-09-30 13:48,100.60154,13.8436,ลาดพร้าว,จรเข้บัว,ลาดปลาเค้า 48กลางซอยน้ำระดับ หน้าแข้ง ลดลงช้ามากเลยครับ ที่ผฝอื่นผิวการจราจรดีหมดแล้ว หน้าแข้งอะครับ 3จะเข้าวันที่ 3,https://storage.googleapis.com/traffy_public_bucket/attachment/2026-09/9954a07b273e6ca1f4b5705182d4d498.jpeg
2026-ZGGW7E,inprogress,2026-09-28 19:17,2026-09-29 08:13,100.66327,13.84393,คันนายาว,รามอินทรา,รบกวนเข้าไปดูซอยคู้บอน 27 ด้วย ยังไม่มีใครเข้าไปดูเลยค่ะ เข่าค่ะ น้ำท่วมมาแล้วน้อยกว่า 1 สัปดาห์,https://storage.googleapis.com/traffy_public_bucket/attachment/2026-09/496087601d9187fe1b32fcf31cfa130c.jpeg
2026-37D2LF,inprogress,2026-09-28 19:18,2026-09-28 19:40,100.67077,13.72626,ประเวศ,ประเวศ,น้ำท่วมออกไปไม่ได้ค่ะ รอหน่วยงานรัฐประชาสัมพันธ์ว่าจะดำเนินการอย่างไรบ้าง ความสูงระดับหัวเข่า และเริ่มดำเหม็น น้ำท่วมมาแล้วอาหารไม่พอ รถออกไม่ได้,https://storage.googleapis.com/traffy_public_bucket/attachment/2026-09/b2d51efae9da8c31d22e193b8d211b6c.jpeg
2026-4ULLAA,inprogress,2026-09-28 19:18,2026-09-28 19:49,100.61335,13.86921,บางเขน,อนุสาวรีย์,น้ำท่วมมา 4 วันแล้วในหมู่บ้านซอยรามอินทรา 13 ความสูงระดับหน้าแข้ง น้ำท่วมมาแล้วน้อยกว่า 1 สัปดาห์,https://storage.googleapis.com/traffy_public_bucket/attachment/2026-09/2e658b7900d884ae35d2de771d89d953.jpeg
2026-7HNNZC,inprogress,2026-09-28 19:18,2026-10-01 10:34,100.63248,13.85774,บางเขน,ท่าแร้ง,น้ำท่วมเข้าบ้านตั้งแต่วันเสาร์ที่ 26 กันยายน 2569 ไม่มีทีท่าว่าจะลด หรือมีการสูบน้ำออก น้ำท่วมเข้าในบ้าน 3 วันแล้วค่ะ ความสูงระดับประมาณ 50 เซนติเมตร น้ำท่วมมาแล้ว3 วันค่ะ,https://storage.googleapis.com/traffy_public_bucket/attachment/2026-09/8459d55ee5d71b6eeba31bcd4f9af10f.jpeg
2026-ANMU9V,inprogress,2026-09-28 19:18,2026-09-30 07:57,100.61549,13.77698,วังทองหลาง,พลับพลา,อยากสอบถามว่าที่เขตมีจัดเก็บขยะชิ้นใหญ่หลังน้ำท่วมมั้ยคะ ประตูไม้อัด 4บาน #ขอกระสอบทราย/อื่นๆ,https://storage.googleapis.com/traffy_public_bucket/attachment/2026-09/c812d36f5a5a3734e11400c577120dbb.jpeg
2026-FRAWW7,inprogress,2026-09-28 19:18,2026-09-29 08:57,100.80786,13.79337,หนองจอก,ลำผักชี,หมู่บ้านฟลอร่าวิลล์ ถนนสุวินทวงศ์ น้ำท่วมเป็นวงกว้าง ไม่มีท่าทีจะลดลงเลยค่ะ ความสูงระดับหัวเข่า 3 วันแล้วค่ะ,https://storage.googleapis.com/traffy_public_bucket/attachment/2026-09/5a2bd865b50ca6c80f6f7b209082bf1c.jpeg
2026-RALHMZ,forward,2026-09-28 19:18,2026-10-05 16:53,100.76985,13.85253,คลองสามวา,ทรายกองดินใต้,ขอความอนุเคราะห์ผันน้ำออกจากบึงนายพลค่ะ ความสูงระดับเอว น้ำท่วมมาแล้วแตกเมื่อคืนนี้ค่ะ,https://storage.googleapis.com/traffy_public_bucket/attachment/2026-09/aba463044b9e93bde6cb09bddd938a57.jpeg
2026-E6GMCX,inprogress,2026-09-28 19:19,2026-09-28 20:47,100.75263,13.81547,มีนบุรี,แสนแสบ,น้ำท่วมขังที่ ถนน สุวินทวงศ์ ก่อนถึง แยก 5/3 บ้านเลขที่ 51/7 กับ 51/15 น้ำทะลักเข้าบ้าน โดนขังมา 4 วันแล้ว อาหารใกล้หมด ยาประจำตัว ทั้งเบาหวาน ความดัน ไขมัน ใกล้หมดแล้ว ถ้าวันที่ 1 น้ำไม่ลดพอให้เอารถออกได้ จะไม่มียากินแล้ว ความสูงระดับหัวเข่า น้ำท่วมมาแล้,https://storage.googleapis.com/traffy_public_bucket/attachment/2026-09/d86aa13759dc96f6be82622af1329313.jpeg
2026-EUAHZE,inprogress,2026-09-28 19:19,2026-09-29 08:13,100.67846,13.80001,คันนายาว,รามอินทรา,น้ำท่วมจนขับรถออกไปซื้อข้าว น้ำ ไม่ได้ ใช้ชีวิตลำบาก ความสูงระดับเอว น้ำท่วมมาแล้วน้อยกว่า 1 สัปดาห์,https://storage.googleapis.com/traffy_public_bucket/attachment/2026-09/thumb_1eee6718192f4f221b704ceeea3554ee.jpg
2026-XPKFWM,inprogress,2026-09-28 19:21,2026-09-28 19:53,100.67316,13.77233,สะพานสูง,สะพานสูง,ซอยรามคำแหง102 หมู่บ้านชวนชื่น น้ำไม่มีวี่แววลด มีแต่เพิ่ม น้ำในซอยบางจุดถึงเข่าแล้ว ยังไม่มีหน่วยงานใดช่วยเหลือครับ มีผู้สูงอายุหลายหลัง ความสูงระดับหัวเข่า น้ำท่วมมาแล้ว4 วัน,https://storage.googleapis.com/traffy_public_bucket/attachment/2026-09/4da952bd5c327c01f971d73dda911ce0.jpeg
2026-L9BD79,inprogress,2026-09-28 19:22,2026-09-28 19:52,100.69085,13.74284,สะพานสูง,สะพานสูง,น้ำท่วมยังไม่ลงเลยค่า ด่วนหน่อยนะคะ ความสูงระดับเอว น้ำท่วมมาแล้วมากกว่า 1 สัปดาห์,https://storage.googleapis.com/traffy_public_bucket/attachment/2026-09/848b0864ce10b3e362c1a3c6c3a95801.jpeg
2026-FH44HW,forward,2026-09-28 19:23,2026-09-29 22:10,100.698,13.73734,สะพานสูง,สะพานสูง,ขอถามว่า “ชุมชนริมคลองทับช้าง” ยังใช่ประชากรไทยไหม น้ำท่วมสูง ไม่มีลดสักเซ็นต์ ตั้งแต่วันศุกร์ที่ 25 กันยายน นำรถไปไหนไม่ได้ ต้องเดินลุยน้ำ มีทั้งคนชรา คนป่วยกล้ามเนื้ออ่อนแรง คนที่มีความสามารถใกล้ ๆ กัน ต้องคอยไปช่วยเหลือ แล้วจะเสียภาษีให้รัฐไปทำไม เป็นช,https://storage.googleapis.com/traffy_public_bucket/attachment/2026-09/b48b77b50b1c78ec328764b583b473c8.jpeg
2026-AEYPWR,inprogress,2026-09-28 19:26,2026-09-28 19:31,100.67074,13.7263,ประเวศ,ประเวศ,น้ำท่วมไม่ลดเลย ส่งกลิ่น ออกจากบ้านไม่ได้ อาหารเริ่มหมด ความสูงระดับหัวเข่า น้ำท่วมมาแล้วน้อยกว่า 1 สัปดาห์,https://storage.googleapis.com/traffy_public_bucket/attachment/2026-09/cbb7aa26887365f2db56ba5b7942d584.jpeg
2026-49ZYVZ,inprogress,2026-09-28 19:27,2026-09-28 19:46,100.61309,13.87955,บางเขน,อนุสาวรีย์,น้ำท่วมหมู่บ้านสินทรัพย์ โครงการ 2 พหลโยธิน 48 แยก 19 น้ำไม่ลดเลย คนทั้งหมู่บ้านเดินทางลำบากมากรถเล็กออกไม่ได้ ซอยอื่นน้ำลดหมดแล้ว ครึ่งเข่าครับ บางจุดขึ้นสูงกว่าขึ้นไปอีกครับ น้ำไม่ลดลงเลย น้ำท่วมมาแล้วน้อยกว่า 1 สัปดาห์,https://storage.googleapis.com/traffy_public_bucket/attachment/2026-09/275b50f0ddc6fdca910e6a60084b4883.jpeg
2026-EYYRK8,forward,2026-09-28 19:28,2026-09-28 19:50,100.58626,13.81428,จตุจักร,จันทรเกษม,ยังมีน้ำท่วมในหมู่บ้าน ไม่มีจนทเขตมาดู และขยะส่งกลิ่นเหม็น รถขยะไม่เข้ามาตามกำหนดการ์ณตั้งแต่ศุกร์ ความสูงระดับตาตุ่ม น้ำท่วมมาแล้วตั้งแต่ ศุกร์,https://storage.googleapis.com/traffy_public_bucket/attachment/2026-09/1bb674c94698ad0dbd272b8470914886.jpeg
2026-9799UD,finish,2026-09-28 19:32,2026-10-01 14:20,100.43557,13.61925,บางขุนเทียน,ท่าข้าม,น้ำขึ้นช่วงเย็นและช่วงเช้า รถเก๋งออกไม่ได้ ความสูงระดับหน้าแข้ง น้ำท่วมมาแล้ว4วันค่ะ,https://storage.googleapis.com/traffy_public_bucket/attachment/2026-09/thumb_634e0129e4d0e177c358422bac828db0.jpg
2026-8P226V,inprogress,2026-09-28 19:34,2026-09-28 19:35,100.69441,13.70364,ประเวศ,ดอกไม้,หมู่บ้านลลิล กรีนวิลล์ the executive น้ำท่วมขังด้านใน รถออกจากบ้านไม่ได้ ต้องการประสานขอเครื่องสูบน้ำ และขอเจ้าหน้าที่แนะนำว่าควรจะต้องดูแลเรื่องน้ำอย่างไรสูบออกที่คลองไหน ทางโครงการไม่มีเครื่องสูบน้ำ และน้ำด้านในเริ่มเน่าแล้วค่ะ ความสูงระดับหัวเข่า น้ำท่,https://storage.googleapis.com/traffy_public_bucket/attachment/2026-09/0b2f208262de670e05a819a0f729e93a.jpeg
2026-FV7RV9,finish,2026-09-28 19:34,2026-10-03 13:23,100.61946,13.78276,วังทองหลาง,คลองเจ้าคุณสิงห์,อาศัยอยู่ในซอยลาดพร้าว89 เดือดร้อนจากนำ้ท่วมบนถนนลาดพร้าวปากซอยสูงมาก รถเล็กไม่สามารถใช้ได้เป็นเวลา3 วันแล้ว นำ้ท่วมยังไม่มีวี่แววลดลงเลย ออกไปทำงานลำบากมาก ไม่เห็นรถหรือเจ้าหน้าที่เขตวังทองหลางเข้ามาช่วยเหลือ หรือเร่งระบายน้ำ หรือช่วยในการเดินทาง อยากขอ,https://storage.googleapis.com/traffy_public_bucket/attachment/2026-09/ba391a8dc36c4e0d02f3f8d1fbf41f97.jpeg
2026-9VBUA8,inprogress,2026-09-28 19:35,2026-09-29 08:12,100.66851,13.81205,คันนายาว,รามอินทรา,หมู่บ้านปิยะพร ซอยนวมินทร์ 74 แยก 3-10-19 น้ำท่วมขังถนนหน้าบ้านระดับเข่า แช่นิ่งนานแล้ว จะลดได้เมื่อไหร่ครับ ความสูงระดับหัวเข่า น้ำท่วมมาแล้วน้อยกว่า 1 สัปดาห์,https://storage.googleapis.com/traffy_public_bucket/attachment/2026-09/902a655e98c8a8ee5a1509580b86904e.jpeg
2026-WWYLM2,forward,2026-09-28 19:35,2026-09-28 19:41,100.64457,13.73996,สวนหลวง,สวนหลวง,น้ำยังขังท่วมสูงเป็นคอขวด ทั้งๆที่ตรงอื่นแห้งแล้ว ความสูงระดับเอว น้ำท่วมมาแล้วน้อยกว่า 1 สัปดาห์,https://storage.googleapis.com/traffy_public_bucket/attachment/2026-09/e82fea69b2489935fe0330cc887771dc.jpeg
2026-GR6HVU,inprogress,2026-09-28 19:37,2026-09-28 19:51,100.7085,13.74861,สะพานสูง,สะพานสูง,น้ำท่วมขังในหมู่บ้านมา 3 วันแล้วครับ ความสูงระดับหน้าแข้ง น้ำท่วมมาแล้วน้อยกว่า 1 สัปดาห์,https://storage.googleapis.com/traffy_public_bucket/attachment/2026-09/47a999c0b6999c04ee8f91a170b06b8f.jpeg
2026-CA68D4,irrelevant,2026-09-28 19:38,2026-09-30 13:29,100.61117,13.72318,สวนหลวง,สวนหลวง,ไม่แสดงรายละเอียด,https://storage.googleapis.com/traffy_public_bucket/TeamChadChart/fondue_photo.png
2026-MZCZAC,forward,2026-09-28 19:38,2026-09-28 20:29,100.65245,13.78919,บึงกุ่ม,คลองกุ่ม,น้ำที่อื่นลดแล้วทำไมเส้นนวมินทร์ยังไม่ลดค่ะ ความสูงระดับหัวเข่า น้ำท่วมมาแล้วน้อยกว่า 1 สัปดาห์,https://storage.googleapis.com/traffy_public_bucket/attachment/2026-09/0c4f640d1e75035fcd9e9e847fc8a10b.jpeg
2026-E7JA7H,inprogress,2026-09-28 19:39,2026-09-29 08:53,100.87752,13.80689,หนองจอก,ลำต้อยติ่ง,น้ำท่วมบ้าน ซอยไปรษณีย์ แขวงลำต้อยติ่ง เขตหนองจอก ต้องการความช่วยเหลือ เช่น รองเท้าบูท กระสอบทราย อาหาร ความสูงระดับหน้าแข้ง น้ำท่วมมาแล้วน้อยกว่า 1 สัปดาห์,https://storage.googleapis.com/traffy_public_bucket/attachment/2026-09/6ccca1cfcb932664c176206bb38fc5e9.jpeg
2026-LRUKFN,inprogress,2026-09-28 19:40,2026-09-29 10:16,100.64745,13.783,บางกะปิ,คลองจั่น,น้ำท่วมโซนถนนศรีบูรพา คลองจั่น นวมินทร์ แฮปปี้แลนด์เข้าวันที่ 3 แล้ว ไม่มีหน่วยงานไหนเข้าช่วยเหลือ หรือมาส่งเสบียง มีแต่ประชาชนช่วยเหลือกันเอง น้ำลดลงแค่ 1 นิ้ว ตอนนี้ท่วมทุกเส้น ออกไปไหนไม่ได้ ฝากกทม.มาช่วยดูด้วยค่ะ ละแวกนี้อัมพาตมากๆ ช่วยเร่งระบายน้ำออก,https://storage.googleapis.com/traffy_public_bucket/attachment/2026-09/1067b6ff1789e318f8ff8aa3b42c116d.jpeg
2026-4WAKKL,inprogress,2026-09-28 19:42,2026-09-28 19:58,100.68122,13.70812,ประเวศ,ประเวศ,น้ำท่วมขังในหมู่บ้านอิมพีเรียล ปาร์ค รวมถึงซอย เฉลิมพระเกียรติ ร.9 ซ.67 น้ำสูงเลยเข่ารถเล็กเข้าออกไม่ได้ ต้องเดินเข้าออกลุยน้ำออกไปหาฮาหาร ความสูงระดับหัวเข่า 4วัน,https://storage.googleapis.com/traffy_public_bucket/attachment/2026-09/b2ddf6989c22733e1fb02e43a2caa360.jpeg
2026-TKA7E8,forward,2026-09-28 19:43,2026-09-29 21:49,100.65892,13.92654,สายไหม,สายไหม,มีน้ำท่วมสูงประมาณ 50 ซม. รถเล็กและมอเตอร์ไซค์ เข้าไม่ได้ ลูกบ้านในหมู่บ้านเรสท์ สายไหม ไม่สามารถออกจากหมู่บ้านไปทำงาน ซื้อข้าวของได้ ต้องใช้รถกระบะออกไปเท่านั้น ความสูงระดับหัวเข่า น้ำท่วมมาแล้วน้อยกว่า 1 สัปดาห์,https://storage.googleapis.com/traffy_public_bucket/attachment/2026-09/thumb_a789c08d71be076676a5493cff413835.jpg
2026-MXENGD,inprogress,2026-09-28 19:45,2026-09-28 19:57,100.66316,13.71721,ประเวศ,ประเวศ,น้ำท่วมถนนไม่สามารถสัญจรได้ ความสูงระดับตามในรูปรถกระบะประมาณครึ่งล้อครับ น้ำท่วมมาแล้วมากกว่า 3 วัน,https://storage.googleapis.com/traffy_public_bucket/attachment/2026-09/0d1fdd94f565de01aa4a16710547ccea.jpeg
2026-RR6WRG,finish,2026-09-28 19:45,2026-10-05 09:39,100.63805,13.7709,บางกะปิ,คลองจั่น,ขอความช่วยเหลือ ขยะมากมายลอยมาหน้าบ้านค่ะ 3 วันแล้วเกรงจะเน่าและมีโรคค่ะ #ขอกระสอบทราย/อื่นๆ,https://storage.googleapis.com/traffy_public_bucket/attachment/2026-09/44d08dee6e988aa75abf66fa0f0ce34a.jpeg
2026-T66GLB,inprogress,2026-09-28 19:45,2026-09-29 08:52,100.80504,13.79746,หนองจอก,ลำผักชี,หมู่บ้านน้ำท่วมสูงมาตั้งแต่วันเสาร์ น้ำเพิ่มขึ้นทุกวัน ขอเครื่องสูบน้ำ ช่วยลดปริมาณน้ำสูงด้วยค่ะ ความสูงระดับ130 cm น้ำท่วมมาแล้ว4 วัน,https://storage.googleapis.com/traffy_public_bucket/attachment/2026-09/thumb_6fb1273706c404e66c6dc38b85be9bb4.jpg
2026-V4CNN3,inprogress,2026-09-28 19:46,2026-09-30 09:42,100.59414,13.94851,ดอนเมือง,สีกัน,หมู่บ้านคาซ่าซิตี้ ดอนเมือง ถ.เทิดราชัน แขวงสีกัน เขตดอนเมือง กรุงเทพ 10210 น้ำท่วมขังมาสามวันแล้วค่ะช่วยดูแลและแก้ปัญหาให้ด้วยนะคะ ตอนนี้น้ำยังไม่ลดเลยค่ะ ความสูงระดับหัวเข่า น้ำท่วมมาแล้วน้อยกว่า 1 สัปดาห์,https://storage.googleapis.com/traffy_public_bucket/attachment/2026-09/c169c4292b2cfd1faed21baad5f018eb.jpeg
2026-7W3VTB,inprogress,2026-09-28 19:47,2026-09-29 08:52,100.81135,13.87354,หนองจอก,คู้ฝั่งเหนือ,คู้คลองสิบสอง ตั้งหมู่บ้าน RD Natural เป็นเข้าไป น้ำคลองล้นออกมาท่วมค่ะ ความสูงระดับหน้าแข้ง น้ำท่วมมาแล้วน้อยกว่า 1 สัปดาห์,https://storage.googleapis.com/traffy_public_bucket/attachment/2026-09/a4e5a39e2bacb947a33d26c760fbae29.jpeg
2026-N9WPMG,inprogress,2026-09-28 19:47,2026-09-28 19:57,100.7112,13.78722,สะพานสูง,สะพานสูง,แจ้งปัญหา พิกัด หมู่บ้านเคหะธานี 4 ซอยราษฎร์พัฒนา 5 ทั้งหมู่บ้าน น้ำท่วมเกือบถึงเอว น้ำนิ่งไม่ไหล จนเน่าค่ะ อยากให้มีรถสูบน้ำระบายน้ำให้ลดไวๆค่ะ คนในหมู่บ้าน ชั้นเดียวส่วนใหญ่อพยพแล้ว คนมีสองชั้นบางบ้านยังอาศัยอยู่กับหมา อาหารและน้ำขาดแคลน มีอาหารแจกหน้า,https://storage.googleapis.com/traffy_public_bucket/attachment/2026-09/0c70dac01200f2e847f6cf4c23ac653c.jpeg
2026-MW3GHC,forward,2026-09-28 19:48,2026-09-29 21:49,100.68042,13.92091,สายไหม,สายไหม,วันที่28กย.26 ถนนสายไหม ตั้งแต่ซอย 60- หน้าอเวนิว สายไหม ถึงหน้าตลาดวงศกร น้ำท่วมสูง ความสูงระดับ20-30ซม น้ำท่วมมาแล้ว3วัน,https://storage.googleapis.com/traffy_public_bucket/attachment/2026-09/5db3004858092ea2d0315b2114f2e468.jpeg
2026-JWGU6C,inprogress,2026-09-28 19:49,2026-09-28 20:59,100.66102,13.79597,บึงกุ่ม,คลองกุ่ม,น้ำท่วมมา3วันแล้วอยากได้น้ำกับอาหารค่ะ อาหารที่ตุนจะหมดแล้วค่ะ ที่บ้านมี5คนค่ะ ความสูงระดับหน้าแข้ง ข้างนอกประมาณ30-40ซม,https://storage.googleapis.com/traffy_public_bucket/attachment/2026-09/30a1b3153219e13704b1c46a49aed9da.jpeg
2026-CVUVUC,finish,2026-09-28 19:50,2026-09-28 20:02,100.67108,13.87367,บางเขน,ท่าแร้ง,น้ำท่วมขัง รอการระบายค่ะ และต้องการขอหนังสือรับรองผู้ประสบภัยน้ำท่วมจากเขตบางเขน ความสูงระดับหัวเข่า 3 วันแล้วค่ะ,https://storage.googleapis.com/traffy_public_bucket/attachment/2026-09/167d9cb9c34721c5099e70b70c24feb6.jpeg
2026-KGMV6E,start,2026-09-28 19:50,2026-09-28 19:50,100.73523,13.77317,ลาดกระบัง,คลองสองต้นนุ่น,ซอยร่มเกล้า24 และเคหะร่มเกล้าน้ำท่วมสูง ไม่มีการระบายออก ทั้งที่บริเวณใกล้เคียงแห้งแล้ว ข้อเสนอแนะ 1. ผลักดันน้ำออกจากพื้นที่ 2. เปิดประตูระบายน้ำคลองประเวศ แนวทางการช่วยเหลือประชาชนในพื้นที่ 1. อย่าปิดซอยร่มเกล้า 24 กรุณาให้รถขายอาหารเดินทางเข้ามาได้ แ,https://storage.googleapis.com/traffy_public_bucket/attachment/2026-09/95a9f83a33fa28f08f03ace2dee2bb3b.jpeg
2026-MY6JHX,inprogress,2026-09-28 19:50,2026-09-28 19:58,100.67295,13.7453,สะพานสูง,สะพานสูง,ซอยกรุงเทพกรีฑา น้ำท่วมขังมา 3 วันแล้ว โดยระดับน้ำไม่ลดลงเลย ความสูงระดับหัวเข่า น้ำท่วมมาแล้วน้อยกว่า 1 สัปดาห์,https://storage.googleapis.com/traffy_public_bucket/attachment/2026-09/de7ab3ca26487556b5227beb4b935e43.jpeg
2026-4BNV9F,start,2026-09-28 19:51,2026-09-28 19:51,100.72669,13.76201,ลาดกระบัง,คลองสองต้นนุ่น,น้ำท่วมขัง ในเคหะร่มเกล้า และโซนใกล้เคียง ไม่มีการระบายของน้ำ น้ำไม่ลดลง แม้ฝนไม่ตก ความสูงระดับประมาณ 150 cm น้ำท่วมมาแล้ว3 วันคับ มีแต่หน่วยแจก ข้าว น้ำ นานๆ มาที แต่ ไม่มี การระบาย น้ำเลย,https://storage.googleapis.com/traffy_public_bucket/attachment/2026-09/18a6f6ae48211b4266b018802c2bff8e.jpeg
2026-WNXAJR,forward,2026-09-28 19:51,2026-09-28 20:27,100.64708,13.80077,บึงกุ่ม,นวมินทร์,มีน้ำท่วมขังทางเข้าโพธิ์แก้วซอย1ค่ะ ความสูงระดับนวมินทร์26 แยก 3 น้ำท่วมขัง น้ำท่วมมาแล้วครึ่งหัวเข่าค่ะ,https://storage.googleapis.com/traffy_public_bucket/attachment/2026-09/ca058e8f3d035974c82b5c1b8f8597c2.jpeg
2026-ZB36Y2,forward,2026-09-28 19:51,2026-10-05 16:53,100.69052,13.85209,คลองสามวา,บางชัน,ตอนนี้น้ำในบ้านเริ่มมีกลิ่นแล้วค่ะ น้ำไม่มีการระบาย ส่งผลต่อร่างกาย เช่นมีอาการปวดหัว เหม็นตลอดเวลา #ขอกระสอบทราย/อื่นๆ,https://storage.googleapis.com/traffy_public_bucket/attachment/2026-09/50674cc9d7fb5bada7d921c6d108054b.jpeg
2026-8TLDM8,forward,2026-09-28 19:53,2026-09-29 21:49,100.6137,13.9031,สายไหม,คลองถนน,ช่วยจัดการระบายน้ำ ตรงหน้าฐานทัพอากาศ ฝั่งพลาธิการและตรงแยกเทพรักษ์ให้ด่วนหน่อยค่ะ ความสูงระดับหน้าแข้ง 3วัน,https://storage.googleapis.com/traffy_public_bucket/attachment/2026-09/bcda6342dfc9b355b32742ef425c8011.jpeg
2026-E9GLEV,forward,2026-09-28 19:53,2026-09-28 20:25,100.64106,13.82023,บึงกุ่ม,นวลจันทร์,ช่วยระบายน้ำสูบน้ำให้เร็วกว่านี้ได้หรือไม่ ที่ทำงานไม่เข้าใจ ไม่ยอมให้ลา รถมอไซเข้าออกยังลำบาก ช่ยยทำให้สถานการณ์ซอย คลองลำเจียก 2 ลดลงอีกหน่อยได้มั้ย ความสูงระดับหัวเข่า มากกว่า 3 วัน,https://storage.googleapis.com/traffy_public_bucket/attachment/2026-09/e323a7ceb174133c1bade4c1031ea32f.jpeg
2026-TCDLWJ,inprogress,2026-09-28 19:53,2026-09-30 09:42,100.62027,13.9476,ดอนเมือง,สนามบิน,บอกเล่าปัญหา ความสูงระดับหัวเข่า น้ำท่วมมาแล้วน้อยกว่า 1 สัปดาห์,https://storage.googleapis.com/traffy_public_bucket/attachment/2026-09/8ffa7cedfc5244962be26ed9b878b01c.jpeg
2026-U66G8K,inprogress,2026-09-28 19:53,2026-09-29 08:52,100.81091,13.87324,หนองจอก,คู้ฝั่งเหนือ,น้ำท่วมขัง นานหลายวัน เริ่มเน่าเหม็นค่ะ ความสูงระดับหน้าแข้ง น้ำท่วมมาแล้วน้อยกว่า 1 สัปดาห์,https://storage.googleapis.com/traffy_public_bucket/attachment/2026-09/fb10ce745106a74df0cab9285f2687de.jpeg
2026-8DM8BM,start,2026-09-28 19:54,2026-09-28 19:54,100.59831,13.91639,ดอนเมือง,ดอนเมือง,"ปัญหา ไม่สามารถกลับรถตรงแฟลตทหารอากาศดอนเมืองเขต6 เพราะน้ำยังท่วมสูง เสนอทางแก้ไข ทำป้ายจราจรให้สวนเลน หรือมีอาสาจราจร ,ตำรวจจราจร ยืนโบกให้สวนเลนไปได้ เพราะถนนตรงเชิดวุฒากาศ มีสองเลนที่ปรกติให้วิ่งทางเดียว ความสูงระดับหน้าแข้ง น้ำท่วมมาแล้วน้อยกว่า 1 สั",https://storage.googleapis.com/traffy_public_bucket/attachment/2026-09/bf26aa9bbdeb469500d2f298ea72b04e.jpeg
2026-X7KG2U,inprogress,2026-09-28 19:55,2026-09-28 19:58,100.60875,13.87482,บางเขน,อนุสาวรีย์,น้ำท่วมขัง ซอยรามอินทรา 5 แยก 3 ตอนนี้น้ำเริ่มขังนาน ไม่ทราบว่าน้ำจะลดลงวันไหนคะ จุดที่สูงสุดประมาณ 40 - 50 เซนค่ะ 3 วัน,https://storage.googleapis.com/traffy_public_bucket/attachment/2026-09/2a85785430eba41821fa073e291613c9.jpeg
2026-4GYYBD,forward,2026-09-28 19:56,2026-09-28 20:25,100.65703,13.81106,บึงกุ่ม,คลองกุ่ม,น้ำท่วมขังในบริเวณบ้านและตัวบ้าน ความสูงระดับหน้าแข้ง น้ำท่วมมาแล้วน้อยกว่า 1 สัปดาห์,https://storage.googleapis.com/traffy_public_bucket/attachment/2026-09/52b86c07ae61f6eb4a20709739d75054.jpeg
2026-32T9A6,inprogress,2026-09-28 19:57,2026-09-29 10:08,100.75196,13.82227,มีนบุรี,แสนแสบ,มีน้ำท่วมขังเข้าออกบ้านลำบากอยากให้หน่วยงานเข้าไปช่วยดูแล เรื่องสาธารนูปโคฃภคต่างๆครับ พอดีเป็นบ้านพี่สาว ผมคนแจ้งอยู่ต่างจังหวัดครับ อยากให้ท่านช่วยดูแลให้ทีครับ รวมถึงชาวบ้านในซอยนั้นด้วยครับ ความสูงระดับน่าจะหัวเข่าขึ้นไปครับ น้ำท่วมมาแล้วติดกับคลองด้ว,https://storage.googleapis.com/traffy_public_bucket/attachment/2026-09/thumb_b45e5d8caf12d3f28e3068596bf3fa8a.jpg
2026-JGYWUC,finish,2026-09-28 19:57,2026-10-01 16:55,100.71857,13.81851,มีนบุรี,มีนบุรี,ซอยหทัยราษฎร์ 3 แยก 1 พบปัญหาน้ำท่วมตัวที่ส่งกลิ่นเน่าเหม็นและคันเท้า ต้องการให้หา EM ball บำบัดน้ำเสีย ขจัดกลิ่นเหม็น เพิ่มออกซิเจนในน้ำ ความสูงระดับข้อเท้า น้ำท่วมมาแล้วน้อยกว่า 1 สัปดาห์,https://storage.googleapis.com/traffy_public_bucket/attachment/2026-09/7bca70ad2dd9a63907ca4965c88b8795.jpeg
2026-U2Z7KA,forward,2026-09-28 19:57,2026-09-28 20:26,100.65386,13.79059,บึงกุ่ม,คลองกุ่ม,น้ำท่วมกินระยะเวลานานมากเลยค่ะ ไม่มีท่าทีที่จะลดลง และระดับน้ำอยู่ระดับหัวเข่าค่ะ ความสูงระดับหัวเข่า น้ำท่วมมาแล้วน้อยกว่า 1 สัปดาห์,https://storage.googleapis.com/traffy_public_bucket/attachment/2026-09/649d529084b120fa80e7ad2c38113094.jpeg
2026-GHV7NG,inprogress,2026-09-28 19:59,2026-09-29 16:49,100.58901,13.87046,บางเขน,อนุสาวรีย์,ซอยพหลโยธิน 51 ช่วยเอาน้ำออกด้วยครับ ตอนนี้น้ำเริ่มเน่า และไม่สามารถออกไปซื้ออาหารได้ ช่วยสูบน้ำออกจากพื้นที่ด้วย 50 ซม ในระหว่างเข้าซอย 51 3 วันครับ,https://storage.googleapis.com/traffy_public_bucket/attachment/2026-09/cb4503ce43b0c789769affeb9434c668.jpeg
2026-PNHNZ9,inprogress,2026-09-28 19:59,2026-09-28 20:02,100.7018,13.76672,สะพานสูง,สะพานสูง,ปัญหา: ภายในซอยราษฎร์พัฒนา 23 เป็นชาวมุสลิม ชุมชนมุสลิม เนื่องจากเหตุอุทกภัย ต้องการความช่วยเหลือขอรับเครื่องอุปโภคบริโภค อาหารฮาลาล (อาหารสำหรับชาวมุสลิม) เข้าช่วยเหลือประชาชนตลอดทั้งซอย ซอย: ราษฎร์พัฒนา 23 ถนน: ราษฎร์พัฒนา เขต: สะพานสูง #1555,https://storage.googleapis.com/traffy_public_bucket/attachment/2022-12/da2125e781282589d482070c3dba1726aa16a4a7.jpg
2026-UGDLWN,finish,2026-09-28 19:59,2026-09-28 21:27,100.67478,13.78024,สะพานสูง,สะพานสูง,ในซอยรามคำแหง131 ตอนนี้น้ำท่วม เริ่มมีกลิ่นเหม็น แถมยังมีสัตว์มีพิษอันตรายมากด้วยค่ะ เข่าค่ะ ช่วยมาดูประชาชนหน่อยค่ะ บ้านติดริมคลองน้ำยิ่งมากค่ะ บางบ้านคนแก่อยู่ 3 วัน,https://storage.googleapis.com/traffy_public_bucket/attachment/2026-09/780b74a7aa42ab782170785fe168d978.jpeg
2026-WP7NR4,inprogress,2026-09-28 19:59,2026-09-28 21:04,100.63422,13.69274,พระโขนง,บางจาก,น้ำท่วมมา 3 วันแล้ว ไม่ลดลงเลย ความสูงระดับครึ่งหน้าแข้งค่ะ น้ำท่วมมาแล้วพรุ่งนี้จะเข้าวันที่ 4 แล้วค่ะ,https://storage.googleapis.com/traffy_public_bucket/attachment/2026-09/e8cd5dea48b93ec4e056ae702d732b07.jpeg
2026-UATR8R,inprogress,2026-09-28 20:00,2026-09-28 23:53,100.63838,13.70405,สวนหลวง,สวนหลวง,น้ำท่วมขัง 3 วัน ไม่ลด ซอยอ่อนนุช 46 หมู่บ้านมิตรภาพโครงกการ 4 ถนนหน้าบ้านประมาณหัวเข่าครับ 3 วัน,https://storage.googleapis.com/traffy_public_bucket/attachment/2026-09/bba4bc5613191c3ba221ee664808c4c2.jpeg
2026-GTDU8J,inprogress,2026-09-28 20:01,2026-09-28 22:31,100.63603,13.76913,บางกะปิ,คลองจั่น,น้ำท่วมแบบไม่มีท่าทีที่จะลดลงเลยค่ะ และไม่มีหน่วยงานไหนเข้ามาดูในซอยเลย ความสูงระดับหัวเข่า น้ำท่วมมาแล้วน้อยกว่า 1 สัปดาห์,https://storage.googleapis.com/traffy_public_bucket/attachment/2026-09/a40c9592993b487a4fdc60711d5667b9.jpeg
2026-R4UEXM,finish,2026-09-28 20:01,2026-10-05 13:30,100.60629,13.89098,บางเขน,อนุสาวรีย์,ปัญหา: บนถนนดังกล่าว ใกล้กับห้างสรรพสินค้าบิ๊กซี สาขาสะพานใหม่ และตลาดยิ่งเจริญ ได้รับผลกระทบจากคลื่นน้ำที่พัดแรงเข้าใส่ประตูบ้านอันเกิดจากรถขนาดใหญ่สัญจรผ่าน ผู้ร้องเสนอว่า ควรปิดถนนชั่วคราว ถนน: พหลโยธิน เขต: บางเขน #1555,https://storage.googleapis.com/traffy_public_bucket/attachment/2022-12/da2125e781282589d482070c3dba1726aa16a4a7.jpg
2026-TNY2HN,forward,2026-09-28 20:01,2026-09-29 21:47,100.64933,13.91969,สายไหม,สายไหม,ปัญหาน้ำในซอยสูงถึง 50 ซม. รถออกไม่ได้ เดือดร้อนมาก อยากให้ช่วยระบายน้ำในซอยออกค่ะ ซึ่งซอยอื่นแห้งแล้ว ความสูงระดับหน้าแข้ง น้ำท่วมมาแล้วน้อยกว่า 1 วัน,https://storage.googleapis.com/traffy_public_bucket/attachment/2026-09/5945256044ffb27c3ec5f3aee2f78512.jpeg
2026-NGGTE4,forward,2026-09-28 20:02,2026-09-29 21:47,100.63245,13.89956,สายไหม,คลองถนน,น้ำท่วมหมู่บ้านและหน้าหมู่บ้าน ถนนเพิ่มสินไม่ลดเลย 3 วันแล้วค่ะ ความสูงระดับประมาณ 30-50 ซม. น้ำท่วมมาแล้ว3วัน,https://storage.googleapis.com/traffy_public_bucket/attachment/2026-09/77e9251b37707bd7508b9f177c767bba.jpeg
2026-LBHUGF,forward,2026-09-28 20:03,2026-09-28 20:24,100.6491,13.80035,บึงกุ่ม,คลองกุ่ม,น้ำไม่ลดเลย หัวเข่า 3วัน,https://storage.googleapis.com/traffy_public_bucket/attachment/2026-09/90e9a1b4bd50332237b0e062fa6eb79a.jpeg
2026-4HLHRL,inprogress,2026-09-28 20:04,2026-09-28 23:46,100.63998,13.73037,สวนหลวง,สวนหลวง,ปัญหา: ภายในคอนโดรีเจ้นท์ ศรีนครินทร์ ทาวเวอร์ เลขที่ 700 ห้องเลขที่ 493 และบริเวณโดยรอบ ซึ่งมีจำนวน 2 อาคาร เนื่องจากเกิดเหตุอุทกภัย มีน้ำท่วมขังในพื้นที่ระดับสูงเกือบถึงเอว ส่งผลให้ผู้อยู่อาศัยภายในอาคาร ได้แก่ ประชาชนทั่วไป ผู้สูงอายุ ชาวต่างชาติ และผู,https://storage.googleapis.com/traffy_public_bucket/attachment/2022-12/da2125e781282589d482070c3dba1726aa16a4a7.jpg
2026-GPH2KX,inprogress,2026-09-28 20:04,2026-09-29 09:05,100.69449,13.71132,ประเวศ,ประเวศ,เฉลิมพระเกียรติ ร.9 แยกประเวศ น้ำไม่ลดเลยครับ 10-30 cm 4 วัน,https://storage.googleapis.com/traffy_public_bucket/attachment/2026-09/c97dfbaa6344902d427fba0144326afc.jpeg
2026-W94YLG,inprogress,2026-09-28 20:04,2026-09-28 20:58,100.65144,13.78667,บึงกุ่ม,คลองกุ่ม,"บ้านอยู่บ้านเลขที่ ,49/148 ซอยนวมินทร์ 26 ถ. นวมินทร์ ตอนนี้ออกไปซื้ออาหาร ข้าว ไข่ ไม่ได้ อาหารสำรองอาจอยู่ในไม่เกิน อาทิตย์ถ้าน้ำไม่ลด ไม่แน่ใจว่าควรทำอย่างไร ประมาณ 30 - 35 cm ครับ ตรงหน้าบ้าน แต่ไม่แน่ใจที่ถนนด้านนอกซอย ตั้งแต่วันที่ 25 เย็นๆ",https://storage.googleapis.com/traffy_public_bucket/attachment/2026-09/43f254cd9d8bd9c0079eb1303103a846.jpeg
2026-EKDXDG,inprogress,2026-09-28 20:05,2026-09-28 23:52,100.639,13.7041,สวนหลวง,สวนหลวง,น้ำท่วมในบ้านสูงเท่าเอว มา3 วันแล้วไม่ลดเลย มิตรภาพ 4 ค่ะ ไม่ใช่ 1 นะคะ สูงเท่าเอว,https://storage.googleapis.com/traffy_public_bucket/attachment/2026-09/3af6236db266f9d5897c052690caa69d.jpeg
2026-TVLNHA,forward,2026-09-28 20:05,2026-09-28 23:51,100.64728,13.72443,สวนหลวง,สวนหลวง,น้ำท่วมยังไม่มีหน่วยงานไหนเข้าช่วยเหลือ ความสูงระดับหน้าแข้ง น้ำท่วมมาแล้วน้อยกว่า 1 สัปดาห์,https://storage.googleapis.com/traffy_public_bucket/attachment/2026-09/95d1f0b65b37c0cb5f6a43770ff0c123.jpeg
2026-PAPZDB,inprogress,2026-09-28 20:06,2026-09-29 09:55,100.74143,13.81225,มีนบุรี,แสนแสบ,น้ำท่วมและไม่ลดเลยครับ ความสูงระดับหน้าแข้ง น้ำท่วมมาแล้วน้อยกว่า 1 สัปดาห์,https://storage.googleapis.com/traffy_public_bucket/attachment/2026-09/92502f20c2ebb180c7294bdacd6f6818.jpeg
2026-GLTUT6,inprogress,2026-09-28 20:07,2026-09-29 08:46,100.80116,13.80058,หนองจอก,ลำผักชี,หมู่บ้านฟลอร่าวิลล์ สุวินทวงศ์38 เขตหนองจอก ความสูงระดับหัวเข่า น้ำท่วมมาแล้วน้อยกว่า 1 สัปดาห์,https://storage.googleapis.com/traffy_public_bucket/attachment/2026-09/a38500cde0e469dc9547d52fe09411c6.jpeg
2026-HUE9GC,inprogress,2026-09-28 20:08,2026-09-28 22:20,100.69308,13.86119,คลองสามวา,สามวาตะวันตก,จากเพจ สนง เขตคลองสามวา ละเลยการลงพื้นที่ ถ. พระยาสุเรนทร์ ตลอดสาย รายงานน้ำท่วมขังตามข้อ.1 แต่จริงๆ มีท่วมอีกช่วงถนน คือ ตั้งแต่สะพานข้ามคลองสอง จนถึงหน้าวัดพระยาสุเรนทร์ ทั้ง ฝั่งคู่และคี่ ท่วมตามหมู่บ้านทุกซอย นะ แสดงว่า จนท.และ ผอ.สนง.เขต ไม่ได้ลงพื้น,https://storage.googleapis.com/traffy_public_bucket/attachment/2026-09/8833b0e60569fcd4669e4bcb5b545e14.jpeg
2026-RU74DE,inprogress,2026-09-28 20:08,2026-09-29 09:09,100.69284,13.70433,ประเวศ,ดอกไม้,น้ำท่วมด้านในหมู่บ้านลลิลกรีนวิลล์ ดิเอ็กคลูซีฟ ค่ะ ความสูงระดับหัวเข่า น้ำท่วมมาแล้วน้อยกว่า 1 สัปดาห์,https://storage.googleapis.com/traffy_public_bucket/attachment/2026-09/b15edc14cb53bc2563b5e3dd709fd280.jpeg
2026-KHA8B4,finish,2026-09-28 20:09,2026-09-29 13:25,100.39964,13.70401,บางแค,หลักสอง,น้ำท่วมขังสูงทุกครั้งที่ฝนตก จุดเดียวของซอย ส่งผลให้รถที่สัญจรผ่านได้รับความเสียหาย ความสูงระดับเวลาที่ฝนตก 30-50 เซ็นติเมตรคับ น้ำท่วมมาแล้วท่วมทุกปีคับ ปีละหลายๆรอบ,https://storage.googleapis.com/traffy_public_bucket/attachment/2026-09/9ef9e04d7659813967ed90b56e78f5ee.jpeg
2026-NDR32N,inprogress,2026-09-28 20:09,2026-09-28 20:14,100.68497,13.77775,สะพานสูง,สะพานสูง,สวัสดีค่ะ ซอยรามคำแหง 118 แยก 11 น้ำท่วมหนักมากค่ะ ระดับน้ำสูงถึงเอวมา 3-4 วันแล้วค่ะ ช่วงฝนไม่ตก น้ำก็ไม่ลด ไม่ระบายออกเลยค่ะ กลับกัน พอช่วงฝนตกที น้ำเพิ่มสูงขึ้นอย่างรวดเร็วค่ะ ตอนนี้ลำบากมากๆค่ะ น้ำเข้าที่จอดรถ ท่วมรถ เข้าตัวบ้าน อาหารก็ขาดแคลน เดินท,https://storage.googleapis.com/traffy_public_bucket/attachment/2026-09/da3ae5f4c8777b9890eeda9a6f4dce70.jpeg
2026-AHFWUR,inprogress,2026-09-28 20:10,2026-09-29 09:09,100.66112,13.72833,ประเวศ,ประเวศ,ซอยพัฒนาการ 63 น้ำท่วมขังสูงนะคะ ช่วยมองเห็นพวกเราด้วย เวลามีการช่วยเหลือ จะไปโฟกัสกันที่ 65 หมด คน 63 ต้องอ้อนวอนขอร้องเพื่อให้เข้ามาช่วยเหลือพวกเราบ้าง ความสูงระดับหัวเข่า ซ.63 ถ้าหน้าซอยน่าจะเอวและก้นค่ะ ส่วนตรงหน้าบ้านเราค่อนข้างสูงจะอยู่ระดับต้นขา,https://storage.googleapis.com/traffy_public_bucket/attachment/2026-09/ed0fc5489d7f5b67ac081c8fb81ead73.jpeg
2026-C727A6,inprogress,2026-09-28 20:10,2026-09-29 08:45,100.86743,13.84896,หนองจอก,กระทุ่มราย,ถ. ส่วนบุคคล ซ.อยู่วิทยา มีน้ําท่วม เป็นบริเวณกว้าง สัญจรเข้าออก ค่อนข้างลําบาก ความสูงระดับเกือบหัวเข่าค่ะ น้ำท่วมมาแล้ว4 วันค่ะ,https://storage.googleapis.com/traffy_public_bucket/attachment/2026-09/e8ed64fb24142d05e15482de54c01f0f.jpeg
2026-E7UDN6,inprogress,2026-09-28 20:11,2026-09-29 09:10,100.69279,13.7044,ประเวศ,ดอกไม้,น้ำท่วมขังในหมู่บ้าน ระดับน้ำถึงหัวเข่าไม่มีวี่แววลดลงค่ะ น้ำขังเริ่มจะเน่าแล้วค่ะ ทางโครงการไม่มีเครื่องสูบน้ำ หรือแนวทางเลยค่ะ ความสูงระดับหัวเข่า น้ำท่วมมาแล้วน้อยกว่า 1 สัปดาห์,https://storage.googleapis.com/traffy_public_bucket/attachment/2026-09/96c1ed1040e099e3f583d95b8996be32.jpeg
2026-FWRXYA,inprogress,2026-09-28 20:11,2026-09-28 20:58,100.67424,13.79012,บึงกุ่ม,คลองกุ่ม,หมู่บ้านสหกรณ์ ซอยเสรีไทย 57 แยก 5 1. น้ำท่วมเข้าบ้านตั้งแต่คืนวันศุกร์ 25 กันยายน 2569 2. ที่บ้านมีผู้สูงอายุ 2 คน มีสุนัขสัตว์เลี้ยงตาบอดที่ต้องได้รับยาทุกวัน และมีผู้ใหญ่อีก 1 คน 3. ไม่ได้รับเสบียงหรืออาหารเลย น้ำก็ยังไม่มีวี่แววว่าจะลด (แจ้งแทนเจ้าข,https://storage.googleapis.com/traffy_public_bucket/attachment/2026-09/ce45a27429600e179a32f04c9badf7c6.jpeg
2026-7NBKCD,inprogress,2026-09-28 20:12,2026-09-29 10:22,100.64495,13.78253,บางกะปิ,คลองจั่น,ปัญหา: บริเวณคอนโดศรีนวมินทร์ เลขที่ 97/41 เนื่องจากเหตุอุทกภัย ต้องการความช่วยเหลือขอรับเครื่องอุปโภคบริโภค ได้แก่ ถุงยังชีพ อาหาร น้ำดื่ม ยาสามัญประจำบ้าน และ อาหารสัตว์เลี้ยง อาหารแมว (คุณกิ๊ก) ถนน: นวมินทร์ เขต: บางกะปิ #1555,https://storage.googleapis.com/traffy_public_bucket/attachment/2022-12/da2125e781282589d482070c3dba1726aa16a4a7.jpg
2026-4M2NTX,inprogress,2026-09-28 20:13,2026-09-29 09:57,100.73136,13.78641,มีนบุรี,มีนบุรี,ประชากรเดินทางออกจากหมู่บ้านโชคชัยปัญจทรัพย์ ซอยราคำแหง 184 สัญจรไปมาลำบาก รถเล็กไม่สามารถออกได้เนื่องจากระดับน้ำสูงเป็นบางแห่ง ทางหมู่บ้านก็ไม่ได้ช่วยเหลืออะไรนิ่งเงียบ การจะออกไปซื้ออาหาร ก็ลุยไปลำบากค่ะ อยากให้หน่วนงานมาเคลียร์น้ำให้ลดลงหน่อย ความสูงระ,https://storage.googleapis.com/traffy_public_bucket/attachment/2026-09/de22e197820343cf7726aedca2d508e2.jpeg
2026-6LE8EU,forward,2026-09-28 20:13,2026-09-30 14:51,100.61969,13.94705,ดอนเมือง,สนามบิน,น้ำท่วมพรพง2คับ ความสูงระดับ40 cm น้ำท่วมมาแล้ว3วัน,https://storage.googleapis.com/traffy_public_bucket/attachment/2026-09/21cf40a491e9851dec551566c88e260f.jpeg
2026-6PC2GH,finish,2026-09-28 20:14,2026-10-01 15:39,100.64801,13.77238,บางกะปิ,คลองจั่น,ปัญหา: บริเวณแฟลตคลองจั่น อาคารที่ 19 พบมีน้ำท่วมขังในระดับสูง ส่งผลให้ประชาชนภายในพื้นที่ได้รับความเดือดร้อน จึงต้องการขอรับความช่วยเหลือด้านอาหารแห้ง ข้าวสาร และน้ำดื่ม เพื่อบรรเทาความเดือดร้อนจากสถานการณ์น้ำท่วมดังกล่าว ซอย: นวมินทร์ 6/2 ถนน: นวมินทร์ ,https://storage.googleapis.com/traffy_public_bucket/attachment/2022-12/da2125e781282589d482070c3dba1726aa16a4a7.jpg
2026-V3W7ZV,finish,2026-09-28 20:14,2026-10-05 16:43,100.66912,13.87326,บางเขน,ท่าแร้ง,อย่าให้ กทม ช่วยหาเครื่องสูบน้ำมาช่วยระบายน้ำ ลงครอง ที่หมู่บ้านเสนาวิลล่า9 คู้บอน27แยก60 จะได้มั้ยครับ ความสูงระดับหัวเข่า น้ำท่วมมาแล้วน้อยกว่า 1 สัปดาห์,https://storage.googleapis.com/traffy_public_bucket/attachment/2026-09/434cfd5e8e6f9c7e6681dfd5b5452775.jpeg
2026-8ZY4Z4,inprogress,2026-09-28 20:15,2026-10-02 07:41,100.69438,13.74359,สะพานสูง,สะพานสูง,ขาดน้ำอาหารจำนวนมาก ตอนนี้น้ำขาดสุดๆ #ขอกระสอบทราย/อื่นๆ,https://storage.googleapis.com/traffy_public_bucket/attachment/2026-09/75bc21dba153ede6e79a595b55d19b9a.jpeg
2026-G3B673,inprogress,2026-09-28 20:15,2026-09-29 15:55,100.58904,13.87005,บางเขน,อนุสาวรีย์,น้ำในซอยพหลโยธิน 51 ปัจจุบันยังคงเท่าเดิมคะ น้ำเริ่มเน่าเหม็นคะ ประชาชนมีความลำบาดในการสัญจร และบางบ้านอาหารขาดแคลนคะ รบกวนช่วยผันน้ำออกจากซอย เพื่อให้ประชาชน สามารถสัญจรได้คะ น้ำท่วมตั้งแต่วันเสาร์ที่ 26 แล้วคะ ความสูงระดับหัวเข่า น้ำท่วมมาแล้วน้อยกว่า 1,https://storage.googleapis.com/traffy_public_bucket/attachment/2026-09/dd79911eb6cdfb976a78aae609aeaaef.jpeg
2026-H8MYCT,inprogress,2026-09-28 20:15,2026-09-29 09:10,100.68255,13.70807,ประเวศ,ประเวศ,หมู่บ้านอิมพีเรียลพาร์ค ถ.เฉลิมพระเกียรติ ร.9 ซอย 67 น้ำท่วมสูงกว่า 60 ซม. มา 3 วันแล้วครับ ออกไปข้างนอกลำบาก เสบียงที่ตุนไว้เริ่มทยอยหมดแล้วครับ ความสูงระดับเอว น้ำท่วมมาแล้วน้อยกว่า 1 สัปดาห์,https://storage.googleapis.com/traffy_public_bucket/attachment/2026-09/8e3af630a1366adca6709ce4a7e1543c.jpeg
2026-AH32UP,finish,2026-09-28 20:17,2026-10-01 15:36,100.652,13.77311,บางกะปิ,คลองจั่น,ปัญหา: ภายในแฟลตคลองจั่น อาคาร 10 เนื่องจากเกิดเหตุอุทกภัย มีน้ำท่วมขังสูงในพื้นที่ ทำให้ผู้ประสบภัยไม่สามารถเดินทางออกไปหาซื้ออาหารได้ อีกทั้งที่ผ่านมาอาหารที่นำมาแจกจ่ายในพื้นที่มีปริมาณไม่เพียงพอต่อความต้องการ โดยแจกจ่ายครั้งละประมาณ 10 กล่อง จึงมีความ,https://storage.googleapis.com/traffy_public_bucket/attachment/2022-12/da2125e781282589d482070c3dba1726aa16a4a7.jpg
2026-DBJ8WP,inprogress,2026-09-28 20:17,2026-09-28 20:39,100.70532,13.7691,สะพานสูง,สะพานสูง,น้ำบนถนน ราษฎร์พัฒนา ไม่ลดลงเลย ทำให้การเดินทางสำหรับรถเล็กไปไหนมาไหนไม่ได้ ความสูงระดับหน้าแข้ง น้ำท่วมมาแล้ว3 วัน,https://storage.googleapis.com/traffy_public_bucket/attachment/2026-09/thumb_1a9742107547b8ff58b881e2d832324b.jpg
2026-GFP8XT,inprogress,2026-09-28 20:17,2026-09-29 09:11,100.68767,13.69282,ประเวศ,ดอกไม้,น้ำท่วมสูง ระดับเข่า มาตั้งแต่วันศุกร์ที่ 25กันยา ขณะนี้ น้ำไม่ลดลงเลย ในซอยเฉลิมพระเกียรติ48 เขตประเวศ ตลอดเส้นทาง สัญจรไม่ได้ ขณะนี้น้ำเริ่มเน่าแล้ว และนังมีปลิงตัวใหญ่อีกด้วย ส่งผลเสียกับสุขภาพเป็นอย่างมาก ตามมาด้วยโรคที่มากับน้ำ อื่นๆมากมาย รบกวนช่วยเ,https://storage.googleapis.com/traffy_public_bucket/attachment/2026-09/a913548749517722b604e5ef7e6669ae.jpeg
2026-HBPMNR,inprogress,2026-09-28 20:17,2026-09-29 15:54,100.61836,13.86319,บางเขน,อนุสาวรีย์,แจ้งเหตุน้ำท่วมขัง น้ำไม่ลดเลยครับ ที่ทางเข้าซอย รามอินทรา 23 ตอนี้รถเล็กสัญจรไม่ได้เลย ความสูงระดับหัวเข่า น้ำท่วมมาแล้วน้อยกว่า 1 สัปดาห์,https://storage.googleapis.com/traffy_public_bucket/attachment/2026-09/f2c00ed4d417068ff2b644d588ca6bff.jpeg
2026-M9J3L4,forward,2026-09-28 20:19,2026-09-30 08:26,100.69253,13.8967,คลองสามวา,สามวาตะวันตก,เรื่อง ขอให้เร่งแก้ไขปัญหาน้ำท่วมบริเวณทางกลับรถตามจุดที่ปักหมุด เนื่องจากส่งผลกระทบต่อความปลอดภัยของประชาชน เรียน หน่วยงานที่เกี่ยวข้อง ขอแจ้งปัญหาน้ำท่วมขังบริเวณทางกลับรถตามจุดที่ได้ปักหมุดไว้ เนื่องจากบริเวณดังกล่าวมีปัญหาน้ำท่วมขังเมื่อมีฝนตก ส่งผล,https://storage.googleapis.com/traffy_public_bucket/attachment/2026-09/45cb196526a53df25f5a4193972e8d5f.jpeg
2026-D9D9MK,finish,2026-09-28 20:22,2026-09-30 13:44,100.6019,13.84289,ลาดพร้าว,จรเข้บัว,มีน้ำท่วมขังในซอยลาดปลาเค้า 48 กลางๆซอย ความสูงระดับข้อเท้า น้ำท่วมมาแล้ว2-3วัน,https://storage.googleapis.com/traffy_public_bucket/attachment/2026-09/02e974ef7f1de12281a6961959f7a04a.jpeg
2026-ZUPXR4,inprogress,2026-09-28 20:24,2026-09-29 15:51,100.64975,13.85944,บางเขน,ท่าแร้ง,ตรงบริเวณหน้าหมู่บ้านชวนชื่นปากทางเข้าตรงซอยรามอินทรา65 น้ำท่วมขังมาหลายวันมาก คลองตรงหมู่บ้านก็ยังน้ำก็ยังไม่ท่วมล้นทะลักน่าจะพอสูบน้ำลงคลิงตรงหมู่บ้านได้อยู่นะคะ เพราะว่าตรงนี้คือท่วมเยอะจริงๆค่ะ รวมไปถึงหมู่บ้านสุขใจรามอินทรา65ด้วย ไม่ทราบว่ามีผู้ใดแจ้,https://storage.googleapis.com/traffy_public_bucket/attachment/2026-09/05b142b68d26237415156fe25eccbc53.jpeg
2026-8A2TW7,finish,2026-09-28 20:25,2026-09-29 17:35,100.67713,13.79199,คันนายาว,รามอินทรา,น้ำท่วมในหมู่บ้านนวธานี ซอย เสรีไทย 59 น้ำท่วมสูงมากตั้งแต่ทางเข้าหมู่บ้าน สูงถึง 80-90ซม.หมู่บ้านลึกและ มีบ้านอยู่ข้างในหลายหลัง ทุกคนออกจากบ้านไม่ได้ และยังไม่มีความช่วยเหลือเข้าถึง อยากขอให้ช่วยส่งรถรับส่งเข้าออกหมู่บ้านที่คอยลุยน้ำรับชาวบ้านออกไปซื้อ,https://storage.googleapis.com/traffy_public_bucket/attachment/2026-09/0a2431e3fab42ae0875c53d788672c10.jpeg
2026-WCN3F7,finish,2026-09-28 20:27,2026-10-02 16:18,100.54368,13.83215,จตุจักร,ลาดยาว,ปัญหา: ภายในหมู่บ้านดังกล่าว พบน้ำท่วมขังเป็นเวลามากกว่า 2 วัน สร้างความเดือดร้อนให้แก่ผู้พักอาศัยในบริเวณดังกล่าว อีกทั้งมีผู้สูงอายุพักอาศัยอยู่เพียงลำพัง ไม่สามารถเดินทางสัญจรออกไปภายนอกได้ จึงมีความประสงค์ขอรับความช่วยเหลือเครื่องอุปโภคบริโภค ได้แก่ อ,https://storage.googleapis.com/traffy_public_bucket/attachment/2022-12/da2125e781282589d482070c3dba1726aa16a4a7.jpg
2026-GDF7JZ,inprogress,2026-09-28 20:28,2026-09-30 09:41,100.60648,13.94582,ดอนเมือง,สีกัน,ปัญหา: ตลอดทั้งซอยดังกล่าว เนื่องจากเหตุอุทกภัย ไม่สามารถเดินทางออกไปจัดหาเครื่องอุปโภคบริโภคได้ จึงต้องการความช่วยเหลือขอรับเครื่องอุปโภคบริโภค ซอย: วิภาวดีรังสิต 33 ถนน: วิภาวดีรังสิต จุดสังเกต: ตรงข้ามฐานทัพอากาศ เขต: ดอนเมือง #1555,https://storage.googleapis.com/traffy_public_bucket/attachment/2022-12/da2125e781282589d482070c3dba1726aa16a4a7.jpg
2026-LAKYVB,finish,2026-09-28 20:28,2026-09-29 20:32,100.70925,13.77879,สะพานสูง,สะพานสูง,สวัสดีค่ะ นางสาวรินทร์ลดา วัชวงศ์ ติดต่อเรื่องอุทกภัย ซอย เคหะร่มเกล้า 78 แยก 1 นะคะ ทางบ้านติดกับศูนย์เด็กเล็กชุมชนคลองบางเลา อยากให้ช่วยเหลือเรื่องถุงยังชีพอาหารแห้งนิดนึงได้ไหมคะพอดีทางบ้านประสบภัยมากค่ะและเพื่อนบ้านในชุมชนซึ่งไม่ได้รับการช่วยเหลือจา,https://storage.googleapis.com/traffy_public_bucket/attachment/2026-09/e6ba192e98d0b2eb68d0bea36336f034.jpeg
2026-Y3XC2D,inprogress,2026-09-28 20:29,2026-09-30 12:21,100.7287,13.76261,ลาดกระบัง,คลองสองต้นนุ่น,ปัญหา: ภายในซอยดังกล่าว บริเวณตลาดเกรียงไกร เนื่องจากเกิดเหตุอุทกภัย ไม่สามารถเดินทางสัญจรออกไปภายนอกได้ ส่งผลให้ได้รับความเดือดร้อน อาหารและน้ำดื่มใกล้หมด โดยมีประชาชนในบริเวณดังกล่าวประมาณ 20 ราย จึงมีความประสงค์ขอรับความช่วยเหลือเครื่องอุปโภคบริโภค ซอย,https://storage.googleapis.com/traffy_public_bucket/attachment/2022-12/da2125e781282589d482070c3dba1726aa16a4a7.jpg
2026-Z2BN36,inprogress,2026-09-28 20:30,2026-09-28 20:39,100.70659,13.78547,สะพานสูง,สะพานสูง,ช่วยเร่งการระบายด้วย ความสูงระดับครึ่งขาบน น้ำท่วมมาแล้ว3 วันคะ,https://storage.googleapis.com/traffy_public_bucket/attachment/2026-09/a262a42163a64b8e961bf0726b2b2c7d.jpeg
2026-2MT8C4,inprogress,2026-09-28 20:31,2026-09-29 09:12,100.68633,13.67118,ประเวศ,ดอกไม้,ระดับน้ำท่วมขังสูง รถเล็กเดินทางลำบากหรือเดินทางไม่ได้เลย ซอยเส้นนี้น้ำสามารถลดลงได้ภายในกี่วันครับ ความสูงระดับหัวเข่าได้ครับ น้ำท่วมมาแล้วตั้งแต่ฝนตกหนักก็เข้าวันที่ 3 ครับ,https://storage.googleapis.com/traffy_public_bucket/attachment/2026-09/5db6399402bef6903baedb14df6b0a8c.jpeg
2026-XPYJXT,finish,2026-09-28 20:31,2026-09-30 15:08,100.67896,13.76628,สะพานสูง,สะพานสูง,ปัญหา: ภายในหมู่บ้านสัมมากร บ้านเลขที่ 251/180 พบมีน้ำท่วมขังส่งผลให้ไม่สามารถสัญจรเข้า-ออกได้ จึงต้องการให้เจ้าหน้าที่ดำเนินการช่วยเหลือในการจัดรถเข้าไปรับจากบ้านออกมาที่คอนโดเพื่อแก้ไขปัญหาดังกล่าว หมู่บ้าน: สัมมากร ซอย: รามคำแหง 110 ถนน: รามคำแหง เขต: ,https://storage.googleapis.com/traffy_public_bucket/attachment/2022-12/da2125e781282589d482070c3dba1726aa16a4a7.jpg
2026-YM7J3U,finish,2026-09-28 20:31,2026-10-05 02:10,100.64196,13.69871,ประเวศ,หนองบอน,ขอรถขยะเข้ามาเก็บของชิ้นใหญ่ หลังน้ำท่วม ความสูงระดับหน้าแข้ง น้ำท่วมมาแล้วน้อยกว่า 1 สัปดาห์,https://storage.googleapis.com/traffy_public_bucket/attachment/2026-09/cd99d2316d5a4168b4d2dfd2f3144325.jpeg
2026-XG8HAX,finish,2026-09-28 20:32,2026-09-29 20:01,100.70054,13.78038,สะพานสูง,สะพานสูง,ตอนนี่น้ำท่วมตั้งแต่วันที่25 ระดับน้ำไม่มีท่าทีว่าจะลดแม้ฝนหยุดตก (ประมานเกือบเอว) คนในหมู่บ้านเริ่มไม่มีน้ำ/อาหารแล้วค่ะ น้ำเริ่มมีกลิ่นเน่าเหม็น อยากให้ช่วยเข้ามาแจกอาหาร น้ำดื่ม หรือเร่งระบายน้ำทีค่ะ ความสูงระดับเกือบเอวค่ะ น้ำท่วมมาแล้วตั้งแต่วันที่,https://storage.googleapis.com/traffy_public_bucket/attachment/2026-09/thumb_2e6eb28c8327fd113ed620994e256a0a.jpg
2026-DFU4UT,inprogress,2026-09-28 20:33,2026-09-29 09:58,100.72378,13.81193,มีนบุรี,มีนบุรี,เขตมีนบุรีบริเวณโรงพยาบาลนวมินทร์ 9 มีน้ำท่วมเป็นวันที่ 3 ความลึกประมาณเข่า ตอนนี้น้ำเริ่มส่งกลิ่นเหม็น และพนักงานส่วนมากเดินทางมาทำงานด้วยเท้าซึ่งต้องเดินฝ่าน้ำท่วม ทำให้เกิดความกังวลถึงการเจ็บป่วยที่อาจเกิดจากการสัมผัสน้ำ สัตว์มีพิษ และเสียชีวิตจากไฟฟ้า,https://storage.googleapis.com/traffy_public_bucket/attachment/2026-09/thumb_fef98c9609d030ca9a8b31bbebad6df9.jpg
2026-PT8CYP,inprogress,2026-09-28 20:33,2026-09-29 09:58,100.72764,13.79503,มีนบุรี,มีนบุรี,ขอความช่วยเหลือเร่งด่วน ปัญหาน้ำท่วมขังภายในชุมชนสามัคคีธรรม ซอยรามคำแหง 186/1 เขตมีนบุรี ตั้งแต่วันที่ 25–28 กันยายน 2569 ประชาชนภายในชุมชนสามัคคีธรรม ซอยรามคำแหง 186/1 ยังคงได้รับความเดือดร้อนจากสถานการณ์น้ำท่วมขังอย่างต่อเนื่อง โดยขณะนี้เป็นเวลากว่า 4 ,https://storage.googleapis.com/traffy_public_bucket/attachment/2026-09/dee0051815af1aa201150c13c1761c6a.jpeg
2026-NH68H4,finish,2026-09-28 20:35,2026-10-01 11:03,100.61037,13.701,พระโขนง,บางจาก,น้ำท่วมตั้งแต่วันศุกร์ วีนจันทร์ยังไม่ลดเลย ความสูงระดับหัวเข่า น้ำท่วมมาแล้วน้อยกว่า 1 สัปดาห์,https://storage.googleapis.com/traffy_public_bucket/attachment/2026-09/4aae34fb462b3f471a77685f3dc96d8d.jpeg
2026-Z4BXZB,inprogress,2026-09-28 20:36,2026-09-29 10:32,100.63741,13.76654,บางกะปิ,คลองจั่น,ขณะนี้บริเวณ ลาดพร้าว 136 น้ำยังไม่ลดลงเลย และประชาชนในพื้นที่ได้รับความเดือดร้อนมากค่ะ ตอนนี้ยังไม่มีหน่วยงานหรือผู้ใดนำอาหารหรือน้ำดื่มเข้ามาแจกจ่ายให้ในบริเวณนี้เลย โดยในบ้านมีทั้ง ผู้สูงอายุและผู้พิการที่เดินไม่สะดวก ไม่สามารถออกไปหาอาหารเองได้ จึง,https://storage.googleapis.com/traffy_public_bucket/attachment/2026-09/fe406c0c8ba155cf99277e7422d77b6b.jpeg
2026-3BTAYD,finish,2026-09-28 20:37,2026-10-02 09:50,100.64475,13.77262,บางกะปิ,คลองจั่น,ไม่มีน้ำดื่มให้ซื้อ #ขอกระสอบทราย/อื่นๆ,https://storage.googleapis.com/traffy_public_bucket/attachment/2026-09/30cbbc8984d2294c5ee56b323379f3f2.jpeg
2026-8MJMLY,forward,2026-09-28 20:37,2026-09-28 23:42,100.62632,13.73167,สวนหลวง,สวนหลวง,น้ำท่วมทั้งซอยพัฒนาการ 38 ตั้งแต่วันศุกร์ จนถึงวันจันทร์ ระดับน้ำไม่ลดลงเลย อยากทราบสถานการณ์การระบายน้ำของ กรุงเทพมหานคร ความสูงระดับ30-40 cm แล้วแต่จุด น้ำท่วมมาแล้ว4 วัน,https://storage.googleapis.com/traffy_public_bucket/attachment/2026-09/770d280ea6de10f52f40037b61645879.jpeg
2026-MV83VE,forward,2026-09-28 20:37,2026-09-28 20:46,100.65541,13.78952,บึงกุ่ม,คลองกุ่ม,น้ำท่วมขังจะ 3 วันแล้ว ออกจากบ้านไม่ได้ ความสูงระดับหน้าแข้ง น้ำท่วมมาแล้วน้อยกว่า 1 สัปดาห์,https://storage.googleapis.com/traffy_public_bucket/attachment/2026-09/cc26c85a34d956264f32d2bd89a75e85.jpeg
2026-TJZKWT,forward,2026-09-28 20:37,2026-10-05 16:52,100.72032,13.89098,คลองสามวา,สามวาตะวันตก,น้ำไม่ลด เริ่มมีกลิ่นเหม็น ระดับน้ำสูงประมาณ 30 ซมฺ ไม่ลดมา 2-3 วัน หมู่บ้านเคซี 7 บริเวณซอย 12 ป้อม 2 ถนนไทยรามัญ แขวงสามวาตะวันตก เขตคลองสามวา กทม 30 CM 4,https://storage.googleapis.com/traffy_public_bucket/attachment/2026-09/898573de0d61ad6aadcd5e253f49d063.jpeg
2026-3MW726,forward,2026-09-28 20:38,2026-10-05 16:52,100.72264,13.84662,คลองสามวา,บางชัน,น้ำท่วมซอยบ้านหนักค่ะ น้ำระบายไม่ได้ เพราะมีขยะอุดตันคลองค่ะ ที่อยู่ซอยสามวา 31 ถนนสามวา เขตคลองสามวา ไม่มีหน่วยราชการเข้ามาดูแลเลยค่ะ เลยเข่าขึ้นมาค่ะ ตั้งแต่วันที่ 25 กันยายน 2569,https://storage.googleapis.com/traffy_public_bucket/attachment/2026-09/11723e1e8e93b0404571ca59b6bafbd3.jpeg
2026-3AK97Z,inprogress,2026-09-28 20:39,2026-09-29 09:14,100.67778,13.72125,ประเวศ,ประเวศ,น้ำท่วมถนนตั้งแต่วันศุกร์ที่25และ ช่วงบ่ายๆก็เริ่มล้นเข้าบ้านหลายหลังในซอยอ่อนนุช61 จนถึงปัจจุบัน ปริมาณน้ำสูงขึ้นจนถึงระดับต้นขาและเริ่มส่งกลิ่นเหม็นเน่า บ้านในซอยมีทั้งบ้านชั้นเดียวและ2ชั้นซึ่งบ้านชั้นเดียวจะลำบากในการใช้ชีวิตมากและไม่สามารถใช้ห้องสุขาห,https://storage.googleapis.com/traffy_public_bucket/attachment/2026-09/0a98b9adfb957eeca6391c1cea2dcdbf.jpeg
2026-DTV3GW,finish,2026-09-28 20:39,2026-10-01 15:38,100.6524,13.77532,บางกะปิ,คลองจั่น,ปัญหา: บริเวณแฟลตคลองจั่น อาคารที่ 5 พบมีน้ำท่วมขัง เนื่องจากฝนตกหนัก จึงต้องการขอรับความช่วยเหลือด้านเครื่องอุปโภคและบริโภคเพื่อแก้ไขปัญหาดังกล่าว ถนน: เสรีไทย เขต: บางกะปิ #1555,https://storage.googleapis.com/traffy_public_bucket/attachment/2022-12/da2125e781282589d482070c3dba1726aa16a4a7.jpg
2026-KTFGH8,finish,2026-09-28 20:39,2026-09-30 08:45,100.62446,13.74416,สวนหลวง,สวนหลวง,ปัญหา: ภายในซอยพระราม 9 ซอย 41 บ้านเลขที่ 264 เนื่องจากเหตุอุทกภัย ต้องการความช่วยเหลือขอรับเครื่องอุปโภคบริโภค อาหารกล่อง (ข้าวกล่อง) และน้ำดื่ม บ้านเลขที่: 264 ซอย: พระราม 9 ที่ 41 ถนน: พระราม 9 จุดสังเกต: เข้าซอยแยกประมาณ 500 เมตร ด้านหลังคอนโด พรีเม,https://storage.googleapis.com/traffy_public_bucket/attachment/2022-12/da2125e781282589d482070c3dba1726aa16a4a7.jpg
2026-LJVVGM,inprogress,2026-09-28 20:39,2026-09-29 10:36,100.65639,13.76172,บางกะปิ,หัวหมาก,ปัญหา: บริเวณบ้านเลขที่ 12 พบมีน้ำท่วมขัง เนื่องจากฝนตกหนัก จึงต้องการขอรับความช่วยเหลือด้านเครื่องอุปโภคและบริโภคเพื่อแก้ไขปัญหาดังกล่าว ซอย: รามคำแหง 68 ถนน: รามคำแหง จุดสังเกต: บริเวณซอยสามัคคีพัฒนา 3 เขต: บางกะปิ #1555,https://storage.googleapis.com/traffy_public_bucket/attachment/2022-12/da2125e781282589d482070c3dba1726aa16a4a7.jpg
2026-GEDVPJ,inprogress,2026-09-28 20:41,2026-09-30 12:29,100.72497,13.75827,ลาดกระบัง,คลองสองต้นนุ่น,ปัญหา: บริเวณแฟลตเคหะชุมชนร่มเกล้า อาคารที่ 15 ชั้น 3 ห้องเลขที่ 347/112 พบมีน้ำท่วมขัง เนื่องจากฝนตกหนัก จึงต้องการขอรับความช่วยเหลือด้านเครื่องอุปโภคและบริโภคเพื่อแก้ไขปัญหาดังกล่าว ซอย: เคหะร่มเกล้า 37 ถนน: เคหะร่มเกล้า จุดสังเกต: บริเวณอาคารอยู่ด้านหล,https://storage.googleapis.com/traffy_public_bucket/attachment/2022-12/da2125e781282589d482070c3dba1726aa16a4a7.jpg
2026-YUDVTY,finish,2026-09-28 20:41,2026-10-01 10:33,100.68198,13.87709,บางเขน,ท่าแร้ง,ปัญหา: ภายในซอยดังกล่าว ตั้งแต่ปากซอยเลียบคลองเข้าไปเป็นระยะทางประมาณ 2 กิโลเมตร บริเวณบ้านเลขที่ 21 เนื่องจากประสบเหตุอุทกภัย มีความประสงค์ขอรับการสนับสนุนเครื่องอุปโภคบริโภคสำหรับประชาชนที่อาศัยอยู่ในชุมชน ซอย: กาญจนาภิเษก 6 ถนน: กาญจนาภิเษก เขต: บางเขน,https://storage.googleapis.com/traffy_public_bucket/attachment/2022-12/da2125e781282589d482070c3dba1726aa16a4a7.jpg
2026-4GX8BY,inprogress,2026-09-28 20:42,2026-09-28 20:46,100.69868,13.78017,สะพานสูง,สะพานสูง,นํ้าท่วมขัง กลิ่นเหม็นเน่า ความสูงระดับสูงประมาณ60 ถึง 80 ชม น้ำท่วมมาแล้วน้อยกว่า 1 สัปดาห์,https://storage.googleapis.com/traffy_public_bucket/attachment/2026-09/5758722afbb2f5be8d7b23a041629c33.jpeg
2026-C6P3EV,finish,2026-09-28 20:42,2026-10-01 12:05,100.63954,13.78416,บางกะปิ,คลองจั่น,ปัญหา: แฟลตคลองจั่น อาคาร 13 เนื่องจากเกิดเหตุอุทกภัย จึงมีความประสงค์ขอรับความช่วยเหลือด้านอาหารและน้ำดื่ม ผู้ใหญ่ 1 คน เด็ก 2 คน ถนน: ลาดพร้าว เขต: บางกะปิ #1555,https://storage.googleapis.com/traffy_public_bucket/attachment/2022-12/da2125e781282589d482070c3dba1726aa16a4a7.jpg
2026-UJFK8A,start,2026-09-28 20:42,2026-09-28 20:42,100.7576,13.77405,ลาดกระบัง,คลองสามประเวศ,น้ำท่วมขังหมู่บ้านพาราไดซ์การ์เด้นในซอยร่ทเกล้า 19 ค่ะ น้ำขึ้นเรื่อยๆเลยค่ะ เดินทางออกจากหมู่บ้านไม่ได้เลยค่ะ ความสูงระดับหัวเข่า น้ำท่วมมาแล้วน้อยกว่า 1 สัปดาห์,https://storage.googleapis.com/traffy_public_bucket/attachment/2026-09/bba04a7820f966d044fa14c58fbc4a69.jpeg
2026-X8KARB,finish,2026-09-28 20:42,2026-10-01 14:14,100.57205,13.86905,หลักสี่,ตลาดบางเขน,น้ำท่วมขังทางเข้าออกซอยวิภาวดีรังสิต 27 ความสูงระดับหัวเข่า น้ำท่วมมาแล้วน้อยกว่า 1 สัปดาห์,https://storage.googleapis.com/traffy_public_bucket/attachment/2026-09/a981348114b6f936b70d62e86ed16b20.jpeg
2026-JR8E9T,inprogress,2026-09-28 20:43,2026-09-28 21:22,100.62525,13.80777,บางกะปิ,คลองจั่น,น้ำท่วมขังมาหลายวัน ไม่ลด ความสูงระดับหัวเข่า น้ำท่วมมาแล้วน้อยกว่า 1 สัปดาห์,https://storage.googleapis.com/traffy_public_bucket/attachment/2026-09/c4b40add3e2306e4605bc7a5e6d95b1a.jpeg
2026-3FZ3LA,forward,2026-09-28 20:44,2026-09-29 21:46,100.62623,13.8951,สายไหม,คลองถนน,น้ำท่วม ซอยเพิ่มสิน 20 แยก6 แขวงคลองถนน เขตสายไหม น้ำท่วมไม่ลดเลยค่ะ 3วันแล้ว ออกจากบ้านก็ไม่ได้ น้ำสูงวิ่งได้แค่กระบะสูงกับรถบรรทุก ฝากจนท มาดูเรื่องการระบายน้ำหน่อยค่ะ มันไม่ขยับเลย เราเดินสำรวจในซอย ท่อก็ไม่มีขยะอุดตัน แต่น้ำไม่ลงเลย ความสูงระดับหัวเ,https://storage.googleapis.com/traffy_public_bucket/attachment/2026-09/2d172c298aef3d26443a709709ee26ed.jpeg
2026-PZWZPP,finish,2026-09-28 20:44,2026-10-03 13:46,100.69827,13.83434,คลองสามวา,บางชัน,ปัญหา: ภายในซอยพระยาสุเรนทร์ 30 บ้านเลขที่ 875 เนื่องจากเกิดเหตุอุทกภัย จึงมีความประสงค์ขอรับความช่วยเหลือด้านอาหารและน้ำดื่ม ผู้สูงอายุ 2 คน ผู้ใหญ่ 2 คน เด็ก 3 คน รวม 7 คน ถนน: พระยาสุเรนทร์ เขต: คลองสามวา #1555,https://storage.googleapis.com/traffy_public_bucket/attachment/2022-12/da2125e781282589d482070c3dba1726aa16a4a7.jpg
2026-UCVBMP,start,2026-09-28 20:44,2026-09-28 20:44,100.73263,13.77219,ลาดกระบัง,คลองสองต้นนุ่น,น้ำท่วมไม่มีการระบายน้ำออก 3 วันแล้ว ไม่ลดลงเลยต้องการให้ระบายน้ำออกบ้าง ขอความช่วยเหลือ ความสูงระดับเลยหัวเข่า น้ำท่วมมาแล้วหยิบท่วมมา 3 วัน 26 27 แล้วก็ 28 ค่ะ,https://storage.googleapis.com/traffy_public_bucket/attachment/2026-09/8f52cc202f837370bdf89198a0970c77.jpeg
2026-YLHTJM,inprogress,2026-09-28 20:44,2026-09-28 21:38,100.64126,13.78151,บางกะปิ,คลองจั่น,อฝากถึงหน่วยงานรัฐได้ไหมคะ นอกจากอาหารแล้ว รถโดยสารก็จำเป็นมากช่วงที่น้ำยังสูง อยากให้หน่วยงานรัฐจัดรถสูงอำนวยความสะดวกเป็นให้คนที่ต้องเดินทางไปทำงานหรือออกไปซื้อของกินของใช้ โดยเปิดรับเป็นจุดๆ แล้วไปส่งในที่ที่เดินทางต่อได้สะดวก เช่น ป้ายรถเมล์ที่น้ำไม่ส,https://storage.googleapis.com/traffy_public_bucket/attachment/2026-09/51971bea8d25bc7204d9197bac943e2e.jpeg
2026-8VUJHH,finish,2026-09-28 20:45,2026-10-05 13:29,100.67219,13.87543,บางเขน,ท่าแร้ง,น้ำท่วมไม่ลด แทบมีกลิ่น ความสูงระดับเอว น้ำท่วมมาแล้วน้อยกว่า 1 สัปดาห์,https://storage.googleapis.com/traffy_public_bucket/attachment/2026-09/2191cd495311ddba1f0ff2fa442e3fa6.jpeg
2026-B8Z3NL,inprogress,2026-09-28 20:45,2026-09-28 20:57,100.65222,13.78814,บึงกุ่ม,คลองกุ่ม,ปัญหา: ชุมชนสามัคคีพัฒนา ซอย 6 เนื่องจากเกิดเหตุอุทกภัย จึงมีความประสงค์ขอรับความช่วยเหลือด้านอาหารและน้ำดื่ม จำนวน 10 คน ถนน: นวมินทร์ เขต: บึงกุ่ม #1555,https://storage.googleapis.com/traffy_public_bucket/attachment/2022-12/da2125e781282589d482070c3dba1726aa16a4a7.jpg
2026-GNMNPY,inprogress,2026-09-28 20:45,2026-09-29 16:42,100.62698,13.86496,บางเขน,อนุสาวรีย์,น้ำในซอยหลัก รามอินทรา 39 แห้งหมดแล้ว คงเหลือในซอยย่อย ผู้แจ้งอยู่ในซอย 39 แยก 7 ซึ่งในวันนี้ 28-9-69 น้ำยังคงเยอะ และยังมีน้ำในบ้าน น้ำเริ่มมีกลิ่นแล้ว ทั้งนี้จากการเข้า-ออกซอยพบว่าซอยย่อยหลายซอยที่มีน้ำขังเช่นกัน อยากให้เจ้าหน้าที่ช่วยมาดูแลดูดน้ำออกจาก,https://storage.googleapis.com/traffy_public_bucket/attachment/2026-09/c7739c037ed7559a0b34d70a5a5fd53c.jpeg
2026-VCH6LD,inprogress,2026-09-28 20:45,2026-09-28 20:47,100.69938,13.78276,สะพานสูง,สะพานสูง,น้ำท่วมในหมู่บ้านธารารมณ์ รามคำแหง 150 private zone น้ำขังเป็นเวลา 4 วันแล้วค่ะ น้ำสูงระดับเข่าถึงต้นขา ความสูงระดับจุดที่สูงที่สุดอยู่ที่ต้นขาค่ะ น้ำท่วมมาแล้ว4 วันแล้วค่ะ,https://storage.googleapis.com/traffy_public_bucket/attachment/2026-09/017a0f06313fbd5151d651e545deadc0.jpeg
2026-CLYPKZ,inprogress,2026-09-28 20:46,2026-09-29 15:56,100.60596,13.89429,บางเขน,อนุสาวรีย์,น้ำท่วมยังไม่ลดเลยตั้งแต่วันที่ 23 มาแล้ววันนี้วันที่ 28แก้ไขเลย ส่งเรื่องมาแล้วรอบนึงพอจะส่งไฟล์รูปภาพระบบ cancel เฉยเลย รบกวนช่วยแก้ไขให้ด้วยครับเดือดร้อนมากหลายวันแล้วน้ำยังไม่ลด ความสูงระดับหน้าบ้าน 70 cm หน้าปากซอย 120 cm น้ำท่วมมาแล้ว5 วันแล้วครับ,https://storage.googleapis.com/traffy_public_bucket/attachment/2026-09/thumb_5982b35058579462b4936ede7f1179a7.jpg
2026-MMJM3W,finish,2026-09-28 20:46,2026-09-29 17:52,100.60599,13.89185,บางเขน,อนุสาวรีย์,ปัญหา: ภายในชุมชนรุ่นใหม่พัฒนา เนื่องจากเหตุอุทกภัย ต้องการความช่วยเหลือขอรับเครื่องอุปโภคบริโภค ถนน: พหลโยธิน เขต: บางเขน #1555,https://storage.googleapis.com/traffy_public_bucket/attachment/2022-12/da2125e781282589d482070c3dba1726aa16a4a7.jpg
2026-KYMFVF,finish,2026-09-28 20:47,2026-09-29 17:54,100.58683,13.85928,บางเขน,อนุสาวรีย์,ปัญหา: ภายในซอยพหลโยธิน 49/1 ถึง 49/2 บริเวณชุมชนสามัคคีร่วมใจ เนื่องจากเหตุอุทกภัย ต้องการความช่วยเหลือขอรับเครื่องอุปโภคบริโภค ให้แก่ประชาชนและกลุ่มผู้สูงอายุจำนวนมาก หมู่บ้าน: ชุมชนสามัคคีร่วมใจ ถนน: พหลโยธิน จุดสังเกต: ใกล้เคียงโรงเรียนปราโมทย์วิทยาคา,https://storage.googleapis.com/traffy_public_bucket/attachment/2022-12/da2125e781282589d482070c3dba1726aa16a4a7.jpg
2026-YNHLHB,inprogress,2026-09-28 20:47,2026-09-28 20:57,100.65141,13.80538,บึงกุ่ม,คลองกุ่ม,ปัญหา: ภายในซอยดังกล่าว หมู่บ้านธนะสิน โครงการ 5 บ้านเลขที่ 4/848 เนื่องจากเกิดเหตุอุทกภัย จึงมีความประสงค์ขอรับความช่วยเหลือด้านอาหารและน้ำดื่ม จำนวน 1 คน ซอย: นวมินทร์ 68 ถนน: นวมินทร์ เขต: บึงกุ่ม #1555,https://storage.googleapis.com/traffy_public_bucket/attachment/2022-12/da2125e781282589d482070c3dba1726aa16a4a7.jpg
2026-Z2DL32,inprogress,2026-09-28 20:47,2026-09-29 09:13,100.69028,13.66915,ประเวศ,ดอกไม้,มาลดระดับน้ำลงหน่อย ได้ไหม ไปทำงานก้ไม่ได้ จะตกงานก้ตอนนี้แหละ ปรับลดระดับน้ำลง10-20ซม พอให้รถออกไปทำงานหน่อย ไม่ได้ทำงานราชการนะค่ะ มาดูหน่อย ความสูงระดับที่ซอยทุ่งเศรษฐี1-24 ลึก50ซม น้ำท่วมมาแล้ว4วัน,https://storage.googleapis.com/traffy_public_bucket/attachment/2026-09/d0f4ea0b1c71f361aadcb46d426852d9.jpeg
2026-N79N74,finish,2026-09-28 20:48,2026-09-30 08:46,100.63801,13.71681,สวนหลวง,สวนหลวง,ปัญหา: ภายในซอยดังกล่าว บ้านเลขที่ 84 เนื่องจากเกิดเหตุอุทกภัย จึงมีความประสงค์ขอรับความช่วยเหลือด้านอาหารและน้ำดื่ม จำนวน 4 คน ซอย: อ่อนนุช 39 ถนน: ศรีนครินทร์ เขต: สวนหลวง #1555,https://storage.googleapis.com/traffy_public_bucket/attachment/2022-12/da2125e781282589d482070c3dba1726aa16a4a7.jpg
2026-9P72HD,inprogress,2026-09-28 20:49,2026-09-29 08:45,100.81902,13.83426,หนองจอก,โคกแฝด,ขอหินมาลงทางเข้าหน้าบ้านตอนนี้เจอน้ำท่วมขัง ทำให้เข้าออกจากบ้านลำบาก อีกทั้งรถขนส่งก็ไม่กล้าเข้ามา เพราะกลัวน้ำจะสูง เนื่องจากถนนในซอยน้ำท่วมขังอยู่ท้ายซอยบ้านหลังสุดท้ายหลังเดียว เป็นผู้ติดเกาะ ปกติขอหินมาก็ชอบเอามาลงให้แต่ปากซอยจนตอนนี้ปากซอยหินสูงแล้ว,https://storage.googleapis.com/traffy_public_bucket/attachment/2026-09/1acd8d92be5c0b2081cf2e1607000238.jpeg
2026-EP9ZA3,inprogress,2026-09-28 20:50,2026-09-28 21:05,100.63523,13.68744,พระโขนง,บางจาก,ทายซอย ถนนสุขมวิท101/1 ระหว่างแยก ขวาไปประวิทย์และเพื่อน ทางซ้ายมีน้ำถ่วมขัง รถสันจรรำบาก น้ำจุดนี้ยังไม่รถสักที เท่าฟุตบาท 4 วัน,https://storage.googleapis.com/traffy_public_bucket/attachment/2026-09/17b6c9f9278541bb0ea4385f3dc809bf.jpeg
2026-WH8ATB,start,2026-09-28 20:50,2026-09-28 20:50,100.78371,13.71748,ลาดกระบัง,ลาดกระบัง,ตอนนี้น้ำท่วมสูงและไม่มีท่าทีว่าจะลงเลยค่ะ ไม่มีคนเข้ามาดู หรือ ช่วยจัดการ จาดหน่วยงานใดใด ชาวบ้านต้องช่วยดูแลกันเอง ความสูงระดับถึงเอวละค่ะ น้ำท่วมมาแล้ว3วันละค่ะ,https://storage.googleapis.com/traffy_public_bucket/attachment/2026-09/5759b24f2524b6acd578fbae242109fc.jpeg
2026-XRHJKM,forward,2026-09-28 20:50,2026-09-28 23:52,100.58125,13.84509,จตุจักร,เสนานิคม,ถนนพหลโยธิน40-42 น้ำไม่ลดเลย ซอยพหลโยธิน40-42น้ำไม่ลดเลบค่ะ 3วันค่ะ,https://storage.googleapis.com/traffy_public_bucket/attachment/2026-09/cdb84c7b4d444e4b77de7aa8b0d31f14.jpeg
2026-YY3L8P,forward,2026-09-28 20:50,2026-09-28 23:38,100.64343,13.74469,สวนหลวง,สวนหลวง,น้ำท่วมไม่ลด ทั้งๆที่ถนนเส้นเดียวกันละแวกอื่นลดหมดแล้ว อุโมงค์แยกพัฒนาการในอุโมงค์แห้งมาก ตรงนี้จมบาดาล สูบน้ำลงอุโมงค์ก็ได้นะคะ ช่วยระบายน้ำที ทำยังไงก็ได้ แต่ช่วยระบายน้ำที คนจะเข้ามารับก็ไม่กล้า ตรงเราน้ำสูงกว่าบริเวณอื่นๆ รถจอดตายกันเต็ม ไม่มีใครอยากเ,https://storage.googleapis.com/traffy_public_bucket/attachment/2026-09/7b5a4744f38112e2a3f2f43b5a834448.jpeg
2026-2DHT3Z,finish,2026-09-28 20:51,2026-10-02 12:01,100.82685,13.80598,หนองจอก,ลำผักชี,ปัญหา: ภายในซอยดังกล่าว เนื่องจากเหตุอุทกภัย ระดับน้ำสูง ไม่สามารถเดินทางออกไปจัดหาเครื่องอุปโภคบริโภคได้ ต้องการความช่วยเหลือขอรับเครื่องอุปโภคบริโภค ซอย: สุวินทวงศ์ 52 ถนน: สุวินทวงศ์ จุดสังเกต: เข้าซอยดังกล่าวไปประมาณ 200 เมตร เขต: หนองจอก #1555,https://storage.googleapis.com/traffy_public_bucket/attachment/2022-12/da2125e781282589d482070c3dba1726aa16a4a7.jpg
2026-FTCG9F,inprogress,2026-09-28 20:51,2026-09-30 09:36,100.62016,13.94671,ดอนเมือง,สนามบิน,น้ำในซอยสูงมาก ขึ้นเรื่อยๆรบกวนดูระบายที่ค่ะ ความสูงระดับซอยวิภาวดี 84 ข้างใน น้ำท่วมมาแล้ว80,https://storage.googleapis.com/traffy_public_bucket/attachment/2026-09/4c1f0b6243e67305b6c9cd19287608b8.jpeg
2026-VAURRJ,inprogress,2026-09-28 20:51,2026-09-29 08:44,100.89207,13.84528,หนองจอก,กระทุ่มราย,ซอยสังฆสันติสุข 40 ค่ะ น้ำท่วมและเริ่มขึ้นสูงค่ะ ตั้งแต่กลางซอยขึ้นไปค่ะ ถนนเดิมมีหลุมบ่อเยอะคะ กลัวการสัญจร จะเกิดอันตรายค่ะ ประมาณ 30-40 ซม. ค่ะ เริ่มท่วม เมื่อวานเสาร์ค่ะ,https://storage.googleapis.com/traffy_public_bucket/attachment/2026-09/0fc5230250d3d77876f0dc815970a717.jpeg
2026-TNHJHF,inprogress,2026-09-28 20:52,2026-09-28 21:30,100.71242,13.78867,มีนบุรี,มีนบุรี,ปัญหา: ภายในหมู่บ้าน เพอร์เฟค เพรส เฟส 2 บ้านเลขที่ 50/191 เนื่องจากเหตุอุทกภัย ต้องการความช่วยเหลือขอรับเครื่องอุปโภคบริโภค หมู่บ้าน: เพอร์เฟค เพรส เฟส 2 ซอย: รามคำแหง 174 ถนน: รามคำแหง จุดสังเกต: เข้าซอยดังกล่าวไปประมาณ 1.5 กิโลเมตร เขต: มีนบุรี #1555,https://storage.googleapis.com/traffy_public_bucket/attachment/2022-12/da2125e781282589d482070c3dba1726aa16a4a7.jpg
2026-BHNUKG,inprogress,2026-09-28 20:53,2026-09-29 08:43,100.81148,13.87351,หนองจอก,คู้ฝั่งเหนือ,หมูบ้าน RD Natural Park ในซอยคู้คลองสิบ 2 น้ำท่วมประมาณหน้าแข้งเนื่องจากน้ำในคลองเอ่อขึ้นมาท่วมมาแล้วน้อยกว่าเจ็ดวัน เริ่มส่งกลิ่น ความสูงระดับหน้าแข้ง น้ำท่วมมาแล้วน้อยกว่า 1 สัปดาห์,https://storage.googleapis.com/traffy_public_bucket/attachment/2026-09/e11d29a45e216d6d0b5a447194f4b2d3.jpeg
2026-TF23GV,start,2026-09-28 20:53,2026-09-28 20:53,100.72327,13.73704,ลาดกระบัง,คลองสองต้นนุ่น,น้ำท่วมเข้าในบ้าน ไม่สามารถออกจากบ้านได้เลย ความสูงระดับตอนนี้ถึงเอวแล้วค่ะ น้ำท่วมมาแล้วตั้งแต่คืนวันที่ 25ค่ะ,https://storage.googleapis.com/traffy_public_bucket/attachment/2026-09/19a9aa771d01aed5e275a914d05ee490.jpeg
2026-36B8GU,finish,2026-09-28 20:54,2026-09-30 13:43,100.60157,13.83256,ลาดพร้าว,จรเข้บัว,หมู่บ้านทาวเฮ้าสน์เสนานิเวศน์102 ถ.เสนานิคม1 จรเข้บัว ลาดพร้าว ติดกับมินิบิ๊กซีเสนานิคม น้ำท่วมตั้งแต่วันศุกร์ อยากได้เครื่องสูบน้ำ ความสูงระดับหน้าแข้ง น้ำท่วมมาแล้วน้อยกว่า 1 สัปดาห์,https://storage.googleapis.com/traffy_public_bucket/attachment/2026-09/d22542d3aa3086a86df29645b450dd1f.jpeg
2026-F23RDZ,finish,2026-09-28 20:54,2026-10-03 11:46,100.69649,13.8404,คลองสามวา,บางชัน,บริเวณแยกลำกะโหลก ถนนพระยาสุเรนทร์ เชื่อมกับถนนสุเหร่าคลองหนึ่ง มีน้ำท่วมขังมาตั้งแต่คืนวันศุกร์ - เช้าวันจันทร์ เห็นข่าวในพื้นที่อื่นๆเช่น ถนนเพชรบุรีตัดใหม่ น้ำลดลงแล้ว เหตุใดบริเวณพื้นที่ที่ผมแจ้งไปข้างต้น ยังไม่ระบายน้ำออกไปบ้างเหมือนในเมืองครับ (ผมไม,https://storage.googleapis.com/traffy_public_bucket/attachment/2026-09/dadafd8431dc5fa3f0d86bfd2c718155.jpeg
2026-BYZ6MN,inprogress,2026-09-28 20:55,2026-09-28 23:37,100.64286,13.71139,สวนหลวง,สวนหลวง,ในซอยมีน้ำท่วมขังระดับสูง เดินทางลำบาก รถยนต์ไม่สามารถเข้าได้เนื่องจากน้ำลึก และผู้คนเดินทางลำบากเพื่อเดินทางหาของบริโภค ซึ่งน้ำไหลมาจากถนนใหญ่เรื่อยๆ ไม่มีการหยุดไหลเข้ามาค่ะ และขยะมีจำนวนมาก ยังไม่มีหน่วยงานไหนเข้ามาช่วยเหลือตั้งแต่วันที่25กย69ค่ะ ความส,https://storage.googleapis.com/traffy_public_bucket/attachment/2026-09/ab6e5e9899dbc0cd1876d63bef62497b.jpeg
2026-FGY39K,forward,2026-09-28 20:55,2026-09-28 21:03,100.663,13.80066,บึงกุ่ม,คลองกุ่ม,ซอยนวมินทร์ 42 ทุกซอย เดือดร้อนมาก เพราะน้ำท่วมสูง ไม่ลง เลย ค่ะ อยากให้ ช่วยสูบน้ำ ออกจากซอย ค่ะ ถ้ากลางซอย หน้าขา ถัดมา เกือบท้ายซอย หัวเข่า ถ้าสุดซอยเลย ข้อเท้า แต่ด้วยซอยลึก ที่บ้าน มีแต่รถเก๋ง เลยออกไปไหน ไม่ได้ แถม ยังมีหมู่บ้าน สูบน้ำออกมาอีก เพราะ,https://storage.googleapis.com/traffy_public_bucket/attachment/2026-09/31a7047b91150a43e69b92771398b75f.jpeg
2026-LENF8P,inprogress,2026-09-28 20:55,2026-09-28 21:20,100.68641,13.77701,สะพานสูง,สะพานสูง,รถน้ำท่วม ที่รามคำแหง 118 แยก 13 ยังไม่มีใครมาช่วย ความสูงระดับหัวเข่า น้ำท่วมมาแล้วน้อยกว่า 1 สัปดาห์,https://storage.googleapis.com/traffy_public_bucket/attachment/2026-09/b8c69ed0c720a3c921fca9172ec04684.jpeg
2026-UCRA3P,inprogress,2026-09-28 20:55,2026-09-28 21:13,100.65353,13.7838,บึงกุ่ม,คลองกุ่ม,ปัญหา: ภายในซอยดังกล่าว เนื่องจากเกิดเหตุอุทกภัย มาเป็นเวลา 3 วันแล้ว ปัจจุบันขาดแคลนอาหารและน้ำดื่ม จึงมีความประสงค์ขอรับความช่วยเหลือด้านอาหารและน้ำดื่ม สำหรับผู้สูงอายุ 1 ราย เด็ก 1 ราย และสุนัข 4 ตัว หมู่บ้าน: ศรีนครพัฒนา 1 ซอย: นวมินทร์ 24 (ซอยอุเทน ,https://storage.googleapis.com/traffy_public_bucket/attachment/2022-12/da2125e781282589d482070c3dba1726aa16a4a7.jpg
2026-LEW3UX,inprogress,2026-09-28 20:58,2026-09-28 23:36,100.63357,13.73109,สวนหลวง,สวนหลวง,ปัญหา: ภายในซอยดังกล่าว พบน้ำท่วมขังระดับสูงประมาณ 40 เซนติเมตร ส่งผลให้ผู้พักอาศัยบริเวณดังกล่าวได้รับความเดือดร้อน จึงขอให้เจ้าหน้าที่ที่เกี่ยวข้องเร่งดำเนินการระบายน้ำ ซอย: พัฒนาการ 46 ถนน: พัฒนาการ เขต: สวนหลวง #1555,https://storage.googleapis.com/traffy_public_bucket/attachment/2022-12/da2125e781282589d482070c3dba1726aa16a4a7.jpg
2026-WFFT8P,inprogress,2026-09-28 20:58,2026-10-01 15:00,100.85283,13.80445,หนองจอก,ลำผักชี,บ้านน้ำท่วม อยู่ในซอย สุวินทวงศ์76 เข้ามาหลังแรกซ้ายมือ น้ำเข้ามาที่นอน ตู้ผู้เสีย ต้องการถุงยังชีพ และยารักษาน้ำกัดเท้าค่ะ ความสูงระดับหน้าแข้ง น้ำท่วมมาแล้วน้อยกว่า 1 สัปดาห์,https://storage.googleapis.com/traffy_public_bucket/attachment/2026-09/cae980bf8dff2d4e1c9a4fb217cd0e28.jpeg
2026-6VJNE6,inprogress,2026-09-28 21:01,2026-09-29 09:23,100.66689,13.72323,ประเวศ,ประเวศ,น้ำท่วมสูงเข้าบ้านติดต่อกัน ภายในบ้านมีเด็กเล็ก ความสูงระดับเอว น้ำท่วมมาแล้วน้อยกว่า 1 สัปดาห์,https://storage.googleapis.com/traffy_public_bucket/attachment/2026-09/8454f31d439f6ce1927c2dd7ac6103a2.jpeg
2026-P3EYNY,inprogress,2026-09-28 21:01,2026-09-29 15:44,100.63656,13.88415,บางเขน,ท่าแร้ง,ชุมชนหมู่บ้านอนันต์สุขสันต์รุ่น20 น้ำลึกมากๆ เดินทางลำบากมาก ไม่มีหน่วยงานทางเขตบางเขน หรือ เครื่องสูบน้ำมาช่วยเหลือบ้างเลยคะ เข้ามาดูแลหน่อยคะ ความสูงระดับหน้าแข้ง น้ำท่วมมาแล้วน้อยกว่า 1 สัปดาห์,https://storage.googleapis.com/traffy_public_bucket/attachment/2026-09/60a8e74bb7ba6c712eaba0af8f408785.jpeg
2026-W6KZVV,finish,2026-09-28 21:02,2026-09-30 12:16,100.6315,13.90944,สายไหม,คลองถนน,ปัญหา: ภายในหมู่บ้านไลโอ เนื่องจากเหตุอุทกภัย ต้องการความช่วยเหลือขอรับเครื่องอุปโภคบริโภค หมู่บ้าน: ไลโอ ซอย: พหลโยธิน 54/1 แยก 4-13 ถนน: พหลโยธิน จุดสังเกต: ข้างซอยวัดเกาะ เขต: สายไหม #1555,https://storage.googleapis.com/traffy_public_bucket/attachment/2022-12/da2125e781282589d482070c3dba1726aa16a4a7.jpg
2026-U4D26D,finish,2026-09-28 21:04,2026-09-29 16:38,100.6823,13.81344,คันนายาว,คันนายาว,ปัญหา: ภายในหมู่บ้านดังกล่าว บริเวณบ้านเลขที่ 58/474 เนื่องจากเกิดเหตุอุทกภัย มีน้ำท่วมขังสูงบริเวณท้ายซอย ไม่สามารถเดินทางออกจากบ้านเพื่อหาซื้ออาหารได้ และไม่สามารถติดต่อสำนักงานเขตคันนายาวได้ ภายในบ้านมีผู้ประสบภัยพักอาศัยอยู่จำนวน 3 คน รวมถึงผู้สูงอายุ,https://storage.googleapis.com/traffy_public_bucket/attachment/2022-12/da2125e781282589d482070c3dba1726aa16a4a7.jpg
2026-XNTXUP,finish,2026-09-28 21:04,2026-09-29 20:02,100.67831,13.76604,สะพานสูง,สะพานสูง,ปัญหา: ภายในซอย รามคำแหง 110 และ ซอย รามคำแหง 112 หมู่บ้านสัมมากร บริเวณบ้านเลขที่ 254/134 เนื่องจากเกิดเหตุอุทกภัย จึงมีความประสงค์ขอรับความช่วยเหลือด้านอาหารและน้ำดื่ม บ้านเลขที่: 254/134 ซอย: รามคำแหง 110 ถนน: รามคำแหง จุดสังเกต: สัมมากร ซอย 48/5 เขต: ,https://storage.googleapis.com/traffy_public_bucket/attachment/2022-12/da2125e781282589d482070c3dba1726aa16a4a7.jpg
2026-9AJKER,inprogress,2026-09-28 21:07,2026-09-28 21:37,100.63412,13.77544,บางกะปิ,คลองจั่น,น้ำท่วม ระดับน้ำยังไม่ลดลง ในบ้านน้ำสูงประมาณเข่า ตอนนี้น้ำเน่ามาก และในบ้านชื้น มีกลิ่นเหม็น ยังไม่มีหน่วยราชการ เข้ามาดูแล ความสูงระดับหัวเข่า น้ำท่วมมาแล้วน้อยกว่า 1 สัปดาห์,https://storage.googleapis.com/traffy_public_bucket/attachment/2026-09/1b3eac5289361da228f2a8b55ddb653b.jpeg
2026-K7R7ZY,inprogress,2026-09-28 21:07,2026-09-30 13:07,100.64601,13.77312,บางกะปิ,คลองจั่น,ปัญหา: บริเวณบ้านเลขที่ 205 ชั้น 2 และบริเวณโดยรอบ เนื่องจากเกิดเหตุอุทกภัย มีน้ำท่วมขัง ไม่สามารถเดินทางออกไปภายนอกได้ ทำให้ประชาชนที่พักอาศัยจำนวน 8 ครัวเรือน รวมประมาณ 16 ราย ได้รับความเดือดร้อน จึงมีความประสงค์ขอรับความช่วยเหลือเครื่องอุปโภคบริโภค ได้,https://storage.googleapis.com/traffy_public_bucket/attachment/2022-12/da2125e781282589d482070c3dba1726aa16a4a7.jpg
2026-VXRCHE,finish,2026-09-28 21:08,2026-10-05 14:46,100.63487,13.76268,บางกะปิ,หัวหมาก,เป็นผู้ประสบภัยบ้านพักอาศัยน้ำท่วม ความสูงระดับหน้าแข้ง น้ำท่วมมาแล้วน้อยกว่า 1 สัปดาห์,https://storage.googleapis.com/traffy_public_bucket/attachment/2026-09/789c5db2af9d9592a651d06c388725d5.jpeg
2026-E7R2XL,inprogress,2026-09-28 21:09,2026-09-29 21:44,100.66694,13.88069,สายไหม,ออเงิน,น้ำท่วมท้ายซอยหมู่บ้านแลนซีโอสุขาภิบาล5ซ32 เนื่องจากท้ายซอยเป็นคลองน้ำในคลองสูงน้ำระบายไม่ได้และมีผักและวัชพืชขวางทางน้ำ รบกวนมากำจัดเปิดทางให้น้ำไหลได้ด้วยค่ะ ความสูงระดับหน้าแข้ง น้ำท่วมมาแล้วน้อยกว่า 1 สัปดาห์,https://storage.googleapis.com/traffy_public_bucket/attachment/2026-09/6ba30be0b85c03f7ff1a09b89cda7353.jpeg
2026-KAUNFR,finish,2026-09-28 21:10,2026-10-03 13:45,100.72263,13.83241,คลองสามวา,บางชัน,ปัญหา: ภายในซอยดังกล่าว บริเวณบ้านเลขที่ 454 เนื่องจากเกิดเหตุอุทกภัย จึงมีความประสงค์ขอรับความช่วยเหลือด้านอาหารและน้ำดื่ม สำหรับผู้พักอาศัย อีกทั้งยังมีผู้ป่วย 1 คน ซอย: ชายคลอง 15 ถนน: สามวา เขต: คลองสามวา #1555,https://storage.googleapis.com/traffy_public_bucket/attachment/2022-12/da2125e781282589d482070c3dba1726aa16a4a7.jpg
2026-CAYPLW,inprogress,2026-09-28 21:13,2026-09-29 09:16,100.68659,13.67112,ประเวศ,ดอกไม้,น้ำท่วมบริเวณซอยหมู่บ้านทุ่งเศรษฐีค่ะ สูงประมาณ 40-50ซม. ไม่มีแนวโน้มจะลดลง น้ำไหลเข้าในซอยบ้าน ร่วมกับน้ำในคลองเอ่อล้นออกมา มีขยะจำนวนมาก ส่งกลิ่นเหม็นด้วยค่ะ ความสูงระดับหัวเข่า น้ำท่วมมาแล้วน้อยกว่า 1 สัปดาห์,https://storage.googleapis.com/traffy_public_bucket/attachment/2026-09/6e79efbbfa65df15c4aea28566571653.jpeg
2026-DAHGE2,inprogress,2026-09-28 21:13,2026-09-28 21:16,100.65302,13.78331,บึงกุ่ม,คลองกุ่ม,ปัญหา: บริเวณหน้าบ้านเลขที่ 373/107 พบน้ำท่วมขัง ส่งผลให้ประตูรั้วได้รับความเสียหายและเอนเอียงประมาณ 45 องศา ไม่สามารถเปิดออกใช้งานได้ จึงขอให้หน่วยงานที่เกี่ยวข้องเข้าตรวจสอบและดำเนินการแก้ไข เนื่องจากผู้พักอาศัยภายในบ้านดังกล่าวไม่สามารถออกจากบ้านได้ ซ,https://storage.googleapis.com/traffy_public_bucket/attachment/2022-12/da2125e781282589d482070c3dba1726aa16a4a7.jpg
2026-ED8HAU,follow,2026-09-28 21:13,2026-10-05 13:58,100.38256,13.78992,ทวีวัฒนา,ศาลาธรรมสพน์,แจ้งเหตุน้ำท่วมในหมู่บ้านกรีนิชชาเล่ต์ถนนบรมราชชนนี 62/6 ขณะนี้น้ำยังคงท่วมอยู่ ความสูงของระดับน้ำภายในหมู่บ้านประมาณ 70-80 cm ในขณะที่หมู่บ้านโดยรอบแห้งสนิทแล้ว ปริมาณน้ำในคลองควาย ณจุดวัดคลองควายตอนถนนบรมราชชนนี มีความสุขเพียง 75 cm ถนนบริเวณหน้าบ้าน สู,https://storage.googleapis.com/traffy_public_bucket/attachment/2026-09/817eda6ffdc73f98779c764386e171e3.jpeg
2026-UGX3K8,forward,2026-09-28 21:13,2026-10-05 16:52,100.74407,13.84685,คลองสามวา,ทรายกองดิน,น้ำท่สมหนักรอบหมู่บ้านโดยช่วงสะพานเข้าหมู่บ้านหนักสุดสูง50-60ซม ความสูงระดับสรุปจะต้องส่งกี่ครั้งส่งไป4รอบบอกกดใหม่ น้ำท่วมมาแล้วมากกว่า 1 สัปดาห์,https://storage.googleapis.com/traffy_public_bucket/attachment/2026-09/ea3baa179db5e4c5aec446407cb1de90.jpeg
2026-BM286L,inprogress,2026-09-28 21:15,2026-09-29 15:43,100.61712,13.86983,บางเขน,อนุสาวรีย์,ระดับน้ำไม่ลดลงเลยครับ ความสูงระดับหน้าแข้ง น้ำท่วมมาแล้วน้อยกว่า 1 สัปดาห์,https://storage.googleapis.com/traffy_public_bucket/attachment/2026-09/586e092cf3273442c62b3c5b30fc14a7.jpeg
2026-WKNB9U,finish,2026-09-28 21:15,2026-10-01 14:24,100.58492,13.87054,หลักสี่,ตลาดบางเขน,`ขอนำเครื่องสูบน้ำมาช่วยระบายด่วนครับ น้ำท่วมขังสูงในหมู่บ้านเรือนจินตหรา โครงการ 7 (ซอยวิภาวดี 64) ตอนนี้ชาวบ้านหลายครัวเรือนติดค้างอยู่ด้านใน ออกไปทำงานไม่ได้เลยครับ` ความสูงระดับถนนเลยเข่า น้ำท่วมมาแล้ว25-28,https://storage.googleapis.com/traffy_public_bucket/attachment/2026-09/thumb_252035acd3c02338c032f844927ab6b4.jpg
2026-ACACVF,finish,2026-09-28 21:18,2026-10-01 10:46,100.61965,13.69697,พระโขนง,บางจาก,มีน้ำท่วมขังภายในซอยปุณณวิถี33 แยก2 รถเล็กเข้าออกลำบากมาก ซอยปุณณวิถี31 มีการยกถนนมานานแล้ว อยากทราบว่าเใอไหร่จะถึงคิวซอย 33แยก2 บ้าง ฝนตกน้ำจะท่วมขังบริเวณนี้ทุกครั้ง มองจากต้นซอยเหมือนน้ำแห้งแต่จริงๆข้างในน้ำท่วมค่ะ ความสูงระดับหัวเข่า น้ำท่วมมาแล้วตั้ง,https://storage.googleapis.com/traffy_public_bucket/attachment/2026-09/thumb_f58780990849bacc25a322b8a4133ae1.jpg
2026-N62FBW,finish,2026-09-28 21:18,2026-09-28 22:45,100.6235,13.76428,วังทองหลาง,พลับพลา,เก็บขยะ #ขอกระสอบทราย/อื่นๆ,https://storage.googleapis.com/traffy_public_bucket/attachment/2026-09/ea535df520e69cfc6adedfe9cbc913dc.jpeg
2026-YMHMV7,inprogress,2026-09-28 21:18,2026-09-29 09:18,100.6704,13.71387,ประเวศ,ประเวศ,แจ้งปัญหาน้ำท่วมหมู่บ้านแกรนด์วิลล์อ่อนนุช80 ซอยอ่อนนุช80 แยก5 เนื่องจากฝนตกหนักต่อเนื่องทำให้มีน้ำท่วมขังในหมู่บ้านตั้งแต่วันที่25/9 และมีน้ำไหลเข้ามาทางหน้าหมู่บ้าน ทำให้ปริมาณน้ำในหมู่บ้านไม่ลดลงและยังเพิ่มสูงขึ้น รบกวนขอความช่วยเหลือด่วนค่ะ ความสูงระด,https://storage.googleapis.com/traffy_public_bucket/attachment/2026-09/f627ac89b0a1a7fbf5141f3828b1db1d.jpeg
2026-JZVHPV,forward,2026-09-28 21:20,2026-09-29 21:44,100.64989,13.9245,สายไหม,สายไหม,"อยู่บ้านเลขที่,124/13 สายไหม29 ค่ะ ตอนนี้ทางกทม.โซนต.ออกน้ำท่วม เห็นหลายจุดน้ำลง หรือบางจุดน้ำคงที่ แต่ทำไมทางสายไหม น้ำยังไม่ลง แถมน้ำยังขึ้นมาอีก รบกวนช่วยดูให้ด้วยค่ะ น้ำที่ขังในบ้าน ส่งกลิ่นเหม็น และเริ่มมีสัตว์เข้ามาในบ้านหลายชนิดแล้ว ความสูงระดับอัน",https://storage.googleapis.com/traffy_public_bucket/attachment/2026-09/48d9236bfbf0f5ad19e5bf33375c38e2.jpeg
2026-PVVRGD,inprogress,2026-09-28 21:20,2026-09-28 21:46,100.66819,13.79559,บึงกุ่ม,คลองกุ่ม,ปัญหา: ภายในซอยดังกล่าว หมู่บ้านสหกรณ์ ซอย 30 แยก 2 บ้านเลขที่ 4/753 เนื่องจากเกิดเหตุอุทกภัย จึงมีความประสงค์ขอรับความช่วยเหลือด้านอาหารและน้ำดื่ม สำหรับผู้พักอาศัยจำนวน 3 คน ซอย: เสรีไทย 57 ถนน: เสรีไทย เขต: บึงกุ่ม #1555,https://storage.googleapis.com/traffy_public_bucket/attachment/2022-12/da2125e781282589d482070c3dba1726aa16a4a7.jpg
2026-E2W2G3,inprogress,2026-09-28 21:22,2026-10-05 11:38,100.63589,13.79114,บางกะปิ,คลองจั่น,ปัญหา: ภายในซอยดังกล่าว พบน้ำท่วมขังระดับสูงประมาณ 40 เซนติเมตร น้ำเริ่มส่งกลิ่นเหม็นและส่งผลให้ผู้พักอาศัยบริเวณดังกล่าวได้รับความเดือดร้อน จึงขอให้เจ้าหน้าที่ที่เกี่ยวข้องเร่งดำเนินการสูบน้ำโดยด่วน ซอย: เทพทวี ซอย 6 ถนน: ลาดพร้าว101แยก42 เขต: บางกะปิ #1,https://storage.googleapis.com/traffy_public_bucket/attachment/2022-12/da2125e781282589d482070c3dba1726aa16a4a7.jpg
2026-HK7ZW9,inprogress,2026-09-28 21:22,2026-09-29 08:27,100.83098,13.78029,หนองจอก,ลำผักชี,ช่วยสูบน้ำซอยFBT [ซอยวัดลำผักชี ให้หน่อยได้ไหมคะ ในนี้มีโรงเรียนสังฆประชายุสสรณ์เป็รศูนย์พักพิงด้วย ความสูงระดับหน้าแข้ง น้ำท่วมมาแล้วน้อยกว่า 1 สัปดาห์,https://storage.googleapis.com/traffy_public_bucket/attachment/2026-09/97866f5defe1320fbe4eac626298a99c.jpeg
2026-J7PTXP,inprogress,2026-09-28 21:22,2026-09-29 15:42,100.6183,13.86314,บางเขน,อนุสาวรีย์,บริเวณจุดน้ำท่วมค่อนข้างลึกครับ ความสูงระดับ30-50 เซน น้ำท่วมมาแล้วมากกว่าสามวันครับ,https://storage.googleapis.com/traffy_public_bucket/attachment/2026-09/243379fe570779afdfbdfca5e23a3096.jpeg
2026-JLK86Z,forward,2026-09-28 21:22,2026-09-28 21:41,100.64089,13.8095,บึงกุ่ม,นวมินทร์,ถนนน้ำท่วม สูงประมาณ 10 ซม. บริเวณซอยนวมินทร์ 111 แยก 2 ถนนนวมินทร์ เขตบึงกุ่ม น้ำท่วมขังตั้งแต่เมื่อวาน รถเล็กผ่านได้ ความสูงระดับข้อเท้า น้ำท่วมมาแล้วน้อยกว่า 1 สัปดาห์,https://storage.googleapis.com/traffy_public_bucket/attachment/2026-09/20dbd7e78ebf58d5dd3a99fe8c0e9e46.jpeg
2026-ZWF6E6,inprogress,2026-09-28 21:23,2026-09-29 09:18,100.69059,13.66989,ประเวศ,ดอกไม้,ซอยทุ่งเศรษฐี ดอกไม้ ประเวศ กทม น้ำท่วมขังไม่มีใครมาดูช่วยระบายน้ำออกหน่อยได้ไหมครับ ความสูงระดับ50 ซม น้ำท่วมมาแล้ว5 วัน,https://storage.googleapis.com/traffy_public_bucket/attachment/2026-09/679c65e3a827e672e95fbd7ffec9abe9.jpeg
2026-9XHMCX,forward,2026-09-28 21:24,2026-09-28 23:36,100.64411,13.7112,สวนหลวง,สวนหลวง,แจ้งน้ำท่วมขังเป็นระยะเวลานาน ที่เขตประเวศ ศรีนครินทร์ ซีคอน อ่อนนุช บริเวณ mrt สายสีเหลืองสถานีศรีนุชค่ะ รบกวนช่วยติดตามด้วยนะคะ เนื่องจากน้ำท่วมขังเป็นเวลานาน ทำให้น้ำไหลเข้าบ้านประชาชนได้รับความเดือดร้อน ทั้งนี้น้ำยังไม่มีทีท่าว่าจะลดลงค่ะ 🙏🏻 ความสูงระ,https://storage.googleapis.com/traffy_public_bucket/attachment/2026-09/694e2ea9382e229763d71a1fbc2cc2ec.jpeg
2026-D2HP43,finish,2026-09-28 21:24,2026-09-30 13:50,100.6123,13.80865,ลาดพร้าว,ลาดพร้าว,ท้ายซอยต่ำกว่ากลางซอย เวลาฝนตกมีน้ำท่วมขังท้ายซอย ความสูงระดับประมาณ20เซน น้ำท่วมมาแล้วหลายปีแล้วครับ แต่ปีนี้ฝนตกนานเลยท่วมขึ้นมาเกือบ30เซนหรือประมาณครึ่งเข่า,https://storage.googleapis.com/traffy_public_bucket/attachment/2026-09/df6f7352db58a4ffabf53345fe181fc0.jpeg
2026-W6XYCP,finish,2026-09-28 21:24,2026-10-03 12:08,100.5798,13.84104,จตุจักร,เสนานิคม,น้ำท่วมขังภายในหมู่บ้านน้ำเริ่มเน่าเสียทั้งๆที่บริเวณรอบนอกเริ่มทยอยแห้งแล้วอยากให้ช่วยประสานงานสูบน้ำจากภายในซอยออกไปด้านนอก ความสูงระดับหัวเข่า น้ำท่วมมาแล้วน้อยกว่า 1 สัปดาห์,https://storage.googleapis.com/traffy_public_bucket/attachment/2026-09/a5ef16a08fc6aa9af05f5a0b99a18e5a.jpeg
2026-Y8CBNV,inprogress,2026-09-28 21:24,2026-09-29 09:20,100.65306,13.72952,ประเวศ,ประเวศ,น้ำท่วมขังในซอยพัฒนาการ 64-66-68 หลายวัน จนน้ำเริ่มเน่าเหม็น ฝนหยุดตกก็ไม่ระบาย ปริมาณน้ำเท่าเดิม ความสูงระดับประมาณ 15-20 cm ค่ะ น้ำท่วมมาแล้ววันนี้วันที่ 4 แล้วค่ะ,https://storage.googleapis.com/traffy_public_bucket/attachment/2026-09/fdd28c8d7c7be6319e0950ce0b5c11c0.jpeg
2026-LCK6G8,finish,2026-09-28 21:26,2026-10-01 12:03,100.65119,13.77334,บางกะปิ,คลองจั่น,ปัญหา: ภายในแฟลตคลองจั่น อาคาร 9 เนื่องจากเกิดเหตุอุทกภัย มีน้ำท่วมขังในพื้นที่ และผู้แจ้งไม่สามารถติดต่อสำนักงานเขตบางกะปิทางโทรศัพท์ได้ หมายเลข 02-377-5494 แม้มีเจ้าหน้าที่ลงพื้นที่นำอาหารมาแจกจ่ายภายในซอยเสรีไทย 5 แล้ว แต่ยังไม่เข้าถึงบริเวณอาคาร 9 จึง,https://storage.googleapis.com/traffy_public_bucket/attachment/2022-12/da2125e781282589d482070c3dba1726aa16a4a7.jpg
2026-A9PV64,inprogress,2026-09-28 21:27,2026-09-29 13:45,100.62593,13.79828,บางกะปิ,คลองจั่น,ลาดพร้าว 101 แยก 45 ถึง 47 น้ำท่วมขังมาหลายวันแล้ว มีคลองทั้งข้างหน้าและข้างหลังซอยที่ล้นปริ่ม น้ำเริ่มมีกลิ่นคนในพื้นที่เริ่มอยู่อาศัยไม่ได้แล้ว ท่วมมาตั้งแต่คืน 25 จนถึง วันนี้วันที่ 28 ไม่มีทีท่าว่าน้ำจะลดเลย อยากให้เข้ามาช่วยเหลือ ยิ่ง แยก 47 หมู่บ้าน,https://storage.googleapis.com/traffy_public_bucket/attachment/2026-09/a68da53af517c35e8813cfa99e7efc2e.jpeg
2026-RYPBEC,inprogress,2026-09-28 21:27,2026-09-29 08:27,100.83115,13.78042,หนองจอก,ลำผักชี,ขอกระสอบทรายค่ะ เนื่องจากน้ำท่วมสูง สินค้าในร้านจะเสียหาย #ขอกระสอบทราย/อื่นๆ,https://storage.googleapis.com/traffy_public_bucket/attachment/2026-09/22fa013f33072c2ad312355b70967dbb.jpeg
2026-66LGZH,finish,2026-09-28 21:28,2026-09-28 23:41,100.69603,13.74548,สะพานสูง,สะพานสูง,หมู่บ้านนักกีฬาแหลมทองน้ำท่วม ขาดยา ขาดของกิน ขาดห้องน้ำ ขาดหน่วยงานรัฐ ติดต่อผู้นำชุมที่โรงเรียนศรีพฤกฒา ความสูงระดับ1เมตรค่ะ จากที่ฟังข่าวช่อง 8ค่ะ น้ำท่วมมาแล้ว3วันแล้วค่ะ,https://storage.googleapis.com/traffy_public_bucket/attachment/2026-09/dd499a5765c222731e56bb5759366a55.jpeg
2026-3LJL2C,forward,2026-09-28 21:29,2026-09-28 23:33,100.62902,13.74299,สวนหลวง,สวนหลวง,พระรามเก้าซอย 43 น้ำยังแทบจะไม่ลดเลยครับ เข้าใจว่าต้องใช้เวลา แต่คนที่ประสบภัยอยู่ สามวันแล้ว และน้ำในบ้านและรอบๆบ้านลดลงระดับ 1-1.5 ซม ก็ต้องบอกครับ น้ำเน่าแล้ว ช่วยให้มีความคืบหน้าด้วยครับ ความสูงระดับในบ้านก็เกิน ฟุต นิดหน่อยครับ ถนนรอบๆบ้าน ซอยพระรา,https://storage.googleapis.com/traffy_public_bucket/attachment/2026-09/7518fe38d4d3d2ce608eafa04a96c35d.jpeg
2026-984UAH,inprogress,2026-09-28 21:29,2026-09-29 08:06,100.68357,13.81812,คันนายาว,คันนายาว,ปัญหา: ตลอดทั้งซอยหมู่บ้าน แสงอรุณ พบน้ำท่วมขังและน้ำได้เปลี่ยนเป็นสีดำคล้ำ สร้างความเดือดร้อนให้กับผู้พักอาศัยภายในหมู่บ้าน ขอให้เร่งดำเนินการเปิดเครื่องสูบน้ำ ซอย: รามอินทรา 68 ถนน: รามอินทรา จุดสังเกต: ใกล้โรงพยาบาลนพรัตน์ เขต: คันนายาว #1555,https://storage.googleapis.com/traffy_public_bucket/attachment/2022-12/da2125e781282589d482070c3dba1726aa16a4a7.jpg
2026-WY9RRE,forward,2026-09-28 21:29,2026-09-28 21:41,100.65806,13.79676,บึงกุ่ม,คลองกุ่ม,นวมินทร์40 น้ำไม่ลดมา 4 วันแล้วค่ะ ความสูงระดับหัวเข่า น้ำท่วมมาแล้วน้อยกว่า 1 สัปดาห์,https://storage.googleapis.com/traffy_public_bucket/attachment/2026-09/71f8d9b3f3bde39b39bf6e6b8542733b.jpeg
2026-Z37BGD,inprogress,2026-09-28 21:29,2026-09-29 07:27,100.66233,13.7229,ประเวศ,ประเวศ,น้ำท่วมขังในซอยพัฒนาการ 69 สูงกว่า 30 cm มาตั้งแต่วันเสาร์ จนถึงตอนนี้น้ำยังไม่ค่อยลดเลย ท่วมเข้ามาในบ้านชั้น1 จนย้ายของออก และตอนนี้น้ำส่งกลิ่นเน่าขยะ อากาศชื้น อยู่อาศัยลำบากมากค่ะ ที่บ้านมีรถเลยพอลุยน้ำออกไปซื้อเสบียงได้วันละครั้ง(กันรถพัง) ซึ่งหลัง ๆ ,https://storage.googleapis.com/traffy_public_bucket/attachment/2026-09/0bc11c5eff8a96c2b4681e7658d046af.jpeg
2026-HKFP48,inprogress,2026-09-28 21:31,2026-09-29 08:06,100.6856,13.81282,คันนายาว,คันนายาว,น้ำท่วมขัง ความสูงระดับหัวเข่า น้ำท่วมมาแล้วประมาน 3 วันละ,https://storage.googleapis.com/traffy_public_bucket/attachment/2026-09/8cebc11c1a900ad015269592765d25f0.jpeg
2026-HYUFXK,forward,2026-09-28 21:31,2026-09-28 21:36,100.61132,13.75216,บางกะปิ,หัวหมาก,มีปัญหาน้ำท่วมขังหน้าคอนโด ตั้งแต่วันศุกร์ที่25กย69 ช่วยมาระบายน้ำหน่อยคะ เดือดร้อนมาก ความสูงระดับครึ่งเข่าคะ น้ำท่วมมาแล้วศุกร์ที่25กย69,https://storage.googleapis.com/traffy_public_bucket/attachment/2026-09/thumb_b9f3dbb0c76096bf55cf16aa925d9fe7.jpg
2026-ZZGJLD,inprogress,2026-09-28 21:31,2026-09-28 23:12,100.70036,13.78,สะพานสูง,สะพานสูง,น้ำท่วมในซอยรามคำแหง 150 ระดับเข่ามา 3 วันแล้ว ไม่ลดเลยค่ะ ออกจากบ้านไม่ได้ ความสูงระดับหัวเข่า น้ำท่วมมาแล้ว3 วันแล้วค่ะ,https://storage.googleapis.com/traffy_public_bucket/attachment/2026-09/b16f38d761f6abfba004fda4f41feb8b.jpeg
2026-CKF66A,inprogress,2026-09-28 21:32,2026-09-30 12:45,100.72873,13.76204,ลาดกระบัง,คลองสองต้นนุ่น,ปัญหา: บริเวณตลาดสดเกรียงไกร แฟลตเคหะร่มเกล้า อาคาร 17 เนื่องจากเกิดเหตุอุทกภัย มีประชาชนรวมตัว จำนวน 300 ราย มีความประสงค์ขอรับความช่วยเหลืออาหาร น้ำดื่ม เทียน ไฟฉายและยากันยุง (นางสาววรวรักษ์) ถนน: เคหะร่มเกล้า เขต: ลาดกระบัง #1555,https://storage.googleapis.com/traffy_public_bucket/attachment/2022-12/da2125e781282589d482070c3dba1726aa16a4a7.jpg
2026-LWHKJ7,inprogress,2026-09-28 21:32,2026-09-28 23:13,100.70033,13.74726,สะพานสูง,สะพานสูง,บ้านผมถูกน้ำท่วมมากและรถก็โดนน้ำท่วมคับ ความสูงระดับ1เมตร น้ำท่วมมาแล้ว4วันคับ,https://storage.googleapis.com/traffy_public_bucket/attachment/2026-09/31e303a1aaa84e7a2935323075016be7.jpeg
2026-ZZKF9G,finish,2026-09-28 21:32,2026-09-30 11:39,100.63516,13.9092,สายไหม,คลองถนน,ปัญหา: ภายในซอยหมู่บ้านดังกล่าว เนื่องจากเหตุอุทกภัย ทำให้มีผู้ที่ยังติดอยู่ภายในบริเวณท้ายซอย รวมถึงผู้สูงอายุหลายครอบครัวที่ต้องการอาหารและน้ำดื่ม ขณะที่ภายนอกไม่มีอาหารจำหน่ายหรือสินค้าหมด จึงต้องการความช่วยเหลือขอรับเครื่องอุปโภคบริโภค หมู่บ้าน: มิตรป,https://storage.googleapis.com/traffy_public_bucket/attachment/2022-12/da2125e781282589d482070c3dba1726aa16a4a7.jpg
2026-MC3UCZ,inprogress,2026-09-28 21:33,2026-09-28 21:45,100.64932,13.83222,บึงกุ่ม,นวลจันทร์,ซอยนวมินทร์ 163 แยก 17-2 หมู่บ้านสินธนา 3 เฟส 1 แขวงนวลจันทร์ เขตบึงกุ่ม กทม. มีน้ำท่วมตั้งแต่วันที่ 25/9/69 น้ำตรงถนนในหมู่บ้าน มีความสูงระดับเอว และน้ำเข้าในตัวบ้านทำให้เกิดความเสียหายจนถึงปัจจุบัน ยังมีน้ำท่วมขังอยู่ เพื่อรอการระบาย ทางหน่วยงานมีการช่ว,https://storage.googleapis.com/traffy_public_bucket/attachment/2026-09/thumb_07bd39ebe961665d6c966affa5ce4ff3.jpg
2026-K8PK6C,inprogress,2026-09-28 21:34,2026-09-28 23:13,100.68363,13.7626,สะพานสูง,สะพานสูง,น้ำท่วมไม่ลด เริ่มเน่าแล้วนะครับยุงก็เริ่มเยอะ 4 วันแล้วนะครับ ความสูงระดับหัวเข่า น้ำท่วมมาแล้วน้อยกว่า 1 สัปดาห์,https://storage.googleapis.com/traffy_public_bucket/attachment/2026-09/82e794693027ed66294c9fe10aa9f5d3.jpeg
2026-2DEZL8,start,2026-09-28 21:35,2026-09-28 21:35,100.72422,13.76748,ลาดกระบัง,คลองสองต้นนุ่น,หมู่บ้านน้ำยังไม่ลด กลับเพิ่มขึ้น อาหารเริ่มขาดแคลนและไม่มีเจ้าหน้าที่เข้าไป ความสูงระดับเกือบถึงเอว น้ำท่วมมาแล้ว4วัน,https://storage.googleapis.com/traffy_public_bucket/attachment/2026-09/b318221b742e31dec055869f7f3fd3e5.jpeg
2026-6YX3EU,inprogress,2026-09-28 21:37,2026-09-30 09:40,100.58849,13.91607,ดอนเมือง,ดอนเมือง,น้ำท่วมขัง น้ำเน่าเสีย มีชุมชนคนแก่และเด็กอยู่อาศัยในบริเวณดังกล่าว ความสูงระดับข้อเท้า น้ำท่วมมาแล้วน้อยกว่า 1 สัปดาห์,https://storage.googleapis.com/traffy_public_bucket/attachment/2026-09/8cc0883f4bcaa14767315646a552b268.jpeg
2026-9NDW6F,inprogress,2026-09-28 21:37,2026-09-30 15:23,100.63054,13.90163,สายไหม,คลองถนน,ปัญหา: ภายในซอยแยกดังกล่าว พบมีน้ำท่วมขังเนื่องจากฝนตกหนักส่งผลให้มีสุนัขจำนวน 1 ตัวติดอยู่ภายในบ้าน จึงต้องการให้เจ้าหน้าที่ดำเนินการช่วยเหลือสุนัขเพื่อแก้ไขปัญหาดังกล่าว ซอย: เพิ่มสิน 15 แยก 12 ถนน: เพิ่มสิน เขต: สายไหม #1555,https://storage.googleapis.com/traffy_public_bucket/attachment/2022-12/da2125e781282589d482070c3dba1726aa16a4a7.jpg
2026-TBHZTG,inprogress,2026-09-28 21:37,2026-09-28 21:45,100.63585,13.8172,บึงกุ่ม,นวมินทร์,ปัญหา: เข้าซอย นวมินทร์ 111 แยก 12 เนื่องจากเกิดเหตุอุทกภัย จึงมีความประสงค์ขอรับความช่วยเหลือด้านอาหารและน้ำดื่ม สำหรับผู้พักอาศัยตลอดทั้งซอย ซอย: นวมินทร์ 111 แยก 12 ถนน: นวมินทร์ เขต: บึงกุ่ม #1555,https://storage.googleapis.com/traffy_public_bucket/attachment/2022-12/da2125e781282589d482070c3dba1726aa16a4a7.jpg
2026-VJC4MZ,inprogress,2026-09-28 21:38,2026-10-01 19:17,100.6964,13.74734,สะพานสูง,สะพานสูง,ปัญหา: ภายในหมู่บ้านดังกล่าว พบมีน้ำท่วมขังในระดับสูงประมาณ 90-100 เซ็นติเมตร ส่งผลให้ประชาชนไม่สามารถออกจากพื้นที่เพื่อไปหาอาหารได้ จึงต้องการขอรับความช่วยเหลือด้านอาหาร เพื่อบรรเทาความเดือดร้อนจากสถานการณ์ดังกล่าว หมู่บ้าน: นักกีฬาแหลมทอง ถนน: นักกีฬาแห,https://storage.googleapis.com/traffy_public_bucket/attachment/2022-12/da2125e781282589d482070c3dba1726aa16a4a7.jpg
2026-67PA6X,forward,2026-09-28 21:39,2026-10-05 16:48,100.75757,13.85156,คลองสามวา,ทรายกองดิน,หมู่บ้านซอยประชาร่วมใจ31 หมู่บ้านกฤษดานคร25 น้ำท่วมขัง ระดับ หัวเท่าถึงเอว ในช่วงกลางและท้ายหมู่บ้าน(เส้นคลับเฮ้า) รถยังไม่สามารถขับไปมาได้ วันนี้น้ำขึ้นสูงเพิ่ม รถSUV ไม่สามารถขับได้ ความสูงระดับหน้าบ้านผมระดับเลยหัวเข่า รถSUV ขับผ่านไม่ได้ ต้องรถปิกอั,https://storage.googleapis.com/traffy_public_bucket/attachment/2026-09/405b98ab8de582840c3099985fbbfa13.jpeg
2026-8DFGFF,inprogress,2026-09-28 21:39,2026-09-29 09:22,100.67205,13.6776,ประเวศ,ดอกไม้,อยากให้มาทำถนนต่อค่ะ น้ำท่วมขังมาก มีสัตว์ออกมาจากคลอง ความสูงระดับหัวเข่า น้ำท่วมมาแล้วมากกว่า 1 สัปดาห์,https://storage.googleapis.com/traffy_public_bucket/attachment/2026-09/cf10fa38ca87833523c865eca749abf9.jpeg
2026-9GARR3,finish,2026-09-28 21:39,2026-09-29 12:45,100.55948,13.84263,จตุจักร,ลาดยาว,ปัญหา: ภายในหมู่บ้านบุญสูง เนื่องจากเหตุอุทกภัย ต้องการความช่วยเหลือขอรับเครื่องอุปโภคบริโภค หมู่บ้าน: บุญสูง ซอย: วิภาวดีรังสิต 46 ถนน: วิภาวดีรังสิต เขต: จตุจักร #1555,https://storage.googleapis.com/traffy_public_bucket/attachment/2022-12/da2125e781282589d482070c3dba1726aa16a4a7.jpg
2026-GL6P7Y,inprogress,2026-09-28 21:39,2026-09-29 09:59,100.73146,13.82166,มีนบุรี,มีนบุรี,อยากได้กระสอบทรายสำหรับหมู่บ้านเดอะคอนเนค รามอินทรา-มีนบุรีครับ สำหรับกั้นน้ำหน้าหมู่บ้านเพื่อเตรียมสูบน้ำออกครับ ความสูงระดับหน้าแข้ง น้ำท่วมมาแล้วน้อยกว่า 1 สัปดาห์,https://storage.googleapis.com/traffy_public_bucket/attachment/2026-09/thumb_cfb159249f4af1382192ce9c023cb484.jpg
2026-FYT9NE,inprogress,2026-09-28 21:41,2026-09-30 09:39,100.61949,13.94959,ดอนเมือง,สนามบิน,น้ำโดยรอบลดหมดแล้วแต่เขตนี้น้ำกำลังเพิ่มขึ้นเรื่อยๆ ต้องการความช่วยเหลือ ดูดน้ำค้างและทรายกั้นน้ำ #fonduereport,https://storage.googleapis.com/traffy_public_bucket/attachment/2026-09/6b49524dc0153dbb7a06e83b14ebf255.jpg
2026-NN6XRD,inprogress,2026-09-28 21:41,2026-09-28 22:58,100.69858,13.78011,สะพานสูง,สะพานสูง,รามคำแหง 150 น้ำท่วมขัง มีกลิ่นเหม็น รถเล็กออกไปไม่ได้ อาหารเริ่มหมด เมื่อไหร่น้ำจะลด บ้านเรามีผู้สูงอายุ ความสูงระดับ60 ซม น้ำท่วมมาแล้วน้อยกว่า 1 สัปดาห์,https://storage.googleapis.com/traffy_public_bucket/attachment/2026-09/c55bcc872a37a591161ae4318503bb33.jpeg
2026-EKVETU,inprogress,2026-09-28 21:42,2026-09-29 09:23,100.67205,13.6776,ประเวศ,ดอกไม้,อยากให้มาขุดคลอง เพื่อให้น้ำสะอาด และให้น้ำไหลผ่านได้ พอน้ำท่วม คลองน้ำไหลไม่ได้ ก็เอ่อล้น สกปรก และมีสัตว์ออกมาว่ายตรงถนนเต็มไปหมด ความสูงระดับหัวเข่า น้ำท่วมมาแล้วมากกว่า 1 สัปดาห์,https://storage.googleapis.com/traffy_public_bucket/attachment/2026-09/2056749da1fe9f70b66426710c856fd1.jpeg
2026-X6JZFA,forward,2026-09-28 21:42,2026-09-29 09:23,100.68721,13.66876,ประเวศ,ดอกไม้,ปัญหา: ตลอดทั้งซอยดังกล่าว บริเวณฝั่งตรงข้ามตลาด นัมเบอร์วัน พบน้ำท่วมขัง ระดับน้ำสูงประมาณ 60 เซนติเมตร เนื่องจากฝนตกหนัก และน้ำได้ไหลเข้าบ้านเรือนประชาชน สร้างความเดือดร้อนให้กับผู้พักอาศัยบริเวณดังกล่าว ขอให้เร่งดำเนินการเปิดประตูระบายน้ำ ซอย: รามคำแหง,https://storage.googleapis.com/traffy_public_bucket/attachment/2022-12/da2125e781282589d482070c3dba1726aa16a4a7.jpg
2026-CFMWYB,finish,2026-09-28 21:43,2026-10-05 13:42,100.63556,13.76064,บางกะปิ,หัวหมาก,น้ำท่วมขังภายในซอยราม 32 แยก 2 มาเป็นเวลา 3 วันแล้วค่ะ คนในซอยเดินสุยน้ำออกไปยากลำบากมา เพราะน้ำสูงเกือบถึงสะโพก ช่วยแจ้งหน่วยงานที่เกี่ยวข้องช่วยเข้ามาดูหน่อยได้ไหมคะ ความสูงระดับเลยเข่าขึ้นมานิดนึงค่ะ น้ำท่วมมาแล้ว3 วันเต็มแล้วค่ะ นับตั้งแต่คืนศุกร์,https://storage.googleapis.com/traffy_public_bucket/attachment/2026-09/thumb_caaca7d48b18d8e98a70ccf1b1a56eba.jpg
2026-ET2EEH,finish,2026-09-28 21:43,2026-09-28 23:18,100.70068,13.79226,สะพานสูง,สะพานสูง,ปัญหา: ภายในชุมชนหลอแหลคลองใหญ่ พื้นที่ติดคลองแสนแสบ ครอบคลุมประมาณ 10 ซอย เนื่องจากเหตุอุทกภัย ต้องการความช่วยเหลือขอรับเครื่องอุปโภคบริโภค ประชาชนประมาณ 200 ครอบครัวหลังคาเรือน รวมถึงผู้สูงอายุและผู้ป่วยติดเตียง ขอข้าวกล่องหรืออาหารพร้อมทาน (ต้องเป็นอาห,https://storage.googleapis.com/traffy_public_bucket/attachment/2022-12/da2125e781282589d482070c3dba1726aa16a4a7.jpg
2026-JJBDPK,inprogress,2026-09-28 21:43,2026-09-28 22:30,100.63285,13.78105,บางกะปิ,คลองจั่น,ถนนที่นี่ถูกน้ำท่วม และมีนักศึกษาจากมหาวิทยาลัยรัตนบัณฑิตในประเทศไทย รวมถึงนักศึกษาต่างชาติจำนวนมาก ถนนภายในหอพักก็ถูกน้ำท่วมเช่นกัน แต่บริเวณนอกหอพักน้ำท่วมหนักกว่ามาก.เราหวังว่าเจ้าหน้าที่รัฐบาลจะเข้ามาแก้ไขปัญหาอุทกภัย ขอบคุณค่ะ ความสูงระดับระดับน้ำอาจ,https://storage.googleapis.com/traffy_public_bucket/attachment/2026-09/eae88362d63354c5e921d4fefe476d90.jpeg
2026-79KHTW,inprogress,2026-09-28 21:44,2026-09-29 09:45,100.65265,13.72017,ประเวศ,ประเวศ,น้ำท่วมในซอยอ่อนนุช 53 ระดับน้ำแทบไม่ลด รถยนต์บางประเภทและรถจักรยานยนต์ผ่านไม่ได้เลย ความสูงระดับหัวเข่า น้ำท่วมมาแล้วน้อยกว่า 1 สัปดาห์,https://storage.googleapis.com/traffy_public_bucket/attachment/2026-09/a5d39bac0b8d89a97435a5df1a1957b6.jpeg
2026-MRPVNJ,inprogress,2026-09-28 21:44,2026-09-29 08:27,100.84931,13.81932,หนองจอก,โคกแฝด,ซอยเชื่อมสัมพันธ์25 บ้านท้ายๆซอย หลายหลังที่พื้นที่ต่ำ มีน้ำท่วมขัง สูกว่าเข่า ไม่มีหน่วยงานไหนเข้ามาดู อยากขอรบกวนเครื่องสูบน้ำ สูบออกจากพื้นที่หน่อยค่ะ🙏🏻🙏🏻 ความสูงระดับหัวเข่า น้ำท่วมมาแล้วน้อยกว่า 1 สัปดาห์,https://storage.googleapis.com/traffy_public_bucket/attachment/2026-09/4f12ac10913f02ca2ed5a7bc2375d58f.jpeg
2026-T2APZH,inprogress,2026-09-28 21:44,2026-09-28 22:28,100.71411,13.78207,สะพานสูง,สะพานสูง,ปัญหา: พบบ้านเลขที่ 63/2239 ประสบปัญหาน้ำท่วมขังบริเวณห้องครัว ระดับน้ำสูงประมาณ 5 เซนติเมตร และเริ่มส่งกลิ่นเหม็น จึงมีความประสงค์ขอรับสนับสนุนก้อนจุลินทรีย์บำบัดน้ำเสีย เพื่อป้องกันการเน่าเสียของน้ำและบรรเทาความเดือดร้อนดังกล่าว หมู่บ้าน: เคหะธานี 4 ซอย,https://storage.googleapis.com/traffy_public_bucket/attachment/2022-12/da2125e781282589d482070c3dba1726aa16a4a7.jpg
2026-GTZPE4,inprogress,2026-09-28 21:45,2026-09-30 09:39,100.61965,13.94968,ดอนเมือง,สนามบิน,น้ำรอบข้างแห้งแต่ แต่เขตนี้เพิ่มขึ้นเรื่อยๆ เพราะสภาพแอ่ง ต้องการช่วยถ่ายน้ำออก ความสูงระดับเอว น้ำท่วมมาแล้วน้อยกว่า 1 วัน,https://storage.googleapis.com/traffy_public_bucket/attachment/2026-09/c027abede06f0e726470bcd8758b6f59.jpeg
2026-V9BYNA,inprogress,2026-09-28 21:46,2026-09-29 09:35,100.68348,13.67884,ประเวศ,ดอกไม้,น้ำท่วมมา3วันแล้วครับ น้ำสูงประมาณ40เซน จากปัญหาน้ำในคลองล้น ไม่ได้รับการระบายเลยครับ สถานที่ เฉลิมพระเกียรติซอย28แยก3 หมู่บ้านสวนหลวงวิลล์ ความสูงระดับหัวเข่า 4วัน,https://storage.googleapis.com/traffy_public_bucket/attachment/2026-09/8a685085d57b553358bd8988801c2211.jpeg
2026-WYJ6R2,inprogress,2026-09-28 21:47,2026-09-29 05:10,100.73388,13.77782,มีนบุรี,มีนบุรี,ปัญหา: ภายในหมู่บ้านอินดี้ ศรีนครินทร์-ร่มเกล้า (ซอย 5/1) บ้านเลขที่ 75 เนื่องจากเกิดเหตุอุทกภัย ปัจจุบันขาดแคลนอาหารและเครื่องดื่ม จึงมีความประสงค์ขอรับความช่วยเหลือด้านอาหารและน้ำดื่ม สำหรับผู้พักอาศัย ซอย: ร่มเกล้า 24 ถนน: ร่มเกล้า เขต: มีนบุรี #1555,https://storage.googleapis.com/traffy_public_bucket/attachment/2022-12/da2125e781282589d482070c3dba1726aa16a4a7.jpg
2026-XJ9LPC,inprogress,2026-09-28 21:47,2026-09-30 12:49,100.73365,13.72265,ลาดกระบัง,ลาดกระบัง,ปัญหา: พบผู้พักอาศัยบ้านเลขที่ 801 เป็นผู้ป่วยสูงอายุเส้นเลือดในสมอง ต้องรับประทานนมผงทางการแพทย์ (เบลนเดอร่า-เอ็มเอฟ) เป็นประจำทุกวัน แต่เนื่องจากเกิดเหตุอุทกภัย ไม่สามารถออกไปซื้อนมได้ โดยมีเหลือเพียง 2 วันเท่านั้น จึงมีความประสงค์ขอรับความช่วยเหลือจากเ,https://storage.googleapis.com/traffy_public_bucket/attachment/2022-12/da2125e781282589d482070c3dba1726aa16a4a7.jpg
2026-E6E4D9,forward,2026-09-28 21:48,2026-09-29 21:43,100.64501,13.91618,สายไหม,สายไหม,นำ้ท่วม ความสูงระดับหัวเข่า น้ำท่วมมาแล้วน้อยกว่า 1 สัปดาห์,https://storage.googleapis.com/traffy_public_bucket/attachment/2026-09/b7144eebb2c3f211c9bcf01758fec3af.jpeg
2026-4L8Y3U,forward,2026-09-28 21:49,2026-09-29 21:43,100.65881,13.92383,สายไหม,สายไหม,ฝากช่วยดูซอยสายไหม 43 หน่อยค่ะ น้ำไม่ลดเลยค่ะเกิน50ซม ออกไปไหนไม่ได้เลยค่ะ ลำบากกันมากค่ะ ความสูงระดับหัวเข่า น้ำท่วมมาแล้วน้อยกว่า 1 สัปดาห์,https://storage.googleapis.com/traffy_public_bucket/attachment/2026-09/2c9e4d998445b2544a7e933ac89e08a5.jpeg
2026-PXK4RN,inprogress,2026-09-28 21:49,2026-09-29 11:03,100.61698,13.75894,บางกะปิ,หัวหมาก,ปัญหา: ภายในซอยรามคำแหง 43/1 ซอยรามคำแหง 53 ซอยรามคำแหง 65 ซอยรามคำแหง 40 และซอยรามคำแหง 24 เนื่องจากเกิดเหตุอุทกภัย ปัจจุบันขาดแคลนอาหารและน้ำดื่ม จึงมีความประสงค์ขอรับความช่วยเหลือด้านอาหารและน้ำดื่ม สำหรับนักศึกษาและเจ้าหน้าที่ ถนน: รามคำแหง เขต: บางกะ,https://storage.googleapis.com/traffy_public_bucket/attachment/2022-12/da2125e781282589d482070c3dba1726aa16a4a7.jpg
2026-2F4W2M,start,2026-09-28 21:50,2026-09-28 21:50,100.71242,13.76239,ลาดกระบัง,คลองสองต้นนุ่น,น้ำท่วมถนนหลักเข้าหมู่บ้าน น้ำไม่สาทารถระบายออกไปที่ไหนได้เลย มีแต่เพิ่มขึ้นๆ ความสูงระดับประมาณ 30 cm น้ำท่วมมาแล้ว4 วัน,https://storage.googleapis.com/traffy_public_bucket/attachment/2026-09/thumb_5281676df4e1a603f5e6a67f4e4b7ec9.jpg
2026-H2CLA7,forward,2026-09-28 21:50,2026-09-29 21:42,100.68022,13.92171,สายไหม,สายไหม,หน้าวัดออเงิน ออกสุขาภิบาล 5 รถเล็กสัญจรไม่ได้ ความสูงระดับหัวเข่า น้ำท่วมมาแล้วน้อยกว่า 1 สัปดาห์,https://storage.googleapis.com/traffy_public_bucket/attachment/2026-09/1cefc1c54ef8106fb7170efb2f7397fa.jpeg
2026-KPR9HE,inprogress,2026-09-28 21:50,2026-09-29 11:01,100.64319,13.76106,บางกะปิ,หัวหมาก,ปัญหา: ภายในซอยดังกล่าว ตั้งแต่บ้านเลขที่ 12 ไปจนถึงบ้านเลขที่ 18 เนื่องจากเกิดเหตุอุทกภัย จึงมีความประสงค์ขอรับความช่วยเหลือด้านอาหารและน้ำดื่ม สำหรับผู้พักอาศัย ซอย: รามคำแหง 52 ถนน: รามคำแหง เขต: บางกะปิ #1555,https://storage.googleapis.com/traffy_public_bucket/attachment/2022-12/da2125e781282589d482070c3dba1726aa16a4a7.jpg
2026-B7GB92,start,2026-09-28 21:51,2026-09-28 21:51,100.73787,13.72016,ลาดกระบัง,ลาดกระบัง,ขอแจ้งให้เข้าตรวจสอบพื้นที่น้ำท่วมขังซอยลาดกระบัง30/1 (ซอยรามา) ใกล้ตลาดมาร์เก็ตแลนด์ผู้สูงอายุ อายุ85ปีอยู่คนเดียว บ้านเลขที่712 นอนบริเวณชั้นล่างที่มีน้ำท่วมขัง ต้องการอาหารและน้ำดื่ม มีโรคความดัน หากท่านต้องการออกจากพื้นที่รบกวนพาออกจากพื้นที่ค่ะ ขอบค,https://storage.googleapis.com/traffy_public_bucket/attachment/2026-09/13f3dab1a19f8cdf01a24c39265b785d.jpeg
2026-Y8K8NH,inprogress,2026-09-28 21:51,2026-09-29 16:43,100.62691,13.87381,บางเขน,ท่าแร้ง,"รามอินทรา23,21,19 ท้ายซอยยังท่วมอยุ่ คลองไม่ลงเลย ความสูงระดับเอว วัน25 ตอนเที่ยงคืน จนถึงปัจจุบัน",https://storage.googleapis.com/traffy_public_bucket/attachment/2026-09/92246bdd22a3a72f976af63bc3dd8e94.jpeg
2026-CEURHZ,inprogress,2026-09-28 21:54,2026-09-28 22:27,100.65756,13.76461,บางกะปิ,หัวหมาก,น้ำท่วมขังนานบริเวรถนนเข้าซอยรามคำแหง 68 ตั้งแต่ต้นซอย ถึงปากทางเข้าหมู่บ้านกิตตินิเวศน์ ความสูงระดับหัวเข่า น้ำท่วมมาแล้วน้อยกว่า 1 สัปดาห์,https://storage.googleapis.com/traffy_public_bucket/attachment/2026-09/09ec2ec8bf36edcbbd31e63b87ad2003.jpeg
2026-E4PA3P,inprogress,2026-09-28 21:54,2026-09-29 09:25,100.69658,13.71152,ประเวศ,ประเวศ,น้ำท่วมยังไม่ลง วัดเมื่อตอนเย็น 20เซนข้างบ้านเป็นจุดน้ำลง30เซนได้ บางจุดไม่ท่วมท่วมเยอะตรงบ้าน+หน้าหมู่บ้าน เขตประเวศ หมู่บ้านศุภาลัยสวนหลวง เห็นในข่าวท่านผู้ว่า บอกสื่อว่าเหลือ8 เขตน้ำยังไม่ลด ความสูงระดับหน้าแข้ง น้ำท่วมมาแล้วน้อยกว่า 1 สัปดาห์,https://storage.googleapis.com/traffy_public_bucket/attachment/2026-09/dc537aa8b34c8584e0e91a5d8a976fc1.jpeg
2026-EXUXEA,forward,2026-09-28 21:55,2026-09-28 22:09,100.64066,13.80438,บึงกุ่ม,นวมินทร์,น้ำท่วมขังในซอยโพธิ์แก้ว แยก 4-1-2 หมู่บ้านเดี่ยว สูง 20-30 cms ลดนิดเดียวจากวันศุกร์ที่ผ่านมา น้ำกำลังจะเน่าแล้วค่ะ ในขณะที่ซอยหลัก แยก 4 แห้งแล้ว ความสูงระดับหน้าแข้ง น้ำท่วมมาแล้วน้อยกว่า 1 สัปดาห์,https://storage.googleapis.com/traffy_public_bucket/attachment/2026-09/4ef78d535f5c20a80a0d2d8b35df50dd.jpeg
2026-EEXB77,finish,2026-09-28 21:56,2026-10-05 13:58,100.38277,13.78947,ทวีวัฒนา,ศาลาธรรมสพน์,เครื่องสูบน้ำเสีย น้ำในหมู่บ้านยังสูง เร่งซ่อมให้ด้วยค่ะ ความสูงระดับเอว น้ำท่วมมาแล้วตั้งแต่คืนวันศุกร์,https://storage.googleapis.com/traffy_public_bucket/attachment/2026-09/23590c2b934a0c791f2214844cacf811.jpeg
2026-KLLYHU,inprogress,2026-09-28 21:56,2026-09-29 08:27,100.79941,13.79314,หนองจอก,ลำผักชี,น้ำท่วมรอบบ้าน สัญจรเดินลำบาก ในหมู่บ้านฟลอราวิลล์ สุวินทวงศ์ เฟส 7 ซอย 6 ความสูงระดับหัวเข่า น้ำท่วมมาแล้วน้อยกว่า 1 สัปดาห์,https://storage.googleapis.com/traffy_public_bucket/attachment/2026-09/7b82ea86490c7c2dc687edfee5baf8d4.jpeg
2026-MJAZ8Y,finish,2026-09-28 21:57,2026-09-28 22:01,100.6249,13.77996,วังทองหลาง,คลองเจ้าคุณสิงห์,สามารถติดต่อรับกระสอบทรายได้ที่ไหนคะ น้ำเหนือที่กำลังระบายตอนนี้มีโอกาสทำให้น้ำท่วมซ้ำโซนลาดพร้าว-บางกะปิไหมคะ #ขอกระสอบทราย/อื่นๆ,https://storage.googleapis.com/traffy_public_bucket/attachment/2026-09/443063361efb395b555d292f6f3e5897.jpeg
2026-APKNE4,forward,2026-09-28 22:00,2026-09-28 22:08,100.64168,13.821,บึงกุ่ม,นวลจันทร์,หมู่บ้านนวลลดา2 คลองลำเจียก2 เขตบึงกุ่ม หมู่บ้านต่ำกว่าถนนค่ะ ตอนนี้ยังท่วมเต็มพื้นที่ หน้าหมู่บ้านประมาน ครึ่งแข้ง ค่ะ แต่ด้านในไม่สูงเท่า วันนี้ 4 วันค่ะ นับจากวันที่ฝนตก 25/9,https://storage.googleapis.com/traffy_public_bucket/attachment/2026-09/06acd67625b201d5fb57e2e351c7fedf.jpeg
2026-HRFLTW,inprogress,2026-09-28 22:00,2026-09-28 23:28,100.64514,13.70544,สวนหลวง,สวนหลวง,แจ้งน้ำท่วมขังเป็นระยะเวลานาน ที่แขวงสวนหลวง เขตสวนหลวง บริเวณ mrt สายสีเหลืองสถานีศรีนุชค่ะ ซอยศรีนครินทร์ 30 ค่ะ รบกวนช่วยติดตามด้วยนะคะ เนื่องจากน้ำท่วมขังเป็นเวลานาน ทำให้น้ำไหลเข้าบ้านประชาชนได้รับความเดือดร้อน ทั้งนี้น้ำยังไม่มีทีท่าว่าจะลดลงค่ะ 🙏🏻 ,https://storage.googleapis.com/traffy_public_bucket/attachment/2026-09/58f563438849302d52e85407fe577558.jpeg
2026-XL796G,finish,2026-09-28 22:01,2026-10-01 16:03,100.374,13.80043,ทวีวัฒนา,ศาลาธรรมสพน์,บ้านที่ 21หมู่ 9 ซอยศาลาธรรมมะศพ 26 มีน้ำท่วมขัง เป็นเวลาสามวันแล้ว ภายในตัวบ้านมีน้ำท่วมขัง เวลานี้ยังไม่มีหน่วยงานไหนเข้ามาตรวจสอบ น้ำบนถนนเริ่มแห้งแต่ว่ายังมีน้ำขังอยู่ในตัวบ้านสูง 10 ครัวเรือนบริเวณนี้ ประมาณ 50 เซนต์ 3 วันแล้ว,https://storage.googleapis.com/traffy_public_bucket/attachment/2026-09/4ede911308df28d89fe5456b9e45cf85.jpeg
2026-JE9NDK,inprogress,2026-09-28 22:03,2026-09-29 07:33,100.62771,13.67862,พระโขนง,บางจาก,น้ำท่วมทั้งซอยตั้งแต่ปากซอยตั้งแต่25/9/26จนถึง27/9/26ถึงจะลง เริ่มแห้ง ซึ่งบนถนนอุดมสุขไม่ท่วม เพราะมีอุโมงค์ยักษ์แต่ในซอยท่วม น่าจะมาจากท่อระบายน้ำตัน เลยอยากให้มาลอกท่อหน่อยค่ะ ท่วมหนักมาก ความสูงระดับหน้าแข้ง น้ำท่วมมาแล้วน้อยกว่า 1 สัปดาห์,https://storage.googleapis.com/traffy_public_bucket/attachment/2026-09/a0699e505b581fc53acc9ff38292c3df.jpeg
2026-CU847F,start,2026-09-28 22:05,2026-09-28 22:05,100.75304,13.72443,ลาดกระบัง,ลาดกระบัง,ลาดกระบัง 36 และวัดลาดกระบัง น้ำท่วมน้ำขึ้นถึงหน้าขาแล้ว น้ำทั้งดำทั้งขยะลอยเศษหญ้าอีก อยากให้ช่วยผลักดันน้ำออกโดนเร็ววันค่ะ ทั้งบ้านทั้งร้านทั้งศูนย์เด็กเล็ก จมไปหมด เสียหายหนักมากค่ะ ความสูงระดับหัวเข่า น้ำท่วมมาแล้วน้อยกว่า 1 สัปดาห์,https://storage.googleapis.com/traffy_public_bucket/attachment/2026-09/83808882cb2aa912e04d2ce8f0129054.jpeg
2026-29M6HX,inprogress,2026-09-28 22:06,2026-09-28 22:29,100.68287,13.77309,สะพานสูง,สะพานสูง,ปัญหา: ภายในหมู่บ้านดังกล่าว พบบ้านเลขที่ 1 เนื่องจากเกิดเหตุอุทกภัย มีน้ำท่วมขัง ทำให้ปลาทับทิมที่เลี้ยงไว้ขาดออกซิเจนและตายเป็นจำนวนมากกว่า 100 ตัว เกรงว่าอาจส่งกลิ่นเหม็นรบกวนผู้พักอาศัยบริเวณใกล้เคียง ขอให้หน่วยงานที่เกี่ยวข้องเข้าดำเนินการจัดเก็บซากป,https://storage.googleapis.com/traffy_public_bucket/attachment/2022-12/da2125e781282589d482070c3dba1726aa16a4a7.jpg
2026-AKHMLB,inprogress,2026-09-28 22:06,2026-09-29 09:26,100.68265,13.67569,ประเวศ,ดอกไม้,แก้ไขปัญหาน้ำท่วมทางเข้าแฟลตตำรวจอุดมสุข ไม่ว่าจะตกมากหรือน้อยน้ำก็ท่วม ไม่มีที่ระบาย เดือดร้อนมาก ความสูงระดับหัวเข่าจากสี่แยกไฟแดงเข้ามาขนถึงแฟลต น้ำท่วมมาแล้วตั้งแต่คืนวันศุกร์,https://storage.googleapis.com/traffy_public_bucket/attachment/2026-09/5b28c67fbd302416f045d7b969f02aab.jpeg
2026-K2V9U8,irrelevant,2026-09-28 22:07,2026-09-28 22:26,100.64945,13.77926,บางกะปิ,คลองจั่น,ไม่แสดงรายละเอียด,https://storage.googleapis.com/traffy_public_bucket/TeamChadChart/fondue_photo.png
2026-NRYPUB,finish,2026-09-28 22:07,2026-09-29 04:40,100.61564,13.76423,วังทองหลาง,พลับพลา,ปัญหา: ภายในซอยดังกล่าว เนื่องจากเหตุอุทกภัย ขอให้เปิดเครื่องสูบน้ำ บริเวณข้ามสะพานคลองแสนแสบ เพื่อเร่งระบายน้ำท่วมขัง อีกทั้ง มีประชาชนจำนวนมากที่พักอาศัย ณ ลิปป์ คอนโด (Lib Condo) ได้รับความเดือดร้อน และมีความประสงค์ขอรับความช่วยเหลือด้านเครื่องอุปโภคบร,https://storage.googleapis.com/traffy_public_bucket/attachment/2022-12/da2125e781282589d482070c3dba1726aa16a4a7.jpg
2026-K9HL7B,inprogress,2026-09-28 22:08,2026-09-28 23:14,100.70747,13.74907,สะพานสูง,สะพานสูง,แจ้งน้ำท่วม หมู่บ้าน พลีโน่ พระราม9-กรุงเทพกรีฑา3 ซ.กาญจนาภิเษก 25 แยก 1 แขวงทับช้าง เขตสะพานสูง กรุงเทพมหานคร 10250 น้ำท่วมในซอยทางเข้าหมู่บ้าน รถไม่สามารถวิ่งได้ และเข้าท่วมในหมู่บ้าน ต้องการให้ช่วยลดระดับน้ำในซอยทางเข้าหมู่บ้านลง จนรถสามารถขับเข้ามา,https://storage.googleapis.com/traffy_public_bucket/attachment/2026-09/b7d96d7c355a0a9ce2abee9be7f8cec3.jpeg
2026-F9YCYG,inprogress,2026-09-28 22:09,2026-09-30 17:07,100.79153,13.72162,ลาดกระบัง,ทับยาว,ปัญหา: ตลอดทั้งซอยดังกล่าว เนื่องจากเกิดเหตุอุทกภัย จึงมีความประสงค์ขอรับความช่วยเหลือด้านอาหารและน้ำดื่ม สำหรับผู้พักอาศัย ซอย: หลวงแพ่ง 1 ถนน: หลวงแพ่ง จุดสังเกต: ตรงข้ามกับสถานีตำรวจนครบาลจรเข้น้อย เขต: ลาดกระบัง #1555,https://storage.googleapis.com/traffy_public_bucket/attachment/2022-12/da2125e781282589d482070c3dba1726aa16a4a7.jpg
2026-U2ZFNA,inprogress,2026-09-28 22:09,2026-09-29 08:27,100.81162,13.80752,หนองจอก,ลำผักชี,ที่ภายในหมู่บ้านโรยัลปาร์ควิลล์ สุวินทวงศ์ เขตหนองจอก น้ำท่วมสูง 80-90 CM เวลาประมาณ 2 วัน ไม่มีเครื่องสูบน้ำ อาหารของประชาชนในหมู่บ้านเริ่มไม่พอ แต่รอบนอกหมู่บ้านแห้งแล้ว ความสูงระดับเอว น้ำท่วมมาแล้ว2 วัน,https://storage.googleapis.com/traffy_public_bucket/attachment/2026-09/c8a6ff3db2a969103f058f2e8b389c16.jpeg
2026-WTBEYW,start,2026-09-28 22:09,2026-09-28 22:09,100.79258,13.73555,ลาดกระบัง,ลำปลาทิว,ตอนนี้ที่ซอยฉลองกรุง2 (หมู่บ้านรุ่งอรุณ1) สถานการณ์วิกฤตมากเลยค่ะ ในซอยระดับน้ำสูงเหนือเข่า ช่วงท้ายซอยสูงกว่าอีกเยอะเลยค่ะ เพราะท้ายซอยอยู่ใกล้คลอง คนในหมู่บ้านไม่สามารถสัญจรได้ (เว้นแต่จะยอมลุยน้ำเดินออกไป) ระดับน้ำไม่มีวี่แววจะลดลงเลยค่ะ 😭 อยากให้หน่วย,https://storage.googleapis.com/traffy_public_bucket/attachment/2026-09/dc806454446d04f0afaeae2df0705d7b.jpeg
2026-PJ4JEU,start,2026-09-28 22:12,2026-09-28 22:12,100.71705,13.76313,ลาดกระบัง,คลองสองต้นนุ่น,สวัสดีค่า ตอนนี้ถนนเคหะร่มเกล้าน้ำยังสูงอยู่เลยค่ะ ความสูงระดับเป็นภาพจากบุคคลอื่นนะคะ น้ำท่วมมาแล้วน้อยกว่า 1 สัปดาห์,https://storage.googleapis.com/traffy_public_bucket/attachment/2026-09/1e1367a86d323feaeb6981e766e8ae01.jpeg
2026-6CCDAG,inprogress,2026-09-28 22:14,2026-09-29 08:42,100.80472,13.7896,หนองจอก,ลำผักชี,หมู่บ้านฟลอร่าวิล สุวินทวง เฟส 20 น้ำท่วมมา 3 วันแล้วค่ะ ไม่ลดมีแต่เพิ่ม ไม่เห็นมีเจ้าหน้าที่มาเลย #ขอกระสอบทราย/อื่นๆ,https://storage.googleapis.com/traffy_public_bucket/attachment/2026-09/ddd5e82ce1bee2c6b549b14ed561728c.jpeg
2026-TYU6U6,inprogress,2026-09-28 22:15,2026-09-28 23:27,100.64063,13.71152,สวนหลวง,สวนหลวง,ซอยอ่อนนุช 54 น้ำลดน้อยมากเลยค่ะ เริ่มเหม็นมากๆแล้วด้วย พื้นถนนในซอยไม่เท่ากันค่ะ บางจุดดูสูงอยุ่นะคะ น้ำยังซัดเข้าบ้านหลายๆบ้านค่ะ ความสูงระดับประมานฟุตนึง น้ำท่วมมาแล้ว3-4 วัน,https://storage.googleapis.com/traffy_public_bucket/attachment/2026-09/7e8ac3b1ff3f1bf0963f59e173142af7.jpeg
2026-M98D2P,finish,2026-09-28 22:16,2026-09-28 23:09,100.64952,13.77932,บางกะปิ,คลองจั่น,ยกเลิกเรื่องแจ้ง2026-K2V9U8 รู้สึกว่าน้ำกำลังลด พรุ่งนี้น่าจะออกไปหาอาหารเองได้ค่ะ ความสูงระดับ25ซม. น้ำท่วมมาแล้ว3วัน,https://storage.googleapis.com/traffy_public_bucket/attachment/2026-09/d65d18ebc1b3c3248823656bcff67645.jpeg
2026-PUJDK8,inprogress,2026-09-28 22:16,2026-09-28 23:27,100.61961,13.73005,สวนหลวง,สวนหลวง,แจ้งปัญหาน้ำท่วม ในบ้านเลขที่ 27 ซอย 7 หมู่บ้านสวนแหลมทอง 2 (พัฒนาการ 28) ถนนพัฒนาการ แขวง/เขตสวนหลวง กรุงเทพ 1. น้ำท่วมตั้งแต่คืนวันศุกร์ที่ 25 ก.ย. 69 น้ำเข้าในบ้านสูงจนถึงปลั๊กไฟทำให้ไฟช๊อต save t cut จึงตัดไฟทำให้ไฟ้ฟ้าดับชั้น 1 ต้องอพยพผู้สูงอายุมาอย,https://storage.googleapis.com/traffy_public_bucket/attachment/2026-09/f21da35dddf6497522fd07f46f0517c3.jpeg
2026-G6HWER,inprogress,2026-09-28 22:17,2026-09-28 22:20,100.63922,13.77917,บางกะปิ,คลองจั่น,สวัสดีครับ อยากแจ้ง น้ำขังในซอยลาดพร้าว 107 แยก 16 น้ำยังท่วมสูง 30 ซม หน้าแค่ง ครับ 2 วันครับ,https://storage.googleapis.com/traffy_public_bucket/attachment/2026-09/dce69d799f104955759edaedebd4f0e3.jpeg
2026-43JN72,inprogress,2026-09-28 22:18,2026-09-29 11:15,100.64404,13.75719,บางกะปิ,หัวหมาก,ปัญหา: ภายในคอนโดมิเนียม (ไม่ทราบชื่อ) ใกล้กับโจ-โจ๊ก สนุกเกอร์ ญาติของผู้ร้องไม่สามารถออกจากที่พักเพื่อจัดหาอาหารได้ เนื่องจากประสบเหตุอุทกภัย จึงมีความประสงค์ขอรับการสนับสนุนอาหารและน้ำดื่ม ทั้งนี้ สามารถติดต่อผู้ประสบภัยได้ที่หมายเลข 0866292197 ซอย: ไม,https://storage.googleapis.com/traffy_public_bucket/attachment/2022-12/da2125e781282589d482070c3dba1726aa16a4a7.jpg
2026-ZTC8HY,forward,2026-09-28 22:18,2026-09-29 10:17,100.62096,13.88704,สายไหม,คลองถนน,พหลโยธิน 52 น้ำไม่ลดเลยค่ะ ในขณะพื้นที่อื่นๆน้ำลดแล้ว ข่าวลือว่าจะให้พื้นที่สายไหมเป็นที่รับน้ำจริงหรือเปล่าคะ มันไม่แฟร์กับชาวบ้านนะคะ อีกอย่างไม่ได้รับการช่วยเหลือ น้ำหรืออาหารใดๆเลย วันนี้มีตัวแทนชุมชนเอาข้าวกล่องมาแจก ก็ให้แต่บ้านพรรคพวกตัวเอง แทนที่,https://storage.googleapis.com/traffy_public_bucket/attachment/2026-09/7d0f9b794a0adf7f9c86bc88b73bc090.jpeg
2026-72K7CY,inprogress,2026-09-28 22:19,2026-09-29 15:50,100.76692,13.80369,มีนบุรี,แสนแสบ,ถนนบึงขวาง เส้นทางลัดไปสุวินทวงศ์น้ำท่วมขัง ไม่มีทีท่าว่าจะลดลง มีเครื่องสูบน้ำอยู่หน้าปากทาง แต่ไม่ได้เปิดใช้งาน ความสูงระดับหัวเข่า 3 วัน,https://storage.googleapis.com/traffy_public_bucket/attachment/2026-09/49e1d92f93ac8e89ebc67f1be0c5724f.jpeg
2026-NUD8HZ,inprogress,2026-09-28 22:19,2026-09-28 23:25,100.64018,13.70755,สวนหลวง,สวนหลวง,ทน้ำท่วม ตอนนี้ มีกลิ่นเหม็นขยะเยอะมาก ไม่เคยมีหน่วยงานไหนเข้ามาสอบถามอะไรเลยตอนนี้ หรือใฟ้การช่วยเหลืออะไรเลย ในซอยลำบากมาก มีทั้ง อาพาทเม้นท์ ประมาน100-200 ห้อง ต้อง เดินเข้าออก ลำบากมากๆๆ รบกวนหย่อยงานเช้ามาสอบถาทหรือช่วยเหลือก็ยังดี คะ เรื่องขยะ ด้วย ,https://storage.googleapis.com/traffy_public_bucket/attachment/2026-09/591259b9aa08d6133b08d1dd517e923a.jpeg
2026-J6J3ZU,inprogress,2026-09-28 22:20,2026-09-28 23:43,100.61438,13.73286,สวนหลวง,สวนหลวง,ต้องการกระสอบทราย ป้องกันน้ำท่วมเข้าบ้าน #ขอกระสอบทราย/อื่นๆ,https://storage.googleapis.com/traffy_public_bucket/attachment/2026-09/c426d6e74a59ee47864020447faab1c1.jpeg
2026-EYFB96,inprogress,2026-09-28 22:22,2026-09-28 23:15,100.68224,13.76941,สะพานสูง,สะพานสูง,ปัญหา:น้ำท่วมซอยรามคำแหง118 ทั้งซอยมา3วันแล้วค่ะ แล้วไม่มีแววน้ำจะลดเลยค่ะ ฝนหยุดตกแล้วน้ำควรลดบ้างค่ะ ประชาชนเดือดร้อนค่ะออกไปไหนไม่ได้ อยู่ในชุมชนน้ำท่วมถึงหัวเข่า ที่บ้านมีผู้ป่วยหัวใจ ได้รับความเดือดร้อนค่ะ เดือดร้อนทั้งความเสียหายภายในบ้าน ขาดรายได้แ,https://storage.googleapis.com/traffy_public_bucket/attachment/2026-09/dc8df2974257132953c15abfb8a3d3f4.jpeg
2026-RCH922,inprogress,2026-09-28 22:22,2026-09-29 09:26,100.66204,13.70616,ประเวศ,ประเวศ,มีน้ำ เอ่อล้น ออกมาเรื่อยๆ จากท่อระบาย มาท่วมถนน ภายในหมู่บ้านเสรีอ่อนนุช ซอย 18 (อ่อนนุช 70/1 แยก2) รบกวนช่วยด้วยครับ ความสูงระดับข้อเท้า น้ำท่วมมาแล้วน้อยกว่า 3 ชั่วโมง,https://storage.googleapis.com/traffy_public_bucket/attachment/2026-09/a6830a18fd9b3e6574c8cf6c5f1f8ff1.jpeg
2026-APGPGC,inprogress,2026-09-28 22:23,2026-09-29 08:04,100.67286,13.84114,คันนายาว,คันนายาว,น้ำท่วมขังวันที่ 3 ระดับน้ำไม่ลดลง ต้องการเครื่องสูบน้ำ เร่งระบายไปที่อื่น เพราะคลองเต็มแล้ว ตอนนี้ใช้เครื่องสูบน้ำทั้งด้านหลังหมู่บ้านติดคลองด้านหน้าให้ย้ายที่น้ำไม่วนเป็นวงกลม ทำให้สูบไปก็ไม่มีประโยชน์ ชาวบ้านเดือดร้อนหนักบางคนนอนในรถ นอนในเรือ ไม่มี,https://storage.googleapis.com/traffy_public_bucket/attachment/2026-09/f09f895de9e1b298079f6ebd482f2291.jpeg
2026-LHEC3H,inprogress,2026-09-28 22:23,2026-09-28 22:33,100.68665,13.87151,คลองสามวา,สามวาตะวันตก,บริเวณถนนพระยาสุเรนทร์ 45 ภายในหมู่บ้านเคซี 6 มีน้ำท่วมขังตั้งแต่วันที่ 25 กันยายน 2569 จนถึงวันที่ 28 กันยายน 2569 ตอนนี้ระดับน้ำถึงเอวแล้ว ส่งผลกระทบต่อการเดินทางเข้า-ออกของประชาชนและผู้อยู่อาศัยในพื้นที่ จึงขอให้หน่วยงานที่เกี่ยวข้องเข้าตรวจสอบและเร่งด,https://storage.googleapis.com/traffy_public_bucket/attachment/2026-09/b0b81d8b899b620aff1be95525763d69.jpeg
2026-2ANB4U,inprogress,2026-09-28 22:27,2026-09-28 22:28,100.66646,13.76138,บางกะปิ,หัวหมาก,น้ำท่วมสูงทั้งชอยรามคำแหง 68 จนถึงหมู่บ้านกิตตินิเวศน์ ความสูงระดับปากซอยก็หน้าแข้ง แต่ช่วงละแวกหน้ารร.เห็ซสมิทธิ์ ระดับเข่า และ ภายมนหม่บ้านกิตตินิเวศน์ครึ่งล้อ … ร้านสะดวกซื้อไม่มีของแล้วซึ่งมีแค่ 2 ที่คือ ปากซอยกับหน้าหมู่บ้าน น้ำท่วมมาแล้วตั้งแต่วันแร,https://storage.googleapis.com/traffy_public_bucket/attachment/2026-09/637bd9cbab622462e90061e9b923f5cb.jpeg
2026-U362JN,inprogress,2026-09-28 22:28,2026-09-29 15:50,100.72617,13.78377,มีนบุรี,มีนบุรี,ซอยรามคำแหง 184 หมู่บ้านโชคชัยปัญจทรัพย์ โซนบ้านเดี่ยว บ้านแฝด เป็นแอ่งกะทะ น้ำท่วมสูงไม่ลดลงเลยครับ น้ำเริ่มเน่า มีกลิ่น ทางหมู่บ้านไม่ช่วยเหลืออะไรเลย ไม่มีการสูบน้ำออกไป ทั้งที่ซอยอื่นๆเริ่มมีการสูบน้ำออกไปหมดแล้ว ความสูงระดับหัวเข่า น้ำท่วมมาแล้วน้อ,https://storage.googleapis.com/traffy_public_bucket/attachment/2026-09/0cbe98295384d635d8e165a50e68567e.jpeg
2026-88CWVD,forward,2026-09-28 22:29,2026-09-28 22:43,100.65593,13.80321,บึงกุ่ม,คลองกุ่ม,แจ้วระดับน้ำ ความสูงระดับหน้าแข้ง น้ำท่วมมาแล้วน้อยกว่า 1 สัปดาห์,https://storage.googleapis.com/traffy_public_bucket/attachment/2026-09/7c03780ddb4f0ab27aa3929145e71fc5.jpeg
2026-NAPJXT,finish,2026-09-28 22:29,2026-10-05 08:28,100.61212,13.70388,พระโขนง,บางจาก,ปัญหา: ภายในซอยดังกล่าว เนื่องจากปัจจุบันระดับน้ำในซอยยังไม่ลดลง และมีปริมาณสูงขึ้นสวนทางกับซอยอื่นที่น้ำลดลงหมดแล้ว จึงขอให้หน่วยงานที่เกี่ยวข้อง เร่งระบายน้ำในพื้นที่โดยเร็ว เพื่อบรรเทาความเดือดร้อนของประชาชนในพื้นที่ ซอย: สุขุมวิท 93 (พึ่งมี 9 แยก 4) ถ,https://storage.googleapis.com/traffy_public_bucket/attachment/2022-12/da2125e781282589d482070c3dba1726aa16a4a7.jpg
2026-G6PAFR,finish,2026-09-28 22:33,2026-09-29 20:39,100.6703,13.8455,คันนายาว,รามอินทรา,ปัญหา: ภายในหมู่บ้านมณีมาศ บ้านเลขที่ 167 มีความประสงค์ขอรับการสนับสนุนเครื่องอุปโภคบริโภค เนื่องจากผู้สูงอายุไม่ได้รับประทานอาหารมาเป็นเวลา 4 วันแล้ว จึงขอให้เจ้าหน้าที่เร่งดำเนินการให้ความช่วยเหลือ คุณพรทิพย์ 0829536098 บ้านเลขที่: 167 หมู่บ้าน: มณีมาศ,https://storage.googleapis.com/traffy_public_bucket/attachment/2022-12/da2125e781282589d482070c3dba1726aa16a4a7.jpg
2026-84HX3J,inprogress,2026-09-28 22:34,2026-09-29 09:30,100.58224,13.7486,ห้วยขวาง,บางกะปิ,ซอย เพชรบุรี 47แยก3-2 ขณะนี้ น้ำยังไม่ลด ซึ่งปกติน้ำจะท่วมพร้อมแถวสุขุมวิทเสมอ.และลงพร้อมกับสุขุมวิทเสมอ. แต่ครั้งนี้ ตั้งแต่ชัชชาติเป็นผู้ว่าฯกทม. สุขุมวิท (บ้านชัชชาติ)ไม่ท่วมเลยขณะที่ ซอยนี้ท่วมเสียหายและ นำ้ยังลดไม่สนิทเลยจนถึงปัจจุบัน มีรถเบนซ์ BMW ห,https://storage.googleapis.com/traffy_public_bucket/attachment/2026-09/ef6ff8d3b58d2f16718cbcb73b075d44.jpg
2026-GZA44A,inprogress,2026-09-28 22:36,2026-09-29 07:10,100.72283,13.84675,คลองสามวา,บางชัน,น้ำท่วมขังสูง ตั้งแต่วันที่ 25 กย ที่ผ่านมา จนวันนี้ยังไม่ลดลงเลย คาดว่าขยะจะไปอุดที่ทางระบายน้ำ ไม่มีใครเข้ามาดูแลแก้ไขเลย ทำให้ไม่สามารถออกจากบ้านได้ อยากให้ทางเขตช่วยไประบายทางน้ำไหลออกมาด้วยครับ ความสูงระดับหัวเข่า น้ำท่วมมาแล้ว4วัน (ตั้งแต่เย็นวันที,https://storage.googleapis.com/traffy_public_bucket/attachment/2026-09/1ab6d802eca9b242fb5a4f33046cf632.jpeg
2026-K69RZB,forward,2026-09-28 22:36,2026-09-29 10:16,100.65076,13.90377,สายไหม,สายไหม,น้ำท่วมถนนสูงมาก รถ้ล็กไม่สามารถออกไปได้ เมื่ๆรจะดำเนินการระบายน้ำได้??? ความสูงระดับหัวเข่า น้ำท่วมมาแล้วตามคลิป,https://storage.googleapis.com/traffy_public_bucket/attachment/2026-09/thumb_8b94489fbe685e31553b91da069823c3.jpg
2026-C4YVV7,finish,2026-09-28 22:38,2026-09-29 17:39,100.6858,13.79693,คันนายาว,คันนายาว,ปัญหา: ตลอดทั้งซอยดังกล่าว เนื่องจากเหตุอุทกภัย ต้องการความช่วยเหลือขอรับเครื่องอุปโภคบริโภค จำนวนผู้เดือดร้อน (หลักร้อยคน) ขอรับสนับสนุนน้ำดื่ม อาหารกล่อง ข้าวสาร อาหารแห้ง (เช่น บะหมี่กึ่งสำเร็จรูป) ซอย: เสรีไทย 71 ถนน: เสรีไทย เขต: คันนายาว #1555,https://storage.googleapis.com/traffy_public_bucket/attachment/2022-12/da2125e781282589d482070c3dba1726aa16a4a7.jpg
2026-N92GJV,inprogress,2026-09-28 22:38,2026-09-30 09:37,100.57858,13.91532,ดอนเมือง,ดอนเมือง,น้ำท่วมบ้านเรือน ความสูงระดับหัวเข่า น้ำท่วมมาแล้วน้อยกว่า 1 สัปดาห์,https://storage.googleapis.com/traffy_public_bucket/attachment/2026-09/00157663e22b12d1c7806857b452c6dc.jpeg
2026-PL8WEN,inprogress,2026-09-28 22:42,2026-10-01 14:57,100.81261,13.80117,หนองจอก,ลำผักชี,"บ้านเลขที่ 61/12 ปาร์ควิลล์ 3 ซอย 2 หมู่บ้านโรยัลปาร์ควิลล์ แขวงลำผักชี เขตหนองจอก กรุงเทพฯ 10530 ที่บ้านมี 3 คน ผม ภรรยา ลูกสาว (49, 45, 15 ปี) อยากได้ถุงยังชีพเนื่องจากไม่สามารถออกจากบ้านไปหาซื้อได้ น้ำท่วมซอย (เหลืออีก 2 ซม เข้าบ้าน) อาหารแห้งที่ซื้อมา",https://storage.googleapis.com/traffy_public_bucket/attachment/2026-09/4cfe11a35e6588a9d0a08cfc0950136b.jpeg
2026-DH89H7,inprogress,2026-09-28 22:43,2026-09-29 09:27,100.68088,13.68574,ประเวศ,ดอกไม้,น้ำท่วมขังสูงถึง 30 ซม.ตรงบริเวณ 7-11 ในซอยเฉลิมพระเกียรติ 30 ยังไม่ลด มา 3 วันแล้ว บริเวณอื่นแห้งหมดแล้ว ความสูงระดับหัวเข่า น้ำท่วมมาแล้วน้อยกว่า 1 สัปดาห์,https://storage.googleapis.com/traffy_public_bucket/attachment/2026-09/7aabdc4b5b604e17ea085a7da3217f83.jpeg
2026-PWZPMA,inprogress,2026-09-28 22:44,2026-09-29 12:46,100.38686,13.74537,บางแค,บางไผ่,พื้นที่ดังกล่าวสูบน้ำจากพื้นที่ตัวเองมาฝั่งทางที่ปักมุด น้ำขังพื้นที่กว้าง ต้องการคนเจรจาช่วยเจรจาหาทางออก ให้เค้าไม่สูบน้ำออก หรือสูบไปทางระบางน้ำอื่น ความสูงระดับหน้าแข้ง น้ำท่วมมาแล้วน้อยกว่า 1 สัปดาห์,https://storage.googleapis.com/traffy_public_bucket/attachment/2026-09/54d2cba168805eb1a8275b68d200b809.jpeg
2026-3ECBEG,finish,2026-09-28 22:45,2026-09-29 18:04,100.65308,13.7267,ประเวศ,ประเวศ,อยากให้มีการแจกอาหารในซอยย่อยๆ ของหมู่บ้านเมืองทอง 2/1 โดยเฉพาะซอยบ้านฉาง วังหิน สัตหีบ ศรีราชา เพราะมีผู้สูงวัยอยู่โซนนั้นเยอะค่ะ และน่าจะมีรอบเวลาการแจกค่ะ #ขอกระสอบทราย/อื่นๆ,https://storage.googleapis.com/traffy_public_bucket/attachment/2026-09/42770c5b4067f9a815536bd6effc71f3.jpeg
2026-2MKM79,forward,2026-09-28 22:46,2026-09-29 10:13,100.66079,13.88746,สายไหม,ออเงิน,น้ำท่วมขังไม่ลดลงเลยครับ ความสูงระดับหัวเข่า น้ำท่วมมาแล้วน้อยกว่า 1 สัปดาห์,https://storage.googleapis.com/traffy_public_bucket/attachment/2026-09/fb74a0c2f3ed4b5e7bca07fdbe80f010.jpeg
2026-ULBEPZ,inprogress,2026-09-28 22:47,2026-09-28 23:03,100.639,13.76867,บางกะปิ,คลองจั่น,ประสบภาวะอุทกภัย น้ำท่วมภายซอยลาดพร้าว 142 ไม่สามารถสัญจรได้ตามปกติ เริ่มส่งกลิ่นเน่าเหม็น ความสูงระดับเกือบถึงเอว น้ำท่วมมาแล้ว3 วัน,https://storage.googleapis.com/traffy_public_bucket/attachment/2026-09/aa8adf0ac87acc8ea92721569a106c29.jpeg
2026-VJTLPJ,inprogress,2026-09-28 22:48,2026-09-28 23:18,100.70539,13.75808,สะพานสูง,สะพานสูง,สวัสดีครับผมอยู่ในซอยมิสทีน หรือซอยรามคำแหง 160 ครับ อยู่ในซอยราษฎร์พัฒนา15 ถนนราษฎร์พัฒนา แขวงทับช้าง ในหมู่บ้าน Themetro รามคำแหงแหง-วงแหวน ตอนนี้น้ำท่วมสูงเข้าวันที่4แล้วครับ ตั้งแต่คืนวันศุกร์ที่ผ่านมาจนถึงตอนนี้! ระดับน้ำยังสูงอยู่ครับในหมู่บ้านเริ่ม,https://storage.googleapis.com/traffy_public_bucket/attachment/2026-09/8744e3ec9968524d147c7a87e5d1c20d.jpeg
2026-ZRVAGM,finish,2026-09-28 22:48,2026-09-29 08:02,100.68084,13.78683,คันนายาว,รามอินทรา,ขอแจ้งเรื่องอุทกภัย น้ำท่วมขังมา 3 วัน เพื่อขอรับเงินเยียวยาผู้ประสบภัย สำนักงานเขตคันนายาว` ให้เจ้าหน้าที่เข้ามาตรวจสอบ ความสูงระดับ4 วันแล้ว น้ำท่วมมาแล้ว4วัน,https://storage.googleapis.com/traffy_public_bucket/attachment/2026-09/thumb_bf43fe15d1165256dbbca9933c24cd3c.jpg
2026-4EHHFD,inprogress,2026-09-28 22:50,2026-09-29 07:13,100.71315,13.8713,คลองสามวา,สามวาตะวันตก,เครื่องสูบตรงจุดเข้าซอยซาฟารี ตรงช่วงก่แนถึงหมู่บ้านฮาบิเทีย มาตั้งแต่วันศุกร์ สูบได้คืนเดียวไม่มีช่างมาดู เครื่องหยุตั้งแต่วันเสาร์ อาทิตย์ วันจันทร์ประชาชนช่วงกันตั้งกระสอบทรายกั้นน้ำเพื่อจะสูบน้ำออกจากถนนจึงพยายามติดต่อเจ้าหน้าที่สำนักงานเขตคลองสามวามา,https://storage.googleapis.com/traffy_public_bucket/attachment/2026-09/ddf18633d911c1136c3ad3d0a68b98d8.jpeg
2026-J4JMKA,inprogress,2026-09-28 22:50,2026-09-28 22:54,100.6706,13.78952,บึงกุ่ม,คลองกุ่ม,ตอนนี้ มีผู้สูงอายุ อายุ 83 ปีป่วยเป็นโรคหัวใจโรคไต อยู่กับลูกสาว อายุ 50 กว่าๆ ที่เป็นโรค เกี่ยวกับกระดูกสันหลัง อยู่ที่บ้านถนนเสรีไทย 57 หมู่บ้านสหกรณ์ แยก 10 สุดซอยบ้านขวามือหลังสุดท้าย อยากขอความ เมตตาเข้าไปช่วยเหลือพาท่านออกมาหน่อย #ผู้ป่วยฉุกเฉิน,https://storage.googleapis.com/traffy_public_bucket/attachment/2026-09/a912df78a3bfc9e13a74ff0b006046c9.jpeg
2026-XCB24B,inprogress,2026-09-28 22:50,2026-09-29 08:26,100.80798,13.79324,หนองจอก,ลำผักชี,แจ้งเรื่องใหม่ #ขอกระสอบทราย/อื่นๆ,https://storage.googleapis.com/traffy_public_bucket/attachment/2026-09/d7ae08ac425abf7e677cd66adbfa52a2.jpeg
2026-YJYTWF,finish,2026-09-28 22:50,2026-09-29 13:11,100.54343,13.83143,จตุจักร,ลาดยาว,น้ำท่วมบ้านพักอาศัย ณ หมู่บ้านซิเมนต์ไทย ถ.ประชาชื่น แขวงลาดยาว เขตจตุจักร กทม. (ซอย 15) โดยในซอย 15/3 ระดับน้ำท่วมสูงประมาณหน้าแข้ง ส่งผลให้ไม่สามารถเข้าไปตรวจสอบความเสียหายภายในบ้านได้ เกรงว่าหากน้ำขังเป็นเวลานานจะเกิดความเสียหายมากขึ้น ขอความอนุเคราะห์,https://storage.googleapis.com/traffy_public_bucket/attachment/2026-09/93ada6bd2ad2bb6ebc8a7cec16d33213.jpeg
2026-CMYNVK,inprogress,2026-09-28 22:51,2026-09-29 07:13,100.7096,13.82197,คลองสามวา,บางชัน,น้ำท่วมในหมู่บ้าน Hulse RamInTra BangChan-StaTion รามอินทรา 117 ถนนเจริญพัฒนา รบกวนผู้ที่เกี่ยวข้อง ช่วยเร่งระบายน้ำให้ทีครับ ตอนนี้รถยังเข้าออกไม่ได้ทเพราะคลองรอบๆน้ำเต็ม ตอนนี้น้ำสูงระดับหัวเข่าครับ ความสูงระดับหัวเข่า น้ำท่วมมาแล้วน้อยกว่า 1 สัปดาห์,https://storage.googleapis.com/traffy_public_bucket/attachment/2026-09/effae9663367a5402017b593ee10089f.jpeg
2026-RB88VU,finish,2026-09-28 22:52,2026-09-29 17:00,100.56236,13.86134,หลักสี่,ทุ่งสองห้อง,หมู่บ้านเจริญทรัพย์ แยก 1-1-2 ท้ายซอยติดคลองลาดโตนด ท่อน้ำให้หมู่บ้านตัน ทำให้น้ำยังท่วมขังในหมู่บ้านอีกทั้งยังไม่มีเครื่องสูบน้ำในหมู่บ้านทำให้น้ำไม่มีที่ระบายออกไปเลย ช่วยมาทำการลอกท่อหรือส่งเครื่องสูบน้ำมาระบายน้ำหน่อยค่ะ เขตหลักสี่ไม่ได้มีแค่ฝั่งชินเข,https://storage.googleapis.com/traffy_public_bucket/attachment/2026-09/295d7d16c1079995f75f44b23817aed4.jpeg
2026-HL2NUJ,inprogress,2026-09-28 22:57,2026-09-28 23:18,100.68733,13.74202,สะพานสูง,สะพานสูง,หมู่บ้านอยู่สบาย กรุงเทพกรีฑา 39 -มีปัญหาการระบายน้ำ มาตลอด ไม่ได้รับกทรแก้ไข กทม.โยนให้เขตรับผิดชอบ เขตงงต่อไป ไม่จัดการ -การทำถนนหลักใหม่ ยิ่งส่งผลกระทบต่อหมู่บ้านเก่า เพราะท่อระบายน้ำที่ทำใหม่สูงกว่า ยิ่งทำให้เกิดปัญหามากขึ้น -น้ำท่วม 28.9.2026 เข้,https://storage.googleapis.com/traffy_public_bucket/attachment/2026-09/e90f6075ec375f12295c8a52d6da8e96.jpeg
2026-P3YBZT,inprogress,2026-09-28 22:58,2026-09-28 23:22,100.67334,13.77718,สะพานสูง,สะพานสูง,ปัญหา: ภายในซอย (ไม่ทราบชื่อ) เนื่องจากเหตุอุทกภัย ทำให้ไม่สามารถเดินทางออกจากพื้นที่ได้ และยังไม่มีหน่วยงานใดเข้ามาช่วยเหลือ ทำให้ผู้ร้องและประชาชนประมาณ 10 ครัวเรือน ขาดแคลนอาหารและน้ำดื่ม จึงต้องการความช่วยเหลือขอรับเครื่องอุปโภคบริโภค หากเจ้าหน้าที่เด,https://storage.googleapis.com/traffy_public_bucket/attachment/2022-12/da2125e781282589d482070c3dba1726aa16a4a7.jpg
2026-YMJV69,inprogress,2026-09-28 23:02,2026-09-29 15:38,100.59656,13.8756,บางเขน,อนุสาวรีย์,พบท่อเปิดฝาไว้ น้ำท่วมมิดเส้นกั้นล้ม ถุงทรายล้ม คนอาจเดินตกลงไปได้ ความสูงระดับหน้าแข้ง น้ำท่วมมาแล้วน้อยกว่า 1 สัปดาห์,https://storage.googleapis.com/traffy_public_bucket/attachment/2026-09/1921106615e58fb002cd011585cc5e7b.jpeg
2026-38RGEC,forward,2026-09-28 23:07,2026-09-28 23:18,100.62156,13.74397,สวนหลวง,สวนหลวง,น้ำท่วมจะหมดวันที่สามแล้ว น้ำหน้าบ้านยังอยู่ที่ระดับเกิน 40 เซนต์อยู่เลย ท่วมเข้าปั๊มน้ำ น้ำก็ใช้ไม่ได้ น้ำดื่มจะเอามาทำอาหารก็ไม่มี ในขณะที่เขตอื่นใกล้เคียงที่ปกติเป็นเขตที่ มีน้ำท่วมตอนนี้แห้งหมดแล้วทำไรกันอยู่ คนพื้นที่นี้เค้าไม่ต้องใช้ชีวิตกันรึไงให้ค,https://storage.googleapis.com/traffy_public_bucket/attachment/2026-09/15b07cdc54d54290668cc1e61bea4af4.jpeg
2026-66LXBY,finish,2026-09-28 23:07,2026-09-29 19:09,100.69633,13.74539,สะพานสูง,สะพานสูง,ปัญหาน้ำท่วมขังตั้งแต่วันส. ผ่านมา 3-4 วันแล้ว ไม่มีหน่วยงานใดเข้าช่วยเลย มีคนเริ่มเสียชีวิตในที่พักเยอะขึ้น ไม่มีอาหาร มีเด็ก และคนชรา ไหนจะคนป่วย รบกวนส่งคนมาช่วยเหลือด่วนที่สุด หาก ฟองดูว์ เป็นตัวกลาง รบกวนส่งเรื่องถึง กทม. ไวที่สุด !!!! ความสูงระดับ3 ,https://storage.googleapis.com/traffy_public_bucket/attachment/2026-09/10012cc53f094c4b9a4f1e0f69fe1a44.jpeg
2026-PEABJX,start,2026-09-28 23:08,2026-09-28 23:08,100.72297,13.72581,ลาดกระบัง,ลาดกระบัง,น้ำท่วมตั้งแต่วันศุกร์ ไม่มีหน่วยงานไหนเข้ามาเลย ออกไปก็ลำบาก ถ้าเป็นไปได้ อยากได้กระสอบทราย ยาทาแก้คันหลังลุยน้ำ อาหาร น้ำสะอาด เวลามีประกาศอะไรก็ไม่ได้ยิน ความสูงระดับประมาณ 70-80 เซน น้ำท่วมมาแล้วน้อยกว่า 1 สัปดาห์,https://storage.googleapis.com/traffy_public_bucket/attachment/2026-09/5b1aaa379221238fba3bd16c0493c1a2.jpeg
2026-E4NT2H,finish,2026-09-28 23:10,2026-09-30 10:00,100.68455,13.92422,สายไหม,สายไหม,มีน้ำท่วมขัง ไม่มีถุงกระสอบทรายกั้นแนว และกั้นน้ำเข้าบ้าน รถผ่านกระแสน้ำดันเข้าบ้าน เดือดร้อนมาก ห้องน้ำใช้ไม่ได้ ปั้นน้ำใช้ไม่ได้ ตู้เย็นใช้ไม่ได้ อยู่พักชั้น 2 ขาดอาหาร ถุงใส่ของขับถ่ายของเสีย ยารักษาโรค น้ำดื่ม ขอความความช่วยเหลือเร่งด่วนค่ะ ความสูงระด,https://storage.googleapis.com/traffy_public_bucket/attachment/2026-09/c66f70ddfb9a990c3c625d7228338353.jpeg
2026-6N36KL,inprogress,2026-09-28 23:11,2026-09-29 10:01,100.71452,13.81763,มีนบุรี,มีนบุรี,น้ำท่วมขังในหมู่บ้านเอื้ออาทรมีนบุรี รามอินทรา 127 เริ่มส่งกลิ่นเหม็นแล้ว ความสูงระดับหน้าแข้ง น้ำท่วมมาแล้วน้อยกว่า 1 สัปดาห์,https://storage.googleapis.com/traffy_public_bucket/attachment/2026-09/8d2767baeb4371d831f7841c2515b3b1.jpeg
2026-K39FEW,inprogress,2026-09-28 23:11,2026-09-28 23:17,100.63411,13.71173,สวนหลวง,สวนหลวง,เคยแจ้งน้ำท่วมในตึกที่พัก ผ่านมา 4 วันแล้วน้ำ ยังปริมาณสูงในที่พัก ประมาณ 1.4 เมตร น้ำที่ขังเริ่มส่งกลิ่น เลยอยากรบกวนหน่วยงานเข้ามาดู เพื่อรับทราบปัญหา ความสูงระดับ4 วัน น้ำท่วมมาแล้ว4 วัน,https://storage.googleapis.com/traffy_public_bucket/attachment/2026-09/a054d58955e4e7a8d2b7c7524ee75e93.jpeg
2026-LBLX6Z,inprogress,2026-09-28 23:11,2026-09-28 23:17,100.64412,13.71555,สวนหลวง,สวนหลวง,ตอนนี้น้ำท่วมขังปริมาณสูงมาก เป็นเวลา 4 วันยังไม่มีหน่วยงานไหนเข้าช่วยเหลือเลย ไม่มีการระบายน้ำออก ความสูงระดับเอว น้ำท่วมมาแล้วน้อยกว่า 1 สัปดาห์,https://storage.googleapis.com/traffy_public_bucket/attachment/2026-09/ebec796ce248c477d47eff5a83ca3b1c.jpeg
2026-PAGWTA,inprogress,2026-09-28 23:11,2026-09-28 23:23,100.68599,13.74138,สะพานสูง,สะพานสูง,ปัญหา: ภายในหมู่บ้านสุขสบายและหมู่บ้านกลางเมือง กำลังประสบปัญหาน้ำท่วมขังระดับสูงต่อเนื่องเป็นเวลา 3 วันแล้ว ส่งผลกระทบให้ประชาชนในพื้นที่ ซึ่งรวมถึงผู้สูงอายุ เด็กเล็ก และพี่น้องชาวไทยมุสลิมอีกประมาณ 10 หลังคาเรือน ไม่สามารถสัญจรออกไปจัดซื้อเสบียงภายนอกไ,https://storage.googleapis.com/traffy_public_bucket/attachment/2022-12/da2125e781282589d482070c3dba1726aa16a4a7.jpg
2026-EN4DZJ,inprogress,2026-09-28 23:12,2026-09-28 23:17,100.70262,13.77546,สะพานสูง,สะพานสูง,น้ำท่วมตั้งแต่วันที่ 25/9/69ยังไม่มีหน่วยงานรัฐเข้ามาสำรวจ ความสูงระดับเอว น้ำท่วมมาแล้วน้อยกว่า 1 สัปดาห์,https://storage.googleapis.com/traffy_public_bucket/attachment/2026-09/244d8fae21bef1fa7f205bc0075a4c02.jpeg
2026-CRZHLD,inprogress,2026-09-28 23:13,2026-09-29 11:43,100.6302,13.75125,บางกะปิ,หัวหมาก,ซอยหัวหมาก 27 บ้านเลขที่ 2098/548 (194) ต้องการยาแอสไพริน ยาฆ่าเชื้อ ยาแก้เจ็บคอ มีผู้ป่วยในบ้าน #ขอกระสอบทราย/อื่นๆ,https://storage.googleapis.com/traffy_public_bucket/attachment/2026-09/2f96fa487cf1388f5542a1c670cb5185.jpeg
2026-W9GM27,inprogress,2026-09-28 23:13,2026-09-29 07:12,100.69499,13.86774,คลองสามวา,สามวาตะวันตก,น้ำท่วมขังรถสูงก็เข้าไม่ได้ บ้าน 400 กว่าหลัง คนเดือดร้อนมาก ช่วยระบายน้ำออกด้วยค่ะ ความสูงระดับ60 to 100 cm น้ำท่วมมาแล้วน้อยกว่า 3 ชั่วโมง,https://storage.googleapis.com/traffy_public_bucket/attachment/2026-09/89ecb95ab09dfb0d69079e37a191364a.jpeg
2026-WP8KH9,inprogress,2026-09-28 23:13,2026-09-29 15:13,100.67992,13.86793,บางเขน,ท่าแร้ง,จากปัญหาฝนตกไม่หยุด ทำให้ถนนตรงช่วงนี้ เป็นแอ่งน้ำขนาดใหญ่ บริเวณเส้นเรียบมอเตอร์เวย์ หน้าซอยกาญจนาภิเษก 5/3 อยากให้ช่วยเอาเครื่องมาสูบน้ำออกเพื่อบรรเทาน้ำค่ะ ความสูงระดับครึ่งล้อค่ะ ต้องมาขับเลนส์ขวากันหมด น้ำท่วมมาแล้วน้อยกว่า 1 สัปดาห์,https://storage.googleapis.com/traffy_public_bucket/attachment/2026-09/f2bcaa57996191f4525a85febb666d33.jpeg
2026-FCBAWB,inprogress,2026-09-28 23:16,2026-10-01 10:28,100.63252,13.84635,บางเขน,ท่าแร้ง,ซอยรามอินทรา 34 แยก 16 น้ำยังท่วมอยู่นะคะ รบกวนช่วงเร่งระบายน้ำด้วยค่ะ ในซอยมีหลายบ้านที่น้ำท่วมอยู่ในบ้าน ถ้าน้ำในซอยแห้งหรือไม่ลดระดับลง จะเอาน้ำในบ้านออกไม่ได้ค่ะ หน้าแข้ง - เกือบๆถึงหัวเข่า(จำไม่ได้) แต่ในบ้านน้ำเยอะมากค่ะ ตั้งแต่ 26 ค่ะ,https://storage.googleapis.com/traffy_public_bucket/attachment/2026-09/9d958791c73bedceaa5304ab844426f0.jpeg
2026-MD8ZG3,inprogress,2026-09-28 23:17,2026-09-29 09:28,100.68735,13.68943,ประเวศ,ดอกไม้,น้ำท่วมล้นมาจากคลอง ในซอยเฉลิมพระเกียรติ 48 ทั้งซอย ทำให้ล้นมาถึง แยก 24 (ที่อยู่ด้วย) ตอนนีน้ำยังไม่ลดลงเลย รถดับไปหลายคัน ออกจากบ้านไม่ได้เลยค่ะ ความสูงระดับหน้าแข้ง น้ำท่วมมาแล้ว3 วัน,https://storage.googleapis.com/traffy_public_bucket/attachment/2026-09/5209ba6a7fbe3f216ccb976e279d907e.jpeg
2026-HFNKNZ,finish,2026-09-28 23:20,2026-10-05 13:26,100.65426,13.75862,บางกะปิ,หัวหมาก,บ้านเลขที่ 44 ซอยรามคำแหง 60 แยก 5 (สวนสน 5) มีน้ำท่วมขังตั้งแต่คืนวันศุกร์ที่ 25 กันยายน ตอนนี้น้ำยังไม่ลดและเริ่มมีกลิ่นเน่าเหม็น ขอทราบแนวทางการระบายน้ำได้มั้ยคะ ความสูงระดับหัวเข่า น้ำท่วมมาแล้วน้อยกว่า 1 สัปดาห์,https://storage.googleapis.com/traffy_public_bucket/attachment/2026-09/3d8fa3318a4ff9893bfd76ffca884bf5.jpeg
2026-A9JLT6,inprogress,2026-09-28 23:23,2026-09-28 23:25,100.69982,13.78073,สะพานสูง,สะพานสูง,น้ำท่วมขังในหมู่บ้านธารารมณ์รามคำแหง 150 ซอย 8 ในซอย 8/2 สุดซอย น้ำอยู่ระดับหน้าแข้งมาเข้าวันที่ 3 พรุ่งนี้วันที่ 4 แล้วยังไม่ลด ทั้งที่ข้างนอกแห้งจะหมดแล้ว และยังไม่มีใครเข้ามาให้ความช่วยเหลือครับ ความสูงระดับหน้าแข้ง น้ำท่วมมาแล้วน้อยกว่า 1 สัปดาห์,https://storage.googleapis.com/traffy_public_bucket/attachment/2026-09/thumb_8a2f4ca5462f7982789688f7b8c04a9a.jpg
2026-BMLRFN,inprogress,2026-09-28 23:28,2026-09-29 09:29,100.68468,13.70742,ประเวศ,ประเวศ,น้ำท่วมขังสูง รถเล็กสัญจรไม่ได้ หมู่บ้านอิมพีเรียลปาร์ค ถนนเฉลิมพระเกียรติร.9ซ.67 น้ำเริ่มเหม็น เปลี่ยนเป็นสีคล้ำ ความสูงระดับเอว น้ำท่วมมาแล้วน้อยกว่า 1 สัปดาห์,https://storage.googleapis.com/traffy_public_bucket/attachment/2026-09/thumb_2a936b24dc708c306ea253d0372e438b.jpg
2026-9AVMP4,inprogress,2026-09-28 23:31,2026-09-29 10:26,100.6456,13.67336,ประเวศ,หนองบอน,“แจ้งน้ำท่วมขังเร่งด่วนค่ะ บริเวณต้นซอยศรีนครินทร์ 64 เขตประเวศ ตอนนี้น้ำท่วมขังและกระทบการสัญจร รบกวนส่งเจ้าหน้าที่เข้าตรวจสอบและเร่งระบายน้ำค่ะ” ความสูงระดับหน้าแข้ง น้ำท่วมมาแล้วมากกว่า 1 สัปดาห์,https://storage.googleapis.com/traffy_public_bucket/attachment/2026-09/918e8c5c610477eebae10f18a1bdf695.jpeg
2026-JTTJB2,start,2026-09-28 23:32,2026-09-28 23:32,100.73541,13.7616,ลาดกระบัง,คลองสองต้นนุ่น,น้ำท่วมสูง ข้าวของเสียหายจำนวนมาก ความสูงระดับเอว น้ำท่วมมาแล้วน้อยกว่า 1 สัปดาห์,https://storage.googleapis.com/traffy_public_bucket/attachment/2026-09/66d6c5d7e151fa6ea324555208fd4bdb.jpeg
2026-ZKZXFM,inprogress,2026-09-28 23:33,2026-09-29 10:26,100.65348,13.76293,บางกะปิ,หัวหมาก,ปัญหา: ภายในซอยหมู่บ้านดังกล่าว บ้านเลขที่ 20 ขอเครื่องอุปโภคบริโภค อาหารและเครื่องดื่มสำหรับผู้ประสบภัย จำนวน 2 คน คุณวรษฐา 084-692-4282 บ้านเลขที่: 20 หมู่บ้าน: ชลาทิศ ซอย: รามคำแหง 64 ถนน: รามคำแหง เขต: บางกะปิ #1555,https://storage.googleapis.com/traffy_public_bucket/attachment/2022-12/da2125e781282589d482070c3dba1726aa16a4a7.jpg
2026-A9AGVU,start,2026-09-28 23:35,2026-09-28 23:35,100.73539,13.76163,ลาดกระบัง,คลองสองต้นนุ่น,ต้องการอาหารแมว #ขอกระสอบทราย/อื่นๆ,https://storage.googleapis.com/traffy_public_bucket/attachment/2026-09/9e6a445a1f13b2436ef23f3304dfb6c0.jpeg
2026-3CDUNY,inprogress,2026-09-28 23:43,2026-09-29 08:19,100.65996,13.77474,บึงกุ่ม,คลองกุ่ม,ปัญหา: ภายใน Fareeda Mansion 3 (เลขที่ 23/63) กำลังประสบปัญหาน้ำท่วมขังระดับสูง ส่งผลให้ผู้พักอาศัย ซึ่งเป็นชาวฟิลิปปินส์ จำนวน 1 ท่าน ไม่สามารถเดินทางสัญจรออกไปจัดซื้อเสบียงภายนอกได้ จนเริ่มประสบปัญหาขาดแคลนอาหารและน้ำดื่มในการดำรงชีวิตอย่างหนัก จึงขอให้,https://storage.googleapis.com/traffy_public_bucket/attachment/2022-12/da2125e781282589d482070c3dba1726aa16a4a7.jpg
2026-9EBAYN,finish,2026-09-28 23:43,2026-10-05 10:57,100.47786,13.62695,ทุ่งครุ,ทุ่งครุ,น้ำระบายไม่อกไหลกลับ ความสูงระดับหน้าถนนประมาณตาตุม น้ำท่วมมาแล้วในซอบประมาณหน้าแข้ง,https://storage.googleapis.com/traffy_public_bucket/attachment/2026-09/9273852ef7419e60240d237a089461fd.jpeg
2026-R3EGCM,finish,2026-09-28 23:43,2026-09-29 17:00,100.57996,13.8958,หลักสี่,ทุ่งสองห้อง,น้ำท่วมที่หมู่บ้านหลักสึ่วิลล่า ตั้งแต่วันที่ 26 กันยายน วันนี้ลดลงจริง แต่ก็ยังอยู่ระดับเข่า ความสูงระดับหัวเข่า น้ำท่วมมาแล้วน้อยกว่า 1 สัปดาห์,https://storage.googleapis.com/traffy_public_bucket/attachment/2026-09/7274e0ccee290ea7c7886f4d5777ed06.jpeg
2026-MM8BU4,start,2026-09-28 23:44,2026-09-28 23:44,100.73724,13.76043,ลาดกระบัง,คลองสองต้นนุ่น,น้ำท่วมที่อยู่อาศัย ความสูงระดับเอว น้ำท่วมมาแล้วน้อยกว่า 1 สัปดาห์,https://storage.googleapis.com/traffy_public_bucket/attachment/2026-09/912f30218df16a7b55ae9bf5006dff46.jpeg
2026-49KFAH,inprogress,2026-09-28 23:45,2026-09-28 23:47,100.64003,13.73022,สวนหลวง,สวนหลวง,ท่วมมา4วันแล้วไม่มีทีท่าว่ามีใครเข้ามาจัดการมีรถแช่น้ำที่รอการระบายป่านนี้น้ำยังอยู่ระดับเดิมอาหารก็ขาดคนสูงอายุจะไปหาหมอเรียกรถก็ไม่มีใครเข้ามา ความสูงระดับตอนนี้ยังเลยครึ่งล้อ น้ำท่วมมาแล้วตั้งแต่คืน24/9,https://storage.googleapis.com/traffy_public_bucket/attachment/2026-09/ce372aaa53dd76c7b18a38ace56de2f1.jpeg
2026-3KLWEK,forward,2026-09-28 23:46,2026-09-29 21:51,100.58215,13.84204,จตุจักร,เสนานิคม,ซอยพหลโยธิน 40-42 น้ำท่วมขังตั้งแต่วันศุกร์ จนถึงตอนนี้เป็นเวลา 4 วันแล้วน้ำแทบไม่ลดลงเลยจากระดับประมาณหัวเข่า น้ำเริ่มเน่าเสียมีกลิ่นในบางบริเวณ มีขยะลอยมาตามน้ำ อยากให้หน่วยงานที่เกี่ยวข้องมาดำเนินการสูบน้ำออก บริเวณอื่นเขาแห้งกันหมดแล้วค่ะ ความสูงระดับ,https://storage.googleapis.com/traffy_public_bucket/attachment/2026-09/2139977d80b9037e57a800e2dc039f51.jpeg
2026-GZ2NUM,inprogress,2026-09-28 23:46,2026-09-29 09:29,100.69192,13.70126,ประเวศ,ดอกไม้,น้ำท่วมในซอยเฉลิมพระเกียรติร 9 แยก 62 นานมากแล้วค่ะ น้ำไม่ลดลงเลย ช่วยด้วยนะคะ ประมาณ 30-40 cm ค่ะ น้ำท่วมมาแล้วมากกว่า 1 สัปดาห์,https://storage.googleapis.com/traffy_public_bucket/attachment/2026-09/f374a1f1a6cabf1da08ef159d5126d4c.jpeg
2026-7RCLTF,finish,2026-09-28 23:53,2026-09-30 08:44,100.62414,13.74588,สวนหลวง,สวนหลวง,ปัญหา: ภายในหมู่บ้านดังกล่าว บ้านเลขที่ 337 ขอเครื่องอุปโภคบริโภค อาหารและเครื่องดื่มสำหรับผู้ประสบภัย ติดต่อกลับคุณวิลาสินี สุวรรณประสาท 0830358999 บ้านเลขที่: 337 หมู่บ้าน: เสรี 5 ซอย 6 ถนน: พระราม 9 จุดสังเกต: บ้านติดถนนฝั่งพระราม 9 หลังเดอะไนน์ เซ็นเต,https://storage.googleapis.com/traffy_public_bucket/attachment/2022-12/da2125e781282589d482070c3dba1726aa16a4a7.jpg
2026-HE9464,inprogress,2026-09-28 23:58,2026-09-29 10:01,100.76947,13.82517,มีนบุรี,แสนแสบ,ซอยราษฎร์อุทิศ 22/1 น้ำท่วมถนนและตัวบ้านได้รับความเสียหาย และถนนกำลังสร้างพื้นดินเละ ดินเหลว ติดตอหม้อปูนระบายน้ำ ไม่สามารถเข้าออกได้ปกติ ต้องใช้เรือ น้ำลึกประมาณเอวถึงหน้าอก บางช่วงเป็นหลุมลึก มีเหล็กก่อสร้างตลอดทาง อันตรายมาก สัตว์เลื้อยมีพิษคลานที่มากั,https://storage.googleapis.com/traffy_public_bucket/attachment/2026-09/722fe573bdf61fed7d8008369fef7a9c.jpeg
