ticket,state,reported,last_activity,lon,lat,district,subdistrict,description,photo_url
2026-AXEDWM,inprogress,2026-09-29 00:00,2026-09-29 13:09,100.6175,13.86479,บางเขน,อนุสาวรีย์,"ตอนนี้ฝนน้อยลงแล้วแต่ ซอยรามอินทรา 19, ซอยรามอินทรา 21 และ 23 ยังมีน้ำท่วมสูงอยู่มากแทบจะไม่ลดลงเลย น่าจะเกือบถึงเข่าบางจุด รถสวนไปมาน้ำเข้ารถ ทำให้รถมีปัญหากันมาก อยากให้ผู้เกี่ยวข้อง เจ้าหน้าที่เขตบางเขน ลองมาดูตรวจสอบว่าพอจะสูบน้ำออกจากซอยหรือระบายลงทา",https://storage.googleapis.com/traffy_public_bucket/attachment/2026-09/01f28317b43b9c4d3db322281d1cff04.jpeg
2026-AXEDWM,finish,2026-09-29 00:00,2026-10-09 13:53,100.6175,13.86479,บางเขน,อนุสาวรีย์,"ตอนนี้ฝนน้อยลงแล้วแต่ ซอยรามอินทรา 19, ซอยรามอินทรา 21 และ 23 ยังมีน้ำท่วมสูงอยู่มากแทบจะไม่ลดลงเลย น่าจะเกือบถึงเข่าบางจุด รถสวนไปมาน้ำเข้ารถ ทำให้รถมีปัญหากันมาก อยากให้ผู้เกี่ยวข้อง เจ้าหน้าที่เขตบางเขน ลองมาดูตรวจสอบว่าพอจะสูบน้ำออกจากซอยหรือระบายลงทา",https://storage.googleapis.com/traffy_public_bucket/attachment/2026-09/01f28317b43b9c4d3db322281d1cff04.jpeg
2026-N4DW9C,inprogress,2026-09-29 00:06,2026-09-29 09:28,100.7695,13.82507,มีนบุรี,แสนแสบ,ซอยราษฎร์อุทิศ 22/1 น้ำท่วมถนนและตัวบ้านได้รับความเสียหาย และถนนกำลังสร้างพื้นดินเละ ดินเหลว ติดตอหม้อปูนระบายน้ำ ไม่สามารถเข้าออกได้ปกติ ต้องใช้เรือ น้ำลึกประมาณเอวถึงหน้าอก บางช่วงเป็นหลุมลึก มีเหล็กก่อสร้างตลอดทาง อันตรายมาก สัตว์เลื้อยมีพิษคลานที่มากั,https://storage.googleapis.com/traffy_public_bucket/attachment/2026-09/5097ef592ea0e46c13dd1eaff1328256.jpeg
2026-X92VLD,forward,2026-09-29 00:07,2026-09-29 21:51,100.5823,13.84104,จตุจักร,เสนานิคม,น้ำท่วมขัง6วันไม่ลดลงเลย ความสูงระดับหัวเข่า น้ำท่วมมาแล้วมากกว่า 1 สัปดาห์,https://storage.googleapis.com/traffy_public_bucket/attachment/2026-09/1ac41945dde126544c64659bbd5721fa.jpeg
2026-3ELWJY,finish,2026-09-29 00:08,2026-09-29 16:59,100.5704,13.87474,หลักสี่,ทุ่งสองห้อง,วันนี้ มีน้ำท่วมสูงประมาณ 80 เซนติเมตร ภายในมีผู้สูงอายุที่เดินไม่ได้ แจ้งไว้เพื่อเป็นข้อมูล ความสูงระดับวันนี้ระดับน้ำลดลง แต่ยังท่วมประมาณ 40 เซนจิเมตรค่ะ น้ำท่วมมาแล้วน้อยกว่า 1 สัปดาห์,https://storage.googleapis.com/traffy_public_bucket/attachment/2026-09/3a52d8a1928c5b7cb9ccd746ffc0f13b.jpeg
2026-222D2L,inprogress,2026-09-29 00:17,2026-09-30 11:38,100.60704,13.73182,สวนหลวง,สวนหลวง,ซอยพัฒนาการ 20 แยก 6/1 เป็นซอยเดียวที่ระดับพื้นที่ในซอยต่ำกว่าถนนหลักมาก ทำให้เมื่อเวลาน้ำท่วมจะเกิดน้ำท่วมขัง ไม่สามารถเข้าออกได้ และเมื่อฝนตกหนักช่วง 25-28 sep 2026 ก็ยังเป็นซอยเดียวที่น้ำยังระบายไม่หมดหลังจากผ่านไป 5 วัน อยากให้ทาง กทม ช่วยพิจารณาคว,https://storage.googleapis.com/traffy_public_bucket/attachment/2026-09/4544b8d4fa509b642877f9c3afb3ecaf.jpeg
2026-222D2L,finish,2026-09-29 00:17,2026-10-10 10:32,100.60704,13.73182,สวนหลวง,สวนหลวง,ซอยพัฒนาการ 20 แยก 6/1 เป็นซอยเดียวที่ระดับพื้นที่ในซอยต่ำกว่าถนนหลักมาก ทำให้เมื่อเวลาน้ำท่วมจะเกิดน้ำท่วมขัง ไม่สามารถเข้าออกได้ และเมื่อฝนตกหนักช่วง 25-28 sep 2026 ก็ยังเป็นซอยเดียวที่น้ำยังระบายไม่หมดหลังจากผ่านไป 5 วัน อยากให้ทาง กทม ช่วยพิจารณาคว,https://storage.googleapis.com/traffy_public_bucket/attachment/2026-09/4544b8d4fa509b642877f9c3afb3ecaf.jpeg
2026-JT2YVE,inprogress,2026-09-29 00:17,2026-09-29 15:09,100.63234,13.84639,บางเขน,ท่าแร้ง,รามอินทรา34แยก16 น้ำยังท่วมอยู่นะคะ รบกวนช่วยเร่งระบายน้ำออกด้วยค่ะ ในซอยมีหลายบ้านที่มีนํ้าท่วมอยู่ในบ้าน ถ้านํ้าในซอยไม่แห้งหรือไม่ลดระดับลงจะเอานํ้าในบ้านออกไม่ได้ค่ะ น้ำในบ้านมีปริมาณเยอะมากค่ะ สูงกว่าระดับน้ำในซอยเพราะบ้านต่ำกว่าท่อและถนน ความสูงระดั,https://storage.googleapis.com/traffy_public_bucket/attachment/2026-09/9903cf697e73df53a381bb2b58c875c0.jpeg
2026-JT2YVE,finish,2026-09-29 00:17,2026-10-07 10:19,100.63234,13.84639,บางเขน,ท่าแร้ง,รามอินทรา34แยก16 น้ำยังท่วมอยู่นะคะ รบกวนช่วยเร่งระบายน้ำออกด้วยค่ะ ในซอยมีหลายบ้านที่มีนํ้าท่วมอยู่ในบ้าน ถ้านํ้าในซอยไม่แห้งหรือไม่ลดระดับลงจะเอานํ้าในบ้านออกไม่ได้ค่ะ น้ำในบ้านมีปริมาณเยอะมากค่ะ สูงกว่าระดับน้ำในซอยเพราะบ้านต่ำกว่าท่อและถนน ความสูงระดั,https://storage.googleapis.com/traffy_public_bucket/attachment/2026-09/9903cf697e73df53a381bb2b58c875c0.jpeg
2026-FK29EJ,inprogress,2026-09-29 00:18,2026-09-29 08:07,100.70324,13.76481,สะพานสูง,สะพานสูง,สวัสดีค่า ซอยราษฎร์พัฒนา 17 (สุดซอย) น้ำท่วมสูงเพราะอยู่ติดคลอง บ้านพื้นต่ำและ ระดับน้ำอยู่เหนือหัวเข่าขึ้นไป ตอนนี้ใช้ชีวิตอยู่ชั้น 2 ค่า มีคนแก่และเด็กอ้วน 180 กิโล ไม่สามารถเดินในน้ำได้ รบกวนระบายน้ำให้หน่อยค่า ไม่มีห้องน้ำใช้ และไปทำงานไม่ได้คะ ขอบคุณ,https://storage.googleapis.com/traffy_public_bucket/attachment/2026-09/187ac7f3a6887d439548ed1d309aabae.jpeg
2026-U2MJ8C,inprogress,2026-09-29 00:20,2026-09-29 07:10,100.75576,13.83839,คลองสามวา,ทรายกองดินใต้,น้ำท่วมสูง รถไม่สามารถสัญจรได้ ระดับน้ำยังไม่ลดลงบ้างเลย ความสูงระดับเอว น้ำท่วมมาแล้วน้อยกว่า 1 สัปดาห์,https://storage.googleapis.com/traffy_public_bucket/attachment/2026-09/fdbe66ff19124a8747ec60629246c0c2.jpeg
2026-7NWYDM,inprogress,2026-09-29 00:33,2026-09-29 09:32,100.70945,13.7964,มีนบุรี,มีนบุรี,เครื่องสูบนำ้เสียมาหลายวันทำให้นำ้ไม่ระบาย ท่วมซอยรามคำแหง164 ความสูงระดับหัวเข่า น้ำท่วมมาแล้วน้อยกว่า 1 สัปดาห์,https://storage.googleapis.com/traffy_public_bucket/attachment/2026-09/7525db4e14bf1c771eeb114aa7b0549c.jpeg
2026-CXAENU,finish,2026-09-29 00:33,2026-10-05 13:50,100.63318,13.77742,บางกะปิ,คลองจั่น,อยากขอให้หน่วยงานที่เกี่ยวข้องช่วยพิจารณาเรื่องการระบายน้ำในพื้นที่ลาดพร้าว 107 และ 109 เพิ่มเติมครับ เนื่องจากติดตามระดับน้ำในช่วง 24 ชั่วโมงที่ผ่านมา น้ำลดลงประมาณ 4 เซนติเมตร ขณะที่ระดับน้ำที่ยังเหลืออยู่ประมาณ 50 เซนติเมตร หากพิจารณาจากอัตรานี้แบบคงท,https://storage.googleapis.com/traffy_public_bucket/attachment/2026-09/5b7cbd1e8bc56bed3e394a8ad9d6776a.jpeg
2026-6KBPBM,inprogress,2026-09-29 00:36,2026-09-29 09:32,100.70945,13.79638,มีนบุรี,มีนบุรี,เครื่องสูบนำ้เสียมาหลายวันแล้ว ทำให้นำ้ท่วมและนำ้ไม่สามารถระบายออก ท่วมซอยหนักมาก ความสูงระดับหัวเข่า น้ำท่วมมาแล้วน้อยกว่า 1 สัปดาห์,https://storage.googleapis.com/traffy_public_bucket/attachment/2026-09/d32e390b7a15c217bf74ebcdb0d035fc.jpeg
2026-TGFTTF,inprogress,2026-09-29 00:41,2026-09-29 00:45,100.6189,13.7423,สวนหลวง,สวนหลวง,ฝนหยุดนานแต่น้ำไม่ลด ความสูงระดับเอว น้ำท่วมมาแล้วน้อยกว่า 1 สัปดาห์,https://storage.googleapis.com/traffy_public_bucket/attachment/2026-09/eac5b2b952d34801e8a3d2fbfeec4042.jpeg
2026-TGFTTF,finish,2026-09-29 00:41,2026-10-08 14:19,100.6189,13.7423,สวนหลวง,สวนหลวง,ฝนหยุดนานแต่น้ำไม่ลด ความสูงระดับเอว น้ำท่วมมาแล้วน้อยกว่า 1 สัปดาห์,https://storage.googleapis.com/traffy_public_bucket/attachment/2026-09/eac5b2b952d34801e8a3d2fbfeec4042.jpeg
2026-R9AA9U,inprogress,2026-09-29 01:08,2026-09-29 10:26,100.64021,13.70834,สวนหลวง,สวนหลวง,ถ้าจะทำให้น้ำลดไม่ได้ แล้วไม่ยอมรับเรื่องแจ้งของเราสักที ก็หาข้าวหาน้ำมาแจกในซอยนี้หน่อยเหอะ น้ำเท่าเข่ามาเท่าเดิมตั้งแต่วันศุกร์ยันตอนนี้ ไม่มีใครเหลียวแลเลย สก สส เขตสวนหลวงหายไปไหนกันหมด ผู้ว่าทำอะไรอยู่ ห้องน้ำใช้งานไม่ได้ เดือดร้อนจะแย่อยู่แล้ว เป็นก,https://storage.googleapis.com/traffy_public_bucket/attachment/2026-09/de00e07bf4e5a0eacef1479efff477e9.jpeg
2026-R9AA9U,finish,2026-09-29 01:08,2026-10-08 14:18,100.64021,13.70834,สวนหลวง,สวนหลวง,ถ้าจะทำให้น้ำลดไม่ได้ แล้วไม่ยอมรับเรื่องแจ้งของเราสักที ก็หาข้าวหาน้ำมาแจกในซอยนี้หน่อยเหอะ น้ำเท่าเข่ามาเท่าเดิมตั้งแต่วันศุกร์ยันตอนนี้ ไม่มีใครเหลียวแลเลย สก สส เขตสวนหลวงหายไปไหนกันหมด ผู้ว่าทำอะไรอยู่ ห้องน้ำใช้งานไม่ได้ เดือดร้อนจะแย่อยู่แล้ว เป็นก,https://storage.googleapis.com/traffy_public_bucket/attachment/2026-09/de00e07bf4e5a0eacef1479efff477e9.jpeg
2026-K2BXUA,finish,2026-09-29 01:20,2026-10-01 13:58,100.59207,13.92538,ดอนเมือง,ดอนเมือง,เด็กป่วยอ้วก5รอบมีอาการขาดน้ำ #ผู้ป่วยฉุกเฉิน,https://storage.googleapis.com/traffy_public_bucket/attachment/2026-09/6fda861dae1d9c647400bf5d75950aa3.jpeg
2026-ZJD9DG,finish,2026-09-29 01:38,2026-10-05 14:45,100.62758,13.75336,บางกะปิ,หัวหมาก,อยากให้เข้ามาช่วยน้ำท่วม ในซอยรามคำแหง 24 แยก 32 มีหอพักเป็นตึกเกือบหลังซอยอยู่ เลขที่ 90 ยังมีคนอยู่ แต่น้ำในซอยถึงเอว ลุยออกไปน่าจะเกือบอก แล้วไม่มีข้าว น้ำ กินเลย ความสูงระดับเอว น้ำท่วมมาแล้ว3 - 4 วันค่ะ,https://storage.googleapis.com/traffy_public_bucket/attachment/2026-09/0945fa99d37c164d52b0957e41b32b3f.jpeg
2026-988YRP,finish,2026-09-29 01:42,2026-09-29 16:59,100.5807,13.89594,หลักสี่,ทุ่งสองห้อง,น้ำท่วมขังในบ้านและ บริเวณหน้าบ้าน ในหมู่ย้านหลักสี่วิลล่า รถที่บ้านจมน้ำไป1คัน ตั้งแต่วันที่25กย จนถึงวันนี้ นิำลดลงเพียงเล็กน้อย น้ำเริ่มมีกลิ่นเหม็น ถังขยะใบใหญ่หน้าบ้านลอยหายไป และยังไม่มีรถขยะ มาเก็บขยะในหมู่บ้าน แดือดร้อนมาก ความสูงระดับหัวเข่า น้ำท,https://storage.googleapis.com/traffy_public_bucket/attachment/2026-09/1d1d51a8266a621b2ba118d1bd845e3c.jpeg
2026-7JEU9Y,inprogress,2026-09-29 01:44,2026-09-30 09:36,100.61791,13.94603,ดอนเมือง,สนามบิน,น้ำท่วมเข้ามาเป็นจำนวนมาก ตอนนี้ ยังขึ้นมาเรื่อยๆ 50-60 เซนต์ น้ำท่วมมาแล้วน้อยกว่า 1 สัปดาห์,https://storage.googleapis.com/traffy_public_bucket/attachment/2026-09/3ad92f1e6521d1f128a717b97414edee.jpeg
2026-6MWPXP,irrelevant,2026-09-29 01:45,2026-09-29 21:50,100.5487,13.82676,จตุจักร,จตุจักร,ไม่แสดงรายละเอียด,https://storage.googleapis.com/traffy_public_bucket/TeamChadChart/fondue_photo.png
2026-RGD7YE,forward,2026-09-29 01:48,2026-09-29 10:09,100.62349,13.94537,สายไหม,สายไหม,ถนนพหลโยธิน ช่วงซอย 64 น้ำท่วม น้ำขึ้นเรื่อยๆเลยครับ ฝนหยุดตกไปตั้งนานแล้วแต่น้ำยังขึ้นอยู่ บางจุดวิกฤต เช่นพหล62/2 พหล 54/1 (ซอยวัดเกาะ) ไม่แน่ใจว่าน้ำระบายไปทางไหนแต่ดูเหมือนพหลโยธินตั้งแต่แยกเกษตร มาถึงแยกลำลูกกาน้ำไม่ลดลงเลย ความสูงระดับหน้าถนนประมา,https://storage.googleapis.com/traffy_public_bucket/attachment/2026-09/0d77b97de967843f085a0197260d813a.jpeg
2026-7DRXWE,inprogress,2026-09-29 02:02,2026-09-29 09:32,100.65646,13.72827,ประเวศ,ประเวศ,เป็นผู้ประสบภัยในพื้นที่เขตประเวศโดยตรง อยากถามตรงๆ ว่า จะให้ประชาชนนั่งจมน้ำรอการระบายอย่างไร้จุดหมายแบบนี้ไปอีกกี่วัน? ก็เห็น ก็ทราบว่าเป็นหนึ่งในพื้นที่ที่ท่วมหนักมาก ประกาศเป็นพื้นที่ประสบภัยตั้งแต่วันแรกๆ แต่นี่เข้าวันที่ 5 แล้ว แต่การจัดการบรรเทาทุ,https://storage.googleapis.com/traffy_public_bucket/attachment/2026-09/3f15086307de3b03faf5721486280044.jpeg
2026-2UA39Z,inprogress,2026-09-29 02:05,2026-09-30 09:36,100.61893,13.94597,ดอนเมือง,สนามบิน,น้ำท่วมสูงขอความช่วยเหลือ สูบน้ำออกและขอกระสอบทราย ความสูงระดับเมื่อตอนเย็นหัวเข่าคะ ตอนค่ำๆสูงขึ้นอีก ตอนนี้ยังไม่กล้าลุยน้ำ น้ำท่วมมาแล้วตั้งแต่วันเสาร์ที่ 26 ก.ย,https://storage.googleapis.com/traffy_public_bucket/attachment/2026-09/thumb_aafe2122874da71c1944e3a00e61040e.jpg
2026-DEMW4T,inprogress,2026-09-29 02:14,2026-09-30 09:36,100.61886,13.94589,ดอนเมือง,สนามบิน,น้ำท่วมขังสูงของเครื่องสูบน้ำออกและขอกระสอบทรายด่วน แจ้งเรื่องแล้วเงียบไม่มีใครมาช่วยเลยคะ ความสูงระดับตอนเย็นเข่าแต่ตอนนี้น่าจะสูงขึ้นอีกไม่กล้าลุยน้ำคะน้ำเย็น น้ำท่วมมาแล้วตั้งแต่ 26 ก.ย,https://storage.googleapis.com/traffy_public_bucket/attachment/2026-09/thumb_c579f88802f43eea8b3221008a725854.jpg
2026-RNXRY4,inprogress,2026-09-29 02:37,2026-09-30 09:36,100.61958,13.9473,ดอนเมือง,สนามบิน,น้ำท่วมขังในซอยวิภาวดี 84ค่ะพี่ๆ แต่ระแวกใกล้เคียงแห้งแล้วในซอยไม่ยอมแห้งและไม่มีฝนตก ความสูงระดับหัวเข่า น้ำท่วมมาแล้วน้อยกว่า 1 สัปดาห์,https://storage.googleapis.com/traffy_public_bucket/attachment/2026-09/c9d3a8f86e0b4f714dc0fa7d9292e3cd.jpeg
2026-NY8PFT,inprogress,2026-09-29 02:54,2026-09-29 12:01,100.63312,13.78177,บางกะปิ,คลองจั่น,น้ำท่วมสูงลาดพร้าว107/7 ความสูงระดับหัวเข่า น้ำท่วมมาแล้วน้อยกว่า 1 สัปดาห์,https://storage.googleapis.com/traffy_public_bucket/attachment/2026-09/26d5c3580c4d5bfcd41cb182c699c448.jpeg
2026-XCTVFJ,inprogress,2026-09-29 03:13,2026-09-29 12:01,100.63829,13.76729,บางกะปิ,คลองจั่น,รบกวนสอบถามน้ำท่วมลาดพร้าว140 จุดแจกข้าวใกล้สุดที่ไหน ความสูงระดับหน้าแข้ง น้ำท่วมมาแล้วน้อยกว่า 1 สัปดาห์,https://storage.googleapis.com/traffy_public_bucket/attachment/2026-09/c1108fb07eede9a5c359fb8514f7b7ad.jpeg
2026-XCTVFJ,finish,2026-09-29 03:13,2026-10-09 15:36,100.63829,13.76729,บางกะปิ,คลองจั่น,รบกวนสอบถามน้ำท่วมลาดพร้าว140 จุดแจกข้าวใกล้สุดที่ไหน ความสูงระดับหน้าแข้ง น้ำท่วมมาแล้วน้อยกว่า 1 สัปดาห์,https://storage.googleapis.com/traffy_public_bucket/attachment/2026-09/c1108fb07eede9a5c359fb8514f7b7ad.jpeg
2026-23NYTC,inprogress,2026-09-29 03:24,2026-09-29 08:06,100.69183,13.7431,สะพานสูง,สะพานสูง,ปัญหา: ตลอดทั้งหมู่บ้านนักกีฬา พบน้ำท่วมขังระดับน้ำสูง ปัจจุบันฝนยังตกอยู่ ขอให้เร่งระบายน้ำออก หมู่บ้าน: นักกีฬา ถนน: นักกีฬาแหลมทอง เขต: สะพานสูง #1555,https://storage.googleapis.com/traffy_public_bucket/attachment/2022-12/da2125e781282589d482070c3dba1726aa16a4a7.jpg
2026-832NJ6,inprogress,2026-09-29 03:26,2026-09-30 09:36,100.61891,13.94561,ดอนเมือง,สนามบิน,ซอยวิภาวดี 84 หมู่บ้านพิพรพงษ์ 2/3/4 ขนะนี้แม้ไม่มีฝนตก แต่ระดับน้ำสูงขึ้นเรื่อย คืนนี้น้ำเข้าบ้านแล้วค่ะ ในหมู่บ้านไม่มีเครื่องสูบน้ำ อยากให้ทางกทม มาช่วยเหลือสูบน้ำออก ด้วยในหมู่บ้านตามซอยน้ำท่วมขังสูงเกิน 35 ซม. ค่ะ และมีน้ำซึมเข้าตามรอยแยกในบ้าน ส่วนใ,https://storage.googleapis.com/traffy_public_bucket/attachment/2026-09/e5e022d4545509b3be34ad28844fc506.jpeg
2026-A2HZCP,inprogress,2026-09-29 03:27,2026-09-29 17:14,100.66283,13.87061,บางเขน,ท่าแร้ง,ในหมู่บ้านพฤกษาไพร์ม 101 ท้ายซอยคู้บอน 27 (ในหมู่บ้าน ท้ายหมู่บ้าน) น้ำท่วมขังเลยเข่าตั้งแต่วันที่ 25 ปัจจุบันน้ำยังไม่ลด กำแพงกั้นหมู่บ้านติดกับบ่อปลามีจุดรั่ว อยากให้มีการมาสูบน้ำออก ความสูงระดับเลยหัวเข่าค่ะ ณ ซอย 10 นะคะ เมื่อช่วง 17.00 น. ของวันที่ ,https://storage.googleapis.com/traffy_public_bucket/attachment/2026-09/9aae50147d4454ddd55ae00cb4c880a1.jpeg
2026-A2HZCP,finish,2026-09-29 03:27,2026-10-09 18:55,100.66283,13.87061,บางเขน,ท่าแร้ง,ในหมู่บ้านพฤกษาไพร์ม 101 ท้ายซอยคู้บอน 27 (ในหมู่บ้าน ท้ายหมู่บ้าน) น้ำท่วมขังเลยเข่าตั้งแต่วันที่ 25 ปัจจุบันน้ำยังไม่ลด กำแพงกั้นหมู่บ้านติดกับบ่อปลามีจุดรั่ว อยากให้มีการมาสูบน้ำออก ความสูงระดับเลยหัวเข่าค่ะ ณ ซอย 10 นะคะ เมื่อช่วง 17.00 น. ของวันที่ ,https://storage.googleapis.com/traffy_public_bucket/attachment/2026-09/9aae50147d4454ddd55ae00cb4c880a1.jpeg
2026-KDU6YA,inprogress,2026-09-29 03:30,2026-09-29 14:28,100.66778,13.87015,บางเขน,ท่าแร้ง,บ้านเลขที่18/118น้ำท่วมเข้าบ้านทรัพย์สินเสียหาย ความสูงระดับท่วมสูงหน้าแข่ง น้ำท่วมมาแล้วน้อยกว่า 1 สัปดาห์,https://storage.googleapis.com/traffy_public_bucket/attachment/2026-09/dcb28f11b7f17cc2f00c38758e4c2fae.jpeg
2026-KDU6YA,follow,2026-09-29 03:30,2026-10-07 15:15,100.66778,13.87015,บางเขน,ท่าแร้ง,บ้านเลขที่18/118น้ำท่วมเข้าบ้านทรัพย์สินเสียหาย ความสูงระดับท่วมสูงหน้าแข่ง น้ำท่วมมาแล้วน้อยกว่า 1 สัปดาห์,https://storage.googleapis.com/traffy_public_bucket/attachment/2026-09/dcb28f11b7f17cc2f00c38758e4c2fae.jpeg
2026-374DLX,forward,2026-09-29 04:09,2026-09-30 07:08,100.61616,13.94386,ดอนเมือง,สนามบิน,ดอนเมืองช่วงบริเวณซอยวิภาวดีรังสิต 82 ระดับน้ำสูงขึ้นเรื่อยๆ และกำลังจะเข้าท่วมบ้านเรือน ทั้งๆที่ฝนหยุดตกแล้วแต่ระดับน้ำกลับเพิ่มขึ้นอีก ความสูงระดับหัวเข่า น้ำท่วมมาแล้วน้อยกว่า 1 สัปดาห์,https://storage.googleapis.com/traffy_public_bucket/attachment/2026-09/7fe36d23e63f82dc43de9fb7c6305d6b.jpeg
2026-374DLX,inprogress,2026-09-29 04:09,2026-09-30 16:58,100.61616,13.94386,ดอนเมือง,สนามบิน,ดอนเมืองช่วงบริเวณซอยวิภาวดีรังสิต 82 ระดับน้ำสูงขึ้นเรื่อยๆ และกำลังจะเข้าท่วมบ้านเรือน ทั้งๆที่ฝนหยุดตกแล้วแต่ระดับน้ำกลับเพิ่มขึ้นอีก ความสูงระดับหัวเข่า น้ำท่วมมาแล้วน้อยกว่า 1 สัปดาห์,https://storage.googleapis.com/traffy_public_bucket/attachment/2026-09/7fe36d23e63f82dc43de9fb7c6305d6b.jpeg
2026-GY2RHD,finish,2026-09-29 04:14,2026-10-02 09:50,100.6334,13.77693,บางกะปิ,คลองจั่น,ผู้ประสบภัยน้ำท่วม/ได้รับความเดือดร้อนจากผลกระทบน้ำท่วมขังเร่งระบายลงคลอง/และสูบระบายน้ำในซอยลาดพร้าว.107.แยก.1-.แยก.22..ตั้งแต่ต้นซอย..107..ถึงซอย..RBAC..//ซึ่งมีน้ำท่วมขังสีดำส่งกลิ่นเน่าเหม็น/น้ำไม่ลดระดับแต่เพิ่มสูงขึ้น/ไม่สามารถเดินทางออกไปได้ตามปกติ,https://storage.googleapis.com/traffy_public_bucket/attachment/2026-09/f9694df818e2e52b4d5bc644ee7b5a81.jpeg
2026-3TL74M,finish,2026-09-29 04:24,2026-10-03 09:57,100.62398,13.7824,วังทองหลาง,คลองเจ้าคุณสิงห์,พบน้ำท่วมขังภายในบ้านชั้นล่างจำนวน 4 ห้อง ส่งกลิ่นเหม็นเน่า มีฟองและคราบสิ่งสกปรก ไม่สามารถระบายน้ำออกได้เอง ระดับน้ำสูงกว่าตาตุ่ม ขอความอนุเคราะห์เขตวังทองหลางส่งเจ้าหน้าที่หรือปั๊มสูบน้ำเข้าช่วยเหลือโดยเร่งด่วน ความสูงระดับข้อเท้า น้ำท่วมมาแล้วน้อยกว่า ,https://storage.googleapis.com/traffy_public_bucket/attachment/2026-09/0e7424639c0c1dd78952c2d7dda06de2.jpeg
2026-KRK8UM,inprogress,2026-09-29 04:29,2026-09-29 09:34,100.72577,13.82165,มีนบุรี,มีนบุรี,ขอแจ้งเหตุน้ำท่วมค่ะ ถนนสามวา ซอย 5 เขตมีนบุรี กรุงเทพฯ ตอนนี้น้ำท่วมสูงระดับเหนือเข่า ท่วมทั้งบริเวณบ้านและถนนตามภาพ รบกวนส่งเจ้าหน้าที่เข้าตรวจสอบและช่วยเร่งระบายน้ำนำเครื่องสูบน้ำมาช่วยด้วยค่ะ เหนือเข่าค่ะ ตั้งแต่วันเสาร์ค่ะ,https://storage.googleapis.com/traffy_public_bucket/attachment/2026-09/d1edcf74a7c9edd819e0b153ac73a1df.jpeg
2026-MEK63K,inprogress,2026-09-29 04:34,2026-09-29 17:01,100.64172,13.81785,บึงกุ่ม,นวลจันทร์,ตอนนี้น้ํายังขังอยู่ในหมู่บ้านหาทางออกไม่ได้ ด้านหน้าเป็นถนนคลองลําเจียก(ซึ่งแห้งแล้ว) ต้องการสูบน้ำในบ่อพักน้ำหลังหมู่บ้านออก ลงท่อระบายน้ํา ถ.ประเสิฐมนูกิจ(ซึ่งน้ําแห้งหมดแล้ว) ที่สูงกว่า สองเมตร ระดับน้ําในหมู่บ้านจึงจะลดลงได้ค่ะ ตอนนี้น้ําทรงตัวขังอยู,https://storage.googleapis.com/traffy_public_bucket/attachment/2026-09/23dfe11cd58e8f4e90b9e197e8d7053f.jpeg
2026-C6AZH4,forward,2026-09-29 04:49,2026-09-29 12:26,100.63868,13.77393,บางกะปิ,คลองจั่น,น้ำท่วมขังสูงวิกฤต รถเล็กผ่านไม่ได้ รายละเอียด: ซอยลาดพร้าว 113 มีน้ำท่วมขังสูงเสมอระดับฟุตบาทและล้นเข้าพื้นที่ด้านใน ระบายน้ำช้ามากเนื่องจากติดคลองแสนแสบ เดือดร้อนหนักมากครับ รบกวนสำนักงานเขตบางกะปิและสำนักการระบายน้ำส่งเจ้าหน้าที่พร้อมเครื่องสูบน้ำเร่งด,https://storage.googleapis.com/traffy_public_bucket/attachment/2026-09/6d7e1ef635683a38737ee78970c868c5.jpeg
2026-WD286D,inprogress,2026-09-29 04:53,2026-09-29 09:35,100.72272,13.82126,มีนบุรี,มีนบุรี,น้ำท่วมตลอดซอยและท้ายซอยสูงมากขอแจ้งเหตุน้ำท่วมค่ะ ถนนสามวา ซอย 5 เขตมีนบุรี กรุงเทพฯ ตอนนี้น้ำท่วมสูงระดับเหนือเข่า ท่วมทั้งบริเวณบ้านและถนนตามภาพ รบกวนส่งเจ้าหน้าที่เข้าตรวจสอบและช่วยเร่งระบายน้ำนำเครื่องสูบน้ำมาช่วยด้วยค่ะ ความสูงระดับหัวเข่า น้ำท่วมมา,https://storage.googleapis.com/traffy_public_bucket/attachment/2026-09/c35ee6fc216de05738eef2d92ab094f6.jpeg
2026-YMWWXZ,inprogress,2026-09-29 05:03,2026-09-30 07:34,100.66255,13.87825,บางเขน,ท่าแร้ง,บ้านเลขที่ 5 กับบ้านเลขที่ 5/1 ถนนสุขาภิบาล 5 ซอย32 ท่าแร้ง บางเขน น้ำท่วมหนัก ต้องการเรือ 1 ลำด่วนค่ะ ความสูงระดับเลยหัวเข่าขึ้นไปค่ะ น้ำท่วมมาแล้วน้อยกว่า 1 สัปดาห์,https://storage.googleapis.com/traffy_public_bucket/attachment/2026-09/c3b8ec07c25d564accfdd9042b417592.jpeg
2026-YMWWXZ,finish,2026-09-29 05:03,2026-10-09 18:55,100.66255,13.87825,บางเขน,ท่าแร้ง,บ้านเลขที่ 5 กับบ้านเลขที่ 5/1 ถนนสุขาภิบาล 5 ซอย32 ท่าแร้ง บางเขน น้ำท่วมหนัก ต้องการเรือ 1 ลำด่วนค่ะ ความสูงระดับเลยหัวเข่าขึ้นไปค่ะ น้ำท่วมมาแล้วน้อยกว่า 1 สัปดาห์,https://storage.googleapis.com/traffy_public_bucket/attachment/2026-09/c3b8ec07c25d564accfdd9042b417592.jpeg
2026-FBZ79E,inprogress,2026-09-29 05:23,2026-09-29 08:06,100.69976,13.781,สะพานสูง,สะพานสูง,ห้องนั่งเล่นโดนน้ำท่วม น้ำเริ่มเน่าแล้ว ถนนอื่นน้ำลดแล้วทำไมแถวนี้น้ำยังไม่ลดเลย ความสูงระดับในบ้านท่วมอย่างที่เห็นในรูปแต่ข้างนอกเท่าเข่าไม่ลดเลย น้ำท่วมมาแล้วตั้งแต่วันเสาร์,https://storage.googleapis.com/traffy_public_bucket/attachment/2026-09/4f2818cde7f255e0b519b5cebe7599a8.jpeg
2026-64FGXW,inprogress,2026-09-29 05:29,2026-09-29 07:10,100.75575,13.84429,คลองสามวา,ทรายกองดินใต้,ปัญหาที่พบ-->สวัสดีครับ สอบถามเรื่องการจัดการน้ำท่วมขัง(ถนนประชาร่วมใจ31) ว่ามีแนวทางดำเนินการยังไงครับ? ความสูงระดับหัวเข่า น้ำท่วมมาแล้วน้อยกว่า 1 สัปดาห์,https://storage.googleapis.com/traffy_public_bucket/attachment/2026-09/7a66e55b661b6d03f310c8f9b90d0a7d.jpeg
2026-W78J7T,inprogress,2026-09-29 05:30,2026-09-29 08:25,100.84518,13.80233,หนองจอก,ลำผักชี,ตอนนี้มีน้ำอยู่ในบ้านอยากให้มาเอาน้ำออกจากบ้าน ไม่รู้หมุดตรงกับบ้านมั้ยแต่บ้านเลขที่นี้ 22/5 หมู่10 ซอยสุวินทวงศ์64แยกสอง ก่อนถึงแยกที่ ถนนไม่ได้เทพื้นถนน เป็นพื้นดินธรรมดา แล้วบ้านอยู่ในสุด ตอนนี้น้ำล้อมรอบอยู่ มาตั้งแต่วันที่25แล้ว อยากให้เอาน้ำออกจากบ้,https://storage.googleapis.com/traffy_public_bucket/attachment/2026-09/0f179de9fb3ff4176df7b546bc3cbf58.jpeg
2026-CYVATM,forward,2026-09-29 05:39,2026-09-30 07:08,100.6163,13.94219,ดอนเมือง,สนามบิน,หมู่บ้านศุภลักษ์ วิภาวิดี82 ฝนไม่ตก แต่น้ำเพิ่มขึ้นไม่หยุด ตอนนี้น้ำจะเข้าบ้านอีกแล้ว ลุยน้ำหลายวันเป็นแผลที่เท้าและรู้สึกไม่สบายด้วย ความสูงระดับหน้าแข้ง น้ำท่วมมาแล้วน้อยกว่า 1 สัปดาห์,https://storage.googleapis.com/traffy_public_bucket/attachment/2026-09/67a1d4bd603df3c1dd91dab4e0d6184e.jpeg
2026-CYVATM,inprogress,2026-09-29 05:39,2026-09-30 16:58,100.6163,13.94219,ดอนเมือง,สนามบิน,หมู่บ้านศุภลักษ์ วิภาวิดี82 ฝนไม่ตก แต่น้ำเพิ่มขึ้นไม่หยุด ตอนนี้น้ำจะเข้าบ้านอีกแล้ว ลุยน้ำหลายวันเป็นแผลที่เท้าและรู้สึกไม่สบายด้วย ความสูงระดับหน้าแข้ง น้ำท่วมมาแล้วน้อยกว่า 1 สัปดาห์,https://storage.googleapis.com/traffy_public_bucket/attachment/2026-09/67a1d4bd603df3c1dd91dab4e0d6184e.jpeg
2026-3L2C44,forward,2026-09-29 05:44,2026-09-29 10:47,100.6522,13.80075,บึงกุ่ม,คลองกุ่ม,น้ำท่วมสูงขึ้น กว่าเดิม ความสูงระดับหัวเข่า น้ำท่วมมาแล้วคืนวันศุกร์ที่ 25,https://storage.googleapis.com/traffy_public_bucket/attachment/2026-09/3674c54302bcbd3ecfe7ee7fdfce7108.jpeg
2026-VVP3H2,inprogress,2026-09-29 05:48,2026-09-29 08:12,100.66978,13.79149,บึงกุ่ม,คลองกุ่ม,ขอกระสอบทรายค่ะ น้ำท่วมขังในตัวบ้านและรถยนต์ หมู่บ้านสหกรณ์เสรีไทย 57 ซอย 18 ตรงเข้ามาเกือบสุดซอยบ้านเลขที่ 4/ 414 มีสุนัขสองตัว น้ำท่วมรถยนต์ครึ่งคัน https://maps.app.goo.gl/dRFzwXazbpipkurG8?g_st=ic #ขอกระสอบทราย/อื่นๆ,https://storage.googleapis.com/traffy_public_bucket/attachment/2026-09/1a5d0afc80a3948b955ffad22c7b6905.jpeg
2026-W3BDYG,inprogress,2026-09-29 05:52,2026-09-30 09:36,100.61955,13.94743,ดอนเมือง,สนามบิน,ขอเครื่องสูบน้ำออกจากหมู่บ้านพิพรพงษ์4 วิภาวดี84 เพื่อบรรเทาความเดือดร้อนของคนในหมู่บ้านด้วยครับ ความสูงระดับเอว น้ำท่วมมาแล้วน้อยกว่า 1 สัปดาห์,https://storage.googleapis.com/traffy_public_bucket/attachment/2026-09/91980c0fe7c1374cb39f08ea49406c88.jpeg
2026-L3GBPV,inprogress,2026-09-29 05:55,2026-09-29 08:16,100.67662,13.84296,คันนายาว,คันนายาว,เครื่องสูบน้ำท้ายหมู่บ้านเพชรอนันต์ ซ.กาญจนาภิเษก 7/1 ถ.รามอินทรา แขวงคันนายาว เขตคันนายาว กทม. 10230 เสียมาหลายวันแล้ว ครับ ความสูงระดับเอว น้ำท่วมมาแล้วน้อยกว่า 1 สัปดาห์,https://storage.googleapis.com/traffy_public_bucket/attachment/2026-09/c396f1883c027225238ec10c699b3a0b.jpeg
2026-A26TMK,inprogress,2026-09-29 06:03,2026-09-29 08:06,100.69853,13.78222,สะพานสูง,สะพานสูง,น้ำที่หมู่บ้านธารารมณ์เริ่มเน่าค่ะ ท่านชัชชาติช่วยเราด้วยที่บ้านมีคนแก่ต้องระวังเรื่องสุขภาพ ทำไมที่อื่นน้ำลดหมดแล้ว เหลือที่นี่ ถนนสุขาภิบาล 3 ทำไมไม่ได้รับการสูบน้ำออกไปคะ? ความสูงระดับน้ำดำขึ้นจากเดิมและเริ่มเหม็น น้ำท่วมมาแล้วตั้งแต่วันเสาร์วันแรกที่ท,https://storage.googleapis.com/traffy_public_bucket/attachment/2026-09/c688d82325a845b658ebbb55ab0207d7.jpeg
2026-V7AEUU,inprogress,2026-09-29 06:06,2026-09-29 12:13,100.62929,13.75427,บางกะปิ,หัวหมาก,หมู่บ้านปรีชา ซอยหัวหมาก 31 น้ำยังไม่ลดเลยค่ะ ตอนนี่น้ำเริ่มเปลี่ยนสีและมีกลิ่น ความสูงระดับหัวเข่า น้ำท่วมมาแล้วน้อยกว่า 1 สัปดาห์,https://storage.googleapis.com/traffy_public_bucket/attachment/2026-09/b48f2aee3de1f9075d0e59443077b6d7.jpeg
2026-V7AEUU,finish,2026-09-29 06:06,2026-10-06 08:00,100.62929,13.75427,บางกะปิ,หัวหมาก,หมู่บ้านปรีชา ซอยหัวหมาก 31 น้ำยังไม่ลดเลยค่ะ ตอนนี่น้ำเริ่มเปลี่ยนสีและมีกลิ่น ความสูงระดับหัวเข่า น้ำท่วมมาแล้วน้อยกว่า 1 สัปดาห์,https://storage.googleapis.com/traffy_public_bucket/attachment/2026-09/b48f2aee3de1f9075d0e59443077b6d7.jpeg
2026-7TC248,inprogress,2026-09-29 06:11,2026-09-30 10:03,100.57922,13.9106,ดอนเมือง,ดอนเมือง,ซอยโกสุมรวมใจ ข้างตลอดจนถึงปั้มบางจาก ยังท่วมขังอยุ่ ตาตุ่ม ท่วมชังตามซอย น้ำท่วมมาแล้วน้อยกว่า 1 สัปดาห์,https://storage.googleapis.com/traffy_public_bucket/attachment/2026-09/79387732b10c3e0a0784b97058bc978b.jpeg
2026-FLEYUX,forward,2026-09-29 06:28,2026-09-29 10:09,100.63991,13.89346,สายไหม,คลองถนน,ถนนวัชรพล ตั้งแต่ หมู่บ้านแก้วกาญจน์ ไปจนถึง แยกเพิ่มสิน มีน้ำท่วมขังเป็นประจำ ทุกครั้งที่มีฝนตก โดยเฉพาะช่วงนี้ รถเล็กผ่านไม่ได้มาหลายวันแล้ว ขอให้ทางกทม เร่งระบายน้ำออกด้วย และขอ รถโดยสารขนาดใหญ่ ผ่านถนนช่วงนี้ เพื่อรับส่งประชาชน ตอนนี้ลำบากมาก ไม่สามาร,https://storage.googleapis.com/traffy_public_bucket/attachment/2026-09/f29d3f2998674fcbb4321e726d625f8c.jpeg
2026-M36AZK,inprogress,2026-09-29 06:30,2026-09-29 09:31,100.68712,13.67668,ประเวศ,ดอกไม้,น้ำขังในหมู่บ้าน 5 วันแล้ว ระดับน้ำไม่ลดลงถึงแม้ฝนจะหยุด น้ำเริ่มเน่า ลูกบ้านเดินทางเข้าออกไม่ได้ด้วยรถส่วนตัว นอกจากรถกระบะสูง ซึ่งไม่ได้มีกันทุกคน ต้องการความช่วยเหลืือเร่งด่วน ในการระบายน้ำออกจากหมู่บ้าน ต้องระบายจากคลองก่อน ความสูงระดับหัวเข่า น้ำท่,https://storage.googleapis.com/traffy_public_bucket/attachment/2026-09/f6f499f7c8d43802c029e2db1b6ba040.jpeg
2026-XXCH7E,inprogress,2026-09-29 06:30,2026-09-29 09:33,100.65674,13.72249,ประเวศ,ประเวศ,น้ำท่วมขังในซอย 78 ตั้งแต่วันศุกร์ที่ 25 กันยายน ความสูงระดับเอว น้ำท่วมมาแล้วมากกว่า 5 วัน,https://storage.googleapis.com/traffy_public_bucket/attachment/2026-09/378328041d801787224ca703c4e82670.jpeg
2026-7P9BWJ,finish,2026-09-29 06:31,2026-10-05 14:44,100.63192,13.75431,บางกะปิ,หัวหมาก,น้ำท่วมมา 4 คืนแล้วด้านในหมู่บ้าน ปากทางเหมือนท่วมน้อยแต่ด้านในคือสะโพก แล้วก้อไม่ช่วยระบายน้ำออกให้มันลดลงไปบ้าง น้ำเน่าส่งกลิ่นแล้ว ไม่มีหน่วยงานราชการเข้ามาดู มีแต่เอกชนเจ้ามาช่วยชาวบ้านเมื่อวาน แค่นั้น ความสูงระดับสะโพก น้ำท่วมมาแล้ว4 คืนที่ท่วมขัง,https://storage.googleapis.com/traffy_public_bucket/attachment/2026-09/20dbafef42f1e96e23b26e80e5c810cd.jpeg
2026-GTAR9D,inprogress,2026-09-29 06:34,2026-09-29 09:33,100.67201,13.71519,ประเวศ,ประเวศ,ม.แกรนด์วิล อ่อนนุช 80 แนก 5 น้ำไม่ลงสักทีค่ะ ทั้งที่ไม่มีฝน ตอนนี้เริ่มมีกลิ่น ขับรถออกไปไหนยังไม่ได้ ลำบากทมาก ความสูงระดับหน้าแข้งจะถึงเข่า น้ำท่วมมาแล้วตั้งแต่คืนศุกร์ 25/9/69,https://storage.googleapis.com/traffy_public_bucket/attachment/2026-09/cf2470bd7d0f9b9d696badbbe213435f.jpeg
2026-88GK3Z,inprogress,2026-09-29 06:36,2026-09-29 17:18,100.64693,13.73657,สวนหลวง,สวนหลวง,น้ำท่วมชังในซอยพัฒนาการ53 แยก 6 มาตั้งแต่ 25 ก.ย. สูงประมาณ 60-80 ซม (ในช่วงลึกสุด) รถเข้าไม่ได้ น้ำนิ่งเริ่มสกปรกมาก และน้ำลดช้ามาก ขอเสนอติดตั้งเครื่องสูบระบายน้ำและรบกวนเช็คขยะที่อาจอุดตันท่อระบายน้ำค่ะ ความสูงระดับหน้าบ้าน60ซม.ค่ะ น้ำท่วมมาแล้วบ้ายอยู,https://storage.googleapis.com/traffy_public_bucket/attachment/2026-09/thumb_60b2e60978f09d63814a54779987a15a.jpg
2026-88GK3Z,finish,2026-09-29 06:36,2026-10-09 11:41,100.64693,13.73657,สวนหลวง,สวนหลวง,น้ำท่วมชังในซอยพัฒนาการ53 แยก 6 มาตั้งแต่ 25 ก.ย. สูงประมาณ 60-80 ซม (ในช่วงลึกสุด) รถเข้าไม่ได้ น้ำนิ่งเริ่มสกปรกมาก และน้ำลดช้ามาก ขอเสนอติดตั้งเครื่องสูบระบายน้ำและรบกวนเช็คขยะที่อาจอุดตันท่อระบายน้ำค่ะ ความสูงระดับหน้าบ้าน60ซม.ค่ะ น้ำท่วมมาแล้วบ้ายอยู,https://storage.googleapis.com/traffy_public_bucket/attachment/2026-09/thumb_60b2e60978f09d63814a54779987a15a.jpg
2026-F28G8X,forward,2026-09-29 06:37,2026-09-29 10:47,100.64504,13.79218,บึงกุ่ม,นวมินทร์,น้ำในหมู่บ้านเดอะซิตี้นวมินทร์ ซอยนวมินทร์ 53 ยังไม่ลดเลย โดยเฉพาะซอยลึกๆในหมู่บ้าน ระดับน้ำยังอยู่ที่เข่าอยู่เลยค่ะ เข่าค่ะ วันนี้วันที่ 4 แล้ว,https://storage.googleapis.com/traffy_public_bucket/attachment/2026-09/1096414e02a6fdc70d4934033be6c33b.jpeg
2026-JUH8HH,inprogress,2026-09-29 06:37,2026-09-29 09:35,100.80735,13.83719,มีนบุรี,แสนแสบ,น้ำท่วมขัง ฝนหยุดตกแล้วน้ำยังไม่ลดเลย มีแต่เพิ่มขึ้น รบกวนเร่งดำเนินการระบายน้ำครับ ความสูงระดับประมาณ 30 ซม. น้ำท่วมมาแล้วน้อยกว่า 1 สัปดาห์,https://storage.googleapis.com/traffy_public_bucket/attachment/2026-09/c84593fc916447449a677c39a1cd74a4.jpeg
2026-A2ZLRT,forward,2026-09-29 06:39,2026-09-29 10:08,100.65525,13.90428,สายไหม,สายไหม,วันนี้น้ำยังท่วมขังค่ะ ความสูงระดับสักประมาณ 30 - 40 ซม ค่ะ น้ำท่วมมาแล้วตั้งแต่วันศุกร์ที่ 25 ค่ะ,https://storage.googleapis.com/traffy_public_bucket/attachment/2026-09/823d09e601ecc4db21b5034aa0fef067.jpeg
2026-22Z9NH,inprogress,2026-09-29 06:40,2026-09-29 09:32,100.66257,13.72672,ประเวศ,ประเวศ,พัฒนาการ 65 หมู่บ้านผาสุข น้ำท่วมขังหนัก ตั้งแต่วันที่ 25 กันยายน จนวันนี้ วันที่ 29 กันยายน น้ำเริ่มเปลี่ยนเป็นสีเข้ม เริ่มมีการเน่าเสียบางจุด น้ำสูงถึงระดับบั้นท้าย ทะลักเช้าบ้านมาข้าวของเสียหายมาก และไม่สามารถนำรถออกจากหมู่บ้านได้ เพราะเป็นรถเล็ก ความส,https://storage.googleapis.com/traffy_public_bucket/attachment/2026-09/ff214f873b527d70c7053b56b02094d1.jpeg
2026-HD8VHW,inprogress,2026-09-29 06:41,2026-09-30 09:36,100.61791,13.94603,ดอนเมือง,สนามบิน,น้ำท่วมซอยวิภาวดี 84 40-50เซ็นต์ น้ำท่วมมาแล้วน้อยกว่า 1 สัปดาห์,https://storage.googleapis.com/traffy_public_bucket/attachment/2026-09/6c55b6f9fac0e0d064f1249fd03f17b0.jpeg
2026-6628HZ,forward,2026-09-29 06:42,2026-09-29 09:58,100.65547,13.90444,สายไหม,สายไหม,ถนนเพิ่มสิน เขตสายไหม น้ำท่วมถนนรถเล็กสัญจรไม่ได้เข้าวันที่ 4 แล้ว!!! ความสูงระดับหน้าแข้ง น้ำท่วมมาแล้วน้อยกว่า 1 สัปดาห์,https://storage.googleapis.com/traffy_public_bucket/attachment/2026-09/3dee7b5bcb18cac9cd55820f64744b37.jpeg
2026-KAJ8YV,inprogress,2026-09-29 06:44,2026-09-30 09:37,100.61797,13.94603,ดอนเมือง,สนามบิน,น้ำท่วมสูง ความสูงระดับหัวเข่า น้ำท่วมมาแล้วน้อยกว่า 1 สัปดาห์,https://storage.googleapis.com/traffy_public_bucket/attachment/2026-09/5c6450a404b587496031d97dd4024939.jpeg
2026-C3VK4M,inprogress,2026-09-29 06:45,2026-09-29 09:40,100.74317,13.8039,มีนบุรี,แสนแสบ,ขอแจ้งปัญหาน้ำท่วมในหมู่บ้านปรีชาร่มเกล้าครับตั้งแต่วันที่ 25 กันยายน 69 ถึงวันนี้ 29 กันยายน 69 แล้วระดับน้ำไม่ลดเลยครับ ลูกบ้านพยายามเอาทรายไปอุดรูรั่วท้ายหมู่บ้านและระดมเงินการช่วยซื้อเครื่องสูบน้ำ 4 เครื่องสูบออกทั้งวัน ทั้งคืนแต่ระดับน้ำยังเพิ่มขึ้น ,https://storage.googleapis.com/traffy_public_bucket/attachment/2026-09/740217a2c8dde3cd02d8c48e85569ff6.jpeg
2026-9FAD84,inprogress,2026-09-29 06:46,2026-09-29 09:30,100.68036,13.70877,ประเวศ,ประเวศ,น้ำท่วมขังมา4วันแล้วไม่มีแนวโน้มลดลงเลย ขยะก็ลอยเต็มหน้าบ้าน ช่วยจัดเจ้าหน้าที่มาดำเนินการให้ด้วยครับแจ้งหลายรอบแล้ว ความสูงระดับหัวเข่า น้ำท่วมมาแล้วน้อยกว่า 1 สัปดาห์,https://storage.googleapis.com/traffy_public_bucket/attachment/2026-09/1e05bf50efa795ff8554be8d1a4a3a31.jpeg
2026-RC9WUZ,inprogress,2026-09-29 06:48,2026-09-29 12:21,100.65123,13.77667,บางกะปิ,คลองจั่น,ขนาดนี้น้ำท่วมศรีบูรพา 17 ยังไม่ลดและมีงูและสัตว์เลื้อยคลานลอยเข้าบ้านประชาชน ความสูงระดับเอว น้ำท่วมมาแล้วน้อยกว่า 1 สัปดาห์,https://storage.googleapis.com/traffy_public_bucket/attachment/2026-09/thumb_09c946ad9bad7db978cc9a179d510525.jpg
2026-RC9WUZ,finish,2026-09-29 06:48,2026-10-09 15:35,100.65123,13.77667,บางกะปิ,คลองจั่น,ขนาดนี้น้ำท่วมศรีบูรพา 17 ยังไม่ลดและมีงูและสัตว์เลื้อยคลานลอยเข้าบ้านประชาชน ความสูงระดับเอว น้ำท่วมมาแล้วน้อยกว่า 1 สัปดาห์,https://storage.googleapis.com/traffy_public_bucket/attachment/2026-09/thumb_09c946ad9bad7db978cc9a179d510525.jpg
2026-V3UNHC,inprogress,2026-09-29 06:49,2026-09-29 08:05,100.68169,13.76428,สะพานสูง,สะพานสูง,ในหมู่บ้านสัมมากร รามคำแหง 112 ปริมาณน้ำยังท่วมถึงเข่า ในขณะที่ถนนด้านหน้าแห้งแล้ว ไปทำงานไม่ได้ ของกินก้อต้องออกมาหน้าหมู่บ้าน คนแก่ไม่มีอาหารรับประทาน ขอให้ช่วยสูบน้ำ ระบายให้ที ด้านหน้าหมู่บ้านคือเข่า ด้านในซอยท่วมแข้งค่ะ วันศุกร์,https://storage.googleapis.com/traffy_public_bucket/attachment/2026-09/87c0434066658ae4270f442c1212ab07.jpeg
2026-ZBTDYG,forward,2026-09-29 06:49,2026-09-30 07:08,100.61594,13.94412,ดอนเมือง,สนามบิน,น้ำท่วมขังในหมู่บ้านศภุลักษณ์ วิภาวดี 82 วันนี้น้ำท่วมสูงมากขึ้นกว่าเมื่อวานทั้งทีฝนหยุดตกแล้ว ความสูงระดับวันนี้น้ำขึ้นเยอะ น้ำท่วมมาแล้วเมื่อคืนถึงช่วงเช้านี้,https://storage.googleapis.com/traffy_public_bucket/attachment/2026-09/7fab37309142eb70133aa7e3d6cce4a1.jpeg
2026-ZBTDYG,inprogress,2026-09-29 06:49,2026-09-30 16:58,100.61594,13.94412,ดอนเมือง,สนามบิน,น้ำท่วมขังในหมู่บ้านศภุลักษณ์ วิภาวดี 82 วันนี้น้ำท่วมสูงมากขึ้นกว่าเมื่อวานทั้งทีฝนหยุดตกแล้ว ความสูงระดับวันนี้น้ำขึ้นเยอะ น้ำท่วมมาแล้วเมื่อคืนถึงช่วงเช้านี้,https://storage.googleapis.com/traffy_public_bucket/attachment/2026-09/7fab37309142eb70133aa7e3d6cce4a1.jpeg
2026-C8Y78E,inprogress,2026-09-29 06:50,2026-09-29 09:31,100.67294,13.69979,ประเวศ,หนองบอน,ซอยเฉลิมพระเกียรติ49น้ำท่วม ความสูงระดับน้ำไม่ลงคลอง น้ำท่วมมาแล้วน้อยกว่า 1 สัปดาห์,https://storage.googleapis.com/traffy_public_bucket/attachment/2026-09/e6be94e300eb3c123be35f14c0464154.jpeg
2026-YNH2CJ,inprogress,2026-09-29 06:54,2026-09-29 12:18,100.63792,13.76883,บางกะปิ,คลองจั่น,ระดับน้ำ ความสูงระดับหน้าแข้ง น้ำท่วมมาแล้ว4 วัน,https://storage.googleapis.com/traffy_public_bucket/attachment/2026-09/0793bc17506218a80e1bb3e6d1a4c597.jpeg
2026-PWAZ7Z,inprogress,2026-09-29 06:57,2026-09-29 13:08,100.64008,13.8857,บางเขน,ท่าแร้ง,น้ำยังไมลงเลยสักนิดค่ะ เข้าวันที่ 4 แล้วที่น้ำท่วมขังแบบนี้ ทำไมที่อื่นน่ำลง ถนนแห้งได้ แต่ที่นี่น้ำไม่ลงเลย ประชาชนเหมือนกัน เสียภาษีเหมือนกัน ทำไมไม่ได้รับการแก้ไขแบบเร่งด่วนเหมือนที่อื่น แจ้งรอบที่ 2 แล้วนะคะ ต้องการกลับมาใช้ชีวิตแบบปกติ ค่ะ น้ำเริ่มเน,https://storage.googleapis.com/traffy_public_bucket/attachment/2026-09/b922c22bce83ef43268067e055d4b494.jpeg
2026-PWAZ7Z,finish,2026-09-29 06:57,2026-10-09 18:54,100.64008,13.8857,บางเขน,ท่าแร้ง,น้ำยังไมลงเลยสักนิดค่ะ เข้าวันที่ 4 แล้วที่น้ำท่วมขังแบบนี้ ทำไมที่อื่นน่ำลง ถนนแห้งได้ แต่ที่นี่น้ำไม่ลงเลย ประชาชนเหมือนกัน เสียภาษีเหมือนกัน ทำไมไม่ได้รับการแก้ไขแบบเร่งด่วนเหมือนที่อื่น แจ้งรอบที่ 2 แล้วนะคะ ต้องการกลับมาใช้ชีวิตแบบปกติ ค่ะ น้ำเริ่มเน,https://storage.googleapis.com/traffy_public_bucket/attachment/2026-09/b922c22bce83ef43268067e055d4b494.jpeg
2026-G9GPWP,inprogress,2026-09-29 06:59,2026-09-29 12:27,100.63775,13.77263,บางกะปิ,คลองจั่น,น้ำในบ้านเริ่มลด ข้างนอกลดลงมานิดหน่อยค่ะ แต่ยังไม่เยอะ ความสูงระดับหัวเข่า น้ำท่วมมาแล้ว4 วันค่ะ,https://storage.googleapis.com/traffy_public_bucket/attachment/2026-09/36b5a06e558cbdc2f09e9769ea8781f1.jpeg
2026-G9GPWP,finish,2026-09-29 06:59,2026-10-09 15:34,100.63775,13.77263,บางกะปิ,คลองจั่น,น้ำในบ้านเริ่มลด ข้างนอกลดลงมานิดหน่อยค่ะ แต่ยังไม่เยอะ ความสูงระดับหัวเข่า น้ำท่วมมาแล้ว4 วันค่ะ,https://storage.googleapis.com/traffy_public_bucket/attachment/2026-09/36b5a06e558cbdc2f09e9769ea8781f1.jpeg
2026-G2L8U9,forward,2026-09-29 07:00,2026-09-30 07:08,100.61625,13.94299,ดอนเมือง,สนามบิน,ตอนนี้น้ำขึ้นสูงทั้งๆที่ฝนหยุดมา 2 วันแล้ว และยังขึ้นเรื่อยๆ ต้องการความช่วยเหลือขอเครื่องสูบน้ำสูบออกจากหมู่บ้าน เนื่องจากน้ำเข้าตัวบ้านสร้างความเสียหาย ความสูงระดับจุดที่ลึกเกือบหัวเข่าครับ และตอนนี้น้ำเริ่มเข้าในตัวบ้านคนในหมู่บ้านแล้วครับ น้ำท่วมมาแล้,https://storage.googleapis.com/traffy_public_bucket/attachment/2026-09/4c9eef4bdda55d8a4f762ecdd2eb972f.jpeg
2026-G2L8U9,inprogress,2026-09-29 07:00,2026-09-30 16:58,100.61625,13.94299,ดอนเมือง,สนามบิน,ตอนนี้น้ำขึ้นสูงทั้งๆที่ฝนหยุดมา 2 วันแล้ว และยังขึ้นเรื่อยๆ ต้องการความช่วยเหลือขอเครื่องสูบน้ำสูบออกจากหมู่บ้าน เนื่องจากน้ำเข้าตัวบ้านสร้างความเสียหาย ความสูงระดับจุดที่ลึกเกือบหัวเข่าครับ และตอนนี้น้ำเริ่มเข้าในตัวบ้านคนในหมู่บ้านแล้วครับ น้ำท่วมมาแล้,https://storage.googleapis.com/traffy_public_bucket/attachment/2026-09/4c9eef4bdda55d8a4f762ecdd2eb972f.jpeg
2026-YVC2XL,inprogress,2026-09-29 07:00,2026-09-29 07:35,100.78874,13.87463,คลองสามวา,ทรายกองดินใต้,น้าท่วมขัง ระบายออกไม่ได้ครับ ระดับเกือบถึงเข่าครับ 3 วันครับ,https://storage.googleapis.com/traffy_public_bucket/attachment/2026-09/a08eca1dfce11ea9127212f3ef3c8d3f.jpeg
2026-3WTNKF,inprogress,2026-09-29 07:01,2026-09-29 08:25,100.80905,13.78701,หนองจอก,ลำผักชี,หมู่บ้านฟลอร่าวิลล์ สุวินทวงค์ 38 เฟส 17-18 น้ำท่วมขัง3 วัน รถเล็กไม่สามารถออกจากบ้านได้ 30 cm น้ำท่วมมาแล้วน้อยกว่า 1 สัปดาห์,https://storage.googleapis.com/traffy_public_bucket/attachment/2026-09/9ca5f8ad0e69a34c0e2cbc62c93cc086.jpeg
2026-MJYZLE,start,2026-09-29 07:01,2026-09-29 07:01,100.79006,13.78942,ลาดกระบัง,ลำปลาทิว,นิติบุคคจะขอกระสอบทรายอุดน้ำ300-500ถุงอุดแนวกำแพงโครงการกันน้ำไหลเข้ามาแนวกำแพงหมู่บ้าน 50ซม 5วัน,https://storage.googleapis.com/traffy_public_bucket/attachment/2026-09/812cb42a68955f041717a96383241491.jpeg
2026-PN3AB9,inprogress,2026-09-29 07:02,2026-09-29 09:41,100.7599,13.7998,มีนบุรี,แสนแสบ,ซ.บึงขวาง4 แขวงแสนแสบ เขตมีนบุรี กทม. 10510 น้ำขังมาตั้งแต่วันศุกร์ที่ผ่านมา รวมเป็นทั้งหมด 5 วัน น้ำเริ่มมีกลิ่น รถเล็กวิ่งไม่ได้ น้ำถึงหัวเข่า ต้องการเครื่องสูบน้ำ ความสูงระดับหัวเข่า น้ำท่วมมาแล้วมากกว่า 1 สัปดาห์,https://storage.googleapis.com/traffy_public_bucket/attachment/2026-09/981d3dbfcca8dae9b17cb1471e21cc63.jpeg
2026-2NLR34,inprogress,2026-09-29 07:03,2026-09-29 09:29,100.68501,13.67465,ประเวศ,ดอกไม้,น้ำท่วมขังในหมู่บ้านนิรันดร์วิลล์ 1 และบริเวณเซเว่นเป็นทะเล ไม่มีหน่วยงานไหนมาสนใจสูบน้ำออก ทั้งที่ตรงตลาดราม 2 แห้งแล้วสนใจโซนนี้หน่อย ท่วมขังมา 5 วันแล้ว ความสูงระดับหน้าแข้ง น้ำท่วมมาแล้วน้อยกว่า 1 สัปดาห์,https://storage.googleapis.com/traffy_public_bucket/attachment/2026-09/8acfd0fcb420af22bdd016f21cc3ae6f.jpeg
2026-PAJYAT,start,2026-09-29 07:06,2026-09-29 07:06,100.85939,13.72553,ลาดกระบัง,ขุมทอง,เรื่องน้ำท่วมหมู่บ้านอารียาโครโมลาดกระบังถนนลำเต้ยจริงเขตลาดกระบังรถไม่สามารถเข้าออกได้โรงพยาบาลเดือดร้อนครับ ความสูงระดับหัวเข่า น้ำท่วมมาแล้วท่วมตั้งแต่วันที่ 26/9/69 ครับ,https://storage.googleapis.com/traffy_public_bucket/attachment/2026-09/4c307feeea63ee6c95862eb5d7c7d503.jpeg
2026-LNTTHC,inprogress,2026-09-29 07:09,2026-09-29 09:28,100.69236,13.69258,ประเวศ,ดอกไม้,น้ำท่วมหมู่บ้านพนาสนธิ์วิลล่า10 ซอยเฉลิมพระเกียรติ48 แยก19 น้ำท่วม ระดับหัวเข่ามา5วัน แล้วระดับน้ำยังไม่ลดลงเลย ออกไปข้างนอกเพื่อซื้ออาหารไม่ได้เลย ความสูงระดับหัวเข่า น้ำท่วมมาแล้วน้อยกว่า 1 สัปดาห์,https://storage.googleapis.com/traffy_public_bucket/attachment/2026-09/a1c171db3761af8f087c9b7af494f633.jpeg
2026-DVUBU8,inprogress,2026-09-29 07:10,2026-09-29 08:05,100.68026,13.78061,สะพานสูง,สะพานสูง,ผมอยู่ในหมู่บ้านพฤกษชาต รามคำแหง 118 มีน้ำท่วมขังอย่างมาก ในอดีตเวลาฝนตกหนักจะมีการวางเครื่องสูบน้ำที่หน้าหมู่บ้านเพื่อดูดน้ำออก แต่ครั้งนี้ไม่เห็นมีเครื่องสูบน้ำมาช่วยสูบออกเลย น้ำท่วมทั้งหมู่บ้านมาหลายหลายวันแล้ว ขอความกรุณาจัดเครื่องสูบน้ำมาสูบน้ำออกจา,https://storage.googleapis.com/traffy_public_bucket/attachment/2026-09/e547e042d7477a82355f6964d188fc7e.jpeg
2026-ERED94,inprogress,2026-09-29 07:10,2026-09-29 12:21,100.64182,13.75029,บางกะปิ,หัวหมาก,ทำไมซ.หัวหมาก 9 น้ำยังไม่ลดลงเลยค่ะนี่ก็ 4 วันแล้ว ที่อื่นเค้าลดกันหมดแล้ว ที่นี่น้ำเริ่มเหม็นเน่าแล้วค่ะ ความสูงระดับหัวเข่า น้ำท่วมมาแล้วน้อยกว่า 1 สัปดาห์,https://storage.googleapis.com/traffy_public_bucket/attachment/2026-09/5b2c1d95b893f2c38a1153f842243d3f.jpeg
2026-ERED94,finish,2026-09-29 07:10,2026-10-06 08:00,100.64182,13.75029,บางกะปิ,หัวหมาก,ทำไมซ.หัวหมาก 9 น้ำยังไม่ลดลงเลยค่ะนี่ก็ 4 วันแล้ว ที่อื่นเค้าลดกันหมดแล้ว ที่นี่น้ำเริ่มเหม็นเน่าแล้วค่ะ ความสูงระดับหัวเข่า น้ำท่วมมาแล้วน้อยกว่า 1 สัปดาห์,https://storage.googleapis.com/traffy_public_bucket/attachment/2026-09/5b2c1d95b893f2c38a1153f842243d3f.jpeg
2026-298XY7,inprogress,2026-09-29 07:11,2026-09-29 07:56,100.69845,13.80854,คันนายาว,คันนายาว,ระดับน้ำ แยกบางชันมุ่งหน้า มีนบุรียังสูงอยู่ ความสูงระดับหน้าแข้ง น้ำท่วมมาแล้วน้อยกว่า 1 สัปดาห์,https://storage.googleapis.com/traffy_public_bucket/attachment/2026-09/aa63a85562e5387f45ab33108fdf7d82.jpeg
2026-298XY7,forward,2026-09-29 07:11,2026-10-07 14:41,100.69845,13.80854,คันนายาว,คันนายาว,ระดับน้ำ แยกบางชันมุ่งหน้า มีนบุรียังสูงอยู่ ความสูงระดับหน้าแข้ง น้ำท่วมมาแล้วน้อยกว่า 1 สัปดาห์,https://storage.googleapis.com/traffy_public_bucket/attachment/2026-09/aa63a85562e5387f45ab33108fdf7d82.jpeg
2026-XLMBHY,inprogress,2026-09-29 07:12,2026-09-29 09:32,100.72198,13.78109,มีนบุรี,มีนบุรี,ขอให้เร่งรัดแก้ไขน้ำท่วม ในหมู่บ้านพล็อพเพอร์ตี้เพอร์เฟค 3 และจัดรถสูงหรือเรือมารับคนในหมู่บ้านออกไปซื้ออาหารด้านนอกด้วย น้ำท่วมขังตั้งแต่วันที่ 25 กย 69 รถเก๋งออกจากบ้านไม่ได้ ความสูงระดับ80 cm น้ำท่วมมาแล้ว5 วัน,https://storage.googleapis.com/traffy_public_bucket/attachment/2026-09/19919d6e61705c479c9874455679f184.jpeg
2026-AFR6DE,forward,2026-09-29 07:14,2026-09-29 22:51,100.58973,13.70553,คลองเตย,พระโขนง,อัตราการไหลของน้ำ ในคลองพระโขนงลดลงมาก เทียบ 28 - 29/9/69 เวลาประมาณ 7:00 น. 28 การไหล 100 ลบ ม/วินาที 29 การไหล 76 ลบ ม/วินาที ลดไป 25% เยอะมาก ทั้งทั้งที่ระดับน้ำในคลองพระโขนงช่วงอื่น ยังสูงมาก ช่วยพิจารณารูปแบบบริหารจัดการระบายปัญหาน้ำขังน้ำท่วมในพื,https://storage.googleapis.com/traffy_public_bucket/attachment/2026-09/5fac493edabf2021beebc9290eeee565.jpeg
2026-T9ZLBK,start,2026-09-29 07:15,2026-10-05 17:58,100.61947,13.78873,วังทองหลาง,คลองเจ้าคุณสิงห์,ขอเงินชดเชย น้ำท่วมขังสี่วัน ของแช่น้ำเสียหาย ความสูงระดับตอนนี้ครึ่งแข้ง น้ำท่วมมาแล้วสี่วัน,https://storage.googleapis.com/traffy_public_bucket/attachment/2026-09/56de4f88413c66e0874909b4fe53a128.jpeg
2026-T9ZLBK,finish,2026-09-29 07:15,2026-10-06 09:34,100.61947,13.78873,วังทองหลาง,คลองเจ้าคุณสิงห์,ขอเงินชดเชย น้ำท่วมขังสี่วัน ของแช่น้ำเสียหาย ความสูงระดับตอนนี้ครึ่งแข้ง น้ำท่วมมาแล้วสี่วัน,https://storage.googleapis.com/traffy_public_bucket/attachment/2026-09/56de4f88413c66e0874909b4fe53a128.jpeg
2026-JURK4J,inprogress,2026-09-29 07:16,2026-09-29 09:28,100.69075,13.66978,ประเวศ,ดอกไม้,เนื่องจากปัจจุบันพื้นที่โดยรอบหมู่บ้านทุ่งเศรษฐีปริมาณน้ำได้แห้งหมดแล้ว แต่ภายในหมู่บ้านและตามซอยต่าง ๆ ยังคงมีน้ำท่วมขังสูงและหนักมาก จนรถยนต์และรถจักรยานยนต์ไม่สามารถสัญจรผ่านได้ ซึ่งสร้างความเดือดร้อนอย่างมากเนื่องจากประชาชนต้องเดินทางไปทำงาน อยากขอให,https://storage.googleapis.com/traffy_public_bucket/attachment/2026-09/9b05659a3b75c298c22fb625d8bef7a7.jpeg
2026-RNWC9Y,inprogress,2026-09-29 07:16,2026-09-29 09:45,100.72193,13.81697,มีนบุรี,มีนบุรี,รบกวนหาวิธีระบายน้ำ หน้าถนนหทัยราษฎร์หน่อยค่ะ ในถนนแห้งแล้ว แต่หน้าถนน กับในซอยบางซอย ยังมีน้ำขังสูง ความสูงระดับหัวเข่า น้ำท่วมมาแล้วน้อยกว่า 1 สัปดาห์,https://storage.googleapis.com/traffy_public_bucket/attachment/2026-09/909e2566cf7885276b10954ccf88eb47.jpeg
2026-3R33KD,inprogress,2026-09-29 07:20,2026-09-29 09:20,100.69083,13.66987,ประเวศ,ดอกไม้,ปั๊มน้ำซอยทุ่งเศรษฐีทำไม่ได้เปิดทำงานแล้วเมื่อไหร่น้ำจะแห้ง ความสูงระดับ50 ซม น้ำท่วมมาแล้ว5 วัน,https://storage.googleapis.com/traffy_public_bucket/attachment/2026-09/thumb_bbd38b63710e2b35d0285324929aae17.jpg
2026-XFVPPB,inprogress,2026-09-29 07:21,2026-09-29 09:19,100.68157,13.7085,ประเวศ,ประเวศ,ขอความช่วยเหลือสูบน้ำท่วมออก ขอเรือ ขอรถยกสูงสำหรับลุยน้ำสูง มารับเพื่อออกไปซื้ออาหาร ความสูงระดับน้ำท่วมสูง 80 ซม. น้ำท่วมมาแล้ว5 วัน,https://storage.googleapis.com/traffy_public_bucket/attachment/2026-09/thumb_ef1cee3c826dccad0b2cf02f053ad608.jpg
2026-GUBTNC,inprogress,2026-09-29 07:22,2026-09-29 09:45,100.72726,13.77604,มีนบุรี,มีนบุรี,หน้าบ้านน้ำท่วมขัง 60-70 ซม นิ่งมา 4 วันแล้ว นำรถออกจากบ้านไม่ได้ ความสูงระดับ60 ซม น้ำท่วมมาแล้ว4 วันค่ะ,https://storage.googleapis.com/traffy_public_bucket/attachment/2026-09/5201e992ec9fa36d13e186abaca43ce3.jpeg
2026-86DN2U,forward,2026-09-29 07:23,2026-09-30 07:08,100.61562,13.94345,ดอนเมือง,สนามบิน,หมู่บ้านศุภาลักษณ์ วิภาวดีรังสิต82 น้ำท่วมขังมาหลายวันแล้วค่ะ น้ำเข้าบ้าน ฝนหยุดแล้วแต่ยิ่งท่วมสูง ความสูงระดับหัวเข่า น้ำท่วมมาแล้วน้อยกว่า 1 สัปดาห์,https://storage.googleapis.com/traffy_public_bucket/attachment/2026-09/thumb_17aa72553d5b0604740446680c778e56.jpg
2026-86DN2U,inprogress,2026-09-29 07:23,2026-09-30 16:59,100.61562,13.94345,ดอนเมือง,สนามบิน,หมู่บ้านศุภาลักษณ์ วิภาวดีรังสิต82 น้ำท่วมขังมาหลายวันแล้วค่ะ น้ำเข้าบ้าน ฝนหยุดแล้วแต่ยิ่งท่วมสูง ความสูงระดับหัวเข่า น้ำท่วมมาแล้วน้อยกว่า 1 สัปดาห์,https://storage.googleapis.com/traffy_public_bucket/attachment/2026-09/thumb_17aa72553d5b0604740446680c778e56.jpg
2026-L4PD9T,inprogress,2026-09-29 07:23,2026-09-30 10:02,100.58108,13.91459,ดอนเมือง,ดอนเมือง,แจ้งในนามลูกบ้านทั้งหมด141หลังคาเรือนนะคะ จากที่ผ่านมาเมื่อเจอฝน ตอนนี้หมู่บ้าน น้ำท่วมขังเป็นเวลานาน ด้านนอกลงแล้ว ไม่มีน้ำท่วมแล้ว น้ำก็จะน่าเหม็น ไม่สามารถ ออกนอกบ้านได้ จึงต้องการขอความกรุณาวิเคราะห์ แนวทางเพื่อแก้ไขปัญหา เนื่องจากเป็นหมู่บ้านเก่า,https://storage.googleapis.com/traffy_public_bucket/attachment/2026-09/a5a8c4508c4bd1cab2fc2d209a894d97.jpeg
2026-MRUWDF,inprogress,2026-09-29 07:23,2026-09-29 09:46,100.71484,13.82788,มีนบุรี,มีนบุรี,น้ำท่วมขังในซอย ทำให้ไม่สามารถออกจากที่พักได้ เนื่องจากในซอยท่วมสูงกว่าในที่พัก เลยไม่สามารถระบายน้ำในที่พักออกได้ ความสูงระดับหน้าแข้ง น้ำท่วมมาแล้วน้อยกว่า 1 สัปดาห์,https://storage.googleapis.com/traffy_public_bucket/attachment/2026-09/f2db7adfb2906c3950dfe1366dd0c2e1.jpeg
2026-ZECZTP,finish,2026-09-29 07:23,2026-10-05 13:58,100.38275,13.7893,ทวีวัฒนา,ศาลาธรรมสพน์,น้ำท่วมมา 3 วันปั๊มเสียหายขอให้เขตช่วยส่งทีมมาช่วยดูดน้ำครับ ความสูงระดับหน้าแข้ง น้ำท่วมมาแล้วน้อยกว่า 1 สัปดาห์,https://storage.googleapis.com/traffy_public_bucket/attachment/2026-09/45c658cc02d3eb92b8a751c2bf923419.jpeg
2026-TGX4L7,forward,2026-09-29 07:25,2026-09-29 10:46,100.66692,13.80295,บึงกุ่ม,คลองกุ่ม,หมู่บ้านสหกรณ์ ซอยเสรีไทย 57 ท่วมทั้งซอยมาหลายวัน ไม่แน่ใจทางหมู่บ้าน ร้องขอเครื่องสูบน้ำไปบ้างหรือยัง เพราะระดับน้ำไม่ลงเลย ออกไปไหนไม่ได้ น้ำเริ่มเปลี่ยนสี เริ่มส่งกลิ่นแล้วครับ #ขอกระสอบทราย/อื่นๆ,https://storage.googleapis.com/traffy_public_bucket/attachment/2026-09/1512bd56b2664a09f9da68d2113ea0ee.jpeg
2026-Y77RY7,inprogress,2026-09-29 07:27,2026-09-29 08:25,100.80906,13.78703,หนองจอก,ลำผักชี,หมู่บ้านฟลอร่าวิลล์ สุวินทวงค์ 38 เฟส 17-18 น้ำท่วมขัง3 วัน รถเล็กไม่สามารถออกจากบ้านได้ ความสูงระดับหัวเข่า น้ำท่วมมาแล้วน้อยกว่า 1 สัปดาห์,https://storage.googleapis.com/traffy_public_bucket/attachment/2026-09/41abefa3e932aa5eaff797f175a94ffb.jpeg
2026-899DLW,inprogress,2026-09-29 07:30,2026-09-29 09:46,100.71523,13.83101,มีนบุรี,มีนบุรี,น้ำท่วมขังเข้ามาภายในตัวบ้านแล้วค่ะ สูงประมาณ 70 cm ค่ะ มีผู้สูงอายุและสุนัข 2 ตัวนะคะได้รับความเดือดร้อน เป็นบ้านชั้นเดียวค่ะ ความสูงระดับซอยหทัยราษฎร์ 29 เขตมีนบุรี ไม่ทราบว่าเมื่อไหร่น้ำจะลดลงคะ จะได้เข้าไปพักอาศัยอยู่ในบ้านทำความสะอาดนะคะเพราะว่าที่ทำ,https://storage.googleapis.com/traffy_public_bucket/attachment/2026-09/228fddad67c8dc581fd27e880a6daab8.jpeg
2026-JKFLJ6,forward,2026-09-29 07:31,2026-09-29 09:56,100.63239,13.89022,สายไหม,คลองถนน,ซอยเพิ่มสิน24/1 เอื้ออาทรคลองถนน ทำไมน้ำไม่ลดเลยเท่าเดิม บางจุดเข่าบางจุดอก ความสูงระดับหัวเข่า น้ำท่วมมาแล้วน้อยกว่า 1 สัปดาห์,https://storage.googleapis.com/traffy_public_bucket/attachment/2026-09/098190552ead199ef0e123bbfa3f5d3b.jpeg
2026-VGMHYV,inprogress,2026-09-29 07:31,2026-09-29 12:44,100.63666,13.77308,บางกะปิ,คลองจั่น,น้ำท่วมในซอยลาดพร้าว 109 ยังมีปริมาณสูง เหนือหัวเข่าในหลายจุด รถยนต์ มอเตอร์ไซค์ สัญจรไม่ได้ในซอย 20-30 เซนหน้าบ้าน แต่ตรงซอยหลัก เลยเข่า 4 วัน,https://storage.googleapis.com/traffy_public_bucket/attachment/2026-09/f47c9f10ee18da64f0a04811ed0a838e.jpeg
2026-8E26R3,forward,2026-09-29 07:33,2026-09-29 09:54,100.63283,13.89198,สายไหม,คลองถนน,น้ำท่วมสูงประมาณ80-100ซม และเน่าเสีย เสี่ยงไฟดูด ต้องการเครื่องสูบน้ำด่วนที่สุด ความสูงระดับสูงกว่าเอว น้ำท่วมมาแล้วน้อยกว่า 1 สัปดาห์,https://storage.googleapis.com/traffy_public_bucket/attachment/2026-09/4e87908805bccdaae93c1e6fc9bbae97.jpeg
2026-73T8EZ,forward,2026-09-29 07:37,2026-09-30 07:08,100.61593,13.94281,ดอนเมือง,สนามบิน,หมู่บ้านศุภลักษณ์ วิภาวดีรังสิต 82 และหมู่บ้านแถวถนนวิภาวดี ตั้งแต่อนุสรณ์สถานจนถึงฐานทัพอากาศ น้ำขึ้นอยู่ตลอดเวลา โดยไม่รู้ที่มาที่ไปว่าน้ำมาจากไหน ทั้งที่ฝนหายไปแล้วยานเกิน 24 ชั่วโมง ติดต่อเจ้าหน้าที่ ติดต่อใครก็ไม่ได้เลย ไม่ได้ต้องการของแจก ต้องการใ,https://storage.googleapis.com/traffy_public_bucket/attachment/2026-09/78b13390f9ee64bb2a33247c4e25f699.jpeg
2026-73T8EZ,inprogress,2026-09-29 07:37,2026-09-30 16:59,100.61593,13.94281,ดอนเมือง,สนามบิน,หมู่บ้านศุภลักษณ์ วิภาวดีรังสิต 82 และหมู่บ้านแถวถนนวิภาวดี ตั้งแต่อนุสรณ์สถานจนถึงฐานทัพอากาศ น้ำขึ้นอยู่ตลอดเวลา โดยไม่รู้ที่มาที่ไปว่าน้ำมาจากไหน ทั้งที่ฝนหายไปแล้วยานเกิน 24 ชั่วโมง ติดต่อเจ้าหน้าที่ ติดต่อใครก็ไม่ได้เลย ไม่ได้ต้องการของแจก ต้องการใ,https://storage.googleapis.com/traffy_public_bucket/attachment/2026-09/78b13390f9ee64bb2a33247c4e25f699.jpeg
2026-VHDLUE,inprogress,2026-09-29 07:37,2026-09-29 14:09,100.63981,13.7957,บางกะปิ,คลองจั่น,บ้านอยู่ในซอย ซอยลาดพร้าว 101ซอยบ่อปลา1/8 ถนนลาดพร้าว แขวงคลองจั่น ติดคลองลำเจียก ขาดน้ำดื่มและอาหาร น้ำท่วมยังไม่ลดและเริ่มเน่า ความช่วยเหลือเข้ามาไม่ถึง ขออาหารและน้ำดื่ม มีผู้หญิงชราสามคน เป็นเบาหวานแล้วอัลไซเมอร์ ความสูงระดับหัวเข่า ตั้งแต่วันศุกร์,https://storage.googleapis.com/traffy_public_bucket/attachment/2026-09/90a6a6c86921e54e5bd8f1aefa65c925.jpeg
2026-LK89TM,inprogress,2026-09-29 07:38,2026-09-30 10:02,100.56431,13.91969,ดอนเมือง,ดอนเมือง,แจ้งปัญหาน้ำท่วม ซอยวัดเวฬุวนาราม 34 หมู่บ้านณัฐนันท์2 มีน้ำท่วมขังสูงมา 4 วันแล้วไม่มีท่าทีว่าน้ำจะลดเลยเลยค่ะ อยากให้หน่วยงานช่วยเร่งจัดการเรื่องน้ำหน่อยค่ะ ใช้ชีวิตลำบากมาก ความสูงระดับหน้าแข้ง 4 วัน,https://storage.googleapis.com/traffy_public_bucket/attachment/2026-09/bbf92cd1c99e19ea76aee9ea400562cd.jpeg
2026-EP6JWW,forward,2026-09-29 07:39,2026-09-29 09:55,100.65849,13.90226,สายไหม,ออเงิน,น้ำท่วมสายไหมไม่มีหน่วยงานใดมาดูแลออกจากบ้านมาทำงานไม่ได้ลาก็ไม่ได้ กทม. ทำงานอะไรกันอยู่ไม่มาดูเขตสายไหมเลย #ขอกระสอบทราย/อื่นๆ,https://storage.googleapis.com/traffy_public_bucket/attachment/2026-09/5f2fcbd8c9c72ebc5357592aa187ab27.jpeg
2026-ZBEACD,inprogress,2026-09-29 07:41,2026-09-29 09:49,100.7125,13.7888,มีนบุรี,มีนบุรี,หมู่บ้านเพอร์เฟคเพลส เฟส 1 ซอยรามคำแหง 164 น้ำท่วมสูงถึงหัวเข่า รถเก๋งเข้าออกไม่ได้ เมื่อไรน้ำจะลดได้ครับ? ความสูงระดับหัวเข่า 5 วัน,https://storage.googleapis.com/traffy_public_bucket/attachment/2026-09/ddfe72ab8f1eff023bf69afbf555aa0c.jpeg
2026-38EBKR,inprogress,2026-09-29 07:42,2026-09-30 10:01,100.60731,13.94206,ดอนเมือง,สีกัน,**สองวันที่แล้วแจ้งมาแล้วครั้งนึง ยังไม่มีการเปลี่ยนแปลงอะไร สงสัยรอให้น้ำลดลงเอง **`ถนนระหว่างแกรนด์คาแนลกับวงเวียนหมู่บ้านเปรมประชาเป็นที่ลุ่มถนนแคบ น้ำบ้นคลองเปรมไหลท่วมลึกรถเล็กผ่านไม่ได้ การแก้ไขเฉพาะหน้าทำไมไม่เอากระสอบทรายมากั้นไม่ให้น้ำท่วมถนนหรือ,https://storage.googleapis.com/traffy_public_bucket/attachment/2026-09/dfac4a4297e374a3057c6176a9899d3a.jpeg
2026-6LGZ36,start,2026-09-29 07:44,2026-09-29 07:44,100.79407,13.75477,ลาดกระบัง,ลำปลาทิว,สวัสดีค่ะ ช่วยแก้ปัญหาน้ำท่วมขัง ไม่มีการระบาย จากฝนตกหนักในข่วงที่ผ่านมา ประชาชนต้องเดินลุยน้ำเข้าออกลำบากเป็นเวลาหลายวันแล้ว ฝนหยุดตก แต่ระดับน้ำมีแต่เพิ่มขึ้นเรื่อยๆ ไม่มีการระบายออกเลยค่ะ ส่งผลให้น้ำเริ่มมีกลิ่นเพราะท่วมขังเป็นเวลาหลายวัน รบกวนหน่วยงา,https://storage.googleapis.com/traffy_public_bucket/attachment/2026-09/24ecffb5ab5cec761ff3e4f8e1221b69.jpeg
2026-6B2F23,forward,2026-09-29 07:45,2026-09-29 12:53,100.6593,13.75702,บางกะปิ,หัวหมาก,มีน้ำขังไม่สามารถออกไปทำงานได้อยากขอให้หน่วยงานส่งรถ รับ-ส่ง คนในชุมชนออกไปทำงาน ทางออกประมาณกลางน่อง จะมีประมาณครึ่งเข่า กลางเข่า และกลางน่อง คนที่จะออกไปทำงานออกไปไม่ได้ อยากให้มีรถรับส่งเปงรอบ ช่วงเช้าที่ออกไปทำงานค่ะ,https://storage.googleapis.com/traffy_public_bucket/attachment/2026-09/f819a93db31078877509d7b873ad8f2e.jpeg
2026-J3YPV6,inprogress,2026-09-29 07:45,2026-09-29 09:50,100.7601,13.80131,มีนบุรี,แสนแสบ,ในหมู่บ้านประภาวรรณโฮม เขตมีนบุรี แขวงแสนแสบ น้ำยังท่วมขังในหมู่บ้าน สัญจรลำบาก อยากได้เครื่องสูบน้ำ เร่งสูบออกภายในหมู่บ้าน ความสูงระดับหน้าแข้ง น้ำท่วมมาแล้วน้อยกว่า 1 สัปดาห์,https://storage.googleapis.com/traffy_public_bucket/attachment/2026-09/20a9ae73692b5a9a2a4f3c0bf11af0c0.jpeg
2026-6DLW4V,inprogress,2026-09-29 07:46,2026-09-29 08:11,100.6752,13.78625,บึงกุ่ม,คลองกุ่ม,ขอความช่วยเหลือ หมู่บ้านสหกรณ์ เสรีไทย 57 เดือดร้อนหนักคะ มีผู้สูงอายุและผู้ป่วยจำนวนมาก น้ำยังท่วมขังไม่ลด อาหารแจกไม่ทั่วถึง แจ้งทาง TraffyFondue แล้ว แต่ยังไม่ได้รับการช่วยเหลือ ความสูงระดับเข่าค่ะ แต่บางช่วงของหมู่บ้านก็ไม่ถึง พอดีคุณพ่อและหลานอยู่ในห,https://storage.googleapis.com/traffy_public_bucket/attachment/2026-09/cc9b4fffc4483f7af41ec0447ab42faf.jpeg
2026-UANUG4,finish,2026-09-29 07:46,2026-09-29 19:01,100.6965,13.79194,สะพานสูง,สะพานสูง,อยากทราบว่าชุมชนหลอแหลคลองใหญ่นี่มีกี่ซอยคะน้ำท่วมเหมือนกันแต่ได้รับการช่วยเหลือไม่เหมือนกัน ชาวบ้านในซอยรามคำแหง157/4ริมคลองหลอแหลคลองใหญ่ก็เดือดร้อนเหมือนกันค่ะเข้าออกก็ลำบากไม่มีหน่วยงานไหนเค้ามาสอบถามแม้แต่ประธานชุมชนและกรรมการชุมชนไม่มีมาสอบถามแม้แต่,https://storage.googleapis.com/traffy_public_bucket/attachment/2026-09/d118dedc8265d9038f2171c657c65fbc.jpeg
2026-ET2M7B,forward,2026-09-29 07:47,2026-09-30 07:08,100.61606,13.9437,ดอนเมือง,สนามบิน,ขอแจ้งปัญหาน้ำท่วมที่หมู่บ้านศุภลักษณ์ วิภาวดี82 ใกล้ฐานทัพอากาศ น้ำท่วมขังถึงเข่ามา4 วันแล้ว ตอนนี้ฝนหมด แต่น้ำเพิ่มขึ้นๆ อยากให้ ผู้ว่ามาช่วย หาที่สูบน้ำออกให้บ้าง จุดอื่นลด แต่ตรงนี้เพิ่ม และไม่มีการพูดถึง ไม่มี จนท ลงมาดูเลยค่ะ ความสูงระดับเข่าค่ะ เข้,https://storage.googleapis.com/traffy_public_bucket/attachment/2026-09/c17f9a801e949d3f62ac9cbe50e8841a.jpeg
2026-ET2M7B,inprogress,2026-09-29 07:47,2026-09-30 16:59,100.61606,13.9437,ดอนเมือง,สนามบิน,ขอแจ้งปัญหาน้ำท่วมที่หมู่บ้านศุภลักษณ์ วิภาวดี82 ใกล้ฐานทัพอากาศ น้ำท่วมขังถึงเข่ามา4 วันแล้ว ตอนนี้ฝนหมด แต่น้ำเพิ่มขึ้นๆ อยากให้ ผู้ว่ามาช่วย หาที่สูบน้ำออกให้บ้าง จุดอื่นลด แต่ตรงนี้เพิ่ม และไม่มีการพูดถึง ไม่มี จนท ลงมาดูเลยค่ะ ความสูงระดับเข่าค่ะ เข้,https://storage.googleapis.com/traffy_public_bucket/attachment/2026-09/c17f9a801e949d3f62ac9cbe50e8841a.jpeg
2026-32R6G7,forward,2026-09-29 07:48,2026-09-29 12:55,100.65924,13.74162,บางกะปิ,หัวหมาก,ด่วนที่สุด ที่ .............. วันที่ 29 กันยายน 2569 เรื่อง ขอให้เร่งรัดช่วยเหลือประชาชนผู้ประสบอุทกภัยในหมู่บ้านพาทิโอ ศรีนครินทร์–พระราม 9 เรียน ผู้ว่าราชการกรุงเทพมหานคร สิ่งที่ส่งมาด้วย 1. ภาพถ่ายและคลิปวิดีโอแสดงสถานการณ์น้ำท่วมในพื้นที่ ด้วยขณะ,https://storage.googleapis.com/traffy_public_bucket/attachment/2026-09/7487eac270ca3fabdf04ddad7736c7fa.jpeg
2026-CM9YCF,forward,2026-09-29 07:51,2026-09-29 21:46,100.58105,13.84501,จตุจักร,เสนานิคม,น้ำท่วมมาหลายวันแล้ว อยากให้น้ำลด มีลอกท่อ ความสูงระดับหัวเข่า น้ำท่วมมาแล้วน้อยกว่า 1 สัปดาห์,https://storage.googleapis.com/traffy_public_bucket/attachment/2026-09/c09302578e63aa0957d6f02547b3718d.jpeg
2026-P7GKEG,forward,2026-09-29 07:53,2026-09-30 07:08,100.61604,13.94157,ดอนเมือง,สนามบิน,หมู่บ้านศุภลักษณ์ ซอยวิภาวดี 82 ถนนวิภาวดีรังสิต ฝนไม่ตก แต่น้ำสูงขึ้น ขอให้ทางกรุงเทพนำเครื่องสูบน้ำ มาสูบออกด้วยค่ะ น้ำกำลังจะเข้าบ้านแล้วค่ะ ขอบคุณค่ะ ความสูงระดับเกือบ 50 ซม. กำลังจะเข้าบ้านค่ะ น้ำท่วมมาแล้วพฤหัสที่ 25 ค่ะ,https://storage.googleapis.com/traffy_public_bucket/attachment/2026-09/a7624da7c2cdf1fde231ffa87de2a3c7.jpeg
2026-P7GKEG,inprogress,2026-09-29 07:53,2026-09-30 16:59,100.61604,13.94157,ดอนเมือง,สนามบิน,หมู่บ้านศุภลักษณ์ ซอยวิภาวดี 82 ถนนวิภาวดีรังสิต ฝนไม่ตก แต่น้ำสูงขึ้น ขอให้ทางกรุงเทพนำเครื่องสูบน้ำ มาสูบออกด้วยค่ะ น้ำกำลังจะเข้าบ้านแล้วค่ะ ขอบคุณค่ะ ความสูงระดับเกือบ 50 ซม. กำลังจะเข้าบ้านค่ะ น้ำท่วมมาแล้วพฤหัสที่ 25 ค่ะ,https://storage.googleapis.com/traffy_public_bucket/attachment/2026-09/a7624da7c2cdf1fde231ffa87de2a3c7.jpeg
2026-XUAT26,inprogress,2026-09-29 07:54,2026-09-29 12:58,100.64795,13.75528,บางกะปิ,หัวหมาก,บริเวณหมู่บ้านสวนสน บริ้วณที่ปักหมุดและบริเวณใกล้เคียงยังมีน้ำท่วมขังระดับเอว ความสูงระดับถ้าผู้ชายก็ เลยเข่าขึ้นมาค่ะ ผญ ก็เอวหน่อยๆ น้ำท่วมมาแล้วตั้งแต่วันเสาร์ค่ะ,https://storage.googleapis.com/traffy_public_bucket/attachment/2026-09/347c488e8ca8d78cbb14f135d3aa18b8.jpeg
2026-XUAT26,finish,2026-09-29 07:54,2026-10-06 07:59,100.64795,13.75528,บางกะปิ,หัวหมาก,บริเวณหมู่บ้านสวนสน บริ้วณที่ปักหมุดและบริเวณใกล้เคียงยังมีน้ำท่วมขังระดับเอว ความสูงระดับถ้าผู้ชายก็ เลยเข่าขึ้นมาค่ะ ผญ ก็เอวหน่อยๆ น้ำท่วมมาแล้วตั้งแต่วันเสาร์ค่ะ,https://storage.googleapis.com/traffy_public_bucket/attachment/2026-09/347c488e8ca8d78cbb14f135d3aa18b8.jpeg
2026-WLR9LU,inprogress,2026-09-29 07:55,2026-09-29 13:16,100.65926,13.74158,บางกะปิ,หัวหมาก,ด่วนที่สุด ที่ ............................................... วันที่ 29 กันยายน 2569 เรื่อง ขอให้เร่งรัดช่วยเหลือประชาชนผู้ประสบอุทกภัยในหมู่บ้านพาทิโอ ศรีนครินทร์–พระราม 9 เรียน ผู้ว่าราชการกรุงเทพมหานคร สิ่งที่ส่งมาด้วย 1. ภาพถ่ายและคลิปวิดีโอแสดง,https://storage.googleapis.com/traffy_public_bucket/attachment/2026-09/0e0e4c74028f256294a9d0304cccc5f5.jpeg
2026-BWCMLP,finish,2026-09-29 07:56,2026-10-03 08:11,100.62196,13.79932,วังทองหลาง,คลองเจ้าคุณสิงห์,ฝนตกทั้งวันทั้งคืนวันที่25กันยายน2569ตอนสี่ทุ่มน้ำเริ่มท่วมบริเวณหน้าบ้าน ความสูงระดับประมาณ26เซนติเมตรบวกลบ5เซน น้ำท่วมมาแล้ว25กันยายนจนถึงปัจจุบัน,https://storage.googleapis.com/traffy_public_bucket/attachment/2026-09/ebac3a43cf808dcf55de38b3a1becdc2.jpeg
2026-F4ZX3B,start,2026-09-29 07:59,2026-09-29 07:59,100.73,13.76049,ลาดกระบัง,คลองสองต้นนุ่น,ตอนนี้ทางเราโดนน้ำท่วมมาแล้วตั้งแต่วันที่26และไม่สามารถไปทำงานได้เลยเพราะรถยนต์และรถจักยานยนต์ถูกน้ำท่วมเราอยู่ห้องเช่าค่ะเช่ามาหลายปีแต่ไม่มีสัญญาเช่าไม่ทราบว่าเราจะสามารถขอยื่นรับความช่วยเหลือแบบไหนได้บ้างค่ะ ความสูงระดับสูงกว่าเอว น้ำท่วมมาแล้วน้อยกว่า,https://storage.googleapis.com/traffy_public_bucket/attachment/2026-09/de927137762054fd2426ebcda8af9cfd.jpeg
2026-RPYPZU,inprogress,2026-09-29 07:59,2026-09-29 13:00,100.589,13.87037,บางเขน,อนุสาวรีย์,ซอยพหลโยธิน 51 น้ำท่วมไม่ลดทำให้การเดินทางและอาหารลำบาก น้ำเริ่มเน่าเสีย บ้านเสียหาย 50 cm 4 วัน,https://storage.googleapis.com/traffy_public_bucket/attachment/2026-09/c693621620276ecfcb5202dba0da8cdd.jpeg
2026-RPYPZU,finish,2026-09-29 07:59,2026-10-09 18:52,100.589,13.87037,บางเขน,อนุสาวรีย์,ซอยพหลโยธิน 51 น้ำท่วมไม่ลดทำให้การเดินทางและอาหารลำบาก น้ำเริ่มเน่าเสีย บ้านเสียหาย 50 cm 4 วัน,https://storage.googleapis.com/traffy_public_bucket/attachment/2026-09/c693621620276ecfcb5202dba0da8cdd.jpeg
2026-WCPE7A,forward,2026-09-29 07:59,2026-09-30 07:08,100.61608,13.94289,ดอนเมือง,สนามบิน,ขอแจ้งปัญหาน้ำท่วมขังในหมู่บ้านศุภลักษณ์ ซอยวิภาวดี82 เนื่องจากมีน้ำท่วมขังเป็นเวลา4วันแล้ว ปัจจุบันระดับน้ำยังไม่ลดลงทำให้ชาวบ้านในพื้นที่เดือดร้อน อยากให้มีการสูบน้ำออกจากพื้นที่ค่ะ ความสูงระดับครึ่งหน้าแข่ง แต่ระดับน้ำสูงขึ้นเรื่อยฟไม่มีลดค่ะ น้ำท่วมมา,https://storage.googleapis.com/traffy_public_bucket/attachment/2026-09/99407a974e1dbed4e9ee67f557ef6950.jpeg
2026-WCPE7A,inprogress,2026-09-29 07:59,2026-09-30 16:59,100.61608,13.94289,ดอนเมือง,สนามบิน,ขอแจ้งปัญหาน้ำท่วมขังในหมู่บ้านศุภลักษณ์ ซอยวิภาวดี82 เนื่องจากมีน้ำท่วมขังเป็นเวลา4วันแล้ว ปัจจุบันระดับน้ำยังไม่ลดลงทำให้ชาวบ้านในพื้นที่เดือดร้อน อยากให้มีการสูบน้ำออกจากพื้นที่ค่ะ ความสูงระดับครึ่งหน้าแข่ง แต่ระดับน้ำสูงขึ้นเรื่อยฟไม่มีลดค่ะ น้ำท่วมมา,https://storage.googleapis.com/traffy_public_bucket/attachment/2026-09/99407a974e1dbed4e9ee67f557ef6950.jpeg
2026-7YRDB3,inprogress,2026-09-29 08:00,2026-09-29 08:15,100.68299,13.81742,คันนายาว,คันนายาว,น้ำท่วมขังสูง 50 ซม.ในซอยรามอินทรา 68 แยก 5 ตั้งแต่ 26/9/69 ลดลงได้ช้ามาก ขอให้ช่วยสูบน้ำบริเวณปากซอยรามอินทรา 68 ช่วยให้น้ำลดลงอีกซัก 20 ซม. จะได้บรรเทาปัญหาน้ำท่วมขังในบ้าน ความสูงระดับหัวเข่า น้ำท่วมมาแล้วน้อยกว่า 1 สัปดาห์,https://storage.googleapis.com/traffy_public_bucket/attachment/2026-09/28da7cb6a0b2a0ee2fa9ab291d68b17b.jpeg
2026-X2FANB,start,2026-09-29 08:01,2026-09-29 08:01,100.73648,13.77102,ลาดกระบัง,คลองสองต้นนุ่น,ดิฉันอาศัยอยู่เคหะร่มเกล้าที่มีสถานการณ์น้ำท่วมอย่งาหนักในตอนนี้มีวี่แววในการระบายน้ำออกบ้างไหมคะประมาณกี่วันกี่สัปดาห์ ความสูงระดับหัวเข่า น้ำท่วมมาแล้ว4 วัน,https://storage.googleapis.com/traffy_public_bucket/attachment/2026-09/395334a54d201102a94c08140de85bd0.jpeg
2026-6VKDW4,inprogress,2026-09-29 08:02,2026-09-29 08:15,100.6842,13.79336,คันนายาว,คันนายาว,น้ำลดลง แต่ตอนนี้ กำลังมีน้ำผุดออกมาจากท่อระบายน้ำอีกแล้ว สรุปพอแห้งก็เอาน้ำมาเติม แบบนี้ซอยเสรีไทย65 ไม่มีวันแห้งแน่นอน ถ้าแห้ง ก็คือรอ ที่อื่นแห้งหมดก่อน รบกวน เขตคันนายาว เมื่อไม่มีเจ้าหน้าที่ออกมาช่วยเหลือ ก็ช่วยทำให้น้ำในซอยเสรีไทย 65 แห้งภายในเที่ยง,https://storage.googleapis.com/traffy_public_bucket/attachment/2026-09/a4576ba2a2432bf68052d79f0fadc260.jpeg
2026-ACWL7Y,start,2026-09-29 08:04,2026-09-29 08:04,100.73027,13.76079,ลาดกระบัง,คลองสองต้นนุ่น,ตอนนี้ทางเราโดนน้ำท่วมมาแล้วตั้งแต่วันที่26และไม่สามารถไปทำงานได้เลยเพราะรถยนต์และรถจักยานยนต์ถูกน้ำท่วมเราอยู่ห้องเช่าค่ะเช่ามาหลายปีแต่ไม่มีสัญญาเช่าไม่ทราบว่าเราจะสามารถขอยื่นรับความช่วยเหลือแบบไหนได้บ้างค่ะ ความสูงระดับสูงกว่าเอว น้ำท่วมมาแล้วน้อยกว่า,https://storage.googleapis.com/traffy_public_bucket/attachment/2026-09/30b55dac93b74e3bc2884178bdee8837.jpeg
2026-TEFMVP,inprogress,2026-09-29 08:05,2026-09-29 09:31,100.73708,13.78748,มีนบุรี,มีนบุรี,ตอนนี้บ้านโดนน้ำล้อมรอบอยู่แบบนี้มา 4 วันยังไม่เห็นหน่วยงานไหนเข้ามาสอบถามหรือช่วยเหลือเลย ข้าวสักกล่องก็ยังไม่ได้แจกของยังชีพก็ยังไม่ได้ แต่ก็ไม่เป็นไรถือว่ายังไม่ลำบากมากเท่าไหร่ยังพอช่วยเหลือตัวเองเพราะยังไงก็ต้องช่วยเหลือตัวเอง แต่ตอนนี้อยากได้ยารัก,https://storage.googleapis.com/traffy_public_bucket/attachment/2026-09/508a9c34ffa19bfa282cb2ef8e6ca180.jpeg
2026-CC2HDZ,finish,2026-09-29 08:06,2026-10-03 12:05,100.5843,13.84379,จตุจักร,เสนานิคม,ซอย พหลโยธิน 44 แยก 10 และซอยใกล้เคียง นำยังขัง ขยะลอย น้ำเริ่มเปลี่ยนสี อาจมีขยะเข้าไปติดที่ทางระบายร้ำจึงทำให้น้ำลดช้า ความสูงระดับระดับน้ำประมาณ 50-60ซม. ค่ะ รถเล็กไม่สามารถเข้าถึงได้ น้ำท่วมมาแล้วตั้งแต่ 26 ถึงปัจจุบัน 29 น้ำลดลงช้าหลังจากฝนซา วันละ 2,https://storage.googleapis.com/traffy_public_bucket/attachment/2026-09/505d2ffc3d05868d8ffefac64a752d97.jpeg
2026-N8YW9Y,inprogress,2026-09-29 08:06,2026-09-29 13:09,100.63829,13.75425,บางกะปิ,หัวหมาก,ผ่าน 4 วันแล้วน้ำไม่ลดเลยค่ะ ตอนนี้มีปั๊มน้ำที่บ้านเสีย รวมถึงน้ำขังส่งกลิ่นเหม็น ระดับน้ำเท่าเดิม เป็นซอยตัน บ้านอยู่หลังลึก อยากให้ทั้งซอยน้ำไม่ขัง เนื่องจากเป็นพื้นที่ต่ำ มีขยะอุดตันท่อ ความสูงระดับในบ้านระดับ เอว ในซอยระดับต้นขา น้ำท่วมมาแล้ว4 วัน,https://storage.googleapis.com/traffy_public_bucket/attachment/2026-09/897687ef2a5781b55733ad1cd1e87a22.jpeg
2026-N8YW9Y,finish,2026-09-29 08:06,2026-10-06 07:59,100.63829,13.75425,บางกะปิ,หัวหมาก,ผ่าน 4 วันแล้วน้ำไม่ลดเลยค่ะ ตอนนี้มีปั๊มน้ำที่บ้านเสีย รวมถึงน้ำขังส่งกลิ่นเหม็น ระดับน้ำเท่าเดิม เป็นซอยตัน บ้านอยู่หลังลึก อยากให้ทั้งซอยน้ำไม่ขัง เนื่องจากเป็นพื้นที่ต่ำ มีขยะอุดตันท่อ ความสูงระดับในบ้านระดับ เอว ในซอยระดับต้นขา น้ำท่วมมาแล้ว4 วัน,https://storage.googleapis.com/traffy_public_bucket/attachment/2026-09/897687ef2a5781b55733ad1cd1e87a22.jpeg
2026-3PZ8UY,forward,2026-09-29 08:07,2026-09-30 07:08,100.6159,13.94309,ดอนเมือง,สนามบิน,ซอยวิภาวดีรังสิต82 หมู่บ้านศุภลักษณ์ น้ำท่วมเข้าบ้านและระดับน้ำเพิ่มขึ้นเรื่อยๆ ถึงแม้ฝนจะหยุดตกไปแล้ว เนื่องจากอยู่ในพื้นที่ใกล้สนามบินและมีคลองหลังหมู่บ้านที่เป็นเส้นทางน้ำที่สนามบินดอนเมืองใช้สูบน้ำออกเพื่อลดระดับคลองรอบๆสนามบิน ทำให้ปริมาณเพิ่มขึ้นเรื,https://storage.googleapis.com/traffy_public_bucket/attachment/2026-09/ef111d6a94dd08ee79bf6403236a1a9c.jpeg
2026-3PZ8UY,inprogress,2026-09-29 08:07,2026-09-30 16:59,100.6159,13.94309,ดอนเมือง,สนามบิน,ซอยวิภาวดีรังสิต82 หมู่บ้านศุภลักษณ์ น้ำท่วมเข้าบ้านและระดับน้ำเพิ่มขึ้นเรื่อยๆ ถึงแม้ฝนจะหยุดตกไปแล้ว เนื่องจากอยู่ในพื้นที่ใกล้สนามบินและมีคลองหลังหมู่บ้านที่เป็นเส้นทางน้ำที่สนามบินดอนเมืองใช้สูบน้ำออกเพื่อลดระดับคลองรอบๆสนามบิน ทำให้ปริมาณเพิ่มขึ้นเรื,https://storage.googleapis.com/traffy_public_bucket/attachment/2026-09/ef111d6a94dd08ee79bf6403236a1a9c.jpeg
2026-BB2ADL,inprogress,2026-09-29 08:07,2026-09-29 09:08,100.66415,13.67056,ประเวศ,หนองบอน,น้ำท่วมขังมาหลายวันแล้วค่ะ ความสูงระดับหัวเข่า น้ำท่วมมาแล้วน้อยกว่า 1 สัปดาห์,https://storage.googleapis.com/traffy_public_bucket/attachment/2026-09/dc0707152a769a8c5fc3e04a31702f58.jpeg
2026-G82WVA,inprogress,2026-09-29 08:07,2026-09-29 13:02,100.63805,13.77502,บางกะปิ,คลองจั่น,ลาดพร้าว 111 น้ำท่วมขัง ลดลงช้ามาก น้ำเริ่มมีกลิ่นแล้วครับ ช่วยเร่งระบายน้ำโดยเร็วด้วยครับ ความสูงระดับหน้าแข้ง น้ำท่วมมาแล้วน้อยกว่า 1 สัปดาห์,https://storage.googleapis.com/traffy_public_bucket/attachment/2026-09/dc81f5952d263cc5e9e3064b1c7b0e30.jpeg
2026-LFMZYY,forward,2026-09-29 08:08,2026-09-30 07:08,100.61608,13.94289,ดอนเมือง,สนามบิน,ขอแจ้งปัญหาน้ำท่วมขังในหมู่บ้านศุภลักษณ์ ซอยวิภาวดี82 เนื่องจากมีน้ำท่วมขัง ปัจจุบันระดับน้ำยังไม่ลดลงทำให้ชาวบ้านในพื้นที่เดือดร้อน อยากให้ช่วยเร่งระบายน้ำออกค่ะ ความสูงระดับหน้าแข้ง ตั้งแต่ 25 กันยายน,https://storage.googleapis.com/traffy_public_bucket/attachment/2026-09/903565f682d832cf8799d595b8fb300c.jpeg
2026-LFMZYY,inprogress,2026-09-29 08:08,2026-09-30 16:59,100.61608,13.94289,ดอนเมือง,สนามบิน,ขอแจ้งปัญหาน้ำท่วมขังในหมู่บ้านศุภลักษณ์ ซอยวิภาวดี82 เนื่องจากมีน้ำท่วมขัง ปัจจุบันระดับน้ำยังไม่ลดลงทำให้ชาวบ้านในพื้นที่เดือดร้อน อยากให้ช่วยเร่งระบายน้ำออกค่ะ ความสูงระดับหน้าแข้ง ตั้งแต่ 25 กันยายน,https://storage.googleapis.com/traffy_public_bucket/attachment/2026-09/903565f682d832cf8799d595b8fb300c.jpeg
2026-BYE4R9,forward,2026-09-29 08:09,2026-09-30 07:08,100.61608,13.94289,ดอนเมือง,สนามบิน,น้ำมันเข้าบ้านด้านหลังแล้วอ่ะค่ะจะทำยังไงได้บ้างคะช่วยด้วยวิธีไหนบ้างคะให้น้ำลดลงที่หมู่บ้านศุภลักษณ์ซอยวิภาวดีรังสิต 82 ค่ะบ้านเดี่ยวมันชั้นเดียวน้ำกำลังเข้าบ้านเลยตอนนี้มันโดนทั้งข้างหน้าข้างหลังเลยค่ะแต่ตอนนี้ด้านหลังมันเข้าแล้วด้านหน้ามันกำลังจ่อเข้าม,https://storage.googleapis.com/traffy_public_bucket/attachment/2026-09/2811cd0bdfa7ebfa21b12397868000d2.jpeg
2026-BYE4R9,inprogress,2026-09-29 08:09,2026-09-30 16:59,100.61608,13.94289,ดอนเมือง,สนามบิน,น้ำมันเข้าบ้านด้านหลังแล้วอ่ะค่ะจะทำยังไงได้บ้างคะช่วยด้วยวิธีไหนบ้างคะให้น้ำลดลงที่หมู่บ้านศุภลักษณ์ซอยวิภาวดีรังสิต 82 ค่ะบ้านเดี่ยวมันชั้นเดียวน้ำกำลังเข้าบ้านเลยตอนนี้มันโดนทั้งข้างหน้าข้างหลังเลยค่ะแต่ตอนนี้ด้านหลังมันเข้าแล้วด้านหน้ามันกำลังจ่อเข้าม,https://storage.googleapis.com/traffy_public_bucket/attachment/2026-09/2811cd0bdfa7ebfa21b12397868000d2.jpeg
2026-DNLFA9,forward,2026-09-29 08:09,2026-09-30 07:08,100.61808,13.94601,ดอนเมือง,สนามบิน,ต้องการความช่วยเหลือสูบน้ำออกจากพื้นที่ด่วน ความสูงระดับเข่า น้ำท่วมมาแล้วน้อยกว่า 1 สัปดาห์,https://storage.googleapis.com/traffy_public_bucket/attachment/2026-09/7f59a1118768d90c6fd18b21bc734f01.jpeg
2026-DNLFA9,inprogress,2026-09-29 08:09,2026-09-30 16:59,100.61808,13.94601,ดอนเมือง,สนามบิน,ต้องการความช่วยเหลือสูบน้ำออกจากพื้นที่ด่วน ความสูงระดับเข่า น้ำท่วมมาแล้วน้อยกว่า 1 สัปดาห์,https://storage.googleapis.com/traffy_public_bucket/attachment/2026-09/7f59a1118768d90c6fd18b21bc734f01.jpeg
2026-RB6944,forward,2026-09-29 08:10,2026-09-30 07:08,100.61594,13.94335,ดอนเมือง,สนามบิน,หมู่บ้านศุภลักษณ์ ซ.วิภาวดีรังสิต 82 ได้รับผลกระทบจากฝนตกหนักทำให้มีน้ำท่วมขังตั้งแต่วันที่ 25/9/69 เมื่อวานวันที่ 28/9/69 ช่วงเช้าน้ำเริ่มลดลงบ้างแล้วแต่ช่วงเย็นน้ำเริ่มขึ้นมาอีกรอบ ตอนนี้วันที่ 29/9/69 น้ำขึ้นเรื่อยๆ ภายในเวลาแค่ข้ามคืน ทำให้ได้รับผลกระ,https://storage.googleapis.com/traffy_public_bucket/attachment/2026-09/e876da7cc8e6cc94abcfe3fb775c6fb6.jpeg
2026-RB6944,inprogress,2026-09-29 08:10,2026-09-30 17:00,100.61594,13.94335,ดอนเมือง,สนามบิน,หมู่บ้านศุภลักษณ์ ซ.วิภาวดีรังสิต 82 ได้รับผลกระทบจากฝนตกหนักทำให้มีน้ำท่วมขังตั้งแต่วันที่ 25/9/69 เมื่อวานวันที่ 28/9/69 ช่วงเช้าน้ำเริ่มลดลงบ้างแล้วแต่ช่วงเย็นน้ำเริ่มขึ้นมาอีกรอบ ตอนนี้วันที่ 29/9/69 น้ำขึ้นเรื่อยๆ ภายในเวลาแค่ข้ามคืน ทำให้ได้รับผลกระ,https://storage.googleapis.com/traffy_public_bucket/attachment/2026-09/e876da7cc8e6cc94abcfe3fb775c6fb6.jpeg
2026-69P4ZK,forward,2026-09-29 08:12,2026-09-30 07:08,100.61618,13.94154,ดอนเมือง,สนามบิน,น้ำท่วม ซอยวิภาวดี82 หมู่บ้านศุภลักษณ์ ไม่ยุบ มีแต่เพิ่มขึ้น ขอที่สูบน้ำมาสูบเพิ่มได้ไหม เพราะตอนนี้บนถนนมันแห้งหมดแล้ว ความสูงระดับหัวเข่า น้ำท่วมมาแล้วน้อยกว่า 1 สัปดาห์,https://storage.googleapis.com/traffy_public_bucket/attachment/2026-09/ee1be168a4b4f421b5294174b6f6057d.jpeg
2026-69P4ZK,inprogress,2026-09-29 08:12,2026-09-30 17:00,100.61618,13.94154,ดอนเมือง,สนามบิน,น้ำท่วม ซอยวิภาวดี82 หมู่บ้านศุภลักษณ์ ไม่ยุบ มีแต่เพิ่มขึ้น ขอที่สูบน้ำมาสูบเพิ่มได้ไหม เพราะตอนนี้บนถนนมันแห้งหมดแล้ว ความสูงระดับหัวเข่า น้ำท่วมมาแล้วน้อยกว่า 1 สัปดาห์,https://storage.googleapis.com/traffy_public_bucket/attachment/2026-09/ee1be168a4b4f421b5294174b6f6057d.jpeg
2026-ZDE6HT,inprogress,2026-09-29 08:12,2026-09-29 09:51,100.7926,13.83331,มีนบุรี,แสนแสบ,น้ำท่วม ส่วนในซอยน้ำท่วมรถเข้าไม่ได้ ความสูงระดับหัวเข่า น้ำท่วมมาแล้วมากกว่า 1 สัปดาห์,https://storage.googleapis.com/traffy_public_bucket/attachment/2026-09/2767fd8548866dd814c2025fb33e510a.jpeg
2026-ZNRAP9,forward,2026-09-29 08:12,2026-09-30 07:08,100.61515,13.9416,ดอนเมือง,สนามบิน,น้ำเข้าตัวตั้งวันที่ 26 กย ขังแช่อยู่ 3 วัน ระดับน้ำในตัวบ้าน ประมาณ 15 ซม นอกตัวบ้าน 30 ซม ในซอย 50 ซม จนวันที่ 29 กย ฝนหยุดตกแล้ว แต่ระดับยังคงเพิ่มขึ้น ในตัวบ้านเพิ่มเป็น 15 ซม ค่ะ ความสูงระดับในตัวบ้านประมาณ 15 ซม ค่ะ แต่ถนนหน้าบ้าน 30 ซม ได้ค่ะ น้ำท่,https://storage.googleapis.com/traffy_public_bucket/attachment/2026-09/97b389c7cc8719a8e096b4173e24ed36.jpeg
2026-ZNRAP9,inprogress,2026-09-29 08:12,2026-09-30 17:00,100.61515,13.9416,ดอนเมือง,สนามบิน,น้ำเข้าตัวตั้งวันที่ 26 กย ขังแช่อยู่ 3 วัน ระดับน้ำในตัวบ้าน ประมาณ 15 ซม นอกตัวบ้าน 30 ซม ในซอย 50 ซม จนวันที่ 29 กย ฝนหยุดตกแล้ว แต่ระดับยังคงเพิ่มขึ้น ในตัวบ้านเพิ่มเป็น 15 ซม ค่ะ ความสูงระดับในตัวบ้านประมาณ 15 ซม ค่ะ แต่ถนนหน้าบ้าน 30 ซม ได้ค่ะ น้ำท่,https://storage.googleapis.com/traffy_public_bucket/attachment/2026-09/97b389c7cc8719a8e096b4173e24ed36.jpeg
2026-J2G249,forward,2026-09-29 08:13,2026-09-30 07:08,100.61613,13.94369,ดอนเมือง,สนามบิน,หมู่บ้านศุภลักษณ์ ซอยวิภาวดีรังสิต82 แขวงสนามบิน มีบ้านประมาณ200 หลังคาเรือน น้ำท่วมขัง ยังไม่ลดและมีนะดับน้ำเพิ่มขึ้นจากท่อระบายน้ำผุดขึ้นมา ต้องการให้ช่วยเข้ามาตรวจสอบ หรือระบายน้ำ ฝนกตกยังไม่ม่วมเข้าบ้านแต่ตอนนี้ฝนหยุด กลับมีระดับน้ำสูงขึ้น ต้องการกระส,https://storage.googleapis.com/traffy_public_bucket/attachment/2026-09/d269f61e95899f2cac4a6805caea682a.jpeg
2026-J2G249,inprogress,2026-09-29 08:13,2026-09-30 17:04,100.61613,13.94369,ดอนเมือง,สนามบิน,หมู่บ้านศุภลักษณ์ ซอยวิภาวดีรังสิต82 แขวงสนามบิน มีบ้านประมาณ200 หลังคาเรือน น้ำท่วมขัง ยังไม่ลดและมีนะดับน้ำเพิ่มขึ้นจากท่อระบายน้ำผุดขึ้นมา ต้องการให้ช่วยเข้ามาตรวจสอบ หรือระบายน้ำ ฝนกตกยังไม่ม่วมเข้าบ้านแต่ตอนนี้ฝนหยุด กลับมีระดับน้ำสูงขึ้น ต้องการกระส,https://storage.googleapis.com/traffy_public_bucket/attachment/2026-09/d269f61e95899f2cac4a6805caea682a.jpeg
2026-KNH3RD,inprogress,2026-09-29 08:13,2026-09-29 08:32,100.70042,13.83,คลองสามวา,บางชัน,น้ำท่วมขังหลายวันเป็นสาเหตุให้น้ำเน่าเสีย #fonduereport,https://storage.googleapis.com/traffy_public_bucket/attachment/2026-09/d8c719bec9f68b395d3287eb6e29f29e.jpg
2026-3TYATH,finish,2026-09-29 08:15,2026-09-29 16:58,100.57994,13.89689,หลักสี่,ทุ่งสองห้อง,น้ำท่วมในหมุ่บ้านสูงค่ะ รถออกไม่ได้ น้ำลดลงหน่อย แล้วคงที่ มีคนที่ออกไปได้แจ้งว่าปั๊มน้ำหน้าหมู่บ้านเสียค่ะ หมู่บ้านหลักสี่วิลล่า รบกวนมาตรวจสอบและแก้ไขให้ด้วยค่ะ ตอนนี้รถใหญ่พอออกได้ แต่รถเล็กยังไปไม่ได้ค่ะ ความสูงระดับหัวเข่า น้ำท่วมมาแล้วน้อยกว่า 1 สั,https://storage.googleapis.com/traffy_public_bucket/attachment/2026-09/16c3e57e7f210ac10cb78a60c6cb215e.jpeg
2026-A862GM,inprogress,2026-09-29 08:15,2026-09-29 08:54,100.68814,13.70256,ประเวศ,ดอกไม้,น้ำท่วมขังบนถนนสูงเป็นเวลาหลายวันค่ะ ตอนนี้น้ำเริ่มเน่า มีกลิ่นแล้ว ระดับน้ำไม่ค่อยลงมาก รถเล็กยังเข้าซอยไม่ได้ จะขอให้ช่วยเร่งระบายน้ำในซอยค่ะ เพราะเริ่มเป็นแหล่งเชื้อโรคค่ะ หากมีเครื่องสูบน้ำ จะขอให้ช่วยมาสูบออกให้หน่อยค่ะ ความสูงระดับหน้าแข้ง น้ำท่วม,https://storage.googleapis.com/traffy_public_bucket/attachment/2026-09/68c26d94cfa7bb503ee6bd19055544e2.jpeg
2026-D2LCV9,finish,2026-09-29 08:15,2026-09-29 16:58,100.57994,13.89689,หลักสี่,ทุ่งสองห้อง,น้ำท่วมในหมุ่บ้านสูงค่ะ รถออกไม่ได้ น้ำลดลงหน่อย แล้วคงที่ มีคนที่ออกไปได้แจ้งว่าปั๊มน้ำหน้าหมู่บ้านเสียค่ะ หมู่บ้านหลักสี่วิลล่า รบกวนมาตรวจสอบและแก้ไขให้ด้วยค่ะ ตอนนี้รถใหญ่พอออกได้ แต่รถเล็กยังไปไม่ได้ค่ะ ความสูงระดับหัวเข่า 4-5 วันละค่ะ,https://storage.googleapis.com/traffy_public_bucket/attachment/2026-09/a90242b7c653ac6d0e2e1dd4006fbe63.jpeg
2026-BUCLK7,forward,2026-09-29 08:16,2026-09-30 07:08,100.61614,13.94368,ดอนเมือง,สนามบิน,หมู่บ้านศุภลักษณ์ ซอยวิภาวดีรังสิต82 แขวงสนามบิน มีบ้านประมาณ200 หลังคาเรือน น้ำท่วมขัง ยังไม่ลดและมีนะดับน้ำเพิ่มขึ้นจากท่อระบายน้ำผุดขึ้นมา ต้องการให้ช่วยเข้ามาตรวจสอบ หรือระบายน้ำ ฝนกตกยังไม่ม่วมเข้าบ้านแต่ตอนนี้ฝนหยุด กลับมีระดับน้ำสูงขึ้น ต้องการกระส,https://storage.googleapis.com/traffy_public_bucket/attachment/2026-09/8a75107813d27af6f46765a09a9f2c98.jpeg
2026-BUCLK7,inprogress,2026-09-29 08:16,2026-09-30 17:07,100.61614,13.94368,ดอนเมือง,สนามบิน,หมู่บ้านศุภลักษณ์ ซอยวิภาวดีรังสิต82 แขวงสนามบิน มีบ้านประมาณ200 หลังคาเรือน น้ำท่วมขัง ยังไม่ลดและมีนะดับน้ำเพิ่มขึ้นจากท่อระบายน้ำผุดขึ้นมา ต้องการให้ช่วยเข้ามาตรวจสอบ หรือระบายน้ำ ฝนกตกยังไม่ม่วมเข้าบ้านแต่ตอนนี้ฝนหยุด กลับมีระดับน้ำสูงขึ้น ต้องการกระส,https://storage.googleapis.com/traffy_public_bucket/attachment/2026-09/8a75107813d27af6f46765a09a9f2c98.jpeg
2026-FD2D6R,inprogress,2026-09-29 08:16,2026-09-29 08:58,100.70762,13.77991,สะพานสูง,สะพานสูง,น้ำท่วมขังในหมู่บ้าน 4 วัน กทม.ออกไปหาหมอไม่ได้ ช่วยมาระบายน้ำด้วย ความสูงระดับหัวเข่าค่ะ น้ำท่วมมาแล้ว4วันค่ะ,https://storage.googleapis.com/traffy_public_bucket/attachment/2026-09/19f5369cd01ceadeb2d6c2a99604c4fd.jpeg
2026-48PHF7,forward,2026-09-29 08:17,2026-09-30 07:08,100.61621,13.94271,ดอนเมือง,สนามบิน,ฝนตกน้ำท่วมจะเข่ามาหลายวันแล้ว หมู่บ้านศุภลักษณ์ ซอยวิภาวดีรังสิต 82 ถนนวิภาวดีรังสิต พอฝนหยุดน้ำกลับสูงขึ้น ตอนนี้ทั้งสัตว์ ทั้งน้ำเหม็น และไม่มีใครเข้ามาช่วยเหลืออะไรเลย ขอให้ทางกรุงเทพนำเครื่องสูบน้ำ มาสูบออก เข้ามาช่วยเหลือได้แล้วค่ะ เดือดร้อนกันมาก ,https://storage.googleapis.com/traffy_public_bucket/attachment/2026-09/thumb_2f20e4258cafaa3de2d6d9fbe69cc015.jpg
2026-48PHF7,inprogress,2026-09-29 08:17,2026-09-30 17:12,100.61621,13.94271,ดอนเมือง,สนามบิน,ฝนตกน้ำท่วมจะเข่ามาหลายวันแล้ว หมู่บ้านศุภลักษณ์ ซอยวิภาวดีรังสิต 82 ถนนวิภาวดีรังสิต พอฝนหยุดน้ำกลับสูงขึ้น ตอนนี้ทั้งสัตว์ ทั้งน้ำเหม็น และไม่มีใครเข้ามาช่วยเหลืออะไรเลย ขอให้ทางกรุงเทพนำเครื่องสูบน้ำ มาสูบออก เข้ามาช่วยเหลือได้แล้วค่ะ เดือดร้อนกันมาก ,https://storage.googleapis.com/traffy_public_bucket/attachment/2026-09/thumb_2f20e4258cafaa3de2d6d9fbe69cc015.jpg
2026-R4NRRX,forward,2026-09-29 08:17,2026-09-30 07:08,100.61581,13.94255,ดอนเมือง,สนามบิน,น้ำท่วมขังภายในหมู่บ้านค่ะ ฝนหยุดตก แต่น้ำเพิืมขึ้นค่ะ อยากให้ช่วยเร่งสูบน้ำบริเวณ ธูปะเตมีย์ แล้วอนุสรณ์สถานค่ะ เพราะน้ำขึ้นสูงค่ะ ข่วยหน่อยนะคะ ใช้ชีวิต ลำบากมากค่ะ ความสูงระดับ30-40 ซม ค่ะ น้ำท่วมมาแล้วตั้งแต่ศุกร์ค่ะ,https://storage.googleapis.com/traffy_public_bucket/attachment/2026-09/thumb_26fbb16152c81a216f9d9c6e7bd19f4b.jpg
2026-R4NRRX,inprogress,2026-09-29 08:17,2026-09-30 17:10,100.61581,13.94255,ดอนเมือง,สนามบิน,น้ำท่วมขังภายในหมู่บ้านค่ะ ฝนหยุดตก แต่น้ำเพิืมขึ้นค่ะ อยากให้ช่วยเร่งสูบน้ำบริเวณ ธูปะเตมีย์ แล้วอนุสรณ์สถานค่ะ เพราะน้ำขึ้นสูงค่ะ ข่วยหน่อยนะคะ ใช้ชีวิต ลำบากมากค่ะ ความสูงระดับ30-40 ซม ค่ะ น้ำท่วมมาแล้วตั้งแต่ศุกร์ค่ะ,https://storage.googleapis.com/traffy_public_bucket/attachment/2026-09/thumb_26fbb16152c81a216f9d9c6e7bd19f4b.jpg
2026-FCHYL4,forward,2026-09-29 08:18,2026-09-30 07:08,100.61608,13.94289,ดอนเมือง,สนามบิน,น้ำท่วมขังในหมู่บ้านศุภลักษณ์ ซอยวิภาวดีรังสิต82 ฝนหยุดตกแล้วแต่ปริมาณน้ำเพิ่มขึ้นสูงกว่าเมื่อวาน น้ำผุดขึ้นตามท่อน้ำหลังบ้านและห้องน้ำชั้นล่าง เริ่มเข้ามาในบ้านตัวบ้าน น้ำเริ่มส่งกลิ่นเหม็น อยากให้เร่งระบายน้ำออกจากหมู่บ้าน ชาวบ้านเริ่มได้รับความเดือดร้อ,https://storage.googleapis.com/traffy_public_bucket/attachment/2026-09/480d6d201310c331967fd419ab38bf12.jpeg
2026-FCHYL4,inprogress,2026-09-29 08:18,2026-09-30 17:13,100.61608,13.94289,ดอนเมือง,สนามบิน,น้ำท่วมขังในหมู่บ้านศุภลักษณ์ ซอยวิภาวดีรังสิต82 ฝนหยุดตกแล้วแต่ปริมาณน้ำเพิ่มขึ้นสูงกว่าเมื่อวาน น้ำผุดขึ้นตามท่อน้ำหลังบ้านและห้องน้ำชั้นล่าง เริ่มเข้ามาในบ้านตัวบ้าน น้ำเริ่มส่งกลิ่นเหม็น อยากให้เร่งระบายน้ำออกจากหมู่บ้าน ชาวบ้านเริ่มได้รับความเดือดร้อ,https://storage.googleapis.com/traffy_public_bucket/attachment/2026-09/480d6d201310c331967fd419ab38bf12.jpeg
2026-JNP9ZK,inprogress,2026-09-29 08:18,2026-09-29 12:57,100.60441,13.87043,บางเขน,อนุสาวรีย์,เจอปัญหาน้ำท่วมขังตลอด น้ำไม่ลงสักที บางทีแค่ฝนตกนิดหน่อยก้ท่วม มันเป็นปัญหาซ้ำซากมาก มีเครื่องสูบน้ำก้ไม่ได้ช่วยอะไร คนเค้าต้องออกไปทำงานก็ไม่ได้ ความสูงระดับครึ่งคันมอไซได้ ไม่สามารถเข้ามาได้ น้ำท่วมมาแล้ว5วัน,https://storage.googleapis.com/traffy_public_bucket/attachment/2026-09/39e1b98cc9ed82cfc643e3e82b18114a.jpeg
2026-JNP9ZK,finish,2026-09-29 08:18,2026-10-09 08:45,100.60441,13.87043,บางเขน,อนุสาวรีย์,เจอปัญหาน้ำท่วมขังตลอด น้ำไม่ลงสักที บางทีแค่ฝนตกนิดหน่อยก้ท่วม มันเป็นปัญหาซ้ำซากมาก มีเครื่องสูบน้ำก้ไม่ได้ช่วยอะไร คนเค้าต้องออกไปทำงานก็ไม่ได้ ความสูงระดับครึ่งคันมอไซได้ ไม่สามารถเข้ามาได้ น้ำท่วมมาแล้ว5วัน,https://storage.googleapis.com/traffy_public_bucket/attachment/2026-09/39e1b98cc9ed82cfc643e3e82b18114a.jpeg
2026-RVZHDV,forward,2026-09-29 08:19,2026-09-29 09:52,100.66233,13.90502,สายไหม,ออเงิน,น้ำท่วมขังในหมู่บ้านบ้านสวนเนรมิต ซอยเพิ่มสิน49 และบริเวณด้านหน้าหมู่บ้าน ท่วมสูง ขัง เพิ่มสูงขึ้น และไม่มีวี่แววว่าจะลด เข้าวันที่3แล้ว ความสูงระดับในหมู่บ้านระดับเข่าครับ บางจุดสูงเลยเข่า น้ำท่วมมาแล้วตังแต่วันเสาร์ครัย,https://storage.googleapis.com/traffy_public_bucket/attachment/2026-09/b7a21bb6694f8f4d7bc3a05e60ed2c68.jpeg
2026-U4VBBZ,forward,2026-09-29 08:19,2026-09-29 09:56,100.65794,13.88112,สายไหม,ออเงิน,สุขาภิบาล 5 แย่มา 4 วันแล้วค่ะ น้ำลึกไม่ลดเลย ช่วยทางสุขาภิบาล 5 บ้างค่ะ ความสูงระดับหัวเข่า น้ำท่วมมาแล้วน้อยกว่า 1 สัปดาห์,https://storage.googleapis.com/traffy_public_bucket/attachment/2026-09/ee63a6e1a8368d3b1b9e6978ef322927.jpeg
2026-YYAGRX,inprogress,2026-09-29 08:19,2026-09-29 12:44,100.69707,13.7443,สะพานสูง,สะพานสูง,ต้องการ EM ball แก้ปัญหาน้ำท่วมในบ้านที่เริ่มเน่า ความสูงระดับ80 ซม น้ำท่วมมาแล้วน้อยกว่า 1 สัปดาห์,https://storage.googleapis.com/traffy_public_bucket/attachment/2026-09/08ce66277fdd37572ac1527bca0b303b.jpeg
2026-YE8G2A,forward,2026-09-29 08:21,2026-09-30 07:08,100.61636,13.94322,ดอนเมือง,สนามบิน,ซ.วิภาวดีรังสิต 82 หมู่บ้านศุภลักษณ์ น้ำท่วมขังหลายวันและเริ่มสูงขึ้น อยากให้หน่วยงานที่เกี่ยวข้องเข้ามาช่วยเหลือค่ะ น้ำเริ่มขึ้นมาตามท่อแล้วด้วยค่ะ ความสูงระดับหน้าแข้ง น้ำท่วมมาแล้วน้อยกว่า 1 สัปดาห์,https://storage.googleapis.com/traffy_public_bucket/attachment/2026-09/6d3dddb858599d63754f402ce8616d39.jpeg
2026-YE8G2A,inprogress,2026-09-29 08:21,2026-09-30 17:14,100.61636,13.94322,ดอนเมือง,สนามบิน,ซ.วิภาวดีรังสิต 82 หมู่บ้านศุภลักษณ์ น้ำท่วมขังหลายวันและเริ่มสูงขึ้น อยากให้หน่วยงานที่เกี่ยวข้องเข้ามาช่วยเหลือค่ะ น้ำเริ่มขึ้นมาตามท่อแล้วด้วยค่ะ ความสูงระดับหน้าแข้ง น้ำท่วมมาแล้วน้อยกว่า 1 สัปดาห์,https://storage.googleapis.com/traffy_public_bucket/attachment/2026-09/6d3dddb858599d63754f402ce8616d39.jpeg
2026-7HZZ3N,start,2026-09-29 08:22,2026-09-29 09:25,100.61514,13.94158,ดอนเมือง,สนามบิน,“ระดับน้ำเพิ่มสูงขึ้นในขณะที่ฝนหยุดตกแล้ว ไม่ทราบว่าสาเหตุมาจากอะไรค่ะ” ความสูงระดับ40 cm ค่ะ น้ำท่วมมาแล้ว4 วันค่ะ,https://storage.googleapis.com/traffy_public_bucket/attachment/2026-09/2535a9061ac2b5fab94293c80e995b4f.jpeg
2026-7HZZ3N,inprogress,2026-09-29 08:22,2026-09-30 17:15,100.61514,13.94158,ดอนเมือง,สนามบิน,“ระดับน้ำเพิ่มสูงขึ้นในขณะที่ฝนหยุดตกแล้ว ไม่ทราบว่าสาเหตุมาจากอะไรค่ะ” ความสูงระดับ40 cm ค่ะ น้ำท่วมมาแล้ว4 วันค่ะ,https://storage.googleapis.com/traffy_public_bucket/attachment/2026-09/2535a9061ac2b5fab94293c80e995b4f.jpeg
2026-867RNE,start,2026-09-29 08:23,2026-09-29 09:25,100.61608,13.94289,ดอนเมือง,สนามบิน,ขอแจ้งปัญหาน้ำท่วมขังในหมู่บ้านศุภลักษณ์ ซอยวิภาวดี82 เนื่องจากมีน้ำท่วมขัง ปัจจุบันระดับน้ำไม่ลดลงและเพิ่มขึ้นเรื่อยๆ อยากให้มาเร่งระบายน้ำออกค่ะ ความสูงระดับหน้าแข้ง น้ำท่วมมาแล้วน้อยกว่า 1 สัปดาห์,https://storage.googleapis.com/traffy_public_bucket/attachment/2026-09/111cea9f65ca856f31a20bb12d630580.jpeg
2026-867RNE,inprogress,2026-09-29 08:23,2026-09-30 17:15,100.61608,13.94289,ดอนเมือง,สนามบิน,ขอแจ้งปัญหาน้ำท่วมขังในหมู่บ้านศุภลักษณ์ ซอยวิภาวดี82 เนื่องจากมีน้ำท่วมขัง ปัจจุบันระดับน้ำไม่ลดลงและเพิ่มขึ้นเรื่อยๆ อยากให้มาเร่งระบายน้ำออกค่ะ ความสูงระดับหน้าแข้ง น้ำท่วมมาแล้วน้อยกว่า 1 สัปดาห์,https://storage.googleapis.com/traffy_public_bucket/attachment/2026-09/111cea9f65ca856f31a20bb12d630580.jpeg
2026-EGNJG9,inprogress,2026-09-29 08:25,2026-09-29 17:12,100.7249,13.7807,มีนบุรี,มีนบุรี,หมู่บ้านเพอร์เฟคมาสเตอร์พีซรามคำแหง 174 มีน้ำท่วมขังและขยะเน่าหักถ้าน้ำระบายช้า ผู้สูงอายุที่มีอาการป่วยเกรงว่าจะป่วยหนักขึ้นอยากให้กทม. ช่วยลดมาเก็บขยะออกไปให้หน่อยค่ะ ความสูงระดับหัวเข่า น้ำท่วมมาแล้วน้อยกว่า 1 สัปดาห์,https://storage.googleapis.com/traffy_public_bucket/attachment/2026-09/b447f1e3cb7523b53ec49c5180d8239a.jpeg
2026-VFK7EJ,forward,2026-09-29 08:25,2026-09-29 09:54,100.68315,13.90215,สายไหม,ออเงิน,น้ำท่วม จตุโชติ สายไหม ไม่ลดเลย เริ่มเน่าแล้ว แจ้งปัญหาไปเมื่อวาน ไม่ได้ดีขึ้นเลย ทำงาน ทำงาน ทำงาน ทำอะไรอยู่ ความสูงระดับหัวเข่า น้ำท่วมมาแล้วมากกว่า 1 สัปดาห์,https://storage.googleapis.com/traffy_public_bucket/attachment/2026-09/2112bbef1f3cbdac90e5ab7e9ff3f83e.jpeg
2026-PC6E4B,inprogress,2026-09-29 08:26,2026-09-29 08:42,100.87817,13.85654,หนองจอก,หนองจอก,ซ.ผดุงพันธ์15 น้ำท่วมขังเป็นวันที่ 4 น้ำเริ่มมีกลิ่นและเริ่มเน่า สังเกตจากมีฟองอากาศ ระดับน้ำยังอยู่คงระดับเดิม ต้นซอย ประมาณ 15-20 ซม.ท้ายซอยระดับเอว เริ่มมีอาการคันจากน้ำ แนวทางการแก้ไข 1-รอระดับน้ำลดจากหน่วยงานรัฐเร่งระบาย 2-ถุงยังชีพและยาป้องกันน้ำกัด,https://storage.googleapis.com/traffy_public_bucket/attachment/2026-09/2b107b05f8878c5ea0cf565ff248ee40.jpeg
2026-UA4XZW,finish,2026-09-29 08:26,2026-10-01 11:20,100.617,13.70239,พระโขนง,บางจาก,น้ำขังอยู่ในซอยพึ่งมี 19 อยากให้ทาง กทม. มาช่วยสูบออก ความสูงระดับข้อเท้า น้ำท่วมมาแล้วตั้งแต่วันศุกร์ ท่วมสูงค่อย ๆ ลด แต่ไม่แห้งเสียที,https://storage.googleapis.com/traffy_public_bucket/attachment/2026-09/f3ba97c39f73234b1fb83676b6ec1885.jpeg
2026-YPFEYA,inprogress,2026-09-29 08:26,2026-09-29 10:54,100.64129,13.7948,บึงกุ่ม,นวมินทร์,ซอยนวมินทร์ 85 แยก 4-1 ยังคงมีน้ำท่วมขัง(ปริมาณลดลงแล้ว ล่าสุดประมาณน่องจากเดิมคือเลยเข่า) แต่น้ำมีคาบน้ำมัน และจอกแหนลอยมาจำนวนมาก อาจจะมีผลกระทบต่อการทำความสะอาดในอนาคต ฝากเจ้าหน้าที่ช่วยดูในจุดนี้ด้วย อาจจะเป็นเรื่องของอุปกรณ์ทำความสะอาดเพิ่มเติม ความส,https://storage.googleapis.com/traffy_public_bucket/attachment/2026-09/9d3f47113dc8b16089bd175b3f61d5c6.jpeg
2026-CWVP43,forward,2026-09-29 08:28,2026-09-29 09:52,100.68489,13.92152,สายไหม,สายไหม,เรื่องการระบายน้ำในพื้นที่ถนนสายไหมไม่ทราบว่าเป็นยังไงบ้างครับตอนนี้น้ำยังสูงขึ้นและเริ่มเน่าเสียแล้วครับ อยากให้ทางหน่วยงานจัดการเรื่องนี้ครับ อยากให้น้ำลดได้ไวครับ ความสูงระดับหน้าแข้ง น้ำท่วมมาแล้วน้อยกว่า 1 สัปดาห์,https://storage.googleapis.com/traffy_public_bucket/attachment/2026-09/8883be5376eee4d02e029b474c3d93c7.jpeg
2026-P79DMJ,forward,2026-09-29 08:30,2026-09-29 09:51,100.6625,13.90491,สายไหม,ออเงิน,น้ำท่วมสูง ในซอยเพิ่มสิน49 หมู่บ้านสวนเนรมิต ตอนนี้อยากให้มีการเอาเครื่องสูบน้ำมาช่วยบริเวณนี้เพราะหน้าหมู่บ้านก็ค่อนข้างลึก มาก ความสูงระดับตอนนี้แต่ละซอยไม่เท่ากัน แต่บ้านเรา ประมานหัวเข่าค่ะ เดินไปตรงเกือบถึงป้อมยามตรงนั้น เกินเข่าค่ะ น้ำท่วมมาแล้วตั้ง,https://storage.googleapis.com/traffy_public_bucket/attachment/2026-09/e41f6e1766e9f69097775ef6032cad24.jpeg
2026-U3EBFA,inprogress,2026-09-29 08:30,2026-09-30 08:55,100.61626,13.94195,ดอนเมือง,สนามบิน,น้ำไม่ลดและยังเพิ่มขึ้ ถนนวิภาปริมาณน้ำลดลง แต่ในหมู่บ้านกลับเพิ่มขึ้น ประมาณ60เซ็นครับ 3-4 วัน,https://storage.googleapis.com/traffy_public_bucket/attachment/2026-09/68914cc0b8adbb27f253e7c41a50c8d7.jpeg
2026-4D4GCK,start,2026-09-29 08:31,2026-09-29 09:25,100.6159,13.94207,ดอนเมือง,สนามบิน,ขอแจ้งปัญหาน้ำท่วมที่หมู่บ้านศุภลักษณ์ ซอยวิภาวดี82 ใกล้ฐานทัพอากาศ น้ำท่วมขังถึงเข่ามา4 วันแล้ว ตอนนี้ฝนหมด แต่น้ำเพิ่มขึ้นๆอยากให้ผู้ว่ามาช่วย หาที่สูบน้ำออกให้บ้าง จุดอื่นลด แต่ตรงนี้เพิ่มและไม่มีการพูดถึง ไม่มีเจ้าหน้าที่ลงมาดูเลยค่ะ ความสูงระดับเข่าค,https://storage.googleapis.com/traffy_public_bucket/attachment/2026-09/23ab134ed4962194d76b14159cc27d13.jpeg
2026-4D4GCK,inprogress,2026-09-29 08:31,2026-09-30 17:17,100.6159,13.94207,ดอนเมือง,สนามบิน,ขอแจ้งปัญหาน้ำท่วมที่หมู่บ้านศุภลักษณ์ ซอยวิภาวดี82 ใกล้ฐานทัพอากาศ น้ำท่วมขังถึงเข่ามา4 วันแล้ว ตอนนี้ฝนหมด แต่น้ำเพิ่มขึ้นๆอยากให้ผู้ว่ามาช่วย หาที่สูบน้ำออกให้บ้าง จุดอื่นลด แต่ตรงนี้เพิ่มและไม่มีการพูดถึง ไม่มีเจ้าหน้าที่ลงมาดูเลยค่ะ ความสูงระดับเข่าค,https://storage.googleapis.com/traffy_public_bucket/attachment/2026-09/23ab134ed4962194d76b14159cc27d13.jpeg
2026-KBWP73,finish,2026-09-29 08:31,2026-10-02 15:58,100.67267,13.73254,ประเวศ,ประเวศ,น้ำท่วมบ้านจะขึ้นชั้นสอง แล้วคะออกไปไหนไม่ได้ รถก็ย้ายไม่ได้ อาหารก็ไม่มีกิน พัฒนาการ 65 โซน 1 รบกวนด้วยคะ ที่อื่นเค้าลดกันแล้วที่นี่ไม่มีลด มีแต่จะเพิ่ม ไม่มีลดสักนิดเลยที่อื่นเค้าลดกันหมดแล้ว พัฒนาการ 65 มีหน่วยงานไหนช่วยบ้างมั้ยคะ น้ำไม่ลดลงสักนิดเดียว,https://storage.googleapis.com/traffy_public_bucket/attachment/2026-09/78f34dd7b52aedf16c0283424fdadb8e.jpeg
2026-TREH39,finish,2026-09-29 08:34,2026-09-29 16:57,100.58295,13.86622,หลักสี่,ตลาดบางเขน,น้ำท่วมเข้าโกดังออฟฟิส สินค้าเสียหาย ความสูงระดับหน้าแข้ง น้ำท่วมมาแล้วน้อยกว่า 1 สัปดาห์,https://storage.googleapis.com/traffy_public_bucket/attachment/2026-09/ea9697277c56f4bc611190b2f2fcd769.jpeg
2026-C4VUDU,inprogress,2026-09-29 08:35,2026-09-29 09:52,100.70444,13.81909,มีนบุรี,มีนบุรี,รามอินทรา 117 น้ำท่วมตั้งแต่วันที่ 26 แล้วไม่มีการระบายน้ำเลย ความสูงระดับเอว น้ำท่วมมาแล้วน้อยกว่า 1 สัปดาห์,https://storage.googleapis.com/traffy_public_bucket/attachment/2026-09/c0b9e47b8577ca55bb89ac745ecdbc0c.jpeg
2026-H6FYV7,inprogress,2026-09-29 08:35,2026-09-29 08:41,100.90773,13.8354,หนองจอก,กระทุ่มราย,น้ำท้วมขังในซอยบ้านเอื้ออาทรสุขฆสันติสุข 52 รถเล็กเข้าออกลำบากมากน้ำท่สมขัง4วัรแล้วเริ่มเน่าเพราะน้ำออกจากคลองบำบัด อยากให้นำเครื่องสูบน้ำขนาดใหญ่มาตั้งสูบน้ำออกจากซอย52 ตรงตั้งหน้าสนามก๊อฟให้น้ำผันลงคลองหรือพื้นที่รับน้ำได้บ้างก่อน มีเจ้าหน้าที่เทศกิจมาถ,https://storage.googleapis.com/traffy_public_bucket/attachment/2026-09/d250bf043f1363fdccd37bf3e2325745.jpeg
2026-KE49PR,inprogress,2026-09-29 08:36,2026-09-29 08:48,100.66563,13.72757,ประเวศ,ประเวศ,เข้าออกบ้านไม่ได้มาตั้งแต่วันที่ 26 ความสูงระดับเอว น้ำท่วมมาแล้วน้อยกว่า 1 สัปดาห์,https://storage.googleapis.com/traffy_public_bucket/attachment/2026-09/ed087e7e1d49958306ecae3b1c90e48e.jpeg
2026-P832JH,inprogress,2026-09-29 08:36,2026-09-30 08:52,100.61631,13.94107,ดอนเมือง,สนามบิน,ในซอยวิภาวดีรังสิต 82 หมู่บ้านศุภลักษณ์ยังมีน้ำท่วมสูงอยู่ ถึงแม้ว่าฝนจะหยุดตกไปแล้วก็ตาม แต่น้ำยังคงมีการเพิ่มระดับขึ้นมาเรื่อยๆ อยากให้เจ้าหน้าที่ที่เกี่ยวข้องมาดูแลตรงนี้ด้วยคะ และปัญหาของเราตอนนี้ก็คือน้ำยังไม่ลดแต่บนโทลล์เวย์มีคำสั่งให้ย้ายรถยนต์ออก,https://storage.googleapis.com/traffy_public_bucket/attachment/2026-09/cd5ad2cc03c3be961a1f97eb80719b01.jpeg
2026-WW4DKB,forward,2026-09-29 08:36,2026-09-29 09:51,100.66243,13.90573,สายไหม,ออเงิน,ซอยเพิ่มสิน49 หมู่บ้านสวนเนรมิต น้ำท่วมระดับเข่า ถนนเข้า-ออกไม่ได้ น้ำไม่ลดลงเลย นี้เข้าวันที่3แล้วค่ะ ความสูงระดับระดับเข่าค่ะ หน้าบ้านเข้า-ออกไม่ได้ น้ำท่วมมาแล้ว3วันค่ะ,https://storage.googleapis.com/traffy_public_bucket/attachment/2026-09/37f025bb069d46e06d9a039ad66b7294.jpeg
2026-DTDDNR,inprogress,2026-09-29 08:38,2026-09-29 16:55,100.62428,13.70599,สวนหลวง,สวนหลวง,ตอนนี้ที่ซอยอ่อนนุช 36 หมู่บ้านสินชัย ยังมีปัญหาน้ำท่วมขังสูงระดับกลางหน้าแข้งอยู่ค่ะ น้ำท่วมขังตั้งแต่วันศุกร์-เช้าวันอังคารค่ะ และในซอยมีผู้สูงอายุค่อนข้างเยอะค่ะ ความสูงระดับหน้าแข้ง น้ำท่วมมาแล้วประมาณ 5 วันแล้วค่ะ ตั้งแต่เย็นวันศุกร์ค่ะ,https://storage.googleapis.com/traffy_public_bucket/attachment/2026-09/2f71ac1ce811d92f1e7586e4dae72a86.jpeg
2026-DTDDNR,finish,2026-09-29 08:38,2026-10-09 11:40,100.62428,13.70599,สวนหลวง,สวนหลวง,ตอนนี้ที่ซอยอ่อนนุช 36 หมู่บ้านสินชัย ยังมีปัญหาน้ำท่วมขังสูงระดับกลางหน้าแข้งอยู่ค่ะ น้ำท่วมขังตั้งแต่วันศุกร์-เช้าวันอังคารค่ะ และในซอยมีผู้สูงอายุค่อนข้างเยอะค่ะ ความสูงระดับหน้าแข้ง น้ำท่วมมาแล้วประมาณ 5 วันแล้วค่ะ ตั้งแต่เย็นวันศุกร์ค่ะ,https://storage.googleapis.com/traffy_public_bucket/attachment/2026-09/2f71ac1ce811d92f1e7586e4dae72a86.jpeg
2026-ND2DVD,finish,2026-09-29 08:41,2026-10-01 11:23,100.6166,13.70274,พระโขนง,บางจาก,น้ำในซอยพึ่งมี 19ไม่ลดสักทีซึ่งแตกต่างจากซอยสุขุมวิท93 สีน้ำเริ่มมีการเปลี่ยนและเริ่มมีกลิ่น รบกวนช่วยเอาเครื่องสูบน้ำดูดน้ำออกไปทางข้างนอกให้หน่อยนะคะ ความสูงระดับหน้าแข้ง น้ำท่วมมาแล้วน้อยกว่า 1 สัปดาห์,https://storage.googleapis.com/traffy_public_bucket/attachment/2026-09/054d124b5dc990fa74d0370728014653.jpeg
2026-F892BE,inprogress,2026-09-29 08:43,2026-09-29 08:46,100.68103,13.6949,ประเวศ,ดอกไม้,น้ำท่วมขังใน ซ.เฉลิมพระเกียรติ 48. รถเล็กออกไม่ได้ครับ ความสูงระดับหัวเข่า น้ำท่วมมาแล้ว5 วัน,https://storage.googleapis.com/traffy_public_bucket/attachment/2026-09/6935107c6f23d33abe2e63f079022536.jpeg
2026-M9ATWC,inprogress,2026-09-29 08:44,2026-09-29 08:50,100.80391,13.79576,หนองจอก,ลำผักชี,น้ำท่วมขัง น้ำสูงขึ้นอีกน้ำในคลองก็นิ่ง ระบายน้ำออกไปบ้างสักที ข้าวไม่มีจะกินแล้ว ไม่มีใครเข้ามาเลยดูแลเลย เขตหนองจอกไปไหนกันหมด ผ.อ. เขต เจ้าหน้าที่เขต ระบายน้ำในคลองไปบ้าง คลองแสนแสบก็ยุบแล้ว ทางนี่ไม่ให้ยุบบ้างเหรอ ความสูงระดับเอว น้ำท่วมมาแล้วน้อยกว่า,https://storage.googleapis.com/traffy_public_bucket/attachment/2026-09/017fb2bcdc254b8d6eaa252ed057938a.jpeg
2026-C393UX,inprogress,2026-09-29 08:45,2026-09-29 17:12,100.62642,13.72904,สวนหลวง,สวนหลวง,น้ำท่วมยังไม่ลด ในหมูบ้านเลยค่ะ และในซอยพัฒนาการ38 อยากให้ช่วยดูและแก้ไขปัญหาให้ค่ะ ความสูงระดับเข่าค่ะ น้ำท่วมมาแล้ว4 วันค่ะ,https://storage.googleapis.com/traffy_public_bucket/attachment/2026-09/3e20fc46400c5c7dce707d3458c6f833.jpeg
2026-C393UX,finish,2026-09-29 08:45,2026-10-09 11:38,100.62642,13.72904,สวนหลวง,สวนหลวง,น้ำท่วมยังไม่ลด ในหมูบ้านเลยค่ะ และในซอยพัฒนาการ38 อยากให้ช่วยดูและแก้ไขปัญหาให้ค่ะ ความสูงระดับเข่าค่ะ น้ำท่วมมาแล้ว4 วันค่ะ,https://storage.googleapis.com/traffy_public_bucket/attachment/2026-09/3e20fc46400c5c7dce707d3458c6f833.jpeg
2026-8PVVW7,forward,2026-09-29 08:46,2026-09-29 09:51,100.6695,13.92118,สายไหม,สายไหม,น้ำท่วมขัง ถนน สายไหม 64/1 จนถึง ตลาดวงศกร ณ ตอนนี้ ยังไม่มีท่าทีน้ำจะลดลง ความสูงระดับเกินฟุตบาทครับ น้ำท่วมมาแล้ว3วัน,https://storage.googleapis.com/traffy_public_bucket/attachment/2026-09/thumb_12151441424b399d455506696915d56a.jpg
2026-YBT42A,forward,2026-09-29 08:46,2026-09-29 09:51,100.6695,13.92118,สายไหม,สายไหม,น้ำท่วมขัง ถนน สายไหม 64/1 จนถึง ตลาดวงศกร ณ ตอนนี้ ยังไม่มีท่าทีน้ำจะลดลง ความสูงระดับเกินฟุตบาทครับ น้ำท่วมมาแล้ววันนี้กผ้ยังเหมือนเดิม,https://storage.googleapis.com/traffy_public_bucket/attachment/2026-09/thumb_12151441424b399d455506696915d56a.jpg
2026-96E78Z,start,2026-09-29 08:48,2026-09-29 08:48,100.72841,13.76336,ลาดกระบัง,คลองสองต้นนุ่น,อยากรู้ความคืบหน้าน้ำท่วมเคหะร่มเกล้า ความสูงระดับสูงกว่าเอว น้ำท่วมมาแล้วมากกว่า 1 สัปดาห์,https://storage.googleapis.com/traffy_public_bucket/attachment/2026-09/2b1a952c5f18c6e3f59fc131371b9073.jpeg
2026-NBXWDX,forward,2026-09-29 08:48,2026-09-29 17:12,100.6311,13.74819,สวนหลวง,สวนหลวง,บ้านดิฉันอยู่ติดไอเรสเลยทางเข้าไปนิดนึงค่ะท่วมหนักเพราะบ้านไม่ได้ปรับพื้นสูง บ้านจมน้ำข้าวของเสียหาย ขอให้ท่านช่วยเปิดประตูระยบายน้ำคลองกะจะด้วยค่ะ 80เซนติเมตร เสาร์ มาอังคาร สี่วันแลเว,https://storage.googleapis.com/traffy_public_bucket/attachment/2026-09/1cff04828006732a6c4679a7a44c5781.jpeg
2026-DZY76C,forward,2026-09-29 08:49,2026-09-29 21:45,100.5797,13.85111,จตุจักร,ลาดยาว,น้ำเข้าบ้านหมดเลยอยากขอความช่วยเหลือวิดน้ำออกจากบ้านค่ะ ความสูงระดับเข่าค่า น้ำท่วมมาแล้ว4 วันค่ะ,https://storage.googleapis.com/traffy_public_bucket/attachment/2026-09/dab3241d8279e824e8b32d563db54b3c.jpeg
2026-HZZBXN,forward,2026-09-29 08:49,2026-09-29 10:27,100.6311,13.74819,สวนหลวง,สวนหลวง,บ้านดิฉันอยู่ติดไอเรสเลยทางเข้าไปนิดนึงค่ะท่วมหนักเพราะบ้านไม่ได้ปรับพื้นสูง บ้านจมน้ำข้าวของเสียหาย ขอให้ท่านช่วยเปิดประตูระยบายน้ำคลองกะจะด้วยค่ะ 80เซนติเมตร ช่วยหน่อยนะคะ ระบายน้ำตรงคลองกะจะ ออกด้วยค่ะ พวกเรา ขอร้องค่ะ,https://storage.googleapis.com/traffy_public_bucket/attachment/2026-09/035423fede3e51d165adbc7b5197bcc2.jpeg
2026-JM8MWF,finish,2026-09-29 08:49,2026-10-05 13:27,100.64858,13.75612,บางกะปิ,หัวหมาก,แจ้งเรื่องประสบภัยน้ำท่วมบ้าน เลขที่ 32 แยก 4 รามคำแหง 60 กทม. มีความเสียหาย รถจมน้ำเข้ารถ 3 คัน ตู่เฟอร์นิเจอร์ในบ้าน เสียหาย 7 ใบ ความสูงระดับหัวเข่า น้ำท่วมมาแล้วมากกว่า 1 สัปดาห์,https://storage.googleapis.com/traffy_public_bucket/attachment/2026-09/da4ce612dbe6b54095a4705722a920a9.jpeg
2026-PRR6KU,forward,2026-09-29 08:51,2026-09-29 10:44,100.66187,13.81206,บึงกุ่ม,คลองกุ่ม,ซอย นวมินทร์ 70 แยก 11-2 น้ำท่วมขัง นานไม่ลดลงเลย คลองระบายอุดตันจากขยะ วัชพืช น้ำนิ่งไม่ไหลไปไหน / ไม่มีเจ้าหน้าที่เขตมาสำรวจแก้ปัญหา / อยากให้เขตบึงกุ่มตั้งใจลงตรวจสอบพื้นที่กว่านี้ ความสูงระดับข้อเท้า ท่วมสูงระดับหัวเข่า,https://storage.googleapis.com/traffy_public_bucket/attachment/2026-09/cabb8f01bdb400190ed51af5aad5702f.jpeg
2026-29V3WY,inprogress,2026-09-29 08:52,2026-09-29 08:58,100.79634,13.79312,หนองจอก,ลำผักชี,น้ำท่วมขังเริ่มเน่าแล้ว และเพิ่มระดับสูงขึ้น เป็น 70 cm ขอรถทำคันกั้นน้ำ และเครื่องสูบน้ำ ความสูงระดับสูงกว่าเอว น้ำท่วมมาแล้วมากกว่า 1 สัปดาห์,https://storage.googleapis.com/traffy_public_bucket/attachment/2026-09/thumb_acc1023846733c2ef78e899652109427.jpg
2026-7GNMBW,inprogress,2026-09-29 08:54,2026-09-29 09:08,100.68032,13.72965,ประเวศ,ประเวศ,แจ้งปัญหาน้ำท่วมสูงบริเวณทางเข้าหมู่บ้านคัฟเวอร์ ซอย อ่อนนุช 65 แยก 15-2 ซึ่งลูกบ้านไม่สามารถนำรถเล็กออกได้เลยตั้งแต่วันที่ 25 ก.ย. ครับ ***แค่ซอยทางเข้าหน้าหมู่บ้านเท่านั้น อยากรบกวนให้ทางเขตช่วยเหลือให้ทางเข้าหมู่บ้านให้น้ำลดลงมาจากตอนนี้ได้สักครึ่งน,https://storage.googleapis.com/traffy_public_bucket/attachment/2026-09/9313e5e8a835e08e2ceb961913b4b8c6.jpeg
2026-D63AGP,inprogress,2026-09-29 08:54,2026-09-29 08:58,100.66638,13.72088,ประเวศ,ประเวศ,น้ำท่วมขังภายในซอยอ่อนนุช 55/1 ฝนหยุดตกมาแล้วประมาณ 1 วัน แต่น้ำแทบไม่ลด ทำให้ไม่สามารถสัญจรเข้า-ออกซอยได้ตามปกติ และกระทบต่อการเดินทางของผู้พักอาศัย รบกวนช่วยเข้าตรวจสอบและเร่งระบายน้ำให้ด้วยนะคะ ความสูงระดับหัวเข่า ประมาณ 4 วันค่ะ แต่ฝนหยุดตกประมาณ 1 วั,https://storage.googleapis.com/traffy_public_bucket/attachment/2026-09/cb11fee26768dcaf681fb144febc6475.jpeg
2026-MM4VZ6,forward,2026-09-29 08:54,2026-09-29 08:59,100.69141,13.72458,ประเวศ,ประเวศ,ขอให้ตรวจสอบและดำเนินมาตรการเร่งด่วนกรณีน้ำจากคลองประเวศบุรีรมย์และบริเวณคลองทับช้างบนไหลเข้าสู่โครงการหมู่บ้านพฤกษาทาวน์ เน็กซ์ อ่อนนุช–พระราม 9 ผ่านพื้นที่ก่อสร้าง/แนวเปิดของโครงการระบายน้ำ ความสูงระดับ4 วัน น้ำท่วมมาแล้ว4 วัน,https://storage.googleapis.com/traffy_public_bucket/attachment/2026-09/b0280edc8f1624e7d831cbe75d180cdd.jpeg
2026-2UTPBP,inprogress,2026-09-29 08:56,2026-09-29 16:30,100.61555,13.73002,สวนหลวง,สวนหลวง,ช่วยเร่งระบายน้ำในหมู่บ้านสวนแหลมทอง 2 ให้ด้วยนะคะ พัฒนาการซอย 28 ถนนด้านนอกแห้งกันแล้ว น้ำในหมู่บ้านยัง สูง 20 -30 cm อยู่เลยค่ะ ความสูงระดับหัวเข่า น้ำท่วมมาแล้วน้อยกว่า 1 สัปดาห์,https://storage.googleapis.com/traffy_public_bucket/attachment/2026-09/60ae91fe92896ca99f8f271ce9c4ed61.jpeg
2026-LT9X43,forward,2026-09-29 08:56,2026-09-29 10:44,100.66152,13.81202,บึงกุ่ม,คลองกุ่ม,ซอย นวมินทร์ 70 แยก 11-2 น้ำท่วมขัง นานไม่ลดลงเลย คลองระบายอุดตันจากขยะ วัชพืช น้ำนิ่งไม่ไหลไปไหน / ไม่มีเจ้าหน้าที่เขตมาสำรวจแก้ปัญหา / อยากให้เขตบึงกุ่มตั้งใจลงตรวจสอบพื้นที่กว่านี้ เพราะเหมือนเขตบึงกุ่ม จะรอให้มันลงไปเอง ไม่ต้องพยายามทำอะไร ความสูงระดั,https://storage.googleapis.com/traffy_public_bucket/attachment/2026-09/c8b1bc1e5c5299370c34c57f4b62e57a.jpeg
2026-NTJLU4,finish,2026-09-29 08:56,2026-09-29 17:03,100.7035,13.77929,สะพานสูง,สะพานสูง,สวัสดีค่ะ ตอนนี้ซอยราษฎร์พัฒนา10 รวมถึงถนนราษฎร์พัฒนาได้รับความเสียหายอย่างมาก แต่เจ้าหน้าที่สำนักงานเขตสะพานสูงยังไม่มี action อะไรเลยค่ะ น้ำท่วมตั้งแต่วันศุกร์ ตอนนี้วันอังคารที่ 29 กันยายน 2569 เวลา 08:51 ก็ยังไม่ได้รับการช่วยเหลือใดๆ มีแต่ทีมงานอ.เอท ,https://storage.googleapis.com/traffy_public_bucket/attachment/2026-09/403695675fdef5312aac49e6a3ea942f.jpeg
2026-MXMB3B,start,2026-09-29 08:57,2026-09-29 08:57,100.79378,13.73602,ลาดกระบัง,ลำปลาทิว,น้ำท่วมระดับสูง ประมาณ 70 ซม. น้ำเข้าบ้าน 300/36 หมู่บ้านรุ่งอรุณ 1 ถนนฉลองกรุง ต. ลำปลาทิว เขตลาดกระบัง น้ำเข้าบ้านตั้งแต่วันที่ 25 กันยายนที่ผ่านมาแล้ว รถบรรทุกขนาดเล็กเข้าหมู่บ้านไม่ได้ รอความช่วยเหลืออยู่ครับ ความสูงระดับเริ่มท่วมตั้งแต่วันที่ 25 กันย,https://storage.googleapis.com/traffy_public_bucket/attachment/2026-09/81885bd86fd99439a799c55ad204b51b.jpeg
2026-UCKRM3,inprogress,2026-09-29 08:57,2026-09-29 09:06,100.67449,13.84217,คันนายาว,คันนายาว,หมู่บ้านเพชรอนันต์ ตามพิกัดแชร์ อยู่ต่ำกว่าถนนเกิดน้ำท่วมขัง ด้านหลังหมู่บ้านมีคลอง ส่งออกไปยังคลองคอตัน ช่วยระบายน้ำที่คลองเพื่อให้น้ำในหมู่บ้านได้มีทางออกหน่อยค่ะ เพราะตอนนี้พวกเราช่วยกันดูดน้ำออกทั้งด้านหน้า ด้านหลังสุดท้ายน้ำลวแค่10เซนติเมตรจากระดับเอ,https://storage.googleapis.com/traffy_public_bucket/attachment/2026-09/c7e376ec30ea2e879ebf38bcfa8da362.jpeg
2026-X8YH9V,inprogress,2026-09-29 08:58,2026-09-29 09:07,100.68943,13.81068,คันนายาว,คันนายาว,ถนนสวนสยาม น้ำไม่ลด ความสูงระดับหัวเข่า น้ำท่วมมาแล้วน้อยกว่า 1 สัปดาห์,https://storage.googleapis.com/traffy_public_bucket/attachment/2026-09/15bec03798c58a8d53642f169e4db33f.jpeg
2026-CGJD7X,forward,2026-09-29 09:01,2026-09-29 09:50,100.65916,13.92124,สายไหม,สายไหม,"ถนนสายไหม เกือบทั้งสายน้ำยังท่วมสูง โดยเฉพาะบริเวณปากซอย 39 ถึง หน้า Big C สายไหม , หน้าสายไหมอเวนิว ถึง ตลาดวงศกร และบริเวณก่อนถึงตลาด AC 15-20 cm 3 วันแล้วครับ",https://storage.googleapis.com/traffy_public_bucket/attachment/2026-09/c1269aa751b805f95c66813530d785cb.jpeg
2026-EJRZR6,inprogress,2026-09-29 09:01,2026-09-29 12:56,100.6439,13.87169,บางเขน,ท่าแร้ง,ขอบคุณสำหรับการติดตาม รบกวนทางเขต และฝ่ายโยธาช่วยตรวจสอบด้วยนะคะ ปัจจุบันน้ำยังคงไม่ลดหรือนำ้ไม่มีการระบายไปไหนได้เลย ช่วยดำเนินการก่อนที่น้ำจะล้นมาจากคลองอีกรอบนะค้า ไม่รู้ว่าถนนมีทางระบายน้ำมั้ย?? ระดับพื้นถนนไม่ได้ระดับ?? เนื่องจากก่อนหน้านี้ทำถน,https://storage.googleapis.com/traffy_public_bucket/attachment/2026-09/65a37f9b9cece7195b3b64abed140d72.jpeg
2026-EJRZR6,finish,2026-09-29 09:01,2026-10-09 18:52,100.6439,13.87169,บางเขน,ท่าแร้ง,ขอบคุณสำหรับการติดตาม รบกวนทางเขต และฝ่ายโยธาช่วยตรวจสอบด้วยนะคะ ปัจจุบันน้ำยังคงไม่ลดหรือนำ้ไม่มีการระบายไปไหนได้เลย ช่วยดำเนินการก่อนที่น้ำจะล้นมาจากคลองอีกรอบนะค้า ไม่รู้ว่าถนนมีทางระบายน้ำมั้ย?? ระดับพื้นถนนไม่ได้ระดับ?? เนื่องจากก่อนหน้านี้ทำถน,https://storage.googleapis.com/traffy_public_bucket/attachment/2026-09/65a37f9b9cece7195b3b64abed140d72.jpeg
2026-HKFNHE,start,2026-09-29 09:01,2026-09-29 09:01,100.73859,13.76713,ลาดกระบัง,คลองสองต้นนุ่น,น้ำเริ่มเน่าแล้ว ไม่มีหน่วยงานมาช่วยเหลือ น้ำไม่ลด ความสูงระดับเอว 5 วัน,https://storage.googleapis.com/traffy_public_bucket/attachment/2026-09/c16ebfd121376d7c09930b2f24c68c62.jpeg
2026-2KPCWY,forward,2026-09-29 09:03,2026-09-29 11:08,100.69741,13.90671,คลองสามวา,สามวาตะวันตก,มีน้ำท่วมขัง รถเล็กเข้าลำบาก ความสูงระดับข้อเท้า น้ำท่วมมาแล้วน้อยกว่า 1 สัปดาห์,https://storage.googleapis.com/traffy_public_bucket/attachment/2026-09/68b377c5390fd7f905e1d6441f094ec5.jpeg
2026-PUEBVH,inprogress,2026-09-29 09:03,2026-09-30 08:48,100.59204,13.94276,ดอนเมือง,สีกัน,ภายในหมู่บ้านคาซ่า ซิตี้ ดอนเมือง ถนนเทิดราชัน น้ำยังระบายได้ช้า ความสูงระดับลึกสูงไม่เท่ากันครับ แต่ลึกสุดประมาณเข่า น้ำท่วมมาแล้วตั้งแต่วันเสาร์ครับ,https://storage.googleapis.com/traffy_public_bucket/attachment/2026-09/9d12f5791832d9f889566b9b556605b9.jpg
2026-VRFLPE,finish,2026-09-29 09:03,2026-10-05 13:28,100.60705,13.89075,บางเขน,อนุสาวรีย์,น้ำท่วมขังเท่าเดิมหลายวันแล้ว ตั้งแต่วันเสาร์ ตอนนี้น้ำแทบไม่ลดเลยค่ะ ความสูงระดับหัวเข่า น้ำท่วมมาแล้วน้อยกว่า 1 สัปดาห์,https://storage.googleapis.com/traffy_public_bucket/attachment/2026-09/29af0ff28a40278de5bfbd5d0409067e.jpeg
2026-YY8JJG,finish,2026-09-29 09:03,2026-10-05 16:41,100.59446,13.87708,บางเขน,อนุสาวรีย์,น้ำท่วมยังไม่ลดเลยค่ะ ไม่แน่ใจมีเข้ามาเริ่มสูบน้ำหรือยังนะคะ ความสูงระดับปริ่มๆฟุตบาทค่ะ อยากทราบว่าหรือตอนนี้อยู่ระหว่างสูบน้ำไปแล้วหรือไม่นะคะ🙏 น้ำท่วมมาแล้วตั้ฃแต่วันศุกร์ค่ะ,https://storage.googleapis.com/traffy_public_bucket/attachment/2026-09/a95ba11e7d460bcaab5da8c24cf92757.jpeg
2026-ATMF8K,start,2026-09-29 09:05,2026-09-29 09:05,100.718,13.7763,ลาดกระบัง,คลองสองต้นนุ่น,ออกไปจากบ้านไม่ได่เลยค่ะ อยู่คนเดียว โดนขังตั้งแต่วันเสาร์ เตรียมตัวไม่ทันเลยค่ะ อาหารกำลังจะหมด อยู่หมู่บ้านเพอเฟค 747 รามคำแหง 164 ซอย 25 #fonduereport,https://storage.googleapis.com/traffy_public_bucket/attachment/2026-09/65053ca812718329b739fe0a0d4c5347.jpg
2026-DDU6FC,inprogress,2026-09-29 09:05,2026-09-29 09:06,100.68008,13.68877,ประเวศ,ดอกไม้,บริษัท สเปซ มีเดีย จำกัด ได้รับผลกระทบจากฝนตกหนักและมีน้ำท่วมขังภายใน/บริเวณโดยรอบบริษัท ส่งผลกระทบต่อการเข้า-ออกพื้นที่และการปฏิบัติงานของพนักงาน จึงขอความอนุเคราะห์สำนักงานเขตประเวศส่งเจ้าหน้าที่เข้าตรวจสอบพื้นที่ และพิจารณาให้ความช่วยเหลือในการระบายน้,https://storage.googleapis.com/traffy_public_bucket/attachment/2026-09/b39f93ff36d3aff7d3fafd654b64f8f7.jpeg
2026-KFMRUU,inprogress,2026-09-29 09:06,2026-09-30 08:47,100.58289,13.94098,ดอนเมือง,สีกัน,ยังไม่มีใครสูบน้ำออกจากคลองที่เอ่อล้นออกมาที่ถนน สัญจรยากลำบาก ช่วยมาสูบน้ำออกแล้วเอาน้ำไปลงที่อื่น ในเมืองแห้งแล้ว ตรงดอนเมืองน้ำไม่ลด เหมือนไม่ได้มาสูบออก ความสูงระดับหัวเข่า น้ำท่วมมาแล้วมากกว่า 1 สัปดาห์,https://storage.googleapis.com/traffy_public_bucket/attachment/2026-09/d0ca346f28a263b7059b9d17a3c246c3.jpeg
2026-LFLZJ7,forward,2026-09-29 09:06,2026-09-29 10:43,100.6476,13.82408,บึงกุ่ม,นวลจันทร์,ถนนนวลจันทร์น้ำยังท่วมขึ้นๆลงค่ะ ส่วนนึง อาจจะเนื่องมาจาก คลองบางขวด มีผักตบชวา+ขยะ ขวางทางน้ำไหลค่ะ ความสูงระดับหน้าวัดนวลจันทร์ ยังอยู่ริมฟุตบาทค่ะ มีลงไปบ้างแล้ว แต่ ถัาฝนตกก็ยังขึ้นๆลงๆ น้ำท่วมมาแล้วน้อยกว่า 1 สัปดาห์,https://storage.googleapis.com/traffy_public_bucket/attachment/2026-09/e269f9f96e6656ff98761848e487631d.jpeg
2026-JLYMH7,finish,2026-09-29 09:07,2026-10-02 08:21,100.61664,13.70296,พระโขนง,บางจาก,น้ำท่วมยังอยู่ในระดับเข่าในบางจุดของหมู่บ้าน ทำให้ติดอยู่ในบ้าน ไม่สามารถออกไปข้างนอกได้ค่ะ ความสูงระดับหัวเข่า น้ำท่วมมาแล้ว4 วันแล้วค่ะ,https://storage.googleapis.com/traffy_public_bucket/attachment/2026-09/49f61fee2907b91373a200832af5257c.jpeg
2026-ZNVR8B,finish,2026-09-29 09:07,2026-10-05 13:59,100.38285,13.78933,ทวีวัฒนา,ศาลาธรรมสพน์,น้ำท่วมมาตั้งแต่วันเสาร์ จนวันนี้อังคาร น้ำก็ยังเท่าเดิม เครื่องพญานาคของเขตเสียติดต่อไป เขตหยุด!!!! ไม่มีอะไหล่!!! รถรับส่งเช้าออก บอกไม่มีเพราะไม่พอ แต่ที่อื่นน้ำลดหมดเแล้ว ไม่รู้จะอ้างอะไรเลยอ้างเสีย จะได้”หยุด“ รัฐบาลสั่งหยุดงาน แต่ราชการเขตที่เกี่ยว,https://storage.googleapis.com/traffy_public_bucket/attachment/2026-09/1e236f4c1ee28de9d3c6f904cebb4e7c.jpeg
2026-C2LWYP,inprogress,2026-09-29 09:08,2026-09-29 12:23,100.6367,13.76556,บางกะปิ,คลองจั่น,น้ำท่วมในซอยไงคะหลายวันแล้วยังไม่มีใครเข้ามาดู ความสูงระดับหัวเข่า น้ำท่วมมาแล้วตั้งแต่วันศุกร์,https://storage.googleapis.com/traffy_public_bucket/attachment/2026-09/thumb_d726574ba5974d88cf6e6abc69b3b14c.jpg
2026-C2LWYP,finish,2026-09-29 09:08,2026-10-09 15:32,100.6367,13.76556,บางกะปิ,คลองจั่น,น้ำท่วมในซอยไงคะหลายวันแล้วยังไม่มีใครเข้ามาดู ความสูงระดับหัวเข่า น้ำท่วมมาแล้วตั้งแต่วันศุกร์,https://storage.googleapis.com/traffy_public_bucket/attachment/2026-09/thumb_d726574ba5974d88cf6e6abc69b3b14c.jpg
2026-2ALCUY,inprogress,2026-09-29 09:09,2026-09-30 08:47,100.61563,13.94244,ดอนเมือง,สนามบิน,น้ำท่วมขัง ตั้งแต่คืนวันศุกร์ที่ 25 กันยายน 2569 ความสูงระดับ30 ซม. น้ำท่วมมาแล้วน้อยกว่า 1 สัปดาห์,https://storage.googleapis.com/traffy_public_bucket/attachment/2026-09/d3b0e85ce8f55a986f387ad9d10e900e.jpeg
2026-ENERG9,forward,2026-09-29 09:09,2026-09-29 13:02,100.62283,13.76124,บางกะปิ,หัวหมาก,น้ำยังท่วมขังอยู่และน้ำสกปรกมากเสี่ยงต่อโรคฉี่หนูมากๆ ความสูงระดับเมือวานบนเข่า น้ำท่วมมาแล้วตั้งแต่วันแรกที่น้ำท่วมครับ,https://storage.googleapis.com/traffy_public_bucket/attachment/2026-09/bda4691e9468ab6d8fece54190f2fbf8.jpeg
2026-46K4GN,inprogress,2026-09-29 09:12,2026-09-29 09:14,100.67327,13.73044,ประเวศ,ประเวศ,ขณะนี้น้ำท่วมสูงระดับเอวและยังไม่ลดลงต่อเนื่องเป็นเวลา 3 วัน ที่ซอยพัฒนาการ 65 แยก 4 จึงขอความอนุเคราะห์เข้าให้ความช่วยเหลือโดยเร่งด่วน ความสูงระดับเอว น้ำท่วมมาแล้วน้อยกว่า 1 สัปดาห์,https://storage.googleapis.com/traffy_public_bucket/attachment/2026-09/680ba0a450e02a8491259fa490e5e78f.jpeg
2026-A39RCJ,finish,2026-09-29 09:13,2026-10-01 11:20,100.61652,13.70305,พระโขนง,บางจาก,น้ำท่วมในซอยพึ่งมี 19 สุขุมวิท 93 น้ำขังหลายวัน เข้าออกไม่ได้ ที่บ้านลูกสาวท้องแก่ ฉุกเฉินจะออกไปลำบาก ตอนนี้ในหมู่บ้านจะสูบน้ำออก ด้านหลัง ชาวบ้านแถบนั้นมาต่อว่ารุนแรง อยากจะขอให้กทมมาช่วยตั้งเครื่องสูบน้ำออกไปทิ้งทางปากซอย93 ลงท่อระบายน้ำ จะได้ไม่มีปัญห,https://storage.googleapis.com/traffy_public_bucket/attachment/2026-09/6d245fdf1c1a01a53e9709693b3d645b.jpeg
2026-CVAWKV,inprogress,2026-09-29 09:13,2026-09-29 17:00,100.6688,13.79363,บึงกุ่ม,คลองกุ่ม,ตอนนี้หมู่บ้านสหกรณ์ต้องการเครื่องระบายน้ำ เครื่องสูบน้ำ กระสอบทรายด่วนค่ะ ตอนนี้น้ำเน่าและที่หมู่บ้านไม่มีเครื่องระบายน้ำ ขอแค่เครื่องเดียวก็ได้ รบกวนสงต่อด่วนเลยนะคะ มีคนติดต่อไปแล้ว โยนงานกันไปมา อาหารคนในซอยเล็กก็ไม่ได้ ส่งแค่ซอยใหญ่ น้ำไม้ลดเลยต้นไม้,https://storage.googleapis.com/traffy_public_bucket/attachment/2026-09/f0619f7404104fbe405511345a6e67c3.jpeg
2026-29KDY7,start,2026-09-29 09:14,2026-09-29 09:14,100.718,13.7763,ลาดกระบัง,คลองสองต้นนุ่น,น้ำท่วมขังตั้งแต่วันเสาร์ ออกไปไหนไม่ได้เลยค่ะ อยู่คนเดียวด้วย สว. 66 แล้วค่ะ มีแต่รถเล็ก ไม่กล้าลุยน้ำ หมู่ย้านนี้มีแต่น้ำเพิ่ม ไม่มีน้ำลดเลยค่ะ ความสูงระดับกะไม่ถุกเลยค่ะ น้ำท่วมมาแล้วตั้งแต่วันเสาร์ค่ะ,https://storage.googleapis.com/traffy_public_bucket/attachment/2026-09/21ed0d35c51d22e183b177f77f1220ce.jpeg
2026-3JGUUL,inprogress,2026-09-29 09:16,2026-09-29 12:46,100.61026,13.87567,บางเขน,อนุสาวรีย์,มบ เธียรสวน มีบึงช่วยรับน้ำ เวลานี้ที่อืนน้ำลดหมดแล้ว ขอ กทม มาช่วยอุดท่อระบายน้ำ มบ แล้วใช้เครื่องสูบดึงออกจากท่อค่ะ เขตบางเขนเคยช่วยเราได้ผล ตามเงื่อนที่ใช้บึงเรารับน้ำจากถนน ปากซอย 70 ซม.ในซอย 45 ซม น้ำเน่าแล้ว ออกไปซื้ออาหารไม่ได้ 25 กย 69,https://storage.googleapis.com/traffy_public_bucket/attachment/2026-09/cdaba99652b60869de480897200db3e3.jpeg
2026-3JGUUL,finish,2026-09-29 09:16,2026-10-09 12:42,100.61026,13.87567,บางเขน,อนุสาวรีย์,มบ เธียรสวน มีบึงช่วยรับน้ำ เวลานี้ที่อืนน้ำลดหมดแล้ว ขอ กทม มาช่วยอุดท่อระบายน้ำ มบ แล้วใช้เครื่องสูบดึงออกจากท่อค่ะ เขตบางเขนเคยช่วยเราได้ผล ตามเงื่อนที่ใช้บึงเรารับน้ำจากถนน ปากซอย 70 ซม.ในซอย 45 ซม น้ำเน่าแล้ว ออกไปซื้ออาหารไม่ได้ 25 กย 69,https://storage.googleapis.com/traffy_public_bucket/attachment/2026-09/cdaba99652b60869de480897200db3e3.jpeg
2026-3GB3KE,inprogress,2026-09-29 09:17,2026-09-29 09:27,100.68687,13.68312,ประเวศ,ดอกไม้,ทางซอยได้เกิดน้ำท่วม(อุทกภัย) เข้าออกไม่ได้ ต้องการข้าว ยา น้ำดื่ม ความสูงระดับบ้างช่วงหัวเข่า ส่วนจุดอื่นๆรอบๆ น้ำสูงตลอดทาง น้ำท่วมมาแล้วประมาณสองวันที่หนนักขนาดนี้,https://storage.googleapis.com/traffy_public_bucket/attachment/2026-09/2bc14a6a58d2f1f36670f2ec30e82f83.jpeg
2026-3GB3KE,follow,2026-09-29 09:17,2026-10-09 09:33,100.68687,13.68312,ประเวศ,ดอกไม้,ทางซอยได้เกิดน้ำท่วม(อุทกภัย) เข้าออกไม่ได้ ต้องการข้าว ยา น้ำดื่ม ความสูงระดับบ้างช่วงหัวเข่า ส่วนจุดอื่นๆรอบๆ น้ำสูงตลอดทาง น้ำท่วมมาแล้วประมาณสองวันที่หนนักขนาดนี้,https://storage.googleapis.com/traffy_public_bucket/attachment/2026-09/2bc14a6a58d2f1f36670f2ec30e82f83.jpeg
2026-JWF4PL,forward,2026-09-29 09:17,2026-09-29 09:46,100.65524,13.90476,สายไหม,สายไหม,ถนนเพิ่มสิน กทม. จะมาสูบน้ำ ระบายน้ำเมื่อไหร่คะ ท่วมมา 4 วันแล้ว กทม. ไม่สนใจหน่อยหรอคะ ครึ่งล้อรถ 4 วัน,https://storage.googleapis.com/traffy_public_bucket/attachment/2026-09/de9f118c92ceaeec394fc6dd92412716.jpeg
2026-3YKBB2,inprogress,2026-09-29 09:18,2026-09-29 09:53,100.72281,13.78459,มีนบุรี,มีนบุรี,น้ำท่วมตั้งแต่วันแรก ยังไม่ลด น้ำเข้าบ้านท่วม สูง 10 นิ้ว ถนนในซอยถึงเข่า ตลอดทั้งซอย ในหมู่บ้าน บัวขาว ทางฝั่งในฝั่งนอก ความสูงระดับหน้าแข้ง น้ำท่วมมาแล้วตั้งแต่คืนวันศุกร์,https://storage.googleapis.com/traffy_public_bucket/attachment/2026-09/2d6e9075ac2b0a97fe050e74bb4d9dfb.jpeg
2026-77CY27,inprogress,2026-09-29 09:18,2026-09-29 09:53,100.74942,13.78286,มีนบุรี,แสนแสบ,ซอย ร่มเกล้า 11 หมู่บ้าน เค.ซี.เนเซอรัลวิลล์ ร่มเกล้า ในซอยหมู่บ้านน้ำท่วมครับ ด้านหลังเป็นคลองแสนแสบน่าจะโดนน้ำหนุนมาจากคลอง รบกวนเจ้าหน้าที่มาตรวจดูด้วยนะครับ เพราะท้ายๆ หมู่บ้านระดับน้ำน่าจะถึงเข่าได้ครับ รถเล็กออกไม่ได้ด้วยครับ ความสูงระดับหน้าแข้ง น้,https://storage.googleapis.com/traffy_public_bucket/attachment/2026-09/741f49f6a41a0339495f9034c56ddb64.jpeg
2026-9CCUHG,inprogress,2026-09-29 09:18,2026-09-29 09:24,100.65148,13.72634,ประเวศ,ประเวศ,ขอเครื่องสูบน้ำตัวใหญ่มาช่วยสูบน้ำค่ะ น้ำท่วมพัฒนาการ 74 หมู่บ้านเมืองทองนิเวศน์ 2/1 ตั้งแต่วันศุกร์ที่ 25 กย ค่ะ เดิมคิดว่าหมู่บ้านมีเครื่องสูบน้ำ แต่เครื่องสูบที่ใช้น้ำมันเสีย เครื่องสูบที่ใช้ไฟ ช้อต เลยจะรบกวนขอเครื่องสูบน้ำมาช่วยด่วนด้วยค่ะ หมู่บ้านม,https://storage.googleapis.com/traffy_public_bucket/attachment/2026-09/1b81f42df7bbfc0ad562352dfb151f12.jpeg
2026-D6W6VL,inprogress,2026-09-29 09:18,2026-09-30 09:36,100.6159,13.94346,ดอนเมือง,สนามบิน,หมู่บ้านศุภลักษณ์ ซอยวิภาวดีรังสิต 82 น้ำกำลังขึ้นสูงเรื่อยๆค่ะ ทั้งที่ฝนหยุดตกตั้งแต่เมื่อคืนแล้ว ช่วยดูในหน่อยค่ะ จริงๆน้ำควรจะลดลง แต่กลับมากว่าวันที่ฝนตกหนักอีกค่ะ ถนนในหมู่บ้าน หัวเข่า บริเวณบ้าน หน้าแข้ง 4 วัน,https://storage.googleapis.com/traffy_public_bucket/attachment/2026-09/e2577d5653969db5b2b01b3cd45a969e.jpeg
2026-J4MKW9,start,2026-09-29 09:18,2026-09-29 09:18,100.72867,13.77434,ลาดกระบัง,คลองสองต้นนุ่น,น้ำท่วม เคหะร่มเกล้า ซอย6 น้ำอยู่ระดับเอว เกือบหน้าอก ไม่สามารถเดินทางไปไหนได้ ความสูงระดับสูงกว่าเอว น้ำท่วมมาแล้วน้อยกว่า 1 สัปดาห์,https://storage.googleapis.com/traffy_public_bucket/attachment/2026-09/0140166a13a6369bf9eb477adc09dc94.jpeg
2026-Y7X3D7,inprogress,2026-09-29 09:18,2026-09-29 14:01,100.62807,13.72646,สวนหลวง,สวนหลวง,น้ำท่วมหมู่บ้านซิตี้พาร์ค ซอยพัฒนาการ 38 มาตั้งแต่วันศุกร์ที่ 25 กันยายน ปัจจุบันน้ำยังไม่ลงครับ และน้ำท่วมขังเริ่มมีกลิ่นแล้วครับ ความสูงระดับตอนนี้ประมาณ 20 ซม น้ำท่วมมาแล้วน้อยกว่า 1 สัปดาห์,https://storage.googleapis.com/traffy_public_bucket/attachment/2026-09/c7f5507c49206cd5d4afca2f389bf770.jpeg
2026-Y7X3D7,finish,2026-09-29 09:18,2026-10-09 11:38,100.62807,13.72646,สวนหลวง,สวนหลวง,น้ำท่วมหมู่บ้านซิตี้พาร์ค ซอยพัฒนาการ 38 มาตั้งแต่วันศุกร์ที่ 25 กันยายน ปัจจุบันน้ำยังไม่ลงครับ และน้ำท่วมขังเริ่มมีกลิ่นแล้วครับ ความสูงระดับตอนนี้ประมาณ 20 ซม น้ำท่วมมาแล้วน้อยกว่า 1 สัปดาห์,https://storage.googleapis.com/traffy_public_bucket/attachment/2026-09/c7f5507c49206cd5d4afca2f389bf770.jpeg
2026-PA676T,inprogress,2026-09-29 09:19,2026-09-29 09:54,100.74127,13.8071,มีนบุรี,แสนแสบ,หมู่บ้านปรีชาร่มเกล้ารับน้ำจากหลังหมู่บ้าน มีเครื่องสูบเล็กแค่4เครื่อง น้ำไม่ลดลงเลย ยิ่งสูบยิ่งเพิ่ม วันที่29กันยา น้ำสูงขึ้นถึงเอว ความสูงระดับเอว น้ำท่วมมาแล้วน้อยกว่า 1 สัปดาห์,https://storage.googleapis.com/traffy_public_bucket/attachment/2026-09/3858fb7d8ebe5949431ce1ea62666d87.jpeg
2026-E38R2A,finish,2026-09-29 09:20,2026-10-02 08:21,100.61655,13.70301,พระโขนง,บางจาก,น้ำท่วมขัง ไม่ระบาย ไม่สามารถ ออกจากบ้านได้ ตั้งแต่วันศุกร์ ที่ผ่านมาเป็นเวลา 4 วันแล้วค่ะ ความสูงระดับหัวเข่าค่ะ น้ำท่วมมาแล้ว4 วันแล้วค่ะ,https://storage.googleapis.com/traffy_public_bucket/attachment/2026-09/thumb_821de441e56da56c1a4f05c4fbce23ba.jpg
2026-FHM3MT,start,2026-09-29 09:20,2026-09-29 09:20,100.718,13.7763,ลาดกระบัง,คลองสองต้นนุ่น,น้ำท่วมขังตั้งแต่วันเสาร์ ออกไปไหนไม่ได้เลยค่ะ อยู่คนเดียวด้วย สว. 66 แล้วค่ะ มีแต่รถเล็ก ไม่กล้าลุยน้ำ หมู่ย้านนี้มีแต่น้ำเพิ่ม ไม่มีน้ำลดเลยค่ะ ความสูงระดับน่าจะประมานปริ่มๆเลยขอบล่างของรถเล็กขึ้นมาค่ะ น้ำท่วมมาแล้วตั้งแต่ ศุกร์ เสาร์,https://storage.googleapis.com/traffy_public_bucket/attachment/2026-09/2c85a60a7911adcd0b5cf6dec8020384.jpeg
2026-EAM2F4,forward,2026-09-29 09:21,2026-09-29 09:46,100.68686,13.88845,สายไหม,ออเงิน,มีน้ำท่วมขังตั้งแต่บริเวณถนนสัญจรซอยจตุโชติ 16 ยาวมาถึงทางแยกก่อนไปเส้นกาญจนา ทำให้การเดินทางไม่สะดวกอย่างมาก บ้านริมคลองบริเวณสะพานจ้าหล้าใหญ่ และบ้านเรือนในซอยจตุโชติ 22 มีน้ำท่วมขังปริมาณมากตั้งแต่คืนวันศุกร์ที่ 25 ก.ย.69 ที่ผ่านมา และมีปริมาณสูงขึ้น ,https://storage.googleapis.com/traffy_public_bucket/attachment/2026-09/ff171297c4ac89ac5cd79221845f4e04.jpeg
2026-WPU74L,start,2026-09-29 09:21,2026-09-29 09:21,100.73267,13.7739,ลาดกระบัง,คลองสองต้นนุ่น,บ้านเลขที่ 102 / 52 ร่มเกล้าซอย 4 ประสบปัญหาน้ำท่วมตรงถนนสูงประมาณ 70 ถึง 80 เซนต์ภายในบ้านสูงประมาณ 90 ถึง 1 เมตรจะ ขอแจ้งเรื่องผู้ประสบภัยน้ำท่วมและจัดเจ้าหน้าที่เข้าไปดูพื้นที่ครับ 1เมตร น้ำท่วมมาแล้วน้อยกว่า 1 สัปดาห์,https://storage.googleapis.com/traffy_public_bucket/attachment/2026-09/b26de2d4bfe6149aee7c8b3eb01b500d.jpeg
2026-FMH9DY,inprogress,2026-09-29 09:22,2026-09-29 10:13,100.80668,13.78519,หนองจอก,ลำผักชี,รบกวนสำนักงานเขตช่วยมาดูเรื่องน้ำเน่าเสียหน่อยนะคะ ช่วยหาทางระบายน้ำให้หน่อย ไม่ได้ต้องการความช่วยเหลือเป็นเรื่องอื่นเลยไม่ว่าจะข้าวปลาอาหารทางนี้ดูแลกันเองหมดเลย แต่ช่วยแอ็คชั่นหน่อยค่ะเรื่องการระบายน้ำเพราะน้ำมันขังอยู่หลายวันประชาชนพยายามดูแลกันเองแล้ว,https://storage.googleapis.com/traffy_public_bucket/attachment/2026-09/2987dd6df29c7c1a791e010a1e4fb87c.jpeg
2026-FMH9DY,follow,2026-09-29 09:22,2026-10-08 11:42,100.80668,13.78519,หนองจอก,ลำผักชี,รบกวนสำนักงานเขตช่วยมาดูเรื่องน้ำเน่าเสียหน่อยนะคะ ช่วยหาทางระบายน้ำให้หน่อย ไม่ได้ต้องการความช่วยเหลือเป็นเรื่องอื่นเลยไม่ว่าจะข้าวปลาอาหารทางนี้ดูแลกันเองหมดเลย แต่ช่วยแอ็คชั่นหน่อยค่ะเรื่องการระบายน้ำเพราะน้ำมันขังอยู่หลายวันประชาชนพยายามดูแลกันเองแล้ว,https://storage.googleapis.com/traffy_public_bucket/attachment/2026-09/2987dd6df29c7c1a791e010a1e4fb87c.jpeg
2026-J32HPM,inprogress,2026-09-29 09:23,2026-09-29 09:54,100.72286,13.78457,มีนบุรี,มีนบุรี,น้ำท่วมตั้งแต่คืนวันศุกร์ ความสูงระดับหัวเข่า น้ำท่วมมาแล้วน้อยกว่า 1 สัปดาห์,https://storage.googleapis.com/traffy_public_bucket/attachment/2026-09/0732a992843ff124126a0e0d8de55a0a.jpeg
2026-KZU8EN,finish,2026-09-29 09:25,2026-09-29 16:28,100.68272,13.81592,คันนายาว,คันนายาว,ปัญหาคือตรงหมู่บ้านของผม อมรพันธ์โครงการ 2 ตรงข้ามกับเลิศอุบล 5 หมู่บ้านของไม่มีประธานชุมชนขาดการดูแล และตอนนี้ติดน้ำท่วมมา 4 วันแล้ว น้ำในซอยหน้าบ้านจนถึง อมอรินี่หน้าปากซอยก็ยังไม่ลด ไม่มีหน่วยงานเข้ามาดู มาปั้มน้ำออกเลย ทั้งๆที่รู้ว่าอยู่ใกล้กับคลองและ,https://storage.googleapis.com/traffy_public_bucket/attachment/2026-09/thumb_f648929d2f48627433b38143f84ea3c7.jpg
2026-U8LB6V,start,2026-09-29 09:25,2026-09-29 09:25,100.73268,13.77392,ลาดกระบัง,คลองสองต้นนุ่น,บ้านเลขที่ 102 / 53 ร่มเกล้าซอย 4 ประสบปัญหาน้ำท่วมตรงถนนสูงประมาณ 70 ถึง 80 เซนต์ภายในบ้านสูงประมาณ 1 เมตร ถึง 1.10เมตรจะ ขอแจ้งเรื่องผู้ประสบภัยน้ำท่วมและจัดเจ้าหน้าที่เข้าไปดูพื้นที่ครับ ความสูงระดับเอว น้ำท่วมมาแล้วน้อยกว่า 1 สัปดาห์,https://storage.googleapis.com/traffy_public_bucket/attachment/2026-09/75e62d0e201b2dc6e808c54e700627df.jpeg
2026-YRPXCB,inprogress,2026-09-29 09:25,2026-09-29 13:21,100.6318,13.7547,บางกะปิ,หัวหมาก,น้ำสูง ลดช้ามาก ที่อื่นเค้าแห้งแล้ว ความสูงระดับยิ่งท้ายซอยสูงมาก น้ำท่วมมาแล้วสูงเลยเข่า,https://storage.googleapis.com/traffy_public_bucket/attachment/2026-09/a8866e6fa32a1905697fde3c07c489f7.jpeg
2026-YRPXCB,finish,2026-09-29 09:25,2026-10-06 07:58,100.6318,13.7547,บางกะปิ,หัวหมาก,น้ำสูง ลดช้ามาก ที่อื่นเค้าแห้งแล้ว ความสูงระดับยิ่งท้ายซอยสูงมาก น้ำท่วมมาแล้วสูงเลยเข่า,https://storage.googleapis.com/traffy_public_bucket/attachment/2026-09/a8866e6fa32a1905697fde3c07c489f7.jpeg
2026-GV8CT8,inprogress,2026-09-29 09:26,2026-09-29 13:52,100.63511,13.77358,บางกะปิ,คลองจั่น,น้ำท่วมชั้น 1 มีผู้ป่วยเบาหวาน 2 ท่าน ไม่มีอาหาร และในละแวกใกล้เคียงไม่มีเจ้าหน้าที่เข้ามาช่วยเหลือด้านอาหารเลย ตอนนี้ในซอยหรือละแวกนั้นเดือดร้อนมากครับ ไม่มีน้ำดื่มเลยครับ ความสูงระดับ80-1 เมตร น้ำท่วมมาแล้ว3 วัน,https://storage.googleapis.com/traffy_public_bucket/attachment/2026-09/thumb_7d37edc35177e0fa622e39e26a7ab00b.jpg
2026-GV8CT8,finish,2026-09-29 09:26,2026-10-09 10:06,100.63511,13.77358,บางกะปิ,คลองจั่น,น้ำท่วมชั้น 1 มีผู้ป่วยเบาหวาน 2 ท่าน ไม่มีอาหาร และในละแวกใกล้เคียงไม่มีเจ้าหน้าที่เข้ามาช่วยเหลือด้านอาหารเลย ตอนนี้ในซอยหรือละแวกนั้นเดือดร้อนมากครับ ไม่มีน้ำดื่มเลยครับ ความสูงระดับ80-1 เมตร น้ำท่วมมาแล้ว3 วัน,https://storage.googleapis.com/traffy_public_bucket/attachment/2026-09/thumb_7d37edc35177e0fa622e39e26a7ab00b.jpg
2026-WZ7E6U,start,2026-09-29 09:27,2026-09-29 09:27,100.7681,13.71618,ลาดกระบัง,ลาดกระบัง,ตอนนี้ระดับน้ำสูงขึ้นเรื่อยๆ ที่บ้านมีคนสูงอายุ 2 ท่านและ ผู้ใหญ่ 2 ท่าน และเด็ก 1 และมีสุนัขิ4 ตัว แมว 2 ตัว ต้องการกระสอบทรายสำหรับกันน้ำ 20 กระสอบครับ ความสูงระดับถนนในซอย ประมาณหัวเข่าขึ้นมาหน่อยละครับแต่ตอนนี้ระดับน้ำที่เข้าในบ้าน ประมาณข้อเท้า แล้วค,https://storage.googleapis.com/traffy_public_bucket/attachment/2026-09/bfbc4c0d96422aeb114d37c13ad0a075.jpeg
2026-JTEAMR,forward,2026-09-29 09:30,2026-09-29 10:17,100.64234,13.73781,สวนหลวง,สวนหลวง,แยกพัฒนาการ ศรีนครินทร์ น้ำไม่ลดเลยค่ะ อยากให้เข้ามาเคลียร์ด่วนเพราะพื้นที่แถวนี้คนต้องเดินทางผ่านเข้าเมือง เป็นแยกหลัก และมี 2 โรงพยาบาลคือสมิติเวช กับวิภาราม แยกนี้ไม่มีใครมาแจกข้าว แจกน้ำ มาดูแลเลย ไม่มีใครโพสต์ออนไลนเลยค่ะ คนอยู่คอนโดใช่ว่าจะเดินออก,https://storage.googleapis.com/traffy_public_bucket/attachment/2026-09/67dc4d804f24af296c1b2b46ca425a1d.jpeg
2026-T2VL2X,finish,2026-09-29 09:30,2026-09-29 19:04,100.70156,13.76965,สะพานสูง,สะพานสูง,หมู่บ้านธารารมณ์ พาร์คเวย์โฮม ซอย ราษฎร์พัฒนา 22 น้ำท่วมสูง เริ่มส่งกลิ่นเหม็น รถเล็กไม่สามารถสัญจรได้ คนในหมู่บ้านไม่สามารถออกไปซื้ออาหาร ต้องการให้สูบน้ำออกหรือเข้ามาแจกจ่ายอาหารตามซอยย่อยค่ะ ความสูงระดับเอว น้ำท่วมมาแล้วน้อยกว่า 1 สัปดาห์,https://storage.googleapis.com/traffy_public_bucket/attachment/2026-09/thumb_58c98bd29a2cca41ec63136bf06f0b70.jpg
2026-7ZWYUK,inprogress,2026-09-29 09:31,2026-09-29 12:35,100.75198,13.84535,คลองสามวา,ทรายกองดินใต้,ซอยประชาร่วมใจ31 ด้านในยังท่วมสูงมาก ออกไม่ได้ เสบียงอาหารกำลังจะหมด ความสูงระดับหัวเข่า น้ำท่วมมาแล้วน้อยกว่า 1 สัปดาห์,https://storage.googleapis.com/traffy_public_bucket/attachment/2026-09/28622fa6d476c720534b6426aeeb4e87.jpeg
2026-NJ8X9C,forward,2026-09-29 09:31,2026-09-29 12:32,100.75111,13.88705,คลองสามวา,สามวาตะวันออก,ขอความกรุณาเขตคลองสามวา ช่วยเรื่อง สูบน้ำบริเวณถนนทางในซอย รถมอเตอร์ไซค์รถยนต์ขนาดเล็กไม่สามารถเดินทางได้สะดวกน้ำท่วมขังมา 3-4 วันแล้วยังไม่มีท่าทีว่าจะลดลง อีกทั้งยังมีคอกสัตว์ ฟาร์มเลี้ยงวัวที่อยู่ในซอย อาจจะเกิดปัญหาเชื้อโรคสะสมแล้วก็ขณะนี้ก็เริ่มมีน้ำ,https://storage.googleapis.com/traffy_public_bucket/attachment/2026-09/f4c4fbd676fc70c75be0d81ffe88b4ea.jpeg
2026-BCW84V,forward,2026-09-29 09:32,2026-09-29 13:03,100.64721,13.77008,บางกะปิ,คลองจั่น,อยู่บริเวณถนนนวมินทร์ ก่อนถึงโรงเรียนบ้านบางกะปิ น้ำยังท่วม สูง ไม่ลดเลยครับเริ่มมีกลิ่น ช่วยแก้ไขด้วย ความสูงระดับเอว น้ำท่วมมาแล้วน้อยกว่า 1 สัปดาห์,https://storage.googleapis.com/traffy_public_bucket/attachment/2026-09/9d0dc06f507fba21f1a98e0d9c81f2f3.jpeg
2026-7AETZK,start,2026-09-29 09:34,2026-09-29 09:34,100.62409,13.93608,ดอนเมือง,สนามบิน,รบกวน กทม. ดูน้ำเส้นพหลโยธินช่วง คปอ. ไปแยก อนุสรณ์สถานหน่อยค่ะ รถเล็กวิ่งไม่ได้เลย จะเปิดงานแล้ว เราวิ่งเข้าเส้นวิภาวดีไม่ได้เลยเพราะน้ำขังสูงเกือบทุกเลนถนน ถนนเส้นหลัก ควรใช้งานได้บ้างแบบวิภาวดี โซนนี้เหมือนติดเกาะ ออกไปทางสะพานใหม่ก็ไม่ได้ ออกไปทางอนุส,https://storage.googleapis.com/traffy_public_bucket/attachment/2026-09/7c2ec3f05dad0ff8bb86f6d787098043.jpeg
2026-BHGY2M,forward,2026-09-29 09:34,2026-09-29 09:46,100.61166,13.89033,สายไหม,คลองถนน,แจ้งน้ำท่วมขัง ไม่ระบายตั้งแต่วันที่ฝนตกวันที่ 25/09/2026 จนถึงปัจจุบัน น้ำยังท่วมขังในซอยตรงแถว คอนโดเสนาคิทท์ บีทีเอส สะพานใหม่ ในซอยพหลโยธิน 50 (แยก 11) ท่วมในซอยตลอดสาย ท่วมไปถึงหน้าบิ๊กซีสะพานใหม่ รถสัญจรลำบาก การเดินเท้าเพื่อไปถนนใหญ่หรือBTS ลำบากมา,https://storage.googleapis.com/traffy_public_bucket/attachment/2026-09/1b6099058bcb9326239b1a04800584d4.jpeg
2026-RKEK68,forward,2026-09-29 09:34,2026-09-29 14:00,100.65144,13.76137,บางกะปิ,หัวหมาก,"Good morning. Our house remains flooded until today. Can you help to arrange support for pumping the water away? No 254/122 soi 48/5 Mooban Sammakorn, Ramkhamheng soi 112, Saphan Sung, Bangkok, 10240 Thank you very much, Karsten 061 389 8364 #tourist",https://storage.googleapis.com/traffy_public_bucket/attachment/2026-09/f85e4beaf004c381d32c7083f61b1ed7.jpg
2026-ATXJTJ,forward,2026-09-29 09:36,2026-09-29 10:14,100.6432,13.7364,สวนหลวง,สวนหลวง,น้ำท่วมขังมาหลายวัน รถผ่านไม่ได้สั่งอาหารไม่ได้ออกไปก็ไม่ได้ หลายที่แห้งหมดแล้วทำไมถึงเว้นไม่สูบน้ำตรงนี้ไว้คะ จะออกไปเรียนก็ไม่ได้ ความสูงระดับหน้าแข้ง น้ำท่วมมาแล้วตรงแม็กแวลูพัฒนาการ บีทีเอสสถานีหัวหมาก พัฒนาการ53,https://storage.googleapis.com/traffy_public_bucket/attachment/2026-09/thumb_3900f22496f980c8f622feb2fc7eea1e.jpg
2026-AY8NGU,inprogress,2026-09-29 09:36,2026-09-29 12:39,100.7075,13.74825,สะพานสูง,สะพานสูง,ตอนนี้ที่บ้านผมน้ำยังท่วมขังอยู่ครับ ความสูงระดับตรงนี้เป็นในส่วนของตัวบ้านผมครับ น้ำท่วมมาแล้วแต่ตอนนี้น้ำยังคงที่,https://storage.googleapis.com/traffy_public_bucket/attachment/2026-09/8aaccd9f709326a32d02f2d888a2c8f3.jpeg
2026-HVFGWG,inprogress,2026-09-29 09:36,2026-09-29 13:24,100.64237,13.7838,บางกะปิ,คลองจั่น,น้ำท่วมในบ้านไม่ลดลงเลยค่ะ น้ำเริ่มเน่าแล้ว เดือดร้อนหนักมากค่ะ ความสูงระดับหัวเข่า น้ำท่วมมาแล้ว4 วันค่ะ,https://storage.googleapis.com/traffy_public_bucket/attachment/2026-09/777057c5279e7fcbf79010fd65d2df78.jpeg
2026-HVFGWG,finish,2026-09-29 09:36,2026-10-09 15:33,100.64237,13.7838,บางกะปิ,คลองจั่น,น้ำท่วมในบ้านไม่ลดลงเลยค่ะ น้ำเริ่มเน่าแล้ว เดือดร้อนหนักมากค่ะ ความสูงระดับหัวเข่า น้ำท่วมมาแล้ว4 วันค่ะ,https://storage.googleapis.com/traffy_public_bucket/attachment/2026-09/777057c5279e7fcbf79010fd65d2df78.jpeg
2026-PR7JDW,inprogress,2026-09-29 09:36,2026-09-29 12:40,100.7075,13.74825,สะพานสูง,สะพานสูง,ตอนนี้ที่บ้านผมน้ำยังท่วมขังอยู่ครับ ความสูงระดับตรงนี้เป็นในส่วนของตัวบ้านผมครับ น้ำท่วมมาแล้วตั้งแต่วันศุกร์แล้วครับ,https://storage.googleapis.com/traffy_public_bucket/attachment/2026-09/bc378d1e9f87fa2279cdb7835dbe3a59.jpeg
2026-WL8MYD,forward,2026-09-29 09:36,2026-09-29 13:04,100.62941,13.77065,บางกะปิ,คลองจั่น,น้ำท่วมสูงแถวคอนโดซิตี้วิลล่า ลาดพร้าว 130 ความสูงระดับหัวเข่า น้ำท่วมมาแล้วน้อยกว่า 1 สัปดาห์,https://storage.googleapis.com/traffy_public_bucket/attachment/2026-09/3a8c8870178cfbdd7e637435462066ba.jpeg
2026-CXUMKV,inprogress,2026-09-29 09:38,2026-09-29 11:06,100.6416,13.86419,บางเขน,ท่าแร้ง,น้ำในซอยสุขาภิบาล 5 ซอย 11 (ซอยมั่งมี) ฝั่งตรงข้ามกับเซเว่นศิริพงษ์ จุด 2 (14032) น้ำท่วมขังมาตั้งแต่วันศุกร์ น้ำเริ่มเปลี่ยนสี มีกลิ่นแล้วค่ะ ในซอยมีห้องเช่าแบบชั้นเดียว น้ำท่วมหมด ไม่สามารถหลับนอนได้ ส่วนบ้าน 2 ชั้น น้ำท่วม ชั้น 1 หมด ไม่มีหน่วยงานเ,https://storage.googleapis.com/traffy_public_bucket/attachment/2026-09/72bfc4d8e37a93d7bf5629b21e88c1fa.jpeg
2026-CXUMKV,finish,2026-09-29 09:38,2026-10-09 18:51,100.6416,13.86419,บางเขน,ท่าแร้ง,น้ำในซอยสุขาภิบาล 5 ซอย 11 (ซอยมั่งมี) ฝั่งตรงข้ามกับเซเว่นศิริพงษ์ จุด 2 (14032) น้ำท่วมขังมาตั้งแต่วันศุกร์ น้ำเริ่มเปลี่ยนสี มีกลิ่นแล้วค่ะ ในซอยมีห้องเช่าแบบชั้นเดียว น้ำท่วมหมด ไม่สามารถหลับนอนได้ ส่วนบ้าน 2 ชั้น น้ำท่วม ชั้น 1 หมด ไม่มีหน่วยงานเ,https://storage.googleapis.com/traffy_public_bucket/attachment/2026-09/72bfc4d8e37a93d7bf5629b21e88c1fa.jpeg
2026-G7Z4PD,forward,2026-09-29 09:38,2026-09-29 09:45,100.65845,13.92431,สายไหม,สายไหม,ซอยสายไหม43 4 วัน น้ำท่วมสูงไม่ลดลง ไม่มีการระบายค่ะ ขอให้มาช่วยระบายน้ำออกสักนิดก้ได้ค่ะพอให้รถสัญจรได้ไม่งั้นออกไปไหนไม่ได้เลยค่ะ ความสูงระดับหัวเข่า น้ำท่วมมาแล้วน้อยกว่า 1 สัปดาห์,https://storage.googleapis.com/traffy_public_bucket/attachment/2026-09/00d8a4274bf618948d34b95e04f4cfc9.jpeg
2026-RW8JWM,inprogress,2026-09-29 09:38,2026-09-30 17:43,100.77154,13.77295,ลาดกระบัง,ลำปลาทิว,สวัสดีค่ะ ขอความช่วยเหลือให้พ่อกับแม่ค่ะ น้ำท่วมเข้าบ้านจนเริ่มมีกลิ่นแล้วค่ะ ท่านอยู่กัน 2 คนตา-ยายค่ะ อายุ 74 แล้ว ที่บ้านมีไฟรั่ว ไฟดับตั้งแต่วันเสาร์ แกเลยปลดเซฟทีคัทออก เพื่อให้ใช้ได้บางส่วน กลัวจะโดนดูดค่ะ บ้านเลขที่ 111/147 หมู่บ้านบึงบัว ซ.คุ้มเกล,https://storage.googleapis.com/traffy_public_bucket/attachment/2026-09/5ff8d1105f9cfbefb9d5282e9e069898.jpeg
2026-JU36RR,inprogress,2026-09-29 09:40,2026-09-29 10:36,100.6048,13.87469,บางเขน,อนุสาวรีย์,สวัสดีค่ะ บริเวณ ซอยรามอินทรา 5 ด้านใน ตรงป้ายหมู่บ้านเธียรสวน น้ำลึกระดับรถครึ่งคัน ยังไม่ลดระดับค่ะ อยากทราบว่าจะมี หน่วยงานไหนมาช่วยลดระดับน้ำวันนี้ไหมคะ ความสูงระดับเอว น้ำท่วมมาแล้วน้อยกว่า 1 สัปดาห์,https://storage.googleapis.com/traffy_public_bucket/attachment/2026-09/50b6aea0e38cf2131a8de43fa975cf3a.jpeg
2026-JU36RR,finish,2026-09-29 09:40,2026-10-09 12:42,100.6048,13.87469,บางเขน,อนุสาวรีย์,สวัสดีค่ะ บริเวณ ซอยรามอินทรา 5 ด้านใน ตรงป้ายหมู่บ้านเธียรสวน น้ำลึกระดับรถครึ่งคัน ยังไม่ลดระดับค่ะ อยากทราบว่าจะมี หน่วยงานไหนมาช่วยลดระดับน้ำวันนี้ไหมคะ ความสูงระดับเอว น้ำท่วมมาแล้วน้อยกว่า 1 สัปดาห์,https://storage.googleapis.com/traffy_public_bucket/attachment/2026-09/50b6aea0e38cf2131a8de43fa975cf3a.jpeg
2026-8CBHP6,forward,2026-09-29 09:41,2026-09-29 09:45,100.6247,13.94665,สายไหม,สายไหม,พหลโยธิน64 แยก1-2 ใกล้แยกลำลูกกา น้ำยังท่วมหน้าบ้านประมาณครึ่งแข้ง รถเข้ามาไม่ได้ ออกไปทำงานไม่ได้ค่ะ เทียบกับเมื่อวานน้ำไม่ลดเลย ทั้งๆที่ฝนก็ไม่ได้ตกเพิ่ม คือเป็นชายขอบกรุงเทพ แต่ก็ยังเป็นเขตกรุงเทพค่ะ ช่วยเข้ามาดูหน่อยค่ะ ความสูงระดับในซอยน่าจะประมาณค,https://storage.googleapis.com/traffy_public_bucket/attachment/2026-09/cb12929e60fc04ea8ad2f739827135bf.jpeg
2026-H8LE9N,inprogress,2026-09-29 09:42,2026-09-29 13:05,100.63302,13.77555,บางกะปิ,คลองจั่น,ท่ออุดตันน้ำไม่ระบายขยะลอยเต็มซอยน้ำเข้ามาในบ้าน ไม่ลด ความสูงระดับหน้าแข้ง น้ำท่วมมาแล้วตั้งแต่เมื่อวาน,https://storage.googleapis.com/traffy_public_bucket/attachment/2026-09/thumb_d846e6d25ce236aecd042332b69cb70a.jpg
2026-H8LE9N,finish,2026-09-29 09:42,2026-10-09 15:34,100.63302,13.77555,บางกะปิ,คลองจั่น,ท่ออุดตันน้ำไม่ระบายขยะลอยเต็มซอยน้ำเข้ามาในบ้าน ไม่ลด ความสูงระดับหน้าแข้ง น้ำท่วมมาแล้วตั้งแต่เมื่อวาน,https://storage.googleapis.com/traffy_public_bucket/attachment/2026-09/thumb_d846e6d25ce236aecd042332b69cb70a.jpg
2026-L4ZGUK,inprogress,2026-09-29 09:42,2026-09-29 10:08,100.69187,13.66891,ประเวศ,ดอกไม้,น้ำท่วมขังหลายวันคลองกลางซอยมีปั้มน้ำ2เครื่องใหญ่แต่ไม่มีการเปิดใช้ที่อื่นเมแห้งที่นี้ยังเท่าเดิม ความสูงระดับหน้าแข้ง น้ำท่วมมาแล้ว4วันคับ,https://storage.googleapis.com/traffy_public_bucket/attachment/2026-09/67c503d41b5b4a122dd999dd3e3999cc.jpeg
2026-KFTLL8,forward,2026-09-29 09:43,2026-09-29 11:49,100.75776,13.85178,คลองสามวา,ทรายกองดิน,น้ำท่วมในหมู่บ้าน กฤษดานคร 25 น้ำเพิ่มขึ้นเรื่อยๆไม่มีทีท่าลดตั้งแต่วันที่26 ความสูงระดับเอว น้ำท่วมมาแล้วน้อยกว่า 1 สัปดาห์,https://storage.googleapis.com/traffy_public_bucket/attachment/2026-09/aef762f0d61757cd762c012685e295d3.jpeg
2026-YVFWUP,inprogress,2026-09-29 09:43,2026-09-29 10:32,100.67056,13.85823,บางเขน,ท่าแร้ง,น้ำสูงประมาณหัวเข่าค่ะ ต้อฃการเครื่องสูบน้ำหรือการระบายน้ำลงคลองอย่างเร่งด่วน ความสูงระดับหัวเข่า น้ำท่วมมาแล้วน้อยกว่า 1 สัปดาห์,https://storage.googleapis.com/traffy_public_bucket/attachment/2026-09/c38945a39b7231defce3c22f332e7a60.jpeg
2026-YVFWUP,finish,2026-09-29 09:43,2026-10-09 15:06,100.67056,13.85823,บางเขน,ท่าแร้ง,น้ำสูงประมาณหัวเข่าค่ะ ต้อฃการเครื่องสูบน้ำหรือการระบายน้ำลงคลองอย่างเร่งด่วน ความสูงระดับหัวเข่า น้ำท่วมมาแล้วน้อยกว่า 1 สัปดาห์,https://storage.googleapis.com/traffy_public_bucket/attachment/2026-09/c38945a39b7231defce3c22f332e7a60.jpeg
2026-EEYYUU,inprogress,2026-09-29 09:44,2026-09-29 09:54,100.67238,13.73035,ประเวศ,ประเวศ,ระดับน้ำท่วมขังประมาณ 70 ซม. รถเข้าออกไม่ได้ และน้ำเริ่มเน่า เพราะท่วมขังมา 4 วันแล้ว ความสูงระดับเอว น้ำท่วมมาแล้วน้อยกว่า 1 สัปดาห์,https://storage.googleapis.com/traffy_public_bucket/attachment/2026-09/fe0bd2461b8d3ebf64009211ce9845c3.jpeg
2026-HVBMET,finish,2026-09-29 09:44,2026-10-05 14:17,100.6264,13.79806,บางกะปิ,คลองจั่น,ในซอย ลาดพร้าว 101 แยก 45 น้ำไม่ลดลงเลยตั้งแต่วันเสาร์ ไม่สามารถเอารถออกไปได้ ความสูงระดับหัวเข่า น้ำท่วมมาแล้วน้อยกว่า 1 สัปดาห์,https://storage.googleapis.com/traffy_public_bucket/attachment/2026-09/c551ed55983db8920be4c09ce8c5fba4.jpeg
2026-G73VLF,inprogress,2026-09-29 09:46,2026-09-29 13:49,100.62153,13.74412,สวนหลวง,สวนหลวง,นำ้ท่วมมาหลายวันแล้ว ขังนิ่งไม่ลดลง ความสูงระดับหน้าแข้ง น้ำท่วมมาแล้วน้อยกว่า 1 สัปดาห์,https://storage.googleapis.com/traffy_public_bucket/attachment/2026-09/06230146d4cc7abcbe88a9c926d35850.jpeg
2026-G73VLF,finish,2026-09-29 09:46,2026-10-08 14:18,100.62153,13.74412,สวนหลวง,สวนหลวง,นำ้ท่วมมาหลายวันแล้ว ขังนิ่งไม่ลดลง ความสูงระดับหน้าแข้ง น้ำท่วมมาแล้วน้อยกว่า 1 สัปดาห์,https://storage.googleapis.com/traffy_public_bucket/attachment/2026-09/06230146d4cc7abcbe88a9c926d35850.jpeg
2026-VDLJRN,forward,2026-09-29 09:46,2026-09-30 14:28,100.67191,13.68184,ประเวศ,หนองบอน,ถนนน้ำท่วมขังระบายช้ามากอยากให้เข้ามาปรับปรุงถนน ความสูงระดับหัวเข่า น้ำท่วมมาแล้วน้อยกว่า 1 สัปดาห์,https://storage.googleapis.com/traffy_public_bucket/attachment/2026-09/75c8f1fc57ce1e3f1c8595c4346ed372.jpeg
2026-B39JGG,inprogress,2026-09-29 09:47,2026-09-29 10:31,100.64314,13.87977,บางเขน,ท่าแร้ง,น้ำท่วมขังบริเวณซอยรามอินทรา 55 ตรงหน้า Venice di Iris รถเล็กเดินทางลำบากรบกวนหาเครื่องสูบน้ำหรือมาเปิดฝาท่อให้น้ำระบาบ (ตรงอื่นน้ำลงหมดแล้ว) ความสูงระดับหน้าแข้ง น้ำท่วมมาแล้วน้อยกว่า 1 สัปดาห์,https://storage.googleapis.com/traffy_public_bucket/attachment/2026-09/6c74f47b6bd9423ba5055cc1632d0142.jpeg
2026-B39JGG,finish,2026-09-29 09:47,2026-10-09 18:41,100.64314,13.87977,บางเขน,ท่าแร้ง,น้ำท่วมขังบริเวณซอยรามอินทรา 55 ตรงหน้า Venice di Iris รถเล็กเดินทางลำบากรบกวนหาเครื่องสูบน้ำหรือมาเปิดฝาท่อให้น้ำระบาบ (ตรงอื่นน้ำลงหมดแล้ว) ความสูงระดับหน้าแข้ง น้ำท่วมมาแล้วน้อยกว่า 1 สัปดาห์,https://storage.googleapis.com/traffy_public_bucket/attachment/2026-09/6c74f47b6bd9423ba5055cc1632d0142.jpeg
2026-C8XYH7,inprogress,2026-09-29 09:47,2026-09-30 08:47,100.5776,13.91885,ดอนเมือง,ดอนเมือง,น้ำท่วมขังในซอยทางอากาศอุทิศ บนถนนแห้งแล้วจึงไม่มีหน่วยงานเข้ามาดู ตามซอย ความสูงระดับหน้าแข้ง น้ำท่วมมาแล้วน้อยกว่า 1 สัปดาห์,https://storage.googleapis.com/traffy_public_bucket/attachment/2026-09/9a8d100bc9c12536744558a4baadf946.jpeg
2026-CHWD4P,finish,2026-09-29 09:52,2026-10-02 12:57,100.67068,13.86888,บางเขน,ท่าแร้ง,ต้องการรถไปฟอกเลือดค่ะ เนื่องจากไม่ได้ฟอกเลือดมาหลายวันแล้ว #ผู้ป่วยฉุกเฉิน,https://storage.googleapis.com/traffy_public_bucket/attachment/2026-09/07ba062b2a24eafa64d04d68e5969243.jpeg
2026-J3AXBF,inprogress,2026-09-29 09:52,2026-09-29 09:56,100.69085,13.66986,ประเวศ,ดอกไม้,ทำให้มีน้ำท่วมไม่ระบาย ความสูงระดับหน้าแข้ง น้ำท่วมมาแล้วน้อยกว่า 1 สัปดาห์,https://storage.googleapis.com/traffy_public_bucket/attachment/2026-09/add369b45d766a0989c9430b8c52f660.jpeg
2026-J9P7AC,inprogress,2026-09-29 09:52,2026-09-29 10:13,100.84558,13.77485,หนองจอก,ลำต้อยติ่ง,แก้ไม่หาย ท่อน้ำไม่ระบาย ทั้งที่พึ่งเข้ามาทำให้ ซอยอื่นๆ น้ำแห้งหมด เหลือหน้าบ้านที่เดียว ทำให้ถนนและพื้นบ้านทรุมตัวลงเรื่อยจากน้ำขัง ต้องการแก้จากจุดที่ทำให้น้ำไม่ไหลไป เกิดจากสาเหตุใด ความสูงระดับข้อเท้า น้ำท่วมมาแล้วน้อยกว่า 1 สัปดาห์,https://storage.googleapis.com/traffy_public_bucket/attachment/2026-09/8516d025ba6eddeba477bb927e771703.jpeg
2026-RKAMY8,forward,2026-09-29 09:56,2026-09-29 13:25,100.64588,13.75414,บางกะปิ,หัวหมาก,ตอนนี้ผมอยู่ถนนศรีนครินทร์ระหว่างแยกลำสาลีถึงแยกพัฒนาการ น้ำท่วมมาวันนี้เป็นวันที่ 4 เข้าวันที่ 5 แล้วน้ำไม่ลดเลยทั้งๆที่แถวอื่นในกรุงเทพฯน้ำลดหมดแล้ว ผมเดือดร้อนมากและครอบครัวรวมทั้งชาวบ้านใกล้เคียงเนื่องจากทุกคนส่วนใหญ่ไม่มีอาหารการกินและไม่มีใครมาช่วยเ,https://storage.googleapis.com/traffy_public_bucket/attachment/2026-09/eced21e1686326c98a8a1b7be459a9da.jpeg
2026-Z9HEDC,inprogress,2026-09-29 09:57,2026-09-30 12:30,100.67264,13.73253,ประเวศ,ประเวศ,น้ำท่วมในบ้านและซอย สูงเท่าเอวมา 4 วันแล้ว ไม่ลดลงสักนิด ได้พยายาทช่วยตรงพัฒนาการ 65 บ้างมั้ยนะคะ หรือผันน้ำจากในเมืองมาลงอีก ทางนี้ก็เดือดร้อนมากนะคะ เดินทางไปไหนก็ไม่ได้ ออกไปข้างนอกก็ไม่ได้ ไม่มีใครมาดูสักคน อาหารในบ้านก็จะหมด แจ้งทุกวันบอกจะหาคนมาช่วย,https://storage.googleapis.com/traffy_public_bucket/attachment/2026-09/8ec2a155f702480f03488c66fd10d82f.jpeg
2026-ED28G2,finish,2026-09-29 09:58,2026-10-02 08:22,100.61658,13.70288,พระโขนง,บางจาก,น้ำท่วมบริเวณซอยพึ่งมี 19 สุขุมวิท 93 มาตั้งแต่วันศุกร์ รวมแล้วกว่า 5 วันแล้ว ความสูงระดับหัวเข่า 5 วัน,https://storage.googleapis.com/traffy_public_bucket/attachment/2026-09/3ca77468d56e3c06693be6a5ca7544f4.jpeg
2026-N6BX2M,inprogress,2026-09-29 09:58,2026-09-29 10:26,100.61547,13.86885,บางเขน,อนุสาวรีย์,ซอย รามอินทรา 13 แยก 6 น้ำยังท่วมขัง มา 4 วัน ปริมาณน้ำรอระบายยังลดลงน้อย ความสูงระดับข้อเท้า 4 วัน,https://storage.googleapis.com/traffy_public_bucket/attachment/2026-09/8642d483e08ea28bb62fa8e7da347db1.jpeg
2026-N6BX2M,finish,2026-09-29 09:58,2026-10-09 18:40,100.61547,13.86885,บางเขน,อนุสาวรีย์,ซอย รามอินทรา 13 แยก 6 น้ำยังท่วมขัง มา 4 วัน ปริมาณน้ำรอระบายยังลดลงน้อย ความสูงระดับข้อเท้า 4 วัน,https://storage.googleapis.com/traffy_public_bucket/attachment/2026-09/8642d483e08ea28bb62fa8e7da347db1.jpeg
2026-XPJNBR,start,2026-09-29 09:58,2026-09-29 09:58,100.76435,13.72022,ลาดกระบัง,ลาดกระบัง,น้ำท่วมขังในซอยยังคงสูง และน้ำเริ่มเหม็นเน่ามากค่ะ ฝนหยุดตกแล้ว แต่น้ำยังไม่ระบายออกเลย ไม่สามารถสัญจรได้ รวมถึง อยากให้ภาครัฐช่วยระบายน้ำออกค่ะ ความสูงระดับหัวเข่า น้ำท่วมมาแล้วน้อยกว่า 1 สัปดาห์,https://storage.googleapis.com/traffy_public_bucket/attachment/2026-09/d92364eb8a8b903273e974d7c517cd51.jpeg
2026-3CPD4K,inprogress,2026-09-29 10:02,2026-09-29 10:22,100.76438,13.80449,มีนบุรี,แสนแสบ,อนุ่ติดคลองบึงขวางน้ำจะลดเมื่อไร น้ำท่วมขังไม่ลงเลย รถเล็กออกไม่ได้ ความสูงระดับช่วงหน้าบ้านเท่าเข่า หน้าโครงการทางออกมากกว่า เขาไม่แนะนำให้รถเล็กออก ไปทำงานไม่ได้ น้ำท่วมมาแล้วเช้าเสารที่26/9,https://storage.googleapis.com/traffy_public_bucket/attachment/2026-09/b259ef9b1aa0a3fd21540a15a6fec6d0.jpeg
2026-JJBUGZ,forward,2026-09-29 10:02,2026-09-29 10:06,100.63568,13.9082,สายไหม,คลองถนน,เรื่อง: แจ้งปัญหาน้ำท่วมขังสูง น้ำเน่าเสีย และขอสนับสนุนเครื่องสูบน้ำเพื่อเร่งระบายน้ำออกจากพื้นที่โดยด่วน สถานที่เกิดเหตุ/พิกัด: ซอยพหลโยธิน 54/1 (ซอยวัดเกาะ) บริเวณหน้าหมู่บ้านเกาะแก้ว และพื้นที่ใกล้เคียง รายละเอียดปัญหา: สถานการณ์น้ำท่วมขังและน้ำเน่,https://storage.googleapis.com/traffy_public_bucket/attachment/2026-09/fc35165e269bfb845ba0391622834740.jpeg
2026-TK6ACZ,finish,2026-09-29 10:03,2026-10-03 12:05,100.58429,13.84404,จตุจักร,เสนานิคม,ณ เวลาที่ส่งข้อความซอยพหลโยธิน 44 แยก 10 น้ำลงช้ามากรถเล็กยังไม่สามารถสัญจรได้ ทั้งมีขยะและน้ำเน่า ความสูงระดับ50 ซม ครับ น้ำท่วมมาแล้ว4 วัน,https://storage.googleapis.com/traffy_public_bucket/attachment/2026-09/eb3186fdf030bf9dea4aa24bbfeff724.jpeg
2026-J3DR3U,start,2026-09-29 10:04,2026-09-29 10:04,100.718,13.7763,ลาดกระบัง,คลองสองต้นนุ่น,ในชอย 164 หมู่บ้านเพอเฟค น้ำท่วมขังตั้งแต่ ศุกร์ เสาร์ เป็นหมู่บ้านใหญ่มากค่ะ ข้างหน้าเขตสะพานสูง กินพื้นที่มาถึงด้านหลังเขตลาดกระบัง น้ำมีแต่เพิ่ม ไม่ลดเลยค่ะ เดือดร้อน รถเก๋งออกไปไหนไม่ได้ ท่วมเลยขอบล่างของรถขึ้นมา ตอนนี้น้ำเริ่มเน่าเสียแล้วค่ะ ช่วยจัดก,https://storage.googleapis.com/traffy_public_bucket/attachment/2026-09/8c5c6af6262bf8fbf45917bc75ef5f0d.jpeg
2026-2P7LXE,inprogress,2026-09-29 10:05,2026-09-29 12:39,100.69634,13.73938,สะพานสูง,สะพานสูง,หมู่บ้านนักกีฬาแหลมทอง เป็นส่วนหนึ่งของกทม.มั้ยคะ รบกวนเข้ามาช่วยดูแลชาวบ้านด้วยนะึะคะ ตามตรอกซอกซอย น้ำในบ้านเริ่มเน่า มีฟองแล้วค่ะ ท่วมมา 4 คืน 4 วันแล้ว น้ำลดไม่กี่เซ็น ช่วยระบายออกน้ำออกให้เร็วที่สุดได้มั้ยคะ หรือถ้าทำเต็มที่แล้ว ช่วยทำให้ชาวบ้านเห็นห,https://storage.googleapis.com/traffy_public_bucket/attachment/2026-09/505b799a919a8cd3a254af9ad404ac47.jpeg
2026-V67H9K,start,2026-09-29 10:05,2026-09-29 16:25,100.56581,13.86623,หลักสี่,ทุ่งสองห้อง,น้ำท่วมขัง ไม่สามารถระบายออกได้ ต้องการความช่วยเหลือเครื่องสูบน้ำ ความสูงระดับเอว น้ำท่วมมาแล้วน้อยกว่า 1 สัปดาห์,https://storage.googleapis.com/traffy_public_bucket/attachment/2026-09/e243664ce8df34d9bbd7c2fbd76a8fe3.jpeg
2026-V67H9K,finish,2026-09-29 10:05,2026-09-29 16:56,100.56581,13.86623,หลักสี่,ทุ่งสองห้อง,น้ำท่วมขัง ไม่สามารถระบายออกได้ ต้องการความช่วยเหลือเครื่องสูบน้ำ ความสูงระดับเอว น้ำท่วมมาแล้วน้อยกว่า 1 สัปดาห์,https://storage.googleapis.com/traffy_public_bucket/attachment/2026-09/e243664ce8df34d9bbd7c2fbd76a8fe3.jpeg
2026-H6FJA8,inprogress,2026-09-29 10:08,2026-09-29 10:12,100.81091,13.79386,หนองจอก,ลำผักชี,มบ.ฟลอร่าวิลล์ ถ.สุวินทวงศ์38 สาหัสมากคะ ขอให้ช่วยระบายน้ำเพื่อมีทางขับรถออกไปได้ก็พอค่ะ ตอนี้น้ำลึกมากรถเล็กออกไม่ได้เลย ด้านหลังมบ.ตรงทางวัดอู่ตะเภาน้ำลึกมาก ความสูงระดับเอวเลยคะ น้ำท่วมมาแล้ว3วันคะ,https://storage.googleapis.com/traffy_public_bucket/attachment/2026-09/4386ef67f73f7c684f80c73ea83e5495.jpeg
2026-NVAZCK,forward,2026-09-29 10:08,2026-09-29 10:10,100.63702,13.92947,สายไหม,สายไหม,น้ำตามซอยยังท่วมอยู่ น้ำแทบไม่ลดลงเลย อยากได้ทีมเข้ามาสูบน้ำออกไผบ้างค่ะ ความสูงระดับตอนนี้ประมาณ 10 ซม ค่ะ น้ำท่วมมาแล้วตั้งแต่วันศุกร์ค่ะ,https://storage.googleapis.com/traffy_public_bucket/attachment/2026-09/thumb_270d9ab437976edea96ffae1d8708bd0.jpg
2026-VJT63G,forward,2026-09-29 10:08,2026-10-05 16:48,100.71577,13.83535,คลองสามวา,บางชัน,น้ำท่วมขัง ข้าวของเสียหาย รถเสียหายจากน้ำท่วม ความสูงระดับครึ่งเอวคับ น้ำท่วมมาแล้ว3-4วัน,https://storage.googleapis.com/traffy_public_bucket/attachment/2026-09/5ff6989d118de28d87f3cb06b91d471c.jpeg
2026-WD8ZA3,inprogress,2026-09-29 10:08,2026-09-29 12:38,100.69422,13.77866,สะพานสูง,สะพานสูง,ตอนนี้น้ำลดลงแต่ออกบ้านไม่ได้ท่วมทั้งโครงการ ไม่มีหน่วยงานรัฐลงสนับสนุนแบบสัมมากรมี ทหารลงช่วย ความสูงระดับขอบประตูบ้สนเหนือถนน น้ำท่วมมาแล้วน้อยกว่า 1 สัปดาห์,https://storage.googleapis.com/traffy_public_bucket/attachment/2026-09/cbf4492144fb1e1f91bbf23dae37915e.jpeg
2026-76K4F3,inprogress,2026-09-29 10:09,2026-09-29 10:23,100.75293,13.81637,มีนบุรี,แสนแสบ,ถนนสุวินทวงศ์น้ำท่วม ปากทางคู้ขวา ถนนราษฏอุทิศ ความสูงระดับหัวเข่า น้ำท่วมมาแล้วน้อยกว่า 1 สัปดาห์,https://storage.googleapis.com/traffy_public_bucket/attachment/2026-09/08238af05d495560082a1e4e3122454a.jpeg
2026-XJ4Y6J,finish,2026-09-29 10:10,2026-09-29 15:12,100.71552,13.79481,มีนบุรี,มีนบุรี,น้ำท่วมขัง3วัน 2คืน ได้ทำการซื้อปั๊มมาสูบน้ำเอง DIY ที่กั้นน้ำเองแล้วค่ะ แต่ในพื้นบ้านน้ำยังคงดันพื้นขึ้นมาเรื่อยๆ วิดเป็นระยะๆ ส่วนกระสอบทรายถ้ามีก็จะขอไว้ค่ะ แต่ตอนนี้ อยากเทปูนยกพื้นบ้านมากๆ หวังว่า จะได้รับเงินเยียวยาค่าซ่อมแซมครั้งนี้มาช่วยนะคะ น้ำเ,https://storage.googleapis.com/traffy_public_bucket/attachment/2026-09/e70460125890d1d81f66ed31289147d6.jpeg
2026-2KNNEH,inprogress,2026-09-29 10:11,2026-09-29 10:45,100.68667,13.67209,ประเวศ,ดอกไม้,สำนักงานเขตประเวศ ไม่ดูแลจัดการสถานการณ์น้ำท่วมทึ่ชุมชนดอกไม้ ทุ่งเศรษฐี ราม 2 เลย น้ำท่วมสูงมาหลายวันเริ่มเน่าแล้ว สถานีสูบน้ำไม่มีการเปิดสูบน้ำออก ถนนหลักหน้าซอย ประมาณ 60-70 ซม ถนนในซอย 50-60 ซม ในตัวบ้านลึกมากเพราะตัวบ้านต่ำกว่าถนน หากเขตไม่เร่,https://storage.googleapis.com/traffy_public_bucket/attachment/2026-09/cc0a56efa44428b870b049db3f322762.jpeg
2026-FLYAMZ,inprogress,2026-09-29 10:11,2026-09-29 11:36,100.74115,13.80798,มีนบุรี,แสนแสบ,น้ำท่วมในหมู่บ้านปรีชาร่มเกล้า มา 4 วันแล้วค่ะ สูบน้ำเท่าไหร่ก็ไม่ออกแถมระดับนน้ำยังเพิ่มสูงขึ้นด้วยค่ะ เริ่มไหลดันย้อนกลับเข้าท่อน้ำทิ้งเข้าบ้านแล้วค่ะ ความสูงระดับหัวเข่า น้ำท่วมมาแล้วน้อยกว่า 1 สัปดาห์,https://storage.googleapis.com/traffy_public_bucket/attachment/2026-09/ff41f81e0cc4c8cdb8d620050f836235.jpeg
2026-NTZZVJ,finish,2026-09-29 10:12,2026-10-02 15:41,100.61849,13.69416,พระโขนง,บางจาก,น้ำท่วมเข้าบ้าน เครื่องใช้เสียหาย การทำความสะอาดหลังน้ำลด ร้องขอการเยียวยาช่วยเหลือ และภาวะขาดโอกาสไม่เป็นปกติสุขในการดำรงชีวิต ความสูงระดับหน้าแข้ง น้ำท่วมมาแล้วน้อยกว่า 1 สัปดาห์,https://storage.googleapis.com/traffy_public_bucket/attachment/2026-09/3c5de3d1b78ee4f64f8c2e1104c5f693.jpeg
2026-TEVRLG,start,2026-09-29 10:13,2026-09-29 10:13,100.75429,13.72264,ลาดกระบัง,ลาดกระบัง,ซอยลาดกระบัง7 น้ำยังไม่ลดเลยค่ะ รบกวนช่วยเร่งระบายน้ำออกให้ด้วยค่ะ ความสูงระดับหัวเข่า น้ำท่วมมาแล้วน้อยกว่า 1 สัปดาห์,https://storage.googleapis.com/traffy_public_bucket/attachment/2026-09/6136a4504f5ff5b295662ff2b5de3aad.jpeg
2026-283WN4,inprogress,2026-09-29 10:14,2026-09-29 12:36,100.67463,13.74878,สะพานสูง,สะพานสูง,ปัญหา: ภายในซอยดังกล่าว พบน้ำท่วมขัง ระดับน้ำสูงถึงเอว ขอให้หน่วยงานเร่งดำเนินการระบายน้ำออกโดยด่วน ถนน: กรุงเทพกรีฑา จุดสังเกต: ตรงข้ามโรงเรียนสุเหร่าวังใหญ่ บริเวณที่มีป้ายชื่อ คลองศาลเจ้า เขต: บางกะปิ #1555,https://storage.googleapis.com/traffy_public_bucket/attachment/2022-12/da2125e781282589d482070c3dba1726aa16a4a7.jpg
2026-MTUHBP,forward,2026-09-29 10:16,2026-09-29 10:18,100.63773,13.89718,สายไหม,คลองถนน,น้ำเส้นถนนวัชรพลและถนนเพิ่มสินไม่ลดเลยค่ะ ความสูงระดับหัวเข่า น้ำท่วมมาแล้วน้อยกว่า 1 สัปดาห์,https://storage.googleapis.com/traffy_public_bucket/attachment/2026-09/cacb0f3a3051a8bc58bf621dccd6822e.jpeg
2026-LT43GB,inprogress,2026-09-29 10:17,2026-09-29 10:44,100.6832,13.81656,คันนายาว,คันนายาว,น้ำท่วม ซ.สวนสยาม 2 (หมู่บ้านอมรพันธ์โครงการ2) ระดับประมาณหน้าแข้งค่ะ แต่หมู่บ้านนี้ไม่มีส่วนกลาง จึงยังไม่เห็นหน่วยงานเข้ามาดูค่ะ ความสูงระดับหน้าแข้ง น้ำท่วมมาแล้วน้อยกว่า 1 สัปดาห์,https://storage.googleapis.com/traffy_public_bucket/attachment/2026-09/7c63f4f64c2c4c629a607c0a245c1beb.jpeg
2026-T3W4HD,forward,2026-09-29 10:18,2026-09-29 10:42,100.65133,13.78933,บึงกุ่ม,คลองกุ่ม,ถนน นวมินทร์ ซอย 24-26 น้ำยังท่วม รถเล็กยังไม่สามารถออกไปได้ ความสูงระดับหน้าแข้ง น้ำท่วมมาแล้วท่วมมาตั้งแต่วันที่ 25 ค่ะ,https://storage.googleapis.com/traffy_public_bucket/attachment/2026-09/thumb_99359734e4784349f96e3f5d4256bb59.jpg
2026-ARRHZT,inprogress,2026-09-29 10:19,2026-09-29 13:33,100.87771,13.80687,หนองจอก,ลำต้อยติ่ง,น้ำท่วมบ้าน ซอยไปรษณีย์ แขวงลำต้อยติ่ง เขตหนองจอก ต้องการกระสอบทรายจำนวนมาก สำหรับผู้อยู่อาศัยในชุมชน #ขอกระสอบทราย/อื่นๆ,https://storage.googleapis.com/traffy_public_bucket/attachment/2026-09/a6edc9be228b9a9898bc41814639770e.jpeg
2026-UUTPPE,forward,2026-09-29 10:19,2026-09-29 10:22,100.77307,13.75321,ลาดกระบัง,ลำปลาทิว,น้ำท่วมถนนเจ้าคุณทหารสูงกว่า2วันที่แล้ว รถเล็กผ่านไม่ได้ น้ำเพิ่มขึ้นเรื่อยๆค่ะ รถเล็กผ่านไม่ได้ค่พ ตั้งแต่วันศุกร์ค่ะ,https://storage.googleapis.com/traffy_public_bucket/attachment/2026-09/b4e375c35148b6304c164581ee34938d.jpeg
2026-8447F4,inprogress,2026-09-29 10:20,2026-09-29 13:29,100.65256,13.75956,บางกะปิ,หัวหมาก,"17 หมู่บ้านสวนสน ซอย2 นํ้าท่วมเข้ามาในตัวบ้าน ขังอยู่4วันจนเริ่มเน่าแล้ว อยากให้ระบายนํ้าออกจากพื้นที่โดยด่วน ,และ ไฟฟ้าถูกตัด ไม่มีไฟ และห้องนํ้าใช้ไม่ได้ ลําบากมาก ความสูงระดับหัวเข่า น้ำท่วมมาแล้วน้อยกว่า 1 สัปดาห์",https://storage.googleapis.com/traffy_public_bucket/attachment/2026-09/5b8130f0cae744dbf656f401e25aa72c.jpeg
2026-8447F4,finish,2026-09-29 10:20,2026-10-06 13:16,100.65256,13.75956,บางกะปิ,หัวหมาก,"17 หมู่บ้านสวนสน ซอย2 นํ้าท่วมเข้ามาในตัวบ้าน ขังอยู่4วันจนเริ่มเน่าแล้ว อยากให้ระบายนํ้าออกจากพื้นที่โดยด่วน ,และ ไฟฟ้าถูกตัด ไม่มีไฟ และห้องนํ้าใช้ไม่ได้ ลําบากมาก ความสูงระดับหัวเข่า น้ำท่วมมาแล้วน้อยกว่า 1 สัปดาห์",https://storage.googleapis.com/traffy_public_bucket/attachment/2026-09/5b8130f0cae744dbf656f401e25aa72c.jpeg
2026-9JMK4Z,finish,2026-09-29 10:20,2026-09-29 13:46,100.7229,13.82399,มีนบุรี,มีนบุรี,น้ำท่วมข้งมาแล้ว5วันรถเล็กไม่สามารถสัญจรได้ ทำให้ออกไปทำงานไม่ได้และยังไม่มีหน่วยงานเข้ามาช่วยเหลือจึงขอรับเงินเยียวยาผู้ประสบอุทกภัย ความสูงระดับระดับหน้าแข้งถึงหัวเข่า น้ำท่วมมาแล้ว5วันครับ,https://storage.googleapis.com/traffy_public_bucket/attachment/2026-09/407324d4632b38793b286ae0e76f49af.jpeg
2026-GAFHRH,inprogress,2026-09-29 10:20,2026-09-29 13:07,100.6647,13.7548,บางกะปิ,หัวหมาก,กรุงเทพกรีฑาซอย7 ท่วมหนักมากค่ะ ยังไม่ลดเบยค่ะ50-80cm ใน ซอย 7 มีชุมชนคนอยู่เยอะมากค่ะหมู่บ้านก็เยอะด้วยออกกันไม่ได้น้ำเริ่มเน่าเหม็นแล้วขอความกรุณามาช่วยเอาน้ำออก ไปที ค่ะ ความสูงระดับเอว น้ำท่วมมาแล้วน้อยกว่า 1 สัปดาห์,https://storage.googleapis.com/traffy_public_bucket/attachment/2026-09/7fb49eae1a7d0e3a2aa797577e4e7054.jpeg
2026-GAFHRH,finish,2026-09-29 10:20,2026-10-06 07:58,100.6647,13.7548,บางกะปิ,หัวหมาก,กรุงเทพกรีฑาซอย7 ท่วมหนักมากค่ะ ยังไม่ลดเบยค่ะ50-80cm ใน ซอย 7 มีชุมชนคนอยู่เยอะมากค่ะหมู่บ้านก็เยอะด้วยออกกันไม่ได้น้ำเริ่มเน่าเหม็นแล้วขอความกรุณามาช่วยเอาน้ำออก ไปที ค่ะ ความสูงระดับเอว น้ำท่วมมาแล้วน้อยกว่า 1 สัปดาห์,https://storage.googleapis.com/traffy_public_bucket/attachment/2026-09/7fb49eae1a7d0e3a2aa797577e4e7054.jpeg
2026-A8G4F2,inprogress,2026-09-29 10:21,2026-09-29 10:25,100.69403,13.67074,ประเวศ,ดอกไม้,ซอยวัดทุ่งเศรษฐี แขวงดอกไม้ เขตประเวศ กทม 10540 น้ำท่วมมา 4 วันแล้วค่ะ ระดับตั้งแต่เข่าไปจนถึงเหนือเข่าขึ้นมาเลยค่ะ น้ำยังเท่าเดิมและไม่มีทีท่าว่าจะลดลงเลยทั้งทั้งที่ที่อื่นลดลงหมดแล้ว และ ไม่มีหน่วยงานใดเข้ามาดูแลเลยค่ะ เครื่องสูบน้ำตรงสะพานกลางซอยก็ไม,https://storage.googleapis.com/traffy_public_bucket/attachment/2026-09/9e59e08ebd9e380b9116d6a1f8725575.jpeg
2026-YD4JP3,inprogress,2026-09-29 10:26,2026-09-29 11:33,100.63627,13.77185,บางกะปิ,คลองจั่น,ปัญหา: ภายในโรงพยาบาลเวชธานี จุดพักพิงของญาติผู้ป่วย เนื่องจากเกิดเหตุอุทกภัย ปัจจุบันขาดแคลนอาหารและน้ำดื่ม จึงมีความประสงค์ขอรับความช่วยเหลือด้านอาหารและน้ำดื่ม สำหรับผู้พักอาศัย (คุณไพโรจน์) ซอย: ลาดพร้าว 111 ถนน: ลาดพร้าว จุดสังเกต: ผู้ร้องแจ้งว่าขอเป,https://storage.googleapis.com/traffy_public_bucket/attachment/2022-12/da2125e781282589d482070c3dba1726aa16a4a7.jpg
2026-C8PUY7,inprogress,2026-09-29 10:27,2026-09-29 13:33,100.80827,13.79608,หนองจอก,ลำผักชี,น้ำท่วมไม่ลดเลยในหมู่บ้านฟลอล่าวิลออกไปทำงานไม่ได้ทำไมผันน้ำมาแต่ฝั่งตะวันออกอีกฝั่งแห้งเลยแทนที่จะแชร์ๆกันท่วม ความสูงระดับหัวเข่า น้ำท่วมมาแล้วน้อยกว่า 1 สัปดาห์,https://storage.googleapis.com/traffy_public_bucket/attachment/2026-09/377257f788f86958e4805fe4e1f2d18f.jpeg
2026-C8PUY7,follow,2026-09-29 10:27,2026-10-07 21:53,100.80827,13.79608,หนองจอก,ลำผักชี,น้ำท่วมไม่ลดเลยในหมู่บ้านฟลอล่าวิลออกไปทำงานไม่ได้ทำไมผันน้ำมาแต่ฝั่งตะวันออกอีกฝั่งแห้งเลยแทนที่จะแชร์ๆกันท่วม ความสูงระดับหัวเข่า น้ำท่วมมาแล้วน้อยกว่า 1 สัปดาห์,https://storage.googleapis.com/traffy_public_bucket/attachment/2026-09/377257f788f86958e4805fe4e1f2d18f.jpeg
2026-D4T8FD,start,2026-09-29 10:27,2026-09-29 10:27,100.80264,13.74791,ลาดกระบัง,ทับยาว,สวัสดีค่ะ พื้นที่หมู่บ้านโกลเด้นเพลส ถนนฉลองกรุง 22 เขตลาดกระบัง มีน้ำท่วมขังระดับประมาณ 70-80 เซนติเมตรภายในหมู่บ้าน ทำให้ไม่สามารถสัญจรออกไปได้ค่ะ รบกวนขอความช่วยเหลือจากหน่วยงานที่เกี่ยวข้องค่ะ ความสูงระดับเลยเข่าประมาณ 10 เซนค่ะ น้ำท่วมมาแล้ว4-5 วันค่,https://storage.googleapis.com/traffy_public_bucket/attachment/2026-09/f12c23710d0265271ede46dba8ef6a47.jpeg
2026-LTKNH6,inprogress,2026-09-29 10:27,2026-09-29 19:04,100.67997,13.7306,ประเวศ,ประเวศ,หมู่บ้านเนอวานาคัฟเวอร์ ซอยอ่อนนุช 65 น้ำท่วมสูง ไม่สามารถขับรถออกจากหมู่บ้านได้ ตั้งแต่วันเสาร์ ที่ 26 ก.ย. 2569 น้ำท่วมสูงประมาณ 80 -90 ซม. รถไม่สามารถออกไปซื้ออาหาร/เครื่องดื่มได้ วันนี้เป็นวันที่ 4 ยังไม่มีหน่วยงานราชการหรือเอกชน เข้ามาดูแล ...ขอคว,https://storage.googleapis.com/traffy_public_bucket/attachment/2026-09/fed36218b99b1cab64f80aa71aee0b63.jpeg
2026-LTKNH6,finish,2026-09-29 10:27,2026-10-06 13:41,100.67997,13.7306,ประเวศ,ประเวศ,หมู่บ้านเนอวานาคัฟเวอร์ ซอยอ่อนนุช 65 น้ำท่วมสูง ไม่สามารถขับรถออกจากหมู่บ้านได้ ตั้งแต่วันเสาร์ ที่ 26 ก.ย. 2569 น้ำท่วมสูงประมาณ 80 -90 ซม. รถไม่สามารถออกไปซื้ออาหาร/เครื่องดื่มได้ วันนี้เป็นวันที่ 4 ยังไม่มีหน่วยงานราชการหรือเอกชน เข้ามาดูแล ...ขอคว,https://storage.googleapis.com/traffy_public_bucket/attachment/2026-09/fed36218b99b1cab64f80aa71aee0b63.jpeg
2026-MZYAZR,forward,2026-09-29 10:27,2026-09-29 21:41,100.65089,13.9039,สายไหม,สายไหม,น้ำท่วมถนนเพิ่มสิน ยังไม่ลดเลยครับ ความสูงระดับหน้าแข้ง น้ำท่วมมาแล้วน้อยกว่า 1 สัปดาห์,https://storage.googleapis.com/traffy_public_bucket/attachment/2026-09/c2d896eabb5550b7ada61875f4ea5f9c.jpeg
2026-ZKHK2N,inprogress,2026-09-29 10:27,2026-09-30 07:35,100.63433,13.85941,บางเขน,ท่าแร้ง,ปัญหา: ภายในซอยดังกล่าว พบกองบินตำรวจมีการสูบน้ำออกจากพื้นที่ตลอด 24 ชั่วโมง ในขณะที่คลองบริเวณด้านข้างกองบินตำรวจกำลังจะล้นตลิ่ง ทำให้ปริมาณน้ำไหลเข้ามาท่วมขังบ้านเรือนประชาชน สร้างความเดือดร้อนให้แก่ผู้พักอาศัยบริเวณดังกล่าวเป็นอย่างมาก จึงขอให้ดำเนินกา,https://storage.googleapis.com/traffy_public_bucket/attachment/2022-12/da2125e781282589d482070c3dba1726aa16a4a7.jpg
2026-ZKHK2N,finish,2026-09-29 10:27,2026-10-09 18:40,100.63433,13.85941,บางเขน,ท่าแร้ง,ปัญหา: ภายในซอยดังกล่าว พบกองบินตำรวจมีการสูบน้ำออกจากพื้นที่ตลอด 24 ชั่วโมง ในขณะที่คลองบริเวณด้านข้างกองบินตำรวจกำลังจะล้นตลิ่ง ทำให้ปริมาณน้ำไหลเข้ามาท่วมขังบ้านเรือนประชาชน สร้างความเดือดร้อนให้แก่ผู้พักอาศัยบริเวณดังกล่าวเป็นอย่างมาก จึงขอให้ดำเนินกา,https://storage.googleapis.com/traffy_public_bucket/attachment/2022-12/da2125e781282589d482070c3dba1726aa16a4a7.jpg
2026-P33DRV,forward,2026-09-29 10:30,2026-09-29 21:41,100.67185,13.89462,สายไหม,ออเงิน,ต้องการความช่วยเหลือยืมปั๊มพยานาค ที่หมู่บ้านชัยพฤกษ์ ซอยจตุโชติ10 คลองที่ผ่านหน้าหมู่บ้านมีผักตบขึ้นเต็ม น้ำไหลผ่านได้ไม่ดีนัก #ขอกระสอบทราย/อื่นๆ,https://storage.googleapis.com/traffy_public_bucket/attachment/2026-09/1dfb08feb8231f601d9294ea4ba685a8.jpeg
2026-HAC9AT,start,2026-09-29 10:32,2026-09-29 10:32,100.78646,13.75261,ลาดกระบัง,ลำปลาทิว,ปัญหา: ภายในซอยดังกล่าว หมู่บ้านเจ้าคุณ เนื่องจากเกิดเหตุอุทกภัย จึงมีความประสงค์ขอรับความช่วยเหลือด้านอาหารและน้ำดื่ม ซอย: ฉลองกรุง 19 ถนน: ฉลองกรุง เขต: ลาดกระบัง #1555,https://storage.googleapis.com/traffy_public_bucket/attachment/2022-12/da2125e781282589d482070c3dba1726aa16a4a7.jpg
2026-LEJ438,finish,2026-09-29 10:34,2026-09-30 08:51,100.62128,13.74216,สวนหลวง,สวนหลวง,ปัญหา: ภายในซอยดังกล่าว หมู่บ้านเสรี 9 ซอย 2 บริเวณบ้านเลขที่ 72 เนื่องจากเกิดเหตุอุทกภัย จึงมีความประสงค์ขอรับความช่วยเหลือด้านอาหารและน้ำดื่ม ซอย: พระราม 9 ที่ 41 ถนน: พระราม 9 เขต: สวนหลวง #1555,https://storage.googleapis.com/traffy_public_bucket/attachment/2022-12/da2125e781282589d482070c3dba1726aa16a4a7.jpg
2026-MM7MAJ,inprogress,2026-09-29 10:34,2026-09-29 15:51,100.61849,13.94536,ดอนเมือง,สนามบิน,บริเวณซอยวิภาวดีรังสิต 84 (หมู่บ้านพิพรพงษ์) มีน้ำท่วมขังส่งกลิ่นเหม็น และเพิ่มระดับสูงขึ้นอย่างต่อเนื่อง รบกวนหน่วยงานที่เกี่ยวข้องช่วยแก้ปัญหาด้วยครับ น้ำไม่มีท่าทีจะลดลงเลย ความสูงระดับหน้าแข้ง น้ำท่วมมาแล้วน้อยกว่า 1 สัปดาห์,https://storage.googleapis.com/traffy_public_bucket/attachment/2026-09/7712c7d46a71a3fc83659736fa2e1e68.jpeg
2026-PHPZNM,inprogress,2026-09-29 10:34,2026-09-29 13:28,100.6744,13.74921,บางกะปิ,หัวหมาก,ปัญหา: บริเวณมัสยิดนูรุ้ลอิสลาม(วังใหญ่) ติดกับ โรงเรียนนูสุเหร่าวังใหญ่ เนื่องจากเกิดอุทกภัย มีความประสงค์ขอรับการสนับสนุนเครื่องอุปโภคบริโภค(ข้าวกล่อง) และ ยาประเภทยาทาน้ำกัดเท้า จำนวนมาก ซอย: ศรีนครินทร์ - ร่มเกล้า 16 ถนน: ศรีนครินทร์ - ร่มเกล้า เขต: บ,https://storage.googleapis.com/traffy_public_bucket/attachment/2022-12/da2125e781282589d482070c3dba1726aa16a4a7.jpg
2026-3LXF9F,inprogress,2026-09-29 10:35,2026-09-29 14:06,100.66617,13.76371,บางกะปิ,หัวหมาก,ขอแจ้งน้ำท่วมขังซอยรามคำแหง 68 แขวงหัวหมาก เขตบางกะปิ ขังต่อเนื่องเป็นวันที่ 4 น้ำหน้าบ้านลึกประมาณ 30 ซม. และน้ำในซอยหลักทำให้รถเล็กออกถนนรามคำแหงไม่ได้ ขอให้ฝ่ายโยธาตรวจทางระบายน้ำและส่งเจ้าหน้าที่หรือเครื่องสูบน้ำเข้าช่วยโดยด่วน หน้าบ้าน 30 ซม. 4 วัน,https://storage.googleapis.com/traffy_public_bucket/attachment/2026-09/be0505611efffa2741ee4596bce3efe8.jpeg
2026-3LXF9F,finish,2026-09-29 10:35,2026-10-06 07:54,100.66617,13.76371,บางกะปิ,หัวหมาก,ขอแจ้งน้ำท่วมขังซอยรามคำแหง 68 แขวงหัวหมาก เขตบางกะปิ ขังต่อเนื่องเป็นวันที่ 4 น้ำหน้าบ้านลึกประมาณ 30 ซม. และน้ำในซอยหลักทำให้รถเล็กออกถนนรามคำแหงไม่ได้ ขอให้ฝ่ายโยธาตรวจทางระบายน้ำและส่งเจ้าหน้าที่หรือเครื่องสูบน้ำเข้าช่วยโดยด่วน หน้าบ้าน 30 ซม. 4 วัน,https://storage.googleapis.com/traffy_public_bucket/attachment/2026-09/be0505611efffa2741ee4596bce3efe8.jpeg
2026-6L99XY,inprogress,2026-09-29 10:36,2026-09-29 15:52,100.61862,13.9457,ดอนเมือง,สนามบิน,บริเวณซอยวิภาวดีรังสิต 84 (หมู่บ้านพิพรพงษ์) มีน้ำท่วมขังส่งกลิ่นเหม็น และเพิ่มระดับสูงขึ้นอย่างต่อเนื่อง รบกวนหน่วยงานที่เกี่ยวข้องช่วยแก้ปัญหาด้วยครับ ความสูงระดับหัวเข่า น้ำท่วมมาแล้วน้อยกว่า 1 สัปดาห์,https://storage.googleapis.com/traffy_public_bucket/attachment/2026-09/6339b73d8b4d15d7f2f2c2002701718f.jpeg
2026-WDG9F4,finish,2026-09-29 10:36,2026-10-02 09:49,100.63779,13.76642,บางกะปิ,คลองจั่น,น้ำท่วมขังเข้าบ้านสูงมาก ไม่ลดลง ต้องการขอกระสอบทราย เพราะหาซื้อไม่ได้ มาสูบน้พออกจากบ้าน เพราะเข้าห้องน้ำไม่ได้ ความสูงระดับตอนนี้50เซนต์ น้ำท่วมมาแล้วตั้งแต่25/9/69,https://storage.googleapis.com/traffy_public_bucket/attachment/2026-09/d63e66379d0ef959fa2cfbb74f815012.jpeg
2026-E2XJ3T,inprogress,2026-09-29 10:37,2026-09-29 13:32,100.81012,13.80299,หนองจอก,ลำผักชี,ช่วยทางหมู่บ้าน ในการระดมสูบน้ำ ออก เพราะเดินทางออกจากบ้าน ไม่ได้ มีบ้าน อยู่ 500 หลังคาเรือน ครับ เดือดร้อนหนักมาก น้ำไม่มีทีท่าจะลดลง ความสูงระดับเลยหัวเข่า ครับ น้ำท่วมมาแล้ว3 วัน แล้วครัย,https://storage.googleapis.com/traffy_public_bucket/attachment/2026-09/8dd0dc537e585ae4dbf0ba886ac12a5d.jpeg
2026-GFBFCV,inprogress,2026-09-29 10:38,2026-09-29 13:32,100.87008,13.8573,หนองจอก,หนองจอก,น้ำบริเวณนอกบ้านท่วมถึงประมาณเข่า ภายในบริเวณบ้านน้ำขังถึงตาตุ่ม ห้องน้ำไม่สามารถใช้การได้ น้ำมีสีดำและมีกลิ่นเหม็นไม่สามารถระบายออกได้เลย เนื่องจากพื้นที่รอบบ้านต่ำกว่าบ้านหลังอื่นๆ ความสูงระดับหน้าบ้านถึงประมาณเกือบเข่า ในบ้านเลยตาตุ่มขึ้นมาค่ะ น้ำท่วมม,https://storage.googleapis.com/traffy_public_bucket/attachment/2026-09/9aa73c4db9d53c1be1854ba6a3218dc6.jpeg
2026-BFC3CF,forward,2026-09-29 10:40,2026-09-29 12:33,100.64818,13.73446,สวนหลวง,สวนหลวง,แนะนำการผันน้ำ แถบสวนหลวง ประเวศ ตรงวัดกระทุ่มเสือปลามีประตูระบายน้ำอยู่ ซึ่งมีกันน้ำจากด้านนอกเข้ากทม. ที่จริงโซนนี้ควรดันออกไปที่สถานีสูบน้ำตรงคลองพระองค์เจ้าไชยานุชิต (เคยปั่นจักรยาน) และดันไปทางคลองที่ขนานกับสนามบินเพื่อลงคลองสำโรงและลงคลองส่งน้ำสุวร,https://storage.googleapis.com/traffy_public_bucket/attachment/2026-09/2a4e03d3a04268c020908cc714729485.jpeg
2026-N9H4M4,inprogress,2026-09-29 10:41,2026-09-29 11:05,100.6905,13.70014,ประเวศ,ดอกไม้,หมู่บ้านนันทวัน สวนหลวง ร.9 ซอยเฉลิมพระเกียรติ 62 น้ำยังไม่ลด เดือดร้อนมาก ลูกออกไปโรงเรียนไม่ได้ ออกไปทำงานไม่ได่ เพราะน่ำยังสูงเกืน 50 ซม รถเล็กไม่สามารถวิ่งได้ เกิน 50 ซม ค่ั ตั้งแต่ 26 ค่ะ,https://storage.googleapis.com/traffy_public_bucket/attachment/2026-09/af6ca7c25508879f603dc07a8e7cc170.jpeg
2026-TLXUX8,finish,2026-09-29 10:41,2026-10-05 14:43,100.62838,13.7527,บางกะปิ,หัวหมาก,รามคำแหงซอย 24 แยก34 ซอยติดมหาลัยเอแบค หัวหมาก ตอนนี้มีน้ำท่วมขัง หลายวันแล้ว น้ำยังไม่ลดเลย ความสูงระดับหัวเข่า ประมาณ3-4วันแล้ว,https://storage.googleapis.com/traffy_public_bucket/attachment/2026-09/f9a6a6d873d5cab21af248e4988fa014.jpeg
2026-YEN6U2,inprogress,2026-09-29 10:42,2026-09-29 17:00,100.66855,13.79941,บึงกุ่ม,คลองกุ่ม,ขอความช่วยเหลือค่ะ 1.เรือสำหรับช่วยคนในหมู่บ้านแจกข้าวแจกน้ำหลายลำค่ะ เพราะซอยน่อยเยอะ 2.ต้องการเรือผลักดันน้ำ หรือ เรือผันน้ำลงคลองแสนแสบค่ะ ถ้ามีใครพอจะช่วยได้รบกวนด้วยนะคะ สถานการณ์น้ำ : หมู่บ้านน้ำท่วมสูงในระดับที่ต้องใช้เรือ หรือรถ 6 ล้อ (น้ำบริเว,https://storage.googleapis.com/traffy_public_bucket/attachment/2026-09/e922af5a26f60c6cad11e43042198a21.jpeg
2026-6TWNRN,inprogress,2026-09-29 10:43,2026-09-29 12:41,100.63228,13.86654,บางเขน,ท่าแร้ง,รามอินทรา บางเขน ระดับน้ำไม่ลดเลย น้ำเริ่มเน่าแล้วครับ รบกวนช่วยจัดการด้วยครับ ถึงเข่า 4 วันแล้ววครับ,https://storage.googleapis.com/traffy_public_bucket/attachment/2026-09/c880f4786c71e3c93cf1d521f7401ddc.jpeg
2026-6TWNRN,finish,2026-09-29 10:43,2026-10-09 18:40,100.63228,13.86654,บางเขน,ท่าแร้ง,รามอินทรา บางเขน ระดับน้ำไม่ลดเลย น้ำเริ่มเน่าแล้วครับ รบกวนช่วยจัดการด้วยครับ ถึงเข่า 4 วันแล้ววครับ,https://storage.googleapis.com/traffy_public_bucket/attachment/2026-09/c880f4786c71e3c93cf1d521f7401ddc.jpeg
2026-HHZXP8,finish,2026-09-29 10:45,2026-09-29 17:24,100.69364,13.72822,ประเวศ,ประเวศ,หมู่บ้านในซอยเฉลิมพระเกียรติ ร.9 87 น้ำท่วมขังมา 4-5 วันแล้วน้ำไม่ลดเลย ไม่มีหน่วยงานเข้ามาดูแล ช่วยจัดการให้ด้วยค่ะ ความสูงระดับหัวเข่า น้ำท่วมมาแล้วน้อยกว่า 1 สัปดาห์,https://storage.googleapis.com/traffy_public_bucket/attachment/2026-09/1d2a4a7670820f813ce43a86d6fd0f3d.jpeg
2026-LVNZ7X,inprogress,2026-09-29 10:45,2026-09-29 13:45,100.64933,13.71536,สวนหลวง,สวนหลวง,ขอที่ดูดน้ำหน่อยค่ะ น้ำท่วมซอย อ่อนนุช 51 ตอนนี้น้ำท่วมขังและส่งกลิ่นเหม็น ความสูงระดับหน้าแข้ง 4 วันแล้วค่ะ,https://storage.googleapis.com/traffy_public_bucket/attachment/2026-09/88d756d938074c47f2abace45b734f3d.jpeg
2026-8JVFZ4,inprogress,2026-09-29 10:46,2026-09-29 11:10,100.68881,13.67044,ประเวศ,ดอกไม้,น้ำท่วมขังสูงในตอนนี้ และสูงต่อเนื่องเข้ามาเป็นวันที่ 4 แล้ว ทั้งที่บริเวณใกล้เคียงระดับน้ำลดลงหมดแล้ว แต่ในพื้นที่ดังกล่าวน้ำยังคงไม่ระบายออก โดยพบว่ามีการก่อสร้างกำแพงคันคลองบริเวณด้านหลัง ม.ราม 2 ซึ่งอาจจะเป็นสาเหตุให้น้ำไม่สามารถระบายออกได้ ขอให้เร่งต,https://storage.googleapis.com/traffy_public_bucket/attachment/2026-09/ebf999503045f733b0a0a965f465abfc.jpeg
2026-XJHC9A,inprogress,2026-09-29 10:47,2026-09-29 13:31,100.80123,13.80057,หนองจอก,ลำผักชี,หมู่บ้านฟลอร่าวิลล์ สุวินทวงศ์38 เขตหนองจอก ระดับน้ำสูง เริ่มส่งกลิ่น คนในหมู่บ้านเดินทางไม่ได้ ไม่ได้รับความช่วยเหลือด้านของกิน ความสูงระดับสูงกว่าเข่า ประมาณ 50-80 ซม. น้ำท่วมมาแล้ว5วัน,https://storage.googleapis.com/traffy_public_bucket/attachment/2026-09/9f262eb0a2892379b82e509983d24dfd.jpeg
2026-CVE788,irrelevant,2026-09-29 10:48,2026-09-29 14:03,100.64928,13.71553,สวนหลวง,สวนหลวง,ไม่แสดงรายละเอียด,https://storage.googleapis.com/traffy_public_bucket/TeamChadChart/fondue_photo.png
2026-MRJAR6,inprogress,2026-09-29 10:48,2026-09-29 13:31,100.80801,13.8281,หนองจอก,โคกแฝด,ขณะน้ำเริ่มมีกลิ่น และยุงเริ่มมีมากแล้วค่ะ ต้องการอาหาร และยากันยุงค่ะ และอยากให้น้ำลดลงไว ๆ เนื่องด้วยมันท่วมขัง และเข้าออกไม่ได้ และยังมีปลิงเยอะมากค่ะ ความสูงระดับมันแล้วแต่พื้นที่ค่ะ สูง ต่ำ ต่างระดับกันไปค่ะ ส่วนมากประมาณ หัวเขาค่ะ น้ำท่วมมาแล้วประมา,https://storage.googleapis.com/traffy_public_bucket/attachment/2026-09/37045f0baab2f7391189ebf6a722c577.jpeg
2026-HWYBPA,inprogress,2026-09-29 10:49,2026-09-29 12:36,100.69108,13.74026,สะพานสูง,สะพานสูง,ขอแจ้งปัญหาน้ำท่วมขังบริเวณหมู่บ้านภัทรา ถนนกรุงเทพกรีฑา เขตสะพานสูง ซึ่งมีน้ำท่วมขังต่อเนื่องมาตั้งแต่วันศุกร์จนถึงปัจจุบัน แม้ฝนหยุดแล้วแต่ระดับน้ำยังไม่ลดลงอย่างชัดเจน ทำให้รถทั่วไป รถรับส่ง รวมถึงบริการ Grab/Delivery ไม่สามารถเข้า-ออกพื้นที่ได้ ประชาช,https://storage.googleapis.com/traffy_public_bucket/attachment/2026-09/250dfd4b5d15516f4274c8e3ba460146.jpeg
2026-ZTGVH9,forward,2026-09-29 10:49,2026-09-29 21:41,100.62539,13.90532,สายไหม,คลองถนน,เพิ่มสิน 11 แยก 7 บ้านที่สร้างมาก่อนมีถนน บ้านต่ำกว่าถนน น้ำท่วมมา 5 วันแล้ว ถนนน้ำท่วมประมาณข้อเท้า ในตัวบ้านน้ำท่วมเท่าเข่า ตอนนี้น้ำเริ่มมีกลิ่น มีปลิงควาย อยากให้ช่วยคิดหาวิธีช่วยประชาชนให้เร็วกว่านี้ค่ะ ความสูงระดับหัวเข่า น้ำท่วมมาแล้วน้อยกว่า 1 สัป,https://storage.googleapis.com/traffy_public_bucket/attachment/2026-09/7127f9f43d9ec7f90af938c98becb747.jpg
2026-MRV4BX,inprogress,2026-09-29 10:51,2026-09-29 10:59,100.68838,13.80836,คันนายาว,คันนายาว,ขอความช่วยเหลือ เรื่อง ระดับน้ำท่วมซอยสวนสยามครับ ความสูงระดับหน้าบ้าน 30ซม น้ำท่วมมาแล้วในบ้าน10ซม,https://storage.googleapis.com/traffy_public_bucket/attachment/2026-09/007c87315f7381b80e218568dc006c03.jpeg
2026-U7CNP3,inprogress,2026-09-29 10:51,2026-09-29 13:31,100.80605,13.82817,หนองจอก,โคกแฝด,น้ำท่วมในซอยเลียบวารี 79 และซอยย่อยมาประมาณ 4 วันแล้ว น้ำเริ่มส่งกลิ่นเหม็นยังต้องการความช่วยเหลือ มายังคนในซอยรวารี 79 ความสูงระดับหน้าแข้ง น้ำท่วมมาแล้วน้อยกว่า 1 สัปดาห์,https://storage.googleapis.com/traffy_public_bucket/attachment/2026-09/4d7b2c5ff49fabbe9f7850d26fd25c48.jpeg
2026-D4XAPD,forward,2026-09-29 10:52,2026-09-29 21:40,100.67228,13.89474,สายไหม,ออเงิน,ทางเข้าหมู่บ้านชัยพฤกษ์(จตุโชติ-วัชรพล) ซอยจตุโชติ10 มีน้ำท่วงขังสูงประมาณ 50 ซม. รถเล็กไม่สามารถเข้า-ออกได้ เป็นมาตั้งแต่คืนวันศุกร์25กันยายนแล้ว ทางเข้าติดคลองทำให้ไม่สามารถระบายน้ำลงคลองได้เต็มที่เพราะน้ำอาจล้นเจ้าหมู่บ้านได้ ไม่สามารถเข้า-ออกจากหมู่บ้,https://storage.googleapis.com/traffy_public_bucket/attachment/2026-09/d6ccba220bface346af355ff487e036b.jpeg
2026-BUCPXN,inprogress,2026-09-29 10:53,2026-09-29 10:55,100.67484,13.72471,ประเวศ,ประเวศ,ในซอยพัฒนาการ69 น้ำยังท่วมขังระดับเอว ไม่สามารถระบายได้ คนที่อยู่ภายในซอยไม่สามารถเข้าออกและใช้ชีวิตได้อย่างปกติ การออกไปทำงานไม้ได้ รบกวนหน่วยงานช่วยเข้ามาด้วยค่ะ ความสูงระดับเอว น้ำท่วมมาแล้วน้อยกว่า 1 สัปดาห์,https://storage.googleapis.com/traffy_public_bucket/attachment/2026-09/bbcb26566922dbaf74468b87a2fd03cd.jpeg
2026-YMFWE8,finish,2026-09-29 10:53,2026-10-03 11:54,100.58474,13.84521,จตุจักร,เสนานิคม,น้ำท่วมขังเริ่มมีสีคล้ำ อยากให้ช่วยเร่งระบายน้ำ สูบน้ำออกจากซอยเพื่อจะได้ไปซื้ออาหารมาทานครับ ความสูงระดับหัวเข่าครับ น้ำท่วมมาแล้วตั้งแต่วันที่26กย.,https://storage.googleapis.com/traffy_public_bucket/attachment/2026-09/a096ca10a1b8ac2e817d35481c0494b9.jpeg
2026-YU63V4,inprogress,2026-09-29 10:57,2026-09-29 11:23,100.66216,13.83794,คันนายาว,รามอินทรา,น้ำท่วมขังแยก กิโล8รามอินทรา ความสูงระดับเต็มฟุตบาทช่องทางซ้ายสุด น้ำท่วมมาแล้วน้อยกว่า 1 สัปดาห์,https://storage.googleapis.com/traffy_public_bucket/attachment/2026-09/26777a5b997ac5a93819c4b46f30c0ad.jpeg
2026-FUEEG7,finish,2026-09-29 10:58,2026-10-02 09:53,100.62771,13.88691,สายไหม,คลองถนน,น้ำท่วมไม่มีเจ้าหน้าที่เขตสักคนเข้ามาดูเลย พหลโยธิน 52 ความสูงระดับเอว น้ำท่วมมาแล้วน้อยกว่า 1 สัปดาห์,https://storage.googleapis.com/traffy_public_bucket/attachment/2026-09/ea32d4beffe4694e6e72f4497f073a27.jpeg
2026-JK4VBG,inprogress,2026-09-29 10:58,2026-09-29 13:28,100.80959,13.87712,หนองจอก,คู้ฝั่งเหนือ,น้ำคลองล้นเข้ามาในหมู่บ้านRd natural park ท่วมถึงหน้าแข้ง น้ำขังมาประมาณ1สัปดาห์แล้วครับ เริ่มส่งกลิ่นเหม็นแล้วครับ ความสูงระดับหน้าแข้ง น้ำท่วมมาแล้ว1สัปดาห์แล้วครับ,https://storage.googleapis.com/traffy_public_bucket/attachment/2026-09/54962c4d56bcbf06afc0230119eaf7af.jpeg
2026-RHRHAU,forward,2026-09-29 10:58,2026-09-29 21:41,100.58231,13.84107,จตุจักร,เสนานิคม,น้ำท่วมขังไม่ลดลงเลย ความสูงระดับหน้าแข้ง น้ำท่วมมาแล้วมากกว่า 1 สัปดาห์,https://storage.googleapis.com/traffy_public_bucket/attachment/2026-09/2baa137170bfa16fd6505ff778a02478.jpeg
2026-YD63W7,start,2026-09-29 10:58,2026-09-29 10:58,100.73152,13.76739,ลาดกระบัง,คลองสองต้นนุ่น,ปัญหา: ภายในโครงการบ้านเอื้ออาทรเคหะร่มเกล้า อาคารที่ 51 พบน้ำท่วมขัง ทำให้ประชาชนจำนวนมากติดอยู่ภายในอาคาร และยังไม่มีหน่วยงานใดเข้าไปให้การช่วยเหลือ จึงขอรับความช่วยเหลือด้านอาหารและน้ำดื่ม ถนน: เคหะร่มเกล้า เขต: ลาดกระบัง #1555,https://storage.googleapis.com/traffy_public_bucket/attachment/2022-12/da2125e781282589d482070c3dba1726aa16a4a7.jpg
2026-G8PNBJ,inprogress,2026-09-29 10:59,2026-09-29 12:49,100.6961,13.78975,สะพานสูง,สะพานสูง,น้ำท่วมขังภายในซอยรามคำแหง 157/2 มาแล้ว 5 วัน ตอนนี้เริ่มส่งกลิ่นแล้ว มีระดับน้ำที่ลดลงเล็กน้อย ระดับสูงเท่าหัวเข่า ความสูงระดับหัวเข่า น้ำท่วมมาแล้ว5วัน,https://storage.googleapis.com/traffy_public_bucket/attachment/2026-09/d5f04f82623681671d3108a7ff3c9174.jpeg
2026-G8PNBJ,follow,2026-09-29 10:59,2026-09-29 12:49,100.6961,13.78975,สะพานสูง,สะพานสูง,น้ำท่วมขังภายในซอยรามคำแหง 157/2 มาแล้ว 5 วัน ตอนนี้เริ่มส่งกลิ่นแล้ว มีระดับน้ำที่ลดลงเล็กน้อย ระดับสูงเท่าหัวเข่า ความสูงระดับหัวเข่า น้ำท่วมมาแล้ว5วัน,https://storage.googleapis.com/traffy_public_bucket/attachment/2026-09/d5f04f82623681671d3108a7ff3c9174.jpeg
2026-3JU38Y,start,2026-09-29 11:00,2026-09-29 11:00,100.72644,13.73483,ลาดกระบัง,คลองสองต้นนุ่น,น้ำเน่าท่วมขังไม่ระบายออก ตลอดทั้งซอยพัฒนาชนบท2 รวมถึงซอยย่อยๆด้วย ความสูงระดับซอย พัฒนาชนบท2 ท่วมเท่าเอวค่ะ น้ำท่วมมาแล้วกระบะสูงอาจเข้าได้,https://storage.googleapis.com/traffy_public_bucket/attachment/2026-09/56a931c53064578dd50b75e66939ec8a.jpeg
2026-9W9JJ8,inprogress,2026-09-29 11:00,2026-09-29 11:04,100.69584,13.72981,ประเวศ,ประเวศ,สวัสดีครับ ขอแจ้งเรื่องน้ำท่วมขังบริเวณ ซอยเฉลิมพระเกียรติ 87 ค่อนข้างเยอะ เลยจะฝากเจ้าหน้าที่ช่วยติดตามเรื่องหน่อยครับว่ามีวิธีการแก้ปัญหาอย่างไร และตอนนี้กำลังทำอะไรอยู่ ผมจะช่วยอัปเดตสื่อสารให้กับกรุ๊ปหมู่บ้านที่อยู่บริเวณนี้ทั้งหมดครับ ความสูงระดับตอน,https://storage.googleapis.com/traffy_public_bucket/attachment/2026-09/thumb_a4a238133ac87b93d06b36f7b98d8377.jpg
2026-3WCNXE,inprogress,2026-09-29 11:02,2026-09-29 12:02,100.66229,13.76736,บางกะปิ,หัวหมาก,รามคำแหง 76 ซอย 10 แยก 2 สุดซอย น้ำท่วมสูง ขังอยู่ในบ้าน 4 วัน 4 คืนแล้ว รบกวนส่งเครื่องสูบน้ำช่วยเหลือพวกเราได้มั้ยคะ ความสูงระดับหัวเข่าค่ะ น้ำท่วมมาแล้ว5 วันค่ะ 24-29 กย. ค่ะ,https://storage.googleapis.com/traffy_public_bucket/attachment/2026-09/3f6e19e0f4258f2aaef3e0be66fad9e2.jpeg
2026-3WCNXE,finish,2026-09-29 11:02,2026-10-09 15:32,100.66229,13.76736,บางกะปิ,หัวหมาก,รามคำแหง 76 ซอย 10 แยก 2 สุดซอย น้ำท่วมสูง ขังอยู่ในบ้าน 4 วัน 4 คืนแล้ว รบกวนส่งเครื่องสูบน้ำช่วยเหลือพวกเราได้มั้ยคะ ความสูงระดับหัวเข่าค่ะ น้ำท่วมมาแล้ว5 วันค่ะ 24-29 กย. ค่ะ,https://storage.googleapis.com/traffy_public_bucket/attachment/2026-09/3f6e19e0f4258f2aaef3e0be66fad9e2.jpeg
2026-GVHNEC,inprogress,2026-09-29 11:02,2026-09-29 15:52,100.61774,13.94562,ดอนเมือง,สนามบิน,"สวัสดีค่าแจ้งเรื่องปัญหาน้ำท่วมค่ะ ที่หมู่บ้านพิพรพงษ์2,3,4 น้ำท่วมมา5วันแล้วค่ะ คนในหมู่บ้านออกไปไหนไม่ได้เลย อยากรบกวนช่วยสูบน้ำออกบ้างค่ะ เพราะน้ำในหมู่บ้านไม่ลดลงเลยแม้ฝนจะไม่ตกกลับขึ้นอีกทุกวัน แล้วยังต้องเฝ้าระวังน้ำเหนืออีกเกรงว่าของในบ้านจะเสียหาย",https://storage.googleapis.com/traffy_public_bucket/attachment/2026-09/c404bca0a768cc77a393a84bf4e6b74f.jpeg
2026-H2UW23,forward,2026-09-29 11:03,2026-09-29 21:39,100.63005,13.90452,สายไหม,คลองถนน,น้ำท่วมที่วัดเกาะ บ้านเลขที่170/47 ซอยพหลโยธิน54/1แยก4-10(ธารา) แขวงคลองถนน เขตสายไหม กทม.ตั้งแต่วันที่25/09/26 เป็นต้นมาน้ำที่ท่วมลดระดับน้อยมาน้ำขังมีกลิ่นในบ้านน้ำยังขังอยู่ ลดน้อยมากเกิดความเสียหายจากน้ำขังในบ้าน จึงอยากให้ช่วยเร่งระบายน้ำให้ด้วยค่ะ ค,https://storage.googleapis.com/traffy_public_bucket/attachment/2026-09/f9237b4e0433abe567445bd435644245.jpeg
2026-2DG9L3,forward,2026-09-29 11:04,2026-09-29 21:38,100.63536,13.92768,สายไหม,สายไหม,น้ำท่วมขังหลายวันยังไม่มีหน่วยไหนเข้ามา หัวเข่า มีประมาณ350 ครัวเรือน รอบด้านแห้งเกือบหมดแล้ว,https://storage.googleapis.com/traffy_public_bucket/attachment/2026-09/6db1f9d65e4bbe52892f607e008b407d.jpeg
2026-HBWTFW,inprogress,2026-09-29 11:04,2026-09-29 13:28,100.89464,13.84882,หนองจอก,กระทุ่มราย,แจ้งน้ำท่วม ความสูงระดับข้างนอกบ้าน ประมาณหัวเข่าค่ะ น้ำท่วมมาแล้ว4วันแล้วค่ะ,https://storage.googleapis.com/traffy_public_bucket/attachment/2026-09/a05f25fe357ddc5de491cdfb959b84b0.jpeg
2026-NVY7NP,inprogress,2026-09-29 11:04,2026-09-29 12:35,100.70109,13.76851,สะพานสูง,สะพานสูง,ถนนราษฎร์พัฒนาน้_เท่าเดิมไม่มีเขคมาตัดกานดูดน้ำ ไม่มีสูบน้ำออกรถเล็กใช้ทางลำบาก ท่วมมา4วันไม่มีใครมาจัดการ,https://storage.googleapis.com/traffy_public_bucket/attachment/2026-09/43983c842263fa47e0d6213cf76389ca.jpeg
2026-JZPLRV,finish,2026-09-29 11:05,2026-10-03 11:51,100.58309,13.84833,จตุจักร,เสนานิคม,น้ำท่วมขังบริเวณ พหลโยธินซอย 44 แยก 1-1 ภาพปัจจุบัน น้ำยังลดหมดหมด จากวันที่ 26 หลังจากฝนตกหนัก ทำให้บ้านโดยรอบที่ต่ำกว่าถนนที่ได้รับความเสียหาย ยังไม่สามารถดูดน้ำออกได้ ความสูงระดับข้อเท้าค่ะ 10-15 ซม จากระดับถนนในซอยค่ะ แต่ในบ้าน ประมาณ 20ซม ค่ะ น้ำท่วม,https://storage.googleapis.com/traffy_public_bucket/attachment/2026-09/b67db20d3f688034d02c166709753a5a.jpeg
2026-RLPEHW,inprogress,2026-09-29 11:05,2026-09-29 16:51,100.67058,13.79034,บึงกุ่ม,คลองกุ่ม,อยู่เสรีไทย 57 ค่ะ ระดับน้ำลดน้อยมาก พื้นที่ชุมชนต่ำกว่าถนน น้ำเริ่มเน่าเข้ามาในพื้นที่ชั้น1 แทบจะทุกครัวเรือน อยากขอทีมงานกทมเข้าช่วยเหลือ ขอเครื่องสูบน้ำและคันกั้นน้ำ เพื่อลดระดับน้ำในหมู่บ้านด้วยค่ะ #ขอกระสอบทราย/อื่นๆ,https://storage.googleapis.com/traffy_public_bucket/attachment/2026-09/60937146415e76dd24dbb0571fb7bb9a.jpeg
2026-6VMAPX,inprogress,2026-09-29 11:08,2026-09-29 12:02,100.66406,13.76217,บางกะปิ,หัวหมาก,น้ำท่วมขังมานาน 3 วัน น้ำประมาณ 50 เซน ยังไม่มีหน่วยงานไหนเข้ามาค่ะ ความสูงระดับหน้าแข้ง น้ำท่วมมาแล้ว3 วัน,https://storage.googleapis.com/traffy_public_bucket/attachment/2026-09/8c098df88670f48ab11c3f71db0a194b.jpeg
2026-K4KDXX,inprogress,2026-09-29 11:08,2026-09-29 15:52,100.62037,13.94644,ดอนเมือง,สนามบิน,ตอนนี้น้ำท่วมขัง หมู่บ้านพิพรพงษ์ 2 ซอยวิภาวดี 84 อยากรบกวนขอเครื่องสูบน้ำเพื่อระบายน้ำออกจากหมู่บ้าน ความสูงระดับหัวเข่า ตั้งแต่วันที่24 กย.69,https://storage.googleapis.com/traffy_public_bucket/attachment/2026-09/7f78a8c646b5a06a0207c5eaddf4230d.jpeg
2026-N4HF6Y,inprogress,2026-09-29 11:08,2026-09-29 12:34,100.69396,13.75625,สะพานสูง,สะพานสูง,น้ำท่วมเข้าบ้าน ซอยกาญจนาภิเษก 12 เขตสะพานสูง น้ำท่วม เข้าบ้านค่ะ และน้ำนิ่งไม่ลดเลยค่ะ ความสูงระดับเกือบถึงเข่าค่ะ น้ำท่วมมาแล้วตั้งแต่25 ค่ะแต่วันนี้น้ำพึ่งลดค่ะเมื่อวานนี้เลยเข่าค่ะ,https://storage.googleapis.com/traffy_public_bucket/attachment/2026-09/cc2d72e711cd4b7f9459beb08cf6ee3b.jpeg
2026-C8GXTB,inprogress,2026-09-29 11:10,2026-09-29 15:51,100.78529,13.81418,มีนบุรี,แสนแสบ,น้ำเริ่มสูงขึ้นออกจากซอยไม่ได้แล้ว #ขอกระสอบทราย/อื่นๆ,https://storage.googleapis.com/traffy_public_bucket/attachment/2026-09/2105aa1dc73988c0bf43e564b435a36c.jpeg
2026-C8GXTB,follow,2026-09-29 11:10,2026-10-08 13:15,100.78529,13.81418,มีนบุรี,แสนแสบ,น้ำเริ่มสูงขึ้นออกจากซอยไม่ได้แล้ว #ขอกระสอบทราย/อื่นๆ,https://storage.googleapis.com/traffy_public_bucket/attachment/2026-09/2105aa1dc73988c0bf43e564b435a36c.jpeg
2026-99Z7A8,start,2026-09-29 11:11,2026-09-29 11:11,100.80835,13.76858,ลาดกระบัง,ลำปลาทิว,น้ำท่วมเส้นฉลองกรุงทั้งเส้นไปจนถึงแยกสุวินทวงศ์ ความสูงระดับหน้าแข้ง น้ำท่วมมาแล้วน้อยกว่า 1 สัปดาห์,https://storage.googleapis.com/traffy_public_bucket/attachment/2026-09/3505d3bf76364d3250512156b57f1353.jpeg
2026-377UDZ,inprogress,2026-09-29 11:12,2026-09-30 08:46,100.59769,13.94588,ดอนเมือง,สีกัน,หมู่บ้านเดอะคอนเนค 7/1 มีน้ำขังด้านในค่อนข้างสูงตามซอยแต่ละซอยมีน้ำขังค่อนข้างมากรบกวนช่วยมาสูบน้ำในหมู่บ้านให้ด้วย ตอนแรกเกือบหน้าแข้งแต่ตอนนี้ลงไปประมาณ 10 cm วันที่ 4,https://storage.googleapis.com/traffy_public_bucket/attachment/2026-09/5f9766d368e60795bab8d391e61e2e2a.jpeg
2026-UX8HD9,inprogress,2026-09-29 11:12,2026-09-30 08:46,100.61924,13.93546,ดอนเมือง,สนามบิน,ซอย พหลโยธิน 73 น้ำไม่ระบายเลยครับ น้ำท่วมสูงสุด หัวเข่า ครับ รถเล็กมอเตอร์ไซต์ รถยนต์เก๋ง ไม่สามารถวิ่งได้ ครับ วิ่งได้เฉพาะรถกระบะครับ น้ำท่วมขังมา 4 วันแล้วครับ รบกวนช่วยระบายน้ำออกให้ด้วยครับ ประมาน 30-40 ซม ครับ หัวเข่า ครับ,https://storage.googleapis.com/traffy_public_bucket/attachment/2026-09/f8f4c13e5a4a24b91bc25cfd47521633.jpeg
2026-3KTDGK,start,2026-09-29 11:14,2026-09-29 11:14,100.73061,13.76838,ลาดกระบัง,คลองสองต้นนุ่น,น้ำท่วมขังในซอยเคหะร่มเกล้า 30 หน้า 103/413 น้ำระบายไม่ทัน น้ำเข้าห้องเช่าชั้นล่างแล้ว ของเสียหายหลายอย่าง รบกวนช่วยสูบน้ำและลอกท่อด้วยค่ะ ความสูงระดับตรงถนนในซอย ประมาณอกค่ะ น้ำท่วมมาแล้วน้ำเริ่มเข้า คืนที่25ค่ะ,https://storage.googleapis.com/traffy_public_bucket/attachment/2026-09/3eb6132f8bd11552a619c49d143c0b2e.jpeg
2026-DKU88B,inprogress,2026-09-29 11:14,2026-09-30 08:46,100.61738,13.94652,ดอนเมือง,สนามบิน,น้ำท่วมเขตดอนเมือง #ขอกระสอบทราย/อื่นๆ,https://storage.googleapis.com/traffy_public_bucket/attachment/2026-09/708c57bd623efa7d9da24233cf4958e1.jpeg
2026-DBAP9F,start,2026-09-29 11:15,2026-09-29 11:15,100.85482,13.72238,ลาดกระบัง,ขุมทอง,สวัสดีค่ะ พอดีไม่ทราบว่าได้ลองมาลงพื้นที่ตรงบริเวณ วัดขุมทอง เขตลาดกระบัง บ้างมั้ยคะ ตอนนี้ประชาชนเดือดร้อนมากค่ะ ลองมาดูหน่อยนะคะ ไม่มีคนเข้ามาดูเลย เลยเข่าค่ะ น้ำท่วมมาแล้วน้อยกว่า 1 สัปดาห์,https://storage.googleapis.com/traffy_public_bucket/attachment/2026-09/d5524774249b160c9966cc12a42aa16d.jpeg
2026-HWALFA,inprogress,2026-09-29 11:15,2026-09-29 11:16,100.70268,13.71074,ประเวศ,ประเวศ,น้ำท่วมขัง ตั้งแต่วันศุกร์ที่ 25 กันยา จนถึงวันนี้ 29 กันยา น้ำลดน้อยมากครับ พอมีวิธีแก้ไขอย่างไรได้บ้างครับ เช่นใช้เครื่องสูบน้ำ ความสูงระดับแค่หน้าแข้งครับ แต่ไม่สามารถนำรถเล็กเข้าไปจอดถึงตัวหอได้ครับ ได้แต่จอดหน้าซอยที่ซุปเปอร์มาร์เก็ต แล้วเดินทางเข้าไ,https://storage.googleapis.com/traffy_public_bucket/attachment/2026-09/thumb_d0fff674683282abc9cd2e2b50862916.jpg
2026-NMB3JV,inprogress,2026-09-29 11:15,2026-09-29 13:59,100.63316,13.73242,สวนหลวง,สวนหลวง,น้ำยังลดน้อยมากๆ ซ.พัฒนาการ46 ความสูงระดับหัวเข่า น้ำท่วมมาแล้วน้อยกว่า 1 สัปดาห์,https://storage.googleapis.com/traffy_public_bucket/attachment/2026-09/fbd3acbaa0e1ba82de6e2bbb5559f25a.jpeg
2026-NMB3JV,finish,2026-09-29 11:15,2026-10-08 14:17,100.63316,13.73242,สวนหลวง,สวนหลวง,น้ำยังลดน้อยมากๆ ซ.พัฒนาการ46 ความสูงระดับหัวเข่า น้ำท่วมมาแล้วน้อยกว่า 1 สัปดาห์,https://storage.googleapis.com/traffy_public_bucket/attachment/2026-09/fbd3acbaa0e1ba82de6e2bbb5559f25a.jpeg
2026-BXZU23,inprogress,2026-09-29 11:16,2026-09-29 12:27,100.71033,13.7848,สะพานสูง,สะพานสูง,ปัญหา: หมู่บ้านเคหะธานี 4 บริเวณบ้านเลขที่ 63/663 เนื่องจากเกิดเหตุอุทกภัย จึงมีความประสงค์ขอรับความช่วยเหลือด้านอาหารและน้ำดื่ม รวมถึงถุงดำ (ใช้ปูเป็นที่นอน) สำหรับผู้พักอาศัย สูงอายุ จำนวน 2 ราย ถนน: ราษฏร์พัฒนา จุดสังเกต: เข้าถนนดังกล่าวไปประมาณ 500 เ,https://storage.googleapis.com/traffy_public_bucket/attachment/2022-12/da2125e781282589d482070c3dba1726aa16a4a7.jpg
2026-P6RJVU,forward,2026-09-29 11:17,2026-09-29 19:27,100.62744,13.88755,สายไหม,คลองถนน,ที่อยู่ 35/1 ซ.พหลโยธิน 52แยก45(ม.เลิศอุบล) แขวงคลองถนน เขตสายไหม กรุงเทพมหานคร แจ้งปัญหาน้ำท่วม ตั้งแต่บริเวณวัดราษฎร์นิยมธรรม ยาวไปจนสุดซอยลุงดำ น้ำท่วมสูง ไม่มีที่ระบายออก รบกวนหน่วยงานที่เกี่ยวข้องเร่งเอาเครื่องสูบน้ำเข้าไปจัดการระบายน้ำออกค่ะ ถ้าปล่,https://storage.googleapis.com/traffy_public_bucket/attachment/2026-09/3cc1d7e911e3ef274a1e3667cedb043b.jpeg
2026-8YB78U,inprogress,2026-09-29 11:19,2026-09-29 12:31,100.63533,13.72919,สวนหลวง,สวนหลวง,น้ำท่วม 3 วัน คุณแม่อายุ75 อาหาร ใกล้หมดครับ ความสูงระดับตอนนี้ลงมาเหลือแต่ในครัวแล้วครับ แต่อาหารไม่มีครับ น้ำท่วมมาแล้ว3 วันครับ,https://storage.googleapis.com/traffy_public_bucket/attachment/2026-09/414ffa989842f954d67740fa54c69290.jpeg
2026-XVTTAJ,forward,2026-09-29 11:19,2026-09-29 21:34,100.63322,13.92497,สายไหม,สายไหม,หมู่บ้านนภาวัลย์ พหลโยธิน 54/1 แยก 3 เขตสายไหม น้ำท่วมขังมา 4 วันแล้ว ระดับน้ำ 40-50 ซม.โดยประมาณ ผู้เดือดกว่า 300 หลังคาเรือน อยากให้ประสานงานเครื่องสูบน้ำเพื่อระบายน้ำเก่าออกบ้าง เนื่องจากน้ำเริ่มเน่าเหม็นส่งผลกระทบต่อสุขอนามัย และระดับน้ำที่สูงรถเล็ก/,https://storage.googleapis.com/traffy_public_bucket/attachment/2026-09/2daafcc074e22d77e68e105c71a1c9bd.jpeg
2026-JWM67V,inprogress,2026-09-29 11:21,2026-09-29 11:22,100.65334,13.72626,ประเวศ,ประเวศ,ถนนหน้าหมู่บ้านเริ่มแห้งแล้วแต่ในหมู่บ้านยังมีน้ำขังอยู่ออกไปไม่ได้ค่ะท่วมขังมาสี่วันแล้วค่ะ ความสูงระดับเอว น้ำท่วมมาแล้วน้อยกว่า 1 สัปดาห์,https://storage.googleapis.com/traffy_public_bucket/attachment/2026-09/90cf12f0cab6c1d7a8ec1aee8a413116.jpeg
2026-8Y8GPW,inprogress,2026-09-29 11:22,2026-09-29 15:51,100.7467,13.81575,มีนบุรี,แสนแสบ,ถนนสุวินทวงศ์น้ำไม่ลดลงเลย หัวเข่า รถเล็กออกไปไม่ได้ ตั้งแต่เสาร์ที่ 26,https://storage.googleapis.com/traffy_public_bucket/attachment/2026-09/f05d69001e606e9ea93fb69c980fc333.jpeg
2026-UFP7LX,forward,2026-09-29 11:22,2026-09-29 18:10,100.64103,13.8202,บึงกุ่ม,นวลจันทร์,น้ำท่วมขังซอย ยังไม่ลดครับ ความสูงระดับปีะมาณ 30-40 เซนต์ครับ น้ำท่วมมาแล้วตั้งแต่วันศุกร์ครับ,https://storage.googleapis.com/traffy_public_bucket/attachment/2026-09/a0552dad0f6334850a22e0d94df6e835.jpeg
2026-8YKHFY,finish,2026-09-29 11:24,2026-10-05 14:29,100.62057,13.76065,บางกะปิ,หัวหมาก,รามคำแหง53/1 น้ำท่วม ช่วยมาสูบน้ำขังหน่อยค่ะ ความสูงระดับหัวเข่า น้ำท่วมมาแล้วน้อยกว่า 1 สัปดาห์,https://storage.googleapis.com/traffy_public_bucket/attachment/2026-09/f0345441f8c43923aaeebd7364c0cdde.jpeg
2026-L2ZEB8,inprogress,2026-09-29 11:24,2026-09-29 13:57,100.64023,13.70782,สวนหลวง,สวนหลวง,อ่อนนุช52 ในซอยยังท่วมเยอะ น้ำไม่ลด น้ำเน่าขยะเยอะมาก ไม่มีหน่วยงานเขามาเลย ข้างในจะมีอาพาทเม้นยุ 100-200ห้องได้ กลิ่นเริ่มมาแล้วคะ ฝากด้วยนะคะสุดยอดลำบากกมาก เพราะเดินไกลมากกว่าจะถึงปากซอย ซึ่งทั้งไม้ที่ลอย ขยะ เยอะมากจริงๆๆๆขอร้องเลยยยน้ำขยะออกไปให,https://storage.googleapis.com/traffy_public_bucket/attachment/2026-09/33fbdc33b0ecfd6e350b9f05180c06d6.jpeg
2026-L2ZEB8,finish,2026-09-29 11:24,2026-10-08 14:17,100.64023,13.70782,สวนหลวง,สวนหลวง,อ่อนนุช52 ในซอยยังท่วมเยอะ น้ำไม่ลด น้ำเน่าขยะเยอะมาก ไม่มีหน่วยงานเขามาเลย ข้างในจะมีอาพาทเม้นยุ 100-200ห้องได้ กลิ่นเริ่มมาแล้วคะ ฝากด้วยนะคะสุดยอดลำบากกมาก เพราะเดินไกลมากกว่าจะถึงปากซอย ซึ่งทั้งไม้ที่ลอย ขยะ เยอะมากจริงๆๆๆขอร้องเลยยยน้ำขยะออกไปให,https://storage.googleapis.com/traffy_public_bucket/attachment/2026-09/33fbdc33b0ecfd6e350b9f05180c06d6.jpeg
2026-MJFTRV,inprogress,2026-09-29 11:25,2026-09-29 13:27,100.81059,13.80479,หนองจอก,ลำผักชี,รบกวนหน่วยงานรัฐช่วยเหลือเรื่องเครื่องสูบน้ำ เนื่องจากมีน้ำท่วมขังมาเป็นเวลา 5 วันแล้ว โดยสามารถประสานงานกับนิติบุคคลที่เบอร์โทรศัพท์ที่แจ้งไว้ ทั้งนี้ มีผู้สูงอายุที่จำเป็นต้องเดินทางไปพบแพทย์เพื่อรักษาโรคมะเร็ง จึงขอความอนุเคราะห์เร่งดำเนินการให้ด้วย ช่,https://storage.googleapis.com/traffy_public_bucket/attachment/2026-09/bb86eef09490997fa99be82a06f5ee04.jpeg
2026-UZN6TY,finish,2026-09-29 11:26,2026-10-05 13:53,100.63442,13.77695,บางกะปิ,คลองจั่น,น้ำท่วมในซอยลาดพร้าว107แยก2 ยังไม่ลดลงเลย น้ำเริ่มมีสีคล้ำสกปรก ขยะลอย ช่วยม่ดฝจัดการหน่อยค่ะ...ออกไปไหนไม่ได้เลย ความสูงระดับประมาณเข่าค่ะ...แต่ในซอยล่ดพร้าว107น้ำลดลงแล้ว แต่ทำไไมซอยแยกน้ำลดลงน้อยมาก น้ำท่วมมาแล้ว3-4วัน ตั้งแต่ที่ฝนตกหนักคืนวันศุกร์,https://storage.googleapis.com/traffy_public_bucket/attachment/2026-09/cb9e7533e5132b5618f7caf9367a80aa.jpeg
2026-JMVVZ9,finish,2026-09-29 11:27,2026-10-02 13:53,100.53296,13.83344,บางซื่อ,วงศ์สว่าง,เกิดปญหาน้ำท่วมเข้าบ้านเลขที่79 ซอยรัชดาภิเษก66 แขวงวงศ์สว่าง เขตบางซื่อ กรุงเทพ 10800 ทำให้ทรัพย์สินเกิดความเสียหาย ความสูงระดับหัวเข่า น้ำท่วมมาแล้วตั้งแต่วันที่ 26-28/9/69,https://storage.googleapis.com/traffy_public_bucket/attachment/2026-09/cd6ed8ed653319b788a4a0d99369c97a.jpeg
2026-VKBUK7,inprogress,2026-09-29 11:27,2026-09-29 15:51,100.74724,13.81655,มีนบุรี,แสนแสบ,น้ำท่วมถนนสุวินทวงศ์ตั้งแต่วันที่ 26 กันยายนถึงวันนี้ยังไม่ลดท่วมเท่าหัวเข่ารถเล็กออกไม่ได้ ความสูงระดับหัวเข่า น้ำท่วมมาแล้วทำไม่ ระบบแจ้งว่าไม่สามารถดำเนินการต่อได้หลายครั้งแล้ว,https://storage.googleapis.com/traffy_public_bucket/attachment/2026-09/63320a479ea00146fe0194dff1ce5a81.jpeg
2026-868LZ7,inprogress,2026-09-29 11:30,2026-09-29 18:32,100.6693,13.79197,บึงกุ่ม,คลองกุ่ม,ขอความช่วยเหลือเครื่องสูบน้ำให้หมู่บ้านสหกรณ์ ถนนเสรีไทย 57 ด้วยค่ะ ความสูงระดับเอว น้ำท่วมมาแล้ว4 วัน ค่ะ,https://storage.googleapis.com/traffy_public_bucket/attachment/2026-09/b108707b2f3f99b1babdd622543c79fe.jpeg
2026-B9NCCB,inprogress,2026-09-29 11:30,2026-09-29 12:19,100.69446,13.73017,ประเวศ,ประเวศ,น้ำท่วม หมู่บ้านถัสสรเพรสทิจ ซอนเฉลิมพระเกียรติร.9ซอย87 แขวงประเวศ เขตประเวศ ณ วันที 29 เดือนกันยายน 2569 เวลา 11:24 น ขณะนี้นํายัง ขอความกรุณาช่วยดําเนินการเร่งสูบนํา ออกจากหมู่บ้านด้วยนะคะ ความสูงระดับหัวเข่าค่ะ น้ำท่วมมาแล้ววันนีวัน ที4ค่ะ น้ำเริ่มส่งก,https://storage.googleapis.com/traffy_public_bucket/attachment/2026-09/1453e2cfbd3f6638625f3f18d0511150.jpeg
2026-BJLRD2,inprogress,2026-09-29 11:30,2026-09-29 12:00,100.64658,13.77341,บางกะปิ,คลองจั่น,ปัญหา: ภายในซอยดังกล่าว เนื่องจากเกิดเหตุอุทกภัย จึงมีความประสงค์ขอรับความช่วยเหลือด้านรถบรรทุกน้ำขนาดใหญ่ เพื่อนำมาแจกจ่ายให้แก่ประชาชนในพื้นที่ ซอย: คลองจั่น 80 ถนน: ลาดพร้าว เขต: บางกะปิ #1555,https://storage.googleapis.com/traffy_public_bucket/attachment/2022-12/da2125e781282589d482070c3dba1726aa16a4a7.jpg
2026-UCZBHH,inprogress,2026-09-29 11:31,2026-09-29 11:41,100.67197,13.72034,ประเวศ,ประเวศ,น้ำท่วมขังระบายช้า ท้ายซอยอ่อนนุช 57 แยก 2 ครับ ความสูงระดับหัวเข่า 4วัน,https://storage.googleapis.com/traffy_public_bucket/attachment/2026-09/435bfb9d2d0530689c12cb762bbc7502.jpeg
2026-KYWL3P,forward,2026-09-29 11:33,2026-09-29 19:25,100.63325,13.92501,สายไหม,สายไหม,น้ำท่วมในหมู่บ้านนภาวัลย์ น้ำไม่ลดเลยค่ะ และไม่มีหน่วยงานเข้าช่วยเหลือลูกบ้าน ลูกบ้านในหมู่บ้านช่วยเหลือกันเอง ตอนนี้น้ำทะลักเข้าบ้าน และน้ำเน่าขังมา 4 วันแล้วค่ะ ความสูงระดับตาตุ่มค่ะ น้ำท่วมมาแล้ว5 วันค่ะ,https://storage.googleapis.com/traffy_public_bucket/attachment/2026-09/3f64a3542e0881b14e06a73528d793bd.jpeg
2026-GNRWXU,inprogress,2026-09-29 11:34,2026-09-29 12:19,100.66093,13.72542,ประเวศ,ประเวศ,น้ำท่วม ความสูงระดับเอว น้ำท่วมมาแล้วน้อยกว่า 1 สัปดาห์,https://storage.googleapis.com/traffy_public_bucket/attachment/2026-09/2df18294afa5805d5ecc9913d94e3fdc.jpeg
2026-Y2LRNE,inprogress,2026-09-29 11:34,2026-09-29 12:11,100.68942,13.67012,ประเวศ,ดอกไม้,ปัญหา: ตลอดทั้งซอยดังกล่าว บริเวณบ้านเลขที่ 4//323 เนื่องจากเกิดเหตุอุทกภัย จึงมีความประสงค์ขอรับความช่วยเหลือด้านอาหารและน้ำดื่ม สำหรับผู้พักอาศัยจำนวน 200 ครัวเรือน ซอย: วัดทุ่งเศรษฐี 20 ถนน: บางนา - ตราด เขต: ประเวศ #1555,https://storage.googleapis.com/traffy_public_bucket/attachment/2022-12/da2125e781282589d482070c3dba1726aa16a4a7.jpg
2026-668VWE,inprogress,2026-09-29 11:35,2026-09-29 12:09,100.67995,13.69149,ประเวศ,ดอกไม้,สวัสดีค่ะ พิกัดเขตประเวศ ซอยเฉลิมพระเกียรติ48 อยู่ด้านหลังโรงเรียนคชเผือกอนุสรณ์ ค่ะ เมื่อเช้าน้ำท่วมขังลดลงแล้ว แต่สักครู่พบมีน้ำดันออกจากรูท่อระบายน้ำเส้นนี้ออกมามากและต่อเนื่องค่ะ ทำไมมีน้ำออกมาเพิ่มขึ้นคะแทนที่จะลดลง ความสูงระดับข้อเท้า น้ำท่วมมาแล,https://storage.googleapis.com/traffy_public_bucket/attachment/2026-09/thumb_4c49ad9975d271b5ed08ea7869a66bdb.jpg
2026-JUAA4M,start,2026-09-29 11:36,2026-09-29 11:36,100.71731,13.73309,ลาดกระบัง,คลองสองต้นนุ่น,บ้านเลขที่ 103/6 ซอยมณี 2 แขวงคลองสองต้นนุ่น เขตลาดกระบัง กรุงเทพฯ โดยนายอุทัย บุรินทร์สุชาติ เจ้าของบ้านและผู้อาศัย มีน้ำท่วมไหลเข้ามาในบ้าน ไม่สามารถระบายน้ำออกได้เนื่องจากน้ำในคลองยังคงเต็ม ขอทราบความคืบหน้าการดำเนินการ และขอความช่วยเหลือในการเยียวยาคว,https://storage.googleapis.com/traffy_public_bucket/attachment/2026-09/0d61e076b76c45873f04d05444c5c1e7.jpeg
2026-LNK83M,start,2026-09-29 11:36,2026-09-29 11:36,100.8072,13.7145,ลาดกระบัง,ทับยาว,ในโครงการ เดอะ รอยัล กอล์ฟ น้ำสูงขึ้นทุกวันค่ะ ช่วยหาทางผลักดันน้ำหน่อยค่ะ อยุ่กับน้ำนานได้เพราะเตรียมสเบียงพร้อม แต่ *อย่าสูงกว่านี้* เพราะจะใช้ชีวิตเข้าห้องน้ำไมได้ค่ะ ความสูงระดับสูงกว่าเอว น้ำท่วมมาแล้วน้อยกว่า 1 สัปดาห์,https://storage.googleapis.com/traffy_public_bucket/attachment/2026-09/49bad9a7171b427be6fe3b1788a981bd.jpeg
2026-W78RCE,inprogress,2026-09-29 11:36,2026-09-29 13:27,100.80627,13.7906,หนองจอก,ลำผักชี,มีน้ำท่วมขังภายในซอย ความสูงระดับ40 cm น้ำท่วมมาแล้วเริ่มฝนตก ท่วมขังมา 3 วันแล้วครับ,https://storage.googleapis.com/traffy_public_bucket/attachment/2026-09/f54efeb298076fd44d4a7fc97ed1c0e2.jpeg
2026-HVNEDW,inprogress,2026-09-29 11:37,2026-09-29 13:27,100.79634,13.7931,หนองจอก,ลำผักชี,น้ำท่วมขังเริ่มเน่าแล้ว และเพิ่มระดับสูงขึ้น เป็น 70 cm ขอรถทำคันกั้นน้ำ และเครื่องสูบน้ำ ความสูงระดับเอว น้ำท่วมมาแล้วน้อยกว่า 1 สัปดาห์,https://storage.googleapis.com/traffy_public_bucket/attachment/2026-09/16e917fbe8c87d81690f7d998cb02f12.jpeg
2026-FX96CD,inprogress,2026-09-29 11:38,2026-09-29 11:43,100.67446,13.79316,คันนายาว,รามอินทรา,น้ำท่วมในหมู่บ้าน ซ.เสรีไทย 59 ยังคงสูง และทางหมู่บ้านไม่สามารถผันน้ำลงคลองได้ แม้น้ำในคลองจะลดระดับลงบ้างแล้ว เนื่องจากเครื่องสูบน้ำของหมู่บ้านไม่พร้อมใช้งาน ขอเครื่องสูบน้ำเพื่อผันน้ำออกจากทางเขตได้ไหมคะ ความสูงระดับหัวเข่า น้ำท่วมมาแล้วน้อยกว่า 1 สัปดา,https://storage.googleapis.com/traffy_public_bucket/attachment/2026-09/ac4df3ed0fa5167ed242562179aed3b5.jpeg
2026-9HE7MX,forward,2026-09-29 11:40,2026-09-30 13:31,100.68596,13.87229,คลองสามวา,สามวาตะวันตก,น้ำท่วมบ้านค่ะ เคชีคลัสเตอร์ พระยาสุเรนทร์45 ความสูงระดับหน้าบ้าน น้ำท่วมมาแล้ว5วันคะ,https://storage.googleapis.com/traffy_public_bucket/attachment/2026-09/ea4ded99f4f3dfc414ab6624083c724b.jpeg
2026-MW3ERX,inprogress,2026-09-29 11:42,2026-09-29 15:45,100.72093,13.78585,มีนบุรี,มีนบุรี,ซอยรามคำแหง 174 มีนบุรีและตามในหมู่บ้านในซอย ทางเข้าออกน้ำท่วมสูงรถเล็กไม่สามารถเข้าออกได้เลย เครื่องสูบน้ำไม่เลย น้ำขังเริ่มเน่า ความสูงระดับหัวเข่า น้ำท่วมมาแล้วน้อยกว่า 1 สัปดาห์,https://storage.googleapis.com/traffy_public_bucket/attachment/2026-09/ef6899a5455217868e5b3d82e1d8f67c.jpeg
2026-ZLK4UM,forward,2026-09-29 11:42,2026-09-29 15:48,100.66894,13.79753,บึงกุ่ม,คลองกุ่ม,ถนน เสรีไทย 57 น้ำท่วมสูง ขอเร่งการสูบน้ำเต็มกำลัง ความสูงระดับสูงกว่าเอว น้ำท่วมมาแล้วน้อยกว่า 1 สัปดาห์,https://storage.googleapis.com/traffy_public_bucket/attachment/2026-09/2b183783343992d65f61b9054589fae0.jpeg
2026-3EWJ79,inprogress,2026-09-29 11:43,2026-09-29 12:28,100.63277,13.77137,บางกะปิ,คลองจั่น,ลาดพร้าว 130/1 ท้ายซอยท่วมถึงเอว น้ำมีกลิ่นแล้ว ช่วยสูบออกด้วยจ้า 29/9/69 ความสูงระดับเอว น้ำท่วมมาแล้วน้อยกว่า 1 สัปดาห์,https://storage.googleapis.com/traffy_public_bucket/attachment/2026-09/91f63091239c19b47c652d0a1f91abde.jpeg
2026-3EWJ79,finish,2026-09-29 11:43,2026-10-09 15:31,100.63277,13.77137,บางกะปิ,คลองจั่น,ลาดพร้าว 130/1 ท้ายซอยท่วมถึงเอว น้ำมีกลิ่นแล้ว ช่วยสูบออกด้วยจ้า 29/9/69 ความสูงระดับเอว น้ำท่วมมาแล้วน้อยกว่า 1 สัปดาห์,https://storage.googleapis.com/traffy_public_bucket/attachment/2026-09/91f63091239c19b47c652d0a1f91abde.jpeg
2026-866M2M,forward,2026-09-29 11:43,2026-09-29 12:55,100.70763,13.77433,สะพานสูง,สะพานสูง,ขอแจ้งความเสียหายเพื่อรับเงินเยียวยาเขตลาดกระบัง บ้านเลขที่111/67-111/68 โซน12 แยก4-4 เคหะร่มเกล้า29 ความสูงระดับสูงกว่าเอว น้ำท่วมมาแล้วน้อยกว่า 1 สัปดาห์,https://storage.googleapis.com/traffy_public_bucket/attachment/2026-09/f4a5f8e95ecb56a48e7300e14247a54d.jpeg
2026-VW9BYG,inprogress,2026-09-29 11:43,2026-09-29 13:27,100.81527,13.80048,หนองจอก,ลำผักชี,หมู่บ้านโรยัล ปาร์ค วิลล์ ถ.สุวินทวงศ์ เขตหนองจอก น้ำท่วมสูงทั้งหมู่บ้านนาน 4 วันแล้ว น้ำยังไม่ลดลงเลย ขอความช่วยเหลือด้วยครับ มีชาวบ้านในหมู่บ้านหลายร้อยหลังคาเรือน เกินเข่าขึ้นมา ระดับหน้าขา 4 วันแล้ว ไม่ลดเลย,https://storage.googleapis.com/traffy_public_bucket/attachment/2026-09/caf33d9940921375045ed2ca106e85a5.jpeg
2026-9CCNNK,start,2026-09-29 11:46,2026-09-29 11:46,100.78817,13.79013,ลาดกระบัง,ลำปลาทิว,น้ำมีระดับเพิ่มขึ้นจากเมื่อวาน ทั้งที่ฝนไม่ได้ตกหนักมากเท่า1-2วันก่อน รบกวนเร่งผลักดันน้ำให้ชาวลาดกระบังรับผลกระทบให้น้อยที่สุดครับ ความสูงระดับหน้าแข้ง น้ำท่วมมาแล้วน้อยกว่า 1 สัปดาห์,https://storage.googleapis.com/traffy_public_bucket/attachment/2026-09/abb15ea0b414f32c4065155968120b6b.jpeg
2026-HGPBAD,inprogress,2026-09-29 11:47,2026-09-29 13:27,100.80914,13.79771,หนองจอก,ลำผักชี,หมู่บ้านฟลอร่าวิลล์ ถนนสุวินทวงศ์ เขตหนองจอง น้ำไม่ลดเลยค่ะ น้ำเริ่มเน่าแล้ว ความสูงระดับเอว น้ำท่วมมาแล้วน้อยกว่า 1 สัปดาห์,https://storage.googleapis.com/traffy_public_bucket/attachment/2026-09/0b37fcf9fcd179fa004a48a473e0fec9.jpeg
2026-PYKGZ9,finish,2026-09-29 11:48,2026-09-30 13:41,100.60092,13.83258,ลาดพร้าว,จรเข้บัว,น้ำท่วมขัง เข้าวันที่ 5 แล้วครับ บริเวณรอบข้างแห้งหมดแล้ว แต่ยังท่วมขังบริเวณนี้อยู่ครับ ความสูงระดับ15 cm ครับ เต็ม ขังทั้งซอยครับ น้ำท่วมมาแล้ววันนี้วันที่ 5 ละครับ,https://storage.googleapis.com/traffy_public_bucket/attachment/2026-09/1ef452c09e3abf2974b91ee40d2c1001.jpeg
2026-BHPH74,inprogress,2026-09-29 11:49,2026-09-30 12:08,100.65309,13.74766,บางกะปิ,หัวหมาก,น้ำท่วม ออกจากบ้านไม่ได้ มีคนสูงอายุ อาหารหมด ค่ะ 4/8 ซอย กรุงเทพกรีฑา 8 แยก 2 หัวหมาก บางกะปิ กรุงเทพ 10240 ความสูงระดับ50-70cm น้ำท่วมมาแล้วตั้งแต่ เสาร์ ค่ะ,https://storage.googleapis.com/traffy_public_bucket/attachment/2026-09/991d4b610cf9e70892e1c97ade480667.jpeg
2026-CZG6T4,finish,2026-09-29 11:49,2026-09-30 11:21,100.62397,13.9467,สายไหม,สายไหม,ปัญหา: ภายในซอยพหลโยธิน 64 บ้านเลขที่ 81/18 และ บ้านเลขที่ 81/48 เนื่องจากเกิดเหตุอุทกภัย จึงมีความประสงค์ขอรับความช่วยเหลือด้านอาหารและน้ำดื่ม จำนวน 5 ท่าน ถนน: พหลโยธิน เขต: สายไหม #1555,https://storage.googleapis.com/traffy_public_bucket/attachment/2022-12/da2125e781282589d482070c3dba1726aa16a4a7.jpg
2026-FBJYW9,inprogress,2026-09-29 11:49,2026-09-29 11:55,100.69229,13.70138,ประเวศ,ดอกไม้,น้ำท่วมขังหลายวัน มีกลิ่นเหม็น 30cm แต่มีกลิ่นเน่า และถนนเริ่มเป็นหลุมลึก 4 วันครับ,https://storage.googleapis.com/traffy_public_bucket/attachment/2026-09/dde9eb4b56c367efc912c583c9dfe6ef.jpeg
2026-Z3K7ND,start,2026-09-29 11:49,2026-09-29 11:49,100.82345,13.77697,ลาดกระบัง,ลำปลาทิว,น้ำท่วมทางเข้าออกหมู่บ้านคาริเบียนโฮม ถนนฉลองกรุง สูงประมาณ 80 cm. รถใหญ่เริ่มเข้าออกไม่ได้ ทำให้ไม่สามารถสัญจรได้ ความสูงระดับเอว น้ำท่วมมาแล้วน้อยกว่า 1 สัปดาห์,https://storage.googleapis.com/traffy_public_bucket/attachment/2026-09/cde934d4182cf19edf03f7cdd6e2359b.jpeg
2026-Z3K7ND,follow,2026-09-29 11:49,2026-09-29 11:49,100.82345,13.77697,ลาดกระบัง,ลำปลาทิว,น้ำท่วมทางเข้าออกหมู่บ้านคาริเบียนโฮม ถนนฉลองกรุง สูงประมาณ 80 cm. รถใหญ่เริ่มเข้าออกไม่ได้ ทำให้ไม่สามารถสัญจรได้ ความสูงระดับเอว น้ำท่วมมาแล้วน้อยกว่า 1 สัปดาห์,https://storage.googleapis.com/traffy_public_bucket/attachment/2026-09/cde934d4182cf19edf03f7cdd6e2359b.jpeg
2026-HKKURH,finish,2026-09-29 11:51,2026-10-05 16:34,100.63294,13.77127,บางกะปิ,คลองจั่น,ลาดพร้าว 130/1 ท้ายซอยท่วมถึงเอว น้ำมีกลิ่นแล้ว ช่วยสูบออกด้วยจ้า 29/9/69 ความสูงระดับเอว น้ำท่วมมาแล้วน้อยกว่า 1 สัปดาห์,https://storage.googleapis.com/traffy_public_bucket/attachment/2026-09/e5123c168896dc9730df11b52e6d7347.jpeg
2026-WBC9EC,forward,2026-09-29 11:51,2026-09-29 12:29,100.64814,13.73326,สวนหลวง,สวนหลวง,นำ้ท่วมไม่ลดเลยค่ะ ความสูงระดับปัญหานำท่วม น้ำท่วมมาแล้ว4 วันยังออกจากคอนโดไม่ได้ค่ะ,https://storage.googleapis.com/traffy_public_bucket/attachment/2026-09/dfcc44bb478d00ac225a6a4dbcad521d.jpeg
2026-H2WELC,inprogress,2026-09-29 11:52,2026-09-29 15:46,100.71522,13.78502,มีนบุรี,มีนบุรี,น้ำท่วมขังในหมู่บ้านเพอร์เฟคเพลส 1 ซ.ราคำแหง 164 รถเข้าออกไม่ได้ น้ำเน่าแล้ว ช่วยมาระบายน้ำด้วยครับ ความสูงระดับหัวเข่า น้ำท่วมมาแล้วน้อยกว่า 1 สัปดาห์,https://storage.googleapis.com/traffy_public_bucket/attachment/2026-09/f77a5dbb3918a04e36ee66e089dcd013.jpeg
2026-H2WELC,follow,2026-09-29 11:52,2026-10-07 14:41,100.71522,13.78502,มีนบุรี,มีนบุรี,น้ำท่วมขังในหมู่บ้านเพอร์เฟคเพลส 1 ซ.ราคำแหง 164 รถเข้าออกไม่ได้ น้ำเน่าแล้ว ช่วยมาระบายน้ำด้วยครับ ความสูงระดับหัวเข่า น้ำท่วมมาแล้วน้อยกว่า 1 สัปดาห์,https://storage.googleapis.com/traffy_public_bucket/attachment/2026-09/f77a5dbb3918a04e36ee66e089dcd013.jpeg
2026-PH2VFG,forward,2026-09-29 11:52,2026-09-30 11:29,100.75235,13.89448,คลองสามวา,สามวาตะวันออก,นํ้าในบึงใหญ่ภายใน หมู่บ้านเคซี การ์เด้นโฮม&ฟอเรสต้า นิมิตใหม่40 เอ่อล้นออกมาแล้วหลายวันและไม่มีทีท่าว่าจะลดลง ส่งผลกระทบต่อลูกบ้านแล้ว 1. ขอให้ทางเขตเร่งประสานงานกับทางกรรมการหมู่บ้าน เร่งระบายนํ้าออกจากบึงของหมู่บ้าน 2. ขอให้ทางเขต แนะนำสั่งการ ให้ทา,https://storage.googleapis.com/traffy_public_bucket/attachment/2026-09/0311bbd35d96888d86cd63ca894527c8.jpeg
2026-JLJKP9,inprogress,2026-09-29 11:53,2026-09-29 11:59,100.66765,13.68132,ประเวศ,หนองบอน,เนื่องจากก่อนหน้าเหตุการณ์น้ำท่วม ผู้แจ้งเองได้สังเกตว่า น้ำในท่อระบายน้ำในหมู่บ้านมีสิ่งปฏิกูลมาก ทำให้ระบายน้ำเสียไปสู่ท่อเมนหลักไม่สะดวก และมีน้ำขังแม้ฝนไม่ตก หรือตกน้อยก็ตาม และจากเหตุการณ์ที่ผ่านมาพบว่า ท้ายซอย ระบายน้ำออกช้า อยากให้หน่วยงานที่เก,https://storage.googleapis.com/traffy_public_bucket/attachment/2026-09/16a2250e1c6e5605e9c229d06d60a8d4.jpeg
2026-VNNZTE,inprogress,2026-09-29 11:56,2026-09-29 12:21,100.69428,13.66841,ประเวศ,ดอกไม้,มีน้ำท่วมขังค่ะในซอยทุ่งเศรษฐีทั้งเส้น บางจุดมีน้ำสูง ตอนนี้น้ำที่ขังเริ่มมีกลิ่นเน่าแล้ว เครื่องสูบน้ำกลางซอยไม่ทำงานเลย และยังไม่เห็นเจ้าหน้าที่เขตลงพื้นที่เลยค่ะ ช่วยมาดูหน่อยได้ไหมค่ะ น้ำแทบไม่ลดเลย ทั้งๆที่บริเวณโดยรอบลดลงหมดแล้ว ทางนี้ก็ลำบากในการใช,https://storage.googleapis.com/traffy_public_bucket/attachment/2026-09/801bb3cceea191bc7c4af2b60d8d37d4.jpeg
2026-M78HKA,inprogress,2026-09-29 11:58,2026-09-30 08:45,100.59015,13.94436,ดอนเมือง,สีกัน,ขอความอนุเคราะห์สูบระบายน้ำท่วมขังภายในหมู่บ้าน พื้นที่: หมู่บ้านเดอะคอนเนค 7/1 ถนนเทิดราชัน สถานการณ์: ภายในหมู่บ้านยังคงมีน้ำท่วมขังสูงประมาณ 15-20 ซม. เดือดร้อนต่อการสัญจร ถนนเทิดราชันด้านนอกน้ำแห้งเป็นส่วนใหญ่แล้ว สิ่งที่ต้องการ: ขอความอนุเคราะห์จั,https://storage.googleapis.com/traffy_public_bucket/attachment/2026-09/e9d0a071cf027a282c73aa3dbe3acb6e.jpeg
2026-YC86VP,inprogress,2026-09-29 11:58,2026-09-29 13:56,100.63336,13.73812,สวนหลวง,สวนหลวง,ท่อระบายน้ำในซอยพัฒนาการ 39 มีอาการตันระหว่าง*** ยาวประมาณบ้านสี่ห้าหลัง ในซอยตรงอื่นแห้งแล้วมีแค่ตรงแอ่งหน้า*** ที่แนบรูปถ่ายมาให้ดูอาการตันน้ำไม่ลง ความสูงระดับข้อเท้า น้ำท่วมมาแล้วน้อยกว่า 1 สัปดาห์,https://storage.googleapis.com/traffy_public_bucket/attachment/2026-09/ce09164aef79288d855fabb27ed47be8.jpeg
2026-YC86VP,finish,2026-09-29 11:58,2026-10-10 12:45,100.63336,13.73812,สวนหลวง,สวนหลวง,ท่อระบายน้ำในซอยพัฒนาการ 39 มีอาการตันระหว่าง*** ยาวประมาณบ้านสี่ห้าหลัง ในซอยตรงอื่นแห้งแล้วมีแค่ตรงแอ่งหน้า*** ที่แนบรูปถ่ายมาให้ดูอาการตันน้ำไม่ลง ความสูงระดับข้อเท้า น้ำท่วมมาแล้วน้อยกว่า 1 สัปดาห์,https://storage.googleapis.com/traffy_public_bucket/attachment/2026-09/ce09164aef79288d855fabb27ed47be8.jpeg
2026-TYYN49,inprogress,2026-09-29 11:59,2026-09-29 15:46,100.74633,13.79228,มีนบุรี,แสนแสบ,ซอยมีน้ำท่วม และปั้มน้ำหน้าซอยไม่ทำงาน มาหลายวันนแล้ว ตอนนี้น้ำท่วมค่ะ ความสูงระดับตอนนี้หัวเข่าค่ะ รถเริ่มสัญจรไม่ได้ และบ้านเรือนเริ่มเสียหาย น้ำท่วมมาแล้วประมาณ 5วันแล้วค่ะ และปั้มน้ำหน้าปากซอยไม่ทำงานเลย,https://storage.googleapis.com/traffy_public_bucket/attachment/2026-09/8109f1001bee9b8e86db765e4dddbd29.jpeg
2026-E93W82,inprogress,2026-09-29 12:02,2026-09-29 12:45,100.67909,13.838,คันนายาว,คันนายาว,น้ำท่วม ซอยกาญจนาภิเษก 11/1 แยก 1 น้ำสูง มากกว่า 60cm ตั้งแต่เสาร์ 26 วันนี้วันที่4 รอเจ้าหน้าที่ สำนักงานเขต ทุกส่วน เข้าช่วย้หลืออยู่นะคะ อย่าให้เข้าช่วยสูบน้ำออกค่ะ น้ำเลยเน่าเสีย ผู้คนกลับเข้าบ้านไม่ได้และบ้างส่วนติดในพื้นที่ ความสูงระดับเกิน60cmค่ะ,https://storage.googleapis.com/traffy_public_bucket/attachment/2026-09/1ea791594703e027d22350a90c585bee.jpeg
2026-RAWDWK,finish,2026-09-29 12:03,2026-09-30 14:37,100.80412,13.79286,หนองจอก,ลำผักชี,หมู่บ้านฟลอราวิลล์เฟส 24 โซน 2 หนองจอก กทม. ขอความช่วยเหลือเนื่องจากขาดแคลนอาหารและน้ำดื่ม โดยมีผู้อาศัยได้รับผลกระทบหลายหลังคาเรือน ระดับน้ำในหมู่บ้านสูงระดับหัวเข่า และหน้าหมู่บ้านท่วมสูง ไม่สามารถลุยน้ำออกมาได้เนื่องจากกังวลเรื่องปลิง ในหมู่บ้านท่วมประ,https://storage.googleapis.com/traffy_public_bucket/attachment/2026-09/a5f63a217d325b04b5a559f28e42d140.jpeg
2026-9M3Z8W,finish,2026-09-29 12:04,2026-10-05 13:25,100.65145,13.75639,บางกะปิ,หัวหมาก,น้ำท่วมขัง ซอยรามคำแหง 60 จมมา 4 วันแล้ว น้ำเริ่มเน่า คอสะพานทางไปกรุงเทพกรีฑา 7 ท่วมสูง ฝนไม่ตก แล้วแต่น้ำไม่ลดเลย คนในซอยเดือดร้อนมาก ระดับเอว 4 วัน,https://storage.googleapis.com/traffy_public_bucket/attachment/2026-09/1be576e1e6ebb8128cab19fc9b0921ea.jpeg
2026-KFHPHK,forward,2026-09-29 12:06,2026-09-29 21:33,100.62543,13.93462,สายไหม,สายไหม,ขอสอบถามเกี่ยวกับการบริหารจัดการน้ำ บริเวณปากซอยพหลโยธิน56 ค่ะ เนื่องจากน้ำเอ่อสูงขึ้นมาก เกือบเสมอฟุตบาทตั้งแต่เมื่อวานถึงวันนี้ ทั้งที่ไม่มีฝนตกมาเพิ่ม ซึ่งต่างจากวันที่ฝนตกหนักที่ผ่านมาซึ่งมีน้ำขังไม่มากค่ะ ไม่แน่ใจว่าเกิดจากการบริหารจัดการ หรือว่ามีกา,https://storage.googleapis.com/traffy_public_bucket/attachment/2026-09/8040184fd01ee3cc81e6d78728b69c10.jpeg
2026-DKPFJ7,inprogress,2026-09-29 12:07,2026-09-29 16:51,100.63003,13.75305,บางกะปิ,หัวหมาก,บ้านติดนำ้ท่วมในซอยหัวหมาก 27 ในบ้านมีผม และผู้สูงอายุ 2 คน กับแมวจำนวนนึง ตอนนี้ขาดแคลนอาหารกับนำ้ดื่มสำหรับคนครับ ความสูงระดับหน้าแข้ง น้ำท่วมมาแล้วน้อยกว่า 1 สัปดาห์,https://storage.googleapis.com/traffy_public_bucket/attachment/2026-09/6ca2fefbfbd13444be83036a68915802.jpeg
2026-DKPFJ7,finish,2026-09-29 12:07,2026-10-09 12:26,100.63003,13.75305,บางกะปิ,หัวหมาก,บ้านติดนำ้ท่วมในซอยหัวหมาก 27 ในบ้านมีผม และผู้สูงอายุ 2 คน กับแมวจำนวนนึง ตอนนี้ขาดแคลนอาหารกับนำ้ดื่มสำหรับคนครับ ความสูงระดับหน้าแข้ง น้ำท่วมมาแล้วน้อยกว่า 1 สัปดาห์,https://storage.googleapis.com/traffy_public_bucket/attachment/2026-09/6ca2fefbfbd13444be83036a68915802.jpeg
2026-3NKD2F,inprogress,2026-09-29 12:08,2026-09-29 13:26,100.81122,13.79926,หนองจอก,ลำผักชี,น้ำในหมู่บ้านไม่ลดลงมา 4 วันรถเล็กไม่สามารถขับออกได้ ต้องการขอเครื่องสูบน้ำเพิ่ม ความสูงระดับหัวเข่า น้ำท่วมมาแล้วน้อยกว่า 1 สัปดาห์,https://storage.googleapis.com/traffy_public_bucket/attachment/2026-09/dd4508454b31b8f201fdb7ecf9d9ed15.jpeg
2026-FLPRA9,inprogress,2026-09-29 12:08,2026-09-29 13:46,100.65468,13.75545,บางกะปิ,หัวหมาก,ระดับน้ำหน้าหมู่บ้านบ้านใหม่ ซอยกรุงเทพกรีฑา 7 ลดลงค่อนข้างช้า ทำให้การเดินทางออกไปลำบาก ออกไปหาของกินไม่ได้ และน้ำเริ่มเน่าค่ะ ความสูงระดับหัวเข่า น้ำท่วมมาแล้วน้อยกว่า 1 สัปดาห์,https://storage.googleapis.com/traffy_public_bucket/attachment/2026-09/06143c39ad923029480ae7b3672086f3.jpeg
2026-J7YHGV,forward,2026-09-29 12:12,2026-10-02 10:30,100.36531,13.68336,หนองแขม,หนองแขม,ปัญหา: บริเวณตรงข้ามโรงเรียนประชาบำรุง ผู้ร้องมีความประสงค์ขอให้กรุงเทพมหานครพิจารณาวางแนวกั้นน้ำบริเวณคลองภาษีเจริญ เนื่องจากบริเวณดังกล่าวประสบปัญหาน้ำท่วมเป็นประจำทุกปี เพื่อป้องกันน้ำท่วมขังและลดผลกระทบต่อประชาชนในพื้นที่ จึงขอให้หน่วยงานที่เกี่ยวข้อง,https://storage.googleapis.com/traffy_public_bucket/attachment/2022-12/da2125e781282589d482070c3dba1726aa16a4a7.jpg
2026-VZNMGF,forward,2026-09-29 12:12,2026-09-30 11:28,100.70277,13.8267,คลองสามวา,บางชัน,ถนนรามอินทรา 109 ซอยพระยาสุเรนทร์ 22 หมู่บ้านเกษกมลค่ะ น้ำไม่ลดเลย ความสูงระดับหัวเข่า ถนนรามอินทรา 109 ซอยพระยาสุเรนทร์ 22 หมู่บ้านเกษกมล บ้านเลขที่ 6/98,https://storage.googleapis.com/traffy_public_bucket/attachment/2026-09/9ec81f9b67552c002545d416bebde3f1.jpeg
2026-4C2R7G,inprogress,2026-09-29 12:14,2026-09-29 15:46,100.71777,13.78949,มีนบุรี,มีนบุรี,น้ำท่วม บ้านเลขที่ 23/52 ซอย15 หมู่บ้านบัวขาว ความสูงระดับหัวเข่า น้ำท่วมมาแล้วน้อยกว่า 1 สัปดาห์,https://storage.googleapis.com/traffy_public_bucket/attachment/2026-09/0bd7bfa014eacdf74562cfe4c2c021c1.jpeg
2026-CJLTC3,inprogress,2026-09-29 12:17,2026-09-29 12:27,100.61934,13.7049,สวนหลวง,สวนหลวง,ปัญหา: ภายในซอยแยกดังกล่าว พบน้ำท่วมขังสูง ตั้งแต่วันศุกร์ที่ 25 กันยายน 2569 ปัจจุบันระดับน้ำยังไม่ระบาย คาดว่าท่อระบายน้ำอาจเกิดการอุดตัน เนื่องจากเมื่อเกิดฝนตกน้ำจะไม่สามารถระบายได้ทัน ทำให้เกิดน้ำท่วมขังมากกว่าซอยอื่น ในขณะที่ซอยอื่นระดับน้ำได้ลดลงแล้,https://storage.googleapis.com/traffy_public_bucket/attachment/2022-12/da2125e781282589d482070c3dba1726aa16a4a7.jpg
2026-CJLTC3,finish,2026-09-29 12:17,2026-10-09 11:29,100.61934,13.7049,สวนหลวง,สวนหลวง,ปัญหา: ภายในซอยแยกดังกล่าว พบน้ำท่วมขังสูง ตั้งแต่วันศุกร์ที่ 25 กันยายน 2569 ปัจจุบันระดับน้ำยังไม่ระบาย คาดว่าท่อระบายน้ำอาจเกิดการอุดตัน เนื่องจากเมื่อเกิดฝนตกน้ำจะไม่สามารถระบายได้ทัน ทำให้เกิดน้ำท่วมขังมากกว่าซอยอื่น ในขณะที่ซอยอื่นระดับน้ำได้ลดลงแล้,https://storage.googleapis.com/traffy_public_bucket/attachment/2022-12/da2125e781282589d482070c3dba1726aa16a4a7.jpg
2026-FXRKEW,inprogress,2026-09-29 12:17,2026-09-29 13:39,100.6419,13.74907,บางกะปิ,หัวหมาก,ปัญหา: เข้าซอยหัวหมาก 9 แยก 3 บริเวณบ้านเลขที่ 18 เนื่องจากเหตุอุทกภัย ต้องการความช่วยเหลือขอรับเครื่องอุปโภคบริโภค ถุงยังชีพ อาหาร และน้ำดื่ม อย่างเร่งด่วน บ้านเลขที่: 18 ซอย: หัวหมาก 9 แยก 3 ถนน: หัวหมาก เขต: บางกะปิ #1555,https://storage.googleapis.com/traffy_public_bucket/attachment/2022-12/da2125e781282589d482070c3dba1726aa16a4a7.jpg
2026-J8JTNF,inprogress,2026-09-29 12:18,2026-10-02 10:41,100.36465,13.73029,บางแค,บางไผ่,ปัญหาน้ำท่วมขัง เนื่องมีการถมดินบริเวนใต้สะพานยูเทินทำถนนเข้าไปแต่ไม่วางท่อทำให้น้ำไม่สามารถระบายลงคลองทวีวัฒนาได้ จึงทำให้น้ำท่วมขังจึงอยากให้เขตเข้ามาดูให้หน่อยครับ ความสูงระดับตามในรุปเลยครับ น้ำท่วมมาแล้วจะถึงพื้นบ้านแล้วครับ อีก 10 เซ็น,https://storage.googleapis.com/traffy_public_bucket/attachment/2026-09/7b3046bde6af7882f30f00d61f89acef.jpeg
2026-RFGLHD,inprogress,2026-09-29 12:18,2026-09-29 15:09,100.68932,13.66934,ประเวศ,ดอกไม้,เหตุ น้ำท่วมถึงโคนขามา4วันแล้วทุกแยก38แยก ได้แจ้งขอความช่วยเหลือไปยังเขตแล้ว ต้องการถุงยังชีพ/น้ำ รีบระบายน้ำหรือเพิ่มเครื่องสูบน้ำเพราะเครื่องสูบน้ำที่สพานคลองจาพรเสียไม่ทำงานเลย หากน้ำลดลงขะช่วยตัวเองได้ ทั้ง38แยกรกานอนุเคราะปนะมาณ200ครอบครัว เลยหัวเข่า,https://storage.googleapis.com/traffy_public_bucket/attachment/2026-09/5690532eddc62ef55d55af2f2a5625ce.jpeg
2026-ZNUTVZ,inprogress,2026-09-29 12:18,2026-09-29 12:26,100.63535,13.72924,สวนหลวง,สวนหลวง,ปัญหา: ท้ายซอยย่อยดังกล่าว บ้านเลขที่ 390 เนื่องจากเกิดเหตุอุทกภัย จึงมีความประสงค์ขอรับความช่วยเหลือด้านอาหารและน้ำดื่ม สำหรับผู้พักอาศัย หมู่บ้าน: เคหะนคร 3 (ซอย 25) ซอย: พัฒนาการ 50 ถนน: พัฒนาการ จุดสังเกต: บ้านหลังสุดท้าย เขต: สวนหลวง #1555,https://storage.googleapis.com/traffy_public_bucket/attachment/2022-12/da2125e781282589d482070c3dba1726aa16a4a7.jpg
2026-4C46YJ,start,2026-09-29 12:19,2026-09-29 12:19,100.74112,13.72064,ลาดกระบัง,ลาดกระบัง,รบกวนช่วยเช็คลาดกระบัง30/5 ด้วยครับ ขณะนี้ฝนหยุดตกแล้วแต่น้ำเหมือนจะขึ้นอยู่ไม่มั่นใจเป็นที่อะไร ความสูงระดับรบกวนช่วยให้หน่วยงานมาสำรวจทางระบายน้ำได้ไหมครับ น้ำท่วมมาแล้วตั้งแต่วันศุกร์ครับ,https://storage.googleapis.com/traffy_public_bucket/attachment/2026-09/thumb_2e579e82a38b9608fa399882fbfc2b95.jpg
2026-9RJD2W,forward,2026-09-29 12:19,2026-09-29 19:24,100.63632,13.8921,สายไหม,คลองถนน,หมู่บ้าน casa ville วัชรพล คลองถนน น้ำในหมู่บ้านท่วมใาหลายวัน วันนี้เริ่มลด แต่เริ่มส่งกลิ่นเหม็น อยากขอความช่วยเหลือสูบน้ำเน่าออก หรือขอก้อน em ด่วนเลยได้มั้ยคะ ความสูงระดับหน้าแข้ง น้ำท่วมมาแล้วน้อยกว่า 1 สัปดาห์,https://storage.googleapis.com/traffy_public_bucket/attachment/2026-09/3441f5c2856d6b0782586527dac28a77.jpeg
2026-KVB6T6,inprogress,2026-09-29 12:19,2026-09-29 15:24,100.68163,13.70863,ประเวศ,ประเวศ,น้ำยังไม่ลด ขอรถรับส่งเข้าออก น้ำท่วมสูง 80 ซม. ความสูงระดับ80-100 ซม. น้ำท่วมมาแล้ว5 วัน,https://storage.googleapis.com/traffy_public_bucket/attachment/2026-09/42dcca364cf7931c90f22f593ed926c4.jpeg
2026-CLN2ZN,start,2026-09-29 12:20,2026-09-29 12:20,100.72924,13.76656,ลาดกระบัง,คลองสองต้นนุ่น,ผู้เดือดร้อนนำ้ท่วมอยู่เคหะร่มเกล้า ซอย24 ข้ามสะพานข้ามคลองเข้าไป จะเจอศาลพระพรม เลี้ยวเข้าซอยไป 50 เมตร แล้วเลี้ยวขวา บ้านชั้นเดียว ประตูสีนำ้เงิน แขวงลาดกระบัง มีแต่คนไปช่วย ช่วยแต่ด้านนอก เข้าไม่ถึง ผู้ประสพภัยชื่อ *** เบอร์โทรศัพท์ *** โทรสอบถามได้ ค,https://storage.googleapis.com/traffy_public_bucket/attachment/2026-09/thumb_39b036cd8236b6407c63817743cddf36.jpg
2026-MTFR7D,inprogress,2026-09-29 12:21,2026-09-29 15:47,100.74181,13.80356,มีนบุรี,แสนแสบ,น้ำท่วมในหมู่บ้านปรีชาร่มเกล้า แขวงแสนแสบ เขตมีนบุรี กทม. น้ำท่วมสูงเข้าวันที่4แล้ว นำไปลดลง ใช้เครื่องสูบน้ำแล้วแต่กำลังไม่เพียงพอ ต้องการเครื่องสูบน้ำเพิ่ม ความสูงระดับหัวเข่า น้ำท่วมมาแล้วน้อยกว่า 1 สัปดาห์,https://storage.googleapis.com/traffy_public_bucket/attachment/2026-09/29cd91140a68240676b9074b0689ef36.jpeg
2026-KLGFZ6,finish,2026-09-29 12:23,2026-10-05 13:24,100.60445,13.88823,บางเขน,อนุสาวรีย์,ปัญหา: ริมถนนดังกล่าว บริเวณคอนโดเดอะ เบส สะพานใหม่ เนื่องจากเกิดเหตุอุทกภัย จึงมีความประสงค์ขอรับความช่วยเหลือด้านอาหารและน้ำดื่ม สำหรับผู้พักอาศัยประมาณ 500 ราย ทั้งนี้คอนโดมีคนท้อง ผู้สูงอายุ และคนพิการ) ถนน: พหลโยธิน จุดสังเกต: อยู่ระหว่างถนนนรามอินทร,https://storage.googleapis.com/traffy_public_bucket/attachment/2022-12/da2125e781282589d482070c3dba1726aa16a4a7.jpg
2026-ZP49M9,inprogress,2026-09-29 12:24,2026-09-29 15:13,100.68814,13.70662,ประเวศ,ประเวศ,มีน้ำท่วมขังสูง 50-60 cm ความสูงระดับหน้าหมู่บ้าน ประมาณ 60cm ในหมู่บ้าน 50cm ได้ค่ะ น้ำท่วมมาแล้วตั้งแต่วันศุกร์ที่ 25 ค่ะ,https://storage.googleapis.com/traffy_public_bucket/attachment/2026-09/a647432d37f44577c1d8d0a229be6df0.jpeg
2026-99HERY,inprogress,2026-09-29 12:25,2026-09-29 15:14,100.6939,13.66894,ประเวศ,ดอกไม้,ตอนนี่ในซอยวัดทุ่งเศรษฐี แขวงดอกไม้ เขตประเวศ น้ำยังท่วมสูงเกินขอบฟุตบาท รบกวนดูเรื่องแนวทางการระบายน้ำหน่อยคะ ในซอยย่อยประมาณ 10-20 cm คะด้านนอกเสมอหรือสูงกว่าของฟุตบาทคะ 5 วันแล้วนับจากวันที่ 25,https://storage.googleapis.com/traffy_public_bucket/attachment/2026-09/7c60b5d27fe63cacc93331fe64d73fa1.jpeg
2026-A38MFF,inprogress,2026-09-29 12:25,2026-09-29 12:43,100.69322,13.75682,สะพานสูง,สะพานสูง,ปัญหา: ภายในซอยดังกล่าว พบน้ำท่วมขังในระดับสูง พบเห็นมา 3 วันแล้ว ขอให้หน่วยงานที่เกี่ยวข้องลงพื้นที่ตรวจสอบและให้ความช่วยเหลือ พร้อมทั้งเร่งดำเนินการระบายน้ำออกจากพื้นที่ ซอย: กาญจนาภิเษก 12 ถนน: คู่ขนานกาญจนาภิเษก เขต: สะพานสูง #1555,https://storage.googleapis.com/traffy_public_bucket/attachment/2022-12/da2125e781282589d482070c3dba1726aa16a4a7.jpg
2026-U6CMA4,forward,2026-09-29 12:25,2026-09-29 19:24,100.64631,13.9067,สายไหม,สายไหม,น้ำท่วมในและยอกบ้านเต็มพื้นที่ ความสูงระดับหน้าแข้ง น้ำท่วมมาแล้วน้อยกว่า 1 สัปดาห์,https://storage.googleapis.com/traffy_public_bucket/attachment/2026-09/95f5b6a25be0ee7a0e85abb92c402b27.jpeg
2026-BFN64E,inprogress,2026-09-29 12:26,2026-09-29 14:21,100.69339,13.72451,ประเวศ,ประเวศ,หมู่บ้านในซอยเฮชิมพระเกียรติ ร.9 ซอย 87 ฝนไม่ตกแต่น้ำก็ไม่ลด ซอยเฉลิมพระเกียรติ ร.9 ซอย 87 น้ำท่วมมาแล้วมากกว่า 1 สัปดาห์,https://storage.googleapis.com/traffy_public_bucket/attachment/2026-09/7a13b61a0ec70f9660e6c6a8d478ee4b.jpeg
2026-G83W26,irrelevant,2026-09-29 12:27,2026-09-29 15:43,100.68955,13.71594,ประเวศ,ประเวศ,ไม่แสดงรายละเอียด,https://storage.googleapis.com/traffy_public_bucket/TeamChadChart/fondue_photo.png
2026-KEFDYL,inprogress,2026-09-29 12:28,2026-09-29 15:47,100.7891,13.83003,มีนบุรี,แสนแสบ,แจ้งน้ำท่วมขัง หมู่บ้านมีนบุรีการ์เด้นโฮม ซ.ราษฎร์อุทิศ 48 แขวงแสนแสบ เขตมีนบุรี รถเล็กไม่สามารถเข้าออกได้ ความสูงระดับหัวเข่า น้ำท่วมมาแล้วน้อยกว่า 1 สัปดาห์,https://storage.googleapis.com/traffy_public_bucket/attachment/2026-09/d16d853204e75bb35deb9d872a514f78.jpeg
2026-ZZFX8P,inprogress,2026-09-29 12:28,2026-09-29 12:42,100.63094,13.77959,บางกะปิ,คลองจั่น,น้ำท่วม ยังไม่ลด ขอกระสอบทราบมา 5 วัยแล้ว ความสูงระดับหัวเข่า น้ำท่วมมาแล้ว5 วัน,https://storage.googleapis.com/traffy_public_bucket/attachment/2026-09/thumb_ce10c21a1100ebba65fb24d6cf83187d.jpg
2026-ZZFX8P,finish,2026-09-29 12:28,2026-10-09 15:55,100.63094,13.77959,บางกะปิ,คลองจั่น,น้ำท่วม ยังไม่ลด ขอกระสอบทราบมา 5 วัยแล้ว ความสูงระดับหัวเข่า น้ำท่วมมาแล้ว5 วัน,https://storage.googleapis.com/traffy_public_bucket/attachment/2026-09/thumb_ce10c21a1100ebba65fb24d6cf83187d.jpg
2026-KUAKXD,inprogress,2026-09-29 12:29,2026-09-29 15:18,100.69439,13.70095,ประเวศ,ดอกไม้,น้ำท่วมขังระดับเอว ซอย 62 ถ.เฉลิมพระเกียรติ ร.9 เข้าวันที่ 4 ระดับไม่ลดลงเลย ความสูงระดับเอว น้ำท่วมมาแล้วน้อยกว่า 1 สัปดาห์,https://storage.googleapis.com/traffy_public_bucket/attachment/2026-09/007c32c915b7424e4f0b50066e891132.jpeg
2026-KUAKXD,follow,2026-09-29 12:29,2026-10-07 20:10,100.69439,13.70095,ประเวศ,ดอกไม้,น้ำท่วมขังระดับเอว ซอย 62 ถ.เฉลิมพระเกียรติ ร.9 เข้าวันที่ 4 ระดับไม่ลดลงเลย ความสูงระดับเอว น้ำท่วมมาแล้วน้อยกว่า 1 สัปดาห์,https://storage.googleapis.com/traffy_public_bucket/attachment/2026-09/007c32c915b7424e4f0b50066e891132.jpeg
2026-UTA3MG,finish,2026-09-29 12:30,2026-10-02 12:53,100.61911,13.77235,วังทองหลาง,พลับพลา,สวัสดีค่ะ น้ำท่วมเข้ามาในตัวบ้านข้างในอยู่ระดับเข่า ณปัจจุบันน้ำเริ่มลดแล้ว ต้องการขอความช่วยเหลือสูบน้ำออกจากตัวบ้านและช่วยเก็บข้าวของและขยะเนื่องจากน้ำท่วมค่ะ เนื่องจากน้ำเข้าบ้านตอนกลางดึกวันเสาร์ที่ 26 กันยายน ทำให้ไม่สามารถเก็บของหรือจัดเก็บได้ทัน ทำ,https://storage.googleapis.com/traffy_public_bucket/attachment/2026-09/thumb_e91242ec84f099972f9f8e08e5bdc2e7.jpg
2026-4XFME7,inprogress,2026-09-29 12:31,2026-09-29 13:45,100.64885,13.77894,บางกะปิ,คลองจั่น,บ้านตามสถานที่ที่ส่งไป มีน้ำท่วมขังเข้าบ้าน ท่วมรถ 2 คัน น้ำเข้าในบ้าน อุปกรณ์เครื่องใช้ไฟฟ้าโดนน้ำท่วม มีตู้แช่ ปั๊มน้ำ มอเตอร์ไฟฟ้า เครื่องซักผ้า เครื่องปรับอากาศ(คอยล์ร้อน) เฟอร์นิเจอร์เหล็ก เฟอร์นิเจอร์ไม้ อุปกรณ์ในการประกอบอาชีพ โต๊ะเก้าอี้ที่ใช้ในกา,https://storage.googleapis.com/traffy_public_bucket/attachment/2026-09/thumb_0e2a40896778c48c791aef4fb989bc71.jpg
2026-A4Z44U,finish,2026-09-29 12:31,2026-09-29 20:30,100.67568,13.83541,คันนายาว,คันนายาว,ปัญหา: ตลอดทั้งซอยกาญจนาภิเษก 11/1 เนื่องจากเกิดเหตุอุทกภัย จึงมีความประสงค์ขอรับความช่วยเหลือด้านอาหารและน้ำดื่ม ประชากรมากกว่า 50 คน ถนน: กาญจนาภิเษก เขต: คันนายาว #1555,https://storage.googleapis.com/traffy_public_bucket/attachment/2022-12/da2125e781282589d482070c3dba1726aa16a4a7.jpg
2026-DXHDDU,start,2026-09-29 12:33,2026-09-29 12:33,100.75231,13.71861,ลาดกระบัง,ลาดกระบัง,น้ำเข้ามาในบ้านขัง 4 วันแล้ว กำลังจะเน่า ต้องการให้เร่งระบายน้ำออก ความสูงระดับน้ำหน้าบ้านเลยหัวเข่า น้ำท่วมมาแล้วในบ้านใต้เข่า,https://storage.googleapis.com/traffy_public_bucket/attachment/2026-09/087e24e0c3a1769fe7334ca8ff788cc7.jpeg
2026-XGXEA2,inprogress,2026-09-29 12:33,2026-09-29 15:48,100.71222,13.79119,มีนบุรี,มีนบุรี,น้ำยังไม่ค่อยลดลงเลยถ้าฝนตกลงมาอีกคงสูงขึ้นอีกขอให้เร่งระบายน้ำเพิ่มเครื่องสูบสามารถระบายลงคลองได้เร็วขึ้น ความสูงระดับหน้าแข้ง น้ำท่วมมาแล้วน้อยกว่า 1 สัปดาห์,https://storage.googleapis.com/traffy_public_bucket/attachment/2026-09/86c1e3dcba1c6118c4270ca3d04d6cf3.jpeg
2026-K6WA47,inprogress,2026-09-29 12:34,2026-09-29 12:52,100.68551,13.77502,สะพานสูง,สะพานสูง,น้ำท่วมขังหน้าบ้าน 60-70 cm รถเล็กผ่านไม่ได้ ท่วมตั้งแต่วันศุกร์ น้ำแทบไม่ลด ที่บ้านอาหารหมด ความสูงระดับหัวเข่า น้ำท่วมมาแล้วน้อยกว่า 1 สัปดาห์,https://storage.googleapis.com/traffy_public_bucket/attachment/2026-09/de6f0f9364c4dd311d0c8a71eb1f8500.jpeg
2026-K7JYLW,inprogress,2026-09-29 12:34,2026-09-29 15:48,100.71372,13.78789,มีนบุรี,มีนบุรี,อยู่ในหมู่บ้านเพอร์เฟคเพลส ซอยรามคำแหง 164 ซอยย่อย 5 ปัญหาคือ น้ำท่วมขังมาตั้งแต่วันศุกร์ที่ 25 กันยายน ณ ปัจจุบัน วันที่ 29 กันยา น้ำยังไม่ลดยังท่วมขัง น้ำเริ่มเน่า รถยนต์ออกจากบ้านไม่ได้ ถ้าได้รับการระบายจะดีกว่านี้ค่ะ ผู้สร้างหมู่บ้านเขาไม่ได้มาดูแล,https://storage.googleapis.com/traffy_public_bucket/attachment/2026-09/48023acf376cf614671cd64a4043223a.jpeg
2026-FGBY87,inprogress,2026-09-29 12:37,2026-09-29 15:48,100.72166,13.79288,มีนบุรี,มีนบุรี,น้ำท่วมที่ม.เจริญชัย4 ซอยรามคำแหง 174 ท่วมตั้งแต่เช้าวันที่ 25 จนถึงวันนี้ ไม่มีใครเข้ามาให้ความช่วยเหลือเลยค่ะ ความสูงระดับระดับประมาณใต้เข่าของคนที่สูง 150 ค่ะ น้ำท่วมมาแล้วตั้งแต่เช้าวันที่ 25 ก.ย.จนถึงตอนนี้ค่ะ,https://storage.googleapis.com/traffy_public_bucket/attachment/2026-09/thumb_7ec1d6854e3563a5dd2fd66b20865242.jpg
2026-BWJTG8,forward,2026-09-29 12:38,2026-10-05 16:50,100.7495,13.82966,คลองสามวา,ทรายกองดินใต้,น้ำท่วมถนนในซอย ประชาชนร่วมใจ9 มีจุดลึกประมาณ50ซม.ช่วงกชางซอย ทำให้การสัญจรติดขัด และน้ำมีเพิ่มขึ้นต่อเนื่อง ทำให้สัตว์เกษตรได้รับผลกระทบนี้ด้วย ความสูงระดับช่วงกลางซอยสูงประมาณ40-50ซม. เท่าหัวเข่าค่ะ น้ำท่วมมาแล้วท่วมมาตั้งแต่ 26ถึงปัจจุบันค่ะ มีน้ำขึ้นม,https://storage.googleapis.com/traffy_public_bucket/attachment/2026-09/37e0c501a75a74fc0578b46632798c9f.jpeg
2026-LWZPA3,inprogress,2026-09-29 12:38,2026-09-30 08:45,100.607,13.93614,ดอนเมือง,สีกัน,ในจุดอื่นน้ำยุบแล้ว แต่ถนนซอยข้างสน.ดอนเมืองเก่า น้ำไม่ยุบเลย ยังสูงสัญจรลำบากมาก ควรทำถนนให้สูงขึ้นนะคะ ความสูงระดับหัวเข่าค่ะ น้ำท่วมมาแล้วประมาณ 5 วันแล้ว,https://storage.googleapis.com/traffy_public_bucket/attachment/2026-09/32047122efca23aa059896ebcc181258.jpeg
2026-U7FR6P,inprogress,2026-09-29 12:38,2026-09-29 15:48,100.77272,13.79641,มีนบุรี,แสนแสบ,น้ำท่วมบ้านเรือนประชาชน ความสูงระดับหัวเข่า น้ำท่วมมาแล้วน้อยกว่า 1 สัปดาห์,https://storage.googleapis.com/traffy_public_bucket/attachment/2026-09/a8a22621f4ca55e5e66e993e2d0289c9.jpeg
2026-U7FR6P,follow,2026-09-29 12:38,2026-10-08 16:51,100.77272,13.79641,มีนบุรี,แสนแสบ,น้ำท่วมบ้านเรือนประชาชน ความสูงระดับหัวเข่า น้ำท่วมมาแล้วน้อยกว่า 1 สัปดาห์,https://storage.googleapis.com/traffy_public_bucket/attachment/2026-09/a8a22621f4ca55e5e66e993e2d0289c9.jpeg
2026-AZM9DD,inprogress,2026-09-29 12:40,2026-09-29 15:42,100.70805,13.6983,ประเวศ,ประเวศ,น้ำท่วมขังบริเวณชุมชน 14 19 40 ไร่ ในซอยน้ำท่วมสูงมากกว่า ถนนเมนหลักที่ทำถนนแล้ว หัวเข่าค่ะ 4วันค่ะ,https://storage.googleapis.com/traffy_public_bucket/attachment/2026-09/7f0762ea0985843135b9ea73202f4ce3.jpeg
2026-LZM6WU,finish,2026-09-29 12:40,2026-09-30 08:52,100.63628,13.7485,สวนหลวง,สวนหลวง,ปัญหา: ภายในชุมชนวิเศษสุข 1 เนื่องจากประสบเหตุอุทกภัย มีความประสงค์ขอรับการสนับสนุนเครื่องอุปโภคบริโภคสำหรับประชาชนผู้พักอาศัยภายในชุมชนดังกล่าว ซอย: วิเศษสุข 1 ถนน: พระราม 9 จุดสังเกต: เข้าทางซอยหัวหมาก 21 อยู่บริเวณด้านหลังโรงพยาบาลสมิติเวช ศรีนครินทร,https://storage.googleapis.com/traffy_public_bucket/attachment/2022-12/da2125e781282589d482070c3dba1726aa16a4a7.jpg
2026-7EX4TH,forward,2026-09-29 12:42,2026-09-30 13:29,100.74255,13.84681,คลองสามวา,ทรายกองดิน,น้ำท่วมขังในหมู่บ้าน รถเล็กออกไม่ได้ ตรงบริเวณสะพานทางเข้ามาหมู่บ้านสูงกว่าด้านใน และด้านในน้ำเริ่มเข้าลานจอดรถ จนจะเข้าบ้านแล้ว ฝนหยุด แต่ น้ำไม่ลดเลย มีแต่เพิ่ม คนออกไม่ได้ เซเว่นก็ของหมดค่ะ รบกวนช่วยมาดูดน้ำออกหน่อยได้ไหมคะ ความสูงระดับหัวเข่า น้ำท่วมม,https://storage.googleapis.com/traffy_public_bucket/attachment/2026-09/f334e860e7d9b2ef6111ce485dc4254a.jpeg
2026-2EN323,inprogress,2026-09-29 12:44,2026-09-29 14:16,100.68621,13.72193,ประเวศ,ประเวศ,หมู่บ้าน เนอวาน่า สุขุมวิท 77 ก่อนถึงวัดกระทุ่มเสือปลา เขตประเวศ น้ำท่วมแช่มาห้าวันแล้วค่ะ ช่วยระบายน้ำออกจากหมู่บ้านไปบ้างได้ไหมคะ ความสูงระดับสูงสุดเลยหัวเข่ามา 1 คืบค่ะ น้ำท่วมมาแล้ว5 วันค่ะ ตั้งแต่วันที่ 25/9/2569,https://storage.googleapis.com/traffy_public_bucket/attachment/2026-09/2cf26b312221aa73248bbe376d0be63f.jpeg
2026-YXZJFY,finish,2026-09-29 12:45,2026-10-05 13:35,100.62446,13.80528,บางกะปิ,คลองจั่น,ปัญหา: ภายในซอยดังกล่าว หมู่บ้านลาดพร้าวโครงการ 1 พบน้ำท่วมขัง ระดับสูง 80 เซนติเมตร และน้ำไหลเข้าบ้านเรือนประชาชนแล้ว สร้างความเดือดร้อนให้กับผู้พักอาศัยภายในหมู่บ้าน ขอให้เจ้าหน้าที่เร่งดำเนินการระบายน้ำ หมู่บ้าน: ลาดพร้าวโครงการ 1 ซอย: โยธินพัฒนา 11 แ,https://storage.googleapis.com/traffy_public_bucket/attachment/2022-12/da2125e781282589d482070c3dba1726aa16a4a7.jpg
2026-HZ29DN,finish,2026-09-29 12:47,2026-10-01 10:20,100.66891,13.87147,บางเขน,ท่าแร้ง,ปัญหา: ภายในหมู่บ้านจินดาทาวน์ พบบ้านเลขที่ 6/207 เนื่องจากเหตุอุทกภัย ต้องการความช่วยเหลือขอรับเครื่องอุปโภคบริโภค ประเภทน้ำดื่ม และยาทาน้ำกัด หมู่บ้าน: จินดาทาวน์ ซอย: คู้บอน 27 แยก 58 ถนน: คู้บอน เขต: บางเขน #1555,https://storage.googleapis.com/traffy_public_bucket/attachment/2022-12/da2125e781282589d482070c3dba1726aa16a4a7.jpg
2026-YTBXJU,inprogress,2026-09-29 12:47,2026-09-29 13:43,100.62445,13.80528,บางกะปิ,คลองจั่น,ปัญหา: ภายในซอยดังกล่าว หมู่บ้านลาดพร้าวโครงการ 1 มีความประสงค์ขอรับการสนับสนุนเครื่องอุปโภคบริโภคและยารักษาโรค โดยเฉพาะอาหารแห้ง จึงขอให้เจ้าหน้าที่เร่งดำเนินการให้ความช่วยเหลือ หมู่บ้าน: ลาดพร้าวโครงการ 1 ซอย: โยธินพัฒนา 11 แยก 7 ถนน: โยธินพัฒนา เขต: บ,https://storage.googleapis.com/traffy_public_bucket/attachment/2022-12/da2125e781282589d482070c3dba1726aa16a4a7.jpg
2026-UTUXDX,forward,2026-09-29 12:48,2026-09-29 12:51,100.63529,13.78666,บางกะปิ,คลองจั่น,"ซอยลาดพร้าว107 ท้ายซอยหน้าหมู่บ้านศุภาลัย น้ำท่วมระดับหน้าแข้ง รถเล็กผ่านไม่ได้ ลดบลงช้า , ตอนนี้ระดับน้ำต่ำกว่าขอบคลอง อยากได้เครื่องสูบน้ำ มาสูบน้ำจากถนนลงคลองคะ 40ซม.คะ ตั้งแต่26/9 แต่ 26/9สูงสัก80ซม.",https://storage.googleapis.com/traffy_public_bucket/attachment/2026-09/a4779b1ea8858c7ed437731a05fc0e24.jpeg
2026-2NPDVA,finish,2026-09-29 12:50,2026-09-29 19:46,100.67891,13.76467,สะพานสูง,สะพานสูง,ในหมู่บ้านสัมมากร รามคำแหง น้ำท่วมขังสูงเลยเข่า รถเล็กเข้าออกไม่ได้คะ น้ำท่วมเข้าบริเวณบ้าน เริ่มส่งกลิ่นเหม็น มีคนชราในบ้านคนเดียว ความสูงระดับหัวเข่า น้ำท่วมมาแล้วน้อยกว่า 1 สัปดาห์,https://storage.googleapis.com/traffy_public_bucket/attachment/2026-09/d4c34fd67f2d7d7aa2ce7ae39b060d95.jpeg
2026-AJ9FTW,forward,2026-09-29 12:50,2026-09-29 19:23,100.6138,13.89303,สายไหม,คลองถนน,สวัสดีค่ะ ติดต่อจากคอนโดนิวพอร์ตเพลสนะคะ พหลโยธิน 52 แยก 16 ท้ายซอยค่ะ ปกติซอยนี้เป็นพื้นที่ต่ำค่ะ เวลาฝนตกหนักก็จะมีน้ำท่วมขังมาหลายปีแล้วค่ะ เคยแจ้งไปหลายที่แต่ยังไม่ได้รับแนวทางการแก้ไขค่ะ ประกอบกับปัจจุบันมีการสร้างคอนโดใหม่พร้อมยกถนนขึ้นสูงกว่าซอยคอน,https://storage.googleapis.com/traffy_public_bucket/attachment/2026-09/thumb_6335ee85fc01f58b2154f1f2bae02d4d.jpg
2026-HEXF6B,inprogress,2026-09-29 12:52,2026-09-29 13:41,100.64561,13.74324,สวนหลวง,สวนหลวง,ปัญหา: ภายใน The Iris Condo ห้องเลขที่ 515/25 ชั้น 25 เนื่องจากเหตุอุทกภัย ต้องการความช่วยเหลือและขอรับอาหารและน้ำดื่ม ประชาชน จำนวน 2 ท่าน ถนน: ศรีนครินทร์ เขต: สวนหลวง #1555,https://storage.googleapis.com/traffy_public_bucket/attachment/2022-12/da2125e781282589d482070c3dba1726aa16a4a7.jpg
2026-U9PCVA,inprogress,2026-09-29 12:52,2026-09-29 15:49,100.75432,13.77823,มีนบุรี,แสนแสบ,น้ำท่วมในซอยร่มเกล้า 15 หมู่บ้านพนาสนธิ์ การ์เด้นโฮม 3 น้ำท่วมมาตั้งแต่วันศุกร์ 25-09-26 น้ำหน้าหมู่บ้านค่อนข้างลึก รถเล็กไม่สามารถขับผ่านออกไปได้ อยากให้ช่วยทำอย่างไรก็ได้ เพื่อให้น้ำลดลงไวๆค่ะ เอาแค่ให้ระดับรถเล็กผ่านเข้าออกได้ก็ยังดีค่ะ หน้าหมู่บ้าน แ,https://storage.googleapis.com/traffy_public_bucket/attachment/2026-09/e8fcaa5151878f641af072b5f97f9add.jpeg
2026-6Z2L8G,inprogress,2026-09-29 12:53,2026-09-29 15:49,100.71335,13.81069,มีนบุรี,มีนบุรี,ขอแจ้งเหตุน้ำท่วมค่ะ ถนนเสรีไทย ซอยเสรีไทย95 เขตมีนบุรี กรุงเทพฯ ตอนนี้ น้ำท่วมสูงระดับแข้ง ท่วมทั้ง บริเวณบ้านและถนนตามภาพ รบกวนส่งเจ้าหน้าที่เข้าตรวจสอบและช่วยเร่งระบายน้ำนำเครื่องสูบน้ำมาช่วยด้วยครับ ความสูงระดับแข้งครับ น้ำท่วมมาแล้ว4-5วัน,https://storage.googleapis.com/traffy_public_bucket/attachment/2026-09/117ec365b36b465da780c86ff4323dbc.jpeg
2026-N6CVDJ,inprogress,2026-09-29 12:53,2026-09-29 15:51,100.61969,13.94735,ดอนเมือง,สนามบิน,ในรูปคือภาพล่าสุดในวันที่ 29/9/26 เวลาประมาณ7โมงเช้า อยากให้ช่วยประสานงานเรื่องน้ำท่วมที่หมู่บ้านพิพรพงษ์2 ซอยวิภาวดีรังสิต 84 อยากให้มีเครื่องสูบน้ำระบายน้ำออกจากซอยบ้านคนให้หน่อยค่ะ เนื่องจากน้ำท่วมฝนซอยบ้านตั้งแต่วันศุกร์ที่25/9/26 จนตอนนี้ระดับน้ำมีแต,https://storage.googleapis.com/traffy_public_bucket/attachment/2026-09/410fccc50e5a0489edb3622531ca65ef.jpeg
2026-43R82D,inprogress,2026-09-29 12:54,2026-09-29 13:25,100.82516,13.80097,หนองจอก,ลำผักชี,ตอนนี้ระดับสูงขึ้นจากที่แจ้งเมื่อ3วันก่อนเยอะเลยครับ ตอนนี้น้ำน่าจะเมตรกว่าได้บริเวณถนน ตอนการให้เร่งสูบน้ำและกระสอบทรายครับ ความสูงระดับเอว น้ำท่วมมาแล้วน้อยกว่า 1 สัปดาห์,https://storage.googleapis.com/traffy_public_bucket/attachment/2026-09/212e83e2315863af146c8425fcdd11e9.jpeg
2026-48DB8E,finish,2026-09-29 12:54,2026-10-05 13:25,100.64967,13.75478,บางกะปิ,หัวหมาก,ถนนรามคำแหง 60 แยก 10 แยก 12 น้ำท่วมมาตั้งแต่คืนวันศุกร์แล้วค่ะ วันนี้พึ่งน้ำลกลงไปนิ้วเดียว รบกวนขอเครื่องช่วยสืบน้ำลงคลองหน่อยได้มั้ยค่า น้ำมันเริ่มเน่าแล้วค่ะ ที่บ้านตอนนี้ไม่กล้าใช้ไฟ น้ำประปาก็เริ่มไหลน้อยแล้วค่ะ รบกวนมาดูดน้ำให้หน่อยคะ ความสูงระดับ,https://storage.googleapis.com/traffy_public_bucket/attachment/2026-09/def967971c68ec636ad14ca63c0c38d9.jpeg
2026-9KRAM8,finish,2026-09-29 12:56,2026-10-02 09:49,100.64209,13.75122,บางกะปิ,หัวหมาก,น้ำท่วมออฟฟิศ หัวหมากซอย 7 #ขอกระสอบทราย/อื่นๆ,https://storage.googleapis.com/traffy_public_bucket/attachment/2026-09/7baa854c21ca9cb1c45f3ad870bc10f5.jpeg
2026-9WTGWB,inprogress,2026-09-29 12:56,2026-09-29 13:25,100.80245,13.78229,หนองจอก,ลำผักชี,ยังไม่ได้รับการช่วยเหลือที่แจ้งไปแล้วค่ะ ความสูงระดับหน้าแข้ง น้ำท่วมมาแล้วน้อยกว่า 1 สัปดาห์,https://storage.googleapis.com/traffy_public_bucket/attachment/2026-09/c1547169d9b0e0e67789a7207868e43b.jpeg
2026-7L3F74,inprogress,2026-09-29 12:58,2026-09-29 13:11,100.62167,13.87056,บางเขน,อนุสาวรีย์,สวัสดีค่า ชื่อกนกพร อยู่ ซอยรามอินทรา 21แยก 22ค่ะ น้ำลดลงแล้วนะคะ แต่ที่ซอยนี้ น้ำยังไม่ลดเท่าไรเลยค่ ประมาณหน้าแข้งค่า จะรบกวน ช่วย เร่งสูบระบายน้ำให้ด้วยค่ะ ขอบคุณมากค่า ความสูงระดับหน้าแข้ง น้ำท่วมมาแล้วน้อยกว่า 1 สัปดาห์,https://storage.googleapis.com/traffy_public_bucket/attachment/2026-09/6436e4e07233ebe476d5edcd929e3ec0.jpeg
2026-7L3F74,finish,2026-09-29 12:58,2026-10-09 13:44,100.62167,13.87056,บางเขน,อนุสาวรีย์,สวัสดีค่า ชื่อกนกพร อยู่ ซอยรามอินทรา 21แยก 22ค่ะ น้ำลดลงแล้วนะคะ แต่ที่ซอยนี้ น้ำยังไม่ลดเท่าไรเลยค่ ประมาณหน้าแข้งค่า จะรบกวน ช่วย เร่งสูบระบายน้ำให้ด้วยค่ะ ขอบคุณมากค่า ความสูงระดับหน้าแข้ง น้ำท่วมมาแล้วน้อยกว่า 1 สัปดาห์,https://storage.googleapis.com/traffy_public_bucket/attachment/2026-09/6436e4e07233ebe476d5edcd929e3ec0.jpeg
2026-2LNWA2,inprogress,2026-09-29 13:00,2026-09-29 16:03,100.69929,13.81465,มีนบุรี,มีนบุรี,ปัญหา: ภายในซอยดังกล่าว พบน้ำท่วมขัง ระดับสูง 50 เซนติเมตร ยังไม่มีเจ้าหน้าที่เข้าตรวจสอบ มีผู้อาศัย 4 ท่าน ขอให้จัดสรรเจ้าหน้าที่เข้าตรวจสอบและดูแลการระบายน้ำ พร้อมขอรับการจัดสรรอาหาร สามารถติดต่อสอบถามได้ที่คุณปิยะนุช หมายเลข 0819389925 ซอย: รามอินทรา 1,https://storage.googleapis.com/traffy_public_bucket/attachment/2022-12/da2125e781282589d482070c3dba1726aa16a4a7.jpg
2026-4GKXKP,inprogress,2026-09-29 13:01,2026-09-29 13:20,100.69004,13.69255,ประเวศ,ดอกไม้,อยากแจ้งเรื่องปัญหาท่อระบายน้ำบริเวณซอยเฉลิมพระเกียรติ 48 ทุกซอยเลยค่ะ พบปัญหาท่อระบายน้ำตัน ความสูงระดับอยากแจ้งเรื่องปัญหาท่อระบายน้ำบริเวณซอยเฉลิมพระเกียรติ 48 ทุกซอยเลยค่ะ พบปัญหาท่อระบายน้ำตัน น้ำท่วมมาแล้วท่วมถึงเข่าเลยค่ะ 3-4 วัน,https://storage.googleapis.com/traffy_public_bucket/attachment/2026-09/30afee4d2c78647c446c2e5cbd1b6d92.jpeg
2026-P8B6G3,inprogress,2026-09-29 13:01,2026-09-29 13:25,100.69406,13.73092,ประเวศ,ประเวศ,แต่ปัญหาน้ำท่วมในซอยเฉลิมพระเกียรติร 9 87 หมู่บ้านที่อยู่ภายในซอยมีหลายโครงการ และปริมาณน้ำในคลองประเวศบุรีรมย์ยังมีปริมาณสูงอยู่ล้นเข้ามาท่วมถนนที่ให้ในการสัญจร ทำไมไม่มีการผันน้ำ หรือเพิ่มกำลังการผันน้ำไปยังที่บึงหนองบอน ขอให้หน่วยงานที่เกี่ยวข้องโดยเฉพ,https://storage.googleapis.com/traffy_public_bucket/attachment/2026-09/b98452b3fad19435082750306dc5d410.jpeg
2026-HEV3JJ,inprogress,2026-09-29 13:02,2026-09-30 10:35,100.72081,13.78456,มีนบุรี,มีนบุรี,น้ำเปลี่ยนสีแล้ว ระดับน้ำยังสูง หน่วยงานรัฐไม่เห็นมาเลย ดำเนินการสูบน้ำออกจาก รามคำแหง174 หมู่บ้านเพอร์เฟคเพลส3 ด้วย เสียงจากประชาชนของประเทศ ความสูงระดับหัวเข่า น้ำท่วมมาแล้วน้อยกว่า 1 สัปดาห์,https://storage.googleapis.com/traffy_public_bucket/attachment/2026-09/44e69b3eef48da2a8b7c762a5bfeeda8.jpeg
2026-RZE2RU,forward,2026-09-29 13:02,2026-09-29 19:23,100.62924,13.93747,สายไหม,สายไหม,ขอความช่วยเหลือเร่งด่วน เนื่องจากหมู่บ้านชุมชนแอนเน็กซ์ พหลโยธิน 58 ประสบปัญหาน้ำท่วมบริเวณปากทางเข้า กลางซอย และท้ายซอย ปริมาณน้ำสูงและกำลังจะไหลเข้าสู่ตัวบ้าน ขณะนี้ประธานซอยต้องการขอความช่วยเหลือด้านกำลังคน รวมถึงกระสอบทรายและถุงขยะสีดำเพื่อป้องกันน้ำเ,https://storage.googleapis.com/traffy_public_bucket/attachment/2026-09/9b296742f87b39a70566e9a240f0f194.jpeg
2026-EWE2WK,inprogress,2026-09-29 13:03,2026-09-30 09:17,100.77483,13.81064,มีนบุรี,แสนแสบ,ปัญหา: ภายในซอยดังกล่าว บริเวณบ้านเลขที่ 45/19 เนื่องจากประสบเหตุอุทกภัย มีความประสงค์ขอรับการสนับสนุนอาหารและน้ำดื่มสำหรับผู้พักอาศัย เป็นผู้พิการจำนวน 2 คน (เป็นผู้พิการติดเตียงจำนวน 1 คน) ซอย: สุวินทวงศ์ 30 ถนน: สุวินทวงศ์ จุดสังเกต: เข้าไปเกือบสุดซอย ,https://storage.googleapis.com/traffy_public_bucket/attachment/2022-12/da2125e781282589d482070c3dba1726aa16a4a7.jpg
2026-YBGRLC,inprogress,2026-09-29 13:03,2026-09-29 13:49,100.6484,13.76785,บางกะปิ,คลองจั่น,ปัญหา: ภายในซอยดังกล่าว บ้านเลขที่ 16 เนื่องจากเกิดเหตุอุทกภัย ปัจจุบันอาหารใกล้จะหมด จึงมีความประสงค์ขอรับความช่วยเหลือด้านอาหารและน้ำดื่ม สำหรับผู้พักอาศัย (คุณกระต่าย) ซอย: เสรีไทย 1 ถนน: เสรีไทย เขต: บางกะปิ #1555,https://storage.googleapis.com/traffy_public_bucket/attachment/2022-12/da2125e781282589d482070c3dba1726aa16a4a7.jpg
2026-2C2FCR,inprogress,2026-09-29 13:04,2026-09-29 16:30,100.68507,13.67154,ประเวศ,ดอกไม้,เรื่อง: ขอสอบถามและแจ้งปัญหาน้ำท่วมขัง ซอยวัดทุ่งเศรษฐี เรียน เจ้าหน้าที่/ผู้มีส่วนเกี่ยวข้อง ขออนุญาตแจ้งปัญหาน้ำท่วมขังบริเวณซอยวัดทุ่งเศรษฐ สืบเนื่องจากฝนตกหนักเมื่อวันที่ 25 ก.ย. 2569 ที่ผ่านมาจนถึงปัจจุบัน (29 ก.ย. 2569) ยังคงมีน้ำท่วมขังสูงอยู่ใน,https://storage.googleapis.com/traffy_public_bucket/attachment/2026-09/3a8c65ff2cd9c97d30168315612bfc87.jpeg
2026-X6CHLN,finish,2026-09-29 13:04,2026-09-30 12:20,100.67294,13.89489,สายไหม,ออเงิน,ปัญหา: ภายในหมู่บ้านชัยพฤกษ์ พบบ้านเลขที่ 99/199 เนื่องจากเหตุอุทกภัย ต้องการความช่วยเหลือขอรับเครื่องอุปโภคบริโภค หมู่บ้าน: ชัยพฤกษ์ ซอย: จตุโชติ 10 ถนน: จตุโชติ จุดสังเกต: เข้าหมู่บ้านไปจะพบป้อมยามจากนั้นเลี้ยวขวาเข้าซอย 2 เลี้ยวขวาอีก 2 ครั้งตรงไปประม,https://storage.googleapis.com/traffy_public_bucket/attachment/2022-12/da2125e781282589d482070c3dba1726aa16a4a7.jpg
2026-ZWX8ZK,inprogress,2026-09-29 13:04,2026-09-29 16:50,100.688,13.69664,ประเวศ,ดอกไม้,จะมีหน่วยงานไหนจะเข้ามาสูบน้ำออกจากถนนบ้างมั้ยคะ ความสูงระดับเอว น้ำท่วมมาแล้วน้อยกว่า 1 สัปดาห์,https://storage.googleapis.com/traffy_public_bucket/attachment/2026-09/1dede90f58b17be263361f8f1301f0e0.jpeg
2026-HD4YGT,start,2026-09-29 13:05,2026-09-29 13:05,100.75392,13.7694,ลาดกระบัง,คลองสามประเวศ,น้ำท่วมขังสูงปิดกั้นทางเข้าออกหมู่บ้านนครินทร์การ์เด้น ถนนร่มเกล้า ซอยร่มเกล้า 19/1 แขวงคลองสามประเวศเขตลาดกระบัง ต้องการขอรถกระบะยกสูงของทางสำนักงานเขตหรือรถทหาร รับส่งคนในหมู่บ้านให้สามารถออกไปทำงานและซื้ออาหารกลับ เข้ามาได้ครับ ความสูงระดับเหนือเข่า น้,https://storage.googleapis.com/traffy_public_bucket/attachment/2026-09/edcb4ad11aed710ca632562ea406fb4a.jpeg
2026-34W2JR,irrelevant,2026-09-29 13:06,2026-09-29 13:23,100.68987,13.69248,ประเวศ,ดอกไม้,ไม่แสดงรายละเอียด,https://storage.googleapis.com/traffy_public_bucket/TeamChadChart/fondue_photo.png
2026-MFK2ZG,finish,2026-09-29 13:08,2026-09-30 13:12,100.58918,13.74121,วัฒนา,คลองตันเหนือ,แจ้งเรื่องเศษขยะอุดตันท่อระบายน้ำกทม. ที่สวนในซอยวัดภาษีเอกมัย 23 ทำให้น้ำไม่ไหลลงท่อระบายน้ำเกิดการอุดตันและน้ำท่วม ความสูงระดับตอนที่ฝนตกน้ำท่วมสูง 30 เซนติเมตรตอนนี้น้ำแห้งแล้วแต่มีขยะอุดตันที่ท่อระบายน้ำมากค่ะ น้ำท่วมมาแล้วเมื่อสองวันที่แล้วค่ะน้ำลงไม,https://storage.googleapis.com/traffy_public_bucket/attachment/2026-09/4b727d8c0cead9659f9ac4eedb434012.jpeg
2026-DNVUR8,inprogress,2026-09-29 13:09,2026-09-29 13:36,100.62184,13.87577,บางเขน,ท่าแร้ง,หมู่บ้านบัวหลวง พลโยธิน48แยก41 น้ำท่วมไม่ลดเลยค่ะ 50กว่าเซ็นได้ ตอนนี้น้ำเริ่มเหม็นค่ะ ถนนรอบข้างไม่มีน้ำแล้วแต่ตรงนี้ไม่ลดเลยค่ะ ต้องการที่สูบน้ำค่ะ ความสูงระดับ50 cm ถึงหัวเข่าค่ะ น้ำท่วมมาแล้วท่วมมา5วัน ตั้งแต่25 กย,https://storage.googleapis.com/traffy_public_bucket/attachment/2026-09/f5bf04108bc743e41222c0f1a257eb20.jpeg
2026-DNVUR8,finish,2026-09-29 13:09,2026-10-09 18:38,100.62184,13.87577,บางเขน,ท่าแร้ง,หมู่บ้านบัวหลวง พลโยธิน48แยก41 น้ำท่วมไม่ลดเลยค่ะ 50กว่าเซ็นได้ ตอนนี้น้ำเริ่มเหม็นค่ะ ถนนรอบข้างไม่มีน้ำแล้วแต่ตรงนี้ไม่ลดเลยค่ะ ต้องการที่สูบน้ำค่ะ ความสูงระดับ50 cm ถึงหัวเข่าค่ะ น้ำท่วมมาแล้วท่วมมา5วัน ตั้งแต่25 กย,https://storage.googleapis.com/traffy_public_bucket/attachment/2026-09/f5bf04108bc743e41222c0f1a257eb20.jpeg
2026-CBL22J,inprogress,2026-09-29 13:10,2026-09-29 13:19,100.66605,13.81435,คันนายาว,รามอินทรา,น้ำท่วมขังสูงถึงเกือบเข่ามาตั้งแต่วันศุกร์จนถึงวันนี้นับเวลามากกว่า 5 วันแล้ว ถนนในซอยนวมินทร์ 74 น้ำลดลงจนแห้ง แต่รอบสระน้ำหมู่บ้านปัฐวิกรณ์ไม่มีวี่แววที่ระดับน้ำจะลดลงแม้แต่นิดเดียวเลย ระดับน้ำยังไม่ลดลงมาหลายวันมาก เกิดน้ำท่วมขังมานาน น้ำมีฟองและสีคล้ำ,https://storage.googleapis.com/traffy_public_bucket/attachment/2026-09/58041d74844daf940837620a54345d8b.jpeg
2026-U8AAU2,inprogress,2026-09-29 13:10,2026-09-29 13:25,100.81068,13.80492,หนองจอก,ลำผักชี,ภายในหมู่บ้านโรยัลปาร์ควิลล์ ซอยสุวินทวงศ์44 ภายในหมู่บ้านยังมีน้ำท่วมขังสูง บางจุดสูง 60 ซม. รถเล็กไม่สามารถสัญจรได้ ความสูงระดับ60 เซนติเมตร น้ำท่วมมาแล้ว4 วัน,https://storage.googleapis.com/traffy_public_bucket/attachment/2026-09/183706bbcc3e88f5d940925f657fb43f.jpeg
2026-3PUBC4,inprogress,2026-09-29 13:11,2026-09-29 13:50,100.69297,13.78585,สะพานสูง,สะพานสูง,น้ำท่วม เข้าในตัวบ้าน 4 วันแล้ว น้ำเปลี่ยนสี และมีกลิ่น ความสูงระดับหัวเข่า น้ำท่วมมาแล้วน้อยกว่า 1 สัปดาห์,https://storage.googleapis.com/traffy_public_bucket/attachment/2026-09/a86508572b1b3b7a148c670bc4a9dec8.jpeg
2026-CTKA8U,inprogress,2026-09-29 13:11,2026-10-01 15:56,100.65607,13.7651,บางกะปิ,หัวหมาก,ปัญหา: ภายในซอยรามคำแหง 66 บริเวณแฟลตเทคโน เลขที่ 202/19 เนื่องจากเหตุอุทกภัย ขอรับการจัดสรรถุงยังชีพ อาหาร และน้ำดื่ม ให้แก่ผู้ประสบภัยในพื้นที่ห้องเช่า/แฟลตเทคโน ซอย: รามคำแหง 66 ถนน: รามคำแหง เขต: บางกะปิ #1555,https://storage.googleapis.com/traffy_public_bucket/attachment/2022-12/da2125e781282589d482070c3dba1726aa16a4a7.jpg
2026-CTKA8U,finish,2026-09-29 13:11,2026-10-09 12:34,100.65607,13.7651,บางกะปิ,หัวหมาก,ปัญหา: ภายในซอยรามคำแหง 66 บริเวณแฟลตเทคโน เลขที่ 202/19 เนื่องจากเหตุอุทกภัย ขอรับการจัดสรรถุงยังชีพ อาหาร และน้ำดื่ม ให้แก่ผู้ประสบภัยในพื้นที่ห้องเช่า/แฟลตเทคโน ซอย: รามคำแหง 66 ถนน: รามคำแหง เขต: บางกะปิ #1555,https://storage.googleapis.com/traffy_public_bucket/attachment/2022-12/da2125e781282589d482070c3dba1726aa16a4a7.jpg
2026-D8BUKL,inprogress,2026-09-29 13:11,2026-09-29 17:00,100.66814,13.80274,บึงกุ่ม,คลองกุ่ม,"4/1231 แยก 69 `น้ำท่วม มบ.สหกรณ์ค่ะ อยู่ซอยเสรีไทย 57` ตั้งแต่วันเสาร์ที่ 26 กันยายน 69 ถึงปัจจุบัน ต้องการ *ความช่วยเหลือ 1.เครื่องสูบน้ำ หลายเครื่อง มบ 1800 หลัง 2.รถบริการ เข้า ออก มบ 3.ศูนย์ช่วยเหลือทางการแพทย์ เนื่องด้วยมีกลุ่มเปราะบาง ,ผู้ป่วยติดเตี",https://storage.googleapis.com/traffy_public_bucket/attachment/2026-09/b14b1f33df995a944380f2cdec85a539.jpeg
2026-KCVTKW,finish,2026-09-29 13:11,2026-09-30 15:21,100.80212,13.80071,หนองจอก,ลำผักชี,ปัญหา: ตลอดทั้งซอยหมู่บ้านดังกล่าว เนื่องจากเกิดเหตุอุทกภัย ต้องการความช่วยเหลือ เครื่องอุปโภคบริโภค ถุงยังชีพ ข้าวสารและอาหารแห้ง ขอให้เจ้าหน้าที่เร่งเข้าช่วยเหลือ หมู่บ้าน: ฟลอร่าวิลล์ ซอย: สุวินทวงศ์ 38 ถนน: สุวินทวงศ์ เขต: หนองจอก #1555,https://storage.googleapis.com/traffy_public_bucket/attachment/2022-12/da2125e781282589d482070c3dba1726aa16a4a7.jpg
2026-4VG7R3,forward,2026-09-29 13:12,2026-09-29 20:49,100.42795,13.73958,ภาษีเจริญ,คลองขวาง,ท่อหน้าหมู่บ้านทั้ง 2 ฝั่งตัน น้ำไม่ไหลลงคาที่ปากท่อ ความสูงระดับไม่เยอะ แต่ไม่ระบายลงไปมีน้ำนองอยู่ประมาณตามรูปค่ะ น้ำท่วมมาแล้วมากกว่า 1 สัปดาห์,https://storage.googleapis.com/traffy_public_bucket/attachment/2026-09/ab7af2064dcc7c1edbbb904a723347e3.jpeg
2026-4VG7R3,follow,2026-09-29 13:12,2026-10-08 08:13,100.42795,13.73958,ภาษีเจริญ,คลองขวาง,ท่อหน้าหมู่บ้านทั้ง 2 ฝั่งตัน น้ำไม่ไหลลงคาที่ปากท่อ ความสูงระดับไม่เยอะ แต่ไม่ระบายลงไปมีน้ำนองอยู่ประมาณตามรูปค่ะ น้ำท่วมมาแล้วมากกว่า 1 สัปดาห์,https://storage.googleapis.com/traffy_public_bucket/attachment/2026-09/ab7af2064dcc7c1edbbb904a723347e3.jpeg
2026-A76TER,inprogress,2026-09-29 13:12,2026-09-29 13:23,100.67815,13.83123,คันนายาว,คันนายาว,น้ำในถนนซอยรามอินทรา 93 ยังท่วมสูงประมาณ 70 ซม. ไม่ทราบว่าจะมีแผนสูบ/หรือระบายน้ำจากคลองลำเกร็ดที่อยู่ท้ายซอยได้เมื่อไหร่ครับ ความสูงระดับเอว มากกว่า 4 วัน,https://storage.googleapis.com/traffy_public_bucket/attachment/2026-09/2de6a7212cd64f7b4b1d14c0444749dc.jpeg
2026-BRR2G9,forward,2026-09-29 13:12,2026-09-29 15:50,100.65,13.78616,บึงกุ่ม,คลองกุ่ม,แจ้งเหตุ อุทกภัยน้ำท่วมบ้านเลขที่ 10 นวมินทร์ 24 แยก2 เขตคลองกุ่ม แขวงบึงกุ่ม กทม. 10240 ความสูงระดับ4วัน น้ำท่วมมาแล้วน้อยกว่า 1 สัปดาห์,https://storage.googleapis.com/traffy_public_bucket/attachment/2026-09/cc91ce6adb465f96f0da28c5143dd94f.jpeg
2026-84MG66,start,2026-09-29 13:13,2026-09-29 13:13,100.72475,13.72119,ลาดกระบัง,ลาดกระบัง,แถวโรบินสันลาดกระบัง หมู่บ้านปรัชญา บิซโฮม มีแนวทางการปรับระดับน้ำลดอย่างไรบ้างค่ะ ขึ้นล้อรถค่ะ ไม่ลดลงเลย,https://storage.googleapis.com/traffy_public_bucket/attachment/2026-09/55a5c4a697b82437975d7a3f6148f898.jpeg
2026-8Z9FRB,finish,2026-09-29 13:13,2026-09-29 15:02,100.54948,13.85224,หลักสี่,ทุ่งสองห้อง,สอบถามการรับเงินเยียวยาน้ำท่วม ระดับน้ำเข้าภายในบ้าน ท่วมทั้งชั้น 1 เครื่องใช้ไฟฟ้า ตู้เย็น เครื่องซักผ้าเสียหาย ชั้นวางของและเอกสารต่างๆจมน้ำ อยากถามว่าจะของรับการเยียวยา ชดเชย อย่างไร ช่องทางไหน และทำผ่าน traffy foundu.ได้ไหม จุดที่น้ำท่วม 55/209 ซอยงา,https://storage.googleapis.com/traffy_public_bucket/attachment/2026-09/c9085a68bab0e0e4daf6bfffb1b663bf.jpeg
2026-TBMCLN,start,2026-09-29 13:13,2026-09-29 13:13,100.72475,13.72119,ลาดกระบัง,ลาดกระบัง,แถวโรบินสันลาดกระบัง หมู่บ้านปรัชญา บิซโฮม มีแนวทางการปรับระดับน้ำลดอย่างไรบ้างค่ะ ขึ้นล้อรถค่ะ 3-4 วัน,https://storage.googleapis.com/traffy_public_bucket/attachment/2026-09/dd00f22c87c39fd35d8076d25f48c6fb.jpeg
2026-798M67,start,2026-09-29 13:14,2026-09-29 13:14,100.72584,13.73446,ลาดกระบัง,คลองสองต้นนุ่น,น้ำท่วมไม่ลดเลย ตั้งแต่วันศุกร์ 25/9/69 จนวันนี้ อังคารที่ 29/9/69 ไม่มีหน่วยงานไหนเข้ามาดูแลเลย ความสูงระดับหัวเข่า น้ำท่วมมาแล้ว4 วันแล้วค่ะ,https://storage.googleapis.com/traffy_public_bucket/attachment/2026-09/3167ff9f4e9f85e6af553ea33bd2b6a4.jpeg
2026-DWP9W7,finish,2026-09-29 13:14,2026-09-29 15:41,100.56992,13.87672,หลักสี่,ทุ่งสองห้อง,บ้านเลขที่ 49/1 มีน้ำท่วมขังตั้งแต่วันที่ 25-28 กย 69 ความสูงระดับ25-28 กย 69 น้ำท่วมมาแล้วบ้านติดคลองบางตลาด,https://storage.googleapis.com/traffy_public_bucket/attachment/2026-09/244f44d95f16640a92d52770d0cb9e57.jpeg
2026-AKATM2,inprogress,2026-09-29 13:15,2026-09-29 13:33,100.62216,13.87524,บางเขน,ท่าแร้ง,น้ำยังท่วมขังในหมู่บ้าน ขอเครื่องสูบน้ำมาระบายน้ำออกได้ไหมคะ ความสูงระดับ40 cm น้ำท่วมมาแล้ว4 วันแล้วค่ะ,https://storage.googleapis.com/traffy_public_bucket/attachment/2026-09/84ac25ec661316e2f64c1668004b4db6.jpeg
2026-AKATM2,finish,2026-09-29 13:15,2026-10-09 18:37,100.62216,13.87524,บางเขน,ท่าแร้ง,น้ำยังท่วมขังในหมู่บ้าน ขอเครื่องสูบน้ำมาระบายน้ำออกได้ไหมคะ ความสูงระดับ40 cm น้ำท่วมมาแล้ว4 วันแล้วค่ะ,https://storage.googleapis.com/traffy_public_bucket/attachment/2026-09/84ac25ec661316e2f64c1668004b4db6.jpeg
2026-LVERER,finish,2026-09-29 13:18,2026-09-29 21:29,100.54697,13.83666,จตุจักร,ลาดยาว,น้ำท่วมบ้านพักอาศัย สูง 30 ซม นาน 3 วัน ความสูงระดับบ้านเลขที่ 43 ประชานิเวศน์ 1 น้ำท่วมมาแล้วศุกร์ที่ 25/9 - จันทร์ที่ 28/9,https://storage.googleapis.com/traffy_public_bucket/attachment/2026-09/54352a43b8ffc288a87481d96189545e.jpeg
2026-TARNPW,inprogress,2026-09-29 13:21,2026-09-29 16:50,100.65014,13.79161,บึงกุ่ม,นวมินทร์,ปัญหา: ภายในซอยนวมินทร์ 69 ตึกศุภรัฐ เพลส มีความประสงค์ขอรับการสนับสนุนเครื่องอุปโภคบริโภค จึงขอให้เจ้าหน้าที่ให้ความช่วยเหลือ เบอร์โทรศัพท์ 093831988 คุณวารุณี ซอย: นวมินทร์ 69 ถนน: นวมินทร์ เขต: บึงกุ่ม #1555,https://storage.googleapis.com/traffy_public_bucket/attachment/2022-12/da2125e781282589d482070c3dba1726aa16a4a7.jpg
2026-9RRE8G,inprogress,2026-09-29 13:22,2026-09-29 15:38,100.78329,13.78423,มีนบุรี,แสนแสบ,มีน้ำท่วมขัง และระดับน้ำ ยังสูงขึ้นอยู่ในวันนี้ และได้ท่วมตัวโรงงาน แล้ว และในบริเวณเดียวกันมีบ้านพัก และ มีผู้อาศัยอยู่ . ถนนคุ้มเกล้า ถนน ติดกับซอย 11/1 เขต มีนบุรี ความสูงระดับหน้าแข้ง น้ำท่วมมาแล้วน้อยกว่า 1 สัปดาห์,https://storage.googleapis.com/traffy_public_bucket/attachment/2026-09/fb9c7f8a7acdd4ab5a41c85e429bd0ec.jpeg
2026-AVGBGZ,forward,2026-09-29 13:25,2026-09-30 13:22,100.8357,13.78109,หนองจอก,ลำผักชี,น้ำท่วมภายในหมู่บ้านตั้งแต่วันเสาร์ ไม่ลด แถมกำลังเพิ่ม น้ำเริ่มเปลี่ยนสี ไม่มีหน่วยงานไหนเข้ามาดูแล ให้ประชาชนดูแล แก้ปัญหากันเอง ความสูงระดับหัวเข่า น้ำท่วมมาแล้วน้อยกว่า 1 สัปดาห์,https://storage.googleapis.com/traffy_public_bucket/attachment/2026-09/4525be14f5b1792ebdd567475539a527.jpeg
2026-XRMXVD,inprogress,2026-09-29 13:25,2026-09-30 09:35,100.57778,13.91977,ดอนเมือง,ดอนเมือง,ขออนุญาตแจ้งปัญหาน้ำท่วมขังในหมู่บ้านศิริสุข เขตดอนเมืองค่ะ เริ่มที่ซอยช่างอากาศอุทิศ 20 น้ำยังท่วมขังสูง 20-30 ซม รถเล็กสัญจรลำบาก ไม่มีหน่วยงานเข้ามาช่วยเหลือ ไม่มีการแจกอาหาร หรือช่วยเหลืออะไรเลย ให้ประชาชนลุยน้ำออกไปเสี่ยงไฟช๊อต ไฟดูด เพื่อหาซื้ออาหาร,https://storage.googleapis.com/traffy_public_bucket/attachment/2026-09/f6ffffee9682b964b6dcee7775b56cbe.jpeg
2026-KKVLAN,inprogress,2026-09-29 13:26,2026-09-29 13:28,100.82916,13.84296,หนองจอก,โคกแฝด,น้ำท่วมรอบบ้าน ทางเดินลำบาก ไร่สวนเสียหาย ความสูงระดับหัวเข่า น้ำท่วมมาแล้วน้อยกว่า 1 สัปดาห์,https://storage.googleapis.com/traffy_public_bucket/attachment/2026-09/129bf4e51b6a92b55b15365aaee9971d.jpeg
2026-F9HRX2,inprogress,2026-09-29 13:28,2026-09-29 13:47,100.69735,13.73897,สะพานสูง,สะพานสูง,น้ำท่วมขังไม่สามารถออกไปทำงานได้คะตั้งแต่วันที่26-29ก.ย เข่าคะ ตั้งแต่วันที่26,https://storage.googleapis.com/traffy_public_bucket/attachment/2026-09/e367ccdb2da36474becfc11ec238cc2f.jpeg
2026-BYW67P,inprogress,2026-09-29 13:30,2026-09-30 12:27,100.62245,13.67194,บางนา,บางนาเหนือ,มีบ้านเรือนที่เอาสิ่งของมาวางขวางและปลูกต้นไม้บนร่องระบายน้ำและท่อระบายน้ำเป็นแนวยาว อยากขอความอนุเคราะห์ทางเขตบางนาเข้ามาช่วยเคลียร์สิ่งกีดขวางออก เพราะช่วงฝนตกหนักที่ผ่านมาสิ่งเหล่านี้กีดขวางการระบายน้ำเป็นอย่างมาก ทำให้เกิดน้ำท่วมขังระบายช้า และยังมีกา,https://storage.googleapis.com/traffy_public_bucket/attachment/2026-09/8e89ef409b4463735b2b968277ae9023.jpeg
2026-BYW67P,finish,2026-09-29 13:30,2026-10-06 13:14,100.62245,13.67194,บางนา,บางนาเหนือ,มีบ้านเรือนที่เอาสิ่งของมาวางขวางและปลูกต้นไม้บนร่องระบายน้ำและท่อระบายน้ำเป็นแนวยาว อยากขอความอนุเคราะห์ทางเขตบางนาเข้ามาช่วยเคลียร์สิ่งกีดขวางออก เพราะช่วงฝนตกหนักที่ผ่านมาสิ่งเหล่านี้กีดขวางการระบายน้ำเป็นอย่างมาก ทำให้เกิดน้ำท่วมขังระบายช้า และยังมีกา,https://storage.googleapis.com/traffy_public_bucket/attachment/2026-09/8e89ef409b4463735b2b968277ae9023.jpeg
2026-L38TDL,inprogress,2026-09-29 13:30,2026-09-29 15:38,100.7598,13.79949,มีนบุรี,แสนแสบ,น้ำขังไม่ระบายเลยค่ะ ความสูงระดับหัวเข่า 4 วัน,https://storage.googleapis.com/traffy_public_bucket/attachment/2026-09/6bfac6a8dda0c95c39c129c76a6151eb.jpeg
2026-BX76KG,start,2026-09-29 13:32,2026-09-29 13:32,100.7537,13.72037,ลาดกระบัง,ลาดกระบัง,น้ำท่วมขังเกิน 70 เซนติเมตรมา 5 วันแล้วยังไม่มีหน่วยงานใดเข้าช่วยเหลือ้ลยค่ะ ความสูงระดับหัวเข่า น้ำท่วมมาแล้วน้อยกว่า 1 สัปดาห์,https://storage.googleapis.com/traffy_public_bucket/attachment/2026-09/49dcfccf1343b3489ee8ab0e6e4ad147.jpeg
2026-ZXBBL9,inprogress,2026-09-29 13:32,2026-09-29 13:41,100.61708,13.72993,สวนหลวง,สวนหลวง,ปัญหา: ภายในหมู่บ้านแหลมทอง 2 (ซอย 8) บ้านเลขที่ 3 เนื่องจากเหตุอุทกภัย ผู้ดูแลไม่สามารถเดินทางออกไปด้านนอกได้ จึงมีความประสงค์ขอรับความช่วยเหลือเครื่องอุปโภคบริโภค โดยเฉพาะอาหารปรุงสุกและน้ำดื่มสำหรับนำมาผสมอาหารผ่านสายยางให้แก่ผู้ป่วยผู้ป่วยติดเตียง 1 ร,https://storage.googleapis.com/traffy_public_bucket/attachment/2022-12/da2125e781282589d482070c3dba1726aa16a4a7.jpg
2026-ZXBBL9,finish,2026-09-29 13:32,2026-10-06 15:13,100.61708,13.72993,สวนหลวง,สวนหลวง,ปัญหา: ภายในหมู่บ้านแหลมทอง 2 (ซอย 8) บ้านเลขที่ 3 เนื่องจากเหตุอุทกภัย ผู้ดูแลไม่สามารถเดินทางออกไปด้านนอกได้ จึงมีความประสงค์ขอรับความช่วยเหลือเครื่องอุปโภคบริโภค โดยเฉพาะอาหารปรุงสุกและน้ำดื่มสำหรับนำมาผสมอาหารผ่านสายยางให้แก่ผู้ป่วยผู้ป่วยติดเตียง 1 ร,https://storage.googleapis.com/traffy_public_bucket/attachment/2022-12/da2125e781282589d482070c3dba1726aa16a4a7.jpg
2026-4P8G7N,finish,2026-09-29 13:35,2026-09-30 16:19,100.62638,13.8414,ลาดพร้าว,จรเข้บัว,ในหมู่บ้านทองสถิตย์ น้ำท่วมขัง ยังไม่ลดระดับ น้ำเริ่มเน่าและส่งกลิ่น ไม่สามารถออกจากบ้านได้ ความสูงระดับน่าจะประมาณ 30-40 ซม น้ำท่วมมาแล้วตั้งแต่ 6 โมงเช้าถึงตอนนี้น้ำอยู่ในระดับเดิมค่ะ,https://storage.googleapis.com/traffy_public_bucket/attachment/2026-09/73bb2fdc6075303408661af96d0e1ba3.jpeg
2026-3ZZKD7,finish,2026-09-29 13:36,2026-10-02 08:46,100.61408,13.7046,พระโขนง,บางจาก,บริเวณซอยบ้านเป็นที่ต่ำ น้ำท่วมขังไม่ระบายออก เริ่มส่งกลิ่นเหม็น อยากให้มีการปรับพื้นที่ถนนให้สูงขึ้นครับ ซึ่งซอยบริเวณใกล้เคียงน้ำแห้งหมดแล้วครับ ความสูงระดับน้ำลดเหลือ ครึ่งแข้งแล้วครับ น้ำท่วมมาแล้ว4 วันแล้วครับ,https://storage.googleapis.com/traffy_public_bucket/attachment/2026-09/thumb_39f048236bc609729d68d81433f6dca9.jpg
2026-A96N6J,finish,2026-09-29 13:36,2026-10-02 08:20,100.41811,13.73209,ภาษีเจริญ,คลองขวาง,ปัญหา: ริมถนนดังกล่าว บริเวณบ้านเลขที่ 171 ขอรับกระสอบทราย เนื่องจากฝนตกหนัก เพื่อแก้ไขปัญหาน้ำท่วม บ้านเลขที่: 171 ถนน: ราชมนตรี เขต: ภาษีเจริญ #1555,https://storage.googleapis.com/traffy_public_bucket/attachment/2022-12/da2125e781282589d482070c3dba1726aa16a4a7.jpg
2026-FP7Y9V,inprogress,2026-09-29 13:36,2026-09-29 16:35,100.67895,13.73028,ประเวศ,ประเวศ,ปัญหา: ภายในหมู่บ้าน Nirvana บริเวณบ้านเลขที่ 555/15 พบมีน้ำท่วมขัง เนื่องจากฝนตกหนัก จึงต้องการให้เจ้าหน้าที่ดำเนินการตรวจสอบและแก้ไขปัญหาดังกล่าว หมู่บ้าน: Nirvana ถนน: อ่อนนุช จุดสังเกต: ระหว่างซอยอ่อนนุช 65 และซอยอ่อนนุช 67 เขต: ประเวศ #1555,https://storage.googleapis.com/traffy_public_bucket/attachment/2022-12/da2125e781282589d482070c3dba1726aa16a4a7.jpg
2026-TT2X2X,finish,2026-09-29 13:36,2026-09-30 08:59,100.62296,13.79528,วังทองหลาง,คลองเจ้าคุณสิงห์,น้ำท่วมขัง ในซอย แยก 14 ลาดพร้าว 87 ไม่ยุบสักที ความสูงระดับเข่า น้ำท่วมมาแล้ว4 วัน,https://storage.googleapis.com/traffy_public_bucket/attachment/2026-09/eb71d024a7943919ede789e5fe6f25aa.jpeg
2026-VVUCBL,inprogress,2026-09-29 13:38,2026-09-29 13:41,100.64919,13.74177,บางกะปิ,หัวหมาก,น้ำท่วม ซอย กรุงเทพกรีฑา 8 แยก 16 40-50 cm ครับ ตั้งแต่คืนวันที่ 25 ก.ย.ครับ,https://storage.googleapis.com/traffy_public_bucket/attachment/2026-09/4eb61c8651d13b66ba58a9fa85e700f8.jpeg
2026-VVUCBL,finish,2026-09-29 13:38,2026-10-06 07:57,100.64919,13.74177,บางกะปิ,หัวหมาก,น้ำท่วม ซอย กรุงเทพกรีฑา 8 แยก 16 40-50 cm ครับ ตั้งแต่คืนวันที่ 25 ก.ย.ครับ,https://storage.googleapis.com/traffy_public_bucket/attachment/2026-09/4eb61c8651d13b66ba58a9fa85e700f8.jpeg
2026-ULBHVJ,inprogress,2026-09-29 13:39,2026-09-29 14:05,100.69837,13.74771,สะพานสูง,สะพานสูง,ปัญหา: ภายในหมู่บ้านดังกล่าว บ้านเลขที่ 35 มีผู้พักอาศัย 2 ท่าน เนื่องจากเกิดเหตุอุทกภัย ต้องการความช่วยเหลือ เครื่องอุปโภคบริโภค ถุงยังชีพ ข้าวสารและอาหารแห้ง ขอให้เจ้าหน้าที่เร่งเข้าช่วยเหลือ ติดต่อคุณธันย์จิรา 0954539856 ซอย: นักกีฬาแหลมทอง 42 ถนน: กรุ,https://storage.googleapis.com/traffy_public_bucket/attachment/2022-12/da2125e781282589d482070c3dba1726aa16a4a7.jpg
2026-YFBMP2,inprogress,2026-09-29 13:39,2026-09-29 16:40,100.68958,13.69217,ประเวศ,ดอกไม้,น้ำท่วมขังสูงเท่าเข่า ชาวบ้านน้ำเข้าบ้าน น้ำขังมา 3 วันแล้ว ไม่ลดเลย ถนนปิด สัญจรลำบาก ขอหน่วยงานจัดรถสูงมารับส่งจากต้นซอยมาท้ายซอยได้ไหม ช่วยระบายนำ้ด่วน ความสูงระดับหัวเข่า น้ำท่วมมาแล้ว5 วัน,https://storage.googleapis.com/traffy_public_bucket/attachment/2026-09/thumb_b755febabaaae11a5c440b24ee48be42.jpg
2026-BEWUXG,inprogress,2026-09-29 13:40,2026-09-29 18:00,100.65164,13.78446,บึงกุ่ม,คลองกุ่ม,ปัญหา: ตลอดทั้งซอยแยกดังกล่าว พบมีน้ำท่วมขัง เนื่องจากฝนตกหนัก จึงต้องการขอรับความช่วยเหลือด้านเครื่องอุปโภคและบริโภคเพื่อแก้ไขปัญหาดังกล่าว ซอย: นวมินทร์ 24 แยก 1 ถนน: นวมินทร์ เขต: บึงกุ่ม #1555,https://storage.googleapis.com/traffy_public_bucket/attachment/2022-12/da2125e781282589d482070c3dba1726aa16a4a7.jpg
2026-EJ4TVU,forward,2026-09-29 13:43,2026-09-29 19:21,100.62474,13.89361,สายไหม,คลองถนน,น้ำท่วมขัง ลดช้า อยากให้หน่วยงานเข้ามาดูพื้นที่ เพื่อหาทางระบายน้ำออกจากพื้นที่ท่วมขังให้เร็วกว่านี้ ขังนานมาหลายวัน ตั้งแต่วันที่ 27-29 แล้ว ความสูงระดับหน้าแข้ง น้ำท่วมมาแล้วน้อยกว่า 1 สัปดาห์,https://storage.googleapis.com/traffy_public_bucket/attachment/2026-09/a633689b809763a683008b60cc94de4d.jpeg
2026-GGRHFV,inprogress,2026-09-29 13:43,2026-09-29 15:39,100.73577,13.83035,มีนบุรี,มีนบุรี,น้ำท่วมขังขยะส่งกลิ่นเหม็น ความสูงระดับหน้าแข้ง 5วัน,https://storage.googleapis.com/traffy_public_bucket/attachment/2026-09/42740270223a77b679009616f9d3c7bc.jpeg
2026-W6XZDZ,inprogress,2026-09-29 13:43,2026-09-29 13:50,100.63421,13.73414,สวนหลวง,สวนหลวง,เรียนสำนักงานเขตประเวศ ขอแจ้งสถานการณ์น้ำท่วมบริเวณถนนพัฒนาการ ซอย 50 และซอย 52 ขณะนี้ยังมีน้ำท่วมขังในระดับเกือบถึงเอว และยังไม่ลดลง ในขณะที่บริเวณซอยพัฒนาการอื่น ๆ ระดับน้ำลดลงเกือบหมดแล้ว แต่บริเวณซอย 50 และ 52 ยังคงมีน้ำท่วมสูง ส่งผลกระทบต่อการเดินท,https://storage.googleapis.com/traffy_public_bucket/attachment/2026-09/b8f8355e0a03c331113e7ff994afc8db.jpeg
2026-W6XZDZ,finish,2026-09-29 13:43,2026-10-10 12:41,100.63421,13.73414,สวนหลวง,สวนหลวง,เรียนสำนักงานเขตประเวศ ขอแจ้งสถานการณ์น้ำท่วมบริเวณถนนพัฒนาการ ซอย 50 และซอย 52 ขณะนี้ยังมีน้ำท่วมขังในระดับเกือบถึงเอว และยังไม่ลดลง ในขณะที่บริเวณซอยพัฒนาการอื่น ๆ ระดับน้ำลดลงเกือบหมดแล้ว แต่บริเวณซอย 50 และ 52 ยังคงมีน้ำท่วมสูง ส่งผลกระทบต่อการเดินท,https://storage.googleapis.com/traffy_public_bucket/attachment/2026-09/b8f8355e0a03c331113e7ff994afc8db.jpeg
2026-M86AMC,inprogress,2026-09-29 13:44,2026-09-29 13:53,100.65119,13.75683,บางกะปิ,หัวหมาก,ปัญหา: บริเวณหมู่บ้านสวนสน มีความประสงค์ขอรับถุงดำและลูกบอลล์ EM. เนื่องจากน้ำท่วมไหลเข้าบ้านเรือนเริ่มมีสีและกลิ่น จึงขอให้เจ้าหน้าที่ให้ความช่วยเหลือ บ้านเลขที่: 28 หมู่บ้าน: สวนสน ซอย: รามคำแหง 60 แยก 7 ถนน: รามคำแหง เขต: บางกะปิ #1555,https://storage.googleapis.com/traffy_public_bucket/attachment/2022-12/da2125e781282589d482070c3dba1726aa16a4a7.jpg
2026-TWTBWU,inprogress,2026-09-29 13:44,2026-09-29 15:39,100.73572,13.83026,มีนบุรี,มีนบุรี,น้ำท่วมขังบริเวณชุมชน มีขยะจำนวนมาก เริ่มส่งกลิ่นเหม็น น้ำยังไม่ระบายออก ความสูงระดับหน้าแข้ง น้ำท่วมมาแล้ว5วันค่ะ,https://storage.googleapis.com/traffy_public_bucket/attachment/2026-09/be65997fb44bd1420ed74fc0f235d73d.jpeg
2026-83AWFG,inprogress,2026-09-29 13:45,2026-09-29 17:59,100.66563,13.78118,บึงกุ่ม,คลองกุ่ม,อยากให้ช่วยระบายน้ำท่วมครับ พอดีซอยไม่มีท่อระบายน้ำ ความสูงระดับหัวเข่า น้ำท่วมมาแล้วน้อยกว่า 1 สัปดาห์,https://storage.googleapis.com/traffy_public_bucket/attachment/2026-09/thumb_9b4471a00f1a863be19b2d98f319da88.jpg
2026-PL6B97,finish,2026-09-29 13:46,2026-10-05 14:35,100.64797,13.75474,บางกะปิ,หัวหมาก,น้ำท่วมขังสูงมา5วันไม่มีหน่วยงานเข้ามาดูแลเลยครับ ความสูงระดับเอว น้ำท่วมมาแล้วน้อยกว่า 1 สัปดาห์,https://storage.googleapis.com/traffy_public_bucket/attachment/2026-09/5495f86517292b0e071b39d97484b67c.jpeg
2026-7TZMET,forward,2026-09-29 13:47,2026-09-29 13:49,100.63107,13.77331,บางกะปิ,คลองจั่น,เรื่อง ขอให้ตรวจสอบและแก้ไขปัญหาน้ำท่วมและการระบายน้ำบริเวณร้านอาไก ย่านลาดพร้าว เรียน หน่วยงานที่เกี่ยวข้อง ข้าพเจ้าขอแจ้งปัญหาและขอความอนุเคราะห์ให้หน่วยงานที่เกี่ยวข้องเข้าตรวจสอบบริเวณร้านอาไก ย่านลาดพร้าว เนื่องจากในช่วงที่เกิดสถานการณ์น้ำท่วม พบปั,https://storage.googleapis.com/traffy_public_bucket/attachment/2026-09/0d13b13709c0a7f72a0bf28b628723e6.jpeg
2026-4NNGK2,start,2026-09-29 13:48,2026-09-29 13:48,100.77311,13.71863,ลาดกระบัง,ลาดกระบัง,น้ำท่วมขังและเริ่มเน่าเสีย ความสูงระดับหัวเข่า น้ำท่วมมาแล้วน้อยกว่า 1 สัปดาห์,https://storage.googleapis.com/traffy_public_bucket/attachment/2026-09/65ea9ddb89fbe5af29a04561fa36f159.jpeg
2026-LTVH6F,start,2026-09-29 13:48,2026-09-29 13:48,100.84903,13.69496,ลาดกระบัง,ขุมทอง,ในซอยพระยาเพชรน้ำท่วมไม่มีหน่วยงานไหนมาแจกข้าวแจกน้ำเลย.แม้แต่หน่วยงานเดียว #ขอกระสอบทราย/อื่นๆ,https://storage.googleapis.com/traffy_public_bucket/attachment/2026-09/8eb7fd4ffd08e0554f78eb6e098a9fc3.jpeg
2026-2TT6JW,inprogress,2026-09-29 13:50,2026-09-29 16:32,100.66182,13.72264,ประเวศ,ประเวศ,เครื่แงสูบน้ำ สูบจากซอยย่อย พัฒนาการ65 มาปล่อยน้ำลง ซอย 69 ทำให้น้ำที่ลดลงจากช่วงเช้า 10-15 cm เพิ่มสูงขึ้นกลับมาอยู่ที่ 60++cm อีกครั้ง ส่วนน้ำในซอย 65 ก็ยังไม่ได้ลดลง ความสูงระดับ60cm น้ำท่วมมาแล้วตั้งแต่วันที่ฝนเริ่มตก,https://storage.googleapis.com/traffy_public_bucket/attachment/2026-09/thumb_70bc668b875f40e019faba0406054530.jpg
2026-GBRVTF,start,2026-09-29 13:50,2026-09-29 13:50,100.77033,13.73671,ลาดกระบัง,ลำปลาทิว,ซอยคุ้มเกล้า 66 ถนนคุ้มเกล้า ลาดกระบัง มีปริมาณน้ำท่วมขังสูง ต้องการเครื่องสูบน้ำครับ ความสูงระดับหัวเข่า น้ำท่วมมาแล้วน้อยกว่า 1 สัปดาห์,https://storage.googleapis.com/traffy_public_bucket/attachment/2026-09/85bb05ce59170beb017cc7109936f539.jpeg
2026-VJDY9B,inprogress,2026-09-29 13:50,2026-09-29 13:58,100.68553,13.75943,สะพานสูง,สะพานสูง,น้ำท่วมขังภายในซอยรามคำแหง 118 ตั้งแต่คืนวันศุกร์ที่ 25 กันยายน 2569 จนตอนนี้วันอังคารที่ 29 กันยายน 2569 ระดับน้ำไม่ลดลง มันเกินไปมากเลยค่ะ พื้นที่อื่นนเำไม่มีแล้ว แต่ในรามคำแหง118 น้ำยังท่วมขังในซอยและภายในบ้านบริเวณชั้น1 น้ำขังมีกลิ่นเหม็น ข้าวของภายใน,https://storage.googleapis.com/traffy_public_bucket/attachment/2026-09/996844e9a9e1113f5642c07c1764f52b.jpeg
2026-32HD6E,inprogress,2026-09-29 13:52,2026-09-29 14:15,100.82636,13.85545,หนองจอก,คู้ฝั่งเหนือ,น้ำท่วมชายคลองบ้านเลขที่ 12/1 หมู่1 แขวงคู้ฝั่งเหนือ เขตหนองจอก กทม. 10530 ความสูงระดับหน้าแข้ง น้ำท่วมมาแล้วตั้งแต่วันเสาร์ที่ 26 กันยายน 2569,https://storage.googleapis.com/traffy_public_bucket/attachment/2026-09/95128b77ea9e47eaf91f7647552525ab.jpeg
2026-ZV23RW,finish,2026-09-29 13:52,2026-09-29 19:21,100.66567,13.73944,สะพานสูง,สะพานสูง,ปัญหา: บริเวณบ้านเลขที่ 46 เกิดเหตุอุทกภัย มีน้ำท่วมสูงประมาณ 80 เซนติเมตร ส่งผลให้ประชาชนได้รับความเดือดร้อนประมาณ 20 คน จากบ้านเรือนประมาณ 6 หลัง จึงขอรับการช่วยเหลือด้านเครื่องอุปโภคบริโภค และขอให้หน่วยงานที่เกี่ยวข้องเร่งดำเนินการช่วยเหลือโดยเร็ว บ้าน,https://storage.googleapis.com/traffy_public_bucket/attachment/2022-12/da2125e781282589d482070c3dba1726aa16a4a7.jpg
2026-F2GY6R,start,2026-09-29 13:54,2026-09-29 13:54,100.74206,13.71797,ลาดกระบัง,ลาดกระบัง,อยากขอความช่วยเหลือเนื่องจากสถานที่ที่พักอาศัยอยู่ตอนนี้ประสบปัญหาน้ำท่วม เกือบถึงข้อเข่า ถึงฝนจะหยุดตกแล้วแต่น้ำที่อื่นก็ยังไหลเข้ามาหนุนน้ำที่บ้านให้สูงขึ้นอีกและไม่มีท่าทีว่าน้ำจะลดลงเลย ตอนนี้มีผู้คนอาศัยอยู่ในพื้นที่ประมาณ 40 ถึง 50 คน ที่ได้รับความเ,https://storage.googleapis.com/traffy_public_bucket/attachment/2026-09/51f75f37dc443c6d985970421655de70.jpeg
2026-EM7RTA,forward,2026-09-29 13:55,2026-09-29 19:20,100.62942,13.90571,สายไหม,คลองถนน,ตอนนี้มีหน่วยงานไกนมาดูพื้นที่แถวคลองถนน เขตสายไหมบ้างหรือยังหรอคะ น้ำไม่ลดเลย หน้าแข้งค่ะ เข้าบ้านเรือนหมดทุกหลังค่ะ ตั้งแต่วันเสาร์ค่ะ น้ำไม่ลงเลย,https://storage.googleapis.com/traffy_public_bucket/attachment/2026-09/3988b05671f9db741c385633da303fce.jpeg
2026-6MDYB8,start,2026-09-29 13:56,2026-09-30 21:12,100.71849,13.77523,ลาดกระบัง,คลองสองต้นนุ่น,ปัญหา: ภายในซอยดังกล่าว หมู่บ้านเพอร์เฟคเพลส ซอย 31 บ้านเลขที่ 676 เนื่องจากเกิดเหตุอุทกภัย จึงมีความประสงค์ขอรับความช่วยเหลือด้านอาหารและน้ำดื่ม ซอย: รามคำแหง 164 ถนน: รามคำแหง เขต: ลาดกระบัง #1555,https://storage.googleapis.com/traffy_public_bucket/attachment/2022-12/da2125e781282589d482070c3dba1726aa16a4a7.jpg
2026-FRL6ET,irrelevant,2026-09-29 13:56,2026-09-29 16:25,100.67687,13.68988,ประเวศ,ดอกไม้,ไม่แสดงรายละเอียด,https://storage.googleapis.com/traffy_public_bucket/TeamChadChart/fondue_photo.png
2026-KEJAVJ,inprogress,2026-09-29 13:56,2026-09-29 14:03,100.68998,13.73762,สะพานสูง,สะพานสูง,หมู่บ้านเนอวานา พระราม 9 ซอยกรุงเทพกรีฑา32 ตรงข้าม Airport Rail Link บ้านทับช้าง น้ำยังท่วมขังอยู่ค่ะ ระดับน้ำหน้าหมู่บ้าน ประมาณ 40 ซม. ภายในหมู่บ้าน ประมาณ 16.5ซม. ค่ะ ระดับน้ำหน้าหมู่บ้าน ประมาณ 40 ซม. ภายในหมู่บ้าน ประมาณ 16.5ซม. ค่ะ ตั้งแต่วันศุกร์ที,https://storage.googleapis.com/traffy_public_bucket/attachment/2026-09/33f141a7a3255b1aa743fbafb907d7e1.jpeg
2026-KEJAVJ,follow,2026-09-29 13:56,2026-10-07 08:34,100.68998,13.73762,สะพานสูง,สะพานสูง,หมู่บ้านเนอวานา พระราม 9 ซอยกรุงเทพกรีฑา32 ตรงข้าม Airport Rail Link บ้านทับช้าง น้ำยังท่วมขังอยู่ค่ะ ระดับน้ำหน้าหมู่บ้าน ประมาณ 40 ซม. ภายในหมู่บ้าน ประมาณ 16.5ซม. ค่ะ ระดับน้ำหน้าหมู่บ้าน ประมาณ 40 ซม. ภายในหมู่บ้าน ประมาณ 16.5ซม. ค่ะ ตั้งแต่วันศุกร์ที,https://storage.googleapis.com/traffy_public_bucket/attachment/2026-09/33f141a7a3255b1aa743fbafb907d7e1.jpeg
2026-63X8J4,start,2026-09-29 13:57,2026-09-30 21:07,100.71938,13.77411,ลาดกระบัง,คลองสองต้นนุ่น,ปัญหา: ภายในซอยดังกล่าว หมู่บ้านเพอร์เฟคเพลส 43 บ้านเลขที่ 900 เนื่องจากเกิดเหตุอุทกภัย จึงมีความประสงค์ขอรับความช่วยเหลือด้านอาหารและน้ำดื่ม (เป็นผู้สูงอายุได้รับบาดเจ็บจากเศษแก้วแทงขา ) ซอย: รามคำแหง 164 ถนน: รามคำแหง เขต: ลาดกระบัง #1555,https://storage.googleapis.com/traffy_public_bucket/attachment/2022-12/da2125e781282589d482070c3dba1726aa16a4a7.jpg
2026-7TY4D9,inprogress,2026-09-29 13:58,2026-09-29 16:24,100.64882,13.72078,ประเวศ,ประเวศ,มีน้ำท่วมขังอยู่ในซอยอ่อนนุช53แยก1-12 รถไม่สามารถวิ่งได้ น้ำท่วมอยู่5วันแล้ว ไม่มีการระบายน้ำหรือสูบน้ำออกเลย น้ำท่วมขังเริ่มเน่าแล้ว ความสูงระดับหน้าแข้ง น้ำท่วมมาแล้วน้อยกว่า 1 สัปดาห์,https://storage.googleapis.com/traffy_public_bucket/attachment/2026-09/dd8e67c9e12bac12f98067bee421aebe.jpeg
2026-AF9TWH,forward,2026-09-29 13:58,2026-09-29 19:20,100.6832,13.90223,สายไหม,ออเงิน,รายละเอียดปัญหา ฝนไม่ตกแล้ว แต่น้ำก็ยังไม่ลด กทม.จะทำอะไรได้บ้างมั้ย ความสูงระดับหัวเข่า น้ำท่วมมาแล้วมากกว่า 1 สัปดาห์,https://storage.googleapis.com/traffy_public_bucket/attachment/2026-09/9478e26945af43823b59f7189b6db1ba.jpeg
2026-MGHKKJ,finish,2026-09-29 13:58,2026-09-30 10:11,100.38341,13.66765,บางบอน,บางบอนเหนือ,บ้านเลขที่ 27 ซอย 5 ถนนบางบอน 3 แขวงบางบอนเหนือ เขตบางบอน กรุงเทพ 10150 มีน้ำท่วมขัง เนื่องจากเป็นพื้นที่ต่ำ รบกวนขอเครื่องสูบน้ำ ช่วยระบายน้ำครับ *** ผู้อยู่บ้านใช้โทรศัพท์ไม่ค่อยเป็น *** ความสูงระดับหน้าแข้ง น้ำท่วมมาแล้วน้อยกว่า 1 สัปดาห์,https://storage.googleapis.com/traffy_public_bucket/attachment/2026-09/a640fbb8095533e16510c5969d1726fa.jpeg
2026-MUXZXW,inprogress,2026-09-29 13:58,2026-09-29 14:01,100.66814,13.74591,สะพานสูง,สะพานสูง,อยากทราบวิธีการระบายน้ำค่ะ มีแนวทางยังไงบ้างค่ะ ความสูงระดับเอว น้ำท่วมมาแล้วน้อยกว่า 1 สัปดาห์,https://storage.googleapis.com/traffy_public_bucket/attachment/2026-09/ef73a0d4c44132900b1cd8367b25af33.jpeg
2026-NGK6RX,inprogress,2026-09-29 13:58,2026-09-29 14:15,100.63545,13.68905,พระโขนง,บางจาก,ปัญหา: ตลอดทั้งซอยดังกล่าว พบมีน้ำท่วมขัง เนื่องจากฝนตกหนักจึงต้องการให้เจ้าหน้าที่ดำเนินการตรวจสอบและแก้ไขปัญหาดังกล่าว ซอย: วชิรธรรมสาธิต 70 ถนน: วชิรธรรมสาธิต เขต: พระโขนง #1555,https://storage.googleapis.com/traffy_public_bucket/attachment/2022-12/da2125e781282589d482070c3dba1726aa16a4a7.jpg
2026-NGK6RX,finish,2026-09-29 13:58,2026-10-08 10:26,100.63545,13.68905,พระโขนง,บางจาก,ปัญหา: ตลอดทั้งซอยดังกล่าว พบมีน้ำท่วมขัง เนื่องจากฝนตกหนักจึงต้องการให้เจ้าหน้าที่ดำเนินการตรวจสอบและแก้ไขปัญหาดังกล่าว ซอย: วชิรธรรมสาธิต 70 ถนน: วชิรธรรมสาธิต เขต: พระโขนง #1555,https://storage.googleapis.com/traffy_public_bucket/attachment/2022-12/da2125e781282589d482070c3dba1726aa16a4a7.jpg
2026-FGHZW4,finish,2026-09-29 13:59,2026-10-01 08:45,100.62189,13.69839,พระโขนง,บางจาก,น้ำท่วมเข้าบ้านประตูหน้าบ้านด้านหน้าทางซ้ายขวาเลื่อนได้ไหมจบฝืดมากตู้เย็นเสียเครื่อณตอนนี้น้ำยังท่วมบริเวณรอบข้างอยู่งซักผ้าเสียตู้เสื้อผ้าและเสื้อผ้าหมดเตาไฟฟ้า มากกว่าฟุตนะในคืนวันศุกร์ที่25เห้นแถวนี้พุดน้ำเข้าคืนวันสุก พอดีไปต่างจังหวัด ตั้งแต่วันคืนศุ,https://storage.googleapis.com/traffy_public_bucket/attachment/2026-09/f18341a3429e4812d3f18bdaada6207f.jpeg
2026-A67KKA,inprogress,2026-09-29 14:00,2026-09-29 14:14,100.80226,13.80068,หนองจอก,ลำผักชี,ปัญหา: เบสท์ เข้าซอยสุวินทวงศ์ 38 บริเวณหมู่บ้านฟลอราวิลล์ บ้านเลขที่ 92/37 เนื่องจากเหตุอุทกภัย ต้องการความช่วยเหลือด้วยรถยกสูงในการอพยพสิ่งของ ผู้พักอาศัยในหมู่บ้าน (ผู้แจ้งชื่อภาษสกร) บ้านเลขที่: 92/37 ซอย: สุวินทวงศ์ 38 ถนน: สุวินทวงศ์ เขต: หนองจอก,https://storage.googleapis.com/traffy_public_bucket/attachment/2022-12/da2125e781282589d482070c3dba1726aa16a4a7.jpg
2026-G49R9C,inprogress,2026-09-29 14:00,2026-09-29 14:08,100.66768,13.85672,บางเขน,ท่าแร้ง,น้ำท่วมขัง หน้าแข้ง ประมาณกี่วันลด เพราะใช้รถเก๋งออกไม่ได้ ความสูงระดับหน้าแข้ง น้ำท่วมมาแล้วตั้งแต่วันที่ 25 ถึงปัจจุบัน,https://storage.googleapis.com/traffy_public_bucket/attachment/2026-09/thumb_6347f5182549f61748559afd062f8292.jpg
2026-G49R9C,finish,2026-09-29 14:00,2026-10-09 18:36,100.66768,13.85672,บางเขน,ท่าแร้ง,น้ำท่วมขัง หน้าแข้ง ประมาณกี่วันลด เพราะใช้รถเก๋งออกไม่ได้ ความสูงระดับหน้าแข้ง น้ำท่วมมาแล้วตั้งแต่วันที่ 25 ถึงปัจจุบัน,https://storage.googleapis.com/traffy_public_bucket/attachment/2026-09/thumb_6347f5182549f61748559afd062f8292.jpg
2026-DUAJRT,finish,2026-09-29 14:01,2026-10-02 15:16,100.80258,13.8491,หนองจอก,โคกแฝด,ปัญหา: ภายในซอยดังกล่สว บ้านเลขที่ 55 หมู่ 11 เนื่องจากเหตุอุทกภัย ต้องการความช่วยเหลือขอรับเครื่องอุปโภคบริโภค จำนวน 7 ท่าน บ้านเลขที่: 55 ซอย: เลียบวารี 85 ถนน: เลียบวารี เขต: หนองจอก #1555,https://storage.googleapis.com/traffy_public_bucket/attachment/2022-12/da2125e781282589d482070c3dba1726aa16a4a7.jpg
2026-3H2ZWD,inprogress,2026-09-29 14:06,2026-09-29 14:51,100.62119,13.86827,บางเขน,อนุสาวรีย์,ซอยรามอินทรา 21 แยก 16 น้ำยังท่วมขังอยู่ ความสูงระดับหน้าแข้ง 3 วันค่ะ,https://storage.googleapis.com/traffy_public_bucket/attachment/2026-09/96867bc71b7b441686cb582e02a8e83a.jpeg
2026-3H2ZWD,finish,2026-09-29 14:06,2026-10-09 13:56,100.62119,13.86827,บางเขน,อนุสาวรีย์,ซอยรามอินทรา 21 แยก 16 น้ำยังท่วมขังอยู่ ความสูงระดับหน้าแข้ง 3 วันค่ะ,https://storage.googleapis.com/traffy_public_bucket/attachment/2026-09/96867bc71b7b441686cb582e02a8e83a.jpeg
2026-KCFWXY,inprogress,2026-09-29 14:06,2026-09-29 14:13,100.89059,13.83534,หนองจอก,กระทุ่มราย,น้ำท่วมในคลองลำสลิดทองน้ำหนุนนิ่งไม่ลดเลยค่ะ น้ำท่วมถนนไม่สามารถเข้า-ออกได้เลยค่ะ ยังไม่ได้รับการช่วยเหลือเลยค่ะ ไม่สามารถนำรถออกได้ ติดมา4วันแล้ว ความสูงระดับหัวเข่า น้ำท่วมมาแล้ว4วัน,https://storage.googleapis.com/traffy_public_bucket/attachment/2026-09/074c9b5e25bfe8a7c47a057c84ba42ad.jpeg
2026-M8X6HE,forward,2026-09-29 14:06,2026-09-30 11:27,100.70298,13.81982,คลองสามวา,บางชัน,น้ำในซอยรามอินทรา 117 เสมอเข่ามาหลายวันยังไม่ลดลงเลย อาหารในร้านสะดวกซื้อก็ไม่ค่อยเติมเท่าไร การเดินทางรถเล็ก จักรยานยนต์ ยังไม่สะดวกหรือแนะนำ ต้องโบกรถกะบะหรือสูงๆ หรือรถสองแถวไปการเดินทางออกมาปากซอย หรือบางชุมชนตอนนี้น้ำท่วมในบ้านมาหลายวันแล้ว อยากให้ช่,https://storage.googleapis.com/traffy_public_bucket/attachment/2026-09/3ee3938f4d0ffe015098365fec6d815b.jpeg
2026-73U3EH,finish,2026-09-29 14:07,2026-09-30 08:53,100.62022,13.79491,วังทองหลาง,คลองเจ้าคุณสิงห์,น้ำในซอยลาดพร้าว87แยก14ยังท่วมและน้ำในบ้านยังขังทุกหลังและมียุงมาก ความสูงระดับข้อเท้า น้ำท่วมมาแล้วมากกว่า 1 สัปดาห์,https://storage.googleapis.com/traffy_public_bucket/attachment/2026-09/46e7eeb7b65215e713cf42dd7d48be1f.jpeg
2026-PWHTW8,inprogress,2026-09-29 14:07,2026-09-29 14:12,100.64689,13.77959,บางกะปิ,คลองจั่น,สูงประมาณ50เซนติเมตร 50เซนติเมตร 4วัน,https://storage.googleapis.com/traffy_public_bucket/attachment/2026-09/c7461edc732269724efdff0a079db8f6.jpeg
2026-PWHTW8,finish,2026-09-29 14:07,2026-10-09 15:54,100.64689,13.77959,บางกะปิ,คลองจั่น,สูงประมาณ50เซนติเมตร 50เซนติเมตร 4วัน,https://storage.googleapis.com/traffy_public_bucket/attachment/2026-09/c7461edc732269724efdff0a079db8f6.jpeg
2026-MWUYUX,finish,2026-09-29 14:08,2026-09-29 15:21,100.62595,13.78701,วังทองหลาง,คลองเจ้าคุณสิงห์,นำท่วมบ้าน ต้องการ อาหารแห้งและยาสามัญประจำบ้าน ยาทาแก้น้ำกัดเท้า ความสูงระดับเกลือบเข่าคะ น้ำท่วมมาแล้ว5 วันคะ,https://storage.googleapis.com/traffy_public_bucket/attachment/2026-09/3b523eaada541957c615eac5f231aac6.jpeg
2026-V66969,inprogress,2026-09-29 14:09,2026-09-29 15:39,100.77302,13.79632,มีนบุรี,แสนแสบ,น้ำท่วมตั้งแต่ 25/09/2569 ตอนนี้น้ำเริ่มเน่าแล้ว ความสูงระดับสูงกว่า 50 cm น้ำท่วมมาแล้วน้อยกว่า 1 สัปดาห์,https://storage.googleapis.com/traffy_public_bucket/attachment/2026-09/25a7b760540554df8ca91d303500348a.jpeg
2026-7M8ZUB,inprogress,2026-09-29 14:11,2026-09-30 08:41,100.6489,13.8781,บางเขน,ท่าแร้ง,บ้านตรงข้ามสูบน้ำออกตลอดเวลาทั้งที่พื้นในบ้านแห้งมา 2 วันแล้ว น้ำในซอยไม่ลดลงซักที คิดว่าที่น้ำในซอยไม่ลดลงเท่าไหร่เป็นเพราะบ้านตรงข้ามสูบน้ำจากท่อใต้ดินออกมาตลอดเวลาหรือไม่ ความสูงระดับหัวเข่า น้ำท่วมมาแล้วน้อยกว่า 1 สัปดาห์,https://storage.googleapis.com/traffy_public_bucket/attachment/2026-09/0357575ff999c88bbfa0af0557b39a8d.jpeg
2026-7M8ZUB,finish,2026-09-29 14:11,2026-10-09 18:36,100.6489,13.8781,บางเขน,ท่าแร้ง,บ้านตรงข้ามสูบน้ำออกตลอดเวลาทั้งที่พื้นในบ้านแห้งมา 2 วันแล้ว น้ำในซอยไม่ลดลงซักที คิดว่าที่น้ำในซอยไม่ลดลงเท่าไหร่เป็นเพราะบ้านตรงข้ามสูบน้ำจากท่อใต้ดินออกมาตลอดเวลาหรือไม่ ความสูงระดับหัวเข่า น้ำท่วมมาแล้วน้อยกว่า 1 สัปดาห์,https://storage.googleapis.com/traffy_public_bucket/attachment/2026-09/0357575ff999c88bbfa0af0557b39a8d.jpeg
2026-8MPUAM,inprogress,2026-09-29 14:12,2026-09-29 15:39,100.72331,13.78233,มีนบุรี,มีนบุรี,หมู่บ้านบัวขาวฝั่งใน ซ.รามคำแหง 174 น้ำยังไม่ค่อยลดเลย ทั้งที่ตรงอื่นลดไปเยอะแล้ว ความสูงระดับประมาณ 50 ซม น้ำท่วมมาแล้วตั้งแต่วันที่ 26 ก.ย,https://storage.googleapis.com/traffy_public_bucket/attachment/2026-09/c2244ac7253c817aae4b8ed6f7a4ecbe.jpeg
2026-ZYMNMK,inprogress,2026-09-29 14:12,2026-09-29 15:39,100.72043,13.79761,มีนบุรี,มีนบุรี,น้ำยังท่วมขังอยู่ ความสูงระดับหัวเข่า น้ำท่วมมาแล้วน้อยกว่า 1 สัปดาห์,https://storage.googleapis.com/traffy_public_bucket/attachment/2026-09/c06faf9d9ce21f50db4ae23c1c804c22.jpeg
2026-6RM4RY,start,2026-09-29 14:13,2026-09-29 14:13,100.79277,13.71841,ลาดกระบัง,ทับยาว,เนื่องจากบริเวณหน้าห้างโลตัส ถนน หลวงแพ่ง มีระดับน้ำขังท่วมถนนใหญ่ค่อนข้างสูง รถเล็กสัญจรไม่ได้ รวมถึง รถประจำทางหลายเส้นก็งดวิ่ง และวันพรุ่งนี้หลายท่านต้องออกไปทำงานแล้วตามประกาศฯ จึงอยากขอความอนุเคราะห์ให้ท่านช่วยประสานรถทหารหรือหน่วยงานอื่นๆที่สามารถ น,https://storage.googleapis.com/traffy_public_bucket/attachment/2026-09/684bfc9935c01499c4733de1a49fa7db.jpeg
2026-NG6L6L,inprogress,2026-09-29 14:13,2026-09-29 16:50,100.64955,13.78648,บึงกุ่ม,คลองกุ่ม,เขตมีนบุรี บ้านเอื้ออาทร ไม่มีอาหารและน้ำค่ะ 50-60 ติดต่อคนที่บ้านไม่ได้ค่ะตอนนี้ ไม่ทราบว่าเป็นยังไงบ้าง เข้าพื้นที่ไม่ได้ค่ะ,https://storage.googleapis.com/traffy_public_bucket/attachment/2026-09/120746df79d403ce879287249e785317.jpeg
2026-WPURUV,start,2026-09-29 14:14,2026-09-29 14:14,100.75185,13.76824,ลาดกระบัง,คลองสามประเวศ,หมู่บ้านสุภาวรรณซอยร่มเกล้า 19 / 2 แขวงคลองสามประเวศ มีน้ำท่วมขังมา4วันแล้ว รถเล็กผ่านไม่ได้เลย ออกไปทำงานไม่ได้น้ำเริ่มเน่าเสีย อยากขอเครื่องสูบน้ำมาช่วยเหลือค่ะ ความสูงระดับเกือบถึงหัวเข่า น้ำท่วมมาแล้ว4วัน,https://storage.googleapis.com/traffy_public_bucket/attachment/2026-09/thumb_8287a40d293080acc7104799803278b3.jpg
2026-FYEEPM,finish,2026-09-29 14:16,2026-10-01 11:59,100.5847,13.84513,จตุจักร,เสนานิคม,ระดับน้ำท่วมในซอยไม่ลด ประกอบกับอพาทเม้นปล่อยน้ำลงมาซ้ำเติมระดับน้ำ ความสูงระดับหัวเข่า น้ำท่วมมาแล้วน้อยกว่า 1 สัปดาห์,https://storage.googleapis.com/traffy_public_bucket/attachment/2026-09/1c64f483d0f09a1f2ae08518fd9ed3cf.jpeg
2026-D7NXAT,inprogress,2026-09-29 14:19,2026-09-29 16:23,100.67634,13.68928,ประเวศ,ดอกไม้,ปัญหาน้ำท่วมบริเวณหน้าหมู่บ้าน ปัจจุบันบริเวณหน้าร้านหมอฟันและหน้าศาล มีระดับน้ำท่วมสูงประมาณ 35–40 ซม. โดยรถ Cross และรถ HAVAL มีระดับน้ำประมาณครึ่งล้อ บริเวณทางออกจากหมู่บ้าน หลังพ้นป้อมไปแล้ว ระดับน้ำจะลึกลงไปอีกประมาณ 5 ซม. ทำให้การสัญจรเข้า–ออกหมู่บ,https://storage.googleapis.com/traffy_public_bucket/attachment/2026-09/a66444fbf5f6ed249749849aad879ae2.jpeg
2026-XR4DYA,inprogress,2026-09-29 14:20,2026-09-30 08:49,100.64593,13.86401,บางเขน,ท่าแร้ง,น้ำเริ่มกลับมาจะท่วมใหม่มีน้ำเริ่มผุดดันออกมาจากฝาท่อระบายน้ำอีกแล้ว ความสูงระดับเริ่มขึ้นมาเรื่อยๆประมาณ5-10เซนติเมตรแล้ว น้ำท่วมมาแล้วเรื่มมีน้ำผุดขึ้นจากฝาท่อประมาณตอนเที่ยงวันนี้,https://storage.googleapis.com/traffy_public_bucket/attachment/2026-09/thumb_3e328fac4626a5bea1f883c7d070510a.jpg
2026-XR4DYA,finish,2026-09-29 14:20,2026-10-09 18:35,100.64593,13.86401,บางเขน,ท่าแร้ง,น้ำเริ่มกลับมาจะท่วมใหม่มีน้ำเริ่มผุดดันออกมาจากฝาท่อระบายน้ำอีกแล้ว ความสูงระดับเริ่มขึ้นมาเรื่อยๆประมาณ5-10เซนติเมตรแล้ว น้ำท่วมมาแล้วเรื่มมีน้ำผุดขึ้นจากฝาท่อประมาณตอนเที่ยงวันนี้,https://storage.googleapis.com/traffy_public_bucket/attachment/2026-09/thumb_3e328fac4626a5bea1f883c7d070510a.jpg
2026-APNA9V,inprogress,2026-09-29 14:22,2026-09-29 14:30,100.80868,13.79287,หนองจอก,ลำผักชี,อยากให้สำนักงานเขตหนองจอก เข้ามา ดูแล ในหมู่บ้าน ฟลอร่าวิลล์ ซอย 7 หน่อยครับ ซึ่งมี ประชาชน อาศัยอยู่ เป็นจำนวนมาก ที่ติดค้างอยู่ในบ้าน เนื่องจากน้ำท่วม เป็นเวลา 6 วันแล้ว ยังไม่มีหน่วยงานไหนเข้ามา ช่วยเหลือ อยากให้เจ้าหน้าที่ ของสำนักงานเขตหนองจอกเข้ามาด,https://storage.googleapis.com/traffy_public_bucket/attachment/2026-09/7eb6ac7f57e6c60abf04f5457b53b2d9.jpeg
2026-NDM2F4,finish,2026-09-29 14:23,2026-10-01 08:47,100.62256,13.69727,พระโขนง,บางจาก,น้ำท่วม ความสูงระดับน้ำไม่สามารถระบายได้ บริเวณใกล้เคียงแห้งแล้ว สูงประมาณ 30ซม น้ำท่วมมาแล้ว3วัน,https://storage.googleapis.com/traffy_public_bucket/attachment/2026-09/7c782b476016449e09d787128d74ab42.jpeg
2026-3WGG2W,start,2026-09-29 14:25,2026-09-29 14:25,100.79292,13.73657,ลาดกระบัง,ลำปลาทิว,ซอยฉลองกรุง 6 น้ำท่วมหนักมาก ทำไมหน่วยงานภาครัฐถึงไม่เร่งระบายน้ำบ้าง ทำไมถึงเอื้อประโยชน์ให้แต่พวกกรุงเทพชั้นใน ความสูงระดับหน้าแข้ง น้ำท่วมมาแล้วน้อยกว่า 1 สัปดาห์,https://storage.googleapis.com/traffy_public_bucket/attachment/2026-09/8eeef05b811240be2bef3471e24a8bc7.jpeg
2026-3WGG2W,follow,2026-09-29 14:25,2026-10-09 14:44,100.79292,13.73657,ลาดกระบัง,ลำปลาทิว,ซอยฉลองกรุง 6 น้ำท่วมหนักมาก ทำไมหน่วยงานภาครัฐถึงไม่เร่งระบายน้ำบ้าง ทำไมถึงเอื้อประโยชน์ให้แต่พวกกรุงเทพชั้นใน ความสูงระดับหน้าแข้ง น้ำท่วมมาแล้วน้อยกว่า 1 สัปดาห์,https://storage.googleapis.com/traffy_public_bucket/attachment/2026-09/8eeef05b811240be2bef3471e24a8bc7.jpeg
2026-HG8L3H,finish,2026-09-29 14:25,2026-10-01 11:54,100.58475,13.84515,จตุจักร,เสนานิคม,น้ำไม่ลด ความสูงระดับหัวเข่า น้ำท่วมมาแล้วน้อยกว่า 1 สัปดาห์,https://storage.googleapis.com/traffy_public_bucket/attachment/2026-09/102a78c53d6a8fb71624cacd3062951a.jpeg
2026-2WJVXZ,inprogress,2026-09-29 14:27,2026-09-29 14:50,100.63413,13.73153,สวนหลวง,สวนหลวง,อยากให้เขตสวนหลวงช่วยเข้ามาสูบน้ำที่ค้างในซอยพัฒนาการ 48 ในบ้านเลยตาตุ่มค่ะ ตั้งแต่วันศุกร์ที่ 25,https://storage.googleapis.com/traffy_public_bucket/attachment/2026-09/f9d33ede3079f0d7e3c8414342fe9642.jpeg
2026-2WJVXZ,finish,2026-09-29 14:27,2026-10-10 12:47,100.63413,13.73153,สวนหลวง,สวนหลวง,อยากให้เขตสวนหลวงช่วยเข้ามาสูบน้ำที่ค้างในซอยพัฒนาการ 48 ในบ้านเลยตาตุ่มค่ะ ตั้งแต่วันศุกร์ที่ 25,https://storage.googleapis.com/traffy_public_bucket/attachment/2026-09/f9d33ede3079f0d7e3c8414342fe9642.jpeg
2026-DNTTL6,inprogress,2026-09-29 14:27,2026-09-29 15:41,100.77252,13.79639,มีนบุรี,แสนแสบ,น้ำท่วมบ้านเรือนประชาชน ความสูงระดับหัวเข่า น้ำท่วมมาแล้วน้อยกว่า 1 สัปดาห์,https://storage.googleapis.com/traffy_public_bucket/attachment/2026-09/35ef7b66ac204cd5024af90dbfaab78e.jpeg
2026-DNTTL6,follow,2026-09-29 14:27,2026-10-08 07:34,100.77252,13.79639,มีนบุรี,แสนแสบ,น้ำท่วมบ้านเรือนประชาชน ความสูงระดับหัวเข่า น้ำท่วมมาแล้วน้อยกว่า 1 สัปดาห์,https://storage.googleapis.com/traffy_public_bucket/attachment/2026-09/35ef7b66ac204cd5024af90dbfaab78e.jpeg
2026-PD9Z8T,inprogress,2026-09-29 14:27,2026-09-29 14:41,100.66776,13.87016,บางเขน,ท่าแร้ง,น้ำท่วมบ้านเลขที่18/118 ความสูงระดับหน้าแข่ง น้ำท่วมมาแล้วน้อยกว่า 1 สัปดาห์,https://storage.googleapis.com/traffy_public_bucket/attachment/2026-09/221ae3c333fc36d42187501db72e5b34.jpeg
2026-PD9Z8T,follow,2026-09-29 14:27,2026-10-07 08:48,100.66776,13.87016,บางเขน,ท่าแร้ง,น้ำท่วมบ้านเลขที่18/118 ความสูงระดับหน้าแข่ง น้ำท่วมมาแล้วน้อยกว่า 1 สัปดาห์,https://storage.googleapis.com/traffy_public_bucket/attachment/2026-09/221ae3c333fc36d42187501db72e5b34.jpeg
2026-V7AFZT,inprogress,2026-09-29 14:27,2026-09-29 15:41,100.68251,13.68044,ประเวศ,ดอกไม้,น้ำเริ่มลด แต่ ยังไม่สามารถ ก่อกระสอบทราย ดูด น้ำได้ เพราะน้ำมาจาก ถนน ความสูงระดับหน้าแข้ง วันที่ 4,https://storage.googleapis.com/traffy_public_bucket/attachment/2026-09/acaa3ee3d175aeaf4e947622d7e4dad3.jpeg
2026-W4GUH9,finish,2026-09-29 14:27,2026-09-30 13:08,100.62306,13.65535,บางนา,บางนาใต้,ถนนสุขุมวิท 107 แบริ่ง 19 หมู่บ้านเครือวัลย์น้ํายังคงท่วมขัง ไม่มีหน่วยงานใดเข้ามาดูแล ความสูงระดับหน้าแข้ง น้ำท่วมมาแล้วน้อยกว่า 1 สัปดาห์,https://storage.googleapis.com/traffy_public_bucket/attachment/2026-09/d896ec5d15a5e6b995de3b8f45f63027.jpeg
2026-GGTG4M,inprogress,2026-09-29 14:28,2026-09-29 15:43,100.677,13.68956,ประเวศ,ดอกไม้,เรื่อง ขอความอนุเคราะห์แก้ไขปัญหาน้ำท่วมขังบริเวณทางเข้าหมู่บ้าน เนื่องจากบริเวณทางเข้าหมู่บ้านมีลักษณะเป็นพื้นที่แอ่งต่ำ ส่งผลให้เกิดปัญหาน้ำท่วมขังบ่อยครั้ง โดยเฉพาะในช่วงที่มีฝนตกหนัก ทำให้รถยนต์ขนาดเล็กไม่สามารถสัญจรผ่านได้ตามปกติ สร้างความเดือดร้อนแล,https://storage.googleapis.com/traffy_public_bucket/attachment/2026-09/75826636bc62af033cc011f62020533a.jpeg
2026-MKGZZL,inprogress,2026-09-29 14:29,2026-09-29 15:39,100.6763,13.68932,ประเวศ,ดอกไม้,น้ำท่วมขังตั้งแต่วันเสาร์ ไม่มีหน่วยงานเข้ามาดูแล และบริเวณนี้น้ำท่วมขังเป็นประจำ เพราะถนนต่ำกว่าบริเวณอื่น คราวนี้ท่วมสูงเกือบ 1 เมตร คนในหมู่บ้านไม่สามารถนำรถออกไปข้างนอกได้ตั้งแต่วันเสาร์ หากสามารถปรับพื้นถนน หรือสร้างคันกั้นน้ำจากคลองได้น่าจะช่วยแก้ปั,https://storage.googleapis.com/traffy_public_bucket/attachment/2026-09/817ea620f5b783165f866f32efabaf43.jpeg
2026-TBJ8GL,inprogress,2026-09-29 14:32,2026-09-29 15:19,100.66285,13.8134,คันนายาว,รามอินทรา,น้ำท่วม ซอย นวมินทร์ 74 แยก 3-8-22 สุดซอย น้ำไม่ลดและเริ่มมีกลิ่น ขอเครื่องสูบน้ำ ประมานเข่า ครับ 5 วัน,https://storage.googleapis.com/traffy_public_bucket/attachment/2026-09/b306a097a702d204c4e5deca7e717261.jpeg
2026-NHLHCP,inprogress,2026-09-29 14:33,2026-09-29 14:46,100.68084,13.68561,ประเวศ,ดอกไม้,น้ำท่วมขังสูง5วันแล้ว ความสูงระดับหัวเข่า น้ำท่วมมาแล้วน้อยกว่า 1 สัปดาห์,https://storage.googleapis.com/traffy_public_bucket/attachment/2026-09/2e2e9a57a61634abf4811d24d3d1ca16.jpeg
2026-GFJA4A,inprogress,2026-09-29 14:34,2026-09-29 22:40,100.8847,13.85318,หนองจอก,หนองจอก,แจ้งขอความช่วยเหลือไปค่ะ แต่ยังไม่มีใครเข้ามาช่วยเหลือเลย ความสูงระดับเอว น้ำท่วมมาแล้วน้อยกว่า 1 สัปดาห์,https://storage.googleapis.com/traffy_public_bucket/attachment/2026-09/1228946558a6bf81d8feaafdb3108ea2.jpeg
2026-86KJ3B,finish,2026-09-29 14:35,2026-10-05 14:33,100.61807,13.75037,บางกะปิ,หัวหมาก,ซอยรามคำแหง 24 แยก6 น้ำไม่ลดระดับลงเลย สังเกตตั้งแต่เช้าแล้ว น้ำเริ่มนิ่ง ไม่มีวี่แววจะลด ทำให้สัญจรไม่ได้ เหมือนในซอยน้ำจะลดช้าสุดเพราะอยู่ต่ำกว่าที่อื่นๆ จึงอยากให้เข้ามาดูแล ความสูงระดับหัวเข่า น้ำท่วมมาแล้วน้อยกว่า 1 สัปดาห์,https://storage.googleapis.com/traffy_public_bucket/attachment/2026-09/58c5c8e24a8a9a45aecffda14dd1ff92.jpeg
2026-YPEUNJ,finish,2026-09-29 14:35,2026-09-30 08:56,100.62828,13.78092,วังทองหลาง,คลองเจ้าคุณสิงห์,น้ำในซอยลึดสุดของลาดพร้าว 101 แยก 7 ตรงป่ากล้วยยังท่วมขังมานาน 5 วันแล้ว เริ่มมีกลิ่น และสัตว์ะเช่นงู ความสูงระดับหน้าแข้ง น้ำท่วมมาแล้วน้อยกว่า 1 สัปดาห์,https://storage.googleapis.com/traffy_public_bucket/attachment/2026-09/thumb_b43e68df710cda2e05b66002d8796047.jpg
2026-B46UAV,finish,2026-09-29 14:37,2026-09-30 11:58,100.61155,13.89034,สายไหม,คลองถนน,ปัญหา: ภายในคอนโดมิเนียม เสนาคิทท์ บีทีเอส สะพานใหม่ พบผู้พักอาศัย จำนวนมาก ได้รับผลกระทบจากสถานการณ์อุทกภัย จึงมีความประสงค์ขอรับความอนุเคราะห์สนับสนุน เครื่องอุปโภคบริโภคและสิ่งของจำเป็น เพื่อช่วยเหลือและบรรเทาทุกข์ให้กับผู้พักอาศัยที่ได้รับความเดือดร้อ,https://storage.googleapis.com/traffy_public_bucket/attachment/2022-12/da2125e781282589d482070c3dba1726aa16a4a7.jpg
2026-DF6283,inprogress,2026-09-29 14:37,2026-09-29 14:43,100.68721,13.70621,ประเวศ,ประเวศ,หมู่บ้านเดอะคอนเนค ซอยเฉลิมพระเกียรติ 67 น้ำขังไม่ระบายช้ามาก น้ำเริ่มสกปรกแล้วค่ะ ทางเข้าหมู่บ้าน ตรงป้อม รปภถึงต้นขาค่ะ ตั้งแต่คืนวันศุกร์ค่ะ,https://storage.googleapis.com/traffy_public_bucket/attachment/2026-09/e6fd11a988780b6c2564b611b38b92f8.jpeg
2026-72364A,finish,2026-09-29 14:38,2026-09-30 08:47,100.6283,13.7722,วังทองหลาง,พลับพลา,บ้านเลขที่ 86 และหลายบ้านใน ซอยลาดพร้าว 126 แขวงพลับพลา เขตวังทองหลาง กทม 10310 น้ำท่วมขังตั้งแต่ 26 ก.ย. ปัจจุบันน้ำเริ่มลด แต่ช้า ส่งกลิ่นเหม็น ความสูงระดับหัวเข่า น้ำท่วมมาแล้วน้อยกว่า 1 สัปดาห์,https://storage.googleapis.com/traffy_public_bucket/attachment/2026-09/d356266a2ced3f94ddcba44119e73d5c.jpeg
2026-JMCARH,start,2026-09-29 14:38,2026-09-29 14:38,100.72114,13.77728,ลาดกระบัง,คลองสองต้นนุ่น,น้ำท่วม ความสูงระดับหัวเข่า 5 วัน,https://storage.googleapis.com/traffy_public_bucket/attachment/2026-09/f9255db669afff46b3457a6558fc9fc5.jpeg
2026-LZWVWF,finish,2026-09-29 14:38,2026-09-30 08:51,100.58876,13.88011,บางเขน,อนุสาวรีย์,ปัญหา: ภายในซอยดังกล่าว บ้านเลขที่ 2020 พบน้ำท่วมสูงถึงระดับเข่า ต่อเนื่องประมาณ 2 - 3 วัน และยังไม่มีหน่วยงานเข้าช่วยเหลือ โดยบ้านพักอยู่ติดคลอง น้ำเริ่มเพิ่มขึ้นตั้งแต่วันศุกร์ที่ผ่านมาและยังไม่มีแนวโน้มลดลง มีความประสงค์ขอความช่วยเหลือด้านอาหาร เนื่องจ,https://storage.googleapis.com/traffy_public_bucket/attachment/2022-12/da2125e781282589d482070c3dba1726aa16a4a7.jpg
2026-6RMWFW,inprogress,2026-09-29 14:39,2026-09-29 15:37,100.6735,13.73264,ประเวศ,ประเวศ,น้ำยังท่วมอยู่ไม่เห็นมีคนสนใจเลย ซอยพัฒนาการ65ไม่ใช่ลูกป๊าหรอครับ ฝั่งลาดกระบังก็หนักจริงแต่ฝั่งนี้ก็ลำบากเหมือนกันครับ ไม่ได้เข้าบ้านตั้งแต่วันศุกร์แล้วครับ ความสูงระดับตรงซอย65เลยสูงเท่าเอวครับ เข้ามาในโซน1ก็ยังเท่ากันครับ น้ำท่วมมาแล้วตั้งแต่วันศุกร์ตอ,https://storage.googleapis.com/traffy_public_bucket/attachment/2026-09/4abebcfe98dda1e97f310bf4836ec518.jpeg
2026-GKPDHM,inprogress,2026-09-29 14:39,2026-09-29 22:40,100.80102,13.79997,หนองจอก,ลำผักชี,หมู่บ้านฟลอร่าวิลล์ถนนสุวินทวงศ์ซอย 38 น้ำท่วมขังภายในหมู่บ้านหนักมากประชาชนภายในหมู่บ้านประมาณ 22 เฟสหลาย 1000 หลังหลังคาเรือนเดินทางออกจากบ้านไม่ได้ ตอนนี้มีรถทหารและรถทางเขตช่วยรับส่งแต่ประชาชนส่วนใหญ่ยังติดอยู่ภายในบ้านเนื่องจากไม่สามารถเอารถออกได้เ,https://storage.googleapis.com/traffy_public_bucket/attachment/2026-09/f24ee959ae2dbbf7ca63d91af2131ff5.jpeg
2026-MTL8J4,finish,2026-09-29 14:39,2026-09-29 15:41,100.57835,13.85997,หลักสี่,ตลาดบางเขน,น้ำยังท่วมขังอยู่ ลงช้ามาก ทั้งๆที่หัวถนนและท้ายถนน แห้งหมดแล้ว ช่วยตรวจสอบให้ด้วยครับ บริเวณที่ท่วมขังอยู่ในซอย วิภาวดี 60 แยก 14 เส้นทางเข้ามายังหมู่บ้านเศรณีปาร์ค ความสูงระดับหน้าแข้ง น้ำท่วมมาแล้วน้อยกว่า 1 สัปดาห์,https://storage.googleapis.com/traffy_public_bucket/attachment/2026-09/b60a30687dbbf8c16e032b4b04ca487f.jpeg
2026-6MHVXR,finish,2026-09-29 14:41,2026-10-05 12:58,100.58734,13.86608,บางเขน,อนุสาวรีย์,น้ำท่วมบ้านเลขที่ 1423 ชุมชนบางบัว ซ.พหลโยธิน49/2 แขวงอนุสาวรีย์ เขตบางเขน กรุงเทพมหานคร 10220 ไม่สามารถเดินทางออกมาทำงานได้และขาดแคลนอาหารน้ำดื่ม มีความเสียหายเกี่ยวกับ เฟอร์นิเจอร์ภายในบ้าน จักรยานยนต์ ปั๊มน้ำ และของใช้ต่างๆภายในบ้าน แนวทางแก้ไขขอรับเงิ,https://storage.googleapis.com/traffy_public_bucket/attachment/2026-09/3f1b3a8b23373eec1a3da1d1f8e87a59.jpeg
2026-RVE9PA,start,2026-09-29 14:44,2026-09-29 14:44,100.72738,13.76766,ลาดกระบัง,คลองสองต้นนุ่น,แจ้งเรื่องน้ำท่วมในหมู่บ้านลิฟวิ่ง นารา ซอยเคหะร่มเกล้า64 โดนน้ำท่วมมาตั้งแต่วันที่ 26 กย ถึงวันนี้เข้าวันที่4แล้ว ยังไม่มีหน่วยงานใดเข้ามาช่วยเหลือใดๆเลย คนในหมู่บ้านเดือดร้อนมาก ออกบ้านไปข้างนอกลำบากมาก ต้องใช้รถ4wheel หรือเรือเท่านั้นที่จะออกไปได้ มีแค,https://storage.googleapis.com/traffy_public_bucket/attachment/2026-09/c75c4d41e8b330328e2b0aecb6ceb430.jpeg
2026-9ZM7RV,inprogress,2026-09-29 14:46,2026-09-29 15:22,100.68098,13.82997,คันนายาว,คันนายาว,น้ำท่วมนานมาก หลายวันแล้ว เมื่อไหร่จะลดเร่งสูบน้ำบ้างครับ ความสูงระดับหน้าแข้ง น้ำท่วมมาแล้วน้อยกว่า 1 สัปดาห์,https://storage.googleapis.com/traffy_public_bucket/attachment/2026-09/dda8fa59ae3a893a0c339e36eef43e8b.jpeg
2026-PTR8PK,start,2026-09-29 14:46,2026-09-29 14:46,100.75215,13.7192,ลาดกระบัง,ลาดกระบัง,น้ำท่วมตลอดซอยลาดกระบัง36 หมู่บ้านเคหะนคร2 ตั้งแต่วันที่25 กย.69 น้ำขึ้นสูง70ซม.และเริ่มเน่าเสีย 70 เซนติเมตร ตั้งแต่วันที่25 กันยายน 2569,https://storage.googleapis.com/traffy_public_bucket/attachment/2026-09/a89e999f5c933c261da9cea5277deadf.jpeg
2026-DZXY2Z,start,2026-09-29 14:47,2026-09-29 14:47,100.77683,13.72073,ลาดกระบัง,ลาดกระบัง,น้ำท่วมขัง 4 วัน หน้าหมู่บ้านท่วมสูงเกือบ 50 ซม ความสูงระดับหัวเข่า น้ำท่วมมาแล้วน้อยกว่า 1 สัปดาห์,https://storage.googleapis.com/traffy_public_bucket/attachment/2026-09/eacbf9ca4b5e891e93c1b0e852953da7.jpeg
2026-LR632H,inprogress,2026-09-29 14:47,2026-09-29 15:17,100.64889,13.87815,บางเขน,ท่าแร้ง,น้ำท่วมค่อนข้างสูง รบกวนช่วยมาดูแลชาวบ้านหน่อยคะ ความสูงระดับ50กว่าซม. น้ำท่วมมาแล้ว6วันแล้วคะ,https://storage.googleapis.com/traffy_public_bucket/attachment/2026-09/thumb_8e69567793b41687c9b5f725e2a66e60.jpg
2026-LR632H,finish,2026-09-29 14:47,2026-10-09 18:35,100.64889,13.87815,บางเขน,ท่าแร้ง,น้ำท่วมค่อนข้างสูง รบกวนช่วยมาดูแลชาวบ้านหน่อยคะ ความสูงระดับ50กว่าซม. น้ำท่วมมาแล้ว6วันแล้วคะ,https://storage.googleapis.com/traffy_public_bucket/attachment/2026-09/thumb_8e69567793b41687c9b5f725e2a66e60.jpg
2026-VWPTBF,inprogress,2026-09-29 14:47,2026-09-29 15:44,100.72396,13.7923,มีนบุรี,มีนบุรี,ปัญหาน้ำท่วมขัง น้ำเริ่มเน่าเสีย ระดับน้ำท่วมลดเพียงเล็กน้อยจากวันที่ 26 ก.ย.2569 อยากให้ กทม. ช่วยเร่งสูบระบายน้ำที่ท่วมขังออกไปสู่คลองเพื่อลดปัญหาน้ำเน่าเสียครับ ความสูงระดับ40 เซนติเมตร จากถนนหน้าบ้านครับ น้ำท่วมมาแล้วตั้งแต่วันที่ 26 ก.ย. 2569,https://storage.googleapis.com/traffy_public_bucket/attachment/2026-09/f3374ea2ad3249bf281d65dc5e887e9d.jpeg
2026-BR6HZ6,inprogress,2026-09-29 14:48,2026-09-29 15:45,100.69336,13.78862,สะพานสูง,สะพานสูง,ภายในบริเวณบ้านพักอาศัยเกิดเหตุน้ำท่วมขังชั้นล่างเต็มพื้นที่ ทำให้ข้าวของเสียหายและเริ่มมีน้ำเน่าเสียส่งกลิ่นเหม็น จึงขอความอนุเคราะห์ให้หน่วยงานนำสารชีวภาพบำบัดหรือจุลินทรีย์ (EM) มาช่วยปรับสภาพน้ำ และขอให้เข้าดูแลประชาชนที่ได้รับความเดือดร้อนบริเวณริมคล,https://storage.googleapis.com/traffy_public_bucket/attachment/2026-09/11d5721112ff35122e79031f3cbd6f21.jpeg
2026-BM2FRB,finish,2026-09-29 14:49,2026-09-30 14:00,100.60495,13.88753,บางเขน,อนุสาวรีย์,คอนโด the base bts สถานีสายหยุด น้ำท่วมชั้นใต้ดิน B2 ไม่สามารถใช้น้ำ งดใช้ลิฟ ตั้งแต่วันที่ 26 กันยา เด็ก ผู้สูงอายุ ลำบาก ความสูงระดับเอว น้ำท่วมมาแล้วน้อยกว่า 1 สัปดาห์,https://storage.googleapis.com/traffy_public_bucket/attachment/2026-09/8b6a0c68f95355308bb996dbd501b12f.jpeg
2026-CFKZLU,inprogress,2026-09-29 14:53,2026-09-29 15:19,100.67861,13.72987,ประเวศ,ประเวศ,น้ำท่วมขัง ในซอยบ้าน มีผู้สูงอายุ อยู่ภายใน ในซอยอ่อนนุช 65 มีคลองประเวศน์บุรีรม และบ่อปลา ที่ยังไม่ล้นตลิ่ง อยากให้ช่วยสูบน้ำออกค่ะ ความสูงระดับหัวเข่า น้ำท่วมมาแล้ว5 วันค่ะ,https://storage.googleapis.com/traffy_public_bucket/attachment/2026-09/0b33f8e7328fe69a4e1807f2ecf42ad7.jpeg
2026-Z9KAZ9,inprogress,2026-09-29 14:53,2026-09-29 15:14,100.66399,13.86219,บางเขน,ท่าแร้ง,หมู่บ้านบดินทรรักษา3 ซอยคู้บอน27 แยก21 น้ำขังทั่วหมู่บ้าน ไม่ลดเลย และเริ่มส่งกลิ่นเหม็น อยากให้ทางราชการมาช่วยสูบน้ำออกจากหมู่บ้านค่ะ เข่า ตั้งแต่ศุกร์ 25 กย ค่ะ,https://storage.googleapis.com/traffy_public_bucket/attachment/2026-09/e6284f48028f1f0907c2d481f709070a.jpeg
2026-Z9KAZ9,finish,2026-09-29 14:53,2026-10-09 18:34,100.66399,13.86219,บางเขน,ท่าแร้ง,หมู่บ้านบดินทรรักษา3 ซอยคู้บอน27 แยก21 น้ำขังทั่วหมู่บ้าน ไม่ลดเลย และเริ่มส่งกลิ่นเหม็น อยากให้ทางราชการมาช่วยสูบน้ำออกจากหมู่บ้านค่ะ เข่า ตั้งแต่ศุกร์ 25 กย ค่ะ,https://storage.googleapis.com/traffy_public_bucket/attachment/2026-09/e6284f48028f1f0907c2d481f709070a.jpeg
2026-MJ8T33,finish,2026-09-29 14:54,2026-09-29 20:25,100.70898,13.77887,สะพานสูง,สะพานสูง,ชุมชนหัวบ้านคลองบางเลา ได้รับผลกระทบจากน้ำท่วมหลายหลังคาเรือน บ้านเรือนมีทั้งหมด60-70หลัง มีเด็กเล็ก คนชรา และผู้ป่วยติดเตียง ไม่มีรายได้ค่อนข้างเยอะ บ้านเรือนเสียหายน้ำท่วมถึงเข่าบางบ้านถึงหน้าอก น่อง ของกินหาค่อนข้างยาก ต้องลุยน้ำหาซื้อก็หมด ต้องการถุงย,https://storage.googleapis.com/traffy_public_bucket/attachment/2026-09/e3fd26fbe7edb83a85673ca08222fb10.jpeg
2026-UK9JYF,start,2026-09-29 14:54,2026-09-29 14:54,100.78322,13.71836,ลาดกระบัง,ลาดกระบัง,ซอยลาดกระบัง 52 (ซอยจินดานิเวศน์) ตรงข้าม โรงพยาบาลลาดกระบัง ตั้งแต่น้ำท่วม ไม่มีหน่วยงานใดๆ เข้าช่วยเหลือ ประสานงาน บรรเทาสาธารณภัย ใดๆ เลยครับ ข้าวกล่อง / น้ำดื่ม / ใดๆ ไม่มีหน่วยงานไหนเข้ามาช่วยเหลือเลยครับ 50 เซนติเมตร ครับ ตั้งแต่วันที่ 26 กันยา,https://storage.googleapis.com/traffy_public_bucket/attachment/2026-09/d0c8b3f422fa49ceb5c5cb417a8e5f09.jpeg
2026-LARC6E,start,2026-09-29 14:55,2026-09-29 14:55,100.73827,13.76134,ลาดกระบัง,คลองสองต้นนุ่น,บ้านเลขที่ 109/213 แขวงคลองสองต้นนุ่น น้ำท่วมขังเข้าภายในตัวบ้าน ประตู ตู้ เตียง และโซฟาเสียหายหนัก ขอแจ้งข้อมูลผู้ประสบภัยล่วงหน้าค่ะ อยากได้เงินเยียวยาต้องทำไงบ้างคะ ความสูงระดับหัวเข่า น้ำท่วมมาแล้วน้อยกว่า 1 สัปดาห์,https://storage.googleapis.com/traffy_public_bucket/attachment/2026-09/16f2d5cf48072b3dfeecdd0e00351e55.jpeg
2026-NZLP4U,forward,2026-09-29 14:55,2026-10-05 16:49,100.69831,13.83119,คลองสามวา,บางชัน,พระยาสุเรนทร์109 ซอย19 น้ำท่วมสูง เพราะพื้นถนนต่ำมาก รถไม่สามารถเข้าออกได้ ที่ผ่านมาหากมีน้ำท่วมขังแบบนี้ ใช้เวลานานเกินกว่า2อาทิตย์น้ำจึงลด รบกวนช่วยเหลือดูแลประชาชนในซอย19ด้วยนะคะ ความสูงระดับต้นซอยระดับหัวเข่า กลางซอยพื้นค่อยข้างต่ำ สูงระดับเลยหัวเข่า ,https://storage.googleapis.com/traffy_public_bucket/attachment/2026-09/0634640feaa60fe11f05c37560edad1f.jpeg
2026-HF4KVK,inprogress,2026-09-29 14:57,2026-09-29 16:16,100.64038,13.72025,สวนหลวง,สวนหลวง,น้ำท่วมขังมา 4 วันแล้วไม่ระบายออกไปทางไหนเลยแล้วก็เหม็นเน่าแล้ว ซอยอื่นใกล้คลองน้ำลดหมดแล้วแต่ซอย 24 ยังอยู่เหมือนเดิมเลยคะรบกวนให้ทางหน่วยงานมาดูด้วยนะคะ ความสูงระดับหน้าแข้ง น้ำท่วมมาแล้วน้อยกว่า 1 สัปดาห์,https://storage.googleapis.com/traffy_public_bucket/attachment/2026-09/e6c9aae71a8bd01672d7868e12ecd917.jpeg
2026-HF4KVK,finish,2026-09-29 14:57,2026-10-08 14:10,100.64038,13.72025,สวนหลวง,สวนหลวง,น้ำท่วมขังมา 4 วันแล้วไม่ระบายออกไปทางไหนเลยแล้วก็เหม็นเน่าแล้ว ซอยอื่นใกล้คลองน้ำลดหมดแล้วแต่ซอย 24 ยังอยู่เหมือนเดิมเลยคะรบกวนให้ทางหน่วยงานมาดูด้วยนะคะ ความสูงระดับหน้าแข้ง น้ำท่วมมาแล้วน้อยกว่า 1 สัปดาห์,https://storage.googleapis.com/traffy_public_bucket/attachment/2026-09/e6c9aae71a8bd01672d7868e12ecd917.jpeg
2026-7N8F9Y,start,2026-09-29 14:58,2026-09-29 14:58,100.74722,13.76848,ลาดกระบัง,คลองสามประเวศ,ตอนนี้ หมู่บ้านสุภาวัลย์ ซอยร่มเกล้า19/2 ถนนร่มเกล้า น้ำเริ่มเน่าแล้วค่ะ ไม่ต้องเอาน้ำแห้งก็ได้ค่ะ ขอให้ลดลงหน่อย ให้พอสัญจรได้ ตอนนี้ต้องลุยน้ำเข้าออก ไปทำงาน ความสูงระดับหัวเข่า น้ำท่วมมาแล้วน้อยกว่า 1 สัปดาห์,https://storage.googleapis.com/traffy_public_bucket/attachment/2026-09/343f156fd6d332ef3da5e1e4dade7a81.jpeg
2026-93CDKH,finish,2026-09-29 14:58,2026-09-30 09:01,100.58331,13.80169,ห้วยขวาง,สามเสนนอก,น้ำท่วมบ้าน ต้องยื่นหลักฐานทางไหน ติดต่อเขตห้วยขวางไม่ได้เลย ความสูงระดับตอนนี้ลดแล้วอยากทราบว่ารับการเยียวยาต้องไปลงบันทึกประจำวันก่อนไหม น้ำท่วมมาแล้วตั้งแต่วันที่ 25 ถึง27,https://storage.googleapis.com/traffy_public_bucket/attachment/2026-09/4d50e7af5971a03527969c9d21e1e59f.jpeg
2026-AD4V2T,start,2026-09-29 14:58,2026-09-29 14:58,100.78313,13.78809,ลาดกระบัง,ลำปลาทิว,น้ำขังในหมู่บ้านทั้งหมด 14 ซอย 500กว่าหลังคาเรือน ถนนคุ้มเกล้าหน้าหมู่บ้านชัยพฤกษ์1 สัญจรได้ แต่ตัวหมู่บ้านต่ำกว่าถนน และ ยังไม่มีวิธีรับมือที่มีประสิทธิภาพ มีแต่แก้ปัญหาเฉพาะหน้า แต่น้ำเริ่มเปลี่ยนสีแล้ว เนื่องจากระดับน้ำเท่าเดิมมา 3 วันแล้ว เกรงว่าจะเป็,https://storage.googleapis.com/traffy_public_bucket/attachment/2026-09/2b98822a813796edda7a1dd0dbd281ff.jpeg
2026-KJ8EL2,inprogress,2026-09-29 14:59,2026-09-29 15:17,100.63162,13.72912,สวนหลวง,สวนหลวง,น้ำท่วม ไม่สามารถระบายได้ ความสูงระดับข้อเท้า น้ำท่วมมาแล้วเข่า,https://storage.googleapis.com/traffy_public_bucket/attachment/2026-09/3c36e0ea243a430d637518abda0948df.jpeg
2026-FDPM62,inprogress,2026-09-29 15:00,2026-09-29 22:40,100.79857,13.79507,หนองจอก,ลำผักชี,น้ำท่วมขังสูง ไม่สามารถสัญจรได้ และเข้าตัวบ้าน น้ำสูง 40-100 ซม.มา 4 วัน ตอนนี้เริ่มเน่าเสียและมีปลิงออกมา ความสูงระดับท่วมมา 4 วันค่ะ น้ำท่วมมาแล้ว4 วันค่ะ,https://storage.googleapis.com/traffy_public_bucket/attachment/2026-09/b9263e724f4ea4be7220fe386684e8bd.jpeg
2026-CHXYA2,forward,2026-09-29 15:01,2026-09-29 15:57,100.6569,13.77352,บึงกุ่ม,คลองกุ่ม,ฝนไม่ตกแล้วสำหรับวันนี้ วันที่ 29/09/2026 แต่นํ้าแทบไม่ลงเลย ช่วยสูบลงคลองแสนแสบ สำหรับ ซอยเสรีไทย 2 ด้วยครับ ความสูงระดับหน้าแข้ง น้ำท่วมมาแล้วน้อยกว่า 1 สัปดาห์,https://storage.googleapis.com/traffy_public_bucket/attachment/2026-09/7d11f8b4564af9bc49ef691463a663cf.jpeg
2026-T4AUTH,forward,2026-09-29 15:01,2026-09-29 19:19,100.63423,13.89438,สายไหม,คลองถนน,น้ำท่วมขังเป็นเวลานาน ระดับน้ำไม่ลดลงเลยครับ ความสูงระดับหัวเข่า น้ำท่วมมาแล้วน้อยกว่า 1 สัปดาห์,https://storage.googleapis.com/traffy_public_bucket/attachment/2026-09/f4ada20e9b7994f5ed31fe8fe573df50.jpeg
2026-KLPVXB,forward,2026-09-29 15:02,2026-09-29 19:18,100.6248,13.89353,สายไหม,คลองถนน,หมู่บ้านณัฐกานต์5 ซ.3/2 น้ำท่วมขังนิ่งนานมาก ทั้งที่ในซอยพหลโยธิน52 รวมถึงถนนใหญ่น้ำเริ่มลงจนบางจุดแห้งแล้ว ถ้าน้ำในหมู่บ้านลงจนรถเล็กออกได้จะได้ออกไปหาอาหารและไปทำวานได้ ความสูงระดับ5 วัน น้ำท่วมมาแล้วน้อยกว่า 1 สัปดาห์,https://storage.googleapis.com/traffy_public_bucket/attachment/2026-09/8098fa3d7b84d06fe69facbd6735eb13.jpeg
2026-W3BWK8,inprogress,2026-09-29 15:02,2026-09-29 22:40,100.80329,13.78954,หนองจอก,ลำผักชี,แจ้งขอให้เขตหนองจอกส่งเจ้าหน้าที่มาสูบน้ำออก จากหมู่บ้านฟอร่าวิลล์ เฟส20 น้ำท่วมข้งมานานหลายวันแล้วครับ ความสูงระดับหน้าแข้ง น้ำท่วมมาแล้วน้อยกว่า 1 สัปดาห์,https://storage.googleapis.com/traffy_public_bucket/attachment/2026-09/cdcc39cb0354b1e03578177420799de6.jpeg
2026-DRV4HR,finish,2026-09-29 15:04,2026-09-30 09:03,100.58331,13.80169,ห้วยขวาง,สามเสนนอก,น้ำท่วม ตั้งแต่วันที่ 25 ถึง27 ทรัพย์สินเสียหาย ต้องการรับการเยียวยาต้องส่งเอกสารทางไหน ความสูงระดับเลยเข่านิดนึง น้ำท่วมมาแล้วตั้งแต่วันที่ 25 ถึง27,https://storage.googleapis.com/traffy_public_bucket/attachment/2026-09/3186a81f99ffe8f4a222d442e7edabd9.jpeg
2026-X3F393,start,2026-09-29 15:04,2026-09-29 15:04,100.73832,13.74775,ลาดกระบัง,คลองสองต้นนุ่น,แจ้งน้ำท่วมขังค่ะ ซอยนี้ยังไม่มีถุงยังชีพ หรือการช่วยใดๆเลยค่ะ 1 เมตรค่ะ ตั้งแต่วันที่ 25 ค่ะ,https://storage.googleapis.com/traffy_public_bucket/attachment/2026-09/969f273e8cfcc437412133550ffff6a0.jpeg
2026-MDB4U8,inprogress,2026-09-29 15:05,2026-09-29 22:39,100.81381,13.79601,หนองจอก,ลำผักชี,"ระดับน้ำหมู่บ้านสูง สถาพแวดล้อมบ้าน น้ำ ล้อม หลัง และหน้า ระดับ วันที่ 4 แล้ว ไม่ลด มีแต่ค่อยๆเพิ่มขึ้น ขอความช่วยเหลือการระบายน้ำออก และเสริมแนวคันดิน ขอบพระคุณมากค่ะ ความสูงระดับ45,55,60 cm. น้ำท่วมมาแล้วน้อยกว่า 1 สัปดาห์",https://storage.googleapis.com/traffy_public_bucket/attachment/2026-09/5e598a6bfc7c1bea5e10a2d396e8baf8.jpeg
2026-9V9XBJ,finish,2026-09-29 15:06,2026-10-02 11:07,100.7172,13.90775,คลองสามวา,สามวาตะวันตก,น้ำท่วมขังมาแล้ว4-5วันน้ำสูง30-40เซ็นติเมตรน้ำเริ่มเน่ามีกลิ่นเหม็น และมีบ้านชั้นเดียวหลายครัวเรือนต้องการห้องน้ำส้วม ถุงขยะ กระดาษทิชชู่ ยาน้ำกัดเท้า น้ำยาฆ่าเชื้อ สบู่ นมกล่องสำหรับเด็กๆประมาณ15-20คน อาหารแห้ง เรื่องสุขอนามัยตำเป็นมากตอนนี้คือห้องน้ำ ถุ,https://storage.googleapis.com/traffy_public_bucket/attachment/2026-09/d56c662b11b968419ad26fbac21d316c.jpeg
2026-B3KMUV,forward,2026-09-29 15:07,2026-09-29 19:18,100.6589,13.92657,สายไหม,สายไหม,ซอยสายไหม 43 น้ำท่วมถึงเข่ามาหลายวันแล้วไม่ลดเลย ความสูงระดับหัวเข่า น้ำท่วมมาแล้วน้อยกว่า 1 สัปดาห์,https://storage.googleapis.com/traffy_public_bucket/attachment/2026-09/efa450b470b418f7441b68e252f22600.jpeg
2026-4GA4WP,inprogress,2026-09-29 15:10,2026-09-30 09:35,100.61815,13.94659,ดอนเมือง,สนามบิน,น้ำท่วมที่หมู่บ้านพิพรพงษ์2 ซอยวิภาวดีรังสิต84 1-2วันแรกที่ฝนตกน้ำท่วมขังเล็กน้อยจนวันนี้น้ำท่วมากกว่าเดิมไม่รู้น้ำมาจากที่ไหน ไม่มีหน่วยงานหรือสำนักงานเขตเข้ามาช่วยเหลือ ทางเข้าออกหมู่บ้านน้ำเริ่มเยอะขึ้น ตอนนี้คนในหมู่บ้านต้องช่วยกันหาทางสูบน้ำออกจากหมู,https://storage.googleapis.com/traffy_public_bucket/attachment/2026-09/f27522aa88f2d1fba6c1a142024ab95e.jpeg
2026-UJ3V9U,inprogress,2026-09-29 15:11,2026-09-29 16:21,100.69319,13.66923,ประเวศ,ดอกไม้,ปัญหา: ตลอดทั้งซอยดังกล่าว พบน้ำท่วมขัง ระดับน้ำสูงประมาณเกือบถึงเอว แม้ไม่มีฝนตกมาแล้วประมาณ 2 วัน แต่น้ำยังไม่ลด ขณะนี้ มารดาของผู้ร้องติดอยู่ภายในบ้าน ไม่สามารถออกมาได้ และยังไม่มีหน่วยงานเข้าช่วยเหลือหรือตรวจสอบพื้นที่ จึงขอให้กรุงเทพมหานครส่งเจ้าหน้า,https://storage.googleapis.com/traffy_public_bucket/attachment/2022-12/da2125e781282589d482070c3dba1726aa16a4a7.jpg
2026-Z6Z6YT,start,2026-09-29 15:11,2026-09-29 15:11,100.72699,13.77273,ลาดกระบัง,คลองสองต้นนุ่น,น้ำท่วมหมู่บ้านพูนสินธานี3 ทรัพย์สินเสียหายหลายรายการค่ะ ในบ้าน ประมาณ 7 ซม ตั้งแต่วันที่ 25 กันยายน 2569,https://storage.googleapis.com/traffy_public_bucket/attachment/2026-09/fa78d088d6018687db17112ca30c3d5c.jpeg
2026-Z6Z6YT,follow,2026-09-29 15:11,2026-10-07 07:19,100.72699,13.77273,ลาดกระบัง,คลองสองต้นนุ่น,น้ำท่วมหมู่บ้านพูนสินธานี3 ทรัพย์สินเสียหายหลายรายการค่ะ ในบ้าน ประมาณ 7 ซม ตั้งแต่วันที่ 25 กันยายน 2569,https://storage.googleapis.com/traffy_public_bucket/attachment/2026-09/fa78d088d6018687db17112ca30c3d5c.jpeg
2026-26MBL3,inprogress,2026-09-29 15:12,2026-09-29 15:24,100.68368,13.68418,ประเวศ,ดอกไม้,น้ำท่วมขัง ความสูงระดับหน้าแข้ง น้ำท่วมมาแล้วประมาณ 3 วัน ตั้งแต่ฝนตกหนัก,https://storage.googleapis.com/traffy_public_bucket/attachment/2026-09/48b54f059583b40320ab876f546efd5b.jpeg
2026-CYKDRT,inprogress,2026-09-29 15:12,2026-09-29 15:38,100.70771,13.74621,สะพานสูง,สะพานสูง,น้ำท่วมขังหน้าโครงการพลีโน่พระราม 9 กรุงเทพกรีฑา3 มา 4 วันแล้ว ฝนไม่ตกมา 2 วันแล้ว แต่น้ำไม่ระบายเลย ไม่มีแม้แต่หน่วยงานไหนเข้ามาดูหรือช่วยเหลือเลย สาเหตุหลักเพราะถนนหน้าโครงการต่ำกว่าส่วนอื่นมากๆ ทำให้จมน้ำ แล้วน้ำก็ท่วมขังในโครงการมา 4 วันแล้ว อยากให้เร,https://storage.googleapis.com/traffy_public_bucket/attachment/2026-09/ec15fc311f7aeadfc4beb4d7c7b072ac.jpeg
2026-RPM7DZ,inprogress,2026-09-29 15:16,2026-09-29 15:28,100.67057,13.80204,คันนายาว,รามอินทรา,ต้นไม้ล้มในหมู่บ้านนวธานี เสรีไทย 59 รถใหญ่ผ่านไม่ได้ และตอนนี้ระดับน้ำในซอย 1 ก็ยังไม่ลดออกไม่ได้เช่นกันค่ะ ความสูงระดับหัวเข่า น้ำท่วมมาแล้วน้อยกว่า 1 สัปดาห์,https://storage.googleapis.com/traffy_public_bucket/attachment/2026-09/9c94c124d5bf01e339e9bbb004a97bcf.jpeg
2026-Y7X9RP,start,2026-09-29 15:16,2026-09-29 15:16,100.73193,13.76877,ลาดกระบัง,คลองสองต้นนุ่น,น้ำท่วม อาคารพักอาศัย103/31 ซ.เคหะร่มเกล้า 28 น้ำท่วมชั้น1ประมาณ 80เซน ท่วมปั้มน้ำเสียหาย ชั้น1 6ห้องจมน้ำ (น้ำล้อมรอบตัวอาคาร) 1เมตร 5วัน,https://storage.googleapis.com/traffy_public_bucket/attachment/2026-09/14d095f7dbb4bf74091aff3618682295.jpeg
2026-3XWBZ2,inprogress,2026-09-29 15:17,2026-09-29 15:22,100.68947,13.70324,ประเวศ,ดอกไม้,น้ำท่วมขังในหมู่บ้าน เดอะคอนเนค สวนหลวง-อ่อนนุช เฉลิมพระเกียรติ ร.9 ซอย 67 ระดับน้ำยังไม่ลด สัญจรเข้าออกลำบาก ไปทำงานไม่ได้ ค่ะ ช่วยเร่งสูบน้ำทีค่ะ ความสูงระดับเอว น้ำท่วมมาแล้วน้อยกว่า 1 สัปดาห์,https://storage.googleapis.com/traffy_public_bucket/attachment/2026-09/9adc2b3abb94f93bfd6cdbfb406f7441.jpeg
2026-8VGMFA,start,2026-09-29 15:17,2026-09-29 15:17,100.86766,13.74625,ลาดกระบัง,ขุมทอง,เรียน เจ้าหน้าที่ที่เกี่ยวข้อง ขอแจ้งปัญหาน้ำท่วมบริเวณถนนเส้นขุมทอง–ลำต้อยติ่ง ขณะนี้มีน้ำท่วมขังบนผิวถนน ส่งผลให้ประชาชนในพื้นที่ได้รับความเดือดร้อนในการเดินทาง รถขนาดเล็กและรถจักรยานยนต์สัญจรได้ลำบาก และบางช่วงอาจมีความเสี่ยงต่อการเกิดอุบัติเหตุหรือรถ,https://storage.googleapis.com/traffy_public_bucket/attachment/2026-09/thumb_bd94b77ed758e40c68d0532a3dd3c2af.jpg
2026-8VGMFA,follow,2026-09-29 15:17,2026-10-07 07:46,100.86766,13.74625,ลาดกระบัง,ขุมทอง,เรียน เจ้าหน้าที่ที่เกี่ยวข้อง ขอแจ้งปัญหาน้ำท่วมบริเวณถนนเส้นขุมทอง–ลำต้อยติ่ง ขณะนี้มีน้ำท่วมขังบนผิวถนน ส่งผลให้ประชาชนในพื้นที่ได้รับความเดือดร้อนในการเดินทาง รถขนาดเล็กและรถจักรยานยนต์สัญจรได้ลำบาก และบางช่วงอาจมีความเสี่ยงต่อการเกิดอุบัติเหตุหรือรถ,https://storage.googleapis.com/traffy_public_bucket/attachment/2026-09/thumb_bd94b77ed758e40c68d0532a3dd3c2af.jpg
2026-A94XRR,inprogress,2026-09-29 15:18,2026-09-29 15:40,100.68093,13.76325,สะพานสูง,สะพานสูง,ซอยรามคำแหง 118 แยก 48-13 ท้ายซอย น้ำท่วมไม่ลดเลยค่ะ ความสูงระดับเลยหัวเข่า ต่ำกว่าเอว น้ำท่วมมาแล้ว3-4 วัน,https://storage.googleapis.com/traffy_public_bucket/attachment/2026-09/2977e67ac8687191a00a101690e9df5a.jpeg
2026-PW8A9U,inprogress,2026-09-29 15:18,2026-09-29 15:32,100.5054,13.72313,คลองสาน,คลองต้นไทร,สำนักงานขายคอนโด เส้นใหญ่ถมบ่อพักทิ้งทำให้น้ำขังสกปรก ซอยเจริญนคร 29/2 รบกวนเขตคลองสานด้วย ความสูงระดับตาตุ่ม น้ำกะเดน น้ำท่วมมาแล้วหน้าฝนเป็นตลอด,https://storage.googleapis.com/traffy_public_bucket/attachment/2026-09/dda5262be6dd8148d7d261bf8771f3ee.jpeg
2026-TBPZLA,finish,2026-09-29 15:19,2026-09-29 17:11,100.58047,13.89628,หลักสี่,ทุ่งสองห้อง,น้ำท่วม หมู่บ้านหลักสี่วิลล่า ตอนนี้น้ำเริ่มเขียวแล้ว และน้ำไม่ลดมาหลายชั่วโมง น้ำขังมากกว่าหรือเท่ากับ 30 cm ความสูงระดับ30 cm น้ำท่วมมาแล้ว4วัน,https://storage.googleapis.com/traffy_public_bucket/attachment/2026-09/705deecbff52011b4570861ee5fbad78.jpeg
2026-X4MK27,forward,2026-09-29 15:19,2026-09-29 19:17,100.63469,13.90768,สายไหม,คลองถนน,บนถนนหน้าตั่งแต่ข้ามสะพานข้ามคลองจาก รร ระเบียบ ถึงสะพานก่อนหมู่บ้านโกล์เด้นทาลล์ว น้ำท่วมสูงประมาณ 50 เซนติเมตร ท่วมค้างมา 4 วันยังไม่ลดไม่มีเครื่องสูบน้ำมาช่วยระบาย ความสูงระดับหัวเข่า น้ำท่วมมาแล้วน้อยกว่า 1 สัปดาห์,https://storage.googleapis.com/traffy_public_bucket/attachment/2026-09/bc040764e9d1b817296ce9675de1c978.jpeg
2026-6JAH6L,start,2026-09-29 15:22,2026-09-29 15:22,100.71993,13.72035,ลาดกระบัง,ลาดกระบัง,ปัญหา: ภายในซอยดังกล่าว อพาร์ตเมนท์อมร เนื่องจากเกิดเหตุอุทกภัย จึงมีความประสงค์ขอรับความช่วยเหลือด้านสิ่งของอุปโภคบริโภค ข้าวสารและอาหารแห้ง ซอย: ลาดกระบัง 20 ถนน: ลาดกระบัง เขต: ลาดกระบัง #1555,https://storage.googleapis.com/traffy_public_bucket/attachment/2022-12/da2125e781282589d482070c3dba1726aa16a4a7.jpg
2026-BMZP4Y,finish,2026-09-29 15:22,2026-09-30 15:20,100.80287,13.79601,หนองจอก,ลำผักชี,"น้ำท่วมในเขตคาบเกี่ยว มีนบุรี-หนองจอก ชุมชนหมู่บ้านฟลอราวิลล์ สุวินทวงศ์ 38 สถานการณ์น้ำท่วมไม่ดีขึ้นเลยแม้แต่น้อย ระดับน้ำยังคงเพิ่มในทุกวัน ไม่ได้ลดตามความพยายามในการลดระดับน้ำของ กทม แต่อย่างใด ไม่ถูกพูดถึงโดยสื่อ, โดย BMA, หรือทีมงานท่านผู้ว่าเลยแม้แต",https://storage.googleapis.com/traffy_public_bucket/attachment/2026-09/ca9b7d88607143e7e4744277d80a7ddf.jpeg
2026-BERTKE,start,2026-09-29 15:23,2026-09-29 15:23,100.75337,13.73798,ลาดกระบัง,คลองสามประเวศ,น้ำท่วมในซอยร่มเกล้า 25/3 สูงประมาณเกือบเอว ไม่สามารถเข้าออกได้ ตอนนี้น้ำเริ่มเน่าแบ้ว ไม่มีหน่วยงานเข้ามาช่วยเลย ความสูงระดับเอว น้ำท่วมมาแล้วน้อยกว่า 1 สัปดาห์,https://storage.googleapis.com/traffy_public_bucket/attachment/2026-09/f5a52b1e8a2abfd4c655f0e2986c106d.jpeg
2026-MXHURC,finish,2026-09-29 15:23,2026-09-29 21:19,100.58822,13.81735,จตุจักร,จันทรเกษม,น้ำยังท่วมขังในบริเวณบ้าน ความสูงระดับข้อเท้า น้ำท่วมมาแล้วน้อยกว่า 1 สัปดาห์,https://storage.googleapis.com/traffy_public_bucket/attachment/2026-09/36cff150815f7af2318b3e687eabebdc.jpeg
2026-46EU2F,inprogress,2026-09-29 15:24,2026-09-29 16:25,100.57596,13.86382,หลักสี่,ตลาดบางเขน,แจ้งน้ำท่วมซอย ถังขยะสีฟ้าหน้าบ้านลอยหายไป ขอให้จัดหาให้ใหม่ครับ ความสูงระดับล้อรถ น้ำท่วมมาแล้วสองสามวัน,https://storage.googleapis.com/traffy_public_bucket/attachment/2026-09/cf08774efcd12026a53d63fd45fd780d.jpeg
2026-8K32R4,forward,2026-09-29 15:25,2026-09-29 16:15,100.62943,13.73658,สวนหลวง,สวนหลวง,สวัสดีค่ะ แถวพัฒนาการในซอย 38 ยังมีน้ำขังอยู่ค่ะ ความสูงระดับข้อเท้า น้ำท่วมมาแล้วน้อยกว่า 1 สัปดาห์,https://storage.googleapis.com/traffy_public_bucket/attachment/2026-09/2bada9a7306f7a6f4c91d355d2391b3d.jpeg
2026-JJXU6T,inprogress,2026-09-29 15:25,2026-09-29 17:59,100.66763,13.7961,บึงกุ่ม,คลองกุ่ม,ซอยเสรีไทย 57 เขตบึงกุ่มน้ำยังท่วมขังสูงแทบไม่ลด ล่าสุดตอนนี้ไม่มีไฟฟ้าใช้ อยากให้เร่งเข้าช่วยเหลือ ผู้สูงอายุในหมู่บ้านมีเยอะมาก ความสูงระดับหัวเข่าครับ น้ำท่วมมาแล้ว3-4 วัน,https://storage.googleapis.com/traffy_public_bucket/attachment/2026-09/57489eb454269659ba9cf0ae9765ba7b.jpeg
2026-JNPRTK,inprogress,2026-09-29 15:25,2026-09-29 16:49,100.65091,13.78418,บึงกุ่ม,คลองกุ่ม,ปัญหา: ภายในซอยนวมินทร์ 24 บ้านเลขที่ 45/61 มีความประสงค์ขอรับการสนับสนุนเครื่องอุปโภคบริโภค 4 ชุด จึงขอให้เจ้าหน้าที่ให้ความช่วยเหลือ บ้านเลขที่: 45/61 ซอย: นวมินทร์ 24 ถนน: นวมินทร์ เขต: บึงกุ่ม #1555,https://storage.googleapis.com/traffy_public_bucket/attachment/2022-12/da2125e781282589d482070c3dba1726aa16a4a7.jpg
2026-LBDKL7,inprogress,2026-09-29 15:25,2026-09-29 22:39,100.80757,13.79572,หนองจอก,ลำผักชี,นำท่วมขังต้องการสนับสนุนเครื่องสูบน้ำขนาดใหญ่และรถแบคโฮ ความสูงระดับหัวเข่า น้ำท่วมมาแล้วมากกว่า 1 สัปดาห์,https://storage.googleapis.com/traffy_public_bucket/attachment/2026-09/fa43128d904184fec893070b3b2f016f.jpeg
2026-WR3UA6,finish,2026-09-29 15:26,2026-10-01 22:49,100.55281,13.76104,ดินแดง,ดินแดง,กระสอบทราย #ขอกระสอบทราย/อื่นๆ,https://storage.googleapis.com/traffy_public_bucket/attachment/2026-09/674125890ad5edeb3a686b98de709616.jpeg
2026-RZRVLR,inprogress,2026-09-29 15:27,2026-09-30 10:01,100.59329,13.94796,ดอนเมือง,สีกัน,หมู่บ้านคาซ่าซิตี้ดอนเมือง ถนนเทิดราชัน น้ำขังมา 5 วันแล้ว 40เซ็นติเมตร 5 วัน,https://storage.googleapis.com/traffy_public_bucket/attachment/2026-09/81ec3a3873a42601fd82fd268e821b06.jpeg
2026-WGC9UY,inprogress,2026-09-29 15:27,2026-09-29 16:33,100.63935,13.77292,บางกะปิ,คลองจั่น,น้ำท่วมในหมู่บ้านศานตินิเวศน์ ลาดพร้าว ซอย.115 ไม่มีหน่วยงานเข้าไปแจกอาหารและน้ำดื่ม มีผู้สูงอายุ และเด็ก และผู้ป่วย อาศัยที่ชั้น 2 ในหมู่บ้านหลายหลัง ความสูงระดับประมาณเอวครับ ผมสูง 170 น้ำท่วมมาแล้วประมาณ 4-5 วันครับ,https://storage.googleapis.com/traffy_public_bucket/attachment/2026-09/2bb4d9741d8843d144d1f77681648681.jpeg
2026-3GA3EG,finish,2026-09-29 15:28,2026-10-05 16:32,100.63138,13.76562,บางกะปิ,คลองจั่น,262/3 น้ำสูง70cm. ความสูงระดับหัวเข่า น้ำท่วมมาแล้วน้อยกว่า 1 สัปดาห์,https://storage.googleapis.com/traffy_public_bucket/attachment/2026-09/855c622a7571bf7279f8c02c4a788ebf.jpeg
2026-AE7HJF,finish,2026-09-29 15:28,2026-10-05 13:23,100.60576,13.89029,บางเขน,อนุสาวรีย์,แยก big c สะพานใหม่ น้ำไม่ค่อยระบาย แต่บริเวณโดยรอบน้ำระบาย เริ่มแห้งแล้ว อยากให้มาตรวจสอบตามท่อระบายน้ำแถวนี้ เพราะเมื่อวานชอบมีเศษปูนจากการก่อสร้างสะพานเข้าไปอุดตันทำให้น้ำท่วมบ่อย ความสูงระดับหัวเข่า น้ำท่วมมาแล้วน้อยกว่า 1 สัปดาห์,https://storage.googleapis.com/traffy_public_bucket/attachment/2026-09/604adddb67f439a2872ece41f8129c30.jpeg
2026-KW967W,inprogress,2026-09-29 15:28,2026-09-29 15:35,100.69148,13.80571,คันนายาว,คันนายาว,น้ำท่วม ถนนสวนสยาม ทั้งเส้น มา 5 วันแล้ว และไม่มีหน่วยงานดูแล ต้องการให้น้ำลดลง รถเล็กไม่สามารถเดินทางได้ ความสูงระดับเข่า ค่ะ น้ำท่วมมาแล้วตั้งแต่คืนวันศุกร์,https://storage.googleapis.com/traffy_public_bucket/attachment/2026-09/cb3c8d585d5283c18355ad33d5858a75.jpeg
2026-XD7XNK,inprogress,2026-09-29 15:30,2026-09-29 16:19,100.69001,13.78904,สะพานสูง,สะพานสูง,ภายในบริเวณบ้านพักอาศัยเกิดเหตุน้ำท่วมขังชั้นล่างเต็มพื้นที่ ทำให้ข้าวของเสียหายและเริ่มมีน้ำเน่าเสียส่งกลิ่นเหม็น จึงขอความอนุเคราะห์ให้หน่วยงานนำสารชีวภาพบำบัดหรือจุลินทรีย์ (EM) มาช่วยปรับสภาพน้ำ และขอให้เข้าดูแลประชาชนที่ได้รับความเดือดร้อนบริเวณริมคล,https://storage.googleapis.com/traffy_public_bucket/attachment/2026-09/566032b05453447676826bc84bf9cb30.jpeg
2026-BBNPTB,inprogress,2026-09-29 15:31,2026-09-29 16:16,100.67101,13.79219,บึงกุ่ม,คลองกุ่ม,น้ำท่วมขังในมบ.สหกรณ์เสรีไทย57 ขยะเต็มช่วยเกบที ความสูงระดับเอว ห้าวัน,https://storage.googleapis.com/traffy_public_bucket/attachment/2026-09/1217dab2a163808f926672f76d9622c3.jpeg
2026-PW3MK3,inprogress,2026-09-29 15:32,2026-09-30 15:44,100.58803,13.74205,วัฒนา,คลองตันเหนือ,น้ำท่วมที่ผ่านมา ซอยนี้ท่วมง่ายมาก เกิดจากรูท่อตัน น้ำไม่สามารถลงได้ น่าจะต้องเจาะให้เป็นรูค่ะ เพราะนำไม้มาเจาะแล้วไม่ทะลุออก อยากให้ทางกทม. เจาะรูท่อให้น้ำไหลได้ค่ะ ความสูงระดับครึ่งแข้งค่ะ น้ำท่วมมาแล้วท่วมมาหนึ่งวันครึ่งค่ะ แต่ตอนนี้ลดแล้ว,https://storage.googleapis.com/traffy_public_bucket/attachment/2026-09/b33f17789e23faf5d95bb47e3f72bce3.jpeg
2026-Y2WBLL,forward,2026-09-29 15:33,2026-09-30 11:22,100.57217,13.86223,หลักสี่,ตลาดบางเขน,น้ำท่วมขังพื้นที่ภายในตัวบ้านและรถยนต์ได้รับความเสียหายครับ แจ้งเรื่องเพื่อทำบัญชีความเสียหาย และหนังสือรับรองผู้ประสบภัย ครับ ความสูงระดับหัวเข่า น้ำท่วมมาแล้วน้อยกว่า 1 สัปดาห์,https://storage.googleapis.com/traffy_public_bucket/attachment/2026-09/00f8c7506d1d35a62b8e94d6fc201041.jpeg
2026-HNELGG,start,2026-09-29 15:35,2026-09-29 15:35,100.73193,13.76877,ลาดกระบัง,คลองสองต้นนุ่น,น้ำท่วม อาคารพักอาศัย103/31 ซ.เคหะร่มเกล้า 28 น้ำท่วมชั้น1ประมาณ 100เซน ท่วมปั้มน้ำเสียหาย ชั้น1 6ห้องจมน้ำ (น้ำล้อมรอบตัวอาคาร) ความสูงระดับ1เมตร น้ำท่วมมาแล้ว5วัน,https://storage.googleapis.com/traffy_public_bucket/attachment/2026-09/eeb7142e4c83d1a9e5c1a0cdaa72c71f.jpeg
2026-L6NYT8,inprogress,2026-09-29 15:36,2026-09-29 15:39,100.67918,13.77952,สะพานสูง,สะพานสูง,หมู่บ้านพฤกษชาติ รามคำแหง 118 มีตั้งเครื่องสูบน้ำ แต่ไม่เปิดทำงาน ในหมู่บ้านน้ำลึก 40 cm ไปจนถึง สนง เขตสะพานสูง ฝนหยุดตั้งแต่เมื่อวาน แต่น้ำไม่ระบายเลยค่ะ ความสูงระดับหัวเข่า น้ำท่วมมาแล้วน้อยกว่า 1 สัปดาห์,https://storage.googleapis.com/traffy_public_bucket/attachment/2026-09/e50ea8e8e7af9065f5ce6bfa397978ea.jpeg
2026-7BRYG4,forward,2026-09-29 15:38,2026-09-29 16:15,100.64202,13.73839,สวนหลวง,สวนหลวง,ปีแรกที่คุณชัชชาติ เข้ามาทำงาน ได้เดินทางมาดูน้ำท่วมที่จุดนี้ หัวหมาก ผ่านมาหลายปี น้ำจะมากหรือน้อย เดือดร้อนต่อคนที่ต้องเดินผ่าน จุดนี้มีรถไฟ 3 สาย มีทั้งคนไทยและนักท่องเที่ยวต่างชาติ โดยเฉพาะเวลาเดินเข้า-ออก แอร์พอร์ทลิงค์ สถานีหัวหมาก skywalk ไม่มี ท,https://storage.googleapis.com/traffy_public_bucket/attachment/2026-09/f890c0b8ad6b3e3d8e0466d1025cf234.jpeg
2026-DGMKFL,forward,2026-09-29 15:38,2026-09-29 17:40,100.63448,13.92311,สายไหม,สายไหม,ช่วยมาระบายน้ำด่วนๆๆๆน้ำเหนือกำลังมา ความสูงระดับในประตูระบายน้ำ ไม่พร่องลงเลยค่ะตั้งแต่เมืีอวานค่ะ น้ำท่วมมาแล้วประมาณวันศุกร์ค่ะ,https://storage.googleapis.com/traffy_public_bucket/attachment/2026-09/bdbb4af3ebc631df9fa06bc0334625b5.jpeg
2026-DM2LGT,finish,2026-09-29 15:38,2026-10-05 16:32,100.6382,13.76531,บางกะปิ,คลองจั่น,บ้านอยู่ บ้านเลขที่81 ลาดพร้าว 138 ยังมีน้ำท่วมขังสูง ไฟในภายติดๆดับๆเป็นระยะ มีผู้สูงอายุในบ้าน4 ท่าน อยากให้ช่วยเร่งระบายน้ำภายในซอยออกไปให้ได้ไวที่สุดค่ะ ความสูงระดับเข่าค่ะ น้ำท่วมมาแล้วตั้งแต่เสาร์ที่ 26 ค่ะ,https://storage.googleapis.com/traffy_public_bucket/attachment/2026-09/20f9ac9395009a298ca41a44c2669b51.jpeg
2026-TKP9WL,start,2026-09-29 15:38,2026-09-29 15:38,100.79006,13.78942,ลาดกระบัง,ลำปลาทิว,หมู่บ้านชัยพฤกษ์1 ถนนคุ้มเกล้า7 มีน้ำท่วมถนนในหมู่บ้านและตามซอยค่ะ จากฝนและน้ำภายนอกรอบหมู่บ้าน แช่น้ำมา4วันแล้วน้ำเริ่มมีกลิ่น จะขอความช่วยเหลือกระสอบทรายมาอุดรอยรั่วด้านกำแพงค่ะเกรงตะล้มและ ช่วยสูบน้ำตอนนี่ต้องหาจ้างคนมาสูบน้ำออกก้อมีน้ำเข้ามาเพิ่มค่ะ #,https://storage.googleapis.com/traffy_public_bucket/attachment/2026-09/8aadc2384a8d233b07ebd7f398121a42.jpeg
2026-FUWXZ8,forward,2026-09-29 15:39,2026-09-29 19:17,100.64365,13.8948,สายไหม,คลองถนน,น้ำท่วมถนนวัชรพล รถเล็กสัญจรไม่ได้ตั้งแต่วันที่ 26 จนถึงปัจจุบัน ความสูงระดับเลยเข่าค่ะ รถเก๋งธรรมดาออกไม่ได้ค่ะ ไม่มีเขตมาดูค่ะ ไม่ลดลงเลย น้ำท่วมมาแล้วตั้งแต่วันเสาร์ค่ะ,https://storage.googleapis.com/traffy_public_bucket/attachment/2026-09/thumb_2e18a4aa79cd8219ed3c5ca275a2e23f.jpg
2026-729PD7,inprogress,2026-09-29 15:41,2026-09-29 15:46,100.67002,13.75745,สะพานสูง,สะพานสูง,น้ำท่วมซอย กรุงเทพกรีฑา15 ประชาร่วมใจ บริเวณคลองบ้านม้า ความสูงระดับ40ซม น้ำท่วมมาแล้ว26 กย,https://storage.googleapis.com/traffy_public_bucket/attachment/2026-09/70090a03f91f17569f44ef5783f2d406.jpeg
2026-F6CXKM,inprogress,2026-09-29 15:42,2026-09-29 16:12,100.78204,13.78794,มีนบุรี,แสนแสบ,ขอความช่วยเหลือ นำเครื่องสูบน้ำมาสูบออกนอกหมู่บ้าน เนื่องจากหมู่บ้านชัยพฤกษ์1 เขตมีนบุรี ภายในหมู่บ้านลาดเอียง ต่ำกว่าถนนคุ้มเกล้า จึงทำให้น้ำขังในหมู่บ้านมาแล้ว 5 วัน ตั้งแต่วันศุกร์ที่ 25 กันยายน ความสูงระดับหัวเข่า น้ำท่วมมาแล้ว5 วันค่ะ,https://storage.googleapis.com/traffy_public_bucket/attachment/2026-09/cc2fa0b881d30dd77cbc570733a10f87.jpeg
2026-X8H6A7,forward,2026-09-29 15:42,2026-09-29 16:16,100.58475,13.86769,หลักสี่,ตลาดบางเขน,ช่วยเร่งระบายน้ำบริเวณ คลองถนน คลองบางบัว ให้หน่อยครับ บ้านที่อยู่ต่ำกว่าถนนน้ำยังไม่ลดเลยครับ บริเวณรอบๆบ้านสูง 60-65 ซม. ภายในบ้าน 40-45 ซม. ครับ ตั้งแต่วันที่25กันยายน2569,https://storage.googleapis.com/traffy_public_bucket/attachment/2026-09/11264d74036cfc8455f3b0a6c7729607.jpeg
2026-TC4KF4,inprogress,2026-09-29 15:44,2026-09-30 10:00,100.61717,13.94655,ดอนเมือง,สนามบิน,มีน้ำท่วมขังในซอย วิภาวิดีรังสิต 84 ช่วงปากซอยเข้ามา 100 เมตร น้ำสูงสุดประมาณ 40 cm อยากขอให้ช่วยระบายน้ำออกค่ะ ประมาณ 40 cm ค่ะ ท่วมตั้งแต่วันเสาร์ที่ 26 ค่ะ,https://storage.googleapis.com/traffy_public_bucket/attachment/2026-09/93541665f2c4c726962849b888963797.jpeg
2026-28JCKP,finish,2026-09-29 15:45,2026-10-01 20:58,100.67911,13.77969,สะพานสูง,สะพานสูง,ปัญหา: ภายในซอยดังกล่าว บริเวณบ้านเลขที่ 5 เนื่องจากเหตุอุทกภัย ผู้ร้องมีความประสงค์ขอรับการสนับสนุนเรือท้องแบน จำนวน 4 ลำ เพื่อนำอาหารไปแจกจ่ายให้แก่ผู้พักอาศัยในหมู่บ้านนักกีฬาแหลมทอง และหมู่บ้านการเคหะธานี (ผู้ร้องชื่อ เอ๋ ตำแหน่งหัวหน้าฝ่ายปกครอง สำนั,https://storage.googleapis.com/traffy_public_bucket/attachment/2022-12/da2125e781282589d482070c3dba1726aa16a4a7.jpg
2026-G4GLGP,start,2026-09-29 15:45,2026-09-29 15:45,100.727,13.76186,ลาดกระบัง,คลองสองต้นนุ่น,ปัญหา: บริเวณเคหะชุมชนร่มเกล้า อาคาร 5 ชั้น 3 เนื่องจากประสบเหตุอุทกภัย มีความประสงค์ขอรับการสนับสนุนเครื่องอุปโภคบริโภค ซอย: เคหะร่มเกล้า 37 ถนน: เคหะร่มเกล้า เขต: ลาดกระบัง #1555,https://storage.googleapis.com/traffy_public_bucket/attachment/2022-12/da2125e781282589d482070c3dba1726aa16a4a7.jpg
2026-TL9PCY,forward,2026-09-29 15:45,2026-09-29 19:17,100.63266,13.92517,สายไหม,สายไหม,กดแชร์หลายครั้งไม่ได้คะ ขอแจ้ง มบ.นภาวัลย์ 54/1แยก3 ใกล้มบ.ศิรินคร น้ำท่วมมาประมาณ4วันแล้ว ไม่มีทีท่าจะลด น้ำเริ่มจะเน่าเหม็น รถจยย. รถเล็ก ออกไม่ได้ ลำบากกันมากๆๆคะ ช่วยมาจัดการให้น้ำแห้งด้วยคะ ความสูงระดับหัวเข่า น้ำท่วมมาแล้วน้อยกว่า 1 สัปดาห์,https://storage.googleapis.com/traffy_public_bucket/attachment/2026-09/99988e2c46491987e3d0f02fcaa2119b.jpeg
2026-XZN9CX,inprogress,2026-09-29 15:46,2026-09-29 16:12,100.72523,13.81269,มีนบุรี,มีนบุรี,ตั้งแต่วันที่ 26 กันยายน 2569 จนถึงวันที่ 29 กันยายน 2569 ระดับน้ำยังไม่ค่อยลดลงเลย เหมือนจะเท่าเดิม เหมือนน้ำจะเข้ามามากกว่าจะลดลง ไม่มีเครื่องสูบน้ำมาสูบน้ำในซอยออกเลย เมื่อก่อนมีเครื่องสูบอยู่หลังซอยบ้าน (ปากซอยเป็นซอยสุวินทวงศ์ 4) ทั้งที่ซอยอื่นๆทยอยก,https://storage.googleapis.com/traffy_public_bucket/attachment/2026-09/99a142a80b6f9b09a0abceb9421e41ae.jpeg
2026-B7BH6P,inprogress,2026-09-29 15:48,2026-09-29 16:21,100.6783,13.72661,ประเวศ,ประเวศ,น้ำท่วมถึงหัวเข่าอยากมาดูแลถนนให้ดูครับ ความสูงระดับประมาณ50ซมครับรถกะบะก็เข้าออกไม่ได้มาสามวันแล้วครับ น้ำท่วมมาแล้วน้อยกว่า 1 สัปดาห์,https://storage.googleapis.com/traffy_public_bucket/attachment/2026-09/d7832232ae32e67808137061f14592f0.jpeg
2026-AN3PH9,inprogress,2026-09-29 15:49,2026-09-29 17:05,100.63397,13.74437,สวนหลวง,สวนหลวง,ที่บ้านมีน้ำท่วมสูงต้องการ กระสอบทรายเพื่อกั้นน้ำ สามารถมาส่งที่บ้านได้ไหมคะ หรือว่าต้องไปรับคะ ความสูงระดับสูงประมาณ 1 ฟุตค่ะ ที่บ้านค่อนข้างต่ำกว่าบ้านอื่นก็เลยอยากจะจะขอถุงทรายมากันหน้าบ้านค่ะ น้ำท่วมมาแล้ว5วันค่ะ,https://storage.googleapis.com/traffy_public_bucket/attachment/2026-09/ed68f8c1ef39f506a9643fb6461dbae5.jpeg
2026-AN3PH9,finish,2026-09-29 15:49,2026-10-10 12:39,100.63397,13.74437,สวนหลวง,สวนหลวง,ที่บ้านมีน้ำท่วมสูงต้องการ กระสอบทรายเพื่อกั้นน้ำ สามารถมาส่งที่บ้านได้ไหมคะ หรือว่าต้องไปรับคะ ความสูงระดับสูงประมาณ 1 ฟุตค่ะ ที่บ้านค่อนข้างต่ำกว่าบ้านอื่นก็เลยอยากจะจะขอถุงทรายมากันหน้าบ้านค่ะ น้ำท่วมมาแล้ว5วันค่ะ,https://storage.googleapis.com/traffy_public_bucket/attachment/2026-09/ed68f8c1ef39f506a9643fb6461dbae5.jpeg
2026-GHX4YG,inprogress,2026-09-29 15:49,2026-09-29 16:18,100.69165,13.67709,ประเวศ,ดอกไม้,น้ำท่วมขัง ส่วนอื่นๆในหมู่บ้านลดแล้ว แต่ บริเวณโซนที่อาศัย(สวนหลวงวิลล์ 5)ไม่ลดครับ ไม่แน่ใจว่ามีการสูบน้ำไหมหรือต้อง รอหน่วยงานไหนสูบให้.. จากตรงไหนด้วยครับ ความสูงระดับข้อเท้า น้ำท่วมมาแล้วน้อยกว่า 1 สัปดาห์,https://storage.googleapis.com/traffy_public_bucket/attachment/2026-09/c1b4ee9776797b0f35e1e47daaa28cc2.jpeg
2026-ZXK2FX,start,2026-09-29 15:49,2026-09-29 15:49,100.71894,13.76779,ลาดกระบัง,คลองสองต้นนุ่น,ปัญหา: ภายในซอยดังกล่าว บริเวณหมู่บ้านพูนสิน 2 เนื่องจากเกิดเหตุอุทกภัย จึงมีความประสงค์ขอรับความช่วยเหลือด้านอาหารและน้ำดื่ม สำหรับผู้พักอาศัย จำนวน 200 หลังคาเรือน (ผู้ร้องชื่อ คุณเดา) ซอย: เคหะร่มเกล้า 39 ถนน: เคหะร่มเกล้า เขต: ลาดกระบัง #1555,https://storage.googleapis.com/traffy_public_bucket/attachment/2022-12/da2125e781282589d482070c3dba1726aa16a4a7.jpg
2026-28RZAK,start,2026-09-29 15:50,2026-09-29 15:50,100.75144,13.73846,ลาดกระบัง,คลองสามประเวศ,น้ำในซอย 25/3 ท่วมสูงมานาน 6 วัน (24กย) เข้าออกไม่ได้ค่ะ น้ำไหลมาจากสวนข้างซอย และบึงด้านข้างค่ะ ซื้อเครื่องสูบน้ำแล้วก็ไม่ยุบเลยค่ะ ความสูงระดับประมาณ 60 เซ็นต์ค่ะ น้ำเริ่มเน่าเหม็น ขอบคุณมากค่ะ ช่วยด้วยนะคะ น้ำท่วมมาแล้วตั้งแต่เย็นวันที่ 24 กยค่ะ,https://storage.googleapis.com/traffy_public_bucket/attachment/2026-09/1a4cee0ba1d42e90e0194fa8b7302529.jpeg
2026-KPBGY8,inprogress,2026-09-29 15:50,2026-09-29 22:39,100.91116,13.79246,หนองจอก,กระทุ่มราย,เนื่องจากมีฝนตกติดต่อกันหลายวันเลยทำให้เกิดน้ำท่วมถนนในชุมชน ร.ร เรียนผลลีทำเกิดการเข้ายากรำบาก ความสูงระดับหน้าแข้ง น้ำท่วมมาแล้วมากกว่า 1 สัปดาห์,https://storage.googleapis.com/traffy_public_bucket/attachment/2026-09/d572bb76d1d77bdfcf5b7f61a86baad2.jpeg
2026-3P92UH,forward,2026-09-29 15:52,2026-09-29 16:14,100.63825,13.73286,สวนหลวง,สวนหลวง,ช่วยเร่งระบายน้ำตรงพัฒนาการหน่อยค่ะ น้ำท่วมยังไม่ลดเลย ทั้งๆที่เป็นเขตภัยพิบัติแต่แรกแต่ยังไม่มีอะไรดีขึ้น มีแต่แย่ลง ซอยพัฒนาการ54 คือท่วมหนักมากจริงๆค่ะ อยากให้มาสนใจเขตนี้หน่อยค่ะจะรับน้ำไม่ไหวแล้ว เข้าบ้านชั้น 1 มา2วันเต็มๆ ความสูงระดับหัวเข่า น้ำท่วม,https://storage.googleapis.com/traffy_public_bucket/attachment/2026-09/faafd24e269e3243185aefc251e115c1.jpeg
2026-ACRCLT,inprogress,2026-09-29 15:52,2026-09-29 16:11,100.65453,13.72588,ประเวศ,ประเวศ,ถนนพัฒนาการซอย 76 -78 น้ำท่วมสูงเกิน 30 ซม ยังไม่ยุบเลย อยากให้เร่งระบายน้ำค่ะ และอยากได้รถ ทหาร รับส่ง เข้า -ออกซอยค่ะ ความสูงระดับหน้าแข้ง น้ำท่วมมาแล้วน้อยกว่า 1 สัปดาห์,https://storage.googleapis.com/traffy_public_bucket/attachment/2026-09/cb58e28464fdaea0b4430a90af0ad6ca.jpeg
2026-BVL9RF,inprogress,2026-09-29 15:52,2026-09-29 22:39,100.87641,13.90036,หนองจอก,คลองสิบสอง,น้ำท่วมขังถนนทางเข้าออกบ้าน ไม่สามารถนำรถเข้าและออกได้ มีความยากลำบากในการเดินทาง ความสูงระดับหน้าแข้ง น้ำท่วมมาแล้วน้อยกว่า 1 สัปดาห์,https://storage.googleapis.com/traffy_public_bucket/attachment/2026-09/e74aa16a58567c4e76deabdf49432f34.jpeg
2026-BVL9RF,follow,2026-09-29 15:52,2026-10-09 13:13,100.87641,13.90036,หนองจอก,คลองสิบสอง,น้ำท่วมขังถนนทางเข้าออกบ้าน ไม่สามารถนำรถเข้าและออกได้ มีความยากลำบากในการเดินทาง ความสูงระดับหน้าแข้ง น้ำท่วมมาแล้วน้อยกว่า 1 สัปดาห์,https://storage.googleapis.com/traffy_public_bucket/attachment/2026-09/e74aa16a58567c4e76deabdf49432f34.jpeg
2026-MKR4ZB,finish,2026-09-29 15:53,2026-10-05 16:40,100.63379,13.87811,บางเขน,ท่าแร้ง,หน้าศุภาลัยพรีม่าวิลล่า ถนนเทพรักษ์ น้ำระบายช้ากว่าจุดอื่นๆ น้ำท่วมเร็วกว่าจุดอื่น เคยแจ้งไปเมื่อหลายปีก่อน แต่ไร้การเหลียวแล จนวันนี้น้ำท่วมใหญ่ก็แห้งช้ากว่าจุดอื่น น้ำลึก วอนเจ้าหน้าที่แก้ไข ความสูงระดับหัวเข่า น้ำท่วมมาแล้วน้อยกว่า 1 สัปดาห์,https://storage.googleapis.com/traffy_public_bucket/attachment/2026-09/51be51c3e07a3785d84b6c63918abf13.jpeg
2026-8AMEKA,finish,2026-09-29 15:55,2026-09-29 16:01,100.61862,13.77006,วังทองหลาง,พลับพลา,ปัญหา: ภายในซอยดังกล่าว หมู่บ้านพิชัยวิลล่า พบบ้านเลขที่ 430 (บ้านผู้ร้อง) เนื่องจากเหตุอุทกภัย ส่งผลให้ท่อน้ำบ้านผู้ร้องแตกชำรุด ขอให้เจ้าหน้าที่ดำเนินการซ่อมแซม (ผู้ร้องชื่อ ธนาโชติ) บ้านเลขที่: 430 ซอย: รามคำแหง 53 ถนน: รามคำแหง เขต: วังทองหลาง #1,https://storage.googleapis.com/traffy_public_bucket/attachment/2022-12/da2125e781282589d482070c3dba1726aa16a4a7.jpg
2026-UU8D3C,inprogress,2026-09-29 15:55,2026-09-29 16:46,100.65669,13.72327,ประเวศ,ประเวศ,ซอยพัฒนาการ 78 แขวงประเวศ เขตประเวศ น้ำท่วมขังหลายวัน เข้าออกไม่ได้ และน้ำเริ่มเน่าค่ะ ไม่มีใครมาดูและช่วยค่ะ หลายบ้านมีเด็กและผู้สูงอายุ ความสูงระดับหัวเข่า ตั้งแต่ 25 ก.ย.ค่ะ,https://storage.googleapis.com/traffy_public_bucket/attachment/2026-09/7a52495caccb440f217ffa003193cbbb.jpeg
2026-D4KNX4,inprogress,2026-09-29 15:56,2026-09-29 16:49,100.67192,13.79257,บึงกุ่ม,คลองกุ่ม,"สถานการณ์น้ำท่วมหมู่บ้านสหกรณ์ ปัจจุบันน้ำระดับเข่าเริ่มเน่า, ประสบปัญหาขาดแคลนอาหารและเครื่องดื่ม,ปัญหาสุขภาพมือ,เท้าเริ่มเปื่อย ความสูงระดับหัวเข่า น้ำท่วมมาแล้วน้อยกว่า 1 สัปดาห์",https://storage.googleapis.com/traffy_public_bucket/attachment/2026-09/5ac649cf2e90bf2b8e0f2c2b45d9cfcb.jpeg
2026-D4KNX4,finish,2026-09-29 15:56,2026-10-09 13:18,100.67192,13.79257,บึงกุ่ม,คลองกุ่ม,"สถานการณ์น้ำท่วมหมู่บ้านสหกรณ์ ปัจจุบันน้ำระดับเข่าเริ่มเน่า, ประสบปัญหาขาดแคลนอาหารและเครื่องดื่ม,ปัญหาสุขภาพมือ,เท้าเริ่มเปื่อย ความสูงระดับหัวเข่า น้ำท่วมมาแล้วน้อยกว่า 1 สัปดาห์",https://storage.googleapis.com/traffy_public_bucket/attachment/2026-09/5ac649cf2e90bf2b8e0f2c2b45d9cfcb.jpeg
2026-MY8H48,inprogress,2026-09-29 15:56,2026-09-30 10:00,100.6171,13.94654,ดอนเมือง,สนามบิน,น้ำท่วมขังมาสองสามวันแล้วหลังจากระดับน้ำโดยรอบลดลงหมดแล้ว ความสูงระดับหน้าแข้ง น้ำท่วมมาแล้ว3 วัน,https://storage.googleapis.com/traffy_public_bucket/attachment/2026-09/72514a84ecece2a6cf4cd3de3b884351.jpeg
2026-9D8JV9,forward,2026-09-29 15:57,2026-09-29 16:13,100.65196,13.78232,บึงกุ่ม,คลองกุ่ม,ซอย นวมินทร์ 24 ระดับน้ำยังอยู่ระดับเข่า รถเล็กสัญจรไม่ได้ ความสูงระดับหัวเข่า น้ำท่วมมาแล้วน้อยกว่า 1 สัปดาห์,https://storage.googleapis.com/traffy_public_bucket/attachment/2026-09/3dae6b228f8d8b357b3f781876a3b565.jpeg
2026-7ERPG7,forward,2026-09-29 16:00,2026-09-29 19:16,100.67054,13.92117,สายไหม,สายไหม,น้ำท่วมไม่ลด สายไหม64/2 ความสูงระดับหัวเข่า น้ำท่วมมาแล้วน้อยกว่า 1 สัปดาห์,https://storage.googleapis.com/traffy_public_bucket/attachment/2026-09/27b040691eab1cd306a2ed53c832e4b4.jpeg
2026-F3KG87,inprogress,2026-09-29 16:00,2026-09-29 22:39,100.87975,13.76219,หนองจอก,ลำต้อยติ่ง,ผักตบชวา ขวางทางน้ำในคลองครับ เป็นปัญหาให้ระบายน้ำได้ช้าลง พื้นที่ชาวบ้านชายคลองน้ำท่วมขังหลายหลัง ปริมาณน้ำไม่ลดลงเลยครับ ช่วยดำเดินการเอาออกได้ไหมครับ ความสูงระดับหน้าแข้ง น้ำท่วมมาแล้วน้อยกว่า 1 สัปดาห์,https://storage.googleapis.com/traffy_public_bucket/attachment/2026-09/cff8a2688e59f197af2d1db8507a313b.jpeg
2026-PG3823,start,2026-09-29 16:01,2026-09-29 16:01,100.73885,13.75769,ลาดกระบัง,คลองสองต้นนุ่น,ปัญหา: ริมคลองสองต้นนุ่น บริเวณบ้านเลขที่ 27 และบ้านพักอาศัยใกล้เคียง เนื่องจากประสบเหตุอุทกภัย มีความประสงค์ขอรับการสนับสนุนเครื่องอุปโภคบริโภคสำหรับผู้พักอาศัย จำนวน 20 ราย ถนน: ศรีนครินทร์ - ร่มเกล้า จุดสังเกต: จากเคหะร่มเกล้า ให้เลี้ยวซ้ายเข้าถนนดังก,https://storage.googleapis.com/traffy_public_bucket/attachment/2022-12/da2125e781282589d482070c3dba1726aa16a4a7.jpg
2026-F8WXT8,finish,2026-09-29 16:02,2026-09-30 14:33,100.60955,13.83981,ลาดพร้าว,จรเข้บัว,น้ำยังท่วมขังบริเวณ หมู่บ้านเสนานิเวศน์โครงการ2 ครับ ท่วมขังอยู่ครับ รบกวนพิจารณาหาหนทางสูบน้ำออกจากหมู่บ้านให้หน่อยนะครับ ลูกบ้านต้องนำรถไปจอดที่หน้าหมู่บ้าน ห้าง Market Place นวมินทร์ ค่อนข้างเยอะมากๆครับ ขอความช่วยเหลือด้วยนะครับ ตอนนี้เหมือนน้ำขัง #fo,https://storage.googleapis.com/traffy_public_bucket/attachment/2026-09/fce3e0794b865b468a15cbdef10eec5f.jpg
2026-8K68T6,inprogress,2026-09-29 16:04,2026-09-29 16:16,100.68794,13.74662,สะพานสูง,สะพานสูง,น้ำท่วมซอยกรุงเทพกรีฑา 37 ไม่ลดสักที ช่วยจัดการด่วน เดือนร้อนเดินทางไม่ได้ค่ะ ความสูงระดับหัวเข่า น้ำท่วมมาแล้ว3 วัน,https://storage.googleapis.com/traffy_public_bucket/attachment/2026-09/343089c3be25371701e7585ba6060544.jpeg
2026-DEU4JC,inprogress,2026-09-29 16:04,2026-09-29 16:24,100.70111,13.74733,สะพานสูง,สะพานสูง,ปัญหา: ภายในซอยดังกล่าว บ้านเลขที่ 99/1208 พบนํ้าท่วมขังระดับสูง ไม่สามารถออกจากห้องได้ เนื่องจากประตูล็อก ขอให้หน่วยงานที่เกี่ยวข้องลงพื้นที่ตรวจสอบและให้ความช่วยเหลือ พร้อมทั้งสนับสนุนอาหารและน้ำดื่ม หมู่บ้าน: นักกีฬา ซอย: นักกีฬาแหลมทอง 48 ถนน: กรุงเทพ,https://storage.googleapis.com/traffy_public_bucket/attachment/2022-12/da2125e781282589d482070c3dba1726aa16a4a7.jpg
2026-MJ4Y4N,start,2026-09-29 16:04,2026-09-29 16:04,100.75353,13.76944,ลาดกระบัง,คลองสามประเวศ,น้ำท่วมขังนานกว่า 4 วันแล้วเข้าออกหมู่บ้านนครินทร์ถนนร่มเกล้าซอย 19/1 รถเล็กออกไม่ได้ ขอหน่วยงานป้องกันของกทม.จัดรถรับส่งชาวบ้านในหมู่บ้านบริเวณน้ำท่วมขังเพื่อออกไปซื้ออาหารและทำงานด้วยครับ ความสูงระดับประมาณ 70-100 cm น้ำท่วมมาแล้วกว่า 4 วันแล้ว,https://storage.googleapis.com/traffy_public_bucket/attachment/2026-09/e17d087a354a018214b98df89b7187c9.jpeg
2026-PJEKL6,inprogress,2026-09-29 16:04,2026-09-30 09:35,100.56434,13.9197,ดอนเมือง,ดอนเมือง,น้ำในหมู่บ้านยังไม่ลด และมีความสูงตรงกลางหมู่บ้าน กว่า 30-40ซม แม้ ถนนปากซอย 34 แห้งแล้ว แต่ยังมีน้ำค้างในท่อน้ำ ปากซอย จำนวนมาก ทำให้ น้ำในหมู่บ้าน ไม่สามารถ ไหลออกไปได้ ควรจะต้องมีการสูบน้ำ ตรง จุดวัดไผ่เขียงลง คลองตาอูฐ อย่างต่อเนื่อง ไม่ใช้ หยุด เพรา,https://storage.googleapis.com/traffy_public_bucket/attachment/2026-09/b3c65bdbc62ba04b3ebad08e5a3dba90.jpeg
2026-XKURC9,inprogress,2026-09-29 16:04,2026-09-29 16:09,100.69391,13.72865,ประเวศ,ประเวศ,ซอยเฉลิมพระเกียรติ 87 น้ำยังไม่ลดและตอนนี้น้ำดำส่งกลิ่นเหม็นแล้ว ความสูงระดับหัวเข่า น้ำท่วมมาแล้วน้อยกว่า 1 สัปดาห์,https://storage.googleapis.com/traffy_public_bucket/attachment/2026-09/9fb27650a97e935d3c65a9ed929e7c54.jpg
2026-D62VGM,forward,2026-09-29 16:06,2026-09-29 16:13,100.65138,13.78384,บึงกุ่ม,คลองกุ่ม,ที่บ้านเจอวิกฤติน้ำท่วมน้ำเข้าบ้านตั้งแต่คืนวันที่25/กย./2569 แล้วน้ำก็เข้าบ้านเรื่อยๆจนเฟอร์นิเจอร์และตัวบ้านเสียหายชั้นล่าง บ้านอยู่ติดคลอง ใช้ชีวิตยากลำบากต้องอาศัยอยู่ชั้นบนของบ้านห้องน้ำก็น้ำท่วมจม จนวันนี้วันนี้29น้ำก็ยังคงท่วมขังอยู่ภายในบ้านและส่ง,https://storage.googleapis.com/traffy_public_bucket/attachment/2026-09/thumb_0e37f3286396be55b23c572703ca6f20.jpg
2026-4MFRLP,inprogress,2026-09-29 16:07,2026-09-29 22:38,100.81329,13.79617,หนองจอก,ลำผักชี,ปัญหา: ภายในซอยดังกล่าว หมู่บ้านฟลอร่าวิลล์ สุวินทวงศ์ เฟส 20 ซอย 2/1 พบน้ำท่วมสูง จึงขอให้เจ้าหน้าที่ลงพื้นที่ดำเนินการสูบระบายน้ำ ซอย: สุวินทวงศ์ 38 ถนน: สุวินทวงศ์ จุดสังเกต: -- เขต: หนองจอก #1555,https://storage.googleapis.com/traffy_public_bucket/attachment/2022-12/da2125e781282589d482070c3dba1726aa16a4a7.jpg
2026-RT8CXK,finish,2026-09-29 16:07,2026-10-01 11:56,100.58102,13.84503,จตุจักร,เสนานิคม,อยากให้ลอกท่อระบายน้ำ เพื่อป้องกันน้ำท่วมบ้าน ความสูงระดับหน้าแข้ง น้ำท่วมมาแล้วน้อยกว่า 1 สัปดาห์,https://storage.googleapis.com/traffy_public_bucket/attachment/2026-09/8881b5c400c8b9d756633c053bdf33f1.jpeg
2026-RXND96,start,2026-09-29 16:07,2026-09-29 16:07,100.73681,13.72262,ลาดกระบัง,ลาดกระบัง,ถนนเส้นคู่ขนานหน้าโรงแรม Golden Jade น้ำท่วมสูงมาก รถสัญจรไม่ได้ครับ ต้องการให้ช่วยแก้ปัญหาระบายน้ำให้โดยด่วน ขอบคุณครับ ความสูงระดับหัวเข่า น้ำท่วมมาแล้วน้อยกว่า 1 สัปดาห์,https://storage.googleapis.com/traffy_public_bucket/attachment/2026-09/5319b806f5cc4c66db790130c2b55710.jpeg
2026-9NXLW8,inprogress,2026-09-29 16:08,2026-09-30 09:29,100.60717,13.94249,ดอนเมือง,สีกัน,พื้นที่วงเวียน หมู่บ้าน grand canal ดอนเมือง พื้นที่นี้ เขตไหนรับผิดชอบได้บ้างคะ มีน้ำท่วมขัง ความสูงระดับหัวเข่า น้ำท่วมมาแล้วน้อยกว่า 1 สัปดาห์,https://storage.googleapis.com/traffy_public_bucket/attachment/2026-09/thumb_cd4952084e3afe1ae4525a31e7f8f4e9.jpg
2026-Z2KX9C,inprogress,2026-09-29 16:09,2026-09-30 09:48,100.59109,13.83939,ลาดพร้าว,จรเข้บัว,ปัญหา: บริเวณท้ายซอยดังกล่าว พบบ้านเลขที่ 72 มีการนำกระสอบทรายไปปิดทับฝาท่อระบายน้ำ จำนวน 2 จุด ทำให้น้ำบนผิวการจราจรไม่สามารถระบายได้ ขอให้หน่วยงานที่เกี่ยวข้องลงพื้นที่ตรวจสอบและดำเนินการจัดเก็บกระสอบทรายที่ปิดทับฝาท่อระบายน้ำออก บ้านเลขที่: 72 ซอย: ลา,https://storage.googleapis.com/traffy_public_bucket/attachment/2022-12/da2125e781282589d482070c3dba1726aa16a4a7.jpg
2026-EV73CX,inprogress,2026-09-29 16:10,2026-09-29 16:38,100.62132,13.76082,บางกะปิ,หัวหมาก,ปัญหา: ภายในซอยดังกล่าว บริเวณครุย จัสท์ อพาร์ตเมนต์ เนื่องจากเกิดเหตุอุทกภัย จึงมีความประสงค์ขอรับความช่วยเหลือด้านอาหารและน้ำดื่ม สำหรับผู้พักอาศัย ซอย: รามคำแหง 55 ถนน: รามคำแหง เขต: บางกะปิ #1555,https://storage.googleapis.com/traffy_public_bucket/attachment/2022-12/da2125e781282589d482070c3dba1726aa16a4a7.jpg
2026-34HAYB,start,2026-09-29 16:12,2026-09-29 16:12,100.79657,13.75687,ลาดกระบัง,ลำปลาทิว,น้ำท่วม ความสูงระดับหน้าแข้ง น้ำท่วมมาแล้วน้อยกว่า 1 สัปดาห์,https://storage.googleapis.com/traffy_public_bucket/attachment/2026-09/739c38c2ec88cd89326d500fb0ba0a98.jpeg
2026-9T63V8,inprogress,2026-09-29 16:12,2026-09-29 16:15,100.68965,13.74491,สะพานสูง,สะพานสูง,น้ำท่วมขังมา3วันแล้วค่ะ ความสูงระดับเอว น้ำท่วมมาแล้วน้อยกว่า 1 สัปดาห์,https://storage.googleapis.com/traffy_public_bucket/attachment/2026-09/f5d8826d058ac6e88c7d16e416b1ce81.jpeg
2026-D7XR3R,inprogress,2026-09-29 16:12,2026-09-29 16:36,100.6601,13.76367,บางกะปิ,หัวหมาก,น้ำท่วมขังมา 4 วันแล้ว ช่วยมาระบายน้ำหน่อย ความสูงระดับหัวเข่า น้ำท่วมมาแล้วน้อยกว่า 1 สัปดาห์,https://storage.googleapis.com/traffy_public_bucket/attachment/2026-09/thumb_32aade4b2d0028df2294a40fcfb8b79d.jpg
2026-D7XR3R,finish,2026-09-29 16:12,2026-10-06 07:49,100.6601,13.76367,บางกะปิ,หัวหมาก,น้ำท่วมขังมา 4 วันแล้ว ช่วยมาระบายน้ำหน่อย ความสูงระดับหัวเข่า น้ำท่วมมาแล้วน้อยกว่า 1 สัปดาห์,https://storage.googleapis.com/traffy_public_bucket/attachment/2026-09/thumb_32aade4b2d0028df2294a40fcfb8b79d.jpg
2026-472GGV,finish,2026-09-29 16:13,2026-10-01 14:50,100.39126,13.72708,บางแค,บางแคเหนือ,ท่อระบายน้ำตัน ดันน้ำขึ้นมาบางส่วน ความสูงระดับน้อยมากครับ น้ำกำลังไหลลงอีกท่อนึงอยู่ครับ น้ำท่วมมาแล้วน้อยกว่า 1 ชั่วโมง,https://storage.googleapis.com/traffy_public_bucket/attachment/2026-09/697f6de42ae382eb9283f069c76ada74.jpeg
2026-6A776J,inprogress,2026-09-29 16:14,2026-09-30 09:28,100.61725,13.94634,ดอนเมือง,สนามบิน,น้ำท่วม ขัง ในซอยวิภาวดีรังสิต 84 ไม่มีลด ความสูงระดับหน้าแข้ง น้ำท่วมมาแล้วน้อยกว่า 1 สัปดาห์,https://storage.googleapis.com/traffy_public_bucket/attachment/2026-09/582c9da96cc01d2a5ad5221475366a9e.jpeg
2026-U9H8E7,inprogress,2026-09-29 16:14,2026-09-30 09:28,100.61738,13.94652,ดอนเมือง,สนามบิน,ซอยวิภาวดดี84ท่วมถึงหน้าแข้ง เกืแบเข่าค่ะ น้ำท่วมมาแล้วน้อยกว่า 1 สัปดาห์,https://storage.googleapis.com/traffy_public_bucket/attachment/2026-09/538c2018806e3a9cc61e19f2499bf0f2.jpeg
2026-YERLXG,finish,2026-09-29 16:14,2026-09-29 16:56,100.70952,13.70148,ประเวศ,ประเวศ,ขอรับอาหารแจกชาวบ้านด้วย น้ำท่วมขังยังไม่ลด และขอให้สำนักงานเขตประเวศ และสำนักระบายน้ำช่วยเร่งระบายสูบน้ำออกจากชุมชนอ่อนนุช 40 ไร่ ถนนสุขาภิบาล 2 ซอย 15 แยก 2-3-2ด้วย ความสูงระดับสูงกว่าเอว น้ำท่วมมาแล้วเข้าวันที่ 4 ชาวบ้านขาดแคลนอาหาร ครับ ความสูงระดับสู,https://storage.googleapis.com/traffy_public_bucket/attachment/2026-09/f46ac858b4abadc63f3ea38bf9baf834.jpeg
2026-DY28FC,finish,2026-09-29 16:15,2026-09-29 18:52,100.66722,13.7715,สะพานสูง,สะพานสูง,แจ้งเรื่องน้ำท่วมเข้าบ้าน เพื่อขอรับเงินเยียวยา ความสูงระดับหน้าแข้ง น้ำท่วมมาแล้วน้อยกว่า 1 สัปดาห์,https://storage.googleapis.com/traffy_public_bucket/attachment/2026-09/a9ee8c540aa152e474c9d1f3ff829283.jpeg
2026-H3MMPZ,forward,2026-09-29 16:15,2026-09-29 16:28,100.60548,13.89019,บางเขน,อนุสาวรีย์,ขอให้กรุงเทพฯและสำนักระบายน้ำช่วยเร่งเปิดประตูน้ำ ฝั่งสายไหมโดยด่วน พื้นที่สะพานใหม่ สายหยุด สายไหม น้ำลดน้อยมาก จะให้อยู่แค่เป็นพื้นที่รับน้ำไปถึงไหน ผู้ว่าไม่ลงมาดูดำดูดีเขตทางนี้เลย น้ำขังมากี่วันแล้ว กะจะให้แห้งเป็นที่สุดท้ายทุกทีเลยหรือไง ความสูงระดั,https://storage.googleapis.com/traffy_public_bucket/attachment/2026-09/77916fd01f934239e0f742a7cacac943.jpeg
2026-X827JD,finish,2026-09-29 16:15,2026-10-02 13:21,100.86249,13.79159,หนองจอก,ลำต้อยติ่ง,ปัญหา: ชุมชนลำมดตะนอย บ้านเลขที่ 17 หมู่ 6 เนื่องจากเกิดเหตุอุทกภัย จึงมีความประสงค์ขอรับความช่วยเหลือด้านอาหารและน้ำดื่ม ถนน: ร่วมพัฒนา 6 จุดสังเกต: ตรงข้ามวิทยาลัยการอาชีพกาญจนาภิเษก เขต: หนองจอก #1555,https://storage.googleapis.com/traffy_public_bucket/attachment/2022-12/da2125e781282589d482070c3dba1726aa16a4a7.jpg
2026-NF9NEF,inprogress,2026-09-29 16:16,2026-09-30 09:59,100.62,13.94691,ดอนเมือง,สนามบิน,น้ำท่วมไม่ลดระดับเลยครับ วันนี้ขึ้นมาอีก 1 ซม. ช่วยมาสูบน้ำหน่อย ความสูงระดับหัวเข่า น้ำท่วมมาแล้วน้อยกว่า 1 สัปดาห์,https://storage.googleapis.com/traffy_public_bucket/attachment/2026-09/b554ded94620ca4d77a8f2e05468f12e.jpeg
2026-RPAMPZ,start,2026-09-29 16:16,2026-09-29 16:16,100.80772,13.71501,ลาดกระบัง,ทับยาว,หมู่บ้าน Eston ลาดกระบัง ติดกับสนามกอล์ฟ Royal Golf น้ำท่วมขังระบายไม่ได้ ยังไม่มีหน่วยงานเข้ามาช่วยเหลื ตอนนี้ระดับน่อง แต่เนื่องจากบ้านอยู่ซอยในสุด ไม่รู้ว่าระดับน้ำจะเพิ่มขึ้นกว่านี้มั้ย น้ำข้างในเริ่มมีกลิ่น 2 วัน น้ำขังทางโครงการระบายน้ำไม่ได้,https://storage.googleapis.com/traffy_public_bucket/attachment/2026-09/614d749b55f361575fb98e499f2890bb.jpeg
2026-T4KTN7,inprogress,2026-09-29 16:18,2026-09-29 16:26,100.6216,13.87059,บางเขน,อนุสาวรีย์,รบกวนสอบถามค่ะ เครื่องสูบน้ำท้ายซอยรามอินทรา 21 ที่เคยสูบน้ำในคลองใกล้ตลาดลุงเล็ก ไม่ทราบว่าหายไปไหน หายไปหลายเดือนแล้วค่ะ ถ้ามีเครื่องสูบน้ำจะทำให้ความเดือดร้อนบรรเทาลงมาก ขอบคุณค่ะ ความสูงระดับหน้าแข้ง น้ำท่วมมาแล้วน้อยกว่า 1 สัปดาห์,https://storage.googleapis.com/traffy_public_bucket/attachment/2026-09/53e79f21acd42cb98e7d5ddedc77a5b5.jpeg
2026-T4KTN7,finish,2026-09-29 16:18,2026-10-09 13:44,100.6216,13.87059,บางเขน,อนุสาวรีย์,รบกวนสอบถามค่ะ เครื่องสูบน้ำท้ายซอยรามอินทรา 21 ที่เคยสูบน้ำในคลองใกล้ตลาดลุงเล็ก ไม่ทราบว่าหายไปไหน หายไปหลายเดือนแล้วค่ะ ถ้ามีเครื่องสูบน้ำจะทำให้ความเดือดร้อนบรรเทาลงมาก ขอบคุณค่ะ ความสูงระดับหน้าแข้ง น้ำท่วมมาแล้วน้อยกว่า 1 สัปดาห์,https://storage.googleapis.com/traffy_public_bucket/attachment/2026-09/53e79f21acd42cb98e7d5ddedc77a5b5.jpeg
2026-YY6EV7,start,2026-09-29 16:18,2026-09-29 16:18,100.73064,13.76172,ลาดกระบัง,คลองสองต้นนุ่น,ปัญหา: บริเวณท้ายซอยเคหะร่มเกล้า 31 แยก 3 หมู่บ้านการเคหะร่มเกล้า เนื่องจากเกิดเหตุอุทกภัย จึงมีความประสงค์ขอรับความช่วยเหลือด้านอาหารและน้ำดื่ม (คุณอรอนงค์) ถนน: เคหะร่มเกล้า เขต: ลาดกระบัง #1555,https://storage.googleapis.com/traffy_public_bucket/attachment/2022-12/da2125e781282589d482070c3dba1726aa16a4a7.jpg
2026-L8YBJK,forward,2026-09-29 16:19,2026-09-29 19:15,100.62166,13.89515,สายไหม,คลองถนน,หมู่บ้านณัฐกานต์3-5 ซ.พหลโยธิน52 ยังมีน้ำท่วมขังถึงกลางหน้าแข้ง ความสูงระดับหน้าแข้ง น้ำท่วมมาแล้วน้อยกว่า 1 สัปดาห์,https://storage.googleapis.com/traffy_public_bucket/attachment/2026-09/9762c82761c1b07cb755832c00937927.jpeg
2026-ZHT986,inprogress,2026-09-29 16:19,2026-09-29 17:18,100.71684,13.83128,มีนบุรี,มีนบุรี,รบกวนสำนักงานเขตช่วยบรรเทาทุกข์น้ำท่วม ซอยหทัยราษฎร์ 29 ค่ะ ถนนหลักหทัยราษฎร์แห้งแล้ว แต่ในซอยยังมีน้ำท่วมขังสูงถึงล้อรถ น้ำเริ่มเน่าและมีปลิง ชาวบ้านเดือดร้อน สิ่งที่ต้องการขอความช่วยเหลือ ขอเครื่องสูบน้ำ: ไม่ต้องแห้งสนิท แต่ขอให้ลดระดับลงพอที่มอเตอร์ไ,https://storage.googleapis.com/traffy_public_bucket/attachment/2026-09/971e9eca156b8a992edfe971db568925.jpeg
2026-4FHTKM,inprogress,2026-09-29 16:24,2026-09-29 16:44,100.69235,13.69294,ประเวศ,ดอกไม้,น้ำยังท่วมถึงครึ่งเข่าในหมู่บ้านพนาสนธิ์ วิลล่า 10 ซ.เฉลิมพระเกียรติ 48 แยก 19 ทำยังไงก็ได้ให้คนในหมู่บ้านมีรถในการเข้า-ออกซอยด้วยครับ ได้รับผลกระทบเยอะเพราะซอยลึกและน้ำในซอยก็ยังสูง ความสูงระดับหน้าแข้ง น้ำท่วมมาแล้วน้อยกว่า 1 สัปดาห์,https://storage.googleapis.com/traffy_public_bucket/attachment/2026-09/fe0766b97965997471ee737f6f1ec55d.jpeg
2026-BL8E26,finish,2026-09-29 16:25,2026-09-30 10:29,100.62846,13.89392,สายไหม,คลองถนน,บ้านเลขที่ 133/36 เพิ่มสิน 20 แยก 5 แขวงคลองถนน เขตสายไหม กรุงเทพ บ้านน้ำท่วมระดับครึ่งแข้ง แล้วระดับน้ำยังไม่ค่อยลดลงเลยค่ะ รบกวนช่วงส่งเสบียงหรือจัดการน้ำท่วมให้ระบายในพื้นที่เขตนี้ด้วยค่ะ ความสูงระดับหน้าแข้ง น้ำท่วมมาแล้ว4 วัน,https://storage.googleapis.com/traffy_public_bucket/attachment/2026-09/05a9e37da898403c181acc2b89ae8903.jpeg
2026-GW8L6V,start,2026-09-29 16:25,2026-09-29 16:25,100.74939,13.73811,ลาดกระบัง,คลองสามประเวศ,เหตุการณ์เกิดขึ้นที่ซอยร่มเกล้า 25/3 เนื่องจากสถานการณ์ช่วงวันที่ 24 กันยายนที่ผ่านมาจนจนถึงปัจจุบันทำให้มีฝนตกและน้ำท่วมขังในซอยสูงประมาณ 50-70 ซม จนวันนี้วันที่ 29 กันยายนยังไม่มีหน่วยงานไหนเข้าช่วยและเยียวยาเนื่องจาก เข้าออกค่อนข้างที่จะลำบากมากในการหา,https://storage.googleapis.com/traffy_public_bucket/attachment/2026-09/461e0888f29031eda618ae520670d5ac.jpeg
2026-MRCNU4,finish,2026-09-29 16:26,2026-10-01 08:48,100.61319,13.69211,พระโขนง,บางจาก,ปัญหาน้ำท่วมซอยปุณณวิถี17 ซ้ำซาก เราสามารถผันน้ำไปอุโมงค์ยักษ์ได้ไหมคะ หรือยกถนนในซอยได้ไหมคะ ความสูงระดับที่ผ่านมาระดับหัวเข่าค่ะ น้ำท่วมมาแล้ว3 วัน แต่ตอนนี้ท่วมปริ่มๆท่อค่ะ,https://storage.googleapis.com/traffy_public_bucket/attachment/2026-09/thumb_a40ebd620a463fb5129feb54feaf4bf2.jpg
2026-J7PWT7,inprogress,2026-09-29 16:28,2026-09-29 16:40,100.67006,13.70619,ประเวศ,ประเวศ,ยกเลิกการแจ้งน้ำที่ท่วมทะลักเข้ามายังใต้ถุนตึก รอนานไม่มีใครมาช่วยสูบ เลยซื้อเครื่องมาสูบเอง ดังนั้นจึงยกเลิกการแจ้ง2026-CHPTCY ความสูงระดับยกเลิกการแจ้งแล้ว เนื่องจากซื้อเครื่องมาสูบเอง น้ำท่วมมาแล้วน้อยกว่า 1 สัปดาห์,https://storage.googleapis.com/traffy_public_bucket/attachment/2026-09/6d0d9546b3d9f63ebb23d6e80b9c3b3a.jpeg
2026-XXX2C9,inprogress,2026-09-29 16:30,2026-09-29 16:56,100.66602,13.81513,คันนายาว,รามอินทรา,น้ำท่วมขัง 40 ซม. ช่วยระบายน้ำหน่อย ไม่ไหวแล้ว ความสูงระดับ30 - 40 ซม. น้ำท่วมมาแล้ว4 วัน,https://storage.googleapis.com/traffy_public_bucket/attachment/2026-09/thumb_38a341b7ca26cb97e9f979097b776e4a.jpg
2026-BBN69M,finish,2026-09-29 16:33,2026-10-05 13:36,100.62851,13.74927,บางกะปิ,หัวหมาก,น้ำท่วมขัง5 วันแล้วค่ะ. ช่วยด้วยค่ะ ราม24แยก30 หมู่บ้านศิขรินทร์ ความสูงระดับเอวค่ะ น้ำท่วมมาแล้ว5วันค่ะ,https://storage.googleapis.com/traffy_public_bucket/attachment/2026-09/aacd1a5fb057546f083363e516ee0bc5.jpeg
2026-633XVE,inprogress,2026-09-29 16:34,2026-09-29 17:08,100.60564,13.8905,บางเขน,อนุสาวรีย์,"ถนนเส้นบีทีเอส สายหยุด สะพานใหม่ ซอย พหลโยธิน 50,52 น้ำยังท่วมสูงอยู่ค่ะ กระทบการสัญจร และการดำรงชีวิตค่ะ ในซอยประมาณ 30cm. ปากซอยประมาณ 50cm. 4 วัน",https://storage.googleapis.com/traffy_public_bucket/attachment/2026-09/1ac6f7efaf770d5d15ea684bb25a1d84.jpeg
2026-633XVE,finish,2026-09-29 16:34,2026-10-09 14:12,100.60564,13.8905,บางเขน,อนุสาวรีย์,"ถนนเส้นบีทีเอส สายหยุด สะพานใหม่ ซอย พหลโยธิน 50,52 น้ำยังท่วมสูงอยู่ค่ะ กระทบการสัญจร และการดำรงชีวิตค่ะ ในซอยประมาณ 30cm. ปากซอยประมาณ 50cm. 4 วัน",https://storage.googleapis.com/traffy_public_bucket/attachment/2026-09/1ac6f7efaf770d5d15ea684bb25a1d84.jpeg
2026-JZKBZ7,inprogress,2026-09-29 16:34,2026-09-29 16:42,100.67158,13.72646,ประเวศ,ประเวศ,พัฒนาการ 69 ช่วงข้ามเข้ามาจากสะพานข้ามคลอง น้ำยังท่วมลึกมากค่ะ รถทั่วไปยังไม่สามารถสัญจรได้ บางจุดลึกเกือบเอว ความสูงระดับหัวเข่า น้ำท่วมมาแล้วน้อยกว่า 1 สัปดาห์,https://storage.googleapis.com/traffy_public_bucket/attachment/2026-09/6ff7194b776a8dff45fe9797bf150041.jpeg
2026-VD3GN9,inprogress,2026-09-29 16:34,2026-09-30 09:28,100.62095,13.93551,ดอนเมือง,สนามบิน,ปัญหา: ภายในซอยดังกล่าว หมู่บ้านรสา แม็กวิลล์ และหมู่บ้านหมู่บ้านทัดชาวิลล่า มีน้ำท่วมสูงประมาณ 40 - 50 เซนติเมตร ซึ่งได้ท่วมขังมา 3 วันแล้ว อีกทั้งยังไม่สามารถสัญจรได้ โดยปัจจุบันน้ำเริ่มเน่า จึงขอให้เจ้าหน้าที่จักหารถยกสูงมาบริการให้กับผู้พักอาศัยในพื้น,https://storage.googleapis.com/traffy_public_bucket/attachment/2022-12/da2125e781282589d482070c3dba1726aa16a4a7.jpg
2026-ZFLLDG,inprogress,2026-09-29 16:34,2026-09-29 16:42,100.69056,13.77802,สะพานสูง,สะพานสูง,เรียนทีมงานท่านผู้ว่าชัชชาติคครับ ตามที่ได้แจ้งเรื่องร้องเรียนไปเกี่ยวกับเรื่องขอให้โยธาเขตสะพานสูงนำเครื่องสูบนำ้มาช่วยดูดนำ้เพื่อช่วยลดระดับนำ้ที่ท่วมขังสูงวันที่5แล้วให้ลดระดับลงบ้าง เพื่อช่วยบรรเทาความเดือดร้อนให้แก่ชาวชุมชนหมู่บ้านโฮมเพลส รามคำแหง140,https://storage.googleapis.com/traffy_public_bucket/attachment/2026-09/thumb_351e99522091627e9af11b4554a3938e.jpg
2026-HM8RFK,forward,2026-09-29 16:35,2026-09-29 16:35,100.63301,13.75512,บางกะปิ,หัวหมาก,ในซอยวิทยาลัยอุตสาหกรรมช่างกลกรุงเทพ น้ำท่วมในซอยหนักมากอยากให้มีการระบายน้ำออกด่วน ความสูงระดับสูงกว่าเอว น้ำท่วมมาแล้วน้อยกว่า 1 สัปดาห์,https://storage.googleapis.com/traffy_public_bucket/attachment/2026-09/d740a294cf7ad9bb17872ee8766c597b.jpeg
2026-ZDYK7X,start,2026-09-29 16:35,2026-09-29 16:35,100.75254,13.71929,ลาดกระบัง,ลาดกระบัง,ปัญหา: หมู่บ้านเคหะนคร 2 พบน้ำท่วมขัง ระดับน้ำสูงประมาณ 40 เซนติเมตร สร้างความเดือดร้อนให้กับผู้พักอาศัยบริเวณดังกล่าว ขอให้เจ้าหน้าที่ลงพื้นที่ตรวจสอบและสนับสนุนอาหารและน้ำดื่มแก่ผู้พักอาศัย หรือนำถุงขับถ่ายฉุกเฉิน (สุขาเคลื่อนที่) มาแจกจ่ายได้หรือไม่ เน,https://storage.googleapis.com/traffy_public_bucket/attachment/2022-12/da2125e781282589d482070c3dba1726aa16a4a7.jpg
2026-PMXBU2,finish,2026-09-29 16:36,2026-09-30 11:41,100.58423,13.87022,หลักสี่,ตลาดบางเขน,ร้องเรียนฝ่ายโยธาเขตหลักสี่จบงานเท็จ น้ำยังท่วมหมู่บ้าน ความสูงระดับข้อเท้า น้ำท่วมมาแล้วน้อยกว่า 1 สัปดาห์,https://storage.googleapis.com/traffy_public_bucket/attachment/2026-09/6a79de8a2695c591872d2d7b5e799c7c.jpeg
2026-N4F8NY,inprogress,2026-09-29 16:37,2026-09-30 09:25,100.60667,13.93394,ดอนเมือง,สีกัน,ปัญหา: ภายในซอยดังกล่าว บริเวณชุมชนร่วมพัฒนา บ้านเลขที่ 112/1 เนื่องจากเกิดเหตุอุทกภัย น้ำท่วมสูงระดับเอว จึงมีความประสงค์ขอรับความช่วยเหลือด้านอาหารและน้ำดื่ม (ผู้พิการด้านการเคลื่อนไหว ประเภท 3 อายุ 45 ปี) ซอย: เชิดวุฒากาศ 19 ถนน: เชิดวุฒากาศ เขต: ดอน,https://storage.googleapis.com/traffy_public_bucket/attachment/2022-12/da2125e781282589d482070c3dba1726aa16a4a7.jpg
2026-8BEGJX,inprogress,2026-09-29 16:39,2026-09-29 16:41,100.67609,13.68941,ประเวศ,ดอกไม้,ซอย เฉลิมพระเกียรติ ร9 ซอย 38 ตรงหน้าหมู่บ้าน เดอ สยาม พื้นถนนเป็นแอ่งน้ำท่วมสูง ไม่ระบาย เหตุเพราะ ถนนต่ำกว่าคลอง ต้องนำเครื่องสูบน้ำมาเร่งระบายช่วยหน่อยครับ เดือนร้อนเวลาเข้าออก ความสูงระดับหัวเข่า น้ำท่วมมาแล้วน้อยกว่า 1 สัปดาห์,https://storage.googleapis.com/traffy_public_bucket/attachment/2026-09/65efdaf1b860b87dc42f6160a0b14b88.jpeg
2026-YJ8KL7,inprogress,2026-09-29 16:39,2026-09-29 17:08,100.62646,13.86663,บางเขน,อนุสาวรีย์,น้ำท่วมขังในซอยรามอินทรา39 แยก11 ตั้งแต่วันที่25 ไม่มีที่ระบาย ต้องการคนมาสูบน้ำออกค่ะ ความสูงระดับเลยเข่าคน160ซม.ค่ะ น้ำท่วมมาแล้วตั้งแต่วันที่26ก.ย.ค่ะ,https://storage.googleapis.com/traffy_public_bucket/attachment/2026-09/0205139ea43bb75883dffdccc8c86a7a.jpeg
2026-YJ8KL7,finish,2026-09-29 16:39,2026-10-09 18:32,100.62646,13.86663,บางเขน,อนุสาวรีย์,น้ำท่วมขังในซอยรามอินทรา39 แยก11 ตั้งแต่วันที่25 ไม่มีที่ระบาย ต้องการคนมาสูบน้ำออกค่ะ ความสูงระดับเลยเข่าคน160ซม.ค่ะ น้ำท่วมมาแล้วตั้งแต่วันที่26ก.ย.ค่ะ,https://storage.googleapis.com/traffy_public_bucket/attachment/2026-09/0205139ea43bb75883dffdccc8c86a7a.jpeg
2026-8AVCRL,forward,2026-09-29 16:41,2026-10-05 09:56,100.58337,13.88799,หลักสี่,ตลาดบางเขน,ถนนวิภาวดี บริเวณหน้าทางเข้า Local road ยังคงมีน้ำท่วมขัง ความสูงระดับหน้าแข้ง น้ำท่วมมาแล้วน้อยกว่า 1 สัปดาห์,https://storage.googleapis.com/traffy_public_bucket/attachment/2026-09/d01b78478076b445a4c42bf37c89320d.jpeg
2026-NRCE3W,inprogress,2026-09-29 16:41,2026-09-29 17:17,100.75122,13.8157,มีนบุรี,แสนแสบ,ปากทางแยกถนนราษฎร์อุทิศ ยังคงมีน้ำท่วมขังเพิ่มสูงขึ้น รบกวนช่วยดำเนินการด้วยค่ะ ประมาณเหนือเขา มากกว่า 30 ซม. มากกว่า 2 วันค่ะ,https://storage.googleapis.com/traffy_public_bucket/attachment/2026-09/b337bd3ae0d468aba0cbe9c6a750984e.jpeg
2026-HREDXT,forward,2026-09-29 16:42,2026-09-29 18:59,100.76893,13.85438,คลองสามวา,ทรายกองดินใต้,น้ำท่วมบึงนายพล จากการปิดการระบายน้ำของประตูระบายน้ำประชาร่วมใจ ทำให้น้ำในคลองหลังประตูน้ำเอ่อล้นทะลักเข้าบึง น้ำท่วมบึงจากระดับเดิม ประมาณ 5 เมตร ตอนนี้บ้านที่อยู่ติดบึงชั้น 1 จมหายหมดแล้ว ส่วน ชั้น 2 อยู่ระดับครึ่งชั้น ขอให้ กทม เร่งระบายน้ำจากคลองแสนแ,https://storage.googleapis.com/traffy_public_bucket/attachment/2026-09/554a355e9b82cf7d13dfcf71f0a74c23.jpeg
2026-F92G94,finish,2026-09-29 16:45,2026-10-05 13:35,100.65269,13.75036,บางกะปิ,หัวหมาก,บ้านต่ำกว่าทุกๆหลังในซอย ครั้งนี้จึงท่วมก่อนคนอื่นๆค่ะ ครึ่งหน้าแข้งค่ะ ตั้งแต่วันที่25กย69ค่ะ,https://storage.googleapis.com/traffy_public_bucket/attachment/2026-09/922978170e242b5530bec78700ab4b99.jpeg
2026-PAVBGZ,finish,2026-09-29 16:45,2026-09-29 19:14,100.71252,13.78418,สะพานสูง,สะพานสูง,หมู่บ้านเคหะธานี 4 ซอยราษฎร์พัฒนา 5 เขตสะพานสูง น้ำท่วมเข้าวันที่ 5 แล้วค่ะ ในหมู่บ้านมีทั้งเด็กเล็ก และคนแก่ติดเตียง ตอนนี้มีแต่ชาวบ้านช่วยเหลือกันเอง วอนหน่วยงานเข้าช่วยเหลือด้วยนะคะ ความสูงระดับหน้าแข้ง น้ำท่วมมาแล้วน้อยกว่า 1 สัปดาห์,https://storage.googleapis.com/traffy_public_bucket/attachment/2026-09/11eeed9d74388d77a2d19d057ac623ad.jpeg
2026-3MDLJX,finish,2026-09-29 16:46,2026-09-30 22:18,100.55637,13.86265,หลักสี่,ทุ่งสองห้อง,ปัญหา: ภายในหมู่บ้านชินเขต ซอย 5 ก. เนื่องจากเกิดเหตุอุทกภัย จึงมีความประสงค์ขอรับความช่วยเหลือด้านอาหารและน้ำดื่ม ซอย: งามวงศ์วาน 47 ถนน: งามวงศ์วาน เขต: หลักสี่ #1555,https://storage.googleapis.com/traffy_public_bucket/attachment/2022-12/da2125e781282589d482070c3dba1726aa16a4a7.jpg
2026-L3EMR2,finish,2026-09-29 16:47,2026-10-05 10:40,100.48828,13.62945,ทุ่งครุ,ทุ่งครุ,บ้านน้ำท่วม น้ำส่วนใหญ่มาจากคลองสาธารณะตอนนี้น้ำในบ้านยังเหลือค่อนข้างมาก ขาดแคลนน้ำมันมาใช้วิดน้ำ ทางเขตทุ่งครุแจ้งว่าไม่สามารถช่วยเหลือเรื่องน้ำมันช่วยวิดน้ำได้คะ ความสูงระดับถ้าเข้าไปในบ้านประมานเอวคะ น้ำท่วมมาแล้วประมานสองวันคะ,https://storage.googleapis.com/traffy_public_bucket/attachment/2026-09/b54149bc000d1dcb63d4b9aff15e0300.jpeg
2026-DFH8Z9,inprogress,2026-09-29 16:51,2026-09-29 22:37,100.89359,13.88378,หนองจอก,หนองจอก,ฝนไม่ตกตั้งแต่เมื่อวานแต่ว่าระดับน้ำที่ท่วมอยู่เพิ่มสูงขึ้นอย่างมากจากเดิม ความสูงระดับเอว น้ำท่วมมาแล้วมากกว่า 1 สัปดาห์,https://storage.googleapis.com/traffy_public_bucket/attachment/2026-09/b2f32604653933ec2d070387d3315591.jpeg
2026-UAKJWA,finish,2026-09-29 16:51,2026-09-29 17:40,100.68068,13.70932,ประเวศ,ประเวศ,น้ำท่วมประตูไฟฟ้ามอเตอร์เสียพังใช้ไม่ได้ค่ะ อยากทราบว่าท่านจะรับผิดชอบยังไงคะ ความสูงระดับในหมู่บ้านประมาณ 80 cm ค่ะ น้ำท่วมมาแล้ว6 วันแล้วค่ะ,https://storage.googleapis.com/traffy_public_bucket/attachment/2026-09/8e018ccd82f31ab93a5dbd85ff62bd1e.jpeg
2026-YUALX7,inprogress,2026-09-29 16:51,2026-09-29 16:53,100.66328,13.723,ประเวศ,ประเวศ,สวัสดีครับ อยู่ในซอยพัฒนาการ 69 ติดมาวันที่สี่เกือบห้าแล้วครับ ไฟฟ้าและอาหารยังคงมีแต่ออกไปไหนทำงานไม่ได้เลยครับ รบกวนระบายน้ำใน ซอย 69 ด้วยได้ไหมครับเห็นว่าถนนใหญ่เริ่มแห้งกันเยอะแล้ว รอมาหลายวันแล้วครับ ไม่แน่ใจวันพุธพฤหัสน้ำจะพอรถให้รถเก๋งขับออกไปได้,https://storage.googleapis.com/traffy_public_bucket/attachment/2026-09/thumb_ec360429b7e2bdcec58a87641c2dba21.jpg
2026-TJNPX3,finish,2026-09-29 16:52,2026-09-29 21:09,100.54345,13.83145,จตุจักร,ลาดยาว,หากต้องการให้เจ้าหน้าที่เข้าไปช่วยระบายน้ำในบ้านพัก สามารถประสานงานหน่วยงานไหนได้บ้างคะ #ขอกระสอบทราย/อื่นๆ,https://storage.googleapis.com/traffy_public_bucket/attachment/2026-09/646cc366a81dd3dd38dd26e282d1e658.jpeg
2026-WKHFAL,inprogress,2026-09-29 16:52,2026-09-29 17:17,100.72712,13.81429,มีนบุรี,มีนบุรี,น้ำไม่ลดลงเลยค่ะ ลืมตลาดมีนบุรีรึป่าวค่ะ สัญจรกันลำบากค่ะ ความสูงระดับหน้าแข้ง น้ำท่วมมาแล้ว5 วันแล้วค่ะ,https://storage.googleapis.com/traffy_public_bucket/attachment/2026-09/8b593b2601a84f92c2e63865493bdc44.jpeg
2026-CYAEFH,forward,2026-09-29 16:57,2026-09-29 16:58,100.64975,13.76692,บางกะปิ,คลองจั่น,น้ำท่วมถึงระดับอก บริเวณตั้งแต่หน้าคลองจั่นเพลสไล่มาจนถึงร้านก๋วยเตี๋ยวเรือเจ๊แมว น้ำแทบจะไม่ลดเลยมา 4 วันแล้ว ตั้งแต่วันที่ 26 ก.ย. ไม่สามารถเดินทางออกไปไหนมาไหนได้ เนื่องจากฟุตบาทจมน้ำ ตอนนี้ชาวบ้านต้องพายเรือออกไปซื้อของกัน อยากให้เข้ามาช่วยแก้ไขหน่อยค,https://storage.googleapis.com/traffy_public_bucket/attachment/2026-09/c9e099babb4e45ce8f9490dc6a641e8f.jpeg
2026-KAKPDD,forward,2026-09-29 16:57,2026-10-05 16:49,100.68612,13.84575,คลองสามวา,บางชัน,น้ำท่วมขังตั้งแต่วันที่ 26 ก.ย.69 จนถึง เวลาปัจจุบัน ความสูงระดับเอว น้ำท่วมมาแล้ว5 วัน,https://storage.googleapis.com/traffy_public_bucket/attachment/2026-09/354254811f4e7a542156d43f5dc55e72.jpeg
2026-YHKWUN,inprogress,2026-09-29 17:02,2026-09-29 17:06,100.64792,13.72183,สวนหลวง,สวนหลวง,น้ำท่วมติดอยู่มาหลายวันแล้ว ช่วยหาทางจัดการหน่อยค่ะ ความสูงระดับ60-70 เช็นค่ะ น้ำท่วมมาแล้วตั้งแต่วันเสาร์แล้วค่ะ,https://storage.googleapis.com/traffy_public_bucket/attachment/2026-09/thumb_cb29c5021ff68da221fd0376002120d7.jpg
2026-YHKWUN,finish,2026-09-29 17:02,2026-10-09 11:28,100.64792,13.72183,สวนหลวง,สวนหลวง,น้ำท่วมติดอยู่มาหลายวันแล้ว ช่วยหาทางจัดการหน่อยค่ะ ความสูงระดับ60-70 เช็นค่ะ น้ำท่วมมาแล้วตั้งแต่วันเสาร์แล้วค่ะ,https://storage.googleapis.com/traffy_public_bucket/attachment/2026-09/thumb_cb29c5021ff68da221fd0376002120d7.jpg
2026-GBZMEP,inprogress,2026-09-29 17:03,2026-09-29 17:30,100.64166,13.78054,บางกะปิ,คลองจั่น,ต้องการอาหารกล่องสำหรับ 4 คน ที่บ้านเลขที่ 542/643 หมู่บ้านฉัตรแก้วครับ #ขอกระสอบทราย/อื่นๆ,https://storage.googleapis.com/traffy_public_bucket/attachment/2026-09/cec5e8a7b37498068b2663d445775255.jpeg
2026-GBZMEP,finish,2026-09-29 17:03,2026-10-09 12:34,100.64166,13.78054,บางกะปิ,คลองจั่น,ต้องการอาหารกล่องสำหรับ 4 คน ที่บ้านเลขที่ 542/643 หมู่บ้านฉัตรแก้วครับ #ขอกระสอบทราย/อื่นๆ,https://storage.googleapis.com/traffy_public_bucket/attachment/2026-09/cec5e8a7b37498068b2663d445775255.jpeg
2026-48V6ZP,inprogress,2026-09-29 17:05,2026-09-29 17:07,100.66939,13.86891,บางเขน,ท่าแร้ง,น้ำท่วม ซอยหลักลด แต่ซอยย่อย คู้บอน27 ไม่ลดเลยค่ะ น้ำเริ่มเน่ามีกลิ่นแล้ว ประมานเข่า ซอย48น้ำท่วมเยอะเลยค่ะ ความสูงระดับหัวเข่า น้ำท่วมมาแล้วตั้งแต่วันเสาร์ที่26ค่ะ,https://storage.googleapis.com/traffy_public_bucket/attachment/2026-09/61412e5502934b1a24b6c6bef4e19d45.jpeg
2026-LXYT2W,inprogress,2026-09-29 17:05,2026-09-29 17:18,100.71847,13.78574,มีนบุรี,มีนบุรี,ซ.รามคำแหง174 น้ำท่วมนิ่งภายในซอย แต่ถนนหลักแห้ง ต้องการเครื่องสูบน้ำทิ้งจากในซอยครับ ความสูงระดับ 30ซมครับ น้ำท่วมมาแล้วเริ่มตั้งแต่วันที่ 26 ครับ,https://storage.googleapis.com/traffy_public_bucket/attachment/2026-09/98d6e1d185d878c30f2a5b435e2ffe84.jpeg
2026-89K9GV,start,2026-09-29 17:06,2026-09-29 17:06,100.71732,13.76631,ลาดกระบัง,คลองสองต้นนุ่น,น้ำท่วมบ้านยาย ทางเข้าบ้านเกือบเอวยายจ้า ประมาณ5วันแล้วจ้า,https://storage.googleapis.com/traffy_public_bucket/attachment/2026-09/47d7d2eec348c2deee8d75473e37f560.jpeg
2026-L6T4LT,inprogress,2026-09-29 17:06,2026-09-29 18:55,100.69707,13.74436,สะพานสูง,สะพานสูง,น้ำท่วมมา4วันแล้วค่ะ ยังไม่ลด น้ำเริ่มเน่าแล้วค่ะ แก้ปัญหาหน่อยค่ะ ทุกคนไม่ได้ต้องการอาหารน้ำยา เท่ากับอยากให้ช่วยบริหารจัดการน่ำให้ลดระดับลงบ้าง ไม่ต้องแห้งสนิทแค่ขอให้ทุกคนเข้าบ้านไปทำความสะอาดได้จนย้ายของจำเป็นออกมาได้บ้าง คุณแก้ปัญหาแต่เส้นทางเศรฐกิจ ,https://storage.googleapis.com/traffy_public_bucket/attachment/2026-09/f5baa8be34917fa91d5a5537c4353ace.jpeg
2026-ETUGEJ,inprogress,2026-09-29 17:07,2026-09-29 18:32,100.65518,13.77721,บึงกุ่ม,คลองกุ่ม,ปัญหา: ภายในซอยแยกดังกล่าว บ้านเลขที่ 85/218 เนื่องจากเหตุอุทกภัย ต้องการความช่วยเหลือขอรับเครื่องอุปโภคบริโภค จำนวน 12 ชุด บ้านเลขที่: 85/218 ซอย: เสรีไทย 9 แยก 2-3 ถนน: เสรีไทย เขต: บึงกุ่ม #1555,https://storage.googleapis.com/traffy_public_bucket/attachment/2022-12/da2125e781282589d482070c3dba1726aa16a4a7.jpg
2026-ETUGEJ,finish,2026-09-29 17:07,2026-10-09 13:17,100.65518,13.77721,บึงกุ่ม,คลองกุ่ม,ปัญหา: ภายในซอยแยกดังกล่าว บ้านเลขที่ 85/218 เนื่องจากเหตุอุทกภัย ต้องการความช่วยเหลือขอรับเครื่องอุปโภคบริโภค จำนวน 12 ชุด บ้านเลขที่: 85/218 ซอย: เสรีไทย 9 แยก 2-3 ถนน: เสรีไทย เขต: บึงกุ่ม #1555,https://storage.googleapis.com/traffy_public_bucket/attachment/2022-12/da2125e781282589d482070c3dba1726aa16a4a7.jpg
2026-R9K62E,inprogress,2026-09-29 17:07,2026-09-29 19:05,100.69006,13.6892,ประเวศ,ดอกไม้,น้ำท่วมในซอยเฉลิมพระเกียรติร.9ซอย48แยก19 น้ำยังไม่ลดลงสักนิดเลยคับตอนนี้ออกไปไหนไม่ได้เลย ความสูงระดับหัวเข่าคับ น้ำท่วมมาแล้ว5วันแล้วคับ,https://storage.googleapis.com/traffy_public_bucket/attachment/2026-09/thumb_5f18e37b01035a05d1d340d69105bccd.jpg
2026-VMZ4T2,inprogress,2026-09-29 17:08,2026-09-29 22:37,100.80562,13.79992,หนองจอก,ลำผักชี,หมู่บ้านฟลอร่าวิลล์ ซอยสุวินทวงศ์38 ถนนสุวินทวงศ์ ตอนนี้ในหมู่บ้านน้ำท่วมสูง รถออกจากบ้านไม่ได้ ตอนนี้มีแค่รถทหารและรถสำนักงานเขตมาให้บริการ สถานการณ์น้ำในหมู่บ้าน 29/9/69 + หน้ากองทุนฯ น้ำลึกประมาณ 60 cm + วงเวียนตลาดนัด ประมาณ 55-60cm + หน้าตลาดเช้า ปร,https://storage.googleapis.com/traffy_public_bucket/attachment/2026-09/32da4d7b3acf96096afa502b06b63832.jpeg
2026-WTF32G,inprogress,2026-09-29 17:08,2026-09-29 17:12,100.64985,13.77809,บางกะปิ,คลองจั่น,ปัญหา: ภายในซอยดังกล่าว บ้านเลขที่ 10/48 เนื่องจากเหตุอุทกภัย ต้องการความช่วยเหลือขอรับเครื่องอุปโภคบริโภค ซอย: ศรีบูรพา 12 ถนน: ศรีบูรพา เขต: บางกะปิ #1555,https://storage.googleapis.com/traffy_public_bucket/attachment/2022-12/da2125e781282589d482070c3dba1726aa16a4a7.jpg
2026-WTF32G,finish,2026-09-29 17:08,2026-10-09 12:34,100.64985,13.77809,บางกะปิ,คลองจั่น,ปัญหา: ภายในซอยดังกล่าว บ้านเลขที่ 10/48 เนื่องจากเหตุอุทกภัย ต้องการความช่วยเหลือขอรับเครื่องอุปโภคบริโภค ซอย: ศรีบูรพา 12 ถนน: ศรีบูรพา เขต: บางกะปิ #1555,https://storage.googleapis.com/traffy_public_bucket/attachment/2022-12/da2125e781282589d482070c3dba1726aa16a4a7.jpg
2026-D2C89G,inprogress,2026-09-29 17:12,2026-09-30 09:19,100.71627,13.82325,มีนบุรี,มีนบุรี,น้ำท่วมขังมาแล้ว 5 นับตั้งแต่ 25 กันยายน 2569 ค่ะ ความสูงระดับหน้าแข้ง น้ำท่วมมาแล้วน้อยกว่า 1 สัปดาห์,https://storage.googleapis.com/traffy_public_bucket/attachment/2026-09/6f9dfab6105db175b637eea125f489ec.jpeg
2026-VLGXJU,start,2026-09-29 17:12,2026-09-29 17:12,100.72,13.72179,ลาดกระบัง,ลาดกระบัง,ปัญหา: ภายในซอยดังกล่าว บริเวณอพาร์ตเมนต์ เนื่องจากเกิดเหตุอุทกภัย จึงมีความประสงค์ขอรับความช่วยเหลือด้านอาหารและน้ำดื่ม ซอย: ลาดกระบัง 20 ถนน: ลาดกระบัง เขต: ลาดกระบัง #1555,https://storage.googleapis.com/traffy_public_bucket/attachment/2022-12/da2125e781282589d482070c3dba1726aa16a4a7.jpg
2026-DMVU4T,inprogress,2026-09-29 17:16,2026-09-29 17:19,100.63547,13.72568,สวนหลวง,สวนหลวง,ถนนใหญ่หน้าบ้านน้ำเริ่มลดเยอะแล้ว แต่ในซอยหมู่บ้านทั้งหมดท่วมหนักไม่ลดเลยมา 5 วันแล้วค่ะ หมู่บ้านนาราสิริ พัฒนาการ-ศรีนครินทร์ ในหมู่บ้านระดับต่ำกว่าพื้นถนนข้างนอก คิดว่าต้องใช้เครื่องสูบน้ำช่วย แต่ที่หมู่บ้านเหมือนจะมีแค่ 2 เครื่องเล็ก ระดับน้ำเลยไม่ลดล,https://storage.googleapis.com/traffy_public_bucket/attachment/2026-09/92114f6cdbaa418aa432f2b6cbed48ea.jpeg
2026-FPJZKT,forward,2026-09-29 17:17,2026-09-29 17:23,100.65496,13.77969,บึงกุ่ม,คลองกุ่ม,น้ำท่วมในบ้านสูง ช่วยระบายน้ำด้วยนะคะ ความสูงระดับหัวเข่า น้ำท่วมมาแล้วมากกว่า 1 สัปดาห์,https://storage.googleapis.com/traffy_public_bucket/attachment/2026-09/42f43b61e643f0526a6ceb9c8b614ff1.jpeg
2026-HYYHL2,finish,2026-09-29 17:17,2026-09-29 18:06,100.64867,13.76729,บางกะปิ,คลองจั่น,"รบกวนเข้าไปช่วยเหลือ ชาวบ้านในซอยเสรีไทย 1 หน่อยค่ะ (ถัดจากแฟลตคลองจั่น ประมาณสองซอย) ตอนนี้ยังไม่มีหน่วยงานไหนเข้าไป ทุกคนคลาดแคลนอาหารค่ะ, ระดับน้ำ เท่าเอว ออกไปซื้อกับข้าว ลำบากมาก ความสูงระดับเอว น้ำท่วมมาแล้วน้อยกว่า 1 สัปดาห์",https://storage.googleapis.com/traffy_public_bucket/attachment/2026-09/cf4250e1827f14c84921fc978b22015a.jpeg
2026-NK746M,forward,2026-09-29 17:18,2026-09-29 17:46,100.63499,13.76861,บางกะปิ,คลองจั่น,เนื่องจากเกิดเหตุการณ์น้ำท่วมขังภายซ.ลาดพร้าว 132(วัดกลาง) ถ.ลาดพร้าว แขวงคลองจั่น เขตบางกะปิ กทม.10240 ระดับน้ำสูงถึงหัวเข่า มีน้ำสีดำและมีกลิ่นเหม็นเน่า ขอรับการสนับสนุนถุงทรายจำนวน 30 ถุง เพื่อกั้นประตู และเครื่องไดโว่สำหรับสูบน้ำระบายออกจากตัวบ้าน ควา,https://storage.googleapis.com/traffy_public_bucket/attachment/2026-09/b4c1091d4c0435d123a911945326d775.jpeg
2026-ZKDXUB,inprogress,2026-09-29 17:20,2026-09-30 10:34,100.72326,13.78891,มีนบุรี,มีนบุรี,ซอยรามคำแหง 174 ต้องการเครื่องสูบน้ำตัวใหญ่ โดยด่วน !! น้ำท่วมตั้งแต่วันศุกร์แล้ว น้ำสูง 30-50 เซน ในนี้มีทั้งหมดประมาณ 12 หมู่บ้าน ไร้การช่วยเหลือ ความสูงระดับ30-50 เซน น้ำท่วมมาแล้ว5วัน,https://storage.googleapis.com/traffy_public_bucket/attachment/2026-09/thumb_74785a834e29a59d150c22a9e20e5d35.jpg
2026-ZLP3BV,finish,2026-09-29 17:20,2026-10-01 22:47,100.56069,13.76174,ดินแดง,ดินแดง,ต้องการกระสอบทรายเพื่อป้องกันน้ำท่วมเพิ่มเติม ความสูงระดับ17 นิ้ว น้ำท่วมมาแล้ว4 วัน,https://storage.googleapis.com/traffy_public_bucket/attachment/2026-09/255e50c99a7aeabb5f9e70ef058b3d50.jpeg
2026-V4WTH8,inprogress,2026-09-29 17:21,2026-09-30 12:09,100.62654,13.86658,บางเขน,อนุสาวรีย์,น้ำท่วมขังในซอยรามอินทรา39แยก11 ตั้งแต่วันที่25 ก.ย. ไม่มีที่ระบาย ต้องการคนมาสูบน้ำออกค่ะ ความสูงระดับเกินเข่าคนสูง160ซม.ค่ะ น้ำท่วมมาแล้วตั้งแต่วันที่25ก.ย.ค่ะ,https://storage.googleapis.com/traffy_public_bucket/attachment/2026-09/a9a78add73beebc1fc054786bf2c7c8f.jpeg
2026-V4WTH8,finish,2026-09-29 17:21,2026-10-09 18:32,100.62654,13.86658,บางเขน,อนุสาวรีย์,น้ำท่วมขังในซอยรามอินทรา39แยก11 ตั้งแต่วันที่25 ก.ย. ไม่มีที่ระบาย ต้องการคนมาสูบน้ำออกค่ะ ความสูงระดับเกินเข่าคนสูง160ซม.ค่ะ น้ำท่วมมาแล้วตั้งแต่วันที่25ก.ย.ค่ะ,https://storage.googleapis.com/traffy_public_bucket/attachment/2026-09/a9a78add73beebc1fc054786bf2c7c8f.jpeg
2026-4YVPKW,inprogress,2026-09-29 17:22,2026-09-30 09:21,100.58179,13.92326,ดอนเมือง,ดอนเมือง,น้ำขังในหมู่บ้าน ความสูงระดับข้อเท้า น้ำท่วมมาแล้วน้อยกว่า 1 สัปดาห์,https://storage.googleapis.com/traffy_public_bucket/attachment/2026-09/2b815ddaf1a769ce3e964c13b24db22c.jpeg
2026-ZN36PX,inprogress,2026-09-29 17:25,2026-09-29 22:37,100.85247,13.80349,หนองจอก,ลำผักชี,ซอยสุวินทวงศ์76 น้ำท่วมขังมาตั้งแต่วันที่ 25 sep แล้ว ตอนนี้ระดับน้ำสูงขึ้นเรื่อยๆ ปัจจุบัน 30 sep ระดับน้ำเท่าเข่าแล้ว ยังไม่เคยได้รับการเยียวยาจากภาครัฐเลย ความสูงระดับหัวเข่า น้ำท่วมมาแล้วน้อยกว่า 1 สัปดาห์,https://storage.googleapis.com/traffy_public_bucket/attachment/2026-09/9d6439820c6e14c3ee5652912c02ca84.jpeg
2026-BMMGJJ,inprogress,2026-09-29 17:27,2026-09-29 22:37,100.80619,13.79927,หนองจอก,ลำผักชี,ที่หมู่บ้านน้ำท่วมสูง 50-80เซน น้ำเพิ่มขึ้นเรื่อยๆถึงแม้ว่าฝนจะไม่ตกเป็นน้ำที่ปล่อยมาจากที่อื่นแล้วกระทบต่อระดับน้ำแล้วตอนนี้หมู่บ้านพยายามที่จะสร้างคันดินและปั๊มน้ำออกแต่กำลังไม่พอ ต้องการให้เข้ามาดูช่วยหาวิธีระบายน้ำออกไปจากหมู่บ้านเพราะว่ามีผู้พักอาศัย,https://storage.googleapis.com/traffy_public_bucket/attachment/2026-09/54b41e94456ba314c451fe0b89769fe4.jpeg
2026-8BLD62,inprogress,2026-09-29 17:28,2026-09-30 08:45,100.6075,13.94187,ดอนเมือง,สีกัน,หน้าหมู่บ้านแกรนคาแนล ดอนเมือง น้ำท่วมขัง รถเล็กไม่สามารถผ่านได้ ต้องได้รับการสูบน้ำออก เป็นเส้นสำคัญ ที่จะเข้าสู่ถนนวิภาวดี เพื่อกลับรถขาเข้า ไปกรุงเทพ ความสูงระดับสูงกว่าเอว น้ำท่วมมาแล้วน้อยกว่า 1 สัปดาห์,https://storage.googleapis.com/traffy_public_bucket/attachment/2026-09/7cad2bffdcb5dc859fa00c13b5251fcd.jpeg
2026-NCB6YB,start,2026-09-29 17:28,2026-09-29 17:28,100.85439,13.70144,ลาดกระบัง,ขุมทอง,ปัญหา: ภายในซอยแยกย่อยดังกล่าว บริเวณบ้านเลขที่ 52/2 เนื่องจากเกิดเหตุอุทกภัย จึงมีความประสงค์ขอรับความช่วยเหลือด้านอาหารและน้ำดื่ม ซอย: แก้วเจริญ แยก 1 - 2 ถนน: ขุมทอง-ลำต้อยติ่ง 2 เขต: ลาดกระบัง #1555,https://storage.googleapis.com/traffy_public_bucket/attachment/2022-12/da2125e781282589d482070c3dba1726aa16a4a7.jpg
2026-ME4TEU,finish,2026-09-29 17:29,2026-09-30 07:28,100.64962,13.75457,บางกะปิ,หัวหมาก,ปัญหา: ภายในหมู่บ้าสวนสน บ้านเลขที่ 18 และ 22 เนื่องจากเหตุอุทกภัย ต้องการความช่วยเหลือขอรับเครื่องอุปโภคบริโภค ประมาณ 4–5 ท่าน บ้านเลขที่: 18 และ 22 หมู่บ้าน: สวนสน ซอย: รามคำแหง 60 แยก 10 ถนน: รามคำแหง เขต: บางกะปิ #1555,https://storage.googleapis.com/traffy_public_bucket/attachment/2022-12/da2125e781282589d482070c3dba1726aa16a4a7.jpg
2026-MLZR8N,finish,2026-09-29 17:29,2026-10-01 11:54,100.65056,13.76812,บางกะปิ,คลองจั่น,ปัญหา: ภายในแฟลตคลองจั่น เนื่องจากเหตุอุทกภัย ขาดแคลนอาหารและน้ำดื่มเป็นจำนวนมาก ขอให้หน่วยงานที่เกี่ยวข้องเร่งดำเนินการช่วยเหลือและแจกจ่ายเครื่องอุปโภคบริโภคโดยด่วน ถนน: เสรีไทย เขต: บางกะปิ #1555,https://storage.googleapis.com/traffy_public_bucket/attachment/2022-12/da2125e781282589d482070c3dba1726aa16a4a7.jpg
2026-RXRHT2,forward,2026-09-29 17:31,2026-09-29 22:27,100.83114,13.79616,หนองจอก,ลำผักชี,เส้นถนนฉลองกรุง ช่วงสะพานลำปลาเน่า ถึงสะพานข้ามแยกลำผักชี น้ำท่วมขังสูง รถเล็ก และมอเตอร์ไซค์เดินทางลำบาก เลยฟุตบาททางเดินเท้า 4 วัน,https://storage.googleapis.com/traffy_public_bucket/attachment/2026-09/5fa5c54b90174bb7e8c2c7bb30cd5169.jpeg
2026-JF3G6Z,forward,2026-09-29 17:32,2026-10-05 16:48,100.69652,13.82469,คลองสามวา,บางชัน,น้ำท่วมระดับน้ำอยู่ระดับครึ่งขา ความสูงระดับหน้าแข้ง น้ำท่วมมาแล้วน้อยกว่า 1 สัปดาห์,https://storage.googleapis.com/traffy_public_bucket/attachment/2026-09/84b07ed7a254ecf5a65b61c8b51b7e6f.jpeg
2026-VPC3CP,forward,2026-09-29 17:32,2026-09-29 17:58,100.63496,13.74714,สวนหลวง,สวนหลวง,ฝากดูน้ำขังสูงในซอย หัวหมาก 21/ พระรามเก้า 57 ด้วยค่ะ รถยนต์ปกติ ยังสัญจรไม่ได้ ความสูงระดับหัวเข่า 5 วัน,https://storage.googleapis.com/traffy_public_bucket/attachment/2026-09/09884a384828edf89ac9eec0c5e60a59.jpeg
2026-8G8HM2,inprogress,2026-09-29 17:34,2026-09-30 10:34,100.7228,13.78108,มีนบุรี,มีนบุรี,ช่วยมาสูบน้ำในซอยรามคำแหง174 ตรงหมู่บ้านบัวขาวข้างใน แถวๆซอยบัวขาว 39 ด้วย น้ำนิ่ง เริ่มมียุงและส่งกลิ่นเหม็นแล้วครับ ความสูงระดับหัวเข่า ตั้งแต่วันที่ 26 กย,https://storage.googleapis.com/traffy_public_bucket/attachment/2026-09/b24951d693bb66ab3d9ea40449430772.jpeg
2026-6YZTEJ,finish,2026-09-29 17:35,2026-09-30 11:03,100.88025,13.76206,หนองจอก,ลำต้อยติ่ง,น้ำท่วมขัง ไม่สามารถออกไปหาอาหารได้เพราะน้ำสูงมาก และน้ำปะปาไม่ไหลมา 4 วันแล้ว อาศัยรองน้ำฝนอาบใช้ดื่ม ตอนนี้น้ำฝนที่รองไว้ก็หมดแล้ว ที่บ้านมีเด็กเล็ก 2 คน กระสอบทรายก็ไม่ได้รับเพราะออกไปไม่ได้รถไม่สามารถวิ่งผ่านได้น้ำสูงมาก ตอนนี้อยากได้อาหารน้ำดื่มและยา,https://storage.googleapis.com/traffy_public_bucket/attachment/2026-09/d8048d77816b29e30f7455ec81debbb4.jpeg
2026-8982YM,forward,2026-09-29 17:37,2026-09-29 19:12,100.64588,13.90215,สายไหม,สายไหม,น้ำเน่าน้ำท่วม น้ำไม่ระบาย ความสูงระดับ20cm น้ำท่วมมาแล้วสามวัน,https://storage.googleapis.com/traffy_public_bucket/attachment/2026-09/f176c8fa0b48223100d2347f93a95cf7.jpeg
2026-DBJAHK,finish,2026-09-29 17:37,2026-10-01 15:41,100.60118,13.83248,ลาดพร้าว,จรเข้บัว,ข้าพเจ้ามีที่ดินติดกับของมหาสวัสดิ์ซึ่งมีเขื่อนกั้นน้ำอยู่และมี เครื่องสูบน้ำอยู่หน้าที่ของข้าแต่ปัจจุบันปั๊มน้ำดังกล่าวได้ปั๊มน้ำได้ช้ามากทำให้น้ำล้นไปสู่ที่ดินข้างเคียงจึงขอให้ท่านได้ตรวจสอบและแก้ไขให้โดยด่วนจะเป็นพระคุณอย่างยิ่ง เจ้าของที่ดินข้างเคียงไ,https://storage.googleapis.com/traffy_public_bucket/attachment/2026-09/ec9f3bfd1cdd0eaf8935d2eec1244215.jpeg
2026-HTYZJN,start,2026-09-29 17:37,2026-09-29 17:37,100.78309,13.71836,ลาดกระบัง,ลาดกระบัง,ปัญหา: เข้าซอย ลาดกระบัง 52 แยก 10 ไปประมาณ 800 เมตร บ้านเลขที่ 382 1/2 เนื่องจากเกิดเหตุอุทกภัย จึงมีความประสงค์ขอรับความช่วยเหลือด้านอาหารและน้ำดื่ม ถนน: หลวงแพ่ง เขต: ลาดกระบัง #1555,https://storage.googleapis.com/traffy_public_bucket/attachment/2022-12/da2125e781282589d482070c3dba1726aa16a4a7.jpg
2026-9YYYME,start,2026-09-29 17:40,2026-09-29 17:40,100.7591,13.76257,ลาดกระบัง,คลองสามประเวศ,น้ำท่วมขังใน ซอย แฮปปี้เพลส 13 ตั้งแต่วันที่ 25 ก.ย. ถึงปัจจุบัน ระดับน้ำไม่ลดลง และมีแนวโน้มเพิ่มขึ้น เดือดร้อนการเดินทางเข้า-ออก มากครับ ความสูงระดับหัวเข่า น้ำท่วมมาแล้วน้อยกว่า 1 สัปดาห์,https://storage.googleapis.com/traffy_public_bucket/attachment/2026-09/8dcc05dde6b09b84ac26b4432ab0524c.jpeg
2026-XA88ZJ,inprogress,2026-09-29 17:40,2026-09-29 20:45,100.8066,13.80762,มีนบุรี,แสนแสบ,เจริญพร ท่านชัชชาติ สิทธิพันธุ์ ผู้ว่าราชการกรุงเทพมหานคร อาตมา*** พระวัดใหม่ลำนกแขวกเป็นตัวแทนพระภิกษุ-สามเณร และชาวบ้านชุมชนหลังวัดใหม่ลำนกแขวก เนื่องจากภายในวัดใหม่นกแขวกน้ำท่วมขังเริ่มเน่า (เรื่องกลิ่นไม่ขอบรรยายเพราะพึ่งเริ่มเน่าครับ) ไม่ได้ต้องการแ,https://storage.googleapis.com/traffy_public_bucket/attachment/2026-09/6db88dedf565936e14964de7c09a07ed.jpeg
2026-ZC6JC8,inprogress,2026-09-29 17:40,2026-09-30 10:33,100.70573,13.81594,มีนบุรี,มีนบุรี,ซอยรามอินทรา 117 แยก 2 แยก 6 น้ำยังไม่ลดเลยค่ะ ไม่มีรถเข้าถึง เดินทางไปทำงานต้องลุยน้ำออกไป รถขับสวนน้ำกระเด็นใส่ทั้งตัว อยากให้มีเครื่องสูบน้ำเข้ามาช่วยเหลือค่ะ ความสูงระดับหัวเข่า น้ำท่วมมาแล้วน้อยกว่า 1 สัปดาห์,https://storage.googleapis.com/traffy_public_bucket/attachment/2026-09/thumb_da5e490f3e972b72e11ded18344a72f8.jpg
2026-TVMPBD,start,2026-09-29 17:42,2026-09-29 17:42,100.79473,13.74977,ลาดกระบัง,ลำปลาทิว,ปัญหา: ภายในซอยแยกดังกล่าว ผู้ร้องประสงค์ให้เจ้าหน้าที่ดำเนินการจัดเก็บกระสอบทรายออกจากพื้นที่ (ผู้ร้องชื่อ เบล) ซอย: ฉลองกรุง 22 แยก 1 ถนน: ฉลองกรุง เขต: ลาดกระบัง #1555,https://storage.googleapis.com/traffy_public_bucket/attachment/2022-12/da2125e781282589d482070c3dba1726aa16a4a7.jpg
2026-THV32Z,inprogress,2026-09-29 17:43,2026-09-29 22:36,100.84551,13.82371,หนองจอก,โคกแฝด,น้ำท่วมขังค่ะเริ่มเน่าและส่งกลิ่น ในส่วนตรงนี้มันเป็นคลองขุดเดิมค่ะถ้าลงน่าจะเอวได้ค่ะ เขารับน้ำไว้ 5 วันแล้วค่ะ ตอนนี้เริ่มไหลเข้าบ้านตรงข้ามแล้วค่ะ,https://storage.googleapis.com/traffy_public_bucket/attachment/2026-09/2dc10848297c09b7f836c379daa6207b.jpeg
2026-CRBVLY,inprogress,2026-09-29 17:44,2026-09-29 19:05,100.66826,13.77066,สะพานสูง,สะพานสูง,น้ำท่วมเข้าบ้านชั้น 1 ความสูงระดับข้อเท้า น้ำท่วมมาแล้วน้อยกว่า 1 สัปดาห์,https://storage.googleapis.com/traffy_public_bucket/attachment/2026-09/27dca9d54948bebac3a3ff3650af54a3.jpeg
2026-X3P23U,finish,2026-09-29 17:44,2026-10-05 16:31,100.60709,13.88985,บางเขน,อนุสาวรีย์,เอฟรีโเอพพิโซด คอนโด น้ํา ยังคงท่วมท่วมขังไม่สามารถใช้ชีวิตปกติได้ #ขอกระสอบทราย/อื่นๆ,https://storage.googleapis.com/traffy_public_bucket/attachment/2026-09/de5cbb0e9b35d699b31e7efb63a3ea1a.jpeg
2026-79T2LN,forward,2026-09-29 17:48,2026-09-30 07:28,100.50614,13.76712,พระนคร,บางขุนพรหม,กทม.สร้างทางลอดใต้สะพานเสร็จ แต่ใช้ไม่ได้ น้ำท่วมขังครับ ความสูงระดับ15 cm. น้ำท่วมมาแล้วน่าจะเป็นอาทิตย์แล้ว,https://storage.googleapis.com/traffy_public_bucket/attachment/2026-09/e4a5e07104bed683cfba0a614edcaa0e.jpeg
2026-U98YL6,start,2026-09-29 17:48,2026-09-29 17:48,100.78327,13.72004,ลาดกระบัง,ลาดกระบัง,น้ำท่วมลาดกระบัง 52 หนักมาก คนรับผิดชอบคือใคร ความสูงระดับหัวเข่า น้ำท่วมมาแล้วน้อยกว่า 1 สัปดาห์,https://storage.googleapis.com/traffy_public_bucket/attachment/2026-09/dbf32cfcbaac027d942d70a88b39ffec.jpeg
2026-LDYKLY,start,2026-09-29 17:51,2026-09-29 17:51,100.78314,13.72004,ลาดกระบัง,ลาดกระบัง,ต้องการนำคนสูงอายุออกจากบ้าน #ผู้ป่วยฉุกเฉิน,https://storage.googleapis.com/traffy_public_bucket/attachment/2026-09/852774ba7f4faffb94513a4b9c0f87e1.jpeg
2026-M7YPL4,inprogress,2026-09-29 17:53,2026-09-29 22:33,100.80867,13.85304,หนองจอก,โคกแฝด,ปัญหาน้ำท่วมขังระดับสูงด้านนอกบ้าน(ถึงต้นขาเกือบถึงเอว) จนน้ำทะลักเข้ามาในบ้าน ระดับเกือบถึงหัวเข่า ทำให้เกิดน้ำขังในบริเวณตัวบ้านและรอบบ้าน รวมถึงในบ้านจะมีผู้สูงอายุ 2 คน สูงอายุมีโรคประจำตัวที่มีความเสี่ยง ทั้งความดัน หัวใจ เบาหวาน ต้องย่ำน้ำอยู่ในบ้าน,https://storage.googleapis.com/traffy_public_bucket/attachment/2026-09/235323e7065cf4122a4811dea8e35034.jpeg
2026-43R3XD,inprogress,2026-09-29 17:54,2026-09-29 19:07,100.69515,13.77486,สะพานสูง,สะพานสูง,น้ำท่วมในโครงการ เนเชอรัลซิตี้เลกาซี หลายวัน เนื่องด้วยท้ายโครงการติดคลอง ความสูงระดับต้นขา น้ำท่วมมาแล้วตั้งแต่วันศุกร์ที่ 25/9/69,https://storage.googleapis.com/traffy_public_bucket/attachment/2026-09/68d5ec759d88d82f966187df79b665bd.jpeg
2026-Z6HYBD,finish,2026-09-29 17:54,2026-09-30 10:58,100.70923,13.70295,ประเวศ,ประเวศ,ปัญหา: บริเวณภายในชุมชนอ่อนนุช 40 ไร่ และชุมชนอ่อนนุช 19 ไร่ เนื่องจากเกิดเหตุอุทกภัย ประชาชนได้รับความเดือดร้อนและต้องการความช่วยเหลือด้านเครื่องอุปโภคบริโภค จึงขอให้หน่วยงานที่เกี่ยวข้องดำเนินการให้ความช่วยเหลือ ซอย: สุขาภิบาล 2 ที่ 15 แยก 2 ถนน: สุขาภิ,https://storage.googleapis.com/traffy_public_bucket/attachment/2022-12/da2125e781282589d482070c3dba1726aa16a4a7.jpg
2026-2NP63T,start,2026-09-29 17:56,2026-09-29 17:56,100.74123,13.73085,ลาดกระบัง,คลองสามประเวศ,น้ำท่วมขังบริเวณถนนร่มเกล้า 1 สูง 36 เซ็นติเมตร เป็นเวลา 4 วันแล้ว รถเล็กไม่สามารถวิ่งสัญจรเข้า-ออก หมู่บ้านได้ ประชาชนในบริเวณดังกล่าวได้รับความเดือดร้อน ต้องการให้ทางสำนักงานเขตลาดกระบังเร่งสูบน้ำบริเวณถนนร่มเกล้า 1 ออกโดยด่วน ขอบคุณค่ะ ความสูงระดับหัวเ,https://storage.googleapis.com/traffy_public_bucket/attachment/2026-09/aa25b15d413227c02893b90a600a2297.jpeg
2026-FCKAKM,inprogress,2026-09-29 17:56,2026-09-30 11:58,100.64415,13.77321,บางกะปิ,คลองจั่น,ปัญหาน้ำท่วมในซอยนวมินทร์ 1 อีกด้านเป็นซอยลาดพร้าว 121 ไม่มีเจ้าหน้าที่ลงมาช่วยเหลือเลย ป ความสูงระดับตั้งแต่ท่วมมา คุณไม่เคยเข้ามาดูแลประชาชนเลย ซอยนวมินทร์ 1 น้ำท่วมมาแล้ว4 วัน,https://storage.googleapis.com/traffy_public_bucket/attachment/2026-09/2dc66ba378f44a1840a42d433a70dcf8.jpeg
2026-FCKAKM,finish,2026-09-29 17:56,2026-10-09 12:46,100.64415,13.77321,บางกะปิ,คลองจั่น,ปัญหาน้ำท่วมในซอยนวมินทร์ 1 อีกด้านเป็นซอยลาดพร้าว 121 ไม่มีเจ้าหน้าที่ลงมาช่วยเหลือเลย ป ความสูงระดับตั้งแต่ท่วมมา คุณไม่เคยเข้ามาดูแลประชาชนเลย ซอยนวมินทร์ 1 น้ำท่วมมาแล้ว4 วัน,https://storage.googleapis.com/traffy_public_bucket/attachment/2026-09/2dc66ba378f44a1840a42d433a70dcf8.jpeg
2026-8DUE7H,inprogress,2026-09-29 17:58,2026-09-29 19:10,100.68402,13.69392,ประเวศ,ดอกไม้,น้ำยังท่วมสูงอยู่มากๆค่ะ ประมาณเข่า ที่ซอยเฉลิมพระเกียรติ48 ทั้งซอยค่ะ น้ำจะลดวันไหนคะ ท่วมมาตั้งแต่วันศุกร์ค่ะ สัญจรไม่ได้ค่ะ ความสูงระดับหัวเข่า น้ำท่วมมาแล้วน้อยกว่า 1 สัปดาห์,https://storage.googleapis.com/traffy_public_bucket/attachment/2026-09/9fa86a8a37ef5c96ebe43b2ba11f76bb.jpeg
2026-26JR9H,inprogress,2026-09-29 17:59,2026-09-29 19:08,100.68662,13.75351,สะพานสูง,สะพานสูง,น้ำท่วมมา 4วันยังไม่เห็นมีหน่วยงานไหนเข้ามาดูเลยแต่ตอนหาเสียงเข้ามายันในบ้าน ความสูงระดับหน้าแข้ง 4วันแล้วค่ะ,https://storage.googleapis.com/traffy_public_bucket/attachment/2026-09/f9a610e7ef8d59a3e47f0a64fe072822.jpeg
2026-3CR9CC,finish,2026-09-29 18:00,2026-09-30 22:37,100.68135,13.80784,คันนายาว,คันนายาว,ปัญหา: ภายในหมู่บ้านเศรษฐสิริ เสรีไทย บ้านเลขที่ 99/121 ได้รับผลกระทบจากอุทกภัย มีความประสงค์ขอรับความช่วยเหลือด้านสิ่งของเครื่องอุปโภคบริโภค อาหาร และน้ำดื่ม สำหรับผู้อยู่อาศัย จำนวน 3 ราย และสุนัข จำนวน 1 ตัว บ้านเลขที่: 99/121 หมู่บ้าน: เศรษฐสิริ เสรี,https://storage.googleapis.com/traffy_public_bucket/attachment/2022-12/da2125e781282589d482070c3dba1726aa16a4a7.jpg
2026-KNHZX4,inprogress,2026-09-29 18:01,2026-09-29 18:31,100.64879,13.78631,บึงกุ่ม,นวมินทร์,ปัญหา: ภายในซอยดังกล่าว บ้านเลขที่ 105/444 เนื่องจากเหตุอุทกภัย ต้องการความช่วยเหลือขอรับเครื่องอุปโภคบริโภค อาหารและเสบียง จำนวน 2 ท่าน ผู้สูงอายุ 1 ท่าน บุตรสาว 1 ท่าน บ้านเลขที่: 105/444 ซอย: นวมินทร์ 57 ถนน: นวมินทร์ เขต: บึงกุ่ม #1555,https://storage.googleapis.com/traffy_public_bucket/attachment/2022-12/da2125e781282589d482070c3dba1726aa16a4a7.jpg
2026-KNHZX4,finish,2026-09-29 18:01,2026-10-09 13:16,100.64879,13.78631,บึงกุ่ม,นวมินทร์,ปัญหา: ภายในซอยดังกล่าว บ้านเลขที่ 105/444 เนื่องจากเหตุอุทกภัย ต้องการความช่วยเหลือขอรับเครื่องอุปโภคบริโภค อาหารและเสบียง จำนวน 2 ท่าน ผู้สูงอายุ 1 ท่าน บุตรสาว 1 ท่าน บ้านเลขที่: 105/444 ซอย: นวมินทร์ 57 ถนน: นวมินทร์ เขต: บึงกุ่ม #1555,https://storage.googleapis.com/traffy_public_bucket/attachment/2022-12/da2125e781282589d482070c3dba1726aa16a4a7.jpg
2026-TBHD4K,start,2026-09-29 18:01,2026-09-29 18:01,100.72733,13.76869,ลาดกระบัง,คลองสองต้นนุ่น,มีพนักงานหญิง กับพี่ชายพิการติดอยู่เคหะร่มเกล้า บ้านชั้นเดียว น้ำท่วม ต้องการยากันยุง ยากัดน้ำกัดเท้า แบะรองเท้าบูท น้ำเริ่มเน่าเสีย เค้านอนที่ล้างจาน ความสูงระดับทางเข้าต้องใช้เรือ รถเข้าไม่ได้ค่ะ น้ำท่วมมาแล้ว3 วัน,https://storage.googleapis.com/traffy_public_bucket/attachment/2026-09/af95012216a03f5391048ca4ea4d5872.jpeg
2026-EXWJMZ,inprogress,2026-09-29 18:03,2026-09-30 10:33,100.7423,13.80376,มีนบุรี,แสนแสบ,https://maps.app.goo.gl/NZdvoGoRQvtU5FHP9 หมู่บ้านปรีชาร่มเกล้า ถนนร่มเกล้าซอย 1 แขวงแสนแสบ เขตมีนบุรี กทม.10510 น้ำท่วมทั้งหมู่บ้าน ลูกบ้านช่วยดูแลกันเอง ยังไม่มีหน่วยงานราชการใดๆ เข้ามาช่วยผ่อนเบาบรรเทาน้ำท่วม ตามรูปครับ น้ำท่วมทะลักเข้าหมู่บ้านปรีชา,https://storage.googleapis.com/traffy_public_bucket/attachment/2026-09/7e6a847b89d8425171ac8529d45e972a.jpeg
2026-KMPC47,start,2026-09-29 18:03,2026-09-29 18:03,100.72126,13.76836,ลาดกระบัง,คลองสองต้นนุ่น,สอบถามเรื่องพอมียาสามัญให้ผู่ประสบภัยไหมค่ะ บริเวณหมู่บ้านพูนสินธานี 1 ต้องการค่ะ ความสูงระดับหัวเข่า 4 วันค่ะ,https://storage.googleapis.com/traffy_public_bucket/attachment/2026-09/bf0cb76a2d6b5c21a2b3aa268c2217e6.jpeg
2026-6U3CMA,forward,2026-09-29 18:04,2026-09-29 18:07,100.61608,13.7613,บางกะปิ,หัวหมาก,ตรงตีนสะพานฝั่งทางเข้าจากปากซอยรามคำแหง 43/1 หลังน้ำท่วม มีน้ำขังลึกมากๆ มิดล้อมอไซค์ พอลงจากสะพานไปยังฝั่งคอนโดลุมพินีกับแห้งสนิท เป็นมาทุกปีเป็นมาตลอด เข้าใจว่ามันเป็นมานานหลายปีมากแล้ว แต่ช่วยแก้ไขให้มันดีกว่านี้ได้ไหม ความสูงระดับหัวเข่า น้ำท่วมมาแล้ว,https://storage.googleapis.com/traffy_public_bucket/attachment/2026-09/288362a7c16961839a47ed6d0e2c3b0c.jpeg
2026-Y6FZBY,inprogress,2026-09-29 18:06,2026-09-30 10:32,100.74265,13.80406,มีนบุรี,แสนแสบ,อยากขอแรงงานช่วยบรรจุทรายใส่ในกระสอบทำเป็นแนวกันน้ำ ตอนนี้ขาดแรงงานจำนวนมาก และตัวหมู่บ้านอยู่ต่ำกว่าระดับถนนร่มเกล้า และพื้นที่รอบเป็นคลองทำให้มีน้ำทะลักสะสมในหมู่บ้านจำนวนมาก ระดับน้ำสูงสุดประมาณ 90 cm.ค่ะ ความสูงระดับเอว น้ำท่วมมาแล้วน้อยกว่า 1 สัปดาห์,https://storage.googleapis.com/traffy_public_bucket/attachment/2026-09/8d008efb8a4f5f2222c2661a95a505d6.jpeg
2026-7MVGP3,inprogress,2026-09-29 18:07,2026-09-30 10:32,100.7916,13.8359,มีนบุรี,แสนแสบ,ในซ.ราษฎร์อุทิศ58 ไม่มีที่ระบายน้ำ มองจากถนนไม่ท่วม แต่อยากให้ลองเข้ามาดู เพราะถนนมันสโลบลง ทำให้ในหมู่บ้านน้ำท่วม แล้วไม่มีที่ระบายเลยค่ะ จนน้ำกำลังเน่า ความสูงระดับเลยหัวเข่าค่ะบางจุด น้ำท่วมมาแล้วน้อยกว่า 1 สัปดาห์,https://storage.googleapis.com/traffy_public_bucket/attachment/2026-09/e509a16dffe2cc29e0f29d7181dd2760.jpeg
2026-YX4WCX,start,2026-09-29 18:08,2026-09-29 18:08,100.77227,13.77236,ลาดกระบัง,ลำปลาทิว,สอบถามเรื่องจะมีคนมาสูบน้ำที่ท่วมออกมั้ยคะ ภายในหมู่บ้านเพราะตอนนี้บางจุดประมาณ 50-70 ซม. ค่ะ ความสูงระดับ50-70ซม เลยค่ะ น้ำท่วมมาแล้วตอนนี้เข้าวันที่ 4 ค่ะ,https://storage.googleapis.com/traffy_public_bucket/attachment/2026-09/thumb_b7e203875a884103a5860acd8e109e98.jpg
2026-G3LGD7,forward,2026-09-29 18:10,2026-09-29 18:17,100.61661,13.72876,สวนหลวง,สวนหลวง,เนื่องจากมีน้ำท่วมขังสูงที่พัฒนาการซอย 28 หมู่บ้านสวนแหลมทอง 2 ซอย 12 ทำให้ไม่สามารถออกจากที่อยู่อาศัยได้ และยังไม่มีรถมายกย้ายรถยนต์ ขอความอนุเคราะห์ให้หน่วยงานเร่งดำเนินการแก้ไขปัญหาน้ำท่วมโดยด่วนด้วย ท่วมสูงประมาณเกือบหัวเขา ท่วมมาแล้ว 3 วัน,https://storage.googleapis.com/traffy_public_bucket/attachment/2026-09/97bcd9050e3d830126d4180a1908db8d.jpeg
2026-42WX2J,forward,2026-09-29 18:14,2026-09-30 14:22,100.81896,13.80448,หนองจอก,ลำผักชี,น้ำท่วมแยกการไฟฟ้ามีนบุรี เมื่อไหร่จะมาสูบน้ำครับ มันเป็นถนนเส้นหลักเข้าเมือง ความสูงระดับ60-80 cm น้ำท่วมมาแล้ว4 วัน,https://storage.googleapis.com/traffy_public_bucket/attachment/2026-09/5e421e74c014df54b079ed3e3c751f90.jpeg
2026-AE68UZ,finish,2026-09-29 18:14,2026-10-05 09:50,100.62212,13.699,พระโขนง,บางจาก,ซอยปุณณวิถีต่ำ และระบายน้ำออกช้า ความสูงระดับสามวัน26-29ประมาณ 20-30cm เพิ่งจะลงหน่อยวันนี้ ถึงออกบ้านได้ น้ำท่วมมาแล้วน้อยกว่า 1 สัปดาห์,https://storage.googleapis.com/traffy_public_bucket/attachment/2026-09/fc09f198d6242561a475a0b9e3354b21.jpeg
2026-NFTGT7,inprogress,2026-09-29 18:14,2026-10-01 17:10,100.64511,13.78519,บางกะปิ,คลองจั่น,ปัญหา: ภายในซอยดังกล่าว หน้าบ้านเลขที่ 1308 พบน้ำท่วมขังระดับสูง มีขยะจำนวนมากถูกน้ำพัดมารวมกันจนอุดตันท่อระบายน้ำ ส่งผลให้น้ำไม่สามารถระบายได้และประชาชนไม่สามารถสัญจรเข้า-ออกได้ บ้านเลขที่: 1308 ซอย: นวมินทร์ 45 ถนน: นวมินทร์ จุดสังเกต: เข้าซอยประมาณ 50,https://storage.googleapis.com/traffy_public_bucket/attachment/2022-12/da2125e781282589d482070c3dba1726aa16a4a7.jpg
2026-4X3ULT,inprogress,2026-09-29 18:17,2026-09-29 22:29,100.9002,13.84354,หนองจอก,กระทุ่มราย,แจ้งขอความช่วยเหลือประสบภัยน้ำท่วมค่ะ มีบ้านในซอยทั้งหมด 15 หลัง 📍ซอยสังฆสันติสุข 69 ค่ะ ความสูงระดับเอว น้ำท่วมมาแล้วตั้งแต่วันที่ 26 กันยายน 2569,https://storage.googleapis.com/traffy_public_bucket/attachment/2026-09/ad8d1f7e881c7b17ec06f5e5cb538c71.jpeg
2026-KMCFKU,inprogress,2026-09-29 18:17,2026-09-29 22:29,100.81898,13.80452,หนองจอก,ลำผักชี,หมู่บ้านเคซี สุวินทวงศ์ ซอยสุวินทวงศ์46 มีน้ำท่วมขัง ความสูงระดับ30-50 cm น้ำท่วมมาแล้ว4 วัน,https://storage.googleapis.com/traffy_public_bucket/attachment/2026-09/751883e10456c28521714c6a98e70aec.jpeg
2026-PFUKW4,finish,2026-09-29 18:17,2026-09-30 13:35,100.62699,13.84207,ลาดพร้าว,จรเข้บัว,น้ำท่วมที่ มบ. และปั้มสูบน้ำเหมือนจะไม่ทำงานเลย ทำให้น้ำยังคงท่วมขังอยู่ระดับสูง ความสูงระดับขาบน น้ำท่วมมาแล้วน้อยกว่า 1 สัปดาห์,https://storage.googleapis.com/traffy_public_bucket/attachment/2026-09/9f855e9ebc985ff56ab04465a4bacadc.jpeg
2026-P9AZEX,finish,2026-09-29 18:19,2026-10-01 11:29,100.6217,13.79457,วังทองหลาง,คลองเจ้าคุณสิงห์,ปัญหา: ภายในซอยแยกดังกล่าว บริเวณ เนื่องจากเหตุอุทกภัย ต้องการความช่วยเหลือขอรับเครื่องอุปโภคบริโภค ซอย: ลาดพร้าว 87 แยก 12 ถนน: ลาดพร้าว จุดสังเกต: ซอยโรงงานกล้องวงจรปิด บริเวณอพาร์ตเมนต์ เขต: วังทองหลาง #1555,https://storage.googleapis.com/traffy_public_bucket/attachment/2022-12/da2125e781282589d482070c3dba1726aa16a4a7.jpg
2026-ZBYLLG,inprogress,2026-09-29 18:21,2026-09-29 22:29,100.90021,13.84355,หนองจอก,กระทุ่มราย,แจ้งขอความช่วยเหลือประสบภัยน้ำท่วมค่ะ มีบ้านในซอยทั้งหมด 15 หลัง 📍ซอยสังฆสันติสุข 69 ค่ะ #ขอกระสอบทราย/อื่นๆ,https://storage.googleapis.com/traffy_public_bucket/attachment/2026-09/f45c6070451652e7300e801df7096f72.jpeg
2026-NDXD6V,inprogress,2026-09-29 18:22,2026-09-30 09:03,100.67217,13.6786,ประเวศ,ดอกไม้,ขอแจ้งปัญหาและขอให้หน่วยงานที่เกี่ยวข้องตรวจสอบบริเวณ ซอยเฉลิมพระเกียรติ ร.9 ซอย 28 แยก 4 เมื่อประมาณปีที่ผ่านมา มีหน่วยงานเข้ามาดำเนินการวางท่อและปรับปรุงผิวถนนในบริเวณดังกล่าว แต่ไม่แน่ใจว่าเป็นโครงการของการประปานครหลวงเพียงหน่วยงานเดียว หรือมีโครงการข,https://storage.googleapis.com/traffy_public_bucket/attachment/2026-09/4a35599f5fe3c8005625fff85fd7ecd4.jpeg
2026-FGLGDB,inprogress,2026-09-29 18:23,2026-09-29 18:27,100.64967,13.76928,บางกะปิ,คลองจั่น,ปัญหา: การเคหะคลองจั่น อาคาร 27 ต้องการขอรับน้ำบริโภคเนื่องจากได้รับความเดือนเป็นอย่างมาก ติดต่อที่หมายเลข 0848890087 คุณประวิง ถนน: นวมินทร์ เขต: บางกะปิ #1555,https://storage.googleapis.com/traffy_public_bucket/attachment/2022-12/da2125e781282589d482070c3dba1726aa16a4a7.jpg
2026-FGLGDB,finish,2026-09-29 18:23,2026-10-09 12:51,100.64967,13.76928,บางกะปิ,คลองจั่น,ปัญหา: การเคหะคลองจั่น อาคาร 27 ต้องการขอรับน้ำบริโภคเนื่องจากได้รับความเดือนเป็นอย่างมาก ติดต่อที่หมายเลข 0848890087 คุณประวิง ถนน: นวมินทร์ เขต: บางกะปิ #1555,https://storage.googleapis.com/traffy_public_bucket/attachment/2022-12/da2125e781282589d482070c3dba1726aa16a4a7.jpg
2026-HH47EL,inprogress,2026-09-29 18:24,2026-09-30 09:11,100.65422,13.72235,ประเวศ,ประเวศ,น้ำท่วมมาตั้งแต่วันเสาร์ มาวันนี้ลดลงมา 10 cm. ได้ อยากให้เร่งระบายน้ำค่ะ และมีการวางแผนแจกจ่ายอาหารและน้ำดื่มให้ผู้ที่อาศัยอยู่ในหมู่บ้านเมืองทอง 2/1 ค่ะ ความสูงระดับหน้าแข้ง น้ำท่วมมาแล้วน้อยกว่า 1 สัปดาห์,https://storage.googleapis.com/traffy_public_bucket/attachment/2026-09/2a7da03117086a40b06a09f7183c0f5e.jpeg
2026-AC8WFP,forward,2026-09-29 18:26,2026-09-29 19:12,100.6666,13.89656,สายไหม,ออเงิน,น้ำท่วมสูงไม่มีฝ่ายไหนเข้ามาดูแล ตอนนี้เข้าพื้นชั้น 2 ของบ้านแล้วน้ำเน่าแล้ว ต้องการเครื่องสูบน้ำออกเป็นอย่างมาก ความสูงระดับเอวค่ะ น้ำท่วมมาแล้ว23-29/9/69 ค่ะ,https://storage.googleapis.com/traffy_public_bucket/attachment/2026-09/89d6c36d7ecef156c9fbed7116b3901b.jpeg
2026-N9N7LG,start,2026-09-29 18:29,2026-09-29 18:29,100.79006,13.78942,ลาดกระบัง,ลำปลาทิว,ถนนเจ้าคุณทหารน้ำสูงมาก 20-40เซนติเมตร รถเล็กวิ่งไม่ได้แล้ว 3วัน,https://storage.googleapis.com/traffy_public_bucket/attachment/2026-09/c61d2112b5299c8fb82600f19106b35b.jpeg
2026-86CXUC,inprogress,2026-09-29 18:30,2026-09-29 18:34,100.63565,13.7703,บางกะปิ,คลองจั่น,ปัญหา: ภายในซอยดังกล่าว บ้านเลขที่ 36 หมู่ที่ 2 เนื่องจากเหตุอุทกภัย ต้องการความช่วยเหลือขอรับเครื่องอุปโภคบริโภค ไม่สามารถออกนอกพื้นที่ได้ ผู้สูงอายุ 1 ท่าน ผู้ใหญ 26 ท่าน เด็กเล็ก 3 ท่าน แมว 10 ตัว บ้านเลขที่: 36 ซอย: ลาดพร้าว 134 ถนน: ลาดพร้าว จุดสัง,https://storage.googleapis.com/traffy_public_bucket/attachment/2022-12/da2125e781282589d482070c3dba1726aa16a4a7.jpg
2026-86CXUC,finish,2026-09-29 18:30,2026-10-09 12:53,100.63565,13.7703,บางกะปิ,คลองจั่น,ปัญหา: ภายในซอยดังกล่าว บ้านเลขที่ 36 หมู่ที่ 2 เนื่องจากเหตุอุทกภัย ต้องการความช่วยเหลือขอรับเครื่องอุปโภคบริโภค ไม่สามารถออกนอกพื้นที่ได้ ผู้สูงอายุ 1 ท่าน ผู้ใหญ 26 ท่าน เด็กเล็ก 3 ท่าน แมว 10 ตัว บ้านเลขที่: 36 ซอย: ลาดพร้าว 134 ถนน: ลาดพร้าว จุดสัง,https://storage.googleapis.com/traffy_public_bucket/attachment/2022-12/da2125e781282589d482070c3dba1726aa16a4a7.jpg
2026-EWXH33,forward,2026-09-29 18:30,2026-09-29 19:11,100.68352,13.91356,สายไหม,ออเงิน,ขอให้ช่วยสูบน้ำบริเวณ หมู่บ้านเนเบอร์โฮม ให้ด้วยค่ะ เพราะท่วมสูงมากจริงๆ ความสูงระดับหัวเข่า น้ำท่วมมาแล้ว4 วัน,https://storage.googleapis.com/traffy_public_bucket/attachment/2026-09/7c92afceead986cc269d3691cba19c3e.jpeg
2026-PF6CZF,inprogress,2026-09-29 18:33,2026-09-30 12:13,100.67721,13.86638,บางเขน,ท่าแร้ง,ขอให้ช่วยระบายน้ำบริเวณที่ท่วมขังด้วย เพราะรถเล็กสัญจรไม่ได้ ความสูงระดับหน้าแข้ง น้ำท่วมมาแล้ว4 วัน,https://storage.googleapis.com/traffy_public_bucket/attachment/2026-09/5c113ca9ce50d134465fb57cae3bb722.jpeg
2026-PF6CZF,finish,2026-09-29 18:33,2026-10-09 18:30,100.67721,13.86638,บางเขน,ท่าแร้ง,ขอให้ช่วยระบายน้ำบริเวณที่ท่วมขังด้วย เพราะรถเล็กสัญจรไม่ได้ ความสูงระดับหน้าแข้ง น้ำท่วมมาแล้ว4 วัน,https://storage.googleapis.com/traffy_public_bucket/attachment/2026-09/5c113ca9ce50d134465fb57cae3bb722.jpeg
2026-ZYNHLR,finish,2026-09-29 18:33,2026-10-02 16:04,100.66495,13.77358,บางกะปิ,หัวหมาก,ปัญหา: บ้านเลขที่4/5 ภายในซอยดังกล่าว ต้องการขอรับอาหารและน้ำดื่ม เป็นผู้พิการทางการเคลื่อนไหว 2 ท่าน คุณอีฟติดต่อที่หมายเลข 0820392505 บ้านเลขที่: 4/5 ซอย: รามคำแหง 127/1 ถนน: รามคำแหง เขต: บางกะปิ #1555,https://storage.googleapis.com/traffy_public_bucket/attachment/2022-12/da2125e781282589d482070c3dba1726aa16a4a7.jpg
2026-ZX8DHZ,inprogress,2026-09-29 18:36,2026-09-29 19:09,100.69724,13.7447,สะพานสูง,สะพานสูง,ปัญหา: ภายในซอยดังกล่าว พบบ้าน (ไม่ทราบเลขที่) นำกระสอบทรายมากั้นบริเวณบ้านของตนเอง พร้อมทั้งจ้างบุคคลเข้ามาสูบน้ำออกสู่ถนนสาธารณะ ส่งผลให้น้ำเอ่อล้นเข้ามายังพื้นที่บ้านเรือนข้างเคียง ทำให้ระดับน้ำท่วมสูงขึ้น และสร้างความเดือดร้อนแก่ผู้พักอาศัยบริเวณใกล้เ,https://storage.googleapis.com/traffy_public_bucket/attachment/2022-12/da2125e781282589d482070c3dba1726aa16a4a7.jpg
2026-2W8JYP,inprogress,2026-09-29 18:37,2026-09-30 08:44,100.56434,13.91921,ดอนเมือง,ดอนเมือง,น้ำท่วม น้ำไม่ลด ความสูงระดับหัวเข่า น้ำท่วมมาแล้วน้อยกว่า 1 สัปดาห์,https://storage.googleapis.com/traffy_public_bucket/attachment/2026-09/thumb_861f916379ff999753ac73ebbdb7d915.jpg
2026-2BE84F,inprogress,2026-09-29 18:38,2026-09-29 19:09,100.69691,13.74947,สะพานสูง,สะพานสูง,ปัญหา: ภายในซอยหมู่บ้านดังกล่าว บ้านเลขที่ 29 ต้องการขออาหารและน้ำดื่ม ขอให้เจ้าหน้าที่ที่เกี่ยวข้องเร่งดำเนินการนำ น้ำดื่มและอาหารมาให้ด้วย หมู่บ้าน: นักกีฬาแหลมทอง ซอย 15 ซอย: นักกีฬาแหลมทอง 15 ถนนนักกีฬาแหลมทอง ถนน: นักกีฬาแหลมทอง เขต: สะพานสูง,https://storage.googleapis.com/traffy_public_bucket/attachment/2022-12/da2125e781282589d482070c3dba1726aa16a4a7.jpg
2026-EJMNMP,inprogress,2026-09-29 18:40,2026-09-29 19:30,100.68923,13.72966,ประเวศ,ประเวศ,น้ำท่วมขังสูง บริเวณ Golden lake como ความสูงระดับหน้าแข้ง น้ำท่วมมาแล้วน้อยกว่า 1 สัปดาห์,https://storage.googleapis.com/traffy_public_bucket/attachment/2026-09/1602fd5ffce90fcc452a160b85e95d2f.jpeg
2026-EKG26G,inprogress,2026-09-29 18:40,2026-10-02 16:35,100.68246,13.68245,ประเวศ,ดอกไม้,นิรันวิว 2 ซอยเฉลิมพระเกียรติ 28 ท่วมมาตั้งแต่วันศุกร์ที่แล้ว จนวันนี้น้ำเริ่มเน่าและมีปลิงด้วยไม่มีหน่วยงานไหนเข้ามาดูเลย รบกวนทางกทม. ช่วยเข้ามาดูหน่อยนะคะน้ำเหนือจะหลากมาอีกแล้วเดือดร้อนมากเลยไม่สามารถเอารถเล็กออกจากหมู่บ้านไปไหนได้เลย เซเว่นหน้าหมู่บ้,https://storage.googleapis.com/traffy_public_bucket/attachment/2026-09/d3101aee0945db8a94758d61463ba640.jpeg
2026-8FWEMC,finish,2026-09-29 18:43,2026-10-02 10:28,100.71106,13.83977,คลองสามวา,บางชัน,ปัญหา: ภายในซอยแยกดังกล่าว บริเวณบ้านเลขที่ 362 เนื่องจากเกิดเหตุอุทกภัย จึงมีความประสงค์ขอรับความช่วยเหลือด้านอาหารและน้ำดื่ม ซอย: สุเหร่าคลองหนึ่ง 16 แยก 6 ถนน: สุเหร่าคลองหนึ่ง เขต: คลองสามวา #1555,https://storage.googleapis.com/traffy_public_bucket/attachment/2022-12/da2125e781282589d482070c3dba1726aa16a4a7.jpg
2026-XEJELR,inprogress,2026-09-29 18:45,2026-09-29 19:11,100.69103,13.74323,สะพานสูง,สะพานสูง,น้ำท่วมขังมาห้าวันแล้วค่ะ น้ำไม่ลดเลย ขยะกองเต็มเป็นภูเขาอยู่หลังหมู่บ้านที่ระบายน้ำ ปิดทางระบายน้ำมาสามวันแล้ว ไม่มีเจ้าหน้าที่เขตเข้ามาเลยค่ะ ช่วยด้วย เท้าเน่าแล้วค่ะตอนนี้ คุณลุงข้างบ้านโดนงูกัดค่ะ ตะขาบจะถึงขาแล้วค่ะ ช่วยด้วย ความสูงระดับเอว น้ำท่วมมา,https://storage.googleapis.com/traffy_public_bucket/attachment/2026-09/9d3accaab25acd74d5002864165be035.jpeg
2026-RXM7XV,start,2026-09-29 18:46,2026-09-29 18:46,100.75384,13.72097,ลาดกระบัง,ลาดกระบัง,น้ำท่วมไม่ระบาย ตอนนี้เริ่มเน่าแล้วค่ะ เข่าค่ะ 26/9/69 รวม4 วันค่ะ,https://storage.googleapis.com/traffy_public_bucket/attachment/2026-09/0ec2e4a68a7ac684e83119b84b18a3c5.jpeg
2026-9VVCL8,finish,2026-09-29 18:47,2026-10-05 13:06,100.75147,13.81531,มีนบุรี,แสนแสบ,สามแยกไฟฟ้าช่วงต่อสุวินทวงศ์-ราษฎร์อุทิศน้ำท่วม ความสูงระดับหัวเข่า น้ำท่วมมาแล้วน้อยกว่า 1 สัปดาห์,https://storage.googleapis.com/traffy_public_bucket/attachment/2026-09/e78646e67114aa26dfb6209deaa76c10.jpeg
2026-LYWDEA,inprogress,2026-09-29 18:47,2026-09-30 08:44,100.59541,13.91412,ดอนเมือง,ดอนเมือง,น้ำท่วมหลายวันแล้ว เมื่อไหร่จะลด #ขอกระสอบทราย/อื่นๆ,https://storage.googleapis.com/traffy_public_bucket/attachment/2026-09/84d9b05284d89d98863e17c128d96965.jpeg
2026-Z3M28T,inprogress,2026-09-29 18:47,2026-09-30 12:14,100.60431,13.87048,บางเขน,อนุสาวรีย์,น้ำท่วมรามอินทราซอย 5 เครื่องสูบน้ำไม่ทำงาน ความสูงระดับหัวเข่า น้ำท่วมมาแล้วน้อยกว่า 1 สัปดาห์,https://storage.googleapis.com/traffy_public_bucket/attachment/2026-09/7ba97d22c15796a0b786a47b2b0635b8.jpeg
2026-Z3M28T,finish,2026-09-29 18:47,2026-10-09 08:46,100.60431,13.87048,บางเขน,อนุสาวรีย์,น้ำท่วมรามอินทราซอย 5 เครื่องสูบน้ำไม่ทำงาน ความสูงระดับหัวเข่า น้ำท่วมมาแล้วน้อยกว่า 1 สัปดาห์,https://storage.googleapis.com/traffy_public_bucket/attachment/2026-09/7ba97d22c15796a0b786a47b2b0635b8.jpeg
2026-9PHGPZ,inprogress,2026-09-29 18:48,2026-09-29 19:39,100.63126,13.76394,บางกะปิ,คลองจั่น,ยังมีน้ำท่วมขัง ไม่ลดลง ความสูงระดับหัวเข่า น้ำท่วมมาแล้วน้อยกว่า 1 สัปดาห์,https://storage.googleapis.com/traffy_public_bucket/attachment/2026-09/af7129f4fbaeeae8a6f163dd004f177b.jpeg
2026-9PHGPZ,finish,2026-09-29 18:48,2026-10-09 15:28,100.63126,13.76394,บางกะปิ,คลองจั่น,ยังมีน้ำท่วมขัง ไม่ลดลง ความสูงระดับหัวเข่า น้ำท่วมมาแล้วน้อยกว่า 1 สัปดาห์,https://storage.googleapis.com/traffy_public_bucket/attachment/2026-09/af7129f4fbaeeae8a6f163dd004f177b.jpeg
2026-NU6LNJ,inprogress,2026-09-29 18:50,2026-09-30 08:44,100.6179,13.93625,ดอนเมือง,สนามบิน,แจ้งปัญหาน้ำท่วมขังในซอยพหลโยธิน 73 ตั้งแต่วันที่ 26/9/2569 จนถึงปัจจุบัน ปริมาณน้ำเพิ่มขึ้นตลอด ไม่ลดเลย การสัญจรเข้าออกเป็นไปด้วยความลำบาก ไม่สามารถ เดินทางได้ ต้องรถสูงเท่านั้น ต้องการให้ช่วยระบายน้ำออกจากซอยค่ะ เพราะน้ำขังมา 4 วันแล้วค่ะ และบ่อระบายหน,https://storage.googleapis.com/traffy_public_bucket/attachment/2026-09/9509f8c5c934f8727a926e33fe291151.jpeg
2026-9RFGUP,start,2026-09-29 18:53,2026-09-29 18:53,100.78271,13.72087,ลาดกระบัง,ลาดกระบัง,ตอนนี้ในซอยลาดกระบัง52น้ำสูงขึ้นเรื่อยๆเลยค่ะไม่มีท่าทีว่าตะลดเลยน้ำนิ่งมากหลายแยกมากๆโดยเฉพาะฝั่งที่อยู่แยก2แยก3มันเป็นที่ราบค่ะแล้วก็แยกอื่นๆที่อยู่ลึกเข้าไปตอนนี้น้ำมันสูงขึ้นกว่าเดิมค่ะน้ำดำเริ่มมีกลิ่นแล้วด้วยค่ะ ออกไปทำงานก็ยากค่ะอยากให้มีรถคอยช่วยเ,https://storage.googleapis.com/traffy_public_bucket/attachment/2026-09/c665e9678c76127e7aa53dd3a3461ef9.jpeg
2026-J3GEHX,inprogress,2026-09-29 18:53,2026-09-29 19:37,100.6377,13.7727,บางกะปิ,คลองจั่น,เมื่อเช้านี้น้ำลดลงมาหน่อยค่ะในหมู่บ้าน แต่ตอนนี้น้ำยังเท่าเดิมค่ะที่ลดลงมาตอนเช้า ความสูงระดับหัวเข่า มาแล้ว4 วัน ข้างในน้ำขังซอยลดแค่นิดหน่อย,https://storage.googleapis.com/traffy_public_bucket/attachment/2026-09/1a48abbc4e03e93b241a32c04d32453c.jpeg
2026-J3GEHX,finish,2026-09-29 18:53,2026-10-06 07:47,100.6377,13.7727,บางกะปิ,คลองจั่น,เมื่อเช้านี้น้ำลดลงมาหน่อยค่ะในหมู่บ้าน แต่ตอนนี้น้ำยังเท่าเดิมค่ะที่ลดลงมาตอนเช้า ความสูงระดับหัวเข่า มาแล้ว4 วัน ข้างในน้ำขังซอยลดแค่นิดหน่อย,https://storage.googleapis.com/traffy_public_bucket/attachment/2026-09/1a48abbc4e03e93b241a32c04d32453c.jpeg
2026-UAF9MX,inprogress,2026-09-29 18:56,2026-09-29 22:29,100.84328,13.79853,หนองจอก,ลำผักชี,ระดับน้ำในลำผักชีเพิ่มสูงขึ้น ความสูงระดับหัวเข่าครับ และถนนในซอยเริ่มมีการทรุดตัวบางจุด น้ำท่วมมาแล้วน้อยกว่า 1 สัปดาห์,https://storage.googleapis.com/traffy_public_bucket/attachment/2026-09/thumb_e5ad477ee6930cdc7612635f2cf02197.jpg
2026-WDRTWP,finish,2026-09-29 18:56,2026-10-05 12:58,100.43019,13.62399,บางขุนเทียน,แสมดำ,ซอยเทียนทะเล20 แยก5 - 1 น้ำท่วมขัง ความสูงระดับเอว น้ำท่วมมาแล้วน้อยกว่า 1 สัปดาห์,https://storage.googleapis.com/traffy_public_bucket/attachment/2026-09/7f40138406c79241eb058fc5ebf25019.jpeg
2026-62T6YE,inprogress,2026-09-29 18:58,2026-09-29 19:15,100.65916,13.72161,ประเวศ,ประเวศ,เอ็นทีโฮมแคร์ ศูนย์ดูแลผู้สูงอายุและผู้มีภาวะพึ่งพิง สาขา2 มีผู้ป่วยฟอกไต ต้องอุ้ม เดินไม่ค่อยไหว สัปดาห์ละ 3 ครั้ง ในวันอังคาร พฤหัส เสาร์ เวลา 10.00 น. -17.00 น. การเดินทางออกมาฟอกไต ยัง รพ. วิภาราม ยากลำบาก เนื่องจากน้ำท่วมสูงอยู่ รบกวนช่วยเหลือในการหา,https://storage.googleapis.com/traffy_public_bucket/attachment/2026-09/77ca6f77a32f172b6c7c99f54f5dbe2d.jpeg
2026-8LVFWR,inprogress,2026-09-29 18:58,2026-09-30 09:17,100.58052,13.89592,หลักสี่,ทุ่งสองห้อง,น้ำยังท่วมขังหน้าบ้านและในหมู่บ้านเหมือนเดิมค่ะ ทางคุณแจ้งว่าทำเสร็จแล้วมา3 ครั้งละ ช่วยส่งเจ้าหน้าที่มาลงพื้นที่ดูปัญหาในหมู่บ้านด้วยค่ะ เดือดร้อนมาก เป็นปัญหาเรื้อรังทุกครั้งที่ฝนตก แจ้งปัญหาไปหลายรอบตั้งแต่น้ำยังไม่ท่วม ฝนยังไม่ตกว่า น้ำขึ้นท่อและคลองห,https://storage.googleapis.com/traffy_public_bucket/attachment/2026-09/8de2d9fadd831802122ae4d2d71d2d36.jpeg
2026-8LVFWR,finish,2026-09-29 18:58,2026-10-06 14:20,100.58052,13.89592,หลักสี่,ทุ่งสองห้อง,น้ำยังท่วมขังหน้าบ้านและในหมู่บ้านเหมือนเดิมค่ะ ทางคุณแจ้งว่าทำเสร็จแล้วมา3 ครั้งละ ช่วยส่งเจ้าหน้าที่มาลงพื้นที่ดูปัญหาในหมู่บ้านด้วยค่ะ เดือดร้อนมาก เป็นปัญหาเรื้อรังทุกครั้งที่ฝนตก แจ้งปัญหาไปหลายรอบตั้งแต่น้ำยังไม่ท่วม ฝนยังไม่ตกว่า น้ำขึ้นท่อและคลองห,https://storage.googleapis.com/traffy_public_bucket/attachment/2026-09/8de2d9fadd831802122ae4d2d71d2d36.jpeg
2026-F3MTFY,inprogress,2026-09-29 18:59,2026-10-03 10:03,100.75803,13.85056,คลองสามวา,ทรายกองดิน,"ปัญหา: ชื่ออุ๊ 0964149787, 0816348499 หมู่บ้านกฤษฎานคร25 บ้านเลขที่ 60/583 ผู้ร้องประสงค์ขอรับความช่วยเหลือด้านอาหารและเครื่องดื่ม สำหรับผู้พักอาศัยจำนวน 3 ท่าน จึงขอให้หน่วยงานที่เกี่ยวข้องพิจารณาให้ความช่วยเหลือตามความเหมาะสม เพื่อบรรเทาความเดือดร้อนของ",https://storage.googleapis.com/traffy_public_bucket/attachment/2022-12/da2125e781282589d482070c3dba1726aa16a4a7.jpg
2026-F993KH,inprogress,2026-09-29 19:03,2026-10-01 15:56,100.65607,13.76511,บางกะปิ,หัวหมาก,ปัญหา: ภายในซอยรามคำแหง 66 และซอยรามคำแหง 68 ได้รับผลกระทบจากอุทกภัย มีความประสงค์ขอรับความช่วยเหลือด้านอาหารปรุงสุก (ข้าวกล่อง) สำหรับบรรเทาความเดือดร้อนของประชาชนหลายครอบครัว จึงใคร่ขอความอนุเคราะห์เจ้าหน้าที่ที่เกี่ยวข้อง โปรดเร่งเข้าดำเนินการให้ความช่,https://storage.googleapis.com/traffy_public_bucket/attachment/2022-12/da2125e781282589d482070c3dba1726aa16a4a7.jpg
2026-F993KH,finish,2026-09-29 19:03,2026-10-09 12:54,100.65607,13.76511,บางกะปิ,หัวหมาก,ปัญหา: ภายในซอยรามคำแหง 66 และซอยรามคำแหง 68 ได้รับผลกระทบจากอุทกภัย มีความประสงค์ขอรับความช่วยเหลือด้านอาหารปรุงสุก (ข้าวกล่อง) สำหรับบรรเทาความเดือดร้อนของประชาชนหลายครอบครัว จึงใคร่ขอความอนุเคราะห์เจ้าหน้าที่ที่เกี่ยวข้อง โปรดเร่งเข้าดำเนินการให้ความช่,https://storage.googleapis.com/traffy_public_bucket/attachment/2022-12/da2125e781282589d482070c3dba1726aa16a4a7.jpg
2026-LL9477,inprogress,2026-09-29 19:04,2026-09-29 19:13,100.65432,13.72711,ประเวศ,ประเวศ,น้ำท่วมบริเวณหน้าหมู่บ้านตรงป้อมยาม ท่วมประมานต้นขา อยากให้ลดระดับน้ำลงในระดับที่รถยนต์เล็กผ่านได้ค่ะ เพื่อไม่ให้กระทบต่อเครื่องยนต์ค่ะ ความสูงระดับหัวเข่า น้ำท่วมมาแล้วน้อยกว่า 1 สัปดาห์,https://storage.googleapis.com/traffy_public_bucket/attachment/2026-09/3b597daf21ec278e6b5bb4464ea28faf.jpeg
2026-MFP3FH,finish,2026-09-29 19:06,2026-10-05 14:25,100.62899,13.78916,บางกะปิ,คลองจั่น,ขอความช่วยเหลือเรื่องน้ำท่วมขังในชุมชน ต้องการให้ส่งเจ้าหน้าที่และเครื่องสูบน้ำมาช่วยระบายน้ำ ความสูงระดับรูปขึ้นม้้ยคะ น้ำท่วมมาแล้วมิดคันรถ,https://storage.googleapis.com/traffy_public_bucket/attachment/2026-09/7b5530bbe51ff1aa52bbc7bae54131fd.jpeg
2026-CA9M2M,forward,2026-09-29 19:07,2026-09-29 19:10,100.66998,13.92632,สายไหม,สายไหม,เนื่องจากบริเวณสายไหม 51 พร้อมถนนสายไหมบางจุดมีน้ำท่วมขังปริมาณมากบริเวณดังกล่าวเป็นน้ำเน่าเสียสูงเกือบถึงเอวทำให้การสัญจรเดือดร้อนไม่สามารถขับรถ 4 ประตูผ่านได้อย่างราบรื่นเพราะเกรงว่าจะดับ บริเวณดังกล่าวได้รับผลกระทบจากน้ำท่วมขังมาเป็นเวลา 4 วันแล้วไม่มี,https://storage.googleapis.com/traffy_public_bucket/attachment/2026-09/thumb_312fbc1e9937673ee3ad890dc8e6b74d.jpg
2026-6639P4,inprogress,2026-09-29 19:08,2026-09-30 09:57,100.72469,13.78298,มีนบุรี,มีนบุรี,น้ำท่วมรอการระบาย และดูเหมือนไม่มีการดำเนินการช่วยเหลือจากส่วนกลางเลยครับ ความสูงระดับหัวเข่า น้ำท่วมมาแล้วน้อยกว่า 1 สัปดาห์,https://storage.googleapis.com/traffy_public_bucket/attachment/2026-09/b04b6c654a692a8a6f06b8063e2d9fa3.jpeg
2026-CPKXFR,finish,2026-09-29 19:08,2026-09-30 13:34,100.61071,13.83824,ลาดพร้าว,จรเข้บัว,หมู่บ้านเสนานิเวศน์โครงการ 2 น้ำท่วมซ้ำซาก ชุมชนอื่นๆ น้ำลงหมดแล้ว อยากให้พิจารณาการปรับปรุงถนนบริเวณดังกล่าวและเคลียร์เรื่องปัญหาการโอนย้ายที่ดิน ให้เป็นสาธารณะ ชาวบ้านในชุมชนดังกล่าวเดือดร้อนมาก เนื่องจากเวลาฝนตกแล้วน้ำจะท่วมเข้าบ้าน ทำให้ข้าวของพังเสีย,https://storage.googleapis.com/traffy_public_bucket/attachment/2026-09/ee4e1bff9a75e14b9b7772996e307679.jpeg
2026-GXT9FR,finish,2026-09-29 19:10,2026-10-05 13:07,100.7515,13.81532,มีนบุรี,แสนแสบ,น้ำท่วมสูง ช่วงถนนสุวินทวงศ์ ตั้งแต่ก่อนขึ้นสะพาน ข้ามยกระกดับ แยกคู้ขวา มุ่งหน้าแยกการไฟฟ้ามีนบุรี ทั้งขาเข้า และออก รถเล็ก รถสองแถว รถ CRV ไม่สามารถไปได้ ถ้าจุดนี้นำ้ลด ประชาชน จะสามารถไปทำงานเข้าเมือง หรือต่อไฟฟ้าสายสีชมพู่ เข้าเมืองได้ อยากได้ จนท น,https://storage.googleapis.com/traffy_public_bucket/attachment/2026-09/e6fd92b92a0ddc53fe15ef88ea508aac.jpeg
2026-33LF4E,inprogress,2026-09-29 19:12,2026-09-30 09:55,100.71965,13.78399,มีนบุรี,มีนบุรี,ชอยรามคำแหง 174 ฝั่งใน น้ำยังคท่วมสูง ไม่มีหน่วยงานเข้ามาแก้ไข ต้องการเครื่องสูบน้ำเพื่อ บรรเทาความเดือนร้อน ความสูงระดับ60-70 ซม. น้ำท่วมมาแล้ว4 วัน,https://storage.googleapis.com/traffy_public_bucket/attachment/2026-09/b5c83fa5391e334a5352bc6ae8ef87a4.jpeg
2026-7B6VKZ,inprogress,2026-09-29 19:12,2026-09-29 19:23,100.69797,13.7474,สะพานสูง,สะพานสูง,ปัญหา: บริเวณหมู่บ้านดังกล่าว บ้านเลขที่ 18 ประสบปัญหาน้ำเสียและเริ่มส่งกลิ่นรบกวน จึงขอให้หน่วยงานที่เกี่ยวข้องพิจารณาสนับสนุนลูกบอล EM สำหรับบำบัดน้ำเสีย โดยสามารถนำมาแจกจ่ายตามบ้านเรือน หรือแจกพร้อมอาหารหรือสิ่งของช่วยเหลืออื่น ๆ ได้ เพื่อบรรเทาความเดื,https://storage.googleapis.com/traffy_public_bucket/attachment/2022-12/da2125e781282589d482070c3dba1726aa16a4a7.jpg
2026-C9ZGJT,inprogress,2026-09-29 19:12,2026-09-30 10:32,100.76005,13.82743,มีนบุรี,แสนแสบ,น้ำท่วมไม่สามารถออกไปไหนได้ของยังชีพเริ่มลดลง ความสูงระดับเอว น้ำท่วมมาแล้วมากกว่า 1 สัปดาห์,https://storage.googleapis.com/traffy_public_bucket/attachment/2026-09/2e368d276122f3268b4a1df30dbeaf8b.jpeg
2026-CFJ7XB,inprogress,2026-09-29 19:12,2026-09-29 19:32,100.63517,13.79136,บางกะปิ,คลองจั่น,น้ำท่วมขัง ความสูงระดับประมาณหน้าแข้งค่ะ น้ำท่วมมาแล้วตั้งแต่ 26 ค่ะ,https://storage.googleapis.com/traffy_public_bucket/attachment/2026-09/2357ec1aa9087ea731f6609e9710d973.jpeg
2026-RVV33C,finish,2026-09-29 19:12,2026-10-04 09:42,100.57807,13.91867,ดอนเมือง,ดอนเมือง,หน้าหมู่บ้าน ศิริสุข ถนนช่างอากาศอุทิศ. แขวงและเขต ดอนเมือง กะบะตกท่อระบายน้ำ ตามรูป. ขึ้นมา เอากระสอบทรายอัดไว้ ไม่ให้ รถตกอีก. ทำให้. น้ำในหมู่บ้าน ไหลออก ไม่ได้. ช่วยดูให้ด่วนครับ เริ่มลด จะลดมากกว่านี้. ถ้าท่อไม่ถูกปิด เข้าวันที่3,https://storage.googleapis.com/traffy_public_bucket/attachment/2026-09/a1742054e2e7c4d4e8867e312f46d71c.jpeg
2026-Z2KVK6,inprogress,2026-09-29 19:16,2026-09-29 20:38,100.65759,13.79089,บึงกุ่ม,คลองกุ่ม,"ปัญหา: ภายในซอยดังกล่าว บริเวณริมคลองบางเตย พบมีน้ำท่วมขังระดับสูง มีผู้อาศัย 5 ครอบครัว รวมทั้งหมด 15 คน ประสงค์ขอรับอาหารแห้ง น้ำดื่ม และสิ่งของเพื่ออุปโภคบริโภค (คุณโสภา นุ่มสุวรรณ 0896753744, 0649716486) ซอย: นวมินทร์ 24 (อุเทน 17/5) ถนน: นวมินทร์ เ",https://storage.googleapis.com/traffy_public_bucket/attachment/2022-12/da2125e781282589d482070c3dba1726aa16a4a7.jpg
2026-Z2KVK6,finish,2026-09-29 19:16,2026-10-08 10:28,100.65759,13.79089,บึงกุ่ม,คลองกุ่ม,"ปัญหา: ภายในซอยดังกล่าว บริเวณริมคลองบางเตย พบมีน้ำท่วมขังระดับสูง มีผู้อาศัย 5 ครอบครัว รวมทั้งหมด 15 คน ประสงค์ขอรับอาหารแห้ง น้ำดื่ม และสิ่งของเพื่ออุปโภคบริโภค (คุณโสภา นุ่มสุวรรณ 0896753744, 0649716486) ซอย: นวมินทร์ 24 (อุเทน 17/5) ถนน: นวมินทร์ เ",https://storage.googleapis.com/traffy_public_bucket/attachment/2022-12/da2125e781282589d482070c3dba1726aa16a4a7.jpg
2026-RNXFJM,finish,2026-09-29 19:17,2026-10-01 09:42,100.6295,13.85678,บางเขน,ท่าแร้ง,ปัญหา: บริเวณ เคหะรามอินทรา กม.4 เนื่องจากเหตุอุทกภัย ต้องการความช่วยเหลือขอรับเครื่องอุปโภคบริโภค จำนวนประมาณ 200 คน ถนน: รามอินทรา เขต: บางเขน #1555,https://storage.googleapis.com/traffy_public_bucket/attachment/2022-12/da2125e781282589d482070c3dba1726aa16a4a7.jpg
2026-DVTCWN,inprogress,2026-09-29 19:20,2026-09-29 20:47,100.63775,13.84238,บึงกุ่ม,นวลจันทร์,"อยากจะขอให้ช่วยแก้ปัญหาน้ำท่วมในหมู่บ้านมณียาค่ะ เพราะทุกครั้ง/ทุกปีตั้งแต่ 54 ที่ฝนตกหนักน้ำจะท่วมเลยเข่าตลอด และครั้งนี้ก็ได้รับผลกระทบหนักนานกว่าพื้นที่รอบข้าง ซึ่งพื้นที่รอบข้างน้ำลดลงเร็วมากเช่น ซอยรามอินทรา 40 , ซอยนวลจันทร์(ไม่มีน้ำแล้ว) การแก้ป",https://storage.googleapis.com/traffy_public_bucket/attachment/2026-09/b275d6b6fef293a65dc90082370bfea6.jpeg
2026-JGAMR7,inprogress,2026-09-29 19:20,2026-09-29 22:23,100.80776,13.7925,หนองจอก,ลำผักชี,น้ำท่วมไม่ลดลงเลยมา 3 วันแล้ว มีแต่เพิ่ม ความสูงระดับเอว น้ำท่วมมาแล้วน้อยกว่า 1 สัปดาห์,https://storage.googleapis.com/traffy_public_bucket/attachment/2026-09/a6c6b6c6b2cf3d9bf912e0bdf965a9ce.jpeg
2026-TUZJE6,inprogress,2026-09-29 19:20,2026-10-05 14:46,100.65986,13.75286,บางกะปิ,หัวหมาก,คุณแม่ คุณวิกกี้ 0987891869 อยู่เขตบางกะปิ ซอยกรุงเทพกรีฑา7 หมู่บ้านบ้านสวนราชาค่ะ อายุ 56ปีอาศัยอยู่คนเดียวกับแมวสามตัวค่ะ ตอนนี้ไม่สบายไอหนักมาก อาการคล้ายโควิด - อยากได้ยาแก้ไอ แก้แพ้ แก้อักเสบหรือยาที่จำเป็นอื่นๆ -อาหารแห้ง พอดีประตูบ้านคุณแม่เป็นป,https://storage.googleapis.com/traffy_public_bucket/attachment/2026-09/36e96d0980deffff592e0205766b86d9.jpeg
2026-KXZYXP,forward,2026-09-29 19:21,2026-10-05 16:47,100.73709,13.84364,คลองสามวา,ทรายกองดิน,มีน้ำท่วมขังรอการระบาย ผลจากฝนตกต่อเนื่องที่ผ่านมา..ณ เวลาที่แจ้งนี้น้ำเพิ่มระดับขึ้น ความสูงของน้ำท่วมขอบทางเท้าขึ้นมาประมาณ 30 ซม. ความสูงระดับหน้าแข้ง น้ำท่วมมาแล้วน้อยกว่า 1 สัปดาห์,https://storage.googleapis.com/traffy_public_bucket/attachment/2026-09/thumb_d34896c5feae844e639ef3703e611fef.jpg
2026-6NRRTM,inprogress,2026-09-29 19:22,2026-09-29 22:29,100.89972,13.84382,หนองจอก,กระทุ่มราย,"ปัญหา: ภายในซอยดังกล่าว พบน้ำเอ่อท่วม ส่งผลกระทบต่อผู้พักอาศัยในพื้นที่ดังกล่าวเป็นอย่างมาก ต้องการขอรับเครื่องอุปโภคบริโภค คุณมาลา 0860311208 บ้านเลขที่: 5/1,5/2,5/3,5/4 ซอย: สังฆสันติสุข 67 ถนน: สังฆสันติสุข จุดสังเกต: 5/1,5/2,5/3,5/4- เขต: หนองจอก #155",https://storage.googleapis.com/traffy_public_bucket/attachment/2022-12/da2125e781282589d482070c3dba1726aa16a4a7.jpg
2026-RUCJAF,inprogress,2026-09-29 19:22,2026-09-29 19:24,100.68861,13.67501,ประเวศ,ดอกไม้,ปัญหา: ภายในซอยดังกล่าว Charn Ruethai Apartment พบมีน้ำท่วมขังระดับสูง จึงต้องการขออาหารและน้ำดื่ม ขอให้เจ้าหน้าที่ที่เกี่ยวข้องเร่งดำเนินการนำอาหารและน้ำดื่มมาให้ด้วย บ้านเลขที่: 15/1 ซอย: รามคำแหง 12 แยก 9 ถนน: รามคำแหง 2 เขต: ประเวศ #1555,https://storage.googleapis.com/traffy_public_bucket/attachment/2022-12/da2125e781282589d482070c3dba1726aa16a4a7.jpg
2026-9KPJYZ,forward,2026-09-29 19:23,2026-09-29 20:29,100.6632,13.80195,บึงกุ่ม,คลองกุ่ม,พบปัญหาน้ำท่วมขังบริเวณซอยวัดสุวรรณ(ฝั่งบ้านสวน) น้ำท่วมถึงข้อเท้าขึ้นไป มีเข้าบ้านเรือนปชชบ้างค่ะ ออกไปซื้อของค่อนข้างลำบาก ความสูงระดับข้อเท้า น้ำท่วมมาแล้วน้อยกว่า 1 สัปดาห์,https://storage.googleapis.com/traffy_public_bucket/attachment/2026-09/59285d350213b65d5ac07cbb0f47b29b.jpeg
2026-EWVK9K,finish,2026-09-29 19:23,2026-10-05 14:30,100.63117,13.78244,บางกะปิ,คลองจั่น,น้ำท่วมขัง ไม่มีทางระบาย ความสูงระดับหน้าแข้ง- เข่าค่ะ น้ำท่วมมาแล้วน้อยกว่า 1 สัปดาห์,https://storage.googleapis.com/traffy_public_bucket/attachment/2026-09/a2a5a708179ac0a66e68f746be8684ac.jpeg
2026-VCERGN,inprogress,2026-09-29 19:24,2026-09-29 20:46,100.7745,13.81177,มีนบุรี,แสนแสบ,ปัญหา: ภายในซอยดังกล่าว บริเวณบ้านเลขที่ 45/19 เนื่องจากประสบเหตุอุทกภัย มีความประสงค์ขอรับการสนับสนุนอาหารและน้ำดื่มสำหรับผู้พักอาศัย เป็นผู้พิการจำนวน 2 คน (เป็นผู้พิการติดเตียงจำนวน 1 คน) ซอย: ซอยสุวินทวงศ์ 30 ถนน: สุวินทวงศ์ เขต: มีนบุรี #1555,https://storage.googleapis.com/traffy_public_bucket/attachment/2022-12/da2125e781282589d482070c3dba1726aa16a4a7.jpg
2026-Z3MZFD,inprogress,2026-09-29 19:24,2026-09-30 10:31,100.72172,13.7853,มีนบุรี,มีนบุรี,หมู่บ้านเพอร์เฟคเพลส3 ซอยรามคำแหง 174 น้ำท่วมมา 3 วันแล้วค่ะไม่มีหน่วยงานไหนเค้าช่วยเหลือ ความสูงระดับหัวเข่า น้ำท่วมมาแล้วน้อยกว่า 1 สัปดาห์,https://storage.googleapis.com/traffy_public_bucket/attachment/2026-09/thumb_52dc9718961a898285c2c36d3a7f0dc7.jpg
2026-KRH7FV,inprogress,2026-09-29 19:27,2026-09-30 10:31,100.72423,13.78891,มีนบุรี,มีนบุรี,น้ำท่วมในซอยรามคำแหง174 มา 4 วัน ในนี้มีหมู่บ้านเกือบ10 โครงการ และน้ำท่วมขังถึงหัวเข่า และเริ่มเน่า แต่กลับไม่มีเครื่องสูบน้ำออก อยากให้หน่วยงานจัดหาเครื่องสูบน้ำมาช่วยทีค่ะ ความสูงระดับ40 เซนค่ะ น้ำท่วมมาแล้ว4-5 วัย,https://storage.googleapis.com/traffy_public_bucket/attachment/2026-09/thumb_eff8f3ef38da22dd613d7407b8965c24.jpg
2026-TZBG74,inprogress,2026-09-29 19:27,2026-09-30 12:16,100.60597,13.89431,บางเขน,อนุสาวรีย์,น้ำท่วมขังตั้งแต่เสาร์ 26 กันยายน 2569 ที่ผ่านมาจนตอนนี้น้ำในซอยยังไม่ลดและเริ่มเน่าเหม็นแล้วค่ะ อยากให้เร่งระบายน้ำออกค่ะ พื้นที่อื่นลดแล้วแต่ตรงนี้ยังท่วมเท่าเดิมเลยค่ะ ความสูงระดับมากกว่า 3 วัน น้ำท่วมมาแล้วน้อยกว่า 1 สัปดาห์,https://storage.googleapis.com/traffy_public_bucket/attachment/2026-09/f52f3d37abd7317fa572036e5c3e167f.jpeg
2026-TZBG74,finish,2026-09-29 19:27,2026-10-09 14:25,100.60597,13.89431,บางเขน,อนุสาวรีย์,น้ำท่วมขังตั้งแต่เสาร์ 26 กันยายน 2569 ที่ผ่านมาจนตอนนี้น้ำในซอยยังไม่ลดและเริ่มเน่าเหม็นแล้วค่ะ อยากให้เร่งระบายน้ำออกค่ะ พื้นที่อื่นลดแล้วแต่ตรงนี้ยังท่วมเท่าเดิมเลยค่ะ ความสูงระดับมากกว่า 3 วัน น้ำท่วมมาแล้วน้อยกว่า 1 สัปดาห์,https://storage.googleapis.com/traffy_public_bucket/attachment/2026-09/f52f3d37abd7317fa572036e5c3e167f.jpeg
2026-Z68DCK,forward,2026-09-29 19:30,2026-09-30 12:16,100.81121,13.72199,ลาดกระบัง,ทับยาว,ช่วยตรวจสอบถนนเลี่ยงคลองมอญเนื่องจากน้ำท่วมสูง ให้มีป้ายเตือนด้วยครับ ความสูงระดับผ่านได้แค่รถกระบะหรือสูงกว่าครับ มักมีรถจักรยานยนต์เข้าไปแล้วเข็นออกมาครับ น้ำท่วมมาแล้วตั้งแต่วันเสาร์ครับ,https://storage.googleapis.com/traffy_public_bucket/attachment/2026-09/208fd2cd6db8d1bd522d402cb11166f4.jpeg
2026-6JXXG9,forward,2026-09-29 19:35,2026-09-29 19:47,100.64096,13.77891,บางกะปิ,คลองจั่น,คลองยายเผื่อนน้ำไม่ลดลงเลยคับ ทำให้ถนนแฮปปี้แลนด์น้ำไม่ลดรึเปล่า ความสูงระดับหัวเข่า น้ำท่วมมาแล้วน้อยกว่า 1 สัปดาห์,https://storage.googleapis.com/traffy_public_bucket/attachment/2026-09/3fff5e5d7309b1052126fa26798f22a9.jpeg
2026-RH96F9,forward,2026-09-29 19:38,2026-09-30 09:56,100.63362,13.71593,สวนหลวง,สวนหลวง,น้ำท่วมมีกลิ่นเหม็นเน่าแล้ว บริเวณภายในและภายนอกรอบบ้าน ชุมชนคลองจวน อ่อนนุช35 เขตสวนหลวง ไม่มีการระบายมาหลายวันแล้ว ช่วยบริหารจัดการหรือนำสาร น้ำยาบำบัดมาข่วยด้วยครับ ความสูงระดับหัวเข่า น้ำท่วมมาแล้วน้อยกว่า 1 สัปดาห์,https://storage.googleapis.com/traffy_public_bucket/attachment/2026-09/a7d787e9e3d2e25a170f15ad1a2dd5af.jpeg
2026-ZZ6WLF,inprogress,2026-09-29 19:38,2026-09-30 08:43,100.61536,13.94394,ดอนเมือง,สนามบิน,ตอนนี้ประชาชนเดือดร้อน เพราะน้ำเพิ่มสูงขึ้นเรื่อย ๆ บริเวณอื่นถนนวิภาวดีแห้ง แต่ในซอยวิภาวดี 82 น้ำกลับเพิ่มสูงขึ้นไม่หยุด และน้ำที่ขังตั้งแต่วันที่ 23 ก็เริ่มเน่าเปลี่ยนสี มีกลิ่นเหม็นค่ะ เดี๋ยวให้เจ้าหน้าที่ ที่มีอำนาจในการคิดและตัดสินใจเข้ามาช่วยเหลื,https://storage.googleapis.com/traffy_public_bucket/attachment/2026-09/cbe738fe44c56f4eed8cd0f6ffd1bbe1.jpeg
2026-2URMJB,finish,2026-09-29 19:39,2026-10-05 13:24,100.65389,13.7598,บางกะปิ,หัวหมาก,น้ำท่วมขังในซอยรามคำแหง60แยก3มาหลายวันตอนนี้น้ำเริ่มเน่าส่งกลิ่นเหม็น ความสูงระดับ60ซม. น้ำท่วมมาแล้ว4วันแล้วค่ะ,https://storage.googleapis.com/traffy_public_bucket/attachment/2026-09/e7f90577e9f7b615b820aca152185877.jpeg
2026-HPDMA3,forward,2026-09-29 19:40,2026-09-29 21:33,100.64012,13.90088,สายไหม,คลองถนน,ถ. เพิ่มสิน ปากซอย 29 ไปจนถึงตลาดเอสที ยังท่วมขังต่อเนื่องตั้งแต่วันแรก ความสูงระดับหน้าแข้ง น้ำท่วมมาแล้วน้อยกว่า 1 สัปดาห์,https://storage.googleapis.com/traffy_public_bucket/attachment/2026-09/2dd3b60e171ba964658396b5a6835ef5.jpeg
2026-LUFGNU,inprogress,2026-09-29 19:40,2026-09-29 20:17,100.67997,13.7675,สะพานสูง,สะพานสูง,หมู่บ้านสัมมากรรับน้ำมาหลายวันแล้ว เข้าใจว่าเป็นแก้มลิง ด้านนอกหมู่บ้านแห้งมาก แต่ในหมู่บ้าน-หน้าหมู่บ้านระดับน้ำยังสูงมาก รถเล็กไม่สามารถออกได้ ของแจกก้มาแต่ถนนเมน ไม่เข้ามาในซอยย่อย คนส่วนใหญ่ยังออกจากบ้านไม่ได้ น้ำเริ่มส่งกลิ่นเหม็น และรถขยะไม่มาเก็บตา,https://storage.googleapis.com/traffy_public_bucket/attachment/2026-09/425ae68d0221da3f4d8cba5da78c1fdc.jpeg
2026-34MPVF,inprogress,2026-09-29 19:41,2026-09-29 20:38,100.66154,13.80836,บึงกุ่ม,คลองกุ่ม,ปัญหา: ภายในซอยดังกล่าว บริเวณบ้าน (ไม่มีเลขที่) เนื่องจากเกิดเหตุอุทกภัย จึงมีความประสงค์ขอรับความช่วยเหลือด้านอาหาร น้ำดื่ม เครื่องนุ่งห่ม และเวชภัณฑ์ เพราะใส่ชุดเดิมมา 3 วันแล้ว สำหรับผู้พักอาศัย จำนวน 14 ราย ซอย: สุวรรณประสิทธิ์ 3 ถนน: ประเสริฐมนูกิจ,https://storage.googleapis.com/traffy_public_bucket/attachment/2022-12/da2125e781282589d482070c3dba1726aa16a4a7.jpg
2026-34MPVF,finish,2026-09-29 19:41,2026-10-09 13:15,100.66154,13.80836,บึงกุ่ม,คลองกุ่ม,ปัญหา: ภายในซอยดังกล่าว บริเวณบ้าน (ไม่มีเลขที่) เนื่องจากเกิดเหตุอุทกภัย จึงมีความประสงค์ขอรับความช่วยเหลือด้านอาหาร น้ำดื่ม เครื่องนุ่งห่ม และเวชภัณฑ์ เพราะใส่ชุดเดิมมา 3 วันแล้ว สำหรับผู้พักอาศัย จำนวน 14 ราย ซอย: สุวรรณประสิทธิ์ 3 ถนน: ประเสริฐมนูกิจ,https://storage.googleapis.com/traffy_public_bucket/attachment/2022-12/da2125e781282589d482070c3dba1726aa16a4a7.jpg
2026-7Y9M4Z,inprogress,2026-09-29 19:44,2026-09-30 08:39,100.61499,13.94168,ดอนเมือง,สนามบิน,น้ำท่วมถึงหัวเข่า ยังไม่ลด #fonduereport,https://storage.googleapis.com/traffy_public_bucket/attachment/2026-09/152d78c165e5ad32a4ea6c34d3933bf6.jpg
2026-N6H92D,inprogress,2026-09-29 19:44,2026-09-29 21:33,100.63687,13.9089,สายไหม,สายไหม,ขอกระสอบทรายสำหรับเตรียมรับมือน้ำเหนือที่กำลังลงมา #ขอกระสอบทราย/อื่นๆ,https://storage.googleapis.com/traffy_public_bucket/attachment/2026-09/0198735594e04c656665d05fe05c5079.jpeg
2026-ZN6AKU,finish,2026-09-29 19:45,2026-09-30 14:04,100.57786,13.84729,จตุจักร,ลาดยาว,ปัญหา: ภายในซอยดังกล่าว บริเวณบ้านเลขที่ 54/19 ภายหลังจากสถานการณ์น้ำลดลง ขอความอนุเคราะห์เจ้าหน้าที่นำรถฉีดน้ำแรงดันสูง เข้าดำเนินการฉีดล้างทำความสะอาด ซอย: พหลโยธิน 43 ถนน: พหลโยธิน เขต: จตุจักร #1555,https://storage.googleapis.com/traffy_public_bucket/attachment/2022-12/da2125e781282589d482070c3dba1726aa16a4a7.jpg
2026-3ZLGYC,inprogress,2026-09-29 19:47,2026-09-30 09:17,100.69267,13.72262,ประเวศ,ประเวศ,น้ำท่วมไม่ลดมา5วันแล้วค่ะ ความสูงระดับหัวเข่าค่ะ น้ำท่วมมาแล้ว5วันค่ะ ตั้งแต่วันศุกร์,https://storage.googleapis.com/traffy_public_bucket/attachment/2026-09/c6d6d4c6076e256d203ba25879c5e51e.jpeg
2026-X4NHVP,inprogress,2026-09-29 19:47,2026-09-30 08:38,100.63732,13.7774,บางกะปิ,คลองจั่น,น้ำท่วมสูงไม่ลดระดับ ความสูงระดับ30 เซนติเมตร ถึงเกือบถึงเข่า น้ำท่วมมาแล้ววันเสาร์ที่ 26 กันยายน,https://storage.googleapis.com/traffy_public_bucket/attachment/2026-09/f5ffcc6dd4d8a269556784a77897728f.jpeg
2026-ZH2XKW,forward,2026-09-29 19:47,2026-10-05 16:47,100.70721,13.90124,คลองสามวา,สามวาตะวันตก,น้ำท่วมมาตั้งแต่25 กันยายน2569 อยากให้เขามาช่วยสูบน้ำ ความสูงระดับหัวเข่า น้ำท่วมมาแล้ว5วันค่ะ,https://storage.googleapis.com/traffy_public_bucket/attachment/2026-09/964e9d47e632e10c7fcc243375dea78b.jpeg
2026-7MA9GL,inprogress,2026-09-29 19:48,2026-09-29 20:13,100.67897,13.76442,สะพานสูง,สะพานสูง,หมู่บ้านสัมมากรน้ำไม่ลดเลย ความสูงระดับหน้าแข้ง 4 วัน,https://storage.googleapis.com/traffy_public_bucket/attachment/2026-09/fa87e47eeacf7c708741646bdfa57274.jpeg
2026-ZHF96W,inprogress,2026-09-29 19:48,2026-09-29 22:21,100.89196,13.84385,หนองจอก,กระทุ่มราย,"มีน้ำท่วมขังในซอยสังฆสันติสุข40 ช่วงกลางๆซอย สูงระดับ ประมาณ30 ซม. ทำให้รถเล็ก , มอเตอร์ไซค์เข้าออกไม่ได้ ทำให้ออกไปทำงานไม่ได้เลยและน้ำเริ่มจะมีกลิ่นเหม็นแล้ว ความสูงระดับประมาณเกือบถึงหัวเข่าค่ะ น้ำท่วมมาแล้วตั้งแต่วันเสาร์ค่ะ",https://storage.googleapis.com/traffy_public_bucket/attachment/2026-09/003f56bbc98bcf7d050ab70f1359ea59.jpeg
2026-YWFKJ4,forward,2026-09-29 19:50,2026-10-05 16:47,100.71092,13.86318,คลองสามวา,สามวาตะวันตก,น้ำท่วมขังหลายวัน ระดับน้ำลดลงน้อยมาก ความสูงระดับหน้าแข้ง น้ำท่วมมาแล้วน้อยกว่า 1 สัปดาห์,https://storage.googleapis.com/traffy_public_bucket/attachment/2026-09/2440eaebf0dc710a5f314fb19190a8fd.jpeg
2026-HT6G7Z,inprogress,2026-09-29 19:51,2026-09-30 08:41,100.64322,13.78174,บางกะปิ,คลองจั่น,Happyland townhouse ยังทั่วอยูานะในซอย เขตบางกะปิ ทำไมปรับลดแล้วละครับ ความสูงระดับเอว น้ำท่วมมาแล้วน้อยกว่า 1 สัปดาห์,https://storage.googleapis.com/traffy_public_bucket/attachment/2026-09/adad6bc91b0b3e1d03017036e0a5e375.jpeg
2026-HT6G7Z,finish,2026-09-29 19:51,2026-10-09 15:52,100.64322,13.78174,บางกะปิ,คลองจั่น,Happyland townhouse ยังทั่วอยูานะในซอย เขตบางกะปิ ทำไมปรับลดแล้วละครับ ความสูงระดับเอว น้ำท่วมมาแล้วน้อยกว่า 1 สัปดาห์,https://storage.googleapis.com/traffy_public_bucket/attachment/2026-09/adad6bc91b0b3e1d03017036e0a5e375.jpeg
2026-T3VPMH,inprogress,2026-09-29 19:52,2026-09-30 11:50,100.6441,13.78246,บางกะปิ,คลองจั่น,"ศูนย์บันเทิงการค้าแฮปปี้แลนด์ โซนศาลเจ้าพ่อเสือ แมนชั่น ซอยต่างๆ หมู่บ้าน ในเขตน้ำท่วมหนัก เขตบางกะปิ ไม่เคยเข้ามาดูแลเลย ตั้งแต่น้ำท่วม ข้าวน้ำไม่เคยได้ กทม บอกจัด 60,000ชุดต่อมื้อ ไม่เคยได้ครับ ผอ เขตบางกะปิ ท่านทำงานยังไง ผมโทรไป 1555 ขอเบอร์ผมไว้เมื่อ",https://storage.googleapis.com/traffy_public_bucket/attachment/2026-09/90c0d09dafdc4e313daebdeacc0a2f0b.jpeg
2026-T3VPMH,finish,2026-09-29 19:52,2026-10-09 12:27,100.6441,13.78246,บางกะปิ,คลองจั่น,"ศูนย์บันเทิงการค้าแฮปปี้แลนด์ โซนศาลเจ้าพ่อเสือ แมนชั่น ซอยต่างๆ หมู่บ้าน ในเขตน้ำท่วมหนัก เขตบางกะปิ ไม่เคยเข้ามาดูแลเลย ตั้งแต่น้ำท่วม ข้าวน้ำไม่เคยได้ กทม บอกจัด 60,000ชุดต่อมื้อ ไม่เคยได้ครับ ผอ เขตบางกะปิ ท่านทำงานยังไง ผมโทรไป 1555 ขอเบอร์ผมไว้เมื่อ",https://storage.googleapis.com/traffy_public_bucket/attachment/2026-09/90c0d09dafdc4e313daebdeacc0a2f0b.jpeg
2026-YMBD24,inprogress,2026-09-29 19:52,2026-09-29 22:20,100.84967,13.82284,หนองจอก,โคกแฝด,อยากได้ทรายแบบบรรจุกระสอบพร้อมทำคันกั้นมากค่ะ รถเล็กสัญจรเริ่มลำบากแล้วค่ะ อย่างน้อยได้ออกไปเตรียมเสบียงไปทำงานตอนนี้กันก่อนค่ะ หากหนักจนไม่ไหวค่อยว่ากันได้ค่ะ ขอบคุณค่ะ ความสูงระดับไล่ระดับ ลึกสุดน่าจะประมาณเข่า น้ำท่วมมาแล้วตั้งแต่วัน ศ,https://storage.googleapis.com/traffy_public_bucket/attachment/2026-09/d8e799ca4d675f18d949d0e6652a0de5.jpeg
2026-HNFJMR,inprogress,2026-09-29 19:53,2026-09-30 10:30,100.75709,13.79344,มีนบุรี,แสนแสบ,ต้องการเรือค่ะถ้าไม่ได้เรือก็ขอเป็นโฟมก็ได้ค่ะออกจากบ้านลำบากมากเลยค่ะไม่มีใครมาช่วยเลยค่ะแม้แต่ข้าวก็ยังไม่มีจะกินเลยค่ะมีทั้งเด็กน้อยและคนพิการค่ะคนแก่ด้วยค่ะ เวลาออกจากบ้านลำบากมากเลยค่ะตอนนี้ก็ไม่ไหวแล้วค่ะน้ำกัดเท้าแล้วค่ะอยากได้ยากัดเท้าด้วยค่ะขอให้,https://storage.googleapis.com/traffy_public_bucket/attachment/2026-09/b3a42880cb7b888e58230fad54cda031.jpeg
2026-HTVDPP,inprogress,2026-09-29 19:57,2026-09-29 20:18,100.68054,13.76009,สะพานสูง,สะพานสูง,ตอนนี้น้ำยังคงท่วมขังค่ะ ประมาณหัวเข่า วันนี้วันที่ 4 แล้ว ไม่มีหน่วยงานไหนเข้ามาถึงเลย น้ำไม่ยังไม่ระบายออกค่ะ และในซอย 118 ด้านนอก ยังมีจุดที่น้ำท่วมระดับเอวค่ะ อยากให้เข้ามาช่วยดู เนื่องจากไม่ค่อยมีสื่อพูดถึงเขตสะพานสูงเลย มีแต่บางกะปิ ร่มเกล้า แล้วข้า,https://storage.googleapis.com/traffy_public_bucket/attachment/2026-09/070caae55e85732b679a96f57cfe3cb7.jpeg
2026-XTZWBA,inprogress,2026-09-29 19:57,2026-09-29 20:14,100.67283,13.77791,สะพานสูง,สะพานสูง,ปัญหา: เข้าเป็นซอยไม่มีชื่อ บ้านเลขที่ 33 เนื่องจากเหตุอุทกภัย ต้องการความช่วยเหลือขอรับเครื่องอุปโภคบริโภค มีผู้อยู่อาศัยรวม 19 คน ผู้สูงอายุ 3 ท่าน เด็ก 1 ท่าน ผู้ใหญ่ 15 ท่าน คุณศรัญญา วงมาร หมายเลขโทรศัพท์ 0815139507 บ้านเลขที่: 33 ถนน: รามคำแหง จุด,https://storage.googleapis.com/traffy_public_bucket/attachment/2022-12/da2125e781282589d482070c3dba1726aa16a4a7.jpg
2026-9H7PX6,inprogress,2026-09-29 20:04,2026-09-29 22:19,100.9009,13.78514,หนองจอก,ลำต้อยติ่ง,น้ำท่วมสูงขึ้นเป็นวันที่ 4 วัน พน (30/09/2026) จะเป็นวันที่ 5 ที่ระดับน้ำถึงเอว เหมือนติดเกาะอยู่กลางแม่น้ำ ต้องการเร่งการสูบน้ำออกจากพื้นที่อย่างเร่งด่วน เนื่องจากถ้ามากกว่านี้จะส่งผลต่อผู้ป่วยติดเตียงที่ทานอาหารทางสายยาง นอกจากนี้ยังต้องการกระสอบทรายจำน,https://storage.googleapis.com/traffy_public_bucket/attachment/2026-09/471733c685a517d5dab1c214a1b8f2b8.jpeg
2026-9H7PX6,follow,2026-09-29 20:04,2026-10-07 09:42,100.9009,13.78514,หนองจอก,ลำต้อยติ่ง,น้ำท่วมสูงขึ้นเป็นวันที่ 4 วัน พน (30/09/2026) จะเป็นวันที่ 5 ที่ระดับน้ำถึงเอว เหมือนติดเกาะอยู่กลางแม่น้ำ ต้องการเร่งการสูบน้ำออกจากพื้นที่อย่างเร่งด่วน เนื่องจากถ้ามากกว่านี้จะส่งผลต่อผู้ป่วยติดเตียงที่ทานอาหารทางสายยาง นอกจากนี้ยังต้องการกระสอบทรายจำน,https://storage.googleapis.com/traffy_public_bucket/attachment/2026-09/471733c685a517d5dab1c214a1b8f2b8.jpeg
2026-ALUKYF,inprogress,2026-09-29 20:05,2026-10-02 07:10,100.67731,13.75087,บางกะปิ,หัวหมาก,ปัญหา: ภายในซอยแยกดังกล่าว บริเวณเลขที่ 67 พบน้ำท่วมขังและเริ่มเน่าเสีย ขอรับอาหารแห้ง ยารักษาโรค และสิ่งของอุปโภคบริโภค ซอย: กรุงเทพกรีฑา 15 แยก 4 ถนน: กรุงเทพกรีฑา จุดสังเกต: บ้านหลังดังกล่าวอยู่ติดกับ Nirvana DEFINE Krungthep Kreetha | เนอวานา ดีฟายน,https://storage.googleapis.com/traffy_public_bucket/attachment/2022-12/da2125e781282589d482070c3dba1726aa16a4a7.jpg
2026-GW4N4V,finish,2026-09-29 20:08,2026-10-04 20:12,100.67165,13.72319,ประเวศ,ประเวศ,ต้องการแจ้งเหตุน้ำท่วมเข้าบ้านได้รับความเสียหาย ขอดำเนินเรื่องลงทะเบียนรับเงินเยียวยาผู้ประสบภัยอุทกภัยค่ะ บ้านเลขที่ 41/1 ซอยอ่อนนุช 59 แขวงประเวศ เขตประเวศ กรุงเทพมหานคร ตอนนี้น้ำท่วมสูงและข้าวของในบ้านได้รับความเสียหาย ความสูงระดับหัวเข่า น้ำท่วมมาแล้ว,https://storage.googleapis.com/traffy_public_bucket/attachment/2026-09/89d6f4670b3f23314b907903eafab3b4.jpeg
2026-TTJWAL,inprogress,2026-09-29 20:10,2026-10-02 16:59,100.6322,13.76267,บางกะปิ,หัวหมาก,ปัญหา: หอพักเพชรไพลินแมนชั่น ภายในซอยดังกล่าว เนื่องจากเหตุอุทกภัยส่งผลให้ผู้ที่พักอาศัย ไม่สามารถออกนอกพื้นที่ได้ ต้องการขอรับเครื่องอุปโภคบริโภค ซอย: รามคำแหง 79/1 ถนน: รามคำแหง เขต: บางกะปิ #1555,https://storage.googleapis.com/traffy_public_bucket/attachment/2022-12/da2125e781282589d482070c3dba1726aa16a4a7.jpg
2026-TTJWAL,finish,2026-09-29 20:10,2026-10-09 13:07,100.6322,13.76267,บางกะปิ,หัวหมาก,ปัญหา: หอพักเพชรไพลินแมนชั่น ภายในซอยดังกล่าว เนื่องจากเหตุอุทกภัยส่งผลให้ผู้ที่พักอาศัย ไม่สามารถออกนอกพื้นที่ได้ ต้องการขอรับเครื่องอุปโภคบริโภค ซอย: รามคำแหง 79/1 ถนน: รามคำแหง เขต: บางกะปิ #1555,https://storage.googleapis.com/traffy_public_bucket/attachment/2022-12/da2125e781282589d482070c3dba1726aa16a4a7.jpg
2026-JDAW87,inprogress,2026-09-29 20:11,2026-09-30 10:29,100.71956,13.78504,มีนบุรี,มีนบุรี,น้ำท่วมขังเท่าเข่ามา5 วัน ซอยรามคำแหง174 ด้านใน น้ำเริ่มเน่า และยุงเยอะ มีเด็กและผู้สูงอายุเยอะมากๆค่ะ โดยที่ในซอยหลายจุดมีการสูบน้ำออก จนถนนเกือบแห้งแล้ว แต่พอข้ามสะพานมา ไม่มีหน่วยงานไหนเข้ามาช่วยเหลือเลยค่ะ 30-40เซนที่หน้าป้อม รปภ ตั้งแต่วันที่ 26 ค่ะ,https://storage.googleapis.com/traffy_public_bucket/attachment/2026-09/2a9df11b52017a031b157828c88b5a63.jpeg
2026-UHZB8F,inprogress,2026-09-29 20:13,2026-09-30 11:30,100.63741,13.70865,สวนหลวง,สวนหลวง,ท่อระบายน้ำตำแหน่งนี้ตัน ไม่เคยมีการลอกท่อนี้มานานนับสิบปี เป็นจุดต่ำสุดของซอย ทำให้น้ำตกค้างไม่ระบาย ปัจจุบันน้ำเพิ่งแห้ง อยากให้มีการลอกท่อก่อนฝนจะลงมาอีก ความสูงระดับหัวเข่าครับ น้ำท่วมมาแล้วตอนนี้แห้งแล้วครับ แต่ใช้เวลามากกว่าจุดอื่นๆในซอยเกือบสองวัน,https://storage.googleapis.com/traffy_public_bucket/attachment/2026-09/f5b95713085210048ffe9d1edaa06c52.jpeg
2026-UHZB8F,finish,2026-09-29 20:13,2026-10-10 10:30,100.63741,13.70865,สวนหลวง,สวนหลวง,ท่อระบายน้ำตำแหน่งนี้ตัน ไม่เคยมีการลอกท่อนี้มานานนับสิบปี เป็นจุดต่ำสุดของซอย ทำให้น้ำตกค้างไม่ระบาย ปัจจุบันน้ำเพิ่งแห้ง อยากให้มีการลอกท่อก่อนฝนจะลงมาอีก ความสูงระดับหัวเข่าครับ น้ำท่วมมาแล้วตอนนี้แห้งแล้วครับ แต่ใช้เวลามากกว่าจุดอื่นๆในซอยเกือบสองวัน,https://storage.googleapis.com/traffy_public_bucket/attachment/2026-09/f5b95713085210048ffe9d1edaa06c52.jpeg
2026-3PDP43,forward,2026-09-29 20:18,2026-09-30 09:39,100.62009,13.74203,สวนหลวง,สวนหลวง,ถนนเส้นนี้ ตั้งแต่เสรีมาร์เก็ตเข้ามาจนถึงหมู่บ้านเสรี 5 ทั้งซอยน้ำยังท่วมสูงเลยเข่า มา 4 วันแล้วและยังไม่มีหน่วยงานไหนเข้ามาช่วยเหลือเลย ความสูงระดับหัวเข่า น้ำท่วมมาแล้วน้อยกว่า 1 สัปดาห์,https://storage.googleapis.com/traffy_public_bucket/attachment/2026-09/34c8521b83a1207ae80de838005277a2.jpeg
2026-W6TLEV,finish,2026-09-29 20:25,2026-10-05 14:21,100.62854,13.79144,บางกะปิ,คลองจั่น,ตอนนี้น้ำท่วมขัง มีเครื่องสูบน้ำ คนในหมู่บ้านช่วยกันยกเครื่องจะสูงที่สุดเท่าที่ทำได้แล้วค่ะ แต่ น้ำไหลได้ไม่เต็มท่อ เนื่องจากท่อที่จุ่มลงไปยาวเกินไป เลยยังมีเศษขยะมาอุดตันอยู่ ต้องการให้ช่วยหาคนมาลอกท่อ / เอาขยะที่อุดตันออก น้ำที่ค้างในหมู่บ้านจากฝนตกกำลั,https://storage.googleapis.com/traffy_public_bucket/attachment/2026-09/806af60805130d7f34a9f9ea88d76ac1.jpeg
2026-URLUMP,finish,2026-09-29 20:26,2026-09-30 14:35,100.80939,13.79424,หนองจอก,ลำผักชี,"น้ำท่วมในหมู่บ้านสูงถึง 65 cm คนติดอยู่ในหมู่บ้านหลัก 1,000 หลังคาเรือน ออกไปไหนไม่ได้ ลำบาก อาหารกำลังจะหมด สูบน้ำไม่ออกเลย ระบายน้ำไม่ได้ คลองในหมู่บ้าน ล้นออกมาหมด เครื่องสูบเล็ก และไม่มีคันกั้นน้ำ ไม่มีคนเข้ามาดู มาทำ ช่วยกันแต่ที่อื่น และที่นี่ต้องรั",https://storage.googleapis.com/traffy_public_bucket/attachment/2026-09/thumb_2f21fa65b38ae442530bb619b8e0a0d9.jpg
2026-GPP2MV,inprogress,2026-09-29 20:27,2026-09-30 10:29,100.73794,13.78732,มีนบุรี,มีนบุรี,ชุมชนมุสลิมริมคลองสองต้นนุ่นเขตมีนบุรี ตอนนี้ที่บ้านมีลูกแบเบาะ น้ำท่วมขังมาหลายวันแล้ว ยังพอช่วยเหลือตัวเองได้ค่ะ แต่อยากให้ช่วยเรื่องน้ำ น้ำท่วมสูง น้ำนิ่งมาก กลัวจะเน่าและมียุงชุม เป็นอันตรายกับเด็กเล็กหากไม่สบายขึ้นมาจะลำบากในการเดินทางออกไปหาหมอ และใ,https://storage.googleapis.com/traffy_public_bucket/attachment/2026-09/daf80e0558d599b0567c56cac6d16a1e.jpeg
2026-2JZXN2,forward,2026-09-29 20:28,2026-09-29 21:37,100.65472,13.79642,บึงกุ่ม,คลองกุ่ม,น้ำสูงขึ้นในซอยนวมินทร์ 42 ถ้าช่วยมาเปิดเครื่องระบายน้พตรงคลองบางเตยในซอยนวมินทร์ 42 น่าจะช่วยบรรเทาให้คนในซอยใช้ชีวิตง่ายขึ้นนะคะ รบกวนช่วยมาดูหน่อย ความสูงระดับเกือบจะเข่า ประมาณ 40-50 cm น้ำท่วมมาแล้ว5 วันละค่ะ,https://storage.googleapis.com/traffy_public_bucket/attachment/2026-09/4754bf37f417bd740dde157b6fc3f708.jpeg
2026-3AP3UZ,forward,2026-09-29 20:28,2026-09-29 21:37,100.65472,13.79642,บึงกุ่ม,คลองกุ่ม,น้ำสูงขึ้นในซอยนวมินทร์ 42 ถ้าช่วยมาเปิดเครื่องระบายน้พตรงคลองบางเตยในซอยนวมินทร์ 42 น่าจะช่วยบรรเทาให้คนในซอยใช้ชีวิตง่ายขึ้นนะคะ รบกวนช่วยมาดูหน่อย ความสูงระดับเกือบจะเข่า ประมาณ 40-50 cm น้ำท่วมมาแล้วน้อยกว่า 1 สัปดาห์,https://storage.googleapis.com/traffy_public_bucket/attachment/2026-09/66a8893f7bc05d750dd385ff0117dc03.jpeg
2026-L3WD7W,finish,2026-09-29 20:28,2026-10-01 14:18,100.44063,13.62112,บางขุนเทียน,ท่าข้าม,น้ำท่วมขังตั้งแต่วันเสาร์จนถึงวันนี้ที่ซอยเทียนทะเล19แยก1-3(ซอยฉัตรเพชร)ตอนนี้น้ำท่วมถึงเข่าและเริ่มมีกลิ่นเน่า ความสูงระดับหัวเข่า น้ำท่วมมาแล้ว4วัน,https://storage.googleapis.com/traffy_public_bucket/attachment/2026-09/thumb_2d904caedb287b4e9c1c469ae5c168ac.jpg
2026-4J2BVX,finish,2026-09-29 20:29,2026-09-30 14:30,100.80939,13.79422,หนองจอก,ลำผักชี,"หมู่บ้านฟลอร่าวิลล์ พาร์ค ซิตี้ ถ.สุวินทวงศ์ ซ.สุวินทวงศ์ 38 แขวงลำผักชี เขตหนองจอก กทม. น้ำท่วมในหมู่บ้านสูงถึง 65 cm คนติดอยู่ในหมู่บ้านหลัก 1,000 หลังคาเรือน ออกไปไหนไม่ได้ ลำบาก อาหารกำลังจะหมด สูบน้ำไม่ออกเลย ระบายน้ำไม่ได้ คลองในหมู่บ้าน ล้นออกมาหมด",https://storage.googleapis.com/traffy_public_bucket/attachment/2026-09/522d753687ab9a895963ba65f2a28e20.jpeg
2026-UNAXA3,forward,2026-09-29 20:29,2026-09-30 14:09,100.63237,13.75328,บางกะปิ,หัวหมาก,เนื่องจากถนนหัวหมากสูงกว่าระดับพื้นหมู่บ้านเดชาประมาณ 1 ชั้น ทำให้เกิดน้ำท่วมขังในซอยหัวหมาก 26 (หรือซอยรามคำแหง 26/1) ตั้งแต่คืนวันศุกร์ที่ 25 ก.ย. จนถึงปัจจุบัน ส่งผลให้รถยนต์ในบ้านได้รับความเสียหายและไม่สามารถสัญจรเข้า-ออกได้ ทำให้อาหารและน้ำดื่มเริ่มข,https://storage.googleapis.com/traffy_public_bucket/attachment/2026-09/98dee71aeeee137f1b3b98249aa661d2.jpeg
2026-8RWMRV,start,2026-09-29 20:30,2026-09-29 20:30,100.71532,13.76699,ลาดกระบัง,คลองสองต้นนุ่น,น้ำท่วมขังระดับหัวเข่า ความสูงระดับหัวเข่า น้ำท่วมมาแล้ว4วัน,https://storage.googleapis.com/traffy_public_bucket/attachment/2026-09/8d4b08bc66fcea6e8fc883c816e5a1e6.jpeg
2026-8RWMRV,follow,2026-09-29 20:30,2026-10-07 20:06,100.71532,13.76699,ลาดกระบัง,คลองสองต้นนุ่น,น้ำท่วมขังระดับหัวเข่า ความสูงระดับหัวเข่า น้ำท่วมมาแล้ว4วัน,https://storage.googleapis.com/traffy_public_bucket/attachment/2026-09/8d4b08bc66fcea6e8fc883c816e5a1e6.jpeg
2026-AXLMVE,inprogress,2026-09-29 20:30,2026-09-29 20:54,100.69969,13.78126,สะพานสูง,สะพานสูง,ซอยย่อย 2/5 หมู่บ้านธารารมณ์ รามคำแหง 150 น้ำท่วมขัง 4 วัน ระดับน้ำแทบไม่ลดเลยค่ะ ความสูงระดับหน้าแข้ง น้ำท่วมมาแล้ว4 วัน,https://storage.googleapis.com/traffy_public_bucket/attachment/2026-09/12026fc87ecbe039ebe2c243f56e96b4.jpeg
2026-LEPAR6,forward,2026-09-29 20:36,2026-09-30 14:11,100.62856,13.79144,บางกะปิ,คลองจั่น,เลขเคส 2026-W6TLEV รบกวนทีนะคะ รอมา4วันแล้วค่ะ🥹 ความสูงระดับหน้าแข้ง น้ำท่วมมาแล้วน้อยกว่า 1 สัปดาห์,https://storage.googleapis.com/traffy_public_bucket/attachment/2026-09/d5b6555caf19298b7508604e85faa1cc.jpeg
2026-EVEBPL,inprogress,2026-09-29 20:37,2026-09-30 14:12,100.66058,13.74152,บางกะปิ,หัวหมาก,น้ำท่วมในหมู่บ้าน patio พระราม 9 - ศรีนครินท์สูงมากๆ ทางเข้าออกหมู่บ้านถูกปิดกั้นเพราะน้ำท่วมถึงอก คนในหมู่บ้านไม่สามารถออกไปใช้ชีวิตได้ ตอนนี้น้ำ อาหารใกล้หมดแล้วยังไม่มีหน่วยงานมาช่วย ทางเข้าหมู่บ้านคือสนามกอล์ฟยูนิโก้ซึ่งน้ำยังท่วมสูง ปิดทางเข้าออกหมด ,https://storage.googleapis.com/traffy_public_bucket/attachment/2026-09/4691737ce482d4cd89ece13cae353bfd.jpeg
2026-EVEBPL,finish,2026-09-29 20:37,2026-10-06 13:10,100.66058,13.74152,บางกะปิ,หัวหมาก,น้ำท่วมในหมู่บ้าน patio พระราม 9 - ศรีนครินท์สูงมากๆ ทางเข้าออกหมู่บ้านถูกปิดกั้นเพราะน้ำท่วมถึงอก คนในหมู่บ้านไม่สามารถออกไปใช้ชีวิตได้ ตอนนี้น้ำ อาหารใกล้หมดแล้วยังไม่มีหน่วยงานมาช่วย ทางเข้าหมู่บ้านคือสนามกอล์ฟยูนิโก้ซึ่งน้ำยังท่วมสูง ปิดทางเข้าออกหมด ,https://storage.googleapis.com/traffy_public_bucket/attachment/2026-09/4691737ce482d4cd89ece13cae353bfd.jpeg
2026-2E3ZRZ,inprogress,2026-09-29 20:39,2026-09-29 20:55,100.68102,13.77679,สะพานสูง,สะพานสูง,อยากทราบว่ารามคำแหง118 อีกกี่วันน้ำถึงจะระบายคะ จะได้ตุนของถูกค่ะ เพราะทุกวันนี้เดินทางไปข้างนอกลำบากมาก ความสูงระดับหน้าแข้ง น้ำท่วมมาแล้ว5วัน,https://storage.googleapis.com/traffy_public_bucket/attachment/2026-09/c9de1e009f3cb57b515df46b3a4c4634.jpeg
2026-FJF63B,inprogress,2026-09-29 20:42,2026-09-30 14:20,100.64086,13.779,บางกะปิ,คลองจั่น,น้ำท่วมรอการระบาย ความสูงระดับเอว น้ำท่วมมาแล้วน้อยกว่า 1 สัปดาห์,https://storage.googleapis.com/traffy_public_bucket/attachment/2026-09/e01e01bd066967a594f49c09ae5463e0.jpeg
2026-FJF63B,finish,2026-09-29 20:42,2026-10-08 09:04,100.64086,13.779,บางกะปิ,คลองจั่น,น้ำท่วมรอการระบาย ความสูงระดับเอว น้ำท่วมมาแล้วน้อยกว่า 1 สัปดาห์,https://storage.googleapis.com/traffy_public_bucket/attachment/2026-09/e01e01bd066967a594f49c09ae5463e0.jpeg
2026-4MGNHK,inprogress,2026-09-29 20:43,2026-09-30 10:18,100.71879,13.78509,มีนบุรี,มีนบุรี,น้ำท่วมในซอย รามคำแหง 174 มาตั้งแต่ คืนวันศุกร์ที่ 25/9 น้ำสูงขึ้นเรื่อยๆ ตอนนี้อยู่ระดับแข้ง-เข่า ตอนนี้เริ่มจะเป็นน้ำเน่ายุงเยอะมาก ไม่มีเครื่องสูบน้ำมาสูบออกเลย ทำให้ยังน้ำท่วมค้างอยู่ ความสูงระดับหน้าแข้ง น้ำท่วมมาแล้วน้อยกว่า 1 สัปดาห์,https://storage.googleapis.com/traffy_public_bucket/attachment/2026-09/903aff6e63ee0eb3ceecc75fe7925bb4.jpeg
2026-X3Z6UT,inprogress,2026-09-29 20:43,2026-09-29 22:17,100.91035,13.91802,หนองจอก,คลองสิบสอง,น้ำท่วม กันน้ำเอาไม่อยู่แล้วครับปริ่มไหลเข้ามาแล้ว ยังไม่เคยได้ทรายไม่มีใครเอามาให้เลย ได้ใส่มายังได้มีที่นอนคับ ความสูงระดับหัวเข่า น้ำท่วมมาแล้วน้อยกว่า 1 สัปดาห์,https://storage.googleapis.com/traffy_public_bucket/attachment/2026-09/21bd6e6988359d3d5db5fd1d9f2c1651.jpeg
2026-LATWG3,inprogress,2026-09-29 20:44,2026-09-30 10:18,100.76943,13.82278,มีนบุรี,แสนแสบ,สวัสดีค่ะ ขอแจ้งเรื่อง วันที่29 กันยายน 2569 ในซอย ราษฎร์อุทิศ 18 แขวงแสนแสบ เขตมีนบุรี กรุงเทพมหานคร ช่วงท้ายซอยที่ติดคลอง มีน้ำท่วมขัง ตอนนี้น้ำสูงมาก ทำให้การเดินทางเข้าออกลำบาก มีน้ำท่วมขัง ไม่มีที่ระบาย ล้นคลอง ช่วยแก้ปัญหาให้หน่อยนะคะ เดือดร้อนหนักม,https://storage.googleapis.com/traffy_public_bucket/attachment/2026-09/aab7d2d46b7f03d2eb98b599369db355.jpeg
2026-WXT98Z,inprogress,2026-09-29 20:45,2026-10-02 16:45,100.62774,13.76083,บางกะปิ,หัวหมาก,ปัญหา: ปากซอยดังกล่าว พบเจ้าหน้าที่สำนักการระบายน้ำ จำนวนไม่เกิน 10 คน เข้าปฏิบัติหน้าที่ช่วยเหลือผู้ประสบภัยน้ำท่วม แต่ไม่มีการสนับสนุนด้านอาหาร จึงขอให้หน่วยงานที่เกี่ยวข้องดำเนินการจัดสรรอาหารและน้ำดื่มให้กับเจ้าหน้าที่ดังกล่าว ซอย: รามคำแหง 69/1 ถนน,https://storage.googleapis.com/traffy_public_bucket/attachment/2022-12/da2125e781282589d482070c3dba1726aa16a4a7.jpg
2026-WXT98Z,finish,2026-09-29 20:45,2026-10-09 12:57,100.62774,13.76083,บางกะปิ,หัวหมาก,ปัญหา: ปากซอยดังกล่าว พบเจ้าหน้าที่สำนักการระบายน้ำ จำนวนไม่เกิน 10 คน เข้าปฏิบัติหน้าที่ช่วยเหลือผู้ประสบภัยน้ำท่วม แต่ไม่มีการสนับสนุนด้านอาหาร จึงขอให้หน่วยงานที่เกี่ยวข้องดำเนินการจัดสรรอาหารและน้ำดื่มให้กับเจ้าหน้าที่ดังกล่าว ซอย: รามคำแหง 69/1 ถนน,https://storage.googleapis.com/traffy_public_bucket/attachment/2022-12/da2125e781282589d482070c3dba1726aa16a4a7.jpg
2026-P27ECW,inprogress,2026-09-29 20:46,2026-09-30 12:20,100.61239,13.88352,บางเขน,อนุสาวรีย์,น้ำท่วมมา 5 วันแล้วครับ ยังไม่ระบายออกเลย อยากให้รีบเข้ามาช่วยเหลือครับ ความสูงระดับหัวเข่า น้ำท่วมมาแล้วน้อยกว่า 1 สัปดาห์,https://storage.googleapis.com/traffy_public_bucket/attachment/2026-09/e74213e7f5bd91f2d2b17326ca826d61.jpeg
2026-P27ECW,finish,2026-09-29 20:46,2026-10-09 18:18,100.61239,13.88352,บางเขน,อนุสาวรีย์,น้ำท่วมมา 5 วันแล้วครับ ยังไม่ระบายออกเลย อยากให้รีบเข้ามาช่วยเหลือครับ ความสูงระดับหัวเข่า น้ำท่วมมาแล้วน้อยกว่า 1 สัปดาห์,https://storage.googleapis.com/traffy_public_bucket/attachment/2026-09/e74213e7f5bd91f2d2b17326ca826d61.jpeg
2026-KUD4WU,inprogress,2026-09-29 20:48,2026-09-30 08:38,100.57972,13.93682,ดอนเมือง,สีกัน,5วันแล้วนะ ซ.เดชะตุงคะ ทางเข้า ม.ศศิกานต์2น้ำไม่แห้งเลย เขตดอนเมืองช่วยดูแลติดตั้งเครื่องสูบน้ำระบายหรือจัการส่วนนี้ด้วย ด้านอกแห้ง2วันแล้ว ความสูงระดับหัวเข่า น้ำท่วมมาแล้วมากกว่า 1 สัปดาห์,https://storage.googleapis.com/traffy_public_bucket/attachment/2026-09/a888b40c5c6e08109e819f1bacc28dee.jpeg
2026-CCXFCG,start,2026-09-29 20:49,2026-09-29 20:49,100.74752,13.76216,ลาดกระบัง,คลองสามประเวศ,ในชอยร่มเกล้า21มีน้ำท่วมขังตั้งแต่วันที่25-1 ต.ค. ไม่ลดเลย เราออกไปทำงานไม้ได้ตามปกติเพราะไม่มีรถโดยสาร เละน้ำท่วมรถมอไชด์ทีีใช้ในการไปทำงานพัง ความสูงระดับหอพักตึก K21 น้ำท่วมมาแล้ว50-60cm.,https://storage.googleapis.com/traffy_public_bucket/attachment/2026-09/3c566e96509709ace154de7c39e1b9cc.jpeg
2026-HK7G6E,inprogress,2026-09-29 20:52,2026-09-29 22:16,100.80907,13.7953,หนองจอก,ลำผักชี,หมู่บ้านฟลอร่าวิลล์ สุวินทวงศ์38 ทุกเฟส น้ำท่วมขัง ไม่ระบายเลยค่ะ ลูกบ้าน ทุกหลังติดไม่สามารถเดินรถออกไปได้ เพราะน้ำสูงมาก มีความเสี่ยงรถพัง ช่วยมาดูแลจัดการให้หน่อยค่ะ ความสูงระดับตั้งแต่เสาร26 กย ค่ะ ไม่ได้ออกบ้านมา4 วันแล้วค่ะ น้ำท่วมมาแล้ว4 วันค่,https://storage.googleapis.com/traffy_public_bucket/attachment/2026-09/2e0a6e48b89df90889b42c96c1260be4.jpeg
2026-W3MPXN,inprogress,2026-09-29 20:54,2026-09-30 10:03,100.49839,13.67047,ราษฎร์บูรณะ,บางปะกอก,ด้วยกรณีเกิดฝนตกหนักที่ผ่านมา ณ ที่จุดนี้มีปริมาณขยะปิดขวางทางน้ำทำให้น้ำไม่สามารถระบายได้และในร่องน้ำช่องถัดไปเช่นเดียวกันขอความกรุณาหน่วยงานที่เกี่ยวข้องช่วยสะสางและแก้ไขค่ะ ความสูงระดับมิดถนนค่ะ น้ำท่วมมาแล้วเคยมีกรณีฝนตกหนักก่อนหน้านี้ก็ท่วมค่ะจนหลังส,https://storage.googleapis.com/traffy_public_bucket/attachment/2026-09/9acb67a4df70bb485919b7d90f05c35b.jpeg
2026-KKWNY4,inprogress,2026-09-29 20:56,2026-10-02 16:45,100.64723,13.77918,บางกะปิ,คลองจั่น,น้ำท่วมทางเข้าบ้าน ต้องการเสบียงเพิ่มเติมค่ะ ไข่5แผง ขนมปัง 3 แถว ความสูงระดับทางเข้าซอยท่วมสูงค่า พอดีมีแต่คนแก่อยู่ในบ้านค่ะ ผู้แจ้งอยู่ที่อื่นค่ะ น้ำท่วมมาแล้วน้อยกว่า 1 สัปดาห์,https://storage.googleapis.com/traffy_public_bucket/attachment/2026-09/3fb221cae6ede673f0bae6be9e6af885.jpeg
2026-KKWNY4,finish,2026-09-29 20:56,2026-10-09 12:48,100.64723,13.77918,บางกะปิ,คลองจั่น,น้ำท่วมทางเข้าบ้าน ต้องการเสบียงเพิ่มเติมค่ะ ไข่5แผง ขนมปัง 3 แถว ความสูงระดับทางเข้าซอยท่วมสูงค่า พอดีมีแต่คนแก่อยู่ในบ้านค่ะ ผู้แจ้งอยู่ที่อื่นค่ะ น้ำท่วมมาแล้วน้อยกว่า 1 สัปดาห์,https://storage.googleapis.com/traffy_public_bucket/attachment/2026-09/3fb221cae6ede673f0bae6be9e6af885.jpeg
2026-3Y69YV,forward,2026-09-29 20:57,2026-10-05 16:46,100.69544,13.86497,คลองสามวา,สามวาตะวันตก,เพื่อนอยู่หมู่บ้านเค.ซี.รามอินทรา5 ถนนพระยาสุเรนทร์40 น้ำท่วมถึงเอวมาหลายวัน ออกมาหาอาหารลำบากค่ะ ไม่แน่ใจมีหน่วยงานไหนเข้าไปช่วยเหลือได้บ้างคะ มีแนวโน้มว่าระดับน้ำจะลดบ้างไหมคะ ความสูงระดับเอว น้ำท่วมมาแล้วน้อยกว่า 1 สัปดาห์,https://storage.googleapis.com/traffy_public_bucket/attachment/2026-09/f4db394c268061da15bbf7548fdc4974.jpeg
2026-DU78XD,inprogress,2026-09-29 20:57,2026-09-30 12:11,100.63741,13.76723,บางกะปิ,คลองจั่น,ซอยลาดพร้าว 136 น้ำไม่ลดลงเลยค่ะ 5 วันแล้ว ความสูงระดับหน้าแข้ง 5 วัน,https://storage.googleapis.com/traffy_public_bucket/attachment/2026-09/0a4aad00cfc15a5194a0830c55fdf81c.jpeg
2026-DU78XD,finish,2026-09-29 20:57,2026-10-07 09:28,100.63741,13.76723,บางกะปิ,คลองจั่น,ซอยลาดพร้าว 136 น้ำไม่ลดลงเลยค่ะ 5 วันแล้ว ความสูงระดับหน้าแข้ง 5 วัน,https://storage.googleapis.com/traffy_public_bucket/attachment/2026-09/0a4aad00cfc15a5194a0830c55fdf81c.jpeg
2026-TU6H9Y,inprogress,2026-09-29 20:57,2026-09-29 22:13,100.79839,13.79319,หนองจอก,ลำผักชี,แจ้งน้ำท่วม น้ำท่วมสูงมาก ต้องการความช่วยเหลือด่วน น้ำสูง65เซนแล้ว ต้องการความช่วยเหลือด่วน ติดน้ำออกไม่ได้3วันแล้ว ความสูงระดับถนน60เซน แต่ท้ายซอย น่าจะมากกว่า1 เมตร(ถึงเอว) น้ำท่วมมาแล้ว3วันแล้วค่ะ น้ำเริ่มมีกลิ่นแล้ว,https://storage.googleapis.com/traffy_public_bucket/attachment/2026-09/thumb_eca37215c44e4a6d186a2357f8402e02.jpg
2026-BYMV8L,finish,2026-09-29 20:58,2026-09-29 21:14,100.50421,13.78779,บางพลัด,บางพลัด,ปัญหา: บริเวณทางลงเรือ คอนโด แบงคอก ริเวอร์ มารีนา พบแนวคันกั้นน้ำกระสอบทรายของกรุงเทพมหานครมีการวางในลักษณะไม่มั่นคงแข็งแรง เกรงว่าจะล้มพังลงมา ขอให้เจ้าหน้าที่ที่เกี่ยวข้องเข้าดำเนินการตรวจสอบและแก้ไขปรับปรุง ถนน: จรัญสนิทวงศ์ จุดสังเกต: อยู่ติดกับร้านส,https://storage.googleapis.com/traffy_public_bucket/attachment/2022-12/da2125e781282589d482070c3dba1726aa16a4a7.jpg
2026-RE2Y3W,finish,2026-09-29 20:58,2026-09-30 08:44,100.61819,13.78096,วังทองหลาง,พลับพลา,ปัญหา: บริเวณปากซอยดังกล่าว พบปัญหาน้ำท่วมขังบนผิวจราจร มีระดับน้ำท่วมขังสูงและไม่มีวี่แววว่าจะลด ส่งผลกระทบทำให้ยานพาหนะและรถจักรยานยนต์ของประชาชนจอดเสียเป็นจำนวนมาก จึงขอให้หน่วยงานที่เกี่ยวข้องเร่งดำเนินการสูบระบายน้ำและแก้ไขปัญหาโดยด่วน ซอย: ลาดพร้าว ,https://storage.googleapis.com/traffy_public_bucket/attachment/2022-12/da2125e781282589d482070c3dba1726aa16a4a7.jpg
2026-HL79L6,forward,2026-09-29 21:01,2026-10-05 16:46,100.76734,13.83218,คลองสามวา,ทรายกองดินใต้,อยากรู้ว่าตอนนี้พื้นที่ริมคลองแสนแสบ ช่วงประชาร่วมใจ น้ำตรงนี้จะเพิ่มขึ้นสูงมากมั้ยคะ พอดีในบ้านมีเด็กเล็กและคนแก่ติดเตียงค่ะ จะได้เตรียมการถูกค่ะ อยากรู้ว่าจะท่วมแค่ไหน ยังไม่ท่วมแต่เห็นมีประกาศ ให้ยกของขึ้นที่สูง,https://storage.googleapis.com/traffy_public_bucket/attachment/2026-09/3110ba4693749c7fdb30334647843b58.jpeg
2026-7UTCP7,start,2026-09-29 21:02,2026-09-29 21:02,100.81643,13.77873,ลาดกระบัง,ลำปลาทิว,ขณะนี้บริเวณหมู่บ้าน ราชพฤกษ์ สุวรรณภูมิ เขตลาดกระบัง พบระดับน้ำบริเวณถนนและพื้นที่ภายนอกหมู่บ้านเพิ่มสูงขึ้น ทำให้พบ น้ำเอ่อ/ผุดขึ้นจากท่อระบายน้ำภายในหมู่บ้านบริเวณ เฟส 3 ซอย 8 โดยคาดว่าเกิดจาก ระดับน้ำในระบบระบายน้ำสาธารณะภายนอกสูงจนดันน้ำไหลย้อนเข้า,https://storage.googleapis.com/traffy_public_bucket/attachment/2026-09/07c637b66b7d65886693822f9cf13fea.jpeg
2026-LADPP6,forward,2026-09-29 21:02,2026-09-29 21:38,100.67095,13.79713,บึงกุ่ม,คลองกุ่ม,ช่วนส่งหน่วยงานมาดูน้ำท่วมในหมู่บ้านนี้ทีค่ะ น้ำไม่ลด ไม่มีแจกอาหาร ความสูงระดับถ้าถนนเมนน่าจะ 50-60 เซ็น น้ำท่วมมาแล้ว4 วัน,https://storage.googleapis.com/traffy_public_bucket/attachment/2026-09/440ef759158d06f217ab6ebd1461c024.jpeg
2026-KTHYET,start,2026-09-29 21:03,2026-09-29 21:03,100.73365,13.76609,ลาดกระบัง,คลองสองต้นนุ่น,น้ำท่วมครับ ความสูงระดับเอว น้ำท่วมมาแล้วน้อยกว่า 1 สัปดาห์,https://storage.googleapis.com/traffy_public_bucket/attachment/2026-09/d30c1f2b442a8a3abe430a6a54467da3.jpeg
2026-T74F4X,inprogress,2026-09-29 21:03,2026-09-29 22:12,100.80885,13.79513,หนองจอก,ลำผักชี,น้ำท่วมในหมู่บ้าน ตั้งแต่วันเสาร์ ออกไปไหนไมาได้เลย แล้วน้ำมีแต่จะสูงขึ้น ดำขึ้น ที่อื่นลดกันหมดแล้วค่ะ ความสูงระดับเข่าค่ะ แต่บริเวณอื่นในหมู่บ้านสูงกว่านี้ ใดๆคือ มันเพิ่มทุกวัน ไม่ลงเลยค่ะ น้ำท่วมมาแล้วตั้งแต่วันเสาร์ค่ะ,https://storage.googleapis.com/traffy_public_bucket/attachment/2026-09/2395ce899d7e7ddc4481f4deacfdc05d.jpeg
2026-8G7PV8,inprogress,2026-09-29 21:05,2026-10-02 16:44,100.63685,13.76972,บางกะปิ,คลองจั่น,ปัญหา: เข้าซอย ลาดพร้าว 136 แยก 1 ไปประมาณ 30 เมตร จากนั้นให้เลี้ยวซ้าย หอพัก (ไม่ทราบชื่อ) บ้านเลขที่ 161 เนื่องจากเกิดเหตุอุทกภัย จึงมีความประสงค์ขอรับความช่วยเหลือด้านอาหารและน้ำดื่ม ถนน: ลาดพร้าว เขต: บางกะปิ #1555,https://storage.googleapis.com/traffy_public_bucket/attachment/2022-12/da2125e781282589d482070c3dba1726aa16a4a7.jpg
2026-8G7PV8,finish,2026-09-29 21:05,2026-10-09 13:06,100.63685,13.76972,บางกะปิ,คลองจั่น,ปัญหา: เข้าซอย ลาดพร้าว 136 แยก 1 ไปประมาณ 30 เมตร จากนั้นให้เลี้ยวซ้าย หอพัก (ไม่ทราบชื่อ) บ้านเลขที่ 161 เนื่องจากเกิดเหตุอุทกภัย จึงมีความประสงค์ขอรับความช่วยเหลือด้านอาหารและน้ำดื่ม ถนน: ลาดพร้าว เขต: บางกะปิ #1555,https://storage.googleapis.com/traffy_public_bucket/attachment/2022-12/da2125e781282589d482070c3dba1726aa16a4a7.jpg
2026-HR6PGN,finish,2026-09-29 21:05,2026-09-30 14:28,100.80212,13.80074,หนองจอก,ลำผักชี,ปัญหา: หมู่บ้านฟลอร่าวิลล์ บ้านเลขที่ 107/180 มีผู้อาศัยอยู่ประมาณ 5 คนสัตว์เลี้ยง 1 ประสบปัญหาขาดแคลนอาหารและน้ำดื่ม จึงขอให้หน่วยงานที่เกี่ยวข้องตรวจสอบข้อเท็จจริงและดำเนินการให้ความช่วยเหลือด้านอาหารและน้ำดื่มแก่ผู้ได้รับความเดือดร้อนตามอำนาจหน้าที่ บ,https://storage.googleapis.com/traffy_public_bucket/attachment/2022-12/da2125e781282589d482070c3dba1726aa16a4a7.jpg
2026-L98BN4,inprogress,2026-09-29 21:05,2026-09-30 09:30,100.65068,13.72439,ประเวศ,ประเวศ,น้ำท่วมสูงในซอยค่ะ หลายวันแล้ว ความสูงระดับเอว น้ำท่วมมาแล้ว5 วัน แล้วน้ำเริ่มเน่า,https://storage.googleapis.com/traffy_public_bucket/attachment/2026-09/f378a3128c8a3ee8679d8fee71b540bf.jpeg
2026-68GZB9,inprogress,2026-09-29 21:06,2026-09-30 14:50,100.63578,13.7654,บางกะปิ,คลองจั่น,น้ำท่วมในซอยลาดพร้าว132 ตั้งแต่วันศุกร์ที่ 25 กันยายน จนถึงปัจจุบัน น้ำยังไม่ลด การสัญจรไปไหนไม่ได้ต้องลุยน้ำ อยากให้ผู้ที่เกี่ยวข้องเข้ามาดูว่าชาวบ้านอยู่กันอย่างไร ความสูงระดับประมาณ50เซ็นติเมตร น้ำท่วมมาแล้ว5วันแล้วค่ะ,https://storage.googleapis.com/traffy_public_bucket/attachment/2026-09/db95f5157bfedbc150e9b8f61265ea3d.jpeg
2026-68GZB9,finish,2026-09-29 21:06,2026-10-09 15:26,100.63578,13.7654,บางกะปิ,คลองจั่น,น้ำท่วมในซอยลาดพร้าว132 ตั้งแต่วันศุกร์ที่ 25 กันยายน จนถึงปัจจุบัน น้ำยังไม่ลด การสัญจรไปไหนไม่ได้ต้องลุยน้ำ อยากให้ผู้ที่เกี่ยวข้องเข้ามาดูว่าชาวบ้านอยู่กันอย่างไร ความสูงระดับประมาณ50เซ็นติเมตร น้ำท่วมมาแล้ว5วันแล้วค่ะ,https://storage.googleapis.com/traffy_public_bucket/attachment/2026-09/db95f5157bfedbc150e9b8f61265ea3d.jpeg
2026-DRJL26,inprogress,2026-09-29 21:08,2026-09-29 22:11,100.88386,13.86953,หนองจอก,หนองจอก,เกิดน้ำท่วมขังและไม่ ระบายออก ซึ่งตอนนี้น้ำเริ่มมีกลิ่นแล้ว ความสูงระดับหน้าแข้ง 3 วัน,https://storage.googleapis.com/traffy_public_bucket/attachment/2026-09/a896ddbf0e939068a01aad560ac504c8.jpeg
2026-J2J3UF,forward,2026-09-29 21:09,2026-10-05 16:46,100.68979,13.83397,คลองสามวา,บางชัน,ริมคลองพระยาสุเรนทร์21น้ำท่วมหนักมากคะ ยุงเยอะ ปลิงก็เยอะ คนอยู่ริมคลอง เข้า ออกยากมาก คะ อยากได้รองเท้าหรือชุดที่กันน้ำได้ช่วยน้ำมาแจกหน่อยคะ ความสูงระดับหัวเข่า 5วัน,https://storage.googleapis.com/traffy_public_bucket/attachment/2026-09/7d46951b59ba861553d68d31dc2e1399.jpeg
2026-F8X62Z,forward,2026-09-29 21:12,2026-10-05 16:45,100.68946,13.83382,คลองสามวา,บางชัน,น้ำท่วมบ้านสะพานทางเท้าเสนอวิธีแก้ปัญหาระยะยาวควรทำคันกั้นน้ำริมคลองแล้วสำรวจบ้านที่ปลูกเกินแนวเขตครับฝากไว้พิจารณาครับ ความสูงระดับหัวเข่า น้ำท่วมมาแล้ว5วัน,https://storage.googleapis.com/traffy_public_bucket/attachment/2026-09/thumb_cca95c4e3aaf1748fbac12d5d021dc8b.jpg
2026-AKH4J9,forward,2026-09-29 21:17,2026-09-30 08:13,100.59469,13.90997,ดอนเมือง,ดอนเมือง,ขอให้ตรวจสอบและทบทวนการประเมินสถานการณ์อุทกภัยเขตดอนเมือง และการช่วยเหลือประชาชนที่ล่าช้าและไม่ทั่วถึง ตามที่กรุงเทพมหานครประกาศสถานการณ์อุทกภัย ณ วันที่ 29 กันยายน 2569 โดยจัดเขตดอนเมืองเป็นพื้นที่ “ผลกระทบปานกลาง” ขณะที่เขตใกล้เคียง ได้แก่ หลักสี่ บางเ,https://storage.googleapis.com/traffy_public_bucket/attachment/2026-09/5932186f7dc9bf9f0d63365db2d756cd.jpeg
2026-37Z33H,forward,2026-09-29 21:18,2026-09-30 09:39,100.64309,13.73639,สวนหลวง,สวนหลวง,แยกพัฒนาการน้ำท่วมไม่ลด เนื่องจากมีน้ำผ่านจากคลองด้านหลังแมกวาลูพัฒนาการ ไหลเข้าสู่ถนนตลอดเวลา กลายเป็นเติมน้ำเข้าถนนตลอด น้ำเลยไม่ลด ความสูงระดับตอน 18.00 ประมาณครึ่งน่องค่ะ น้ำท่วมมาแล้ว4 วันแทบไม่ลงเลย,https://storage.googleapis.com/traffy_public_bucket/attachment/2026-09/c8c1e84748977d8ec4c6b0ecb2669750.jpeg
2026-EH3DDY,forward,2026-09-29 21:18,2026-09-29 21:37,100.65767,13.79634,บึงกุ่ม,คลองกุ่ม,บ้านเลขที่68/103 นวมินทร์40 แขวงบึงกุ่ม เขต บึงกุ่ม ไม่รับผลกระทบน้ำท่วม ความสูงระดับเข่าค่ะเข้าตั้งแต่ปากซอย จนถึงห้องนอน ชั้นล่างทั้งหมดค่ะ น้ำท่วมมาแล้วตั้งแต่วันเสาร์ที่26 กันยา,https://storage.googleapis.com/traffy_public_bucket/attachment/2026-09/9faaee5201ed20232f9ccd5c71a1e928.jpeg
2026-GZGLRR,inprogress,2026-09-29 21:18,2026-09-29 22:11,100.88391,13.86953,หนองจอก,หนองจอก,เกิดน้ำท่วมขังและไม่ ระบายออก ซึ่งตอนนี้น้ำเริ่มมีกลิ่นแล้ว ความสูงระดับหน้าแข้ง น้ำท่วมมาแล้ว5 วัน,https://storage.googleapis.com/traffy_public_bucket/attachment/2026-09/acc2cddeb6999ea3161a230033b25919.jpeg
2026-994AZE,inprogress,2026-09-29 21:19,2026-10-02 16:43,100.62164,13.74782,บางกะปิ,หัวหมาก,ปัญหา: ผู้พักอาศัยภายในอพาร์ทเมนท์ทวีศิริ เลขที่ 50 จำนวน 3 อาคาร ไม่สามารถเดินทางเข้า-ออกได้ จึงมีความประสงค์ขอรับความช่วยเหลือสนับสนุนอาหารกล่อง (ขอเน้นย้ำเป็นเมนูเนื้อไก่ เนื่องจากผู้พักอาศัยส่วนใหญ่เป็นชาวมุสลิม) จำนวน 200 กล่อง รวมถึงน้ำดื่ม เพื่อบรร,https://storage.googleapis.com/traffy_public_bucket/attachment/2022-12/da2125e781282589d482070c3dba1726aa16a4a7.jpg
2026-994AZE,finish,2026-09-29 21:19,2026-10-09 12:49,100.62164,13.74782,บางกะปิ,หัวหมาก,ปัญหา: ผู้พักอาศัยภายในอพาร์ทเมนท์ทวีศิริ เลขที่ 50 จำนวน 3 อาคาร ไม่สามารถเดินทางเข้า-ออกได้ จึงมีความประสงค์ขอรับความช่วยเหลือสนับสนุนอาหารกล่อง (ขอเน้นย้ำเป็นเมนูเนื้อไก่ เนื่องจากผู้พักอาศัยส่วนใหญ่เป็นชาวมุสลิม) จำนวน 200 กล่อง รวมถึงน้ำดื่ม เพื่อบรร,https://storage.googleapis.com/traffy_public_bucket/attachment/2022-12/da2125e781282589d482070c3dba1726aa16a4a7.jpg
2026-2TUW6J,inprogress,2026-09-29 21:21,2026-09-30 05:54,100.73672,13.82427,มีนบุรี,มีนบุรี,น้ำท่วมตรงก่อนถึงแยกนิมิตรใหม่ไม่ลดเลยไม่มีหน่วยงานไหนเข้าช่วยเหลือออกไปหาของกินไม่ได้รถไม่มีผ่านรถเล็กผ่านไม่ได้ ความสูงระดับหน้าแข้ง ด้านนอกถนนหน้าแข้งค่ะ,https://storage.googleapis.com/traffy_public_bucket/attachment/2026-09/3908156bb8aa78ccf5e4cd838ced5c58.jpeg
2026-8DLUHH,inprogress,2026-09-29 21:21,2026-10-02 12:51,100.68688,13.77022,สะพานสูง,สะพานสูง,ร้องเรียนการบริหารจัดการของสำนักงานเขตสะพานสูงที่อยู่ในซอยรามคำแหง118 เนื่องด้วยตอนนี้มีน้ำท่วมขังที่ซอยรามคำแหง 118 ทางเขตมีการบริหารจัดการทุกอย่างช้าและไม่มีประสิทธิภาพ ปชช.แจ้งความเดือดร้อนเรื่องก็เงียบ ตอนนี้ในซอยน้ำท่วมขังมา4วัน แต่ปริมาณน้ำแทบไม่ลดเ,https://storage.googleapis.com/traffy_public_bucket/attachment/2026-09/thumb_c029a2ea6d3aa46644e157ef93566323.jpg
2026-ZC8LUX,inprogress,2026-09-29 21:21,2026-09-30 09:09,100.69115,13.8024,คันนายาว,คันนายาว,https://www.facebook.com/share/r/1DQbuVcDQh/?mibextid=wwXIfr ความสูงระดับหัวเข่า น้ำท่วมมาแล้วน้อยกว่า 1 สัปดาห์,https://storage.googleapis.com/traffy_public_bucket/attachment/2026-09/ecf5c9789c48033e67b326c9f81142f1.jpeg
2026-YEMCJV,finish,2026-09-29 21:23,2026-09-30 14:35,100.80638,13.79876,หนองจอก,ลำผักชี,น้ำท่วมขังสูง 65-70 เซน ไม่สามารถเข้าออกได้ น้ำเริ่มเหม็น ฝนหยุดตก แต่ปริมาณน้ำกลับเพิ่มขึ้นเรื่อยๆ อยู่ในซอยย่อย ทำให้ไม่ได้รับการแจกอาหารใดๆ เสบียงในบ้านหมด ในส่วนของหมู่บ้าน เครื่องสูบน้ำมีขนาดเล็ก สูบทั้งวันทั้งคืนแต่น้ำก็ไม่ลด หาแมคโครไม่ได้ ไม่มีใคร,https://storage.googleapis.com/traffy_public_bucket/attachment/2026-09/c9181ec59c2205ea023d486096dd50f5.jpeg
2026-UZZ3V3,forward,2026-09-29 21:24,2026-09-29 21:36,100.66369,13.79912,บึงกุ่ม,คลองกุ่ม,ต้องการระบายน้ำออก บางส่วนให้รถเล็ก ออกได้บ้าง ความสูงระดับ40 ซม น้ำท่วมมาแล้ว3 วัน,https://storage.googleapis.com/traffy_public_bucket/attachment/2026-09/thumb_774088528632ee5cdae9c13c12974319.jpg
2026-YCZUT8,inprogress,2026-09-29 21:26,2026-09-30 14:08,100.69842,13.81211,มีนบุรี,มีนบุรี,ปัญหา: ริมถนนดังกล่าว ภายในซอยไม่มีชื่อ บริเวณบ้านเลขที่ 12 พบน้ำท่วมขังมานาน 3–4 วัน ภายในบ้านยังมีผู้สูงอายุพักอาศัยอยู่ ต้องการความช่วยเหลือขอรับเครื่องอุปโภคบริโภค บ้านเลขที่: 12 ถนน: รามอินทรา จุดสังเกต: ตรอก UPD ด้านหน้าเป็นบริษัท ยูพีดี โบรคเกอร์ จ,https://storage.googleapis.com/traffy_public_bucket/attachment/2022-12/da2125e781282589d482070c3dba1726aa16a4a7.jpg
2026-8K2HCE,finish,2026-09-29 21:27,2026-09-30 11:04,100.51395,13.70923,บางคอแหลม,วัดพระยาไกร,น้ำระบายช้าตรงท่อข้างร้านทำให้มีน้ำขังบริเวณถนนที่จอดรถร้านอาหารปากซอยจันทน์44 ความสูงระดับน้ำไม่ได้ท่วมค่ะ แต่มันขังค่ะ น้ำท่วมมาแล้วประมาณ 3-4 วันค่ะ,https://storage.googleapis.com/traffy_public_bucket/attachment/2026-09/b51f118c5c1752c9fb4ccbd9dd0f799b.jpeg
2026-Y3FXPR,finish,2026-09-29 21:27,2026-09-30 14:10,100.80123,13.80057,หนองจอก,ลำผักชี,สวัสดีค่ะ ขอความช่วยเหลือค่ะ เป็นผู้ประสบภัยจากหมู่บ้านฟลอร่าวิลล์ค่ะ รอบนี้หนักจริงๆ แล้วเหมือนพวกเราถูกลืมเลยค่ะ ทั้งน้ำคลองดัน น้ำฝนค้าง ระดับน้ำสูงสุดคาดว่าเกือบเมตรได้ นับตั้งแต่วันที่ 27 ที่คาดการณ์ว่าฝนจะเบาลง และน้ำจะค่อยๆลงไปตามลำดับ ก็ไม่ลดเลยค่,https://storage.googleapis.com/traffy_public_bucket/attachment/2026-09/3b62668ed4cd32a4180428d858468682.jpeg
2026-UY3XVH,inprogress,2026-09-29 21:28,2026-09-30 15:46,100.66186,13.76306,บางกะปิ,หัวหมาก,ซอยรามคำแหง 68 ข้างในซอย ตั้งแต่ เซเว่นอีเลฟเว่นกลางซอย CJ โบสถ์คริสตจักร จนไปถึงเซเว่นอีเลฟเว่นท้ายซอย น้ำท่วมสูงยังไม่ลงเลยรถเล็กออกไม่ได้รถมอเตอร์ไซค์ออกไม่ได้น้ำอยู่ระดับหัวเข่า ช่วยดูดน้ำออกทีครับ ความสูงระดับหัวเข่าครับ บางจุด ลึกมาก โดยเฉพาะหน้า CJ,https://storage.googleapis.com/traffy_public_bucket/attachment/2026-09/fc1274026eda4715d1513612e4ab6065.jpeg
2026-UY3XVH,follow,2026-09-29 21:28,2026-10-08 19:27,100.66186,13.76306,บางกะปิ,หัวหมาก,ซอยรามคำแหง 68 ข้างในซอย ตั้งแต่ เซเว่นอีเลฟเว่นกลางซอย CJ โบสถ์คริสตจักร จนไปถึงเซเว่นอีเลฟเว่นท้ายซอย น้ำท่วมสูงยังไม่ลงเลยรถเล็กออกไม่ได้รถมอเตอร์ไซค์ออกไม่ได้น้ำอยู่ระดับหัวเข่า ช่วยดูดน้ำออกทีครับ ความสูงระดับหัวเข่าครับ บางจุด ลึกมาก โดยเฉพาะหน้า CJ,https://storage.googleapis.com/traffy_public_bucket/attachment/2026-09/fc1274026eda4715d1513612e4ab6065.jpeg
2026-DWZJZU,inprogress,2026-09-29 21:29,2026-09-30 09:56,100.62303,13.72047,สวนหลวง,สวนหลวง,น้ำท่วมขังยังสูง ต้องการถุงยังชีพ น้ำดื่ม ค่ะ ความสูงระดับหน้าแข้ง น้ำท่วมมาแล้วน้อยกว่า 1 สัปดาห์,https://storage.googleapis.com/traffy_public_bucket/attachment/2026-09/c4ffc19defec565699c27fad7d338567.jpeg
2026-DWZJZU,finish,2026-09-29 21:29,2026-10-10 12:38,100.62303,13.72047,สวนหลวง,สวนหลวง,น้ำท่วมขังยังสูง ต้องการถุงยังชีพ น้ำดื่ม ค่ะ ความสูงระดับหน้าแข้ง น้ำท่วมมาแล้วน้อยกว่า 1 สัปดาห์,https://storage.googleapis.com/traffy_public_bucket/attachment/2026-09/c4ffc19defec565699c27fad7d338567.jpeg
2026-UEN3Y2,inprogress,2026-09-29 21:30,2026-09-30 09:33,100.67634,13.66998,ประเวศ,ดอกไม้,น้ำท่วมขังระดับน้ำตอนนี้ถึงหัวเข่า น้ำเข้าภายในบ้านมีความเสียหาย อยากให้เข้ามาดูแลหน่อยค่ะ ทางนี้เป็นชุมชนมีคนอาศัยอยู่เกือบร้อยหลังคาเรือน ยังไม่มีหน่วยงานใดๆเข้ามาช่วยเลยค่ะ ความสูงระดับตอนนี้ระดับเข่าค่ะ แต่ว่าน้ำท่วมหลายวันตอนนี้น้ำมีสีดำส่งกลิ่นเหม็น,https://storage.googleapis.com/traffy_public_bucket/attachment/2026-09/988f31eaeb69b73c4979235b37e3d78c.jpeg
2026-N83264,start,2026-09-29 21:31,2026-09-29 21:31,100.77745,13.76095,ลาดกระบัง,ลำปลาทิว,ปัญหา: ภายในซอยดังกล่าว บ้านเลขที่ 26/6 ได้รับผลกระทบจากอุทกภัย มีความประสงค์ขอรับความช่วยเหลือถุงยังชีพ เพิ่อบรรเทาความเดือดร้อนของประชาชน บ้านเลขที่: 26/6 ซอย: คุ้มเกล้า 31 ถนน: คุ้มเกล้า จุดสังเกต: ตรงข้ามหอพี่บุตร เขต: ลาดกระบัง #1555,https://storage.googleapis.com/traffy_public_bucket/attachment/2022-12/da2125e781282589d482070c3dba1726aa16a4a7.jpg
2026-VHKWPH,finish,2026-09-29 21:31,2026-09-30 08:37,100.62114,13.79547,วังทองหลาง,คลองเจ้าคุณสิงห์,คือ ท่วมตั้งแต่วันเสาร์ ร้องเรื่องน้ำท่วมไปวันอาทิตย์ มีคนเอาอาหารมา แต่ไม่สูบน้ำ จนแยกอื่นแห้งหมดตั้งแต่เมื่อวานแล้ว เพิ่งเอาปั๊มมาวันนี้บ่าย ทำไมทำงานกันช้ามาก ขอร้องเรียน ผอ วังทองหลางและ โยธา หมู่บ้านนี้คนแก่เยอะมาก คนติดเตียงก็มี 4 วันเข้าไปแล้ว โรคจ,https://storage.googleapis.com/traffy_public_bucket/attachment/2026-09/99f8a7a418561e3bb3175b540dd4f97b.jpeg
2026-LUJXK2,inprogress,2026-09-29 21:32,2026-09-30 09:13,100.47329,13.61358,บางขุนเทียน,ท่าข้าม,ซอยอนามัยงามเจริญ41 (ซอยวัดบัวผัน) เป็นช่วงที่ไม่มีงบทำถนน น้ำขึ้นลงตามคลอง ช่วยหางบมาทำถนนให้ตลอดเส้นทางด้วย บริเวณโค้งโรงงานเสาปูนน้ำท่วมหนักมาก ความสูงระดับหัวเข่า น้ำท่วมมาแล้วน้อยกว่า 1 สัปดาห์,https://storage.googleapis.com/traffy_public_bucket/attachment/2026-09/0600110b8e949f10ab63843232e79f44.jpeg
2026-UHTHY7,inprogress,2026-09-29 21:32,2026-09-30 20:46,100.65195,13.75665,บางกะปิ,หัวหมาก,ปัญหา: ภายในซอยรามคำแหง 60 ใกล้แยก 9 เนื่องจากเกิดเหตุอุทกภัย จึงมีความประสงค์ขอรับความช่วยเหลือด้านอาหารและน้ำดื่ม จำนวน 150 ชุด ถนน: รามคำแหง จุดสังเกต: เข้าซอยรามคำแหง 60 ตรงไปจบถึงวงเวียน แล้วเลี้ยวซ้าย ตรงข้ามตึก BP อพาร์ทเมนท์ เขต: บางกะปิ #1555,https://storage.googleapis.com/traffy_public_bucket/attachment/2022-12/da2125e781282589d482070c3dba1726aa16a4a7.jpg
2026-UHTHY7,finish,2026-09-29 21:32,2026-10-09 13:11,100.65195,13.75665,บางกะปิ,หัวหมาก,ปัญหา: ภายในซอยรามคำแหง 60 ใกล้แยก 9 เนื่องจากเกิดเหตุอุทกภัย จึงมีความประสงค์ขอรับความช่วยเหลือด้านอาหารและน้ำดื่ม จำนวน 150 ชุด ถนน: รามคำแหง จุดสังเกต: เข้าซอยรามคำแหง 60 ตรงไปจบถึงวงเวียน แล้วเลี้ยวซ้าย ตรงข้ามตึก BP อพาร์ทเมนท์ เขต: บางกะปิ #1555,https://storage.googleapis.com/traffy_public_bucket/attachment/2022-12/da2125e781282589d482070c3dba1726aa16a4a7.jpg
2026-8NCTP9,finish,2026-09-29 21:33,2026-10-03 10:59,100.69507,13.8291,คลองสามวา,บางชัน,"ปัญหา: ภายในซอยพระยาสุรินทร์ 17 บ้านเลขที่ 95 เนื่องจากเหตุอุทกภัย ต้องการความช่วยเหลือขอรับเครื่องอุปโภคบริโภค อาหาร, นมผง และผ้าอ้อม (สำหรับเด็กและผู้ใหญ่) ผู้ป่วยติดเตียง (คุณย่า) 1 ท่าน และทารกอายุ 2 เดือน บ้านเลขที่: 95 ซอย: พระยาสุรินทร์ 17 (นำโชค)",https://storage.googleapis.com/traffy_public_bucket/attachment/2022-12/da2125e781282589d482070c3dba1726aa16a4a7.jpg
2026-8P4XXH,inprogress,2026-09-29 21:33,2026-09-30 09:39,100.67028,13.67733,ประเวศ,หนองบอน,อยากให้ช่วยดูทางน้ำในหมู่บ้านคชาหน่อยค่ะ น้ำในหมู่บ้านลงช้ามากทุกครั้งที่มีฝนตกหนัก บางทีน้ำเอ่อที่ท่อล่วงหน้าก่อนฝนตกหนักแล้วน้ำขังในหมู่บ้านเลยค่ะ ตอนนี้รถบางคันยังเข้าหมู่บ้านไม่ได้เพราะพอจอดแล้วระดับน้ำยังถึงใต้ท้องรถ เสี่ยงเวลามีรถขับแล้วน้ำกระเพื่อม,https://storage.googleapis.com/traffy_public_bucket/attachment/2026-09/6cc04474e152674aa0ab89ca9d20aef5.jpeg
2026-9ENTVK,inprogress,2026-09-29 21:34,2026-09-30 11:42,100.64323,13.77774,บางกะปิ,คลองจั่น,ปัญหา: ภายในซอยไม่มีป้ายชื่อ บริเวณห้องเลขที่ 783/107 ชั้นที่ 8 คอนโด HR Residence อาคาร E5 พบมีน้ำท่วมขัง ผู้ร้องไม่สามารถสัญจรเข้า-ออกได้ จึงขอรับอาหารและน้ำดื่ม หมายเลขติดต่อกลับ 0640804691 ถนน: แฮปปี้แลนด์สาย 1 จุดสังเกต: ซอยดังกล่าวอยู่ตรงข้ามกับห้า,https://storage.googleapis.com/traffy_public_bucket/attachment/2022-12/da2125e781282589d482070c3dba1726aa16a4a7.jpg
2026-9ENTVK,finish,2026-09-29 21:34,2026-10-09 13:12,100.64323,13.77774,บางกะปิ,คลองจั่น,ปัญหา: ภายในซอยไม่มีป้ายชื่อ บริเวณห้องเลขที่ 783/107 ชั้นที่ 8 คอนโด HR Residence อาคาร E5 พบมีน้ำท่วมขัง ผู้ร้องไม่สามารถสัญจรเข้า-ออกได้ จึงขอรับอาหารและน้ำดื่ม หมายเลขติดต่อกลับ 0640804691 ถนน: แฮปปี้แลนด์สาย 1 จุดสังเกต: ซอยดังกล่าวอยู่ตรงข้ามกับห้า,https://storage.googleapis.com/traffy_public_bucket/attachment/2022-12/da2125e781282589d482070c3dba1726aa16a4a7.jpg
2026-RGMW33,finish,2026-09-29 21:35,2026-10-01 11:52,100.65056,13.76812,บางกะปิ,คลองจั่น,ปัญหา: แฟลตคลองจั่น เนื่องจากเหตุอุทกภัย ปัจจุบันขาดแคลนอาหารและเครื่องดื่ม จึงขอความช่วยเหลืออาหารและเครื่องดื่ม ถนน: เสรีไทย เขต: บางกะปิ #1555,https://storage.googleapis.com/traffy_public_bucket/attachment/2022-12/da2125e781282589d482070c3dba1726aa16a4a7.jpg
2026-BA2YC8,finish,2026-09-29 21:36,2026-09-30 12:14,100.68453,13.92423,สายไหม,สายไหม,ปัญหา: ภายในซอยดังกล่าว บ้านเลขที่ 186 พบน้ำท่วมขังในระดับสูง จึงมีความประสงค์ขอรับอาหาร น้ำดื่ม สิ่งของอุปโภคบริโภค ถุงสำหรับขับถ่าย ยารักษาโรค และขอรับไปจนกว่าจะเข้าสู่สภาวะปกติ ซอย: สายไหม 79 ถนน: สายไหม จุดสังเกต: เข้าซอยดังกล่าวไปประมาณ 200 เมตร ,https://storage.googleapis.com/traffy_public_bucket/attachment/2022-12/da2125e781282589d482070c3dba1726aa16a4a7.jpg
2026-D29VJ3,inprogress,2026-09-29 21:36,2026-09-30 09:15,100.68995,13.8096,คันนายาว,คันนายาว,น้ำท่วมถนนสวนสยามหลายวันตั้งแต่วันที่ 25/9/69 ถึงปัจจุบัน 29/9/69 แล้วยังไม่ลดระดับ ระดับน้ำสูงเลยฟุตบาต รถเล็กสัญจรไม่ได้ มอเตอร์ไซค์ดับ อยากให้ช่วยเร่งระบายน้ำส่วนนี้เนื่องจากท่วมมานานหลายวันแล้ว เริ่มประสบปัญหาหลายๆอย่าง เช่น ส้วมกดไม่ลง และการเก็บขยะ ,https://storage.googleapis.com/traffy_public_bucket/attachment/2026-09/82f19569d34fac68ce1d67d4f1eb1568.jpeg
2026-46E8ZY,forward,2026-09-29 21:37,2026-10-05 16:45,100.70705,13.90161,คลองสามวา,สามวาตะวันตก,น้ำท่วมเข้าบ้านหลายวันเหม็น ความสูงระดับหัวเข่า น้ำท่วมมาแล้วเช้าวันเสาร์,https://storage.googleapis.com/traffy_public_bucket/attachment/2026-09/11a2c852324a51321abe74ab2c26ca3f.jpeg
2026-PY8DCH,finish,2026-09-29 21:38,2026-09-30 14:10,100.80123,13.80057,หนองจอก,ลำผักชี,สวัสดีค่ะ ขอความช่วยเหลือค่ะ เป็นผู้ประสบภัยจากหมู่บ้านฟลอร่าวิลล์ค่ะ รอบนี้หนักจริงๆ แล้วเหมือนพวกเราถูกลืมเลยค่ะ ทั้งน้ำคลองดัน น้ำฝนค้าง ระดับน้ำสูงสุดคาดว่าเกือบเมตรได้ นับตั้งแต่วันที่ 27 ที่คาดการณ์ว่าฝนจะเบาลง และน้ำจะค่อยๆลงไปตามลำดับ ก็ไม่ลดเลยค่,https://storage.googleapis.com/traffy_public_bucket/attachment/2026-09/3dce59c77847b7b054c259e85fe56557.jpeg
2026-K7JGWN,inprogress,2026-09-29 21:40,2026-09-30 14:18,100.75968,13.78497,มีนบุรี,แสนแสบ,ปัญหา: ภายในซอยแยกดังกล่าว บ้านเลขที่ 39 บริษัท โมเม้นต์ เฟอร์นิเจอร์ เนื่องจากเหตุอุทกภัย ต้องการความช่วยเหลือขอรับเครื่องอุปโภคบริโภค มีผู้ประสบภัยพักพิงในอาคารโรงงานประมาณ 26 คน (มีเด็กเล็ก 1 คน) และบ้านใกล้เคียงอีก 3–4 หลังคาเรือน (เด็กในพื้นที่รวม 5–,https://storage.googleapis.com/traffy_public_bucket/attachment/2022-12/da2125e781282589d482070c3dba1726aa16a4a7.jpg
2026-3TLYWY,forward,2026-09-29 21:41,2026-09-29 21:43,100.68358,13.92049,สายไหม,สายไหม,ปัญหา: ถนนดังกล่าว พบการสูบน้ำออกจากตลาดวงศกรลงสู่ผิวจราจร สร้างความเดือดร้อนแก่ผู้ที่สัญจรผ่านไป - มา ถนน: สุขาภิบาล 5 จุดสังเกต: ตรงข้ามคลินิกทันตกรรมแมกไม้ เขต: สายไหม #1555,https://storage.googleapis.com/traffy_public_bucket/attachment/2022-12/da2125e781282589d482070c3dba1726aa16a4a7.jpg
2026-WDBZMA,finish,2026-09-29 21:44,2026-10-02 08:52,100.62802,13.67358,บางนา,บางนาเหนือ,มีผักตบชวาจำนวนมากอยู่ในบริเวณคลองหรือลำกระโดงซึ่งเป็นคลองระบายน้ำเชื่อมต่อกับซอยอุดมสุข 42 ในการผันน้ำออกได้อย่างรวดเร็วลดปัญหาน้ำท่วมได้ในระดับหนึ่ง ความสูงระดับเยอะมากจนขัดขวางทางเดินของน้ำ ปกติที่ผ่านมากทม.จะมาขุดลอกคลองตรงนี้เพราะเป็นจุดสำคัญในการระบ,https://storage.googleapis.com/traffy_public_bucket/attachment/2026-09/ff7f2c68007ddbfb45959b751af459c7.jpeg
2026-F3CMML,inprogress,2026-09-29 21:48,2026-09-30 09:33,100.68715,13.72209,ประเวศ,ประเวศ,หมู่บ้านเนอวานาพาร์ค สุขุมวิท 77 น้ำท่วมขังมาหลายวันแล้ว ที่ผ่านมา ลดนิดเดียวตอนนี้น้ำเริ่มเน่าแล้วค่ะ ระดับความสูงของน้ำประมาณขาอ่อนค่ะ ความสูงระดับหัวเข่า น้ำท่วมมาแล้วน้อยกว่า 1 สัปดาห์,https://storage.googleapis.com/traffy_public_bucket/attachment/2026-09/d96b41d2fe860260193c116f6adbda6d.jpeg
2026-BNRR2P,forward,2026-09-29 21:49,2026-09-30 08:32,100.62417,13.94082,ดอนเมือง,สนามบิน,น้ำท่วมบริเวณถนนพหลโยธินซอย 62 เขตสายไหมมาตั้งแต่วันที่ 25 กันยายน 2569 และมีระดับน้ำที่เพิ่มสูงขึ้นจนถึงปัจจุบันในวันที่ 29 กันยายน 2569 แต่ไม่มีเจ้าหน้าที่ท่านใดมาช่วยเลย โดยพื้นที่ใกล้เคียงออกไปหนึ่งถึงสองกิโลเมตรเป็นต้นไป ได้แห้งหมดแล้ว จึงอยากขอความก,https://storage.googleapis.com/traffy_public_bucket/attachment/2026-09/f24b87f53944a99f9edf7972d039e706.jpeg
2026-DTBA48,inprogress,2026-09-29 21:50,2026-09-29 22:10,100.89652,13.81488,หนองจอก,กระทุ่มราย,น้ำท่วมที่ซอยสุวินทวงค์51 ซอย5 หนักมากครับ น้ำถึงเข่า น้ำกินของกิน เริ่มหมดแล้วครับ มีบ้านเรือนประมาณ 20-30ครัวเรือน ความสูงระดับหัวเข่า น้ำท่วมมาแล้วน้อยกว่า 1 สัปดาห์,https://storage.googleapis.com/traffy_public_bucket/attachment/2026-09/edb002c55d48d23de1a5162d4b902ef4.jpeg
2026-9D3TK2,finish,2026-09-29 21:52,2026-10-05 10:02,100.69884,13.83078,คลองสามวา,บางชัน,ปัญหา: ภายในซอยดังกล่าว บ้านเลขที่ 95 ได้รับผลกระทบจากอุทกภัย ไม่สามารถเดินทางออกนอกพื้นที่ได้ มีความต้องการเสบียงอาหาร และสิ่งของจำเป็นสำหรับทารก (ผ้าอ้อมสำเร็จรูปและนมผง) โดยมีผู้อยู่อาศัยรวม 6 คน (ผู้ใหญ่ 3 คน ผู้สูงอายุ 1 คน และเด็ก 2 คน ซึ่งมีเด็กทาร,https://storage.googleapis.com/traffy_public_bucket/attachment/2022-12/da2125e781282589d482070c3dba1726aa16a4a7.jpg
2026-UF9FEM,inprogress,2026-09-29 21:52,2026-09-30 14:18,100.72156,13.78595,มีนบุรี,มีนบุรี,น้ำท่วมในซอยรามคำแหง174 ตรงบัวขาวฝั่งในหลังจากข้ามสะพานมาแล้ว ตอนนี้น้ำเริ่มเน่าและส่งกลิ่น น้ำไม่ลดเลยอยากจะให้เข้ามาดูในซอยนี้บ้างเพราะไม่มีหน่วยงานไหนเข้ามาดูแลเลย ความสูงระดับสูงเหนือเข่า น้ำอยู่ระดับเดิมมา 4 วันแล้ว น้ำท่วมมาแล้ว4 วันแล้ว,https://storage.googleapis.com/traffy_public_bucket/attachment/2026-09/a770c7e63b5d484572dc2dacb53d6506.jpeg
2026-DXUMXK,inprogress,2026-09-29 21:53,2026-09-30 14:19,100.72417,13.78832,มีนบุรี,มีนบุรี,หมู่บ้านPerfect place 3 ซอยรามคำแหง174 มีคนอยู่อาศัย300กว่าครัวเรือน ได้รับผลกระทบจากน้ำท่วม รวมทั้งหมู่บ้านอื่นอีกหลายหมู่บ้าน ทั้งซอยราม174 ได้รับผลกระทบดังนี้ 1) น้ำท่วมสูงเกือบถึงเข่า บางซอยถึงเอวเดินทางออกไปหาซื้อเสบียงลำบากมากค่ะ 2) น้ำยังท่วมสูง แ,https://storage.googleapis.com/traffy_public_bucket/attachment/2026-09/8a281f88e397ad19dd7c5d12740f9593.jpeg
2026-K32FY6,forward,2026-09-29 21:53,2026-09-29 22:04,100.65767,13.79634,บึงกุ่ม,คลองกุ่ม,ท่วมวันเสาร์ที่26 ความสูงระดับน้ำถึงอก น้ำท่วมมาแล้ววันเสาร์ที่26,https://storage.googleapis.com/traffy_public_bucket/attachment/2026-09/3ae7c13bb4576aa752d1b4f389efe489.jpeg
2026-E2DBFG,start,2026-09-29 21:55,2026-09-29 21:55,100.61826,13.94937,ดอนเมือง,สนามบิน,น้ำท่วมถนนฝั่งวิภาวดี และพหลโยธิน สูง 90-100 cm. ไม่มีหน่วยงาน กทม. หรือหน่วยงานรัฐเข้ามาช่วยเหลือดูแลเลย ความสูงระดับนี่ค่ะ น้ำท่วมมาแล้ววันนี้วันที่ 4 แล้วค่,https://storage.googleapis.com/traffy_public_bucket/attachment/2026-09/7e6f98b9e8c0ed9b31bf62fc96d6353d.jpeg
2026-EVU2ZL,start,2026-09-29 21:56,2026-09-29 21:56,100.72717,13.75825,ลาดกระบัง,คลองสองต้นนุ่น,ปัญหา: บริเวณเคหะร่มเกล้า อาคาร 23 ห้องเลขที่ 355/68 พบปัญหาน้ำท่วมขัง ส่งผลกระทบต่อการดำรงชีวิตและสร้างความเดือดร้อนให้แก่ผู้พักอาศัยในบริเวณดังกล่าวเนื่องจากขาดแคลนเสบียงอาหาร จึงขอรับการสนับสนุนเครื่องอุปโภคบริโภค / อาหารแห้งและน้ำดื่ม จำนวน 2 ชุด บ้าน,https://storage.googleapis.com/traffy_public_bucket/attachment/2022-12/da2125e781282589d482070c3dba1726aa16a4a7.jpg
2026-DTECUY,inprogress,2026-09-29 21:57,2026-09-30 15:46,100.66616,13.7706,บางกะปิ,หัวหมาก,อยากให้กทม. มีบริการ ช่วยเหลือบ้านที่ประสบภัยน้ำท่วมในการเก็บขยะชิ้นใหญ่ที่เป็นเฟอร์นิเจอร์หรือสิ่งของที่มีการเสียหายเนื่องจากน้ำท่วมครั้งนี้ เพราะแต่ละบ้านมีเฟอร์นิเจอร์และของใช้ข้าวของเสียหายวางกองอยู่หน้าบ้านซึ่งไม่รู้จะจัดการยังไง โดยอยากให้เขตแต่ละเข,https://storage.googleapis.com/traffy_public_bucket/attachment/2026-09/61b46e5f87f5860e0cdbbf5f95003db7.jpeg
2026-ZV7V4K,inprogress,2026-09-29 21:57,2026-09-30 09:23,100.68341,13.81803,คันนายาว,คันนายาว,ผู้นำชุมชนแจ้งว่ารอทางเขตคันนายาวมาซ่อมเครื่องสูบนำ้ ตั้งแต่เช้า ถึงตอนนี้ยังไม่มีการประกาศสูบนำ้ออกจากหมู่บ้าน ทำให้นำ้ในหมู่บ้านยังสูงและเริ่มมีกลิ่น ความสูงระดับหน้าแข้ง น้ำท่วมมาแล้วน้อยกว่า 1 สัปดาห์,https://storage.googleapis.com/traffy_public_bucket/attachment/2026-09/89e4f77fb34b9b7bbac4c5401eea5b3c.jpeg
2026-HZ9NEU,inprogress,2026-09-29 21:58,2026-09-30 14:19,100.71941,13.8003,มีนบุรี,มีนบุรี,ซอยรามคำแหง 174 หมู่บ้านบัวขาว เกิดปัญหาน้ำท่วมขังสูงและไม่ลดระดับลงมาเป็นเวลา 5 วันแล้ว ส่งผลกระทบให้มีน้ำเน่าเสียและยุงชุกชุม พื้นที่ใกล้เคียงในหมู่บ้านอื่นๆ ก็ได้รับผลกระทบเช่นกัน ขณะนี้ยังไม่มีหน่วยงานใดนำเครื่องสูบน้ำเข้ามาช่วยเหลือ จึงขอความอนุเคราะ,https://storage.googleapis.com/traffy_public_bucket/attachment/2026-09/e7959661abc2007ef5d3070737dee11a.jpeg
2026-LK9KDX,start,2026-09-29 22:00,2026-09-29 22:00,100.77823,13.73,ลาดกระบัง,ลำปลาทิว,ปัญหา: บริเวณสถาบันเทคโนโลยีพระจอมเกล้าเจ้าคุณทหารลาดกระบัง ฝั่งหอพักเอกชน พบมีเด็กนักเรียนตกค้างจำนวนมากไม่สามารถเดินทางออกจากพื้นที่ ขอให้เจ้าหน้าที่จัดรถเพื่ออพยพ และเครื่องอุปโภคบริโภค ถนน: ฉลองกรุง เขต: ลาดกระบัง #1555,https://storage.googleapis.com/traffy_public_bucket/attachment/2022-12/da2125e781282589d482070c3dba1726aa16a4a7.jpg
2026-ZNEJC8,forward,2026-09-29 22:01,2026-09-29 22:04,100.65613,13.77761,บึงกุ่ม,คลองกุ่ม,เสรีไทยซอย9 เขตบึ่งกุ่ม ตั้งแต่กลางซอยถึงท้ายซอย 30-35 ซม. 4วัน,https://storage.googleapis.com/traffy_public_bucket/attachment/2026-09/802411fed5bfcf8e7b5f0a89c627b992.jpeg
2026-R6VHMG,inprogress,2026-09-29 22:03,2026-09-30 09:55,100.64413,13.72296,สวนหลวง,สวนหลวง,ถ.พัฒนาการ ซอย 58 ภายในหมู่บ้านเอื้อสุข น้ำยังท่วมขังสูง 30-45ซม. ลดเล็กยังออกไม่ได้ 30-45ซม. วันที่4 แล้ว,https://storage.googleapis.com/traffy_public_bucket/attachment/2026-09/29e7ccc0b5d2b4b5c90c27a9c2f3a1e2.jpeg
2026-R6VHMG,finish,2026-09-29 22:03,2026-10-09 11:27,100.64413,13.72296,สวนหลวง,สวนหลวง,ถ.พัฒนาการ ซอย 58 ภายในหมู่บ้านเอื้อสุข น้ำยังท่วมขังสูง 30-45ซม. ลดเล็กยังออกไม่ได้ 30-45ซม. วันที่4 แล้ว,https://storage.googleapis.com/traffy_public_bucket/attachment/2026-09/29e7ccc0b5d2b4b5c90c27a9c2f3a1e2.jpeg
2026-7EMUNV,inprogress,2026-09-29 22:04,2026-09-30 14:19,100.72147,13.78603,มีนบุรี,มีนบุรี,รามคำแหง 174 บัวขาวฝั่งใน เพอร์เฟคเพลส 2/3 น้ำท่วมขังมากเลยค่ะ ไม่ระบายออกเลย ในซอยมีหลายครัวเรือนค่ะ อยากให้มาวางปั๊มสูบน้ำออกค่ะ ความสูงระดับหัวเข่า น้ำท่วมมาแล้ว4 วัน,https://storage.googleapis.com/traffy_public_bucket/attachment/2026-09/e7d828d121635768e4d1a08fe99094eb.jpeg
2026-HJ7AVJ,forward,2026-09-29 22:05,2026-10-05 16:44,100.73725,13.84374,คลองสามวา,ทรายกองดิน,น้ำท่วมมาหลายวัน และดูเหมือนว่าปริมาณน้ำจะเพิ่มขึ้นเรื่อยๆ เพราะอยู่ติดคลองอยากได้กระสอบทรายเพิ่ม เพื่อกันน้ำไม่ให้เข้าตัวบ้าน น้ำท่วมทั้งซอย ยังไม่มีหน่วยงานไหนเข้ามาดูแล พอจะมีหน่วยงานไหนช่วยได้บ้างไหมคะ เกรงว่าหากน้ำล้นตลิ่งเยอะกว่านี้น้ำจะเข้าตัวบ้านจ,https://storage.googleapis.com/traffy_public_bucket/attachment/2026-09/0c64a48fdc040525790f149560b54cff.jpeg
2026-K3LHK7,inprogress,2026-09-29 22:08,2026-09-30 12:24,100.63112,13.85653,บางเขน,ท่าแร้ง,น้ำท่วมอยู่ปัจจุบันแล้วน้ำรอบใหม่จะมาแล้วค่าาาา #ขอกระสอบทราย/อื่นๆ,https://storage.googleapis.com/traffy_public_bucket/attachment/2026-09/be56f8e848200802a773b531439f2a3f.jpeg
2026-K3LHK7,finish,2026-09-29 22:08,2026-10-07 10:07,100.63112,13.85653,บางเขน,ท่าแร้ง,น้ำท่วมอยู่ปัจจุบันแล้วน้ำรอบใหม่จะมาแล้วค่าาาา #ขอกระสอบทราย/อื่นๆ,https://storage.googleapis.com/traffy_public_bucket/attachment/2026-09/be56f8e848200802a773b531439f2a3f.jpeg
2026-3FHPLN,inprogress,2026-09-29 22:11,2026-09-29 22:19,100.88199,13.76516,หนองจอก,ลำต้อยติ่ง,บ้านอยู่ซอยหลังวัดวิบูลย์ธรรมาราม ซอย5 คนในซอยได้กระสอบทรายน้อยนิดมาก มีแต่ทราบ กระสอบไม่มี ไม่ได้รับความอำนวยความสะดวกเลย ตรงอื่น มีข้าวสาร มีอาหารไปแจก ทางซอยบ้านหนูเดือดร้อนเหมือนกัน ขนาดอยู่ใกล้พื้นที่ หนูยังไม่ได้อะไรเลย อยากให้ช่วย รบกวนช่วยประสานงา,https://storage.googleapis.com/traffy_public_bucket/attachment/2026-09/df115d275a4a13289b75d6813bdd7a01.jpeg
2026-VAVAAL,inprogress,2026-09-29 22:16,2026-09-30 16:35,100.62448,13.80529,บางกะปิ,คลองจั่น,ปัญหา: ภายในหมู่บ้านดังกล่าว พบน้ำท่วมขังมาเป็นเวลา 4 วันแล้ว ทำให้ไม่สามารถเดินทางเข้า-ออกหมู่บ้านได้ จึงขอให้เร่งระบายน้ำออกจากพื้นที่ พร้อมทั้งให้ความช่วยเหลือด้านน้ำดื่ม อาหารแห้ง และของใช้จำเป็น หมู่บ้าน: ลาดพร้าว 1 ซอย: โยธินพัฒนา 11 ถนน: ประดิษฐ์มน,https://storage.googleapis.com/traffy_public_bucket/attachment/2022-12/da2125e781282589d482070c3dba1726aa16a4a7.jpg
2026-VAVAAL,finish,2026-09-29 22:16,2026-10-08 11:26,100.62448,13.80529,บางกะปิ,คลองจั่น,ปัญหา: ภายในหมู่บ้านดังกล่าว พบน้ำท่วมขังมาเป็นเวลา 4 วันแล้ว ทำให้ไม่สามารถเดินทางเข้า-ออกหมู่บ้านได้ จึงขอให้เร่งระบายน้ำออกจากพื้นที่ พร้อมทั้งให้ความช่วยเหลือด้านน้ำดื่ม อาหารแห้ง และของใช้จำเป็น หมู่บ้าน: ลาดพร้าว 1 ซอย: โยธินพัฒนา 11 ถนน: ประดิษฐ์มน,https://storage.googleapis.com/traffy_public_bucket/attachment/2022-12/da2125e781282589d482070c3dba1726aa16a4a7.jpg
2026-WWD8CD,finish,2026-09-29 22:16,2026-10-05 13:23,100.65214,13.75742,บางกะปิ,หัวหมาก,น้ำท่วมในซอยรามคำแหง 60 แยก 9 หมู่บ้านสวนสน หัวเข่าครับ รวมววันนี้ 4 วันครับ,https://storage.googleapis.com/traffy_public_bucket/attachment/2026-09/551ffedad889d8d26828dfc104d6c3da.jpeg
2026-EFRHJA,start,2026-09-29 22:17,2026-09-29 22:17,100.74526,13.72114,ลาดกระบัง,ลาดกระบัง,ซอยลาดกระบัง32 เขตแขวงลาดกระบัง จ.กทม น้ำท่วมจะถึงเอวไม่มีหน่วยงานไหนเข้ามาช่วยเหลือเรื่องอาหารเลยครับ ความสูงระดับเลยหัวเข่าจะถึงเอวครับ น้ำท่วมมาแล้ว4วันครับ ท่วมตั้งแต่ฝนหนักวันแรกเลย,https://storage.googleapis.com/traffy_public_bucket/attachment/2026-09/04cde7657e15f1b5ceacd92800aa3cc2.jpeg
2026-MYLEV6,inprogress,2026-09-29 22:20,2026-09-30 07:13,100.68699,13.75423,สะพานสูง,สะพานสูง,น้ำไม่ลด / ลดช้ามาก ที่หน้าหมู่บ้านลัดดารมณ์อีลีแกนซ์ ทำให้ออกจากมบ.ไม่ได้มา 5 วันแล้ว ความสูงระดับหน้ามบ.น่าจะ 60 cm ได้ครับ น้ำท่วมมาแล้วมากกว่า 1 สัปดาห์,https://storage.googleapis.com/traffy_public_bucket/attachment/2026-09/b786cb7a466d4e5ab0706f3e7699f3af.jpeg
2026-8W89E6,inprogress,2026-09-29 22:22,2026-09-30 09:34,100.65823,13.72704,ประเวศ,ประเวศ,ขอเครื่องสูบน้ำ ความสูงระดับเอว น้ำท่วมมาแล้วน้อยกว่า 1 สัปดาห์,https://storage.googleapis.com/traffy_public_bucket/attachment/2026-09/a595754addb395a91b156c78d41c9391.jpeg
2026-XKVFAX,inprogress,2026-09-29 22:27,2026-09-29 22:28,100.80179,13.80033,หนองจอก,ลำผักชี,น้ำในหมู่บ้านสูงมาก รถกระบะยกสูงยังเข้าออกยังลำบากเลย มีหลายครัวเรือนออกจากบ้านไม่ได้ น้ำสูงและเริ่มเน่า ต้องการเครื่องสูบน้ำเพื่อให้เข้าออกได้ค่ะ ความสูงระดับทางออกน่าจะ 60-70 cm ค่ะ น้ำท่วมมาแล้วน้อยกว่า 1 วัน,https://storage.googleapis.com/traffy_public_bucket/attachment/2026-09/thumb_08954b16a91827f8fb05ad97e0957a41.jpg
2026-323E9H,finish,2026-09-29 22:38,2026-10-05 16:31,100.64541,13.7792,บางกะปิ,คลองจั่น,เห็นคนโพสต์ว่าช่วซอยนวมินทร์ฝั่งเลขคี่ ตรงข้ามสนามกีฬาคลองจั่นน้ำท่วมขังอยู่ ลดช้า ตอนนี้เริ่มเน่าแล้วค่ะ ยังไม่มีหน่วยงานใดหรือใครเข้าไปช่วยเหลือค่ะ บ้านที่เป็นผู้สูงอายุอาจจะไม่มีข้าวทานได้ค่ะ ความสูงระดับหน้าแข้ง น้ำท่วมมาแล้วน้อยกว่า 1 สัปดาห์,https://storage.googleapis.com/traffy_public_bucket/attachment/2026-09/f9f76b06a5b23d3f1ada9fc660e5881e.jpeg
2026-JU9FKX,forward,2026-09-29 22:38,2026-09-30 08:50,100.65993,13.91166,สายไหม,สายไหม,หมู่บ้านมัณฑนา เลค วัชรพล เฟส 2 ซ.สายไหม 56 มีน้ำท่วมขังในหมู่บ้าน สาเหตุเกิดจาก คลองออเงินน้ำเต็มเอ่อล้น ขอให้ช่วยระบายน้ำจากคลองออเงินโดยเร็ว มวลน้ำไม่ลดลงไหลทะลักล้นจากท่อเข้าท่วมในหมู่บ้าน ความสูงระดับสูฃประมาณหน้าแข้ง น้ำท่วมมาแล้วตั้งแต่วันที่ 26 ก.,https://storage.googleapis.com/traffy_public_bucket/attachment/2026-09/02dfe09cc8bf7d9aa87371f0f911c5fd.jpeg
2026-UEMKNK,start,2026-09-29 22:38,2026-09-29 22:38,100.85266,13.70074,ลาดกระบัง,ขุมทอง,รถดับเสีย ติดน้ำท่วม บนสะพานคลองประเวศบุรีรมย์ ความสูงระดับสูงกว่าเอว น้ำท่วมมาแล้วน้อยกว่า 1 วัน,https://storage.googleapis.com/traffy_public_bucket/attachment/2026-09/9eb5f8490c57d3f61b8453bd36e73b4a.jpeg
2026-ZN8BFH,inprogress,2026-09-29 22:39,2026-09-30 07:12,100.68631,13.7664,สะพานสูง,สะพานสูง,ตอนนี้ที่บ้านมีขยะที่ค้างมาหลายวัน ต้องการทิ้ง สามารถทิ้งได้ที่ไหนบ้าง อยู่ซ.รามคำแหง118 แยก35 #ขอกระสอบทราย/อื่นๆ,https://storage.googleapis.com/traffy_public_bucket/attachment/2026-09/8bbae550b711c8206c472f67449cfdcb.jpeg
2026-2Y4HAJ,finish,2026-09-29 22:40,2026-09-30 14:35,100.81264,13.7957,หนองจอก,ลำผักชี,ปัญหา: ภายในหมู่บ้านฟลอร่าวิลล์ บ้านเลขที่ 92/1 พบผู้ประสบภัยน้ำท่วมพักอาศัยอยู่เพียงลำพัง อาหารและน้ำดื่มใกล้หมด ต้องการขอความช่วยเหลือด้านอาหารและน้ำดื่มติดต่อ คุณไนท์ 0859684297 ซอย: สุวินทวงศ์ 38 ถนน: สุวินทวงศ์ เขต: หนองจอก #1555,https://storage.googleapis.com/traffy_public_bucket/attachment/2022-12/da2125e781282589d482070c3dba1726aa16a4a7.jpg
2026-7XG7YK,inprogress,2026-09-29 22:42,2026-09-30 09:34,100.66352,13.72477,ประเวศ,ประเวศ,แจ้งเหตุน้ำท่วมวิกฤตและขอคืนเครื่องสูบน้ำ พัฒนาการ 65 พิกัดพื้นที่: ซอยพัฒนาการ 65 ซอย 6 แยก 3 เขตสวนหลวง กรุงเทพฯ สถานการณ์ปัจจุบัน: ปัจจุบันระดับน้ำท่วมสูงถึง 70–80 เซนติเมตร น้ำเอ่อล้นแช่ขังอยู่ภายในตัวบ้านเรือนต่อเนื่อง ส่งผลให้ทรัพย์สินได้รับความเสีย,https://storage.googleapis.com/traffy_public_bucket/attachment/2026-09/630f077efffee9471871833dd719c738.jpeg
2026-XAVL7W,forward,2026-09-29 22:47,2026-09-30 08:49,100.63084,13.90309,สายไหม,คลองถนน,น้ำท่วม ประมาณ 80 cm ความสูงระดับเอว น้ำท่วมมาแล้วน้อยกว่า 1 สัปดาห์,https://storage.googleapis.com/traffy_public_bucket/attachment/2026-09/e29a40f5e87794f38bfe1d9291b59060.jpeg
2026-2LMYNT,forward,2026-09-29 22:49,2026-09-30 12:15,100.72145,13.7217,ลาดกระบัง,ลาดกระบัง,ที่ดีคอนโด อ่อนนุช-สุวรรณภูมิน้ำยังท่วมอยู่ภายในคอนโดระดับเกือบถึงเข่าและหน้าคอนโดถึงระดับเข่า รถสัญจรยากมาก ความสูงระดับหัวเข่า น้ำท่วมมาแล้วมากกว่า 1 สัปดาห์,https://storage.googleapis.com/traffy_public_bucket/attachment/2026-09/75e251b007158805720d2b6ad77f275c.jpeg
2026-7WC8BH,forward,2026-09-29 22:49,2026-09-30 07:56,100.58566,13.85783,จตุจักร,ลาดยาว,ตู้กาแฟหยอดเหรียญถูกน้ำท่วมลอยไปกับน้ำที่ซอยพหลโยธิน 49/1 หรือแยกบางวัว ความสูงระดับ50 ซม. น้ำท่วมมาแล้ววันที่ 26 กันยายน,https://storage.googleapis.com/traffy_public_bucket/attachment/2026-09/0e07960b365e91a541db91b12590d925.jpeg
2026-3GPC6X,start,2026-09-29 22:52,2026-09-29 22:52,100.72263,13.73605,ลาดกระบัง,คลองสองต้นนุ่น,กำแพงหลังหมู่บ้านศุภาลัย ถนนพัฒนาชนบท 3 มีรอยน้ำรั่ว ต้องการให้เจ้าหน้าที่เขตมาทำการอุดรอยร้าวที่กำแพงก่อนจะเกิดความเสียหายมากกว่านี้ #ขอกระสอบทราย/อื่นๆ,https://storage.googleapis.com/traffy_public_bucket/attachment/2026-09/cfa51e25aef3ca592d284184764a3b7d.jpeg
2026-AG8LC4,forward,2026-09-29 22:52,2026-10-05 16:44,100.74551,13.84583,คลองสามวา,ทรายกองดิน,น้ำท่วม นิมิตใหม่ซอย 20 เดินทางลำบากมาก กลางหมู่บ้านเกือบเอว รถเล็กเดินทางออกไม่ได้ แต่ที่ลำบากคือถ้าน้ำท่วมหนักกว่านี้ ห้องน้ำจะใช้ไม่ได้เหมือนปี 54 น้ำท่วมมาแล้วน้อยกว่า 1 สัปดาห์,https://storage.googleapis.com/traffy_public_bucket/attachment/2026-09/31d35c94879474945b49ffd89d818b2c.jpeg
2026-HZXCXJ,finish,2026-09-29 22:58,2026-10-02 09:52,100.62933,13.78925,บางกะปิ,คลองจั่น,ขอเครื่องสูบน้ำ แบบใช้น้ำมัน #ขอกระสอบทราย/อื่นๆ,https://storage.googleapis.com/traffy_public_bucket/attachment/2026-09/eb33e60f7abbd495fddb7588b319961c.jpeg
2026-K344GE,inprogress,2026-09-29 23:00,2026-09-30 11:37,100.64324,13.77774,บางกะปิ,คลองจั่น,ปัญหา: ภายใน คอนโดมิเนียม Hr. Residence Condo ตึก E5 ชั้น 8 ห้อง 783/107 ต้องการขออาหารและน้ำดื่ม เนื่องจากบริเวณทางเข้าคอนโดมิเนียมมีน้ำท่วมขังระดับสูง ทำให้ไม่สามารถเดินทางออกไปด้านนอกได้ ถนน: แฮปปี้แลนด์สาย 1 จุดสังเกต: อยู่ตรงข้ามกับห้างสรรพสินค้า,https://storage.googleapis.com/traffy_public_bucket/attachment/2022-12/da2125e781282589d482070c3dba1726aa16a4a7.jpg
2026-K344GE,finish,2026-09-29 23:00,2026-10-09 13:13,100.64324,13.77774,บางกะปิ,คลองจั่น,ปัญหา: ภายใน คอนโดมิเนียม Hr. Residence Condo ตึก E5 ชั้น 8 ห้อง 783/107 ต้องการขออาหารและน้ำดื่ม เนื่องจากบริเวณทางเข้าคอนโดมิเนียมมีน้ำท่วมขังระดับสูง ทำให้ไม่สามารถเดินทางออกไปด้านนอกได้ ถนน: แฮปปี้แลนด์สาย 1 จุดสังเกต: อยู่ตรงข้ามกับห้างสรรพสินค้า,https://storage.googleapis.com/traffy_public_bucket/attachment/2022-12/da2125e781282589d482070c3dba1726aa16a4a7.jpg
2026-MCC9D9,inprogress,2026-09-29 23:08,2026-09-30 08:08,100.87527,13.74772,หนองจอก,ลำต้อยติ่ง,ถนนขุมทองลำต้อยติ่งน้ำท่วม สูงสัญจรลำบากมาก ถนนวิบูลย์สาธุกิจออกวัดลำวังคาสัญจรไม่ได้ น้ำประปาไม่ไหล ออกไปซื้อไม่ได้ไม่มีน้ำสะอาดใช้ผู้สูงอายุลำบากมากต้องต้มน้ำกรองน้ำฝนมาดื่ม อันตรายมากๆค่ะ ชุมชนด้านหน้าและหลังวัดลำคาสุธาวาส -นอกจากน้ำไม่ลดแล้วน้ำยังเพิ่,https://storage.googleapis.com/traffy_public_bucket/attachment/2026-09/c1a37e298e165aa1c6817045eac55283.jpeg
2026-F8PT39,forward,2026-09-29 23:12,2026-09-29 23:18,100.65768,13.78299,บึงกุ่ม,คลองกุ่ม,แจ้งน้ำท่วมหมู่บ้านศรีนคร หมู่บ้านศรีนครพัฒนา ซอยอุเทน16-17 น้ำระบายช้า เริมเน่า ชาวบ้านต้องการความช่วยเหลือค่ะ ความสูงระดับหัวเข่า น้ำท่วมมาแล้วน้อยกว่า 1 สัปดาห์,https://storage.googleapis.com/traffy_public_bucket/attachment/2026-09/fa43f66845ab3c9a2b68c2ac77f1ab5c.jpeg
2026-4L7MK9,finish,2026-09-29 23:14,2026-10-05 16:31,100.65069,13.80294,บึงกุ่ม,คลองกุ่ม,น้ำท่วมขังในซอยรามคำแหง 68 มาเป็นเวลา 5 วัน ตั้งแต่วันที่ 25 กันยายน 2569-29กันยายน 2569 รบกวนทางกรุงเทพมหานครมาช่วยระบายน้ำในซอยให้หน่อยค่ะตอนนี้สัญจรเข้า-ออกในซอยไม่ได้เลย เพราะมีรถเล็ก ความสูงระดับหัวเข่า น้ำท่วมมาแล้วมากกว่า 1 สัปดาห์,https://storage.googleapis.com/traffy_public_bucket/attachment/2026-09/af226b66500b93225b36da36bb605331.jpeg
2026-ENGRUR,finish,2026-09-29 23:14,2026-09-30 07:55,100.58333,13.84853,จตุจักร,เสนานิคม,ต้องการกระสอบทราย #ขอกระสอบทราย/อื่นๆ,https://storage.googleapis.com/traffy_public_bucket/attachment/2026-09/09642fb911427710a8b1228440a1581e.jpeg
2026-69XTX2,finish,2026-09-29 23:17,2026-10-05 13:32,100.6278,13.75022,บางกะปิ,หัวหมาก,เรียนผู้ว่ากทม. พวกเราติดต่อจากหมู่บ้านศิขริน ซอยรามคำแหง 24 แยก30 ขอความกรุณาท่านและผอ.เขตบางกะปิ ได้โปรดดำเนินการ ส่งเจ้าหน้าที่ให้มาช่วยเปิดทางระบายน้ำที่ปากทางหมู่บ้านซึ่งเป็นอาคารพาณิชย์เช่า ด้วยปรากฏว่าระดับน้ำท่วมขังไม่มีแนวโน้มว่าจะลด ทั้งที่บริเว,https://storage.googleapis.com/traffy_public_bucket/attachment/2026-09/c88870a7442029a7dab92ad978a6b3fd.jpeg
2026-M9FNCA,forward,2026-09-29 23:18,2026-09-30 07:54,100.58033,13.84331,จตุจักร,เสนานิคม,น้ำท่วมขังทุกครั้งที่มีฝนตก ท่อน้ำไม่ระบายน้ำในซอย ความสูงระดับหน้าแข้ง น้ำท่วมมาแล้วน้อยกว่า 1 สัปดาห์,https://storage.googleapis.com/traffy_public_bucket/attachment/2026-09/e72c9b5113f8c3053c73fcb734fad977.jpeg
2026-6PXXWH,inprogress,2026-09-29 23:19,2026-09-30 09:31,100.676,13.83613,คันนายาว,คันนายาว,น้ำท่วมขังไม่ลด ความสูงระดับหัวเข่า น้ำท่วมมาแล้วน้อยกว่า 1 สัปดาห์,https://storage.googleapis.com/traffy_public_bucket/attachment/2026-09/04cd4558f03b103ce95adf8c7b16a537.jpeg
2026-WKVGVL,start,2026-09-29 23:20,2026-09-29 23:20,100.72876,13.76934,ลาดกระบัง,คลองสองต้นนุ่น,แจ้งเรือง ช่วยญาติที่ถูกนำ้ท่วม เคหะร่มเกล้า ซอย 24 บ้านเลขที่ 201/1155 โซนหลังคาแดง ยังไม่มีหน่วยงานราชการเข้าไปช่วย มีแต่ชาวบ้านช่วยกันเอง ร้องมาหลายเที่ยวแล้ว ความสูงระดับถึงเอว น้ำท่วมมาแล้ว5 วันแล้ว,https://storage.googleapis.com/traffy_public_bucket/attachment/2026-09/54a15fcdb9403923fa41ae580cc59c70.jpeg
2026-ZF4WWM,finish,2026-09-29 23:23,2026-09-30 13:42,100.79839,13.79319,หนองจอก,ลำผักชี,"มบ. ฟลอร่าวิลล์ สุวินทวงศ์38 น้ำท่วมสูงค่ะ หมู่บ้านเข้าออกได้หลายทาง มีพื้นที่กว่า 2000 ไร่ มีทั้งเฟสเก่าและเฟสใหม่ คนในหมู่บ้านเป็น 10,000 ค่ะ อยากให้ มีหน่วยงานเข้าไปสูบน้ำหน่อยค่ะให้ลดพอวิ่งได้ก็ยังดี ตอนนี้ ที่บ้านน้ำอยู่ระดับเอวแล้วค่ะ กังวลว่าน้ำเหน",https://storage.googleapis.com/traffy_public_bucket/attachment/2026-09/thumb_eda8872465a1f1bc1ee15958aab968e2.jpg
2026-8E924Z,inprogress,2026-09-29 23:24,2026-09-30 10:27,100.72316,13.78885,มีนบุรี,มีนบุรี,ซอยรามคำแหง 174 มีน้ำท่วมขังภายในซอยมาเป็นเวลา 5 วันแล้ว รถเล็กไม่สามารถสัญจรได้ และน้ำก็ไม่มีทางทีจะลดลงในเร็ววัน ทำให้มีผู้ที่อาศัยในซอยติดค้างอยู่จำนวนมาก และยังไม่พบเห็นหน่วยงานภาครัฐเข้ามาดูแลและตรวจสอบ เรื่องการระบายน้ำออกจากซอย อยากให้หน่วยงานที่เก,https://storage.googleapis.com/traffy_public_bucket/attachment/2026-09/4e0ebda73525d1a904add3abd45eebe8.jpeg
2026-9WZJ9V,finish,2026-09-29 23:26,2026-09-30 22:31,100.72025,13.82343,มีนบุรี,มีนบุรี,งูอยู่ในห้องน้ำค่ะ ความสูงระดับข้อเท้า น้ำท่วมมาแล้วน้อยกว่า 1 สัปดาห์,https://storage.googleapis.com/traffy_public_bucket/attachment/2026-09/928b80304fc5969b2eee0aff85c402a1.jpeg
2026-FCL9XP,inprogress,2026-09-29 23:34,2026-09-30 07:11,100.68609,13.76271,สะพานสูง,สะพานสูง,น้ำท่วมตั้งแต่วันเสาร์ ที่ 25 ที่ ซอยรามคำแหง 118 แยก 44-4 (เขตสะพานสูง) โดยจุดลึก คือแยก 44 รถเล็กสัญจร ไม่ได้ น้ำเริ่มขุ่นมีฟอง ความสูงระดับจุดลึกสุดตรงปากทางเลี้ยวเข้าแยก 44 ประมาณ เหนือเข่าค่า น้ำท่วมมาแล้ว5 วัน,https://storage.googleapis.com/traffy_public_bucket/attachment/2026-09/4ca8174622720f55d9ff8dfbe059874e.jpg
2026-VKP8WH,inprogress,2026-09-29 23:35,2026-09-30 09:55,100.63037,13.71336,สวนหลวง,สวนหลวง,มีน้ำท่วทขังเฉพาะ จุดทำให้การสรรจรไปมาลำบาก อยากให้ใช้เครื่องสูบน้ำออก #ขอกระสอบทราย/อื่นๆ,https://storage.googleapis.com/traffy_public_bucket/attachment/2026-09/ec9a58d16507a9ba608c722dabfc9b82.jpeg
2026-X47FMH,inprogress,2026-09-29 23:41,2026-09-30 09:21,100.66435,13.75191,บางกะปิ,หัวหมาก,น้ำท่วมมา4วันแล้ว เมื่อไหร่จะได้รับการระบายออก หรือูบน้ำให้ใช้ชีวิตได้สักที ความสูงระดับหน้าแข้ง น้ำท่วมมาแล้วน้อยกว่า 1 สัปดาห์,https://storage.googleapis.com/traffy_public_bucket/attachment/2026-09/e9eb3daee623e3f2ccd0b69c4643e1ba.jpeg
2026-X47FMH,finish,2026-09-29 23:41,2026-10-06 07:56,100.66435,13.75191,บางกะปิ,หัวหมาก,น้ำท่วมมา4วันแล้ว เมื่อไหร่จะได้รับการระบายออก หรือูบน้ำให้ใช้ชีวิตได้สักที ความสูงระดับหน้าแข้ง น้ำท่วมมาแล้วน้อยกว่า 1 สัปดาห์,https://storage.googleapis.com/traffy_public_bucket/attachment/2026-09/e9eb3daee623e3f2ccd0b69c4643e1ba.jpeg
2026-E3JGGR,finish,2026-09-29 23:43,2026-10-05 13:29,100.62698,13.75411,บางกะปิ,หัวหมาก,น้ำท่วมในซอยรามคำแหง 24 แยก 30 เริ่มมีกลิ่น ระดับน้ำลดลงช้ามาก ความสูงระดับหัวเข่า น้ำท่วมมาแล้วน้อยกว่า 1 สัปดาห์,https://storage.googleapis.com/traffy_public_bucket/attachment/2026-09/c90d0d8e632fc98505376421da8d249b.jpeg
2026-H9J9RN,inprogress,2026-09-29 23:56,2026-09-30 09:34,100.68592,13.8135,คันนายาว,คันนายาว,น้ำท่วมขังไม่ลดลงเลย5 วันผ่านไป ท่วมสูงรถผ่านไม่ได้ น้ำเน่าเหม็น น้ำท่วมขัง มา5 วันน้ำยังไม่ลดลงเลย อยากให้ช่วยระบายน้ำออกบ้าง ความสูงระดับหัวเข่า น้ำท่วมมาแล้วน้อยกว่า 1 สัปดาห์,https://storage.googleapis.com/traffy_public_bucket/attachment/2026-09/c67262ee4498211a69988ef50355f905.jpeg
