ticket,state,reported,last_activity,lon,lat,district,subdistrict,description,photo_url
2026-YFBYRY,inprogress,2026-09-25 03:25,2026-09-25 09:13,100.55035,13.78934,พญาไท,สามเสนใน,อยากเรียนปรึกษาว่า การที่ฟรีเวย์อพาร์ทเมนท์ มีสิทธิ์ เจาะท่อระบายน้ำ ทั้งเวลาปกติและระหว่างฝนตกหนัก ลงมาที่ถนนในซอย ดังคลิป เป็นการถูกต้องหรือไม่ เพราะถ้าไม่กั้นรั้วเป็นที่หน้าบ้านปกติ ก้ออาจต้องระบายลงท่อ โปรดช่วยพิจารณาเพราะน้ำจะท่วมขังมากขึ้นทุกครั้งคร,https://storage.googleapis.com/traffy_public_bucket/attachment/2026-09/thumb_4ed62153eea7a5504bc7af05952e42f1.jpg
2026-39U29Z,inprogress,2026-09-25 03:26,2026-09-25 09:12,100.55035,13.78934,พญาไท,สามเสนใน,อยากเรียนปรึกษาว่า การที่ฟรีเวย์อพาร์ทเมนท์ มีสิทธิ์ เจาะท่อระบายน้ำ ทั้งเวลาปกติและระหว่างฝนตกหนัก ลงมาที่ถนนในซอย ดังคลิป เป็นการถูกต้องหรือไม่ เพราะถ้าไม่กั้นรั้วเป็นที่หน้าบ้านปกติ ก้ออาจต้องระบายลงท่อ โปรดช่วยพิจารณาเพราะน้ำจะท่วมขังมากขึ้นทุกครั้งคร,https://storage.googleapis.com/traffy_public_bucket/attachment/2026-09/thumb_4ed62153eea7a5504bc7af05952e42f1.jpg
2026-JYUTMU,inprogress,2026-09-25 03:28,2026-09-25 07:23,100.67265,13.74457,สะพานสูง,สะพานสูง,น้ำท่วมเข้าตัวบ้านในซอยกรุงเทพกรีฑา 17 หลายหลัง ไม่มีพนักงานสูบน้ำ พร่องน้ำให้คลองที่กำลัฃวางท่อแห้งเพื่อน้ำให้น้ำน้อย น้ำในคลองควรสูบให้ต่ำที่สุดเพื่อรองรับน้ำฝนในหน้าฝนไม่ใช่ปล่อยให้น้ำเยอะทุกวันแบบนี้พอฝนตกน้ำก็ท่วม เนื่องจากถนนอยู่สูงกว่าตัวบ้านประมา,https://storage.googleapis.com/traffy_public_bucket/attachment/2026-09/f8742ac15d2585353811c19db1f1299b.jpeg
2026-CJW2WL,inprogress,2026-09-25 03:33,2026-09-25 08:54,100.69615,13.86414,คลองสามวา,สามวาตะวันตก,ฝนตกน้ำท่วมถนนหมู่บ้าน-น้ำเข้าในบ้านแล้ว หมู่บ้านเสนาวิลล่า4 พระยาสุเรนทร์ ซ.40 ห้องน้ำข้างล่างใช้งานไม่ได้ ความสูงระดับข้อเท้า น้ำท่วมมาแล้วน้อยกว่า 3 ชั่วโมง,https://storage.googleapis.com/traffy_public_bucket/attachment/2026-09/bd2a82d9d8ee17f7c9f4e3355b755d52.jpeg
2026-46V93A,start,2026-09-25 03:41,2026-09-25 07:19,100.77587,13.74222,ลาดกระบัง,ลำปลาทิว,ช่วยที่บ้านหน่อยค่ะ น้ำท่วม มีหมา แมว และคนแก่ด้วย บ้านเลขที่ 5 ซอยคุ้มเกล้า 54 ลำปลาทิว ลาดกระบัง (บ้านตรงข้าม บ.ลิณ เอ็นจิเนียริ่งค่ะ) ความสูงระดับตอนนี้จะครึ่งแข้งแล้วค่ะ ถ้าตกเรื่อยๆ แบบนี้น่าจะสูงขึ้นเรื่อยๆ เลย น้ำท่วมมาแล้วน้อยกว่า 3 ชั่วโมง,https://storage.googleapis.com/traffy_public_bucket/attachment/2026-09/2c68c40243fd7549eb87defdb94fb1bb.jpeg
2026-XTA37L,inprogress,2026-09-25 03:45,2026-09-25 07:55,100.74185,13.81865,มีนบุรี,มีนบุรี,น้ำท่วม ซอยสุวินทวงศ์14 เหตุเพราะฟุตบาท ความสูงระดับ10เซนติเมตร น้ำท่วมมาแล้วถ้าฝนตกไม่หยุด น้ำอาจจะขึ้นสูงอีก,https://storage.googleapis.com/traffy_public_bucket/attachment/2026-09/19bca7aa37743f3577ea446a4330c793.jpeg
2026-UZJK9F,start,2026-09-25 03:50,2026-09-25 07:19,100.7884,13.72295,ลาดกระบัง,ลาดกระบัง,น้ำท่วมสูง ที่ตลาดหัวตะเข้ ลาดกระบัง มีเครื่องสูบน้ำ แต่ไม่ได้เปิดเครื่อง ความสูงระดับ40ซม น้ำท่วมมาแล้วคืนนี้ละครับฝนตกทั้งคืน มีเครื่องสูบแต่ไม่ได้เปิดครับ,https://storage.googleapis.com/traffy_public_bucket/attachment/2026-09/6873d29ff652e147f6364fa18d5f46a8.jpeg
2026-V4GAZE,forward,2026-09-25 03:54,2026-09-25 09:58,100.65082,13.65936,บางพลี,บางแก้ว,ฝนตกหนักติดต่อกันประมาณ 4 ชั่วโมง น้ำเริ่มท่วมหน้าบ้านแล้ว แต่ว่าเห็นในคลองว่าน้ำระบายค่อนข้างเร็ว ขอให้ระบายเร็วแบบนี้ต่อไปด้วยนะครับ เพราะว่าถ้าหยุดการระบายน่าจะเข้าบ้านแล้วก็น้ำอาจจะสูงกว่านี้ ความสูงระดับข้อเท้า น้ำท่วมมาแล้วน้อยกว่า 3 ชั่วโมง,https://storage.googleapis.com/traffy_public_bucket/attachment/2026-09/3857552052fbffed74f84e938ac703cd.jpeg
2026-VZJG6H,finish,2026-09-25 03:58,2026-10-05 11:43,100.64124,13.75693,บางกะปิ,หัวหมาก,น้ำท่วม ความสูงระดับข้อเท้า น้ำท่วมมาแล้วน้อยกว่า 3 ชั่วโมง,https://storage.googleapis.com/traffy_public_bucket/attachment/2026-09/35a98b692c9a7c3e9e25efafd0d22dc6.jpeg
2026-4VKFFW,inprogress,2026-09-25 04:13,2026-09-25 08:54,100.72246,13.85118,คลองสามวา,บางชัน,รบกวนช่วยมาดูหทัยราษฎร์ ซอย 8 ครับหากเป็นไปได้ช่วยระบายน้ำเพื่อไม่ให้ท่วมขังน้ำได้หรือเปล่าเข้าตามบ้านเรือนหมดแล้ว ความสูงระดับ50ซม น้ำท่วมมาแล้ว3-4ชม,https://storage.googleapis.com/traffy_public_bucket/attachment/2026-09/960a1a83b144f6f421063ccf43afead1.jpeg
2026-NDB8WE,forward,2026-09-25 04:14,2026-09-25 08:17,100.55451,13.82206,จตุจักร,จตุจักร,โรงสูบน้ำโรงเรียนหอวังได้ปล่อยน้ำลงคลอง แล้วน้ำล้นคลองคลองแตกทำให้น้ำไหลลงมาที่บ้านพักรถไฟกม. 11 ไหล่จนถึงกลางซอยแล้วเข้าบ้านฉัน น้ำถึงหัวเข่าทะลักเข้าบ้าน ถ้าโรงสูบน้ำโรงเรียนหอวังหยุดปล่อยน้ำน้ำจะไม่ทะลักทำให้บ้านฉันเดือดร้อนนำเข้าบ้านเครื่องใช้ไฟฟ้าพัง,https://storage.googleapis.com/traffy_public_bucket/attachment/2026-09/33af4d21ca5ed6dacc109b262dd9b09e.jpeg
2026-D94H2V,forward,2026-09-25 04:19,2026-09-25 08:18,100.58867,13.81379,จตุจักร,จันทรเกษม,ระบายน้ำในคลองให้หน่อยครับ น้ำขึ้นไวมาก ความสูงระดับข้อเท้า น้ำท่วมมาแล้วน้อยกว่า 3 ชั่วโมง,https://storage.googleapis.com/traffy_public_bucket/attachment/2026-09/0d6289f000c88c891451fc5d3d57b5bf.jpeg
2026-DHH2EU,start,2026-09-25 05:12,2026-09-25 07:20,100.72652,13.73756,ลาดกระบัง,คลองสองต้นนุ่น,ซ.กรีสอนดี(เชื่อมระหว่างถ. พัฒนาชนบท2และถ.พัฒนาชนบท4)แขวงคลองสองต้นนุ่น เขตลาดกระบัง น้ำท่วมสูงประมาณ30-50ซม.ตลอดสาย ทั้งเส้นประมาณ1กม. ขณะนี้ ฝนยังตกอยู่ ความสูงระดับหัวเข่า น้ำท่วมมาแล้วน้อยกว่า 3 ชั่วโมง,https://storage.googleapis.com/traffy_public_bucket/attachment/2026-09/f45d67775bfcdc85b420294464e340a5.jpeg
2026-DGDWJV,inprogress,2026-09-25 05:17,2026-09-25 08:54,100.72328,13.85111,คลองสามวา,บางชัน,น้ำท่วมหมู่บ้านระบายไม่ทันเนื่องจากมีปั้มตัวเดียวและต่ำกว่าถนนตอนนนี้เข้าบ้านแล้ว ความสูงระดับเข้าบ้าน ปชช น้ำท่วมมาแล้ว2 ชม,https://storage.googleapis.com/traffy_public_bucket/attachment/2026-09/db02103fd3b91430f7538db3f85e267e.jpeg
2026-RULDML,inprogress,2026-09-25 05:25,2026-09-25 07:24,100.69221,13.73585,สะพานสูง,สะพานสูง,ช่วยด้วยค่ะ ขณะนี้ใน ในซอยกรุงเทพกรีฑา32ที่มีน้ำท่วมขัง ส่งผลกระทบและสร้างความเดือดร้อนให้แก่ประชาชนในพื้นที่เป็นอย่างมาก จึงใคร่ขอความอนุเคราะห์จากทางเขต โปรดพิจารณาและเร่งดำเนินการระบายน้ำโดยด่วน เพื่อบรรเทาความเดือดร้อนที่เกิดขึ้น ขอขอบพระคุณล่วง,https://storage.googleapis.com/traffy_public_bucket/attachment/2026-09/5c503594c0909d35a74d5666b5f609f6.jpeg
2026-B47PNF,finish,2026-09-25 05:30,2026-09-30 16:26,100.71567,13.83529,คลองสามวา,บางชัน,ต้องการขอกระสอบทรายด่วนเนื่องจากที่บ้านมีคนอาศัยอยู่และมีคนเป็นโรคหัวใจกับเบาหวานและออกไปซื้อกระสอบทรายไม่ทันตอนนี้น้ำเข้าบ้านมาไวมากค่ะ ความสูงระดับตอนนี้รถยนต์มอไซค์ไม่สามารถขับออกไปได้ น้ำท่วมมาแล้วน้อยกว่า 3 ชั่วโมง,https://storage.googleapis.com/traffy_public_bucket/attachment/2026-09/5518741c1f93c0c4a2c65801241a5ad9.jpeg
2026-KBYHDL,start,2026-09-25 05:39,2026-09-25 07:20,100.79019,13.7343,ลาดกระบัง,ลำปลาทิว,หากเจ้าหน้าที่สามารถเปิดปั๊มน้ำท้ายหมู่บ้านน่าจะช่วยระบายน้ำออกจากบริเวณท่วมมากๆ นี้ได้ ความสูงระดับประมาณครึ่งน่องค่ะ น้ำท่วมมาแล้วมาเห็นตอนตี 4 กว่าๆ ค่ะ,https://storage.googleapis.com/traffy_public_bucket/attachment/2026-09/68d7641395acbbd758ba5e95372c82a0.jpeg
2026-MLNMH3,forward,2026-09-25 05:55,2026-09-25 08:23,100.63361,13.71592,สวนหลวง,สวนหลวง,ชุมชนคลองสวนซอยอ่อนนุช 35 น้ำเริ่มเอ่อล้นตลิ่ง เข้าท่วมหน้าบ้านเรือนประชาชน รบกวนช่วยบริหารจัดการการเร่งระบายน้ำด้วย ความสูงระดับหน้าแข้ง น้ำท่วมมาแล้วน้อยกว่า 1 วัน,https://storage.googleapis.com/traffy_public_bucket/attachment/2026-09/095a2af148a7fb215f65ae12effc6e15.jpeg
2026-YZELTR,finish,2026-09-25 05:59,2026-09-30 21:36,100.62692,13.84199,ลาดพร้าว,จรเข้บัว,น้ำท่วมขังที่หมู่บ้าน ความสูงระดับข้อเท้า น้ำท่วมมาแล้วน้อยกว่า 3 ชั่วโมง,https://storage.googleapis.com/traffy_public_bucket/attachment/2026-09/31293be40d1ee733e9aba29fe76dfe75.jpeg
2026-XBCU6C,inprogress,2026-09-25 06:02,2026-09-25 07:24,100.68589,13.74277,สะพานสูง,สะพานสูง,เมื่อคืนฝนตกหนักทั้งคืนน้ำท่วมทั้งหมู่บ้านทุกซอยที่ถนนเริ่มเข้ามาในบ้านแล้วค่ะ ความสูงระดับข้อเท้า น้ำท่วมมาแล้วน้อยกว่า 1 วัน,https://storage.googleapis.com/traffy_public_bucket/attachment/2026-09/thumb_bdf47f997b14caf5aba98c97b17619a1.jpg
2026-FCTBPV,start,2026-09-25 06:03,2026-09-25 07:21,100.78844,13.72366,ลาดกระบัง,ลาดกระบัง,น้ำท่วมขังสูงตลอดทั้งซอยลาดกระบัง 17 อยากให้มาลอกท่อ สูบน้ำหน่อยค่ะ ภายในซอยมีเครื่องสูบน้ำติดตั้ง แต่ไม่มีใครมาดูแลและจัดการเลย ความสูงระดับ15-30 เซนติเมตรค่ะ น้ำท่วมมาแล้ว> 3 ชั่วโมงค่า,https://storage.googleapis.com/traffy_public_bucket/attachment/2026-09/744c61e26407cde3ae633647ad3f8026.jpeg
2026-2L84A2,inprogress,2026-09-25 06:04,2026-09-25 07:57,100.70808,13.8114,มีนบุรี,มีนบุรี,ช่วงเมื่อคืนมีฝนตกหนักจนถึงเช้านี้ฝนยังตกอยู่แต่เริ่มเบาลง ตอนนี้น้ำได้ท่วมเข้ามายังในบ้านระดับความสูงประมาน 10 เซนติเมตรแล้ว เนื่องจากซอยบ้านติดกับคลองที่ส่งน้ำไปยังบึงกะเทียม เกิดจากฝนที่ตกติดต่อกันหลายวันส่งผลให้น้ำในบึงเยอะขึ้น ประตูน้ำก็ไม่ได้เปิดให้,https://storage.googleapis.com/traffy_public_bucket/attachment/2026-09/93a5b961ded2f4592e5c6fd77e8a4941.jpeg
2026-KHWDHH,inprogress,2026-09-25 06:06,2026-09-25 07:57,100.72441,13.81579,มีนบุรี,มีนบุรี,ซอยสีหบุรานุกิจ9 แขวงและเขตมีนบุรี เมื่อฝนตกน้ำจะท่วมซอยทุกครั้ง รถยนต์วิ่งผ่าน ทำให้คนที่เดินเข้าออก เพื่อไปทำงานลำบากมากๆ เป็นแบบนี้มานานหลายปี ต้องการให้ ช่วยแก้ไขปัญหาโดยด่วน ความสูงระดับหัวเข่า น้ำท่วมมาแล้วน้อยกว่า 3 ชั่วโมง,https://storage.googleapis.com/traffy_public_bucket/attachment/2026-09/8bb6efe1d34c3f423047e51ea40c9fb9.jpeg
2026-4WEPWD,inprogress,2026-09-25 06:15,2026-09-25 07:24,100.68306,13.74715,สะพานสูง,สะพานสูง,ขอแจ้งเหตุขอความช่วยเหลือเรื่องน้ำท่วมค่ะ ขณะนี้น้ำเอ่อล้นเข้าบริเวณบ้านและมีแนวโน้มสูงขึ้น รบกวนหน่วยงานที่เกี่ยวข้องช่วยตรวจสอบและดำเนินการระบายน้ำออกจากพื้นที่ให้ด้วยค่ะ ความสูงระดับล้นตลิ่งเข้าท่วมบ้านแล้วค่ะ่ น้ำท่วมมาแล้วน้อยกว่า 1 วัน,https://storage.googleapis.com/traffy_public_bucket/attachment/2026-09/c6fd742774a229e968bcced2128f91a0.jpeg
2026-RDJAG3,inprogress,2026-09-25 06:21,2026-09-28 12:51,100.68689,13.8083,คันนายาว,คันนายาว,สวัสดีครับ ผมผู้เช่าบ้านหมายเลข2นะครับ เนื่องจากฝนตกหนัก และมีน้ำท่วมขังใกล้เครื่องปั้มน้ำ (รายละเอียดตามรูปแนบครับ) เกรงจะมีปัญหากับปั้มน้ำ เนื่องจากใกล้จะท่วมาแล้ว รบกวนมาตรวจสอบและแก้ไขครับ ความสูงระดับข้อเท้า น้ำท่วมมาแล้วน้อยกว่า 3 ชั่วโมง,https://storage.googleapis.com/traffy_public_bucket/attachment/2026-09/523dee9499be4a08907a4bd49ce5e22d.jpeg
2026-AL3A38,inprogress,2026-09-25 06:22,2026-09-25 07:58,100.73027,13.81858,มีนบุรี,มีนบุรี,น้ำท่วมอีกแล้ว ท่วมซ้ำซากครับ ความสูงระดับ2เมตร น้ำท่วมมาแล้วตั้งแต่ตี2,https://storage.googleapis.com/traffy_public_bucket/attachment/2026-09/ca66a26c116e504c5714849bfad1141d.jpeg
2026-PUE2VE,start,2026-09-25 06:27,2026-09-25 07:21,100.71912,13.72922,ลาดกระบัง,ลาดกระบัง,ซอยลาดกระบัง 1 แยก 4 น้ำท่วมเหมือนเดิมถนนทำใหม่ไม่ได้ถ่ายระดับบอกผู้รับเหมาแล้วไม่ยอมทำตามกทมแก้ไขด้วยครับเป็นแอ่งเหมือนเดิม ความสูงระดับข้อเท้า น้ำท่วมมาแล้วฝนตกทีไรก็น้ำท่วมทุกที,https://storage.googleapis.com/traffy_public_bucket/attachment/2026-09/91b44d01800e5e8ed2a77841df6758e8.jpeg
2026-BF3GXU,finish,2026-09-25 06:35,2026-09-25 11:31,100.59014,13.88308,หลักสี่,ตลาดบางเขน,เปิดประตูระบายน้ำให้หน่อยคะ ความสูงระดับหน้าแข้ง น้ำท่วมมาแล้วน้อยกว่า 3 ชั่วโมง,https://storage.googleapis.com/traffy_public_bucket/attachment/2026-09/cecad5ff62ca89e7267b59cb696f05c8.jpeg
2026-NKG4RU,inprogress,2026-09-25 06:35,2026-09-25 15:36,100.6447,13.68932,ประเวศ,หนองบอน,น้ำท่วมสูง ไม่มีทางระบาย ขอรถช่วยสูบน้ำออก เพื่อรองรับน้ำได้เพิ่มหากฝนตกหนักอีกติดต่อกันเป็นเวลาหลายวัน ความสูงระดับ20-25 ซม. ในบางจุด น้ำท่วมมาแล้วน้อยกว่า 1 วัน,https://storage.googleapis.com/traffy_public_bucket/attachment/2026-09/7f3e7eed9256b9e7412f563de2f6a356.jpeg
2026-TPLA7R,forward,2026-09-25 06:37,2026-09-25 20:16,100.66243,13.80522,บึงกุ่ม,คลองกุ่ม,ขณะนี้น้ำท่วมเจ้ามาในบ้านและถนนเนื่องจากฝนตกหนักมาก อยากรบกวนให้แจ้งเขตบึงกุ่ม เพื่อช่วยเหลือทำการระบายน้ำด้วย ขอบพระคุณค่ะ ความสูงระดับหน้าแข้ง น้ำท่วมมาแล้วน้อยกว่า 3 ชั่วโมง,https://storage.googleapis.com/traffy_public_bucket/attachment/2026-09/a8e811eeb7ad03320252bbb5ffbdf5e6.jpeg
2026-A96DUH,inprogress,2026-09-25 06:41,2026-09-25 08:57,100.6934,13.86653,คลองสามวา,สามวาตะวันตก,ในม.เสนาวิลล่า 8 ฝนตกต่อเนื่องตั้งแต่เมื่อคืน น้ำท่วมขึ้นสูงประมาณข้อเท้า ความสูงระดับตอนเช้านี้ประมาณข้อเท้า น้ำท่วมมาแล้วน้อยกว่า 3 ชั่วโมง,https://storage.googleapis.com/traffy_public_bucket/attachment/2026-09/3f5d555bf50a4d6c449d176e0060e4b8.jpeg
2026-LFHWXH,forward,2026-09-25 06:41,2026-09-26 22:28,100.69043,13.74777,สะพานสูง,สะพานสูง,ชุมชนริมคลองทับช้างตอนนี้น้ำท่วมข้อนข้างสูง! ความสูงระดับตอนนี้ประมาณหน้าแข้งแล้วครับ น้ำท่วมมาแล้วน้อยกว่า 3 ชั่วโมง,https://storage.googleapis.com/traffy_public_bucket/attachment/2026-09/fbc9efdd1ee37598b4b5e4f32b4fa0d1.jpeg
2026-WZRURE,inprogress,2026-09-25 06:41,2026-09-25 07:58,100.7402,13.81913,มีนบุรี,มีนบุรี,น้ำท่วมขังในบ้านและในซอย ความสูงระดับข้อเท้า น้ำท่วมมาแล้วน้อยกว่า 3 ชั่วโมง,https://storage.googleapis.com/traffy_public_bucket/attachment/2026-09/thumb_04adfea9e45bf9b9b3fe6c0f23338503.jpg
2026-GV6H8L,start,2026-09-25 06:46,2026-09-25 07:22,100.75392,13.72153,ลาดกระบัง,ลาดกระบัง,น้ำท่วมเข้าบ้าน ความสูงระดับหัวเข่า น้ำท่วมมาแล้วน้อยกว่า 3 ชั่วโมง,https://storage.googleapis.com/traffy_public_bucket/attachment/2026-09/3c6e932748d741c20b87eec813e40b3c.jpeg
2026-GYMG3X,inprogress,2026-09-25 06:46,2026-09-25 07:59,100.76125,13.82583,มีนบุรี,แสนแสบ,ณ วันที่ 25.9.69 ฝนตกทั้งคืน และย้ำท่วมทางเข้าบ้าน อยากให้รีบระบายน้ำให้ทันท่วงทีค่ะ เพราะมีเด็ก 5 คน ผู้สูงอายุอีก ลำบากต่อการเดินทางไปทำงานของผู้ใหญ่เป็นอย่างมากค่ะ ความสูงระดับหน้าแข้ง น้ำท่วมมาแล้วน้อยกว่า 3 ชั่วโมง,https://storage.googleapis.com/traffy_public_bucket/attachment/2026-09/thumb_84f54b5b7028cf2b4093c274f534f0bf.jpg
2026-NWGCPZ,forward,2026-09-25 06:46,2026-09-25 08:22,100.58867,13.81379,จตุจักร,จันทรเกษม,น้ำท่วมบ้านครับ ที่บ้านมีคนแก่ติดเตียงด้วย ระบายน้ำออกไวกว่านี้ได้ไมครับ🙏🏻 ความสูงระดับข้อเท้า น้ำท่วมมาแล้วน้อยกว่า 1 วัน,https://storage.googleapis.com/traffy_public_bucket/attachment/2026-09/e33f9661374eb308193e242e111fe9bc.jpeg
2026-2BELRV,inprogress,2026-09-25 06:47,2026-09-25 15:34,100.65597,13.68432,ประเวศ,หนองบอน,น้ำท่วมซอยศรีนครินทร์ 57 แยก 14-1 หนักมาก ความสูงระดับหัวเข่า น้ำท่วมมาแล้ว1 วันได้,https://storage.googleapis.com/traffy_public_bucket/attachment/2026-09/d6ba7c734d39f90fd7992adf2efc5354.jpeg
2026-NAL3VU,inprogress,2026-09-25 06:47,2026-09-25 15:35,100.68849,13.66873,ประเวศ,ดอกไม้,น้ำท่วม ความสูงระดับ10cm น้ำท่วมมาแล้วน้อยกว่า 3 ชั่วโมง,https://storage.googleapis.com/traffy_public_bucket/attachment/2026-09/abef93b3f9a0af63cc4218c239b52a8f.jpeg
2026-2AUV4W,inprogress,2026-09-25 06:48,2026-09-25 11:10,100.63713,13.72123,สวนหลวง,สวนหลวง,น้ำท่วมขังกลางถึงท้าย.อยอ่ออนนุช 39 ความสูงระดับ50-60 cm น้ำท่วมมาแล้วตีสาม,https://storage.googleapis.com/traffy_public_bucket/attachment/2026-09/76076505b6defb37d5354c47baac970f.jpeg
2026-2AUV4W,finish,2026-09-25 06:48,2026-10-09 11:02,100.63713,13.72123,สวนหลวง,สวนหลวง,น้ำท่วมขังกลางถึงท้าย.อยอ่ออนนุช 39 ความสูงระดับ50-60 cm น้ำท่วมมาแล้วตีสาม,https://storage.googleapis.com/traffy_public_bucket/attachment/2026-09/76076505b6defb37d5354c47baac970f.jpeg
2026-K9K2TE,forward,2026-09-25 06:48,2026-09-26 22:28,100.66047,13.73826,สะพานสูง,สะพานสูง,พบน้ำท่วมขัง ภายในบ้านและภายนอกบริเวณบ้าน จากฝนตกหนักต่อเนื่องและน้ำคลองหนุนสูง ไหลเข้าที่ดิน อยากให้ช่วยสูบน้ำจากคลองบ้านม้าอย่างด่วนที่สุด ความสูงระดับภายในบ้าน พบน้ำท่วมสูงประมาณ 5 ซ.ม. และอาจค่อยๆ สูงขึ้น หากระดับน้ำคลองบ้านม้าหนุนสูงขึ้นอีก น้ำท่วมมา,https://storage.googleapis.com/traffy_public_bucket/attachment/2026-09/6ffa4133fd31119af6ba86b469b73166.jpeg
2026-LKVHXK,finish,2026-09-25 06:59,2026-09-30 16:32,100.62373,13.6719,บางนา,บางนาเหนือ,เรียนท่านผู้ว่าฯ ชัชชาติและทีมงานค่ะ ขอแจ้งปัญหาเรื่องการระบายน้ำบริเวณท้ายหมู่บ้านค่ะ บ้านหนูอยู่ต่ำกว่าระดับถนน และที่ผ่านมาเวลาฝนตกหนักจะมีน้ำท่วมเป็นระยะ แต่เดิมบริเวณท้ายหมู่บ้านมีเขื่อนและเครื่องสูบน้ำที่ยังใช้งานได้ ช่วยระบายน้ำออกจากบริเวณคลองค่ะ,https://storage.googleapis.com/traffy_public_bucket/attachment/2026-09/thumb_98a6eb558d14228e6c11b4605324ddb2.jpg
2026-CPFZPW,inprogress,2026-09-25 07:00,2026-09-25 15:32,100.65903,13.72867,ประเวศ,ประเวศ,น้ำท่วม น้ำรอการระบาย ความสูงระดับข้อเท้า น้ำท่วมมาแล้วน้อยกว่า 3 ชั่วโมง,https://storage.googleapis.com/traffy_public_bucket/attachment/2026-09/04ff9b4386af3c081553bac8f114866b.jpeg
2026-V643CJ,inprogress,2026-09-25 07:04,2026-09-25 08:11,100.73639,13.83328,มีนบุรี,มีนบุรี,น้ำท่วมซอย นิมิตใหม่ 3 มา 3 ปี ไม่ได้รับงบประมาณ ในการแก้ไข ความสูงระดับหน้าแข้ง น้ำท่วมมาแล้วน้อยกว่า 3 ชั่วโมง,https://storage.googleapis.com/traffy_public_bucket/attachment/2026-09/19fced1b6a03b428f8a84d62bdbd1a5e.jpeg
2026-64KA2U,inprogress,2026-09-25 07:05,2026-09-25 08:22,100.84447,13.77209,หนองจอก,ลำต้อยติ่ง,น้ำท่วมซ้ำซาก ท่วมทุกวัน ไม่มีหน่วยงานใดลงพื้นที่ หรือแก้ไขปัญหา ปัญหาเดิมๆ ความสูงระดับหัวเข่า น้ำท่วมมาแล้วน้อยกว่า 1 สัปดาห์,https://storage.googleapis.com/traffy_public_bucket/attachment/2026-09/826680bd54ef9eba2c1917e9a3823de3.jpeg
2026-36MBDZ,inprogress,2026-09-25 07:06,2026-09-25 07:26,100.69068,13.76372,สะพานสูง,สะพานสูง,รบกวนเปิดปั้มสูบน้ำท้ายซอยรามคำแหง 118 แยก 43 เพื่อระบายน้ำในท่อ เนื่องจากฝนตกหนักทั้งคืน และต่อเนื่องในช่วงนี้ น้ำเริ่มท่วมขังในห้องน้ำและห้องครัว ความสูงระดับในห้องน้ำประมาณ 1 คืบ แต่เหลืออีกประมาณ 1 ซม. จะท่วมพื้นบ้านส่วนอื่นๆ น้ำท่วมมาแล้วประมาณ 5 ชั่,https://storage.googleapis.com/traffy_public_bucket/attachment/2026-09/d9d87500b4c973bee900430483970c4e.jpeg
2026-BV8MBY,inprogress,2026-09-25 07:07,2026-09-25 07:27,100.70771,13.74621,สะพานสูง,สะพานสูง,น้ำท่วมในซอยหมู่บ้านพลีโน่ ระบายน้ำออกจากคลองแม่จัน ความสูงระดับหน้าแข้ง น้ำท่วมมาแล้วน้อยกว่า 3 ชั่วโมง,https://storage.googleapis.com/traffy_public_bucket/attachment/2026-09/thumb_1923874307efb333b1ae378cff30dc6d.jpg
2026-VAY68J,finish,2026-09-25 07:07,2026-09-25 21:30,100.61807,13.65998,บางนา,บางนาใต้,น้ำท่วม ความสูงระดับหน้าแข้ง น้ำท่วมมาแล้วน้อยกว่า 3 ชั่วโมง,https://storage.googleapis.com/traffy_public_bucket/attachment/2026-09/b062016f3653469082d5ca4e270b1f64.jpeg
2026-L23AP6,inprogress,2026-09-25 07:08,2026-09-25 08:57,100.75513,13.90255,คลองสามวา,สามวาตะวันออก,น้ำทท่วมขังบริเวณกว้าง ความสูงระดับ1.3เมตร น้ำท่วมมาแล้วน้อยกว่า 3 ชั่วโมง,https://storage.googleapis.com/traffy_public_bucket/attachment/2026-09/057b0cd37c54d2f556e048a2d397722c.jpeg
2026-PRYGD3,inprogress,2026-09-25 07:08,2026-09-25 08:57,100.7092,13.87614,คลองสามวา,สามวาตะวันตก,เส้นทางจากหมู่บ้านพร้อมพัฒน์ไพร์ม มุ่งหน้าออกทาง Safari เข้าเลียบคลองสอง มีน้ำท่วมสูงเป็นระยะทางไกลรถเล็กไม่สามารถผ่านไปได้รบกวนทางเขตช่วยมาดูอย่างเร่งด่วนค่ะ ความสูงระดับล้นขอบฟุตบาทค่ะเกือบถึงขอบประตูรถเล็ก น้ำท่วมมาแล้วไม่แน่ใจระยะเวลาที่ชัดเจน,https://storage.googleapis.com/traffy_public_bucket/attachment/2026-09/6cc2b2c4f24d41cdc3cc56a03771160f.jpeg
2026-VD8CFF,forward,2026-09-25 07:08,2026-09-25 08:23,100.55765,13.80912,จตุจักร,จตุจักร,น้ำท่วมขังประจำ ขุดลอกท่อหน่อยจิ ความสูงระดับหน้าแข้ง น้ำท่วมมาแล้วน้อยกว่า 3 ชั่วโมง,https://storage.googleapis.com/traffy_public_bucket/attachment/2026-09/thumb_4771b9104c4570814c75e98c2e4b73e6.jpg
2026-UYWC46,inprogress,2026-09-25 07:09,2026-09-25 07:28,100.68649,13.74186,สะพานสูง,สะพานสูง,น้ำท่วม ความสูงระดับหน้าแข้ง น้ำท่วมมาแล้วน้อยกว่า 3 ชั่วโมง,https://storage.googleapis.com/traffy_public_bucket/attachment/2026-09/5be72c3b57ca175ed383235eed6a5f9d.jpeg
2026-33WJ2W,forward,2026-09-25 07:10,2026-09-25 07:11,100.72601,13.72197,ลาดกระบัง,ลาดกระบัง,น้ำท่วมขัง บริเวณปากซอยลาดกระบัง 20/3 และบริเวณใกล้เคียง ความสูงระดับข้อเท้า น้ำท่วมมาแล้วน้อยกว่า 1 ชั่วโมง,https://storage.googleapis.com/traffy_public_bucket/attachment/2026-09/f30897514111c49bb373389ef8d6321e.jpeg
2026-T4LGWW,forward,2026-09-25 07:11,2026-09-25 14:48,100.69817,13.72896,ประเวศ,ประเวศ,ถนนเฉลิมพระเกียรจติ ร.9 จราจรตืดขัด ฝนตก และน้ำท่วมขัง ครบชุด สาเหตุมาจากทางออกไปทางขนานมอเตอร์เวย์ 7 ความสูงระดับข้อเท้า น้ำท่วมมาแล้วน้อยกว่า 3 ชั่วโมง,https://storage.googleapis.com/traffy_public_bucket/attachment/2026-09/a73c63f2db20bf11b75f2795807044b6.jpeg
2026-Z4KZGV,start,2026-09-25 07:12,2026-09-25 07:23,100.78413,13.71821,ลาดกระบัง,ลาดกระบัง,น้ำท่วมขังในซอย รถเล็กสัญจรลำบาก ความสูงระดับ30-40เซน น้ำท่วมมาแล้วน้อยกว่า 3 ชั่วโมง,https://storage.googleapis.com/traffy_public_bucket/attachment/2026-09/c19d26e7a8bda4edb5b342c9c7979640.jpeg
2026-F7AMV4,inprogress,2026-09-25 07:13,2026-09-25 14:48,100.67087,13.71889,ประเวศ,ประเวศ,น้ำท่วมสูง ทั้งในซอยและถนนอ่อนนุช ความสูงระดับหน้าแข้ง น้ำท่วมมาแล้วน้อยกว่า 1 วัน,https://storage.googleapis.com/traffy_public_bucket/attachment/2026-09/thumb_9d8c2b016ce6c7cfc2632dce4120a93c.jpg
2026-WPX72T,finish,2026-09-25 07:14,2026-09-30 16:32,100.6238,13.67185,บางนา,บางนาเหนือ,ขอแจ้งปัญหาและขอความช่วยเหลือเรื่องการระบายน้ำบริเวณท้ายหมู่บ้านค่ะ เดิมบริเวณท้ายหมู่บ้านมีเครื่องสูบน้ำที่ยังใช้งานได้ แต่ปัจจุบันถูกถอดออก ทำให้เมื่อฝนตกหนัก น้ำจากคลองระบายไม่ทันและไหลเข้าท่วมบ้านที่อยู่ต่ำกว่าระดับถนนค่ะ จึงขอให้ กทม. ช่วยตรวจสอบแล,https://storage.googleapis.com/traffy_public_bucket/attachment/2026-09/72fedb61d071e60c29ccaf4738cf6ee3.jpeg
2026-HBMCLX,finish,2026-09-25 07:17,2026-10-05 14:19,100.61212,13.75042,บางกะปิ,หัวหมาก,น้ำท่วมขัง ความสูงระดับหน้าแข้ง น้ำท่วมมาแล้วน้อยกว่า 1 สัปดาห์,https://storage.googleapis.com/traffy_public_bucket/attachment/2026-09/b1c60dad127d7a2552ca961271060807.jpeg
2026-RZACBG,forward,2026-09-25 07:20,2026-09-26 22:27,100.65911,13.73833,สะพานสูง,สะพานสูง,น้ำในคลองบ้านม้าสูงขึ้นจากเหตุฝนตกครับ บ้านผมเป็นบ้านที่อยู่ติดกับคลอง ทำให้น้ำท่วมเข้ามาในตัวบ้านครับ ความสูงระดับในบ้านตอนนี้ระดับประมาณข้อเท้าครับ น้ำท่วมมาแล้วน้อยกว่า 1 วัน,https://storage.googleapis.com/traffy_public_bucket/attachment/2026-09/aedf4da0e4a862d5ba84517637b56ced.jpeg
2026-TKXPX6,forward,2026-09-25 07:20,2026-09-25 09:54,100.57825,13.87647,หลักสี่,ตลาดบางเขน,น้ำรอการระบายล้นถนนมาแล้วค่ะ รถยนต์ที่ใช้เส้นทางนั้นอันตรายมาก ความสูงระดับหน้าแข้ง น้ำท่วมมาแล้วน้อยกว่า 1 ชั่วโมง,https://storage.googleapis.com/traffy_public_bucket/attachment/2026-09/thumb_03c4f07d66ada8836d4ddf84df00d957.jpg
2026-8J3G8G,inprogress,2026-09-25 07:21,2026-09-25 09:05,100.61209,13.75039,บางกะปิ,หัวหมาก,น้ำท่วม ความสูงระดับหน้าแข้ง น้ำท่วมมาแล้วน้อยกว่า 1 วัน,https://storage.googleapis.com/traffy_public_bucket/attachment/2026-09/3fb198c6d3622950bb124d56e8f0ac26.jpeg
2026-8J3G8G,irrelevant,2026-09-25 07:21,2026-10-09 08:54,100.61209,13.75039,บางกะปิ,หัวหมาก,ไม่แสดงรายละเอียด,https://storage.googleapis.com/traffy_public_bucket/TeamChadChart/fondue_photo.png
2026-BU7C6Y,inprogress,2026-09-25 07:21,2026-09-25 08:21,100.87866,13.85807,หนองจอก,หนองจอก,น้ำท่วมซอยบึงฝรั่ง เขตหนองจอก กทม. สัญจรลำบาก ความสูงระดับหน้าแข้ง น้ำท่วมมาแล้วน้อยกว่า 1 สัปดาห์,https://storage.googleapis.com/traffy_public_bucket/attachment/2026-09/f20516913e06a2085948c99ec04280b0.jpeg
2026-NG8BF9,inprogress,2026-09-25 07:23,2026-09-25 14:46,100.67419,13.67878,ประเวศ,ดอกไม้,หมู่บ้านสวนหลวงวิลล์2 เขตประเวศ 1.มีปัญหาน้ำท่วมขังในหมู่บ้าน ไม่ว่าจะเป็นกรณีที่ฝนตกน้อยหรือตกเยอะ จะมีน้ำขังทั่วทั้งหมู่บ้านและทุกซอย ทำให้การสัญจรไปมาภายในหมู่บ้านลำบาก และเกรงว่าจะมีสัตว์มีพิษอาศัยอยู่ (ปัญหาสำคัญ) 2. ในหมู่หมู่บ้านไม่มีไฟเพื่อส่องสว่,https://storage.googleapis.com/traffy_public_bucket/attachment/2026-09/921189f211b427201bbc375b3bb1566d.jpeg
2026-PTYVEB,finish,2026-09-25 07:23,2026-10-05 11:49,100.65705,13.76977,บางกะปิ,หัวหมาก,น้ำท่วมฝนซอย เข้าบ้านเรือนประชาชนซอยรามคำแหง 117 ความสูงระดับหน้าแข้ง น้ำท่วมมาแล้วน้อยกว่า 3 ชั่วโมง,https://storage.googleapis.com/traffy_public_bucket/attachment/2026-09/c5211acfcecfed4e855b0b89470fb2e6.jpeg
2026-TJRAYX,inprogress,2026-09-25 07:23,2026-09-25 08:11,100.7402,13.81914,มีนบุรี,มีนบุรี,น้ำท่วมซอยหนักมากค่ะ สุวินทวงศ์ 14 ค่ะ ความสูงระดับตั้งแต่ ตี 2 แล้วค่ะ น้ำท่วมมาแล้วมีคนแก่ มีคนพิการ อาศัยอยู่ด้วยค่ะ,https://storage.googleapis.com/traffy_public_bucket/attachment/2026-09/dd9fc232f822694033e89618168a8fe4.jpeg
2026-2XEGXW,inprogress,2026-09-25 07:26,2026-09-25 15:32,100.65156,13.7105,ประเวศ,ประเวศ,ช่วยเร่งระบายน้ำในซอยอ่อนนุช 66 แยก 1-2 ให้ด้วย น้ำเต็มท่อระบายน้ำ เกรงว่าน้ำจะท่วมเข้าบ้านในไม่ช้า เนื่องจากบ้านอยู่ใกล้กับคลองพระโขนงเก่าซึ่งขณะนี้ระดับน้ำค่อนข้างสูง ความสูงระดับปริ่มท่อระบายน้ำ น้ำท่วมมาแล้วเมื่อคืนฝนตกทั้งคืน เช้ามาน้ำสูงมาก,https://storage.googleapis.com/traffy_public_bucket/attachment/2026-09/956d2c6a598a1cae68fb554a2bb1d0c0.jpeg
2026-HD7XVG,forward,2026-09-25 07:27,2026-09-25 09:55,100.58239,13.884,หลักสี่,ตลาดบางเขน,ถนนวิภาวดีรังสิตขาเข้าก่อนถึงหน้าสถานีรถไฟฟ้าสายสีชมพูหลักสี่ตรงทางที่จะเลี้ยวไปถนน แจ้งวัฒนะที่มุ่งหน้าไป วงเวียนบางเขน มีน้ำท่วมขัง 1 เลน ทำให้รถเคลื่อนตัวได้ช้าผู้เดินถนนต้องเดินอย่างระมัดระวังเนื่องจากน้ำท่วมเกือบถึงขอบฟุตบาท ความสูงระดับข้อเท้า น้ำท่,https://storage.googleapis.com/traffy_public_bucket/attachment/2026-09/ff9fe9559356169f55332258a9f129e7.jpeg
2026-ZGXJR9,forward,2026-09-25 07:27,2026-09-25 08:05,100.77951,13.72155,ลาดกระบัง,ลาดกระบัง,อยู่บ้านเลขที่2100(เดิม11หมู่3 ริมคลองหนองปรือ)ถนนลาดกระบัง แขวงลาดกระบัง เขตช่วยสูบระบายน้ำด้วยค่ะลาดกระบัง กรุงเทพ ... ขอแจ้ง `เรื่องน้ำท่วม` ต้องการให้ช่วย`สูบระบายน้ำปลายทางให้ด่วน` ค่ะ ความสูงระดับข้อเท้า น้ำท่วมมาแล้วน้อยกว่า 1 วัน,https://storage.googleapis.com/traffy_public_bucket/attachment/2026-09/34305c84fbfcfbca9fb634f996e6d05c.jpeg
2026-YZ9EKC,inprogress,2026-09-25 07:29,2026-09-25 14:42,100.65674,13.72249,ประเวศ,ประเวศ,น้ำท่วมขังในซอยพัฒนาการ 78 ตั้งแต่ช่วงเช้ามืด ความสูงระดับฟุตบาทค่ะ น้ำท่วมมาแล้วเช้ามืด,https://storage.googleapis.com/traffy_public_bucket/attachment/2026-09/d547c88ba885973583c59ce4e477e37b.jpeg
2026-N6CUFL,forward,2026-09-25 07:30,2026-09-25 11:48,100.5911,13.7962,วังทองหลาง,วังทองหลาง,น้ำท่วมขังบริเวณช่วงป้ายรถเมล์ซอยลาดพร้าว50 และระบายออกช้า มีผลให้รถสัญจรด้วยความเร็วลุยน้ำกระเด็นเข้ามาโดนคนเดินถนนและร้านค้า ความสูงระดับ10-20 ซม. น้ำท่วมมาแล้วเกิน 1 ปีแล้ว,https://storage.googleapis.com/traffy_public_bucket/attachment/2026-09/3dd3e930266d1c10b494e8bcf9df93a5.jpeg
2026-UBKR2H,inprogress,2026-09-25 07:31,2026-09-25 08:21,100.84427,13.82459,หนองจอก,โคกแฝด,ท่อระบายน้ำตัน ฝนตกน้ำท่วมเข้าบ้านข้าวของเสียหาย ความสูงระดับข้อเท้า น้ำท่วมมาแล้วน้อยกว่า 1 สัปดาห์,https://storage.googleapis.com/traffy_public_bucket/attachment/2026-09/ee701d3ecb8dbd17eccb4b9caa447b42.jpeg
2026-FCX4PV,inprogress,2026-09-25 07:35,2026-09-25 08:21,100.87917,13.85592,หนองจอก,หนองจอก,น้ำท่วม หลายวันแล้ว แต่วันนี้น้ำสูงขึ้น อยากให้เขตทำสะพานหรือขอทรายกระสอบทราย ความสูงระดับหน้าแข้ง น้ำท่วมมาแล้วมากกว่า 1 สัปดาห์,https://storage.googleapis.com/traffy_public_bucket/attachment/2026-09/e476bc5430a409a2f7555f7312c5486e.jpeg
2026-KHTH2U,inprogress,2026-09-25 07:35,2026-09-25 08:44,100.60828,13.94765,ดอนเมือง,สนามบิน,น้ำล้นคลองลาดเป็ดเข้าท่วมถนนหน้าบ้านใกล้เข้าบ้านแล้ว ความสูงระดับท่วมถนนประมาณ 10 ซม. น้ำท่วมมาแล้วน้อยกว่า 3 ชั่วโมง,https://storage.googleapis.com/traffy_public_bucket/attachment/2026-09/a11dcd159417719e99b55cf6ff722d9a.jpeg
2026-A4KNJ4,inprogress,2026-09-25 07:38,2026-09-25 11:48,100.6291,13.78421,วังทองหลาง,คลองเจ้าคุณสิงห์,น้ำท่วมขังสูงประชาชนเดินเข้าออกจากหมู่บ้านลำบาก คาดว่าจะท่วมมากขึ้นเพราะฝนตกหนักขึ้นเรื่อยๆ ความสูงระดับท่วมทุกซอยในหมู่บ้าน แต่บริเวณหน้าบ้านประมาณครึ่งเข่า ถ้าสูงกว่านี้น้ำจะเข้าบ้านประชานชนหลายหลังเลยค่ะ น้ำท่วมมาแล้วประมาณตี 4 ได้ค่ะ,https://storage.googleapis.com/traffy_public_bucket/attachment/2026-09/7c2d1b52fc82ca77f23130c3d8de5716.jpeg
2026-9EYC3J,inprogress,2026-09-25 07:42,2026-09-25 08:14,100.74316,13.80392,มีนบุรี,แสนแสบ,รายงานน้ำท่วมแอร์พอร์ตลิงค์ลาดกระบัง มีน้ำขังปริมาณมากผู้โดยสารไม่สามารถเดินข้ามทางม้าลายได้ น่าจะทำทางเดินข้ามน้ำขังชั่วคราวให้ ความสูงระดับก็คนทำงานใส่รองเท้าไม่สามารถเดินได้น่าจะถึง เลยตาตุ่ม น้ำท่วมมาแล้วก็น่าจะนานพอสมควรตั้งแต่เมื่อคืนที่ฝนตกหนักจนถึ,https://storage.googleapis.com/traffy_public_bucket/attachment/2026-09/4fa54c191470d8dca2265afce862cef9.jpeg
2026-GDYYRG,forward,2026-09-25 07:51,2026-09-25 09:58,100.59061,13.75234,ห้วยขวาง,บางกะปิ,พระราม 9 ขาเข้าจราจรตืดขัด ฝนตก น้ำท่วมขัง ความสูงระดับข้อเท้า น้ำท่วมมาแล้วน้อยกว่า 1 วัน,https://storage.googleapis.com/traffy_public_bucket/attachment/2026-09/9997e7792b765ad0e32d24a313c36bd1.jpeg
2026-K7VX92,forward,2026-09-25 07:51,2026-09-25 15:04,100.65566,13.77157,บึงกุ่ม,คลองกุ่ม,น้ำท่วมขัง ความสูงระดับหน้าแข้ง น้ำท่วมมาแล้วน้อยกว่า 1 วัน,https://storage.googleapis.com/traffy_public_bucket/attachment/2026-09/079599ee89b71226bf5b98dbde7a6dd2.jpeg
2026-KCCU78,inprogress,2026-09-25 07:51,2026-09-25 08:57,100.6311,13.7642,บางกะปิ,คลองจั่น,น้ำท่วมรอบพื้นที่ ความสูงระดับข้อเท้า น้ำท่วมมาแล้วน้อยกว่า 3 ชั่วโมง,https://storage.googleapis.com/traffy_public_bucket/attachment/2026-09/8cc522ee04b4a4105e9bec6a0c129326.jpeg
2026-KCCU78,finish,2026-09-25 07:51,2026-10-07 08:09,100.6311,13.7642,บางกะปิ,คลองจั่น,น้ำท่วมรอบพื้นที่ ความสูงระดับข้อเท้า น้ำท่วมมาแล้วน้อยกว่า 3 ชั่วโมง,https://storage.googleapis.com/traffy_public_bucket/attachment/2026-09/8cc522ee04b4a4105e9bec6a0c129326.jpeg
2026-663EWX,inprogress,2026-09-25 07:55,2026-09-25 09:10,100.61239,13.86889,บางเขน,อนุสาวรีย์,น้ำท่วมขัง/ย้อนท่อระบายน้ำเข้ามาบริเวณบ้านและในตัวบ้าน ความสูงระดับท่วมข้อเท้า น้ำท่วมมาแล้วมากกว่า7ช.ม.,https://storage.googleapis.com/traffy_public_bucket/attachment/2026-09/50f5a7f883d3d088531f50ae97351510.jpeg
2026-8NXBLA,inprogress,2026-09-25 07:56,2026-09-25 08:15,100.7096,13.79882,มีนบุรี,มีนบุรี,ตอนนี้น้ำท่วมเข้าบ้านแล้วครับ ความสูงระดับ20-30 ซม. น้ำท่วมมาแล้วตั้งแต่เมื่อคืนครับ,https://storage.googleapis.com/traffy_public_bucket/attachment/2026-09/d806a22ea1e6cd3508db3f8cd7ae3803.jpeg
2026-WVY7YK,forward,2026-09-25 07:56,2026-09-25 09:58,100.58522,13.75408,ห้วยขวาง,บางกะปิ,พระราม 9 ขาเข้าจราจรตืดขัด 65 นาที ฝนตก น้ำท่วมขัง ความสูงระดับข้อเท้า น้ำท่วมมาแล้วน้อยกว่า 1 วัน,https://storage.googleapis.com/traffy_public_bucket/attachment/2026-09/01ecee030296417699a96166f77db58a.jpeg
2026-3EJJWH,finish,2026-09-25 07:57,2026-09-25 08:29,100.5005,13.78553,บางพลัด,บางพลัด,ฝนตกต่อเนื่องทั้งคืนแฃะมีแรวโน้มว่าจะตกทั้งวัน บริเวณนี้ขยะเยอะอุดตันท่อระบายน้ำ ช่วยสูบน้ำออกให้ด้วยค่ะ ท่วมทางเดินเกือบเข้าบ้านแล้ว ในซอยก็สัญจรลำบากค่ะ ความสูงระดับข้อเท้า น้ำท่วมมาแล้วน้อยกว่า 1 วัน,https://storage.googleapis.com/traffy_public_bucket/attachment/2026-09/61d176e9c734e6a1589acf1733ac5b2b.jpeg
2026-DTD2XU,finish,2026-09-25 07:58,2026-10-02 09:04,100.58516,13.75407,ห้วยขวาง,บางกะปิ,ฝนตก น้ำท่วมขัง บนถนนอโศก ดินแดง จราจรติดขัด สาเหตุมาจากสัญญาณไฟจราจรแยกประชาสงเคราะห์ ความสูงระดับข้อเท้า น้ำท่วมมาแล้วน้อยกว่า 1 วัน,https://storage.googleapis.com/traffy_public_bucket/attachment/2026-09/2d2df15fd4aa6b071a911cdd86f44766.jpeg
2026-DPWBFR,finish,2026-09-25 08:02,2026-10-02 09:03,100.56019,13.75628,ดินแดง,ดินแดง,ฝนตก น้ำท่วมขัง บนถนนอโศก ดินแดง จราจรติดขัด สาเหตุมาจากสัญญาณไฟจราจรแยกประชาสงเคราะห์ ความสูงระดับข้อเท้า น้ำท่วมมาแล้วน้อยกว่า 1 วัน,https://storage.googleapis.com/traffy_public_bucket/attachment/2026-09/e31b5fbf866307c4b31981e125078223.jpeg
2026-6TEHYG,finish,2026-09-25 08:03,2026-10-02 09:03,100.56019,13.7563,ดินแดง,ดินแดง,ฝนตก น้ำท่วมขัง บนถนนอโศก ดินแดง จราจรติดขัด สาเหตุมาจากสัญญาณไฟจราจรแยกประชาสงเคราะห์ ความสูงระดับข้อเท้า น้ำท่วมมาแล้วน้อยกว่า 1 วัน,https://storage.googleapis.com/traffy_public_bucket/attachment/2026-09/db0a7289fbee83f6adeba666d0751c15.jpeg
2026-26X3K7,inprogress,2026-09-25 08:07,2026-09-25 11:36,100.59245,13.75527,ห้วยขวาง,บางกะปิ,น้ำท่วมขัง ในพระราม 9 ซอย 21 กลางซอย ตลอดเวลา ความสูงระดับข้อเท้า น้ำท่วมมาแล้วมากกว่า 1 สัปดาห์,https://storage.googleapis.com/traffy_public_bucket/attachment/2026-09/3ee2520e51ca12fcb2c555bd2a8cecfd.jpeg
2026-3Z2V9U,finish,2026-09-25 08:07,2026-10-02 09:00,100.56019,13.7563,ดินแดง,ดินแดง,ฝนตก น้ำท่วมขัง และจราจรติดขัด ถนน ดินแดง จราจรรติดขัด สาเหตุมาจากสัญญาณไฟจราจรแยกสามเหลี่ยมดินแดง ความสูงระดับข้อเท้า น้ำท่วมมาแล้วน้อยกว่า 1 วัน,https://storage.googleapis.com/traffy_public_bucket/attachment/2026-09/b428f73f4e70eb65cde206203cfb76f3.jpeg
2026-B3RVKC,finish,2026-09-25 08:07,2026-09-25 11:23,100.56282,13.89214,หลักสี่,ทุ่งสองห้อง,น้ำท่วมขังหน้าถนน ซอยแจ้งวัฒนะ 11 ถึง 15 คิดว่าน่าจะมีอะไรอุดอุดตันท่อระบายน้ำเพราะฝั่ง14ไม่ท่วมเลย ความสูงระดับมิดฟุตบาด น้ำท่วมมาแล้วน้อยกว่า 3 ชั่วโมง,https://storage.googleapis.com/traffy_public_bucket/attachment/2026-09/46e216a2431224363b6394ee8b75edd6.jpeg
2026-Z8T6Y8,forward,2026-09-25 08:07,2026-09-25 08:16,100.53089,13.74775,ปทุมวัน,วังใหม่,น้ำท่วมขังบริเวณผิวทาง เป็นแอ่งใหญ่ น้ำสาดโดนคนเดินถนน ตอนรถใหญ่ขับผ่าน ความสูงระดับข้อเท้า น้ำท่วมมาแล้วน้อยกว่า 3 ชั่วโมง,https://storage.googleapis.com/traffy_public_bucket/attachment/2026-09/db3900afabd7ab5e6d7438875acef8c3.jpeg
2026-GFKUNV,inprogress,2026-09-25 08:09,2026-09-25 08:44,100.57928,13.91925,ดอนเมือง,ดอนเมือง,น้ำท่วมขังสูงมาก ความสูงระดับหัวเข่าแล้วค่ะ ตอนนี้ ปากซอยไม่ตั้งเครื่องสูบหรอค่ะ น้ำท่วมมาแล้วเมื่อคืนค่ะ,https://storage.googleapis.com/traffy_public_bucket/attachment/2026-09/3bb2acfbf1d06aad6b490c7f9368f285.jpeg
2026-W2AJZE,inprogress,2026-09-25 08:10,2026-09-25 14:30,100.67209,13.72025,ประเวศ,ประเวศ,ฝนตกตั้งแต่เมื่อคืน 24 ก.ย ถึงเช้า 25 กันยา ยังไม่หยุดเลย น้ำจะท่วมในบ้านแล้ว ความสูงระดับหัวเข่า น้ำท่วมมาแล้วน้อยกว่า 1 วัน,https://storage.googleapis.com/traffy_public_bucket/attachment/2026-09/446aeaa121452531a14910f392757d3c.jpeg
2026-WTE6TX,finish,2026-09-25 08:12,2026-09-25 14:26,100.64741,13.92523,สายไหม,สายไหม,เวลาฝนตก ท่อระบายน้ำไม่ทัน เลยทำให้บ้านหลายหลังในระแวกนี้ มีน้ำท่วมขังความลึกประมาณ 20-30ซม ความสูงระดับ20-30ซม น้ำท่วมมาแล้วน้อยกว่า 3 ชั่วโมง,https://storage.googleapis.com/traffy_public_bucket/attachment/2026-09/071329783c3f10b2c7f7c74288341177.jpeg
2026-XKE8AM,inprogress,2026-09-25 08:12,2026-09-25 11:47,100.62208,13.79663,วังทองหลาง,คลองเจ้าคุณสิงห์,ท่อระบายน้ำระบายน้ำไม่ได้ ความสูงระดับหน้าแข้ง น้ำท่วมมาแล้วน้อยกว่า 3 ชั่วโมง,https://storage.googleapis.com/traffy_public_bucket/attachment/2026-09/7e86f4551aca451f4adfc730318b7c93.jpeg
2026-VMCTNA,inprogress,2026-09-25 08:15,2026-09-25 08:43,100.59029,13.92092,ดอนเมือง,ดอนเมือง,ปัญญาน้ำท่วมขัง เข้าในตัวรอบบ้าน คาดว่าถ้าฝนตกอีกรอบเข้าภายในบ้าน ความสูงระดับจากรูปกำลังจะเข้ามาภายในบ้าน น้ำท่วมมาแล้วช่วงเช้า-เวลาปัจจุบัน,https://storage.googleapis.com/traffy_public_bucket/attachment/2026-09/0e2625e1beaa80f786abc64fe21f0bd6.jpeg
2026-ZLG363,inprogress,2026-09-25 08:15,2026-09-25 08:27,100.7178,13.79467,มีนบุรี,มีนบุรี,ปัญหาที่เกิดจากฝนตกหนักเมื่อคืนนี้..เกิดน้ำท่วมไม่มีทางน้ำระบายออก..ต้องการให้ภาครัฐช่วยเหลือดสุดนำ้ออกครับ ความสูงระดับหัวเข่า น้ำท่วมมาแล้วน้อยกว่า 3 ชั่วโมง,https://storage.googleapis.com/traffy_public_bucket/attachment/2026-09/b7d85c422288f165f7192283b821ce95.jpeg
2026-UA4PPD,inprogress,2026-09-25 08:16,2026-09-25 08:51,100.62492,13.79873,บางกะปิ,คลองจั่น,น้ำท่วม บ้านครับ รบกวนช่วยเปิดปั๊มเร่งระบายน้ำลงคลองจั่นให้หน่อยคับ ความสูงระดับข้อเท้าแล้วคับ และกำลังจะสูงขึ้นเรื่อยๆครับ น้ำท่วมมาแล้วตั้งแต่ช่วงเจ็ดโมงเช้าตอนนี้แปดโมงแล้วคับ,https://storage.googleapis.com/traffy_public_bucket/attachment/2026-09/a49d99e50202e88a291474314f6b5252.jpeg
2026-UA4PPD,finish,2026-09-25 08:16,2026-10-09 11:20,100.62492,13.79873,บางกะปิ,คลองจั่น,น้ำท่วม บ้านครับ รบกวนช่วยเปิดปั๊มเร่งระบายน้ำลงคลองจั่นให้หน่อยคับ ความสูงระดับข้อเท้าแล้วคับ และกำลังจะสูงขึ้นเรื่อยๆครับ น้ำท่วมมาแล้วตั้งแต่ช่วงเจ็ดโมงเช้าตอนนี้แปดโมงแล้วคับ,https://storage.googleapis.com/traffy_public_bucket/attachment/2026-09/a49d99e50202e88a291474314f6b5252.jpeg
2026-93LW8D,inprogress,2026-09-25 08:17,2026-09-25 08:23,100.63019,13.76758,บางกะปิ,คลองจั่น,น้ำท่วมตลอดทั้งซอยลาดพร้าว 130 แยก 4 ความสูงระดับข้อเท้า น้ำท่วมมาแล้วมากกว่า6 ชั่วโมง,https://storage.googleapis.com/traffy_public_bucket/attachment/2026-09/016630096bdfaa52c86863c547867b82.jpeg
2026-93LW8D,finish,2026-09-25 08:17,2026-10-07 08:08,100.63019,13.76758,บางกะปิ,คลองจั่น,น้ำท่วมตลอดทั้งซอยลาดพร้าว 130 แยก 4 ความสูงระดับข้อเท้า น้ำท่วมมาแล้วมากกว่า6 ชั่วโมง,https://storage.googleapis.com/traffy_public_bucket/attachment/2026-09/016630096bdfaa52c86863c547867b82.jpeg
2026-9XXA4W,start,2026-09-25 08:18,2026-09-25 11:09,100.79876,13.75727,ลาดกระบัง,ลำปลาทิว,มีน้ำท่วมขังในซอยเป็นจำนวนมากตั้งแต่ต้นซอยจนถึงท้ายซอยรบกวนสำนักงานเขตช่วยจัดเจ้าหน้าที่มาอำนวยความสะดวกในการบริหารจัดการน้ำให้หน่อยครับ ความสูงระดับซอยฉลองกรุง 35 น้ำท่วมมาแล้วท่วมสูงประมาณหัวเข่า ท่วมมานานตั้งแต่ตี 3ครับ,https://storage.googleapis.com/traffy_public_bucket/attachment/2026-09/216b755b3a7db51e9b25899856ba5693.jpeg
2026-D74G2R,finish,2026-09-25 08:18,2026-09-30 10:54,100.5949,13.72983,วัฒนา,คลองตันเหนือ,ท่อระบายน้ำตรงถนนตันทำให้น้ำล้นกลับมาในทางออกบ้าน บริเวณหน้าบ้าน 135/2 จะเป็นฝาท่อกลม น้ำระบายไม่ดีทำให้ท่อออกถนนจากบ้านสวนกลับมา ความสูงระดับหน้าแข้ง น้ำท่วมมาแล้วน้อยกว่า 1 สัปดาห์,https://storage.googleapis.com/traffy_public_bucket/attachment/2026-09/6d6573e21fc5d8df629ba2e9cec92a08.jpeg
2026-RYWNTY,inprogress,2026-09-25 08:18,2026-09-25 13:49,100.72023,13.79818,มีนบุรี,มีนบุรี,เรื่อง: ขอความอนุเคราะห์เร่งรัดแก้ปัญหาน้ำท่วมขัง ขุดลอกท่อระบายน้ำ และจัดระเบียบถังขยะขวางทาง บริเวณซอยรามคำแหง 174 เรียน: กรุงเทพมหานคร / สำนักงานเขตมีนบุรี / ฝ่ายโยธา และฝ่ายรักษาความสะอาดและสิ่งแวดล้อม เนื่องด้วยบริเวณซอยรามคำแหง 174 ตลอดแนวถนนภายใน,https://storage.googleapis.com/traffy_public_bucket/attachment/2026-09/fe9dda79fd9585031b2f786b57b713f6.jpeg
2026-RRBXTC,forward,2026-09-25 08:21,2026-09-25 14:29,100.69816,13.6907,ประเวศ,ดอกไม้,บริเวณถนนทางเข้าหมู่บ้านเพราะเกิดเหตุฝนตกหนักจะมีน้ำท่วมขังสูงทำให้น้ำเข้ามาถึงบริเวณขอบฟุตบาทหมู่บ้านและเวลามีรถเข้าออกหมู่บ้านมองไม่เห็นขอบฟุตบาทเลยเกิดอุบัติเหตุ หรืออยากให้มีการแก้ไขเพราะท่อระบายน้ำตรงนั้นเล็กมากระบายน้ำรองรับฝนตกหนักได้ไม่เพียงพอ ควา,https://storage.googleapis.com/traffy_public_bucket/attachment/2026-09/1d1eb1b78c5dc191d22f9d1cc78106e9.jpeg
2026-WGPRHK,inprogress,2026-09-25 08:21,2026-09-25 14:32,100.66437,13.71383,ประเวศ,ประเวศ,ฝนตกน้ำท่วมขังสูง คลองระบายน้ำบริเวณใกล้เคียงไม่ระบายน้ำ รบกวนด้วยค่ะ ความสูงระดับหน้าแข้ง น้ำท่วมมาแล้วน้อยกว่า 3 ชั่วโมง,https://storage.googleapis.com/traffy_public_bucket/attachment/2026-09/thumb_a71d50db139ad4f4e560c1115b872d54.jpg
2026-ZJGHE4,inprogress,2026-09-25 08:21,2026-09-25 20:10,100.69441,13.7616,สะพานสูง,สะพานสูง,ดินเยอะ แนะนำให้ล้างท่อ ความสูงระดับเกือบถึงหน้าแข้งครับผม น้ำท่วมมาแล้วน้อยกว่า 1 วัน,https://storage.googleapis.com/traffy_public_bucket/attachment/2026-09/74d51bc9cd841acc6e6c5a41ed85feb0.jpeg
2026-4BPL2M,inprogress,2026-09-25 08:23,2026-09-25 20:07,100.68457,13.77795,สะพานสูง,สะพานสูง,ขณะนี้เวลา ประมาณ8:00 น. เช้าวันที่ 25 ก.ย.69 เมื่อคืนฝนตกพรำทั้งคืน น้ำท่วม มาก ที่ แยก11-1-4 น้ำรอระบายท่วมขังมาก เป็นอุปสรรคการเข้าออกจากบ้านมาก ระยะสั้นขอให้เขตสะพานสูงช่วยเร่งระบายน้ำให้ด่วนครับ แยก11-1-4 ระดับซอยต่ำกว่าแยกอื่นๆที่อยู่ใกล้เคียงกัน น้,https://storage.googleapis.com/traffy_public_bucket/attachment/2026-09/76278ce080b22c465c0712d748932d0b.jpeg
2026-MMACPR,inprogress,2026-09-25 08:23,2026-09-25 20:11,100.70444,13.7745,สะพานสูง,สะพานสูง,น้ำท่วมขัง ความสูงระดับหน้าแข้ง น้ำท่วมมาแล้วน้อยกว่า 3 ชั่วโมง,https://storage.googleapis.com/traffy_public_bucket/attachment/2026-09/25e11e8ad2208f76b0e7655310d1af82.jpeg
2026-JXZNNL,finish,2026-09-25 08:24,2026-09-25 13:45,100.62538,13.88431,สายไหม,คลองถนน,น้ำท่วมขังสูงมาก ไม่ได้เปิดเครื่องสูบน้ำ ความสูงระดับหัวเข่า น้ำท่วมมาแล้วน้อยกว่า 1 วัน,https://storage.googleapis.com/traffy_public_bucket/attachment/2026-09/37dffe7983edfcb17e86b95f149f9c35.jpeg
2026-ALZUN4,forward,2026-09-25 08:25,2026-09-26 06:47,100.67183,13.85242,คันนายาว,รามอินทรา,น้ำท่วมทาง หน้าวัดคู้บอน ความสูงระดับข้อเท้า น้ำท่วมมาแล้วน้อยกว่า 3 ชั่วโมง,https://storage.googleapis.com/traffy_public_bucket/attachment/2026-09/f58990c8207083ae791e32a2a6d1e97b.jpeg
2026-V3KRHG,inprogress,2026-09-25 08:25,2026-09-25 14:27,100.68386,13.69402,ประเวศ,ดอกไม้,ฝนตก น้ำท่วมขัง ไม่ได้ลอกท่อนานหลายปีค่ะ แจ้งไปกี่รอบๆ ก็ไม่หายค่ะ ส่งคนมาดูแต่แก้ปัญหาไม่ได้ รบกวนส่งทีมลอกท่อค่ะ ความสูงระดับหน้าแข้ง น้ำท่วมมาแล้วน้อยกว่า 3 ชั่วโมง,https://storage.googleapis.com/traffy_public_bucket/attachment/2026-09/46b05aed26f422c18ced20214b46d630.jpeg
2026-RWF7UV,inprogress,2026-09-25 08:26,2026-09-25 20:11,100.68485,13.75358,สะพานสูง,สะพานสูง,ปัญหาน้ำระบายไม่ทัน ทำให้ปัญหาน้ำท่วมบ้านเรือนประชาชน ทำให้การเดินทางมีปัญหาและตอนนี้น้ำท่วมมา หลายชั่วโมงแล้วทำให้ลำบากในการใช้ชีวิตประจำวัน ความสูงระดับหน้าแข้ง น้ำท่วมมาแล้วน้อยกว่า 3 ชั่วโมง,https://storage.googleapis.com/traffy_public_bucket/attachment/2026-09/f1b98da0e729e43e04e8ecde0ac6a3a9.jpeg
2026-DFPVN8,forward,2026-09-25 08:27,2026-09-25 10:09,100.57698,13.79111,ห้วยขวาง,สามเสนนอก,แจ้งปัญหาเดิม จากการทำโครงการดาดน้ำ ที่คลองชวดบางจาก ในซอยสบายใจ เขตห้วยขวาง 1) โครงการก่อให้เกิดความเดือดร้อนจากปัญหาน้ำท่วมบ้าน ในระดับสูง บริเวณที่ไม่เคยท่วมก้อท่วม ขณะที่มีฝนตก เนื่องจากมีการอุดกั้นในคลอง ท่อระบายน้ำ ไม่ให้น้ำไหลลงคลอง 2) ไม่มีการติ,https://storage.googleapis.com/traffy_public_bucket/attachment/2026-09/973a1cd0236b521fd8f838fbeca80d0e.jpeg
2026-4EHGJY,inprogress,2026-09-25 08:28,2026-09-25 14:23,100.6768,13.72779,ประเวศ,ประเวศ,น้ำรอการระบาย ความสูงระดับตอนนี้ข้อเท้า แต่กลัวฝนตกหนักกว่านี้ น้ำท่วมมาแล้วน้อยกว่า 3 ชั่วโมง,https://storage.googleapis.com/traffy_public_bucket/attachment/2026-09/c37b401f1b1830dfb675a5a55c4ac70b.jpeg
2026-E68PEP,forward,2026-09-25 08:28,2026-09-25 09:38,100.63361,13.71592,สวนหลวง,สวนหลวง,น้ำท่วม เอ่อล้นตลิ้ง เข้าท่วมบ้านเรือน ชุมชนคลองจวน ช่วยระบายน้ำด้วยครับ ความสูงระดับหัวเข่า น้ำท่วมมาแล้วน้อยกว่า 1 วัน,https://storage.googleapis.com/traffy_public_bucket/attachment/2026-09/03829938c3d0dde667607c2486e9146c.jpeg
2026-D49227,inprogress,2026-09-25 08:31,2026-09-25 20:12,100.68742,13.76347,สะพานสูง,สะพานสูง,น้ำท่วมในซอยหนักมาก ความสูงระดับหน้าแข้ง น้ำท่วมมาแล้วน้อยกว่า 1 วัน,https://storage.googleapis.com/traffy_public_bucket/attachment/2026-09/1e11fd0bab5693ee4bb247fa207562df.jpeg
2026-XNUJ3H,inprogress,2026-09-25 08:33,2026-09-25 14:22,100.68478,13.70611,ประเวศ,ประเวศ,แจ้งเรื่องที่ยังไม่ได้รับการแข้ไข ตอนนี้น้ำจากคลองเอ่อ เข้าหมูบ้านอิมพีเรียล์พาร์ค เฉลิมพระเกียตร์ ร.9 ซอย 67 ม่ากขึ้น อยากจะให้เปิดประตูระบายน้ำคลองประเวศลงไปบ้าง จะไม่เกิดปัญหาน้ำค้างนาน น้ำที่คลองสองห้องสูงเต็มจนเอ่อ น้ำทะเลไม่สูงก็ควรระบายออกบ้าง ไม่ใ,https://storage.googleapis.com/traffy_public_bucket/attachment/2026-09/03ed95a976912ac58032a8349da72d53.jpeg
2026-ZWM3HW,start,2026-09-25 08:33,2026-09-25 11:10,100.73246,13.76954,ลาดกระบัง,คลองสองต้นนุ่น,ถนนซอยเคหะร่มเกล้า24 หลังคาแดงถนนเมนหลักมีการเทปูนสโลปตรงช่วงสะพาน ตั้งแต่ทำมาทำให้พื้นที่ข้างล่างเป็นที่รับน้ำมากค่าาา ซอยอื่นไม่ท่วมแต่ทำให้ซอยนี้น้ำท่วมตลอดอยู่ซอยเดียวไม่แน่ใจว่าทางกทม.เป็นคนดูแลพื้นที่การทำตรงนี้มั้ยคะ แล้วมีแผนแก้ไขอย่างไรบ้าง ฝนตกไ,https://storage.googleapis.com/traffy_public_bucket/attachment/2026-09/c65c665133ba2955e77a06086445fbbd.jpeg
2026-8B9N6J,forward,2026-09-25 08:34,2026-09-30 08:44,100.65893,13.92651,สายไหม,สายไหม,น้ำท่วมซอยสายไหม 43 ความสูงระดับหน้าแข้ง น้ำท่วมมาแล้วน้อยกว่า 1 วัน,https://storage.googleapis.com/traffy_public_bucket/attachment/2026-09/7d1c716900eeeb3c4babeabd94d478b9.jpeg
2026-EDPHPY,forward,2026-09-25 08:34,2026-09-25 09:33,100.63583,13.90827,สายไหม,คลองถนน,เมื่อคืนฝนตกหนักจนถึงเช้าตอนนี้น้ำใกล้เต็มตลิ่งคลองวัดเกาะ สายไหม จึงแจ้งให้ทราบเพื่อการเตรียมการรับมือทันท่วงทีครับ ความสูงระดับพ้นตลิ่งคลองแล้ว น้ำท่วมมาแล้วน้อยกว่า 3 ชั่วโมง,https://storage.googleapis.com/traffy_public_bucket/attachment/2026-09/0826a695942dc8f18a87e4aee6c2ebd4.jpeg
2026-EA67RP,finish,2026-09-25 08:36,2026-09-29 15:39,100.52826,13.8237,บางซื่อ,วงศ์สว่าง,น้ำไม่ระบาย น้ำท่วม ความสูงระดับข้อเท้า น้ำท่วมมาแล้วน้อยกว่า 1 ชั่วโมง,https://storage.googleapis.com/traffy_public_bucket/attachment/2026-09/0cc96ffa49a64ec42abaf6a2c28b510d.jpeg
2026-ARUJF4,forward,2026-09-25 08:38,2026-09-25 14:40,100.55069,13.85334,หลักสี่,ทุ่งสองห้อง,ช่วงนี้ฝนตกเยอะท่อหน้าปากซอย.งามวงศ์วาน38ตัน.ไม่ระบายน้ำเลยดันทะลักเข้าบ้านเรือนในซอย.เมื่อฝนตกหนักทุกครั้ง ความสูงระดับข้อเท้า น้ำท่วมมาแล้วน้อยกว่า 1 วัน,https://storage.googleapis.com/traffy_public_bucket/attachment/2026-09/7176d82f928c94deb62b2da20c2e2fde.jpeg
2026-74M3HF,inprogress,2026-09-25 08:42,2026-09-25 14:14,100.67965,13.68407,ประเวศ,ดอกไม้,แจ้งปัญหาน้ำท่วม หมู่บ้านสมใจวิลเลจ ยังไม่ได้รับการแก้ไขแบบต้นทาง รบกวนหน่วยงานเข้ามาแก้ไขโดยด่วน เดือดร้อนมากๆค่ะ โดยปกติที่หมู่บ้านนี้ไม่มีทางน้ำออก ณวันที่ 25 ก.ย. ฝนตก ดูดน้ำออก แล้วยังมีน้ำภายนอกไหลเข้ามาในหมู่บ้าน รอบทิศทาง (ให้ดูจากสีนำ้ที่ปนดินมา,https://storage.googleapis.com/traffy_public_bucket/attachment/2026-09/3b97bb2e8804cdd6a84d2730b2539bc5.jpeg
2026-VHGZWR,forward,2026-09-25 08:42,2026-09-25 09:02,100.6,13.92163,ดอนเมือง,ดอนเมือง,ปริมาณน้ำริมคลองเปรมประชากร น้ำท่วมสูง เข้าท่วมบ้านเรือนประชาชน ที่อยู่ตลอดแนวริมคลองเปรมประชากร ความสูงระดับขณะนี้สูงเกินข้อเท้าขึ้นมาแล้วครับ น้ำท่วมมาแล้วน้อยกว่า 3 ชั่วโมง,https://storage.googleapis.com/traffy_public_bucket/attachment/2026-09/c280fed5b85b6db6f70cac3c6bf9b71d.jpeg
2026-L3HTA6,inprogress,2026-09-25 08:44,2026-09-25 10:51,100.84439,13.84341,หนองจอก,โคกแฝด,น้ำท่วมขัง ท่อตัน อยากให้หน่อยงานที่เกี่ยวข้องมาดูแลครับ เพราะเวลาฝนตกหนัก น้ำจะท่วมหนักระบายไม่ทัน ขังหลายวัน รถขับออกรำบากมาก อยากให้ช่วยมาขุดท่อระบายน้ำหน่อยครับ เพราะไม่เคยเห็นมาดูแลเรื่อง ท่อน้ำเลย เป็นทั้งซอยนะครับ ไม่ใช่เป็นบางจุด ความสูงระดับข้อเท,https://storage.googleapis.com/traffy_public_bucket/attachment/2026-09/thumb_39aff533d4b7447439b1dde7f30ce152.jpg
2026-BKYXBD,inprogress,2026-09-25 08:45,2026-09-25 14:16,100.68724,13.67048,ประเวศ,ดอกไม้,น้ำท่วมขังตั้งแต่เช้ามืด ความสูงระดับหน้าแข้ง น้ำท่วมมาแล้วน้อยกว่า 3 ชั่วโมง,https://storage.googleapis.com/traffy_public_bucket/attachment/2026-09/2d7dbea51ed178f50457b33ef64ed8be.jpeg
2026-Z2U9ZJ,forward,2026-09-25 08:47,2026-09-25 09:03,100.4965,13.79067,บางพลัด,บางพลัด,น้ำท่วมเลยพ่อแล้วค่ะกำลังล้นขึ้นมาเรื่อยๆค่ะ ความสูงระดับข้อเท้า น้ำท่วมมาแล้วน้อยกว่า 3 ชั่วโมง,https://storage.googleapis.com/traffy_public_bucket/attachment/2026-09/fd6d77e4c9122a48aac197d4189e9168.jpeg
2026-BN64KU,inprogress,2026-09-25 08:48,2026-09-25 08:58,100.70938,13.90112,คลองสามวา,สามวาตะวันตก,ลอกท่อเถอะ ขอร้อง สส. สก. ไม่เคยสนใจ สองปีหลังท่วมตลอด ไม่เคยได้รับการเหลียวแลจากหน่วยงานรัฐใดๆทั้งสิ้น จนส้วมที่บ้านบริเวณที่น้ำท่วม อืดไม่สามารถขับถ่ายได้ หมู่บ้านนี้ถูกทอดทิ้งมาตั้งนานแล้วไปทางไม่มี ต้นไม้สีกับสายไฟจนจะขาดแล้วก็ไม่มีใครมาดูแล ปัจจุ,https://storage.googleapis.com/traffy_public_bucket/attachment/2026-09/d21312ffbed012d42d1c1016c8c6d772.jpeg
2026-VJPF8N,forward,2026-09-25 08:50,2026-09-25 20:14,100.65805,13.79747,บึงกุ่ม,คลองกุ่ม,ปัญหาน้ำท่วมขัง ระบายช้า ปัญหาค้างคาร่วม 30 ปี ที่ซอย นวมินทร์ 42 แยก8 ไม่เคยได้รับการแก้ไขและดูแลอย่างจริงจังจากหน่วยงานใดๆ ที่รับผิดชอบ คนในซอยต้องจอดรถทิ้งไว้ที่ปากซอยเพราะเข้าบ้านไม่ได้ และออกจากบ้านไปทำงานไม่ได้เพราะน้ำท่วมขังสูงและนาน รถเล็กเข้าออก,https://storage.googleapis.com/traffy_public_bucket/attachment/2026-09/f5c0566741d5e352f3e25a209d3c0371.jpeg
2026-HV7BMT,inprogress,2026-09-25 08:52,2026-09-25 09:12,100.60721,13.89233,บางเขน,อนุสาวรีย์,รู้ล่วงหน้าว่าฝนจะตกหนักยังไม่มีการสูบน้ำช่วย ปล่อยให้น้ำท่วมซอยเข้าบ้านเดือดร้อนทุกซอยทุกบ้านครับ แย่สุดๆครับ พักหลังแจ้งไปก็ไม่มีการดำเนินการ เปิดปั้มน้ำมันยากมากหรือครับ ความสูงระดับหน้าแข้ง น้ำท่วมมาแล้วน้อยกว่า 1 วัน,https://storage.googleapis.com/traffy_public_bucket/attachment/2026-09/b1304c6b00f0be850bc6111eaa9701b3.jpeg
2026-VY6FA3,forward,2026-09-25 08:53,2026-09-25 09:03,100.65512,13.83655,คันนายาว,รามอินทรา,น้ำล้นคันคลองหลวงวิจิตรช่วยเร่งระบายหน่อยน้ำเข้าบ้าน ความสูงระดับหัวเข่า น้ำท่วมมาแล้วน้อยกว่า 3 ชั่วโมง,https://storage.googleapis.com/traffy_public_bucket/attachment/2026-09/64a70c82e686694b004dda90f379325e.jpeg
2026-WHHDBA,inprogress,2026-09-25 08:56,2026-09-25 14:37,100.73394,13.79789,มีนบุรี,มีนบุรี,ปัญหาเนื่องจากฝนตกหนักทำให้น้ำเริ่มท่วมริมตลิ่งบางพื้นที่เป็นพื้นที่ต่ำทำให้น้ำท่วมขังเข้าบ้านอยากให้เร่งระบายน้ำออกเพื่อลดปัญหาน้ำท่วมขังค่ะ ความสูงระดับเอ่อล้นตลิ่งค่ะ น้ำท่วมมาแล้ว2-3วันค่ะ,https://storage.googleapis.com/traffy_public_bucket/attachment/2026-09/128b98f968708df34f76d0867384bb8b.jpeg
2026-69B7KJ,forward,2026-09-25 08:57,2026-09-30 13:47,100.70515,13.82209,คลองสามวา,บางชัน,"เนื่องจากฝนตกปริมาณมาก ทำให้น้ำท่วมถนนในซอย พระยาสุเรนทร์ 2 ,4,6 บริเสณท้ายซอยทั้งหมด ความสูงระดับบริเวณ้ท้ายซอย ระดับ 10-15 ซม. ปริมาณน้ำเพิ่มมากขึ้น น้ำเข้าในบ้านประชาชน ในหมู่บ้านแล้ว ครับ น้ำท่วมมาแล้วตั้งแต่กลางคืนแล้วครับ ปริมาณน้ำตามปริมาณน้ำฝนท",https://storage.googleapis.com/traffy_public_bucket/attachment/2026-09/aaa4e3eea0c320ed429dd8810440a896.jpeg
2026-TNF3PH,forward,2026-09-25 08:57,2026-10-01 09:19,100.49573,13.79719,บางพลัด,บางอ้อ,ฝนตกหนักน้ำท่วมเข้าบ้านเพราะน้ำในคลองไม่ระบาย ความสูงระดับตาตุ่มค่ะ น้ำท่วมมาแล้วน้อยกว่า 3 ชั่วโมง,https://storage.googleapis.com/traffy_public_bucket/attachment/2026-09/a972ea3caf2d670d143a858e337faf3c.jpeg
2026-Z8J3WG,inprogress,2026-09-25 08:58,2026-09-25 09:14,100.60619,13.87524,บางเขน,อนุสาวรีย์,น้ำท่วมเข้าบ้านแล้วครับ ความสูงระดับข้อเท้า น้ำท่วมมาแล้วน้อยกว่า 3 ชั่วโมง,https://storage.googleapis.com/traffy_public_bucket/attachment/2026-09/2f0e5cd610d63a7e98aa2122ba6623ec.jpeg
2026-ZLYUGL,finish,2026-09-25 09:00,2026-09-25 13:51,100.67388,13.89188,สายไหม,ออเงิน,ฝนตกน้ำท่วมขัง ความสูงระดับหัวเข่า น้ำท่วมมาแล้วน้อยกว่า 1 วัน,https://storage.googleapis.com/traffy_public_bucket/attachment/2026-09/79c0a02d44f4d30a508a8c17db222332.jpeg
2026-N9WDCC,inprogress,2026-09-25 09:03,2026-09-25 20:13,100.68709,13.76306,สะพานสูง,สะพานสูง,น้ำท่วมหมดแล้วครับทองก็ล้นหมดแล้วครับปั๊มน้ำยังไม่เปิดเลยครับ ความสูงระดับหน้าแข้ง น้ำท่วมมาแล้วน้อยกว่า 3 ชั่วโมง,https://storage.googleapis.com/traffy_public_bucket/attachment/2026-09/a3e04d4f864deaeebc690ede7cc930c2.jpeg
2026-84TJPP,inprogress,2026-09-25 09:04,2026-09-25 09:54,100.61987,13.74865,บางกะปิ,หัวหมาก,น้ำท่วมในซอยเป็นประจำรถไม่สามารถผ่านได้ ความสูงระดับหน้าแข้ง น้ำท่วมมาแล้วน้อยกว่า 3 ชั่วโมง,https://storage.googleapis.com/traffy_public_bucket/attachment/2026-09/d2419671e5e9b8c0a6baf3c0630d146d.jpeg
2026-84TJPP,finish,2026-09-25 09:04,2026-10-06 13:14,100.61987,13.74865,บางกะปิ,หัวหมาก,น้ำท่วมในซอยเป็นประจำรถไม่สามารถผ่านได้ ความสูงระดับหน้าแข้ง น้ำท่วมมาแล้วน้อยกว่า 3 ชั่วโมง,https://storage.googleapis.com/traffy_public_bucket/attachment/2026-09/d2419671e5e9b8c0a6baf3c0630d146d.jpeg
2026-BW9FXD,inprogress,2026-09-25 09:05,2026-09-25 20:14,100.68721,13.76307,สะพานสูง,สะพานสูง,น้ำท่วมครับ ความสูงระดับหน้าแข้ง น้ำท่วมมาแล้วน้อยกว่า 3 ชั่วโมง,https://storage.googleapis.com/traffy_public_bucket/attachment/2026-09/e90ca026787021a861e6f274d46eb7e6.jpeg
2026-XG2PYH,inprogress,2026-09-25 09:05,2026-09-25 09:14,100.58047,13.81563,จตุจักร,จันทรเกษม,เราอยู่กับน้ำท่วมอย่างนี้มาทุกปีเป็นเวลา 10 ปี ทุกหน้าฝนไม่เคยขาดหายกับปัญหาน้ำท่วมซอยเข้าบ้านไม่ได้ออกจากบ้านไม่ได้อย่างไรช่วยเจียดงบประมาณมาขยายท่อให้ใหญ่กว่าปัจจุบันเพราะวันที่ไม่มีฝนตกน้ำก็เต็มท่ออยู่แล้ว จะลอกท่อก็ช่วยได้ไม่ถึง 10% เพราะขนาดท่อเล็กมา,https://storage.googleapis.com/traffy_public_bucket/attachment/2026-09/a2bae1b6b9a0e0ea8d39af8b4b11a095.jpeg
2026-Y8YYKD,inprogress,2026-09-25 09:05,2026-09-25 09:17,100.74523,13.78717,มีนบุรี,มีนบุรี,ฝนตกน้ำท่วมขังอีกแล้วๆๆๆๆ น้ำไม่ลง ความสูงระดับตั้งแต่ข้อเท้าไปถึงเข่าตามระดับถนนที่ไม่เท่ากัน น้ำท่วมมาแล้วตั้งแต่เมื่อคืน,https://storage.googleapis.com/traffy_public_bucket/attachment/2026-09/thumb_fec41dc04bc9f5a315b70156b9e706b5.jpg
2026-EM9BAW,inprogress,2026-09-25 09:06,2026-09-25 20:15,100.68404,13.76821,สะพานสูง,สะพานสูง,น้ำท่วมในซอยรามคำแหง 118 แยก 42-4 ไม่มีทางระบายน้ำ ความสูงระดับครึ่งล้อรถยนต์ครับ น้ำท่วมมาแล้วน้อยกว่า 1 วัน,https://storage.googleapis.com/traffy_public_bucket/attachment/2026-09/b7d152e3d96bb230de31a0c1445122df.jpeg
2026-EU9BBX,inprogress,2026-09-25 09:06,2026-09-25 09:17,100.71356,13.7975,มีนบุรี,มีนบุรี,ช่วยมาขุดรอบท่อรอบรอบหน่อยค่ะขยายเยอะซอยนี้ น้ำท่วมซอยทุกคร้้งที่ฝนตกเป็นททงไปตลาด ความสูงระดับหน้าแข้ง น้ำท่วมมาแล้วน้อยกว่า 3 ชั่วโมง,https://storage.googleapis.com/traffy_public_bucket/attachment/2026-09/adaa446bc113bcda66ec26270207e97e.jpeg
2026-L723XR,start,2026-09-25 09:06,2026-09-25 11:12,100.79384,13.73672,ลาดกระบัง,ลำปลาทิว,น้ำท่วม ความสูงระดับข้อเท้า น้ำท่วมมาแล้วน้อยกว่า 1 วัน,https://storage.googleapis.com/traffy_public_bucket/attachment/2026-09/042824a6aa6ebe74c62a198e49a3ac85.jpeg
2026-W869GB,finish,2026-09-25 09:06,2026-09-25 10:13,100.65877,13.85586,บางเขน,ท่าแร้ง,ฝนตกน้ำท่วม ซอยสุขาภิบาล5 ซ.11 ถังขยะล้ม ขยะลอย #fonduereport,https://storage.googleapis.com/traffy_public_bucket/attachment/2026-09/3b7e66e860f50cb16f32b2b9f379228d.jpg
2026-XFMVD8,start,2026-09-25 09:09,2026-09-25 11:12,100.75216,13.71819,ลาดกระบัง,ลาดกระบัง,น้ำท่วมสูง ความสูงระดับหน้าแข้ง น้ำท่วมมาแล้วน้อยกว่า 3 ชั่วโมง,https://storage.googleapis.com/traffy_public_bucket/attachment/2026-09/657ee33d19a3d49af13e1c9db26b4aee.jpeg
2026-97KTWC,inprogress,2026-09-25 09:11,2026-09-25 20:15,100.68407,13.76832,สะพานสูง,สะพานสูง,น้ำท่วมรถออกไม่ได้ ความสูงระดับครึ่งล้อรถยนต์ค่ะ น้ำท่วมมาแล้วน้อยกว่า 1 วัน,https://storage.googleapis.com/traffy_public_bucket/attachment/2026-09/e71e84c203770dc1501ba9975876fc38.jpeg
2026-EGE6NW,finish,2026-09-25 09:11,2026-10-05 14:01,100.58669,13.86061,บางเขน,อนุสาวรีย์,ขอความช่วยเหลือเร่งด่วนค่ะ บ้านพักอยู่ติดคลอง ขณะนี้ได้รับผลกระทบจากน้ำท่วมเฉียบพลัน ระดับน้ำในคลองเพิ่มสูงขึ้นอย่างรวดเร็วและมีความเสี่ยงที่น้ำจะไหลเข้าท่วมบ้าน จึงขอความอนุเคราะห์ กระสอบทรายสำหรับกั้นน้ำบริเวณบ้านและริมคลอง เพื่อป้องกันความเสียหาย ขอควา,https://storage.googleapis.com/traffy_public_bucket/attachment/2026-09/808965d01af27cdf6f71b0b6b6a406fd.jpeg
2026-EUL4P2,inprogress,2026-09-25 09:11,2026-09-25 09:39,100.63093,13.76414,บางกะปิ,คลองจั่น,น้ำท่วมรอบพื้นที่ซอยลาดพร้าว 130 ความสูงระดับหน้าแข้ง น้ำท่วมมาแล้วน้อยกว่า 3 ชั่วโมง,https://storage.googleapis.com/traffy_public_bucket/attachment/2026-09/033aea730267348b11e79eaedcdc6531.jpeg
2026-EUL4P2,finish,2026-09-25 09:11,2026-10-07 08:09,100.63093,13.76414,บางกะปิ,คลองจั่น,น้ำท่วมรอบพื้นที่ซอยลาดพร้าว 130 ความสูงระดับหน้าแข้ง น้ำท่วมมาแล้วน้อยกว่า 3 ชั่วโมง,https://storage.googleapis.com/traffy_public_bucket/attachment/2026-09/033aea730267348b11e79eaedcdc6531.jpeg
2026-RTFYKF,forward,2026-09-25 09:12,2026-09-25 15:02,100.65577,13.77191,บึงกุ่ม,คลองกุ่ม,น้ำท่วม ความสูงระดับหน้าแข้ง น้ำท่วมมาแล้วน้อยกว่า 1 วัน,https://storage.googleapis.com/traffy_public_bucket/attachment/2026-09/f00e900ab1314ae9d269c13432a4cd24.jpeg
2026-WETUJL,finish,2026-09-25 09:12,2026-09-25 11:31,100.58134,13.89266,หลักสี่,ทุ่งสองห้อง,เขตหลักสี่ฝนตกแช่มาหลายชั่วโมง น้ำในท่อเริ่มสูงแล้วครับ รบกวนเดินเครื่องสูบน้ำในท่อที่นำมาตั้งไว้ตรงสะพานคลองอปรมด้วยครับ ความสูงระดับข้อเท้า น้ำท่วมมาแล้วน้อยกว่า 3 ชั่วโมง,https://storage.googleapis.com/traffy_public_bucket/attachment/2026-09/af03a6cbbd1263220c0bc3995d537b1e.jpeg
2026-MHZFJW,finish,2026-09-25 09:15,2026-09-30 13:39,100.52756,13.80383,บางซื่อ,บางซื่อ,ฝนตกน้ำท่วมซอย อีกแล้ว ความสูงระดับข้อเท้า น้ำท่วมมาแล้วน้อยกว่า 1 ชั่วโมง,https://storage.googleapis.com/traffy_public_bucket/attachment/2026-09/cc03e281f7474c07fee7c84920f471ce.jpeg
2026-CEAFXE,finish,2026-09-25 09:16,2026-10-01 14:39,100.52539,13.82489,บางซื่อ,วงศ์สว่าง,หน้าฝนลำบากมากค่ะ น้ำขังและลื่นด้วย ความสูงระดับส่งข้อมูลยังไงคะ ทำตามทุกอย่างแล้วค่ะ น้ำขังบริเวณหน้าบ้าน มีคนลื่น พระเดินเท้าลำบาก น้ำท่วมมาแล้วกทม เลยมาเทยางมะตอยของถุง ถ่ายรูปแล้วก็ไป,https://storage.googleapis.com/traffy_public_bucket/attachment/2026-09/8a0698c78c760d6eb9a920e955da07b5.jpeg
2026-4736AU,forward,2026-09-25 09:22,2026-09-30 13:47,100.70869,13.83553,คลองสามวา,บางชัน,น้ำท่วมขังในซอย ความสูงระดับข้อเท้า น้ำท่วมมาแล้วน้อยกว่า 3 ชั่วโมง,https://storage.googleapis.com/traffy_public_bucket/attachment/2026-09/fc4cd96d557806818cbb710066e8b514.jpeg
2026-NHY7AY,inprogress,2026-09-25 09:22,2026-09-25 14:04,100.67699,13.71127,ประเวศ,ประเวศ,น้ำท่วมสูงเริ่มเข้าบ้านเรือนแล้ว เขื่อนระบายน้ำไม่ทัน ความสูงระดับหน้าแข้ง น้ำท่วมมาแล้วน้อยกว่า 1 วัน,https://storage.googleapis.com/traffy_public_bucket/attachment/2026-09/47a7bc3015262d5535634c457c37b862.jpeg
2026-FDCGEU,inprogress,2026-09-25 09:23,2026-10-05 10:12,100.59856,13.92455,ดอนเมือง,สีกัน,น้ำท่วมขังรอระบายจนระบายไม่ได้จะช่วยมารอกท่อให้กี่โมงครับ ท่อตันน้ำม่วมขังรบกวนแก้ไขให้โดยด่วนด้วยครับ วันที่25/09/2026 9:21 น้ำยังท่วมอยู่ครับแก้ไขด่วนครับ ความสูงระดับข้อเท้า น้ำท่วมมาแล้วน้อยกว่า 3 ชั่วโมง,https://storage.googleapis.com/traffy_public_bucket/attachment/2026-09/3819911cffaef736634fe020e6924467.jpeg
2026-AJHR8T,inprogress,2026-09-25 09:24,2026-09-26 11:01,100.47307,13.77834,บางกอกน้อย,อรุณอมรินทร์,พิกัด: ในซอยบรมราชชนนี 15 ในซอยบุญพงษา ซอยที่สองขวามือ หน้าปากซอยมีรถเข็นก๋วยเตี๋ยวนายฮุย แจ้งการดำเนินการของสำนักเขตบางกอกน้อย ที่ดำเนินการกับเรื่องร้องเรียนผ่านระบบtraffy fondue ล่าช้า เนื่องจากเคยแจ้งร้องเรียนไปแล้วสองครั้งถึงกรณีท่อระบายน้ำอุดตัน ระบ,https://storage.googleapis.com/traffy_public_bucket/attachment/2026-09/55633b42ad9f142ce19ce4962acba5de.jpeg
2026-AJHR8T,finish,2026-09-25 09:24,2026-10-08 17:29,100.47307,13.77834,บางกอกน้อย,อรุณอมรินทร์,พิกัด: ในซอยบรมราชชนนี 15 ในซอยบุญพงษา ซอยที่สองขวามือ หน้าปากซอยมีรถเข็นก๋วยเตี๋ยวนายฮุย แจ้งการดำเนินการของสำนักเขตบางกอกน้อย ที่ดำเนินการกับเรื่องร้องเรียนผ่านระบบtraffy fondue ล่าช้า เนื่องจากเคยแจ้งร้องเรียนไปแล้วสองครั้งถึงกรณีท่อระบายน้ำอุดตัน ระบ,https://storage.googleapis.com/traffy_public_bucket/attachment/2026-09/55633b42ad9f142ce19ce4962acba5de.jpeg
2026-AJHR8T,start,2026-09-25 09:24,2026-10-08 18:41,100.47307,13.77834,บางกอกน้อย,อรุณอมรินทร์,พิกัด: ในซอยบรมราชชนนี 15 ในซอยบุญพงษา ซอยที่สองขวามือ หน้าปากซอยมีรถเข็นก๋วยเตี๋ยวนายฮุย แจ้งการดำเนินการของสำนักเขตบางกอกน้อย ที่ดำเนินการกับเรื่องร้องเรียนผ่านระบบtraffy fondue ล่าช้า เนื่องจากเคยแจ้งร้องเรียนไปแล้วสองครั้งถึงกรณีท่อระบายน้ำอุดตัน ระบ,https://storage.googleapis.com/traffy_public_bucket/attachment/2026-09/55633b42ad9f142ce19ce4962acba5de.jpeg
2026-DHYJ47,finish,2026-09-25 09:25,2026-09-25 11:23,100.57655,13.89883,หลักสี่,ทุ่งสองห้อง,อยากแจ้งน้ำเริ่มท่วมขัง หากทิ้งไว้นานระดับจะขึ้นรวดเร็ว ตั้งแต่ซอยแจ้งวัฒนะแยก 9-1-10 มีสุข 4 เลยไปมีสุข 5 แต่มีสุข 3 ถนนหน้า 7-11 ยังไม่ท่วมขัง จะมีปัญหาบริเวณที่ตลอด ความสูงระดับหน้าแข้ง น้ำท่วมมาแล้วน้อยกว่า 3 ชั่วโมง,https://storage.googleapis.com/traffy_public_bucket/attachment/2026-09/c4cbc759bdb0e164274384f3067d25a4.jpeg
2026-B3NAHG,finish,2026-09-25 09:26,2026-09-30 21:37,100.60676,13.83849,ลาดพร้าว,จรเข้บัว,น้ำท่วมขังระบายไม่ทันท้ายซอยหมู่บ้านเสนานิเวศน์2 ระดับน้ำเพิ่มขึ้นต่อเนื่อง ความสูงระดับข้อเท้า น้ำท่วมมาแล้วสูงเลยข้อเท้า เริ่มตั้งแต่8โมงเช้า,https://storage.googleapis.com/traffy_public_bucket/attachment/2026-09/71e8f9a124d9b674d802bc23f3e6c362.jpeg
2026-H46BWL,forward,2026-09-25 09:27,2026-09-25 11:59,100.58874,13.81378,จตุจักร,จันทรเกษม,น้ำท่วมครับเข้าบ้านด้วย ช่วยทีครับ ความสูงระดับหน้าแข้ง น้ำท่วมมาแล้วน้อยกว่า 1 วัน,https://storage.googleapis.com/traffy_public_bucket/attachment/2026-09/aa7a8770a5aa997da8acf15b7a37187a.jpeg
2026-BKKZTK,inprogress,2026-09-25 09:28,2026-09-25 09:51,100.74116,13.8199,มีนบุรี,มีนบุรี,น้ำท่วมสูง ความสูงระดับหน้าแข้ง น้ำท่วมมาแล้วน้อยกว่า 3 ชั่วโมง,https://storage.googleapis.com/traffy_public_bucket/attachment/2026-09/d8d0afccaa5cc5156aa3d09b0955755e.jpeg
2026-BPW99Y,inprogress,2026-09-25 09:29,2026-09-25 09:37,100.62811,13.84358,บางเขน,ท่าแร้ง,เนื่องจากมีการนำฝาปิดท่อระบายน้ำชนิดปูนมาปิดท่อระบายน้ำทำให้น้ำไม่ไหลลงท่อระบาย ส่งผลให้น้ำท่วมขังบริเวณถนนที่ใช้สัญจรของคน2 หมู่บ้านทองสถิตย์ จึงเสนอทางแก้ไขให้นำตะแกรงเหล็กที่ปิดท่อระบายน้ำมาเปลี่ยน เพื่อน้ำจะได้ไหลลงท่อได้สะดวกค่ะ ความสูงระดับหน้าแข้ง ,https://storage.googleapis.com/traffy_public_bucket/attachment/2026-09/72d2d72098c0caf78600a5bcaa7bcb7a.jpeg
2026-VDWZMB,forward,2026-09-25 09:32,2026-09-29 22:38,100.58899,13.81672,จตุจักร,จันทรเกษม,น้ำท่วม ปล่อยน้ำไวๆหน่อยค้าบ ความสูงระดับหน้าแข้ง น้ำท่วมมาแล้วน้อยกว่า 3 ชั่วโมง,https://storage.googleapis.com/traffy_public_bucket/attachment/2026-09/665fdeb522d8a366a975503fed0c5c55.jpeg
2026-H9VL2Z,inprogress,2026-09-25 09:33,2026-09-25 11:37,100.58219,13.74845,ห้วยขวาง,บางกะปิ,น้ำท่วม ขอเร่งระบายน้ำด่วน ความสูงระดับหน้าแข้ง น้ำท่วมมาแล้วน้อยกว่า 3 ชั่วโมง,https://storage.googleapis.com/traffy_public_bucket/attachment/2026-09/127da074c93adc8f2511314c61167e0f.jpeg
2026-H9VL2Z,finish,2026-09-25 09:33,2026-10-09 18:42,100.58219,13.74845,ห้วยขวาง,บางกะปิ,น้ำท่วม ขอเร่งระบายน้ำด่วน ความสูงระดับหน้าแข้ง น้ำท่วมมาแล้วน้อยกว่า 3 ชั่วโมง,https://storage.googleapis.com/traffy_public_bucket/attachment/2026-09/127da074c93adc8f2511314c61167e0f.jpeg
2026-8UVH9A,finish,2026-09-25 09:34,2026-09-30 21:35,100.62485,13.83231,ลาดพร้าว,ลาดพร้าว,หน้าโรงเรียนโชคชัยลาดพร้าวน้ำท่วมถนนทั้งเส้นค่ะ ความสูงระดับบางจุดล้นฟุตบาทค่ะ น้ำท่วมมาแล้วไม่ทราบเวลาที่ชัดเจน,https://storage.googleapis.com/traffy_public_bucket/attachment/2026-09/3b91d6d5fecd9a3fb65c9092a4060d1f.jpeg
2026-6RX9R7,inprogress,2026-09-25 09:36,2026-09-25 09:40,100.58673,13.8606,บางเขน,อนุสาวรีย์,ต้องการกระสอบทราย น้ำท่วมจะเข้าบ้านแล้ว ความสูงระดับหน้าแข้ง น้ำท่วมมาแล้วน้อยกว่า 3 ชั่วโมง,https://storage.googleapis.com/traffy_public_bucket/attachment/2026-09/2006d68958f354f68d223da2c5382190.jpeg
2026-6RX9R7,finish,2026-09-25 09:36,2026-10-07 11:26,100.58673,13.8606,บางเขน,อนุสาวรีย์,ต้องการกระสอบทราย น้ำท่วมจะเข้าบ้านแล้ว ความสูงระดับหน้าแข้ง น้ำท่วมมาแล้วน้อยกว่า 3 ชั่วโมง,https://storage.googleapis.com/traffy_public_bucket/attachment/2026-09/2006d68958f354f68d223da2c5382190.jpeg
2026-DLYTPY,finish,2026-09-25 09:37,2026-09-25 11:26,100.56895,13.86446,หลักสี่,ตลาดบางเขน,น้ำท่วมทุกปี ไร้การแก้ไข ตอนนี้กำลังท่วมสูงหนุนมาจากคลอง ความสูงระดับหน้าแข้ง น้ำท่วมมาแล้วน้อยกว่า 3 ชั่วโมง,https://storage.googleapis.com/traffy_public_bucket/attachment/2026-09/e685dc8750281d412d75c9a6f2067670.jpeg
2026-HF93WH,forward,2026-09-25 09:38,2026-09-25 12:00,100.54923,13.82677,จตุจักร,จตุจักร,น้ำท่วม ซอยระดับหน้าแข้งเป็นเวลา 1 ชั่วโมงแล้ว ความสูงระดับหน้าแข้ง น้ำท่วมมาแล้วน้อยกว่า 3 ชั่วโมง,https://storage.googleapis.com/traffy_public_bucket/attachment/2026-09/8c355d95448ff12709f50e0f45405940.jpeg
2026-VJ8T9B,inprogress,2026-09-25 09:39,2026-10-05 10:12,100.59886,13.92538,ดอนเมือง,สีกัน,น้ำท่วมขังบริเวณซอยสรณคมน์บ่อยครั้งอยากมาช่วยทำการแก้ไขโดยด่วนครับ รอกท่อให้น้ำระบายได้ก็ยังดีครับขอบคุณครับ ความสูงระดับหน้าแข้ง น้ำท่วมมาแล้วน้อยกว่า 3 ชั่วโมง,https://storage.googleapis.com/traffy_public_bucket/attachment/2026-09/d18e9dc2060bc6cecf00c7c62159815e.jpeg
2026-TNUCMH,inprogress,2026-09-25 09:41,2026-09-25 14:03,100.68537,13.68315,ประเวศ,ดอกไม้,ผักตบ..ขวางทางน้ำ..ตอนนี้น้ำท่วมทุกบ้าน ความสูงระดับเอว น้ำท่วมมาแล้วน้อยกว่า 3 ชั่วโมง,https://storage.googleapis.com/traffy_public_bucket/attachment/2026-09/4bdd881bc89f96cf9e08b27c186b47ab.jpeg
2026-8T74GU,inprogress,2026-09-25 09:42,2026-09-25 13:50,100.70983,13.79558,มีนบุรี,มีนบุรี,น้ำท่วมขังมากในบริเวณ รามคำแหง 164 ความสูงระดับหน้าแข้ง น้ำท่วมมาแล้วน้อยกว่า 3 ชั่วโมง,https://storage.googleapis.com/traffy_public_bucket/attachment/2026-09/49e5aa37ed7e556093834588dd8369fd.jpeg
2026-9P43N4,inprogress,2026-09-25 09:42,2026-09-25 14:23,100.58025,13.91204,ดอนเมือง,ดอนเมือง,น้ำท่วมขังรอระบายในหมู่บ้านสิรินเฮ้าส์ดอนเมืองเวลาฝนตกต่อเนื่องตลอดมากกว่า5ปีอยากให้เข้ามาแก้ไขเชิงระบบให้ ความสูงระดับหน้าแข้ง น้ำท่วมมาแล้วน้อยกว่า 1 วัน,https://storage.googleapis.com/traffy_public_bucket/attachment/2026-09/99adbc6dcf2b4e6cf6355f966251b958.jpeg
2026-EJUHRM,finish,2026-09-25 09:43,2026-10-01 14:37,100.52693,13.82447,บางซื่อ,วงศ์สว่าง,ฝนตกแป๊บเดียวน้ำท่วมเข้าบ้านแล้ว ความสูงระดับหน้าแข้ง น้ำท่วมมาแล้วน้อยกว่า 3 ชั่วโมง,https://storage.googleapis.com/traffy_public_bucket/attachment/2026-09/aacc9e45c3eab1f3c3d9ce31e63a2b8d.jpeg
2026-MYTYC4,finish,2026-09-25 09:44,2026-09-25 11:27,100.54741,13.85608,หลักสี่,ทุ่งสองห้อง,ฝนตกไม่นาน น้ำท่วมในซอยแล้ว ควรทำการระบายด่วน ความสูงระดับหน้าแข้ง น้ำท่วมมาแล้วน้อยกว่า 3 ชั่วโมง,https://storage.googleapis.com/traffy_public_bucket/attachment/2026-09/4d351ff2894c81ad0cbc61aa39586211.jpeg
2026-XZV393,inprogress,2026-09-25 09:46,2026-09-25 11:08,100.62684,13.73419,สวนหลวง,สวนหลวง,น้ำท่วมค่ะ ความสูงระดับหน้าแข้ง น้ำท่วมมาแล้วน้อยกว่า 3 ชั่วโมง,https://storage.googleapis.com/traffy_public_bucket/attachment/2026-09/da260cfdc97e62490274e3911ecc8a43.jpeg
2026-XZV393,finish,2026-09-25 09:46,2026-10-09 10:59,100.62684,13.73419,สวนหลวง,สวนหลวง,น้ำท่วมค่ะ ความสูงระดับหน้าแข้ง น้ำท่วมมาแล้วน้อยกว่า 3 ชั่วโมง,https://storage.googleapis.com/traffy_public_bucket/attachment/2026-09/da260cfdc97e62490274e3911ecc8a43.jpeg
2026-ZA3V6P,finish,2026-09-25 09:52,2026-10-02 08:13,100.49317,13.79469,บางพลัด,บางพลัด,น้ำท่วม ความสูงระดับหัวเข่า น้ำท่วมมาแล้วน้อยกว่า 3 ชั่วโมง,https://storage.googleapis.com/traffy_public_bucket/attachment/2026-09/75ea9cd2f657ea0bd84c10665e66be6f.jpeg
2026-2M8CTU,forward,2026-09-25 09:53,2026-09-25 10:19,100.61766,13.7356,สวนหลวง,สวนหลวง,มีน้ำท่วมขังบริเวณหน้าปากซอยพัฒนาการ 28 ปัญหานี้เกิดตั้งแต่มีการทำอุโมงค์ลอดใต้ถนนพัฒนาการ อยากให้หน่วยงานเข้ามาแก้ไขและตรวจสอบว่าท่อระบายน้ำมีการอุดตันหรือไม่ค่ะ ความสูงระดับหน้าแข้ง น้ำท่วมมาแล้วน้อยกว่า 3 ชั่วโมง,https://storage.googleapis.com/traffy_public_bucket/attachment/2026-09/e0107431a0663a9c15f236bc17887f54.jpeg
2026-EB3PZR,inprogress,2026-09-25 09:53,2026-09-25 13:59,100.69317,13.66889,ประเวศ,ดอกไม้,น้ำท่วมขังเป็นเวลา 7ชม.แล้วคะ ความสูงระดับข้อเท้า น้ำท่วมมาแล้วน้อยกว่า 3 ชั่วโมง,https://storage.googleapis.com/traffy_public_bucket/attachment/2026-09/93ebe2ba9ede250a923ecf1dace39bbc.jpeg
2026-K6B44R,forward,2026-09-25 09:53,2026-10-01 08:23,100.60006,13.70646,คลองเตย,พระโขนง,ลอกท่อปากซอยสุขุมวิท50 ความสูงระดับข้อเท้า น้ำท่วมมาแล้วน้อยกว่า 1 ชั่วโมง,https://storage.googleapis.com/traffy_public_bucket/attachment/2026-09/6d3aa4ea52d408ceb78b6dc7746d9599.jpeg
2026-NUPDFZ,inprogress,2026-09-25 09:53,2026-09-25 14:00,100.68845,13.67053,ประเวศ,ดอกไม้,น้ำท่วมไม่สูบน้ำ ความสูงระดับหน้าแข้ง น้ำท่วมมาแล้วน้อยกว่า 1 วัน,https://storage.googleapis.com/traffy_public_bucket/attachment/2026-09/dd64cb0f3d2b08ae66706f12688b4926.jpeg
2026-H9W2ML,inprogress,2026-09-25 09:54,2026-09-28 12:51,100.69277,13.80219,คันนายาว,คันนายาว,ท่อระบายน้ำ ซอย 9 แยก 7 เอ่อพื้นถนนแล้ว น้ำไม่ระบายครับ ความสูงระดับท่อระบายน้ำ ซอย 9 แยก 7 เอ่อพื้นถนนแล้ว น้ำไม่ระบายครับ น้ำท่วมมาแล้วน้อยกว่า 3 ชั่วโมง,https://storage.googleapis.com/traffy_public_bucket/attachment/2026-09/f28b16774e174c8db9f3e6cbfa3e2409.jpeg
2026-WGG6F2,inprogress,2026-09-25 09:54,2026-09-25 09:58,100.6462,13.76654,บางกะปิ,คลองจั่น,น้ำท่วมเลนซ้ายสุด สูงเท่าฟุตบาท ฝั่งเขตบางกะปิ ไปรษณีย์คลองจั่น ความสูงระดับหน้าแข้ง น้ำท่วมมาแล้วน้อยกว่า 1 วัน,https://storage.googleapis.com/traffy_public_bucket/attachment/2026-09/d43def8bdcd71cdf498f0516d1c70ee2.jpeg
2026-WGG6F2,finish,2026-09-25 09:54,2026-10-09 11:21,100.6462,13.76654,บางกะปิ,คลองจั่น,น้ำท่วมเลนซ้ายสุด สูงเท่าฟุตบาท ฝั่งเขตบางกะปิ ไปรษณีย์คลองจั่น ความสูงระดับหน้าแข้ง น้ำท่วมมาแล้วน้อยกว่า 1 วัน,https://storage.googleapis.com/traffy_public_bucket/attachment/2026-09/d43def8bdcd71cdf498f0516d1c70ee2.jpeg
2026-8WPMTW,inprogress,2026-09-25 09:55,2026-09-25 13:59,100.6575,13.68397,ประเวศ,หนองบอน,น้ำท่วมอีกแล้ว น้ำท่วม น้ำขัง เพราะท้อไม่ระบาย หรือปิดการระบาย แนะนำให้เปิดระบายท้อน้ำ (เมื่อมีคนมาดูดน้ำแล้ว แล้วมันก็แห้ง แต่พอฝนตกหลังจากนั้น น้ำกลับมาเท่าเดิม แล้วน้ำไม่ระบาย) ตอนนี้น้ำสูงมากครับ ความสูงระดับหัวเข่า น้ำท่วมมาแล้วน้อยกว่า 3 ชั่วโมง,https://storage.googleapis.com/traffy_public_bucket/attachment/2026-09/7b110657696ac381c8de330540ff5458.jpeg
2026-ACKTRU,inprogress,2026-09-25 09:56,2026-09-25 11:46,100.62877,13.77579,วังทองหลาง,คลองเจ้าคุณสิงห์,น้ำท่วมซอยนี้ประจำ ฝนตกหนักๆทุกครั้ง จะท่วมขัง ความสูงระดับ1วัน น้ำท่วมมาแล้วน้อยกว่า 1 วัน,https://storage.googleapis.com/traffy_public_bucket/attachment/2026-09/064c100b84993cedeed6ee0303cbfd67.jpeg
2026-8YDK9W,finish,2026-09-25 09:59,2026-09-28 16:46,100.375,13.72504,บางแค,บางแคเหนือ,รบกวนช่วยเร่งระบายน้ำด้วยนะคะ... ท่อระบายน้ำหลักในหมู่บ้านเศรษฐกิจน่าจะระบายน้ำไม่ได้แล้ว... น้ำในห้องน้ำเอ่อเข้ามาแล้ว... พิกัด..บริเวณริมถนนหมู่บ้านเศรษฐกิจ ซอย 44 ความสูงระดับเป็นลักษณะ น้ำในห้องน้ำไม่สามารถระบายน้ำได้ พออาบน้ำ น้ำเลยขังอยู่ที่พื้น,https://storage.googleapis.com/traffy_public_bucket/attachment/2026-09/88d35a68964dd5634eb6b11371394337.jpeg
2026-WDN9PM,inprogress,2026-09-25 09:59,2026-09-25 19:18,100.39809,13.76572,ทวีวัฒนา,ศาลาธรรมสพน์,น้ำท่วมขังซอยนี้เป็นเวลานานแล้ว และได้ดำเนินแจ้งเขตเพื่อทำการวางท่อระบายเป็นระยะเวลามากกว่า 1 ปี และตอนนี้ยังไม่มีการดำเนินการใดๆ รบกวนช่วยเหลือทีนะคะ เป็นซอยข้างธุรกิจทีีทำ ต้องมีรถเข้าออกตลอดเวลา จึงเดือดร้อนมาก ซอยอยู่ติดกับอู่ซ่อมรถBENZ LR SERVICE แมพ,https://storage.googleapis.com/traffy_public_bucket/attachment/2026-09/b85e29a5c1f64ca7bf9d682cda3d670a.jpeg
2026-NMRFY7,inprogress,2026-09-25 10:00,2026-09-25 11:14,100.63455,13.71192,สวนหลวง,สวนหลวง,น้ำท่วมขังบริเวณด้านหลังซอยทำให้รถไม่สามารถขับผ่านไปได้ สะดวกและเป็นแบบนี้ทุกครั้งเมื่อฝนตกหนัก ซอยนี้เคยแจ้งไปแล้วแต่เจ้าหน้าที่แค่ถ่ายรูปในวันที่ถนนแห้ง ไม่ได้รับการแก้ไขตรงจุด และ ถนนบริเวณนี้ต่ำกว่าบริเวณอื่น อยากให้ทางเขตมาทำการตรวจสอบและปรับปรุงถนน ,https://storage.googleapis.com/traffy_public_bucket/attachment/2026-09/549b3223b7fa552d868f6d2743c6e755.jpeg
2026-NMRFY7,finish,2026-09-25 10:00,2026-10-09 11:00,100.63455,13.71192,สวนหลวง,สวนหลวง,น้ำท่วมขังบริเวณด้านหลังซอยทำให้รถไม่สามารถขับผ่านไปได้ สะดวกและเป็นแบบนี้ทุกครั้งเมื่อฝนตกหนัก ซอยนี้เคยแจ้งไปแล้วแต่เจ้าหน้าที่แค่ถ่ายรูปในวันที่ถนนแห้ง ไม่ได้รับการแก้ไขตรงจุด และ ถนนบริเวณนี้ต่ำกว่าบริเวณอื่น อยากให้ทางเขตมาทำการตรวจสอบและปรับปรุงถนน ,https://storage.googleapis.com/traffy_public_bucket/attachment/2026-09/549b3223b7fa552d868f6d2743c6e755.jpeg
2026-KGMGJ2,inprogress,2026-09-25 10:02,2026-09-25 10:10,100.63242,13.76478,บางกะปิ,คลองจั่น,ฝนตกน้ำท่วมหนัก ตกเบาๆด้วยไม่ระบายออกเลย เดินทางไปทำงานไม่ได้ ดำเนินงานมาตรการพี้นที่นี้ด่วน แถวนี้หอพักเยอะคนออกไปทำงานยากมาก จะขับรถออกไปก็ท่วมถึงใต้ท้องรถ เรียกรถในแอพก็ไม่มีใครรับ ความสูงระดับหน้าแข้ง น้ำท่วมมาแล้วตั้งแต่7:30,https://storage.googleapis.com/traffy_public_bucket/attachment/2026-09/14c5291a8847b52e5c9c692564cff69d.jpeg
2026-KGMGJ2,finish,2026-09-25 10:02,2026-10-09 11:22,100.63242,13.76478,บางกะปิ,คลองจั่น,ฝนตกน้ำท่วมหนัก ตกเบาๆด้วยไม่ระบายออกเลย เดินทางไปทำงานไม่ได้ ดำเนินงานมาตรการพี้นที่นี้ด่วน แถวนี้หอพักเยอะคนออกไปทำงานยากมาก จะขับรถออกไปก็ท่วมถึงใต้ท้องรถ เรียกรถในแอพก็ไม่มีใครรับ ความสูงระดับหน้าแข้ง น้ำท่วมมาแล้วตั้งแต่7:30,https://storage.googleapis.com/traffy_public_bucket/attachment/2026-09/14c5291a8847b52e5c9c692564cff69d.jpeg
2026-PX8EDY,inprogress,2026-09-25 10:02,2026-09-27 18:52,100.4662,13.73974,บางกอกใหญ่,วัดท่าพระ,น้ำท่วม ความสูงระดับข้อเท้า น้ำท่วมมาแล้วน้อยกว่า 3 ชั่วโมง,https://storage.googleapis.com/traffy_public_bucket/attachment/2026-09/b35c1b453d7d66de487da855ae970da8.jpeg
2026-TAJMHW,inprogress,2026-09-25 10:03,2026-09-25 20:16,100.69519,13.76405,สะพานสูง,สะพานสูง,แจ้งปัญหาค่ะ บริเวณ หน้าโครงการดิไอเฟล ถนนกาญจนาภิเษกเลียบมอเตอร์เวย์ น้ำระบายไม่ลง คาดว่าท่อตัน ทำให้มีน้ำขังบริเวณตะแกรงระบายน้ำและร่องน้ำ รบกวนช่วยเข้ามาตรวจสอบและแก้ไขให้ด้วยค่ะ ความสูงระดับไม่ใช่น้ำท่วมเป็นน้ำในท่อไม่ระบายออกน่าจะมีสิ่งอุดตัน น้ำท่วม,https://storage.googleapis.com/traffy_public_bucket/attachment/2026-09/315a8ad18455e00130888b65ef239ce3.jpeg
2026-7KB37K,forward,2026-09-25 10:04,2026-09-25 10:31,100.60377,13.66555,บางนา,บางนาใต้,น้ำท่วมฟุตบาท 4 ปีไม่เคยแก้ ความสูงระดับข้อเท้า น้ำท่วมมาแล้วน้อยกว่า 3 ชั่วโมง,https://storage.googleapis.com/traffy_public_bucket/attachment/2026-09/62bf1e0ea6c1d4634d5dd424498cb842.jpeg
2026-ATK6VP,forward,2026-09-25 10:07,2026-09-25 10:31,100.60439,13.66707,บางนา,บางนาใต้,น้ำท่วมหน้าป้ายรถเมล์กรมอุตุแท้ ๆ ไม่คิดขะทำอะไรหน่อยหรอ มัวแต่บ่นน้อยใจว่าคนไปเชื่ิเพจอื่น ความสูงระดับข้อเท้า น้ำท่วมมาแล้วน้อยกว่า 3 ชั่วโมง,https://storage.googleapis.com/traffy_public_bucket/attachment/2026-09/c9720be8bddf6e0417c64c8100deab74.jpeg
2026-CRCJEW,inprogress,2026-09-25 10:07,2026-09-25 10:15,100.35602,13.73505,หนองแขม,หนองค้างพลู,น้ำท่วมย้อนเข้าห้องน้ำแล้ว ฝนตกแค่เบา ๆ แต่น้ำระบายไม่ทัน ความสูงระดับข้อเท้า น้ำท่วมมาแล้วน้อยกว่า 1 ชั่วโมง,https://storage.googleapis.com/traffy_public_bucket/attachment/2026-09/2d576b12bfce8057fc9d0f4a37745e23.jpeg
2026-CRCJEW,finish,2026-09-25 10:07,2026-10-09 10:32,100.35602,13.73505,หนองแขม,หนองค้างพลู,น้ำท่วมย้อนเข้าห้องน้ำแล้ว ฝนตกแค่เบา ๆ แต่น้ำระบายไม่ทัน ความสูงระดับข้อเท้า น้ำท่วมมาแล้วน้อยกว่า 1 ชั่วโมง,https://storage.googleapis.com/traffy_public_bucket/attachment/2026-09/2d576b12bfce8057fc9d0f4a37745e23.jpeg
2026-MCD2L4,inprogress,2026-09-25 10:07,2026-09-25 13:58,100.6779,13.66937,ประเวศ,ดอกไม้,น้ำท่วม เวลาฝนตก ไม่ว่าจะตกหนักหรือตกนิดเดียว น้ำก็ท่วมขังแล้ว เดินทางเข้ามาทำงานไม่ได้ ถนนเป็นหลุมเป็นบ่อ ยิ่งเวลาฝนตก มีน้ำท่วมขัง จนตอนนี้ส่งกลิ่นเหม็นมาก อยากให้หน่วยงานที่เกี่ยวข้องเร่งแก้ปัญหาด่วน ปีที่แล้วก็เป็นแบบนี้ แก้ไขแล้วก็เป็นเหมือนเดิม ความ,https://storage.googleapis.com/traffy_public_bucket/attachment/2026-09/148bb146fce75304bbe1e29e0d6cc239.jpeg
2026-ANT33T,finish,2026-09-25 10:08,2026-10-01 15:21,100.43104,13.62568,บางขุนเทียน,แสมดำ,ดูดน้ำออกด่วนๆ ความสูงระดับครึ่งขาแล้ว น้ำเข้าบ้านเพื่อนบ้านแล้ว น้ำท่วมมาแล้วตั้งแต่เมื่อคืน,https://storage.googleapis.com/traffy_public_bucket/attachment/2026-09/dac6a4fecc95bd59e7a7d34993523967.jpeg
2026-4BCV73,inprogress,2026-09-25 10:09,2026-09-25 11:37,100.57991,13.77965,ห้วยขวาง,ห้วยขวาง,มีน้ำท่วมขังทุกครั้งที่ฝนตกหนัก ระบายช้ามาก ท่อน่าจะมีการอุดตัน ความสูงระดับช่วงปากซอยประชาราษฎร์บำเพ็ญ 11 แยก 6 จะเป็นพื้นที่ต่ำบางช่วง10-20ซม. น้ำท่วมมาแล้วตั้งแต่เช้า06.00-10.09น. ตอนนี้ยังไม่ลด,https://storage.googleapis.com/traffy_public_bucket/attachment/2026-09/thumb_a973567b6744197594f2fdf8f9b6f3ba.jpg
2026-9BY42X,inprogress,2026-09-25 10:09,2026-09-25 14:02,100.66652,13.71902,ประเวศ,ประเวศ,น้ำท่วมขังซอย อ่อนนุช 55/1 ความสูงระดับสูงกว่าฟุตบาท น้ำท่วมมาแล้วน้อยกว่า 3 ชั่วโมง,https://storage.googleapis.com/traffy_public_bucket/attachment/2026-09/33a224a882710529e5f326501a5b6829.jpeg
2026-EDG6P8,inprogress,2026-09-25 10:10,2026-09-25 11:44,100.62745,13.78333,วังทองหลาง,คลองเจ้าคุณสิงห์,น้ำท่วม ความสูงระดับสูงกว่าตาตุ่มแล้วครับ แบบมิด น้ำท่วมมาแล้วตั้งแต่เมื่อคืนครับ,https://storage.googleapis.com/traffy_public_bucket/attachment/2026-09/37727c012874ffe768d2d7d98e4654dc.jpeg
2026-VVMCRN,inprogress,2026-09-25 10:11,2026-09-25 10:30,100.65853,13.92452,สายไหม,สายไหม,มีน้ำท่วม เวลาในตกหนัก และท่วมเฉพาะ ฝั่งเดียวของ ซอย 43 อาจจะเป็นเพราะลูกไม้เต็มถนนฝั่งนี้และไปอุดท่อระบายน้ำ และขยะ ของเพิงที่อยู่ภายในซอย 43 ที่สุมขึ้นมา และเพิงนั้นจะมีรถจอดขวางถนน อยู่ตลอดเวลา รบกวนตรวจสอบด้วยครับ ความสูงระดับข้อเท้า น้ำท่วมมาแล้วน้อ,https://storage.googleapis.com/traffy_public_bucket/attachment/2026-09/71e87c2c9f262df1a904d832115916e5.jpeg
2026-FLTTRK,start,2026-09-25 10:12,2026-09-25 11:13,100.7491,13.77665,ลาดกระบัง,คลองสามประเวศ,ทางเข้าซอยบ้านต่ำกว่าถนนหลักทำให้เวลาฝนตกมีน้ำท่วมขังสูงมากไม่สามารถระบายน้ำได้และทำให้การเข้าออกจากซอยบ้านมีปัญหามา ความสูงระดับหน้าแข้ง น้ำท่วมมาแล้วน้อยกว่า 1 วัน,https://storage.googleapis.com/traffy_public_bucket/attachment/2026-09/a3c024e2145e8c438c7d190df06bf51c.jpeg
2026-YKM9CH,forward,2026-09-25 10:12,2026-09-25 14:14,100.73873,13.73689,ลาดกระบัง,คลองสองต้นนุ่น,น้ำท่วมหนักมากริมคลองสองต้นนุ่นเขตลาดกระบัง ความสูงระดับหัวเข่า น้ำท่วมมาแล้วน้อยกว่า 1 วัน,https://storage.googleapis.com/traffy_public_bucket/attachment/2026-09/e5155611bcc44f815e74d2d8a03da04d.jpeg
2026-DWT42W,forward,2026-09-25 10:13,2026-09-25 14:13,100.60396,13.72827,วัฒนา,คลองตันเหนือ,น้ำในคลองเชื่อกับคลองพระโขนงใก้ลล้นมาท่วมบ้านเรือนและพื้นที่ถนน เนื่องจากเจ้าหน้าที่ไม่มาเปิดเครื่องสูบน้ำใหญ่ตรงประตูระบายน้ำขณะฝนตกหนัก มาเปิดตอนฝนหยุดซึ่งน้ำท่วมแล้ว และจริงๆควรจะมาพร่องน้ำในคลองรอไว้ก่อนมีฝนตกหนัก ทำให้ระบบท่อระบายน้ำเต็มน้ำลงไม่ได้ ค,https://storage.googleapis.com/traffy_public_bucket/attachment/2026-09/ac45a9afd308a0a60e06d5a2c7eeb275.jpeg
2026-GMGXUY,inprogress,2026-09-25 10:13,2026-09-25 10:50,100.86333,13.89757,หนองจอก,คลองสิบสอง,ถนนไม่มีท่อ ใต้ ถนน ระบายน้ำ ช่วย แก้ไข ได้ไหม แบบเร่งด่วน ตอนนี้น้ำท่วม แล้ว ไม่มีที่ระบายน้ำ ความสูงระดับเคยแจ้งไป ตั้งแต่ พคแล้ว แต่ ยังไม่มีการดำเนินการให้เลย น้ำท่วมมาแล้วจะเข้าบ้านแล้ว,https://storage.googleapis.com/traffy_public_bucket/attachment/2026-09/00186347257613af1e2282035eaeb0fb.jpeg
2026-K2HPHN,inprogress,2026-09-25 10:14,2026-09-25 14:10,100.48507,13.65151,ทุ่งครุ,บางมด,น้ำขังหน้าร้านค้ากระเด็นเข้าร้านกรุณาให้โยทาแก้ไขน้ำขังให้หน่อยนะครับ ความสูงระดับข้อเท้า น้ำท่วมมาแล้วน้อยกว่า 1 ชั่วโมง,https://storage.googleapis.com/traffy_public_bucket/attachment/2026-09/1788666d09ef9beb65b798c417362469.jpeg
2026-K2HPHN,finish,2026-09-25 10:14,2026-10-06 09:29,100.48507,13.65151,ทุ่งครุ,บางมด,น้ำขังหน้าร้านค้ากระเด็นเข้าร้านกรุณาให้โยทาแก้ไขน้ำขังให้หน่อยนะครับ ความสูงระดับข้อเท้า น้ำท่วมมาแล้วน้อยกว่า 1 ชั่วโมง,https://storage.googleapis.com/traffy_public_bucket/attachment/2026-09/1788666d09ef9beb65b798c417362469.jpeg
2026-UHY4WU,inprogress,2026-09-25 10:14,2026-09-25 13:56,100.65561,13.72418,ประเวศ,ประเวศ,ฝนตกต่อเนื่อง น้ำ ท่วมเข้าบริเวณบ้าน ใกล้เข้าตัวบ้าน ความสูงระดับนอกรั้วหน้าบ้าน เหนือหัวเข่า ในบริเวณบ้าน เหนือตาตุ่ม น้ำท่วมมาแล้วสูงขึ้นตั้งแต่เมื่อคืน ฝนตกต่อเนื่อง,https://storage.googleapis.com/traffy_public_bucket/attachment/2026-09/ab7a3f194113d7eafb6791cfff64d315.jpeg
2026-8KFPKT,inprogress,2026-09-25 10:15,2026-09-25 13:18,100.72978,13.82418,มีนบุรี,มีนบุรี,ริมคลองสามวาน้ำทะลักเข้าบ้านเรือนประชาชนเป็นที่เรียบร้อยแล้วครับ ความสูงระดับเอว น้ำท่วมมาแล้วน้อยกว่า 1 วัน,https://storage.googleapis.com/traffy_public_bucket/attachment/2026-09/d7495cdcaa3943c3c003b457bbcdca3b.jpeg
2026-CGVG36,forward,2026-09-25 10:15,2026-09-26 17:40,100.6837,13.83854,คันนายาว,คันนายาว,น้ำท่วมหนักมากท่วมเข้ามาในบ้านทุกหลังที่อยู่ริมคลอง ความสูงระดับสูงกว่าเอว น้ำท่วมมาแล้วน้อยกว่า 3 ชั่วโมง,https://storage.googleapis.com/traffy_public_bucket/attachment/2026-09/80a3492c4ac30f502ab7ab311884ca91.jpeg
2026-DGPLTA,inprogress,2026-09-25 10:15,2026-09-25 11:43,100.6274,13.78334,วังทองหลาง,คลองเจ้าคุณสิงห์,น้ำท่วม พอจะสามารถ ช่วยมอบกระสอบทรายกันน้ำเข้าบ้านได้ไหมครับ มันมีน้ำสาดและคลื่นจากรถที่ขับไหลผ่าน น้ำเริ่มถ้วมเข้าลานจอด ปัจจุบันมีตู้ปลาหลายใบ มีมูลค่าเครื่องใช้ไฟฟ้าราคาสูง ความสูงระดับ25 ซม. น้ำท่วมมาแล้ว6 ชม,https://storage.googleapis.com/traffy_public_bucket/attachment/2026-09/b40b13cd08a3298cb9d96387d2547ddc.jpeg
2026-UWUDLJ,inprogress,2026-09-25 10:15,2026-09-25 11:10,100.65574,13.76876,บางกะปิ,หัวหมาก,น้ำท่วมบ้านครับ ความสูงระดับหน้าแข้ง น้ำท่วมมาแล้วน้อยกว่า 1 ชั่วโมง,https://storage.googleapis.com/traffy_public_bucket/attachment/2026-09/d6bc3a6f4677f64e4881f100388a1315.jpeg
2026-UWUDLJ,finish,2026-09-25 10:15,2026-10-09 11:22,100.65574,13.76876,บางกะปิ,หัวหมาก,น้ำท่วมบ้านครับ ความสูงระดับหน้าแข้ง น้ำท่วมมาแล้วน้อยกว่า 1 ชั่วโมง,https://storage.googleapis.com/traffy_public_bucket/attachment/2026-09/d6bc3a6f4677f64e4881f100388a1315.jpeg
2026-47ZBC7,forward,2026-09-25 10:16,2026-09-25 13:58,100.62964,13.76634,วังทองหลาง,พลับพลา,น้ำท่วมในซอยลาดพร้าว 130 ซอยย่อยเข้าหมู่บ้านอารียาบุษบา ระดับที่ทำรถยนต์ดับ ความสูงระดับหัวเข่า น้ำท่วมมาแล้วน้อยกว่า 1 วัน,https://storage.googleapis.com/traffy_public_bucket/attachment/2026-09/0014be17ee4afad4d207e8235532f8d6.jpeg
2026-47ZBC7,finish,2026-09-25 10:16,2026-10-09 11:23,100.62964,13.76634,วังทองหลาง,พลับพลา,น้ำท่วมในซอยลาดพร้าว 130 ซอยย่อยเข้าหมู่บ้านอารียาบุษบา ระดับที่ทำรถยนต์ดับ ความสูงระดับหัวเข่า น้ำท่วมมาแล้วน้อยกว่า 1 วัน,https://storage.googleapis.com/traffy_public_bucket/attachment/2026-09/0014be17ee4afad4d207e8235532f8d6.jpeg
2026-3MWV3N,inprogress,2026-09-25 10:17,2026-09-25 17:36,100.64774,13.85211,บางเขน,ท่าแร้ง,น้ำท่วมซอย 61 แยก 12 ท่วมเข้ามาในบ้านด้วยค่ะเนื่องจากฝนตกทั้งคืน ความสูงระดับหน้าแข้ง น้ำท่วมมาแล้วน้อยกว่า 3 ชั่วโมง,https://storage.googleapis.com/traffy_public_bucket/attachment/2026-09/8b345934440123ed35fb0adb2870149c.jpeg
2026-PE6MY8,finish,2026-09-25 10:18,2026-09-28 16:40,100.42457,13.69552,บางแค,บางแค,น้ำท่วมขัง ภายในบ้านที่ต่ำกว่าระดับถนนบางแค7นานเกิน1ชม. ความสูงระดับหน้าแข้ง น้ำท่วมมาแล้วน้อยกว่า 1 ชั่วโมง,https://storage.googleapis.com/traffy_public_bucket/attachment/2026-09/a490bfc9e8ca7cd3765a3ce6b93ab179.jpeg
2026-4EWXCE,inprogress,2026-09-25 10:22,2026-09-25 11:07,100.65705,13.76977,บางกะปิ,หัวหมาก,น้ำกำลังท่วมเข้าบ้าน ความสูงระดับหัวเข่า น้ำท่วมมาแล้วน้อยกว่า 1 วัน,https://storage.googleapis.com/traffy_public_bucket/attachment/2026-09/793baf21948b667b2178d882b80687f4.jpeg
2026-4EWXCE,finish,2026-09-25 10:22,2026-10-09 11:24,100.65705,13.76977,บางกะปิ,หัวหมาก,น้ำกำลังท่วมเข้าบ้าน ความสูงระดับหัวเข่า น้ำท่วมมาแล้วน้อยกว่า 1 วัน,https://storage.googleapis.com/traffy_public_bucket/attachment/2026-09/793baf21948b667b2178d882b80687f4.jpeg
2026-8YX924,finish,2026-09-25 10:22,2026-09-25 11:27,100.5493,13.85164,หลักสี่,ทุ่งสองห้อง,ตอนนี้น้ำเริ่มท่วมเข้าบ้านค่ะ บ้านอยู่ติดคลองลาดยาวค่ะ ความสูงระดับข้อเท้า น้ำท่วมมาแล้วน้อยกว่า 1 ชั่วโมง,https://storage.googleapis.com/traffy_public_bucket/attachment/2026-09/dd83e08622f0ee0c86d1a81fdfbf6d61.jpeg
2026-9L7T2R,inprogress,2026-09-25 10:22,2026-09-25 11:10,100.65705,13.76977,บางกะปิ,หัวหมาก,น้ำกำลังท่วมเข้าบ้าน ความสูงระดับหัวเข่า น้ำท่วมมาแล้วเมื่อคืน,https://storage.googleapis.com/traffy_public_bucket/attachment/2026-09/b4a8d51eac1f63f27108d97cec97a8a5.jpeg
2026-9L7T2R,finish,2026-09-25 10:22,2026-10-09 11:24,100.65705,13.76977,บางกะปิ,หัวหมาก,น้ำกำลังท่วมเข้าบ้าน ความสูงระดับหัวเข่า น้ำท่วมมาแล้วเมื่อคืน,https://storage.googleapis.com/traffy_public_bucket/attachment/2026-09/b4a8d51eac1f63f27108d97cec97a8a5.jpeg
2026-DTHDLL,forward,2026-09-25 10:22,2026-09-25 10:27,100.63304,13.71476,สวนหลวง,สวนหลวง,น้ำท่วมล้นตลิ่ง คลองพระโขนง ช่วงปากคลองจวน ช่วยเร่งระบายน้ำด้วย ความสูงระดับหน้าแข้ง น้ำท่วมมาแล้วน้อยกว่า 1 วัน,https://storage.googleapis.com/traffy_public_bucket/attachment/2026-09/c2ebabd27fae3c14469444623c1dd617.jpeg
2026-BTJGG8,finish,2026-09-25 10:23,2026-09-25 21:48,100.59869,13.66937,บางนา,บางนาใต้,ดิชั้นให้เวลาคุณ 1 ชม. บ้านดิชั้นต้องน้ำแห้ง ไม่ขังแล้วนะคะ เปิดปั๊มตอนกี่โมงคะ ทำไมหน้าบ้านดิชั้น ยังไม่แห้ง! ความสูงระดับข้อเท้า น้ำท่วมมาแล้วน้อยกว่า 3 ชั่วโมง,https://storage.googleapis.com/traffy_public_bucket/attachment/2026-09/d537bc6d36504a9fe3d080b3e6f6a86e.jpeg
2026-3FZ3G6,inprogress,2026-09-25 10:24,2026-09-25 10:50,100.91078,13.84418,หนองจอก,กระทุ่มราย,น้ำท่วมสูง ต้องการทรายกระสอบทราย ด่วน ความสูงระดับหัวเข่า น้ำท่วมมาแล้วน้อยกว่า 1 วัน,https://storage.googleapis.com/traffy_public_bucket/attachment/2026-09/bb80808d885a611fd93af59288c29843.jpeg
2026-GGPDP7,finish,2026-09-25 10:27,2026-09-25 11:28,100.54899,13.86182,หลักสี่,ทุ่งสองห้อง,ฝนตก นำ้ท่วมขังบริเวณหน้าบ้าน ในซอยงามวงศ์วาน43 แยก2-1 ซี่งท่วมเป็นประจำทุกครั้ง ถนนหน้าบ้านเป็นแอ่ง ท่วมเยอะที่สุดในซอย ต้องการฝห้แก้ไขแบบถาวร ความสูงระดับ15 เชน น้ำท่วมมาแล้วครึ่งชม,https://storage.googleapis.com/traffy_public_bucket/attachment/2026-09/3d8ba09a0357e69e918314f538c85b5a.jpeg
2026-VP846G,inprogress,2026-09-25 10:28,2026-09-25 13:54,100.66899,13.72389,ประเวศ,ประเวศ,นำ้ท่วมจะเข้าบ้านแล้วเอาเครื่องสูปนำ้มาลงโซนkที่ค่า ความสูงระดับเหนือเข่า น้ำท่วมมาแล้วน้อยกว่า 1 วัน,https://storage.googleapis.com/traffy_public_bucket/attachment/2026-09/dbebc2e8f3dcbe51aabfd28afd315008.jpeg
2026-4P7M6V,start,2026-09-25 10:38,2026-09-25 11:13,100.79177,13.72001,ลาดกระบัง,ทับยาว,น้ำท่วม ความสูงระดับหน้าแข้ง น้ำท่วมมาแล้วน้อยกว่า 3 ชั่วโมง,https://storage.googleapis.com/traffy_public_bucket/attachment/2026-09/b3f9e24e9a782acbdd70d13cb2ecd4ba.jpeg
2026-BWTNLE,inprogress,2026-09-25 10:44,2026-09-25 20:20,100.70577,13.77245,สะพานสูง,สะพานสูง,น้ำท่วมถนนราษฎร์พัฒนา ทำให้น้ำในโครงการวิซีโอ ระบายไม่ได้ ท่วมขังมาตั้งแต่ 06.00 ความสูงระดับข้อเท้า น้ำท่วมมาแล้วน้อยกว่า 3 ชั่วโมง,https://storage.googleapis.com/traffy_public_bucket/attachment/2026-09/e938ac5736f28f52deed4c02fcf7f749.jpeg
2026-VW6ZF8,inprogress,2026-09-25 10:44,2026-09-25 10:50,100.81652,13.78919,หนองจอก,ลำผักชี,น้ำท่วมสูงถนน สัญจรลำบาก ทำให้คนในพื้นที่เดือดร้อน อาจทำให้ทรัพย์สินเสียหาย ความสูงระดับหัวเข่า น้ำท่วมมาแล้วน้อยกว่า 1 วัน,https://storage.googleapis.com/traffy_public_bucket/attachment/2026-09/thumb_5896a52e06491e1daa1b9759cb3683d2.jpg
2026-AT8ANW,forward,2026-09-25 10:46,2026-09-26 17:40,100.69678,13.79698,คันนายาว,คันนายาว,`ลำรางสาธารณะข้างหมู่บ้าน... ซอยเสรีไทย 52 น้ำสูงมาก ระบายไม่ออก เสี่ยงเอ่อล้นเข้าท่วมพื้นที่` ความสูงระดับข้อเท้า น้ำท่วมมาแล้วน้อยกว่า 3 ชั่วโมง,https://storage.googleapis.com/traffy_public_bucket/attachment/2026-09/ee4b8b65be957dc32dd3c2c20919c289.jpeg
2026-K4UZAZ,inprogress,2026-09-25 10:47,2026-09-25 10:58,100.49504,13.72804,คลองสาน,สมเด็จเจ้าพระยา,น้ำท่วมเข้าบ้าน ภายหลังมีการปรับปรุงถนนหน้าบ้าน ซึ่งไม่เคยท่วมมาก่อน ตอนปี 54 ก็ไม่เคยท่วม เห็นควรตรวจสอบท่อระบายน้ำและปรับปรุงโดยเร่งด่วน ความสูงระดับเข้ามาในตัวบ้านประมาณ 5 cm ครับ น้ำท่วมมาแล้วแล้วก็ในห้องน้ำในบ้านก็ท่วมครับ,https://storage.googleapis.com/traffy_public_bucket/attachment/2026-09/84f890b4aad1efa08018b30d4b7e8515.jpeg
2026-3FTFGB,forward,2026-09-25 10:49,2026-09-26 22:26,100.68815,13.74774,สะพานสูง,สะพานสูง,คุณส่งน้ำมาทางกรุงเทพตะวันออกเวลานี้ไม่ใช่ทุ่งรับน้ำแล้วนะครับมีหมู่บ้านใหญ่ใหญ่สร้างขึ้นเยอะแต่ผมเป็นบ้านเก่าที่อยู่มา 40 ปีต้องเป็นทุ่งรับน้ำกทม. ทั้งจังหวัดไม่ไหวคุณส่งน้ำจากกรุงเทพไปออกฉะเชิงเทราทำไมไม่ส่งน้ำออกทางสุวรรณภูมิมีคลอง รอบสุวรรณภูมิที่ส่งน,https://storage.googleapis.com/traffy_public_bucket/attachment/2026-09/thumb_d5c7813456a20bf416130c8b25b668a8.jpg
2026-72RWYV,inprogress,2026-09-25 10:53,2026-09-25 11:06,100.63713,13.76615,บางกะปิ,คลองจั่น,น้ำท่วมสูงถึงเข่าค่ะเคยท่วมและน้ำไม่ระบายลงคลองแสนแสบค่ะมันเข้ามาตามท่อระบายน้ำเข้าห้องพักค่ะชั้นล่าง ความสูงระดับหัวเข่า น้ำท่วมมาแล้วน้อยกว่า 3 ชั่วโมง,https://storage.googleapis.com/traffy_public_bucket/attachment/2026-09/7996ba9c0cba02469b0a5973aadd4002.jpg
2026-72RWYV,finish,2026-09-25 10:53,2026-10-09 11:25,100.63713,13.76615,บางกะปิ,คลองจั่น,น้ำท่วมสูงถึงเข่าค่ะเคยท่วมและน้ำไม่ระบายลงคลองแสนแสบค่ะมันเข้ามาตามท่อระบายน้ำเข้าห้องพักค่ะชั้นล่าง ความสูงระดับหัวเข่า น้ำท่วมมาแล้วน้อยกว่า 3 ชั่วโมง,https://storage.googleapis.com/traffy_public_bucket/attachment/2026-09/7996ba9c0cba02469b0a5973aadd4002.jpg
2026-WT8BNP,forward,2026-09-25 10:53,2026-09-25 15:01,100.64239,13.82813,บึงกุ่ม,นวลจันทร์,รบกวนเปิดการระบายน้ำในซอยนวลจันทร์ 36 หน่อยค่ะ พอดีน้ำเข้าบ้านแล้วค่ะ ความสูงระดับข้อเท้า น้ำท่วมมาแล้วน้อยกว่า 3 ชั่วโมง,https://storage.googleapis.com/traffy_public_bucket/attachment/2026-09/thumb_2dcb97a60af2085488523730cc9c85dd.jpg
2026-RREG3V,forward,2026-09-25 10:55,2026-09-25 11:27,100.49602,13.77901,บางพลัด,บางยี่ขัน,น้ำท่วม น้ำนอง ขลังทุกครั้งที่ฝนตก ไม่มีท่อระบายน้ำ หลังวางท่อประปาแล้ว ไม่มีท่อระบาย เศษใบไม้ไปอุดตันท่อ ปลูกต้นไม้ยื่นล้ำไม่ตัดตลอดจรัญ52 จอดรถกรีดขวางทาง เปิดบริษัทไม่มีที่จอดรถ จอดกรีดขวางทางรถวิ่งและคนเดินถนน วิ่งรถด้วยความเร็ว เป็นรถกะทะปิดทึบสีขาวว,https://storage.googleapis.com/traffy_public_bucket/attachment/2026-09/06454a7e45e854e75736ca426d74b4fd.jpeg
2026-Y3VJRX,forward,2026-09-25 10:55,2026-09-26 22:25,100.70321,13.78739,สะพานสูง,สะพานสูง,คลองด้านหลังบริษัท สยามอินเตอร์การประมูลน้ำไม่ระบาย ฝนตกหนัก น้ำเอ่อท่วมเข้าในพื้นที่ ได้รับความเสียหายเดือดร้อนครับ ความสูงระดับข้อเท้า น้ำท่วมมาแล้วน้อยกว่า 1 วัน,https://storage.googleapis.com/traffy_public_bucket/attachment/2026-09/de3244d26f2be82a4569b536827b4b3e.jpeg
2026-CTB7MD,finish,2026-09-25 10:59,2026-09-29 18:29,100.58137,13.89267,หลักสี่,ทุ่งสองห้อง,พร่องน้ำในลำรางสาธารณะบริเวณกำแพงเพชร 6 ซอย 5 หมู่บ้านโกสุมนิเวศน์ด้วยครับ ล้นเข้าบ้านแล้ว ความสูงระดับข้อเท้า น้ำท่วมมาแล้วน้อยกว่า 3 ชั่วโมง,https://storage.googleapis.com/traffy_public_bucket/attachment/2026-09/416b3be50be44ae108a1150458758b4d.jpeg
2026-2RJXFN,inprogress,2026-09-25 11:00,2026-09-25 13:52,100.66756,13.73488,ประเวศ,ประเวศ,น้าท่วมสูง ความสูงระดับหน้าแข้ง น้ำท่วมมาแล้วน้อยกว่า 3 ชั่วโมง,https://storage.googleapis.com/traffy_public_bucket/attachment/2026-09/e3af4fea7ed8aa53c01c2f168dae32d8.jpeg
2026-LF3UGU,finish,2026-09-25 11:00,2026-09-30 13:25,100.52756,13.80381,บางซื่อ,บางซื่อ,น้ำท่วมอีก ทำท่อวางท่อใหม่แล้วก็ท่วมอีก ความสูงระดับท่วมถึงล้อรถ ท่วมถึงหน้าแข้ง น้ำท่วมมาแล้วเมื่อคืน,https://storage.googleapis.com/traffy_public_bucket/attachment/2026-09/9b3c5a700ea865aff96c8c83ca83e44b.jpeg
2026-9JBFCR,forward,2026-09-25 11:01,2026-09-26 22:24,100.68987,13.74478,สะพานสูง,สะพานสูง,เรื่องน้ำท่วมขังในชุมชนทับช้างนาลุ่ม น้ำในคลองล้นต้องการให้เปิดประตูระบายน้ำตรงวัดกระทุ่มเสือป่าให้มากกว่าเดิมน้ำไม่มีที่ไปไหลเข้าบ้าน ความสูงระดับหน้าแข้ง น้ำท่วมมาแล้ว9 .ชม.,https://storage.googleapis.com/traffy_public_bucket/attachment/2026-09/7730bc4d67c68c281b54a5ce2a04fadc.jpeg
2026-4H7YM8,finish,2026-09-25 11:03,2026-09-29 18:28,100.57385,13.85764,หลักสี่,ตลาดบางเขน,ขณะนี้น้ำได้เข้าท่วมบ้านเรือนประชาชนจำนวนหลายหลังขอให้ทางหน่วยงานเร่งระบายน้ำคลองบางบัวโดยเร่งด่วนครับ ความสูงระดับประมาณ 50-60 ซม. น้ำท่วมมาแล้ว1 วัน,https://storage.googleapis.com/traffy_public_bucket/attachment/2026-09/014c0451fe6ed6fe573e369f0771fa05.jpeg
2026-R92JNU,forward,2026-09-25 11:03,2026-09-25 20:14,100.65583,13.79529,บึงกุ่ม,คลองกุ่ม,น้ำรอระบายในซอยนวมินทร์ 40 ความสูงระดับข้อเท้า น้ำท่วมมาแล้วน้อยกว่า 3 ชั่วโมง,https://storage.googleapis.com/traffy_public_bucket/attachment/2026-09/b4aa87172f0156f8f328007dbe70aa94.jpeg
2026-VB9YKC,inprogress,2026-09-25 11:04,2026-09-28 12:32,100.59355,13.7194,วัฒนา,พระโขนงเหนือ,ซอย ปรีดี 11 แจ้งเรื่องหลายรอบ เรื่องน้ำท่วมขังกลางซอยถึงท้ายซอย ประชาชนในซอยมีความยากลำบากในการใช้ชีวิตทุกครั้ง ไม่สามารถสัญจรเข้าซอยได้ เดินทางลำบาก เดินเท้าไม่ได้เลย เวลาฝนตกถนนหน้าซอยไม่ได้ท่วม ท่วมแต่ในซอย กลางซอยเป็นต้นไป เคยส่งรูปให้ดู แต่ฝ่ายโยธา,https://storage.googleapis.com/traffy_public_bucket/attachment/2026-09/711544908bde66e9a1ef8c0dd2276ecd.jpeg
2026-V9PYFN,finish,2026-09-25 11:06,2026-09-29 18:28,100.54976,13.85186,หลักสี่,ทุ่งสองห้อง,สวัสดีครับ ขอแจ้งปัญหาน้ำท่วมท้ายซอยงามวงศ์วาน 32 อีกแล้วครับ ตอนนี้ (10.55 น.) บริเวณท้ายซอยงามวงศ์วาน 32 ถูกน้ำล้นจากคลองบางเขนท่วมเอ่อขึ้นมาตามท่อระบายน้ำเรื่อยๆ ตั้งแต่เช้า จนตอนนี้น้ำขึ้นมาท่วมในสูงประมาณ 20-25 ซม. (เข้าบ้านที่อยู่ริมคลองแล้ว) สร้างค,https://storage.googleapis.com/traffy_public_bucket/attachment/2026-09/7814c8d8265feca128d4b0738c20d920.jpeg
2026-46CYNK,forward,2026-09-25 11:08,2026-09-25 14:12,100.64676,13.76595,บางกะปิ,คลองจั่น,น้ำคลองแสนแสบทะลักออกสู่ถนน ปากซอยลาดพร้าว148 ความสูงระดับครึ่งล้อรถจร้า น้ำท่วมมาแล้วแต่เช้ามืด,https://storage.googleapis.com/traffy_public_bucket/attachment/2026-09/85acb3e264b0bcd44d4e584a2cee28fc.jpeg
2026-2FCUWC,inprogress,2026-09-25 11:09,2026-09-25 11:13,100.62682,13.7352,สวนหลวง,สวนหลวง,น้ำท่วมขัง ในซอยพัฒนาการ 40 ความสูงระดับข้อเท้า น้ำท่วมมาแล้วน้อยกว่า 3 ชั่วโมง,https://storage.googleapis.com/traffy_public_bucket/attachment/2026-09/thumb_a4b16bf1c856e01c72af43bf0221bf99.jpg
2026-2FCUWC,finish,2026-09-25 11:09,2026-10-06 11:17,100.62682,13.7352,สวนหลวง,สวนหลวง,น้ำท่วมขัง ในซอยพัฒนาการ 40 ความสูงระดับข้อเท้า น้ำท่วมมาแล้วน้อยกว่า 3 ชั่วโมง,https://storage.googleapis.com/traffy_public_bucket/attachment/2026-09/thumb_a4b16bf1c856e01c72af43bf0221bf99.jpg
2026-6N3XCN,forward,2026-09-25 11:10,2026-09-26 17:41,100.67917,13.82902,คันนายาว,คันนายาว,น้ำท่วมเข้าที่พักอาศัยและโกดังค่ะ ความสูงระดับข้อเท้า น้ำท่วมมาแล้ววันนี้ค่ะ,https://storage.googleapis.com/traffy_public_bucket/attachment/2026-09/3a4f1fb39d568cb196fc7effa68f66f5.jpeg
2026-R33KUT,inprogress,2026-09-25 11:10,2026-09-25 11:42,100.62412,13.79686,วังทองหลาง,คลองเจ้าคุณสิงห์,น้ำท่วมเข้าบ้านแล้วตอนนี้นังไม่ลงเลย ความสูงระดับหน้าแข้ง น้ำท่วมมาแล้วน้อยกว่า 3 ชั่วโมง,https://storage.googleapis.com/traffy_public_bucket/attachment/2026-09/thumb_e8c6095b64a49666f4c0b8199410d7c8.jpg
2026-BRMYM6,finish,2026-09-25 11:11,2026-10-01 15:20,100.42592,13.62244,บางขุนเทียน,แสมดำ,น้ำท่วมถนนตลอด24 ชั่วโมฝ ช่วยด้วย แก้ปัญหาด้วย ตั้งแต่ทำถนน ท่วมตลอด ความสูงระดับเอว น้ำท่วมมาแล้วมากกว่า 1 สัปดาห์,https://storage.googleapis.com/traffy_public_bucket/attachment/2026-09/e29e0ad71f8233bcf6a613e6a98bd90a.jpeg
2026-2NAAN3,finish,2026-09-25 11:12,2026-09-29 13:50,100.39223,13.72442,บางแค,บางแคเหนือ,ปัญหาน้ำขังในซอยเป็นระยะเวลานานหลายปี ทำให้เกิดการสัญจรไปมายากลำบากเวลาฝนตกหนักแปปเดียวก็ขังแล้ว อยากให้ทางกทม.เข้ามาช่วยดูแนวทางการแก้ปัญหาให้หน่อยว่าจะแก้ไขไปในทางไหนได้บ้างครับ ความสูงระดับหัวเข่า น้ำท่วมมาแล้วน้อยกว่า 1 วัน,https://storage.googleapis.com/traffy_public_bucket/attachment/2026-09/ae226989589e39928341dc402e152ccf.jpeg
2026-CMTDTV,finish,2026-09-25 11:13,2026-09-27 09:25,100.56504,13.79394,ดินแดง,ดินแดง,ท่อระบายน้ำอุดตันตรงหน้าบ้าน ทำให้เวลาฝนตก น้ำไหลย้อนเข้าท่วมบ้าน ความสูงระดับถ้าฝนตกหนัก สูบน้ำออกไม่ทันก็ท่วมเข้าบ้านเกินข้อเท้า น้ำท่วมมาแล้วเป็นแบบนี้มานานหลายปีแล้ว มันเป็นปัญหาที่ท่อนี้ท่อเดียวในซอย ท่ออื่นไม่เป็น และท่อนี้ดันอยู่ตรงหน้าบ้านพอดี อยา,https://storage.googleapis.com/traffy_public_bucket/attachment/2026-09/8ceceb0542bfcf5d427301f513693e33.jpeg
2026-CY33WA,forward,2026-09-25 11:14,2026-09-25 14:11,100.73872,13.73697,ลาดกระบัง,คลองสองต้นนุ่น,อยากให้เร่งระบายน้ำออกทางไหนก็ได้ให้น้ำยุบลงบ้างคลองสองต้นนุ่นเขตลาดกระบัง ที่บ้านมีคนแก่ตอนนี้เครียดมากน้ำเข้าบ้านแล้ว ความสูงระดับหัวเข่า น้ำท่วมมาแล้วน้อยกว่า 1 วัน,https://storage.googleapis.com/traffy_public_bucket/attachment/2026-09/e0502fa35fe4cb185c924bb8a64084f8.jpeg
2026-GMTF7K,finish,2026-09-25 11:17,2026-09-30 14:06,100.55452,13.74419,วัฒนา,คลองเตยเหนือ,น้ำท่วมบริเวณทางเข้าโรงแรม!! ความสูงระดับข้อเท้า น้ำท่วมมาแล้วน้อยกว่า 3 ชั่วโมง,https://storage.googleapis.com/traffy_public_bucket/attachment/2026-09/f649202f7c0bdaa812a872c3198b15c2.jpeg
2026-RRTTBJ,inprogress,2026-09-25 11:19,2026-09-25 19:18,100.40351,13.76286,ทวีวัฒนา,ศาลาธรรมสพน์,น้ำท่วม ความสูงระดับหน้าแข้ง น้ำท่วมมาแล้วน้อยกว่า 3 ชั่วโมง,https://storage.googleapis.com/traffy_public_bucket/attachment/2026-09/b96a4bf5be26d5d61fe43bf2542840c3.jpeg
2026-JLWLP2,inprogress,2026-09-25 11:21,2026-09-25 17:42,100.59512,13.74885,ห้วยขวาง,บางกะปิ,ปัญหา: ภายในซอยดังกล่าว ปัจจุบันพบน้ำเต็มบ่อพัก เกรงว่าหากมีฝนตกลงมาอีกจะทำให้เกิดน้ำท่วมขัง จึงขอให้เจ้าหน้าที่ที่เกี่ยวข้องตรวจสอบการระบายน้ำในคลองเขมร และตรวจสอบท่อระบายน้ำว่ามีการอุดตันหรือไม่ เนื่องจากก่อนหน้านี้มีเจ้าหน้าที่เข้าดำเนินการลอกท่อระบายน,https://storage.googleapis.com/traffy_public_bucket/attachment/2022-12/da2125e781282589d482070c3dba1726aa16a4a7.jpg
2026-CG3FMY,inprogress,2026-09-25 11:27,2026-09-25 12:00,100.62415,13.79686,วังทองหลาง,คลองเจ้าคุณสิงห์,น้ำท่วมขังและท่วมเข้าบ้านห้องนอน 3-4 ชม ความสูงระดับข้อเท้า น้ำท่วมมาแล้วน้อยกว่า 3 ชั่วโมง,https://storage.googleapis.com/traffy_public_bucket/attachment/2026-09/thumb_5b0ebe1927071c6d0d4b10775b604707.jpg
2026-G6237R,inprogress,2026-09-25 11:31,2026-09-25 17:43,100.57932,13.79326,ห้วยขวาง,สามเสนนอก,วัฒนานิเวศน์ซอย1 ยังมีน้ำท่วมขังอยู่ ความสูงระดับ2เซนต์ได้ แต่ท่วมยาวตลอด น้ำท่วมมาแล้วทั้งคืนจนถึงตอนนี้ ซอยอื่นเค้าแห้งกันหมดแล้วค่ะ เกลืหซอยนี้ซอยเดียว,https://storage.googleapis.com/traffy_public_bucket/attachment/2026-09/1a9ac80bd01bd1e99dc0ed2caa3a5bed.jpeg
2026-2MR7PR,finish,2026-09-25 11:33,2026-10-05 15:37,100.6346,13.75581,บางกะปิ,หัวหมาก,ซ.รามคำแหง 30/1 น้ำท่วมสูง อยากให้ช่วยลอกท่อใหม่ รถลุยน้ำได้รับความเสียหาย ความสูงระดับที่เจอตั้งแต่ 8โมงเช้าวันนี้ น้ำท่วมมาแล้วน้อยกว่า 3 ชั่วโมง,https://storage.googleapis.com/traffy_public_bucket/attachment/2026-09/6128637171e6150abedf38d55a0db422.jpeg
2026-4X9684,inprogress,2026-09-25 11:33,2026-09-25 12:03,100.62427,13.79639,วังทองหลาง,คลองเจ้าคุณสิงห์,น้ำท่วมขังและเข้าภายในบริเวณบ้านพัก ความสูงระดับข้อเท้า น้ำท่วมมาแล้วน้อยกว่า 3 ชั่วโมง,https://storage.googleapis.com/traffy_public_bucket/attachment/2026-09/thumb_d7c34f79880275df4a789464a0a42b3c.jpg
2026-7EYRN8,inprogress,2026-09-25 11:33,2026-09-25 16:16,100.42145,13.64122,บางขุนเทียน,แสมดำ,ปัญหาน้ำท่วมซ้ำซากบริเวณรอบรอบชุมชนการเคหะโครงการหนึ่งส่วนสี่ ความสูงระดับหน้าแข้ง น้ำท่วมมาแล้วน้อยกว่า 1 ชั่วโมง,https://storage.googleapis.com/traffy_public_bucket/attachment/2026-09/321a6edf46c1cfe76d03129c851502cf.jpeg
2026-RW3Y88,forward,2026-09-25 11:34,2026-09-25 13:37,100.55996,13.78598,พญาไท,สามเสนใน,ที่จริงตำแหน่งคือเลยสำนักงานขึ้นมาอีกนิดนึงตรงข้ามป้ายรถเมล์ที่เป็นสีเหลืองใหญ่ใหญ่หน้ามหาวิทยาลัยเกษตรศาสตร์ช่องเลนทางด้านขวาจะมีน้ำขังอยู่เป็นประจำเวลารถวิ่งมาเร็วเร็วจะอันตรายมากเลยเพราะไม่สามารถหลบโดยเบี่ยงไปทางซ้ายได้เพราะก็จะมีรถมาจากช่องเลนทางซ้าย ,https://storage.googleapis.com/traffy_public_bucket/attachment/2026-09/thumb_de4b0868372c3c3aadfa254601c583dc.jpg
2026-66JCBW,follow,2026-09-25 11:35,2026-10-03 12:27,100.61469,13.86831,บางเขน,อนุสาวรีย์,น้ำท่วมขังหน้าบ้าน เข้าออกไม่ได้ ความสูงระดับข้อเท้า น้ำท่วมมาแล้วน้อยกว่า 3 ชั่วโมง,https://storage.googleapis.com/traffy_public_bucket/attachment/2026-09/168e499a04edf52616e9dfed72b1ef73.jpeg
2026-2M6ABM,inprogress,2026-09-25 11:36,2026-09-25 13:50,100.69537,13.66289,ประเวศ,ดอกไม้,ปัญหาน้ำท่วมขัง แม้ฝนจะตกนิดหน่อย ก็เป็นปัญหา เป็นแอ่งน้ำอยู่ตรงที่เดียว พอสอบถามเข้าไปที่ สำนักงานเขตประเวศว่า ทำไมถึงไม่เทพื้นให้เสมอกัน เจ้าหน้าแจ้งกลับมาว่า ` งบหมด` ที่ตรงนี้ เลยไม่ได้รับการแก้ไข ให้น้ำรถที่สัญจรไปมา พร้อมกับคนที่เดินบทฟุตบาท และร้าน,https://storage.googleapis.com/traffy_public_bucket/attachment/2026-09/d73362d40192ba41298b6e19688d172d.jpeg
2026-2RLF9N,finish,2026-09-25 11:36,2026-09-29 18:26,100.5484,13.86443,หลักสี่,ทุ่งสองห้อง,น้ำท่วมหลายรอบแล้ว ปัญหาเดิม ๆ ทำไมแก้ไม่หายซักที ความสูงระดับหน้าแข้ง น้ำท่วมมาแล้วน้อยกว่า 3 ชั่วโมง,https://storage.googleapis.com/traffy_public_bucket/attachment/2026-09/80f2230bf2006e7547f862c7ef53582e.jpeg
2026-DJVT6M,inprogress,2026-09-25 11:38,2026-09-25 14:03,100.63398,13.7705,บางกะปิ,คลองจั่น,น้ำท่วมถนนภายในซอย น้ำค่อนข้างลึก รถติดมาก ความสูงระดับครึ่งล้อรถยนต์ น้ำท่วมมาแล้วตั้งแต่เช้า,https://storage.googleapis.com/traffy_public_bucket/attachment/2026-09/f1d7489816d2262eba4dee118460287e.jpeg
2026-DJVT6M,finish,2026-09-25 11:38,2026-10-09 11:26,100.63398,13.7705,บางกะปิ,คลองจั่น,น้ำท่วมถนนภายในซอย น้ำค่อนข้างลึก รถติดมาก ความสูงระดับครึ่งล้อรถยนต์ น้ำท่วมมาแล้วตั้งแต่เช้า,https://storage.googleapis.com/traffy_public_bucket/attachment/2026-09/f1d7489816d2262eba4dee118460287e.jpeg
2026-A6F84E,finish,2026-09-25 11:41,2026-09-29 18:27,100.58677,13.87806,หลักสี่,ตลาดบางเขน,น้ำท่วมบ้านแล้วครับ น้ำเข้ามาขังในบ้านแล้วครับ ความสูงระดับข้อเท้าครับ น้ำท่วมมาแล้วเช้านี้ครับ,https://storage.googleapis.com/traffy_public_bucket/attachment/2026-09/fc33a27a31db01ffbd20e70f0ac20a89.jpeg
2026-L23HMF,finish,2026-09-25 11:41,2026-09-30 16:32,100.63432,13.67285,บางนา,บางนาเหนือ,สวัสดีค่ะ เนื่องจากมีการสร้างตึกใกล้เคียงกับคอนโด ทำให้มีน้ำท่วมขังเมื่อมีฝนตกลงมา และได้รับแจ้งว่าบ้านข้างเคียง มีน้ำท่วมขังเช่นกันค่ะ ความสูงระดับหน้าแข้ง น้ำท่วมมาแล้วตั้งแต่มีโครงการก่อสร้างตึกด้านข้างค่ะ และถ้าฝนตกก็จะท่วมทันทีค่ะ,https://storage.googleapis.com/traffy_public_bucket/attachment/2026-09/d27ec161b9f26e4c9381550c95cf880d.jpeg
2026-NTPRFZ,inprogress,2026-09-25 11:42,2026-09-25 13:45,100.6556,13.72401,ประเวศ,ประเวศ,ฝนตก ถนนในซอยพัฒนาการ 78 ต่ำกว่าถนนใหญ่ ฝนตกแช่ น้ำท่วม เลยฟุตบาท จะเข้าบ้านแล้ว ช้วยระบายน้ำ ขอปั๊ม ความสูงระดับข้อเท้า น้ำท่วมมาแล้วน้อยกว่า 1 วัน,https://storage.googleapis.com/traffy_public_bucket/attachment/2026-09/6ed61fab1b25bd33854b9eb57545363c.jpeg
2026-ULJXAG,forward,2026-09-25 11:42,2026-09-25 12:17,100.57792,13.79017,ห้วยขวาง,สามเสนนอก,มีการปิดคลองก่อสร้าง(ไม่ติดประกาศ)ทำให้น้ำในท่อระบายช้ามาก ความสูงระดับข้อเท้า น้ำท่วมมาแล้วน้อยกว่า 3 ชั่วโมง,https://storage.googleapis.com/traffy_public_bucket/attachment/2026-09/030b3719ef3e92de11023c5262c4e74f.jpeg
2026-TKYYHC,finish,2026-09-25 11:44,2026-09-29 18:27,100.55182,13.87116,หลักสี่,ทุ่งสองห้อง,ฝนตก น้ำท่วมขังเนื่องจากปากท่อระบายน้ำอยู่ต่ำกว่าถนนที่ทำใหม่ ทำให้น้ำขังไม่ลงแต่พื้นถนนใหม่ ไม่มีน้ำ ท่อระบายน้ำถนนอยู่สูง น้ำในซอยไม่ไหลลงท่อ ท่วมขังออกจากบ้านไม่ได้ น้ำสูงประมาณ 10 กว่าเซนติเมตร ประมาณ ครึ่งหน้าแข้ง ความสูงระดับประมาณ 1 ไม้บรรทัด ครึ่ง,https://storage.googleapis.com/traffy_public_bucket/attachment/2026-09/23e15b815aba500efad98c24b9d844b6.jpeg
2026-TPB3YK,inprogress,2026-09-25 11:44,2026-09-25 17:40,100.60442,13.87185,บางเขน,อนุสาวรีย์,น้ำท่วมขัง เข้าบ้าน น้ำในคลองสูงกว่าถนน ไม่รีบเร่งระบายน้ำตั้งแต่สองวันก่อน น้ำในคลองควรพร่องน้ำให้เห็นพื้นดิน ความสูงระดับข้อเท้า น้ำท่วมมาแล้วน้อยกว่า 3 ชั่วโมง,https://storage.googleapis.com/traffy_public_bucket/attachment/2026-09/1ddec40403778595f58ffbddcf2657dd.jpeg
2026-TPB3YK,finish,2026-09-25 11:44,2026-10-09 07:23,100.60442,13.87185,บางเขน,อนุสาวรีย์,น้ำท่วมขัง เข้าบ้าน น้ำในคลองสูงกว่าถนน ไม่รีบเร่งระบายน้ำตั้งแต่สองวันก่อน น้ำในคลองควรพร่องน้ำให้เห็นพื้นดิน ความสูงระดับข้อเท้า น้ำท่วมมาแล้วน้อยกว่า 3 ชั่วโมง,https://storage.googleapis.com/traffy_public_bucket/attachment/2026-09/1ddec40403778595f58ffbddcf2657dd.jpeg
2026-RCG9NB,finish,2026-09-25 11:46,2026-09-25 13:30,100.62352,13.89493,สายไหม,คลองถนน,พบปัญหาฝนตกน้ำท่วมขังหนัก ตั้งแต่มีการทำถนนและวางท่อระบายน้ำใหม่ (เครื่องสูบน้ำไฟฟ้าเอสแบค) เจ้าหน้าที่แจ้งว่าทำงานอัตโนมัติ แต่ทุกครั้งที่ฝนตกและน้ำท่วมเครื่องสูบน้ำไม่ทำงาน หมู่บ้านโดนน้ำท่วมตลอดต้องมีการโทรให้เจ้าหน้าที่มาเปิดเครื่องทุกครั้ง จึงทำให้ไม,https://storage.googleapis.com/traffy_public_bucket/attachment/2026-09/1b0683a1061b50b7bad346cf32fb6ffd.jpeg
2026-XZJPZA,finish,2026-09-25 11:46,2026-09-29 15:35,100.53142,13.82336,บางซื่อ,วงศ์สว่าง,เข้าซอย กรุงเทพ - นนทบุรี 31 มีองค์การสงเคราะห์ทหารผ่านศึกอยู่ด้านขวา เลยไปมีสามแยก ตรงนั้น เป็นพื้นที่ระดับต่ำ น้ำท่วมสูง เป็นที่รวมกองขยะ ทำให้ถังขยะ เศษขยะ ลอย ความสูงระดับประมาณ 30 ซม น้ำท่วมมาแล้วน้อยกว่า 3 ชั่วโมง,https://storage.googleapis.com/traffy_public_bucket/attachment/2026-09/3247a7fa5d1a9007662234060ff2932a.jpeg
2026-937FDH,inprogress,2026-09-25 11:47,2026-09-25 16:16,100.41349,13.64346,บางขุนเทียน,แสมดำ,ฝนตกน้ำท่วมประจำครับ ความสูงระดับข้อเท้า น้ำท่วมมาแล้วน้อยกว่า 3 ชั่วโมง,https://storage.googleapis.com/traffy_public_bucket/attachment/2026-09/f4e5553a697132af6a0c71de397f0449.jpeg
2026-BM6UWD,inprogress,2026-09-25 11:47,2026-09-25 12:00,100.62259,13.78384,วังทองหลาง,คลองเจ้าคุณสิงห์,น้ำจะเข้าบ้านละครับท่าน ผมเลือกท่านมาเป็นผู้ว่านะครับ หมู่บ้านเก่าพื้นปาร์เก้ เมื่อก่อนคือหมู่บ้าน ประชากรไท เดี๋ยวนี้เป็นชุมชน มี450 หลัง เพราะประธานไปยกให้เขตวังทองหลางไปแล้ว ความสูงระดับหน้าแข้ง น้ำท่วมมาแล้วน้อยกว่า 1 วัน,https://storage.googleapis.com/traffy_public_bucket/attachment/2026-09/bb6387538ea4c58d71ef61a1fcdfd42e.jpeg
2026-ETPRVC,forward,2026-09-25 11:48,2026-09-26 06:47,100.4265,13.77328,ตลิ่งชัน,บางระมาด,สวัสดีครับ ตั้งแต่มีการปรับปรุงทางเท้า และถนนสาย1 บริเวณหน้าหมู่บ้านชีวาวัลย์ ผู้รับเหมามีการกลบปิดท่อระบายน้ำของที่ผมไป ซึ่งตอนนี้ฝนตกน้ำท่วม ไม่มีการระบายออกครับ ต้องรอการซึมลงดินซึ่งใช้เวลาหลายวันครับ ความสูงระดับข้อเท้าครับ น้ำท่วมมาแล้วมากกว่า 1 สัปด,https://storage.googleapis.com/traffy_public_bucket/attachment/2026-09/fa77b80227b2c3bce30193161dfdefa8.jpeg
2026-KP6ZTT,inprogress,2026-09-25 11:49,2026-09-29 15:46,100.71272,13.82643,คลองสามวา,บางชัน,ช่วยมาดูซ.มบพร้อมพัฒน์ 2 ช่วงออกหทัยราษฎร์ 39 ด้วยค่ะ ตอนนี้น้ำท่วมสูงแล้วค่ะ ความสูงระดับหัวเข่า น้ำท่วมมาแล้วน้อยกว่า 3 ชั่วโมง,https://storage.googleapis.com/traffy_public_bucket/attachment/2026-09/4e3e943ce5d9499d2dc12ef6ebc6fac0.jpeg
2026-KP6ZTT,follow,2026-09-25 11:49,2026-10-08 21:44,100.71272,13.82643,คลองสามวา,บางชัน,ช่วยมาดูซ.มบพร้อมพัฒน์ 2 ช่วงออกหทัยราษฎร์ 39 ด้วยค่ะ ตอนนี้น้ำท่วมสูงแล้วค่ะ ความสูงระดับหัวเข่า น้ำท่วมมาแล้วน้อยกว่า 3 ชั่วโมง,https://storage.googleapis.com/traffy_public_bucket/attachment/2026-09/4e3e943ce5d9499d2dc12ef6ebc6fac0.jpeg
2026-PZZ8JW,start,2026-09-25 11:53,2026-09-25 12:47,100.73591,13.72038,ลาดกระบัง,ลาดกระบัง,ช่วยพ่องน้ำออกจากซอยหน่อยได้ไหมคะกดชักโครกไม่ลงค่ะน้ำท่วมสูงค่ะสูงประมาณเกือบ 30 เซนต์ ความสูงระดับ20-30ซม น้ำท่วมมาแล้วตั้งแต่เมื่อคืน,https://storage.googleapis.com/traffy_public_bucket/attachment/2026-09/4b97edf0dc9be45c255e0f29f9584e74.jpeg
2026-DK8FXT,forward,2026-09-25 11:55,2026-09-28 13:37,100.54758,13.8301,จตุจักร,จตุจักร,ขอให้ดำเนินการตรวจสอบแก้ไขปัญหาน้ำท่วมขังผิวจราจรบนสะพานรัชวิภา เนื่องจากเวลาฝนตกน้ำจะท่วมขังผิวถนนทำให้รถเล็กสัญจรลำบากและเสี่ยงต่อการเกิดอุบัติเหตุได้ จึงขอให้เร่งดำเนินการตรวจสอบและแก้ไขเพื่อบรรเทาความเดือดร้อนของประชาชนต่อไป ความสูงระดับหน้าแข้ง น้ำท่,https://storage.googleapis.com/traffy_public_bucket/attachment/2026-09/2b0e4f803fdd1952ed64b9dea829efbf.jpeg
2026-3VAYRX,inprogress,2026-09-25 11:56,2026-09-25 12:01,100.62259,13.78384,วังทองหลาง,คลองเจ้าคุณสิงห์,ไม่เป็นไรครับ เดี๋ยวคงลง(น้ำ แต่ตอนนี้ มันเริ่มเข้าบ้าน ปาเก้ลอย) ความสูงระดับหน้าแข้ง น้ำท่วมมาแล้วน้อยกว่า 1 วัน,https://storage.googleapis.com/traffy_public_bucket/attachment/2026-09/536f92fccaa437424d431c8824b896e6.jpeg
2026-496KFV,finish,2026-09-25 11:56,2026-10-01 14:25,100.58446,13.87133,หลักสี่,ตลาดบางเขน,มีการก่อสร้างปิดทางท่อระบายน้ำเพื่อลงสู่คลองค่ะ ตอนนี้น้ำเอ่อท่วม ความสูงระดับในซอยวิภาวดี64 แยก13 ก่อนถึงบ้านกลางเมือง ค่ะ ตอนนี้เริ่มเอ่อท่วม น้ำท่วมมาแล้วเพราะด้านหลังมีการก่อสร้างปิดทางไหลของน้ำลงท่อ ค่ะ,https://storage.googleapis.com/traffy_public_bucket/attachment/2026-09/thumb_0f6d61ad5b5255f67e7a63b4e9e036f8.jpg
2026-DX2EA3,inprogress,2026-09-25 11:56,2026-09-28 12:52,100.67247,13.83473,คันนายาว,รามอินทรา,มีต้นไม้ในลำรางขึ้นสูง ในช่วงหน้าฝนทำให้การระบายน้ำไหลไม่สะดวกและได้พบงูเลื้อยจากต้นไม้ในลำรางขึ้นมาบนกำแพงเข้ามา รบกวนช่วยให้เขตคันนายาวมาทำการลอกลำรางให้ด้วยครับ ความสูงระดับสูงกว่าเอว น้ำท่วมมาแล้วมากกว่า 1 สัปดาห์,https://storage.googleapis.com/traffy_public_bucket/attachment/2026-09/3aa11b0792aaa0ed511939c3a6bede27.jpeg
2026-F728UA,start,2026-09-25 12:00,2026-09-25 12:48,100.71863,13.76977,ลาดกระบัง,คลองสองต้นนุ่น,เนื่องจากพื้นที่ใกล้เคียงเป็นบ่อลึก มีน้ำท่วมขังสูง เกือบมิดหัว เป็นบริเวณกว้าง ส่งผลกระทบให้น้ำเข้าภายในบ้าน และกัดเซาะใต้ดินทำให้โครงสร้างได้รับความเสียหาย หนักมาก ต้องการให้ทางเจ้าหน้าที่ที่เกี่ยวข้องติดต่อเจ้าของพื้นที่ ให้เข้ามาดำเนินการสูบน้ำและตรว,https://storage.googleapis.com/traffy_public_bucket/attachment/2026-09/c8d2a5c0b97f3d6b3e6fce0141af9058.jpeg
2026-6EXL4P,inprogress,2026-09-25 12:04,2026-09-25 17:40,100.58676,13.85856,บางเขน,อนุสาวรีย์,น้ำท่วมขัง ความสูงระดับหน้าแข้ง น้ำท่วมมาแล้วน้อยกว่า 3 ชั่วโมง,https://storage.googleapis.com/traffy_public_bucket/attachment/2026-09/thumb_40f99563d938825e4de172621f8d6f2d.jpg
2026-6EXL4P,finish,2026-09-25 12:04,2026-10-07 11:25,100.58676,13.85856,บางเขน,อนุสาวรีย์,น้ำท่วมขัง ความสูงระดับหน้าแข้ง น้ำท่วมมาแล้วน้อยกว่า 3 ชั่วโมง,https://storage.googleapis.com/traffy_public_bucket/attachment/2026-09/thumb_40f99563d938825e4de172621f8d6f2d.jpg
2026-EM7KX4,forward,2026-09-25 12:06,2026-09-30 13:42,100.70053,13.82129,คลองสามวา,บางชัน,น้ำท่วมขังเข้ามาในบ้าน ช่วยมาจัดการเรื่องระบายน้ำ ความสูงระดับ10cm น้ำท่วมมาแล้วน้อยกว่า 3 ชั่วโมง,https://storage.googleapis.com/traffy_public_bucket/attachment/2026-09/a9eeaf74075e72d5ba252e3c84da1774.jpeg
2026-FVUE4F,inprogress,2026-09-25 12:06,2026-09-25 20:25,100.68556,13.76021,สะพานสูง,สะพานสูง,ซอยรามคำแหง 118 แยก 61 น้ำท่วมสูงมากเลยค่ะ ขอให้เจ้าหน้าที่ที่เกี่ยวข้องช่วยมาดูแลแก้ไขให้ทีค่ะ ความสูงระดับหน้าแข้ง น้ำท่วมมาแล้วน้อยกว่า 1 วัน,https://storage.googleapis.com/traffy_public_bucket/attachment/2026-09/473f00b05a0b9ed1dce41105836b33c9.jpeg
2026-AZTYT4,forward,2026-09-25 12:13,2026-09-25 13:40,100.64904,13.66803,บางนา,บางนาเหนือ,น้ำท่วมขัง ความสูงระดับฟุตบาท น้ำท่วมมาแล้วน้อยกว่า 1 วัน,https://storage.googleapis.com/traffy_public_bucket/attachment/2026-09/82b57b1bc4adce7a352704d5f547e5ea.jpeg
2026-AZEKW2,forward,2026-09-25 12:14,2026-09-30 13:51,100.69896,13.8602,คลองสามวา,บางชัน,น้ำท่วมเยอะมาก เนื่องจากพื้นที่ต่ำกว่าถนน และท่อระบายน้ำสาธารณะ ดันน้ำเข้าออฟฟิต ท่อตันด้วย ความสูงระดับ10 ซม ที่เข้าออฟฟิต น้ำท่วมมาแล้วน้อยกว่า 3 ชั่วโมง,https://storage.googleapis.com/traffy_public_bucket/attachment/2026-09/55c68fb4139cc700107844d375a65dc9.jpeg
2026-VJ4RUM,start,2026-09-25 12:14,2026-09-25 12:48,100.73868,13.72229,ลาดกระบัง,ลาดกระบัง,การจราจรเคลื่อนตัวได้ยาก น้ำขังระบายไม่ทัน ติดตั้งแต่แยกกิ่งแก้ว มาร์เก็ตแลนด์ ยาวไปถึงพาซิโอลาดกระบัง ความสูงระดับหน้าแข้ง น้ำท่วมมาแล้วน้อยกว่า 3 ชั่วโมง,https://storage.googleapis.com/traffy_public_bucket/attachment/2026-09/df7ccc55f0f7f0cbd704eed83b0c3200.jpeg
2026-X6GP2H,inprogress,2026-09-25 12:14,2026-09-25 17:40,100.62924,13.87972,บางเขน,ท่าแร้ง,ช่วยแก้ไข น้ำท่วม ถนน ในซอย เทพรักษ์ 51 เนื่อง จากตำกว่า ถนนหลัก ใน หมู่บ้าน อนันต์สุขสันต์ ความสูงระดับ40cm. จะตกมากหรือ น้อย ก็ท่วม อยู่ดี ครับ น้ำท่วมมาแล้วน้อยกว่า 1 สัปดาห์,https://storage.googleapis.com/traffy_public_bucket/attachment/2026-09/d62c7a8e3591e27caa40a3491dfe58aa.jpeg
2026-6BLHDJ,inprogress,2026-09-25 12:17,2026-09-25 17:41,100.67387,13.86044,บางเขน,ท่าแร้ง,ฝนตกน้ำท่วมตลอด ความสูงระดับข้อเท้า น้ำท่วมมาแล้วน้อยกว่า 1 วัน,https://storage.googleapis.com/traffy_public_bucket/attachment/2026-09/d92eaefb8a48f50b8cab3ecc8b26f9b3.jpeg
2026-D4TUKU,forward,2026-09-25 12:17,2026-09-26 22:23,100.70371,13.7525,สะพานสูง,สะพานสูง,น้ำท่วมเข้าบ้านเนื่องจากเป็นบ้านอยู่ติดคลองทับช้างบน สูงประมาณข้อเท้า มีแนวโน้มสูงขึ้นเนื่องจากฝนไม่หยุดตก ความสูงระดับข้อเท้า น้ำท่วมมาแล้วน้อยกว่า 3 ชั่วโมง,https://storage.googleapis.com/traffy_public_bucket/attachment/2026-09/fcfcea350e4e3cb1459aa20488da8989.jpeg
2026-D4TUKU,follow,2026-09-25 12:17,2026-09-26 22:23,100.70371,13.7525,สะพานสูง,สะพานสูง,น้ำท่วมเข้าบ้านเนื่องจากเป็นบ้านอยู่ติดคลองทับช้างบน สูงประมาณข้อเท้า มีแนวโน้มสูงขึ้นเนื่องจากฝนไม่หยุดตก ความสูงระดับข้อเท้า น้ำท่วมมาแล้วน้อยกว่า 3 ชั่วโมง,https://storage.googleapis.com/traffy_public_bucket/attachment/2026-09/fcfcea350e4e3cb1459aa20488da8989.jpeg
2026-NXUZ4P,forward,2026-09-25 12:19,2026-09-25 12:20,100.63353,13.7634,บางกะปิ,หัวหมาก,ช่วยระบายน้ำคลองแสนแสบด้วย เพราะล้นแล้ว ตรงท่าเรือลงไปยืนไม่ได้เพราะจมน้ำ ความสูงระดับข้อเท้า น้ำท่วมมาแล้วในซอยตรงสุเหร่าคลองจั่น น้ำล้นเข้าท้ายหมู่บ้าน ประมาณข้อเท้า,https://storage.googleapis.com/traffy_public_bucket/attachment/2026-09/thumb_e2edbb998b638cb64bab2e721971b627.jpg
2026-PM2JC2,forward,2026-09-25 12:19,2026-09-25 17:25,100.554,13.74849,ราชเทวี,มักกะสัน,น้ำท่วม ความสูงระดับหน้าแข้ง น้ำท่วมมาแล้วน้อยกว่า 3 ชั่วโมง,https://storage.googleapis.com/traffy_public_bucket/attachment/2026-09/29c7db99dc84ce2b1e95b0b6bfee31d8.jpeg
2026-HRVM4P,inprogress,2026-09-25 12:21,2026-09-25 14:06,100.62748,13.78334,วังทองหลาง,คลองเจ้าคุณสิงห์,น้ำจะเข้าบ้านแล้ว ความสูงระดับจะเข้าบ้านแล้วครับ จะเข้ามาช่วยเหลือได้เมื่อไหร่ครับ น้ำท่วมมาแล้ว6 ชม.,https://storage.googleapis.com/traffy_public_bucket/attachment/2026-09/0ca366bbc50917e9f486733e6ce826cb.jpeg
2026-KPT7TD,inprogress,2026-09-25 12:22,2026-09-25 14:07,100.62208,13.79672,วังทองหลาง,คลองเจ้าคุณสิงห์,น้ำท่วมมาหลายชั่วโมงแล้ว ตรงนี้ถนนจะต่ำกว่าถนนด้านที่ทำใหม่ ความสูงระดับหน้าแข้ง น้ำท่วมมาแล้วน้อยกว่า 1 วัน,https://storage.googleapis.com/traffy_public_bucket/attachment/2026-09/d6993d56ea8b508803d7bc1c3dd7b098.jpeg
2026-8JLAGV,inprogress,2026-09-25 12:25,2026-09-25 13:53,100.61613,13.7611,บางกะปิ,หัวหมาก,น้ำท่วมขับตีนสะพาน ทุกปีช่วงหน้าฝน ไม่คิดจะหาทางแก้หน่อยหรอ หรือแก้ไม่ได้ต้องปล่อยไว้แบบนี้ ความสูงระดับประมาณเข่า น้ำท่วมมาแล้วก็วันที่ฝนตก มันถึงจะท่วม ไม่ได้ท่วมทุกวัน,https://storage.googleapis.com/traffy_public_bucket/attachment/2026-09/fd07cf9273889b7947ca6030d7b8e8a3.jpeg
2026-TJKKK2,finish,2026-09-25 12:25,2026-09-30 21:33,100.59643,13.8108,ลาดพร้าว,ลาดพร้าว,น้ำท่วมขัง ทุกครั้งที่ฝนตก ท่วมอยู่ซอยเดียว ความสูงระดับหน้าแข้ง น้ำท่วมมาแล้วน้อยกว่า 3 ชั่วโมง,https://storage.googleapis.com/traffy_public_bucket/attachment/2026-09/5096ea65768caf30b0393c643cbcbfa6.jpeg
2026-WFCNZX,forward,2026-09-25 12:25,2026-09-25 13:10,100.58226,13.84011,จตุจักร,เสนานิคม,น้ำท่วมขังไม่ระบาย ความสูงระดับมีสิ่งอุดตันรูระบายน้ำ ท่วมถึงข้อเท้า น้ำท่วมมาแล้วน้อยกว่า 1 ชั่วโมง,https://storage.googleapis.com/traffy_public_bucket/attachment/2026-09/886f8c2644416a1b76b33c92499de802.jpeg
2026-MYU2GE,inprogress,2026-09-25 12:27,2026-09-25 20:28,100.68693,13.76204,สะพานสูง,สะพานสูง,น้ำท่วมโรงเรียนครับ ความสูงระดับหน้าแข้ง น้ำท่วมมาแล้วน้อยกว่า 1 วัน,https://storage.googleapis.com/traffy_public_bucket/attachment/2026-09/199412a2bbe29f9120d808369b16d4e5.jpeg
2026-7DNBGN,forward,2026-09-25 12:29,2026-09-26 22:23,100.70141,13.74679,สะพานสูง,สะพานสูง,บ้านของดิฉันอยู่ริมคลองทับช้างคลองบน แขวงทับช้าง สะพานสูง ชุมชนทับช้างคลองบน ขณะนี้น้ำจากคลองล้นตลิ่งเข้าท่วมบ้านเรือนริมคลองแล้ว ทางเขตสะพานสูง หรือกรุงเทพมหานคร มีมาตรการในแารช่วยเหลือ ดูแล พี่น้องประชาชนริมคลองอย่างไรบ้างคะ เนื่องจากในหมู่บ้านต่างๆได้ส,https://storage.googleapis.com/traffy_public_bucket/attachment/2026-09/90fa7bb2b3df330dbf45d59cb2b9ce13.jpeg
2026-9JFHNL,inprogress,2026-09-25 12:34,2026-09-25 13:50,100.71318,13.81101,มีนบุรี,มีนบุรี,น้ำท่วมในซอย ระดับข้อเท้า น้ำรอการระบาย รบกวนช่วยตรวจสอบและแก้ไข้ด้วยค่ะ ความสูงระดับข้อเท้า น้ำท่วมมาแล้วน้อยกว่า 3 ชั่วโมง,https://storage.googleapis.com/traffy_public_bucket/attachment/2026-09/f0d26a7d82726dc8c5daf87f8bf2a580.jpeg
2026-LUEJV6,inprogress,2026-09-25 12:34,2026-09-25 17:41,100.60616,13.8753,บางเขน,อนุสาวรีย์,น้ำท่วมสูงกว่าเดิมอีกครับ ความสูงระดับข้อเท้า น้ำท่วมมาแล้วน้อยกว่า 1 วัน,https://storage.googleapis.com/traffy_public_bucket/attachment/2026-09/297757978191cc8e29b473968abde5ef.jpeg
2026-VT8637,inprogress,2026-09-25 12:34,2026-09-25 16:16,100.41841,13.62411,บางขุนเทียน,แสมดำ,ในซอยเทียนทะเล 20 แยก 8-5-6-5 น้ำท่วมขังในบางจุดเพราะพื้นที่ต่ำเป็นบางแห่ง ปัญหาเกิดจากน้ำระบายลงคลองด้านหลังไม่ทัน 1 เนื่องจากในซอยมีการก่อสร้างโกดังจากที่เคยเป็นร่องระบายน้ำ มองแทบไม่เห็นร่องระบายน้ำ 2. คลองที่เป็นที่ระบายน้ำ มีกอผักตบชวาขึ้นเป็นจำนวนม,https://storage.googleapis.com/traffy_public_bucket/attachment/2026-09/thumb_c94951c816fffac9de600305744f6a86.jpg
2026-PFZE3Y,inprogress,2026-09-25 12:35,2026-09-25 16:21,100.44988,13.66692,บางขุนเทียน,ท่าข้าม,น้ำท่วมทุกครั้งที่ฝนตก แก้ไม่ได้สักทีไม่ดำเนินการอะไรเลย ความสูงระดับข้อเท้า น้ำท่วมมาแล้วน้อยกว่า 3 ชั่วโมง,https://storage.googleapis.com/traffy_public_bucket/attachment/2026-09/8c0e9417e75cc0535613f09120fe4854.jpeg
2026-7XMX4P,inprogress,2026-09-25 12:37,2026-09-25 14:08,100.62481,13.78446,วังทองหลาง,คลองเจ้าคุณสิงห์,น้ำท่วมเข้ามาภายในตัวบ้าน ซอยลาดพร้าว 93 หมู่บ้านเพชรอุทัยค่ะ ความสูงระดับ สูงไม่มาก ปกติไม่เคยท่วม เพราะถนนในซอยสูงกว่าถนนใหญ่ด้านนอก บ้านก็เทพื้นสูงเท่าถนนหน้าบ้านแล้วค่ะ ถ้าถนนหน้าบ้านท่วมในบ้านก็ท่วมตามด้วย น้ำท่วมมาแล้วตั้งแต่เช้าค่ะ,https://storage.googleapis.com/traffy_public_bucket/attachment/2026-09/7fac61f72245cce6d8f175d1dab97382.jpeg
2026-KCHG2U,forward,2026-09-25 12:40,2026-09-25 14:23,100.64981,13.75451,บางกะปิ,หัวหมาก,จากการที่ฝนตกติดต่อมาหลายวัน ทำให้น้ำในคลองหัวหมากน้อยเอ่อล้น บางส่วนล้นเข้าถนนในซอยกรุงเทพกรีฑาซอย 7 เห็นควรเร่งระบายหรือพร่องน้ำในคลอง เพื่อรองรับฝนที่จะตกลงมาอีก จะได้ไม่เอ่อล้นเข้าท่วมบ้านเรือนประชาชนริมคลอง ความสูงระดับภาพอาจไม่ชัดเพราะถ่ายจากรถ น้,https://storage.googleapis.com/traffy_public_bucket/attachment/2026-09/d6ee6cd3f61763fa43922840eced3150.jpeg
2026-LEHKNP,forward,2026-09-25 12:42,2026-09-25 13:10,100.58826,13.80825,จตุจักร,จันทรเกษม,น้ำกำลังจะท่วมครับ ช่วยเหลือด่วน ความสูงระดับตอนนี้กำลังขึ้นมาครับ น้ำท่วมมาแล้วน้อยกว่า 1 ชั่วโมง,https://storage.googleapis.com/traffy_public_bucket/attachment/2026-09/dc2d38ffb1729bf8aa4865428aa22fa8.jpeg
2026-AF4HY9,inprogress,2026-09-25 12:43,2026-09-25 13:42,100.67453,13.673,ประเวศ,ดอกไม้,แก้ไข้น้ำท่วมต้องการเครื่องสูบน้ำ ความสูงระดับเข้าบ้านแล้วคับ น้ำท่วมมาแล้ว2-3 วันแล้วคับ,https://storage.googleapis.com/traffy_public_bucket/attachment/2026-09/8461d444e3f7d98737c1e3ae444c1a06.jpeg
2026-MJFW6Y,inprogress,2026-09-25 12:43,2026-09-25 14:22,100.57457,13.91467,ดอนเมือง,ดอนเมือง,น้ำท่วมขังประจำ ความสูงระดับข้อเท้า น้ำท่วมมาแล้วน้อยกว่า 3 ชั่วโมง,https://storage.googleapis.com/traffy_public_bucket/attachment/2026-09/3923f37ed13a74166415957244b97c21.jpeg
2026-ZJE8MZ,forward,2026-09-25 12:43,2026-09-26 11:46,100.4384,13.6171,บางขุนเทียน,ท่าข้าม,น้ำท่วมขังบริเวณหน้าโลตัส เทียนทะเล 19 ครับ ตรงนี้ไม่มีท่อระบายน้ำ ทำให้น้ำขังบริเวณที่เป็นแอ่งริมถนนเข้ามาไหล่ทางด้วยครับ ความสูงระดับหน้าแข้ง น้ำท่วมมาแล้วน้อยกว่า 1 สัปดาห์,https://storage.googleapis.com/traffy_public_bucket/attachment/2026-09/2f7a827b4d821ce03f91599d596f281c.jpeg
2026-MUZF3L,inprogress,2026-09-25 12:45,2026-10-05 10:19,100.61431,13.94599,ดอนเมือง,สนามบิน,น้ำในคลองที่ซอยถนนวิภาวดีรังสิต41 น้ำเต็มคลอง เกือบเสมอถนนที่รถวิ่ง และสภาพคลองมีจยะแลพต้นไม้ขึ้นเยอะค่ะ ความสูงระดับเกือบจะเท่าขอบถนนค่ะ น้ำท่วมมาแล้ววันนี้ค่ะ,https://storage.googleapis.com/traffy_public_bucket/attachment/2026-09/4ed509bb3bb7f74043449377507395aa.jpeg
2026-YBLYLA,forward,2026-09-25 12:47,2026-09-25 15:00,100.65574,13.77181,บึงกุ่ม,คลองกุ่ม,น้ำท่วม มีเครื่องผลักดันน้ำตรงนี้ของกทม ช่วยมาเปิดหน่อย เดือดร้อน ความสูงระดับหัวเข่า น้ำท่วมมาแล้วน้อยกว่า 1 วัน,https://storage.googleapis.com/traffy_public_bucket/attachment/2026-09/3040c42b41404905d8e91f177ec40452.jpeg
2026-ZJTNRH,forward,2026-09-25 12:47,2026-09-25 12:50,100.59823,13.89112,ดอนเมือง,สนามบิน,เส้นตัดใหม่เทพรักษ์ขาออกจากวิภาวดีน้ำท่วมทุกเลนเลยค่ะ สัญจรติดขัดมากค่ะ ความสูงระดับหน้าแข้ง น้ำท่วมมาแล้วน้อยกว่า 3 ชั่วโมง,https://storage.googleapis.com/traffy_public_bucket/attachment/2026-09/bb57bbb1c5f3f2abb60bddb49503bf3c.jpeg
2026-AYCWVA,finish,2026-09-25 12:53,2026-09-29 14:48,100.58041,13.81935,จตุจักร,จันทรเกษม,ซอยนี้เวลาฝนตกน้ำจะท่วมขัง ท่อน้ำที่ทำใหม่ตอนแรกระบายดีมาก แต่พอมีการก่อสร้างที่ซอยอื่น ก็กลับมาระบายน้ำไม่ดีเหมือนเดิมครับ เคยแจ้งไปหลายรอบแล้วก็ยังไม่ดีขึ้นเหมือนเดิม ทุกครั้งที่ฝนตกน้ำจะท่วมและระบายน้ำไม่ดีอยู่ซอยเดียวครับ ซอยอื่นแห้งหมดแล้ว ความส,https://storage.googleapis.com/traffy_public_bucket/attachment/2026-09/thumb_0c875cb2b8209b3058890a6a078369fc.jpg
2026-U8WPLC,inprogress,2026-09-25 12:55,2026-09-25 19:18,100.3456,13.74313,ทวีวัฒนา,ทวีวัฒนา,น้ำท่วมขัง ความสูงระดับหัวเข่า น้ำท่วมมาแล้วน้อยกว่า 1 วัน,https://storage.googleapis.com/traffy_public_bucket/attachment/2026-09/27ccf3351f36b64adf12cf891f22d217.jpeg
2026-PTKGG7,inprogress,2026-09-25 12:57,2026-09-26 07:24,100.38276,13.65382,บางบอน,บางบอนเหนือ,น้ำท่วมทางเข้าหมู่บ้านทุกครั้งที่ฝนตก ความสูงระดับครึ่งล้อรถเก๋งได้ค่ะ น้ำท่วมมาแล้วท่วมมาตั้งแต่ตกเมื่อวานช่วงเย็นค่ะจนถึงปัจจุบันก็ยังท่วมอยู่,https://storage.googleapis.com/traffy_public_bucket/attachment/2026-09/e0d48230104619eae6706bae0058be1b.jpeg
2026-RCUGXC,forward,2026-09-25 13:02,2026-09-25 20:11,100.66328,13.80875,บึงกุ่ม,คลองกุ่ม,น้ำท่วมตลอดเวลา ตรงจุดนี้ ไม่ว่าจะตกหนักหรือตกเบา มีเจ้าหน้าที่มาติดเครื่องดูดน้ำ แต่ก็ไม่เห็นจะได้ผล ช่วยมาแก้ไขทีครับ ความสูงระดับเกือบถึงท่อมอเตอร์ไซค์ครับ น้ำท่วมมาแล้วถ้าฝนตก จะท่วมแบบนี้ตลอดเลยครับ,https://storage.googleapis.com/traffy_public_bucket/attachment/2026-09/thumb_78c79a602c42c038e691a8d104ed1253.jpg
2026-X3FXLM,inprogress,2026-09-25 13:10,2026-09-25 17:42,100.61822,13.86785,บางเขน,อนุสาวรีย์,ช่วยสูบน้ำออกจากถนนหน่อยครับเกือบจะท่วมรีโมทประตูแล้วครับ ความสูงระดับไม่ทราบจะถามความสูงไปทำไมครับ จากภาพก็เห็นว่ากำลังจะท่วมรีโมตประตูแล้วซึ่งจะทำงานไม่ได้ถ้าน้ำถึงรีโมท น้ำท่วมมาแล้วตั้งแต่เมื่อคืนครับ,https://storage.googleapis.com/traffy_public_bucket/attachment/2026-09/1bdfcfbb6ad5fa99ee23d9b502994818.jpeg
2026-BXX4WJ,forward,2026-09-25 13:11,2026-09-25 13:26,100.61646,13.90314,สายไหม,คลองถนน,ระดับน้ำคลองสองสูงขึ้นฉับพลันทำให้น้ำท่วมเข้าบ้านเรือนจึงขอให้เปิดประตูระบายน้ำเพิ่มด้วย ความสูงระดับข้อเท้า น้ำท่วมมาแล้วน้อยกว่า 1 ชั่วโมง,https://storage.googleapis.com/traffy_public_bucket/attachment/2026-09/733c8843c4ce01a12b4529dbe274ad76.jpeg
2026-VH8VK3,inprogress,2026-09-25 13:11,2026-09-25 13:37,100.67964,13.68404,ประเวศ,ดอกไม้,ปัญหานำ้ท่วม เจอสาเหตุอีก1จุดค่ะ หน้าทางเข้าหมู่บ้านสมใจ (ข้างท็อปชุปเปอร์มาร์เกต) น้ำไหลเข้ามา ทำให้สูบนำ้เท่าไหร่ก็ไม่แห้ง รบกวนทางหน่วยงานเข้ามาดูพื้นที่ อาจจะต้องเอากระสอบทรายมากลั้น รบกวนดำเนินการด่วนหน่อยนะคะ ขอบคุณค่ะ ความสูงระดับครึ่งเข่าได้ค่ะ,https://storage.googleapis.com/traffy_public_bucket/attachment/2026-09/f1893cfe5a910781d7d04f22d57942b6.jpeg
2026-AUVKT4,inprogress,2026-09-25 13:17,2026-09-25 14:09,100.6098,13.76797,วังทองหลาง,พลับพลา,น้ำท่วมขังเวลาฝนตก แก้ไม่หาย ความสูงระดับข้อเท้า น้ำท่วมมาแล้วน้อยกว่า 1 วัน,https://storage.googleapis.com/traffy_public_bucket/attachment/2026-09/c43ddd52aafdd11766efc1a462e82988.jpeg
2026-FABZTP,inprogress,2026-09-25 13:19,2026-09-25 14:10,100.62582,13.78373,วังทองหลาง,คลองเจ้าคุณสิงห์,น้ำท่วมขังในซอย ไม่แน่ใจว่าเพราะท่อตันด้วยหรือเปล่า ความสูงระดับข้อเท้า น้ำท่วมมาแล้วน้อยกว่า 3 ชั่วโมง,https://storage.googleapis.com/traffy_public_bucket/attachment/2026-09/7cbf1836a3ebed625e3f8abb9db05290.jpeg
2026-894RJX,finish,2026-09-25 13:20,2026-09-30 10:39,100.59362,13.71921,วัฒนา,พระโขนงเหนือ,น้ำท่วมขังทุกครั้งที่ฝนตก ทำให้เข้าบ้านไม่ได้ค่ะ ความสูงระดับหัวเข่า น้ำท่วมมาแล้วน้อยกว่า 1 วัน,https://storage.googleapis.com/traffy_public_bucket/attachment/2026-09/6e1ee2ca48cff67589b4a954437b9f6e.jpeg
2026-E93VEY,inprogress,2026-09-25 13:21,2026-09-25 13:52,100.61719,13.76086,บางกะปิ,หัวหมาก,ฝนตกหนักน้ำท่วมบ้าน ใกล้คลองแสนแสบล้น น้ำคลองเอ่อท่อขึ้นมาจากท่อระบายทะลักเข้าบ้านยันเข่า ความสูงระดับหัวเข่า น้ำท่วมมาแล้วน้อยกว่า 1 วัน,https://storage.googleapis.com/traffy_public_bucket/attachment/2026-09/thumb_338ded38768cb1070e7b2da569dc5ff0.jpg
2026-E93VEY,finish,2026-09-25 13:21,2026-10-06 14:17,100.61719,13.76086,บางกะปิ,หัวหมาก,ฝนตกหนักน้ำท่วมบ้าน ใกล้คลองแสนแสบล้น น้ำคลองเอ่อท่อขึ้นมาจากท่อระบายทะลักเข้าบ้านยันเข่า ความสูงระดับหัวเข่า น้ำท่วมมาแล้วน้อยกว่า 1 วัน,https://storage.googleapis.com/traffy_public_bucket/attachment/2026-09/thumb_338ded38768cb1070e7b2da569dc5ff0.jpg
2026-YTVZ26,finish,2026-09-25 13:21,2026-10-01 17:08,100.36029,13.74656,บางแค,บางไผ่,น้ำท่วมขังในซอยโชคสำอางค์ ความสูงระดับปริมาณท่วมขังจากฝนตกเมื่อเช้า หากมีฝนตกเติมลงมาอีกคงคงเจ้าในบ้าร ระดับนี้รถเข้าออกไม่ได้ น้ำท่วมมาแล้วน้อยกว่า 3 ชั่วโมง,https://storage.googleapis.com/traffy_public_bucket/attachment/2026-09/31c23c3e8e17b57aae7f8acec5db5ca2.jpeg
2026-6MEUBK,inprogress,2026-09-25 13:23,2026-09-25 23:23,100.62865,13.76369,วังทองหลาง,พลับพลา,น้ำท่วมในซอยบ้าน ความสูงระดับข้อเท้า น้ำท่วมมาแล้วน้อยกว่า 3 ชั่วโมง,https://storage.googleapis.com/traffy_public_bucket/attachment/2026-09/thumb_50d96666b27a259092f78d5533feb6a5.jpg
2026-448X99,inprogress,2026-09-25 13:24,2026-09-25 17:42,100.62347,13.8619,บางเขน,อนุสาวรีย์,น้ำท่วมในซอย รามอินทรา 27 ค่ะ และ ท่วมอยู่ ซอยเดียว ตั้งแต่ ซอย 23 ถึง ซอย 41 ไม่มีซอยไหนน้ำท่วมขังเลยค่ะ เข้าใจนะคะว่า ฝนตกหนัก แต่ ทำไมท่วมอยู่ ซอยเดียวค่ะ ทุกครั้งที่ฝนตกหนัก น้ำจะท่วมตลอด เข้าออก บ้าน ลำบากค่ะ บางคนต้องถอดรองเท้าเดินลุุยน้ำเข้าบ้าน ,https://storage.googleapis.com/traffy_public_bucket/attachment/2026-09/5ca24883a687a8b20582ab174d2c7c66.jpeg
2026-XRGEV8,inprogress,2026-09-25 13:26,2026-09-25 14:21,100.57942,13.90637,ดอนเมือง,ดอนเมือง,ในซอยโกสุมรวมใจ 15 ช่วงฝนตกถนนในซอยมักมีการท่วมขังทุกครั้ง ท่อน้ำไม่ระบายค่ะ อยากให้ช่วยลอกท่อระบายน้ำหน่อยค่ะ ความสูงระดับข้อเท้า น้ำท่วมมาแล้วน้อยกว่า 3 ชั่วโมง,https://storage.googleapis.com/traffy_public_bucket/attachment/2026-09/c09f84350b593bb3fef3ea3d082bb973.jpeg
2026-KG8PJK,forward,2026-09-25 13:28,2026-09-26 22:22,100.68981,13.74472,สะพานสูง,สะพานสูง,เรื่องน้ำท่วมขังในชุมชนทับช้างนาลุ่ม น้ำในคลองล้นต้องการให้เปิดประตูระบายน้ำตรงวัดกระทุ่มเสือป่าให้มากกว่าเดิมน้ำไม่มีที่ไปไหลเข้าบ้าน ความสูงระดับหน้าแข้ง น้ำท่วมมาแล้วแจ้งเรื่องน้ำท่วม,https://storage.googleapis.com/traffy_public_bucket/attachment/2026-09/1cd13674f62cf0d7851199576a8143da.jpeg
2026-EKWEPY,inprogress,2026-09-25 13:29,2026-09-25 23:23,100.62695,13.78128,วังทองหลาง,คลองเจ้าคุณสิงห์,น้ำเริ่มท่วมในซอย ท่อเริ่มตันแล้วค่ะ ความสูงระดับข้อเท้า น้ำท่วมมาแล้วน้อยกว่า 3 ชั่วโมง,https://storage.googleapis.com/traffy_public_bucket/attachment/2026-09/188e11b5842ed59668ea0eb15c4ff627.jpeg
2026-2UAVX6,inprogress,2026-09-25 13:32,2026-09-25 13:51,100.62155,13.76115,บางกะปิ,หัวหมาก,น้ำเริ่มสูงและฝนยังไม่หยุด ความสูงระดับหน้าแข้ง น้ำท่วมมาแล้ว2,https://storage.googleapis.com/traffy_public_bucket/attachment/2026-09/46d01dbdfecff5a495fb490c600d823d.jpeg
2026-2UAVX6,finish,2026-09-25 13:32,2026-10-06 14:18,100.62155,13.76115,บางกะปิ,หัวหมาก,น้ำเริ่มสูงและฝนยังไม่หยุด ความสูงระดับหน้าแข้ง น้ำท่วมมาแล้ว2,https://storage.googleapis.com/traffy_public_bucket/attachment/2026-09/46d01dbdfecff5a495fb490c600d823d.jpeg
2026-9ZE4A4,inprogress,2026-09-25 13:33,2026-09-25 19:11,100.61826,13.868,บางเขน,อนุสาวรีย์,น้ำท่วมสูง ความสูงระดับหัวเข่า น้ำท่วมมาแล้วน้อยกว่า 1 วัน,https://storage.googleapis.com/traffy_public_bucket/attachment/2026-09/e02e68e018fd0cb4a91cb91b16b4a21d.jpeg
2026-T9GU3A,forward,2026-09-25 13:35,2026-09-25 14:59,100.65659,13.77125,บึงกุ่ม,คลองกุ่ม,น้ำท่วม ความสูงระดับหัวเข่า น้ำท่วมมาแล้วน้อยกว่า 3 ชั่วโมง,https://storage.googleapis.com/traffy_public_bucket/attachment/2026-09/7aff257e440f8b2d8787f8f2f8334738.jpeg
2026-HGPGNF,forward,2026-09-25 13:37,2026-09-25 13:44,100.56435,13.81486,จตุจักร,จอมพล,น้ำท่วมขังผิวถนน ทำให้ไม่สามารถเดินผ่านได้ ความสูงระดับจุดที่ท่วมสูงที่สุดประมาณ 5-6 ซม. ท่วมเป็นช่วงๆ ทำให้ไม่สามารถเดินเท้าผ่านได้ครับ น้ำท่วมมาแล้วตั้งแต่ออกจากบ้านประมาณ 0700 น. ล่าสุดตอนนี้ 13.30 น. ก็ยังคงท่วมอยู่ครับ,https://storage.googleapis.com/traffy_public_bucket/attachment/2026-09/8ee878c4fbc4bc3308605e0103e04ed6.jpeg
2026-V4BACA,forward,2026-09-25 13:39,2026-09-25 14:57,100.65697,13.77325,บึงกุ่ม,คลองกุ่ม,นํ้าท่วมซอยเสรีไทย ซอย 2 หนักเลยครับ รถขับผ่านแรงนํ้าเข้าบ้านเยอะเลยครับ ความสูงระดับหน้าแข้ง น้ำท่วมมาแล้วน้อยกว่า 3 ชั่วโมง,https://storage.googleapis.com/traffy_public_bucket/attachment/2026-09/746ef3ac60d8a05c8183103827ad3443.jpeg
2026-P9XNF9,inprogress,2026-09-25 13:43,2026-09-25 19:15,100.60553,13.87417,บางเขน,อนุสาวรีย์,น้ำท่วมขังมาเกือบเดือน ถ้าช่วงฝนตกนี้ท่วมเข้าบ้านเรือนคนในหมู่บ้าน และทางสัญจร หนักมากค่ะ เนื่องจากรถสูบน้ำ สูบน้ำจากปากซอยรามอินทรา 5 เข้ามาลงบ่อในหมู่บ้านเธียรสวนซอย 4 ความสูงระดับหน้าแข้ง น้ำท่วมมาแล้วน้อยกว่า 1 สัปดาห์,https://storage.googleapis.com/traffy_public_bucket/attachment/2026-09/496cceacea3cc74f592b778c85182216.jpeg
2026-P9XNF9,finish,2026-09-25 13:43,2026-10-09 12:47,100.60553,13.87417,บางเขน,อนุสาวรีย์,น้ำท่วมขังมาเกือบเดือน ถ้าช่วงฝนตกนี้ท่วมเข้าบ้านเรือนคนในหมู่บ้าน และทางสัญจร หนักมากค่ะ เนื่องจากรถสูบน้ำ สูบน้ำจากปากซอยรามอินทรา 5 เข้ามาลงบ่อในหมู่บ้านเธียรสวนซอย 4 ความสูงระดับหน้าแข้ง น้ำท่วมมาแล้วน้อยกว่า 1 สัปดาห์,https://storage.googleapis.com/traffy_public_bucket/attachment/2026-09/496cceacea3cc74f592b778c85182216.jpeg
2026-YMW6C7,forward,2026-09-25 13:44,2026-09-25 14:58,100.63562,13.84132,บึงกุ่ม,นวลจันทร์,สูบน้ำหน่อยครับ ความสูงระดับปริ่มละครับ น้ำท่วมมาแล้วตั้งแต่ 9 โมงเช้า น้ำเริ่มสูงขึ้น,https://storage.googleapis.com/traffy_public_bucket/attachment/2026-09/84ee03934e55c6383a36566bc3f7b588.jpeg
2026-W484JV,finish,2026-09-25 13:46,2026-10-02 11:55,100.61367,13.70464,พระโขนง,บางจาก,น้ำรอการระบายหน้าบ้่านเลขที่ 153 155 157 159 ฝนตกไม่หยุด ความสูงระดับประมาณ 10-20 cm น้ำท่วมมาแล้วน้อยกว่า 3 ชั่วโมง,https://storage.googleapis.com/traffy_public_bucket/attachment/2026-09/efc8f25778873bca8a33f907d6eed957.jpeg
2026-APCY2U,forward,2026-09-25 13:55,2026-09-25 14:56,100.65753,13.78296,บึงกุ่ม,คลองกุ่ม,573 ซ.อุเทน 18 ม.ศรีนครพัฒนา ถ.นวมินทร์ซอย 24 ฝนตกนานข้ามวัน น้ำท่วมขังเข้าบ้านแล้ว ขอความช่วยเหลือสูบน้ำ ความสูงระดับหัวเข่า น้ำท่วมมาแล้วน้อยกว่า 1 วัน,https://storage.googleapis.com/traffy_public_bucket/attachment/2026-09/3799895545330e0922bf42ea9c4ee98b.jpeg
2026-WYYFHW,inprogress,2026-09-25 13:55,2026-10-02 08:31,100.55644,13.8603,หลักสี่,ทุ่งสองห้อง,แยกนี้มีเครื่องสูบน้ำแต่ไม่สามารถเปิดสูบน้ำได้ เนื่องจากมีการก่อสร้างสถานีสูบน้ำ เกิดปัญหาคือ ต้องบล็อกน้ำเพื่อติดตั้งระบบสูบน้ำ แต่ทางเขตหลักสี่ไม่มีวิสัยทัศน์ที่เพียวพอจึงมิได้ วางแผนการสำรองไว้หากมีภาวะฝนตกหนัก เข่น ทางน้ำอ้อมผ่านสำรองไว้ ซื่งผู้รับผิด,https://storage.googleapis.com/traffy_public_bucket/attachment/2026-09/ad6a43c5906ca6307e10071c9328c7e8.jpeg
2026-P66VDR,finish,2026-09-25 13:56,2026-09-29 18:24,100.5654,13.85901,หลักสี่,ทุ่งสองห้อง,น้ำท่วมเข้ามาภายในบ้าน ความสูงระดับหัวเข่า น้ำท่วมมาแล้วน้อยกว่า 1 วัน,https://storage.googleapis.com/traffy_public_bucket/attachment/2026-09/248126041c39a718fce310b14453cfac.jpeg
2026-VZBV89,forward,2026-09-25 13:56,2026-09-30 13:44,100.71705,13.86154,คลองสามวา,บางชัน,ฝนตกตั้งแต่เมื่อวาน (24/9/2569) ถึงวันนี้ (25/9/2569) ตกหนัก น้ำท่วมทางเข้าซอยเลียบคลองสอง 27 น้ำสูงประมาณเลยตาตุ่มนิดหน่อย เดินลื่นมาก รบกวนแก้ปัญหาหน่อยครับ ความสูงระดับข้อเท้า น้ำท่วมมาแล้วน้อยกว่า 3 ชั่วโมง,https://storage.googleapis.com/traffy_public_bucket/attachment/2026-09/e61368ed528305ad79dda003699c6e0e.jpeg
2026-A9R2NY,inprogress,2026-09-25 13:58,2026-09-25 19:16,100.65588,13.852,บางเขน,ท่าแร้ง,เนื่องจากมีฝนตกหนักจึงกังวลว่าจะได้รับผลกระทบจากเรื่องการระบายน้ำในลำคลองไม่ทัน จึงอยากให้เจ้าหน้าที่เข้าตรวจสอบระดับน้ำครับ ความสูงระดับไม่ทราบระดับครับ แต่ต่ำกว่าระดับกำแพงประมาณ 1 เมตรครับ น้ำท่วมมาแล้วยังไม่ท่วมครับแต่อยากให้เจ้าหน้าที่มาประเมิณความ,https://storage.googleapis.com/traffy_public_bucket/attachment/2026-09/12e3fc2fed88fa6dca986cfad8ff798a.jpeg
2026-H97W6K,inprogress,2026-09-25 14:01,2026-09-25 14:04,100.65565,13.77109,บางกะปิ,คลองจั่น,น้ำท่วม ไม่สามารถสัญจรได้ มาเปิดเครื่องผลักดันน้ำด้วย ความสูงระดับหัวเข่า น้ำท่วมมาแล้วน้อยกว่า 1 วัน,https://storage.googleapis.com/traffy_public_bucket/attachment/2026-09/f59297fb471fac5cf4469b6e257d4102.jpeg
2026-H97W6K,forward,2026-09-25 14:01,2026-10-09 13:08,100.65565,13.77109,บางกะปิ,คลองจั่น,น้ำท่วม ไม่สามารถสัญจรได้ มาเปิดเครื่องผลักดันน้ำด้วย ความสูงระดับหัวเข่า น้ำท่วมมาแล้วน้อยกว่า 1 วัน,https://storage.googleapis.com/traffy_public_bucket/attachment/2026-09/f59297fb471fac5cf4469b6e257d4102.jpeg
2026-KEU9K6,finish,2026-09-25 14:03,2026-09-29 18:24,100.56887,13.86433,หลักสี่,ตลาดบางเขน,น้ำท่วมหนุนจากคลองสูงขึ้นเรื่อยๆ ไม่มีท่าทีจะลด ความสูงระดับหน้าแข้ง น้ำท่วมมาแล้วน้อยกว่า 3 ชั่วโมง,https://storage.googleapis.com/traffy_public_bucket/attachment/2026-09/4303df6c025449a6a3c461949c926ba0.jpeg
2026-MTKVWR,inprogress,2026-09-25 14:04,2026-09-25 14:36,100.72457,13.78284,มีนบุรี,มีนบุรี,สวัสดีค่ะ เขตมีนบุรีตอนนี้ฝนตกหนักค่ะ ทางเขตมีเครื่องสูบแต่ไม่มีน้ำมันเครื่องค่ะ พอจะนำน้ำมันมาเติมเครื่องสูบเพื่อระบายน้ำออกก่อนได้ไหมคะ ความสูงระดับหน้าแข้ง น้ำท่วมมาแล้วตั้งแต่เช้าแล้วค่ะ,https://storage.googleapis.com/traffy_public_bucket/attachment/2026-09/7131edb61abbcb2da8c2056c79aafcc7.jpeg
2026-XBMC3H,inprogress,2026-09-25 14:06,2026-09-25 14:15,100.705,13.71067,ประเวศ,ประเวศ,นิติบุคคลหมู่บ้าน ขอแจ้งเหตุเฝ้าระวังระดับน้ำในคลองด้านหลังโครงการ ซึ่งเป็นพื้นที่นอกความรับผิดชอบของนิติบุคคล ขณะนี้ระดับน้ำสูงขึ้นและใกล้ถึงระดับที่จะล้นเข้าพื้นที่โครงการ จึงขอให้หน่วยงานที่เกี่ยวข้องเข้าตรวจสอบระดับน้ำและระบบระบายน้ำ/ทางน้ำบริเวณดังกล,https://storage.googleapis.com/traffy_public_bucket/attachment/2026-09/1f039d8b55b905c4d095218f3fe38a01.jpeg
2026-VG3U66,inprogress,2026-09-25 14:08,2026-09-25 14:39,100.87897,13.85675,หนองจอก,หนองจอก,น้ำท่วมทางสูงมากเลย รถเก๋งไม่สามารถสัญจรได้รถกระบะก็เข้าได้ลำบาก ในซอยบึงฝรั่ง ถ.ผดุงพันธ์ หนองจอก ขอให้หน่วยงานเข้ามาช่วยเหลือแก้ไข ความสูงระดับหัวเข่า น้ำท่วมมาแล้วน้อยกว่า 1 สัปดาห์,https://storage.googleapis.com/traffy_public_bucket/attachment/2026-09/7b7ad792c9a5fdaf7e2b314e1be21d5b.jpeg
2026-FRHBKB,inprogress,2026-09-25 14:09,2026-09-25 19:16,100.60721,13.87431,บางเขน,อนุสาวรีย์,น้ำท่วม ไม่ระบาย ความสูงระดับหน้าแข้ง น้ำท่วมมาแล้วน้อยกว่า 1 ชั่วโมง,https://storage.googleapis.com/traffy_public_bucket/attachment/2026-09/7dc4e1127ab344e9c9e3dd766d1c1fc0.jpeg
2026-8KKTUK,inprogress,2026-09-25 14:11,2026-09-25 19:17,100.60456,13.87181,บางเขน,อนุสาวรีย์,น้ำท่วม น้ำเพิ่มขึ้นเรื่อยๆ ไม่มีการลดลง น้ำในคลองรามอินทราซอย5 สูงมาก ความสูงระดับข้อเท้า น้ำท่วมมาแล้ว5 ชม.,https://storage.googleapis.com/traffy_public_bucket/attachment/2026-09/ee5c62fd36743e8e431dd44eeeabc5a1.jpeg
2026-424APB,forward,2026-09-25 14:13,2026-09-25 14:22,100.58846,13.80327,ลาดพร้าว,ลาดพร้าว,"ตอนนี้ที่พื้นที่ต่ำสะพานใหม่สายใหมน้ำท่วม10-30ซม.เนื่องจากน้ำจากคลองน้ำย้อนกลับ หลังวัดลาดพร้าวตอสะพานคนข้ามคลองขวางทางน้ำและเรือแม็คโครก็ขวางคลอง โปรดเร่งดำเนินการอย่างให้ขวางคลอง ความสูงระดับ10-30ซม.ในเขตสะพานใหม่,สายใหม เนี่องด้วยน้ำจากคลองย้อนกลับไปท่",https://storage.googleapis.com/traffy_public_bucket/attachment/2026-09/9a55312a5eae33ffc6a31c86d2abe3ad.jpeg
2026-WGBG4J,inprogress,2026-09-25 14:14,2026-09-25 14:17,100.65286,13.7187,ประเวศ,ประเวศ,น้ำท่วมมากค่ะ ท่วมครึ่งวันแล้ว ออกจากบ้านไม่ได้เลยค่ะ ลำบากมากค่ะ ต้องการความช่วยเหลือ อย่างยิ่งค่ะ ความสูงระดับเอว น้ำท่วมมาแล้วน้อยกว่า 1 สัปดาห์,https://storage.googleapis.com/traffy_public_bucket/attachment/2026-09/39f069680fc4ddd03e9bce97cb0d77a1.jpeg
2026-W8JWGM,forward,2026-09-25 14:15,2026-09-25 14:28,100.63982,13.89353,สายไหม,คลองถนน,ถนนมีน้ำท่วมระบายไม่ทันครับ เร่งระบายออกด่วนครับ รถยนต์ เริ่มสัญจรไปมาไม่ได้ครับ ความสูงระดับหน้าแข้ง น้ำท่วมมาแล้วน้อยกว่า 3 ชั่วโมง,https://storage.googleapis.com/traffy_public_bucket/attachment/2026-09/bb054501f0a500ee502a3e18306dcd40.jpeg
2026-6BNG7N,inprogress,2026-09-25 14:16,2026-09-25 14:22,100.66021,13.76645,บางกะปิ,หัวหมาก,น้ำท่วมขัง ภายในบ้าน และบริเวณบ้าน ไม่มีการระบาย ความสูงระดับซอยรามคำแหง 72 แยก 2 น้ำท่วมมาแล้วมากกว่า 10 เซนค่ะ,https://storage.googleapis.com/traffy_public_bucket/attachment/2026-09/115cb07a6bc47b01327b19a84afb7e7d.jpeg
2026-KHVDDM,inprogress,2026-09-25 14:16,2026-09-25 14:42,100.59,13.93497,ดอนเมือง,สีกัน,ในหมู่บ้านมีน้ำท่วมขังและไม่มีหน่วยงานไหนหรือบุคคลเข้ามาดูแลจัดการเรื่องลอกท่อเลย ทำให้ฝนตกเบาก็ท่วมหนักก็ท่วมอยากให้หน่วยงานเกี่ยวข้องเข้ามาลอกท่อในหมู่บ้าน ความสูงระดับครึ่งล้อรถมอเตอร์ไซค์ค่ะ น้ำท่วมมาแล้วตั้งแต่เริ่มฝนตกหนัก,https://storage.googleapis.com/traffy_public_bucket/attachment/2026-09/1d29e571509b91fbb00a15e75fb8b1df.jpeg
2026-N7BCRG,inprogress,2026-09-25 14:16,2026-09-25 14:39,100.84797,13.81751,หนองจอก,โคกแฝด,น้ำในคลองลำต้นกล้วยตอนนี้มันจะเต็มล้นออกมามีหน่วยงานมาวางกระสอบทรายให้มั้ยคะ ความสูงระดับฝั่งรร.ลำต้นกล้วยน่าจะท่วมแล้วค่ะ แต่ตรงแถวซอยเชื่อมสัมพันธ์29ยังไม่ท่วมเข้ามาในซอยแต่น้ำเริ่มเอ่อขึ้นมานิดหน่อยแล้วค่ะ น้ำในคลองใกล้จะเต็มแล้วค่ะ น้ำท่วมมาแล้วน้อยกว,https://storage.googleapis.com/traffy_public_bucket/attachment/2026-09/6e98b98cc1a8152aa81e766ea47a114f.jpeg
2026-P8PVC7,inprogress,2026-09-25 14:18,2026-09-25 23:49,100.62907,13.78414,วังทองหลาง,คลองเจ้าคุณสิงห์,น้ำท่วม ขัง สูง กำลังเข้าบ้านเรือน ประชน ความสูงระดับประมาณ20 ซม บางจุดลึกกว่า นั้น น้ำท่วมมาแล้วน้อยกว่า 1 วัน,https://storage.googleapis.com/traffy_public_bucket/attachment/2026-09/75c39cc6be6e614ca2ea92c4aa8b874b.jpeg
2026-VY67AE,inprogress,2026-09-25 14:18,2026-09-25 14:22,100.68207,13.68387,ประเวศ,ดอกไม้,น้ำท่วมระบายไม่ออก ความสูงระดับหน้าแข้ง น้ำท่วมมาแล้วเมื่อคืนค่ะ,https://storage.googleapis.com/traffy_public_bucket/attachment/2026-09/556742360bf0632a940eacbb9a122107.jpeg
2026-A6FH23,finish,2026-09-25 14:20,2026-09-26 17:39,100.67744,13.84198,คันนายาว,คันนายาว,น้ำท่วมไม่สามารถออกจากบ้านไปซื้อข้าวของเครื่องใช้ได้ ความสูงระดับหัวเข่า น้ำท่วมมาแล้วน้อยกว่า 1 วัน,https://storage.googleapis.com/traffy_public_bucket/attachment/2026-09/b0ce45f88e70e085b488617702236276.jpeg
2026-FUFTUV,inprogress,2026-09-25 14:20,2026-09-25 17:45,100.59369,13.74783,ห้วยขวาง,บางกะปิ,ท่อระบายน้ำด้านหน้าโครงการของคอนโดมีน้ำเต็มท่อระบายเลย ใกล้จะล้นขึ้นมาด้านบนฝาบ่อตะแกรงแล้ว ความสูงระดับใกล้ถึงบนตะแกรงแล้ว น้ำท่วมมาแล้วยังไม่ล้นท่วมออกมา,https://storage.googleapis.com/traffy_public_bucket/attachment/2026-09/436694f24a22dfaa1f5ded3ac1eae690.jpeg
2026-84KYGY,inprogress,2026-09-25 14:21,2026-09-25 14:27,100.63236,13.71678,สวนหลวง,สวนหลวง,ขณะนี้ น้ำรอการระบายสะสมมากขึ้น ในม.พฤกษาวิลล์73 ซึ่งใกล้กับคลองจวน อยาก เสนอ สนง. เขต สวนหลวง ชวนนำเครื่องสูบน้ำ เข้าช่วยสูบน้ำ ระบายน้ำ ออกไป ครับ ความสูงระดับหน้าแข้ง น้ำท่วมมาแล้วน้อยกว่า 3 ชั่วโมง,https://storage.googleapis.com/traffy_public_bucket/attachment/2026-09/a8a0505332dcbbafd5874584da9e5c17.jpeg
2026-84KYGY,finish,2026-09-25 14:21,2026-10-09 11:05,100.63236,13.71678,สวนหลวง,สวนหลวง,ขณะนี้ น้ำรอการระบายสะสมมากขึ้น ในม.พฤกษาวิลล์73 ซึ่งใกล้กับคลองจวน อยาก เสนอ สนง. เขต สวนหลวง ชวนนำเครื่องสูบน้ำ เข้าช่วยสูบน้ำ ระบายน้ำ ออกไป ครับ ความสูงระดับหน้าแข้ง น้ำท่วมมาแล้วน้อยกว่า 3 ชั่วโมง,https://storage.googleapis.com/traffy_public_bucket/attachment/2026-09/a8a0505332dcbbafd5874584da9e5c17.jpeg
2026-37KY2Z,follow,2026-09-25 14:22,2026-10-05 18:21,100.77986,13.79065,มีนบุรี,แสนแสบ,น้ำท่วมขังเรื้อรัง เป็นปัญหามานานเวลามีฝนตกก็จะท่วมขังทุกครั้ง ส่งผลให้เกิดความเดือดร้อนกับผู้พักอาศัยและผู้สัญจร ความสูงระดับเอว น้ำท่วมมาแล้วน้อยกว่า 1 วัน,https://storage.googleapis.com/traffy_public_bucket/attachment/2026-09/thumb_1740445c40d643480807f419e2ffee44.jpg
2026-BVNRXX,inprogress,2026-09-25 14:26,2026-09-25 14:42,100.5896,13.90273,ดอนเมือง,ดอนเมือง,น้ำท่วมสูงเข้าถึงภายในบ้าน น้ำขึ้นไวมาก มีผู้สูงอายุอยู่ในบ้าน กลัวปัญหาไฟฟ้ารั่วไหล ความสูงระดับหัวเข่า น้ำท่วมมาแล้วน้อยกว่า 3 ชั่วโมง,https://storage.googleapis.com/traffy_public_bucket/attachment/2026-09/thumb_bc64e91ead02e32e88458b8b460d02f8.jpg
2026-LETJJJ,inprogress,2026-09-25 14:26,2026-09-25 14:29,100.68844,13.66958,ประเวศ,ดอกไม้,น้ำท่วมซอยทุ่งเศรษฐี ตลอดสายเลย ท่วมเข้าบ้านด้วยค่ะ อยากให้ช่วยหาทางระบายออกเร็ว ๆ หน่อยค่ะ ความสูงระดับครึ่งหน้าแข่งค่ะ น้ำท่วมมาแล้วตั้งแต่ตี 3 วันนี้จนภึงตอนนี้ก็ยังไม่ลดเลย,https://storage.googleapis.com/traffy_public_bucket/attachment/2026-09/87a945026248db0e20b998f83592f9ff.jpeg
2026-E3CTFN,finish,2026-09-25 14:27,2026-09-26 17:39,100.68202,13.83942,คันนายาว,คันนายาว,น้ำในคลองล้น ท่วมบ้านเรือนในชุมชน มีผู้ป่วยติดเตียง ผู้สูงอายุจำนวนมา ช่วยเร่งเปิดประตูระบายน้ำ ความสูงระดับหน้าแข้ง น้ำท่วมมาแล้วน้อยกว่า 1 วัน,https://storage.googleapis.com/traffy_public_bucket/attachment/2026-09/e24c31f567ca3027ff4f8d9ea57156c1.jpeg
2026-KYP8BG,finish,2026-09-25 14:27,2026-09-30 11:03,100.59574,13.72549,วัฒนา,พระโขนงเหนือ,สุขุมวิท71ฝนตกหนักมากอยากให้เจ้าหน้าที่เร่งระบายน้ำให้เร็วขึ้นป้องกันน้ำท่วมครับ ความสูงระดับข้อเท้า น้ำท่วมมาแล้วน้อยกว่า 3 ชั่วโมง,https://storage.googleapis.com/traffy_public_bucket/attachment/2026-09/thumb_be8780de497c9620bb8ae4d56ba9f5e5.jpg
2026-6996VH,inprogress,2026-09-25 14:30,2026-09-25 14:35,100.7258,13.82267,มีนบุรี,มีนบุรี,ท่อน้ำหน้าโลตัส ถนนสามวาตัน ทำให้น้ำไม่ไหลลงท่อใหญ่ แล้วทำให้น้ำไหลเข้าบ้านแทน ความสูงระดับข้อเท้า น้ำท่วมมาแล้วน้อยกว่า 3 ชั่วโมง,https://storage.googleapis.com/traffy_public_bucket/attachment/2026-09/99d278f86509f7b3c7909a885eab8aca.jpeg
2026-ABUFKD,finish,2026-09-25 14:34,2026-09-25 21:47,100.61818,13.65983,บางนา,บางนาใต้,น้ำท่วมหนักยังไม่ลดลงตั้งแต่ช่วงเช้ามืด ไม่ได้ยินเสียงเครื่องสูบน้ำใดๆ ความสูงระดับหน้าแข้ง น้ำท่วมมาแล้วน้อยกว่า 3 ชั่วโมง,https://storage.googleapis.com/traffy_public_bucket/attachment/2026-09/b4d642cf7de190c4a91160da539ec1d3.jpeg
2026-2TTAKN,inprogress,2026-09-25 14:35,2026-09-25 20:32,100.67373,13.7726,สะพานสูง,สะพานสูง,น้ำในคลองระหว่างซอยรามคำแหง 104 และ 106 เพิ่มขึ้นสูงมาก อีกทั้งยังมีกองเศษไม้สูงๆอุดตันทางคลอง (ในภาพน้ำท่วมสูงมากจนไม่เห็นกองเศษไม้แล้ว) อยากให้เคลียร์กองเศษไม้ออกและระบายน้ำให้ลดลงโดยเร็ว ความสูงระดับสูงกว่าเอว น้ำท่วมมาแล้วน้อยกว่า 1 วัน,https://storage.googleapis.com/traffy_public_bucket/attachment/2026-09/bc58f99e6ad2a2f76dbcaf4108fb5a2f.jpeg
2026-MKMKVY,start,2026-09-25 14:35,2026-09-25 14:35,100.80184,13.72703,ลาดกระบัง,ทับยาว,รบกวนขอความช่วยเหลือด้านยานพาหนะยกสูง หรือเรือท้องแบน เพื่อรับส่งคนในหมู่บ้านเป็นกรณีฉุกเฉินเนื่องจากน้ำท่วมสูงมาในหมู่บ้านรถเล็กไม่สามารถสัญจรเข้า-ออกได้ค่ะ ความสูงระดับเหนือหัวเข่าค่ะ น้ำท่วมมาแล้ว2วันค่ะ,https://storage.googleapis.com/traffy_public_bucket/attachment/2026-09/50d9e40473726b3341286828018baf00.jpeg
2026-HNCEUZ,inprogress,2026-09-25 14:36,2026-09-25 14:52,100.72393,13.81522,มีนบุรี,มีนบุรี,เรื่องน้ำท่วมค่ะ อยากให้ช่วยเร่งระบายเพิ่ม เพราะน้ำยิ่งสูงขึ้นเรื่อยๆ เนื่องจากฝนตกติดต่อกันเกิน12ชม.แล้วค่ะ ความสูงระดับหัวเข่า น้ำท่วมมาแล้วเกิน12ชม.,https://storage.googleapis.com/traffy_public_bucket/attachment/2026-09/8bfe4057b0bb0f86c28192595b0d8a20.jpeg
2026-HNCEUZ,follow,2026-09-25 14:36,2026-09-25 14:52,100.72393,13.81522,มีนบุรี,มีนบุรี,เรื่องน้ำท่วมค่ะ อยากให้ช่วยเร่งระบายเพิ่ม เพราะน้ำยิ่งสูงขึ้นเรื่อยๆ เนื่องจากฝนตกติดต่อกันเกิน12ชม.แล้วค่ะ ความสูงระดับหัวเข่า น้ำท่วมมาแล้วเกิน12ชม.,https://storage.googleapis.com/traffy_public_bucket/attachment/2026-09/8bfe4057b0bb0f86c28192595b0d8a20.jpeg
2026-KRJBZD,inprogress,2026-09-25 14:38,2026-09-25 14:39,100.82625,13.84139,หนองจอก,โคกแฝด,น้ำท่วมซอยเข้าบ้านค่ะ ความสูงระดับประมาณหัวเข่าแล้วค่ะ น้ำท่วมมาแล้วเดือนกว่าๆแล้วค่ะ,https://storage.googleapis.com/traffy_public_bucket/attachment/2026-09/288b7670b54141bb80e44475423d5c1b.jpeg
2026-ZLN9YG,inprogress,2026-09-25 14:39,2026-09-25 19:19,100.37498,13.78826,ทวีวัฒนา,ศาลาธรรมสพน์,อยากเจ้าหน้าที่มาดูและแก้ไขให้ตรงจุดที่แจ้งและมาลอกท่อให้ค่ะ เพราะฝนตกน้ำท่วม น้ำดันเข้าบ้าน เวลาน้ำลงมีแต่ขี้โคลนเต็มไปหมด บริเวณที่มาตรวจตรงนั้นไม่หนักเท่าบริเวณท้ายซอย ความสูงระดับทุกครั้งที่ฝนตก ยิ่งตอนนี้หนักมากค่ะ น้ำดันกระเบื้องหลุด น้ำท่วมมาแล้วทุ,https://storage.googleapis.com/traffy_public_bucket/attachment/2026-09/3548b2fcdc10a540c26b0ef027fd6c86.jpeg
2026-U7Y4PR,inprogress,2026-09-25 14:42,2026-09-25 14:52,100.63722,13.76616,บางกะปิ,คลองจั่น,จะเข้าห้องชั้นล่างแล้วนะคะฝนตกไม่หยุดเลยค่ะ ความสูงระดับหัวเข่า น้ำท่วมมาแล้ววันนี้ค่ะตั้งแต่เมื่อคืนจนตอนนี้ไม่หยุดเลยค่ะมันท่วมจะเข้าห้องค่ะ,https://storage.googleapis.com/traffy_public_bucket/attachment/2026-09/cbc5aa38c8ca7eba1cc24953afbe9e60.jpeg
2026-U7Y4PR,finish,2026-09-25 14:42,2026-10-09 14:09,100.63722,13.76616,บางกะปิ,คลองจั่น,จะเข้าห้องชั้นล่างแล้วนะคะฝนตกไม่หยุดเลยค่ะ ความสูงระดับหัวเข่า น้ำท่วมมาแล้ววันนี้ค่ะตั้งแต่เมื่อคืนจนตอนนี้ไม่หยุดเลยค่ะมันท่วมจะเข้าห้องค่ะ,https://storage.googleapis.com/traffy_public_bucket/attachment/2026-09/cbc5aa38c8ca7eba1cc24953afbe9e60.jpeg
2026-7P7VZ9,forward,2026-09-25 14:44,2026-09-25 14:46,100.61655,13.73631,สวนหลวง,สวนหลวง,น้ำท่วมขัง ความสูงระดับน้ำท่วมขัง เลนซ้าย น้ำท่วมมาแล้วน้อยกว่า 1 วัน,https://storage.googleapis.com/traffy_public_bucket/attachment/2026-09/0a37ce50d438668d1f414f5f7e2abfc5.jpeg
2026-TZH8UU,inprogress,2026-09-25 14:45,2026-09-25 23:50,100.62445,13.78396,วังทองหลาง,คลองเจ้าคุณสิงห์,น้ำระบายไม่ทัน กำลังจะท่วมเข้าบ้าน ความสูงระดับข้อเท้า กำลังจะไหลเข้าบ้าน น้ำท่วมมาแล้วเพิ่งท่วมแล้วเพิ่มไวมาก,https://storage.googleapis.com/traffy_public_bucket/attachment/2026-09/4f658d4e7fb12f11ac784e25d37f05b8.jpeg
2026-YG4R72,forward,2026-09-25 14:45,2026-09-25 15:01,100.59988,13.92067,ดอนเมือง,ดอนเมือง,คลองเปรมประชากรน้ำล้นเนื่องจากไม่มีการลอกคอและดินโคลนเยอะมาก ความสูงระดับตอนนี้น้ำในคลองกำลังจะล้นแล้วครับและตอนนี้ถนนโคิลโรดน้ำไม่ระบายแล้วเหมือนกันครับ น้ำท่วมมาแล้วน้อยกว่า 3 ชั่วโมง,https://storage.googleapis.com/traffy_public_bucket/attachment/2026-09/97ecc10501ddbf90cabb78ad8a11ada1.jpeg
2026-BFNYEW,forward,2026-09-25 14:46,2026-09-30 08:44,100.65872,13.92791,สายไหม,สายไหม,ตอนนี้ได้รับปัญหาน้ำท่วมหนักมากในซอยสายไหม43 แล้วรถวิ่งผ่านไปผ่านมาได้รับความเดือดร้อนเพราะน้ำกระเด็นเข้ามาในร้านตอนนี้ของในร้านเริ่มมีความเสียหาย ความสูงระดับฟุตบาทครับ น้ำท่วมมาแล้วน้อยกว่า 3 ชั่วโมง,https://storage.googleapis.com/traffy_public_bucket/attachment/2026-09/thumb_93d189ecfd033c1abf58527df1bc56d2.jpg
2026-G49KJC,inprogress,2026-09-25 14:46,2026-09-25 15:00,100.80741,13.78925,หนองจอก,ลำผักชี,หมู่บ้านฟลอร่าวิลล์ปาร์คโฮม สุวินทวงศ์น้ำท่วม ความสูงระดับขอบฟุตบาท น้ำท่วมมาแล้วน้อยกว่า 1 วัน,https://storage.googleapis.com/traffy_public_bucket/attachment/2026-09/230405229418b66ebf33291dffbefdd3.jpeg
2026-K67LD4,inprogress,2026-09-25 14:46,2026-09-25 14:52,100.66085,13.7634,บางกะปิ,หัวหมาก,น้ำเริ่มท่วมครับ ความสูงระดับข้อเท้า น้ำท่วมมาแล้ว30นาที,https://storage.googleapis.com/traffy_public_bucket/attachment/2026-09/36c80914086e81d604793c4b088661bc.jpeg
2026-K67LD4,finish,2026-09-25 14:46,2026-10-06 14:32,100.66085,13.7634,บางกะปิ,หัวหมาก,น้ำเริ่มท่วมครับ ความสูงระดับข้อเท้า น้ำท่วมมาแล้ว30นาที,https://storage.googleapis.com/traffy_public_bucket/attachment/2026-09/36c80914086e81d604793c4b088661bc.jpeg
2026-2U3PWC,forward,2026-09-25 14:47,2026-09-30 13:57,100.71087,13.86802,คลองสามวา,สามวาตะวันตก,น้ำท่วมสูงประมาณ15เซน จะเข้าบ้านแล้ว ความสูงระดับหน้าแข้ง น้ำท่วมมาแล้วน้อยกว่า 3 ชั่วโมง,https://storage.googleapis.com/traffy_public_bucket/attachment/2026-09/00d068f956aede4a7bb53b716236c624.jpeg
2026-9PY94M,inprogress,2026-09-25 14:47,2026-09-25 15:31,100.68621,13.67037,ประเวศ,ดอกไม้,น้ำท่วมเข้าบ้านหมดแล้ว ความสูงระดับหัวเข่า น้ำท่วมมาแล้วน้อยกว่า 1 วัน,https://storage.googleapis.com/traffy_public_bucket/attachment/2026-09/140149fc51da1b0ba2bac1989061ac5a.jpeg
2026-2FZ4UY,inprogress,2026-09-25 14:49,2026-09-25 23:50,100.62586,13.78352,วังทองหลาง,คลองเจ้าคุณสิงห์,เรื่อง ขอความอนุเคราะห์ตรวจสอบและแก้ไขปัญหาน้ำท่วมขังเรื้อรังภายในหมู่บ้านประชากรไทยเรียน เจ้าหน้าที่ผู้รับผิดชอบ / หน่วยงานที่เกี่ยวข้องข้าพเจ้าเป็นหนึ่งในผู้อยู่อาศัยในหมู่บ้านประชากรไทย (ซอยลาดพร้าว 93 / ซอยลาดพร้าว 101) แขวงคลองเจ้าคุณสิงห์ เขตวังทองห,https://storage.googleapis.com/traffy_public_bucket/attachment/2026-09/7c20c667bc1eecb46869701f9022a363.jpeg
2026-ZPEKW2,inprogress,2026-09-25 14:49,2026-09-25 15:30,100.68379,13.7039,ประเวศ,ประเวศ,มีน้ำท่วมขังเพราะพื้นต่ำกว่าระดับถนนค่ะ ความสูงระดับหน้าแข้ง น้ำท่วมมาแล้วน้อยกว่า 1 วัน,https://storage.googleapis.com/traffy_public_bucket/attachment/2026-09/thumb_c3fb72a5bdfa18175ec68b8436b965bc.jpg
2026-99KRA2,inprogress,2026-09-25 14:50,2026-09-25 14:54,100.63279,13.7661,บางกะปิ,คลองจั่น,สวัสดีคะ ตอนนี้น้ำท่วมทั้งซอยเลยเข้ามาในบ้านจำนวนมากค่ะ ความสูงระดับหน้าแข้ง น้ำท่วมมาแล้วตั้งแต่ช่วงเช้า 10โมงค่ะ,https://storage.googleapis.com/traffy_public_bucket/attachment/2026-09/76ac8bcd136f41b0815adb1f23939b5f.jpeg
2026-99KRA2,finish,2026-09-25 14:50,2026-10-09 14:32,100.63279,13.7661,บางกะปิ,คลองจั่น,สวัสดีคะ ตอนนี้น้ำท่วมทั้งซอยเลยเข้ามาในบ้านจำนวนมากค่ะ ความสูงระดับหน้าแข้ง น้ำท่วมมาแล้วตั้งแต่ช่วงเช้า 10โมงค่ะ,https://storage.googleapis.com/traffy_public_bucket/attachment/2026-09/76ac8bcd136f41b0815adb1f23939b5f.jpeg
2026-F7WXCL,inprogress,2026-09-25 14:50,2026-09-25 20:33,100.68207,13.76949,สะพานสูง,สะพานสูง,น้ำท่วมไม่มีการระบายน้ำ น้ำเข้าบ้านประชาชน ความสูงระดับชุมชนเกาะดอน น้ำท่วมมาแล้วน้อยกว่า 3 ชั่วโมง,https://storage.googleapis.com/traffy_public_bucket/attachment/2026-09/e1298962f9fbbc8ca89c017f50a5a4a4.jpeg
2026-PYCMD8,inprogress,2026-09-25 14:50,2026-09-25 23:51,100.62348,13.78364,วังทองหลาง,คลองเจ้าคุณสิงห์,น้ำท่วมขัง ซอย ลาดพร้าว 93 มบ. ประชากรไทย ทุกซอยฝนยังตกหนัก กทม.ได้เร่งระบายน้ำ เขตวังทองหลาง บ้างหรือไม่ อยากให้ ผันน้ำประตู พระราม 9 บ้านเรามีคนป่วยติดเตียงเกรงน้ำจะเข้าบ้าน ความสูงระดับจะ 30 ชม.แล้ว เที่ยงฝนหยุดน้ำก็ไม่ลง ท้ายซอยก็มีคลอง น้ำท่วมมาแล้วเ,https://storage.googleapis.com/traffy_public_bucket/attachment/2026-09/7442b6e948b17b9fe4af5dd628e27e91.jpeg
2026-EXWFGA,inprogress,2026-09-25 14:52,2026-09-25 19:17,100.60442,13.87173,บางเขน,อนุสาวรีย์,น้ำท่วมขึ้นสูง น้ำมาไวมาก คลองรามอินทราซอย5 ล้นเกินไปมาก ความสูงระดับเกินข้อเท้า น้ำกำลังเพิ่มขึ้นเรื่อยๆ น้ำท่วมมาแล้วเกิน3 ชม.,https://storage.googleapis.com/traffy_public_bucket/attachment/2026-09/0a170f5b0584941ce132806ce22d5b33.jpeg
2026-G8T2KM,finish,2026-09-25 14:53,2026-09-25 16:37,100.46343,13.79261,ตลิ่งชัน,ตลิ่งชัน,น้ำท่วมถนน ท่อ น่าจะอุตตัน น้ำไม่สามารถระบายลงท่อได้ ความสูงระดับข้อมือ ค่ะ น้ำท่วมมาแล้วปกติ ฝนหยุด 2ชั่วโมง จะ ค่อยๆลด ตอนนี้ฝนตกมาเพิ่มค่ะ,https://storage.googleapis.com/traffy_public_bucket/attachment/2026-09/5e8ee011cb3875b34332c9a7ff766b47.jpeg
2026-JZM6BG,inprogress,2026-09-25 14:53,2026-09-25 15:28,100.67692,13.72263,ประเวศ,ประเวศ,น้ำท่วมขังไม่ลดมาหลายชั่วโมงแล้วค่ะตอนนี้ฝนก็ตกอยู่คาดว่าน้ำจะเข้าบ้านในอีกไม่นานค่ะ ความสูงระดับหน้าแข้ง น้ำท่วมมาแล้วน้อยกว่า 3 ชั่วโมง,https://storage.googleapis.com/traffy_public_bucket/attachment/2026-09/df94e54155c08f0b0bf4827f5d898f68.jpeg
2026-896TUF,finish,2026-09-25 14:54,2026-09-29 18:22,100.58058,13.8958,หลักสี่,ทุ่งสองห้อง,น้ำท่วมใกล้เข้าบ้านแล้วค่ะ ความสูงระดับหน้าแข้ง น้ำท่วมมาแล้วน้อยกว่า 1 วัน,https://storage.googleapis.com/traffy_public_bucket/attachment/2026-09/882e5412b8b1b135a351f32395666961.jpeg
2026-3ZGVKJ,inprogress,2026-09-25 14:55,2026-09-25 15:11,100.70592,13.82015,มีนบุรี,มีนบุรี,ณ เวลา 14.52 น. น้ำไหลเข้าบ้าน ท่วมจนจะถึงเข่าแล้วค่ะ และไหลเข้าห้องนอนเรียบร้อยแล้ว ตอนนี้ชั้นล่างท่วมหมดแล้วค่ะ ช่วยเร่งสูบน้ำทีนะคะ ใกล้ ๆ มีคลองกีบหมูค่ะ ขอร้องหละค่ะ😭🙏 ความสูงระดับเกือบถึงเข่าแล้วค่ะ (สูง 161) น้ำท่วมมาแล้วตั้งแต่เช้าเลยค่ะ ตี 4-5 แต,https://storage.googleapis.com/traffy_public_bucket/attachment/2026-09/38ea0780b88adc3b119c720c3e5c537e.jpeg
2026-DVZNLT,forward,2026-09-25 14:55,2026-09-25 15:24,100.64431,13.65542,บางนา,บางนาเหนือ,น้ำท่วมเร็วมาก อยากได้ที่สูบน้ำมาช่วยระบายน้ำออก ความสูงระดับหน้าแข้ง น้ำท่วมมาแล้วน้อยกว่า 3 ชั่วโมง,https://storage.googleapis.com/traffy_public_bucket/attachment/2026-09/fe0a9da063b4654eb1bd1af704b68857.jpeg
2026-F2K8FF,finish,2026-09-25 14:55,2026-09-30 14:36,100.60246,13.7359,วัฒนา,คลองตันเหนือ,หมู่บ้านคลองตันนิเวศน์ท้ายซอยปรีดีพนมยงค์42เป็นหมู่บ้านที่ต่ำกว่าถนนไม่มีนิติหมู่บ้านตอนนี้น้ำท่วมจะเข้าบ้านแล้วหน่วยงานสามารถนำเครื่องสูบน้ำเคลื่อนที่เข้ามาช่วยระบายน้ำได้ไหม ความสูงระดับหน้าแข้ง น้ำท่วมมาแล้วน้อยกว่า 1 วัน,https://storage.googleapis.com/traffy_public_bucket/attachment/2026-09/fc29e9c94064e1d38d44302e55235c49.jpeg
2026-KNJ9DB,inprogress,2026-09-25 14:55,2026-09-25 16:48,100.56662,13.92222,ดอนเมือง,ดอนเมือง,น้ำท่วมสูงมาก ความสูงระดับหัวเข่า น้ำท่วมมาแล้วน้อยกว่า 1 วัน,https://storage.googleapis.com/traffy_public_bucket/attachment/2026-09/aae21ac048514b8aabd41f8ac7cc7e6f.jpeg
2026-ER9NLM,inprogress,2026-09-25 14:56,2026-09-25 15:28,100.68246,13.68247,ประเวศ,ดอกไม้,น้ำท่วมขังในหมู่บ้านกำลังจะเข้าโรงรถ อยากให้ กทม.ช่วยมาสูบน้ำออกจากคลองหลังหมู่บ้านด้วยค่ะ ความสูงระดับหน้าแข้ง น้ำท่วมมาแล้วน้อยกว่า 1 วัน,https://storage.googleapis.com/traffy_public_bucket/attachment/2026-09/a9545be56c62d84dc37fbc2c8a3e0e63.jpeg
2026-28LR84,follow,2026-09-25 14:57,2026-10-05 11:33,100.67334,13.89244,สายไหม,ออเงิน,น้ำถ่วงถึงหัวเข่า ความสูงระดับ หัวเข่าครับ น้ำท่วมมาแล้วตั่งแต่เมื่อวาน,https://storage.googleapis.com/traffy_public_bucket/attachment/2026-09/6803819d9d3ba3fc0eb3fde116f78be5.jpeg
2026-D4BBEE,inprogress,2026-09-25 14:57,2026-09-25 14:59,100.6326,13.73414,สวนหลวง,สวนหลวง,น้ำล้นท่อเริ่มท่วมถนน ในซอยพัฒนาการ48 เป็นหมู่บ้านเก่า บ้านต่ำกว่าถนน ช่วยสูบน้ำออกจากซอยด้วยครับ ความสูงระดับข้อเท้า น้ำท่วมมาแล้วน้อยกว่า 1 ชั่วโมง,https://storage.googleapis.com/traffy_public_bucket/attachment/2026-09/05b5a43ee583d9d6a499cae07c03d44c.jpeg
2026-D4BBEE,finish,2026-09-25 14:57,2026-10-09 11:03,100.6326,13.73414,สวนหลวง,สวนหลวง,น้ำล้นท่อเริ่มท่วมถนน ในซอยพัฒนาการ48 เป็นหมู่บ้านเก่า บ้านต่ำกว่าถนน ช่วยสูบน้ำออกจากซอยด้วยครับ ความสูงระดับข้อเท้า น้ำท่วมมาแล้วน้อยกว่า 1 ชั่วโมง,https://storage.googleapis.com/traffy_public_bucket/attachment/2026-09/05b5a43ee583d9d6a499cae07c03d44c.jpeg
2026-DZVWVE,inprogress,2026-09-25 14:57,2026-09-25 15:27,100.67583,13.72284,ประเวศ,ประเวศ,ปัญหาที่พบรอการระบายน้ำท่วมขังล้นเข้าบ้านเรือน ระดับน้ำครึ่งหัวเข่า ความสูงระดับครึ่งหัวเข่าคะ น้ำท่วมมาแล้ว14 ชั่วโมง,https://storage.googleapis.com/traffy_public_bucket/attachment/2026-09/thumb_1b60028ec49595e0bcf5da9924a9f548.jpg
2026-PLE48P,forward,2026-09-25 14:59,2026-09-25 15:05,100.65524,13.79559,บึงกุ่ม,คลองกุ่ม,น้ำท่วม ภายในหมู่บ้านแดนตะวัน ซอย นวมินทร์40 แขวง คลองกุ่ม บึงกุ่ม ขอให้ตั้งเครื่องสูบน้ำเร่งระบาย ออกไปลงคลองบางเตย โดยด่วน ความสูงระดับหน้าแข้ง น้ำท่วมมาแล้วน้อยกว่า 3 ชั่วโมง,https://storage.googleapis.com/traffy_public_bucket/attachment/2026-09/thumb_c27de716071db2ca25150fc477454a79.jpg
2026-YDWLHX,inprogress,2026-09-25 14:59,2026-09-25 19:17,100.63471,13.88093,บางเขน,ท่าแร้ง,ฝนตกหนักน้ำท่วมบ้านแล้วคะ ความสูงระดับขัอตาตุ่มมาหน่อย น้ำท่วมมาแล้ว2ชม.,https://storage.googleapis.com/traffy_public_bucket/attachment/2026-09/1fed8e0ee62ad743e9791b6a11b34167.jpeg
2026-NFJNXP,finish,2026-09-25 15:00,2026-09-29 17:28,100.55836,13.86871,หลักสี่,ทุ่งสองห้อง,น้ำท่วมตั้งแต่เช้า จนตอนนี้น้ำยังไม่ลงและจะเพิ่มขึ้นเรื่อยๆ ความสูงระดับสูงประมาณ 5-6นิ้ว เพราะถนนที่โดนท่วมต่ำกว่าถนนที่ยกสูง น้ำท่วมมาแล้วรูปภาพนิ่งถ่ายตั้งแต่8 โมง ส่วนวีดีโอพึ่งถ่าย รวมท่วมน่าจะ 6-7ชั่วโมงแล้ว,https://storage.googleapis.com/traffy_public_bucket/attachment/2026-09/325b13f04e0831e47fd02a0cd8067f93.jpeg
2026-CPMHEA,forward,2026-09-25 15:01,2026-09-25 15:05,100.65684,13.77373,บึงกุ่ม,คลองกุ่ม,นํ้าท่วมซอยเสรีไทย 2 เขตบึงกุ่ม กรุงเทพ ตอนนี้ระดับนํ้าสูงขึ้นเรื่อยๆ ต้องการกระสอบทราบกั้นนํ้าเข้าบ้าน เพราะรถขับผ่านไวมากทำให้นํ้าพลัดเข้าบ้านไวมากครับ ความสูงระดับหน้าแข้ง น้ำท่วมมาแล้วน้อยกว่า 3 ชั่วโมง,https://storage.googleapis.com/traffy_public_bucket/attachment/2026-09/thumb_6438e29b1e91141a99c1aa1443993ce8.jpg
2026-P6AHFT,inprogress,2026-09-25 15:01,2026-09-25 15:24,100.68405,13.67898,ประเวศ,ดอกไม้,น้ำท่วมหมู่บ้าน สวนหลวงวิลล์ ความสูง 40 เซนติเมตร ท่วมมาแล้ว 20 ชั่วโมง มีแนวโน้มเพิ่มขึ้น ต้องการเครื่องสูบน้ำ ของ กทม มาติดตั้งด่วน เพื่อช่วยระบายน้ำ ความสูงระดับ40 เซนติเมตร น้ำท่วมมาแล้วน้อยกว่า 1 วัน,https://storage.googleapis.com/traffy_public_bucket/attachment/2026-09/2cebe24eeff771f205372f7245e496c0.jpeg
2026-BAFZLU,inprogress,2026-09-25 15:02,2026-09-26 00:22,100.62695,13.78128,วังทองหลาง,คลองเจ้าคุณสิงห์,น้ำท่วมมากขึ้น น้ำจะเข้าตัวบ้านแล้วค่ะ ความสูงระดับหน้าแข้ง น้ำท่วมมาแล้วน้อยกว่า 3 ชั่วโมง,https://storage.googleapis.com/traffy_public_bucket/attachment/2026-09/bf3c655cdf69db9bb04e65f33a47e1f7.jpeg
2026-RXZ2BX,inprogress,2026-09-25 15:02,2026-09-25 20:34,100.69337,13.74907,สะพานสูง,สะพานสูง,น้ำท่วม ความสูงระดับข้อเท้า น้ำท่วมมาแล้วน้อยกว่า 3 ชั่วโมง,https://storage.googleapis.com/traffy_public_bucket/attachment/2026-09/b93c71cb4d395b1f06545c0fb25bce46.jpeg
2026-V2VRUZ,inprogress,2026-09-25 15:02,2026-09-25 15:24,100.70486,13.81743,มีนบุรี,มีนบุรี,ซอยรามอินทรา 117 แยก 6 น้ำทะลักเข้าตัวบ้านแล้ว ต้องการให้เอาเครื่องสูบน้ำมาสูบช่วยบริเวณหน้าซอย เพื่อลดการเสียหายจากน้ำเข้าตัวบ้านประชาชน ความสูงระดับหน้าบ้าน ประมาณหน้าแข้ง ในบ้านตาตุ่ม น้ำท่วมมาแล้ววันนี้,https://storage.googleapis.com/traffy_public_bucket/attachment/2026-09/thumb_687cbdc8ac636f98c18eea997250cb4f.jpg
2026-6FFTZF,inprogress,2026-09-25 15:03,2026-09-25 15:23,100.68892,13.67036,ประเวศ,ดอกไม้,ตอนนี้ถนนซอยหมู่บ้านทุ่งเศรษฐี น้ำท่วมหนักมากครับ ขอความอนุเคราะห์ท่านเจ้าหน้าที่ช่วยเร่งดำเนินการระบายน้ำให้ประชาชนด้วยครับ ความสูงระดับหน้าแข้ง น้ำท่วมมาแล้วน้อยกว่า 1 วัน,https://storage.googleapis.com/traffy_public_bucket/attachment/2026-09/feaf94449920fe79be563eec4d43116d.jpeg
2026-GCR494,finish,2026-09-25 15:03,2026-09-30 21:34,100.62313,13.84185,ลาดพร้าว,จรเข้บัว,มีน้ำท่วมขังจนจะเข้าบ้านแล้ว ไม่มีการระบายและไม่มีเจ้าหน้าที่มาสูบน้ำระบายค่ะ ความสูงระดับน่าจะประมาณ 30 เซ็นติเมตรค่ะ น้ำท่วมมาแล้วตั้งแต่ 22.00 เมื่อคืนค่ะ,https://storage.googleapis.com/traffy_public_bucket/attachment/2026-09/thumb_c56888ab16e879bf812d3900447c54b2.jpg
2026-YMJJLX,inprogress,2026-09-25 15:03,2026-09-25 19:18,100.61754,13.86437,บางเขน,อนุสาวรีย์,รถน้ำท่วมเสียหาย ความสูงระดับหน้าแข้ง น้ำท่วมมาแล้วน้อยกว่า 1 วัน,https://storage.googleapis.com/traffy_public_bucket/attachment/2026-09/7ca8b99282343972bcbf32b71188d80b.jpeg
2026-EWHA8A,finish,2026-09-25 15:04,2026-09-30 21:33,100.59636,13.81409,ลาดพร้าว,ลาดพร้าว,แจ้งสถานการณ์น้ำท่วมขัง ถนนโชคชัย4 ซอย 50 ปกติมีน้ำท่วมขังมากกว่าซอยอื่นอยู่แล้ว ในช่วงที่ฝนตกหนัก 3-4วันนี้ จึงขอให้มีเจ้าหน้าที่เข้ามาดูสถานการณ์และติดตั้งเครื่องสูบน้ำหากจำเป็นค่ะ ความสูงระดับภาพจากกล้องวงจรปิดของประชาชนในพื้นที่ค่ะ ตอนนี้สูงประมาณข้อเ,https://storage.googleapis.com/traffy_public_bucket/attachment/2026-09/e73a03fc5ac359b27a567aa1f03ee8ee.jpeg
2026-HA2W8R,inprogress,2026-09-25 15:04,2026-09-25 15:23,100.64138,13.92573,สายไหม,สายไหม,ต้นซอยสายไหม ประมานซอย 3 ด้านซ้ายมือมีเครื่องช่วยสูบระบายน้ำในท่อน้ำลงคลอง แต่พบว่าไม่มี จนท.คอยใส่ใจที่จะเปิดเวลาหน้าฝนหรือมีประกาศแจ้งเตือนสภาพอากาศ ทำให้น้ำเกิดการระบายช้า น้ำในซอยหมู่บ้านท่วม ซึ่งถ้าเปิดเครื่องน้ำจะลดค่อนข้างไวไม่ท่วมขนาดนี้ ความสูงระ,https://storage.googleapis.com/traffy_public_bucket/attachment/2026-09/c7c98618d77d6acd52421e9d6de13383.jpeg
2026-NCBKAC,inprogress,2026-09-25 15:04,2026-09-25 15:23,100.68241,13.68244,ประเวศ,ดอกไม้,น้าท่วมขังในหมู่บ้าน ฝนตกระดับน้ำเพิ่มขึ้นกำลังจะเข้าโรงรถ อยากให้ กทม. มาช่วยสูบน้ำในคลองหลังหมู่บ้านด้วยค่ะ ด้านนอกหมู่บ้านไม่ท่วม แต่ถนนในหมู่บ้านท่วมจากคลองหลังหมฑ่บ้านระบบายน้ำไม่ทัน รบกวนมาสูบน้ำเพื่อให้ระบายออกด้วยค่ะ🙏 ความสูงระดับหน้าแข้ง น้ำท่วมม,https://storage.googleapis.com/traffy_public_bucket/attachment/2026-09/dcdd9270ad0732972f2dee688b2710ff.jpeg
2026-PZZ6UD,inprogress,2026-09-25 15:07,2026-09-25 17:45,100.57754,13.79138,ห้วยขวาง,สามเสนนอก,ระดับน้ำขึ้นมาอีกแล้ว ความสูงระดับหน้าแข้ง น้ำท่วมมาแล้วน้อยกว่า 1 ชั่วโมง,https://storage.googleapis.com/traffy_public_bucket/attachment/2026-09/1f6a6f33862f2627653baa6992e14104.jpeg
2026-PZZ6UD,forward,2026-09-25 15:07,2026-10-07 19:11,100.57754,13.79138,ห้วยขวาง,สามเสนนอก,ระดับน้ำขึ้นมาอีกแล้ว ความสูงระดับหน้าแข้ง น้ำท่วมมาแล้วน้อยกว่า 1 ชั่วโมง,https://storage.googleapis.com/traffy_public_bucket/attachment/2026-09/1f6a6f33862f2627653baa6992e14104.jpeg
2026-PZZ6UD,finish,2026-09-25 15:07,2026-10-08 17:21,100.57754,13.79138,ห้วยขวาง,สามเสนนอก,ระดับน้ำขึ้นมาอีกแล้ว ความสูงระดับหน้าแข้ง น้ำท่วมมาแล้วน้อยกว่า 1 ชั่วโมง,https://storage.googleapis.com/traffy_public_bucket/attachment/2026-09/1f6a6f33862f2627653baa6992e14104.jpeg
2026-383P37,inprogress,2026-09-25 15:08,2026-09-25 15:22,100.67683,13.68974,ประเวศ,ดอกไม้,มีน้ำท่วมขังที่ถนนท้ายซอย 38 ความสูงระดับครึ่งล้อรถ น้ำท่วมมาแล้ววันนี้,https://storage.googleapis.com/traffy_public_bucket/attachment/2026-09/6068f84f6b4d766b57448f3fc797e370.jpeg
2026-P2ZKGN,inprogress,2026-09-25 15:08,2026-09-25 19:19,100.60087,13.87411,บางเขน,อนุสาวรีย์,น้ำท่วมเพราะฝนตกยาวนานแต่ระดับน้ำในหมู่บ้านไม่ลดลงเลย เกิน10ชั่วโมงแล้ว ความสูงระดับ20-50cm แล้วแต่ซอยในหมู่บ้านค่ะ น้ำท่วมมาแล้วน้อยกว่า 1 วัน,https://storage.googleapis.com/traffy_public_bucket/attachment/2026-09/bceb56bef920ae8db418c40951f8e686.jpeg
2026-VXJJGL,inprogress,2026-09-25 15:08,2026-09-25 20:35,100.68622,13.7843,สะพานสูง,สะพานสูง,น้ำท่วมผิวถนน เนื่องจากฝนตกหนักมาก อาจเกิดอันตรายต่อผู้ขับขี่ ริมทางเท้ามีคูน้ำ รถที่ขับมามองไม่เห็น อาจตกลงคูได้ ขอเจ้าหน้าที่เร่งแก้ไขด่วนค่ะ ความสูงระดับหัวเข่า น้ำท่วมมาแล้วน้อยกว่า 1 ชั่วโมง,https://storage.googleapis.com/traffy_public_bucket/attachment/2026-09/4e0c5105dcac14ec362a83c4b66c4aaf.jpeg
2026-9RNXGG,inprogress,2026-09-25 15:09,2026-09-25 15:25,100.63322,13.7651,บางกะปิ,คลองจั่น,มีน้ำท่วมสูงในซอย แนะนำให้ติดป้ายแจ้งเตือน ความสูงระดับหน้าแข้ง น้ำท่วมมาแล้วน้อยกว่า 1 สัปดาห์,https://storage.googleapis.com/traffy_public_bucket/attachment/2026-09/8f4b8e6eed230cdca245bdf29e3e0aa4.jpeg
2026-DYFJUC,inprogress,2026-09-25 15:09,2026-09-25 23:22,100.62492,13.7654,วังทองหลาง,พลับพลา,น้ำจากคลองแสนแสบล้นค่ะ จากท้ายซอยบ้าน ตอนนี้เหมือนจะล้นเข้ามาท้ายซอย และหน้าม.รามคำแหงก็น้ำท่วมค่ะ ความสูงระดับข้อเท้า น้ำท่วมมาแล้วแต่ท่วมไวมากค่ะ ห่างคลอง 300 เมตร,https://storage.googleapis.com/traffy_public_bucket/attachment/2026-09/4efd4f37549e9b77ebbd6e1e1058f665.jpeg
2026-JB3LGW,inprogress,2026-09-25 15:09,2026-09-25 15:11,100.6768,13.72252,ประเวศ,ประเวศ,น้ำท่วมขัง ตั้งแต่ตีห้า วันที่ 25/9/2569 ถึงเวลา 15.05 น. ยังไม่ลดเลย ช่วยเร่งระบายน้ำออกด้วยครับ ความสูงระดับหน้าแข้ง น้ำท่วมมาแล้วน้อยกว่า 1 วัน,https://storage.googleapis.com/traffy_public_bucket/attachment/2026-09/7d04be6c24ba102fcf812bcd5cda8071.jpeg
2026-LRWBRL,start,2026-09-25 15:09,2026-09-25 17:04,100.74798,13.75248,ลาดกระบัง,คลองสามประเวศ,ขอเครื่องสูบน้ำหน่อยครับจะสูบออกไปที่ถนนใหญ่เพราะท่อมันตันในซอยนี้ ความสูงระดับตอนนี้หัวเข่าแล้วครับ ฝนตกต่อเนื่องไม่หยุดเลย น้ำท่วมมาแล้ว5ชั่วโมงแล้วครับ,https://storage.googleapis.com/traffy_public_bucket/attachment/2026-09/81c77870392a1ac79f6f5870f9defedd.jpeg
2026-WXUA4U,finish,2026-09-25 15:09,2026-09-25 18:30,100.42685,13.79372,ตลิ่งชัน,ฉิมพลี,ในซอยสวนผัก38 น้ำในซอยระบายไม่ทัน เพราะฝนหนักต่อเนื่อง ขอเครื่องสูบน้ำระบายน้ำทิ้งติดตั้งที่ปากซอยด้วยค่ะ ความสูงระดับ5-6 ซม ค่ะ กลางๆท้ายๆซอย น้ำท่วมมาแล้วชม นึงค่ะ บ้านต่ำ,https://storage.googleapis.com/traffy_public_bucket/attachment/2026-09/ac6242c8ca60758d4a0f75ee4ecf9fbe.jpeg
2026-HKWKXT,inprogress,2026-09-25 15:10,2026-09-25 15:16,100.63292,13.71109,สวนหลวง,สวนหลวง,พบน้ำท่วมขังปริมาณมาก สูงประมาณ 10 ซม ขึ้นไป ความสูงระดับข้อเท้า น้ำท่วมมาแล้วน้อยกว่า 3 ชั่วโมง,https://storage.googleapis.com/traffy_public_bucket/attachment/2026-09/4afc2ef590e0823dd3147fd119478c2d.jpeg
2026-HKWKXT,finish,2026-09-25 15:10,2026-10-09 11:06,100.63292,13.71109,สวนหลวง,สวนหลวง,พบน้ำท่วมขังปริมาณมาก สูงประมาณ 10 ซม ขึ้นไป ความสูงระดับข้อเท้า น้ำท่วมมาแล้วน้อยกว่า 3 ชั่วโมง,https://storage.googleapis.com/traffy_public_bucket/attachment/2026-09/4afc2ef590e0823dd3147fd119478c2d.jpeg
2026-4ACWL3,forward,2026-09-25 15:11,2026-09-25 15:39,100.55402,13.7485,ราชเทวี,มักกะสัน,น้ำท่วม ความสูงระดับข้อเท้า น้ำท่วมมาแล้วน้อยกว่า 3 ชั่วโมง,https://storage.googleapis.com/traffy_public_bucket/attachment/2026-09/40831641bbe541ce142bc28438af4763.jpeg
2026-ZXGLH8,finish,2026-09-25 15:11,2026-09-25 20:11,100.5005,13.78553,บางพลัด,บางพลัด,ฝนตกต่อเนื่องไม่หยุด น้ำท่วมอีกรอบแล้วค่ะ ช่วยเปิดเครื่งสูบน้ำไว้ตลอดถึงพรุ่งนี้เช้าเลยได้ไหมคะ เพราะดูพยากรณ์อากาศแล้ว น้ำในท่อยังสูงอยู่ ฝนตกไม่นานก็เข้าบ้านแล้วค่ะ ความสูงระดับข้อเท้า น้ำท่วมมาแล้วน้อยกว่า 1 วัน,https://storage.googleapis.com/traffy_public_bucket/attachment/2026-09/9bee7798f895c2ca33e74c4d377da23e.jpeg
2026-44NWA4,finish,2026-09-25 15:12,2026-10-05 15:26,100.4212,13.63827,บางขุนเทียน,แสมดำ,น้ำท่วมสูงมาก น้ำเพิ่มสูงขึ้นเรื่อยๆ ต้องการให้ส่งเจ้าหน้าที่มาช่วยสูบน้ำด่วนด้วยค่ะ ความสูงระดับหัวเข่า น้ำท่วมมาแล้วน้อยกว่า 1 วัน,https://storage.googleapis.com/traffy_public_bucket/attachment/2026-09/e67c32151d8757572aaf1abe365e61f5.jpeg
2026-BFPURA,finish,2026-09-25 15:12,2026-09-25 21:46,100.63753,13.66372,บางนา,บางนาเหนือ,น้ำท่วมหนัก ความสูงระดับหน้าแข้ง น้ำท่วมมาแล้วน้อยกว่า 1 วัน,https://storage.googleapis.com/traffy_public_bucket/attachment/2026-09/91bfe86331b91b63c3805c3c8ab59683.jpeg
2026-MCC3TL,finish,2026-09-25 15:12,2026-09-26 17:30,100.67931,13.82799,คันนายาว,คันนายาว,ต้องการกระสอบทรายกั้นหน้าบ้าน ความสูงระดับหน้าแข้ง น้ำท่วมมาแล้วน้อยกว่า 1 วัน,https://storage.googleapis.com/traffy_public_bucket/attachment/2026-09/1d39459835528bbb9ee1ae1afcb42124.jpeg
2026-V8JXZV,start,2026-09-25 15:12,2026-09-25 17:05,100.81445,13.71169,ลาดกระบัง,ทับยาว,ตั้งแต่ทำถนนหน้าโครงการเสร็จ เวลาฝนตก น้ำจะท่วมขังในโครงการ ความสูงระดับหน้าแข้ง น้ำท่วมมาแล้วน้อยกว่า 1 วัน,https://storage.googleapis.com/traffy_public_bucket/attachment/2026-09/thumb_11b084ead67cc68360e9efdb2df0cfed.jpg
2026-3YMFGB,forward,2026-09-25 15:14,2026-09-25 15:16,100.63939,13.9363,สายไหม,สายไหม,น้ำท่วม อยากให้ประตูระบายน้ำ ความสูงระดับ30-50ซม น้ำท่วมมาแล้วน้อยกว่า 3 ชั่วโมง,https://storage.googleapis.com/traffy_public_bucket/attachment/2026-09/b6a0726d109916b9ec24a72099e6fd72.jpeg
2026-RYYH9X,inprogress,2026-09-25 15:14,2026-09-25 15:28,100.81595,13.85546,หนองจอก,คู้ฝั่งเหนือ,รบกวนช่วยมาดูทางระบายน้ำปากซอย มิตรไมตรี 18 ตรงหน้าร้านผลไม้หน่อยค่ะ น้ำในซอยระบายออกไม่ได้ ไม่แน่ใจว่ามีการปิดทางระบายน้ำทางด้านหน้าหรือทางระบายตันหรือเปล่า ตอนนี้ี้น้ำในซอยขึ้นเยอะมากคะ กังวลว่าจะไม่พ้นคืนนี้น้ำจะเข้าบ้านค่ะ ความสูงระดับเกือบล้นตลิ่งแล้,https://storage.googleapis.com/traffy_public_bucket/attachment/2026-09/59ab3218d7f9aee08024474e24bc601e.jpeg
2026-T7U9BG,forward,2026-09-25 15:15,2026-09-25 15:19,100.6632,13.80868,บึงกุ่ม,คลองกุ่ม,เวลาฝนตกน้ำท่วมบริเวณทางออกชุมชนสุวรรณประสิทธิ์ 2-3 ประชาชนเดือดร้อนมาก ทางเขตนำเครื่องสูบน้ำขนาดเล็กมาติดตั้ง แต่ไม่เพียงพอ เข้าออก ลำบากมาก เวลาฝนตกหนัก รถจักรยานยนต์ออกจากซอยไม่ได้ ความสูงระดับ20 - 30 ซม. ครับ น้ำท่วมมาแล้วทุกวัน เวลาที่ฝนตกหนัก และจะท,https://storage.googleapis.com/traffy_public_bucket/attachment/2026-09/dd5fd88699eac98bb21a8ba1fb00aeca.jpeg
2026-XLCMHG,inprogress,2026-09-25 15:15,2026-09-25 15:17,100.64893,13.75161,บางกะปิ,หัวหมาก,น้ำท่วมซอย กรุงเทพกรีฑา 3 อยากให้เร่งระบายน้ำ ในคลองหัวหมาก โดยเปิดประตูระบายน้ำ ท้ายซอย กรุงเทพกรีฑา3 จะช่วยให้น้ำลดระดับลงได้เร็วขึ้น ความสูงระดับน้ำสูง 40 CM แล้วครับ น้ำท่วมมาแล้วน้อยกว่า 1 วัน,https://storage.googleapis.com/traffy_public_bucket/attachment/2026-09/55f2a335d9210999894df733f64fe536.jpeg
2026-XLCMHG,finish,2026-09-25 15:15,2026-10-06 17:15,100.64893,13.75161,บางกะปิ,หัวหมาก,น้ำท่วมซอย กรุงเทพกรีฑา 3 อยากให้เร่งระบายน้ำ ในคลองหัวหมาก โดยเปิดประตูระบายน้ำ ท้ายซอย กรุงเทพกรีฑา3 จะช่วยให้น้ำลดระดับลงได้เร็วขึ้น ความสูงระดับน้ำสูง 40 CM แล้วครับ น้ำท่วมมาแล้วน้อยกว่า 1 วัน,https://storage.googleapis.com/traffy_public_bucket/attachment/2026-09/55f2a335d9210999894df733f64fe536.jpeg
2026-M2YXH2,forward,2026-09-25 15:17,2026-09-25 15:19,100.4819,13.78942,บางพลัด,บางพลัด,ริมคลองบางบำหรุ ฝนตกหนัก ตกแช่คกไม่หยุด น้ำกำลังจะล้นเขื่อน และ กำลังเข้าตัวบ้าน ช่วยเร่งระบายให้เร็วกว่านี้ด่วนกว่านี้ได้ไหม ความสูงระดับหน้าแข้ง น้ำท่วมมาแล้วน้อยกว่า 1 ชั่วโมง,https://storage.googleapis.com/traffy_public_bucket/attachment/2026-09/7b2c76bc71e59ac6aedf50ee1342f866.jpeg
2026-M7XEKG,forward,2026-09-25 15:17,2026-09-25 15:23,100.64007,13.8935,สายไหม,คลองถนน,ด่วนนนนนนนน เดือดร้อนมาก ถนนวัชรพลมีน้ำท่วมระบายไม่ทันครับ ท่วมเข้าหมู่บ้านแล้ว เร่งระบายออกด่วนครับ รถยนต์ สัญจรไปมาไม่ได้ครับ ความสูงระดับหัวเข่า น้ำท่วมมาแล้วน้อยกว่า 3 ชั่วโมง,https://storage.googleapis.com/traffy_public_bucket/attachment/2026-09/5bd03b5a33b3799caa4331037b945916.jpeg
2026-J2ZAJ4,forward,2026-09-25 15:18,2026-09-28 16:23,100.64137,13.92572,สายไหม,สายไหม,ปัญหาที่พบคือน้ำท่วมหน้าบ้าน (ในตัวบ้าน) ทุกครั้งเวลาฝนตกต่อเนื่อง 10นาทีก็ท่วมขังแล้ว ทำให้น้ำจะไหลเข้าตัวบ้าน และไม่สามารถใช้ห้องน้ำได้จนกว่าน้ำจะแห้ง มีปัญหานี้มาตลอด เขนสายไหมแจ้งว่าเอาเครื่องดูดน้ำมาตั้งไว้ที่สายไหมซอย 3 แต่ไม่มีจนท. หรือคนที่รับผิดช,https://storage.googleapis.com/traffy_public_bucket/attachment/2026-09/01c497c06c929086f127ce377c019d43.jpeg
2026-UWR2H3,inprogress,2026-09-25 15:18,2026-09-28 12:53,100.66454,13.81376,คันนายาว,รามอินทรา,น้ำท่วม น้ำเข้าบ้าน ระบายน้ำไม่ทัน น้ำล้นท่อ ความสูงระดับประมานข้อเท้าค่ะ น้ำท่วมมาแล้วน้อยกว่า 3 ชั่วโมง,https://storage.googleapis.com/traffy_public_bucket/attachment/2026-09/thumb_3010a769163b2b53a9adc02322829417.jpg
2026-7BB7D9,forward,2026-09-25 15:19,2026-09-25 15:23,100.64018,13.89331,สายไหม,คลองถนน,แจ้งด่วนนนนนนนน เดือดร้อนมาก ถนนวัชรพลมีน้ำท่วมระบายไม่ทันครับ ท่วมเข้าหมู่บ้านแล้ว เร่งระบายออกด่วนครับ รถยนต์ สัญจรไปมาไม่ได้ครับ ความสูงระดับหัวเข่า น้ำท่วมมาแล้วน้อยกว่า 3 ชั่วโมง,https://storage.googleapis.com/traffy_public_bucket/attachment/2026-09/2c79ebb1d85cdaa8dce50b750416ef2f.jpeg
2026-YZGAZY,inprogress,2026-09-25 15:20,2026-09-28 12:53,100.66711,13.83063,คันนายาว,รามอินทรา,น้ำท่วมล้นจากคลองน้ำ น้ำล้นเข้ามาในบ้าน อยากให้ทางเขตนำเครื่องสูบน้ำมาช่วบสูบน้ำ ความสูงระดับหน้าแข้ง น้ำท่วมมาแล้วน้อยกว่า 1 วัน,https://storage.googleapis.com/traffy_public_bucket/attachment/2026-09/7fb2c7c2e3a3e1de7a3a2feba33a2f4a.jpeg
2026-YZGAZY,forward,2026-09-25 15:20,2026-10-07 15:28,100.66711,13.83063,คันนายาว,รามอินทรา,น้ำท่วมล้นจากคลองน้ำ น้ำล้นเข้ามาในบ้าน อยากให้ทางเขตนำเครื่องสูบน้ำมาช่วบสูบน้ำ ความสูงระดับหน้าแข้ง น้ำท่วมมาแล้วน้อยกว่า 1 วัน,https://storage.googleapis.com/traffy_public_bucket/attachment/2026-09/7fb2c7c2e3a3e1de7a3a2feba33a2f4a.jpeg
2026-6GZYPZ,inprogress,2026-09-25 15:21,2026-09-25 19:19,100.6175,13.86678,บางเขน,อนุสาวรีย์,วันศุกร์ที่ 25 กันยายน 2569 น้ำท่วมขังระดับเข่าบริเวณรอบๆ ตัวบ้าน เสี่ยงต่อน้ำทะลักเข้าตัวบ้าน ในการนี้ ใคร่ขอท่านโปรดอนุเคราะห์สูบน้ำเพื่อระบายน้ำออกอย่างต่อเนื่อง อนึ่ง ขอเป็นกำลังใจให้เจ้าหน้าที่ทุกฝ่ายประสบผลสำเร็จในการช่วยเหลือประชาชนและขอให้ตัวพ,https://storage.googleapis.com/traffy_public_bucket/attachment/2026-09/c0eb09f50ae6723ad1e8618f9be223f9.jpeg
2026-DEBUGA,forward,2026-09-25 15:21,2026-09-25 20:18,100.64527,13.80296,บึงกุ่ม,นวมินทร์,น้ำเริ่มจะเริ่มเข้าบ้านแล้วค่ะ ซอยนวมินทร์99 รยกวนเปิดประตูระบายน้ำด้วยค่ะ ความสูงระดับประมาณข้อเท้าแล้วค่ะ น้ำท่วมมาแล้วน้อยกว่า 1 ชั่วโมง,https://storage.googleapis.com/traffy_public_bucket/attachment/2026-09/5d302516ed7b00e8a48f3331aeb14df1.jpeg
2026-L2NVZW,inprogress,2026-09-25 15:21,2026-09-25 16:11,100.74029,13.81865,มีนบุรี,มีนบุรี,น้ำท่วมค่ะ อยากได้เครื่องสูบน้ำเพื่อทำการระบาย ความสูงระดับหน้าแข้ง น้ำท่วมมาแล้ว14 ชม.,https://storage.googleapis.com/traffy_public_bucket/attachment/2026-09/18710ca9641a68027fc5a5a2731c5e1e.jpeg
2026-HVR22P,inprogress,2026-09-25 15:22,2026-09-25 15:26,100.66613,13.70964,ประเวศ,ประเวศ,น้ำท่วมเครื่องสูบน้ำไม่สูบน้ำในซอยอ่อนนุช 72 หมู่บ้านเสรีซอยอ่อนนุช 74 ท่วมจนเข้าบ้านแล้ว ความสูงระดับตั้งแต่เช้าเลยค่ะ 6โมง น้ำท่วมมาแล้วน้อยกว่า 3 ชั่วโมง,https://storage.googleapis.com/traffy_public_bucket/attachment/2026-09/bcf2e554dfd06d4ab88296a8cf7521ee.jpeg
2026-VJ3R3D,finish,2026-09-25 15:22,2026-09-30 16:33,100.63736,13.66375,บางนา,บางนาเหนือ,นำ้ท่วมทั้งซอยบางนาตราด42 คลาดว่าคืนนี้เข้าบ้านหมดแน่นอนค่ั ความสูงระดับตอนนี้เกินฟุตบาทหน้าบ้านค่ะ น้ำท่วมมาแล้วท่วมแต่เช้าแล้วค่ะตอนนี้ขึ้นมาเรื่อยๆ,https://storage.googleapis.com/traffy_public_bucket/attachment/2026-09/bc9c8d49acc2635d0d219de914e2bc22.jpeg
2026-J6WDZV,forward,2026-09-25 15:23,2026-09-25 15:36,100.68368,13.8638,คลองสามวา,สามวาตะวันตก,น้ำบริเวณคลองพระยาสุเรนทร์ ขึ้นสูงทำให้บริเวณโดยรอบน้ำท่วม ความสูงระดับหน้าแข้ง น้ำท่วมมาแล้วน้อยกว่า 3 ชั่วโมง,https://storage.googleapis.com/traffy_public_bucket/attachment/2026-09/5f620b1c919b41b6f081a7b5c5cc1024.jpeg
2026-437A32,inprogress,2026-09-25 15:24,2026-09-25 20:36,100.70388,13.76953,สะพานสูง,สะพานสูง,มีปัญหาน้ำท่วมขัง หน้าบ้านและถนนในหมู่บ้านนลินวิลล์2 ซอยราษฎร์พัฒนา18 ออกไปจนถึงป้อมยามและทางออกไปสู่ถนน เวลาฝนตกจะท่วมทุกครั้ง สัญจรลำบาก เสี่ยงรถดับ ความสูงระดับหัวเข่า น้ำท่วมมาแล้วตั้งแต่เมื่อเช้านี้25 กย จนถึงตอนนี้เลยค่ะ 15.20น,https://storage.googleapis.com/traffy_public_bucket/attachment/2026-09/acbe3d639800f4d9948a4f2d944e5b21.jpeg
2026-44CAGM,finish,2026-09-25 15:24,2026-09-29 17:28,100.55787,13.8623,หลักสี่,ทุ่งสองห้อง,มีน้ำท่วมสูงทั่วทั้งซอย อยากให้มีการระบายลงเป็นช่วงๆเพื่อที่จะได้ไม่ท่วมหรือเอ่อดล้นเข้าไปในบริเวณบ้าน ความสูงระดับหัวเข่า น้ำท่วมมาแล้วน้อยกว่า 3 ชั่วโมง,https://storage.googleapis.com/traffy_public_bucket/attachment/2026-09/54f06bd3cea3857545492c1776e16496.jpeg
2026-GW7XZL,inprogress,2026-09-25 15:24,2026-09-28 12:54,100.6899,13.79655,คันนายาว,คันนายาว,หากมีน้ำท่วมสูงจะแนะนำให้ชาวบ้านนำรถออกนอกพื้นที่ไปจอดได้ที่ใด ความสูงระดับเกือบครึ่งล้อรถครับ น้ำท่วมมาแล้วน้อยกว่า 1 ชั่วโมง,https://storage.googleapis.com/traffy_public_bucket/attachment/2026-09/e591a1cfd3db1bfdf7633828bcb3e514.jpg
2026-Y8M6WH,inprogress,2026-09-25 15:24,2026-09-25 19:20,100.62811,13.84358,บางเขน,ท่าแร้ง,เนื่องจากฝนตกหนัก ฝาปิดท่อระบายน้ำแบบปูนไม่สามารถระบายน้ำลงคลองระบายน้ำได้ จากที่เคยเป็นฝาระบายน้ำแบบตะแกรงเหล็กระบายได้ แต่ตอนนี้ระบายไม่ได้ทำให้น้ำท่วมถนน และท่วมเข้าบ้าน วิธีแก้ไข ต้องการให้นำตะแกรงเหล็กแบบเดิมมาคิน ความสูงระดับเอว น้ำท่วมมาแล้วน้อยกว่,https://storage.googleapis.com/traffy_public_bucket/attachment/2026-09/fae483186190c3bae685f4630ec37fd6.jpeg
2026-6NGL7F,finish,2026-09-25 15:25,2026-10-01 14:51,100.52639,13.82807,บางซื่อ,วงศ์สว่าง,น้ำท่วมทั้งซอบทุกรอบที่ฝนตก ในซอยระบายน้ำไม่ทัน ความสูงระดับครึ่งขา 20-30 ซม น้ำท่วมมาแล้วน้อยกว่า 3 ชั่วโมง,https://storage.googleapis.com/traffy_public_bucket/attachment/2026-09/c6996c98f294d8b5f164818a403b9d41.jpeg
2026-YVYP9C,inprogress,2026-09-25 15:26,2026-09-25 16:35,100.63947,13.77315,บางกะปิ,คลองจั่น,น้ำท่วมเข้าตัวบ้านแล้วค่ะ บ้านต่ำกว่าระดับถนน ขอให้ช่วยระดมสูบน้ำหน่อยนะคะ ที่บ้านมี ผู้สูงอายุอายุ 80 ปี 2 คนค่ะ ความสูงระดับ1 ชั่วโมงค่ะ น้ำท่วมมาแล้วน้อยกว่า 3 ชั่วโมง,https://storage.googleapis.com/traffy_public_bucket/attachment/2026-09/172819de9253e1d3bcb3500e391c753b.jpeg
2026-93GFJM,forward,2026-09-25 15:27,2026-09-25 15:28,100.63599,13.84085,บึงกุ่ม,นวลจันทร์,กทม เร่งสูบน้ำหน่อยค่ะ น้ำในคลองดันเข้าหมู่บ้านค่ะ ความสูงระดับบนพื้นผิวประมาณข้อเท้า น้ำท่วมมาแล้วแต่หมู่บ้านก็เร่งสูบออกค่ะ แต่น้ำในคลองเยอะมากดันเข้าหมู่บ้านอีก,https://storage.googleapis.com/traffy_public_bucket/attachment/2026-09/1dc4c412d38f88a871e69afe4c036b39.jpeg
2026-EFU6ZA,forward,2026-09-25 15:27,2026-09-25 17:37,100.60135,13.65863,บางนา,บางนาใต้,น้ำท่วมขึ้นฟุตบาทเป็นเวลานาน ยังไม่ระบายออก ช่วยจัดการน้ำเพื่อระบายออกให้แห้ง ความสูงระดับเหนือฟุตบาท บริเวณปากซอยแบริ่ง น้ำท่วมมาแล้วน้อยกว่า 1 ชั่วโมง,https://storage.googleapis.com/traffy_public_bucket/attachment/2026-09/67fba5da7d96c99e0ff19ad81630d919.jpeg
2026-J8YFXM,inprogress,2026-09-25 15:27,2026-09-25 15:56,100.62774,13.72731,สวนหลวง,สวนหลวง,พอจะมีเครื่องสูบน้ำ หรือ มีวิธี อะไรเพื่อจะช่วยสูบน้ำออกจากโครงการหมู่บ้าน หรือในบริเวณอเวริวได้บ้างไม่ค่ะ เพราะตอนนี้ น้ำท่วมขังตั้งแต่สะพานข้ามคลองจวน และ ภายในโครงการน้ำท่วมขัง ซอยด้านหลังเกือบถึงเข่าแล้วค่ะ ความสูงระดับหัวเข่า น้ำท่วมมาแล้วน้อยกว่า 1 ,https://storage.googleapis.com/traffy_public_bucket/attachment/2026-09/fd50f17b1743876da85b185b17f9889e.jpeg
2026-J8YFXM,finish,2026-09-25 15:27,2026-10-09 11:10,100.62774,13.72731,สวนหลวง,สวนหลวง,พอจะมีเครื่องสูบน้ำ หรือ มีวิธี อะไรเพื่อจะช่วยสูบน้ำออกจากโครงการหมู่บ้าน หรือในบริเวณอเวริวได้บ้างไม่ค่ะ เพราะตอนนี้ น้ำท่วมขังตั้งแต่สะพานข้ามคลองจวน และ ภายในโครงการน้ำท่วมขัง ซอยด้านหลังเกือบถึงเข่าแล้วค่ะ ความสูงระดับหัวเข่า น้ำท่วมมาแล้วน้อยกว่า 1 ,https://storage.googleapis.com/traffy_public_bucket/attachment/2026-09/fd50f17b1743876da85b185b17f9889e.jpeg
2026-RC2R9T,inprogress,2026-09-25 15:28,2026-09-25 23:20,100.62787,13.78387,วังทองหลาง,คลองเจ้าคุณสิงห์,น้ำท่วมจะเข้าบ้านแล้ว อยากได้ความคืบหน้าว่าจะต้องขนของหรือยังไง มีกระสอบทรายให้มั้ย หรือว่าจะต้องหามาเอง เพราะหมู่บ้านอยู่หลังคลองเลย น้ำจะเข้าใจตัวบ้านแล้ว ความสูงระดับข้อเท้า จากบ้าน แต่มันเอ่อเข้า ในตัวบ้านแล้วค่ะ น้ำท่วมมาแล้วตอนนี้แม่อยู่คนเดียว,https://storage.googleapis.com/traffy_public_bucket/attachment/2026-09/b4ef477a00bfaef82c693b3e27803519.jpeg
2026-RC2R9T,finish,2026-09-25 15:28,2026-10-09 12:34,100.62787,13.78387,วังทองหลาง,คลองเจ้าคุณสิงห์,น้ำท่วมจะเข้าบ้านแล้ว อยากได้ความคืบหน้าว่าจะต้องขนของหรือยังไง มีกระสอบทรายให้มั้ย หรือว่าจะต้องหามาเอง เพราะหมู่บ้านอยู่หลังคลองเลย น้ำจะเข้าใจตัวบ้านแล้ว ความสูงระดับข้อเท้า จากบ้าน แต่มันเอ่อเข้า ในตัวบ้านแล้วค่ะ น้ำท่วมมาแล้วตอนนี้แม่อยู่คนเดียว,https://storage.googleapis.com/traffy_public_bucket/attachment/2026-09/b4ef477a00bfaef82c693b3e27803519.jpeg
2026-XMGF49,inprogress,2026-09-25 15:28,2026-09-25 23:20,100.62787,13.78387,วังทองหลาง,คลองเจ้าคุณสิงห์,น้ำท่วมจะเข้าบ้านแล้ว อยากได้ความคืบหน้าว่าจะต้องขนของหรือยังไง มีกระสอบทรายให้มั้ย หรือว่าจะต้องหามาเอง เพราะหมู่บ้านอยู่หลังคลองเลย น้ำจะเข้าใจตัวบ้านแล้ว ความสูงระดับข้อเท้า จากบ้าน แต่มันเอ่อเข้า ในตัวบ้านแล้วค่ะ น้ำท่วมมาแล้วน้อยกว่า 3 ชั่วโมง,https://storage.googleapis.com/traffy_public_bucket/attachment/2026-09/deefbfb837ae868d04118500a2db1443.jpeg
2026-XMGF49,finish,2026-09-25 15:28,2026-10-09 12:34,100.62787,13.78387,วังทองหลาง,คลองเจ้าคุณสิงห์,น้ำท่วมจะเข้าบ้านแล้ว อยากได้ความคืบหน้าว่าจะต้องขนของหรือยังไง มีกระสอบทรายให้มั้ย หรือว่าจะต้องหามาเอง เพราะหมู่บ้านอยู่หลังคลองเลย น้ำจะเข้าใจตัวบ้านแล้ว ความสูงระดับข้อเท้า จากบ้าน แต่มันเอ่อเข้า ในตัวบ้านแล้วค่ะ น้ำท่วมมาแล้วน้อยกว่า 3 ชั่วโมง,https://storage.googleapis.com/traffy_public_bucket/attachment/2026-09/deefbfb837ae868d04118500a2db1443.jpeg
2026-WDZM8Z,inprogress,2026-09-25 15:31,2026-09-26 00:23,100.60298,13.7591,วังทองหลาง,พลับพลา,น้ำท่วมกำลังจะเข้าบ้านค่ะ เครื่องปั้มน้ำสูบน้ำลงคลองไม่ทัน เอ่อออกมาค่ะ และตรงปูนที่กั้นกำแพงก็มีลอยรั่ว ทำให้มีน้ำซึมออกมา ความสูงระดับหน้าแข้งค่ะ น้ำท่วมมาแล้ว1-2ชม แล้วค่ะ,https://storage.googleapis.com/traffy_public_bucket/attachment/2026-09/920b4b41e85dfc9f9d477362942cf42a.jpeg
2026-WDZM8Z,finish,2026-09-25 15:31,2026-10-09 12:45,100.60298,13.7591,วังทองหลาง,พลับพลา,น้ำท่วมกำลังจะเข้าบ้านค่ะ เครื่องปั้มน้ำสูบน้ำลงคลองไม่ทัน เอ่อออกมาค่ะ และตรงปูนที่กั้นกำแพงก็มีลอยรั่ว ทำให้มีน้ำซึมออกมา ความสูงระดับหน้าแข้งค่ะ น้ำท่วมมาแล้ว1-2ชม แล้วค่ะ,https://storage.googleapis.com/traffy_public_bucket/attachment/2026-09/920b4b41e85dfc9f9d477362942cf42a.jpeg
2026-ATPKHW,inprogress,2026-09-25 15:32,2026-09-26 00:39,100.62831,13.7841,วังทองหลาง,คลองเจ้าคุณสิงห์,"เมื่อน้ำท่วมจะมาจากด้านนอกตัวบ้านเข้าในบ้าน , 2-3 ปีหลัง จะมาจากท่อในห้องน้ำก่อนเสมอ ความสูงระดับข้อเท้า น้ำท่วมมาแล้วน้อยกว่า 3 ชั่วโมง",https://storage.googleapis.com/traffy_public_bucket/attachment/2026-09/d45df8a6b3a8e83b86cbdd44505e41a1.jpeg
2026-ATPKHW,finish,2026-09-25 15:32,2026-10-09 12:32,100.62831,13.7841,วังทองหลาง,คลองเจ้าคุณสิงห์,"เมื่อน้ำท่วมจะมาจากด้านนอกตัวบ้านเข้าในบ้าน , 2-3 ปีหลัง จะมาจากท่อในห้องน้ำก่อนเสมอ ความสูงระดับข้อเท้า น้ำท่วมมาแล้วน้อยกว่า 3 ชั่วโมง",https://storage.googleapis.com/traffy_public_bucket/attachment/2026-09/d45df8a6b3a8e83b86cbdd44505e41a1.jpeg
2026-D3YNWW,inprogress,2026-09-25 15:32,2026-09-25 15:54,100.63294,13.73254,สวนหลวง,สวนหลวง,ตอนนี้น้ำท่วมสูงมากครับ เริ่มเข้าไปในบ้านบางหลังแล้ว และฝนตกไม่มีทีท่าว่าจะหยุดเลยครับ ความสูงระดับหัวเข่า น้ำท่วมมาแล้วน้อยกว่า 1 วัน,https://storage.googleapis.com/traffy_public_bucket/attachment/2026-09/cd6ba8c6652cf70aedc5861638a247ed.jpeg
2026-D3YNWW,finish,2026-09-25 15:32,2026-10-06 12:11,100.63294,13.73254,สวนหลวง,สวนหลวง,ตอนนี้น้ำท่วมสูงมากครับ เริ่มเข้าไปในบ้านบางหลังแล้ว และฝนตกไม่มีทีท่าว่าจะหยุดเลยครับ ความสูงระดับหัวเข่า น้ำท่วมมาแล้วน้อยกว่า 1 วัน,https://storage.googleapis.com/traffy_public_bucket/attachment/2026-09/cd6ba8c6652cf70aedc5861638a247ed.jpeg
2026-88YL3F,finish,2026-09-25 15:33,2026-10-05 10:27,100.63739,13.76676,บางกะปิ,คลองจั่น,ขอกระสอบทราย ความสูงระดับหัวเข่า น้ำท่วมมาแล้วน้อยกว่า 3 ชั่วโมง,https://storage.googleapis.com/traffy_public_bucket/attachment/2026-09/75a13750cbff000ab23b48b83bd89f36.jpeg
2026-CPCGDY,inprogress,2026-09-25 15:33,2026-09-25 16:11,100.74238,13.78158,มีนบุรี,มีนบุรี,น้ำท่วมขังเนื่องจากฝนตกหนักภายในซอย ร่มเกล้า 12 เขต มีนบุรี ความสูงระดับข้อเท้า ถึงหน้าแข้งบางจุดค่ะ น้ำท่วมมาแล้วน้อยกว่า 3 ชั่วโมง,https://storage.googleapis.com/traffy_public_bucket/attachment/2026-09/4ba46a73133ce9dfa645c292693d1987.jpeg
2026-RWBK4U,finish,2026-09-25 15:34,2026-09-25 21:46,100.62266,13.67499,บางนา,บางนาเหนือ,น้ำท่วมเข้าบ้านเรือนแล้ว ความสูงระดับข้อเท้า น้ำท่วมมาแล้วน้อยกว่า 3 ชั่วโมง,https://storage.googleapis.com/traffy_public_bucket/attachment/2026-09/53caaaae9d2c8ee47c5ccef90784b1dd.jpeg
2026-MCRJVB,finish,2026-09-25 15:35,2026-09-26 10:41,100.53174,13.72351,บางรัก,สีลม,พบปัญหาน้ำท่วมขังบริเวณหน้าโครงการ ซึ่งท่อมีน้ำเอ่อล้นออกมา ถึงแม้ทางโครงการจะมีเนินกั้นน้ำไว้ ก็ไม่สามารถกั้นน้ำให้ไหลเข้าโครงการได้ เคยแจ้งสำนักงานเขตบางรักเขาตรวจสอบ พบว่ามีท่อน้ำขนาดใหญ่ขวางอีกฝั่ง ทำให้น้ำระบายออกได้ช้า คุณมีวิธีการแก้ไขปัญหานี้ให้จบ,https://storage.googleapis.com/traffy_public_bucket/attachment/2026-09/74e52231a96fdcb35f816e212a3fc7c8.jpeg
2026-T3H444,inprogress,2026-09-25 15:35,2026-09-25 16:10,100.70382,13.81436,มีนบุรี,มีนบุรี,ซอยรามอินทรา 115 แยก 4 น้ำในท่อระบายไม่ทัน เอ่อล้นขึ้นมาบนพื้นโรงรถ ฝากเจ้าหน้าที่ช่วยดำเนินการแก้ไขให้ด้วยครับ ความสูงระดับข้อเท้า น้ำท่วมมาแล้วน้อยกว่า 3 ชั่วโมง,https://storage.googleapis.com/traffy_public_bucket/attachment/2026-09/64b9613439a6ff7be872f2f7cf1aaf1a.jpeg
2026-UVZ6T2,inprogress,2026-09-25 15:35,2026-09-25 16:33,100.63699,13.76867,บางกะปิ,คลองจั่น,น้ำท่วมเข้ามาในออฟฟิสแล้วครับ รบกวนระบายน้ำหรือใช้ปั๊มน้ำสูบออกทีครับผม ความสูงระดับท่วมสูงมา 30 ซม.แล้วครับ น้ำท่วมมาแล้วน้อยกว่า 1 วัน,https://storage.googleapis.com/traffy_public_bucket/attachment/2026-09/c9356bc0866e139b014f437e896bdbb3.jpeg
2026-VT9AYX,inprogress,2026-09-25 15:35,2026-09-26 00:34,100.62668,13.78151,วังทองหลาง,คลองเจ้าคุณสิงห์,ขณะนนี้น้ำท่วม เข้าพื้นที่บ้าน ไม่ทราบว่าเริ่มการเปิดเครื่องระบาย หรือเครื่องผลักดันน้ำเข้าคลองหรือยังครับ ความสูงระดับข้อเท้า น้ำท่วมมาแล้วน้อยกว่า 3 ชั่วโมง,https://storage.googleapis.com/traffy_public_bucket/attachment/2026-09/4431bd4beee10dbf6cb2149833fdc4a0.jpeg
2026-VT9AYX,finish,2026-09-25 15:35,2026-10-09 12:30,100.62668,13.78151,วังทองหลาง,คลองเจ้าคุณสิงห์,ขณะนนี้น้ำท่วม เข้าพื้นที่บ้าน ไม่ทราบว่าเริ่มการเปิดเครื่องระบาย หรือเครื่องผลักดันน้ำเข้าคลองหรือยังครับ ความสูงระดับข้อเท้า น้ำท่วมมาแล้วน้อยกว่า 3 ชั่วโมง,https://storage.googleapis.com/traffy_public_bucket/attachment/2026-09/4431bd4beee10dbf6cb2149833fdc4a0.jpeg
2026-4XFGJE,finish,2026-09-25 15:36,2026-09-29 17:28,100.5493,13.85164,หลักสี่,ทุ่งสองห้อง,น้ำท่วมเข้ากลางบ้านแล้ว เมื่อเช้ายังไม่เข้า ความสูงระดับหน้าแข้ง น้ำท่วมมาแล้วน้อยกว่า 3 ชั่วโมง,https://storage.googleapis.com/traffy_public_bucket/attachment/2026-09/5c4ba7cc48674cd1f777cdc07444f610.jpeg
2026-7EKVPP,inprogress,2026-09-25 15:36,2026-09-25 20:39,100.686,13.74146,สะพานสูง,สะพานสูง,มีน้ำท่วมขังในหมู่บ้านอยู่สบาย และเริ่มเข้าบ้านแล้วค่ะ ความสูงระดับหน้าแข้ง น้ำท่วมมาแล้วน้อยกว่า 1 วัน,https://storage.googleapis.com/traffy_public_bucket/attachment/2026-09/521d8b2e3e425370b071dfcd8273d7cf.jpeg
2026-7LDPG3,forward,2026-09-25 15:36,2026-09-30 13:55,100.71585,13.85611,คลองสามวา,บางชัน,น้ำท่วม ความสูงระดับข้อเท้า น้ำท่วมมาแล้วน้อยกว่า 1 วัน,https://storage.googleapis.com/traffy_public_bucket/attachment/2026-09/2506d94a1d2fb71229d100a89ffd263f.jpeg
2026-7LDPG3,follow,2026-09-25 15:36,2026-09-30 13:55,100.71585,13.85611,คลองสามวา,บางชัน,น้ำท่วม ความสูงระดับข้อเท้า น้ำท่วมมาแล้วน้อยกว่า 1 วัน,https://storage.googleapis.com/traffy_public_bucket/attachment/2026-09/2506d94a1d2fb71229d100a89ffd263f.jpeg
2026-G864BL,start,2026-09-25 15:36,2026-09-25 17:05,100.78024,13.72325,ลาดกระบัง,ลาดกระบัง,ตามที่แจ้งเมื่อเช้าระดับน้ำไม่ลดลงเลย ขณะนี้ฝนยิ่งตกมาก น้ำเพิ่มสูงตลอด น้ำจะเข้าบ้านแล้วค่ะ ความสูงระดับจากพื้นถึงกรอบประตูประมาณ30ซม. ตอนนี้น่าจะ สูงประมาณ 20-25ซม. น้ำท่วมมาแล้วตั้งแต่เมื่อคืน เมื่อเช้าเรามีแจ้งไปแล้ว แต่น้ำน่าจะสูงประมาณ10ซม.,https://storage.googleapis.com/traffy_public_bucket/attachment/2026-09/a008cf14b13e9682dcb498c5619b158f.jpeg
2026-DA4D82,inprogress,2026-09-25 15:37,2026-09-25 15:48,100.65474,13.71377,ประเวศ,ประเวศ,ท่อน้ำรอการระบายครับ ความสูงระดับข้อเท้า น้ำท่วมมาแล้วน้อยกว่า 1 ชั่วโมง,https://storage.googleapis.com/traffy_public_bucket/attachment/2026-09/4819d89af6ac0b6dbfbc77574d4b6ff6.jpeg
2026-DE4DBW,inprogress,2026-09-25 15:37,2026-09-28 12:56,100.6785,13.83724,คันนายาว,คันนายาว,มีน้ำท่วมล้นคลองท้ายหมู่บ้านเปรมฤทัย3 ในซอยกาญจนาภิเษก 11/1 มีน้ำท่วมเข้าบ้านประชาชนบางส่วนแล้ว ความสูงระดับประมาณ 20 -30 ซมค่ะ น้ำท่วมมาแล้วประมาณ 1 ชมแล้วค่ะ,https://storage.googleapis.com/traffy_public_bucket/attachment/2026-09/thumb_458470a27b7b1f51ee2701566d20230c.jpg
2026-JF8PCA,finish,2026-09-25 15:37,2026-09-25 16:39,100.46365,13.79255,ตลิ่งชัน,ตลิ่งชัน,น้ำท่วมถนนในซอยชัยพฤกษ์25 ทุกครั้งที่ฝนตก รบกวนทำทางระบายน้ำถึงท่อสาธารณะหน้าปากซอยให้หน่อยครับ ความสูงระดับหน้าแข้ง น้ำท่วมมาแล้วน้อยกว่า 1 วัน,https://storage.googleapis.com/traffy_public_bucket/attachment/2026-09/a36db7f6ea45f3b5b61fe982197c2580.jpeg
2026-WEPH9Z,finish,2026-09-25 15:37,2026-10-02 17:03,100.43313,13.79534,ตลิ่งชัน,ตลิ่งชัน,ซอยสวนผัก29 แยก2-2 เขตตลิ่งชัน ฝนตกต่องเนื่อง น้ำท่วมขังรอระบาย ช่วยเปิดเครื่องสูบน้ำด่วนครับ ความสูงระดับข้อเท้า น้ำท่วมมาแล้วน้อยกว่า 3 ชั่วโมง,https://storage.googleapis.com/traffy_public_bucket/attachment/2026-09/200a512dd47dea478e5ad48c87be9b6a.jpeg
2026-T8YEKM,forward,2026-09-25 15:38,2026-09-30 13:41,100.73149,13.85051,คลองสามวา,ทรายกองดิน,น้ำท่วมบ้านค่ะ ฝนตกไม่ว่าหนักหรือเบาก็ท่วมค่ะ ความสูงระดับหน้าแข้ง น้ำท่วมมาแล้วน้อยกว่า 1 วัน,https://storage.googleapis.com/traffy_public_bucket/attachment/2026-09/a86330efa0a3ab3ecd0cd1440a4377e7.jpeg
2026-97CGAP,inprogress,2026-09-25 15:39,2026-09-25 15:49,100.65796,13.7105,ประเวศ,ประเวศ,น้ำท่วม เหมือนเครื่องกทม.ไม่ทำงานหรือเปล่าครับ ท้ายซอย 70/1 ความสูงระดับปากซอย 70/1 น่าจะสูงครึ่งล้อรถยนต์ครับ น้ำท่วมมาแล้วน้อยกว่า 3 ชั่วโมง,https://storage.googleapis.com/traffy_public_bucket/attachment/2026-09/70f630577b5800065d9778705a631c7c.jpeg
2026-NCG69G,forward,2026-09-25 15:39,2026-09-30 13:43,100.69512,13.83008,คลองสามวา,บางชัน,น้ำท่วมซ่อมรถเข้าออกไม่ได้คับ รบกวนนำเครื่องสูบน้ำมาตั้งให้ด่วนคับ ความสูงระดับตั้งแต่8โมงคับ น้ำเพิ่มสูงเรื่อยๆ เพราะไม่มีท่อระบายนะคับ พระยาสุเรนทร์19 น้ำท่วมมาแล้วน้อยกว่า 1 วัน,https://storage.googleapis.com/traffy_public_bucket/attachment/2026-09/cb7ad122fa8a28b5b45503ec19ffe45a.jpeg
2026-NCG69G,follow,2026-09-25 15:39,2026-09-30 13:43,100.69512,13.83008,คลองสามวา,บางชัน,น้ำท่วมซ่อมรถเข้าออกไม่ได้คับ รบกวนนำเครื่องสูบน้ำมาตั้งให้ด่วนคับ ความสูงระดับตั้งแต่8โมงคับ น้ำเพิ่มสูงเรื่อยๆ เพราะไม่มีท่อระบายนะคับ พระยาสุเรนทร์19 น้ำท่วมมาแล้วน้อยกว่า 1 วัน,https://storage.googleapis.com/traffy_public_bucket/attachment/2026-09/cb7ad122fa8a28b5b45503ec19ffe45a.jpeg
2026-ELMWBG,inprogress,2026-09-25 15:40,2026-09-25 15:51,100.6694,13.72727,ประเวศ,ประเวศ,ซอยพัฒนาการ 65 และ 69 น้ำท่วมในหมู่บ้านเรียบร้อยแล้วค่ะ หมู่บ้านไม่สูบออกแล้วนะ ความสูงระดับหัวเข่า น้ำท่วมมาแล้วน้อยกว่า 3 ชั่วโมง,https://storage.googleapis.com/traffy_public_bucket/attachment/2026-09/7a3c76418a5dd30622c04d69349ba7d8.jpeg
2026-JTZ6HE,inprogress,2026-09-25 15:40,2026-09-26 00:40,100.62417,13.79687,วังทองหลาง,คลองเจ้าคุณสิงห์,น้ำท่วมหนักขึ้นกว่าเก่า ความสูงระดับหน้าแข้ง น้ำท่วมมาแล้วน้อยกว่า 3 ชั่วโมง,https://storage.googleapis.com/traffy_public_bucket/attachment/2026-09/thumb_df910d632b94b94b99d6b7a40f54b6ea.jpg
2026-JTZ6HE,finish,2026-09-25 15:40,2026-10-09 12:31,100.62417,13.79687,วังทองหลาง,คลองเจ้าคุณสิงห์,น้ำท่วมหนักขึ้นกว่าเก่า ความสูงระดับหน้าแข้ง น้ำท่วมมาแล้วน้อยกว่า 3 ชั่วโมง,https://storage.googleapis.com/traffy_public_bucket/attachment/2026-09/thumb_df910d632b94b94b99d6b7a40f54b6ea.jpg
2026-LLPFJ9,finish,2026-09-25 15:40,2026-10-02 14:30,100.47051,13.75703,บางกอกน้อย,บ้านช่างหล่อ,เร่งด่วน น้ำจากลานจอดรถเอกชนไหลท่วมชุมชนบ้านเรือนหลายหลังได้รับความเสียหาย #1555 #bkkrongtook,https://storage.googleapis.com/traffy_public_bucket/attachment/2026-09/234d4f2817713c2c7abb6279cbd1bae8.jpg
2026-3V747Y,finish,2026-09-25 15:42,2026-10-05 11:47,100.50974,13.65135,ทุ่งครุ,บางมด,น้ำจากถนนท่วมเข้าบ้าน ท่อน้ำเต็มไม่ได้ระบาย ความสูงระดับท่วม 20 เซนติเมตร น้ำท่วมมาแล้วน้อยกว่า 1 วัน,https://storage.googleapis.com/traffy_public_bucket/attachment/2026-09/ea9387a2cc2e88ab5ca1190ec8bde860.jpeg
2026-83BMC9,inprogress,2026-09-25 15:42,2026-09-25 23:21,100.62745,13.76324,วังทองหลาง,พลับพลา,บริเวณลาดพร้าว124-126 น้ำคลองแสนแสบหนุน เริ่มขึ้นสูงแล้วค่ะ ความสูงระดับหน้าแข้ง น้ำท่วมมาแล้วน้อยกว่า 3 ชั่วโมง,https://storage.googleapis.com/traffy_public_bucket/attachment/2026-09/b4873e298ed961cdaf6da627dd6a9c36.jpeg
2026-83BMC9,finish,2026-09-25 15:42,2026-10-09 12:30,100.62745,13.76324,วังทองหลาง,พลับพลา,บริเวณลาดพร้าว124-126 น้ำคลองแสนแสบหนุน เริ่มขึ้นสูงแล้วค่ะ ความสูงระดับหน้าแข้ง น้ำท่วมมาแล้วน้อยกว่า 3 ชั่วโมง,https://storage.googleapis.com/traffy_public_bucket/attachment/2026-09/b4873e298ed961cdaf6da627dd6a9c36.jpeg
2026-C7W9JB,finish,2026-09-25 15:42,2026-09-29 17:28,100.57212,13.85677,หลักสี่,ตลาดบางเขน,น้ำท่วมหนักมากๆค่ะวอนทางเจ้าหน้าที่ที่เกี่ยวข้องช่วยหน่อยนะคะ ตอนนี้บริเวณทางเดินเลยเข่าแล้วค่ะ ส่วนภายในบ้าน กำลังจะเลยเข่าค่ะ เก็บของเท่าที่เก็บก็ไม่ทันค่ะ ความสูงระดับหัวเข่า น้ำท่วมมาแล้วน้อยกว่า 1 วัน,https://storage.googleapis.com/traffy_public_bucket/attachment/2026-09/thumb_e72f74a0c18d1fe67a161de60aae4946.jpg
2026-4Y6NM7,inprogress,2026-09-25 15:43,2026-09-25 19:20,100.67028,13.85774,บางเขน,ท่าแร้ง,ปริมาณน้ำในซอย 9 หมู่บ้านเสนาวิลล่า 3 (ซอย คู้บอน 27 แยก 10) สูงประมาณ 15 เซนติเมตร กำลังจะท่วมเข้าลาดจอดรถแล้วครับ ความสูงระดับหน้าแข้ง น้ำท่วมมาแล้วน้อยกว่า 1 ชั่วโมง,https://storage.googleapis.com/traffy_public_bucket/attachment/2026-09/e325db3e29e4009b1883b312f6cc8ea4.jpeg
2026-76P6DK,forward,2026-09-25 15:43,2026-09-25 17:24,100.52667,13.7544,ราชเทวี,ถนนเพชรบุรี,สามแยกบรรทัดทอง-เพชรบุรี น้ำท่วมเสมอฟุตบาท 3 ช่องจราจรจาก 4 ช่อง ความสูงระดับหน้าแข้ง น้ำท่วมมาแล้วน้อยกว่า 3 ชั่วโมง,https://storage.googleapis.com/traffy_public_bucket/attachment/2026-09/6bcf6f3e947698e6dca5a94e3615cf0d.jpeg
2026-JM7P3F,inprogress,2026-09-25 15:44,2026-09-28 12:56,100.67913,13.83834,คันนายาว,คันนายาว,น้ำท่วมขังในซอยแยก 1/19 และ 1/25 เนื่องจาก 2 ซอยนี้ทางเขตไม่ทำพื้นถนนและปรับปรุงท่อระบายน้ำให้เหมือนซอยอื่นๆในหมู่บ้านเดียวกัน ได้แจ้งไปก่อนหน้าแล้ว ก็ไม่มีอะไรเกิดขึ้น ท่วมทั้ง 2 ซอยขณะที่ซอยอื่นๆ ในหมู่บ้านเดียวกัน ได้รับการทำถนนในซอยใหม่และทำท่อระบายน้,https://storage.googleapis.com/traffy_public_bucket/attachment/2026-09/c77ba58dd33e1b305db4f55fcf0842fd.jpeg
2026-PX3CKZ,forward,2026-09-25 15:44,2026-09-25 15:50,100.49657,13.79072,บางพลัด,บางพลัด,รบกวนช่วยสูบน้ำหน่อยค่ะ ความสูงระดับหน้าแข้ง น้ำท่วมมาแล้วน้อยกว่า 3 ชั่วโมง,https://storage.googleapis.com/traffy_public_bucket/attachment/2026-09/73cfc5b730441aa7fdc8c785cd5223d2.jpeg
2026-XJXEEF,inprogress,2026-09-25 15:44,2026-09-26 00:31,100.62523,13.78055,วังทองหลาง,คลองเจ้าคุณสิงห์,น้ำท่วมหนักจนเข้ามาในบ้าน ช่วยเร่งการระบายน้ำ ความสูงระดับข้อเท้า น้ำท่วมมาแล้วน้อยกว่า 3 ชั่วโมง,https://storage.googleapis.com/traffy_public_bucket/attachment/2026-09/f289639701e398ce4ae077b6a30ed09d.jpeg
2026-XJXEEF,finish,2026-09-25 15:44,2026-10-09 12:29,100.62523,13.78055,วังทองหลาง,คลองเจ้าคุณสิงห์,น้ำท่วมหนักจนเข้ามาในบ้าน ช่วยเร่งการระบายน้ำ ความสูงระดับข้อเท้า น้ำท่วมมาแล้วน้อยกว่า 3 ชั่วโมง,https://storage.googleapis.com/traffy_public_bucket/attachment/2026-09/f289639701e398ce4ae077b6a30ed09d.jpeg
2026-7RHG4H,finish,2026-09-25 15:45,2026-09-30 21:32,100.58965,13.81097,ลาดพร้าว,ลาดพร้าว,รถออกไม่ได้ น้ำเข้าบ้าน ความสูงระดับ30 cm จากถนนแล้วนะคะ น้ำท่วมมาแล้วนี่บ้านยกสูงแล้ว แต่บ้านอื่นในซอยเข้าบ้านแล้วค่ะ,https://storage.googleapis.com/traffy_public_bucket/attachment/2026-09/ca1b3c937c974e3c8939ce4effc63842.jpeg
2026-VHHRK7,finish,2026-09-25 15:45,2026-10-02 11:24,100.61644,13.69899,พระโขนง,บางจาก,น้ำท่วม ความสูงระดับหน้าแข้ง น้ำท่วมมาแล้วน้อยกว่า 3 ชั่วโมง,https://storage.googleapis.com/traffy_public_bucket/attachment/2026-09/9edb2ba2cc6f7b2caeba5918eb17dd76.jpeg
2026-ZFVK9G,inprogress,2026-09-25 15:45,2026-09-26 00:21,100.62392,13.797,วังทองหลาง,คลองเจ้าคุณสิงห์,นำ้ท่วมสูงยิ่งกว่าเดิมอีก ความสูงระดับหน้าแข้ง น้ำท่วมมาแล้วแล้ว,https://storage.googleapis.com/traffy_public_bucket/attachment/2026-09/thumb_20471d180967b8d51ac8d0166b85a5c7.jpg
2026-ZFVK9G,finish,2026-09-25 15:45,2026-10-07 01:03,100.62392,13.797,วังทองหลาง,คลองเจ้าคุณสิงห์,นำ้ท่วมสูงยิ่งกว่าเดิมอีก ความสูงระดับหน้าแข้ง น้ำท่วมมาแล้วแล้ว,https://storage.googleapis.com/traffy_public_bucket/attachment/2026-09/thumb_20471d180967b8d51ac8d0166b85a5c7.jpg
2026-8PU7ZY,inprogress,2026-09-25 15:46,2026-09-25 15:56,100.63276,13.73263,สวนหลวง,สวนหลวง,น้ำท่วมขังประมาณ 1 เมตร ในซอยพัฒนาการ 46 สัญจรไม่ได้ น้ำท่วมสูงมากๆ กำลังจะเข้าบ้านแล้วค่ะ ความสูงระดับหัวเข่า น้ำท่วมมาแล้วน้อยกว่า 1 วัน,https://storage.googleapis.com/traffy_public_bucket/attachment/2026-09/thumb_c6ac17631a5a2a3bf2dc13e4e2c73416.jpg
2026-8PU7ZY,finish,2026-09-25 15:46,2026-10-06 12:05,100.63276,13.73263,สวนหลวง,สวนหลวง,น้ำท่วมขังประมาณ 1 เมตร ในซอยพัฒนาการ 46 สัญจรไม่ได้ น้ำท่วมสูงมากๆ กำลังจะเข้าบ้านแล้วค่ะ ความสูงระดับหัวเข่า น้ำท่วมมาแล้วน้อยกว่า 1 วัน,https://storage.googleapis.com/traffy_public_bucket/attachment/2026-09/thumb_c6ac17631a5a2a3bf2dc13e4e2c73416.jpg
2026-AFUVXC,forward,2026-09-25 15:46,2026-09-30 13:53,100.70657,13.82177,คลองสามวา,บางชัน,ฝนตกต่อเนื่องทำให้บริเวณซอยเจริญพัฒนา 1 แยก 1 ที่มีคลอง สองคลอง ทั้งบริเวณต้นซอย และ ท้าย ซอย ทำให้เกิดน้ำท่วม บางบ้านมีน้ำเข้าไปแล้ว มีสิ่งสกปรกตำนวนมากติดค้างอยู่ มีผู้สูงอายุอาศัยอยู่มาก ไม่สามารถออกไปนอกบ้านได้จริงๆค่ะระดับน้ำมันสูง + น้ำมันเชี่ยว บ้า,https://storage.googleapis.com/traffy_public_bucket/attachment/2026-09/2ad6807ef70b645be2704dfd520b2381.jpeg
2026-BW2D3W,inprogress,2026-09-25 15:46,2026-09-25 15:48,100.65676,13.72346,ประเวศ,ประเวศ,แจ้งเหตุน้ำท่วมวิกฤต เสี่ยงเข้าท่วมตัวบ้านด่วนครับ!พิกัด: ซอยพัฒนาการ 78 แยกผาสุกหทัย 6 เขตประเวศ สถานการณ์ปัจจุบัน: ล่าสุดน้ำเอ่อสูงมาก `ท่วมมิดฟุตบาทเรียบร้อยแล้ว` และระดับน้ำกำลังจะปริ่มเข้าถึงพื้นกระเบื้องหน้าตัวบ้าน รถทุกชนิดสัญจรลำบากมากและน้ำจะก,https://storage.googleapis.com/traffy_public_bucket/attachment/2026-09/ba07fa2769586819f8c8b033b80350be.jpeg
2026-G7EMJL,inprogress,2026-09-25 15:46,2026-09-26 00:38,100.62426,13.78406,วังทองหลาง,คลองเจ้าคุณสิงห์,ท่อระบายน้ำใน ม.ประชากรไทย ซ.ลาดพร้าว 93 เต็มท่อมา 2 วันแล้ว ทำให้วันฝนตกน้ำเริ่มท่วมเข้ามาในบ้านแล้ว ความสูงระดับหน้าแข้ง น้ำท่วมมาแล้วน้อยกว่า 3 ชั่วโมง,https://storage.googleapis.com/traffy_public_bucket/attachment/2026-09/249718792b7a6a71d64594b7ed4ad7a4.jpeg
2026-G7EMJL,finish,2026-09-25 15:46,2026-10-09 12:32,100.62426,13.78406,วังทองหลาง,คลองเจ้าคุณสิงห์,ท่อระบายน้ำใน ม.ประชากรไทย ซ.ลาดพร้าว 93 เต็มท่อมา 2 วันแล้ว ทำให้วันฝนตกน้ำเริ่มท่วมเข้ามาในบ้านแล้ว ความสูงระดับหน้าแข้ง น้ำท่วมมาแล้วน้อยกว่า 3 ชั่วโมง,https://storage.googleapis.com/traffy_public_bucket/attachment/2026-09/249718792b7a6a71d64594b7ed4ad7a4.jpeg
2026-U86YFH,inprogress,2026-09-25 15:46,2026-09-25 15:57,100.6365,13.74855,สวนหลวง,สวนหลวง,น้ำท่วมมซอย น้ำเป็นสีขุ่นๆทรายๆ และน้ำขึ้นไวมาก ความสูงระดับหน้าแข้ง น้ำท่วมมาแล้วน้อยกว่า 3 ชั่วโมง,https://storage.googleapis.com/traffy_public_bucket/attachment/2026-09/a416bd3912eeca1ae7ce67e66622ea77.jpeg
2026-U86YFH,finish,2026-09-25 15:46,2026-10-06 12:10,100.6365,13.74855,สวนหลวง,สวนหลวง,น้ำท่วมมซอย น้ำเป็นสีขุ่นๆทรายๆ และน้ำขึ้นไวมาก ความสูงระดับหน้าแข้ง น้ำท่วมมาแล้วน้อยกว่า 3 ชั่วโมง,https://storage.googleapis.com/traffy_public_bucket/attachment/2026-09/a416bd3912eeca1ae7ce67e66622ea77.jpeg
2026-2JC2NE,forward,2026-09-25 15:47,2026-09-30 08:47,100.67168,13.88959,สายไหม,ออเงิน,น้ำในคลองล้นเข้าท่วมบ้านประชาชนในชุมชนและท่วมถนนสำหรับเดินรถ ประมาณ 30 ซม. มอเตอร์ไซค์ไม่สามารถสัญจรได้ ในชุมชนมีผู้สูงอายุ ความสูงระดับหัวเข่า น้ำท่วมมาแล้วน้อยกว่า 3 ชั่วโมง,https://storage.googleapis.com/traffy_public_bucket/attachment/2026-09/8fb9434fa60b9844f7d731ae0f9f7914.jpeg
2026-3KLCKK,forward,2026-09-25 15:47,2026-09-25 17:11,100.65673,13.79155,บึงกุ่ม,คลองกุ่ม,น้ำท่วมตอนนี้เริ่มเข้าครัวแล้ว หากฝนยังตกอีกไม่หยุด น่าจะเข้าตัวบ้าน ตอนนี้ทำอะไรไม่ได้เลย กระสิบทรายหรือที่กั้นน้ำอะไรก็ไม่มี ความสูงระดับราว 30 ซม. น้ำท่วมมาแล้วตั้งแต่เช้า,https://storage.googleapis.com/traffy_public_bucket/attachment/2026-09/0c7a9f14c9892a98e6f640ce8333055e.jpeg
2026-XVMP73,inprogress,2026-09-25 15:47,2026-09-25 15:54,100.64981,13.7545,บางกะปิ,หัวหมาก,น้ำ้ในคลองหัวหมากน้อยล้นเข้ามาท่วมถนนในหมู่บ้านสวนสน แยก 10 และ 12 รวมทั้งเข้าในบริเวณบ้านเรือนประขาชนในหมู่บ้านแล้ว ความสูงระดับข้อเท้า น้ำท่วมมาแล้วน้อยกว่า 3 ชั่วโมง,https://storage.googleapis.com/traffy_public_bucket/attachment/2026-09/477fd60d7bbff7ba7b639ce6948b0e7b.jpeg
2026-XVMP73,finish,2026-09-25 15:47,2026-10-06 14:38,100.64981,13.7545,บางกะปิ,หัวหมาก,น้ำ้ในคลองหัวหมากน้อยล้นเข้ามาท่วมถนนในหมู่บ้านสวนสน แยก 10 และ 12 รวมทั้งเข้าในบริเวณบ้านเรือนประขาชนในหมู่บ้านแล้ว ความสูงระดับข้อเท้า น้ำท่วมมาแล้วน้อยกว่า 3 ชั่วโมง,https://storage.googleapis.com/traffy_public_bucket/attachment/2026-09/477fd60d7bbff7ba7b639ce6948b0e7b.jpeg
2026-YM9AYY,forward,2026-09-25 15:47,2026-09-25 17:11,100.65023,13.80356,บึงกุ่ม,คลองกุ่ม,📣🔉🔊👀🤽🧜แจ้งน้ำท่วมสูง ในโครงการธุนะสิน 5-6 ประมาณ 10-25 ซม😢 เนื่องจากฝนตกหนักประกอบกับมีการเจาะท่อระบายน้ำลงคลองบางเตย 4 จุด และเมื่อน้ำจากคลองเต็มเลยดันเข้ามาในท่อ และตามแนวรั้วที่ติดลำรางฝั่งโครงการ 5 อีก จึงเกิดน้ำท่ซมสูง จมทั้งโครงการ 📸 📌โครงการ ธนะสิ,https://storage.googleapis.com/traffy_public_bucket/attachment/2026-09/bf85fca8cc1ff2bbd709810466c963b0.jpeg
2026-P68RX7,finish,2026-09-25 15:48,2026-09-30 16:33,100.62488,13.67734,บางนา,บางนาเหนือ,สวัสดีค่ะแจ้ง ถนนสุขุมวิท 103 และซอย 32 น้ำท่วมหนักมากค่ะ น้ำเพิ่มสูงขึ้นจากท่อไวมาก ความสูงระดับในซอยเกือบถึงสะโพกค่ะ น้ำท่วมมาแล้วน้อยกว่า 1 วัน,https://storage.googleapis.com/traffy_public_bucket/attachment/2026-09/6434b024ba1952c103c4695e85fe270d.jpeg
2026-HZWCFE,inprogress,2026-09-25 15:49,2026-09-25 15:50,100.68033,13.72968,ประเวศ,ประเวศ,ฝนตกหนักต่อเนื่องทำให้เกิดน้ำท่วมสูงบริเวณหน้าหมู่บ้านเนอวานา คัฟเวอร์ อ่อนนุช 65 รถสัญจรเข้าออกลำบาก ความสูงระดับเกือบถึงหัวเข่า น้ำท่วมมาแล้วน้อยกว่า 1 วัน,https://storage.googleapis.com/traffy_public_bucket/attachment/2026-09/72bda90850fb9104ff2f36b2cf5b5fe4.jpeg
2026-7ECJ3K,forward,2026-09-25 15:51,2026-09-27 11:12,100.47432,13.75713,บางกอกน้อย,บ้านช่างหล่อ,เวลาฝนตกน้ำล้นคลองทำให้จะเข้าบ้านเนื่องจากในบ้านมีคนผู้สูงอายุอยู่ด้วยจะทำการเคลื่อนย้ายลำบาก และน้ำในคลองไม่เคลื่อนไหว ทำให้ยุงเยอะมาก ความสูงระดับข้อเท้า น้ำท่วมมาแล้วน้อยกว่า 1 ชั่วโมง,https://storage.googleapis.com/traffy_public_bucket/attachment/2026-09/f87035885b0e311b44ab56c4cacb3bd9.jpeg
2026-JUHDRL,inprogress,2026-09-25 15:51,2026-09-25 15:54,100.68527,13.67511,ประเวศ,ดอกไม้,ฝนตกสะสมทำให้น้ำท่วมบริเวณถนนรามคำแหง 2 ซอยทางเข้าสน.อุดมสุข ระดับน้ำ 18 ซม. ความสูงระดับหน้าแข้ง น้ำท่วมมาแล้วน้อยกว่า 1 วัน,https://storage.googleapis.com/traffy_public_bucket/attachment/2026-09/ab7a3f8ab55df2ec38493a32aa62cf8c.jpeg
2026-NZYH76,inprogress,2026-09-25 15:52,2026-09-25 17:48,100.57762,13.78096,ห้วยขวาง,ห้วยขวาง,น้ำท่วมรอการระบาย ไม่สามารถสัญจร ได้ ความสูงระดับข้อเท้า น้ำท่วมมาแล้วน้อยกว่า 3 ชั่วโมง,https://storage.googleapis.com/traffy_public_bucket/attachment/2026-09/thumb_e86201a3b01009269c20ad1d4928763e.jpg
2026-TMABZG,inprogress,2026-09-25 15:52,2026-09-26 10:00,100.43101,13.62562,บางขุนเทียน,แสมดำ,น้ำท่วมยังไม่ลดเลย รีบระบายน้ำหน่อย ความสูงระดับท่วมครึ่งขานานแล้ว เข้าบ้านแล้ว น้ำท่วมมาแล้วตั้งแต่เมื่อคืน,https://storage.googleapis.com/traffy_public_bucket/attachment/2026-09/380c87360063ffac6b73339503a44431.jpeg
2026-X3D7TB,inprogress,2026-09-25 15:52,2026-09-25 15:54,100.68262,13.68297,ประเวศ,ดอกไม้,น้ำท่วมในหมู่บ้าน ความสูงระดับหัวเข่า น้ำท่วมมาแล้วน้อยกว่า 3 ชั่วโมง,https://storage.googleapis.com/traffy_public_bucket/attachment/2026-09/thumb_da6301eedcf5e561eee2a6633af97909.jpg
2026-Z732W8,inprogress,2026-09-25 15:52,2026-09-25 18:16,100.35603,13.73503,หนองแขม,หนองค้างพลู,น้ำท่วมเข้าตัวบ้านแล้ว ไหนบอกเอาอยู่ ระดับน้ำคลองวิกฤตแล้ว ความสูงระดับข้อเท้า น้ำท่วมมาแล้วน้อยกว่า 3 ชั่วโมง,https://storage.googleapis.com/traffy_public_bucket/attachment/2026-09/8b1198cf15e1192b8d9de59ab438aa99.jpeg
2026-Z732W8,finish,2026-09-25 15:52,2026-10-09 10:32,100.35603,13.73503,หนองแขม,หนองค้างพลู,น้ำท่วมเข้าตัวบ้านแล้ว ไหนบอกเอาอยู่ ระดับน้ำคลองวิกฤตแล้ว ความสูงระดับข้อเท้า น้ำท่วมมาแล้วน้อยกว่า 3 ชั่วโมง,https://storage.googleapis.com/traffy_public_bucket/attachment/2026-09/8b1198cf15e1192b8d9de59ab438aa99.jpeg
2026-4XRMUD,inprogress,2026-09-25 15:53,2026-10-05 10:19,100.61309,13.94779,ดอนเมือง,สนามบิน,น้ำท่วมซอยวิภาวดี41 จะแก้ไขให้อย่างำรอย่างรีบด่วน เคยแจ้งเรื่องไว้ให้มาลอกคูคลองแต่ไม่ได้ดำเนินการ ถ้าฝนไม่หยุดคืนนี้ถนนในซอยวิภาวดี41จะเข้าออกไม่ได้ คนไม่ชำนาญพื้นที่จะไม่รู้ว่าส่วนไหนคือคูคลองเพราะมีต้นไม้และหญ้าขึ้นเต็มจะทำให้เกิดอุบัติเหตุได้ ควรได้ร,https://storage.googleapis.com/traffy_public_bucket/attachment/2026-09/thumb_87d2b5d9a0cab7a584097c64482dc851.jpg
2026-P3LBK9,forward,2026-09-25 15:53,2026-09-25 15:55,100.56163,13.73042,คลองเตย,คลองเตย,น้ำท่วมขังในซอยสุขุมวิท 16 ความสูงระดับข้อเท้า น้ำท่วมมาแล้วน้อยกว่า 1 ชั่วโมง,https://storage.googleapis.com/traffy_public_bucket/attachment/2026-09/c7faca993114a3ed9bad320f36af2d91.jpeg
2026-V67ZYJ,inprogress,2026-09-25 15:54,2026-09-25 16:12,100.71687,13.83124,มีนบุรี,มีนบุรี,น้ำจะท่วมซอย รถจะเข้าออกไม่ได้แล้วค่ะ ความสูงระดับข้อเท้า น้ำท่วมมาแล้วน้อยกว่า 3 ชั่วโมง,https://storage.googleapis.com/traffy_public_bucket/attachment/2026-09/3429086e643eb8d78489d98810ec3e7c.jpeg
2026-7J9GVP,forward,2026-09-25 15:55,2026-09-25 17:10,100.65195,13.80767,บึงกุ่ม,คลองกุ่ม,📣🔉🔊👀🤽🧜แจ้งน้ำท่วมถนน.ซอยนวมินทร์ 68 😢 ความสูง 10-15 ซม. 📸 📌แถว 7-11 เป็นต้นไป 🛣️ ในซอย นวมินทร์ 68 🙏👷👩‍🔧 ขอขอบคุณเจ้าหน้าที่ทุกท่าน ในการจัดการปัญหานี้ ✌️✌️💪👏👏👏 ความสูงระดับข้อเท้า น้ำท่วมมาแล้วน้อยกว่า 3 ชั่วโมง,https://storage.googleapis.com/traffy_public_bucket/attachment/2026-09/588fe376360b08fd1a168921d6c8ad8a.jpeg
2026-CLTV6L,forward,2026-09-25 15:55,2026-09-25 22:45,100.36306,13.7299,หนองแขม,หนองค้างพลู,น้ำในคลองทวีวัฒนาจะรับไม่ไหวแล้ว คำว่าเอาอยู่อย่าพูดเลย อับอายขายขี้หน้า ความสูงระดับหน้าแข้ง น้ำท่วมมาแล้วน้อยกว่า 1 วัน,https://storage.googleapis.com/traffy_public_bucket/attachment/2026-09/0e35c44bd173eda20420ce98b52ecd80.jpeg
2026-J76FFG,forward,2026-09-25 15:55,2026-09-25 17:10,100.6459,13.79469,บึงกุ่ม,นวมินทร์,ซ. นวมินทร์ 83 (ช่วงท้าย ๆ ซอย) ถนนวมินทร์ เขตบึงกุ่ม วันนี้ตกตั้งแต่เมื่อคืน ตกไม่หนัก แต่ตกทั้งวันค่ะ มีปั๊มสูบน้ำออก มีกระสอบทราย แต่น้ำก็เริ่มเข้ามาเพิ่มแล้ว แจ้งเรื่องนี้ไปทาง Line ตั้งแต่หลายสัปดาห์ก่อน (คอนนั้น ตกหนักแค่ 1 ชม. ก็เป็นสภาพนี้แล้,https://storage.googleapis.com/traffy_public_bucket/attachment/2026-09/0358be5467293f03f2c6933c02a870b2.jpeg
2026-UH4ECY,finish,2026-09-25 15:55,2026-09-25 16:40,100.42057,13.76441,ตลิ่งชัน,บางระมาด,น้ำท่วมในหมู่บ้านมหาดไทย 1 ตั้งแต่เช้า ขณะนี้ยังท่วมอยู่ และ ฝนตกอย่างต่อเนื่อง ขอเจ้าหน้าที่มาช่วยเดินเครื่องสูบน้ำด้วยค่ะ ความสูงระดับหน้าแข้ง น้ำท่วมมาแล้วน้อยกว่า 1 วัน,https://storage.googleapis.com/traffy_public_bucket/attachment/2026-09/4f6c2f9d967a71b13bbf35c0ccdaf581.jpeg
2026-726CN4,finish,2026-09-25 15:56,2026-09-26 12:51,100.4861,13.70719,ธนบุรี,บุคคโล,น้ำท่วมซอย ความสูงระดับข้อเท้า น้ำท่วมมาแล้วน้อยกว่า 1 ชั่วโมง,https://storage.googleapis.com/traffy_public_bucket/attachment/2026-09/f60bec1ce1847e82b6aa5de2720f0325.jpeg
2026-AU4BCZ,finish,2026-09-25 15:57,2026-09-30 11:23,100.55186,13.7472,วัฒนา,คลองเตยเหนือ,น้ำท่วมท้ายซอย สุขุมวิท 1 ตั้งแต่ คือวันที่ 24 กย ปัจจุบัน เกือบ 16.00 น 25กันยายน 2569 ยังมีน้ำท่วมถึงฟุตบาตร ความสูงระดับฟุตบาท น้ำท่วมมาแล้วมากกว่า 10ชม.,https://storage.googleapis.com/traffy_public_bucket/attachment/2026-09/thumb_e1ebaadf523972fa1c2c2e6b45b3fc52.jpg
2026-KTUF4U,inprogress,2026-09-25 15:57,2026-09-26 00:31,100.62725,13.78327,วังทองหลาง,คลองเจ้าคุณสิงห์,น้ำท่วมสูงในซอยลาดพร้าว 101 แยก 17 ค่ะ ความสูงระดับ30-60 ซม. ลึกมากในบางจุดค่ะ น้ำท่วมมาแล้วท่วมตั้งแต่ช่วงกลางดึกเมื่อคืนค่ะ ประมาณ ตี 1 จนถึงตอนนี้น้ำไม่ลดลง เพราะฝนตกเรื่อย ๆ ค่ะ,https://storage.googleapis.com/traffy_public_bucket/attachment/2026-09/9f5a3bc0886a475aaa38adb8a03b9df0.jpeg
2026-KTUF4U,finish,2026-09-25 15:57,2026-10-09 12:28,100.62725,13.78327,วังทองหลาง,คลองเจ้าคุณสิงห์,น้ำท่วมสูงในซอยลาดพร้าว 101 แยก 17 ค่ะ ความสูงระดับ30-60 ซม. ลึกมากในบางจุดค่ะ น้ำท่วมมาแล้วท่วมตั้งแต่ช่วงกลางดึกเมื่อคืนค่ะ ประมาณ ตี 1 จนถึงตอนนี้น้ำไม่ลดลง เพราะฝนตกเรื่อย ๆ ค่ะ,https://storage.googleapis.com/traffy_public_bucket/attachment/2026-09/9f5a3bc0886a475aaa38adb8a03b9df0.jpeg
2026-FXBU6W,inprogress,2026-09-25 15:58,2026-09-25 20:41,100.68316,13.74583,สะพานสูง,สะพานสูง,ซอยกรุงเทพกรีฑา37 น้ำท่วมถึงหน้าแข้ง ฝนตกนิดน่อยก็ท่วมแล้วค่ะ พอน้ำลดก็จะมีน้ำขังเป็นแอ่งพื้นถนนไม่เรียบมีรอยตะไคร้น้ำทรายกินที่จับเป็นก้อนๆจากรถบรรทุกที่ขนดินทรายจากแคมป์คนงานค่ะ ความสูงระดับหน้าแข้ง น้ำท่วมมาแล้วน้อยกว่า 1 วัน,https://storage.googleapis.com/traffy_public_bucket/attachment/2026-09/93d117865cf87ef2a0d5a92da6dc7403.jpeg
2026-HJWX7W,forward,2026-09-25 15:58,2026-09-25 17:10,100.65084,13.8078,บึงกุ่ม,คลองกุ่ม,📣🔉🔊👀🤽🧜แจ้งน้ำท่วมถนน.ซอยนวมินทร์ 68 😢 ความสูง 10 ซม. 📸 📌ตลอดซอยนวมินทร์ 68 แยก 2 🛣️ ในซอย นวมินทร์ 68 แยก 2 🙏👷👩‍🔧 ขอขอบคุณเจ้าหน้าที่ทุกท่าน ในการจัดการปัญหานี้ ✌️✌️💪👏👏👏 ความสูงระดับข้อเท้า น้ำท่วมมาแล้วน้อยกว่า 3 ชั่วโมง,https://storage.googleapis.com/traffy_public_bucket/attachment/2026-09/ef5ca603f8f2650efd77324eeabd0279.jpeg
2026-KJAFZG,finish,2026-09-25 15:58,2026-09-25 21:40,100.62533,13.67812,บางนา,บางนาเหนือ,น้ำท่วมซอยอุดมสุข 34 ครับ เมื่อวานก็แจ้งแล้ว วันนี้ท่วมหนักกว่าเมื่อวานอีกครับ รบกวนช่วยเหลือด้วยครับ ความสูงระดับหัวเข่า น้ำท่วมมาแล้วน้อยกว่า 3 ชั่วโมง,https://storage.googleapis.com/traffy_public_bucket/attachment/2026-09/c3f10d53adc27de4b42cd6a454262c81.jpeg
2026-ZEFFRD,finish,2026-09-25 15:58,2026-09-25 18:50,100.43578,13.79417,ตลิ่งชัน,ตลิ่งชัน,น้ำท่วมขังซอยสวนผัก 29 แยก 2-1-2 ไม่มีการเปิดเครื่องสูบน้ำเพื่อช่วยลดระบายน้ำ ความสูงระดับหน้าแข้ง น้ำท่วมมาแล้วน้อยกว่า 3 ชั่วโมง,https://storage.googleapis.com/traffy_public_bucket/attachment/2026-09/23dfd2dc9acfa6a2fb589f3aefd069a0.jpeg
2026-FJFHYM,forward,2026-09-25 15:59,2026-09-25 16:08,100.64206,13.71513,สวนหลวง,สวนหลวง,📌 ข้อความแจ้งเรื่องร้องเรียนถึงสำนักงานเขต เรื่อง: แจ้งปัญหาน้ำท่วมขังวิกฤต รถเล็กไม่สามารถสัญจรได้ (บริเวณจุดกลับรถใต้สะพาน หน้าคอนโด พรีม่า ศรีนครินทร์) พิกัดจุดเกิดเหตุ: ถนนศรีนครินทร์ บริเวณจุดกลับรถใต้สะพาน หน้าโครงการคอนโด พรีม่า ศรีนครินทร์ (แขวงส,https://storage.googleapis.com/traffy_public_bucket/attachment/2026-09/e035c0f3762955c07b1e634721fd172c.jpeg
2026-P2AD77,finish,2026-09-25 15:59,2026-09-29 16:37,100.60095,13.70981,วัฒนา,พระโขนงเหนือ,นำ้เริ่มเอ่อล้นถนนหน้าไฟแดงบิกซีอ่อนนุช ความสูงระดับข้อเท้า น้ำท่วมมาแล้วน้อยกว่า 3 ชั่วโมง,https://storage.googleapis.com/traffy_public_bucket/attachment/2026-09/431ab094e288a850a4bc842ae70827b6.jpeg
2026-TWVGBK,inprogress,2026-09-25 15:59,2026-09-25 16:30,100.6312,13.76405,บางกะปิ,คลองจั่น,น้ำท่วมไม่สามารถเข้าออกได้ประสบปัญหาเรื่องอาหารการกินค่ะไม่สามารถสั่งเข้ามาได้ไม่มีมีข้าวกิน ความสูงระดับขึ้นมาที่พื้นคอนโดแล้วค่ะน่าจะ 30-50 เซน จากพื้นถนนด้านล่าง น้ำท่วมมาแล้วน้อยกว่า 1 วัน,https://storage.googleapis.com/traffy_public_bucket/attachment/2026-09/2377cf01cbbf742d66e720902c4a7d27.jpeg
2026-2W39RH,finish,2026-09-25 16:00,2026-09-29 16:19,100.50972,13.65134,ทุ่งครุ,บางมด,น้ำท่วมถนนหมดแล้วค่ะ ความสูงระดับข้อเท้า น้ำท่วมมาแล้วน้อยกว่า 1 วัน,https://storage.googleapis.com/traffy_public_bucket/attachment/2026-09/764c815c50676d4508a5ec6c1300e098.jpeg
2026-64W3JB,finish,2026-09-25 16:00,2026-10-01 11:15,100.5969,13.70015,พระโขนง,บางจาก,แจ้งเรื่องน้ำท่วมซอยสุขุมวิท 54 แยก 2-1 ครับ จะเข้าห้องนอนแล้วครับ ความสูงระดับหน้าแข้ง น้ำท่วมมาแล้วน้อยกว่า 1 ชั่วโมง,https://storage.googleapis.com/traffy_public_bucket/attachment/2026-09/0767dcaf3136b34237dc4be34f8bea89.jpeg
2026-C9EGF4,inprogress,2026-09-25 16:00,2026-09-26 09:47,100.5858,13.80303,จตุจักร,จันทรเกษม,น้ำท่วมในซอยจนเข้าพื้นที่ในบ้าน ความสูงระดับสูงกว่าข้อเท้า ตอนนี้เข้าห้องนอนที่ยกพื้นไว้แล้ว น้ำท่วมมาแล้วเป็นบ้านชั้นเดียว,https://storage.googleapis.com/traffy_public_bucket/attachment/2026-09/c7d3b7fd939610d88ee997acabf080c8.jpeg
2026-H4B2XR,forward,2026-09-25 16:00,2026-09-25 16:56,100.64004,13.89347,สายไหม,คลองถนน,ด่วน เดือนร้อน หน่วยงานที่เกี่ยวข้องช่วยเหลือด่วน แจ้งรถเสียเครื่องดับ ทำให้รถติด หนักมาก!!!!! เนื่องจากถนนน้ำท่วมขัง หน้าหมู่บ้านวิสต้า ความสูงระดับหัวเข่า น้ำท่วมมาแล้วน้อยกว่า 1 วัน,https://storage.googleapis.com/traffy_public_bucket/attachment/2026-09/836bae79c177f1d953834287bc8b33ec.jpeg
2026-NA62AN,finish,2026-09-25 16:00,2026-09-30 14:27,100.60217,13.73591,วัฒนา,คลองตันเหนือ,น้ำท่วมกำลังจะเข้าตัวบ้านข้างในแล้วค่ะ ความสูงระดับ40 ซม น้ำท่วมมาแล้วน้อยกว่า 3 ชั่วโมง,https://storage.googleapis.com/traffy_public_bucket/attachment/2026-09/fe6f1691cd62d5ac74c607d8f16577ba.jpeg
2026-X9PLFR,inprogress,2026-09-25 16:00,2026-09-26 00:30,100.61327,13.78121,วังทองหลาง,พลับพลา,น้ำท่วมในบริเวณบ้านท่วมสัตว์เลี้ยงในบ้านแล้วตอนนี้จะเข้าภายในบ้านแล้วค่ะ ความสูงระดับจากเท้าเลยตาตุ่มแล้วค่ะ น้ำท่วมมาแล้วน้อยกว่า 1 ชั่วโมง,https://storage.googleapis.com/traffy_public_bucket/attachment/2026-09/ee0340a9b38b04d9ace683412616edd7.jpeg
2026-X9PLFR,finish,2026-09-25 16:00,2026-10-09 12:26,100.61327,13.78121,วังทองหลาง,พลับพลา,น้ำท่วมในบริเวณบ้านท่วมสัตว์เลี้ยงในบ้านแล้วตอนนี้จะเข้าภายในบ้านแล้วค่ะ ความสูงระดับจากเท้าเลยตาตุ่มแล้วค่ะ น้ำท่วมมาแล้วน้อยกว่า 1 ชั่วโมง,https://storage.googleapis.com/traffy_public_bucket/attachment/2026-09/ee0340a9b38b04d9ace683412616edd7.jpeg
2026-ZJW292,finish,2026-09-25 16:00,2026-09-29 17:29,100.55315,13.87537,หลักสี่,ทุ่งสองห้อง,น้ำท่วมจังใน มบ. กฟภ.นิเวศน์ 2 ค่ะ ความสูงระดับในโรงรถในบ้าน หน้าแจ้งค่ะ น้ำท่วมมาแล้วหน้าแจ้ง,https://storage.googleapis.com/traffy_public_bucket/attachment/2026-09/3de0cce9cbbc0edcdfd5e1db22882a17.jpeg
2026-HCDTLB,inprogress,2026-09-25 16:01,2026-09-25 21:26,100.66649,13.70951,ประเวศ,ประเวศ,น้ำท่วมขัง น้ำเข้าในบ้าน เครื่องสูบระบายน้ำ ปากซอยพัฒนาการ 90 ไม่ได้เปิดทำงาน ความสูงระดับข้อเท้า น้ำท่วมมาแล้วน้อยกว่า 1 ชั่วโมง,https://storage.googleapis.com/traffy_public_bucket/attachment/2026-09/thumb_a52fe3fa794fb8ac992ebb6f6ce1123e.jpg
2026-RZKH8L,inprogress,2026-09-25 16:01,2026-09-26 00:30,100.61322,13.78117,วังทองหลาง,พลับพลา,ฝนตกน้ำท่วมจะเข้าบ้าน ความสูงระดับเลยข้อเท้าขึ้นมา น้ำท่วมมาแล้วประมาณ1ชั่วโมง,https://storage.googleapis.com/traffy_public_bucket/attachment/2026-09/f5ebf531e1ef365a9071c2c224ad029d.jpeg
2026-RZKH8L,finish,2026-09-25 16:01,2026-10-09 12:26,100.61322,13.78117,วังทองหลาง,พลับพลา,ฝนตกน้ำท่วมจะเข้าบ้าน ความสูงระดับเลยข้อเท้าขึ้นมา น้ำท่วมมาแล้วประมาณ1ชั่วโมง,https://storage.googleapis.com/traffy_public_bucket/attachment/2026-09/f5ebf531e1ef365a9071c2c224ad029d.jpeg
2026-CGXNEG,inprogress,2026-09-25 16:02,2026-09-25 23:47,100.62336,13.79615,วังทองหลาง,คลองเจ้าคุณสิงห์,น้ำท่วมซอยเกือบถึงเอว ไม่สามารถออกไปได้ และไม่สามารถสั่งอาหารเข้ามาทานได้ค่ะ ความสูงระดับหัวเข่า น้ำท่วมมาแล้วน้อยกว่า 1 สัปดาห์,https://storage.googleapis.com/traffy_public_bucket/attachment/2026-09/b80ab48555ca4caf4b2ee9372756e1d9.jpeg
2026-CGXNEG,finish,2026-09-25 16:02,2026-10-09 12:25,100.62336,13.79615,วังทองหลาง,คลองเจ้าคุณสิงห์,น้ำท่วมซอยเกือบถึงเอว ไม่สามารถออกไปได้ และไม่สามารถสั่งอาหารเข้ามาทานได้ค่ะ ความสูงระดับหัวเข่า น้ำท่วมมาแล้วน้อยกว่า 1 สัปดาห์,https://storage.googleapis.com/traffy_public_bucket/attachment/2026-09/b80ab48555ca4caf4b2ee9372756e1d9.jpeg
2026-7XJCYP,finish,2026-09-25 16:03,2026-10-01 10:32,100.61437,13.68831,พระโขนง,บางจาก,น้ำท่วมขัง ความสูงระดับครึ่งขาค่ะ น้ำท่วมมาแล้วน้อยกว่า 1 ชั่วโมง,https://storage.googleapis.com/traffy_public_bucket/attachment/2026-09/7c2c126c4fcd4049fd944b4a383e214e.jpeg
2026-UKGVXM,inprogress,2026-09-25 16:03,2026-09-25 16:10,100.70469,13.81739,มีนบุรี,มีนบุรี,น้ำท่วมทะลักเข้าตัวบ้าน อย่างรวดเร็วทำให้เก็บของขึ้นไม่ทันในบ้าน เริ่มเกิดความเสียหายแล้ว ต้องการเครื่องสูบน้ำขนาดใหญ่มาสูบช่วยระบายน้ำในท่อ ความสูงระดับหน้าย้าหัวเข่า น้ำท่วมมาแล้ววันนี้,https://storage.googleapis.com/traffy_public_bucket/attachment/2026-09/thumb_1d0da776eddbec7cba4b136837cbf32c.jpg
2026-EKXYN3,inprogress,2026-09-25 16:04,2026-09-25 19:20,100.64588,13.864,บางเขน,ท่าแร้ง,น้ำท่วมถนนแล้วไหลท่วมเข้ามาในบริเวณบ้าน ความสูงระดับ15-20เซนติเมตรครับ น้ำท่วมมาแล้วตั้งแต่เมื่อเช้ามืด,https://storage.googleapis.com/traffy_public_bucket/attachment/2026-09/2dd129ac3e7fdd47a8e57dad005e4f89.jpeg
2026-GRZTVX,inprogress,2026-09-25 16:04,2026-09-26 00:32,100.62465,13.78508,วังทองหลาง,คลองเจ้าคุณสิงห์,หมู่บ้านเสถียรนิเวศ ลาดพร้าว93 น้ำท่วม 80cm แล้ว หนัก เข้าบ้านหมดแล้วครับ ความสูงระดับหัวเข่า น้ำท่วมมาแล้วน้อยกว่า 3 ชั่วโมง,https://storage.googleapis.com/traffy_public_bucket/attachment/2026-09/07035f0281be648817d36f58f9db4fda.jpeg
2026-GRZTVX,finish,2026-09-25 16:04,2026-10-09 12:20,100.62465,13.78508,วังทองหลาง,คลองเจ้าคุณสิงห์,หมู่บ้านเสถียรนิเวศ ลาดพร้าว93 น้ำท่วม 80cm แล้ว หนัก เข้าบ้านหมดแล้วครับ ความสูงระดับหัวเข่า น้ำท่วมมาแล้วน้อยกว่า 3 ชั่วโมง,https://storage.googleapis.com/traffy_public_bucket/attachment/2026-09/07035f0281be648817d36f58f9db4fda.jpeg
2026-YCV96B,inprogress,2026-09-25 16:04,2026-09-25 23:21,100.6254,13.78983,วังทองหลาง,คลองเจ้าคุณสิงห์,น้ำท่วม ไม่มีที่สูบเขตแจ้งว่าเอาที่สูบไปที่อื่น ความสูงระดับข้อเท้า น้ำท่วมมาแล้วน้อยกว่า 3 ชั่วโมง,https://storage.googleapis.com/traffy_public_bucket/attachment/2026-09/fefc3218790edf84344e36f844e68e0e.jpeg
2026-YCV96B,finish,2026-09-25 16:04,2026-10-09 12:24,100.6254,13.78983,วังทองหลาง,คลองเจ้าคุณสิงห์,น้ำท่วม ไม่มีที่สูบเขตแจ้งว่าเอาที่สูบไปที่อื่น ความสูงระดับข้อเท้า น้ำท่วมมาแล้วน้อยกว่า 3 ชั่วโมง,https://storage.googleapis.com/traffy_public_bucket/attachment/2026-09/fefc3218790edf84344e36f844e68e0e.jpeg
2026-DBCDF9,finish,2026-09-25 16:05,2026-09-30 21:31,100.62135,13.84488,ลาดพร้าว,จรเข้บัว,ฝนตกน้ำท่วมขัง ระบายไม่ทัน ความสูงระดับข้อเท้า น้ำท่วมมาแล้วน้อยกว่า 3 ชั่วโมง,https://storage.googleapis.com/traffy_public_bucket/attachment/2026-09/4c22c786ffe79d5c8957a0aa5fd3f12d.jpeg
2026-GHWMRG,inprogress,2026-09-25 16:05,2026-09-25 19:19,100.39562,13.75197,ทวีวัฒนา,ทวีวัฒนา,นำ้ท่วมขอให้ช่วยเร่งระบาย ความสูงระดับข้อเท้า น้ำท่วมมาแล้วน้อยกว่า 1 วัน,https://storage.googleapis.com/traffy_public_bucket/attachment/2026-09/06eb743e229219e5465ed5ad7cda7b81.jpeg
2026-TBYFJ6,inprogress,2026-09-25 16:05,2026-09-25 23:48,100.6013,13.78733,วังทองหลาง,วังทองหลาง,ขอให้ดำเนินการแก้ไข น้ำท่วมขังรอระบายเป็นเวลาหลายชั่วโมง ความสูงระดับหน้าแข้ง น้ำท่วมมาแล้วน้อยกว่า 3 ชั่วโมง,https://storage.googleapis.com/traffy_public_bucket/attachment/2026-09/884c1b832f0fad7117ad11a444708702.jpeg
2026-TBYFJ6,finish,2026-09-25 16:05,2026-10-09 12:19,100.6013,13.78733,วังทองหลาง,วังทองหลาง,ขอให้ดำเนินการแก้ไข น้ำท่วมขังรอระบายเป็นเวลาหลายชั่วโมง ความสูงระดับหน้าแข้ง น้ำท่วมมาแล้วน้อยกว่า 3 ชั่วโมง,https://storage.googleapis.com/traffy_public_bucket/attachment/2026-09/884c1b832f0fad7117ad11a444708702.jpeg
2026-7PXBM7,finish,2026-09-25 16:06,2026-09-29 12:47,100.39688,13.7065,บางแค,หลักสอง,น้ำล้นท่อท่วมถนน ความสูงระดับข้อเท้า น้ำท่วมมาแล้วน้อยกว่า 1 ชั่วโมง,https://storage.googleapis.com/traffy_public_bucket/attachment/2026-09/f691fc1d79ad1747ced5869fb3655700.jpeg
2026-AVUPP3,forward,2026-09-25 16:06,2026-09-26 10:11,100.59205,13.71356,คลองเตย,พระโขนง,น้ำท่วมขังสูง ความสูงระดับประมาน 20- 30 cm ได้ครับ น้ำท่วมมาแล้วเห็นวันนี้ตอนบ่าย 3 ครึ่ง,https://storage.googleapis.com/traffy_public_bucket/attachment/2026-09/e0ca50326d38eb6fe49ff128ebbe4c1a.jpeg
2026-FUB8HY,finish,2026-09-25 16:06,2026-09-26 19:13,100.48362,13.72894,บางกอกใหญ่,วัดท่าพระ,น้ำไม่สามารถไหลลงท่อ ได้ น้ำในคลองล้น ความสูงระดับน้ำที่หน้าบ้าน ไม่สามารไหลลงท่อได้แล้ว กำลังจะเข้าบ้านแล้วครับ น้ำท่วมมาแล้วเพิ่งท่วมครับ,https://storage.googleapis.com/traffy_public_bucket/attachment/2026-09/1f44d9e607368fa6c1e6b18a05be806b.jpeg
2026-KDUHD8,inprogress,2026-09-25 16:06,2026-09-25 20:42,100.69679,13.7499,สะพานสูง,สะพานสูง,น้ำท่วมทั้งซอยนักกีฬา 15 ความสูงระดับประมาณฟุตบาทคะ น้ำท่วมมาแล้วน้อยกว่า 3 ชั่วโมง,https://storage.googleapis.com/traffy_public_bucket/attachment/2026-09/4895118792bb177d9651054059540ef5.jpeg
2026-XV9492,forward,2026-09-25 16:06,2026-09-25 17:09,100.6631,13.80867,บึงกุ่ม,คลองกุ่ม,น้ำท่วมสูง ไม่สามารถสรรจรได้ เครื่องสูบน้ำเครื่องเล็กเครื่องเดียวทำงานไม่ทัน มันไม่พอ ความสูงระดับหัวเข่า น้ำท่วมมาแล้วน้อยกว่า 1 วัน,https://storage.googleapis.com/traffy_public_bucket/attachment/2026-09/659b2797148380704ce34e385b1be2f8.jpeg
2026-YYZAKG,finish,2026-09-25 16:06,2026-10-01 09:30,100.61924,13.68599,พระโขนง,บางจาก,ฝนตกหนักมาได้ 1 ชม. เกิดน้ำท่วมขังในหมู่บ้านรุ่งเจริญ ซอย 2 (ซอยย่อยในหมู่บ้าน) ขอให้ช่วยเร่งระบายน้ำ น้ำท่วมประมาณ 25-30 ซม.จากระดับฝาท่อระบายน้ำ ความสูงระดับหน้าแข้ง น้ำท่วมมาแล้วน้อยกว่า 3 ชั่วโมง,https://storage.googleapis.com/traffy_public_bucket/attachment/2026-09/e36c0310ec151c17112fd95ad2dc702c.jpeg
2026-3EMKL8,inprogress,2026-09-25 16:07,2026-09-25 16:16,100.72933,13.81904,มีนบุรี,มีนบุรี,ปัญหาน้ำท่วมซ้ำซ้อน หน้าฝนทีไร ท่วมทุกปี ไม่มีการแก้ไข ก่อนหน้านั้นเห็นว่าจะมีโครงการทำถนนสามวาให้ทะลุได้เพื่อเชื่อมต่อถนนเส้นใหม่ แต่ทางกลับรถ”หลัก“ของคนหทัยราษฎร์และสามวา ไม่เคยได้รับการปรับปรุง ในอนาคตหนักกว่านี้แน่ ทั้งรถติด รถแทรก รถแย่งกันเข้าทางกลั,https://storage.googleapis.com/traffy_public_bucket/attachment/2026-09/985e5c0d2a55bd216566971f3d1a2d3f.jpeg
2026-MKFMT8,forward,2026-09-25 16:07,2026-09-26 06:15,100.6508,13.65934,บางพลี,บางแก้ว,ตอนนี้น้ำล้นเข้ามาในบ้านท่วมค่อนข้างสูงมากแล้วครับ ความสูงระดับหน้าแข้ง น้ำท่วมมาแล้วน้อยกว่า 3 ชั่วโมง,https://storage.googleapis.com/traffy_public_bucket/attachment/2026-09/9e262fa8019c1c409fb0f8b5dbe424ca.jpeg
2026-6RJETD,inprogress,2026-09-25 16:08,2026-09-25 21:46,100.68661,13.72244,ประเวศ,ประเวศ,ฝนตกหนักต่อเนื่องทำให้เกิดน้ำท่วมสูงระดับหัวเข่าเริ่มเข้าตัวบ้านในหมู่บ้านเนอวานา พาร์ค รถสัญจรเข้าออกลำบาก ความสูงระดับหัวเข่า น้ำท่วมมาแล้วน้อยกว่า 1 วัน,https://storage.googleapis.com/traffy_public_bucket/attachment/2026-09/aced7f6242cee9bdbe65868113274df5.jpeg
2026-D8X8PK,finish,2026-09-25 16:08,2026-09-29 17:27,100.54905,13.86183,หลักสี่,ทุ่งสองห้อง,นำ้ท่วมอีกแล้วคะ ปัญหาเดิม ในชอยงามวงศ์วาน43แยก2-1 ความสูงระดับครึ่งน่อง น้ำท่วมมาแล้วครึงชม,https://storage.googleapis.com/traffy_public_bucket/attachment/2026-09/781749d30017ed56b010e0b4f8d3a17c.jpeg
2026-BMDXJW,inprogress,2026-09-25 16:09,2026-09-25 19:21,100.65522,13.85502,บางเขน,ท่าแร้ง,ฝนตกหนัก น้ำในท่อเต็มและไหลเข้าบ้าน ความสูงระดับเกินข้อเท้า น้ำท่วมมาแล้วเกือบ1ชม.แล้ว,https://storage.googleapis.com/traffy_public_bucket/attachment/2026-09/d6b1b35baaa0cdf7534a212f495dd491.jpeg
2026-XK4Z9U,finish,2026-09-25 16:09,2026-10-05 08:35,100.61226,13.69883,พระโขนง,บางจาก,นํ้าท่วมขัง ในซอย สุขุมวิท97/1 แยก 4 อยากให้มา ช่วยวางเครื่องสูบนํ้า ตรงสะพานข้ามคลอง ในซอย97/1 ตกบ่อยนํ้าขังบ่อยมากและช่วยลอกท่อ ด้วยครับ ความสูงระดับหน้าแข้ง น้ำท่วมมาแล้วน้อยกว่า 3 ชั่วโมง,https://storage.googleapis.com/traffy_public_bucket/attachment/2026-09/921bc003dcc3010c5e96f5da532115b7.jpeg
2026-2KLM9V,inprogress,2026-09-25 16:10,2026-09-26 10:15,100.71918,13.79305,มีนบุรี,มีนบุรี,เรื่อง: ขอความอนุเคราะห์เร่งรัดแก้ปัญหาน้ำท่วมขัง ขุดลอกท่อระบายน้ำ บริเวณถนนซอยรามคำแหง 174 (ช่วงตรงข้ามหมู่บ้านศุภาลัย พาร์ควิลล์ ถึง คาเฟ่อเมซอน) เรียน: กรุงเทพมหานคร / สำนักงานเขตมีนบุรี / ฝ่ายโยธา และฝ่ายรักษาความสะอาดและสิ่งแวดล้อม เนื่องด้วยบริเว,https://storage.googleapis.com/traffy_public_bucket/attachment/2026-09/55e8f66a4f4d4e08bd27c2b78aa32622.jpeg
2026-DXUNH8,inprogress,2026-09-25 16:10,2026-09-28 12:58,100.6892,13.81024,คันนายาว,คันนายาว,สวัสดีค่ะถนนในซอยสวนสยามส่วนใหญ่เป็นถนนที่เป็นถนนส่วนบุคคลและภายในซอยต่างๆเกิดน้ำท่วมขังทำให้ถนนหลักเกิดน้ำท่วมขังและระบายไม่ทัน ทางกทม. สามารถจัดการและช่วยระบายน้ำอย่างไรได้บ้างมั้ยคะเพื่อให้ประชาชนที่อยู่ในกรุงเทพมหานครในย่านนี้สามารถแก้ปัญหาน้ำขังได้อย,https://storage.googleapis.com/traffy_public_bucket/attachment/2026-09/c42a1c62a3ae3a4e451cdd3e64e19fcd.jpeg
2026-C994PZ,finish,2026-09-25 16:11,2026-10-01 09:39,100.63235,13.69257,พระโขนง,บางจาก,ฝนตก น้ำท่วมขัง นานนับชั่วโมง ความสูงระดับหน้าแข้ง น้ำท่วมมาแล้วน้อยกว่า 3 ชั่วโมง,https://storage.googleapis.com/traffy_public_bucket/attachment/2026-09/cd378b99bc40ca8f0c8d5be171e444e8.jpeg
2026-D6GVGH,forward,2026-09-25 16:11,2026-09-26 20:44,100.58451,13.84238,จตุจักร,เสนานิคม,น้ำเริ่มระบายไม่ทันแล้วค่ะ ขอความช่วยเหลือแก้ไขด้วยค่ะ ความสูงระดับหน้าแข้ง น้ำท่วมมาแล้วน้อยกว่า 3 ชั่วโมง,https://storage.googleapis.com/traffy_public_bucket/attachment/2026-09/e0e3e2db222df8214ec2d6f80a9efcd0.jpeg
2026-HFFKUH,inprogress,2026-09-25 16:11,2026-09-25 18:43,100.60699,13.70832,สวนหลวง,สวนหลวง,น้ำท่วม สูงมาก ความสูงระดับหน้าแข้ง น้ำท่วมมาแล้วน้อยกว่า 1 ชั่วโมง,https://storage.googleapis.com/traffy_public_bucket/attachment/2026-09/6e9b5675f482c6de99c828140d81e5b7.jpeg
2026-UEH2F9,inprogress,2026-09-25 16:11,2026-09-25 20:43,100.68615,13.74149,สะพานสูง,สะพานสูง,น้ำท่วมไม่ระบาย ไม่ลดระดับ ท่วมขึ้นเรื่อยๆ ความสูงระดับหน้าแข้ง น้ำท่วมมาแล้วน้อยกว่า 1 วัน,https://storage.googleapis.com/traffy_public_bucket/attachment/2026-09/77d609401d693a133784edaa71b55caa.jpeg
2026-CKHWAE,inprogress,2026-09-25 16:12,2026-09-28 12:58,100.69169,13.79985,คันนายาว,คันนายาว,น้ำท่วม ประมาณ 15-20 cm ท่อเต็ม น้ำไม่ระบาย ครับ ความสูงระดับ15-20 ซม น้ำท่วมมาแล้วตั้งแต่เช้าวันนี้,https://storage.googleapis.com/traffy_public_bucket/attachment/2026-09/f109d92ee29bb7dd0f641511c11417cb.jpeg
2026-NYUC8L,forward,2026-09-25 16:12,2026-09-26 09:46,100.55319,13.80221,จตุจักร,จตุจักร,บริเวณทางเข้าสถานี MRT สวนจตุจักรทางออกที่หนึ่ง บริเวณที่เชื่อมไปยังทาวเท้าหน้าบันไดทางขึ้นสถานี BTS หมอชิตมีน้ำท่วมขังโดยเฉพาะช่วงฝนตกหนัก ความสูงระดับข้อเท้า น้ำท่วมมาแล้วน้อยกว่า 3 ชั่วโมง,https://storage.googleapis.com/traffy_public_bucket/attachment/2026-09/1cb44afd152e5383c4dc8d52682c0c51.jpeg
2026-RXFGP6,inprogress,2026-09-25 16:12,2026-09-25 18:44,100.62348,13.70625,สวนหลวง,สวนหลวง,น้ำท่วม ความสูงระดับหน้าแข้ง น้ำท่วมมาแล้วน้อยกว่า 1 ชั่วโมง,https://storage.googleapis.com/traffy_public_bucket/attachment/2026-09/6752de7a169a541a782d57e4943cc13d.jpeg
2026-8H9CBR,inprogress,2026-09-25 16:13,2026-09-25 21:26,100.63922,13.68329,ประเวศ,หนองบอน,คลองเคล็ดระบายน้ำไม่ทันน้ำกำลังท่วม ความสูงระดับ20-30เซ็นติเมตร น้ำท่วมมาแล้วตั้งแต่บ่าย2ครับ,https://storage.googleapis.com/traffy_public_bucket/attachment/2026-09/9ee53dc77a60bbd54b8ac9544556ec05.jpeg
2026-M38PHV,inprogress,2026-09-25 16:13,2026-09-25 19:21,100.60592,13.87917,บางเขน,อนุสาวรีย์,น้ำท่วมระบายไม่ทันเอ่อล้นเข้าบ้าน ความสูงระดับข้อเท้า น้ำท่วมมาแล้วน้อยกว่า 3 ชั่วโมง,https://storage.googleapis.com/traffy_public_bucket/attachment/2026-09/00551a272cfabacb7f21fe3cf831d0bd.jpeg
2026-XE4PXW,inprogress,2026-09-25 16:13,2026-09-25 16:32,100.71924,13.80058,มีนบุรี,มีนบุรี,น้ำท่วม ซอยรามคำแหง 174 ความสูงระดับหน้าแข้ง น้ำท่วมมาแล้วน้อยกว่า 3 ชั่วโมง,https://storage.googleapis.com/traffy_public_bucket/attachment/2026-09/0e1b0a81ef3479127405b18ead78f4e5.jpeg
2026-GDZGCT,inprogress,2026-09-25 16:14,2026-09-25 20:40,100.70747,13.74907,สะพานสูง,สะพานสูง,สวัสดีค่ะเนื่องจากตอนนี้ถนนหน้าโครงการ พลีโน่พระราม9-กรุงเทพกรีฑา3 มีน้ำท่วมขัง มีนโยบาย ที่จะทำถนนใหม่ไหมคะ ความสูงระดับเกือบจะถึงหัวเขาได้อยู่ค่ะ น้ำท่วมมาแล้วตั้งแต่เช้าจนถึงตอนนี้ค่ะ,https://storage.googleapis.com/traffy_public_bucket/attachment/2026-09/52e20530a6328bd7519b5dc8521f486d.jpeg
2026-YDNYTY,forward,2026-09-25 16:14,2026-10-05 09:23,100.69178,13.77011,สะพานสูง,สะพานสูง,ทางลอดกลับรถใต้มอเตอร์เวย์ น้ำล้นผนังเข้าท่วม ไม่สามารถใช้สันจรได้ ความสูงระดับ1.0 เมตร น้ำท่วมมาแล้วท่วมวันนี้ 15.35 น.,https://storage.googleapis.com/traffy_public_bucket/attachment/2026-09/ff4edd85695aac3a8894fb7a23a0159a.jpeg
2026-9VC8BX,inprogress,2026-09-25 16:15,2026-09-25 21:27,100.65628,13.72394,ประเวศ,ประเวศ,ถนนพัฒนาการ78 น้ำท่วมเต็มพื้นที่เข้าบ้านเรือน ชาวบ้านเดือดร้อน ขอให้แจ้งทางเขตช่วยเร่งสูบน้ำและเอาเครื่องปั๊มมาช่วยปั๊มน้ำอย่างเร่งด่วน ความสูงระดับหน้าแข้ง น้ำท่วมมาแล้วน้อยกว่า 3 ชั่วโมง,https://storage.googleapis.com/traffy_public_bucket/attachment/2026-09/thumb_c3594fac2d0bd9765de50008c62bcf14.jpg
2026-AMZ7YM,finish,2026-09-25 16:15,2026-09-25 18:41,100.43508,13.78405,ตลิ่งชัน,ฉิมพลี,น้ำท่วม ความสูงระดับข้อเท้า น้ำท่วมมาแล้วน้อยกว่า 3 ชั่วโมง,https://storage.googleapis.com/traffy_public_bucket/attachment/2026-09/633e392d8978cb22d4ea231b038420d0.jpeg
2026-GYXRPA,inprogress,2026-09-25 16:15,2026-09-25 21:52,100.6526,13.71981,ประเวศ,ประเวศ,น้ำท่วมขังตั้งแต่เมื่อคืน ได้โปรดช่วยเหลือทีครับ ความสูงระดับใกล้จะเข้าบ้านได้แล้วครับ น้ำท่วมมาแล้วเมื่อคืนแค่ถนนด้านนอก แต่ปัจจุบันเข้าที่จอดรถแล้วครับ ขนาดลานจอดสูงกว่าถนน,https://storage.googleapis.com/traffy_public_bucket/attachment/2026-09/99fe75570fd0552307b33c0fc798daaa.jpeg
2026-9289Y8,forward,2026-09-25 16:16,2026-09-25 17:09,100.65055,13.7905,บึงกุ่ม,นวมินทร์,น้ำท่วมในซอยนวมินทร์ 65 ความสูงระดับหน้าแข้ง น้ำท่วมมาแล้วน้อยกว่า 3 ชั่วโมง,https://storage.googleapis.com/traffy_public_bucket/attachment/2026-09/7d4abd1ec48e1e8ee8a7ddab8a1127c8.jpeg
2026-P4KZYB,forward,2026-09-25 16:16,2026-09-25 17:09,100.65649,13.79139,บึงกุ่ม,คลองกุ่ม,จะแจ้งเรื่องน้ำท่วมที่หมู่บ้านศรีนครพัฒนา 1 ถนนนวมินทร์ ซอยนวมิน 24 อุเทน 17/7 ขณะนี้น้ำเข้าชั้น หนึ่งแล้วค่ะ ความสูงระดับที่ถนนและเข้ามาที่พื้นรถจอด ประมาณครึ่งเข่าค่ะ เกือบถึงเข่าอะ ไม่ใช่ถึงเข่า น้ำท่วมมาแล้วตั้งแต่เช้าขณะนีเพิ่มขึ้นเรื่อยๆค่ะ,https://storage.googleapis.com/traffy_public_bucket/attachment/2026-09/9c5fa8cc7734ea7604af94de094646ca.jpeg
2026-243UMW,forward,2026-09-25 16:18,2026-09-25 16:22,100.65492,13.79281,บึงกุ่ม,คลองกุ่ม,น้ำท่วมครับ ตอนนี้น่าจะสัก 40 เซนติเมตรแล้ว เข้าออกซอย ภายในซอยนวมินทร์ 30 ไม่ได้ครับ ความสูงระดับหัวเข่า น้ำท่วมมาแล้วน้อยกว่า 1 วัน,https://storage.googleapis.com/traffy_public_bucket/attachment/2026-09/c6986390cd75855ce672a28751cd94fa.jpeg
2026-PCADM9,forward,2026-09-25 16:18,2026-09-25 17:24,100.54263,13.75591,ราชเทวี,มักกะสัน,ฝนตก น้ำท่วม จราจรติดขัด ถนนศรีอยุธยา ขาเข้า ความสูงระดับข้อเท้า น้ำท่วมมาแล้วน้อยกว่า 1 สัปดาห์,https://storage.googleapis.com/traffy_public_bucket/attachment/2026-09/e4ed7f3251ecaf34d6be573557609ad2.jpeg
2026-DV3JPT,inprogress,2026-09-25 16:19,2026-09-25 21:28,100.67293,13.73169,ประเวศ,ประเวศ,น้ำท่วม ซอยพัฒนาการ 65 แยก 4 น้ำท่วมสูงเข้าในตัวบ้านแล้ว หน้าบ้านสูงระดับ 40 เซนติเมตร ท่วมมา 3 ชม. แล้วค่ะ รบกวนช่วยแก้ไขปัญหา เช่น ขุดลอกท่อระบายน้ำและจัดการน้ำท่วมขัง ขอให้น้ำโดยเร็วค่ะ ความสูงระดับ30-40 เซนติเมตร น้ำท่วมมาแล้วน้อยกว่า 3 ชั่วโมง,https://storage.googleapis.com/traffy_public_bucket/attachment/2026-09/a7186c4ec8a2b7bf6e1eaf4da5047abd.jpeg
2026-R87WDC,forward,2026-09-25 16:19,2026-09-25 16:40,100.41802,13.7046,บางแค,บางแค,ขนาดนี้ห้องภาษีเจริญน้ำเต็มตลิ่งมากไหลเข้าท่วมบ้านหลายหลังเลยรบกวนช่วยแก้ไขเรื่องระบายน้ำ ความสูงระดับตาตุ่ม น้ำท่วมมาแล้วท่วมตั้งแต่ 11 โมง,https://storage.googleapis.com/traffy_public_bucket/attachment/2026-09/16e58222aafd5ba7d9152c8b7fd76d12.jpeg
2026-829EWP,inprogress,2026-09-25 16:20,2026-09-26 00:24,100.59394,13.7834,วังทองหลาง,วังทองหลาง,น้ำท่วมขังจากฝนตก ความสูงระดับข้อเท้า น้ำท่วมมาแล้วน้อยกว่า 3 ชั่วโมง,https://storage.googleapis.com/traffy_public_bucket/attachment/2026-09/ba3793461498bb0b4f9ea91dad63e0dd.jpeg
2026-829EWP,finish,2026-09-25 16:20,2026-10-09 12:18,100.59394,13.7834,วังทองหลาง,วังทองหลาง,น้ำท่วมขังจากฝนตก ความสูงระดับข้อเท้า น้ำท่วมมาแล้วน้อยกว่า 3 ชั่วโมง,https://storage.googleapis.com/traffy_public_bucket/attachment/2026-09/ba3793461498bb0b4f9ea91dad63e0dd.jpeg
2026-8EXF3Y,inprogress,2026-09-25 16:20,2026-09-26 09:46,100.46597,13.74006,บางกอกใหญ่,วัดท่าพระ,"น้ำท่วมข้อเท้า , ผักตบชวา เยอะมาก ความสูงระดับข้อเท้า น้ำท่วมมาแล้วน้อยกว่า 3 ชั่วโมง",https://storage.googleapis.com/traffy_public_bucket/attachment/2026-09/9143eb396b32c8942aaafc458ce46f98.jpeg
2026-8EXF3Y,start,2026-09-25 16:20,2026-10-09 11:55,100.46597,13.74006,บางกอกใหญ่,วัดท่าพระ,"น้ำท่วมข้อเท้า , ผักตบชวา เยอะมาก ความสูงระดับข้อเท้า น้ำท่วมมาแล้วน้อยกว่า 3 ชั่วโมง",https://storage.googleapis.com/traffy_public_bucket/attachment/2026-09/9143eb396b32c8942aaafc458ce46f98.jpeg
2026-CB7222,forward,2026-09-25 16:20,2026-09-30 08:47,100.63002,13.90141,สายไหม,คลองถนน,น้ำท่วมถนนในซอยเพิ่มสิน 15 แยก ท่วมถึงในตัวบ้าน ทำให้สัญจรไปมาลำบากมากค่ะ ความสูงระดับหน้าถนนประมาณตาตุ่มค่ะ ในบ้านถึงหน้าหัวเข่า น้ำท่วมมาแล้วน้อยกว่า 1 วัน,https://storage.googleapis.com/traffy_public_bucket/attachment/2026-09/e9adc6b2f8a827fc71728955eb5c8e26.jpeg
2026-DV6KJ7,inprogress,2026-09-25 16:20,2026-09-25 16:26,100.64986,13.78022,บางกะปิ,คลองจั่น,น้ำท่วม ความสูงระดับหน้าแข้ง น้ำท่วมมาแล้วน้อยกว่า 3 ชั่วโมง,https://storage.googleapis.com/traffy_public_bucket/attachment/2026-09/ff5a170a93a3a830a3381719d629314e.jpeg
2026-DV6KJ7,finish,2026-09-25 16:20,2026-10-06 14:41,100.64986,13.78022,บางกะปิ,คลองจั่น,น้ำท่วม ความสูงระดับหน้าแข้ง น้ำท่วมมาแล้วน้อยกว่า 3 ชั่วโมง,https://storage.googleapis.com/traffy_public_bucket/attachment/2026-09/ff5a170a93a3a830a3381719d629314e.jpeg
2026-FGH89N,inprogress,2026-09-25 16:20,2026-09-25 18:44,100.60508,13.73864,สวนหลวง,สวนหลวง,นํ้าท่วมขัง ความสูงระดับรบกวนช่วยแก้ไขด้วยครับ น้ำท่วมมาแล้ว20 ซม,https://storage.googleapis.com/traffy_public_bucket/attachment/2026-09/781a32122c672041343a32010b629145.jpeg
2026-XBJDFD,forward,2026-09-25 16:20,2026-09-25 16:38,100.39383,13.75137,บางแค,บางไผ่,ระบายน้ำในคลองกันยังไงคะ น้ำท่วมเข้าบ้านเข้าสวนอีกแล้ว เป็นปัญหาที่น่าเบื่อมากซ้ำซากจริงๆไม่จบไม่สิ้น บริหารกันยังไงเนี่ย คลองบางเชือกหนังพุทธมณฑลสาย2 ช่วยกรุณาระบายน้ำในคลองให้มันอยู่ในระดับต่ำกว่าพวกหมู่บ้านที่สร้างขึ้นใหม่ได้ไหม เพราะบ้านคนที่เขาอยู่กั,https://storage.googleapis.com/traffy_public_bucket/attachment/2026-09/e8c32928fff05be8df465b7a66c43f4c.jpeg
2026-86ZV2G,finish,2026-09-25 16:21,2026-10-01 10:37,100.61907,13.68572,พระโขนง,บางจาก,น้ำท่วม40cm ความสูงระดับเกือบหัวเข่านะครับ น้ำท่วมมาแล้ว1-2 ชม นี้ครับ ฝนหนักนาน,https://storage.googleapis.com/traffy_public_bucket/attachment/2026-09/3af56f9007edc0221f13887bd53883fa.jpeg
2026-DJXAV4,finish,2026-09-25 16:21,2026-09-30 21:29,100.60678,13.8385,ลาดพร้าว,จรเข้บัว,น้ำท่วมขัง ระดับน้ำยังสูงขึ้นต่อเนื่อง น้ำท่วมมิดท่อมอเตอร์ไซด์ ท่วมสูงใกล้มิดหน้าแข้ง ความสูงระดับสูงเลยกลางหน้าแข้ง น้ำท่วมมาแล้วตั้งแต่ 8โมงเช้า,https://storage.googleapis.com/traffy_public_bucket/attachment/2026-09/b79a5894b041cfe27654bd8b7f676817.jpeg
2026-WGC6UL,forward,2026-09-25 16:21,2026-09-26 20:45,100.58327,13.80979,จตุจักร,จันทรเกษม,มีน้ำขังในซอยทำให้เดินทางลำบากครับ น้ำสูงขึ้นเรื่อยๆ ความสูงระดับข้อเท้า น้ำท่วมมาแล้วน้อยกว่า 3 ชั่วโมง,https://storage.googleapis.com/traffy_public_bucket/attachment/2026-09/thumb_e1888877dd80e14f5ba33e77c5450566.jpg
2026-7UWZWL,forward,2026-09-25 16:22,2026-09-25 17:08,100.64237,13.82823,บึงกุ่ม,นวลจันทร์,น้ำท่วมขังในซอยเป็นเวลาหลายชั่วโมงแล้วค่ะ ยังไม่มีการแก้ไข ความสูงระดับหน้าแข้ง น้ำท่วมมาแล้วน้อยกว่า 3 ชั่วโมง,https://storage.googleapis.com/traffy_public_bucket/attachment/2026-09/thumb_8634ccaab5308b1c450807468531df77.jpg
2026-MAKE7L,inprogress,2026-09-25 16:22,2026-09-25 19:21,100.62798,13.84934,บางเขน,ท่าแร้ง,น้ำท่วมถนรหมู่บ้านทั้งหมด น้ำเข้าบ้านเนื่องจากบ้านต่ำกว่าถนนซอยแล้ว ถนนหมู่บ้าน ความสูงระดับถนนหมู่บ้าน เลยตาตุ่ม ส่วนภายในรอบบริเวณบ้าน เกือบครึ่งหน้าแข้ง น้ำท่วมมาแล้วฝนตกตั้งแต่เมื่อคืนตอนเที่ยงคืนยันประมาณ 4 โมงเย็น,https://storage.googleapis.com/traffy_public_bucket/attachment/2026-09/45467205ed93423db68805d7b945484f.jpeg
2026-KW2N3V,forward,2026-09-25 16:23,2026-09-25 17:23,100.53723,13.75725,ราชเทวี,ถนนพญาไท,ฝนตก น้ำท่วม จราจรติดขัด ถนนศรีอยุธยา ขาเข้า ความสูงระดับข้อเท้า น้ำท่วมมาแล้วน้อยกว่า 1 วัน,https://storage.googleapis.com/traffy_public_bucket/attachment/2026-09/b5b51f0163486696857a7f406cbf42fb.jpeg
2026-X6DAE6,inprogress,2026-09-25 16:23,2026-09-27 13:45,100.58255,13.7506,ห้วยขวาง,บางกะปิ,น้ำท่วม ระบายช้า ความสูงระดับระดับท่วมเท้า และสูงขึ้นเริ่อยๆ น้ำจากถนนกำลังไหลเข้าบ้าน น้ำท่วมมาแล้วน้อยกว่า 1 ชั่วโมง,https://storage.googleapis.com/traffy_public_bucket/attachment/2026-09/5332e65edb8f6043734b43c44d35a99c.jpeg
2026-BR6WAF,inprogress,2026-09-25 16:24,2026-09-25 19:22,100.61052,13.87069,บางเขน,อนุสาวรีย์,น้ำท่วมขังในซอยย่อย ครึ่งน่อง ตอนบ่าย. ตอนนี้เสมอถนนซอยแล้วค่ะ ความสูงระดับครึ่งน่อง น้ำท่วมมาแล้วน้อยกว่า 3 ชั่วโมง,https://storage.googleapis.com/traffy_public_bucket/attachment/2026-09/thumb_357d19f7115bd7aaa245b60290d46d32.jpg
2026-ZVMVCH,finish,2026-09-25 16:24,2026-09-29 17:27,100.59103,13.88663,หลักสี่,ตลาดบางเขน,น้ำจะท่วมแล้ว ช่วยด้วยครับ ความสูงระดับหน้าแข้ง น้ำท่วมมาแล้วน้อยกว่า 3 ชั่วโมง,https://storage.googleapis.com/traffy_public_bucket/attachment/2026-09/fa40e2912284372782bdf82c7ca28ccd.jpeg
2026-APVXGC,forward,2026-09-25 16:25,2026-09-25 17:23,100.53494,13.75772,ราชเทวี,ถนนพญาไท,ฝนตก น้ำท่วม จราจรติดขัด ถนนศรีอยุธยา ขาเข้า ประชาชนเดือดร้อน ความสูงระดับข้อเท้า น้ำท่วมมาแล้วน้อยกว่า 1 วัน,https://storage.googleapis.com/traffy_public_bucket/attachment/2026-09/4e8e8961abfa839108dcee8f5c2a6e89.jpeg
2026-VDK8TG,forward,2026-09-25 16:25,2026-09-25 18:45,100.60362,13.74639,สวนหลวง,สวนหลวง,น้ำท่วมมากเลย ถนนใหญ่ถนนเล็กซอยเล็กท่วมหมดข้างคลองแสนแสบ ปี 54 ว่าท่วมหนักสมัยผู้ว่าสุขุมพันธ์ ตั้งแต่ผู้ว่าชัชชาติได้เป็นหน้ารามท่วมทุกปีเลย ความสูงระดับหน้าแข้ง น้ำท่วมมาแล้วน้อยกว่า 3 ชั่วโมง,https://storage.googleapis.com/traffy_public_bucket/attachment/2026-09/thumb_76bd22101e95111c5d2a9931d6f97aad.jpg
2026-8RXL2D,inprogress,2026-09-25 16:26,2026-09-25 20:45,100.69125,13.76688,สะพานสูง,สะพานสูง,หลังจากที่ทางเขตได้ทำการยกระดับพื้นถนนในซอยรามคำแหง 118 แยก 35 คาดว่าน่าจะแก้ปัญหาน้ำท่วมภายในซอยในข่วงหน้าฝนที่มีในตกหนัก หลังจากงานนี้เสร็จแล้ว ทุกครั้งที่ฝนตกหนัก น้ำไม่ท่วมในซอยแต่น้ำไหลเข้าบ้าน ท่วมบริเวณในบ้านรวมถึงภายในตัวบ้านเช่นในครัวหรือห้องนั่ง,https://storage.googleapis.com/traffy_public_bucket/attachment/2026-09/cd957586b73e898de52df9c5c6eab17b.jpeg
2026-K44KEL,finish,2026-09-25 16:26,2026-09-25 21:44,100.61585,13.67455,บางนา,บางนาเหนือ,น้ำท่วม ความสูงระดับหน้าแข้ง น้ำท่วมมาแล้วน้อยกว่า 1 ชั่วโมง,https://storage.googleapis.com/traffy_public_bucket/attachment/2026-09/e244a114594890fe585ec064705b3af6.jpeg
2026-BKU2FN,inprogress,2026-09-25 16:27,2026-09-25 18:45,100.62795,13.74663,สวนหลวง,สวนหลวง,น้ำท่วมขัง ซอยพระรามเก้า 43 ประมาณ 3 ชม. แล้ว ไม่ระบาย ความสูงระดับข้อเท้า น้ำท่วมมาแล้วน้อยกว่า 3 ชั่วโมง,https://storage.googleapis.com/traffy_public_bucket/attachment/2026-09/210b8f6a61da75e8c3b2d8a556470f20.jpeg
2026-JA7UK8,inprogress,2026-09-25 16:27,2026-09-25 16:50,100.72457,13.78284,มีนบุรี,มีนบุรี,ขอเครื่องสูบน้ำหรือขอความช่วยเหลือเอาน้ำออกจากบ้านให้ด้วยได้ไหมคะ ตอนนี้น้ำเข้าถึงตัวบ้านแล้วค่ะ ความสูงระดับข้อเท้า น้ำท่วมมาแล้วน้อยกว่า 3 ชั่วโมง,https://storage.googleapis.com/traffy_public_bucket/attachment/2026-09/6f81934fdaa09654a83e3ab0c51504f3.jpeg
2026-E4WPBX,inprogress,2026-09-25 16:29,2026-09-25 20:47,100.67265,13.74458,สะพานสูง,สะพานสูง,ตอนนี้น้ำท่วมเข้าบ้านครึ่งหน้าแข้ง เครื่องสูบน้ำที่มีทั้งหมดหกตัวเอาไม่อยู่ ต้องการให้พนักงานรีบสูบน้ำออกคลองโดยด่วนที่สุดเพราะข้าวของเสียหาย ความสูงระดับหัวเข่า น้ำท่วมมาแล้วน้อยกว่า 1 วัน,https://storage.googleapis.com/traffy_public_bucket/attachment/2026-09/5a889c6e09cf5504c9b5db1d0cdec1fe.jpeg
2026-FD2AUR,inprogress,2026-09-25 16:29,2026-09-25 20:47,100.69047,13.74153,สะพานสูง,สะพานสูง,น้ำท่วมซอยนักกีฬาแหลมทอง 1 ความสูงระดับเต็มถนนทยอยเข้าบ้านครับ น้ำท่วมมาแล้วน้อยกว่า 3 ชั่วโมง,https://storage.googleapis.com/traffy_public_bucket/attachment/2026-09/dd9e35c88479de971441646a32fe0e93.jpeg
2026-N36GJP,start,2026-09-25 16:29,2026-09-25 17:06,100.71679,13.74711,ลาดกระบัง,คลองสองต้นนุ่น,น้ำท่วมโรงงานไม้ ความสูงระดับประมาณ 30 ซม.ค่ะ น้ำท่วมมาแล้วเมื่อคืนก่อน,https://storage.googleapis.com/traffy_public_bucket/attachment/2026-09/2e796c8144004690d1bf6d01325eaf7b.jpeg
2026-662TMC,inprogress,2026-09-25 16:30,2026-09-25 19:19,100.39946,13.75568,ทวีวัฒนา,ทวีวัฒนา,ฝนตก น้ำขัง ท่อระบายน้ำน่าจะอุดตัน ความสูงระดับข้อเท้าค่ะ น้ำท่วมมาแล้วน้อยกว่า 3 ชั่วโมง,https://storage.googleapis.com/traffy_public_bucket/attachment/2026-09/e055768e619eeb9e7b93974d987791d9.jpeg
2026-GTVVAN,forward,2026-09-25 16:31,2026-09-25 17:22,100.53494,13.75772,ราชเทวี,ถนนพญาไท,ฝนตก น้ำท่วม จราจรติดขัด ถนนศรีอยุธยา ขาเข้า ประชาชนเดือดร้อน ความสูงระดับข้อเท้า น้ำท่วมมาแล้วน้อยกว่า 1 สัปดาห์,https://storage.googleapis.com/traffy_public_bucket/attachment/2026-09/95d31d3b7241eeddd0fae6ef991cc660.jpeg
2026-PV2LJB,inprogress,2026-09-25 16:31,2026-09-25 18:45,100.6211,13.74357,สวนหลวง,สวนหลวง,น้ำท่วมสูง ความสูงระดับหน้าแข้ง น้ำท่วมมาแล้วน้อยกว่า 1 วัน,https://storage.googleapis.com/traffy_public_bucket/attachment/2026-09/a1d7b86f5e5c47c96d1e7ceeb12efcbe.jpeg
2026-YRUAXA,inprogress,2026-09-25 16:31,2026-09-25 19:22,100.63172,13.87583,บางเขน,ท่าแร้ง,น้ำท่วมบ้าน มาดีกว่า 3 ชั่วโมง ความสูงระดับหน้าแข้ง น้ำท่วมมาแล้วน้อยกว่า 3 ชั่วโมง,https://storage.googleapis.com/traffy_public_bucket/attachment/2026-09/7ce9fef7caf8499fbf24ad129e54a098.jpeg
2026-2LVL3B,inprogress,2026-09-25 16:32,2026-09-25 18:05,100.58951,13.89213,ดอนเมือง,สนามบิน,น้ำท่วมบนถนน การจราจรติดขัด ระบายน้ำได้ช้า ความสูงระดับข้อเท้า น้ำท่วมมาแล้วน้อยกว่า 3 ชั่วโมง,https://storage.googleapis.com/traffy_public_bucket/attachment/2026-09/0419408f1c0ae60f1ed1a20b1d7ae917.jpeg
2026-BEBHZ9,inprogress,2026-09-25 16:32,2026-09-25 23:46,100.6056,13.75682,วังทองหลาง,พลับพลา,น้ำท่วมผุดขึ้นจากท่อระบาย ความสูงระดับเท่าฟุตบาทค่ะแต่น้ำผุดจากท่อไม่หยุด น้ำท่วมมาแล้วน้อยกว่า 3 ชั่วโมง,https://storage.googleapis.com/traffy_public_bucket/attachment/2026-09/5119ffc2af7eb6c043fa9845fe7cdd42.jpeg
2026-BEBHZ9,finish,2026-09-25 16:32,2026-10-09 12:16,100.6056,13.75682,วังทองหลาง,พลับพลา,น้ำท่วมผุดขึ้นจากท่อระบาย ความสูงระดับเท่าฟุตบาทค่ะแต่น้ำผุดจากท่อไม่หยุด น้ำท่วมมาแล้วน้อยกว่า 3 ชั่วโมง,https://storage.googleapis.com/traffy_public_bucket/attachment/2026-09/5119ffc2af7eb6c043fa9845fe7cdd42.jpeg
2026-3NJK8Z,forward,2026-09-25 16:33,2026-09-25 16:54,100.52161,13.75961,ดุสิต,สวนจิตรลดา,ฝนตก น้ำท่วม จราจรติดขัด ถนนหลานหลวง ขาออก ความสูงระดับข้อเท้า น้ำท่วมมาแล้วน้อยกว่า 1 วัน,https://storage.googleapis.com/traffy_public_bucket/attachment/2026-09/ca95bb690fb9f29932ab5f1de40f65d1.jpeg
2026-ZJDRYW,inprogress,2026-09-25 16:33,2026-09-25 21:55,100.6685,13.73404,ประเวศ,ประเวศ,น้ำท่วมขังตั้งแต่เช้า และระดับน้ำสูงขึ้นเรื่อยๆจนเริ่มเข้าบ้านแล้ว ความสูงระดับหน้าแข้ง น้ำท่วมมาแล้วครึ่งวัน,https://storage.googleapis.com/traffy_public_bucket/attachment/2026-09/4f038becf022df081878ff87510b601d.jpeg
2026-WCAMJB,finish,2026-09-25 16:34,2026-09-29 17:26,100.56529,13.86053,หลักสี่,ทุ่งสองห้อง,น้ำระบายไม่ทันหรอคะ ความสูงระดับเข้าบ้านค่ะ น้ำท่วมมาแล้วมากกว่า20ซมค่ะ,https://storage.googleapis.com/traffy_public_bucket/attachment/2026-09/thumb_e1b4076b39a307ec179c407daf801152.jpg
2026-J9N622,finish,2026-09-25 16:35,2026-09-29 17:26,100.58497,13.87146,หลักสี่,ตลาดบางเขน,น้ำท่วม ความสูงระดับหน้าแข้ง น้ำท่วมมาแล้วน้อยกว่า 1 วัน,https://storage.googleapis.com/traffy_public_bucket/attachment/2026-09/c5a833495d9b8de4f951e7dd96c53a03.jpeg
2026-MBHZKA,inprogress,2026-09-25 16:35,2026-10-05 10:23,100.59887,13.9238,ดอนเมือง,สีกัน,ตอนนี้ใตซอยสรงประภา 24 ปริมาณน้ำท่วมขังสูงมากประมาณครึ่งล้อ รถเล็กผ่านลำบาก โดยเฉพาะโค้งกลางซอย น้ำไม่ระบายเลย ส่วนน้ำในคลองปริ่มมาก บางบ้านเริ่มมีน้ำไหลเข้าบ้านแล้ว หากฝนยังตกอีกระลอง เกรงว่าจะท่วมหนะกจนเข้าออกซอยไม่ได้ รบกวนทาง กทม มาดูด้วยค่ะ ความสูงระ,https://storage.googleapis.com/traffy_public_bucket/attachment/2026-09/thumb_cf94badbd43a7f4781cc9e716cd6adf5.jpg
2026-H6W8D4,forward,2026-09-25 16:36,2026-09-25 17:22,100.56391,13.75046,ราชเทวี,มักกะสัน,ฝนตกหนัก ท่อตันเศษขยะและเศษปูน ความสูงระดับข้อเท้า น้ำท่วมมาแล้วน้อยกว่า 3 ชั่วโมง,https://storage.googleapis.com/traffy_public_bucket/attachment/2026-09/48de0edc54aefdd51f8c8c58b5ddf197.jpeg
2026-H4KNDK,inprogress,2026-09-25 16:38,2026-09-25 18:02,100.5828,13.91804,ดอนเมือง,ดอนเมือง,ซอยช่างอากาศอุทิศ 12 แยก 2-1 ทำถนนแต่หมู่บ้านร่มเย็น แต่ไม่ได้ทำให้หมู่ด้านหลังร่มเย็น ซึ่งเป็นหมู่บ้านที่น้ำท่วมหนักทุกปี เหมือนกันค่ะ ซึ่งปีนี้ก้อยังท่วมอยู่ แต่ บริเวณโดยรอบที่ทำถนน ไม่ท่วมแล้ว รบกวนมาแก้ไขให้โดยด่วนค่ะ ความสูงระดับหน้าแข้ง น้ำท่วมมาแล,https://storage.googleapis.com/traffy_public_bucket/attachment/2026-09/cfade8250f60319a0dbbbd90980029e5.jpeg
2026-TF9B2R,inprogress,2026-09-25 16:39,2026-09-25 19:23,100.62241,13.87315,บางเขน,ท่าแร้ง,น้ำท่วมจะเข้าบ้าน อยากให้กทม.เอาเครื่องสูบน้ำมาสูบที่คลองให้หน่อยค่ะ ความสูงระดับข้อเท้า น้ำท่วมมาแล้วน้อยกว่า 3 ชั่วโมง,https://storage.googleapis.com/traffy_public_bucket/attachment/2026-09/6a5db5ecff8700d159b47622fb585230.jpeg
2026-CWXL28,inprogress,2026-09-25 16:40,2026-09-28 12:58,100.69308,13.79288,คันนายาว,คันนายาว,ตอนนี้มีท่วมขังและทางบ้านเป็นที่ต่ำกว่าถนนบ้านอื่นน้ำขึ้นเรื่อยๆพอจะมีแนวทางช่วยได้บ้างไหมคะ ความสูงระดับหน้าแข้ง น้ำท่วมมาแล้วน้ำเริ่มขึ้น,https://storage.googleapis.com/traffy_public_bucket/attachment/2026-09/e241f5458bd6d4c5fb4078d7331274ee.jpeg
2026-KE9NH2,forward,2026-09-25 16:40,2026-09-25 16:54,100.52081,13.75776,ดุสิต,สวนจิตรลดา,ฝนตก น้ำท่วม จราจรติดขัด ถนนหลานหลวง ขาออก รถยนต์ประชาชนเสัยหาย มาจากน้ำท่วม ความสูงระดับข้อเท้า น้ำท่วมมาแล้วน้อยกว่า 1 วัน,https://storage.googleapis.com/traffy_public_bucket/attachment/2026-09/eda75455ac3c09901f48237935c29176.jpeg
2026-PLJBAN,finish,2026-09-25 16:40,2026-09-29 17:13,100.60171,13.73026,วัฒนา,คลองตันเหนือ,น้ำท่วมในซอยบ้าน กำลังจะเข้าบ้านแล้วค่ะ ความสูงระดับ6นิ้ว น้ำท่วมมาแล้วตั้งแต่ บ่าย13:00,https://storage.googleapis.com/traffy_public_bucket/attachment/2026-09/d14ddd86d3cd8e7c42b5c3631b69f6a7.jpeg
2026-U29TAF,inprogress,2026-09-25 16:41,2026-09-25 19:23,100.58673,13.85956,บางเขน,อนุสาวรีย์,ตอนนี้น้ำท่วมจะเข้าบ้านแล้วค่ะ อยากได้กระสอบทรายมากๆเลย ความสูงระดับถ้าจากหน้าบ้านตอนนี้ประมาณหัวเข่าค่ะ น้ำท่วมมาแล้วตั้งแต่ช่วงเช้าค่ะ ค่อยๆเพิ่มระดับน้ำขึ้นมา,https://storage.googleapis.com/traffy_public_bucket/attachment/2026-09/180c074b933464c3d398fe1aa0066b3b.jpeg
2026-WN8YTE,forward,2026-09-25 16:41,2026-09-25 20:47,100.56574,13.74848,ห้วยขวาง,บางกะปิ,ถนนเพชรบุรี บริเวณสี่แยกเพชรบุรี-อโศก น้ำท่วมขังระดับเทียบเท่าฟุตบาท ตลอดเส้นทาง ความสูงระดับเทียบเท่าฟุตบาทค่ะ น้ำท่วมมาแล้วน้อยกว่า 3 ชั่วโมง,https://storage.googleapis.com/traffy_public_bucket/attachment/2026-09/cbbc96a68ec324e7ea01223b5c23f0b2.jpeg
2026-82E6ME,finish,2026-09-25 16:42,2026-09-30 09:03,100.36279,13.73467,บางแค,บางไผ่,ฝนชะลอเหลือแค่ปรอย ๆ เดิมทีไม่มีน้ำท่วมขัง แต่จู่ ๆ ภายใน 5 นาที น้ำเอ่อขึ้นสูงจนจะเข้าตัวบ้าน เหมือนมีโซนที่สูบน้ำปล่อย หรือระบบการระบายมีปัญหาหรือไม่ ความสูงระดับข้อเท้า น้ำท่วมมาแล้วน้อยกว่า 1 ชั่วโมง,https://storage.googleapis.com/traffy_public_bucket/attachment/2026-09/a0dc3528ca502d798434bb3f43336a7e.jpeg
2026-ZKWJXP,forward,2026-09-25 16:42,2026-09-25 17:44,100.59642,13.67152,บางนา,บางนาใต้,ตอนนี้หมู่บ้านร่มโพธิ์ถนนสรรพาวุธ น้ำในคลองสูงมากค่ะธรรมดาจะมีเครื่องดันน้ำแต่ปีนี้เพราะทำทางเดินข้างคลองเลยถูกย้ายออกไปค่ะตอนนี้ในซอยฝั่งหนึ่งน้ำท่วมถนนถึงข้อเท้าแล้วคะ ความสูงระดับข้อเท้า น้ำท่วมมาแล้วต่อนนี้น้ำในคลองคือใกล้ล้นแล้วค่ะ,https://storage.googleapis.com/traffy_public_bucket/attachment/2026-09/2de0a9ddfc1f691c60e41441105e96d4.jpeg
2026-2CNB28,forward,2026-09-25 16:43,2026-09-25 17:46,100.64389,13.65597,บางนา,บางนาเหนือ,น้ำท่วมเยอะมาก เลยฟุตบาทแล้ว โปรดเร่งใช้เครื่องสูบน้ำออก ความสูงระดับหน้าแข้ง น้ำท่วมมาแล้วน้อยกว่า 1 วัน,https://storage.googleapis.com/traffy_public_bucket/attachment/2026-09/250475b154e4e74c388d21169d72ecbc.jpeg
2026-CYTMM2,inprogress,2026-09-25 16:43,2026-09-27 12:08,100.4756,13.66013,ทุ่งครุ,บางมด,น้ำท่วมขังอีกแล้วคลองล้น ความสูงระดับในห้องน้ำเลยตาตุ่มมาแล้วครับ น้ำท่วมมาแล้ว2 ชั่วโมงแล้วครับขึ้นเรื่อยเรื่อยเลย,https://storage.googleapis.com/traffy_public_bucket/attachment/2026-09/0cdc20e72e5e7419fed0dc276432fada.jpeg
2026-CYTMM2,finish,2026-09-25 16:43,2026-10-06 09:07,100.4756,13.66013,ทุ่งครุ,บางมด,น้ำท่วมขังอีกแล้วคลองล้น ความสูงระดับในห้องน้ำเลยตาตุ่มมาแล้วครับ น้ำท่วมมาแล้ว2 ชั่วโมงแล้วครับขึ้นเรื่อยเรื่อยเลย,https://storage.googleapis.com/traffy_public_bucket/attachment/2026-09/0cdc20e72e5e7419fed0dc276432fada.jpeg
2026-KVXLE4,inprogress,2026-09-25 16:43,2026-09-27 12:09,100.49832,13.62914,ทุ่งครุ,ทุ่งครุ,โยธามาขุดดินเพื่อการทำลำรางแล้วสุดท้ายไม่ดำเนินงานต่อปัจจบันคันดินถูกทำลายเกิดน้ำท่วมไหลเข้ามาในบ้านเสียหายพิกัดที่แชร์ในแผนที่แค่อ้างอิงใกล้เคียงภาพประกอบที่ส่งให้เป็นภาพจากสถานที่จริงลงม่แก้ไขด้วยนะคะเสียข้าวของตั้งแต่น้ำขังเมื่อช่วงที่ฝนตกรอบก่อนจนถึงว,https://storage.googleapis.com/traffy_public_bucket/attachment/2026-09/5284d26f5b70b1fe4ed297660faea931.jpeg
2026-KVXLE4,finish,2026-09-25 16:43,2026-10-07 10:05,100.49832,13.62914,ทุ่งครุ,ทุ่งครุ,โยธามาขุดดินเพื่อการทำลำรางแล้วสุดท้ายไม่ดำเนินงานต่อปัจจบันคันดินถูกทำลายเกิดน้ำท่วมไหลเข้ามาในบ้านเสียหายพิกัดที่แชร์ในแผนที่แค่อ้างอิงใกล้เคียงภาพประกอบที่ส่งให้เป็นภาพจากสถานที่จริงลงม่แก้ไขด้วยนะคะเสียข้าวของตั้งแต่น้ำขังเมื่อช่วงที่ฝนตกรอบก่อนจนถึงว,https://storage.googleapis.com/traffy_public_bucket/attachment/2026-09/5284d26f5b70b1fe4ed297660faea931.jpeg
2026-KVXLE4,start,2026-09-25 16:43,2026-10-07 10:55,100.49832,13.62914,ทุ่งครุ,ทุ่งครุ,โยธามาขุดดินเพื่อการทำลำรางแล้วสุดท้ายไม่ดำเนินงานต่อปัจจบันคันดินถูกทำลายเกิดน้ำท่วมไหลเข้ามาในบ้านเสียหายพิกัดที่แชร์ในแผนที่แค่อ้างอิงใกล้เคียงภาพประกอบที่ส่งให้เป็นภาพจากสถานที่จริงลงม่แก้ไขด้วยนะคะเสียข้าวของตั้งแต่น้ำขังเมื่อช่วงที่ฝนตกรอบก่อนจนถึงว,https://storage.googleapis.com/traffy_public_bucket/attachment/2026-09/5284d26f5b70b1fe4ed297660faea931.jpeg
2026-8L3E6W,finish,2026-09-25 16:44,2026-09-30 21:14,100.5924,13.82874,ลาดพร้าว,ลาดพร้าว,น้ำท่วมซอยลาดพร้าววังหิน 74 และถนนลาดพร้าววังหิน ความสูงระดับบนฟุตบาทแล้วค่ะ น้ำท่วมมาแล้ว3 ชั่วโมงแล้วค่ะ,https://storage.googleapis.com/traffy_public_bucket/attachment/2026-09/0959efaeef00d9e29a378d698dfa8f35.jpeg
2026-EZ2W9U,inprogress,2026-09-25 16:44,2026-09-27 13:47,100.58633,13.79704,ห้วยขวาง,สามเสนนอก,ชาวบ้านริมคลองลาดพร้าวน้ำท่วมเข้าบ้านเรือน รบกวนช่วยเร่งระบายน้ำหน่อยค่ะ ความสูงระดับหัวเข่า น้ำท่วมมาแล้วน้อยกว่า 3 ชั่วโมง,https://storage.googleapis.com/traffy_public_bucket/attachment/2026-09/e721c8122d8a1c98abc05e092467f139.jpeg
2026-EZ2W9U,forward,2026-09-25 16:44,2026-09-27 13:47,100.58633,13.79704,ห้วยขวาง,สามเสนนอก,ชาวบ้านริมคลองลาดพร้าวน้ำท่วมเข้าบ้านเรือน รบกวนช่วยเร่งระบายน้ำหน่อยค่ะ ความสูงระดับหัวเข่า น้ำท่วมมาแล้วน้อยกว่า 3 ชั่วโมง,https://storage.googleapis.com/traffy_public_bucket/attachment/2026-09/e721c8122d8a1c98abc05e092467f139.jpeg
2026-HTTZRT,forward,2026-09-25 16:44,2026-09-30 08:46,100.674,13.89193,สายไหม,ออเงิน,น้ำท่วมสูงขึ้น ไม่มีทีท่าจะลดลง ความสูงระดับหัวเข่า น้ำท่วมมาแล้วน้อยกว่า 1 วัน,https://storage.googleapis.com/traffy_public_bucket/attachment/2026-09/thumb_3b4474acd9beaa842f8c8cc1235edf7a.jpg
2026-PBN3D7,inprogress,2026-09-25 16:44,2026-09-26 00:37,100.62419,13.78035,วังทองหลาง,คลองเจ้าคุณสิงห์,น้ำท่วมขังเนื่องจากท่อน้ำอุดตันค่ะ ความสูงระดับประมาณ 10 ซม แต่เข้าซอยไปอีกจะท่วมมากค่ะ น้ำท่วมมาแล้วทุกครั้งที่ฝนตกหนักแต่ไม่เคยแจ้งค่ะ,https://storage.googleapis.com/traffy_public_bucket/attachment/2026-09/0910514101ba1d68ff6215bebc833676.jpeg
2026-PBN3D7,finish,2026-09-25 16:44,2026-10-09 12:16,100.62419,13.78035,วังทองหลาง,คลองเจ้าคุณสิงห์,น้ำท่วมขังเนื่องจากท่อน้ำอุดตันค่ะ ความสูงระดับประมาณ 10 ซม แต่เข้าซอยไปอีกจะท่วมมากค่ะ น้ำท่วมมาแล้วทุกครั้งที่ฝนตกหนักแต่ไม่เคยแจ้งค่ะ,https://storage.googleapis.com/traffy_public_bucket/attachment/2026-09/0910514101ba1d68ff6215bebc833676.jpeg
2026-MDAF7H,inprogress,2026-09-25 16:45,2026-09-25 19:23,100.62569,13.86814,บางเขน,อนุสาวรีย์,น้ำถนนซอยล้นเข้าบ้าน ความสูงระดับหน้าแข้ง น้ำท่วมมาแล้วน้อยกว่า 1 วัน,https://storage.googleapis.com/traffy_public_bucket/attachment/2026-09/6fe225bcae07a0ed23e73e1735146721.jpeg
2026-G7VGRX,finish,2026-09-25 16:46,2026-09-25 21:43,100.62381,13.6718,บางนา,บางนาเหนือ,ขอแจ้งเพิ่มเติมนะคะท่านผู้ว่าฯ และทีมงาน 🙏🏻 ตอนนี้ฝนตกต่อเนื่องมาตั้งแต่เที่ยงคืนจนถึงเกือบ 5 โมงเย็นแล้วค่ะ น้ำที่ท้ายหมู่บ้านเพิ่มสูงขึ้นเรื่อย ๆ และล้นจากคลองเข้าท่วมบ้านแล้วค่ะ บ้านหนูอยู่ต่ำกว่าระดับถนน จึงได้รับผลกระทบโดยตรง และตอนนี้กังวลว่าน้ำจะเข,https://storage.googleapis.com/traffy_public_bucket/attachment/2026-09/a4cfdd18e79fdf100916c487304b82c0.jpeg
2026-YH39V2,start,2026-09-25 16:46,2026-09-25 17:09,100.71091,13.72095,ลาดกระบัง,ลาดกระบัง,น้ำท่วมค่ะอีกอย่างน้ำเข้าไปถึงข้างในตึกเกือบจะเข้าห้องแล้วค่ะน้ำสูงไม่มากเท่าไหร่ค่ะแต่มันก็ท่วมทั้งซอยเลยหนูอยากให้พี่ช่วยหนูหน่อยคะ ความสูงระดับหน้าแข้ง น้ำท่วมมาแล้วน้อยกว่า 3 ชั่วโมง,https://storage.googleapis.com/traffy_public_bucket/attachment/2026-09/05e39ec22352fec8192037c323979ebd.jpeg
2026-PR28HG,forward,2026-09-25 16:47,2026-10-05 13:48,100.51638,13.75656,ป้อมปราบศัตรูพ่าย,คลองมหานาค,ฝนตก น้ำท่วม จราจรติดขัด ถนนลูกหลวง ขาออก รถยนต์ประชาชนเสัยหาย มาจากน้ำท่วม ความสูงระดับข้อเท้า น้ำท่วมมาแล้วน้อยกว่า 1 วัน,https://storage.googleapis.com/traffy_public_bucket/attachment/2026-09/a2f6f71aea88f2d43df012da5a716ba3.jpeg
2026-PR28HG,finish,2026-09-25 16:47,2026-10-08 13:39,100.51638,13.75656,ป้อมปราบศัตรูพ่าย,คลองมหานาค,ฝนตก น้ำท่วม จราจรติดขัด ถนนลูกหลวง ขาออก รถยนต์ประชาชนเสัยหาย มาจากน้ำท่วม ความสูงระดับข้อเท้า น้ำท่วมมาแล้วน้อยกว่า 1 วัน,https://storage.googleapis.com/traffy_public_bucket/attachment/2026-09/a2f6f71aea88f2d43df012da5a716ba3.jpeg
2026-T3GCV3,inprogress,2026-09-25 16:47,2026-09-28 12:58,100.69299,13.79284,คันนายาว,คันนายาว,น้ำท่วมขังหน้าบ้าน ระดับน้ำสูง ประมาณหน้าแข้งถ้าคนตัวเล็กก็ถึงหัวเข่า เนื่องจากตัวบ้านต่ำกว่าถนน และบ้านข้างเคียง ทำให้การเข้าออกลำบาก ความสูงระดับหน้าแข้ง น้ำท่วมมาแล้วน้อยกว่า 3 ชั่วโมง,https://storage.googleapis.com/traffy_public_bucket/attachment/2026-09/3d12e8b072391200bda3ff37b6f68e90.jpeg
2026-6XPFKE,inprogress,2026-09-25 16:49,2026-09-25 18:46,100.64708,13.72934,สวนหลวง,สวนหลวง,น้ำท่วม ความสูงระดับเอว น้ำท่วมมาแล้วน้อยกว่า 1 วัน,https://storage.googleapis.com/traffy_public_bucket/attachment/2026-09/8fc0d914706c261fe4d31c1790acbfcf.jpeg
2026-GXXBW3,inprogress,2026-09-25 16:49,2026-09-28 12:59,100.68755,13.81001,คันนายาว,คันนายาว,ตอนนี้น้ำท่วมถึงตาตุ่มแล้วน้ำไม่สามารถระบายออกจากในซอยได้รถในซอยจะจอดไม่ได้แล้วควรที่จะหาที่จอดรถให้กับประชาชนได้แล้วในซอยนี้ส่วนใหญ่เป็นถนนส่วนบุคคลก็ควรมีรัฐบาลทำอะไรได้ ความสูงระดับข้อเท้า น้ำท่วมมาแล้วน้อยกว่า 1 วัน,https://storage.googleapis.com/traffy_public_bucket/attachment/2026-09/ea7faa82531e217a7d81b58f7bf457b2.jpeg
2026-K8ZZTB,finish,2026-09-25 16:49,2026-09-30 21:13,100.59057,13.84232,ลาดพร้าว,จรเข้บัว,น้ำท่วมขังสูง ไม่มีการระบาย เดือดร้อนมากครับตอนนี้ จนน้ำเข้ามาในบ้านแล้ว ความสูงระดับหัวเข่า น้ำท่วมมาแล้วน้อยกว่า 1 วัน,https://storage.googleapis.com/traffy_public_bucket/attachment/2026-09/2e807eabe3f2cafcc20068a7e01199ff.jpeg
2026-RCYXG8,finish,2026-09-25 16:49,2026-09-25 21:41,100.6375,13.66374,บางนา,บางนาเหนือ,น้ำท่วมหนักมาก ซอยบางนาตราด42 ท่วมตลอด ฝนตกน้อยก็ท่วม ฝนตกเยอะคือเข้าบ้านเลย กทม.ไม่มีการลอกท่อหรือตั้งเครื่องสูบน้ำเลย พอซอยอื่นสูบน้ำใส่คลองบางนา ก็มาลงซอยนี้หมดเลย ลำบากมากหลายปีแล้ว ไปแจ้งที่เขตทุกปีไม่ดีขึ้นเลย ความสูงระดับหัวเข่า น้ำท่วมมาแล้วน้อยกว,https://storage.googleapis.com/traffy_public_bucket/attachment/2026-09/a3749ad60660ba02f80ca65cb41eae5e.jpeg
2026-DWT7ZL,inprogress,2026-09-25 16:50,2026-09-25 23:26,100.60331,13.77592,วังทองหลาง,วังทองหลาง,ช่วยดูน้ำท่วมทีค่ะ ท้ายซอยลาดพร้าว80 หน้า หมู่บ้านบ้านกลางเมืองกับสเปซ รถดับแล้วว ความสูงระดับหน้าหมู่บ้าน 15-20ซม ซอยลัดไปสหการประมูล 10-20ซม น้ำท่วมมาแล้วน้อยกว่า 3 ชั่วโมง,https://storage.googleapis.com/traffy_public_bucket/attachment/2026-09/d20036cc456b9844d02dbf89f40d7439.jpeg
2026-DWT7ZL,finish,2026-09-25 16:50,2026-10-09 12:15,100.60331,13.77592,วังทองหลาง,วังทองหลาง,ช่วยดูน้ำท่วมทีค่ะ ท้ายซอยลาดพร้าว80 หน้า หมู่บ้านบ้านกลางเมืองกับสเปซ รถดับแล้วว ความสูงระดับหน้าหมู่บ้าน 15-20ซม ซอยลัดไปสหการประมูล 10-20ซม น้ำท่วมมาแล้วน้อยกว่า 3 ชั่วโมง,https://storage.googleapis.com/traffy_public_bucket/attachment/2026-09/d20036cc456b9844d02dbf89f40d7439.jpeg
2026-N4NYJD,inprogress,2026-09-25 16:50,2026-09-25 18:02,100.5959,13.91214,ดอนเมือง,ดอนเมือง,น้ำท่วมขังไม่สามารถระบายได้ ความสูงระดับตอนนี้ประมาณ 20-30 cm น้ำท่วมมาแล้วประมาณ 7 โมงเช้าที่ผ่านมา,https://storage.googleapis.com/traffy_public_bucket/attachment/2026-09/050640af30f4f85975c2ca9fba77e1ae.jpeg
2026-4BM99A,start,2026-09-25 16:51,2026-09-25 17:10,100.82254,13.72037,ลาดกระบัง,ทับยาว,น้ำท่วม ขัง ปริมาณเยอะ อยากให้ ช่วยเหลือระบายน้ำ ความสูงระดับหน้าแข้ง น้ำท่วมมาแล้วน้อยกว่า 3 ชั่วโมง,https://storage.googleapis.com/traffy_public_bucket/attachment/2026-09/db16b60b3bade14524ec9644c0bbda57.jpeg
2026-8JPMKP,forward,2026-09-25 16:51,2026-09-25 20:45,100.56456,13.74817,ห้วยขวาง,บางกะปิ,น้ำท่วมทั่วกรุง การเดินทาง ติดขัด กทม. ช่วยประกาศขอความร่วมมือภาคเอกชนให้ wfh ได้ไหมครับ ความสูงระดับข้อเท้า น้ำท่วมมาแล้วน้อยกว่า 1 วัน,https://storage.googleapis.com/traffy_public_bucket/attachment/2026-09/1861602125b99ac7eea7ce39f94e9170.jpeg
2026-9XMYER,finish,2026-09-25 16:51,2026-09-28 16:54,100.40601,13.68729,บางแค,หลักสอง,น้ำท่วมขัง ความสูงระดับข้อเท้า น้ำท่วมมาแล้วน้อยกว่า 1 วัน,https://storage.googleapis.com/traffy_public_bucket/attachment/2026-09/39c94a86cc39b7c003a40951ac7e878f.jpeg
2026-8HPYXC,inprogress,2026-09-25 16:52,2026-09-26 12:44,100.61779,13.80115,บางกะปิ,คลองจั่น,น้ำท่วม ความสูงระดับหน้าแข้ง น้ำท่วมมาแล้วน้อยกว่า 3 ชั่วโมง,https://storage.googleapis.com/traffy_public_bucket/attachment/2026-09/468fdc302e6019e8c7c5498b89b5a820.jpeg
2026-KCYXM4,forward,2026-09-25 16:52,2026-09-25 17:21,100.54807,13.75717,ราชเทวี,มักกะสัน,ต้องการให้ระบายน้ำออกด่วนเพราะที่บ้านเรือนประชาชนริมบึงน้ำได้ท่วมเข้าบ้านเรือนหมดแล้ว ความสูงระดับข้อเท้า น้ำท่วมมาแล้วน้อยกว่า 1 ชั่วโมง,https://storage.googleapis.com/traffy_public_bucket/attachment/2026-09/b9d2f0c450fa7948df200689fc1fe18d.jpeg
2026-KGYDBT,finish,2026-09-25 16:52,2026-09-30 21:51,100.60871,13.83795,ลาดพร้าว,จรเข้บัว,ขณะนี้น้ำท่วมสูง และเครื่องสูบน้ำมีเครื่องเดียว รถเล็กสัญจรลำบาก ไม่มี สส หรือหน่วยงายไหนเข้ามาดู น้ำเริ่มท่วมเข้าตัวบ้านแล้ว ปกติเครื่องสูบจะมี 3 เครื่อง ตอนนี้ใช้ได้แค่เครื่องเดียว ช่วยกรุณาเข้ามาแก้ปัญหาโดยด่วนค่ะ ความสูงระดับตอนนี้ท่วมถึงมอไซค์ครึ่งคั,https://storage.googleapis.com/traffy_public_bucket/attachment/2026-09/ad219f4ccfb99b8c07c84f264e2bf31a.jpeg
2026-NTYA2K,forward,2026-09-25 16:52,2026-09-26 15:19,100.55035,13.74262,ปทุมวัน,ลุมพินี,น้ำท่วมหลังฝนตกหนักไม่สามารถเดินไปขึ้นbtsเพลินจิตได้ ความสูงระดับข้อเท้า น้ำท่วมมาแล้วน้อยกว่า 1 ชั่วโมง,https://storage.googleapis.com/traffy_public_bucket/attachment/2026-09/0dd2574b5d94b33dd4c6f4736db30a73.jpeg
2026-TMJEGA,forward,2026-09-25 16:52,2026-09-25 17:07,100.67055,13.79762,บึงกุ่ม,คลองกุ่ม,น้ำท่ซมสูง ความสูงระดับหน้าแข้ง น้ำท่วมมาแล้วน้อยกว่า 1 วัน,https://storage.googleapis.com/traffy_public_bucket/attachment/2026-09/f8bbd33c3ee5c9698494ef14d7a8f830.jpeg
2026-UNX427,forward,2026-09-25 16:52,2026-09-25 17:06,100.64506,13.82736,บึงกุ่ม,นวลจันทร์,น้ำท่วมซอย นวลจันทร์34 ความสูงระดับหัวเข่า น้ำท่วมมาแล้วน้อยกว่า 1 วัน,https://storage.googleapis.com/traffy_public_bucket/attachment/2026-09/9802f515b56147a642924774b14e46cd.jpeg
2026-EET789,finish,2026-09-25 16:53,2026-09-25 18:36,100.42978,13.79635,ตลิ่งชัน,ฉิมพลี,มีน้ำท่วมขังในซอยสวนผัก 38 สัญจรลำบาก ความสูงระดับหน้าแข้ง น้ำท่วมมาแล้วน้อยกว่า 3 ชั่วโมง,https://storage.googleapis.com/traffy_public_bucket/attachment/2026-09/93f58022297bf15a7005ba4ce4c83792.jpeg
2026-VTLKHU,inprogress,2026-09-25 16:53,2026-09-25 19:24,100.60089,13.88367,บางเขน,อนุสาวรีย์,ท่อระบายน้ำเต็มน้ำเริ่มล้น ไม่สามารถระบายออกได้ ทำให้ภายในบ้านน้ำเริ่มท่วม ความสูงระดับตอนนี้เต็มท่อระบายล้นขึ้นถนนซอยพหลโยธิน 61 ถ้าฝนตกแบบนี้อยู่น่าจะท่วมบ้านประชาชนด้วย น้ำท่วมมาแล้วตั้งแต่เช้าวันนี้,https://storage.googleapis.com/traffy_public_bucket/attachment/2026-09/dd72563b0d9b5d8a03d4eb2622c0a3d6.jpeg
2026-DLEXX7,finish,2026-09-25 16:54,2026-09-25 21:42,100.61612,13.66615,บางนา,บางนาใต้,สุดซอยลาซาล27 น้ำท่วม สูงมากครับ/ ความสูงระดับบนถนน หน้าบ้าน ประมาณ สูง 70 ซม ครับ น้ำท่วมมาแล้ว30 นาทีครับ,https://storage.googleapis.com/traffy_public_bucket/attachment/2026-09/thumb_a9eddc6dadbe5f1bc3c4d2235217683e.jpg
2026-M2FWVZ,inprogress,2026-09-25 16:55,2026-09-25 19:24,100.63258,13.84469,บางเขน,ท่าแร้ง,น้ำท่วมตลอดทั้งเส้น ความสูงระดับประมาณเลยครึ่งล้อรถยนต์ น้ำท่วมมาแล้วน้อยกว่า 3 ชั่วโมง,https://storage.googleapis.com/traffy_public_bucket/attachment/2026-09/44b144debc08aa87fd77ebb9963079ce.jpeg
2026-M2FWVZ,finish,2026-09-25 16:55,2026-10-07 11:22,100.63258,13.84469,บางเขน,ท่าแร้ง,น้ำท่วมตลอดทั้งเส้น ความสูงระดับประมาณเลยครึ่งล้อรถยนต์ น้ำท่วมมาแล้วน้อยกว่า 3 ชั่วโมง,https://storage.googleapis.com/traffy_public_bucket/attachment/2026-09/44b144debc08aa87fd77ebb9963079ce.jpeg
2026-WD2EGU,forward,2026-09-25 16:55,2026-09-25 21:53,100.68235,13.66444,ประเวศ,ดอกไม้,น้ำท่วมขังถนนรามคำแหง2 น้ำไม่เคยท่วมมาก่อน แต่สันนิษฐานว่ามีการก่อสร้างโรงเรีบย Dulwich College International School Bangkok (DCBK) แล้วดินน่าจะไหลอุดตันท่อระบายน้ำ เพราะน้ำที่นองออกเป็นสีเินส้มๆที่โรงเนียนใช้ถมที่ และตอนสร้างก็มีรถขนดินเข้าออกอบะดินหกเล,https://storage.googleapis.com/traffy_public_bucket/attachment/2026-09/2f067de0306d695e94e40d06bbf6716d.jpeg
2026-7JEK2W,finish,2026-09-25 16:56,2026-09-29 16:18,100.58869,13.73611,วัฒนา,คลองตันเหนือ,น้ำเริ่มท่วมสูงขึ้นเรื่อยๆจากฝตที่ตกวันนี้ (25 กันยายน 2569 เวลา 16:54 น.) ความสูงระดับจะมิดฟุตบาทแล้วค่ะ เกือบครึ่งล้อรถค่ะ ในซอยยิ่งสูงกว่าบนถนนสุขุมวิท 63 ค่ะ น้ำท่วมมาแล้วน้อยกว่า 3 ชั่วโมง,https://storage.googleapis.com/traffy_public_bucket/attachment/2026-09/889de3dca6acf5fe2738d7dc3734fe49.jpeg
2026-97V9NB,inprogress,2026-09-25 16:56,2026-09-25 21:57,100.66795,13.72273,ประเวศ,ประเวศ,น้ำท่วมเข้าบ้านสูงมาก ความสูงระดับข้อเท้า น้ำท่วมมาแล้วน้อยกว่า 3 ชั่วโมง,https://storage.googleapis.com/traffy_public_bucket/attachment/2026-09/2399d3cb143df9b585d61d1b32631276.jpeg
2026-CNJF2Y,forward,2026-09-25 16:56,2026-09-25 17:19,100.54806,13.75717,ราชเทวี,มักกะสัน,น้ำในบึงมักกะสันได้รถเออเข้าท่วมบ้านเรือนประชาชนที่อยู่ริมบึงมักกะสันทำให้เกิดความเดือดร้อน ความสูงระดับหน้าแข้ง น้ำท่วมมาแล้วน้อยกว่า 1 ชั่วโมง,https://storage.googleapis.com/traffy_public_bucket/attachment/2026-09/594918e298a3b59ba14c81ae605fd64f.jpeg
2026-YRVENK,finish,2026-09-25 16:56,2026-09-30 10:37,100.59464,13.71954,วัฒนา,พระโขนงเหนือ,น้ำท่วมซอยปรีดีพนมยงค์ 11 ตั้งแต่เช้าค่ะ ความสูงระดับประมาณ 15 ซม หน้าประตูบ้าน แต่เข้าไปกลางซอยเป็นแอ่ง น่าจะ 30 ซมได้ค่ะ ตรงกำลังก่อสร้าง น้ำท่วมมาแล้วน้อยกว่า 1 วัน,https://storage.googleapis.com/traffy_public_bucket/attachment/2026-09/b52291de71570022ac04e331b91e6c15.jpeg
2026-22P8EM,finish,2026-09-25 16:58,2026-09-25 21:40,100.62298,13.67282,บางนา,บางนาเหนือ,น้ำท่วมยังในซอยอุดมสุข 30 ค่ะ ตอนนี้น้ำเท่าหัวเข่า กำลังจะเข้าบ้านค่ะ ท้ายหมู่บ้านที่มีเครื่องสูบน้ำ และท่อในหมู่บ้าน ไม่มีการระบายน้ำออกค่ะ ความสูงระดับคิดว่าน่าจเกิน 20 ซมค่ะ น้ำท่วมมาแล้วน้อยกว่า 1 ชั่วโมง,https://storage.googleapis.com/traffy_public_bucket/attachment/2026-09/cf6ec56abf82603d07b8950b44d978a8.jpeg
2026-CNNU77,finish,2026-09-25 16:58,2026-09-29 17:11,100.60263,13.72936,วัฒนา,คลองตันเหนือ,ฝนตกหนัก ไม่หยุด น้ำเริ่มท่วมเข้าบ้าน ช่วยมาดำเนินการสูบน้ำหน่อยได้ไหมคะ ความสูงระดับสูงเลยตาต่ำขึ้นมานิดนึงค่ะ น้ำท่วมมาแล้วน้อยกว่า 3 ชั่วโมง,https://storage.googleapis.com/traffy_public_bucket/attachment/2026-09/5d32ab648ec5c7d74bab066962cb7c95.jpeg
2026-NYLW7H,inprogress,2026-09-25 16:58,2026-09-25 17:00,100.64693,13.92422,สายไหม,สายไหม,สวัสดีค่ะ พอดีตอนนี้ที่บ้านประสบปัญหาน้ำท่วมในบ้าน และฝนยังไม่หยุดตกเลย แล้วที่หมู่บ้านระบายน้ำไม่ทัน พอจะมีกระสอบทราย หรือเครื่องปั๊มน้ำให้ใช้ชั่วคราวหรือไม่คะ ความสูงระดับข้อเท้า น้ำท่วมมาแล้วน้อยกว่า 3 ชั่วโมง,https://storage.googleapis.com/traffy_public_bucket/attachment/2026-09/3780c87b0dd75d3ae6738a8cc456a4f1.jpeg
2026-UZUBRX,inprogress,2026-09-25 16:58,2026-09-25 21:58,100.66234,13.71034,ประเวศ,ประเวศ,อ่อนนุช 70/1 หมู่บ้านเสรีอ่อนนุช ฝนตกน้ำท่วมขังผิวการจราจร ระดับน้ำเริ่มสูงขึ้นเรื่อยๆ รถเล็กเริ่มสัญจรลำบากครับ ความสูงระดับข้อเท้า น้ำท่วมมาแล้วน้อยกว่า 3 ชั่วโมง,https://storage.googleapis.com/traffy_public_bucket/attachment/2026-09/a5fb7cd80e71bb2ee82ef0237d9426b2.jpeg
2026-YP9RG3,finish,2026-09-25 16:58,2026-09-25 21:28,100.63986,13.67556,บางนา,บางนาเหนือ,น้ำท่วมเข้าบ้าน หมู่บ้านรังสิยา ซอย อุดมสุข58 ถนนสุขุมวิท103 ใกล้คลองเคล็ด ความสูงระดับถนนหมู่บ้านประมาณหน้าแข้งครับ น้ำท่วมมาแล้วน้อยกว่า 1 ชั่วโมง,https://storage.googleapis.com/traffy_public_bucket/attachment/2026-09/74cd03905941644842a666f6c26ff192.jpeg
2026-6TXG2J,forward,2026-09-25 16:59,2026-09-25 18:53,100.75406,13.79196,มีนบุรี,แสนแสบ,ถนนบึงขวางซอย 16 แขวงแสนแสบ เขตมีนบุรี กรุงเทพฯ ช่วงท้ายซอย ติดคลองสาประเวศ ฝั่งตรงข้ามมัสยิด อุลฮุดา 📍 ตรงจุดดังกล่าว มีปัญหาเรื่องการระบายน้ำ เนื่องจากทางท้ายท่อที่จะออกสู่คลองสามประเวศ เกิดการอุดตัน ทำให้น้ำระบายไม่ดีเท่าที่ควร น้ำเริ่ม ท่วมขังเต็มแล,https://storage.googleapis.com/traffy_public_bucket/attachment/2026-09/70c0e828b8add60ef8c86382884709ab.jpeg
2026-D9AJFF,forward,2026-09-25 16:59,2026-09-25 17:05,100.65316,13.79428,บึงกุ่ม,คลองกุ่ม,น้ำท่วมถนน เลยสูงฟุตบาท เข้าในคอนโด ความสูงระดับหน้าแข้ง น้ำท่วมมาแล้วน้อยกว่า 3 ชั่วโมง,https://storage.googleapis.com/traffy_public_bucket/attachment/2026-09/ce23b10a1571dfe395206f95f7b74dca.jpeg
2026-XKXZVW,inprogress,2026-09-25 16:59,2026-09-25 21:59,100.70786,13.69652,ประเวศ,ประเวศ,น้ำสูงประมาณ 30 เซนติเมตร บริเวณสุขาภิบาล 2 ซอย 15 ท่อระบายน้ำตัน น้ำท่วมขัง ตอนนี้น้ำเริ่มซึมเข้ามาภายในบ้านแล้วค่ะ ความสูงระดับข้อเท้า น้ำท่วมมาแล้วน้อยกว่า 3 ชั่วโมง,https://storage.googleapis.com/traffy_public_bucket/attachment/2026-09/69133c2ce2f03971e5480a0de90af262.jpeg
2026-BGYH66,inprogress,2026-09-25 17:00,2026-09-25 22:01,100.71035,13.70133,ประเวศ,ประเวศ,น้ำท่วมชุมชน 40 ไร่ ความสูงระดับซอยสุขาภิบาล 2 ซอย 15 ท่วมประมาณหัวเข่า ตอนนี้จะทะชักเข้าข้านประชาชน แล้ว น้ำท่วมมาแล้วตั้งแต่เช้าเวลาประมาณ 08.00 น. สูงประมาณตาตุ่ม ตอนนี้ 17.00 เท่าหัวเข่า,https://storage.googleapis.com/traffy_public_bucket/attachment/2026-09/ca109be00a4fa5ae2ba1b8d20f8bfd75.jpeg
2026-GC8HG4,forward,2026-09-25 17:00,2026-09-25 18:49,100.64136,13.73745,สวนหลวง,สวนหลวง,น้ำท่วม บริเวณสถานีรถไฟหัวหมาก ความสูงระดับหน้าแข้ง น้ำท่วมมาแล้วน้อยกว่า 3 ชั่วโมง,https://storage.googleapis.com/traffy_public_bucket/attachment/2026-09/6618ce31cebf6d56e9edf349cc935841.jpeg
2026-PGTZRF,finish,2026-09-25 17:00,2026-09-25 21:39,100.6062,13.66024,บางนา,บางนาใต้,น้ำท่วมจะเข้าในตัวบ้านแล้ว ความสูงระดับหน้าแข้ง น้ำท่วมมาแล้วน้อยกว่า 1 วัน,https://storage.googleapis.com/traffy_public_bucket/attachment/2026-09/92149df0d41d76513545d953cd92cf20.jpeg
2026-ZCZAUC,finish,2026-09-25 17:00,2026-09-25 21:38,100.611,13.67841,บางนา,บางนาเหนือ,น้ำท่วมในซอยอุดมสุข 4 ในวันศุกร์ที่ 25 กันยายน 2569 ตั้งแต่เวลา 1525 ระดับน้ำอยู่ที่ใต้หัวเข่า ท่วมแบบนี้ทุกปี ไม่ว่าจะทำอะไร แก้ไขยังไงก็ตาม หัวจะปวด ความสูงระดับหัวเข่า น้ำท่วมมาแล้วน้อยกว่า 3 ชั่วโมง,https://storage.googleapis.com/traffy_public_bucket/attachment/2026-09/f07c89338f90df9366756fa6cfc20938.jpeg
2026-F84K68,inprogress,2026-09-25 17:01,2026-09-27 13:52,100.583,13.74664,ห้วยขวาง,บางกะปิ,น้ำท่วมถนนในซอย ความสูงระดับหน้าแข้ง น้ำท่วมมาแล้วน้อยกว่า 3 ชั่วโมง,https://storage.googleapis.com/traffy_public_bucket/attachment/2026-09/ef24c7716dde795ec81508dd135fccae.jpeg
2026-F84K68,follow,2026-09-25 17:01,2026-10-08 08:27,100.583,13.74664,ห้วยขวาง,บางกะปิ,น้ำท่วมถนนในซอย ความสูงระดับหน้าแข้ง น้ำท่วมมาแล้วน้อยกว่า 3 ชั่วโมง,https://storage.googleapis.com/traffy_public_bucket/attachment/2026-09/ef24c7716dde795ec81508dd135fccae.jpeg
2026-VXBJCF,inprogress,2026-09-25 17:01,2026-09-25 20:52,100.6862,13.74242,สะพานสูง,สะพานสูง,น้ำในหมู่บ้านอยู่สบาย ซอย 12 ถนนกรุงเทพกรีฑา 39 ท่วมตั้งแต่เมื่อคืนยังไม่ลดและเพิ่มขึ้นอย่างต่อเนื่อง ความสูงระดับหน้าแข้ง น้ำท่วมมาแล้วน้อยกว่า 1 วัน,https://storage.googleapis.com/traffy_public_bucket/attachment/2026-09/81e0f97053488cd2ed9f5eb0174dc419.jpeg
2026-X2BT4E,forward,2026-09-25 17:01,2026-09-25 17:04,100.64074,13.80826,บึงกุ่ม,นวมินทร์,ฝนตกน้ำมักท่วม เข้ามาในบ้าน น้ำระบายช้า ตกนิดหน่อน้ำก็ท่วม เดือดร้อนทั้งซอย 5 ช่วยทำให้น้ำระบายเร็วหน่อย โดยเฉพาะตอนนี้ 25 กันยายน ตอนนี้ท่วมหนัก ความสูงระดับประมาณครึ่งแข้งแล้วคะ น้ำท่วมมาแล้วน้อยกว่า 3 ชั่วโมง,https://storage.googleapis.com/traffy_public_bucket/attachment/2026-09/59b2a2bcc88c009affcd219270f0cf91.jpeg
2026-4BFKZT,forward,2026-09-25 17:02,2026-09-26 06:16,100.65079,13.6594,บางพลี,บางแก้ว,ตอนนี้น้ำท่วมสูงเหนือหัวเข่าแล้วครับเลียบคลองบางนา แล้วก็ ถนนเลียบคลองบางนา น้ำท่วมขึ้นมาบนพื้นถนนแล้วครับ ความสูงระดับหัวเข่า น้ำท่วมมาแล้วน้อยกว่า 3 ชั่วโมง,https://storage.googleapis.com/traffy_public_bucket/attachment/2026-09/7325a9c3570efc55fa7d5979ecaf0949.jpeg
2026-MRTJTW,inprogress,2026-09-25 17:02,2026-09-25 20:28,100.62601,13.70077,พระโขนง,บางจาก,น้ำท่วมขัง สูง เป็นระยะเวลาหลายปี รถเล็กสัญจรลำบากมาก ความสูงระดับหัวเข่า น้ำท่วมมาแล้วน้อยกว่า 1 วัน,https://storage.googleapis.com/traffy_public_bucket/attachment/2026-09/72e9322a17112ab2bffeff9e9fe5578f.jpg
2026-MRTJTW,finish,2026-09-25 17:02,2026-10-08 15:25,100.62601,13.70077,พระโขนง,บางจาก,น้ำท่วมขัง สูง เป็นระยะเวลาหลายปี รถเล็กสัญจรลำบากมาก ความสูงระดับหัวเข่า น้ำท่วมมาแล้วน้อยกว่า 1 วัน,https://storage.googleapis.com/traffy_public_bucket/attachment/2026-09/72e9322a17112ab2bffeff9e9fe5578f.jpg
2026-K29GCU,inprogress,2026-09-25 17:04,2026-09-25 23:51,100.62584,13.77124,วังทองหลาง,พลับพลา,น้ำท่วม ความสูงระดับหน้าแข้ง น้ำท่วมมาแล้วน้อยกว่า 3 ชั่วโมง,https://storage.googleapis.com/traffy_public_bucket/attachment/2026-09/1abdf3b52050f6c7aa7b6f6cc5951af6.jpeg
2026-K29GCU,finish,2026-09-25 17:04,2026-10-09 12:14,100.62584,13.77124,วังทองหลาง,พลับพลา,น้ำท่วม ความสูงระดับหน้าแข้ง น้ำท่วมมาแล้วน้อยกว่า 3 ชั่วโมง,https://storage.googleapis.com/traffy_public_bucket/attachment/2026-09/1abdf3b52050f6c7aa7b6f6cc5951af6.jpeg
2026-YYVUDD,follow,2026-09-25 17:04,2026-10-04 20:41,100.68539,13.76197,สะพานสูง,สะพานสูง,น้ำสะสมมากในซอยรามคำแหง 118 แยก 46-4 ไม่ระบายเลย ความสูงระดับหน้าแข้ง น้ำท่วมมาแล้วน้อยกว่า 1 วัน,https://storage.googleapis.com/traffy_public_bucket/attachment/2026-09/d10cb31295d0be874f1a8fba538bdcd9.jpeg
2026-87XN6L,inprogress,2026-09-25 17:05,2026-09-27 07:15,100.38992,13.6519,บางบอน,บางบอนใต้,นำ้ท่วมในบ้านมีผู้สูงอายุติดเตียง ความสูงระดับขอให้ช่วยสูบนำ้ด้วย ขอบคุณค่ะ น้ำท่วมมาแล้วน้อยกว่า 3 ชั่วโมง,https://storage.googleapis.com/traffy_public_bucket/attachment/2026-09/964ebe66a53e6bedc9c8c879f69f6612.jpeg
2026-BJ9GMZ,inprogress,2026-09-25 17:05,2026-09-25 18:49,100.6256,13.7113,สวนหลวง,สวนหลวง,อ่อนนุช27 น้ำท่วมถึงตาตุ่ม และน้ำขึ้นมาจากท่อ น้ำไม่ลงท่อ น้ำเอ่อขึ้นมาจากท่อ ความสูงระดับข้อเท้า น้ำท่วมมาแล้วน้อยกว่า 3 ชั่วโมง,https://storage.googleapis.com/traffy_public_bucket/attachment/2026-09/e5bb6417dfce47e06507ed8eeaac4f8c.jpeg
2026-FTUABV,inprogress,2026-09-25 17:05,2026-09-25 19:26,100.61694,13.86669,บางเขน,อนุสาวรีย์,ฝนตกน้ำท่วมซอยแยกรามอินทรา19 ระดับน้ำสูงเข้าท่วมพื้นบ้าน ช่วยสูบน้ำลดระดับด้วยครับให้ลดลงระดับก้นท่อระบายน้ำระดับดินเดิม ลดความเดือดร้อน และการใช้ห้องน้ำด้วย ความสูงระดับหน้าแข้ง น้ำท่วมมาแล้วน้อยกว่า 1 วัน,https://storage.googleapis.com/traffy_public_bucket/attachment/2026-09/f6fd957eaa5dea25cb6910a92a69a8b9.jpeg
2026-PRAGFE,forward,2026-09-25 17:05,2026-09-28 16:22,100.66079,13.90326,สายไหม,ออเงิน,ต้องการขอความช่วยเหลือจากฝ่ายโยธา สนับสนุนปั๊มสูบน้ำ เนื่องจากระดับน้ำที่จุดรองรับมีปริมาณสูง เสี่ยงต่อน้ำท่วมในหมู่บ้านครับ ความสูงระดับตอนนี้เอ่อในท่อระบายน้ำโครงการครับ และปั๊มสูบน้ำเสียครับ น้ำท่วมมาแล้วช่วงประมาณ 15:00 วันนี้ครับ,https://storage.googleapis.com/traffy_public_bucket/attachment/2026-09/b511e7796c3b70cb59f4d91f04f8c1b6.jpeg
2026-983HP7,finish,2026-09-25 17:06,2026-09-30 16:34,100.62827,13.67094,บางนา,บางนาเหนือ,น้ำท่วมขังในซอย น้ำล้นทะลักเข้าท่อระบายน้ำในบ้าน ความสูงระดับหน้าแข้ง น้ำท่วมมาแล้วน้อยกว่า 3 ชั่วโมง,https://storage.googleapis.com/traffy_public_bucket/attachment/2026-09/26ebfd9f738aa8851818f917688dccf2.jpeg
2026-LXUB92,inprogress,2026-09-25 17:07,2026-09-25 22:02,100.67205,13.73034,ประเวศ,ประเวศ,ปัจจุบัน วันที่ 25 กันยายน 2569 จากเหตุการณ์ฝนตกตั้งแต่ช่วงเช้าตลอดทั้งวัน - ณ ปัจจุบันเวลา 16.58 น้ำท่วมเข้าบ้านแล้ว และซึมเข้าตามท่อระบายน้ำ เพิ่งแจ้งเขตประเวศไปเมื่อ 17 สิงหาคม ที่ผ่านมา และทางเขตประเวศโดยเฉพาะส่วนงานฝ่ายโยธา ได้ยืนยันว่ามีแผนป้องกันแล,https://storage.googleapis.com/traffy_public_bucket/attachment/2026-09/ae80faf3cf0cc5afb0b562509b8b23c0.jpeg
2026-A9GNJR,inprogress,2026-09-25 17:08,2026-09-25 20:28,100.60509,13.69092,พระโขนง,บางจาก,น้ำท่วมขัง ความสูงระดับหน้าแข้ง น้ำท่วมมาแล้วน้อยกว่า 3 ชั่วโมง,https://storage.googleapis.com/traffy_public_bucket/attachment/2026-09/e76e450e19a62266ac007200cbca1988.jpeg
2026-A9GNJR,finish,2026-09-25 17:08,2026-10-07 09:25,100.60509,13.69092,พระโขนง,บางจาก,น้ำท่วมขัง ความสูงระดับหน้าแข้ง น้ำท่วมมาแล้วน้อยกว่า 3 ชั่วโมง,https://storage.googleapis.com/traffy_public_bucket/attachment/2026-09/e76e450e19a62266ac007200cbca1988.jpeg
2026-MMJMLU,start,2026-09-25 17:08,2026-09-25 17:10,100.74865,13.73811,ลาดกระบัง,คลองสามประเวศ,สอบถามค่ะ น้ำท่วมซอยหมูบ้านมีประมาณ 50 หลัง ซอยต่ำกว่าถนนใหญ่ ต้องสูบน้ำออกเอง แต่ครั้งนี้เกินกำลังไปมาก ตอนนี้รถเล็กเข้าออกลำบากแล้ว กทม. ช่วยได้มั้ยคะ ความสูงระดับกลางซอยครึ่งแข้ง ท้ายซอยจะลึกกว่า น้ำท่วมมาแล้วน้อยกว่า 1 วัน,https://storage.googleapis.com/traffy_public_bucket/attachment/2026-09/d8a2ec7fb4d24b1174060e026aef18a6.jpeg
2026-W89RZY,inprogress,2026-09-25 17:08,2026-09-28 12:59,100.66713,13.83052,คันนายาว,รามอินทรา,น้ำล้นจากคลองระบายน้ำ ความสูงระดับหน้าแข้ง น้ำท่วมมาแล้วน้อยกว่า 1 วัน,https://storage.googleapis.com/traffy_public_bucket/attachment/2026-09/15f80c0879bac718a479b7da6412f6d5.jpeg
2026-W89RZY,forward,2026-09-25 17:08,2026-10-07 15:27,100.66713,13.83052,คันนายาว,รามอินทรา,น้ำล้นจากคลองระบายน้ำ ความสูงระดับหน้าแข้ง น้ำท่วมมาแล้วน้อยกว่า 1 วัน,https://storage.googleapis.com/traffy_public_bucket/attachment/2026-09/15f80c0879bac718a479b7da6412f6d5.jpeg
2026-ZMTGU9,inprogress,2026-09-25 17:08,2026-09-25 19:27,100.66535,13.85947,บางเขน,ท่าแร้ง,ผักตบชวาเต็มคลอง น้ำไม่มีทางไปเลยค่ะ หมู่บ้านพุดซ้อนเคยแจ้งเขตไปตั้งแต่เดือนที่แล้ว เขตแจ้งให้รอคิว ตอนนี้รอไม่ไหวแล้วค่ะ น้ำจะท่วม เอ่อทุกซอยแล้วค่ะ รบกวนหน่วยงานรับผิดชอบแก้ไขให้หน่อยค่ะ ถ้าเอาปักตบออกไปได้ น้ำขังจะลงไวค่ะ ความสูงระดับหน้าแข้ง น้ำท่วมมา,https://storage.googleapis.com/traffy_public_bucket/attachment/2026-09/47a7aaca312ee504e9349e9858468454.jpeg
2026-ZKBJXW,forward,2026-09-25 17:09,2026-10-05 13:48,100.51437,13.74049,ป้อมปราบศัตรูพ่าย,ป้อมปราบ,ฝนตก น้ำท่วมขัง จราจรติดขัด บนถนนไมตรีจืนต์ ไปถนนพระราม 4 ความสูงระดับข้อเท้า น้ำท่วมมาแล้วน้อยกว่า 1 วัน,https://storage.googleapis.com/traffy_public_bucket/attachment/2026-09/bdd40db448851f12fbc24022ea5c2a32.jpeg
2026-ZKBJXW,finish,2026-09-25 17:09,2026-10-08 13:39,100.51437,13.74049,ป้อมปราบศัตรูพ่าย,ป้อมปราบ,ฝนตก น้ำท่วมขัง จราจรติดขัด บนถนนไมตรีจืนต์ ไปถนนพระราม 4 ความสูงระดับข้อเท้า น้ำท่วมมาแล้วน้อยกว่า 1 วัน,https://storage.googleapis.com/traffy_public_bucket/attachment/2026-09/bdd40db448851f12fbc24022ea5c2a32.jpeg
2026-2CD9F8,forward,2026-09-25 17:10,2026-09-25 17:39,100.72123,13.72189,ลาดกระบัง,ลาดกระบัง,น้ำท่วมเส้นถนนลาดกระบังเข้าในคอนโดแนวทางแก้ไขเร่งระบายน้ำขุดลอกท่อ ความสูงระดับน้ำสูงประมาณ 30 เซนติเมตรค่ะ น้ำท่วมมาแล้วน้อยกว่า 3 ชั่วโมง,https://storage.googleapis.com/traffy_public_bucket/attachment/2026-09/88483144cec694bf28afb7dfbaf2b373.jpeg
2026-U2TXK6,inprogress,2026-09-25 17:10,2026-09-25 22:03,100.70984,13.70228,ประเวศ,ประเวศ,ชุมชนอ่อนนุช 40 ไร่ น้ำท่วมหนักมากคะ ความสูงระดับเกือบหัวเข่าค่ะ ถ้ารถเก๋งเข้ารถแล้วคะ ตอนนี้เข้าในบ้านน่าจะหลายหลังคะ น้ำท่วมมาแล้วน้อยกว่า 1 วัน,https://storage.googleapis.com/traffy_public_bucket/attachment/2026-09/1469ca10835b9444589828248760e177.jpeg
2026-UETXR8,inprogress,2026-09-25 17:10,2026-09-25 19:20,100.34889,13.73975,ทวีวัฒนา,ทวีวัฒนา,การระบายน้ำล่าช้ามากทำให้น้ำท่วมขังภายในหมู่บ้านสัญจรลำบาก ความสูงระดับหน้าแข้ง น้ำท่วมมาแล้วน้อยกว่า 3 ชั่วโมง,https://storage.googleapis.com/traffy_public_bucket/attachment/2026-09/440090c1e81858e67e9b99076f2bbe5e.jpeg
2026-YZKPA7,inprogress,2026-09-25 17:10,2026-09-25 19:28,100.62277,13.86107,บางเขน,อนุสาวรีย์,เวลาฝนตกน้ำมักจะเข้าบ้านอยากรบกวนขอกระสอบพร้อมทรายทรายเอาไว้กันน้ำสัก 50 ใบได้หรือไม่ครับ ความสูงระดับที่อยู่รามอินทราซอย 27 แยก 3 ถนนรามอินทราแขวงอนุสาวรีย์เขตบางเขนกรุงเทพฯโทรติดต่อ 099-195-2505 น้ำท่วมมาแล้วตกทีไรก็ท่วมครับล่าสุดวันนี้เอง,https://storage.googleapis.com/traffy_public_bucket/attachment/2026-09/ca6d2a2644740df578672b626f1ceab2.jpeg
2026-UT4CVL,inprogress,2026-09-25 17:11,2026-09-25 19:20,100.38996,13.76126,ทวีวัฒนา,ทวีวัฒนา,ริมคลองบางน้อย ช่วง ถนนพุทธมณฑลสาย 2 ซอย 19 น้ำเริ่ม ล้นตลิ่งไหลเข้าบ้านเรือน ความสูงระดับข้อเท้า น้ำท่วมมาแล้วน้อยกว่า 1 วัน,https://storage.googleapis.com/traffy_public_bucket/attachment/2026-09/54e7f0e685e76b546e1fc89787a00ff5.jpeg
2026-VCPVUZ,inprogress,2026-09-25 17:11,2026-09-27 07:15,100.40431,13.65169,บางบอน,บางบอนใต้,น้ำท่วม จะเข้าบ้านแล้วครับขอให้เร่งระบายน้ำหน่อย ความสูงระดับหน้าแข้ง น้ำท่วมมาแล้วน้อยกว่า 3 ชั่วโมง,https://storage.googleapis.com/traffy_public_bucket/attachment/2026-09/b702bfc919a9686500c420134c6f51fc.jpeg
2026-Y72YX9,forward,2026-09-25 17:11,2026-10-05 13:48,100.51437,13.74049,ป้อมปราบศัตรูพ่าย,ป้อมปราบ,"ฝนตก น้ำท่วมขัง จราจรติดขัด บนถนนไมตรีจืนต์ ไปถนนพระราม 4 ,ถนน 4 ช่อง,จอดรถยนต์ ไปแล้ว 2 ช่อง ความสูงระดับข้อเท้า น้ำท่วมมาแล้วน้อยกว่า 1 สัปดาห์",https://storage.googleapis.com/traffy_public_bucket/attachment/2026-09/f80f9fedf2bf58c2cfe469cc7c869e33.jpeg
2026-Y72YX9,finish,2026-09-25 17:11,2026-10-08 13:39,100.51437,13.74049,ป้อมปราบศัตรูพ่าย,ป้อมปราบ,"ฝนตก น้ำท่วมขัง จราจรติดขัด บนถนนไมตรีจืนต์ ไปถนนพระราม 4 ,ถนน 4 ช่อง,จอดรถยนต์ ไปแล้ว 2 ช่อง ความสูงระดับข้อเท้า น้ำท่วมมาแล้วน้อยกว่า 1 สัปดาห์",https://storage.googleapis.com/traffy_public_bucket/attachment/2026-09/f80f9fedf2bf58c2cfe469cc7c869e33.jpeg
2026-3P6CKR,inprogress,2026-09-25 17:12,2026-09-25 18:01,100.58192,13.93526,ดอนเมือง,สีกัน,น้ำท่วมถนนขังไม่ระบายน้ำจะเข้าบ้าย ซ.เดชะตุคะ1 ม. ศศิกานต์2 ช่วยดธแลเร่งระบายน้ำหน่อยค่ะเขตดอนเมือง ความสูงระดับหัวเข่า น้ำท่วมมาแล้วน้อยกว่า 1 วัน,https://storage.googleapis.com/traffy_public_bucket/attachment/2026-09/thumb_7ea8a73362cc79505f478141b3b66d88.jpg
2026-KAHAHZ,inprogress,2026-09-25 17:12,2026-09-25 18:52,100.72903,13.82343,มีนบุรี,มีนบุรี,เรียนแจ้งสำนักงานการระบายน้ำนะครับขณะนี้น้ำในคลองสามวานะครับเพิ่มขึ้นเรื่อยเรื่อยแล้วครับชาวบ้านที่อยู่บริเวณริมคลองได้รับผลกระทบสูงสุดครับ ความสูงระดับเอว น้ำท่วมมาแล้วน้อยกว่า 3 ชั่วโมง,https://storage.googleapis.com/traffy_public_bucket/attachment/2026-09/db71125167439c4952c4f38589063bff.jpeg
2026-WYRDNC,inprogress,2026-09-25 17:12,2026-09-25 19:29,100.59783,13.88289,บางเขน,อนุสาวรีย์,น้ำท่วมขัง ซอยพหลโยธิน59 ความสูงระดับข้อเท้า น้ำท่วมมาแล้วน้อยกว่า 1 ชั่วโมง,https://storage.googleapis.com/traffy_public_bucket/attachment/2026-09/0cfcc9b149745b3dfaa36693ae01f97a.jpeg
2026-3PM9WV,forward,2026-09-25 17:13,2026-09-26 20:49,100.54914,13.83297,จตุจักร,ลาดยาว,น้ำท่วมขัง 20-30 ซม ความสูงระดับประมาณ 20 บางช่วง 30 ซม น้ำท่วมมาแล้วตั้งแต่ช่วงบ่ายโมง,https://storage.googleapis.com/traffy_public_bucket/attachment/2026-09/7e742eeec9dc122afc2b4d0967d89432.jpeg
2026-9JDTKG,forward,2026-09-25 17:13,2026-10-05 13:48,100.51437,13.74049,ป้อมปราบศัตรูพ่าย,ป้อมปราบ,"ฝนตก น้ำท่วมขัง จราจรติดขัด บนถนนไมตรีจืนต์ ไปถนนพระราม 4 ,ถนน 4 ช่อง,จอดรถยนต์ ไปแล้ว 2 ช่อง เวลาผ่านไป 20 นาที่ไม่ขยับ ความสูงระดับข้อเท้า น้ำท่วมมาแล้วน้อยกว่า 1 วัน",https://storage.googleapis.com/traffy_public_bucket/attachment/2026-09/2929e8d3067cfce813fb25bb23b20afd.jpeg
2026-9JDTKG,finish,2026-09-25 17:13,2026-10-08 13:39,100.51437,13.74049,ป้อมปราบศัตรูพ่าย,ป้อมปราบ,"ฝนตก น้ำท่วมขัง จราจรติดขัด บนถนนไมตรีจืนต์ ไปถนนพระราม 4 ,ถนน 4 ช่อง,จอดรถยนต์ ไปแล้ว 2 ช่อง เวลาผ่านไป 20 นาที่ไม่ขยับ ความสูงระดับข้อเท้า น้ำท่วมมาแล้วน้อยกว่า 1 วัน",https://storage.googleapis.com/traffy_public_bucket/attachment/2026-09/2929e8d3067cfce813fb25bb23b20afd.jpeg
2026-R6XUNK,forward,2026-09-25 17:13,2026-09-25 17:23,100.64077,13.8082,บึงกุ่ม,นวมินทร์,ฝนตกน้ำมักท่วม เข้ามาในบ้าน น้ำระบายช้า ตกนิดหน่อน้ำก็ท่วม เดือดร้อนทั้งซอย 5 ช่วยทำให้น้ำระบายเร็วหน่อย โดยเฉพาะตอนนี้ 25 กันยายน ตอนนี้ท่วมหนัก ความสูงระดับข้อเท้า น้ำท่วมมาแล้วน้อยกว่า 3 ชั่วโมง,https://storage.googleapis.com/traffy_public_bucket/attachment/2026-09/db1df82132b1cf9797c72469c95cf6b5.jpeg
2026-CYTB7G,inprogress,2026-09-25 17:14,2026-09-25 23:24,100.61391,13.79655,วังทองหลาง,คลองเจ้าคุณสิงห์,น้ำท่วมหน้าร้านระบายไม่ทันค่ะ ความสูงระดับหน้าแข้ง น้ำท่วมมาแล้วน้อยกว่า 3 ชั่วโมง,https://storage.googleapis.com/traffy_public_bucket/attachment/2026-09/18d87dd53ee21f366a43753af1abeebd.jpeg
2026-CYTB7G,finish,2026-09-25 17:14,2026-10-09 12:11,100.61391,13.79655,วังทองหลาง,คลองเจ้าคุณสิงห์,น้ำท่วมหน้าร้านระบายไม่ทันค่ะ ความสูงระดับหน้าแข้ง น้ำท่วมมาแล้วน้อยกว่า 3 ชั่วโมง,https://storage.googleapis.com/traffy_public_bucket/attachment/2026-09/18d87dd53ee21f366a43753af1abeebd.jpeg
2026-DV32V4,finish,2026-09-25 17:14,2026-10-01 09:29,100.63235,13.69257,พระโขนง,บางจาก,ทั้งน้ำท่วมเท่าเข้า ทั้งไฟฟ้าก็ดับ ความสูงระดับหัวเข่า น้ำท่วมมาแล้วน้อยกว่า 3 ชั่วโมง,https://storage.googleapis.com/traffy_public_bucket/attachment/2026-09/a159a29aaf0d61d4f6aea550f7cd55fc.jpeg
2026-KVBMPB,finish,2026-09-25 17:14,2026-09-25 21:37,100.64915,13.65965,บางนา,บางนาเหนือ,มีอยู่บริษัท 1 ปล่อยน้ำลงคลองทำให้น้ำท่วมขังสูงระดับน้ำประมาณ 100 ถึง 200 เซนติเมตร ความสูงระดับ100-200 เซนติเมตรครับ น้ำท่วมมาแล้วน้อยกว่า 3 ชั่วโมง,https://storage.googleapis.com/traffy_public_bucket/attachment/2026-09/thumb_ab1bd74277d5c431134a938547c17eab.jpg
2026-98UGTY,forward,2026-09-25 17:15,2026-09-26 20:50,100.58867,13.81407,จตุจักร,จันทรเกษม,การระบายน้ำช้า น้ำท่วมขึ้นไว ไวกว่าปี 54 ที่บ้านมีผู้พิการ ช่วง 12.00 ยังไม่ขึ้นสูง แต่ตอน 13.00 น้ำมาไว ฝนหยุดน้ำก็ไม่มีทีท่าจะลด มีแต่เพิ่มสูงขึ้น ความสูงระดับไม่สามารถออกจากบ้านไปหน้าซอยได้ น้ำท่วมมาแล้วในซอยน้ำถึงหัวเข่า,https://storage.googleapis.com/traffy_public_bucket/attachment/2026-09/thumb_33ca686ad09dfd471698213d702feb14.jpg
2026-C3FJNB,forward,2026-09-25 17:15,2026-09-30 13:40,100.69798,13.83801,คลองสามวา,บางชัน,น้ำท่วมภายในหมู่บ้านบาลียา แขวงบางชันเขตคลองสามวา ความสูงระดับตอนนี้ประมาณครึ่งหัวเข่าครับ น้ำท่วมมาแล้วแต่ถ้าคืนนี้ฝนตกไม่หยุดอาจจะถึงหัวเข่า,https://storage.googleapis.com/traffy_public_bucket/attachment/2026-09/14342507db13f4be2a61d7cf28b93e4d.jpeg
2026-CWH8ET,start,2026-09-25 17:15,2026-09-25 17:15,100.73861,13.72227,ลาดกระบัง,ลาดกระบัง,ปัญหา ฝนตกหนัก น้ำท่วมขัง ประชาชน ยังใช้ชีวิตปกติ ไม่สามารถ ทราบข่าว น้ำท่วม แบบเรียลทาม ได้ สนง ทุกเขต มีเพจเฟสบุค อยากให้ทุกเขต ช่วยอัพเดต สถานการณ์ ทุกๆ 1 ชม โดยเฉพาะ ช่วงเวลาทำงาน และกลับจากทำงาน ความสูงระดับหน้าแข้ง น้ำท่วมมาแล้วอยาหให้ช่วยอัพเดท ส,https://storage.googleapis.com/traffy_public_bucket/attachment/2026-09/0f0325ec8663ee0f8370f4156caf493f.jpeg
2026-DC7RLJ,forward,2026-09-25 17:15,2026-09-26 20:51,100.57989,13.8524,จตุจักร,ลาดยาว,น้ำท่วมรอระบายค่ะ ทราบว่าคลองใกล้เคียงน้ำล้นเต็มความจุ ขอให้เร่งระบายน้ำก้อนนี้ก่อนฝนระลอกใหม่ด้วยนะคะ ... น้ำค้างท่อ ห้องส้วมใช้ไม่ได้แล้วค่ะ ความสูงระดับเกือบตาตุ่มค่ะ แต่บ้านเราสูงกว่าท้ายซอย น้ำท่วมมาแล้วและปากซอยพหล 45,https://storage.googleapis.com/traffy_public_bucket/attachment/2026-09/b1ef80fb580c3428d451f666c4e7c191.jpeg
2026-7KUX8B,inprogress,2026-09-25 17:16,2026-09-25 18:52,100.71257,13.79365,มีนบุรี,มีนบุรี,น้ำท่วมขัง ตังแต่ เวลา 04.00 น วันนี้ จน ปัจจุบัน น้ำยังไม่ลดระดับ มีแต่เพิ่ม บางบ้านน้ำย้อน เข้าห้องน้ำชั้น 1 แล้วครับ อยากให้ช่วยแจ้งเขต เอาเครื่องผลักดันน้ำมาลงหน่อยครั ความสูงระดับ25-35 ซม น้ำท่วมมาแล้วน้อยกว่า 3 ชั่วโมง,https://storage.googleapis.com/traffy_public_bucket/attachment/2026-09/fe6245046f0090105f91fbf5b2225655.jpeg
2026-YKWDBP,finish,2026-09-25 17:16,2026-09-29 17:25,100.57507,13.87746,หลักสี่,ทุ่งสองห้อง,น้ำท่วมตอนนี้ปริ่มฟุตบาทแล้ว ความสูงระดับน่าจะราว 15-20 เซนครับ ปต่บางส่วนในซอยสูงกว่านี้ครับ น้ำท่วมมาแล้วตั้งแต่เช้าครับ,https://storage.googleapis.com/traffy_public_bucket/attachment/2026-09/f9cd71dd4c58e567a7d4097752f6f512.jpeg
2026-AMJNK7,forward,2026-09-25 17:17,2026-09-25 17:24,100.63163,13.82228,บึงกุ่ม,นวมินทร์,น้ำขัง รบกวนมาช่วยแก้ปัญหา ความสูงระดับข้อเท้า น้ำท่วมมาแล้วน้อยกว่า 1 วัน,https://storage.googleapis.com/traffy_public_bucket/attachment/2026-09/aadf2e0748ac96f0d248fd2c828911d0.jpeg
2026-D6B9K9,inprogress,2026-09-25 17:17,2026-09-28 12:59,100.69017,13.79214,คันนายาว,คันนายาว,บริเวณดังกล่าวอยู่ติดลำบึงกุ่ม จากที่มีฝนตกต่อเนื่องทำให้เกิดน้ำท่วมเข้าบริเวณที่พักอาศัย ต้องการให้หน่วยงานที่เกี่ยวข้องเร่งระบายน้ำออกจากลำบึงกุ่มครับ เพื่อน้ำจากบริเวณบ้านพักอาศัยจะได้ไหลออกและลดระดับลงครับ ความสูงระดับหัวเข่า น้ำท่วมมาแล้วน้อยกว่า 1 ว,https://storage.googleapis.com/traffy_public_bucket/attachment/2026-09/f526110652691d5d62ded3748a78002b.jpeg
2026-NLX8AY,inprogress,2026-09-25 17:17,2026-09-26 13:25,100.63738,13.76676,บางกะปิ,คลองจั่น,น้ำท่วมขัง ระดับน้ำ 40 ซม ความสูงระดับหัวเข่า น้ำท่วมมาแล้วน้อยกว่า 1 วัน,https://storage.googleapis.com/traffy_public_bucket/attachment/2026-09/97dbdf6bcca531ebf65c5f2d2be07474.jpeg
2026-A7PE48,forward,2026-09-25 17:18,2026-09-25 20:43,100.57929,13.74592,ห้วยขวาง,บางกะปิ,น้ำท่วมระบายไม่ทัน ความสูงระดับเต็มขอบฟุตบาต น้ำท่วมมาแล้ว2 ชม,https://storage.googleapis.com/traffy_public_bucket/attachment/2026-09/d54a24484d922915ac9c30c8689da5be.jpeg
2026-TGYEVB,inprogress,2026-09-25 17:18,2026-09-25 22:04,100.67367,13.68328,ประเวศ,หนองบอน,บ้านริมคลองน้ำขึ้นสูง ขอให้เปิดประตูและเร่งระบายน้ำด่วนคะ ความสูงระดับ10 เซนได้คะ น้ำท่วมมาแล้วได้เกือบชั่วโมงแล้วคะ,https://storage.googleapis.com/traffy_public_bucket/attachment/2026-09/86301e17d4f0e32740e479989194b6ad.jpeg
2026-RMFHWD,inprogress,2026-09-25 17:19,2026-09-25 20:36,100.68712,13.76594,สะพานสูง,สะพานสูง,แต่ก่อนนี้ทางเขตสะพานสูงจะมีเครื่องระบายน้ำติดตั้ง เดี๋ยวนี้ไม่มีการเตรียมการแต่อย่างไรเลย 5 ปีแล้วฝนตกน้ำไม่เคยท่วมเลย ความสูงระดับรถผ่านได้ยากคะ ทุกซอย ทางสำนักงานเขตน่าจะรู้คะ น้ำท่วมมาแล้วตั้งแต่เช้า เจ้าหน้าที่วันนี้ก็ทำงาน,https://storage.googleapis.com/traffy_public_bucket/attachment/2026-09/03ab8153f8a1ffa0d4ac47b908c431fa.jpeg
2026-YTJBJZ,forward,2026-09-25 17:19,2026-09-26 13:25,100.63495,13.76326,บางกะปิ,หัวหมาก,🚨 แจ้งเหตุน้ำท่วมเร่งด่วน — เคยแจ้งไปก่อนหน้านี้แล้ว บริเวณ ริมคลองรามคำแหง 81/2 เข้าซอยขวาสุดซอย รั้วสีเขียว เขตบางกะปิ เป็นพื้นที่ริมคลองและติดกับคลองแสนแสบ ขณะนี้น้ำท่วมหนักมาก และ น้ำได้ไหลเข้าบ้านเรือนประชาชนแล้ว ก่อนหน้านี้ได้แจ้งปัญหาไปแล้ว แต่จน,https://storage.googleapis.com/traffy_public_bucket/attachment/2026-09/4ef280d52b20787cab72e4905e8d7749.jpeg
2026-63LNN7,forward,2026-09-25 17:20,2026-10-05 13:49,100.51439,13.74028,ป้อมปราบศัตรูพ่าย,ป้อมปราบ,"ฝนตก น้ำท่วมขัง จราจรติดขัด บนถนนไมตรีจืนต์ ไปถนนพระราม 4 ,ถนน 4 ช่อง,จอดรถยนต์ ไปแล้ว 2 ช่อง เวลาผ่านไป 30 นาที่ไม่ขยับ ความสูงระดับข้อเท้า น้ำท่วมมาแล้วน้อยกว่า 1 วัน",https://storage.googleapis.com/traffy_public_bucket/attachment/2026-09/1e79dbdfe5be0f83d51b6bd2e1e7c029.jpeg
2026-63LNN7,finish,2026-09-25 17:20,2026-10-08 13:36,100.51439,13.74028,ป้อมปราบศัตรูพ่าย,ป้อมปราบ,"ฝนตก น้ำท่วมขัง จราจรติดขัด บนถนนไมตรีจืนต์ ไปถนนพระราม 4 ,ถนน 4 ช่อง,จอดรถยนต์ ไปแล้ว 2 ช่อง เวลาผ่านไป 30 นาที่ไม่ขยับ ความสูงระดับข้อเท้า น้ำท่วมมาแล้วน้อยกว่า 1 วัน",https://storage.googleapis.com/traffy_public_bucket/attachment/2026-09/1e79dbdfe5be0f83d51b6bd2e1e7c029.jpeg
2026-CZFJVE,finish,2026-09-25 17:20,2026-10-02 11:28,100.61507,13.70107,พระโขนง,บางจาก,น้ำท่วมในซอยสุขุมวิท93 เริ่มสูงแล้ว ช่วยมาดูหน่อยค่ะ ความสูงระดับบางช่วงเลยตาตุ่มขึ้นมาแล้วค่ะ น้ำท่วมมาแล้วไม่แน่ใจค่ะ พอดีเพิ่งเข้าซอยมา กลับเข้าบริษัทที่อยู่ด้านใน..และเดี๋ยวต้องเอารถ ขับกลับบ้าน,https://storage.googleapis.com/traffy_public_bucket/attachment/2026-09/8b5c53004c5d81793801d22b7dae513c.jpeg
2026-43PBEG,inprogress,2026-09-25 17:21,2026-09-25 22:04,100.68386,13.71644,ประเวศ,ประเวศ,เพื่อนขุดดินแล้วปล่อยน้ำมาทางบ้านของเราที่อาศัยเพื่อระบายน้ำของตัวเองให้ลดแล้วปล่อยมาท่วมใส่บ้านคนอื่นทำให้เกิดความเสียหายมากน้ำท่วมของน้ำมีสีดำมากน้ำขยะเหม็นมาก ความสูงระดับน่าแขง น้ำท่วมมาแล้วพึ่งวันนี้วันที่25/9/69 เวลา16.00,https://storage.googleapis.com/traffy_public_bucket/attachment/2026-09/947e2003a3977fd304382e6a48471d41.jpeg
2026-6VK9KR,start,2026-09-25 17:21,2026-09-25 18:01,100.50793,13.74103,สัมพันธวงศ์,จักรวรรดิ,น้ำท่วมขังระบายช้าท่อน้ำอุดตัน ความสูงระดับข้อเท้า น้ำท่วมมาแล้วน้อยกว่า 1 วัน,https://storage.googleapis.com/traffy_public_bucket/attachment/2026-09/1671f62f028de1805bcde7ecf3dd6510.jpeg
2026-6VK9KR,irrelevant,2026-09-25 17:21,2026-10-06 09:21,100.50793,13.74103,สัมพันธวงศ์,จักรวรรดิ,ไม่แสดงรายละเอียด,https://storage.googleapis.com/traffy_public_bucket/TeamChadChart/fondue_photo.png
2026-3CMPC8,inprogress,2026-09-25 17:22,2026-09-25 18:50,100.62674,13.73547,สวนหลวง,สวนหลวง,น้ำท่วมขัง ความสูงระดับหน้าแข้ง น้ำท่วมมาแล้วน้อยกว่า 1 วัน,https://storage.googleapis.com/traffy_public_bucket/attachment/2026-09/fcf00e9baa5dae32e8ac6c686f116c8d.jpeg
2026-HCTKKV,finish,2026-09-25 17:23,2026-10-02 14:09,100.61421,13.70561,พระโขนง,บางจาก,ปัญหาน้ำท่วมครับ เกิดขึ้นทุกปีที่ฝนตกหนักไม่ทราบว่าอาจจะเป็นปัญหาทางด้านคลองระบายน้ำใกล้เคียงหรือท่อระบายน้ำที่อุดตัน ไม่ทราบว่าสามารถทำอย่างไรได้บ้างไหม ความสูงระดับหน้าแข้ง น้ำท่วมมาแล้วน้อยกว่า 1 วัน,https://storage.googleapis.com/traffy_public_bucket/attachment/2026-09/7af26c682faa8ce8faedc5900d76b5f2.jpeg
2026-BRZD77,inprogress,2026-09-25 17:24,2026-09-25 19:31,100.62262,13.86108,บางเขน,อนุสาวรีย์,บ้านเลขที่ 20 ซอยรามอินทรา 27 แยก 3 วันนี้ฝนตกหนักมากน้ำมีการท่วมขังและขยะไหลเข้าบ้าน อยากได้กระสอบทรายสัก 50 ใบเอาไว้กันขยะและน้ำเพื่อไม่ให้ไหลเข้าบ้าน ความสูงระดับหน้าแข้ง น้ำท่วมมาแล้วน้อยกว่า 1 วัน,https://storage.googleapis.com/traffy_public_bucket/attachment/2026-09/781dfdf656f0557e7bb30540b2e2b52d.jpeg
2026-EVANNG,inprogress,2026-09-25 17:24,2026-09-26 14:01,100.63738,13.76401,บางกะปิ,หัวหมาก,ท้ายซอยลาดพร้าว 136 น้ำท่วมสูงค่ะ ความสูงระดับข้างนอก ถ้ามีคนเดิน เกินครึ่งเข่าค่ะ น้ำท่วมมาแล้วน้อยกว่า 3 ชั่วโมง,https://storage.googleapis.com/traffy_public_bucket/attachment/2026-09/ff0dbc6a71fd8ffe4b1656886861aca9.jpeg
2026-R6Z9MP,finish,2026-09-25 17:24,2026-09-25 21:37,100.62208,13.67568,บางนา,บางนาเหนือ,ตอนนี้น้ำท่วมซอยอุดมสุข 26 ค่ะ อยากทราบว่า ได้ตั้งเครื่องสูบน้ำรึยังคะ ปกติ จะมีการสูบเพื่อระบายน้ำ ความสูงระดับหน้าแข้ง น้ำท่วมมาแล้วน้อยกว่า 3 ชั่วโมง,https://storage.googleapis.com/traffy_public_bucket/attachment/2026-09/4ee8419666eb4cc99bd93e0b9eae48b2.jpeg
2026-WREVYY,inprogress,2026-09-25 17:24,2026-09-25 19:11,100.50142,13.73256,คลองสาน,สมเด็จเจ้าพระยา,น้ำท่วมบนถนน รถเข้าเลนไม่ได้ น้ำสาดใส่คนเดินบนทางเท้า ความสูงระดับข้อเท้า น้ำท่วมมาแล้วน้อยกว่า 3 ชั่วโมง,https://storage.googleapis.com/traffy_public_bucket/attachment/2026-09/06c4a431facf3e5cbb6b9bcd835fa0ff.jpeg
2026-JK79NU,inprogress,2026-09-25 17:25,2026-09-25 21:30,100.64332,13.67245,ประเวศ,หนองบอน,น้ำท่วมขังขึ้นอีกรอบค่ะ ซอยศรีนครินทร์64ทั้งซอย ความสูงระดับหัวเข่า น้ำท่วมมาแล้วน้อยกว่า 1 วัน,https://storage.googleapis.com/traffy_public_bucket/attachment/2026-09/5873fb3a0473c54094eefaa8edc0afb1.jpeg
2026-P3476C,forward,2026-09-25 17:25,2026-09-25 18:51,100.61169,13.7308,สวนหลวง,สวนหลวง,ท่านผู้ว่าทำอะไรอยู่ทำไมไม่ยอมซุมน้ำออกจากจากคลองบ้านป่าปลอยให้น้ำท่วมบ้านเรือนประชาชนคนในชุมชนพัฒนาริมคลองบ้านป่านะครับ ความสูงระดับสูงกว่าเอว น้ำท่วมมาแล้วมากกว่า 1 สัปดาห์,https://storage.googleapis.com/traffy_public_bucket/attachment/2026-09/bcfd66b0d9f92eca182d527dce368469.jpeg
2026-Y6CRTP,inprogress,2026-09-25 17:26,2026-09-28 12:59,100.67279,13.83296,คันนายาว,รามอินทรา,น้ำท่วมขังภายในซอย ความสูงระดับครึ่งหน้าแข้งครับ น้ำท่วมมาแล้วน้อยกว่า 1 วัน,https://storage.googleapis.com/traffy_public_bucket/attachment/2026-09/ac37f04c275870bdcc08e4370c3b4e01.jpeg
2026-YC7FGP,irrelevant,2026-09-25 17:27,2026-09-25 21:30,100.64332,13.67245,ประเวศ,หนองบอน,ไม่แสดงรายละเอียด,https://storage.googleapis.com/traffy_public_bucket/TeamChadChart/fondue_photo.png
2026-2CBF8Z,inprogress,2026-09-25 17:29,2026-09-26 14:01,100.65627,13.75418,บางกะปิ,หัวหมาก,น้ำท่วมขัง ความสูงระดับหน้าแข้ง น้ำท่วมมาแล้วน้อยกว่า 3 ชั่วโมง,https://storage.googleapis.com/traffy_public_bucket/attachment/2026-09/de546ead40b62b8199a211dde56d82df.jpeg
2026-EPCJCK,forward,2026-09-25 17:29,2026-09-26 10:28,100.58635,13.70953,คลองเตย,พระโขนง,น้ำท่วมทั้งซอย ความสูงระดับข้อเท้า น้ำท่วมมาแล้วน้อยกว่า 3 ชั่วโมง,https://storage.googleapis.com/traffy_public_bucket/attachment/2026-09/thumb_1be76485f4821400e2d0977fec8bed1c.jpg
2026-W7G9BF,forward,2026-09-25 17:29,2026-09-26 20:54,100.58269,13.82144,จตุจักร,จันทรเกษม,น้ำท่วม รัชดา 36 น้ำท่วมสูงประมาณหัวเข่า รถที่สัญจรไปมาได้รับความเสียหายดับและพัง ความสูงระดับหัวเข่า น้ำท่วมมาแล้วท่วมสูงตั้งแต่เช้าแล้วครับ และสูงขึ้นเรื่อยๆครับ,https://storage.googleapis.com/traffy_public_bucket/attachment/2026-09/8d00e2281a219ddaaa3cfd1b0c44859d.jpeg
2026-CVH2M4,finish,2026-09-25 17:32,2026-09-29 17:24,100.5772,13.85781,หลักสี่,ตลาดบางเขน,น้ำในคลองบางบัวเรียบถนนมีน้ำเอ่อล้นขึ้นมาทำให้บ้านเรือนมีน้ำท่วม ความสูงระดับหน้าแข้ง น้ำท่วมมาแล้วน้อยกว่า 3 ชั่วโมง,https://storage.googleapis.com/traffy_public_bucket/attachment/2026-09/d2c19578c8e6d98a902e2c6763d7ebb9.jpeg
2026-RNGR6P,inprogress,2026-09-25 17:32,2026-09-25 20:54,100.66821,13.74664,สะพานสูง,สะพานสูง,ถนนทำใหม่ในซอยกรุงเทพกรีฑาปิดถมคลองด้านข้างทำให้เกิดปัญหานํ้าท่วมขังบ้านเรือนประชาชน ความสูงระดับข้อเท้า น้ำท่วมมาแล้ว1-3ชม,https://storage.googleapis.com/traffy_public_bucket/attachment/2026-09/97520244478052a7243f392c3c9355c8.jpeg
2026-7TRAR3,finish,2026-09-25 17:33,2026-09-30 16:34,100.59275,13.67279,บางนา,บางนาใต้,ซอยจ่าโสดแยก 3 ติดกับคลองบางนาน้ำท่วมไม่มีระบายน้ำค่ะ ความสูงระดับล้นคลองลำรางสาธารณะ จะเข้าบ้านแล้วค่ะ น้ำท่วมมาแล้วน้อยกว่า 3 ชั่วโมง,https://storage.googleapis.com/traffy_public_bucket/attachment/2026-09/d4975c9d5bc1b65068a28faa5040596e.jpeg
2026-GLZJ96,forward,2026-09-25 17:33,2026-09-25 18:51,100.61136,13.73066,สวนหลวง,สวนหลวง,ท่านผู้ว่าทำอะไรอยู่ทำไมไม่ยอมซุมน้ำออกจากจากคลองบ้านป่าปลอยให้น้ำท่วมบ้านเรือนประชาชนคนในชุมชนพัฒนาริมคลองบ้านป่านะครับ ความสูงระดับเอว น้ำท่วมมาแล้วน้อยกว่า 1 วัน,https://storage.googleapis.com/traffy_public_bucket/attachment/2026-09/04bacfe0f4d6b1c38f8e5e4d72fdd1f3.jpeg
2026-XKFJZ4,inprogress,2026-09-25 17:33,2026-09-25 20:31,100.68523,13.76566,สะพานสูง,สะพานสูง,ซอยรามคำแหง 118 แยก42-4น้ำท่วมสูงมากอันตรายต่อการสัญจรในถนนเพราะมีร่องระบายน้ำลึกอยู่ข้างทางและถนนเป็นหลุมเป็นบ่อคนเดินลุยน้ำจนจะล้มลองชมจากคลิปที่ส่งให้ รบกวนหน่วยงานที่เกี่ยวข้องช่วยเหลือด้วยน้ำจะเข้าบ้านแล้ว ความสูงระดับท่วมสูง30เซ็นติเมตร น้ำท่วมมาแล้,https://storage.googleapis.com/traffy_public_bucket/attachment/2026-09/thumb_88a53fa29b0e2f38e8c186e9909a9d44.jpg
2026-YCY7B8,forward,2026-09-25 17:33,2026-09-25 18:13,100.59326,13.88991,ดอนเมือง,สนามบิน,น้ำท่วมถนน ฝั่งขาออก ไม่ระบายลงคลอง ความสูงระดับหัวเข่า น้ำท่วมมาแล้วน้อยกว่า 1 วัน,https://storage.googleapis.com/traffy_public_bucket/attachment/2026-09/thumb_9b3fb3392a4c644efe5670bcb2d43f27.jpg
2026-YPVXWY,finish,2026-09-25 17:34,2026-09-30 21:17,100.58965,13.80582,ลาดพร้าว,ลาดพร้าว,น้ำเริ่มท่วมเข้าบ้าน ความสูงระดับบ้านต่ำ อีก 30 เซนติเมตร น้ำจะเข้าบ้าน น้ำท่วมมาแล้วตั้งแต่เช้า,https://storage.googleapis.com/traffy_public_bucket/attachment/2026-09/8379aae8fec9cd3f7cdc2b5562074056.jpeg
2026-9BMEBH,start,2026-09-25 17:35,2026-09-25 20:41,100.8014,13.78135,ลาดกระบัง,ลำปลาทิว,น้ำท่วม ความสูงระดับหน้าแข้ง น้ำท่วมมาแล้วน้อยกว่า 1 วัน,https://storage.googleapis.com/traffy_public_bucket/attachment/2026-09/85d928f520734a6e8e090794c1761d6a.jpeg
2026-ETJFLC,finish,2026-09-25 17:35,2026-10-05 09:00,100.49883,13.63628,ทุ่งครุ,ทุ่งครุ,พบปัญหาน้ำท่วมขังบริเวณถนนหน้าหมู่บ้านค่ะ ความสูงระดับข้อเท้า น้ำท่วมมาแล้วทุกครั้งที่ฝนตกเลยค่ะ,https://storage.googleapis.com/traffy_public_bucket/attachment/2026-09/30ca4325e986f847052d93eb2e743edd.jpeg
2026-FAY33B,inprogress,2026-09-25 17:35,2026-09-28 12:59,100.68745,13.8096,คันนายาว,คันนายาว,น้ำท่วมไม่สามารถระบายออกได้คลองน้ำที่อยู่หลังคอนโดหรือท่วมขึ้นมาจะท่วมรถแล้ว ความสูงระดับท่วมเท้าครับ หน้าแข้ง น้ำท่วมมาแล้วน้อยกว่า 3 ชั่วโมง,https://storage.googleapis.com/traffy_public_bucket/attachment/2026-09/8fe99e3fbb2042a64a7d47822b392640.jpeg
2026-EZEVZM,finish,2026-09-25 17:36,2026-09-30 10:53,100.59087,13.72196,วัฒนา,พระโขนงเหนือ,น้ำท่วม น้ำไหลช้ามาก และเริ่มนิ่งไม่ไปไหน คิดจะตั้งสูบช่วยประชาชนบ้างไหม ความสูงระดับ20 ซม. น้ำท่วมมาแล้วเริ่มตั้งแต่เช้า จนเย็นนี้ก็สูงขึ้นเรื่อยๆ,https://storage.googleapis.com/traffy_public_bucket/attachment/2026-09/46b3eaaf577a2a21bf6d1f74aaf46990.jpeg
2026-NXUZ7E,inprogress,2026-09-25 17:36,2026-09-25 22:14,100.67267,13.73178,ประเวศ,ประเวศ,น้ำท่วม รถยนต์เข้าบ้านไม่ได้ ความสูงระดับหน้าแข้ง น้ำท่วมมาแล้วน้อยกว่า 3 ชั่วโมง,https://storage.googleapis.com/traffy_public_bucket/attachment/2026-09/64d419170ff23a3e0082c6e81b25c365.jpeg
2026-T3LD7B,forward,2026-09-25 17:36,2026-09-25 17:59,100.65777,13.78229,บึงกุ่ม,คลองกุ่ม,น้ำท่วมบ้านค่ะ ความสูงระดับถ้าหน้าบ้านสูงประมาณเกือบหัวเข่าแล้วค่ะ ในบ้านเลยตาตุ่มมานิดนึง น้ำท่วมมาแล้วน้อยกว่า 1 วัน,https://storage.googleapis.com/traffy_public_bucket/attachment/2026-09/thumb_b2888d0da8d8a71bbee66ff2c128bb2c.jpg
2026-E8KA67,finish,2026-09-25 17:37,2026-09-25 21:32,100.62265,13.67499,บางนา,บางนาเหนือ,น้ำท่วมเข้ามาในห้องนอนแล้ว สูงเกิน 10 cm เสียหายมาก และที่บ้านมีผู้สูงอายุป่วยด้วย ต้องมาลุยน้ำเก็บของจำเป็น ดูระดับน้ำในคลองระบายน้ำไม่ลดลงเลย มีแต่สูงขึ้น หรือระบบสูบ น้ำของ กทม ไม่ดี ตอนนี้ประชาชนเดือดร้อนมาก ความสูงระดับหน้าแข้ง น้ำท่วมมาแล้วน้อยกว่า ,https://storage.googleapis.com/traffy_public_bucket/attachment/2026-09/9b8faaf493a348cd61b94f9e883309bc.jpeg
2026-M2KF33,inprogress,2026-09-25 17:38,2026-09-26 10:04,100.72964,13.81071,มีนบุรี,มีนบุรี,น้ำท่วมในชุมชนมีนบุรีอุปถัมน้ำขึ้นสูงเข้าบ้านปชช.ในพื้นที่ค่ะ ความสูงระดับหัวเข่า น้ำท่วมมาแล้วน้อยกว่า 1 วัน,https://storage.googleapis.com/traffy_public_bucket/attachment/2026-09/f5b56005616b99bb37d3e51c17459545.jpeg
2026-XBLEKU,forward,2026-09-25 17:39,2026-09-28 16:21,100.63584,13.90883,สายไหม,คลองถนน,ม.มิตรประชา ซอย 2 วัดเกาะ น้ำท่วมเข้าบ้านแล้ว ความสูงระดับข้อเท้า น้ำท่วมมาแล้วน้อยกว่า 1 วัน,https://storage.googleapis.com/traffy_public_bucket/attachment/2026-09/e09a12af8af7e446d23d01ff09cf6505.jpeg
2026-DZKKUB,finish,2026-09-25 17:40,2026-09-26 23:23,100.55768,13.75651,ดินแดง,ดินแดง,น้ำท่วม ความสูงระดับหน้าแข้ง น้ำท่วมมาแล้วน้อยกว่า 1 วัน,https://storage.googleapis.com/traffy_public_bucket/attachment/2026-09/d07f8d345734a4ad29f32442d03ff59e.jpeg
2026-JRYYH4,follow,2026-09-25 17:40,2026-10-05 17:08,100.84428,13.82462,หนองจอก,โคกแฝด,ต้องรอให้ท่วมเข้ามาในบ้านมั้งถึงจะเข้ามาทำให้แก้ปัญหาเริ่มต้นยังไม่ได้เลยแล้วจะไปแก้ปัญหาอะไร ความสูงระดับข้อเท้า น้ำท่วมมาแล้วมากกว่า 1 สัปดาห์,https://storage.googleapis.com/traffy_public_bucket/attachment/2026-09/31833dd2104855e1e090904b9a72935f.jpeg
2026-XU8TVV,inprogress,2026-09-25 17:40,2026-09-25 22:08,100.68247,13.68245,ประเวศ,ดอกไม้,เขตช่วยมาสูบน้ำหน่อยคร้า ระดับน้ำเพิ่มขึ้นเรื่อยๆจะเข้าตัวบ้านแล้ว ถนนข้างนอกไม่ท่วม ท่วมในหมฑ่บ้านนิรันด์วิลล์ 2 รถจมน้ำหบายคันแล้วคร้า กระสอบทรายก้อไปเอาไม่ได้ ไม่มีรถไปรับ ความสูงระดับหัวเข่า น้ำท่วมมาแล้วน้อยกว่า 1 วัน,https://storage.googleapis.com/traffy_public_bucket/attachment/2026-09/c399273ba13680ca3928d4184781d506.jpeg
2026-4KGRPH,finish,2026-09-25 17:41,2026-09-28 16:50,100.42595,13.69601,บางแค,บางแค,น้ำท่วมท่อจากพื้นถนนความสูงประมาณ10ซม. ความสูงระดับ10ซม. น้ำท่วมมาแล้วน้อยกว่า 1 วัน,https://storage.googleapis.com/traffy_public_bucket/attachment/2026-09/7ed975698ad6d35f60ac320ec64f3dbd.jpeg
2026-BPDC9X,start,2026-09-25 17:41,2026-09-25 20:42,100.75985,13.75695,ลาดกระบัง,คลองสามประเวศ,น้ำท่อระบายน้ำปริม ความสูงระดับข้อเท้า น้ำท่วมมาแล้วน้อยกว่า 3 ชั่วโมง,https://storage.googleapis.com/traffy_public_bucket/attachment/2026-09/f4a5e006ae60e4af3c268f4e817236ac.jpeg
2026-LTD38J,finish,2026-09-25 17:41,2026-10-01 15:46,100.53711,13.80808,บางซื่อ,บางซื่อ,น้ำท่วมมากกว่า 20 cm.รถเล็กเข้าไม่ได้ ความสูงระดับหน้าแข้ง น้ำท่วมมาแล้วมากกว่า 3 ชม.,https://storage.googleapis.com/traffy_public_bucket/attachment/2026-09/7e8eb934c3b19776f92889b79cb3247f.jpeg
2026-9TD6U2,finish,2026-09-25 17:42,2026-09-30 14:11,100.56769,13.74673,วัฒนา,คลองเตยเหนือ,คลองแสนแสบน้ำเอ่อล้น ไม่ระบายเลย ความสูงระดับเต็มคลอง ล้นเข้าบ้านแล้วครับ น้ำท่วมมาแล้ว3-4ชม.ครับ,https://storage.googleapis.com/traffy_public_bucket/attachment/2026-09/41ebd860589ea31ae9c3eb5312d666de.jpeg
2026-T3JJUK,inprogress,2026-09-25 17:42,2026-09-25 23:14,100.86928,13.89019,หนองจอก,คลองสิบสอง,น้ำท่วมขังไม่มีทางระบายน้ำ ความสูงระดับหน้าแข้ง น้ำท่วมมาแล้วมากกว่า 1 สัปดาห์,https://storage.googleapis.com/traffy_public_bucket/attachment/2026-09/ddbece0b5cbe9bdcc036f8c349365cfa.jpeg
2026-8N4RJD,inprogress,2026-09-25 17:43,2026-09-25 18:51,100.61958,13.73735,สวนหลวง,สวนหลวง,น้ำท่วมสูง ซอยพัฒนาการ31 เขตสวนหลวง ความสูงระดับหน้าแข้ง น้ำท่วมมาแล้วน้อยกว่า 1 วัน,https://storage.googleapis.com/traffy_public_bucket/attachment/2026-09/6cc4770f2cbe015d6325a7258d6e9a0b.jpeg
2026-KNZ8WM,forward,2026-09-25 17:43,2026-09-25 17:59,100.63612,13.84092,บึงกุ่ม,นวลจันทร์,นำ้ท่วมผิวถนนสูงขึ้น น้ำในคลองไม่ลด ดันมวลน้ำเข้าหมู่บ้านพรทิพย์ ต้องเร่งสูบน้ำเพื่อการระบาย ความสูงระดับครึ่งแข้งและมีแนวโน้มสูงขึ้น น้ำท่วมมาแล้วน้อยกว่า 1 วัน,https://storage.googleapis.com/traffy_public_bucket/attachment/2026-09/2cdb795dd6e8cca02f287675c1711b91.jpeg
2026-NWHA67,inprogress,2026-09-25 17:43,2026-09-26 10:03,100.75929,13.79165,มีนบุรี,แสนแสบ,ตอนนี้น้ำท่วมเข้ามาในบ้านแล้ว อยากให้หน่วยงานที่เกี่ยวข้องเอาเครื่องสูบน้ำมาช่วยระบายน้ำ ความสูงระดับประมาน40-50เซน น้ำท่วมมาแล้วตั้งแต่ตอนเช้า,https://storage.googleapis.com/traffy_public_bucket/attachment/2026-09/18aaf78017f1c7094d63a21eca29d373.jpeg
2026-T8DUJ2,inprogress,2026-09-25 17:43,2026-09-25 22:16,100.66519,13.707,ประเวศ,ประเวศ,น้ำท่วมบ้านค่ะ น้ำเข้ามาในตัวบ้านชั้น 1 แล้ว หากฝนยังตกต่อเนื่องไม่หยุด คาดว่าน้ำจะยิ่งท่วมสูงขึ้นค่ะ ความสูงระดับในบ้านประมาณมิดข้อเท้าค่ะ น้ำท่วมมาแล้วในบ้านประมาณ 2 ชมค่ะ,https://storage.googleapis.com/traffy_public_bucket/attachment/2026-09/684fc740230274812141da483cb8645a.jpeg
2026-WXET6L,finish,2026-09-25 17:43,2026-09-28 22:12,100.61447,13.6632,บางนา,บางนาใต้,ณวันนี้น้ำท่วมซอยลาซาล 22 ความสูงระดับครึ่งรอรถเก๋งค่ะ น้ำท่วมมาแล้ว3 ชั่วโมงได้แล้วค่ะ,https://storage.googleapis.com/traffy_public_bucket/attachment/2026-09/f3b7ddcb1f37e7ce806718b9d61e0f67.jpeg
2026-34UWNM,finish,2026-09-25 17:44,2026-09-30 21:15,100.58991,13.80657,ลาดพร้าว,ลาดพร้าว,น้ำเอ่อกำลังจะเข้าตัวบ้าน อยากให้สูบน้ำออก ความสูงระดับข้อเท้า น้ำท่วมมาแล้วน้อยกว่า 1 วัน,https://storage.googleapis.com/traffy_public_bucket/attachment/2026-09/b2b078deb2fd016396b6cfd14d797d92.jpeg
2026-6VF2G9,inprogress,2026-09-25 17:44,2026-09-25 23:17,100.5986,13.7858,วังทองหลาง,วังทองหลาง,น้ำท่วม ความสูงระดับหน้าแข้ง น้ำท่วมมาแล้วน้อยกว่า 3 ชั่วโมง,https://storage.googleapis.com/traffy_public_bucket/attachment/2026-09/c04214d76ba4edb3c9542d346adfd7b3.jpeg
2026-6VF2G9,finish,2026-09-25 17:44,2026-10-08 07:44,100.5986,13.7858,วังทองหลาง,วังทองหลาง,น้ำท่วม ความสูงระดับหน้าแข้ง น้ำท่วมมาแล้วน้อยกว่า 3 ชั่วโมง,https://storage.googleapis.com/traffy_public_bucket/attachment/2026-09/c04214d76ba4edb3c9542d346adfd7b3.jpeg
2026-9K2VCK,finish,2026-09-25 17:44,2026-09-29 20:51,100.46002,13.66275,จอมทอง,บางมด,แนวโน้มน้ำท่วม น้ำขัง ฝนตกหนัก หมู่บ้านสินทวีวิลลา โครงการ 7 ซอย 1 ความสูงระดับท่วมสูงเกินกว่าระดับท่อ น้ำท่วมมาแล้วประมาณ 3 ชม หากตกหนักอีกคืนนี้เกรงว่าจะระบายน้ำไม่ทัน,https://storage.googleapis.com/traffy_public_bucket/attachment/2026-09/96020510a79af09fd0c4fa186c745516.jpeg
2026-RFKRZN,forward,2026-09-25 17:44,2026-09-26 06:47,100.43697,13.61188,บางขุนเทียน,ท่าข้าม,ทำท่อใหม่ทำไมก็ไม่รู้ รูท่ออยู่สูงกว่าถนน ฝนตกแล้วน้ำอยู่บนถนนไม่ระบายเลย ความสูงระดับข้อเท้า น้ำท่วมมาแล้วน้อยกว่า 3 ชั่วโมง,https://storage.googleapis.com/traffy_public_bucket/attachment/2026-09/a257f9a3c38a729144c5cefc7b1d9de1.jpeg
2026-664Y92,forward,2026-09-25 17:45,2026-09-25 18:07,100.41799,13.70459,บางแค,บางแค,ขนาดนี้ปริมาณน้ำเพิ่มสูงขึ้นมากกว่าเดิมและน้ำคลองก็ไหลเข้าบ้านทำให้การใช้ชีวิตลำบากรบกวนทางเขตกรุงเทพมหานครเรื่องระบายน้ำหรือทำการใดๆเพื่อช่วยเหลือประชาชน ความสูงระดับสูงหน้าแข้งแล้ว น้ำท่วมมาแล้วตั้งแต่ 11:00 น,https://storage.googleapis.com/traffy_public_bucket/attachment/2026-09/0c6223db93ac59b325dbca12707926e9.jpeg
2026-66UZJU,finish,2026-09-25 17:45,2026-10-05 08:07,100.61694,13.70288,พระโขนง,บางจาก,น้ำท่วม ความสูงระดับหน้าแข้ง น้ำท่วมมาแล้วน้อยกว่า 1 ชั่วโมง,https://storage.googleapis.com/traffy_public_bucket/attachment/2026-09/aa30c7b532c802e61053759d6c68e3fa.jpeg
2026-VBMAFC,inprogress,2026-09-25 17:45,2026-09-25 21:28,100.54448,13.75959,ราชเทวี,มักกะสัน,น้ำท่วมขังในซอยราชปรารภ 12 ยังไม่มีการระบาย ความสูงระดับข้อเท้า น้ำท่วมมาแล้วน้อยกว่า 3 ชั่วโมง,https://storage.googleapis.com/traffy_public_bucket/attachment/2026-09/20dc2d373bbe7e93a3d58a31bbc85cc4.jpeg
2026-VBMAFC,finish,2026-09-25 17:45,2026-10-09 13:40,100.54448,13.75959,ราชเทวี,มักกะสัน,น้ำท่วมขังในซอยราชปรารภ 12 ยังไม่มีการระบาย ความสูงระดับข้อเท้า น้ำท่วมมาแล้วน้อยกว่า 3 ชั่วโมง,https://storage.googleapis.com/traffy_public_bucket/attachment/2026-09/20dc2d373bbe7e93a3d58a31bbc85cc4.jpeg
2026-NZYMX3,inprogress,2026-09-25 17:46,2026-09-25 22:10,100.6694,13.72728,ประเวศ,ประเวศ,ปล่อยให้น้ำล้นจากบึง ที่เป็นโครงการแก้มลิงของกทม. แล้วตอนนี้โซน1 คือเลยฟุตบาทแล้วนะ บางส่วนก็ถึงเข่าแล้วนะคะ โซน 3 น่าจะเอว คุณจะให้หมู่บ้านจมหรอคะ ความสูงระดับหน้าแข้ง น้ำท่วมมาแล้วน้อยกว่า 1 วัน,https://storage.googleapis.com/traffy_public_bucket/attachment/2026-09/510fb186efbbce91ed61fe5aedfe811c.jpeg
2026-33NJJD,finish,2026-09-25 17:47,2026-09-30 10:40,100.59368,13.72149,วัฒนา,พระโขนงเหนือ,น้ำท่วมบ้าน ความสูงระดับกระจังหน้ารถตามภาพ น้ำท่วมมาแล้วน้อยกว่า 3 ชั่วโมง,https://storage.googleapis.com/traffy_public_bucket/attachment/2026-09/cc82bfa1c794be3992d7232bf0660657.jpeg
2026-EG9TKV,inprogress,2026-09-25 17:47,2026-09-25 19:32,100.61667,13.86682,บางเขน,อนุสาวรีย์,ส่งรูปน้ำท่วมซอยแยกรามอินทรา19แยก8เป็นข้อมูลเพิ่มจากที่แจ้งไว้แล้ว ความสูงระดับ30ซม. น้ำท่วมมาแล้วน้อยกว่า 3 ชั่วโมง,https://storage.googleapis.com/traffy_public_bucket/attachment/2026-09/417a677c0249e06f6b650d1a2a692208.jpeg
2026-J6VGXR,finish,2026-09-25 17:47,2026-10-02 11:31,100.60769,13.69658,พระโขนง,บางจาก,ซอยสุขุมวิท99 น้ำท่วมแล้วคะเน่งให้มาระบายท่อด้วยคะ ช่วงกลางซอย ความสูงระดับข้อเท้า น้ำท่วมมาแล้วน้อยกว่า 1 วัน,https://storage.googleapis.com/traffy_public_bucket/attachment/2026-09/d4856f60ac2f1b01acd32062a64cd4d7.jpeg
2026-J6VGXR,start,2026-09-25 17:47,2026-10-08 17:26,100.60769,13.69658,พระโขนง,บางจาก,ซอยสุขุมวิท99 น้ำท่วมแล้วคะเน่งให้มาระบายท่อด้วยคะ ช่วงกลางซอย ความสูงระดับข้อเท้า น้ำท่วมมาแล้วน้อยกว่า 1 วัน,https://storage.googleapis.com/traffy_public_bucket/attachment/2026-09/d4856f60ac2f1b01acd32062a64cd4d7.jpeg
2026-J6VGXR,inprogress,2026-09-25 17:47,2026-10-09 07:42,100.60769,13.69658,พระโขนง,บางจาก,ซอยสุขุมวิท99 น้ำท่วมแล้วคะเน่งให้มาระบายท่อด้วยคะ ช่วงกลางซอย ความสูงระดับข้อเท้า น้ำท่วมมาแล้วน้อยกว่า 1 วัน,https://storage.googleapis.com/traffy_public_bucket/attachment/2026-09/d4856f60ac2f1b01acd32062a64cd4d7.jpeg
2026-WEXJ3P,finish,2026-09-25 17:47,2026-10-01 15:19,100.43414,13.62529,บางขุนเทียน,แสมดำ,น้ำท่วมทั้งซอย20 เดือนร้อนมาก ทำถนนอะไรก็ไม่รู้ แถมเอาเครื่องสูบน้ำออกอีก (25/09/2569) ความสูงระดับเอว น้ำท่วมมาแล้วมากกว่า 1 สัปดาห์,https://storage.googleapis.com/traffy_public_bucket/attachment/2026-09/d73882f46f222f6611f6ee82533e7a78.jpeg
2026-YUU8LU,inprogress,2026-09-25 17:47,2026-09-25 22:11,100.66182,13.67436,ประเวศ,หนองบอน,น้ำท่วม ความสูงระดับ15ซม. น้ำท่วมมาแล้ว2ชม.ฝนตกหนัก ตอนนี้เบาลงแล้วสบับปานกลาง,https://storage.googleapis.com/traffy_public_bucket/attachment/2026-09/ec7be668203637331095482cc65ad934.jpeg
2026-DLY7DB,finish,2026-09-25 17:49,2026-09-26 10:58,100.53284,13.72411,บางรัก,สีลม,น้ำท่วมขังบริเวณหน้าคอนโด Pearl Garden ก่อนหน้านี้กทม. ได้มาทำการปรับปรุงพื้นผิวถนนและฝาท่อระบายน้ำเป็นที่เรียบร้อยแล้ว แต่ยังเป็นจุดเดียวที่น้ำท่วมขังซึ่งบริเวณรอบๆไม่เป็นเป็นแค่ตรงช่วงนี้ ความสูงระดับข้อเท้า น้ำท่วมมาแล้วน้อยกว่า 1 วัน,https://storage.googleapis.com/traffy_public_bucket/attachment/2026-09/ce7729eb1025af2189ed51f3102b9dfd.jpeg
2026-JRZEGY,inprogress,2026-09-25 17:49,2026-09-25 20:28,100.68562,13.7425,สะพานสูง,สะพานสูง,น้ำท่วมสูงเข้าบ้าน ความสูงระดับหัวเข่า น้ำท่วมมาแล้วน้อยกว่า 1 วัน,https://storage.googleapis.com/traffy_public_bucket/attachment/2026-09/c995931e82c04e04fd4cb4bb07723f34.jpeg
2026-VRGCKT,forward,2026-09-25 17:49,2026-09-25 21:28,100.53712,13.76737,ราชเทวี,ทุ่งพญาไท,น้ำท่วม ความสูงระดับ30cm. น้ำท่วมมาแล้วน้อยกว่า 3 ชั่วโมง,https://storage.googleapis.com/traffy_public_bucket/attachment/2026-09/003ca8c09d54397dbc5e67bb725b8938.jpeg
2026-XPWVNM,forward,2026-09-25 17:49,2026-09-25 17:58,100.65703,13.77296,บึงกุ่ม,คลองกุ่ม,น้ำท่วมสูงในซอยเสรีไทย2 ถ.เสรีไทย ช่วงกลางซอยสูงเกินหัวเข่าขึ้นไป ในบ้านสูงได้ครึ่งตุ่มใหญ่แล้ว ความสูงระดับมากกว่า 60 ซม. น้ำท่วมมาแล้วตั้งแต่ช่วงบ่ายโมง น้ำขึ้นมาเรื่อยๆ,https://storage.googleapis.com/traffy_public_bucket/attachment/2026-09/e322b2296bafec3712665b59bd47e8eb.jpeg
2026-F7KPPF,forward,2026-09-25 17:50,2026-09-26 20:59,100.58622,13.80645,จตุจักร,จันทรเกษม,มีการสูบน้ำออกมาเต็มถนนทุกครั้งที่ฝนตก ทำให้เข้าบ้านคนอื่นเดือนร้อนเสมอ แบบนี้ผิดกฏหมายมั้ยครับ ความสูงระดับยังไม่ท่วมแต่มันเริ่มไหลเข้าบ้าน น้ำท่วมมาแล้วทำเป็นปกติถ้าฝนตก สูบจากบ่อพักในบ้านออกมา,https://storage.googleapis.com/traffy_public_bucket/attachment/2026-09/a17b2bddc51afdb28112fe8814947fc0.jpeg
2026-FPK7VW,start,2026-09-25 17:50,2026-09-25 20:43,100.78847,13.72365,ลาดกระบัง,ลาดกระบัง,น้ำท้วมขังสูงไม่สามารถออกได้ ความสูงระดับหัวเข่า น้ำท่วมมาแล้วน้อยกว่า 1 วัน,https://storage.googleapis.com/traffy_public_bucket/attachment/2026-09/1004ca3dbf1c6e7b05d1072bce415322.jpeg
2026-HWNKB4,inprogress,2026-09-25 17:51,2026-09-27 13:53,100.58232,13.74885,ห้วยขวาง,บางกะปิ,น้ำท่วมครึ่งตัว ความสูงระดับสูงกว่าเอว น้ำท่วมมาแล้วน้อยกว่า 1 วัน,https://storage.googleapis.com/traffy_public_bucket/attachment/2026-09/5ef30e528ac35a7f54fc2b3317a4f55f.jpeg
2026-HWNKB4,finish,2026-09-25 17:51,2026-10-09 19:01,100.58232,13.74885,ห้วยขวาง,บางกะปิ,น้ำท่วมครึ่งตัว ความสูงระดับสูงกว่าเอว น้ำท่วมมาแล้วน้อยกว่า 1 วัน,https://storage.googleapis.com/traffy_public_bucket/attachment/2026-09/5ef30e528ac35a7f54fc2b3317a4f55f.jpeg
2026-YD37NE,finish,2026-09-25 17:51,2026-09-29 17:21,100.55522,13.87035,หลักสี่,ทุ่งสองห้อง,น้ำท่วมค่ะ หลาย ชม. แล้ว ฝนหยุด ระดับน้ำไม่ลดลงค่ะ ความสูงระดับซอยงามวงศ์วาน 47 อยก 41 น้ำท่วมมาแล้วหน้าแข้ง,https://storage.googleapis.com/traffy_public_bucket/attachment/2026-09/50addc550834e2b535ed2c787d3c9795.jpeg
2026-ZENAZL,forward,2026-09-25 17:51,2026-09-30 11:34,100.5896,13.81086,ลาดพร้าว,ลาดพร้าว,ช่วยรบกวนเร่งระบายน้ำคลองลาดพร้าวหน่อยค่า น้ำท่วมสูงขึ้นเรื่อยๆๆเลยค่ะ ความสูงระดับ40cm จากคลองแล้วค่ะ น้ำท่วมมาแล้วน้อยกว่า 3 ชั่วโมง,https://storage.googleapis.com/traffy_public_bucket/attachment/2026-09/5e8310af99ec6a15b71b9db90a82a8e7.jpeg
2026-E7TKXW,inprogress,2026-09-25 17:52,2026-09-25 22:13,100.69524,13.72645,ประเวศ,ประเวศ,ขอให้ช่วยผันน้ำได้ไหมคะ ตอนนี้ในหมู่บ้านซอยเฉลิมพระเกียรติ 87 หลายหมู่บ้านโดยเฉพาะThe Connect 15 OnNut ทุกซอยของหมู่บ้าน น้ำท่วมสูงมากค่ะ จนจะเข้ารถแล้วค่ะ ความสูงระดับหัวเข่า น้ำท่วมมาแล้วประมาณ 2 ชั่วโมง,https://storage.googleapis.com/traffy_public_bucket/attachment/2026-09/1ae355b8ca662750d71dbdeef94108fa.jpeg
2026-PC988J,finish,2026-09-25 17:52,2026-09-26 23:22,100.55688,13.75601,ดินแดง,ดินแดง,น้ำท่วม ความสูงระดับข้อเท้า น้ำท่วมมาแล้วน้อยกว่า 3 ชั่วโมง,https://storage.googleapis.com/traffy_public_bucket/attachment/2026-09/b7966522d4bd81e62818b7ac8e563a8d.jpeg
2026-VEGZ49,inprogress,2026-09-25 17:52,2026-09-25 19:11,100.50431,13.71183,คลองสาน,บางลำภูล่าง,ฝนตกน้ำท่วมไม่มีทางระบายน้ำออกค่ะ ความสูงระดับหน้าแข้ง น้ำท่วมมาแล้วน้อยกว่า 1 วัน,https://storage.googleapis.com/traffy_public_bucket/attachment/2026-09/dbe8ce4e5d2f1a598ca63032924bebd6.jpeg
2026-K6LGE9,start,2026-09-25 17:53,2026-09-25 20:44,100.72849,13.73586,ลาดกระบัง,คลองสองต้นนุ่น,น้ำท่วมเกือบถึงครึ่งแข้ง ความสูงระดับหน้าแข้ง น้ำท่วมมาแล้วน้อยกว่า 1 วัน,https://storage.googleapis.com/traffy_public_bucket/attachment/2026-09/f990294fccc6fd593e2af2cde3caf73b.jpeg
2026-UV2X9J,inprogress,2026-09-25 17:53,2026-10-05 10:25,100.57535,13.92444,ดอนเมือง,ดอนเมือง,เรื่อง ขอความอนุเคราะห์สนับสนุนเครื่องสูบน้ำและกระสอบทราย เพื่อช่วยเหลือการระบายน้ำภายในโครงการ เรียน หน่วยงาน/ผู้เกี่ยวข้อง เนื่องด้วยขณะนี้พื้นที่บริเวณ โครงการเดอะ Connect 14 ดอนเมืองสรงประภา ได้รับผลกระทบจากฝนตกหนักต่อเนื่องเป็นเวลาหลายชั่วโมง ส่งผล,https://storage.googleapis.com/traffy_public_bucket/attachment/2026-09/c9c95b4453c15492858b0919bf7dc541.jpeg
2026-F9TV86,finish,2026-09-25 17:54,2026-10-02 15:10,100.34627,13.71832,หนองแขม,หนองค้างพลู,การแก้ปัญหาช่วยเปิดเครื่องสูบน้ำที่ติดตั้งเอาไว้ช่วย สูบน้ำ ความสูงระดับหน้าแข้ง น้ำท่วมมาแล้วน้อยกว่า 3 ชั่วโมง,https://storage.googleapis.com/traffy_public_bucket/attachment/2026-09/1a2fa21df02caeeab9701a538ceefb4d.jpeg
2026-JZANG9,inprogress,2026-09-25 17:54,2026-09-26 10:03,100.74163,13.79459,มีนบุรี,มีนบุรี,น้ำในร่มเกล้า 6 ริมซอยน้ำขึ้นสูง ความสูงระดับหน้าแข้ง น้ำท่วมมาแล้วตั้งแต่เมื่อคืน,https://storage.googleapis.com/traffy_public_bucket/attachment/2026-09/2e04c3af0963d55b55d11583536b904a.jpeg
2026-U77XDY,finish,2026-09-25 17:54,2026-09-30 10:57,100.58991,13.72337,วัฒนา,พระโขนงเหนือ,มีน้ำท่วมขังค่ะ ความสูงระดับข้อเท้า น้ำท่วมมาแล้วน้อยกว่า 3 ชั่วโมง,https://storage.googleapis.com/traffy_public_bucket/attachment/2026-09/25496391708a0b926faaec6d03de7c55.jpeg
2026-XNTDJX,inprogress,2026-09-25 17:54,2026-09-25 22:17,100.65147,13.67372,ประเวศ,หนองบอน,น้ำท่วม ในซอยหนักมาก ความสูงระดับหน้าแข้ง น้ำท่วมมาแล้วน้อยกว่า 3 ชั่วโมง,https://storage.googleapis.com/traffy_public_bucket/attachment/2026-09/thumb_d9cb3ebc611aa64f36b3760febd4e3fa.jpg
2026-HEJ8HK,inprogress,2026-09-25 17:55,2026-09-26 00:17,100.62312,13.78483,วังทองหลาง,คลองเจ้าคุณสิงห์,ลาดพร้าวซอย 93 หมู่บ้าน สเถียรนิเวศ น้ำท่วมสุง เข้าตัวบ้าน ระดับน้ำสุงถึงหัวเข่า ความสูงระดับหัวเข่า น้ำท่วมมาแล้วน้อยกว่า 3 ชั่วโมง,https://storage.googleapis.com/traffy_public_bucket/attachment/2026-09/4ae24a8d557b44286368e10455fcecd0.jpeg
2026-HEJ8HK,finish,2026-09-25 17:55,2026-10-08 07:43,100.62312,13.78483,วังทองหลาง,คลองเจ้าคุณสิงห์,ลาดพร้าวซอย 93 หมู่บ้าน สเถียรนิเวศ น้ำท่วมสุง เข้าตัวบ้าน ระดับน้ำสุงถึงหัวเข่า ความสูงระดับหัวเข่า น้ำท่วมมาแล้วน้อยกว่า 3 ชั่วโมง,https://storage.googleapis.com/traffy_public_bucket/attachment/2026-09/4ae24a8d557b44286368e10455fcecd0.jpeg
2026-29UHCD,forward,2026-09-25 17:56,2026-09-25 17:57,100.72338,13.72435,ลาดกระบัง,ลาดกระบัง,แจ้งบ้านริมคลองประเวศบุรีรมย์น้ำท่วมเข้าบ้านห้องนอนชั้นล่างห้องน้ำใช้ไม่ได้ ความสูงระดับหัวเข่า น้ำท่วมมาแล้วน้อยกว่า 1 วัน,https://storage.googleapis.com/traffy_public_bucket/attachment/2026-09/2aedf3393709eec1e68a7ac7153cc539.jpeg
2026-YNFTD7,inprogress,2026-09-25 17:56,2026-09-25 22:18,100.67481,13.68615,ประเวศ,ดอกไม้,น้ำท่วมหมู่บ้านค่ะช่วยแก้ไขให้ด้วย ความสูงระดับท่วมล้อรถแล้วค่ะตามภาพ น้ำท่วมมาแล้วท่วมวันนี้,https://storage.googleapis.com/traffy_public_bucket/attachment/2026-09/49e5f5c6cb8de30836bbcf6ecc534143.jpeg
2026-3BKKEW,forward,2026-09-25 17:57,2026-10-01 11:16,100.5473,13.70916,ยานนาวา,ช่องนนทรี,เหมือนประตูคลองระบายน้ำไม่เปิดน้ำจึงท่วมครับ ความสูงระดับตอนนี้เริ่มล้นมาที่ถนนครับ น้ำท่วมมาแล้วเริ่มเต็มมาตั้งแต่ประมาณ 4 โมงครึ่งครับ,https://storage.googleapis.com/traffy_public_bucket/attachment/2026-09/15ad39831510a47b11d78c3a79c202be.jpeg
2026-8JT7B8,inprogress,2026-09-25 17:57,2026-09-25 19:33,100.64059,13.85942,บางเขน,ท่าแร้ง,เมื่อคืนมีฝนตกลงมามากตลอดทั้งวันทั้งคืน คลองบัว-คลองลำไผ่ มีนํ้าท่วมเต็มจนท่วมออกมาตรงบ้านผู้อาศัย อยากให้ผู้เกี่ยวข้องมาระบายนํ้าโดนด่วนเลยค่ะ ชาวบ้านได้รับความเดือดร้อนมากค่ะ ความสูงระดับข้อเท้า น้ำท่วมมาแล้วน้อยกว่า 1 วัน,https://storage.googleapis.com/traffy_public_bucket/attachment/2026-09/d1cc4be606cdc5aa3fea2c6983999b8b.jpeg
2026-BZFMZX,inprogress,2026-09-25 17:57,2026-09-25 23:14,100.79794,13.91362,หนองจอก,คลองสิบ,น้ำท่วมบ้านเข้าบ้านซึมเข้าบ้านหนักมากเข้ามาตรวจสอบท่อระบายน้ำไม่มีในซอยให้หน่อยค่ะเอากระสอบทรายมาให้ก็ได้ค่ะ ความสูงระดับข้อเท้า น้ำท่วมมาแล้วน้อยกว่า 1 วัน,https://storage.googleapis.com/traffy_public_bucket/attachment/2026-09/c436a678590ad4542c3098bfe048d0d8.jpeg
2026-X3UP7V,inprogress,2026-09-25 17:58,2026-09-25 23:24,100.61766,13.79645,วังทองหลาง,คลองเจ้าคุณสิงห์,แจ้งปัญหาน้ำท่วมขังบริเวณลาดพร้าว 87 แยก 13 ช่วงกลางถึงท้ายซอย ซึ่งเกิดน้ำท่วมขังทุกครั้งที่มีฝนตกต่อเนื่อง ทั้งที่บริเวณอื่นในซอยระบายน้ำได้ปกติ จึงขอความอนุเคราะห์ทางเขตดำเนอนกาาลอกท่อเพื่อแก้ไขปัญหาดังกล่าว ความสูงระดับข้อเท้า น้ำท่วมมาแล้วมากกว่า 1 สั,https://storage.googleapis.com/traffy_public_bucket/attachment/2026-09/b864c16f5736bdb2f7b0ea5084f61ad8.jpeg
2026-X3UP7V,finish,2026-09-25 17:58,2026-10-09 14:30,100.61766,13.79645,วังทองหลาง,คลองเจ้าคุณสิงห์,แจ้งปัญหาน้ำท่วมขังบริเวณลาดพร้าว 87 แยก 13 ช่วงกลางถึงท้ายซอย ซึ่งเกิดน้ำท่วมขังทุกครั้งที่มีฝนตกต่อเนื่อง ทั้งที่บริเวณอื่นในซอยระบายน้ำได้ปกติ จึงขอความอนุเคราะห์ทางเขตดำเนอนกาาลอกท่อเพื่อแก้ไขปัญหาดังกล่าว ความสูงระดับข้อเท้า น้ำท่วมมาแล้วมากกว่า 1 สั,https://storage.googleapis.com/traffy_public_bucket/attachment/2026-09/b864c16f5736bdb2f7b0ea5084f61ad8.jpeg
2026-7RGA2N,finish,2026-09-25 17:59,2026-09-27 09:24,100.55767,13.75626,ดินแดง,ดินแดง,น้ำท่วมในซอยมหาวงษ์ใต้ ระดับน้ำเริ่มสูง เริ่มเข้าบ้าน ความสูงระดับจากพื้นถนน ประมาณ 15 นิ้วครับ น้ำท่วมมาแล้วช่วงบ่าย ระดับน้ำขึ้นเรื่อยๆ,https://storage.googleapis.com/traffy_public_bucket/attachment/2026-09/37c3bb0e59fba1f5576b7180730f5c76.jpeg
2026-J78FU9,finish,2026-09-25 17:59,2026-10-02 10:39,100.34112,13.65946,หนองแขม,หนองแขม,น้ำท่วมเข้าบ้านเรือนเสียหาย ความสูงระดับ10ซม. น้ำท่วมมาแล้วน้อยกว่า 3 ชั่วโมง,https://storage.googleapis.com/traffy_public_bucket/attachment/2026-09/90df1a46468560813243b6e73850f9c5.jpeg
2026-WCGRP4,forward,2026-09-25 17:59,2026-09-26 10:11,100.56046,13.84791,จตุจักร,ลาดยาว,ปัญหา น้ำท่วมขัง วิธีแก้ ให้เจ้าหน้าที่ที่เกี่ยวข้อง เร่งการระบายน้ำ ขจัดสิ่งกีดขวางทางระบาย ความสูงระดับข้อเท้า น้ำท่วมมาแล้วน้อยกว่า 3 ชั่วโมง,https://storage.googleapis.com/traffy_public_bucket/attachment/2026-09/28765f523f27d338ba6f0c1c1d9832ec.jpeg
2026-3CKACC,finish,2026-09-25 18:00,2026-10-05 08:36,100.61788,13.7027,พระโขนง,บางจาก,น้ำท่วมขังซอยพึ่งมี 25 ทุกครั้งที่ฝนตกหนัก น้ำจากซอยข้างๆจะไหลมารวมอยู่ที่แชร์ไปคับ จุดตรงนี้จะเป็นแอ็ง รบกวนช่วยมาแก้ไขด้วยคับ ความสูงระดับหน้าแข้ง น้ำท่วมมาแล้วน้อยกว่า 3 ชั่วโมง,https://storage.googleapis.com/traffy_public_bucket/attachment/2026-09/839e2beb24bbdca452450b0a162d20d3.jpeg
2026-LB4YA3,inprogress,2026-09-25 18:00,2026-09-25 22:18,100.66564,13.70802,ประเวศ,ประเวศ,น้ำท่วมเข้าบ้านแล้ว น้ำเออในห้องน้ำ สร้างความเดือดร้อน ยังไม่มีการดูดน้ำระบายออก ช่วงวันที่ 25-27 กันยายนนี้ฝนตกตลอด 24 ชม. ช่วยจัดเจ้าหน้าที่เข้ามาดูแลการระบายน้ำให้ประชาชนด้วย ความสูงระดับสูงขนาดเออเข้าบ้าน ล้นท่อในห้องน้ำ ระบายออกจากบ้านไม่ได้ น้ำท่วมม,https://storage.googleapis.com/traffy_public_bucket/attachment/2026-09/ce91f53c756eb36d20740da8e9e963bc.jpeg
2026-AMAXVY,inprogress,2026-09-25 18:01,2026-09-25 18:23,100.36113,13.68327,หนองแขม,หนองแขม,น้ำท่วมในซอยคะ ความสูงระดับเหนือตาตุ่มขึ้นมาค่ะช่วงข้อเท้า น้ำท่วมมาแล้วมีท่วม 2 ซอย,https://storage.googleapis.com/traffy_public_bucket/attachment/2026-09/3ddc1263e7cea2bd5683c87c1c7c6f81.jpeg
2026-AMAXVY,finish,2026-09-25 18:01,2026-10-08 10:07,100.36113,13.68327,หนองแขม,หนองแขม,น้ำท่วมในซอยคะ ความสูงระดับเหนือตาตุ่มขึ้นมาค่ะช่วงข้อเท้า น้ำท่วมมาแล้วมีท่วม 2 ซอย,https://storage.googleapis.com/traffy_public_bucket/attachment/2026-09/3ddc1263e7cea2bd5683c87c1c7c6f81.jpeg
2026-T9LW7P,inprogress,2026-09-25 18:01,2026-10-05 10:25,100.57485,13.92417,ดอนเมือง,ดอนเมือง,เรื่อง ขอความอนุเคราะห์สนับสนุนเครื่องสูบน้ำและกระสอบทราย เพื่อช่วยเหลือการระบายน้ำภายในโครงการ เรียน หน่วยงาน/ผู้เกี่ยวข้อง เนื่องด้วยขณะนี้พื้นที่บริเวณ โครงการเดอะ Connect 14 ดอนเมืองสรงประภา ได้รับผลกระทบจากฝนตกหนักต่อเนื่องเป็นเวลาหลายชั่วโมง ส่งผล,https://storage.googleapis.com/traffy_public_bucket/attachment/2026-09/3d97a7c97b95ef81aa9d4369093b0c72.jpeg
2026-DX9KP4,finish,2026-09-25 18:02,2026-09-29 17:21,100.57203,13.86895,หลักสี่,ตลาดบางเขน,ปัญหา น้ำท่วมขัง วิธีแก้ ให้เจ้าหน้าที่ที่เกี่ยวข้อง เร่งการระบายน้ำ ขจัดสิ่งกีดขวางทางระบาย ทำให้รถสัญจรได้อย่างปลอดภัย ไม่เกิดความเสียหายต่อผู้สัญจร ความสูงระดับเอว น้ำท่วมมาแล้วน้อยกว่า 1 วัน,https://storage.googleapis.com/traffy_public_bucket/attachment/2026-09/1173160b0f7b8b57a5f81cbbc49ec202.jpeg
2026-KBULJU,inprogress,2026-09-25 18:02,2026-09-25 22:19,100.66976,13.73119,ประเวศ,ประเวศ,น้ำท้วม เอารถออกจากบ้านไม่ได้ ความสูงระดับตรึ่งล้อรถ น้ำท่วมมาแล้วครึ่งล้อรถ,https://storage.googleapis.com/traffy_public_bucket/attachment/2026-09/4a0c126ac7ce9e4bdbb51440ffa909d5.jpeg
2026-MRAHMG,finish,2026-09-25 18:02,2026-09-29 16:15,100.51135,13.65415,ทุ่งครุ,บางมด,น้ำท่วมเข้าบ้านแล้วครับฝนตก ถนนต่ำ ความสูงระดับหน้าแข้ง น้ำท่วมมาแล้วน้อยกว่า 1 วัน,https://storage.googleapis.com/traffy_public_bucket/attachment/2026-09/0a51a35c7c605471255802cc5a73269f.jpeg
2026-MRUTZ9,inprogress,2026-09-25 18:02,2026-09-25 19:34,100.6335,13.88217,บางเขน,ท่าแร้ง,น้ำท่วมขังสูงในซอยบ้านครับ ต้องการให้หน่วยงานมาดูเรื่องการะบายน้ำในซอยครับ ความสูงระดับเกือบจะเข้ารั้วบ้านครับ น้ำท่วมมาแล้วประมาณหัวเข่าครับ,https://storage.googleapis.com/traffy_public_bucket/attachment/2026-09/b470a43c81a0ad78654107480b9ee3ca.jpeg
2026-NAUN6V,inprogress,2026-09-25 18:02,2026-09-25 19:34,100.60443,13.87185,บางเขน,อนุสาวรีย์,น้ำไม่ลดลงเพิ่มระดับขึ้นเรื่อยๆ ในคลองไม่มีการระบายน้ำ ไม่พร่องน้ำออกจากคลอง ความสูงระดับน้ำเริ่มท่วมเข้ามาในตัวบ้าน ถึงข้อเท้า ละกำลังเพิ่มขึ้นเรื่อยๆ น้ำท่วมมาแล้วน้อยกว่า 1 วัน,https://storage.googleapis.com/traffy_public_bucket/attachment/2026-09/e6b50565fea5dabd5982aaf3e70af699.jpeg
2026-PPVGWT,inprogress,2026-09-25 18:03,2026-09-26 14:05,100.62698,13.79886,บางกะปิ,คลองจั่น,น้ำท่วมขัง ในซอย ลาดพร้าว 101 ซอย 47 ความสูงระดับประมาณ 20 เซน ครับ น้ำท่วมมาแล้วน้อยกว่า 3 ชั่วโมง,https://storage.googleapis.com/traffy_public_bucket/attachment/2026-09/3126b7355049c89a36178f5ae3572095.jpeg
2026-YV2J3B,finish,2026-09-25 18:03,2026-09-29 17:23,100.558,13.86764,หลักสี่,ทุ่งสองห้อง,ฝนตกทำให้น้ำท่วมเข้าบ้าน เนื่องจากน้ำเอ่อล้นท่อ ไม่มีการระบาย เป็นเวลาไม่ต่ำกว่า 7 ชั่วโมงค่ะ ความสูงระดับหน้าบ้านสูงประมาณ 3-5 เซนค่ะ หลังจากฝนเบาไปแล้ว แต่ตอนนี้กำลังจะเพิ่มขึ้นอีก น้ำท่วมมาแล้วประมาณ 7 ชั่วโมงแล้วค่ะ,https://storage.googleapis.com/traffy_public_bucket/attachment/2026-09/7526a123146201d1db7c3714c25ea9be.jpeg
2026-E276PG,inprogress,2026-09-25 18:04,2026-09-25 23:45,100.62705,13.78098,วังทองหลาง,คลองเจ้าคุณสิงห์,เข้าใจว่าจากฝนตกเลยผันน้ำลงคลองช่วยกันแต่ตอนนี้สภาพคลองล้นมากจนท่อระบายน่ำทำงานไม่ได้ บ้านสุดซอยน้ำท่วมขึ่นเรื่อยๆเลยครับ ความสูงระดับถ้าในตัวบ้านคือเลยข้อเท้าครับ แต่ด้านถนนคือหน้าแข้งแล้ว น้ำท่วมมาแล้วน้อยกว่า 1 วัน,https://storage.googleapis.com/traffy_public_bucket/attachment/2026-09/13fe65d89d4ecaf158d5f7dfb23a795c.jpeg
2026-E276PG,finish,2026-09-25 18:04,2026-10-08 07:44,100.62705,13.78098,วังทองหลาง,คลองเจ้าคุณสิงห์,เข้าใจว่าจากฝนตกเลยผันน้ำลงคลองช่วยกันแต่ตอนนี้สภาพคลองล้นมากจนท่อระบายน่ำทำงานไม่ได้ บ้านสุดซอยน้ำท่วมขึ่นเรื่อยๆเลยครับ ความสูงระดับถ้าในตัวบ้านคือเลยข้อเท้าครับ แต่ด้านถนนคือหน้าแข้งแล้ว น้ำท่วมมาแล้วน้อยกว่า 1 วัน,https://storage.googleapis.com/traffy_public_bucket/attachment/2026-09/13fe65d89d4ecaf158d5f7dfb23a795c.jpeg
2026-LM6C3L,inprogress,2026-09-25 18:04,2026-09-25 20:55,100.70845,13.74863,สะพานสูง,สะพานสูง,ตอนนี้หมู่บ้านที่อยู่มีน้ำท่วมขังครับ ไม่ทราบว่าแถวนี้ระบบระบายน้ำของซอยนี้มีปัญหาหรือเปล่าครับ ความสูงระดับข้อเท้า น้ำท่วมมาแล้วน้อยกว่า 3 ชั่วโมง,https://storage.googleapis.com/traffy_public_bucket/attachment/2026-09/c7537fc84019add4719b5dc2214d34cd.jpeg
2026-MAHBF9,inprogress,2026-09-25 18:04,2026-09-25 23:13,100.79602,13.90935,หนองจอก,คลองสิบ,ในซอยบ้าน ไม่มีท่อระบายน้ำ น้ำท่วมบ้านครับ ความสูงระดับหน้าแข้ง น้ำท่วมมาแล้วมากกว่า 1 สัปดาห์,https://storage.googleapis.com/traffy_public_bucket/attachment/2026-09/a4f6a53cb573bb540aefd025cea41bd4.jpeg
2026-RJETZ2,inprogress,2026-09-25 18:04,2026-09-26 14:05,100.6351,13.77039,บางกะปิ,คลองจั่น,น้ำเริ่มท่วมซอยลาดพร้าว 132 และในคลองแสนแสบที่อยู่ในซอย น้ำสูงถึงคาน ทำให้น้ำไม่ระบายออก ความสูงระดับประมาณข้อเท้าครับ น้ำท่วมมาแล้วน้อยกว่า 3 ชั่วโมง,https://storage.googleapis.com/traffy_public_bucket/attachment/2026-09/d1a9f6d202095b4e7da94c09053319c7.jpeg
2026-VDD77C,inprogress,2026-09-25 18:04,2026-09-25 18:52,100.62508,13.71722,สวนหลวง,สวนหลวง,น้ำท่วม หมู่บ้านปัญญาครับ ความสูงระดับในหมู่บ้าน สูงท่วมฟุนบาทแล้วครับ ตอนนี้เข้ามาในที่จอดรถในบ้านครับ น่าจะ เกิน 30 ซม แล้วครับ น้ำท่วมมาแล้วประมาณ 2 ชั่วโมงครับ,https://storage.googleapis.com/traffy_public_bucket/attachment/2026-09/2ea632315400284368f06351777734b7.jpeg
2026-XY4N3W,finish,2026-09-25 18:04,2026-09-25 21:31,100.61071,13.65672,บางนา,บางนาใต้,ตอนนี้ที่ซอยแบริ่ง ตลอดทั้งซอย มีฝนตกหนักจนทำให้น้ำท่วมจนเกือบถึงประมาณหัวเข่า (สูง 175) เข้าขั้นวิกฤต จึงอยากแจ้งหน่วยงานเข้าช่วยเหลือด้วยครับ ความสูงระดับหน้าแข้ง น้ำท่วมมาแล้วน้อยกว่า 1 วัน,https://storage.googleapis.com/traffy_public_bucket/attachment/2026-09/81b945a077cfa4165f6b77bd7c0b8e9a.jpeg
2026-9DNJDL,inprogress,2026-09-25 18:05,2026-09-28 13:00,100.66453,13.84851,คันนายาว,รามอินทรา,มีน้ำท่วมขังเนื่องจากในท่อระบายน้ำมีขยะอุดตันครับ ความสูงระดับระดับมิดเท้าครับ น้ำท่วมมาแล้วเพิ่งท่วมวันนี้เพราะฝนลงมากครับ,https://storage.googleapis.com/traffy_public_bucket/attachment/2026-09/38f60f3a844b0614219ae787a5fdd1ae.jpeg
2026-UC3D4P,inprogress,2026-09-25 18:05,2026-09-25 20:56,100.68623,13.74253,สะพานสูง,สะพานสูง,น้ำท่วม เข้าภายในบ้านและห้องนอน ใช้ห้องน้ำไม่ได้ น้ำระบายไม่ทัน พิกัดกรุงเทพกรีฑา 39 แขวงทับช้าง เขตสะพานสูง 10250 ความสูงระดับในหมู่บ้าน น้ำท่วมมาแล้วน้อยกว่า 1 วัน,https://storage.googleapis.com/traffy_public_bucket/attachment/2026-09/thumb_b6314081ca6ebe1f46f732a2d9fe8b4a.jpg
2026-84LW4U,forward,2026-09-25 18:06,2026-09-26 21:02,100.58135,13.82339,จตุจักร,จันทรเกษม,ซอยเสือใหญ่ช่วงที่มีการเปลี่ยนท่อระบายน้ำเพิ่งเสร็จ ท่วมขังระดับครึ่งล้อรถเก๋ง น้ำถึงท้องรถตลอดเส้นทาง น่าจะระบบระบายมีปัญหา เพราะเมื่อข้ามสะพานข้างคลองลาดพร้าวมาโลตัสวังหินพบว่าน้ำแห้ง (พบหลายครั้งแล้ว) ความสูงระดับหน้าแข้ง น้ำท่วมมาแล้วน้อยกว่า 3 ชั่วโม,https://storage.googleapis.com/traffy_public_bucket/attachment/2026-09/fafaccc38e97e71139a988191bc00e2e.jpeg
2026-ZCW7Y3,forward,2026-09-25 18:06,2026-09-25 18:19,100.6463,13.81336,บึงกุ่ม,นวลจันทร์,น้ำท่วมขัง ถ.นวลจันทร์ ซ.3 เขตบึงกุ่ม ความสูงระดับ30-40 เซนติเมตร น้ำท่วมมาแล้วครึ่งหน้าแข้ง,https://storage.googleapis.com/traffy_public_bucket/attachment/2026-09/793cb2f13b8f9720697199b816dc5462.jpeg
2026-PP7FBV,inprogress,2026-09-25 18:07,2026-09-26 00:19,100.62682,13.77908,วังทองหลาง,คลองเจ้าคุณสิงห์,คลองเจ้าคุณสิงห์กทม. ได้จอดรถแทรกเตอร์กับหินไว้บริเวณคลองน้ำไม่สามารถไหลคลองได้จนเกิดน้ำท่วม ความสูงระดับบริเวณเข้า น้ำท่วมมาแล้วน้อยกว่า 3 ชั่วโมง,https://storage.googleapis.com/traffy_public_bucket/attachment/2026-09/1a54f0a53e40a92855e3945bd00282bf.jpeg
2026-PP7FBV,finish,2026-09-25 18:07,2026-10-07 01:02,100.62682,13.77908,วังทองหลาง,คลองเจ้าคุณสิงห์,คลองเจ้าคุณสิงห์กทม. ได้จอดรถแทรกเตอร์กับหินไว้บริเวณคลองน้ำไม่สามารถไหลคลองได้จนเกิดน้ำท่วม ความสูงระดับบริเวณเข้า น้ำท่วมมาแล้วน้อยกว่า 3 ชั่วโมง,https://storage.googleapis.com/traffy_public_bucket/attachment/2026-09/1a54f0a53e40a92855e3945bd00282bf.jpeg
2026-ZDZ3C4,start,2026-09-25 18:07,2026-09-25 20:47,100.74558,13.73421,ลาดกระบัง,คลองสามประเวศ,วันที่ 25/9 ซอยร่มเกล้า 56 เป็นซอยหมู่บ้านรุ่งกิจวิลล่า 5 ลักษณะหมู่บ้านเป็นทางลาดต่ำลงมาต่ำกว่าพื้นถนน ณ เวลา 18.00 น น้ำท่วมขังตั้งแต่ช่วงเช้าจนตอนนี้ปริมาณน้ำสะสมสูงกว่าครึ่งแข้งและไม่มีท่าทีจะว่าระดับน้ำจะลดลงเนื่องจากฝนตกต่อเนื่อง รถเล็กในซอยหมู่บ้า,https://storage.googleapis.com/traffy_public_bucket/attachment/2026-09/thumb_b1f19fe0fc8b2babf194bc60d9d5cb32.jpg
2026-XPZL73,finish,2026-09-25 18:08,2026-09-29 17:25,100.58533,13.86202,หลักสี่,ตลาดบางเขน,น้ำท่อมในซอย จนเอ่อล้นเข้าบ้านแล้วครับ ความสูงระดับหน้าแข้ง น้ำท่วมมาแล้วน้อยกว่า 1 วัน,https://storage.googleapis.com/traffy_public_bucket/attachment/2026-09/69883d869965a48f15a00ee30e5df3a3.jpeg
2026-6C3YP7,finish,2026-09-25 18:09,2026-09-30 21:12,100.61762,13.81948,ลาดพร้าว,ลาดพร้าว,เกิดน้ำท่วมเนื้องจากเครื่องซูบน้ำเสีย ความสูงระดับประมาณหน้าแข้งค่ะ น้ำท่วมมาแล้วน้อยกว่า 3 ชั่วโมง,https://storage.googleapis.com/traffy_public_bucket/attachment/2026-09/8c05d52f68c7db9b193054885fba9a10.jpeg
2026-NHV4DF,inprogress,2026-09-25 18:09,2026-09-27 07:15,100.42191,13.68014,บางบอน,คลองบางพราน,น้ำท่วม ความสูงระดับระดับข้อเท้า น้ำท่วมมาแล้วน้อยกว่า 3 ชั่วโมง,https://storage.googleapis.com/traffy_public_bucket/attachment/2026-09/342a79d3462bb13451f2d5263b0d2fba.jpeg
2026-NL8MJJ,inprogress,2026-09-25 18:10,2026-09-30 23:20,100.59544,13.77886,วังทองหลาง,วังทองหลาง,น้ำท่วมหมู่บ้านซิตี้ทาวนโฮม ลาดพร้าว80แยก26 ความสูงระดับข้อเท้า น้ำท่วมมาแล้วน้อยกว่า 1 ชั่วโมง,https://storage.googleapis.com/traffy_public_bucket/attachment/2026-09/c62dbded2ab6e401d3a16da2613365ea.jpeg
2026-NL8MJJ,finish,2026-09-25 18:10,2026-10-07 01:01,100.59544,13.77886,วังทองหลาง,วังทองหลาง,น้ำท่วมหมู่บ้านซิตี้ทาวนโฮม ลาดพร้าว80แยก26 ความสูงระดับข้อเท้า น้ำท่วมมาแล้วน้อยกว่า 1 ชั่วโมง,https://storage.googleapis.com/traffy_public_bucket/attachment/2026-09/c62dbded2ab6e401d3a16da2613365ea.jpeg
2026-ELG7VM,inprogress,2026-09-25 18:11,2026-09-26 14:10,100.62572,13.7547,บางกะปิ,หัวหมาก,ถนนรามคำแหง 24 ที่ทำใหม่ เวลาฝนตก น้ำไหลลงท่อที่ทำใหม่ แล้วน้ำเหล่านั้นไหลมาออกท่อตรงทปากซอยตรงร้านอาหารใต้ ปากซอย24 แยก 28 รวมถึงน้ำจากถนน ไหลลงมาในซอย ทำให้น้ำท่วมสูงเกือบถึงครึ่งล้อรถยนต์เล็ก รถมอเตอร์ไซค์ดับไปหายคัน อยากให้ช่วยปรับปรุงระบบการระบายน้ำ ,https://storage.googleapis.com/traffy_public_bucket/attachment/2026-09/cd81cdd776bd62b315768d813278965e.jpeg
2026-NTKMDE,inprogress,2026-09-25 18:13,2026-09-26 14:10,100.61684,13.75674,บางกะปิ,หัวหมาก,น้ำท่วมขัง ความสูงระดับหน้าแข้ง น้ำท่วมมาแล้วน้อยกว่า 3 ชั่วโมง,https://storage.googleapis.com/traffy_public_bucket/attachment/2026-09/ce099cb010469d2bd0e6e75073cbed53.jpeg
2026-BCPMC9,finish,2026-09-25 18:14,2026-09-30 16:23,100.62484,13.67729,บางนา,บางนาเหนือ,ซอยอุดมสุข 32 ท่วมหนัก น้ำสูง ไม่ลด 3 ชม. ความสูงระดับสะโพก น้ำท่วมมาแล้วน้อยกว่า 3 ชั่วโมง,https://storage.googleapis.com/traffy_public_bucket/attachment/2026-09/25e8b9272c7c9d81a707702ea9055e69.jpeg
2026-JDVUWG,inprogress,2026-09-25 18:14,2026-09-27 07:17,100.37652,13.63043,บางบอน,บางบอนใต้,น้ำท่วมไม่ระบายระดับหัวเข่าครับ ความสูงระดับหัวเข่า น้ำท่วมมาแล้วน้อยกว่า 1 วัน,https://storage.googleapis.com/traffy_public_bucket/attachment/2026-09/0ac2f0404661312fe0f3d97b17662581.jpeg
2026-XT6RJH,inprogress,2026-09-25 18:14,2026-09-26 10:03,100.70485,13.81738,มีนบุรี,มีนบุรี,น้ำทะลักเข้าตัวบ้านแล้วฝนยังไม่หยุดตก ไม่สามารถเก็บของขึ้นทันในบ้านมีคนป่วย ซอยรามอินทรา 117 แยก 6 บ้านเลขที่ 72 ต้องการให้ช่วยเร่งสูบน้ำด่วน น้ำในท่อทะลักออกมาหมดแล้ว ความสูงระดับวันนี้ น้ำท่วมมาแล้ววันนี้,https://storage.googleapis.com/traffy_public_bucket/attachment/2026-09/thumb_9743b6e8fb88181d35bd2a1f3c2a2df4.jpg
2026-288XAT,finish,2026-09-25 18:15,2026-09-25 18:39,100.42046,13.76447,ตลิ่งชัน,บางระมาด,อยู่ซอย 11/2 หมู่บ้านมหาดไทย 1 ถนนหน้าบ้านยังท่วมครึ่งหน้าแข้งอยู่เลยค่ะ ณ เวลานี้ 18.03 น. เขตแจ้งว่าเสร็จแล้วได้ยังไงคะ ยังไม่ได้แก้ไขอะไรให้เลย ความสูงระดับหน้าแข้ง น้ำท่วมมาแล้วน้อยกว่า 1 วัน,https://storage.googleapis.com/traffy_public_bucket/attachment/2026-09/608cdaef0ed796de54d2bd4911a21bc3.jpeg
2026-TNEBDN,inprogress,2026-09-25 18:15,2026-09-30 23:20,100.59545,13.77886,วังทองหลาง,วังทองหลาง,น้ำท่วมหมู่บ้านซิตี้ทาวนโฮม ลาดพร้าว80แยก26 ความสูงระดับข้อเท้า น้ำท่วมมาแล้วน้อยกว่า 1 ชั่วโมง,https://storage.googleapis.com/traffy_public_bucket/attachment/2026-09/5952433c558afe16259248e10abeec08.jpeg
2026-TNEBDN,finish,2026-09-25 18:15,2026-10-07 01:01,100.59545,13.77886,วังทองหลาง,วังทองหลาง,น้ำท่วมหมู่บ้านซิตี้ทาวนโฮม ลาดพร้าว80แยก26 ความสูงระดับข้อเท้า น้ำท่วมมาแล้วน้อยกว่า 1 ชั่วโมง,https://storage.googleapis.com/traffy_public_bucket/attachment/2026-09/5952433c558afe16259248e10abeec08.jpeg
2026-387NMR,inprogress,2026-09-25 18:16,2026-09-25 19:35,100.64087,13.86152,บางเขน,ท่าแร้ง,น้ำท่วมเข้าบ้าน ถึง หน้าแข่ง ความสูงระดับหัวเข่า แล้วค่ะ น้ำท่วมมาแล้วน้อยกว่า 1 วัน,https://storage.googleapis.com/traffy_public_bucket/attachment/2026-09/1d42644b74426cf8f1c1b52bc1d44f19.jpeg
2026-8LGALJ,inprogress,2026-09-25 18:16,2026-09-27 13:54,100.5761,13.78754,ห้วยขวาง,ห้วยขวาง,น้ำท่วม ตะก่อนไม่ท่วม ความสูงระดับข้อเท้า น้ำท่วมมาแล้วตั้งแต่เมื่อคืน,https://storage.googleapis.com/traffy_public_bucket/attachment/2026-09/thumb_aaa878f8c763f0507e4ee1024d4604ae.jpg
2026-FYYFRB,finish,2026-09-25 18:16,2026-09-25 21:23,100.61989,13.67718,บางนา,บางนาเหนือ,น้ำท่วม ทั้งซ.อุดมสุข26 ความสูงระดับหน้าแข้ง น้ำท่วมมาแล้วน้อยกว่า 3 ชั่วโมง,https://storage.googleapis.com/traffy_public_bucket/attachment/2026-09/c45a2efaf4280e6fed081c2ee37620ca.jpeg
2026-HNAUW2,inprogress,2026-09-25 18:17,2026-09-26 10:02,100.72168,13.82705,มีนบุรี,มีนบุรี,เกิดน้ำท่วมขังในบริเวรซอยบ้าน ความสูงระดับเลยข้อเท้าขึ้นมาแล้วค่ะ น้ำท่วมมาแล้วน้อยกว่า 3 ชั่วโมง,https://storage.googleapis.com/traffy_public_bucket/attachment/2026-09/9342d2529f6e65050bf11b03b08e394c.jpeg
2026-ZRM6X3,finish,2026-09-25 18:17,2026-10-02 09:17,100.6166,13.70276,พระโขนง,บางจาก,รบกวนจัดการระบายน้ำให้เร็วกว่านี้ ความสูงระดับข้อเท้า น้ำท่วมมาแล้วน้อยกว่า 1 ชั่วโมง,https://storage.googleapis.com/traffy_public_bucket/attachment/2026-09/730b6e9f7c7114620c7a6eefc214e573.jpeg
2026-A4H4U3,inprogress,2026-09-25 18:18,2026-09-25 20:57,100.70079,13.78157,สะพานสูง,สะพานสูง,น้ำจะเข้าบ้านแล้วครับ ช่วยระบายน้ำหน่อย ความสูงระดับหัวเข่า น้ำท่วมมาแล้วน้อยกว่า 1 วัน,https://storage.googleapis.com/traffy_public_bucket/attachment/2026-09/ad796ce64fcdafc6f67767d5cd71e83d.jpeg
2026-9YKZRK,inprogress,2026-09-25 18:21,2026-09-25 23:13,100.86298,13.80116,หนองจอก,ลำผักชี,เนื่องจากทางเข้าบ้านน้ำท่วม ต้องการกระสอบทราย สามารถเข้าไปรับได้ไหมค่ะ ความสูงระดับหน้าแข้ง น้ำท่วมมาแล้ว11 ชม.,https://storage.googleapis.com/traffy_public_bucket/attachment/2026-09/227ba7be100ba7276ffc6fe3d7702f91.jpeg
2026-PX93W6,finish,2026-09-25 18:21,2026-09-30 21:16,100.59084,13.80801,ลาดพร้าว,ลาดพร้าว,น้ำท่วมขัง ความสูงระดับข้อเท้า น้ำท่วมมาแล้วน้อยกว่า 3 ชั่วโมง,https://storage.googleapis.com/traffy_public_bucket/attachment/2026-09/135333d06e689b4028044058c9a392f7.jpeg
2026-BYHAV9,inprogress,2026-09-25 18:22,2026-09-26 14:12,100.63604,13.76912,บางกะปิ,คลองจั่น,น้ำท่วมขัง ซอยลาดพร้าว 134 ความสูงระดับเข่าครับ น้ำท่วมมาแล้วนานแล้วครับไม่ลดเลย,https://storage.googleapis.com/traffy_public_bucket/attachment/2026-09/9f46499513ba38d47ab9929838d5656d.jpeg
2026-PTGYZX,forward,2026-09-25 18:22,2026-09-29 19:04,100.56471,13.86033,หลักสี่,ทุ่งสองห้อง,น้ำท่วมขังสูง ความสูงระดับเกือบ60cm น้ำท่วมมาแล้วน้อยกว่า 1 วัน,https://storage.googleapis.com/traffy_public_bucket/attachment/2026-09/a7687122533c5584c9d73b261039804c.jpeg
2026-6BWYNN,inprogress,2026-09-25 18:23,2026-09-25 23:42,100.62301,13.76519,วังทองหลาง,พลับพลา,น้ำท่วมขังอย่างหนัก ความสูงระดับระดับ เข่า ครับ น้ำท่วมมาแล้วน้อยกว่า 1 วัน,https://storage.googleapis.com/traffy_public_bucket/attachment/2026-09/c350651ad8dccf9d524195f19b906487.jpeg
2026-6BWYNN,finish,2026-09-25 18:23,2026-10-07 01:00,100.62301,13.76519,วังทองหลาง,พลับพลา,น้ำท่วมขังอย่างหนัก ความสูงระดับระดับ เข่า ครับ น้ำท่วมมาแล้วน้อยกว่า 1 วัน,https://storage.googleapis.com/traffy_public_bucket/attachment/2026-09/c350651ad8dccf9d524195f19b906487.jpeg
2026-B9W82A,finish,2026-09-25 18:24,2026-09-29 17:20,100.55749,13.85628,หลักสี่,ทุ่งสองห้อง,น้ำท่วมซอยชินเขต (งามวงศ์วาน 47) หนักมากค่ะ น้ำ เริ่มซึมเข้าบ้านแล้วค่ะ 😭 ความสูงระดับ30 ซม ค่ะ น้ำท่วมมาแล้วน้อยกว่า 1 วัน,https://storage.googleapis.com/traffy_public_bucket/attachment/2026-09/ce4912361c914a4cc02a958a6b1c4775.jpeg
2026-U4H4D9,forward,2026-09-25 18:24,2026-09-26 21:04,100.55964,13.85004,จตุจักร,ลาดยาว,น้ำท่วมขังในซอยเข้าบ้านเรือนไม่มีการระบายช่วยเหลือ ความสูงระดับ60 cm. น้ำท่วมมาแล้วน้อยกว่า 3 ชั่วโมง,https://storage.googleapis.com/traffy_public_bucket/attachment/2026-09/d8671abe8d03500427495df736e4978c.jpeg
2026-8VCFD9,inprogress,2026-09-25 18:25,2026-09-25 23:45,100.62347,13.78231,วังทองหลาง,คลองเจ้าคุณสิงห์,ขอแจ้งปัญหาท่อระบายน้ำไม่สามารถระบายน้ำได้ บริเวณ 8/14 และ 8/17 ถนน/ซอย ลาดพร้าว 93 เขตวังทองหลาง แขวงคลองเจ้าคุณสิงห์ 10310 พบว่ามีน้ำขังเป็นจำนวนมาก เนื่องจากระบบท่อระบายน้ำบริเวณดังกล่าวไม่สามารถระบายน้ำออกได้ตามปกติ จากการสังเกตพบว่า ท่อบริเวณดังกล่า,https://storage.googleapis.com/traffy_public_bucket/attachment/2026-09/3dfc506f738f96842de53620a4dfd19e.jpeg
2026-8VCFD9,finish,2026-09-25 18:25,2026-10-07 00:59,100.62347,13.78231,วังทองหลาง,คลองเจ้าคุณสิงห์,ขอแจ้งปัญหาท่อระบายน้ำไม่สามารถระบายน้ำได้ บริเวณ 8/14 และ 8/17 ถนน/ซอย ลาดพร้าว 93 เขตวังทองหลาง แขวงคลองเจ้าคุณสิงห์ 10310 พบว่ามีน้ำขังเป็นจำนวนมาก เนื่องจากระบบท่อระบายน้ำบริเวณดังกล่าวไม่สามารถระบายน้ำออกได้ตามปกติ จากการสังเกตพบว่า ท่อบริเวณดังกล่า,https://storage.googleapis.com/traffy_public_bucket/attachment/2026-09/3dfc506f738f96842de53620a4dfd19e.jpeg
2026-2DHYHN,forward,2026-09-25 18:26,2026-09-30 14:48,100.6767,13.77842,สะพานสูง,สะพานสูง,งานขยายสะพานข้ามคลองสะพานสูงผู้รับเหมาไม่ได้ดำเนินการอย่างรอบคอบมีการเอากระสอบทรายมาปิดกั้นท่อน้ำทางเข้าหมู่บ้านทำให้น้ำท่วมขังในซอยหมู่บ้านขอให้มานำกระสอบทรายออกเป็นการด่วน ความสูงระดับครึ่งล้อขณะที่ด้านนอกหมู่บ้านไม่มีน้ำสูงเลย น้ำท่วมมาแล้วน้อยกว่า 1 ว,https://storage.googleapis.com/traffy_public_bucket/attachment/2026-09/7b94b2ae9cca492f72c5fb44a1947976.jpeg
2026-2DHYHN,finish,2026-09-25 18:26,2026-10-08 12:50,100.6767,13.77842,สะพานสูง,สะพานสูง,งานขยายสะพานข้ามคลองสะพานสูงผู้รับเหมาไม่ได้ดำเนินการอย่างรอบคอบมีการเอากระสอบทรายมาปิดกั้นท่อน้ำทางเข้าหมู่บ้านทำให้น้ำท่วมขังในซอยหมู่บ้านขอให้มานำกระสอบทรายออกเป็นการด่วน ความสูงระดับครึ่งล้อขณะที่ด้านนอกหมู่บ้านไม่มีน้ำสูงเลย น้ำท่วมมาแล้วน้อยกว่า 1 ว,https://storage.googleapis.com/traffy_public_bucket/attachment/2026-09/7b94b2ae9cca492f72c5fb44a1947976.jpeg
2026-6RD62U,finish,2026-09-25 18:26,2026-10-02 09:15,100.61957,13.69607,พระโขนง,บางจาก,ซอยปุณวิถี 33 น้ำจะเข้าบ้านแล้ว ทางเขตไม่ยอมเปิดเครื่องระบายน้ำ ช่วยประสานงานเขต ให้ระบายน้ำด้วย ความสูงระดับถนนหน้าบ้านเกิน 40 ซมแล้ว น้ำท่วมมาแล้วตอนนี้จะเข้าบ้าน,https://storage.googleapis.com/traffy_public_bucket/attachment/2026-09/c70498fb7fabbe55cc65287255ccd2ce.jpeg
2026-63W27X,inprogress,2026-09-25 18:27,2026-09-26 14:12,100.66019,13.77262,บางกะปิ,หัวหมาก,น้ำคลองแสนแสบไหลทะลักเข้าในซอยรามคำแหง 125 ความสูงระดับมากแล้วค่ะ น้ำท่วมมาแล้วน้อยกว่า 1 วัน,https://storage.googleapis.com/traffy_public_bucket/attachment/2026-09/e409499c62867bbbeeaafd80827623b6.jpeg
2026-ABGG8V,forward,2026-09-25 18:27,2026-09-26 21:05,100.5489,13.85029,จตุจักร,ลาดยาว,น้ำท่วมตั้งแต่เวลา 15:00 วันที่ 25 กันยายน 2569 ถึงปัจจุบัน ความสูงระดับระดับน้ำยังเพิ่มขึ้นต่อเนื่อง น้ำท่วมมาแล้ว4 ชม ได้แล้วครับ,https://storage.googleapis.com/traffy_public_bucket/attachment/2026-09/0bc393c47e7c3bd3fa9104777fc05710.jpeg
2026-BV6PP4,inprogress,2026-09-25 18:28,2026-09-30 10:28,100.71278,13.88319,คลองสามวา,สามวาตะวันตก,อยากให้หน่วยงานช่วยดำเนินการขุดลอกลำรางสาธารณะ ท้ายบริเวณหมู่บ้านพร้อมพัฒน์ เนื่องจากมีวัชพืชขึ้นปกคลุมลำรางเป็นจำนวนมาก ทำให้น้ำระบายได้ไม่ดี ระดับน้ำด้านนอกสูงกว่าในโครงการหมู่บ้าน ทำให้เกิดการระบายน้ำออกล่าช้าเป็นเหตุให้น้ำท่วมขังในหมู่บ้านหลายซอยม,https://storage.googleapis.com/traffy_public_bucket/attachment/2026-09/3a955b071424579641136872b03bccb2.jpeg
2026-4838ZR,finish,2026-09-25 18:29,2026-10-02 14:30,100.47305,13.75449,บางกอกน้อย,บ้านช่างหล่อ,น้ำท่วมขลัง เวลาฝนตกหนัก บริเวณใกล้วัดยางสุทธาราม อยากให้มีการลอกท่อ ไม่ก็หาแนวทางแก้ไขปัญหาระยะยาว เพราะเจอทุกครั้งที่ฝนตกหนักเลยคับ ความสูงระดับเกือบ15เส้นได้คับ ท่วมถึงหน้าแข้งคับ น้ำท่วมมาแล้วน้อยกว่า 3 ชั่วโมง,https://storage.googleapis.com/traffy_public_bucket/attachment/2026-09/76ad6dc310839723916fea2a4a314d0b.jpeg
2026-4KEJX9,inprogress,2026-09-25 18:29,2026-09-25 20:32,100.60027,13.70005,พระโขนง,บางจาก,น้ำท่วมสูง ต้องการเจ้าหน้าที่ มาดูและคอยแจ้งเตือน ผู้ใช้รถในซอย บางคนไม่ทราบ แล้วเข้าไปรถดับหลายคันแล้ว ความสูงระดับหน้าแข้ง น้ำท่วมมาแล้วน้อยกว่า 3 ชั่วโมง,https://storage.googleapis.com/traffy_public_bucket/attachment/2026-09/0289bb10cfb4b1b174fc83ba4e9ec6bb.jpeg
2026-4KEJX9,finish,2026-09-25 18:29,2026-10-07 08:52,100.60027,13.70005,พระโขนง,บางจาก,น้ำท่วมสูง ต้องการเจ้าหน้าที่ มาดูและคอยแจ้งเตือน ผู้ใช้รถในซอย บางคนไม่ทราบ แล้วเข้าไปรถดับหลายคันแล้ว ความสูงระดับหน้าแข้ง น้ำท่วมมาแล้วน้อยกว่า 3 ชั่วโมง,https://storage.googleapis.com/traffy_public_bucket/attachment/2026-09/0289bb10cfb4b1b174fc83ba4e9ec6bb.jpeg
2026-ATUHGZ,finish,2026-09-25 18:29,2026-09-27 16:02,100.46911,13.77516,บางกอกน้อย,บางขุนนนท์,จะรบกวนให้ดูดน้ำที่ซอยบางขุนนนท์ 20 ด้วยค่ะ น้ำรองรับน้ำฝนตกหนัก น้ำจะท่วมเข้าบ้านแล้วค่ะ ความสูงระดับข้อเท้า น้ำท่วมมาแล้วน้อยกว่า 3 ชั่วโมง,https://storage.googleapis.com/traffy_public_bucket/attachment/2026-09/f0310c9b61193abf85afa19244a11a5f.jpeg
2026-NW6TCU,finish,2026-09-25 18:29,2026-09-25 21:22,100.64797,13.66834,บางนา,บางนาเหนือ,น้ำท่วมในหมู่บ้านโครงการลุมพินีทาวน์เรสซิเดนซ์ศรีนครินทร์บางนาครับ ความสูงระดับเกือบถึงหัวเข่าครับ น้ำท่วมมาแล้วน้อยกว่า 3 ชั่วโมง,https://storage.googleapis.com/traffy_public_bucket/attachment/2026-09/1dd25b1f9eea45624e19bac917f3b048.jpeg
2026-BZ93GV,forward,2026-09-25 18:30,2026-09-25 18:52,100.60143,13.742,สวนหลวง,สวนหลวง,น้ำท่วมถนนรามคำแหง ความสูงระดับหน้าแข้ง น้ำท่วมมาแล้วน้อยกว่า 3 ชั่วโมง,https://storage.googleapis.com/traffy_public_bucket/attachment/2026-09/thumb_2f799221f132340c9ae07d418eefbb7e.jpg
2026-KZ6239,inprogress,2026-09-25 18:30,2026-09-26 14:12,100.61178,13.75679,บางกะปิ,หัวหมาก,น้ำท่วมสูงเข้าในตัวบ้าน ความสูงระดับฝรั่งคนในคลิปสูง 190 ซม.ครับ น้ำท่วมมาแล้วน้อยกว่า 1 วัน,https://storage.googleapis.com/traffy_public_bucket/attachment/2026-09/thumb_767829d7f1546d5c51cdec95cbbc0d10.jpg
2026-KZ6239,finish,2026-09-25 18:30,2026-10-06 09:14,100.61178,13.75679,บางกะปิ,หัวหมาก,น้ำท่วมสูงเข้าในตัวบ้าน ความสูงระดับฝรั่งคนในคลิปสูง 190 ซม.ครับ น้ำท่วมมาแล้วน้อยกว่า 1 วัน,https://storage.googleapis.com/traffy_public_bucket/attachment/2026-09/thumb_767829d7f1546d5c51cdec95cbbc0d10.jpg
2026-ZAF4JE,inprogress,2026-09-25 18:30,2026-09-26 10:02,100.73146,13.79538,มีนบุรี,มีนบุรี,น้ำท่วมขัง น้ำขึ้นสูงไว ความสูงระดับหัวเข่า น้ำท่วมมาแล้วน้อยกว่า 1 วัน,https://storage.googleapis.com/traffy_public_bucket/attachment/2026-09/42d907e589242d876e01fae170eedbcb.jpeg
2026-ZEZ4MA,inprogress,2026-09-25 18:30,2026-09-27 07:18,100.41971,13.66487,บางบอน,คลองบางบอน,เกิดน้ำท่วมขังในเคหะบางบอน ตั้งแต่ช่วงเที่ยง ความสูงระดับหัวเข่า น้ำท่วมมาแล้วน้อยกว่า 3 ชั่วโมง,https://storage.googleapis.com/traffy_public_bucket/attachment/2026-09/93d46a553a3fcfe16696441f6f3362fb.jpeg
2026-MFKKE9,start,2026-09-25 18:31,2026-09-25 20:50,100.72333,13.72425,ลาดกระบัง,ลาดกระบัง,น้ำท่วมในบ้านและถนน อยากให้ช่วยระบายน้ำหน่อยค่ะ เข้าใจนะค่ะว่าฝนตกแต่อยากให้เปิดประตูระบายน้ำวัดกระทุ่มเสือปลา คนอยู่ริมคลองเดือดร้อนค่ะ กระสอบทรายที่แจกมาก็ไม่ได้บรรเทาทุกข์เลย น้ำลึกขนาดนี้เดือดร้อนมากๆไม่เคยที่จะมีใครเขามาดูแลเลย ดูแลตัวเองมาตลอดค่ะ คว,https://storage.googleapis.com/traffy_public_bucket/attachment/2026-09/thumb_de925e67838932d49b12a1d83cd7688b.jpg
2026-4JXH39,inprogress,2026-09-25 18:32,2026-09-25 19:36,100.61043,13.87735,บางเขน,อนุสาวรีย์,น้ำท่วม พื้นบ้าน ต้องการให้ระบายน้ำ ความสูงระดับครึ่งน่อง น้ำท่วมมาแล้วน้อยกว่า 1 วัน,https://storage.googleapis.com/traffy_public_bucket/attachment/2026-09/3c1cad908a29b445cc5913fae8bb6eab.jpeg
2026-WELY92,inprogress,2026-09-25 18:32,2026-09-25 23:39,100.58899,13.80208,วังทองหลาง,สะพานสอง,น้ำท่วมขังนานกว่า 8 ชั่วโมง อยู่ติดริมคลองลาดพร้าวอยากให้ช่วยเร่งระบายน้ำ สถานที่ท่วมขังบริเวณแถววัดลาดพร้าว ความสูงระดับหน้าบ้านประมาณ 50-60 cm ในบ้านประมาณ 15-20 cm น้ำท่วมมาแล้วน้อยกว่า 1 วัน,https://storage.googleapis.com/traffy_public_bucket/attachment/2026-09/40441107503f2f8ffa62b5e0a9479bb8.jpeg
2026-WELY92,finish,2026-09-25 18:32,2026-10-07 00:56,100.58899,13.80208,วังทองหลาง,สะพานสอง,น้ำท่วมขังนานกว่า 8 ชั่วโมง อยู่ติดริมคลองลาดพร้าวอยากให้ช่วยเร่งระบายน้ำ สถานที่ท่วมขังบริเวณแถววัดลาดพร้าว ความสูงระดับหน้าบ้านประมาณ 50-60 cm ในบ้านประมาณ 15-20 cm น้ำท่วมมาแล้วน้อยกว่า 1 วัน,https://storage.googleapis.com/traffy_public_bucket/attachment/2026-09/40441107503f2f8ffa62b5e0a9479bb8.jpeg
2026-CJW6AP,finish,2026-09-25 18:33,2026-09-29 17:00,100.60407,13.70743,วัฒนา,พระโขนงเหนือ,ฝนตกแล้วมีน้ำท่วมขังภายในซอย ท่วมแค่บริเวณกลางซอย ปากซอยไม่มีการท่วมขัง ท้ายซอยติดคลองไม่ท่วมขัง (การท่วมเฉพาะเวลาฝนตกหนักและหรือเป็นเวลานาน) ความสูงระดับข้อเท้า น้ำท่วมมาแล้วน้อยกว่า 3 ชั่วโมง,https://storage.googleapis.com/traffy_public_bucket/attachment/2026-09/2eea84e0543801345356b85a6862758a.jpeg
2026-CZPHYZ,inprogress,2026-09-25 18:33,2026-09-25 18:53,100.73146,13.79538,มีนบุรี,มีนบุรี,น้ำท่วมขัง น้ำขึ้นไว สูงระดับหัวเข่า ละคืนนี้คาดว่าจะขึ้นอีก ความสูงระดับหัวเข่า น้ำท่วมมาแล้ว1 วัน,https://storage.googleapis.com/traffy_public_bucket/attachment/2026-09/c2d72b1282fb336fd46e88aa8c7fe11c.jpeg
2026-46KFRG,finish,2026-09-25 18:34,2026-09-30 21:12,100.62086,13.82762,ลาดพร้าว,ลาดพร้าว,น้ำท่วมขัง ความสูงระดับข้อเท้า น้ำท่วมมาแล้วน้อยกว่า 1 วัน,https://storage.googleapis.com/traffy_public_bucket/attachment/2026-09/41164ed025e2477a07c128f69947dc7c.jpeg
2026-HYXPWK,forward,2026-09-25 18:34,2026-09-26 21:06,100.58069,13.82118,จตุจักร,จันทรเกษม,น้ำท่วมอีกแล้ว ซอยเสือใหญ่ ท่วมแล้วท่วมอีก มาเปลี่ยนท่อ มาทำท่อใหม่ ลอกท่อแล้วลอกท่ออีก ก็ไม่เห็นดีขึ้นเลย ความสูงระดับหน้าแข้ง น้ำท่วมมาแล้วน้อยกว่า 3 ชั่วโมง,https://storage.googleapis.com/traffy_public_bucket/attachment/2026-09/02d39539172c14a1e1d96a51d2eda30b.jpeg
2026-G6FM3Z,inprogress,2026-09-25 18:35,2026-09-25 19:36,100.63066,13.86184,บางเขน,ท่าแร้ง,สวัสดีค่ะ ขอความช่วยเหลือได้ไหมคะ บ้านคุณยายได้รับผลกระทบจากการทำท่อน้ำให้น้ำไม่ท่วม ตรงรามอินทรา กม.4 พื้นถนนสูงกว่าบ้าน ทำให้ตอนนี้น้ำท่วมบ้านหนักมากๆเลยค่ะ ไม่รู้จะต้องทำยังไงแล้วเพราะถ้าฝนตกไม่เยอะก็ไม่ท่วมค่ะ แต่ช่วงนี้ฝนตกเยอะมากๆ น้ำระบายไม่ทัน มีเ,https://storage.googleapis.com/traffy_public_bucket/attachment/2026-09/efc53eef982189d587f0ac44d130da85.jpeg
2026-HTDKEG,inprogress,2026-09-25 18:36,2026-09-25 21:00,100.6955,13.75039,สะพานสูง,สะพานสูง,ตอนนี้โลเคชั่นตามพิกัดที่ส่งไปให้น้ำท่วมหนักมากค่ะกำลังจะเข้าบ้านค่ะ ความสูงระดับหน้าแข้ง น้ำท่วมมาแล้วน้อยกว่า 3 ชั่วโมง,https://storage.googleapis.com/traffy_public_bucket/attachment/2026-09/199c469412645f5ee3b38c561b2c9155.jpeg
2026-J4CNEX,inprogress,2026-09-25 18:36,2026-09-25 22:20,100.67297,13.73063,ประเวศ,ประเวศ,น้ำท่วมสูง ในซอยพัฒนาการ65 ไม่มีปั๊มน้ำระบายในซอย ความสูงระดับประมานหัวเข่าค่ะ น้ำท่วมมาแล้วน้อยกว่า 3 ชั่วโมง,https://storage.googleapis.com/traffy_public_bucket/attachment/2026-09/597d8d19845dc46cf6e29b5532797ac1.jpeg
2026-LU3JR8,inprogress,2026-09-25 18:36,2026-09-25 23:12,100.8138,13.81446,หนองจอก,ลำผักชี,สนใจกระสอบทรายคะ ตอนนี้น้ำใกลเจะท้วมบ้าน น้ำใกล้เข้าบ้านแล้ว สุวินทวงศ์17 อยู่ใกล้คลองลำนกแขวก ฝนตกต่อเนื่องทำให้น้ำมีจำนวนมาก ความสูงระดับประมาณถึงหัวเข่า น้ำท่วมมาแล้วน้อยกว่า 1 วัน,https://storage.googleapis.com/traffy_public_bucket/attachment/2026-09/938212fb0e98f1b3a7dac064f6e766a4.jpeg
2026-UT6LPY,finish,2026-09-25 18:36,2026-10-02 12:51,100.87098,13.85884,หนองจอก,หนองจอก,น้ำท่วมขัง ไม่มีทางระบายออก เสี่ยงอันตรายจากสัตว์เลื่อยคลาน ความสูงระดับในบ้าน ประมาณ 20 เซน ลานปูนหน้าบ้านยายประมาณ 30 เซ็นต์ ขณะนี้มีฝนตกลงมาเรื่อยๆมีแนวโน้มน้ำจะขึ้นสูงอีก น้ำท่วมมาแล้วในบ้านและหน้าบ้านเริ่มท่วมตั้งแต่เมื่อคืนค่ะแต่ก่อนหน้านี้น้ำเต็มบ่,https://storage.googleapis.com/traffy_public_bucket/attachment/2026-09/91b2a4afe0bbd9b7c60d30e7f8657141.jpeg
2026-C86JN7,finish,2026-09-25 18:37,2026-10-02 09:18,100.61969,13.69609,พระโขนง,บางจาก,น้ำจะเข้าบ้านแล้วละ เขตไม่ยอมมาเปิดเครื่องปั๊มน้ำให้ค่ะ ถ้าตกเรื่อยๆ เข้าบ้านแน่ค่ะ เพราะถนนด้านนอกท่วมหมดแล้ว 4 ชม.แล้วน้ำขึ้นเรื่อยๆค่ะ ความสูงระดับหัวเข่า น้ำท่วมมาแล้วน้อยกว่า 1 วัน,https://storage.googleapis.com/traffy_public_bucket/attachment/2026-09/d677c21ad124d4c1d5a9bce8b07be982.jpeg
2026-XP7VUR,inprogress,2026-09-25 18:37,2026-09-28 13:00,100.67943,13.83864,คันนายาว,คันนายาว,น้ำท่วมบ้านครับเดือดร้อน ความสูงระดับดูภาพซิครับเจ้านาย น้ำท่วมมาแล้ว6ชม.,https://storage.googleapis.com/traffy_public_bucket/attachment/2026-09/debbe87ea51d2688c82ac171f36bae45.jpeg
2026-MLVJUP,finish,2026-09-25 18:38,2026-09-30 10:33,100.59359,13.71773,วัฒนา,พระโขนงเหนือ,น้ำท่วมเข้าบ้านแล้ว ความสูงระดับจะถึงหัวเข่าแล้วค่ะ น้ำท่วมมาแล้วน้อยกว่า 3 ชั่วโมง,https://storage.googleapis.com/traffy_public_bucket/attachment/2026-09/cfa2be1d9586461d987aa2eceff70737.jpeg
2026-2V49MR,inprogress,2026-09-25 18:39,2026-09-25 22:20,100.68839,13.66947,ประเวศ,ดอกไม้,รบกวนช่วยด่วนครับ บางนา ม.รามคำแหง2 ถนนทุ่งเศรษฐี น้ำท่วมเข้าบ้านแล้วชั้นล่าง ห้องน้ำไม่สามารถใช้การได้เลย น้ำท่วมถึงระดับเอวแล้ว ความสูงระดับในบ้านเท่าเอวแล้วครับ น้ำท่วมมาแล้วตั้งแต่ช่วง12.00ครับ,https://storage.googleapis.com/traffy_public_bucket/attachment/2026-09/740f933769515d9c11ffe15f28034e1b.jpeg
2026-3W6DLX,inprogress,2026-09-25 18:39,2026-09-28 13:01,100.67789,13.84206,คันนายาว,คันนายาว,น้ำท่วมสูง ความสูงระดับหัวเข่า น้ำท่วมมาแล้วน้อยกว่า 1 วัน,https://storage.googleapis.com/traffy_public_bucket/attachment/2026-09/990ab992052f3ed3f04c906a8bf031c9.jpeg
2026-NB4ZUD,start,2026-09-25 18:39,2026-09-25 20:51,100.72587,13.76787,ลาดกระบัง,คลองสองต้นนุ่น,หนูมาแจ้งเรื่องค่ะ คือหมู่บ้านหนูน้ำจะท่วมถึงบ้านหนูแล้วค่ะ ไม่มีการระบายน้ำเลยตอนเช้าหนูจะไปสอบน้ำก็ท่วมพอกลับมาตอนบ่ายน้ำก็ยังท่วมเหมือนเดิมไม่เข้าใจว่าการระบาย น้ำมีปัญหาหรือเปล่าคะจนตอนนี้น้ำมันจะขึ้นถึงบ้านหนูแล้วค่ะ ความสูงระดับเลยข้อเท้า ค่ะ น้ำท่ว,https://storage.googleapis.com/traffy_public_bucket/attachment/2026-09/thumb_2fb424d52bd28e1e0faa1b314bbf552c.jpg
2026-NEUYF3,inprogress,2026-09-25 18:39,2026-09-25 21:01,100.69543,13.75056,สะพานสูง,สะพานสูง,พิกัดตามโลเคชั่นที่ส่งไปให้น้ำท่วมหนักมากค่ะกำลังจะเข้าบ้านรบกวนประสานงานสูบน้ำอย่างเร่งด่วนค่ะ ความสูงระดับหน้าแข้ง น้ำท่วมมาแล้วน้อยกว่า 3 ชั่วโมง,https://storage.googleapis.com/traffy_public_bucket/attachment/2026-09/5d5645100c705d6c38416ce28d06dcfe.jpeg
2026-V77V7X,forward,2026-09-25 18:39,2026-09-26 21:08,100.58778,13.81317,จตุจักร,จันทรเกษม,พื้นที่ลุ่มต่ำติดคลอง ตอนนี้ในหมู่บ้านศุภาลัยวิล รัชดา 32 น้ำท่วมรบกวน ขอเครื่องสูบน้ำระบายน้ำหน่อยค่ะ หรือกระสอบทรายก็ได้ 🙏 ความสูงระดับหน้าแข้ง น้ำท่วมมาแล้วน้อยกว่า 1 วัน,https://storage.googleapis.com/traffy_public_bucket/attachment/2026-09/428f69e512365d3e3fcfb89f8b03a5b0.jpeg
2026-WDMFAE,forward,2026-09-25 18:39,2026-09-28 16:20,100.66472,13.88889,สายไหม,ออเงิน,น้ำท่วมขังมาสองวันแล้วค่ะ สูงเท่าเข่าค่ะ จะเข้าตัวบ้านแล้วค่ะ ความสูงระดับหัวเข่า น้ำท่วมมาแล้วน้อยกว่า 1 วัน,https://storage.googleapis.com/traffy_public_bucket/attachment/2026-09/be5812a73a2f7722bf30c2cda055629a.jpeg
2026-7X6EY9,finish,2026-09-25 18:40,2026-09-25 21:22,100.63534,13.66912,บางนา,บางนาเหนือ,น้ำท่วม ความสูงระดับหน้าแข้ง น้ำท่วมมาแล้วน้อยกว่า 3 ชั่วโมง,https://storage.googleapis.com/traffy_public_bucket/attachment/2026-09/9160f4635580015998017b44628aec79.jpeg
2026-FG8D3V,start,2026-09-25 18:41,2026-09-25 20:53,100.7563,13.72293,ลาดกระบัง,ลาดกระบัง,ซอยลาดกระบัง 7 น้ำท่วมสูงมากกำลังจะเข้าบ้านแล้วค่ะช่วยหาทางระบายน้ำออกจากประตูระบายน้ำลาดกระบังด้วย ความสูงระดับหน้าซอยเกือบเมตรแล้วค่ะกำลังจะเข้าบ้าน น้ำท่วมมาแล้วตั้งแต่เมื่อคืนเพราะคุณมัวแต่การพื้นที่ชั้นในแล้วทิ้งให้คนพื้นที่รอบรอบ,https://storage.googleapis.com/traffy_public_bucket/attachment/2026-09/93e3e41523eef3bdff8634335e3dd684.jpeg
2026-K34784,forward,2026-09-25 18:41,2026-10-05 16:55,100.68612,13.84575,คลองสามวา,บางชัน,น้ำท่วมสูง ความสูงระดับหัวเข่า น้ำท่วมมาแล้วน้อยกว่า 3 ชั่วโมง,https://storage.googleapis.com/traffy_public_bucket/attachment/2026-09/98f1cff9b30b3dbe8e4bf46b6a99b346.jpeg
2026-CG2CNX,finish,2026-09-25 18:42,2026-10-01 15:58,100.33593,13.6928,หนองแขม,หนองค้างพลู,น้ำท่วมสูงถึงเข่า ความสูงระดับหัวเข่า น้ำท่วมมาแล้วน้อยกว่า 1 วัน,https://storage.googleapis.com/traffy_public_bucket/attachment/2026-09/4ddb89a27ebebd6dfe44fa80c3562494.jpeg
2026-MC7WWG,start,2026-09-25 18:43,2026-09-25 20:59,100.73595,13.72015,ลาดกระบัง,ลาดกระบัง,น้ำท่วมขังสูงเกิน 50 เซ็นต์แล้วค่ะน้ำเข้าบ้านบ้านสูงกว่าพื้นถนน 50 เซนต์ ความสูงระดับ50cm น้ำท่วมมาแล้วน้อยกว่า 1 วัน,https://storage.googleapis.com/traffy_public_bucket/attachment/2026-09/10900f6b499a36e4e0ad3f274bda2508.jpeg
2026-W8PPW3,forward,2026-09-25 18:43,2026-09-26 22:17,100.69776,13.73721,สะพานสูง,สะพานสูง,กรุณาพร่องน้ำคลองทับช้างให้ด่วน น้ำเข้าบ้าน ห้องน้ำใช้ไม่ได้ ได้รับความลำบาก ควรเตรียมการตั้งแต่เริ่มเข้าหน้าฝน หรือก่อนหน้าฝน ไม่ใช่รอให้ฝนตกหนัก ก็ยังไม่ทำอะไร เป็นผู้บริหาร ควรป้องกันปัญหาที่เคยเกิดแล้ว ไม่ให้เกิดขึ้นอีก ไม่ใช่ปล่อยให้ประชาชนเดือดร้อนซ,https://storage.googleapis.com/traffy_public_bucket/attachment/2026-09/e54e42275b999131827f1633d88ee79f.jpeg
2026-2AXJBC,inprogress,2026-09-25 18:44,2026-09-25 22:22,100.66846,13.73401,ประเวศ,ประเวศ,น้ำท่วมสูงไม่หยุด ตอนนี้ท่วมไปถึงหัวเข่าแล้ว ความสูงระดับหัวเข่า น้ำท่วมมาแล้วน้อยกว่า 1 วัน,https://storage.googleapis.com/traffy_public_bucket/attachment/2026-09/7065d1ba9363b5052186493f09375761.jpeg
2026-EBVNNM,forward,2026-09-25 18:44,2026-09-25 18:52,100.63362,13.71592,สวนหลวง,สวนหลวง,น้ำท่วม เข้าบ้านแล้ว ชุมชนคลองจวน ริมคลองพระโขนง ช่วงเร่งระบายน้ำด่วนๆ ด้วยครับ ตั้งแต่เมื่อคืน ขึ้นมาตลอด ต่อเนื่องเลย ความสูงระดับหัวเข่า น้ำท่วมมาแล้วน้อยกว่า 1 สัปดาห์,https://storage.googleapis.com/traffy_public_bucket/attachment/2026-09/88bfd1967994fef12c8f397bf6e76619.jpeg
2026-NDADC2,follow,2026-09-25 18:44,2026-10-03 08:30,100.71029,13.7017,ประเวศ,ประเวศ,ขอให้รับเรื่องเป็นปัญหาโครงสร้างการระบายน้ำภายหลังยกระดับถนน ไม่ใช่แค่แจ้งน้ำท่วมชั่วคราว กรณี พื้นที่บริเวณบ้านของข้าพเจ้าอยู่ในจุดค่อนข้างต่ำของซอย เดิมแม้มีฝนตกหนักก็ไม่เคยเกิดน้ำท่วมในระดับรุนแรงเช่นปัจจุบัน แต่ภายหลังมีการปรับปรุงหรือยกระดับถนนบริเวณ,https://storage.googleapis.com/traffy_public_bucket/attachment/2026-09/310447fde255111e4bc68c3095efc337.jpeg
2026-VTZHFJ,forward,2026-09-25 18:44,2026-09-25 19:10,100.64607,13.79239,บึงกุ่ม,นวมินทร์,น้ำท่วมหนักมากช่วยระบายทีค่ะ ความสูงระดับเกินครึ่งแข้งเกือบเข่าค่ะ น้ำท่วมมาแล้ว5ชม.ค่ะ,https://storage.googleapis.com/traffy_public_bucket/attachment/2026-09/ba902c5bdf7301ba4a0b819f6c29bf63.jpeg
2026-9CRZD7,finish,2026-09-25 18:45,2026-09-29 17:22,100.54969,13.8522,หลักสี่,ทุ่งสองห้อง,น้ำท่วมสูงในซอยงามวงศ์วาน32 ท้ายซอย ใกล้กับคลองลาดยาว อยากให้ช่วยเร่งสูบน้ำครับ ความสูงระดับตัวบ้านสูงกว่าถนนอยู่แระมาณ 25-30ซม น้ำท่วมมาแล้วตั้งแต่เช้าแล้วคับ,https://storage.googleapis.com/traffy_public_bucket/attachment/2026-09/d937b503914c32689296503d914ffe28.jpeg
2026-KJE2U2,finish,2026-09-25 18:45,2026-09-29 15:37,100.52956,13.82327,บางซื่อ,วงศ์สว่าง,นัำท่วมซอยกรุงเทพ-นนทบุรี 31 อยู่ตอนนี้ บางช่วงลึก อยากให้ช่วยเร่งระบาย และเร่งแก้ไขปัญหาในระยะยาวให้ด้วย ความสูงระดับอันนี้ในรั้วบ้าน น้ำท่วมมาแล้วตั้งแต่เมื่อเช้า,https://storage.googleapis.com/traffy_public_bucket/attachment/2026-09/77ca79fd928ad235c89173c06ac8b883.jpeg
2026-NFYDEB,inprogress,2026-09-25 18:45,2026-09-25 18:53,100.71712,13.78694,มีนบุรี,มีนบุรี,น้ำท่วมหมู่บ้านบัวขาวซอย 70 แล้วขอความอนุเคราะห์ช่วยเหลือด่วนครับวิดน้ำไม่ใหวแล้วครับลูกหลานเดือดร้อนกันหมดแล้วครับท่านชัชชาติช่วยประชาชนของท่านด้วยค่บ ความสูงระดับน้ำสูง 7 นิ้วแล้วครับท่วมข้อเท้าแล้วฝนก็ยังตกไม่หยุดเลยครับ น้ำท่วมมาแล้วน้อยกว่า 3 ชั่วโมง,https://storage.googleapis.com/traffy_public_bucket/attachment/2026-09/7a6951ca8876c3c708afb03016be7c85.jpg
2026-J4BKBB,finish,2026-09-25 18:46,2026-09-30 21:11,100.60871,13.83941,ลาดพร้าว,จรเข้บัว,น้ำท่วม ความสูงระดับหน้าแข้ง น้ำท่วมมาแล้วน้อยกว่า 1 วัน,https://storage.googleapis.com/traffy_public_bucket/attachment/2026-09/17c59e28857accf7e598b85ea1ac2894.jpeg
2026-4TG9AT,inprogress,2026-09-25 18:47,2026-09-25 20:42,100.60501,13.69101,พระโขนง,บางจาก,น้ำท่วมลึก เข้าบ้าน ความสูงระดับหัวเข่า น้ำท่วมมาแล้วน้อยกว่า 3 ชั่วโมง,https://storage.googleapis.com/traffy_public_bucket/attachment/2026-09/9eeb1bb7f3c99739ffe5256bfcc5bcd2.jpeg
2026-4TG9AT,finish,2026-09-25 18:47,2026-10-07 09:24,100.60501,13.69101,พระโขนง,บางจาก,น้ำท่วมลึก เข้าบ้าน ความสูงระดับหัวเข่า น้ำท่วมมาแล้วน้อยกว่า 3 ชั่วโมง,https://storage.googleapis.com/traffy_public_bucket/attachment/2026-09/9eeb1bb7f3c99739ffe5256bfcc5bcd2.jpeg
2026-66MXCJ,inprogress,2026-09-25 18:47,2026-09-30 11:06,100.60616,13.94572,ดอนเมือง,สีกัน,น้ำเอ่อเข้าบ้านจากคลองเปรมประชากร ความสูงระดับข้อเท้า น้ำท่วมมาแล้วน้อยกว่า 3 ชั่วโมง,https://storage.googleapis.com/traffy_public_bucket/attachment/2026-09/237cb15139f9e058ec6c07506ba7944d.jpeg
2026-8NTGMB,inprogress,2026-09-25 18:47,2026-09-25 19:37,100.64082,13.86153,บางเขน,ท่าแร้ง,น้ำท่วมสูง มาก ไหลเข้าบ้าน ไม่สามารถดำเนินชีวิตได้ เลย แย่สุดๆ ความสูงระดับหัวเข่า น้ำท่วมมาแล้วน้อยกว่า 1 วัน,https://storage.googleapis.com/traffy_public_bucket/attachment/2026-09/039b15c3d1d794098e4f29404a045d68.jpeg
2026-NVJYDB,forward,2026-09-25 18:47,2026-09-26 21:09,100.58215,13.85686,จตุจักร,ลาดยาว,น้ำท่วมขัง ซอยพหล47 แยก12 ความสูงระดับสูงประมาณ 15 ซม น้ำท่วมมาแล้วท่วมตั้งแต่ช่วงเย็นแล้ว ครับ,https://storage.googleapis.com/traffy_public_bucket/attachment/2026-09/5fb8a6a66c249525a42b170c08a02a48.jpeg
2026-GY94C9,inprogress,2026-09-25 18:48,2026-09-25 19:37,100.58765,13.86691,บางเขน,อนุสาวรีย์,ต้องการแจ้งน้ำท่วมบ้าน ความสูงระดับในตัวบ้าน เริ่มข้อเท้าแล้วครับ น้ำท่วมมาแล้วน้อยกว่า 3 ชั่วโมง,https://storage.googleapis.com/traffy_public_bucket/attachment/2026-09/1398690933698643ffbe06520e7a7734.jpeg
2026-ZEU82T,inprogress,2026-09-25 18:48,2026-09-25 23:39,100.62857,13.77802,วังทองหลาง,คลองเจ้าคุณสิงห์,น้ำท่วมรอบๆ บริษัทค่ะ นำรถออกไม่ได้ โซนหมู่บ้าน น้ำล้อมบริษัท ลาดพร้าว101 แยก 3-5 ค่ะ ความสูงระดับประมาณ40ซม น้ำท่วมมาแล้วตั้งแต่8โมงค่ะ,https://storage.googleapis.com/traffy_public_bucket/attachment/2026-09/69159f9349c334bcb4bacb6572aa8a05.jpeg
2026-ZEU82T,finish,2026-09-25 18:48,2026-10-07 00:57,100.62857,13.77802,วังทองหลาง,คลองเจ้าคุณสิงห์,น้ำท่วมรอบๆ บริษัทค่ะ นำรถออกไม่ได้ โซนหมู่บ้าน น้ำล้อมบริษัท ลาดพร้าว101 แยก 3-5 ค่ะ ความสูงระดับประมาณ40ซม น้ำท่วมมาแล้วตั้งแต่8โมงค่ะ,https://storage.googleapis.com/traffy_public_bucket/attachment/2026-09/69159f9349c334bcb4bacb6572aa8a05.jpeg
2026-2DBN7Z,finish,2026-09-25 18:50,2026-10-05 10:17,100.60779,13.70419,พระโขนง,บางจาก,ฝนตกหนักวันนี้ทำให้น้ำท่วมในซอยสุขุมวิท 85 ความสูงระดับน่าจะครึ่งล้อรถค่ะ น้ำท่วมมาแล้วน้อยกว่า 3 ชั่วโมง,https://storage.googleapis.com/traffy_public_bucket/attachment/2026-09/dbfdfa3f6b78a2b685c984244b6783a5.jpeg
2026-NA7BHR,finish,2026-09-25 18:50,2026-09-28 10:46,100.54065,13.69168,ยานนาวา,ช่องนนทรี,ตอนนี้ในซอยเกิดน้ำท่วมขังตั้งแต่บ่ายน้ำยังไม่ลดเลยค่ะ ทั้งๆทีข้างนอกน้ำลดหมดแล้ว ความสูงระดับข้อเท้า น้ำท่วมมาแล้วน้อยกว่า 3 ชั่วโมง,https://storage.googleapis.com/traffy_public_bucket/attachment/2026-09/01b7e3561b16536883495f5bbf247d61.jpeg
2026-2PX3FW,finish,2026-09-25 18:51,2026-10-05 10:25,100.65208,13.77284,บางกะปิ,คลองจั่น,ในพื้นที่บางกะปิแฟลตคลองจั่น 80 น้ำท่วมถนนแล้วน้ำได้เอ่ยเข้ามาในร้านอยากได้กระสอบทรายมากั้นน้ำครับ ความสูงระดับหน้าแข้ง น้ำท่วมมาแล้วน้อยกว่า 3 ชั่วโมง,https://storage.googleapis.com/traffy_public_bucket/attachment/2026-09/5fd1a5cda9c847f5cd1f212c9c732bf7.jpeg
2026-EDJVMX,inprogress,2026-09-25 18:51,2026-09-25 22:23,100.68658,13.67608,ประเวศ,ดอกไม้,น้ำท่วมขังในหมู่บ้านครับ อยากให้มีการติดตั้งปั๊มเพื่อระบายน้ำครับ ความสูงระดับหน้าแข้ง น้ำท่วมมาแล้วน้อยกว่า 3 ชั่วโมง,https://storage.googleapis.com/traffy_public_bucket/attachment/2026-09/b0131e4093d1adf7833f62fd2b7ebce7.jpeg
2026-NR2C8H,inprogress,2026-09-25 18:51,2026-09-25 22:24,100.69525,13.72645,ประเวศ,ประเวศ,เขตประเวศ ขอให้ช่วยผันน้ำได้ไหมคะ ตอนนี้ในหมู่บ้านซอยเฉลิมพระเกียรติ 87 หลายหมู่บ้านโดยเฉพาะThe Connect 15 OnNut ทุกซอยของหมู่บ้าน น้ำท่วมสูงมากค่ะ ประมาณ 60-70 ซม. เข้ารถแล้วค่ะ ความสูงระดับ60-70 ซม. น้ำท่วมมาแล้วมากกว่า 3 ชั่วโมง,https://storage.googleapis.com/traffy_public_bucket/attachment/2026-09/76c3bf17eec0ec56f5b7f480afc0f33c.jpeg
2026-W2JJFJ,inprogress,2026-09-25 18:51,2026-09-25 19:38,100.60709,13.88985,บางเขน,อนุสาวรีย์,ต้องการความช่วยเหลือในการเร่งระบายน้ำที่รอระบาย บนถนนเทพรัก อย่างเร่งด่วน เนื่องจากมีโอกาสจะทะลักเข้าคอนโดเหมือนในปีที่ผ่านมาตั้งแต่มีการสร้างสะพานตรงนี้เมื่อฝนตกหนักน้ำระบายไม่ดีและขณะนี้มีปริมาณสูงขึ้นจำนวนมากหากไหลเข้าพื้นที่ใต้ดินของคอนโดอีกจะส่งผลเสี,https://storage.googleapis.com/traffy_public_bucket/attachment/2026-09/0ce3a4eedb7ccc6c69136124ceab2462.jpeg
2026-W2JJFJ,finish,2026-09-25 18:51,2026-10-07 11:19,100.60709,13.88985,บางเขน,อนุสาวรีย์,ต้องการความช่วยเหลือในการเร่งระบายน้ำที่รอระบาย บนถนนเทพรัก อย่างเร่งด่วน เนื่องจากมีโอกาสจะทะลักเข้าคอนโดเหมือนในปีที่ผ่านมาตั้งแต่มีการสร้างสะพานตรงนี้เมื่อฝนตกหนักน้ำระบายไม่ดีและขณะนี้มีปริมาณสูงขึ้นจำนวนมากหากไหลเข้าพื้นที่ใต้ดินของคอนโดอีกจะส่งผลเสี,https://storage.googleapis.com/traffy_public_bucket/attachment/2026-09/0ce3a4eedb7ccc6c69136124ceab2462.jpeg
2026-AUKFTU,inprogress,2026-09-25 18:52,2026-09-27 13:54,100.57053,13.75508,ห้วยขวาง,ห้วยขวาง,นํ้าท่วมบ้าน รอระบาย ถึงห้องนอนแล้วครับ บ้านตำ่อยุ่ ความสูงระดับหัวเข่า น้ำท่วมมาแล้วน้อยกว่า 1 วัน,https://storage.googleapis.com/traffy_public_bucket/attachment/2026-09/81a4d8d05d89bdf545b7f03140219b8f.jpeg
2026-NFE3RB,forward,2026-09-25 18:52,2026-09-26 11:01,100.55096,13.83898,จตุจักร,ลาดยาว,น้ำขังถนนหลักหน้าบองมาร์เช่ ประมาณฟุตบาท รถสัญจรลำบาก ค่อนข้างติดขัด ส่งผลถึงวิภาวดี ความสูงระดับหน้าบองจะประมาณฟุตบาทค่ะ น้ำท่วมมาแล้วเลนริมซ้ายสุดวิ่งไม่ได้,https://storage.googleapis.com/traffy_public_bucket/attachment/2026-09/2100ca803a3ec65c0908883397b87c77.jpeg
2026-N64ERV,inprogress,2026-09-25 18:53,2026-09-25 19:38,100.64082,13.86153,บางเขน,ท่าแร้ง,น้ำท่วมคลองหลังวัดศิริพงษ์ฯ แขวงที่แร้ง เขตบางเขน ระบายไม่ได้ไหลเข้าบ้านจนท่วมสูงมาก ดำเนินชีวิตไม่ได้ หมดหวัง ท้อแท้ หมดหนทาง ว่าจะทำยังไง ความสูงระดับหน้าแข้ง น้ำท่วมมาแล้วน้อยกว่า 1 วัน,https://storage.googleapis.com/traffy_public_bucket/attachment/2026-09/thumb_c202a7112ab7b2159db1c249de786e46.jpg
2026-A7KZUC,forward,2026-09-25 18:56,2026-09-30 13:23,100.83789,13.84497,หนองจอก,โคกแฝด,อยากได้กระสอบทรายค่ะ บ้านน้ำท่วมขังจะขึ้นบ้านแล้วค่ะ ความสูงระดับหน้าแข้ง น้ำท่วมมาแล้วน้อยกว่า 1 วัน,https://storage.googleapis.com/traffy_public_bucket/attachment/2026-09/thumb_e5e73a033955a58129ec9f8fcf3ba656.jpg
2026-A7KZUC,follow,2026-09-25 18:56,2026-09-30 13:23,100.83789,13.84497,หนองจอก,โคกแฝด,อยากได้กระสอบทรายค่ะ บ้านน้ำท่วมขังจะขึ้นบ้านแล้วค่ะ ความสูงระดับหน้าแข้ง น้ำท่วมมาแล้วน้อยกว่า 1 วัน,https://storage.googleapis.com/traffy_public_bucket/attachment/2026-09/thumb_e5e73a033955a58129ec9f8fcf3ba656.jpg
2026-MHUG9M,finish,2026-09-25 18:57,2026-10-05 15:31,100.43719,13.65149,บางขุนเทียน,แสมดำ,แจ้งน้ำท่วม ซ.ท่าข้าม 8 เนื่องจากเป็นซอยที่ยังไม่ได้ทำการยกถนน ซอยอื่นๆ ยกเกือบหมดแล้วครับ ความสูงระดับครึ่งล้อได้ครับ น้ำท่วมมาแล้วไม่แน่ใจครับ ผมเพิ่งกลับเข้าบ้าน ช่วง 18.00น ครับ,https://storage.googleapis.com/traffy_public_bucket/attachment/2026-09/42b8c3b0821a40f7f0bf26d6240ad857.jpeg
2026-XXXU9Y,follow,2026-09-25 18:57,2026-10-03 18:05,100.61574,13.8755,บางเขน,อนุสาวรีย์,น้ำท่วมขัง ความสูงระดับหน้าแข้ง น้ำท่วมมาแล้วน้อยกว่า 3 ชั่วโมง,https://storage.googleapis.com/traffy_public_bucket/attachment/2026-09/8601fbf40e2d6659efeb326c3cf481df.jpeg
2026-D8FWP7,finish,2026-09-25 18:58,2026-10-01 15:50,100.53713,13.80808,บางซื่อ,บางซื่อ,น้ำขึ้นมาเกิน 30 cm.แล้ว ยังไม่มีการดำเนินงานใดๆจากเจ้าหน้าที่เลย ความสูงระดับประมาณ 30-35 cm. น้ำท่วมมาแล้วเกิน 5 ชม.แล้ว,https://storage.googleapis.com/traffy_public_bucket/attachment/2026-09/thumb_05c95f5e20ce6977bb1ca5ded9e7cd61.jpg
2026-J3PN98,finish,2026-09-25 18:58,2026-09-29 11:14,100.39928,13.74654,บางแค,บางไผ่,ฝนตกเมื่อไหร่ น้ำท่วมทุกครั้ง เพราะถนนในซอย ต่ำกว่าซอยอื่นมาก และต่ำกว่าถนนใหญ่มากๆ ซอยอื่นได้งยกถนนแล้ว ทำไมซอยนี้ถึงยังค้างอยู่ เป็นปัญหามากน้ำท่วมตลอด ความสูงระดับหน้าแข้ง น้ำท่วมมาแล้วน้อยกว่า 1 วัน,https://storage.googleapis.com/traffy_public_bucket/attachment/2026-09/9f01a40fc0b23faa3c1e44cb8ff24e28.jpeg
2026-X6BRZZ,inprogress,2026-09-25 18:58,2026-10-02 13:19,100.37238,13.72471,บางแค,บางแคเหนือ,แจ้งน้ำท่วมขังซ้ำซาก ที่จุดดังกล่าว เนื่องจากมีการต่อเติมซ่อมบ้าน แล้วปล่อยให้มีทรายไหลไปอุดตันท่อระบายน้ำทำให้เวลาฝนตก น้ำจึงท่วมขังในซอยตลอด ขอให้ทางกทม.ช่วยมาลอกท่อที่ตันให้น้ำฝนไม่ท่วมขังด้วยครับ ความสูงระดับ20ซม.ครับ น้ำท่วมมาแล้วเป็นปีแล้วครับ,https://storage.googleapis.com/traffy_public_bucket/attachment/2026-09/a01f0bd1e61ce34999921e604b2fb0e0.jpeg
2026-ZTC88W,inprogress,2026-09-25 18:58,2026-09-25 23:30,100.59545,13.77886,วังทองหลาง,วังทองหลาง,น้ำท่วมหมู่บ้านซิตี้ทาวนโฮม ลาดพร้าว80แยก26 ความสูงระดับหน้าแข้ง น้ำท่วมมาแล้วน้อยกว่า 3 ชั่วโมง,https://storage.googleapis.com/traffy_public_bucket/attachment/2026-09/6073e239f545f3e40aa56a88d7c44e09.jpeg
2026-ZTC88W,finish,2026-09-25 18:58,2026-10-07 00:55,100.59545,13.77886,วังทองหลาง,วังทองหลาง,น้ำท่วมหมู่บ้านซิตี้ทาวนโฮม ลาดพร้าว80แยก26 ความสูงระดับหน้าแข้ง น้ำท่วมมาแล้วน้อยกว่า 3 ชั่วโมง,https://storage.googleapis.com/traffy_public_bucket/attachment/2026-09/6073e239f545f3e40aa56a88d7c44e09.jpeg
2026-7N6762,inprogress,2026-09-25 18:59,2026-09-26 10:02,100.71716,13.78704,มีนบุรี,มีนบุรี,น้ำท่วมหน้าบ้านแล้วครับช่วยด้วยครับท่าน ความสูงระดับประมาณ 25 Cm.ครับท่าน น้ำท่วมมาแล้วประมาณ 3ชม.แล้วตอนนี้ฝนก็ตกพรำๆตล ดเลย,https://storage.googleapis.com/traffy_public_bucket/attachment/2026-09/fc4514b53155029a219590d1ae297774.jpeg
2026-KC684B,inprogress,2026-09-25 18:59,2026-09-26 14:13,100.65616,13.76193,บางกะปิ,หัวหมาก,ปัญหา: ภายในซอยดังกล่าว บริเวณริมคลองวัดสีบุญเรือง พบระดับน้ำในคลองเพิ่มสูงขึ้น ขอให้หน่วยงานที่เกี่ยวข้องเร่งดำเนินการทดน้ำและสูบน้ำออก เพื่อบรรเทาปัญหาระดับน้ำในพื้นที่ดังกล่าว ซอย: รามคำแหง 64/2 ถนน: รามคำแหง เขต: บางกะปิ #1555,https://storage.googleapis.com/traffy_public_bucket/attachment/2022-12/da2125e781282589d482070c3dba1726aa16a4a7.jpg
2026-XRZFC9,forward,2026-09-25 18:59,2026-09-28 16:19,100.68387,13.89041,สายไหม,ออเงิน,น้ำท่วม เคหะวัชรพล3 ซอยจตุโชติ20 400 หลังคาเรือน เกือบ1เมตร ความสูงระดับ1 เมตรในซอย ถนนหลัก 70-80 เซ็นครับ น้ำท่วมมาแล้วตั้งแต่เมื่อวาน 4 ทุ่มครับ,https://storage.googleapis.com/traffy_public_bucket/attachment/2026-09/3682971b737efa33890b299228bfc7d9.jpeg
2026-7KZYUM,inprogress,2026-09-25 19:00,2026-09-26 10:01,100.73515,13.79395,มีนบุรี,มีนบุรี,25 กันยายน 2569 เวลา 18.00 น. พบปริมาณในท่อระบายน้ำมีปริมาณมาก และมีพื้นที่ช่องว่างในท่อระบายน้ำอีก 10 cm. จะเท่ากับพื้นถนนและมีโอกาสสูงมากที่จะท่วมเข้าบ้านเรือน จึงขอให้ประสานงานช่วยสูบน้ำในคลองสองเพื่อระบายน้ำออก เพื่อเพิ่มพื้นที่ว่างในท่อระบายน้ำให้มา,https://storage.googleapis.com/traffy_public_bucket/attachment/2026-09/d998678e0fdeb632c8b225090c6f4550.jpeg
2026-Z234NT,inprogress,2026-09-25 19:00,2026-09-26 10:01,100.71382,13.8205,มีนบุรี,มีนบุรี,น้ำท่วมถนน ความสูงระดับประมาณ30ซม. น้ำท่วมมาแล้วตั้งแต่ประมาณ16.00,https://storage.googleapis.com/traffy_public_bucket/attachment/2026-09/625f025a73fb8c7c769324a9fe58756d.jpeg
2026-BYBYW8,finish,2026-09-25 19:01,2026-10-02 09:19,100.61847,13.69665,พระโขนง,บางจาก,อยากให้มาระบายน้ำในซอยออก เพราะมี เครื่องสูบน้ำอยู่ท้ายซอยเคยมีเจ้าหน้าที่เข้ามาเปิดระบายลง คลองท้ายซอย แต่ตอนนี้ยังไม่มีเจ้าหน้าที่มาดูเลยค่ะ ความสูงระดับจากพื้รถนน น่าจะ เกือบ 1.5เมตรค่ะ น้ำท่วมมาแล้วตั้งแต่เมื่อวานค่ะช่วงเยนๆ,https://storage.googleapis.com/traffy_public_bucket/attachment/2026-09/410520a7c85fc6c42e157e837e7ead0c.jpeg
2026-RFRDVZ,finish,2026-09-25 19:01,2026-09-29 17:18,100.57551,13.89814,หลักสี่,ทุ่งสองห้อง,น้ำท่วมสูงมาก ในซอยธนาลักษณ์ต่อเนื่องไปถึงช่วงซอยแจ้งวัฒนะ 10 หน้าหมู่บ้านชวนชื่นบางเขน ค่ะ รถยนต์เข้าซอยแทบไม่ได้แล้วค่ะ ความสูงระดับหัวเข่า น้ำท่วมมาแล้ว1 วัน,https://storage.googleapis.com/traffy_public_bucket/attachment/2026-09/56b6d8a8dbe3bc495bd7e8cb5b977154.jpeg
2026-4Z48RU,forward,2026-09-25 19:02,2026-10-05 16:55,100.70035,13.83281,คลองสามวา,บางชัน,น้ำท่วม ความสูงระดับข้อเท้า น้ำท่วมมาแล้วน้อยกว่า 1 วัน,https://storage.googleapis.com/traffy_public_bucket/attachment/2026-09/3a7db8c0f941f0e2dd69b1530e067410.jpeg
2026-Y6PYJJ,inprogress,2026-09-25 19:02,2026-09-25 19:39,100.6406,13.85956,บางเขน,ท่าแร้ง,ปัญหาฝนตกหนัก น้ำท่วมคลองลำไผ่หนักมาก ล้นตลิ่งทำให้ชาวบ้านเดือดร้อนขอให้ช่วยระบายน้ำด่วนนะคะ ขอบคุณค่ะ ความสูงระดับหน้าแข้ง น้ำท่วมมาแล้วน้อยกว่า 1 วัน,https://storage.googleapis.com/traffy_public_bucket/attachment/2026-09/c140760fc0715feb31a911586269f0ff.jpeg
2026-CLYEE2,inprogress,2026-09-25 19:03,2026-09-25 21:03,100.69287,13.74117,สะพานสูง,สะพานสูง,น้ำท่วมบ้านคนแก่อายุ 67 อยู่คนเดียว ความสูงระดับน้ำเข้ามาในตัวบ้านเลย มาตามท่อตอนนี้เข้าบ้านแข้งขาค่ะ หมู่บ้านนักกีฬาซอย 1 น้ำท่วมมาแล้ว2 ชั่วโมงค่ะ,https://storage.googleapis.com/traffy_public_bucket/attachment/2026-09/8c96d61d19287ce07feecefafc24e2f9.jpeg
2026-N7462V,finish,2026-09-25 19:03,2026-09-30 19:30,100.73121,13.81353,มีนบุรี,มีนบุรี,1.อยากให้เขตพัฒนาการประชาสัมพันธ์ ใช่ช่องทางการสื่อสารประชาชนได้ดีกว่านี้ รวดเร็วฉับไว งานด่วนฉุกเฉินโพสแจ้งเรียบๆก็ได้ ตอนนี้น้ำท่วมหลายจุด แต่การประชาสัมพันธ์จากเขตเงียบมากเลย กระสอบทรายมีมั้ย ให้ไปรับอย่างไร ไม่มีแจ้งเลยหน้า Facebook ติดตามไม่ได้ไม่มีร,https://storage.googleapis.com/traffy_public_bucket/attachment/2026-09/7f41abcb699a049ef8c1638f134487a2.jpeg
2026-MGEDPG,inprogress,2026-09-25 19:04,2026-09-25 23:28,100.59545,13.77885,วังทองหลาง,วังทองหลาง,น้ำท่วม ม.ซิตี้ทาวน์โฮม ลาดพร้าว80แยก26 ความสูงระดับหน้าแข้ง น้ำท่วมมาแล้วน้อยกว่า 3 ชั่วโมง,https://storage.googleapis.com/traffy_public_bucket/attachment/2026-09/e5c7703e24667c7e057d1678fc83c7a2.jpeg
2026-MGEDPG,finish,2026-09-25 19:04,2026-10-07 00:54,100.59545,13.77885,วังทองหลาง,วังทองหลาง,น้ำท่วม ม.ซิตี้ทาวน์โฮม ลาดพร้าว80แยก26 ความสูงระดับหน้าแข้ง น้ำท่วมมาแล้วน้อยกว่า 3 ชั่วโมง,https://storage.googleapis.com/traffy_public_bucket/attachment/2026-09/e5c7703e24667c7e057d1678fc83c7a2.jpeg
2026-XHKVHR,finish,2026-09-25 19:04,2026-09-30 10:54,100.78816,13.8583,คลองสามวา,ทรายกองดินใต้,ขอทรายเพื่อป้องกันน้ำท่วม เนื่องจากน้ำจะเข้าบ้านแล้ว ความสูงระดับข้อเท้า น้ำท่วมมาแล้วน้อยกว่า 1 วัน,https://storage.googleapis.com/traffy_public_bucket/attachment/2026-09/596ccf21c9ea3e1ecde9aea9a8caca99.jpeg
2026-JH86CJ,forward,2026-09-25 19:06,2026-09-25 19:11,100.6372,13.84399,บึงกุ่ม,นวลจันทร์,น้ำท่วม ต้องการเคนื่องสูบน้ำ ความสูงระดับหน้าแข้ง น้ำท่วมมาแล้วน้อยกว่า 1 วัน,https://storage.googleapis.com/traffy_public_bucket/attachment/2026-09/2cb7df55395692a29cb5dad87aa1ae7d.jpeg
2026-3VHPF6,inprogress,2026-09-25 19:07,2026-09-26 18:34,100.63292,13.76191,บางกะปิ,หัวหมาก,มีน้ำขังค่อนข้างเยอะ ส่งผลต่อการจราจรและผู้คน ทำให้เกิดความยากลำบากในการสัญจรและการเดินทางทั้งทางเท้า และ บนถนน อยากให้ระบายน้ำให้เร็วกว่านี้ค่ะ ความสูงระดับเลยข้อเท้าขึ้นมาแต่ยังไม่ถึงหน้าแข้งค่ะ น้ำท่วมมาแล้วหลายชั่วโมงแล้วค่ะ,https://storage.googleapis.com/traffy_public_bucket/attachment/2026-09/c1fc9fdb7e607afa2852bb3ef679877b.jpeg
2026-3VHPF6,finish,2026-09-25 19:07,2026-10-06 09:14,100.63292,13.76191,บางกะปิ,หัวหมาก,มีน้ำขังค่อนข้างเยอะ ส่งผลต่อการจราจรและผู้คน ทำให้เกิดความยากลำบากในการสัญจรและการเดินทางทั้งทางเท้า และ บนถนน อยากให้ระบายน้ำให้เร็วกว่านี้ค่ะ ความสูงระดับเลยข้อเท้าขึ้นมาแต่ยังไม่ถึงหน้าแข้งค่ะ น้ำท่วมมาแล้วหลายชั่วโมงแล้วค่ะ,https://storage.googleapis.com/traffy_public_bucket/attachment/2026-09/c1fc9fdb7e607afa2852bb3ef679877b.jpeg
2026-CH4RAY,inprogress,2026-09-25 19:07,2026-09-25 22:22,100.69902,13.71972,ประเวศ,ประเวศ,น้ำท่วมค่ะฝนตกแปปๆ น้ำท่วมแล้ว อยากให้มาลอกท่อประปา ความสูงระดับหน้าแข้งค่ะ น้ำท่วมมาแล้วน้อยกว่า 3 ชั่วโมง,https://storage.googleapis.com/traffy_public_bucket/attachment/2026-09/cd4844ee3f888c1de5bcc868bbe641b9.jpeg
2026-2FU99J,forward,2026-09-25 19:09,2026-09-25 19:10,100.65056,13.80503,บึงกุ่ม,คลองกุ่ม,น้ำท่วม ความสูงระดับ10cm. และน้ำกำลังท่วม ชั้น1 ของบ้านค่ะ น้ำท่วมมาแล้วน้อยกว่า 3 ชั่วโมง,https://storage.googleapis.com/traffy_public_bucket/attachment/2026-09/4a9db79f2912eca504c169de07b4132f.jpeg
2026-TV8F9B,inprogress,2026-09-25 19:09,2026-09-25 22:23,100.67383,13.72175,ประเวศ,ประเวศ,น้ำท่วมเข้าบ้าน ความสูงระดับหน้าแข้ง น้ำท่วมมาแล้วน้อยกว่า 3 ชั่วโมง,https://storage.googleapis.com/traffy_public_bucket/attachment/2026-09/750341a2baf632e37436b85efd218158.jpeg
2026-D8VYM6,finish,2026-09-25 19:10,2026-09-29 17:22,100.56266,13.86148,หลักสี่,ทุ่งสองห้อง,ซอยวิภาวดีรังสิต 25 ช่วง 18.00น.บ้านน้ำเริ่มท่วมทางเข้าจอดรถ อยากทราบว่าจะเป็นเหมือนปี 54 หรือไม่ ความสูงระดับหลัง 18.00น.ท่วม2 ซม. น้ำท่วมมาแล้ว1ชม.,https://storage.googleapis.com/traffy_public_bucket/attachment/2026-09/a1cfaec09f3fc8492795425e8ebe2457.jpeg
2026-FN32WV,finish,2026-09-25 19:10,2026-09-26 23:20,100.5577,13.75657,ดินแดง,ดินแดง,น้ำท่วมเอ่อล้นจากคลองสามเสน ความสูงระดับหน้าแข้ง น้ำท่วมมาแล้วน้อยกว่า 1 วัน,https://storage.googleapis.com/traffy_public_bucket/attachment/2026-09/f91ac8cfe584e224bf747d6484ffad7e.jpeg
2026-VW7GH2,inprogress,2026-09-25 19:11,2026-09-25 22:24,100.68176,13.684,ประเวศ,ดอกไม้,น้ำท่วมเข้าบ้าน ความสูงระดับหัวเข่า น้ำท่วมมาแล้วน้อยกว่า 1 วัน,https://storage.googleapis.com/traffy_public_bucket/attachment/2026-09/b9cb6486fe1b30aba2ced1c32a14abbb.jpeg
2026-8D38Y4,inprogress,2026-09-25 19:12,2026-09-25 22:25,100.68828,13.66981,ประเวศ,ดอกไม้,น้ำท่วม หนักมา ไม่มีเครื่องสูบน้ำ ที่ มบ. ทุ่งเศรษฐี ความสูงระดับหัวเข่า น้ำท่วมมาแล้วเข่า,https://storage.googleapis.com/traffy_public_bucket/attachment/2026-09/aab757d4e3cecc50fb2548a50c80b07f.jpeg
2026-ED3VYB,inprogress,2026-09-25 19:12,2026-09-25 19:40,100.6739,13.85708,บางเขน,ท่าแร้ง,น้ำท่วมถึงเข่า ความสูงระดับหัวเข่าค่ะ น้ำท่วมมาแล้วน้อยกว่า 1 วัน,https://storage.googleapis.com/traffy_public_bucket/attachment/2026-09/1af9731f2d492ed926cc5b70d60924b6.jpeg
2026-TUNG87,forward,2026-09-25 19:13,2026-09-26 21:13,100.58142,13.82392,จตุจักร,จันทรเกษม,รัชดาภิเษก36-9-1 น้ำท่วมครึ่งหน้าแข้ง ความสูงระดับหน้าแข้ง น้ำท่วมมาแล้วครึ่งวัน,https://storage.googleapis.com/traffy_public_bucket/attachment/2026-09/037326dd2b95caec010c77afd601d086.jpeg
2026-YBBLV3,finish,2026-09-25 19:13,2026-09-29 17:16,100.54909,13.8521,หลักสี่,ทุ่งสองห้อง,ซ.งามวงศ์วาน 32 น้ำท่วม ด้านหลังซอยเป็นคลองลาดยาว บ้านทาวน์เฮ้าส์ติดแนวคลอง น้ำท่วมเข้าในตัวบ้านแล้วค่ะ ฝนตกเรื่อย ๆ น้ำในซอยสูงขึ้นเรื่อย ๆ ไม่มีท่าทีว่าจะลดลง ความสูงระดับรูปล่าสุด หน้าบ้าน ไม่ใช่จุดที่ลึกที่สุดค่ะ น้ำท่วมมาแล้วมีน้ำขังในซอยตั้งแต่บ่ายส,https://storage.googleapis.com/traffy_public_bucket/attachment/2026-09/4fd5dd4c8f5168d6c84fa339c64398ee.jpeg
2026-RK4CX9,inprogress,2026-09-25 19:14,2026-09-25 22:32,100.36161,13.69281,หนองแขม,หนองแขม,น้ำท่วมระบายไม่ทัน ขับขี่รถลำบากมากเขตมาดูหน่อยย ความสูงระดับข้อเท้า น้ำท่วมมาแล้วน้อยกว่า 3 ชั่วโมง,https://storage.googleapis.com/traffy_public_bucket/attachment/2026-09/thumb_8229337baa2a59ae23f5b939c610ccab.jpg
2026-RK4CX9,finish,2026-09-25 19:14,2026-10-06 10:34,100.36161,13.69281,หนองแขม,หนองแขม,น้ำท่วมระบายไม่ทัน ขับขี่รถลำบากมากเขตมาดูหน่อยย ความสูงระดับข้อเท้า น้ำท่วมมาแล้วน้อยกว่า 3 ชั่วโมง,https://storage.googleapis.com/traffy_public_bucket/attachment/2026-09/thumb_8229337baa2a59ae23f5b939c610ccab.jpg
2026-P6M6AJ,inprogress,2026-09-25 19:15,2026-09-26 10:01,100.74908,13.79196,มีนบุรี,แสนแสบ,น้ำท่วม ถนนบึงขวาง แขวงแสนแสบ เขตมีนบุรี ขอให้เปิดเครื่องสูบน้ำ ที่อยู่เยื้อง บจก.ชวพลโลหะภัณฑ์ จะช่วยให้น้ำลด ความสูงระดับ20-30ซม. น้ำท่วมมาแล้วน้อยกว่า 3 ชั่วโมง,https://storage.googleapis.com/traffy_public_bucket/attachment/2026-09/3e1f89ba46877b88356f12a4200b4fdc.jpeg
2026-9REZ9L,inprogress,2026-09-25 19:16,2026-09-26 10:00,100.71508,13.8169,มีนบุรี,มีนบุรี,น้ำท่วมซอย น้ำขัง ท่อน้ำเอ่อ ไม่มีเครื่องสูบน้ำ ความสูงระดับข้อเท้า น้ำท่วมมาแล้วน้อยกว่า 1 วัน,https://storage.googleapis.com/traffy_public_bucket/attachment/2026-09/d1de80570340611555d139ac60f4cf85.jpeg
2026-DVKTVN,inprogress,2026-09-25 19:18,2026-09-28 13:01,100.68469,13.81015,คันนายาว,คันนายาว,น้ำท่วมเข้ามาในตัวลานจอดรถรอบบ้านแล้วค่ะ *** ซอยแยกสวนสยาม 3 แยก 14 ม. เลิศอุบล5 ความสูงระดับ15 cm น้ำท่วมมาแล้วทั้งวันค่ะ,https://storage.googleapis.com/traffy_public_bucket/attachment/2026-09/e9f361c0dff0c01d54fd422f19f44403.jpeg
2026-RYBKAU,finish,2026-09-25 19:18,2026-09-29 14:13,100.3908,13.72503,บางแค,บางแคเหนือ,น้ำท่วมขังเวลาฝนตก ไม่ระบายลงท่อ ยิ่งตกหนักยิ่งท่วมขังนาน ความสูงระดับหน้าแข้ง น้ำท่วมมาแล้วน้อยกว่า 3 ชั่วโมง,https://storage.googleapis.com/traffy_public_bucket/attachment/2026-09/276af901adfe26f63a145dfd0b4fe37d.jpeg
2026-KKWMT7,forward,2026-09-25 19:19,2026-09-25 19:29,100.64572,13.73803,สวนหลวง,สวนหลวง,น้ำท่วมขังบริเวณใต้แอร์พอร์ตลิงค์หัวหมาก ความสูงระดับข้อเท้า น้ำท่วมมาแล้วไม่แน่ใจ,https://storage.googleapis.com/traffy_public_bucket/attachment/2026-09/0b17c86cb29b07278c5346ca3dfb9ad9.jpeg
2026-VUFNAA,finish,2026-09-25 19:19,2026-09-29 17:16,100.56598,13.8611,หลักสี่,ทุ่งสองห้อง,น้ำท่วมบริเวณซอยหมู่บ้าน และตอนนี้เข้าในบ้านแล้ว ความสูงระดับในซอยหมู่บ้าน ตอนนี้น่าจะระดับเข่าค่ะ น้ำท่วมมาแล้ว4 ชม.,https://storage.googleapis.com/traffy_public_bucket/attachment/2026-09/thumb_406aad3a2f909adb957573ad2433f946.jpg
2026-MVC73H,forward,2026-09-25 19:20,2026-09-25 20:00,100.64214,13.82718,บึงกุ่ม,นวลจันทร์,น้ำท่วมเข้าบ้านแล้ว ความสูงระดับหัวเข่า น้ำท่วมมาแล้วน้อยกว่า 1 วัน,https://storage.googleapis.com/traffy_public_bucket/attachment/2026-09/38b8965922cc5f442709728e6c25b362.jpeg
2026-GL3J8M,inprogress,2026-09-25 19:21,2026-09-27 07:18,100.41275,13.65353,บางบอน,บางบอนใต้,น้ำขังรอการระบาย จากฝนตกหนัก มีคนใช้เส้นทางเยอะ เนื่องจากซอยนี้มีโรงเรียนอนุบาล เป็นทางไปสถานีรถไฟไปเคหะ และเป็นทางลัดออกถนนพระรามสองได้ แต่ซอยนี้พื้นถนนต่ำ น้ำขังทุกครั้ง เป็นอยู่ซอยเดียว แก้ไขเพิ่มความสูงถนน หรือเพิ่มการระบายน้ำได้บ้างไหมคะ ความสูงระด,https://storage.googleapis.com/traffy_public_bucket/attachment/2026-09/8cbd835b2f1b80c70eac8513b83a7ad8.jpeg
2026-4WWTFW,inprogress,2026-09-25 19:22,2026-09-26 18:35,100.63269,13.76837,บางกะปิ,คลองจั่น,อยากให้ทางกรุงเทพช่วยเร่งระบายน้ำในซอยลาดพร้าว130 ค่ะ ความสูงระดับสูงกว่าเอว น้ำท่วมมาแล้วน้อยกว่า 1 วัน,https://storage.googleapis.com/traffy_public_bucket/attachment/2026-09/d5e8d275716e85015e4ab33493e94c0a.jpeg
2026-AM8YVU,forward,2026-09-25 19:22,2026-09-25 19:28,100.61128,13.7307,สวนหลวง,สวนหลวง,ท่านผู้ว่าทำอะไรอยู่ทำไมไม่ยอมซุมน้ำออกจากจากคลองบ้านป่าปลอยให้น้ำท่วมบ้านเรือนประชาชนคนในชุมชนพัฒนาริมคลองบ้านป่านะครับ ความสูงระดับเอว น้ำท่วมมาแล้วน้อยกว่า 1 วัน,https://storage.googleapis.com/traffy_public_bucket/attachment/2026-09/4e2bffd056cfb0f1d77e296fcbbea225.jpeg
2026-UFNHN3,forward,2026-09-25 19:22,2026-09-25 20:07,100.66682,13.7803,บึงกุ่ม,คลองกุ่ม,น้ำท่วมเข้าบ้านหมดแล้วครับ ไม่รู้ว่ายังไง แต่ตอนปี54 ยังไม่ท่วมขนาดนี้เลย ความสูงระดับถ้าจากถนนซอย ถึงในตัวบ้าน น่าจะราวๆ 70-80 เซนติเมตรแล้วนะคับ น้ำท่วมมาแล้วตั้งแต่ช่วงเช้าแล้วครับ น้ำขึ้นเรื่อยๆ,https://storage.googleapis.com/traffy_public_bucket/attachment/2026-09/ba9309cbf367cf73f69da5445a1805a4.jpeg
2026-GN6TVH,forward,2026-09-25 19:23,2026-09-25 20:06,100.66806,13.79491,บึงกุ่ม,คลองกุ่ม,น้ำท่วมเข้าภายในบ้าน ซอยเสรีไทย 57 เขตบึงกุ่มขอความช่วยเหลือค่ะ ความสูงระดับตอนนี้ประมาณห้าเซนต์แต่ขึ้นเรื่อยเรื่อยค่ะเพราะฝนไม่หยุดตกและไม่มีการสูบน้ำ น้ำท่วมมาแล้วน้อยกว่า 1 ชั่วโมง,https://storage.googleapis.com/traffy_public_bucket/attachment/2026-09/55ea275eac20c25f0127267b934798c4.jpeg
2026-J4MATP,finish,2026-09-25 19:23,2026-10-05 10:16,100.6061,13.70314,พระโขนง,บางจาก,น้ำท่วมบ้าน ท่อระบายน้ำหน้าบ้านน้ำเต็มหมดเลย เป็นหนักอยู่บ้านเดียวในซอย มีเครื่องสูบน้ำแล้ว แต่สูบออกไป ก็ไม่มีผลเพราะน้ำเต็มท่อระบายน้ำ อยากได้ผู้เชี่ยวชาญมาช่วยดูว่าจะแก้ไขอย่างไรต่อไปดีค่ะ ความสูงระดับเลยตาตุ่ม และ ผุดเข้าใต้ตัวบ้านค่ะ น้ำท่วมมาแล้ววัน,https://storage.googleapis.com/traffy_public_bucket/attachment/2026-09/thumb_4a4726ff7bc7948ffe340779f146c645.jpg
2026-RKHN2H,inprogress,2026-09-25 19:25,2026-09-25 19:40,100.6745,13.85674,บางเขน,ท่าแร้ง,น้ำถ่วมบ้านค่ะน้ำล้นคลองเข้าบ้านช่วยแก้ไขให้ด้วยนะคะ ความสูงระดับหน้าแข้ง น้ำท่วมมาแล้วน้อยกว่า 3 ชั่วโมง,https://storage.googleapis.com/traffy_public_bucket/attachment/2026-09/900b9aaac0c31669635ac937b19034e5.jpeg
2026-U2M4V6,inprogress,2026-09-25 19:25,2026-09-25 23:38,100.62672,13.78176,วังทองหลาง,คลองเจ้าคุณสิงห์,น้ำท่วมขังกลางซอยลาดพร้าว 95 แยก 13 นะครับขณะนี้น้ำท่วมระดสูงมากรบกวนช่วยส่งเบสมวยเบสมาสูบน้ำระบายออกด้วยครับ ความสูงระดับ1เมตร น้ำท่วมมาแล้ว2ชั่วโมงมันเอมาจากคลองเจ้าคุณสิงห์ครับ,https://storage.googleapis.com/traffy_public_bucket/attachment/2026-09/cb08c021282a896aa37b3b9fabc01dc7.jpeg
2026-U2M4V6,finish,2026-09-25 19:25,2026-10-07 00:51,100.62672,13.78176,วังทองหลาง,คลองเจ้าคุณสิงห์,น้ำท่วมขังกลางซอยลาดพร้าว 95 แยก 13 นะครับขณะนี้น้ำท่วมระดสูงมากรบกวนช่วยส่งเบสมวยเบสมาสูบน้ำระบายออกด้วยครับ ความสูงระดับ1เมตร น้ำท่วมมาแล้ว2ชั่วโมงมันเอมาจากคลองเจ้าคุณสิงห์ครับ,https://storage.googleapis.com/traffy_public_bucket/attachment/2026-09/cb08c021282a896aa37b3b9fabc01dc7.jpeg
2026-NZ99DN,inprogress,2026-09-25 19:26,2026-09-26 08:55,100.51595,13.64661,ทุ่งครุ,บางมด,ขอบคุณสำหรับการแก้ปัญหาครั้งก่อนค่ะ (แก้ตรงจุด จุดเดียวจริงๆ) ปัญหาการลอกท่อ ทางเขตทุ่งครุ ไม่ได้มาจัดการแบบเป็นระบบ ใครแจ้งตรงไหนก็แก้ไขตรงนั้น เส้นประชาอุทิศ 69 แยก 22 เป็นทางที่ไปเชื่อมโยงกับ ต.ลัดหลวง สมุทรปราการ เท่ากับพื้นที่นี้เป็น ชายแดนกรุงเทพก็,https://storage.googleapis.com/traffy_public_bucket/attachment/2026-09/5f9b3c3f81c1c70e5dae4b4bac46a3d0.jpeg
2026-NZ99DN,finish,2026-09-25 19:26,2026-10-08 08:44,100.51595,13.64661,ทุ่งครุ,บางมด,ขอบคุณสำหรับการแก้ปัญหาครั้งก่อนค่ะ (แก้ตรงจุด จุดเดียวจริงๆ) ปัญหาการลอกท่อ ทางเขตทุ่งครุ ไม่ได้มาจัดการแบบเป็นระบบ ใครแจ้งตรงไหนก็แก้ไขตรงนั้น เส้นประชาอุทิศ 69 แยก 22 เป็นทางที่ไปเชื่อมโยงกับ ต.ลัดหลวง สมุทรปราการ เท่ากับพื้นที่นี้เป็น ชายแดนกรุงเทพก็,https://storage.googleapis.com/traffy_public_bucket/attachment/2026-09/5f9b3c3f81c1c70e5dae4b4bac46a3d0.jpeg
2026-V69X4B,forward,2026-09-25 19:26,2026-09-25 20:40,100.60651,13.93563,ดอนเมือง,สีกัน,สวัสดีค่ะเจ้าหน้าที่ ช่วยเร่งระบายน้ำออกจากคลองเปรมประชากรให้หน่อยได้ไหมคะ พอดีน้ำท่วมแล้วที่บ้านมีแต่ผู้หญิงสูงวัย กับ คนพิการทางสายตานะคะ บ้านอยู่ริมคลองเปรมประชากร ตอนนี้น้ำท่วมถึงเอว อยากให้ช่วยเร่งระบายน้ำออกจากคลองเปรมค่ะ เข้าใจสถานการณ์นะคะ ว่าทุกพ,https://storage.googleapis.com/traffy_public_bucket/attachment/2026-09/e9cb7f9bfdc37bc3dfcc72b9f0ff4fe1.jpeg
2026-WL4DPP,inprogress,2026-09-25 19:26,2026-09-26 18:36,100.63269,13.76837,บางกะปิ,คลองจั่น,อยากให้ช่วยเร่งระบายน้ำในซอยลาดพร้าว 130 ค่ะ ความสูงระดับสูงกว่าเอว น้ำท่วมมาแล้วน้อยกว่า 1 วัน,https://storage.googleapis.com/traffy_public_bucket/attachment/2026-09/60de1b72178833727027aee66d7f6261.jpeg
2026-YNBNY6,finish,2026-09-25 19:26,2026-10-01 15:18,100.43238,13.62609,บางขุนเทียน,แสมดำ,น้ำท่วมซอยเทียนทะเล 20 แยก 2 หนักมาก จนน้ำเข้าตัวบ้านแล้ว ความสูงระดับหน้าแข้ง น้ำท่วมมาแล้วน้อยกว่า 1 วัน,https://storage.googleapis.com/traffy_public_bucket/attachment/2026-09/bd7f2c062e9681d1041a67dae240eee6.jpeg
2026-E4ZE47,forward,2026-09-25 19:27,2026-09-25 22:28,100.63825,13.68886,ประเวศ,หนองบอน,ตอนนี้น้ำในคลองเคล็ด ถนนสุภาพงษ์ น้ำเต็มคลองค่ะ ช่วยระบายน้ำหน่อยได้ไหมคะ ความสูงระดับเต็มตลิ่งแล้วค่ะ น้ำท่วมมาแล้วน้อยกว่า 3 ชั่วโมง,https://storage.googleapis.com/traffy_public_bucket/attachment/2026-09/ae55c4629ed394aa72e80a58d9200417.jpeg
2026-HYW3CJ,inprogress,2026-09-25 19:27,2026-09-25 23:11,100.8285,13.78032,หนองจอก,ลำผักชี,น้ำท่วมสูงทางเข้าบ้านและหน้าบ้าน ความสูงระดับรถปิ้กอัพเข้าออกไม่ได้ น้ำท่วมมาแล้วน้อยกว่า 1 วัน,https://storage.googleapis.com/traffy_public_bucket/attachment/2026-09/a405ad521f1793cef9d3822ca954e883.jpeg
2026-337WTL,inprogress,2026-09-25 19:28,2026-09-25 23:28,100.62331,13.76245,วังทองหลาง,พลับพลา,สถานการณ์ปัจจุบันในตอนนี้ซอยลาดพร้าว 122 (มหาดไทย 1) น้ำท่วมเกือบถึงระดับหัวเข่า ระดับน้ำกรองแสงแสบใกล้ล้นตลิ่งแล้ว แต่เมื่อตอนเย็นผมได้เดินสำรวจในระหว่างที่น้ำท่วมได้พบว่าตรงข้างถนนคอนกรีต ซึ่งติดกับเลียบคลองแสนแสบตรงที่ผมปักหมุดไว้ปรากฏว่ามีคนเจาะรู2รูเ,https://storage.googleapis.com/traffy_public_bucket/attachment/2026-09/6b764fdb53440304afefbf016062f91d.jpeg
2026-337WTL,finish,2026-09-25 19:28,2026-10-07 00:49,100.62331,13.76245,วังทองหลาง,พลับพลา,สถานการณ์ปัจจุบันในตอนนี้ซอยลาดพร้าว 122 (มหาดไทย 1) น้ำท่วมเกือบถึงระดับหัวเข่า ระดับน้ำกรองแสงแสบใกล้ล้นตลิ่งแล้ว แต่เมื่อตอนเย็นผมได้เดินสำรวจในระหว่างที่น้ำท่วมได้พบว่าตรงข้างถนนคอนกรีต ซึ่งติดกับเลียบคลองแสนแสบตรงที่ผมปักหมุดไว้ปรากฏว่ามีคนเจาะรู2รูเ,https://storage.googleapis.com/traffy_public_bucket/attachment/2026-09/6b764fdb53440304afefbf016062f91d.jpeg
2026-EY3BKJ,finish,2026-09-25 19:28,2026-10-05 09:17,100.61695,13.70288,พระโขนง,บางจาก,น้ำท่วม ความสูงระดับเข่า แล้วค่า น้ำท่วมมาแล้วเริ่ม เข้า บ้าน แล้ว,https://storage.googleapis.com/traffy_public_bucket/attachment/2026-09/68419187e4992125115b487c143e3471.jpeg
2026-2LPPX8,inprogress,2026-09-25 19:29,2026-09-28 13:01,100.67259,13.83249,คันนายาว,รามอินทรา,น้ำท่วมซอยรามอินทรา 91/1 ระดับหัวเข่าต้องการให้แก้ไขอย่างเร่งด่วนเนื่องจากน้ำเข้าบ้านสร้างความเดือดร้อนเสียหายต่อทรัพย์สิน ความสูงระดับหัวเข่าค่ะ น้ำท่วมมาแล้วน้อยกว่า 3 ชั่วโมง,https://storage.googleapis.com/traffy_public_bucket/attachment/2026-09/2895b517879828881dcd20b838a89209.jpeg
2026-UC3PJE,finish,2026-09-25 19:29,2026-09-29 17:08,100.60461,13.71751,วัฒนา,พระโขนงเหนือ,น้ำท่วมสูง ความสูงระดับข้อเท้า น้ำท่วมมาแล้วน้อยกว่า 3 ชั่วโมง,https://storage.googleapis.com/traffy_public_bucket/attachment/2026-09/98d2afe7d1072d5321fde2a84bb73251.jpeg
2026-88PUHG,inprogress,2026-09-25 19:30,2026-09-25 22:29,100.69229,13.72552,ประเวศ,ประเวศ,** น้ำท่วมขังรอการระบาย เหตุเกิดจากฝนตกหนัก เขตประเวศ หมู่บ้าน we2 ความสูงระดับตอนนี้เลยข้อเท้าขึ้นมาแล้วค่ะ น้ำท่วมมาแล้วท่วมตั้งแต่ช่วงเช้าแล้วค่ะ ทยอยลดไปรอบนึง พอฝนตกหนักก็ท่วมอีกรอบค่ะ,https://storage.googleapis.com/traffy_public_bucket/attachment/2026-09/ff3821f17fb2c8d6bfa8b7241661f236.jpeg
2026-NAP7DJ,finish,2026-09-25 19:30,2026-09-29 17:16,100.58536,13.86208,หลักสี่,ตลาดบางเขน,น้ำจากท่อข้างนอกเข้าบ้านต้องยกของขึ้น ห้องน้ำใช้ไม่ได้ ค่ะ ขอกระสอบทราย หรืออิฐ ไม้กระดานมาวางค่ะ เรื่องใหญ่คือห้องน้ำ ความสูงระดับ30ซม. ค่ะ น้ำท่วมมาแล้วน้อยกว่า 1 วัน,https://storage.googleapis.com/traffy_public_bucket/attachment/2026-09/thumb_245e406593c4d0c48c03ed30b52d94ac.jpg
2026-AR39X7,inprogress,2026-09-25 19:31,2026-09-25 22:29,100.67811,13.72069,ประเวศ,ประเวศ,น้ำท่วมซอยอ่อนนุช 61 ซึ่งบ้านอยู่ด้านหลังริมคลองส่งน้ำคลองสองห้อง เนื่องจากเป็นพื้นที่ลุ่มต่ำ ทำให้ระดับน้ำเพิ่มสูงขึ้นเกือบถึงเอว แถมระดับน้ำยังเพิ่มสูงขึ้นต่อเนื่อง โดยชุมชนนี้มีบ้านเรือนประมาณ 15 หลังคาเรือน ส่วนใหญ่มีเด็กและผู้สูงอายุ ร่ะ ความสูงระดับ,https://storage.googleapis.com/traffy_public_bucket/attachment/2026-09/b7f7e767500bb8d8708642fef11dbb20.jpeg
2026-XZFDNE,forward,2026-09-25 19:32,2026-09-25 20:05,100.65874,13.82998,บึงกุ่ม,นวลจันทร์,น้ำท่วมขังตลอดทาง ความสูงระดับข้อเท้า น้ำท่วมมาแล้วน้อยกว่า 1 วัน,https://storage.googleapis.com/traffy_public_bucket/attachment/2026-09/6a5685d6de8ac65fbed136774d73b76a.jpeg
2026-2W8HDZ,forward,2026-09-25 19:33,2026-09-25 20:04,100.65782,13.78236,บึงกุ่ม,คลองกุ่ม,ฝนตกน้ำท่วมทั้งหน้าบ้านและข้างในบ้าน ความสูงระดับถนนหน้าบ้านท่วมถึงประมาณเกือบหัวเข่า เข้ามาตรงที่จอดรถสูงประมาณตาตุ่มนิดๆ ในบ้านสูงถึงตาตุ่ม น้ำท่วมมาแล้วน้อยกว่า 1 วัน,https://storage.googleapis.com/traffy_public_bucket/attachment/2026-09/thumb_269a0faebe7bba421771d24a3db99a8a.jpg
2026-DU3D7K,inprogress,2026-09-25 19:33,2026-09-25 23:34,100.59344,13.79747,วังทองหลาง,สะพานสอง,น้ำในท่อระบายน้ำเริ่มเอ่อขึ้นมาบนเหนือท่อแล้ว รบกวน กทม ระบายน้ำในท่อที่ฝั่งลาดพร้าวด้วยครับ ความสูงระดับข้อเท้า น้ำท่วมมาแล้วน้อยกว่า 1 วัน,https://storage.googleapis.com/traffy_public_bucket/attachment/2026-09/d3a15c2f897b5f6ee86fad7031034cdf.jpeg
2026-M7V78E,inprogress,2026-09-25 19:33,2026-09-28 11:49,100.57598,13.73315,วัฒนา,คลองตันเหนือ,หมู่บ้านนี้ยกให้เป็นถนนสาธารณะไปแล้ว 20/45 ก่อสร้างไม่เก็บปูนเข้าท่อระบายน้ำหมดทำให้น้ำท่วมหน้าบ้าน 20 /43/46/47 ส่วนบ้านเลขที่ 20 / 48/49 ปิดท่อระบายน้ำไม่ให้น้ำระบายตามภาพวันนี้ที่เหตุเกิดขึ้น ซอย 39 เป็นถนนสาธารณะ ความสูงระดับข้อเท้า น้ำท่วมมาแล้วน้อยก,https://storage.googleapis.com/traffy_public_bucket/attachment/2026-09/4545efee840e76a1d3f5fa1d5f8f8cd2.jpeg
2026-DW7WM6,forward,2026-09-25 19:34,2026-09-30 11:37,100.5907,13.81953,ลาดพร้าว,ลาดพร้าว,หลังซอยมีคลอง ตอนนี้น้ำล้นคลองค่ะ น้ำท่วมซอย กลัวว่าถ้าตกไม่ยอมหยุด น้ำจะสูงกว่านี้ค่ะ 🙏🏻 ความสูงระดับหน้าแข้ง น้ำท่วมมาแล้วน้อยกว่า 3 ชั่วโมง,https://storage.googleapis.com/traffy_public_bucket/attachment/2026-09/7a14f95e203585ddfbf1516e58ceb1f7.jpeg
2026-H6XP66,inprogress,2026-09-25 19:34,2026-09-25 22:19,100.39439,13.78685,ทวีวัฒนา,ศาลาธรรมสพน์,คือว่าน้ำท่วมขังทุกครั้งที่ฝนตกเลยคือขับรถลำบากมาก น้ำเกินครึ่งล้อตลอดเลย ความสูงระดับประมาณนี้นะ ตอนนี้นะคะ น้ำท่วมมาแล้ววันนี้ฝนตกทั้งวัน ไม่แน่ใจว่าว่าเริ่มท่วมตอนไหน,https://storage.googleapis.com/traffy_public_bucket/attachment/2026-09/75db38b1a6001a05f3a2955cf6681d3d.jpeg
2026-UMAVXW,finish,2026-09-25 19:34,2026-09-28 16:52,100.37297,13.71588,บางแค,บางแคเหนือ,น้ำท่วมหมู่บ้านเก้าวัฒนา ความสูงระดับ5-10cm น้ำท่วมมาแล้ว30นาที,https://storage.googleapis.com/traffy_public_bucket/attachment/2026-09/bb346bd493efab5a3afa02493287769f.jpeg
2026-RTX8ND,inprogress,2026-09-25 19:35,2026-09-30 14:59,100.54113,13.84752,บางซื่อ,วงศ์สว่าง,ในซอยประชาชื่น 43 ช่วงเลยแฟลตสีฟ้า เมื่อฝนตกหนักทั้งวันแล้วน้ำจะท่วมแค่ช่วงนี้ละแวกนี้ตลอด ช่วงต้นซอยและท้ายซอยไม่ท่วมค่ะ ความสูงระดับข้อเท้า น้ำท่วมมาแล้วน้อยกว่า 1 วัน,https://storage.googleapis.com/traffy_public_bucket/attachment/2026-09/06a1db7984b308c748694ab2a01e8485.jpeg
2026-THFM43,inprogress,2026-09-25 19:35,2026-09-26 00:26,100.62703,13.77981,วังทองหลาง,คลองเจ้าคุณสิงห์,น้ำท่วมจะเข้าถึงบริเวณบ้านแล้วครับ ความสูงระดับหน้าแข้ง น้ำท่วมมาแล้วน้อยกว่า 3 ชั่วโมง,https://storage.googleapis.com/traffy_public_bucket/attachment/2026-09/thumb_7018f07be3f445e6e88216801bc208c5.jpg
2026-THFM43,finish,2026-09-25 19:35,2026-10-07 00:47,100.62703,13.77981,วังทองหลาง,คลองเจ้าคุณสิงห์,น้ำท่วมจะเข้าถึงบริเวณบ้านแล้วครับ ความสูงระดับหน้าแข้ง น้ำท่วมมาแล้วน้อยกว่า 3 ชั่วโมง,https://storage.googleapis.com/traffy_public_bucket/attachment/2026-09/thumb_7018f07be3f445e6e88216801bc208c5.jpg
2026-XUMCA4,forward,2026-09-25 19:35,2026-09-25 20:41,100.58789,13.74409,ห้วยขวาง,บางกะปิ,น้ำท่วมถนนเพชรบุรี ฝั่งตรงข้าม M theater มอเตอร์ไซค์ไปได้ยากมาก น้ำท่วมสูงถึงฟุตบาท จะกลับบ้านซอยรามคำแหง 30/1 ทำยังไงดี ความสูงระดับหน้าแข้ง น้ำท่วมมาแล้วน้อยกว่า 3 ชั่วโมง,https://storage.googleapis.com/traffy_public_bucket/attachment/2026-09/0958457e7f6b01c569ebc5f98cf574dd.jpeg
2026-U4GMMX,finish,2026-09-25 19:36,2026-10-05 11:43,100.64158,13.75574,บางกะปิ,หัวหมาก,น่ำท่วมเข้าบ้าน น้ำเต็มท่อ ไม่ระบาย ฝนตกก็ไม่ได้มากเท่าไร ทางเขต ไม่เคยมาลอกท่อ น้ำไมยุบ ต่อจากนี้ขอความกรุณา ช่วยมาลอกท่อให้ด้วย 48 ซ.รามคำแหง 44 แยก 2 ท้ายซอย ซอยเล็ก หลังตึกสูง แขวงหัวหมาก เขตบางกะปิ กทม.10240 น้ำในคลองแสนแสบก็ไม่พร่องน้ำเตรียมรั,https://storage.googleapis.com/traffy_public_bucket/attachment/2026-09/dd9daad15b404c078c00c437d9d313df.jpeg
2026-WKZ63Y,inprogress,2026-09-25 19:36,2026-09-25 23:16,100.58944,13.8006,วังทองหลาง,สะพานสอง,น้ำท่วม ความสูงระดับถ้าหน้าบ้านประมาณน่องค่ะ น้ำท่วมมาแล้วส่่วนในบ้านประมาณเลยตามตุ่มมาหน่อยค่ะ,https://storage.googleapis.com/traffy_public_bucket/attachment/2026-09/e7aa4f9ba054113dda31f351797ed288.jpeg
2026-WKZ63Y,finish,2026-09-25 19:36,2026-10-07 00:46,100.58944,13.8006,วังทองหลาง,สะพานสอง,น้ำท่วม ความสูงระดับถ้าหน้าบ้านประมาณน่องค่ะ น้ำท่วมมาแล้วส่่วนในบ้านประมาณเลยตามตุ่มมาหน่อยค่ะ,https://storage.googleapis.com/traffy_public_bucket/attachment/2026-09/e7aa4f9ba054113dda31f351797ed288.jpeg
2026-BFUC63,forward,2026-09-25 19:37,2026-09-25 20:03,100.65045,13.8051,บึงกุ่ม,คลองกุ่ม,น้ำท่วมบ้าน ความสูงระดับ15cm น้ำท่วมมาแล้วน้อยกว่า 3 ชั่วโมง,https://storage.googleapis.com/traffy_public_bucket/attachment/2026-09/8e45e60e6457beb01409ed05d1014b09.jpeg
2026-PFBV36,finish,2026-09-25 19:39,2026-09-29 12:40,100.39738,13.70671,บางแค,หลักสอง,ถนนซอยเพชรเกษม 53 ตามตำแหน่งที่แชร์ไปน้ำท่วมตั้งแต่ตอนเช้า และเย็นยังคงท่วมอยู่ ถ้าระบายช้าแบบนี้คืนนี้จะหนักและเดือดร้อนกันกว่านี้อีกมากเพราะฝนตกไม่หยุดทั้งวันทั้งคืน ผมเชื่อว่า กทม ทราบการพยากรณ์อากาศอยู่ก่อนแล้วและคงเตรียมการรับมือไว้อย่างดี โปรดเร่งรั,https://storage.googleapis.com/traffy_public_bucket/attachment/2026-09/b60792b394ecc0725b5204252e4d1aa3.jpeg
2026-CYVADZ,inprogress,2026-09-25 19:40,2026-09-28 11:48,100.60495,13.71859,วัฒนา,พระโขนงเหนือ,อยากให้ช่วยดูปัญหาน้ำท่วมซอยปรีดี 14 แยก 16 ค่ะ เป็นทุกปีทุกครั้งที่ฝนตกหนัก บางครั้งขึ้นสูงเข้าบ้าน เป็นส่วนของถนนหมูบ้านเกษมสำราญ 2 ถนนส่วนบุคคลที่อยู่กันหลายหลังคาเรือน เจ้าของหมู่บ้านไม่ได้ทำอะไร ท่วมซ้ำซากทุกปี ชาวหมู่บ้านเคยรวมตัวกันเก็บเงินช่วยกันจ,https://storage.googleapis.com/traffy_public_bucket/attachment/2026-09/b0577bbe50553669fcc76a49bb2e6a58.jpeg
2026-CYVADZ,finish,2026-09-25 19:40,2026-09-29 17:19,100.60495,13.71859,วัฒนา,พระโขนงเหนือ,อยากให้ช่วยดูปัญหาน้ำท่วมซอยปรีดี 14 แยก 16 ค่ะ เป็นทุกปีทุกครั้งที่ฝนตกหนัก บางครั้งขึ้นสูงเข้าบ้าน เป็นส่วนของถนนหมูบ้านเกษมสำราญ 2 ถนนส่วนบุคคลที่อยู่กันหลายหลังคาเรือน เจ้าของหมู่บ้านไม่ได้ทำอะไร ท่วมซ้ำซากทุกปี ชาวหมู่บ้านเคยรวมตัวกันเก็บเงินช่วยกันจ,https://storage.googleapis.com/traffy_public_bucket/attachment/2026-09/b0577bbe50553669fcc76a49bb2e6a58.jpeg
2026-PAJZNX,finish,2026-09-25 19:40,2026-10-05 13:59,100.67006,13.87473,บางเขน,ท่าแร้ง,สวัสดีค่ะ มีน้ำท่วมขังในซอยที่ปักหมุดไว้ค่ะ หมู่บ้านเสนาวิลล่า 9 ค่ะ ทีนี้ทางนิติหมู่บ้านข้าง ๆ ได้มีการนำกระสอบทรายมาวางกั้นทางน้ำบนถนนส่วนรวม ทำให้น้ำในซอย 9 ไม่สามารถระบายออกไปได้ และรถไม่สามารถสัญจรไปมาได้ ขอความกรุณามาช่วยตรวจสอบด้วยค่ะ เนื่องจากมีกา,https://storage.googleapis.com/traffy_public_bucket/attachment/2026-09/thumb_4718a673763a0b7427d552301f160bb7.jpg
2026-XD689D,finish,2026-09-25 19:40,2026-09-26 18:40,100.54137,13.69127,ยานนาวา,ช่องนนทรี,ฝนตกทั้งวันแต่เหมือนน้ำระบายไม่ทันเลยค่ะ ตอนนี้น้ำไหลเข้าบ้าน ต้องซับ เช็ดน้ำตั้งแต่เย็นแล้วค่ะ ความสูงระดับประมาณ20ซม. ประมาณครึงหน้าแข็ง น้ำท่วมมาแล้วก่อนหน้านั้นไม่แน่ใจค่ะ แต่กลับถึงบ้านประมาณ4โมงเย็นท่วมแล้ว,https://storage.googleapis.com/traffy_public_bucket/attachment/2026-09/b923b77ac65cdf55f6fbc28227029d12.jpeg
2026-Z68WY8,finish,2026-09-25 19:40,2026-09-29 17:20,100.60495,13.71859,วัฒนา,พระโขนงเหนือ,อยากให้ช่วยดูปัญหาน้ำท่วมซอยปรีดี 14 แยก 16 ค่ะ เป็นทุกปีทุกครั้งที่ฝนตกหนัก บางครั้งขึ้นสูงเข้าบ้าน เป็นส่วนของถนนหมูบ้านเกษมสำราญ 2 ถนนส่วนบุคคลที่อยู่กันหลายหลังคาเรือน เจ้าของหมู่บ้านไม่ได้ทำอะไร ท่วมซ้ำซากทุกปี ชาวหมู่บ้านเคยรวมตัวกันเก็บเงินช่วยกันจ,https://storage.googleapis.com/traffy_public_bucket/attachment/2026-09/146c3c5e62018fb4781b67b57378b36f.jpeg
2026-PXCBVE,forward,2026-09-25 19:41,2026-09-26 18:37,100.62313,13.76039,บางกะปิ,หัวหมาก,ขอคนมาจัดการสถานการณ์ด่วน น้ำท่วม รถติด เอาไงดี ความสูงระดับหัวเข่า น้ำท่วมมาแล้วน้อยกว่า 1 ชั่วโมง,https://storage.googleapis.com/traffy_public_bucket/attachment/2026-09/20aae6273a6a1b27c2446147d2b53a59.jpeg
2026-WBH7CG,inprogress,2026-09-25 19:41,2026-09-25 19:43,100.60432,13.87033,บางเขน,อนุสาวรีย์,น้ำท่วมรามอินทราซอย 5 ตั้งแต่เช้ามาถึงตอนนี้ ช่วยเปิดเครื่องสูบน้ำด้วย ความสูงระดับหัวเข่า น้ำท่วมมาแล้ว3-5 ชม,https://storage.googleapis.com/traffy_public_bucket/attachment/2026-09/c97b2c339ef47783f9bf9694e07b77ad.jpeg
2026-WBH7CG,finish,2026-09-25 19:41,2026-10-07 11:18,100.60432,13.87033,บางเขน,อนุสาวรีย์,น้ำท่วมรามอินทราซอย 5 ตั้งแต่เช้ามาถึงตอนนี้ ช่วยเปิดเครื่องสูบน้ำด้วย ความสูงระดับหัวเข่า น้ำท่วมมาแล้ว3-5 ชม,https://storage.googleapis.com/traffy_public_bucket/attachment/2026-09/c97b2c339ef47783f9bf9694e07b77ad.jpeg
2026-6GTDW7,inprogress,2026-09-25 19:42,2026-09-30 13:33,100.69388,13.8297,คลองสามวา,บางชัน,น้ำท่วมขัง เวลาฝนตกหนัก หรือตกต่อเนื่องเป็นเวลานาน ในซอยพระยาสุเรนทร์19 แขวงบางชัน เขตคลองสามวาประจำ ถนนก็มีชำรุด ยังไม่ได้รับการแก้ไขปัญหาเป็นเวลานาน ฝนตกต่อเนื่องน้ำระบายช้าทำให้รถเล็กไม่สามารถขับผ่านได้ ลำบากในการใช้ชีวิตประจำวัน ช่วยแก้ไขปัญหานี้ด้ว,https://storage.googleapis.com/traffy_public_bucket/attachment/2026-09/eb32b8dee8be74afd5b229cf84485306.jpeg
2026-ELXNPT,forward,2026-09-25 19:42,2026-09-26 21:15,100.58505,13.805,จตุจักร,จันทรเกษม,น้ำท่วม ลาดพร้าว 41 ทั้งซอยหลักและย่อย น้ำไม่ลงแถมเพิ่มระดับขึ้น เร่งแก้ปัญหาด้วย ความสูงระดับหน้าแข้ง น้ำท่วมมาแล้วในซอยย่อย ระดับหน้าแข้งตั้งแต่เช้า,https://storage.googleapis.com/traffy_public_bucket/attachment/2026-09/thumb_0864fcdb45cf644540eed03930ba5a3e.jpg
2026-HAXFM4,finish,2026-09-25 19:42,2026-10-01 09:27,100.63235,13.69257,พระโขนง,บางจาก,ฝนตก น้ำท่วม ตั้งแต่ 16:00 ถึงตอนนี้ 19:40 ยังไม่ลดลงเลย มีแต่สูงขึ้น รถเก๋ง สัญจรยาก ความสูงระดับหัวเข่า น้ำท่วมมาแล้วน้อยกว่า 3 ชั่วโมง,https://storage.googleapis.com/traffy_public_bucket/attachment/2026-09/84e5ffdf9cd4d0e0f697fbe6f152314c.jpeg
2026-7ERLN4,inprogress,2026-09-25 19:43,2026-09-27 14:04,100.58736,13.78667,ห้วยขวาง,สามเสนนอก,ขอแจ้งปัญหาน้ำท่วมขังในซอย 20มิถุนาแยก3 ช่วงเลยกลางซอย (ต้นซอยไม่ท่วม) เมื่อมีฝนตกต่อเนื่อง จะเกิดน้ำท่วมขังภายในซอยและน้ำระบายออกได้ช้า ส่งผลกระทบต่อการสัญจรของประชาชนและบ้านเรือนบริเวณดังกล่าว โดยปัญหาเกิดขึ้นเป็นประจำเมื่อมีฝนตกหนักหรือฝนตกต่อเนื่อง ,https://storage.googleapis.com/traffy_public_bucket/attachment/2026-09/6f72ad693bc191544ac311a5ac439475.jpeg
2026-GRN24B,finish,2026-09-25 19:43,2026-09-29 17:15,100.60172,13.73024,วัฒนา,คลองตันเหนือ,น้ำท่วมในซอย เกษมสำราญ 8 หมู่ 1 กำลังจะเข้าบ้านแล้วค่ะ ความสูงระดับหน้าแข้ง น้ำท่วมมาแล้วน้อยกว่า 1 วัน,https://storage.googleapis.com/traffy_public_bucket/attachment/2026-09/e4a482dc64dc6ae7389ccbec2008ae54.jpeg
2026-6JUWPR,inprogress,2026-09-25 19:44,2026-09-25 21:05,100.69581,13.74469,สะพานสูง,สะพานสูง,น้ำท่วมขังในซอย ความสูงระดับหน้าแข้ง น้ำท่วมมาแล้วน้อยกว่า 1 วัน,https://storage.googleapis.com/traffy_public_bucket/attachment/2026-09/84864879f2fb7d297a24a92398259ac2.jpeg
2026-F6ZRJ9,inprogress,2026-09-25 19:44,2026-09-25 19:48,100.66468,13.86001,บางเขน,ท่าแร้ง,น้ำท่วมคู้บอน27แยก15 ความสูงระดับหัวเข่า น้ำท่วมมาแล้วน้อยกว่า 3 ชั่วโมง,https://storage.googleapis.com/traffy_public_bucket/attachment/2026-09/ce6f408e3b5a3cdabd6b01e729c0c93f.jpeg
2026-TAVAP2,finish,2026-09-25 19:44,2026-09-29 17:15,100.56556,13.8609,หลักสี่,ทุ่งสองห้อง,หมู่บ้านเจริญทรัพย์แถวสถานีรถไฟทุ่งสองห้อง อีกนิดเดียวน้ำก็จะท่วมบ้านแล้วค่ะ ความสูงระดับปกติบ้านจะอยู่สูง นี่จะเหมือนปี 54 แล้วค่ะ น้ำท่วมมาแล้วอีกนิดเดียวน้ำก็จะเข้ามาในบ้านแล้วช่วยด้วยค่ะ,https://storage.googleapis.com/traffy_public_bucket/attachment/2026-09/8d9237df6ab342f08e544c532e5ebe47.jpeg
2026-73KGNB,inprogress,2026-09-25 19:45,2026-09-26 14:23,100.62543,13.79851,บางกะปิ,คลองจั่น,น้ำท่วมเข้าบ้านค่ะ ความสูงระดับหน้าบ้านเกินครึ่งล้อรถแล้วค่ะ น้ำท่วมมาแล้วน้อยกว่า 1 วัน,https://storage.googleapis.com/traffy_public_bucket/attachment/2026-09/99efb9dde9b1d46aff851456d1247526.jpeg
2026-TM2VRL,inprogress,2026-09-25 19:45,2026-09-25 22:30,100.65289,13.67195,ประเวศ,หนองบอน,น้ำท่วมหนักเข้าห้องนอนเตียงจากสาเหตุ ถมที่ดินสูง ทพฝำถนนและรางน้ำฝั่งตรงข้ามสูงเกินทำให้น้ำไหลมาเข้าฝั่งบ้านเต็มๆ ความสูงระดับหน้าบ้านเข่า น้ำท่วมมาแล้วตอนนี้หนีออกมาแล้วฝนยังไม่หยุดตก นอนไม่ได้เลย,https://storage.googleapis.com/traffy_public_bucket/attachment/2026-09/498a3d6d8b3022b50ded8a780ef1d375.jpeg
2026-2VMLGK,inprogress,2026-09-25 19:46,2026-09-26 14:23,100.63269,13.76837,บางกะปิ,คลองจั่น,น้ำกำลังจะเข้าห้องควบคุมไฟที่คอนโด ถ้าไฟดับลูกบ้านที่คอนโดจะใช้ไฟไม่ได้ค่ะ ไม่มีไฟใช้ ความสูงระดับสูงกว่าเอว น้ำท่วมมาแล้วน้อยกว่า 1 วัน,https://storage.googleapis.com/traffy_public_bucket/attachment/2026-09/adc63df9d1f6360ffcdd14d06f01ac34.jpeg
2026-NDVAWU,inprogress,2026-09-25 19:46,2026-09-26 12:23,100.42187,13.65919,บางขุนเทียน,แสมดำ,ฝนตกน้ำท่วมขัง ระบายไม่ทัน ระบายลงคลองสี่บาทไม่ทัน ความสูงระดับหัวเข่าค่ะ น้ำท่วมมาแล้วน้ำท่วมประมาณ 11.00 วันนี้,https://storage.googleapis.com/traffy_public_bucket/attachment/2026-09/4389998edfe3e6018a60bb4c19448cf9.jpeg
2026-RF8Y42,finish,2026-09-25 19:46,2026-09-29 15:59,100.5557,13.85703,หลักสี่,ทุ่งสองห้อง,วันศุกร์ที่ 25 กันยายน พ.ศ. 2569 บริเวณซอยงามวงศ์วาน 47 แยก 3 แขวงทุ่งสองห้อง เขตหลักสี่ มีน้ำท่วมขังสูงภายในซอย และทะลักเข้าท่วมภายในตัวบ้าน (เนื่องจากเป็นจุดต่ำสุด และกำแพงกั้นน้ำถูกคลื่นปะทะจนพัง) ทำให้ทรัพย์สินและเฟอร์นิเจอร์ภายในบ้านเสียหายทั้งหมด ปั,https://storage.googleapis.com/traffy_public_bucket/attachment/2026-09/d8a295a36cd05a0e4f03f062c90f976f.jpeg
2026-FHTTCV,forward,2026-09-25 19:48,2026-09-26 21:16,100.58784,13.81454,จตุจักร,จันทรเกษม,น้ำท่วมในหมู่บ้านศุภาลัย วิลล์ ซ.รัชดาภิเษก 32 เต็มถนนทุกพื้นที่ โดยน้ำจะเข้าในตัวบ้านแล้ว อยากทราบเรื่องเครื่องสูบน้ำ หรือจะมีการดำเนินการอย่างไรช่วยให้น้ำลดลงหน่อยได้มั้ยค่ะ ความสูงระดับข้อเท้า น้ำท่วมมาแล้วน้อยกว่า 3 ชั่วโมง,https://storage.googleapis.com/traffy_public_bucket/attachment/2026-09/8326e7a1876d67f1b54c78ddb29554a8.jpeg
2026-FRHGG9,forward,2026-09-25 19:49,2026-09-25 19:59,100.48935,13.79041,บางพลัด,บางพลัด,น้ำท่วมขังในชอยประมาณ15ชม ความสูงระดับ15ชม น้ำท่วมมาแล้ว4ชมแล้ว ไม่ลดเลย,https://storage.googleapis.com/traffy_public_bucket/attachment/2026-09/ffd754d7fbf17f607c3c0eb381842820.jpeg
2026-JM7LRJ,start,2026-09-25 19:49,2026-09-25 21:14,100.78414,13.71821,ลาดกระบัง,ลาดกระบัง,ขอกระสอบทรายกั้นน้ำครับตอนนี้น้ำเริ่มเข้าบ้านแล้ว ความสูงระดับหัวเข่า น้ำท่วมมาแล้วน้อยกว่า 1 วัน,https://storage.googleapis.com/traffy_public_bucket/attachment/2026-09/thumb_5772e1c46842371994dac18852c3416a.jpg
2026-P223MG,finish,2026-09-25 19:49,2026-10-05 13:58,100.60709,13.88985,บางเขน,อนุสาวรีย์,สถานการภัยน้ำท่วมถนนเทพรักษ์ บริเวณหน้าโครงการเอพพิโซด คอนโดมิเนียม เลขที่ 45 ถนนเทพรักษ์ แขวงอนุสาวรีย์ เขตบางเขน กรุงเทพฯ ความสูงระดับหน้าแข้ง น้ำท่วมมาแล้วน้อยกว่า 1 ชั่วโมง,https://storage.googleapis.com/traffy_public_bucket/attachment/2026-09/764fd10f02f9d24f7b62a5be234f40e3.jpeg
2026-X6ZYZW,finish,2026-09-25 19:49,2026-09-30 16:35,100.61538,13.65721,บางนา,บางนาใต้,น้ำท่วมขังใน ซอยทองอยู่ 2 จุดที่ลึกที่สุด ลึกมากกว่า 40 เซน ไม่มีเครื่องปั๊มน้ำมาช่วยสูบน้ำ น้ำท่วมขังใน ซอยทองอยู่ 2 จุดที่ลึกที่สุด ลึกมากกว่า 40 เซน ไม่มีเครื่องปั๊มน้ำมาช่วยสูบน้ำ ในซอยนี้ กำลังมีการขยายท่อระบายน้ำและขุดลอกหน้าถนน มาตั้งแต่ราวเดือนเม,https://storage.googleapis.com/traffy_public_bucket/attachment/2026-09/3eb8e4dfc100aaecc9bed0f4944e18e6.jpeg
2026-6AJXF2,forward,2026-09-25 19:50,2026-09-25 20:36,100.63441,13.6679,บางนา,บางนาเหนือ,เส้นบางนาตราด น้ำถ่วมขังบ่อยมากค่ะ วันนี้ท่วมหนัก กลับบ้านไม่ได้ค่ะ ความสูงระดับหัวเข่า น้ำท่วมมาแล้วน้อยกว่า 1 วัน,https://storage.googleapis.com/traffy_public_bucket/attachment/2026-09/dfd895b6dab372a666f3ffb7a603cc70.jpeg
2026-B8LNLA,finish,2026-09-25 19:50,2026-10-02 14:09,100.61498,13.70639,พระโขนง,บางจาก,น้ำท่วมค่ะ ตั้งแต่เช้าแล้ว ท่วมเข้าบ้านแล้วด้วยค่ะ เมื่อไหร่จะแก้ปัญหาคะ หรือเครื่องสูบน้ำเป็นอะไร? ไม่มีที่จะอยู่แล้วค่ะ สามารถแจ้งใครให้แก้ปัญหาได้บ้างคะ ความสูงระดับเข่าเกือบเอวค่ะ แต่ว่าน้ำมันเข้าบ้านแล้วค่ะ น้ำท่วมมาแล้วประมาณ3ชั่วโมงค่ะ,https://storage.googleapis.com/traffy_public_bucket/attachment/2026-09/17d167b3f2bf2a2a410266387b3975ac.jpeg
2026-VU4EYL,finish,2026-09-25 19:50,2026-10-01 11:29,100.62675,13.68407,พระโขนง,บางจาก,ซอยวชิรธรรมสาธิต 40 ยังมีน้ำท่วมขังอยู่เลยค่ะ ช่วยตรวจสอบให้หน่อยได้ไหมคะ ความสูงระดับข้อเท้า น้ำท่วมมาแล้วน้อยกว่า 3 ชั่วโมง,https://storage.googleapis.com/traffy_public_bucket/attachment/2026-09/50a6935890561ee2f217038f874a8a5b.jpeg
2026-6JDHKV,inprogress,2026-09-25 19:51,2026-09-28 13:01,100.69414,13.82264,คันนายาว,คันนายาว,หากสามารถจัดหา เครื่องสูบน้ำมาบรรเทาได้จะดีมาก ความสูงระดับหัวเข่า น้ำท่วมมาแล้วน้อยกว่า 3 ชั่วโมง,https://storage.googleapis.com/traffy_public_bucket/attachment/2026-09/18442954e33bd644df9b88393184fe9f.jpeg
2026-DD37P8,forward,2026-09-25 19:51,2026-09-25 20:37,100.63559,13.6702,บางนา,บางนาเหนือ,น้ำท่วม มอไซพังหลายคัน รถเล็กควรเลี่ยง ความสูงระดับ20-30 เซนได้ครับ น้ำท่วมมาแล้วน่าจะ 2-3 ชั่วโมงได้แล้วครับ,https://storage.googleapis.com/traffy_public_bucket/attachment/2026-09/thumb_a2652bd23cf85465e82ea7faefc3c92a.jpg
2026-NH8DA3,finish,2026-09-25 19:51,2026-10-02 14:07,100.62604,13.69952,พระโขนง,บางจาก,น้ำท่วมสูง ความสูงระดับน้ำเข้าบ้านแล้ว อยากได้พระสอบทรายด้วยค่ะ น้ำท่วมมาแล้วน้อยกว่า 1 วัน,https://storage.googleapis.com/traffy_public_bucket/attachment/2026-09/a5a0895a5cfe05653520f9731eb424ec.jpeg
2026-PHRWNA,forward,2026-09-25 19:51,2026-09-26 21:18,100.54939,13.84992,จตุจักร,ลาดยาว,น้ำท่วมท้าย ซอยประวิทย์และเพื่อน 1 หรือ เทศบาลรังสรรค์เหนือ 14 แยก3 ความสูงระดับน้ำสูงประมาณเข่า ท่วมมาประมาณ 5 ชม.ยังไม่ลด น้ำท่วมมาแล้วท่วมมาประมาณ5 ชม.,https://storage.googleapis.com/traffy_public_bucket/attachment/2026-09/0db0c584592e5dcfd5437529b1a76351.jpeg
2026-T28WKV,inprogress,2026-09-25 19:51,2026-09-26 13:55,100.60864,13.7546,บางกะปิ,หัวหมาก,"บ้านเลขที่ 60 ซ. รามคำแหง 17, น้ำท่วมเข้ามาถึงในตัวบ้านค่ะ ถึงแม้ห้องนอนชั้นล่าง และห้องนั่งเล่นชั้นล่าง อยากสร้างความคืบหน้าในการ พยายามระบายน้ำค่ะ ความสูงระดับห้องน้ำ 10-12 cm และห้องนั่งเล่นประมาณ 3 cm ถนนตัวบ้าน สูงกว่านั้นมากกะไม่ถูกค่ะ น้ำท่วมมาแ",https://storage.googleapis.com/traffy_public_bucket/attachment/2026-09/f43c0009d867e24bfb37f58f569311fe.jpeg
2026-T28WKV,finish,2026-09-25 19:51,2026-10-06 09:14,100.60864,13.7546,บางกะปิ,หัวหมาก,"บ้านเลขที่ 60 ซ. รามคำแหง 17, น้ำท่วมเข้ามาถึงในตัวบ้านค่ะ ถึงแม้ห้องนอนชั้นล่าง และห้องนั่งเล่นชั้นล่าง อยากสร้างความคืบหน้าในการ พยายามระบายน้ำค่ะ ความสูงระดับห้องน้ำ 10-12 cm และห้องนั่งเล่นประมาณ 3 cm ถนนตัวบ้าน สูงกว่านั้นมากกะไม่ถูกค่ะ น้ำท่วมมาแ",https://storage.googleapis.com/traffy_public_bucket/attachment/2026-09/f43c0009d867e24bfb37f58f569311fe.jpeg
2026-Z64ZNB,inprogress,2026-09-25 19:51,2026-09-26 14:23,100.61805,13.75027,บางกะปิ,หัวหมาก,น้ำท่วมขังสูงในซอยรามคำแหง 24 แยก 6 น้ำสูงประมาณหัวเข่า จึงอยากให้ช่วยสูบน้ำโดยเร็วค่ะ ความสูงระดับหัวเข่า น้ำท่วมมาแล้วน้อยกว่า 3 ชั่วโมง,https://storage.googleapis.com/traffy_public_bucket/attachment/2026-09/7860e4c3812aa31fe7754bd91c5e9397.jpeg
2026-Z64ZNB,finish,2026-09-25 19:51,2026-10-06 09:13,100.61805,13.75027,บางกะปิ,หัวหมาก,น้ำท่วมขังสูงในซอยรามคำแหง 24 แยก 6 น้ำสูงประมาณหัวเข่า จึงอยากให้ช่วยสูบน้ำโดยเร็วค่ะ ความสูงระดับหัวเข่า น้ำท่วมมาแล้วน้อยกว่า 3 ชั่วโมง,https://storage.googleapis.com/traffy_public_bucket/attachment/2026-09/7860e4c3812aa31fe7754bd91c5e9397.jpeg
2026-J39HL3,forward,2026-09-25 19:52,2026-09-25 20:40,100.59663,13.75864,ห้วยขวาง,บางกะปิ,ตอนนี้น้ำท่วมไม่มีที่ระบายเลย ตันไปหมด ในบึงน้ำก็ล้น ความสูงระดับข้อเท้าเกือบหน้าแข้งแล้วค่ะ น้ำท่วมมาแล้วน้อยกว่า 3 ชั่วโมง,https://storage.googleapis.com/traffy_public_bucket/attachment/2026-09/65f3e86222f45656ad3369c61fb2048e.jpeg
2026-Y27Z8P,finish,2026-09-25 19:52,2026-09-30 11:22,100.55168,13.74787,วัฒนา,คลองเตยเหนือ,น้ำท่วมขังสูง จนไม่สามารถเอารถเข้ามาในซอยได้ คนกลับบ้านไม่ได้ ความสูงระดับเกินเข่าขึ้นมาถึงต้นขา สูงเกินรองเท้าบูทค่ะ น้ำท่วมมาแล้วท่วมมาตั้งแต่ตอนเย็นแล้วค่ะ,https://storage.googleapis.com/traffy_public_bucket/attachment/2026-09/18f184565715019a6aaad7e1bb492dbd.jpeg
2026-6VV3J3,inprogress,2026-09-25 19:53,2026-09-25 22:31,100.67105,13.73079,ประเวศ,ประเวศ,น้ำท่วมซอยพัฒนาการ 65 แยก 5 น้ำขึ้นเร็วมากค่ะ ความสูงระดับเข้าตัวบ้านชั้นล่างแล้วค่ะ น้ำท่วมมาแล้วเพิ่งขึ้นท่วมวันนี้ค่ะ,https://storage.googleapis.com/traffy_public_bucket/attachment/2026-09/e4f99f2c7725c16514a1ab1687d1193a.jpeg
2026-M367DC,finish,2026-09-25 19:53,2026-10-02 14:07,100.62606,13.69943,พระโขนง,บางจาก,น้ำท่วมสูงถึงหน้าแข้ง อยากได้กระสอบทราย กับเปิดเครื่องสูบน้ำค่ะ ความสูงระดับหน้าแข้ง น้ำท่วมมาแล้วน้อยกว่า 1 วัน,https://storage.googleapis.com/traffy_public_bucket/attachment/2026-09/9aa4b2acb41eaad944407e281af72d09.jpeg
2026-G6E8LM,forward,2026-09-25 19:54,2026-09-30 20:28,100.59308,13.89,ดอนเมือง,สนามบิน,ถนนเทพรักษ์ เขตบางเขน น้ำท่วมหนักตรงตำแหน่งนี้ แต่ไม่มีการตั้งป้ายเตือนกันรถไม่ให้เข้ามา รถเข้ามาเรื่อยๆ จนไปไม่ได้ รถสูงวิ่งเร็วเลนส์ซ้าย ทำให้น้ำซัดเข้ารถเล็กที่พยายามหลบน้ำท่วมทางขวามากขึ้น ไม่แน่ใจว่าใครจะมาช่วยระบายรถ หรือกันรถไม่ให้เข้ามา เพราะรถไปก,https://storage.googleapis.com/traffy_public_bucket/attachment/2026-09/d29896bbd30a30c43792c33f37a76083.jpeg
2026-TXT8HT,follow,2026-09-25 19:54,2026-10-03 19:09,100.58165,13.84528,จตุจักร,เสนานิคม,น้ำท่วมในบ้านจนเข้าไปข้างในบ้านอยากให้ช่วยมาดูดน้ำออกท่อรระบายน้ำบนถนนทีคะถนนไม่ท่วมแต่บ้านต่ำระบายไม่ทัน ความสูงระดับหัวเข่า น้ำท่วมมาแล้วน้อยกว่า 1 ชั่วโมง,https://storage.googleapis.com/traffy_public_bucket/attachment/2026-09/72476839918d9fb2ab5a4bae51cedcec.jpeg
2026-XLY9CU,finish,2026-09-25 19:54,2026-09-29 17:17,100.56541,13.85903,หลักสี่,ทุ่งสองห้อง,น้ำท่วม ความสูงระดับเอว น้ำท่วมมาแล้วน้อยกว่า 1 วัน,https://storage.googleapis.com/traffy_public_bucket/attachment/2026-09/5389e35f6ee8e3dd556260c91bb61921.jpeg
2026-7A3FFP,inprogress,2026-09-25 19:55,2026-09-25 19:59,100.62916,13.8699,บางเขน,ท่าแร้ง,น้ำล้นคลอง ทำให้ท่วมเข้ามาในพื้นที่ ความสูงระดับข้อเท้า น้ำท่วมมาแล้วน้อยกว่า 3 ชั่วโมง,https://storage.googleapis.com/traffy_public_bucket/attachment/2026-09/229aac8326daafaf12d0e3589ef1c2ed.jpeg
2026-F9AWYE,inprogress,2026-09-25 19:55,2026-09-25 23:16,100.83151,13.87963,หนองจอก,คู้ฝั่งเหนือ,น้ำท่วมขัง อยากได้กระสอบทรายคะ ความสูงระดับหน้าแข้ง น้ำท่วมมาแล้วน้อยกว่า 1 วัน,https://storage.googleapis.com/traffy_public_bucket/attachment/2026-09/40b9482435bbb4d9e66d66c0e7413c84.jpeg
2026-KVBUWC,forward,2026-09-25 19:57,2026-09-25 20:38,100.63953,13.67546,บางนา,บางนาเหนือ,หมู่บ้านรังสิยา อุดมสุข58ท่วมหนักน้ำเข้าบ้านครับ รบกวนดูให้ทีครับว่าต้องจัดการตอนนี้แก้ขัดไม่ให้ท่วมหนักกว่านี้ และป้องกันครั้งหน้ายังไงครับ ความสูงระดับข้างนอกประมานข้อเท้าครับ แต่เริ่มเข้ามาในบ้านแล้วจากท่อ น้ำท่วมมาแล้วน้อยกว่า 3 ชั่วโมง,https://storage.googleapis.com/traffy_public_bucket/attachment/2026-09/b0cd5be037db65f1642f86359c691d16.jpeg
2026-J9TVHG,inprogress,2026-09-25 19:58,2026-09-26 13:54,100.65491,13.76114,บางกะปิ,หัวหมาก,น้ำท่วมขังสูง ความสูงระดับหัวเข่า น้ำท่วมมาแล้วน้อยกว่า 1 วัน,https://storage.googleapis.com/traffy_public_bucket/attachment/2026-09/035505a41df5656c534dc4c164172c11.jpeg
2026-BPADRM,inprogress,2026-09-25 19:59,2026-09-25 23:10,100.87319,13.88881,หนองจอก,หนองจอก,ปัญหาน้ำขัง มีการใช้เครื่อฃวิดน้ำมาปล่อย ทำให้ท่วมหนักและไวกว่าเดิม ความสูงระดับหน้าแข้ง น้ำท่วมมาแล้วน้อยกว่า 1 วัน,https://storage.googleapis.com/traffy_public_bucket/attachment/2026-09/5ca02f98b3b9fd7d91eab5a0b912404f.jpeg
2026-N9YDFB,inprogress,2026-09-25 19:59,2026-09-25 20:08,100.63387,13.74197,สวนหลวง,สวนหลวง,ปัญหา 1.น้ำท่วมบ้านตลอดเนื่องจากระบายน้ำไม่ทัน 2.สัตว์มีพิษก็ไหลมาตามน้ำ งู ตะขาบ เป็นต้น 3.ผู้สูงอายุอาศัยหลายคน 4.น้ำท่วมบริเวรถนนหลักด้วยทำให้การสัญจรลำบาก แก้ไข 1.ช่วยหารถสูบน้ำมาในบริเวรที่เป็นท่อหลักจากท่อลงคลองที่ใกล้เคียงประจำสถานีไว้เพื่อระบาย,https://storage.googleapis.com/traffy_public_bucket/attachment/2026-09/d1f0eb3f0fe40d2e4dc635edba976d27.jpeg
2026-WG27UB,inprogress,2026-09-25 19:59,2026-09-30 11:06,100.59361,13.90935,ดอนเมือง,ดอนเมือง,น้ำท่วมขังหนักมากค่ะ ทางเข้าสำนักงานเขตดอนเมือง แฟตข้างๆน้ำท่วมเท่าหัวเข่าค่ะ ช่วยด้วยนะคะ ความสูงระดับหัวเข่า น้ำท่วมมาแล้วน้อยกว่า 3 ชั่วโมง,https://storage.googleapis.com/traffy_public_bucket/attachment/2026-09/thumb_ec8131aa77a917b27996c150fc39854a.jpg
2026-FL4HH3,forward,2026-09-25 20:00,2026-09-30 10:47,100.59328,13.70981,คลองเตย,พระโขนง,ปัญหาน้ำท่วมในชุมชนท่วมบ้านประชาชนทางเดิน ความสูงระดับหน้าแข่งครับ น้ำท่วมมาแล้วปี2ปีครับ,https://storage.googleapis.com/traffy_public_bucket/attachment/2026-09/f1bd75ff9403ed9875b331231d0e77b5.jpeg
2026-LJA899,inprogress,2026-09-25 20:00,2026-09-25 20:07,100.63048,13.87321,บางเขน,ท่าแร้ง,มีน้ำท่วมสูงภายในซอย พหลโยธิน48 แยก 49 หมู่บ้านเข้าออกได้ลำบากมากน้ำลึก ความสูงระดับครึ่งล้อรถยนต์ได้ครับ ตามรูปที่แนบไปเกือบถึงกันชนรถบรรทุกครับ ภาพที่ถ่ายประมาณ2ชม.ที่แล้วตอนนี้สูงขึ้นมากกว่าเดิมครับ น้ำท่วมมาแล้วตั้งแต่5โมงเย็น,https://storage.googleapis.com/traffy_public_bucket/attachment/2026-09/3730c2088df25a4352e48e5d64c5e60c.jpeg
2026-MVTV69,finish,2026-09-25 20:01,2026-10-02 14:10,100.61426,13.7055,พระโขนง,บางจาก,น้ำท่วมสูง ในซอยพึ่งมี 11 ช่วยเร่งระบายน้ำในซอยเล็กด้วย ความสูงระดับเกิน 30 ซม ท่วมเข้าตัวบ้านแล้ว น้ำท่วมมาแล้วน้อยกว่า 3 ชั่วโมง,https://storage.googleapis.com/traffy_public_bucket/attachment/2026-09/ced7a916db9e7f49c806b3860a1bfcbd.jpeg
2026-37LYKY,finish,2026-09-25 20:02,2026-09-29 16:04,100.55654,13.85818,หลักสี่,ทุ่งสองห้อง,น้ำท่วมถนนและเริ่มเอ่อเข้าบ้านตั้งแต่ช่วง 14.00 น. จนตอนนี้ 20.00 น. ยังไม่มีทีท่าลดลงและเพิ่มระดับขึ้นเรื่อยๆ ซึ่งถนนที่ท่วมเป็นทางสัญจรหลักในหมู่บ้าน รถยนต์สัญจรผ่านไปมาด้วยความเร็ว ทำให้น้ำเข้าบ้านเสียหายมากขึ้นอีก ช่วงระบายน้ำหรือทำอะไรหน่อยได้มั้ย เพ,https://storage.googleapis.com/traffy_public_bucket/attachment/2026-09/e312631caf51d1ed67c1b12cd4eec927.jpeg
2026-A4UWJ4,inprogress,2026-09-25 20:02,2026-09-25 22:31,100.67314,13.73254,ประเวศ,ประเวศ,น้ำท่วมจนเข้าบ้านแล้ว เร่งระบายน้ำหน่อย ความสูงระดับหน้าแข้ง น้ำท่วมมาแล้วน้อยกว่า 3 ชั่วโมง,https://storage.googleapis.com/traffy_public_bucket/attachment/2026-09/thumb_592ca1992983fbbec77e8b3ca9ca6047.jpg
2026-LDAWM8,inprogress,2026-09-25 20:02,2026-09-25 23:15,100.58925,13.8011,วังทองหลาง,สะพานสอง,น้ำท่วมเข้าบ้านในรอบ 8 ปี ตั้งแต่ท้องจนลูก 7 ขวบ ไม่เคยท่วม ขอแจ้งกทม. ว่าจะช่วยหลือขนขยะน้ำท่วมทิ้งหรือมี ทางเยีบวยาอะไรไหมคะ ความสูงระดับ20 เซนได้ค่ะ น้ำท่วมมาแล้วน้อยกว่า 3 ชั่วโมง,https://storage.googleapis.com/traffy_public_bucket/attachment/2026-09/078dc0377d5c38ffc7428cd9cf29bbf6.jpeg
2026-LDAWM8,finish,2026-09-25 20:02,2026-10-07 00:46,100.58925,13.8011,วังทองหลาง,สะพานสอง,น้ำท่วมเข้าบ้านในรอบ 8 ปี ตั้งแต่ท้องจนลูก 7 ขวบ ไม่เคยท่วม ขอแจ้งกทม. ว่าจะช่วยหลือขนขยะน้ำท่วมทิ้งหรือมี ทางเยีบวยาอะไรไหมคะ ความสูงระดับ20 เซนได้ค่ะ น้ำท่วมมาแล้วน้อยกว่า 3 ชั่วโมง,https://storage.googleapis.com/traffy_public_bucket/attachment/2026-09/078dc0377d5c38ffc7428cd9cf29bbf6.jpeg
2026-4FXDFN,finish,2026-09-25 20:03,2026-10-05 08:48,100.61052,13.70122,พระโขนง,บางจาก,น้ำท่วมหนักมากๆ ความสูงระดับหน้าแข้ง น้ำท่วมมาแล้วน้อยกว่า 3 ชั่วโมง,https://storage.googleapis.com/traffy_public_bucket/attachment/2026-09/5511a89045fa8f2604c035a217356c93.jpeg
2026-864UT2,inprogress,2026-09-25 20:03,2026-09-25 22:32,100.67231,13.73184,ประเวศ,ประเวศ,ซอยพัฒนาการ 65 หมู่บ้านเมืองดองการ์เด้นโซน 1 โซน 2 โซน 3 ตอนนี้น้ำท่วมสูงมากรถเล็กไม่สามารถผ่านได้ ความสูงระดับเอว น้ำท่วมมาแล้วน้อยกว่า 3 ชั่วโมง,https://storage.googleapis.com/traffy_public_bucket/attachment/2026-09/d1f349897fffeec8fe8ef2824a7e8816.jpeg
2026-KE7ZNH,start,2026-09-25 20:03,2026-09-25 21:28,100.72529,13.77247,ลาดกระบัง,คลองสองต้นนุ่น,น้ำท่วมหมูบ้านพูนสินธานี3 ความสูงระดับตั้งแต่เมื่อคืน น้ำท่วมมาแล้วน้อยกว่า 1 วัน,https://storage.googleapis.com/traffy_public_bucket/attachment/2026-09/4b2b255516baf4944eedd46ce3b7f850.jpeg
2026-MVAZ6U,inprogress,2026-09-25 20:03,2026-09-28 13:01,100.66346,13.83077,คันนายาว,รามอินทรา,น้ำท่วมค่ะ ในซอยรามอินทรา 58 แยก 7-2-4 ประมาณ 5- 15 ซม. จะเข้าบ้านแล้ว น้ำจะขึ้นๆลงๆค่ะ ขอความกรุณาช่วยเร่งระบายน้ำในพื้นที่ที่เกี่ยวข้องด้วย ขอบพระคุณค่่ ความสูงระดับต่ำสุดคือข้อเท้าค่ะ น้ำท่วมมาแล้วน้อยกว่า 1 วัน,https://storage.googleapis.com/traffy_public_bucket/attachment/2026-09/30028ab8d1de98d5e0051241a5c483b5.jpeg
2026-UMKJ8D,finish,2026-09-25 20:03,2026-10-01 10:33,100.61439,13.69814,พระโขนง,บางจาก,อาจารย ชัชชาติ วชิรธรรมสาธิต 28 น้ำท่วมมาช่วยด้วย ความสูงระดับหน้าแข้ง น้ำท่วมมาแล้วน้อยกว่า 3 ชั่วโมง,https://storage.googleapis.com/traffy_public_bucket/attachment/2026-09/f3e0a41fd55598059855735981198fc8.jpeg
2026-X73UEZ,inprogress,2026-09-25 20:03,2026-09-26 10:00,100.71934,13.80046,มีนบุรี,มีนบุรี,น้ำท่วมขังจากฝนตกสะสมตลอดเส้นทางตั้งแต่เข้าซอยรามคำแหง 174 และมีขยะลอยเกลื่อนกลาด ความสูงระดับหน้าแข้ง น้ำท่วมมาแล้วน้อยกว่า 3 ชั่วโมง,https://storage.googleapis.com/traffy_public_bucket/attachment/2026-09/e424a82a7d8664370dc830fe3717ddcb.jpeg
2026-69GXHC,start,2026-09-25 20:04,2026-09-25 21:30,100.73176,13.77394,ลาดกระบัง,คลองสองต้นนุ่น,ณวันที่ 25/09/69 เวลา20.00 ตอนนี้น้ำกำลังจะท่วมเข้าในบ้านค่ะ บ้านเป็นแอ่ง น้ำไหลย้อนกลับเข้าบ้านตลอดเวลา ช่วยเร่งระบายน้ำให้ทีได้ไหมคะ ความสูงระดับตอนนี้ประมาณ15-20เซนทั้งหน้าบ้าน-หลังบ้านค่ะ ค่ะ เนื่องจากบ้านเป็นแอ่ง และเตี้ยกว่าท่อระบายน้ำ อีก 5เซนจะเข้,https://storage.googleapis.com/traffy_public_bucket/attachment/2026-09/469f8f711ad95ad1cc95b511ba554762.jpeg
2026-HKYHPA,finish,2026-09-25 20:04,2026-09-28 22:13,100.62266,13.6688,บางนา,บางนาเหนือ,ซอยบางนาตราด 14 แขวงบางนา เขตบางนา น้ำท่วมสูงมากค่ะ เกิน 50 เซ็นได้แล้ว เขตบางนา กทม. มีวิธีช่วยเหลือคนในหมู่บ้านยังไงบ้างคะ ความสูงระดับน่าจะเกิน 50 cm ได้แล้วค่ะ น้ำท่วมมาแล้วตั้งแต่บ่ายๆ ของวันนี้,https://storage.googleapis.com/traffy_public_bucket/attachment/2026-09/9f6d672de25976d570c00b6e8757b9ab.jpeg
2026-96LHLE,inprogress,2026-09-25 20:05,2026-09-25 20:22,100.70652,13.81209,มีนบุรี,มีนบุรี,น้ำท่วมซอยรามอินทรา 80 น้ำประมาณครึงแข้งตรงช่วงต้นซอย ความสูงระดับช่วงต้นซอยที่ลาดๆ เกือบครึ่งแข้งอยู่ครับ แต่ช่วงกลางซอยเหนือตาตุ่มครับ น้ำท่วมมาแล้วกลัวคนที่บ้านขับเข้าบ้านไม่ได้,https://storage.googleapis.com/traffy_public_bucket/attachment/2026-09/7a3d9e7a4e689dd97cffd8c56af8d855.jpeg
2026-C3F2XK,forward,2026-09-25 20:05,2026-09-26 18:40,100.64761,13.76908,บางกะปิ,คลองจั่น,น้ำท่วมขัง น้ำไม่ระบายเลย ความสูงระดับข้อเท้า น้ำท่วมมาแล้วน้อยกว่า 1 วัน,https://storage.googleapis.com/traffy_public_bucket/attachment/2026-09/303be6bbbf4a47bf5eb9a172ff8a341e.jpeg
2026-CJLLF7,finish,2026-09-25 20:05,2026-09-28 16:17,100.61755,13.90333,สายไหม,คลองถนน,น้ำท่วมเข้าบ้านอยากได้กระสอบทราย สำหรับขวางน้ำ ความสูงระดับตอนนี้อยู่ประมาณหัวเข่าค่ะ เข้ามาภายในบ้านแล้ว เนื่องจากบ้าน เป็นพื้นที่ต่ำ อยู่ติดคลองด้วย บ้านมีสองชั้น ขึ้นมาอยู่ชั้นสองเรียบร้อยค่ะ แต่ถ้าได้กระสอบทรายสำหรับการชะลอน้ำหรือขวางน้ำไว้ก็จะดีค,https://storage.googleapis.com/traffy_public_bucket/attachment/2026-09/e17244a5f1e8536eb9182a006c54b46a.jpeg
2026-K3YK7G,inprogress,2026-09-25 20:05,2026-09-25 20:08,100.62582,13.87445,บางเขน,ท่าแร้ง,ท่อระบายน้ำ ซอยโรงไข่ น้ำเต็มแล้วช่วยสูบให้ด้วย เข้าทั่วบ้านเรือนแล้ว ซึ่งอยู่ต่ำกว่าถนน ความสูงระดับหน้าแข้ง น้ำท่วมมาแล้วน้อยกว่า 1 ชั่วโมง,https://storage.googleapis.com/traffy_public_bucket/attachment/2026-09/4171d893ef2d6478abfe1cbf00dffc09.jpeg
2026-X6GB28,inprogress,2026-09-25 20:05,2026-09-30 11:10,100.58021,13.91182,ดอนเมือง,ดอนเมือง,น้ำท่วม ความสูงระดับหน้าแข้ง น้ำท่วมมาแล้วน้อยกว่า 1 วัน,https://storage.googleapis.com/traffy_public_bucket/attachment/2026-09/68068d7aba399078fd5117a9bdd43be4.jpeg
2026-LN877X,inprogress,2026-09-25 20:06,2026-09-25 21:05,100.68714,13.76399,สะพานสูง,สะพานสูง,น้ำท่วมขังทั้งวันไม่มีการระบาย ความสูงระดับหน้าแข้ง น้ำท่วมมาแล้วน้อยกว่า 3 ชั่วโมง,https://storage.googleapis.com/traffy_public_bucket/attachment/2026-09/f8af8e3daa7bdf2e328031422ce04bb8.jpeg
2026-NNYDDG,inprogress,2026-09-25 20:06,2026-09-25 20:22,100.71949,13.80011,มีนบุรี,มีนบุรี,น้ำท่วมค่ะ ระดับหน้าแข้ง ตลอดทั้งวัน ซอยรามคำแหง 174 มีนบุรี ตั้งแต่หน้าปากซอยถึงบ้านกลางเมือง ความสูงระดับหน้าแข้ง น้ำท่วมมาแล้วน้อยกว่า 1 วัน,https://storage.googleapis.com/traffy_public_bucket/attachment/2026-09/c5b002fb1249da4669090d75a53f3dcf.jpeg
2026-GLD6UT,inprogress,2026-09-25 20:07,2026-09-25 20:21,100.71864,13.7849,มีนบุรี,มีนบุรี,น้ำท่วมของในซอยบัวขาวยาวไปจนถึงโครงการเพอร์เฟ็คเพลส สัญจรไปมาลำบาก น้ำไม่ระบาย ความสูงระดับหน้าแข้ง น้ำท่วมมาแล้วน้อยกว่า 3 ชั่วโมง,https://storage.googleapis.com/traffy_public_bucket/attachment/2026-09/1052e06379170d3426efba17dcc15b7b.jpeg
2026-KUP2Y9,inprogress,2026-09-25 20:07,2026-09-25 22:32,100.67493,13.72467,ประเวศ,ประเวศ,ร้องเรียนปัญหาน้ำท่วม น้ำในคลองประเวศขึ้นสูงมากส่งผลให้น้ำไหลท่วมเข้าบ้านพักอาศัยแล้วขณะนี้ ความสูงระดับท่วมมิดล้อรถกระบะแล้วค่ะตอนนี้ น้ำท่วมมาแล้ว2วันค่ะ เดือดร้อนเข้าออกไม่ได้ทั้งริมคลอง และหลังบ้านก็ท่วมส฿วมิดล้อรถ,https://storage.googleapis.com/traffy_public_bucket/attachment/2026-09/thumb_cc96d509fc71aa237517327cc9d36836.jpg
2026-7RVR62,inprogress,2026-09-25 20:09,2026-09-28 13:01,100.66811,13.81221,คันนายาว,รามอินทรา,น้ำท่วมขัง ความสูงระดับขอบฟุตบาทครับ น้ำท่วมมาแล้วน้อยกว่า 3 ชั่วโมง,https://storage.googleapis.com/traffy_public_bucket/attachment/2026-09/8e06015837dcb30e5f193320d5d4adb4.jpeg
2026-CDH3JF,inprogress,2026-09-25 20:09,2026-09-25 22:33,100.68245,13.68455,ประเวศ,ดอกไม้,กลางซอยเฉลิมพระเกียรติ ร.9 ซอย 14 หน้าโลตัสและท็อปส์เดลี่ น้ำท่วมจนข้ามกันไม่ได้แล้ว ในท่อระบายน้ำก็มีน้ำเต็มท่อ มีแต่เติมเข้าเรื่อยๆจนรถเสียหลายคันเต็มหน้าห้าง ความสูงระดับหน้าแข้ง น้ำท่วมมาแล้วน้อยกว่า 1 วัน,https://storage.googleapis.com/traffy_public_bucket/attachment/2026-09/ed8d5d5026523d561b3d955ce6cd91b3.jpeg
2026-LZ3D8Z,inprogress,2026-09-25 20:09,2026-09-25 22:53,100.70502,13.80137,มีนบุรี,มีนบุรี,บริษัทโตโยอิ๊งค์ ประเทศไทย จำกัด ตั้งอยู่ติดคลองแสนแสบ ขณะนี้น้ำจะล้นเข้าโรงงานแล้ว ความสูงระดับช่วยด้วยนะครับ น้ำท่วมมาแล้วตั้งแต่ตอนบ่ายสูงขึ้นเรื่อยๆ,https://storage.googleapis.com/traffy_public_bucket/attachment/2026-09/646a170c36e8bf4928201804fc732ad4.jpeg
2026-62NYED,forward,2026-09-25 20:10,2026-09-26 21:21,100.58584,13.8033,จตุจักร,จันทรเกษม,น้ำท่วมในซอยลาดพร้าว 41แยก 6-4 ความสูงระดับหัวเข่า น้ำท่วมมาแล้วน้อยกว่า 1 วัน,https://storage.googleapis.com/traffy_public_bucket/attachment/2026-09/dc268254dc64724b25332a19fd12661a.jpeg
2026-AEB9EX,inprogress,2026-09-25 20:10,2026-09-25 21:08,100.68551,13.76193,สะพานสูง,สะพานสูง,น้ำท่วมขัง ช่วยหาเครื่องสูบน้ำ ความสูงระดับหัวเข่า น้ำท่วมมาแล้วน้อยกว่า 1 วัน,https://storage.googleapis.com/traffy_public_bucket/attachment/2026-09/cd5007906e462574970a5ffd30f85210.jpeg
2026-BD6KNA,start,2026-09-25 20:10,2026-09-25 21:31,100.73536,13.72162,ลาดกระบัง,ลาดกระบัง,น้ำท่วมไม่ได้รับการปั้มน้ำหรือระบายเลย ตอนนี้ห้องน้ำ หลังบ้าน และหน้าบ้านน้ำท่วมหมดแล้ว กำลังจะเข้าถึงชั้น1 รบกวนช่วยแก้ปัญหาด้วยค่ะ ไม่ว่าจะเป็นการแจกกระสอบทรายหรือปั้มน้ำ ขอบคุณค่ะ ความสูงระดับถ้าหน้าซอย กับในซอยบ้านเกือบถึงเข่าแล้วค่ะ ในบ้านตอนนี้เลยข้,https://storage.googleapis.com/traffy_public_bucket/attachment/2026-09/08b9472c9ccbaaa817c03fe509cbc9da.jpeg
2026-DBMJ86,forward,2026-09-25 20:10,2026-09-26 18:40,100.6274,13.75204,บางกะปิ,หัวหมาก,หลังจากการปรับปรุงยกระดับถนน ซอยรามคำแหง 24 (หลังรามคำแหง) ทำให้เมื่อฝนตก จะทำให้น้ำในหมู่บ้านท่วมขังสูง และระบายลงช้ามาก หลายหลังคาเรือนโดนน้ำเข้าบ้าน (ในหมู่บ้านศิขริน) ทั้งที่ก่อนหน้าการทำถนน ไม่เคยมีน้ำท่วมขังในหมู่บ้านมาก่อนเลยค่ะ... รบกวนช่วยเช็คและ,https://storage.googleapis.com/traffy_public_bucket/attachment/2026-09/thumb_d7ca7a48639600b8680ddb48fb98ba81.jpg
2026-XRGWL8,finish,2026-09-25 20:10,2026-09-27 09:04,100.5574,13.7666,ดินแดง,ดินแดง,ซอยประชาสงเคราะห์ 8 มีปัญหาน้ำท่วมขังมาเป็นเวลานานกว่า 20ปี มีการแจ้งเข้ามาหลายครั้ง ทั้งที่เขต ที่กทม ที่TraffyFondue แจ้งทุกทาง ได้รับการแก้ไขเพียงเบื้องต้น คือลอกท่อ ซึ่งปัญหาไม่ใช่ตรงท่อที่เดียว มันคือ พื้นต่ำกว่าถนน อยากให้ผู้ที่เกี่ยวข้องถมถนนให้ห,https://storage.googleapis.com/traffy_public_bucket/attachment/2026-09/86a250514acdb1c9c45570e4d7d99399.jpeg
2026-TXXRRT,finish,2026-09-25 20:13,2026-10-01 15:17,100.4337,13.62499,บางขุนเทียน,แสมดำ,เลขที่2 ถึง2/1 ซ.เทียนทะเล20 ถ.บางขุนเทียน-ชายทะเล มีน้ำท่วมเข้ามาในโรงงานตั้งแต่ช่วงบ่ายแล้วค่ะ ถนนหน้าบ้านยกสูงขึ้นแต่น้ำไม่ระบายเลยค่ะ ตอนนี้ฝนตกไม่หยุดเกรงว่าจะท่วมสูงกว่าเดิมค่ะ รบกวนช่วยหาปั้มมาสูบได้หน่อยค่ะ เดิมทีมีปั้มอยู่แต่ยกออกไปตอนสร้างถนนค่ะ,https://storage.googleapis.com/traffy_public_bucket/attachment/2026-09/feb0d7143eba977ece2f27ff9bdbd0ef.jpeg
2026-G6RJ9P,finish,2026-09-25 20:14,2026-10-02 11:49,100.62224,13.70041,พระโขนง,บางจาก,เกิดนำ้ท่วมบริเวณ สุขุมวิท 93 พึ่งมี50 นำ้ไม่ระบาย เกิดการท่วมขังคับ ความสูงระดับข้อเท้า น้ำท่วมมาแล้วน้อยกว่า 3 ชั่วโมง,https://storage.googleapis.com/traffy_public_bucket/attachment/2026-09/fbf3c9cf6f40cc04d255a84f39b185c9.jpeg
2026-PDHUZ9,finish,2026-09-25 20:14,2026-09-30 10:36,100.59505,13.71883,วัฒนา,พระโขนงเหนือ,น้ำท่วมซอยปรีดีพนมยงค์ 9 ได้ 2-3 วันแล้วค่ะ ความสูงระดับข้อเท้า น้ำท่วมมาแล้วน้อยกว่า 1 วัน,https://storage.googleapis.com/traffy_public_bucket/attachment/2026-09/ba88d6cab0e7faff34dd58296b713388.jpeg
2026-A4X6KM,finish,2026-09-25 20:15,2026-09-30 16:09,100.62983,13.65194,บางนา,บางนาใต้,น้ำท่วมในซ.ลาซาล46 โครงการ3 ความสูงระดับหน้าแข้ง น้ำท่วมมาแล้วน้อยกว่า 3 ชั่วโมง,https://storage.googleapis.com/traffy_public_bucket/attachment/2026-09/fde34e913ae59f125c18db9b6ad0e88b.jpeg
2026-GZL7MA,inprogress,2026-09-25 20:15,2026-09-25 22:19,100.33678,13.77175,ทวีวัฒนา,ทวีวัฒนา,ถนนในซอย ต่ำกว่าถนนเมน ประมาณ 60 เซนติเมตร พอฝนตก น้ำท่วมขัง รถเก๋งเข้าไม่ได้เลย เดินเข้าบ้านต้องลุยน้ำ มีสัตว์เลื้อยคลานออกมาค่ะ ตอนนี้เดือดร้อนมาก น้ำรอการระบาย ไม่รู้ว่าท่อตันด้วยหรือเปล่าไม่มีมีการมาลอกท่อนานแล้ว ความสูงระดับหัวเข่า น้ำท่วมมาแล้วน้อยก,https://storage.googleapis.com/traffy_public_bucket/attachment/2026-09/5dd51bba4e0fb9166bf5280ceb12b9bf.jpeg
2026-LWKW7K,forward,2026-09-25 20:15,2026-09-26 21:21,100.58505,13.805,จตุจักร,จันทรเกษม,ในซอยลาดพร้าว 41 แยก 6-1 น้ำขึ้นเร็วมาก ชั่วโมงละ 2 เซ็น ตอนนี้เข้าบ้านแล้ว น้ำไม่ลดระดับเลย เดือดร้อนมาก ความสูงระดับหน้าแข้ง น้ำท่วมมาแล้วน้อยกว่า 3 ชั่วโมง,https://storage.googleapis.com/traffy_public_bucket/attachment/2026-09/thumb_c0cf4d6b9cc69ecebf881bf317d61b30.jpg
2026-V246AU,inprogress,2026-09-25 20:15,2026-09-25 23:14,100.62691,13.78389,วังทองหลาง,คลองเจ้าคุณสิงห์,น้ำท่วมบ้านเรือนหมู่บ้านอยู่เจริญเดือดร้อนทั้งหมู่บ้าน ขอความช่วยเหลือทางสำนักระบายน้ำส่งเครื่องสูบน้ำมาช่วยบรรเทาความเดือดร้อนให้ด้วยค่ะ ที่ตั้งของหมู่บ้านอยู่ติดกับคลองจั่นทำให้น้ำท่วมเข้าบ้านเรือน ทั้งหมู่บ้านค่ะ ความสูงระดับเลยเข่าขึ้นมาแล้วค่ะ น้ำท่ว,https://storage.googleapis.com/traffy_public_bucket/attachment/2026-09/5f68ccec9fc384cd1aeb5f1ebf755678.jpeg
2026-V246AU,finish,2026-09-25 20:15,2026-10-07 00:45,100.62691,13.78389,วังทองหลาง,คลองเจ้าคุณสิงห์,น้ำท่วมบ้านเรือนหมู่บ้านอยู่เจริญเดือดร้อนทั้งหมู่บ้าน ขอความช่วยเหลือทางสำนักระบายน้ำส่งเครื่องสูบน้ำมาช่วยบรรเทาความเดือดร้อนให้ด้วยค่ะ ที่ตั้งของหมู่บ้านอยู่ติดกับคลองจั่นทำให้น้ำท่วมเข้าบ้านเรือน ทั้งหมู่บ้านค่ะ ความสูงระดับเลยเข่าขึ้นมาแล้วค่ะ น้ำท่ว,https://storage.googleapis.com/traffy_public_bucket/attachment/2026-09/5f68ccec9fc384cd1aeb5f1ebf755678.jpeg
2026-X8TTUD,forward,2026-09-25 20:15,2026-09-26 21:23,100.54773,13.83394,จตุจักร,ลาดยาว,น้ำท่วมค่ะ ฝากมาช่วยสูบน้ำนิดค่ะ ใกล้ๆ จะเข้าบ้าน ความสูงระดับน่องค่ะ น้ำท่วมมาแล้วน้อยกว่า 3 ชั่วโมง,https://storage.googleapis.com/traffy_public_bucket/attachment/2026-09/53219b6ce8f47529bd37b5eaed5a6955.jpeg
2026-CHNPF3,inprogress,2026-09-25 20:17,2026-09-27 14:08,100.58025,13.78051,ห้วยขวาง,ห้วยขวาง,น้ำท่วมขังนานครับ ความสูงระดับหัวเข่า น้ำท่วมมาแล้วน้อยกว่า 1 วัน,https://storage.googleapis.com/traffy_public_bucket/attachment/2026-09/b0dab439cd4683e1d56fed15835cf0ae.jpeg
2026-CHNPF3,forward,2026-09-25 20:17,2026-09-27 14:08,100.58025,13.78051,ห้วยขวาง,ห้วยขวาง,น้ำท่วมขังนานครับ ความสูงระดับหัวเข่า น้ำท่วมมาแล้วน้อยกว่า 1 วัน,https://storage.googleapis.com/traffy_public_bucket/attachment/2026-09/b0dab439cd4683e1d56fed15835cf0ae.jpeg
2026-M4DJUL,finish,2026-09-25 20:17,2026-10-01 15:16,100.43104,13.62563,บางขุนเทียน,แสมดำ,ไหนบอกรับเรื่องแล้วอ่ะ น้ำยังไม่ลดเลยมีแต่่จะเพิ่ม น้ำมันเลยครึ่งขาแล้ว ความสูงระดับเลยครึ่งขาแล้ว น้ำท่วมมาแล้วท่วมเป็นวันแล้ว มีพนงเข้ามาดูจริงมั้ยอ่ะ,https://storage.googleapis.com/traffy_public_bucket/attachment/2026-09/b66022610c3c803bb19c54cf5d09b831.jpeg
2026-W89W86,finish,2026-09-25 20:17,2026-09-29 15:59,100.56494,13.86115,หลักสี่,ทุ่งสองห้อง,น้ำท่วมบ้านแล้วค่ะ มีผู้สูงอายุ เร่งการระบาย ได้ไหมคะ ความสูงระดับหัวเข่า น้ำท่วมมาแล้วน้อยกว่า 3 ชั่วโมง,https://storage.googleapis.com/traffy_public_bucket/attachment/2026-09/08887d306c8eaac927e5fcd60d78b500.jpeg
2026-9D3BLU,forward,2026-09-25 20:18,2026-09-30 13:45,100.68751,13.85001,คลองสามวา,บางชัน,น้ำท่วมหนักรถเข้าหมู่บ้านไม่ได้ รบกวนทีมกทมดูแลให้หน่อยครับ ความสูงระดับหน้าแข้ง น้ำท่วมมาแล้วออกไปถ่ายไม่ได้ครับถ่ายจากในหมู่บ้านเดอะธาราทางเข้าน้ำสูงมากเลยครับ,https://storage.googleapis.com/traffy_public_bucket/attachment/2026-09/800b108e1b65e556445f60ef885cff3a.jpeg
2026-KLZZL6,inprogress,2026-09-25 20:18,2026-09-25 21:09,100.69326,13.74077,สะพานสูง,สะพานสูง,น้ำท่วมเข้าบ้านบริเวณบ้านชั้น 1 แล้วค่ะ ซอยนักกีฬาแหลมทอง 1 แยก 1 เขตสะพานสูง ความสูงระดับประมาณ 20 cm ค่ะ น้ำท่วมมาแล้วประมาณ 3-4 ชมแล้วค่ะ,https://storage.googleapis.com/traffy_public_bucket/attachment/2026-09/ca9e5669e23641a70c1550dcda78ef91.jpeg
2026-RWKWMB,inprogress,2026-09-25 20:18,2026-09-25 22:53,100.70952,13.82153,มีนบุรี,มีนบุรี,น้ำท่วมขังกำลังจะเข้าบ้านช่วยเร่งระบายน้ำให้หน่อยได้ไหม ความสูงระดับหัวเข่า น้ำท่วมมาแล้วน้อยกว่า 3 ชั่วโมง,https://storage.googleapis.com/traffy_public_bucket/attachment/2026-09/de8d40883b77ad039feb34fc7bcd129e.jpeg
2026-Y8CUW8,finish,2026-09-25 20:18,2026-09-30 16:07,100.60928,13.65856,บางนา,บางนาใต้,น้ำท่วมในซอยลาซาล 8-16 (ทุกแยก) และแบริ่ง5-7ครั้งนี้สูงกว่าที่เคยเป็น น้ำท่วมเข้าบ้านเสียหายอย่างมาก ความสูงระดับบนถนนประมาณครึ่งล้อรถ ส่วนในบ้านเกือบเท่าเอวครับ น้ำท่วมมาแล้วตั้งแต่บ่ายสามโมงครับ,https://storage.googleapis.com/traffy_public_bucket/attachment/2026-09/7c9ceeaa2efc6c14bbc753952f906f5f.jpeg
2026-XGRUMK,inprogress,2026-09-25 20:19,2026-09-25 22:33,100.68245,13.68042,ประเวศ,ดอกไม้,น้ำท่วม หนักมาก เข้ามาในตัวบ้านเลย ความสูงระดับหน้าแข้ง น้ำท่วมมาแล้วน้อยกว่า 3 ชั่วโมง,https://storage.googleapis.com/traffy_public_bucket/attachment/2026-09/2ef1fa5ffe8e033729ef765faa2d91e8.jpeg
2026-277VN6,forward,2026-09-25 20:20,2026-09-25 20:26,100.67344,13.79513,บึงกุ่ม,คลองกุ่ม,น้ำกำลังเพิ่มสูงขึ้น มีผู้สูงอายุ ผู้หญิง 83ปี กับเด็กเล็กไม่ถึง 2ขวบ ความสูงระดับหัวเข่า น้ำท่วมมาแล้วน้อยกว่า 3 ชั่วโมง,https://storage.googleapis.com/traffy_public_bucket/attachment/2026-09/8e07612256822e3f8a3985cf271b6b06.jpeg
2026-NR347L,inprogress,2026-09-25 20:20,2026-09-25 23:13,100.62521,13.78981,วังทองหลาง,คลองเจ้าคุณสิงห์,น้ำท่วมเข้าบ้าน ไม่ลดลงเลยค่ะ ความสูงระดับข้อเท้า น้ำท่วมมาแล้วน้อยกว่า 3 ชั่วโมง,https://storage.googleapis.com/traffy_public_bucket/attachment/2026-09/bbf9b1f140cb306b37aed9a272353694.jpeg
2026-NR347L,finish,2026-09-25 20:20,2026-10-07 00:44,100.62521,13.78981,วังทองหลาง,คลองเจ้าคุณสิงห์,น้ำท่วมเข้าบ้าน ไม่ลดลงเลยค่ะ ความสูงระดับข้อเท้า น้ำท่วมมาแล้วน้อยกว่า 3 ชั่วโมง,https://storage.googleapis.com/traffy_public_bucket/attachment/2026-09/bbf9b1f140cb306b37aed9a272353694.jpeg
2026-PPJP2T,inprogress,2026-09-25 20:20,2026-09-25 23:13,100.62654,13.78119,วังทองหลาง,คลองเจ้าคุณสิงห์,น้ำท่วมมาจัดการเรื่องกระสอบทรายให้หน่อย ความสูงระดับประมาณ40เซนติเมตร น้ำท่วมมาแล้วน้อยกว่า 3 ชั่วโมง,https://storage.googleapis.com/traffy_public_bucket/attachment/2026-09/e1804861077956f9603455979f229d5d.jpeg
2026-PPJP2T,finish,2026-09-25 20:20,2026-10-07 00:43,100.62654,13.78119,วังทองหลาง,คลองเจ้าคุณสิงห์,น้ำท่วมมาจัดการเรื่องกระสอบทรายให้หน่อย ความสูงระดับประมาณ40เซนติเมตร น้ำท่วมมาแล้วน้อยกว่า 3 ชั่วโมง,https://storage.googleapis.com/traffy_public_bucket/attachment/2026-09/e1804861077956f9603455979f229d5d.jpeg
2026-PRZPZU,inprogress,2026-09-25 20:20,2026-09-25 22:33,100.68477,13.69661,ประเวศ,ดอกไม้,น้ำท่วมหนักมากท่อน้ำไม่ระบายน้ำในท่อมันตันหรือเปล่าไม่รู้ไม่เคยท่วมมาก่อนเลยที่บ้านปกติไม่เคยท่วมเลยทำไมปีนี้ถึงท่วมช่วยดูแลหน่อยไม่รู้ว่าเปลี่ยนเส้นทางระบายน้ำรึเปล่าปกติไม่ค่อยท่วมเลยปีนี้ท่วมหนักเลย ความสูงระดับหัวเข่า น้ำท่วมมาแล้วน้อยกว่า 3 ชั่วโมง,https://storage.googleapis.com/traffy_public_bucket/attachment/2026-09/f6b71be16bf83e0c69d16f0cad4fadb9.jpeg
2026-2G8KX6,inprogress,2026-09-25 20:21,2026-09-25 22:34,100.69453,13.6684,ประเวศ,ดอกไม้,ต้องมีการเครื่องปั๊มน้ําหรือเครื่องสูบน้ําขนาดเล็กมาสูบน้ําภายในบ้านออกนอกบ้าน เนื่องจากไม่สามารถ ใช้งานภายในบ้านได้เลยไม่สามารถ หลับนอนได้ ความสูงระดับในบ้าน 10cm ได้ครับ น้ำท่วมมาแล้วตั้งแต่เมื่อคืนแล้วครับช่วงเช้ามืดจนมาถึงตอนนี้มันก็สูงขึ้นเรื่อย ๆ บร,https://storage.googleapis.com/traffy_public_bucket/attachment/2026-09/68a743f9816f171caaad75a1348556e5.jpeg
2026-JZCTEU,inprogress,2026-09-25 20:21,2026-09-25 21:10,100.67265,13.74457,สะพานสูง,สะพานสูง,น้ำท่วมสูงขึ้นมาก ต้องการกระสอบทรายจากเขตสะพานสูง มีแจกหรือไม่ และขอให้เร่งสูบน้ำโดยด่วนที่สุด เพื่อป้องกันทรัพย์สินเสียหาย ความสูงระดับหัวเข่า น้ำท่วมมาแล้วน้อยกว่า 1 วัน,https://storage.googleapis.com/traffy_public_bucket/attachment/2026-09/7223557ac792287c6beb9770fd206cfb.jpeg
2026-LFCVVG,inprogress,2026-09-25 20:21,2026-09-25 22:34,100.66179,13.6726,ประเวศ,หนองบอน,เฉลิมพระเกียรติ 14 แยก 18 ถนนในซอยน้ำท่วมสูงท่อไม่ระบายครับ ปัญหาเดิมจากที่เคยแจ้งครับผม ความสูงระดับถ้า4แยก หน้าแข้งเกือบหัวเขาครับ น้ำท่วมมาแล้วน้อยกว่า 1 วัน,https://storage.googleapis.com/traffy_public_bucket/attachment/2026-09/7dd5f29c6abf88e3fdc8be8ca2daab95.jpeg
2026-UZXX4A,forward,2026-09-25 20:21,2026-09-26 21:24,100.54682,13.83342,จตุจักร,ลาดยาว,น้ำท่วมขังสูง ณ เวลานี้ ความสูงระดับหัวเข่า น้ำท่วมมาแล้วน้อยกว่า 1 วัน,https://storage.googleapis.com/traffy_public_bucket/attachment/2026-09/12c6ce253e6935f0565a6d55aab0e8fb.jpeg
2026-98ADHN,forward,2026-09-25 20:22,2026-09-30 13:56,100.68526,13.84607,คลองสามวา,บางชัน,น้ำท่วมหนักรถเข้าหมู่บ้านเดอะธาราไม่ได้ ความสูงระดับหน้าแข้ง น้ำท่วมมาแล้วน้อยกว่า 1 วัน,https://storage.googleapis.com/traffy_public_bucket/attachment/2026-09/844ac0b82a9b12803b640ef91232bf7a.jpeg
2026-ENCW6Y,inprogress,2026-09-25 20:22,2026-09-25 23:08,100.62519,13.78983,วังทองหลาง,คลองเจ้าคุณสิงห์,น้ำท่วมบ้านประมาณ 5-6 ชั่วโมง ความสูงระดับข้อเท้า น้ำท่วมมาแล้วน้อยกว่า 1 วัน,https://storage.googleapis.com/traffy_public_bucket/attachment/2026-09/18a0c96d521c1b52a3b2c321acfd5e81.jpeg
2026-ENCW6Y,finish,2026-09-25 20:22,2026-10-07 00:43,100.62519,13.78983,วังทองหลาง,คลองเจ้าคุณสิงห์,น้ำท่วมบ้านประมาณ 5-6 ชั่วโมง ความสูงระดับข้อเท้า น้ำท่วมมาแล้วน้อยกว่า 1 วัน,https://storage.googleapis.com/traffy_public_bucket/attachment/2026-09/18a0c96d521c1b52a3b2c321acfd5e81.jpeg
2026-P7VJVC,forward,2026-09-25 20:22,2026-10-05 15:38,100.39904,13.63946,บางขุนเทียน,แสมดำ,อยากให้ระบายน้ำหน่อยท่วมบ้านเรือนริมทางรถไฟรางโพธิ์หมดแล้ว ขยะในลำรางก็เยอะ ตื้น แถมมีหญ้าขึ้นอีก ลำรางเชื่อมกับคลองเลนเปน ความสูงระดับตอนนี้ท่วมมิดท่อปูนประปาแล้วน่าจะเกือบหัวเข่าแล้ว น้ำท่วมมาแล้วตั้งแต่ช่วงบ่ายวันนี้ระดับน้ำสูงขึ้นเรื่อยๆ,https://storage.googleapis.com/traffy_public_bucket/attachment/2026-09/abb4585246ddb2cbf6ac3980fd3ce9f1.jpeg
2026-3TCMZZ,start,2026-09-25 20:23,2026-09-25 21:35,100.79168,13.72081,ลาดกระบัง,ทับยาว,น้ำท่วมใหญ่ลาดกระบัง พวกท่านทำอะไรอยู่ ให้โอกาสแก้ไขมาหลายปีแล้ว ก็ยังท่วมเหมือนเดิม เพิ่มเติมคือคุณเอาเงินภาษีของประชาชนไปทำอะไร ถึงแก้ไขไม่ได้ ความสูงระดับในซอย 50 เซนติเมตร ด้านนอก 30 .cm. น้ำท่วมมาแล้ว บ่ายนี้ ระยะทางประมาณ 4 กม,https://storage.googleapis.com/traffy_public_bucket/attachment/2026-09/f4c28c57f92e37ae49c99177d7279679.jpeg
2026-LH3MY8,inprogress,2026-09-25 20:23,2026-09-25 22:35,100.66164,13.6734,ประเวศ,หนองบอน,น้ำท่วม น้ำไม่มีทางระบาย ความสูงระดับหัวเข่า น้ำท่วมมาแล้วน้อยกว่า 3 ชั่วโมง,https://storage.googleapis.com/traffy_public_bucket/attachment/2026-09/b677e08c795bedc7666eaa209c2f620e.jpeg
2026-3FMFFA,start,2026-09-25 20:24,2026-09-25 21:36,100.77459,13.77424,ลาดกระบัง,ลำปลาทิว,น้ำท่วมขึ้นมาจากคลองใต้บ้าน น้ำขึ้นสูงจะถึงพื้นบ้านแล้วค่ะ ไม่มีที่อยู่สำรอง ช่วยมาสูบน้ำ หรือมาดูให้หน่อยได้ไหมคะ ที่บ้านมีเด็กด้วยค่ะ ความสูงระดับหน้าแข้ง น้ำท่วมมาแล้วน้อยกว่า 1 วัน,https://storage.googleapis.com/traffy_public_bucket/attachment/2026-09/7a1e4259e3d9dbcb1cbdfc81889e5db9.jpeg
2026-EJ3MNJ,finish,2026-09-25 20:24,2026-09-30 16:35,100.63192,13.66989,บางนา,บางนาเหนือ,น้ำท่วมมาตลอดหลายปี ท่วมอยู่ซอยเดียว ไม่เคยได้รับการแก้ไข แต่พอถนนปิดก็ให้รถเข้ามาเข้าซอยนี้ ชาวบ้านที่อยู่ซอยนี้ได้รับปัญหา หัดมาแก้ไขบ้าง ความสูงระดับหัวเข่า น้ำท่วมมาแล้วน้อยกว่า 1 วัน,https://storage.googleapis.com/traffy_public_bucket/attachment/2026-09/036c8beb74d6d2fcd5701b8059d2de1c.jpeg
2026-MMMUGD,inprogress,2026-09-25 20:24,2026-09-25 23:06,100.62767,13.77438,วังทองหลาง,พลับพลา,น้ำท่วมบ้าน ระบายไม่ทัน ความสูงระดับข้อเท้า น้ำท่วมมาแล้วน้อยกว่า 3 ชั่วโมง,https://storage.googleapis.com/traffy_public_bucket/attachment/2026-09/f3ae6262fa1d4e1e19de45030a809e4a.jpeg
2026-MMMUGD,finish,2026-09-25 20:24,2026-10-07 00:42,100.62767,13.77438,วังทองหลาง,พลับพลา,น้ำท่วมบ้าน ระบายไม่ทัน ความสูงระดับข้อเท้า น้ำท่วมมาแล้วน้อยกว่า 3 ชั่วโมง,https://storage.googleapis.com/traffy_public_bucket/attachment/2026-09/f3ae6262fa1d4e1e19de45030a809e4a.jpeg
2026-GCKMHZ,follow,2026-09-25 20:25,2026-10-03 14:56,100.61809,13.86523,บางเขน,อนุสาวรีย์,ตอนนี้น้ำได้เข้าท่วมชั้น1 และห้องน้ำ จึงไม่สามารถใช้การอาบน้ำและขับถ่ายไม่ได้เลย จึงอยากให้สำนักงานเขตบางเขน ช่วยเหลือชาวบ้านในระบายน้ำให้บ้านผมด้วยครับ ความสูงระดับข้อเท้า น้ำท่วมมาแล้วน้อยกว่า 1 วัน,https://storage.googleapis.com/traffy_public_bucket/attachment/2026-09/2f08e2c97c35c15694a1b3fdffdd1ca2.jpeg
2026-G4VTG8,forward,2026-09-25 20:26,2026-09-26 22:16,100.66049,13.73831,สะพานสูง,สะพานสูง,พบน้ำท่วมขัง ภายในบ้านและภายนอกบริเวณบ้าน ระดับน้ำขึ้นสูงกว่าเมื่อเช้าอย่างมาก ตอนนี้ระดับน้ำท่วมในบ้านสูง ประมาณ 35 ซ.ม. และมีแนวโน้มสูงขึ้นเรื่อย จากฝนตกหนักต่อเนื่องและน้ำคลองหนุนสูง ไหลเข้าที่ดิน อยากให้ช่วยสูบน้ำจากคลองบ้านม้าอย่างด่วนที่สุด ความสูงร,https://storage.googleapis.com/traffy_public_bucket/attachment/2026-09/251542cb3adbeb7c52ef57b688b53444.jpeg
2026-NMTMNT,finish,2026-09-25 20:26,2026-09-30 21:00,100.60043,13.8151,ลาดพร้าว,ลาดพร้าว,น้ำท่วมขัง ขณะนี้ ระดับน้ำสูงจนเกือบเข้าบ้านแล้ว 🙏🏼 ความสูงระดับประมาณ 5 ซม. จากพื้นถนนคะ น้ำท่วมมาแล้วน้ำท่วมสะสมตั้งแต่เมื่อคืน จนถึงขณะนี้คะ,https://storage.googleapis.com/traffy_public_bucket/attachment/2026-09/2ecf6d22b6721eed2c943c208ab85362.jpeg
2026-2AR73G,inprogress,2026-09-25 20:27,2026-09-25 21:51,100.64458,13.74596,สวนหลวง,สวนหลวง,น้ำท่วมซอยศรีนครินทร์9 กับ11 รบกวนท่านเมตตาสองซอยนี้หน่อยค่ะ เอาเครื่องสูบน้ำมาสูบหน่อยได้มั้ยคะ ความสูงระดับตอนนี้ประมาณ15 ซม ค่ะ น้ำท่วมมาแล้วน้อยกว่า 3 ชั่วโมง,https://storage.googleapis.com/traffy_public_bucket/attachment/2026-09/08f37d9a7ee0bb11c3cdf7e23790253e.jpeg
2026-3M26ER,finish,2026-09-25 20:27,2026-09-30 09:44,100.60074,13.72801,วัฒนา,คลองตันเหนือ,น้ำท่วมสูงรถผ่านซอยเข้าบ้านลำบาก ต้องการให้สูบน้ำด่วนค่ะ ความสูงระดับภาพนี้เมื่อหนึ่งชั่วโมงที่แล้ว แนวโน้มสูงขึ้นเรื่อยๆค่ะ ตอนนี้รถติดยังไม่ถึงบ้าน ที่บ้านแจ้งว่าครึ่งล้อรถแล้วค่ะ น้ำท่วมมาแล้วน่าจะสองสามชั่วโมงค่ะ,https://storage.googleapis.com/traffy_public_bucket/attachment/2026-09/1a9014fdd3c28a5adffe9ff2a644e81f.jpeg
2026-3D9UU6,finish,2026-09-25 20:28,2026-09-28 15:54,100.40311,13.68493,บางแค,หลักสอง,ต้องการกระสอบทรายเพื่อป้องกันน้ำเข้าบ้าน เนื่องจากตอนนี้ฝนตกไม่หยุด น้ำเริ่มเข้าบ้านแล้วทั้งหมู่บ้านสุขสันต์ ความสูงระดับหน้าแข้งค่ะ น้ำท่วมมาแล้วน้อยกว่า 3 ชั่วโมง,https://storage.googleapis.com/traffy_public_bucket/attachment/2026-09/e2a7cabcdd73f97437b0f1705badc399.jpeg
2026-9XR8BU,finish,2026-09-25 20:28,2026-09-26 17:34,100.69153,13.80167,คันนายาว,คันนายาว,8/17 นะคะ* ตอนนี้น้ำท่วมชั้นหนึ่งเนื่องจากบ้านต่ำกว่าถนน มีข้าวของเสียหายต้องการกระสอบทรายและความช่วยเหลืออื่นๆอย่างเร่งด่วนค่ะ ความสูงระดับท่วมสูงประมาณครึ่งแข้ง น้ำท่วมมาแล้วตั้งแต่ 16:30 ของวันนี้ค่ะ,https://storage.googleapis.com/traffy_public_bucket/attachment/2026-09/6989b311a77cf78e8bd1fafa9bbcf3c4.jpeg
2026-J2WLYU,forward,2026-09-25 20:29,2026-09-25 20:33,100.41615,13.69685,บางแค,บางแค,น้ำระดับคลองหลังบ้านทะลักเข้ามาพื้นที่ในบ้านแล้วคะ. ไม่สามารถสูบออกได้เพราะระดับน้ำในคลองสูงมากคะ ความสูงระดับหน้าแข้ง น้ำท่วมมาแล้ว3-4 ชัวโมง. คะแต่ช่วงแรกสูลแล้วลง. ตอนนี้ไม่ลงแล้วคะ,https://storage.googleapis.com/traffy_public_bucket/attachment/2026-09/39a2aeba85cc1dfb7ad02ea5063e208e.jpeg
2026-AKRMN8,finish,2026-09-25 20:30,2026-09-29 17:22,100.60396,13.72827,วัฒนา,คลองตันเหนือ,ช่วยส่งเจ้าหน้าที่มาเดินเครื่องสูบน้ำท้ายซอยพัฒณเวศม์15 ด้วยครับ เมื่อกลางวันมีเจ้าหน้าที่มาเดินเตรื่องน้ำลดลงไปไม่ขึ้นมาเอ่อท่วม ตอนนี้หยุดเดินเครื่องน้ำขึ้นมาท่วมเต็มซอยปรีดีพนมยงค์26 เต็มไปหมดแล้ว ถึงแม้จะสูบแล้วไม่หมด แต่ดีกว่าไม่สูบเลยครับ เห็นท่านผู,https://storage.googleapis.com/traffy_public_bucket/attachment/2026-09/e96d400abe6e54031e94378cbbe39238.jpeg
2026-9CGBC8,forward,2026-09-25 20:33,2026-09-26 21:26,100.58493,13.81362,จตุจักร,จันทรเกษม,น้ำท่วมขัง ความสูงระดับข้อเท้า น้ำท่วมมาแล้วน้อยกว่า 3 ชั่วโมง,https://storage.googleapis.com/traffy_public_bucket/attachment/2026-09/e8644910ee2cf5b569de3d227cd18362.jpeg
2026-PYVAWX,inprogress,2026-09-25 20:33,2026-09-26 18:15,100.6376,13.76643,บางกะปิ,คลองจั่น,แจ้งน้ำท่วม ความสูงระดับตอนนี้ท่วมในบ้านประมาณ 2 นิ้ว น้ำท่วมมาแล้วกำลังเข้าเรื่อย ๆ เห็นว่า น้ำในคลเงแสนแสบล้นใช่ไหมคะ,https://storage.googleapis.com/traffy_public_bucket/attachment/2026-09/778c95e7116144d23c4f6453907c5f4a.jpeg
2026-TBNKT4,inprogress,2026-09-25 20:33,2026-09-25 22:42,100.35237,13.67537,หนองแขม,หนองแขม,หมู่บ้านสร้างกำแพง และถมดินสูง ทำให้น้ำทะลักเข้าบ้านประชาชนใกล้เคียง ทำให้เกิดน้ำท่วม น้ำระบายไม่ทัน ความสูงระดับหัวเข่าและเพิ่มเรื่อยๆ น้ำท่วมมาแล้วทุกครั้งที่ฝนตกหนัก,https://storage.googleapis.com/traffy_public_bucket/attachment/2026-09/0c8419a927559dbe29da0c8035aa7493.jpeg
2026-8YLDEB,finish,2026-09-25 20:34,2026-10-05 17:13,100.67035,13.87418,บางเขน,ท่าแร้ง,หมู่บ้าน วิลล่ารามอินทราซึ่งเป็นนิติบุคคลเอากระสอบทรายมากั้น และเอากระสอบทรายไปกั้นท่อซึ่งเป็นท่อสาธารณะ ระหว่างสวนหย่อมกับซอย 9 หมู่บ้านเสนา 9 ทำให้น้ำท่วมซอย 9 ตอนนี้ล้นเข้าบ้านแล้วค่ะ อยากให้หน่วยงานมาช่วยไกล่เกลี่ยไปเปิดท่อซึ่งเป็นท่อสถานะได้ไหมคะเพรา,https://storage.googleapis.com/traffy_public_bucket/attachment/2026-09/238cac49ef21697f0daab52f502c674a.jpeg
2026-YZNTFT,inprogress,2026-09-25 20:34,2026-09-26 08:55,100.51566,13.64887,ทุ่งครุ,บางมด,น้ำท่วม ในซอยสุขสวัสดิ์64 อยากในปรับปรุงหน่อย สงสารคนบ้านต่ำบ้าง ฝนตกหนักหน่อยที่ท่วมเข้าบ้าน ความสูงระดับหัวเข่า น้ำท่วมมาแล้วน้อยกว่า 3 ชั่วโมง,https://storage.googleapis.com/traffy_public_bucket/attachment/2026-09/486c8f3dd91edf1385250790d084cbfc.jpeg
2026-74HU4H,forward,2026-09-25 20:35,2026-09-26 14:02,100.65256,13.73921,สวนหลวง,สวนหลวง,ฝนตก ย้ำท่วมขัง จราจรตืดขัด สะพานกลับรถมอเตอร์เวย์ 7 ความสูงระดับข้อเท้า น้ำท่วมมาแล้วน้อยกว่า 1 วัน,https://storage.googleapis.com/traffy_public_bucket/attachment/2026-09/db17c2baded45a9c2321049a8306fd49.jpeg
2026-B3U8RD,finish,2026-09-25 20:35,2026-09-30 16:35,100.64838,13.69422,ประเวศ,หนองบอน,น้ำท่วมขังในซอยอุดมสุข 43 กับ 45 ครับ ความสูงระดับครึ่งแข้งครับ น้ำท่วมมาแล้วมอเตอร์ไซค์ต้องเข็นครับ,https://storage.googleapis.com/traffy_public_bucket/attachment/2026-09/b4a2cf5940c43f4c59b7e41f7be00214.jpeg
2026-B82RC7,finish,2026-09-25 20:35,2026-09-30 16:36,100.64838,13.69422,ประเวศ,หนองบอน,น้ำท่วมขังในซอยอุดมสุข 43 กับ 45 ครับ ความสูงระดับครึ่งแข้งครับ น้ำท่วมมาแล้วตั้งแต่4โมงเย็นครับ,https://storage.googleapis.com/traffy_public_bucket/attachment/2026-09/e4c1631d2cd5faee47326716757d2c12.jpeg
2026-L9BGGL,finish,2026-09-25 20:35,2026-09-29 17:14,100.56266,13.86148,หลักสี่,ทุ่งสองห้อง,น้ำถึงประตูบ้านแล้ว ความสูงระดับข้อเท้า น้ำท่วมมาแล้ว2 ชั่วโมงกว่า,https://storage.googleapis.com/traffy_public_bucket/attachment/2026-09/0d72dcbcd035ee35692fc865808d5bd4.jpeg
2026-AX7P37,finish,2026-09-25 20:36,2026-10-01 13:38,100.59684,13.70019,พระโขนง,บางจาก,น้ำท่วมประมาณน่องที่ซอยสุขุมวิท 54 แยก 2-1 มาหลายชั่วโมงแล้วครับน้ำยังไม่ลงเลย ความสูงระดับประมาณน่องครับ น้ำท่วมมาแล้วน้อยกว่า 3 ชั่วโมง,https://storage.googleapis.com/traffy_public_bucket/attachment/2026-09/083b3799df0658038580b6b454712785.jpeg
2026-FWM44K,inprogress,2026-09-25 20:36,2026-09-27 07:19,100.42969,13.68475,บางบอน,คลองบางพราน,น้ำท่วมจนเอารถเข้าบ้านไม่ได้เลยคะ กลัวรถพังคะ รบกวนช่วยด้วยนะคะ ครั้งนี้สุดๆไปเลยคะ ความสูงระดับหน้าแข้ง น้ำท่วมมาแล้วน้อยกว่า 1 วัน,https://storage.googleapis.com/traffy_public_bucket/attachment/2026-09/6e44ae8bb82cc37864bc3335f2a101b0.jpeg
2026-ECLE9M,forward,2026-09-25 20:37,2026-09-25 20:39,100.66762,13.78017,บึงกุ่ม,คลองกุ่ม,น้ำท่วมเข้าในบ้าน ต้องการกระสอบทรายและเครื่องดูดน้ำ ความสูงระดับในบ้านเกือบถึงเข่า น้ำท่วมมาแล้วตั้งแต่เที่ยง,https://storage.googleapis.com/traffy_public_bucket/attachment/2026-09/55ac9ae95245526fa4346d99f7aaa4ff.jpeg
2026-TMRBT2,finish,2026-09-25 20:37,2026-10-01 14:37,100.35072,13.65869,หนองแขม,หนองแขม,น้ำท่วมปากซอยหมู่บ้านกิติยา-ธนาสุข เขตหนองแขม ความสูงระดับ30-40เซนติเมตร น้ำท่วมมาแล้ว5ชั่วโมง,https://storage.googleapis.com/traffy_public_bucket/attachment/2026-09/thumb_49422c30bb4ff7910f32c86225b178b5.jpg
2026-3ZFPPA,inprogress,2026-09-25 20:38,2026-09-25 21:05,100.64682,13.85308,บางเขน,ท่าแร้ง,"น้ำท่วมครับ ทั้งซอย 57, 61 และแยกต่างๆทั้งหมด ความสูงระดับซอย 61 ประมาณ 60 ซม. ได้ครับ ในนี้มีซอยแยกหลายซอย ท่วมเกือบหมด ส่วนในบ้านผมประมาณ 10-15 ซม. ครับ น้ำท่วมมาแล้ว15 ชม. ได้",https://storage.googleapis.com/traffy_public_bucket/attachment/2026-09/9dcdd634a1143c03d722e052d42dcad7.jpeg
2026-8PHEDB,inprogress,2026-09-25 20:38,2026-09-25 21:25,100.64152,13.69993,ประเวศ,หนองบอน,ต้องการขอรับกระสอบทรายเนื่องจากน้ำท่วมขังและมีผู้สูงอายุอาศัยอยู่ตามลำพังพยายามติดต่อหน่วยงานที่เกี่ยวข้องหลายช่องทางแต่ไม่สามารถติดต่อติดต่อได้ต้องการขอความช่วยเหลือเร่งด่วน ความสูงระดับข้อเท้า น้ำท่วมมาแล้วน้อยกว่า 3 ชั่วโมง,https://storage.googleapis.com/traffy_public_bucket/attachment/2026-09/718421f634ea5c216926acc0bd17e180.jpeg
2026-A66MTR,irrelevant,2026-09-25 20:38,2026-09-25 21:24,100.70059,13.73058,ประเวศ,ประเวศ,ไม่แสดงรายละเอียด,https://storage.googleapis.com/traffy_public_bucket/TeamChadChart/fondue_photo.png
2026-AEB9FT,inprogress,2026-09-25 20:38,2026-09-25 21:41,100.63244,13.73347,สวนหลวง,สวนหลวง,น้ำท่วมสูงในซอยพัฒนาการ 46 รถไม่สามารถเข้าออกได้ ความสูงระดับประมาณ 50 ซม.ขึ้นครับ น้ำท่วมมาแล้วบ่ายละครับ,https://storage.googleapis.com/traffy_public_bucket/attachment/2026-09/e093a8ff4567b6a7d75a1415162c6f3f.jpeg
2026-JALMKW,finish,2026-09-25 20:38,2026-10-01 15:51,100.53702,13.80814,บางซื่อ,บางซื่อ,น้ำท่วม 35-40 cm.ยังไม่มีเจ้าหน้าที่เข้ามาดำเนินการ ไร้วี่แววปล่อยประขาขนดูแลตัวเอง ชั้น 1 ต้องขนของหนีน้ำแล้ว เอาเครื่งดูดเข้ามาช่วยหน่อยเถ๊อะขอร้องเถ๊อะครับ..🙏 ความสูงระดับหัวเข่า น้ำท่วมมาแล้วเกิน 6 ชั่วโมง,https://storage.googleapis.com/traffy_public_bucket/attachment/2026-09/6fa4804e590be9c973fdd0a6f1da4f9c.jpeg
2026-Z62U8F,forward,2026-09-25 20:38,2026-09-26 22:15,100.67812,13.77359,สะพานสูง,สะพานสูง,แจ้งเรื่องน้ำล้นจากคลองสะพานสูงเข้าท่วมท้าย ซอย 6 เอ ของหมู่บ้านสัมมากรซอยรามคำแหง 112 ครับ ความสูงระดับหน้าแข้ง น้ำท่วมมาแล้วน้อยกว่า 3 ชั่วโมง,https://storage.googleapis.com/traffy_public_bucket/attachment/2026-09/thumb_9a6b8ad93a8bbced63ad176393a13f24.jpg
2026-2UXA9M,forward,2026-09-25 20:39,2026-09-25 20:40,100.60154,13.93416,ดอนเมือง,สีกัน,ปิ่นเจริญ2 พื้นที่ต่ำ ตกปกติก็ท่วม แต่... นี่คือคลองเปรมประชากรเข้าขั้นวิกฤตแล้ว แต่ผู้ว่าแถลงข่าวว่ามีแค่ฝั่งตะวันออกที่ต้องดูแล ... อยากให้มาดูแลและเร่งระบายคลองเปรมฯ ด้วยค่ะ อย่าดูแต่พื้นที่ชั้นในที่แห้ง และทิ้งคนริมขอบ กทม ความสูงระดับข้อเท้า น้ำท่วมม,https://storage.googleapis.com/traffy_public_bucket/attachment/2026-09/e8163c9235a94932b4a54679f32118b8.jpeg
2026-6YC2J2,finish,2026-09-25 20:39,2026-10-02 09:35,100.61243,13.70473,พระโขนง,บางจาก,น้ำท่วม ความสูงระดับน้ำซึมเข้ามาเข้ามาในบ้าน น้ำท่วมมาแล้วน้อยกว่า 1 ชั่วโมง,https://storage.googleapis.com/traffy_public_bucket/attachment/2026-09/0ee4f5a7e2967f63572bfdf369144910.jpeg
2026-TR7FU2,inprogress,2026-09-25 20:39,2026-09-26 18:44,100.61279,13.7503,บางกะปิ,หัวหมาก,แจ่งปัญหาน้ำท่วม ซอยรามคำแหง12 ความสูงระดับหน้าแข้ง น้ำท่วมมาแล้วน้อยกว่า 1 วัน,https://storage.googleapis.com/traffy_public_bucket/attachment/2026-09/35c73faaf616230aa8bff51db7350aa2.jpeg
2026-TR7FU2,finish,2026-09-25 20:39,2026-10-06 09:13,100.61279,13.7503,บางกะปิ,หัวหมาก,แจ่งปัญหาน้ำท่วม ซอยรามคำแหง12 ความสูงระดับหน้าแข้ง น้ำท่วมมาแล้วน้อยกว่า 1 วัน,https://storage.googleapis.com/traffy_public_bucket/attachment/2026-09/35c73faaf616230aa8bff51db7350aa2.jpeg
2026-47ANUU,inprogress,2026-09-25 20:40,2026-09-25 21:23,100.70059,13.73058,ประเวศ,ประเวศ,ฝนตก น้ำท่วมขัง จราจรติดชีด รถยนต์ประชาชนเสียหาย ถนนเฉลิมพระเกัยรติ ร.9 ขาเข้า ไปทางแยกประเวศ แถวหน้าดีคอนโด จราจรตืดขัด 4 ชั่วโมง ความสูงระดับเอว น้ำท่วมมาแล้วน้อยกว่า 1 สัปดาห์,https://storage.googleapis.com/traffy_public_bucket/attachment/2026-09/f5bda07188db4e843dbbbd2db7e499d0.jpeg
2026-FF8PF3,inprogress,2026-09-25 20:40,2026-09-28 13:02,100.69048,13.79709,คันนายาว,คันนายาว,น้ำท่วมขัง ความสูงระดับหน้าแข้ง น้ำท่วมมาแล้วน้อยกว่า 3 ชั่วโมง,https://storage.googleapis.com/traffy_public_bucket/attachment/2026-09/1ba359b0d83e940ce2c7dee14d14f25f.jpeg
2026-X46ZLU,forward,2026-09-25 20:40,2026-09-25 20:43,100.6578,13.7966,บึงกุ่ม,คลองกุ่ม,น้ำท่วมเข้าบ้านต้องการที่สูบน้ำค่ะ ความสูงระดับ4ชั่วโมง น้ำท่วมมาแล้วน้อยกว่า 1 วัน,https://storage.googleapis.com/traffy_public_bucket/attachment/2026-09/e7f58095ff1b4f20044b80d7b3198be2.jpeg
2026-MWXUVJ,finish,2026-09-25 20:41,2026-09-26 23:18,100.54963,13.75987,ดินแดง,ดินแดง,น้ำท่วมขัง ความสูงระดับ1/3ล้อรถค่ะ น้ำท่วมมาแล้วช่วง 17.00น,https://storage.googleapis.com/traffy_public_bucket/attachment/2026-09/thumb_3f23d61870ef35d432a0b97e84714552.jpg
2026-PHKJWT,inprogress,2026-09-25 20:41,2026-09-25 23:04,100.62791,13.7844,วังทองหลาง,คลองเจ้าคุณสิงห์,ลาดพร้าว 101 หมู่บ้านอยู่เจริญ เขตวังทองหลาง แขวงคลองเจ้าคุณสิงห์ น้ำท่วมครับ จนน้ำเริ่มทะลักจากพื้นหลังบ้านแล้วครับ น้ำไม่ถูกระบายออกคลองเลย ความสูงระดับตอนนี้ถ้าในหมู่บ้านครึ่งแข่งครับ บางพื้นที่ในหมู่บ้านแระมาณเข่า บ้านผม 393 แบ่งเป็น 4 โซน โซน4หลังบ้า,https://storage.googleapis.com/traffy_public_bucket/attachment/2026-09/6a9963ad53a570b7690ad22d05e1b9a4.jpeg
2026-PHKJWT,finish,2026-09-25 20:41,2026-10-07 00:41,100.62791,13.7844,วังทองหลาง,คลองเจ้าคุณสิงห์,ลาดพร้าว 101 หมู่บ้านอยู่เจริญ เขตวังทองหลาง แขวงคลองเจ้าคุณสิงห์ น้ำท่วมครับ จนน้ำเริ่มทะลักจากพื้นหลังบ้านแล้วครับ น้ำไม่ถูกระบายออกคลองเลย ความสูงระดับตอนนี้ถ้าในหมู่บ้านครึ่งแข่งครับ บางพื้นที่ในหมู่บ้านแระมาณเข่า บ้านผม 393 แบ่งเป็น 4 โซน โซน4หลังบ้า,https://storage.googleapis.com/traffy_public_bucket/attachment/2026-09/6a9963ad53a570b7690ad22d05e1b9a4.jpeg
2026-VKELYU,inprogress,2026-09-25 20:42,2026-09-26 08:54,100.49779,13.62977,ทุ่งครุ,ทุ่งครุ,ตอนนี้ฝนตกมาเรื่อยๆน้ำในคลองดูเหมือนนิ่งมากค่ะไม่ไหลเลยตอนนี้น้ำเริ่มเอ่อล้นขึ้นมาข้างบ้านจะเข้าห้องแล้วค่ะ อยากให้เปิดที่กั้นคลองก่อนค่ะ ความสูงระดับข้อเท้า น้ำท่วมมาแล้ว3ชั่วโมงคะ,https://storage.googleapis.com/traffy_public_bucket/attachment/2026-09/9001ebb13a9de8092dd937e2c3b2bc32.jpeg
2026-VKELYU,finish,2026-09-25 20:42,2026-10-06 10:39,100.49779,13.62977,ทุ่งครุ,ทุ่งครุ,ตอนนี้ฝนตกมาเรื่อยๆน้ำในคลองดูเหมือนนิ่งมากค่ะไม่ไหลเลยตอนนี้น้ำเริ่มเอ่อล้นขึ้นมาข้างบ้านจะเข้าห้องแล้วค่ะ อยากให้เปิดที่กั้นคลองก่อนค่ะ ความสูงระดับข้อเท้า น้ำท่วมมาแล้ว3ชั่วโมงคะ,https://storage.googleapis.com/traffy_public_bucket/attachment/2026-09/9001ebb13a9de8092dd937e2c3b2bc32.jpeg
2026-GWX8CF,finish,2026-09-25 20:43,2026-09-28 16:46,100.37464,13.72336,บางแค,บางแคเหนือ,น้ำท่วมซอยหมู่บ้านเศรษฐกิจ 39 ตั้งแต่ต้นซอยค่ะ ท่วมเกือบตลอดแนวซอย ความสูงระดับข้อเท้า น้ำท่วมมาแล้วน้อยกว่า 1 วัน,https://storage.googleapis.com/traffy_public_bucket/attachment/2026-09/96bb4e9555a5d85d8b700bdb697b4102.jpeg
2026-G9T62Y,inprogress,2026-09-25 20:44,2026-09-25 21:10,100.60797,13.88985,บางเขน,อนุสาวรีย์,ขอเจ้าหน้าที่มาสูบน้ำออกจากถนนเทพรักโดยด่วนขณะนี้น้ำทะลักเข้าหน้าคอนโดไหลลงชั้นลานจอดด้านล่าง เรื่องแจ้งไปแล้วไม่มี feedback เลย ช้ามาก ความสูงระดับหัวเข่า น้ำท่วมมาแล้วน้อยกว่า 3 ชั่วโมง,https://storage.googleapis.com/traffy_public_bucket/attachment/2026-09/thumb_663cc259b3ee2291690d31003ebe1c04.jpg
2026-G9T62Y,finish,2026-09-25 20:44,2026-10-07 11:17,100.60797,13.88985,บางเขน,อนุสาวรีย์,ขอเจ้าหน้าที่มาสูบน้ำออกจากถนนเทพรักโดยด่วนขณะนี้น้ำทะลักเข้าหน้าคอนโดไหลลงชั้นลานจอดด้านล่าง เรื่องแจ้งไปแล้วไม่มี feedback เลย ช้ามาก ความสูงระดับหัวเข่า น้ำท่วมมาแล้วน้อยกว่า 3 ชั่วโมง,https://storage.googleapis.com/traffy_public_bucket/attachment/2026-09/thumb_663cc259b3ee2291690d31003ebe1c04.jpg
2026-X8AE9A,inprogress,2026-09-25 20:44,2026-09-26 18:43,100.63107,13.77861,บางกะปิ,คลองจั่น,น้ำท่วมในซอยลาดพร้าว101/1 แยก 17 ความสูงระดับหน้าเข้ง น้ำท่วมมาแล้วน้อยกว่า 3 ชั่วโมง,https://storage.googleapis.com/traffy_public_bucket/attachment/2026-09/ba576572345af6657e2a569dd626fc52.jpeg
2026-2M8JP3,finish,2026-09-25 20:45,2026-10-05 11:20,100.60395,13.72832,วัฒนา,คลองตันเหนือ,ช่วยส่งเจ้าหน้าที่มาเดินเครื่องสูบน้ำท้ายซอยพัฒนเวศม์15 ด้วยค่ะ น้ำในซอยปรีดีพนมยงค์26 จะได้ลงคลองพระขโนงได้ ตอนนี้น้ำท่วมหนัก เมื่อกลางวันมีเจ้าหน้าที่มาเดินเครื่องสูบน้ำ น้ำก็ไม่ท่วม ตอนนี้ไม่ได้เดินเครื่องสูบน้ำเลย น้ำท่วมทั้งซอยเลยค่ะ ความสูงระดับหน้า,https://storage.googleapis.com/traffy_public_bucket/attachment/2026-09/f6f6007085644ae7b878d3c7f8a85934.jpeg
2026-33TRUK,inprogress,2026-09-25 20:45,2026-09-26 18:43,100.63024,13.76863,บางกะปิ,คลองจั่น,น้ำไม่ระบายลงคลองจั่นเลย น้ำท่วมเข้าบ้านแล้ว ความสูงระดับตกลงไม่รับเรื่องใช่ไหม น้ำท่วมมาแล้วถนนหน้าบ้าน 60-70 cm เข้ามาถนนในบ้าน 15 cm แล้ว ท่วมวันนี้ ลักษณะน้ำล้นจากคลองจั่น,https://storage.googleapis.com/traffy_public_bucket/attachment/2026-09/504cf9deb3ddb924cc5f5b7a6f9b01c0.jpeg
2026-WPXUFA,finish,2026-09-25 20:45,2026-09-28 22:16,100.62072,13.67676,บางนา,บางนาเหนือ,ซอยน้ำท่วมหนักมาก ผ่านมา 4 ชั่วโมงแล้วน้ำยังไม่ลดเลย ทั่งที่ผ่านมาก่อนหน้านี้น้ำลดเร็วมาก รบกวนส่งเจ้าหน้าที่ช่วยแก้ไขปัญหาด้วยครับ ความสูงระดับหน้าแข้ง น้ำท่วมมาแล้วน้อยกว่า 1 วัน,https://storage.googleapis.com/traffy_public_bucket/attachment/2026-09/aa55d5618c754477a025ea63a0ebf84a.jpeg
2026-3M9AVA,finish,2026-09-25 20:46,2026-09-28 20:19,100.40174,13.72311,บางแค,บางแคเหนือ,น้ำท่วมในหมู่บ้านและในซอยเพชรเกษม88 พุทธมณฑลสาย2 ซอย10 บริเวณรอบๆเป็นหย่อมๆค่ะ ความสูงระดับครึ่งหน้าแข้งค่ะ น้ำท่วมมาแล้ว3ชม น่าจะเริ่มสูงขึ้นเรื่อยๆค่ะ ถ้ายังไม่หยุดตก🥹🥹,https://storage.googleapis.com/traffy_public_bucket/attachment/2026-09/ae452d528500fb9b835327c78cdde8fc.jpeg
2026-YUNLAR,inprogress,2026-09-25 20:46,2026-09-25 21:14,100.68455,13.74154,สะพานสูง,สะพานสูง,หมู่บ้านอยู่สบาย กรุงเทพกรีฑา 39 น้ำเข้าบ้านแล้วครับ ความสูงระดับหน้าแข้ง น้ำท่วมมาแล้วน้อยกว่า 3 ชั่วโมง,https://storage.googleapis.com/traffy_public_bucket/attachment/2026-09/thumb_817e0ea7a8176ee957d6d31a40f9e744.jpg
2026-E2LC6W,finish,2026-09-25 20:47,2026-10-02 14:10,100.60914,13.69731,พระโขนง,บางจาก,น้ำท่วมครับ ความสูงระดับบ้านผมอยู่ในซอยสุขุมวิท 99 ท้ายๆซอย มันเลยลึกกว่าหน้าซอยครับ ซอยบ้านผมต่ำกว่าถนนใหญ่ด้วย ครึ่งแข้งครับ แต่ในบ้านก็ท่วมเยอะอยู่ เกือบเข้าตัวบ้านแล้ว น้ำท่วมมาแล้วน้อยกว่า 3 ชั่วโมง,https://storage.googleapis.com/traffy_public_bucket/attachment/2026-09/thumb_22d784683c13ad23aab15609892d79e0.jpg
2026-KYDWLE,forward,2026-09-25 20:47,2026-09-25 21:02,100.79289,13.72084,ลาดกระบัง,ทับยาว,น้ำท่วมบริเวณถนนหน้าโลตัส ทั้ง2 เลน ความสูงระดับหน้าแข้ง น้ำท่วมมาแล้วน้อยกว่า 1 วัน,https://storage.googleapis.com/traffy_public_bucket/attachment/2026-09/3c82183fd0cf7482746a730b761446d1.jpeg
2026-TDH8GK,forward,2026-09-25 20:47,2026-09-30 11:38,100.58963,13.81333,ลาดพร้าว,ลาดพร้าว,ซอยลาดพร้าววังหิน 53 ติดคลองลาดพร้าว น้ำเข้าบ้านแล้วค่ะ ความสูงระดับหัวเข่า น้ำท่วมมาแล้วน้อยกว่า 1 วัน,https://storage.googleapis.com/traffy_public_bucket/attachment/2026-09/6172cdcc9be2eb776a169a0ea895a353.jpeg
2026-YLL82R,inprogress,2026-09-25 20:47,2026-09-25 23:03,100.62804,13.78415,วังทองหลาง,คลองเจ้าคุณสิงห์,หมู่บ้านอยู่เจริญซอยลาดพร้าว 101 แยก 17 มีน้ำท่วมตั้งแต่ตอนบ่ายท่วมหลายชั่วโมงแล้วต้องการให้สำนักงานระบายน้ำช่วยส่งเครื่องสูบน้ำมาสูบน้ำออกจากหมู่บ้านด้วยค่ะ ความสูงระดับบนถนนหน้าบ้านท่วมประมาณหัวเข่าค่ะ น้ำท่วมมาแล้วน้อยกว่า 1 วัน,https://storage.googleapis.com/traffy_public_bucket/attachment/2026-09/73cd25b83a03017450dd24a80098719a.jpeg
2026-YLL82R,finish,2026-09-25 20:47,2026-10-07 00:41,100.62804,13.78415,วังทองหลาง,คลองเจ้าคุณสิงห์,หมู่บ้านอยู่เจริญซอยลาดพร้าว 101 แยก 17 มีน้ำท่วมตั้งแต่ตอนบ่ายท่วมหลายชั่วโมงแล้วต้องการให้สำนักงานระบายน้ำช่วยส่งเครื่องสูบน้ำมาสูบน้ำออกจากหมู่บ้านด้วยค่ะ ความสูงระดับบนถนนหน้าบ้านท่วมประมาณหัวเข่าค่ะ น้ำท่วมมาแล้วน้อยกว่า 1 วัน,https://storage.googleapis.com/traffy_public_bucket/attachment/2026-09/73cd25b83a03017450dd24a80098719a.jpeg
2026-YP9MJC,finish,2026-09-25 20:47,2026-10-02 10:34,100.34282,13.65826,หนองแขม,หนองแขม,ซอยหนองแขม-วัดศรีนวล พบปัญหานำ้ขัง ไม่ระบาย รบกวนเข้ามาแก้ไขจัดการให้ด้วยครับ ความสูงระดับหน้าแข้ง น้ำท่วมมาแล้วน้อยกว่า 1 วัน,https://storage.googleapis.com/traffy_public_bucket/attachment/2026-09/9bb779af186a9afcad57be64618cbafc.jpeg
2026-6AT8H7,finish,2026-09-25 20:48,2026-10-05 17:12,100.66962,13.87457,บางเขน,ท่าแร้ง,เนื่องจากมีปัญหาน้ำท่วมและมีกลุ่มบุคคลร้ำกระสอบทรายมาขวางทางน้ำทั้งในท่อและบนถนนทำให้น้ำไม่ระบาย ความสูงระดับ20เซนครับ น้ำท่วมมาแล้วตั้งแต่เมื่อเช้าครับ,https://storage.googleapis.com/traffy_public_bucket/attachment/2026-09/09378a22f1202c3e8f63f0eab10f1e6d.jpeg
2026-MAE34Z,inprogress,2026-09-25 20:48,2026-09-25 21:15,100.71257,13.78481,สะพานสูง,สะพานสูง,น้ำท่วมเข้ามาในบ้าน ความสูงระดับข้อเท้า น้ำท่วมมาแล้วน้อยกว่า 3 ชั่วโมง,https://storage.googleapis.com/traffy_public_bucket/attachment/2026-09/thumb_8e4aebaf18d93ecfce1e83e96d0e61f5.jpg
2026-YLGZUX,finish,2026-09-25 20:48,2026-10-02 09:37,100.6055,13.69787,พระโขนง,บางจาก,น้ำท่วมในซอยใกล้เข้าบ้านค่ะ ถนนใหญ่แห้งสนิท ความสูงระดับ10-15เซนติเมตรค่ะ น้ำท่วมมาแล้ว1ชั่วโมง ครึ่งค่ะ,https://storage.googleapis.com/traffy_public_bucket/attachment/2026-09/8fd1f1f48bbf48475449341a2ec6e25f.jpeg
2026-AHJZYF,inprogress,2026-09-25 20:50,2026-09-25 21:11,100.63665,13.86693,บางเขน,ท่าแร้ง,น้ำท่วมขังในบ้านครับตอนนี้ สุขาภิบาล5 ซ.5แยก 10 คืนนี้ถ้าตกลงมาซ้ำอีกจะไม่มีที่นอนครับ ตอนนี้เครื่องใช้ไฟฟ้าหลายอย่างต้องยกใว้บนโต๊ะแล้วครับ ไม่งั้นโดนน้ำท่วมอ่วมมากเลยครับ ชั้นล่างตอนนี้จะถึงเข่าแล้วครับ อีกคืบเดียวถึงเตียงนอนครับ มีสัตว์เลี้ยงหลายตัว หม,https://storage.googleapis.com/traffy_public_bucket/attachment/2026-09/43971efa1978300a7d17df4059d29c7c.jpeg
2026-CA48VK,finish,2026-09-25 20:50,2026-09-29 16:51,100.58025,13.74411,วัฒนา,คลองตันเหนือ,น้ำท่วม หนักมากก ตั้งแต่ทำเรื่องท่อ ปากซอย ตรง ข้าง กุโบร์ บ้านดอน ใน สุขุมวิท 49/14 ความสูงระดับหัวเข่า น้ำท่วมมาแล้วน้อยกว่า 3 ชั่วโมง,https://storage.googleapis.com/traffy_public_bucket/attachment/2026-09/6b38dbfcf567027801fecfcf3f2c6dda.jpeg
2026-T6NWB8,finish,2026-09-25 20:51,2026-09-28 16:15,100.39687,13.7065,บางแค,หลักสอง,น้ำท่วม ความสูงระดับข้อเท้า น้ำท่วมมาแล้วน้อยกว่า 1 วัน,https://storage.googleapis.com/traffy_public_bucket/attachment/2026-09/c21718ec6b85ef6ccbe5ff77654636b4.jpeg
2026-ZN7EH4,inprogress,2026-09-25 20:51,2026-09-25 21:17,100.69133,13.69263,ประเวศ,ดอกไม้,น้ำท่วมหมู่บ้าน ความสูงระดับเกือบถึงหัวเข่า น้ำท่วมมาแล้วทั้งวัน 6-8 ชั่วโมง,https://storage.googleapis.com/traffy_public_bucket/attachment/2026-09/77eb836412a9ec3b3ddd7688def78aa5.jpeg
2026-VAW8UN,finish,2026-09-25 20:52,2026-09-28 23:58,100.63516,13.66482,บางนา,บางนาเหนือ,น้ำท่วมขังบริเวณบางนา-ตราด ซอย 38 ใกล้โรงพยาบาลบางนา 1 ระดับน้ำกำลังเพิ่มขึ้นอย่างต่อเนื่องและใกล้เข้าบ้าน ขอให้ช่วยเร่งตรวจสอบและระบายน้ำโดยด่วนครับ ความสูงระดับหน้าแข้ง น้ำท่วมมาแล้วน้อยกว่า 1 วัน,https://storage.googleapis.com/traffy_public_bucket/attachment/2026-09/thumb_72c8f0ccb300a49b90af4c781e4cdd78.jpg
2026-HKFKCP,finish,2026-09-25 20:53,2026-10-02 10:32,100.37077,13.69355,หนองแขม,หนองแขม,น้ำท่วม ความสูงระดับหัวเข่า น้ำท่วมมาแล้วน้อยกว่า 1 วัน,https://storage.googleapis.com/traffy_public_bucket/attachment/2026-09/4479a3d61474ae7f2efc6f4ec7428e61.jpeg
2026-84X346,inprogress,2026-09-25 20:54,2026-09-25 21:16,100.69918,13.73041,ประเวศ,ประเวศ,ฝนตก น้ำท่วมขัง ถนนเฉลืมพระเกียรติ ร.9 ความสูงระดับสูงกว่าเอว น้ำท่วมมาแล้วมากกว่า 1 สัปดาห์,https://storage.googleapis.com/traffy_public_bucket/attachment/2026-09/b2a7a290c20e0f8e3b525dce4e7477f3.jpeg
2026-BX96C8,inprogress,2026-09-25 20:54,2026-09-25 22:52,100.71718,13.78711,มีนบุรี,มีนบุรี,น้ำท่วมซอยหน้าบ้านแล้วครับท่าน ความสูงระดับ40 Cm. แล้วครับท่ทนทำอะไรกันบ้างแล้วครับ น้ำท่วมมาแล้ว5ชมแล้ว,https://storage.googleapis.com/traffy_public_bucket/attachment/2026-09/33f418fe16d41718d79e69d55bd83075.jpeg
2026-NE3CZU,finish,2026-09-25 20:54,2026-10-05 08:48,100.60868,13.83915,ลาดพร้าว,จรเข้บัว,อยากได้เครื่องสูบน้ำเพิ่มที่หมู่บ้านเสนานิเวศโครงการ2ซอย210น้ำท่วมขังมาถึงในบ้าน ความสูงระดับหัวเขา น้ำท่วมมาแล้ว1วันแล้ว,https://storage.googleapis.com/traffy_public_bucket/attachment/2026-09/da17bb375a656d64c4bd6c058366f2e7.jpeg
2026-EMULP9,finish,2026-09-25 20:55,2026-09-25 21:53,100.63478,13.67474,บางนา,บางนาเหนือ,คอนโดโครงการจิระ จงใจทำกำแพงเปิดทางระบายมวลน้ำลงพื้นที่ข้างเคียง ความสูงระดับท่วมเข้าบ้าน น้ำท่วมมาแล้วตั้งแต่สร้างคอนโด ฝนตกมีปัญหา,https://storage.googleapis.com/traffy_public_bucket/attachment/2026-09/thumb_111e0bf30dd1642e5ad947f79c4a1473.jpg
2026-K8WWDG,inprogress,2026-09-25 20:55,2026-09-25 21:11,100.63666,13.8669,บางเขน,ท่าแร้ง,น้ำท่วมขังในบ้านครับตอนนี้ สุขาภิบาล5 ซ.5แยก 10 คืนนี้ถ้าตกลงมาซ้ำอีกจะไม่มีที่นอนครับ ตอนนี้เครื่องใช้ไฟฟ้าหลายอย่างต้องยกใว้บนโต๊ะแล้วครับ ไม่งั้นโดนน้ำท่วมอ่วมมากเลยครับ ชั้นล่างตอนนี้จะถึงเข่าแล้วครับ อีกคืบเดียวถึงเตียงนอนครับ มีสัตว์เลี้ยงหลายตัว หม,https://storage.googleapis.com/traffy_public_bucket/attachment/2026-09/f85bc528eb9a7e168af4252093dc21a4.jpeg
2026-ZCHEYP,finish,2026-09-25 20:55,2026-09-29 12:52,100.40273,13.70666,บางแค,หลักสอง,ท้ายซอยท่อน้ำไม่ระบาย ทำให้เกิดน้ำท่วมขัง จนเห็นได้ชัดผิดจากต้นซอยน้ำไม่ท่วม ความสูงระดับสูงประมาณ6ซม.หรือเท้าตาตุ่มค่ะ น้ำท่วมมาแล้วจริงๆ ทางระบายน้ำตรงแถวที่ถ่ายระบายน้ำยากจนเป็นตะไคร่มาหลายปีแล้วค่ะ จนเวลาฝนตกหนักตรงท้ายซอยน้ำขะท้วมเห็นชัดกว่าต้นซอยค่ะ,https://storage.googleapis.com/traffy_public_bucket/attachment/2026-09/thumb_680d691df89612488c34b0cfb4c475b4.jpg
2026-7EXWK2,inprogress,2026-09-25 20:56,2026-10-01 16:09,100.52841,13.83192,บางซื่อ,วงศ์สว่าง,เวลาฝนตกหนัก จะมีน้ำขังเอ่อท่วมหน้าปากซอยสิทธิชัย 9 และบริเวณนั้นน้ำไม่สามารถมีทางที่สามารถระบายได้ทำได้แค่ปล่อยจนแห้ง ถ้าตกมาหนัก สามารถท่วมถึงเหนือข้อเท้าได้ ความสูงระดับข้อเท้า น้ำท่วมมาแล้วทุกครั้งที่ฝนตกหนัก,https://storage.googleapis.com/traffy_public_bucket/attachment/2026-09/148881c11b39f9b21b2a07b84b1110eb.jpeg
2026-7EXWK2,finish,2026-09-25 20:56,2026-10-08 14:52,100.52841,13.83192,บางซื่อ,วงศ์สว่าง,เวลาฝนตกหนัก จะมีน้ำขังเอ่อท่วมหน้าปากซอยสิทธิชัย 9 และบริเวณนั้นน้ำไม่สามารถมีทางที่สามารถระบายได้ทำได้แค่ปล่อยจนแห้ง ถ้าตกมาหนัก สามารถท่วมถึงเหนือข้อเท้าได้ ความสูงระดับข้อเท้า น้ำท่วมมาแล้วทุกครั้งที่ฝนตกหนัก,https://storage.googleapis.com/traffy_public_bucket/attachment/2026-09/148881c11b39f9b21b2a07b84b1110eb.jpeg
2026-8DVX4W,inprogress,2026-09-25 20:57,2026-09-26 07:53,100.59782,13.70189,พระโขนง,บางจาก,ซอยเล็กเที่ยง น้ำท่วมบริเวณบ้าน ท่อระบายน้ำไม่สามารถระบายน้ำได้ กรุณา ช่วยเค้าจัดการโดยเร็วที่สุดครับ ความสูงระดับหน้าแข้ง น้ำท่วมมาแล้วน้อยกว่า 3 ชั่วโมง,https://storage.googleapis.com/traffy_public_bucket/attachment/2026-09/4a64cbd17d0dbb337e7f3dbde858c79e.jpeg
2026-8DVX4W,finish,2026-09-25 20:57,2026-10-07 08:47,100.59782,13.70189,พระโขนง,บางจาก,ซอยเล็กเที่ยง น้ำท่วมบริเวณบ้าน ท่อระบายน้ำไม่สามารถระบายน้ำได้ กรุณา ช่วยเค้าจัดการโดยเร็วที่สุดครับ ความสูงระดับหน้าแข้ง น้ำท่วมมาแล้วน้อยกว่า 3 ชั่วโมง,https://storage.googleapis.com/traffy_public_bucket/attachment/2026-09/4a64cbd17d0dbb337e7f3dbde858c79e.jpeg
2026-DFR9KC,inprogress,2026-09-25 20:57,2026-09-25 21:41,100.62616,13.73581,สวนหลวง,สวนหลวง,น้ำท่วมขังในซอยพัฒนาการ40 ตอนนี้ค่ะ ความสูงระดับฟุตบาทค่ะตามในคลิปเลยค่ะ น้ำท่วมมาแล้วตั้งแต่ช่วง4โมงครึ่งค่ะ,https://storage.googleapis.com/traffy_public_bucket/attachment/2026-09/thumb_6e55ba34b855d06071895e06b0956009.jpg
2026-2J629B,forward,2026-09-25 20:58,2026-09-28 16:16,100.6127,13.90113,สายไหม,คลองถนน,น้ำท่วมสูงไม่ระบาย ความสูงระดับหัวเข่า น้ำท่วมมาแล้วน้อยกว่า 3 ชั่วโมง,https://storage.googleapis.com/traffy_public_bucket/attachment/2026-09/cc305a664bcbad6131d6fb08603dc967.jpeg
2026-39B3V9,inprogress,2026-09-25 20:58,2026-09-25 21:12,100.6212,13.86825,บางเขน,อนุสาวรีย์,"น้ำท่วมขังซอยรามอินทรา 21 แยก16 ความสูงระดับซอยย่อย 16 ประมาณ 10 ซม. , ซอยรามอินทรา 21 รถเล็กวิ่งไม่ได้ค่ะ น้ำท่วมมาแล้วซอยรามอินทรา 21 ท่วมมาทั้งวัน แต่ปริมาณน้ำสูงขึ้นมาจนรถเล็กวิ่งไม่ได้แล้ว , ซอยย่อย 16 เพิ่งท่วมตอนเย็นค่ะ",https://storage.googleapis.com/traffy_public_bucket/attachment/2026-09/e34f302839a07690d4d9d71cf3ce21ae.jpeg
2026-Z6P2XN,forward,2026-09-25 20:58,2026-09-25 21:11,100.64768,13.78534,บึงกุ่ม,นวมินทร์,ระดับน้ำในบึงพังเพยหน้าร้านนิตยาไก่ย่างสูงมาก เกือบจะล้นขึ้นมาในซอย และตอนนี้ระดับน้ำดันเข้าท่อระบายน้ำในหมู่บ้าน The City Nawamin 53 แล้ว ความสูงระดับถ้าที่ปากซอยยังไม่ล้นขึ้นมาครับ แต่เกือบถึงขอบบน ส่วนในหมู่บ้านด้านในล้นเกินฟุตบาท เข้าที่จอดรถบางซอยแล,https://storage.googleapis.com/traffy_public_bucket/attachment/2026-09/7b58303fcbc55e93c0796751726a8735.jpeg
2026-2HH2BZ,start,2026-09-25 20:59,2026-09-25 21:42,100.75208,13.71794,ลาดกระบัง,ลาดกระบัง,แจ้งปัญหาน้ำท่วมซอยลาดกระบัง 36 น้ำไหลเข้าท่วมจนรถยนตร์ไม่สามารถสัญจรเข้าออกในหมู่บ้านได้ และน้ำเริ่มไหลเข้าท่วมบ้านแล้วค่ะ ความสูงระดับเลยขอบประตูรถเก๋งค่ะ น้ำท่วมมาแล้วช่วยออกมาดูหน่อยนะคพ,https://storage.googleapis.com/traffy_public_bucket/attachment/2026-09/65a82b1736072bf791ef9517caa687ce.jpeg
2026-MAHD3D,inprogress,2026-09-25 21:00,2026-09-25 23:06,100.62189,13.7889,วังทองหลาง,คลองเจ้าคุณสิงห์,จะถึงคิวสูบน้ำยังค่ะ วิดน้ำในบ้านตั้งแต่ตกหนัก จนถึงตอนนี้ น้ำลงช้ามากเลยค่ะ เหนื่อยมากเลยค่ะ ทำไมซอยนี้ท่วมอยู่ซอยเดียวค่ะ ผ่านหลายซอยไม่ท่วมเลย ไม่รู้ตอนทำถนนหลักลืมทำท่อน้ำทิ้งให้หรือเปล่าท่วมมากมายตั้งแต่ทำถนนหลักล่ะ ความสูงระดับในบ้านไม่มีเวลาถ่ายค่ะ,https://storage.googleapis.com/traffy_public_bucket/attachment/2026-09/433c191c61f1d5721525821262edb08d.jpeg
2026-MAHD3D,finish,2026-09-25 21:00,2026-10-07 00:39,100.62189,13.7889,วังทองหลาง,คลองเจ้าคุณสิงห์,จะถึงคิวสูบน้ำยังค่ะ วิดน้ำในบ้านตั้งแต่ตกหนัก จนถึงตอนนี้ น้ำลงช้ามากเลยค่ะ เหนื่อยมากเลยค่ะ ทำไมซอยนี้ท่วมอยู่ซอยเดียวค่ะ ผ่านหลายซอยไม่ท่วมเลย ไม่รู้ตอนทำถนนหลักลืมทำท่อน้ำทิ้งให้หรือเปล่าท่วมมากมายตั้งแต่ทำถนนหลักล่ะ ความสูงระดับในบ้านไม่มีเวลาถ่ายค่ะ,https://storage.googleapis.com/traffy_public_bucket/attachment/2026-09/433c191c61f1d5721525821262edb08d.jpeg
2026-R3KY2V,inprogress,2026-09-25 21:00,2026-09-25 21:16,100.65274,13.67217,ประเวศ,หนองบอน,น้ำท่วม 30ซม ความสูงระดับ30ซม น้ำท่วมมาแล้วน้อยกว่า 1 ชั่วโมง,https://storage.googleapis.com/traffy_public_bucket/attachment/2026-09/7092fb64afbc5d1346cdc8080c1f490b.jpeg
2026-R88HRX,finish,2026-09-25 21:00,2026-10-02 09:38,100.61995,13.69512,พระโขนง,บางจาก,น้ำท่วม ความสูงระดับหน้าแข้ง น้ำท่วมมาแล้วน้อยกว่า 3 ชั่วโมง,https://storage.googleapis.com/traffy_public_bucket/attachment/2026-09/d298b293d2a961f92ec9895db25e600a.jpeg
2026-ZJFLX9,finish,2026-09-25 21:00,2026-09-29 17:14,100.55684,13.85791,หลักสี่,ทุ่งสองห้อง,น้ำท่วมขัง เกือบเข้าบ้านละค่ะ ความสูงระดับ 20-30cm ละค่ะ น้ำท่วมมาแล้วน้อยกว่า 3 ชั่วโมง,https://storage.googleapis.com/traffy_public_bucket/attachment/2026-09/9f14f6fe6d42db89d6c1bfaa71fa2b3d.jpeg
2026-GDNB2T,forward,2026-09-25 21:01,2026-09-26 21:28,100.58086,13.80325,จตุจักร,จันทรเกษม,น้ำท่วมขังอีกแล้ว ท่วมขังยาวทั้งซอย ช่วยแก้ปัญหานี้ให้ไม่เกิดขึ้นอีกหน่อยครับ เกิดขึ้นบ่อยมาก ฝนตกนิดเดียวก็ท่วมขังแล้ว คุณภาพชีวิตแย่มาก ความสูงระดับบางจุดเกือบถึงเข่าครับ น้ำท่วมมาแล้วมากกว่า 3 ชม.,https://storage.googleapis.com/traffy_public_bucket/attachment/2026-09/34c29a655079a1074b31c572f1e998d6.jpeg
2026-PKTM6X,inprogress,2026-09-25 21:01,2026-09-27 07:20,100.35334,13.65192,บางบอน,บางบอนเหนือ,ฝนตกน้ำท่วมสูงในหมู่บ้านธวัชพงศ์ ถนนบางบอน 5 ซอย 7 ไม่สามารถเดินทางได้ท่วมตั้งแต่เช้าจนเวลานี้ดึก ความสูงระดับหน้าแข้ง น้ำท่วมมาแล้วน้อยกว่า 1 วัน,https://storage.googleapis.com/traffy_public_bucket/attachment/2026-09/93f044145428a3484753ad2f50d5cb2a.jpeg
2026-EYZ32D,forward,2026-09-25 21:02,2026-09-26 07:23,100.60452,13.67054,บางนา,บางนาใต้,อุโมงค์ระบายน้ำที่เพิ่งทำ ไม่แน่ใจว่าขณะนี้ทำงานหรือไม่ ทำน้ำท่วมย้อนมาในซอยวัดบางนาใน ช่วยตรวจสอบด้วยครับ ความสูงระดับหน้าแข้ง น้ำท่วมมาแล้วน้อยกว่า 1 วัน,https://storage.googleapis.com/traffy_public_bucket/attachment/2026-09/3642906438f0d7721adf1682e3c17497.jpeg
2026-FZ38TM,finish,2026-09-25 21:02,2026-09-29 16:11,100.48449,13.65355,ทุ่งครุ,บางมด,น้ำท่วมระดับตาตุ่ม ท่วมมาแล้วหนึ่งวัน ความสูงระดับข้อเท้า น้ำท่วมมาแล้วน้อยกว่า 1 วัน,https://storage.googleapis.com/traffy_public_bucket/attachment/2026-09/73986dac33129677dd90a826d3352dc1.jpeg
2026-47XD32,inprogress,2026-09-25 21:03,2026-09-25 21:14,100.65276,13.67218,ประเวศ,หนองบอน,น้ำท่วมมาก 30ซม ความสูงระดับ30ซม น้ำท่วมมาแล้วน้อยกว่า 1 ชั่วโมง,https://storage.googleapis.com/traffy_public_bucket/attachment/2026-09/49c0b02c2840c3068aafb85877a33912.jpeg
2026-PMP64D,inprogress,2026-09-25 21:04,2026-09-25 21:10,100.67235,13.73101,ประเวศ,ประเวศ,แจ้งน้ำท่วมนะคะ เข้ามาในซอยพัฒนาการ 65 ประมาณ 1.8 km.ค่ะ ความสูงระดับหน้าแข้ง น้ำท่วมมาแล้วตั้งแต่เช้าของวันนี้ค่ะ,https://storage.googleapis.com/traffy_public_bucket/attachment/2026-09/b0722d5f060cb2a631fbbff8835052cc.jpeg
2026-TY2YA9,inprogress,2026-09-25 21:04,2026-09-25 23:05,100.62682,13.78396,วังทองหลาง,คลองเจ้าคุณสิงห์,หมู่บ้านอยู่เจริญซอยลาดพร้าว 101 แยก 17 ฝนตกน้ำท่วมขังตั้งแต่คืนวันที่ 24 ขณะนี้น้ำสูงประมาณเกือบครึ่งเข่ารถเข้าออกไม่ได้ ต้องการเครื่องสูบน้ำด่วนค่ะ ความสูงระดับเกินหน้าแข้งค่ะ น้ำท่วมมาแล้ว1 วันค่ะ,https://storage.googleapis.com/traffy_public_bucket/attachment/2026-09/64f05567f404574dc7d98218ed58bcf4.jpeg
2026-TY2YA9,finish,2026-09-25 21:04,2026-10-07 00:38,100.62682,13.78396,วังทองหลาง,คลองเจ้าคุณสิงห์,หมู่บ้านอยู่เจริญซอยลาดพร้าว 101 แยก 17 ฝนตกน้ำท่วมขังตั้งแต่คืนวันที่ 24 ขณะนี้น้ำสูงประมาณเกือบครึ่งเข่ารถเข้าออกไม่ได้ ต้องการเครื่องสูบน้ำด่วนค่ะ ความสูงระดับเกินหน้าแข้งค่ะ น้ำท่วมมาแล้ว1 วันค่ะ,https://storage.googleapis.com/traffy_public_bucket/attachment/2026-09/64f05567f404574dc7d98218ed58bcf4.jpeg
2026-YVW7LT,inprogress,2026-09-25 21:04,2026-09-25 21:15,100.69818,13.72747,ประเวศ,ประเวศ,ฝนตก น้ำท่วมขัง ถนนเฉลืมพระเกียรติ ร.9 ประชาชนเช้าบ้านไม่ได้ เดือดร้อน ความสูงระดับสูงกว่าเอว น้ำท่วมมาแล้วมากกว่า 1 สัปดาห์,https://storage.googleapis.com/traffy_public_bucket/attachment/2026-09/06a2adccfbd345414046e5805ef76df0.jpeg
2026-PPXRXV,inprogress,2026-09-25 21:05,2026-09-25 21:09,100.68617,13.68813,ประเวศ,ดอกไม้,น้ำท่วมขัง เข้าบ้านเรือนในซอยเฉลิมพระเกียรติ30 แยก13 ความสูงระดับหน้าแข้ง-เข่าค่ะ น้ำท่วมมาแล้วตั้งแต่ประมาณ5โมงค่ะ,https://storage.googleapis.com/traffy_public_bucket/attachment/2026-09/9d52f9e87411cd0db493fd0e065e2334.jpeg
2026-79VN7N,inprogress,2026-09-25 21:06,2026-09-25 21:12,100.60489,13.88998,บางเขน,อนุสาวรีย์,น้ำท่วมภายในโครงการค่ะ ความสูงระดับหน้าแข้ง น้ำท่วมมาแล้ว4 ชม. ค่ะ,https://storage.googleapis.com/traffy_public_bucket/attachment/2026-09/6d61254db69ddf7fac8aafca5aa15795.jpeg
2026-79VN7N,finish,2026-09-25 21:06,2026-10-09 23:21,100.60489,13.88998,บางเขน,อนุสาวรีย์,น้ำท่วมภายในโครงการค่ะ ความสูงระดับหน้าแข้ง น้ำท่วมมาแล้ว4 ชม. ค่ะ,https://storage.googleapis.com/traffy_public_bucket/attachment/2026-09/6d61254db69ddf7fac8aafca5aa15795.jpeg
2026-HPUWW2,follow,2026-09-25 21:06,2026-10-03 21:51,100.80554,13.84923,หนองจอก,โคกแฝด,ขอความช่วยเหลือเร่งด่วนค่ะ เนื่องจากฝนตกหนักทำให้เกิดน้ำท่วมขังภายในซอย ส่งผลให้ทางสัญจรในซอยถูกน้ำท่วม ประชาชนสัญจรเข้า-ออกลำบากและอาจเกิดอันตราย จุดเกิดเหตุ: ซอยไม่มีชื่อซอย อยู่บริเวณเลยซอยเลียบวารี 79 ไป เมื่อผ่านทางโค้งที่มีร้านซ่อมรถจักรยานยนต์ ให้,https://storage.googleapis.com/traffy_public_bucket/attachment/2026-09/18d16f2805c5da493cbc7c6757915d35.jpeg
2026-V8LDMP,forward,2026-09-25 21:06,2026-09-25 21:10,100.64689,13.83877,บึงกุ่ม,นวลจันทร์,ระดับน้ำสูงเกินลำรางชวดด้วน เขตบึงกุ่ม และเมื่อ 1 ช.ม.ที่ผ่านมา มีฝนตกซ้ำลงมาอีก ส่งผลกระทบให้ถนนหลายเส้นทางมีน้ำขังสูงและมีบ้านเรือนหลายหลังน้ำท่วมเกือบเข้าตัวบ้าน ขอความกรุณาเร่งระบายน้ำด้วยครับ ความสูงระดับหน้าแข้ง น้ำท่วมมาแล้วน้อยกว่า 3 ชั่วโมง,https://storage.googleapis.com/traffy_public_bucket/attachment/2026-09/d9b9b4aa9c904c443bbbd42c8c123fd5.jpeg
2026-8A749X,forward,2026-09-25 21:08,2026-09-26 21:34,100.58247,13.83912,จตุจักร,เสนานิคม,ปัญหาน้ำท่วมซอย ความสูงระดับหน้าแข้ง น้ำท่วมมาแล้วน้อยกว่า 3 ชั่วโมง,https://storage.googleapis.com/traffy_public_bucket/attachment/2026-09/fe09414ac39a5caf63a004ffd4c611a4.jpeg
2026-L8N6M8,finish,2026-09-25 21:08,2026-09-30 09:40,100.47298,13.77918,บางกอกน้อย,อรุณอมรินทร์,แจ้งปัญหาน้ำท่วมขัง เป็นอยู่ซอยเดียว เวลาฝนตก อยากให้แก้ไข เรื่องการลอกท่อระบายน้ำหรือดูการไหลของน้ำให้มันขังน้อยกว่านี้หน่อยครับ ความสูงระดับซ. บุญพงษา 2 ครึ่งข้อเท้าคับ น้ำท่วมมาแล้วเป็นตลอด เวลาที่มีฝนตกคับ,https://storage.googleapis.com/traffy_public_bucket/attachment/2026-09/df8b1bed05235721b6550aa67dc74a41.jpeg
2026-KD3HRM,inprogress,2026-09-25 21:09,2026-09-25 21:15,100.6825,13.68244,ประเวศ,ดอกไม้,ช่วยแจ้งเขตประเวศมาดูหมู่บ้านนิรีนด์วิลล์ 2 ด้วยนะคะ สระดับน้ำสูงขึ้นเรื่อยๆ ท่วมแต่ในหมํู่บ้านเพราะหน้าหมฑ่บ้านทำถนนสูงกว่าหมฑ่บ้าน น้ำไม่ระยายออกเลย รถจะจมน้ำกันแล้วค่ะ ในหมู่บ้านจะเป็นคลองแล้ว ความสูงระดับหัวเข่า น้ำท่วมมาแล้วน้อยกว่า 1 วัน,https://storage.googleapis.com/traffy_public_bucket/attachment/2026-09/a3d2eefd07a08ae7c1434d6beb886caa.jpeg
2026-MM68TZ,inprogress,2026-09-25 21:09,2026-09-25 23:07,100.62597,13.78346,วังทองหลาง,คลองเจ้าคุณสิงห์,ตอนนี้น้ำสูงถึงหน้าแข้งเกือบเข่าแล้วบางบ้านในหมู่บ้านประชากรไทย ตามซอยบางบ้านน้ำเข้าบ้านเลย ความสูงระดับหน้าแข้ง น้ำท่วมมาแล้วน้อยกว่า 1 วัน,https://storage.googleapis.com/traffy_public_bucket/attachment/2026-09/e1d9d7861e95230189ed244b402058c0.jpeg
2026-MM68TZ,finish,2026-09-25 21:09,2026-10-07 00:35,100.62597,13.78346,วังทองหลาง,คลองเจ้าคุณสิงห์,ตอนนี้น้ำสูงถึงหน้าแข้งเกือบเข่าแล้วบางบ้านในหมู่บ้านประชากรไทย ตามซอยบางบ้านน้ำเข้าบ้านเลย ความสูงระดับหน้าแข้ง น้ำท่วมมาแล้วน้อยกว่า 1 วัน,https://storage.googleapis.com/traffy_public_bucket/attachment/2026-09/e1d9d7861e95230189ed244b402058c0.jpeg
2026-YMWUYE,inprogress,2026-09-25 21:10,2026-09-25 21:13,100.62864,13.85962,บางเขน,อนุสาวรีย์,น้ำท่วมในซอยรามอินทรา 39 ซอยย่อย ซึ่งถนนหน้าซอย 39 สูงขึ้นมา แต่ในซอยจะกลายเป็นพื้นที่ต่ำ ท่วมขังน้ำเข้าบ้านซึ่งบ้านในซอย เป็นบ้านชั้นเดียวแทบทุกหลัง ช่วยเร่งระบายน้ำให้หน่อยค่ะ ตอนนี้ห้องน้ำใช้ไม่ได้แล้วด้วยค่ะ ความสูงระดับข้อเท้า น้ำท่วมมาแล้วน้อยกว่า 3,https://storage.googleapis.com/traffy_public_bucket/attachment/2026-09/dae93b31c943fe80002d556ab4a2df1b.jpeg
2026-CPPB6K,inprogress,2026-09-25 21:11,2026-09-25 23:10,100.60765,13.75496,วังทองหลาง,พลับพลา,ท่วมเข้าตัวบ้านหลายหลังคาเรือน ความสูงระดับภาพตอนเย็น แต่ตอนนี้น้ำสูงกว่าเดิมมากค่ะ น้ำท่วมมาแล้วเท่าที่ทราบท่วมตั้งแต่ 5 โมงค่ะ,https://storage.googleapis.com/traffy_public_bucket/attachment/2026-09/thumb_dea9814ce809ae67b528799b70093691.jpg
2026-CPPB6K,finish,2026-09-25 21:11,2026-10-07 00:34,100.60765,13.75496,วังทองหลาง,พลับพลา,ท่วมเข้าตัวบ้านหลายหลังคาเรือน ความสูงระดับภาพตอนเย็น แต่ตอนนี้น้ำสูงกว่าเดิมมากค่ะ น้ำท่วมมาแล้วเท่าที่ทราบท่วมตั้งแต่ 5 โมงค่ะ,https://storage.googleapis.com/traffy_public_bucket/attachment/2026-09/thumb_dea9814ce809ae67b528799b70093691.jpg
2026-ZJ6X29,inprogress,2026-09-25 21:11,2026-10-05 11:21,100.58022,13.91207,ดอนเมือง,ดอนเมือง,น้ำท่วมขังรอระบายในหมู่บ้านสิรินเฮ้าส์ดอนเมืองเวลาฝนตกต่อเนื่องตลอดมาตลอดน้ำเริ่มเข้าภายในตัวบ้านอยากให้เข้ามาแก้ให้หน่อยแจ้งไปแล้วตั้งแต่เช้ายังไม่พบใครเอาเครื่องมือใดๆมาดูดน้ำออกจากหมู่บ้านเลยน้ำเริ่มเข้าตัวบ้านแล้ว ความสูงระดับหัวเข่า น้ำท่วมมาแล้วน้อย,https://storage.googleapis.com/traffy_public_bucket/attachment/2026-09/ade9314589df82d8b32e24ff709926ed.jpeg
2026-34ANU6,inprogress,2026-09-25 21:12,2026-09-26 17:33,100.61468,13.72934,สวนหลวง,สวนหลวง,น้ำท่วมสูง ด้านถนนหน้าบ้าน 1 เมตร ไหลท่วมเข้าบ้าน 50 ซม. ท่วมขัง ยังไม่มีทีท่าจะลดลง ความสูงระดับข้อเท้า น้ำท่วมมาแล้วน้อยกว่า 3 ชั่วโมง,https://storage.googleapis.com/traffy_public_bucket/attachment/2026-09/62c76ace4a4fc1f9aa7090b502c48f14.jpeg
2026-YDVKAE,forward,2026-09-25 21:12,2026-09-25 21:40,100.63373,13.71065,สวนหลวง,สวนหลวง,เนื่องเป็นตึกแถวริมถนนอ่อนนุช ได้ท่วมในบ้านประมาณ 1.4 เมตร อยากจะขอให้ช่วนำเครื่องงสูบน้ำ้ออกจากในบ้าน ความสูงระดับ1.3 เมตร น้ำท่วมมาแล้วประมาณ 6 ชั่วโมง,https://storage.googleapis.com/traffy_public_bucket/attachment/2026-09/6c276e807f225fb8eb8b6294e8186935.jpeg
2026-FK9P76,inprogress,2026-09-25 21:14,2026-09-25 23:12,100.35465,13.73455,หนองแขม,หนองค้างพลู,น้ำท่วมหนักมาก ไม่มีเจ้าหน้าที่มาเหลียวแล ผอ.จะเกษียณแล้วลอยตัวเหนือปัญหาเลยหรือ ความสูงระดับหัวเข่า น้ำท่วมมาแล้วน้อยกว่า 3 ชั่วโมง,https://storage.googleapis.com/traffy_public_bucket/attachment/2026-09/1f9fa55cd2c4f397089a0f650f19c412.jpeg
2026-FK9P76,finish,2026-09-25 21:14,2026-10-09 10:47,100.35465,13.73455,หนองแขม,หนองค้างพลู,น้ำท่วมหนักมาก ไม่มีเจ้าหน้าที่มาเหลียวแล ผอ.จะเกษียณแล้วลอยตัวเหนือปัญหาเลยหรือ ความสูงระดับหัวเข่า น้ำท่วมมาแล้วน้อยกว่า 3 ชั่วโมง,https://storage.googleapis.com/traffy_public_bucket/attachment/2026-09/1f9fa55cd2c4f397089a0f650f19c412.jpeg
2026-KYPT2D,inprogress,2026-09-25 21:14,2026-09-25 23:09,100.62176,13.79783,วังทองหลาง,คลองเจ้าคุณสิงห์,น้ำท่วมสูงค่า ความสูงระดับน่าจะ 40-50 เซนค่า น้ำท่วมมาแล้วประมาณ 1600-2114,https://storage.googleapis.com/traffy_public_bucket/attachment/2026-09/83565ac4ebf56744e3278edb2678b3c1.jpeg
2026-KYPT2D,finish,2026-09-25 21:14,2026-10-07 00:33,100.62176,13.79783,วังทองหลาง,คลองเจ้าคุณสิงห์,น้ำท่วมสูงค่า ความสูงระดับน่าจะ 40-50 เซนค่า น้ำท่วมมาแล้วประมาณ 1600-2114,https://storage.googleapis.com/traffy_public_bucket/attachment/2026-09/83565ac4ebf56744e3278edb2678b3c1.jpeg
2026-348PL4,finish,2026-09-25 21:15,2026-10-02 09:40,100.62297,13.69644,พระโขนง,บางจาก,น้ำท่วม ความสูงระดับน่าจะ 10-12นิ้ว ถนนในซอย จะเข้าบ้านแล้วคะ น้ำท่วมมาแล้วบ่ายๆ คะ น่าจะ 4-5ชม ได้ ตอนแรกๆ ที่ถนนหน้าบ้าน ไม่เข้ามาบริเวณบ้าน,https://storage.googleapis.com/traffy_public_bucket/attachment/2026-09/thumb_0cbbe304d81d838baa18b2706f858271.jpg
2026-VYXGR2,start,2026-09-25 21:15,2026-09-25 21:44,100.71628,13.7669,ลาดกระบัง,คลองสองต้นนุ่น,น้ำท่วมในถนนหมู่บ้าน กำลังท่วมเข้าที่จอดรถ ความสูงระดับหน้าแข้ง น้ำท่วมมาแล้วน้อยกว่า 1 วัน,https://storage.googleapis.com/traffy_public_bucket/attachment/2026-09/57016a685d270184a88872a6d0d2b1ed.jpeg
2026-2JMP3F,forward,2026-09-25 21:16,2026-09-26 21:35,100.58822,13.82025,จตุจักร,จันทรเกษม,ในซอยรัชดา 36 มีน้ำท่วมขังสูงค่ะรถมอเตอร์ไซค์ไม่สามารถขี่ได้รถใหญ่ก็ขี่เร็วจรสร้างความเสียหาย ความสูงระดับหัวเข่า น้ำท่วมมาแล้วน้อยกว่า 1 วัน,https://storage.googleapis.com/traffy_public_bucket/attachment/2026-09/817dcd575958e9815f1197ea5ecd1bf6.jpeg
2026-AJYYRW,inprogress,2026-09-25 21:17,2026-09-25 21:22,100.67215,13.73064,ประเวศ,ประเวศ,น้ำท่วมค่ะต้องการกระสอบทรายออกจากบ้านไม่ได้ค่ะ ความสูงระดับหัวเข่า น้ำท่วมมาแล้วน้อยกว่า 1 วัน,https://storage.googleapis.com/traffy_public_bucket/attachment/2026-09/55d4d8de2a21ea4a49780a126539a20f.jpeg
2026-BKZNU9,inprogress,2026-09-25 21:18,2026-09-26 18:46,100.66102,13.76329,บางกะปิ,หัวหมาก,น้ำท่วมหนักมาก จะเข้าบ้านแล้วค่า เอาไม่อยู่แล้ว🥹🥹 ความสูงระดับเกือบๆจะครึ่งล้อรถค่ะ แล้วเวลารถวิ่งผ่าน ซัดสูง ถึงประตูบ้านแล้ว น้ำท่วมมาแล้วน้ำขึ้นสูง ตั้งแต่ช่วง4 โมง จนถึงตอนนี้ 3 ทุ่ม และขึ้นสูงขึ้นเรื่อยๆ ทุกชั่วโมงค่ะ,https://storage.googleapis.com/traffy_public_bucket/attachment/2026-09/99f4c9c6612a6e283b9efe76e7e21f0e.jpeg
2026-BYRR7Z,inprogress,2026-09-25 21:18,2026-09-25 21:20,100.66561,13.72411,ประเวศ,ประเวศ,ตอนนี้น้ำท่วมสูงมากค่ะ น้ำเริ่มเข้าบริเวณบ้านและภายในหมู่บ้าน น้ำเอ่อท่วมแล้ว ไม่สามารถสัญจรออกได้ค่ะ พัฒนาการ69 ค่ะ ความสูงระดับหน้าแข้ง น้ำท่วมมาแล้วน้อยกว่า 3 ชั่วโมง,https://storage.googleapis.com/traffy_public_bucket/attachment/2026-09/thumb_ead8998c5972b7b3f8753c921c022773.jpg
2026-T4MEY7,inprogress,2026-09-25 21:18,2026-09-25 23:11,100.35533,13.73391,หนองแขม,หนองค้างพลู,น้ำท่วมล้นเข้าบ้านเรือน เดือดร้อนมาก ๆ ทำไมไม่น้ำเครื่องสูบน้ำมาช่วย ขอไปหลายปีแล้ว เพิกเฉยมาตลอด วันนี้ข้าวของเสียหาย รถจอดแช่น้ำ ไม่เห็นมีใครมาช่วยเหลืออะไรเลย ความสูงระดับหน้าแข้ง น้ำท่วมมาแล้วน้อยกว่า 3 ชั่วโมง,https://storage.googleapis.com/traffy_public_bucket/attachment/2026-09/3e1eeaadec340d12376999a568e082da.jpeg
2026-T4MEY7,finish,2026-09-25 21:18,2026-10-09 10:35,100.35533,13.73391,หนองแขม,หนองค้างพลู,น้ำท่วมล้นเข้าบ้านเรือน เดือดร้อนมาก ๆ ทำไมไม่น้ำเครื่องสูบน้ำมาช่วย ขอไปหลายปีแล้ว เพิกเฉยมาตลอด วันนี้ข้าวของเสียหาย รถจอดแช่น้ำ ไม่เห็นมีใครมาช่วยเหลืออะไรเลย ความสูงระดับหน้าแข้ง น้ำท่วมมาแล้วน้อยกว่า 3 ชั่วโมง,https://storage.googleapis.com/traffy_public_bucket/attachment/2026-09/3e1eeaadec340d12376999a568e082da.jpeg
2026-9KPUWL,finish,2026-09-25 21:19,2026-10-05 11:11,100.6011,13.72697,วัฒนา,คลองตันเหนือ,แจ้งน้ำท่วมสะสมสูงขึ้นเรื่อยๆ ตั้งแต่ช่วงบ่ายที่ฝนตก ธรรมดายังไม่หนัก เหมือนการระบายน้ำติดขัดเริ่มท่วมเนิ่นๆแล้ว และสูงขึ้นเรื่อยๆ ไม่มีที่ท่าลดลง ประมาณครึ่งล้อ หรือเลยเข่า กรุณาดูแลเรื่องเร่งการระบายน้ำด้วย ความสูงระดับหัวเข่า น้ำท่วมมาแล้วตั้งแต่บ่าย4,https://storage.googleapis.com/traffy_public_bucket/attachment/2026-09/024bbab464bcc3621be02e4850b2175a.jpeg
2026-G7UYHF,inprogress,2026-09-25 21:19,2026-09-25 23:10,100.35535,13.73355,หนองแขม,หนองค้างพลู,น้ำท่วมเพิ่มขึ้น ไม่ลดลงเลย จะอยู่กันยังไง ความสูงระดับหน้าแข้ง น้ำท่วมมาแล้วน้อยกว่า 3 ชั่วโมง,https://storage.googleapis.com/traffy_public_bucket/attachment/2026-09/f0f3384a74f2b31c3ead762759b218ad.jpeg
2026-G7UYHF,finish,2026-09-25 21:19,2026-10-09 10:36,100.35535,13.73355,หนองแขม,หนองค้างพลู,น้ำท่วมเพิ่มขึ้น ไม่ลดลงเลย จะอยู่กันยังไง ความสูงระดับหน้าแข้ง น้ำท่วมมาแล้วน้อยกว่า 3 ชั่วโมง,https://storage.googleapis.com/traffy_public_bucket/attachment/2026-09/f0f3384a74f2b31c3ead762759b218ad.jpeg
2026-Y4T7Z7,finish,2026-09-25 21:19,2026-09-29 17:13,100.56568,13.86146,หลักสี่,ทุ่งสองห้อง,น้ำท่วม ความสูงระดับหน้าแข้ง น้ำท่วมมาแล้วน้อยกว่า 3 ชั่วโมง,https://storage.googleapis.com/traffy_public_bucket/attachment/2026-09/954ef5e260ed09650c4a1e078344bc0a.jpeg
2026-BKCGJM,finish,2026-09-25 21:20,2026-10-05 14:22,100.63431,13.69395,พระโขนง,บางจาก,น้ำท่วมเข้าบ้านสูงขึ้นเรื่อยๆ ความสูงระดับหลังบ้านก็ ข้อเท้าค่ะ และไหลเข้ามากชางบ้านแล้ว น้ำท่วมมาแล้วขังมาตั้งแต่ช่วง 4 โมงค่ะ,https://storage.googleapis.com/traffy_public_bucket/attachment/2026-09/dc2408173fd03af8456315c473b34a1c.jpeg
2026-TAEGT8,finish,2026-09-25 21:20,2026-10-05 09:02,100.6144,13.70523,พระโขนง,บางจาก,น้ำท่วมบ้าน เข้าภายในบ้าน มา 6 ชม แล้ว น้ำยังไม่ลดเลย ***แล้ว จะเข้าไปดูแล เอารถเข้าไปไม่ได้ ปกติ น้ำไม่เคยท่วมเข้าภายในบ้านเลยค่ะ ไม่ว่าฝนจะตกหนักแค่ไหน ทำไมน้ำท่วมโซนนี้มากผิดปกติ วิธีแก้ปัญหา เร่งระบายน้ำด่วนค่ะ อย่างน้อยก็ให้ภายในบ้านแห้ง พออยู่อาศัยไ,https://storage.googleapis.com/traffy_public_bucket/attachment/2026-09/caf1937ac990a9c3f41548c8a53bba79.jpeg
2026-T3P3LZ,inprogress,2026-09-25 21:22,2026-09-25 22:28,100.67759,13.72117,ประเวศ,ประเวศ,น้ำท่วมทั้งซอยแล้ว ความสูงระดับหน้าแข้ง น้ำท่วมมาแล้วน้อยกว่า 3 ชั่วโมง,https://storage.googleapis.com/traffy_public_bucket/attachment/2026-09/7c33a8b761b603542a41384b6fc95903.jpeg
2026-JMLDZU,finish,2026-09-25 21:23,2026-09-29 17:12,100.5811,13.86241,หลักสี่,ตลาดบางเขน,น้ำท่วมครับ ความสูงระดับ20 เซนติเมตรครับ น้ำท่วมมาแล้ว15.00 น. วันที่ 25 ก.ย.,https://storage.googleapis.com/traffy_public_bucket/attachment/2026-09/59a3840d7e9f287d84ce1e0cf175d808.jpeg
2026-BB92MD,finish,2026-09-25 21:24,2026-09-28 10:52,100.54521,13.68644,ยานนาวา,ช่องนนทรี,น้ำท่วมขังภายในซอยนนทรี 32 มาเป็นเวลา 1 อาทิตย์แล้ว ความสูงระดับหัวเข่า น้ำท่วมมาแล้วน้อยกว่า 1 สัปดาห์,https://storage.googleapis.com/traffy_public_bucket/attachment/2026-09/a634d80ae13ac2e578bd106de5ba2e93.jpeg
2026-G9MMBK,finish,2026-09-25 21:24,2026-09-28 23:58,100.61413,13.65889,บางนา,บางนาใต้,วันนี้มีน้ำท่วมขังค่อนข้างที่จะสูง ในซอยลาซาล 24 หมู่บ้านลาซาลเพลส ขอความอนุเคราะห์ทางกทม นำกระสอบทรายมาแจกให้ชาวบ้านบ้านหลังละ 20 ถึง 30 กระสอบด้วยนะคะ ไม่รู้จะไปแจ้งที่ไหนแล้วรบกวนทางฟองดูช่วยด้วยนะคะ หากมีกระสอบทรายมากพอที่จะกันน้ำเข้าบ้านไม่ถูกปลั๊กส,https://storage.googleapis.com/traffy_public_bucket/attachment/2026-09/1d307b54c3c23f9c9672b8753e281383.jpeg
2026-UZEVE9,forward,2026-09-25 21:24,2026-09-26 07:58,100.59072,13.74384,ห้วยขวาง,บางกะปิ,คลองตันน้ำท่วมสูง รถจอดดับเสีย ออกจากรถไม่ได้ จ้างรถมายกไม่ได้เพราะน้ำไม่ลดอยากให้ช่วยระบายน้ำลง อย่างน้อยก็ยังพอจ้างรถยกมาได้ ความสูงระดับเลยฟุตบาทค่ะ เลยประตูรถขึ้นมาค่ะ น้ำท่วมมาแล้วน้อยกว่า 3 ชั่วโมง,https://storage.googleapis.com/traffy_public_bucket/attachment/2026-09/690e137db06a34d87048a1110a64b6fc.jpeg
2026-MVARKD,inprogress,2026-09-25 21:25,2026-09-25 23:10,100.62912,13.78417,วังทองหลาง,คลองเจ้าคุณสิงห์,ขอความช่วยเหลือในการระบายน้ำออกจากหมู่บ้าน น้ำท่วมตั้งแต่รุ่งเช้าจนถึงตอนนี้ปริมาณน้ำสูงขึ้นเรื่อยเรื่อย อยากให้ช่วยส่งเครื่องระบายน้ำหรือเปิดเครื่องระบายน้ำในพื้นที่ใกล้เคียงเพื่อเร่งระบายน้ำออกจากพื้นที่ เนื่องจากหมู่บ้านอยู่เจริญพื้นที่นี้เป็นพื้นที่,https://storage.googleapis.com/traffy_public_bucket/attachment/2026-09/8531303b32f25ff2faf4c26821a8f39e.jpeg
2026-MVARKD,finish,2026-09-25 21:25,2026-10-07 00:32,100.62912,13.78417,วังทองหลาง,คลองเจ้าคุณสิงห์,ขอความช่วยเหลือในการระบายน้ำออกจากหมู่บ้าน น้ำท่วมตั้งแต่รุ่งเช้าจนถึงตอนนี้ปริมาณน้ำสูงขึ้นเรื่อยเรื่อย อยากให้ช่วยส่งเครื่องระบายน้ำหรือเปิดเครื่องระบายน้ำในพื้นที่ใกล้เคียงเพื่อเร่งระบายน้ำออกจากพื้นที่ เนื่องจากหมู่บ้านอยู่เจริญพื้นที่นี้เป็นพื้นที่,https://storage.googleapis.com/traffy_public_bucket/attachment/2026-09/8531303b32f25ff2faf4c26821a8f39e.jpeg
2026-3BYRFJ,finish,2026-09-25 21:27,2026-10-02 11:38,100.61227,13.69872,พระโขนง,บางจาก,น้ำท่วมขังถนนในซอยหน้าบ้าน น้ำพุดขึ้นในห้องน้ำหลังบ้าน ฝนยังตกไม่หยุด ความสูงระดับข้อเท้า น้ำท่วมมาแล้วน้อยกว่า 3 ชั่วโมง,https://storage.googleapis.com/traffy_public_bucket/attachment/2026-09/9f1ce5d42fc63b8f2b14da6cf6d97f41.jpeg
2026-LLFB8X,inprogress,2026-09-25 21:27,2026-09-27 14:21,100.59477,13.74583,ห้วยขวาง,บางกะปิ,น้ำท่วมในซอยหนักมากครับ แต่ถนนใหญ่ไม่ท่วม ความสูงระดับซอย ABC น้ำท่วมมาแล้วท่วมครึ่งแข้งครับ,https://storage.googleapis.com/traffy_public_bucket/attachment/2026-09/02cd43a39cd69ad159745539378bd744.jpeg
2026-69YGRN,inprogress,2026-09-25 21:29,2026-09-25 22:28,100.66591,13.72596,ประเวศ,ประเวศ,น้ำท่วมสูง ความสูงระดับหัวเข่า น้ำท่วมมาแล้วน้อยกว่า 1 วัน,https://storage.googleapis.com/traffy_public_bucket/attachment/2026-09/ccd814be1cc21db28af3eef6695e7bd1.jpeg
2026-WN3AXR,start,2026-09-25 21:29,2026-09-26 07:59,100.59479,13.74583,ห้วยขวาง,บางกะปิ,น้ำท่วมขังไม่ลดลงเลย ท่วมเพราะท่อระบายน้ำ ไม่สามารถระบายได้ ความสูงระดับหน้าแข้ง น้ำท่วมมาแล้วน้อยกว่า 1 วัน,https://storage.googleapis.com/traffy_public_bucket/attachment/2026-09/1083ae273d8c41a90cd1f149f866e15e.jpeg
2026-WN3AXR,inprogress,2026-09-25 21:29,2026-09-27 14:21,100.59479,13.74583,ห้วยขวาง,บางกะปิ,น้ำท่วมขังไม่ลดลงเลย ท่วมเพราะท่อระบายน้ำ ไม่สามารถระบายได้ ความสูงระดับหน้าแข้ง น้ำท่วมมาแล้วน้อยกว่า 1 วัน,https://storage.googleapis.com/traffy_public_bucket/attachment/2026-09/1083ae273d8c41a90cd1f149f866e15e.jpeg
2026-Z3KJMN,inprogress,2026-09-25 21:29,2026-09-25 23:11,100.62743,13.78351,วังทองหลาง,คลองเจ้าคุณสิงห์,ตอนนี้ภายในหมู่บ้านน้ำท่วม จนน้ำเข้าบ้านแล้วและมีผู้สูงอายุที่มีโรคประจำตัวอยู่ด้วย อยากให้ช่วยเร่งระบายน้ำหรือแจ้งผลการประเมินเพื่อจะได้รีบอพยพผู้สูงอายุค่ะ ความสูงระดับตอนนี้ภายในตัวบ้านประมาณต่ำกว่าตาตุ้ม แต่ด้านนอกรถน่าจะวิ่งไม่ได้แล้วค่ะ น้ำท่วมมาแล้,https://storage.googleapis.com/traffy_public_bucket/attachment/2026-09/20140d0e94dd4282c95da7f7558836f7.jpeg
2026-Z3KJMN,finish,2026-09-25 21:29,2026-10-07 00:32,100.62743,13.78351,วังทองหลาง,คลองเจ้าคุณสิงห์,ตอนนี้ภายในหมู่บ้านน้ำท่วม จนน้ำเข้าบ้านแล้วและมีผู้สูงอายุที่มีโรคประจำตัวอยู่ด้วย อยากให้ช่วยเร่งระบายน้ำหรือแจ้งผลการประเมินเพื่อจะได้รีบอพยพผู้สูงอายุค่ะ ความสูงระดับตอนนี้ภายในตัวบ้านประมาณต่ำกว่าตาตุ้ม แต่ด้านนอกรถน่าจะวิ่งไม่ได้แล้วค่ะ น้ำท่วมมาแล้,https://storage.googleapis.com/traffy_public_bucket/attachment/2026-09/20140d0e94dd4282c95da7f7558836f7.jpeg
2026-44HMP6,inprogress,2026-09-25 21:32,2026-09-25 21:38,100.61657,13.72665,สวนหลวง,สวนหลวง,ไหนบอกว่าเอาอยู่ไม่รอดไปทั่วไทยเลยนะ ความสูงระดับหัวเข่า น้ำท่วมมาแล้วน้อยกว่า 3 ชั่วโมง,https://storage.googleapis.com/traffy_public_bucket/attachment/2026-09/thumb_af9bc78b23079674b86cc337e6d53642.jpg
2026-4GZ4UJ,inprogress,2026-09-25 21:32,2026-09-26 18:46,100.63223,13.77059,บางกะปิ,คลองจั่น,น้ำท่วมตลอดซอยลาดพร้าว130 สัญจรไม่ได้ น้ำใกล้เข้าบ้าน ความสูงระดับเหนือเข่า ต้นขา น้ำท่วมมาแล้วน้อยกว่า 3 ชั่วโมง,https://storage.googleapis.com/traffy_public_bucket/attachment/2026-09/0cf61373374a9d29ebee023bed791292.jpeg
2026-PGCEK4,inprogress,2026-09-25 21:32,2026-09-25 22:21,100.68465,13.70838,ประเวศ,ประเวศ,น้ำจากคลองสองห้องเข้าท่วมบ้านค่ะ ความสูงระดับหัวเข่า น้ำท่วมมาแล้วเริ่มท่วมตั้งแต่เช้าค่ะ สูงระดับเข่าประมาณสี่โมงเย็น น้ำคลองสองห้องเพิ่มระดับขึ้นเรื่อยๆค่ะ,https://storage.googleapis.com/traffy_public_bucket/attachment/2026-09/9310558dcefaf4c479304df558bf09e7.jpeg
2026-VGYZDB,finish,2026-09-25 21:33,2026-10-05 15:39,100.38216,13.5992,บางขุนเทียน,แสมดำ,เรื่องน้ำท่วมในบ้าน ท่อระบายน้ำด้านนอกบ้านสูงกว่าท่อที่ออกจากบ้านทำให้ไม่ระบายออกท่อระบายน้ำด้านนอกอยากให้ช่วยดูท่อระบายน้ำด้านนอกบริเวณซอยแสมดำ14 เขตบางขุนเทียนว่ามันตันหรือไม่ครับ ความสูงระดับประมาณ12ซม น้ำท่วมมาแล้วตั้แต่เมื่อวานประมาณ6-8ซม,https://storage.googleapis.com/traffy_public_bucket/attachment/2026-09/04ed330e30822a61f41536766e84881a.jpeg
2026-8EK33M,inprogress,2026-09-25 21:34,2026-09-25 23:12,100.62721,13.78418,วังทองหลาง,คลองเจ้าคุณสิงห์,หมู่บ้านอยู่เจริญ ซ.ลาดพร้าว101 แยก17 มีน้ำท่วมขัง หลายชั่วโมงแล้ว. ต้องการให้ สำนักงานระบายน้ำช่วยส่งเครื่องสูบน้ำมาสูบน้ำออกจากหมู่บ้านด้วยค่ะ น้ำท่วมมาแล้วน้อยกว่า1วัน ความสูงระดับถึงเข่าแล้วค่ะ น้ำท่วมมาแล้ว1วันค่ะ,https://storage.googleapis.com/traffy_public_bucket/attachment/2026-09/07ed0d278bc2dd5194b473458e78b458.jpeg
2026-8EK33M,finish,2026-09-25 21:34,2026-10-07 00:30,100.62721,13.78418,วังทองหลาง,คลองเจ้าคุณสิงห์,หมู่บ้านอยู่เจริญ ซ.ลาดพร้าว101 แยก17 มีน้ำท่วมขัง หลายชั่วโมงแล้ว. ต้องการให้ สำนักงานระบายน้ำช่วยส่งเครื่องสูบน้ำมาสูบน้ำออกจากหมู่บ้านด้วยค่ะ น้ำท่วมมาแล้วน้อยกว่า1วัน ความสูงระดับถึงเข่าแล้วค่ะ น้ำท่วมมาแล้ว1วันค่ะ,https://storage.googleapis.com/traffy_public_bucket/attachment/2026-09/07ed0d278bc2dd5194b473458e78b458.jpeg
2026-WPHUA9,finish,2026-09-25 21:34,2026-09-27 13:29,100.43383,13.71382,ภาษีเจริญ,บางหว้า,น้ำท่วมทั้วซอยซอยเพชรเกษม 56 และเข้าบ้านแล้วด้วย ความสูงระดับหน้าแข้ง น้ำท่วมมาแล้ว20-30 เซนติเมตร,https://storage.googleapis.com/traffy_public_bucket/attachment/2026-09/thumb_35f9f77df6e3cd1b8d4c0e3b970a0ae2.jpg
2026-UK39N6,inprogress,2026-09-25 21:35,2026-09-28 14:37,100.63252,13.7692,บางกะปิ,คลองจั่น,ปัญหา: ภายในซอยดังกล่าว พบบ้านเลขที่ 573 มีน้ำท่วมเข้าสู่ตัวบ้านและพื้นที่ห้องผู้ป่วย เบื้องต้นได้ทำการเคลื่อนย้ายผู้ป่วยขึ้นสู่ชั้น 2 ของบ้านเรียบร้อยแล้ว จึงขอรับการสนับสนุนบุคลากร (เจ้าหน้าที่หรืออาสาสมัคร) เพื่อช่วยเหลือในการขนย้ายสิ่งของ เครื่องใช้ภา,https://storage.googleapis.com/traffy_public_bucket/attachment/2022-12/da2125e781282589d482070c3dba1726aa16a4a7.jpg
2026-UK39N6,finish,2026-09-25 21:35,2026-10-08 13:01,100.63252,13.7692,บางกะปิ,คลองจั่น,ปัญหา: ภายในซอยดังกล่าว พบบ้านเลขที่ 573 มีน้ำท่วมเข้าสู่ตัวบ้านและพื้นที่ห้องผู้ป่วย เบื้องต้นได้ทำการเคลื่อนย้ายผู้ป่วยขึ้นสู่ชั้น 2 ของบ้านเรียบร้อยแล้ว จึงขอรับการสนับสนุนบุคลากร (เจ้าหน้าที่หรืออาสาสมัคร) เพื่อช่วยเหลือในการขนย้ายสิ่งของ เครื่องใช้ภา,https://storage.googleapis.com/traffy_public_bucket/attachment/2022-12/da2125e781282589d482070c3dba1726aa16a4a7.jpg
2026-2G9269,inprogress,2026-09-25 21:36,2026-09-25 21:38,100.61242,13.72741,สวนหลวง,สวนหลวง,ท่วมทั้งต้นท่วมทั้งปลายเลย แล้วจะอยู่กันยังไงครับเนี่ย คำว่าเอาอยู่เอาอยู่คืออะไรครับระบบการจัดการอยู่ตรงไหนครับผมประชาชนเดือดร้อนนะ ความสูงระดับหน้าแข้ง น้ำท่วมมาแล้วน้อยกว่า 3 ชั่วโมง,https://storage.googleapis.com/traffy_public_bucket/attachment/2026-09/thumb_f033eccdb042cc84d8b42ad577039e9f.jpg
2026-VL6RTT,inprogress,2026-09-25 21:36,2026-09-25 23:06,100.79996,13.78232,หนองจอก,ลำผักชี,แจ้งปัญหาจากน้ำคลองเริ่มไหลเข้าท่วมในหมู่บ้าน ต้องการกระสอบทรายเพื่อป้องกันน้ำท่วมค่ะ ความสูงระดับด้านนอกถนนก่อนตรงทางเลี้ยวเข้าหมู่บ้านประมาณ 30 เซนได้ค่ะ ถนนในหมู่บ้านยังไม่ท่วมมาก แต่ฝนตกต่อเนื่อง น้ำจะดันเข้ามาค่ะ น้ำท่วมมาแล้วน้อยกว่า 1 วัน,https://storage.googleapis.com/traffy_public_bucket/attachment/2026-09/17530877da1038bc2bdc3ac98b5adb9b.jpeg
2026-4J78N7,finish,2026-09-25 21:37,2026-09-30 16:09,100.63234,13.654,บางนา,บางนาใต้,ตอนนี้อยู่ซอยลาซาล 48 สุขุมวิท 105 ตำบลบางนา อำเภอบางนาจังหวัดกรุงเทพ ปัจจุบันนี้น้ำท่วมในซอยเข้าไปถึงบ้านรบกวนมาช่วยด้วยครับ ความสูงระดับหน้าแข้ง น้ำท่วมมาแล้วน้อยกว่า 3 ชั่วโมง,https://storage.googleapis.com/traffy_public_bucket/attachment/2026-09/3e7ab2fc543c5faca71cde0ed02f63ef.jpeg
2026-8CW86H,inprogress,2026-09-25 21:37,2026-09-25 22:19,100.67209,13.73036,ประเวศ,ประเวศ,พัฒนาการ 65 ประเวศเมืองทองการ์เด้นโซนสองน้ำท่วมหนักมากน้ำสูงขึ้นเรื่อยเรื่อยในเวลานี้สูงขึ้นต่อเนื่องท่วมเข้าบ้านเรือนแล้วสูงเลยหัวเข่า ความสูงระดับหัวเข่า น้ำท่วมมาแล้วน้อยกว่า 1 วัน,https://storage.googleapis.com/traffy_public_bucket/attachment/2026-09/thumb_03d088c6bdc706567e7c3a54b4d1675e.jpg
2026-L2NTF9,forward,2026-09-25 21:37,2026-09-30 11:38,100.58963,13.81333,ลาดพร้าว,ลาดพร้าว,ซอยลาดพร้าววังหิน 53 ติดคลองลาดพร้าว น้ำท่วมซอยครึ่งเข่า น้ำเข้าบ้านแล้ว ช่วยสูบน้ำไวๆหน่อย ตู้โต๊ะพังหมดแล้วค่าา ความสูงระดับข้อเท้า น้ำท่วมมาแล้วน้อยกว่า 3 ชั่วโมง,https://storage.googleapis.com/traffy_public_bucket/attachment/2026-09/e05ad8b947ffa5eacc7b60dee5d5f626.jpeg
2026-RCN3DJ,inprogress,2026-09-25 21:37,2026-09-25 21:42,100.69197,13.69314,ประเวศ,ดอกไม้,ฝนตกไม่หยุด ขึ้นเลื่อยๆ ความสูงระดับหัวเข่า น้ำท่วมมาแล้วน้อยกว่า 1 วัน,https://storage.googleapis.com/traffy_public_bucket/attachment/2026-09/6338477f1d4ea0535e26c20ad3e500ef.jpeg
2026-V7RRHC,finish,2026-09-25 21:37,2026-10-01 14:40,100.37932,13.69443,หนองแขม,หนองแขม,น้ำท่วมจากคลองทวี เข้าตัวบ้าน ความสูงระดับข้อเท้า น้ำท่วมมาแล้วน้อยกว่า 3 ชั่วโมง,https://storage.googleapis.com/traffy_public_bucket/attachment/2026-09/869e5d0c6ba309cba4c78009d884a4eb.jpeg
2026-H822MA,finish,2026-09-25 21:38,2026-09-27 15:15,100.47609,13.76984,บางกอกน้อย,อรุณอมรินทร์,"พอน้ำในคลองที่ตัดผ่าน ซอย จรัญสนิทวงศ์45,จรัญสนิทวงศ์43,จรัญสนิทวงศ์41 ลงคลองบางกอกน้อยสูง ซอยที่ปักหมุด น้ำจะสูง รถมอเตอร์ไซค์ ขับออกไม่ได้ น้ำเข้าบ้าน ความสูงระดับหน้าแข้ง น้ำท่วมมาแล้วน้อยกว่า 1 วัน",https://storage.googleapis.com/traffy_public_bucket/attachment/2026-09/b04cd4617753fd6534a809b4aafd6736.jpeg
2026-4742U9,finish,2026-09-25 21:40,2026-10-02 13:42,100.6152,13.70115,พระโขนง,บางจาก,น้ำท่วมสูงมาก ยังไม่ระบายเลย ตั้งแต่ 5 โมงเย็นแล้ว ความสูงระดับที่ถนน สูงประมาณ 15-20 cm ในซอยที่ตำกว่าถนนยิ่งสูง น้ำท่วมมาแล้ว5 ชั่วโมง,https://storage.googleapis.com/traffy_public_bucket/attachment/2026-09/daa1e02db85e914ec5e91706a0f0ae18.jpeg
2026-CEE3Y8,inprogress,2026-09-25 21:41,2026-09-25 21:47,100.69806,13.72748,ประเวศ,ประเวศ,ฝนตก น้ำท่วมขัง ถนนเฉลืมพระเกียรติ ร.9 ประชาชนเช้าบ้านไม่ได้ เดือดร้อน คลองประเวศไม่ยอมระบายออก ไม่มีหน่วยงานรัฐ ออกมาช่วยเหลือประชาชน ความสูงระดับสูงกว่าเอว น้ำท่วมมาแล้วมากกว่า 1 สัปดาห์,https://storage.googleapis.com/traffy_public_bucket/attachment/2026-09/eb7cc07d2afd7396c962516d1eef8ba3.jpeg
2026-ZXMBK2,inprogress,2026-09-25 21:41,2026-09-25 21:49,100.66843,13.72406,ประเวศ,ประเวศ,น้ำท่วมหนักมากค่ะ ขังมาตั้งแต่เมื่อคืน ไม่มีลด มีแต่เพิ่ม ความสูงระดับเอว น้ำท่วมมาแล้วน้อยกว่า 1 วัน,https://storage.googleapis.com/traffy_public_bucket/attachment/2026-09/51d6fa2a2cf8190dce23b70d0cead461.jpeg
2026-AVARL2,forward,2026-09-25 21:42,2026-09-30 11:39,100.58967,13.80778,ลาดพร้าว,ลาดพร้าว,น้ำท่วมค่ะ ซอยลาดพร้าววังหิน 37 ด้านหลังซอยเป็นคลองลาดพร้าว ไม่มีการช่วยระบายน้ำเลย ความสูงระดับหน้าแข้ง น้ำท่วมมาแล้วน้อยกว่า 3 ชั่วโมง,https://storage.googleapis.com/traffy_public_bucket/attachment/2026-09/thumb_b1eef2bdf6533855d64c8676e97f474d.jpg
2026-B8VKEW,finish,2026-09-25 21:42,2026-10-01 16:00,100.53471,13.80793,บางซื่อ,บางซื่อ,น้ำท่วมขัง ท่อไม่ระบายน้ำออก ความสูงระดับหน้าแข้ง น้ำท่วมมาแล้วน้อยกว่า 1 วัน,https://storage.googleapis.com/traffy_public_bucket/attachment/2026-09/744e2db02770698608f8d7e473359ade.jpeg
2026-6JNPDT,forward,2026-09-25 21:43,2026-09-25 21:53,100.60902,13.73744,สวนหลวง,สวนหลวง,สรุปมันคืออะไรจะท่วมทุกหย่อมหญ้าเลยเหรอครับ เจ้าหน้าที่รัฐหายไปไหนหมดเจ้าหน้าที่ตำรวจหายไปไหนหมดครับ ความสูงระดับข้อเท้า น้ำท่วมมาแล้วน้อยกว่า 3 ชั่วโมง,https://storage.googleapis.com/traffy_public_bucket/attachment/2026-09/f89f99e510d9a39a7cdd0e4f1673f342.jpg
2026-CFHCJY,forward,2026-09-25 21:43,2026-09-26 21:38,100.58041,13.85264,จตุจักร,ลาดยาว,น้ำท่วมมากกว่าเดิมและในซอยพหลโยธิน 45 แยก13 ตอนนี้เป็นที่รับน้ำจากท้ายซอยที่มาจากคอนโดสร้างใหม่และมีการถมดินจากถนนที่เคยเป็นคลองเล็กๆระบาบน้ำออกไปคลองบางบัว ถูกปิดกั้นไม่มีที่ระบาย ทำให้น้ำไม่มีที่ไปและน้ำจากที่อื่นไหลย้อนเข้ามาที่แยก13 และแยก15 เยอะมากๆ ,https://storage.googleapis.com/traffy_public_bucket/attachment/2026-09/c78e015b5169f5fbefaeda2421f96066.jpg
2026-UGGNFP,finish,2026-09-25 21:43,2026-09-29 13:14,100.4031,13.68504,บางแค,หลักสอง,น้ำท่วม ฝนตกไม่หยุดอยากได้กระสอบทรายเพราะตอนนี้น้ำกำลังจะเข้าบ้าน ความสูงระดับหน้าแข้ง น้ำท่วมมาแล้วน้อยกว่า 3 ชั่วโมง,https://storage.googleapis.com/traffy_public_bucket/attachment/2026-09/ab04123ec23f639f0260a5ae42777958.jpeg
2026-ZPA3MB,finish,2026-09-25 21:43,2026-10-05 08:08,100.61482,13.70624,พระโขนง,บางจาก,น้ำท่วมขังรอระบาย สูงมาก รถยนต์และรพจักรยานยนต์ไม่สามารถผ่านได้ มีรถจอดเสีย ช่วยระบายน้ำที ความสูงระดับหัวเข่า น้ำท่วมมาแล้วน้อยกว่า 3 ชั่วโมง,https://storage.googleapis.com/traffy_public_bucket/attachment/2026-09/0182c7184605c8c83517346ee85362e5.jpeg
2026-AECDAK,irrelevant,2026-09-25 21:44,2026-09-25 22:18,100.69801,13.72752,ประเวศ,ประเวศ,ไม่แสดงรายละเอียด,https://storage.googleapis.com/traffy_public_bucket/TeamChadChart/fondue_photo.png
2026-BXGF7Y,inprogress,2026-09-25 21:44,2026-09-25 23:35,100.62861,13.77887,วังทองหลาง,คลองเจ้าคุณสิงห์,น้ำท่วมลาดพร้าว 101 ความสูงระดับในบ้าน 8 cm และ กำลังเพิ่มขึ้น...ในซอย 40 cm น้ำท่วมมาแล้วน้อยกว่า 1 วัน,https://storage.googleapis.com/traffy_public_bucket/attachment/2026-09/e9c211c4c52504c4be0ce4c42e01db8f.jpg
2026-BXGF7Y,finish,2026-09-25 21:44,2026-10-07 00:29,100.62861,13.77887,วังทองหลาง,คลองเจ้าคุณสิงห์,น้ำท่วมลาดพร้าว 101 ความสูงระดับในบ้าน 8 cm และ กำลังเพิ่มขึ้น...ในซอย 40 cm น้ำท่วมมาแล้วน้อยกว่า 1 วัน,https://storage.googleapis.com/traffy_public_bucket/attachment/2026-09/e9c211c4c52504c4be0ce4c42e01db8f.jpg
2026-WE98PX,finish,2026-09-25 21:44,2026-10-01 09:42,100.63967,13.67944,พระโขนง,บางจาก,ช่วยระบายน้ำหน่อยค่ะ ท่วมบ้านแล้ว ความสูงระดับหน้าแข้ง น้ำท่วมมาแล้วน้อยกว่า 3 ชั่วโมง,https://storage.googleapis.com/traffy_public_bucket/attachment/2026-09/5911ddf96c3896e03f37bb15d953f3ce.jpeg
2026-JU7JXU,forward,2026-09-25 21:45,2026-09-25 22:57,100.76841,13.77347,ลาดกระบัง,คลองสามประเวศ,ฝนตกหนัก น้ำคลองหนุนสูง น้ำท่วมเข้าบ้านค่ะ ความสูงระดับน้ำท่วมเข้าบ้าน ข้อเท้า แต่ถนนหน้าเข้งค่ะ น้ำท่วมมาแล้ว2วัน,https://storage.googleapis.com/traffy_public_bucket/attachment/2026-09/ded617e5ed75f2c7385d90c35ae35c0f.jpeg
2026-WVXN2H,finish,2026-09-25 21:45,2026-09-28 10:51,100.54403,13.6866,ยานนาวา,ช่องนนทรี,ช่วยแก้ไขปัญหาน้ำท่วมในซอยให้หน่อยครับตอนนี้น้ำเข้าพื้นที่ทุกหลังเลย สูบน้ำ3-4เครรืองทั้งวันเอาไม่อยู่เลบครับ ความสูงระดับหน้าแข้ง น้ำท่วมมาแล้วน้อยกว่า 1 วัน,https://storage.googleapis.com/traffy_public_bucket/attachment/2026-09/18fd7fd5d9c64357df989de276397a01.jpeg
2026-WWBWCZ,inprogress,2026-09-25 21:45,2026-09-30 16:09,100.59486,13.72929,วัฒนา,คลองตันเหนือ,ประสบปัญหาน้ำท่วมขังบริเวณช่วงสุดซอยเป็นประจำ โดยมีสาเหตุสำคัญจากการปรับปรุงหรือก่อสร้างถนนที่ดำเนินการไม่ต่อเนื่องจนถึงบริเวณปลายซอย ส่งผลให้ระดับผิวถนนบริเวณสุดซอยอยู่ในระดับต่ำกว่าช่วงถนนที่ต่อเนื่องกัน และกลายเป็นจุดรับน้ำ ทำให้น้ำไม่สามารถระบายออกได้,https://storage.googleapis.com/traffy_public_bucket/attachment/2026-09/35715fe7ef84569b66fc32b3ce42d28d.jpeg
2026-XGU9DE,inprogress,2026-09-25 21:45,2026-09-28 13:03,100.66348,13.81297,คันนายาว,รามอินทรา,น้ำท่วมขัง เนื่องจากฝนตก ไม่ลดลงเลยค่ะ ขอให้ระบายน้ำได้ไวๆนะคะ เป็นกำลังใจให้เจ้าหน้าที่ทุกคนค่ะ ความสูงระดับหน้าแข้งได้ค่ะ น้ำท่วมมาแล้วน้อยกว่า 1 วัน,https://storage.googleapis.com/traffy_public_bucket/attachment/2026-09/86629436c61afaa398bb06e0dff96ec6.jpeg
2026-EWAD4B,inprogress,2026-09-25 21:46,2026-09-25 22:27,100.69729,13.72443,ประเวศ,ประเวศ,ฝนตก น้ำท่วมขัง ถนนเฉลืมพระเกียรติ ร.9 ประชาชนเช้าบ้านไม่ได้ เดือดร้อน คลองประเวศไม่ยอมระบายออก ไม่มีหน่วยงานรัฐ ออกมาช่วยเหลือประชาชน ความสูงระดับสูงกว่าเอว น้ำท่วมมาแล้วมากกว่า 1 สัปดาห์,https://storage.googleapis.com/traffy_public_bucket/attachment/2026-09/b7efd04c8eeea37a70b35dfeb3c7253d.jpeg
2026-GV7HF4,inprogress,2026-09-25 21:46,2026-09-25 22:03,100.68591,13.76776,สะพานสูง,สะพานสูง,ซอยรามคำแหง118 ขณะนี้น้ำท่วมสูง ล้นเข้ามาในบ้านตั้งแต่ช่วงเย็นแล้วครับ ขอช่วยเหลือเร่งสูบน้ำออกด้วยครับ ความสูงระดับหน้าแข้ง น้ำท่วมมาแล้วน้อยกว่า 3 ชั่วโมง,https://storage.googleapis.com/traffy_public_bucket/attachment/2026-09/ebc8d7ba9ebb137160a8e3e161a2e26e.jpeg
2026-3N8YBL,forward,2026-09-25 21:47,2026-09-25 21:58,100.6599,13.78593,บึงกุ่ม,คลองกุ่ม,ขออนุญาตแจ้งน้ำท่วมในซอยนวมินทร์24 (ตั้งแต่ซอยอุเทน 10-32) น้ำท่วมสูงมากออกจากบ้านไม่ได้ค่ะ อยากให้ช่วยมาดูและแก้ไข หรือสูบน้ำออกหน่อยได้ไหมคะ ความสูงระดับหัวเข่า น้ำท่วมมาแล้วน้อยกว่า 1 วัน,https://storage.googleapis.com/traffy_public_bucket/attachment/2026-09/thumb_4172236b099db42723a4864c87e76546.jpg
2026-6MYAJP,finish,2026-09-25 21:47,2026-09-30 20:56,100.60665,13.80831,ลาดพร้าว,ลาดพร้าว,เวลาฝนตกหนักๆ ซอยนาคนิวาส 33 จะน้ำท่วมหนักมาก และระบายช้ามาก ซึ่งซอยนี้เป็นซอยที่มีรถผ่านตลอด และน้ำลงช้ามาก ทั้งๆที่ซอยอื่นหรือถนนใหญ่ไม่ท่วม คิดว่าน่าจะเป็นเพราะถนนเตี้ยมาก อยากให้เข้ามาปรับปรุงซอยนี้ เพื่อให้ผู้ใช้ทางสะดวก ความสูงระดับหน้าแข้ง น้ำท่วมม,https://storage.googleapis.com/traffy_public_bucket/attachment/2026-09/f34b36500a393b741adc3a672f2c4d3e.jpeg
2026-AXEAYX,inprogress,2026-09-25 21:47,2026-09-25 21:55,100.66591,13.72596,ประเวศ,ประเวศ,น้ำท่วมสูง ความสูงระดับหัวเข่า น้ำท่วมมาแล้วน้อยกว่า 1 วัน,https://storage.googleapis.com/traffy_public_bucket/attachment/2026-09/ef9e999053366983e2e8da2da29f5a65.jpeg
2026-DN6J98,finish,2026-09-25 21:48,2026-09-30 16:36,100.62265,13.67499,บางนา,บางนาเหนือ,กทม แจ้งกลับมาว่าเคสนี้ได้รับการแก้ไขเสร็จสิ้นแล้ว แต่ไม่จริงคะ น้ำยังท่วมขังอยู่ คลองระบายน้ำก็ยังล้น ใข้ห้องน้ำไม่ได้เพราะน้ำข้างนอกยังดันอยู่ แก้ไขได้คือ กทม ต้องเอาเครื่องสูบน้ำที่ท้ายซอยอุดมสุข 30 กลับมาใช้อย่างเดิม ตั้งแต่ กทม หรือ สนง ระบายน้ำ ยกเค,https://storage.googleapis.com/traffy_public_bucket/attachment/2026-09/c114b34aa22547de88978b30f6016345.jpeg
2026-KHV47D,finish,2026-09-25 21:48,2026-10-01 14:41,100.37949,13.69416,หนองแขม,หนองแขม,น้ำท่วมเข้าบ้านแล้วครับ ความสูงระดับปริ่มๆเท้าครับ น้ำท่วมมาแล้ว1 ชั่วโมงแล้วครับ,https://storage.googleapis.com/traffy_public_bucket/attachment/2026-09/c8f5d4a492c62e2891734dfa8a609dbf.jpeg
2026-M9KPFT,forward,2026-09-25 21:48,2026-09-25 21:57,100.65671,13.77137,บึงกุ่ม,คลองกุ่ม,น้ำท่วมสูงมากๆในซอยครับ เข้าบ้านชั้น 1 น่าจะทุกหลังแล้ว คิดว่าเป็นจุดที่อยู่ต่ำในโซนนี้ เป็นซอยบ้านที่มักท่วมเยอะในหลายๆปี และท่วมง่ายครับ แต่รอบนี้หนักที่สุดที่เคยท่วมมาเลย ครับ และติดคลองแสนแสบอีกด้วยครับ อยากให้ช่วย ตรวจและจัดการทางน้ำให้ไหลไปในจุดที,https://storage.googleapis.com/traffy_public_bucket/attachment/2026-09/650f7ccdceedf93568ca00e208a430b7.jpeg
2026-TPF3ZT,inprogress,2026-09-25 21:48,2026-09-26 00:26,100.54299,13.7587,ราชเทวี,มักกะสัน,น้ำท่วมขังนานและมีแนวโน้มสูงขึ้นเรื่อยๆ ความสูงระดับข้อเท้า น้ำท่วมมาแล้วน้อยกว่า 3 ชั่วโมง,https://storage.googleapis.com/traffy_public_bucket/attachment/2026-09/0ba4e7477dd81dae857240eca2d19d5b.jpeg
2026-TPF3ZT,finish,2026-09-25 21:48,2026-10-09 13:35,100.54299,13.7587,ราชเทวี,มักกะสัน,น้ำท่วมขังนานและมีแนวโน้มสูงขึ้นเรื่อยๆ ความสูงระดับข้อเท้า น้ำท่วมมาแล้วน้อยกว่า 3 ชั่วโมง,https://storage.googleapis.com/traffy_public_bucket/attachment/2026-09/0ba4e7477dd81dae857240eca2d19d5b.jpeg
2026-X8WTGT,finish,2026-09-25 21:48,2026-09-29 12:48,100.39935,13.70404,บางแค,หลักสอง,น้ำท่วมเข้าบ้าน ความสูงระดับข้อเท้า น้ำท่วมมาแล้วในบ้าน,https://storage.googleapis.com/traffy_public_bucket/attachment/2026-09/e1877dfb019a375e94c379aacbb56916.jpeg
2026-A4ADU2,inprogress,2026-09-25 21:49,2026-09-25 22:51,100.71723,13.83101,มีนบุรี,มีนบุรี,ซอยหทัยราษฎร์ 29 แยก 1 น้ำท่วมขังสูงมากช่วยแก้ไขให้ด้วยครับระบายน้ำออกให้หน่อย เพราะเห็นซอยอื่นน้ำไม่ท่วมขังแบบซอยนี้ ความสูงระดับหน้าแข้ง น้ำท่วมมาแล้วน้อยกว่า 3 ชั่วโมง,https://storage.googleapis.com/traffy_public_bucket/attachment/2026-09/ef219a283e7ecee3f19f78341d8feb79.jpeg
2026-DLHFTH,inprogress,2026-09-25 21:49,2026-09-25 21:50,100.65008,13.72653,ประเวศ,ประเวศ,น้ำท่วมเข้าภายบ้านพัก ระดับน้ำหน้าบ้านสูงถึงเข่า ความสูงระดับหัวเข่า น้ำท่วมมาแล้วตั้งแต่ช่วงเย็นสูงขึ้นเรื่อยๆค่ะ,https://storage.googleapis.com/traffy_public_bucket/attachment/2026-09/5c53de499e640461de32f94b3a8b3ff0.jpeg
2026-ZANFBU,inprogress,2026-09-25 21:49,2026-09-25 22:04,100.66596,13.77363,สะพานสูง,สะพานสูง,ปัญหาน้ำท่วมขังในซอยรามคำแหง 127/2 และ 127/3 จากสถานการณ์ฝนตก ความสูงระดับหน้าแข้ง น้ำท่วมมาแล้วน้อยกว่า 3 ชั่วโมง,https://storage.googleapis.com/traffy_public_bucket/attachment/2026-09/1399d65e99a9cda386622c501bd5a5f2.jpeg
2026-DDLKRA,inprogress,2026-09-25 21:50,2026-09-25 23:15,100.62074,13.79654,วังทองหลาง,คลองเจ้าคุณสิงห์,ปัญหาน้ำท่วมขัง ซอย ลาดพร้าว87 แยก18 ซึ่งน้ำไหลทะลักเข้ามาในบ้านแล้ว ไม่ทราบว่าหน่วยงานไหน สามารถเข้ามาดูหรือมีเครื่องสูบน้ำระบายผ่านทางไหนได้บางครับ ความสูงระดับข้อเท้า น้ำท่วมมาแล้วน้อยกว่า 3 ชั่วโมง,https://storage.googleapis.com/traffy_public_bucket/attachment/2026-09/04a4c4049062231a49ded3fc4c3f7fb1.jpeg
2026-DDLKRA,finish,2026-09-25 21:50,2026-10-07 00:27,100.62074,13.79654,วังทองหลาง,คลองเจ้าคุณสิงห์,ปัญหาน้ำท่วมขัง ซอย ลาดพร้าว87 แยก18 ซึ่งน้ำไหลทะลักเข้ามาในบ้านแล้ว ไม่ทราบว่าหน่วยงานไหน สามารถเข้ามาดูหรือมีเครื่องสูบน้ำระบายผ่านทางไหนได้บางครับ ความสูงระดับข้อเท้า น้ำท่วมมาแล้วน้อยกว่า 3 ชั่วโมง,https://storage.googleapis.com/traffy_public_bucket/attachment/2026-09/04a4c4049062231a49ded3fc4c3f7fb1.jpeg
2026-WH8YYX,inprogress,2026-09-25 21:50,2026-09-25 21:54,100.65784,13.67293,ประเวศ,หนองบอน,ปัญหาน้ำท่วมขัง ความสูงระดับหัวเข่า น้ำท่วมมาแล้วน้อยกว่า 1 วัน,https://storage.googleapis.com/traffy_public_bucket/attachment/2026-09/b51905e9fc03047bb872406c76b687ac.jpeg
2026-2BJBJZ,forward,2026-09-25 21:51,2026-09-26 08:06,100.58338,13.74492,ห้วยขวาง,บางกะปิ,น้ำท่วม กลับบ้านไม่ได้ ขอรถพากลับบ้านหน่อย ความสูงระดับหัวเข่า น้ำท่วมมาแล้วน้อยกว่า 3 ชั่วโมง,https://storage.googleapis.com/traffy_public_bucket/attachment/2026-09/753a22d7fc7f5a1f050e4ac27f306346.jpeg
2026-DZ6YHU,inprogress,2026-09-25 21:51,2026-09-25 22:04,100.68238,13.76956,สะพานสูง,สะพานสูง,น้ำท่วม บ้านของเสียหาย เข้าห้องน้ำไม่ได้มีผู้สูงอายุด้วยค่ะ ความสูงระดับหน้าแข้ง น้ำท่วมมาแล้วน้อยกว่า 1 วัน,https://storage.googleapis.com/traffy_public_bucket/attachment/2026-09/thumb_f058dcec62d84ce8decc04ce1620fec0.jpg
2026-GNHHFY,inprogress,2026-09-25 21:52,2026-09-25 22:05,100.6844,13.75529,สะพานสูง,สะพานสูง,นํ้าท่วมบ้านเต็มพื้นที่ค่ะ ความสูงระดับจะเข้าห้องนอนแล้วค่ะ น้ำท่วมมาแล้วตั้งแต่หกโมงเย็นค่ะ,https://storage.googleapis.com/traffy_public_bucket/attachment/2026-09/853af0c8c81876b1380d79d88c2cf329.jpeg
2026-DDBJG6,inprogress,2026-09-25 21:53,2026-09-27 07:22,100.41728,13.67599,บางบอน,คลองบางพราน,บริเวณซอยเอกชัย 66 แยก 1-14 มีระดับน้ำสูงน่าเป็นห่วงเนื่องจากตัวซอยอยู่ต่ำกว่าตัวถนนหลักในซอยเอกชัย 66 จึงทำให้มีน้ำไหลลงมาท่วมขังในซอย ความสูงระดับหน้าแข้ง น้ำท่วมมาแล้วน้อยกว่า 1 วัน,https://storage.googleapis.com/traffy_public_bucket/attachment/2026-09/51ff167475adae1599f116bc85912fd4.jpeg
2026-6KLCLF,forward,2026-09-25 21:54,2026-09-26 21:41,100.58654,13.85566,จตุจักร,เสนานิคม,น้ำท่วมรถยนต์ในซอยหมดแล้ว ความสูงระดับขอเร่งประสานงาน ให้จนท. มาช่วยเหลือ น้ำท่วมมาแล้วน้อยกว่า 1 วัน,https://storage.googleapis.com/traffy_public_bucket/attachment/2026-09/dbea1084a9c7104278f3037dd1326b1a.jpeg
2026-VVTDR8,inprogress,2026-09-25 21:54,2026-09-25 21:57,100.65802,13.72689,ประเวศ,ประเวศ,น้ำท่วมสูง ไม่สามารถสัญจรได้ ความสูงระดับหน้าแข้ง น้ำท่วมมาแล้วน้อยกว่า 1 วัน,https://storage.googleapis.com/traffy_public_bucket/attachment/2026-09/18f64fba2e7e85840f45616c7a0a19d4.jpeg
2026-2XK2YX,finish,2026-09-25 21:55,2026-09-30 16:36,100.5928,13.67278,บางนา,บางนาใต้,น้ำท่วมรอการระบายยังไม่ได้รับการแก้ไขซอยจ่าโสดแยก 3 น้ำยังไม่ลด ความสูงระดับข้อเท้า น้ำท่วมมาแล้วมากกว่า5 ชั่วโมง,https://storage.googleapis.com/traffy_public_bucket/attachment/2026-09/0da5a2e286aeedd300bcb10394623c69.jpeg
2026-ERECWX,inprogress,2026-09-25 21:55,2026-09-26 08:05,100.63506,13.6868,พระโขนง,บางจาก,น้ำท่วมหน้าหมู่บ้านพรไพลิน มีรถตาย ความสูงระดับหน้าแข้ง น้ำท่วมมาแล้วน้อยกว่า 1 วัน,https://storage.googleapis.com/traffy_public_bucket/attachment/2026-09/3516bc65e948c43ee21a7d778a32f41e.jpeg
2026-ERECWX,finish,2026-09-25 21:55,2026-10-06 19:01,100.63506,13.6868,พระโขนง,บางจาก,น้ำท่วมหน้าหมู่บ้านพรไพลิน มีรถตาย ความสูงระดับหน้าแข้ง น้ำท่วมมาแล้วน้อยกว่า 1 วัน,https://storage.googleapis.com/traffy_public_bucket/attachment/2026-09/3516bc65e948c43ee21a7d778a32f41e.jpeg
2026-MF99ZM,forward,2026-09-25 21:55,2026-09-26 21:42,100.58356,13.8464,จตุจักร,เสนานิคม,น้ำท่วมเต็มซอยพหลโยธิน 44 แยก 3 เลยค่ะ ท่อระบายน้ำหักช่วงต้นๆ ซอย ช่วงรั้วสีขาวๆ ทำให้น้ำไม่สามารถไหลไปท่อระบายน้ำหลักได้ค่ะ เข้าใจว่าตอนนี้คงท่วมทั่ว กทม แต่อยากให้ กทม มาสำรวจตรวจสอบเพื่อระยะยาวค่ะ เพราะน้ำท่วมทุกครั้งที่ฝนตก ไม่ใช่แค่เฉพาะช่วงนี้ค่ะ ขอ,https://storage.googleapis.com/traffy_public_bucket/attachment/2026-09/da69bc773dffb3584e6a8403473e9b66.jpeg
2026-H838K8,finish,2026-09-25 21:56,2026-10-05 14:29,100.63203,13.6937,พระโขนง,บางจาก,น้ำท่วมขังตั้งแต่บ่าย 3 โมงถึงตอนนี้ยังไม่ลงเลยค่ะ ความสูงระดับหน้าแข้ง น้ำท่วมมาแล้วน้อยกว่า 3 ชั่วโมง,https://storage.googleapis.com/traffy_public_bucket/attachment/2026-09/e22f6191de8b1628d9acdbc86dc2cb60.jpeg
2026-LVNPWE,inprogress,2026-09-25 21:56,2026-09-25 22:00,100.6735,13.73233,ประเวศ,ประเวศ,น้ำท่วมสูงมาก และน้ำมาไวมากๆค่ะ ตอนนี้น้ำเข้าบ้านหมดแล้ว และระดับน้ำก้เพิ่มสูงขึ้นเรื่อยๆอย่างรวดเร็วภายในเวลาไม่กี่ชั่วโมงค่ะ ฝนก็ยังตกไม่หยุดเลยค่ะ ความสูงระดับหน้าแข้ง น้ำท่วมมาแล้วน้อยกว่า 3 ชั่วโมง,https://storage.googleapis.com/traffy_public_bucket/attachment/2026-09/66d003181721699be27f9012d3536c20.jpeg
2026-VJJA8P,inprogress,2026-09-25 21:56,2026-09-30 11:01,100.58849,13.91607,ดอนเมือง,ดอนเมือง,น้ำท่วมขัง ถนนเส้นช่างอากาศอุทิศสร้างใหม่ยกสูง น้ำเลยท่วมตามถนนที่ต่ำ โดยเฉพาะตามซอยย่อยที่ต่ำกว่า ความสูงระดับ20 cm น้ำท่วมมาแล้วน้อยกว่า 1 วัน,https://storage.googleapis.com/traffy_public_bucket/attachment/2026-09/b91d662e56b95445487d6fe26650cf72.jpeg
2026-FEBRRK,inprogress,2026-09-25 21:57,2026-09-26 18:45,100.6312,13.76405,บางกะปิ,คลองจั่น,น้ำท่วมขาขึ้นสูงกว่าเดิมออกไปไหนไม่ได้เลยค่ะไม่มีอาหารกิน ความสูงระดับเอว น้ำท่วมมาแล้วน้อยกว่า 1 วัน,https://storage.googleapis.com/traffy_public_bucket/attachment/2026-09/thumb_16d898c8cb4fbf75951788fd657bcdda.jpg
2026-H383LT,inprogress,2026-09-25 21:57,2026-09-25 23:28,100.62475,13.7852,วังทองหลาง,คลองเจ้าคุณสิงห์,น้ำท่วมเข้ามาในบ้านชั้น 1 แล้วค่ะ สูงเท่าข้อขาเลย และน้ำเพิ่มขึ้นเรื่อยๆ ไม่มีท่าทีว่าจะลดเลย แม้ตอนที่ฝนหยุดตกแล้วน้ำก็ยังสูงขึ้น รบกวนเร่งระบายน้ำออกหน่อยค่ะ ความสูงระดับหน้าบ้านคือหัวเข่าด้านล่างค่ะ น้ำท่วมมาแล้ว1 วัน,https://storage.googleapis.com/traffy_public_bucket/attachment/2026-09/5aba3d29994392508637c38c06f8aa64.jpeg
2026-H383LT,finish,2026-09-25 21:57,2026-10-07 00:25,100.62475,13.7852,วังทองหลาง,คลองเจ้าคุณสิงห์,น้ำท่วมเข้ามาในบ้านชั้น 1 แล้วค่ะ สูงเท่าข้อขาเลย และน้ำเพิ่มขึ้นเรื่อยๆ ไม่มีท่าทีว่าจะลดเลย แม้ตอนที่ฝนหยุดตกแล้วน้ำก็ยังสูงขึ้น รบกวนเร่งระบายน้ำออกหน่อยค่ะ ความสูงระดับหน้าบ้านคือหัวเข่าด้านล่างค่ะ น้ำท่วมมาแล้ว1 วัน,https://storage.googleapis.com/traffy_public_bucket/attachment/2026-09/5aba3d29994392508637c38c06f8aa64.jpeg
2026-RMVVJT,inprogress,2026-09-25 21:58,2026-09-25 23:16,100.62691,13.78077,วังทองหลาง,คลองเจ้าคุณสิงห์,น้ำท่วมขังสูงเป็นเวลานาน อีกไม่นานจะเข้าบ้านครับ ไม่เคยท่วมสูงขนาดนี้มาก่อนครับ ความสูงระดับครึ่งแข้งได้ครับ น้ำท่วมมาแล้วตั้งแต่เช้าแล้วครับ สูงขึ้นเรื่อยๆ,https://storage.googleapis.com/traffy_public_bucket/attachment/2026-09/2ee38b5c002cc777b3862e5a106fa34a.jpeg
2026-RMVVJT,finish,2026-09-25 21:58,2026-10-07 00:25,100.62691,13.78077,วังทองหลาง,คลองเจ้าคุณสิงห์,น้ำท่วมขังสูงเป็นเวลานาน อีกไม่นานจะเข้าบ้านครับ ไม่เคยท่วมสูงขนาดนี้มาก่อนครับ ความสูงระดับครึ่งแข้งได้ครับ น้ำท่วมมาแล้วตั้งแต่เช้าแล้วครับ สูงขึ้นเรื่อยๆ,https://storage.googleapis.com/traffy_public_bucket/attachment/2026-09/2ee38b5c002cc777b3862e5a106fa34a.jpeg
2026-M46D67,finish,2026-09-25 21:59,2026-09-30 16:37,100.62122,13.6679,บางนา,บางนาเหนือ,น้ำท่วมถนนบางนาตราด ซอย 14 ความสูงระดับหัวเข่า น้ำท่วมมาแล้วน้อยกว่า 1 วัน,https://storage.googleapis.com/traffy_public_bucket/attachment/2026-09/f6280bdd8a8b48a6a3f9abccd347c44b.jpeg
2026-UTY9RZ,inprogress,2026-09-25 21:59,2026-09-27 07:22,100.39634,13.65292,บางบอน,บางบอนใต้,เอกชัย 101 หมู่บ้านสินสุข น้ำท่วมสูงมากค่ะ ความสูงระดับสัก 30-40 ซม ได้ค่ะ น้ำท่วมมาแล้วน้อยกว่า 1 วัน,https://storage.googleapis.com/traffy_public_bucket/attachment/2026-09/ec2e081b9ddad9c68c65e44aa99617d9.jpeg
2026-2MCGRV,forward,2026-09-25 22:00,2026-09-26 22:14,100.70012,13.74231,สะพานสูง,สะพานสูง,น้ำท่วมคลองทับช้างบนดันท่อระบายน้ำ ทำให้น้ำท่วมเข้าบ้าน ขอเร่งระบายน้ำในคลองมากกว่านี้หน่อยค่ะ เนื่องจากบริเวณนี้ยังมีต้นไม้เยอะ มีปลิงและสัตว์มีพิษค่ะ ความสูงระดับหน้าแข้ง น้ำท่วมมาแล้วน้อยกว่า 1 วัน,https://storage.googleapis.com/traffy_public_bucket/attachment/2026-09/25807600c3835d56c0a68cdbfbecafe8.jpeg
2026-CCEUHP,inprogress,2026-09-25 22:01,2026-09-25 22:09,100.69944,13.72959,ประเวศ,ประเวศ,ตอนนี้น้ำท่วม และปริมาณยังคงเพิ่มขึ้นเรื่อยๆ ไม่ท่าทีจะลดลง ความสูงระดับหัวเข่า น้ำท่วมมาแล้วน้อยกว่า 1 วัน,https://storage.googleapis.com/traffy_public_bucket/attachment/2026-09/e460121e64c09a7b258aba529b41b7b2.jpeg
2026-M72JX8,forward,2026-09-25 22:01,2026-09-26 08:07,100.59227,13.7432,ห้วยขวาง,บางกะปิ,ท่วมทุกหัวระแหงทุกถนนเลยนะครับสำนักงานเขตทำอะไรอยู่ครับตำรวจทำอะไรอยู่ครับ ความสูงระดับหน้าแข้ง น้ำท่วมมาแล้วน้อยกว่า 3 ชั่วโมง,https://storage.googleapis.com/traffy_public_bucket/attachment/2026-09/thumb_03154050d3363d57e1e35d7147ef80a2.jpg
2026-VHTLEW,finish,2026-09-25 22:01,2026-09-30 14:30,100.53793,13.81149,บางซื่อ,บางซื่อ,น้ำท่วมถึงตาตุ่ม ความสูงระดับข้อเท้า น้ำท่วมมาแล้วน้อยกว่า 1 วัน,https://storage.googleapis.com/traffy_public_bucket/attachment/2026-09/0da359e1e456e8bebfd19a246b624f15.jpeg
2026-Z7NUR4,forward,2026-09-25 22:01,2026-09-26 07:28,100.59759,13.66595,บางนา,บางนาใต้,น้ำท่วมถนนสุขุมวิท!!! ตอนแรกดิชั้นนึกว่าแค่หมู่บ้านดิชั้น นี่ทั้งสุขุมวิท ช่วงบางนา พวกคุณทำอะไรกันอยู่!!!! พรุ่งนี้ชั้นต้องออกไปทำงานอีกนะ แต่เช้า มันจะดีขึ้นมั้ย ความสูงระดับหน้าแข้ง น้ำท่วมมาแล้วน้อยกว่า 1 วัน,https://storage.googleapis.com/traffy_public_bucket/attachment/2026-09/fe50f9caa63d0ef06dbfa7f7cd622f32.jpeg
2026-BALFPN,inprogress,2026-09-25 22:03,2026-09-25 23:19,100.62545,13.78276,วังทองหลาง,คลองเจ้าคุณสิงห์,ฝากดูปริมาณน้ำในหมู่บ้านประชากรไทย ซอยลาดพร้าว93 หน่อยค่ะปริมาณน้ำลดช้าและมีฝนตกลงมาซ้ำอีกทำให้ในพื้นที่น้ำท่วมค่อนข้างสูง แตกต่างจากบริเวณถนนหลักที่ดูมีการระบายน้ำดีกว่า ถ้าคืนนี้จะมีปริมาณน้ำที่สูงขึ้นฝากหน่วยงานประกาศเตือนทีค่ะ ความสูงระดับหัวเข่า น้ำท,https://storage.googleapis.com/traffy_public_bucket/attachment/2026-09/288d32223676c58de67d94d3e387a8ed.jpeg
2026-BALFPN,finish,2026-09-25 22:03,2026-10-07 00:24,100.62545,13.78276,วังทองหลาง,คลองเจ้าคุณสิงห์,ฝากดูปริมาณน้ำในหมู่บ้านประชากรไทย ซอยลาดพร้าว93 หน่อยค่ะปริมาณน้ำลดช้าและมีฝนตกลงมาซ้ำอีกทำให้ในพื้นที่น้ำท่วมค่อนข้างสูง แตกต่างจากบริเวณถนนหลักที่ดูมีการระบายน้ำดีกว่า ถ้าคืนนี้จะมีปริมาณน้ำที่สูงขึ้นฝากหน่วยงานประกาศเตือนทีค่ะ ความสูงระดับหัวเข่า น้ำท,https://storage.googleapis.com/traffy_public_bucket/attachment/2026-09/288d32223676c58de67d94d3e387a8ed.jpeg
2026-F6ULCR,inprogress,2026-09-25 22:03,2026-09-25 22:07,100.67701,13.7226,ประเวศ,ประเวศ,น้ำท่วมเข้าบ้าน ความสูงระดับหัวเข่า น้ำท่วมมาแล้วน้อยกว่า 3 ชั่วโมง,https://storage.googleapis.com/traffy_public_bucket/attachment/2026-09/6f462a885a185bdac30139e5bd0279da.jpeg
2026-YXPL6G,forward,2026-09-25 22:03,2026-09-26 22:13,100.68478,13.75456,สะพานสูง,สะพานสูง,น้ำท่วมหนักมาก คลองล้นแล้ว ขอความช่วยเหลือด่วน ความสูงระดับหน้าแข้ง น้ำท่วมมาแล้วเข้าบ้านค่ะ,https://storage.googleapis.com/traffy_public_bucket/attachment/2026-09/thumb_cc657591f529dee31edd48bb96f4a804.jpg
2026-3DTWDF,finish,2026-09-25 22:04,2026-09-30 09:17,100.60202,13.72476,วัฒนา,พระโขนงเหนือ,น้ำท่วมในซอย ปรีดีพนมยงค์26แยก10สูงถึงหน้าแข้งครับ และตอนนี้บ้านแทบนี้น้ำท่วมเข้าบ้านแล้ว ฝากช่วยลดระดับน้ำในซอย โดยด่วนครับ อย่างน้อยช่วยถึงไปที่ถนนใหญ่ที่ไม่ท่วมเลยก็ยังดีครับ ความสูงระดับหน้าแข้ง น้ำท่วมมาแล้วตั้งแต่ช่วงบ่าย3ครับ,https://storage.googleapis.com/traffy_public_bucket/attachment/2026-09/57563699799af917d52ab4c5e9218d3f.jpeg
2026-4ZDPHJ,inprogress,2026-09-25 22:05,2026-09-25 23:18,100.62654,13.77976,วังทองหลาง,คลองเจ้าคุณสิงห์,วันนี้ฝนตกทั้งวันไม่หนักมาก แต่น้ำล้นท่อในซอยเหมือนไม่ระบายออกที่ท้ายซอยเลย. บ้านปลายซอยน้ำท่วมเข้าในบ้านหลายหลัง ช่วยมาแก้ไขด่วน ดิฉันอยู่กลางซอยน้ำก็ปริ่มที่จอดรถแล้วเกือบเข้าบ้าน อยู่มา 24ปี เพิ่งท่วมมากขนาดนี้ ความสูงระดับหน้าแข้ง น้ำท่วมมาแล้วตั้งแต่,https://storage.googleapis.com/traffy_public_bucket/attachment/2026-09/thumb_11ddfe2d2bb4b4fe02cfb26d77b4bf51.jpg
2026-4ZDPHJ,finish,2026-09-25 22:05,2026-10-07 00:22,100.62654,13.77976,วังทองหลาง,คลองเจ้าคุณสิงห์,วันนี้ฝนตกทั้งวันไม่หนักมาก แต่น้ำล้นท่อในซอยเหมือนไม่ระบายออกที่ท้ายซอยเลย. บ้านปลายซอยน้ำท่วมเข้าในบ้านหลายหลัง ช่วยมาแก้ไขด่วน ดิฉันอยู่กลางซอยน้ำก็ปริ่มที่จอดรถแล้วเกือบเข้าบ้าน อยู่มา 24ปี เพิ่งท่วมมากขนาดนี้ ความสูงระดับหน้าแข้ง น้ำท่วมมาแล้วตั้งแต่,https://storage.googleapis.com/traffy_public_bucket/attachment/2026-09/thumb_11ddfe2d2bb4b4fe02cfb26d77b4bf51.jpg
2026-MM6629,finish,2026-09-25 22:05,2026-09-30 16:37,100.63676,13.66223,บางนา,บางนาเหนือ,น้ำท่วมซอยบางนาตราด42 ไม่มีเครื่องสูบน้ำเลย เข้าบ้านแล้ว ความสูงระดับหัวเข่า น้ำท่วมมาแล้วน้อยกว่า 1 วัน,https://storage.googleapis.com/traffy_public_bucket/attachment/2026-09/a5e131cea88729d0d8958d74908a2fe7.jpeg
2026-YXDWHB,finish,2026-09-25 22:06,2026-09-28 22:49,100.63359,13.65283,บางนา,บางนาใต้,น้ำท่วม ความสูงระดับหัวเข่า น้ำท่วมมาแล้วน้อยกว่า 3 ชั่วโมง,https://storage.googleapis.com/traffy_public_bucket/attachment/2026-09/6391f234eea2d18d3e10a7611f18fef4.jpeg
2026-8RKXYK,forward,2026-09-25 22:07,2026-09-25 23:14,100.41797,13.70458,บางแค,บางแค,น้ำท่วมในบ้านเยอะมากไม่มีการระบายน้ำเลยมีแต่เพิ่มสูงขึ้นรบกวนหน่วยงานที่เกี่ยวข้องดูแลและแก้ไขด้วยค่ะ ความสูงระดับหัวเข่า น้ำท่วมมาแล้วน้อยกว่า 1 วัน,https://storage.googleapis.com/traffy_public_bucket/attachment/2026-09/13e1aa860ec21c7a443a7aa8ad6ea18e.jpeg
2026-BEWU4T,inprogress,2026-09-25 22:07,2026-09-27 14:09,100.58292,13.75238,ห้วยขวาง,บางกะปิ,ช่วยเร่งระบายน้ำด้วยค่ะ ความสูงระดับหน้าแข้ง น้ำท่วมมาแล้วเย็นๆค่ะ,https://storage.googleapis.com/traffy_public_bucket/attachment/2026-09/2c510b8c89b381244e7564582d9bb4e4.jpeg
2026-BEWU4T,finish,2026-09-25 22:07,2026-10-09 20:02,100.58292,13.75238,ห้วยขวาง,บางกะปิ,ช่วยเร่งระบายน้ำด้วยค่ะ ความสูงระดับหน้าแข้ง น้ำท่วมมาแล้วเย็นๆค่ะ,https://storage.googleapis.com/traffy_public_bucket/attachment/2026-09/2c510b8c89b381244e7564582d9bb4e4.jpeg
2026-33JN76,finish,2026-09-25 22:08,2026-09-29 17:10,100.54716,13.86291,หลักสี่,ทุ่งสองห้อง,เรียน สำนักงานเขตหลักสี่ ขอความอนุเคราะห์สำนักงานเขตเข้าตรวจสอบและช่วยเหลือกรณี น้ำท่วมขังภายในหมู่บ้านภัสสร 11 ขณะนี้มีฝนตกต่อเนื่อง ส่งผลให้ระดับน้ำภายในหมู่บ้านเพิ่มสูงขึ้นและ ยังไม่มีแนวโน้มลดลง แม้ว่านิติบุคคลหมู่บ้านได้เปิดเครื่องสูบน้ำพร้อมกันทั้ง ,https://storage.googleapis.com/traffy_public_bucket/attachment/2026-09/dc7dccb755a0105aa6ff16172e9e8081.jpeg
2026-B82K33,finish,2026-09-25 22:08,2026-09-30 20:54,100.60198,13.83253,ลาดพร้าว,จรเข้บัว,ฝนตกน้ำท่วมสูง ความสูงระดับหัวเข่า น้ำท่วมมาแล้วน้อยกว่า 1 วัน,https://storage.googleapis.com/traffy_public_bucket/attachment/2026-09/fb5e88e70cf2803d884bab3918061c79.jpeg
2026-XT6EKM,finish,2026-09-25 22:09,2026-09-28 18:38,100.6764,13.72048,ประเวศ,ประเวศ,เรียน กทม. และหน่วยงานที่เกี่ยวข้อง ขอแจ้งเหตุกรณีน้ำท่วมบริเวณ **หมู่บ้านชมเดือน 3 ซอยอ่อนนุช 59/1 เขตประเวศ กรุงเทพมหานคร** ขณะนี้มีน้ำท่วมสูงประมาณระดับหัวเข่า ส่งผลให้ประชาชนที่พักอาศัยภายในซอย รวมถึงรถยนต์ ไม่สามารถเข้า-ออกได้อย่างสะดวก และมีความลำบ,https://storage.googleapis.com/traffy_public_bucket/attachment/2026-09/3afbe5ee2dcf7389b4856122bbb86335.jpeg
2026-4DMC2R,inprogress,2026-09-25 22:11,2026-09-25 22:42,100.3352,13.76676,ทวีวัฒนา,ทวีวัฒนา,อยู่บ้านเลขที่ 4/23 หมู่บ้านร่วมเกื้อ ซอย 25 แยก 13-3 ตอนนี้ฝนตกไม่หยุดแต่ดูเหมือนฝนตกไม่หนักแต่ตกแช่ทั้งวันน้ำท่วมในซอยสูงกว่า 50 cm แล้วคนแจ้งสูง 147 ออกไปเดินก็จะถึงเอวอยู่แล้ว แต่ก่อนเขตทวีวัฒนาเอาเครื่องสูบน้ำมาตั้งให้เพราะซอยนี้ต่ำกว่าทุกซอยแต่เขายก,https://storage.googleapis.com/traffy_public_bucket/attachment/2026-09/d6d5dea26af617777664737b0dc1e24f.jpeg
2026-8FCR7H,inprogress,2026-09-25 22:11,2026-09-25 22:16,100.69272,13.69242,ประเวศ,ดอกไม้,น้ำท่วมสูง ไม่มีการระบายออก ตั้งแต่ในซอยเฉลิมพระเกียรติร.9 ซอย 48 จนในหมู่บ้านพนาสนธิ์วิลล่า 10 น้ำท่วมถึงเข่า รถก็น้ำเข้า ย้ายรถไม่ได้แล้ว อยากให้ทยอยระบายน้ำบ้าง ที่นี่ฝนตกทีไร น้ำไม่ไปไหนเลย ความสูงระดับถ่ายหน้าบ้าน น้ำสูงถึงเข่า น้ำท่วมมาแล้วประมาณ5-6,https://storage.googleapis.com/traffy_public_bucket/attachment/2026-09/c03599541d816fd457673edca2e4168c.jpeg
2026-M98JF3,inprogress,2026-09-25 22:11,2026-09-26 05:07,100.62973,13.86821,บางเขน,ท่าแร้ง,มีน้ำท่วมขังบริเวณกลางซอยรามอินทรา 39 แยก 28 จากแยก 28 เข้ามาประมาณ 200 เมตร เป็นจุดที่มีน้ำท่วมขังสูงกว่าจุดอื่นๆ ความสูงระดับประมาณ 20 cm ค่ะ น้ำท่วมมาแล้ว2 วันค่ะ,https://storage.googleapis.com/traffy_public_bucket/attachment/2026-09/thumb_ff69d4a60315753bbb606a1760ec7c93.jpg
2026-EM2EHZ,finish,2026-09-25 22:12,2026-09-27 13:50,100.41864,13.76635,ตลิ่งชัน,บางระมาด,หมู่บ้านมหาดไทย 2 มีปัญหา น้ำท่วมขัง ระบายไม่ทัน ตอนนี้น้ำ สูงประมาณ 50 เซนติเมตร เนื่องจากหมู่บ้านอยู่ติดคลองลัดมะยม ความสูงระดับ30-50 ซม. ค่ะ น้ำท่วมมาแล้วน้อยกว่า 3 ชั่วโมง,https://storage.googleapis.com/traffy_public_bucket/attachment/2026-09/0be22226476a7471e43e63dddc8548fc.jpeg
2026-EVRBPC,inprogress,2026-09-25 22:12,2026-09-25 22:59,100.79311,13.73592,ลาดกระบัง,ลำปลาทิว,น้ำท่วมซอยฉลองกรุง 2 ระดับน้ำเกือบเข่า ความสูงระดับหน้าบ้านประมาณครึ่งล้อรถยนต์ค่ะ น้ำท่วมมาแล้วเกิน 12 ชม ค่ะ,https://storage.googleapis.com/traffy_public_bucket/attachment/2026-09/6db3f45732c5cc087a53431a8fa4e03f.jpeg
2026-D2XKJ7,inprogress,2026-09-25 22:13,2026-09-28 13:03,100.68984,13.8324,คันนายาว,คันนายาว,ตอนนี้น้ำในคลองบางชันท่วมสูง เข้าบ้านค่ะ ปัญหาคือ มีปลิงในคลอง อยากให้ช่วยเร่งระบายน้ำค้ะ ความสูงระดับหัวเข่า น้ำท่วมมาแล้วน้อยกว่า 1 วัน,https://storage.googleapis.com/traffy_public_bucket/attachment/2026-09/84611caa1781e7768c48e7f56400fdf5.jpeg
2026-D2XKJ7,forward,2026-09-25 22:13,2026-10-09 15:27,100.68984,13.8324,คันนายาว,คันนายาว,ตอนนี้น้ำในคลองบางชันท่วมสูง เข้าบ้านค่ะ ปัญหาคือ มีปลิงในคลอง อยากให้ช่วยเร่งระบายน้ำค้ะ ความสูงระดับหัวเข่า น้ำท่วมมาแล้วน้อยกว่า 1 วัน,https://storage.googleapis.com/traffy_public_bucket/attachment/2026-09/84611caa1781e7768c48e7f56400fdf5.jpeg
2026-MK6GN2,forward,2026-09-25 22:13,2026-09-26 21:44,100.56003,13.85178,จตุจักร,ลาดยาว,น้ำท่วมเข้าบ้าน ความสูงระดับข้อเท้า น้ำท่วมมาแล้วน้อยกว่า 3 ชั่วโมง,https://storage.googleapis.com/traffy_public_bucket/attachment/2026-09/360391743c988f6d0be21d08907badc2.jpeg
2026-ZRF2CR,inprogress,2026-09-25 22:13,2026-10-02 08:58,100.63462,13.67481,บางนา,บางนาเหนือ,คอนโดเปิดช่องระบายน้ำลงพื้นที่ข้างเคียงเมื่อเกิดฝนตกน้ำจะไหลเข้ามาพื้นที่ชาวบ้านในซอย ความสูงระดับน้ำไหลเข้าบ้าน น้ำท่วมมาแล้วตอนฝนตกทุกคร้ัง ปกติไม่เคยท่วม เพราะในซอยน้ำระบายดี คอนโดมาสร้างกลายเป็นที่ระบายน้ำจากฝั่งคอนโด ตอนแรกทำท่อระบายน้ำมาลงในซอย กรุณ,https://storage.googleapis.com/traffy_public_bucket/attachment/2026-09/761812c859c6895d9988aa6fa5ae226c.jpeg
2026-GWHUBM,finish,2026-09-25 22:15,2026-09-29 08:56,100.43837,13.79596,ตลิ่งชัน,ตลิ่งชัน,น้ำกำลังท่วมบ้านชั้น1แล้ว ความสูงระดับหน้าแข้ง น้ำท่วมมาแล้วน้อยกว่า 3 ชั่วโมง,https://storage.googleapis.com/traffy_public_bucket/attachment/2026-09/ec7f1b4615d5685a6a65341204609473.jpeg
2026-L73JX2,inprogress,2026-09-25 22:15,2026-09-25 23:27,100.62443,13.78443,วังทองหลาง,คลองเจ้าคุณสิงห์,คือ ตอนนี้ ประสบปัญหา น้ำท่วมสูงมาก เนื่องจากบ้านเป็นบ้านเก่า ถนนหน้าบ้านทำสูงมานานแล้ว ดังนั้น เวลาฝนตกหนัก ๆ น้ำก็จะท่วมเข้าบ้าน เปรียบเสมือนพื้นที่ในบ้าน เป็นแก้มลิง ไว้รองรับน้ำภายนอกเสมอ เท่าที่ทราบกันว่าฝนตกต่อเนื่องมาตั้งแต่เมื่อคืนวาน ประจวบกับน้ำ,https://storage.googleapis.com/traffy_public_bucket/attachment/2026-09/a0d7d6a1196f079ca9325f0f84b3bc27.jpeg
2026-L73JX2,finish,2026-09-25 22:15,2026-10-07 00:22,100.62443,13.78443,วังทองหลาง,คลองเจ้าคุณสิงห์,คือ ตอนนี้ ประสบปัญหา น้ำท่วมสูงมาก เนื่องจากบ้านเป็นบ้านเก่า ถนนหน้าบ้านทำสูงมานานแล้ว ดังนั้น เวลาฝนตกหนัก ๆ น้ำก็จะท่วมเข้าบ้าน เปรียบเสมือนพื้นที่ในบ้าน เป็นแก้มลิง ไว้รองรับน้ำภายนอกเสมอ เท่าที่ทราบกันว่าฝนตกต่อเนื่องมาตั้งแต่เมื่อคืนวาน ประจวบกับน้ำ,https://storage.googleapis.com/traffy_public_bucket/attachment/2026-09/a0d7d6a1196f079ca9325f0f84b3bc27.jpeg
2026-AK4EA2,forward,2026-09-25 22:18,2026-09-26 06:54,100.65837,13.78251,บึงกุ่ม,คลองกุ่ม,ช่วยสูบน้ำออกด่วนๆ ความสูงระดับหน้าบ้านน่าตะเอว น้ำท่วมมาแล้วในบ้านถึงหน้าแข้ง,https://storage.googleapis.com/traffy_public_bucket/attachment/2026-09/737e78abcc66dd45a4f3d2a13bf7d959.jpeg
2026-CN3H43,forward,2026-09-25 22:18,2026-09-30 13:39,100.70427,13.82276,คลองสามวา,บางชัน,บ้านจะจมน้ำแล้ว ช่วยด้วย ความสูงระดับหัวเข่า น้ำท่วมมาแล้วน้อยกว่า 1 วัน,https://storage.googleapis.com/traffy_public_bucket/attachment/2026-09/thumb_f403051661a7cc758f91857c9c673fe2.jpg
2026-UFV9K9,forward,2026-09-25 22:18,2026-09-26 06:54,100.65362,13.83174,บึงกุ่ม,นวลจันทร์,น้ำท่วมขัง ปริมาณมาก แนวทาง สูบลงคลองระบสยน้ำด้านท้ายหมู่บ้าน ความสูงระดับหน้าแข้ง น้ำท่วมมาแล้วน้อยกว่า 1 วัน,https://storage.googleapis.com/traffy_public_bucket/attachment/2026-09/6b3a41123982cb299d1059282f5b1198.jpeg
2026-XYAA92,inprogress,2026-09-25 22:18,2026-09-26 21:56,100.65024,13.75834,บางกะปิ,หัวหมาก,น้ำท่วมไม่มีการระบาย คือเข้าใจนะคะว่าฝนตกทั้งวัน แต่ควรจัดการและแจ้งเตือนให้ไวกว่านี้นะคะ ความสูงระดับต้นขาค่ะ น้ำท่วมมาแล้วน้อยกว่า 3 ชั่วโมง,https://storage.googleapis.com/traffy_public_bucket/attachment/2026-09/thumb_5582e696aa102692ffa93e37e2dfb231.jpg
2026-XYAA92,finish,2026-09-25 22:18,2026-10-06 09:13,100.65024,13.75834,บางกะปิ,หัวหมาก,น้ำท่วมไม่มีการระบาย คือเข้าใจนะคะว่าฝนตกทั้งวัน แต่ควรจัดการและแจ้งเตือนให้ไวกว่านี้นะคะ ความสูงระดับต้นขาค่ะ น้ำท่วมมาแล้วน้อยกว่า 3 ชั่วโมง,https://storage.googleapis.com/traffy_public_bucket/attachment/2026-09/thumb_5582e696aa102692ffa93e37e2dfb231.jpg
2026-HZUU7X,inprogress,2026-09-25 22:19,2026-09-29 17:44,100.69539,13.85228,คลองสามวา,บางชัน,จากสถานการณ์ฝนตกต่อเนื่องในเขตพื้นที่คลองสามวา ทำให้เกิดน้ำท่วมขังในซอยย่อยหลายซอย (ซอยหลักคือซอยพระยาสุเรนทร์34) แต่น้ำไม่ได้ท่วมทุกซอยย่อย เนื่องจาก บางซอยได้รับการปรับพื้นถนนของซอยให้สูงขึ้น น้ำจึงไม่ท่วมขัง ซึ่งการปรับพื้นถนนที่ไม่ทั่วถึงนี้ ทำให้เกิด,https://storage.googleapis.com/traffy_public_bucket/attachment/2026-09/2a7ebf2aa65815515659c4ce3fdc4696.jpeg
2026-UVZKTG,inprogress,2026-09-25 22:19,2026-09-25 22:24,100.67298,13.68192,ประเวศ,หนองบอน,ซอยเฉลิมพระเกียรติ ร.๙ 28 น้ำท่วมขัง ระดับสูง ประมาณ 15 cm ท่วมช่วงก่อนขึ้นสะพานข้ามคลอง ก่อนถึงวงเวียนค่ะ อยากให้เร่งนำเครื่องสูบน้ำมาช่วยสูบออกค่ะ ความสูงระดับท่วมช่วงที่เป็นสีแดงก่อนวงเวียน น้ำท่วมมาแล้วน้อยกว่า 1 วัน,https://storage.googleapis.com/traffy_public_bucket/attachment/2026-09/239a5220323be572fa4f0151a287f046.jpeg
2026-NXNZXV,inprogress,2026-09-25 22:20,2026-09-25 23:20,100.596,13.77869,วังทองหลาง,วังทองหลาง,ภายในหมู่บ้านซิตี้ทาวน์โฮม ซ.ลาดพร้าว 80 แยก 26 ตอนนี้ระดับน้ำสูง 20-25ซม. ไม่มีทีท่า น้ำจะลดเลยครับ เป็นที่รับน้ำเช่นเดิม รอบด้านช่วยเร่งพร่องน้ำ โดยเร็วด้วยครับท่าน ความสูงระดับหัวเข่า น้ำท่วมมาแล้วน้อยกว่า 1 วัน,https://storage.googleapis.com/traffy_public_bucket/attachment/2026-09/9ad14b639709a599dc8a07dafdbda0a8.jpeg
2026-NXNZXV,finish,2026-09-25 22:20,2026-10-07 00:21,100.596,13.77869,วังทองหลาง,วังทองหลาง,ภายในหมู่บ้านซิตี้ทาวน์โฮม ซ.ลาดพร้าว 80 แยก 26 ตอนนี้ระดับน้ำสูง 20-25ซม. ไม่มีทีท่า น้ำจะลดเลยครับ เป็นที่รับน้ำเช่นเดิม รอบด้านช่วยเร่งพร่องน้ำ โดยเร็วด้วยครับท่าน ความสูงระดับหัวเข่า น้ำท่วมมาแล้วน้อยกว่า 1 วัน,https://storage.googleapis.com/traffy_public_bucket/attachment/2026-09/9ad14b639709a599dc8a07dafdbda0a8.jpeg
2026-U2XB84,inprogress,2026-09-25 22:20,2026-09-26 11:18,100.40734,13.6367,บางขุนเทียน,แสมดำ,น้ำคลองขึ้นสูงเข้าบ้าน ความสูงระดับเข้าบ้าน น้ำท่วมมาแล้วน้อยกว่า 3 ชั่วโมง,https://storage.googleapis.com/traffy_public_bucket/attachment/2026-09/5054fe1db6f35c5ab96206d4037f6bc0.jpeg
2026-XFHDJL,finish,2026-09-25 22:20,2026-09-27 15:14,100.4774,13.76948,บางกอกน้อย,อรุณอมรินทร์,น้ำท่วมขัง อยากให้หน่วยงานที่เกี่ยวข้องเปิดประตูระบายน้ำซอยจรัญ43หน่อยครับ ความสูงระดับหน้าแข้ง น้ำท่วมมาแล้วน้อยกว่า 1 วัน,https://storage.googleapis.com/traffy_public_bucket/attachment/2026-09/d6f94334ebc7279e331456504affec4c.jpeg
2026-JAUWMF,inprogress,2026-09-25 22:21,2026-09-26 18:49,100.63853,13.75288,บางกะปิ,หัวหมาก,น้ำท่วมขังในซอยรามคำแหง 36/1 ทั้งซอย โดยเฉพาะท้ายซอยน้ำขึ้นสูงมาก ระดับเข่าค่ะ กังวลว่าคืนนี้จะขึ้นสูงอีก ความสูงระดับระดับเข่าค่ะ น้ำท่วมมาแล้วน้อยกว่า 1 วัน,https://storage.googleapis.com/traffy_public_bucket/attachment/2026-09/c32bc59ac51e96a7358f3612a75e1149.jpeg
2026-JAUWMF,finish,2026-09-25 22:21,2026-10-06 09:12,100.63853,13.75288,บางกะปิ,หัวหมาก,น้ำท่วมขังในซอยรามคำแหง 36/1 ทั้งซอย โดยเฉพาะท้ายซอยน้ำขึ้นสูงมาก ระดับเข่าค่ะ กังวลว่าคืนนี้จะขึ้นสูงอีก ความสูงระดับระดับเข่าค่ะ น้ำท่วมมาแล้วน้อยกว่า 1 วัน,https://storage.googleapis.com/traffy_public_bucket/attachment/2026-09/c32bc59ac51e96a7358f3612a75e1149.jpeg
2026-9W3VCR,inprogress,2026-09-25 22:23,2026-09-25 23:26,100.60831,13.77558,วังทองหลาง,พลับพลา,น้ำท่วม ซอย อินทราภรณ์ แยก4 ความสูงระดับครึ่งหน้าแข้ง และสูงขึ้นเรื่อยๆครับ น้ำท่วมมาแล้วตั้งแต่ช่วงบ่ายครับ,https://storage.googleapis.com/traffy_public_bucket/attachment/2026-09/b6437495e0ec544b29c1d30200632b53.jpeg
2026-9W3VCR,finish,2026-09-25 22:23,2026-10-07 00:20,100.60831,13.77558,วังทองหลาง,พลับพลา,น้ำท่วม ซอย อินทราภรณ์ แยก4 ความสูงระดับครึ่งหน้าแข้ง และสูงขึ้นเรื่อยๆครับ น้ำท่วมมาแล้วตั้งแต่ช่วงบ่ายครับ,https://storage.googleapis.com/traffy_public_bucket/attachment/2026-09/b6437495e0ec544b29c1d30200632b53.jpeg
2026-C4ZXVL,inprogress,2026-09-25 22:24,2026-09-25 22:27,100.67237,13.73246,ประเวศ,ประเวศ,น้ำท่วมจะถึงเข่าแล้ว ความสูงระดับหัวเข่า น้ำท่วมมาแล้วน้อยกว่า 3 ชั่วโมง,https://storage.googleapis.com/traffy_public_bucket/attachment/2026-09/thumb_c9246d511e3c61b2a2731433433d60c6.jpg
2026-MD8VG3,forward,2026-09-25 22:24,2026-09-26 21:46,100.55039,13.83806,จตุจักร,ลาดยาว,น้ำท่วมในซอย 1 ถนนเทศบาลนิมิตใต้ ถึงฟุตบาทแล้ว ความสูงระดับตอนนี้สูงกว่าในรูปแล้วค่ะ น้ำท่วมมาแล้วตั้งแต่ช่วงบ่ายค่ะ,https://storage.googleapis.com/traffy_public_bucket/attachment/2026-09/cb4403a6128026debc3da350c2d3c4eb.jpeg
2026-6LKEMD,forward,2026-09-25 22:25,2026-09-26 06:53,100.65435,13.78313,บึงกุ่ม,คลองกุ่ม,แจ้งปัญหา : น้ำท่วมในซอยนวมินทร์ 24 ค่ะ ตอนนี้น่าจะครึ่งล้อรถแล้วหรือเกิน โดยมีแนวโน้มที่น้ำจะเพิ่มสูงขึ้นเรื่อยๆ **ต้องการให้ทาง กทม. ช่วยเข้ามาเร่งระบายน้ำให้ค่ะ** เพราะกลัวว่าถ้าฝนยังตกต่อเนื่องไปเรื่อยๆ น้ำท่วมเข้าบ้านแน่ค่ะ >> วีดีโอด้านล่างอัพเด,https://storage.googleapis.com/traffy_public_bucket/attachment/2026-09/thumb_32a31102d995d60f60daa8d849d3f29a.jpg
2026-PUFH4L,forward,2026-09-25 22:25,2026-09-26 11:31,100.55096,13.83898,จตุจักร,ลาดยาว,ถนนบริเวณหน้า บองมาร์เช่ ฝั่งขาออกมุ่งหน้าไปวัดเสมียนนารีปกติเส้นนี้แล้วฝนตกก็จะจะท่วมเป็นประจำรวมทั้งวันนี้ ความสูงระดับข้อเท้า น้ำท่วมมาแล้วน้อยกว่า 1 วัน,https://storage.googleapis.com/traffy_public_bucket/attachment/2026-09/ac66608abc8378bb0ba300475c28bd97.jpeg
2026-XXXVLR,finish,2026-09-25 22:26,2026-09-29 17:10,100.5896,13.88208,หลักสี่,ตลาดบางเขน,นํ้าท่วมครับ ท่วมถึงเข่า จะใกล้ครึ่งตัวแล้วครับ ช่วงเร่งระบายนํ้าได้ไหมครับ ความสูงระดับหัวเข่า น้ำท่วมมาแล้ว ท่วมตั้งแต่เช้า จนถึงตอนนี้แล้วครับ ประมาณ 50 เซนแล้วครับ,https://storage.googleapis.com/traffy_public_bucket/attachment/2026-09/5290bd53dc20eb15a4744df1085158b7.jpeg
2026-8A9ZLE,inprogress,2026-09-25 22:27,2026-09-26 18:47,100.63954,13.77122,บางกะปิ,คลองจั่น,น้ำท่วมเข้าบ้าน ซอย 115 น้ำท่วมไม่ลงเลยครับ ความสูงระดับในซอยแยก 1 สูงเกิน 20 ซม ครับ น้ำท่วมมาแล้วตั้งแต่บ่ายสามโมง,https://storage.googleapis.com/traffy_public_bucket/attachment/2026-09/86b8be0bd78441b4f7f1ba875d28b51a.jpeg
2026-DUCEHV,forward,2026-09-25 22:27,2026-09-30 13:37,100.6945,13.84259,คลองสามวา,บางชัน,ลายละเอียด เกิดนํ้าท่วมจากเหตุการณ์ฝนตกต่อเนื่อง ความสูงระดับ70 เซนติเมตร น้ำท่วมมาแล้วน้อยกว่า 1 วัน,https://storage.googleapis.com/traffy_public_bucket/attachment/2026-09/fbe54f61e759cc640cd6acb4012da36a.jpeg
2026-UCNGPG,inprogress,2026-09-25 22:27,2026-09-30 11:00,100.60375,13.93065,ดอนเมือง,สีกัน,ต้องการขอกระสอบทราย ป้องกันน้ำเข้าบ้าน ขณะนี้นำ้เริ่มสูงขึ้นเรื่อยๆครับ ความสูงระดับเข้าครัวแล้วครับ ในครัวชั้นล่างน้ำสูงประมาณ 4 นิ้ว น้ำท่วมมาแล้วตั้งแต่ 5 โมงเย็นครับ ระดับสูงขึ้นเรื่อยๆ,https://storage.googleapis.com/traffy_public_bucket/attachment/2026-09/535f8a9caeef229596392019095d86b8.jpeg
2026-CCCZPY,forward,2026-09-25 22:28,2026-09-26 08:36,100.56542,13.75531,ห้วยขวาง,ห้วยขวาง,น้ำล้นเขื่อนเข้าในบ้านหมดแล้วค่ะ ความสูงระดับข้อเท้า น้ำท่วมมาแล้วในบ้านท่วมเหนือข้อเท้า,https://storage.googleapis.com/traffy_public_bucket/attachment/2026-09/7fb321ad3ef97d8bb4023b7ac391bc90.jpeg
2026-K9G8BK,inprogress,2026-09-25 22:28,2026-09-25 23:44,100.61752,13.77476,วังทองหลาง,พลับพลา,บริเวณลาดพร้าว110 ซอย3 น้ำท่วมค่อนข้างหนักค่ะ ประมาณ10-15ซม รบกวนช่วยระบายด้วยนะคะ มีเข้าบ้านเรือนแล้วหลายหลังค่ะ 🙏🏻 ความสูงระดับประมาณเลยตาตุ่มมาค่ะ น้ำท่วมมาแล้วตั้งแต่1ทุ่มค่ะ,https://storage.googleapis.com/traffy_public_bucket/attachment/2026-09/0b91591806803d988e662bb4b1513588.jpeg
2026-K9G8BK,finish,2026-09-25 22:28,2026-10-07 00:20,100.61752,13.77476,วังทองหลาง,พลับพลา,บริเวณลาดพร้าว110 ซอย3 น้ำท่วมค่อนข้างหนักค่ะ ประมาณ10-15ซม รบกวนช่วยระบายด้วยนะคะ มีเข้าบ้านเรือนแล้วหลายหลังค่ะ 🙏🏻 ความสูงระดับประมาณเลยตาตุ่มมาค่ะ น้ำท่วมมาแล้วตั้งแต่1ทุ่มค่ะ,https://storage.googleapis.com/traffy_public_bucket/attachment/2026-09/0b91591806803d988e662bb4b1513588.jpeg
2026-NB3CV7,finish,2026-09-25 22:28,2026-09-27 21:24,100.62239,13.76287,วังทองหลาง,พลับพลา,ขอความอนุเคาะ กระสอบทรายครับ ตอนนี้เครื่ งเสียงที่รับงานอีเว้นและงานระบบเสียงต่าง ได้ถูกน้ำจากคลองแสนแสนล้นตลิ่ง ความสูงระรับน้ำ 60ซม.แล้วครับ ความสูงระดับ60ซมแล้วครับ น้ำท่วมมาแล้วตัวแต่หัวค่ำครับ,https://storage.googleapis.com/traffy_public_bucket/attachment/2026-09/thumb_d45d6806382a8750e3388a233a191ead.jpg
2026-R7PZR6,forward,2026-09-25 22:28,2026-09-30 13:37,100.71807,13.84993,คลองสามวา,บางชัน,น้ำท่วมในซอยเมนหมู่บ้านร่มทิพย์ ช่วงเวลา 22:00 น. ระดับน้ำสูงถึงประมาณกลางขาและน้ำกัดเซาะ เข้าหน้าบ้านเ ต้องการให้เจ้าหน้าที่ที่เกี่ยวข้อง เร่งระบายน้ำโดยด่วน ความสูงระดับหน้าแข้ง น้ำท่วมมาแล้วน้อยกว่า 1 วัน,https://storage.googleapis.com/traffy_public_bucket/attachment/2026-09/9ad3a6bb65a8f5d5084dd6fcc2b140d0.jpeg
2026-78TA4B,inprogress,2026-09-25 22:30,2026-09-25 22:50,100.71751,13.8302,มีนบุรี,มีนบุรี,ซอยหทัยราษฎร์27 น้ำเอ่อล้นจากท่อระบายน้ำเข้าบ้านประชาชน ตลอดทั้งซอย โดยเฉพาะท้ายซอยมีน้ำท่วมสูง ความสูงระดับท้ายซอยประมาน50cm กลางซอยประมาน30cmในบ้านประชาชน น้ำท่วมมาแล้วน้อยกว่า 1 วัน,https://storage.googleapis.com/traffy_public_bucket/attachment/2026-09/eb4f3d616d35618bf13ca9ca8967779a.jpeg
2026-U8K4WX,forward,2026-09-25 22:30,2026-09-25 22:39,100.50737,13.79997,บางพลัด,บางอ้อ,[ด่วนที่สุด] ขอความอนุเคราะห์เร่งเดินเครื่องสูบน้ำคลองมอญ น้ำในท้องร่องเอ่อล้นเข้าท่วมบ้านเรือน สถานที่เกิดเหตุ: บริเวณบ้านพักริมคลองมอญ เขตบางพลัดบริเวณในสวนข้างคอนโดเดอะทรีริโอ้ บางอ้อ สภาพปัญหา: เนื่องจากฝนตกหนักต่อเนื่อง ส่งผลให้ระดับน้ำในคลองมอญสูงจน,https://storage.googleapis.com/traffy_public_bucket/attachment/2026-09/3d7f5055548fc3de015690d73350a574.jpeg
2026-449PV7,forward,2026-09-25 22:31,2026-09-26 06:53,100.65486,13.7932,บึงกุ่ม,คลองกุ่ม,น้ำท่วมสูง ความสูงระดับหน้าแข้ง น้ำท่วมมาแล้วน้อยกว่า 1 วัน,https://storage.googleapis.com/traffy_public_bucket/attachment/2026-09/bcc9438960f09db46228cf0193ad74c2.jpeg
2026-LGJR3U,finish,2026-09-25 22:31,2026-09-30 16:15,100.62184,13.68185,บางนา,บางนาเหนือ,น้ำท่วมค่ะ ปกติไม่ท่วม น่าจะเพราะใกล้กับประตูน้ำซอยวชิรธรรมที่สร้างเสร็จเมื่อปีที่แล้ว ขอให้เร่งสูบน้ำ ระบายน้ำขังในซอยค่ะ ที่ถนนอุดมสุขไม่ท่วม แต่ท่วมในซอย ทั้ง ๆ ที่ปกติ ในซอย ไม่เคยท่วมเลย แต่ระยะหลัง ถ้าฝนตกเกิน 6 ชั่วโมง น้ำจะท่วมค่ะ ขอให้เร่งสูบน้ำ,https://storage.googleapis.com/traffy_public_bucket/attachment/2026-09/dcc8bc8247be0e702788bdc524e852f8.jpeg
2026-RX3RHM,inprogress,2026-09-25 22:31,2026-09-25 22:38,100.67721,13.72256,ประเวศ,ประเวศ,น้ำท่วมหนักมาก จนทะลักเข้าบ้านชั้น 1 ทั้งชั้นค่ะ ความสูงระดับหัวเข่า น้ำท่วมมาแล้วน้อยกว่า 1 วัน,https://storage.googleapis.com/traffy_public_bucket/attachment/2026-09/dea69ae8536b879f130ef256be8822db.jpeg
2026-URAY78,inprogress,2026-09-25 22:31,2026-09-25 23:43,100.63003,13.7843,วังทองหลาง,คลองเจ้าคุณสิงห์,เรียน หน่วยงานที่เกี่ยวข้อง ขอแจ้งเหตุและขอความช่วยเหลือกรณีน้ำท่วมขังภายในซอยลาดพร้าว101แยก17 ขณะนี้ระดับน้ำเพิ่มสูงขึ้นอย่างต่อเนื่องและสูงถึงประมาณระดับหัวเข่า โดยน้ำได้ไหลเข้าบริเวณบ้านเรือนแล้ว และไม่สามารถนำรถยนต์ออกจากบ้านหรือใช้เส้นทางภายในซอยได้,https://storage.googleapis.com/traffy_public_bucket/attachment/2026-09/d098fc6c7a266bf631febe80e458b42a.jpeg
2026-URAY78,finish,2026-09-25 22:31,2026-10-07 00:19,100.63003,13.7843,วังทองหลาง,คลองเจ้าคุณสิงห์,เรียน หน่วยงานที่เกี่ยวข้อง ขอแจ้งเหตุและขอความช่วยเหลือกรณีน้ำท่วมขังภายในซอยลาดพร้าว101แยก17 ขณะนี้ระดับน้ำเพิ่มสูงขึ้นอย่างต่อเนื่องและสูงถึงประมาณระดับหัวเข่า โดยน้ำได้ไหลเข้าบริเวณบ้านเรือนแล้ว และไม่สามารถนำรถยนต์ออกจากบ้านหรือใช้เส้นทางภายในซอยได้,https://storage.googleapis.com/traffy_public_bucket/attachment/2026-09/d098fc6c7a266bf631febe80e458b42a.jpeg
2026-7EMM7G,inprogress,2026-09-25 22:32,2026-09-25 22:41,100.67652,13.77532,สะพานสูง,สะพานสูง,น้ำท่วมขังปากซอยรามคำแหง 112 และรามคำแหง 110 ทำให้ไม่สามารถสัญจรเข้าหมู่บ้านสัมมากรได้ รถยนต์เล็กผ่านลำบาก อาจดับกลางทาง ความสูงระดับหน้าแข้ง น้ำท่วมมาแล้วน้อยกว่า 1 วัน,https://storage.googleapis.com/traffy_public_bucket/attachment/2026-09/32ff56a8c4f7a7784d78a62bebe74e03.jpeg
2026-GKKK2Z,inprogress,2026-09-25 22:32,2026-09-25 23:41,100.62877,13.76448,วังทองหลาง,พลับพลา,น้ำท่วม ต้องการกระสอบทราย ความสูงระดับหัวเข่า น้ำท่วมมาแล้วน้อยกว่า 3 ชั่วโมง,https://storage.googleapis.com/traffy_public_bucket/attachment/2026-09/d84652bf3f6bba185e41f89d9a031778.jpeg
2026-GKKK2Z,finish,2026-09-25 22:32,2026-10-07 00:16,100.62877,13.76448,วังทองหลาง,พลับพลา,น้ำท่วม ต้องการกระสอบทราย ความสูงระดับหัวเข่า น้ำท่วมมาแล้วน้อยกว่า 3 ชั่วโมง,https://storage.googleapis.com/traffy_public_bucket/attachment/2026-09/d84652bf3f6bba185e41f89d9a031778.jpeg
2026-TWCPCM,inprogress,2026-09-25 22:32,2026-09-25 23:42,100.60454,13.75705,วังทองหลาง,พลับพลา,ระดับน้ำท่วมฟุตบาทในหมู่บ้านศรีชวาลา ซอยรามคำแหง 21 แล้วครับ ปกติจะมีเครื่องสูบน้ำมา ตอนนี้ไม่มีเลย ความสูงระดับพ้นฟุตบาทครับ น้ำท่วมมาแล้วตั้งแต่ 6 โมงเย็น ปริ่มๆ ฟุตบาท ตอนนี้มิดแล้วครับ,https://storage.googleapis.com/traffy_public_bucket/attachment/2026-09/b6232cd6ec3d65b0b2a7f297aa9bd828.jpeg
2026-TWCPCM,finish,2026-09-25 22:32,2026-10-07 00:17,100.60454,13.75705,วังทองหลาง,พลับพลา,ระดับน้ำท่วมฟุตบาทในหมู่บ้านศรีชวาลา ซอยรามคำแหง 21 แล้วครับ ปกติจะมีเครื่องสูบน้ำมา ตอนนี้ไม่มีเลย ความสูงระดับพ้นฟุตบาทครับ น้ำท่วมมาแล้วตั้งแต่ 6 โมงเย็น ปริ่มๆ ฟุตบาท ตอนนี้มิดแล้วครับ,https://storage.googleapis.com/traffy_public_bucket/attachment/2026-09/b6232cd6ec3d65b0b2a7f297aa9bd828.jpeg
2026-ZXK2YV,inprogress,2026-09-25 22:32,2026-09-25 22:37,100.69242,13.71831,ประเวศ,ประเวศ,น้ำท่วมขัง ไม่มีทางระบาย หรือท่อระบายน้ำในซอย ทำให้น้ำระบายออกไม่ได้ต้องรอฝนหยุดเท่านั้น รถยนต์และมอเตอร์ไซร์ไม่สามารถขับออกจากบ้านได้ ความสูงระดับหน้าแข้ง น้ำท่วมมาแล้วน้อยกว่า 1 วัน,https://storage.googleapis.com/traffy_public_bucket/attachment/2026-09/384a4927e73dd3c733b7bfc9b2db20a3.jpeg
2026-P66HC7,inprogress,2026-09-25 22:33,2026-09-25 22:34,100.7082,13.69848,ประเวศ,ประเวศ,มีน้ำท่วมขังสูงล้นเข้าบ้านเรือนในชุมชนอ่อนนุช40ไร่ แนวทางต้องการช่วยเหลือการระบายน้ำในชุมชน ความสูงระดับหัวเข่า น้ำท่วมมาแล้วน้อยกว่า 3 ชั่วโมง,https://storage.googleapis.com/traffy_public_bucket/attachment/2026-09/0abcc54e49a6a4a1cfb7126600286478.jpeg
2026-3TF98D,finish,2026-09-25 22:36,2026-09-26 11:18,100.68805,13.80769,คันนายาว,คันนายาว,น้ำท่วมทั้งถนนสวนสยาม และซอยสวนสยาม16 แยก 1 และตอนนี้น้ำกำลังจะเข้ามาในตัวบ้านแล้ว เพราะฝนตกต่อเนื่อง อยากให้มาช่วยแก้ไขระบายน้ำให้หน่อยค่ะ เนื่องจากในบ้านมีทั้งผู้สูงอายุ และเด็ก 3 ขวบ อยากให้ช่วยเร่งระบายน้ำ ตรงสวนสยามให้หน่อยค่ะ หรือเอากระสอบทรายมาแจกใ,https://storage.googleapis.com/traffy_public_bucket/attachment/2026-09/8e272a313ffd8a17c0d59a341a324e1d.jpeg
2026-W24FU3,inprogress,2026-09-25 22:36,2026-09-25 22:38,100.66588,13.72597,ประเวศ,ประเวศ,น้ำท่วมซอยพัฒนาการ65แยก2-2 น้ำเข้าถึงที่จอดรถในบ้าน อยากให้ช่วยแก้ไขให้ด่วน ความสูงระดับเลยหัวเข่าหน่อย น้ำท่วมมาแล้วตั้งแต่3โมงเย็น,https://storage.googleapis.com/traffy_public_bucket/attachment/2026-09/a9b4e92c3ab8022cccc930a6dc0453bb.jpeg
2026-D6EU8U,finish,2026-09-25 22:38,2026-09-30 14:08,100.55078,13.74433,วัฒนา,คลองเตยเหนือ,น้ำท่วมขังสูงมาก ความสูงระดับเกือบจะครึ่งแข้ง น้ำท่วมมาแล้วน้อยกว่า 1 วัน,https://storage.googleapis.com/traffy_public_bucket/attachment/2026-09/4d593ada795d1cbafbbc931219cc74c7.jpeg
2026-6663H2,inprogress,2026-09-25 22:41,2026-09-25 23:40,100.62749,13.78567,วังทองหลาง,คลองเจ้าคุณสิงห์,ปกติในซอย น้ำจะระบายค่อนข้างดีค่ะ ที่บ้านไม่คยน้ำท่วมเลย แต่ฝนตกรอบนี้ระดับน้ำเริ่มปริ่มจะเข้าบ้าน เลยอยากให้เช็กเครื่องสูบน้ำหน่อยน่ะค่ะว่ายังทำงานปกติดีไหม ความสูงระดับข้อเท้า น้ำท่วมมาแล้วน้อยกว่า 3 ชั่วโมง,https://storage.googleapis.com/traffy_public_bucket/attachment/2026-09/16f10e050a3869a1c1a42d773e424578.jpeg
2026-6663H2,finish,2026-09-25 22:41,2026-10-07 00:15,100.62749,13.78567,วังทองหลาง,คลองเจ้าคุณสิงห์,ปกติในซอย น้ำจะระบายค่อนข้างดีค่ะ ที่บ้านไม่คยน้ำท่วมเลย แต่ฝนตกรอบนี้ระดับน้ำเริ่มปริ่มจะเข้าบ้าน เลยอยากให้เช็กเครื่องสูบน้ำหน่อยน่ะค่ะว่ายังทำงานปกติดีไหม ความสูงระดับข้อเท้า น้ำท่วมมาแล้วน้อยกว่า 3 ชั่วโมง,https://storage.googleapis.com/traffy_public_bucket/attachment/2026-09/16f10e050a3869a1c1a42d773e424578.jpeg
2026-LBMU4U,inprogress,2026-09-25 22:41,2026-09-25 23:08,100.62684,13.71546,สวนหลวง,สวนหลวง,เนื่องจากตอนนี้น้ำท่วมบริเวณชั้นใต้ดิน อาคารดาริษา ทำให้น้ำท่วมปั๊ม ไม่สามารถใช้น้ำ ได้ และบริเวณชั้นใต้ดินมีสายไฟจำนวนมาก จึงอยากได้รถมาสูบน้ำออก ความสูงระดับประมาณ50-60เมตรค่ะ น้ำท่วมมาแล้วน้อยกว่า 3 ชั่วโมง,https://storage.googleapis.com/traffy_public_bucket/attachment/2026-09/thumb_92bbb73f46c1061b3a8d9013ee1bf519.jpg
2026-TE47A3,inprogress,2026-09-25 22:41,2026-09-25 22:47,100.65008,13.72653,ประเวศ,ประเวศ,ระดับน้ำท่วมเข้าภายในบ้านพักอาศัย ระดับสูงขึ้นเรื่อยๆ ตอนนี้ึหน้าบ้านถึงหัวเข่า ภานในบ้าน ข้อเท้า ความสูงระดับหัวเข่า น้ำท่วมมาแล้วน้อยกว่า 3 ชั่วโมง,https://storage.googleapis.com/traffy_public_bucket/attachment/2026-09/37daa66f623b4f056b07d63e1d7406b3.jpeg
2026-Y8UBRY,finish,2026-09-25 22:42,2026-10-02 14:16,100.6142,13.70559,พระโขนง,บางจาก,น้ำท่วมขังสูงประมาณ 30 ซม และท่วมเข้าภายในบ้าน ตั้งแต่เวลา 16.00 วันที่ 25 ก.ย. ค่ะ ความสูงระดับหน้าแข้ง น้ำท่วมมาแล้วน้อยกว่า 1 วัน,https://storage.googleapis.com/traffy_public_bucket/attachment/2026-09/34e3889e149799cdf4c701c130153f4d.jpeg
2026-MZBFKX,inprogress,2026-09-25 22:43,2026-09-25 23:37,100.62104,13.79588,วังทองหลาง,คลองเจ้าคุณสิงห์,น้ำท่วมหน้าบ้านทำให้ น้ำทะลักเข้าบ้านทั้งด้านหน้าบ้านและด้านหลัง(ขึ้นมาทางท่อน้ำ) ทุกครั้งที่ฝนตกนานเกิน1 ชั่วโมง ความสูงระดับข้อเท้า น้ำท่วมมาแล้วน้อยกว่า 3 ชั่วโมง,https://storage.googleapis.com/traffy_public_bucket/attachment/2026-09/4f80a8d01736753b323423c0c0bf5892.jpeg
2026-MZBFKX,finish,2026-09-25 22:43,2026-10-07 00:14,100.62104,13.79588,วังทองหลาง,คลองเจ้าคุณสิงห์,น้ำท่วมหน้าบ้านทำให้ น้ำทะลักเข้าบ้านทั้งด้านหน้าบ้านและด้านหลัง(ขึ้นมาทางท่อน้ำ) ทุกครั้งที่ฝนตกนานเกิน1 ชั่วโมง ความสูงระดับข้อเท้า น้ำท่วมมาแล้วน้อยกว่า 3 ชั่วโมง,https://storage.googleapis.com/traffy_public_bucket/attachment/2026-09/4f80a8d01736753b323423c0c0bf5892.jpeg
2026-RJGUV4,inprogress,2026-09-25 22:43,2026-09-25 23:05,100.63426,13.72949,สวนหลวง,สวนหลวง,สวัสดีค่ะ จากถนน พัฒนาการ ซอย 46 แขวง พัฒนาการ. ตอนนี้ น้ำในซอยท่วมสูง มากค่ะ น้ำสูยลงคลอองไม่ได้ เครื่องสูบตัวเล็กไปค่ะ. อยากให้ช่วยเร่งจัดการให้ด้วยค่ะ ความสูงระดับท่วมสูงกว่า 50 ซม แล้วและกำลังสูง ขึ้นเรื่อยๆ น้ำเริ่ม เข้าบ้านแล้วค่ะ น้ำท่วมมาแล้ว6 ชม ,https://storage.googleapis.com/traffy_public_bucket/attachment/2026-09/5e076635b55dfa6f20cf2f7370f5830d.jpeg
2026-RDK24G,inprogress,2026-09-25 22:44,2026-09-25 22:48,100.68898,13.67038,ประเวศ,ดอกไม้,ช่วยด้วยครับ ซอยหมู่บ้านทุ่งเศรษฐี น้ำท่วมหนักมากๆ รถจะจมหมดแล้วข้าวของเครื่องใช้ในบ้านพังเสียหายหมดแล้วครับ ช่วยเราด้วย ขอให้เจ้าหน้าที่เร่งระบายน้ำ ความสูงระดับหัวเข่า น้ำท่วมมาแล้วน้อยกว่า 1 วัน,https://storage.googleapis.com/traffy_public_bucket/attachment/2026-09/7fd0b043b627a389dde72ea517acb2b5.jpeg
2026-JFVCJ3,finish,2026-09-25 22:45,2026-10-01 15:10,100.38919,13.61242,บางขุนเทียน,แสมดำ,น้ำท่วมถนน ปริมาณน้ำเพิ่มขึ้นตลอดสัญจรไปมาลำบาก คาดว่าถ้าฝนยังตกอยู่อาจท่วมเพิ่มขึ้นอีก ความสูงระดับหน้าแข้ง น้ำท่วมมาแล้วน้อยกว่า 3 ชั่วโมง,https://storage.googleapis.com/traffy_public_bucket/attachment/2026-09/2f55f73de45853504ca46c95044fd6d4.jpeg
2026-VB73JD,inprogress,2026-09-25 22:45,2026-09-26 05:08,100.63178,13.87598,บางเขน,ท่าแร้ง,น้ำท่วมบ้านตั้งแต่บ่าย น้ำประมาณหน้าแข้ง ความสูงระดับหน้าแข้ง น้ำท่วมมาแล้วน้อยกว่า 3 ชั่วโมง,https://storage.googleapis.com/traffy_public_bucket/attachment/2026-09/7009faf0ff30add3d3c557f77ca84f90.jpeg
2026-WWJRLD,inprogress,2026-09-25 22:45,2026-09-25 22:50,100.7096,13.79879,มีนบุรี,มีนบุรี,ให้มาตรวจสอบน้ำท่วมขังบริเวณซอยรามคำแหง 187 แยก 1-6 วัดบางเพ็งใต้ ตอนนี้ระดับน้ำสูง70 ซม.เข้าท่วมบ้านทุกครัวเรือน ไม่สามารถนอนได้ รถเข้ามาบ้านไม่ได้แล้ว ช่วยระบายน้ำออกโดยขอให้เปิดทดกั้นน้ำบางชันให้ด้วยครับ ความสูงระดับหัวเข่า น้ำท่วมมาแล้วน้อยกว่า 1 วัน,https://storage.googleapis.com/traffy_public_bucket/attachment/2026-09/4cbbb9a90f4d3808e5686dc7576222a5.jpeg
2026-6CW7LG,inprogress,2026-09-25 22:46,2026-09-26 05:08,100.66954,13.86497,บางเขน,ท่าแร้ง,น้ำท่วมซอยย่อยคู้บอน27แยก30-32ตั้งแต่ช่วงเช้าจนตอนนี้น้ำท่วมขังเป็นเวลากว่า8ชั่วโมงแล้ว เมื่อก่อนกทม.เคยเอาเครื่องสูบมาตั้งไว้ท้ายซอยสองเครื่อง น้ำท่วมแต่ละครั้งที่หนักๆไม่เคยท่วมนานเลย พอตอนนี้มีบ่อสูบน้ำท้ายซอยมาแทนไม่เห็นว่าจะสูบหรือจะดีขึ้นน้ำท่วมนานก,https://storage.googleapis.com/traffy_public_bucket/attachment/2026-09/dab4cee7581a54b93388f5828b076bbe.jpeg
2026-7CZ42M,inprogress,2026-09-25 22:47,2026-09-25 22:49,100.68141,13.72551,ประเวศ,ประเวศ,น้ำท่วมขังเป็นเวลานานตั้งแต่ 14:00 น จนถึงตอนนี้ 22:45 น แล้ว ไม่มีการระบายน้ำลดน้อยลงเลย แต่กลับมีฝนที่ตกเพิ่มมากขึ้น ทำให้น้ำเริ่มท่วมสูงขึ้นเรื่อยๆกลัวว่าอาจทำให้น้ำท่วมเพิ่มขึ้นจนไม่สามารถมีรถมอไซ/รถยนต์ผ่านมาได้ ความสูงระดับข้อเท้าและกำลังจะสูงถึงหน้,https://storage.googleapis.com/traffy_public_bucket/attachment/2026-09/b29162bef32ef48b8ea3698af2aa5ab1.jpeg
2026-7ZY9EG,finish,2026-09-25 22:48,2026-09-29 16:28,100.58778,13.74259,วัฒนา,คลองตันเหนือ,น้ำท่วม น้ำจากคลองไหลเข้าบ้านเรือน ซอยเอกมัย23 วัดภาษี บ้านริมคลอง ความสูงระดับในซอยเกือบถึงเข่าค่ะ น้ำท่วมมาแล้วเริ่มสูงขึ้นเรื่อยๆ เริ่มตั้งแต่ 4โมงเย็นวันนี้ค่ะ,https://storage.googleapis.com/traffy_public_bucket/attachment/2026-09/thumb_898c2dbdb6d334c3eb8835b5739a3b09.jpg
2026-HUG42L,finish,2026-09-25 22:48,2026-09-28 16:10,100.41102,13.68618,บางแค,บางแค,น้ำเข้าบ้าน น้ำท่วมหนัก ความสูงระดับหัวเข่า น้ำท่วมมาแล้วน้อยกว่า 3 ชั่วโมง,https://storage.googleapis.com/traffy_public_bucket/attachment/2026-09/98cd73d3b1bbfb99d712c91f1664b77d.jpeg
2026-RFWPPL,finish,2026-09-25 22:48,2026-09-30 16:08,100.61439,13.66079,บางนา,บางนาใต้,ซอยลาซาล 24 รบกวนอยากได้เครื่องสูบน้ำ ช่วยระบายน้ำ ครับ แค่ท่อตามถนน ระบายไม่ทัน ทำให้น้ำท่วมเข้าบ้านชั้น 1 แล้วเรียบร้อย ความสูงระดับหน้าแข้ง น้ำท่วมมาแล้วน้อยกว่า 3 ชั่วโมง,https://storage.googleapis.com/traffy_public_bucket/attachment/2026-09/48c6552a0894d7d425d33d70281d8e2b.jpeg
2026-U4V3T2,inprogress,2026-09-25 22:48,2026-09-25 22:49,100.66835,13.73367,ประเวศ,ประเวศ,น้ำท่วมเริ่มเข้าพื้นบ้านชั้น 1 แล้ว ความสูงระดับถนนประมาณเกือบถึงเข่า น้ำท่วมมาแล้วน้อยกว่า 1 วัน,https://storage.googleapis.com/traffy_public_bucket/attachment/2026-09/123b34b7814a98a27f1a44b59b8c5579.jpeg
2026-7BHRRL,inprogress,2026-09-25 22:49,2026-10-05 10:54,100.60337,13.93221,ดอนเมือง,สีกัน,น้ำท่วมขังทั้งวันรบกวนช่วยเข้ามาลอกท่อแก้ไขปัญหาน้ำท่วมที่เกิดขึ้นด่วนด้วยครับ ขอบคุณครับ ความสูงระดับหน้าแข้ง น้ำท่วมมาแล้วน้อยกว่า 1 วัน,https://storage.googleapis.com/traffy_public_bucket/attachment/2026-09/7e994c96ce2cd12560fd301a26d875d2.jpeg
2026-EKYRMJ,finish,2026-09-25 22:49,2026-10-01 15:09,100.42091,13.63803,บางขุนเทียน,แสมดำ,ต้องการแจ้งหน่วยโยธาบางขุนเทียน ตอนนี้ระดับน้ำในบ้านครึ่งแข้งแล้ว และกำลังสูงขึ้นเรื่อยๆ เนื่องจากฝนยังตกหนักไม่หยุดเลยขอเครื่องสูบน้ำวางตรงสะแกงาม 13 แยก 2-5 (พื้นที่ที่ไม่ยกถนนขึ้นสูง) โดยเร่งด่วน ความสูงระดับข้างนอกครึ่งแข้งค่ะ น้ำท่วมมาแล้วน้ำมาเร็วมา,https://storage.googleapis.com/traffy_public_bucket/attachment/2026-09/e7ad2d2a40bf4eab67e428c46c5bc291.jpeg
2026-M7N9L9,inprogress,2026-09-25 22:49,2026-09-28 13:03,100.66348,13.81544,คันนายาว,รามอินทรา,น้ำท่วม ความสูงระดับข้อเท้า น้ำท่วมมาแล้วน้อยกว่า 1 วัน,https://storage.googleapis.com/traffy_public_bucket/attachment/2026-09/d07bf8bff74bcc52ab72b79040621c50.jpeg
2026-PJY83H,inprogress,2026-09-25 22:49,2026-09-25 22:50,100.70773,13.69785,ประเวศ,ประเวศ,น้ำท่วมสูงมาก เข้าบ้านเครื่องใช้ไฟฟ้าเสียหายหมดแล้ว ไม่มีทีท่าจะลดมีแต่สูงขึ้นอย่างเดียว ความสูงระดับ60 70 ซม น้ำท่วมมาแล้วน้อยกว่า 1 ชั่วโมง,https://storage.googleapis.com/traffy_public_bucket/attachment/2026-09/79bcc718e44e7ef94448118a42eb46d7.jpeg
2026-6P42PY,forward,2026-09-25 22:50,2026-09-28 16:12,100.63275,13.89319,สายไหม,คลองถนน,น้ำท่วมเอื้ออาทร คลองถนน ถนนเพิ่มสิน ซอย 24/1 ต้องนี้ขึ้นมาเรื่อยจะถึงเข่าแล้วครับ ความสูงระดับตอนนี้เลยครึ่งแข้ง น้ำท่วมมาแล้ว4 ชม,https://storage.googleapis.com/traffy_public_bucket/attachment/2026-09/thumb_342c27e25dfc46a1769477136241cbf9.jpg
2026-8FZGWZ,inprogress,2026-09-25 22:50,2026-09-25 23:36,100.62645,13.7798,วังทองหลาง,คลองเจ้าคุณสิงห์,น้ำท่วมซอยลาดพร้าว 93/1 ค่ะ ความสูงระดับเลยข้อเท้าขึ้นมา 1 คืบค่ะ ขณะนี้ยังท่วมขังค่ะ น้ำท่วมมาแล้วน่าจะช่วงเย็นวันนี้ค่ะ เพิ่งกลับมาค่ะ,https://storage.googleapis.com/traffy_public_bucket/attachment/2026-09/4a21400323cdbe32533ecec4d7671cd5.jpeg
2026-8FZGWZ,finish,2026-09-25 22:50,2026-10-07 00:14,100.62645,13.7798,วังทองหลาง,คลองเจ้าคุณสิงห์,น้ำท่วมซอยลาดพร้าว 93/1 ค่ะ ความสูงระดับเลยข้อเท้าขึ้นมา 1 คืบค่ะ ขณะนี้ยังท่วมขังค่ะ น้ำท่วมมาแล้วน่าจะช่วงเย็นวันนี้ค่ะ เพิ่งกลับมาค่ะ,https://storage.googleapis.com/traffy_public_bucket/attachment/2026-09/4a21400323cdbe32533ecec4d7671cd5.jpeg
2026-7LAZRM,forward,2026-09-25 22:52,2026-09-26 21:50,100.54896,13.85091,จตุจักร,ลาดยาว,ซอยเทศบาลรังสรรค์เหนือ 14 แยก 3 สุดซอยติดคลองลาดยาว (คลองบางเขนใหม่) ระดับน้ำในคลองสูงมาก ประกอบกับฝนตก น้ำท่วมเข้าบ้านต้องย้ายไปอยู่ชั้น 2 ขอความกรุณาระบายน้ำในคลองด้วยค่ะ เป็นซอยที่มีผู้สูงอายุเกือบทุกหลังค่ะ ความสูงระดับข้อเท้า น้ำท่วมมาแล้วน้อยกว่า 3 ,https://storage.googleapis.com/traffy_public_bucket/attachment/2026-09/f352df66cc1d8a3e5e7f0c687c0b9bb9.jpeg
2026-MNYLGE,inprogress,2026-09-25 22:52,2026-09-27 07:22,100.39033,13.65207,บางบอน,บางบอนใต้,ณ เวลา 22:45 น้ำได้ท่วมเนื่องจากฝนตกหนักบริเณซอยหลังโรงปูน ซอยข้างซีแพ็คโรงปูนเอกชัย ถนนเอกชัย อยากให้ทางการเข้ามาช่วยดูหน่อยคับ ความสูงระดับเลย30เซนติเมตรคับ น้ำท่วมมาแล้วน้อยกว่า 1 ชั่วโมง,https://storage.googleapis.com/traffy_public_bucket/attachment/2026-09/1aa93a28baf92cff1982f8cd6ffdd198.jpeg
2026-84RV22,finish,2026-09-25 22:53,2026-10-05 10:25,100.63732,13.76654,บางกะปิ,คลองจั่น,แจ้งขอกระสอบทรายกั้นน้ำท่วมเร่งด่วนค่ะ 📍 พื้นที่: ซอยลาดพร้าว 136 แยก 1 แขวงคลองจั่น เขตบางกะปิ พิกัด/บ้านเลขที่: [139-141อยู่กลางซอยเกือบท้ายซอย ตรงข้ามตึก my living] สถานการณ์ปัจจุบัน: น้ำจากคลองแสนแสบเอ่อล้นเข้าท่วมพื้นที่ ระดับน้ำสูงประมาณ [เกือบถึง,https://storage.googleapis.com/traffy_public_bucket/attachment/2026-09/567bcda65b1290a79ab2bc3139332df4.jpeg
2026-AXJU2M,finish,2026-09-25 22:53,2026-10-01 16:01,100.53614,13.80797,บางซื่อ,บางซื่อ,มีน้ำท่วมขังภายในซอย สุวรรณดี 3 ครับ ความสูงระดับถึงหัวเข่าครับ น้ำท่วมมาแล้วตั้งแต่ช่วง 4 โมงเย็นครับ,https://storage.googleapis.com/traffy_public_bucket/attachment/2026-09/000e804a7dbc3e98ff4387ff1ff09ccd.jpeg
2026-CHTUCG,inprogress,2026-09-25 22:53,2026-09-25 22:54,100.67974,13.7272,ประเวศ,ประเวศ,ตอนนี้น้ำท่วมมากขอความช่วยเหลือโดยด่วนตอนนี้มีทารกแรกเกิด บ้านต่ำไม่มีที่สูง ความสูงระดับตอนนี้น้ำขึ้นสูงมาก มีเด็กทารกแรกเกิดช่วยด้วยค่ะ น้ำท่วมมาแล้วณ เวลานี้ น้ำเข้าบ้านแล้วค่ะ,https://storage.googleapis.com/traffy_public_bucket/attachment/2026-09/6f25b0e5494966d3935307e35a91b8ac.jpeg
2026-XXVUBF,forward,2026-09-25 22:55,2026-09-25 22:56,100.73913,13.74198,ลาดกระบัง,คลองสามประเวศ,น้ำท่วม คลองสองต้นนุ่น ขึ้นมาบนถนนซอยร่มเกล้า50 บ้านริมคลองจมหมดเนื่องจากน้ำคลองสูงมาก หนักกว่าปี2554 ความสูงระดับหน้าแข้ง น้ำท่วมมาแล้วน้อยกว่า 1 วัน,https://storage.googleapis.com/traffy_public_bucket/attachment/2026-09/cfc50bd918bd9b08819da480efb9367f.jpeg
2026-EYU4XR,inprogress,2026-09-25 22:56,2026-09-25 23:37,100.5939,13.78321,วังทองหลาง,วังทองหลาง,น้ำท่วมสูงเกินทางเท้า ไม่ลงเลย ช่วยเปิดเครื่องสูบน้ำหรือลอกท่อระบายน้ำด้วยครับ ความสูงระดับเกินทางเท้า น้ำท่วมมาแล้วน้อยกว่า 1 วัน,https://storage.googleapis.com/traffy_public_bucket/attachment/2026-09/9e7789893b651b4fc0a7ed7cf093414e.jpeg
2026-EYU4XR,finish,2026-09-25 22:56,2026-10-07 00:12,100.5939,13.78321,วังทองหลาง,วังทองหลาง,น้ำท่วมสูงเกินทางเท้า ไม่ลงเลย ช่วยเปิดเครื่องสูบน้ำหรือลอกท่อระบายน้ำด้วยครับ ความสูงระดับเกินทางเท้า น้ำท่วมมาแล้วน้อยกว่า 1 วัน,https://storage.googleapis.com/traffy_public_bucket/attachment/2026-09/9e7789893b651b4fc0a7ed7cf093414e.jpeg
2026-LG6PZJ,inprogress,2026-09-25 22:56,2026-09-25 23:01,100.67992,13.72708,ประเวศ,ประเวศ,ตอนนี้มีปัญหาน้ำท่วมขัง บ้านของน้อง อายุ4เดือน ท่วมนอนไม่ได้ค่ะ ตอนนี้ย้ายมาบ้านคุณยายที่อยู่ติดกัน บ้านคุณยายใกล้ท่วมแล้วค่ะ น้องไม่มีที่นอน ความสูงระดับหน้าแข้ง น้ำท่วมมาแล้วน้อยกว่า 1 วัน,https://storage.googleapis.com/traffy_public_bucket/attachment/2026-09/bf46998584cf7338722e5871e527eb0c.jpeg
2026-W22NCD,inprogress,2026-09-25 22:56,2026-09-25 23:00,100.66225,13.67523,ประเวศ,หนองบอน,ระดับน้ำท่วมในซอยเพิ่มขึ้นจาก15ซม.เป็น 25 ซม ความสูงระดับข้อเท้า น้ำท่วมมาแล้วน้อยกว่า 1 วัน,https://storage.googleapis.com/traffy_public_bucket/attachment/2026-09/37ce0e0b7dd5650e46051cd5c2429074.jpeg
2026-RU9NLN,finish,2026-09-25 22:57,2026-09-26 02:19,100.5005,13.78553,บางพลัด,บางพลัด,ขอสอบถามว่าได้เปืดเครื่องสูบน้ำที่วัดเทพนารีไว้ตลอดรึป่าวคะ เพราะตอนนี้น้ำกำลังจะเข้าบ้านอีกแล้วค่ะ ฝนตกต่อเนื่องไม่หยุดควรเปิดเครื่องสูบไว้จนกว่ฝนจะหยุดหรือซาลงแล้วได้ไหมคะ ความสูงระดับหน้าแข้ง น้ำท่วมมาแล้วน้อยกว่า 1 สัปดาห์,https://storage.googleapis.com/traffy_public_bucket/attachment/2026-09/5fc2b825a4532127948ef9efadc0f53d.jpeg
2026-2KYABP,inprogress,2026-09-25 22:59,2026-09-25 23:04,100.62129,13.74232,สวนหลวง,สวนหลวง,ถนนหน้าบ้านค่อนข้างต่ำกว่าซอยข้างเคียง น้ำท่วมขังที่ถนนหน้าบ้านบ่อยครั้งเมื่อฝนตกหนัก ความสูงระดับประมาณ 20 cm น้ำท่วมมาแล้วรอบนี้ ครึ่งวัน แต่เป็นเช่นนี้มาประมาณ 3 ปีค่ะ,https://storage.googleapis.com/traffy_public_bucket/attachment/2026-09/ea67682b4c183237d556fd63952ef287.jpeg
2026-FGYADB,inprogress,2026-09-25 22:59,2026-09-25 23:05,100.62253,13.70625,สวนหลวง,สวนหลวง,น้ำท่วมขัง น้ำสูงขึ้นเรื่อยๆเลยค่ะ ทั้งในซอยอ่อนนุช36 และแยกในซอย ความสูงระดับสูง 158 เซ็น ตอนนี้น้ำสูงประมาณเลยแข้งได้แล้วค่ะ ตัวบ้านจริงๆสูงกว่าถนน ตอนนี้เริ่มขึ้นมาถึงที่จอดรถแล้ว น้ำท่วมมาแล้วน่าจะตั้งแต่ช่วงเย็นค่ะ พอดีถึงบ้านประมาณ 2 ทุ่มน้ำก็เกือบถ,https://storage.googleapis.com/traffy_public_bucket/attachment/2026-09/16a098cbfbf854d161f96bfbb80061f1.jpeg
2026-FVD64E,inprogress,2026-09-25 22:59,2026-09-26 00:14,100.59654,13.77876,วังทองหลาง,วังทองหลาง,น้ำท่วมหมู่บ้าน น้ำเริ่มเข้าบ้านค่ะ ความสูงระดับมิดล้อรถเก๋งค่ะ น้ำท่วมมาแล้วน้อยกว่า 3 ชั่วโมง,https://storage.googleapis.com/traffy_public_bucket/attachment/2026-09/194245acfc6ea7d17ba62c9c0c351796.jpeg
2026-FVD64E,finish,2026-09-25 22:59,2026-10-07 00:09,100.59654,13.77876,วังทองหลาง,วังทองหลาง,น้ำท่วมหมู่บ้าน น้ำเริ่มเข้าบ้านค่ะ ความสูงระดับมิดล้อรถเก๋งค่ะ น้ำท่วมมาแล้วน้อยกว่า 3 ชั่วโมง,https://storage.googleapis.com/traffy_public_bucket/attachment/2026-09/194245acfc6ea7d17ba62c9c0c351796.jpeg
2026-K2M8X3,finish,2026-09-25 22:59,2026-10-01 15:07,100.42091,13.63802,บางขุนเทียน,แสมดำ,น้ำท่วม สะแกงาม 13 แยก 2-5 ขอเครื่องสูบน้ำ ความสูงระดับหัวเข่า น้ำท่วมมาแล้วน้อยกว่า 1 วัน,https://storage.googleapis.com/traffy_public_bucket/attachment/2026-09/cb31c30de124f972d55a7926d2991b71.jpeg
2026-W67H2B,inprogress,2026-09-25 22:59,2026-09-27 07:22,100.41946,13.67765,บางบอน,คลองบางพราน,แจ้งน้ำท่วมขัง ซอยเอกชัย 66 แยก 1-2 แขวงคลองบางพราน เขตบางบอน กทม. 10150 ฝนตกหนักต่อเนื่องตั้งแต่ช่วงหัวค่ำขณะนี้มีน้ำท่วมขังในซอยแยก 1-2 น้ำระบายช้ามาก และระดับน้ำเพิ่มขึ้นเรื่อยๆ รถเล็กผ่านไม่ได้ น้ำใกล้จะเข้าบ้าน ขอให้สำนักงานเขตบางบอนส่งเจ้าหน้าที่แ,https://storage.googleapis.com/traffy_public_bucket/attachment/2026-09/ea34bfdccccd1b7230546b9cde957eac.jpeg
2026-2L7X9R,finish,2026-09-25 23:00,2026-09-26 17:30,100.69394,13.81455,คันนายาว,คันนายาว,ได้รับความเดือดร้อนน้ำท่วม ต้องการกระสอบทราย ความสูงระดับสูงกว่าเอว น้ำท่วมมาแล้วเริ่มท่วมตั้งแต่เมื่อคืน ทางเข้าก็ท่วม,https://storage.googleapis.com/traffy_public_bucket/attachment/2026-09/ea6a534766504c2e033ba88b6066724f.jpeg
2026-CBBDUN,forward,2026-09-25 23:00,2026-09-26 18:12,100.62502,13.76033,บางกะปิ,หัวหมาก,รบกวนช่วยหาทางแก้ไขปัญหาน้ำท่วมขัฃบนถนนรามคำแหงขาออกทีได้ไหมคะ รถติดไม่ขยับอยู่บนทางยกระดับรามคำแหงมาหลายชั่วโมงแล้วค่ะ ความสูงระดับบนสะพานน้ำไม่ท่วมแต่ติดไม่ขยับเนื่องจากบนถนนรามคำแหงขาออกน้ำท่วมสูงค่ะ น้ำท่วมมาแล้วน้อยกว่า 3 ชั่วโมง,https://storage.googleapis.com/traffy_public_bucket/attachment/2026-09/0c258e9f9524ce1f8d2fc60a4d8a5044.jpeg
2026-FRL7PD,inprogress,2026-09-25 23:01,2026-09-25 23:04,100.62658,13.70955,สวนหลวง,สวนหลวง,มีน้ำท่วมขังบริเวณอ่อนนุชครับ ความสูงระดับหน้าแข้ง น้ำท่วมมาแล้วน้อยกว่า 3 ชั่วโมง,https://storage.googleapis.com/traffy_public_bucket/attachment/2026-09/be96a312e2768b6eb277425d231ee3a2.jpeg
2026-LUBJE7,inprogress,2026-09-25 23:01,2026-09-26 18:12,100.61233,13.74954,บางกะปิ,หัวหมาก,น้ำท่วมหนักมาก ความสูงระดับหัวเข่า น้ำท่วมมาแล้วน้อยกว่า 3 ชั่วโมง,https://storage.googleapis.com/traffy_public_bucket/attachment/2026-09/766b53cf38036546313835cd1aee4ed2.jpeg
2026-LUBJE7,finish,2026-09-25 23:01,2026-10-06 09:12,100.61233,13.74954,บางกะปิ,หัวหมาก,น้ำท่วมหนักมาก ความสูงระดับหัวเข่า น้ำท่วมมาแล้วน้อยกว่า 3 ชั่วโมง,https://storage.googleapis.com/traffy_public_bucket/attachment/2026-09/766b53cf38036546313835cd1aee4ed2.jpeg
2026-NY9AMU,forward,2026-09-25 23:01,2026-09-30 13:50,100.68168,13.85114,คลองสามวา,บางชัน,น้ำท่วมบริเวณบ้านและภายในบ้าน ความสูงระดับหัวเข่า น้ำท่วมมาแล้วน้อยกว่า 1 วัน,https://storage.googleapis.com/traffy_public_bucket/attachment/2026-09/9efb99f3784521fea84e8fc7d005d7f9.jpeg
2026-FDVX4J,forward,2026-09-25 23:02,2026-09-26 21:51,100.58416,13.81386,จตุจักร,จันทรเกษม,น้ำท่วมขังในซอยตั้งแต่เช้า ปริมาณน้ำสูงขึ้นเรื่อยๆค่ะ ความสูงระดับหัวเข่า น้ำท่วมมาแล้วน้อยกว่า 1 วัน,https://storage.googleapis.com/traffy_public_bucket/attachment/2026-09/542a3d9ae05b5cdca0fb5a0a3806e50d.jpeg
2026-T8MVCJ,finish,2026-09-25 23:03,2026-10-02 14:17,100.62273,13.69696,พระโขนง,บางจาก,ปุณณวิถี49 ฝนเบาน้ำก็ไม่ลดเลย ตอนนี้ตกหนักอีกจะเข้าบ้านแล้ว ช่วยสูบน้ำออกไปให้เร็วหน่อยค่ะ นอนไม่หลับเลย ความสูงระดับตั้งแต่เย็นน้ำเพิ่มขึ้นต่อเนื่องเลย น้ำท่วมมาแล้วถนนหน้าบ้านสูงเท่าเข่า,https://storage.googleapis.com/traffy_public_bucket/attachment/2026-09/29f0b58d3baff6fd03e58c8ee8030103.jpeg
2026-MDNU3X,inprogress,2026-09-25 23:04,2026-09-27 07:23,100.41899,13.67484,บางบอน,คลองบางบอน,น้ำท่วมเข้ามาในบ้านแล้ว ความสูงระดับตั้งแต่ 6 โมงตอนนี้สูงขึ้นเรื่อยๆแล้วครับ น้ำท่วมมาแล้วน้อยกว่า 3 ชั่วโมง,https://storage.googleapis.com/traffy_public_bucket/attachment/2026-09/e99a8c23ee8f90780780915d86f06eba.jpeg
2026-UUZPXC,finish,2026-09-25 23:06,2026-09-30 20:20,100.62211,13.67694,บางนา,บางนาเหนือ,น้ำท่วมไม่ลด ท่อไม่ระบายเลยค่ะ ตั้งแต่เวลา15.30 จนถึงตอนนี้ไม่มีวี่แววที่น้ำจะลดเลย ความสูงระดับข้อเท้า น้ำท่วมมาแล้วน้อยกว่า 1 วัน,https://storage.googleapis.com/traffy_public_bucket/attachment/2026-09/8699dd1e22ad56fa6e6a6ebf3983b00d.jpeg
2026-AANCPU,inprogress,2026-09-25 23:07,2026-09-26 18:18,100.63675,13.76447,บางกะปิ,คลองจั่น,น้ำท่วมขัง ทั้งๆที่อยู่ติดอุโมงระบายน้ำ ความสูงระดับเอว น้ำท่วมมาแล้วทั้งวันตอนนี้หนักขึ้น,https://storage.googleapis.com/traffy_public_bucket/attachment/2026-09/2ef97abf062833e1a880c5ddb79f8acf.jpeg
2026-PXHAHR,inprogress,2026-09-25 23:07,2026-09-25 23:09,100.65077,13.73502,สวนหลวง,สวนหลวง,น้ำท่วมขังมากไม่สามารถกลับบ้านได้ ความสูงระดับหน้าแข้ง น้ำท่วมมาแล้วน้อยกว่า 1 วัน,https://storage.googleapis.com/traffy_public_bucket/attachment/2026-09/8b7101d41a2e81a27669b439ab985e83.jpeg
2026-DK3Z26,inprogress,2026-09-25 23:08,2026-09-26 07:26,100.69304,13.78577,สะพานสูง,สะพานสูง,น้ำท่วมซอยคะ รามคำแหง146 ท้ายซอย ยิ่งลึก ประมาณหัวเข่า พจตะสามารถระบายไวขึ้นได้ไหมคะ ความสูงระดับท้ายซอยหัวเข่ากรณี คนสูง158คะ น้ำท่วมมาแล้ว1วันคะ,https://storage.googleapis.com/traffy_public_bucket/attachment/2026-09/c5abbbd25a5fd3db115e3f915508999f.jpeg
2026-GN246X,finish,2026-09-25 23:08,2026-10-02 11:13,100.36535,13.68438,หนองแขม,หนองแขม,ซอย 2/6 เลียบคลองภาษีเจริญฝั่งใต้ หนองแขม ตอนนี้น้ำท่วมทั้งซอยแล้วค่ะ ไม่สามารถสัญจรได้ค่ะ ช่วยเร่งระบายน้ำหน่อยค่ะ ความสูงระดับใกล้จะถึงเข่าค่ะบริเวณกลางซอยท้ายซอย บริเวณหน้าปากซอยครึ่งหน้าแข้งค่ะ น้ำท่วมมาแล้ว7-8 ชั่วโมงค่ะ,https://storage.googleapis.com/traffy_public_bucket/attachment/2026-09/37b352baaf65f82a51ffb2fee55c0eb8.jpeg
2026-H638BR,inprogress,2026-09-25 23:08,2026-09-26 11:17,100.4409,13.6504,บางขุนเทียน,แสมดำ,เนื่องจากประชาชนที่พักอาศัยอยู่ใน ซอยท่าข้าม 12 แขวงแสมดำ เขตบางขุนเทียน 10150 กำลังได้รับความเดือดร้อนอย่างหนักจากปัญหาน้ำท่วมขัง ทุกครั้งที่มีฝนตกในพื้นที่ น้ำจะท่วมสูงและระบายได้ช้ามากจนไม่สามารถสัญจรเข้า-ออกซอยได้อย่างสะดวกสาเหตุสำคัญเนื่องจากในปัจจ,https://storage.googleapis.com/traffy_public_bucket/attachment/2026-09/9e933eeee6269d9294f43647ccd0db47.jpeg
2026-HWJA2R,start,2026-09-25 23:09,2026-09-26 09:04,100.81421,13.70902,ลาดกระบัง,ทับยาว,น้ำท่วมภายในหมู่บ้านพาทิโอลาดกระบังมอเตอร์เวย์ ค่ะ ถนนสายหลักไม่ท่วมแต่ท่วมในหมู่บ้าน ขอให้ช่วยมาระบายน้ำออกจากหมู่บ้านค่ะ ความสูงระดับหัวเข่า น้ำท่วมมาแล้วน้อยกว่า 1 วัน,https://storage.googleapis.com/traffy_public_bucket/attachment/2026-09/thumb_074a2065b66129b26517e9ae099f6d56.jpg
2026-LKV346,inprogress,2026-09-25 23:09,2026-09-25 23:18,100.70588,13.70503,ประเวศ,ประเวศ,น้ำท่วมสูงขอกระสอบทราย ความสูงระดับหัวเข่า น้ำท่วมมาแล้วตอนนี้ฝนตกน้ำสูงขึ้นตลอด,https://storage.googleapis.com/traffy_public_bucket/attachment/2026-09/e99fa56302fdbc8cdc844568805ec236.jpeg
2026-NK3392,finish,2026-09-25 23:09,2026-09-29 17:10,100.58983,13.88227,หลักสี่,ตลาดบางเขน,นํ้าท่วมถึงเข่า เกือบ 50 ซม. ที่บ้านมีเด็ก นํ้าท่วมจะถึงเอวเด็กแล้ว นะครับ อยากให้เร่งช่วยระบายน้ำให้หน่อยนะครับ ความสูงระดับ เกิน 50 cm. แล้วครับ น้ำท่วมมาแล้วเกือบ 17 ชม.แล้วครับ,https://storage.googleapis.com/traffy_public_bucket/attachment/2026-09/thumb_b4ae4c0b0fe5c99d1d01f165260cefca.jpg
2026-PEHAJ8,inprogress,2026-09-25 23:09,2026-09-25 23:16,100.67692,13.72263,ประเวศ,ประเวศ,น้ำที่ท่วมไม่ลดลงเลยแถมยังสูงขึ้นเรื่อย ๆ ตอนนี้หลายบ้านน้ำเข้าบ้านมาตั้งแต่บ่ายแล้วนะคะ ช่วยมาดูหน่อยเถอะค่ะ ความสูงระดับเอว น้ำท่วมมาแล้วน้อยกว่า 1 วัน,https://storage.googleapis.com/traffy_public_bucket/attachment/2026-09/8e210ef6c9deac8ca3d12f82dfac305c.jpeg
2026-XKM6RR,finish,2026-09-25 23:11,2026-09-29 16:13,100.57259,13.87733,หลักสี่,ทุ่งสองห้อง,น้ำท่วมขังรอการระบายที่เคหะชุมชนหลักสี่ อยู่ใกล้คลองเปรมประชากร เนื่องจากเหตุฝนตกต่อเนื่อง ความสูงระดับบริเวณอาคารที่พักสูงเกือบถึงประตูรถยนต์ค่ะ น้ำท่วมมาแล้วน้อยกว่า 3 ชั่วโมง,https://storage.googleapis.com/traffy_public_bucket/attachment/2026-09/9d7cd5eafe574e4f38176389866a7e74.jpeg
2026-9WNRPH,inprogress,2026-09-25 23:12,2026-09-26 18:18,100.65268,13.75204,บางกะปิ,หัวหมาก,น้ำท่วมแล้ว ความสูงระดับคาดว่าจะสูงขึ้น น้ำท่วมมาแล้วเป็นมาต้องแต่19.30แล้ว,https://storage.googleapis.com/traffy_public_bucket/attachment/2026-09/thumb_4b7ecb9981993081159622e0d628539d.jpg
2026-9WNRPH,finish,2026-09-25 23:12,2026-10-06 14:50,100.65268,13.75204,บางกะปิ,หัวหมาก,น้ำท่วมแล้ว ความสูงระดับคาดว่าจะสูงขึ้น น้ำท่วมมาแล้วเป็นมาต้องแต่19.30แล้ว,https://storage.googleapis.com/traffy_public_bucket/attachment/2026-09/thumb_4b7ecb9981993081159622e0d628539d.jpg
2026-FMNAHB,inprogress,2026-09-25 23:12,2026-09-25 23:17,100.67775,13.72071,ประเวศ,ประเวศ,น้ำท่วมขัง ท่อระบายน้ำไม่สามารถรับน้ำได้ ความสูงระดับเข่า น้ำท่วมมาแล้วน้อยกว่า 3 ชั่วโมง,https://storage.googleapis.com/traffy_public_bucket/attachment/2026-09/8a59c9a7fd17be63a8dbb7a78f83c38d.jpeg
2026-LNRB2A,finish,2026-09-25 23:12,2026-09-28 23:12,100.58037,13.89527,หลักสี่,ทุ่งสองห้อง,น้ำท่วมขัง หมู่บ้านหลักสี่วิลล่า ความสูงระดับข้อเท้า น้ำท่วมมาแล้วน้อยกว่า 3 ชั่วโมง,https://storage.googleapis.com/traffy_public_bucket/attachment/2026-09/thumb_fe843132c73ba47d7fe986fc09dea24d.jpg
2026-ZE2VKR,start,2026-09-25 23:12,2026-09-26 09:04,100.72503,13.76698,ลาดกระบัง,คลองสองต้นนุ่น,น้ำท่วมตั้งแต่เช้าจนถึงปัจจุบันน้ำขึ้นมาเรื่อยๆอีก 20 เซนติเมตรจะเข้าชั้น1 ความสูงระดับหัวเข่า น้ำท่วมมาแล้วน้อยกว่า 1 ชั่วโมง,https://storage.googleapis.com/traffy_public_bucket/attachment/2026-09/23695324cece96c44f9634a2daddc9f9.jpeg
2026-YUPAKR,inprogress,2026-09-25 23:13,2026-09-25 23:16,100.70016,13.72951,ประเวศ,ประเวศ,น้ำท่วมหม่บ้านสุธาทิพย์ ซอย เฉลิมพระเกียรติ ร.9 76 เข้าในบ้านในห้องนอนแล้วค่ะ มีคนแก่อยู่ค่ะ ความสูงระดับเข่าแล้วค่ะ น้ำท่วมมาแล้วตั้งแต่ช่วงบ่ายค่ะ,https://storage.googleapis.com/traffy_public_bucket/attachment/2026-09/bf50c64cb266a9b09e69ab2115afa173.jpeg
2026-RCV2MT,inprogress,2026-09-25 23:14,2026-09-27 14:10,100.58809,13.7998,ห้วยขวาง,สามเสนนอก,น้ำท่วมขังในซอยรอระบายนานแล้ว ระดับน้ำสูงขึ้นเรื่อยๆ ความสูงระดับหน้าแข้ง น้ำท่วมมาแล้วน้อยกว่า 3 ชั่วโมง,https://storage.googleapis.com/traffy_public_bucket/attachment/2026-09/45edaf766f66f49cb3e42337289527b5.jpeg
2026-TRFBNN,finish,2026-09-25 23:14,2026-09-30 10:56,100.58846,13.72158,วัฒนา,พระโขนงเหนือ,แจ้งน้ำท่วมขัง: ถนนซอยสุขุมวิท 65 (ซอยชัยพฤกษ์) บริเวณหน้าคอนโด D65 เลขที่ 394 แขวงพระโขนงเหนือ เขตวัฒนา ระดับน้ำเพิ่มสูงขึ้นต่อเนื่องตั้งแต่เวลา 20.00 น. ขณะนี้สูงประมาณ 30 ซม. น้ำยังไม่ลดลง ท่อระบายน้ำระบายไม่ทัน รถเล็กสัญจรลำบาก คนเดินเท้าต้องลุยน้ำ ขอ,https://storage.googleapis.com/traffy_public_bucket/attachment/2026-09/74077a0238a334a2df9af51976e9e41b.jpg
2026-HZ6TYL,start,2026-09-25 23:15,2026-09-26 09:05,100.75345,13.72584,ลาดกระบัง,ลาดกระบัง,น้ำท่วมสูงประมาณ30เซนติเมตรยังไม่มีหน่วยงานไหนเข้ามาช่วยเหลือกั้นกระสอบทรายและสูบน้ำออกจากพื้นที่ เนื่องจากปัจจุบันฝนยังตกอยู่ และตอนนี้น้ำเข้าบ้านเรือนประชาชนในชุมชนวัดลาดกระบังทั้งหมดแล้ว ความสูงระดับหัวเข่า น้ำท่วมมาแล้วน้อยกว่า 1 วัน,https://storage.googleapis.com/traffy_public_bucket/attachment/2026-09/6ade3e8ac3396ad7d848cff1f97ec2a7.jpeg
2026-MMCWMW,inprogress,2026-09-25 23:15,2026-09-26 07:26,100.70629,13.78542,สะพานสูง,สะพานสูง,น้ำท่วมเข้าบ้านครับ ขอกระสอบ ความสูงระดับเกือบเอวครับ น้ำท่วมมาแล้วน้อยกว่า 1 วัน,https://storage.googleapis.com/traffy_public_bucket/attachment/2026-09/696749bdced22dd7971702360aa3d474.jpeg
2026-3V8YZV,start,2026-09-25 23:17,2026-09-25 23:17,100.47366,13.66475,จอมทอง,บางมด,น้ำ จากครองล้นเข้ามาบ้าน แจ้งไปตั้งแต่บ่ายทำไมไม่ระบายน้ำให้เลยน้ำเข้าบ้านหมดแล้ว ความสูงระดับจะถึงหัวเข่าแล้วครับ น้ำท่วมมาแล้ว4 ชั่วโมงแล้วครับ,https://storage.googleapis.com/traffy_public_bucket/attachment/2026-09/332b06befe5e70d0173f66daef0dd38f.jpeg
2026-3V8YZV,finish,2026-09-25 23:17,2026-10-07 07:08,100.47366,13.66475,จอมทอง,บางมด,น้ำ จากครองล้นเข้ามาบ้าน แจ้งไปตั้งแต่บ่ายทำไมไม่ระบายน้ำให้เลยน้ำเข้าบ้านหมดแล้ว ความสูงระดับจะถึงหัวเข่าแล้วครับ น้ำท่วมมาแล้ว4 ชั่วโมงแล้วครับ,https://storage.googleapis.com/traffy_public_bucket/attachment/2026-09/332b06befe5e70d0173f66daef0dd38f.jpeg
2026-8V7NGE,inprogress,2026-09-25 23:17,2026-09-26 00:16,100.61758,13.77472,วังทองหลาง,พลับพลา,เพิ่มเติมในซอยลาดพร้าว110แยก3 ระดับน้ำสูงขึ้น ตอนนี้ในถนนประมาณเลยเข้งแล้วค่ะ รบกวนเร่งระบายด่วนๆนะคะ ความสูงระดับประมาณครึ่งหน้าเข้งแล้วค่ะ (ท่วมตั้งแต่2ทุ่มจนถึงตอนนี้ค่ะ) น้ำท่วมมาแล้วน้อยกว่า 3 ชั่วโมง,https://storage.googleapis.com/traffy_public_bucket/attachment/2026-09/f18c5e6f61752e1578d9970519882663.jpeg
2026-8V7NGE,finish,2026-09-25 23:17,2026-10-07 00:08,100.61758,13.77472,วังทองหลาง,พลับพลา,เพิ่มเติมในซอยลาดพร้าว110แยก3 ระดับน้ำสูงขึ้น ตอนนี้ในถนนประมาณเลยเข้งแล้วค่ะ รบกวนเร่งระบายด่วนๆนะคะ ความสูงระดับประมาณครึ่งหน้าเข้งแล้วค่ะ (ท่วมตั้งแต่2ทุ่มจนถึงตอนนี้ค่ะ) น้ำท่วมมาแล้วน้อยกว่า 3 ชั่วโมง,https://storage.googleapis.com/traffy_public_bucket/attachment/2026-09/f18c5e6f61752e1578d9970519882663.jpeg
2026-GGAFAJ,forward,2026-09-25 23:17,2026-09-26 11:44,100.66,13.78745,บึงกุ่ม,คลองกุ่ม,น้ำในซ.นวมินทร์24 ท่วมสูง ระดับต้นขาบน รถเล็กสัญจรไม่ได้ค่ะ ความสูงระดับต้นขา น้ำท่วมมาแล้วน้อยกว่า 1 วัน,https://storage.googleapis.com/traffy_public_bucket/attachment/2026-09/8e2b13e9d43daeb8cf3f0465a45fb891.jpeg
2026-RL4RC7,finish,2026-09-25 23:18,2026-10-02 16:27,100.35059,13.65782,หนองแขม,หนองแขม,แจ้งปัญหาน้ำท่วม ฝนได้ตกต่อเนื่อง เป็นเวลามากกว่า 24 ชั่วโมง น้ำได้เริ่มท่วมขังบริเวณถนนหน้าบ้าน ความสูงระดับข้อเท้า น้ำท่วมมาแล้วน้อยกว่า 1 วัน,https://storage.googleapis.com/traffy_public_bucket/attachment/2026-09/thumb_894d8000f1480ba6af1e79d41c5a3311.jpg
2026-VC3HPW,inprogress,2026-09-25 23:18,2026-09-25 23:19,100.67653,13.72231,ประเวศ,ประเวศ,น้ำท่วมขังไม่ระบายเลย ฝนยิ่งตกน้ำยิ่งขึ้น ห้องน้ำก็เข้าลำบาก เดือดร้อน มีผู้สูงอายและผู้ป่วย ความสูงระดับหัวเข่า น้ำท่วมมาแล้วน้อยกว่า 3 ชั่วโมง,https://storage.googleapis.com/traffy_public_bucket/attachment/2026-09/11848c9263551836707d1c4af87c6ec3.jpeg
2026-VUC9L8,inprogress,2026-09-25 23:18,2026-09-26 18:53,100.63634,13.77032,บางกะปิ,คลองจั่น,ถนนบริเวณตรงนี้ต่ำกว่าถนนสายหลักและท่อมักจะตันค่ะ ทำให้น้ำท่วมบ่อยครั้งที่ฝนตก แต่ครั้งนี้ท่วมหนักมากๆค่ะเหมือนน้ำไม่ระบายเลย ความสูงระดับเกือบถึงเข่าแล้วค่ะ น้ำท่วมมาแล้ว4-5ชั่วโมงค่ะ,https://storage.googleapis.com/traffy_public_bucket/attachment/2026-09/7b9bde8698e36856b5fc949d088b349f.jpeg
2026-XBKWYT,inprogress,2026-09-25 23:18,2026-09-25 23:19,100.65018,13.67796,ประเวศ,หนองบอน,น้ำท่วมสูงมาก รถเข้าบ้านไม่ได้ค่ะ ความสูงระดับหัวเข่า น้ำท่วมมาแล้วน้อยกว่า 1 วัน,https://storage.googleapis.com/traffy_public_bucket/attachment/2026-09/078b15db74ba5e9ce3661a635081c147.jpeg
2026-HEX3G3,inprogress,2026-09-25 23:19,2026-09-25 23:36,100.62513,13.78452,วังทองหลาง,คลองเจ้าคุณสิงห์,น้ำท่วมขัง ทั้งซอย น้ำเข้าถึงภายในบ้าน สูงระดับ 15-20 ซม. ค่ะ ความสูงระดับหน้าแข้ง น้ำท่วมมาแล้วน้อยกว่า 3 ชั่วโมง,https://storage.googleapis.com/traffy_public_bucket/attachment/2026-09/1ff7e320abff2ea7f7ab116c6322ea31.jpeg
2026-HEX3G3,finish,2026-09-25 23:19,2026-10-07 00:06,100.62513,13.78452,วังทองหลาง,คลองเจ้าคุณสิงห์,น้ำท่วมขัง ทั้งซอย น้ำเข้าถึงภายในบ้าน สูงระดับ 15-20 ซม. ค่ะ ความสูงระดับหน้าแข้ง น้ำท่วมมาแล้วน้อยกว่า 3 ชั่วโมง,https://storage.googleapis.com/traffy_public_bucket/attachment/2026-09/1ff7e320abff2ea7f7ab116c6322ea31.jpeg
2026-RFMXHH,forward,2026-09-25 23:20,2026-09-26 08:37,100.56541,13.75507,ห้วยขวาง,ห้วยขวาง,รบกวนระบายน้ำในคลองสามเสนใน หน่อยได้มั้ยคะ มันท่วมเข้าบ้านแล้วค่าาา ความสูงระดับถ้าหน้าบ้านประมาณเข่าแล้วค่ะ น้ำท่วมมาแล้วตั้งแต่5-6โมงเย็นค่ะ,https://storage.googleapis.com/traffy_public_bucket/attachment/2026-09/fa5fab4ee24ee1af9113a5954cb85a7f.jpeg
2026-3MPLGP,finish,2026-09-25 23:22,2026-09-28 22:44,100.61108,13.66045,บางนา,บางนาใต้,สุขุมวิท105 ซอยลาซาล ท่วมทั้งซอยเลยค่ะ ไม่ลดเลยตั้งแต่18:00 แต่รถน้อยลงแล้วเลยไม่มีรถติด ความสูงระดับประมาณครึ่งหน้าแข้งได้ค่ะ น้ำท่วมมาแล้ว5ชั่วโมงค่ะ,https://storage.googleapis.com/traffy_public_bucket/attachment/2026-09/565aa2c99020c9b6c193526e3d5a6ef7.jpeg
2026-NHNPW4,inprogress,2026-09-25 23:22,2026-09-28 13:03,100.66232,13.8177,คันนายาว,รามอินทรา,น้ำท่วมริมถนนหน้าบ้านแล้ว เกรงว่าระดับน้ำจะเพิ่มสูงขึ้นเรื่อย ถ้าไม่มีเครื่องสูบน้ำระบายจากท่อระบายน้ำหน้าบ้านลงคลองใกล้สนามบาสเก็ตบอล เพราะวันที่วันที่26 พรุ่งนี้ฝนยังตกต่อเนื่อง ตามพยากรณ์อากาศและเรดาร์ ความสูงระดับตอนนี้ราวๆ10ซม แล้วครับ น้ำท่วมมาแล้ว1,https://storage.googleapis.com/traffy_public_bucket/attachment/2026-09/1b894ced6aa5d1fb5cb2d305067c7acc.jpeg
2026-ZW62X7,inprogress,2026-09-25 23:22,2026-09-25 23:30,100.67443,13.72759,ประเวศ,ประเวศ,น้ำท่วมขังหนักมาก เข้าพื้นที่อยู่อาศัย รถไม่สามารถเข้าออกได้ ความสูงระดับหัวเข่า น้ำท่วมมาแล้วน้อยกว่า 1 วัน,https://storage.googleapis.com/traffy_public_bucket/attachment/2026-09/d9f00de9de629cfce5b998fc9f6902b4.jpeg
2026-4MDNXP,forward,2026-09-25 23:23,2026-09-26 08:37,100.57749,13.79119,ห้วยขวาง,สามเสนนอก,โครงการคลองดาดน้ำ คลองชวดบางจาก คนงานเอาวัสดุไปอุดทางระบายน้ำทำให้ซอยย่อยใน ซอยสบายใจเขต ห้วยขวาง เอ่อขึ้นมาเข้าบ้านแล้วค่ะ น้ำท่วมซอยสบายใจหนักมากค่ะ น่าจะเกิดจากคนงานอุดท่อระหว่างทำโครงการที่คลองระบายน้ำชวดบางจากในซอยสบายใจค่ะ ฝนหยุดนานมากแล้วแต่น้ำไม่ล,https://storage.googleapis.com/traffy_public_bucket/attachment/2026-09/954b8876edd70cb71fb578722a3a5802.jpeg
2026-XJHHCC,inprogress,2026-09-25 23:23,2026-09-25 23:30,100.65566,13.72326,ประเวศ,ประเวศ,น้ำท่วมค่ะ ความสูงระดับถ้าหน้าบ้านจะเป็นเหนือเข่าค่ะ สี่สิบเซนต์ น้ำท่วมมาแล้วถึงห้าสิบเซนต์,https://storage.googleapis.com/traffy_public_bucket/attachment/2026-09/700f321032628d2498946169909c489f.jpeg
2026-FLK8HK,inprogress,2026-09-25 23:24,2026-09-26 07:27,100.68456,13.74155,สะพานสูง,สะพานสูง,จะท่วมถึงที่นอนอยู่แล้ว ความสูงระดับหัวเข่า น้ำท่วมมาแล้วน้อยกว่า 1 วัน,https://storage.googleapis.com/traffy_public_bucket/attachment/2026-09/ac0942beb753c67507b0f8afd04e4da4.jpeg
2026-WTFMHZ,forward,2026-09-25 23:24,2026-09-26 11:43,100.66504,13.79803,บึงกุ่ม,คลองกุ่ม,น้ำท่วม รถเล็ก มอเตอร์ไซค์ เริ่มจะสัญจรไม่ได้ ความสูงระดับหัวเข่า น้ำท่วมมาแล้วน้อยกว่า 3 ชั่วโมง,https://storage.googleapis.com/traffy_public_bucket/attachment/2026-09/119353d21be6a034f61ed26fc5bb054f.jpeg
2026-DYJZE2,finish,2026-09-25 23:25,2026-09-29 16:11,100.54546,13.85608,หลักสี่,ทุ่งสองห้อง,เร่งสูบน้ำท่วมในซอยงามวงศ์วาน 30 ความสูงระดับข้อเท้า น้ำท่วมมาแล้วน้อยกว่า 1 ชั่วโมง,https://storage.googleapis.com/traffy_public_bucket/attachment/2026-09/278d695af119857a29c3b3d131cc64d9.jpeg
2026-MHF3X3,finish,2026-09-25 23:25,2026-10-05 09:18,100.62172,13.69294,พระโขนง,บางจาก,น้ำท่วมบ้าน ไม่เคยเป็นแบบนี่ ทำไมไมาระบายน้ำหลังคลอง ตั้งแต่เลือกผู้ว่าคราวที่แล้วก็เป็นอบบนี้ ความสูงระดับหน้าแข้ง น้ำท่วมมาแล้วน้อยกว่า 3 ชั่วโมง,https://storage.googleapis.com/traffy_public_bucket/attachment/2026-09/52b0660236888e5e2bdc09389f80a60c.jpeg
2026-TTVT99,forward,2026-09-25 23:25,2026-09-26 07:34,100.61187,13.66191,บางนา,บางนาใต้,น้ำท่วมถนนสุขุมวิท105 ทั้งซอยเลยค่ะ ความสูงระดับข้อเท้า น้ำท่วมมาแล้วน้อยกว่า 3 ชั่วโมง,https://storage.googleapis.com/traffy_public_bucket/attachment/2026-09/2eb4eadad84ea9b52ea006e067dd0f14.jpeg
2026-U4P9YB,inprogress,2026-09-25 23:25,2026-09-26 07:28,100.69307,13.78579,สะพานสูง,สะพานสูง,น้ำท่วมซอยอยู่เวลานี้ น้ำเข้าถึงในบ้านแล้ว เป็นแบบนี้ทุกปี ตั้งแต่ยังไม่ทำถนนทำจนทำถนนจนถึงปัจจุบันก้อยังท่วมอยู่ค่ะ ความสูงระดับตาตุมค่ะ เข้าในบ้าน ส่วนในซอยหน้าแข้งค่ะ น้ำท่วมมาแล้วทุกปีที่มีฝนตกค่ะ,https://storage.googleapis.com/traffy_public_bucket/attachment/2026-09/thumb_323afe75d780d27dfe3c3066c9931210.jpg
2026-UNUB7Y,inprogress,2026-09-25 23:25,2026-09-26 07:29,100.69332,13.74078,สะพานสูง,สะพานสูง,น้ำท่วมสูงขึ้นเรื่อยๆค่ะจากสองทุ่มครึ่งที่แจ้งไป น้ำเพิ่มระดับขึ้นมาอีกประมาณ 5 cm ไหลผ่านเข้ากลางบ้านแล้ว จากที่ท่วมแค่ห้องครัว เข้าห้องนั่งเล่นแล้วค่ะ ความสูงระดับในบ้านครึ่งแข้งล่ะค่ะ น้ำท่วมมาแล้ว6 ชม,https://storage.googleapis.com/traffy_public_bucket/attachment/2026-09/6385394e8edd8e7db9178124022b52f6.jpeg
2026-YAA2ED,forward,2026-09-25 23:25,2026-09-26 21:53,100.58181,13.8225,จตุจักร,จันทรเกษม,ซอยเสือใหญ่ รัชดาภิเษก 36 น้ำไม่ระบายมาตั้งแต่เช้าแล้วค่ะ เพิ่มสูงขึ้นเรื่อยๆ ระดับน้ำประมาณ 30-40 ซม รถไม่สามารถผ่านได้ น้ำเข้าท่อเกือบทุกคันแล้วค่ะ ความสูงระดับครึ่งน่องเกือบถึงเข่าค่ะ น้ำท่วมมาแล้วน้อยกว่า 1 วัน,https://storage.googleapis.com/traffy_public_bucket/attachment/2026-09/thumb_b7194f913972ba307aae8837608a7ecc.jpg
2026-3KDRZB,inprogress,2026-09-25 23:26,2026-09-25 23:45,100.65812,13.71191,ประเวศ,ประเวศ,น้ำท่วมขังถนนทางเข้าหมู่บ้าน เดือดร้อนมากเลยครับ ช่วยแก้ปัญหาให้หน่อย น้ำท่วมสูงประมาณ 30-50 ซม. ทั้งๆที่บริเวณอื่นๆ ไม่ท่วมขังเลย ความสูงระดับหัวเข่า น้ำท่วมมาแล้วมากกว่า 1 สัปดาห์,https://storage.googleapis.com/traffy_public_bucket/attachment/2026-09/thumb_66a0dc0fe57b91d1ade4b548fc1cfb13.jpg
2026-7M2RB2,inprogress,2026-09-25 23:26,2026-09-25 23:31,100.68052,13.66084,ประเวศ,ดอกไม้,นำ้ท่วมหนักมาก ในคลองไม่มีการระบายของนำ้ ความสูงระดับเอว น้ำท่วมมาแล้วน้อยกว่า 1 วัน,https://storage.googleapis.com/traffy_public_bucket/attachment/2026-09/c1a3202ffc34bc3c2c79b5a16955ab11.jpeg
2026-7M2RB2,follow,2026-09-25 23:26,2026-09-25 23:31,100.68052,13.66084,ประเวศ,ดอกไม้,นำ้ท่วมหนักมาก ในคลองไม่มีการระบายของนำ้ ความสูงระดับเอว น้ำท่วมมาแล้วน้อยกว่า 1 วัน,https://storage.googleapis.com/traffy_public_bucket/attachment/2026-09/c1a3202ffc34bc3c2c79b5a16955ab11.jpeg
2026-JY7Y7W,inprogress,2026-09-25 23:26,2026-09-26 07:29,100.69234,13.78714,สะพานสูง,สะพานสูง,รบกวนช่วยติดตั้งเครื่องสูบน้ำที่หน้าหมู่บ้านให้หน่อยครับ ความสูงระดับหน้าแข้ง น้ำท่วมมาแล้วน้อยกว่า 3 ชั่วโมง,https://storage.googleapis.com/traffy_public_bucket/attachment/2026-09/thumb_95984ba86d4ca318dba0066658aae2b7.jpg
2026-WNHREA,finish,2026-09-25 23:26,2026-10-02 09:48,100.61139,13.70542,พระโขนง,บางจาก,น้ำท่วมขังสูงเกินเข่าในซอยพึ่งมี 9 และเข้าบ้านเรือน ความสูงระดับหัวเข่า น้ำท่วมมาแล้วน้อยกว่า 1 วัน,https://storage.googleapis.com/traffy_public_bucket/attachment/2026-09/2749c6f640dd3dd138848b1b3043e8be.jpeg
2026-BJLBTX,finish,2026-09-25 23:27,2026-09-30 16:05,100.61431,13.66206,บางนา,บางนาใต้,ซอยลาซาล22 เตี้ยกว่าซอยอื่นๆที่มีการทำถนนใหม่ยกสูง ทำให้ตอนนี้น้ำท่วมเข้าตัวบ้านอยากให้ช่วยเหลือดูแลเพิ่มเติม ความสูงระดับถนนน้ำสูงถึงต้นขาผู้ชายสูง175 ในบ้านตอนนี้ท่วมเต็มที่จอดรถปริ่มเข้าตัวบ้าน น้ำท่วมมาแล้วน้อยกว่า 1 วัน,https://storage.googleapis.com/traffy_public_bucket/attachment/2026-09/150e84d527aeb6427c43dd036ccb3b27.jpeg
2026-P2RJVF,forward,2026-09-25 23:27,2026-09-25 23:28,100.49612,13.79402,บางพลัด,บางพลัด,น้ำท่วมท่อระบายน้ำ ช่วยเร่งระบายน้ำออกแม่น้ำด้วยครับ ความสูงระดับข้อเท้า น้ำท่วมมาแล้วน้อยกว่า 3 ชั่วโมง,https://storage.googleapis.com/traffy_public_bucket/attachment/2026-09/14364d00052b59cc0979dfce9d463235.jpeg
2026-PJXKV4,forward,2026-09-25 23:27,2026-09-26 11:43,100.65042,13.80347,บึงกุ่ม,คลองกุ่ม,`แจ้งเหตุน้ำท่วมขังเข้าตัวบ้าน หมู่บ้านธนะสิน โครงการ 5-6 ซอยนวมินทร์ 68 แขวงคลองกุ่ม เขตบึงกุ่ม ค่ะสถานการณ์ปัจจุบัน:ระดับน้ำบนถนนในซอยสูงเลยตาตุ่ม (ประมาณ 10–15 ซม.) และน้ำระบายไม่ได้เลย ปัจจุบันน้ำได้ดันเอ่อทะลักขึ้นมาจากท่อระบายน้ำทิ้งในห้องครัวภายในต,https://storage.googleapis.com/traffy_public_bucket/attachment/2026-09/aa9a7c8685a1edfa40c038e75a8bb727.jpeg
2026-CUU8H9,finish,2026-09-25 23:29,2026-09-30 09:30,100.42542,13.69625,บางแค,บางแค,เป็นชั่วโมงแล้วยังไม่เห็นหน่วยงานไหนมาทำอะไรเลย บางแคซอย7แยก13นำ้ท่วมครับ ความสูงระดับหน้าแข้ง น้ำท่วมมาแล้วน้อยกว่า 3 ชั่วโมง,https://storage.googleapis.com/traffy_public_bucket/attachment/2026-09/311c3890ad2a6561a3641c9dbc5875c9.jpeg
2026-CW9A8Y,inprogress,2026-09-25 23:29,2026-09-26 09:59,100.74353,13.78143,มีนบุรี,มีนบุรี,ขนะนี้น้ำท่วมถนนทั้งหมู่บ้าน หนัก ระดับน้ำสูง เลยหัวเข่า ขอเครื่องสูบน้ำขนาด มาช่วยบายน้ำด้วย ท่วมตั้งแต่เช้าแล้ว ความสูงระดับหัวเข่า น้ำท่วมมาแล้วน้อยกว่า 1 วัน,https://storage.googleapis.com/traffy_public_bucket/attachment/2026-09/8dba0cb1079fca3c924846933b13005d.jpeg
2026-TDT4Z8,inprogress,2026-09-25 23:29,2026-09-26 07:30,100.70865,13.78542,สะพานสูง,สะพานสูง,น้ำท่วม ขอติดต่อรับกระสอบทรายค่ะ ความสูงระดับหัวเข่า น้ำท่วมมาแล้วน้อยกว่า 1 วัน,https://storage.googleapis.com/traffy_public_bucket/attachment/2026-09/5a8466c871d5c80e988966de5312edf1.jpeg
2026-CLAFG4,forward,2026-09-25 23:30,2026-09-26 21:55,100.54841,13.82687,จตุจักร,จตุจักร,น้ำท่วมบ้าน เข้าบ้านหมดแล้วค่ะ ระบายให้ทีได้ไหมค่ะ ที่อื่นไม่ท่วม แต่ที่นี่ท่วม ความสูงระดับ2-3 ชม.แล้วค่ะ น้ำท่วมมาแล้วน้อยกว่า 3 ชั่วโมง,https://storage.googleapis.com/traffy_public_bucket/attachment/2026-09/facb4bb9ad14853252108685ef06a8a6.jpeg
2026-M7URTB,inprogress,2026-09-25 23:30,2026-09-26 06:24,100.70387,13.81864,มีนบุรี,มีนบุรี,น้ำท่วมขัง ความสูงระดับข้อเท้า น้ำท่วมมาแล้วน้อยกว่า 3 ชั่วโมง,https://storage.googleapis.com/traffy_public_bucket/attachment/2026-09/85a4319bcbcaaf2acfb05f3581279131.jpeg
2026-U3J9T4,forward,2026-09-25 23:30,2026-09-26 08:38,100.59457,13.74221,ห้วยขวาง,บางกะปิ,มีน้ำท่วมขังปริมาณมากบนถนนเพชรบุรี มุ่งหน้าแยกคลองตัน ทำให้การจราจรติดขัดปริมาณมาก ความสูงระดับเอว น้ำท่วมมาแล้วน้อยกว่า 3 ชั่วโมง,https://storage.googleapis.com/traffy_public_bucket/attachment/2026-09/751eaaf946d7fea49836ea2b5a6670d7.jpeg
2026-WVLP6V,finish,2026-09-25 23:30,2026-09-29 16:10,100.58361,13.89371,หลักสี่,ทุ่งสองห้อง,น้ำท่วมขัง ความสูงระดับข้อเท้า น้ำท่วมมาแล้วน้อยกว่า 1 วัน,https://storage.googleapis.com/traffy_public_bucket/attachment/2026-09/4be31c5e45332a080630ca351d7ea651.jpeg
2026-FNH4KG,finish,2026-09-25 23:31,2026-10-02 10:37,100.34938,13.66351,หนองแขม,หนองแขม,น้ำท่วมขังสูง รถยนต์ผ่านไม่ได้ ความสูงระดับข้อเท้า น้ำท่วมมาแล้วน้อยกว่า 3 ชั่วโมง,https://storage.googleapis.com/traffy_public_bucket/attachment/2026-09/e75fb592abad01d5738a6e7d4e4f0cfe.jpeg
2026-V9DCMK,finish,2026-09-25 23:31,2026-10-05 14:31,100.62112,13.68533,พระโขนง,บางจาก,น้ำท่วม ส่งกลิ่นเหม็นโชยอย่างหนัก แต่จุดใกล้เคียงพื้นเตี้ยกว่ากลับไม่ท่วม ท่อระบายน้ำอุดตันอย่างหนักมาก น้ำไม่ระบาย มีไขมันลอยตัวบนน้ำ เสนอให้ทำระบบถังดักไขมันเพื่อบำบัดน้ำเสียและการอุดตันของท่อน้ำให้เพียงพอต่อการประกอบอาหาร เนื่องจากบริเวณ 4 ทิศรอบร้านอา,https://storage.googleapis.com/traffy_public_bucket/attachment/2026-09/110c032429c0ac864d1508c1da9b758d.jpeg
2026-HN8HB3,finish,2026-09-25 23:33,2026-10-05 14:10,100.61925,13.68582,พระโขนง,บางจาก,ตั้งแต่แจ้งน้ำท่วมไปครั้งแรก เวลา 16:06 จนตอนนี้ 23:25 ฝนยังไม่หยุดตก หนักเบาสลับกันไป น้ำท่วมสูงขึ้น ถนนกลางหมู่บ้านยกสูงจึงไม่ท่วม แต่ถนนใยซอยแยกย่อย โดยเฉพาะซอย 2 หรือ แยก 2 เป็นซอยที่ระดับถนนต่ำสุด จึงเกิดน่ำท่วมขังนาน ความสูงระดับหน้าแข้ง น้ำท่วมมาแล,https://storage.googleapis.com/traffy_public_bucket/attachment/2026-09/4ad445c042650a43c436e191fa1f2703.jpeg
2026-KE2H98,inprogress,2026-09-25 23:33,2026-09-26 09:20,100.63238,13.78534,บางกะปิ,คลองจั่น,แจ้งเรื่องน้ำท่วมขังลาดพร้าว 101 ความสูงระดับหน้าแข้ง น้ำท่วมมาแล้วน้อยกว่า 1 วัน,https://storage.googleapis.com/traffy_public_bucket/attachment/2026-09/4cdca93f20456389afc4a76345fedbfd.jpeg
2026-NEBW2F,finish,2026-09-25 23:33,2026-09-30 14:31,100.54012,13.80839,บางซื่อ,บางซื่อ,มีน้ำท่วมขังจำนวนมากเข้าบ้านเรือน ความสูงระดับทางเข้าซอย มีพื้นที่ต่ำเกือบถึงต้นขาเลยเข่ามา แต่ตรงตัวบ้านเรือนถึงหัวเข่าค่ะ น้ำท่วมมาแล้วน้อยกว่า 1 วัน,https://storage.googleapis.com/traffy_public_bucket/attachment/2026-09/357df9fde9b7e005d47a6833090434a6.jpeg
2026-R8MCJC,inprogress,2026-09-25 23:33,2026-09-26 07:30,100.69246,13.74789,สะพานสูง,สะพานสูง,น้ำท่วมขังไม่มีการระบายน้ำไม่มีการสูบน้ำ ความสูงระดับมีคุณพ่อซึ่งป่วยเปนโรคหัวใจยุ น้ำท่วมมาแล้วช่วยกับ1 คนมือเจบจากการเบยมา10 เขมวิดน้ำออกจากบ้านมีการทอแจ้งไปที่ 02-2481551 ตั้งแต่ 20:30,https://storage.googleapis.com/traffy_public_bucket/attachment/2026-09/0f36043023f9a2fdff4aa36668cade46.jpeg
2026-RZFPFR,start,2026-09-25 23:33,2026-09-26 09:05,100.74143,13.76825,ลาดกระบัง,คลองสามประเวศ,น้ำท่วมหนัก น้ำในคลองล้นทะลักตอนนี้ระดับน้ำขึ้นสูงรวดเร็วมาก ความสูงระดับตอนนี้เหนือเข่าแล้วค่ะ น้ำท่วมมาแล้วน้อยกว่า 1 วัน,https://storage.googleapis.com/traffy_public_bucket/attachment/2026-09/6513ce5c3f880f615c5393957c52d422.jpeg
2026-6F22N7,forward,2026-09-25 23:34,2026-09-25 23:40,100.61026,13.72294,สวนหลวง,สวนหลวง,น้ำท่วมขังภายในบ้านและหน้าถนน ต้องการให้เร่งระบายน้ำในคลองด่วน เนื่องจากน้ำคลองล้นมาหน้าบ้านแล้วค่ะ ความสูงระดับหน้าแข้ง น้ำท่วมมาแล้วน้อยกว่า 1 วัน,https://storage.googleapis.com/traffy_public_bucket/attachment/2026-09/c046a92690f3196fa57e72a6cacba14e.jpeg
2026-L6ZX2F,inprogress,2026-09-25 23:34,2026-09-25 23:47,100.66855,13.73378,ประเวศ,ประเวศ,น้ำท่วมหนักมาก แบบน้ำเข้าบ้านจนถึงตัวบ้าน ทุกอย่างที่อยู่ชั้นล่างท่วมหมดแล้ว น้ำคลองประเวศจะระบายยังไง จะทำยังไงให้น้ำลด ความสูงระดับอันนี้ตอนเช้า ตอนนี้ยังไม่ได้ถ่ายใหม่ น้ำท่วมมาแล้วสูงเลยเข่าแล้ว ณ ตอนนี้,https://storage.googleapis.com/traffy_public_bucket/attachment/2026-09/7c785f10c0709aa826c3667af254603a.jpeg
2026-RCWDBV,inprogress,2026-09-25 23:34,2026-09-26 07:31,100.70042,13.7808,สะพานสูง,สะพานสูง,น้ำท่วมขัง ความสูงระดับหัวเข่า น้ำท่วมมาแล้วน้อยกว่า 1 วัน,https://storage.googleapis.com/traffy_public_bucket/attachment/2026-09/564a91137ba0fcffdee0465510d0956a.jpeg
2026-UF9X6Z,finish,2026-09-25 23:34,2026-09-30 16:00,100.61591,13.67462,บางนา,บางนาเหนือ,ปริมาณน้ำยังไม่ลดลง ความสูงระดับหน้าแข้ง น้ำท่วมมาแล้วน้อยกว่า 3 ชั่วโมง,https://storage.googleapis.com/traffy_public_bucket/attachment/2026-09/1fdb3ef1caf1d4e923a5a61b0093e614.jpg
2026-UPTGJD,inprogress,2026-09-25 23:34,2026-09-26 08:14,100.62735,13.70071,พระโขนง,บางจาก,น้ำท่วมมากๆ รอการระบาย แต่กำลังจะเข้าบ้านดิฉันค่ะ ความสูงระดับข้อเท้า น้ำท่วมมาแล้วน้อยกว่า 1 วัน,https://storage.googleapis.com/traffy_public_bucket/attachment/2026-09/ea0c39ace1ffd2b4478871d0a5f41892.jpeg
2026-UPTGJD,finish,2026-09-25 23:34,2026-10-08 15:24,100.62735,13.70071,พระโขนง,บางจาก,น้ำท่วมมากๆ รอการระบาย แต่กำลังจะเข้าบ้านดิฉันค่ะ ความสูงระดับข้อเท้า น้ำท่วมมาแล้วน้อยกว่า 1 วัน,https://storage.googleapis.com/traffy_public_bucket/attachment/2026-09/ea0c39ace1ffd2b4478871d0a5f41892.jpeg
2026-V8MPNK,inprogress,2026-09-25 23:35,2026-09-28 13:04,100.6794,13.80115,คันนายาว,รามอินทรา,น้ำท่วมสูงมาก ที่สุดในรอบ 50 ปี หมู่บ้านนวธานี ซอยเสรีไทย 59 ระบายน้ำลงคลองรหัสไม่ได้ สูบน้ำออกจากหมู่บ้านไม่ได้เลยมีแต่น้ำไหลเข้ามา ทั้งจากทางวงแหวนรอบนอก และทางคลองรหัส ช่วยเร่งระบายน้ำด้วยค่ะ ความสูงระดับหัวเข่า น้ำท่วมมาแล้วน้อยกว่า 1 วัน,https://storage.googleapis.com/traffy_public_bucket/attachment/2026-09/449cdb8bc5ff29a8e400bbe4314d1892.jpeg
2026-VPBLMF,finish,2026-09-25 23:35,2026-09-28 10:50,100.54452,13.68659,ยานนาวา,ช่องนนทรี,น้ำท่วมเข้าบ้านและรถ รถไม่สามารถสัญจรได้ ความสูงระดับมาเกือบอาทิตย์แล้ว น้ำท่วมมาแล้วน้อยกว่า 1 สัปดาห์,https://storage.googleapis.com/traffy_public_bucket/attachment/2026-09/fed9c496f15075373dafcb3616fe9c26.jpeg
2026-JT2MMF,start,2026-09-25 23:36,2026-09-26 09:06,100.74142,13.7683,ลาดกระบัง,คลองสามประเวศ,ซอยร่มเกล้า 28 น้ำท่วมทั้งซอย น้ำจากคลองหลังหมู่บ้านทะลักเข้ามาท่วมบ้านเลือน ความสูงระดับหัวเข่า น้ำท่วมมาแล้วน้อยกว่า 3 ชั่วโมง,https://storage.googleapis.com/traffy_public_bucket/attachment/2026-09/460279ca44ebbe1c4a4d82a15e9b2b11.jpeg
2026-MRGRAZ,finish,2026-09-25 23:36,2026-10-01 13:17,100.59689,13.70014,พระโขนง,บางจาก,น้ำยังคงท่วมอยู่ที่สร้อยสุขุมวิท 54 แยก 2-1 ตอนนี้ระดับน้ำสูงขึ้นอีกแล้ว ได้เปิดเครื่องสูบน้ำหรือเปล่าครับ ความสูงระดับหน้าแข้ง น้ำท่วมมาแล้วน้อยกว่า 3 ชั่วโมง,https://storage.googleapis.com/traffy_public_bucket/attachment/2026-09/89039675106930f6863f9cb1fbd15dcd.jpeg
2026-NWGLRH,forward,2026-09-25 23:36,2026-09-26 21:57,100.5502,13.83354,จตุจักร,ลาดยาว,น้ำล้นจากคลองเปรมประชากร ท่วมในซอย จะเข้าบ้านแล้ว ช่วยกรุณาดูแลด้วยค่ะ ความสูงระดับเลยฟุตบาทแล้วค่ะ น้ำท่วมมาแล้วตั้งแต่ประมาณ 1700,https://storage.googleapis.com/traffy_public_bucket/attachment/2026-09/c89ca37996ddb2c03c07c154a2068c80.jpeg
2026-YPBHHL,finish,2026-09-25 23:36,2026-09-26 00:55,100.67974,13.7272,ประเวศ,ประเวศ,ตอนนี้น้ำท่วมมากขอความช่วยเหลือโดยด่วนตอนนี้มีทารกแรกเกิด บ้านต่ำไม่มีที่สูง ไม่มีที่นอนแล้วค่ะ เร่งให้หน่อยได้ไหมคะ แจ้งหลายรอบแล้วไม่มีเขตมาเลย มีเด็กทารก มีที่อพยพให้ไหมคะ ทารกแรกเกิดนะคะ สงสารเด็กเถอะค่ะ ท่วมไม่มีที่นอนแล้วค่ะ 😥🙏🏻 ความสูงระดับ24 ชั่วโ,https://storage.googleapis.com/traffy_public_bucket/attachment/2026-09/2b8c0ce5561cb2ef2a14db7839178ffb.jpeg
2026-4Z4JDZ,inprogress,2026-09-25 23:37,2026-09-26 05:24,100.66781,13.86037,บางเขน,ท่าแร้ง,น้ำท่วมขังประมาณครึ่งล้อรถ รถจักรยานยนตร์ผ่านไม่ได้ค่ะ ถนนตรงนั้นมีหลุมหลายจุด รถยนตร์ขับผ่านได้แค่ฝั่งตรงข้ามเซเว่น เพราะตรงนั้นถนนสูงกว่าอีกฝั่งค่ะ ความสูงระดับหน้าแข้ง น้ำท่วมมาแล้วน้อยกว่า 1 วัน,https://storage.googleapis.com/traffy_public_bucket/attachment/2026-09/thumb_2d8014e5cba32b8b6d8ea139e62e746e.jpg
2026-C4XMDU,finish,2026-09-25 23:37,2026-09-29 16:09,100.56169,13.86014,หลักสี่,ทุ่งสองห้อง,ตอนนี้ 23.32 น. มีน้ำท่วมขังปริมาณมากภายในหมู่บ้านเจริญทรัพย์ ไม่มีท่าทีว่าจะลดลงเลย ปริมาณเพิ่มขึ้นอย่างรวดเร็ว ความสูงระดับหัวเข่า น้ำท่วมมาแล้วน้อยกว่า 3 ชั่วโมง,https://storage.googleapis.com/traffy_public_bucket/attachment/2026-09/4982793b14766d6a0d3d37420db61a4f.jpeg
2026-P7YBAX,inprogress,2026-09-25 23:37,2026-09-26 00:13,100.62598,13.78463,วังทองหลาง,คลองเจ้าคุณสิงห์,น้ำท่วมขังในซอย ความสูงระดับหน้าแข้ง น้ำท่วมมาแล้วน้อยกว่า 1 วัน,https://storage.googleapis.com/traffy_public_bucket/attachment/2026-09/41bcf0ec684dc2f737da05a71946cca6.jpeg
2026-P7YBAX,finish,2026-09-25 23:37,2026-10-07 00:04,100.62598,13.78463,วังทองหลาง,คลองเจ้าคุณสิงห์,น้ำท่วมขังในซอย ความสูงระดับหน้าแข้ง น้ำท่วมมาแล้วน้อยกว่า 1 วัน,https://storage.googleapis.com/traffy_public_bucket/attachment/2026-09/41bcf0ec684dc2f737da05a71946cca6.jpeg
2026-PB9BUD,inprogress,2026-09-25 23:37,2026-09-27 14:11,100.57449,13.74626,ห้วยขวาง,บางกะปิ,น้ำท่วมสูงจะเข้าบ้านแล้วค่ะ มันน่าจะล้นมาจากคลองแสนแสบ ที่อยู่ข้างบ้านเร่งแก้ปัญหาหน่อยค่ะ ความสูงระดับหัวเข่า น้ำท่วมมาแล้วน้อยกว่า 3 ชั่วโมง,https://storage.googleapis.com/traffy_public_bucket/attachment/2026-09/5e106660e33a1e194741f89c9c257e13.jpeg
2026-TXYJ7N,finish,2026-09-25 23:37,2026-10-05 14:06,100.62671,13.68421,พระโขนง,บางจาก,จากที่แจ้งเรื่องไป ซอยวชิรธรรมสาธิต 40 ยังมีน้ำท่วมขังเพิ่มกว่าเดิม เลยค่ะ ช่วยตรวจสอบให้หน่อยได้ไหมคะ ความสูงระดับหน้าแข้ง น้ำท่วมมาแล้วตั้งแต่5 โมงค่า,https://storage.googleapis.com/traffy_public_bucket/attachment/2026-09/208d908b9ab0890ecf68fc56ea5fec47.jpeg
2026-4LGLVC,inprogress,2026-09-25 23:38,2026-09-26 00:00,100.65641,13.72321,ประเวศ,ประเวศ,น้ำท่วมในซอยครับ น้ำสูงขึ้นเรื่อยๆ ที่บ้านมีผู้สูงอายุ ในซอยต่ำกว่าซอยอื่นมากมีหลายบ้านเป็นผู้สูงอายุ ความสูงระดับหกสิบเซนต์ครับ น้ำท่วมมาแล้วตั้งแต่ช่วงห้าโมงเย็น น้ำสูงขึ้นเรื่อยๆครับ,https://storage.googleapis.com/traffy_public_bucket/attachment/2026-09/c1977e3040f4566614727d855392f505.jpeg
2026-847NNG,finish,2026-09-25 23:38,2026-09-30 16:00,100.6186,13.6829,บางนา,บางนาเหนือ,น้ำท่วม ความสูงระดับ20cen น้ำท่วมมาแล้วน้อยกว่า 3 ชั่วโมง,https://storage.googleapis.com/traffy_public_bucket/attachment/2026-09/a69fd11b2038fdb76f36f83e2a60ffeb.jpeg
2026-UYEWJW,finish,2026-09-25 23:38,2026-09-26 11:37,100.67898,13.82743,คันนายาว,คันนายาว,ปัญหา: บริเวณพื้นที่สวนสยาม พบปัญหาน้ำท่วมขังและระดับน้ำเพิ่มสูงขึ้นอย่างต่อเนื่อง ทำให้ประชาชนที่พักอาศัยในบริเวณดังกล่าวพยายามนำรถออกจากพื้นที่เพื่อไปจอดที่ห้างสรรพสินค้าแฟชั่นไอส์แลนด์ แต่ห้างดังกล่าวไม่มีนโยบายให้นำรถเข้าจอดเพื่อหนีน้ำ จึงขอให้เจ้าหน้,https://storage.googleapis.com/traffy_public_bucket/attachment/2022-12/da2125e781282589d482070c3dba1726aa16a4a7.jpg
2026-XJ4AJB,forward,2026-09-25 23:38,2026-09-26 07:36,100.64335,13.66034,บางนา,บางนาเหนือ,น้ำท่วมหนัก รถดับหลายคัน ความสูงระดับหน้าแข้ง น้ำท่วมมาแล้วน้อยกว่า 3 ชั่วโมง,https://storage.googleapis.com/traffy_public_bucket/attachment/2026-09/eef295fa873a9c9f66e031068a5b7b49.jpeg
2026-9UFUGY,finish,2026-09-25 23:39,2026-10-02 14:18,100.60776,13.6963,พระโขนง,บางจาก,เรื่องน้ำท่วมซอย น้ำค่อยๆเพิ่มขึ้นไม่ลดเลย ความสูงระดับถนนหน้าแข้ง บางจุดถึงหัวเข่า กังวลน้ำจะเข้ามาในบ้าน เพราะมีแต่ผู้สูงอายุ น้ำท่วมมาแล้วน้อยกว่า 1 วัน,https://storage.googleapis.com/traffy_public_bucket/attachment/2026-09/7c12d288f8efd44bc66036c084e2c96d.jpeg
2026-JWRE6R,finish,2026-09-25 23:39,2026-09-29 16:12,100.58355,13.86963,หลักสี่,ตลาดบางเขน,น้ำท่วมในซอยเรือนจินตหรา และหมู่บ้านเรือนจินตหรา 7 ขอปั๊มน้ำมาช่วยหรือเปิดทางระบายน้ำด่วน ความสูงระดับหัวเข่า น้ำท่วมมาแล้วน้อยกว่า 1 วัน,https://storage.googleapis.com/traffy_public_bucket/attachment/2026-09/e0aceff63f3acd7791272182611146df.jpeg
2026-KNMZU4,finish,2026-09-25 23:39,2026-10-01 16:02,100.53445,13.80815,บางซื่อ,บางซื่อ,น้ำท่วมขังในซอยสุวรรณดี3 เขตบางซื่อ เนื่องจากซอยอยู่ต่ำกว่าถนน ทำให้รถยนต์โหลดเตี้ยไม่สามารถออกจากซอยได้ และมอไซค์ดับกลางซอยเพราะน้ำเข้า ส่วนตัวเป็นผู้พักอาศัยที่เหมือนมาดแมนชั่นค่ะ กังวัลว่าพรุ่งนี้จะไม่สามารถนำรถออกจากพื้นที่ได้เพราะฝนตกไม่หยุดและระดับน,https://storage.googleapis.com/traffy_public_bucket/attachment/2026-09/b10b160cbfb514475f947ed766e9564e.jpeg
2026-UETPFD,inprogress,2026-09-25 23:39,2026-09-26 06:23,100.75468,13.7919,มีนบุรี,แสนแสบ,น้ำท่วมหนักมาก ระบายไม่ทัน น้ำเข้าบ้านหมดแล้ว ความสูงระดับ25/29 น้ำท่วมมาแล้วน้อยกว่า 1 วัน,https://storage.googleapis.com/traffy_public_bucket/attachment/2026-09/2997b300c690065659437aff56816f3a.jpeg
2026-PY732E,finish,2026-09-25 23:40,2026-10-02 14:19,100.60539,13.69858,พระโขนง,บางจาก,สวัสดีครับ พอดีที่บ้านโหลดต่ำ น้ำท่วมเข้ามาในบ้าน มีคุณพ่อคุณแม่อายุ 70 อยู่กัน 2 คน กลัวจะเป็นอันตราย ไม่แน่ใจทางTraffyFondue พอจะช่วยเหลือได้ไหมครับ บ้านเลขที่ 76 สุขุมวิท93 พึ่งมี 28 บางจาก พระโขนง ครับ ความสูงระดับหน้าบ้านครับ บ้านโหลดต่ำ ตอนนี้น้ไเ,https://storage.googleapis.com/traffy_public_bucket/attachment/2026-09/93764a508270f781dd46c0154098caa4.jpeg
2026-XBEVCM,finish,2026-09-25 23:41,2026-09-26 17:30,100.68804,13.80823,คันนายาว,คันนายาว,สามารถขอรับกระสอบทรายจากสำนักงานเขตได้มั้ยครับ น้ำปริ่มมากจะเข้าบ้านแล้ว ห้องน้ำใช้ไม่ได้แล้ว เข้าใจว่าหลายที่เดือดร้อน แต่อยากได้ก่อนมันเข้าบ้านครับ ความสูงระดับข้อเท้า น้ำท่วมมาแล้วหน้าหมู่บ้านท่วมขังรถเล็กออกไปหาทรายไม่ได้ครับ,https://storage.googleapis.com/traffy_public_bucket/attachment/2026-09/5bb97f476dfd0ca5bd3bf9a98d2f13ef.jpeg
2026-HU48PX,finish,2026-09-25 23:42,2026-10-05 09:02,100.61496,13.69765,พระโขนง,บางจาก,น้ำท่วมขังระดับเข่า ขึ้นสูงอย่างต่อเนื่อง ต้องการให้เร่งแก้ปัญหาด่วน ไม่แน่ในว่าการก่อสร้างทำให้เกิดผลกระทบที่หนักขึ้นกว่าเดิมหรือเปล่า ต้องการหน่วยงานเข้ามาช่วยแก้ไข ตรวจสอบ ความสูงระดับ1 วัน น้ำท่วมมาแล้วน้อยกว่า 1 วัน,https://storage.googleapis.com/traffy_public_bucket/attachment/2026-09/4ce685a2e5d6ad14fda3f08ce31c67bb.jpeg
2026-VCLBWK,finish,2026-09-25 23:42,2026-09-30 16:01,100.62946,13.6536,บางนา,บางนาใต้,น้ำท่วมรอระบายในซอยย่อยของ ศรีพงษ์โครงการ3 คาดว่าน่าจะมาจากการก่อสร้างถนนในซอยลาซาล46 แต่ไม่ได้ปรับความลาดเอียงของท่อน้ำทิ้งฝั่งบ้านเลขคี่ และ ไม่ได้ทำการลอกท่อหลังทำการก่อสร้างเสร็จ น้ำจึงขัง และไม่ไหลออกจากซอย ส่วนถนนเมนมีน้ำขังบ้างเล็กน้อย แต่น้ำลงเร็,https://storage.googleapis.com/traffy_public_bucket/attachment/2026-09/686dd7ad4805fa87c986afae8fe498b9.jpeg
2026-Z36WJ2,start,2026-09-25 23:42,2026-09-26 09:06,100.77954,13.72283,ลาดกระบัง,ลาดกระบัง,"หอพักผมอยู่ริมคลองหนองปรือ ซึ่งเป็นคลองสาขาของคลองประเวศ และในขณะนี้ระดับน้ำเริ่มประชิดระเบียงหอมากขึ้นเรื่อยๆโดยมีระยะห่างไม่เกิน15-20ซม.เท่านั้น จึงอยากแจ้งทางกทม.ว่าสามารถให้ความช่วยเหลือด้านการป้องกันน้ำ(กระสอบทราย,สูบน้ำ)หรือความช่วยเหลือเรื่องที่อยู",https://storage.googleapis.com/traffy_public_bucket/attachment/2026-09/thumb_a68025d8dde65216a8b3cdbce21c56ea.jpg
2026-U2NM6G,finish,2026-09-25 23:43,2026-10-05 09:56,100.61281,13.70604,พระโขนง,บางจาก,ท่อน้ำไม่ระบายน้ำ ความสูงระดับหัวเข่า น้ำท่วมมาแล้วน้อยกว่า 3 ชั่วโมง,https://storage.googleapis.com/traffy_public_bucket/attachment/2026-09/996e960f2aae5b4c2bc3914b5824fac5.jpeg
2026-GXEVZM,inprogress,2026-09-25 23:44,2026-09-26 00:12,100.62444,13.7834,วังทองหลาง,คลองเจ้าคุณสิงห์,สอบถามครับตอนนี้น้ำท่วมขังหนักมากๆขึ้นมาสูงมากเข้ามาในบ้านแล้ว เลยอยากรู้ว่าจากนี้สถานการณ์จะเป็นยังไงน้ำจะลดลงบ้างไหมครับ เผื่อจะได้เตรียมอพยพครับ ความสูงระดับเกือบครึ่งล้อรถยนต์ครับประมาณหนึ่งในสาม น้ำท่วมมาแล้วตั้งแต่ประมาณบ่ายบ่ายครับ,https://storage.googleapis.com/traffy_public_bucket/attachment/2026-09/37225ff8d9ad2e8831df3768b1d7147b.jpeg
2026-GXEVZM,finish,2026-09-25 23:44,2026-10-07 00:03,100.62444,13.7834,วังทองหลาง,คลองเจ้าคุณสิงห์,สอบถามครับตอนนี้น้ำท่วมขังหนักมากๆขึ้นมาสูงมากเข้ามาในบ้านแล้ว เลยอยากรู้ว่าจากนี้สถานการณ์จะเป็นยังไงน้ำจะลดลงบ้างไหมครับ เผื่อจะได้เตรียมอพยพครับ ความสูงระดับเกือบครึ่งล้อรถยนต์ครับประมาณหนึ่งในสาม น้ำท่วมมาแล้วตั้งแต่ประมาณบ่ายบ่ายครับ,https://storage.googleapis.com/traffy_public_bucket/attachment/2026-09/37225ff8d9ad2e8831df3768b1d7147b.jpeg
2026-CEMHWL,finish,2026-09-25 23:45,2026-10-05 09:55,100.6218,13.69296,พระโขนง,บางจาก,คุณรีบระบายน้ำหลังคลองซอยปุณณวิถี 43 ด่วนน้ำจะเข้าบ้านอยู่แล้วตั้งแต่เลือกตั้งผู้ว่ามาตั้งแต่คราวที่แล้วนะน้ำท่วมบ้านแบบนี้หลายรอบเลยตามปกติเราจะเห็นผู้ว่าเนี่ยระบายน้ำหลังคลองซอยปุณณวิถี 43 ทำให้น้ำไม่เคยท่วมบ้านเลยหลังจากนี้ 2-3 ปีที่ผ่านมาเนี่ยเวลาน้ำท,https://storage.googleapis.com/traffy_public_bucket/attachment/2026-09/3cba8d5c402fe4cca0427e2229a0170b.jpeg
2026-TN4F9J,finish,2026-09-25 23:47,2026-10-05 09:59,100.61233,13.69433,พระโขนง,บางจาก,น้ำท่วมสูง ถนนหน้าบ้าน 25 ซม. ความสูงระดับบ้านยกสูงแล้ว แต่น้ำเริ่มเข้ามาค่ะ น้ำท่วมมาแล้วน้อยกว่า 1 วัน,https://storage.googleapis.com/traffy_public_bucket/attachment/2026-09/eb6731d85deb4a2511fa5c0e6a4b4493.jpeg
2026-YVP8PW,inprogress,2026-09-25 23:47,2026-09-26 06:23,100.72428,13.81484,มีนบุรี,มีนบุรี,น้ำท่วมขังสูงมาก เข้ามาบริเวณบ้าน ทางเขตมีนบุรี ไม่สูบน้ำออกให้เลย ความสูงระดับหัวเข่า น้ำท่วมมาแล้วท่วมตั้งแต่บ่าย2 โมง,https://storage.googleapis.com/traffy_public_bucket/attachment/2026-09/2b350a5e2ba3195abca798fdf78aef33.jpeg
2026-WPVVUX,inprogress,2026-09-25 23:48,2026-09-26 08:52,100.47804,13.65502,ทุ่งครุ,บางมด,น้ำล้นตลิ่งบ่อยมาก ทุกๆปีไม่ว่าจะตกหนัก ไม่หนัก คือภาพเมื่อวันที่ 25 กย. ควรมีการลอกคลอง แล้วแจ้งกี่รอบก็ไม่เคยมีการแก้ไข ติดต่อทุกคนที่เกี่ยวข้องก็ไม่มีใครสนใจเดือดร้อนแต่ไม่สนใจกันเลย แนะนำควรมีการลอกคลอง และก็วิธีอื่น ด้วยครับ ความสูงระดับครึ่งตัวครับ,https://storage.googleapis.com/traffy_public_bucket/attachment/2026-09/4ec57095d26912861ad76b15aad0daad.jpeg
2026-A2WK99,inprogress,2026-09-25 23:49,2026-09-27 07:23,100.35525,13.65132,บางบอน,บางบอนเหนือ,น้ำท่วมสูงมาก ช่วยด้วยครับ ช่วยระบายน้ำอย่างเร่งด่วนที่สุด ความสูงระดับถ้าผ่านคืนนี้ไปอาจจะถึงเร็วเลยครับ น้ำท่วมมาแล้วถึงเอว,https://storage.googleapis.com/traffy_public_bucket/attachment/2026-09/dd695cc7fefdbff02a937d9497449c87.jpeg
2026-V4VF7R,finish,2026-09-25 23:49,2026-10-05 15:43,100.40401,13.62991,บางขุนเทียน,แสมดำ,น้ำท่วม ความสูงระดับน้ำไม่ระบาย น้ำท่วมมาแล้ว30เซนละ,https://storage.googleapis.com/traffy_public_bucket/attachment/2026-09/e4050883c8f6fb59da7c6b7f1116c8c5.jpeg
2026-X6Z4C6,inprogress,2026-09-25 23:49,2026-09-26 00:15,100.68214,13.68383,ประเวศ,ดอกไม้,ไม่มีการระบายน้ำเลย ความสูงระดับหน้าแข้ง น้ำท่วมมาแล้วน้อยกว่า 1 วัน,https://storage.googleapis.com/traffy_public_bucket/attachment/2026-09/daf21bc1cce24c2bec83d88a2301c835.jpeg
2026-BRM97V,inprogress,2026-09-25 23:50,2026-09-27 14:13,100.58293,13.75105,ห้วยขวาง,บางกะปิ,น้ำท่วมออกจากบ้านไม่ได้ ความสูงระดับหัวเข่า น้ำท่วมมาแล้วน้อยกว่า 1 วัน,https://storage.googleapis.com/traffy_public_bucket/attachment/2026-09/1213f3ae04ec8346abb129b8bd372525.jpeg
2026-W6XA26,inprogress,2026-09-25 23:50,2026-09-26 12:20,100.38996,13.76121,ทวีวัฒนา,ทวีวัฒนา,ริมคลองบางน้อย ช่วง ถนนพุทธมณฑลสาย 2 ซอย 19 น้ำเริ่ม ล้นตลิ่งไหลเข้าบ้านเรือน ความสูงระดับหน้าแข้ง น้ำท่วมมาแล้วน้อยกว่า 1 วัน,https://storage.googleapis.com/traffy_public_bucket/attachment/2026-09/e09bb547d9d93955735b9538c8640f8c.jpeg
2026-NP9MJU,inprogress,2026-09-25 23:53,2026-09-26 08:31,100.62262,13.69998,พระโขนง,บางจาก,น้ำเข้่บ้านแล้วคะ ตั้งแต่วันนี้บ่าย จนคอนนี้ ขึ้นเรื่อยๆ ความสูงระดับหน้าแข้ง น้ำท่วมมาแล้วน้อยกว่า 1 วัน,https://storage.googleapis.com/traffy_public_bucket/attachment/2026-09/b81ba01356db72c90f828ddfcc1d06e7.jpeg
2026-NP9MJU,finish,2026-09-25 23:53,2026-10-08 15:23,100.62262,13.69998,พระโขนง,บางจาก,น้ำเข้่บ้านแล้วคะ ตั้งแต่วันนี้บ่าย จนคอนนี้ ขึ้นเรื่อยๆ ความสูงระดับหน้าแข้ง น้ำท่วมมาแล้วน้อยกว่า 1 วัน,https://storage.googleapis.com/traffy_public_bucket/attachment/2026-09/b81ba01356db72c90f828ddfcc1d06e7.jpeg
2026-B8MPEV,inprogress,2026-09-25 23:55,2026-09-26 06:22,100.73006,13.82432,มีนบุรี,มีนบุรี,ขนาดนี้น้ำคลองสามวา สูงขึ้นเพิ่มอีกเรื่อยๆประชาชนได้รับความเดือดร้อนหนักกว่าเดิมไม่มีลดลงเลย ความสูงระดับเอว น้ำท่วมมาแล้วน้อยกว่า 1 วัน,https://storage.googleapis.com/traffy_public_bucket/attachment/2026-09/929f4eef9ff5c9b8a4bf2f56183977a6.jpeg
2026-UD4TYF,follow,2026-09-25 23:55,2026-10-04 10:27,100.65639,13.79276,บึงกุ่ม,คลองกุ่ม,น้ำท่วมขัง สูงกว่าระดับเข่า ผมอยากทราบข่าวการระบายน้ำของคลองบางเตย เนื่องจากตอนนี้ระดับน้ำสูงไม่สามารถเอารถออกหรือหลีกเลี่ยงได้เลย ความสูงระดับหน้าบ้านในซอย สูงกว่าเข่า ในบ้านหน้าแข้ง น้ำท่วมมาแล้วตั้งแต่8โมงเช้าเมื่อวาน,https://storage.googleapis.com/traffy_public_bucket/attachment/2026-09/6c89afd33de4f408c8b9a4e00e46b3ae.jpeg
2026-V77B77,inprogress,2026-09-25 23:55,2026-09-26 00:16,100.64103,13.68868,ประเวศ,หนองบอน,น้ำท่วมขังสูงกว่า 20 ซม. ในบางช่วงซอยสุภาพงษ์ 1 แยก 3-5 ความสูงระดับหน้าแข้ง น้ำท่วมมาแล้วน้อยกว่า 1 วัน,https://storage.googleapis.com/traffy_public_bucket/attachment/2026-09/911aeb27cfce8b72686c2aa70595d903.jpeg
2026-XL3DWC,forward,2026-09-25 23:55,2026-09-26 21:58,100.58382,13.80327,จตุจักร,จันทรเกษม,น้ำท่วมมาก ไม่ระบายเลย จนน้ำจะเข้าบ้านแล้ว ช่วยมาจัดการด่วนด้วยคะ ลาดพร้าว 41 แยก 3 ท่วมสูงเกินครึ่งแข้ง เกือบเข่า ท่วมมาตั้งแต่ ช่วงบ่าย 3 โมง ความสูงระดับเกือบเข่า น้ำท่วมมาแล้วบ่ายสามโมง,https://storage.googleapis.com/traffy_public_bucket/attachment/2026-09/38a65a30fb59e29348cc3e0ea636e57e.jpeg
2026-XRRGAU,inprogress,2026-09-25 23:55,2026-09-26 00:26,100.68779,13.66913,ประเวศ,ดอกไม้,ปัญหาน้ำท่วมขัง ระบายไม่ทัน ในโซน รามคำแหง2 ตอนนี้สูงกว่าหลายๆปีที่ผ่านมามากครับ อยากรบกวนช่วยเร่งการระบายให้อีกหน่อยครับ ระดับน้ำตอนนี้สูงจนของเสียหาย และกระทบการใช้ชีวิตมากครับ ความสูงระดับหัวเข่า น้ำท่วมมาแล้วน้อยกว่า 1 วัน,https://storage.googleapis.com/traffy_public_bucket/attachment/2026-09/6d9434fc8ac7902fcf97f0cd6ed6c796.jpeg
2026-73V2ED,inprogress,2026-09-25 23:56,2026-09-26 00:06,100.61652,13.73078,สวนหลวง,สวนหลวง,น้ำท่วมสูงเข้ามายังหมู่บ้านสวนแหลมทอง2 (ซอยพัฒนาการ28) ความสูงระดับหัวเข่า น้ำท่วมมาแล้วน้อยกว่า 1 วัน,https://storage.googleapis.com/traffy_public_bucket/attachment/2026-09/561a6072c5af2b5d95ec534885fa0814.jpeg
2026-6LCVE6,forward,2026-09-25 23:58,2026-09-26 18:56,100.63881,13.76334,บางกะปิ,หัวหมาก,น้ำท่วมหน้า ปากซอบรามคำแหง 83/3ถึงลำสาลี น้ำท่วมถึงเข่า ด่วนมาก ความสูงระดับหัวเข่า น้ำท่วมมาแล้วน้อยกว่า 3 ชั่วโมง,https://storage.googleapis.com/traffy_public_bucket/attachment/2026-09/87cf8eee6c2256252fc9736dc64c43f0.jpeg
2026-YFL9HW,finish,2026-09-25 23:58,2026-10-05 14:11,100.62332,13.68994,พระโขนง,บางจาก,แจ้งปัญหาน้ำท่วมขัง ขณะนี้ภายในซอยปุณณวิถี 40 น้ำท่วมขัง มีปริมาณน้ำฝนสะสมสูงขึ้นอย่างรวดเร็ว เริ่มสูงเข้ารั้วบ้าน ปกติพื้นซอย ต่ำกว่าตัวบ้าน เนื่องจากน้ำเอ่อล้นจากคลอง ภายในซอยร่วมด้วย จนทำให้ระบายไม่ทัน ฝากเรื่องช่วยดูให้ด้วยนะคะ ความสูงระดับความสูงขณะน,https://storage.googleapis.com/traffy_public_bucket/attachment/2026-09/thumb_82764f931e9bb12e3f672f16f08da8d7.jpg
2026-9UBYFU,inprogress,2026-09-25 23:59,2026-09-26 05:24,100.6071,13.8957,บางเขน,อนุสาวรีย์,ซ.พหลโยธิน 69/8 น้ำท่วมเกือบเขเาถึงภายในบ้าน ความสูงระดับอันนี้ภาพตอนกลางวัน กลางคืนเอ่อมากกว่านี้ครับ น้ำท่วมมาแล้วตอนนี้บางบ้านท่วมไปแล้วครับ,https://storage.googleapis.com/traffy_public_bucket/attachment/2026-09/c18a07ee084ca7614bd8631f36670ef1.jpeg
2026-9UBYFU,finish,2026-09-25 23:59,2026-10-09 23:17,100.6071,13.8957,บางเขน,อนุสาวรีย์,ซ.พหลโยธิน 69/8 น้ำท่วมเกือบเขเาถึงภายในบ้าน ความสูงระดับอันนี้ภาพตอนกลางวัน กลางคืนเอ่อมากกว่านี้ครับ น้ำท่วมมาแล้วตอนนี้บางบ้านท่วมไปแล้วครับ,https://storage.googleapis.com/traffy_public_bucket/attachment/2026-09/c18a07ee084ca7614bd8631f36670ef1.jpeg
2026-NCH8TM,forward,2026-09-25 23:59,2026-09-26 11:41,100.65647,13.78648,บึงกุ่ม,คลองกุ่ม,ฝนตกหนักขึ้นเรื่อยๆ น้ำท่วมสูงมาก ความสูงระดับข้อเท้า น้ำท่วมมาแล้วแต่ถ้าฝนตกหนักกว่านี้ทั้งคืนน่าจะสูงกว่านั้นค่ะ,https://storage.googleapis.com/traffy_public_bucket/attachment/2026-09/04afcf9731ddca7392a0bd8becf061d5.jpeg
