ticket,state,reported,last_activity,lon,lat,district,subdistrict,description,photo_url
2026-G8ZHB8,inprogress,2026-10-03 00:14,2026-10-05 15:28,100.7164,13.78599,มีนบุรี,มีนบุรี,มีน้ำท่วมขัง สูง 20-30ซม ระดับหัวเข่า บริเวณ ท้ายซอย 12 ของหมู่บ้านเพอร์เฟค เพลส เฟส1 รามคำแหง164 รถเล็ก ไม่สารถผ่านได้ สีน้ำ ก็ไม่พึงประสงค์ล่ะ อยากให้หน่วยงานกทม มาดูดน้ำออก เพื่อให้รถได้ผ่านสัญจร ไปมาได้สะดวก ความสูงระดับหัวเข่า น้ำท่วมมาแล้วตั้งแต่คืน,https://storage.googleapis.com/traffy_public_bucket/attachment/2026-10/5eae687d443262e006c322b28ecc08ba.jpeg
2026-GHJCLX,start,2026-10-03 00:52,2026-10-03 00:52,100.76069,13.74247,ลาดกระบัง,คลองสามประเวศ,ต้องการให้สูบน้ำออกจากพื้นที่ในซอย *** ซอยไอซีดี ถนนไอซีดี1 เขตลาดกระบัง แขวงคลองสามประเวศ : น้ำท่วมขังในซอย น้ำเหม็นและบางครั้งมีคราบน้ำมันเครื่องลอย ทำให้พื้นทางเดินลื่น อันตราย ความสูงระดับหน้าแข้ง น้ำท่วมมาแล้วมากกว่า 1 สัปดาห์,https://storage.googleapis.com/traffy_public_bucket/attachment/2026-10/c2682c2eeabee0ce86ba9678cba05f66.jpeg
2026-M69C6N,start,2026-10-03 01:39,2026-10-03 01:39,100.76599,13.75384,ลาดกระบัง,คลองสามประเวศ,ถ.เจ้าคุณทหาร เขตลาดกระบัง น้ำท่วมสูงมาหลายวันมากๆแล้วค่ะ ยิ่งช่วงคอสะพานยิ่งท่วมลึก รถเล็กไปไม่ได้เลย ความสูงระดับหัวเข่า น้ำท่วมมาแล้วมากกว่า 1 สัปดาห์,https://storage.googleapis.com/traffy_public_bucket/attachment/2026-10/39b98aa2bf1290af53305d568b78b7c0.jpeg
2026-MW7K8E,start,2026-10-03 01:51,2026-10-03 01:51,100.77613,13.75313,ลาดกระบัง,ลำปลาทิว,ปากซอยถนนคุ้มเกล้า ฝั่ง ถ.เจ้าคุณทหาร น้ำท่วมขังสูงมาหลายวันแล้ว รถเล็กผ่านไม่ได้ ความสูงระดับหัวเข่า น้ำท่วมมาแล้วมากกว่า 1 สัปดาห์,https://storage.googleapis.com/traffy_public_bucket/attachment/2026-10/7ea662fa4203805fff93ea653fc51cb0.jpeg
2026-GNKHFB,start,2026-10-03 01:59,2026-10-03 01:59,100.76851,13.77544,ลาดกระบัง,คลองสามประเวศ,รถในซอย คุ้มเกล้า 16 (ร่มเกล้า 17) มีรถจอดรถข้างทาง เพราะหนีน้ำท่วมกันน่าเกลียดมาก ทำให้รถติดมากๆๆๆ ช่วงเช้า และช่วงคนเลิกงาน จอดกินเลนส์เข้ามา จอดกันช่วงตีนสะพาน สุดท้ายแล้ว รถที่สัญจร ไม่สามารถผ่านได้ ต้องสลับกันไป ทางก็แคบอยู่แล้ว ยังเอารถมาจอดกันอีก ,https://storage.googleapis.com/traffy_public_bucket/attachment/2026-10/a4ca7c9f5e74f616de947d34521ef90e.jpeg
2026-9CEBRX,inprogress,2026-10-03 03:52,2026-10-05 08:44,100.62997,13.75407,บางกะปิ,หัวหมาก,ต้องการแก้ไข ตู้เย็นและเครื่องซักผ้าพร้อมกล้องวงจรปิดโดนน้ำท่วมเสียหายค่ะ ความสูงระดับหัวเข่า น้ำท่วมมาแล้ว7 วันค่ะ,https://storage.googleapis.com/traffy_public_bucket/attachment/2026-10/e0e8a4f7c4f3e8af6f167ce55ab8e4b8.jpeg
2026-CC6KP9,forward,2026-10-03 03:54,2026-10-05 12:58,100.69098,13.84535,คลองสามวา,บางชัน,หมู่บ้านเสนาวิลล่าซอยพระยาสุเรนทร์35 ระดับท้ายหมู่บ้านยังท่วมอยู่เกือบ40ซม.ช่วยมาสูบระบายน้ำให้ลดลงได้ไหม ท่วมมาอาทิตย์กว่าแล้ว ความสูงระดับหน้าแข้ง น้ำท่วมมาแล้วมากกว่า 1 สัปดาห์,https://storage.googleapis.com/traffy_public_bucket/attachment/2026-10/6b3ce9c0dd52fe5d497d9e81b472f4b2.jpeg
2026-EUPX4W,inprogress,2026-10-03 03:55,2026-10-05 08:49,100.62997,13.75407,บางกะปิ,หัวหมาก,เกิดปัญหาน้ำท่วมที่ผ่านมาทำให้ตู้เย็นเครื่องซักผ้าและกล้องวงจรปิดเสียหายโดยน้ำทำการท่วมถึงเข่าเป็นเวลาเจ็ดวัน ความสูงระดับหัวเข่า น้ำท่วมมาแล้วมากกว่า 1 สัปดาห์,https://storage.googleapis.com/traffy_public_bucket/attachment/2026-10/e8ac047be1d59454b3aac379be455df7.jpeg
2026-B4RH6D,inprogress,2026-10-03 04:51,2026-10-03 07:03,100.69422,13.77866,สะพานสูง,สะพานสูง,น้ำท่วมขังในซอยหมู่บ้าน ซอย 4/1 และซอย 6 เป็นระยะเวลา 9 วันแล้วและเริ่มส่งกลิ่นเหม็น อยากให้ช่วยแก้ไขหรือดูดนำ้ออก เพราะลำบากในการใช้ชีวิตประจำวันมาก ความสูงระดับ25-30 เซนติเมตร น้ำท่วมมาแล้ววันนี้เป็นวันที่ 9 ที่ท่วมขังอยู่,https://storage.googleapis.com/traffy_public_bucket/attachment/2026-10/e09954127faf507f588e6721deb34723.jpeg
2026-CE24EJ,inprogress,2026-10-03 05:24,2026-10-03 09:45,100.80725,13.79333,หนองจอก,ลำผักชี,น้ำท่วมของ บริเวณ รอบหมู่บ้าน เป็นเวลา 1 อาทิตย์ ส่งกลิ่น ไม่สามารถสัญจรไปไหนได้ ต้อง ย้ายรถไป จอดในที่ปลอดภัย ความสูงระดับหัวเข่า น้ำท่วมมาแล้วมากกว่า 1 สัปดาห์,https://storage.googleapis.com/traffy_public_bucket/attachment/2026-10/thumb_4a4bf63afa2898bbe2f05fee84a6e911.jpg
2026-C8YR9E,inprogress,2026-10-03 05:46,2026-10-05 08:50,100.65412,13.76093,บางกะปิ,หัวหมาก,ยังมีน้ำท่วมขัง ท้ายซอยรามคำแหง 62 ความสูงระดับต้น-กลางซอยแห้งหมด เหลือท้ายซอย ท่วมหนักประจำ น้ำท่วมมาแล้วมากกว่า 1 สัปดาห์,https://storage.googleapis.com/traffy_public_bucket/attachment/2026-10/c4e3f61fe09855fd3345e2190f837db4.jpeg
2026-Z6TAUX,inprogress,2026-10-03 06:04,2026-10-05 15:48,100.62957,13.74368,สวนหลวง,สวนหลวง,แจ้งเก็บขยะน้ำท่วม #ขอกระสอบทราย/อื่นๆ,https://storage.googleapis.com/traffy_public_bucket/attachment/2026-10/aff1beffbc804f2aec7d60e3fa345d3e.jpeg
2026-DKAEXE,inprogress,2026-10-03 06:11,2026-10-03 12:39,100.65767,13.78486,บึงกุ่ม,คลองกุ่ม,น้ำยังท่วมขัง นวมินทร์24แยก20 ความสูงระดับหัวเข่า น้ำท่วมมาแล้วมากกว่า 1 สัปดาห์,https://storage.googleapis.com/traffy_public_bucket/attachment/2026-10/6d0d03bb61d521bca58e82ea08e87e93.jpeg
2026-XRXHZW,inprogress,2026-10-03 06:22,2026-10-05 15:35,100.71946,13.79089,มีนบุรี,มีนบุรี,ติดน้ำท่วมขังอยู่ที่หมู่บ้านรถออกไม่ได้มา6วัน เอารถยนต์เล็กเข้ามาไม่ได้ตั้งแต่26-30 น้ำถึงจะเริ่มลด แล้วเน่าเหม็นลำบากมากออกไปซื้ออาหารไม่ได้ มีเด็กเล็ก - ซอย 174 ท่วมหนักมาก และน้ำลงช้ามาก เมื่อเทียบกับถนนใหญ่ และซอยข้างเคียงเช่น 176 - อยากให้ทางรัฐบาล,https://storage.googleapis.com/traffy_public_bucket/attachment/2026-10/c2a837c8e24581eeb2e61570f2b15d87.jpeg
2026-DVE4VE,inprogress,2026-10-03 06:24,2026-10-05 08:53,100.64938,13.77014,บางกะปิ,คลองจั่น,รถยนต์โตโยต้า วีออสจมน้ำได้รับความเสียหาย ความสูงระดับท่วมถึงหลังคารถ น้ำท่วมมาแล้วตั้งแต่ วันที่ 26 กันยายน ถึง 1 ตุลาคาม 2569,https://storage.googleapis.com/traffy_public_bucket/attachment/2026-10/defec4b9e6cc1d14842bc3beb813f6b7.jpeg
2026-J7LDZ7,inprogress,2026-10-03 06:26,2026-10-05 15:36,100.78957,13.8303,มีนบุรี,แสนแสบ,น้ำท่วมหมู่บ้านจะเข้าสู่วันที่8แล้วค่ะเข้าออกลำบากต้องใช้รถปิคอัพที่มีความสูงและตอนนี้น้ำเริ่มเน่าแล้วการใช้ชีวิตลำบากมากขอให้กทม.ช่วยด้วยเพราะน้ำไม่ไปไหนเลยมี่แต่เพิ่มทั้งที่ควรจะเริ่มลดลง ความสูงระดับถนนเมนหัวเข่าค่ะ น้ำท่วมมาแล้ว8วัน,https://storage.googleapis.com/traffy_public_bucket/attachment/2026-10/thumb_f1f0f6dbdd48fa975cd73454be7b3056.jpg
2026-VKFXBU,forward,2026-10-03 06:35,2026-10-04 23:06,100.38289,13.6835,หนองแขม,หนองแขม,รูท่อมีแต่ดินไปอุดรูท่อทำให้น้ำไม่ไหลผ่านรูท่อ ความสูงระดับไม่ได้ท่วม น้ำท่วมมาแล้วไม่ได้ท่วม,https://storage.googleapis.com/traffy_public_bucket/attachment/2026-10/c12ca32e3d2f18cdf721789012befd13.jpeg
2026-4Y9J2T,inprogress,2026-10-03 06:43,2026-10-03 06:52,100.68924,13.74138,สะพานสูง,สะพานสูง,น้ำท่วมสูงตั้งแต่วันที่25ก.ย. ความสูงระดับ30-40ซม. น้ำท่วมมาแล้วมากกว่า 1 สัปดาห์,https://storage.googleapis.com/traffy_public_bucket/attachment/2026-10/9f09caa3620682a64f36af399dc89953.jpeg
2026-XXGYAH,inprogress,2026-10-03 06:48,2026-10-03 06:51,100.69437,13.74552,สะพานสูง,สะพานสูง,น้ำท่วมขังและเน่ามานาน 8 วัน ความสูงระดับเอว น้ำท่วมมาแล้วมากกว่า 1 สัปดาห์,https://storage.googleapis.com/traffy_public_bucket/attachment/2026-10/066e572141e5034d15e327a11dbb9def.jpeg
2026-F2NNJL,finish,2026-10-03 06:57,2026-10-05 08:40,100.51534,13.7112,สาทร,ทุ่งวัดดอน,ช่วยเจาะฝาท่อให้น้ำระบายลงด้วยครับ เนื่องจาก ทุกครั้งที่ฝนตกจะมีน้ำขังฝาท่อ แล้วเป็นฝาท่อที่อยู่ต่ำกว่า รูระบายน้ำช่วยเจาะฝาท่อให้น้ำระบายลงท่อ เนื่องจากน้ำขังส่งกลิ่นเน่าเหม็น ความสูงระดับข้อเท้า น้ำท่วมมาแล้วมากกว่า 1 สัปดาห์,https://storage.googleapis.com/traffy_public_bucket/attachment/2026-10/882d3c25e7dd80e25ddb13230bde5a6b.jpeg
2026-DB8PF8,inprogress,2026-10-03 07:01,2026-10-03 17:12,100.67806,13.83124,คันนายาว,คันนายาว,น้ำยังท่วมสูง ระดับน้ำไม่ลดลงจากเมื่อวานเลย 1) เมื่อไหร่จะมีการระดมเครื่องสูบน้ำมาช่วยชุมชนแถวนี้บ้างครับ 2) น้ำเน่าสนิทแล้ว ช่วยจัดหา EM BALL และทรายอะเบทมาบรรเทาความเดือดร้อนให้หน่อยครับ ขอบพระคุณครับ ความสูงระดับหัวเข่า น้ำท่วมมาแล้วมากกว่า 8 วัน,https://storage.googleapis.com/traffy_public_bucket/attachment/2026-10/9c767de2f940a59ba535d75e1ebd08c6.jpeg
2026-MPGMZM,inprogress,2026-10-03 07:06,2026-10-05 15:27,100.78814,13.83207,มีนบุรี,แสนแสบ,ในซอยราษฎรอุทิศ 48 น้ำท่วมขังสูง 30-60 cm มาหลายวันแล้ว น้ำเริ่มส่งกลิ่น รถเล็กสัญจรไม่ได้ คนในซอยเริ่มติดเกาะ แถวมีนบุรีน้ำลดหมดแล้ว ช่วยดูด้วยนะคะ (ขอร้อง)(ขอร้อง) ความสูงระดับหัวเข่า น้ำท่วมมาแล้วมากกว่า 1 สัปดาห์,https://storage.googleapis.com/traffy_public_bucket/attachment/2026-10/9472ecf9d71429dc2fe2df8c96c1cbe9.jpeg
2026-NF8LJJ,inprogress,2026-10-03 07:11,2026-10-03 09:39,100.86514,13.7876,หนองจอก,ลำต้อยติ่ง,คลองลำมดตะนอย ท่วมเกิน7วันเดินทางออกลำบาก ถนนต่ำบางจุดรถผ่านไม่ได้ปรับถนนให้รถผ่านได้หน่อย ระบายน้ำคลอง ด้วยน้ำไม่ลดลงเลย ตั้งแต่ซอยร่วมพัฒนา6/1ยาวถึงมัสยิด ความสูงระดับหัวเข่า น้ำท่วมมาแล้วมากกว่า 1 สัปดาห์,https://storage.googleapis.com/traffy_public_bucket/attachment/2026-10/5477f92c37201b2996c7e1c6eb033984.jpeg
2026-N9D4B4,inprogress,2026-10-03 07:17,2026-10-03 12:17,100.67122,13.79103,บึงกุ่ม,คลองกุ่ม,น้ำท่วมเครื่องใช้ไฟฟ้าเสียหาย ต้องการประเมินความเสียหายและคำแนะนำในการใช้งานต่อไป มีตู้เย็น เครื่องซักผ้า แอร์ ปั๊มน้ำ ความสูงระดับในบ้านสูงประมาณ 50 ซม ตอนนี้ลดแล้วครับ น้ำท่วมมาแล้วท่วมอยู่ 5-6วันครับ,https://storage.googleapis.com/traffy_public_bucket/attachment/2026-10/99e9d06895b746cdbbf692e6d24f66b9.jpeg
2026-8FKCNN,inprogress,2026-10-03 07:19,2026-10-03 09:39,100.87894,13.85696,หนองจอก,หนองจอก,น้ำท่วมมาเกิน7วัน ระเอว ซอย บึงฝรึ่ง กทม. ความสูงระดับเอว น้ำท่วมมาแล้วมากกว่า 1 สัปดาห์,https://storage.googleapis.com/traffy_public_bucket/attachment/2026-10/4e3e1b237bc6874dafe333bbda34caaf.jpeg
2026-N6VTJW,forward,2026-10-03 07:19,2026-10-05 15:34,100.70342,13.82711,คลองสามวา,บางชัน,ช่วยพร่องน้ำท้ายซอยพระยาสุเรนทร์22หน่อยค่ะ ตั้งแต่วันที่25 จนเช้านี้วันที่ 3 ตุลา รถเล็กยังผ่านไม่ได้เลย ความสูงระดับหัวเข่า น้ำท่วมมาแล้วมากกว่า 1 สัปดาห์,https://storage.googleapis.com/traffy_public_bucket/attachment/2026-10/4d0c03cc56df18415c6ddb2680416294.jpeg
2026-EEPNHV,inprogress,2026-10-03 07:22,2026-10-03 09:46,100.6323,13.92437,สายไหม,สายไหม,มีน้ำท่วมขังในหมู่บ้านนภาวัลย์ ความสูงระดับหัวเข่า น้ำท่วมมาแล้วมากกว่า 1 สัปดาห์,https://storage.googleapis.com/traffy_public_bucket/attachment/2026-10/30676753859dadc6eefa1dac61a774c5.jpeg
2026-NUP96R,start,2026-10-03 07:26,2026-10-03 07:26,100.71745,13.76741,ลาดกระบัง,คลองสองต้นนุ่น,252/26 ม.พูนสินธานี 2 ซอยเคหะร่มเกล้า 39 แขวง คลองสองต้นนุ่น เขตลาดกระบัง กรุงเทพฯ 10520 น้ำท่วมขังภายในบ้านและรอบบ้าน ตั้งแต่วันที่25กันยายน 2569 ถึงวันนี้ 3 ตุลาคม 2569 น้ำก็ยังขังบริเวณหน้าบ้านไม่ให้ภายในบ้านจะลดแล้วแต่รถเมื่อวานนี้ในวันที่ 2 ตุลาคม 25,https://storage.googleapis.com/traffy_public_bucket/attachment/2026-10/05bfa196533e3ae2dc0fcce48158dacf.jpeg
2026-W6726U,start,2026-10-03 07:26,2026-10-03 07:26,100.72839,13.76335,ลาดกระบัง,คลองสองต้นนุ่น,รถจมน้ำ ความสูงระดับสูงกว่าเอว น้ำท่วมมาแล้วมากกว่า 1 สัปดาห์,https://storage.googleapis.com/traffy_public_bucket/attachment/2026-10/e6085d8ca642eec138c451c7510cb7e3.jpeg
2026-PFHNRH,inprogress,2026-10-03 07:29,2026-10-03 08:46,100.71528,13.7724,สะพานสูง,สะพานสูง,น้ำไม่ลดลงเลยอยู่นิ่ง ความสูงระดับประมาณ 30 cm น้ำอยู่นิ่งไม่เคลื่อนไหว น้ำท่วมมาแล้วน้อยกว่า 1 สัปดาห์,https://storage.googleapis.com/traffy_public_bucket/attachment/2026-10/53d56b28f74e906648433a76ee5d8287.jpeg
2026-PXB6GC,inprogress,2026-10-03 07:30,2026-10-05 08:55,100.63323,13.76214,บางกะปิ,หัวหมาก,ท้ายซอย รามคำแหง79/2 ติดกับคลองและระดับต่ำกว่าคัน จะขอกระสอบทรายมากั้นน้ำคลอง เพราะ ตอนน้ำท่วม ปากซอยน้ำลงท่อ ท้ายซอยน้ำคลองมาเติม เลยทำให้น้ำท่วมขัง #ขอกระสอบทราย/อื่นๆ,https://storage.googleapis.com/traffy_public_bucket/attachment/2026-10/fb48444e81597ebcf3fb794b3263d5d4.jpeg
2026-HHPGZP,inprogress,2026-10-03 07:31,2026-10-05 15:27,100.78907,13.82784,มีนบุรี,แสนแสบ,สวัสดีค่ะ ดิฉันอยู่หมู่บ้านมีนบุรีการ์เด้นโฮม ถนนราษฎร์อุทิศ 48 เขตมีนบุรี ตอนนี้น้ำท่วมมา 9 วันแล้วคะ รบกวนช่วยด้วยนะค่ะ น้ำไม่ลดเลย มีแต่เพิ่ม ความสูงระดับ45-60 ซม. น้ำท่วมมาแล้ว9 วันค่ะ,https://storage.googleapis.com/traffy_public_bucket/attachment/2026-10/7be1dc0415601982eb5b57da8cff99e3.jpeg
2026-KVX8V4,forward,2026-10-03 07:37,2026-10-03 09:56,100.57912,13.84112,จตุจักร,เสนานิคม,รถเก๋งโดนน้ำท่วม ไฟไม่เข้า แบตฯเพิ่งเปลี่ยนใหม่ครับ เข้าท่วมถึงพิ้นในรถครับ น้ำท่วมมาแล้วน้อยกว่า 1 สัปดาห์,https://storage.googleapis.com/traffy_public_bucket/attachment/2026-10/37a563591fa1e93401395d02de87775a.jpeg
2026-LDRLGL,finish,2026-10-03 07:38,2026-10-03 11:21,100.45147,13.74496,ตลิ่งชัน,บางพรม,ยังคง มีรถ ลค.ที่มาใช้บริการ เข้าออก ตลอด ไม่ เหมือน ปิดชั่วคราว ตาม คำสั่ง เลยค่ะ รบกวนมาตรวจสอบให้ด้วยนะค่ะ ว่าแแอบเปิดกิจการ โดยไม่ได้รับ อนุญาติรึป่าว ***และอีกอย่าง รีสอร์ทถมดินสูง 2 ฝั่ง ทำให้น้ำตรงกลาง ไม่มีทางระบายออก ท่วมขังแบบนี้ทุกคร,https://storage.googleapis.com/traffy_public_bucket/attachment/2026-10/96b5774e66786e60c383e7cfaedd24b8.jpeg
2026-AFAYWF,forward,2026-10-03 07:42,2026-10-03 10:25,100.70103,13.71542,ประเวศ,ประเวศ,บ้านไม่มีท่อระบายน้ำน้ำล้นบนถนนไม่สามารถเดินได้เสี่ยงรถจะชน มีปัญหามาร่วมกว่า20ปี มีการเบิกงบมาทำท่อระบายน้ำแล้วแต่ทำไม่ถึงขาดไป3บ้าน(ไม่รู้ว่าทำไมเว้นไว้3บ้าน) แต่ลูกบ้านทะเลาะกันประธานชุมชนคนเก่าไม่ดำเนินเรื่องจนเปลี่ยนคนใหม่ให้ลูกบ้านเดินเรื่องเอง ความ,https://storage.googleapis.com/traffy_public_bucket/attachment/2026-10/84a4a383138613dc0a3219d1bab5a215.jpeg
2026-RD839J,inprogress,2026-10-03 07:42,2026-10-03 12:41,100.65802,13.78341,บึงกุ่ม,คลองกุ่ม,แจ้งเรื่องอยากให้มาสูบน้ำออกจากซอยค่ะ นวมินทร์24ต้นซอยอห้งแต่เข้าไปอุเทน18 ออกจากบ้านไม่ได้ค่ะยังท่วมสูง ความสูงระดับหน้าแข้ง น้ำท่วมมาแล้วมากกว่า 1 สัปดาห์,https://storage.googleapis.com/traffy_public_bucket/attachment/2026-10/07baa576b18e6798795ff88edb3bbc65.jpeg
2026-D9VEBL,start,2026-10-03 07:44,2026-10-03 07:44,100.80239,13.77874,ลาดกระบัง,ลำปลาทิว,น้ำท่วมขังสูง ไม่มีการระบายน้ำ ส่งกลิ่นเน่าเสียค่ะ ความสูงระดับหน้าแข้ง น้ำท่วมมาแล้วมากกว่า 1 สัปดาห์,https://storage.googleapis.com/traffy_public_bucket/attachment/2026-10/fc93eb657ae5b1a633405a3be7ab3d21.jpeg
2026-6ZDH38,forward,2026-10-03 07:46,2026-10-05 14:36,100.51852,13.68572,บางคอแหลม,บางโคล่,ขอให้มีการติดตั้งป้ายบอกวัดระดับความสูงของน้ำ บริเวณสวนสาธารณะเฉลิมพระเกียรติ 6 รอบ ถนนพระราม 3 เนื่องจากสวนดังกล่าวติดกับแม่น้ำเจ้าพระยา เพื่อเฝ้าระวังน้ำท่วม ความสูงระดับยังไม่ท่วม แต่อยากให้มีการติดป้ายบอกความสูงของน้ำเท่าใด เพื่อความอุ่นใจของคนแถวนั้น,https://storage.googleapis.com/traffy_public_bucket/attachment/2026-10/d9f4c156222c1fb505e43dc657dd1d65.jpeg
2026-VWZ9BX,finish,2026-10-03 07:49,2026-10-05 09:36,100.62968,13.7581,บางกะปิ,หัวหมาก,ต้องการกระสอบทรายกันน้ำ #ขอกระสอบทราย/อื่นๆ,https://storage.googleapis.com/traffy_public_bucket/attachment/2026-10/1c334714cecd874129269a5d0ed6cd8e.jpeg
2026-ZDP6DF,start,2026-10-03 07:59,2026-10-03 07:59,100.72559,13.75984,ลาดกระบัง,คลองสองต้นนุ่น,รถโดนนำท่วมครับ ความสูงระดับตอนแรกท่วมมิดคันแต่ตอนนี้ลดลงเหลือแค่นี้ครับ น้ำท่วมมาแล้วตั้งแต่วันที่26จนถึงตอนนี้ครับ,https://storage.googleapis.com/traffy_public_bucket/attachment/2026-10/3471633f48d5366a1ead8b55f841432b.jpeg
2026-86M7BM,start,2026-10-03 08:04,2026-10-03 08:04,100.75028,13.81545,มีนบุรี,แสนแสบ,น้ำท่วมขังมาจะอาทิตย์แล้ว ผมได้แจ้งไปตั้งแต่วันพุธ วันนี้วันเสาร์ ไม่มีการดำเนินการใดๆเลย เส้นสุวินทวงศ์ช่วงปากทางถนนราษฎร์อุทิศ ไป ทางการไฟฟ้ามีนบุรี ทั้งขาเข้าขาออก ช่วยมาดำเนินการด้วยครับ เส้นนี้เป็นถนนใหญ่ไปหนองจอก ฉะเชิงเทรา ขอความกรุณาด้วย ก่อนหน้าม,https://storage.googleapis.com/traffy_public_bucket/attachment/2026-10/32f747f9615640a1e1006215502cef3b.jpeg
2026-CU8WNU,finish,2026-10-03 08:07,2026-10-03 11:41,100.37937,13.63401,บางบอน,บางบอนใต้,แจ้งปัญหาเดิมที่เคยรายงานไปแล้ว ซึ่งมีการสูบน้ำจากภายนอกลงบนถนนสาธารณะ ทำให้เกิดความเดือดร้อนต่อผู้สัญจร โดยเฉพาะบริเวณทางโค้งซึ่งมีความเสี่ยงสูงที่จะเกิดอุบัติเหตุ จึงขอให้หน่วยงานเร่งตรวจสอบและแก้ไขปัญหาดังกล่าวโดยด่วน ความสูงระดับข้อเท้า น้ำท่วมมาแล้วน,https://storage.googleapis.com/traffy_public_bucket/attachment/2026-10/3f65a301852eda7ff658982812129087.jpeg
2026-H3YKGJ,start,2026-10-03 08:07,2026-10-03 08:07,100.80933,13.76171,ลาดกระบัง,ลำปลาทิว,น้ำท่วมสูง ไม่ลดลงเลย เกิน 1 อาทิตย์ ไม่มีหน่วยงานช่วยเหลือ ความสูงระดับเอว น้ำท่วมมาแล้วมากกว่า 1 สัปดาห์,https://storage.googleapis.com/traffy_public_bucket/attachment/2026-10/d0bdf36046fdb02ab9309cf555c552ce.jpeg
2026-9GDRFG,inprogress,2026-10-03 08:09,2026-10-05 15:27,100.75119,13.81564,มีนบุรี,แสนแสบ,น้ำท่วมขังบริเวณปากทางถนนราษฎร์อุทิศมาหลายวัน รถสัญจรลำบาก ความสูงระดับหน้าแข้ง น้ำท่วมมาแล้วมากกว่า 1 สัปดาห์,https://storage.googleapis.com/traffy_public_bucket/attachment/2026-10/a780d1cefd78dabab9c2befc28454ec7.jpeg
2026-46G62B,inprogress,2026-10-03 08:10,2026-10-05 15:26,100.76277,13.80135,มีนบุรี,แสนแสบ,นำ้ท่วมขังตั้งแต่วันที่25.9.69 ปริมาณ 40-50ซม.ตรงหน้าบ้าน แต่ตรงหน้าป้อมยามหมู่บ้าน บึงขวาง1/1 น้ำท่วมสูงมาก ในซอย42/2จึงได้รับผลกระทบเนื่องจากน้ำเต็มท่อไม่ระบาย วันนี้ 3.10.69 ณ เวลาที่แจ้งน้ำยังไม่ลดซึ่งทำให้ความเป็นอยู่ลำบากโดนน้ำล้อมมาหลายวัน จะออกทาง,https://storage.googleapis.com/traffy_public_bucket/attachment/2026-10/thumb_5bba5a8c350fbb2138332dcd36f3034d.jpg
2026-Z6BBDC,inprogress,2026-10-03 08:10,2026-10-03 11:40,100.67257,13.72622,ประเวศ,ประเวศ,น้ำท่วมยังไม่ลด 7 วันแล้วค่ะ พัฒนาการ ซ 69 น้ำเริ่มดำแล้วเน่า กลิ่นเหม็นมากๆ ความสูงระดับเอว น้ำท่วมมาแล้วมากกว่า 1 สัปดาห์,https://storage.googleapis.com/traffy_public_bucket/attachment/2026-10/thumb_11e820d9f0c617c33267bba1cdcd4dbf.jpg
2026-39MC4Y,finish,2026-10-03 08:12,2026-10-03 09:30,100.4262,13.68292,บางบอน,คลองบางพราน,อยากขอกระสอบทรายไว้บ้างรับได้ยังไงค่ะ เพื่อป้องกันน้ำที่จะมาอีกรอบเพราะซอยบางบอน16พื้นรอบบ้านและในบ้าน ต่ำกว่าระดับถนน ฝนตกทีไรท่วมขังตลอด อยากให้เขตหรือกทม. มาสำรวจช่วยเทปรับพื้นถนนในซอยให้สูงขึ้นค่ะ อดทนกันมาเป็น10ปี #ขอกระสอบทราย/อื่นๆ,https://storage.googleapis.com/traffy_public_bucket/attachment/2026-10/c62a02358e1de9bd93eae68c0a429ff2.jpeg
2026-VYGKYP,inprogress,2026-10-03 08:13,2026-10-03 09:39,100.83473,13.7793,หนองจอก,ลำผักชี,วัฒนา2เขตหองจอกแขวงลำผักชีมีน้ำท่วยังไม่ลดอยากไห้ช่วยมาสูบน้ำหน่อยครับ น้ำเน่าเหม็นมากครับ ความสูงระดับหน้าแข้ง น้ำท่วมมาแล้วมากกว่า 1 สัปดาห์,https://storage.googleapis.com/traffy_public_bucket/attachment/2026-10/4bedc6cbf27e70da530e3e7a79f41733.jpeg
2026-YDB8KV,inprogress,2026-10-03 08:19,2026-10-05 15:25,100.71626,13.78604,มีนบุรี,มีนบุรี,น้ำท่วมขังมาตั้งแต่วันศุกร์ ที่25/9/69 ความสูงระดับหน้าแข้ง น้ำท่วมมาแล้วมากกว่า 1 สัปดาห์,https://storage.googleapis.com/traffy_public_bucket/attachment/2026-10/4919dc1f6cd7da273b4677bd2cf70949.jpeg
2026-U9X6G3,start,2026-10-03 08:20,2026-10-03 08:20,100.73011,13.75878,ลาดกระบัง,คลองสองต้นนุ่น,น้ำท่วมรถในเคหะร่มเกล้าค่ะ เป็นเครื่องมือทำมาหากิน ไม่มีขับไปทำงาน อยากให้traffyfoundueซ้อมให้ รถไม่มีประกันชั้น1 ความสูงระดับระดับสูงสุด น้ำท่วมมาแล้วมากกว่า 1 สัปดาห์,https://storage.googleapis.com/traffy_public_bucket/attachment/2026-10/91f30a84b4a4b436e49a05c35a3bbac6.jpeg
2026-APD38R,inprogress,2026-10-03 08:23,2026-10-05 15:24,100.79096,13.82737,มีนบุรี,แสนแสบ,ตอนนี้ ลำบากมากค่ะ ติดอยุ่ ใน มบ. มีนบุรีการ์เด้นโฮม มา 8 วัน แล้ว มีสัตว์เลี้ยง น้องแมว 3 ตัว มบ ส่วนมาก เป็นบ้านชั่นเดียว น้ำสูงขึ้นเรื่อย ๆ ตอนนร้ระดับน้ำสูง 30-60 cm และเริ่มเน่า มีกลิ่น มีรถ เก๋ง ที่ไม่สามารถ นำออกจาก มบ. ได้เลย ขอวอนหน่อยงาน ที่ช่ว,https://storage.googleapis.com/traffy_public_bucket/attachment/2026-10/791a6c7e0993a7c6f3b381090b3ffff9.jpeg
2026-K4JWRP,inprogress,2026-10-03 08:24,2026-10-03 10:23,100.67192,13.73051,ประเวศ,ประเวศ,พัฒนาการ 65 บ้านเลขที่ 161 หมู่บ้านเมืองทองการ์เด้น โซน 2 ด้านในสุดซอย ยังมีน้ำท่วมขังอยู่ น้ำเน่าแล้ว และไม่สามารถเดินทางเข้าออกไปทำงานได้เกิน 7-8 วันมาแล้ว ต้องการเจ้าหน้าที่เน่งสูบน้ำออก เข้าช่วยเหลือด้วยโดยด่วนค่ะ ความสูงระดับหน้าแข้ง น้ำท่วมมาแล้วตั้,https://storage.googleapis.com/traffy_public_bucket/attachment/2026-10/084888a20c0096089b885389a7a84f5d.jpeg
2026-2ZCZEK,start,2026-10-03 08:30,2026-10-03 08:30,100.78903,13.74413,ลาดกระบัง,ลำปลาทิว,ซอยฉลองกรุง 7 หมู่บ้านรุ่งอรุณ2 แขวงลำปลาทิว เขตลาดกระบัง กรุงเทพมหานคร 10520 น้ำยังท่วมขังอยู่ เกิน 7 วันแล้ว ออกไปไหนไม่ได้ น้ำสีน้ำตาล เน่าเสียแล้ว กลิ่นแรง ไม่มีท่าทีว่าจะลดเลย เครื่องสูบน้ำสูบออกทั้งวันไม่ลดเลย 50-80 cm น้ำท่วมมาแล้วมากกว่า 1 สัปดาห์,https://storage.googleapis.com/traffy_public_bucket/attachment/2026-10/1829c44fda1cc9d560085da5cf41f6f0.jpeg
2026-PUNZ7C,inprogress,2026-10-03 08:31,2026-10-03 20:46,100.71252,13.78418,สะพานสูง,สะพานสูง,ในหมู่บ้านเคหะธานี4 น้ำยังท่วมสูง บ้าน 1 ชั้นไม่สามารถอาศัยอยู่ได้ ต้องอพยพไปอยู่ที่อื่น เมื่อวานจ้างรถสไลด์ไปยกรถในบ้าน สรุปยังไม่สามารถเข้าไปเอารถในบ้านได้เพราะรถมีปัญหา แต่ไม่สามารถลากเพื่อแก้ปัญหาได้เพราะน้ำในซอยหมู่บ้านยังถึงเข่า รบกวน กทม หน่วยงานรั,https://storage.googleapis.com/traffy_public_bucket/attachment/2026-10/1276769a0615bf3f43d8765bb4586445.jpeg
2026-2CDK6D,inprogress,2026-10-03 08:33,2026-10-03 10:23,100.67205,13.73304,ประเวศ,ประเวศ,หน้าปากซอย ต้นซอยแห้งแล้วจริงค่ะ แต่ด้านในไม่แห้งยังท่วมสูง น้ำเริ่มเน่าไม่มีเขตหน่วยงานไหนเข้าถึง ทำแต่หน้าๆกันค่ะ แล้วถ่ายรูปลง ด้านในขยะลอยมาเต็มหน้าบ้าน ออกก็ไม่ได้ น้ำก็ไม่มีใช้ค่ะ ความสูงระดับหัวเข่า น้ำท่วมมาแล้วมากกว่า 1 สัปดาห์,https://storage.googleapis.com/traffy_public_bucket/attachment/2026-10/d97ccdc8e4d60bfc8db281622eadfe3b.jpeg
2026-4UEW6W,inprogress,2026-10-03 08:33,2026-10-03 09:38,100.84843,13.81732,หนองจอก,โคกแฝด,ถนนในซอยถนนวิฑูรชาติที่อยู่ริมคลองลำต้นกล้วย ทางไปมูลนิธิดารุ้ลมั๊วะซีนีน และตรงไปวัดเจียระดับ สน. ลำผักชี ถนนในซอยและในบ้านมีน้ำท่วมขังสูง 45-50 เซนติเมตร เวลานี้น้ำเริ่มเน่าส่งกลิ่นเหม็น ปลิงควายและสัตว์มีพิษเริ่มออกมาเยอะจึงขอความอนุเคราะห์จากทางหน่วยง,https://storage.googleapis.com/traffy_public_bucket/attachment/2026-10/4f7d457014c76af742ad66d6adbe8a5d.jpeg
2026-H3YAJD,inprogress,2026-10-03 08:34,2026-10-03 09:38,100.81134,13.83959,หนองจอก,โคกแฝด,น้ำท่วม ซอย เลียบวารี 75 เป็นเวลา 7วันแล้วครับ น้ำไม่ลดเลย น้ำเริ่มเน่าส่งกลิ่น เหม็น น้ำลึกเกิน40cm ความสูงระดับหน้าแข้ง น้ำท่วมมาแล้วมากกว่า 1 สัปดาห์,https://storage.googleapis.com/traffy_public_bucket/attachment/2026-10/bd7fc9330b37ecaab3664f4dd5edffe4.jpeg
2026-UA7U32,inprogress,2026-10-03 08:36,2026-10-05 08:57,100.63919,13.77262,บางกะปิ,คลองจั่น,ซ่อมสร้างสู้น้ำท่วม ความสูงระดับท่วมตาตุ่มครับอันนี้อยู่ในบ้านนอกบ้านถึงหัวเข่า น้ำท่วมมาแล้วเจ็ดวันแล้วครับ,https://storage.googleapis.com/traffy_public_bucket/attachment/2026-10/a3693f47d838550942172b41a2c76764.jpeg
2026-DPBPXR,inprogress,2026-10-03 08:39,2026-10-03 08:47,100.69526,13.73718,สะพานสูง,สะพานสูง,น้ำขัง 7 วัน ยังไม่ลด ถ.กรุงเทพกรีฑา เข้ามาในถนน ม.บ้านใหม่ พระราม 9 -วงแหวน ถ.กรุงเทพกรีฑา 49 ความสูงระดับหน้าแข้ง น้ำท่วมมาแล้วมากกว่า 1 สัปดาห์,https://storage.googleapis.com/traffy_public_bucket/attachment/2026-10/a207d5191565261cc9e6c0a64b96268c.jpeg
2026-8WXH6G,start,2026-10-03 08:42,2026-10-03 08:42,100.72877,13.77148,ลาดกระบัง,คลองสองต้นนุ่น,มีน้ำท่วมขังในบ้าน ทำให้ทรัพย์สินเสียหาย ความสูงระดับเอว น้ำท่วมมาแล้วน้อยกว่า 1 สัปดาห์,https://storage.googleapis.com/traffy_public_bucket/attachment/2026-10/e1bf4ac52c12422f34c66f9387bd86b8.jpeg
2026-C267LF,inprogress,2026-10-03 08:42,2026-10-05 08:57,100.64764,13.76908,บางกะปิ,คลองจั่น,รถจมน้ำ ความสูงระดับสูงกว่าเอว น้ำท่วมมาแล้วน้อยกว่า 1 สัปดาห์,https://storage.googleapis.com/traffy_public_bucket/attachment/2026-10/b2d54c2919dd02d2dc3d394d0a4bf500.jpeg
2026-JTAR69,inprogress,2026-10-03 08:43,2026-10-04 19:47,100.65411,13.75506,บางกะปิ,หัวหมาก,เราลงทะเบียนช่วยเหลือผู้ประสบอุทกภัย 2569 แต่แจ้งวันผิดค่ะ ต้องการแก้ไขเป็นวันที่ 25 กันยายน - 1 ตุลาคม 2569 ค่ะ (เขียนผิดเป็น 1 พฤศจิกาค่ะ) ความสูงระดับหัวเข่า ตอนนี้น้ำลดแล้วค่ะ ต้องการแก้ไขวันที่ได้รับผลกระทบในแอพทางรัฐค่ะ,https://storage.googleapis.com/traffy_public_bucket/attachment/2026-10/7d1adbfa47fc48ed048c7c8198419ab3.jpeg
2026-E89CBT,inprogress,2026-10-03 08:46,2026-10-05 08:59,100.64861,13.76748,บางกะปิ,คลองจั่น,สวัสดีค่ะ สำหรับคนที่เช่าหอพักต้องไปทำเรื่องที่เขตอย่างเดียวใช่ไหมคะ ของเราลองทำออนไลน์แล้วค่ะ ติดที่ช่องแนบสำเนาทะเบียนบ้าน กับสำเนาโฉนดที่ดินค่ะ เราพักที่กรองทองแมนชั่นบางกะปิ ได้รับผลกระทบน้ำท่วมวันที่ 25/9-2/10-2569 น้ำท่วมสูงหน้าตึกประมาณเอว หน้า,https://storage.googleapis.com/traffy_public_bucket/attachment/2026-10/e840d1f637420aea19a0bb92c95eae02.jpeg
2026-MN63XJ,inprogress,2026-10-03 08:48,2026-10-05 15:22,100.78946,13.82095,มีนบุรี,แสนแสบ,น้ำท่วมขังถนน ทางลัดไปคู่ขวา เกิน 7 วัน สูง 10-30 เซนติเมตร รถเล็กไม่ควรผ่าน อยากให้มีแจ้งเตือนผู้ขับรถให้ทราบ ความสูงระดับหน้าแข้ง น้ำท่วมมาแล้วมากกว่า 1 สัปดาห์,https://storage.googleapis.com/traffy_public_bucket/attachment/2026-10/42ce6c5febb98f5631a9d1aea5b7eea6.jpeg
2026-REZ6LK,inprogress,2026-10-03 08:49,2026-10-03 09:38,100.8062,13.79603,หนองจอก,ลำผักชี,ในหมู่บ้านฟลอร่าวิลล์ พารค์ ซิตี้ สุวินทวงศ์ 38 ถนนสุวินทวงศ์ แขวงลำผักชี เขตหนองจอก กทม 10530 น้ำท่วมขังพื้นที่ในหมู่ บ้านทั้งหมด ตั้งแต่วันที่ 25 กันยายน ที่ผ่านมา จนถึงวันนี้ 3 ตุลาคม ยังไม่ได้รับการช่วยเหลือ ถนนในหมู่บ้านน้ำท่วมปิดผิวการจราจรทั้งหมด,https://storage.googleapis.com/traffy_public_bucket/attachment/2026-10/74af3b42a7f3b2a5f3a5652cf1498275.jpeg
2026-H8HGFM,inprogress,2026-10-03 08:51,2026-10-03 09:45,100.66692,13.90553,สายไหม,ออเงิน,หลังจากน้ำเริ่มลดก็เริ่มมีปัญหาน้ำเน่าในบ่อเลี้ยงปลาเลยอยากได้อีเอ็มบอล #ขอกระสอบทราย/อื่นๆ,https://storage.googleapis.com/traffy_public_bucket/attachment/2026-10/7dc1e6ec71d41462235c8e13a494f35f.jpeg
2026-4MBGU6,forward,2026-10-03 08:53,2026-10-03 09:45,100.64949,13.93023,สายไหม,สายไหม,น้ำท่วมขังในซอยสายไหม 27 โดยเฉพาะท้ายซอย ประมาณ 15-25 ซม อยากให้มาสูบออกไปคลองสามวาสายล่างค่ะ จุดที่ลึกที่สึดประมาณ 20-25ซม ค่ะ ตั้งแต่วันที่ 25 กย ค่ะ,https://storage.googleapis.com/traffy_public_bucket/attachment/2026-10/17373d28cdb638ea59a4e8310eeb3a97.jpeg
2026-9K2A3G,finish,2026-10-03 08:53,2026-10-03 11:59,100.63256,13.7442,สวนหลวง,สวนหลวง,ที่บ้านน้ำท่วมเข้าบ้านตั้งแต่คืนวันที่25 ตอนนี้น้ำลดเริ่มเข้ามาทำความสะอาดบ้านแล้ว อยากได้กระสอบทรายมากันเพิ่ม ป้องกันฝนที่จะตกหนักตามที่กรมอุตุแจ้ง #ขอกระสอบทราย/อื่นๆ,https://storage.googleapis.com/traffy_public_bucket/attachment/2026-10/d846d6f7c25805d52bfad1ac7579a957.jpeg
2026-JKRUZK,forward,2026-10-03 08:54,2026-10-05 12:58,100.68972,13.84561,คลองสามวา,บางชัน,ขอแจ้งเหตุขอความช่วยเหลือกรณีน้ำท่วมขัง บริเวณเพชรไพลินคอนโดทาวน์ ซอยพระยาสุเรนทร์ 35 เขตคลองสามวา กรุงเทพมหานคร ขณะนี้มีน้ำท่วมขังเป็นเวลานานและไม่สามารถระบายออกได้ ระดับน้ำยังคงขังอยู่จนเริ่มมีกลิ่นและน้ำเน่าเสีย มีขยะลอยอยู่ในน้ำ เกรงว่าจะส่งผลกระทบต่,https://storage.googleapis.com/traffy_public_bucket/attachment/2026-10/051cc9306f3a23b671d0d8c81821a410.jpeg
2026-9MEZNN,inprogress,2026-10-03 08:55,2026-10-03 09:37,100.87751,13.8271,หนองจอก,กระทุ่มราย,น้ำในคลองจะลดลงได้เร็วกว่านี้เมื่อไหร่คะในเมืองแห้งหมดแล้ว ข้าวในนาจะเสียหายหมดแล้วฝากร้องเรียนหน่วยงานที่เกี่ยวข้องด้วยค่ะ ช่วยเร่งระบายน้ำให้ชาวบ้านชายคลองทีค่ะ ความสูงระดับตรงถนนแค่ข้อเท้า แต่ในนาที่ติดริมคลองท่วมท้องข้าวเกรงว่าจะเสียหายค่ะ น้ำท่วมมาแล,https://storage.googleapis.com/traffy_public_bucket/attachment/2026-10/1b7fe541f74062636e46018768ae0488.jpeg
2026-AN63DR,inprogress,2026-10-03 08:56,2026-10-03 20:33,100.71624,13.78596,มีนบุรี,มีนบุรี,ที่ซอยรามคำแหง 164 หมู่บ้านเพอร์เฟคเพลส น้ำแห้งลงบางจุด แต่บริเวณท้ายซอย 12 ยังมีน้ำท่วมขัง น้ำเน่าดำ ส่งกลิ่นเหม็น อยากให้อยาก กทม. ช่วยส่งคนมาดูเรื่องนี้หน่อย เนื่องจากบ้านที่อยู่มีผู้สูงอายุ และผู้พิการติดเตียง ไม่มีรถสูงด้วย ความสูงระดับหัวเข่า น้ำท่ว,https://storage.googleapis.com/traffy_public_bucket/attachment/2026-10/af54bf3a6227a71932461cf209b06cf0.jpeg
2026-XZKLAF,inprogress,2026-10-03 08:57,2026-10-03 20:47,100.69571,13.73722,สะพานสูง,สะพานสูง,หมู่บ้านบ้านใหม่พระราม9-วงแหวน น้ำท่วมกว่า1อาทิตย์ยังไม่ลดเลยนะครับ ความสูงระดับเลยข้อเท้ามานะครับ เริ่มมีกลิ่นนะครับ น้ำท่วมมาแล้ว1อาทิตย์กว่านะครับ ลดลงเรื่อยๆ แต่นิ่งประมาณนี้2-3วันนะครับ,https://storage.googleapis.com/traffy_public_bucket/attachment/2026-10/93576b06111b4570db077de763e115dd.jpeg
2026-3LU3ZM,inprogress,2026-10-03 08:59,2026-10-03 10:55,100.60604,13.84164,ลาดพร้าว,จรเข้บัว,มีน้ำท่วมขังแค่ส่วนนี้ของบริเวณแถวนี้ซึ่งเป็นทางผ่านสำหรับผมที่ใช้เดินเท้ากลับบ้าน สามารถแก้อะไรได้บ้างไหมครับ ถ้าฝนตกส่วนมากตรงนี้น้ำจะขังตลอดเลย ความสูงระดับเป็นน้ำขัง ประมาณแข้งครับ ครึ่งรอมอไซ น้ำท่วมมาแล้วมากกว่า 1 สัปดาห์,https://storage.googleapis.com/traffy_public_bucket/attachment/2026-10/e2ce7c9dcbff0824d62551996eb216db.jpeg
2026-KV7DD3,inprogress,2026-10-03 09:00,2026-10-05 15:07,100.78732,13.82773,มีนบุรี,แสนแสบ,ตอนนี้น้ำท่วมขังมามากกว่า8 วันแล้วค่ะ ที่หมู่บ้านมีนบุรีการ์เด้นโฮม ถ ราษฎร์อุทิศ ซ.48 เขตมีนบุรี แขวงแสนแสบ ระดับน้ำสูงขึ้นเรื่อยๆ เลยค่ะ แล้วก้ขังจนน้ำเน่า รบกวนกทม. ช่วยเขามาดูและแก้ไขให้หน่อยค่ะ ในหมู่บ้านมีผู้สูงอายุค่อนข้างเยอะ ละมีมากกว่า400 หลังคา,https://storage.googleapis.com/traffy_public_bucket/attachment/2026-10/88854c8a790f90886139f87126c85a1a.jpeg
2026-7G437L,finish,2026-10-03 09:01,2026-10-05 12:32,100.43065,13.62237,บางขุนเทียน,แสมดำ,น้ำท่วมขัง ไม่ลดเลย ความสูงระดับข้อเท้า น้ำท่วมมาแล้วมากกว่า 1 สัปดาห์,https://storage.googleapis.com/traffy_public_bucket/attachment/2026-10/e2bcb6b1e104a8dbdef0aea9514fbb21.jpeg
2026-J9VPKT,inprogress,2026-10-03 09:01,2026-10-03 09:44,100.67141,13.72887,ประเวศ,ประเวศ,พัฒนาการ65ท้ายซอยน้ำไม่ลดลงเลยนี่ผ่านมา9วันแล้ว น้ำท่วมถึงหัวเข่า รถเล็กไม่สามารถผ่านได้ น้ำเน่า เดินทางไม่ได้ ไม่มีหน่วยงานเข้ามาช่วยเหลือเลย ความสูงระดับหัวเข่าจนถึงเอวขึ้นไป รถเล็กมอไซไม่สามารถขับผ่านได้ น้ำท่วมมาแล้วมากกว่า 1 สัปดาห์,https://storage.googleapis.com/traffy_public_bucket/attachment/2026-10/c0eced7b779506f3856f97e3182e230c.jpeg
2026-BA3GWN,forward,2026-10-03 09:02,2026-10-05 12:57,100.68972,13.84565,คลองสามวา,บางชัน,ขอแจ้งเหตุขอความช่วยเหลือกรณีน้ำท่วมขัง บริเวณเพชรไพลินคอนโดทาวน์ ซอยพระยาสุเรนทร์ 35 เขตคลองสามวา กรุงเทพมหานคร ขณะนี้มีน้ำท่วมขังเป็นเวลานานและไม่สามารถระบายออกได้ ระดับน้ำยังคงขังอยู่จนเริ่มมีกลิ่นและน้ำเน่าเสีย มีขยะลอยอยู่ในน้ำ เกรงว่าจะส่งผลกระทบต่,https://storage.googleapis.com/traffy_public_bucket/attachment/2026-10/b56f387d7384a1e05e7069ef0e56ddf8.jpeg
2026-9JRYGH,inprogress,2026-10-03 09:05,2026-10-05 15:06,100.75206,13.81497,มีนบุรี,แสนแสบ,เครื่องสูบน้ำ กทม ตรงสามแยกคู้ขวาขาเข้าสุวินทวงศ์ หายไปตั้งแต่ ปี 2022 ในเดือนธันวาคม หายไปไหน สองเครื่อง ทำให้เกิดปัญหาน้ำท่วมขัง ความสูงระดับ80ซม.พวกคุณไม่สนใจพื้นเลยท่วมมาเจ็ดแปดวันเขตมีนบุรีไม่รายงานได้ยังไงปล่อยให้ถนนทางเข้าเมืองหลักวิ่งแทบไม่จะบอกว่,https://storage.googleapis.com/traffy_public_bucket/attachment/2026-10/e9522df5817b94bf3b8c4b7dc882685b.jpeg
2026-JMXK77,start,2026-10-03 09:06,2026-10-03 09:06,100.70988,13.7194,ลาดกระบัง,ลาดกระบัง,ลาดกระบังซอย 2 น้ำท่วมขังมา1อาทิตย์แล้วค่ะ ระดับน้ำประมาณครึ่งแข้งอยู่เลยค่ะ น้ำเริ่มเน่า ขยะไม่มาเก็บเลยค่ะ ความสูงระดับหน้าแข้ง น้ำท่วมมาแล้วมากกว่า 1 สัปดาห์,https://storage.googleapis.com/traffy_public_bucket/attachment/2026-10/4b158a7fe72b887d37b6ba4f2ae14297.jpeg
2026-NLRUDY,forward,2026-10-03 09:06,2026-10-05 12:57,100.77101,13.83691,คลองสามวา,ทรายกองดินใต้,น้ำท่วมยังไม่มีวีแววว่าจะลดเขตคลองสามวาไม่ทำอะรัยเลย ความสูงระดับหน้าแข้ง น้ำท่วมมาแล้วอาทิตกว่าๆแล้วครับ,https://storage.googleapis.com/traffy_public_bucket/attachment/2026-10/c2174bc78b49d5daed606565bc98a4a0.jpeg
2026-YT2J8T,start,2026-10-03 09:11,2026-10-05 16:16,100.66145,13.85608,บางเขน,ท่าแร้ง,ขอกระสอบทรายสัก 20 กระสอบ รบกวนหน่อย ยังไม่ได้รับเลย บ้านเลขที่ 45/320 หมู่บ้านเดอะคอนเนค รามอินทรา กม.8 #ขอกระสอบทราย/อื่นๆ,https://storage.googleapis.com/traffy_public_bucket/attachment/2026-10/7221842dce9e38633651af176d484dc5.jpeg
2026-CR6BM4,inprogress,2026-10-03 09:12,2026-10-03 11:47,100.35926,13.71413,หนองแขม,หนองค้างพลู,หมู่บ้านเพชรทวีสุข ซอย 3 น้ำท่วมขัง รอการระบาย ส่งกลิ่น ต้องการให้มาขุดลอกท่อระบายน้ำทั้งซอย ความสูงระดับข้อเท้า น้ำท่วมมาแล้วมากกว่า 1 สัปดาห์,https://storage.googleapis.com/traffy_public_bucket/attachment/2026-10/8df303a0ea37395eb7669fcf3b38920e.jpeg
2026-LPA23L,start,2026-10-03 09:12,2026-10-03 09:12,100.86123,13.73072,ลาดกระบัง,ขุมทอง,บ้านถูกน้ำท่วมเข้าขังในบ้านค่ะตั้งแต่วันที่25กันยายน-ปัจจุบัน ค่ะ ตอนนี้ห้องน้ำเข้าไม่ได้แล้วยังไม่มีหน่วยงานไหนเข้ามาดูแลค่ะจะขอความรบกวนช่วยดูแลอยู่ริมคลองมีบ้านหลายหลังอยู่ที่ได้รับความเดือดร้อนคะ ความสูงระดับบ้านน้ำท่วมภาพประกอบมีแค่ภาพน้ำคะ น้ำท่วมมา,https://storage.googleapis.com/traffy_public_bucket/attachment/2026-10/3e9f2e13ec43451f99d11c0f028e2105.jpeg
2026-X4TNWN,inprogress,2026-10-03 09:13,2026-10-03 09:44,100.66699,13.72316,ประเวศ,ประเวศ,น้ำท่วมขังนาน8วัน ระดับน้ำยังท่วมหัวเข่า น้ำเน่าเสีย เข้าออกบ้านไม่ได้ อยากมห้ติดตั้งเครื่องสูบน่ำใหญ่เพื่อระบายน้ำออกโดยเร็วที่สุด ความสูงระดับหัวเข่า น้ำท่วมมาแล้วมากกว่า 1 สัปดาห์,https://storage.googleapis.com/traffy_public_bucket/attachment/2026-10/74e67c19d2f082a48b162e2ca72ba848.jpeg
2026-UR2ACJ,start,2026-10-03 09:18,2026-10-03 09:18,100.85323,13.72197,ลาดกระบัง,ขุมทอง,น้ำท่วมรอบบ้านสูงเกือบ1เมตร ออกไปซื้อเครื่องอุปโภคบริโภคไม่ได้ตั้งแต่วันที่25 กันยายน ต้องการอาหาร 1 ท่าน แมว 1 ตัว ห่าน 6 ตัว ความสูงระดับเกือบ1เมตรในบางจุด50cm น้ำท่วมมาแล้ว7วัน,https://storage.googleapis.com/traffy_public_bucket/attachment/2026-10/6b315ce4afe7adbf50432c8d5fea299d.jpeg
2026-7BGKH7,inprogress,2026-10-03 09:19,2026-10-03 09:44,100.62802,13.88553,สายไหม,คลองถนน,น้ำท่วมขังสูงมาก ไม่ได้เปิดเครื่องสูบน้ำช่วยปิดกั้นทางน้ำเข้าทั้งจากคลองและท่อระบายน้ำเพื่อตอนเปิดเครื่องสูบน้ำจะได้ไม่วนเข้ามาอีก ความสูงระดับหน้าแข้ง น้ำท่วมมาแล้วมากกว่า 1 สัปดาห์,https://storage.googleapis.com/traffy_public_bucket/attachment/2026-10/caf30665ca47e4de254c4eb9bec64717.jpeg
2026-AJUD9F,inprogress,2026-10-03 09:19,2026-10-03 09:37,100.80685,13.79421,หนองจอก,ลำผักชี,น้ำท่วมขังหมู่บ้านฟอลร่าวิลล์ สุวินทวงศ์38 เป็นวันที่ 9 น้ำเน่าเสีย ส่งกลิ่นเหม็น ขาดแคลนเครื่องสูบน้ำขนาดใหญ่ ความสูงระดับเอว น้ำท่วมมาแล้วมากกว่า 1 สัปดาห์,https://storage.googleapis.com/traffy_public_bucket/attachment/2026-10/9c273df14eb9813b35b3a7de04a7195b.jpeg
2026-NW2HLL,inprogress,2026-10-03 09:24,2026-10-03 09:43,100.67232,13.7294,ประเวศ,ประเวศ,น้ำท่วมขังภายในซอยพัฒนาการ 65 โซนด้านหลัง โซน 1 2 3 หลังจากลงสะพานสูงลงมา ป้อมยาม ยังท่วมหนัก ความสูงระดับหัวเข่า น้ำท่วมมาแล้วมากกว่า 1 สัปดาห์,https://storage.googleapis.com/traffy_public_bucket/attachment/2026-10/f0412915c16de099fc00b73d16944ba8.jpeg
2026-KBP4A6,inprogress,2026-10-03 09:25,2026-10-03 09:43,100.64919,13.93061,สายไหม,สายไหม,ซอยสายไหม27 1. น้ำท่วมขัง 8 วัน มีกลิ่นเน่าแล้ว ต้องการเครื่องสูบน้ำลงคลองหกวาซึ่งลดระดับน้ำลงแล้ว 2. ต้องการรถเก็บขยะตามบ้านทั้งซอย รถเข้าได้แล้ว ความสูงระดับหน้าแข้ง น้ำท่วมมาแล้วมากกว่า 1 สัปดาห์,https://storage.googleapis.com/traffy_public_bucket/attachment/2026-10/4d6157e556489056f6cd174b17c193fd.jpeg
2026-V9KE8F,start,2026-10-03 09:25,2026-10-03 09:25,100.72545,13.75945,ลาดกระบัง,คลองสองต้นนุ่น,รถถูกน้ำท่วมทั้งคันแฟลตเกรียงไกรตึก 12 ความสูงระดับเอว น้ำท่วมมาแล้วมากกว่า 1 สัปดาห์,https://storage.googleapis.com/traffy_public_bucket/attachment/2026-10/b912d3294d1fca93cb31a07cebfff8d5.jpeg
2026-EDRZFF,inprogress,2026-10-03 09:26,2026-10-03 20:49,100.68666,13.76311,สะพานสูง,สะพานสูง,น้ำท่วมขัง น้ำเน่า ขยะลอยเกลื่อน ไม่มีเขตดูแล แจ้งแล้วก็ไม่มา ความสูงระดับหน้าแข้ง 1 อาทิตย์,https://storage.googleapis.com/traffy_public_bucket/attachment/2026-10/23d10753f90c9fb8fdef939e4488f6f9.jpeg
2026-KAGNC2,inprogress,2026-10-03 09:26,2026-10-03 09:37,100.84355,13.81526,หนองจอก,ลำผักชี,น้ำท่วมขัง สัญจรลำบาก ความสูงระดับครึ่งล้อรถกระบะ รถเล็ก มอดซด์ไม่สามารถขี่ได้ น้ำท่วมมาแล้วตอนนี้สัญจรลำบากมาก,https://storage.googleapis.com/traffy_public_bucket/attachment/2026-10/e01e23b96c967af38b3628b7157a2241.jpeg
2026-3D8KUE,inprogress,2026-10-03 09:32,2026-10-03 09:36,100.8339,13.79318,หนองจอก,ลำผักชี,น้ำท่วมขัง จนตอนนี้เน่าแล้ว ความสูงระดับเลยเข่าครับ 60ซม น้ำท่วมมาแล้วมากกว่า 1 สัปดาห์,https://storage.googleapis.com/traffy_public_bucket/attachment/2026-10/d3cdf37d89e60f9d6a332ebb6c851024.jpeg
2026-WDBT3H,finish,2026-10-03 09:33,2026-10-03 10:16,100.62263,13.78941,วังทองหลาง,คลองเจ้าคุณสิงห์,ยื่นเรื่องรับค่าช่วยเหลิอน้ำท่วม 2569 ความสูงระดับข้อเท้า 1 ขั้นบันได แต่ถ่ายรูปตอนลดลงบ้างแล้ว ช่วงฝนตกทุกวันไม่ได้ลงมา อยู่ชั้นสอง,https://storage.googleapis.com/traffy_public_bucket/attachment/2026-10/c80d3116d60935fdbb7375e3ce25b90e.jpeg
2026-AEUXE7,finish,2026-10-03 09:34,2026-10-05 09:47,100.48332,13.6684,ราษฎร์บูรณะ,บางปะกอก,เมื่อวานวันที่สองตุลามีฝนตกหนักฝนตกมาประมาณครึ่งชั่วโมงน้ำในท่อระบายน้ำเอ่อล้นทำให้น้ำเริ่มเอ่อเข้าบ้านจากท่อระบายน้ำในบ้านแบบนี้ถ้าตกหนักกว่านี้ต้องท่วมบ้านแน่แน่ปัญหาเดิมไม่มีการแก้ไขซ้ำซากอยากทราบวิธีการแก้ปัญหาสามารถลทได้ไหมหรือเหตุผลเพราะอะไรทำไมฝนตก,https://storage.googleapis.com/traffy_public_bucket/attachment/2026-10/d20a118753bb3d2ae224309c71d0d356.jpeg
2026-CMR99B,start,2026-10-03 09:34,2026-10-03 09:34,100.73658,13.76243,ลาดกระบัง,คลองสองต้นนุ่น,น้ำท่วมเข้าบ้านของเสียหายหมดเลย ฝนตก25กลางคืน ตอนเช้าน้ำเข้าบ้าน น้ำเท่าหัวเข่าไม่ลดแล้วน้ำเน่าด้วย อาหารไม่มีใครมาแจกเลย ความสูงระดับหัวเข่า น้ำท่วมมาแล้วมากกว่า 1 สัปดาห์,https://storage.googleapis.com/traffy_public_bucket/attachment/2026-10/158dfb00e767db81ea6a68c30e71b463.jpeg
2026-LLPD3G,inprogress,2026-10-03 09:35,2026-10-05 15:05,100.78674,13.83105,มีนบุรี,แสนแสบ,🚨 ขอความช่วยเหลือเร่งด่วน น้ำท่วมหมู่บ้านมีนบุรีการ์เด้นโฮม ขอให้หน่วยงานที่เกี่ยวข้อง เร่งเข้ามาตรวจสอบและดำเนินการแก้ไขปัญหาโดยด่วน เนื่องจากขณะนี้หมู่บ้านมีนบุรีการ์เด้นโฮมน้ำท่วมต่อเนื่องมาแล้ว กว่า 8 วัน ปัจจุบันระดับน้ำในหลายพื้นที่อยู่ที่ประมาณ 50,https://storage.googleapis.com/traffy_public_bucket/attachment/2026-10/f6e7e4a2e43f7e71ae01783342c105bc.jpeg
2026-66UX4F,inprogress,2026-10-03 09:36,2026-10-03 20:50,100.68948,13.76418,สะพานสูง,สะพานสูง,รามคำแหง 118 แยก 47 น้ำในซอยยังไม่ลดครับ ความสูงระดับข้อเท้า น้ำท่วมมาแล้วมากกว่า 1 สัปดาห์,https://storage.googleapis.com/traffy_public_bucket/attachment/2026-10/e8d19a3c7b543d3eb9f6bb6fb6096fa4.jpeg
2026-MGK848,start,2026-10-03 09:36,2026-10-03 09:36,100.73009,13.75944,ลาดกระบัง,คลองสองต้นนุ่น,ต้องการช้อมรถยนต์ น้ำท่วมเกือบทั้งคันฮอนด้าซิตี้ทะเบียน 6กญ 3503 กทม ห้อง337/100เคหะร่มเกล้า อาคาร.30 โทร062-0249139และ094-1748317 ความสูงระดับครึ่งกระจกครับผม น้ำท่วมมาแล้วมากกว่า 1 สัปดาห์,https://storage.googleapis.com/traffy_public_bucket/attachment/2026-10/b2b67b0a60f76b9150c281730be850a4.jpeg
2026-4BUPF6,start,2026-10-03 09:37,2026-10-03 09:37,100.73585,13.71929,ลาดกระบัง,ลาดกระบัง,น้ำท่วมรถยนต์ที่จอดครับ ความสูงระดับวันน้ำขึ้นสูงสุดประมาณ50เซ็นครับแต่วันนั้นไม่ได้ออกมาถ่ายไว้ครับ น้ำท่วมมาแล้ว11วันครับ,https://storage.googleapis.com/traffy_public_bucket/attachment/2026-10/f7f1d8210eca2be53355686adaf5a1c1.jpeg
2026-F44FNP,finish,2026-10-03 09:37,2026-10-05 09:36,100.64433,13.77339,บางกะปิ,คลองจั่น,อยากได้กระสอบทรายมาป้องกันน้ไท่วมรอบต่อไป ประสานทหารช่วยคนมาให้ได้ไหมคะ #ขอกระสอบทราย/อื่นๆ,https://storage.googleapis.com/traffy_public_bucket/attachment/2026-10/a1afe7c74706e034ac2486d61dd0ddc8.jpeg
2026-ZZKPRG,inprogress,2026-10-03 09:37,2026-10-03 09:43,100.85945,13.87371,หนองจอก,หนองจอก,น้ำท่วมตั้งแต่วันที่ 26/9/69 จนถึงวันนี้น้ำเริ่มเน่าครับ ความสูงระดับ25-30 ซม. ครับ น้ำท่วมมาแล้วน้ำท่วมตั้งแต่วันที่ 26/9/69 ครับ,https://storage.googleapis.com/traffy_public_bucket/attachment/2026-10/4872a0d491b5600ac7d53d4ab71af469.jpeg
2026-47KAMK,start,2026-10-03 09:40,2026-10-03 09:40,100.79315,13.72084,ลาดกระบัง,ทับยาว,รบกวนขอความช่วยเหลือเรื่องน้ำท่วม ถนนหลวงแพ่งบริเวณหน้าโลตัสลาดกระบังได้ไหมคะ รถเล็กไม่สามารถสัญจรได้มา 7 วันแล้วค่ะ ความสูงระดับหัวเข่า น้ำท่วมมาแล้วมากกว่า 1 สัปดาห์,https://storage.googleapis.com/traffy_public_bucket/attachment/2026-10/ea05a71e55af010720003ab4f07fb16f.jpeg
2026-6KJR2J,start,2026-10-03 09:41,2026-10-03 09:41,100.72148,13.72204,ลาดกระบัง,ลาดกระบัง,น้ำท่วม ไม่ลดลงเลย ความสูงระดับหัวเข่า น้ำท่วมมาแล้วมากกว่า 1 สัปดาห์,https://storage.googleapis.com/traffy_public_bucket/attachment/2026-10/494d066042d8d2313b705ba761df2aa2.jpeg
2026-LAE83Z,inprogress,2026-10-03 09:41,2026-10-03 10:21,100.70016,13.72741,ประเวศ,ประเวศ,ตรงถนนเส้น สน.ประเวศ จนถึงหมู่บ้านสุธาทิพย์ น้ำท่วมมา 1 อาทิตย์แล้วครับ น้ำเสียส่งกลิ่นแล้ว แต่บริเวณคลองหน้าสน. น้ำลดลงแล้ว อยากให้ช่วยมาสูบน้ำเข้าคลองได้มั้ยครับ ความสูงระดับหน้าแข้ง น้ำท่วมมาแล้วมากกว่า 1 สัปดาห์,https://storage.googleapis.com/traffy_public_bucket/attachment/2026-10/e6a505b1d91e8950a2c5bf6adfab6fc8.jpeg
2026-6DXY8D,forward,2026-10-03 09:43,2026-10-05 16:44,100.69661,13.74441,สะพานสูง,สะพานสูง,เครื่องใช้ไฟฟ้าน้ำท่วม รถมอเตอร์ไซค์น้ำท่วม เครื่องใช้ไฟฟ้า คือ ตู้เย็น ปั้มน้ำ เครื่องซักผ้า เครื่องตัดหญ้าไฟฟ้า เครื่องฝอกอากาศแบบตู้ ความสูงระดับหัวเข่า น้ำท่วมมาแล้วน้อยกว่า 1 สัปดาห์,https://storage.googleapis.com/traffy_public_bucket/attachment/2026-10/743825f8f4738c26a6a9cf7469d7b921.jpeg
2026-K9X46C,inprogress,2026-10-03 09:45,2026-10-03 09:46,100.65552,13.91566,สายไหม,สายไหม,น้ำท่วมขังในซอย ความสูงระดับหน้าแข้ง น้ำท่วมมาแล้วหน้าแข้ง,https://storage.googleapis.com/traffy_public_bucket/attachment/2026-10/c0444a93e3461c14efb1f2bfecf5f038.jpeg
2026-4Z36JG,inprogress,2026-10-03 09:46,2026-10-03 10:30,100.81298,13.80124,หนองจอก,ลำผักชี,น้ำท่วมฝนหมู่บ้านโรยัลปารควิลลเข้าออกไม่ได้พยายามช่วยเหลือตัวเองแต่น้ำยังไม่ลด 0819298466พิสิทธ์ ความสูงระดับสูงสุดประมาณ35 -50 รถเก๋งออกไม่ได้กะบะวัดใจ น้ำท่วมมาแล้วท่วมตั้งแต่วันที่26กย.,https://storage.googleapis.com/traffy_public_bucket/attachment/2026-10/bd5854b00cea294fc18ed95381f0cb8a.jpeg
2026-7LTUB3,start,2026-10-03 09:48,2026-10-03 09:48,100.72123,13.72189,ลาดกระบัง,ลาดกระบัง,น้ำท่วมขังหน้าและในคอนโดเริ่มมีน้ำเน่าเสีย หน้าคอนโดเมื่อมีรถวิ่งผ่านน้ำจะถูกซัดเข้าคอนโดทำให้น้ำในคอนโดไม่ลดและเกิดการสะสมมาเกินกว่า 7 วันแล้ว ความสูงระดับหัวเข่า น้ำท่วมมาแล้วมากกว่า 1 สัปดาห์,https://storage.googleapis.com/traffy_public_bucket/attachment/2026-10/119adf28e836304c19f8f3ae9ff2979d.jpeg
2026-EBL2CL,inprogress,2026-10-03 09:48,2026-10-03 10:04,100.68781,13.80924,คันนายาว,คันนายาว,อยากให้ช่วยมาดูดน้ำในคลองค่ะ น้ำปริมมาก และเป็นน้ำเสีย กลัวมา เวลาฝนตก น้ำก็จะล้นออกมาท่วมตามซอยต่าง ๆ ในบริเวณนี้ค่ะ ความสูงระดับและนอกจากนี้ ยังมีประชาชนที่มีปัญหาน้ำทางในบ้านบริเวณนี้ ขนขยะมาไว้ริมคลอง ซึ่งหากฝนตก น้ำท่วมออกมาจะนิ่มมีปัญหาใหญ่ค่ะ น้ำท่,https://storage.googleapis.com/traffy_public_bucket/attachment/2026-10/8c9355780a2026ddb6e6e0d3a0115aa6.jpeg
2026-7X7XTX,inprogress,2026-10-03 09:50,2026-10-05 15:02,100.79233,13.83417,มีนบุรี,แสนแสบ,*ด่วนที่สุด* เรียนแจ้ง ปัญหาความเดือดร้อนในพื้นที่หมู่บ้าน น้ำขังท่วมสูงถึงหัวเข่าบริเวณถนนในหมู่บ้าน รถเล็กสัญจรไม่ได้ เช่นรถเก๋ง รถมอเตอร์ไซค์ สัญจรเข้า-ออกไม่ได้ จึงขอความอนุเคาะห์ ให้เขตมีนบุรี เข้ามาสูบน้ำช่วยเหลือคนในพื้นที่ ต้องการขับขี่รถออกไปทำงา,https://storage.googleapis.com/traffy_public_bucket/attachment/2026-10/9322ac7ec1fc41755b73a53ff03146ce.jpeg
2026-EEJD3F,forward,2026-10-03 09:50,2026-10-05 09:24,100.73951,13.88298,คลองสามวา,สามวาตะวันออก,รอบบ้านน้ำท่วมขังจนกลายเป็นน้ำเน่า ความสูงระดับหน้าแข้ง น้ำท่วมมาแล้วมากกว่า 1 สัปดาห์,https://storage.googleapis.com/traffy_public_bucket/attachment/2026-10/97b05e13c6101be315ff2b7afa74989b.jpeg
2026-MEPCHA,inprogress,2026-10-03 09:50,2026-10-03 10:14,100.90468,13.83075,หนองจอก,กระทุ่มราย,น้ำท่วมขังในซอยมานานร่วม 1 สัปดาห์ ช่วยแจ้ง สก. สข. หรือ ผอ.เขต เข้าดูแลช่วยเหลือบ้าง สูบน้ำออกหน่อยครับ ความสูงระดับหน้าบ้านผมประมาณ 30 เซนติเมตรครับ น้ำท่วมมาแล้วมากกว่า 1 สัปดาห์,https://storage.googleapis.com/traffy_public_bucket/attachment/2026-10/0d91a4d083288ade9eda2b3fef9548e6.jpeg
2026-MB9Z98,start,2026-10-03 09:52,2026-10-03 09:52,100.72119,13.72205,ลาดกระบัง,ลาดกระบัง,ต้องการแจ้งเรื่อง น้ำท่วมขัง มากกว่า 1 สัปดาห์และเน่าเสียหน้าบริเวณดีคอนโดอ่อนนุชสุวรรณภูมิ ถนนลาดกระบัง เข้าหน่วยงาน กรุงเทพมหานคร ความสูงระดับน้ำท่วมสูงถึงเข่าบริเวณถนนทางเข้าดีคอนโด ทำให้รถที่ติดด้านในไม่สามารถออกมาได้และน้ำเริ่มเน่าเสีย น้ำท่วมมาแล้ว8,https://storage.googleapis.com/traffy_public_bucket/attachment/2026-10/thumb_57071160f15430c928cd5e9561a83462.jpg
2026-V6H7ZA,inprogress,2026-10-03 09:52,2026-10-03 20:53,100.6958,13.74469,สะพานสูง,สะพานสูง,หมู่บ้านนักกีฬาแหลมทองใน ซอย 22 น้ำไม่ลดเลย 8 วันแล้ว สูบออกด่วน เน่าดำเหม็นมาก ระดับเหนือเข่า ความสูงระดับเอว น้ำท่วมมาแล้วมากกว่า 1 สัปดาห์,https://storage.googleapis.com/traffy_public_bucket/attachment/2026-10/d38370a5eaa012aa19589c250d110f11.jpeg
2026-MTU37L,start,2026-10-03 09:54,2026-10-03 09:54,100.72123,13.72189,ลาดกระบัง,ลาดกระบัง,น้ำท่วมเกิน 7 วันแล้ว ความสูงระดับหน้าแข้ง น้ำท่วมมาแล้วมากกว่า 1 สัปดาห์,https://storage.googleapis.com/traffy_public_bucket/attachment/2026-10/60e73acadf809528490272153cf2e65f.jpeg
2026-7Z9AP3,start,2026-10-03 09:55,2026-10-03 09:55,100.72137,13.72197,ลาดกระบัง,ลาดกระบัง,พื้นที่บริเวณหน้าดีคอนโด อ่อนนุช-สุววรณภูมิ ปริมาณน้ำท่วมขังสูง ตั้งแต่วันที่ 25/09/26 ถึงปัจจุบัน รวมมากกว่า 7 วัน ปริมานน้ำสูง 40-50 เซน มีเคสคนแก่เดินล้ม เนื่องน้ำสูงและไหลเชี่ยว อยากให้เร่งดำเนินการแก้ไขโดยด่วนครับ ความสูงระดับ40-50 เซน น้ำท่วมมาแล้วม,https://storage.googleapis.com/traffy_public_bucket/attachment/2026-10/593936e79753da74f7197264062dbd96.jpeg
2026-H3M369,inprogress,2026-10-03 09:56,2026-10-03 10:20,100.67333,13.73097,ประเวศ,ประเวศ,ถนน พัฒนาการ 65 ม. เมืองทองการ์เดนท์ ถนน พัฒนาการ แขวง/ เขต ประเวศ กรุงเทพ (ปากซอย แห้ง ) เข้าซอย มา 1กิโลเมตร น้ำท่วมสูง ความสูงระดับหัวเข่า น้ำท่วมมาแล้วน้อยกว่า 1 สัปดาห์,https://storage.googleapis.com/traffy_public_bucket/attachment/2026-10/e966940240566fc7cda0b39636c0d0c1.jpeg
2026-PXZ4HX,start,2026-10-03 09:56,2026-10-03 09:56,100.72123,13.72189,ลาดกระบัง,ลาดกระบัง,น้ำท่วมขังบริเวณถนนหน้าทางเข้าคอนโดสูงถึงหัวเข่ามาตั้งแต่วันที่ 25 กันยายน 2569 ไม่ลดลงเลย รบกวนหน่วยงานที่เกี่ยวข้องเข้ามาแก้ไขหน่อยนะคะ คนในคอนโด 900 กว่าห้องเดือดร้อนมาก ไปทำงานลำบากมากจริงๆค่ะ ความสูงระดับหัวเข่าค่ะ น้ำท่วมมาแล้ว8 วัน,https://storage.googleapis.com/traffy_public_bucket/attachment/2026-10/eebf259f8a33d72a0413aa2d0c3d8490.jpeg
2026-G48EDT,inprogress,2026-10-03 10:00,2026-10-03 10:19,100.67411,13.72104,ประเวศ,ประเวศ,ซ.อ่อนนุช 59/1 หมู่บ้านชมเดือน 3 น้ำท่วมขังตั้งแต่ 25 กันยายน จนถึงวันนี้วันที่ 03 ตุลาคม น้ำเน่าและเหม็นมาก น้ำสูงถึงหน้าแข้ง อยากขอให้ทางเขตประเวศ นำเครื่องสูบน้ำตัวใหญ่มาเพิ่มอีกเครื่อง เพื่อจะช่วยให้น้ำลดเร็วขึ้น เนื่องจากชาวบ้านต้องเดินลุยน้ำตั้งแต่ว,https://storage.googleapis.com/traffy_public_bucket/attachment/2026-10/62877d8d723e50fd6cce671f7c4863f0.jpeg
2026-3U42MW,inprogress,2026-10-03 10:05,2026-10-03 10:10,100.80072,13.78446,หนองจอก,ลำผักชี,เส้นเลียบคลองลำมะขามลำผักชีหนองจอก ตอนนี้น้ำท่วมสูงขังมากกว่า7วัน ช่วยเข้ามาดูแลดูคะ ความสูงระดับหัวเข่า น้ำท่วมมาแล้วมากกว่า 1 สัปดาห์,https://storage.googleapis.com/traffy_public_bucket/attachment/2026-10/2e7ba654a4c76cb21939611371ea9249.jpeg
2026-924LMU,start,2026-10-03 10:07,2026-10-03 10:07,100.72551,13.76789,ลาดกระบัง,คลองสองต้นนุ่น,กระสอบทรายที่ไม่ใช้แล้วควรเอาไปทิ้งที่ไหนค่ะ เนื่องจากบ้านเป็นทาวเฮ้า ไม่มีที่เก็บ ร่มเกล้า ลาดกระบังค่ะ #ขอกระสอบทราย/อื่นๆ,https://storage.googleapis.com/traffy_public_bucket/attachment/2026-10/4da983189e602ed037a8431db6dabc7a.jpeg
2026-BADTD6,inprogress,2026-10-03 10:07,2026-10-03 10:09,100.84041,13.79528,หนองจอก,ลำผักชี,ขอกระสอบทรายและทรายกั้นน้ำเข้าหมู่บ้าน #ขอกระสอบทราย/อื่นๆ,https://storage.googleapis.com/traffy_public_bucket/attachment/2026-10/400fce3c5cd6fb0d417ec5193dcda61f.jpeg
2026-ZJDDKE,inprogress,2026-10-03 10:07,2026-10-03 20:55,100.70039,13.7829,สะพานสูง,สะพานสูง,หมู่บ้าน private zone ที่อยู่ข้างในหมู่บ้านธารารมณ์ น้ำท่วมสูง 30-40 cm. เครื่องสูบไม่ค่อยได้ดำเนินการเลย ไม่มีการแจ้ง น้ำท่วมไม่มาก แต่ท่วมนานมาก ไม่มีการบริหารจัดการที่ดี จนบ้านที่อยู่ด้านในๆน้ำท่วมขังจนเน่า ปากทางเข้าหมู่บ้านระดับน้ำก็สูง จนรถเสียหาย ,https://storage.googleapis.com/traffy_public_bucket/attachment/2026-10/e63c1336c0c7545e4661bb447b85b554.jpeg
2026-LTTDC7,inprogress,2026-10-03 10:09,2026-10-03 20:55,100.67265,13.74457,สะพานสูง,สะพานสูง,ซอยกรุงเทพกรีฑา 17 น้ำยังไม่ลดจากถนนเลยค่ะยังท่วมถึงล้อแม็กซึ่งในตัวบ้านต่ำกว่าถนนประมาณ 40 เซนติเมตร ตอนนี้เข้าวันที่ 10 แล้วค่ะ ใช้ชีวิตไม่ได้เลยรบกวนช่วยให้คนถือกุญแจเปิดเครื่องสูบน้ำเข้ามาเปิดด่วนค่ะ ความสูงระดับหัวเข่า น้ำท่วมมาแล้วมากกว่า 1 สัปดาห์,https://storage.googleapis.com/traffy_public_bucket/attachment/2026-10/4a727e6dea7d5d3da05eab8cf00f397f.jpeg
2026-J4FVV9,inprogress,2026-10-03 10:14,2026-10-03 12:34,100.50564,13.69919,บางคอแหลม,วัดพระยาไกร,มีการสร้างเขื่อนคอนกรีตที่ท้ายซอยเจริญกรุง103 ขุดดินขึ้นมากองรวมเกิดน้ำท่วมขัง บริเวณบ้าน ไม่ขนดินไปทิ้ง ผลักดันจนล้นเข้าบ้านหมดแล้วค่ะ ความสูงระดับอันนี้เป็นในคลองนะคะ น้ำท่วมมาแล้วประมาณ 3 สัปดาห์,https://storage.googleapis.com/traffy_public_bucket/attachment/2026-10/5d6e74539a859c94ade3ddeb18471508.jpeg
2026-NVJNWY,inprogress,2026-10-03 10:15,2026-10-03 12:40,100.6696,13.80059,บึงกุ่ม,คลองกุ่ม,เมื่อวานแจ้งเรื่องเสริมคันคลองบริเวณ ม.สหกรณ์ ซ.21 จุดเครื่องสูบน้ำ ตอนนี้ชาวบ้านรวมตัว แต่กำลังคนน้อยมาก ยังไม่เห็นมีเจ้าหน้าที่เขตรับเรื่องตามที่แจ้งก่อหน้าที่ไป มีการตอบกลีบว่ารับเรื่องแล้ว ไม่มีความคืบหน้า ขอให้ตรวจสอบด่วนคับ ความสูงระดับหน้าแข้ง น้ำท,https://storage.googleapis.com/traffy_public_bucket/attachment/2026-10/a76589e5b7cf481d618d49bc2792433e.jpeg
2026-WAJJNT,inprogress,2026-10-03 10:21,2026-10-03 21:20,100.68601,13.74141,สะพานสูง,สะพานสูง,น้ำท่วมขังในหมู่บ้านอยู่สบาย แต่ถนนแห้งแล้ว ความสูงระดับหัวเข่า น้ำท่วมมาแล้วมากกว่า 1 สัปดาห์,https://storage.googleapis.com/traffy_public_bucket/attachment/2026-10/bc98f5ba0f58588641ff4b79a7b1a1b4.jpeg
2026-JKMB8L,inprogress,2026-10-03 10:24,2026-10-05 15:02,100.74216,13.78256,มีนบุรี,มีนบุรี,ขอความช่วยเหลือ เข้าออก หมู่บ้าน กฤษณา ร่มเกล้า ซอย 12 น้ำยังท่วมสูง ระดับเหนือเข่า เดินทางเข้าออก ลำบาก น้ำเริ่มเน่าเสีย ความสูงระดับหน้าหม่บ้าน ระดับเข่า ถ้ากลาง ซอยสูงกว่า น้ำท่วมมาแล้วตั้งแต่ 25 กย.คะ,https://storage.googleapis.com/traffy_public_bucket/attachment/2026-10/43da5057a42627ba3182052cef765671.jpeg
2026-WC9N3J,start,2026-10-03 10:24,2026-10-03 10:24,100.7963,13.75881,ลาดกระบัง,ลำปลาทิว,น้ำท่วมซอยฉลองกรุง 37 และถนนหน้าซอย ระดับเหนือเข่า เป็นเวลา 1 สัปดาห์แล้ว น้ำขังไม่สามารถระบายได้ กลายเป็นน้ำเสียส่งกลิ่นเน่าเหม็น ความสูงระดับหัวเข่า น้ำท่วมมาแล้วมากกว่า 1 สัปดาห์,https://storage.googleapis.com/traffy_public_bucket/attachment/2026-10/e775f2e26728368026b8bcaa8b1241aa.jpeg
2026-2YKEFL,inprogress,2026-10-03 10:25,2026-10-03 11:23,100.65929,13.88419,สายไหม,ออเงิน,แจ้งปัญหาน้ำท่วมบริเวณบ้าน 6 ถนนสุขาภิบาล 5 ซอย32 แยก3 แขวงออเงิน เขตสายไหม กรุงเทพฯ 10220 ความสูงระดับหัวเข่าค่ะ เข้าตัวบ้านชั้นล่างค่ะ น้ำท่วมมาแล้ว7วันแล้วค่ะ,https://storage.googleapis.com/traffy_public_bucket/attachment/2026-10/7f07b309c21795e82f9830c1ba9e2276.jpeg
2026-B38A9E,inprogress,2026-10-03 10:25,2026-10-03 11:40,100.6732,13.73106,ประเวศ,ประเวศ,ซอยพัฒนาการ 65 ท้ายซอย ข้ามสะพานข้ามคลองไป น้ำยังไม่ลด 10 วันแล้ว น้ำเน่าแล้วคะ ความช่วยเหลือนังเข้าไม่ถึง น้ำท่วมสูงประมาณต้นขาค่ะ ท่วมมา10วันมาแล้ว,https://storage.googleapis.com/traffy_public_bucket/attachment/2026-10/1f10f8e0543d44d602d9cb308e289c92.jpeg
2026-CDBWDB,start,2026-10-03 10:26,2026-10-03 10:26,100.72123,13.72189,ลาดกระบัง,ลาดกระบัง,พื้นถนนหน้าคอนโด Dcondo อ่อนนุช บริเวณ ซอยลาดกระบัง 20/1 และภายในตัวคอนโด มีน้ำท่วมขัง สูงประมาณ 30-50 เซนติเมตร สัญจรไปมาลำบาก รถไม่สามารถเข้าคอนโดได้ ต้องลุยน้ำเข้าคอนโด ตั้งแต่ 25 กันยายน ถึงวันนี้ 3 ตุลาคม เป็นเวลากว่า 7 วันแล้ว ความสูงระดับหน้าแข้ง น,https://storage.googleapis.com/traffy_public_bucket/attachment/2026-10/d5814999ef0be36ef4d104f8acbe769e.jpeg
2026-R34632,inprogress,2026-10-03 10:26,2026-10-03 20:57,100.66556,13.74419,สะพานสูง,สะพานสูง,น้ำท่วมตรงทางเข้าสนามกอล์ฟ ยูนิโก้ ยังไม่ลดเลย ชาวบ้าน เข้าออกหมู่บ้านไม่ได้ มีกว่า 300 หลัง ความสูงระดับสูงกว่าเอว น้ำท่วมมาแล้วมากกว่า 1 สัปดาห์,https://storage.googleapis.com/traffy_public_bucket/attachment/2026-10/4ed688a6341cbdbfc2523014ccd9ebff.jpeg
2026-RPAPC7,inprogress,2026-10-03 10:26,2026-10-03 10:32,100.81849,13.80449,หนองจอก,ลำผักชี,เรียน เจ้าหน้าที่ Traffy Fondue / สำนักงานเขตหนองจอก เรื่อง: ติดตามเรื่องแจ้งเดิม - ปัญหาน้ำท่วมขังสะสม เริ่มเน่าเสีย และสัญจรลำบาก หมู่บ้าน เค.ซี. สุวินทวงศ์ ซอยสุวินทวงศ์ 46 ตามที่ได้แจ้งเรื่องไปก่อนหน้านี้ ยังไม่มีเจ้าหน้าที่เข้ามาดำเนินการ ขอแจ้งอัป,https://storage.googleapis.com/traffy_public_bucket/attachment/2026-10/thumb_d49694a392c0edd7fa305c82cbf582ef.jpg
2026-88MNPF,start,2026-10-03 10:27,2026-10-03 10:27,100.74216,13.71826,ลาดกระบัง,ลาดกระบัง,ครบหนึ่งอาทิตย์ที่น้ำท่วมและได้แจ้งเรื่องขอความช่วยเหลือไป 2 รอบแล้ว แต่ยังไม่มีหน่วยงานใดเข้ามาสอดส่องดูแลเลย รอบด้านเป็นพื้นที่ต่ำเท่ากัน จึงไม่สามารถสูบน้ำออกจากพื้นที่ได้ ตอนนี้น้ำเน่าส่งกลิ่นเหม็นแล้วค่ะ ขอให้หน่วยงานที่เกี่ยวข้องเข้ามาลงพื้นที่สอดส่,https://storage.googleapis.com/traffy_public_bucket/attachment/2026-10/d327158a19a34d0469d310674a0788d7.jpeg
2026-HRLBMY,inprogress,2026-10-03 10:28,2026-10-03 20:57,100.69431,13.73777,สะพานสูง,สะพานสูง,น้ำท่วม เน่า ไม่ลด ความสูงระดับหัวเข่า น้ำท่วมมาแล้วมากกว่า 1 สัปดาห์,https://storage.googleapis.com/traffy_public_bucket/attachment/2026-10/9c705fba2a90e93482b8af8465c7e695.jpeg
2026-Z3FJLM,inprogress,2026-10-03 10:29,2026-10-03 11:40,100.67247,13.73036,ประเวศ,ประเวศ,ขอความกรุณาช่วยแจ้งสำนักเขตประเวศช่วยระบายน้ำในหมู่บ้านเมืองทองซอยพัฒนาการ 65 ด้วยค่ะ น้ำท่วมขังมา 8 วันแล้วค่ะ สองวันที่ผ่านมาระดับน้ำแทบไม่ลดลงเลยตอนนี้ยังท่วมขังเกิน 50 เซนต์ เดินทางเข้าออกไม่ได้ค่ะ และน้ำเน่ามากแล้วค่ะ รบกวนเรื่องขยะด้วยนะคะ ตอนนี้รถ,https://storage.googleapis.com/traffy_public_bucket/attachment/2026-10/0d66da40826f62f4d698b34604095876.jpeg
2026-42M6GU,start,2026-10-03 10:33,2026-10-03 10:33,100.78845,13.72219,ลาดกระบัง,ลาดกระบัง,ตลาดหัวตะเข้ น้ำท่วมมาวันที่8 แล้วค่ะ ไม่มีหน่วยงานใดเข้ามาช่วยเหลือเลย ตอนนี้น้ำเน่าและมีกลิ่นเหม็นมาก ความสูงระดับตอนนี้เลยหัวเข่าค่ะ ถนนลดลงบ้างแล้ว แต่ด้านในตลาดไม่ลดเลย น้ำท่วมมาแล้วมากกว่า 1 สัปดาห์,https://storage.googleapis.com/traffy_public_bucket/attachment/2026-10/7427d327e1903e792002af41d1b45697.jpeg
2026-RAX73F,inprogress,2026-10-03 10:33,2026-10-03 20:57,100.66533,13.74405,สะพานสูง,สะพานสูง,สวัสดีคะ รบกวนเข้าไปดูทางเข้าสนามกอล์ฟยูนิโก้ให้หน่อยคะ ระดับน้ำยังลึกอยู่ รถไม่สามารถเข้า-ออกได้ ความสูงระดับสูงกว่าเอว 8 วัน,https://storage.googleapis.com/traffy_public_bucket/attachment/2026-10/ab8b4b9bdcc4377b4e5c3480af9bcd43.jpeg
2026-4PHRYM,finish,2026-10-03 10:34,2026-10-03 21:00,100.34947,13.66354,หนองแขม,หนองแขม,มีน้ำขัง ความสูงระดับข้อเท้า น้ำท่วมมาแล้วน้อยกว่า 1 วัน,https://storage.googleapis.com/traffy_public_bucket/attachment/2026-10/effe25ecfe146356b108dd17a03edb41.jpeg
2026-AVJK2E,inprogress,2026-10-03 10:36,2026-10-03 20:58,100.70019,13.78301,สะพานสูง,สะพานสูง,แจ้งเรื่องน้ำท่วมในหมู่บ้านธารมณ์ - โซนไพรเวทโซน ซอยรามคำแหง 150 ตั้งแต่วันที่ 25 กันยายน 69 - วันนี้ (3 ตต 69) ยังคงมีน้ำท่วมขัง รถเล็กยังไม่สามารถสัญจรได้ น้ำลดลงช้ามากกก รบกวนเจ้าหน้าที่ข่วยสูบน้ำออกจากหมู่บ้าน เพื่อให้รถเล็กสามารถสัญจรได้ เพราะยังไม่,https://storage.googleapis.com/traffy_public_bucket/attachment/2026-10/6d1a000b676c5626926ce2e801bda9c7.jpeg
2026-ZE9MM6,inprogress,2026-10-03 10:36,2026-10-05 15:20,100.74162,13.78123,มีนบุรี,มีนบุรี,ขอความช่วยเหลือ เข้าออก หมู่บ้าน กฤษณา ร่มเกล้า ซอย 12 น้ำยังท่วมสูง ระดับเหนือเข่า เดินทางเข้าออก ลำบาก น้ำเริ่มเน่าเสีย ความสูงระดับหน้าหม่บ้าน ระดับเข่า ถ้ากลาง ซอยสูงกว่า น้ำท่วมมาแล้วตั้งแต่ 25 กย 9 วันแล้วคะ,https://storage.googleapis.com/traffy_public_bucket/attachment/2026-10/thumb_8840a7743afc2092c406a513ace405de.jpg
2026-J2PH7E,inprogress,2026-10-03 10:39,2026-10-05 15:11,100.78872,13.83031,มีนบุรี,แสนแสบ,น้ำท่วมขังตั้งแต่วันที่ 25 จนตอนนี้ยังไม่มีวี่แววว่าจะจะลด ความสูงระดับเมตร 20 น้ำท่วมมาแล้วแปดวันแล้ว,https://storage.googleapis.com/traffy_public_bucket/attachment/2026-10/e20ee49792037bb0c17735a6c32e9cef.jpeg
2026-G22TLU,inprogress,2026-10-03 10:40,2026-10-03 10:57,100.82926,13.78505,หนองจอก,ลำผักชี,รายละเอียดที่เคยแจ้งไว้แต่ยังไม่ได้ดำเนินการ น้ำท่วมวันนี้วันที่8แล้วแต่ไม่มีใครเข้ามาดูแลเลยค่ะออกไปทำงานก็ออกไม่ได้เพราะรถดับจุดที่ลึกที่สุดประมาณเข่า รอจนตอนนี้น้ำเริ่มเน่าเป็นสีดำส่งกลิ่นเหม็นมากค่ะ ความสูงระดับหัวเข่า น้ำท่วมมาแล้วมากกว่า 1 สัปดาห์,https://storage.googleapis.com/traffy_public_bucket/attachment/2026-10/ede02f5ef33f8f449b2f8d0e7ed0b434.jpeg
2026-TJ36PA,start,2026-10-03 10:41,2026-10-03 10:41,100.73773,13.77071,ลาดกระบัง,คลองสองต้นนุ่น,น้ำท่วมเคหะร่มเกล้า เกิน 7 วัน ความสูงระดับ1 เมตร น้ำท่วมมาแล้วตั้งแต่วันที่ 26/9/2026 ปัจจุบันยับท่วมอยู่,https://storage.googleapis.com/traffy_public_bucket/attachment/2026-10/f9ca86f521cf0f4a5e764e9925226b7e.jpeg
2026-WX88EP,inprogress,2026-10-03 10:41,2026-10-05 09:35,100.65928,13.7416,บางกะปิ,หัวหมาก,ด่วนที่สุด ที่ ................................................ วันที่ 3 ตุลาคม 2569 เรื่อง ขอให้ติดตามและเร่งรัดการแก้ไขปัญหาน้ำท่วมขังต่อเนื่องเป็นวันที่ 8 และขอให้เข้าช่วยเหลือประชาชนโดยเร่งด่วน เรียน ผู้ว่าราชการกรุงเทพมหานคร อ้างถึง หนังสือขอให้เ,https://storage.googleapis.com/traffy_public_bucket/attachment/2026-10/thumb_e83e602808326f5c15df9c3a12fbacaa.jpg
2026-X43PYB,start,2026-10-03 10:42,2026-10-03 10:42,100.76997,13.7533,ลาดกระบัง,ลำปลาทิว,ถนนเจ้าคุณทหารท่วมหลายวันแล้วคนเดือดร้อนกันมา ฝนแถวนี้ไม่ตกเป็นอาทิตแล้วน้ำไม่ลด คิดจะทำอะไรบ้างมั้ยคะ เส้นอื่นแห้งหมดแล้ว เส้นนี้ทำอะไรช่วยหน่อยคะ ความสูงระดับหัวเข่า น้ำท่วมมาแล้วมากกว่า 1 สัปดาห์,https://storage.googleapis.com/traffy_public_bucket/attachment/2026-10/1ff8cf0be61ddda39f2beefa3ec2c5b9.jpeg
2026-BC326H,start,2026-10-03 10:44,2026-10-03 10:44,100.72123,13.72189,ลาดกระบัง,ลาดกระบัง,น้ำหน้าคอนโดไม่ลดเลยไปทำงานลำบากมากครับ อนากให้ช่วยมาระบายน้ำตรงนี้ให้เร็วที่สุดครับ เพราะเดือดร้อนมาหลายวันแล้ว ความสูงระดับหน้าแข้ง น้ำท่วมมาแล้วมากกว่า 1 สัปดาห์,https://storage.googleapis.com/traffy_public_bucket/attachment/2026-10/thumb_3727ded470554afd67a344a561cdbfac.jpg
2026-RJHY4F,inprogress,2026-10-03 10:45,2026-10-03 10:56,100.80352,13.80328,หนองจอก,ลำผักชี,น้ำท่วมรถพังไปไหนก็ลำบากน้ำยังไม่ลดคนออกจากบ้านไม่ได้ ความสูงระดับต้นขาครับ น้ำท่วมมาแล้วตั้งแต่วันแรกเลยครับที่ฝนตก,https://storage.googleapis.com/traffy_public_bucket/attachment/2026-10/3503745b3acc11190e2050e82e938c9d.jpeg
2026-K2DLMJ,start,2026-10-03 10:47,2026-10-03 10:47,100.72123,13.72189,ลาดกระบัง,ลาดกระบัง,พื้นที่บริเวณหน้าดีคอนโด อ่อนนุช-สุววรณภูมิ ปริมาณน้ำท่วมขัง สูง ตั้งแต่วันที่ 25/09/26 ถึงปัจจุบัน รวมมากกว่า 7 วัน ปริมาน น้ำสูง 40-50 เซน มีเคสคนแก่เดินล้ม เนื่องน้ำสูงและไหลเชี่ยวอยากให้เร่งดำเนินการแก้ไขโดยด่วนครับ ความสูงระดับ40-50เซน น้ำท่วมมาแล้วม,https://storage.googleapis.com/traffy_public_bucket/attachment/2026-10/4fe64490034bf049c26d4bc3e2086b87.jpeg
2026-LHLJGT,inprogress,2026-10-03 10:47,2026-10-03 11:08,100.66445,13.72326,ประเวศ,ประเวศ,ลงสะพานในซอยพัฒนาการ 69 น้ำยังท่วมสูงรถเล็กเข้าไม่ได้ เกิน 7วันแล้วน้ำเหม็นมาก ขยะเยอะมาก เครื่องสูบน้ำเล็กเกินไป อยากได้ท่อซิ่งพญานาคมาช่วยท้ายซอย 69 และ65 เข้าซอยไปประมาณ สะโพกถึงเอว เกิน7วัน นำ้ลดช้ามากๆ,https://storage.googleapis.com/traffy_public_bucket/attachment/2026-10/156ed7d1d3b010c07b2806653f93d542.jpeg
2026-HBNJT2,start,2026-10-03 10:49,2026-10-05 07:41,100.58724,13.87028,หลักสี่,ตลาดบางเขน,ขอความช่วยเหลือกระสอบทราย/อิฐบล็อกมาวางไว้จุดรับกลาง ชุมชนชายคลองบางบัว เขตหลักสี่ เนื่องจากชาวบ้านไม่มีรถขนย้าย ความสูงระดับประมาณหัวเข่าครับที่ท่วมล่าสุด น้ำท่วมมาแล้วได้แล้วแต่ตอนนี้ลดแล้วครับแต่อยากได้มาป้องกันเวลาน้ำเหนือมา,https://storage.googleapis.com/traffy_public_bucket/attachment/2026-10/e20ad5f4bd4874de1786c54b98908f56.jpeg
2026-LEX4GK,inprogress,2026-10-03 10:50,2026-10-03 11:07,100.672,13.7322,ประเวศ,ประเวศ,ในซอย พัฒนาการ 65 โซนด้านใน น้ำไม่ลดเลย ตอนนี้ยังอยู่ถึงเข่า มีหน่วยงานไหนเข้ามามั่งมั้ยคะ ประชาชนเดือดร้อนออกมาไม่ได้มาจะหนึ่งอาทิตย์แล้ว เขตประเวศ เคยเข้ามาดูบ้างมั้ยคะ แล้วจะแก้ปัญหาให้ประชาชนยังไง จนที่อื่นน้ำเค้าลดหมดแล้ว พัฒนาการ 61 น้ำก็ลดแล้ว บอกจ,https://storage.googleapis.com/traffy_public_bucket/attachment/2026-10/cd2eea2e3cf46980bdd8d30ecab72098.jpeg
2026-6RNEA9,inprogress,2026-10-03 10:53,2026-10-03 11:05,100.69364,13.7011,ประเวศ,ดอกไม้,ซอยเฉลิมพระเกียรติ 62 น้ำยังลึก รถเล็ก มอร์ไซต์ สัญจรไม่ได้ ความสูงระดับหัวเข่า น้ำท่วมมาแล้วมากกว่า 1 สัปดาห์,https://storage.googleapis.com/traffy_public_bucket/attachment/2026-10/10da657f13b04e692e2829c013a26f18.jpeg
2026-XRL3RL,inprogress,2026-10-03 10:53,2026-10-05 09:36,100.6481,13.76243,บางกะปิ,หัวหมาก,บ้านเลขที่ 20 รามคำแหง58/4 หัวหมากบางกะปิ บ้านนี้นำกระดาษ พลาสติก มาอุดตันท่อระบายน้ำหน้าบ้านทำให้น้ำไม่ระบาย มานานหลายปีแล้ว รบกวนตรวจสอบด่วนด้วยค่ะ ความสูงระดับข้อเท้า น้ำท่วมมาแล้วท่วมก่อนหน้านี้ค่ะ,https://storage.googleapis.com/traffy_public_bucket/attachment/2026-10/fcc658b27dcda17ff5a441085e7b6bed.jpeg
2026-93NNA7,inprogress,2026-10-03 10:54,2026-10-03 10:55,100.81066,13.80497,หนองจอก,ลำผักชี,น้ำท่วมไม่ลดมา8วันแล้ว ความสูงระดับหัวเข่า น้ำท่วมมาแล้วมากกว่า 1 สัปดาห์,https://storage.googleapis.com/traffy_public_bucket/attachment/2026-10/ad34615ceacbd8b14936136828062448.jpeg
2026-CN6CL7,start,2026-10-03 10:54,2026-10-03 10:54,100.77503,13.75939,ลาดกระบัง,ลำปลาทิว,ซอยคุ้มเกล้า36 น้ำท่วมสูงมากวันที่ 26/9/2026 60ซม. ตั้งแต่วันที่ 25 กันยา ยน,https://storage.googleapis.com/traffy_public_bucket/attachment/2026-10/db344f7dbbef33f26b646b6a5b54003f.jpeg
2026-YRGY6T,start,2026-10-03 10:54,2026-10-03 10:54,100.72123,13.72189,ลาดกระบัง,ลาดกระบัง,น้ำท่วมขังบริเวณหน้าดีคอนโด อ่อนนุช-สุวรรณภูมิ ระยะเวลามากกว่า 1 สัปดาห์ น้ำเริ่มส่งกลิ่นเหม็น การเดินทางออกจากคอนโดยากลำบากมาก อยากให้มีการสูบน้ำออกโดยเร็ว ความสูงระดับบนฟุตบาทท่วมข้อเท้าค่ะ บริเวณถนนถึงหน้าแข้งค่ะ น้ำท่วมมาแล้วตั้งแต่25กันยาค่ะ 9 วันค่ะ,https://storage.googleapis.com/traffy_public_bucket/attachment/2026-10/c4781f08af8088d006f08870cc232977.jpeg
2026-F67JM3,inprogress,2026-10-03 10:56,2026-10-05 15:01,100.74262,13.82446,มีนบุรี,มีนบุรี,น้ำท่วมขังหลายวัน เสาร์26 น้ำไม่ระบายออกเลยขัง มีกลิ่นเหม็นมากถึงปัจจุบัน ความสูงระดับหน้าแข้ง น้ำท่วมมาแล้วมากกว่า 1 สัปดาห์,https://storage.googleapis.com/traffy_public_bucket/attachment/2026-10/121c66338ae9720eadf241163eaee17c.jpeg
2026-LGZT99,forward,2026-10-03 10:58,2026-10-05 10:26,100.70003,13.68123,ประเวศ,ดอกไม้,จุดกลับรถทางลอดอุโมงค์ ตรงข้าม โรงเรียนคลองปักหลัก ซอยร่วมสามัคคี น้ำท่วมไม่ลงเลยค่ะ อยากให้จัดการสูบน้ำออกค่ะ ต้องใช้เส้นนั่นสัญจรทุกวันค่ะ ลำบากในการ ไปค้าขาย ข้ามไปฝั่งเจโม สุขาภิบาล2 มากค่ะ ความสูงระดับมิดอุโมงค์ ท่วมถึงหลังคารถ น้ำท่วมมาแล้ว8วัน,https://storage.googleapis.com/traffy_public_bucket/attachment/2026-10/433a460e128fb2def5f5f613777c4cae.jpeg
2026-LLB2YT,inprogress,2026-10-03 11:00,2026-10-03 13:44,100.67039,13.86468,บางเขน,ท่าแร้ง,เครื่องซักผ้าถูกน้ำท่วมใช้งานไม่ได้เลยค่ะ ความสูงระดับน้ำลดแล้วแต่เครื่องซักผ้าเสียค่ะบ้านชั้นเดียว น้ำท่วมมาแล้ว25 กย.-2ตค.ค่ะ,https://storage.googleapis.com/traffy_public_bucket/attachment/2026-10/thumb_e5e533b79be89b245b37a81dc589b620.jpg
2026-YD6XN8,inprogress,2026-10-03 11:02,2026-10-05 15:00,100.71868,13.78492,มีนบุรี,มีนบุรี,น้ำยังท่วมสูง ความสูงระดับหน้าแข้ง น้ำท่วมมาแล้วมากกว่า 1 สัปดาห์,https://storage.googleapis.com/traffy_public_bucket/attachment/2026-10/thumb_3d2805444920cabe8c525eb8baf85f2c.jpg
2026-WZVTBL,inprogress,2026-10-03 11:03,2026-10-03 17:15,100.59735,13.81736,ลาดพร้าว,ลาดพร้าว,ถนนโชคชัย 4 บริเวณที่อยู่ ใกล้ธนาคสรกรุงศรี ฝนตกเมื่อวันเสาร์ที่ 25 กย น้ำบนถนนไม่ระบาย ทำให้ท่วมเข้าไปตามซอยต่างๆ เช่นซอย54 /56 ดั้งเดิมเป็นทร่สูงไม่เคยท่วม สาเหตุ มาจาก ตั้งแต่เจาะทำถนนตอนกลางคืน ลาดยาง มียางลงไปในท่อระบายน้ำ เศษปูน หิน ก็ลวไปในท่อระบาย,https://storage.googleapis.com/traffy_public_bucket/attachment/2026-10/3f6a80e6774d57ff5fd9fe07357892af.jpeg
2026-99PLEA,inprogress,2026-10-03 11:04,2026-10-03 21:00,100.69139,13.73695,สะพานสูง,สะพานสูง,น้ำท่วมขังไม่ลดมา มากกว่า 5 วัน ความสูงระดับหัวเข่า น้ำท่วมมาแล้วมากกว่า 1 สัปดาห์,https://storage.googleapis.com/traffy_public_bucket/attachment/2026-10/bd6018696ab75299ad707dedb743ca4c.jpeg
2026-JPPX7Y,finish,2026-10-03 11:04,2026-10-04 20:35,100.67264,13.73244,ประเวศ,ประเวศ,อยากให้เข้าไปให้ความช่วยเหลือในพัฒนาการ65 โซน 1 บ้าง อาหารและน้ำมีจำกัด อาศัยอยู่กันถึงหกคน มีแต่คนไปแจกน้ำอาหารให้โซนอื่นๆ แต่โซน1เงียบกริบ น้ำก็ไม่ลดสักทีทั้งๆที่ซอยอื่นๆเริ่มลดกันแล้ว ในโซน1น้ำยังท่วมระดับเอวระดับเข่ามาตั้งแต่วันศุกร์ที่แล้ว ช่วยพิจารณ,https://storage.googleapis.com/traffy_public_bucket/attachment/2026-10/0a489d6bd6c95b915c42c80871e1ef94.jpeg
2026-9X89LY,start,2026-10-03 11:06,2026-10-03 11:06,100.76262,13.75674,ลาดกระบัง,คลองสามประเวศ,ถนนเจ้าคุณทหาร-ร่มเกล้า รวมถึงลานICD น้ำยังท่วม การสัญจรลำบากมากค่ะ รถติดทุกวัน รถเล็กขับไม่ได้ 7วัน,https://storage.googleapis.com/traffy_public_bucket/attachment/2026-10/02b07eaa0fdc517eff160a815e8d9e01.jpeg
2026-6EAVJ6,inprogress,2026-10-03 11:07,2026-10-05 15:08,100.75534,13.78533,มีนบุรี,แสนแสบ,บ้านน้ำท่วม ถนนบึงขวาง ซอย16 หลายหลังคาเรือน น้ำเริ่มเน่า ความสูงระดับเอว น้ำท่วมมาแล้วมากกว่า 1 สัปดาห์,https://storage.googleapis.com/traffy_public_bucket/attachment/2026-10/ff6f8363adf62c6a73e6879ce7e04d44.jpeg
2026-DZEDF6,inprogress,2026-10-03 11:07,2026-10-03 21:02,100.70343,13.77336,สะพานสูง,สะพานสูง,ศิรินเทพ 9 ซอยราษฎร์พัฒนา 14 ปั๊มน้ำ ดับ 2รอบแล้ว น้ำยังขัง คนในหมู่บ้านยังสัญจรไม่ได้ ความสูงระดับหน้าแข้ง น้ำท่วมมาแล้วมากกว่า 1 สัปดาห์,https://storage.googleapis.com/traffy_public_bucket/attachment/2026-10/9933f76732999dbb2e6dc59685560865.jpeg
2026-MEF6E4,inprogress,2026-10-03 11:07,2026-10-03 21:02,100.69655,13.7366,สะพานสูง,สะพานสูง,น้ำท่วมขังครึ่งแข้ง หมู่บ้านบ้านใหม่พระราม9-วงแหวน กรุงเทพกรีฑา 49 มากว่า 1 สัปดาห์ ไม่ได้รับการแก้ไขเยียวยา ความสูงระดับหน้าแข้ง ครึ่งหน้าแข้ง,https://storage.googleapis.com/traffy_public_bucket/attachment/2026-10/793dfd57c9063399c20a0fa8290ec37b.jpeg
2026-VTP9X4,forward,2026-10-03 11:09,2026-10-05 09:23,100.75298,13.84735,คลองสามวา,ทรายกองดินใต้,จากปัญหาน้ำท่วมที่เพิ่มขึ้นทุกวัน เกรงว่าระดับน้ำที่สูงขึ้นจะเข้ามาในตัวบ้านพักอาศัย ซึ่งจะทำให้เสียหายหนัก ถ้าระดับน้ำไม่ลดลง อยากได้กระสอบทรายมากันน้ำ เนื่องจากไม่สามารถนำรถออกไปรับหรือซื้อกระสอบทรายได้ #ขอกระสอบทราย/อื่นๆ,https://storage.googleapis.com/traffy_public_bucket/attachment/2026-10/57a3c49fcc0ae83047b51f8e1825adfe.jpeg
2026-EZ6RDR,inprogress,2026-10-03 11:10,2026-10-05 15:00,100.74315,13.82333,มีนบุรี,มีนบุรี,ส่งไปหลายรอบแระ เหนื่อนแระ ขึ้นแต่แบบนี้ ไม่สามารถดำเนินการค่อได้ คือ ทำไมมันแจ้งยากเย็นจัง 40-50 ซม. ตั้งแต่วันที่ 27 ก.ย.,https://storage.googleapis.com/traffy_public_bucket/attachment/2026-10/6f341f7d0acb309552fb62a0010f89dc.jpeg
2026-G6VKTC,inprogress,2026-10-03 11:16,2026-10-03 11:36,100.68757,13.67574,ประเวศ,ดอกไม้,ขอบคุณครับน้ำลดลงไปเยอะแล้วครับบ่ายๆก็คงแห้งหมดครับ ความสูงระดับตอนนี้เหลือแค่ตาตุ่มครับ น้ำท่วมมาแล้วตั้งแต่วันที่ 24/9 ครับ,https://storage.googleapis.com/traffy_public_bucket/attachment/2026-10/9a8433340a6d9fff149a25a180a8fc42.jpeg
2026-RMCFRM,inprogress,2026-10-03 11:19,2026-10-05 15:00,100.74247,13.78186,มีนบุรี,มีนบุรี,น้ำท่วมทำเรื่องขอให้ช่วย ความสูงระดับหัวเข่า น้ำท่วมมาแล้วมากกว่า 1 สัปดาห์,https://storage.googleapis.com/traffy_public_bucket/attachment/2026-10/d5b01ec9739e533d2d9c246a3fbe8ad4.jpeg
2026-XB28W9,inprogress,2026-10-03 11:22,2026-10-03 11:49,100.89451,13.84883,หนองจอก,กระทุ่มราย,ไม่มีวี่แววจะลด ความสูงระดับหน้าแข้งค่ะ น้ำท่วมมาแล้ว8วัน,https://storage.googleapis.com/traffy_public_bucket/attachment/2026-10/thumb_33b949b188eca5a6fcf1dc08bbb01d68.jpg
2026-32JVV8,finish,2026-10-03 11:24,2026-10-03 21:38,100.69621,13.74905,สะพานสูง,สะพานสูง,น้ำท่วมมาหลายวันแล้วทางเราใช้ห้องน้ำลำบากมากห้องน้ำมีเข้าไม่ได้น้ำท่วมต้องลุยน้ำออกไปปากซอยขอเขาเข้าวันๆหนึ่งต้องลุยน้ำไปข้างนอกประมาณ 3-4 ครั้งไหนจะเข้าห้องน้ำแต่จะไปเอาของแจกที่มาไม่ทั่วถึงของที่เสียหายภายในบ้านจะเป็นประตูบ้านที่โดนน้ำแล้วบวมแล้วก็เฟอร์,https://storage.googleapis.com/traffy_public_bucket/attachment/2026-10/f07d039f528238248ff853c5d7591a1d.jpeg
2026-M2GUZJ,finish,2026-10-03 11:27,2026-10-03 13:48,100.66354,13.8622,บางเขน,ท่าแร้ง,บ้านเลขที่ 137 / 303 ปากซอย 9 คู้บอน 25 รถ จอดแช่น้ำแตรรถค้างต้องถอดขั้วแบตออกอยากให้ช่างเข้ามาดูให้หน่อยค่ะ ความสูงระดับท่วมประมาณประตูรถตามภาพค่ะ น้ำเข้ารถ ตอนพบว่าน้ำท่วมตอนเช้า พยายามจะขับออก ไปจอดดที่อื่น แต่น้ำท่วมแล้วพอเปิดประตูรถน้ำก็เข้ารถไม่สามา,https://storage.googleapis.com/traffy_public_bucket/attachment/2026-10/3ae5e4a8104f8ba727baf9f2e0c77a5f.jpeg
2026-WK93CC,inprogress,2026-10-03 11:30,2026-10-05 14:59,100.76716,13.80201,มีนบุรี,แสนแสบ,น้ำท่วม ตั้งแต่่วันที่25จนถึงปัจุบัน ยังไม่มีหน่วยงานมาดูแลหรือ ถามไถ ตอนนี้ถึงน้ำจะลงไปส่วนนึงแต่ถนนในซอยยังอยุ่ระดับเข่า ก่อนหน้านี้ ท่วมระดับเลยเข่าขึ้นมา ตอนนี้น้ำลดไปส่วนนึงน้ำมีสีดำเริ่มเน่า ส่งกลิ่นเหม็น รบกวนมาตรวจสอบด้วยคะ ไม่สามารถออกไปค้าขายหรื,https://storage.googleapis.com/traffy_public_bucket/attachment/2026-10/fccf53ae107e9f07d9746054f5754eb8.jpeg
2026-ETJFPA,inprogress,2026-10-03 11:31,2026-10-03 11:49,100.85009,13.81842,หนองจอก,โคกแฝด,น้ำท่วมเข้าบ้าน และ ล้อมบ้านเป็นเวลา8วัน ระดับน้ำไม่ลดลงเลย และไม่มีหน่วยงานเข้าช่วยเหลือ พิกัด: ท้ายซอยเชื่อมสัมพันธ์25 ติดคลองลำปลาทิว ความสูงระดับหน้าบ้านเกือบเข่า ในตัวบ้านข้อเท้าค่ะ จะรบกวนช่วยระบายน้ำคลองลำปลาทิว หากระบายได้น้ำจะลดลง ปัจจุบันน้ำคลอง,https://storage.googleapis.com/traffy_public_bucket/attachment/2026-10/6f1fb7ae78ed9e79f4cb47d30066daab.jpeg
2026-EWUKDD,forward,2026-10-03 11:32,2026-10-05 15:34,100.63244,13.74759,สวนหลวง,สวนหลวง,น้ำเข้าบ้านทั้งบ้านเลย ด้านในน้ำสูงประมาณ 40 เซนต์ ด้านนอกประมาณ 20 เซนต์ มันเข้าเร็วมากตอนกลางคืนดึกดึกเพราะฉะนั้นไม่ได้เก็บของอะไรเลยตู้เย็นแช่น้ำตามตู้เครื่องนวดไฟฟ้าลู่วิ่งไฟฟ้าของที่อยู่ที่พื้นเสียหายหมดเลยหนังสือกฎหมายประมาณ 100 เล่มหนังสือเด็กก็ประ,https://storage.googleapis.com/traffy_public_bucket/attachment/2026-10/b4bf3a96b163247b918a073a5e2e826b.jpeg
2026-4YMAYE,inprogress,2026-10-03 11:33,2026-10-05 14:59,100.74253,13.82473,มีนบุรี,มีนบุรี,หมู่บ้านบ้านฟ้านันวัน ถนนประชาร่วมใจ น้ำท่วมหมู่บ้าน 50 เซ็นติเมตรมาตั้งแต่วันที่26กันยายน2569 ตอนนี้น้ำยังขังอยู่ระดับเดิมเน่าและเหม็นกรุณาช่วยมาดูแลด้วยร่ะออกจากบ้านไม่ได้ ออกทีเดินลุยน้ำจากหน้าหมู่บ้าน้ข้ามาเป็นกิโล รถเล็กเข้าไม่ได้ เดือดร้อนต้องช่วยเห,https://storage.googleapis.com/traffy_public_bucket/attachment/2026-10/thumb_cfb1a76d5915524c43c892e55e7035de.jpg
2026-9LJ8WD,forward,2026-10-03 11:33,2026-10-05 15:00,100.75344,13.81528,มีนบุรี,แสนแสบ,น้ำท่วมขัง ตั้งแต่แยกร่มเกล้าตัดสุวินทวงศ์ จนถึงหน้า CPF มีนบุรี2 ทั้งขาไปและขากลับ ตั้งแต่ 25/9/69 ถึงปัจจุบัน ความสูงระดับหน้าแข้ง น้ำท่วมมาแล้วมากกว่า 1 สัปดาห์,https://storage.googleapis.com/traffy_public_bucket/attachment/2026-10/db029996c64dd87a5004bc9160b7583a.jpeg
2026-9LJ8WD,inprogress,2026-10-03 11:33,2026-10-06 09:17,100.75344,13.81528,มีนบุรี,แสนแสบ,น้ำท่วมขัง ตั้งแต่แยกร่มเกล้าตัดสุวินทวงศ์ จนถึงหน้า CPF มีนบุรี2 ทั้งขาไปและขากลับ ตั้งแต่ 25/9/69 ถึงปัจจุบัน ความสูงระดับหน้าแข้ง น้ำท่วมมาแล้วมากกว่า 1 สัปดาห์,https://storage.googleapis.com/traffy_public_bucket/attachment/2026-10/db029996c64dd87a5004bc9160b7583a.jpeg
2026-N88NJZ,inprogress,2026-10-03 11:35,2026-10-03 11:48,100.67712,13.72242,ประเวศ,ประเวศ,น้ำยังคงท่วมสูงในซอย น้ำบริเวณหน้าบ้านยังคงเท่าเดิม ไม่มีหน่วยงาน ใดใด เข้ามาสอดส่อง เห็นใจ ดูแล #ขอกระสอบทราย/อื่นๆ,https://storage.googleapis.com/traffy_public_bucket/attachment/2026-10/5dffd95ef3c4bca4b4ca335cad900b00.jpeg
2026-RTELUG,forward,2026-10-03 11:38,2026-10-05 09:23,100.7506,13.83332,คลองสามวา,ทรายกองดิน,มีน้ำท่วมขัง มา1อาทิตย์แล้วค่ะ ความสูงระดับหัวเข่า น้ำท่วมมาแล้วมากกว่า 1 สัปดาห์,https://storage.googleapis.com/traffy_public_bucket/attachment/2026-10/d2fa98b066939ab05620d72a7baed5e6.jpeg
2026-LZE9FB,inprogress,2026-10-03 11:43,2026-10-03 11:47,100.66549,13.72372,ประเวศ,ประเวศ,น้ำท่วมยังไม่ลด 8วันแล้วครับ พัฒนาการ 69 ความสูงระดับหัวเข่า น้ำท่วมมาแล้วมากกว่า 1 สัปดาห์,https://storage.googleapis.com/traffy_public_bucket/attachment/2026-10/9c3c67d807a075966dce56bba6709f41.jpeg
2026-X8Y4TN,inprogress,2026-10-03 11:45,2026-10-03 12:09,100.66283,13.88931,สายไหม,ออเงิน,หลังบ้านเป็นพื้นที่ป่าต่ำกว่าตัวบ้าน ทำให้เวลาฝนตกน้ำขังอยู่หลังบ้านไปไหนไม่ได้ ตอนนี้ฝนตกและน้ำท่วมสูงทุกพื้นที่ ทำให้น้ำจากป่าด้านหลังสูงขึ้นและไหลเข้าตัวบ้าน ทั้งซึมกำแพง พื้น ทำให้ในบ้านท่วม และได้รับความเดือนร้อน หยุดสูบน้ำไม่ได้ ถ้าหยุดน้ำจะเข้าตังบ,https://storage.googleapis.com/traffy_public_bucket/attachment/2026-10/806b0cb52ce35b789d95ecbeea2ed6ce.jpeg
2026-V4V4R9,inprogress,2026-10-03 11:46,2026-10-03 11:47,100.69515,13.71512,ประเวศ,ประเวศ,น้ำท่วมขัง อยากให้ช่วยมาดูดออก มันเน่ามากแล้ว ถนนแห้ง แต่ข้างในยังท่วม ความสูงระดับเข่า แต่มันเน่าเหม็นแล้ว น้ำท่วมมาแล้ว9วัน,https://storage.googleapis.com/traffy_public_bucket/attachment/2026-10/f6d8b00ba19e0187bcae28429edc1b9f.jpeg
2026-JA4V7L,inprogress,2026-10-03 11:50,2026-10-03 13:49,100.61666,13.87249,บางเขน,อนุสาวรีย์,น้ำท่วม อีกแล้ว เปิดเครื่องสูบน้ำโดยด่วน !!! ความสูงระดับข้อเท้า น้ำท่วมมาแล้วน้อยกว่า 1 ชั่วโมง,https://storage.googleapis.com/traffy_public_bucket/attachment/2026-10/39237a209c01db151b0dac91096af865.jpeg
2026-RTFX2G,inprogress,2026-10-03 11:51,2026-10-03 12:08,100.63197,13.89489,สายไหม,คลองถนน,น้ำยังท่วมขัง บริเวณอาคาร 45 - 50 ความสูงระดับหน้าแข้ง น้ำท่วมมาแล้วมากกว่า 1 สัปดาห์,https://storage.googleapis.com/traffy_public_bucket/attachment/2026-10/af3b00da76a032cab75035579fa5f404.jpeg
2026-YKEJ6M,inprogress,2026-10-03 11:52,2026-10-03 14:40,100.67746,13.84199,คันนายาว,คันนายาว,น้ำท่วมแค่ตรงบ้านผมตรงอื่นลดหมดแล้ว แต่ตรงหน้าบ้านผมท่อตันไม่สามารถระบายน้ำลงท่อได้ ความสูงระดับหน้าแข้ง น้ำท่วมมาแล้วมากกว่า 1 สัปดาห์,https://storage.googleapis.com/traffy_public_bucket/attachment/2026-10/f03e3192ae31356779d76d0063190447.jpeg
2026-TWFTCG,inprogress,2026-10-03 11:54,2026-10-05 14:58,100.7427,13.82424,มีนบุรี,มีนบุรี,น้ำท่วมขังภายในหมู่บ้านฟ้านันทวัน มีนบุรี คู้ซ้าย ถ.ประชาร่วมใจ เขตมีนบุรี 10510 **การเดินทางลำบาก รถเล็ก มอเตอร์ไซด์ ไม่สามารถวิ่งผ่านน้ำท่วมได้ ท่วมขังเกินหนึ่งสัปดาห์ น้ำมีกลิ่น ความสูงระดับใน หมู่ บ้าน 40 cm ครับ น้ำท่วมมาแล้วสูงต่ำไม่เท่ากัน,https://storage.googleapis.com/traffy_public_bucket/attachment/2026-10/99e433b6a04cfee37400267f674cbb70.jpeg
2026-ADF6NT,inprogress,2026-10-03 11:55,2026-10-05 14:57,100.71259,13.80939,มีนบุรี,มีนบุรี,น้ำท่วมล้อมบ้านและเข้าตัวบ้านชั้นล่างตั้งแต่26/09/2569 เลขที่50 ซอยรามอินทรา86แยก3 แขวง/เขตมีนบุรี กทม ความสูงระดับในบ้านระดับข้อเท้า พื้นที่รอบบ้านระดับหน้าแข้ง ถนนรอบบ้านหน้าแข้ง น้ำท่วมมาแล้วตั้งแต่วันที่26/09/2569,https://storage.googleapis.com/traffy_public_bucket/attachment/2026-10/0d06f4b41bd9c57cd782024c0c41a3d2.jpeg
2026-KX7L2K,inprogress,2026-10-03 11:57,2026-10-03 12:00,100.69983,13.72789,ประเวศ,ประเวศ,ตอนนี้หมู่บ้านน้ำท่วมขัง และเริ่มเน่าเสีย บริเวณหน้าบ้านประมาณหน้าแข้ง ตั้งแต่วันที่ 25 (ประมาณ 8 วัน),https://storage.googleapis.com/traffy_public_bucket/attachment/2026-10/dcefae681cad21013398c5f95e7774fe.jpeg
2026-Y994W3,inprogress,2026-10-03 11:57,2026-10-05 14:57,100.71984,13.79908,มีนบุรี,มีนบุรี,เรื่อง: ขอความช่วยเหลือเร่งด่วน น้ำท่วมขังและส่งกลิ่นเหม็นเน่า ซอยรามคำแหง 174 หมวดหมู่: น้ำท่วม / ท่อระบายน้ำ / ความสะอาด สถานที่เกิดเหตุ: ซอยรามคำแหง 174 แขวงมีนบุรี เขตมีนบุรี กรุงเทพมหานคร (จุดสังเกต: ช่วงบริเวณใกล้โรงเรียนสอนสโมสร MantaKids สุขาภิ,https://storage.googleapis.com/traffy_public_bucket/attachment/2026-10/0576a9dc5350df3266819e07c9243414.jpeg
2026-FZPDFK,start,2026-10-03 12:04,2026-10-03 12:04,100.73722,13.76389,ลาดกระบัง,คลองสองต้นนุ่น,บ้านผมอยู่ในการเคหะร่มเกล้า ถูกน้ำท่วมตั้งแต่คืนวันที่ 25 จนถึงวันนี้ น้ำท่วมล้อมบ้านและทะลักเข้าบ้าน ข้าวของเสียหาย รถยนต์จมน้ำ มอเตอร์ไซค์จมน้ำ ตู้เย็นพัง และข้าวของอื่นๆเกิดความเสียหาย ความสูงระดับน้ำท่วมประมาณ 1 เมตร 20 เซ็นต์ หน้าบ้าน น้ำท่วมมาแล้วโด,https://storage.googleapis.com/traffy_public_bucket/attachment/2026-10/fc668662529c73a8b3cc5ec83d338875.jpeg
2026-BWLXJK,inprogress,2026-10-03 12:07,2026-10-03 13:50,100.60717,13.87434,บางเขน,อนุสาวรีย์,น้ำท่วมระดับแข้ง ความสูงระดับหน้าแข้ง น้ำท่วมมาแล้วน้อยกว่า 1 ชั่วโมง,https://storage.googleapis.com/traffy_public_bucket/attachment/2026-10/42419e9a4efcf0228ef2cda71e41c53f.jpeg
2026-RH2DAU,inprogress,2026-10-03 12:07,2026-10-05 14:56,100.80728,13.83718,มีนบุรี,แสนแสบ,น้ำท่วมที่อยู่อาศัยวันที่ 9 แล้ว ลึกประมาณ 40 ซม. ระดับน้ำยังไม่มีทีท่าจะลดลง ความสูงระดับหัวเข่า น้ำท่วมมาแล้วมากกว่า 1 สัปดาห์,https://storage.googleapis.com/traffy_public_bucket/attachment/2026-10/8568290788e57395017dea7070771872.jpeg
2026-JRBCX3,inprogress,2026-10-03 12:08,2026-10-03 13:51,100.60445,13.87183,บางเขน,อนุสาวรีย์,น้ำท่วม คลองเริ่มเอ่อล้นสูงกว่าถนน ท่อเริ่มตัน ความสูงระดับข้อเท้า และกำลังสูงขึ้นเรื่อยๆ อย่างรวดเร็ว น้ำท่วมมาแล้วน้อยกว่า 1 ชั่วโมง,https://storage.googleapis.com/traffy_public_bucket/attachment/2026-10/3abfa5ff9e35a7a9128ca17d93e4170f.jpeg
2026-EUUN3L,inprogress,2026-10-03 12:09,2026-10-03 13:51,100.61786,13.86566,บางเขน,อนุสาวรีย์,น้ำท่วมซอยรามอินทรา 21 ความสูงระดับข้อเท้า น้ำท่วมมาแล้วน้อยกว่า 3 ชั่วโมง,https://storage.googleapis.com/traffy_public_bucket/attachment/2026-10/thumb_aa39849e354255e55f9441e9a783389e.jpg
2026-GD7YTE,start,2026-10-03 12:12,2026-10-03 12:12,100.86362,13.72754,ลาดกระบัง,ขุมทอง,ถนนขุมทอง-ลำต้อยติ่ง ตอนนี้น้ำท่วมสูง อย่างทราบว่สกำลังดำเนินการแก้ไขอย่างไรอยู่บ้างคะ ความสูงระดับหัวเข่า ที่ถนน,https://storage.googleapis.com/traffy_public_bucket/attachment/2026-10/95ff671bc714c4ac116c2df6eabaefc4.jpeg
2026-P4KB6W,start,2026-10-03 12:12,2026-10-03 12:12,100.86362,13.72754,ลาดกระบัง,ขุมทอง,ถนนขุมทอง-ลำต้อยติ่ง ตอนนี้น้ำท่วมสูง อย่างทราบว่สกำลังดำเนินการแก้ไขอย่างไรอยู่บ้างคะ ความสูงระดับหัวเข่า 7วัน,https://storage.googleapis.com/traffy_public_bucket/attachment/2026-10/2a492cb2d93f27bf803be4acd7f3435b.jpeg
2026-W8GV86,inprogress,2026-10-03 12:13,2026-10-05 11:48,100.71625,13.78604,มีนบุรี,มีนบุรี,มีน้ำท่วมขังบริเวณหน้าบ้าน ความสูงระดับหน้าแข้ง น้ำท่วมมาแล้วมากกว่า 1 สัปดาห์,https://storage.googleapis.com/traffy_public_bucket/attachment/2026-10/6b27624cb80323a375441aa0c8183fe9.jpeg
2026-8U4PK9,inprogress,2026-10-03 12:15,2026-10-03 13:52,100.6074,13.87373,บางเขน,อนุสาวรีย์,น้ำท่วมอีกแล้วค่ะ ความสูงระดับ10นาทีค่ะ น้ำท่วมมาแล้วท่วมเลยข่อเท้าแล้วค่ะตอนนี้,https://storage.googleapis.com/traffy_public_bucket/attachment/2026-10/2a208bcd5d9d77c6b8cf63617547ba3c.jpeg
2026-VLYWRJ,start,2026-10-03 12:16,2026-10-03 12:16,100.73971,13.7234,ลาดกระบัง,ลาดกระบัง,เนื่องจากขณะนี้น้ำในถนนลาดกระบังช่วงซอย 3 ถึงซอย 3/1 ยังมีน้ำท่วมขังสูง ลูกบ้านในโครงการ centro อ่อนนุชลาดกระบัง ไม่สามารถออกไปข้างนอกได้ จึงอยากมีรถสูงเพื่อรับส่งลูกบ้านเป็นช่วงเวลา เช้าและเย็น ความสูงระดับหัวเข่า น้ำท่วมมาแล้วมากกว่า 1 สัปดาห์,https://storage.googleapis.com/traffy_public_bucket/attachment/2026-10/f3dd99c4a49261c72f3803f79a977b56.jpeg
2026-92YBFV,inprogress,2026-10-03 12:17,2026-10-03 14:14,100.69313,13.79259,คันนายาว,คันนายาว,ท้ายซอยเสรีไทย 50 บริเวณริมบึงปัจจุบันน้ำยังท่วมสูงอยู่ระดับประมาณหัวเข่า อยากให้เจ้าหน้าที่ดำเนินการสูบน้ำออก ความสูงระดับหัวเข่า น้ำท่วมมาแล้วมากกว่า 1 สัปดาห์,https://storage.googleapis.com/traffy_public_bucket/attachment/2026-10/8ac5acd6851a1d94bdb177251d120a5f.jpeg
2026-VEH7U2,inprogress,2026-10-03 12:21,2026-10-03 21:07,100.6712,13.74754,สะพานสูง,สะพานสูง,เป็นประชากรจำนวน16ครัวเรือน อยู่ซอยเล็กๆ ลูกรัง ซอยกรุงเทพกรีฑา 15/2 อยู่ในชุมชนวังใหญ่พัฒนาค่ะ น้ำท่วมเข้าวันที่8น้ำเริ่มยุบบ้างแล้ว แต่ในซอยยังท่วมขังอยู่ ขอถุงยังชีพบ้างเถอะค่ะคุณ เพราะคนในซอยส่วนใหญ่ทำงานสนามกอล์ฟ สนามท่วมจนมิดยังไม่รู้จะได้เริ่มงานเม,https://storage.googleapis.com/traffy_public_bucket/attachment/2026-10/thumb_21083eeb06b9f9b202d6ffd7af7b3fda.jpg
2026-CLLGXN,inprogress,2026-10-03 12:22,2026-10-03 21:22,100.69635,13.74708,สะพานสูง,สะพานสูง,ระบายน้ำหน่อยครับน้ำเน่ามา7วันแล้วไม่ได้ไปทำงานครับมอเตอร์ไซค์ไปไม่ได้ ความสูงระดับหัวเข่า น้ำท่วมมาแล้วมากกว่า 1 สัปดาห์,https://storage.googleapis.com/traffy_public_bucket/attachment/2026-10/b4cdc792172120ca123f0a27cda0c6bb.jpeg
2026-2GZKW4,inprogress,2026-10-03 12:23,2026-10-03 13:52,100.60617,13.87567,บางเขน,อนุสาวรีย์,มาอีกแล้วครับ 8ซม. น้ำท่วมมาแล้วน้อยกว่า 1 ชั่วโมง,https://storage.googleapis.com/traffy_public_bucket/attachment/2026-10/a35fd40ac7a24ebdacc6c6d61f0a4526.jpeg
2026-TEGKZK,inprogress,2026-10-03 12:23,2026-10-05 08:33,100.48064,13.75891,บางกอกน้อย,ศิริราช,ทางระบายน้ำ หรือลำประโดงอุดตัน ทำให้เวลาฝนตกน้ำไม่ใหล ทำให้เกิดน้ำท่วมขึ้นมาบนถนน ขอเสนอทางแก้คือการมาลอกท่อ ให้ระบายน้ำได้สะดวกครับ ความสูงระดับข้อเท้า น้ำท่วมมาแล้วมากกว่า 1 สัปดาห์,https://storage.googleapis.com/traffy_public_bucket/attachment/2026-10/85087061941d70e8991cfa549abeb813.jpeg
2026-8RLCFN,finish,2026-10-03 12:25,2026-10-03 13:54,100.60716,13.89004,บางเขน,อนุสาวรีย์,ที่ถนนเทพรักษ์ฝนตก 30 นาทีตอนนี้น้ำขึ้นเร็วมาก ท่วมถนนกำลังจะเข้าหน้าคอนโดสูงกว่า 20 cm แล้ว สามารถประกาศภัยพิบัติรอบนี้ได้ไหม ให้รับการเยียวยาของประกันภัยรัฐบาลอีกรอบได้ไหมและช่วยมาดูการดูดน้ำด้วยครับ สถานการณ์วันที่ 3 ตุลาคมเวลา 12:00 น ความสูงระดับข้อ,https://storage.googleapis.com/traffy_public_bucket/attachment/2026-10/thumb_8e1f87fc958ef14d2f20c4049a315321.jpg
2026-W3G3GL,inprogress,2026-10-03 12:26,2026-10-03 12:55,100.87086,13.78891,หนองจอก,ลำต้อยติ่ง,น้ำท่วมขังที่ซอยร่วมพัฒนาทั้งเส้น และซอยในบ้านที่อยู่คือซอยร่วมพัฒนา6/4 น้ำท่วมตั้งแต่วันที่ 25 น้ำขึ้นตลอดไม่ลดเลย ไม่สามารถเดินทางออกไปนอกบ้านได้ ต้องการเครื่องสูบน้ำหรือมาระบายน้ำในซอยให้ทีเพราะน้ำเหนือกำลังจะมาเพิ่มอีกแต่น้ำยังไม่ลดมีแต่เพิ่ม ความสูงร,https://storage.googleapis.com/traffy_public_bucket/attachment/2026-10/thumb_f673ccd30b7b026781e44f8bc5219867.jpg
2026-P8ULMD,inprogress,2026-10-03 12:28,2026-10-03 12:54,100.87087,13.78892,หนองจอก,ลำต้อยติ่ง,น้ำท่วมขังที่ซอยร่วมพัฒนาทั้งเส้น และซอยในบ้านที่อยู่คือซอยร่วมพัฒนา6/4 น้ำท่วมตั้งแต่วันที่ 25 น้ำขึ้นตลอดไม่ลดเลย ไม่สามารถเดินทางออกไปนอกบ้านได้ ต้องการเครื่องสูบน้ำหรือมาระบายน้ำในซอยให้ทีเพราะน้ำเหนือกำลังจะมาเพิ่มอีกแต่น้ำยังไม่ลดมีแต่เพิ่ม #ขอกระสอ,https://storage.googleapis.com/traffy_public_bucket/attachment/2026-10/e7b1267c581c6a3ee6b8bbe8442b71cd.jpeg
2026-7TTADV,inprogress,2026-10-03 12:29,2026-10-03 13:58,100.77011,13.8387,คลองสามวา,ทรายกองดินใต้,อยากขอให้มาทำทางเดินไม้ในซอยให้เดินไม่ต้องย้ำน้ำ เพราะน้ำเน่า และปลิงเยอะ น้ำไม่ได้ท่วมหมดทั้งซอย แต่จะลึกเป็นช่วงๆ กระสอบทรายไม่น่าจะตอบโจทย์ตอนนี้แล้ว #ขอกระสอบทราย/อื่นๆ,https://storage.googleapis.com/traffy_public_bucket/attachment/2026-10/e1a0067e89cb4c4ed1c139ab223e7023.jpeg
2026-DXFMRN,forward,2026-10-03 12:29,2026-10-05 15:31,100.58244,13.78219,ห้วยขวาง,ห้วยขวาง,ขอแจ้งปัญหาน้ำท่วมขังรอการระบาย บริเวณสี่แยกหน้าร้านข้าวต้มนำชัย (ใกล้คอนโดฯ ดิเอกเซล รัชดา 18) ถนน 20 มิถุนา เขตห้วยขวาง ครับ จุดนี้เป็นแอ่งน้ำท่วมง่ายมาก ฝนตกหนักแค่ 5 นาที น้ำก็ท่วมสูงถึงครึ่งล้อรถแล้ว และระบายน้ำช้ามาก สองวันที่ผ่านมาน้ำท่วมขังต่อเน,https://storage.googleapis.com/traffy_public_bucket/attachment/2026-10/238765fef83ca31f43d06991ff5ae70b.jpeg
2026-L8PMUX,finish,2026-10-03 12:31,2026-10-03 21:47,100.69344,13.74539,สะพานสูง,สะพานสูง,ซ่อมบ้าน เอวครับ 8วันแล้ว ตั้งแต่ศุกร์ที่แล้ว น้ำเน่าแล้วด้วย,https://storage.googleapis.com/traffy_public_bucket/attachment/2026-10/d6a613a61e1c3b8d69f7c15c4ed209ba.jpeg
2026-H4JVTT,inprogress,2026-10-03 12:32,2026-10-03 12:52,100.83204,13.78462,หนองจอก,ลำผักชี,ขอข้าวน้ำน้ำท่วมให้ผู้ประสบภัยซอยสุวินทวงศ์64 #ขอกระสอบทราย/อื่นๆ,https://storage.googleapis.com/traffy_public_bucket/attachment/2026-10/de69b292a2baea9e53a90d42af5d89ae.jpeg
2026-6XW7RP,inprogress,2026-10-03 12:35,2026-10-05 09:41,100.6481,13.77894,บางกะปิ,คลองจั่น,ไม่พบช่องทางยื่นขอเยียวยาน้ำท่วม ความสูงระดับหัวเข่า แต่ตอนนี้ลดแล้วครับ,https://storage.googleapis.com/traffy_public_bucket/attachment/2026-10/863ec94aaf950ca788f91fdb31ca1d30.jpeg
2026-RPD9R9,inprogress,2026-10-03 12:35,2026-10-03 12:54,100.82235,13.80737,หนองจอก,ลำผักชี,ซอย 48 แยก 1 สุวินทวงศ์ น้ำท่วมยังไม่ลด ซอย 52 สุวินทวงศ์น้ำท่วม ช่วยมาทำให้น้ำลดด้วยเดินทางออกไปข้างนอกลำบาก หน้าแข้งถึงหัวเข่ามุดบนแผนที่ไม่ตรง 25 ก.ย.69 จนปัจจุบันตามภาพ,https://storage.googleapis.com/traffy_public_bucket/attachment/2026-10/43a5d5bb74fa974322a4e09e7f06c718.jpeg
2026-7D6MMG,inprogress,2026-10-03 12:39,2026-10-03 14:50,100.68656,13.66972,ประเวศ,ดอกไม้,น้ำเน่าเอ่อขึ้นตามท่อเข้าบ้าน น้ำท่วม 8วันแล้ว ความสูงระดับหน้าแข้ง น้ำท่วมมาแล้วมากกว่า 1 สัปดาห์,https://storage.googleapis.com/traffy_public_bucket/attachment/2026-10/267b94b8ce7fbe832838da6ded456a2d.jpeg
2026-9WMU66,inprogress,2026-10-03 12:39,2026-10-03 17:15,100.6061,13.80338,ลาดพร้าว,ลาดพร้าว,บ้านอยู่ในซอยนาคนิวาส19 พื้นบ้านเสมอเรียบกับถนน ครั้งที่ผ่านมาน้ำเอ่อเข้ามาภายในบ้าน จึงต้องการกระสอบทราบมาป้องกันน้ำท่วม #ขอกระสอบทราย/อื่นๆ,https://storage.googleapis.com/traffy_public_bucket/attachment/2026-10/02ca28539fccb6ecbe6778af366c4908.jpeg
2026-YVTM4K,inprogress,2026-10-03 12:41,2026-10-03 21:08,100.69845,13.73948,สะพานสูง,สะพานสูง,ถนนใหญ่หน้าปากซอยแห้งหมดแล้ว แต่น้ำยังท่วมขังสูงเฉพาะในซอย 4B คาดว่าขยะอุดตันทางระบายน้ำออกปากซอย หรือระดับปากซอยสูงกว่าด้านใน ทำให้น้ำขังไหลออกไม่ได้ ขอความอนุเคราะห์ส่งเจ้าหน้าที่มาช่วยกระทุ้งท่อ/ล้างขยะปากซอย หรือเอารถสูบน้ำมาช่วยสูบออกลงถนนใหญ่ครับ คว,https://storage.googleapis.com/traffy_public_bucket/attachment/2026-10/76a5397511fde950f456fd8899af5265.jpeg
2026-2E4NFC,inprogress,2026-10-03 12:45,2026-10-03 12:53,100.88038,13.75746,หนองจอก,ลำต้อยติ่ง,ย่านถนนร่วมพัฒนา บริเวณคลองลำวังคาและลำต้อยติ่ง มีบ้านเรือนถูกน้ำท่วมขังมานานกว่าหนึ่งสัปดาห์ ส่งผลให้ประชาชนที่อาศัยอยู่ภายในซอยวิบูลย์สาธุกิจได้รับความเดือดร้อนและขาดแคลนอาหาร ขอความอนุเคราะห์ส่งทีมงานเข้าพื้นที่เพื่อเร่งผลักดันน้ำออกและให้ความช่วยเหลือ,https://storage.googleapis.com/traffy_public_bucket/attachment/2026-10/07ace0194e9b4f2d43472f5a7c32a835.jpeg
2026-4JDYMF,inprogress,2026-10-03 12:47,2026-10-03 21:09,100.70131,13.78465,สะพานสูง,สะพานสูง,ในซอยน้ำท่วมสูงออกไม่ได้อยากทราบว่าจะมีหน่วยงานไหนเข้าช่วยดึงน้ำออกบ้างพอให้รถเข้าออกได้โทรเขตสายไม่ว่างเลย ความสูงระดับในบ้านจะประมาณ20ซมแต่ในซอยสูงเกิน50ซมรถออกไม่ได้ช่วยดึงน้ำออกให้พอรถออกได้ น้ำท่วมมาแล้ว9วันคะ,https://storage.googleapis.com/traffy_public_bucket/attachment/2026-10/91ecaa50a3f47bb8a0899b1fd4bf3a18.jpeg
2026-FCECCD,inprogress,2026-10-03 12:49,2026-10-03 13:56,100.60763,13.89543,บางเขน,อนุสาวรีย์,น้ำท่วมขัง ท่อระบายน้ำ น้ำล้นท่อรบกวนมาลอกท่อ ความสูงระดับซอย พหลโยธิน 69/8 น้ำท่วมมาแล้วน้อยกว่า 1 สัปดาห์,https://storage.googleapis.com/traffy_public_bucket/attachment/2026-10/3d1b668829b49f1bc01238d7ee6ddda5.jpeg
2026-BEJETB,start,2026-10-03 12:50,2026-10-03 12:50,100.72124,13.72159,ลาดกระบัง,ลาดกระบัง,สวัสดีครับ รบกวนหน่วยงานรัฐช่วยแก้ปัญหาน้ำท่วมขังที่ถนนลาดกระบังหน่อยได้มั้ยครับ น้ำสูงรถสัญจรลำบากมาสัปดาห์นึงแล้วครับระดับน้ำไม่ลดลงเลย ผมเดินทางไปไหนไม่ได้เลย ความสูงระดับตอนนี้ระดับเลยเข่าครับ รถจักรยานยนต์ออกจากซอยไปไม่ได้เลย น้ำท่วมมาแล้วมากกว่า 1 ส,https://storage.googleapis.com/traffy_public_bucket/attachment/2026-10/8c10f9a7f6c07cc18ac6ca8375136277.jpeg
2026-HFGVM6,forward,2026-10-03 12:54,2026-10-03 13:21,100.78814,13.83101,มีนบุรี,แสนแสบ,สวัสดีค่ะ ในชุมชนเจียระไน น้ำท่วม เข้ามาในบ้าน ตั้งแต่ วันที่ 26 กันยายน 2569 แล้วค่ะ สิ่งที่ขอไปคือขอให้ กทม. สูบน้ำค่ะ และ ขอรับเงินเยียวยาไปค่ะ แต่ ออปทางรัฐ ส่งข้อความตอบกลับมาว่า เขตมีนบุรี ไม่อยู่ในขอบเขต ความสูงระดับเอว น้ำท่วมมาแล้วมากกว่า 1 สัปดา,https://storage.googleapis.com/traffy_public_bucket/attachment/2026-10/9cdc355538b3088393ba5688c4bf85f5.jpeg
2026-J6LNFT,inprogress,2026-10-03 12:54,2026-10-03 13:56,100.64453,13.85949,บางเขน,ท่าแร้ง,บ้านอยู่ในซอยวัดศิริพงษ์ ตรงข้าม ซอยประยูรทอง บ้านต่ำกว่าถนน อยากได้กระสอบทราย มากันน้ำค่ะ กับอุดท่อค่ะ จำนวนมาก #ขอกระสอบทราย/อื่นๆ,https://storage.googleapis.com/traffy_public_bucket/attachment/2026-10/4ab18b55bad3bc88772bfc47881ddaa8.jpeg
2026-PYPLFX,start,2026-10-03 12:55,2026-10-03 12:55,100.72156,13.72103,ลาดกระบัง,ลาดกระบัง,น้ำท่วมขัง ระดับหัวเข่า ที่หน้า ดีคอนโด อ่อนนุชสุวรรณภูมิ มากกว่าหนึ่งสัปดาห์ อยากให้ช่วยแก้ไขโดยด่วน ไปทำงานลำบากมากค่ะ ความสูงระดับหัวเข่า น้ำท่วมมาแล้วมากกว่า 1 สัปดาห์,https://storage.googleapis.com/traffy_public_bucket/attachment/2026-10/c9fbeda44f1d65e44e7bc26d45a69ad0.jpeg
2026-TZ93PB,start,2026-10-03 12:55,2026-10-03 12:55,100.72141,13.72183,ลาดกระบัง,ลาดกระบัง,น้ำขังบริเวณหน้า D Condo ไม่ลดระดับมาหลายวัน สวสัยว่าอาจจะมีท่อตันครับ อยากรบกวนตรวจสอบเนื่องจากน้ำขังค่อนข้างสูง รถเล็กสัญจรไม่ได้ เลนซ้ายสุดประมาณเหนือเข่าได้ครับ แปดวันครับ,https://storage.googleapis.com/traffy_public_bucket/attachment/2026-10/a4359e8d5bb9436693e9802814565248.jpeg
2026-LWRPCT,start,2026-10-03 12:57,2026-10-03 12:57,100.75064,13.72173,ลาดกระบัง,ลาดกระบัง,น้ำท่วมมาเกิน1 weekและคีับน้ำเริ่มเน่า ความสูงระดับ60-70เซน ระดับเอวตามรูปครับ น้ำท่วมมาแล้วครบ1สัปดาห์และครับ,https://storage.googleapis.com/traffy_public_bucket/attachment/2026-10/85bb1b611435e66453cebb5c88623dcc.jpeg
2026-9674TJ,finish,2026-10-03 13:02,2026-10-03 21:16,100.69295,13.78582,สะพานสูง,สะพานสูง,น้ำท่วมขังในซอยหลายวันที่ผ่านมา น้ำขังในบ้านดิฉันด้วย ตอนนี้ดีขึ้นแล้วแต่ข้าวของเสียหาย บ้านเช่าได้รับผลกระทบจากน้ำท่วมครั้งนี้ ฉันลงทะเบียนไปแล้ว สามารถส่งภาพมาทางนี้ได้มั้ยคะ หรือต้องไปยื่นที่เขต ความสูงระดับหน้าแข้ง น้ำท่วมมาแล้วน้อยกว่า 1 สัปดาห์,https://storage.googleapis.com/traffy_public_bucket/attachment/2026-10/bf280ca0bf2e6f187889ef504cdcc8e9.jpeg
2026-UVJ44L,inprogress,2026-10-03 13:02,2026-10-05 11:46,100.78664,13.82898,มีนบุรี,แสนแสบ,แจ้งแก้ไขน้ำท่วมขังในหมู่บ้าน ความสูงระดับหน้าแข้ง น้ำท่วมมาแล้ว8 วัน,https://storage.googleapis.com/traffy_public_bucket/attachment/2026-10/e4d322d981fc3aa271f2eb89e89a67db.jpeg
2026-GZGF3C,forward,2026-10-03 13:05,2026-10-05 09:20,100.74804,13.83157,คลองสามวา,ทรายกองดินใต้,น้ำท่วมแถมมีขี้วัวลอยมาหน้าบ้านเต็มไปหมดเรย ความสูงระดับเกือบ2เมตรค่ะ น้ำท่วมมาแล้วตั้งแต่วันที่25กันยาค่ะ,https://storage.googleapis.com/traffy_public_bucket/attachment/2026-10/8b1cbc169d16c23a91f82ebea76cd7bf.jpeg
2026-Z9NFW6,finish,2026-10-03 13:05,2026-10-03 13:33,100.69432,13.84455,คลองสามวา,บางชัน,คอยล์ร้อนแอร์จมน้ำซ่อมได้ไหมคะ ความสูงระดับหัวเข่า น้ำท่วมมาแล้วน้อยกว่า 1 สัปดาห์,https://storage.googleapis.com/traffy_public_bucket/attachment/2026-10/df417ae63b90e3f90bde7a260238a29c.jpeg
2026-BGRKLC,start,2026-10-03 13:08,2026-10-03 13:08,100.72148,13.722,ลาดกระบัง,ลาดกระบัง,บริเวณถนนหน้าดีคอนโดน้ำสูง ไม่ลดเลยค่ะ สัญจรลำบาก คนเดินก็ลำบาก คลื่นแรงจากรถที่ขับผ่าน ความสูงระดับหัวเข่า น้ำท่วมมาแล้วมากกว่า 1 สัปดาห์,https://storage.googleapis.com/traffy_public_bucket/attachment/2026-10/0c001a4636634586c798d1886f0b8601.jpeg
2026-MTEZX4,inprogress,2026-10-03 13:08,2026-10-05 11:45,100.78808,13.82977,มีนบุรี,แสนแสบ,น้ำท่วมขังในหมู่บ้าน ความสูงระดับหน้าแข้ง น้ำท่วมมาแล้วมากกว่า 1 สัปดาห์,https://storage.googleapis.com/traffy_public_bucket/attachment/2026-10/1db2ab484182e8b4f04be8fb4e461e49.jpeg
2026-X9E8XP,inprogress,2026-10-03 13:10,2026-10-03 13:56,100.60709,13.88985,บางเขน,อนุสาวรีย์,น้ำท่วมถนนเทพรักษ์หน้าเอพพิโซดคอนโดมิเนียมครับ ความสูงระดับหน้าแข้ง น้ำท่วมมาแล้วน้อยกว่า 1 ชั่วโมง,https://storage.googleapis.com/traffy_public_bucket/attachment/2026-10/b447e5f2ba674f2ef1b7e0a9aa0dc7a4.jpeg
2026-FECX2G,finish,2026-10-03 13:13,2026-10-05 09:01,100.638,13.89899,สายไหม,คลองถนน,เครื่องใช้ไฟฟ้าเสียสาเหตุจากน้ำท่วมค่ะ ความสูงระดับท่วม 25 กันยายนถึงวันที่ 2 ตุลาคมค่ะ น้ำท่วมมาแล้วท่วม 25 กันยายนถึงวันที่ 2 ตุลาคมค่ะตอนนี้น้ำลดลงแล้วค่ะ,https://storage.googleapis.com/traffy_public_bucket/attachment/2026-10/3cd3f300d261d25e4725f495d3eadc7f.jpeg
2026-H68CLL,inprogress,2026-10-03 13:13,2026-10-03 20:47,100.88353,13.79343,หนองจอก,ลำต้อยติ่ง,น้ำท่วมขังมาเป็นเวลา1อาทิตย์ยังไม่มีหน่วยงานไหนเข้ามาช่วยเหลือเรื่องการระบายน้ำค่ะ ระดับในซอยสูงทำให้เข้าออกลำบากค่ะ อยากได้รับการช่วยเหลือค่ะ ขอบคุณค่ะ🥲 ความสูงระดับหน้าแข้ง น้ำท่วมมาแล้วมากกว่า 1 สัปดาห์,https://storage.googleapis.com/traffy_public_bucket/attachment/2026-10/a038ec1b73b7e77595c42ea4f3678c4f.jpeg
2026-M3E8C4,inprogress,2026-10-03 13:14,2026-10-03 20:47,100.87854,13.79925,หนองจอก,ลำต้อยติ่ง,น้ำท่วมขังทั้งซอยเป็นเวลา8วัน ไม่มีหน่วยงานไหนเข้ามา ความสูงระดับเลยหัวเข่าขึ้นมาอีกค่ะ น้ำท่วมมาแล้ว8วันค่ะ ตั้งแต่วันที่26ก.ย,https://storage.googleapis.com/traffy_public_bucket/attachment/2026-10/49fee81f8d95ec8710c8fe4215dc47c0.jpeg
2026-UB34B8,inprogress,2026-10-03 13:14,2026-10-03 20:47,100.80246,13.78223,หนองจอก,ลำผักชี,น้ำท่วมขังสูงเกินเข่ามา 8 วันแล้วค่ะ ต้องการเครื่องสูบน้ำมาสูบน้ำออกจากซอยค่ะ ความสูงระดับหัวเข่า น้ำท่วมมาแล้วมากกว่า 1 สัปดาห์,https://storage.googleapis.com/traffy_public_bucket/attachment/2026-10/0674d501da84484289b72e583c65d348.jpeg
2026-TWYV49,irrelevant,2026-10-03 13:16,2026-10-03 13:39,100.68711,13.84779,คลองสามวา,บางชัน,ไม่แสดงรายละเอียด,https://storage.googleapis.com/traffy_public_bucket/TeamChadChart/fondue_photo.png
2026-PX89Y2,start,2026-10-03 13:19,2026-10-03 13:19,100.74828,13.73563,ลาดกระบัง,คลองสามประเวศ,น้ำท่วมขัง เนื่องจากฝนตกเมื่อวันศุกร์เสาร์ที่ผ่าน มา ซึ่งไม่ติดกับคลองไดๆ อยากให้สูบน้ำภายในซอย ออกไปยัง รางน้ำฝนในถนนเส้นหลักครับ ความสูง 30-50 cm แล้วแต่พื้นที่ค่ะ ความสูงระดับหัวเข่า น้ำท่วมมาแล้วมากกว่า 1 สัปดาห์,https://storage.googleapis.com/traffy_public_bucket/attachment/2026-10/f072851da1aa59be30925ebd39efdd9f.jpeg
2026-8HGHXD,inprogress,2026-10-03 13:23,2026-10-03 13:57,100.6128,13.86633,บางเขน,อนุสาวรีย์,ซอยรามอินทรา 13/1 หลังฝนตกทุกครั้งน้ำท่วมขังหลายชั่วโมงเดินเข้าออกลำบากมากครับ ความสูงระดับหน้าแข้ง น้ำท่วมมาแล้วน้อยกว่า 3 ชั่วโมง,https://storage.googleapis.com/traffy_public_bucket/attachment/2026-10/d209d1b26f9dad0fb5d0746a9669de2e.jpeg
2026-NLNJ94,inprogress,2026-10-03 13:23,2026-10-05 11:44,100.78674,13.82889,มีนบุรี,แสนแสบ,น้ำท่วมขังในหมู่บ้าน ความสูงระดับหน้าแข้ง น้ำท่วมมาแล้วมากกว่า 1 สัปดาห์,https://storage.googleapis.com/traffy_public_bucket/attachment/2026-10/thumb_2a5253eef562971d1e5d6ca42f32652b.jpg
2026-BBDJ2K,inprogress,2026-10-03 13:27,2026-10-03 21:44,100.81717,13.7949,หนองจอก,ลำผักชี,น้ำท่วมหน้าบ้านเริ่มเน่าเหม็น มีปลิง #ขอกระสอบทราย/อื่นๆ,https://storage.googleapis.com/traffy_public_bucket/attachment/2026-10/543f5178b2ccbf5f6dc2b76b8486bb4d.jpeg
2026-EJ6CTJ,inprogress,2026-10-03 13:28,2026-10-05 11:42,100.74256,13.82479,มีนบุรี,มีนบุรี,หมู่บ้านบ้านฟ้านันทวัน ถนนประชาร่วมใจ คู้ซ้าย แขวงมีนบุรี น้ำท่วมตั้งแต่วันที่ 26 กันยายน2569 ระดับน้ำสูงไม่เท่ากัน 40-50-60 เซนตติเมตรโดยเฉพาะท้ายหมู่บ้านลึกเลยหัวเข่ารถเล็กผ่านไม่ได้ ออกจากบ้านลำบากมากมาซื้อของตุนไว้ต้องเดินลุยน้ำแบกของไกลเป็นกิโลได้ ต้,https://storage.googleapis.com/traffy_public_bucket/attachment/2026-10/thumb_529e7195adb9deb2d6ca0ffd2658042b.jpg
2026-VX26GJ,inprogress,2026-10-03 13:28,2026-10-04 07:51,100.65895,13.78322,บึงกุ่ม,คลองกุ่ม,ซอยนวมินทร์ 24 ซอยอุเทน 20 ปัจจุบันน้ำยังท่วมขังอยู่ระดับ 50 cm รบกวนช่วยสูบน้ำ ความสูงระดับหัวเข่า น้ำท่วมมาแล้วมากกว่า 1 สัปดาห์,https://storage.googleapis.com/traffy_public_bucket/attachment/2026-10/5986a7cbcb7ea65c76362968eab13aa6.jpeg
2026-UA7MXT,start,2026-10-03 13:29,2026-10-03 13:29,100.72123,13.72189,ลาดกระบัง,ลาดกระบัง,มีน้ำท่วมคลังหน้าคอนโด เกิน7วันแล้วครับ ต้องการให้มีการดูดน้ำหน้าคอนโด ความสูงระดับ40-50cm น้ำท่วมมาแล้ว7วันแล้วครับ,https://storage.googleapis.com/traffy_public_bucket/attachment/2026-10/ab91dfbb846d0f6d1329a84bce98bfe6.jpeg
2026-PAZKYN,inprogress,2026-10-03 13:30,2026-10-05 11:41,100.78814,13.82785,มีนบุรี,แสนแสบ,น้ำท่วมขังในหมู่บ้านมีนบุรีการ์เดน์โฮม ความสูงระดับหัวเข่า น้ำท่วมมาแล้วมากกว่า 1 สัปดาห์,https://storage.googleapis.com/traffy_public_bucket/attachment/2026-10/22e35f558e736b5497eb1beea29ed2b2.jpeg
2026-ZEAKUT,inprogress,2026-10-03 13:31,2026-10-05 11:41,100.75938,13.79977,มีนบุรี,แสนแสบ,ติดตามสถานะเรื่องที่แจ้งไว้ 2026-9VHCHJ ความสูงระดับหน้าแข้ง น้ำท่วมมาแล้วมากกว่า 1 สัปดาห์,https://storage.googleapis.com/traffy_public_bucket/attachment/2026-10/df2743a9ee3d9124fd03eae28260ad44.jpeg
2026-4XDN8H,inprogress,2026-10-03 13:33,2026-10-05 11:40,100.78804,13.828,มีนบุรี,แสนแสบ,น้ำท่วมขังภายในหมู่บ้าน ความสูงระดับหน้าแข้ง น้ำท่วมมาแล้วมากกว่า 1 สัปดาห์,https://storage.googleapis.com/traffy_public_bucket/attachment/2026-10/560df2b9b0c08b8c16fb3007c9d3b45b.jpeg
2026-HM3J7K,inprogress,2026-10-03 13:33,2026-10-05 09:52,100.63517,13.77302,บางกะปิ,คลองจั่น,ตู้เย็น 14 คิวโดนน้ำท่วม ความสูงระดับหัวเข่า 40++,https://storage.googleapis.com/traffy_public_bucket/attachment/2026-10/ddde46bfafa44f67840b984993edccd4.jpeg
2026-V47GN7,inprogress,2026-10-03 13:33,2026-10-03 21:47,100.87345,13.74626,หนองจอก,ลำต้อยติ่ง,หมู่ที่ 2 ซอยร่วมพัฒนา 15 แขวงลำต้องติ่งเขตหนองจอก กทม.10530 น้ำยังไม่ลดเลยค่ะ น่าจะเกิน 7 วันแล้ว ยังไม่มีหน่วยงานไหนเข้ามาสำรวจเลย มีข้าวจากมูลนิธิร่มไทรมาจาก 1 ครั้ง ต้องพายเรือไปรับถนนซอย ทางเข้าลึกเลยหัวเข่า ในตัวบ้าน 40 ซม. รบกวนเข้ามาสำรวจด้วยนะคะ ,https://storage.googleapis.com/traffy_public_bucket/attachment/2026-10/3b1c55073b9a95379af72dfd6137f6b2.jpeg
2026-CUVEW9,inprogress,2026-10-03 13:35,2026-10-05 11:39,100.78809,13.83102,มีนบุรี,แสนแสบ,ขอชุดลุยน้ำ และ กระสอบทราย เนื่องจากการสูบน้ำ นั้น สูบออกไปด้านหลังบ้าน เกรงว่า ระดับน้ำหน้าบ้านลดลง จะไปเพิ่มระดับน้ำหลังบ้านค่ะ #ขอกระสอบทราย/อื่นๆ,https://storage.googleapis.com/traffy_public_bucket/attachment/2026-10/20c0754823fed4a6372703facd5e1494.jpeg
2026-P7672F,start,2026-10-03 13:35,2026-10-03 13:35,100.78815,13.74382,ลาดกระบัง,ลำปลาทิว,น้ำท่วม ใช้ชีวิตลำบาก ต้องเดินเข้าหมู่บ้าน ไม่มีลดเลย และน้ำเริ่มเน่า ต้องการให้ดำเนินการนำน้ำออกโดยเร็ว และขยะไม่เข้ามาเก็บเลย เป็นเวลา1สปแล้ว ขยะเริ่ทล้นแล้ว ความสูงระดับต้นขาค่ะ น้ำท่วมมาแล้วมากกว่า 1 สัปดาห์,https://storage.googleapis.com/traffy_public_bucket/attachment/2026-10/65ad7643ddbff88590e6a776c710115f.jpeg
2026-Z83NMN,inprogress,2026-10-03 13:37,2026-10-05 11:38,100.78681,13.82923,มีนบุรี,แสนแสบ,น้ำท่วม ความสูงระดับหน้าแข้ง น้ำท่วมมาแล้วมากกว่า 1 สัปดาห์,https://storage.googleapis.com/traffy_public_bucket/attachment/2026-10/73c201a32f55754a6d35b2b02f560f2a.jpeg
2026-GPL4C2,forward,2026-10-03 13:38,2026-10-05 09:20,100.69424,13.83,คลองสามวา,บางชัน,ซอยพระยาสุเรนทร์ 19 น้ำยังท่วมประมาณหน้าแข้ง ไม่ทราบว่าเมื่อไรจะมีหน่วยงานเข้ามาสูบน้ำออกจากซอยคะ เพราะถนนด้านนอกแห้งสนิทกันหมดแล้ว ในซอยนี้เหมือนอยู่คนละโลกกับข้างนอก ไปทำงานลำบากค่ะ เอารถเข้าไม่ได้ ตอนนี้เข้าได้แต่รถกระบะ ซึ่งไม่มีค่ะ มีแต่มอเตอร์ไซค์ ค,https://storage.googleapis.com/traffy_public_bucket/attachment/2026-10/56979b4f73f43c91bfaf08fc16883ea7.jpeg
2026-WRPKNF,inprogress,2026-10-03 13:40,2026-10-05 11:38,100.78691,13.82914,มีนบุรี,แสนแสบ,น้ำท่วมขังในหมู่บ้าน ความสูงระดับหน้าแข้ง น้ำท่วมมาแล้วมากกว่า 1 สัปดาห์,https://storage.googleapis.com/traffy_public_bucket/attachment/2026-10/7d5b3adc89f9c42b78b7a5392746fef5.jpeg
2026-RCFL8G,inprogress,2026-10-03 13:41,2026-10-03 21:47,100.84516,13.81627,หนองจอก,โคกแฝด,อยู่ซอยเชื่อมสัมพันธ์ 25 สุดทางเลี้ยวขวา ริมชายคลอง น้ำท่วมขังมาเป็นวันที่ 8 น้ำเีิ่มมีกลิ่น สภาพมีสีคลำ เวลาออกหรือเข้า ต้องลุยน้ำ บางครั้งมีปลิงเกาะเท้ามาด้วย ความช่วยเหลือเข้าไม่ถึง บางบ้านได้ความเดือดร้อนข้้าวของเสียหายเยอะ เรื่องของกินต้องช่วยเหลือตั,https://storage.googleapis.com/traffy_public_bucket/attachment/2026-10/1a57c8579ae92f30abbdcc99d1577062.jpeg
2026-24ZJJM,inprogress,2026-10-03 13:42,2026-10-03 13:59,100.62771,13.88355,บางเขน,ท่าแร้ง,น้ำท่วมขังส่งกลิ่นเหม็นรุนแรง ในซอยซุ้มเพชรขอนแก่น ชุมชนสุขฤดี หลังวัดหนองผักชีท่าแร้ง บางเขน กรุงเทพ 10220 ความสูงระดับครึ่งแข้งค่ะ น้ำท่วมมาแล้ว7 วันค่ะ,https://storage.googleapis.com/traffy_public_bucket/attachment/2026-10/f3b573b3e9e85fea0dae93e1a1df3201.jpeg
2026-WL48VG,start,2026-10-03 13:42,2026-10-03 13:42,100.72123,13.72189,ลาดกระบัง,ลาดกระบัง,น้ำขังหน้าคอนโดมา1อาทิตย์ละครับ อยากให้หน่วยงานเข้ามาดูหน่อยครับผม ความสูงระดับหน้าแข้ง น้ำท่วมมาแล้วมากกว่า 1 สัปดาห์,https://storage.googleapis.com/traffy_public_bucket/attachment/2026-10/1e2bdcdb202f84a6e0cfa61fc274ce26.jpeg
2026-B4PFZH,inprogress,2026-10-03 13:43,2026-10-05 11:35,100.75922,13.82541,มีนบุรี,แสนแสบ,น้ำท่วมในซอยมา9วันแล้ว ต้องการเอาน้ำออกจากซอยครับ ความสูงระดับหัวเข่า น้ำท่วมมาแล้วมากกว่า 1 สัปดาห์,https://storage.googleapis.com/traffy_public_bucket/attachment/2026-10/ecffab2b41a79297d12ccdf61a4e1e54.jpeg
2026-CB7L2D,inprogress,2026-10-03 13:46,2026-10-05 11:32,100.71605,13.78713,มีนบุรี,มีนบุรี,"น้ำท่วมขังในซอยมานานวันแล้ว ช่วยระบายให้หน่อยค่ะ น้ำเน่าและเหม็น ถนนด้านหลังซอยหมู่บ้านเพอร์เฟคเพลส รามคำแหง แยก 8,9,10,11 ซอยรามคำแหง164 ความสูงระดับเกือบถึงเข่าค่ะ น้ำท่วมมาแล้วตั้งแต่วันแรก",https://storage.googleapis.com/traffy_public_bucket/attachment/2026-10/9b780032c2e6478085eec0782a44ead9.jpeg
2026-9GED8E,inprogress,2026-10-03 13:49,2026-10-03 21:24,100.69745,13.78,สะพานสูง,สะพานสูง,น้ำยังล้อมบ้าน เกืน 8 วัน ออกไปไหน ไไม่ได้ ตั้งแต่ 25 กย จนถึง วันนี้ 3 ตค 2569 เวลา 13.42 น้ำวันแรก 70cmm วันนี้ ยัง สูง 20cm ความสูงระดับ70cm วันที่26กย 69 20cm วันที่ 3ตค น้ำท่วมมาแล้ว8วัน,https://storage.googleapis.com/traffy_public_bucket/attachment/2026-10/thumb_7dff555d82a15651c18deb419f5a7ae1.jpg
2026-HAL62E,inprogress,2026-10-03 13:49,2026-10-03 14:01,100.62195,13.87045,บางเขน,อนุสาวรีย์,ซอยรามอินทรา21แยก22 ถนนต่ำกว่าซอย21และ23มาก ปกติฝนตก1-2ชั่วโมงก็ท่วมตาตุ่มแล้ว ตอนนี้น้ำในท่อ+ในคลองยังเยอะอยู่มาก ฝนตก15นาที น้ำท่วมเหนือตาตุ่ม อยากให้ช่วยขุดคลอง+ยกถนน+ทำบั้มเปอร์ค่า ความสูงระดับข้อเท้า น้ำท่วมมาแล้วน้อยกว่า 3 ชั่วโมง,https://storage.googleapis.com/traffy_public_bucket/attachment/2026-10/1df944f1fc57b69e3cbba363626e073d.jpeg
2026-PTEWCJ,start,2026-10-03 13:49,2026-10-03 13:49,100.72135,13.72206,ลาดกระบัง,ลาดกระบัง,บริเวณหน้าอาคารดีคอนโดอ่อนนุชสุวรรณภูมิมีน้ำขังสูงระดับหน้าแข้ง มากกว่า 1 สัปดาห์ อยากให้หน่วยงานเข้ามาตรวจสอบและช่วยระบายน้ำออกค่ะ ความสูงระดับหน้าแข้ง น้ำท่วมมาแล้วมากกว่า 1 สัปดาห์,https://storage.googleapis.com/traffy_public_bucket/attachment/2026-10/b4dacf3471daa7ccb0b508017eaf524e.jpeg
2026-UD2EBY,inprogress,2026-10-03 13:50,2026-10-05 11:31,100.7875,13.82756,มีนบุรี,แสนแสบ,น้ำท่วมขังในหมู่บ้าน ความสูงระดับหน้าแข้ง น้ำท่วมมาแล้วมากกว่า 1 สัปดาห์,https://storage.googleapis.com/traffy_public_bucket/attachment/2026-10/c34f6e0cf4b5520dc9e7f74642ef19c8.jpeg
2026-24D6AK,inprogress,2026-10-03 13:51,2026-10-05 11:30,100.78629,13.82969,มีนบุรี,แสนแสบ,น้ำท่วมขังในหมู่บ้าน ความสูงระดับหัวเข่า น้ำท่วมมาแล้วมากกว่า 1 สัปดาห์,https://storage.googleapis.com/traffy_public_bucket/attachment/2026-10/1e11a4dbf8227ae70f22a485c22efa28.jpeg
2026-TKE72W,inprogress,2026-10-03 13:51,2026-10-03 20:46,100.80018,13.7844,หนองจอก,ลำผักชี,น้ำท่วมขังในหมู่บ้านภัทรศิริ ถนนเลียบคลองลำมะขาม มา 8 วันแล้ว น้ำไม่ลดลงเลย ความสูงระดับหัวเข่า น้ำท่วมมาแล้วมากกว่า 1 สัปดาห์,https://storage.googleapis.com/traffy_public_bucket/attachment/2026-10/48051c5b2c5149df163648990ebdbd86.jpeg
2026-J7NF2P,inprogress,2026-10-03 13:52,2026-10-03 21:35,100.68555,13.75944,สะพานสูง,สะพานสูง,ต้องการให้ทางเขตสะพานสูงเร่งระบายน้ำออกจากในซอย รามคำแหง118 แยก63 น้ำยังท่วมขังและน้ำเน่า ระดับน้ำในซอยยังอยู่ที่ระดับหน้าแข้ง รีบระบายน้ำออกให้หน่อยค่ะ ที่อื่นเค้าน้ำลงน้ำแห้งแล้ว ความสูงระดับหน้าแข้ง น้ำท่วมมาแล้วมากกว่า 1 สัปดาห์,https://storage.googleapis.com/traffy_public_bucket/attachment/2026-10/e0a148ce42eb61669e98678f4a049272.jpeg
2026-MW3PBR,inprogress,2026-10-03 13:53,2026-10-05 11:30,100.78635,13.8296,มีนบุรี,แสนแสบ,น้ำท่วมขัง ความสูงระดับหน้าแข้ง น้ำท่วมมาแล้วมากกว่า 1 สัปดาห์,https://storage.googleapis.com/traffy_public_bucket/attachment/2026-10/0c0f8f8ff28f129085da6e601477b870.jpeg
2026-C2FLMJ,inprogress,2026-10-03 13:55,2026-10-03 14:47,100.70988,13.70228,ประเวศ,ประเวศ,ปัญหาน้ำท่วมทุกที่เราประชาชนเข้าใจนะค่ะแต่ท่วมตั้งแต่วันที่25ของตอนเย็น ถึงนะเวลานี้น้ำยังไม่ลดเลยเดือดร้อนมากจะเข้าหรือจะออกไปทำงานน้ำยังเลยต้นขาออ่นออกเลย แต่ที่สงสัยทำไมไม่มีหน่วยงานใดหรือเขตเข้ามาดูแลเลย ในชุมชนก็จะมีประทานชุมชนประกาศให้มารับข้าว3เวลา,https://storage.googleapis.com/traffy_public_bucket/attachment/2026-10/48606543c3caa1cea2eaa1d95542ab9f.jpeg
2026-YTMEPL,inprogress,2026-10-03 13:56,2026-10-05 11:29,100.78514,13.83425,มีนบุรี,แสนแสบ,น้ำท่วมขังในหมู่บ้าน ความสูงระดับหัวเข่า น้ำท่วมมาแล้วมากกว่า 1 สัปดาห์,https://storage.googleapis.com/traffy_public_bucket/attachment/2026-10/682cd2b47aff70226e73b5b795887776.jpeg
2026-48X262,inprogress,2026-10-03 13:58,2026-10-05 11:29,100.75434,13.80345,มีนบุรี,แสนแสบ,บ้านน้ำท่วมสุดซอยไม่มีหน่วยงานไหนช่วยเหลือต้องช่วยเหลือตัวเองจะกินอะไรก็ต้องให้น้องสาวพายเรือมาส่งของ บึงขวางซอย2 ซอยเล็กน้ำยังท่วมอยู่เลย ความสูงระดับเอว น้ำท่วมมาแล้วมากกว่า 1 สัปดาห์,https://storage.googleapis.com/traffy_public_bucket/attachment/2026-10/e4e3e2942eb7053efbb8fc031904742e.jpeg
2026-BRY92E,inprogress,2026-10-03 13:59,2026-10-03 21:34,100.6859,13.74068,สะพานสูง,สะพานสูง,ซอยกรุงเทพฯกรีฑา 39 หมู่บ้านอยู่สบาย ขอรถสูบน้ำออกจากหมู่บ้านด้วยค่าาาา ถนนสูงน้ำแห้ง แต่น้ำยังท่วมขังในหมู่บ้าน ส่งกลิ่นเหม็นเน่า น้ำไม่มีที่ระบายออกค่ะ ขอรถทำความสะอาดถนนด้วยค่ะ ความสูงระดับข้อเท้า น้ำท่วมมาแล้วมากกว่า 1 สัปดาห์,https://storage.googleapis.com/traffy_public_bucket/attachment/2026-10/4b073b16ab093029950a176a73e474dc.jpeg
2026-3MDZNT,inprogress,2026-10-03 14:01,2026-10-03 21:45,100.84699,13.81073,หนองจอก,ลำผักชี,น้ำท่วมขังในบ้าน1อาทิตย์เต็มๆ ไม่มีหน่วยงานไหนเข้ามาช่วยเหลือเลย ไม่ว่าภาครัฐ ภาคเอกชน ไม่มีติดตั้งเครื่องสูบน้ำ ไม่มรการผลักดันน้ำ เพราะเห็นเราเป็นชาวบ้านริมคลอง ปล่อยปะละเลยเรามากๆ ไปทำงานลำบาก น้ำล้อมไว้หมด ไม่เคยหันมามองเลย ขอความกรุณาด้วยค่ะ ความสูงร,https://storage.googleapis.com/traffy_public_bucket/attachment/2026-10/344951841025ab5d2d8cabdcf72a9f20.jpeg
2026-JD7P6H,forward,2026-10-03 14:01,2026-10-03 14:03,100.60666,13.8902,บางเขน,อนุสาวรีย์,ต้องการแนวทางการแก้ไขปัญหาระยะยาว ที่ถนนเทพรักษ์ ช่วงสะพานข้ามแยก หลังสะพานสร้างแล้วเสร็จเมื่อฝนตกหนักไม่กี่ชั่วโมง น้ำท่วมขังและทะลักเข้า คอนโด หมู่บ้าน ชุมชนตรงนี้ บ่อยมากขึ้น นอกจากนี้จุดนี้ยังพบว่าเป็นจุดที่ระบายน้ำได้ช้าที่สุดอีกจุดหนึ่งของบางเขน แล,https://storage.googleapis.com/traffy_public_bucket/attachment/2026-10/thumb_6e6eacf9384bdca8ce4f3285b37ba871.jpg
2026-RU7R29,inprogress,2026-10-03 14:01,2026-10-03 14:03,100.61861,13.87493,บางเขน,อนุสาวรีย์,รามอินทรา ซอย 5 แยก 19 มีฝนตกหนักเวลาประมาณ 11:30 ทำให้เกิดน้ำท่วมขังประมาณข้อเท้า ความสูงระดับข้อเท้า น้ำท่วมมาแล้วน้อยกว่า 1 วัน,https://storage.googleapis.com/traffy_public_bucket/attachment/2026-10/98410116274ce0b5cb3133cd7ccb58d8.jpeg
2026-H6YBTM,forward,2026-10-03 14:03,2026-10-05 09:18,100.74589,13.84753,คลองสามวา,ทรายกองดิน,อยากขอความช่วยเหลือในการสูบน้ำออก จาก ซอย นิมิตรใหม่ 20 หมู่บ้านคาซ่ลีน่า 2 ที่ น้ำท่วมขัง และ เริ่มมีกลิ่น ความสูงระดับครึ่งล้อรถยน น้ำท่วมมาแล้วมากกว่า 3 วัน,https://storage.googleapis.com/traffy_public_bucket/attachment/2026-10/e7d5cb657455814147578a2422ea4eab.jpeg
2026-7232Y2,finish,2026-10-03 14:05,2026-10-03 21:32,100.69416,13.74023,สะพานสูง,สะพานสูง,วันที่เกิดเหตุฝนตกหนักคืนวันที่ 24 กันยายนถึงเลยเที่ยงคืน 25 กันยายนเวลาตี 2 ของวันที่ 25 กันยายนน้ำได้ลัลลังก์เข้ามาในบ้านตอนนั้นเข้ามาประมาณเกือบฝ่าเท้าเลยไม่ได้ยกของในบ้านขึ้นตั้งไว้ข้างบนคิดว่าจะมาแค่นั้นตอนเช้ากะค่อยขนย้ายแต่ถึงตอนเช้าจริงๆน้ำหลังเข้,https://storage.googleapis.com/traffy_public_bucket/attachment/2026-10/16889387846d881732639d60f2866a35.jpeg
2026-KBMVRM,inprogress,2026-10-03 14:08,2026-10-03 21:46,100.81107,13.79934,หนองจอก,ลำผักชี,น้ำท่วมขัง 8 วันแล้ว น้ำเข้าบ้าน #ขอกระสอบทราย/อื่นๆ,https://storage.googleapis.com/traffy_public_bucket/attachment/2026-10/3ffe9a77a0c852695eaf6fd64f861115.jpeg
2026-LY73MA,inprogress,2026-10-03 14:09,2026-10-04 07:50,100.65771,13.78269,บึงกุ่ม,คลองกุ่ม,น้ำท่วม มีสิ่งกีดขวางบนถนน ความสูงระดับหน้าแข้ง น้ำท่วมมาแล้วมากกว่า 1 สัปดาห์,https://storage.googleapis.com/traffy_public_bucket/attachment/2026-10/c190422418f37c19147d73484bc3f44a.jpeg
2026-6K7LHG,inprogress,2026-10-03 14:10,2026-10-05 11:27,100.71607,13.78553,มีนบุรี,มีนบุรี,น้ำท่วมขังในซอยหมู่บ้านเพอร์เฟคเพลสซอย 13 ท้ายซอยเป็นประมาณแปดวันแล้วตอนนี้เริ่มมีกลิ่นน้ำขังเน่าต้องการความช่วยเหลือ เริ่มป่วย ความสูงระดับหน้าแข้ง น้ำท่วมมาแล้วมากกว่า 1 สัปดาห์,https://storage.googleapis.com/traffy_public_bucket/attachment/2026-10/9275310fe02253b78b71e057ecad6020.jpeg
2026-NVFYWC,inprogress,2026-10-03 14:10,2026-10-05 11:29,100.71552,13.787,มีนบุรี,มีนบุรี,น้ำท่วมขังมาหลายวันแล้วยังไม่ระบาย น้ำเริ่มเน่าและยุงเริ่มชุมค่ะ ความสูงระดับข้อเท้า น้ำท่วมมาแล้วมากกว่า 1 สัปดาห์,https://storage.googleapis.com/traffy_public_bucket/attachment/2026-10/3d32999df25217120f19cd0ef787442f.jpeg
2026-Z9CNGD,inprogress,2026-10-03 14:10,2026-10-03 21:47,100.84699,13.81077,หนองจอก,ลำผักชี,น้ำท่วมขังในบ้านมา1อาทิตย์ตเต็มๆ ไม่มีหน่วยงานไหนเข้ามาดูและช่วยเหลือ ไม่มีกระสอบทรายให้ด้วยซ้ำ ชาวบ้านต้องหาซื้อกันเอาเอง ช่วยเหลือตัวเอง หากินเอง ตั้งแต่น้ำท่วม ไม่มีหน่วยงานไหนเข้ามาดู ข้าวสักกล่อง น้ำสักขวด ก็ยังไม่เคยได้จากภาครัฐ หรือเอกชนเลย เครื่อง,https://storage.googleapis.com/traffy_public_bucket/attachment/2026-10/44fadbd2c606953a8b6b69e3d520889f.jpeg
2026-G7VTFH,inprogress,2026-10-03 14:16,2026-10-05 08:24,100.60545,13.88037,บางเขน,อนุสาวรีย์,ทุกครั้งที่ฝนตกไม่ถึง 1 ชั่วโมงน้ำท่วมหมู่บ้านตลอด อยากให้ช่วยแก้ไขปัญหาเรื่องนี้เพื่อความเป็นอยู่ของ ของลูกบ้านหลายหลายหลัง ความสูงระดับหน้าแข้ง น้ำท่วมมาแล้วน้อยกว่า 3 ชั่วโมง,https://storage.googleapis.com/traffy_public_bucket/attachment/2026-10/37b97f2580e56c88857be59ad3c37afc.jpeg
2026-MRH86U,finish,2026-10-03 14:16,2026-10-03 14:42,100.70296,13.84128,คลองสามวา,บางชัน,ปัญหา: บ้านเช่าเลขที่ 59/7 พบน้ำท่วมตั้งแต่วันที่ 28–29 ที่ผ่านมา โดยน้ำท่วมทั้งซอยและเพิ่งเริ่มแห้งเมื่อวานนี้ ส่งผลให้ห้องพักที่อยู่ชั้นล่างและเครื่องใช้ไฟฟ้าภายในบ้านได้รับความเสียหายหลายรายการ จึงขอให้หน่วยงานที่เกี่ยวข้องตรวจสอบและพิจารณาให้ความช่วยเ,https://storage.googleapis.com/traffy_public_bucket/attachment/2022-12/da2125e781282589d482070c3dba1726aa16a4a7.jpg
2026-7XHGRK,inprogress,2026-10-03 14:17,2026-10-03 20:26,100.6997,13.78264,สะพานสูง,สะพานสูง,แจ้งเหตุอุทกภัยบริเวณหมู่บ้านธารารมณ์ไพรเวทโซน ติดคลองหลอแหล ตั้งแต่วันที่ 25 กันยายน ถึง 3 ตุลาคม 2569 ปัจจุบันน้ำยังไม่ลดลง โดยบริเวณหน้าบ้านซอย C1/1 ระดับน้ำสูง 26 ซม. และเริ่มส่งกลิ่นเหม็นเน่า ขอความอนุเคราะห์เร่งตรวจสอบและแก้ไข 26 ซม. น้ำท่วมมาแล้วมา,https://storage.googleapis.com/traffy_public_bucket/attachment/2026-10/cc09596d441bfbb46a43aa3b512493c8.jpeg
2026-EBR9RW,start,2026-10-03 14:21,2026-10-03 14:21,100.73074,13.77037,ลาดกระบัง,คลองสองต้นนุ่น,1. น้ำท่วม 8 วันแล้ว ตั้งแต่วันที่ 25 ก.ย. 69 ถึง 3 ต.ค. 69 แต่น้ำก็ยังไม่ลด น้ำท่วมบ้านเสียหายหนักชั้น 1 เละหมด จะลดเมื่อไหร่ครับ 2. ยื่นเรื่องทั้งทางรัฐ และทางเว็บไซต์ของกทม แล้วจะรู้สถานะได้อย่างไรบ้าง จะอนุมัติเมื่อไหร่ ต้องการเอกสารแค่ไหน จึงจะเชื่อ,https://storage.googleapis.com/traffy_public_bucket/attachment/2026-10/8b998326627271c2a023b503eff88378.jpeg
2026-UVL4CA,start,2026-10-03 14:21,2026-10-03 14:21,100.72123,13.72189,ลาดกระบัง,ลาดกระบัง,บริเวณด้านหน้าคอนโดมีน้ำท่วมขังเป็นเวลานานเกินกว่า 7 วันแล้วค่ะ ทำให้การเดินทางออกไปทำงานข้างนอกลำบาก อยากให้หน่วยงานที่เกี่ยวข้องมาเร่งระบายน้ำออกจากบริเวณด้านหน้าออกโดยด่วนด้วยค่ะ และมีน้ำโน้ทที่น้ำท่วมสูงขึ้นเรื่อยๆเลยค่ะ ความสูงระดับหัวเข่า น้ำท่วมมาแ,https://storage.googleapis.com/traffy_public_bucket/attachment/2026-10/6fd2ea40dabcadd82fb095f2df08a886.jpeg
2026-6YHFBW,inprogress,2026-10-03 14:27,2026-10-05 08:24,100.61093,13.86994,บางเขน,อนุสาวรีย์,ฝนตก เมื่อเที่ยง น้ำกลับมาท่วมสูงอีก รถเล็กวิ่งไม่ได้ ความสูงระดับหน้าแข้ง น้ำท่วมมาแล้วน้อยกว่า 1 วัน,https://storage.googleapis.com/traffy_public_bucket/attachment/2026-10/105f0548266c05fd7f42d172c6292e31.jpeg
2026-HG3LKN,start,2026-10-03 14:30,2026-10-03 14:30,100.75404,13.75628,ลาดกระบัง,คลองสามประเวศ,น้ำท่วมลาดกระบัง ตอนนี้เริ่มเน่าเสียแล้ว กทม.สามารถเร่งระบายน้ำได้ไหม ชาวบ้านริมคลองลำบากค่ะ !! ประตูระบายน้ำก็เปิดต่ำ น้ำระบายช้า ตอนนี้เริ่มเน่าเหม็นแล้วค่ะ ความสูงระดับน้ำท่วมสูง 50 - 60 cm. ค่ะ น้ำท่วมมาแล้วมากกว่า 1 สัปดาห์,https://storage.googleapis.com/traffy_public_bucket/attachment/2026-10/f346b02c08f911ec030e4e103babd031.jpeg
2026-URKCAX,start,2026-10-03 14:39,2026-10-03 14:39,100.79331,13.79453,ลาดกระบัง,ลำปลาทิว,อยากให้มาช่วยเหลือชุมชนริมคลองบึงใหญ่พื้นที่บริเวณซอยคุ้มเกล้า 1/5 กับซอยสุวินทวงศ์42 ตั้งแต่ศูนย์กีฬา 72 และหลังวัดทองสัมฤทธิ์ ชุมชนบ้านตามคลองบึงใหญ่ไปจนคลองลำกอไผ่ มีน้ำท่วมขังตั้งแต่ช่วงเย็นวันศุกร์ 25/9/2026 จนตอนนี้วันที่ 3/10/2569 น้ำยังท่วมขังอยู่,https://storage.googleapis.com/traffy_public_bucket/attachment/2026-10/dac398e40517818419ab368901dd25ae.jpeg
2026-6LNLDV,inprogress,2026-10-03 14:46,2026-10-05 09:48,100.58031,13.91761,ดอนเมือง,ดอนเมือง,ผู้รับเหมา ทิ้งงาน ทำถนน ทางเข้า ไม่เรียบร้อย ประชาชนในพื้นที่ได้รับความเดือดร้อน ทำถนนด้านหน้า ทางเข้าซอยช่างอากาศอุทิศ13 ไม่เทปูน ทั้งเป็นถนนสาธารณะ เทหิ้น ฝุ่นแทน เมื่อน้ำท่วม หินหาย เด็กนักเรียน รวมถึง ผู้สุงอายุ ได้รับอุบัติเหตุบ่อยครั้ง เพราะ ลื่น ไ,https://storage.googleapis.com/traffy_public_bucket/attachment/2026-10/f5beae86290cd5d9845d7ea2bad8639b.jpeg
2026-DX3RJ6,inprogress,2026-10-03 14:46,2026-10-04 07:18,100.74258,13.82464,มีนบุรี,มีนบุรี,ปัญหา: ริมถนนดังกล่าว ภายในหมู่บ้านฟ้านันทวัน บริเวณท้ายซอย 12 มีน้ำท่วมขังสูงระดับเอว และน้ำเริ่มเน่าเสียแล้ว โดยปัจจุบันยังคงมีฝนตกลงมาเพิ่มเติมอย่างต่อเนื่อง จึงมีความประสงค์ 1. ขอรับการสนับสนุนยาและเวชภัณฑ์สำหรับป้องกันและรักษาโรคน้ำกัดเท้า 2. ขอรับอี,https://storage.googleapis.com/traffy_public_bucket/attachment/2022-12/da2125e781282589d482070c3dba1726aa16a4a7.jpg
2026-FNYUNU,inprogress,2026-10-03 14:48,2026-10-05 08:25,100.61804,13.86524,บางเขน,อนุสาวรีย์,ซอยรามอินทรา21แยก6 ฝนตกน้ำท่วมขังสูง และบ้านที่อยู่ต่ำกว่าถนนซอยก็ยิ่งถูกน้ำท่วมขังหนักกว่าเดิมครับ ความสูงระดับหัวเข่า น้ำท่วมมาแล้วน้อยกว่า 1 วัน,https://storage.googleapis.com/traffy_public_bucket/attachment/2026-10/818c8938175e18f0cd6c231a9f412a40.jpeg
2026-7HH3YC,inprogress,2026-10-03 14:51,2026-10-03 15:45,100.67342,13.73158,ประเวศ,ประเวศ,รบกวนช่วยเหลือในการสูบน้ำภายในซอยพัฒนาการ 65 โซนด้านในที่ยังมีน้ำขังอยู่ในระดับที่ไม่สามารถใช้ชีวิตได้ น้ำเน่าขังมา 7 วันแล้ว ตอนนี้มีการสูบน้ำออกแค่ซอยบริเวณด้านนอก เสมือนว่าแห้งแล้ว แต่ภายด้านในซอย หมู่บ้านเมืองทองการ์เด้น ยังมีน้ำท่วมขัง และมีประชาชนที,https://storage.googleapis.com/traffy_public_bucket/attachment/2026-10/77ec88f4c4521530efe9be2f1f9cffdf.jpeg
2026-K8W6XG,inprogress,2026-10-03 14:51,2026-10-03 14:55,100.62421,13.89156,สายไหม,คลองถนน,ทางเข้าหมู่บ้านเป็นพื้นที่ต่ำกว่าถนนหลัก ทางสำนักงานเขตสายไหมทำถนนสูงขึ้น แต่ไม่ได้ทำถนนบริเวณทางเข้าซอยหมู่บ้าน น้ำจึงท่วมขังทุกครั้งเมื่อฝนตก จึงต้องการให้มาปรับพื้นถนนให้สูงขึ้น เพื่อไม่ให้เกิดน้ำท่วมขัง ความสูงระดับ50 cm สูงกว่าถนนหนักค่ะ น้ำท่วมมาแล้,https://storage.googleapis.com/traffy_public_bucket/attachment/2026-10/dbf86c90e090fe12b78fa515451dc794.jpeg
2026-6PLMBX,inprogress,2026-10-03 14:58,2026-10-05 11:25,100.71985,13.7992,มีนบุรี,มีนบุรี,หัวข้อ: ขอความอนุเคราะห์สูบน้ำออกจากพื้นที่และลอกท่อระบายน้ำด่วน (ซอยรามคำแหง 174) รายละเอียด: แจ้งปัญหาท่วมขังบนถนนภายในซอยรามคำแหง 174 เนื่องจากมีน้ำท่วมขังเต็มพื้นที่ถนนและขอบทาง ส่งผลให้ประชาชนและรถยนต์สัญจรไปมาด้วยความยากลำบาก คาดว่าเกิดจากท่อระบายน,https://storage.googleapis.com/traffy_public_bucket/attachment/2026-10/aa0848615848301b22d3a0bb0486b3e4.jpeg
2026-7P9LUM,start,2026-10-03 15:07,2026-10-03 15:07,100.73932,13.72341,ลาดกระบัง,ลาดกระบัง,ปัญหา: ภายในซอยดังกล่าว บริเวณปากทางเข้าหมู่บ้านเซนโทร อ่อนนุช - ลาดกระบัง พบน้ำท่วมขังในระดับสูง ส่งผลให้ประชาชนไม่สามารถสัญจรเข้า - ออกหมู่บ้านดังกล่าวได้ จึงขอให้หน่วยงานที่เกี่ยวข้องพิจารณาจัดรถรับ - ส่งประชาชนในช่วงเวลาเช้า ประมาณ 06.00 น. เพื่ออำนวย,https://storage.googleapis.com/traffy_public_bucket/attachment/2022-12/da2125e781282589d482070c3dba1726aa16a4a7.jpg
2026-2NT3PC,forward,2026-10-03 15:09,2026-10-04 20:04,100.64191,13.72052,สวนหลวง,สวนหลวง,ทางกลับรถใต้สะพานน้ำท่วมขัง ความสูงระดับเท่าทางเดิน น้ำท่วมมาแล้วน้อยกว่า 1 สัปดาห์,https://storage.googleapis.com/traffy_public_bucket/attachment/2026-10/ad4c6e002dae14f39b0c0f772a8b7c2e.jpeg
2026-D3FJM2,inprogress,2026-10-03 15:09,2026-10-03 17:47,100.5742,13.803,จตุจักร,จอมพล,หมู่บ้านศุภฤกษ์ ลาดพร้าวซอย26 ฝนตกทีไร น้ำท่วม หรือ รอการระบายทุกครั้ง ความสูงระดับฝนตกทั่วไป ถึงข้อเท้าเป็นอย่างน้อย ฝนตกหนักๆ เข้าบ้าน ปล.แทบทุกครั้งที่ฝนตก รอการระบาย จะท่วม หลายครั้งท่วมเข้าบ้าน น้ำท่วมมาแล้วน้อยกว่า 3 ชั่วโมง,https://storage.googleapis.com/traffy_public_bucket/attachment/2026-10/7c9617696a5ca9f5188cdf9c3ee944b4.jpeg
2026-GBC7JU,inprogress,2026-10-03 15:13,2026-10-05 09:57,100.64432,13.77337,บางกะปิ,คลองจั่น,ฝาท่อข้างบ้านแตก เป็นรูใหญ่น่ากลัวมากตอนน้ำท่วมแมงสาบนับร้อยตัววิ่งเข้าบ้านสยองมาก มีตะขาบ หนูเข้าบ้านมาอีก อยากให้มาช่วยปิดฝาท่อค่ะ กลัวอันตรายจากน้ำท่วมรอบถัดไปมาก ในบ้านผู้กลุ่มเปราะบางถึง 2 คนผู้พิการประเภท 3 และคุณพ่อสูงอายุขาบิดค่ะ ความสูงระดับหัวเข,https://storage.googleapis.com/traffy_public_bucket/attachment/2026-10/c0196e9536ceb97a8d944f829d87fc6d.jpeg
2026-T7ZLRT,inprogress,2026-10-03 15:15,2026-10-03 20:42,100.86201,13.78581,หนองจอก,ลำต้อยติ่ง,ขอความช่วยเหลือเข้ามาเร่งระบายน้ำภายในซอยที่อยู่อาศัย หรือขอรถยกสูงเพื่อมาวิ่งอำนวยความสะดวกให้แก้ผู้อยู่อาศัยภายในซอย ความสูงระดับหัวเข่า น้ำท่วมมาแล้วมากกว่า 1 สัปดาห์,https://storage.googleapis.com/traffy_public_bucket/attachment/2026-10/thumb_6a66b0f1d8733de6e27d26f80f435764.jpg
2026-KAUKKJ,inprogress,2026-10-03 15:24,2026-10-03 20:21,100.68595,13.7409,สะพานสูง,สะพานสูง,ซอย กรุงเทพกรีฑา39 หมู่บ้าน อยู่สบาย มีน้ำท่วมขัง ส่งกลิ่นเหม็น ความสูงระดับหัวเข่า น้ำท่วมมาแล้วมากกว่า 1 สัปดาห์,https://storage.googleapis.com/traffy_public_bucket/attachment/2026-10/29d73380aab2e35fa3138c9504660bbb.jpeg
2026-CV2PVL,inprogress,2026-10-03 15:25,2026-10-03 20:21,100.68794,13.76294,สะพานสูง,สะพานสูง,รถมอเตอร์ไซค์ จมน้ำเสียหาย ความสูงระดับประมาน50เซนถึง1เมตรค่ะ น้ำท่วมมาแล้วมากกว่า 1 สัปดาห์,https://storage.googleapis.com/traffy_public_bucket/attachment/2026-10/fc36d5d06cc82f8fbc7c67edb2451e83.jpeg
2026-VJUZXN,inprogress,2026-10-03 15:26,2026-10-03 20:41,100.80447,13.80254,หนองจอก,ลำผักชี,ปัญหา: ภายในซอยดังกล่าว บริเวณหมู่บ้านฟลอร่าวิลล์เนื่องจากเกิดเหตุอุทกภัย จึงมีความประสงค์ขอรับการสนับสนุนเครื่องสูบน้ำและรถแบคโฮเพื่อทำคันดินสูบน้ำออก (ผู้ร้องชื่อ ประสิทธิ์) ซอย: สุวินทวงศ์ 38 ถนน: สุวินทวงศ์ เขต: หนองจอก #1555,https://storage.googleapis.com/traffy_public_bucket/attachment/2022-12/da2125e781282589d482070c3dba1726aa16a4a7.jpg
2026-6GNRRY,inprogress,2026-10-03 15:27,2026-10-05 08:25,100.61335,13.86921,บางเขน,อนุสาวรีย์,น้ำท่วมในหมู่บ้านซอยรามอินทรา 13 ความสูงระดับข้อเท้า น้ำท่วมมาแล้วน้อยกว่า 3 ชั่วโมง,https://storage.googleapis.com/traffy_public_bucket/attachment/2026-10/fb3ca6902adf3ba098e1ffec37c77023.jpeg
2026-LZYANC,start,2026-10-03 15:30,2026-10-03 15:30,100.72134,13.72093,ลาดกระบัง,ลาดกระบัง,บริเวณด้านหน้าคอนโดมีน้ำท่วมขังเป็นเวลานานเกินกว่า 7 วันแล้วค่ะ ทำให้การเดินทางออกไปทำงานข้างนอกลำบาก อยากให้หน่วยงานที่เกี่ยวข้องมาเร่งระบายน้ำออกจากบริเวณ ด้านหน้าออกโดยด่วนด้วยค่ะ และมีน้ำโน้ทที่น้ำท่วมสูงขึ้น เรื่อยๆเลยค่ะ ความสูงระดับหัวเข่า น้ำท่วมม,https://storage.googleapis.com/traffy_public_bucket/attachment/2026-10/1d11a24a4383d4222e79b2f338ac036c.jpeg
2026-FRDZKX,inprogress,2026-10-03 15:32,2026-10-03 20:41,100.83694,13.77082,หนองจอก,ลำผักชี,ขอแจ้งเพิ่มเติมข้อมูลเพื่อประกอบคำร้องขอรับเงินเยียวยาน้ำท่วม ปี 2569 ณ ซอยสังฆประชา ชุมชนแผ่นดินทองวัดลำพะอง 30-40เซน ตามภาะครับ ตั้งแต่วันแรกที่ฝนตกเลยครับ26-27กันยายน,https://storage.googleapis.com/traffy_public_bucket/attachment/2026-10/6545a39e9fceb384de37dece41b1c1b1.jpeg
2026-6723YX,start,2026-10-03 15:37,2026-10-03 15:37,100.72266,13.72396,ลาดกระบัง,ลาดกระบัง,ผมเปิดข้อมูลประตูระบายน้ำย้อนหลัง คลองประเวศบุรีรมย์ ตอนลาดกระบัง พบว่าตั้งแต่1-3 ตค ระกับน้ำด้านใน ไม่ลดลงเลย ไม่ทราบว่าเพราะอะไร วิ่งอยู่ 0.7 ทำไม ผ่านไป3 วัน แทบไม่เปลี่ยนแปลงเลย จะผันน้ำ น้ำจะลดลงเมื่อไหร่ และจะผันน้ำไปทางไหน ความสูงระดับหน้าแข้ง น้ำท,https://storage.googleapis.com/traffy_public_bucket/attachment/2026-10/7c45f5848f71d2d47f1783da3de1b1aa.jpeg
2026-MFRRKP,inprogress,2026-10-03 15:37,2026-10-03 20:20,100.69003,13.74289,สะพานสูง,สะพานสูง,น้ำเข้าหน้าบ้าน ภายในบ้านทำความสะอาดแล้ว #ขอกระสอบทราย/อื่นๆ,https://storage.googleapis.com/traffy_public_bucket/attachment/2026-10/09d94535ae7235e8b2719f79f1ac8518.jpeg
2026-UJZZHK,inprogress,2026-10-03 15:40,2026-10-03 20:41,100.80047,13.78469,หนองจอก,ลำผักชี,จากที่น้ำท่วมตั้งแต่วันที่ 25/9/26 ถึงปัจจุบันน้ำยังไม่ลดลง ระดับน้ำประมาณ 50-60 เซ็นติเมตร **น้ำที่ท่วมเริ่มเน่าเสีย และมีกลิ่นเหม็น** ช่วยเร่งระบายน้ำหน่อยครับ จะไม่ไหวแล้ว ความสูงระดับหัวเข่า น้ำท่วมมาแล้วมากกว่า 1 สัปดาห์,https://storage.googleapis.com/traffy_public_bucket/attachment/2026-10/7749d8d5dfff22634fe5fcedcbbc48c9.jpeg
2026-RZDT8B,inprogress,2026-10-03 15:42,2026-10-03 20:46,100.85382,13.78011,หนองจอก,ลำผักชี,ปัญหา: ภายในซอยแยกดังกล่าว พบบ้านพักอาศัยประมาณ 70 หลังคาเรือน มีน้ำท่วมขังสูงระดับหัวเข่า โดยบางหลังสูงระดับอก ซึ่งท่วมมาประมาณ 7 - 8 วันแล้ว แต่ยังไม่มีเจ้าหน้าที่หรือหน่วยงานใดเข้าให้ความช่วยเหลือ ขอให้เจ้าหน้าที่เร่งให้ความช่วยเหลือ ซอย: ร่วมพัฒนา 6 ,https://storage.googleapis.com/traffy_public_bucket/attachment/2022-12/da2125e781282589d482070c3dba1726aa16a4a7.jpg
2026-2YUX9N,inprogress,2026-10-03 15:45,2026-10-05 16:04,100.55878,13.86025,หลักสี่,ทุ่งสองห้อง,ขอโทษค่ะ แจ้งเก็บขยะน้ำท่วมได้อย่างไรคะ #ขอกระสอบทราย/อื่นๆ,https://storage.googleapis.com/traffy_public_bucket/attachment/2026-10/ce0fe1c7b791a563fa6dba7eb8da7e83.jpeg
2026-7UWGJ8,inprogress,2026-10-03 15:46,2026-10-03 20:45,100.8187,13.78245,หนองจอก,ลำผักชี,ถนนเลียบคลองลำมะขาม ไม่มีเจ้าหน้าที่มาดูแล น้ำท่วมถึงเข่ามา8-9วันแล้ว ติดต่อเขตไปก็ไม่มีคนรับเรื่อง รถเขตผ่านไปแต่ในกมผุ่บ้านฟอล่าวิว ชุมชนคนพื้นที่ต้องทนรับน้ำเน่าแบบนี้หรอ เครื่องสูบก็ไม่มี ความสูงระดับถ้าในซอยบางจุดถึงเอวคับ น้ำท่วมมาแล้ววันนี้วันที่9แ,https://storage.googleapis.com/traffy_public_bucket/attachment/2026-10/6dbef1ec73ba9d1fde1242472ee14674.jpeg
2026-8UDR86,inprogress,2026-10-03 15:46,2026-10-05 08:34,100.61525,13.8679,บางเขน,อนุสาวรีย์,มาสูบน้ำออกค่ะ ความสูงระดับเกินเข่าค่ะ น้ำท่วมมาแล้วเป็นปีแล้วค่ะ,https://storage.googleapis.com/traffy_public_bucket/attachment/2026-10/3e7ee4bd34145eb2a2a1c53ab7bd54c2.jpeg
2026-AK6K6B,start,2026-10-03 15:46,2026-10-03 15:46,100.73798,13.76765,ลาดกระบัง,คลองสองต้นนุ่น,ตอนนี้ในซอย เคหะร่มเกล้า 27 แยก7-2 มีขยะในซอยเยอะมากไม่มีเจ้าหน้าที่เข้ามาเก็บทำให้น้ำเน่าเหม็นและน้ำยังไม่ระบายออกสามารถส่งเรือมาเก็บขยะออกไปบ้างได้ไหมคะ เข่าค่ะ 8 วันแล้วค่ะ,https://storage.googleapis.com/traffy_public_bucket/attachment/2026-10/8eab27a287b36e0fa2fca254fe4f5f2f.jpeg
2026-8PRRTT,inprogress,2026-10-03 15:50,2026-10-03 19:28,100.65933,13.80671,บึงกุ่ม,คลองกุ่ม,รถเสียหายจากการลุยน้ำท่วม ความสูงระดับช่วงที่ลึยน้ำส฿งประมาณครึ่งล้เ น้ำท่วมมาแล้วท่วมตั้งแต่25/9/69,https://storage.googleapis.com/traffy_public_bucket/attachment/2026-10/thumb_6efac29efcd2edee50d1b27ff4f9bd45.jpg
2026-9ECZFH,inprogress,2026-10-03 15:51,2026-10-03 20:17,100.70069,13.78015,สะพานสูง,สะพานสูง,น้ำเน่ามีแมลงบินว่อน น้ำไม่ลดลงเลย รถเล็กวิ่งไม่ได้ วันที่8 แล้ว ต้องดราม่า หรือเป็นข่าว ถึงจะลดลง แก้ปัญหาช้า ความสูงระดับ30เซนเท่าเดิม ตรงสะพานข้ามคลอง 40ซนเท่าเดิม ถ้ารับเรื่องแล้วไม่แก้ปิดระบบไปเถอะ น้ำท่วมมาแล้วมากกว่า 1 สัปดาห์,https://storage.googleapis.com/traffy_public_bucket/attachment/2026-10/7ce7216108c392a8e2bba7e477f56f1e.jpeg
2026-9FR79J,forward,2026-10-03 15:54,2026-10-03 19:20,100.38018,13.74648,บางแค,บางไผ่,ท่อระบายน้ำถนนบางแวกช่วงหน้า7-11 ถึงทาวเข้าหมู่บ้านชัยพฤกษ์บางแวกไม่มีฝนตกน้ำท่วมขังเน่าไหลเข้าถนนหมู่บ้านขอให้ทำท่อเชื่อมกันพร้อมบ่อพัก ความสูงระดับไม่สูงแต่ไหลเข้าหมู่บ้านและต้องการทางเท้าด้วย น้ำท่วมมาแล้ว2ปีเมื่อฝนตก,https://storage.googleapis.com/traffy_public_bucket/attachment/2026-10/4a1d42a473dfedabb2bce6ce7b16e6a1.jpeg
2026-YR9U3K,inprogress,2026-10-03 15:55,2026-10-05 11:24,100.7173,13.78779,มีนบุรี,มีนบุรี,เรื่อง: ขอร้องเรียนการปฏิบัติหน้าที่ของประธานชุมชนบัวขาว และขอให้พิจารณาการดำรงตำแหน่ง เรียน: ผู้อำนวยการเขตมีนบุรี ตามที่เกิดปัญหาน้ำท่วมขังเรื้อรังบริเวณซอยรามคำแหง 174 (บัวขาวฝั่งใน) เป็นเวลา 9 วัน ซึ่งสร้างความเดือดร้อนแก่ประชาชนในพื้นที่อย่างมากนั้,https://storage.googleapis.com/traffy_public_bucket/attachment/2026-10/9ac27fa4589b885224d3685610a8a683.jpeg
2026-87EAGF,inprogress,2026-10-03 15:57,2026-10-05 08:35,100.61834,13.86797,บางเขน,อนุสาวรีย์,ฝนตกนิดเดียวน้ำท่วมอีกแล้ว ความสูงระดับหน้าแข้ง น้ำท่วมมาแล้วน้อยกว่า 3 ชั่วโมง,https://storage.googleapis.com/traffy_public_bucket/attachment/2026-10/46484a30d587fa38dcb0839a5d0ceb0e.jpeg
2026-XHEWVG,start,2026-10-03 16:04,2026-10-03 16:04,100.78657,13.75255,ลาดกระบัง,ลำปลาทิว,สวัสดีครับ อยากรบกวนช่วยประสานช่วยเหลือลูกบ้าน หมู่บ้านเจ้าคุณ ซอยฉลองกรุง 19 แขวงลำปลาทิว เขตลาดกระบัง ตอนนี้เดือดร้อนมาก น้ำท่วมมา 7 วันและน้ำเน่าเสียแล้ว ไม่มีหน่วยงานใดมาช่วยเหลือ ต้องการเครื่ิงสูบน้ำ อาหารและน้ำดื่มครับ ติดต่อ: คุณธนากร (ปู ) 086 7,https://storage.googleapis.com/traffy_public_bucket/attachment/2026-10/37fa146d276e22b5616222f3bd6fbc31.jpeg
2026-NX4D9P,start,2026-10-03 16:05,2026-10-03 16:05,100.72124,13.76906,ลาดกระบัง,คลองสองต้นนุ่น,ซอย เคหะร่มเกล้า64 ยังมีน้ำท่วมขัง ความสูงระดับหน้าแข้ง 1อาทิตย์,https://storage.googleapis.com/traffy_public_bucket/attachment/2026-10/3b0b2e00412cab9d4e4609db2de51c8f.jpeg
2026-UA9EKL,inprogress,2026-10-03 16:05,2026-10-04 12:23,100.65604,13.72598,ประเวศ,ประเวศ,น้ำท่วมมา 8-9 วันแล้ว เน่าเหม็น ไม่มีใครมาดูแลเลย ขอให้มาเดินท่อใหม่เกือบ 20 ปี แล้ว เมื่อไรจะมีงบมาทำ ตกทีไร น้ำขัง เดินไม่ได้ ท่อมาทุบ แล้วเอาไม้มาปิด น้ำท่วม ฝาไม้ก็ลอยหาย คนเดินตกลงได้ ความสูงระดับหัวเข่า น้ำท่วมมาแล้วมากกว่า 1 สัปดาห์,https://storage.googleapis.com/traffy_public_bucket/attachment/2026-10/ab9013b935d35ec01d6dd270a1f234c9.jpeg
2026-N82YUT,inprogress,2026-10-03 16:08,2026-10-04 12:17,100.66341,13.72626,ประเวศ,ประเวศ,`สภาพพัฒนาการ 65 แยก 4 ด้านในยังท่วมสูง วันนี้วันที่ 8 แล้วค่ะ ตอนนี้ไม่มีหน่วยงานไหนเข้ามาดูเลย น้ำก็ไม่มีใช้ อาหารที่ตุนไว้ก็หมด จะออกก็ไม่ได้ รถก็ไม่มารับค่ะ น้ำเน่าหมดแล้ว ปลิงก็เยอะ เดินไปไม่ได้ค่ะ ด้านนอกแห้งกันหมดแล้ว แต่ด้านในสูงยังไม่ลด จึงอยากให,https://storage.googleapis.com/traffy_public_bucket/attachment/2026-10/e2c9f61a8083dd72013068dfcfaab012.jpeg
2026-WUEMYR,inprogress,2026-10-03 16:09,2026-10-05 14:55,100.59061,13.71873,วัฒนา,พระโขนงเหนือ,ได้รับข่าวสารจากประกาศเขตวัฒนามีเปิดให้ขอรับกระสอบทรายครัวเรือนละ 20 กระสอบ จะติดต่อขอรับได้ที่ใดค่ะและเตรียมเอกสารหลักฐานในการขอรับแบบไหนค่ะ #ขอกระสอบทราย/อื่นๆ,https://storage.googleapis.com/traffy_public_bucket/attachment/2026-10/eee72243cb42a0ad76fd0036ab97767d.jpeg
2026-BG88LU,start,2026-10-03 16:10,2026-10-03 16:10,100.72586,13.73445,ลาดกระบัง,คลองสองต้นนุ่น,น้ำท่วมไม่ลดเลย ตั้งแต่วันที่ 25/9/69 จนวันนี้ 3/10/69 ผ่านมา 9 วัน ทำไมมีเจ้าหน้าที่มาจัดการอะไรบ้าง เครื่องสูบน้ำก็ไม่เห็นมี ถุงยังชีพก็ไม่มีมาแจก ความสูงระดับหัวเข่า น้ำท่วมมาแล้ว9 วันแล้ว,https://storage.googleapis.com/traffy_public_bucket/attachment/2026-10/e8e68f68898f93932ea502697c1a7740.jpeg
2026-XDKF7Y,inprogress,2026-10-03 16:10,2026-10-05 09:22,100.765,13.89245,คลองสามวา,สามวาตะวันออก,ปรับปรุงสะพานได้ไหมคะ น้ำคลองเพิ่มสูง รถออกไม่ได้ค่ะ ความสูงระดับเลยหน้าแข้งค่ะ รถเก๋ง กับมอเตอร์ไม่สามารถขับออกมาได้ค่ะ น้ำท่วมมาแล้วตั้งแต่วันที่ 28 กันยายนค่ะ,https://storage.googleapis.com/traffy_public_bucket/attachment/2026-10/676c805d5440282ade88121066895bc7.jpeg
2026-39EA7E,inprogress,2026-10-03 16:11,2026-10-03 20:16,100.70492,13.78847,สะพานสูง,สะพานสูง,ในซอยราษฎร์พัฒนา 1 น้ำท่วมขังนานมาก ตั้งแต่วันศุกร์ที่ 25 ก.ย จนปัจจุบัน ต้องการให้ช่วยมาสูบน้ำค่ะ ถ้านอกบ้านประมาณเลยเข่าค่ะ ตั้งแต่ 25 ก.ย ค่ะ,https://storage.googleapis.com/traffy_public_bucket/attachment/2026-10/8e8e61689202b0a9e201c96ae4c70203.jpeg
2026-KPD69Z,forward,2026-10-03 16:13,2026-10-04 07:00,100.82227,13.78159,หนองจอก,ลำผักชี,น้ำท่วมขังสูงประมาณเกือบถึงหัวเข่า บริเวณกลับรถใต้สะพาน หน้าหมู่บ้านคาริเบียน เหมือนฝาท่อระบายน้ำกลางถนนจะเปิดออก ตรงจุดนั้นเป็นน้ำวน ขนาดหลุมท่อระบายน้ำ รบกวนช่วยตรวจสอบด้วยค่ะ ความสูงระดับรถใหญ่ขับได้ค่ะ มอไซค์ผ่านยังไม่ได้ค่ะ น้ำท่วมมาแล้วท่วมตั้งแต่ฝน,https://storage.googleapis.com/traffy_public_bucket/attachment/2026-10/ffaec836b3358f48ee3049a59f206095.jpeg
2026-BRETWF,start,2026-10-03 16:16,2026-10-03 16:16,100.80111,13.78096,ลาดกระบัง,ลำปลาทิว,น้ำท่วมสูงทำให้รถจักรยานยนต์เข้าออกไม่ได้ต้องอ้อมไกลมาก หาวิธีแก้ไขด่วน ความสูงระดับAutomatic ออกไม่ได้แล้วครับ ออกได้เฉพาะเว็บ น้ำท่วมมาแล้วตั้งแต่วันที่ 25 ครับ,https://storage.googleapis.com/traffy_public_bucket/attachment/2026-10/f5464a2a7a32399fe42aaf5623e13efc.jpeg
2026-7CPA9R,start,2026-10-03 16:25,2026-10-03 16:25,100.73051,13.72646,ลาดกระบัง,ลาดกระบัง,- สถานที่ : ถนนประชาทร หมู่บ้านเดอะธาม อยู่หลังวันลานบุญ ซอยลาดกระบัง 1-3 (วัด 1 ไป วัด 2) รายละเอียด - ตอนนี้ในซอยยังมีน้ำท่วมขังระดับเข่า น้ำมีกลิ่นเหม็นเน่า - ในซอยมีคลอง / บึง เป็นจำนวนมาก - น้ำท่วมช่วงคอสะพานยังสูงมาก ไม่สามารถลุยไปได้ - ลองนำรถย,https://storage.googleapis.com/traffy_public_bucket/attachment/2026-10/465ac6ffb7022268c680fc0691363467.jpeg
2026-XF2YPB,inprogress,2026-10-03 16:27,2026-10-04 16:21,100.63492,13.77444,บางกะปิ,คลองจั่น,ขอผ้าอ้อมสำเร็จรูปสำหรับผู้ป่วยอาวุโสติดเตียง #ขอกระสอบทราย/อื่นๆ,https://storage.googleapis.com/traffy_public_bucket/attachment/2026-10/5c9e792a4df3c03ce04195d4c1644668.jpeg
2026-EFYXJC,start,2026-10-03 16:30,2026-10-03 16:30,100.72185,13.77716,ลาดกระบัง,คลองสองต้นนุ่น,น้ำท่วมสูงเข้าวันที่9 และเน่าเสีย ความสูงระดับ30-40 ซม น้ำท่วมมาแล้วมากกว่า 1 สัปดาห์,https://storage.googleapis.com/traffy_public_bucket/attachment/2026-10/c4b10822326b73dd82dd484617f5bf26.jpeg
2026-MZAZR7,start,2026-10-03 16:39,2026-10-03 16:39,100.77507,13.72873,ลาดกระบัง,ลำปลาทิว,ต้องการสูบน้ำออกจากบริเวณหน้าเซเว่น ซึ่งมีความสูงประมาณ 50-75cm ความสูงระดับ50-75 cm ตรงทางเข้าค่ะ น้ำท่วมมาแล้วตั้งแต่วันที่ 26 ค่ะ ประมาณ 7วันค่ะ,https://storage.googleapis.com/traffy_public_bucket/attachment/2026-10/4a90417d11d27e93599a4689fc87dde1.jpeg
2026-L7NNJ7,forward,2026-10-03 16:41,2026-10-03 20:39,100.83806,13.80752,หนองจอก,ลำผักชี,ขออนุญาตแจ้งกรุงเทพมหานครผ่านสำนักงานเขตหนองจอกกรุงเทพมหานครทราบเนื่องจากมีน้ำท่วมสูงจากเหตุฝนตกรอการระบายมาหลายวันแล้วยังไม่มีหน่วยงานใดเข้ามาทำการแก้ไขมาทำการสูบน้ำออกและวางแนวกระสอบทรายกั้นน้ำจึงขอความช่วยเหลืออนุเคราะห์โดยเร่งด่วนเพื่อบรรเทาความเดือดร,https://storage.googleapis.com/traffy_public_bucket/attachment/2026-10/4290849545d0eb45492c23ddec439759.jpeg
2026-PFPAHK,inprogress,2026-10-03 16:44,2026-10-03 20:39,100.69727,13.73947,สะพานสูง,สะพานสูง,น้ำท่วมขังมา 7 วันแล้ว ไปช่วยด้วยครับ ความสูงระดับตอนนี้เหลือประมาณนี้ครับ น้ำท่วมมาแล้ว7 วันครับ,https://storage.googleapis.com/traffy_public_bucket/attachment/2026-10/c8fe6b893fef92c71712f8f4ebf962ab.jpeg
2026-96WFJP,inprogress,2026-10-03 16:48,2026-10-03 20:16,100.70479,13.77886,สะพานสูง,สะพานสูง,ซอยราษฎ์พัฒนา10 น้ำยังไม่ลดเลยค่ะ ในซอยครึ่งน่อง ในบ้านเข่า,https://storage.googleapis.com/traffy_public_bucket/attachment/2026-10/c30beb34d848eab4a357df1d8a5dfbce.jpeg
2026-43V74Z,inprogress,2026-10-03 16:52,2026-10-05 11:22,100.71334,13.78819,มีนบุรี,มีนบุรี,แจ้งไปหลายรอบแล้ว ในซอยรามคำแหง 164 หมู่บ้านเพอร์เฟคเพลส น้ำค่อยๆลดดดมาก จนซอยข้างๆน้ำแห้งกันหมดแล้ว ไม่เห็นมีหน่วยงานไหนเข้ามาช่วยเหลือ ตอนนี้เป็นวันที่ 8 แล้ว น้ำเริ่มส่งกลิ่น จะเน่าแล้วค่ะ ความสูงระดับหน้าแข้ง น้ำท่วมมาแล้วมากกว่า 1 สัปดาห์,https://storage.googleapis.com/traffy_public_bucket/attachment/2026-10/204695bc035c7bc7fc4476bf9035cf45.jpeg
2026-BZ9WME,inprogress,2026-10-03 16:58,2026-10-03 20:45,100.81789,13.79313,หนองจอก,ลำผักชี,น้ำท่วมใน หมู่บ้านคริสตัล ซ.วัดอู่ตะเภา ลำผักชี หนองจอกค่ะ พอจะจัดรถรับส่งช่วงเช้า กับ ช่วงเย็นให้หน่อยได้ไหมคะ เพราะน้ำลึกมากไม่สามารถเอารถออกมาได้ค่ะ ส่งถึงตรงสะพานเขียวก็พอ ความสูงระดับหัวเข่า *เลยหัวเข่าค่ะ,https://storage.googleapis.com/traffy_public_bucket/attachment/2026-10/d951166069b26723be8a904cded37f1f.jpeg
2026-VVKVFJ,inprogress,2026-10-03 17:04,2026-10-03 20:39,100.81798,13.7931,หนองจอก,ลำผักชี,น้ำท่วมเข้าออกไม่ได้ ความสูงระดับเลยหัวเข่า น้ำท่วมมาแล้วมากกว่า 1 สัปดาห์,https://storage.googleapis.com/traffy_public_bucket/attachment/2026-10/cca6a53c2ca69b24ff0bd3f63fc98ead.jpeg
2026-8PYWBX,inprogress,2026-10-03 17:09,2026-10-03 17:14,100.68144,13.818,คันนายาว,คันนายาว,เดือดร้อนเหมือนกัน แต่สิทธิไม่เท่ากัน? น้ำท่วมจมมิดตั้งแต่วันที่ 25 แต่เขตสนใจแค่ `หมู่บ้านดัง`? พิกัด เลียบคลอง 13 ซอย 7 และอีกหลายชุมชนรอบนอกในเขตหนองจอก จมน้ำท่วมขังมานานกว่า 1 สัปดาห์แล้ว! ร้องเรียนไปทุกช่องทาง ส่งเรื่องไปกี่ครั้ง กลับเจอแต่ความเงียบก,https://storage.googleapis.com/traffy_public_bucket/attachment/2026-10/9a7e0a6f18e576ad17d0b1578cb00a16.jpeg
2026-YNMYYL,finish,2026-10-03 17:10,2026-10-05 09:55,100.57994,13.89689,หลักสี่,ทุ่งสองห้อง,น้ำท่วมเข้าวันที่ 9 แล้วค่ะ เมื่อเช้าลดลงเกือบหมด พอบ่ายฝนตกแป้บเดียว ท่วมอีกค่ะ อยุ่ท้ายซอย น้ำยังท่วมขังตลอด อยากให้ระบายน้ำให้แห้งหมด มิฉะนั่นพอฝนตกนิดเดียวก็ท่วมทันที ความสูงระดับข้อเท้า น้ำท่วมมาแล้วมากกว่า 1 สัปดาห์,https://storage.googleapis.com/traffy_public_bucket/attachment/2026-10/69aa9cd211b9ac46566488a87d121fea.jpg
2026-BLNZ4V,inprogress,2026-10-03 17:14,2026-10-03 20:45,100.80354,13.79508,หนองจอก,ลำผักชี,ลูกบ้าน ฟลอร่าวิลล ขอขอบคุณ เขตหนองจอก และ ผู้ว่า กทม ที่เข้ามาดูแล พร้อมส่งเครื่องสูบน้ำ และอาหารกล่อง มาให้ค่ะ ลูกบ้าน ฟลอร่าวิลล ขอขอบคุณ เขตหนองจอก และ ผู้ว่า กทม ที่เข้ามาดูแล พร้อมส่งเครื่องสูบน้ำ และอาหารกล่อง มาให้ค่ะ น้ำท่วมมาแล้วมากกว่า 1 สัปดาห,https://storage.googleapis.com/traffy_public_bucket/attachment/2026-10/cc65f867cca6822567c07f2fc38efb3b.jpeg
2026-G7TNUK,inprogress,2026-10-03 17:14,2026-10-03 17:45,100.63705,13.68001,พระโขนง,บางจาก,น้ำท่วมขังบนถนน ความสูงระดับข้อเท้า น้ำท่วมมาแล้วมากกว่า 1 สัปดาห์,https://storage.googleapis.com/traffy_public_bucket/attachment/2026-10/2ffc06b01e1fed0381c5956b9db1a545.jpeg
2026-M3KDRC,inprogress,2026-10-03 17:14,2026-10-04 07:49,100.65834,13.77709,บึงกุ่ม,คลองกุ่ม,น้ำท่วมขังตั้งแต่วันที่ 25 กันยายน 2569 พื้นที่อื่นแห้งแล้วเหลือพื้นที่นี้ ความสูงระดับข้อเท้า น้ำท่วมมาแล้วมากกว่า 1 สัปดาห์,https://storage.googleapis.com/traffy_public_bucket/attachment/2026-10/7b51126e27b0817d662a5bc48d024548.jpeg
2026-GLCKBB,inprogress,2026-10-03 17:15,2026-10-05 11:19,100.7851,13.83257,มีนบุรี,แสนแสบ,น้ำท่วมซอยราษฎร์รัฐพัฒนามานานหลายวันไม่มีหน่วยงานไหนเข้ามาดูแล ท่วมในบ้าน ความสูงระดับประมาณข้อเท้าจนถึงหน้าแข้ง น้ำท่วมมาแล้วท่วมมาตั้งแต่วันที่27 ช่วงฝนตกแรกๆ,https://storage.googleapis.com/traffy_public_bucket/attachment/2026-10/thumb_6fdcdbbfa0305e9f5eaad04878f1b3ec.jpg
2026-T6HLRA,inprogress,2026-10-03 17:15,2026-10-05 11:19,100.7851,13.83257,มีนบุรี,แสนแสบ,น้ำท่วมซอยราษฎร์รัฐพัฒนามานานหลายวันไม่มีหน่วยงานไหนเข้ามาดูแล ท่วมในบ้าน ความสูงระดับประมาณข้อเท้าจนถึงหน้าแข้ง น้ำท่วมมาแล้วน้ำไม่ลดหรือระบายไปไหนเลย,https://storage.googleapis.com/traffy_public_bucket/attachment/2026-10/thumb_6fdcdbbfa0305e9f5eaad04878f1b3ec.jpg
2026-TFFNZY,inprogress,2026-10-03 17:15,2026-10-03 20:14,100.71102,13.77956,สะพานสูง,สะพานสูง,น้ำท่วมมา 8 วันแล้ว ยังไม่ลงเลย ตอนนี้ส่งกลิ่นเหม็นมาก ความสูงระดับครึ่งแข้งค่ะ น้ำท่วมมาแล้วตั้งแต่วันที่ 26 กันยายน ค่ะ,https://storage.googleapis.com/traffy_public_bucket/attachment/2026-10/88263cc15f96dcc79b10b65a800b88e4.jpeg
2026-3UC2VN,inprogress,2026-10-03 17:17,2026-10-04 07:49,100.65834,13.77709,บึงกุ่ม,คลองกุ่ม,เนื่องจากน้ำท่วมของในบ้านทำให้น้ำเน่าเสียแล้วต้องการกระสอบทรายเพื่อกั้นและสูบน้ำออกค่ะ #ขอกระสอบทราย/อื่นๆ,https://storage.googleapis.com/traffy_public_bucket/attachment/2026-10/25fd19ea7374bc97baa636578d8d003d.jpeg
2026-L8RLMD,start,2026-10-03 17:22,2026-10-03 17:22,100.74866,13.7381,ลาดกระบัง,คลองสามประเวศ,ซอยร่มเกล้า 25/3 ซอยต่ำกว่าถนนใหญ่ น้ำท่วมสูง กลางซอยถึงเข่า ท้ายซอยสูงกว่านั้น รถเข้าออกไม่ได้ ท่วมตั้งแต่ 25 ก.ย. น้ำดำและยุงเยอะ ต้องการให้ช่วยสูบน้ำออกจากซอยให้รถพอเข้าออกได้ แจ้งเข้าระบบสองรอบแล้ว ไร้การเหลียวแลจากหน่วยงานที่เกี่ยวข้อง ความสูงระดับหั,https://storage.googleapis.com/traffy_public_bucket/attachment/2026-10/9241d613c447ac59df08ed0011ccda69.jpeg
2026-UTKUWX,inprogress,2026-10-03 17:22,2026-10-03 20:13,100.69424,13.76132,สะพานสูง,สะพานสูง,ระดับยังไม่ได้รับการแก้ปํญหาเท่าที่ควร แบะน้ำในบ้านเริ่มเน่า มีคนในบ้านลื่นและได้รับบาดเจ็บ ตั้งแต่น้ำท่วมมาไม่เคยมีหน่วยงานไหนเข้ามาช่วยเหลือหรือดูแลเลย ในซอยมีบ้านอยู่ถึง 5 หลังที่ได้รับความเดือดร้อนจากน้ำที่วม ฝากช่วยดูแลเรื่องการระบายน้ำ และการช่วยเหล,https://storage.googleapis.com/traffy_public_bucket/attachment/2026-10/743b073b89e514a62b4efd1df1faa00a.jpeg
2026-J4A7G2,inprogress,2026-10-03 17:24,2026-10-03 20:54,100.86268,13.85565,หนองจอก,กระทุ่มราย,เดือดร้อนเหมือนกัน แต่สิทธิไม่เท่ากัน? น้ำท่วมจมมิดตั้งแต่วันที่ 25 แต่เขตสนใจแค่ `หมู่บ้านดัง`? พิกัด เลียบคลอง 13 ซอย 7 และอีกหลายชุมชนรอบนอกในเขตหนองจอก จมน้ำท่วมขังมานานกว่า 1 สัปดาห์แล้ว! ร้องเรียนไปทุกช่องทาง ส่งเรื่องไปกี่ครั้ง กลับเจอแต่ความเงียบก,https://storage.googleapis.com/traffy_public_bucket/attachment/2026-10/761c7feeebc28a692d31fd0663ca3b90.jpeg
2026-XJY4FL,start,2026-10-03 17:26,2026-10-03 17:26,100.72929,13.81125,มีนบุรี,มีนบุรี,ตลาดเก่ามีนบุรีตอนนี้ประสบปัญหาน้ำท่วมเน่าขัง ส่งกลิ่นเหม็นไปทั่วตลาด พ่อค้าแม่ค้าลำบาก 8วันแล้วทำมาหากินไม่ได้ เจ้าของและผู้บริหารตลาดมีนไม่ช่วยเหลือนำรถสูบน้ำเน่าเสียออก จึงจำเป็นต้องแจ้งเรื่องขอรับการช่วยเหลือค่ะ ความสูงระดับหน้าแข้ง น้ำท่วมมาแล้ว8วัน,https://storage.googleapis.com/traffy_public_bucket/attachment/2026-10/8c95accda11f420ef67be5b60fcff51c.jpeg
2026-6WCMRM,inprogress,2026-10-03 17:27,2026-10-05 10:04,100.64323,13.75374,บางกะปิ,หัวหมาก,ไม่มาเก็บขยะหลังน้ำลด ตอนนี้น้ำลดเป็นปกติ แต่ขยะส่งดลิ่นเหม็นมาก 4วัน,https://storage.googleapis.com/traffy_public_bucket/attachment/2026-10/6d04869a3cfa0c1556ae52766673b377.jpeg
2026-JNHFGT,inprogress,2026-10-03 17:27,2026-10-03 23:20,100.72326,13.81508,มีนบุรี,มีนบุรี,น้ำท่วมมา8วันแล้วครับเน่าเหม็นแถมมีขยะชิ้นใหญ่เพียบติดต่อเขตมีนบุรีไปจะเรียกเก็บเงิน ความสูงระดับรถขยะเขตมีนบุรีไม่ทำงานหรา น้ำท่วมมาแล้ว8วัน,https://storage.googleapis.com/traffy_public_bucket/attachment/2026-10/24088ca2f459214bc447e9dcb601e291.jpeg
2026-3DVDGE,inprogress,2026-10-03 17:32,2026-10-03 17:46,100.6324,13.69194,พระโขนง,บางจาก,น้ำเคยท่วมสูงจนน้ำล้นจากถนนเข้ามายังในตัวบ้านจนข้าวของเสียสาย ความสูงระดับหัวเข่า น้ำท่วมมาแล้วน้อยกว่า 1 สัปดาห์,https://storage.googleapis.com/traffy_public_bucket/attachment/2026-10/f4d88947449c3153649574cfb1e7756c.jpeg
2026-JHPB3B,inprogress,2026-10-03 17:34,2026-10-05 10:53,100.76016,13.82574,มีนบุรี,แสนแสบ,ซอยราษฎร์อุทิศ 7 ถนนราษฎร์อุทิศน้ำขังมาเป็นเวลา 9 วันวันนี้แล้วทั้งซอยน้ำท่วมหมดตามบ้านเรือนมีน้ำเข้าบ้านและก็น้ำหล่อรอบบ้านทั้งซอยอยากให้หน่วยงานรัฐช่วยด้วยค่ะเพราะว่าตำแหน่งที่ส่งไปที่อยู่มันอยู่หลังทดประตูระบายน้ำที่จะระบายไปคลอง 4 มันปิดน้ำมันก็ไม่ได้,https://storage.googleapis.com/traffy_public_bucket/attachment/2026-10/6ddd80f5c2dda363f29814b6fe3835df.jpeg
2026-43D4EB,inprogress,2026-10-03 17:36,2026-10-05 10:53,100.77962,13.80493,มีนบุรี,แสนแสบ,มีน้ำท่วมขังในซอยหลายวันแล้ว น้ำเริ่มเน่าเสีจะส่งกลิ่นเหม็น ความสูงระดับหน้าแข้ง น้ำท่วมมาแล้วมากกว่า 1 สัปดาห์,https://storage.googleapis.com/traffy_public_bucket/attachment/2026-10/6aef73d83d9a1e0f9826e6b64b46bee6.jpeg
2026-ABL3BR,inprogress,2026-10-03 17:37,2026-10-05 10:52,100.76018,13.82578,มีนบุรี,แสนแสบ,น้ำท่วมขังเป็นเวลา 9 วันอยากให้ช่วยแก้ปัญหาให้น้ำลดบ้างช่วยเปิดทดกั้นน้ำบ้างค่ะ ความสูงระดับ30-40 cm ได้ค่ะ น้ำท่วมมาแล้ว9 วันวันนี้แล้วค่ะ,https://storage.googleapis.com/traffy_public_bucket/attachment/2026-10/f6beac8768c8fa901f3b0552582795d4.jpeg
2026-FTURNY,inprogress,2026-10-03 17:38,2026-10-04 12:11,100.69589,13.67012,ประเวศ,ดอกไม้,น้ำท่วมในซอยทุ่งเศรษฐีแยก 43 ความสูงระดับหน้าแข้ง น้ำท่วมมาแล้วมากกว่า 1 สัปดาห์,https://storage.googleapis.com/traffy_public_bucket/attachment/2026-10/658e460df417b58f429f0f60b590e570.jpeg
2026-H6XG83,inprogress,2026-10-03 17:38,2026-10-03 20:37,100.81059,13.8048,หนองจอก,ลำผักชี,ขอเครื่องสูบน้ำเพื่อช่วยปลักดันน้ำค้างมา8วัน ความสูงระดับ60ซม น้ำท่วมมาแล้วมากกว่า 1 สัปดาห์,https://storage.googleapis.com/traffy_public_bucket/attachment/2026-10/1b35c0b735b808d4ec5a6c3b36adab7e.jpeg
2026-CTZALP,inprogress,2026-10-03 17:41,2026-10-05 08:57,100.64398,13.91686,สายไหม,สายไหม,น้ำท่วมขังในบ้าน ความสูงระดับหัวเข่า น้ำท่วมมาแล้วมากกว่า 1 สัปดาห์,https://storage.googleapis.com/traffy_public_bucket/attachment/2026-10/a0394dd339fc1cffa7643ae6714374c6.jpeg
2026-ALKMAA,inprogress,2026-10-03 17:43,2026-10-05 10:52,100.76018,13.82578,มีนบุรี,แสนแสบ,น้ำท่วมขัง 9 วันค่ะอยากให้ช่วยเปิดประตูระบายน้ำค่ะหรือเอาเครื่องมือมาช่วยสูบให้หน่อยค่ะ ความสูงระดับ30-40 cm ได้ค่ะ น้ำท่วมมาแล้ว9 วันแล้วค่ะบางจุดในร้านอาหารก็ถึงหัวเข่า,https://storage.googleapis.com/traffy_public_bucket/attachment/2026-10/c7fc88d14b6e32a13679d3d1738a1679.jpeg
2026-E9CEUE,inprogress,2026-10-03 17:43,2026-10-05 10:51,100.7897,13.82042,มีนบุรี,แสนแสบ,น้ำท่วมถนนสุวินทวงศ์ 13 แยก 20 อยู่หลายวันแล้ว เดินทางลำบากมาก เป็นเส้นทางไปถนนคู่ขวา คู่ซ้าย ความสูงระดับหน้าแข้ง น้ำท่วมมาแล้วมากกว่า 1 สัปดาห์,https://storage.googleapis.com/traffy_public_bucket/attachment/2026-10/04949bb548bc267dddf881bba4e55287.jpeg
2026-NNMXM3,finish,2026-10-03 17:44,2026-10-04 10:30,100.59898,13.83099,ลาดพร้าว,ลาดพร้าว,น้ำท่วม ขอเงินชดเชย ความสูงระดับหัวเข่า น้ำท่วมมาแล้วมากกว่า 1 สัปดาห์,https://storage.googleapis.com/traffy_public_bucket/attachment/2026-10/e51b80b7eba3d00113c1a2404ad68bdf.jpeg
2026-RNCYGF,inprogress,2026-10-03 17:48,2026-10-05 10:51,100.72929,13.81123,มีนบุรี,มีนบุรี,ขอแจ้งปัญหาน้ำท่วมบริเวณตลาดเก่ามีนบุรี ริมคลองแสนแสบค่ะ ขณะนี้บริเวณตลาดมีน้ำท่วมขังต่อเนื่องเป็นเวลา 8 วันแล้ว น้ำมีสภาพเน่าเสียและส่งกลิ่นเหม็น ระดับน้ำประมาณหน้าแข้ง สภาพพื้นที่ลำบากต่อการเดินทางและการค้าขาย ทำให้พ่อค้าแม่ค้าไม่สามารถประกอบอาชีพได้ตา,https://storage.googleapis.com/traffy_public_bucket/attachment/2026-10/8e3e4e4bfadd7b73ae37da311945f9b5.jpeg
2026-RMZBDB,forward,2026-10-03 17:49,2026-10-05 10:50,100.73736,13.84342,คลองสามวา,ทรายกองดิน,รบกวนเจ้าหน้าที่ ช่วยลงมาดูแล ทำความสะอาด บริเวณตลาดเก่ามีนบุรี (ถนน สีหบุรานุจกิจ) น้ำคลอง ท่วมบ้านเรือน เสียหาย ส่งกลิ่นเหม็นเน่า เป็นอาทิตย์แล้ว มาจัดการให้หน่อยนะคะ คนอาศัยทนกลิ่นไม่ไหว ส่งผลเสียต่อสุขภาพมากค่ะ ช่วยมา พรุ่งนี้เลยนะคะเหม็นมากค่ะ ความสู,https://storage.googleapis.com/traffy_public_bucket/attachment/2026-10/4b13a6951fdfbd054bb12139553d9adf.jpeg
2026-BJDPDK,inprogress,2026-10-03 17:55,2026-10-05 10:49,100.76033,13.82571,มีนบุรี,แสนแสบ,น้ำท่วมขังมาเป็นเวลา 9 วันค่ะทั้งซอยและก็บ้านคนอยู่อาศัย ความสูงระดับประมาณ 30-40 cm ค่ะ น้ำท่วมมาแล้ว9 วันแล้วค่ะวันนี้วันที่ 9,https://storage.googleapis.com/traffy_public_bucket/attachment/2026-10/thumb_3203b42f511238218b83874e09ef25d8.jpg
2026-N6HFFP,inprogress,2026-10-03 17:55,2026-10-05 08:41,100.60542,13.8705,บางเขน,อนุสาวรีย์,ฝนตกน้ำท่วมไม่เปิดเครื่องสูบน้ำ ความสูงระดับหน้าแข้ง น้ำท่วมมาแล้วน้อยกว่า 3 ชั่วโมง,https://storage.googleapis.com/traffy_public_bucket/attachment/2026-10/thumb_c52066bda5e3fe3a9a6cb5b0fd1e9440.jpg
2026-UHNFXU,forward,2026-10-03 17:56,2026-10-05 10:49,100.63722,13.81809,บึงกุ่ม,นวมินทร์,แจ้งปัญหาในซอยรามอินทรา 117 น้ำยังล้นคลองอยู่เลย รบกวนเจ้าหน้าที่โยธา ช่วยมาวางกระสอบทรายเป็นแนวด้วยครับถ้าฝนตกลงมาอีกในระลอกใหม่ ในวันจันทร์ผมว่ามันจะกลับมาท่วมเหมือนเดิมนะครับ แล้วรามอินทรา 17 มุ่งหน้าเจริญพัฒนาก็มีคลองน้ำก็ล้นออกมาจากคลองยังไม่ยุบเลยเพ,https://storage.googleapis.com/traffy_public_bucket/attachment/2026-10/f86616fcddce8c1f4465c85341a415db.jpeg
2026-DC6A4E,inprogress,2026-10-03 17:58,2026-10-05 08:41,100.61115,13.87434,บางเขน,อนุสาวรีย์,เมื่อตอนบ่ายวันนี้เสาร์ที่ 3 ตุลาคม ฝนตก น้ำท่วมตลอดเส้นทางรามอินทรา5 แยก 9 และหน้าหมู่บ้านภัทรา ระดับน้ำ 20 เซ็นติเมตร ตามภาพ เสนอขอให้ทำการลอกท่อ เพื่อให้น้ำระบายได้ดี 20เซ็นติเมตร ทั้ง ๆ ที่ฝนตกระยะเวลาไม่นาน ตอนนี้น้ำยังงสูงอยู่ค่ะ น้ำท่วมมาแล้วมากก,https://storage.googleapis.com/traffy_public_bucket/attachment/2026-10/32bc5c8c3d05838adf5d7a7ecc0dd653.jpeg
2026-EFZP8U,inprogress,2026-10-03 18:00,2026-10-03 19:27,100.6522,13.79389,บึงกุ่ม,คลองกุ่ม,รถยนต์ ที่จอดในที่น้ำท่วมบริเวณที่พักอาศัยจนเปียกภายในรถ จึงต้องนำไปซักพรม เบาะที่น้ำซึมเปียก เปลี่ยนถ่ายน้ำมันเครื่อง ของเหลวตรงเครื่องยนต์ใหม่ แนวทางแก้ไข ตอนนี้เรียกรถสไลด์มารับรถไปร้านคาร์แคร์ให้ซักพรมและเบาะแล้ว และรอจะส่งรถไปเปลี่ยนถ่ายของเหลวเครื่,https://storage.googleapis.com/traffy_public_bucket/attachment/2026-10/4080b64b7a6cc759999a2aafbf65675e.jpeg
2026-PVLZAC,inprogress,2026-10-03 18:03,2026-10-04 11:51,100.67193,13.72032,ประเวศ,ประเวศ,ซ.อ่อนนุช 57 แยก 2 ท้ายซอย น้ำยังไม่ลดเลย ความสูงระดับ9 วัน น้ำท่วมมาแล้วมากกว่า 1 สัปดาห์,https://storage.googleapis.com/traffy_public_bucket/attachment/2026-10/a475f544c178a15348bde1f25e15d47f.jpeg
2026-YYVJZX,start,2026-10-03 18:03,2026-10-03 18:03,100.72053,13.71926,ลาดกระบัง,ลาดกระบัง,ถนนลาดกระบังบริเวณตั้งแต่ โรบินสันจนถึงดีคอนโด มีน้ำท่วมขังพื้นผิวถนน สูงประมาณ 30 เซนติเมตร รถเล็กวิ่งผ่านลำบาก มีรถติดสะสมมาก รบกวนช่วยตรวจสอบว่าทำไมมีน้ำขังนานและน้ำระบายช้ามากกกก ความสูงระดับหัวเข่า น้ำท่วมมาแล้วมากกว่า 1 สัปดาห์,https://storage.googleapis.com/traffy_public_bucket/attachment/2026-10/0dcea9f1f96a91652240d596c4bd8df5.jpeg
2026-WAA4K7,inprogress,2026-10-03 18:11,2026-10-03 20:52,100.88372,13.86942,หนองจอก,หนองจอก,ท้ายซอยน้ำท่วมค่ะมีเด็กเล็กประมาณ คน และคนสูงอายุ น้ำเริ่มเน่าเสียค่ะ อยู่ตรงนี้มาตั้งแต่่วันที่25 ค่ะ ช่วย อาหารหรือนม น้ำ ก็ได้ค่ะ ในนี้มีประมาณ 7หลังคาเรือนค่ะ แต่่บ้านที่น้ำท่วมเยอะๆเข้าในบ้านมี2-3หลังค่ะ ความสูงระดับประมานหน้าแข้งค่ะ น้ำท่วมมาแล้วตั้,https://storage.googleapis.com/traffy_public_bucket/attachment/2026-10/ecab36082c1a4feb9783de844345bf85.jpeg
2026-8XRCLH,inprogress,2026-10-03 18:13,2026-10-05 08:43,100.6095,13.89412,บางเขน,อนุสาวรีย์,น้ำท่วมตั้งแต่วันที่ 25 ก.ย.2569 จนวันนี้ วันที่ 3 ต.ค.แล้ว ก็ยังมีน้ำรอระบายอยู่ วันนี้พึ่งจะสูบน้ำออกไปแต่ยังไม่หมด จนเวลา 18.00 น้ำทะลักกลับเข้ามาอีกครั้ง ความสูงระดับหน้าแข้ง น้ำท่วมมาแล้วมากกว่า 1 สัปดาห์,https://storage.googleapis.com/traffy_public_bucket/attachment/2026-10/cea8110f0d1e99724b0b592cc234c25a.jpeg
2026-J6YJRB,inprogress,2026-10-03 18:14,2026-10-05 09:05,100.63261,13.89183,สายไหม,คลองถนน,ขอเครื่องสูบน้ำค่ะ ความสูงระดับหัวเข่า น้ำท่วมมาแล้วมากกว่า 1 สัปดาห์,https://storage.googleapis.com/traffy_public_bucket/attachment/2026-10/cb1731f3d759a614687d49219fcf9a3e.jpeg
2026-CBMMBD,inprogress,2026-10-03 18:16,2026-10-05 10:06,100.65965,13.76745,บางกะปิ,หัวหมาก,รถผมโดนน้ำท่วมครับจริงๆน้ำสูงกว่าในภาพนะครับ รูปที่ส่งให้น้ำลงแล้วประมาณนึงครับ ความสูงระดับคันสีแดงครับ เดี๋ยวน้ำแห้งจะไปรากกลับมาที่แชร์โลเคชั่นให้ครับ น้ำท่วมมาแล้วตั้งแต่วันที่ 25 ครับ,https://storage.googleapis.com/traffy_public_bucket/attachment/2026-10/9fcade5bece8224839037fa1a483902d.jpeg
2026-UZL7DU,inprogress,2026-10-03 18:17,2026-10-05 10:06,100.64757,13.75766,บางกะปิ,หัวหมาก,ขยะตอนน้ำท่วมของหลายๆบ้าน ไหลมากองรวมกันตรงทางน้ำไหลติดคลองระบายน้ำ อยากให้ทางเขตส่งรถขยะมาเก็บ เพราะขยะเหล่านี้ไหลมาเองตอนน้ำท่วม เลยไม่มีใครรับผิดชอบ ซึ่งตอนนี้ขวางหน้าบ้านอยู่คะ #ขอกระสอบทราย/อื่นๆ,https://storage.googleapis.com/traffy_public_bucket/attachment/2026-10/ab1ef1695d92e1b27f925c5322cb1a7c.jpeg
2026-4784CE,inprogress,2026-10-03 18:20,2026-10-03 20:10,100.69891,13.74565,สะพานสูง,สะพานสูง,นํ้าขังซอยนักกีฬาแหลมทอง 30 แยก1-1 และ 1-2 ท่วมขัง เพราะเป็นแอ่งกะทะในซอย รบกวนสูบออกด้วยค่ะ นํ้าเหม็นเน่าแล้วค่ะ ความสูงระดับข้อเท้า น้ำท่วมมาแล้วมากกว่า 1 สัปดาห์,https://storage.googleapis.com/traffy_public_bucket/attachment/2026-10/dc34e064de07fec4e6a834fef8c43d20.jpeg
2026-7BLZGT,start,2026-10-03 18:21,2026-10-03 18:21,100.72133,13.72051,ลาดกระบัง,ลาดกระบัง,นํ้าท่วมขังบริเวณหมู่บ้านกับหน้าหมู่บ้านเป็นจํานวนมาก นํ้าท่วมมา 1 สัปดาห์กว่าๆ แล้ว ครอบครัวผมจะไม่มีกินแล้ว ช่วยส่งคนมาดูหน่อยครับขอร้อง ความสูงระดับช่วยหน่อยครับ น้ำท่วมมาแล้ว30-40 ซม. ครับ ท่วมมาสัปดาห์กว่าแล้วครับ,https://storage.googleapis.com/traffy_public_bucket/attachment/2026-10/7d178ef8073accc32c7264f6fb8a2ca9.jpeg
2026-9HFE82,inprogress,2026-10-03 18:29,2026-10-03 20:08,100.70179,13.78386,สะพานสูง,สะพานสูง,ซอยราษฎร์พัฒนา 4 บริเวณท้ายซอย ตั้งแต่อพาตเม้นท์ ถึงบ้านเลขที่ 32 38 34 และบริเวณซอยย่อยๆ ยังมีน้ำท่วงขัง เป็นที่ลุ่มต่ำของซอย ระดับน้ำในท่อระบายน้ำยังไม่มีการยุบลง น้ำส่งกลิ่นเน่าเหม็น และมีตะไคร่น้ำ ทำให้ลื่นเวลาเดิน บริเวณซอยย่อย เป็นบ้าน 1 ชั้น และ,https://storage.googleapis.com/traffy_public_bucket/attachment/2026-10/f3d7b0a1d41a8518d8b78238276ed1e7.jpeg
2026-3YAYXR,forward,2026-10-03 18:31,2026-10-04 11:48,100.70382,13.72171,ประเวศ,ประเวศ,ท่านราชการผู้ทรงเกียรตื วัน ๆ เวลา นั่งทำงานไหม ปะะชาชนเดือดร้อน ถนนอ่อนนุช และลาดกระบัง จราจรติดขัด สาเหตุมาจากน้ำท่วมขัง ความสูงระดับข้อเท้า น้ำท่วมมาแล้วน้อยกว่า 1 สัปดาห์,https://storage.googleapis.com/traffy_public_bucket/attachment/2026-10/2e0c4a9a720082396d8b355ac840faae.jpeg
2026-HBPGXG,finish,2026-10-03 18:31,2026-10-03 21:28,100.70086,13.74598,สะพานสูง,สะพานสูง,ที่ซอยหมู่บ้านนักกีฬาซอย40ทางทะลุออกทางด่วนมอเตอร์เวน้ำท่วมตั้งแต่วันที่25กันยายน2569บ้านที่เช่าอยู่เกิดความเสียหายจากน้ำท่วมหลายส่วนคะ ความสูงระดับหัวเข่า น้ำท่วมมาแล้ววันที่25/9/69แล้วคะแต่ลดลงแต่ปริมาณน้ำก็ยังเยอะอยู่คะ,https://storage.googleapis.com/traffy_public_bucket/attachment/2026-10/1615b31da3db9285d92505d50a2fd526.jpeg
2026-4DHAN9,inprogress,2026-10-03 18:41,2026-10-04 11:48,100.67782,13.72124,ประเวศ,ประเวศ,ช่วยเร่งวางกระสอบทรายและสูบน้ำออก ก่อนที่น้ำเหนือและน้ำทะเลจะหนุนขึ้นมาเพิ่มอีกซอยอ่อนนุช61 น้ำยังท่วมขัง คนสูงอายุในบ้าน พักอาศัยยากลำบาก ความสูงระดับหน้าแข้ง น้ำท่วมมาแล้วมากกว่า 1 สัปดาห์,https://storage.googleapis.com/traffy_public_bucket/attachment/2026-10/99589ca37d88d824f13871f36252b35f.jpeg
2026-8LAWVA,forward,2026-10-03 18:42,2026-10-04 12:11,100.70638,13.7219,ประเวศ,ประเวศ,ท่านราชการผู้ทรงเกียรตื วัน ๆ เวลา นั่งทำงานไหม ปะะชาชนเดือดร้อน ถนนอ่อนนุช และลาดกระบัง จราจรติดขัด สาเหตุมาจากน้ำท่วมขัง ความสูงระดับข้อเท้า น้ำท่วมมาแล้วมากกว่า 1 สัปดาห์,https://storage.googleapis.com/traffy_public_bucket/attachment/2026-10/39a965c95ce5afae4e7b855e048b67d8.jpeg
2026-F6RC7W,forward,2026-10-03 18:51,2026-10-05 09:18,100.79478,13.84749,คลองสามวา,ทรายกองดินใต้,บ้านของฉันอยู่ริม คลองแสนแสบ ฝนตกหนักตลอดทั้งวัน ตั้งแต่วันพฤหัสบดีที่ 24 ถึง วันจันทร์ที่ 28 กันยายน ที่ผ่านมานี้ ความสูงระดับหัวเข่า น้ำท่วมมาแล้วมากกว่า 1 สัปดาห์,https://storage.googleapis.com/traffy_public_bucket/attachment/2026-10/76a33dd24c7d1a7370f02657ce297e2c.jpeg
2026-LTXYKC,inprogress,2026-10-03 18:51,2026-10-03 20:37,100.81939,13.7925,หนองจอก,ลำผักชี,น้ำท่วม หมู่บ้านคริสตัล ฉลองกรุง ถนนฉลองกรุง ซอยวัดอู่ตะเภา ลำผักชี หนองจอก น้ำท่วมสูงไม่สามารถเข้า-ออกหมู่บ้านได้ ความสูงระดับหัวเข่า น้ำท่วมมาแล้วมากกว่า 1 สัปดาห์,https://storage.googleapis.com/traffy_public_bucket/attachment/2026-10/bcff3321f5c8e44062e600b56416ca81.jpeg
2026-YGLMBD,forward,2026-10-03 18:51,2026-10-05 17:06,100.7982,13.81006,มีนบุรี,แสนแสบ,ตอนนี้ที่หมู่บ้านฟลอร่าวิลล์ได้รับสนับสนุนเครื่องสูบน้ำมาแล้ว แต่ไม่มีแบตเตอรี่ค่ะ เครื่องทำงานไม่ได้ค่ะ ความสูงระดับ40-80ซม.ค่ะ น้ำท่วมมาแล้วมากกว่า 1 สัปดาห์,https://storage.googleapis.com/traffy_public_bucket/attachment/2026-10/thumb_efcf28f0f82e7a50fb6c6fe8751bd37c.jpg
2026-99AKCG,forward,2026-10-03 18:53,2026-10-05 14:43,100.75931,13.8308,คลองสามวา,ทรายกองดินใต้,แจ้งขอให้ช่วยสูบน้ำท่วมเข่าซอยประชาร่วมใจ21ระบายออกจากซอยเพราะน้ำท่วมขังหลายวันส่งกลิ่นเหม็นและขอEM Ball มาลดกลิ่นน้ำเน่าด้วยครับ ความสูงระดับหัวเข่า น้ำท่วมมาแล้วน้อยกว่า 1 สัปดาห์,https://storage.googleapis.com/traffy_public_bucket/attachment/2026-10/dd1c6b2503cb54ab01b143a84f12e4e5.jpeg
2026-6HELP2,inprogress,2026-10-03 18:54,2026-10-04 07:44,100.65702,13.77305,บึงกุ่ม,คลองกุ่ม,น้ำในซอยเสรีไทย2 ยังสูงอยู่เลย ท่วมมาตั้งแต่วันเสาร์ที่ 26 ช่วยมาสูบออกไปหน่อย คลองก็ลงแล้ว ความสูงระดับหน้าแข้ง น้ำท่วมมาแล้วมากกว่า 1 สัปดาห์,https://storage.googleapis.com/traffy_public_bucket/attachment/2026-10/e9f1f32e8a270f9ad5f68db7d8719dd1.jpeg
2026-FCXUBK,inprogress,2026-10-03 18:58,2026-10-05 09:08,100.64864,13.92675,สายไหม,สายไหม,ซอย สายไหม 25 ช่วงท้ายซอย เกิดน้ำท่วมขังมาก และเริ่มเน่าเสีย เป็นผลต่อการใช้ชีวิต และสุขอนามัยของผู้อยู่อาศัย รวมทั้งรถไฟฟ้า ที่อาจเกิดความเสียหายมาก อยากให้ทางเจ้าหน้าที่มาช่วยระบายน้ำในซอยสายไหม 25 ออกสู่ถนนใหญ่ เพราะถนนใหญ่ตอนนี้สถานการณ์ดีขึ้นมาก ถนนแ,https://storage.googleapis.com/traffy_public_bucket/attachment/2026-10/74987afba943a75ba1ee8be9ed2ed1a4.jpeg
2026-KJEPTC,forward,2026-10-03 18:58,2026-10-05 14:44,100.73953,13.84478,คลองสามวา,ทรายกองดิน,น้ำท่วมขังในซอยหมู่บ้าน1สัปดาห์แล้ว สัญจรลำบาก ความลึกประมาณหน้าแข้ง น้ำไม่ลดลงเลย อยากให้ช่วยมาสูบน้ำค่ะ ความสูงระดับหน้าแข้ง น้ำท่วมมาแล้วมากกว่า 1 สัปดาห์,https://storage.googleapis.com/traffy_public_bucket/attachment/2026-10/08cddb12cc29596f19574db1eb7e5fad.jpeg
2026-T4JX8D,inprogress,2026-10-03 19:01,2026-10-05 10:46,100.76018,13.82706,มีนบุรี,แสนแสบ,เขตมีนบุรีแขวงคลองแสนแสบน้ำยังท่วมสูงอยู่เลยค่ะ ราษฎร์อุทิศเจ็ด / หนึ่งแขวงแสนแสบเขตมีนบุรีบ้านเลขที่ 119 สุดซอยเลี้ยวซ้ายประตูรั้วเหล็กสีฟ้าฟ้าบ้านติดริมคลองค่ะ เลยขับขึ้นมาค่ะ,https://storage.googleapis.com/traffy_public_bucket/attachment/2026-10/74979ec3463d0f8fe6c0518ad5344acf.jpeg
2026-RFVDNR,forward,2026-10-03 19:02,2026-10-05 08:27,100.55563,13.77002,ดินแดง,ดินแดง,ท่านราชการผู้ทรงเกียรตื ปัญหาน้ำท่วมผ้านมา 8 วัน น้ำยังไม้ลด มีจิตใต้สำนึกบ้าง ความสูงระดับข้อเท้า น้ำท่วมมาแล้วมากกว่า 1 สัปดาห์,https://storage.googleapis.com/traffy_public_bucket/attachment/2026-10/e5cdd654b91d9b9abda639d80f2d5c18.jpeg
2026-TVBRTP,start,2026-10-03 19:12,2026-10-03 19:12,100.791,13.79371,ลาดกระบัง,ลำปลาทิว,หมู่บ้านศุภาลัยเลค2 ซอยคุ้มเกล้า5 น้ำท่วมถนนในหมู่บ้านความสูง 45 ถึง 30 เซนติเมตร อยากให้ช่วยนำเครื่องสูบน้ำมาเร่งระบายน้ำออกคลองหลังหมู่บ้าน เนื่องจากไม่สามารถไปทำงานได้ตามปกติ 30-45 cm 7 วัน,https://storage.googleapis.com/traffy_public_bucket/attachment/2026-10/5c4f4f06a6ab0943341d06d56fc95090.jpeg
2026-22GRRJ,start,2026-10-03 19:16,2026-10-03 19:16,100.85119,13.6979,ลาดกระบัง,ขุมทอง,ปัญหา: บนถนนดังกล่าว บริเวณแยกทางเลี้ยวเข้าไปยังวัดราชโกษา พบน้ำท่วมขังสูงเป็นวงกว้าง ส่งผลกระทบต่อการสัญจรของประชาชน โดยเฉพาะผู้ที่ต้องเดินทางไปทำงาน จึงขอเสนอให้หน่วยงานที่เกี่ยวข้องพิจารณาจัดรถบริการรับ-ส่งในพื้นที่ประสบอุทกภัย วันละ 2 รอบ คือ ช่วงเช้า,https://storage.googleapis.com/traffy_public_bucket/attachment/2022-12/da2125e781282589d482070c3dba1726aa16a4a7.jpg
2026-A8LC7T,inprogress,2026-10-03 19:17,2026-10-04 12:10,100.69984,13.73072,ประเวศ,ประเวศ,ปัญหาน้ำท่วมขัง บริเวณซอย สน.ประเวศ ซึ่งจะมีน้ำท่วมขังหลายจุด บริเวณที่ท่วมขังมาก ระดับน้ำมากกว่าตาตุ่ม จะอยู่บริเวณช่วงหน้าหมู่บ้าน Eigen หมู่บ้านลลิล และคอนโด d-condo รบกวนหน่วยงานที่เกี่ยวข้องเข้าดูแลระดับน้ำท่วมขังเร่งด่วนบริเวณนี้ค่ะ เนื่องจากเดินทาง,https://storage.googleapis.com/traffy_public_bucket/attachment/2026-10/28b8b4d13ab6b1af867c0413706799df.jpeg
2026-E6A48G,start,2026-10-03 19:21,2026-10-03 19:21,100.75783,13.75488,ลาดกระบัง,คลองสามประเวศ,น้ำท่วมถนน ไปไม่ได้ ความสูงระดับสูงกว่าเอว น้ำท่วมมาแล้วมากกว่า 1 สัปดาห์,https://storage.googleapis.com/traffy_public_bucket/attachment/2026-10/29d9cfe0064f6e37052ad061a812eeed.jpeg
2026-KP8TG3,inprogress,2026-10-03 19:25,2026-10-03 20:36,100.86305,13.80089,หนองจอก,ลำผักชี,เนื่องจากน้ำท่วมขังเป็นเวลานาน รถเล็กไม่สามารถวิ่งผ่านเข้าบ้านได้ จำเป็นต้องจอดรถตรง ม.ภัสสร 13 และเดินลุยน้ำเข้าบ้าน ซึ่งขณะนี้น้ำเริ่มมีสีเข้มขึ้น จึงอยากให้หน่วยงาน หรือเขต นำกระสอบทรายมาทำทางเดินเพื่อให้การเดินทางสะดวกมากขึ้น เนื่องจากกลับดึก การเดินล,https://storage.googleapis.com/traffy_public_bucket/attachment/2026-10/6936c24ef981198c79fb5726567e9da3.jpeg
2026-BMBYU7,start,2026-10-03 19:26,2026-10-03 19:26,100.73352,13.7655,ลาดกระบัง,คลองสองต้นนุ่น,ปัญหาคือ 1.น้ำเน่าเสีย มีกลิ่นเหม็นภายในตัวบ้าน 2.ขยะมูลฝอย สิ่งปฏิกูล ไม่สามารถนำออกไปนอกบ้านได้ 3.มียุงพาหะนำโรคและมด มากขึ้น 4. รถยนต์ที่จอดในบ้านไม่สามารถนำออกไปได้เพราะน้ำท่วมขังสูง สิ่งที่ต้องการตอนนี้คือ 1.ก้อน EM กำจัดน้ำเสีย จำนวนแล้วแต่ จะจัดสร,https://storage.googleapis.com/traffy_public_bucket/attachment/2026-10/35165141378a633aeb0e5c957d848ad3.jpeg
2026-XT8AAV,inprogress,2026-10-03 19:30,2026-10-04 07:44,100.6519,13.80589,บึงกุ่ม,คลองกุ่ม,ประสบปัญหาน้ำท่วมเครื่องใช้ไฟฟ้าในบ้านพังเยอะมาก ความสูงระดับหัวเข่า น้ำท่วมมาแล้วน้อยกว่า 1 สัปดาห์,https://storage.googleapis.com/traffy_public_bucket/attachment/2026-10/4febe243348937ef5fbdfbb4f63243e6.jpeg
2026-4D8K92,inprogress,2026-10-03 19:35,2026-10-05 10:45,100.72633,13.79647,มีนบุรี,มีนบุรี,รถมอเตอร์ไซด์พัง เนื่องจากลุยน้ำ สตาร์ทไม่ติด ความสูงระดับเข่าค่ะ น้ำท่วมมาแล้ว6 วันค่ะ,https://storage.googleapis.com/traffy_public_bucket/attachment/2026-10/4340401e5b7391f072a16d31bf6b2ad7.jpeg
2026-KD78M3,irrelevant,2026-10-03 19:36,2026-10-04 12:09,100.67572,13.72297,ประเวศ,ประเวศ,ไม่แสดงรายละเอียด,https://storage.googleapis.com/traffy_public_bucket/TeamChadChart/fondue_photo.png
2026-VTZ77P,inprogress,2026-10-03 19:38,2026-10-03 21:32,100.76699,13.80255,มีนบุรี,แสนแสบ,เยียวยานำ้ท่วม ความสูงระดับหัวเข่า 8 วัน,https://storage.googleapis.com/traffy_public_bucket/attachment/2026-10/741dc737363beb30a155aeb67ee45901.jpeg
2026-JCBFNF,inprogress,2026-10-03 19:41,2026-10-03 20:36,100.82484,13.77983,หนองจอก,ลำผักชี,ต้องการกระสอบทรายมาปิดทางน้ำเข้าบ้านเพราะน้ำสูงและเน่า #ขอกระสอบทราย/อื่นๆ,https://storage.googleapis.com/traffy_public_bucket/attachment/2026-10/3becc58dc598591b7cf2688041ba0ee4.jpeg
2026-UBLXXR,start,2026-10-03 19:42,2026-10-03 19:42,100.75049,13.7213,ลาดกระบัง,ลาดกระบัง,น้ำท่วมขังมา 7 วันแล้ว น้ำจาก 70 ซ.ม. ลดลงไม่ถึง 10 ซ.ม. น้ำเริ่มเน่า ไม่มีหน่วยงานมาช่วยเหลือ ตอนนี้อยากให้ช่วยกั้นคันน้ำรอบแล้วระบายน้ำออก ไม่ต้องแห้ง แต่ขอให้ลดลงกว่านี้ เหลือซัก 30 ซ.ม. ก็ยังดี ขอให้ยังใช้ชีวิตได้ง่ายกว่านี้ก็พอ นะวันนี้เหลือประมาณ 60,https://storage.googleapis.com/traffy_public_bucket/attachment/2026-10/0963e1d55373fb34ff21f45f0206962e.jpeg
2026-ABXF8A,inprogress,2026-10-03 19:46,2026-10-04 12:09,100.67572,13.72297,ประเวศ,ประเวศ,รถมอไซและรถยนจมน้ำท่วมคับ ความสูงระดับ50-60เซนคับ น้ำท่วมมาแล้วตั้งแต่25กันยาครับ,https://storage.googleapis.com/traffy_public_bucket/attachment/2026-10/5f7c70784fd28405ace92ee6ec9f6e9e.jpeg
2026-MF8HKD,inprogress,2026-10-03 19:46,2026-10-03 22:20,100.58576,13.80397,จตุจักร,จันทรเกษม,น้ำท่วมขังที่บ้านรวม 5 วัน ต้องการรับความช่วยเหลือเยียวยา ความสูงระดับ50 เซนติเมตรค่ะ น้ำท่วมมาแล้วน้อยกว่า 1 สัปดาห์,https://storage.googleapis.com/traffy_public_bucket/attachment/2026-10/e020dab399f5b19a9eddc3eb6e938cdb.jpeg
2026-Z398JG,start,2026-10-03 19:48,2026-10-03 19:48,100.72708,13.74403,ลาดกระบัง,คลองสองต้นนุ่น,ขอแจ้งปัญหาน้ำท่วมในซอยพัฒนาชนบท 2 แยก 26 (บำรุงสิงสุข) ครับ ขณะนี้น้ำท่วมขังต่อเนื่องหลายวัน ระดับน้ำประมาณ 30–40 ซม. น้ำเริ่มส่งกลิ่นเหม็นเน่า รถยนต์ขนาดเล็กยังไม่สามารถสัญจรเข้า-ออกได้ตามปกติ จนถึงขณะนี้ยังไม่มีหน่วยงานใดเข้ามาดำเนินการแก้ไขหรือเร่งร,https://storage.googleapis.com/traffy_public_bucket/attachment/2026-10/thumb_e4e2c5413abf5ae882f98ae61a2a5f76.jpg
2026-GMC397,inprogress,2026-10-03 19:49,2026-10-04 08:46,100.33443,13.76544,ทวีวัฒนา,ทวีวัฒนา,ขอกระสอบทราย #ขอกระสอบทราย/อื่นๆ,https://storage.googleapis.com/traffy_public_bucket/attachment/2026-10/fe6730b2820aba62d7f50367bbaf70bd.jpeg
2026-P2WJ76,inprogress,2026-10-03 19:52,2026-10-04 12:08,100.699,13.73059,ประเวศ,ประเวศ,เรื่อง น้ำท่วมขัง มีกลิ่น บริเวณถนนด้วยหน้าดีคอนโด อ่อนนุช พระราม 9 มา ตั้งแต่วันที่25/09/69 จนถึงปัจจุบัน วันนี้วันที่ 03/10/69 ขอความช่วยเหลือให้หน่วยงานที่เกี่ยวข้องมาช่วยหน่อยค่ะ ตอนนี้เดือดร้อนกันมากๆค่ะ ความสูงระดับหัวเข่า น้ำท่วมมาแล้วมากกว่า 1 สัป,https://storage.googleapis.com/traffy_public_bucket/attachment/2026-10/964e2fb005a1694a680fed827eff54bc.jpeg
2026-XK6CHY,inprogress,2026-10-03 19:55,2026-10-03 20:36,100.88357,13.79343,หนองจอก,ลำต้อยติ่ง,น้ำท่วมขังมาเป็นเวลา1อาทิตย์ยังไม่มีหน่วยงานไหนเข้ามาช่วยเหลือเรื่องการระบายน้ำค่ะ ระดับในซอยสูงทำให้เข้าออกลำบากค่ะ อยากได้รับการช่วยเหลือค่ะ ขอบคุณค่ะ🥲 #ขอกระสอบทราย/อื่นๆ,https://storage.googleapis.com/traffy_public_bucket/attachment/2026-10/2a88fa823346ee1d63d998965464dc14.jpeg
2026-FNLRHN,start,2026-10-03 20:00,2026-10-03 20:00,100.73088,13.77166,ลาดกระบัง,คลองสองต้นนุ่น,ถูกน้ำทั้งหมด ความสูงระดับวันแรกอกค่ะ น้ำท่วมมาแล้วตั้งแต่วันเสาร์ที่แล้วค่ะ,https://storage.googleapis.com/traffy_public_bucket/attachment/2026-10/b5cb9b803cf85ff216ac637329354fb3.jpeg
2026-HMB67X,inprogress,2026-10-03 20:04,2026-10-03 20:35,100.69706,13.78,สะพานสูง,สะพานสูง,"น้ำท่วมขังในหมู่บ้านธารารมณ์ รามคำแหง 150 ซอยย่อยที่ 4/1 ,4/2 , 8/1, 8/2,12/1,12/2 น้ำขังส่งกลิ่นเหม็น ส่งผลกับการใช้ชีวิตประจำวัน และสุขภาพ ความสูงระดับ25 เซนติเมตร น้ำท่วมมาแล้วมากกว่า 1 สัปดาห์",https://storage.googleapis.com/traffy_public_bucket/attachment/2026-10/341c2a184bb835b966758250ebc65397.jpeg
2026-C2KCW9,inprogress,2026-10-03 20:05,2026-10-03 20:34,100.70512,13.76899,สะพานสูง,สะพานสูง,"น้ำท่วมขังบริเวณหน้สหมู่บ้านสิวลี, คาซ่า วิลล์, พฤกษา นานหลายวันหลังน้ำลด ก็ยังท่วขัง น้ำลงช้าผิดปกติ สงสัยมีขยะกีดขวางในท่อระบายน้ำ อยากให้ กทม มาเปิดท่อตรวจสอบโดยเร็ว ความสูงระดับฟุตบาท น้ำท่วมมาแล้วมากกว่า 1 สัปดาห์",https://storage.googleapis.com/traffy_public_bucket/attachment/2026-10/0e19c4b7944464f5c5235418158235d0.jpeg
2026-BTGBZM,inprogress,2026-10-03 20:07,2026-10-04 12:07,100.69399,13.66797,ประเวศ,ดอกไม้,น้ำท่วมขัง9วันแล้ว ความสูงระดับข้อเท้า น้ำท่วมมาแล้วมากกว่า 1 สัปดาห์,https://storage.googleapis.com/traffy_public_bucket/attachment/2026-10/06f3e20beeca292eeff4404237c184e8.jpeg
2026-G2J6VF,inprogress,2026-10-03 20:07,2026-10-03 20:36,100.81716,13.79393,หนองจอก,ลำผักชี,น้ำท่วมหมู่บ้านคริสตัลมา 1 อาทิตย์เต็มๆ ไม่ลดเลย อยู่ซอยวัดอู่ตะเภา ออกไม่ได้เลยค่ะ น้ำท่วมสูงมาก ความสูงระดับหน้าบ้าน ประมาณ 30 ซม แต่ทางเข้าหมู่บ้าน 60-70 ซม ได้ค่ะ รถเล็กผ่านไม่ได้เลย น้ำท่วมมาแล้ว1 อาทิตย์แล้วค่ะ ตั้งแต่คืนพฤหัสที่แล้ว,https://storage.googleapis.com/traffy_public_bucket/attachment/2026-10/9baa1ae6a45d301c6ca3a86010146cd8.jpeg
2026-JRUVUC,start,2026-10-03 20:20,2026-10-03 20:20,100.73884,13.77358,ลาดกระบัง,คลองสองต้นนุ่น,อยากให้เก็บสิ่งกีดขวางทางน้ำไหลในคลองครับ เพื่อให้น้ำระบายดีขึ้น ความสูงระดับสูงกว่าเอว น้ำท่วมมาแล้วมากกว่า 1 สัปดาห์,https://storage.googleapis.com/traffy_public_bucket/attachment/2026-10/cf065bac11383a8a4ce125cca34ef4be.jpeg
2026-D873BF,inprogress,2026-10-03 20:26,2026-10-05 10:31,100.64998,13.76946,บางกะปิ,คลองจั่น,ปัญหาน้ำท่วม รถเสียหาย ต้องการซ่อมรถ ความสูงระดับสูงกว่าเอว น้ำท่วมมาแล้วน้อยกว่า 1 สัปดาห์,https://storage.googleapis.com/traffy_public_bucket/attachment/2026-10/1fcd6dfe2af66417c5b6a86cbded7470.jpeg
2026-ZPYHG3,inprogress,2026-10-03 20:26,2026-10-05 10:43,100.71737,13.78691,มีนบุรี,มีนบุรี,น้ำเน่าเสีย 8 วันแล้ว ความสูงระดับหัวเข่า น้ำท่วมมาแล้วมากกว่า 1 สัปดาห์,https://storage.googleapis.com/traffy_public_bucket/attachment/2026-10/caaca8f10864016c894dacf2f6e2c531.jpeg
2026-9DUG64,inprogress,2026-10-03 20:28,2026-10-05 10:43,100.71673,13.78686,มีนบุรี,มีนบุรี,กระสอบทราย #ขอกระสอบทราย/อื่นๆ,https://storage.googleapis.com/traffy_public_bucket/attachment/2026-10/ec46725ac13fa0893520779e1e926c8d.jpeg
2026-8R9FXT,finish,2026-10-03 20:35,2026-10-04 10:09,100.75681,13.83163,คลองสามวา,ทรายกองดินใต้,รถแท็กซี่โดนน้ำท่วมแล้วสตาร์ทไม่ติดครับขอความช่วยเหลีอในการซ่อมครับ ความสูงระดับก็ดับครับ น้ำท่วมมาแล้วขึ้นรถสไลด์กลับมาบ้านครับ,https://storage.googleapis.com/traffy_public_bucket/attachment/2026-10/44a43ffcfcff6faccd445be0e38cb608.jpeg
2026-GBMKNU,inprogress,2026-10-03 20:37,2026-10-04 07:43,100.667,13.78081,บึงกุ่ม,คลองกุ่ม,น้ำยังท่วมขังอยู่ในซอย เสรีไทย37 ครับ ความสูงระดับข้อเท้า น้ำท่วมมาแล้วมากกว่า 1 สัปดาห์,https://storage.googleapis.com/traffy_public_bucket/attachment/2026-10/965cd96e35a5c839208d87c4f67d40c3.jpeg
2026-GWA2FG,start,2026-10-03 20:38,2026-10-03 20:38,100.7777,13.7174,ลาดกระบัง,ลาดกระบัง,เหตุเกิดจากน้ำท่วมวันที่27/09/ป28692569 เนื่องจากมอเตอร์ไซค์ขับลุยน้ำในซอยลาดกระบัง48 แล้วเกิดอาการดับสตาร์ตไม่ติด ช่วยแก้ไขปัญหาหน่อยครับ ความสูงระดับหน้าแข้งเกือบๆหัวเข่าครับ น้ำท่วมมาแล้วตั้งแต่วันที่26/09/2569ถึงปัจจุบันครับ,https://storage.googleapis.com/traffy_public_bucket/attachment/2026-10/31320ebd0fe62204cdabdf80cf884cc4.jpeg
2026-3JWBPX,inprogress,2026-10-03 20:42,2026-10-04 12:04,100.67706,13.72256,ประเวศ,ประเวศ,9วันแล้วค่ะ ทางเขต หรือ ทาง กทม. ทราบมั้ยคะ ว่ามีซอย อ่อนนุช61 อยู่ในเขตประเวศ และน้ำยังไม่ลงค่ะ วันจันทร์ต้อบใช้ชีวิตปกติแล้วค่ะ เด็กๆเปิดเทอม ต้องไปทำงานหาเงินแล้วค่ะ ความสูงระดับหน้าแข้ง น้ำท่วมมาแล้วมากกว่า 1 สัปดาห์,https://storage.googleapis.com/traffy_public_bucket/attachment/2026-10/thumb_7799afed1a42a95aaf59dd90da694467.jpg
2026-PH4XHK,inprogress,2026-10-03 20:43,2026-10-03 20:44,100.89013,13.75653,หนองจอก,ลำต้อยติ่ง,วัดลำต้อยติ่ง น้ำท่วมขังหลายวัน เริ่มมีกลิ่นเน่าเหม็น ความสูงระดับหัวเข่า น้ำท่วมมาแล้วมากกว่า 1 สัปดาห์,https://storage.googleapis.com/traffy_public_bucket/attachment/2026-10/7edf1d03dcb182ded285a20255946cc0.jpeg
2026-VDGHYJ,inprogress,2026-10-03 20:49,2026-10-04 14:39,100.58568,13.79951,ห้วยขวาง,สามเสนนอก,ปัญหาท่อหน้าปากซอยลาดพร้าว 43 รูระบายน้ำฝาท่อปากซอยลาดพร้าว43 อุดตัน หากมีฝนตกน้ำไม่สามารถระบาย อยากให้กทม มาดำเนินการแก้ไข เพื่อป้องกันปัญหา ความสูงระดับระบบแย่มากทำตามขั้นตอนแล้วยังต้องแจ้งเรื่องใหม่ ถ้าทำระบบได้ไม่ดีอย่าเอามาให้ประชาชนใช้เพียงเพื่อให้เ,https://storage.googleapis.com/traffy_public_bucket/attachment/2026-10/fe6bf398c6bf5cf910aa15a3cd01e039.jpeg
2026-E7MN8B,forward,2026-10-03 20:54,2026-10-04 06:57,100.83811,13.80746,หนองจอก,ลำผักชี,แยกหนองจอก สุวินทวงศ์ตัดเชื่อมสัมพันธ์ ใต้สะพาน ท่วมมาเป็นอาทิตย์ อยู่ยังไงก็อย่างงั้น เขตหนองจอกน่าจะมาดูแลบ้าง กั้นกระสอบทรายจากท้องนา ติดตั้งเครื่องสูบน้ำออก ไม่มีทำอะไรทั้งนั้น เวลารถเข้าออกติดยาววววววมากกกกกก ความสูงระดับเท่าฟุตบาท ซึ่งบางช่วงลึก น้ำ,https://storage.googleapis.com/traffy_public_bucket/attachment/2026-10/9f891d0039f23d84bb2b0ed48bf44d80.jpeg
2026-WR3BCP,inprogress,2026-10-03 20:57,2026-10-03 21:26,100.69084,13.74287,สะพานสูง,สะพานสูง,น้ำยังขังในหมู่บ้านนักกีฬาซอยสามค่ะ และรบกวนช่วยมาเก็บขยะค่า ความสูงระดับหน้าแข้ง น้ำท่วมมาแล้วมากกว่า 1 สัปดาห์,https://storage.googleapis.com/traffy_public_bucket/attachment/2026-10/317bcd5292f41f850e5abec02f23624a.jpeg
2026-CNNXXL,forward,2026-10-03 21:03,2026-10-04 12:03,100.699,13.73059,ประเวศ,ประเวศ,น้ำขังเฉพาะบริเวณถนนหน้าคอนโด สูงประมาณเข่า ไม่มีทางระบายออก ตั้งแต่วันที่ 25 กันยายน 2569 ทำให้น้ำเน่าเสีย การสัญจรลำบาก ในขณะที่ตรงอื่นไม่มีน้ำขัง ความสูงระดับหัวเข่า น้ำท่วมมาแล้วมากกว่า 1 สัปดาห์,https://storage.googleapis.com/traffy_public_bucket/attachment/2026-10/d4c70478876de2cdd804bcb18f771a89.jpeg
2026-2N9LNJ,inprogress,2026-10-03 21:10,2026-10-03 21:36,100.80004,13.78242,หนองจอก,ลำผักชี,สวัสดีค่ะ จากเหตุน้ำท่วม อยู่พื้นที่เขตประกาศประสบภัย น้ำล้อมรอบตัวบ้านและถนนเข้า-ออก สูงประมาณเข่า น้ำเริ่มดำเน่าเสีย เดินทางลำบากไปซื้ออาหาร มีช่องทางช่วยเหลืออาหารแมวทรายแมวบ้างไหมคะ มีแมวในบ้าน 6ตัว แมวจรนอกบ้าน 4ตัว ขอคำแนะนำด้วยค่ะ ความสูงระดับหัว,https://storage.googleapis.com/traffy_public_bucket/attachment/2026-10/8333e9946cfa50c0ee2efceec9bef45d.jpeg
2026-TXLDMZ,finish,2026-10-03 21:28,2026-10-05 08:52,100.61019,13.8805,บางเขน,อนุสาวรีย์,รถมอเตอร์ไซค์พังเกิดจากน้ําท่วม ความสูงระดับหน้าแข้ง น้ำท่วมมาแล้วน้อยกว่า 1 สัปดาห์,https://storage.googleapis.com/traffy_public_bucket/attachment/2026-10/010dec2e0edb28175e9df9ca50a20ee0.jpeg
2026-ZVKFUF,finish,2026-10-03 21:31,2026-10-05 10:39,100.63427,13.76978,บางกะปิ,คลองจั่น,อยากได้กระสอบทราย เพื่อเตรียมการรับน้ำหนือ และน้ำฝนที่ทางการออกประกาศเตือน ว่าจะเกิดน้ำท่วมอีกรอบนึงในช่วง วันที่ 4-5 ต.ค.เป็นต้นไป #ขอกระสอบทราย/อื่นๆ,https://storage.googleapis.com/traffy_public_bucket/attachment/2026-10/76a4288bc8a914133640bf26bd3fd1a4.jpeg
2026-Y8D2ZZ,inprogress,2026-10-03 21:34,2026-10-03 21:46,100.6958,13.74808,สะพานสูง,สะพานสูง,ทำไมหมู่บ้านนักกีฬาแหลมทองเอาท่อซิ่งมาลงไม่ได้คะ ทำไมกทม. ไม่ช่วยแก้ไขปัญหาน้ำท่วมขังที่หมู่บ้านนักกีฬาบ้าง ผู้ว่าชช มากับสส. เขต มาที่ศูนย์อพยพมาดูสภาพปชช มาถ่ายรูปให้กำลังใจ แต่ไม่..... คนที่ติดอยุ้ในบ้านออกมาไม่ได้มีอีกเยอะมากๆๆๆๆ ทำไมไม่ช่วยชาวหมู่บ้า,https://storage.googleapis.com/traffy_public_bucket/attachment/2026-10/ee306e5a087e901a7129fa199ecc5ece.jpeg
2026-UMH76K,forward,2026-10-03 21:37,2026-10-05 15:08,100.71435,13.90316,คลองสามวา,สามวาตะวันตก,เรื่อง: ขอความอนุเคราะห์ตรวจสอบและขุดลอกท่อระบายน้ำอุดตัน มีน้ำท่วมขังข้ามสัปดาห์ส่งกลิ่นเหม็น เรียน เจ้าหน้าที่เขตคลองสามวา และผู้เกี่ยวข้อง เนื่องจากมีเหตุการณ์ฝนตกต่อเนื่องตั้งแต่วันที่ 25 ก.ย. 69 ที่ผ่านมา จนถึงปัจจุบันรวมเป็นเวลา 8 วันแล้ว ปัจจุบันใ,https://storage.googleapis.com/traffy_public_bucket/attachment/2026-10/thumb_b0f68eb2264762605abe28329b50286f.jpg
2026-2HNV8F,start,2026-10-03 21:38,2026-10-03 21:38,100.72104,13.77772,ลาดกระบัง,คลองสองต้นนุ่น,ประตูรั้วไฟฟ้าใช้งานไม่ได้เนื่องจากน้ำท่วม และห้องน้ำมีน้ำไหลขึ้นมาในห้องน้ำชั้นล่าง เนื่องจากน้ำท่วม ความสูงระดับเลยหัวเข่าขึ้นมา น้ำท่วมมาแล้วมากกว่า 1 สัปดาห์,https://storage.googleapis.com/traffy_public_bucket/attachment/2026-10/2dc3d05e2bbf7a619d361d83171d7e48.jpeg
2026-3WWBET,inprogress,2026-10-03 21:42,2026-10-05 11:48,100.68987,13.85443,คลองสามวา,บางชัน,ขุดลอกคลอง กันน้ำท่วมขัง ความสูงระดับหน้าแข้ง น้ำท่วมมาแล้วมากกว่า 1 สัปดาห์,https://storage.googleapis.com/traffy_public_bucket/attachment/2026-10/2e575461fea552ef102c9e83a2f777c9.jpeg
2026-PCW3XT,inprogress,2026-10-03 21:44,2026-10-05 10:39,100.65581,13.76722,บางกะปิ,หัวหมาก,น้ำท่วมบ้านเพื่อนที่รามคำแหง ซอย 118 แยก 63/65 โทร 0817545288 ความสูงระดับครึ่ฃหน้าแข้งค่ะ 8-9 วันแล้ว น้องบอก น้ำท่วมมาแล้ว8-9 วันแล้ว,https://storage.googleapis.com/traffy_public_bucket/attachment/2026-10/b6c967ba6fd126fcf52c8b6148419efe.jpeg
2026-XC9BK4,finish,2026-10-03 21:51,2026-10-03 23:59,100.67817,13.74043,สะพานสูง,สะพานสูง,"ผู้แจ้งพักอาศัย ณ ถ.กรุงเทพกรีฑา 20 แยก 2 เขตสะพานสูง ขอแจ้งปัญหาน้ำท่วมขังตั้งแต่วันที่ 25 ก.ย. ที่ผ่านมา โดยระดับน้ำสูงถึงใต้หัวเข่าต่อเนื่องเป็นเวลา 1 สัปดาห์ ส่งผลให้ทรัพย์สินภายในบ้านได้รับความเสียหาย ได้แก่ รถยนต์ (ระบบเบรค), ตู้เย็น, เครื่องซักผ้า,",https://storage.googleapis.com/traffy_public_bucket/attachment/2026-10/05c1a4fa760cf82364b19be9dd9b7e57.jpeg
2026-H8EJ2C,start,2026-10-03 21:55,2026-10-03 21:55,100.71522,13.72169,ลาดกระบัง,ลาดกระบัง,ขับรถลุยน้ำท่วมจนแผ่นกันแท๊งก์หลุด ความสูงระดับระดับน้ำที่ขับลุยมาตรงหน้าโรบินสันลาดกระบัง ดีคอนโด น้ำเลยขอบประตู น้ำท่วมมาแล้วตั้งแต่วันศุกร์ 25/9/69,https://storage.googleapis.com/traffy_public_bucket/attachment/2026-10/35e36ab45e2f411237e35f23ce601768.jpeg
2026-B84YZY,inprogress,2026-10-03 22:04,2026-10-04 09:31,100.83052,13.79729,หนองจอก,ลำผักชี,ถนนฉลองกรุง เขตหนองจอก เชื่อมต่อเขตลาดกระบัง น้ำท่วมขังมานาน กว่า 8 วัน ไม่มีการจัดการระบายใดๆทั้งสิ้น ความสูงระดับหัวเข่า น้ำท่วมมาแล้วมากกว่า 1 สัปดาห์,https://storage.googleapis.com/traffy_public_bucket/attachment/2026-10/8221541139ffbe4136f283c0159349ef.jpeg
2026-7NCDL4,inprogress,2026-10-03 22:06,2026-10-04 09:31,100.83052,13.79732,หนองจอก,ลำผักชี,ซอยฉลองกรุง 71 น้ำท่วมขังมานาน 8 วัน เน่าเสีย ดำแล้ว ไม่มีหน่วยงาน เข้ามาดำเนินการ ระบายน้ำ หรือสูบ หรือจัดการใดๆ ความสูงระดับหัวเข่า น้ำท่วมมาแล้วมากกว่า 1 สัปดาห์,https://storage.googleapis.com/traffy_public_bucket/attachment/2026-10/ec181301fc5774fc69ea628bac769173.jpeg
2026-RDVFZU,inprogress,2026-10-03 22:15,2026-10-05 08:54,100.6707,13.86879,บางเขน,ท่าแร้ง,หมู่บ้านจินดาทาวน์ ซ.คู้บอน 27 แยก 56 และ 58 ด้านในยังมีน้ำท่วมขังเป็นเวลา 9 วันแล้ว น้ำเน่าเสีย ถึงน้ำจะลดลงบ้าง แต่ยังคงใช้ชีวิตลำบาก ด้านในซอยท่วมตลอดทาง รถเล็กขับลำบาก เดินก็ไกลเพราะซอยลึกมาก อยากให้ช่วยสูบน้ำออกไปค่ะ ความสูงระดับหน้าแข้ง น้ำท่วมมาแล้,https://storage.googleapis.com/traffy_public_bucket/attachment/2026-10/fb98fc778423408b7f7c2842dbc43f09.jpeg
2026-BRWKKF,start,2026-10-03 22:22,2026-10-03 22:22,100.83234,13.70438,ลาดกระบัง,ขุมทอง,โฉนดที่ดินเช่าที่วัดอยุ่แต่ตัวบ้านเป็นของเราต้องทำงัยต่อ ความสูงระดับหน้าแข้ง ตั้งแต่วันที่25 ก.ย ถึงต้อนนี้ยังท่วมอยุ่,https://storage.googleapis.com/traffy_public_bucket/attachment/2026-10/78c3b0111828ab59bd11729a63e9a9cf.jpeg
2026-NDGF44,start,2026-10-03 22:22,2026-10-03 22:22,100.79828,13.7563,ลาดกระบัง,ลำปลาทิว,น้ำท่วมผิดถนนและเข้าไปในซอย ความสูงระดับหัวเข่า น้ำท่วมมาแล้วมากกว่า 1 สัปดาห์,https://storage.googleapis.com/traffy_public_bucket/attachment/2026-10/ab242ad61bf78fe96431ae2559d667ea.jpeg
2026-4R3HEA,inprogress,2026-10-03 22:28,2026-10-04 09:40,100.80248,13.78228,หนองจอก,ลำผักชี,สุวินทวงค์ 42 บ้านเพชรเศรษฐี1 น้ำท่วมขังมา 8 วันแล้วค่ะฟลอร่าวิลล์สูบลงคลองได้ รบกวนถ้าคลองไม่ลดน้ำก็จะไหล ลงซอยหมู่บ้านอยู่ดี รบกวนระบายน้ำออกให้หน่อยค่ะ ความสูงระดับหัวเข่า น้ำท่วมมาแล้วมากกว่า 1 สัปดาห์,https://storage.googleapis.com/traffy_public_bucket/attachment/2026-10/f72d7987a3d8ae777114693d7539e185.jpeg
2026-CXT393,inprogress,2026-10-03 22:28,2026-10-05 10:41,100.72943,13.81145,มีนบุรี,มีนบุรี,สวัสดีค่า จะแจ้งเรื่องให้ญาติค่า ที่ตลาดเก่ามีนบุรี ริมคลองแสนแสบ มีน้ำท่วมขังตั้งแต่วันที่ 26 กย จนถึงวันนี้น้ำยังท่วมอยู่ประมาณ 30 cm ค่ะ ตอนนี้น้ำเน่าเหม็นมาก คิดว่าจะอยู่กันไม่ไหวแล้วค่า และไม่ได้ค้าขายมาหลายวัน กระทบกับค่าใช้จ่ายแล้วค่ะ ในบ้านมีคนแก่,https://storage.googleapis.com/traffy_public_bucket/attachment/2026-10/a2b67e546fb833fe3cd93d9bb8ddffe5.jpeg
2026-FEZRNC,inprogress,2026-10-03 22:28,2026-10-04 00:00,100.70172,13.74706,สะพานสูง,สะพานสูง,น้ำท่วมขังมาหลายวันค่ะ ความสูงระดับหัวเข่า น้ำท่วมมาแล้วมากกว่า 1 สัปดาห์,https://storage.googleapis.com/traffy_public_bucket/attachment/2026-10/397e01eb9edda68f1cc7d3a2a20199f4.jpeg
2026-R4CPLG,inprogress,2026-10-03 22:44,2026-10-04 00:00,100.69628,13.74662,สะพานสูง,สะพานสูง,หมู่บ้านนักกีฬา น้ำท่วมมาระยะเวลา 10 วันแล้ว ความสูงระดับหัวเข่า 10 วัน,https://storage.googleapis.com/traffy_public_bucket/attachment/2026-10/ae2b193f79bed0112decd251eedb5115.jpeg
2026-4YJVWF,inprogress,2026-10-03 23:22,2026-10-04 20:46,100.57864,13.8434,จตุจักร,เสนานิคม,สอบถาม เรื่อง การเก็บขยะชิ้นใหญ่ตามเขตต่าง ๆ ค่ะ ต้องการทราบกำหนดการเก็บขยะชิ้นใหญ่ของเขตจตุจักรเพราะไม่เห็นมีรายละเอียดของเขตนี้ในหน้าเว็บไซต์ไหน ๆ เลย ในเว็บไซต์ต่าง ๆ มีระบุจุดนัดเพียงแค่ไม่กี่เขต อยากทราบว่าถ้าไม่มีการเข้ามาเก็บขยะชิ้นใหญ่ที่เขตจตุจัก,https://storage.googleapis.com/traffy_public_bucket/attachment/2026-10/868a20240a5eba5f67cc111bd4abcd30.jpeg
2026-HCHD44,forward,2026-10-03 23:37,2026-10-05 11:46,100.69425,13.82979,คลองสามวา,บางชัน,ใช้ชีวิตลำบากถูกน้ำล้อม ความสูงระดับหน้าแข้ง น้ำท่วมมาแล้วมากกว่า 1 สัปดาห์,https://storage.googleapis.com/traffy_public_bucket/attachment/2026-10/f51fd2d87cd35bbf47316716ff4d9cc8.jpeg
