run,scenario,pump,measured_m3s,advised_first_m3s,advised_max_m3s,start_step,capacity_m3s
2026-10-10 00:28,forecast,WL.BSU.01,6.0,25.5,25.5,0,51.0
2026-10-10 00:28,forecast,WL.KTY.01,5.3,25.5,25.5,0,30.0
2026-10-10 00:28,forecast,TN.PRM,5.3,21.8,25.5,0,30.0
2026-10-10 00:28,forecast,WL.SBT.01,1.1,5.1,5.1,0,6.0
2026-10-10 00:28,forecast,WL.RHN.01,2.7,4.1,4.1,0,6.0
2026-10-10 00:28,forecast,RW21,0.4,1.7,1.7,0,2.0
2026-10-10 00:28,forecast,WL.BOA.01,0.6,1.6,6.4,1,18.0
2026-10-10 00:28,forecast,WL.KMN.01,5.1,0.0,13.0,2,24.0
2026-10-10 00:28,forecast,WL.LPN.01,3.6,0.0,7.6,5,9.0
2026-10-10 00:28,forecast,WL.BNA.01,5.6,0.0,10.3,6,21.0
2026-10-10 00:28,forecast,WL.PSC.01,2.7,0.0,11.7,6,15.0
2026-10-10 00:28,forecast,WL.STR.01,2.1,0.0,3.6,7,12.0
2026-10-10 00:28,forecast,RE01,1.6,0.0,7.6,7,9.0
2026-10-10 00:28,forecast,RW19,1.1,0.0,2.4,7,6.0
2026-10-10 00:28,forecast,RE07,0.7,0.0,3.1,7,4.0
2026-10-10 00:28,forecast,RW29,0.7,0.0,3.3,7,4.0
2026-10-10 00:28,forecast,RE21,0.3,0.0,1.6,7,1.85
2026-10-10 00:28,forecast,RW28,2.7,0.0,4.9,13,15.0
2026-10-10 00:28,forecast,RE34,108.0,0.0,36.4,,120.0
2026-10-10 00:28,forecast,RE44,54.0,45.7,51.0,,60.0
2026-10-10 00:28,forecast,TN.NBN,10.7,0.0,6.2,,60.0
2026-10-10 00:28,forecast,WL.BKY.01,8.2,0.0,2.6,,54.0
2026-10-10 00:28,forecast,WL.SSN.01,4.8,0.0,5.9,,45.0
2026-10-10 00:28,forecast,WL.CPA.01,8.0,0.0,7.8,,45.0
2026-10-10 00:28,forecast,WL.DKN.01,5.5,0.0,7.0,,45.0
2026-10-10 00:28,forecast,WL.SNC.01,13.4,0.0,9.5,,45.0
2026-10-10 00:28,forecast,RE32,8.0,0.0,4.0,,45.0
2026-10-10 00:28,forecast,WL.BKA.01,6.0,0.0,8.5,,30.0
2026-10-10 00:28,forecast,WL.CNS.01,5.3,0.0,1.1,,30.0
2026-10-10 00:28,forecast,WL.RMT.01,7.2,0.0,9.4,,30.0
2026-10-10 00:28,forecast,WL.KKS.04,4.4,0.0,5.6,,25.0
2026-10-10 00:28,forecast,WL.WSI.01,3.2,0.0,2.9,,18.0
2026-10-10 00:28,forecast,WL.KKS.01,2.7,0.0,0.7,,15.0
2026-10-10 00:28,forecast,RW08,2.7,0.0,0.8,,15.0
2026-10-10 00:28,forecast,WL.JRN.01,1.5,0.0,2.4,,9.0
2026-10-10 00:28,forecast,WL.BSK.01,0.7,0.0,0.6,,9.0
2026-10-10 00:28,forecast,RW04,1.6,0.0,0.6,,9.0
2026-10-10 00:28,forecast,RW17,1.6,0.0,2.0,,9.0
2026-10-10 00:28,forecast,RE18,1.2,0.0,0.9,,7.0
2026-10-10 00:28,forecast,RE19,1.1,0.0,0.6,,6.0
2026-10-10 00:28,forecast,RW05,1.1,0.0,0.8,,6.0
2026-10-10 00:28,forecast,RW15,0.7,0.0,1.2,,4.0
2026-10-10 00:28,forecast,RW18,0.7,0.0,1.4,,4.0
2026-10-10 00:28,extreme,WL.BSU.01,6.0,25.5,25.5,0,51.0
2026-10-10 00:28,extreme,WL.KTY.01,5.3,25.5,25.5,0,30.0
2026-10-10 00:28,extreme,WL.RMT.01,7.2,19.2,19.2,0,30.0
2026-10-10 00:28,extreme,TN.PRM,5.3,21.8,25.5,0,30.0
2026-10-10 00:28,extreme,WL.KMN.01,5.1,13.0,13.0,0,24.0
2026-10-10 00:28,extreme,WL.PSC.01,2.7,12.8,12.8,0,15.0
2026-10-10 00:28,extreme,WL.LPN.01,3.6,7.6,7.6,0,9.0
2026-10-10 00:28,extreme,WL.SBT.01,1.1,5.1,5.1,0,6.0
2026-10-10 00:28,extreme,WL.RHN.01,2.7,4.1,4.1,0,6.0
2026-10-10 00:28,extreme,RW29,0.7,3.4,3.4,0,4.0
2026-10-10 00:28,extreme,RW21,0.4,1.7,1.7,0,2.0
2026-10-10 00:28,extreme,TN.NBN,10.7,11.8,23.1,1,60.0
2026-10-10 00:28,extreme,WL.BNA.01,5.6,7.3,11.6,1,21.0
2026-10-10 00:28,extreme,WL.BOA.01,0.6,1.6,10.9,1,18.0
2026-10-10 00:28,extreme,RE01,1.6,0.0,7.6,1,9.0
2026-10-10 00:28,extreme,RW28,2.7,2.1,12.8,2,15.0
2026-10-10 00:28,extreme,RE07,0.7,0.0,3.4,2,4.0
2026-10-10 00:28,extreme,WL.DKN.01,5.5,0.0,22.5,3,45.0
2026-10-10 00:28,extreme,WL.SSN.01,4.8,0.0,22.5,4,45.0
2026-10-10 00:28,extreme,WL.SNC.01,13.4,0.0,31.5,4,45.0
2026-10-10 00:28,extreme,WL.CPA.01,8.0,0.0,38.2,5,45.0
2026-10-10 00:28,extreme,WL.JRN.01,1.5,0.0,6.9,5,9.0
2026-10-10 00:28,extreme,RW19,1.1,0.0,5.1,5,6.0
2026-10-10 00:28,extreme,WL.BKY.01,8.2,0.3,23.8,6,54.0
2026-10-10 00:28,extreme,RE32,8.0,0.0,13.0,6,45.0
2026-10-10 00:28,extreme,WL.BKA.01,6.0,0.0,9.3,6,30.0
2026-10-10 00:28,extreme,WL.KKS.04,4.4,0.0,21.2,6,25.0
2026-10-10 00:28,extreme,WL.WSI.01,3.2,0.0,9.7,6,18.0
2026-10-10 00:28,extreme,WL.STR.01,2.1,0.0,10.2,6,12.0
2026-10-10 00:28,extreme,WL.BSK.01,0.7,0.0,4.5,6,9.0
2026-10-10 00:28,extreme,RW17,1.6,0.0,5.5,6,9.0
2026-10-10 00:28,extreme,RW15,0.7,0.0,3.4,6,4.0
2026-10-10 00:28,extreme,RE21,0.3,0.0,1.6,6,1.85
2026-10-10 00:28,extreme,WL.SRE.01,0.4,0.0,2.4,7,12.0
2026-10-10 00:28,extreme,RE18,1.2,0.0,2.4,7,7.0
2026-10-10 00:28,extreme,RW05,1.1,0.0,2.1,7,6.0
2026-10-10 00:28,extreme,RW18,0.7,0.0,3.4,7,4.0
2026-10-10 00:28,extreme,RE26,0.3,0.0,1.3,7,1.5
2026-10-10 00:28,extreme,RE34,108.0,7.2,61.2,,120.0
2026-10-10 00:28,extreme,RE44,54.0,51.0,51.0,,60.0
2026-10-10 00:28,extreme,WL.CNS.01,5.3,0.0,4.8,,30.0
2026-10-10 00:28,extreme,WL.KKS.01,2.7,0.0,3.5,,15.0
2026-10-10 00:28,extreme,RW08,2.7,0.0,2.3,,15.0
2026-10-10 00:28,extreme,RW04,1.6,0.0,1.6,,9.0
2026-10-10 00:28,extreme,RE37,1.4,0.0,1.3,,8.0
2026-10-10 00:28,extreme,RE19,1.1,0.0,1.7,,6.0
2026-10-10 00:28,extreme,RW12,0.7,0.0,0.5,,4.0
2026-10-10 00:28,extreme,RW35,0.4,0.0,0.7,,2.0
2026-10-10 00:28,extreme,RE28,0.3,0.0,0.8,,1.5
2026-10-10 00:28,extreme,RE29,0.3,0.0,0.9,,1.5
2026-10-10 00:28,extreme,RE30,0.3,0.0,0.9,,1.5
2026-10-10 00:28,extreme,RW09,0.2,0.0,0.8,,1.0
2026-10-10 00:28,extreme,RW36,0.2,0.0,0.7,,1.0
2026-10-10 01:28,forecast,WL.BSU.01,6.0,25.5,25.5,0,51.0
2026-10-10 01:28,forecast,WL.KTY.01,5.3,25.5,25.5,0,30.0
2026-10-10 01:28,forecast,TN.PRM,5.3,21.8,25.5,0,30.0
2026-10-10 01:28,forecast,WL.SBT.01,1.1,5.1,5.1,0,6.0
2026-10-10 01:28,forecast,WL.RHN.01,2.7,4.1,4.1,0,6.0
2026-10-10 01:28,forecast,RW21,0.4,1.7,1.7,0,2.0
2026-10-10 01:28,forecast,WL.BOA.01,0.6,1.6,6.3,1,18.0
2026-10-10 01:28,forecast,WL.KMN.01,5.1,0.0,13.0,2,24.0
2026-10-10 01:28,forecast,WL.BNA.01,5.6,0.0,10.1,6,21.0
2026-10-10 01:28,forecast,WL.PSC.01,2.7,0.0,11.5,6,15.0
2026-10-10 01:28,forecast,WL.LPN.01,3.6,0.0,7.6,6,9.0
2026-10-10 01:28,forecast,WL.STR.01,2.1,0.0,3.6,7,12.0
2026-10-10 01:28,forecast,RE01,1.6,0.0,7.6,7,9.0
2026-10-10 01:28,forecast,RW19,1.1,0.0,2.3,7,6.0
2026-10-10 01:28,forecast,RE07,0.7,0.0,3.1,7,4.0
2026-10-10 01:28,forecast,RW29,0.7,0.0,3.2,7,4.0
2026-10-10 01:28,forecast,RE21,0.3,0.0,1.6,7,1.85
2026-10-10 01:28,forecast,RW28,2.7,0.0,4.8,13,15.0
2026-10-10 01:28,forecast,RE34,108.0,0.0,36.1,,120.0
2026-10-10 01:28,forecast,RE44,54.0,45.3,51.0,,60.0
2026-10-10 01:28,forecast,TN.NBN,10.7,0.0,5.9,,60.0
2026-10-10 01:28,forecast,WL.BKY.01,8.2,0.0,2.6,,54.0
2026-10-10 01:28,forecast,WL.SSN.01,4.8,0.0,5.7,,45.0
2026-10-10 01:28,forecast,WL.CPA.01,8.0,0.0,8.2,,45.0
2026-10-10 01:28,forecast,WL.DKN.01,5.5,0.0,6.7,,45.0
2026-10-10 01:28,forecast,WL.SNC.01,13.4,0.0,9.1,,45.0
2026-10-10 01:28,forecast,RE32,8.0,0.0,4.1,,45.0
2026-10-10 01:28,forecast,WL.BKA.01,6.0,0.0,8.4,,30.0
2026-10-10 01:28,forecast,WL.CNS.01,5.3,0.0,1.1,,30.0
2026-10-10 01:28,forecast,WL.RMT.01,7.2,0.0,9.0,,30.0
2026-10-10 01:28,forecast,WL.KKS.04,4.4,0.0,5.7,,25.0
2026-10-10 01:28,forecast,WL.WSI.01,3.2,0.0,2.9,,18.0
2026-10-10 01:28,forecast,WL.KKS.01,2.7,0.0,0.8,,15.0
2026-10-10 01:28,forecast,RW08,2.7,0.0,0.7,,15.0
2026-10-10 01:28,forecast,WL.JRN.01,1.5,0.0,2.3,,9.0
2026-10-10 01:28,forecast,WL.BSK.01,0.7,0.0,0.6,,9.0
2026-10-10 01:28,forecast,RW04,1.6,0.0,0.6,,9.0
2026-10-10 01:28,forecast,RW17,1.6,0.0,2.0,,9.0
2026-10-10 01:28,forecast,RE18,1.2,0.0,0.9,,7.0
2026-10-10 01:28,forecast,RE19,1.1,0.0,0.6,,6.0
2026-10-10 01:28,forecast,RW05,1.1,0.0,0.8,,6.0
2026-10-10 01:28,forecast,RW15,0.7,0.0,1.1,,4.0
2026-10-10 01:28,forecast,RW18,0.7,0.0,1.4,,4.0
2026-10-10 01:28,extreme,WL.BSU.01,6.0,25.5,25.5,0,51.0
2026-10-10 01:28,extreme,WL.KTY.01,5.3,25.5,25.5,0,30.0
2026-10-10 01:28,extreme,WL.RMT.01,7.2,19.2,19.2,0,30.0
2026-10-10 01:28,extreme,TN.PRM,5.3,21.8,25.5,0,30.0
2026-10-10 01:28,extreme,WL.KMN.01,5.1,13.0,13.0,0,24.0
2026-10-10 01:28,extreme,WL.BNA.01,5.6,8.6,11.6,0,21.0
2026-10-10 01:28,extreme,WL.PSC.01,2.7,12.8,12.8,0,15.0
2026-10-10 01:28,extreme,WL.LPN.01,3.6,7.6,7.6,0,9.0
2026-10-10 01:28,extreme,WL.SBT.01,1.1,5.1,5.1,0,6.0
2026-10-10 01:28,extreme,WL.RHN.01,2.7,4.1,4.1,0,6.0
2026-10-10 01:28,extreme,RW29,0.7,3.4,3.4,0,4.0
2026-10-10 01:28,extreme,RW21,0.4,1.7,1.7,0,2.0
2026-10-10 01:28,extreme,TN.NBN,10.7,13.5,23.0,1,60.0
2026-10-10 01:28,extreme,WL.BOA.01,0.6,1.6,10.7,1,18.0
2026-10-10 01:28,extreme,RE01,1.6,0.0,7.6,1,9.0
2026-10-10 01:28,extreme,WL.DKN.01,5.5,0.0,22.5,2,45.0
2026-10-10 01:28,extreme,RW28,2.7,2.0,12.8,2,15.0
2026-10-10 01:28,extreme,RE07,0.7,0.0,3.4,2,4.0
2026-10-10 01:28,extreme,WL.SSN.01,4.8,0.0,22.5,3,45.0
2026-10-10 01:28,extreme,WL.SNC.01,13.4,0.0,31.5,3,45.0
2026-10-10 01:28,extreme,WL.CPA.01,8.0,0.0,38.2,5,45.0
2026-10-10 01:28,extreme,WL.STR.01,2.1,0.0,9.8,5,12.0
2026-10-10 01:28,extreme,RW19,1.1,0.0,5.1,5,6.0
2026-10-10 01:28,extreme,RE21,0.3,0.0,1.6,5,1.85
2026-10-10 01:28,extreme,WL.BKY.01,8.2,0.4,23.0,6,54.0
2026-10-10 01:28,extreme,RE32,8.0,0.0,12.9,6,45.0
2026-10-10 01:28,extreme,WL.BKA.01,6.0,0.0,9.3,6,30.0
2026-10-10 01:28,extreme,WL.KKS.04,4.4,0.0,21.2,6,25.0
2026-10-10 01:28,extreme,WL.WSI.01,3.2,0.0,9.9,6,18.0
2026-10-10 01:28,extreme,WL.JRN.01,1.5,0.0,6.6,6,9.0
2026-10-10 01:28,extreme,WL.BSK.01,0.7,0.0,4.5,6,9.0
2026-10-10 01:28,extreme,RW17,1.6,0.0,5.3,6,9.0
2026-10-10 01:28,extreme,RW15,0.7,0.0,3.4,6,4.0
2026-10-10 01:28,extreme,WL.SRE.01,0.4,0.0,2.5,7,12.0
2026-10-10 01:28,extreme,RE18,1.2,0.0,2.3,7,7.0
2026-10-10 01:28,extreme,RW18,0.7,0.0,3.4,7,4.0
2026-10-10 01:28,extreme,RE26,0.3,0.0,1.3,7,1.5
2026-10-10 01:28,extreme,RE34,108.0,7.2,60.1,,120.0
2026-10-10 01:28,extreme,RE44,54.0,51.0,51.0,,60.0
2026-10-10 01:28,extreme,WL.CNS.01,5.3,0.0,4.9,,30.0
2026-10-10 01:28,extreme,WL.KKS.01,2.7,0.0,3.8,,15.0
2026-10-10 01:28,extreme,RW08,2.7,0.0,2.2,,15.0
2026-10-10 01:28,extreme,RW04,1.6,0.0,1.6,,9.0
2026-10-10 01:28,extreme,RE37,1.4,0.0,1.3,,8.0
2026-10-10 01:28,extreme,RE19,1.1,0.0,1.6,,6.0
2026-10-10 01:28,extreme,RW05,1.1,0.0,2.0,,6.0
2026-10-10 01:28,extreme,RW12,0.7,0.0,0.5,,4.0
2026-10-10 01:28,extreme,RW35,0.4,0.0,0.7,,2.0
2026-10-10 01:28,extreme,RE28,0.3,0.0,0.8,,1.5
2026-10-10 01:28,extreme,RE29,0.3,0.0,0.9,,1.5
2026-10-10 01:28,extreme,RE30,0.3,0.0,0.9,,1.5
2026-10-10 01:28,extreme,RW09,0.2,0.0,0.8,,1.0
2026-10-10 01:28,extreme,RW36,0.2,0.0,0.7,,1.0
2026-10-10 02:26,forecast,WL.BSU.01,6.0,25.5,25.5,0,51.0
2026-10-10 02:26,forecast,WL.KTY.01,5.3,25.5,25.5,0,30.0
2026-10-10 02:26,forecast,TN.PRM,5.3,21.8,25.5,0,30.0
2026-10-10 02:26,forecast,WL.KMN.01,5.1,13.0,13.0,0,24.0
2026-10-10 02:26,forecast,WL.SBT.01,1.1,5.1,5.1,0,6.0
2026-10-10 02:26,forecast,WL.RHN.01,2.7,4.1,4.1,0,6.0
2026-10-10 02:26,forecast,RW21,0.4,1.7,1.7,0,2.0
2026-10-10 02:26,forecast,WL.BOA.01,0.6,1.6,6.4,1,18.0
2026-10-10 02:26,forecast,WL.PSC.01,2.7,0.0,12.8,4,15.0
2026-10-10 02:26,forecast,WL.LPN.01,3.6,0.0,7.6,4,9.0
2026-10-10 02:26,forecast,WL.BNA.01,5.6,0.0,11.1,5,21.0
2026-10-10 02:26,forecast,RE07,0.7,0.0,3.4,5,4.0
2026-10-10 02:26,forecast,WL.CPA.01,8.0,0.0,13.6,6,45.0
2026-10-10 02:26,forecast,RE01,1.6,0.0,7.6,6,9.0
2026-10-10 02:26,forecast,RW29,0.7,0.0,3.4,6,4.0
2026-10-10 02:26,forecast,RE21,0.3,0.0,1.6,6,1.85
2026-10-10 02:26,forecast,WL.RMT.01,7.2,0.0,12.4,7,30.0
2026-10-10 02:26,forecast,RW28,2.7,0.0,5.3,7,15.0
2026-10-10 02:26,forecast,WL.STR.01,2.1,0.0,3.6,7,12.0
2026-10-10 02:26,forecast,WL.KKS.04,4.4,0.0,8.4,8,25.0
2026-10-10 02:26,forecast,RW19,1.1,0.0,2.1,8,6.0
2026-10-10 02:26,forecast,RE34,108.0,0.0,37.4,,120.0
2026-10-10 02:26,forecast,RE44,54.0,46.8,51.0,,60.0
2026-10-10 02:26,forecast,TN.NBN,10.7,0.0,12.3,,60.0
2026-10-10 02:26,forecast,WL.BKY.01,8.2,0.0,5.7,,54.0
2026-10-10 02:26,forecast,WL.SSN.01,4.8,0.0,6.3,,45.0
2026-10-10 02:26,forecast,WL.DKN.01,5.5,0.0,6.4,,45.0
2026-10-10 02:26,forecast,WL.SNC.01,13.4,0.0,9.7,,45.0
2026-10-10 02:26,forecast,RE32,8.0,0.0,4.8,,45.0
2026-10-10 02:26,forecast,WL.BKA.01,6.0,0.0,8.6,,30.0
2026-10-10 02:26,forecast,WL.CNS.01,5.3,0.0,1.5,,30.0
2026-10-10 02:26,forecast,WL.WSI.01,3.2,0.0,3.3,,18.0
2026-10-10 02:26,forecast,WL.KKS.01,2.7,0.0,0.8,,15.0
2026-10-10 02:26,forecast,RW08,2.7,0.0,0.8,,15.0
2026-10-10 02:26,forecast,WL.SRE.01,0.4,0.0,0.6,,12.0
2026-10-10 02:26,forecast,WL.JRN.01,1.5,0.0,2.2,,9.0
2026-10-10 02:26,forecast,WL.BSK.01,0.7,0.0,0.6,,9.0
2026-10-10 02:26,forecast,RW04,1.6,0.0,0.7,,9.0
2026-10-10 02:26,forecast,RW17,1.6,0.0,1.8,,9.0
2026-10-10 02:26,forecast,RE18,1.2,0.0,0.8,,7.0
2026-10-10 02:26,forecast,RE19,1.1,0.0,0.6,,6.0
2026-10-10 02:26,forecast,RW05,1.1,0.0,0.9,,6.0
2026-10-10 02:26,forecast,RW15,0.7,0.0,1.1,,4.0
2026-10-10 02:26,forecast,RW18,0.7,0.0,0.7,,4.0
2026-10-10 02:26,forecast,RW09,0.2,0.0,0.8,,1.0
2026-10-10 02:26,extreme,WL.BSU.01,6.0,25.5,25.5,0,51.0
2026-10-10 02:26,extreme,WL.KTY.01,5.3,25.5,25.5,0,30.0
2026-10-10 02:26,extreme,WL.RMT.01,7.2,15.5,19.2,0,30.0
2026-10-10 02:26,extreme,TN.PRM,5.3,21.8,25.5,0,30.0
2026-10-10 02:26,extreme,WL.KMN.01,5.1,13.0,13.0,0,24.0
2026-10-10 02:26,extreme,WL.PSC.01,2.7,12.8,12.8,0,15.0
2026-10-10 02:26,extreme,RW28,2.7,11.8,12.8,0,15.0
2026-10-10 02:26,extreme,WL.LPN.01,3.6,7.6,7.6,0,9.0
2026-10-10 02:26,extreme,WL.SBT.01,1.1,5.1,5.1,0,6.0
2026-10-10 02:26,extreme,WL.RHN.01,2.7,4.1,4.1,0,6.0
2026-10-10 02:26,extreme,RW29,0.7,3.4,3.4,0,4.0
2026-10-10 02:26,extreme,RW21,0.4,1.7,1.7,0,2.0
2026-10-10 02:26,extreme,TN.NBN,10.7,9.8,23.3,1,60.0
2026-10-10 02:26,extreme,WL.BNA.01,5.6,0.0,11.6,1,21.0
2026-10-10 02:26,extreme,WL.BOA.01,0.6,1.6,11.0,1,18.0
2026-10-10 02:26,extreme,RE01,1.6,0.0,7.6,1,9.0
2026-10-10 02:26,extreme,WL.CPA.01,8.0,0.0,38.2,2,45.0
2026-10-10 02:26,extreme,WL.DKN.01,5.5,0.0,22.5,2,45.0
2026-10-10 02:26,extreme,RE07,0.7,0.0,3.4,2,4.0
2026-10-10 02:26,extreme,WL.BKY.01,8.2,0.4,33.5,3,54.0
2026-10-10 02:26,extreme,WL.SSN.01,4.8,0.0,22.5,3,45.0
2026-10-10 02:26,extreme,WL.SNC.01,13.4,0.0,31.5,3,45.0
2026-10-10 02:26,extreme,WL.SRE.01,0.4,0.0,6.0,3,12.0
2026-10-10 02:26,extreme,RW15,0.7,0.0,3.4,3,4.0
2026-10-10 02:26,extreme,WL.BKA.01,6.0,0.0,9.8,5,30.0
2026-10-10 02:26,extreme,WL.KKS.04,4.4,0.0,21.2,5,25.0
2026-10-10 02:26,extreme,WL.STR.01,2.1,0.0,9.7,5,12.0
2026-10-10 02:26,extreme,WL.JRN.01,1.5,0.0,7.6,5,9.0
2026-10-10 02:26,extreme,RW19,1.1,0.0,5.1,5,6.0
2026-10-10 02:26,extreme,RE21,0.3,0.0,1.6,5,1.85
2026-10-10 02:26,extreme,RE32,8.0,0.0,13.0,6,45.0
2026-10-10 02:26,extreme,WL.WSI.01,3.2,0.0,9.9,6,18.0
2026-10-10 02:26,extreme,WL.KKS.01,2.7,0.0,12.8,6,15.0
2026-10-10 02:26,extreme,RW08,2.7,0.0,10.4,6,15.0
2026-10-10 02:26,extreme,WL.BSK.01,0.7,0.0,4.3,6,9.0
2026-10-10 02:26,extreme,RW17,1.6,0.0,4.7,6,9.0
2026-10-10 02:26,extreme,RW05,1.1,0.0,2.5,6,6.0
2026-10-10 02:26,extreme,RE26,0.3,0.0,1.3,8,1.5
2026-10-10 02:26,extreme,RE34,108.0,7.2,66.0,,120.0
2026-10-10 02:26,extreme,RE44,54.0,51.0,51.0,,60.0
2026-10-10 02:26,extreme,WL.CNS.01,5.3,0.0,5.6,,30.0
2026-10-10 02:26,extreme,RW04,1.6,0.0,2.0,,9.0
2026-10-10 02:26,extreme,RE37,1.4,0.0,1.3,,8.0
2026-10-10 02:26,extreme,RE18,1.2,0.0,2.2,,7.0
2026-10-10 02:26,extreme,RE19,1.1,0.0,1.5,,6.0
2026-10-10 02:26,extreme,RW12,0.7,0.0,0.8,,4.0
2026-10-10 02:26,extreme,RW18,0.7,0.0,1.6,,4.0
2026-10-10 02:26,extreme,RW34,0.4,0.0,0.6,,2.0
2026-10-10 02:26,extreme,RW35,0.4,0.0,1.0,,2.0
2026-10-10 02:26,extreme,RE28,0.3,0.0,1.1,,1.5
2026-10-10 02:26,extreme,RE29,0.3,0.0,1.0,,1.5
2026-10-10 02:26,extreme,RE30,0.3,0.0,1.0,,1.5
2026-10-10 02:26,extreme,RW09,0.2,0.0,0.8,,1.0
2026-10-10 02:26,extreme,RW36,0.2,0.0,0.8,,1.0
2026-10-10 03:26,forecast,WL.BSU.01,6.0,25.5,25.5,0,51.0
2026-10-10 03:26,forecast,WL.KTY.01,5.3,25.5,25.5,0,30.0
2026-10-10 03:26,forecast,TN.PRM,5.3,21.8,25.5,0,30.0
2026-10-10 03:26,forecast,WL.KMN.01,5.1,13.0,13.0,0,24.0
2026-10-10 03:26,forecast,WL.SBT.01,1.1,5.1,5.1,0,6.0
2026-10-10 03:26,forecast,WL.RHN.01,2.7,4.1,4.1,0,6.0
2026-10-10 03:26,forecast,RW21,0.4,1.7,1.7,0,2.0
2026-10-10 03:26,forecast,WL.BOA.01,0.6,1.6,6.3,1,18.0
2026-10-10 03:26,forecast,WL.BNA.01,5.6,0.0,10.7,4,21.0
2026-10-10 03:26,forecast,WL.PSC.01,2.7,0.0,12.8,4,15.0
2026-10-10 03:26,forecast,WL.LPN.01,3.6,0.0,7.6,4,9.0
2026-10-10 03:26,forecast,RE07,0.7,0.0,3.4,5,4.0
2026-10-10 03:26,forecast,RW29,0.7,0.0,3.4,5,4.0
2026-10-10 03:26,forecast,WL.CPA.01,8.0,0.0,14.7,6,45.0
2026-10-10 03:26,forecast,WL.RMT.01,7.2,0.0,12.2,6,30.0
2026-10-10 03:26,forecast,RE01,1.6,0.0,7.6,6,9.0
2026-10-10 03:26,forecast,RE21,0.3,0.0,1.6,6,1.85
2026-10-10 03:26,forecast,RW28,2.7,0.0,5.2,7,15.0
2026-10-10 03:26,forecast,WL.STR.01,2.1,0.0,3.5,7,12.0
2026-10-10 03:26,forecast,RE34,108.0,0.0,36.5,,120.0
2026-10-10 03:26,forecast,RE44,54.0,47.4,51.0,,60.0
2026-10-10 03:26,forecast,TN.NBN,10.7,0.0,12.2,,60.0
2026-10-10 03:26,forecast,WL.BKY.01,8.2,0.0,6.7,,54.0
2026-10-10 03:26,forecast,WL.SSN.01,4.8,0.0,5.9,,45.0
2026-10-10 03:26,forecast,WL.DKN.01,5.5,0.0,6.0,,45.0
2026-10-10 03:26,forecast,WL.SNC.01,13.4,0.0,8.7,,45.0
2026-10-10 03:26,forecast,RE32,8.0,0.0,4.5,,45.0
2026-10-10 03:26,forecast,WL.BKA.01,6.0,0.0,8.5,,30.0
2026-10-10 03:26,forecast,WL.CNS.01,5.3,0.0,1.4,,30.0
2026-10-10 03:26,forecast,WL.KKS.04,4.4,0.0,6.8,,25.0
2026-10-10 03:26,forecast,WL.WSI.01,3.2,0.0,3.0,,18.0
2026-10-10 03:26,forecast,WL.KKS.01,2.7,0.0,0.8,,15.0
2026-10-10 03:26,forecast,RW08,2.7,0.0,0.9,,15.0
2026-10-10 03:26,forecast,WL.JRN.01,1.5,0.0,2.2,,9.0
2026-10-10 03:26,forecast,WL.BSK.01,0.7,0.0,0.6,,9.0
2026-10-10 03:26,forecast,RW04,1.6,0.0,0.8,,9.0
2026-10-10 03:26,forecast,RW17,1.6,0.0,1.8,,9.0
2026-10-10 03:26,forecast,RE18,1.2,0.0,0.8,,7.0
2026-10-10 03:26,forecast,RE19,1.1,0.0,0.6,,6.0
2026-10-10 03:26,forecast,RW05,1.1,0.0,1.0,,6.0
2026-10-10 03:26,forecast,RW19,1.1,0.0,2.1,,6.0
2026-10-10 03:26,forecast,RW15,0.7,0.0,1.0,,4.0
2026-10-10 03:26,forecast,RW18,0.7,0.0,0.7,,4.0
2026-10-10 03:26,forecast,RW09,0.2,0.0,0.7,,1.0
2026-10-10 03:26,extreme,WL.BSU.01,6.0,25.5,25.5,0,51.0
2026-10-10 03:26,extreme,WL.KTY.01,5.3,25.5,25.5,0,30.0
2026-10-10 03:26,extreme,WL.RMT.01,7.2,19.2,19.2,0,30.0
2026-10-10 03:26,extreme,TN.PRM,5.3,21.8,25.5,0,30.0
2026-10-10 03:26,extreme,WL.KMN.01,5.1,13.0,13.0,0,24.0
2026-10-10 03:26,extreme,WL.PSC.01,2.7,12.8,12.8,0,15.0
2026-10-10 03:26,extreme,RW28,2.7,12.8,12.8,0,15.0
2026-10-10 03:26,extreme,WL.LPN.01,3.6,7.6,7.6,0,9.0
2026-10-10 03:26,extreme,WL.SBT.01,1.1,5.1,5.1,0,6.0
2026-10-10 03:26,extreme,WL.RHN.01,2.7,4.1,4.1,0,6.0
2026-10-10 03:26,extreme,RW29,0.7,3.4,3.4,0,4.0
2026-10-10 03:26,extreme,RW21,0.4,1.7,1.7,0,2.0
2026-10-10 03:26,extreme,TN.NBN,10.7,9.8,23.2,1,60.0
2026-10-10 03:26,extreme,WL.BNA.01,5.6,0.0,11.6,1,21.0
2026-10-10 03:26,extreme,WL.BOA.01,0.6,1.6,10.8,1,18.0
2026-10-10 03:26,extreme,RE01,1.6,0.0,7.6,1,9.0
2026-10-10 03:26,extreme,RE07,0.7,0.0,3.4,1,4.0
2026-10-10 03:26,extreme,WL.CPA.01,8.0,0.0,38.2,2,45.0
2026-10-10 03:26,extreme,WL.DKN.01,5.5,0.0,22.5,2,45.0
2026-10-10 03:26,extreme,WL.SNC.01,13.4,0.0,31.5,2,45.0
2026-10-10 03:26,extreme,WL.BKY.01,8.2,0.4,33.5,3,54.0
2026-10-10 03:26,extreme,WL.SSN.01,4.8,0.0,22.5,3,45.0
2026-10-10 03:26,extreme,WL.SRE.01,0.4,0.0,6.0,3,12.0
2026-10-10 03:26,extreme,RW15,0.7,0.0,3.4,3,4.0
2026-10-10 03:26,extreme,WL.KKS.04,4.4,0.0,21.2,4,25.0
2026-10-10 03:26,extreme,WL.JRN.01,1.5,0.0,7.6,4,9.0
2026-10-10 03:26,extreme,WL.BKA.01,6.0,0.0,10.0,5,30.0
2026-10-10 03:26,extreme,WL.WSI.01,3.2,0.0,9.5,5,18.0
2026-10-10 03:26,extreme,WL.STR.01,2.1,0.0,10.2,5,12.0
2026-10-10 03:26,extreme,WL.BSK.01,0.7,0.0,4.5,5,9.0
2026-10-10 03:26,extreme,RW05,1.1,0.0,2.8,5,6.0
2026-10-10 03:26,extreme,RW19,1.1,0.0,5.1,5,6.0
2026-10-10 03:26,extreme,RE21,0.3,0.0,1.6,5,1.85
2026-10-10 03:26,extreme,RE32,8.0,0.0,13.1,6,45.0
2026-10-10 03:26,extreme,WL.KKS.01,2.7,0.0,12.8,6,15.0
2026-10-10 03:26,extreme,RW08,2.7,0.0,11.4,6,15.0
2026-10-10 03:26,extreme,RW17,1.6,0.0,4.7,6,9.0
2026-10-10 03:26,extreme,RE18,1.2,0.0,2.5,6,7.0
2026-10-10 03:26,extreme,RE26,0.3,0.0,1.3,7,1.5
2026-10-10 03:26,extreme,RE34,108.0,7.2,62.1,,120.0
2026-10-10 03:26,extreme,RE44,54.0,51.0,51.0,,60.0
2026-10-10 03:26,extreme,WL.CNS.01,5.3,0.0,4.9,,30.0
2026-10-10 03:26,extreme,RW04,1.6,0.0,2.3,,9.0
2026-10-10 03:26,extreme,RE37,1.4,0.0,1.3,,8.0
2026-10-10 03:26,extreme,RE19,1.1,0.0,1.7,,6.0
2026-10-10 03:26,extreme,RW12,0.7,0.0,0.6,,4.0
2026-10-10 03:26,extreme,RW18,0.7,0.0,1.6,,4.0
2026-10-10 03:26,extreme,RW03,0.4,0.0,0.5,,2.0
2026-10-10 03:26,extreme,RW35,0.4,0.0,0.9,,2.0
2026-10-10 03:26,extreme,RE28,0.3,0.0,0.8,,1.5
2026-10-10 03:26,extreme,RE29,0.3,0.0,0.8,,1.5
2026-10-10 03:26,extreme,RE30,0.3,0.0,1.2,,1.5
2026-10-10 03:26,extreme,RW09,0.2,0.0,0.8,,1.0
2026-10-10 03:26,extreme,RW36,0.2,0.0,0.8,,1.0
2026-10-10 04:25,forecast,WL.BSU.01,6.0,25.5,25.5,0,51.0
2026-10-10 04:25,forecast,WL.KTY.01,5.3,25.5,25.5,0,30.0
2026-10-10 04:25,forecast,TN.PRM,5.3,21.8,25.5,0,30.0
2026-10-10 04:25,forecast,WL.KMN.01,5.1,13.0,13.0,0,24.0
2026-10-10 04:25,forecast,WL.SBT.01,1.1,5.1,5.1,0,6.0
2026-10-10 04:25,forecast,WL.RHN.01,2.7,4.1,4.1,0,6.0
2026-10-10 04:25,forecast,RW21,0.4,1.7,1.7,0,2.0
2026-10-10 04:25,forecast,WL.BOA.01,0.6,1.7,6.7,1,18.0
2026-10-10 04:25,forecast,WL.PSC.01,2.7,0.0,12.8,3,15.0
2026-10-10 04:25,forecast,WL.LPN.01,3.6,0.0,7.6,3,9.0
2026-10-10 04:25,forecast,WL.BNA.01,5.6,0.0,11.6,4,21.0
2026-10-10 04:25,forecast,RE01,1.6,0.0,7.6,5,9.0
2026-10-10 04:25,forecast,RE07,0.7,0.0,3.4,5,4.0
2026-10-10 04:25,forecast,RW29,0.7,0.0,3.4,5,4.0
2026-10-10 04:25,forecast,WL.CPA.01,8.0,0.0,14.0,6,45.0
2026-10-10 04:25,forecast,WL.RMT.01,7.2,0.0,14.3,6,30.0
2026-10-10 04:25,forecast,RW28,2.7,0.0,5.7,6,15.0
2026-10-10 04:25,forecast,RE21,0.3,0.0,1.6,6,1.85
2026-10-10 04:25,forecast,WL.KKS.04,4.4,0.0,7.9,7,25.0
2026-10-10 04:25,forecast,WL.STR.01,2.1,0.0,4.1,7,12.0
2026-10-10 04:25,forecast,RW19,1.1,0.0,2.3,7,6.0
2026-10-10 04:25,forecast,RE34,108.0,0.0,39.0,,120.0
2026-10-10 04:25,forecast,RE44,54.0,49.1,51.0,,60.0
2026-10-10 04:25,forecast,TN.NBN,10.7,0.0,12.6,,60.0
2026-10-10 04:25,forecast,WL.BKY.01,8.2,0.0,8.7,,54.0
2026-10-10 04:25,forecast,WL.SSN.01,4.8,0.0,7.0,,45.0
2026-10-10 04:25,forecast,WL.DKN.01,5.5,0.0,7.2,,45.0
2026-10-10 04:25,forecast,WL.SNC.01,13.4,0.0,10.6,,45.0
2026-10-10 04:25,forecast,RE32,8.0,0.0,5.4,,45.0
2026-10-10 04:25,forecast,WL.BKA.01,6.0,0.0,8.6,,30.0
2026-10-10 04:25,forecast,WL.CNS.01,5.3,0.0,1.7,,30.0
2026-10-10 04:25,forecast,WL.WSI.01,3.2,0.0,3.7,,18.0
2026-10-10 04:25,forecast,WL.KKS.01,2.7,0.0,0.8,,15.0
2026-10-10 04:25,forecast,RW08,2.7,0.0,0.9,,15.0
2026-10-10 04:25,forecast,WL.SRE.01,0.4,0.0,0.6,,12.0
2026-10-10 04:25,forecast,WL.JRN.01,1.5,0.0,2.4,,9.0
2026-10-10 04:25,forecast,WL.BSK.01,0.7,0.0,0.8,,9.0
2026-10-10 04:25,forecast,RW04,1.6,0.0,0.7,,9.0
2026-10-10 04:25,forecast,RW17,1.6,0.0,2.0,,9.0
2026-10-10 04:25,forecast,RE37,1.4,0.0,0.6,,8.0
2026-10-10 04:25,forecast,RE18,1.2,0.0,0.9,,7.0
2026-10-10 04:25,forecast,RE19,1.1,0.0,0.7,,6.0
2026-10-10 04:25,forecast,RW05,1.1,0.0,0.9,,6.0
2026-10-10 04:25,forecast,RW15,0.7,0.0,1.2,,4.0
2026-10-10 04:25,forecast,RW18,0.7,0.0,0.7,,4.0
2026-10-10 04:25,forecast,RW09,0.2,0.0,0.8,,1.0
2026-10-10 04:25,extreme,WL.BSU.01,6.0,25.5,25.5,0,51.0
2026-10-10 04:25,extreme,WL.KTY.01,5.3,25.5,25.5,0,30.0
2026-10-10 04:25,extreme,WL.RMT.01,7.2,19.2,19.2,0,30.0
2026-10-10 04:25,extreme,TN.PRM,5.3,21.8,25.5,0,30.0
2026-10-10 04:25,extreme,WL.KMN.01,5.1,13.0,13.0,0,24.0
2026-10-10 04:25,extreme,WL.PSC.01,2.7,12.8,12.8,0,15.0
2026-10-10 04:25,extreme,RW28,2.7,12.8,12.8,0,15.0
2026-10-10 04:25,extreme,WL.LPN.01,3.6,7.6,7.6,0,9.0
2026-10-10 04:25,extreme,WL.SBT.01,1.1,5.1,5.1,0,6.0
2026-10-10 04:25,extreme,WL.RHN.01,2.7,4.1,4.1,0,6.0
2026-10-10 04:25,extreme,RW29,0.7,3.4,3.4,0,4.0
2026-10-10 04:25,extreme,RW21,0.4,1.7,1.7,0,2.0
2026-10-10 04:25,extreme,TN.NBN,10.7,9.7,23.6,1,60.0
2026-10-10 04:25,extreme,WL.CPA.01,8.0,0.0,38.2,1,45.0
2026-10-10 04:25,extreme,WL.BNA.01,5.6,0.9,11.6,1,21.0
2026-10-10 04:25,extreme,WL.BOA.01,0.6,1.7,11.9,1,18.0
2026-10-10 04:25,extreme,RE01,1.6,0.5,7.6,1,9.0
2026-10-10 04:25,extreme,RE07,0.7,0.0,3.4,1,4.0
2026-10-10 04:25,extreme,WL.BKY.01,8.2,0.2,33.5,2,54.0
2026-10-10 04:25,extreme,WL.SSN.01,4.8,0.0,22.5,2,45.0
2026-10-10 04:25,extreme,WL.DKN.01,5.5,0.0,22.5,2,45.0
2026-10-10 04:25,extreme,WL.SNC.01,13.4,0.0,31.5,2,45.0
2026-10-10 04:25,extreme,WL.SRE.01,0.4,0.0,6.0,2,12.0
2026-10-10 04:25,extreme,RW15,0.7,0.0,3.4,2,4.0
2026-10-10 04:25,extreme,WL.BKA.01,6.0,0.0,9.7,4,30.0
2026-10-10 04:25,extreme,WL.KKS.04,4.4,0.0,21.2,4,25.0
2026-10-10 04:25,extreme,RW08,2.7,0.0,12.0,4,15.0
2026-10-10 04:25,extreme,WL.STR.01,2.1,0.0,10.2,4,12.0
2026-10-10 04:25,extreme,WL.JRN.01,1.5,0.0,7.6,4,9.0
2026-10-10 04:25,extreme,RW19,1.1,0.0,5.1,4,6.0
2026-10-10 04:25,extreme,RE21,0.3,0.0,1.6,4,1.85
2026-10-10 04:25,extreme,WL.WSI.01,3.2,0.0,10.8,5,18.0
2026-10-10 04:25,extreme,WL.KKS.01,2.7,0.0,12.8,5,15.0
2026-10-10 04:25,extreme,WL.BSK.01,0.7,0.0,4.5,5,9.0
2026-10-10 04:25,extreme,RW17,1.6,0.0,5.3,5,9.0
2026-10-10 04:25,extreme,RE32,8.0,0.0,13.5,6,45.0
2026-10-10 04:25,extreme,RE18,1.2,0.0,2.6,6,7.0
2026-10-10 04:25,extreme,RW05,1.1,0.0,2.5,6,6.0
2026-10-10 04:25,extreme,RW18,0.7,0.0,1.9,7,4.0
2026-10-10 04:25,extreme,RE26,0.3,0.0,1.3,7,1.5
2026-10-10 04:25,extreme,RE34,108.0,7.2,71.2,,120.0
2026-10-10 04:25,extreme,RE44,54.0,51.0,51.0,,60.0
2026-10-10 04:25,extreme,WL.CNS.01,5.3,0.0,7.4,,30.0
2026-10-10 04:25,extreme,RW04,1.6,0.0,2.0,,9.0
2026-10-10 04:25,extreme,RE37,1.4,0.0,1.5,,8.0
2026-10-10 04:25,extreme,RE19,1.1,0.0,1.8,,6.0
2026-10-10 04:25,extreme,RW12,0.7,0.0,0.9,,4.0
2026-10-10 04:25,extreme,RW03,0.4,0.0,0.6,,2.0
2026-10-10 04:25,extreme,RW35,0.4,0.0,1.1,,2.0
2026-10-10 04:25,extreme,RE28,0.3,0.0,1.2,,1.5
2026-10-10 04:25,extreme,RE29,0.3,0.0,1.1,,1.5
2026-10-10 04:25,extreme,RE30,0.3,0.0,1.0,,1.5
2026-10-10 04:25,extreme,RW09,0.2,0.4,0.8,,1.0
2026-10-10 04:25,extreme,RW36,0.2,0.0,0.8,,1.0
2026-10-10 05:25,forecast,WL.BSU.01,6.0,25.5,25.5,0,51.0
2026-10-10 05:25,forecast,WL.KTY.01,5.3,25.5,25.5,0,30.0
2026-10-10 05:25,forecast,TN.PRM,5.3,21.7,25.5,0,30.0
2026-10-10 05:25,forecast,WL.KMN.01,5.1,13.0,13.0,0,24.0
2026-10-10 05:25,forecast,WL.SBT.01,1.1,5.1,5.1,0,6.0
2026-10-10 05:25,forecast,WL.RHN.01,2.7,4.1,4.1,0,6.0
2026-10-10 05:25,forecast,RW21,0.4,1.7,1.7,0,2.0
2026-10-10 05:25,forecast,WL.BOA.01,0.6,1.7,6.4,1,18.0
2026-10-10 05:25,forecast,WL.LPN.01,3.6,0.0,7.6,2,9.0
2026-10-10 05:25,forecast,WL.PSC.01,2.7,0.0,12.8,3,15.0
2026-10-10 05:25,forecast,WL.BNA.01,5.6,0.0,11.1,4,21.0
2026-10-10 05:25,forecast,RW28,2.7,0.0,5.4,5,15.0
2026-10-10 05:25,forecast,RE01,1.6,0.0,7.6,5,9.0
2026-10-10 05:25,forecast,RE07,0.7,0.0,3.4,5,4.0
2026-10-10 05:25,forecast,RW29,0.7,0.0,3.4,5,4.0
2026-10-10 05:25,forecast,RE21,0.3,0.0,1.6,5,1.85
2026-10-10 05:25,forecast,WL.CPA.01,8.0,0.0,13.5,6,45.0
2026-10-10 05:25,forecast,WL.RMT.01,7.2,0.0,12.4,6,30.0
2026-10-10 05:25,forecast,WL.STR.01,2.1,0.0,3.6,6,12.0
2026-10-10 05:25,forecast,WL.KKS.04,4.4,0.0,8.4,7,25.0
2026-10-10 05:25,forecast,RW19,1.1,0.0,2.1,7,6.0
2026-10-10 05:25,forecast,RE34,108.0,0.0,37.4,,120.0
2026-10-10 05:25,forecast,RE44,54.0,50.3,51.0,,60.0
2026-10-10 05:25,forecast,TN.NBN,10.7,0.0,12.3,,60.0
2026-10-10 05:25,forecast,WL.BKY.01,8.2,0.0,8.0,,54.0
2026-10-10 05:25,forecast,WL.SSN.01,4.8,0.0,6.3,,45.0
2026-10-10 05:25,forecast,WL.DKN.01,5.5,0.0,6.4,,45.0
2026-10-10 05:25,forecast,WL.SNC.01,13.4,0.0,9.7,,45.0
2026-10-10 05:25,forecast,RE32,8.0,0.0,4.8,,45.0
2026-10-10 05:25,forecast,WL.BKA.01,6.0,0.0,8.6,,30.0
2026-10-10 05:25,forecast,WL.CNS.01,5.3,0.0,1.5,,30.0
2026-10-10 05:25,forecast,WL.WSI.01,3.2,0.0,3.3,,18.0
2026-10-10 05:25,forecast,WL.KKS.01,2.7,0.0,0.8,,15.0
2026-10-10 05:25,forecast,RW08,2.7,0.0,0.8,,15.0
2026-10-10 05:25,forecast,WL.SRE.01,0.4,0.0,0.6,,12.0
2026-10-10 05:25,forecast,WL.JRN.01,1.5,0.0,2.2,,9.0
2026-10-10 05:25,forecast,WL.BSK.01,0.7,0.0,0.6,,9.0
2026-10-10 05:25,forecast,RW04,1.6,0.0,0.7,,9.0
2026-10-10 05:25,forecast,RW17,1.6,0.0,1.8,,9.0
2026-10-10 05:25,forecast,RE18,1.2,0.0,0.8,,7.0
2026-10-10 05:25,forecast,RE19,1.1,0.0,0.6,,6.0
2026-10-10 05:25,forecast,RW05,1.1,0.0,0.9,,6.0
2026-10-10 05:25,forecast,RW15,0.7,0.0,1.1,,4.0
2026-10-10 05:25,forecast,RW18,0.7,0.0,0.7,,4.0
2026-10-10 05:25,forecast,RW09,0.2,0.0,0.8,,1.0
2026-10-10 05:25,extreme,WL.BSU.01,6.0,25.5,25.5,0,51.0
2026-10-10 05:25,extreme,WL.KTY.01,5.3,25.5,25.5,0,30.0
2026-10-10 05:25,extreme,WL.RMT.01,7.2,19.2,19.2,0,30.0
2026-10-10 05:25,extreme,TN.PRM,5.3,21.7,25.5,0,30.0
2026-10-10 05:25,extreme,WL.KMN.01,5.1,13.0,13.0,0,24.0
2026-10-10 05:25,extreme,WL.PSC.01,2.7,12.8,12.8,0,15.0
2026-10-10 05:25,extreme,RW28,2.7,12.8,12.8,0,15.0
2026-10-10 05:25,extreme,WL.LPN.01,3.6,7.6,7.6,0,9.0
2026-10-10 05:25,extreme,WL.SBT.01,1.1,5.1,5.1,0,6.0
2026-10-10 05:25,extreme,WL.RHN.01,2.7,4.1,4.1,0,6.0
2026-10-10 05:25,extreme,RW29,0.7,3.4,3.4,0,4.0
2026-10-10 05:25,extreme,RW21,0.4,1.7,1.7,0,2.0
2026-10-10 05:25,extreme,TN.NBN,10.7,13.5,23.3,1,60.0
2026-10-10 05:25,extreme,WL.CPA.01,8.0,0.0,38.2,1,45.0
2026-10-10 05:25,extreme,WL.DKN.01,5.5,0.0,22.5,1,45.0
2026-10-10 05:25,extreme,WL.BNA.01,5.6,6.3,11.6,1,21.0
2026-10-10 05:25,extreme,WL.BOA.01,0.6,1.7,11.0,1,18.0
2026-10-10 05:25,extreme,RE01,1.6,0.2,7.6,1,9.0
2026-10-10 05:25,extreme,RE07,0.7,0.0,3.4,1,4.0
2026-10-10 05:25,extreme,WL.BKY.01,8.2,0.0,33.5,2,54.0
2026-10-10 05:25,extreme,WL.SSN.01,4.8,0.0,22.5,2,45.0
2026-10-10 05:25,extreme,WL.SNC.01,13.4,0.0,31.5,2,45.0
2026-10-10 05:25,extreme,WL.SRE.01,0.4,0.0,6.0,2,12.0
2026-10-10 05:25,extreme,RW15,0.7,0.0,3.4,2,4.0
2026-10-10 05:25,extreme,RW08,2.7,0.0,12.8,3,15.0
2026-10-10 05:25,extreme,WL.JRN.01,1.5,0.0,7.6,3,9.0
2026-10-10 05:25,extreme,WL.BSK.01,0.7,0.0,4.5,3,9.0
2026-10-10 05:25,extreme,RE21,0.3,0.0,1.6,3,1.85
2026-10-10 05:25,extreme,WL.BKA.01,6.0,0.0,9.8,4,30.0
2026-10-10 05:25,extreme,WL.KKS.04,4.4,0.0,21.2,4,25.0
2026-10-10 05:25,extreme,WL.STR.01,2.1,0.0,9.7,4,12.0
2026-10-10 05:25,extreme,RW19,1.1,0.0,5.1,4,6.0
2026-10-10 05:25,extreme,RE32,8.0,0.0,13.0,5,45.0
2026-10-10 05:25,extreme,WL.WSI.01,3.2,0.0,9.9,5,18.0
2026-10-10 05:25,extreme,WL.KKS.01,2.7,0.0,12.8,5,15.0
2026-10-10 05:25,extreme,RW17,1.6,0.0,4.7,5,9.0
2026-10-10 05:25,extreme,RW05,1.1,0.0,2.5,5,6.0
2026-10-10 05:25,extreme,RE26,0.3,0.0,1.3,7,1.5
2026-10-10 05:25,extreme,RE34,108.0,7.2,66.4,,120.0
2026-10-10 05:25,extreme,RE44,54.0,51.0,51.0,,60.0
2026-10-10 05:25,extreme,WL.CNS.01,5.3,0.0,5.7,,30.0
2026-10-10 05:25,extreme,RW04,1.6,0.0,2.0,,9.0
2026-10-10 05:25,extreme,RE37,1.4,0.0,1.3,,8.0
2026-10-10 05:25,extreme,RE18,1.2,0.0,2.2,,7.0
2026-10-10 05:25,extreme,RE19,1.1,0.0,1.5,,6.0
2026-10-10 05:25,extreme,RW12,0.7,0.0,0.8,,4.0
2026-10-10 05:25,extreme,RW18,0.7,0.0,1.6,,4.0
2026-10-10 05:25,extreme,RW03,0.4,0.0,0.5,,2.0
2026-10-10 05:25,extreme,RW35,0.4,0.0,1.0,,2.0
2026-10-10 05:25,extreme,RE28,0.3,0.0,1.1,,1.5
2026-10-10 05:25,extreme,RE29,0.3,0.0,1.0,,1.5
2026-10-10 05:25,extreme,RE30,0.3,0.0,0.9,,1.5
2026-10-10 05:25,extreme,RW09,0.2,0.5,0.8,,1.0
2026-10-10 05:25,extreme,RW36,0.2,0.0,0.8,,1.0
2026-10-10 06:25,forecast,WL.BSU.01,6.0,25.5,25.5,0,51.0
2026-10-10 06:25,forecast,WL.KTY.01,5.3,25.5,25.5,0,30.0
2026-10-10 06:25,forecast,TN.PRM,5.3,21.7,25.5,0,30.0
2026-10-10 06:25,forecast,WL.KMN.01,5.1,13.0,13.0,0,24.0
2026-10-10 06:25,forecast,WL.SBT.01,1.1,5.1,5.1,0,6.0
2026-10-10 06:25,forecast,WL.RHN.01,2.7,4.1,4.1,0,6.0
2026-10-10 06:25,forecast,RW21,0.4,1.7,1.7,0,2.0
2026-10-10 06:25,forecast,WL.BOA.01,0.6,1.8,6.3,1,18.0
2026-10-10 06:25,forecast,WL.BNA.01,5.6,0.0,10.7,3,21.0
2026-10-10 06:25,forecast,WL.PSC.01,2.7,0.0,12.8,3,15.0
2026-10-10 06:25,forecast,WL.LPN.01,3.6,0.0,7.6,3,9.0
2026-10-10 06:25,forecast,RW28,2.7,0.0,5.3,4,15.0
2026-10-10 06:25,forecast,RE07,0.7,0.0,3.4,4,4.0
2026-10-10 06:25,forecast,WL.CPA.01,8.0,0.0,14.5,5,45.0
2026-10-10 06:25,forecast,RE01,1.6,0.0,7.6,5,9.0
2026-10-10 06:25,forecast,RW29,0.7,0.0,3.4,5,4.0
2026-10-10 06:25,forecast,RE21,0.3,0.0,1.6,5,1.85
2026-10-10 06:25,forecast,WL.RMT.01,7.2,0.0,12.2,6,30.0
2026-10-10 06:25,forecast,WL.STR.01,2.1,0.0,3.4,6,12.0
2026-10-10 06:25,forecast,RE34,108.0,1.1,36.4,,120.0
2026-10-10 06:25,forecast,RE44,54.0,51.0,51.0,,60.0
2026-10-10 06:25,forecast,TN.NBN,10.7,0.0,12.2,,60.0
2026-10-10 06:25,forecast,WL.BKY.01,8.2,0.0,7.7,,54.0
2026-10-10 06:25,forecast,WL.SSN.01,4.8,0.0,5.9,,45.0
2026-10-10 06:25,forecast,WL.DKN.01,5.5,0.0,6.0,,45.0
2026-10-10 06:25,forecast,WL.SNC.01,13.4,0.0,9.1,,45.0
2026-10-10 06:25,forecast,RE32,8.0,0.0,4.5,,45.0
2026-10-10 06:25,forecast,WL.BKA.01,6.0,0.0,8.5,,30.0
2026-10-10 06:25,forecast,WL.CNS.01,5.3,0.0,1.2,,30.0
2026-10-10 06:25,forecast,WL.KKS.04,4.4,0.0,6.8,,25.0
2026-10-10 06:25,forecast,WL.WSI.01,3.2,0.0,2.8,,18.0
2026-10-10 06:25,forecast,WL.KKS.01,2.7,0.0,0.8,,15.0
2026-10-10 06:25,forecast,RW08,2.7,0.0,0.9,,15.0
2026-10-10 06:25,forecast,WL.SRE.01,0.4,0.0,0.6,,12.0
2026-10-10 06:25,forecast,WL.JRN.01,1.5,0.0,2.2,,9.0
2026-10-10 06:25,forecast,RW04,1.6,0.0,0.8,,9.0
2026-10-10 06:25,forecast,RW17,1.6,0.0,1.8,,9.0
2026-10-10 06:25,forecast,RE18,1.2,0.0,0.8,,7.0
2026-10-10 06:25,forecast,RE19,1.1,0.0,0.6,,6.0
2026-10-10 06:25,forecast,RW05,1.1,0.0,1.0,,6.0
2026-10-10 06:25,forecast,RW19,1.1,0.0,2.1,,6.0
2026-10-10 06:25,forecast,RW15,0.7,0.0,1.0,,4.0
2026-10-10 06:25,forecast,RW18,0.7,0.0,1.4,,4.0
2026-10-10 06:25,forecast,RW09,0.2,0.0,0.7,,1.0
2026-10-10 06:25,extreme,WL.BSU.01,6.0,25.5,25.5,0,51.0
2026-10-10 06:25,extreme,WL.KTY.01,5.3,25.5,25.5,0,30.0
2026-10-10 06:25,extreme,WL.RMT.01,7.2,19.2,19.2,0,30.0
2026-10-10 06:25,extreme,TN.PRM,5.3,23.7,25.5,0,30.0
2026-10-10 06:25,extreme,WL.KMN.01,5.1,13.0,13.0,0,24.0
2026-10-10 06:25,extreme,WL.BNA.01,5.6,8.1,11.6,0,21.0
2026-10-10 06:25,extreme,WL.PSC.01,2.7,12.8,12.8,0,15.0
2026-10-10 06:25,extreme,RW28,2.7,12.8,12.8,0,15.0
2026-10-10 06:25,extreme,WL.LPN.01,3.6,7.6,7.6,0,9.0
2026-10-10 06:25,extreme,RE01,1.6,5.0,7.6,0,9.0
2026-10-10 06:25,extreme,WL.SBT.01,1.1,5.1,5.1,0,6.0
2026-10-10 06:25,extreme,WL.RHN.01,2.7,4.1,4.1,0,6.0
2026-10-10 06:25,extreme,RW29,0.7,3.4,3.4,0,4.0
2026-10-10 06:25,extreme,RW21,0.4,1.7,1.7,0,2.0
2026-10-10 06:25,extreme,TN.NBN,10.7,13.5,23.2,1,60.0
2026-10-10 06:25,extreme,WL.CPA.01,8.0,0.5,38.2,1,45.0
2026-10-10 06:25,extreme,WL.DKN.01,5.5,4.7,22.5,1,45.0
2026-10-10 06:25,extreme,WL.SNC.01,13.4,0.0,31.5,1,45.0
2026-10-10 06:25,extreme,WL.BOA.01,0.6,1.8,10.8,1,18.0
2026-10-10 06:25,extreme,RE07,0.7,0.0,3.4,1,4.0
2026-10-10 06:25,extreme,WL.BKY.01,8.2,0.1,33.5,2,54.0
2026-10-10 06:25,extreme,WL.SSN.01,4.8,0.0,22.5,2,45.0
2026-10-10 06:25,extreme,WL.SRE.01,0.4,0.0,6.0,2,12.0
2026-10-10 06:25,extreme,RW15,0.7,0.0,3.4,2,4.0
2026-10-10 06:25,extreme,WL.KKS.04,4.4,0.0,21.2,3,25.0
2026-10-10 06:25,extreme,RW08,2.7,0.0,12.8,3,15.0
2026-10-10 06:25,extreme,WL.JRN.01,1.5,0.0,7.6,3,9.0
2026-10-10 06:25,extreme,WL.BSK.01,0.7,0.0,4.5,3,9.0
2026-10-10 06:25,extreme,RE21,0.3,0.0,1.6,3,1.85
2026-10-10 06:25,extreme,WL.BKA.01,6.0,0.0,10.0,4,30.0
2026-10-10 06:25,extreme,WL.WSI.01,3.2,0.0,9.5,4,18.0
2026-10-10 06:25,extreme,WL.STR.01,2.1,0.0,10.2,4,12.0
2026-10-10 06:25,extreme,RW05,1.1,0.0,2.8,4,6.0
2026-10-10 06:25,extreme,RW19,1.1,0.0,5.1,4,6.0
2026-10-10 06:25,extreme,RE32,8.0,0.0,13.1,5,45.0
2026-10-10 06:25,extreme,WL.KKS.01,2.7,0.0,12.8,5,15.0
2026-10-10 06:25,extreme,RW17,1.6,0.0,4.7,5,9.0
2026-10-10 06:25,extreme,RE18,1.2,0.0,2.5,5,7.0
2026-10-10 06:25,extreme,RE26,0.3,0.0,1.3,6,1.5
2026-10-10 06:25,extreme,RW18,0.7,0.0,3.4,7,4.0
2026-10-10 06:25,extreme,RE34,108.0,7.2,62.6,,120.0
2026-10-10 06:25,extreme,RE44,54.0,51.0,51.0,,60.0
2026-10-10 06:25,extreme,WL.CNS.01,5.3,0.0,4.9,,30.0
2026-10-10 06:25,extreme,RW04,1.6,0.0,2.3,,9.0
2026-10-10 06:25,extreme,RE37,1.4,0.0,1.3,,8.0
2026-10-10 06:25,extreme,RE19,1.1,0.0,1.7,,6.0
2026-10-10 06:25,extreme,RW12,0.7,0.0,0.6,,4.0
2026-10-10 06:25,extreme,RW34,0.4,0.0,0.6,,2.0
2026-10-10 06:25,extreme,RW35,0.4,0.0,0.9,,2.0
2026-10-10 06:25,extreme,RE28,0.3,0.0,0.7,,1.5
2026-10-10 06:25,extreme,RE29,0.3,0.0,1.0,,1.5
2026-10-10 06:25,extreme,RE30,0.3,0.0,0.9,,1.5
2026-10-10 06:25,extreme,RW09,0.2,0.6,0.8,,1.0
2026-10-10 06:25,extreme,RW36,0.2,0.0,0.8,,1.0
2026-10-10 07:25,forecast,WL.BSU.01,6.0,25.5,25.5,0,51.0
2026-10-10 07:25,forecast,WL.KTY.01,5.3,25.5,25.5,0,30.0
2026-10-10 07:25,forecast,TN.PRM,5.3,21.7,25.5,0,30.0
2026-10-10 07:25,forecast,WL.KMN.01,5.1,13.0,13.0,0,24.0
2026-10-10 07:25,forecast,WL.SBT.01,1.1,5.1,5.1,0,6.0
2026-10-10 07:25,forecast,WL.RHN.01,2.7,4.1,4.1,0,6.0
2026-10-10 07:25,forecast,RW21,0.4,1.7,1.7,0,2.0
2026-10-10 07:25,forecast,WL.BOA.01,0.6,1.8,6.7,1,18.0
2026-10-10 07:25,forecast,WL.LPN.01,3.6,0.0,7.6,1,9.0
2026-10-10 07:25,forecast,WL.BNA.01,5.6,0.0,11.6,3,21.0
2026-10-10 07:25,forecast,WL.PSC.01,2.7,0.0,12.8,3,15.0
2026-10-10 07:25,forecast,RW28,2.7,0.0,5.5,4,15.0
2026-10-10 07:25,forecast,RE07,0.7,0.0,3.4,4,4.0
2026-10-10 07:25,forecast,RW29,0.7,0.0,3.4,4,4.0
2026-10-10 07:25,forecast,WL.CPA.01,8.0,0.0,14.1,5,45.0
2026-10-10 07:25,forecast,WL.RMT.01,7.2,0.0,14.3,5,30.0
2026-10-10 07:25,forecast,RE01,1.6,0.0,7.6,5,9.0
2026-10-10 07:25,forecast,RE21,0.3,0.0,1.6,5,1.85
2026-10-10 07:25,forecast,WL.STR.01,2.1,0.0,3.6,6,12.0
2026-10-10 07:25,forecast,RW19,1.1,0.0,2.3,6,6.0
2026-10-10 07:25,forecast,RE34,108.0,3.1,38.9,,120.0
2026-10-10 07:25,forecast,RE44,54.0,51.0,51.0,,60.0
2026-10-10 07:25,forecast,TN.NBN,10.7,0.0,12.6,,60.0
2026-10-10 07:25,forecast,WL.BKY.01,8.2,0.0,8.6,,54.0
2026-10-10 07:25,forecast,WL.SSN.01,4.8,0.0,6.9,,45.0
2026-10-10 07:25,forecast,WL.DKN.01,5.5,0.0,7.2,,45.0
2026-10-10 07:25,forecast,WL.SNC.01,13.4,4.2,10.9,,45.0
2026-10-10 07:25,forecast,RE32,8.0,0.0,5.4,,45.0
2026-10-10 07:25,forecast,WL.BKA.01,6.0,0.0,8.6,,30.0
2026-10-10 07:25,forecast,WL.CNS.01,5.3,0.0,2.2,,30.0
2026-10-10 07:25,forecast,WL.KKS.04,4.4,0.0,6.7,,25.0
2026-10-10 07:25,forecast,WL.WSI.01,3.2,0.0,3.6,,18.0
2026-10-10 07:25,forecast,WL.KKS.01,2.7,0.0,0.8,,15.0
2026-10-10 07:25,forecast,RW08,2.7,0.0,0.9,,15.0
2026-10-10 07:25,forecast,WL.SRE.01,0.4,0.0,0.6,,12.0
2026-10-10 07:25,forecast,WL.JRN.01,1.5,0.0,2.4,,9.0
2026-10-10 07:25,forecast,WL.BSK.01,0.7,0.0,0.8,,9.0
2026-10-10 07:25,forecast,RW04,1.6,0.0,0.7,,9.0
2026-10-10 07:25,forecast,RW17,1.6,0.0,2.0,,9.0
2026-10-10 07:25,forecast,RE37,1.4,0.0,0.6,,8.0
2026-10-10 07:25,forecast,RE18,1.2,0.0,0.9,,7.0
2026-10-10 07:25,forecast,RE19,1.1,0.0,0.7,,6.0
2026-10-10 07:25,forecast,RW05,1.1,0.0,0.9,,6.0
2026-10-10 07:25,forecast,RW15,0.7,0.0,1.2,,4.0
2026-10-10 07:25,forecast,RW18,0.7,0.0,0.8,,4.0
2026-10-10 07:25,forecast,RW09,0.2,0.0,0.8,,1.0
2026-10-10 07:25,extreme,WL.BSU.01,6.0,25.5,25.5,0,51.0
2026-10-10 07:25,extreme,WL.KTY.01,5.3,25.5,25.5,0,30.0
2026-10-10 07:25,extreme,WL.RMT.01,7.2,19.2,19.2,0,30.0
2026-10-10 07:25,extreme,TN.PRM,5.3,23.8,25.5,0,30.0
2026-10-10 07:25,extreme,WL.KMN.01,5.1,13.0,13.0,0,24.0
2026-10-10 07:25,extreme,WL.BNA.01,5.6,9.4,11.6,0,21.0
2026-10-10 07:25,extreme,WL.PSC.01,2.7,12.8,12.8,0,15.0
2026-10-10 07:25,extreme,RW28,2.7,12.8,12.8,0,15.0
2026-10-10 07:25,extreme,WL.LPN.01,3.6,7.6,7.6,0,9.0
2026-10-10 07:25,extreme,RE01,1.6,6.6,7.6,0,9.0
2026-10-10 07:25,extreme,WL.SBT.01,1.1,5.1,5.1,0,6.0
2026-10-10 07:25,extreme,WL.RHN.01,2.7,4.1,4.1,0,6.0
2026-10-10 07:25,extreme,RW29,0.7,3.4,3.4,0,4.0
2026-10-10 07:25,extreme,RW21,0.4,1.7,1.7,0,2.0
2026-10-10 07:25,extreme,TN.NBN,10.7,13.6,23.6,1,60.0
2026-10-10 07:25,extreme,WL.BKY.01,8.2,0.0,33.5,1,54.0
2026-10-10 07:25,extreme,WL.CPA.01,8.0,4.1,38.2,1,45.0
2026-10-10 07:25,extreme,WL.DKN.01,5.5,5.7,22.5,1,45.0
2026-10-10 07:25,extreme,WL.SNC.01,13.4,5.3,31.5,1,45.0
2026-10-10 07:25,extreme,WL.BOA.01,0.6,1.8,11.9,1,18.0
2026-10-10 07:25,extreme,WL.SRE.01,0.4,0.0,6.0,1,12.0
2026-10-10 07:25,extreme,WL.JRN.01,1.5,0.0,7.6,1,9.0
2026-10-10 07:25,extreme,RE07,0.7,0.0,3.4,1,4.0
2026-10-10 07:25,extreme,RW15,0.7,0.0,3.4,1,4.0
2026-10-10 07:25,extreme,RE21,0.3,0.0,1.6,1,1.85
2026-10-10 07:25,extreme,WL.SSN.01,4.8,0.0,22.5,2,45.0
2026-10-10 07:25,extreme,RW08,2.7,0.0,12.8,2,15.0
2026-10-10 07:25,extreme,WL.BSK.01,0.7,0.0,4.5,2,9.0
2026-10-10 07:25,extreme,WL.BKA.01,6.0,0.0,9.7,3,30.0
2026-10-10 07:25,extreme,WL.KKS.04,4.4,0.0,21.2,3,25.0
2026-10-10 07:25,extreme,RW19,1.1,0.0,5.1,3,6.0
2026-10-10 07:25,extreme,WL.WSI.01,3.2,0.0,10.8,4,18.0
2026-10-10 07:25,extreme,WL.KKS.01,2.7,0.0,12.8,4,15.0
2026-10-10 07:25,extreme,WL.STR.01,2.1,0.0,9.9,4,12.0
2026-10-10 07:25,extreme,RW17,1.6,0.0,5.3,4,9.0
2026-10-10 07:25,extreme,RE32,8.0,0.0,13.5,5,45.0
2026-10-10 07:25,extreme,RE18,1.2,0.0,2.6,5,7.0
2026-10-10 07:25,extreme,RW05,1.1,0.0,2.5,5,6.0
2026-10-10 07:25,extreme,RW18,0.7,0.0,1.9,6,4.0
2026-10-10 07:25,extreme,RE26,0.3,0.0,1.3,6,1.5
2026-10-10 07:25,extreme,RE30,0.3,0.0,1.3,6,1.5
2026-10-10 07:25,extreme,RE34,108.0,7.2,71.2,,120.0
2026-10-10 07:25,extreme,RE44,54.0,51.0,51.0,,60.0
2026-10-10 07:25,extreme,WL.CNS.01,5.3,0.0,7.6,,30.0
2026-10-10 07:25,extreme,RW04,1.6,0.0,2.0,,9.0
2026-10-10 07:25,extreme,RE37,1.4,0.0,1.5,,8.0
2026-10-10 07:25,extreme,RE19,1.1,0.0,1.8,,6.0
2026-10-10 07:25,extreme,RW12,0.7,0.0,0.9,,4.0
2026-10-10 07:25,extreme,RW03,0.4,0.0,0.6,,2.0
2026-10-10 07:25,extreme,RW35,0.4,0.0,1.1,,2.0
2026-10-10 07:25,extreme,RE28,0.3,0.0,1.1,,1.5
2026-10-10 07:25,extreme,RE29,0.3,0.0,0.8,,1.5
2026-10-10 07:25,extreme,RW09,0.2,0.6,0.8,,1.0
2026-10-10 07:25,extreme,RW36,0.2,0.0,0.8,,1.0
2026-10-10 08:25,forecast,WL.BSU.01,6.0,25.5,25.5,0,51.0
2026-10-10 08:25,forecast,WL.KTY.01,5.3,25.5,25.5,0,30.0
2026-10-10 08:25,forecast,TN.PRM,5.3,21.8,25.5,0,30.0
2026-10-10 08:25,forecast,WL.KMN.01,5.1,13.0,13.0,0,24.0
2026-10-10 08:25,forecast,WL.LPN.01,3.6,7.6,7.6,0,9.0
2026-10-10 08:25,forecast,WL.SBT.01,1.1,5.1,5.1,0,6.0
2026-10-10 08:25,forecast,WL.RHN.01,2.7,4.1,4.1,0,6.0
2026-10-10 08:25,forecast,RW21,0.4,1.7,1.7,0,2.0
2026-10-10 08:25,forecast,WL.BOA.01,0.6,2.2,7.3,1,18.0
2026-10-10 08:25,forecast,WL.BNA.01,5.6,0.0,11.6,2,21.0
2026-10-10 08:25,forecast,WL.PSC.01,2.7,0.0,12.8,2,15.0
2026-10-10 08:25,forecast,RE01,1.6,0.0,7.6,2,9.0
2026-10-10 08:25,forecast,RE07,0.7,0.0,3.4,2,4.0
2026-10-10 08:25,forecast,RW28,2.7,0.0,5.8,3,15.0
2026-10-10 08:25,forecast,RW29,0.7,0.0,3.4,3,4.0
2026-10-10 08:25,forecast,WL.JRN.01,1.5,0.0,3.0,4,9.0
2026-10-10 08:25,forecast,RW19,1.1,0.0,2.9,4,6.0
2026-10-10 08:25,forecast,RE21,0.3,0.0,1.6,4,1.85
2026-10-10 08:25,forecast,WL.CPA.01,8.0,0.0,14.3,5,45.0
2026-10-10 08:25,forecast,WL.RMT.01,7.2,0.0,15.1,5,30.0
2026-10-10 08:25,forecast,WL.STR.01,2.1,0.0,4.5,5,12.0
2026-10-10 08:25,forecast,WL.KKS.04,4.4,0.0,8.8,6,25.0
2026-10-10 08:25,forecast,RE34,108.0,7.3,44.7,,120.0
2026-10-10 08:25,forecast,RE44,54.0,51.0,51.0,,60.0
2026-10-10 08:25,forecast,TN.NBN,10.7,9.2,13.6,,60.0
2026-10-10 08:25,forecast,WL.BKY.01,8.2,0.0,8.7,,54.0
2026-10-10 08:25,forecast,WL.SSN.01,4.8,0.0,7.3,,45.0
2026-10-10 08:25,forecast,WL.DKN.01,5.5,0.0,8.8,,45.0
2026-10-10 08:25,forecast,WL.SNC.01,13.4,3.8,12.7,,45.0
2026-10-10 08:25,forecast,RE32,8.0,0.0,7.6,,45.0
2026-10-10 08:25,forecast,WL.BKA.01,6.0,0.0,8.7,,30.0
2026-10-10 08:25,forecast,WL.CNS.01,5.3,0.0,2.3,,30.0
2026-10-10 08:25,forecast,WL.WSI.01,3.2,0.0,4.5,,18.0
2026-10-10 08:25,forecast,WL.KKS.01,2.7,0.0,1.0,,15.0
2026-10-10 08:25,forecast,RW08,2.7,0.0,0.9,,15.0
2026-10-10 08:25,forecast,WL.SRE.01,0.4,0.0,0.6,,12.0
2026-10-10 08:25,forecast,WL.BSK.01,0.7,0.0,1.2,,9.0
2026-10-10 08:25,forecast,RW04,1.6,0.0,0.8,,9.0
2026-10-10 08:25,forecast,RW17,1.6,0.0,2.5,,9.0
2026-10-10 08:25,forecast,RE37,1.4,0.0,0.6,,8.0
2026-10-10 08:25,forecast,RE18,1.2,0.0,1.0,,7.0
2026-10-10 08:25,forecast,RE19,1.1,0.0,0.7,,6.0
2026-10-10 08:25,forecast,RW05,1.1,0.0,1.0,,6.0
2026-10-10 08:25,forecast,RW15,0.7,0.0,1.3,,4.0
2026-10-10 08:25,forecast,RW18,0.7,0.0,0.9,,4.0
2026-10-10 08:25,forecast,RW09,0.2,0.0,0.8,,1.0
2026-10-10 08:25,extreme,TN.NBN,10.7,19.8,24.1,0,60.0
2026-10-10 08:25,extreme,WL.BSU.01,6.0,25.5,25.5,0,51.0
2026-10-10 08:25,extreme,WL.CPA.01,8.0,17.5,38.2,0,45.0
2026-10-10 08:25,extreme,WL.DKN.01,5.5,18.2,22.5,0,45.0
2026-10-10 08:25,extreme,WL.KTY.01,5.3,25.5,25.5,0,30.0
2026-10-10 08:25,extreme,WL.RMT.01,7.2,19.2,19.2,0,30.0
2026-10-10 08:25,extreme,TN.PRM,5.3,25.5,25.5,0,30.0
2026-10-10 08:25,extreme,WL.KMN.01,5.1,13.0,13.0,0,24.0
2026-10-10 08:25,extreme,WL.BNA.01,5.6,11.6,11.6,0,21.0
2026-10-10 08:25,extreme,WL.BOA.01,0.6,3.3,13.6,0,18.0
2026-10-10 08:25,extreme,WL.PSC.01,2.7,12.8,12.8,0,15.0
2026-10-10 08:25,extreme,RW28,2.7,12.8,12.8,0,15.0
2026-10-10 08:25,extreme,WL.LPN.01,3.6,7.6,7.6,0,9.0
2026-10-10 08:25,extreme,RE01,1.6,7.6,7.6,0,9.0
2026-10-10 08:25,extreme,WL.SBT.01,1.1,5.1,5.1,0,6.0
2026-10-10 08:25,extreme,WL.RHN.01,2.7,4.1,4.1,0,6.0
2026-10-10 08:25,extreme,RW29,0.7,3.4,3.4,0,4.0
2026-10-10 08:25,extreme,RW21,0.4,1.7,1.7,0,2.0
2026-10-10 08:25,extreme,WL.BKY.01,8.2,0.0,33.5,1,54.0
2026-10-10 08:25,extreme,WL.SSN.01,4.8,0.0,22.5,1,45.0
2026-10-10 08:25,extreme,WL.SNC.01,13.4,17.2,31.5,1,45.0
2026-10-10 08:25,extreme,WL.KKS.04,4.4,0.0,21.2,1,25.0
2026-10-10 08:25,extreme,WL.SRE.01,0.4,0.0,6.0,1,12.0
2026-10-10 08:25,extreme,WL.JRN.01,1.5,0.0,7.6,1,9.0
2026-10-10 08:25,extreme,WL.BSK.01,0.7,0.0,4.5,1,9.0
2026-10-10 08:25,extreme,RW19,1.1,0.0,5.1,1,6.0
2026-10-10 08:25,extreme,RE07,0.7,1.1,3.4,1,4.0
2026-10-10 08:25,extreme,RW15,0.7,0.0,3.4,1,4.0
2026-10-10 08:25,extreme,RE21,0.3,0.0,1.6,1,1.85
2026-10-10 08:25,extreme,WL.BKA.01,6.0,0.2,10.0,2,30.0
2026-10-10 08:25,extreme,WL.KKS.01,2.7,0.0,12.8,2,15.0
2026-10-10 08:25,extreme,RW08,2.7,0.0,12.8,2,15.0
2026-10-10 08:25,extreme,WL.WSI.01,3.2,0.0,12.8,3,18.0
2026-10-10 08:25,extreme,WL.STR.01,2.1,0.0,10.2,3,12.0
2026-10-10 08:25,extreme,RE32,8.0,2.9,13.9,4,45.0
2026-10-10 08:25,extreme,RW17,1.6,0.0,7.0,4,9.0
2026-10-10 08:25,extreme,RE18,1.2,0.0,2.9,4,7.0
2026-10-10 08:25,extreme,RW05,1.1,0.0,2.8,4,6.0
2026-10-10 08:25,extreme,RW18,0.7,0.0,2.4,4,4.0
2026-10-10 08:25,extreme,RE26,0.3,0.0,1.3,4,1.5
2026-10-10 08:25,extreme,WL.CNS.01,5.3,0.0,9.3,5,30.0
2026-10-10 08:25,extreme,RE28,0.3,0.0,1.3,5,1.5
2026-10-10 08:25,extreme,RE29,0.3,0.0,1.3,5,1.5
2026-10-10 08:25,extreme,RE30,0.3,0.0,1.3,5,1.5
2026-10-10 08:25,extreme,RE34,108.0,11.5,89.2,,120.0
2026-10-10 08:25,extreme,RE44,54.0,51.0,51.0,,60.0
2026-10-10 08:25,extreme,RW04,1.6,0.0,2.3,,9.0
2026-10-10 08:25,extreme,RE37,1.4,0.0,1.8,,8.0
2026-10-10 08:25,extreme,RE19,1.1,0.0,2.0,,6.0
2026-10-10 08:25,extreme,RW12,0.7,0.0,1.1,,4.0
2026-10-10 08:25,extreme,RW03,0.4,0.0,0.7,,2.0
2026-10-10 08:25,extreme,RW35,0.4,0.0,1.2,,2.0
2026-10-10 08:25,extreme,RW09,0.2,0.8,0.8,,1.0
2026-10-10 08:25,extreme,RW36,0.2,0.0,0.8,,1.0
2026-10-10 09:26,forecast,WL.BSU.01,6.0,25.5,25.5,0,51.0
2026-10-10 09:26,forecast,WL.KTY.01,5.3,25.5,25.5,0,30.0
2026-10-10 09:26,forecast,TN.PRM,5.3,21.8,25.5,0,30.0
2026-10-10 09:26,forecast,WL.KMN.01,5.1,13.0,13.0,0,24.0
2026-10-10 09:26,forecast,WL.LPN.01,3.6,7.6,7.6,0,9.0
2026-10-10 09:26,forecast,WL.SBT.01,1.1,5.1,5.1,0,6.0
2026-10-10 09:26,forecast,WL.RHN.01,2.7,4.1,4.1,0,6.0
2026-10-10 09:26,forecast,RW21,0.4,1.7,1.7,0,2.0
2026-10-10 09:26,forecast,WL.BOA.01,0.6,2.2,7.2,1,18.0
2026-10-10 09:26,forecast,WL.PSC.01,2.7,0.0,12.8,1,15.0
2026-10-10 09:26,forecast,RE07,0.7,0.0,3.4,1,4.0
2026-10-10 09:26,forecast,WL.BNA.01,5.6,0.0,11.6,2,21.0
2026-10-10 09:26,forecast,RE01,1.6,0.0,7.6,2,9.0
2026-10-10 09:26,forecast,RW28,2.7,0.0,5.7,3,15.0
2026-10-10 09:26,forecast,RW29,0.7,0.0,3.4,3,4.0
2026-10-10 09:26,forecast,WL.JRN.01,1.5,0.0,3.0,4,9.0
2026-10-10 09:26,forecast,RW19,1.1,0.0,2.9,4,6.0
2026-10-10 09:26,forecast,RE21,0.3,0.0,1.6,4,1.85
2026-10-10 09:26,forecast,WL.CPA.01,8.0,0.0,14.7,5,45.0
2026-10-10 09:26,forecast,WL.RMT.01,7.2,0.0,14.2,5,30.0
2026-10-10 09:26,forecast,WL.STR.01,2.1,0.0,3.9,5,12.0
2026-10-10 09:26,forecast,WL.KKS.04,4.4,0.0,7.7,6,25.0
2026-10-10 09:26,forecast,RE34,108.0,7.3,43.8,,120.0
2026-10-10 09:26,forecast,RE44,54.0,51.0,51.0,,60.0
2026-10-10 09:26,forecast,TN.NBN,10.7,9.2,13.4,,60.0
2026-10-10 09:26,forecast,WL.BKY.01,8.2,0.0,8.6,,54.0
2026-10-10 09:26,forecast,WL.SSN.01,4.8,0.0,7.1,,45.0
2026-10-10 09:26,forecast,WL.DKN.01,5.5,0.0,8.9,,45.0
2026-10-10 09:26,forecast,WL.SNC.01,13.4,0.0,12.6,,45.0
2026-10-10 09:26,forecast,RE32,8.0,0.0,7.2,,45.0
2026-10-10 09:26,forecast,WL.BKA.01,6.0,0.0,8.7,,30.0
2026-10-10 09:26,forecast,WL.CNS.01,5.3,0.0,2.5,,30.0
2026-10-10 09:26,forecast,WL.WSI.01,3.2,0.0,4.5,,18.0
2026-10-10 09:26,forecast,WL.KKS.01,2.7,0.0,1.0,,15.0
2026-10-10 09:26,forecast,RW08,2.7,0.0,0.9,,15.0
2026-10-10 09:26,forecast,WL.SRE.01,0.4,0.0,0.6,,12.0
2026-10-10 09:26,forecast,WL.BSK.01,0.7,0.0,1.0,,9.0
2026-10-10 09:26,forecast,RW04,1.6,0.0,0.8,,9.0
2026-10-10 09:26,forecast,RW17,1.6,0.0,2.5,,9.0
2026-10-10 09:26,forecast,RE37,1.4,0.0,0.6,,8.0
2026-10-10 09:26,forecast,RE18,1.2,0.0,1.0,,7.0
2026-10-10 09:26,forecast,RE19,1.1,0.0,0.7,,6.0
2026-10-10 09:26,forecast,RW05,1.1,0.0,1.0,,6.0
2026-10-10 09:26,forecast,RW15,0.7,0.0,1.4,,4.0
2026-10-10 09:26,forecast,RW18,0.7,0.0,0.9,,4.0
2026-10-10 09:26,forecast,RW09,0.2,0.0,0.8,,1.0
2026-10-10 09:26,extreme,TN.NBN,10.7,19.8,23.9,0,60.0
2026-10-10 09:26,extreme,WL.BSU.01,6.0,25.5,25.5,0,51.0
2026-10-10 09:26,extreme,WL.CPA.01,8.0,22.1,38.2,0,45.0
2026-10-10 09:26,extreme,WL.DKN.01,5.5,20.8,22.5,0,45.0
2026-10-10 09:26,extreme,WL.SNC.01,13.4,21.1,31.5,0,45.0
2026-10-10 09:26,extreme,WL.KTY.01,5.3,25.5,25.5,0,30.0
2026-10-10 09:26,extreme,WL.RMT.01,7.2,19.2,19.2,0,30.0
2026-10-10 09:26,extreme,TN.PRM,5.3,25.5,25.5,0,30.0
2026-10-10 09:26,extreme,WL.KMN.01,5.1,13.0,13.0,0,24.0
2026-10-10 09:26,extreme,WL.BNA.01,5.6,11.6,11.6,0,21.0
2026-10-10 09:26,extreme,WL.BOA.01,0.6,3.3,13.3,0,18.0
2026-10-10 09:26,extreme,WL.PSC.01,2.7,12.8,12.8,0,15.0
2026-10-10 09:26,extreme,RW28,2.7,12.8,12.8,0,15.0
2026-10-10 09:26,extreme,WL.JRN.01,1.5,2.7,7.6,0,9.0
2026-10-10 09:26,extreme,WL.LPN.01,3.6,7.6,7.6,0,9.0
2026-10-10 09:26,extreme,RE01,1.6,7.6,7.6,0,9.0
2026-10-10 09:26,extreme,WL.SBT.01,1.1,5.1,5.1,0,6.0
2026-10-10 09:26,extreme,WL.RHN.01,2.7,4.1,4.1,0,6.0
2026-10-10 09:26,extreme,RW29,0.7,3.4,3.4,0,4.0
2026-10-10 09:26,extreme,RW21,0.4,1.7,1.7,0,2.0
2026-10-10 09:26,extreme,RE21,0.3,1.4,1.6,0,1.85
2026-10-10 09:26,extreme,WL.BKY.01,8.2,12.6,33.5,1,54.0
2026-10-10 09:26,extreme,WL.SSN.01,4.8,3.9,22.5,1,45.0
2026-10-10 09:26,extreme,WL.KKS.04,4.4,1.7,21.2,1,25.0
2026-10-10 09:26,extreme,WL.KKS.01,2.7,0.0,12.8,1,15.0
2026-10-10 09:26,extreme,RW08,2.7,0.5,12.8,1,15.0
2026-10-10 09:26,extreme,WL.SRE.01,0.4,1.6,6.0,1,12.0
2026-10-10 09:26,extreme,WL.BSK.01,0.7,0.0,4.5,1,9.0
2026-10-10 09:26,extreme,RW19,1.1,1.9,5.1,1,6.0
2026-10-10 09:26,extreme,RE07,0.7,1.2,3.4,1,4.0
2026-10-10 09:26,extreme,RW15,0.7,0.9,3.4,1,4.0
2026-10-10 09:26,extreme,WL.BKA.01,6.0,0.8,9.9,2,30.0
2026-10-10 09:26,extreme,WL.STR.01,2.1,0.0,10.2,2,12.0
2026-10-10 09:26,extreme,WL.WSI.01,3.2,1.2,12.5,3,18.0
2026-10-10 09:26,extreme,RW17,1.6,0.0,6.9,3,9.0
2026-10-10 09:26,extreme,RE26,0.3,0.0,1.3,3,1.5
2026-10-10 09:26,extreme,RE32,8.0,4.5,13.7,4,45.0
2026-10-10 09:26,extreme,RE18,1.2,0.0,2.8,4,7.0
2026-10-10 09:26,extreme,RW05,1.1,0.0,2.8,4,6.0
2026-10-10 09:26,extreme,RW18,0.7,0.0,2.4,4,4.0
2026-10-10 09:26,extreme,RE30,0.3,0.0,1.3,4,1.5
2026-10-10 09:26,extreme,WL.CNS.01,5.3,0.0,9.2,5,30.0
2026-10-10 09:26,extreme,RE28,0.3,0.0,1.3,5,1.5
2026-10-10 09:26,extreme,RE29,0.3,0.0,1.3,5,1.5
2026-10-10 09:26,extreme,RE34,108.0,11.4,88.0,,120.0
2026-10-10 09:26,extreme,RE44,54.0,51.0,51.0,,60.0
2026-10-10 09:26,extreme,RW04,1.6,0.0,2.2,,9.0
2026-10-10 09:26,extreme,RE37,1.4,0.0,1.7,,8.0
2026-10-10 09:26,extreme,RE19,1.1,0.0,2.0,,6.0
2026-10-10 09:26,extreme,RW12,0.7,0.0,1.0,,4.0
2026-10-10 09:26,extreme,RW34,0.4,0.0,0.8,,2.0
2026-10-10 09:26,extreme,RW35,0.4,0.0,1.2,,2.0
2026-10-10 09:26,extreme,RW09,0.2,0.7,0.8,,1.0
2026-10-10 09:26,extreme,RW36,0.2,0.0,0.8,,1.0
2026-10-10 10:26,forecast,WL.BSU.01,6.0,25.5,25.5,0,51.0
2026-10-10 10:26,forecast,WL.KTY.01,5.3,25.5,25.5,0,30.0
2026-10-10 10:26,forecast,TN.PRM,5.3,21.9,25.5,0,30.0
2026-10-10 10:26,forecast,WL.KMN.01,5.1,13.0,13.0,0,24.0
2026-10-10 10:26,forecast,WL.LPN.01,3.6,7.6,7.6,0,9.0
2026-10-10 10:26,forecast,WL.SBT.01,1.1,5.1,5.1,0,6.0
2026-10-10 10:26,forecast,WL.RHN.01,2.7,4.1,4.1,0,6.0
2026-10-10 10:26,forecast,RW21,0.4,1.7,1.7,0,2.0
2026-10-10 10:26,forecast,WL.BOA.01,0.6,2.0,7.2,1,18.0
2026-10-10 10:26,forecast,WL.PSC.01,2.7,0.0,12.8,1,15.0
2026-10-10 10:26,forecast,RE01,1.6,0.0,7.6,1,9.0
2026-10-10 10:26,forecast,RE07,0.7,0.0,3.4,1,4.0
2026-10-10 10:26,forecast,WL.BNA.01,5.6,0.0,11.6,2,21.0
2026-10-10 10:26,forecast,RW28,2.7,0.0,5.7,3,15.0
2026-10-10 10:26,forecast,RW29,0.7,0.0,3.4,3,4.0
2026-10-10 10:26,forecast,WL.CPA.01,8.0,0.0,14.3,4,45.0
2026-10-10 10:26,forecast,WL.RMT.01,7.2,0.0,14.7,4,30.0
2026-10-10 10:26,forecast,WL.STR.01,2.1,0.0,4.4,4,12.0
2026-10-10 10:26,forecast,WL.JRN.01,1.5,0.0,3.0,4,9.0
2026-10-10 10:26,forecast,RW19,1.1,0.0,2.9,4,6.0
2026-10-10 10:26,forecast,RE21,0.3,0.0,1.6,4,1.85
2026-10-10 10:26,forecast,WL.KKS.04,4.4,0.0,8.3,5,25.0
2026-10-10 10:26,forecast,RE34,108.0,7.3,43.8,,120.0
2026-10-10 10:26,forecast,RE44,54.0,51.0,51.0,,60.0
2026-10-10 10:26,forecast,TN.NBN,10.7,9.2,16.3,,60.0
2026-10-10 10:26,forecast,WL.BKY.01,8.2,0.0,8.6,,54.0
2026-10-10 10:26,forecast,WL.SSN.01,4.8,0.0,6.8,,45.0
2026-10-10 10:26,forecast,WL.DKN.01,5.5,0.0,8.7,,45.0
2026-10-10 10:26,forecast,WL.SNC.01,13.4,0.0,12.5,,45.0
2026-10-10 10:26,forecast,RE32,8.0,0.0,7.1,,45.0
2026-10-10 10:26,forecast,WL.BKA.01,6.0,0.0,8.7,,30.0
2026-10-10 10:26,forecast,WL.CNS.01,5.3,0.0,2.0,,30.0
2026-10-10 10:26,forecast,WL.WSI.01,3.2,0.0,4.6,,18.0
2026-10-10 10:26,forecast,WL.KKS.01,2.7,0.0,1.1,,15.0
2026-10-10 10:26,forecast,RW08,2.7,0.0,0.9,,15.0
2026-10-10 10:26,forecast,WL.BSK.01,0.7,0.0,1.1,,9.0
2026-10-10 10:26,forecast,RW04,1.6,0.0,0.8,,9.0
2026-10-10 10:26,forecast,RW17,1.6,0.0,2.4,,9.0
2026-10-10 10:26,forecast,RE37,1.4,0.0,0.6,,8.0
2026-10-10 10:26,forecast,RE18,1.2,0.0,1.0,,7.0
2026-10-10 10:26,forecast,RE19,1.1,0.0,0.7,,6.0
2026-10-10 10:26,forecast,RW05,1.1,0.0,1.0,,6.0
2026-10-10 10:26,forecast,RW15,0.7,0.0,1.3,,4.0
2026-10-10 10:26,forecast,RW18,0.7,0.0,0.9,,4.0
2026-10-10 10:26,forecast,RE26,0.3,0.0,0.5,,1.5
2026-10-10 10:26,forecast,RW09,0.2,0.0,0.8,,1.0
2026-10-10 10:26,extreme,TN.NBN,10.7,19.7,23.9,0,60.0
2026-10-10 10:26,extreme,WL.BSU.01,6.0,25.5,25.5,0,51.0
2026-10-10 10:26,extreme,WL.CPA.01,8.0,23.7,38.2,0,45.0
2026-10-10 10:26,extreme,WL.DKN.01,5.5,20.2,22.5,0,45.0
2026-10-10 10:26,extreme,WL.SNC.01,13.4,20.3,31.5,0,45.0
2026-10-10 10:26,extreme,WL.KTY.01,5.3,25.5,25.5,0,30.0
2026-10-10 10:26,extreme,WL.RMT.01,7.2,19.2,19.2,0,30.0
2026-10-10 10:26,extreme,TN.PRM,5.3,25.5,25.5,0,30.0
2026-10-10 10:26,extreme,WL.KMN.01,5.1,13.0,13.0,0,24.0
2026-10-10 10:26,extreme,WL.BNA.01,5.6,11.5,11.6,0,21.0
2026-10-10 10:26,extreme,WL.BOA.01,0.6,2.9,13.3,0,18.0
2026-10-10 10:26,extreme,WL.PSC.01,2.7,12.8,12.8,0,15.0
2026-10-10 10:26,extreme,RW28,2.7,12.8,12.8,0,15.0
2026-10-10 10:26,extreme,WL.JRN.01,1.5,2.6,7.6,0,9.0
2026-10-10 10:26,extreme,WL.LPN.01,3.6,7.6,7.6,0,9.0
2026-10-10 10:26,extreme,RE01,1.6,7.6,7.6,0,9.0
2026-10-10 10:26,extreme,WL.SBT.01,1.1,5.1,5.1,0,6.0
2026-10-10 10:26,extreme,WL.RHN.01,2.7,4.1,4.1,0,6.0
2026-10-10 10:26,extreme,RW29,0.7,3.4,3.4,0,4.0
2026-10-10 10:26,extreme,RW21,0.4,1.7,1.7,0,2.0
2026-10-10 10:26,extreme,WL.BKY.01,8.2,12.5,33.5,1,54.0
2026-10-10 10:26,extreme,WL.SSN.01,4.8,4.0,22.5,1,45.0
2026-10-10 10:26,extreme,WL.BKA.01,6.0,1.5,9.8,1,30.0
2026-10-10 10:26,extreme,WL.KKS.04,4.4,3.2,21.2,1,25.0
2026-10-10 10:26,extreme,WL.KKS.01,2.7,0.4,12.8,1,15.0
2026-10-10 10:26,extreme,RW08,2.7,0.6,12.8,1,15.0
2026-10-10 10:26,extreme,WL.SRE.01,0.4,1.3,6.0,1,12.0
2026-10-10 10:26,extreme,WL.BSK.01,0.7,0.0,4.5,1,9.0
2026-10-10 10:26,extreme,RW19,1.1,1.9,5.1,1,6.0
2026-10-10 10:26,extreme,RE07,0.7,1.3,3.4,1,4.0
2026-10-10 10:26,extreme,RW15,0.7,1.1,3.4,1,4.0
2026-10-10 10:26,extreme,RE21,0.3,0.6,1.6,1,1.85
2026-10-10 10:26,extreme,WL.STR.01,2.1,0.0,10.2,2,12.0
2026-10-10 10:26,extreme,RW18,0.7,0.0,3.4,2,4.0
2026-10-10 10:26,extreme,RE32,8.0,4.4,13.7,3,45.0
2026-10-10 10:26,extreme,WL.WSI.01,3.2,1.2,12.7,3,18.0
2026-10-10 10:26,extreme,RW17,1.6,0.0,6.4,3,9.0
2026-10-10 10:26,extreme,RW05,1.1,0.0,2.6,3,6.0
2026-10-10 10:26,extreme,RE26,0.3,0.0,1.3,3,1.5
2026-10-10 10:26,extreme,RE18,1.2,0.0,2.8,4,7.0
2026-10-10 10:26,extreme,RE29,0.3,0.0,1.3,4,1.5
2026-10-10 10:26,extreme,WL.CNS.01,5.3,0.0,9.2,5,30.0
2026-10-10 10:26,extreme,RE28,0.3,0.0,1.3,5,1.5
2026-10-10 10:26,extreme,RE30,0.3,0.0,1.3,5,1.5
2026-10-10 10:26,extreme,RE34,108.0,10.8,87.8,,120.0
2026-10-10 10:26,extreme,RE44,54.0,51.0,51.0,,60.0
2026-10-10 10:26,extreme,RW04,1.6,0.0,2.1,,9.0
2026-10-10 10:26,extreme,RE37,1.4,0.0,1.7,,8.0
2026-10-10 10:26,extreme,RE19,1.1,0.0,2.0,,6.0
2026-10-10 10:26,extreme,RW12,0.7,0.0,1.1,,4.0
2026-10-10 10:26,extreme,RW03,0.4,0.0,0.6,,2.0
2026-10-10 10:26,extreme,RW35,0.4,0.0,1.1,,2.0
2026-10-10 10:26,extreme,RW09,0.2,0.7,0.8,,1.0
2026-10-10 10:26,extreme,RW36,0.2,0.0,0.8,,1.0
2026-10-10 11:08,forecast,WL.BSU.01,6.0,25.5,25.5,0,51.0
2026-10-10 11:08,forecast,WL.KTY.01,5.3,25.5,25.5,0,30.0
2026-10-10 11:08,forecast,TN.PRM,5.3,22.0,25.5,0,30.0
2026-10-10 11:08,forecast,WL.KMN.01,5.1,13.0,13.0,0,24.0
2026-10-10 11:08,forecast,WL.LPN.01,3.6,7.6,7.6,0,9.0
2026-10-10 11:08,forecast,WL.SBT.01,1.1,5.1,5.1,0,6.0
2026-10-10 11:08,forecast,WL.RHN.01,2.7,4.1,4.1,0,6.0
2026-10-10 11:08,forecast,RW21,0.4,1.7,1.7,0,2.0
2026-10-10 11:08,forecast,WL.BOA.01,0.6,2.0,7.2,1,18.0
2026-10-10 11:08,forecast,WL.PSC.01,2.7,0.0,12.8,1,15.0
2026-10-10 11:08,forecast,RE01,1.6,0.0,7.6,1,9.0
2026-10-10 11:08,forecast,RE07,0.7,0.0,3.4,1,4.0
2026-10-10 11:08,forecast,WL.BNA.01,5.6,0.0,11.6,2,21.0
2026-10-10 11:08,forecast,RW28,2.7,0.0,5.7,3,15.0
2026-10-10 11:08,forecast,RW29,0.7,0.0,3.4,3,4.0
2026-10-10 11:08,forecast,WL.CPA.01,8.0,0.0,14.3,4,45.0
2026-10-10 11:08,forecast,WL.RMT.01,7.2,0.0,14.7,4,30.0
2026-10-10 11:08,forecast,WL.STR.01,2.1,0.0,3.8,4,12.0
2026-10-10 11:08,forecast,WL.JRN.01,1.5,0.0,3.0,4,9.0
2026-10-10 11:08,forecast,RW19,1.1,0.0,2.9,4,6.0
2026-10-10 11:08,forecast,RE21,0.3,0.0,1.6,4,1.85
2026-10-10 11:08,forecast,WL.KKS.04,4.4,0.0,9.0,5,25.0
2026-10-10 11:08,forecast,RE34,108.0,7.3,43.7,,120.0
2026-10-10 11:08,forecast,RE44,54.0,51.0,51.0,,60.0
2026-10-10 11:08,forecast,TN.NBN,10.7,9.2,16.3,,60.0
2026-10-10 11:08,forecast,WL.BKY.01,8.2,0.0,8.6,,54.0
2026-10-10 11:08,forecast,WL.SSN.01,4.8,0.0,6.8,,45.0
2026-10-10 11:08,forecast,WL.DKN.01,5.5,0.0,9.7,,45.0
2026-10-10 11:08,forecast,WL.SNC.01,13.4,0.0,12.6,,45.0
2026-10-10 11:08,forecast,RE32,8.0,0.0,7.1,,45.0
2026-10-10 11:08,forecast,WL.BKA.01,6.0,0.0,8.7,,30.0
2026-10-10 11:08,forecast,WL.CNS.01,5.3,0.0,2.5,,30.0
2026-10-10 11:08,forecast,WL.WSI.01,3.2,0.0,4.6,,18.0
2026-10-10 11:08,forecast,WL.KKS.01,2.7,0.0,1.1,,15.0
2026-10-10 11:08,forecast,RW08,2.7,0.0,0.9,,15.0
2026-10-10 11:08,forecast,WL.BSK.01,0.7,0.0,1.1,,9.0
2026-10-10 11:08,forecast,RW04,1.6,0.0,0.8,,9.0
2026-10-10 11:08,forecast,RW17,1.6,0.0,2.4,,9.0
2026-10-10 11:08,forecast,RE37,1.4,0.0,0.6,,8.0
2026-10-10 11:08,forecast,RE18,1.2,0.0,1.0,,7.0
2026-10-10 11:08,forecast,RE19,1.1,0.0,0.7,,6.0
2026-10-10 11:08,forecast,RW05,1.1,0.0,1.0,,6.0
2026-10-10 11:08,forecast,RW15,0.7,0.0,1.3,,4.0
2026-10-10 11:08,forecast,RW18,0.7,0.0,0.9,,4.0
2026-10-10 11:08,forecast,RW09,0.2,0.0,0.8,,1.0
2026-10-10 11:08,extreme,TN.NBN,10.7,19.7,23.9,0,60.0
2026-10-10 11:08,extreme,WL.BSU.01,6.0,25.5,25.5,0,51.0
2026-10-10 11:08,extreme,WL.CPA.01,8.0,23.8,38.2,0,45.0
2026-10-10 11:08,extreme,WL.DKN.01,5.5,20.5,22.5,0,45.0
2026-10-10 11:08,extreme,WL.KTY.01,5.3,25.5,25.5,0,30.0
2026-10-10 11:08,extreme,WL.RMT.01,7.2,19.2,19.2,0,30.0
2026-10-10 11:08,extreme,TN.PRM,5.3,25.5,25.5,0,30.0
2026-10-10 11:08,extreme,WL.KMN.01,5.1,13.0,13.0,0,24.0
2026-10-10 11:08,extreme,WL.BNA.01,5.6,11.5,11.6,0,21.0
2026-10-10 11:08,extreme,WL.BOA.01,0.6,2.9,13.3,0,18.0
2026-10-10 11:08,extreme,WL.PSC.01,2.7,12.8,12.8,0,15.0
2026-10-10 11:08,extreme,RW28,2.7,12.8,12.8,0,15.0
2026-10-10 11:08,extreme,WL.JRN.01,1.5,2.6,7.6,0,9.0
2026-10-10 11:08,extreme,WL.LPN.01,3.6,7.6,7.6,0,9.0
2026-10-10 11:08,extreme,RE01,1.6,7.6,7.6,0,9.0
2026-10-10 11:08,extreme,WL.SBT.01,1.1,5.1,5.1,0,6.0
2026-10-10 11:08,extreme,WL.RHN.01,2.7,4.1,4.1,0,6.0
2026-10-10 11:08,extreme,RW29,0.7,3.4,3.4,0,4.0
2026-10-10 11:08,extreme,RW21,0.4,1.7,1.7,0,2.0
2026-10-10 11:08,extreme,WL.BKY.01,8.2,12.1,33.5,1,54.0
2026-10-10 11:08,extreme,WL.SSN.01,4.8,4.0,22.5,1,45.0
2026-10-10 11:08,extreme,WL.SNC.01,13.4,17.7,31.5,1,45.0
2026-10-10 11:08,extreme,WL.BKA.01,6.0,1.3,9.8,1,30.0
2026-10-10 11:08,extreme,WL.KKS.04,4.4,3.5,21.2,1,25.0
2026-10-10 11:08,extreme,WL.KKS.01,2.7,0.4,12.8,1,15.0
2026-10-10 11:08,extreme,RW08,2.7,0.6,12.8,1,15.0
2026-10-10 11:08,extreme,WL.SRE.01,0.4,1.3,6.0,1,12.0
2026-10-10 11:08,extreme,WL.BSK.01,0.7,0.0,4.5,1,9.0
2026-10-10 11:08,extreme,RW19,1.1,1.9,5.1,1,6.0
2026-10-10 11:08,extreme,RE07,0.7,1.3,3.4,1,4.0
2026-10-10 11:08,extreme,RW15,0.7,1.1,3.4,1,4.0
2026-10-10 11:08,extreme,RE21,0.3,0.8,1.6,1,1.85
2026-10-10 11:08,extreme,WL.STR.01,2.1,0.0,10.2,2,12.0
2026-10-10 11:08,extreme,RE32,8.0,4.5,13.7,3,45.0
2026-10-10 11:08,extreme,WL.WSI.01,3.2,1.2,12.7,3,18.0
2026-10-10 11:08,extreme,RW17,1.6,0.0,6.7,3,9.0
2026-10-10 11:08,extreme,RW05,1.1,0.0,2.6,3,6.0
2026-10-10 11:08,extreme,RE26,0.3,0.0,1.3,3,1.5
2026-10-10 11:08,extreme,RE18,1.2,0.0,2.8,4,7.0
2026-10-10 11:08,extreme,RW18,0.7,0.0,2.9,4,4.0
2026-10-10 11:08,extreme,RE28,0.3,0.0,1.3,4,1.5
2026-10-10 11:08,extreme,RE30,0.3,0.0,1.3,4,1.5
2026-10-10 11:08,extreme,WL.CNS.01,5.3,0.0,9.2,5,30.0
2026-10-10 11:08,extreme,RE29,0.3,0.0,1.3,5,1.5
2026-10-10 11:08,extreme,RE34,108.0,10.7,87.8,,120.0
2026-10-10 11:08,extreme,RE44,54.0,51.0,51.0,,60.0
2026-10-10 11:08,extreme,RW04,1.6,0.0,2.1,,9.0
2026-10-10 11:08,extreme,RE37,1.4,0.0,1.7,,8.0
2026-10-10 11:08,extreme,RE19,1.1,0.0,2.0,,6.0
2026-10-10 11:08,extreme,RW12,0.7,0.0,1.1,,4.0
2026-10-10 11:08,extreme,RW03,0.4,0.0,0.6,,2.0
2026-10-10 11:08,extreme,RW34,0.4,0.0,0.7,,2.0
2026-10-10 11:08,extreme,RW35,0.4,0.0,1.1,,2.0
2026-10-10 11:08,extreme,RW09,0.2,0.7,0.8,,1.0
2026-10-10 11:08,extreme,RW36,0.2,0.0,0.8,,1.0
2026-10-10 11:26,forecast,WL.BSU.01,6.0,25.5,25.5,0,51.0
2026-10-10 11:26,forecast,WL.KTY.01,5.3,25.5,25.5,0,30.0
2026-10-10 11:26,forecast,TN.PRM,5.3,23.7,25.5,0,30.0
2026-10-10 11:26,forecast,WL.KMN.01,5.1,13.0,13.0,0,24.0
2026-10-10 11:26,forecast,WL.LPN.01,3.6,7.6,7.6,0,9.0
2026-10-10 11:26,forecast,WL.SBT.01,1.1,5.1,5.1,0,6.0
2026-10-10 11:26,forecast,WL.RHN.01,2.7,4.1,4.1,0,6.0
2026-10-10 11:26,forecast,RW21,0.4,1.7,1.7,0,2.0
2026-10-10 11:26,forecast,WL.BOA.01,0.6,1.9,7.3,1,18.0
2026-10-10 11:26,forecast,WL.PSC.01,2.7,0.0,12.8,1,15.0
2026-10-10 11:26,forecast,RE01,1.6,0.0,7.6,1,9.0
2026-10-10 11:26,forecast,RE07,0.7,0.0,3.4,1,4.0
2026-10-10 11:26,forecast,WL.BNA.01,5.6,0.0,11.6,2,21.0
2026-10-10 11:26,forecast,RW29,0.7,0.0,3.4,2,4.0
2026-10-10 11:26,forecast,RW28,2.7,0.0,5.8,3,15.0
2026-10-10 11:26,forecast,WL.JRN.01,1.5,0.0,3.0,3,9.0
2026-10-10 11:26,forecast,RW19,1.1,0.0,2.9,3,6.0
2026-10-10 11:26,forecast,WL.CPA.01,8.0,0.0,14.1,4,45.0
2026-10-10 11:26,forecast,WL.RMT.01,7.2,0.5,15.5,4,30.0
2026-10-10 11:26,forecast,WL.STR.01,2.1,0.0,4.1,4,12.0
2026-10-10 11:26,forecast,RW18,0.7,0.0,2.5,4,4.0
2026-10-10 11:26,forecast,RE21,0.3,0.0,1.6,4,1.85
2026-10-10 11:26,forecast,TN.NBN,10.7,9.2,18.2,5,60.0
2026-10-10 11:26,forecast,WL.KKS.04,4.4,0.0,8.8,5,25.0
2026-10-10 11:26,forecast,RE34,108.0,7.3,44.0,,120.0
2026-10-10 11:26,forecast,RE44,54.0,51.0,51.0,,60.0
2026-10-10 11:26,forecast,WL.BKY.01,8.2,0.0,8.2,,54.0
2026-10-10 11:26,forecast,WL.SSN.01,4.8,0.0,7.3,,45.0
2026-10-10 11:26,forecast,WL.DKN.01,5.5,0.0,8.9,,45.0
2026-10-10 11:26,forecast,WL.SNC.01,13.4,0.0,12.4,,45.0
2026-10-10 11:26,forecast,RE32,8.0,0.0,7.6,,45.0
2026-10-10 11:26,forecast,WL.BKA.01,6.0,0.0,8.7,,30.0
2026-10-10 11:26,forecast,WL.CNS.01,5.3,0.0,1.8,,30.0
2026-10-10 11:26,forecast,WL.WSI.01,3.2,0.0,4.2,,18.0
2026-10-10 11:26,forecast,WL.KKS.01,2.7,0.0,1.0,,15.0
2026-10-10 11:26,forecast,RW08,2.7,0.0,0.9,,15.0
2026-10-10 11:26,forecast,WL.BSK.01,0.7,0.0,0.8,,9.0
2026-10-10 11:26,forecast,RW04,1.6,0.0,0.8,,9.0
2026-10-10 11:26,forecast,RW17,1.6,0.0,2.2,,9.0
2026-10-10 11:26,forecast,RE37,1.4,0.0,0.6,,8.0
2026-10-10 11:26,forecast,RE18,1.2,0.0,1.0,,7.0
2026-10-10 11:26,forecast,RE19,1.1,0.0,0.7,,6.0
2026-10-10 11:26,forecast,RW05,1.1,0.0,1.0,,6.0
2026-10-10 11:26,forecast,RW15,0.7,0.0,1.0,,4.0
2026-10-10 11:26,forecast,RW09,0.2,0.0,0.8,,1.0
2026-10-10 11:26,extreme,TN.NBN,10.7,19.7,24.1,0,60.0
2026-10-10 11:26,extreme,WL.BKY.01,8.2,14.6,33.5,0,54.0
2026-10-10 11:26,extreme,WL.BSU.01,6.0,25.5,25.5,0,51.0
2026-10-10 11:26,extreme,WL.CPA.01,8.0,34.5,38.2,0,45.0
2026-10-10 11:26,extreme,WL.DKN.01,5.5,22.5,22.5,0,45.0
2026-10-10 11:26,extreme,WL.SNC.01,13.4,27.8,31.5,0,45.0
2026-10-10 11:26,extreme,WL.KTY.01,5.3,25.5,25.5,0,30.0
2026-10-10 11:26,extreme,WL.RMT.01,7.2,19.2,19.2,0,30.0
2026-10-10 11:26,extreme,TN.PRM,5.3,25.5,25.5,0,30.0
2026-10-10 11:26,extreme,WL.KMN.01,5.1,13.0,13.0,0,24.0
2026-10-10 11:26,extreme,WL.BNA.01,5.6,11.4,11.6,0,21.0
2026-10-10 11:26,extreme,WL.BOA.01,0.6,2.5,13.6,0,18.0
2026-10-10 11:26,extreme,WL.PSC.01,2.7,12.8,12.8,0,15.0
2026-10-10 11:26,extreme,RW28,2.7,12.8,12.8,0,15.0
2026-10-10 11:26,extreme,WL.SRE.01,0.4,1.8,6.0,0,12.0
2026-10-10 11:26,extreme,WL.JRN.01,1.5,2.8,7.6,0,9.0
2026-10-10 11:26,extreme,WL.LPN.01,3.6,7.6,7.6,0,9.0
2026-10-10 11:26,extreme,RE01,1.6,7.6,7.6,0,9.0
2026-10-10 11:26,extreme,WL.SBT.01,1.1,5.1,5.1,0,6.0
2026-10-10 11:26,extreme,WL.RHN.01,2.7,4.1,4.1,0,6.0
2026-10-10 11:26,extreme,RW19,1.1,2.2,5.1,0,6.0
2026-10-10 11:26,extreme,RE07,0.7,3.4,3.4,0,4.0
2026-10-10 11:26,extreme,RW29,0.7,3.4,3.4,0,4.0
2026-10-10 11:26,extreme,RW21,0.4,1.7,1.7,0,2.0
2026-10-10 11:26,extreme,WL.SSN.01,4.8,9.2,22.5,1,45.0
2026-10-10 11:26,extreme,WL.BKA.01,6.0,2.9,16.3,1,30.0
2026-10-10 11:26,extreme,WL.KKS.04,4.4,5.7,21.2,1,25.0
2026-10-10 11:26,extreme,WL.KKS.01,2.7,0.9,12.8,1,15.0
2026-10-10 11:26,extreme,RW08,2.7,0.8,12.8,1,15.0
2026-10-10 11:26,extreme,WL.BSK.01,0.7,0.0,4.5,1,9.0
2026-10-10 11:26,extreme,RW15,0.7,1.3,3.4,1,4.0
2026-10-10 11:26,extreme,RE21,0.3,1.2,1.6,1,1.85
2026-10-10 11:26,extreme,WL.STR.01,2.1,0.0,10.2,2,12.0
2026-10-10 11:26,extreme,RE32,8.0,7.6,13.9,3,45.0
2026-10-10 11:26,extreme,WL.WSI.01,3.2,1.0,12.8,3,18.0
2026-10-10 11:26,extreme,RW17,1.6,0.0,7.0,3,9.0
2026-10-10 11:26,extreme,RE18,1.2,0.0,2.9,3,7.0
2026-10-10 11:26,extreme,RW05,1.1,0.0,2.8,3,6.0
2026-10-10 11:26,extreme,RW18,0.7,0.0,2.4,3,4.0
2026-10-10 11:26,extreme,RE26,0.3,0.0,1.3,3,1.5
2026-10-10 11:26,extreme,WL.CNS.01,5.3,0.0,8.7,4,30.0
2026-10-10 11:26,extreme,RE28,0.3,0.0,1.3,4,1.5
2026-10-10 11:26,extreme,RE30,0.3,0.0,1.3,4,1.5
2026-10-10 11:26,extreme,RE34,108.0,11.0,89.2,,120.0
2026-10-10 11:26,extreme,RE44,54.0,51.0,51.0,,60.0
2026-10-10 11:26,extreme,RW04,1.6,0.0,2.3,,9.0
2026-10-10 11:26,extreme,RE37,1.4,0.0,1.8,,8.0
2026-10-10 11:26,extreme,RE19,1.1,0.0,2.0,,6.0
2026-10-10 11:26,extreme,RW12,0.7,0.0,1.0,,4.0
2026-10-10 11:26,extreme,RW03,0.4,0.0,0.7,,2.0
2026-10-10 11:26,extreme,RW34,0.4,0.0,0.7,,2.0
2026-10-10 11:26,extreme,RW35,0.4,0.0,1.2,,2.0
2026-10-10 11:26,extreme,RE29,0.3,0.0,1.2,,1.5
2026-10-10 11:26,extreme,RW09,0.2,0.8,0.8,,1.0
2026-10-10 11:26,extreme,RW36,0.2,0.0,0.8,,1.0
2026-10-10 11:33,forecast,WL.BSU.01,6.0,25.5,25.5,0,51.0
2026-10-10 11:33,forecast,WL.KTY.01,5.3,25.5,25.5,0,30.0
2026-10-10 11:33,forecast,TN.PRM,5.3,23.7,25.5,0,30.0
2026-10-10 11:33,forecast,WL.KMN.01,5.1,13.0,13.0,0,24.0
2026-10-10 11:33,forecast,WL.LPN.01,3.6,7.6,7.6,0,9.0
2026-10-10 11:33,forecast,WL.SBT.01,1.1,5.1,5.1,0,6.0
2026-10-10 11:33,forecast,WL.RHN.01,2.7,4.1,4.1,0,6.0
2026-10-10 11:33,forecast,RW21,0.4,1.7,1.7,0,2.0
2026-10-10 11:33,forecast,WL.BOA.01,0.6,1.9,7.3,1,18.0
2026-10-10 11:33,forecast,WL.PSC.01,2.7,0.0,12.8,1,15.0
2026-10-10 11:33,forecast,RE01,1.6,0.0,7.6,1,9.0
2026-10-10 11:33,forecast,RE07,0.7,0.0,3.4,1,4.0
2026-10-10 11:33,forecast,WL.BNA.01,5.6,0.0,11.6,2,21.0
2026-10-10 11:33,forecast,RW29,0.7,0.0,3.4,2,4.0
2026-10-10 11:33,forecast,RW28,2.7,0.0,5.8,3,15.0
2026-10-10 11:33,forecast,WL.JRN.01,1.5,0.0,3.0,3,9.0
2026-10-10 11:33,forecast,RW19,1.1,0.0,2.9,3,6.0
2026-10-10 11:33,forecast,WL.CPA.01,8.0,0.0,14.1,4,45.0
2026-10-10 11:33,forecast,WL.RMT.01,7.2,0.5,15.5,4,30.0
2026-10-10 11:33,forecast,WL.STR.01,2.1,0.0,4.1,4,12.0
2026-10-10 11:33,forecast,RW18,0.7,0.0,2.5,4,4.0
2026-10-10 11:33,forecast,RE21,0.3,0.0,1.6,4,1.85
2026-10-10 11:33,forecast,TN.NBN,10.7,9.2,18.2,5,60.0
2026-10-10 11:33,forecast,WL.KKS.04,4.4,0.0,8.8,5,25.0
2026-10-10 11:33,forecast,RE34,108.0,7.3,44.0,,120.0
2026-10-10 11:33,forecast,RE44,54.0,51.0,51.0,,60.0
2026-10-10 11:33,forecast,WL.BKY.01,8.2,0.0,8.2,,54.0
2026-10-10 11:33,forecast,WL.SSN.01,4.8,0.0,7.3,,45.0
2026-10-10 11:33,forecast,WL.DKN.01,5.5,0.0,8.9,,45.0
2026-10-10 11:33,forecast,WL.SNC.01,13.4,0.0,12.4,,45.0
2026-10-10 11:33,forecast,RE32,8.0,0.0,7.6,,45.0
2026-10-10 11:33,forecast,WL.BKA.01,6.0,0.0,8.7,,30.0
2026-10-10 11:33,forecast,WL.CNS.01,5.3,0.0,1.8,,30.0
2026-10-10 11:33,forecast,WL.WSI.01,3.2,0.0,4.2,,18.0
2026-10-10 11:33,forecast,WL.KKS.01,2.7,0.0,1.0,,15.0
2026-10-10 11:33,forecast,RW08,2.7,0.0,0.9,,15.0
2026-10-10 11:33,forecast,WL.BSK.01,0.7,0.0,0.8,,9.0
2026-10-10 11:33,forecast,RW04,1.6,0.0,0.8,,9.0
2026-10-10 11:33,forecast,RW17,1.6,0.0,2.2,,9.0
2026-10-10 11:33,forecast,RE37,1.4,0.0,0.6,,8.0
2026-10-10 11:33,forecast,RE18,1.2,0.0,1.0,,7.0
2026-10-10 11:33,forecast,RE19,1.1,0.0,0.7,,6.0
2026-10-10 11:33,forecast,RW05,1.1,0.0,1.0,,6.0
2026-10-10 11:33,forecast,RW15,0.7,0.0,1.0,,4.0
2026-10-10 11:33,forecast,RW09,0.2,0.0,0.8,,1.0
2026-10-10 11:33,extreme,TN.NBN,10.7,19.7,24.1,0,60.0
2026-10-10 11:33,extreme,WL.BKY.01,8.2,14.6,33.5,0,54.0
2026-10-10 11:33,extreme,WL.BSU.01,6.0,25.5,25.5,0,51.0
2026-10-10 11:33,extreme,WL.CPA.01,8.0,34.5,38.2,0,45.0
2026-10-10 11:33,extreme,WL.DKN.01,5.5,22.5,22.5,0,45.0
2026-10-10 11:33,extreme,WL.SNC.01,13.4,27.8,31.5,0,45.0
2026-10-10 11:33,extreme,WL.KTY.01,5.3,25.5,25.5,0,30.0
2026-10-10 11:33,extreme,WL.RMT.01,7.2,19.2,19.2,0,30.0
2026-10-10 11:33,extreme,TN.PRM,5.3,25.5,25.5,0,30.0
2026-10-10 11:33,extreme,WL.KMN.01,5.1,13.0,13.0,0,24.0
2026-10-10 11:33,extreme,WL.BNA.01,5.6,11.4,11.6,0,21.0
2026-10-10 11:33,extreme,WL.BOA.01,0.6,2.5,13.6,0,18.0
2026-10-10 11:33,extreme,WL.PSC.01,2.7,12.8,12.8,0,15.0
2026-10-10 11:33,extreme,RW28,2.7,12.8,12.8,0,15.0
2026-10-10 11:33,extreme,WL.SRE.01,0.4,1.8,6.0,0,12.0
2026-10-10 11:33,extreme,WL.JRN.01,1.5,2.8,7.6,0,9.0
2026-10-10 11:33,extreme,WL.LPN.01,3.6,7.6,7.6,0,9.0
2026-10-10 11:33,extreme,RE01,1.6,7.6,7.6,0,9.0
2026-10-10 11:33,extreme,WL.SBT.01,1.1,5.1,5.1,0,6.0
2026-10-10 11:33,extreme,WL.RHN.01,2.7,4.1,4.1,0,6.0
2026-10-10 11:33,extreme,RW19,1.1,2.2,5.1,0,6.0
2026-10-10 11:33,extreme,RE07,0.7,3.4,3.4,0,4.0
2026-10-10 11:33,extreme,RW29,0.7,3.4,3.4,0,4.0
2026-10-10 11:33,extreme,RW21,0.4,1.7,1.7,0,2.0
2026-10-10 11:33,extreme,WL.SSN.01,4.8,9.2,22.5,1,45.0
2026-10-10 11:33,extreme,WL.BKA.01,6.0,2.9,16.3,1,30.0
2026-10-10 11:33,extreme,WL.KKS.04,4.4,5.7,21.2,1,25.0
2026-10-10 11:33,extreme,WL.KKS.01,2.7,0.9,12.8,1,15.0
2026-10-10 11:33,extreme,RW08,2.7,0.8,12.8,1,15.0
2026-10-10 11:33,extreme,WL.BSK.01,0.7,0.0,4.5,1,9.0
2026-10-10 11:33,extreme,RW15,0.7,1.3,3.4,1,4.0
2026-10-10 11:33,extreme,RE21,0.3,1.2,1.6,1,1.85
2026-10-10 11:33,extreme,WL.STR.01,2.1,0.0,10.2,2,12.0
2026-10-10 11:33,extreme,RE32,8.0,7.6,13.9,3,45.0
2026-10-10 11:33,extreme,WL.WSI.01,3.2,1.0,12.8,3,18.0
2026-10-10 11:33,extreme,RW17,1.6,0.0,7.0,3,9.0
2026-10-10 11:33,extreme,RE18,1.2,0.0,2.9,3,7.0
2026-10-10 11:33,extreme,RW05,1.1,0.0,2.8,3,6.0
2026-10-10 11:33,extreme,RW18,0.7,0.0,2.4,3,4.0
2026-10-10 11:33,extreme,RE26,0.3,0.0,1.3,3,1.5
2026-10-10 11:33,extreme,WL.CNS.01,5.3,0.0,8.7,4,30.0
2026-10-10 11:33,extreme,RE28,0.3,0.0,1.3,4,1.5
2026-10-10 11:33,extreme,RE30,0.3,0.0,1.3,4,1.5
2026-10-10 11:33,extreme,RE34,108.0,11.0,89.2,,120.0
2026-10-10 11:33,extreme,RE44,54.0,51.0,51.0,,60.0
2026-10-10 11:33,extreme,RW04,1.6,0.0,2.3,,9.0
2026-10-10 11:33,extreme,RE37,1.4,0.0,1.8,,8.0
2026-10-10 11:33,extreme,RE19,1.1,0.0,2.0,,6.0
2026-10-10 11:33,extreme,RW12,0.7,0.0,1.0,,4.0
2026-10-10 11:33,extreme,RW03,0.4,0.0,0.7,,2.0
2026-10-10 11:33,extreme,RW34,0.4,0.0,0.7,,2.0
2026-10-10 11:33,extreme,RW35,0.4,0.0,1.2,,2.0
2026-10-10 11:33,extreme,RE29,0.3,0.0,1.2,,1.5
2026-10-10 11:33,extreme,RW09,0.2,0.8,0.8,,1.0
2026-10-10 11:33,extreme,RW36,0.2,0.0,0.8,,1.0
2026-10-10 12:26,forecast,WL.BSU.01,6.0,25.5,25.5,0,51.0
2026-10-10 12:26,forecast,WL.KTY.01,5.3,25.5,25.5,0,30.0
2026-10-10 12:26,forecast,TN.PRM,5.3,24.7,25.5,0,30.0
2026-10-10 12:26,forecast,WL.KMN.01,5.1,13.0,13.0,0,24.0
2026-10-10 12:26,forecast,WL.LPN.01,3.6,7.6,7.6,0,9.0
2026-10-10 12:26,forecast,WL.SBT.01,1.1,5.1,5.1,0,6.0
2026-10-10 12:26,forecast,WL.RHN.01,2.7,4.1,4.1,0,6.0
2026-10-10 12:26,forecast,RW21,0.4,1.7,1.7,0,2.0
2026-10-10 12:26,forecast,WL.BNA.01,5.6,0.0,11.6,1,21.0
2026-10-10 12:26,forecast,WL.BOA.01,0.6,2.3,7.2,1,18.0
2026-10-10 12:26,forecast,WL.PSC.01,2.7,1.8,12.8,1,15.0
2026-10-10 12:26,forecast,RE01,1.6,0.0,7.6,1,9.0
2026-10-10 12:26,forecast,RE07,0.7,0.0,3.4,1,4.0
2026-10-10 12:26,forecast,RW28,2.7,0.0,5.7,2,15.0
2026-10-10 12:26,forecast,RW29,0.7,0.0,3.4,2,4.0
2026-10-10 12:26,forecast,WL.JRN.01,1.5,0.0,3.0,3,9.0
2026-10-10 12:26,forecast,RW19,1.1,0.0,2.9,3,6.0
2026-10-10 12:26,forecast,TN.NBN,10.7,9.3,17.9,4,60.0
2026-10-10 12:26,forecast,WL.CPA.01,8.0,0.0,14.5,4,45.0
2026-10-10 12:26,forecast,WL.RMT.01,7.2,0.6,19.2,4,30.0
2026-10-10 12:26,forecast,WL.STR.01,2.1,0.0,3.9,4,12.0
2026-10-10 12:26,forecast,RE21,0.3,0.0,1.6,4,1.85
2026-10-10 12:26,forecast,WL.KKS.04,4.4,0.0,7.7,5,25.0
2026-10-10 12:26,forecast,RE34,108.0,7.3,43.6,,120.0
2026-10-10 12:26,forecast,RE44,54.0,51.0,51.0,,60.0
2026-10-10 12:26,forecast,WL.BKY.01,8.2,0.0,8.1,,54.0
2026-10-10 12:26,forecast,WL.SSN.01,4.8,0.0,7.1,,45.0
2026-10-10 12:26,forecast,WL.DKN.01,5.5,0.0,8.8,,45.0
2026-10-10 12:26,forecast,WL.SNC.01,13.4,0.0,12.4,,45.0
2026-10-10 12:26,forecast,RE32,8.0,0.0,7.2,,45.0
2026-10-10 12:26,forecast,WL.BKA.01,6.0,0.0,8.7,,30.0
2026-10-10 12:26,forecast,WL.CNS.01,5.3,0.0,2.5,,30.0
2026-10-10 12:26,forecast,WL.WSI.01,3.2,0.0,4.2,,18.0
2026-10-10 12:26,forecast,WL.KKS.01,2.7,0.0,1.0,,15.0
2026-10-10 12:26,forecast,RW08,2.7,0.0,0.9,,15.0
2026-10-10 12:26,forecast,WL.BSK.01,0.7,0.0,0.9,,9.0
2026-10-10 12:26,forecast,RW04,1.6,0.0,0.8,,9.0
2026-10-10 12:26,forecast,RW17,1.6,0.0,2.5,,9.0
2026-10-10 12:26,forecast,RE37,1.4,0.0,0.6,,8.0
2026-10-10 12:26,forecast,RE18,1.2,0.0,1.0,,7.0
2026-10-10 12:26,forecast,RE19,1.1,0.0,0.7,,6.0
2026-10-10 12:26,forecast,RW05,1.1,0.0,1.0,,6.0
2026-10-10 12:26,forecast,RW15,0.7,0.0,1.0,,4.0
2026-10-10 12:26,forecast,RW18,0.7,0.0,0.9,,4.0
2026-10-10 12:26,forecast,RW09,0.2,0.0,0.8,,1.0
2026-10-10 12:26,extreme,TN.NBN,10.7,20.1,23.9,0,60.0
2026-10-10 12:26,extreme,WL.BKY.01,8.2,33.5,33.5,0,54.0
2026-10-10 12:26,extreme,WL.BSU.01,6.0,25.5,25.5,0,51.0
2026-10-10 12:26,extreme,WL.SSN.01,4.8,22.5,22.5,0,45.0
2026-10-10 12:26,extreme,WL.CPA.01,8.0,38.2,38.2,0,45.0
2026-10-10 12:26,extreme,WL.DKN.01,5.5,22.5,22.5,0,45.0
2026-10-10 12:26,extreme,WL.SNC.01,13.4,31.5,31.5,0,45.0
2026-10-10 12:26,extreme,WL.KTY.01,5.3,25.5,25.5,0,30.0
2026-10-10 12:26,extreme,WL.RMT.01,7.2,19.2,19.2,0,30.0
2026-10-10 12:26,extreme,TN.PRM,5.3,25.5,25.5,0,30.0
2026-10-10 12:26,extreme,WL.KKS.04,4.4,19.0,21.2,0,25.0
2026-10-10 12:26,extreme,WL.KMN.01,5.1,13.0,13.0,0,24.0
2026-10-10 12:26,extreme,WL.BNA.01,5.6,11.6,11.6,0,21.0
2026-10-10 12:26,extreme,WL.BOA.01,0.6,4.0,13.3,0,18.0
2026-10-10 12:26,extreme,WL.KKS.01,2.7,9.3,12.8,0,15.0
2026-10-10 12:26,extreme,WL.PSC.01,2.7,12.8,12.8,0,15.0
2026-10-10 12:26,extreme,RW08,2.7,12.8,12.8,0,15.0
2026-10-10 12:26,extreme,RW28,2.7,12.8,12.8,0,15.0
2026-10-10 12:26,extreme,WL.SRE.01,0.4,6.0,6.0,0,12.0
2026-10-10 12:26,extreme,WL.JRN.01,1.5,7.6,7.6,0,9.0
2026-10-10 12:26,extreme,WL.LPN.01,3.6,7.6,7.6,0,9.0
2026-10-10 12:26,extreme,WL.BSK.01,0.7,4.5,4.5,0,9.0
2026-10-10 12:26,extreme,RE01,1.6,7.6,7.6,0,9.0
2026-10-10 12:26,extreme,WL.SBT.01,1.1,5.1,5.1,0,6.0
2026-10-10 12:26,extreme,WL.RHN.01,2.7,4.1,4.1,0,6.0
2026-10-10 12:26,extreme,RW19,1.1,5.1,5.1,0,6.0
2026-10-10 12:26,extreme,RE07,0.7,3.4,3.4,0,4.0
2026-10-10 12:26,extreme,RW15,0.7,3.4,3.4,0,4.0
2026-10-10 12:26,extreme,RW29,0.7,3.4,3.4,0,4.0
2026-10-10 12:26,extreme,RW21,0.4,1.7,1.7,0,2.0
2026-10-10 12:26,extreme,RE21,0.3,1.6,1.6,0,1.85
2026-10-10 12:26,extreme,WL.BKA.01,6.0,3.3,9.9,1,30.0
2026-10-10 12:26,extreme,WL.WSI.01,3.2,2.8,12.8,2,18.0
2026-10-10 12:26,extreme,WL.STR.01,2.1,0.0,10.2,2,12.0
2026-10-10 12:26,extreme,RW17,1.6,0.0,6.9,2,9.0
2026-10-10 12:26,extreme,RE32,8.0,9.9,13.7,3,45.0
2026-10-10 12:26,extreme,RE18,1.2,0.0,2.8,3,7.0
2026-10-10 12:26,extreme,RW05,1.1,0.0,2.8,3,6.0
2026-10-10 12:26,extreme,RW18,0.7,0.0,2.6,3,4.0
2026-10-10 12:26,extreme,RE26,0.3,0.0,1.3,3,1.5
2026-10-10 12:26,extreme,WL.CNS.01,5.3,0.0,9.1,4,30.0
2026-10-10 12:26,extreme,RE28,0.3,0.0,1.3,4,1.5
2026-10-10 12:26,extreme,RE29,0.3,0.0,1.3,4,1.5
2026-10-10 12:26,extreme,RE30,0.3,0.0,1.3,4,1.5
2026-10-10 12:26,extreme,RE34,108.0,16.1,88.0,,120.0
2026-10-10 12:26,extreme,RE44,54.0,51.0,51.0,,60.0
2026-10-10 12:26,extreme,RW04,1.6,0.0,2.2,,9.0
2026-10-10 12:26,extreme,RE37,1.4,0.0,1.7,,8.0
2026-10-10 12:26,extreme,RE19,1.1,0.2,2.0,,6.0
2026-10-10 12:26,extreme,RW12,0.7,0.0,1.0,,4.0
2026-10-10 12:26,extreme,RW03,0.4,0.0,0.6,,2.0
2026-10-10 12:26,extreme,RW34,0.4,0.0,0.6,,2.0
2026-10-10 12:26,extreme,RW35,0.4,0.0,1.2,,2.0
2026-10-10 12:26,extreme,RW09,0.2,0.8,0.8,,1.0
2026-10-10 12:26,extreme,RW36,0.2,0.0,0.8,,1.0
2026-10-10 12:33,forecast,WL.BSU.01,6.0,25.5,25.5,0,51.0
2026-10-10 12:33,forecast,WL.KTY.01,5.3,25.5,25.5,0,30.0
2026-10-10 12:33,forecast,TN.PRM,5.3,24.7,25.5,0,30.0
2026-10-10 12:33,forecast,WL.KMN.01,5.1,13.0,13.0,0,24.0
2026-10-10 12:33,forecast,WL.LPN.01,3.6,7.6,7.6,0,9.0
2026-10-10 12:33,forecast,WL.SBT.01,1.1,5.1,5.1,0,6.0
2026-10-10 12:33,forecast,WL.RHN.01,2.7,4.1,4.1,0,6.0
2026-10-10 12:33,forecast,RW21,0.4,1.7,1.7,0,2.0
2026-10-10 12:33,forecast,WL.BNA.01,5.6,0.0,11.6,1,21.0
2026-10-10 12:33,forecast,WL.BOA.01,0.6,2.3,7.2,1,18.0
2026-10-10 12:33,forecast,WL.PSC.01,2.7,1.8,12.8,1,15.0
2026-10-10 12:33,forecast,RE01,1.6,0.0,7.6,1,9.0
2026-10-10 12:33,forecast,RE07,0.7,0.0,3.4,1,4.0
2026-10-10 12:33,forecast,RW28,2.7,0.0,5.7,2,15.0
2026-10-10 12:33,forecast,RW29,0.7,0.0,3.4,2,4.0
2026-10-10 12:33,forecast,WL.JRN.01,1.5,0.0,3.0,3,9.0
2026-10-10 12:33,forecast,RW19,1.1,0.0,2.9,3,6.0
2026-10-10 12:33,forecast,TN.NBN,10.7,9.3,17.9,4,60.0
2026-10-10 12:33,forecast,WL.CPA.01,8.0,0.0,14.5,4,45.0
2026-10-10 12:33,forecast,WL.RMT.01,7.2,0.6,19.2,4,30.0
2026-10-10 12:33,forecast,WL.STR.01,2.1,0.0,3.9,4,12.0
2026-10-10 12:33,forecast,RE21,0.3,0.0,1.6,4,1.85
2026-10-10 12:33,forecast,WL.KKS.04,4.4,0.0,7.7,5,25.0
2026-10-10 12:33,forecast,RE34,108.0,7.3,43.6,,120.0
2026-10-10 12:33,forecast,RE44,54.0,51.0,51.0,,60.0
2026-10-10 12:33,forecast,WL.BKY.01,8.2,0.0,8.1,,54.0
2026-10-10 12:33,forecast,WL.SSN.01,4.8,0.0,7.1,,45.0
2026-10-10 12:33,forecast,WL.DKN.01,5.5,0.0,8.8,,45.0
2026-10-10 12:33,forecast,WL.SNC.01,13.4,0.0,12.4,,45.0
2026-10-10 12:33,forecast,RE32,8.0,0.0,7.2,,45.0
2026-10-10 12:33,forecast,WL.BKA.01,6.0,0.0,8.7,,30.0
2026-10-10 12:33,forecast,WL.CNS.01,5.3,0.0,2.5,,30.0
2026-10-10 12:33,forecast,WL.WSI.01,3.2,0.0,4.2,,18.0
2026-10-10 12:33,forecast,WL.KKS.01,2.7,0.0,1.0,,15.0
2026-10-10 12:33,forecast,RW08,2.7,0.0,0.9,,15.0
2026-10-10 12:33,forecast,WL.BSK.01,0.7,0.0,0.9,,9.0
2026-10-10 12:33,forecast,RW04,1.6,0.0,0.8,,9.0
2026-10-10 12:33,forecast,RW17,1.6,0.0,2.5,,9.0
2026-10-10 12:33,forecast,RE37,1.4,0.0,0.6,,8.0
2026-10-10 12:33,forecast,RE18,1.2,0.0,1.0,,7.0
2026-10-10 12:33,forecast,RE19,1.1,0.0,0.7,,6.0
2026-10-10 12:33,forecast,RW05,1.1,0.0,1.0,,6.0
2026-10-10 12:33,forecast,RW15,0.7,0.0,1.0,,4.0
2026-10-10 12:33,forecast,RW18,0.7,0.0,0.9,,4.0
2026-10-10 12:33,forecast,RW09,0.2,0.0,0.8,,1.0
2026-10-10 12:33,extreme,TN.NBN,10.7,20.1,23.9,0,60.0
2026-10-10 12:33,extreme,WL.BKY.01,8.2,33.5,33.5,0,54.0
2026-10-10 12:33,extreme,WL.BSU.01,6.0,25.5,25.5,0,51.0
2026-10-10 12:33,extreme,WL.SSN.01,4.8,22.5,22.5,0,45.0
2026-10-10 12:33,extreme,WL.CPA.01,8.0,38.2,38.2,0,45.0
2026-10-10 12:33,extreme,WL.DKN.01,5.5,22.5,22.5,0,45.0
2026-10-10 12:33,extreme,WL.SNC.01,13.4,31.5,31.5,0,45.0
2026-10-10 12:33,extreme,WL.KTY.01,5.3,25.5,25.5,0,30.0
2026-10-10 12:33,extreme,WL.RMT.01,7.2,19.2,19.2,0,30.0
2026-10-10 12:33,extreme,TN.PRM,5.3,25.5,25.5,0,30.0
2026-10-10 12:33,extreme,WL.KKS.04,4.4,19.0,21.2,0,25.0
2026-10-10 12:33,extreme,WL.KMN.01,5.1,13.0,13.0,0,24.0
2026-10-10 12:33,extreme,WL.BNA.01,5.6,11.6,11.6,0,21.0
2026-10-10 12:33,extreme,WL.BOA.01,0.6,4.0,13.3,0,18.0
2026-10-10 12:33,extreme,WL.KKS.01,2.7,9.3,12.8,0,15.0
2026-10-10 12:33,extreme,WL.PSC.01,2.7,12.8,12.8,0,15.0
2026-10-10 12:33,extreme,RW08,2.7,12.8,12.8,0,15.0
2026-10-10 12:33,extreme,RW28,2.7,12.8,12.8,0,15.0
2026-10-10 12:33,extreme,WL.SRE.01,0.4,6.0,6.0,0,12.0
2026-10-10 12:33,extreme,WL.JRN.01,1.5,7.6,7.6,0,9.0
2026-10-10 12:33,extreme,WL.LPN.01,3.6,7.6,7.6,0,9.0
2026-10-10 12:33,extreme,WL.BSK.01,0.7,4.5,4.5,0,9.0
2026-10-10 12:33,extreme,RE01,1.6,7.6,7.6,0,9.0
2026-10-10 12:33,extreme,WL.SBT.01,1.1,5.1,5.1,0,6.0
2026-10-10 12:33,extreme,WL.RHN.01,2.7,4.1,4.1,0,6.0
2026-10-10 12:33,extreme,RW19,1.1,5.1,5.1,0,6.0
2026-10-10 12:33,extreme,RE07,0.7,3.4,3.4,0,4.0
2026-10-10 12:33,extreme,RW15,0.7,3.4,3.4,0,4.0
2026-10-10 12:33,extreme,RW29,0.7,3.4,3.4,0,4.0
2026-10-10 12:33,extreme,RW21,0.4,1.7,1.7,0,2.0
2026-10-10 12:33,extreme,RE21,0.3,1.6,1.6,0,1.85
2026-10-10 12:33,extreme,WL.BKA.01,6.0,3.3,9.9,1,30.0
2026-10-10 12:33,extreme,WL.WSI.01,3.2,2.8,12.8,2,18.0
2026-10-10 12:33,extreme,WL.STR.01,2.1,0.0,10.2,2,12.0
2026-10-10 12:33,extreme,RW17,1.6,0.0,6.9,2,9.0
2026-10-10 12:33,extreme,RE32,8.0,9.9,13.7,3,45.0
2026-10-10 12:33,extreme,RE18,1.2,0.0,2.8,3,7.0
2026-10-10 12:33,extreme,RW05,1.1,0.0,2.8,3,6.0
2026-10-10 12:33,extreme,RW18,0.7,0.0,2.6,3,4.0
2026-10-10 12:33,extreme,RE26,0.3,0.0,1.3,3,1.5
2026-10-10 12:33,extreme,WL.CNS.01,5.3,0.0,9.1,4,30.0
2026-10-10 12:33,extreme,RE28,0.3,0.0,1.3,4,1.5
2026-10-10 12:33,extreme,RE29,0.3,0.0,1.3,4,1.5
2026-10-10 12:33,extreme,RE30,0.3,0.0,1.3,4,1.5
2026-10-10 12:33,extreme,RE34,108.0,16.1,88.0,,120.0
2026-10-10 12:33,extreme,RE44,54.0,51.0,51.0,,60.0
2026-10-10 12:33,extreme,RW04,1.6,0.0,2.2,,9.0
2026-10-10 12:33,extreme,RE37,1.4,0.0,1.7,,8.0
2026-10-10 12:33,extreme,RE19,1.1,0.2,2.0,,6.0
2026-10-10 12:33,extreme,RW12,0.7,0.0,1.0,,4.0
2026-10-10 12:33,extreme,RW03,0.4,0.0,0.6,,2.0
2026-10-10 12:33,extreme,RW34,0.4,0.0,0.6,,2.0
2026-10-10 12:33,extreme,RW35,0.4,0.0,1.2,,2.0
2026-10-10 12:33,extreme,RW09,0.2,0.8,0.8,,1.0
2026-10-10 12:33,extreme,RW36,0.2,0.0,0.8,,1.0
2026-10-10 13:27,forecast,WL.BSU.01,6.0,25.5,25.5,0,51.0
2026-10-10 13:27,forecast,WL.KTY.01,5.3,25.5,25.5,0,30.0
2026-10-10 13:27,forecast,TN.PRM,5.3,25.5,25.5,0,30.0
2026-10-10 13:27,forecast,WL.KMN.01,5.1,13.0,13.0,0,24.0
2026-10-10 13:27,forecast,WL.BOA.01,0.6,2.6,7.2,0,18.0
2026-10-10 13:27,forecast,WL.PSC.01,2.7,5.1,12.8,0,15.0
2026-10-10 13:27,forecast,WL.LPN.01,3.6,7.6,7.6,0,9.0
2026-10-10 13:27,forecast,WL.SBT.01,1.1,5.1,5.1,0,6.0
2026-10-10 13:27,forecast,WL.RHN.01,2.7,4.1,4.1,0,6.0
2026-10-10 13:27,forecast,RW21,0.4,1.7,1.7,0,2.0
2026-10-10 13:27,forecast,WL.BNA.01,5.6,0.0,11.6,1,21.0
2026-10-10 13:27,forecast,RE01,1.6,0.0,7.6,1,9.0
2026-10-10 13:27,forecast,RE07,0.7,0.0,3.4,1,4.0
2026-10-10 13:27,forecast,RW28,2.7,0.0,5.6,2,15.0
2026-10-10 13:27,forecast,RW29,0.7,0.0,3.4,2,4.0
2026-10-10 13:27,forecast,WL.CPA.01,8.0,0.0,14.4,3,45.0
2026-10-10 13:27,forecast,WL.RMT.01,7.2,0.6,19.2,3,30.0
2026-10-10 13:27,forecast,WL.STR.01,2.1,0.0,4.4,3,12.0
2026-10-10 13:27,forecast,WL.JRN.01,1.5,0.0,3.0,3,9.0
2026-10-10 13:27,forecast,RW19,1.1,0.0,2.9,3,6.0
2026-10-10 13:27,forecast,RW18,0.7,0.0,2.3,3,4.0
2026-10-10 13:27,forecast,TN.NBN,10.7,9.3,18.6,4,60.0
2026-10-10 13:27,forecast,RE21,0.3,0.0,1.6,4,1.85
2026-10-10 13:27,forecast,RE34,108.0,7.3,43.6,,120.0
2026-10-10 13:27,forecast,RE44,54.0,51.0,51.0,,60.0
2026-10-10 13:27,forecast,WL.BKY.01,8.2,0.0,8.1,,54.0
2026-10-10 13:27,forecast,WL.SSN.01,4.8,0.0,6.8,,45.0
2026-10-10 13:27,forecast,WL.DKN.01,5.5,0.0,9.3,,45.0
2026-10-10 13:27,forecast,WL.SNC.01,13.4,0.0,12.4,,45.0
2026-10-10 13:27,forecast,RE32,8.0,0.0,7.1,,45.0
2026-10-10 13:27,forecast,WL.BKA.01,6.0,0.5,8.7,,30.0
2026-10-10 13:27,forecast,WL.CNS.01,5.3,0.0,1.9,,30.0
2026-10-10 13:27,forecast,WL.KKS.04,4.4,0.0,6.9,,25.0
2026-10-10 13:27,forecast,WL.WSI.01,3.2,0.0,4.4,,18.0
2026-10-10 13:27,forecast,WL.KKS.01,2.7,0.0,1.0,,15.0
2026-10-10 13:27,forecast,RW08,2.7,0.0,0.9,,15.0
2026-10-10 13:27,forecast,WL.BSK.01,0.7,0.0,1.0,,9.0
2026-10-10 13:27,forecast,RW04,1.6,0.0,0.8,,9.0
2026-10-10 13:27,forecast,RW17,1.6,0.0,2.4,,9.0
2026-10-10 13:27,forecast,RE37,1.4,0.0,0.6,,8.0
2026-10-10 13:27,forecast,RE18,1.2,0.0,1.0,,7.0
2026-10-10 13:27,forecast,RE19,1.1,0.0,0.7,,6.0
2026-10-10 13:27,forecast,RW05,1.1,0.0,1.0,,6.0
2026-10-10 13:27,forecast,RW15,0.7,0.0,0.9,,4.0
2026-10-10 13:27,forecast,RW09,0.2,0.0,0.8,,1.0
2026-10-10 13:27,extreme,TN.NBN,10.7,20.3,23.9,0,60.0
2026-10-10 13:27,extreme,WL.BKY.01,8.2,33.5,33.5,0,54.0
2026-10-10 13:27,extreme,WL.BSU.01,6.0,25.5,25.5,0,51.0
2026-10-10 13:27,extreme,WL.SSN.01,4.8,22.5,22.5,0,45.0
2026-10-10 13:27,extreme,WL.CPA.01,8.0,38.2,38.2,0,45.0
2026-10-10 13:27,extreme,WL.DKN.01,5.5,22.5,22.5,0,45.0
2026-10-10 13:27,extreme,WL.SNC.01,13.4,31.5,31.5,0,45.0
2026-10-10 13:27,extreme,WL.KTY.01,5.3,25.5,25.5,0,30.0
2026-10-10 13:27,extreme,WL.RMT.01,7.2,19.2,19.2,0,30.0
2026-10-10 13:27,extreme,TN.PRM,5.3,25.5,25.5,0,30.0
2026-10-10 13:27,extreme,WL.KKS.04,4.4,21.2,21.2,0,25.0
2026-10-10 13:27,extreme,WL.KMN.01,5.1,13.0,13.0,0,24.0
2026-10-10 13:27,extreme,WL.BNA.01,5.6,11.6,11.6,0,21.0
2026-10-10 13:27,extreme,WL.BOA.01,0.6,4.8,13.3,0,18.0
2026-10-10 13:27,extreme,WL.KKS.01,2.7,12.8,12.8,0,15.0
2026-10-10 13:27,extreme,WL.PSC.01,2.7,12.8,12.8,0,15.0
2026-10-10 13:27,extreme,RW08,2.7,12.8,12.8,0,15.0
2026-10-10 13:27,extreme,RW28,2.7,12.8,12.8,0,15.0
2026-10-10 13:27,extreme,WL.SRE.01,0.4,6.0,6.0,0,12.0
2026-10-10 13:27,extreme,WL.JRN.01,1.5,7.6,7.6,0,9.0
2026-10-10 13:27,extreme,WL.LPN.01,3.6,7.6,7.6,0,9.0
2026-10-10 13:27,extreme,WL.BSK.01,0.7,4.5,4.5,0,9.0
2026-10-10 13:27,extreme,RE01,1.6,7.6,7.6,0,9.0
2026-10-10 13:27,extreme,WL.SBT.01,1.1,5.1,5.1,0,6.0
2026-10-10 13:27,extreme,WL.RHN.01,2.7,4.1,4.1,0,6.0
2026-10-10 13:27,extreme,RW19,1.1,5.1,5.1,0,6.0
2026-10-10 13:27,extreme,RE07,0.7,3.4,3.4,0,4.0
2026-10-10 13:27,extreme,RW15,0.7,3.4,3.4,0,4.0
2026-10-10 13:27,extreme,RW29,0.7,3.4,3.4,0,4.0
2026-10-10 13:27,extreme,RW21,0.4,1.7,1.7,0,2.0
2026-10-10 13:27,extreme,RE21,0.3,1.6,1.6,0,1.85
2026-10-10 13:27,extreme,WL.BKA.01,6.0,4.1,9.8,1,30.0
2026-10-10 13:27,extreme,RE32,8.0,10.3,13.7,2,45.0
2026-10-10 13:27,extreme,WL.WSI.01,3.2,3.2,13.0,2,18.0
2026-10-10 13:27,extreme,WL.STR.01,2.1,0.0,10.2,2,12.0
2026-10-10 13:27,extreme,RW17,1.6,0.0,6.7,2,9.0
2026-10-10 13:27,extreme,RW05,1.1,0.7,2.6,2,6.0
2026-10-10 13:27,extreme,RW18,0.7,0.0,3.4,2,4.0
2026-10-10 13:27,extreme,RE18,1.2,0.0,2.8,3,7.0
2026-10-10 13:27,extreme,RE26,0.3,0.0,1.3,3,1.5
2026-10-10 13:27,extreme,WL.CNS.01,5.3,0.0,9.2,4,30.0
2026-10-10 13:27,extreme,RE28,0.3,0.0,1.3,4,1.5
2026-10-10 13:27,extreme,RE29,0.3,0.0,1.3,4,1.5
2026-10-10 13:27,extreme,RE30,0.3,0.0,1.3,4,1.5
2026-10-10 13:27,extreme,RE34,108.0,19.7,87.8,,120.0
2026-10-10 13:27,extreme,RE44,54.0,51.0,51.0,,60.0
2026-10-10 13:27,extreme,RW04,1.6,0.4,2.1,,9.0
2026-10-10 13:27,extreme,RE37,1.4,0.0,1.7,,8.0
2026-10-10 13:27,extreme,RE19,1.1,0.4,2.0,,6.0
2026-10-10 13:27,extreme,RW12,0.7,0.0,1.1,,4.0
2026-10-10 13:27,extreme,RW03,0.4,0.0,0.6,,2.0
2026-10-10 13:27,extreme,RW34,0.4,0.0,0.7,,2.0
2026-10-10 13:27,extreme,RW35,0.4,0.0,1.1,,2.0
2026-10-10 13:27,extreme,RW09,0.2,0.8,0.8,,1.0
2026-10-10 13:27,extreme,RW36,0.2,0.0,0.8,,1.0
2026-10-10 13:34,forecast,WL.BSU.01,6.0,25.5,25.5,0,51.0
2026-10-10 13:34,forecast,WL.KTY.01,5.3,25.5,25.5,0,30.0
2026-10-10 13:34,forecast,TN.PRM,5.3,25.5,25.5,0,30.0
2026-10-10 13:34,forecast,WL.KMN.01,5.1,13.0,13.0,0,24.0
2026-10-10 13:34,forecast,WL.BOA.01,0.6,2.6,7.2,0,18.0
2026-10-10 13:34,forecast,WL.PSC.01,2.7,5.1,12.8,0,15.0
2026-10-10 13:34,forecast,WL.LPN.01,3.6,7.6,7.6,0,9.0
2026-10-10 13:34,forecast,WL.SBT.01,1.1,5.1,5.1,0,6.0
2026-10-10 13:34,forecast,WL.RHN.01,2.7,4.1,4.1,0,6.0
2026-10-10 13:34,forecast,RW21,0.4,1.7,1.7,0,2.0
2026-10-10 13:34,forecast,WL.BNA.01,5.6,0.0,11.6,1,21.0
2026-10-10 13:34,forecast,RE01,1.6,0.0,7.6,1,9.0
2026-10-10 13:34,forecast,RE07,0.7,0.0,3.4,1,4.0
2026-10-10 13:34,forecast,RW28,2.7,0.0,5.6,2,15.0
2026-10-10 13:34,forecast,RW29,0.7,0.0,3.4,2,4.0
2026-10-10 13:34,forecast,WL.CPA.01,8.0,0.0,14.4,3,45.0
2026-10-10 13:34,forecast,WL.RMT.01,7.2,0.6,19.2,3,30.0
2026-10-10 13:34,forecast,WL.STR.01,2.1,0.0,4.4,3,12.0
2026-10-10 13:34,forecast,WL.JRN.01,1.5,0.0,3.0,3,9.0
2026-10-10 13:34,forecast,RW19,1.1,0.0,2.9,3,6.0
2026-10-10 13:34,forecast,RW18,0.7,0.0,2.3,3,4.0
2026-10-10 13:34,forecast,TN.NBN,10.7,9.3,18.6,4,60.0
2026-10-10 13:34,forecast,RE21,0.3,0.0,1.6,4,1.85
2026-10-10 13:34,forecast,RE34,108.0,7.3,43.6,,120.0
2026-10-10 13:34,forecast,RE44,54.0,51.0,51.0,,60.0
2026-10-10 13:34,forecast,WL.BKY.01,8.2,0.0,8.1,,54.0
2026-10-10 13:34,forecast,WL.SSN.01,4.8,0.0,6.8,,45.0
2026-10-10 13:34,forecast,WL.DKN.01,5.5,0.0,9.3,,45.0
2026-10-10 13:34,forecast,WL.SNC.01,13.4,0.0,12.4,,45.0
2026-10-10 13:34,forecast,RE32,8.0,0.0,7.1,,45.0
2026-10-10 13:34,forecast,WL.BKA.01,6.0,0.5,8.7,,30.0
2026-10-10 13:34,forecast,WL.CNS.01,5.3,0.0,1.9,,30.0
2026-10-10 13:34,forecast,WL.KKS.04,4.4,0.0,6.9,,25.0
2026-10-10 13:34,forecast,WL.WSI.01,3.2,0.0,4.4,,18.0
2026-10-10 13:34,forecast,WL.KKS.01,2.7,0.0,1.0,,15.0
2026-10-10 13:34,forecast,RW08,2.7,0.0,0.9,,15.0
2026-10-10 13:34,forecast,WL.BSK.01,0.7,0.0,1.0,,9.0
2026-10-10 13:34,forecast,RW04,1.6,0.0,0.8,,9.0
2026-10-10 13:34,forecast,RW17,1.6,0.0,2.4,,9.0
2026-10-10 13:34,forecast,RE37,1.4,0.0,0.6,,8.0
2026-10-10 13:34,forecast,RE18,1.2,0.0,1.0,,7.0
2026-10-10 13:34,forecast,RE19,1.1,0.0,0.7,,6.0
2026-10-10 13:34,forecast,RW05,1.1,0.0,1.0,,6.0
2026-10-10 13:34,forecast,RW15,0.7,0.0,0.9,,4.0
2026-10-10 13:34,forecast,RW09,0.2,0.0,0.8,,1.0
2026-10-10 13:34,extreme,TN.NBN,10.7,20.3,23.9,0,60.0
2026-10-10 13:34,extreme,WL.BKY.01,8.2,33.5,33.5,0,54.0
2026-10-10 13:34,extreme,WL.BSU.01,6.0,25.5,25.5,0,51.0
2026-10-10 13:34,extreme,WL.SSN.01,4.8,22.5,22.5,0,45.0
2026-10-10 13:34,extreme,WL.CPA.01,8.0,38.2,38.2,0,45.0
2026-10-10 13:34,extreme,WL.DKN.01,5.5,22.5,22.5,0,45.0
2026-10-10 13:34,extreme,WL.SNC.01,13.4,31.5,31.5,0,45.0
2026-10-10 13:34,extreme,WL.KTY.01,5.3,25.5,25.5,0,30.0
2026-10-10 13:34,extreme,WL.RMT.01,7.2,19.2,19.2,0,30.0
2026-10-10 13:34,extreme,TN.PRM,5.3,25.5,25.5,0,30.0
2026-10-10 13:34,extreme,WL.KKS.04,4.4,21.2,21.2,0,25.0
2026-10-10 13:34,extreme,WL.KMN.01,5.1,13.0,13.0,0,24.0
2026-10-10 13:34,extreme,WL.BNA.01,5.6,11.6,11.6,0,21.0
2026-10-10 13:34,extreme,WL.BOA.01,0.6,4.8,13.3,0,18.0
2026-10-10 13:34,extreme,WL.KKS.01,2.7,12.8,12.8,0,15.0
2026-10-10 13:34,extreme,WL.PSC.01,2.7,12.8,12.8,0,15.0
2026-10-10 13:34,extreme,RW08,2.7,12.8,12.8,0,15.0
2026-10-10 13:34,extreme,RW28,2.7,12.8,12.8,0,15.0
2026-10-10 13:34,extreme,WL.SRE.01,0.4,6.0,6.0,0,12.0
2026-10-10 13:34,extreme,WL.JRN.01,1.5,7.6,7.6,0,9.0
2026-10-10 13:34,extreme,WL.LPN.01,3.6,7.6,7.6,0,9.0
2026-10-10 13:34,extreme,WL.BSK.01,0.7,4.5,4.5,0,9.0
2026-10-10 13:34,extreme,RE01,1.6,7.6,7.6,0,9.0
2026-10-10 13:34,extreme,WL.SBT.01,1.1,5.1,5.1,0,6.0
2026-10-10 13:34,extreme,WL.RHN.01,2.7,4.1,4.1,0,6.0
2026-10-10 13:34,extreme,RW19,1.1,5.1,5.1,0,6.0
2026-10-10 13:34,extreme,RE07,0.7,3.4,3.4,0,4.0
2026-10-10 13:34,extreme,RW15,0.7,3.4,3.4,0,4.0
2026-10-10 13:34,extreme,RW29,0.7,3.4,3.4,0,4.0
2026-10-10 13:34,extreme,RW21,0.4,1.7,1.7,0,2.0
2026-10-10 13:34,extreme,RE21,0.3,1.6,1.6,0,1.85
2026-10-10 13:34,extreme,WL.BKA.01,6.0,4.1,9.8,1,30.0
2026-10-10 13:34,extreme,RE32,8.0,10.3,13.7,2,45.0
2026-10-10 13:34,extreme,WL.WSI.01,3.2,3.2,13.0,2,18.0
2026-10-10 13:34,extreme,WL.STR.01,2.1,0.0,10.2,2,12.0
2026-10-10 13:34,extreme,RW17,1.6,0.0,6.7,2,9.0
2026-10-10 13:34,extreme,RW05,1.1,0.7,2.6,2,6.0
2026-10-10 13:34,extreme,RW18,0.7,0.0,3.4,2,4.0
2026-10-10 13:34,extreme,RE18,1.2,0.0,2.8,3,7.0
2026-10-10 13:34,extreme,RE26,0.3,0.0,1.3,3,1.5
2026-10-10 13:34,extreme,WL.CNS.01,5.3,0.0,9.2,4,30.0
2026-10-10 13:34,extreme,RE28,0.3,0.0,1.3,4,1.5
2026-10-10 13:34,extreme,RE29,0.3,0.0,1.3,4,1.5
2026-10-10 13:34,extreme,RE30,0.3,0.0,1.3,4,1.5
2026-10-10 13:34,extreme,RE34,108.0,19.7,87.8,,120.0
2026-10-10 13:34,extreme,RE44,54.0,51.0,51.0,,60.0
2026-10-10 13:34,extreme,RW04,1.6,0.4,2.1,,9.0
2026-10-10 13:34,extreme,RE37,1.4,0.0,1.7,,8.0
2026-10-10 13:34,extreme,RE19,1.1,0.4,2.0,,6.0
2026-10-10 13:34,extreme,RW12,0.7,0.0,1.1,,4.0
2026-10-10 13:34,extreme,RW03,0.4,0.0,0.6,,2.0
2026-10-10 13:34,extreme,RW34,0.4,0.0,0.7,,2.0
2026-10-10 13:34,extreme,RW35,0.4,0.0,1.1,,2.0
2026-10-10 13:34,extreme,RW09,0.2,0.8,0.8,,1.0
2026-10-10 13:34,extreme,RW36,0.2,0.0,0.8,,1.0
2026-10-10 14:27,forecast,WL.BSU.01,6.0,25.5,25.5,0,51.0
2026-10-10 14:27,forecast,WL.KTY.01,5.3,25.5,25.5,0,30.0
2026-10-10 14:27,forecast,TN.PRM,5.3,25.5,25.5,0,30.0
2026-10-10 14:27,forecast,WL.KMN.01,5.1,13.0,13.0,0,24.0
2026-10-10 14:27,forecast,WL.PSC.01,2.7,6.8,12.8,0,15.0
2026-10-10 14:27,forecast,WL.LPN.01,3.6,7.6,7.6,0,9.0
2026-10-10 14:27,forecast,WL.SBT.01,1.1,5.1,5.1,0,6.0
2026-10-10 14:27,forecast,WL.RHN.01,2.7,4.1,4.1,0,6.0
2026-10-10 14:27,forecast,RW21,0.4,1.7,1.7,0,2.0
2026-10-10 14:27,forecast,WL.BNA.01,5.6,0.0,11.6,1,21.0
2026-10-10 14:27,forecast,WL.BOA.01,0.6,2.3,7.2,1,18.0
2026-10-10 14:27,forecast,RE01,1.6,0.0,7.6,1,9.0
2026-10-10 14:27,forecast,RE07,0.7,0.2,3.4,1,4.0
2026-10-10 14:27,forecast,RW29,0.7,0.0,3.4,2,4.0
2026-10-10 14:27,forecast,WL.CPA.01,8.0,0.0,13.6,3,45.0
2026-10-10 14:27,forecast,WL.RMT.01,7.2,0.6,19.2,3,30.0
2026-10-10 14:27,forecast,RW28,2.7,0.0,5.5,3,15.0
2026-10-10 14:27,forecast,WL.STR.01,2.1,0.0,4.1,3,12.0
2026-10-10 14:27,forecast,WL.JRN.01,1.5,0.0,3.0,3,9.0
2026-10-10 14:27,forecast,RW19,1.1,0.0,2.9,3,6.0
2026-10-10 14:27,forecast,RW18,0.7,0.0,2.5,3,4.0
2026-10-10 14:27,forecast,TN.NBN,10.7,9.3,18.2,4,60.0
2026-10-10 14:27,forecast,WL.KKS.04,4.4,0.0,7.6,4,25.0
2026-10-10 14:27,forecast,RE21,0.3,0.0,1.6,4,1.85
2026-10-10 14:27,forecast,RE34,108.0,7.3,43.8,,120.0
2026-10-10 14:27,forecast,RE44,54.0,51.0,51.0,,60.0
2026-10-10 14:27,forecast,WL.BKY.01,8.2,0.0,7.7,,54.0
2026-10-10 14:27,forecast,WL.SSN.01,4.8,0.0,6.2,,45.0
2026-10-10 14:27,forecast,WL.DKN.01,5.5,0.0,8.3,,45.0
2026-10-10 14:27,forecast,WL.SNC.01,13.4,0.0,11.0,,45.0
2026-10-10 14:27,forecast,RE32,8.0,0.0,7.1,,45.0
2026-10-10 14:27,forecast,WL.BKA.01,6.0,3.4,8.7,,30.0
2026-10-10 14:27,forecast,WL.CNS.01,5.3,0.0,1.7,,30.0
2026-10-10 14:27,forecast,WL.WSI.01,3.2,0.0,3.9,,18.0
2026-10-10 14:27,forecast,WL.KKS.01,2.7,0.0,1.0,,15.0
2026-10-10 14:27,forecast,RW08,2.7,0.0,0.9,,15.0
2026-10-10 14:27,forecast,WL.BSK.01,0.7,0.0,0.7,,9.0
2026-10-10 14:27,forecast,RW04,1.6,0.0,0.8,,9.0
2026-10-10 14:27,forecast,RW17,1.6,0.0,2.2,,9.0
2026-10-10 14:27,forecast,RE37,1.4,0.0,0.6,,8.0
2026-10-10 14:27,forecast,RE18,1.2,0.0,0.9,,7.0
2026-10-10 14:27,forecast,RE19,1.1,0.0,0.7,,6.0
2026-10-10 14:27,forecast,RW05,1.1,0.0,1.0,,6.0
2026-10-10 14:27,forecast,RW15,0.7,0.0,1.2,,4.0
2026-10-10 14:27,forecast,RW09,0.2,0.0,0.8,,1.0
2026-10-10 14:27,extreme,TN.NBN,10.7,20.1,24.1,0,60.0
2026-10-10 14:27,extreme,WL.BKY.01,8.2,33.5,33.5,0,54.0
2026-10-10 14:27,extreme,WL.BSU.01,6.0,25.5,25.5,0,51.0
2026-10-10 14:27,extreme,WL.SSN.01,4.8,22.5,22.5,0,45.0
2026-10-10 14:27,extreme,WL.CPA.01,8.0,38.2,38.2,0,45.0
2026-10-10 14:27,extreme,WL.DKN.01,5.5,22.5,22.5,0,45.0
2026-10-10 14:27,extreme,WL.SNC.01,13.4,31.5,31.5,0,45.0
2026-10-10 14:27,extreme,WL.KTY.01,5.3,25.5,25.5,0,30.0
2026-10-10 14:27,extreme,WL.RMT.01,7.2,19.2,19.2,0,30.0
2026-10-10 14:27,extreme,TN.PRM,5.3,25.5,25.5,0,30.0
2026-10-10 14:27,extreme,WL.KKS.04,4.4,21.2,21.2,0,25.0
2026-10-10 14:27,extreme,WL.KMN.01,5.1,13.0,13.0,0,24.0
2026-10-10 14:27,extreme,WL.BNA.01,5.6,11.6,11.6,0,21.0
2026-10-10 14:27,extreme,WL.BOA.01,0.6,4.0,13.6,0,18.0
2026-10-10 14:27,extreme,WL.KKS.01,2.7,12.8,12.8,0,15.0
2026-10-10 14:27,extreme,WL.PSC.01,2.7,12.8,12.8,0,15.0
2026-10-10 14:27,extreme,RW08,2.7,12.8,12.8,0,15.0
2026-10-10 14:27,extreme,RW28,2.7,12.8,12.8,0,15.0
2026-10-10 14:27,extreme,WL.SRE.01,0.4,6.0,6.0,0,12.0
2026-10-10 14:27,extreme,WL.JRN.01,1.5,7.6,7.6,0,9.0
2026-10-10 14:27,extreme,WL.LPN.01,3.6,7.6,7.6,0,9.0
2026-10-10 14:27,extreme,WL.BSK.01,0.7,4.5,4.5,0,9.0
2026-10-10 14:27,extreme,RE01,1.6,7.6,7.6,0,9.0
2026-10-10 14:27,extreme,WL.SBT.01,1.1,5.1,5.1,0,6.0
2026-10-10 14:27,extreme,WL.RHN.01,2.7,4.1,4.1,0,6.0
2026-10-10 14:27,extreme,RW19,1.1,5.1,5.1,0,6.0
2026-10-10 14:27,extreme,RE07,0.7,3.4,3.4,0,4.0
2026-10-10 14:27,extreme,RW15,0.7,3.4,3.4,0,4.0
2026-10-10 14:27,extreme,RW29,0.7,3.4,3.4,0,4.0
2026-10-10 14:27,extreme,RW21,0.4,1.7,1.7,0,2.0
2026-10-10 14:27,extreme,RE21,0.3,1.6,1.6,0,1.85
2026-10-10 14:27,extreme,WL.BKA.01,6.0,3.9,16.8,1,30.0
2026-10-10 14:27,extreme,RE32,8.0,10.0,13.9,2,45.0
2026-10-10 14:27,extreme,WL.WSI.01,3.2,2.3,13.0,2,18.0
2026-10-10 14:27,extreme,WL.STR.01,2.1,0.0,10.2,2,12.0
2026-10-10 14:27,extreme,RW17,1.6,0.0,7.0,2,9.0
2026-10-10 14:27,extreme,RE18,1.2,0.0,2.9,2,7.0
2026-10-10 14:27,extreme,RW05,1.1,0.6,2.8,2,6.0
2026-10-10 14:27,extreme,RW18,0.7,0.0,2.4,2,4.0
2026-10-10 14:27,extreme,RE26,0.3,0.0,1.3,3,1.5
2026-10-10 14:27,extreme,RE29,0.3,0.0,1.3,4,1.5
2026-10-10 14:27,extreme,RE34,108.0,16.8,89.2,,120.0
2026-10-10 14:27,extreme,RE44,54.0,51.0,51.0,,60.0
2026-10-10 14:27,extreme,WL.CNS.01,5.3,0.0,8.2,,30.0
2026-10-10 14:27,extreme,RW04,1.6,0.2,2.3,,9.0
2026-10-10 14:27,extreme,RE37,1.4,0.0,1.8,,8.0
2026-10-10 14:27,extreme,RE19,1.1,0.2,2.0,,6.0
2026-10-10 14:27,extreme,RW12,0.7,0.0,0.9,,4.0
2026-10-10 14:27,extreme,RW34,0.4,0.0,0.8,,2.0
2026-10-10 14:27,extreme,RW35,0.4,0.0,1.2,,2.0
2026-10-10 14:27,extreme,RE28,0.3,0.0,1.2,,1.5
2026-10-10 14:27,extreme,RE30,0.3,0.0,1.2,,1.5
2026-10-10 14:27,extreme,RW09,0.2,0.8,0.8,,1.0
2026-10-10 14:27,extreme,RW36,0.2,0.0,0.8,,1.0
2026-10-10 15:27,forecast,WL.BSU.01,6.0,25.5,25.5,0,51.0
2026-10-10 15:27,forecast,WL.KTY.01,5.3,25.5,25.5,0,30.0
2026-10-10 15:27,forecast,TN.PRM,5.3,22.2,25.5,0,30.0
2026-10-10 15:27,forecast,WL.KMN.01,5.1,13.0,13.0,0,24.0
2026-10-10 15:27,forecast,WL.PSC.01,2.7,7.5,12.8,0,15.0
2026-10-10 15:27,forecast,WL.LPN.01,3.6,7.6,7.6,0,9.0
2026-10-10 15:27,forecast,WL.SBT.01,1.1,5.1,5.1,0,6.0
2026-10-10 15:27,forecast,WL.RHN.01,2.7,4.1,4.1,0,6.0
2026-10-10 15:27,forecast,RW21,0.4,1.7,1.7,0,2.0
2026-10-10 15:27,forecast,WL.BOA.01,0.6,2.2,7.9,1,18.0
2026-10-10 15:27,forecast,RE07,0.7,0.0,3.4,1,4.0
2026-10-10 15:27,forecast,WL.RMT.01,7.2,0.6,19.2,2,30.0
2026-10-10 15:27,forecast,WL.BNA.01,5.6,0.0,11.6,2,21.0
2026-10-10 15:27,forecast,RE01,1.6,0.0,7.6,2,9.0
2026-10-10 15:27,forecast,RW29,0.7,0.0,3.4,2,4.0
2026-10-10 15:27,forecast,WL.CPA.01,8.0,0.0,13.6,3,45.0
2026-10-10 15:27,forecast,WL.DKN.01,5.5,0.0,11.6,3,45.0
2026-10-10 15:27,forecast,RW28,2.7,0.0,5.5,3,15.0
2026-10-10 15:27,forecast,WL.STR.01,2.1,0.0,4.4,3,12.0
2026-10-10 15:27,forecast,WL.JRN.01,1.5,0.0,3.7,3,9.0
2026-10-10 15:27,forecast,RW17,1.6,0.0,3.2,3,9.0
2026-10-10 15:27,forecast,RW19,1.1,0.0,3.7,3,6.0
2026-10-10 15:27,forecast,RE21,0.3,0.0,1.6,3,1.85
2026-10-10 15:27,forecast,RE34,108.0,7.3,45.7,,120.0
2026-10-10 15:27,forecast,RE44,54.0,51.0,51.0,,60.0
2026-10-10 15:27,forecast,TN.NBN,10.7,9.2,13.1,,60.0
2026-10-10 15:27,forecast,WL.BKY.01,8.2,0.0,7.5,,54.0
2026-10-10 15:27,forecast,WL.SSN.01,4.8,0.0,6.0,,45.0
2026-10-10 15:27,forecast,WL.SNC.01,13.4,0.0,15.7,,45.0
2026-10-10 15:27,forecast,RE32,8.0,0.0,7.4,,45.0
2026-10-10 15:27,forecast,WL.BKA.01,6.0,0.0,8.7,,30.0
2026-10-10 15:27,forecast,WL.CNS.01,5.3,0.0,2.2,,30.0
2026-10-10 15:27,forecast,WL.KKS.04,4.4,0.0,6.6,,25.0
2026-10-10 15:27,forecast,WL.WSI.01,3.2,0.0,4.0,,18.0
2026-10-10 15:27,forecast,WL.KKS.01,2.7,0.0,1.3,,15.0
2026-10-10 15:27,forecast,RW08,2.7,0.0,1.0,,15.0
2026-10-10 15:27,forecast,WL.BSK.01,0.7,0.0,0.7,,9.0
2026-10-10 15:27,forecast,RW04,1.6,0.0,0.9,,9.0
2026-10-10 15:27,forecast,RE37,1.4,0.0,0.8,,8.0
2026-10-10 15:27,forecast,RE18,1.2,0.0,1.0,,7.0
2026-10-10 15:27,forecast,RE19,1.1,0.0,0.8,,6.0
2026-10-10 15:27,forecast,RW05,1.1,0.0,1.1,,6.0
2026-10-10 15:27,forecast,RW15,0.7,0.0,1.3,,4.0
2026-10-10 15:27,forecast,RW18,0.7,0.0,1.1,,4.0
2026-10-10 15:27,forecast,RE26,0.3,0.0,0.5,,1.5
2026-10-10 15:27,forecast,RW09,0.2,0.0,0.8,,1.0
2026-10-10 15:27,extreme,TN.NBN,10.7,20.0,24.6,0,60.0
2026-10-10 15:27,extreme,WL.BKY.01,8.2,33.5,33.5,0,54.0
2026-10-10 15:27,extreme,WL.BSU.01,6.0,25.5,25.5,0,51.0
2026-10-10 15:27,extreme,WL.SSN.01,4.8,22.5,22.5,0,45.0
2026-10-10 15:27,extreme,WL.CPA.01,8.0,38.2,38.2,0,45.0
2026-10-10 15:27,extreme,WL.DKN.01,5.5,22.5,22.5,0,45.0
2026-10-10 15:27,extreme,WL.SNC.01,13.4,31.5,31.5,0,45.0
2026-10-10 15:27,extreme,WL.KTY.01,5.3,25.5,25.5,0,30.0
2026-10-10 15:27,extreme,WL.RMT.01,7.2,19.2,19.2,0,30.0
2026-10-10 15:27,extreme,TN.PRM,5.3,25.5,25.5,0,30.0
2026-10-10 15:27,extreme,WL.KKS.04,4.4,10.5,21.2,0,25.0
2026-10-10 15:27,extreme,WL.KMN.01,5.1,13.0,13.0,0,24.0
2026-10-10 15:27,extreme,WL.BNA.01,5.6,11.5,11.6,0,21.0
2026-10-10 15:27,extreme,WL.BOA.01,0.6,3.5,15.3,0,18.0
2026-10-10 15:27,extreme,WL.PSC.01,2.7,12.8,12.8,0,15.0
2026-10-10 15:27,extreme,RW08,2.7,12.8,12.8,0,15.0
2026-10-10 15:27,extreme,RW28,2.7,12.8,12.8,0,15.0
2026-10-10 15:27,extreme,WL.SRE.01,0.4,6.0,6.0,0,12.0
2026-10-10 15:27,extreme,WL.JRN.01,1.5,7.6,7.6,0,9.0
2026-10-10 15:27,extreme,WL.LPN.01,3.6,7.6,7.6,0,9.0
2026-10-10 15:27,extreme,WL.BSK.01,0.7,4.5,4.5,0,9.0
2026-10-10 15:27,extreme,RE01,1.6,7.6,7.6,0,9.0
2026-10-10 15:27,extreme,WL.SBT.01,1.1,5.1,5.1,0,6.0
2026-10-10 15:27,extreme,WL.RHN.01,2.7,4.1,4.1,0,6.0
2026-10-10 15:27,extreme,RW19,1.1,5.1,5.1,0,6.0
2026-10-10 15:27,extreme,RE07,0.7,3.4,3.4,0,4.0
2026-10-10 15:27,extreme,RW15,0.7,3.4,3.4,0,4.0
2026-10-10 15:27,extreme,RW29,0.7,3.4,3.4,0,4.0
2026-10-10 15:27,extreme,RW21,0.4,1.7,1.7,0,2.0
2026-10-10 15:27,extreme,RE21,0.3,1.6,1.6,0,1.85
2026-10-10 15:27,extreme,WL.KKS.01,2.7,2.3,12.8,1,15.0
2026-10-10 15:27,extreme,RE32,8.0,9.7,14.5,2,45.0
2026-10-10 15:27,extreme,WL.BKA.01,6.0,3.3,10.1,2,30.0
2026-10-10 15:27,extreme,WL.WSI.01,3.2,2.4,15.3,2,18.0
2026-10-10 15:27,extreme,WL.STR.01,2.1,0.0,10.2,2,12.0
2026-10-10 15:27,extreme,RW17,1.6,0.0,7.6,2,9.0
2026-10-10 15:27,extreme,RE18,1.2,0.0,3.3,2,7.0
2026-10-10 15:27,extreme,RW05,1.1,0.0,3.1,2,6.0
2026-10-10 15:27,extreme,RW18,0.7,0.0,3.4,2,4.0
2026-10-10 15:27,extreme,WL.CNS.01,5.3,0.0,10.2,3,30.0
2026-10-10 15:27,extreme,RE19,1.1,0.1,2.4,3,6.0
2026-10-10 15:27,extreme,RE26,0.3,0.0,1.3,3,1.5
2026-10-10 15:27,extreme,RE28,0.3,0.0,1.3,3,1.5
2026-10-10 15:27,extreme,RE29,0.3,0.0,1.3,3,1.5
2026-10-10 15:27,extreme,RE30,0.3,0.0,1.3,3,1.5
2026-10-10 15:27,extreme,RE34,108.0,13.7,92.7,,120.0
2026-10-10 15:27,extreme,RE44,54.0,51.0,51.0,,60.0
2026-10-10 15:27,extreme,RW04,1.6,0.0,2.5,,9.0
2026-10-10 15:27,extreme,RE37,1.4,0.0,2.1,,8.0
2026-10-10 15:27,extreme,RW12,0.7,0.0,1.1,,4.0
2026-10-10 15:27,extreme,RW34,0.4,0.0,0.7,,2.0
2026-10-10 15:27,extreme,RW35,0.4,0.0,1.1,,2.0
2026-10-10 15:27,extreme,RW09,0.2,0.8,0.8,,1.0
2026-10-10 15:27,extreme,RW36,0.2,0.0,0.8,,1.0
2026-10-10 16:27,forecast,WL.BSU.01,6.0,25.5,25.5,0,51.0
2026-10-10 16:27,forecast,WL.KTY.01,5.3,25.5,25.5,0,30.0
2026-10-10 16:27,forecast,TN.PRM,5.3,21.9,25.5,0,30.0
2026-10-10 16:27,forecast,WL.KMN.01,5.1,13.0,13.0,0,24.0
2026-10-10 16:27,forecast,WL.PSC.01,2.7,5.6,12.8,0,15.0
2026-10-10 16:27,forecast,WL.LPN.01,3.6,7.6,7.6,0,9.0
2026-10-10 16:27,forecast,WL.SBT.01,1.1,5.1,5.1,0,6.0
2026-10-10 16:27,forecast,WL.RHN.01,2.7,4.1,4.1,0,6.0
2026-10-10 16:27,forecast,RW21,0.4,1.7,1.7,0,2.0
2026-10-10 16:27,forecast,WL.BNA.01,5.6,0.0,11.6,1,21.0
2026-10-10 16:27,forecast,WL.BOA.01,0.6,1.9,7.4,1,18.0
2026-10-10 16:27,forecast,WL.RMT.01,7.2,0.5,19.2,2,30.0
2026-10-10 16:27,forecast,WL.JRN.01,1.5,0.0,3.2,2,9.0
2026-10-10 16:27,forecast,RW19,1.1,0.0,3.2,2,6.0
2026-10-10 16:27,forecast,RE07,0.7,0.0,3.4,2,4.0
2026-10-10 16:27,forecast,WL.DKN.01,5.5,0.0,10.3,3,45.0
2026-10-10 16:27,forecast,RW28,2.7,0.0,5.2,3,15.0
2026-10-10 16:27,forecast,WL.STR.01,2.1,0.0,3.9,3,12.0
2026-10-10 16:27,forecast,RE01,1.6,0.0,7.6,3,9.0
2026-10-10 16:27,forecast,RW17,1.6,0.0,2.7,3,9.0
2026-10-10 16:27,forecast,RW29,0.7,0.0,3.4,3,4.0
2026-10-10 16:27,forecast,RE21,0.3,0.0,1.6,3,1.85
2026-10-10 16:27,forecast,RE34,108.0,7.3,43.7,,120.0
2026-10-10 16:27,forecast,RE44,54.0,51.0,51.0,,60.0
2026-10-10 16:27,forecast,TN.NBN,10.7,9.2,12.8,,60.0
2026-10-10 16:27,forecast,WL.BKY.01,8.2,0.0,7.4,,54.0
2026-10-10 16:27,forecast,WL.SSN.01,4.8,0.0,5.9,,45.0
2026-10-10 16:27,forecast,WL.CPA.01,8.0,0.0,12.2,,45.0
2026-10-10 16:27,forecast,WL.SNC.01,13.4,0.0,13.9,,45.0
2026-10-10 16:27,forecast,RE32,8.0,0.0,6.9,,45.0
2026-10-10 16:27,forecast,WL.BKA.01,6.0,0.0,8.7,,30.0
2026-10-10 16:27,forecast,WL.CNS.01,5.3,0.0,1.8,,30.0
2026-10-10 16:27,forecast,WL.KKS.04,4.4,0.0,6.5,,25.0
2026-10-10 16:27,forecast,WL.WSI.01,3.2,0.0,3.5,,18.0
2026-10-10 16:27,forecast,WL.KKS.01,2.7,0.0,1.3,,15.0
2026-10-10 16:27,forecast,RW08,2.7,0.0,0.9,,15.0
2026-10-10 16:27,forecast,RW04,1.6,0.0,0.8,,9.0
2026-10-10 16:27,forecast,RE37,1.4,0.0,0.7,,8.0
2026-10-10 16:27,forecast,RE18,1.2,0.0,0.9,,7.0
2026-10-10 16:27,forecast,RE19,1.1,0.0,0.8,,6.0
2026-10-10 16:27,forecast,RW05,1.1,0.0,1.0,,6.0
2026-10-10 16:27,forecast,RW15,0.7,0.0,1.1,,4.0
2026-10-10 16:27,forecast,RW18,0.7,0.0,1.2,,4.0
2026-10-10 16:27,forecast,RE26,0.3,0.0,0.6,,1.5
2026-10-10 16:27,forecast,RW09,0.2,0.0,0.7,,1.0
2026-10-10 16:27,extreme,TN.NBN,10.7,19.7,24.1,0,60.0
2026-10-10 16:27,extreme,WL.BKY.01,8.2,33.5,33.5,0,54.0
2026-10-10 16:27,extreme,WL.BSU.01,6.0,25.5,25.5,0,51.0
2026-10-10 16:27,extreme,WL.SSN.01,4.8,19.5,22.5,0,45.0
2026-10-10 16:27,extreme,WL.CPA.01,8.0,38.2,38.2,0,45.0
2026-10-10 16:27,extreme,WL.DKN.01,5.5,22.5,22.5,0,45.0
2026-10-10 16:27,extreme,WL.SNC.01,13.4,31.5,31.5,0,45.0
2026-10-10 16:27,extreme,WL.KTY.01,5.3,25.5,25.5,0,30.0
2026-10-10 16:27,extreme,WL.RMT.01,7.2,19.2,19.2,0,30.0
2026-10-10 16:27,extreme,TN.PRM,5.3,25.5,25.5,0,30.0
2026-10-10 16:27,extreme,WL.KMN.01,5.1,13.0,13.0,0,24.0
2026-10-10 16:27,extreme,WL.BNA.01,5.6,11.4,11.6,0,21.0
2026-10-10 16:27,extreme,WL.BOA.01,0.6,2.4,14.0,0,18.0
2026-10-10 16:27,extreme,WL.PSC.01,2.7,12.8,12.8,0,15.0
2026-10-10 16:27,extreme,RW08,2.7,12.8,12.8,0,15.0
2026-10-10 16:27,extreme,RW28,2.7,12.8,12.8,0,15.0
2026-10-10 16:27,extreme,WL.SRE.01,0.4,6.0,6.0,0,12.0
2026-10-10 16:27,extreme,WL.JRN.01,1.5,7.6,7.6,0,9.0
2026-10-10 16:27,extreme,WL.LPN.01,3.6,7.6,7.6,0,9.0
2026-10-10 16:27,extreme,WL.BSK.01,0.7,4.5,4.5,0,9.0
2026-10-10 16:27,extreme,RE01,1.6,7.6,7.6,0,9.0
2026-10-10 16:27,extreme,WL.SBT.01,1.1,5.1,5.1,0,6.0
2026-10-10 16:27,extreme,WL.RHN.01,2.7,4.1,4.1,0,6.0
2026-10-10 16:27,extreme,RE07,0.7,3.4,3.4,0,4.0
2026-10-10 16:27,extreme,RW15,0.7,3.4,3.4,0,4.0
2026-10-10 16:27,extreme,RW29,0.7,3.4,3.4,0,4.0
2026-10-10 16:27,extreme,RW21,0.4,1.7,1.7,0,2.0
2026-10-10 16:27,extreme,RE21,0.3,1.6,1.6,0,1.85
2026-10-10 16:27,extreme,WL.KKS.04,4.4,5.7,21.2,1,25.0
2026-10-10 16:27,extreme,WL.KKS.01,2.7,0.7,12.8,1,15.0
2026-10-10 16:27,extreme,RW17,1.6,0.0,7.6,1,9.0
2026-10-10 16:27,extreme,RW19,1.1,2.0,5.1,1,6.0
2026-10-10 16:27,extreme,RE32,8.0,8.1,14.0,2,45.0
2026-10-10 16:27,extreme,WL.BKA.01,6.0,2.9,9.9,2,30.0
2026-10-10 16:27,extreme,WL.WSI.01,3.2,1.2,15.1,2,18.0
2026-10-10 16:27,extreme,WL.STR.01,2.1,0.0,10.2,2,12.0
2026-10-10 16:27,extreme,RE18,1.2,0.0,2.9,2,7.0
2026-10-10 16:27,extreme,RW05,1.1,0.0,2.8,2,6.0
2026-10-10 16:27,extreme,RW18,0.7,0.0,2.7,2,4.0
2026-10-10 16:27,extreme,WL.CNS.01,5.3,0.0,9.1,3,30.0
2026-10-10 16:27,extreme,RE19,1.1,0.0,2.1,3,6.0
2026-10-10 16:27,extreme,RE26,0.3,0.0,1.3,3,1.5
2026-10-10 16:27,extreme,RE28,0.3,0.0,1.3,3,1.5
2026-10-10 16:27,extreme,RE29,0.3,0.0,1.3,3,1.5
2026-10-10 16:27,extreme,RE30,0.3,0.0,1.3,3,1.5
2026-10-10 16:27,extreme,RE34,108.0,10.3,84.4,,120.0
2026-10-10 16:27,extreme,RE44,54.0,51.0,51.0,,60.0
2026-10-10 16:27,extreme,RW04,1.6,0.0,2.3,,9.0
2026-10-10 16:27,extreme,RE37,1.4,0.0,1.9,,8.0
2026-10-10 16:27,extreme,RW12,0.7,0.0,1.1,,4.0
2026-10-10 16:27,extreme,RW34,0.4,0.0,0.6,,2.0
2026-10-10 16:27,extreme,RW35,0.4,0.0,0.9,,2.0
2026-10-10 16:27,extreme,RW09,0.2,0.8,0.8,,1.0
2026-10-10 16:27,extreme,RW36,0.2,0.0,0.8,,1.0
2026-10-10 17:28,forecast,WL.BSU.01,6.0,25.5,25.5,0,51.0
2026-10-10 17:28,forecast,WL.KTY.01,5.3,25.5,25.5,0,30.0
2026-10-10 17:28,forecast,TN.PRM,5.3,21.8,25.5,0,30.0
2026-10-10 17:28,forecast,WL.KMN.01,5.1,13.0,13.0,0,24.0
2026-10-10 17:28,forecast,WL.LPN.01,3.6,7.6,7.6,0,9.0
2026-10-10 17:28,forecast,WL.SBT.01,1.1,5.1,5.1,0,6.0
2026-10-10 17:28,forecast,WL.RHN.01,2.7,4.1,4.1,0,6.0
2026-10-10 17:28,forecast,RW21,0.4,1.7,1.7,0,2.0
2026-10-10 17:28,forecast,WL.BOA.01,0.6,1.7,7.6,1,18.0
2026-10-10 17:28,forecast,WL.PSC.01,2.7,0.6,12.8,1,15.0
2026-10-10 17:28,forecast,RE07,0.7,0.0,3.4,1,4.0
2026-10-10 17:28,forecast,WL.BNA.01,5.6,0.0,11.6,2,21.0
2026-10-10 17:28,forecast,WL.JRN.01,1.5,0.0,3.5,2,9.0
2026-10-10 17:28,forecast,RE01,1.6,0.0,7.6,2,9.0
2026-10-10 17:28,forecast,RW19,1.1,0.0,3.4,2,6.0
2026-10-10 17:28,forecast,WL.CPA.01,8.0,0.0,13.1,3,45.0
2026-10-10 17:28,forecast,WL.RMT.01,7.2,0.4,19.2,3,30.0
2026-10-10 17:28,forecast,WL.STR.01,2.1,0.0,3.7,3,12.0
2026-10-10 17:28,forecast,RW29,0.7,0.0,3.4,3,4.0
2026-10-10 17:28,forecast,RE21,0.3,0.0,1.6,3,1.85
2026-10-10 17:28,forecast,RW28,2.7,0.0,5.3,4,15.0
2026-10-10 17:28,forecast,WL.KKS.04,4.4,0.0,7.2,9,25.0
2026-10-10 17:28,forecast,RE34,108.0,7.2,39.3,,120.0
2026-10-10 17:28,forecast,RE44,54.0,51.0,51.0,,60.0
2026-10-10 17:28,forecast,TN.NBN,10.7,9.1,12.5,,60.0
2026-10-10 17:28,forecast,WL.BKY.01,8.2,0.0,7.7,,54.0
2026-10-10 17:28,forecast,WL.SSN.01,4.8,0.0,6.7,,45.0
2026-10-10 17:28,forecast,WL.DKN.01,5.5,0.0,8.8,,45.0
2026-10-10 17:28,forecast,WL.SNC.01,13.4,0.0,13.2,,45.0
2026-10-10 17:28,forecast,RE32,8.0,0.0,6.8,,45.0
2026-10-10 17:28,forecast,WL.BKA.01,6.0,0.0,8.7,,30.0
2026-10-10 17:28,forecast,WL.CNS.01,5.3,0.0,2.0,,30.0
2026-10-10 17:28,forecast,WL.WSI.01,3.2,0.0,3.5,,18.0
2026-10-10 17:28,forecast,WL.KKS.01,2.7,0.0,1.4,,15.0
2026-10-10 17:28,forecast,RW08,2.7,0.0,0.8,,15.0
2026-10-10 17:28,forecast,WL.BSK.01,0.7,0.0,0.5,,9.0
2026-10-10 17:28,forecast,RW04,1.6,0.0,0.8,,9.0
2026-10-10 17:28,forecast,RW17,1.6,0.0,2.6,,9.0
2026-10-10 17:28,forecast,RE37,1.4,0.0,0.6,,8.0
2026-10-10 17:28,forecast,RE18,1.2,0.0,1.0,,7.0
2026-10-10 17:28,forecast,RE19,1.1,0.0,0.8,,6.0
2026-10-10 17:28,forecast,RW05,1.1,0.0,1.0,,6.0
2026-10-10 17:28,forecast,RW15,0.7,0.0,1.3,,4.0
2026-10-10 17:28,forecast,RW18,0.7,0.0,0.9,,4.0
2026-10-10 17:28,forecast,RW09,0.2,0.0,0.7,,1.0
2026-10-10 17:28,extreme,TN.NBN,10.7,19.6,24.5,0,60.0
2026-10-10 17:28,extreme,WL.BKY.01,8.2,21.2,33.5,0,54.0
2026-10-10 17:28,extreme,WL.BSU.01,6.0,25.5,25.5,0,51.0
2026-10-10 17:28,extreme,WL.SSN.01,4.8,18.2,22.5,0,45.0
2026-10-10 17:28,extreme,WL.CPA.01,8.0,35.5,38.2,0,45.0
2026-10-10 17:28,extreme,WL.DKN.01,5.5,22.5,22.5,0,45.0
2026-10-10 17:28,extreme,WL.SNC.01,13.4,31.5,31.5,0,45.0
2026-10-10 17:28,extreme,WL.KTY.01,5.3,25.5,25.5,0,30.0
2026-10-10 17:28,extreme,WL.RMT.01,7.2,19.2,19.2,0,30.0
2026-10-10 17:28,extreme,TN.PRM,5.3,25.5,25.5,0,30.0
2026-10-10 17:28,extreme,WL.KMN.01,5.1,13.0,13.0,0,24.0
2026-10-10 17:28,extreme,WL.BNA.01,5.6,11.4,11.6,0,21.0
2026-10-10 17:28,extreme,WL.PSC.01,2.7,12.8,12.8,0,15.0
2026-10-10 17:28,extreme,RW28,2.7,12.8,12.8,0,15.0
2026-10-10 17:28,extreme,WL.SRE.01,0.4,5.2,6.0,0,12.0
2026-10-10 17:28,extreme,WL.JRN.01,1.5,4.7,7.6,0,9.0
2026-10-10 17:28,extreme,WL.LPN.01,3.6,7.6,7.6,0,9.0
2026-10-10 17:28,extreme,RE01,1.6,7.6,7.6,0,9.0
2026-10-10 17:28,extreme,WL.SBT.01,1.1,5.1,5.1,0,6.0
2026-10-10 17:28,extreme,WL.RHN.01,2.7,4.1,4.1,0,6.0
2026-10-10 17:28,extreme,RE07,0.7,2.8,3.4,0,4.0
2026-10-10 17:28,extreme,RW15,0.7,3.4,3.4,0,4.0
2026-10-10 17:28,extreme,RW29,0.7,3.4,3.4,0,4.0
2026-10-10 17:28,extreme,RW21,0.4,1.7,1.7,0,2.0
2026-10-10 17:28,extreme,RE32,8.0,6.4,14.3,1,45.0
2026-10-10 17:28,extreme,WL.BKA.01,6.0,2.9,9.9,1,30.0
2026-10-10 17:28,extreme,WL.KKS.04,4.4,4.8,21.2,1,25.0
2026-10-10 17:28,extreme,WL.BOA.01,0.6,2.1,15.2,1,18.0
2026-10-10 17:28,extreme,WL.KKS.01,2.7,0.6,12.8,1,15.0
2026-10-10 17:28,extreme,RW08,2.7,1.0,12.8,1,15.0
2026-10-10 17:28,extreme,WL.STR.01,2.1,0.0,10.2,1,12.0
2026-10-10 17:28,extreme,WL.BSK.01,0.7,0.0,4.5,1,9.0
2026-10-10 17:28,extreme,RW17,1.6,0.0,7.6,1,9.0
2026-10-10 17:28,extreme,RW19,1.1,1.8,5.1,1,6.0
2026-10-10 17:28,extreme,RE21,0.3,1.1,1.6,1,1.85
2026-10-10 17:28,extreme,WL.WSI.01,3.2,1.1,15.3,2,18.0
2026-10-10 17:28,extreme,RE18,1.2,0.0,3.1,2,7.0
2026-10-10 17:28,extreme,RE19,1.1,0.0,2.2,2,6.0
2026-10-10 17:28,extreme,RW05,1.1,0.0,2.8,2,6.0
2026-10-10 17:28,extreme,RW18,0.7,0.0,3.4,2,4.0
2026-10-10 17:28,extreme,RE26,0.3,0.0,1.3,2,1.5
2026-10-10 17:28,extreme,RE30,0.3,0.0,1.3,2,1.5
2026-10-10 17:28,extreme,WL.CNS.01,5.3,0.0,8.6,3,30.0
2026-10-10 17:28,extreme,RE28,0.3,0.0,1.3,3,1.5
2026-10-10 17:28,extreme,RE29,0.3,0.0,1.3,3,1.5
2026-10-10 17:28,extreme,RE34,108.0,10.1,85.8,,120.0
2026-10-10 17:28,extreme,RE44,54.0,51.0,51.0,,60.0
2026-10-10 17:28,extreme,RW04,1.6,0.0,2.2,,9.0
2026-10-10 17:28,extreme,RE37,1.4,0.0,2.1,,8.0
2026-10-10 17:28,extreme,RW12,0.7,0.0,1.0,,4.0
2026-10-10 17:28,extreme,RW34,0.4,0.0,0.6,,2.0
2026-10-10 17:28,extreme,RW35,0.4,0.0,1.0,,2.0
2026-10-10 17:28,extreme,RW09,0.2,0.8,0.8,,1.0
2026-10-10 17:28,extreme,RW36,0.2,0.0,0.8,,1.0
2026-10-10 18:27,forecast,WL.BSU.01,6.0,25.5,25.5,0,51.0
2026-10-10 18:27,forecast,WL.KTY.01,5.3,25.5,25.5,0,30.0
2026-10-10 18:27,forecast,TN.PRM,5.3,21.9,25.5,0,30.0
2026-10-10 18:27,forecast,WL.KMN.01,5.1,13.0,13.0,0,24.0
2026-10-10 18:27,forecast,WL.LPN.01,3.6,7.6,7.6,0,9.0
2026-10-10 18:27,forecast,WL.SBT.01,1.1,5.1,5.1,0,6.0
2026-10-10 18:27,forecast,WL.RHN.01,2.7,4.1,4.1,0,6.0
2026-10-10 18:27,forecast,RW21,0.4,1.7,1.7,0,2.0
2026-10-10 18:27,forecast,WL.BNA.01,5.6,0.0,11.6,1,21.0
2026-10-10 18:27,forecast,WL.BOA.01,0.6,1.9,7.8,1,18.0
2026-10-10 18:27,forecast,WL.PSC.01,2.7,0.9,12.8,1,15.0
2026-10-10 18:27,forecast,RE07,0.7,0.0,3.4,1,4.0
2026-10-10 18:27,forecast,WL.RMT.01,7.2,0.4,17.2,2,30.0
2026-10-10 18:27,forecast,WL.JRN.01,1.5,0.0,3.7,2,9.0
2026-10-10 18:27,forecast,RW17,1.6,0.0,2.8,2,9.0
2026-10-10 18:27,forecast,RW19,1.1,0.0,3.6,2,6.0
2026-10-10 18:27,forecast,RW29,0.7,0.0,3.4,2,4.0
2026-10-10 18:27,forecast,WL.CPA.01,8.0,0.0,12.7,3,45.0
2026-10-10 18:27,forecast,RW28,2.7,0.0,5.1,3,15.0
2026-10-10 18:27,forecast,RE01,1.6,0.0,7.6,3,9.0
2026-10-10 18:27,forecast,RW18,0.7,0.0,2.3,3,4.0
2026-10-10 18:27,forecast,RE21,0.3,0.0,1.6,3,1.85
2026-10-10 18:27,forecast,RE34,108.0,7.3,40.2,,120.0
2026-10-10 18:27,forecast,RE44,54.0,51.0,51.0,,60.0
2026-10-10 18:27,forecast,TN.NBN,10.7,9.2,12.3,,60.0
2026-10-10 18:27,forecast,WL.BKY.01,8.2,0.0,7.4,,54.0
2026-10-10 18:27,forecast,WL.SSN.01,4.8,0.0,6.0,,45.0
2026-10-10 18:27,forecast,WL.DKN.01,5.5,0.0,7.8,,45.0
2026-10-10 18:27,forecast,WL.SNC.01,13.4,2.2,12.7,,45.0
2026-10-10 18:27,forecast,RE32,8.0,0.0,6.0,,45.0
2026-10-10 18:27,forecast,WL.BKA.01,6.0,0.0,8.5,,30.0
2026-10-10 18:27,forecast,WL.CNS.01,5.3,0.0,2.1,,30.0
2026-10-10 18:27,forecast,WL.KKS.04,4.4,0.0,6.6,,25.0
2026-10-10 18:27,forecast,WL.WSI.01,3.2,0.0,3.7,,18.0
2026-10-10 18:27,forecast,WL.KKS.01,2.7,0.0,1.3,,15.0
2026-10-10 18:27,forecast,RW08,2.7,0.0,1.0,,15.0
2026-10-10 18:27,forecast,WL.STR.01,2.1,0.0,3.3,,12.0
2026-10-10 18:27,forecast,WL.BSK.01,0.7,0.0,0.6,,9.0
2026-10-10 18:27,forecast,RW04,1.6,0.0,0.7,,9.0
2026-10-10 18:27,forecast,RE37,1.4,0.0,0.5,,8.0
2026-10-10 18:27,forecast,RE18,1.2,0.0,0.9,,7.0
2026-10-10 18:27,forecast,RE19,1.1,0.0,0.8,,6.0
2026-10-10 18:27,forecast,RW05,1.1,0.0,0.9,,6.0
2026-10-10 18:27,forecast,RW15,0.7,0.0,1.0,,4.0
2026-10-10 18:27,forecast,RW09,0.2,0.0,0.7,,1.0
2026-10-10 18:27,extreme,TN.NBN,10.7,19.7,24.6,0,60.0
2026-10-10 18:27,extreme,WL.BKY.01,8.2,33.3,33.5,0,54.0
2026-10-10 18:27,extreme,WL.BSU.01,6.0,25.5,25.5,0,51.0
2026-10-10 18:27,extreme,WL.SSN.01,4.8,18.9,22.5,0,45.0
2026-10-10 18:27,extreme,WL.CPA.01,8.0,38.2,38.2,0,45.0
2026-10-10 18:27,extreme,WL.DKN.01,5.5,22.5,22.5,0,45.0
2026-10-10 18:27,extreme,WL.SNC.01,13.4,31.5,31.5,0,45.0
2026-10-10 18:27,extreme,WL.KTY.01,5.3,25.5,25.5,0,30.0
2026-10-10 18:27,extreme,WL.RMT.01,7.2,19.2,19.2,0,30.0
2026-10-10 18:27,extreme,TN.PRM,5.3,25.5,25.5,0,30.0
2026-10-10 18:27,extreme,WL.KMN.01,5.1,13.0,13.0,0,24.0
2026-10-10 18:27,extreme,WL.BNA.01,5.6,11.4,11.6,0,21.0
2026-10-10 18:27,extreme,WL.BOA.01,0.6,2.4,15.3,0,18.0
2026-10-10 18:27,extreme,WL.PSC.01,2.7,12.8,12.8,0,15.0
2026-10-10 18:27,extreme,RW28,2.7,12.8,12.8,0,15.0
2026-10-10 18:27,extreme,WL.SRE.01,0.4,6.0,6.0,0,12.0
2026-10-10 18:27,extreme,WL.JRN.01,1.5,7.6,7.6,0,9.0
2026-10-10 18:27,extreme,WL.LPN.01,3.6,7.6,7.6,0,9.0
2026-10-10 18:27,extreme,RE01,1.6,7.6,7.6,0,9.0
2026-10-10 18:27,extreme,WL.SBT.01,1.1,5.1,5.1,0,6.0
2026-10-10 18:27,extreme,WL.RHN.01,2.7,4.1,4.1,0,6.0
2026-10-10 18:27,extreme,RW19,1.1,2.3,5.1,0,6.0
2026-10-10 18:27,extreme,RE07,0.7,3.4,3.4,0,4.0
2026-10-10 18:27,extreme,RW15,0.7,3.4,3.4,0,4.0
2026-10-10 18:27,extreme,RW29,0.7,3.4,3.4,0,4.0
2026-10-10 18:27,extreme,RW21,0.4,1.7,1.7,0,2.0
2026-10-10 18:27,extreme,RE32,8.0,6.3,14.5,1,45.0
2026-10-10 18:27,extreme,WL.BKA.01,6.0,2.9,10.1,1,30.0
2026-10-10 18:27,extreme,WL.KKS.04,4.4,6.4,21.2,1,25.0
2026-10-10 18:27,extreme,WL.WSI.01,3.2,1.4,15.3,1,18.0
2026-10-10 18:27,extreme,WL.KKS.01,2.7,0.7,12.8,1,15.0
2026-10-10 18:27,extreme,RW08,2.7,2.1,12.8,1,15.0
2026-10-10 18:27,extreme,WL.STR.01,2.1,0.0,10.2,1,12.0
2026-10-10 18:27,extreme,WL.BSK.01,0.7,0.0,4.5,1,9.0
2026-10-10 18:27,extreme,RW17,1.6,0.0,7.6,1,9.0
2026-10-10 18:27,extreme,RW18,0.7,0.0,3.4,1,4.0
2026-10-10 18:27,extreme,RE21,0.3,1.3,1.6,1,1.85
2026-10-10 18:27,extreme,WL.CNS.01,5.3,0.0,9.0,2,30.0
2026-10-10 18:27,extreme,RE18,1.2,0.0,3.3,2,7.0
2026-10-10 18:27,extreme,RE19,1.1,0.0,2.4,2,6.0
2026-10-10 18:27,extreme,RW05,1.1,0.0,3.1,2,6.0
2026-10-10 18:27,extreme,RE26,0.3,0.0,1.3,2,1.5
2026-10-10 18:27,extreme,RE30,0.3,0.0,1.3,2,1.5
2026-10-10 18:27,extreme,RE34,108.0,10.7,92.7,,120.0
2026-10-10 18:27,extreme,RE44,54.0,51.0,51.0,,60.0
2026-10-10 18:27,extreme,RW04,1.6,0.0,2.5,,9.0
2026-10-10 18:27,extreme,RE37,1.4,0.0,2.1,,8.0
2026-10-10 18:27,extreme,RW12,0.7,0.0,0.9,,4.0
2026-10-10 18:27,extreme,RW35,0.4,0.0,1.0,,2.0
2026-10-10 18:27,extreme,RE28,0.3,0.0,1.3,,1.5
2026-10-10 18:27,extreme,RE29,0.3,0.0,1.1,,1.5
2026-10-10 18:27,extreme,RW09,0.2,0.8,0.8,,1.0
2026-10-10 18:27,extreme,RW36,0.2,0.0,0.8,,1.0
2026-10-10 19:27,forecast,WL.BSU.01,6.0,25.5,25.5,0,51.0
2026-10-10 19:27,forecast,WL.KTY.01,5.3,25.5,25.5,0,30.0
2026-10-10 19:27,forecast,TN.PRM,5.3,22.2,25.5,0,30.0
2026-10-10 19:27,forecast,WL.KMN.01,5.1,13.0,13.0,0,24.0
2026-10-10 19:27,forecast,WL.BOA.01,0.6,3.1,7.4,0,18.0
2026-10-10 19:27,forecast,WL.PSC.01,2.7,6.6,12.8,0,15.0
2026-10-10 19:27,forecast,WL.LPN.01,3.6,7.6,7.6,0,9.0
2026-10-10 19:27,forecast,WL.SBT.01,1.1,5.1,5.1,0,6.0
2026-10-10 19:27,forecast,WL.RHN.01,2.7,4.1,4.1,0,6.0
2026-10-10 19:27,forecast,RW21,0.4,1.7,1.7,0,2.0
2026-10-10 19:27,forecast,WL.BNA.01,5.6,0.0,11.6,1,21.0
2026-10-10 19:27,forecast,RW28,2.7,2.4,5.1,1,15.0
2026-10-10 19:27,forecast,RE07,0.7,0.0,3.4,1,4.0
2026-10-10 19:27,forecast,WL.RMT.01,7.2,0.7,19.2,2,30.0
2026-10-10 19:27,forecast,WL.STR.01,2.1,0.0,3.5,2,12.0
2026-10-10 19:27,forecast,WL.JRN.01,1.5,0.0,3.2,2,9.0
2026-10-10 19:27,forecast,RE01,1.6,0.0,7.6,2,9.0
2026-10-10 19:27,forecast,RW17,1.6,0.0,2.7,2,9.0
2026-10-10 19:27,forecast,RW19,1.1,0.0,3.2,2,6.0
2026-10-10 19:27,forecast,RW29,0.7,0.0,3.4,2,4.0
2026-10-10 19:27,forecast,RW18,0.7,0.0,2.0,3,4.0
2026-10-10 19:27,forecast,RE21,0.3,0.0,1.6,3,1.85
2026-10-10 19:27,forecast,RE34,108.0,7.9,39.5,,120.0
2026-10-10 19:27,forecast,RE44,54.0,51.0,51.0,,60.0
2026-10-10 19:27,forecast,TN.NBN,10.7,9.4,12.5,,60.0
2026-10-10 19:27,forecast,WL.BKY.01,8.2,0.0,7.4,,54.0
2026-10-10 19:27,forecast,WL.SSN.01,4.8,0.0,5.3,,45.0
2026-10-10 19:27,forecast,WL.CPA.01,8.0,0.0,11.5,,45.0
2026-10-10 19:27,forecast,WL.DKN.01,5.5,0.0,7.3,,45.0
2026-10-10 19:27,forecast,WL.SNC.01,13.4,9.0,14.1,,45.0
2026-10-10 19:27,forecast,RE32,8.0,0.0,5.2,,45.0
2026-10-10 19:27,forecast,WL.BKA.01,6.0,0.0,8.5,,30.0
2026-10-10 19:27,forecast,WL.CNS.01,5.3,0.0,1.4,,30.0
2026-10-10 19:27,forecast,WL.KKS.04,4.4,0.0,6.5,,25.0
2026-10-10 19:27,forecast,WL.WSI.01,3.2,0.0,3.4,,18.0
2026-10-10 19:27,forecast,WL.KKS.01,2.7,0.0,1.2,,15.0
2026-10-10 19:27,forecast,RW08,2.7,0.0,0.9,,15.0
2026-10-10 19:27,forecast,RW04,1.6,0.0,0.6,,9.0
2026-10-10 19:27,forecast,RE37,1.4,0.0,0.7,,8.0
2026-10-10 19:27,forecast,RE18,1.2,0.0,0.9,,7.0
2026-10-10 19:27,forecast,RE19,1.1,0.0,0.8,,6.0
2026-10-10 19:27,forecast,RW05,1.1,0.0,1.0,,6.0
2026-10-10 19:27,forecast,RW15,0.7,0.0,1.2,,4.0
2026-10-10 19:27,forecast,RW09,0.2,0.0,0.7,,1.0
2026-10-10 19:27,extreme,TN.NBN,10.7,20.6,24.1,0,60.0
2026-10-10 19:27,extreme,WL.BKY.01,8.2,33.5,33.5,0,54.0
2026-10-10 19:27,extreme,WL.BSU.01,6.0,25.5,25.5,0,51.0
2026-10-10 19:27,extreme,WL.SSN.01,4.8,22.5,22.5,0,45.0
2026-10-10 19:27,extreme,WL.CPA.01,8.0,38.2,38.2,0,45.0
2026-10-10 19:27,extreme,WL.DKN.01,5.5,22.5,22.5,0,45.0
2026-10-10 19:27,extreme,WL.SNC.01,13.4,31.5,31.5,0,45.0
2026-10-10 19:27,extreme,WL.KTY.01,5.3,25.5,25.5,0,30.0
2026-10-10 19:27,extreme,WL.RMT.01,7.2,19.2,19.2,0,30.0
2026-10-10 19:27,extreme,TN.PRM,5.3,25.5,25.5,0,30.0
2026-10-10 19:27,extreme,WL.KKS.04,4.4,21.2,21.2,0,25.0
2026-10-10 19:27,extreme,WL.KMN.01,5.1,13.0,13.0,0,24.0
2026-10-10 19:27,extreme,WL.BNA.01,5.6,11.6,11.6,0,21.0
2026-10-10 19:27,extreme,WL.BOA.01,0.6,6.3,14.0,0,18.0
2026-10-10 19:27,extreme,WL.KKS.01,2.7,11.4,12.8,0,15.0
2026-10-10 19:27,extreme,WL.PSC.01,2.7,12.8,12.8,0,15.0
2026-10-10 19:27,extreme,RW08,2.7,12.8,12.8,0,15.0
2026-10-10 19:27,extreme,RW28,2.7,12.8,12.8,0,15.0
2026-10-10 19:27,extreme,WL.SRE.01,0.4,6.0,6.0,0,12.0
2026-10-10 19:27,extreme,WL.JRN.01,1.5,7.6,7.6,0,9.0
2026-10-10 19:27,extreme,WL.LPN.01,3.6,7.6,7.6,0,9.0
2026-10-10 19:27,extreme,WL.BSK.01,0.7,4.5,4.5,0,9.0
2026-10-10 19:27,extreme,RE01,1.6,7.6,7.6,0,9.0
2026-10-10 19:27,extreme,WL.SBT.01,1.1,5.1,5.1,0,6.0
2026-10-10 19:27,extreme,WL.RHN.01,2.7,4.1,4.1,0,6.0
2026-10-10 19:27,extreme,RW19,1.1,5.1,5.1,0,6.0
2026-10-10 19:27,extreme,RE07,0.7,3.4,3.4,0,4.0
2026-10-10 19:27,extreme,RW15,0.7,3.4,3.4,0,4.0
2026-10-10 19:27,extreme,RW29,0.7,3.4,3.4,0,4.0
2026-10-10 19:27,extreme,RW21,0.4,1.7,1.7,0,2.0
2026-10-10 19:27,extreme,RE21,0.3,1.6,1.6,0,1.85
2026-10-10 19:27,extreme,RE32,8.0,10.6,14.0,1,45.0
2026-10-10 19:27,extreme,WL.BKA.01,6.0,3.3,9.9,1,30.0
2026-10-10 19:27,extreme,WL.WSI.01,3.2,3.5,15.2,1,18.0
2026-10-10 19:27,extreme,WL.STR.01,2.1,0.0,10.2,1,12.0
2026-10-10 19:27,extreme,RW17,1.6,1.4,7.6,1,9.0
2026-10-10 19:27,extreme,RE18,1.2,0.1,2.9,1,7.0
2026-10-10 19:27,extreme,RW05,1.1,0.1,2.8,1,6.0
2026-10-10 19:27,extreme,RW18,0.7,0.0,2.8,1,4.0
2026-10-10 19:27,extreme,WL.CNS.01,5.3,0.0,8.6,2,30.0
2026-10-10 19:27,extreme,RE19,1.1,0.7,2.1,2,6.0
2026-10-10 19:27,extreme,RE26,0.3,0.0,1.3,2,1.5
2026-10-10 19:27,extreme,RE28,0.3,0.0,1.3,2,1.5
2026-10-10 19:27,extreme,RE30,0.3,0.0,1.3,2,1.5
2026-10-10 19:27,extreme,RE34,108.0,22.6,80.9,,120.0
2026-10-10 19:27,extreme,RE44,54.0,51.0,51.0,,60.0
2026-10-10 19:27,extreme,RW04,1.6,0.0,2.3,,9.0
2026-10-10 19:27,extreme,RE37,1.4,0.0,1.9,,8.0
2026-10-10 19:27,extreme,RW12,0.7,0.0,0.9,,4.0
2026-10-10 19:27,extreme,RW34,0.4,0.0,0.5,,2.0
2026-10-10 19:27,extreme,RW35,0.4,0.0,0.9,,2.0
2026-10-10 19:27,extreme,RE29,0.3,0.0,1.0,,1.5
2026-10-10 19:27,extreme,RW09,0.2,0.8,0.8,,1.0
2026-10-10 19:27,extreme,RW36,0.2,0.0,0.8,,1.0
2026-10-10 20:29,forecast,WL.BSU.01,6.0,25.5,25.5,0,51.0
2026-10-10 20:29,forecast,WL.KTY.01,5.3,25.5,25.5,0,30.0
2026-10-10 20:29,forecast,TN.PRM,5.3,22.4,25.5,0,30.0
2026-10-10 20:29,forecast,WL.KMN.01,5.1,13.0,13.0,0,24.0
2026-10-10 20:29,forecast,WL.BOA.01,0.6,3.0,7.5,0,18.0
2026-10-10 20:29,forecast,WL.LPN.01,3.6,7.6,7.6,0,9.0
2026-10-10 20:29,forecast,WL.SBT.01,1.1,5.1,5.1,0,6.0
2026-10-10 20:29,forecast,WL.RHN.01,2.7,4.1,4.1,0,6.0
2026-10-10 20:29,forecast,RW21,0.4,1.7,1.7,0,2.0
2026-10-10 20:29,forecast,WL.BNA.01,5.6,0.0,11.6,1,21.0
2026-10-10 20:29,forecast,WL.PSC.01,2.7,0.0,12.8,1,15.0
2026-10-10 20:29,forecast,RW28,2.7,1.3,6.2,1,15.0
2026-10-10 20:29,forecast,RE07,0.7,0.0,3.4,1,4.0
2026-10-10 20:29,forecast,RW19,1.1,0.0,3.2,2,6.0
2026-10-10 20:29,forecast,RW29,0.7,0.0,3.4,2,4.0
2026-10-10 20:29,forecast,RE01,1.6,0.0,7.6,3,9.0
2026-10-10 20:29,forecast,WL.CPA.01,8.0,0.0,16.4,6,45.0
2026-10-10 20:29,forecast,WL.RMT.01,7.2,0.0,19.2,6,30.0
2026-10-10 20:29,forecast,WL.KKS.04,4.4,0.0,12.2,6,25.0
2026-10-10 20:29,forecast,WL.WSI.01,3.2,0.0,6.1,6,18.0
2026-10-10 20:29,forecast,WL.STR.01,2.1,0.0,5.2,6,12.0
2026-10-10 20:29,forecast,WL.JRN.01,1.5,0.0,3.4,6,9.0
2026-10-10 20:29,forecast,RW17,1.6,0.0,2.7,6,9.0
2026-10-10 20:29,forecast,RE21,0.3,0.0,1.6,6,1.85
2026-10-10 20:29,forecast,WL.DKN.01,5.5,0.0,10.4,7,45.0
2026-10-10 20:29,forecast,RW15,0.7,0.0,1.7,7,4.0
2026-10-10 20:29,forecast,RE34,108.0,7.3,46.0,,120.0
2026-10-10 20:29,forecast,RE44,54.0,51.0,51.0,,60.0
2026-10-10 20:29,forecast,TN.NBN,10.7,9.4,14.1,,60.0
2026-10-10 20:29,forecast,WL.BKY.01,8.2,0.0,11.1,,54.0
2026-10-10 20:29,forecast,WL.SSN.01,4.8,0.0,8.5,,45.0
2026-10-10 20:29,forecast,WL.SNC.01,13.4,10.8,15.4,,45.0
2026-10-10 20:29,forecast,RE32,8.0,0.0,8.4,,45.0
2026-10-10 20:29,forecast,WL.BKA.01,6.0,0.0,8.8,,30.0
2026-10-10 20:29,forecast,WL.CNS.01,5.3,0.0,2.3,,30.0
2026-10-10 20:29,forecast,WL.KKS.01,2.7,0.0,1.7,,15.0
2026-10-10 20:29,forecast,RW08,2.7,0.0,1.2,,15.0
2026-10-10 20:29,forecast,WL.SRE.01,0.4,0.0,0.9,,12.0
2026-10-10 20:29,forecast,WL.BSK.01,0.7,0.0,1.7,,9.0
2026-10-10 20:29,forecast,RW04,1.6,0.0,1.0,,9.0
2026-10-10 20:29,forecast,RE37,1.4,0.0,0.7,,8.0
2026-10-10 20:29,forecast,RE18,1.2,0.0,1.2,,7.0
2026-10-10 20:29,forecast,RE19,1.1,0.0,0.8,,6.0
2026-10-10 20:29,forecast,RW05,1.1,0.0,1.2,,6.0
2026-10-10 20:29,forecast,RW18,0.7,0.0,0.9,,4.0
2026-10-10 20:29,forecast,RW09,0.2,0.0,0.8,,1.0
2026-10-10 20:29,extreme,TN.NBN,10.7,20.6,24.1,0,60.0
2026-10-10 20:29,extreme,WL.BKY.01,8.2,33.5,33.5,0,54.0
2026-10-10 20:29,extreme,WL.BSU.01,6.0,25.5,25.5,0,51.0
2026-10-10 20:29,extreme,WL.SSN.01,4.8,22.5,22.5,0,45.0
2026-10-10 20:29,extreme,WL.CPA.01,8.0,38.2,38.2,0,45.0
2026-10-10 20:29,extreme,WL.DKN.01,5.5,22.5,22.5,0,45.0
2026-10-10 20:29,extreme,WL.SNC.01,13.4,31.5,31.5,0,45.0
2026-10-10 20:29,extreme,WL.KTY.01,5.3,25.5,25.5,0,30.0
2026-10-10 20:29,extreme,WL.RMT.01,7.2,19.2,19.2,0,30.0
2026-10-10 20:29,extreme,TN.PRM,5.3,25.5,25.5,0,30.0
2026-10-10 20:29,extreme,WL.KKS.04,4.4,21.2,21.2,0,25.0
2026-10-10 20:29,extreme,WL.KMN.01,5.1,13.0,13.0,0,24.0
2026-10-10 20:29,extreme,WL.BNA.01,5.6,11.6,11.6,0,21.0
2026-10-10 20:29,extreme,WL.BOA.01,0.6,6.1,14.1,0,18.0
2026-10-10 20:29,extreme,WL.KKS.01,2.7,12.8,12.8,0,15.0
2026-10-10 20:29,extreme,WL.PSC.01,2.7,12.8,12.8,0,15.0
2026-10-10 20:29,extreme,RW08,2.7,12.8,12.8,0,15.0
2026-10-10 20:29,extreme,RW28,2.7,12.8,12.8,0,15.0
2026-10-10 20:29,extreme,WL.SRE.01,0.4,6.0,6.0,0,12.0
2026-10-10 20:29,extreme,WL.JRN.01,1.5,7.6,7.6,0,9.0
2026-10-10 20:29,extreme,WL.LPN.01,3.6,7.6,7.6,0,9.0
2026-10-10 20:29,extreme,WL.BSK.01,0.7,4.5,4.5,0,9.0
2026-10-10 20:29,extreme,RE01,1.6,7.6,7.6,0,9.0
2026-10-10 20:29,extreme,WL.SBT.01,1.1,5.1,5.1,0,6.0
2026-10-10 20:29,extreme,WL.RHN.01,2.7,4.1,4.1,0,6.0
2026-10-10 20:29,extreme,RW19,1.1,5.1,5.1,0,6.0
2026-10-10 20:29,extreme,RE07,0.7,3.4,3.4,0,4.0
2026-10-10 20:29,extreme,RW15,0.7,3.4,3.4,0,4.0
2026-10-10 20:29,extreme,RW29,0.7,3.4,3.4,0,4.0
2026-10-10 20:29,extreme,RW21,0.4,1.7,1.7,0,2.0
2026-10-10 20:29,extreme,RE21,0.3,1.6,1.6,0,1.85
2026-10-10 20:29,extreme,RE32,8.0,10.7,14.3,1,45.0
2026-10-10 20:29,extreme,WL.BKA.01,6.0,3.7,10.3,1,30.0
2026-10-10 20:29,extreme,WL.WSI.01,3.2,3.5,14.4,1,18.0
2026-10-10 20:29,extreme,WL.STR.01,2.1,0.2,10.2,1,12.0
2026-10-10 20:29,extreme,RW17,1.6,0.0,7.5,1,9.0
2026-10-10 20:29,extreme,RE18,1.2,0.2,3.4,1,7.0
2026-10-10 20:29,extreme,RW05,1.1,0.6,3.4,1,6.0
2026-10-10 20:29,extreme,RW18,0.7,0.0,3.4,2,4.0
2026-10-10 20:29,extreme,RE26,0.3,0.0,1.3,3,1.5
2026-10-10 20:29,extreme,WL.CNS.01,5.3,0.0,10.4,6,30.0
2026-10-10 20:29,extreme,RW04,1.6,0.2,2.7,6,9.0
2026-10-10 20:29,extreme,RE19,1.1,0.7,2.3,6,6.0
2026-10-10 20:29,extreme,RW35,0.4,0.0,1.4,6,2.0
2026-10-10 20:29,extreme,RE28,0.3,0.0,1.3,6,1.5
2026-10-10 20:29,extreme,RE29,0.3,0.0,1.3,6,1.5
2026-10-10 20:29,extreme,RE30,0.3,0.0,1.3,6,1.5
2026-10-10 20:29,extreme,RE34,108.0,22.5,91.6,,120.0
2026-10-10 20:29,extreme,RE44,54.0,51.0,51.0,,60.0
2026-10-10 20:29,extreme,RE37,1.4,0.0,1.9,,8.0
2026-10-10 20:29,extreme,RW12,0.7,0.0,1.1,,4.0
2026-10-10 20:29,extreme,RE27,0.4,0.0,0.8,,2.0
2026-10-10 20:29,extreme,RW03,0.4,0.0,0.8,,2.0
2026-10-10 20:29,extreme,RW09,0.2,0.8,0.8,,1.0
2026-10-10 20:29,extreme,RW36,0.2,0.0,0.8,,1.0
2026-10-10 21:27,forecast,WL.BSU.01,6.0,25.5,25.5,0,51.0
2026-10-10 21:27,forecast,WL.KTY.01,5.3,25.5,25.5,0,30.0
2026-10-10 21:27,forecast,TN.PRM,5.3,22.7,25.5,0,30.0
2026-10-10 21:27,forecast,WL.KMN.01,5.1,13.0,13.0,0,24.0
2026-10-10 21:27,forecast,WL.BOA.01,0.6,3.2,7.7,0,18.0
2026-10-10 21:27,forecast,WL.LPN.01,3.6,7.6,7.6,0,9.0
2026-10-10 21:27,forecast,WL.SBT.01,1.1,5.1,5.1,0,6.0
2026-10-10 21:27,forecast,WL.RHN.01,2.7,4.1,4.1,0,6.0
2026-10-10 21:27,forecast,RW21,0.4,1.7,1.7,0,2.0
2026-10-10 21:27,forecast,WL.BNA.01,5.6,0.0,11.6,1,21.0
2026-10-10 21:27,forecast,WL.PSC.01,2.7,0.0,12.8,1,15.0
2026-10-10 21:27,forecast,RE07,0.7,0.0,3.4,1,4.0
2026-10-10 21:27,forecast,RW28,2.7,0.0,6.2,2,15.0
2026-10-10 21:27,forecast,RW19,1.1,0.0,3.4,2,6.0
2026-10-10 21:27,forecast,RW29,0.7,0.0,3.4,2,4.0
2026-10-10 21:27,forecast,RE01,1.6,0.0,7.6,3,9.0
2026-10-10 21:27,forecast,WL.CPA.01,8.0,0.0,16.6,6,45.0
2026-10-10 21:27,forecast,WL.DKN.01,5.5,0.0,11.0,6,45.0
2026-10-10 21:27,forecast,WL.RMT.01,7.2,0.0,19.2,6,30.0
2026-10-10 21:27,forecast,WL.KKS.04,4.4,0.0,12.7,6,25.0
2026-10-10 21:27,forecast,WL.WSI.01,3.2,0.0,6.0,6,18.0
2026-10-10 21:27,forecast,WL.STR.01,2.1,0.0,5.4,6,12.0
2026-10-10 21:27,forecast,WL.JRN.01,1.5,0.0,3.6,6,9.0
2026-10-10 21:27,forecast,WL.BSK.01,0.7,0.0,1.8,6,9.0
2026-10-10 21:27,forecast,RW17,1.6,0.0,2.9,6,9.0
2026-10-10 21:27,forecast,RW15,0.7,0.0,1.8,6,4.0
2026-10-10 21:27,forecast,RE21,0.3,0.0,1.6,6,1.85
2026-10-10 21:27,forecast,RE34,108.0,7.3,46.9,,120.0
2026-10-10 21:27,forecast,RE44,54.0,51.0,51.0,,60.0
2026-10-10 21:27,forecast,TN.NBN,10.7,9.5,14.0,,60.0
2026-10-10 21:27,forecast,WL.BKY.01,8.2,0.0,10.9,,54.0
2026-10-10 21:27,forecast,WL.SSN.01,4.8,0.0,8.9,,45.0
2026-10-10 21:27,forecast,WL.SNC.01,13.4,7.8,15.7,,45.0
2026-10-10 21:27,forecast,RE32,8.0,0.0,8.9,,45.0
2026-10-10 21:27,forecast,WL.BKA.01,6.0,0.0,8.9,,30.0
2026-10-10 21:27,forecast,WL.CNS.01,5.3,0.0,2.4,,30.0
2026-10-10 21:27,forecast,WL.KKS.01,2.7,0.0,1.8,,15.0
2026-10-10 21:27,forecast,RW08,2.7,0.0,1.3,,15.0
2026-10-10 21:27,forecast,WL.SRE.01,0.4,0.0,0.9,,12.0
2026-10-10 21:27,forecast,RW04,1.6,0.0,1.0,,9.0
2026-10-10 21:27,forecast,RE37,1.4,0.0,0.7,,8.0
2026-10-10 21:27,forecast,RE18,1.2,0.0,1.3,,7.0
2026-10-10 21:27,forecast,RE19,1.1,0.1,0.9,,6.0
2026-10-10 21:27,forecast,RW05,1.1,0.0,1.3,,6.0
2026-10-10 21:27,forecast,RW18,0.7,0.0,1.0,,4.0
2026-10-10 21:27,forecast,RW09,0.2,0.0,0.8,,1.0
2026-10-10 21:27,extreme,TN.NBN,10.7,20.7,24.3,0,60.0
2026-10-10 21:27,extreme,WL.BKY.01,8.2,33.5,33.5,0,54.0
2026-10-10 21:27,extreme,WL.BSU.01,6.0,25.5,25.5,0,51.0
2026-10-10 21:27,extreme,WL.SSN.01,4.8,22.5,22.5,0,45.0
2026-10-10 21:27,extreme,WL.CPA.01,8.0,38.2,38.2,0,45.0
2026-10-10 21:27,extreme,WL.DKN.01,5.5,22.5,22.5,0,45.0
2026-10-10 21:27,extreme,WL.SNC.01,13.4,31.5,31.5,0,45.0
2026-10-10 21:27,extreme,WL.KTY.01,5.3,25.5,25.5,0,30.0
2026-10-10 21:27,extreme,WL.RMT.01,7.2,19.2,19.2,0,30.0
2026-10-10 21:27,extreme,TN.PRM,5.3,25.5,25.5,0,30.0
2026-10-10 21:27,extreme,WL.KKS.04,4.4,21.2,21.2,0,25.0
2026-10-10 21:27,extreme,WL.KMN.01,5.1,13.0,13.0,0,24.0
2026-10-10 21:27,extreme,WL.BNA.01,5.6,11.6,11.6,0,21.0
2026-10-10 21:27,extreme,WL.BOA.01,0.6,6.6,14.8,0,18.0
2026-10-10 21:27,extreme,WL.KKS.01,2.7,12.8,12.8,0,15.0
2026-10-10 21:27,extreme,WL.PSC.01,2.7,12.8,12.8,0,15.0
2026-10-10 21:27,extreme,RW08,2.7,12.8,12.8,0,15.0
2026-10-10 21:27,extreme,RW28,2.7,12.8,12.8,0,15.0
2026-10-10 21:27,extreme,WL.SRE.01,0.4,6.0,6.0,0,12.0
2026-10-10 21:27,extreme,WL.JRN.01,1.5,7.6,7.6,0,9.0
2026-10-10 21:27,extreme,WL.LPN.01,3.6,7.6,7.6,0,9.0
2026-10-10 21:27,extreme,WL.BSK.01,0.7,4.5,4.5,0,9.0
2026-10-10 21:27,extreme,RE01,1.6,7.6,7.6,0,9.0
2026-10-10 21:27,extreme,WL.SBT.01,1.1,5.1,5.1,0,6.0
2026-10-10 21:27,extreme,WL.RHN.01,2.7,4.1,4.1,0,6.0
2026-10-10 21:27,extreme,RW19,1.1,5.1,5.1,0,6.0
2026-10-10 21:27,extreme,RE07,0.7,3.4,3.4,0,4.0
2026-10-10 21:27,extreme,RW15,0.7,3.4,3.4,0,4.0
2026-10-10 21:27,extreme,RW29,0.7,3.4,3.4,0,4.0
2026-10-10 21:27,extreme,RW21,0.4,1.7,1.7,0,2.0
2026-10-10 21:27,extreme,RE21,0.3,1.6,1.6,0,1.85
2026-10-10 21:27,extreme,RE32,8.0,11.0,14.6,1,45.0
2026-10-10 21:27,extreme,WL.BKA.01,6.0,4.0,10.5,1,30.0
2026-10-10 21:27,extreme,WL.WSI.01,3.2,3.7,14.6,1,18.0
2026-10-10 21:27,extreme,WL.STR.01,2.1,1.3,10.2,1,12.0
2026-10-10 21:27,extreme,RW17,1.6,0.5,7.6,1,9.0
2026-10-10 21:27,extreme,RE18,1.2,0.4,3.5,1,7.0
2026-10-10 21:27,extreme,RW05,1.1,1.0,3.6,1,6.0
2026-10-10 21:27,extreme,RW18,0.7,0.0,3.1,1,4.0
2026-10-10 21:27,extreme,RE26,0.3,0.0,1.3,3,1.5
2026-10-10 21:27,extreme,WL.CNS.01,5.3,0.0,11.1,6,30.0
2026-10-10 21:27,extreme,RW04,1.6,0.5,2.9,6,9.0
2026-10-10 21:27,extreme,RE19,1.1,1.0,2.5,6,6.0
2026-10-10 21:27,extreme,RW35,0.4,0.0,1.5,6,2.0
2026-10-10 21:27,extreme,RE28,0.3,0.0,1.3,6,1.5
2026-10-10 21:27,extreme,RE29,0.3,0.0,1.3,6,1.5
2026-10-10 21:27,extreme,RE30,0.3,0.0,1.3,6,1.5
2026-10-10 21:27,extreme,RE34,108.0,24.3,93.0,,120.0
2026-10-10 21:27,extreme,RE44,54.0,51.0,51.0,,60.0
2026-10-10 21:27,extreme,RE37,1.4,0.1,2.0,,8.0
2026-10-10 21:27,extreme,RW12,0.7,0.0,1.2,,4.0
2026-10-10 21:27,extreme,RE27,0.4,0.0,0.8,,2.0
2026-10-10 21:27,extreme,RW03,0.4,0.0,0.8,,2.0
2026-10-10 21:27,extreme,RW34,0.4,0.0,1.0,,2.0
2026-10-10 21:27,extreme,RW09,0.2,0.8,0.8,,1.0
2026-10-10 21:27,extreme,RW36,0.2,0.0,0.8,,1.0
2026-10-10 22:26,forecast,WL.BSU.01,6.0,25.5,25.5,0,51.0
2026-10-10 22:26,forecast,WL.KTY.01,5.3,25.5,25.5,0,30.0
2026-10-10 22:26,forecast,TN.PRM,5.3,22.3,25.5,0,30.0
2026-10-10 22:26,forecast,WL.KMN.01,5.1,13.0,13.0,0,24.0
2026-10-10 22:26,forecast,WL.BOA.01,0.6,3.1,7.7,0,18.0
2026-10-10 22:26,forecast,WL.LPN.01,3.6,7.6,7.6,0,9.0
2026-10-10 22:26,forecast,WL.SBT.01,1.1,5.1,5.1,0,6.0
2026-10-10 22:26,forecast,WL.RHN.01,2.7,4.1,4.1,0,6.0
2026-10-10 22:26,forecast,RW21,0.4,1.7,1.7,0,2.0
2026-10-10 22:26,forecast,WL.PSC.01,2.7,0.0,12.8,1,15.0
2026-10-10 22:26,forecast,WL.BNA.01,5.6,0.0,11.6,2,21.0
2026-10-10 22:26,forecast,RE07,0.7,0.0,3.4,3,4.0
2026-10-10 22:26,forecast,RW29,0.7,0.0,3.4,3,4.0
2026-10-10 22:26,forecast,RE01,1.6,0.0,7.6,4,9.0
2026-10-10 22:26,forecast,WL.RMT.01,7.2,0.0,19.2,5,30.0
2026-10-10 22:26,forecast,RW28,2.7,0.0,6.3,5,15.0
2026-10-10 22:26,forecast,WL.CPA.01,8.0,0.0,16.3,6,45.0
2026-10-10 22:26,forecast,WL.DKN.01,5.5,0.0,10.6,6,45.0
2026-10-10 22:26,forecast,WL.KKS.04,4.4,0.0,12.8,6,25.0
2026-10-10 22:26,forecast,WL.WSI.01,3.2,0.0,5.6,6,18.0
2026-10-10 22:26,forecast,WL.STR.01,2.1,0.0,5.5,6,12.0
2026-10-10 22:26,forecast,WL.JRN.01,1.5,0.0,3.4,6,9.0
2026-10-10 22:26,forecast,RW17,1.6,0.0,2.7,6,9.0
2026-10-10 22:26,forecast,RW19,1.1,0.0,3.2,6,6.0
2026-10-10 22:26,forecast,RW15,0.7,0.0,1.8,6,4.0
2026-10-10 22:26,forecast,RE21,0.3,0.0,1.6,6,1.85
2026-10-10 22:26,forecast,RE34,108.0,7.3,42.9,,120.0
2026-10-10 22:26,forecast,RE44,54.0,51.0,51.0,,60.0
2026-10-10 22:26,forecast,TN.NBN,10.7,0.0,13.0,,60.0
2026-10-10 22:26,forecast,WL.BKY.01,8.2,0.0,10.1,,54.0
2026-10-10 22:26,forecast,WL.SSN.01,4.8,0.0,9.2,,45.0
2026-10-10 22:26,forecast,WL.SNC.01,13.4,2.2,15.3,,45.0
2026-10-10 22:26,forecast,RE32,8.0,0.0,6.9,,45.0
2026-10-10 22:26,forecast,WL.BKA.01,6.0,0.0,8.9,,30.0
2026-10-10 22:26,forecast,WL.CNS.01,5.3,0.0,2.4,,30.0
2026-10-10 22:26,forecast,WL.KKS.01,2.7,0.0,1.2,,15.0
2026-10-10 22:26,forecast,RW08,2.7,0.0,1.3,,15.0
2026-10-10 22:26,forecast,WL.SRE.01,0.4,0.0,0.8,,12.0
2026-10-10 22:26,forecast,WL.BSK.01,0.7,0.0,1.6,,9.0
2026-10-10 22:26,forecast,RW04,1.6,0.0,1.1,,9.0
2026-10-10 22:26,forecast,RE37,1.4,0.0,0.7,,8.0
2026-10-10 22:26,forecast,RE18,1.2,0.0,1.3,,7.0
2026-10-10 22:26,forecast,RE19,1.1,0.1,0.9,,6.0
2026-10-10 22:26,forecast,RW05,1.1,0.0,1.3,,6.0
2026-10-10 22:26,forecast,RW18,0.7,0.0,0.9,,4.0
2026-10-10 22:26,forecast,RW09,0.2,0.0,0.8,,1.0
2026-10-10 22:26,extreme,TN.NBN,10.7,20.6,24.4,0,60.0
2026-10-10 22:26,extreme,WL.BKY.01,8.2,33.5,33.5,0,54.0
2026-10-10 22:26,extreme,WL.BSU.01,6.0,25.5,25.5,0,51.0
2026-10-10 22:26,extreme,WL.SSN.01,4.8,22.5,22.5,0,45.0
2026-10-10 22:26,extreme,WL.CPA.01,8.0,38.2,38.2,0,45.0
2026-10-10 22:26,extreme,WL.DKN.01,5.5,22.5,22.5,0,45.0
2026-10-10 22:26,extreme,WL.SNC.01,13.4,31.5,31.5,0,45.0
2026-10-10 22:26,extreme,WL.KTY.01,5.3,25.5,25.5,0,30.0
2026-10-10 22:26,extreme,WL.RMT.01,7.2,19.2,19.2,0,30.0
2026-10-10 22:26,extreme,TN.PRM,5.3,25.5,25.5,0,30.0
2026-10-10 22:26,extreme,WL.KMN.01,5.1,13.0,13.0,0,24.0
2026-10-10 22:26,extreme,WL.BNA.01,5.6,11.6,11.6,0,21.0
2026-10-10 22:26,extreme,WL.BOA.01,0.6,6.4,14.7,0,18.0
2026-10-10 22:26,extreme,WL.PSC.01,2.7,12.8,12.8,0,15.0
2026-10-10 22:26,extreme,RW08,2.7,12.8,12.8,0,15.0
2026-10-10 22:26,extreme,RW28,2.7,12.8,12.8,0,15.0
2026-10-10 22:26,extreme,WL.SRE.01,0.4,6.0,6.0,0,12.0
2026-10-10 22:26,extreme,WL.JRN.01,1.5,7.6,7.6,0,9.0
2026-10-10 22:26,extreme,WL.LPN.01,3.6,7.6,7.6,0,9.0
2026-10-10 22:26,extreme,WL.BSK.01,0.7,4.5,4.5,0,9.0
2026-10-10 22:26,extreme,RE01,1.6,7.6,7.6,0,9.0
2026-10-10 22:26,extreme,WL.SBT.01,1.1,5.1,5.1,0,6.0
2026-10-10 22:26,extreme,WL.RHN.01,2.7,4.1,4.1,0,6.0
2026-10-10 22:26,extreme,RW19,1.1,5.1,5.1,0,6.0
2026-10-10 22:26,extreme,RE07,0.7,3.4,3.4,0,4.0
2026-10-10 22:26,extreme,RW15,0.7,3.4,3.4,0,4.0
2026-10-10 22:26,extreme,RW29,0.7,3.4,3.4,0,4.0
2026-10-10 22:26,extreme,RW21,0.4,1.7,1.7,0,2.0
2026-10-10 22:26,extreme,RE21,0.3,1.6,1.6,0,1.85
2026-10-10 22:26,extreme,RE32,8.0,10.8,14.6,1,45.0
2026-10-10 22:26,extreme,WL.BKA.01,6.0,3.5,10.5,1,30.0
2026-10-10 22:26,extreme,WL.KKS.04,4.4,0.0,21.2,1,25.0
2026-10-10 22:26,extreme,WL.WSI.01,3.2,3.7,14.2,1,18.0
2026-10-10 22:26,extreme,WL.STR.01,2.1,0.8,10.2,1,12.0
2026-10-10 22:26,extreme,RW17,1.6,1.6,7.5,1,9.0
2026-10-10 22:26,extreme,RW18,0.7,0.0,2.6,1,4.0
2026-10-10 22:26,extreme,WL.KKS.01,2.7,0.0,12.8,2,15.0
2026-10-10 22:26,extreme,RE26,0.3,0.0,1.3,3,1.5
2026-10-10 22:26,extreme,WL.CNS.01,5.3,0.0,11.0,6,30.0
2026-10-10 22:26,extreme,RW04,1.6,0.0,3.0,6,9.0
2026-10-10 22:26,extreme,RE18,1.2,0.3,3.5,6,7.0
2026-10-10 22:26,extreme,RE19,1.1,0.9,2.5,6,6.0
2026-10-10 22:26,extreme,RW05,1.1,0.4,3.7,6,6.0
2026-10-10 22:26,extreme,RW35,0.4,0.0,1.6,6,2.0
2026-10-10 22:26,extreme,RE28,0.3,0.0,1.3,6,1.5
2026-10-10 22:26,extreme,RE29,0.3,0.0,1.3,6,1.5
2026-10-10 22:26,extreme,RE30,0.3,0.0,1.3,6,1.5
2026-10-10 22:26,extreme,RE34,108.0,21.4,93.4,,120.0
2026-10-10 22:26,extreme,RE44,54.0,51.0,51.0,,60.0
2026-10-10 22:26,extreme,RE37,1.4,0.1,2.0,,8.0
2026-10-10 22:26,extreme,RW12,0.7,0.0,1.2,,4.0
2026-10-10 22:26,extreme,RE27,0.4,0.0,0.6,,2.0
2026-10-10 22:26,extreme,RW03,0.4,0.0,0.8,,2.0
2026-10-10 22:26,extreme,RW34,0.4,0.0,0.8,,2.0
2026-10-10 22:26,extreme,RW09,0.2,0.8,0.8,,1.0
2026-10-10 22:26,extreme,RW36,0.2,0.0,0.8,,1.0
2026-10-10 23:26,forecast,WL.BSU.01,6.0,25.5,25.5,0,51.0
2026-10-10 23:26,forecast,WL.KTY.01,5.3,25.5,25.5,0,30.0
2026-10-10 23:26,forecast,TN.PRM,5.3,22.1,25.5,0,30.0
2026-10-10 23:26,forecast,WL.KMN.01,5.1,13.0,13.0,0,24.0
2026-10-10 23:26,forecast,WL.BOA.01,0.6,2.4,7.5,0,18.0
2026-10-10 23:26,forecast,WL.SBT.01,1.1,5.1,5.1,0,6.0
2026-10-10 23:26,forecast,WL.RHN.01,2.7,4.1,4.1,0,6.0
2026-10-10 23:26,forecast,RW21,0.4,1.7,1.7,0,2.0
2026-10-10 23:26,forecast,WL.LPN.01,3.6,0.0,7.6,1,9.0
2026-10-10 23:26,forecast,WL.PSC.01,2.7,0.0,12.8,2,15.0
2026-10-10 23:26,forecast,RE07,0.7,0.0,3.4,3,4.0
2026-10-10 23:26,forecast,RW29,0.7,0.0,3.4,3,4.0
2026-10-10 23:26,forecast,WL.CPA.01,8.0,0.0,16.4,5,45.0
2026-10-10 23:26,forecast,WL.RMT.01,7.2,0.0,18.2,5,30.0
2026-10-10 23:26,forecast,WL.BNA.01,5.6,0.0,11.6,5,21.0
2026-10-10 23:26,forecast,RW28,2.7,0.0,6.0,5,15.0
2026-10-10 23:26,forecast,WL.STR.01,2.1,0.0,5.2,5,12.0
2026-10-10 23:26,forecast,WL.JRN.01,1.5,0.0,3.4,5,9.0
2026-10-10 23:26,forecast,RE01,1.6,0.0,7.6,5,9.0
2026-10-10 23:26,forecast,RW17,1.6,0.0,2.7,5,9.0
2026-10-10 23:26,forecast,RW19,1.1,0.0,3.2,5,6.0
2026-10-10 23:26,forecast,RE21,0.3,0.0,1.6,5,1.85
2026-10-10 23:26,forecast,WL.KKS.04,4.4,0.0,12.2,6,25.0
2026-10-10 23:26,forecast,WL.WSI.01,3.2,0.0,5.4,6,18.0
2026-10-10 23:26,forecast,RW15,0.7,0.0,1.7,6,4.0
2026-10-10 23:26,forecast,RE34,108.0,5.3,41.6,,120.0
2026-10-10 23:26,forecast,RE44,54.0,51.0,51.0,,60.0
2026-10-10 23:26,forecast,TN.NBN,10.7,0.0,11.6,,60.0
2026-10-10 23:26,forecast,WL.BKY.01,8.2,0.0,7.4,,54.0
2026-10-10 23:26,forecast,WL.SSN.01,4.8,0.0,8.5,,45.0
2026-10-10 23:26,forecast,WL.DKN.01,5.5,0.0,9.8,,45.0
2026-10-10 23:26,forecast,WL.SNC.01,13.4,0.0,14.5,,45.0
2026-10-10 23:26,forecast,RE32,8.0,0.0,6.2,,45.0
2026-10-10 23:26,forecast,WL.BKA.01,6.0,0.0,8.8,,30.0
2026-10-10 23:26,forecast,WL.CNS.01,5.3,0.0,2.2,,30.0
2026-10-10 23:26,forecast,WL.KKS.01,2.7,0.0,0.9,,15.0
2026-10-10 23:26,forecast,RW08,2.7,0.0,1.2,,15.0
2026-10-10 23:26,forecast,WL.SRE.01,0.4,0.0,0.8,,12.0
2026-10-10 23:26,forecast,WL.BSK.01,0.7,0.0,1.7,,9.0
2026-10-10 23:26,forecast,RW04,1.6,0.0,1.0,,9.0
2026-10-10 23:26,forecast,RE37,1.4,0.0,0.7,,8.0
2026-10-10 23:26,forecast,RE18,1.2,0.0,1.2,,7.0
2026-10-10 23:26,forecast,RE19,1.1,0.0,0.8,,6.0
2026-10-10 23:26,forecast,RW05,1.1,0.0,1.2,,6.0
2026-10-10 23:26,forecast,RW18,0.7,0.0,0.9,,4.0
2026-10-10 23:26,forecast,RW09,0.2,0.0,0.8,,1.0
2026-10-10 23:26,extreme,TN.NBN,10.7,20.1,24.1,0,60.0
2026-10-10 23:26,extreme,WL.BKY.01,8.2,33.5,33.5,0,54.0
2026-10-10 23:26,extreme,WL.BSU.01,6.0,25.5,25.5,0,51.0
2026-10-10 23:26,extreme,WL.SSN.01,4.8,22.5,22.5,0,45.0
2026-10-10 23:26,extreme,WL.CPA.01,8.0,38.2,38.2,0,45.0
2026-10-10 23:26,extreme,WL.DKN.01,5.5,22.5,22.5,0,45.0
2026-10-10 23:26,extreme,WL.SNC.01,13.4,31.5,31.5,0,45.0
2026-10-10 23:26,extreme,WL.KTY.01,5.3,25.5,25.5,0,30.0
2026-10-10 23:26,extreme,WL.RMT.01,7.2,19.2,19.2,0,30.0
2026-10-10 23:26,extreme,TN.PRM,5.3,25.5,25.5,0,30.0
2026-10-10 23:26,extreme,WL.KMN.01,5.1,13.0,13.0,0,24.0
2026-10-10 23:26,extreme,WL.BNA.01,5.6,11.6,11.6,0,21.0
2026-10-10 23:26,extreme,WL.BOA.01,0.6,4.2,14.1,0,18.0
2026-10-10 23:26,extreme,WL.PSC.01,2.7,12.8,12.8,0,15.0
2026-10-10 23:26,extreme,RW08,2.7,12.8,12.8,0,15.0
2026-10-10 23:26,extreme,RW28,2.7,12.8,12.8,0,15.0
2026-10-10 23:26,extreme,WL.SRE.01,0.4,6.0,6.0,0,12.0
2026-10-10 23:26,extreme,WL.JRN.01,1.5,7.6,7.6,0,9.0
2026-10-10 23:26,extreme,WL.LPN.01,3.6,7.6,7.6,0,9.0
2026-10-10 23:26,extreme,WL.BSK.01,0.7,4.5,4.5,0,9.0
2026-10-10 23:26,extreme,RE01,1.6,7.6,7.6,0,9.0
2026-10-10 23:26,extreme,WL.SBT.01,1.1,5.1,5.1,0,6.0
2026-10-10 23:26,extreme,WL.RHN.01,2.7,4.1,4.1,0,6.0
2026-10-10 23:26,extreme,RW19,1.1,5.1,5.1,0,6.0
2026-10-10 23:26,extreme,RE07,0.7,3.4,3.4,0,4.0
2026-10-10 23:26,extreme,RW15,0.7,3.4,3.4,0,4.0
2026-10-10 23:26,extreme,RW29,0.7,3.4,3.4,0,4.0
2026-10-10 23:26,extreme,RW21,0.4,1.7,1.7,0,2.0
2026-10-10 23:26,extreme,RE21,0.3,1.6,1.6,0,1.85
2026-10-10 23:26,extreme,WL.BKA.01,6.0,3.3,10.3,1,30.0
2026-10-10 23:26,extreme,WL.WSI.01,3.2,1.2,14.3,1,18.0
2026-10-10 23:26,extreme,WL.STR.01,2.1,0.0,10.2,1,12.0
2026-10-10 23:26,extreme,RW17,1.6,0.0,7.5,1,9.0
2026-10-10 23:26,extreme,WL.KKS.04,4.4,0.0,21.2,2,25.0
2026-10-10 23:26,extreme,WL.KKS.01,2.7,0.0,12.8,3,15.0
2026-10-10 23:26,extreme,RE26,0.3,0.0,1.3,4,1.5
2026-10-10 23:26,extreme,RE32,8.0,10.0,14.3,5,45.0
2026-10-10 23:26,extreme,WL.CNS.01,5.3,0.0,10.4,5,30.0
2026-10-10 23:26,extreme,RW04,1.6,0.0,2.7,5,9.0
2026-10-10 23:26,extreme,RE18,1.2,0.0,3.4,5,7.0
2026-10-10 23:26,extreme,RE19,1.1,0.4,2.3,5,6.0
2026-10-10 23:26,extreme,RW05,1.1,0.0,3.4,5,6.0
2026-10-10 23:26,extreme,RW18,0.7,0.0,2.6,5,4.0
2026-10-10 23:26,extreme,RE28,0.3,0.0,1.3,5,1.5
2026-10-10 23:26,extreme,RE29,0.3,0.0,1.3,5,1.5
2026-10-10 23:26,extreme,RE30,0.3,0.0,1.3,5,1.5
2026-10-10 23:26,extreme,RW35,0.4,0.0,1.4,6,2.0
2026-10-10 23:26,extreme,RE34,108.0,12.4,91.6,,120.0
2026-10-10 23:26,extreme,RE44,54.0,51.0,51.0,,60.0
2026-10-10 23:26,extreme,RE37,1.4,0.0,1.9,,8.0
2026-10-10 23:26,extreme,RW12,0.7,0.0,1.1,,4.0
2026-10-10 23:26,extreme,RW03,0.4,0.0,0.8,,2.0
2026-10-10 23:26,extreme,RW09,0.2,0.8,0.8,,1.0
2026-10-10 23:26,extreme,RW36,0.2,0.0,0.8,,1.0
